[
    {
        "equity_ticker": "AKAM",
        "geography": "US",
        "content_name": "Morgan Stanley Technology, Media & Telecom Conference - March 6, 2025",
        "file_type": "pdf",
        "content_type": "sellside_conference_transcript",
        "published_date": "2025-03-06",
        "fiscal_date": "2025-03-06",
        "fiscal_year": null,
        "fiscal_quarter": null,
        "r2_url": "https://pub-2c783279b61043e19fbdadd1bee5153a.r2.dev/AKAM/2025-03-06/Akamai%20Technologies%2C%20Inc._2025-03-06_transcript/Akamai%20Technologies%2C%20Inc._2025-03-06_transcript.pdf/Akamai%20Technologies%2C%20Inc._2025-03-06_transcript.pdf",
        "periodicity": "non_periodic"
    },
    {
        "equity_ticker": "AKAM",
        "geography": "US",
        "content_name": "AKAM Q4 2024 Transcript",
        "file_type": "pdf",
        "content_type": "earnings_transcript",
        "published_date": "2025-02-20",
        "fiscal_date": "2025-02-20",
        "fiscal_year": 2024,
        "fiscal_quarter": 4,
        "r2_url": "https://pub-2c783279b61043e19fbdadd1bee5153a.r2.dev/AKAM/2025-02-20/Akamai%20Technologies%2C%20Inc._2025-02-20_transcript/Akamai%20Technologies%2C%20Inc._2025-02-20_transcript.pdf/Akamai%20Technologies%2C%20Inc._2025-02-20_transcript.pdf",
        "periodicity": "periodic"
    },
    {
        "equity_ticker": "AKAM",
        "geography": "US",
        "content_name": "AKAM Q4 2024 Press Release",
        "file_type": "pdf",
        "content_type": "earnings_press_release",
        "published_date": "2025-02-20",
        "fiscal_date": "2025-02-20",
        "fiscal_year": 2024,
        "fiscal_quarter": 4,
        "r2_url": "https://pub-2c783279b61043e19fbdadd1bee5153a.r2.dev/AKAM/2025-02-20/b9358-2025-02-20-09-54-06/b9358-2025-02-20-09-54-06.pdf/b9358-2025-02-20-09-54-06.pdf",
        "periodicity": "periodic"
    },
    {
        "equity_ticker": "AKAM",
        "geography": "US",
        "content_name": "AKAM Q4 2024 Presentation",
        "file_type": "pdf",
        "content_type": "earnings_presentation",
        "published_date": "2025-02-20",
        "fiscal_date": "2025-02-20",
        "fiscal_year": 2024,
        "fiscal_quarter": 4,
        "r2_url": "https://pub-2c783279b61043e19fbdadd1bee5153a.r2.dev/AKAM/2025-02-20/47beb-2025-02-20-10-30-49/47beb-2025-02-20-10-30-49.pdf/47beb-2025-02-20-10-30-49.pdf",
        "periodicity": "periodic"
    },
    {
        "equity_ticker": "AKAM",
        "geography": "US",
        "content_name": "AKAM Q3 2024 Transcript",
        "file_type": "pdf",
        "content_type": "earnings_transcript",
        "published_date": "2024-11-07",
        "fiscal_date": "2024-11-07",
        "fiscal_year": 2024,
        "fiscal_quarter": 3,
        "r2_url": "https://pub-2c783279b61043e19fbdadd1bee5153a.r2.dev/AKAM/2024-11-07/Akamai%20Technologies%2C%20Inc._2024-11-07_transcript/Akamai%20Technologies%2C%20Inc._2024-11-07_transcript.pdf/Akamai%20Technologies%2C%20Inc._2024-11-07_transcript.pdf",
        "periodicity": "periodic"
    },
    {
        "equity_ticker": "AKAM",
        "geography": "US",
        "content_name": "AKAM Q3 2024 Press Release",
        "file_type": "pdf",
        "content_type": "earnings_press_release",
        "published_date": "2024-11-07",
        "fiscal_date": "2024-11-07",
        "fiscal_year": 2024,
        "fiscal_quarter": 3,
        "r2_url": "https://pub-2c783279b61043e19fbdadd1bee5153a.r2.dev/AKAM/2024-11-07/17888-2024-11-07-09-26-06/17888-2024-11-07-09-26-06.pdf/17888-2024-11-07-09-26-06.pdf",
        "periodicity": "periodic"
    },
    {
        "equity_ticker": "AKAM",
        "geography": "US",
        "content_name": "Citi's 2024 Global TMT Conference - September 5, 2024",
        "file_type": "pdf",
        "content_type": "sellside_conference_transcript",
        "published_date": "2024-09-05",
        "fiscal_date": "2024-09-05",
        "fiscal_year": null,
        "fiscal_quarter": null,
        "r2_url": "https://pub-2c783279b61043e19fbdadd1bee5153a.r2.dev/AKAM/2024-09-05/Akamai%20Technologies%2C%20Inc._2024-09-05_transcript/Akamai%20Technologies%2C%20Inc._2024-09-05_transcript.pdf/Akamai%20Technologies%2C%20Inc._2024-09-05_transcript.pdf",
        "periodicity": "non_periodic"
    },
    {
        "equity_ticker": "AKAM",
        "geography": "US",
        "content_name": "Oppenheimer 27th Annual Technology, Internet & Communications Conference-Virtual - August 14, 2024",
        "file_type": "pdf",
        "content_type": "sellside_conference_transcript",
        "published_date": "2024-08-14",
        "fiscal_date": "2024-08-14",
        "fiscal_year": null,
        "fiscal_quarter": null,
        "r2_url": "https://pub-2c783279b61043e19fbdadd1bee5153a.r2.dev/AKAM/2024-08-14/Akamai%20Technologies%2C%20Inc._2024-08-14_transcript/Akamai%20Technologies%2C%20Inc._2024-08-14_transcript.pdf/Akamai%20Technologies%2C%20Inc._2024-08-14_transcript.pdf",
        "periodicity": "non_periodic"
    },
    {
        "equity_ticker": "AKAM",
        "geography": "US",
        "content_name": "AKAM Q2 2024 Transcript",
        "file_type": "pdf",
        "content_type": "earnings_transcript",
        "published_date": "2024-08-08",
        "fiscal_date": "2024-08-08",
        "fiscal_year": 2024,
        "fiscal_quarter": 2,
        "r2_url": "https://pub-2c783279b61043e19fbdadd1bee5153a.r2.dev/AKAM/2024-08-08/Akamai%20Technologies%2C%20Inc._2024-08-08_transcript/Akamai%20Technologies%2C%20Inc._2024-08-08_transcript.pdf/Akamai%20Technologies%2C%20Inc._2024-08-08_transcript.pdf",
        "periodicity": "periodic"
    },
    {
        "equity_ticker": "AKAM",
        "geography": "US",
        "content_name": "AKAM Q2 2024 Press Release",
        "file_type": "pdf",
        "content_type": "earnings_press_release",
        "published_date": "2024-08-08",
        "fiscal_date": "2024-08-08",
        "fiscal_year": 2024,
        "fiscal_quarter": 2,
        "r2_url": "https://pub-2c783279b61043e19fbdadd1bee5153a.r2.dev/AKAM/2024-08-08/a3c94-2024-08-08-08-20-04/a3c94-2024-08-08-08-20-04.pdf/a3c94-2024-08-08-08-20-04.pdf",
        "periodicity": "periodic"
    },
    {
        "equity_ticker": "AKAM",
        "geography": "US",
        "content_name": "BofA Securities 2024 Global Technology Conference - June 6, 2024",
        "file_type": "pdf",
        "content_type": "sellside_conference_transcript",
        "published_date": "2024-06-06",
        "fiscal_date": "2024-06-06",
        "fiscal_year": null,
        "fiscal_quarter": null,
        "r2_url": "https://pub-2c783279b61043e19fbdadd1bee5153a.r2.dev/AKAM/2024-06-06/Akamai%20Technologies%2C%20Inc._2024-06-06_transcript/Akamai%20Technologies%2C%20Inc._2024-06-06_transcript.pdf/Akamai%20Technologies%2C%20Inc._2024-06-06_transcript.pdf",
        "periodicity": "non_periodic"
    },
    {
        "equity_ticker": "AKAM",
        "geography": "US",
        "content_name": "J.P. Morgan 52nd Annual Global Technology, Media and Communications Conference - May 21, 2024",
        "file_type": "pdf",
        "content_type": "sellside_conference_transcript",
        "published_date": "2024-05-21",
        "fiscal_date": "2024-05-21",
        "fiscal_year": null,
        "fiscal_quarter": null,
        "r2_url": "https://pub-2c783279b61043e19fbdadd1bee5153a.r2.dev/AKAM/2024-05-21/Akamai%20Technologies%2C%20Inc._2024-05-21_transcript/Akamai%20Technologies%2C%20Inc._2024-05-21_transcript.pdf/Akamai%20Technologies%2C%20Inc._2024-05-21_transcript.pdf",
        "periodicity": "non_periodic"
    },
    {
        "equity_ticker": "AKAM",
        "geography": "US",
        "content_name": "AKAM Q1 2024 Transcript",
        "file_type": "pdf",
        "content_type": "earnings_transcript",
        "published_date": "2024-05-09",
        "fiscal_date": "2024-05-09",
        "fiscal_year": 2024,
        "fiscal_quarter": 1,
        "r2_url": "https://pub-2c783279b61043e19fbdadd1bee5153a.r2.dev/AKAM/2024-05-09/Akamai%20Technologies%2C%20Inc._2024-05-09_transcript/Akamai%20Technologies%2C%20Inc._2024-05-09_transcript.pdf/Akamai%20Technologies%2C%20Inc._2024-05-09_transcript.pdf",
        "periodicity": "periodic"
    },
    {
        "equity_ticker": "AKAM",
        "geography": "US",
        "content_name": "AKAM Q1 2024 Press Release",
        "file_type": "pdf",
        "content_type": "earnings_press_release",
        "published_date": "2024-05-09",
        "fiscal_date": "2024-05-09",
        "fiscal_year": 2024,
        "fiscal_quarter": 1,
        "r2_url": "https://pub-2c783279b61043e19fbdadd1bee5153a.r2.dev/AKAM/2024-05-09/fc35f-2024-05-09-08-47-06/fc35f-2024-05-09-08-47-06.pdf/fc35f-2024-05-09-08-47-06.pdf",
        "periodicity": "periodic"
    },
    {
        "equity_ticker": "AKAM",
        "geography": "US",
        "content_name": "45th Annual Raymond James Institutional Investors Conference 2024 - March 6, 2024",
        "file_type": "pdf",
        "content_type": "sellside_conference_transcript",
        "published_date": "2024-03-06",
        "fiscal_date": "2024-03-06",
        "fiscal_year": null,
        "fiscal_quarter": null,
        "r2_url": "https://pub-2c783279b61043e19fbdadd1bee5153a.r2.dev/AKAM/2024-03-06/Akamai%20Technologies%2C%20Inc._2024-03-06_transcript/Akamai%20Technologies%2C%20Inc._2024-03-06_transcript.pdf/Akamai%20Technologies%2C%20Inc._2024-03-06_transcript.pdf",
        "periodicity": "non_periodic"
    },
    {
        "equity_ticker": "AKAM",
        "geography": "US",
        "content_name": "Morgan Stanley\u2019s Technology, Media & Telecom Conference 2024 - March 5, 2024",
        "file_type": "pdf",
        "content_type": "sellside_conference_transcript",
        "published_date": "2024-03-05",
        "fiscal_date": "2024-03-05",
        "fiscal_year": null,
        "fiscal_quarter": null,
        "r2_url": "https://pub-2c783279b61043e19fbdadd1bee5153a.r2.dev/AKAM/2024-03-05/Akamai%20Technologies%2C%20Inc._2024-03-05_transcript/Akamai%20Technologies%2C%20Inc._2024-03-05_transcript.pdf/Akamai%20Technologies%2C%20Inc._2024-03-05_transcript.pdf",
        "periodicity": "non_periodic"
    },
    {
        "equity_ticker": "AKAM",
        "geography": "US",
        "content_name": "AKAM Q4 2023 Transcript",
        "file_type": "pdf",
        "content_type": "earnings_transcript",
        "published_date": "2024-02-13",
        "fiscal_date": "2024-02-13",
        "fiscal_year": 2023,
        "fiscal_quarter": 4,
        "r2_url": "https://pub-2c783279b61043e19fbdadd1bee5153a.r2.dev/AKAM/2024-02-13/Akamai%20Technologies%2C%20Inc._2024-02-13_transcript/Akamai%20Technologies%2C%20Inc._2024-02-13_transcript.pdf/Akamai%20Technologies%2C%20Inc._2024-02-13_transcript.pdf",
        "periodicity": "periodic"
    },
    {
        "equity_ticker": "AKAM",
        "geography": "US",
        "content_name": "AKAM Q4 2023 Press Release",
        "file_type": "pdf",
        "content_type": "earnings_press_release",
        "published_date": "2024-02-13",
        "fiscal_date": "2024-02-13",
        "fiscal_year": 2023,
        "fiscal_quarter": 4,
        "r2_url": "https://pub-2c783279b61043e19fbdadd1bee5153a.r2.dev/AKAM/2024-02-13/89809-2024-02-13-09-29-05/89809-2024-02-13-09-29-05.pdf/89809-2024-02-13-09-29-05.pdf",
        "periodicity": "periodic"
    },
    {
        "equity_ticker": "AKAM",
        "geography": "US",
        "content_name": "Raymond James TMT and Consumer Conference - December 5, 2023",
        "file_type": "pdf",
        "content_type": "sellside_conference_transcript",
        "published_date": "2023-12-05",
        "fiscal_date": "2023-12-05",
        "fiscal_year": null,
        "fiscal_quarter": null,
        "r2_url": "https://pub-2c783279b61043e19fbdadd1bee5153a.r2.dev/AKAM/2023-12-05/Akamai%20Technologies%2C%20Inc._2023-12-05_transcript/Akamai%20Technologies%2C%20Inc._2023-12-05_transcript.pdf/Akamai%20Technologies%2C%20Inc._2023-12-05_transcript.pdf",
        "periodicity": "non_periodic"
    },
    {
        "equity_ticker": "AKAM",
        "geography": "US",
        "content_name": "2023 UBS Global Technology Conference - November 28, 2023",
        "file_type": "pdf",
        "content_type": "sellside_conference_transcript",
        "published_date": "2023-11-28",
        "fiscal_date": "2023-11-28",
        "fiscal_year": null,
        "fiscal_quarter": null,
        "r2_url": "https://pub-2c783279b61043e19fbdadd1bee5153a.r2.dev/AKAM/2023-11-28/Akamai%20Technologies%2C%20Inc._2023-11-28_transcript/Akamai%20Technologies%2C%20Inc._2023-11-28_transcript.pdf/Akamai%20Technologies%2C%20Inc._2023-11-28_transcript.pdf",
        "periodicity": "non_periodic"
    },
    {
        "equity_ticker": "AKAM",
        "geography": "US",
        "content_name": "AKAM Q3 2023 Transcript",
        "file_type": "pdf",
        "content_type": "earnings_transcript",
        "published_date": "2023-11-07",
        "fiscal_date": "2023-11-07",
        "fiscal_year": 2023,
        "fiscal_quarter": 3,
        "r2_url": "https://pub-2c783279b61043e19fbdadd1bee5153a.r2.dev/AKAM/2023-11-07/Akamai%20Technologies%2C%20Inc._2023-11-07_transcript/Akamai%20Technologies%2C%20Inc._2023-11-07_transcript.pdf/Akamai%20Technologies%2C%20Inc._2023-11-07_transcript.pdf",
        "periodicity": "periodic"
    },
    {
        "equity_ticker": "AKAM",
        "geography": "US",
        "content_name": "AKAM Q3 2023 Press Release",
        "file_type": "pdf",
        "content_type": "earnings_press_release",
        "published_date": "2023-11-07",
        "fiscal_date": "2023-11-07",
        "fiscal_year": 2023,
        "fiscal_quarter": 3,
        "r2_url": "https://pub-2c783279b61043e19fbdadd1bee5153a.r2.dev/AKAM/2023-11-07/55b63-2023-11-07-09-44-05/55b63-2023-11-07-09-44-05.pdf/55b63-2023-11-07-09-44-05.pdf",
        "periodicity": "periodic"
    },
    {
        "equity_ticker": "AKAM",
        "geography": "US",
        "content_name": "AKAM Q2 2023 Transcript",
        "file_type": "pdf",
        "content_type": "earnings_transcript",
        "published_date": "2023-08-08",
        "fiscal_date": "2023-08-08",
        "fiscal_year": 2023,
        "fiscal_quarter": 2,
        "r2_url": "https://pub-2c783279b61043e19fbdadd1bee5153a.r2.dev/AKAM/2023-08-08/Akamai%20Technologies%2C%20Inc._2023-08-08_transcript/Akamai%20Technologies%2C%20Inc._2023-08-08_transcript.pdf/Akamai%20Technologies%2C%20Inc._2023-08-08_transcript.pdf",
        "periodicity": "periodic"
    },
    {
        "equity_ticker": "AKAM",
        "geography": "US",
        "content_name": "AKAM Q2 2023 Press Release",
        "file_type": "pdf",
        "content_type": "earnings_press_release",
        "published_date": "2023-08-08",
        "fiscal_date": "2023-08-08",
        "fiscal_year": 2023,
        "fiscal_quarter": 2,
        "r2_url": "https://pub-2c783279b61043e19fbdadd1bee5153a.r2.dev/AKAM/2023-08-08/eb143-2023-08-08-08-43-06/eb143-2023-08-08-08-43-06.pdf/eb143-2023-08-08-08-43-06.pdf",
        "periodicity": "periodic"
    },
    {
        "equity_ticker": "AKAM",
        "geography": "US",
        "content_name": "Bank of America 2023 Global Technology Conference - June 7, 2023",
        "file_type": "pdf",
        "content_type": "sellside_conference_transcript",
        "published_date": "2023-06-07",
        "fiscal_date": "2023-06-07",
        "fiscal_year": null,
        "fiscal_quarter": null,
        "r2_url": "https://pub-2c783279b61043e19fbdadd1bee5153a.r2.dev/AKAM/2023-06-07/Akamai%20Technologies%2C%20Inc._2023-06-07_transcript/Akamai%20Technologies%2C%20Inc._2023-06-07_transcript.pdf/Akamai%20Technologies%2C%20Inc._2023-06-07_transcript.pdf",
        "periodicity": "non_periodic"
    },
    {
        "equity_ticker": "AKAM",
        "geography": "US",
        "content_name": "51st Annual J.P. Morgan\u2019s Global Technology, Media and Communications Conference 2023 - May 24, 2023",
        "file_type": "pdf",
        "content_type": "sellside_conference_transcript",
        "published_date": "2023-05-24",
        "fiscal_date": "2023-05-24",
        "fiscal_year": null,
        "fiscal_quarter": null,
        "r2_url": "https://pub-2c783279b61043e19fbdadd1bee5153a.r2.dev/AKAM/2023-05-24/Akamai%20Technologies%2C%20Inc._2023-05-24_transcript/Akamai%20Technologies%2C%20Inc._2023-05-24_transcript.pdf/Akamai%20Technologies%2C%20Inc._2023-05-24_transcript.pdf",
        "periodicity": "non_periodic"
    },
    {
        "equity_ticker": "AKAM",
        "geography": "US",
        "content_name": "AKAM Q1 2023 Transcript",
        "file_type": "pdf",
        "content_type": "earnings_transcript",
        "published_date": "2023-05-09",
        "fiscal_date": "2023-05-09",
        "fiscal_year": 2023,
        "fiscal_quarter": 1,
        "r2_url": "https://pub-2c783279b61043e19fbdadd1bee5153a.r2.dev/AKAM/2023-05-09/Akamai%20Technologies%2C%20Inc._2023-05-09_transcript/Akamai%20Technologies%2C%20Inc._2023-05-09_transcript.pdf/Akamai%20Technologies%2C%20Inc._2023-05-09_transcript.pdf",
        "periodicity": "periodic"
    },
    {
        "equity_ticker": "AKAM",
        "geography": "US",
        "content_name": "AKAM Q1 2023 Press Release",
        "file_type": "pdf",
        "content_type": "earnings_press_release",
        "published_date": "2023-05-09",
        "fiscal_date": "2023-05-09",
        "fiscal_year": 2023,
        "fiscal_quarter": 1,
        "r2_url": "https://pub-2c783279b61043e19fbdadd1bee5153a.r2.dev/AKAM/2023-05-09/302aa-2023-05-09-08-42-21/302aa-2023-05-09-08-42-21.pdf/302aa-2023-05-09-08-42-21.pdf",
        "periodicity": "periodic"
    },
    {
        "equity_ticker": "AKAM",
        "geography": "US",
        "content_name": "Morgan Stanley Technology, Media & Telecom Conference - March 6, 2023",
        "file_type": "pdf",
        "content_type": "sellside_conference_transcript",
        "published_date": "2023-03-06",
        "fiscal_date": "2023-03-06",
        "fiscal_year": null,
        "fiscal_quarter": null,
        "r2_url": "https://pub-2c783279b61043e19fbdadd1bee5153a.r2.dev/AKAM/2023-03-06/Akamai%20Technologies%2C%20Inc._2023-03-06_transcript/Akamai%20Technologies%2C%20Inc._2023-03-06_transcript.pdf/Akamai%20Technologies%2C%20Inc._2023-03-06_transcript.pdf",
        "periodicity": "non_periodic"
    },
    {
        "equity_ticker": "AKAM",
        "geography": "US",
        "content_name": "AKAM Q4 2022 Transcript",
        "file_type": "pdf",
        "content_type": "earnings_transcript",
        "published_date": "2023-02-14",
        "fiscal_date": "2023-02-14",
        "fiscal_year": 2022,
        "fiscal_quarter": 4,
        "r2_url": "https://pub-2c783279b61043e19fbdadd1bee5153a.r2.dev/AKAM/2023-02-14/Akamai%20Technologies%2C%20Inc._2023-02-14_transcript/Akamai%20Technologies%2C%20Inc._2023-02-14_transcript.pdf/Akamai%20Technologies%2C%20Inc._2023-02-14_transcript.pdf",
        "periodicity": "periodic"
    },
    {
        "equity_ticker": "AKAM",
        "geography": "US",
        "content_name": "AKAM Q4 2022 Press Release",
        "file_type": "pdf",
        "content_type": "earnings_press_release",
        "published_date": "2023-02-14",
        "fiscal_date": "2023-02-14",
        "fiscal_year": 2022,
        "fiscal_quarter": 4,
        "r2_url": "https://pub-2c783279b61043e19fbdadd1bee5153a.r2.dev/AKAM/2023-02-14/733ef-2023-02-14-09-52-14/733ef-2023-02-14-09-52-14.pdf/733ef-2023-02-14-09-52-14.pdf",
        "periodicity": "periodic"
    },
    {
        "equity_ticker": "AKAM",
        "geography": "US",
        "content_name": "AKAM Q3 2022 Transcript",
        "file_type": "pdf",
        "content_type": "earnings_transcript",
        "published_date": "2022-11-08",
        "fiscal_date": "2022-11-08",
        "fiscal_year": 2022,
        "fiscal_quarter": 3,
        "r2_url": "https://pub-2c783279b61043e19fbdadd1bee5153a.r2.dev/AKAM/2022-11-08/Akamai%20Technologies%2C%20Inc._2022-11-08_transcript/Akamai%20Technologies%2C%20Inc._2022-11-08_transcript.pdf/Akamai%20Technologies%2C%20Inc._2022-11-08_transcript.pdf",
        "periodicity": "periodic"
    },
    {
        "equity_ticker": "AKAM",
        "geography": "US",
        "content_name": "AKAM Q3 2022 Press Release",
        "file_type": "pdf",
        "content_type": "earnings_press_release",
        "published_date": "2022-11-08",
        "fiscal_date": "2022-11-08",
        "fiscal_year": 2022,
        "fiscal_quarter": 3,
        "r2_url": "https://pub-2c783279b61043e19fbdadd1bee5153a.r2.dev/AKAM/2022-11-08/29e16-2022-11-08-09-09-17/29e16-2022-11-08-09-09-17.pdf/29e16-2022-11-08-09-09-17.pdf",
        "periodicity": "periodic"
    },
    {
        "equity_ticker": "AKAM",
        "geography": "US",
        "content_name": "AKAM Q2 2022 Transcript",
        "file_type": "pdf",
        "content_type": "earnings_transcript",
        "published_date": "2022-08-09",
        "fiscal_date": "2022-08-09",
        "fiscal_year": 2022,
        "fiscal_quarter": 2,
        "r2_url": "https://pub-2c783279b61043e19fbdadd1bee5153a.r2.dev/AKAM/2022-08-09/Akamai%20Technologies%2C%20Inc._2022-08-09_transcript/Akamai%20Technologies%2C%20Inc._2022-08-09_transcript.pdf/Akamai%20Technologies%2C%20Inc._2022-08-09_transcript.pdf",
        "periodicity": "periodic"
    },
    {
        "equity_ticker": "AKAM",
        "geography": "US",
        "content_name": "AKAM Q2 2022 Press Release",
        "file_type": "pdf",
        "content_type": "quarterly_report",
        "published_date": "2022-08-09",
        "fiscal_date": "2022-08-09",
        "fiscal_year": 2022,
        "fiscal_quarter": 2,
        "r2_url": "https://pub-2c783279b61043e19fbdadd1bee5153a.r2.dev/AKAM/2022-08-09/3a27a-2024-08-28-08-43-55/3a27a-2024-08-28-08-43-55.pdf/3a27a-2024-08-28-08-43-55.pdf",
        "periodicity": "periodic"
    },
    {
        "equity_ticker": "AKAM",
        "geography": "US",
        "content_name": "AKAM Q1 2022 Transcript",
        "file_type": "pdf",
        "content_type": "earnings_transcript",
        "published_date": "2022-05-03",
        "fiscal_date": "2022-05-03",
        "fiscal_year": 2022,
        "fiscal_quarter": 1,
        "r2_url": "https://pub-2c783279b61043e19fbdadd1bee5153a.r2.dev/AKAM/2022-05-03/Akamai%20Technologies%2C%20Inc._2022-05-03_transcript/Akamai%20Technologies%2C%20Inc._2022-05-03_transcript.pdf/Akamai%20Technologies%2C%20Inc._2022-05-03_transcript.pdf",
        "periodicity": "periodic"
    },
    {
        "equity_ticker": "AKAM",
        "geography": "US",
        "content_name": "AKAM Q1 2022 Press Release",
        "file_type": "pdf",
        "content_type": "earnings_press_release",
        "published_date": "2022-05-03",
        "fiscal_date": "2022-05-03",
        "fiscal_year": 2022,
        "fiscal_quarter": 1,
        "r2_url": "https://pub-2c783279b61043e19fbdadd1bee5153a.r2.dev/AKAM/2022-05-03/a8f9f-2023-01-25-01-31-22/a8f9f-2023-01-25-01-31-22.pdf/a8f9f-2023-01-25-01-31-22.pdf",
        "periodicity": "periodic"
    },
    {
        "equity_ticker": "AKAM",
        "geography": "US",
        "content_name": "AKAM Q4 2021 Transcript",
        "file_type": "pdf",
        "content_type": "earnings_transcript",
        "published_date": "2022-02-15",
        "fiscal_date": "2022-02-15",
        "fiscal_year": 2021,
        "fiscal_quarter": 4,
        "r2_url": "https://pub-2c783279b61043e19fbdadd1bee5153a.r2.dev/AKAM/2022-02-15/Akamai%20Technologies%2C%20Inc._2022-02-15_transcript/Akamai%20Technologies%2C%20Inc._2022-02-15_transcript.pdf/Akamai%20Technologies%2C%20Inc._2022-02-15_transcript.pdf",
        "periodicity": "periodic"
    },
    {
        "equity_ticker": "AKAM",
        "geography": "US",
        "content_name": "AKAM Q4 2021 Press Release",
        "file_type": "pdf",
        "content_type": "earnings_press_release",
        "published_date": "2022-02-15",
        "fiscal_date": "2022-02-15",
        "fiscal_year": 2021,
        "fiscal_quarter": 4,
        "r2_url": "https://pub-2c783279b61043e19fbdadd1bee5153a.r2.dev/AKAM/2022-02-15/b5aba-2023-01-25-12-25-27/b5aba-2023-01-25-12-25-27.pdf/b5aba-2023-01-25-12-25-27.pdf",
        "periodicity": "periodic"
    },
    {
        "equity_ticker": "AKAM",
        "geography": "US",
        "content_name": "AKAM Q3 2021 Transcript",
        "file_type": "pdf",
        "content_type": "earnings_transcript",
        "published_date": "2021-11-02",
        "fiscal_date": "2021-11-02",
        "fiscal_year": 2021,
        "fiscal_quarter": 3,
        "r2_url": "https://pub-2c783279b61043e19fbdadd1bee5153a.r2.dev/AKAM/2021-11-02/Akamai%20Technologies%2C%20Inc._2021-11-02_transcript/Akamai%20Technologies%2C%20Inc._2021-11-02_transcript.pdf/Akamai%20Technologies%2C%20Inc._2021-11-02_transcript.pdf",
        "periodicity": "periodic"
    },
    {
        "equity_ticker": "AKAM",
        "geography": "US",
        "content_name": "AKAM Q3 2021 Press Release",
        "file_type": "pdf",
        "content_type": "earnings_press_release",
        "published_date": "2021-11-02",
        "fiscal_date": "2021-11-02",
        "fiscal_year": 2021,
        "fiscal_quarter": 3,
        "r2_url": "https://pub-2c783279b61043e19fbdadd1bee5153a.r2.dev/AKAM/2021-11-02/9d2b6-2023-01-25-10-40-20/9d2b6-2023-01-25-10-40-20.pdf/9d2b6-2023-01-25-10-40-20.pdf",
        "periodicity": "periodic"
    },
    {
        "equity_ticker": "AKAM",
        "geography": "US",
        "content_name": "AKAM Q2 2021 Transcript",
        "file_type": "pdf",
        "content_type": "earnings_transcript",
        "published_date": "2021-08-03",
        "fiscal_date": "2021-08-03",
        "fiscal_year": 2021,
        "fiscal_quarter": 2,
        "r2_url": "https://pub-2c783279b61043e19fbdadd1bee5153a.r2.dev/AKAM/2021-08-03/Akamai%20Technologies%2C%20Inc._2021-08-03_transcript/Akamai%20Technologies%2C%20Inc._2021-08-03_transcript.pdf/Akamai%20Technologies%2C%20Inc._2021-08-03_transcript.pdf",
        "periodicity": "periodic"
    },
    {
        "equity_ticker": "AKAM",
        "geography": "US",
        "content_name": "AKAM Q2 2021 Press Release",
        "file_type": "pdf",
        "content_type": "quarterly_report",
        "published_date": "2021-08-03",
        "fiscal_date": "2021-08-03",
        "fiscal_year": 2021,
        "fiscal_quarter": 2,
        "r2_url": "https://pub-2c783279b61043e19fbdadd1bee5153a.r2.dev/AKAM/2021-08-03/01483-2024-08-28-08-17-56/01483-2024-08-28-08-17-56.pdf/01483-2024-08-28-08-17-56.pdf",
        "periodicity": "periodic"
    },
    {
        "equity_ticker": "AKAM",
        "geography": "US",
        "content_name": "AKAM Q1 2021 Transcript",
        "file_type": "pdf",
        "content_type": "earnings_transcript",
        "published_date": "2021-05-04",
        "fiscal_date": "2021-05-04",
        "fiscal_year": 2021,
        "fiscal_quarter": 1,
        "r2_url": "https://pub-2c783279b61043e19fbdadd1bee5153a.r2.dev/AKAM/2021-05-04/Akamai%20Technologies%2C%20Inc._2021-05-04_transcript/Akamai%20Technologies%2C%20Inc._2021-05-04_transcript.pdf/Akamai%20Technologies%2C%20Inc._2021-05-04_transcript.pdf",
        "periodicity": "periodic"
    },
    {
        "equity_ticker": "AKAM",
        "geography": "US",
        "content_name": "AKAM Q1 2021 Press Release",
        "file_type": "pdf",
        "content_type": "earnings_press_release",
        "published_date": "2021-05-04",
        "fiscal_date": "2021-05-04",
        "fiscal_year": 2021,
        "fiscal_quarter": 1,
        "r2_url": "https://pub-2c783279b61043e19fbdadd1bee5153a.r2.dev/AKAM/2021-05-04/775d9-2023-01-25-09-06-07/775d9-2023-01-25-09-06-07.pdf/775d9-2023-01-25-09-06-07.pdf",
        "periodicity": "periodic"
    },
    {
        "equity_ticker": "AKAM",
        "geography": "US",
        "content_name": "AKAM Q4 2020 Transcript",
        "file_type": "pdf",
        "content_type": "earnings_transcript",
        "published_date": "2021-02-09",
        "fiscal_date": "2021-02-09",
        "fiscal_year": 2020,
        "fiscal_quarter": 4,
        "r2_url": "https://pub-2c783279b61043e19fbdadd1bee5153a.r2.dev/AKAM/2021-02-09/Akamai%20Technologies%2C%20Inc._2021-02-09_transcript/Akamai%20Technologies%2C%20Inc._2021-02-09_transcript.pdf/Akamai%20Technologies%2C%20Inc._2021-02-09_transcript.pdf",
        "periodicity": "periodic"
    },
    {
        "equity_ticker": "AKAM",
        "geography": "US",
        "content_name": "AKAM Q4 2020 Press Release",
        "file_type": "pdf",
        "content_type": "earnings_press_release",
        "published_date": "2021-02-09",
        "fiscal_date": "2021-02-09",
        "fiscal_year": 2020,
        "fiscal_quarter": 4,
        "r2_url": "https://pub-2c783279b61043e19fbdadd1bee5153a.r2.dev/AKAM/2021-02-09/4dcef-2024-01-16-04-19-41/4dcef-2024-01-16-04-19-41.pdf/4dcef-2024-01-16-04-19-41.pdf",
        "periodicity": "periodic"
    },
    {
        "equity_ticker": "AKAM",
        "geography": "US",
        "content_name": "AKAM Q3 2020 Transcript",
        "file_type": "pdf",
        "content_type": "earnings_transcript",
        "published_date": "2020-10-27",
        "fiscal_date": "2020-10-27",
        "fiscal_year": 2020,
        "fiscal_quarter": 3,
        "r2_url": "https://pub-2c783279b61043e19fbdadd1bee5153a.r2.dev/AKAM/2020-10-27/Akamai%20Technologies%2C%20Inc._2020-10-27_transcript/Akamai%20Technologies%2C%20Inc._2020-10-27_transcript.pdf/Akamai%20Technologies%2C%20Inc._2020-10-27_transcript.pdf",
        "periodicity": "periodic"
    },
    {
        "equity_ticker": "AKAM",
        "geography": "US",
        "content_name": "AKAM Q3 2020 Press Release",
        "file_type": "pdf",
        "content_type": "earnings_press_release",
        "published_date": "2020-10-27",
        "fiscal_date": "2020-10-27",
        "fiscal_year": 2020,
        "fiscal_quarter": 3,
        "r2_url": "https://pub-2c783279b61043e19fbdadd1bee5153a.r2.dev/AKAM/2020-10-27/de456-2024-01-16-04-11-42/de456-2024-01-16-04-11-42.pdf/de456-2024-01-16-04-11-42.pdf",
        "periodicity": "periodic"
    },
    {
        "equity_ticker": "AKAM",
        "geography": "US",
        "content_name": "AKAM Q2 2020 Transcript",
        "file_type": "pdf",
        "content_type": "earnings_transcript",
        "published_date": "2020-07-28",
        "fiscal_date": "2020-07-28",
        "fiscal_year": 2020,
        "fiscal_quarter": 2,
        "r2_url": "https://pub-2c783279b61043e19fbdadd1bee5153a.r2.dev/AKAM/2020-07-28/Akamai%20Technologies%2C%20Inc._2020-07-28_transcript/Akamai%20Technologies%2C%20Inc._2020-07-28_transcript.pdf/Akamai%20Technologies%2C%20Inc._2020-07-28_transcript.pdf",
        "periodicity": "periodic"
    },
    {
        "equity_ticker": "AKAM",
        "geography": "US",
        "content_name": "AKAM Q2 2020 Press Release",
        "file_type": "pdf",
        "content_type": "earnings_press_release",
        "published_date": "2020-07-28",
        "fiscal_date": "2020-07-28",
        "fiscal_year": 2020,
        "fiscal_quarter": 2,
        "r2_url": "https://pub-2c783279b61043e19fbdadd1bee5153a.r2.dev/AKAM/2020-07-28/5937e-2024-01-16-04-25-45/5937e-2024-01-16-04-25-45.pdf/5937e-2024-01-16-04-25-45.pdf",
        "periodicity": "periodic"
    },
    {
        "equity_ticker": "AKAM",
        "geography": "US",
        "content_name": "AKAM Q1 2020 Transcript",
        "file_type": "pdf",
        "content_type": "earnings_transcript",
        "published_date": "2020-04-28",
        "fiscal_date": "2020-04-28",
        "fiscal_year": 2020,
        "fiscal_quarter": 1,
        "r2_url": "https://pub-2c783279b61043e19fbdadd1bee5153a.r2.dev/AKAM/2020-04-28/Akamai%20Technologies%2C%20Inc._2020-04-28_transcript/Akamai%20Technologies%2C%20Inc._2020-04-28_transcript.pdf/Akamai%20Technologies%2C%20Inc._2020-04-28_transcript.pdf",
        "periodicity": "periodic"
    },
    {
        "equity_ticker": "AKAM",
        "geography": "US",
        "content_name": "AKAM Q1 2020 Press Release",
        "file_type": "pdf",
        "content_type": "earnings_press_release",
        "published_date": "2020-04-28",
        "fiscal_date": "2020-04-28",
        "fiscal_year": 2020,
        "fiscal_quarter": 1,
        "r2_url": "https://pub-2c783279b61043e19fbdadd1bee5153a.r2.dev/AKAM/2020-04-28/cc2de-2024-01-16-04-43-46/cc2de-2024-01-16-04-43-46.pdf/cc2de-2024-01-16-04-43-46.pdf",
        "periodicity": "periodic"
    },
    {
        "equity_ticker": "AKAM",
        "geography": "US",
        "content_name": "AKAM Q4 2019 Transcript",
        "file_type": "pdf",
        "content_type": "earnings_transcript",
        "published_date": "2020-02-11",
        "fiscal_date": "2020-02-11",
        "fiscal_year": 2019,
        "fiscal_quarter": 4,
        "r2_url": "https://pub-2c783279b61043e19fbdadd1bee5153a.r2.dev/AKAM/2020-02-11/Akamai%20Technologies%2C%20Inc._2020-02-11_transcript/Akamai%20Technologies%2C%20Inc._2020-02-11_transcript.pdf/Akamai%20Technologies%2C%20Inc._2020-02-11_transcript.pdf",
        "periodicity": "periodic"
    },
    {
        "equity_ticker": "AKAM",
        "geography": "US",
        "content_name": "AKAM Q4 2019 Press Release",
        "file_type": "pdf",
        "content_type": "earnings_press_release",
        "published_date": "2020-02-11",
        "fiscal_date": "2020-02-11",
        "fiscal_year": 2019,
        "fiscal_quarter": 4,
        "r2_url": "https://pub-2c783279b61043e19fbdadd1bee5153a.r2.dev/AKAM/2020-02-11/9eddd-2024-01-17-01-19-14/9eddd-2024-01-17-01-19-14.pdf/9eddd-2024-01-17-01-19-14.pdf",
        "periodicity": "periodic"
    },
    {
        "equity_ticker": "AKAM",
        "geography": "US",
        "content_name": "AKAM Q3 2019 Transcript",
        "file_type": "pdf",
        "content_type": "earnings_transcript",
        "published_date": "2019-10-28",
        "fiscal_date": "2019-10-28",
        "fiscal_year": 2019,
        "fiscal_quarter": 3,
        "r2_url": "https://pub-2c783279b61043e19fbdadd1bee5153a.r2.dev/AKAM/2019-10-28/Akamai%20Technologies%2C%20Inc._2019-10-28_transcript/Akamai%20Technologies%2C%20Inc._2019-10-28_transcript.pdf/Akamai%20Technologies%2C%20Inc._2019-10-28_transcript.pdf",
        "periodicity": "periodic"
    },
    {
        "equity_ticker": "AKAM",
        "geography": "US",
        "content_name": "AKAM Q3 2019 Press Release",
        "file_type": "pdf",
        "content_type": "earnings_press_release",
        "published_date": "2019-10-28",
        "fiscal_date": "2019-10-28",
        "fiscal_year": 2019,
        "fiscal_quarter": 3,
        "r2_url": "https://pub-2c783279b61043e19fbdadd1bee5153a.r2.dev/AKAM/2019-10-28/f35cc-2024-01-17-01-11-15/f35cc-2024-01-17-01-11-15.pdf/f35cc-2024-01-17-01-11-15.pdf",
        "periodicity": "periodic"
    },
    {
        "equity_ticker": "AKAM",
        "geography": "US",
        "content_name": "AKAM Q2 2019 Transcript",
        "file_type": "pdf",
        "content_type": "earnings_transcript",
        "published_date": "2019-07-30",
        "fiscal_date": "2019-07-30",
        "fiscal_year": 2019,
        "fiscal_quarter": 2,
        "r2_url": "https://pub-2c783279b61043e19fbdadd1bee5153a.r2.dev/AKAM/2019-07-30/Akamai%20Technologies%2C%20Inc._2019-07-30_transcript/Akamai%20Technologies%2C%20Inc._2019-07-30_transcript.pdf/Akamai%20Technologies%2C%20Inc._2019-07-30_transcript.pdf",
        "periodicity": "periodic"
    },
    {
        "equity_ticker": "AKAM",
        "geography": "US",
        "content_name": "AKAM Q2 2019 Press Release",
        "file_type": "pdf",
        "content_type": "earnings_press_release",
        "published_date": "2019-07-30",
        "fiscal_date": "2019-07-30",
        "fiscal_year": 2019,
        "fiscal_quarter": 2,
        "r2_url": "https://pub-2c783279b61043e19fbdadd1bee5153a.r2.dev/AKAM/2019-07-30/82b58-2024-01-17-01-01-16/82b58-2024-01-17-01-01-16.pdf/82b58-2024-01-17-01-01-16.pdf",
        "periodicity": "periodic"
    },
    {
        "equity_ticker": "AKAM",
        "geography": "US",
        "content_name": "AKAM Q1 2019 Transcript",
        "file_type": "pdf",
        "content_type": "earnings_transcript",
        "published_date": "2019-04-30",
        "fiscal_date": "2019-04-30",
        "fiscal_year": 2019,
        "fiscal_quarter": 1,
        "r2_url": "https://pub-2c783279b61043e19fbdadd1bee5153a.r2.dev/AKAM/2019-04-30/Akamai%20Technologies%2C%20Inc._2019-04-30_transcript/Akamai%20Technologies%2C%20Inc._2019-04-30_transcript.pdf/Akamai%20Technologies%2C%20Inc._2019-04-30_transcript.pdf",
        "periodicity": "periodic"
    },
    {
        "equity_ticker": "AKAM",
        "geography": "US",
        "content_name": "AKAM Q1 2019 Press Release",
        "file_type": "pdf",
        "content_type": "earnings_press_release",
        "published_date": "2019-04-30",
        "fiscal_date": "2019-04-30",
        "fiscal_year": 2019,
        "fiscal_quarter": 1,
        "r2_url": "https://pub-2c783279b61043e19fbdadd1bee5153a.r2.dev/AKAM/2019-04-30/00c69-2024-01-17-01-58-16/00c69-2024-01-17-01-58-16.pdf/00c69-2024-01-17-01-58-16.pdf",
        "periodicity": "periodic"
    },
    {
        "equity_ticker": "AKAM",
        "geography": "US",
        "content_name": "AKAM Q4 2018 Transcript",
        "file_type": "pdf",
        "content_type": "earnings_transcript",
        "published_date": "2019-02-12",
        "fiscal_date": "2019-02-12",
        "fiscal_year": 2018,
        "fiscal_quarter": 4,
        "r2_url": "https://pub-2c783279b61043e19fbdadd1bee5153a.r2.dev/AKAM/2019-02-12/Akamai%20Technologies%2C%20Inc._2019-02-12_transcript/Akamai%20Technologies%2C%20Inc._2019-02-12_transcript.pdf/Akamai%20Technologies%2C%20Inc._2019-02-12_transcript.pdf",
        "periodicity": "periodic"
    },
    {
        "equity_ticker": "AKAM",
        "geography": "US",
        "content_name": "AKAM Q4 2018 Press Release",
        "file_type": "pdf",
        "content_type": "earnings_press_release",
        "published_date": "2019-02-12",
        "fiscal_date": "2019-02-12",
        "fiscal_year": 2018,
        "fiscal_quarter": 4,
        "r2_url": "https://pub-2c783279b61043e19fbdadd1bee5153a.r2.dev/AKAM/2019-02-12/0d78d-2024-01-17-01-58-17/0d78d-2024-01-17-01-58-17.pdf/0d78d-2024-01-17-01-58-17.pdf",
        "periodicity": "periodic"
    },
    {
        "equity_ticker": "AKAM",
        "geography": "US",
        "content_name": "AKAM Q3 2018 Transcript",
        "file_type": "pdf",
        "content_type": "earnings_transcript",
        "published_date": "2018-10-29",
        "fiscal_date": "2018-10-29",
        "fiscal_year": 2018,
        "fiscal_quarter": 3,
        "r2_url": "https://pub-2c783279b61043e19fbdadd1bee5153a.r2.dev/AKAM/2018-10-29/Akamai%20Technologies%2C%20Inc._2018-10-29_transcript/Akamai%20Technologies%2C%20Inc._2018-10-29_transcript.pdf/Akamai%20Technologies%2C%20Inc._2018-10-29_transcript.pdf",
        "periodicity": "periodic"
    },
    {
        "equity_ticker": "AKAM",
        "geography": "US",
        "content_name": "AKAM Q3 2018 Press Release",
        "file_type": "pdf",
        "content_type": "earnings_press_release",
        "published_date": "2018-10-29",
        "fiscal_date": "2018-10-29",
        "fiscal_year": 2018,
        "fiscal_quarter": 3,
        "r2_url": "https://pub-2c783279b61043e19fbdadd1bee5153a.r2.dev/AKAM/2018-10-29/5c43a-2024-01-17-01-54-18/5c43a-2024-01-17-01-54-18.pdf/5c43a-2024-01-17-01-54-18.pdf",
        "periodicity": "periodic"
    },
    {
        "equity_ticker": "AKAM",
        "geography": "US",
        "content_name": "AKAM Q2 2018 Transcript",
        "file_type": "pdf",
        "content_type": "earnings_transcript",
        "published_date": "2018-07-31",
        "fiscal_date": "2018-07-31",
        "fiscal_year": 2018,
        "fiscal_quarter": 2,
        "r2_url": "https://pub-2c783279b61043e19fbdadd1bee5153a.r2.dev/AKAM/2018-07-31/Akamai%20Technologies%2C%20Inc._2018-07-31_transcript/Akamai%20Technologies%2C%20Inc._2018-07-31_transcript.pdf/Akamai%20Technologies%2C%20Inc._2018-07-31_transcript.pdf",
        "periodicity": "periodic"
    },
    {
        "equity_ticker": "AKAM",
        "geography": "US",
        "content_name": "AKAM Q2 2018 Press Release",
        "file_type": "pdf",
        "content_type": "earnings_press_release",
        "published_date": "2018-07-31",
        "fiscal_date": "2018-07-31",
        "fiscal_year": 2018,
        "fiscal_quarter": 2,
        "r2_url": "https://pub-2c783279b61043e19fbdadd1bee5153a.r2.dev/AKAM/2018-07-31/bb6e6-2024-01-17-01-55-19/bb6e6-2024-01-17-01-55-19.pdf/bb6e6-2024-01-17-01-55-19.pdf",
        "periodicity": "periodic"
    },
    {
        "equity_ticker": "AKAM",
        "geography": "US",
        "content_name": "AKAM Q1 2018 Transcript",
        "file_type": "pdf",
        "content_type": "earnings_transcript",
        "published_date": "2018-04-30",
        "fiscal_date": "2018-04-30",
        "fiscal_year": 2018,
        "fiscal_quarter": 1,
        "r2_url": "https://pub-2c783279b61043e19fbdadd1bee5153a.r2.dev/AKAM/2018-04-30/Akamai%20Technologies%2C%20Inc._2018-04-30_transcript/Akamai%20Technologies%2C%20Inc._2018-04-30_transcript.pdf/Akamai%20Technologies%2C%20Inc._2018-04-30_transcript.pdf",
        "periodicity": "periodic"
    },
    {
        "equity_ticker": "AKAM",
        "geography": "US",
        "content_name": "AKAM Q1 2018 Press Release",
        "file_type": "pdf",
        "content_type": "earnings_press_release",
        "published_date": "2018-04-30",
        "fiscal_date": "2018-04-30",
        "fiscal_year": 2018,
        "fiscal_quarter": 1,
        "r2_url": "https://pub-2c783279b61043e19fbdadd1bee5153a.r2.dev/AKAM/2018-04-30/c16d9-2024-01-17-01-16-24/c16d9-2024-01-17-01-16-24.pdf/c16d9-2024-01-17-01-16-24.pdf",
        "periodicity": "periodic"
    },
    {
        "equity_ticker": "AKAM",
        "geography": "US",
        "content_name": "AKAM Q4 2017 Transcript",
        "file_type": "pdf",
        "content_type": "earnings_transcript",
        "published_date": "2018-03-01",
        "fiscal_date": "2018-03-01",
        "fiscal_year": 2017,
        "fiscal_quarter": 4,
        "r2_url": "https://pub-2c783279b61043e19fbdadd1bee5153a.r2.dev/AKAM/2018-03-01/Akamai%20Technologies%2C%20Inc._2018-03-01_transcript/Akamai%20Technologies%2C%20Inc._2018-03-01_transcript.pdf/Akamai%20Technologies%2C%20Inc._2018-03-01_transcript.pdf",
        "periodicity": "periodic"
    },
    {
        "equity_ticker": "AKAM",
        "geography": "US",
        "content_name": "AKAM Q4 2017 Press Release",
        "file_type": "pdf",
        "content_type": "annual_report",
        "published_date": "2018-03-01",
        "fiscal_date": "2018-03-01",
        "fiscal_year": 2017,
        "fiscal_quarter": 4,
        "r2_url": "https://pub-2c783279b61043e19fbdadd1bee5153a.r2.dev/AKAM/2018-03-01/1958c-2023-09-04-08-19-31/1958c-2023-09-04-08-19-31.pdf/1958c-2023-09-04-08-19-31.pdf",
        "periodicity": "periodic"
    },
    {
        "equity_ticker": "AKAM",
        "geography": "US",
        "content_name": "AKAM Q3 2017 Transcript",
        "file_type": "pdf",
        "content_type": "earnings_transcript",
        "published_date": "2017-10-24",
        "fiscal_date": "2017-10-24",
        "fiscal_year": 2017,
        "fiscal_quarter": 3,
        "r2_url": "https://pub-2c783279b61043e19fbdadd1bee5153a.r2.dev/AKAM/2017-10-24/Akamai%20Technologies%2C%20Inc._2017-10-24_transcript/Akamai%20Technologies%2C%20Inc._2017-10-24_transcript.pdf/Akamai%20Technologies%2C%20Inc._2017-10-24_transcript.pdf",
        "periodicity": "periodic"
    },
    {
        "equity_ticker": "AKAM",
        "geography": "US",
        "content_name": "AKAM Q2 2017 Transcript",
        "file_type": "pdf",
        "content_type": "earnings_transcript",
        "published_date": "2017-07-25",
        "fiscal_date": "2017-07-25",
        "fiscal_year": 2017,
        "fiscal_quarter": 2,
        "r2_url": "https://pub-2c783279b61043e19fbdadd1bee5153a.r2.dev/AKAM/2017-07-25/Akamai%20Technologies%2C%20Inc._2017-07-25_transcript/Akamai%20Technologies%2C%20Inc._2017-07-25_transcript.pdf/Akamai%20Technologies%2C%20Inc._2017-07-25_transcript.pdf",
        "periodicity": "periodic"
    },
    {
        "equity_ticker": "AKAM",
        "geography": "US",
        "content_name": "AKAM Q1 2017 Transcript",
        "file_type": "pdf",
        "content_type": "earnings_transcript",
        "published_date": "2017-05-02",
        "fiscal_date": "2017-05-02",
        "fiscal_year": 2017,
        "fiscal_quarter": 1,
        "r2_url": "https://pub-2c783279b61043e19fbdadd1bee5153a.r2.dev/AKAM/2017-05-02/Akamai%20Technologies%2C%20Inc._2017-05-02_transcript/Akamai%20Technologies%2C%20Inc._2017-05-02_transcript.pdf/Akamai%20Technologies%2C%20Inc._2017-05-02_transcript.pdf",
        "periodicity": "periodic"
    },
    {
        "equity_ticker": "AKAM",
        "geography": "US",
        "content_name": "AKAM Q4 2016 Transcript",
        "file_type": "pdf",
        "content_type": "earnings_transcript",
        "published_date": "2017-02-28",
        "fiscal_date": "2017-02-28",
        "fiscal_year": 2016,
        "fiscal_quarter": 4,
        "r2_url": "https://pub-2c783279b61043e19fbdadd1bee5153a.r2.dev/AKAM/2017-02-28/Akamai%20Technologies%2C%20Inc._2017-02-28_transcript/Akamai%20Technologies%2C%20Inc._2017-02-28_transcript.pdf/Akamai%20Technologies%2C%20Inc._2017-02-28_transcript.pdf",
        "periodicity": "periodic"
    },
    {
        "equity_ticker": "AKAM",
        "geography": "US",
        "content_name": "AKAM Q4 2016 Press Release",
        "file_type": "pdf",
        "content_type": "annual_report",
        "published_date": "2017-02-28",
        "fiscal_date": "2017-02-28",
        "fiscal_year": 2016,
        "fiscal_quarter": 4,
        "r2_url": "https://pub-2c783279b61043e19fbdadd1bee5153a.r2.dev/AKAM/2017-02-28/361fe-2023-09-04-08-38-31/361fe-2023-09-04-08-38-31.pdf/361fe-2023-09-04-08-38-31.pdf",
        "periodicity": "periodic"
    },
    {
        "equity_ticker": "AKAM",
        "geography": "US",
        "content_name": "AKAM Q3 2016 Transcript",
        "file_type": "pdf",
        "content_type": "earnings_transcript",
        "published_date": "2016-10-25",
        "fiscal_date": "2016-10-25",
        "fiscal_year": 2016,
        "fiscal_quarter": 3,
        "r2_url": "https://pub-2c783279b61043e19fbdadd1bee5153a.r2.dev/AKAM/2016-10-25/Akamai%20Technologies%2C%20Inc._2016-10-25_transcript/Akamai%20Technologies%2C%20Inc._2016-10-25_transcript.pdf/Akamai%20Technologies%2C%20Inc._2016-10-25_transcript.pdf",
        "periodicity": "periodic"
    },
    {
        "equity_ticker": "AKAM",
        "geography": "US",
        "content_name": "AKAM Q2 2016 Transcript",
        "file_type": "pdf",
        "content_type": "earnings_transcript",
        "published_date": "2016-07-26",
        "fiscal_date": "2016-07-26",
        "fiscal_year": 2016,
        "fiscal_quarter": 2,
        "r2_url": "https://pub-2c783279b61043e19fbdadd1bee5153a.r2.dev/AKAM/2016-07-26/Akamai%20Technologies%2C%20Inc._2016-07-26_transcript/Akamai%20Technologies%2C%20Inc._2016-07-26_transcript.pdf/Akamai%20Technologies%2C%20Inc._2016-07-26_transcript.pdf",
        "periodicity": "periodic"
    },
    {
        "equity_ticker": "AKAM",
        "geography": "US",
        "content_name": "AKAM Q1 2016 Transcript",
        "file_type": "pdf",
        "content_type": "earnings_transcript",
        "published_date": "2016-04-26",
        "fiscal_date": "2016-04-26",
        "fiscal_year": 2016,
        "fiscal_quarter": 1,
        "r2_url": "https://pub-2c783279b61043e19fbdadd1bee5153a.r2.dev/AKAM/2016-04-26/Akamai%20Technologies%2C%20Inc._2016-04-26_transcript/Akamai%20Technologies%2C%20Inc._2016-04-26_transcript.pdf/Akamai%20Technologies%2C%20Inc._2016-04-26_transcript.pdf",
        "periodicity": "periodic"
    },
    {
        "equity_ticker": "AKAM",
        "geography": "US",
        "content_name": "AKAM Q4 2015 Transcript",
        "file_type": "pdf",
        "content_type": "earnings_transcript",
        "published_date": "2016-02-29",
        "fiscal_date": "2016-02-29",
        "fiscal_year": 2015,
        "fiscal_quarter": 4,
        "r2_url": "https://pub-2c783279b61043e19fbdadd1bee5153a.r2.dev/AKAM/2016-02-29/Akamai%20Technologies%2C%20Inc._2016-02-29_transcript/Akamai%20Technologies%2C%20Inc._2016-02-29_transcript.pdf/Akamai%20Technologies%2C%20Inc._2016-02-29_transcript.pdf",
        "periodicity": "periodic"
    },
    {
        "equity_ticker": "AKAM",
        "geography": "US",
        "content_name": "AKAM Q4 2015 Press Release",
        "file_type": "pdf",
        "content_type": "annual_report",
        "published_date": "2016-02-29",
        "fiscal_date": "2016-02-29",
        "fiscal_year": 2015,
        "fiscal_quarter": 4,
        "r2_url": "https://pub-2c783279b61043e19fbdadd1bee5153a.r2.dev/AKAM/2016-02-29/1379d-2023-09-04-08-53-31/1379d-2023-09-04-08-53-31.pdf/1379d-2023-09-04-08-53-31.pdf",
        "periodicity": "periodic"
    },
    {
        "equity_ticker": "AKAM",
        "geography": "US",
        "content_name": "AKAM Q3 2015 Transcript",
        "file_type": "pdf",
        "content_type": "earnings_transcript",
        "published_date": "2015-10-27",
        "fiscal_date": "2015-10-27",
        "fiscal_year": 2015,
        "fiscal_quarter": 3,
        "r2_url": "https://pub-2c783279b61043e19fbdadd1bee5153a.r2.dev/AKAM/2015-10-27/Akamai%20Technologies%2C%20Inc._2015-10-27_transcript/Akamai%20Technologies%2C%20Inc._2015-10-27_transcript.pdf/Akamai%20Technologies%2C%20Inc._2015-10-27_transcript.pdf",
        "periodicity": "periodic"
    },
    {
        "equity_ticker": "AKAM",
        "geography": "US",
        "content_name": "AKAM Q2 2015 Transcript",
        "file_type": "pdf",
        "content_type": "earnings_transcript",
        "published_date": "2015-07-28",
        "fiscal_date": "2015-07-28",
        "fiscal_year": 2015,
        "fiscal_quarter": 2,
        "r2_url": "https://pub-2c783279b61043e19fbdadd1bee5153a.r2.dev/AKAM/2015-07-28/Akamai%20Technologies%2C%20Inc._2015-07-28_transcript/Akamai%20Technologies%2C%20Inc._2015-07-28_transcript.pdf/Akamai%20Technologies%2C%20Inc._2015-07-28_transcript.pdf",
        "periodicity": "periodic"
    },
    {
        "equity_ticker": "AKAM",
        "geography": "US",
        "content_name": "AKAM Q1 2015 Transcript",
        "file_type": "pdf",
        "content_type": "earnings_transcript",
        "published_date": "2015-04-28",
        "fiscal_date": "2015-04-28",
        "fiscal_year": 2015,
        "fiscal_quarter": 1,
        "r2_url": "https://pub-2c783279b61043e19fbdadd1bee5153a.r2.dev/AKAM/2015-04-28/Akamai%20Technologies%2C%20Inc._2015-04-28_transcript/Akamai%20Technologies%2C%20Inc._2015-04-28_transcript.pdf/Akamai%20Technologies%2C%20Inc._2015-04-28_transcript.pdf",
        "periodicity": "periodic"
    },
    {
        "equity_ticker": "AKAM",
        "geography": "US",
        "content_name": "AKAM Q4 2014 Transcript",
        "file_type": "pdf",
        "content_type": "earnings_transcript",
        "published_date": "2015-02-10",
        "fiscal_date": "2015-02-10",
        "fiscal_year": 2014,
        "fiscal_quarter": 4,
        "r2_url": "https://pub-2c783279b61043e19fbdadd1bee5153a.r2.dev/AKAM/2015-02-10/Akamai%20Technologies%2C%20Inc._2015-02-10_transcript/Akamai%20Technologies%2C%20Inc._2015-02-10_transcript.pdf/Akamai%20Technologies%2C%20Inc._2015-02-10_transcript.pdf",
        "periodicity": "periodic"
    },
    {
        "equity_ticker": "AKAM",
        "geography": "US",
        "content_name": "AKAM Q3 2014 Transcript",
        "file_type": "pdf",
        "content_type": "earnings_transcript",
        "published_date": "2014-10-29",
        "fiscal_date": "2014-10-29",
        "fiscal_year": 2014,
        "fiscal_quarter": 3,
        "r2_url": "https://pub-2c783279b61043e19fbdadd1bee5153a.r2.dev/AKAM/2014-10-29/Akamai%20Technologies%2C%20Inc._2014-10-29_transcript/Akamai%20Technologies%2C%20Inc._2014-10-29_transcript.pdf/Akamai%20Technologies%2C%20Inc._2014-10-29_transcript.pdf",
        "periodicity": "periodic"
    },
    {
        "equity_ticker": "AKAM",
        "geography": "US",
        "content_name": "AKAM Q2 2014 Transcript",
        "file_type": "pdf",
        "content_type": "earnings_transcript",
        "published_date": "2014-07-30",
        "fiscal_date": "2014-07-30",
        "fiscal_year": 2014,
        "fiscal_quarter": 2,
        "r2_url": "https://pub-2c783279b61043e19fbdadd1bee5153a.r2.dev/AKAM/2014-07-30/Akamai%20Technologies%2C%20Inc._2014-07-30_transcript/Akamai%20Technologies%2C%20Inc._2014-07-30_transcript.pdf/Akamai%20Technologies%2C%20Inc._2014-07-30_transcript.pdf",
        "periodicity": "periodic"
    },
    {
        "equity_ticker": "AKAM",
        "geography": "US",
        "content_name": "AKAM Q1 2014 Transcript",
        "file_type": "pdf",
        "content_type": "earnings_transcript",
        "published_date": "2014-05-01",
        "fiscal_date": "2014-05-01",
        "fiscal_year": 2014,
        "fiscal_quarter": 1,
        "r2_url": "https://pub-2c783279b61043e19fbdadd1bee5153a.r2.dev/AKAM/2014-05-01/Akamai%20Technologies%2C%20Inc._2014-05-01_transcript/Akamai%20Technologies%2C%20Inc._2014-05-01_transcript.pdf/Akamai%20Technologies%2C%20Inc._2014-05-01_transcript.pdf",
        "periodicity": "periodic"
    },
    {
        "equity_ticker": "AKAM",
        "geography": "US",
        "content_name": "AKAM Q4 2013 Transcript",
        "file_type": "pdf",
        "content_type": "earnings_transcript",
        "published_date": "2014-02-05",
        "fiscal_date": "2014-02-05",
        "fiscal_year": 2013,
        "fiscal_quarter": 4,
        "r2_url": "https://pub-2c783279b61043e19fbdadd1bee5153a.r2.dev/AKAM/2014-02-05/Akamai%20Technologies%2C%20Inc._2014-02-05_transcript/Akamai%20Technologies%2C%20Inc._2014-02-05_transcript.pdf/Akamai%20Technologies%2C%20Inc._2014-02-05_transcript.pdf",
        "periodicity": "periodic"
    },
    {
        "equity_ticker": "AKAM",
        "geography": "US",
        "content_name": "AKAM Q3 2013 Transcript",
        "file_type": "pdf",
        "content_type": "earnings_transcript",
        "published_date": "2013-10-23",
        "fiscal_date": "2013-10-23",
        "fiscal_year": 2013,
        "fiscal_quarter": 3,
        "r2_url": "https://pub-2c783279b61043e19fbdadd1bee5153a.r2.dev/AKAM/2013-10-23/Akamai%20Technologies%2C%20Inc._2013-10-23_transcript/Akamai%20Technologies%2C%20Inc._2013-10-23_transcript.pdf/Akamai%20Technologies%2C%20Inc._2013-10-23_transcript.pdf",
        "periodicity": "periodic"
    },
    {
        "equity_ticker": "AKAM",
        "geography": "US",
        "content_name": "AKAM Q2 2013 Transcript",
        "file_type": "pdf",
        "content_type": "earnings_transcript",
        "published_date": "2013-07-24",
        "fiscal_date": "2013-07-24",
        "fiscal_year": 2013,
        "fiscal_quarter": 2,
        "r2_url": "https://pub-2c783279b61043e19fbdadd1bee5153a.r2.dev/AKAM/2013-07-24/Akamai%20Technologies%2C%20Inc._2013-07-24_transcript/Akamai%20Technologies%2C%20Inc._2013-07-24_transcript.pdf/Akamai%20Technologies%2C%20Inc._2013-07-24_transcript.pdf",
        "periodicity": "periodic"
    },
    {
        "equity_ticker": "AKAM",
        "geography": "US",
        "content_name": "AKAM Q1 2013 Transcript",
        "file_type": "pdf",
        "content_type": "earnings_transcript",
        "published_date": "2013-04-24",
        "fiscal_date": "2013-04-24",
        "fiscal_year": 2013,
        "fiscal_quarter": 1,
        "r2_url": "https://pub-2c783279b61043e19fbdadd1bee5153a.r2.dev/AKAM/2013-04-24/Akamai%20Technologies%2C%20Inc._2013-04-24_transcript/Akamai%20Technologies%2C%20Inc._2013-04-24_transcript.pdf/Akamai%20Technologies%2C%20Inc._2013-04-24_transcript.pdf",
        "periodicity": "periodic"
    },
    {
        "equity_ticker": "AKAM",
        "geography": "US",
        "content_name": "AKAM Q4 2012 Transcript",
        "file_type": "pdf",
        "content_type": "earnings_transcript",
        "published_date": "2013-02-06",
        "fiscal_date": "2013-02-06",
        "fiscal_year": 2012,
        "fiscal_quarter": 4,
        "r2_url": "https://pub-2c783279b61043e19fbdadd1bee5153a.r2.dev/AKAM/2013-02-06/Akamai%20Technologies%2C%20Inc._2013-02-06_transcript/Akamai%20Technologies%2C%20Inc._2013-02-06_transcript.pdf/Akamai%20Technologies%2C%20Inc._2013-02-06_transcript.pdf",
        "periodicity": "periodic"
    },
    {
        "equity_ticker": "AKAM",
        "geography": "US",
        "content_name": "AKAM Q3 2012 Transcript",
        "file_type": "pdf",
        "content_type": "earnings_transcript",
        "published_date": "2012-10-24",
        "fiscal_date": "2012-10-24",
        "fiscal_year": 2012,
        "fiscal_quarter": 3,
        "r2_url": "https://pub-2c783279b61043e19fbdadd1bee5153a.r2.dev/AKAM/2012-10-24/Akamai%20Technologies%2C%20Inc._2012-10-24_transcript/Akamai%20Technologies%2C%20Inc._2012-10-24_transcript.pdf/Akamai%20Technologies%2C%20Inc._2012-10-24_transcript.pdf",
        "periodicity": "periodic"
    },
    {
        "equity_ticker": "AKAM",
        "geography": "US",
        "content_name": "AKAM Q2 2012 Transcript",
        "file_type": "pdf",
        "content_type": "earnings_transcript",
        "published_date": "2012-07-25",
        "fiscal_date": "2012-07-25",
        "fiscal_year": 2012,
        "fiscal_quarter": 2,
        "r2_url": "https://pub-2c783279b61043e19fbdadd1bee5153a.r2.dev/AKAM/2012-07-25/Akamai%20Technologies%2C%20Inc._2012-07-25_transcript/Akamai%20Technologies%2C%20Inc._2012-07-25_transcript.pdf/Akamai%20Technologies%2C%20Inc._2012-07-25_transcript.pdf",
        "periodicity": "periodic"
    },
    {
        "equity_ticker": "AKAM",
        "geography": "US",
        "content_name": "AKAM Q1 2012 Transcript",
        "file_type": "pdf",
        "content_type": "earnings_transcript",
        "published_date": "2012-04-25",
        "fiscal_date": "2012-04-25",
        "fiscal_year": 2012,
        "fiscal_quarter": 1,
        "r2_url": "https://pub-2c783279b61043e19fbdadd1bee5153a.r2.dev/AKAM/2012-04-25/Akamai%20Technologies%2C%20Inc._2012-04-25_transcript/Akamai%20Technologies%2C%20Inc._2012-04-25_transcript.pdf/Akamai%20Technologies%2C%20Inc._2012-04-25_transcript.pdf",
        "periodicity": "periodic"
    },
    {
        "equity_ticker": "AKAM",
        "geography": "US",
        "content_name": "AKAM Q4 2011 Transcript",
        "file_type": "pdf",
        "content_type": "earnings_transcript",
        "published_date": "2012-02-08",
        "fiscal_date": "2012-02-08",
        "fiscal_year": 2011,
        "fiscal_quarter": 4,
        "r2_url": "https://pub-2c783279b61043e19fbdadd1bee5153a.r2.dev/AKAM/2012-02-08/Akamai%20Technologies%2C%20Inc._2012-02-08_transcript/Akamai%20Technologies%2C%20Inc._2012-02-08_transcript.pdf/Akamai%20Technologies%2C%20Inc._2012-02-08_transcript.pdf",
        "periodicity": "periodic"
    },
    {
        "equity_ticker": "AKAM",
        "geography": "US",
        "content_name": "AKAM Q3 2011 Transcript",
        "file_type": "pdf",
        "content_type": "earnings_transcript",
        "published_date": "2011-10-26",
        "fiscal_date": "2011-10-26",
        "fiscal_year": 2011,
        "fiscal_quarter": 3,
        "r2_url": "https://pub-2c783279b61043e19fbdadd1bee5153a.r2.dev/AKAM/2011-10-26/Akamai%20Technologies%2C%20Inc._2011-10-26_transcript/Akamai%20Technologies%2C%20Inc._2011-10-26_transcript.pdf/Akamai%20Technologies%2C%20Inc._2011-10-26_transcript.pdf",
        "periodicity": "periodic"
    },
    {
        "equity_ticker": "AKAM",
        "geography": "US",
        "content_name": "AKAM Q2 2011 Transcript",
        "file_type": "pdf",
        "content_type": "earnings_transcript",
        "published_date": "2011-07-27",
        "fiscal_date": "2011-07-27",
        "fiscal_year": 2011,
        "fiscal_quarter": 2,
        "r2_url": "https://pub-2c783279b61043e19fbdadd1bee5153a.r2.dev/AKAM/2011-07-27/Akamai%20Technologies%2C%20Inc._2011-07-27_transcript/Akamai%20Technologies%2C%20Inc._2011-07-27_transcript.pdf/Akamai%20Technologies%2C%20Inc._2011-07-27_transcript.pdf",
        "periodicity": "periodic"
    },
    {
        "equity_ticker": "AKAM",
        "geography": "US",
        "content_name": "AKAM Q1 2011 Transcript",
        "file_type": "pdf",
        "content_type": "earnings_transcript",
        "published_date": "2011-04-28",
        "fiscal_date": "2011-04-28",
        "fiscal_year": 2011,
        "fiscal_quarter": 1,
        "r2_url": "https://pub-2c783279b61043e19fbdadd1bee5153a.r2.dev/AKAM/2011-04-28/Akamai%20Technologies%2C%20Inc._2011-04-28_transcript/Akamai%20Technologies%2C%20Inc._2011-04-28_transcript.pdf/Akamai%20Technologies%2C%20Inc._2011-04-28_transcript.pdf",
        "periodicity": "periodic"
    },
    {
        "equity_ticker": "AKAM",
        "geography": "US",
        "content_name": "AKAM Q4 2010 Transcript",
        "file_type": "pdf",
        "content_type": "earnings_transcript",
        "published_date": "2011-02-09",
        "fiscal_date": "2011-02-09",
        "fiscal_year": 2010,
        "fiscal_quarter": 4,
        "r2_url": "https://pub-2c783279b61043e19fbdadd1bee5153a.r2.dev/AKAM/2011-02-09/Akamai%20Technologies%2C%20Inc._2011-02-09_transcript/Akamai%20Technologies%2C%20Inc._2011-02-09_transcript.pdf/Akamai%20Technologies%2C%20Inc._2011-02-09_transcript.pdf",
        "periodicity": "periodic"
    },
    {
        "equity_ticker": "AKAM",
        "geography": "US",
        "content_name": "AKAM Q3 2010 Transcript",
        "file_type": "pdf",
        "content_type": "earnings_transcript",
        "published_date": "2010-10-27",
        "fiscal_date": "2010-10-27",
        "fiscal_year": 2010,
        "fiscal_quarter": 3,
        "r2_url": "https://pub-2c783279b61043e19fbdadd1bee5153a.r2.dev/AKAM/2010-10-27/Akamai%20Technologies%2C%20Inc._2010-10-27_transcript/Akamai%20Technologies%2C%20Inc._2010-10-27_transcript.pdf/Akamai%20Technologies%2C%20Inc._2010-10-27_transcript.pdf",
        "periodicity": "periodic"
    },
    {
        "equity_ticker": "AKAM",
        "geography": "US",
        "content_name": "AKAM Q2 2010 Transcript",
        "file_type": "pdf",
        "content_type": "earnings_transcript",
        "published_date": "2010-07-29",
        "fiscal_date": "2010-07-29",
        "fiscal_year": 2010,
        "fiscal_quarter": 2,
        "r2_url": "https://pub-2c783279b61043e19fbdadd1bee5153a.r2.dev/AKAM/2010-07-29/Akamai%20Technologies%2C%20Inc._2010-07-29_transcript/Akamai%20Technologies%2C%20Inc._2010-07-29_transcript.pdf/Akamai%20Technologies%2C%20Inc._2010-07-29_transcript.pdf",
        "periodicity": "periodic"
    },
    {
        "equity_ticker": "AKAM",
        "geography": "US",
        "content_name": "AKAM Q1 2010 Transcript",
        "file_type": "pdf",
        "content_type": "earnings_transcript",
        "published_date": "2010-04-28",
        "fiscal_date": "2010-04-28",
        "fiscal_year": 2010,
        "fiscal_quarter": 1,
        "r2_url": "https://pub-2c783279b61043e19fbdadd1bee5153a.r2.dev/AKAM/2010-04-28/Akamai%20Technologies%2C%20Inc._2010-04-28_transcript/Akamai%20Technologies%2C%20Inc._2010-04-28_transcript.pdf/Akamai%20Technologies%2C%20Inc._2010-04-28_transcript.pdf",
        "periodicity": "periodic"
    },
    {
        "equity_ticker": "AKAM",
        "geography": "US",
        "content_name": "AKAM Q4 2009 Transcript",
        "file_type": "pdf",
        "content_type": "earnings_transcript",
        "published_date": "2010-02-03",
        "fiscal_date": "2010-02-03",
        "fiscal_year": 2009,
        "fiscal_quarter": 4,
        "r2_url": "https://pub-2c783279b61043e19fbdadd1bee5153a.r2.dev/AKAM/2010-02-03/Akamai%20Technologies%2C%20Inc._2010-02-03_transcript/Akamai%20Technologies%2C%20Inc._2010-02-03_transcript.pdf/Akamai%20Technologies%2C%20Inc._2010-02-03_transcript.pdf",
        "periodicity": "periodic"
    },
    {
        "equity_ticker": "AKAM",
        "geography": "US",
        "content_name": "AKAM Q3 2009 Transcript",
        "file_type": "pdf",
        "content_type": "earnings_transcript",
        "published_date": "2009-10-28",
        "fiscal_date": "2009-10-28",
        "fiscal_year": 2009,
        "fiscal_quarter": 3,
        "r2_url": "https://pub-2c783279b61043e19fbdadd1bee5153a.r2.dev/AKAM/2009-10-28/Akamai%20Technologies%2C%20Inc._2009-10-28_transcript/Akamai%20Technologies%2C%20Inc._2009-10-28_transcript.pdf/Akamai%20Technologies%2C%20Inc._2009-10-28_transcript.pdf",
        "periodicity": "periodic"
    },
    {
        "equity_ticker": "AKAM",
        "geography": "US",
        "content_name": "AKAM Q2 2009 Transcript",
        "file_type": "pdf",
        "content_type": "earnings_transcript",
        "published_date": "2009-07-29",
        "fiscal_date": "2009-07-29",
        "fiscal_year": 2009,
        "fiscal_quarter": 2,
        "r2_url": "https://pub-2c783279b61043e19fbdadd1bee5153a.r2.dev/AKAM/2009-07-29/Akamai%20Technologies%2C%20Inc._2009-07-29_transcript/Akamai%20Technologies%2C%20Inc._2009-07-29_transcript.pdf/Akamai%20Technologies%2C%20Inc._2009-07-29_transcript.pdf",
        "periodicity": "periodic"
    },
    {
        "equity_ticker": "AKAM",
        "geography": "US",
        "content_name": "AKAM Q1 2009 Transcript",
        "file_type": "pdf",
        "content_type": "earnings_transcript",
        "published_date": "2009-04-29",
        "fiscal_date": "2009-04-29",
        "fiscal_year": 2009,
        "fiscal_quarter": 1,
        "r2_url": "https://pub-2c783279b61043e19fbdadd1bee5153a.r2.dev/AKAM/2009-04-29/Akamai%20Technologies%2C%20Inc._2009-04-29_transcript/Akamai%20Technologies%2C%20Inc._2009-04-29_transcript.pdf/Akamai%20Technologies%2C%20Inc._2009-04-29_transcript.pdf",
        "periodicity": "periodic"
    },
    {
        "equity_ticker": "AKAM",
        "geography": "US",
        "content_name": "AKAM Q4 2008 Transcript",
        "file_type": "pdf",
        "content_type": "earnings_transcript",
        "published_date": "2009-02-05",
        "fiscal_date": "2009-02-05",
        "fiscal_year": 2008,
        "fiscal_quarter": 4,
        "r2_url": "https://pub-2c783279b61043e19fbdadd1bee5153a.r2.dev/AKAM/2009-02-05/Akamai%20Technologies%2C%20Inc._2009-02-05_transcript/Akamai%20Technologies%2C%20Inc._2009-02-05_transcript.pdf/Akamai%20Technologies%2C%20Inc._2009-02-05_transcript.pdf",
        "periodicity": "periodic"
    },
    {
        "equity_ticker": "AKAM",
        "geography": "US",
        "content_name": "AKAM Q3 2008 Transcript",
        "file_type": "pdf",
        "content_type": "earnings_transcript",
        "published_date": "2008-10-30",
        "fiscal_date": "2008-10-30",
        "fiscal_year": 2008,
        "fiscal_quarter": 3,
        "r2_url": "https://pub-2c783279b61043e19fbdadd1bee5153a.r2.dev/AKAM/2008-10-30/Akamai%20Technologies%2C%20Inc._2008-10-30_transcript/Akamai%20Technologies%2C%20Inc._2008-10-30_transcript.pdf/Akamai%20Technologies%2C%20Inc._2008-10-30_transcript.pdf",
        "periodicity": "periodic"
    },
    {
        "equity_ticker": "AKAM",
        "geography": "US",
        "content_name": "AKAM Q2 2008 Transcript",
        "file_type": "pdf",
        "content_type": "earnings_transcript",
        "published_date": "2008-07-30",
        "fiscal_date": "2008-07-30",
        "fiscal_year": 2008,
        "fiscal_quarter": 2,
        "r2_url": "https://pub-2c783279b61043e19fbdadd1bee5153a.r2.dev/AKAM/2008-07-30/Akamai%20Technologies%2C%20Inc._2008-07-30_transcript/Akamai%20Technologies%2C%20Inc._2008-07-30_transcript.pdf/Akamai%20Technologies%2C%20Inc._2008-07-30_transcript.pdf",
        "periodicity": "periodic"
    },
    {
        "equity_ticker": "AKAM",
        "geography": "US",
        "content_name": "AKAM Q1 2008 Transcript",
        "file_type": "pdf",
        "content_type": "earnings_transcript",
        "published_date": "2008-04-30",
        "fiscal_date": "2008-04-30",
        "fiscal_year": 2008,
        "fiscal_quarter": 1,
        "r2_url": "https://pub-2c783279b61043e19fbdadd1bee5153a.r2.dev/AKAM/2008-04-30/Akamai%20Technologies%2C%20Inc._2008-04-30_transcript/Akamai%20Technologies%2C%20Inc._2008-04-30_transcript.pdf/Akamai%20Technologies%2C%20Inc._2008-04-30_transcript.pdf",
        "periodicity": "periodic"
    },
    {
        "equity_ticker": "AKAM",
        "geography": "US",
        "content_name": "AKAM Q4 2007 Transcript",
        "file_type": "pdf",
        "content_type": "earnings_transcript",
        "published_date": "2008-02-06",
        "fiscal_date": "2008-02-06",
        "fiscal_year": 2007,
        "fiscal_quarter": 4,
        "r2_url": "https://pub-2c783279b61043e19fbdadd1bee5153a.r2.dev/AKAM/2008-02-06/Akamai%20Technologies%2C%20Inc._2008-02-06_transcript/Akamai%20Technologies%2C%20Inc._2008-02-06_transcript.pdf/Akamai%20Technologies%2C%20Inc._2008-02-06_transcript.pdf",
        "periodicity": "periodic"
    },
    {
        "equity_ticker": "AKAM",
        "geography": "US",
        "content_name": "AKAM Q3 2007 Transcript",
        "file_type": "pdf",
        "content_type": "earnings_transcript",
        "published_date": "2007-10-24",
        "fiscal_date": "2007-10-24",
        "fiscal_year": 2007,
        "fiscal_quarter": 3,
        "r2_url": "https://pub-2c783279b61043e19fbdadd1bee5153a.r2.dev/AKAM/2007-10-24/Akamai%20Technologies%2C%20Inc._2007-10-24_transcript/Akamai%20Technologies%2C%20Inc._2007-10-24_transcript.pdf/Akamai%20Technologies%2C%20Inc._2007-10-24_transcript.pdf",
        "periodicity": "periodic"
    },
    {
        "equity_ticker": "AKAM",
        "geography": "US",
        "content_name": "AKAM Q2 2007 Transcript",
        "file_type": "pdf",
        "content_type": "earnings_transcript",
        "published_date": "2007-07-25",
        "fiscal_date": "2007-07-25",
        "fiscal_year": 2007,
        "fiscal_quarter": 2,
        "r2_url": "https://pub-2c783279b61043e19fbdadd1bee5153a.r2.dev/AKAM/2007-07-25/Akamai%20Technologies%2C%20Inc._2007-07-25_transcript/Akamai%20Technologies%2C%20Inc._2007-07-25_transcript.pdf/Akamai%20Technologies%2C%20Inc._2007-07-25_transcript.pdf",
        "periodicity": "periodic"
    },
    {
        "equity_ticker": "AKAM",
        "geography": "US",
        "content_name": "AKAM Q1 2007 Transcript",
        "file_type": "pdf",
        "content_type": "earnings_transcript",
        "published_date": "2007-04-25",
        "fiscal_date": "2007-04-25",
        "fiscal_year": 2007,
        "fiscal_quarter": 1,
        "r2_url": "https://pub-2c783279b61043e19fbdadd1bee5153a.r2.dev/AKAM/2007-04-25/Akamai%20Technologies%2C%20Inc._2007-04-25_transcript/Akamai%20Technologies%2C%20Inc._2007-04-25_transcript.pdf/Akamai%20Technologies%2C%20Inc._2007-04-25_transcript.pdf",
        "periodicity": "periodic"
    },
    {
        "equity_ticker": "AKAM",
        "geography": "US",
        "content_name": "AKAM Q4 2006 Transcript",
        "file_type": "pdf",
        "content_type": "earnings_transcript",
        "published_date": "2007-02-07",
        "fiscal_date": "2007-02-07",
        "fiscal_year": 2006,
        "fiscal_quarter": 4,
        "r2_url": "https://pub-2c783279b61043e19fbdadd1bee5153a.r2.dev/AKAM/2007-02-07/Akamai%20Technologies%2C%20Inc._2007-02-07_transcript/Akamai%20Technologies%2C%20Inc._2007-02-07_transcript.pdf/Akamai%20Technologies%2C%20Inc._2007-02-07_transcript.pdf",
        "periodicity": "periodic"
    },
    {
        "equity_ticker": "AKAM",
        "geography": "US",
        "content_name": "AKAM Q3 2006 Transcript",
        "file_type": "pdf",
        "content_type": "earnings_transcript",
        "published_date": "2006-10-27",
        "fiscal_date": "2006-10-27",
        "fiscal_year": 2006,
        "fiscal_quarter": 3,
        "r2_url": "https://pub-2c783279b61043e19fbdadd1bee5153a.r2.dev/AKAM/2006-10-27/Akamai%20Technologies%2C%20Inc._2006-10-27_transcript/Akamai%20Technologies%2C%20Inc._2006-10-27_transcript.pdf/Akamai%20Technologies%2C%20Inc._2006-10-27_transcript.pdf",
        "periodicity": "periodic"
    },
    {
        "equity_ticker": "AKAM",
        "geography": "US",
        "content_name": "AKAM Q2 2006 Transcript",
        "file_type": "pdf",
        "content_type": "earnings_transcript",
        "published_date": "2006-07-26",
        "fiscal_date": "2006-07-26",
        "fiscal_year": 2006,
        "fiscal_quarter": 2,
        "r2_url": "https://pub-2c783279b61043e19fbdadd1bee5153a.r2.dev/AKAM/2006-07-26/Akamai%20Technologies%2C%20Inc._2006-07-26_transcript/Akamai%20Technologies%2C%20Inc._2006-07-26_transcript.pdf/Akamai%20Technologies%2C%20Inc._2006-07-26_transcript.pdf",
        "periodicity": "periodic"
    },
    {
        "equity_ticker": "AKAM",
        "geography": "US",
        "content_name": "AKAM Q1 2006 Transcript",
        "file_type": "pdf",
        "content_type": "earnings_transcript",
        "published_date": "2006-04-26",
        "fiscal_date": "2006-04-26",
        "fiscal_year": 2006,
        "fiscal_quarter": 1,
        "r2_url": "https://pub-2c783279b61043e19fbdadd1bee5153a.r2.dev/AKAM/2006-04-26/Akamai%20Technologies%2C%20Inc._2006-04-26_transcript/Akamai%20Technologies%2C%20Inc._2006-04-26_transcript.pdf/Akamai%20Technologies%2C%20Inc._2006-04-26_transcript.pdf",
        "periodicity": "periodic"
    },
    {
        "equity_ticker": "AKAM",
        "geography": "US",
        "content_name": "AKAM Q4 2005 Transcript",
        "file_type": "pdf",
        "content_type": "earnings_transcript",
        "published_date": "2006-02-11",
        "fiscal_date": "2006-02-11",
        "fiscal_year": 2005,
        "fiscal_quarter": 4,
        "r2_url": "https://pub-2c783279b61043e19fbdadd1bee5153a.r2.dev/AKAM/2006-02-11/Akamai%20Technologies%2C%20Inc._2006-02-11_transcript/Akamai%20Technologies%2C%20Inc._2006-02-11_transcript.pdf/Akamai%20Technologies%2C%20Inc._2006-02-11_transcript.pdf",
        "periodicity": "periodic"
    }
]