[
    {
        "equity_ticker": "ALAB",
        "geography": "US",
        "content_name": "Morgan Stanley Technology, Media & Telecom Conference - March 5, 2025",
        "file_type": "pdf",
        "content_type": "sellside_conference_transcript",
        "published_date": "2025-03-05",
        "fiscal_date": "2025-03-05",
        "fiscal_year": null,
        "fiscal_quarter": null,
        "r2_url": "https://pub-2c783279b61043e19fbdadd1bee5153a.r2.dev/ALAB/2025-03-05/Astera%20Labs%2C%20Inc._2025-03-05_transcript/Astera%20Labs%2C%20Inc._2025-03-05_transcript.pdf/Astera%20Labs%2C%20Inc._2025-03-05_transcript.pdf",
        "periodicity": "non_periodic"
    },
    {
        "equity_ticker": "ALAB",
        "geography": "US",
        "content_name": "ALAB Q4 2024 Transcript",
        "file_type": "pdf",
        "content_type": "earnings_transcript",
        "published_date": "2025-02-10",
        "fiscal_date": "2025-02-10",
        "fiscal_year": 2024,
        "fiscal_quarter": 4,
        "r2_url": "https://pub-2c783279b61043e19fbdadd1bee5153a.r2.dev/ALAB/2025-02-10/Astera%20Labs%2C%20Inc._2025-02-10_transcript/Astera%20Labs%2C%20Inc._2025-02-10_transcript.pdf/Astera%20Labs%2C%20Inc._2025-02-10_transcript.pdf",
        "periodicity": "periodic"
    },
    {
        "equity_ticker": "ALAB",
        "geography": "US",
        "content_name": "ALAB Q4 2024 Press Release",
        "file_type": "pdf",
        "content_type": "earnings_press_release",
        "published_date": "2025-02-10",
        "fiscal_date": "2025-02-10",
        "fiscal_year": 2024,
        "fiscal_quarter": 4,
        "r2_url": "https://pub-2c783279b61043e19fbdadd1bee5153a.r2.dev/ALAB/2025-02-10/38da8-2025-02-10-09-07-10/38da8-2025-02-10-09-07-10.pdf/38da8-2025-02-10-09-07-10.pdf",
        "periodicity": "periodic"
    },
    {
        "equity_ticker": "ALAB",
        "geography": "US",
        "content_name": "Raymond James TMT and Consumer Conference - December 11, 2024",
        "file_type": "pdf",
        "content_type": "sellside_conference_transcript",
        "published_date": "2024-12-11",
        "fiscal_date": "2024-12-11",
        "fiscal_year": null,
        "fiscal_quarter": null,
        "r2_url": "https://pub-2c783279b61043e19fbdadd1bee5153a.r2.dev/ALAB/2024-12-11/Astera%20Labs%2C%20Inc._2024-12-11_transcript/Astera%20Labs%2C%20Inc._2024-12-11_transcript.pdf/Astera%20Labs%2C%20Inc._2024-12-11_transcript.pdf",
        "periodicity": "non_periodic"
    },
    {
        "equity_ticker": "ALAB",
        "geography": "US",
        "content_name": "Barclays 22nd Annual Global Technology Conference 2024 - December 11, 2024",
        "file_type": "pdf",
        "content_type": "sellside_conference_transcript",
        "published_date": "2024-12-11",
        "fiscal_date": "2024-12-11",
        "fiscal_year": null,
        "fiscal_quarter": null,
        "r2_url": "https://pub-2c783279b61043e19fbdadd1bee5153a.r2.dev/ALAB/2024-12-11/Astera%20Labs%2C%20Inc._2024-12-11_transcript/Astera%20Labs%2C%20Inc._2024-12-11_transcript.pdf/Astera%20Labs%2C%20Inc._2024-12-11_transcript.pdf",
        "periodicity": "non_periodic"
    },
    {
        "equity_ticker": "ALAB",
        "geography": "US",
        "content_name": "UBS Global Technology and AI Conference - December 4, 2024",
        "file_type": "pdf",
        "content_type": "sellside_conference_transcript",
        "published_date": "2024-12-04",
        "fiscal_date": "2024-12-04",
        "fiscal_year": null,
        "fiscal_quarter": null,
        "r2_url": "https://pub-2c783279b61043e19fbdadd1bee5153a.r2.dev/ALAB/2024-12-04/Astera%20Labs%2C%20Inc._2024-12-04_transcript/Astera%20Labs%2C%20Inc._2024-12-04_transcript.pdf/Astera%20Labs%2C%20Inc._2024-12-04_transcript.pdf",
        "periodicity": "non_periodic"
    },
    {
        "equity_ticker": "ALAB",
        "geography": "US",
        "content_name": "ALAB Q3 2024 Transcript",
        "file_type": "pdf",
        "content_type": "earnings_transcript",
        "published_date": "2024-11-04",
        "fiscal_date": "2024-11-04",
        "fiscal_year": 2024,
        "fiscal_quarter": 3,
        "r2_url": "https://pub-2c783279b61043e19fbdadd1bee5153a.r2.dev/ALAB/2024-11-04/Astera%20Labs%2C%20Inc._2024-11-04_transcript/Astera%20Labs%2C%20Inc._2024-11-04_transcript.pdf/Astera%20Labs%2C%20Inc._2024-11-04_transcript.pdf",
        "periodicity": "periodic"
    },
    {
        "equity_ticker": "ALAB",
        "geography": "US",
        "content_name": "ALAB Q3 2024 Press Release",
        "file_type": "pdf",
        "content_type": "earnings_press_release",
        "published_date": "2024-11-04",
        "fiscal_date": "2024-11-04",
        "fiscal_year": 2024,
        "fiscal_quarter": 3,
        "r2_url": "https://pub-2c783279b61043e19fbdadd1bee5153a.r2.dev/ALAB/2024-11-04/d742c-2024-11-04-09-42-08/d742c-2024-11-04-09-42-08.pdf/d742c-2024-11-04-09-42-08.pdf",
        "periodicity": "periodic"
    },
    {
        "equity_ticker": "ALAB",
        "geography": "US",
        "content_name": "Deutsche Bank Technology Conference 2024 - August 29, 2024",
        "file_type": "pdf",
        "content_type": "sellside_conference_transcript",
        "published_date": "2024-08-29",
        "fiscal_date": "2024-08-29",
        "fiscal_year": null,
        "fiscal_quarter": null,
        "r2_url": "https://pub-2c783279b61043e19fbdadd1bee5153a.r2.dev/ALAB/2024-08-29/Astera%20Labs%2C%20Inc._2024-08-29_transcript/Astera%20Labs%2C%20Inc._2024-08-29_transcript.pdf/Astera%20Labs%2C%20Inc._2024-08-29_transcript.pdf",
        "periodicity": "non_periodic"
    },
    {
        "equity_ticker": "ALAB",
        "geography": "US",
        "content_name": "ALAB Q2 2024 Transcript",
        "file_type": "pdf",
        "content_type": "earnings_transcript",
        "published_date": "2024-08-06",
        "fiscal_date": "2024-08-06",
        "fiscal_year": 2024,
        "fiscal_quarter": 2,
        "r2_url": "https://pub-2c783279b61043e19fbdadd1bee5153a.r2.dev/ALAB/2024-08-06/Astera%20Labs%2C%20Inc._2024-08-06_transcript/Astera%20Labs%2C%20Inc._2024-08-06_transcript.pdf/Astera%20Labs%2C%20Inc._2024-08-06_transcript.pdf",
        "periodicity": "periodic"
    },
    {
        "equity_ticker": "ALAB",
        "geography": "US",
        "content_name": "ALAB Q2 2024 Press Release",
        "file_type": "pdf",
        "content_type": "earnings_press_release",
        "published_date": "2024-08-06",
        "fiscal_date": "2024-08-06",
        "fiscal_year": 2024,
        "fiscal_quarter": 2,
        "r2_url": "https://pub-2c783279b61043e19fbdadd1bee5153a.r2.dev/ALAB/2024-08-06/e86ea-2024-08-06-08-11-14/e86ea-2024-08-06-08-11-14.pdf/e86ea-2024-08-06-08-11-14.pdf",
        "periodicity": "periodic"
    },
    {
        "equity_ticker": "ALAB",
        "geography": "US",
        "content_name": "The 52nd J.P. Morgan Annual Global Technology, Media & Communications Conference - May 21, 2024",
        "file_type": "pdf",
        "content_type": "sellside_conference_transcript",
        "published_date": "2024-05-21",
        "fiscal_date": "2024-05-21",
        "fiscal_year": null,
        "fiscal_quarter": null,
        "r2_url": "https://pub-2c783279b61043e19fbdadd1bee5153a.r2.dev/ALAB/2024-05-21/Astera%20Labs%2C%20Inc._2024-05-21_transcript/Astera%20Labs%2C%20Inc._2024-05-21_transcript.pdf/Astera%20Labs%2C%20Inc._2024-05-21_transcript.pdf",
        "periodicity": "non_periodic"
    },
    {
        "equity_ticker": "ALAB",
        "geography": "US",
        "content_name": "ALAB Q1 2024 Transcript",
        "file_type": "pdf",
        "content_type": "earnings_transcript",
        "published_date": "2024-05-07",
        "fiscal_date": "2024-05-07",
        "fiscal_year": 2024,
        "fiscal_quarter": 1,
        "r2_url": "https://pub-2c783279b61043e19fbdadd1bee5153a.r2.dev/ALAB/2024-05-07/Astera%20Labs%2C%20Inc._2024-05-07_transcript/Astera%20Labs%2C%20Inc._2024-05-07_transcript.pdf/Astera%20Labs%2C%20Inc._2024-05-07_transcript.pdf",
        "periodicity": "periodic"
    },
    {
        "equity_ticker": "ALAB",
        "geography": "US",
        "content_name": "ALAB Q1 2024 Press Release",
        "file_type": "pdf",
        "content_type": "earnings_press_release",
        "published_date": "2024-05-07",
        "fiscal_date": "2024-05-07",
        "fiscal_year": 2024,
        "fiscal_quarter": 1,
        "r2_url": "https://pub-2c783279b61043e19fbdadd1bee5153a.r2.dev/ALAB/2024-05-07/e3c3d-2024-05-07-08-34-13/e3c3d-2024-05-07-08-34-13.pdf/e3c3d-2024-05-07-08-34-13.pdf",
        "periodicity": "periodic"
    },
    {
        "equity_ticker": "ALAB",
        "geography": "US",
        "content_name": "ALAB Q4 2024 10-K",
        "file_type": "pdf",
        "content_type": "annual_report",
        "published_date": "2025-02-13",
        "fiscal_date": "2024-12-31",
        "fiscal_year": 2024,
        "fiscal_quarter": 4,
        "r2_url": "https://pub-2c783279b61043e19fbdadd1bee5153a.r2.dev/ALAB/2025-02-13/alab-20241231.htm/alab-20241231.pdf",
        "periodicity": "periodic"
    },
    {
        "equity_ticker": "ALAB",
        "geography": "US",
        "content_name": "ALAB Q3 2024 10-Q",
        "file_type": "pdf",
        "content_type": "quarterly_report",
        "published_date": "2024-11-04",
        "fiscal_date": "2024-09-30",
        "fiscal_year": 2024,
        "fiscal_quarter": 3,
        "r2_url": "https://pub-2c783279b61043e19fbdadd1bee5153a.r2.dev/ALAB/2024-11-04/alab-20240930.htm/alab-20240930.pdf",
        "periodicity": "periodic"
    },
    {
        "equity_ticker": "ALAB",
        "geography": "US",
        "content_name": "ALAB Q2 2024 10-Q",
        "file_type": "pdf",
        "content_type": "quarterly_report",
        "published_date": "2024-08-06",
        "fiscal_date": "2024-06-30",
        "fiscal_year": 2024,
        "fiscal_quarter": 2,
        "r2_url": "https://pub-2c783279b61043e19fbdadd1bee5153a.r2.dev/ALAB/2024-08-06/alab-20240630.htm/alab-20240630.pdf",
        "periodicity": "periodic"
    },
    {
        "equity_ticker": "ALAB",
        "geography": "US",
        "content_name": "ALAB Q1 2024 10-Q",
        "file_type": "pdf",
        "content_type": "quarterly_report",
        "published_date": "2024-05-07",
        "fiscal_date": "2024-03-31",
        "fiscal_year": 2024,
        "fiscal_quarter": 1,
        "r2_url": "https://pub-2c783279b61043e19fbdadd1bee5153a.r2.dev/ALAB/2024-05-07/alab-20240331.htm/alab-20240331.pdf",
        "periodicity": "periodic"
    },
    {
        "equity_ticker": "ALAB",
        "geography": "US",
        "content_name": "ALAB Q4 2007 10-Q",
        "file_type": "pdf",
        "content_type": "quarterly_report",
        "published_date": "2007-11-09",
        "fiscal_date": "2007-09-30",
        "fiscal_year": 2007,
        "fiscal_quarter": 4,
        "r2_url": "https://pub-2c783279b61043e19fbdadd1bee5153a.r2.dev/ALAB/2007-11-09/d10q.htm/d10q.pdf",
        "periodicity": "periodic"
    },
    {
        "equity_ticker": "ALAB",
        "geography": "US",
        "content_name": "ALAB Q3 2007 10-Q",
        "file_type": "pdf",
        "content_type": "quarterly_report",
        "published_date": "2007-08-08",
        "fiscal_date": "2007-06-30",
        "fiscal_year": 2007,
        "fiscal_quarter": 3,
        "r2_url": "https://pub-2c783279b61043e19fbdadd1bee5153a.r2.dev/ALAB/2007-08-08/d10q.htm/d10q.pdf",
        "periodicity": "periodic"
    },
    {
        "equity_ticker": "ALAB",
        "geography": "US",
        "content_name": "ALAB Q2 2007 10-Q",
        "file_type": "pdf",
        "content_type": "quarterly_report",
        "published_date": "2007-05-10",
        "fiscal_date": "2007-03-31",
        "fiscal_year": 2007,
        "fiscal_quarter": 2,
        "r2_url": "https://pub-2c783279b61043e19fbdadd1bee5153a.r2.dev/ALAB/2007-05-10/d10q.htm/d10q.pdf",
        "periodicity": "periodic"
    },
    {
        "equity_ticker": "ALAB",
        "geography": "US",
        "content_name": "ALAB Q1 2007 10-K",
        "file_type": "pdf",
        "content_type": "annual_report",
        "published_date": "2007-03-01",
        "fiscal_date": "2006-12-31",
        "fiscal_year": 2007,
        "fiscal_quarter": 1,
        "r2_url": "https://pub-2c783279b61043e19fbdadd1bee5153a.r2.dev/ALAB/2007-03-01/d10k.htm/d10k.pdf",
        "periodicity": "periodic"
    },
    {
        "equity_ticker": "ALAB",
        "geography": "US",
        "content_name": "ALAB Q4 2006 10-Q",
        "file_type": "pdf",
        "content_type": "quarterly_report",
        "published_date": "2006-11-09",
        "fiscal_date": "2006-09-30",
        "fiscal_year": 2006,
        "fiscal_quarter": 4,
        "r2_url": "https://pub-2c783279b61043e19fbdadd1bee5153a.r2.dev/ALAB/2006-11-09/d10q.htm/d10q.pdf",
        "periodicity": "periodic"
    },
    {
        "equity_ticker": "ALAB",
        "geography": "US",
        "content_name": "ALAB Q3 2006 10-Q",
        "file_type": "pdf",
        "content_type": "quarterly_report",
        "published_date": "2006-08-08",
        "fiscal_date": "2006-06-30",
        "fiscal_year": 2006,
        "fiscal_quarter": 3,
        "r2_url": "https://pub-2c783279b61043e19fbdadd1bee5153a.r2.dev/ALAB/2006-08-08/d10q.htm/d10q.pdf",
        "periodicity": "periodic"
    },
    {
        "equity_ticker": "ALAB",
        "geography": "US",
        "content_name": "ALAB Q2 2006 10-Q",
        "file_type": "pdf",
        "content_type": "quarterly_report",
        "published_date": "2006-05-10",
        "fiscal_date": "2006-03-31",
        "fiscal_year": 2006,
        "fiscal_quarter": 2,
        "r2_url": "https://pub-2c783279b61043e19fbdadd1bee5153a.r2.dev/ALAB/2006-05-10/d10q.htm/d10q.pdf",
        "periodicity": "periodic"
    },
    {
        "equity_ticker": "ALAB",
        "geography": "US",
        "content_name": "ALAB Q1 2006 10-K",
        "file_type": "pdf",
        "content_type": "annual_report",
        "published_date": "2006-03-15",
        "fiscal_date": "2005-12-31",
        "fiscal_year": 2006,
        "fiscal_quarter": 1,
        "r2_url": "https://pub-2c783279b61043e19fbdadd1bee5153a.r2.dev/ALAB/2006-03-15/d10k.htm/d10k.pdf",
        "periodicity": "periodic"
    },
    {
        "equity_ticker": "ALAB",
        "geography": "US",
        "content_name": "ALAB Q4 2005 10-Q",
        "file_type": "pdf",
        "content_type": "quarterly_report",
        "published_date": "2005-11-08",
        "fiscal_date": "2005-09-30",
        "fiscal_year": 2005,
        "fiscal_quarter": 4,
        "r2_url": "https://pub-2c783279b61043e19fbdadd1bee5153a.r2.dev/ALAB/2005-11-08/d10q.htm/d10q.pdf",
        "periodicity": "periodic"
    },
    {
        "equity_ticker": "ALAB",
        "geography": "US",
        "content_name": "ALAB Q3 2005 10-Q",
        "file_type": "pdf",
        "content_type": "quarterly_report",
        "published_date": "2005-08-05",
        "fiscal_date": "2005-06-30",
        "fiscal_year": 2005,
        "fiscal_quarter": 3,
        "r2_url": "https://pub-2c783279b61043e19fbdadd1bee5153a.r2.dev/ALAB/2005-08-05/d10q.htm/d10q.pdf",
        "periodicity": "periodic"
    },
    {
        "equity_ticker": "ALAB",
        "geography": "US",
        "content_name": "ALAB Q2 2005 10-Q",
        "file_type": "pdf",
        "content_type": "quarterly_report",
        "published_date": "2005-05-09",
        "fiscal_date": "2005-03-31",
        "fiscal_year": 2005,
        "fiscal_quarter": 2,
        "r2_url": "https://pub-2c783279b61043e19fbdadd1bee5153a.r2.dev/ALAB/2005-05-09/d10q.htm/d10q.pdf",
        "periodicity": "periodic"
    },
    {
        "equity_ticker": "ALAB",
        "geography": "US",
        "content_name": "ALAB Q1 2005 10-K",
        "file_type": "pdf",
        "content_type": "annual_report",
        "published_date": "2005-03-15",
        "fiscal_date": "2004-12-31",
        "fiscal_year": 2005,
        "fiscal_quarter": 1,
        "r2_url": "https://pub-2c783279b61043e19fbdadd1bee5153a.r2.dev/ALAB/2005-03-15/d10k.htm/d10k.pdf",
        "periodicity": "periodic"
    },
    {
        "equity_ticker": "ALAB",
        "geography": "US",
        "content_name": "ALAB Q4 2004 10-Q",
        "file_type": "pdf",
        "content_type": "quarterly_report",
        "published_date": "2004-11-09",
        "fiscal_date": "2004-09-30",
        "fiscal_year": 2004,
        "fiscal_quarter": 4,
        "r2_url": "https://pub-2c783279b61043e19fbdadd1bee5153a.r2.dev/ALAB/2004-11-09/d10q.htm/d10q.pdf",
        "periodicity": "periodic"
    },
    {
        "equity_ticker": "ALAB",
        "geography": "US",
        "content_name": "ALAB Q3 2004 10-Q",
        "file_type": "pdf",
        "content_type": "quarterly_report",
        "published_date": "2004-08-09",
        "fiscal_date": "2004-06-30",
        "fiscal_year": 2004,
        "fiscal_quarter": 3,
        "r2_url": "https://pub-2c783279b61043e19fbdadd1bee5153a.r2.dev/ALAB/2004-08-09/d10q.htm/d10q.pdf",
        "periodicity": "periodic"
    },
    {
        "equity_ticker": "ALAB",
        "geography": "US",
        "content_name": "ALAB Q2 2004 10-Q",
        "file_type": "pdf",
        "content_type": "quarterly_report",
        "published_date": "2004-05-10",
        "fiscal_date": "2004-03-31",
        "fiscal_year": 2004,
        "fiscal_quarter": 2,
        "r2_url": "https://pub-2c783279b61043e19fbdadd1bee5153a.r2.dev/ALAB/2004-05-10/d10q.htm/d10q.pdf",
        "periodicity": "periodic"
    },
    {
        "equity_ticker": "ALAB",
        "geography": "US",
        "content_name": "ALAB Q1 2004 10-K",
        "file_type": "pdf",
        "content_type": "annual_report",
        "published_date": "2004-03-12",
        "fiscal_date": "2003-12-31",
        "fiscal_year": 2004,
        "fiscal_quarter": 1,
        "r2_url": "https://pub-2c783279b61043e19fbdadd1bee5153a.r2.dev/ALAB/2004-03-12/d10k.htm/d10k.pdf",
        "periodicity": "periodic"
    },
    {
        "equity_ticker": "ALAB",
        "geography": "US",
        "content_name": "ALAB Q4 2003 10-Q",
        "file_type": "pdf",
        "content_type": "quarterly_report",
        "published_date": "2003-11-12",
        "fiscal_date": "2003-09-30",
        "fiscal_year": 2003,
        "fiscal_quarter": 4,
        "r2_url": "https://pub-2c783279b61043e19fbdadd1bee5153a.r2.dev/ALAB/2003-11-12/d10q.htm/d10q.pdf",
        "periodicity": "periodic"
    },
    {
        "equity_ticker": "ALAB",
        "geography": "US",
        "content_name": "ALAB Q3 2003 10-Q",
        "file_type": "pdf",
        "content_type": "quarterly_report",
        "published_date": "2003-08-12",
        "fiscal_date": "2003-06-30",
        "fiscal_year": 2003,
        "fiscal_quarter": 3,
        "r2_url": "https://pub-2c783279b61043e19fbdadd1bee5153a.r2.dev/ALAB/2003-08-12/d10q.htm/d10q.pdf",
        "periodicity": "periodic"
    },
    {
        "equity_ticker": "ALAB",
        "geography": "US",
        "content_name": "ALAB Q2 2003 10-Q",
        "file_type": "pdf",
        "content_type": "quarterly_report",
        "published_date": "2003-05-13",
        "fiscal_date": "2003-03-31",
        "fiscal_year": 2003,
        "fiscal_quarter": 2,
        "r2_url": "https://pub-2c783279b61043e19fbdadd1bee5153a.r2.dev/ALAB/2003-05-13/d10q.htm/d10q.pdf",
        "periodicity": "periodic"
    },
    {
        "equity_ticker": "ALAB",
        "geography": "US",
        "content_name": "ALAB Q1 2003 10-K",
        "file_type": "pdf",
        "content_type": "annual_report",
        "published_date": "2003-03-19",
        "fiscal_date": "2002-12-31",
        "fiscal_year": 2003,
        "fiscal_quarter": 1,
        "r2_url": "https://pub-2c783279b61043e19fbdadd1bee5153a.r2.dev/ALAB/2003-03-19/d10k.htm/d10k.pdf",
        "periodicity": "periodic"
    },
    {
        "equity_ticker": "ALAB",
        "geography": "US",
        "content_name": "ALAB Q4 2002 10-Q",
        "file_type": "pdf",
        "content_type": "quarterly_report",
        "published_date": "2002-11-13",
        "fiscal_date": "2002-09-30",
        "fiscal_year": 2002,
        "fiscal_quarter": 4,
        "r2_url": "https://pub-2c783279b61043e19fbdadd1bee5153a.r2.dev/ALAB/2002-11-13/d10q.htm/d10q.pdf",
        "periodicity": "periodic"
    },
    {
        "equity_ticker": "ALAB",
        "geography": "US",
        "content_name": "ALAB Q3 2002 10-Q",
        "file_type": "pdf",
        "content_type": "quarterly_report",
        "published_date": "2002-08-13",
        "fiscal_date": "2002-06-30",
        "fiscal_year": 2002,
        "fiscal_quarter": 3,
        "r2_url": "https://pub-2c783279b61043e19fbdadd1bee5153a.r2.dev/ALAB/2002-08-13/d10q.htm/d10q.pdf",
        "periodicity": "periodic"
    },
    {
        "equity_ticker": "ALAB",
        "geography": "US",
        "content_name": "ALAB Q2 2002 10-Q",
        "file_type": "pdf",
        "content_type": "quarterly_report",
        "published_date": "2002-05-14",
        "fiscal_date": "2002-03-31",
        "fiscal_year": 2002,
        "fiscal_quarter": 2,
        "r2_url": "https://pub-2c783279b61043e19fbdadd1bee5153a.r2.dev/ALAB/2002-05-14/d10q.htm/d10q.pdf",
        "periodicity": "periodic"
    },
    {
        "equity_ticker": "ALAB",
        "geography": "US",
        "content_name": "ALAB Q1 2002 10-K",
        "file_type": "pdf",
        "content_type": "annual_report",
        "published_date": "2002-03-20",
        "fiscal_date": "2001-12-31",
        "fiscal_year": 2002,
        "fiscal_quarter": 1,
        "r2_url": "https://pub-2c783279b61043e19fbdadd1bee5153a.r2.dev/ALAB/2002-03-20/d10k.txt/d10k.pdf",
        "periodicity": "periodic"
    },
    {
        "equity_ticker": "ALAB",
        "geography": "US",
        "content_name": "ALAB Q4 2001 10-Q",
        "file_type": "pdf",
        "content_type": "quarterly_report",
        "published_date": "2001-11-13",
        "fiscal_date": "2001-09-30",
        "fiscal_year": 2001,
        "fiscal_quarter": 4,
        "r2_url": "https://pub-2c783279b61043e19fbdadd1bee5153a.r2.dev/ALAB/2001-11-13/d10q.txt/d10q.pdf",
        "periodicity": "periodic"
    },
    {
        "equity_ticker": "ALAB",
        "geography": "US",
        "content_name": "ALAB Q2 2001 10-Q",
        "file_type": "pdf",
        "content_type": "quarterly_report",
        "published_date": "2001-05-14",
        "fiscal_date": "2001-03-31",
        "fiscal_year": 2001,
        "fiscal_quarter": 2,
        "r2_url": "https://pub-2c783279b61043e19fbdadd1bee5153a.r2.dev/ALAB/2001-05-14/d10q.txt/d10q.pdf",
        "periodicity": "periodic"
    },
    {
        "equity_ticker": "ALAB",
        "geography": "US",
        "content_name": "ALAB Q1 2001 10-K",
        "file_type": "pdf",
        "content_type": "annual_report",
        "published_date": "2001-03-22",
        "fiscal_date": "2000-12-31",
        "fiscal_year": 2001,
        "fiscal_quarter": 1,
        "r2_url": "https://pub-2c783279b61043e19fbdadd1bee5153a.r2.dev/ALAB/2001-03-22/0000931763-01-000485-0001.txt/0000931763-01-000485-0001.pdf",
        "periodicity": "periodic"
    },
    {
        "equity_ticker": "ALAB",
        "geography": "US",
        "content_name": "ALAB Q4 2000 10-Q",
        "file_type": "pdf",
        "content_type": "quarterly_report",
        "published_date": "2000-11-13",
        "fiscal_date": "2000-09-30",
        "fiscal_year": 2000,
        "fiscal_quarter": 4,
        "r2_url": "https://pub-2c783279b61043e19fbdadd1bee5153a.r2.dev/ALAB/2000-11-13/0000931763-00-002490-0001.txt/0000931763-00-002490-0001.pdf",
        "periodicity": "periodic"
    },
    {
        "equity_ticker": "ALAB",
        "geography": "US",
        "content_name": "ALAB Q3 2000 10-Q",
        "file_type": "pdf",
        "content_type": "quarterly_report",
        "published_date": "2000-08-10",
        "fiscal_date": "2000-06-30",
        "fiscal_year": 2000,
        "fiscal_quarter": 3,
        "r2_url": "https://pub-2c783279b61043e19fbdadd1bee5153a.r2.dev/ALAB/2000-08-10/0000931763-00-001865-0001.txt/0000931763-00-001865-0001.pdf",
        "periodicity": "periodic"
    },
    {
        "equity_ticker": "ALAB",
        "geography": "US",
        "content_name": "ALAB Q2 2000 10-Q",
        "file_type": "pdf",
        "content_type": "quarterly_report",
        "published_date": "2000-05-12",
        "fiscal_date": "2000-03-31",
        "fiscal_year": 2000,
        "fiscal_quarter": 2,
        "r2_url": "https://pub-2c783279b61043e19fbdadd1bee5153a.r2.dev/ALAB/2000-05-12/.pdf",
        "periodicity": "periodic"
    },
    {
        "equity_ticker": "ALAB",
        "geography": "US",
        "content_name": "ALAB Q1 2000 10-K",
        "file_type": "pdf",
        "content_type": "annual_report",
        "published_date": "2000-03-23",
        "fiscal_date": "1999-12-31",
        "fiscal_year": 2000,
        "fiscal_quarter": 1,
        "r2_url": "https://pub-2c783279b61043e19fbdadd1bee5153a.r2.dev/ALAB/2000-03-23/.pdf",
        "periodicity": "periodic"
    },
    {
        "equity_ticker": "ALAB",
        "geography": "US",
        "content_name": "ALAB Q4 1999 10-Q",
        "file_type": "pdf",
        "content_type": "quarterly_report",
        "published_date": "1999-11-10",
        "fiscal_date": "1999-09-30",
        "fiscal_year": 1999,
        "fiscal_quarter": 4,
        "r2_url": "https://pub-2c783279b61043e19fbdadd1bee5153a.r2.dev/ALAB/1999-11-10/.pdf",
        "periodicity": "periodic"
    },
    {
        "equity_ticker": "ALAB",
        "geography": "US",
        "content_name": "ALAB Q2 1999 10-Q",
        "file_type": "pdf",
        "content_type": "quarterly_report",
        "published_date": "1999-05-17",
        "fiscal_date": "1999-03-31",
        "fiscal_year": 1999,
        "fiscal_quarter": 2,
        "r2_url": "https://pub-2c783279b61043e19fbdadd1bee5153a.r2.dev/ALAB/1999-05-17/.pdf",
        "periodicity": "periodic"
    },
    {
        "equity_ticker": "ALAB",
        "geography": "US",
        "content_name": "ALAB Q1 1999 10-K",
        "file_type": "pdf",
        "content_type": "annual_report",
        "published_date": "1999-03-26",
        "fiscal_date": "1998-12-31",
        "fiscal_year": 1999,
        "fiscal_quarter": 1,
        "r2_url": "https://pub-2c783279b61043e19fbdadd1bee5153a.r2.dev/ALAB/1999-03-26/.pdf",
        "periodicity": "periodic"
    },
    {
        "equity_ticker": "ALAB",
        "geography": "US",
        "content_name": "ALAB Q4 1998 10-Q",
        "file_type": "pdf",
        "content_type": "quarterly_report",
        "published_date": "1998-11-13",
        "fiscal_date": "1998-09-30",
        "fiscal_year": 1998,
        "fiscal_quarter": 4,
        "r2_url": "https://pub-2c783279b61043e19fbdadd1bee5153a.r2.dev/ALAB/1998-11-13/.pdf",
        "periodicity": "periodic"
    },
    {
        "equity_ticker": "ALAB",
        "geography": "US",
        "content_name": "ALAB Q3 1998 10-Q",
        "file_type": "pdf",
        "content_type": "quarterly_report",
        "published_date": "1998-08-13",
        "fiscal_date": "1998-06-30",
        "fiscal_year": 1998,
        "fiscal_quarter": 3,
        "r2_url": "https://pub-2c783279b61043e19fbdadd1bee5153a.r2.dev/ALAB/1998-08-13/.pdf",
        "periodicity": "periodic"
    },
    {
        "equity_ticker": "ALAB",
        "geography": "US",
        "content_name": "ALAB Q2 1998 10-Q",
        "file_type": "pdf",
        "content_type": "quarterly_report",
        "published_date": "1998-05-13",
        "fiscal_date": "1998-03-31",
        "fiscal_year": 1998,
        "fiscal_quarter": 2,
        "r2_url": "https://pub-2c783279b61043e19fbdadd1bee5153a.r2.dev/ALAB/1998-05-13/.pdf",
        "periodicity": "periodic"
    },
    {
        "equity_ticker": "ALAB",
        "geography": "US",
        "content_name": "ALAB Q1 1998 10-K",
        "file_type": "pdf",
        "content_type": "annual_report",
        "published_date": "1998-03-31",
        "fiscal_date": "1997-12-31",
        "fiscal_year": 1998,
        "fiscal_quarter": 1,
        "r2_url": "https://pub-2c783279b61043e19fbdadd1bee5153a.r2.dev/ALAB/1998-03-31/.pdf",
        "periodicity": "periodic"
    },
    {
        "equity_ticker": "ALAB",
        "geography": "US",
        "content_name": "ALAB Q4 1997 10-Q",
        "file_type": "pdf",
        "content_type": "quarterly_report",
        "published_date": "1997-11-14",
        "fiscal_date": "1997-09-30",
        "fiscal_year": 1997,
        "fiscal_quarter": 4,
        "r2_url": "https://pub-2c783279b61043e19fbdadd1bee5153a.r2.dev/ALAB/1997-11-14/.pdf",
        "periodicity": "periodic"
    },
    {
        "equity_ticker": "ALAB",
        "geography": "US",
        "content_name": "ALAB Q3 1997 10-Q",
        "file_type": "pdf",
        "content_type": "quarterly_report",
        "published_date": "1997-08-13",
        "fiscal_date": "1997-06-30",
        "fiscal_year": 1997,
        "fiscal_quarter": 3,
        "r2_url": "https://pub-2c783279b61043e19fbdadd1bee5153a.r2.dev/ALAB/1997-08-13/.pdf",
        "periodicity": "periodic"
    },
    {
        "equity_ticker": "ALAB",
        "geography": "US",
        "content_name": "ALAB Q2 1997 10-Q",
        "file_type": "pdf",
        "content_type": "quarterly_report",
        "published_date": "1997-05-15",
        "fiscal_date": "1997-03-31",
        "fiscal_year": 1997,
        "fiscal_quarter": 2,
        "r2_url": "https://pub-2c783279b61043e19fbdadd1bee5153a.r2.dev/ALAB/1997-05-15/.pdf",
        "periodicity": "periodic"
    },
    {
        "equity_ticker": "ALAB",
        "geography": "US",
        "content_name": "ALAB Q1 1997 10-K",
        "file_type": "pdf",
        "content_type": "annual_report",
        "published_date": "1997-03-28",
        "fiscal_date": "1996-12-31",
        "fiscal_year": 1997,
        "fiscal_quarter": 1,
        "r2_url": "https://pub-2c783279b61043e19fbdadd1bee5153a.r2.dev/ALAB/1997-03-28/.pdf",
        "periodicity": "periodic"
    },
    {
        "equity_ticker": "ALAB",
        "geography": "US",
        "content_name": "ALAB Q4 1996 10-Q",
        "file_type": "pdf",
        "content_type": "quarterly_report",
        "published_date": "1996-11-14",
        "fiscal_date": "1996-09-30",
        "fiscal_year": 1996,
        "fiscal_quarter": 4,
        "r2_url": "https://pub-2c783279b61043e19fbdadd1bee5153a.r2.dev/ALAB/1996-11-14/.pdf",
        "periodicity": "periodic"
    },
    {
        "equity_ticker": "ALAB",
        "geography": "US",
        "content_name": "ALAB Q3 1996 10-Q",
        "file_type": "pdf",
        "content_type": "quarterly_report",
        "published_date": "1996-08-08",
        "fiscal_date": "1996-06-30",
        "fiscal_year": 1996,
        "fiscal_quarter": 3,
        "r2_url": "https://pub-2c783279b61043e19fbdadd1bee5153a.r2.dev/ALAB/1996-08-08/.pdf",
        "periodicity": "periodic"
    },
    {
        "equity_ticker": "ALAB",
        "geography": "US",
        "content_name": "ALAB Q2 1996 10-Q",
        "file_type": "pdf",
        "content_type": "quarterly_report",
        "published_date": "1996-05-09",
        "fiscal_date": "1996-03-31",
        "fiscal_year": 1996,
        "fiscal_quarter": 2,
        "r2_url": "https://pub-2c783279b61043e19fbdadd1bee5153a.r2.dev/ALAB/1996-05-09/.pdf",
        "periodicity": "periodic"
    }
]