[
    {
        "equity_ticker": "ALGM",
        "geography": "US",
        "content_name": "Morgan Stanley Technology, Media & Telecom Conference - March 4, 2025",
        "file_type": "pdf",
        "content_type": "sellside_conference_transcript",
        "published_date": "2025-03-04",
        "fiscal_date": "2025-03-04",
        "fiscal_year": null,
        "fiscal_quarter": null,
        "r2_url": "https://pub-2c783279b61043e19fbdadd1bee5153a.r2.dev/ALGM/2025-03-04/Allegro%20MicroSystems%2C%20Inc._2025-03-04_transcript/Allegro%20MicroSystems%2C%20Inc._2025-03-04_transcript.pdf/Allegro%20MicroSystems%2C%20Inc._2025-03-04_transcript.pdf",
        "periodicity": "non_periodic"
    },
    {
        "equity_ticker": "ALGM",
        "geography": "US",
        "content_name": "ALGM Q3 2025 Transcript",
        "file_type": "pdf",
        "content_type": "earnings_transcript",
        "published_date": "2025-01-30",
        "fiscal_date": "2025-01-30",
        "fiscal_year": 2025,
        "fiscal_quarter": 3,
        "r2_url": "https://pub-2c783279b61043e19fbdadd1bee5153a.r2.dev/ALGM/2025-01-30/Allegro%20MicroSystems%2C%20Inc._2025-01-30_transcript/Allegro%20MicroSystems%2C%20Inc._2025-01-30_transcript.pdf/Allegro%20MicroSystems%2C%20Inc._2025-01-30_transcript.pdf",
        "periodicity": "periodic"
    },
    {
        "equity_ticker": "ALGM",
        "geography": "US",
        "content_name": "ALGM Q3 2025 Press Release",
        "file_type": "pdf",
        "content_type": "earnings_press_release",
        "published_date": "2025-01-30",
        "fiscal_date": "2025-01-30",
        "fiscal_year": 2025,
        "fiscal_quarter": 3,
        "r2_url": "https://pub-2c783279b61043e19fbdadd1bee5153a.r2.dev/ALGM/2025-01-30/c4eec-2025-01-30-12-42-02/c4eec-2025-01-30-12-42-02.pdf/c4eec-2025-01-30-12-42-02.pdf",
        "periodicity": "periodic"
    },
    {
        "equity_ticker": "ALGM",
        "geography": "US",
        "content_name": "ALGM Q3 2025 Presentation",
        "file_type": "pdf",
        "content_type": "earnings_presentation",
        "published_date": "2025-01-30",
        "fiscal_date": "2025-01-30",
        "fiscal_year": 2025,
        "fiscal_quarter": 3,
        "r2_url": "https://pub-2c783279b61043e19fbdadd1bee5153a.r2.dev/ALGM/2025-01-30/6ebc7-2025-03-21-02-17-45/6ebc7-2025-03-21-02-17-45.pdf/6ebc7-2025-03-21-02-17-45.pdf",
        "periodicity": "periodic"
    },
    {
        "equity_ticker": "ALGM",
        "geography": "US",
        "content_name": "27th Annual Needham Growth Conference - January 16, 2025",
        "file_type": "pdf",
        "content_type": "company_conference_transcript",
        "published_date": "2025-01-16",
        "fiscal_date": "2025-01-16",
        "fiscal_year": null,
        "fiscal_quarter": null,
        "r2_url": "https://pub-2c783279b61043e19fbdadd1bee5153a.r2.dev/ALGM/2025-01-16/Allegro%20MicroSystems%2C%20Inc._2025-01-16_transcript/Allegro%20MicroSystems%2C%20Inc._2025-01-16_transcript.pdf/Allegro%20MicroSystems%2C%20Inc._2025-01-16_transcript.pdf",
        "periodicity": "non_periodic"
    },
    {
        "equity_ticker": "ALGM",
        "geography": "US",
        "content_name": "Wells Fargo 8th Annual TMT Summit - December 4, 2024",
        "file_type": "pdf",
        "content_type": "sellside_conference_transcript",
        "published_date": "2024-12-04",
        "fiscal_date": "2024-12-04",
        "fiscal_year": null,
        "fiscal_quarter": null,
        "r2_url": "https://pub-2c783279b61043e19fbdadd1bee5153a.r2.dev/ALGM/2024-12-04/Allegro%20MicroSystems%2C%20Inc._2024-12-04_transcript/Allegro%20MicroSystems%2C%20Inc._2024-12-04_transcript.pdf/Allegro%20MicroSystems%2C%20Inc._2024-12-04_transcript.pdf",
        "periodicity": "non_periodic"
    },
    {
        "equity_ticker": "ALGM",
        "geography": "US",
        "content_name": "ALGM Q2 2025 Transcript",
        "file_type": "pdf",
        "content_type": "earnings_transcript",
        "published_date": "2024-10-31",
        "fiscal_date": "2024-10-31",
        "fiscal_year": 2025,
        "fiscal_quarter": 2,
        "r2_url": "https://pub-2c783279b61043e19fbdadd1bee5153a.r2.dev/ALGM/2024-10-31/Allegro%20MicroSystems%2C%20Inc._2024-10-31_transcript/Allegro%20MicroSystems%2C%20Inc._2024-10-31_transcript.pdf/Allegro%20MicroSystems%2C%20Inc._2024-10-31_transcript.pdf",
        "periodicity": "periodic"
    },
    {
        "equity_ticker": "ALGM",
        "geography": "US",
        "content_name": "ALGM Q2 2025 Press Release",
        "file_type": "pdf",
        "content_type": "earnings_press_release",
        "published_date": "2024-10-31",
        "fiscal_date": "2024-10-31",
        "fiscal_year": 2025,
        "fiscal_quarter": 2,
        "r2_url": "https://pub-2c783279b61043e19fbdadd1bee5153a.r2.dev/ALGM/2024-10-31/21002-2024-10-31-11-58-04/21002-2024-10-31-11-58-04.pdf/21002-2024-10-31-11-58-04.pdf",
        "periodicity": "periodic"
    },
    {
        "equity_ticker": "ALGM",
        "geography": "US",
        "content_name": "ALGM Q1 2025 Transcript",
        "file_type": "pdf",
        "content_type": "earnings_transcript",
        "published_date": "2024-08-01",
        "fiscal_date": "2024-08-01",
        "fiscal_year": 2025,
        "fiscal_quarter": 1,
        "r2_url": "https://pub-2c783279b61043e19fbdadd1bee5153a.r2.dev/ALGM/2024-08-01/Allegro%20MicroSystems%2C%20Inc._2024-08-01_transcript/Allegro%20MicroSystems%2C%20Inc._2024-08-01_transcript.pdf/Allegro%20MicroSystems%2C%20Inc._2024-08-01_transcript.pdf",
        "periodicity": "periodic"
    },
    {
        "equity_ticker": "ALGM",
        "geography": "US",
        "content_name": "ALGM Q1 2025 Press Release",
        "file_type": "pdf",
        "content_type": "earnings_press_release",
        "published_date": "2024-08-01",
        "fiscal_date": "2024-08-01",
        "fiscal_year": 2025,
        "fiscal_quarter": 1,
        "r2_url": "https://pub-2c783279b61043e19fbdadd1bee5153a.r2.dev/ALGM/2024-08-01/5d714-2024-08-01-11-42-09/5d714-2024-08-01-11-42-09.pdf/5d714-2024-08-01-11-42-09.pdf",
        "periodicity": "periodic"
    },
    {
        "equity_ticker": "ALGM",
        "geography": "US",
        "content_name": "ALGM Q1 2025 Presentation",
        "file_type": "pdf",
        "content_type": "earnings_presentation",
        "published_date": "2024-08-01",
        "fiscal_date": "2024-08-01",
        "fiscal_year": 2025,
        "fiscal_quarter": 1,
        "r2_url": "https://pub-2c783279b61043e19fbdadd1bee5153a.r2.dev/ALGM/2024-08-01/09ab7-2025-03-21-02-27-46/09ab7-2025-03-21-02-27-46.pdf/09ab7-2025-03-21-02-27-46.pdf",
        "periodicity": "periodic"
    },
    {
        "equity_ticker": "ALGM",
        "geography": "US",
        "content_name": "TD Cowen\u2019s 52nd Annual Technology, Media & Telecom Conference 2024 - May 29, 2024",
        "file_type": "pdf",
        "content_type": "company_conference_transcript",
        "published_date": "2024-05-29",
        "fiscal_date": "2024-05-29",
        "fiscal_year": null,
        "fiscal_quarter": null,
        "r2_url": "https://pub-2c783279b61043e19fbdadd1bee5153a.r2.dev/ALGM/2024-05-29/Allegro%20MicroSystems%2C%20Inc._2024-05-29_transcript/Allegro%20MicroSystems%2C%20Inc._2024-05-29_transcript.pdf/Allegro%20MicroSystems%2C%20Inc._2024-05-29_transcript.pdf",
        "periodicity": "non_periodic"
    },
    {
        "equity_ticker": "ALGM",
        "geography": "US",
        "content_name": "ALGM Q4 2024 Transcript",
        "file_type": "pdf",
        "content_type": "earnings_transcript",
        "published_date": "2024-05-09",
        "fiscal_date": "2024-05-09",
        "fiscal_year": 2024,
        "fiscal_quarter": 4,
        "r2_url": "https://pub-2c783279b61043e19fbdadd1bee5153a.r2.dev/ALGM/2024-05-09/Allegro%20MicroSystems%2C%20Inc._2024-05-09_transcript/Allegro%20MicroSystems%2C%20Inc._2024-05-09_transcript.pdf/Allegro%20MicroSystems%2C%20Inc._2024-05-09_transcript.pdf",
        "periodicity": "periodic"
    },
    {
        "equity_ticker": "ALGM",
        "geography": "US",
        "content_name": "ALGM Q4 2024 Press Release",
        "file_type": "pdf",
        "content_type": "earnings_press_release",
        "published_date": "2024-05-09",
        "fiscal_date": "2024-05-09",
        "fiscal_year": 2024,
        "fiscal_quarter": 4,
        "r2_url": "https://pub-2c783279b61043e19fbdadd1bee5153a.r2.dev/ALGM/2024-05-09/ecaf6-2024-05-09-11-40-08/ecaf6-2024-05-09-11-40-08.pdf/ecaf6-2024-05-09-11-40-08.pdf",
        "periodicity": "periodic"
    },
    {
        "equity_ticker": "ALGM",
        "geography": "US",
        "content_name": "ALGM Q4 2024 Presentation",
        "file_type": "pdf",
        "content_type": "earnings_presentation",
        "published_date": "2024-05-09",
        "fiscal_date": "2024-05-09",
        "fiscal_year": 2024,
        "fiscal_quarter": 4,
        "r2_url": "https://pub-2c783279b61043e19fbdadd1bee5153a.r2.dev/ALGM/2024-05-09/ba786-2025-03-21-02-08-47/ba786-2025-03-21-02-08-47.pdf/ba786-2025-03-21-02-08-47.pdf",
        "periodicity": "periodic"
    },
    {
        "equity_ticker": "ALGM",
        "geography": "US",
        "content_name": "Morgan Stanley\u2019s Technology, Media & Telecom Conference 2024 - March 4, 2024",
        "file_type": "pdf",
        "content_type": "sellside_conference_transcript",
        "published_date": "2024-03-04",
        "fiscal_date": "2024-03-04",
        "fiscal_year": null,
        "fiscal_quarter": null,
        "r2_url": "https://pub-2c783279b61043e19fbdadd1bee5153a.r2.dev/ALGM/2024-03-04/Allegro%20MicroSystems%2C%20Inc._2024-03-04_transcript/Allegro%20MicroSystems%2C%20Inc._2024-03-04_transcript.pdf/Allegro%20MicroSystems%2C%20Inc._2024-03-04_transcript.pdf",
        "periodicity": "non_periodic"
    },
    {
        "equity_ticker": "ALGM",
        "geography": "US",
        "content_name": "ALGM Q3 2024 Transcript",
        "file_type": "pdf",
        "content_type": "earnings_transcript",
        "published_date": "2024-02-01",
        "fiscal_date": "2024-02-01",
        "fiscal_year": 2024,
        "fiscal_quarter": 3,
        "r2_url": "https://pub-2c783279b61043e19fbdadd1bee5153a.r2.dev/ALGM/2024-02-01/Allegro%20MicroSystems%2C%20Inc._2024-02-01_transcript/Allegro%20MicroSystems%2C%20Inc._2024-02-01_transcript.pdf/Allegro%20MicroSystems%2C%20Inc._2024-02-01_transcript.pdf",
        "periodicity": "periodic"
    },
    {
        "equity_ticker": "ALGM",
        "geography": "US",
        "content_name": "ALGM Q3 2024 Press Release",
        "file_type": "pdf",
        "content_type": "earnings_press_release",
        "published_date": "2024-02-01",
        "fiscal_date": "2024-02-01",
        "fiscal_year": 2024,
        "fiscal_quarter": 3,
        "r2_url": "https://pub-2c783279b61043e19fbdadd1bee5153a.r2.dev/ALGM/2024-02-01/6c70e-2024-02-01-12-00-08/6c70e-2024-02-01-12-00-08.pdf/6c70e-2024-02-01-12-00-08.pdf",
        "periodicity": "periodic"
    },
    {
        "equity_ticker": "ALGM",
        "geography": "US",
        "content_name": "ALGM Q3 2024 Presentation",
        "file_type": "pdf",
        "content_type": "earnings_presentation",
        "published_date": "2024-02-01",
        "fiscal_date": "2024-02-01",
        "fiscal_year": 2024,
        "fiscal_quarter": 3,
        "r2_url": "https://pub-2c783279b61043e19fbdadd1bee5153a.r2.dev/ALGM/2024-02-01/25fe6-2025-03-21-02-54-48/25fe6-2025-03-21-02-54-48.pdf/25fe6-2025-03-21-02-54-48.pdf",
        "periodicity": "periodic"
    },
    {
        "equity_ticker": "ALGM",
        "geography": "US",
        "content_name": "26th Annual Needham Growth Virtual Conference - January 19, 2024",
        "file_type": "pdf",
        "content_type": "company_conference_transcript",
        "published_date": "2024-01-19",
        "fiscal_date": "2024-01-19",
        "fiscal_year": null,
        "fiscal_quarter": null,
        "r2_url": "https://pub-2c783279b61043e19fbdadd1bee5153a.r2.dev/ALGM/2024-01-19/Allegro%20MicroSystems%2C%20Inc._2024-01-19_transcript/Allegro%20MicroSystems%2C%20Inc._2024-01-19_transcript.pdf/Allegro%20MicroSystems%2C%20Inc._2024-01-19_transcript.pdf",
        "periodicity": "non_periodic"
    },
    {
        "equity_ticker": "ALGM",
        "geography": "US",
        "content_name": "ALGM Q2 2024 Transcript",
        "file_type": "pdf",
        "content_type": "earnings_transcript",
        "published_date": "2023-11-02",
        "fiscal_date": "2023-11-02",
        "fiscal_year": 2024,
        "fiscal_quarter": 2,
        "r2_url": "https://pub-2c783279b61043e19fbdadd1bee5153a.r2.dev/ALGM/2023-11-02/Allegro%20MicroSystems%2C%20Inc._2023-11-02_transcript/Allegro%20MicroSystems%2C%20Inc._2023-11-02_transcript.pdf/Allegro%20MicroSystems%2C%20Inc._2023-11-02_transcript.pdf",
        "periodicity": "periodic"
    },
    {
        "equity_ticker": "ALGM",
        "geography": "US",
        "content_name": "ALGM Q2 2024 Press Release",
        "file_type": "pdf",
        "content_type": "earnings_press_release",
        "published_date": "2023-11-02",
        "fiscal_date": "2023-11-02",
        "fiscal_year": 2024,
        "fiscal_quarter": 2,
        "r2_url": "https://pub-2c783279b61043e19fbdadd1bee5153a.r2.dev/ALGM/2023-11-02/b1622-2023-11-02-11-22-14/b1622-2023-11-02-11-22-14.pdf/b1622-2023-11-02-11-22-14.pdf",
        "periodicity": "periodic"
    },
    {
        "equity_ticker": "ALGM",
        "geography": "US",
        "content_name": "ALGM Q2 2024 Presentation",
        "file_type": "pdf",
        "content_type": "earnings_presentation",
        "published_date": "2023-11-02",
        "fiscal_date": "2023-11-02",
        "fiscal_year": 2024,
        "fiscal_quarter": 2,
        "r2_url": "https://pub-2c783279b61043e19fbdadd1bee5153a.r2.dev/ALGM/2023-11-02/e8d64-2025-03-21-02-33-50/e8d64-2025-03-21-02-33-50.pdf/e8d64-2025-03-21-02-33-50.pdf",
        "periodicity": "periodic"
    },
    {
        "equity_ticker": "ALGM",
        "geography": "US",
        "content_name": "M&A Announcement - August 8, 2023",
        "file_type": "pdf",
        "content_type": "company_conference_transcript",
        "published_date": "2023-08-08",
        "fiscal_date": "2023-08-08",
        "fiscal_year": null,
        "fiscal_quarter": null,
        "r2_url": "https://pub-2c783279b61043e19fbdadd1bee5153a.r2.dev/ALGM/2023-08-08/Allegro%20MicroSystems%2C%20Inc._2023-08-08_transcript/Allegro%20MicroSystems%2C%20Inc._2023-08-08_transcript.pdf/Allegro%20MicroSystems%2C%20Inc._2023-08-08_transcript.pdf",
        "periodicity": "non_periodic"
    },
    {
        "equity_ticker": "ALGM",
        "geography": "US",
        "content_name": "M&A Announcement - August 8, 2023",
        "file_type": "pdf",
        "content_type": "company_conference_press_release",
        "published_date": "2023-08-08",
        "fiscal_date": "2023-08-08",
        "fiscal_year": null,
        "fiscal_quarter": null,
        "r2_url": "https://pub-2c783279b61043e19fbdadd1bee5153a.r2.dev/ALGM/2023-08-08/b148e-2023-08-08-02-18-39/b148e-2023-08-08-02-18-39.pdf/b148e-2023-08-08-02-18-39.pdf",
        "periodicity": "non_periodic"
    },
    {
        "equity_ticker": "ALGM",
        "geography": "US",
        "content_name": "M&A Announcement - August 8, 2023",
        "file_type": "pdf",
        "content_type": "company_conference_presentation",
        "published_date": "2023-08-08",
        "fiscal_date": "2023-08-08",
        "fiscal_year": null,
        "fiscal_quarter": null,
        "r2_url": "https://pub-2c783279b61043e19fbdadd1bee5153a.r2.dev/ALGM/2023-08-08/c12d3-2023-08-08-11-49-52/c12d3-2023-08-08-11-49-52.pdf/c12d3-2023-08-08-11-49-52.pdf",
        "periodicity": "non_periodic"
    },
    {
        "equity_ticker": "ALGM",
        "geography": "US",
        "content_name": "ALGM Q1 2024 Transcript",
        "file_type": "pdf",
        "content_type": "earnings_transcript",
        "published_date": "2023-08-01",
        "fiscal_date": "2023-08-01",
        "fiscal_year": 2024,
        "fiscal_quarter": 1,
        "r2_url": "https://pub-2c783279b61043e19fbdadd1bee5153a.r2.dev/ALGM/2023-08-01/Allegro%20MicroSystems%2C%20Inc._2023-08-01_transcript/Allegro%20MicroSystems%2C%20Inc._2023-08-01_transcript.pdf/Allegro%20MicroSystems%2C%20Inc._2023-08-01_transcript.pdf",
        "periodicity": "periodic"
    },
    {
        "equity_ticker": "ALGM",
        "geography": "US",
        "content_name": "ALGM Q1 2024 Press Release",
        "file_type": "pdf",
        "content_type": "earnings_press_release",
        "published_date": "2023-08-01",
        "fiscal_date": "2023-08-01",
        "fiscal_year": 2024,
        "fiscal_quarter": 1,
        "r2_url": "https://pub-2c783279b61043e19fbdadd1bee5153a.r2.dev/ALGM/2023-08-01/66313-2023-08-01-11-14-11/66313-2023-08-01-11-14-11.pdf/66313-2023-08-01-11-14-11.pdf",
        "periodicity": "periodic"
    },
    {
        "equity_ticker": "ALGM",
        "geography": "US",
        "content_name": "ALGM Q1 2024 Presentation",
        "file_type": "pdf",
        "content_type": "earnings_presentation",
        "published_date": "2023-08-01",
        "fiscal_date": "2023-08-01",
        "fiscal_year": 2024,
        "fiscal_quarter": 1,
        "r2_url": "https://pub-2c783279b61043e19fbdadd1bee5153a.r2.dev/ALGM/2023-08-01/6e918-2025-03-21-02-07-51/6e918-2025-03-21-02-07-51.pdf/6e918-2025-03-21-02-07-51.pdf",
        "periodicity": "periodic"
    },
    {
        "equity_ticker": "ALGM",
        "geography": "US",
        "content_name": "ALGM Q4 2023 Transcript",
        "file_type": "pdf",
        "content_type": "earnings_transcript",
        "published_date": "2023-05-11",
        "fiscal_date": "2023-05-11",
        "fiscal_year": 2023,
        "fiscal_quarter": 4,
        "r2_url": "https://pub-2c783279b61043e19fbdadd1bee5153a.r2.dev/ALGM/2023-05-11/Allegro%20MicroSystems%2C%20Inc._2023-05-11_transcript/Allegro%20MicroSystems%2C%20Inc._2023-05-11_transcript.pdf/Allegro%20MicroSystems%2C%20Inc._2023-05-11_transcript.pdf",
        "periodicity": "periodic"
    },
    {
        "equity_ticker": "ALGM",
        "geography": "US",
        "content_name": "ALGM Q4 2023 Press Release",
        "file_type": "pdf",
        "content_type": "earnings_press_release",
        "published_date": "2023-05-11",
        "fiscal_date": "2023-05-11",
        "fiscal_year": 2023,
        "fiscal_quarter": 4,
        "r2_url": "https://pub-2c783279b61043e19fbdadd1bee5153a.r2.dev/ALGM/2023-05-11/97c5d-2023-05-10-08-57-56/97c5d-2023-05-10-08-57-56.pdf/97c5d-2023-05-10-08-57-56.pdf",
        "periodicity": "periodic"
    },
    {
        "equity_ticker": "ALGM",
        "geography": "US",
        "content_name": "Investor Day 2023 - March 14, 2023",
        "file_type": "pdf",
        "content_type": "company_conference_transcript",
        "published_date": "2023-03-14",
        "fiscal_date": "2023-03-14",
        "fiscal_year": null,
        "fiscal_quarter": null,
        "r2_url": "https://pub-2c783279b61043e19fbdadd1bee5153a.r2.dev/ALGM/2023-03-14/Allegro%20MicroSystems%2C%20Inc._2023-03-14_transcript/Allegro%20MicroSystems%2C%20Inc._2023-03-14_transcript.pdf/Allegro%20MicroSystems%2C%20Inc._2023-03-14_transcript.pdf",
        "periodicity": "non_periodic"
    },
    {
        "equity_ticker": "ALGM",
        "geography": "US",
        "content_name": "Investor Day 2023 - March 14, 2023",
        "file_type": "pdf",
        "content_type": "company_conference_presentation",
        "published_date": "2023-03-14",
        "fiscal_date": "2023-03-14",
        "fiscal_year": null,
        "fiscal_quarter": null,
        "r2_url": "https://pub-2c783279b61043e19fbdadd1bee5153a.r2.dev/ALGM/2023-03-14/3ca20-2023-03-14-06-55-28/3ca20-2023-03-14-06-55-28.pdf/3ca20-2023-03-14-06-55-28.pdf",
        "periodicity": "non_periodic"
    },
    {
        "equity_ticker": "ALGM",
        "geography": "US",
        "content_name": "ALGM Q3 2023 Transcript",
        "file_type": "pdf",
        "content_type": "earnings_transcript",
        "published_date": "2023-01-31",
        "fiscal_date": "2023-01-31",
        "fiscal_year": 2023,
        "fiscal_quarter": 3,
        "r2_url": "https://pub-2c783279b61043e19fbdadd1bee5153a.r2.dev/ALGM/2023-01-31/Allegro%20MicroSystems%2C%20Inc._2023-01-31_transcript/Allegro%20MicroSystems%2C%20Inc._2023-01-31_transcript.pdf/Allegro%20MicroSystems%2C%20Inc._2023-01-31_transcript.pdf",
        "periodicity": "periodic"
    },
    {
        "equity_ticker": "ALGM",
        "geography": "US",
        "content_name": "ALGM Q3 2023 Press Release",
        "file_type": "pdf",
        "content_type": "earnings_press_release",
        "published_date": "2023-01-31",
        "fiscal_date": "2023-01-31",
        "fiscal_year": 2023,
        "fiscal_quarter": 3,
        "r2_url": "https://pub-2c783279b61043e19fbdadd1bee5153a.r2.dev/ALGM/2023-01-31/f989c-2023-01-31-12-11-11/f989c-2023-01-31-12-11-11.pdf/f989c-2023-01-31-12-11-11.pdf",
        "periodicity": "periodic"
    },
    {
        "equity_ticker": "ALGM",
        "geography": "US",
        "content_name": "Needham Growth Conference - January 10, 2023",
        "file_type": "pdf",
        "content_type": "company_conference_transcript",
        "published_date": "2023-01-10",
        "fiscal_date": "2023-01-10",
        "fiscal_year": null,
        "fiscal_quarter": null,
        "r2_url": "https://pub-2c783279b61043e19fbdadd1bee5153a.r2.dev/ALGM/2023-01-10/Allegro%20MicroSystems%2C%20Inc._2023-01-10_transcript/Allegro%20MicroSystems%2C%20Inc._2023-01-10_transcript.pdf/Allegro%20MicroSystems%2C%20Inc._2023-01-10_transcript.pdf",
        "periodicity": "non_periodic"
    },
    {
        "equity_ticker": "ALGM",
        "geography": "US",
        "content_name": "ALGM Q2 2023 Transcript",
        "file_type": "pdf",
        "content_type": "earnings_transcript",
        "published_date": "2022-10-27",
        "fiscal_date": "2022-10-27",
        "fiscal_year": 2023,
        "fiscal_quarter": 2,
        "r2_url": "https://pub-2c783279b61043e19fbdadd1bee5153a.r2.dev/ALGM/2022-10-27/Allegro%20MicroSystems%2C%20Inc._2022-10-27_transcript/Allegro%20MicroSystems%2C%20Inc._2022-10-27_transcript.pdf/Allegro%20MicroSystems%2C%20Inc._2022-10-27_transcript.pdf",
        "periodicity": "periodic"
    },
    {
        "equity_ticker": "ALGM",
        "geography": "US",
        "content_name": "ALGM Q2 2023 Press Release",
        "file_type": "pdf",
        "content_type": "earnings_press_release",
        "published_date": "2022-10-27",
        "fiscal_date": "2022-10-27",
        "fiscal_year": 2023,
        "fiscal_quarter": 2,
        "r2_url": "https://pub-2c783279b61043e19fbdadd1bee5153a.r2.dev/ALGM/2022-10-27/c8527-2022-10-27-11-06-06/c8527-2022-10-27-11-06-06.pdf/c8527-2022-10-27-11-06-06.pdf",
        "periodicity": "periodic"
    },
    {
        "equity_ticker": "ALGM",
        "geography": "US",
        "content_name": "ALGM Q1 2023 Transcript",
        "file_type": "pdf",
        "content_type": "earnings_transcript",
        "published_date": "2022-07-28",
        "fiscal_date": "2022-07-28",
        "fiscal_year": 2023,
        "fiscal_quarter": 1,
        "r2_url": "https://pub-2c783279b61043e19fbdadd1bee5153a.r2.dev/ALGM/2022-07-28/Allegro%20MicroSystems%2C%20Inc._2022-07-28_transcript/Allegro%20MicroSystems%2C%20Inc._2022-07-28_transcript.pdf/Allegro%20MicroSystems%2C%20Inc._2022-07-28_transcript.pdf",
        "periodicity": "periodic"
    },
    {
        "equity_ticker": "ALGM",
        "geography": "US",
        "content_name": "ALGM Q1 2023 Press Release",
        "file_type": "pdf",
        "content_type": "earnings_press_release",
        "published_date": "2022-07-28",
        "fiscal_date": "2022-07-28",
        "fiscal_year": 2023,
        "fiscal_quarter": 1,
        "r2_url": "https://pub-2c783279b61043e19fbdadd1bee5153a.r2.dev/ALGM/2022-07-28/961e2-2022-07-28-11-00-34/961e2-2022-07-28-11-00-34.pdf/961e2-2022-07-28-11-00-34.pdf",
        "periodicity": "periodic"
    },
    {
        "equity_ticker": "ALGM",
        "geography": "US",
        "content_name": "ALGM Q4 2022 Transcript",
        "file_type": "pdf",
        "content_type": "earnings_transcript",
        "published_date": "2022-05-10",
        "fiscal_date": "2022-05-10",
        "fiscal_year": 2022,
        "fiscal_quarter": 4,
        "r2_url": "https://pub-2c783279b61043e19fbdadd1bee5153a.r2.dev/ALGM/2022-05-10/Allegro%20MicroSystems%2C%20Inc._2022-05-10_transcript/Allegro%20MicroSystems%2C%20Inc._2022-05-10_transcript.pdf/Allegro%20MicroSystems%2C%20Inc._2022-05-10_transcript.pdf",
        "periodicity": "periodic"
    },
    {
        "equity_ticker": "ALGM",
        "geography": "US",
        "content_name": "ALGM Q4 2022 Press Release",
        "file_type": "pdf",
        "content_type": "earnings_press_release",
        "published_date": "2022-05-10",
        "fiscal_date": "2022-05-10",
        "fiscal_year": 2022,
        "fiscal_quarter": 4,
        "r2_url": "https://pub-2c783279b61043e19fbdadd1bee5153a.r2.dev/ALGM/2022-05-10/30815-2022-06-29-01-41-45/30815-2022-06-29-01-41-45.pdf/30815-2022-06-29-01-41-45.pdf",
        "periodicity": "periodic"
    },
    {
        "equity_ticker": "ALGM",
        "geography": "US",
        "content_name": "ALGM Q3 2022 Transcript",
        "file_type": "pdf",
        "content_type": "earnings_transcript",
        "published_date": "2022-02-01",
        "fiscal_date": "2022-02-01",
        "fiscal_year": 2022,
        "fiscal_quarter": 3,
        "r2_url": "https://pub-2c783279b61043e19fbdadd1bee5153a.r2.dev/ALGM/2022-02-01/Allegro%20MicroSystems%2C%20Inc._2022-02-01_transcript/Allegro%20MicroSystems%2C%20Inc._2022-02-01_transcript.pdf/Allegro%20MicroSystems%2C%20Inc._2022-02-01_transcript.pdf",
        "periodicity": "periodic"
    },
    {
        "equity_ticker": "ALGM",
        "geography": "US",
        "content_name": "ALGM Q3 2022 Press Release",
        "file_type": "pdf",
        "content_type": "earnings_press_release",
        "published_date": "2022-02-01",
        "fiscal_date": "2022-02-01",
        "fiscal_year": 2022,
        "fiscal_quarter": 3,
        "r2_url": "https://pub-2c783279b61043e19fbdadd1bee5153a.r2.dev/ALGM/2022-02-01/49d33-2023-01-25-12-29-22/49d33-2023-01-25-12-29-22.pdf/49d33-2023-01-25-12-29-22.pdf",
        "periodicity": "periodic"
    },
    {
        "equity_ticker": "ALGM",
        "geography": "US",
        "content_name": "ALGM Q2 2022 Transcript",
        "file_type": "pdf",
        "content_type": "earnings_transcript",
        "published_date": "2021-10-28",
        "fiscal_date": "2021-10-28",
        "fiscal_year": 2022,
        "fiscal_quarter": 2,
        "r2_url": "https://pub-2c783279b61043e19fbdadd1bee5153a.r2.dev/ALGM/2021-10-28/Allegro%20MicroSystems%2C%20Inc._2021-10-28_transcript/Allegro%20MicroSystems%2C%20Inc._2021-10-28_transcript.pdf/Allegro%20MicroSystems%2C%20Inc._2021-10-28_transcript.pdf",
        "periodicity": "periodic"
    },
    {
        "equity_ticker": "ALGM",
        "geography": "US",
        "content_name": "ALGM Q2 2022 Press Release",
        "file_type": "pdf",
        "content_type": "earnings_press_release",
        "published_date": "2021-10-28",
        "fiscal_date": "2021-10-28",
        "fiscal_year": 2022,
        "fiscal_quarter": 2,
        "r2_url": "https://pub-2c783279b61043e19fbdadd1bee5153a.r2.dev/ALGM/2021-10-28/a162b-2024-03-21-04-39-32/a162b-2024-03-21-04-39-32.pdf/a162b-2024-03-21-04-39-32.pdf",
        "periodicity": "periodic"
    },
    {
        "equity_ticker": "ALGM",
        "geography": "US",
        "content_name": "ALGM Q1 2022 Transcript",
        "file_type": "pdf",
        "content_type": "earnings_transcript",
        "published_date": "2021-07-29",
        "fiscal_date": "2021-07-29",
        "fiscal_year": 2022,
        "fiscal_quarter": 1,
        "r2_url": "https://pub-2c783279b61043e19fbdadd1bee5153a.r2.dev/ALGM/2021-07-29/Allegro%20MicroSystems%2C%20Inc._2021-07-29_transcript/Allegro%20MicroSystems%2C%20Inc._2021-07-29_transcript.pdf/Allegro%20MicroSystems%2C%20Inc._2021-07-29_transcript.pdf",
        "periodicity": "periodic"
    },
    {
        "equity_ticker": "ALGM",
        "geography": "US",
        "content_name": "ALGM Q1 2022 Press Release",
        "file_type": "pdf",
        "content_type": "earnings_press_release",
        "published_date": "2021-07-29",
        "fiscal_date": "2021-07-29",
        "fiscal_year": 2022,
        "fiscal_quarter": 1,
        "r2_url": "https://pub-2c783279b61043e19fbdadd1bee5153a.r2.dev/ALGM/2021-07-29/25121-2024-03-21-04-51-33/25121-2024-03-21-04-51-33.pdf/25121-2024-03-21-04-51-33.pdf",
        "periodicity": "periodic"
    },
    {
        "equity_ticker": "ALGM",
        "geography": "US",
        "content_name": "ALGM Q4 2021 Transcript",
        "file_type": "pdf",
        "content_type": "earnings_transcript",
        "published_date": "2021-05-05",
        "fiscal_date": "2021-05-05",
        "fiscal_year": 2021,
        "fiscal_quarter": 4,
        "r2_url": "https://pub-2c783279b61043e19fbdadd1bee5153a.r2.dev/ALGM/2021-05-05/Allegro%20MicroSystems%2C%20Inc._2021-05-05_transcript/Allegro%20MicroSystems%2C%20Inc._2021-05-05_transcript.pdf/Allegro%20MicroSystems%2C%20Inc._2021-05-05_transcript.pdf",
        "periodicity": "periodic"
    },
    {
        "equity_ticker": "ALGM",
        "geography": "US",
        "content_name": "ALGM Q4 2021 Press Release",
        "file_type": "pdf",
        "content_type": "earnings_press_release",
        "published_date": "2021-05-05",
        "fiscal_date": "2021-05-05",
        "fiscal_year": 2021,
        "fiscal_quarter": 4,
        "r2_url": "https://pub-2c783279b61043e19fbdadd1bee5153a.r2.dev/ALGM/2021-05-05/64c89-2024-03-21-04-46-34/64c89-2024-03-21-04-46-34.pdf/64c89-2024-03-21-04-46-34.pdf",
        "periodicity": "periodic"
    },
    {
        "equity_ticker": "ALGM",
        "geography": "US",
        "content_name": "ALGM Q3 2021 Transcript",
        "file_type": "pdf",
        "content_type": "earnings_transcript",
        "published_date": "2021-02-02",
        "fiscal_date": "2021-02-02",
        "fiscal_year": 2021,
        "fiscal_quarter": 3,
        "r2_url": "https://pub-2c783279b61043e19fbdadd1bee5153a.r2.dev/ALGM/2021-02-02/Allegro%20MicroSystems%2C%20Inc._2021-02-02_transcript/Allegro%20MicroSystems%2C%20Inc._2021-02-02_transcript.pdf/Allegro%20MicroSystems%2C%20Inc._2021-02-02_transcript.pdf",
        "periodicity": "periodic"
    },
    {
        "equity_ticker": "ALGM",
        "geography": "US",
        "content_name": "ALGM Q3 2021 Press Release",
        "file_type": "pdf",
        "content_type": "earnings_press_release",
        "published_date": "2021-02-02",
        "fiscal_date": "2021-02-02",
        "fiscal_year": 2021,
        "fiscal_quarter": 3,
        "r2_url": "https://pub-2c783279b61043e19fbdadd1bee5153a.r2.dev/ALGM/2021-02-02/259d7-2024-03-21-04-33-35/259d7-2024-03-21-04-33-35.pdf/259d7-2024-03-21-04-33-35.pdf",
        "periodicity": "periodic"
    },
    {
        "equity_ticker": "ALGM",
        "geography": "US",
        "content_name": "ALGM Q2 2021 Transcript",
        "file_type": "pdf",
        "content_type": "earnings_transcript",
        "published_date": "2020-11-19",
        "fiscal_date": "2020-11-19",
        "fiscal_year": 2021,
        "fiscal_quarter": 2,
        "r2_url": "https://pub-2c783279b61043e19fbdadd1bee5153a.r2.dev/ALGM/2020-11-19/Allegro%20MicroSystems%2C%20Inc._2020-11-19_transcript/Allegro%20MicroSystems%2C%20Inc._2020-11-19_transcript.pdf/Allegro%20MicroSystems%2C%20Inc._2020-11-19_transcript.pdf",
        "periodicity": "periodic"
    },
    {
        "equity_ticker": "ALGM",
        "geography": "US",
        "content_name": "ALGM Q2 2021 Press Release",
        "file_type": "pdf",
        "content_type": "earnings_press_release",
        "published_date": "2020-11-19",
        "fiscal_date": "2020-11-19",
        "fiscal_year": 2021,
        "fiscal_quarter": 2,
        "r2_url": "https://pub-2c783279b61043e19fbdadd1bee5153a.r2.dev/ALGM/2020-11-19/acf17-2024-03-21-04-21-36/acf17-2024-03-21-04-21-36.pdf/acf17-2024-03-21-04-21-36.pdf",
        "periodicity": "periodic"
    },
    {
        "equity_ticker": "ALGM",
        "geography": "US",
        "content_name": "ALGM Q3 2025 10-Q",
        "file_type": "pdf",
        "content_type": "quarterly_report",
        "published_date": "2025-01-31",
        "fiscal_date": "2024-12-27",
        "fiscal_year": 2025,
        "fiscal_quarter": 3,
        "r2_url": "https://pub-2c783279b61043e19fbdadd1bee5153a.r2.dev/ALGM/2025-01-31/algm-20241227.htm/algm-20241227.pdf",
        "periodicity": "periodic"
      },
      {
        "equity_ticker": "ALGM",
        "geography": "US",
        "content_name": "ALGM Q2 2025 10-Q",
        "file_type": "pdf",
        "content_type": "quarterly_report",
        "published_date": "2024-11-01",
        "fiscal_date": "2024-09-27",
        "fiscal_year": 2025,
        "fiscal_quarter": 2,
        "r2_url": "https://pub-2c783279b61043e19fbdadd1bee5153a.r2.dev/ALGM/2024-11-01/algm-20240927.htm/algm-20240927.pdf",
        "periodicity": "periodic"
      },
      {
        "equity_ticker": "ALGM",
        "geography": "US",
        "content_name": "ALGM Q1 2025 10-Q",
        "file_type": "pdf",
        "content_type": "quarterly_report",
        "published_date": "2024-08-02",
        "fiscal_date": "2024-06-28",
        "fiscal_year": 2025,
        "fiscal_quarter": 1,
        "r2_url": "https://pub-2c783279b61043e19fbdadd1bee5153a.r2.dev/ALGM/2024-08-02/algm-20240628.htm/algm-20240628.pdf",
        "periodicity": "periodic"
      },
      {
        "equity_ticker": "ALGM",
        "geography": "US",
        "content_name": "ALGM Q4 2024 10-K",
        "file_type": "pdf",
        "content_type": "annual_report",
        "published_date": "2024-05-23",
        "fiscal_date": "2024-03-29",
        "fiscal_year": 2024,
        "fiscal_quarter": 4,
        "r2_url": "https://pub-2c783279b61043e19fbdadd1bee5153a.r2.dev/ALGM/2024-05-23/algm-20240329.htm/algm-20240329.pdf",
        "periodicity": "periodic"
      },
      {
        "equity_ticker": "ALGM",
        "geography": "US",
        "content_name": "ALGM Q3 2024 10-Q",
        "file_type": "pdf",
        "content_type": "quarterly_report",
        "published_date": "2024-02-06",
        "fiscal_date": "2023-12-29",
        "fiscal_year": 2024,
        "fiscal_quarter": 3,
        "r2_url": "https://pub-2c783279b61043e19fbdadd1bee5153a.r2.dev/ALGM/2024-02-06/algm-20231229.htm/algm-20231229.pdf",
        "periodicity": "periodic"
      },
      {
        "equity_ticker": "ALGM",
        "geography": "US",
        "content_name": "ALGM Q2 2024 10-Q",
        "file_type": "pdf",
        "content_type": "quarterly_report",
        "published_date": "2023-11-06",
        "fiscal_date": "2023-09-29",
        "fiscal_year": 2024,
        "fiscal_quarter": 2,
        "r2_url": "https://pub-2c783279b61043e19fbdadd1bee5153a.r2.dev/ALGM/2023-11-06/algm-20230929.htm/algm-20230929.pdf",
        "periodicity": "periodic"
      },
      {
        "equity_ticker": "ALGM",
        "geography": "US",
        "content_name": "ALGM Q1 2024 10-Q",
        "file_type": "pdf",
        "content_type": "quarterly_report",
        "published_date": "2023-08-04",
        "fiscal_date": "2023-06-30",
        "fiscal_year": 2024,
        "fiscal_quarter": 1,
        "r2_url": "https://pub-2c783279b61043e19fbdadd1bee5153a.r2.dev/ALGM/2023-08-04/algm-20230630.htm/algm-20230630.pdf",
        "periodicity": "periodic"
      },
      {
        "equity_ticker": "ALGM",
        "geography": "US",
        "content_name": "ALGM Q4 2023 10-K",
        "file_type": "pdf",
        "content_type": "annual_report",
        "published_date": "2023-05-25",
        "fiscal_date": "2023-03-31",
        "fiscal_year": 2023,
        "fiscal_quarter": 4,
        "r2_url": "https://pub-2c783279b61043e19fbdadd1bee5153a.r2.dev/ALGM/2023-05-25/algm-20230331.htm/algm-20230331.pdf",
        "periodicity": "periodic"
      },
      {
        "equity_ticker": "ALGM",
        "geography": "US",
        "content_name": "ALGM Q3 2023 10-Q",
        "file_type": "pdf",
        "content_type": "quarterly_report",
        "published_date": "2023-02-01",
        "fiscal_date": "2022-12-23",
        "fiscal_year": 2023,
        "fiscal_quarter": 3,
        "r2_url": "https://pub-2c783279b61043e19fbdadd1bee5153a.r2.dev/ALGM/2023-02-01/algm-20221223.htm/algm-20221223.pdf",
        "periodicity": "periodic"
      },
      {
        "equity_ticker": "ALGM",
        "geography": "US",
        "content_name": "ALGM Q2 2023 10-Q",
        "file_type": "pdf",
        "content_type": "quarterly_report",
        "published_date": "2022-10-31",
        "fiscal_date": "2022-09-23",
        "fiscal_year": 2023,
        "fiscal_quarter": 2,
        "r2_url": "https://pub-2c783279b61043e19fbdadd1bee5153a.r2.dev/ALGM/2022-10-31/algm-20220923.htm/algm-20220923.pdf",
        "periodicity": "periodic"
      },
      {
        "equity_ticker": "ALGM",
        "geography": "US",
        "content_name": "ALGM Q1 2023 10-Q",
        "file_type": "pdf",
        "content_type": "quarterly_report",
        "published_date": "2022-08-01",
        "fiscal_date": "2022-06-24",
        "fiscal_year": 2023,
        "fiscal_quarter": 1,
        "r2_url": "https://pub-2c783279b61043e19fbdadd1bee5153a.r2.dev/ALGM/2022-08-01/algm-20220624.htm/algm-20220624.pdf",
        "periodicity": "periodic"
      },
      {
        "equity_ticker": "ALGM",
        "geography": "US",
        "content_name": "ALGM Q4 2022 10-K",
        "file_type": "pdf",
        "content_type": "annual_report",
        "published_date": "2022-05-18",
        "fiscal_date": "2022-03-25",
        "fiscal_year": 2022,
        "fiscal_quarter": 4,
        "r2_url": "https://pub-2c783279b61043e19fbdadd1bee5153a.r2.dev/ALGM/2022-05-18/algm-20220325.htm/algm-20220325.pdf",
        "periodicity": "periodic"
      },
      {
        "equity_ticker": "ALGM",
        "geography": "US",
        "content_name": "ALGM Q3 2022 10-Q",
        "file_type": "pdf",
        "content_type": "quarterly_report",
        "published_date": "2022-02-02",
        "fiscal_date": "2021-12-24",
        "fiscal_year": 2022,
        "fiscal_quarter": 3,
        "r2_url": "https://pub-2c783279b61043e19fbdadd1bee5153a.r2.dev/ALGM/2022-02-02/algm-20211224.htm/algm-20211224.pdf",
        "periodicity": "periodic"
      },
      {
        "equity_ticker": "ALGM",
        "geography": "US",
        "content_name": "ALGM Q2 2022 10-Q",
        "file_type": "pdf",
        "content_type": "quarterly_report",
        "published_date": "2021-10-29",
        "fiscal_date": "2021-09-24",
        "fiscal_year": 2022,
        "fiscal_quarter": 2,
        "r2_url": "https://pub-2c783279b61043e19fbdadd1bee5153a.r2.dev/ALGM/2021-10-29/algm-20210924.htm/algm-20210924.pdf",
        "periodicity": "periodic"
      },
      {
        "equity_ticker": "ALGM",
        "geography": "US",
        "content_name": "ALGM Q1 2022 10-Q",
        "file_type": "pdf",
        "content_type": "quarterly_report",
        "published_date": "2021-07-30",
        "fiscal_date": "2021-06-25",
        "fiscal_year": 2022,
        "fiscal_quarter": 1,
        "r2_url": "https://pub-2c783279b61043e19fbdadd1bee5153a.r2.dev/ALGM/2021-07-30/algm-20210625.htm/algm-20210625.pdf",
        "periodicity": "periodic"
      },
      {
        "equity_ticker": "ALGM",
        "geography": "US",
        "content_name": "ALGM Q4 2021 10-K",
        "file_type": "pdf",
        "content_type": "annual_report",
        "published_date": "2021-05-19",
        "fiscal_date": "2021-03-26",
        "fiscal_year": 2021,
        "fiscal_quarter": 4,
        "r2_url": "https://pub-2c783279b61043e19fbdadd1bee5153a.r2.dev/ALGM/2021-05-19/algm-20210326.htm/algm-20210326.pdf",
        "periodicity": "periodic"
      },
      {
        "equity_ticker": "ALGM",
        "geography": "US",
        "content_name": "ALGM Q3 2021 10-Q",
        "file_type": "pdf",
        "content_type": "quarterly_report",
        "published_date": "2021-02-02",
        "fiscal_date": "2020-12-25",
        "fiscal_year": 2021,
        "fiscal_quarter": 3,
        "r2_url": "https://pub-2c783279b61043e19fbdadd1bee5153a.r2.dev/ALGM/2021-02-02/algm-20201225.htm/algm-20201225.pdf",
        "periodicity": "periodic"
      },
      {
        "equity_ticker": "ALGM",
        "geography": "US",
        "content_name": "ALGM Q2 2021 10-Q",
        "file_type": "pdf",
        "content_type": "quarterly_report",
        "published_date": "2020-11-20",
        "fiscal_date": "2020-09-25",
        "fiscal_year": 2021,
        "fiscal_quarter": 2,
        "r2_url": "https://pub-2c783279b61043e19fbdadd1bee5153a.r2.dev/ALGM/2020-11-20/algm-20200925.htm/algm-20200925.pdf",
        "periodicity": "periodic"
      }
]