[
    {
        "equity_ticker": "APH",
        "geography": "US",
        "content_name": "APH Q4 2024 Transcript",
        "file_type": "pdf",
        "content_type": "earnings_transcript",
        "published_date": "2025-01-22",
        "fiscal_date": "2025-01-22",
        "fiscal_year": 2024,
        "fiscal_quarter": 4,
        "r2_url": "https://pub-2c783279b61043e19fbdadd1bee5153a.r2.dev/APH/2025-01-22/Amphenol%20Corporation_2025-01-22_transcript/Amphenol%20Corporation_2025-01-22_transcript.pdf/Amphenol%20Corporation_2025-01-22_transcript.pdf",
        "periodicity": "periodic"
    },
    {
        "equity_ticker": "APH",
        "geography": "US",
        "content_name": "APH Q4 2024 Press Release",
        "file_type": "pdf",
        "content_type": "earnings_press_release",
        "published_date": "2025-01-22",
        "fiscal_date": "2025-01-22",
        "fiscal_year": 2024,
        "fiscal_quarter": 4,
        "r2_url": "https://pub-2c783279b61043e19fbdadd1bee5153a.r2.dev/APH/2025-01-22/bff3f-2025-01-22-03-45-02/bff3f-2025-01-22-03-45-02.pdf/bff3f-2025-01-22-03-45-02.pdf",
        "periodicity": "periodic"
    },
    {
        "equity_ticker": "APH",
        "geography": "US",
        "content_name": "APH Q3 2024 Transcript",
        "file_type": "pdf",
        "content_type": "earnings_transcript",
        "published_date": "2024-10-23",
        "fiscal_date": "2024-10-23",
        "fiscal_year": 2024,
        "fiscal_quarter": 3,
        "r2_url": "https://pub-2c783279b61043e19fbdadd1bee5153a.r2.dev/APH/2024-10-23/Amphenol%20Corporation_2024-10-23_transcript/Amphenol%20Corporation_2024-10-23_transcript.pdf/Amphenol%20Corporation_2024-10-23_transcript.pdf",
        "periodicity": "periodic"
    },
    {
        "equity_ticker": "APH",
        "geography": "US",
        "content_name": "APH Q3 2024 Press Release",
        "file_type": "pdf",
        "content_type": "earnings_press_release",
        "published_date": "2024-10-23",
        "fiscal_date": "2024-10-23",
        "fiscal_year": 2024,
        "fiscal_quarter": 3,
        "r2_url": "https://pub-2c783279b61043e19fbdadd1bee5153a.r2.dev/APH/2024-10-23/51991-2024-10-23-01-06-32/51991-2024-10-23-01-06-32.pdf/51991-2024-10-23-01-06-32.pdf",
        "periodicity": "periodic"
    },
    {
        "equity_ticker": "APH",
        "geography": "US",
        "content_name": "Citi's 2024 Global TMT Conference - September 4, 2024",
        "file_type": "pdf",
        "content_type": "sellside_conference_transcript",
        "published_date": "2024-09-04",
        "fiscal_date": "2024-09-04",
        "fiscal_year": null,
        "fiscal_quarter": null,
        "r2_url": "https://pub-2c783279b61043e19fbdadd1bee5153a.r2.dev/APH/2024-09-04/Amphenol%20Corporation_2024-09-04_transcript/Amphenol%20Corporation_2024-09-04_transcript.pdf/Amphenol%20Corporation_2024-09-04_transcript.pdf",
        "periodicity": "non_periodic"
    },
    {
        "equity_ticker": "APH",
        "geography": "US",
        "content_name": "APH Q2 2024 Transcript",
        "file_type": "pdf",
        "content_type": "earnings_transcript",
        "published_date": "2024-07-24",
        "fiscal_date": "2024-07-24",
        "fiscal_year": 2024,
        "fiscal_quarter": 2,
        "r2_url": "https://pub-2c783279b61043e19fbdadd1bee5153a.r2.dev/APH/2024-07-24/Amphenol%20Corporation_2024-07-24_transcript/Amphenol%20Corporation_2024-07-24_transcript.pdf/Amphenol%20Corporation_2024-07-24_transcript.pdf",
        "periodicity": "periodic"
    },
    {
        "equity_ticker": "APH",
        "geography": "US",
        "content_name": "APH Q2 2024 Press Release",
        "file_type": "pdf",
        "content_type": "earnings_press_release",
        "published_date": "2024-07-24",
        "fiscal_date": "2024-07-24",
        "fiscal_year": 2024,
        "fiscal_quarter": 2,
        "r2_url": "https://pub-2c783279b61043e19fbdadd1bee5153a.r2.dev/APH/2024-07-24/38761-2024-07-24-12-42-05/38761-2024-07-24-12-42-05.pdf/38761-2024-07-24-12-42-05.pdf",
        "periodicity": "periodic"
    },
    {
        "equity_ticker": "APH",
        "geography": "US",
        "content_name": "APH Q1 2024 Transcript",
        "file_type": "pdf",
        "content_type": "earnings_transcript",
        "published_date": "2024-04-24",
        "fiscal_date": "2024-04-24",
        "fiscal_year": 2024,
        "fiscal_quarter": 1,
        "r2_url": "https://pub-2c783279b61043e19fbdadd1bee5153a.r2.dev/APH/2024-04-24/Amphenol%20Corporation_2024-04-24_transcript/Amphenol%20Corporation_2024-04-24_transcript.pdf/Amphenol%20Corporation_2024-04-24_transcript.pdf",
        "periodicity": "periodic"
    },
    {
        "equity_ticker": "APH",
        "geography": "US",
        "content_name": "APH Q1 2024 Press Release",
        "file_type": "pdf",
        "content_type": "earnings_press_release",
        "published_date": "2024-04-24",
        "fiscal_date": "2024-04-24",
        "fiscal_year": 2024,
        "fiscal_quarter": 1,
        "r2_url": "https://pub-2c783279b61043e19fbdadd1bee5153a.r2.dev/APH/2024-04-24/0d476-2024-04-24-01-12-16/0d476-2024-04-24-01-12-16.pdf/0d476-2024-04-24-01-12-16.pdf",
        "periodicity": "periodic"
    },
    {
        "equity_ticker": "APH",
        "geography": "US",
        "content_name": "APH Q4 2023 Transcript",
        "file_type": "pdf",
        "content_type": "earnings_transcript",
        "published_date": "2024-01-24",
        "fiscal_date": "2024-01-24",
        "fiscal_year": 2023,
        "fiscal_quarter": 4,
        "r2_url": "https://pub-2c783279b61043e19fbdadd1bee5153a.r2.dev/APH/2024-01-24/Amphenol%20Corporation_2024-01-24_transcript/Amphenol%20Corporation_2024-01-24_transcript.pdf/Amphenol%20Corporation_2024-01-24_transcript.pdf",
        "periodicity": "periodic"
    },
    {
        "equity_ticker": "APH",
        "geography": "US",
        "content_name": "APH Q4 2023 Press Release",
        "file_type": "pdf",
        "content_type": "earnings_press_release",
        "published_date": "2024-01-24",
        "fiscal_date": "2024-01-24",
        "fiscal_year": 2023,
        "fiscal_quarter": 4,
        "r2_url": "https://pub-2c783279b61043e19fbdadd1bee5153a.r2.dev/APH/2024-01-24/68a8c-2024-01-24-01-44-19/68a8c-2024-01-24-01-44-19.pdf/68a8c-2024-01-24-01-44-19.pdf",
        "periodicity": "periodic"
    },
    {
        "equity_ticker": "APH",
        "geography": "US",
        "content_name": "APH Q3 2023 Transcript",
        "file_type": "pdf",
        "content_type": "earnings_transcript",
        "published_date": "2023-10-25",
        "fiscal_date": "2023-10-25",
        "fiscal_year": 2023,
        "fiscal_quarter": 3,
        "r2_url": "https://pub-2c783279b61043e19fbdadd1bee5153a.r2.dev/APH/2023-10-25/Amphenol%20Corporation_2023-10-25_transcript/Amphenol%20Corporation_2023-10-25_transcript.pdf/Amphenol%20Corporation_2023-10-25_transcript.pdf",
        "periodicity": "periodic"
    },
    {
        "equity_ticker": "APH",
        "geography": "US",
        "content_name": "APH Q3 2023 Press Release",
        "file_type": "pdf",
        "content_type": "earnings_press_release",
        "published_date": "2023-10-25",
        "fiscal_date": "2023-10-25",
        "fiscal_year": 2023,
        "fiscal_quarter": 3,
        "r2_url": "https://pub-2c783279b61043e19fbdadd1bee5153a.r2.dev/APH/2023-10-25/93d1d-2023-10-25-12-22-04/93d1d-2023-10-25-12-22-04.pdf/93d1d-2023-10-25-12-22-04.pdf",
        "periodicity": "periodic"
    },
    {
        "equity_ticker": "APH",
        "geography": "US",
        "content_name": "APH Q2 2023 Transcript",
        "file_type": "pdf",
        "content_type": "earnings_transcript",
        "published_date": "2023-07-26",
        "fiscal_date": "2023-07-26",
        "fiscal_year": 2023,
        "fiscal_quarter": 2,
        "r2_url": "https://pub-2c783279b61043e19fbdadd1bee5153a.r2.dev/APH/2023-07-26/Amphenol%20Corporation_2023-07-26_transcript/Amphenol%20Corporation_2023-07-26_transcript.pdf/Amphenol%20Corporation_2023-07-26_transcript.pdf",
        "periodicity": "periodic"
    },
    {
        "equity_ticker": "APH",
        "geography": "US",
        "content_name": "APH Q2 2023 Press Release",
        "file_type": "pdf",
        "content_type": "earnings_press_release",
        "published_date": "2023-07-26",
        "fiscal_date": "2023-07-26",
        "fiscal_year": 2023,
        "fiscal_quarter": 2,
        "r2_url": "https://pub-2c783279b61043e19fbdadd1bee5153a.r2.dev/APH/2023-07-26/4600f-2023-07-26-02-32-16/4600f-2023-07-26-02-32-16.pdf/4600f-2023-07-26-02-32-16.pdf",
        "periodicity": "periodic"
    },
    {
        "equity_ticker": "APH",
        "geography": "US",
        "content_name": "APH Q1 2023 Transcript",
        "file_type": "pdf",
        "content_type": "earnings_transcript",
        "published_date": "2023-04-26",
        "fiscal_date": "2023-04-26",
        "fiscal_year": 2023,
        "fiscal_quarter": 1,
        "r2_url": "https://pub-2c783279b61043e19fbdadd1bee5153a.r2.dev/APH/2023-04-26/Amphenol%20Corporation_2023-04-26_transcript/Amphenol%20Corporation_2023-04-26_transcript.pdf/Amphenol%20Corporation_2023-04-26_transcript.pdf",
        "periodicity": "periodic"
    },
    {
        "equity_ticker": "APH",
        "geography": "US",
        "content_name": "APH Q1 2023 Press Release",
        "file_type": "pdf",
        "content_type": "earnings_press_release",
        "published_date": "2023-04-26",
        "fiscal_date": "2023-04-26",
        "fiscal_year": 2023,
        "fiscal_quarter": 1,
        "r2_url": "https://pub-2c783279b61043e19fbdadd1bee5153a.r2.dev/APH/2023-04-26/f2e23-2023-04-26-12-18-12/f2e23-2023-04-26-12-18-12.pdf/f2e23-2023-04-26-12-18-12.pdf",
        "periodicity": "periodic"
    },
    {
        "equity_ticker": "APH",
        "geography": "US",
        "content_name": "APH Q4 2022 Transcript",
        "file_type": "pdf",
        "content_type": "earnings_transcript",
        "published_date": "2023-01-25",
        "fiscal_date": "2023-01-25",
        "fiscal_year": 2022,
        "fiscal_quarter": 4,
        "r2_url": "https://pub-2c783279b61043e19fbdadd1bee5153a.r2.dev/APH/2023-01-25/Amphenol%20Corporation_2023-01-25_transcript/Amphenol%20Corporation_2023-01-25_transcript.pdf/Amphenol%20Corporation_2023-01-25_transcript.pdf",
        "periodicity": "periodic"
    },
    {
        "equity_ticker": "APH",
        "geography": "US",
        "content_name": "APH Q4 2022 Press Release",
        "file_type": "pdf",
        "content_type": "earnings_press_release",
        "published_date": "2023-01-25",
        "fiscal_date": "2023-01-25",
        "fiscal_year": 2022,
        "fiscal_quarter": 4,
        "r2_url": "https://pub-2c783279b61043e19fbdadd1bee5153a.r2.dev/APH/2023-01-25/8fdc7-2023-01-25-01-53-05/8fdc7-2023-01-25-01-53-05.pdf/8fdc7-2023-01-25-01-53-05.pdf",
        "periodicity": "periodic"
    },
    {
        "equity_ticker": "APH",
        "geography": "US",
        "content_name": "APH Q3 2022 Transcript",
        "file_type": "pdf",
        "content_type": "earnings_transcript",
        "published_date": "2022-10-26",
        "fiscal_date": "2022-10-26",
        "fiscal_year": 2022,
        "fiscal_quarter": 3,
        "r2_url": "https://pub-2c783279b61043e19fbdadd1bee5153a.r2.dev/APH/2022-10-26/Amphenol%20Corporation_2022-10-26_transcript/Amphenol%20Corporation_2022-10-26_transcript.pdf/Amphenol%20Corporation_2022-10-26_transcript.pdf",
        "periodicity": "periodic"
    },
    {
        "equity_ticker": "APH",
        "geography": "US",
        "content_name": "APH Q3 2022 Press Release",
        "file_type": "pdf",
        "content_type": "earnings_press_release",
        "published_date": "2022-10-26",
        "fiscal_date": "2022-10-26",
        "fiscal_year": 2022,
        "fiscal_quarter": 3,
        "r2_url": "https://pub-2c783279b61043e19fbdadd1bee5153a.r2.dev/APH/2022-10-26/4a3f3-2022-10-26-01-41-01/4a3f3-2022-10-26-01-41-01.pdf/4a3f3-2022-10-26-01-41-01.pdf",
        "periodicity": "periodic"
    },
    {
        "equity_ticker": "APH",
        "geography": "US",
        "content_name": "APH Q2 2022 Transcript",
        "file_type": "pdf",
        "content_type": "earnings_transcript",
        "published_date": "2022-07-27",
        "fiscal_date": "2022-07-27",
        "fiscal_year": 2022,
        "fiscal_quarter": 2,
        "r2_url": "https://pub-2c783279b61043e19fbdadd1bee5153a.r2.dev/APH/2022-07-27/Amphenol%20Corporation_2022-07-27_transcript/Amphenol%20Corporation_2022-07-27_transcript.pdf/Amphenol%20Corporation_2022-07-27_transcript.pdf",
        "periodicity": "periodic"
    },
    {
        "equity_ticker": "APH",
        "geography": "US",
        "content_name": "APH Q2 2022 Press Release",
        "file_type": "pdf",
        "content_type": "earnings_press_release",
        "published_date": "2022-07-27",
        "fiscal_date": "2022-07-27",
        "fiscal_year": 2022,
        "fiscal_quarter": 2,
        "r2_url": "https://pub-2c783279b61043e19fbdadd1bee5153a.r2.dev/APH/2022-07-27/fd935-2022-07-27-12-46-13/fd935-2022-07-27-12-46-13.pdf/fd935-2022-07-27-12-46-13.pdf",
        "periodicity": "periodic"
    },
    {
        "equity_ticker": "APH",
        "geography": "US",
        "content_name": "APH Q1 2022 Transcript",
        "file_type": "pdf",
        "content_type": "earnings_transcript",
        "published_date": "2022-04-27",
        "fiscal_date": "2022-04-27",
        "fiscal_year": 2022,
        "fiscal_quarter": 1,
        "r2_url": "https://pub-2c783279b61043e19fbdadd1bee5153a.r2.dev/APH/2022-04-27/Amphenol%20Corporation_2022-04-27_transcript/Amphenol%20Corporation_2022-04-27_transcript.pdf/Amphenol%20Corporation_2022-04-27_transcript.pdf",
        "periodicity": "periodic"
    },
    {
        "equity_ticker": "APH",
        "geography": "US",
        "content_name": "APH Q1 2022 Press Release",
        "file_type": "pdf",
        "content_type": "earnings_press_release",
        "published_date": "2022-04-27",
        "fiscal_date": "2022-04-27",
        "fiscal_year": 2022,
        "fiscal_quarter": 1,
        "r2_url": "https://pub-2c783279b61043e19fbdadd1bee5153a.r2.dev/APH/2022-04-27/89671-2023-01-25-01-55-17/89671-2023-01-25-01-55-17.pdf/89671-2023-01-25-01-55-17.pdf",
        "periodicity": "periodic"
    },
    {
        "equity_ticker": "APH",
        "geography": "US",
        "content_name": "APH Q4 2021 Transcript",
        "file_type": "pdf",
        "content_type": "earnings_transcript",
        "published_date": "2022-01-26",
        "fiscal_date": "2022-01-26",
        "fiscal_year": 2021,
        "fiscal_quarter": 4,
        "r2_url": "https://pub-2c783279b61043e19fbdadd1bee5153a.r2.dev/APH/2022-01-26/Amphenol%20Corporation_2022-01-26_transcript/Amphenol%20Corporation_2022-01-26_transcript.pdf/Amphenol%20Corporation_2022-01-26_transcript.pdf",
        "periodicity": "periodic"
    },
    {
        "equity_ticker": "APH",
        "geography": "US",
        "content_name": "APH Q4 2021 Press Release",
        "file_type": "pdf",
        "content_type": "earnings_press_release",
        "published_date": "2022-01-26",
        "fiscal_date": "2022-01-26",
        "fiscal_year": 2021,
        "fiscal_quarter": 4,
        "r2_url": "https://pub-2c783279b61043e19fbdadd1bee5153a.r2.dev/APH/2022-01-26/ba21e-2023-01-25-12-10-17/ba21e-2023-01-25-12-10-17.pdf/ba21e-2023-01-25-12-10-17.pdf",
        "periodicity": "periodic"
    },
    {
        "equity_ticker": "APH",
        "geography": "US",
        "content_name": "APH Q3 2021 Transcript",
        "file_type": "pdf",
        "content_type": "earnings_transcript",
        "published_date": "2021-10-27",
        "fiscal_date": "2021-10-27",
        "fiscal_year": 2021,
        "fiscal_quarter": 3,
        "r2_url": "https://pub-2c783279b61043e19fbdadd1bee5153a.r2.dev/APH/2021-10-27/Amphenol%20Corporation_2021-10-27_transcript/Amphenol%20Corporation_2021-10-27_transcript.pdf/Amphenol%20Corporation_2021-10-27_transcript.pdf",
        "periodicity": "periodic"
    },
    {
        "equity_ticker": "APH",
        "geography": "US",
        "content_name": "APH Q3 2021 Press Release",
        "file_type": "pdf",
        "content_type": "earnings_press_release",
        "published_date": "2021-10-27",
        "fiscal_date": "2021-10-27",
        "fiscal_year": 2021,
        "fiscal_quarter": 3,
        "r2_url": "https://pub-2c783279b61043e19fbdadd1bee5153a.r2.dev/APH/2021-10-27/794ab-2023-01-25-10-49-17/794ab-2023-01-25-10-49-17.pdf/794ab-2023-01-25-10-49-17.pdf",
        "periodicity": "periodic"
    },
    {
        "equity_ticker": "APH",
        "geography": "US",
        "content_name": "APH Q2 2021 Transcript",
        "file_type": "pdf",
        "content_type": "earnings_transcript",
        "published_date": "2021-07-27",
        "fiscal_date": "2021-07-27",
        "fiscal_year": 2021,
        "fiscal_quarter": 2,
        "r2_url": "https://pub-2c783279b61043e19fbdadd1bee5153a.r2.dev/APH/2021-07-27/Amphenol%20Corporation_2021-07-27_transcript/Amphenol%20Corporation_2021-07-27_transcript.pdf/Amphenol%20Corporation_2021-07-27_transcript.pdf",
        "periodicity": "periodic"
    },
    {
        "equity_ticker": "APH",
        "geography": "US",
        "content_name": "APH Q2 2021 Press Release",
        "file_type": "pdf",
        "content_type": "earnings_press_release",
        "published_date": "2021-07-27",
        "fiscal_date": "2021-07-27",
        "fiscal_year": 2021,
        "fiscal_quarter": 2,
        "r2_url": "https://pub-2c783279b61043e19fbdadd1bee5153a.r2.dev/APH/2021-07-27/e24ab-2023-01-25-09-49-40/e24ab-2023-01-25-09-49-40.pdf/e24ab-2023-01-25-09-49-40.pdf",
        "periodicity": "periodic"
    },
    {
        "equity_ticker": "APH",
        "geography": "US",
        "content_name": "APH Q1 2021 Transcript",
        "file_type": "pdf",
        "content_type": "earnings_transcript",
        "published_date": "2021-04-27",
        "fiscal_date": "2021-04-27",
        "fiscal_year": 2021,
        "fiscal_quarter": 1,
        "r2_url": "https://pub-2c783279b61043e19fbdadd1bee5153a.r2.dev/APH/2021-04-27/Amphenol%20Corporation_2021-04-27_transcript/Amphenol%20Corporation_2021-04-27_transcript.pdf/Amphenol%20Corporation_2021-04-27_transcript.pdf",
        "periodicity": "periodic"
    },
    {
        "equity_ticker": "APH",
        "geography": "US",
        "content_name": "APH Q1 2021 Press Release",
        "file_type": "pdf",
        "content_type": "quarterly_report",
        "published_date": "2021-04-27",
        "fiscal_date": "2021-04-27",
        "fiscal_year": 2021,
        "fiscal_quarter": 1,
        "r2_url": "https://pub-2c783279b61043e19fbdadd1bee5153a.r2.dev/APH/2021-04-27/550be-2024-08-29-11-15-18/550be-2024-08-29-11-15-18.pdf/550be-2024-08-29-11-15-18.pdf",
        "periodicity": "periodic"
    },
    {
        "equity_ticker": "APH",
        "geography": "US",
        "content_name": "APH Q4 2020 Transcript",
        "file_type": "pdf",
        "content_type": "earnings_transcript",
        "published_date": "2021-02-10",
        "fiscal_date": "2021-02-10",
        "fiscal_year": 2020,
        "fiscal_quarter": 4,
        "r2_url": "https://pub-2c783279b61043e19fbdadd1bee5153a.r2.dev/APH/2021-02-10/Amphenol%20Corporation_2021-02-10_transcript/Amphenol%20Corporation_2021-02-10_transcript.pdf/Amphenol%20Corporation_2021-02-10_transcript.pdf",
        "periodicity": "periodic"
    },
    {
        "equity_ticker": "APH",
        "geography": "US",
        "content_name": "APH Q4 2020 Press Release",
        "file_type": "pdf",
        "content_type": "annual_report",
        "published_date": "2021-02-10",
        "fiscal_date": "2021-02-10",
        "fiscal_year": 2020,
        "fiscal_quarter": 4,
        "r2_url": "https://pub-2c783279b61043e19fbdadd1bee5153a.r2.dev/APH/2021-02-10/189a4-2023-09-05-03-04-40/189a4-2023-09-05-03-04-40.pdf/189a4-2023-09-05-03-04-40.pdf",
        "periodicity": "periodic"
    },
    {
        "equity_ticker": "APH",
        "geography": "US",
        "content_name": "APH Q3 2020 Transcript",
        "file_type": "pdf",
        "content_type": "earnings_transcript",
        "published_date": "2020-10-21",
        "fiscal_date": "2020-10-21",
        "fiscal_year": 2020,
        "fiscal_quarter": 3,
        "r2_url": "https://pub-2c783279b61043e19fbdadd1bee5153a.r2.dev/APH/2020-10-21/Amphenol%20Corporation_2020-10-21_transcript/Amphenol%20Corporation_2020-10-21_transcript.pdf/Amphenol%20Corporation_2020-10-21_transcript.pdf",
        "periodicity": "periodic"
    },
    {
        "equity_ticker": "APH",
        "geography": "US",
        "content_name": "APH Q2 2020 Transcript",
        "file_type": "pdf",
        "content_type": "earnings_transcript",
        "published_date": "2020-07-22",
        "fiscal_date": "2020-07-22",
        "fiscal_year": 2020,
        "fiscal_quarter": 2,
        "r2_url": "https://pub-2c783279b61043e19fbdadd1bee5153a.r2.dev/APH/2020-07-22/Amphenol%20Corporation_2020-07-22_transcript/Amphenol%20Corporation_2020-07-22_transcript.pdf/Amphenol%20Corporation_2020-07-22_transcript.pdf",
        "periodicity": "periodic"
    },
    {
        "equity_ticker": "APH",
        "geography": "US",
        "content_name": "APH Q1 2020 Transcript",
        "file_type": "pdf",
        "content_type": "earnings_transcript",
        "published_date": "2020-04-22",
        "fiscal_date": "2020-04-22",
        "fiscal_year": 2020,
        "fiscal_quarter": 1,
        "r2_url": "https://pub-2c783279b61043e19fbdadd1bee5153a.r2.dev/APH/2020-04-22/Amphenol%20Corporation_2020-04-22_transcript/Amphenol%20Corporation_2020-04-22_transcript.pdf/Amphenol%20Corporation_2020-04-22_transcript.pdf",
        "periodicity": "periodic"
    },
    {
        "equity_ticker": "APH",
        "geography": "US",
        "content_name": "APH Q4 2019 Transcript",
        "file_type": "pdf",
        "content_type": "earnings_transcript",
        "published_date": "2020-02-12",
        "fiscal_date": "2020-02-12",
        "fiscal_year": 2019,
        "fiscal_quarter": 4,
        "r2_url": "https://pub-2c783279b61043e19fbdadd1bee5153a.r2.dev/APH/2020-02-12/Amphenol%20Corporation_2020-02-12_transcript/Amphenol%20Corporation_2020-02-12_transcript.pdf/Amphenol%20Corporation_2020-02-12_transcript.pdf",
        "periodicity": "periodic"
    },
    {
        "equity_ticker": "APH",
        "geography": "US",
        "content_name": "APH Q4 2019 Press Release",
        "file_type": "pdf",
        "content_type": "annual_report",
        "published_date": "2020-02-12",
        "fiscal_date": "2020-02-12",
        "fiscal_year": 2019,
        "fiscal_quarter": 4,
        "r2_url": "https://pub-2c783279b61043e19fbdadd1bee5153a.r2.dev/APH/2020-02-12/39e5b-2023-09-05-03-06-40/39e5b-2023-09-05-03-06-40.pdf/39e5b-2023-09-05-03-06-40.pdf",
        "periodicity": "periodic"
    },
    {
        "equity_ticker": "APH",
        "geography": "US",
        "content_name": "APH Q3 2019 Transcript",
        "file_type": "pdf",
        "content_type": "earnings_transcript",
        "published_date": "2019-10-24",
        "fiscal_date": "2019-10-24",
        "fiscal_year": 2019,
        "fiscal_quarter": 3,
        "r2_url": "https://pub-2c783279b61043e19fbdadd1bee5153a.r2.dev/APH/2019-10-24/Amphenol%20Corporation_2019-10-24_transcript/Amphenol%20Corporation_2019-10-24_transcript.pdf/Amphenol%20Corporation_2019-10-24_transcript.pdf",
        "periodicity": "periodic"
    },
    {
        "equity_ticker": "APH",
        "geography": "US",
        "content_name": "APH Q2 2019 Transcript",
        "file_type": "pdf",
        "content_type": "earnings_transcript",
        "published_date": "2019-07-24",
        "fiscal_date": "2019-07-24",
        "fiscal_year": 2019,
        "fiscal_quarter": 2,
        "r2_url": "https://pub-2c783279b61043e19fbdadd1bee5153a.r2.dev/APH/2019-07-24/Amphenol%20Corporation_2019-07-24_transcript/Amphenol%20Corporation_2019-07-24_transcript.pdf/Amphenol%20Corporation_2019-07-24_transcript.pdf",
        "periodicity": "periodic"
    },
    {
        "equity_ticker": "APH",
        "geography": "US",
        "content_name": "APH Q1 2019 Transcript",
        "file_type": "pdf",
        "content_type": "earnings_transcript",
        "published_date": "2019-04-24",
        "fiscal_date": "2019-04-24",
        "fiscal_year": 2019,
        "fiscal_quarter": 1,
        "r2_url": "https://pub-2c783279b61043e19fbdadd1bee5153a.r2.dev/APH/2019-04-24/Amphenol%20Corporation_2019-04-24_transcript/Amphenol%20Corporation_2019-04-24_transcript.pdf/Amphenol%20Corporation_2019-04-24_transcript.pdf",
        "periodicity": "periodic"
    },
    {
        "equity_ticker": "APH",
        "geography": "US",
        "content_name": "APH Q4 2018 Transcript",
        "file_type": "pdf",
        "content_type": "earnings_transcript",
        "published_date": "2019-02-13",
        "fiscal_date": "2019-02-13",
        "fiscal_year": 2018,
        "fiscal_quarter": 4,
        "r2_url": "https://pub-2c783279b61043e19fbdadd1bee5153a.r2.dev/APH/2019-02-13/Amphenol%20Corporation_2019-02-13_transcript/Amphenol%20Corporation_2019-02-13_transcript.pdf/Amphenol%20Corporation_2019-02-13_transcript.pdf",
        "periodicity": "periodic"
    },
    {
        "equity_ticker": "APH",
        "geography": "US",
        "content_name": "APH Q4 2018 Press Release",
        "file_type": "pdf",
        "content_type": "annual_report",
        "published_date": "2019-02-13",
        "fiscal_date": "2019-02-13",
        "fiscal_year": 2018,
        "fiscal_quarter": 4,
        "r2_url": "https://pub-2c783279b61043e19fbdadd1bee5153a.r2.dev/APH/2019-02-13/5189e-2023-09-05-03-23-40/5189e-2023-09-05-03-23-40.pdf/5189e-2023-09-05-03-23-40.pdf",
        "periodicity": "periodic"
    },
    {
        "equity_ticker": "APH",
        "geography": "US",
        "content_name": "APH Q3 2018 Transcript",
        "file_type": "pdf",
        "content_type": "earnings_transcript",
        "published_date": "2018-10-24",
        "fiscal_date": "2018-10-24",
        "fiscal_year": 2018,
        "fiscal_quarter": 3,
        "r2_url": "https://pub-2c783279b61043e19fbdadd1bee5153a.r2.dev/APH/2018-10-24/Amphenol%20Corporation_2018-10-24_transcript/Amphenol%20Corporation_2018-10-24_transcript.pdf/Amphenol%20Corporation_2018-10-24_transcript.pdf",
        "periodicity": "periodic"
    },
    {
        "equity_ticker": "APH",
        "geography": "US",
        "content_name": "APH Q2 2018 Transcript",
        "file_type": "pdf",
        "content_type": "earnings_transcript",
        "published_date": "2018-07-25",
        "fiscal_date": "2018-07-25",
        "fiscal_year": 2018,
        "fiscal_quarter": 2,
        "r2_url": "https://pub-2c783279b61043e19fbdadd1bee5153a.r2.dev/APH/2018-07-25/Amphenol%20Corporation_2018-07-25_transcript/Amphenol%20Corporation_2018-07-25_transcript.pdf/Amphenol%20Corporation_2018-07-25_transcript.pdf",
        "periodicity": "periodic"
    },
    {
        "equity_ticker": "APH",
        "geography": "US",
        "content_name": "APH Q1 2018 Transcript",
        "file_type": "pdf",
        "content_type": "earnings_transcript",
        "published_date": "2018-04-25",
        "fiscal_date": "2018-04-25",
        "fiscal_year": 2018,
        "fiscal_quarter": 1,
        "r2_url": "https://pub-2c783279b61043e19fbdadd1bee5153a.r2.dev/APH/2018-04-25/Amphenol%20Corporation_2018-04-25_transcript/Amphenol%20Corporation_2018-04-25_transcript.pdf/Amphenol%20Corporation_2018-04-25_transcript.pdf",
        "periodicity": "periodic"
    },
    {
        "equity_ticker": "APH",
        "geography": "US",
        "content_name": "APH Q4 2017 Transcript",
        "file_type": "pdf",
        "content_type": "earnings_transcript",
        "published_date": "2018-02-21",
        "fiscal_date": "2018-02-21",
        "fiscal_year": 2017,
        "fiscal_quarter": 4,
        "r2_url": "https://pub-2c783279b61043e19fbdadd1bee5153a.r2.dev/APH/2018-02-21/Amphenol%20Corporation_2018-02-21_transcript/Amphenol%20Corporation_2018-02-21_transcript.pdf/Amphenol%20Corporation_2018-02-21_transcript.pdf",
        "periodicity": "periodic"
    },
    {
        "equity_ticker": "APH",
        "geography": "US",
        "content_name": "APH Q4 2017 Press Release",
        "file_type": "pdf",
        "content_type": "annual_report",
        "published_date": "2018-02-21",
        "fiscal_date": "2018-02-21",
        "fiscal_year": 2017,
        "fiscal_quarter": 4,
        "r2_url": "https://pub-2c783279b61043e19fbdadd1bee5153a.r2.dev/APH/2018-02-21/60a04-2023-09-05-03-37-40/60a04-2023-09-05-03-37-40.pdf/60a04-2023-09-05-03-37-40.pdf",
        "periodicity": "periodic"
    },
    {
        "equity_ticker": "APH",
        "geography": "US",
        "content_name": "APH Q3 2017 Transcript",
        "file_type": "pdf",
        "content_type": "earnings_transcript",
        "published_date": "2017-10-25",
        "fiscal_date": "2017-10-25",
        "fiscal_year": 2017,
        "fiscal_quarter": 3,
        "r2_url": "https://pub-2c783279b61043e19fbdadd1bee5153a.r2.dev/APH/2017-10-25/Amphenol%20Corporation_2017-10-25_transcript/Amphenol%20Corporation_2017-10-25_transcript.pdf/Amphenol%20Corporation_2017-10-25_transcript.pdf",
        "periodicity": "periodic"
    },
    {
        "equity_ticker": "APH",
        "geography": "US",
        "content_name": "APH Q2 2017 Transcript",
        "file_type": "pdf",
        "content_type": "earnings_transcript",
        "published_date": "2017-07-26",
        "fiscal_date": "2017-07-26",
        "fiscal_year": 2017,
        "fiscal_quarter": 2,
        "r2_url": "https://pub-2c783279b61043e19fbdadd1bee5153a.r2.dev/APH/2017-07-26/Amphenol%20Corporation_2017-07-26_transcript/Amphenol%20Corporation_2017-07-26_transcript.pdf/Amphenol%20Corporation_2017-07-26_transcript.pdf",
        "periodicity": "periodic"
    },
    {
        "equity_ticker": "APH",
        "geography": "US",
        "content_name": "APH Q1 2017 Transcript",
        "file_type": "pdf",
        "content_type": "earnings_transcript",
        "published_date": "2017-04-26",
        "fiscal_date": "2017-04-26",
        "fiscal_year": 2017,
        "fiscal_quarter": 1,
        "r2_url": "https://pub-2c783279b61043e19fbdadd1bee5153a.r2.dev/APH/2017-04-26/Amphenol%20Corporation_2017-04-26_transcript/Amphenol%20Corporation_2017-04-26_transcript.pdf/Amphenol%20Corporation_2017-04-26_transcript.pdf",
        "periodicity": "periodic"
    },
    {
        "equity_ticker": "APH",
        "geography": "US",
        "content_name": "APH Q4 2016 Transcript",
        "file_type": "pdf",
        "content_type": "earnings_transcript",
        "published_date": "2017-02-17",
        "fiscal_date": "2017-02-17",
        "fiscal_year": 2016,
        "fiscal_quarter": 4,
        "r2_url": "https://pub-2c783279b61043e19fbdadd1bee5153a.r2.dev/APH/2017-02-17/Amphenol%20Corporation_2017-02-17_transcript/Amphenol%20Corporation_2017-02-17_transcript.pdf/Amphenol%20Corporation_2017-02-17_transcript.pdf",
        "periodicity": "periodic"
    },
    {
        "equity_ticker": "APH",
        "geography": "US",
        "content_name": "APH Q4 2016 Press Release",
        "file_type": "pdf",
        "content_type": "annual_report",
        "published_date": "2017-02-17",
        "fiscal_date": "2017-02-17",
        "fiscal_year": 2016,
        "fiscal_quarter": 4,
        "r2_url": "https://pub-2c783279b61043e19fbdadd1bee5153a.r2.dev/APH/2017-02-17/3e007-2023-09-05-03-53-40/3e007-2023-09-05-03-53-40.pdf/3e007-2023-09-05-03-53-40.pdf",
        "periodicity": "periodic"
    },
    {
        "equity_ticker": "APH",
        "geography": "US",
        "content_name": "APH Q3 2016 Transcript",
        "file_type": "pdf",
        "content_type": "earnings_transcript",
        "published_date": "2016-10-19",
        "fiscal_date": "2016-10-19",
        "fiscal_year": 2016,
        "fiscal_quarter": 3,
        "r2_url": "https://pub-2c783279b61043e19fbdadd1bee5153a.r2.dev/APH/2016-10-19/Amphenol%20Corporation_2016-10-19_transcript/Amphenol%20Corporation_2016-10-19_transcript.pdf/Amphenol%20Corporation_2016-10-19_transcript.pdf",
        "periodicity": "periodic"
    },
    {
        "equity_ticker": "APH",
        "geography": "US",
        "content_name": "APH Q2 2016 Transcript",
        "file_type": "pdf",
        "content_type": "earnings_transcript",
        "published_date": "2016-07-20",
        "fiscal_date": "2016-07-20",
        "fiscal_year": 2016,
        "fiscal_quarter": 2,
        "r2_url": "https://pub-2c783279b61043e19fbdadd1bee5153a.r2.dev/APH/2016-07-20/Amphenol%20Corporation_2016-07-20_transcript/Amphenol%20Corporation_2016-07-20_transcript.pdf/Amphenol%20Corporation_2016-07-20_transcript.pdf",
        "periodicity": "periodic"
    },
    {
        "equity_ticker": "APH",
        "geography": "US",
        "content_name": "APH Q1 2016 Transcript",
        "file_type": "pdf",
        "content_type": "earnings_transcript",
        "published_date": "2016-04-20",
        "fiscal_date": "2016-04-20",
        "fiscal_year": 2016,
        "fiscal_quarter": 1,
        "r2_url": "https://pub-2c783279b61043e19fbdadd1bee5153a.r2.dev/APH/2016-04-20/Amphenol%20Corporation_2016-04-20_transcript/Amphenol%20Corporation_2016-04-20_transcript.pdf/Amphenol%20Corporation_2016-04-20_transcript.pdf",
        "periodicity": "periodic"
    },
    {
        "equity_ticker": "APH",
        "geography": "US",
        "content_name": "APH Q4 2015 Transcript",
        "file_type": "pdf",
        "content_type": "earnings_transcript",
        "published_date": "2016-02-19",
        "fiscal_date": "2016-02-19",
        "fiscal_year": 2015,
        "fiscal_quarter": 4,
        "r2_url": "https://pub-2c783279b61043e19fbdadd1bee5153a.r2.dev/APH/2016-02-19/Amphenol%20Corporation_2016-02-19_transcript/Amphenol%20Corporation_2016-02-19_transcript.pdf/Amphenol%20Corporation_2016-02-19_transcript.pdf",
        "periodicity": "periodic"
    },
    {
        "equity_ticker": "APH",
        "geography": "US",
        "content_name": "APH Q4 2015 Press Release",
        "file_type": "pdf",
        "content_type": "annual_report",
        "published_date": "2016-02-19",
        "fiscal_date": "2016-02-19",
        "fiscal_year": 2015,
        "fiscal_quarter": 4,
        "r2_url": "https://pub-2c783279b61043e19fbdadd1bee5153a.r2.dev/APH/2016-02-19/52bda-2023-09-05-03-07-41/52bda-2023-09-05-03-07-41.pdf/52bda-2023-09-05-03-07-41.pdf",
        "periodicity": "periodic"
    },
    {
        "equity_ticker": "APH",
        "geography": "US",
        "content_name": "APH Q3 2015 Transcript",
        "file_type": "pdf",
        "content_type": "earnings_transcript",
        "published_date": "2015-10-21",
        "fiscal_date": "2015-10-21",
        "fiscal_year": 2015,
        "fiscal_quarter": 3,
        "r2_url": "https://pub-2c783279b61043e19fbdadd1bee5153a.r2.dev/APH/2015-10-21/Amphenol%20Corporation_2015-10-21_transcript/Amphenol%20Corporation_2015-10-21_transcript.pdf/Amphenol%20Corporation_2015-10-21_transcript.pdf",
        "periodicity": "periodic"
    },
    {
        "equity_ticker": "APH",
        "geography": "US",
        "content_name": "APH Q2 2015 Transcript",
        "file_type": "pdf",
        "content_type": "earnings_transcript",
        "published_date": "2015-07-22",
        "fiscal_date": "2015-07-22",
        "fiscal_year": 2015,
        "fiscal_quarter": 2,
        "r2_url": "https://pub-2c783279b61043e19fbdadd1bee5153a.r2.dev/APH/2015-07-22/Amphenol%20Corporation_2015-07-22_transcript/Amphenol%20Corporation_2015-07-22_transcript.pdf/Amphenol%20Corporation_2015-07-22_transcript.pdf",
        "periodicity": "periodic"
    },
    {
        "equity_ticker": "APH",
        "geography": "US",
        "content_name": "APH Q1 2015 Transcript",
        "file_type": "pdf",
        "content_type": "earnings_transcript",
        "published_date": "2015-04-22",
        "fiscal_date": "2015-04-22",
        "fiscal_year": 2015,
        "fiscal_quarter": 1,
        "r2_url": "https://pub-2c783279b61043e19fbdadd1bee5153a.r2.dev/APH/2015-04-22/Amphenol%20Corporation_2015-04-22_transcript/Amphenol%20Corporation_2015-04-22_transcript.pdf/Amphenol%20Corporation_2015-04-22_transcript.pdf",
        "periodicity": "periodic"
    },
    {
        "equity_ticker": "APH",
        "geography": "US",
        "content_name": "APH Q4 2014 Transcript",
        "file_type": "pdf",
        "content_type": "earnings_transcript",
        "published_date": "2015-02-20",
        "fiscal_date": "2015-02-20",
        "fiscal_year": 2014,
        "fiscal_quarter": 4,
        "r2_url": "https://pub-2c783279b61043e19fbdadd1bee5153a.r2.dev/APH/2015-02-20/Amphenol%20Corporation_2015-02-20_transcript/Amphenol%20Corporation_2015-02-20_transcript.pdf/Amphenol%20Corporation_2015-02-20_transcript.pdf",
        "periodicity": "periodic"
    },
    {
        "equity_ticker": "APH",
        "geography": "US",
        "content_name": "APH Q4 2014 Press Release",
        "file_type": "pdf",
        "content_type": "annual_report",
        "published_date": "2015-02-20",
        "fiscal_date": "2015-02-20",
        "fiscal_year": 2014,
        "fiscal_quarter": 4,
        "r2_url": "https://pub-2c783279b61043e19fbdadd1bee5153a.r2.dev/APH/2015-02-20/abe15-2023-09-05-03-19-41/abe15-2023-09-05-03-19-41.pdf/abe15-2023-09-05-03-19-41.pdf",
        "periodicity": "periodic"
    },
    {
        "equity_ticker": "APH",
        "geography": "US",
        "content_name": "APH Q3 2014 Transcript",
        "file_type": "pdf",
        "content_type": "earnings_transcript",
        "published_date": "2014-10-22",
        "fiscal_date": "2014-10-22",
        "fiscal_year": 2014,
        "fiscal_quarter": 3,
        "r2_url": "https://pub-2c783279b61043e19fbdadd1bee5153a.r2.dev/APH/2014-10-22/Amphenol%20Corporation_2014-10-22_transcript/Amphenol%20Corporation_2014-10-22_transcript.pdf/Amphenol%20Corporation_2014-10-22_transcript.pdf",
        "periodicity": "periodic"
    },
    {
        "equity_ticker": "APH",
        "geography": "US",
        "content_name": "APH Q2 2014 Transcript",
        "file_type": "pdf",
        "content_type": "earnings_transcript",
        "published_date": "2014-07-23",
        "fiscal_date": "2014-07-23",
        "fiscal_year": 2014,
        "fiscal_quarter": 2,
        "r2_url": "https://pub-2c783279b61043e19fbdadd1bee5153a.r2.dev/APH/2014-07-23/Amphenol%20Corporation_2014-07-23_transcript/Amphenol%20Corporation_2014-07-23_transcript.pdf/Amphenol%20Corporation_2014-07-23_transcript.pdf",
        "periodicity": "periodic"
    },
    {
        "equity_ticker": "APH",
        "geography": "US",
        "content_name": "APH Q1 2014 Transcript",
        "file_type": "pdf",
        "content_type": "earnings_transcript",
        "published_date": "2014-04-23",
        "fiscal_date": "2014-04-23",
        "fiscal_year": 2014,
        "fiscal_quarter": 1,
        "r2_url": "https://pub-2c783279b61043e19fbdadd1bee5153a.r2.dev/APH/2014-04-23/Amphenol%20Corporation_2014-04-23_transcript/Amphenol%20Corporation_2014-04-23_transcript.pdf/Amphenol%20Corporation_2014-04-23_transcript.pdf",
        "periodicity": "periodic"
    },
    {
        "equity_ticker": "APH",
        "geography": "US",
        "content_name": "APH Q4 2013 Transcript",
        "file_type": "pdf",
        "content_type": "earnings_transcript",
        "published_date": "2014-01-22",
        "fiscal_date": "2014-01-22",
        "fiscal_year": 2013,
        "fiscal_quarter": 4,
        "r2_url": "https://pub-2c783279b61043e19fbdadd1bee5153a.r2.dev/APH/2014-01-22/Amphenol%20Corporation_2014-01-22_transcript/Amphenol%20Corporation_2014-01-22_transcript.pdf/Amphenol%20Corporation_2014-01-22_transcript.pdf",
        "periodicity": "periodic"
    },
    {
        "equity_ticker": "APH",
        "geography": "US",
        "content_name": "APH Q3 2013 Transcript",
        "file_type": "pdf",
        "content_type": "earnings_transcript",
        "published_date": "2013-10-17",
        "fiscal_date": "2013-10-17",
        "fiscal_year": 2013,
        "fiscal_quarter": 3,
        "r2_url": "https://pub-2c783279b61043e19fbdadd1bee5153a.r2.dev/APH/2013-10-17/Amphenol%20Corporation_2013-10-17_transcript/Amphenol%20Corporation_2013-10-17_transcript.pdf/Amphenol%20Corporation_2013-10-17_transcript.pdf",
        "periodicity": "periodic"
    },
    {
        "equity_ticker": "APH",
        "geography": "US",
        "content_name": "APH Q2 2013 Transcript",
        "file_type": "pdf",
        "content_type": "earnings_transcript",
        "published_date": "2013-07-18",
        "fiscal_date": "2013-07-18",
        "fiscal_year": 2013,
        "fiscal_quarter": 2,
        "r2_url": "https://pub-2c783279b61043e19fbdadd1bee5153a.r2.dev/APH/2013-07-18/Amphenol%20Corporation_2013-07-18_transcript/Amphenol%20Corporation_2013-07-18_transcript.pdf/Amphenol%20Corporation_2013-07-18_transcript.pdf",
        "periodicity": "periodic"
    },
    {
        "equity_ticker": "APH",
        "geography": "US",
        "content_name": "APH Q1 2013 Transcript",
        "file_type": "pdf",
        "content_type": "earnings_transcript",
        "published_date": "2013-04-18",
        "fiscal_date": "2013-04-18",
        "fiscal_year": 2013,
        "fiscal_quarter": 1,
        "r2_url": "https://pub-2c783279b61043e19fbdadd1bee5153a.r2.dev/APH/2013-04-18/Amphenol%20Corporation_2013-04-18_transcript/Amphenol%20Corporation_2013-04-18_transcript.pdf/Amphenol%20Corporation_2013-04-18_transcript.pdf",
        "periodicity": "periodic"
    },
    {
        "equity_ticker": "APH",
        "geography": "US",
        "content_name": "APH Q4 2012 Transcript",
        "file_type": "pdf",
        "content_type": "earnings_transcript",
        "published_date": "2013-01-17",
        "fiscal_date": "2013-01-17",
        "fiscal_year": 2012,
        "fiscal_quarter": 4,
        "r2_url": "https://pub-2c783279b61043e19fbdadd1bee5153a.r2.dev/APH/2013-01-17/Amphenol%20Corporation_2013-01-17_transcript/Amphenol%20Corporation_2013-01-17_transcript.pdf/Amphenol%20Corporation_2013-01-17_transcript.pdf",
        "periodicity": "periodic"
    },
    {
        "equity_ticker": "APH",
        "geography": "US",
        "content_name": "APH Q3 2012 Transcript",
        "file_type": "pdf",
        "content_type": "earnings_transcript",
        "published_date": "2012-10-17",
        "fiscal_date": "2012-10-17",
        "fiscal_year": 2012,
        "fiscal_quarter": 3,
        "r2_url": "https://pub-2c783279b61043e19fbdadd1bee5153a.r2.dev/APH/2012-10-17/Amphenol%20Corporation_2012-10-17_transcript/Amphenol%20Corporation_2012-10-17_transcript.pdf/Amphenol%20Corporation_2012-10-17_transcript.pdf",
        "periodicity": "periodic"
    },
    {
        "equity_ticker": "APH",
        "geography": "US",
        "content_name": "APH Q2 2012 Transcript",
        "file_type": "pdf",
        "content_type": "earnings_transcript",
        "published_date": "2012-07-18",
        "fiscal_date": "2012-07-18",
        "fiscal_year": 2012,
        "fiscal_quarter": 2,
        "r2_url": "https://pub-2c783279b61043e19fbdadd1bee5153a.r2.dev/APH/2012-07-18/Amphenol%20Corporation_2012-07-18_transcript/Amphenol%20Corporation_2012-07-18_transcript.pdf/Amphenol%20Corporation_2012-07-18_transcript.pdf",
        "periodicity": "periodic"
    },
    {
        "equity_ticker": "APH",
        "geography": "US",
        "content_name": "APH Q1 2012 Transcript",
        "file_type": "pdf",
        "content_type": "earnings_transcript",
        "published_date": "2012-04-18",
        "fiscal_date": "2012-04-18",
        "fiscal_year": 2012,
        "fiscal_quarter": 1,
        "r2_url": "https://pub-2c783279b61043e19fbdadd1bee5153a.r2.dev/APH/2012-04-18/Amphenol%20Corporation_2012-04-18_transcript/Amphenol%20Corporation_2012-04-18_transcript.pdf/Amphenol%20Corporation_2012-04-18_transcript.pdf",
        "periodicity": "periodic"
    },
    {
        "equity_ticker": "APH",
        "geography": "US",
        "content_name": "APH Q4 2011 Transcript",
        "file_type": "pdf",
        "content_type": "earnings_transcript",
        "published_date": "2012-01-18",
        "fiscal_date": "2012-01-18",
        "fiscal_year": 2011,
        "fiscal_quarter": 4,
        "r2_url": "https://pub-2c783279b61043e19fbdadd1bee5153a.r2.dev/APH/2012-01-18/Amphenol%20Corporation_2012-01-18_transcript/Amphenol%20Corporation_2012-01-18_transcript.pdf/Amphenol%20Corporation_2012-01-18_transcript.pdf",
        "periodicity": "periodic"
    },
    {
        "equity_ticker": "APH",
        "geography": "US",
        "content_name": "APH Q3 2011 Transcript",
        "file_type": "pdf",
        "content_type": "earnings_transcript",
        "published_date": "2011-10-19",
        "fiscal_date": "2011-10-19",
        "fiscal_year": 2011,
        "fiscal_quarter": 3,
        "r2_url": "https://pub-2c783279b61043e19fbdadd1bee5153a.r2.dev/APH/2011-10-19/Amphenol%20Corporation_2011-10-19_transcript/Amphenol%20Corporation_2011-10-19_transcript.pdf/Amphenol%20Corporation_2011-10-19_transcript.pdf",
        "periodicity": "periodic"
    },
    {
        "equity_ticker": "APH",
        "geography": "US",
        "content_name": "APH Q2 2011 Transcript",
        "file_type": "pdf",
        "content_type": "earnings_transcript",
        "published_date": "2011-07-20",
        "fiscal_date": "2011-07-20",
        "fiscal_year": 2011,
        "fiscal_quarter": 2,
        "r2_url": "https://pub-2c783279b61043e19fbdadd1bee5153a.r2.dev/APH/2011-07-20/Amphenol%20Corporation_2011-07-20_transcript/Amphenol%20Corporation_2011-07-20_transcript.pdf/Amphenol%20Corporation_2011-07-20_transcript.pdf",
        "periodicity": "periodic"
    },
    {
        "equity_ticker": "APH",
        "geography": "US",
        "content_name": "APH Q1 2011 Transcript",
        "file_type": "pdf",
        "content_type": "earnings_transcript",
        "published_date": "2011-04-20",
        "fiscal_date": "2011-04-20",
        "fiscal_year": 2011,
        "fiscal_quarter": 1,
        "r2_url": "https://pub-2c783279b61043e19fbdadd1bee5153a.r2.dev/APH/2011-04-20/Amphenol%20Corporation_2011-04-20_transcript/Amphenol%20Corporation_2011-04-20_transcript.pdf/Amphenol%20Corporation_2011-04-20_transcript.pdf",
        "periodicity": "periodic"
    },
    {
        "equity_ticker": "APH",
        "geography": "US",
        "content_name": "APH Q4 2010 Transcript",
        "file_type": "pdf",
        "content_type": "earnings_transcript",
        "published_date": "2011-01-19",
        "fiscal_date": "2011-01-19",
        "fiscal_year": 2010,
        "fiscal_quarter": 4,
        "r2_url": "https://pub-2c783279b61043e19fbdadd1bee5153a.r2.dev/APH/2011-01-19/Amphenol%20Corporation_2011-01-19_transcript/Amphenol%20Corporation_2011-01-19_transcript.pdf/Amphenol%20Corporation_2011-01-19_transcript.pdf",
        "periodicity": "periodic"
    },
    {
        "equity_ticker": "APH",
        "geography": "US",
        "content_name": "APH Q3 2010 Transcript",
        "file_type": "pdf",
        "content_type": "earnings_transcript",
        "published_date": "2010-10-20",
        "fiscal_date": "2010-10-20",
        "fiscal_year": 2010,
        "fiscal_quarter": 3,
        "r2_url": "https://pub-2c783279b61043e19fbdadd1bee5153a.r2.dev/APH/2010-10-20/Amphenol%20Corporation_2010-10-20_transcript/Amphenol%20Corporation_2010-10-20_transcript.pdf/Amphenol%20Corporation_2010-10-20_transcript.pdf",
        "periodicity": "periodic"
    },
    {
        "equity_ticker": "APH",
        "geography": "US",
        "content_name": "APH Q2 2010 Transcript",
        "file_type": "pdf",
        "content_type": "earnings_transcript",
        "published_date": "2010-07-21",
        "fiscal_date": "2010-07-21",
        "fiscal_year": 2010,
        "fiscal_quarter": 2,
        "r2_url": "https://pub-2c783279b61043e19fbdadd1bee5153a.r2.dev/APH/2010-07-21/Amphenol%20Corporation_2010-07-21_transcript/Amphenol%20Corporation_2010-07-21_transcript.pdf/Amphenol%20Corporation_2010-07-21_transcript.pdf",
        "periodicity": "periodic"
    },
    {
        "equity_ticker": "APH",
        "geography": "US",
        "content_name": "APH Q1 2010 Transcript",
        "file_type": "pdf",
        "content_type": "earnings_transcript",
        "published_date": "2010-04-20",
        "fiscal_date": "2010-04-20",
        "fiscal_year": 2010,
        "fiscal_quarter": 1,
        "r2_url": "https://pub-2c783279b61043e19fbdadd1bee5153a.r2.dev/APH/2010-04-20/Amphenol%20Corporation_2010-04-20_transcript/Amphenol%20Corporation_2010-04-20_transcript.pdf/Amphenol%20Corporation_2010-04-20_transcript.pdf",
        "periodicity": "periodic"
    },
    {
        "equity_ticker": "APH",
        "geography": "US",
        "content_name": "APH Q4 2009 Transcript",
        "file_type": "pdf",
        "content_type": "earnings_transcript",
        "published_date": "2010-01-21",
        "fiscal_date": "2010-01-21",
        "fiscal_year": 2009,
        "fiscal_quarter": 4,
        "r2_url": "https://pub-2c783279b61043e19fbdadd1bee5153a.r2.dev/APH/2010-01-21/Amphenol%20Corporation_2010-01-21_transcript/Amphenol%20Corporation_2010-01-21_transcript.pdf/Amphenol%20Corporation_2010-01-21_transcript.pdf",
        "periodicity": "periodic"
    },
    {
        "equity_ticker": "APH",
        "geography": "US",
        "content_name": "APH Q3 2009 Transcript",
        "file_type": "pdf",
        "content_type": "earnings_transcript",
        "published_date": "2009-10-15",
        "fiscal_date": "2009-10-15",
        "fiscal_year": 2009,
        "fiscal_quarter": 3,
        "r2_url": "https://pub-2c783279b61043e19fbdadd1bee5153a.r2.dev/APH/2009-10-15/Amphenol%20Corporation_2009-10-15_transcript/Amphenol%20Corporation_2009-10-15_transcript.pdf/Amphenol%20Corporation_2009-10-15_transcript.pdf",
        "periodicity": "periodic"
    },
    {
        "equity_ticker": "APH",
        "geography": "US",
        "content_name": "APH Q2 2009 Transcript",
        "file_type": "pdf",
        "content_type": "earnings_transcript",
        "published_date": "2009-07-16",
        "fiscal_date": "2009-07-16",
        "fiscal_year": 2009,
        "fiscal_quarter": 2,
        "r2_url": "https://pub-2c783279b61043e19fbdadd1bee5153a.r2.dev/APH/2009-07-16/Amphenol%20Corporation_2009-07-16_transcript/Amphenol%20Corporation_2009-07-16_transcript.pdf/Amphenol%20Corporation_2009-07-16_transcript.pdf",
        "periodicity": "periodic"
    },
    {
        "equity_ticker": "APH",
        "geography": "US",
        "content_name": "APH Q1 2009 Transcript",
        "file_type": "pdf",
        "content_type": "earnings_transcript",
        "published_date": "2009-04-17",
        "fiscal_date": "2009-04-17",
        "fiscal_year": 2009,
        "fiscal_quarter": 1,
        "r2_url": "https://pub-2c783279b61043e19fbdadd1bee5153a.r2.dev/APH/2009-04-17/Amphenol%20Corporation_2009-04-17_transcript/Amphenol%20Corporation_2009-04-17_transcript.pdf/Amphenol%20Corporation_2009-04-17_transcript.pdf",
        "periodicity": "periodic"
    },
    {
        "equity_ticker": "APH",
        "geography": "US",
        "content_name": "APH Q4 2008 Transcript",
        "file_type": "pdf",
        "content_type": "earnings_transcript",
        "published_date": "2009-01-15",
        "fiscal_date": "2009-01-15",
        "fiscal_year": 2008,
        "fiscal_quarter": 4,
        "r2_url": "https://pub-2c783279b61043e19fbdadd1bee5153a.r2.dev/APH/2009-01-15/Amphenol%20Corporation_2009-01-15_transcript/Amphenol%20Corporation_2009-01-15_transcript.pdf/Amphenol%20Corporation_2009-01-15_transcript.pdf",
        "periodicity": "periodic"
    },
    {
        "equity_ticker": "APH",
        "geography": "US",
        "content_name": "APH Q3 2008 Transcript",
        "file_type": "pdf",
        "content_type": "earnings_transcript",
        "published_date": "2008-10-17",
        "fiscal_date": "2008-10-17",
        "fiscal_year": 2008,
        "fiscal_quarter": 3,
        "r2_url": "https://pub-2c783279b61043e19fbdadd1bee5153a.r2.dev/APH/2008-10-17/Amphenol%20Corporation_2008-10-17_transcript/Amphenol%20Corporation_2008-10-17_transcript.pdf/Amphenol%20Corporation_2008-10-17_transcript.pdf",
        "periodicity": "periodic"
    },
    {
        "equity_ticker": "APH",
        "geography": "US",
        "content_name": "APH Q2 2008 Transcript",
        "file_type": "pdf",
        "content_type": "earnings_transcript",
        "published_date": "2008-07-17",
        "fiscal_date": "2008-07-17",
        "fiscal_year": 2008,
        "fiscal_quarter": 2,
        "r2_url": "https://pub-2c783279b61043e19fbdadd1bee5153a.r2.dev/APH/2008-07-17/Amphenol%20Corporation_2008-07-17_transcript/Amphenol%20Corporation_2008-07-17_transcript.pdf/Amphenol%20Corporation_2008-07-17_transcript.pdf",
        "periodicity": "periodic"
    },
    {
        "equity_ticker": "APH",
        "geography": "US",
        "content_name": "APH Q1 2008 Transcript",
        "file_type": "pdf",
        "content_type": "earnings_transcript",
        "published_date": "2008-04-17",
        "fiscal_date": "2008-04-17",
        "fiscal_year": 2008,
        "fiscal_quarter": 1,
        "r2_url": "https://pub-2c783279b61043e19fbdadd1bee5153a.r2.dev/APH/2008-04-17/Amphenol%20Corporation_2008-04-17_transcript/Amphenol%20Corporation_2008-04-17_transcript.pdf/Amphenol%20Corporation_2008-04-17_transcript.pdf",
        "periodicity": "periodic"
    },
    {
        "equity_ticker": "APH",
        "geography": "US",
        "content_name": "APH Q4 2007 Transcript",
        "file_type": "pdf",
        "content_type": "earnings_transcript",
        "published_date": "2008-01-17",
        "fiscal_date": "2008-01-17",
        "fiscal_year": 2007,
        "fiscal_quarter": 4,
        "r2_url": "https://pub-2c783279b61043e19fbdadd1bee5153a.r2.dev/APH/2008-01-17/Amphenol%20Corporation_2008-01-17_transcript/Amphenol%20Corporation_2008-01-17_transcript.pdf/Amphenol%20Corporation_2008-01-17_transcript.pdf",
        "periodicity": "periodic"
    },
    {
        "equity_ticker": "APH",
        "geography": "US",
        "content_name": "APH Q3 2007 Transcript",
        "file_type": "pdf",
        "content_type": "earnings_transcript",
        "published_date": "2007-10-18",
        "fiscal_date": "2007-10-18",
        "fiscal_year": 2007,
        "fiscal_quarter": 3,
        "r2_url": "https://pub-2c783279b61043e19fbdadd1bee5153a.r2.dev/APH/2007-10-18/Amphenol%20Corporation_2007-10-18_transcript/Amphenol%20Corporation_2007-10-18_transcript.pdf/Amphenol%20Corporation_2007-10-18_transcript.pdf",
        "periodicity": "periodic"
    },
    {
        "equity_ticker": "APH",
        "geography": "US",
        "content_name": "APH Q2 2007 Transcript",
        "file_type": "pdf",
        "content_type": "earnings_transcript",
        "published_date": "2007-07-18",
        "fiscal_date": "2007-07-18",
        "fiscal_year": 2007,
        "fiscal_quarter": 2,
        "r2_url": "https://pub-2c783279b61043e19fbdadd1bee5153a.r2.dev/APH/2007-07-18/Amphenol%20Corporation_2007-07-18_transcript/Amphenol%20Corporation_2007-07-18_transcript.pdf/Amphenol%20Corporation_2007-07-18_transcript.pdf",
        "periodicity": "periodic"
    }
]