[
  {
    "equity_ticker": "APP",
    "geography": "US",
    "content_name": "APP Q4 2024 10-K",
    "file_type": "pdf",
    "content_type": "annual_report",
    "published_date": "2025-02-27",
    "fiscal_date": "2024-12-31",
    "fiscal_year": 2024,
    "fiscal_quarter": 4,
    "r2_url": "https://pub-2c783279b61043e19fbdadd1bee5153a.r2.dev/APP/2025-02-27/app-20241231.htm/app-20241231.pdf",
    "periodicity": "periodic"
  },
  {
    "equity_ticker": "APP",
    "geography": "US",
    "content_name": "APP Q3 2024 10-Q",
    "file_type": "pdf",
    "content_type": "quarterly_report",
    "published_date": "2024-11-06",
    "fiscal_date": "2024-09-30",
    "fiscal_year": 2024,
    "fiscal_quarter": 3,
    "r2_url": "https://pub-2c783279b61043e19fbdadd1bee5153a.r2.dev/APP/2024-11-06/app-20240930.htm/app-20240930.pdf",
    "periodicity": "periodic"
  },
  {
    "equity_ticker": "APP",
    "geography": "US",
    "content_name": "APP Q2 2024 10-Q",
    "file_type": "pdf",
    "content_type": "quarterly_report",
    "published_date": "2024-08-07",
    "fiscal_date": "2024-06-30",
    "fiscal_year": 2024,
    "fiscal_quarter": 2,
    "r2_url": "https://pub-2c783279b61043e19fbdadd1bee5153a.r2.dev/APP/2024-08-07/app-20240630.htm/app-20240630.pdf",
    "periodicity": "periodic"
  },
  {
    "equity_ticker": "APP",
    "geography": "US",
    "content_name": "APP Q1 2024 10-Q",
    "file_type": "pdf",
    "content_type": "quarterly_report",
    "published_date": "2024-05-08",
    "fiscal_date": "2024-03-31",
    "fiscal_year": 2024,
    "fiscal_quarter": 1,
    "r2_url": "https://pub-2c783279b61043e19fbdadd1bee5153a.r2.dev/APP/2024-05-08/app-20240331.htm/app-20240331.pdf",
    "periodicity": "periodic"
  },
  {
    "equity_ticker": "APP",
    "geography": "US",
    "content_name": "APP Q4 2023 10-K",
    "file_type": "pdf",
    "content_type": "annual_report",
    "published_date": "2024-02-26",
    "fiscal_date": "2023-12-31",
    "fiscal_year": 2023,
    "fiscal_quarter": 4,
    "r2_url": "https://pub-2c783279b61043e19fbdadd1bee5153a.r2.dev/APP/2024-02-26/app-20231231.htm/app-20231231.pdf",
    "periodicity": "periodic"
  },
  {
    "equity_ticker": "APP",
    "geography": "US",
    "content_name": "APP Q3 2023 10-Q",
    "file_type": "pdf",
    "content_type": "quarterly_report",
    "published_date": "2023-11-08",
    "fiscal_date": "2023-09-30",
    "fiscal_year": 2023,
    "fiscal_quarter": 3,
    "r2_url": "https://pub-2c783279b61043e19fbdadd1bee5153a.r2.dev/APP/2023-11-08/app-20230930.htm/app-20230930.pdf",
    "periodicity": "periodic"
  },
  {
    "equity_ticker": "APP",
    "geography": "US",
    "content_name": "APP Q2 2023 10-Q",
    "file_type": "pdf",
    "content_type": "quarterly_report",
    "published_date": "2023-08-09",
    "fiscal_date": "2023-06-30",
    "fiscal_year": 2023,
    "fiscal_quarter": 2,
    "r2_url": "https://pub-2c783279b61043e19fbdadd1bee5153a.r2.dev/APP/2023-08-09/app-20230630.htm/app-20230630.pdf",
    "periodicity": "periodic"
  },
  {
    "equity_ticker": "APP",
    "geography": "US",
    "content_name": "APP Q1 2023 10-Q",
    "file_type": "pdf",
    "content_type": "quarterly_report",
    "published_date": "2023-05-10",
    "fiscal_date": "2023-03-31",
    "fiscal_year": 2023,
    "fiscal_quarter": 1,
    "r2_url": "https://pub-2c783279b61043e19fbdadd1bee5153a.r2.dev/APP/2023-05-10/app-20230331.htm/app-20230331.pdf",
    "periodicity": "periodic"
  },
  {
    "equity_ticker": "APP",
    "geography": "US",
    "content_name": "APP Q4 2022 10-K",
    "file_type": "pdf",
    "content_type": "annual_report",
    "published_date": "2023-02-28",
    "fiscal_date": "2022-12-31",
    "fiscal_year": 2022,
    "fiscal_quarter": 4,
    "r2_url": "https://pub-2c783279b61043e19fbdadd1bee5153a.r2.dev/APP/2023-02-28/app-20221231.htm/app-20221231.pdf",
    "periodicity": "periodic"
  },
  {
    "equity_ticker": "APP",
    "geography": "US",
    "content_name": "APP Q3 2022 10-Q",
    "file_type": "pdf",
    "content_type": "quarterly_report",
    "published_date": "2022-11-10",
    "fiscal_date": "2022-09-30",
    "fiscal_year": 2022,
    "fiscal_quarter": 3,
    "r2_url": "https://pub-2c783279b61043e19fbdadd1bee5153a.r2.dev/APP/2022-11-10/app-20220930.htm/app-20220930.pdf",
    "periodicity": "periodic"
  },
  {
    "equity_ticker": "APP",
    "geography": "US",
    "content_name": "APP Q2 2022 10-Q",
    "file_type": "pdf",
    "content_type": "quarterly_report",
    "published_date": "2022-08-12",
    "fiscal_date": "2022-06-30",
    "fiscal_year": 2022,
    "fiscal_quarter": 2,
    "r2_url": "https://pub-2c783279b61043e19fbdadd1bee5153a.r2.dev/APP/2022-08-12/app-20220630.htm/app-20220630.pdf",
    "periodicity": "periodic"
  },
  {
    "equity_ticker": "APP",
    "geography": "US",
    "content_name": "APP Q1 2022 10-Q",
    "file_type": "pdf",
    "content_type": "quarterly_report",
    "published_date": "2022-05-13",
    "fiscal_date": "2022-03-31",
    "fiscal_year": 2022,
    "fiscal_quarter": 1,
    "r2_url": "https://pub-2c783279b61043e19fbdadd1bee5153a.r2.dev/APP/2022-05-13/app-20220331.htm/app-20220331.pdf",
    "periodicity": "periodic"
  },
  {
    "equity_ticker": "APP",
    "geography": "US",
    "content_name": "APP Q4 2021 10-K",
    "file_type": "pdf",
    "content_type": "annual_report",
    "published_date": "2022-03-11",
    "fiscal_date": "2021-12-31",
    "fiscal_year": 2021,
    "fiscal_quarter": 4,
    "r2_url": "https://pub-2c783279b61043e19fbdadd1bee5153a.r2.dev/APP/2022-03-11/app-20211231.htm/app-20211231.pdf",
    "periodicity": "periodic"
  },
  {
    "equity_ticker": "APP",
    "geography": "US",
    "content_name": "APP Q3 2021 10-Q",
    "file_type": "pdf",
    "content_type": "quarterly_report",
    "published_date": "2021-11-12",
    "fiscal_date": "2021-09-30",
    "fiscal_year": 2021,
    "fiscal_quarter": 3,
    "r2_url": "https://pub-2c783279b61043e19fbdadd1bee5153a.r2.dev/APP/2021-11-12/app-20210930.htm/app-20210930.pdf",
    "periodicity": "periodic"
  },
  {
    "equity_ticker": "APP",
    "geography": "US",
    "content_name": "APP Q2 2021 10-Q",
    "file_type": "pdf",
    "content_type": "quarterly_report",
    "published_date": "2021-08-13",
    "fiscal_date": "2021-06-30",
    "fiscal_year": 2021,
    "fiscal_quarter": 2,
    "r2_url": "https://pub-2c783279b61043e19fbdadd1bee5153a.r2.dev/APP/2021-08-13/app-20210630.htm/app-20210630.pdf",
    "periodicity": "periodic"
  },
  {
    "equity_ticker": "APP",
    "geography": "US",
    "content_name": "APP Q1 2021 10-Q",
    "file_type": "pdf",
    "content_type": "quarterly_report",
    "published_date": "2021-05-14",
    "fiscal_date": "2021-03-31",
    "fiscal_year": 2021,
    "fiscal_quarter": 1,
    "r2_url": "https://pub-2c783279b61043e19fbdadd1bee5153a.r2.dev/APP/2021-05-14/d16771d10q.htm/d16771d10q.pdf",
    "periodicity": "periodic"
  },
  {
    "equity_ticker": "APP",
    "geography": "US",
    "content_name": "APP Q4 2015 10-Q",
    "file_type": "pdf",
    "content_type": "quarterly_report",
    "published_date": "2016-02-01",
    "fiscal_date": "2015-09-30",
    "fiscal_year": 2015,
    "fiscal_quarter": 4,
    "r2_url": "https://pub-2c783279b61043e19fbdadd1bee5153a.r2.dev/APP/2016-02-01/app0930201510-q.htm/app0930201510-q.pdf",
    "periodicity": "periodic"
  },
  {
    "equity_ticker": "APP",
    "geography": "US",
    "content_name": "APP Q3 2015 10-Q",
    "file_type": "pdf",
    "content_type": "quarterly_report",
    "published_date": "2015-08-17",
    "fiscal_date": "2015-06-30",
    "fiscal_year": 2015,
    "fiscal_quarter": 3,
    "r2_url": "https://pub-2c783279b61043e19fbdadd1bee5153a.r2.dev/APP/2015-08-17/app0630201510-q.htm/app0630201510-q.pdf",
    "periodicity": "periodic"
  },
  {
    "equity_ticker": "APP",
    "geography": "US",
    "content_name": "APP Q2 2015 10-Q",
    "file_type": "pdf",
    "content_type": "quarterly_report",
    "published_date": "2015-05-11",
    "fiscal_date": "2015-03-31",
    "fiscal_year": 2015,
    "fiscal_quarter": 2,
    "r2_url": "https://pub-2c783279b61043e19fbdadd1bee5153a.r2.dev/APP/2015-05-11/app0331201510-q.htm/app0331201510-q.pdf",
    "periodicity": "periodic"
  },
  {
    "equity_ticker": "APP",
    "geography": "US",
    "content_name": "APP Q1 2015 10-K",
    "file_type": "pdf",
    "content_type": "annual_report",
    "published_date": "2015-03-25",
    "fiscal_date": "2014-12-31",
    "fiscal_year": 2015,
    "fiscal_quarter": 1,
    "r2_url": "https://pub-2c783279b61043e19fbdadd1bee5153a.r2.dev/APP/2015-03-25/app12311410k.htm/app12311410k.pdf",
    "periodicity": "periodic"
  },
  {
    "equity_ticker": "APP",
    "geography": "US",
    "content_name": "APP Q4 2014 10-Q",
    "file_type": "pdf",
    "content_type": "quarterly_report",
    "published_date": "2014-11-10",
    "fiscal_date": "2014-09-30",
    "fiscal_year": 2014,
    "fiscal_quarter": 4,
    "r2_url": "https://pub-2c783279b61043e19fbdadd1bee5153a.r2.dev/APP/2014-11-10/app0930201410q.htm/app0930201410q.pdf",
    "periodicity": "periodic"
  },
  {
    "equity_ticker": "APP",
    "geography": "US",
    "content_name": "APP Q3 2014 10-Q",
    "file_type": "pdf",
    "content_type": "quarterly_report",
    "published_date": "2014-08-18",
    "fiscal_date": "2014-06-30",
    "fiscal_year": 2014,
    "fiscal_quarter": 3,
    "r2_url": "https://pub-2c783279b61043e19fbdadd1bee5153a.r2.dev/APP/2014-08-18/app0630201410q.htm/app0630201410q.pdf",
    "periodicity": "periodic"
  },
  {
    "equity_ticker": "APP",
    "geography": "US",
    "content_name": "APP Q2 2014 10-Q",
    "file_type": "pdf",
    "content_type": "quarterly_report",
    "published_date": "2014-05-12",
    "fiscal_date": "2014-03-31",
    "fiscal_year": 2014,
    "fiscal_quarter": 2,
    "r2_url": "https://pub-2c783279b61043e19fbdadd1bee5153a.r2.dev/APP/2014-05-12/app0331201410q.htm/app0331201410q.pdf",
    "periodicity": "periodic"
  },
  {
    "equity_ticker": "APP",
    "geography": "US",
    "content_name": "APP Q1 2014 10-K",
    "file_type": "pdf",
    "content_type": "annual_report",
    "published_date": "2014-04-01",
    "fiscal_date": "2013-12-31",
    "fiscal_year": 2014,
    "fiscal_quarter": 1,
    "r2_url": "https://pub-2c783279b61043e19fbdadd1bee5153a.r2.dev/APP/2014-04-01/app12311310k.htm/app12311310k.pdf",
    "periodicity": "periodic"
  },
  {
    "equity_ticker": "APP",
    "geography": "US",
    "content_name": "APP Q4 2013 10-Q",
    "file_type": "pdf",
    "content_type": "quarterly_report",
    "published_date": "2013-11-14",
    "fiscal_date": "2013-09-30",
    "fiscal_year": 2013,
    "fiscal_quarter": 4,
    "r2_url": "https://pub-2c783279b61043e19fbdadd1bee5153a.r2.dev/APP/2013-11-14/app0930201310q.htm/app0930201310q.pdf",
    "periodicity": "periodic"
  },
  {
    "equity_ticker": "APP",
    "geography": "US",
    "content_name": "APP Q3 2013 10-Q",
    "file_type": "pdf",
    "content_type": "quarterly_report",
    "published_date": "2013-08-12",
    "fiscal_date": "2013-06-30",
    "fiscal_year": 2013,
    "fiscal_quarter": 3,
    "r2_url": "https://pub-2c783279b61043e19fbdadd1bee5153a.r2.dev/APP/2013-08-12/app0630201310q.htm/app0630201310q.pdf",
    "periodicity": "periodic"
  },
  {
    "equity_ticker": "APP",
    "geography": "US",
    "content_name": "APP Q2 2013 10-Q",
    "file_type": "pdf",
    "content_type": "quarterly_report",
    "published_date": "2013-05-08",
    "fiscal_date": "2013-03-31",
    "fiscal_year": 2013,
    "fiscal_quarter": 2,
    "r2_url": "https://pub-2c783279b61043e19fbdadd1bee5153a.r2.dev/APP/2013-05-08/app0331201310q.htm/app0331201310q.pdf",
    "periodicity": "periodic"
  },
  {
    "equity_ticker": "APP",
    "geography": "US",
    "content_name": "APP Q1 2013 10-K",
    "file_type": "pdf",
    "content_type": "annual_report",
    "published_date": "2013-03-05",
    "fiscal_date": "2012-12-31",
    "fiscal_year": 2013,
    "fiscal_quarter": 1,
    "r2_url": "https://pub-2c783279b61043e19fbdadd1bee5153a.r2.dev/APP/2013-03-05/app12311210k.htm/app12311210k.pdf",
    "periodicity": "periodic"
  },
  {
    "equity_ticker": "APP",
    "geography": "US",
    "content_name": "APP Q4 2012 10-Q",
    "file_type": "pdf",
    "content_type": "quarterly_report",
    "published_date": "2012-11-13",
    "fiscal_date": "2012-09-30",
    "fiscal_year": 2012,
    "fiscal_quarter": 4,
    "r2_url": "https://pub-2c783279b61043e19fbdadd1bee5153a.r2.dev/APP/2012-11-13/app0930201210q.htm/app0930201210q.pdf",
    "periodicity": "periodic"
  },
  {
    "equity_ticker": "APP",
    "geography": "US",
    "content_name": "APP Q3 2012 10-Q",
    "file_type": "pdf",
    "content_type": "quarterly_report",
    "published_date": "2012-08-14",
    "fiscal_date": "2012-06-30",
    "fiscal_year": 2012,
    "fiscal_quarter": 3,
    "r2_url": "https://pub-2c783279b61043e19fbdadd1bee5153a.r2.dev/APP/2012-08-14/app0630201210qfinal.htm/app0630201210qfinal.pdf",
    "periodicity": "periodic"
  },
  {
    "equity_ticker": "APP",
    "geography": "US",
    "content_name": "APP Q2 2012 10-Q",
    "file_type": "pdf",
    "content_type": "quarterly_report",
    "published_date": "2012-05-15",
    "fiscal_date": "2012-03-31",
    "fiscal_year": 2012,
    "fiscal_quarter": 2,
    "r2_url": "https://pub-2c783279b61043e19fbdadd1bee5153a.r2.dev/APP/2012-05-15/app0331201210q.htm/app0331201210q.pdf",
    "periodicity": "periodic"
  },
  {
    "equity_ticker": "APP",
    "geography": "US",
    "content_name": "APP Q1 2012 10-K",
    "file_type": "pdf",
    "content_type": "annual_report",
    "published_date": "2012-03-14",
    "fiscal_date": "2011-12-31",
    "fiscal_year": 2012,
    "fiscal_quarter": 1,
    "r2_url": "https://pub-2c783279b61043e19fbdadd1bee5153a.r2.dev/APP/2012-03-14/app12311110krf.htm/app12311110krf.pdf",
    "periodicity": "periodic"
  },
  {
    "equity_ticker": "APP",
    "geography": "US",
    "content_name": "APP Q4 2011 10-Q",
    "file_type": "pdf",
    "content_type": "quarterly_report",
    "published_date": "2011-11-07",
    "fiscal_date": "2011-09-30",
    "fiscal_year": 2011,
    "fiscal_quarter": 4,
    "r2_url": "https://pub-2c783279b61043e19fbdadd1bee5153a.r2.dev/APP/2011-11-07/app0930201110q.htm/app0930201110q.pdf",
    "periodicity": "periodic"
  },
  {
    "equity_ticker": "APP",
    "geography": "US",
    "content_name": "APP Q3 2011 10-Q",
    "file_type": "pdf",
    "content_type": "quarterly_report",
    "published_date": "2011-08-08",
    "fiscal_date": "2011-06-30",
    "fiscal_year": 2011,
    "fiscal_quarter": 3,
    "r2_url": "https://pub-2c783279b61043e19fbdadd1bee5153a.r2.dev/APP/2011-08-08/app0630201110q.htm/app0630201110q.pdf",
    "periodicity": "periodic"
  },
  {
    "equity_ticker": "APP",
    "geography": "US",
    "content_name": "APP Q2 2011 10-Q",
    "file_type": "pdf",
    "content_type": "quarterly_report",
    "published_date": "2011-05-10",
    "fiscal_date": "2011-03-31",
    "fiscal_year": 2011,
    "fiscal_quarter": 2,
    "r2_url": "https://pub-2c783279b61043e19fbdadd1bee5153a.r2.dev/APP/2011-05-10/app0331201110q.htm/app0331201110q.pdf",
    "periodicity": "periodic"
  },
  {
    "equity_ticker": "APP",
    "geography": "US",
    "content_name": "APP Q1 2011 10-K",
    "file_type": "pdf",
    "content_type": "annual_report",
    "published_date": "2011-03-31",
    "fiscal_date": "2010-12-31",
    "fiscal_year": 2011,
    "fiscal_quarter": 1,
    "r2_url": "https://pub-2c783279b61043e19fbdadd1bee5153a.r2.dev/APP/2011-03-31/app12311010k.htm/app12311010k.pdf",
    "periodicity": "periodic"
  },
  {
    "equity_ticker": "APP",
    "geography": "US",
    "content_name": "APP Q4 2010 10-Q",
    "file_type": "pdf",
    "content_type": "quarterly_report",
    "published_date": "2010-11-09",
    "fiscal_date": "2010-10-22",
    "fiscal_year": 2010,
    "fiscal_quarter": 4,
    "r2_url": "https://pub-2c783279b61043e19fbdadd1bee5153a.r2.dev/APP/2010-11-09/app0930201010q.htm/app0930201010q.pdf",
    "periodicity": "periodic"
  },
  {
    "equity_ticker": "APP",
    "geography": "US",
    "content_name": "APP Q3 2010 10-Q",
    "file_type": "pdf",
    "content_type": "quarterly_report",
    "published_date": "2010-10-29",
    "fiscal_date": "2010-06-30",
    "fiscal_year": 2010,
    "fiscal_quarter": 3,
    "r2_url": "https://pub-2c783279b61043e19fbdadd1bee5153a.r2.dev/APP/2010-10-29/app0630201010q.htm/app0630201010q.pdf",
    "periodicity": "periodic"
  },
  {
    "equity_ticker": "APP",
    "geography": "US",
    "content_name": "APP Q2 2010 10-Q",
    "file_type": "pdf",
    "content_type": "quarterly_report",
    "published_date": "2010-08-17",
    "fiscal_date": "2010-03-31",
    "fiscal_year": 2010,
    "fiscal_quarter": 2,
    "r2_url": "https://pub-2c783279b61043e19fbdadd1bee5153a.r2.dev/APP/2010-08-17/d10q.htm/d10q.pdf",
    "periodicity": "periodic"
  },
  {
    "equity_ticker": "APP",
    "geography": "US",
    "content_name": "APP Q1 2010 10-K",
    "file_type": "pdf",
    "content_type": "annual_report",
    "published_date": "2010-03-31",
    "fiscal_date": "2009-12-31",
    "fiscal_year": 2010,
    "fiscal_quarter": 1,
    "r2_url": "https://pub-2c783279b61043e19fbdadd1bee5153a.r2.dev/APP/2010-03-31/d10k.htm/d10k.pdf",
    "periodicity": "periodic"
  },
  {
    "equity_ticker": "APP",
    "geography": "US",
    "content_name": "APP Q4 2009 10-Q",
    "file_type": "pdf",
    "content_type": "quarterly_report",
    "published_date": "2009-11-10",
    "fiscal_date": "2009-09-30",
    "fiscal_year": 2009,
    "fiscal_quarter": 4,
    "r2_url": "https://pub-2c783279b61043e19fbdadd1bee5153a.r2.dev/APP/2009-11-10/d10q.htm/d10q.pdf",
    "periodicity": "periodic"
  },
  {
    "equity_ticker": "APP",
    "geography": "US",
    "content_name": "APP Q3 2009 10-Q",
    "file_type": "pdf",
    "content_type": "quarterly_report",
    "published_date": "2009-08-17",
    "fiscal_date": "2009-06-30",
    "fiscal_year": 2009,
    "fiscal_quarter": 3,
    "r2_url": "https://pub-2c783279b61043e19fbdadd1bee5153a.r2.dev/APP/2009-08-17/d10q.htm/d10q.pdf",
    "periodicity": "periodic"
  },
  {
    "equity_ticker": "APP",
    "geography": "US",
    "content_name": "APP Q2 2009 10-Q",
    "file_type": "pdf",
    "content_type": "quarterly_report",
    "published_date": "2009-08-13",
    "fiscal_date": "2009-03-31",
    "fiscal_year": 2009,
    "fiscal_quarter": 2,
    "r2_url": "https://pub-2c783279b61043e19fbdadd1bee5153a.r2.dev/APP/2009-08-13/d10q.htm/d10q.pdf",
    "periodicity": "periodic"
  },
  {
    "equity_ticker": "APP",
    "geography": "US",
    "content_name": "APP Q1 2009 10-K",
    "file_type": "pdf",
    "content_type": "annual_report",
    "published_date": "2009-03-16",
    "fiscal_date": "2008-12-31",
    "fiscal_year": 2009,
    "fiscal_quarter": 1,
    "r2_url": "https://pub-2c783279b61043e19fbdadd1bee5153a.r2.dev/APP/2009-03-16/d10k.htm/d10k.pdf",
    "periodicity": "periodic"
  },
  {
    "equity_ticker": "APP",
    "geography": "US",
    "content_name": "APP Q4 2008 10-Q",
    "file_type": "pdf",
    "content_type": "quarterly_report",
    "published_date": "2008-11-10",
    "fiscal_date": "2008-09-30",
    "fiscal_year": 2008,
    "fiscal_quarter": 4,
    "r2_url": "https://pub-2c783279b61043e19fbdadd1bee5153a.r2.dev/APP/2008-11-10/d10q.htm/d10q.pdf",
    "periodicity": "periodic"
  },
  {
    "equity_ticker": "APP",
    "geography": "US",
    "content_name": "APP Q3 2008 10-Q",
    "file_type": "pdf",
    "content_type": "quarterly_report",
    "published_date": "2008-08-15",
    "fiscal_date": "2008-06-30",
    "fiscal_year": 2008,
    "fiscal_quarter": 3,
    "r2_url": "https://pub-2c783279b61043e19fbdadd1bee5153a.r2.dev/APP/2008-08-15/d10q.htm/d10q.pdf",
    "periodicity": "periodic"
  },
  {
    "equity_ticker": "APP",
    "geography": "US",
    "content_name": "APP Q2 2008 10-Q",
    "file_type": "pdf",
    "content_type": "quarterly_report",
    "published_date": "2008-05-16",
    "fiscal_date": "2008-03-31",
    "fiscal_year": 2008,
    "fiscal_quarter": 2,
    "r2_url": "https://pub-2c783279b61043e19fbdadd1bee5153a.r2.dev/APP/2008-05-16/d10q.htm/d10q.pdf",
    "periodicity": "periodic"
  },
  {
    "equity_ticker": "APP",
    "geography": "US",
    "content_name": "APP Q1 2008 10-K",
    "file_type": "pdf",
    "content_type": "annual_report",
    "published_date": "2008-03-17",
    "fiscal_date": "2007-12-31",
    "fiscal_year": 2008,
    "fiscal_quarter": 1,
    "r2_url": "https://pub-2c783279b61043e19fbdadd1bee5153a.r2.dev/APP/2008-03-17/d10k.htm/d10k.pdf",
    "periodicity": "periodic"
  },
  {
    "equity_ticker": "APP",
    "geography": "US",
    "content_name": "APP Q4 2007 10-Q",
    "file_type": "pdf",
    "content_type": "quarterly_report",
    "published_date": "2007-11-09",
    "fiscal_date": "2007-09-30",
    "fiscal_year": 2007,
    "fiscal_quarter": 4,
    "r2_url": "https://pub-2c783279b61043e19fbdadd1bee5153a.r2.dev/APP/2007-11-09/d10q.htm/d10q.pdf",
    "periodicity": "periodic"
  },
  {
    "equity_ticker": "APP",
    "geography": "US",
    "content_name": "APP Q3 2007 10-Q",
    "file_type": "pdf",
    "content_type": "quarterly_report",
    "published_date": "2007-08-08",
    "fiscal_date": "2007-06-30",
    "fiscal_year": 2007,
    "fiscal_quarter": 3,
    "r2_url": "https://pub-2c783279b61043e19fbdadd1bee5153a.r2.dev/APP/2007-08-08/d10q.htm/d10q.pdf",
    "periodicity": "periodic"
  },
  {
    "equity_ticker": "APP",
    "geography": "US",
    "content_name": "APP Q2 2007 10-Q",
    "file_type": "pdf",
    "content_type": "quarterly_report",
    "published_date": "2007-05-10",
    "fiscal_date": "2007-03-31",
    "fiscal_year": 2007,
    "fiscal_quarter": 2,
    "r2_url": "https://pub-2c783279b61043e19fbdadd1bee5153a.r2.dev/APP/2007-05-10/d10q.htm/d10q.pdf",
    "periodicity": "periodic"
  },
  {
    "equity_ticker": "APP",
    "geography": "US",
    "content_name": "APP Q1 2007 10-K",
    "file_type": "pdf",
    "content_type": "annual_report",
    "published_date": "2007-03-16",
    "fiscal_date": "2006-12-31",
    "fiscal_year": 2007,
    "fiscal_quarter": 1,
    "r2_url": "https://pub-2c783279b61043e19fbdadd1bee5153a.r2.dev/APP/2007-03-16/d10k.htm/d10k.pdf",
    "periodicity": "periodic"
  },
  {
    "equity_ticker": "APP",
    "geography": "US",
    "content_name": "APP Q4 2006 10-Q",
    "file_type": "pdf",
    "content_type": "quarterly_report",
    "published_date": "2006-11-14",
    "fiscal_date": "2006-09-30",
    "fiscal_year": 2006,
    "fiscal_quarter": 4,
    "r2_url": "https://pub-2c783279b61043e19fbdadd1bee5153a.r2.dev/APP/2006-11-14/d10q.htm/d10q.pdf",
    "periodicity": "periodic"
  },
  {
    "equity_ticker": "APP",
    "geography": "US",
    "content_name": "APP Q3 2006 10-Q",
    "file_type": "pdf",
    "content_type": "quarterly_report",
    "published_date": "2006-08-14",
    "fiscal_date": "2006-06-30",
    "fiscal_year": 2006,
    "fiscal_quarter": 3,
    "r2_url": "https://pub-2c783279b61043e19fbdadd1bee5153a.r2.dev/APP/2006-08-14/d10q.htm/d10q.pdf",
    "periodicity": "periodic"
  },
  {
    "equity_ticker": "APP",
    "geography": "US",
    "content_name": "APP Q2 2006 10-Q",
    "file_type": "pdf",
    "content_type": "quarterly_report",
    "published_date": "2006-05-15",
    "fiscal_date": "2006-03-31",
    "fiscal_year": 2006,
    "fiscal_quarter": 2,
    "r2_url": "https://pub-2c783279b61043e19fbdadd1bee5153a.r2.dev/APP/2006-05-15/d10q.htm/d10q.pdf",
    "periodicity": "periodic"
  },
  {
    "equity_ticker": "APP",
    "geography": "US",
    "content_name": "APP Q1 2006 10-K",
    "file_type": "pdf",
    "content_type": "annual_report",
    "published_date": "2006-03-31",
    "fiscal_date": "2005-12-31",
    "fiscal_year": 2006,
    "fiscal_quarter": 1,
    "r2_url": "https://pub-2c783279b61043e19fbdadd1bee5153a.r2.dev/APP/2006-03-31/d10k.htm/d10k.pdf",
    "periodicity": "periodic"
  },
  {
    "equity_ticker": "APP",
    "geography": "US",
    "content_name": "APP Q4 2024 Transcript",
    "file_type": "pdf",
    "content_type": "earnings_transcript",
    "published_date": "2025-02-12",
    "fiscal_date": "2025-02-12",
    "fiscal_year": 2024,
    "fiscal_quarter": 4,
    "r2_url": "https://pub-2c783279b61043e19fbdadd1bee5153a.r2.dev/APP/2025-02-12/AppLovin%20Corporation_2025-02-12_transcript/AppLovin%20Corporation_2025-02-12_transcript.pdf/AppLovin%20Corporation_2025-02-12_transcript.pdf",
    "periodicity": "periodic"
  },
  {
    "equity_ticker": "APP",
    "geography": "US",
    "content_name": "APP Q4 2024 Press Release",
    "file_type": "pdf",
    "content_type": "earnings_press_release",
    "published_date": "2025-02-12",
    "fiscal_date": "2025-02-12",
    "fiscal_year": 2024,
    "fiscal_quarter": 4,
    "r2_url": "https://pub-2c783279b61043e19fbdadd1bee5153a.r2.dev/APP/2025-02-12/66428-2025-02-12-09-21-09/66428-2025-02-12-09-21-09.pdf/66428-2025-02-12-09-21-09.pdf",
    "periodicity": "periodic"
  },
  {
    "equity_ticker": "APP",
    "geography": "US",
    "content_name": "51st Nasdaq London Investor Conference - December 11, 2024",
    "file_type": "pdf",
    "content_type": "company_conference_transcript",
    "published_date": "2024-12-11",
    "fiscal_date": "2024-12-11",
    "fiscal_year": null,
    "fiscal_quarter": null,
    "r2_url": "https://pub-2c783279b61043e19fbdadd1bee5153a.r2.dev/APP/2024-12-11/AppLovin%20Corporation_2024-12-11_transcript/AppLovin%20Corporation_2024-12-11_transcript.pdf/AppLovin%20Corporation_2024-12-11_transcript.pdf",
    "periodicity": "non_periodic"
  },
  {
    "equity_ticker": "APP",
    "geography": "US",
    "content_name": "APP Q3 2024 Transcript",
    "file_type": "pdf",
    "content_type": "earnings_transcript",
    "published_date": "2024-11-06",
    "fiscal_date": "2024-11-06",
    "fiscal_year": 2024,
    "fiscal_quarter": 3,
    "r2_url": "https://pub-2c783279b61043e19fbdadd1bee5153a.r2.dev/APP/2024-11-06/AppLovin%20Corporation_2024-11-06_transcript/AppLovin%20Corporation_2024-11-06_transcript.pdf/AppLovin%20Corporation_2024-11-06_transcript.pdf",
    "periodicity": "periodic"
  },
  {
    "equity_ticker": "APP",
    "geography": "US",
    "content_name": "APP Q3 2024 Press Release",
    "file_type": "pdf",
    "content_type": "earnings_press_release",
    "published_date": "2024-11-06",
    "fiscal_date": "2024-11-06",
    "fiscal_year": 2024,
    "fiscal_quarter": 3,
    "r2_url": "https://pub-2c783279b61043e19fbdadd1bee5153a.r2.dev/APP/2024-11-06/56507-2024-11-06-09-36-09/56507-2024-11-06-09-36-09.pdf/56507-2024-11-06-09-36-09.pdf",
    "periodicity": "periodic"
  },
  {
    "equity_ticker": "APP",
    "geography": "US",
    "content_name": "APP Q2 2024 Transcript",
    "file_type": "pdf",
    "content_type": "earnings_transcript",
    "published_date": "2024-08-07",
    "fiscal_date": "2024-08-07",
    "fiscal_year": 2024,
    "fiscal_quarter": 2,
    "r2_url": "https://pub-2c783279b61043e19fbdadd1bee5153a.r2.dev/APP/2024-08-07/AppLovin%20Corporation_2024-08-07_transcript/AppLovin%20Corporation_2024-08-07_transcript.pdf/AppLovin%20Corporation_2024-08-07_transcript.pdf",
    "periodicity": "periodic"
  },
  {
    "equity_ticker": "APP",
    "geography": "US",
    "content_name": "APP Q2 2024 Press Release",
    "file_type": "pdf",
    "content_type": "earnings_press_release",
    "published_date": "2024-08-07",
    "fiscal_date": "2024-08-07",
    "fiscal_year": 2024,
    "fiscal_quarter": 2,
    "r2_url": "https://pub-2c783279b61043e19fbdadd1bee5153a.r2.dev/APP/2024-08-07/7d8c3-2024-08-07-08-04-12/7d8c3-2024-08-07-08-04-12.pdf/7d8c3-2024-08-07-08-04-12.pdf",
    "periodicity": "periodic"
  },
  {
    "equity_ticker": "APP",
    "geography": "US",
    "content_name": "APP Q1 2024 Transcript",
    "file_type": "pdf",
    "content_type": "earnings_transcript",
    "published_date": "2024-05-08",
    "fiscal_date": "2024-05-08",
    "fiscal_year": 2024,
    "fiscal_quarter": 1,
    "r2_url": "https://pub-2c783279b61043e19fbdadd1bee5153a.r2.dev/APP/2024-05-08/AppLovin%20Corporation_2024-05-08_transcript/AppLovin%20Corporation_2024-05-08_transcript.pdf/AppLovin%20Corporation_2024-05-08_transcript.pdf",
    "periodicity": "periodic"
  },
  {
    "equity_ticker": "APP",
    "geography": "US",
    "content_name": "APP Q1 2024 Press Release",
    "file_type": "pdf",
    "content_type": "earnings_press_release",
    "published_date": "2024-05-08",
    "fiscal_date": "2024-05-08",
    "fiscal_year": 2024,
    "fiscal_quarter": 1,
    "r2_url": "https://pub-2c783279b61043e19fbdadd1bee5153a.r2.dev/APP/2024-05-08/d9125-2024-05-08-08-29-12/d9125-2024-05-08-08-29-12.pdf/d9125-2024-05-08-08-29-12.pdf",
    "periodicity": "periodic"
  },
  {
    "equity_ticker": "APP",
    "geography": "US",
    "content_name": "APP Q4 2023 Transcript",
    "file_type": "pdf",
    "content_type": "earnings_transcript",
    "published_date": "2024-02-14",
    "fiscal_date": "2024-02-14",
    "fiscal_year": 2023,
    "fiscal_quarter": 4,
    "r2_url": "https://pub-2c783279b61043e19fbdadd1bee5153a.r2.dev/APP/2024-02-14/AppLovin%20Corporation_2024-02-14_transcript/AppLovin%20Corporation_2024-02-14_transcript.pdf/AppLovin%20Corporation_2024-02-14_transcript.pdf",
    "periodicity": "periodic"
  },
  {
    "equity_ticker": "APP",
    "geography": "US",
    "content_name": "APP Q4 2023 Press Release",
    "file_type": "pdf",
    "content_type": "earnings_press_release",
    "published_date": "2024-02-14",
    "fiscal_date": "2024-02-14",
    "fiscal_year": 2023,
    "fiscal_quarter": 4,
    "r2_url": "https://pub-2c783279b61043e19fbdadd1bee5153a.r2.dev/APP/2024-02-14/4f7d6-2024-02-14-09-29-10/4f7d6-2024-02-14-09-29-10.pdf/4f7d6-2024-02-14-09-29-10.pdf",
    "periodicity": "periodic"
  },
  {
    "equity_ticker": "APP",
    "geography": "US",
    "content_name": "APP Q3 2023 Transcript",
    "file_type": "pdf",
    "content_type": "earnings_transcript",
    "published_date": "2023-11-08",
    "fiscal_date": "2023-11-08",
    "fiscal_year": 2023,
    "fiscal_quarter": 3,
    "r2_url": "https://pub-2c783279b61043e19fbdadd1bee5153a.r2.dev/APP/2023-11-08/AppLovin%20Corporation_2023-11-08_transcript/AppLovin%20Corporation_2023-11-08_transcript.pdf/AppLovin%20Corporation_2023-11-08_transcript.pdf",
    "periodicity": "periodic"
  },
  {
    "equity_ticker": "APP",
    "geography": "US",
    "content_name": "APP Q3 2023 Press Release",
    "file_type": "pdf",
    "content_type": "earnings_press_release",
    "published_date": "2023-11-08",
    "fiscal_date": "2023-11-08",
    "fiscal_year": 2023,
    "fiscal_quarter": 3,
    "r2_url": "https://pub-2c783279b61043e19fbdadd1bee5153a.r2.dev/APP/2023-11-08/9f62a-2023-11-08-09-37-18/9f62a-2023-11-08-09-37-18.pdf/9f62a-2023-11-08-09-37-18.pdf",
    "periodicity": "periodic"
  },
  {
    "equity_ticker": "APP",
    "geography": "US",
    "content_name": "APP Q2 2023 Transcript",
    "file_type": "pdf",
    "content_type": "earnings_transcript",
    "published_date": "2023-08-09",
    "fiscal_date": "2023-08-09",
    "fiscal_year": 2023,
    "fiscal_quarter": 2,
    "r2_url": "https://pub-2c783279b61043e19fbdadd1bee5153a.r2.dev/APP/2023-08-09/AppLovin%20Corporation_2023-08-09_transcript/AppLovin%20Corporation_2023-08-09_transcript.pdf/AppLovin%20Corporation_2023-08-09_transcript.pdf",
    "periodicity": "periodic"
  },
  {
    "equity_ticker": "APP",
    "geography": "US",
    "content_name": "APP Q2 2023 Press Release",
    "file_type": "pdf",
    "content_type": "earnings_press_release",
    "published_date": "2023-08-09",
    "fiscal_date": "2023-08-09",
    "fiscal_year": 2023,
    "fiscal_quarter": 2,
    "r2_url": "https://pub-2c783279b61043e19fbdadd1bee5153a.r2.dev/APP/2023-08-09/bc98f-2023-08-09-10-30-12/bc98f-2023-08-09-10-30-12.pdf/bc98f-2023-08-09-10-30-12.pdf",
    "periodicity": "periodic"
  },
  {
    "equity_ticker": "APP",
    "geography": "US",
    "content_name": "APP Q1 2023 Transcript",
    "file_type": "pdf",
    "content_type": "earnings_transcript",
    "published_date": "2023-05-10",
    "fiscal_date": "2023-05-10",
    "fiscal_year": 2023,
    "fiscal_quarter": 1,
    "r2_url": "https://pub-2c783279b61043e19fbdadd1bee5153a.r2.dev/APP/2023-05-10/AppLovin%20Corporation_2023-05-10_transcript/AppLovin%20Corporation_2023-05-10_transcript.pdf/AppLovin%20Corporation_2023-05-10_transcript.pdf",
    "periodicity": "periodic"
  },
  {
    "equity_ticker": "APP",
    "geography": "US",
    "content_name": "APP Q1 2023 Press Release",
    "file_type": "pdf",
    "content_type": "earnings_press_release",
    "published_date": "2023-05-10",
    "fiscal_date": "2023-05-10",
    "fiscal_year": 2023,
    "fiscal_quarter": 1,
    "r2_url": "https://pub-2c783279b61043e19fbdadd1bee5153a.r2.dev/APP/2023-05-10/5fdc8-2023-05-10-08-54-35/5fdc8-2023-05-10-08-54-35.pdf/5fdc8-2023-05-10-08-54-35.pdf",
    "periodicity": "periodic"
  },
  {
    "equity_ticker": "APP",
    "geography": "US",
    "content_name": "APP Q4 2022 Transcript",
    "file_type": "pdf",
    "content_type": "earnings_transcript",
    "published_date": "2023-02-08",
    "fiscal_date": "2023-02-08",
    "fiscal_year": 2022,
    "fiscal_quarter": 4,
    "r2_url": "https://pub-2c783279b61043e19fbdadd1bee5153a.r2.dev/APP/2023-02-08/AppLovin%20Corporation_2023-02-08_transcript/AppLovin%20Corporation_2023-02-08_transcript.pdf/AppLovin%20Corporation_2023-02-08_transcript.pdf",
    "periodicity": "periodic"
  },
  {
    "equity_ticker": "APP",
    "geography": "US",
    "content_name": "APP Q4 2022 Press Release",
    "file_type": "pdf",
    "content_type": "earnings_press_release",
    "published_date": "2023-02-08",
    "fiscal_date": "2023-02-08",
    "fiscal_year": 2022,
    "fiscal_quarter": 4,
    "r2_url": "https://pub-2c783279b61043e19fbdadd1bee5153a.r2.dev/APP/2023-02-08/d29c6-2023-02-08-09-09-09/d29c6-2023-02-08-09-09-09.pdf/d29c6-2023-02-08-09-09-09.pdf",
    "periodicity": "periodic"
  },
  {
    "equity_ticker": "APP",
    "geography": "US",
    "content_name": "APP Q3 2022 Transcript",
    "file_type": "pdf",
    "content_type": "earnings_transcript",
    "published_date": "2022-11-09",
    "fiscal_date": "2022-11-09",
    "fiscal_year": 2022,
    "fiscal_quarter": 3,
    "r2_url": "https://pub-2c783279b61043e19fbdadd1bee5153a.r2.dev/APP/2022-11-09/AppLovin%20Corporation_2022-11-09_transcript/AppLovin%20Corporation_2022-11-09_transcript.pdf/AppLovin%20Corporation_2022-11-09_transcript.pdf",
    "periodicity": "periodic"
  },
  {
    "equity_ticker": "APP",
    "geography": "US",
    "content_name": "APP Q3 2022 Press Release",
    "file_type": "pdf",
    "content_type": "earnings_press_release",
    "published_date": "2022-11-09",
    "fiscal_date": "2022-11-09",
    "fiscal_year": 2022,
    "fiscal_quarter": 3,
    "r2_url": "https://pub-2c783279b61043e19fbdadd1bee5153a.r2.dev/APP/2022-11-09/93df3-2022-11-09-09-31-16/93df3-2022-11-09-09-31-16.pdf/93df3-2022-11-09-09-31-16.pdf",
    "periodicity": "periodic"
  },
  {
    "equity_ticker": "APP",
    "geography": "US",
    "content_name": "APP Q2 2022 Transcript",
    "file_type": "pdf",
    "content_type": "earnings_transcript",
    "published_date": "2022-08-10",
    "fiscal_date": "2022-08-10",
    "fiscal_year": 2022,
    "fiscal_quarter": 2,
    "r2_url": "https://pub-2c783279b61043e19fbdadd1bee5153a.r2.dev/APP/2022-08-10/AppLovin%20Corporation_2022-08-10_transcript/AppLovin%20Corporation_2022-08-10_transcript.pdf/AppLovin%20Corporation_2022-08-10_transcript.pdf",
    "periodicity": "periodic"
  },
  {
    "equity_ticker": "APP",
    "geography": "US",
    "content_name": "APP Q2 2022 Press Release",
    "file_type": "pdf",
    "content_type": "earnings_press_release",
    "published_date": "2022-08-10",
    "fiscal_date": "2022-08-10",
    "fiscal_year": 2022,
    "fiscal_quarter": 2,
    "r2_url": "https://pub-2c783279b61043e19fbdadd1bee5153a.r2.dev/APP/2022-08-10/f41fa-2023-02-21-04-08-30/f41fa-2023-02-21-04-08-30.pdf/f41fa-2023-02-21-04-08-30.pdf",
    "periodicity": "periodic"
  },
  {
    "equity_ticker": "APP",
    "geography": "US",
    "content_name": "APP Q1 2022 Transcript",
    "file_type": "pdf",
    "content_type": "earnings_transcript",
    "published_date": "2022-05-11",
    "fiscal_date": "2022-05-11",
    "fiscal_year": 2022,
    "fiscal_quarter": 1,
    "r2_url": "https://pub-2c783279b61043e19fbdadd1bee5153a.r2.dev/APP/2022-05-11/AppLovin%20Corporation_2022-05-11_transcript/AppLovin%20Corporation_2022-05-11_transcript.pdf/AppLovin%20Corporation_2022-05-11_transcript.pdf",
    "periodicity": "periodic"
  },
  {
    "equity_ticker": "APP",
    "geography": "US",
    "content_name": "APP Q1 2022 Press Release",
    "file_type": "pdf",
    "content_type": "earnings_press_release",
    "published_date": "2022-05-11",
    "fiscal_date": "2022-05-11",
    "fiscal_year": 2022,
    "fiscal_quarter": 1,
    "r2_url": "https://pub-2c783279b61043e19fbdadd1bee5153a.r2.dev/APP/2022-05-11/c2976-2023-02-21-04-16-31/c2976-2023-02-21-04-16-31.pdf/c2976-2023-02-21-04-16-31.pdf",
    "periodicity": "periodic"
  },
  {
    "equity_ticker": "APP",
    "geography": "US",
    "content_name": "APP Q1 2022 Presentation",
    "file_type": "pdf",
    "content_type": "earnings_presentation",
    "published_date": "2022-05-11",
    "fiscal_date": "2022-05-11",
    "fiscal_year": 2022,
    "fiscal_quarter": 1,
    "r2_url": "https://pub-2c783279b61043e19fbdadd1bee5153a.r2.dev/APP/2022-05-11/c6bd1-2023-02-21-04-14-31/c6bd1-2023-02-21-04-14-31.pdf/c6bd1-2023-02-21-04-14-31.pdf",
    "periodicity": "periodic"
  },
  {
    "equity_ticker": "APP",
    "geography": "US",
    "content_name": "M&A Announcement - February 28, 2022",
    "file_type": "pdf",
    "content_type": "company_conference_transcript",
    "published_date": "2022-02-28",
    "fiscal_date": "2022-02-28",
    "fiscal_year": null,
    "fiscal_quarter": null,
    "r2_url": "https://pub-2c783279b61043e19fbdadd1bee5153a.r2.dev/APP/2022-02-28/AppLovin%20Corporation_2022-02-28_transcript/AppLovin%20Corporation_2022-02-28_transcript.pdf/AppLovin%20Corporation_2022-02-28_transcript.pdf",
    "periodicity": "non_periodic"
  },
  {
    "equity_ticker": "APP",
    "geography": "US",
    "content_name": "M&A Announcement - February 28, 2022",
    "file_type": "pdf",
    "content_type": "company_conference_press_release",
    "published_date": "2022-02-28",
    "fiscal_date": "2022-02-28",
    "fiscal_year": null,
    "fiscal_quarter": null,
    "r2_url": "https://pub-2c783279b61043e19fbdadd1bee5153a.r2.dev/APP/2022-02-28/f69f1-2025-03-12-03-16-52/f69f1-2025-03-12-03-16-52.pdf/f69f1-2025-03-12-03-16-52.pdf",
    "periodicity": "non_periodic"
  },
  {
    "equity_ticker": "APP",
    "geography": "US",
    "content_name": "APP Q4 2021 Transcript",
    "file_type": "pdf",
    "content_type": "earnings_transcript",
    "published_date": "2022-02-16",
    "fiscal_date": "2022-02-16",
    "fiscal_year": 2021,
    "fiscal_quarter": 4,
    "r2_url": "https://pub-2c783279b61043e19fbdadd1bee5153a.r2.dev/APP/2022-02-16/AppLovin%20Corporation_2022-02-16_transcript/AppLovin%20Corporation_2022-02-16_transcript.pdf/AppLovin%20Corporation_2022-02-16_transcript.pdf",
    "periodicity": "periodic"
  },
  {
    "equity_ticker": "APP",
    "geography": "US",
    "content_name": "APP Q4 2021 Press Release",
    "file_type": "pdf",
    "content_type": "earnings_press_release",
    "published_date": "2022-02-16",
    "fiscal_date": "2022-02-16",
    "fiscal_year": 2021,
    "fiscal_quarter": 4,
    "r2_url": "https://pub-2c783279b61043e19fbdadd1bee5153a.r2.dev/APP/2022-02-16/e17de-2023-02-21-04-18-32/e17de-2023-02-21-04-18-32.pdf/e17de-2023-02-21-04-18-32.pdf",
    "periodicity": "periodic"
  },
  {
    "equity_ticker": "APP",
    "geography": "US",
    "content_name": "APP Q3 2021 Transcript",
    "file_type": "pdf",
    "content_type": "earnings_transcript",
    "published_date": "2021-11-10",
    "fiscal_date": "2021-11-10",
    "fiscal_year": 2021,
    "fiscal_quarter": 3,
    "r2_url": "https://pub-2c783279b61043e19fbdadd1bee5153a.r2.dev/APP/2021-11-10/AppLovin%20Corporation_2021-11-10_transcript/AppLovin%20Corporation_2021-11-10_transcript.pdf/AppLovin%20Corporation_2021-11-10_transcript.pdf",
    "periodicity": "periodic"
  },
  {
    "equity_ticker": "APP",
    "geography": "US",
    "content_name": "APP Q2 2021 Transcript",
    "file_type": "pdf",
    "content_type": "earnings_transcript",
    "published_date": "2021-08-11",
    "fiscal_date": "2021-08-11",
    "fiscal_year": 2021,
    "fiscal_quarter": 2,
    "r2_url": "https://pub-2c783279b61043e19fbdadd1bee5153a.r2.dev/APP/2021-08-11/AppLovin%20Corporation_2021-08-11_transcript/AppLovin%20Corporation_2021-08-11_transcript.pdf/AppLovin%20Corporation_2021-08-11_transcript.pdf",
    "periodicity": "periodic"
  },
  {
    "equity_ticker": "APP",
    "geography": "US",
    "content_name": "APP Q2 2021 Press Release",
    "file_type": "pdf",
    "content_type": "earnings_press_release",
    "published_date": "2021-08-11",
    "fiscal_date": "2021-08-11",
    "fiscal_year": 2021,
    "fiscal_quarter": 2,
    "r2_url": "https://pub-2c783279b61043e19fbdadd1bee5153a.r2.dev/APP/2021-08-11/9097a-2023-10-03-01-16-39/9097a-2023-10-03-01-16-39.pdf/9097a-2023-10-03-01-16-39.pdf",
    "periodicity": "periodic"
  },
  {
    "equity_ticker": "APP",
    "geography": "US",
    "content_name": "APP Q1 2021 Transcript",
    "file_type": "pdf",
    "content_type": "earnings_transcript",
    "published_date": "2021-05-12",
    "fiscal_date": "2021-05-12",
    "fiscal_year": 2021,
    "fiscal_quarter": 1,
    "r2_url": "https://pub-2c783279b61043e19fbdadd1bee5153a.r2.dev/APP/2021-05-12/AppLovin%20Corporation_2021-05-12_transcript/AppLovin%20Corporation_2021-05-12_transcript.pdf/AppLovin%20Corporation_2021-05-12_transcript.pdf",
    "periodicity": "periodic"
  },
  {
    "equity_ticker": "APP",
    "geography": "US",
    "content_name": "APP Q1 2021 Press Release",
    "file_type": "pdf",
    "content_type": "earnings_press_release",
    "published_date": "2021-05-12",
    "fiscal_date": "2021-05-12",
    "fiscal_year": 2021,
    "fiscal_quarter": 1,
    "r2_url": "https://pub-2c783279b61043e19fbdadd1bee5153a.r2.dev/APP/2021-05-12/4d823-2023-10-03-01-49-38/4d823-2023-10-03-01-49-38.pdf/4d823-2023-10-03-01-49-38.pdf",
    "periodicity": "periodic"
  }
]