[
    {
        "equity_ticker": "APPF",
        "geography": "US",
        "content_name": "APPF Q4 2024 Transcript",
        "file_type": "pdf",
        "content_type": "earnings_transcript",
        "published_date": "2025-01-30",
        "fiscal_date": "2025-01-30",
        "fiscal_year": 2024,
        "fiscal_quarter": 4,
        "r2_url": "https://pub-2c783279b61043e19fbdadd1bee5153a.r2.dev/APPF/2025-01-30/AppFolio%2C%20Inc._2025-01-30_transcript/AppFolio%2C%20Inc._2025-01-30_transcript.pdf/AppFolio%2C%20Inc._2025-01-30_transcript.pdf",
        "periodicity": "periodic"
    },
    {
        "equity_ticker": "APPF",
        "geography": "US",
        "content_name": "APPF Q4 2024 Press Release",
        "file_type": "pdf",
        "content_type": "earnings_press_release",
        "published_date": "2025-01-30",
        "fiscal_date": "2025-01-30",
        "fiscal_year": 2024,
        "fiscal_quarter": 4,
        "r2_url": "https://pub-2c783279b61043e19fbdadd1bee5153a.r2.dev/APPF/2025-01-30/b8997-2025-01-30-09-46-06/b8997-2025-01-30-09-46-06.pdf/b8997-2025-01-30-09-46-06.pdf",
        "periodicity": "periodic"
    },
    {
        "equity_ticker": "APPF",
        "geography": "US",
        "content_name": "APPF Q3 2024 Transcript",
        "file_type": "pdf",
        "content_type": "earnings_transcript",
        "published_date": "2024-10-24",
        "fiscal_date": "2024-10-24",
        "fiscal_year": 2024,
        "fiscal_quarter": 3,
        "r2_url": "https://pub-2c783279b61043e19fbdadd1bee5153a.r2.dev/APPF/2024-10-24/AppFolio%2C%20Inc._2024-10-24_transcript/AppFolio%2C%20Inc._2024-10-24_transcript.pdf/AppFolio%2C%20Inc._2024-10-24_transcript.pdf",
        "periodicity": "periodic"
    },
    {
        "equity_ticker": "APPF",
        "geography": "US",
        "content_name": "APPF Q3 2024 Press Release",
        "file_type": "pdf",
        "content_type": "earnings_press_release",
        "published_date": "2024-10-24",
        "fiscal_date": "2024-10-24",
        "fiscal_year": 2024,
        "fiscal_quarter": 3,
        "r2_url": "https://pub-2c783279b61043e19fbdadd1bee5153a.r2.dev/APPF/2024-10-24/1734a-2024-10-24-08-26-06/1734a-2024-10-24-08-26-06.pdf/1734a-2024-10-24-08-26-06.pdf",
        "periodicity": "periodic"
    },
    {
        "equity_ticker": "APPF",
        "geography": "US",
        "content_name": "APPF Q2 2024 Transcript",
        "file_type": "pdf",
        "content_type": "earnings_transcript",
        "published_date": "2024-07-25",
        "fiscal_date": "2024-07-25",
        "fiscal_year": 2024,
        "fiscal_quarter": 2,
        "r2_url": "https://pub-2c783279b61043e19fbdadd1bee5153a.r2.dev/APPF/2024-07-25/AppFolio%2C%20Inc._2024-07-25_transcript/AppFolio%2C%20Inc._2024-07-25_transcript.pdf/AppFolio%2C%20Inc._2024-07-25_transcript.pdf",
        "periodicity": "periodic"
    },
    {
        "equity_ticker": "APPF",
        "geography": "US",
        "content_name": "APPF Q2 2024 Press Release",
        "file_type": "pdf",
        "content_type": "earnings_press_release",
        "published_date": "2024-07-25",
        "fiscal_date": "2024-07-25",
        "fiscal_year": 2024,
        "fiscal_quarter": 2,
        "r2_url": "https://pub-2c783279b61043e19fbdadd1bee5153a.r2.dev/APPF/2024-07-25/18e78-2024-07-25-08-41-07/18e78-2024-07-25-08-41-07.pdf/18e78-2024-07-25-08-41-07.pdf",
        "periodicity": "periodic"
    },
    {
        "equity_ticker": "APPF",
        "geography": "US",
        "content_name": "APPF Q1 2024 Transcript",
        "file_type": "pdf",
        "content_type": "earnings_transcript",
        "published_date": "2024-04-25",
        "fiscal_date": "2024-04-25",
        "fiscal_year": 2024,
        "fiscal_quarter": 1,
        "r2_url": "https://pub-2c783279b61043e19fbdadd1bee5153a.r2.dev/APPF/2024-04-25/AppFolio%2C%20Inc._2024-04-25_transcript/AppFolio%2C%20Inc._2024-04-25_transcript.pdf/AppFolio%2C%20Inc._2024-04-25_transcript.pdf",
        "periodicity": "periodic"
    },
    {
        "equity_ticker": "APPF",
        "geography": "US",
        "content_name": "APPF Q1 2024 Press Release",
        "file_type": "pdf",
        "content_type": "earnings_press_release",
        "published_date": "2024-04-25",
        "fiscal_date": "2024-04-25",
        "fiscal_year": 2024,
        "fiscal_quarter": 1,
        "r2_url": "https://pub-2c783279b61043e19fbdadd1bee5153a.r2.dev/APPF/2024-04-25/95b7b-2024-04-25-08-49-07/95b7b-2024-04-25-08-49-07.pdf/95b7b-2024-04-25-08-49-07.pdf",
        "periodicity": "periodic"
    },
    {
        "equity_ticker": "APPF",
        "geography": "US",
        "content_name": "APPF Q4 2023 Transcript",
        "file_type": "pdf",
        "content_type": "earnings_transcript",
        "published_date": "2024-01-25",
        "fiscal_date": "2024-01-25",
        "fiscal_year": 2023,
        "fiscal_quarter": 4,
        "r2_url": "https://pub-2c783279b61043e19fbdadd1bee5153a.r2.dev/APPF/2024-01-25/AppFolio%2C%20Inc._2024-01-25_transcript/AppFolio%2C%20Inc._2024-01-25_transcript.pdf/AppFolio%2C%20Inc._2024-01-25_transcript.pdf",
        "periodicity": "periodic"
    },
    {
        "equity_ticker": "APPF",
        "geography": "US",
        "content_name": "APPF Q4 2023 Press Release",
        "file_type": "pdf",
        "content_type": "earnings_press_release",
        "published_date": "2024-01-25",
        "fiscal_date": "2024-01-25",
        "fiscal_year": 2023,
        "fiscal_quarter": 4,
        "r2_url": "https://pub-2c783279b61043e19fbdadd1bee5153a.r2.dev/APPF/2024-01-25/26211-2024-01-25-09-35-12/26211-2024-01-25-09-35-12.pdf/26211-2024-01-25-09-35-12.pdf",
        "periodicity": "periodic"
    },
    {
        "equity_ticker": "APPF",
        "geography": "US",
        "content_name": "Investor Update - November 14, 2023",
        "file_type": "pdf",
        "content_type": "company_conference_transcript",
        "published_date": "2023-11-14",
        "fiscal_date": "2023-11-14",
        "fiscal_year": null,
        "fiscal_quarter": null,
        "r2_url": "https://pub-2c783279b61043e19fbdadd1bee5153a.r2.dev/APPF/2023-11-14/AppFolio%2C%20Inc._2023-11-14_transcript/AppFolio%2C%20Inc._2023-11-14_transcript.pdf/AppFolio%2C%20Inc._2023-11-14_transcript.pdf",
        "periodicity": "non_periodic"
    },
    {
        "equity_ticker": "APPF",
        "geography": "US",
        "content_name": "Investor Update - November 14, 2023",
        "file_type": "pdf",
        "content_type": "company_conference_presentation",
        "published_date": "2023-11-14",
        "fiscal_date": "2023-11-14",
        "fiscal_year": null,
        "fiscal_quarter": null,
        "r2_url": "https://pub-2c783279b61043e19fbdadd1bee5153a.r2.dev/APPF/2023-11-14/9dc99-2024-08-07-07-01-04/9dc99-2024-08-07-07-01-04.pdf/9dc99-2024-08-07-07-01-04.pdf",
        "periodicity": "non_periodic"
    },
    {
        "equity_ticker": "APPF",
        "geography": "US",
        "content_name": "APPF Q3 2023 Transcript",
        "file_type": "pdf",
        "content_type": "earnings_transcript",
        "published_date": "2023-10-26",
        "fiscal_date": "2023-10-26",
        "fiscal_year": 2023,
        "fiscal_quarter": 3,
        "r2_url": "https://pub-2c783279b61043e19fbdadd1bee5153a.r2.dev/APPF/2023-10-26/AppFolio%2C%20Inc._2023-10-26_transcript/AppFolio%2C%20Inc._2023-10-26_transcript.pdf/AppFolio%2C%20Inc._2023-10-26_transcript.pdf",
        "periodicity": "periodic"
    },
    {
        "equity_ticker": "APPF",
        "geography": "US",
        "content_name": "APPF Q3 2023 Press Release",
        "file_type": "pdf",
        "content_type": "earnings_press_release",
        "published_date": "2023-10-26",
        "fiscal_date": "2023-10-26",
        "fiscal_year": 2023,
        "fiscal_quarter": 3,
        "r2_url": "https://pub-2c783279b61043e19fbdadd1bee5153a.r2.dev/APPF/2023-10-26/35ede-2023-10-26-08-00-19/35ede-2023-10-26-08-00-19.pdf/35ede-2023-10-26-08-00-19.pdf",
        "periodicity": "periodic"
    },
    {
        "equity_ticker": "APPF",
        "geography": "US",
        "content_name": "APPF Q2 2023 Transcript",
        "file_type": "pdf",
        "content_type": "earnings_transcript",
        "published_date": "2023-07-27",
        "fiscal_date": "2023-07-27",
        "fiscal_year": 2023,
        "fiscal_quarter": 2,
        "r2_url": "https://pub-2c783279b61043e19fbdadd1bee5153a.r2.dev/APPF/2023-07-27/AppFolio%2C%20Inc._2023-07-27_transcript/AppFolio%2C%20Inc._2023-07-27_transcript.pdf/AppFolio%2C%20Inc._2023-07-27_transcript.pdf",
        "periodicity": "periodic"
    },
    {
        "equity_ticker": "APPF",
        "geography": "US",
        "content_name": "APPF Q2 2023 Press Release",
        "file_type": "pdf",
        "content_type": "earnings_press_release",
        "published_date": "2023-07-27",
        "fiscal_date": "2023-07-27",
        "fiscal_year": 2023,
        "fiscal_quarter": 2,
        "r2_url": "https://pub-2c783279b61043e19fbdadd1bee5153a.r2.dev/APPF/2023-07-27/a67c2-2023-07-27-08-04-09/a67c2-2023-07-27-08-04-09.pdf/a67c2-2023-07-27-08-04-09.pdf",
        "periodicity": "periodic"
    },
    {
        "equity_ticker": "APPF",
        "geography": "US",
        "content_name": "APPF Q1 2023 Transcript",
        "file_type": "pdf",
        "content_type": "earnings_transcript",
        "published_date": "2023-04-27",
        "fiscal_date": "2023-04-27",
        "fiscal_year": 2023,
        "fiscal_quarter": 1,
        "r2_url": "https://pub-2c783279b61043e19fbdadd1bee5153a.r2.dev/APPF/2023-04-27/AppFolio%2C%20Inc._2023-04-27_transcript/AppFolio%2C%20Inc._2023-04-27_transcript.pdf/AppFolio%2C%20Inc._2023-04-27_transcript.pdf",
        "periodicity": "periodic"
    },
    {
        "equity_ticker": "APPF",
        "geography": "US",
        "content_name": "APPF Q1 2023 Press Release",
        "file_type": "pdf",
        "content_type": "earnings_press_release",
        "published_date": "2023-04-27",
        "fiscal_date": "2023-04-27",
        "fiscal_year": 2023,
        "fiscal_quarter": 1,
        "r2_url": "https://pub-2c783279b61043e19fbdadd1bee5153a.r2.dev/APPF/2023-04-27/3cfb3-2023-04-27-08-03-16/3cfb3-2023-04-27-08-03-16.pdf/3cfb3-2023-04-27-08-03-16.pdf",
        "periodicity": "periodic"
    },
    {
        "equity_ticker": "APPF",
        "geography": "US",
        "content_name": "APPF Q4 2022 Transcript",
        "file_type": "pdf",
        "content_type": "earnings_transcript",
        "published_date": "2023-01-26",
        "fiscal_date": "2023-01-26",
        "fiscal_year": 2022,
        "fiscal_quarter": 4,
        "r2_url": "https://pub-2c783279b61043e19fbdadd1bee5153a.r2.dev/APPF/2023-01-26/AppFolio%2C%20Inc._2023-01-26_transcript/AppFolio%2C%20Inc._2023-01-26_transcript.pdf/AppFolio%2C%20Inc._2023-01-26_transcript.pdf",
        "periodicity": "periodic"
    },
    {
        "equity_ticker": "APPF",
        "geography": "US",
        "content_name": "APPF Q4 2022 Press Release",
        "file_type": "pdf",
        "content_type": "earnings_press_release",
        "published_date": "2023-01-26",
        "fiscal_date": "2023-01-26",
        "fiscal_year": 2022,
        "fiscal_quarter": 4,
        "r2_url": "https://pub-2c783279b61043e19fbdadd1bee5153a.r2.dev/APPF/2023-01-26/81f6c-2023-01-26-09-14-09/81f6c-2023-01-26-09-14-09.pdf/81f6c-2023-01-26-09-14-09.pdf",
        "periodicity": "periodic"
    },
    {
        "equity_ticker": "APPF",
        "geography": "US",
        "content_name": "APPF Q3 2022 Transcript",
        "file_type": "pdf",
        "content_type": "earnings_transcript",
        "published_date": "2022-10-27",
        "fiscal_date": "2022-10-27",
        "fiscal_year": 2022,
        "fiscal_quarter": 3,
        "r2_url": "https://pub-2c783279b61043e19fbdadd1bee5153a.r2.dev/APPF/2022-10-27/AppFolio%2C%20Inc._2022-10-27_transcript/AppFolio%2C%20Inc._2022-10-27_transcript.pdf/AppFolio%2C%20Inc._2022-10-27_transcript.pdf",
        "periodicity": "periodic"
    },
    {
        "equity_ticker": "APPF",
        "geography": "US",
        "content_name": "APPF Q3 2022 Press Release",
        "file_type": "pdf",
        "content_type": "earnings_press_release",
        "published_date": "2022-10-27",
        "fiscal_date": "2022-10-27",
        "fiscal_year": 2022,
        "fiscal_quarter": 3,
        "r2_url": "https://pub-2c783279b61043e19fbdadd1bee5153a.r2.dev/APPF/2022-10-27/4e0a9-2022-10-27-08-27-14/4e0a9-2022-10-27-08-27-14.pdf/4e0a9-2022-10-27-08-27-14.pdf",
        "periodicity": "periodic"
    },
    {
        "equity_ticker": "APPF",
        "geography": "US",
        "content_name": "Investor Meeting - October 12, 2022",
        "file_type": "pdf",
        "content_type": "company_conference_transcript",
        "published_date": "2022-10-12",
        "fiscal_date": "2022-10-12",
        "fiscal_year": null,
        "fiscal_quarter": null,
        "r2_url": "https://pub-2c783279b61043e19fbdadd1bee5153a.r2.dev/APPF/2022-10-12/AppFolio%2C%20Inc._2022-10-12_transcript/AppFolio%2C%20Inc._2022-10-12_transcript.pdf/AppFolio%2C%20Inc._2022-10-12_transcript.pdf",
        "periodicity": "non_periodic"
    },
    {
        "equity_ticker": "APPF",
        "geography": "US",
        "content_name": "Investor Meeting - October 12, 2022",
        "file_type": "pdf",
        "content_type": "company_conference_presentation",
        "published_date": "2022-10-12",
        "fiscal_date": "2022-10-12",
        "fiscal_year": null,
        "fiscal_quarter": null,
        "r2_url": "https://pub-2c783279b61043e19fbdadd1bee5153a.r2.dev/APPF/2022-10-12/49733-2022-10-13-11-29-54/49733-2022-10-13-11-29-54.pdf/49733-2022-10-13-11-29-54.pdf",
        "periodicity": "non_periodic"
    },
    {
        "equity_ticker": "APPF",
        "geography": "US",
        "content_name": "APPF Q2 2022 Transcript",
        "file_type": "pdf",
        "content_type": "earnings_transcript",
        "published_date": "2022-07-28",
        "fiscal_date": "2022-07-28",
        "fiscal_year": 2022,
        "fiscal_quarter": 2,
        "r2_url": "https://pub-2c783279b61043e19fbdadd1bee5153a.r2.dev/APPF/2022-07-28/AppFolio%2C%20Inc._2022-07-28_transcript/AppFolio%2C%20Inc._2022-07-28_transcript.pdf/AppFolio%2C%20Inc._2022-07-28_transcript.pdf",
        "periodicity": "periodic"
    },
    {
        "equity_ticker": "APPF",
        "geography": "US",
        "content_name": "APPF Q2 2022 Press Release",
        "file_type": "pdf",
        "content_type": "earnings_press_release",
        "published_date": "2022-07-28",
        "fiscal_date": "2022-07-28",
        "fiscal_year": 2022,
        "fiscal_quarter": 2,
        "r2_url": "https://pub-2c783279b61043e19fbdadd1bee5153a.r2.dev/APPF/2022-07-28/69894-2022-07-28-08-02-18/69894-2022-07-28-08-02-18.pdf/69894-2022-07-28-08-02-18.pdf",
        "periodicity": "periodic"
    },
    {
        "equity_ticker": "APPF",
        "geography": "US",
        "content_name": "APPF Q1 2022 Transcript",
        "file_type": "pdf",
        "content_type": "earnings_transcript",
        "published_date": "2022-05-09",
        "fiscal_date": "2022-05-09",
        "fiscal_year": 2022,
        "fiscal_quarter": 1,
        "r2_url": "https://pub-2c783279b61043e19fbdadd1bee5153a.r2.dev/APPF/2022-05-09/AppFolio%2C%20Inc._2022-05-09_transcript/AppFolio%2C%20Inc._2022-05-09_transcript.pdf/AppFolio%2C%20Inc._2022-05-09_transcript.pdf",
        "periodicity": "periodic"
    },
    {
        "equity_ticker": "APPF",
        "geography": "US",
        "content_name": "APPF Q1 2022 Press Release",
        "file_type": "pdf",
        "content_type": "quarterly_report",
        "published_date": "2022-05-09",
        "fiscal_date": "2022-05-09",
        "fiscal_year": 2022,
        "fiscal_quarter": 1,
        "r2_url": "https://pub-2c783279b61043e19fbdadd1bee5153a.r2.dev/APPF/2022-05-09/23728-2024-08-29-08-14-54/23728-2024-08-29-08-14-54.pdf/23728-2024-08-29-08-14-54.pdf",
        "periodicity": "periodic"
    },
    {
        "equity_ticker": "APPF",
        "geography": "US",
        "content_name": "APPF Q4 2021 Transcript",
        "file_type": "pdf",
        "content_type": "earnings_transcript",
        "published_date": "2022-02-28",
        "fiscal_date": "2022-02-28",
        "fiscal_year": 2021,
        "fiscal_quarter": 4,
        "r2_url": "https://pub-2c783279b61043e19fbdadd1bee5153a.r2.dev/APPF/2022-02-28/AppFolio%2C%20Inc._2022-02-28_transcript/AppFolio%2C%20Inc._2022-02-28_transcript.pdf/AppFolio%2C%20Inc._2022-02-28_transcript.pdf",
        "periodicity": "periodic"
    },
    {
        "equity_ticker": "APPF",
        "geography": "US",
        "content_name": "APPF Q4 2021 Press Release",
        "file_type": "pdf",
        "content_type": "earnings_press_release",
        "published_date": "2022-02-28",
        "fiscal_date": "2022-02-28",
        "fiscal_year": 2021,
        "fiscal_quarter": 4,
        "r2_url": "https://pub-2c783279b61043e19fbdadd1bee5153a.r2.dev/APPF/2022-02-28/37b3f-2025-03-10-03-04-01/37b3f-2025-03-10-03-04-01.pdf/37b3f-2025-03-10-03-04-01.pdf",
        "periodicity": "periodic"
    },
    {
        "equity_ticker": "APPF",
        "geography": "US",
        "content_name": "APPF Q3 2021 Transcript",
        "file_type": "pdf",
        "content_type": "earnings_transcript",
        "published_date": "2021-11-08",
        "fiscal_date": "2021-11-08",
        "fiscal_year": 2021,
        "fiscal_quarter": 3,
        "r2_url": "https://pub-2c783279b61043e19fbdadd1bee5153a.r2.dev/APPF/2021-11-08/AppFolio%2C%20Inc._2021-11-08_transcript/AppFolio%2C%20Inc._2021-11-08_transcript.pdf/AppFolio%2C%20Inc._2021-11-08_transcript.pdf",
        "periodicity": "periodic"
    },
    {
        "equity_ticker": "APPF",
        "geography": "US",
        "content_name": "APPF Q3 2021 Press Release",
        "file_type": "pdf",
        "content_type": "quarterly_report",
        "published_date": "2021-11-08",
        "fiscal_date": "2021-11-08",
        "fiscal_year": 2021,
        "fiscal_quarter": 3,
        "r2_url": "https://pub-2c783279b61043e19fbdadd1bee5153a.r2.dev/APPF/2021-11-08/1a2ca-2024-08-29-08-23-54/1a2ca-2024-08-29-08-23-54.pdf/1a2ca-2024-08-29-08-23-54.pdf",
        "periodicity": "periodic"
    },
    {
        "equity_ticker": "APPF",
        "geography": "US",
        "content_name": "APPF Q2 2021 Transcript",
        "file_type": "pdf",
        "content_type": "earnings_transcript",
        "published_date": "2021-08-09",
        "fiscal_date": "2021-08-09",
        "fiscal_year": 2021,
        "fiscal_quarter": 2,
        "r2_url": "https://pub-2c783279b61043e19fbdadd1bee5153a.r2.dev/APPF/2021-08-09/AppFolio%2C%20Inc._2021-08-09_transcript/AppFolio%2C%20Inc._2021-08-09_transcript.pdf/AppFolio%2C%20Inc._2021-08-09_transcript.pdf",
        "periodicity": "periodic"
    },
    {
        "equity_ticker": "APPF",
        "geography": "US",
        "content_name": "APPF Q2 2021 Press Release",
        "file_type": "pdf",
        "content_type": "quarterly_report",
        "published_date": "2021-08-09",
        "fiscal_date": "2021-08-09",
        "fiscal_year": 2021,
        "fiscal_quarter": 2,
        "r2_url": "https://pub-2c783279b61043e19fbdadd1bee5153a.r2.dev/APPF/2021-08-09/4694a-2024-08-29-08-17-54/4694a-2024-08-29-08-17-54.pdf/4694a-2024-08-29-08-17-54.pdf",
        "periodicity": "periodic"
    },
    {
        "equity_ticker": "APPF",
        "geography": "US",
        "content_name": "AGM 2021 - May 14, 2021",
        "file_type": "pdf",
        "content_type": "company_conference_transcript",
        "published_date": "2021-05-14",
        "fiscal_date": "2021-05-14",
        "fiscal_year": null,
        "fiscal_quarter": null,
        "r2_url": "https://pub-2c783279b61043e19fbdadd1bee5153a.r2.dev/APPF/2021-05-14/AppFolio%2C%20Inc._2021-05-14_transcript/AppFolio%2C%20Inc._2021-05-14_transcript.pdf/AppFolio%2C%20Inc._2021-05-14_transcript.pdf",
        "periodicity": "non_periodic"
    },
    {
        "equity_ticker": "APPF",
        "geography": "US",
        "content_name": "APPF Q1 2021 Transcript",
        "file_type": "pdf",
        "content_type": "earnings_transcript",
        "published_date": "2021-05-09",
        "fiscal_date": "2021-05-09",
        "fiscal_year": 2021,
        "fiscal_quarter": 1,
        "r2_url": "https://pub-2c783279b61043e19fbdadd1bee5153a.r2.dev/APPF/2021-05-09/AppFolio%2C%20Inc._2021-05-09_transcript/AppFolio%2C%20Inc._2021-05-09_transcript.pdf/AppFolio%2C%20Inc._2021-05-09_transcript.pdf",
        "periodicity": "periodic"
    },
    {
        "equity_ticker": "APPF",
        "geography": "US",
        "content_name": "APPF Q1 2021 Press Release",
        "file_type": "pdf",
        "content_type": "earnings_press_release",
        "published_date": "2021-05-09",
        "fiscal_date": "2021-05-09",
        "fiscal_year": 2021,
        "fiscal_quarter": 1,
        "r2_url": "https://pub-2c783279b61043e19fbdadd1bee5153a.r2.dev/APPF/2021-05-09/1c829-2023-01-25-10-53-04/1c829-2023-01-25-10-53-04.pdf/1c829-2023-01-25-10-53-04.pdf",
        "periodicity": "periodic"
    },
    {
        "equity_ticker": "APPF",
        "geography": "US",
        "content_name": "APPF Q4 2020 Transcript",
        "file_type": "pdf",
        "content_type": "earnings_transcript",
        "published_date": "2021-03-01",
        "fiscal_date": "2021-03-01",
        "fiscal_year": 2020,
        "fiscal_quarter": 4,
        "r2_url": "https://pub-2c783279b61043e19fbdadd1bee5153a.r2.dev/APPF/2021-03-01/AppFolio%2C%20Inc._2021-03-01_transcript/AppFolio%2C%20Inc._2021-03-01_transcript.pdf/AppFolio%2C%20Inc._2021-03-01_transcript.pdf",
        "periodicity": "periodic"
    },
    {
        "equity_ticker": "APPF",
        "geography": "US",
        "content_name": "APPF Q4 2020 Press Release",
        "file_type": "pdf",
        "content_type": "annual_report",
        "published_date": "2021-03-01",
        "fiscal_date": "2021-03-01",
        "fiscal_year": 2020,
        "fiscal_quarter": 4,
        "r2_url": "https://pub-2c783279b61043e19fbdadd1bee5153a.r2.dev/APPF/2021-03-01/85f78-2023-09-05-09-22-06/85f78-2023-09-05-09-22-06.pdf/85f78-2023-09-05-09-22-06.pdf",
        "periodicity": "periodic"
    },
    {
        "equity_ticker": "APPF",
        "geography": "US",
        "content_name": "APPF Q3 2020 Transcript",
        "file_type": "pdf",
        "content_type": "earnings_transcript",
        "published_date": "2020-11-09",
        "fiscal_date": "2020-11-09",
        "fiscal_year": 2020,
        "fiscal_quarter": 3,
        "r2_url": "https://pub-2c783279b61043e19fbdadd1bee5153a.r2.dev/APPF/2020-11-09/AppFolio%2C%20Inc._2020-11-09_transcript/AppFolio%2C%20Inc._2020-11-09_transcript.pdf/AppFolio%2C%20Inc._2020-11-09_transcript.pdf",
        "periodicity": "periodic"
    },
    {
        "equity_ticker": "APPF",
        "geography": "US",
        "content_name": "APPF Q2 2020 Transcript",
        "file_type": "pdf",
        "content_type": "earnings_transcript",
        "published_date": "2020-08-03",
        "fiscal_date": "2020-08-03",
        "fiscal_year": 2020,
        "fiscal_quarter": 2,
        "r2_url": "https://pub-2c783279b61043e19fbdadd1bee5153a.r2.dev/APPF/2020-08-03/AppFolio%2C%20Inc._2020-08-03_transcript/AppFolio%2C%20Inc._2020-08-03_transcript.pdf/AppFolio%2C%20Inc._2020-08-03_transcript.pdf",
        "periodicity": "periodic"
    },
    {
        "equity_ticker": "APPF",
        "geography": "US",
        "content_name": "APPF Q1 2020 Transcript",
        "file_type": "pdf",
        "content_type": "earnings_transcript",
        "published_date": "2020-05-04",
        "fiscal_date": "2020-05-04",
        "fiscal_year": 2020,
        "fiscal_quarter": 1,
        "r2_url": "https://pub-2c783279b61043e19fbdadd1bee5153a.r2.dev/APPF/2020-05-04/AppFolio%2C%20Inc._2020-05-04_transcript/AppFolio%2C%20Inc._2020-05-04_transcript.pdf/AppFolio%2C%20Inc._2020-05-04_transcript.pdf",
        "periodicity": "periodic"
    },
    {
        "equity_ticker": "APPF",
        "geography": "US",
        "content_name": "APPF Q4 2019 Transcript",
        "file_type": "pdf",
        "content_type": "earnings_transcript",
        "published_date": "2020-03-02",
        "fiscal_date": "2020-03-02",
        "fiscal_year": 2019,
        "fiscal_quarter": 4,
        "r2_url": "https://pub-2c783279b61043e19fbdadd1bee5153a.r2.dev/APPF/2020-03-02/AppFolio%2C%20Inc._2020-03-02_transcript/AppFolio%2C%20Inc._2020-03-02_transcript.pdf/AppFolio%2C%20Inc._2020-03-02_transcript.pdf",
        "periodicity": "periodic"
    },
    {
        "equity_ticker": "APPF",
        "geography": "US",
        "content_name": "APPF Q4 2019 Press Release",
        "file_type": "pdf",
        "content_type": "annual_report",
        "published_date": "2020-03-02",
        "fiscal_date": "2020-03-02",
        "fiscal_year": 2019,
        "fiscal_quarter": 4,
        "r2_url": "https://pub-2c783279b61043e19fbdadd1bee5153a.r2.dev/APPF/2020-03-02/cd97f-2023-09-05-09-39-06/cd97f-2023-09-05-09-39-06.pdf/cd97f-2023-09-05-09-39-06.pdf",
        "periodicity": "periodic"
    },
    {
        "equity_ticker": "APPF",
        "geography": "US",
        "content_name": "APPF Q3 2019 Transcript",
        "file_type": "pdf",
        "content_type": "earnings_transcript",
        "published_date": "2019-10-28",
        "fiscal_date": "2019-10-28",
        "fiscal_year": 2019,
        "fiscal_quarter": 3,
        "r2_url": "https://pub-2c783279b61043e19fbdadd1bee5153a.r2.dev/APPF/2019-10-28/AppFolio%2C%20Inc._2019-10-28_transcript/AppFolio%2C%20Inc._2019-10-28_transcript.pdf/AppFolio%2C%20Inc._2019-10-28_transcript.pdf",
        "periodicity": "periodic"
    },
    {
        "equity_ticker": "APPF",
        "geography": "US",
        "content_name": "APPF Q2 2019 Transcript",
        "file_type": "pdf",
        "content_type": "earnings_transcript",
        "published_date": "2019-07-29",
        "fiscal_date": "2019-07-29",
        "fiscal_year": 2019,
        "fiscal_quarter": 2,
        "r2_url": "https://pub-2c783279b61043e19fbdadd1bee5153a.r2.dev/APPF/2019-07-29/AppFolio%2C%20Inc._2019-07-29_transcript/AppFolio%2C%20Inc._2019-07-29_transcript.pdf/AppFolio%2C%20Inc._2019-07-29_transcript.pdf",
        "periodicity": "periodic"
    },
    {
        "equity_ticker": "APPF",
        "geography": "US",
        "content_name": "APPF Q1 2019 Transcript",
        "file_type": "pdf",
        "content_type": "earnings_transcript",
        "published_date": "2019-05-03",
        "fiscal_date": "2019-05-03",
        "fiscal_year": 2019,
        "fiscal_quarter": 1,
        "r2_url": "https://pub-2c783279b61043e19fbdadd1bee5153a.r2.dev/APPF/2019-05-03/AppFolio%2C%20Inc._2019-05-03_transcript/AppFolio%2C%20Inc._2019-05-03_transcript.pdf/AppFolio%2C%20Inc._2019-05-03_transcript.pdf",
        "periodicity": "periodic"
    },
    {
        "equity_ticker": "APPF",
        "geography": "US",
        "content_name": "APPF Q4 2018 Transcript",
        "file_type": "pdf",
        "content_type": "earnings_transcript",
        "published_date": "2019-02-28",
        "fiscal_date": "2019-02-28",
        "fiscal_year": 2018,
        "fiscal_quarter": 4,
        "r2_url": "https://pub-2c783279b61043e19fbdadd1bee5153a.r2.dev/APPF/2019-02-28/AppFolio%2C%20Inc._2019-02-28_transcript/AppFolio%2C%20Inc._2019-02-28_transcript.pdf/AppFolio%2C%20Inc._2019-02-28_transcript.pdf",
        "periodicity": "periodic"
    },
    {
        "equity_ticker": "APPF",
        "geography": "US",
        "content_name": "APPF Q4 2018 Press Release",
        "file_type": "pdf",
        "content_type": "annual_report",
        "published_date": "2019-02-28",
        "fiscal_date": "2019-02-28",
        "fiscal_year": 2018,
        "fiscal_quarter": 4,
        "r2_url": "https://pub-2c783279b61043e19fbdadd1bee5153a.r2.dev/APPF/2019-02-28/a333a-2023-09-05-09-52-06/a333a-2023-09-05-09-52-06.pdf/a333a-2023-09-05-09-52-06.pdf",
        "periodicity": "periodic"
    },
    {
        "equity_ticker": "APPF",
        "geography": "US",
        "content_name": "APPF Q3 2018 Transcript",
        "file_type": "pdf",
        "content_type": "earnings_transcript",
        "published_date": "2018-10-29",
        "fiscal_date": "2018-10-29",
        "fiscal_year": 2018,
        "fiscal_quarter": 3,
        "r2_url": "https://pub-2c783279b61043e19fbdadd1bee5153a.r2.dev/APPF/2018-10-29/AppFolio%2C%20Inc._2018-10-29_transcript/AppFolio%2C%20Inc._2018-10-29_transcript.pdf/AppFolio%2C%20Inc._2018-10-29_transcript.pdf",
        "periodicity": "periodic"
    },
    {
        "equity_ticker": "APPF",
        "geography": "US",
        "content_name": "APPF Q2 2018 Transcript",
        "file_type": "pdf",
        "content_type": "earnings_transcript",
        "published_date": "2018-07-30",
        "fiscal_date": "2018-07-30",
        "fiscal_year": 2018,
        "fiscal_quarter": 2,
        "r2_url": "https://pub-2c783279b61043e19fbdadd1bee5153a.r2.dev/APPF/2018-07-30/AppFolio%2C%20Inc._2018-07-30_transcript/AppFolio%2C%20Inc._2018-07-30_transcript.pdf/AppFolio%2C%20Inc._2018-07-30_transcript.pdf",
        "periodicity": "periodic"
    },
    {
        "equity_ticker": "APPF",
        "geography": "US",
        "content_name": "APPF Q1 2018 Transcript",
        "file_type": "pdf",
        "content_type": "earnings_transcript",
        "published_date": "2018-04-30",
        "fiscal_date": "2018-04-30",
        "fiscal_year": 2018,
        "fiscal_quarter": 1,
        "r2_url": "https://pub-2c783279b61043e19fbdadd1bee5153a.r2.dev/APPF/2018-04-30/AppFolio%2C%20Inc._2018-04-30_transcript/AppFolio%2C%20Inc._2018-04-30_transcript.pdf/AppFolio%2C%20Inc._2018-04-30_transcript.pdf",
        "periodicity": "periodic"
    },
    {
        "equity_ticker": "APPF",
        "geography": "US",
        "content_name": "APPF Q4 2017 Transcript",
        "file_type": "pdf",
        "content_type": "earnings_transcript",
        "published_date": "2018-02-26",
        "fiscal_date": "2018-02-26",
        "fiscal_year": 2017,
        "fiscal_quarter": 4,
        "r2_url": "https://pub-2c783279b61043e19fbdadd1bee5153a.r2.dev/APPF/2018-02-26/AppFolio%2C%20Inc._2018-02-26_transcript/AppFolio%2C%20Inc._2018-02-26_transcript.pdf/AppFolio%2C%20Inc._2018-02-26_transcript.pdf",
        "periodicity": "periodic"
    },
    {
        "equity_ticker": "APPF",
        "geography": "US",
        "content_name": "APPF Q4 2017 Press Release",
        "file_type": "pdf",
        "content_type": "annual_report",
        "published_date": "2018-02-26",
        "fiscal_date": "2018-02-26",
        "fiscal_year": 2017,
        "fiscal_quarter": 4,
        "r2_url": "https://pub-2c783279b61043e19fbdadd1bee5153a.r2.dev/APPF/2018-02-26/34b24-2023-09-05-09-07-07/34b24-2023-09-05-09-07-07.pdf/34b24-2023-09-05-09-07-07.pdf",
        "periodicity": "periodic"
    },
    {
        "equity_ticker": "APPF",
        "geography": "US",
        "content_name": "APPF Q3 2017 Transcript",
        "file_type": "pdf",
        "content_type": "earnings_transcript",
        "published_date": "2017-11-06",
        "fiscal_date": "2017-11-06",
        "fiscal_year": 2017,
        "fiscal_quarter": 3,
        "r2_url": "https://pub-2c783279b61043e19fbdadd1bee5153a.r2.dev/APPF/2017-11-06/AppFolio%2C%20Inc._2017-11-06_transcript/AppFolio%2C%20Inc._2017-11-06_transcript.pdf/AppFolio%2C%20Inc._2017-11-06_transcript.pdf",
        "periodicity": "periodic"
    },
    {
        "equity_ticker": "APPF",
        "geography": "US",
        "content_name": "APPF Q2 2017 Transcript",
        "file_type": "pdf",
        "content_type": "earnings_transcript",
        "published_date": "2017-08-07",
        "fiscal_date": "2017-08-07",
        "fiscal_year": 2017,
        "fiscal_quarter": 2,
        "r2_url": "https://pub-2c783279b61043e19fbdadd1bee5153a.r2.dev/APPF/2017-08-07/AppFolio%2C%20Inc._2017-08-07_transcript/AppFolio%2C%20Inc._2017-08-07_transcript.pdf/AppFolio%2C%20Inc._2017-08-07_transcript.pdf",
        "periodicity": "periodic"
    },
    {
        "equity_ticker": "APPF",
        "geography": "US",
        "content_name": "APPF Q1 2017 Transcript",
        "file_type": "pdf",
        "content_type": "earnings_transcript",
        "published_date": "2017-05-08",
        "fiscal_date": "2017-05-08",
        "fiscal_year": 2017,
        "fiscal_quarter": 1,
        "r2_url": "https://pub-2c783279b61043e19fbdadd1bee5153a.r2.dev/APPF/2017-05-08/AppFolio%2C%20Inc._2017-05-08_transcript/AppFolio%2C%20Inc._2017-05-08_transcript.pdf/AppFolio%2C%20Inc._2017-05-08_transcript.pdf",
        "periodicity": "periodic"
    },
    {
        "equity_ticker": "APPF",
        "geography": "US",
        "content_name": "APPF Q4 2016 Transcript",
        "file_type": "pdf",
        "content_type": "earnings_transcript",
        "published_date": "2017-02-27",
        "fiscal_date": "2017-02-27",
        "fiscal_year": 2016,
        "fiscal_quarter": 4,
        "r2_url": "https://pub-2c783279b61043e19fbdadd1bee5153a.r2.dev/APPF/2017-02-27/AppFolio%2C%20Inc._2017-02-27_transcript/AppFolio%2C%20Inc._2017-02-27_transcript.pdf/AppFolio%2C%20Inc._2017-02-27_transcript.pdf",
        "periodicity": "periodic"
    },
    {
        "equity_ticker": "APPF",
        "geography": "US",
        "content_name": "APPF Q4 2016 Press Release",
        "file_type": "pdf",
        "content_type": "annual_report",
        "published_date": "2017-02-27",
        "fiscal_date": "2017-02-27",
        "fiscal_year": 2016,
        "fiscal_quarter": 4,
        "r2_url": "https://pub-2c783279b61043e19fbdadd1bee5153a.r2.dev/APPF/2017-02-27/51ed0-2023-09-05-09-22-07/51ed0-2023-09-05-09-22-07.pdf/51ed0-2023-09-05-09-22-07.pdf",
        "periodicity": "periodic"
    },
    {
        "equity_ticker": "APPF",
        "geography": "US",
        "content_name": "APPF Q3 2016 Transcript",
        "file_type": "pdf",
        "content_type": "earnings_transcript",
        "published_date": "2016-11-07",
        "fiscal_date": "2016-11-07",
        "fiscal_year": 2016,
        "fiscal_quarter": 3,
        "r2_url": "https://pub-2c783279b61043e19fbdadd1bee5153a.r2.dev/APPF/2016-11-07/AppFolio%2C%20Inc._2016-11-07_transcript/AppFolio%2C%20Inc._2016-11-07_transcript.pdf/AppFolio%2C%20Inc._2016-11-07_transcript.pdf",
        "periodicity": "periodic"
    },
    {
        "equity_ticker": "APPF",
        "geography": "US",
        "content_name": "APPF Q2 2016 Transcript",
        "file_type": "pdf",
        "content_type": "earnings_transcript",
        "published_date": "2016-08-08",
        "fiscal_date": "2016-08-08",
        "fiscal_year": 2016,
        "fiscal_quarter": 2,
        "r2_url": "https://pub-2c783279b61043e19fbdadd1bee5153a.r2.dev/APPF/2016-08-08/AppFolio%2C%20Inc._2016-08-08_transcript/AppFolio%2C%20Inc._2016-08-08_transcript.pdf/AppFolio%2C%20Inc._2016-08-08_transcript.pdf",
        "periodicity": "periodic"
    },
    {
        "equity_ticker": "APPF",
        "geography": "US",
        "content_name": "APPF Q1 2016 Transcript",
        "file_type": "pdf",
        "content_type": "earnings_transcript",
        "published_date": "2016-05-09",
        "fiscal_date": "2016-05-09",
        "fiscal_year": 2016,
        "fiscal_quarter": 1,
        "r2_url": "https://pub-2c783279b61043e19fbdadd1bee5153a.r2.dev/APPF/2016-05-09/AppFolio%2C%20Inc._2016-05-09_transcript/AppFolio%2C%20Inc._2016-05-09_transcript.pdf/AppFolio%2C%20Inc._2016-05-09_transcript.pdf",
        "periodicity": "periodic"
    },
    {
        "equity_ticker": "APPF",
        "geography": "US",
        "content_name": "APPF Q4 2024 10-K",
        "file_type": "pdf",
        "content_type": "annual_report",
        "published_date": "2025-02-06",
        "fiscal_date": "2024-12-31",
        "fiscal_year": 2024,
        "fiscal_quarter": 4,
        "r2_url": "https://pub-2c783279b61043e19fbdadd1bee5153a.r2.dev/APPF/2025-02-06/appf-20241231.htm/appf-20241231.pdf",
        "periodicity": "periodic"
      },
      {
        "equity_ticker": "APPF",
        "geography": "US",
        "content_name": "APPF Q3 2024 10-Q",
        "file_type": "pdf",
        "content_type": "quarterly_report",
        "published_date": "2024-10-24",
        "fiscal_date": "2024-09-30",
        "fiscal_year": 2024,
        "fiscal_quarter": 3,
        "r2_url": "https://pub-2c783279b61043e19fbdadd1bee5153a.r2.dev/APPF/2024-10-24/appf-20240930.htm/appf-20240930.pdf",
        "periodicity": "periodic"
      },
      {
        "equity_ticker": "APPF",
        "geography": "US",
        "content_name": "APPF Q2 2024 10-Q",
        "file_type": "pdf",
        "content_type": "quarterly_report",
        "published_date": "2024-07-26",
        "fiscal_date": "2024-06-30",
        "fiscal_year": 2024,
        "fiscal_quarter": 2,
        "r2_url": "https://pub-2c783279b61043e19fbdadd1bee5153a.r2.dev/APPF/2024-07-26/appf-20240630.htm/appf-20240630.pdf",
        "periodicity": "periodic"
      },
      {
        "equity_ticker": "APPF",
        "geography": "US",
        "content_name": "APPF Q1 2024 10-Q",
        "file_type": "pdf",
        "content_type": "quarterly_report",
        "published_date": "2024-04-25",
        "fiscal_date": "2024-03-31",
        "fiscal_year": 2024,
        "fiscal_quarter": 1,
        "r2_url": "https://pub-2c783279b61043e19fbdadd1bee5153a.r2.dev/APPF/2024-04-25/appf-20240331.htm/appf-20240331.pdf",
        "periodicity": "periodic"
      },
      {
        "equity_ticker": "APPF",
        "geography": "US",
        "content_name": "APPF Q4 2023 10-K",
        "file_type": "pdf",
        "content_type": "annual_report",
        "published_date": "2024-02-01",
        "fiscal_date": "2023-12-31",
        "fiscal_year": 2023,
        "fiscal_quarter": 4,
        "r2_url": "https://pub-2c783279b61043e19fbdadd1bee5153a.r2.dev/APPF/2024-02-01/appf-20231231.htm/appf-20231231.pdf",
        "periodicity": "periodic"
      },
      {
        "equity_ticker": "APPF",
        "geography": "US",
        "content_name": "APPF Q3 2023 10-Q",
        "file_type": "pdf",
        "content_type": "quarterly_report",
        "published_date": "2023-10-26",
        "fiscal_date": "2023-09-30",
        "fiscal_year": 2023,
        "fiscal_quarter": 3,
        "r2_url": "https://pub-2c783279b61043e19fbdadd1bee5153a.r2.dev/APPF/2023-10-26/appf-20230930.htm/appf-20230930.pdf",
        "periodicity": "periodic"
      },
      {
        "equity_ticker": "APPF",
        "geography": "US",
        "content_name": "APPF Q2 2023 10-Q",
        "file_type": "pdf",
        "content_type": "quarterly_report",
        "published_date": "2023-07-27",
        "fiscal_date": "2023-06-30",
        "fiscal_year": 2023,
        "fiscal_quarter": 2,
        "r2_url": "https://pub-2c783279b61043e19fbdadd1bee5153a.r2.dev/APPF/2023-07-27/appf-20230630.htm/appf-20230630.pdf",
        "periodicity": "periodic"
      },
      {
        "equity_ticker": "APPF",
        "geography": "US",
        "content_name": "APPF Q1 2023 10-Q",
        "file_type": "pdf",
        "content_type": "quarterly_report",
        "published_date": "2023-04-27",
        "fiscal_date": "2023-03-31",
        "fiscal_year": 2023,
        "fiscal_quarter": 1,
        "r2_url": "https://pub-2c783279b61043e19fbdadd1bee5153a.r2.dev/APPF/2023-04-27/appf-20230331.htm/appf-20230331.pdf",
        "periodicity": "periodic"
      },
      {
        "equity_ticker": "APPF",
        "geography": "US",
        "content_name": "APPF Q4 2022 10-K",
        "file_type": "pdf",
        "content_type": "annual_report",
        "published_date": "2023-02-09",
        "fiscal_date": "2022-12-31",
        "fiscal_year": 2022,
        "fiscal_quarter": 4,
        "r2_url": "https://pub-2c783279b61043e19fbdadd1bee5153a.r2.dev/APPF/2023-02-09/appf-20221231.htm/appf-20221231.pdf",
        "periodicity": "periodic"
      },
      {
        "equity_ticker": "APPF",
        "geography": "US",
        "content_name": "APPF Q3 2022 10-Q",
        "file_type": "pdf",
        "content_type": "quarterly_report",
        "published_date": "2022-10-27",
        "fiscal_date": "2022-09-30",
        "fiscal_year": 2022,
        "fiscal_quarter": 3,
        "r2_url": "https://pub-2c783279b61043e19fbdadd1bee5153a.r2.dev/APPF/2022-10-27/appf-20220930.htm/appf-20220930.pdf",
        "periodicity": "periodic"
      },
      {
        "equity_ticker": "APPF",
        "geography": "US",
        "content_name": "APPF Q2 2022 10-Q",
        "file_type": "pdf",
        "content_type": "quarterly_report",
        "published_date": "2022-07-28",
        "fiscal_date": "2022-06-30",
        "fiscal_year": 2022,
        "fiscal_quarter": 2,
        "r2_url": "https://pub-2c783279b61043e19fbdadd1bee5153a.r2.dev/APPF/2022-07-28/appf-20220630.htm/appf-20220630.pdf",
        "periodicity": "periodic"
      },
      {
        "equity_ticker": "APPF",
        "geography": "US",
        "content_name": "APPF Q1 2022 10-Q",
        "file_type": "pdf",
        "content_type": "quarterly_report",
        "published_date": "2022-05-09",
        "fiscal_date": "2022-03-31",
        "fiscal_year": 2022,
        "fiscal_quarter": 1,
        "r2_url": "https://pub-2c783279b61043e19fbdadd1bee5153a.r2.dev/APPF/2022-05-09/appf-20220331.htm/appf-20220331.pdf",
        "periodicity": "periodic"
      },
      {
        "equity_ticker": "APPF",
        "geography": "US",
        "content_name": "APPF Q4 2021 10-K",
        "file_type": "pdf",
        "content_type": "annual_report",
        "published_date": "2022-02-28",
        "fiscal_date": "2021-12-31",
        "fiscal_year": 2021,
        "fiscal_quarter": 4,
        "r2_url": "https://pub-2c783279b61043e19fbdadd1bee5153a.r2.dev/APPF/2022-02-28/appf-20211231.htm/appf-20211231.pdf",
        "periodicity": "periodic"
      },
      {
        "equity_ticker": "APPF",
        "geography": "US",
        "content_name": "APPF Q3 2021 10-Q",
        "file_type": "pdf",
        "content_type": "quarterly_report",
        "published_date": "2021-11-08",
        "fiscal_date": "2021-09-30",
        "fiscal_year": 2021,
        "fiscal_quarter": 3,
        "r2_url": "https://pub-2c783279b61043e19fbdadd1bee5153a.r2.dev/APPF/2021-11-08/appf-20210930.htm/appf-20210930.pdf",
        "periodicity": "periodic"
      },
      {
        "equity_ticker": "APPF",
        "geography": "US",
        "content_name": "APPF Q2 2021 10-Q",
        "file_type": "pdf",
        "content_type": "quarterly_report",
        "published_date": "2021-08-09",
        "fiscal_date": "2021-06-30",
        "fiscal_year": 2021,
        "fiscal_quarter": 2,
        "r2_url": "https://pub-2c783279b61043e19fbdadd1bee5153a.r2.dev/APPF/2021-08-09/appf-20210630.htm/appf-20210630.pdf",
        "periodicity": "periodic"
      },
      {
        "equity_ticker": "APPF",
        "geography": "US",
        "content_name": "APPF Q1 2021 10-Q",
        "file_type": "pdf",
        "content_type": "quarterly_report",
        "published_date": "2021-05-10",
        "fiscal_date": "2021-03-31",
        "fiscal_year": 2021,
        "fiscal_quarter": 1,
        "r2_url": "https://pub-2c783279b61043e19fbdadd1bee5153a.r2.dev/APPF/2021-05-10/appf-20210331.htm/appf-20210331.pdf",
        "periodicity": "periodic"
      },
      {
        "equity_ticker": "APPF",
        "geography": "US",
        "content_name": "APPF Q4 2020 10-K",
        "file_type": "pdf",
        "content_type": "annual_report",
        "published_date": "2021-03-01",
        "fiscal_date": "2020-12-31",
        "fiscal_year": 2020,
        "fiscal_quarter": 4,
        "r2_url": "https://pub-2c783279b61043e19fbdadd1bee5153a.r2.dev/APPF/2021-03-01/appf-20201231.htm/appf-20201231.pdf",
        "periodicity": "periodic"
      },
      {
        "equity_ticker": "APPF",
        "geography": "US",
        "content_name": "APPF Q3 2020 10-Q",
        "file_type": "pdf",
        "content_type": "quarterly_report",
        "published_date": "2020-11-09",
        "fiscal_date": "2020-09-30",
        "fiscal_year": 2020,
        "fiscal_quarter": 3,
        "r2_url": "https://pub-2c783279b61043e19fbdadd1bee5153a.r2.dev/APPF/2020-11-09/appf-20200930.htm/appf-20200930.pdf",
        "periodicity": "periodic"
      },
      {
        "equity_ticker": "APPF",
        "geography": "US",
        "content_name": "APPF Q2 2020 10-Q",
        "file_type": "pdf",
        "content_type": "quarterly_report",
        "published_date": "2020-08-03",
        "fiscal_date": "2020-06-30",
        "fiscal_year": 2020,
        "fiscal_quarter": 2,
        "r2_url": "https://pub-2c783279b61043e19fbdadd1bee5153a.r2.dev/APPF/2020-08-03/appf-20200630.htm/ix.pdf",
        "periodicity": "periodic"
      },
      {
        "equity_ticker": "APPF",
        "geography": "US",
        "content_name": "APPF Q1 2020 10-Q",
        "file_type": "pdf",
        "content_type": "quarterly_report",
        "published_date": "2020-05-04",
        "fiscal_date": "2020-03-31",
        "fiscal_year": 2020,
        "fiscal_quarter": 1,
        "r2_url": "https://pub-2c783279b61043e19fbdadd1bee5153a.r2.dev/APPF/2020-05-04/appf3312010-q.htm/ix.pdf",
        "periodicity": "periodic"
      },
      {
        "equity_ticker": "APPF",
        "geography": "US",
        "content_name": "APPF Q4 2019 10-K",
        "file_type": "pdf",
        "content_type": "annual_report",
        "published_date": "2020-03-02",
        "fiscal_date": "2019-12-31",
        "fiscal_year": 2019,
        "fiscal_quarter": 4,
        "r2_url": "https://pub-2c783279b61043e19fbdadd1bee5153a.r2.dev/APPF/2020-03-02/appf12311910-k.htm/ix.pdf",
        "periodicity": "periodic"
      },
      {
        "equity_ticker": "APPF",
        "geography": "US",
        "content_name": "APPF Q3 2019 10-Q",
        "file_type": "pdf",
        "content_type": "quarterly_report",
        "published_date": "2019-10-28",
        "fiscal_date": "2019-09-30",
        "fiscal_year": 2019,
        "fiscal_quarter": 3,
        "r2_url": "https://pub-2c783279b61043e19fbdadd1bee5153a.r2.dev/APPF/2019-10-28/appf9301910-q.htm/ix.pdf",
        "periodicity": "periodic"
      },
      {
        "equity_ticker": "APPF",
        "geography": "US",
        "content_name": "APPF Q2 2019 10-Q",
        "file_type": "pdf",
        "content_type": "quarterly_report",
        "published_date": "2019-07-29",
        "fiscal_date": "2019-06-30",
        "fiscal_year": 2019,
        "fiscal_quarter": 2,
        "r2_url": "https://pub-2c783279b61043e19fbdadd1bee5153a.r2.dev/APPF/2019-07-29/appf6301910-q.htm/ix.pdf",
        "periodicity": "periodic"
      },
      {
        "equity_ticker": "APPF",
        "geography": "US",
        "content_name": "APPF Q1 2019 10-Q",
        "file_type": "pdf",
        "content_type": "quarterly_report",
        "published_date": "2019-05-02",
        "fiscal_date": "2019-03-31",
        "fiscal_year": 2019,
        "fiscal_quarter": 1,
        "r2_url": "https://pub-2c783279b61043e19fbdadd1bee5153a.r2.dev/APPF/2019-05-02/appf3311910-q.htm/appf3311910-q.pdf",
        "periodicity": "periodic"
      },
      {
        "equity_ticker": "APPF",
        "geography": "US",
        "content_name": "APPF Q4 2018 10-K",
        "file_type": "pdf",
        "content_type": "annual_report",
        "published_date": "2019-02-28",
        "fiscal_date": "2018-12-31",
        "fiscal_year": 2018,
        "fiscal_quarter": 4,
        "r2_url": "https://pub-2c783279b61043e19fbdadd1bee5153a.r2.dev/APPF/2019-02-28/appf12311810-k.htm/appf12311810-k.pdf",
        "periodicity": "periodic"
      },
      {
        "equity_ticker": "APPF",
        "geography": "US",
        "content_name": "APPF Q3 2018 10-Q",
        "file_type": "pdf",
        "content_type": "quarterly_report",
        "published_date": "2018-10-29",
        "fiscal_date": "2018-09-30",
        "fiscal_year": 2018,
        "fiscal_quarter": 3,
        "r2_url": "https://pub-2c783279b61043e19fbdadd1bee5153a.r2.dev/APPF/2018-10-29/appf9301810-q.htm/appf9301810-q.pdf",
        "periodicity": "periodic"
      },
      {
        "equity_ticker": "APPF",
        "geography": "US",
        "content_name": "APPF Q2 2018 10-Q",
        "file_type": "pdf",
        "content_type": "quarterly_report",
        "published_date": "2018-07-30",
        "fiscal_date": "2018-06-30",
        "fiscal_year": 2018,
        "fiscal_quarter": 2,
        "r2_url": "https://pub-2c783279b61043e19fbdadd1bee5153a.r2.dev/APPF/2018-07-30/appf6301810-q.htm/appf6301810-q.pdf",
        "periodicity": "periodic"
      },
      {
        "equity_ticker": "APPF",
        "geography": "US",
        "content_name": "APPF Q1 2018 10-Q",
        "file_type": "pdf",
        "content_type": "quarterly_report",
        "published_date": "2018-04-30",
        "fiscal_date": "2018-03-31",
        "fiscal_year": 2018,
        "fiscal_quarter": 1,
        "r2_url": "https://pub-2c783279b61043e19fbdadd1bee5153a.r2.dev/APPF/2018-04-30/appf3311810-q.htm/appf3311810-q.pdf",
        "periodicity": "periodic"
      },
      {
        "equity_ticker": "APPF",
        "geography": "US",
        "content_name": "APPF Q4 2017 10-K",
        "file_type": "pdf",
        "content_type": "annual_report",
        "published_date": "2018-02-26",
        "fiscal_date": "2017-12-31",
        "fiscal_year": 2017,
        "fiscal_quarter": 4,
        "r2_url": "https://pub-2c783279b61043e19fbdadd1bee5153a.r2.dev/APPF/2018-02-26/appf201710-k.htm/appf201710-k.pdf",
        "periodicity": "periodic"
      },
      {
        "equity_ticker": "APPF",
        "geography": "US",
        "content_name": "APPF Q3 2017 10-Q",
        "file_type": "pdf",
        "content_type": "quarterly_report",
        "published_date": "2017-11-06",
        "fiscal_date": "2017-09-30",
        "fiscal_year": 2017,
        "fiscal_quarter": 3,
        "r2_url": "https://pub-2c783279b61043e19fbdadd1bee5153a.r2.dev/APPF/2017-11-06/appf9301710-q.htm/appf9301710-q.pdf",
        "periodicity": "periodic"
      },
      {
        "equity_ticker": "APPF",
        "geography": "US",
        "content_name": "APPF Q2 2017 10-Q",
        "file_type": "pdf",
        "content_type": "quarterly_report",
        "published_date": "2017-08-07",
        "fiscal_date": "2017-06-30",
        "fiscal_year": 2017,
        "fiscal_quarter": 2,
        "r2_url": "https://pub-2c783279b61043e19fbdadd1bee5153a.r2.dev/APPF/2017-08-07/appf6301710-q.htm/appf6301710-q.pdf",
        "periodicity": "periodic"
      },
      {
        "equity_ticker": "APPF",
        "geography": "US",
        "content_name": "APPF Q1 2017 10-Q",
        "file_type": "pdf",
        "content_type": "quarterly_report",
        "published_date": "2017-05-05",
        "fiscal_date": "2017-03-31",
        "fiscal_year": 2017,
        "fiscal_quarter": 1,
        "r2_url": "https://pub-2c783279b61043e19fbdadd1bee5153a.r2.dev/APPF/2017-05-05/appf3311710-q.htm/appf3311710-q.pdf",
        "periodicity": "periodic"
      },
      {
        "equity_ticker": "APPF",
        "geography": "US",
        "content_name": "APPF Q4 2016 10-K",
        "file_type": "pdf",
        "content_type": "annual_report",
        "published_date": "2017-02-27",
        "fiscal_date": "2016-12-31",
        "fiscal_year": 2016,
        "fiscal_quarter": 4,
        "r2_url": "https://pub-2c783279b61043e19fbdadd1bee5153a.r2.dev/APPF/2017-02-27/appf201610-k.htm/appf201610-k.pdf",
        "periodicity": "periodic"
      },
      {
        "equity_ticker": "APPF",
        "geography": "US",
        "content_name": "APPF Q3 2016 10-Q",
        "file_type": "pdf",
        "content_type": "quarterly_report",
        "published_date": "2016-11-07",
        "fiscal_date": "2016-09-30",
        "fiscal_year": 2016,
        "fiscal_quarter": 3,
        "r2_url": "https://pub-2c783279b61043e19fbdadd1bee5153a.r2.dev/APPF/2016-11-07/appf9301610-q.htm/appf9301610-q.pdf",
        "periodicity": "periodic"
      },
      {
        "equity_ticker": "APPF",
        "geography": "US",
        "content_name": "APPF Q2 2016 10-Q",
        "file_type": "pdf",
        "content_type": "quarterly_report",
        "published_date": "2016-08-08",
        "fiscal_date": "2016-06-30",
        "fiscal_year": 2016,
        "fiscal_quarter": 2,
        "r2_url": "https://pub-2c783279b61043e19fbdadd1bee5153a.r2.dev/APPF/2016-08-08/appf6301610-q.htm/appf6301610-q.pdf",
        "periodicity": "periodic"
      },
      {
        "equity_ticker": "APPF",
        "geography": "US",
        "content_name": "APPF Q1 2016 10-Q",
        "file_type": "pdf",
        "content_type": "quarterly_report",
        "published_date": "2016-05-09",
        "fiscal_date": "2016-03-31",
        "fiscal_year": 2016,
        "fiscal_quarter": 1,
        "r2_url": "https://pub-2c783279b61043e19fbdadd1bee5153a.r2.dev/APPF/2016-05-09/appf3311610-q.htm/appf3311610-q.pdf",
        "periodicity": "periodic"
      },
      {
        "equity_ticker": "APPF",
        "geography": "US",
        "content_name": "APPF Q4 2015 10-K",
        "file_type": "pdf",
        "content_type": "annual_report",
        "published_date": "2016-02-29",
        "fiscal_date": "2015-12-31",
        "fiscal_year": 2015,
        "fiscal_quarter": 4,
        "r2_url": "https://pub-2c783279b61043e19fbdadd1bee5153a.r2.dev/APPF/2016-02-29/appf201510-k.htm/appf201510-k.pdf",
        "periodicity": "periodic"
      },
      {
        "equity_ticker": "APPF",
        "geography": "US",
        "content_name": "APPF Q2 2015 10-Q",
        "file_type": "pdf",
        "content_type": "quarterly_report",
        "published_date": "2015-08-06",
        "fiscal_date": "2015-06-30",
        "fiscal_year": 2015,
        "fiscal_quarter": 2,
        "r2_url": "https://pub-2c783279b61043e19fbdadd1bee5153a.r2.dev/APPF/2015-08-06/appf6301510-q.htm/appf6301510-q.pdf",
        "periodicity": "periodic"
      }
]