[
    {
        "equity_ticker": "CRWD",
        "geography": "US",
        "content_name": "Morgan Stanley Technology, Media & Telecom Conference - March 6, 2025",
        "file_type": "pdf",
        "content_type": "sellside_conference_transcript",
        "published_date": "2025-03-06",
        "fiscal_date": "2025-03-06",
        "fiscal_year": null,
        "fiscal_quarter": null,
        "r2_url": "https://pub-2c783279b61043e19fbdadd1bee5153a.r2.dev/CRWD/2025-03-06/CrowdStrike%20Holdings%2C%20Inc._2025-03-06_transcript/CrowdStrike%20Holdings%2C%20Inc._2025-03-06_transcript.pdf/CrowdStrike%20Holdings%2C%20Inc._2025-03-06_transcript.pdf",
        "periodicity": "non_periodic"
    },
    {
        "equity_ticker": "CRWD",
        "geography": "US",
        "content_name": "CRWD Q4 2025 Transcript",
        "file_type": "pdf",
        "content_type": "earnings_transcript",
        "published_date": "2025-03-04",
        "fiscal_date": "2025-03-04",
        "fiscal_year": 2025,
        "fiscal_quarter": 4,
        "r2_url": "https://pub-2c783279b61043e19fbdadd1bee5153a.r2.dev/CRWD/2025-03-04/CrowdStrike%20Holdings%2C%20Inc._2025-03-04_transcript/CrowdStrike%20Holdings%2C%20Inc._2025-03-04_transcript.pdf/CrowdStrike%20Holdings%2C%20Inc._2025-03-04_transcript.pdf",
        "periodicity": "periodic"
    },
    {
        "equity_ticker": "CRWD",
        "geography": "US",
        "content_name": "CRWD Q4 2025 Press Release",
        "file_type": "pdf",
        "content_type": "earnings_press_release",
        "published_date": "2025-03-04",
        "fiscal_date": "2025-03-04",
        "fiscal_year": 2025,
        "fiscal_quarter": 4,
        "r2_url": "https://pub-2c783279b61043e19fbdadd1bee5153a.r2.dev/CRWD/2025-03-04/307a7-2025-03-04-09-28-14/307a7-2025-03-04-09-28-14.pdf/307a7-2025-03-04-09-28-14.pdf",
        "periodicity": "periodic"
    },
    {
        "equity_ticker": "CRWD",
        "geography": "US",
        "content_name": "CRWD Q4 2025 Presentation",
        "file_type": "pdf",
        "content_type": "earnings_presentation",
        "published_date": "2025-03-04",
        "fiscal_date": "2025-03-04",
        "fiscal_year": 2025,
        "fiscal_quarter": 4,
        "r2_url": "https://pub-2c783279b61043e19fbdadd1bee5153a.r2.dev/CRWD/2025-03-04/bb03a-2025-03-04-09-29-31/bb03a-2025-03-04-09-29-31.pdf/bb03a-2025-03-04-09-29-31.pdf",
        "periodicity": "periodic"
    },
    {
        "equity_ticker": "CRWD",
        "geography": "US",
        "content_name": "World Economic Forum Annual Meeting 2025 - January 21, 2025",
        "file_type": "pdf",
        "content_type": "company_conference_transcript",
        "published_date": "2025-01-21",
        "fiscal_date": "2025-01-21",
        "fiscal_year": null,
        "fiscal_quarter": null,
        "r2_url": "https://pub-2c783279b61043e19fbdadd1bee5153a.r2.dev/CRWD/2025-01-21/CrowdStrike%20Holdings%2C%20Inc._2025-01-21_transcript/CrowdStrike%20Holdings%2C%20Inc._2025-01-21_transcript.pdf/CrowdStrike%20Holdings%2C%20Inc._2025-01-21_transcript.pdf",
        "periodicity": "non_periodic"
    },
    {
        "equity_ticker": "CRWD",
        "geography": "US",
        "content_name": "CRWD Q3 2025 Transcript",
        "file_type": "pdf",
        "content_type": "earnings_transcript",
        "published_date": "2024-11-26",
        "fiscal_date": "2024-11-26",
        "fiscal_year": 2025,
        "fiscal_quarter": 3,
        "r2_url": "https://pub-2c783279b61043e19fbdadd1bee5153a.r2.dev/CRWD/2024-11-26/CrowdStrike%20Holdings%2C%20Inc._2024-11-26_transcript/CrowdStrike%20Holdings%2C%20Inc._2024-11-26_transcript.pdf/CrowdStrike%20Holdings%2C%20Inc._2024-11-26_transcript.pdf",
        "periodicity": "periodic"
    },
    {
        "equity_ticker": "CRWD",
        "geography": "US",
        "content_name": "CRWD Q3 2025 Press Release",
        "file_type": "pdf",
        "content_type": "earnings_press_release",
        "published_date": "2024-11-26",
        "fiscal_date": "2024-11-26",
        "fiscal_year": 2025,
        "fiscal_quarter": 3,
        "r2_url": "https://pub-2c783279b61043e19fbdadd1bee5153a.r2.dev/CRWD/2024-11-26/3bd9f-2024-11-26-09-42-07/3bd9f-2024-11-26-09-42-07.pdf/3bd9f-2024-11-26-09-42-07.pdf",
        "periodicity": "periodic"
    },
    {
        "equity_ticker": "CRWD",
        "geography": "US",
        "content_name": "CRWD Q3 2025 Presentation",
        "file_type": "pdf",
        "content_type": "earnings_presentation",
        "published_date": "2024-11-26",
        "fiscal_date": "2024-11-26",
        "fiscal_year": 2025,
        "fiscal_quarter": 3,
        "r2_url": "https://pub-2c783279b61043e19fbdadd1bee5153a.r2.dev/CRWD/2024-11-26/c5073-2024-11-26-09-52-46/c5073-2024-11-26-09-52-46.pdf/c5073-2024-11-26-09-52-46.pdf",
        "periodicity": "periodic"
    },
    {
        "equity_ticker": "CRWD",
        "geography": "US",
        "content_name": "Fal.Con 2024 - September 17, 2024",
        "file_type": "pdf",
        "content_type": "company_conference_transcript",
        "published_date": "2024-09-17",
        "fiscal_date": "2024-09-17",
        "fiscal_year": null,
        "fiscal_quarter": null,
        "r2_url": "https://pub-2c783279b61043e19fbdadd1bee5153a.r2.dev/CRWD/2024-09-17/CrowdStrike%20Holdings%2C%20Inc._2024-09-17_transcript/CrowdStrike%20Holdings%2C%20Inc._2024-09-17_transcript.pdf/CrowdStrike%20Holdings%2C%20Inc._2024-09-17_transcript.pdf",
        "periodicity": "non_periodic"
    },
    {
        "equity_ticker": "CRWD",
        "geography": "US",
        "content_name": "Fal.Con 2024 - September 17, 2024",
        "file_type": "pdf",
        "content_type": "company_conference_presentation",
        "published_date": "2024-09-17",
        "fiscal_date": "2024-09-17",
        "fiscal_year": null,
        "fiscal_quarter": null,
        "r2_url": "https://pub-2c783279b61043e19fbdadd1bee5153a.r2.dev/CRWD/2024-09-17/6b294-2024-09-20-09-11-49/6b294-2024-09-20-09-11-49.pdf/6b294-2024-09-20-09-11-49.pdf",
        "periodicity": "non_periodic"
    },
    {
        "equity_ticker": "CRWD",
        "geography": "US",
        "content_name": "Goldman Sachs Communacopia + Technology Conference 2024 - September 11, 2024",
        "file_type": "pdf",
        "content_type": "sellside_conference_transcript",
        "published_date": "2024-09-11",
        "fiscal_date": "2024-09-11",
        "fiscal_year": null,
        "fiscal_quarter": null,
        "r2_url": "https://pub-2c783279b61043e19fbdadd1bee5153a.r2.dev/CRWD/2024-09-11/CrowdStrike%20Holdings%2C%20Inc._2024-09-11_transcript/CrowdStrike%20Holdings%2C%20Inc._2024-09-11_transcript.pdf/CrowdStrike%20Holdings%2C%20Inc._2024-09-11_transcript.pdf",
        "periodicity": "non_periodic"
    },
    {
        "equity_ticker": "CRWD",
        "geography": "US",
        "content_name": "Citi's 2024 Global TMT Conference - September 4, 2024",
        "file_type": "pdf",
        "content_type": "sellside_conference_transcript",
        "published_date": "2024-09-04",
        "fiscal_date": "2024-09-04",
        "fiscal_year": null,
        "fiscal_quarter": null,
        "r2_url": "https://pub-2c783279b61043e19fbdadd1bee5153a.r2.dev/CRWD/2024-09-04/CrowdStrike%20Holdings%2C%20Inc._2024-09-04_transcript/CrowdStrike%20Holdings%2C%20Inc._2024-09-04_transcript.pdf/CrowdStrike%20Holdings%2C%20Inc._2024-09-04_transcript.pdf",
        "periodicity": "non_periodic"
    },
    {
        "equity_ticker": "CRWD",
        "geography": "US",
        "content_name": "CRWD Q2 2025 Transcript",
        "file_type": "pdf",
        "content_type": "earnings_transcript",
        "published_date": "2024-08-28",
        "fiscal_date": "2024-08-28",
        "fiscal_year": 2025,
        "fiscal_quarter": 2,
        "r2_url": "https://pub-2c783279b61043e19fbdadd1bee5153a.r2.dev/CRWD/2024-08-28/CrowdStrike%20Holdings%2C%20Inc._2024-08-28_transcript/CrowdStrike%20Holdings%2C%20Inc._2024-08-28_transcript.pdf/CrowdStrike%20Holdings%2C%20Inc._2024-08-28_transcript.pdf",
        "periodicity": "periodic"
    },
    {
        "equity_ticker": "CRWD",
        "geography": "US",
        "content_name": "CRWD Q2 2025 Press Release",
        "file_type": "pdf",
        "content_type": "earnings_press_release",
        "published_date": "2024-08-28",
        "fiscal_date": "2024-08-28",
        "fiscal_year": 2025,
        "fiscal_quarter": 2,
        "r2_url": "https://pub-2c783279b61043e19fbdadd1bee5153a.r2.dev/CRWD/2024-08-28/15a4b-2024-10-08-10-10-24/15a4b-2024-10-08-10-10-24.pdf/15a4b-2024-10-08-10-10-24.pdf",
        "periodicity": "periodic"
    },
    {
        "equity_ticker": "CRWD",
        "geography": "US",
        "content_name": "CRWD Q2 2025 Presentation",
        "file_type": "pdf",
        "content_type": "earnings_presentation",
        "published_date": "2024-08-28",
        "fiscal_date": "2024-08-28",
        "fiscal_year": 2025,
        "fiscal_quarter": 2,
        "r2_url": "https://pub-2c783279b61043e19fbdadd1bee5153a.r2.dev/CRWD/2024-08-28/8d6c6-2024-08-28-08-39-27/8d6c6-2024-08-28-08-39-27.pdf/8d6c6-2024-08-28-08-39-27.pdf",
        "periodicity": "periodic"
    },
    {
        "equity_ticker": "CRWD",
        "geography": "US",
        "content_name": "AGM 2024 - June 18, 2024",
        "file_type": "pdf",
        "content_type": "company_conference_transcript",
        "published_date": "2024-06-18",
        "fiscal_date": "2024-06-18",
        "fiscal_year": null,
        "fiscal_quarter": null,
        "r2_url": "https://pub-2c783279b61043e19fbdadd1bee5153a.r2.dev/CRWD/2024-06-18/CrowdStrike%20Holdings%2C%20Inc._2024-06-18_transcript/CrowdStrike%20Holdings%2C%20Inc._2024-06-18_transcript.pdf/CrowdStrike%20Holdings%2C%20Inc._2024-06-18_transcript.pdf",
        "periodicity": "non_periodic"
    },
    {
        "equity_ticker": "CRWD",
        "geography": "US",
        "content_name": "Bank of America Global Tech Conference - June 5, 2024",
        "file_type": "pdf",
        "content_type": "sellside_conference_transcript",
        "published_date": "2024-06-05",
        "fiscal_date": "2024-06-05",
        "fiscal_year": null,
        "fiscal_quarter": null,
        "r2_url": "https://pub-2c783279b61043e19fbdadd1bee5153a.r2.dev/CRWD/2024-06-05/CrowdStrike%20Holdings%2C%20Inc._2024-06-05_transcript/CrowdStrike%20Holdings%2C%20Inc._2024-06-05_transcript.pdf/CrowdStrike%20Holdings%2C%20Inc._2024-06-05_transcript.pdf",
        "periodicity": "non_periodic"
    },
    {
        "equity_ticker": "CRWD",
        "geography": "US",
        "content_name": "CRWD Q1 2025 Transcript",
        "file_type": "pdf",
        "content_type": "earnings_transcript",
        "published_date": "2024-06-04",
        "fiscal_date": "2024-06-04",
        "fiscal_year": 2025,
        "fiscal_quarter": 1,
        "r2_url": "https://pub-2c783279b61043e19fbdadd1bee5153a.r2.dev/CRWD/2024-06-04/CrowdStrike%20Holdings%2C%20Inc._2024-06-04_transcript/CrowdStrike%20Holdings%2C%20Inc._2024-06-04_transcript.pdf/CrowdStrike%20Holdings%2C%20Inc._2024-06-04_transcript.pdf",
        "periodicity": "periodic"
    },
    {
        "equity_ticker": "CRWD",
        "geography": "US",
        "content_name": "CRWD Q1 2025 Press Release",
        "file_type": "pdf",
        "content_type": "earnings_press_release",
        "published_date": "2024-06-04",
        "fiscal_date": "2024-06-04",
        "fiscal_year": 2025,
        "fiscal_quarter": 1,
        "r2_url": "https://pub-2c783279b61043e19fbdadd1bee5153a.r2.dev/CRWD/2024-06-04/13e0f-2024-06-04-08-23-07/13e0f-2024-06-04-08-23-07.pdf/13e0f-2024-06-04-08-23-07.pdf",
        "periodicity": "periodic"
    },
    {
        "equity_ticker": "CRWD",
        "geography": "US",
        "content_name": "CRWD Q1 2025 Presentation",
        "file_type": "pdf",
        "content_type": "earnings_presentation",
        "published_date": "2024-06-04",
        "fiscal_date": "2024-06-04",
        "fiscal_year": 2025,
        "fiscal_quarter": 1,
        "r2_url": "https://pub-2c783279b61043e19fbdadd1bee5153a.r2.dev/CRWD/2024-06-04/1476a-2024-06-04-08-05-14/1476a-2024-06-04-08-05-14.pdf/1476a-2024-06-04-08-05-14.pdf",
        "periodicity": "periodic"
    },
    {
        "equity_ticker": "CRWD",
        "geography": "US",
        "content_name": "Morgan Stanley\u2019s Technology, Media & Telecom Conference 2024 - March 7, 2024",
        "file_type": "pdf",
        "content_type": "sellside_conference_transcript",
        "published_date": "2024-03-07",
        "fiscal_date": "2024-03-07",
        "fiscal_year": null,
        "fiscal_quarter": null,
        "r2_url": "https://pub-2c783279b61043e19fbdadd1bee5153a.r2.dev/CRWD/2024-03-07/CrowdStrike%20Holdings%2C%20Inc._2024-03-07_transcript/CrowdStrike%20Holdings%2C%20Inc._2024-03-07_transcript.pdf/CrowdStrike%20Holdings%2C%20Inc._2024-03-07_transcript.pdf",
        "periodicity": "non_periodic"
    },
    {
        "equity_ticker": "CRWD",
        "geography": "US",
        "content_name": "CRWD Q4 2024 Transcript",
        "file_type": "pdf",
        "content_type": "earnings_transcript",
        "published_date": "2024-03-05",
        "fiscal_date": "2024-03-05",
        "fiscal_year": 2024,
        "fiscal_quarter": 4,
        "r2_url": "https://pub-2c783279b61043e19fbdadd1bee5153a.r2.dev/CRWD/2024-03-05/CrowdStrike%20Holdings%2C%20Inc._2024-03-05_transcript/CrowdStrike%20Holdings%2C%20Inc._2024-03-05_transcript.pdf/CrowdStrike%20Holdings%2C%20Inc._2024-03-05_transcript.pdf",
        "periodicity": "periodic"
    },
    {
        "equity_ticker": "CRWD",
        "geography": "US",
        "content_name": "CRWD Q4 2024 Press Release",
        "file_type": "pdf",
        "content_type": "earnings_press_release",
        "published_date": "2024-03-05",
        "fiscal_date": "2024-03-05",
        "fiscal_year": 2024,
        "fiscal_quarter": 4,
        "r2_url": "https://pub-2c783279b61043e19fbdadd1bee5153a.r2.dev/CRWD/2024-03-05/5a9ef-2024-03-05-09-25-09/5a9ef-2024-03-05-09-25-09.pdf/5a9ef-2024-03-05-09-25-09.pdf",
        "periodicity": "periodic"
    },
    {
        "equity_ticker": "CRWD",
        "geography": "US",
        "content_name": "CRWD Q4 2024 Presentation",
        "file_type": "pdf",
        "content_type": "earnings_presentation",
        "published_date": "2024-03-05",
        "fiscal_date": "2024-03-05",
        "fiscal_year": 2024,
        "fiscal_quarter": 4,
        "r2_url": "https://pub-2c783279b61043e19fbdadd1bee5153a.r2.dev/CRWD/2024-03-05/65e87-2024-03-05-09-47-31/65e87-2024-03-05-09-47-31.pdf/65e87-2024-03-05-09-47-31.pdf",
        "periodicity": "periodic"
    },
    {
        "equity_ticker": "CRWD",
        "geography": "US",
        "content_name": "Barclays Global Technology Conference - December 6, 2023",
        "file_type": "pdf",
        "content_type": "sellside_conference_transcript",
        "published_date": "2023-12-06",
        "fiscal_date": "2023-12-06",
        "fiscal_year": null,
        "fiscal_quarter": null,
        "r2_url": "https://pub-2c783279b61043e19fbdadd1bee5153a.r2.dev/CRWD/2023-12-06/CrowdStrike%20Holdings%2C%20Inc._2023-12-06_transcript/CrowdStrike%20Holdings%2C%20Inc._2023-12-06_transcript.pdf/CrowdStrike%20Holdings%2C%20Inc._2023-12-06_transcript.pdf",
        "periodicity": "non_periodic"
    },
    {
        "equity_ticker": "CRWD",
        "geography": "US",
        "content_name": "Jefferies Cybersecurity Summit - December 5, 2023",
        "file_type": "pdf",
        "content_type": "company_conference_transcript",
        "published_date": "2023-12-05",
        "fiscal_date": "2023-12-05",
        "fiscal_year": null,
        "fiscal_quarter": null,
        "r2_url": "https://pub-2c783279b61043e19fbdadd1bee5153a.r2.dev/CRWD/2023-12-05/CrowdStrike%20Holdings%2C%20Inc._2023-12-05_transcript/CrowdStrike%20Holdings%2C%20Inc._2023-12-05_transcript.pdf/CrowdStrike%20Holdings%2C%20Inc._2023-12-05_transcript.pdf",
        "periodicity": "non_periodic"
    },
    {
        "equity_ticker": "CRWD",
        "geography": "US",
        "content_name": "CRWD Q3 2024 Transcript",
        "file_type": "pdf",
        "content_type": "earnings_transcript",
        "published_date": "2023-11-28",
        "fiscal_date": "2023-11-28",
        "fiscal_year": 2024,
        "fiscal_quarter": 3,
        "r2_url": "https://pub-2c783279b61043e19fbdadd1bee5153a.r2.dev/CRWD/2023-11-28/CrowdStrike%20Holdings%2C%20Inc._2023-11-28_transcript/CrowdStrike%20Holdings%2C%20Inc._2023-11-28_transcript.pdf/CrowdStrike%20Holdings%2C%20Inc._2023-11-28_transcript.pdf",
        "periodicity": "periodic"
    },
    {
        "equity_ticker": "CRWD",
        "geography": "US",
        "content_name": "CRWD Q3 2024 Press Release",
        "file_type": "pdf",
        "content_type": "earnings_press_release",
        "published_date": "2023-11-28",
        "fiscal_date": "2023-11-28",
        "fiscal_year": 2024,
        "fiscal_quarter": 3,
        "r2_url": "https://pub-2c783279b61043e19fbdadd1bee5153a.r2.dev/CRWD/2023-11-28/c6580-2023-11-28-09-08-09/c6580-2023-11-28-09-08-09.pdf/c6580-2023-11-28-09-08-09.pdf",
        "periodicity": "periodic"
    },
    {
        "equity_ticker": "CRWD",
        "geography": "US",
        "content_name": "CRWD Q3 2024 Presentation",
        "file_type": "pdf",
        "content_type": "earnings_presentation",
        "published_date": "2023-11-28",
        "fiscal_date": "2023-11-28",
        "fiscal_year": 2024,
        "fiscal_quarter": 3,
        "r2_url": "https://pub-2c783279b61043e19fbdadd1bee5153a.r2.dev/CRWD/2023-11-28/cc1fc-2023-11-29-08-53-10/cc1fc-2023-11-29-08-53-10.pdf/cc1fc-2023-11-29-08-53-10.pdf",
        "periodicity": "periodic"
    },
    {
        "equity_ticker": "CRWD",
        "geography": "US",
        "content_name": "Investor Update - September 20, 2023",
        "file_type": "pdf",
        "content_type": "company_conference_transcript",
        "published_date": "2023-09-20",
        "fiscal_date": "2023-09-20",
        "fiscal_year": null,
        "fiscal_quarter": null,
        "r2_url": "https://pub-2c783279b61043e19fbdadd1bee5153a.r2.dev/CRWD/2023-09-20/CrowdStrike%20Holdings%2C%20Inc._2023-09-20_transcript/CrowdStrike%20Holdings%2C%20Inc._2023-09-20_transcript.pdf/CrowdStrike%20Holdings%2C%20Inc._2023-09-20_transcript.pdf",
        "periodicity": "non_periodic"
    },
    {
        "equity_ticker": "CRWD",
        "geography": "US",
        "content_name": "Investor Update - September 20, 2023",
        "file_type": "pdf",
        "content_type": "company_conference_presentation",
        "published_date": "2023-09-20",
        "fiscal_date": "2023-09-20",
        "fiscal_year": null,
        "fiscal_quarter": null,
        "r2_url": "https://pub-2c783279b61043e19fbdadd1bee5153a.r2.dev/CRWD/2023-09-20/d92ea-2023-09-21-07-44-17/d92ea-2023-09-21-07-44-17.pdf/d92ea-2023-09-21-07-44-17.pdf",
        "periodicity": "non_periodic"
    },
    {
        "equity_ticker": "CRWD",
        "geography": "US",
        "content_name": "Goldman Sachs Communacopia & Technology Conference - September 5, 2023",
        "file_type": "pdf",
        "content_type": "sellside_conference_transcript",
        "published_date": "2023-09-05",
        "fiscal_date": "2023-09-05",
        "fiscal_year": null,
        "fiscal_quarter": null,
        "r2_url": "https://pub-2c783279b61043e19fbdadd1bee5153a.r2.dev/CRWD/2023-09-05/CrowdStrike%20Holdings%2C%20Inc._2023-09-05_transcript/CrowdStrike%20Holdings%2C%20Inc._2023-09-05_transcript.pdf/CrowdStrike%20Holdings%2C%20Inc._2023-09-05_transcript.pdf",
        "periodicity": "non_periodic"
    },
    {
        "equity_ticker": "CRWD",
        "geography": "US",
        "content_name": "CRWD Q2 2024 Transcript",
        "file_type": "pdf",
        "content_type": "earnings_transcript",
        "published_date": "2023-08-30",
        "fiscal_date": "2023-08-30",
        "fiscal_year": 2024,
        "fiscal_quarter": 2,
        "r2_url": "https://pub-2c783279b61043e19fbdadd1bee5153a.r2.dev/CRWD/2023-08-30/CrowdStrike%20Holdings%2C%20Inc._2023-08-30_transcript/CrowdStrike%20Holdings%2C%20Inc._2023-08-30_transcript.pdf/CrowdStrike%20Holdings%2C%20Inc._2023-08-30_transcript.pdf",
        "periodicity": "periodic"
    },
    {
        "equity_ticker": "CRWD",
        "geography": "US",
        "content_name": "CRWD Q2 2024 Press Release",
        "file_type": "pdf",
        "content_type": "earnings_press_release",
        "published_date": "2023-08-30",
        "fiscal_date": "2023-08-30",
        "fiscal_year": 2024,
        "fiscal_quarter": 2,
        "r2_url": "https://pub-2c783279b61043e19fbdadd1bee5153a.r2.dev/CRWD/2023-08-30/de4d5-2023-08-30-08-57-07/de4d5-2023-08-30-08-57-07.pdf/de4d5-2023-08-30-08-57-07.pdf",
        "periodicity": "periodic"
    },
    {
        "equity_ticker": "CRWD",
        "geography": "US",
        "content_name": "CRWD Q2 2024 Presentation",
        "file_type": "pdf",
        "content_type": "earnings_presentation",
        "published_date": "2023-08-30",
        "fiscal_date": "2023-08-30",
        "fiscal_year": 2024,
        "fiscal_quarter": 2,
        "r2_url": "https://pub-2c783279b61043e19fbdadd1bee5153a.r2.dev/CRWD/2023-08-30/f539b-2023-08-30-09-49-28/f539b-2023-08-30-09-49-28.pdf/f539b-2023-08-30-09-49-28.pdf",
        "periodicity": "periodic"
    },
    {
        "equity_ticker": "CRWD",
        "geography": "US",
        "content_name": "CRWD Q1 2024 Transcript",
        "file_type": "pdf",
        "content_type": "earnings_transcript",
        "published_date": "2023-05-31",
        "fiscal_date": "2023-05-31",
        "fiscal_year": 2024,
        "fiscal_quarter": 1,
        "r2_url": "https://pub-2c783279b61043e19fbdadd1bee5153a.r2.dev/CRWD/2023-05-31/CrowdStrike%20Holdings%2C%20Inc._2023-05-31_transcript/CrowdStrike%20Holdings%2C%20Inc._2023-05-31_transcript.pdf/CrowdStrike%20Holdings%2C%20Inc._2023-05-31_transcript.pdf",
        "periodicity": "periodic"
    },
    {
        "equity_ticker": "CRWD",
        "geography": "US",
        "content_name": "CRWD Q1 2024 Press Release",
        "file_type": "pdf",
        "content_type": "earnings_press_release",
        "published_date": "2023-05-31",
        "fiscal_date": "2023-05-31",
        "fiscal_year": 2024,
        "fiscal_quarter": 1,
        "r2_url": "https://pub-2c783279b61043e19fbdadd1bee5153a.r2.dev/CRWD/2023-05-31/7ebaf-2023-05-31-08-55-07/7ebaf-2023-05-31-08-55-07.pdf/7ebaf-2023-05-31-08-55-07.pdf",
        "periodicity": "periodic"
    },
    {
        "equity_ticker": "CRWD",
        "geography": "US",
        "content_name": "CRWD Q1 2024 Presentation",
        "file_type": "pdf",
        "content_type": "earnings_presentation",
        "published_date": "2023-05-31",
        "fiscal_date": "2023-05-31",
        "fiscal_year": 2024,
        "fiscal_quarter": 1,
        "r2_url": "https://pub-2c783279b61043e19fbdadd1bee5153a.r2.dev/CRWD/2023-05-31/60d8a-2023-05-31-08-17-08/60d8a-2023-05-31-08-17-08.pdf/60d8a-2023-05-31-08-17-08.pdf",
        "periodicity": "periodic"
    },
    {
        "equity_ticker": "CRWD",
        "geography": "US",
        "content_name": "Investor Briefing - April 4, 2023",
        "file_type": "pdf",
        "content_type": "company_conference_transcript",
        "published_date": "2023-04-04",
        "fiscal_date": "2023-04-04",
        "fiscal_year": null,
        "fiscal_quarter": null,
        "r2_url": "https://pub-2c783279b61043e19fbdadd1bee5153a.r2.dev/CRWD/2023-04-04/CrowdStrike%20Holdings%2C%20Inc._2023-04-04_transcript/CrowdStrike%20Holdings%2C%20Inc._2023-04-04_transcript.pdf/CrowdStrike%20Holdings%2C%20Inc._2023-04-04_transcript.pdf",
        "periodicity": "non_periodic"
    },
    {
        "equity_ticker": "CRWD",
        "geography": "US",
        "content_name": "Investor Briefing - April 4, 2023",
        "file_type": "pdf",
        "content_type": "company_conference_presentation",
        "published_date": "2023-04-04",
        "fiscal_date": "2023-04-04",
        "fiscal_year": null,
        "fiscal_quarter": null,
        "r2_url": "https://pub-2c783279b61043e19fbdadd1bee5153a.r2.dev/CRWD/2023-04-04/50178-2023-04-05-06-25-04/50178-2023-04-05-06-25-04.pdf/50178-2023-04-05-06-25-04.pdf",
        "periodicity": "non_periodic"
    },
    {
        "equity_ticker": "CRWD",
        "geography": "US",
        "content_name": "Morgan Stanley Technology, Media & Telecom Conference - March 9, 2023",
        "file_type": "pdf",
        "content_type": "sellside_conference_transcript",
        "published_date": "2023-03-09",
        "fiscal_date": "2023-03-09",
        "fiscal_year": null,
        "fiscal_quarter": null,
        "r2_url": "https://pub-2c783279b61043e19fbdadd1bee5153a.r2.dev/CRWD/2023-03-09/CrowdStrike%20Holdings%2C%20Inc._2023-03-09_transcript/CrowdStrike%20Holdings%2C%20Inc._2023-03-09_transcript.pdf/CrowdStrike%20Holdings%2C%20Inc._2023-03-09_transcript.pdf",
        "periodicity": "non_periodic"
    },
    {
        "equity_ticker": "CRWD",
        "geography": "US",
        "content_name": "CRWD Q4 2023 Transcript",
        "file_type": "pdf",
        "content_type": "earnings_transcript",
        "published_date": "2023-03-07",
        "fiscal_date": "2023-03-07",
        "fiscal_year": 2023,
        "fiscal_quarter": 4,
        "r2_url": "https://pub-2c783279b61043e19fbdadd1bee5153a.r2.dev/CRWD/2023-03-07/CrowdStrike%20Holdings%2C%20Inc._2023-03-07_transcript/CrowdStrike%20Holdings%2C%20Inc._2023-03-07_transcript.pdf/CrowdStrike%20Holdings%2C%20Inc._2023-03-07_transcript.pdf",
        "periodicity": "periodic"
    },
    {
        "equity_ticker": "CRWD",
        "geography": "US",
        "content_name": "CRWD Q4 2023 Press Release",
        "file_type": "pdf",
        "content_type": "earnings_press_release",
        "published_date": "2023-03-07",
        "fiscal_date": "2023-03-07",
        "fiscal_year": 2023,
        "fiscal_quarter": 4,
        "r2_url": "https://pub-2c783279b61043e19fbdadd1bee5153a.r2.dev/CRWD/2023-03-07/90b1c-2023-03-07-09-20-14/90b1c-2023-03-07-09-20-14.pdf/90b1c-2023-03-07-09-20-14.pdf",
        "periodicity": "periodic"
    },
    {
        "equity_ticker": "CRWD",
        "geography": "US",
        "content_name": "CRWD Q4 2023 Presentation",
        "file_type": "pdf",
        "content_type": "earnings_presentation",
        "published_date": "2023-03-07",
        "fiscal_date": "2023-03-07",
        "fiscal_year": 2023,
        "fiscal_quarter": 4,
        "r2_url": "https://pub-2c783279b61043e19fbdadd1bee5153a.r2.dev/CRWD/2023-03-07/6ea1f-2023-03-07-09-41-58/6ea1f-2023-03-07-09-41-58.pdf/6ea1f-2023-03-07-09-41-58.pdf",
        "periodicity": "periodic"
    },
    {
        "equity_ticker": "CRWD",
        "geography": "US",
        "content_name": "CRWD Q3 2023 Transcript",
        "file_type": "pdf",
        "content_type": "earnings_transcript",
        "published_date": "2022-11-29",
        "fiscal_date": "2022-11-29",
        "fiscal_year": 2023,
        "fiscal_quarter": 3,
        "r2_url": "https://pub-2c783279b61043e19fbdadd1bee5153a.r2.dev/CRWD/2022-11-29/CrowdStrike%20Holdings%2C%20Inc._2022-11-29_transcript/CrowdStrike%20Holdings%2C%20Inc._2022-11-29_transcript.pdf/CrowdStrike%20Holdings%2C%20Inc._2022-11-29_transcript.pdf",
        "periodicity": "periodic"
    },
    {
        "equity_ticker": "CRWD",
        "geography": "US",
        "content_name": "CRWD Q3 2023 Press Release",
        "file_type": "pdf",
        "content_type": "earnings_press_release",
        "published_date": "2022-11-29",
        "fiscal_date": "2022-11-29",
        "fiscal_year": 2023,
        "fiscal_quarter": 3,
        "r2_url": "https://pub-2c783279b61043e19fbdadd1bee5153a.r2.dev/CRWD/2022-11-29/53317-2022-11-29-09-38-12/53317-2022-11-29-09-38-12.pdf/53317-2022-11-29-09-38-12.pdf",
        "periodicity": "periodic"
    },
    {
        "equity_ticker": "CRWD",
        "geography": "US",
        "content_name": "CRWD Q3 2023 Presentation",
        "file_type": "pdf",
        "content_type": "earnings_presentation",
        "published_date": "2022-11-29",
        "fiscal_date": "2022-11-29",
        "fiscal_year": 2023,
        "fiscal_quarter": 3,
        "r2_url": "https://pub-2c783279b61043e19fbdadd1bee5153a.r2.dev/CRWD/2022-11-29/38f4b-2022-11-29-09-36-14/38f4b-2022-11-29-09-36-14.pdf/38f4b-2022-11-29-09-36-14.pdf",
        "periodicity": "periodic"
    },
    {
        "equity_ticker": "CRWD",
        "geography": "US",
        "content_name": "CRWD Q2 2023 Transcript",
        "file_type": "pdf",
        "content_type": "earnings_transcript",
        "published_date": "2022-08-30",
        "fiscal_date": "2022-08-30",
        "fiscal_year": 2023,
        "fiscal_quarter": 2,
        "r2_url": "https://pub-2c783279b61043e19fbdadd1bee5153a.r2.dev/CRWD/2022-08-30/CrowdStrike%20Holdings%2C%20Inc._2022-08-30_transcript/CrowdStrike%20Holdings%2C%20Inc._2022-08-30_transcript.pdf/CrowdStrike%20Holdings%2C%20Inc._2022-08-30_transcript.pdf",
        "periodicity": "periodic"
    },
    {
        "equity_ticker": "CRWD",
        "geography": "US",
        "content_name": "CRWD Q2 2023 Press Release",
        "file_type": "pdf",
        "content_type": "earnings_press_release",
        "published_date": "2022-08-30",
        "fiscal_date": "2022-08-30",
        "fiscal_year": 2023,
        "fiscal_quarter": 2,
        "r2_url": "https://pub-2c783279b61043e19fbdadd1bee5153a.r2.dev/CRWD/2022-08-30/2d66b-2022-08-30-08-17-26/2d66b-2022-08-30-08-17-26.pdf/2d66b-2022-08-30-08-17-26.pdf",
        "periodicity": "periodic"
    },
    {
        "equity_ticker": "CRWD",
        "geography": "US",
        "content_name": "CRWD Q2 2023 Presentation",
        "file_type": "pdf",
        "content_type": "earnings_presentation",
        "published_date": "2022-08-30",
        "fiscal_date": "2022-08-30",
        "fiscal_year": 2023,
        "fiscal_quarter": 2,
        "r2_url": "https://pub-2c783279b61043e19fbdadd1bee5153a.r2.dev/CRWD/2022-08-30/b6095-2022-08-31-11-36-04/b6095-2022-08-31-11-36-04.pdf/b6095-2022-08-31-11-36-04.pdf",
        "periodicity": "periodic"
    },
    {
        "equity_ticker": "CRWD",
        "geography": "US",
        "content_name": "CRWD Q1 2023 Transcript",
        "file_type": "pdf",
        "content_type": "earnings_transcript",
        "published_date": "2022-06-02",
        "fiscal_date": "2022-06-02",
        "fiscal_year": 2023,
        "fiscal_quarter": 1,
        "r2_url": "https://pub-2c783279b61043e19fbdadd1bee5153a.r2.dev/CRWD/2022-06-02/CrowdStrike%20Holdings%2C%20Inc._2022-06-02_transcript/CrowdStrike%20Holdings%2C%20Inc._2022-06-02_transcript.pdf/CrowdStrike%20Holdings%2C%20Inc._2022-06-02_transcript.pdf",
        "periodicity": "periodic"
    },
    {
        "equity_ticker": "CRWD",
        "geography": "US",
        "content_name": "CRWD Q1 2023 Press Release",
        "file_type": "pdf",
        "content_type": "earnings_press_release",
        "published_date": "2022-06-02",
        "fiscal_date": "2022-06-02",
        "fiscal_year": 2023,
        "fiscal_quarter": 1,
        "r2_url": "https://pub-2c783279b61043e19fbdadd1bee5153a.r2.dev/CRWD/2022-06-02/b790a-2022-06-02-08-14-08/b790a-2022-06-02-08-14-08.pdf/b790a-2022-06-02-08-14-08.pdf",
        "periodicity": "periodic"
    },
    {
        "equity_ticker": "CRWD",
        "geography": "US",
        "content_name": "Investor Briefing - April 7, 2022",
        "file_type": "pdf",
        "content_type": "company_conference_transcript",
        "published_date": "2022-04-07",
        "fiscal_date": "2022-04-07",
        "fiscal_year": null,
        "fiscal_quarter": null,
        "r2_url": "https://pub-2c783279b61043e19fbdadd1bee5153a.r2.dev/CRWD/2022-04-07/CrowdStrike%20Holdings%2C%20Inc._2022-04-07_transcript/CrowdStrike%20Holdings%2C%20Inc._2022-04-07_transcript.pdf/CrowdStrike%20Holdings%2C%20Inc._2022-04-07_transcript.pdf",
        "periodicity": "non_periodic"
    },
    {
        "equity_ticker": "CRWD",
        "geography": "US",
        "content_name": "Investor Briefing - April 7, 2022",
        "file_type": "pdf",
        "content_type": "company_conference_presentation",
        "published_date": "2022-04-07",
        "fiscal_date": "2022-04-07",
        "fiscal_year": null,
        "fiscal_quarter": null,
        "r2_url": "https://pub-2c783279b61043e19fbdadd1bee5153a.r2.dev/CRWD/2022-04-07/7d5eb-2022-04-07-03-29-19-migrated/7d5eb-2022-04-07-03-29-19-migrated.pdf/7d5eb-2022-04-07-03-29-19-migrated.pdf",
        "periodicity": "non_periodic"
    },
    {
        "equity_ticker": "CRWD",
        "geography": "US",
        "content_name": "CRWD Q4 2022 Transcript",
        "file_type": "pdf",
        "content_type": "earnings_transcript",
        "published_date": "2022-03-09",
        "fiscal_date": "2022-03-09",
        "fiscal_year": 2022,
        "fiscal_quarter": 4,
        "r2_url": "https://pub-2c783279b61043e19fbdadd1bee5153a.r2.dev/CRWD/2022-03-09/CrowdStrike%20Holdings%2C%20Inc._2022-03-09_transcript/CrowdStrike%20Holdings%2C%20Inc._2022-03-09_transcript.pdf/CrowdStrike%20Holdings%2C%20Inc._2022-03-09_transcript.pdf",
        "periodicity": "periodic"
    },
    {
        "equity_ticker": "CRWD",
        "geography": "US",
        "content_name": "CRWD Q4 2022 Press Release",
        "file_type": "pdf",
        "content_type": "earnings_press_release",
        "published_date": "2022-03-09",
        "fiscal_date": "2022-03-09",
        "fiscal_year": 2022,
        "fiscal_quarter": 4,
        "r2_url": "https://pub-2c783279b61043e19fbdadd1bee5153a.r2.dev/CRWD/2022-03-09/66603-2023-01-25-12-49-42/66603-2023-01-25-12-49-42.pdf/66603-2023-01-25-12-49-42.pdf",
        "periodicity": "periodic"
    },
    {
        "equity_ticker": "CRWD",
        "geography": "US",
        "content_name": "CRWD Q3 2022 Transcript",
        "file_type": "pdf",
        "content_type": "earnings_transcript",
        "published_date": "2021-12-01",
        "fiscal_date": "2021-12-01",
        "fiscal_year": 2022,
        "fiscal_quarter": 3,
        "r2_url": "https://pub-2c783279b61043e19fbdadd1bee5153a.r2.dev/CRWD/2021-12-01/CrowdStrike%20Holdings%2C%20Inc._2021-12-01_transcript/CrowdStrike%20Holdings%2C%20Inc._2021-12-01_transcript.pdf/CrowdStrike%20Holdings%2C%20Inc._2021-12-01_transcript.pdf",
        "periodicity": "periodic"
    },
    {
        "equity_ticker": "CRWD",
        "geography": "US",
        "content_name": "CRWD Q3 2022 Press Release",
        "file_type": "pdf",
        "content_type": "earnings_press_release",
        "published_date": "2021-12-01",
        "fiscal_date": "2021-12-01",
        "fiscal_year": 2022,
        "fiscal_quarter": 3,
        "r2_url": "https://pub-2c783279b61043e19fbdadd1bee5153a.r2.dev/CRWD/2021-12-01/c6c1d-2023-01-25-12-54-04/c6c1d-2023-01-25-12-54-04.pdf/c6c1d-2023-01-25-12-54-04.pdf",
        "periodicity": "periodic"
    },
    {
        "equity_ticker": "CRWD",
        "geography": "US",
        "content_name": "Investor Briefing - October 12, 2021",
        "file_type": "pdf",
        "content_type": "company_conference_transcript",
        "published_date": "2021-10-12",
        "fiscal_date": "2021-10-12",
        "fiscal_year": null,
        "fiscal_quarter": null,
        "r2_url": "https://pub-2c783279b61043e19fbdadd1bee5153a.r2.dev/CRWD/2021-10-12/CrowdStrike%20Holdings%2C%20Inc._2021-10-12_transcript/CrowdStrike%20Holdings%2C%20Inc._2021-10-12_transcript.pdf/CrowdStrike%20Holdings%2C%20Inc._2021-10-12_transcript.pdf",
        "periodicity": "non_periodic"
    },
    {
        "equity_ticker": "CRWD",
        "geography": "US",
        "content_name": "Investor Briefing - October 12, 2021",
        "file_type": "pdf",
        "content_type": "company_conference_presentation",
        "published_date": "2021-10-12",
        "fiscal_date": "2021-10-12",
        "fiscal_year": null,
        "fiscal_quarter": null,
        "r2_url": "https://pub-2c783279b61043e19fbdadd1bee5153a.r2.dev/CRWD/2021-10-12/c8ec5-2023-04-05-10-38-41/c8ec5-2023-04-05-10-38-41.pdf/c8ec5-2023-04-05-10-38-41.pdf",
        "periodicity": "non_periodic"
    },
    {
        "equity_ticker": "CRWD",
        "geography": "US",
        "content_name": "CRWD Q2 2022 Transcript",
        "file_type": "pdf",
        "content_type": "earnings_transcript",
        "published_date": "2021-08-31",
        "fiscal_date": "2021-08-31",
        "fiscal_year": 2022,
        "fiscal_quarter": 2,
        "r2_url": "https://pub-2c783279b61043e19fbdadd1bee5153a.r2.dev/CRWD/2021-08-31/CrowdStrike%20Holdings%2C%20Inc._2021-08-31_transcript/CrowdStrike%20Holdings%2C%20Inc._2021-08-31_transcript.pdf/CrowdStrike%20Holdings%2C%20Inc._2021-08-31_transcript.pdf",
        "periodicity": "periodic"
    },
    {
        "equity_ticker": "CRWD",
        "geography": "US",
        "content_name": "CRWD Q2 2022 Press Release",
        "file_type": "pdf",
        "content_type": "earnings_press_release",
        "published_date": "2021-08-31",
        "fiscal_date": "2021-08-31",
        "fiscal_year": 2022,
        "fiscal_quarter": 2,
        "r2_url": "https://pub-2c783279b61043e19fbdadd1bee5153a.r2.dev/CRWD/2021-08-31/f434c-2023-01-25-09-18-41/f434c-2023-01-25-09-18-41.pdf/f434c-2023-01-25-09-18-41.pdf",
        "periodicity": "periodic"
    },
    {
        "equity_ticker": "CRWD",
        "geography": "US",
        "content_name": "CRWD Q1 2022 Transcript",
        "file_type": "pdf",
        "content_type": "earnings_transcript",
        "published_date": "2021-06-03",
        "fiscal_date": "2021-06-03",
        "fiscal_year": 2022,
        "fiscal_quarter": 1,
        "r2_url": "https://pub-2c783279b61043e19fbdadd1bee5153a.r2.dev/CRWD/2021-06-03/CrowdStrike%20Holdings%2C%20Inc._2021-06-03_transcript/CrowdStrike%20Holdings%2C%20Inc._2021-06-03_transcript.pdf/CrowdStrike%20Holdings%2C%20Inc._2021-06-03_transcript.pdf",
        "periodicity": "periodic"
    },
    {
        "equity_ticker": "CRWD",
        "geography": "US",
        "content_name": "CRWD Q1 2022 Press Release",
        "file_type": "pdf",
        "content_type": "earnings_press_release",
        "published_date": "2021-06-03",
        "fiscal_date": "2021-06-03",
        "fiscal_year": 2022,
        "fiscal_quarter": 1,
        "r2_url": "https://pub-2c783279b61043e19fbdadd1bee5153a.r2.dev/CRWD/2021-06-03/76f88-2023-01-25-09-02-24/76f88-2023-01-25-09-02-24.pdf/76f88-2023-01-25-09-02-24.pdf",
        "periodicity": "periodic"
    },
    {
        "equity_ticker": "CRWD",
        "geography": "US",
        "content_name": "Investor Briefing - April 8, 2021",
        "file_type": "pdf",
        "content_type": "company_conference_transcript",
        "published_date": "2021-04-08",
        "fiscal_date": "2021-04-08",
        "fiscal_year": null,
        "fiscal_quarter": null,
        "r2_url": "https://pub-2c783279b61043e19fbdadd1bee5153a.r2.dev/CRWD/2021-04-08/CrowdStrike%20Holdings%2C%20Inc._2021-04-08_transcript/CrowdStrike%20Holdings%2C%20Inc._2021-04-08_transcript.pdf/CrowdStrike%20Holdings%2C%20Inc._2021-04-08_transcript.pdf",
        "periodicity": "non_periodic"
    },
    {
        "equity_ticker": "CRWD",
        "geography": "US",
        "content_name": "CRWD Q4 2021 Transcript",
        "file_type": "pdf",
        "content_type": "earnings_transcript",
        "published_date": "2021-03-16",
        "fiscal_date": "2021-03-16",
        "fiscal_year": 2021,
        "fiscal_quarter": 4,
        "r2_url": "https://pub-2c783279b61043e19fbdadd1bee5153a.r2.dev/CRWD/2021-03-16/CrowdStrike%20Holdings%2C%20Inc._2021-03-16_transcript/CrowdStrike%20Holdings%2C%20Inc._2021-03-16_transcript.pdf/CrowdStrike%20Holdings%2C%20Inc._2021-03-16_transcript.pdf",
        "periodicity": "periodic"
    },
    {
        "equity_ticker": "CRWD",
        "geography": "US",
        "content_name": "CRWD Q4 2021 Press Release",
        "file_type": "pdf",
        "content_type": "earnings_press_release",
        "published_date": "2021-03-16",
        "fiscal_date": "2021-03-16",
        "fiscal_year": 2021,
        "fiscal_quarter": 4,
        "r2_url": "https://pub-2c783279b61043e19fbdadd1bee5153a.r2.dev/CRWD/2021-03-16/8419e-2022-06-22-02-18-31/8419e-2022-06-22-02-18-31.pdf/8419e-2022-06-22-02-18-31.pdf",
        "periodicity": "periodic"
    },
    {
        "equity_ticker": "CRWD",
        "geography": "US",
        "content_name": "CRWD Q3 2021 Transcript",
        "file_type": "pdf",
        "content_type": "earnings_transcript",
        "published_date": "2020-12-02",
        "fiscal_date": "2020-12-02",
        "fiscal_year": 2021,
        "fiscal_quarter": 3,
        "r2_url": "https://pub-2c783279b61043e19fbdadd1bee5153a.r2.dev/CRWD/2020-12-02/CrowdStrike%20Holdings%2C%20Inc._2020-12-02_transcript/CrowdStrike%20Holdings%2C%20Inc._2020-12-02_transcript.pdf/CrowdStrike%20Holdings%2C%20Inc._2020-12-02_transcript.pdf",
        "periodicity": "periodic"
    },
    {
        "equity_ticker": "CRWD",
        "geography": "US",
        "content_name": "CRWD Q3 2021 Press Release",
        "file_type": "pdf",
        "content_type": "earnings_press_release",
        "published_date": "2020-12-02",
        "fiscal_date": "2020-12-02",
        "fiscal_year": 2021,
        "fiscal_quarter": 3,
        "r2_url": "https://pub-2c783279b61043e19fbdadd1bee5153a.r2.dev/CRWD/2020-12-02/6ce3a-2022-06-22-02-04-33/6ce3a-2022-06-22-02-04-33.pdf/6ce3a-2022-06-22-02-04-33.pdf",
        "periodicity": "periodic"
    },
    {
        "equity_ticker": "CRWD",
        "geography": "US",
        "content_name": "Investor Briefing - October 15, 2020",
        "file_type": "pdf",
        "content_type": "company_conference_transcript",
        "published_date": "2020-10-15",
        "fiscal_date": "2020-10-15",
        "fiscal_year": null,
        "fiscal_quarter": null,
        "r2_url": "https://pub-2c783279b61043e19fbdadd1bee5153a.r2.dev/CRWD/2020-10-15/CrowdStrike%20Holdings%2C%20Inc._2020-10-15_transcript/CrowdStrike%20Holdings%2C%20Inc._2020-10-15_transcript.pdf/CrowdStrike%20Holdings%2C%20Inc._2020-10-15_transcript.pdf",
        "periodicity": "non_periodic"
    },
    {
        "equity_ticker": "CRWD",
        "geography": "US",
        "content_name": "Investor Briefing - October 15, 2020",
        "file_type": "pdf",
        "content_type": "company_conference_presentation",
        "published_date": "2020-10-15",
        "fiscal_date": "2020-10-15",
        "fiscal_year": null,
        "fiscal_quarter": null,
        "r2_url": "https://pub-2c783279b61043e19fbdadd1bee5153a.r2.dev/CRWD/2020-10-15/24fcd-2023-04-05-10-50-45/24fcd-2023-04-05-10-50-45.pdf/24fcd-2023-04-05-10-50-45.pdf",
        "periodicity": "non_periodic"
    },
    {
        "equity_ticker": "CRWD",
        "geography": "US",
        "content_name": "CRWD Q2 2021 Transcript",
        "file_type": "pdf",
        "content_type": "earnings_transcript",
        "published_date": "2020-09-02",
        "fiscal_date": "2020-09-02",
        "fiscal_year": 2021,
        "fiscal_quarter": 2,
        "r2_url": "https://pub-2c783279b61043e19fbdadd1bee5153a.r2.dev/CRWD/2020-09-02/CrowdStrike%20Holdings%2C%20Inc._2020-09-02_transcript/CrowdStrike%20Holdings%2C%20Inc._2020-09-02_transcript.pdf/CrowdStrike%20Holdings%2C%20Inc._2020-09-02_transcript.pdf",
        "periodicity": "periodic"
    },
    {
        "equity_ticker": "CRWD",
        "geography": "US",
        "content_name": "CRWD Q2 2021 Press Release",
        "file_type": "pdf",
        "content_type": "earnings_press_release",
        "published_date": "2020-09-02",
        "fiscal_date": "2020-09-02",
        "fiscal_year": 2021,
        "fiscal_quarter": 2,
        "r2_url": "https://pub-2c783279b61043e19fbdadd1bee5153a.r2.dev/CRWD/2020-09-02/1ae7e-2022-06-22-02-30-34/1ae7e-2022-06-22-02-30-34.pdf/1ae7e-2022-06-22-02-30-34.pdf",
        "periodicity": "periodic"
    },
    {
        "equity_ticker": "CRWD",
        "geography": "US",
        "content_name": "CRWD Q1 2021 Transcript",
        "file_type": "pdf",
        "content_type": "earnings_transcript",
        "published_date": "2020-06-02",
        "fiscal_date": "2020-06-02",
        "fiscal_year": 2021,
        "fiscal_quarter": 1,
        "r2_url": "https://pub-2c783279b61043e19fbdadd1bee5153a.r2.dev/CRWD/2020-06-02/CrowdStrike%20Holdings%2C%20Inc._2020-06-02_transcript/CrowdStrike%20Holdings%2C%20Inc._2020-06-02_transcript.pdf/CrowdStrike%20Holdings%2C%20Inc._2020-06-02_transcript.pdf",
        "periodicity": "periodic"
    },
    {
        "equity_ticker": "CRWD",
        "geography": "US",
        "content_name": "CRWD Q1 2021 Press Release",
        "file_type": "pdf",
        "content_type": "earnings_press_release",
        "published_date": "2020-06-02",
        "fiscal_date": "2020-06-02",
        "fiscal_year": 2021,
        "fiscal_quarter": 1,
        "r2_url": "https://pub-2c783279b61043e19fbdadd1bee5153a.r2.dev/CRWD/2020-06-02/8cf5f-2022-06-22-02-52-35/8cf5f-2022-06-22-02-52-35.pdf/8cf5f-2022-06-22-02-52-35.pdf",
        "periodicity": "periodic"
    },
    {
        "equity_ticker": "CRWD",
        "geography": "US",
        "content_name": "CRWD Q4 2020 Transcript",
        "file_type": "pdf",
        "content_type": "earnings_transcript",
        "published_date": "2020-03-19",
        "fiscal_date": "2020-03-19",
        "fiscal_year": 2020,
        "fiscal_quarter": 4,
        "r2_url": "https://pub-2c783279b61043e19fbdadd1bee5153a.r2.dev/CRWD/2020-03-19/CrowdStrike%20Holdings%2C%20Inc._2020-03-19_transcript/CrowdStrike%20Holdings%2C%20Inc._2020-03-19_transcript.pdf/CrowdStrike%20Holdings%2C%20Inc._2020-03-19_transcript.pdf",
        "periodicity": "periodic"
    },
    {
        "equity_ticker": "CRWD",
        "geography": "US",
        "content_name": "CRWD Q4 2020 Press Release",
        "file_type": "pdf",
        "content_type": "earnings_press_release",
        "published_date": "2020-03-19",
        "fiscal_date": "2020-03-19",
        "fiscal_year": 2020,
        "fiscal_quarter": 4,
        "r2_url": "https://pub-2c783279b61043e19fbdadd1bee5153a.r2.dev/CRWD/2020-03-19/031e4-2023-04-05-10-53-47/031e4-2023-04-05-10-53-47.pdf/031e4-2023-04-05-10-53-47.pdf",
        "periodicity": "periodic"
    },
    {
        "equity_ticker": "CRWD",
        "geography": "US",
        "content_name": "CRWD Q3 2020 Transcript",
        "file_type": "pdf",
        "content_type": "earnings_transcript",
        "published_date": "2019-12-05",
        "fiscal_date": "2019-12-05",
        "fiscal_year": 2020,
        "fiscal_quarter": 3,
        "r2_url": "https://pub-2c783279b61043e19fbdadd1bee5153a.r2.dev/CRWD/2019-12-05/CrowdStrike%20Holdings%2C%20Inc._2019-12-05_transcript/CrowdStrike%20Holdings%2C%20Inc._2019-12-05_transcript.pdf/CrowdStrike%20Holdings%2C%20Inc._2019-12-05_transcript.pdf",
        "periodicity": "periodic"
    },
    {
        "equity_ticker": "CRWD",
        "geography": "US",
        "content_name": "CRWD Q3 2020 Press Release",
        "file_type": "pdf",
        "content_type": "earnings_press_release",
        "published_date": "2019-12-05",
        "fiscal_date": "2019-12-05",
        "fiscal_year": 2020,
        "fiscal_quarter": 3,
        "r2_url": "https://pub-2c783279b61043e19fbdadd1bee5153a.r2.dev/CRWD/2019-12-05/de703-2023-04-05-10-15-54/de703-2023-04-05-10-15-54.pdf/de703-2023-04-05-10-15-54.pdf",
        "periodicity": "periodic"
    },
    {
        "equity_ticker": "CRWD",
        "geography": "US",
        "content_name": "CRWD Q2 2020 Transcript",
        "file_type": "pdf",
        "content_type": "earnings_transcript",
        "published_date": "2019-09-05",
        "fiscal_date": "2019-09-05",
        "fiscal_year": 2020,
        "fiscal_quarter": 2,
        "r2_url": "https://pub-2c783279b61043e19fbdadd1bee5153a.r2.dev/CRWD/2019-09-05/CrowdStrike%20Holdings%2C%20Inc._2019-09-05_transcript/CrowdStrike%20Holdings%2C%20Inc._2019-09-05_transcript.pdf/CrowdStrike%20Holdings%2C%20Inc._2019-09-05_transcript.pdf",
        "periodicity": "periodic"
    },
    {
        "equity_ticker": "CRWD",
        "geography": "US",
        "content_name": "CRWD Q2 2020 Press Release",
        "file_type": "pdf",
        "content_type": "earnings_press_release",
        "published_date": "2019-09-05",
        "fiscal_date": "2019-09-05",
        "fiscal_year": 2020,
        "fiscal_quarter": 2,
        "r2_url": "https://pub-2c783279b61043e19fbdadd1bee5153a.r2.dev/CRWD/2019-09-05/34452-2023-04-05-10-42-55/34452-2023-04-05-10-42-55.pdf/34452-2023-04-05-10-42-55.pdf",
        "periodicity": "periodic"
    },
    {
        "equity_ticker": "CRWD",
        "geography": "US",
        "content_name": "CRWD Q1 2020 Transcript",
        "file_type": "pdf",
        "content_type": "earnings_transcript",
        "published_date": "2019-07-18",
        "fiscal_date": "2019-07-18",
        "fiscal_year": 2020,
        "fiscal_quarter": 1,
        "r2_url": "https://pub-2c783279b61043e19fbdadd1bee5153a.r2.dev/CRWD/2019-07-18/CrowdStrike%20Holdings%2C%20Inc._2019-07-18_transcript/CrowdStrike%20Holdings%2C%20Inc._2019-07-18_transcript.pdf/CrowdStrike%20Holdings%2C%20Inc._2019-07-18_transcript.pdf",
        "periodicity": "periodic"
    },
    {
        "equity_ticker": "CRWD",
        "geography": "US",
        "content_name": "CRWD Q1 2020 Press Release",
        "file_type": "pdf",
        "content_type": "earnings_press_release",
        "published_date": "2019-07-18",
        "fiscal_date": "2019-07-18",
        "fiscal_year": 2020,
        "fiscal_quarter": 1,
        "r2_url": "https://pub-2c783279b61043e19fbdadd1bee5153a.r2.dev/CRWD/2019-07-18/8a19a-2023-04-05-10-20-57/8a19a-2023-04-05-10-20-57.pdf/8a19a-2023-04-05-10-20-57.pdf",
        "periodicity": "periodic"
    },
    {
        "equity_ticker": "CRWD",
        "geography": "US",
        "content_name": "CRWD Q4 2025 10-K",
        "file_type": "pdf",
        "content_type": "annual_report",
        "published_date": "2025-03-10",
        "fiscal_date": "2025-01-31",
        "fiscal_year": 2025,
        "fiscal_quarter": 4,
        "r2_url": "https://pub-2c783279b61043e19fbdadd1bee5153a.r2.dev/CRWD/2025-03-10/crwd-20250131.htm/crwd-20250131.pdf",
        "periodicity": "periodic"
    },
    {
        "equity_ticker": "CRWD",
        "geography": "US",
        "content_name": "CRWD Q3 2025 10-Q",
        "file_type": "pdf",
        "content_type": "quarterly_report",
        "published_date": "2024-11-26",
        "fiscal_date": "2024-10-31",
        "fiscal_year": 2025,
        "fiscal_quarter": 3,
        "r2_url": "https://pub-2c783279b61043e19fbdadd1bee5153a.r2.dev/CRWD/2024-11-26/crwd-20241031.htm/crwd-20241031.pdf",
        "periodicity": "periodic"
    },
    {
        "equity_ticker": "CRWD",
        "geography": "US",
        "content_name": "CRWD Q2 2025 10-Q",
        "file_type": "pdf",
        "content_type": "quarterly_report",
        "published_date": "2024-08-28",
        "fiscal_date": "2024-07-31",
        "fiscal_year": 2025,
        "fiscal_quarter": 2,
        "r2_url": "https://pub-2c783279b61043e19fbdadd1bee5153a.r2.dev/CRWD/2024-08-28/crwd-20240731.htm/crwd-20240731.pdf",
        "periodicity": "periodic"
    },
    {
        "equity_ticker": "CRWD",
        "geography": "US",
        "content_name": "CRWD Q1 2025 10-Q",
        "file_type": "pdf",
        "content_type": "quarterly_report",
        "published_date": "2024-06-04",
        "fiscal_date": "2024-04-30",
        "fiscal_year": 2025,
        "fiscal_quarter": 1,
        "r2_url": "https://pub-2c783279b61043e19fbdadd1bee5153a.r2.dev/CRWD/2024-06-04/crwd-20240430.htm/crwd-20240430.pdf",
        "periodicity": "periodic"
    },
    {
        "equity_ticker": "CRWD",
        "geography": "US",
        "content_name": "CRWD Q4 2024 10-K",
        "file_type": "pdf",
        "content_type": "annual_report",
        "published_date": "2024-03-06",
        "fiscal_date": "2024-01-31",
        "fiscal_year": 2024,
        "fiscal_quarter": 4,
        "r2_url": "https://pub-2c783279b61043e19fbdadd1bee5153a.r2.dev/CRWD/2024-03-06/crwd-20240131.htm/crwd-20240131.pdf",
        "periodicity": "periodic"
    },
    {
        "equity_ticker": "CRWD",
        "geography": "US",
        "content_name": "CRWD Q3 2024 10-Q",
        "file_type": "pdf",
        "content_type": "quarterly_report",
        "published_date": "2023-11-28",
        "fiscal_date": "2023-10-31",
        "fiscal_year": 2024,
        "fiscal_quarter": 3,
        "r2_url": "https://pub-2c783279b61043e19fbdadd1bee5153a.r2.dev/CRWD/2023-11-28/crwd-20231031.htm/crwd-20231031.pdf",
        "periodicity": "periodic"
    },
    {
        "equity_ticker": "CRWD",
        "geography": "US",
        "content_name": "CRWD Q2 2024 10-Q",
        "file_type": "pdf",
        "content_type": "quarterly_report",
        "published_date": "2023-08-30",
        "fiscal_date": "2023-07-31",
        "fiscal_year": 2024,
        "fiscal_quarter": 2,
        "r2_url": "https://pub-2c783279b61043e19fbdadd1bee5153a.r2.dev/CRWD/2023-08-30/crwd-20230731.htm/crwd-20230731.pdf",
        "periodicity": "periodic"
    },
    {
        "equity_ticker": "CRWD",
        "geography": "US",
        "content_name": "CRWD Q1 2024 10-Q",
        "file_type": "pdf",
        "content_type": "quarterly_report",
        "published_date": "2023-05-31",
        "fiscal_date": "2023-04-30",
        "fiscal_year": 2024,
        "fiscal_quarter": 1,
        "r2_url": "https://pub-2c783279b61043e19fbdadd1bee5153a.r2.dev/CRWD/2023-05-31/crwd-20230430.htm/crwd-20230430.pdf",
        "periodicity": "periodic"
    },
    {
        "equity_ticker": "CRWD",
        "geography": "US",
        "content_name": "CRWD Q4 2023 10-K",
        "file_type": "pdf",
        "content_type": "annual_report",
        "published_date": "2023-03-08",
        "fiscal_date": "2023-01-31",
        "fiscal_year": 2023,
        "fiscal_quarter": 4,
        "r2_url": "https://pub-2c783279b61043e19fbdadd1bee5153a.r2.dev/CRWD/2023-03-08/crwd-20230131.htm/crwd-20230131.pdf",
        "periodicity": "periodic"
    },
    {
        "equity_ticker": "CRWD",
        "geography": "US",
        "content_name": "CRWD Q3 2023 10-Q",
        "file_type": "pdf",
        "content_type": "quarterly_report",
        "published_date": "2022-11-29",
        "fiscal_date": "2022-10-31",
        "fiscal_year": 2023,
        "fiscal_quarter": 3,
        "r2_url": "https://pub-2c783279b61043e19fbdadd1bee5153a.r2.dev/CRWD/2022-11-29/crwd-20221031.htm/crwd-20221031.pdf",
        "periodicity": "periodic"
    },
    {
        "equity_ticker": "CRWD",
        "geography": "US",
        "content_name": "CRWD Q2 2023 10-Q",
        "file_type": "pdf",
        "content_type": "quarterly_report",
        "published_date": "2022-08-30",
        "fiscal_date": "2022-07-31",
        "fiscal_year": 2023,
        "fiscal_quarter": 2,
        "r2_url": "https://pub-2c783279b61043e19fbdadd1bee5153a.r2.dev/CRWD/2022-08-30/crwd-20220731.htm/crwd-20220731.pdf",
        "periodicity": "periodic"
    },
    {
        "equity_ticker": "CRWD",
        "geography": "US",
        "content_name": "CRWD Q1 2023 10-Q",
        "file_type": "pdf",
        "content_type": "quarterly_report",
        "published_date": "2022-06-03",
        "fiscal_date": "2022-04-30",
        "fiscal_year": 2023,
        "fiscal_quarter": 1,
        "r2_url": "https://pub-2c783279b61043e19fbdadd1bee5153a.r2.dev/CRWD/2022-06-03/crwd-20220430.htm/crwd-20220430.pdf",
        "periodicity": "periodic"
    },
    {
        "equity_ticker": "CRWD",
        "geography": "US",
        "content_name": "CRWD Q4 2022 10-K",
        "file_type": "pdf",
        "content_type": "annual_report",
        "published_date": "2022-03-16",
        "fiscal_date": "2022-01-31",
        "fiscal_year": 2022,
        "fiscal_quarter": 4,
        "r2_url": "https://pub-2c783279b61043e19fbdadd1bee5153a.r2.dev/CRWD/2022-03-16/crwd-20220131.htm/crwd-20220131.pdf",
        "periodicity": "periodic"
    },
    {
        "equity_ticker": "CRWD",
        "geography": "US",
        "content_name": "CRWD Q3 2022 10-Q",
        "file_type": "pdf",
        "content_type": "quarterly_report",
        "published_date": "2021-12-02",
        "fiscal_date": "2021-10-31",
        "fiscal_year": 2022,
        "fiscal_quarter": 3,
        "r2_url": "https://pub-2c783279b61043e19fbdadd1bee5153a.r2.dev/CRWD/2021-12-02/crwd-20211031.htm/crwd-20211031.pdf",
        "periodicity": "periodic"
    },
    {
        "equity_ticker": "CRWD",
        "geography": "US",
        "content_name": "CRWD Q2 2022 10-Q",
        "file_type": "pdf",
        "content_type": "quarterly_report",
        "published_date": "2021-09-01",
        "fiscal_date": "2021-07-31",
        "fiscal_year": 2022,
        "fiscal_quarter": 2,
        "r2_url": "https://pub-2c783279b61043e19fbdadd1bee5153a.r2.dev/CRWD/2021-09-01/crwd-20210731.htm/crwd-20210731.pdf",
        "periodicity": "periodic"
    },
    {
        "equity_ticker": "CRWD",
        "geography": "US",
        "content_name": "CRWD Q1 2022 10-Q",
        "file_type": "pdf",
        "content_type": "quarterly_report",
        "published_date": "2021-06-04",
        "fiscal_date": "2021-04-30",
        "fiscal_year": 2022,
        "fiscal_quarter": 1,
        "r2_url": "https://pub-2c783279b61043e19fbdadd1bee5153a.r2.dev/CRWD/2021-06-04/crwd-20210430.htm/crwd-20210430.pdf",
        "periodicity": "periodic"
    },
    {
        "equity_ticker": "CRWD",
        "geography": "US",
        "content_name": "CRWD Q4 2021 10-K",
        "file_type": "pdf",
        "content_type": "annual_report",
        "published_date": "2021-03-18",
        "fiscal_date": "2021-01-31",
        "fiscal_year": 2021,
        "fiscal_quarter": 4,
        "r2_url": "https://pub-2c783279b61043e19fbdadd1bee5153a.r2.dev/CRWD/2021-03-18/crwd-20210131.htm/crwd-20210131.pdf",
        "periodicity": "periodic"
    },
    {
        "equity_ticker": "CRWD",
        "geography": "US",
        "content_name": "CRWD Q3 2021 10-Q",
        "file_type": "pdf",
        "content_type": "quarterly_report",
        "published_date": "2020-12-03",
        "fiscal_date": "2020-10-31",
        "fiscal_year": 2021,
        "fiscal_quarter": 3,
        "r2_url": "https://pub-2c783279b61043e19fbdadd1bee5153a.r2.dev/CRWD/2020-12-03/crwd-20201031.htm/crwd-20201031.pdf",
        "periodicity": "periodic"
    },
    {
        "equity_ticker": "CRWD",
        "geography": "US",
        "content_name": "CRWD Q2 2021 10-Q",
        "file_type": "pdf",
        "content_type": "quarterly_report",
        "published_date": "2020-09-03",
        "fiscal_date": "2020-07-31",
        "fiscal_year": 2021,
        "fiscal_quarter": 2,
        "r2_url": "https://pub-2c783279b61043e19fbdadd1bee5153a.r2.dev/CRWD/2020-09-03/crwd-20200731.htm/ix.pdf",
        "periodicity": "periodic"
    },
    {
        "equity_ticker": "CRWD",
        "geography": "US",
        "content_name": "CRWD Q1 2021 10-Q",
        "file_type": "pdf",
        "content_type": "quarterly_report",
        "published_date": "2020-06-03",
        "fiscal_date": "2020-04-30",
        "fiscal_year": 2021,
        "fiscal_quarter": 1,
        "r2_url": "https://pub-2c783279b61043e19fbdadd1bee5153a.r2.dev/CRWD/2020-06-03/crwd-20200430.htm/ix.pdf",
        "periodicity": "periodic"
    },
    {
        "equity_ticker": "CRWD",
        "geography": "US",
        "content_name": "CRWD Q4 2020 10-K",
        "file_type": "pdf",
        "content_type": "annual_report",
        "published_date": "2020-03-23",
        "fiscal_date": "2020-01-31",
        "fiscal_year": 2020,
        "fiscal_quarter": 4,
        "r2_url": "https://pub-2c783279b61043e19fbdadd1bee5153a.r2.dev/CRWD/2020-03-23/crwd-20200131.htm/ix.pdf",
        "periodicity": "periodic"
    },
    {
        "equity_ticker": "CRWD",
        "geography": "US",
        "content_name": "CRWD Q3 2020 10-Q",
        "file_type": "pdf",
        "content_type": "quarterly_report",
        "published_date": "2019-12-06",
        "fiscal_date": "2019-10-31",
        "fiscal_year": 2020,
        "fiscal_quarter": 3,
        "r2_url": "https://pub-2c783279b61043e19fbdadd1bee5153a.r2.dev/CRWD/2019-12-06/crwd-20191031.htm/ix.pdf",
        "periodicity": "periodic"
    },
    {
        "equity_ticker": "CRWD",
        "geography": "US",
        "content_name": "CRWD Q2 2020 10-Q",
        "file_type": "pdf",
        "content_type": "quarterly_report",
        "published_date": "2019-09-06",
        "fiscal_date": "2019-07-31",
        "fiscal_year": 2020,
        "fiscal_quarter": 2,
        "r2_url": "https://pub-2c783279b61043e19fbdadd1bee5153a.r2.dev/CRWD/2019-09-06/crwd-20190731x10q.htm/ix.pdf",
        "periodicity": "periodic"
    },
    {
        "equity_ticker": "CRWD",
        "geography": "US",
        "content_name": "CRWD Q1 2020 10-Q",
        "file_type": "pdf",
        "content_type": "quarterly_report",
        "published_date": "2019-07-19",
        "fiscal_date": "2019-04-30",
        "fiscal_year": 2020,
        "fiscal_quarter": 1,
        "r2_url": "https://pub-2c783279b61043e19fbdadd1bee5153a.r2.dev/CRWD/2019-07-19/crwd-20190430x10q.htm/ix.pdf",
        "periodicity": "periodic"
    }
]