[
    {
        "equity_ticker": "DAY",
        "geography": "US",
        "content_name": "DAY Q4 2024 Transcript",
        "file_type": "pdf",
        "content_type": "earnings_transcript",
        "published_date": "2025-02-05",
        "fiscal_date": "2025-02-05",
        "fiscal_year": 2024,
        "fiscal_quarter": 4,
        "r2_url": "https://pub-2c783279b61043e19fbdadd1bee5153a.r2.dev/DAY/2025-02-05/Dayforce%20Inc._2025-02-05_transcript/Dayforce%20Inc._2025-02-05_transcript.pdf/Dayforce%20Inc._2025-02-05_transcript.pdf",
        "periodicity": "periodic"
    },
    {
        "equity_ticker": "DAY",
        "geography": "US",
        "content_name": "DAY Q4 2024 Press Release",
        "file_type": "pdf",
        "content_type": "earnings_press_release",
        "published_date": "2025-02-05",
        "fiscal_date": "2025-02-05",
        "fiscal_year": 2024,
        "fiscal_quarter": 4,
        "r2_url": "https://pub-2c783279b61043e19fbdadd1bee5153a.r2.dev/DAY/2025-02-05/0ec8b-2025-02-05-12-55-02/0ec8b-2025-02-05-12-55-02.pdf/0ec8b-2025-02-05-12-55-02.pdf",
        "periodicity": "periodic"
    },
    {
        "equity_ticker": "DAY",
        "geography": "US",
        "content_name": "DAY Q3 2024 Transcript",
        "file_type": "pdf",
        "content_type": "earnings_transcript",
        "published_date": "2024-10-30",
        "fiscal_date": "2024-10-30",
        "fiscal_year": 2024,
        "fiscal_quarter": 3,
        "r2_url": "https://pub-2c783279b61043e19fbdadd1bee5153a.r2.dev/DAY/2024-10-30/Dayforce%20Inc._2024-10-30_transcript/Dayforce%20Inc._2024-10-30_transcript.pdf/Dayforce%20Inc._2024-10-30_transcript.pdf",
        "periodicity": "periodic"
    },
    {
        "equity_ticker": "DAY",
        "geography": "US",
        "content_name": "DAY Q3 2024 Press Release",
        "file_type": "pdf",
        "content_type": "earnings_press_release",
        "published_date": "2024-10-30",
        "fiscal_date": "2024-10-30",
        "fiscal_year": 2024,
        "fiscal_quarter": 3,
        "r2_url": "https://pub-2c783279b61043e19fbdadd1bee5153a.r2.dev/DAY/2024-10-30/a7ee6-2024-10-30-11-49-04/a7ee6-2024-10-30-11-49-04.pdf/a7ee6-2024-10-30-11-49-04.pdf",
        "periodicity": "periodic"
    },
    {
        "equity_ticker": "DAY",
        "geography": "US",
        "content_name": "Goldman Sachs Communacopia + Technology Conference - September 9, 2024",
        "file_type": "pdf",
        "content_type": "sellside_conference_transcript",
        "published_date": "2024-09-09",
        "fiscal_date": "2024-09-09",
        "fiscal_year": null,
        "fiscal_quarter": null,
        "r2_url": "https://pub-2c783279b61043e19fbdadd1bee5153a.r2.dev/DAY/2024-09-09/Dayforce%20Inc._2024-09-09_transcript/Dayforce%20Inc._2024-09-09_transcript.pdf/Dayforce%20Inc._2024-09-09_transcript.pdf",
        "periodicity": "non_periodic"
    },
    {
        "equity_ticker": "DAY",
        "geography": "US",
        "content_name": "DAY Q2 2024 Transcript",
        "file_type": "pdf",
        "content_type": "earnings_transcript",
        "published_date": "2024-07-31",
        "fiscal_date": "2024-07-31",
        "fiscal_year": 2024,
        "fiscal_quarter": 2,
        "r2_url": "https://pub-2c783279b61043e19fbdadd1bee5153a.r2.dev/DAY/2024-07-31/Dayforce%20Inc._2024-07-31_transcript/Dayforce%20Inc._2024-07-31_transcript.pdf/Dayforce%20Inc._2024-07-31_transcript.pdf",
        "periodicity": "periodic"
    },
    {
        "equity_ticker": "DAY",
        "geography": "US",
        "content_name": "J.P. Morgan 52nd Annual Global Technology, Media and Communications Conference - May 21, 2024",
        "file_type": "pdf",
        "content_type": "sellside_conference_transcript",
        "published_date": "2024-05-21",
        "fiscal_date": "2024-05-21",
        "fiscal_year": null,
        "fiscal_quarter": null,
        "r2_url": "https://pub-2c783279b61043e19fbdadd1bee5153a.r2.dev/DAY/2024-05-21/Dayforce%20Inc._2024-05-21_transcript/Dayforce%20Inc._2024-05-21_transcript.pdf/Dayforce%20Inc._2024-05-21_transcript.pdf",
        "periodicity": "non_periodic"
    },
    {
        "equity_ticker": "DAY",
        "geography": "US",
        "content_name": "DAY Q1 2024 Transcript",
        "file_type": "pdf",
        "content_type": "earnings_transcript",
        "published_date": "2024-05-01",
        "fiscal_date": "2024-05-01",
        "fiscal_year": 2024,
        "fiscal_quarter": 1,
        "r2_url": "https://pub-2c783279b61043e19fbdadd1bee5153a.r2.dev/DAY/2024-05-01/Dayforce%20Inc._2024-05-01_transcript/Dayforce%20Inc._2024-05-01_transcript.pdf/Dayforce%20Inc._2024-05-01_transcript.pdf",
        "periodicity": "periodic"
    },
    {
        "equity_ticker": "DAY",
        "geography": "US",
        "content_name": "DAY Q1 2024 Press Release",
        "file_type": "pdf",
        "content_type": "earnings_press_release",
        "published_date": "2024-05-01",
        "fiscal_date": "2024-05-01",
        "fiscal_year": 2024,
        "fiscal_quarter": 1,
        "r2_url": "https://pub-2c783279b61043e19fbdadd1bee5153a.r2.dev/DAY/2024-05-01/b88ac-2024-05-01-11-54-02/b88ac-2024-05-01-11-54-02.pdf/b88ac-2024-05-01-11-54-02.pdf",
        "periodicity": "periodic"
    },
    {
        "equity_ticker": "DAY",
        "geography": "US",
        "content_name": "DAY Q4 2023 Transcript",
        "file_type": "pdf",
        "content_type": "earnings_transcript",
        "published_date": "2024-02-07",
        "fiscal_date": "2024-02-07",
        "fiscal_year": 2023,
        "fiscal_quarter": 4,
        "r2_url": "https://pub-2c783279b61043e19fbdadd1bee5153a.r2.dev/DAY/2024-02-07/Dayforce%20Inc._2024-02-07_transcript/Dayforce%20Inc._2024-02-07_transcript.pdf/Dayforce%20Inc._2024-02-07_transcript.pdf",
        "periodicity": "periodic"
    },
    {
        "equity_ticker": "DAY",
        "geography": "US",
        "content_name": "DAY Q4 2023 Press Release",
        "file_type": "pdf",
        "content_type": "earnings_press_release",
        "published_date": "2024-02-07",
        "fiscal_date": "2024-02-07",
        "fiscal_year": 2023,
        "fiscal_quarter": 4,
        "r2_url": "https://pub-2c783279b61043e19fbdadd1bee5153a.r2.dev/DAY/2024-02-07/b20b4-2024-02-07-12-54-09/b20b4-2024-02-07-12-54-09.pdf/b20b4-2024-02-07-12-54-09.pdf",
        "periodicity": "periodic"
    },
    {
        "equity_ticker": "DAY",
        "geography": "US",
        "content_name": "UBS Global Technology Conference - November 28, 2023",
        "file_type": "pdf",
        "content_type": "sellside_conference_transcript",
        "published_date": "2023-11-28",
        "fiscal_date": "2023-11-28",
        "fiscal_year": null,
        "fiscal_quarter": null,
        "r2_url": "https://pub-2c783279b61043e19fbdadd1bee5153a.r2.dev/DAY/2023-11-28/Dayforce%20Inc._2023-11-28_transcript/Dayforce%20Inc._2023-11-28_transcript.pdf/Dayforce%20Inc._2023-11-28_transcript.pdf",
        "periodicity": "non_periodic"
    },
    {
        "equity_ticker": "DAY",
        "geography": "US",
        "content_name": "DAY Q3 2023 Transcript",
        "file_type": "pdf",
        "content_type": "earnings_transcript",
        "published_date": "2023-11-01",
        "fiscal_date": "2023-11-01",
        "fiscal_year": 2023,
        "fiscal_quarter": 3,
        "r2_url": "https://pub-2c783279b61043e19fbdadd1bee5153a.r2.dev/DAY/2023-11-01/Dayforce%20Inc._2023-11-01_transcript/Dayforce%20Inc._2023-11-01_transcript.pdf/Dayforce%20Inc._2023-11-01_transcript.pdf",
        "periodicity": "periodic"
    },
    {
        "equity_ticker": "DAY",
        "geography": "US",
        "content_name": "DAY Q3 2023 Press Release",
        "file_type": "pdf",
        "content_type": "earnings_press_release",
        "published_date": "2023-11-01",
        "fiscal_date": "2023-11-01",
        "fiscal_year": 2023,
        "fiscal_quarter": 3,
        "r2_url": "https://pub-2c783279b61043e19fbdadd1bee5153a.r2.dev/DAY/2023-11-01/4d27d-2023-11-01-12-10-04/4d27d-2023-11-01-12-10-04.pdf/4d27d-2023-11-01-12-10-04.pdf",
        "periodicity": "periodic"
    },
    {
        "equity_ticker": "DAY",
        "geography": "US",
        "content_name": "DAY Q2 2023 Transcript",
        "file_type": "pdf",
        "content_type": "earnings_transcript",
        "published_date": "2023-08-02",
        "fiscal_date": "2023-08-02",
        "fiscal_year": 2023,
        "fiscal_quarter": 2,
        "r2_url": "https://pub-2c783279b61043e19fbdadd1bee5153a.r2.dev/DAY/2023-08-02/Dayforce%20Inc._2023-08-02_transcript/Dayforce%20Inc._2023-08-02_transcript.pdf/Dayforce%20Inc._2023-08-02_transcript.pdf",
        "periodicity": "periodic"
    },
    {
        "equity_ticker": "DAY",
        "geography": "US",
        "content_name": "DAY Q2 2023 Press Release",
        "file_type": "pdf",
        "content_type": "earnings_press_release",
        "published_date": "2023-08-02",
        "fiscal_date": "2023-08-02",
        "fiscal_year": 2023,
        "fiscal_quarter": 2,
        "r2_url": "https://pub-2c783279b61043e19fbdadd1bee5153a.r2.dev/DAY/2023-08-02/9c10b-2023-08-02-08-13-34/9c10b-2023-08-02-08-13-34.pdf/9c10b-2023-08-02-08-13-34.pdf",
        "periodicity": "periodic"
    },
    {
        "equity_ticker": "DAY",
        "geography": "US",
        "content_name": "DAY Q1 2023 Transcript",
        "file_type": "pdf",
        "content_type": "earnings_transcript",
        "published_date": "2023-05-03",
        "fiscal_date": "2023-05-03",
        "fiscal_year": 2023,
        "fiscal_quarter": 1,
        "r2_url": "https://pub-2c783279b61043e19fbdadd1bee5153a.r2.dev/DAY/2023-05-03/Dayforce%20Inc._2023-05-03_transcript/Dayforce%20Inc._2023-05-03_transcript.pdf/Dayforce%20Inc._2023-05-03_transcript.pdf",
        "periodicity": "periodic"
    },
    {
        "equity_ticker": "DAY",
        "geography": "US",
        "content_name": "DAY Q1 2023 Press Release",
        "file_type": "pdf",
        "content_type": "earnings_press_release",
        "published_date": "2023-05-03",
        "fiscal_date": "2023-05-03",
        "fiscal_year": 2023,
        "fiscal_quarter": 1,
        "r2_url": "https://pub-2c783279b61043e19fbdadd1bee5153a.r2.dev/DAY/2023-05-03/05eb8-2023-05-03-08-29-28/05eb8-2023-05-03-08-29-28.pdf/05eb8-2023-05-03-08-29-28.pdf",
        "periodicity": "periodic"
    },
    {
        "equity_ticker": "DAY",
        "geography": "US",
        "content_name": "DAY Q4 2022 Transcript",
        "file_type": "pdf",
        "content_type": "earnings_transcript",
        "published_date": "2023-02-08",
        "fiscal_date": "2023-02-08",
        "fiscal_year": 2022,
        "fiscal_quarter": 4,
        "r2_url": "https://pub-2c783279b61043e19fbdadd1bee5153a.r2.dev/DAY/2023-02-08/Dayforce%20Inc._2023-02-08_transcript/Dayforce%20Inc._2023-02-08_transcript.pdf/Dayforce%20Inc._2023-02-08_transcript.pdf",
        "periodicity": "periodic"
    },
    {
        "equity_ticker": "DAY",
        "geography": "US",
        "content_name": "DAY Q4 2022 Press Release",
        "file_type": "pdf",
        "content_type": "earnings_press_release",
        "published_date": "2023-02-08",
        "fiscal_date": "2023-02-08",
        "fiscal_year": 2022,
        "fiscal_quarter": 4,
        "r2_url": "https://pub-2c783279b61043e19fbdadd1bee5153a.r2.dev/DAY/2023-02-08/4b4c5-2023-02-08-09-42-18/4b4c5-2023-02-08-09-42-18.pdf/4b4c5-2023-02-08-09-42-18.pdf",
        "periodicity": "periodic"
    },
    {
        "equity_ticker": "DAY",
        "geography": "US",
        "content_name": "DAY Q3 2022 Transcript",
        "file_type": "pdf",
        "content_type": "earnings_transcript",
        "published_date": "2022-11-02",
        "fiscal_date": "2022-11-02",
        "fiscal_year": 2022,
        "fiscal_quarter": 3,
        "r2_url": "https://pub-2c783279b61043e19fbdadd1bee5153a.r2.dev/DAY/2022-11-02/Dayforce%20Inc._2022-11-02_transcript/Dayforce%20Inc._2022-11-02_transcript.pdf/Dayforce%20Inc._2022-11-02_transcript.pdf",
        "periodicity": "periodic"
    },
    {
        "equity_ticker": "DAY",
        "geography": "US",
        "content_name": "DAY Q3 2022 Press Release",
        "file_type": "pdf",
        "content_type": "earnings_press_release",
        "published_date": "2022-11-02",
        "fiscal_date": "2022-11-02",
        "fiscal_year": 2022,
        "fiscal_quarter": 3,
        "r2_url": "https://pub-2c783279b61043e19fbdadd1bee5153a.r2.dev/DAY/2022-11-02/5078a-2022-11-02-08-04-33/5078a-2022-11-02-08-04-33.pdf/5078a-2022-11-02-08-04-33.pdf",
        "periodicity": "periodic"
    },
    {
        "equity_ticker": "DAY",
        "geography": "US",
        "content_name": "DAY Q2 2022 Transcript",
        "file_type": "pdf",
        "content_type": "earnings_transcript",
        "published_date": "2022-08-03",
        "fiscal_date": "2022-08-03",
        "fiscal_year": 2022,
        "fiscal_quarter": 2,
        "r2_url": "https://pub-2c783279b61043e19fbdadd1bee5153a.r2.dev/DAY/2022-08-03/Dayforce%20Inc._2022-08-03_transcript/Dayforce%20Inc._2022-08-03_transcript.pdf/Dayforce%20Inc._2022-08-03_transcript.pdf",
        "periodicity": "periodic"
    },
    {
        "equity_ticker": "DAY",
        "geography": "US",
        "content_name": "DAY Q2 2022 Press Release",
        "file_type": "pdf",
        "content_type": "earnings_press_release",
        "published_date": "2022-08-03",
        "fiscal_date": "2022-08-03",
        "fiscal_year": 2022,
        "fiscal_quarter": 2,
        "r2_url": "https://pub-2c783279b61043e19fbdadd1bee5153a.r2.dev/DAY/2022-08-03/ac126-2022-08-03-08-45-15/ac126-2022-08-03-08-45-15.pdf/ac126-2022-08-03-08-45-15.pdf",
        "periodicity": "periodic"
    },
    {
        "equity_ticker": "DAY",
        "geography": "US",
        "content_name": "DAY Q1 2022 Transcript",
        "file_type": "pdf",
        "content_type": "earnings_transcript",
        "published_date": "2022-05-04",
        "fiscal_date": "2022-05-04",
        "fiscal_year": 2022,
        "fiscal_quarter": 1,
        "r2_url": "https://pub-2c783279b61043e19fbdadd1bee5153a.r2.dev/DAY/2022-05-04/Dayforce%20Inc._2022-05-04_transcript/Dayforce%20Inc._2022-05-04_transcript.pdf/Dayforce%20Inc._2022-05-04_transcript.pdf",
        "periodicity": "periodic"
    },
    {
        "equity_ticker": "DAY",
        "geography": "US",
        "content_name": "DAY Q4 2021 Transcript",
        "file_type": "pdf",
        "content_type": "earnings_transcript",
        "published_date": "2022-02-09",
        "fiscal_date": "2022-02-09",
        "fiscal_year": 2021,
        "fiscal_quarter": 4,
        "r2_url": "https://pub-2c783279b61043e19fbdadd1bee5153a.r2.dev/DAY/2022-02-09/Dayforce%20Inc._2022-02-09_transcript/Dayforce%20Inc._2022-02-09_transcript.pdf/Dayforce%20Inc._2022-02-09_transcript.pdf",
        "periodicity": "periodic"
    },
    {
        "equity_ticker": "DAY",
        "geography": "US",
        "content_name": "DAY Q4 2021 Press Release",
        "file_type": "pdf",
        "content_type": "earnings_press_release",
        "published_date": "2022-02-09",
        "fiscal_date": "2022-02-09",
        "fiscal_year": 2021,
        "fiscal_quarter": 4,
        "r2_url": "https://pub-2c783279b61043e19fbdadd1bee5153a.r2.dev/DAY/2022-02-09/68c31-2023-01-25-12-04-25/68c31-2023-01-25-12-04-25.pdf/68c31-2023-01-25-12-04-25.pdf",
        "periodicity": "periodic"
    },
    {
        "equity_ticker": "DAY",
        "geography": "US",
        "content_name": "DAY Q3 2021 Transcript",
        "file_type": "pdf",
        "content_type": "earnings_transcript",
        "published_date": "2021-11-03",
        "fiscal_date": "2021-11-03",
        "fiscal_year": 2021,
        "fiscal_quarter": 3,
        "r2_url": "https://pub-2c783279b61043e19fbdadd1bee5153a.r2.dev/DAY/2021-11-03/Dayforce%20Inc._2021-11-03_transcript/Dayforce%20Inc._2021-11-03_transcript.pdf/Dayforce%20Inc._2021-11-03_transcript.pdf",
        "periodicity": "periodic"
    },
    {
        "equity_ticker": "DAY",
        "geography": "US",
        "content_name": "DAY Q2 2021 Transcript",
        "file_type": "pdf",
        "content_type": "earnings_transcript",
        "published_date": "2021-08-04",
        "fiscal_date": "2021-08-04",
        "fiscal_year": 2021,
        "fiscal_quarter": 2,
        "r2_url": "https://pub-2c783279b61043e19fbdadd1bee5153a.r2.dev/DAY/2021-08-04/Dayforce%20Inc._2021-08-04_transcript/Dayforce%20Inc._2021-08-04_transcript.pdf/Dayforce%20Inc._2021-08-04_transcript.pdf",
        "periodicity": "periodic"
    },
    {
        "equity_ticker": "DAY",
        "geography": "US",
        "content_name": "DAY Q1 2021 Transcript",
        "file_type": "pdf",
        "content_type": "earnings_transcript",
        "published_date": "2021-05-05",
        "fiscal_date": "2021-05-05",
        "fiscal_year": 2021,
        "fiscal_quarter": 1,
        "r2_url": "https://pub-2c783279b61043e19fbdadd1bee5153a.r2.dev/DAY/2021-05-05/Dayforce%20Inc._2021-05-05_transcript/Dayforce%20Inc._2021-05-05_transcript.pdf/Dayforce%20Inc._2021-05-05_transcript.pdf",
        "periodicity": "periodic"
    },
    {
        "equity_ticker": "DAY",
        "geography": "US",
        "content_name": "DAY Q1 2021 Press Release",
        "file_type": "pdf",
        "content_type": "earnings_press_release",
        "published_date": "2021-05-05",
        "fiscal_date": "2021-05-05",
        "fiscal_year": 2021,
        "fiscal_quarter": 1,
        "r2_url": "https://pub-2c783279b61043e19fbdadd1bee5153a.r2.dev/DAY/2021-05-05/5fc3f-2023-01-25-08-36-57/5fc3f-2023-01-25-08-36-57.pdf/5fc3f-2023-01-25-08-36-57.pdf",
        "periodicity": "periodic"
    },
    {
        "equity_ticker": "DAY",
        "geography": "US",
        "content_name": "DAY Q4 2020 Transcript",
        "file_type": "pdf",
        "content_type": "earnings_transcript",
        "published_date": "2021-02-09",
        "fiscal_date": "2021-02-09",
        "fiscal_year": 2020,
        "fiscal_quarter": 4,
        "r2_url": "https://pub-2c783279b61043e19fbdadd1bee5153a.r2.dev/DAY/2021-02-09/Dayforce%20Inc._2021-02-09_transcript/Dayforce%20Inc._2021-02-09_transcript.pdf/Dayforce%20Inc._2021-02-09_transcript.pdf",
        "periodicity": "periodic"
    },
    {
        "equity_ticker": "DAY",
        "geography": "US",
        "content_name": "DAY Q4 2020 Press Release",
        "file_type": "pdf",
        "content_type": "earnings_press_release",
        "published_date": "2021-02-09",
        "fiscal_date": "2021-02-09",
        "fiscal_year": 2020,
        "fiscal_quarter": 4,
        "r2_url": "https://pub-2c783279b61043e19fbdadd1bee5153a.r2.dev/DAY/2021-02-09/b72e2-2024-03-27-03-00-08/b72e2-2024-03-27-03-00-08.pdf/b72e2-2024-03-27-03-00-08.pdf",
        "periodicity": "periodic"
    },
    {
        "equity_ticker": "DAY",
        "geography": "US",
        "content_name": "DAY Q3 2020 Transcript",
        "file_type": "pdf",
        "content_type": "earnings_transcript",
        "published_date": "2020-11-05",
        "fiscal_date": "2020-11-05",
        "fiscal_year": 2020,
        "fiscal_quarter": 3,
        "r2_url": "https://pub-2c783279b61043e19fbdadd1bee5153a.r2.dev/DAY/2020-11-05/Dayforce%20Inc._2020-11-05_transcript/Dayforce%20Inc._2020-11-05_transcript.pdf/Dayforce%20Inc._2020-11-05_transcript.pdf",
        "periodicity": "periodic"
    },
    {
        "equity_ticker": "DAY",
        "geography": "US",
        "content_name": "DAY Q3 2020 Press Release",
        "file_type": "pdf",
        "content_type": "earnings_press_release",
        "published_date": "2020-11-05",
        "fiscal_date": "2020-11-05",
        "fiscal_year": 2020,
        "fiscal_quarter": 3,
        "r2_url": "https://pub-2c783279b61043e19fbdadd1bee5153a.r2.dev/DAY/2020-11-05/63c5d-2024-03-27-03-59-11/63c5d-2024-03-27-03-59-11.pdf/63c5d-2024-03-27-03-59-11.pdf",
        "periodicity": "periodic"
    },
    {
        "equity_ticker": "DAY",
        "geography": "US",
        "content_name": "DAY Q2 2020 Transcript",
        "file_type": "pdf",
        "content_type": "earnings_transcript",
        "published_date": "2020-08-05",
        "fiscal_date": "2020-08-05",
        "fiscal_year": 2020,
        "fiscal_quarter": 2,
        "r2_url": "https://pub-2c783279b61043e19fbdadd1bee5153a.r2.dev/DAY/2020-08-05/Dayforce%20Inc._2020-08-05_transcript/Dayforce%20Inc._2020-08-05_transcript.pdf/Dayforce%20Inc._2020-08-05_transcript.pdf",
        "periodicity": "periodic"
    },
    {
        "equity_ticker": "DAY",
        "geography": "US",
        "content_name": "DAY Q2 2020 Press Release",
        "file_type": "pdf",
        "content_type": "earnings_press_release",
        "published_date": "2020-08-05",
        "fiscal_date": "2020-08-05",
        "fiscal_year": 2020,
        "fiscal_quarter": 2,
        "r2_url": "https://pub-2c783279b61043e19fbdadd1bee5153a.r2.dev/DAY/2020-08-05/00bb4-2024-03-27-03-59-13/00bb4-2024-03-27-03-59-13.pdf/00bb4-2024-03-27-03-59-13.pdf",
        "periodicity": "periodic"
    },
    {
        "equity_ticker": "DAY",
        "geography": "US",
        "content_name": "DAY Q1 2020 Transcript",
        "file_type": "pdf",
        "content_type": "earnings_transcript",
        "published_date": "2020-05-06",
        "fiscal_date": "2020-05-06",
        "fiscal_year": 2020,
        "fiscal_quarter": 1,
        "r2_url": "https://pub-2c783279b61043e19fbdadd1bee5153a.r2.dev/DAY/2020-05-06/Dayforce%20Inc._2020-05-06_transcript/Dayforce%20Inc._2020-05-06_transcript.pdf/Dayforce%20Inc._2020-05-06_transcript.pdf",
        "periodicity": "periodic"
    },
    {
        "equity_ticker": "DAY",
        "geography": "US",
        "content_name": "DAY Q1 2020 Press Release",
        "file_type": "pdf",
        "content_type": "earnings_press_release",
        "published_date": "2020-05-06",
        "fiscal_date": "2020-05-06",
        "fiscal_year": 2020,
        "fiscal_quarter": 1,
        "r2_url": "https://pub-2c783279b61043e19fbdadd1bee5153a.r2.dev/DAY/2020-05-06/e2619-2024-03-27-03-34-15/e2619-2024-03-27-03-34-15.pdf/e2619-2024-03-27-03-34-15.pdf",
        "periodicity": "periodic"
    },
    {
        "equity_ticker": "DAY",
        "geography": "US",
        "content_name": "DAY Q4 2019 Transcript",
        "file_type": "pdf",
        "content_type": "earnings_transcript",
        "published_date": "2020-02-05",
        "fiscal_date": "2020-02-05",
        "fiscal_year": 2019,
        "fiscal_quarter": 4,
        "r2_url": "https://pub-2c783279b61043e19fbdadd1bee5153a.r2.dev/DAY/2020-02-05/Dayforce%20Inc._2020-02-05_transcript/Dayforce%20Inc._2020-02-05_transcript.pdf/Dayforce%20Inc._2020-02-05_transcript.pdf",
        "periodicity": "periodic"
    },
    {
        "equity_ticker": "DAY",
        "geography": "US",
        "content_name": "DAY Q4 2019 Press Release",
        "file_type": "pdf",
        "content_type": "earnings_press_release",
        "published_date": "2020-02-05",
        "fiscal_date": "2020-02-05",
        "fiscal_year": 2019,
        "fiscal_quarter": 4,
        "r2_url": "https://pub-2c783279b61043e19fbdadd1bee5153a.r2.dev/DAY/2020-02-05/d2b27-2024-03-27-03-49-16/d2b27-2024-03-27-03-49-16.pdf/d2b27-2024-03-27-03-49-16.pdf",
        "periodicity": "periodic"
    },
    {
        "equity_ticker": "DAY",
        "geography": "US",
        "content_name": "DAY Q3 2019 Transcript",
        "file_type": "pdf",
        "content_type": "earnings_transcript",
        "published_date": "2019-11-07",
        "fiscal_date": "2019-11-07",
        "fiscal_year": 2019,
        "fiscal_quarter": 3,
        "r2_url": "https://pub-2c783279b61043e19fbdadd1bee5153a.r2.dev/DAY/2019-11-07/Dayforce%20Inc._2019-11-07_transcript/Dayforce%20Inc._2019-11-07_transcript.pdf/Dayforce%20Inc._2019-11-07_transcript.pdf",
        "periodicity": "periodic"
    },
    {
        "equity_ticker": "DAY",
        "geography": "US",
        "content_name": "DAY Q3 2019 Press Release",
        "file_type": "pdf",
        "content_type": "earnings_press_release",
        "published_date": "2019-11-07",
        "fiscal_date": "2019-11-07",
        "fiscal_year": 2019,
        "fiscal_quarter": 3,
        "r2_url": "https://pub-2c783279b61043e19fbdadd1bee5153a.r2.dev/DAY/2019-11-07/3e4c7-2024-03-27-03-28-20/3e4c7-2024-03-27-03-28-20.pdf/3e4c7-2024-03-27-03-28-20.pdf",
        "periodicity": "periodic"
    },
    {
        "equity_ticker": "DAY",
        "geography": "US",
        "content_name": "DAY Q2 2019 Transcript",
        "file_type": "pdf",
        "content_type": "earnings_transcript",
        "published_date": "2019-07-30",
        "fiscal_date": "2019-07-30",
        "fiscal_year": 2019,
        "fiscal_quarter": 2,
        "r2_url": "https://pub-2c783279b61043e19fbdadd1bee5153a.r2.dev/DAY/2019-07-30/Dayforce%20Inc._2019-07-30_transcript/Dayforce%20Inc._2019-07-30_transcript.pdf/Dayforce%20Inc._2019-07-30_transcript.pdf",
        "periodicity": "periodic"
    },
    {
        "equity_ticker": "DAY",
        "geography": "US",
        "content_name": "DAY Q2 2019 Press Release",
        "file_type": "pdf",
        "content_type": "earnings_press_release",
        "published_date": "2019-07-30",
        "fiscal_date": "2019-07-30",
        "fiscal_year": 2019,
        "fiscal_quarter": 2,
        "r2_url": "https://pub-2c783279b61043e19fbdadd1bee5153a.r2.dev/DAY/2019-07-30/edd72-2024-03-27-03-02-23/edd72-2024-03-27-03-02-23.pdf/edd72-2024-03-27-03-02-23.pdf",
        "periodicity": "periodic"
    },
    {
        "equity_ticker": "DAY",
        "geography": "US",
        "content_name": "DAY Q1 2019 Transcript",
        "file_type": "pdf",
        "content_type": "earnings_transcript",
        "published_date": "2019-05-01",
        "fiscal_date": "2019-05-01",
        "fiscal_year": 2019,
        "fiscal_quarter": 1,
        "r2_url": "https://pub-2c783279b61043e19fbdadd1bee5153a.r2.dev/DAY/2019-05-01/Dayforce%20Inc._2019-05-01_transcript/Dayforce%20Inc._2019-05-01_transcript.pdf/Dayforce%20Inc._2019-05-01_transcript.pdf",
        "periodicity": "periodic"
    },
    {
        "equity_ticker": "DAY",
        "geography": "US",
        "content_name": "DAY Q1 2019 Press Release",
        "file_type": "pdf",
        "content_type": "earnings_press_release",
        "published_date": "2019-05-01",
        "fiscal_date": "2019-05-01",
        "fiscal_year": 2019,
        "fiscal_quarter": 1,
        "r2_url": "https://pub-2c783279b61043e19fbdadd1bee5153a.r2.dev/DAY/2019-05-01/55fcf-2024-03-27-03-01-25/55fcf-2024-03-27-03-01-25.pdf/55fcf-2024-03-27-03-01-25.pdf",
        "periodicity": "periodic"
    },
    {
        "equity_ticker": "DAY",
        "geography": "US",
        "content_name": "DAY Q4 2018 Transcript",
        "file_type": "pdf",
        "content_type": "earnings_transcript",
        "published_date": "2019-02-06",
        "fiscal_date": "2019-02-06",
        "fiscal_year": 2018,
        "fiscal_quarter": 4,
        "r2_url": "https://pub-2c783279b61043e19fbdadd1bee5153a.r2.dev/DAY/2019-02-06/Dayforce%20Inc._2019-02-06_transcript/Dayforce%20Inc._2019-02-06_transcript.pdf/Dayforce%20Inc._2019-02-06_transcript.pdf",
        "periodicity": "periodic"
    },
    {
        "equity_ticker": "DAY",
        "geography": "US",
        "content_name": "DAY Q4 2018 Press Release",
        "file_type": "pdf",
        "content_type": "earnings_press_release",
        "published_date": "2019-02-06",
        "fiscal_date": "2019-02-06",
        "fiscal_year": 2018,
        "fiscal_quarter": 4,
        "r2_url": "https://pub-2c783279b61043e19fbdadd1bee5153a.r2.dev/DAY/2019-02-06/2be60-2024-03-27-03-30-26/2be60-2024-03-27-03-30-26.pdf/2be60-2024-03-27-03-30-26.pdf",
        "periodicity": "periodic"
    },
    {
        "equity_ticker": "DAY",
        "geography": "US",
        "content_name": "DAY Q3 2018 Transcript",
        "file_type": "pdf",
        "content_type": "earnings_transcript",
        "published_date": "2018-10-29",
        "fiscal_date": "2018-10-29",
        "fiscal_year": 2018,
        "fiscal_quarter": 3,
        "r2_url": "https://pub-2c783279b61043e19fbdadd1bee5153a.r2.dev/DAY/2018-10-29/Dayforce%20Inc._2018-10-29_transcript/Dayforce%20Inc._2018-10-29_transcript.pdf/Dayforce%20Inc._2018-10-29_transcript.pdf",
        "periodicity": "periodic"
    },
    {
        "equity_ticker": "DAY",
        "geography": "US",
        "content_name": "DAY Q3 2018 Press Release",
        "file_type": "pdf",
        "content_type": "earnings_press_release",
        "published_date": "2018-10-29",
        "fiscal_date": "2018-10-29",
        "fiscal_year": 2018,
        "fiscal_quarter": 3,
        "r2_url": "https://pub-2c783279b61043e19fbdadd1bee5153a.r2.dev/DAY/2018-10-29/2a974-2024-03-27-03-31-27/2a974-2024-03-27-03-31-27.pdf/2a974-2024-03-27-03-31-27.pdf",
        "periodicity": "periodic"
    },
    {
        "equity_ticker": "DAY",
        "geography": "US",
        "content_name": "DAY Q2 2018 Transcript",
        "file_type": "pdf",
        "content_type": "earnings_transcript",
        "published_date": "2018-08-09",
        "fiscal_date": "2018-08-09",
        "fiscal_year": 2018,
        "fiscal_quarter": 2,
        "r2_url": "https://pub-2c783279b61043e19fbdadd1bee5153a.r2.dev/DAY/2018-08-09/Dayforce%20Inc._2018-08-09_transcript/Dayforce%20Inc._2018-08-09_transcript.pdf/Dayforce%20Inc._2018-08-09_transcript.pdf",
        "periodicity": "periodic"
    },
    {
        "equity_ticker": "DAY",
        "geography": "US",
        "content_name": "DAY Q2 2018 Press Release",
        "file_type": "pdf",
        "content_type": "earnings_press_release",
        "published_date": "2018-08-09",
        "fiscal_date": "2018-08-09",
        "fiscal_year": 2018,
        "fiscal_quarter": 2,
        "r2_url": "https://pub-2c783279b61043e19fbdadd1bee5153a.r2.dev/DAY/2018-08-09/ba138-2024-03-27-03-39-28/ba138-2024-03-27-03-39-28.pdf/ba138-2024-03-27-03-39-28.pdf",
        "periodicity": "periodic"
    },
    {
        "equity_ticker": "DAY",
        "geography": "US",
        "content_name": "DAY Q1 2018 Transcript",
        "file_type": "pdf",
        "content_type": "earnings_transcript",
        "published_date": "2018-05-22",
        "fiscal_date": "2018-05-22",
        "fiscal_year": 2018,
        "fiscal_quarter": 1,
        "r2_url": "https://pub-2c783279b61043e19fbdadd1bee5153a.r2.dev/DAY/2018-05-22/Dayforce%20Inc._2018-05-22_transcript/Dayforce%20Inc._2018-05-22_transcript.pdf/Dayforce%20Inc._2018-05-22_transcript.pdf",
        "periodicity": "periodic"
    },
    {
        "equity_ticker": "DAY",
        "geography": "US",
        "content_name": "DAY Q1 2018 Press Release",
        "file_type": "pdf",
        "content_type": "earnings_press_release",
        "published_date": "2018-05-22",
        "fiscal_date": "2018-05-22",
        "fiscal_year": 2018,
        "fiscal_quarter": 1,
        "r2_url": "https://pub-2c783279b61043e19fbdadd1bee5153a.r2.dev/DAY/2018-05-22/809e2-2024-03-27-03-17-30/809e2-2024-03-27-03-17-30.pdf/809e2-2024-03-27-03-17-30.pdf",
        "periodicity": "periodic"
    },
    {
        "equity_ticker": "DAY",
        "geography": "US",
        "content_name": "DAY Q4 2024 10-K",
        "file_type": "pdf",
        "content_type": "annual_report",
        "published_date": "2025-02-28",
        "fiscal_date": "2024-12-31",
        "fiscal_year": 2024,
        "fiscal_quarter": 4,
        "r2_url": "https://pub-2c783279b61043e19fbdadd1bee5153a.r2.dev/DAY/2025-02-28/day-20241231.htm/day-20241231.pdf",
        "periodicity": "periodic"
    },
    {
        "equity_ticker": "DAY",
        "geography": "US",
        "content_name": "DAY Q3 2024 10-Q",
        "file_type": "pdf",
        "content_type": "quarterly_report",
        "published_date": "2024-10-30",
        "fiscal_date": "2024-09-30",
        "fiscal_year": 2024,
        "fiscal_quarter": 3,
        "r2_url": "https://pub-2c783279b61043e19fbdadd1bee5153a.r2.dev/DAY/2024-10-30/day-20240930.htm/day-20240930.pdf",
        "periodicity": "periodic"
    },
    {
        "equity_ticker": "DAY",
        "geography": "US",
        "content_name": "DAY Q2 2024 10-Q",
        "file_type": "pdf",
        "content_type": "quarterly_report",
        "published_date": "2024-07-31",
        "fiscal_date": "2024-06-30",
        "fiscal_year": 2024,
        "fiscal_quarter": 2,
        "r2_url": "https://pub-2c783279b61043e19fbdadd1bee5153a.r2.dev/DAY/2024-07-31/day-20240630.htm/day-20240630.pdf",
        "periodicity": "periodic"
    },
    {
        "equity_ticker": "DAY",
        "geography": "US",
        "content_name": "DAY Q1 2024 10-Q",
        "file_type": "pdf",
        "content_type": "quarterly_report",
        "published_date": "2024-05-01",
        "fiscal_date": "2024-03-31",
        "fiscal_year": 2024,
        "fiscal_quarter": 1,
        "r2_url": "https://pub-2c783279b61043e19fbdadd1bee5153a.r2.dev/DAY/2024-05-01/day-20240331.htm/day-20240331.pdf",
        "periodicity": "periodic"
    },
    {
        "equity_ticker": "DAY",
        "geography": "US",
        "content_name": "DAY Q4 2023 10-K",
        "file_type": "pdf",
        "content_type": "annual_report",
        "published_date": "2024-02-28",
        "fiscal_date": "2023-12-31",
        "fiscal_year": 2023,
        "fiscal_quarter": 4,
        "r2_url": "https://pub-2c783279b61043e19fbdadd1bee5153a.r2.dev/DAY/2024-02-28/day-20231231.htm/day-20231231.pdf",
        "periodicity": "periodic"
    },
    {
        "equity_ticker": "DAY",
        "geography": "US",
        "content_name": "DAY Q3 2023 10-Q",
        "file_type": "pdf",
        "content_type": "quarterly_report",
        "published_date": "2023-11-13",
        "fiscal_date": "2023-09-30",
        "fiscal_year": 2023,
        "fiscal_quarter": 3,
        "r2_url": "https://pub-2c783279b61043e19fbdadd1bee5153a.r2.dev/DAY/2023-11-13/cday-20230930.htm/cday-20230930.pdf",
        "periodicity": "periodic"
    },
    {
        "equity_ticker": "DAY",
        "geography": "US",
        "content_name": "DAY Q2 2023 10-Q",
        "file_type": "pdf",
        "content_type": "quarterly_report",
        "published_date": "2023-08-02",
        "fiscal_date": "2023-06-30",
        "fiscal_year": 2023,
        "fiscal_quarter": 2,
        "r2_url": "https://pub-2c783279b61043e19fbdadd1bee5153a.r2.dev/DAY/2023-08-02/cday-20230630.htm/cday-20230630.pdf",
        "periodicity": "periodic"
    },
    {
        "equity_ticker": "DAY",
        "geography": "US",
        "content_name": "DAY Q1 2023 10-Q",
        "file_type": "pdf",
        "content_type": "quarterly_report",
        "published_date": "2023-05-03",
        "fiscal_date": "2023-03-31",
        "fiscal_year": 2023,
        "fiscal_quarter": 1,
        "r2_url": "https://pub-2c783279b61043e19fbdadd1bee5153a.r2.dev/DAY/2023-05-03/cday-20230331.htm/cday-20230331.pdf",
        "periodicity": "periodic"
    },
    {
        "equity_ticker": "DAY",
        "geography": "US",
        "content_name": "DAY Q4 2022 10-K",
        "file_type": "pdf",
        "content_type": "annual_report",
        "published_date": "2023-03-01",
        "fiscal_date": "2022-12-31",
        "fiscal_year": 2022,
        "fiscal_quarter": 4,
        "r2_url": "https://pub-2c783279b61043e19fbdadd1bee5153a.r2.dev/DAY/2023-03-01/cday-20221231.htm/cday-20221231.pdf",
        "periodicity": "periodic"
    },
    {
        "equity_ticker": "DAY",
        "geography": "US",
        "content_name": "DAY Q3 2022 10-Q",
        "file_type": "pdf",
        "content_type": "quarterly_report",
        "published_date": "2022-11-02",
        "fiscal_date": "2022-09-30",
        "fiscal_year": 2022,
        "fiscal_quarter": 3,
        "r2_url": "https://pub-2c783279b61043e19fbdadd1bee5153a.r2.dev/DAY/2022-11-02/cday-20220930.htm/cday-20220930.pdf",
        "periodicity": "periodic"
    },
    {
        "equity_ticker": "DAY",
        "geography": "US",
        "content_name": "DAY Q2 2022 10-Q",
        "file_type": "pdf",
        "content_type": "quarterly_report",
        "published_date": "2022-08-03",
        "fiscal_date": "2022-06-30",
        "fiscal_year": 2022,
        "fiscal_quarter": 2,
        "r2_url": "https://pub-2c783279b61043e19fbdadd1bee5153a.r2.dev/DAY/2022-08-03/cday-20220630.htm/cday-20220630.pdf",
        "periodicity": "periodic"
    },
    {
        "equity_ticker": "DAY",
        "geography": "US",
        "content_name": "DAY Q1 2022 10-Q",
        "file_type": "pdf",
        "content_type": "quarterly_report",
        "published_date": "2022-05-04",
        "fiscal_date": "2022-03-31",
        "fiscal_year": 2022,
        "fiscal_quarter": 1,
        "r2_url": "https://pub-2c783279b61043e19fbdadd1bee5153a.r2.dev/DAY/2022-05-04/cday-20220331.htm/cday-20220331.pdf",
        "periodicity": "periodic"
    },
    {
        "equity_ticker": "DAY",
        "geography": "US",
        "content_name": "DAY Q4 2021 10-K",
        "file_type": "pdf",
        "content_type": "annual_report",
        "published_date": "2022-02-25",
        "fiscal_date": "2021-12-31",
        "fiscal_year": 2021,
        "fiscal_quarter": 4,
        "r2_url": "https://pub-2c783279b61043e19fbdadd1bee5153a.r2.dev/DAY/2022-02-25/cday-20211231.htm/cday-20211231.pdf",
        "periodicity": "periodic"
    },
    {
        "equity_ticker": "DAY",
        "geography": "US",
        "content_name": "DAY Q3 2021 10-Q",
        "file_type": "pdf",
        "content_type": "quarterly_report",
        "published_date": "2021-11-03",
        "fiscal_date": "2021-09-30",
        "fiscal_year": 2021,
        "fiscal_quarter": 3,
        "r2_url": "https://pub-2c783279b61043e19fbdadd1bee5153a.r2.dev/DAY/2021-11-03/cday-10q_20210930.htm/cday-10q_20210930.pdf",
        "periodicity": "periodic"
    },
    {
        "equity_ticker": "DAY",
        "geography": "US",
        "content_name": "DAY Q2 2021 10-Q",
        "file_type": "pdf",
        "content_type": "quarterly_report",
        "published_date": "2021-08-04",
        "fiscal_date": "2021-06-30",
        "fiscal_year": 2021,
        "fiscal_quarter": 2,
        "r2_url": "https://pub-2c783279b61043e19fbdadd1bee5153a.r2.dev/DAY/2021-08-04/cday-10q_20210630.htm/cday-10q_20210630.pdf",
        "periodicity": "periodic"
    },
    {
        "equity_ticker": "DAY",
        "geography": "US",
        "content_name": "DAY Q1 2021 10-Q",
        "file_type": "pdf",
        "content_type": "quarterly_report",
        "published_date": "2021-05-05",
        "fiscal_date": "2021-03-31",
        "fiscal_year": 2021,
        "fiscal_quarter": 1,
        "r2_url": "https://pub-2c783279b61043e19fbdadd1bee5153a.r2.dev/DAY/2021-05-05/cday-10q_20210331.htm/cday-10q_20210331.pdf",
        "periodicity": "periodic"
    },
    {
        "equity_ticker": "DAY",
        "geography": "US",
        "content_name": "DAY Q4 2020 10-K",
        "file_type": "pdf",
        "content_type": "annual_report",
        "published_date": "2021-02-26",
        "fiscal_date": "2020-12-31",
        "fiscal_year": 2020,
        "fiscal_quarter": 4,
        "r2_url": "https://pub-2c783279b61043e19fbdadd1bee5153a.r2.dev/DAY/2021-02-26/cday-10k_20201231.htm/cday-10k_20201231.pdf",
        "periodicity": "periodic"
    },
    {
        "equity_ticker": "DAY",
        "geography": "US",
        "content_name": "DAY Q3 2020 10-Q",
        "file_type": "pdf",
        "content_type": "quarterly_report",
        "published_date": "2020-11-05",
        "fiscal_date": "2020-09-30",
        "fiscal_year": 2020,
        "fiscal_quarter": 3,
        "r2_url": "https://pub-2c783279b61043e19fbdadd1bee5153a.r2.dev/DAY/2020-11-05/cday-10q_20200930.htm/cday-10q_20200930.pdf",
        "periodicity": "periodic"
    },
    {
        "equity_ticker": "DAY",
        "geography": "US",
        "content_name": "DAY Q2 2020 10-Q",
        "file_type": "pdf",
        "content_type": "quarterly_report",
        "published_date": "2020-08-05",
        "fiscal_date": "2020-06-30",
        "fiscal_year": 2020,
        "fiscal_quarter": 2,
        "r2_url": "https://pub-2c783279b61043e19fbdadd1bee5153a.r2.dev/DAY/2020-08-05/cday-10q_20200630.htm/ix.pdf",
        "periodicity": "periodic"
    },
    {
        "equity_ticker": "DAY",
        "geography": "US",
        "content_name": "DAY Q1 2020 10-Q",
        "file_type": "pdf",
        "content_type": "quarterly_report",
        "published_date": "2020-05-06",
        "fiscal_date": "2020-03-31",
        "fiscal_year": 2020,
        "fiscal_quarter": 1,
        "r2_url": "https://pub-2c783279b61043e19fbdadd1bee5153a.r2.dev/DAY/2020-05-06/cday-10q_20200331.htm/ix.pdf",
        "periodicity": "periodic"
    },
    {
        "equity_ticker": "DAY",
        "geography": "US",
        "content_name": "DAY Q4 2019 10-K",
        "file_type": "pdf",
        "content_type": "annual_report",
        "published_date": "2020-02-28",
        "fiscal_date": "2019-12-31",
        "fiscal_year": 2019,
        "fiscal_quarter": 4,
        "r2_url": "https://pub-2c783279b61043e19fbdadd1bee5153a.r2.dev/DAY/2020-02-28/cday-10k_20191231.htm/cday-10k_20191231.pdf",
        "periodicity": "periodic"
    },
    {
        "equity_ticker": "DAY",
        "geography": "US",
        "content_name": "DAY Q3 2019 10-Q",
        "file_type": "pdf",
        "content_type": "quarterly_report",
        "published_date": "2019-11-07",
        "fiscal_date": "2019-09-30",
        "fiscal_year": 2019,
        "fiscal_quarter": 3,
        "r2_url": "https://pub-2c783279b61043e19fbdadd1bee5153a.r2.dev/DAY/2019-11-07/cday-10q_20190930.htm/cday-10q_20190930.pdf",
        "periodicity": "periodic"
    },
    {
        "equity_ticker": "DAY",
        "geography": "US",
        "content_name": "DAY Q2 2019 10-Q",
        "file_type": "pdf",
        "content_type": "quarterly_report",
        "published_date": "2019-07-30",
        "fiscal_date": "2019-06-30",
        "fiscal_year": 2019,
        "fiscal_quarter": 2,
        "r2_url": "https://pub-2c783279b61043e19fbdadd1bee5153a.r2.dev/DAY/2019-07-30/cday-10q_20190630.htm/cday-10q_20190630.pdf",
        "periodicity": "periodic"
    },
    {
        "equity_ticker": "DAY",
        "geography": "US",
        "content_name": "DAY Q1 2019 10-Q",
        "file_type": "pdf",
        "content_type": "quarterly_report",
        "published_date": "2019-05-01",
        "fiscal_date": "2019-03-31",
        "fiscal_year": 2019,
        "fiscal_quarter": 1,
        "r2_url": "https://pub-2c783279b61043e19fbdadd1bee5153a.r2.dev/DAY/2019-05-01/cday-10q_20190331.htm/cday-10q_20190331.pdf",
        "periodicity": "periodic"
    },
    {
        "equity_ticker": "DAY",
        "geography": "US",
        "content_name": "DAY Q4 2018 10-K",
        "file_type": "pdf",
        "content_type": "annual_report",
        "published_date": "2019-02-28",
        "fiscal_date": "2018-12-31",
        "fiscal_year": 2018,
        "fiscal_quarter": 4,
        "r2_url": "https://pub-2c783279b61043e19fbdadd1bee5153a.r2.dev/DAY/2019-02-28/cday-10k_20181231.htm/cday-10k_20181231.pdf",
        "periodicity": "periodic"
    },
    {
        "equity_ticker": "DAY",
        "geography": "US",
        "content_name": "DAY Q3 2018 10-Q",
        "file_type": "pdf",
        "content_type": "quarterly_report",
        "published_date": "2018-10-29",
        "fiscal_date": "2018-09-30",
        "fiscal_year": 2018,
        "fiscal_quarter": 3,
        "r2_url": "https://pub-2c783279b61043e19fbdadd1bee5153a.r2.dev/DAY/2018-10-29/cday-10q_20180930.htm/cday-10q_20180930.pdf",
        "periodicity": "periodic"
    },
    {
        "equity_ticker": "DAY",
        "geography": "US",
        "content_name": "DAY Q2 2018 10-Q",
        "file_type": "pdf",
        "content_type": "quarterly_report",
        "published_date": "2018-08-09",
        "fiscal_date": "2018-06-30",
        "fiscal_year": 2018,
        "fiscal_quarter": 2,
        "r2_url": "https://pub-2c783279b61043e19fbdadd1bee5153a.r2.dev/DAY/2018-08-09/d703472d10q.htm/d703472d10q.pdf",
        "periodicity": "periodic"
    },
    {
        "equity_ticker": "DAY",
        "geography": "US",
        "content_name": "DAY Q1 2018 10-Q",
        "file_type": "pdf",
        "content_type": "quarterly_report",
        "published_date": "2018-05-24",
        "fiscal_date": "2018-03-31",
        "fiscal_year": 2018,
        "fiscal_quarter": 1,
        "r2_url": "https://pub-2c783279b61043e19fbdadd1bee5153a.r2.dev/DAY/2018-05-24/d574762d10q.htm/d574762d10q.pdf",
        "periodicity": "periodic"
    }
]