[
    {
        "equity_ticker": "DBX",
        "geography": "US",
        "content_name": "DBX Q4 2024 Transcript",
        "file_type": "pdf",
        "content_type": "earnings_transcript",
        "published_date": "2025-02-20",
        "fiscal_date": "2025-02-20",
        "fiscal_year": 2024,
        "fiscal_quarter": 4,
        "r2_url": "https://pub-2c783279b61043e19fbdadd1bee5153a.r2.dev/DBX/2025-02-20/Dropbox%2C%20Inc._2025-02-20_transcript/Dropbox%2C%20Inc._2025-02-20_transcript.pdf/Dropbox%2C%20Inc._2025-02-20_transcript.pdf",
        "periodicity": "periodic"
    },
    {
        "equity_ticker": "DBX",
        "geography": "US",
        "content_name": "DBX Q4 2024 Press Release",
        "file_type": "pdf",
        "content_type": "earnings_press_release",
        "published_date": "2025-02-20",
        "fiscal_date": "2025-02-20",
        "fiscal_year": 2024,
        "fiscal_quarter": 4,
        "r2_url": "https://pub-2c783279b61043e19fbdadd1bee5153a.r2.dev/DBX/2025-02-20/c010e-2025-02-20-09-16-07/c010e-2025-02-20-09-16-07.pdf/c010e-2025-02-20-09-16-07.pdf",
        "periodicity": "periodic"
    },
    {
        "equity_ticker": "DBX",
        "geography": "US",
        "content_name": "UBS Global Technology and AI Conference - December 3, 2024",
        "file_type": "pdf",
        "content_type": "sellside_conference_transcript",
        "published_date": "2024-12-03",
        "fiscal_date": "2024-12-03",
        "fiscal_year": null,
        "fiscal_quarter": null,
        "r2_url": "https://pub-2c783279b61043e19fbdadd1bee5153a.r2.dev/DBX/2024-12-03/Dropbox%2C%20Inc._2024-12-03_transcript/Dropbox%2C%20Inc._2024-12-03_transcript.pdf/Dropbox%2C%20Inc._2024-12-03_transcript.pdf",
        "periodicity": "non_periodic"
    },
    {
        "equity_ticker": "DBX",
        "geography": "US",
        "content_name": "DBX Q3 2024 Transcript",
        "file_type": "pdf",
        "content_type": "earnings_transcript",
        "published_date": "2024-11-07",
        "fiscal_date": "2024-11-07",
        "fiscal_year": 2024,
        "fiscal_quarter": 3,
        "r2_url": "https://pub-2c783279b61043e19fbdadd1bee5153a.r2.dev/DBX/2024-11-07/Dropbox%2C%20Inc._2024-11-07_transcript/Dropbox%2C%20Inc._2024-11-07_transcript.pdf/Dropbox%2C%20Inc._2024-11-07_transcript.pdf",
        "periodicity": "periodic"
    },
    {
        "equity_ticker": "DBX",
        "geography": "US",
        "content_name": "DBX Q3 2024 Press Release",
        "file_type": "pdf",
        "content_type": "earnings_press_release",
        "published_date": "2024-11-07",
        "fiscal_date": "2024-11-07",
        "fiscal_year": 2024,
        "fiscal_quarter": 3,
        "r2_url": "https://pub-2c783279b61043e19fbdadd1bee5153a.r2.dev/DBX/2024-11-07/e6de0-2024-11-07-09-12-08/e6de0-2024-11-07-09-12-08.pdf/e6de0-2024-11-07-09-12-08.pdf",
        "periodicity": "periodic"
    },
    {
        "equity_ticker": "DBX",
        "geography": "US",
        "content_name": "DBX Q3 2024 Presentation",
        "file_type": "pdf",
        "content_type": "earnings_presentation",
        "published_date": "2024-11-07",
        "fiscal_date": "2024-11-07",
        "fiscal_year": 2024,
        "fiscal_quarter": 3,
        "r2_url": "https://pub-2c783279b61043e19fbdadd1bee5153a.r2.dev/DBX/2024-11-07/09537-2024-11-07-10-12-36/09537-2024-11-07-10-12-36.pdf/09537-2024-11-07-10-12-36.pdf",
        "periodicity": "periodic"
    },
    {
        "equity_ticker": "DBX",
        "geography": "US",
        "content_name": "DBX Q2 2024 Transcript",
        "file_type": "pdf",
        "content_type": "earnings_transcript",
        "published_date": "2024-08-08",
        "fiscal_date": "2024-08-08",
        "fiscal_year": 2024,
        "fiscal_quarter": 2,
        "r2_url": "https://pub-2c783279b61043e19fbdadd1bee5153a.r2.dev/DBX/2024-08-08/Dropbox%2C%20Inc._2024-08-08_transcript/Dropbox%2C%20Inc._2024-08-08_transcript.pdf/Dropbox%2C%20Inc._2024-08-08_transcript.pdf",
        "periodicity": "periodic"
    },
    {
        "equity_ticker": "DBX",
        "geography": "US",
        "content_name": "DBX Q2 2024 Press Release",
        "file_type": "pdf",
        "content_type": "earnings_press_release",
        "published_date": "2024-08-08",
        "fiscal_date": "2024-08-08",
        "fiscal_year": 2024,
        "fiscal_quarter": 2,
        "r2_url": "https://pub-2c783279b61043e19fbdadd1bee5153a.r2.dev/DBX/2024-08-08/1590c-2024-08-08-08-22-10/1590c-2024-08-08-08-22-10.pdf/1590c-2024-08-08-08-22-10.pdf",
        "periodicity": "periodic"
    },
    {
        "equity_ticker": "DBX",
        "geography": "US",
        "content_name": "DBX Q2 2024 Presentation",
        "file_type": "pdf",
        "content_type": "earnings_presentation",
        "published_date": "2024-08-08",
        "fiscal_date": "2024-08-08",
        "fiscal_year": 2024,
        "fiscal_quarter": 2,
        "r2_url": "https://pub-2c783279b61043e19fbdadd1bee5153a.r2.dev/DBX/2024-08-08/ca601-2024-08-08-08-44-54/ca601-2024-08-08-08-44-54.pdf/ca601-2024-08-08-08-44-54.pdf",
        "periodicity": "periodic"
    },
    {
        "equity_ticker": "DBX",
        "geography": "US",
        "content_name": "DBX Q1 2024 Transcript",
        "file_type": "pdf",
        "content_type": "earnings_transcript",
        "published_date": "2024-05-09",
        "fiscal_date": "2024-05-09",
        "fiscal_year": 2024,
        "fiscal_quarter": 1,
        "r2_url": "https://pub-2c783279b61043e19fbdadd1bee5153a.r2.dev/DBX/2024-05-09/Dropbox%2C%20Inc._2024-05-09_transcript/Dropbox%2C%20Inc._2024-05-09_transcript.pdf/Dropbox%2C%20Inc._2024-05-09_transcript.pdf",
        "periodicity": "periodic"
    },
    {
        "equity_ticker": "DBX",
        "geography": "US",
        "content_name": "DBX Q1 2024 Press Release",
        "file_type": "pdf",
        "content_type": "earnings_press_release",
        "published_date": "2024-05-09",
        "fiscal_date": "2024-05-09",
        "fiscal_year": 2024,
        "fiscal_quarter": 1,
        "r2_url": "https://pub-2c783279b61043e19fbdadd1bee5153a.r2.dev/DBX/2024-05-09/14476-2024-05-09-08-44-09/14476-2024-05-09-08-44-09.pdf/14476-2024-05-09-08-44-09.pdf",
        "periodicity": "periodic"
    },
    {
        "equity_ticker": "DBX",
        "geography": "US",
        "content_name": "DBX Q1 2024 Presentation",
        "file_type": "pdf",
        "content_type": "earnings_presentation",
        "published_date": "2024-05-09",
        "fiscal_date": "2024-05-09",
        "fiscal_year": 2024,
        "fiscal_quarter": 1,
        "r2_url": "https://pub-2c783279b61043e19fbdadd1bee5153a.r2.dev/DBX/2024-05-09/33f5f-2024-05-09-08-48-33/33f5f-2024-05-09-08-48-33.pdf/33f5f-2024-05-09-08-48-33.pdf",
        "periodicity": "periodic"
    },
    {
        "equity_ticker": "DBX",
        "geography": "US",
        "content_name": "DBX Q4 2023 Transcript",
        "file_type": "pdf",
        "content_type": "earnings_transcript",
        "published_date": "2024-02-15",
        "fiscal_date": "2024-02-15",
        "fiscal_year": 2023,
        "fiscal_quarter": 4,
        "r2_url": "https://pub-2c783279b61043e19fbdadd1bee5153a.r2.dev/DBX/2024-02-15/Dropbox%2C%20Inc._2024-02-15_transcript/Dropbox%2C%20Inc._2024-02-15_transcript.pdf/Dropbox%2C%20Inc._2024-02-15_transcript.pdf",
        "periodicity": "periodic"
    },
    {
        "equity_ticker": "DBX",
        "geography": "US",
        "content_name": "DBX Q4 2023 Press Release",
        "file_type": "pdf",
        "content_type": "earnings_press_release",
        "published_date": "2024-02-15",
        "fiscal_date": "2024-02-15",
        "fiscal_year": 2023,
        "fiscal_quarter": 4,
        "r2_url": "https://pub-2c783279b61043e19fbdadd1bee5153a.r2.dev/DBX/2024-02-15/1b92a-2024-02-15-09-04-22/1b92a-2024-02-15-09-04-22.pdf/1b92a-2024-02-15-09-04-22.pdf",
        "periodicity": "periodic"
    },
    {
        "equity_ticker": "DBX",
        "geography": "US",
        "content_name": "DBX Q4 2023 Presentation",
        "file_type": "pdf",
        "content_type": "earnings_presentation",
        "published_date": "2024-02-15",
        "fiscal_date": "2024-02-15",
        "fiscal_year": 2023,
        "fiscal_quarter": 4,
        "r2_url": "https://pub-2c783279b61043e19fbdadd1bee5153a.r2.dev/DBX/2024-02-15/9d339-2024-02-15-09-34-22/9d339-2024-02-15-09-34-22.pdf/9d339-2024-02-15-09-34-22.pdf",
        "periodicity": "periodic"
    },
    {
        "equity_ticker": "DBX",
        "geography": "US",
        "content_name": "DBX Q3 2023 Transcript",
        "file_type": "pdf",
        "content_type": "earnings_transcript",
        "published_date": "2023-11-02",
        "fiscal_date": "2023-11-02",
        "fiscal_year": 2023,
        "fiscal_quarter": 3,
        "r2_url": "https://pub-2c783279b61043e19fbdadd1bee5153a.r2.dev/DBX/2023-11-02/Dropbox%2C%20Inc._2023-11-02_transcript/Dropbox%2C%20Inc._2023-11-02_transcript.pdf/Dropbox%2C%20Inc._2023-11-02_transcript.pdf",
        "periodicity": "periodic"
    },
    {
        "equity_ticker": "DBX",
        "geography": "US",
        "content_name": "DBX Q3 2023 Press Release",
        "file_type": "pdf",
        "content_type": "earnings_press_release",
        "published_date": "2023-11-02",
        "fiscal_date": "2023-11-02",
        "fiscal_year": 2023,
        "fiscal_quarter": 3,
        "r2_url": "https://pub-2c783279b61043e19fbdadd1bee5153a.r2.dev/DBX/2023-11-02/c8e5c-2023-11-02-08-00-09/c8e5c-2023-11-02-08-00-09.pdf/c8e5c-2023-11-02-08-00-09.pdf",
        "periodicity": "periodic"
    },
    {
        "equity_ticker": "DBX",
        "geography": "US",
        "content_name": "DBX Q3 2023 Presentation",
        "file_type": "pdf",
        "content_type": "earnings_presentation",
        "published_date": "2023-11-02",
        "fiscal_date": "2023-11-02",
        "fiscal_year": 2023,
        "fiscal_quarter": 3,
        "r2_url": "https://pub-2c783279b61043e19fbdadd1bee5153a.r2.dev/DBX/2023-11-02/84691-2023-11-02-08-04-30/84691-2023-11-02-08-04-30.pdf/84691-2023-11-02-08-04-30.pdf",
        "periodicity": "periodic"
    },
    {
        "equity_ticker": "DBX",
        "geography": "US",
        "content_name": "Goldman Sachs Communacopia & Technology Conference - September 5, 2023",
        "file_type": "pdf",
        "content_type": "sellside_conference_transcript",
        "published_date": "2023-09-05",
        "fiscal_date": "2023-09-05",
        "fiscal_year": null,
        "fiscal_quarter": null,
        "r2_url": "https://pub-2c783279b61043e19fbdadd1bee5153a.r2.dev/DBX/2023-09-05/Dropbox%2C%20Inc._2023-09-05_transcript/Dropbox%2C%20Inc._2023-09-05_transcript.pdf/Dropbox%2C%20Inc._2023-09-05_transcript.pdf",
        "periodicity": "non_periodic"
    },
    {
        "equity_ticker": "DBX",
        "geography": "US",
        "content_name": "DBX Q2 2023 Transcript",
        "file_type": "pdf",
        "content_type": "earnings_transcript",
        "published_date": "2023-08-03",
        "fiscal_date": "2023-08-03",
        "fiscal_year": 2023,
        "fiscal_quarter": 2,
        "r2_url": "https://pub-2c783279b61043e19fbdadd1bee5153a.r2.dev/DBX/2023-08-03/Dropbox%2C%20Inc._2023-08-03_transcript/Dropbox%2C%20Inc._2023-08-03_transcript.pdf/Dropbox%2C%20Inc._2023-08-03_transcript.pdf",
        "periodicity": "periodic"
    },
    {
        "equity_ticker": "DBX",
        "geography": "US",
        "content_name": "DBX Q2 2023 Press Release",
        "file_type": "pdf",
        "content_type": "earnings_press_release",
        "published_date": "2023-08-03",
        "fiscal_date": "2023-08-03",
        "fiscal_year": 2023,
        "fiscal_quarter": 2,
        "r2_url": "https://pub-2c783279b61043e19fbdadd1bee5153a.r2.dev/DBX/2023-08-03/20bf9-2023-08-03-08-12-14/20bf9-2023-08-03-08-12-14.pdf/20bf9-2023-08-03-08-12-14.pdf",
        "periodicity": "periodic"
    },
    {
        "equity_ticker": "DBX",
        "geography": "US",
        "content_name": "DBX Q2 2023 Presentation",
        "file_type": "pdf",
        "content_type": "earnings_presentation",
        "published_date": "2023-08-03",
        "fiscal_date": "2023-08-03",
        "fiscal_year": 2023,
        "fiscal_quarter": 2,
        "r2_url": "https://pub-2c783279b61043e19fbdadd1bee5153a.r2.dev/DBX/2023-08-03/26feb-2023-08-03-08-59-19/26feb-2023-08-03-08-59-19.pdf/26feb-2023-08-03-08-59-19.pdf",
        "periodicity": "periodic"
    },
    {
        "equity_ticker": "DBX",
        "geography": "US",
        "content_name": "51st Annual J.P. Morgan\u2019s Global Technology, Media and Communications Conference 2023 - May 22, 2023",
        "file_type": "pdf",
        "content_type": "sellside_conference_transcript",
        "published_date": "2023-05-22",
        "fiscal_date": "2023-05-22",
        "fiscal_year": null,
        "fiscal_quarter": null,
        "r2_url": "https://pub-2c783279b61043e19fbdadd1bee5153a.r2.dev/DBX/2023-05-22/Dropbox%2C%20Inc._2023-05-22_transcript/Dropbox%2C%20Inc._2023-05-22_transcript.pdf/Dropbox%2C%20Inc._2023-05-22_transcript.pdf",
        "periodicity": "non_periodic"
    },
    {
        "equity_ticker": "DBX",
        "geography": "US",
        "content_name": "DBX Q1 2023 Transcript",
        "file_type": "pdf",
        "content_type": "earnings_transcript",
        "published_date": "2023-05-04",
        "fiscal_date": "2023-05-04",
        "fiscal_year": 2023,
        "fiscal_quarter": 1,
        "r2_url": "https://pub-2c783279b61043e19fbdadd1bee5153a.r2.dev/DBX/2023-05-04/Dropbox%2C%20Inc._2023-05-04_transcript/Dropbox%2C%20Inc._2023-05-04_transcript.pdf/Dropbox%2C%20Inc._2023-05-04_transcript.pdf",
        "periodicity": "periodic"
    },
    {
        "equity_ticker": "DBX",
        "geography": "US",
        "content_name": "DBX Q1 2023 Press Release",
        "file_type": "pdf",
        "content_type": "earnings_press_release",
        "published_date": "2023-05-04",
        "fiscal_date": "2023-05-04",
        "fiscal_year": 2023,
        "fiscal_quarter": 1,
        "r2_url": "https://pub-2c783279b61043e19fbdadd1bee5153a.r2.dev/DBX/2023-05-04/925d9-2023-05-04-08-26-11/925d9-2023-05-04-08-26-11.pdf/925d9-2023-05-04-08-26-11.pdf",
        "periodicity": "periodic"
    },
    {
        "equity_ticker": "DBX",
        "geography": "US",
        "content_name": "DBX Q4 2022 Transcript",
        "file_type": "pdf",
        "content_type": "earnings_transcript",
        "published_date": "2023-02-16",
        "fiscal_date": "2023-02-16",
        "fiscal_year": 2022,
        "fiscal_quarter": 4,
        "r2_url": "https://pub-2c783279b61043e19fbdadd1bee5153a.r2.dev/DBX/2023-02-16/Dropbox%2C%20Inc._2023-02-16_transcript/Dropbox%2C%20Inc._2023-02-16_transcript.pdf/Dropbox%2C%20Inc._2023-02-16_transcript.pdf",
        "periodicity": "periodic"
    },
    {
        "equity_ticker": "DBX",
        "geography": "US",
        "content_name": "DBX Q4 2022 Press Release",
        "file_type": "pdf",
        "content_type": "earnings_press_release",
        "published_date": "2023-02-16",
        "fiscal_date": "2023-02-16",
        "fiscal_year": 2022,
        "fiscal_quarter": 4,
        "r2_url": "https://pub-2c783279b61043e19fbdadd1bee5153a.r2.dev/DBX/2023-02-16/9bd7b-2023-02-16-09-34-07/9bd7b-2023-02-16-09-34-07.pdf/9bd7b-2023-02-16-09-34-07.pdf",
        "periodicity": "periodic"
    },
    {
        "equity_ticker": "DBX",
        "geography": "US",
        "content_name": "DBX Q3 2022 Transcript",
        "file_type": "pdf",
        "content_type": "earnings_transcript",
        "published_date": "2022-11-03",
        "fiscal_date": "2022-11-03",
        "fiscal_year": 2022,
        "fiscal_quarter": 3,
        "r2_url": "https://pub-2c783279b61043e19fbdadd1bee5153a.r2.dev/DBX/2022-11-03/Dropbox%2C%20Inc._2022-11-03_transcript/Dropbox%2C%20Inc._2022-11-03_transcript.pdf/Dropbox%2C%20Inc._2022-11-03_transcript.pdf",
        "periodicity": "periodic"
    },
    {
        "equity_ticker": "DBX",
        "geography": "US",
        "content_name": "DBX Q3 2022 Press Release",
        "file_type": "pdf",
        "content_type": "earnings_press_release",
        "published_date": "2022-11-03",
        "fiscal_date": "2022-11-03",
        "fiscal_year": 2022,
        "fiscal_quarter": 3,
        "r2_url": "https://pub-2c783279b61043e19fbdadd1bee5153a.r2.dev/DBX/2022-11-03/1fb68-2022-11-03-08-27-07/1fb68-2022-11-03-08-27-07.pdf/1fb68-2022-11-03-08-27-07.pdf",
        "periodicity": "periodic"
    },
    {
        "equity_ticker": "DBX",
        "geography": "US",
        "content_name": "DBX Q3 2022 Presentation",
        "file_type": "pdf",
        "content_type": "earnings_presentation",
        "published_date": "2022-11-03",
        "fiscal_date": "2022-11-03",
        "fiscal_year": 2022,
        "fiscal_quarter": 3,
        "r2_url": "https://pub-2c783279b61043e19fbdadd1bee5153a.r2.dev/DBX/2022-11-03/52b88-2022-11-03-09-54-10/52b88-2022-11-03-09-54-10.pdf/52b88-2022-11-03-09-54-10.pdf",
        "periodicity": "periodic"
    },
    {
        "equity_ticker": "DBX",
        "geography": "US",
        "content_name": "DBX Q2 2022 Transcript",
        "file_type": "pdf",
        "content_type": "earnings_transcript",
        "published_date": "2022-08-04",
        "fiscal_date": "2022-08-04",
        "fiscal_year": 2022,
        "fiscal_quarter": 2,
        "r2_url": "https://pub-2c783279b61043e19fbdadd1bee5153a.r2.dev/DBX/2022-08-04/Dropbox%2C%20Inc._2022-08-04_transcript/Dropbox%2C%20Inc._2022-08-04_transcript.pdf/Dropbox%2C%20Inc._2022-08-04_transcript.pdf",
        "periodicity": "periodic"
    },
    {
        "equity_ticker": "DBX",
        "geography": "US",
        "content_name": "DBX Q2 2022 Press Release",
        "file_type": "pdf",
        "content_type": "earnings_press_release",
        "published_date": "2022-08-04",
        "fiscal_date": "2022-08-04",
        "fiscal_year": 2022,
        "fiscal_quarter": 2,
        "r2_url": "https://pub-2c783279b61043e19fbdadd1bee5153a.r2.dev/DBX/2022-08-04/3fb7b-2022-08-04-08-42-34/3fb7b-2022-08-04-08-42-34.pdf/3fb7b-2022-08-04-08-42-34.pdf",
        "periodicity": "periodic"
    },
    {
        "equity_ticker": "DBX",
        "geography": "US",
        "content_name": "DBX Q2 2022 Presentation",
        "file_type": "pdf",
        "content_type": "earnings_presentation",
        "published_date": "2022-08-04",
        "fiscal_date": "2022-08-04",
        "fiscal_year": 2022,
        "fiscal_quarter": 2,
        "r2_url": "https://pub-2c783279b61043e19fbdadd1bee5153a.r2.dev/DBX/2022-08-04/0e1ee-2022-08-05-12-19-53/0e1ee-2022-08-05-12-19-53.pdf/0e1ee-2022-08-05-12-19-53.pdf",
        "periodicity": "periodic"
    },
    {
        "equity_ticker": "DBX",
        "geography": "US",
        "content_name": "DBX Q1 2022 Transcript",
        "file_type": "pdf",
        "content_type": "earnings_transcript",
        "published_date": "2022-05-05",
        "fiscal_date": "2022-05-05",
        "fiscal_year": 2022,
        "fiscal_quarter": 1,
        "r2_url": "https://pub-2c783279b61043e19fbdadd1bee5153a.r2.dev/DBX/2022-05-05/Dropbox%2C%20Inc._2022-05-05_transcript/Dropbox%2C%20Inc._2022-05-05_transcript.pdf/Dropbox%2C%20Inc._2022-05-05_transcript.pdf",
        "periodicity": "periodic"
    },
    {
        "equity_ticker": "DBX",
        "geography": "US",
        "content_name": "DBX Q1 2022 Press Release",
        "file_type": "pdf",
        "content_type": "earnings_press_release",
        "published_date": "2022-05-05",
        "fiscal_date": "2022-05-05",
        "fiscal_year": 2022,
        "fiscal_quarter": 1,
        "r2_url": "https://pub-2c783279b61043e19fbdadd1bee5153a.r2.dev/DBX/2022-05-05/e7b74-2023-01-25-02-38-33/e7b74-2023-01-25-02-38-33.pdf/e7b74-2023-01-25-02-38-33.pdf",
        "periodicity": "periodic"
    },
    {
        "equity_ticker": "DBX",
        "geography": "US",
        "content_name": "DBX Q1 2022 Presentation",
        "file_type": "pdf",
        "content_type": "earnings_presentation",
        "published_date": "2022-05-05",
        "fiscal_date": "2022-05-05",
        "fiscal_year": 2022,
        "fiscal_quarter": 1,
        "r2_url": "https://pub-2c783279b61043e19fbdadd1bee5153a.r2.dev/DBX/2022-05-05/69147-2022-05-28-02-48-32/69147-2022-05-28-02-48-32.pdf/69147-2022-05-28-02-48-32.pdf",
        "periodicity": "periodic"
    },
    {
        "equity_ticker": "DBX",
        "geography": "US",
        "content_name": "DBX Q4 2021 Transcript",
        "file_type": "pdf",
        "content_type": "earnings_transcript",
        "published_date": "2022-02-17",
        "fiscal_date": "2022-02-17",
        "fiscal_year": 2021,
        "fiscal_quarter": 4,
        "r2_url": "https://pub-2c783279b61043e19fbdadd1bee5153a.r2.dev/DBX/2022-02-17/Dropbox%2C%20Inc._2022-02-17_transcript/Dropbox%2C%20Inc._2022-02-17_transcript.pdf/Dropbox%2C%20Inc._2022-02-17_transcript.pdf",
        "periodicity": "periodic"
    },
    {
        "equity_ticker": "DBX",
        "geography": "US",
        "content_name": "DBX Q4 2021 Press Release",
        "file_type": "pdf",
        "content_type": "earnings_press_release",
        "published_date": "2022-02-17",
        "fiscal_date": "2022-02-17",
        "fiscal_year": 2021,
        "fiscal_quarter": 4,
        "r2_url": "https://pub-2c783279b61043e19fbdadd1bee5153a.r2.dev/DBX/2022-02-17/db237-2023-01-25-12-11-28/db237-2023-01-25-12-11-28.pdf/db237-2023-01-25-12-11-28.pdf",
        "periodicity": "periodic"
    },
    {
        "equity_ticker": "DBX",
        "geography": "US",
        "content_name": "DBX Q4 2021 Presentation",
        "file_type": "pdf",
        "content_type": "earnings_presentation",
        "published_date": "2022-02-17",
        "fiscal_date": "2022-02-17",
        "fiscal_year": 2021,
        "fiscal_quarter": 4,
        "r2_url": "https://pub-2c783279b61043e19fbdadd1bee5153a.r2.dev/DBX/2022-02-17/d0015-2022-02-17-03-41-34-migrated/d0015-2022-02-17-03-41-34-migrated.pdf/d0015-2022-02-17-03-41-34-migrated.pdf",
        "periodicity": "periodic"
    },
    {
        "equity_ticker": "DBX",
        "geography": "US",
        "content_name": "DBX Q3 2021 Transcript",
        "file_type": "pdf",
        "content_type": "earnings_transcript",
        "published_date": "2021-11-04",
        "fiscal_date": "2021-11-04",
        "fiscal_year": 2021,
        "fiscal_quarter": 3,
        "r2_url": "https://pub-2c783279b61043e19fbdadd1bee5153a.r2.dev/DBX/2021-11-04/Dropbox%2C%20Inc._2021-11-04_transcript/Dropbox%2C%20Inc._2021-11-04_transcript.pdf/Dropbox%2C%20Inc._2021-11-04_transcript.pdf",
        "periodicity": "periodic"
    },
    {
        "equity_ticker": "DBX",
        "geography": "US",
        "content_name": "DBX Q3 2021 Press Release",
        "file_type": "pdf",
        "content_type": "earnings_press_release",
        "published_date": "2021-11-04",
        "fiscal_date": "2021-11-04",
        "fiscal_year": 2021,
        "fiscal_quarter": 3,
        "r2_url": "https://pub-2c783279b61043e19fbdadd1bee5153a.r2.dev/DBX/2021-11-04/3efcd-2023-01-25-10-39-21/3efcd-2023-01-25-10-39-21.pdf/3efcd-2023-01-25-10-39-21.pdf",
        "periodicity": "periodic"
    },
    {
        "equity_ticker": "DBX",
        "geography": "US",
        "content_name": "DBX Q2 2021 Transcript",
        "file_type": "pdf",
        "content_type": "earnings_transcript",
        "published_date": "2021-08-05",
        "fiscal_date": "2021-08-05",
        "fiscal_year": 2021,
        "fiscal_quarter": 2,
        "r2_url": "https://pub-2c783279b61043e19fbdadd1bee5153a.r2.dev/DBX/2021-08-05/Dropbox%2C%20Inc._2021-08-05_transcript/Dropbox%2C%20Inc._2021-08-05_transcript.pdf/Dropbox%2C%20Inc._2021-08-05_transcript.pdf",
        "periodicity": "periodic"
    },
    {
        "equity_ticker": "DBX",
        "geography": "US",
        "content_name": "DBX Q2 2021 Press Release",
        "file_type": "pdf",
        "content_type": "earnings_press_release",
        "published_date": "2021-08-05",
        "fiscal_date": "2021-08-05",
        "fiscal_year": 2021,
        "fiscal_quarter": 2,
        "r2_url": "https://pub-2c783279b61043e19fbdadd1bee5153a.r2.dev/DBX/2021-08-05/835b3-2023-01-25-09-32-03/835b3-2023-01-25-09-32-03.pdf/835b3-2023-01-25-09-32-03.pdf",
        "periodicity": "periodic"
    },
    {
        "equity_ticker": "DBX",
        "geography": "US",
        "content_name": "DBX Q2 2021 Presentation",
        "file_type": "pdf",
        "content_type": "earnings_presentation",
        "published_date": "2021-08-05",
        "fiscal_date": "2021-08-05",
        "fiscal_year": 2021,
        "fiscal_quarter": 2,
        "r2_url": "https://pub-2c783279b61043e19fbdadd1bee5153a.r2.dev/DBX/2021-08-05/fa686-2021-08-05-06-00-20-migrated/fa686-2021-08-05-06-00-20-migrated.pdf/fa686-2021-08-05-06-00-20-migrated.pdf",
        "periodicity": "periodic"
    },
    {
        "equity_ticker": "DBX",
        "geography": "US",
        "content_name": "DBX Q1 2021 Transcript",
        "file_type": "pdf",
        "content_type": "earnings_transcript",
        "published_date": "2021-05-06",
        "fiscal_date": "2021-05-06",
        "fiscal_year": 2021,
        "fiscal_quarter": 1,
        "r2_url": "https://pub-2c783279b61043e19fbdadd1bee5153a.r2.dev/DBX/2021-05-06/Dropbox%2C%20Inc._2021-05-06_transcript/Dropbox%2C%20Inc._2021-05-06_transcript.pdf/Dropbox%2C%20Inc._2021-05-06_transcript.pdf",
        "periodicity": "periodic"
    },
    {
        "equity_ticker": "DBX",
        "geography": "US",
        "content_name": "DBX Q1 2021 Press Release",
        "file_type": "pdf",
        "content_type": "earnings_press_release",
        "published_date": "2021-05-06",
        "fiscal_date": "2021-05-06",
        "fiscal_year": 2021,
        "fiscal_quarter": 1,
        "r2_url": "https://pub-2c783279b61043e19fbdadd1bee5153a.r2.dev/DBX/2021-05-06/522df-2023-01-25-10-43-02/522df-2023-01-25-10-43-02.pdf/522df-2023-01-25-10-43-02.pdf",
        "periodicity": "periodic"
    },
    {
        "equity_ticker": "DBX",
        "geography": "US",
        "content_name": "DBX Q1 2021 Presentation",
        "file_type": "pdf",
        "content_type": "earnings_presentation",
        "published_date": "2021-05-06",
        "fiscal_date": "2021-05-06",
        "fiscal_year": 2021,
        "fiscal_quarter": 1,
        "r2_url": "https://pub-2c783279b61043e19fbdadd1bee5153a.r2.dev/DBX/2021-05-06/254a4-2021-05-06-01-00-04-migrated/254a4-2021-05-06-01-00-04-migrated.pdf/254a4-2021-05-06-01-00-04-migrated.pdf",
        "periodicity": "periodic"
    },
    {
        "equity_ticker": "DBX",
        "geography": "US",
        "content_name": "DBX Q4 2020 Transcript",
        "file_type": "pdf",
        "content_type": "earnings_transcript",
        "published_date": "2021-02-18",
        "fiscal_date": "2021-02-18",
        "fiscal_year": 2020,
        "fiscal_quarter": 4,
        "r2_url": "https://pub-2c783279b61043e19fbdadd1bee5153a.r2.dev/DBX/2021-02-18/Dropbox%2C%20Inc._2021-02-18_transcript/Dropbox%2C%20Inc._2021-02-18_transcript.pdf/Dropbox%2C%20Inc._2021-02-18_transcript.pdf",
        "periodicity": "periodic"
    },
    {
        "equity_ticker": "DBX",
        "geography": "US",
        "content_name": "DBX Q4 2020 Press Release",
        "file_type": "pdf",
        "content_type": "earnings_press_release",
        "published_date": "2021-02-18",
        "fiscal_date": "2021-02-18",
        "fiscal_year": 2020,
        "fiscal_quarter": 4,
        "r2_url": "https://pub-2c783279b61043e19fbdadd1bee5153a.r2.dev/DBX/2021-02-18/5a27c-2023-01-25-09-42-05/5a27c-2023-01-25-09-42-05.pdf/5a27c-2023-01-25-09-42-05.pdf",
        "periodicity": "periodic"
    },
    {
        "equity_ticker": "DBX",
        "geography": "US",
        "content_name": "DBX Q4 2020 Presentation",
        "file_type": "pdf",
        "content_type": "earnings_presentation",
        "published_date": "2021-02-18",
        "fiscal_date": "2021-02-18",
        "fiscal_year": 2020,
        "fiscal_quarter": 4,
        "r2_url": "https://pub-2c783279b61043e19fbdadd1bee5153a.r2.dev/DBX/2021-02-18/eb0e9-2021-02-18-09-00-28-migrated/eb0e9-2021-02-18-09-00-28-migrated.pdf/eb0e9-2021-02-18-09-00-28-migrated.pdf",
        "periodicity": "periodic"
    },
    {
        "equity_ticker": "DBX",
        "geography": "US",
        "content_name": "DBX Q3 2020 Transcript",
        "file_type": "pdf",
        "content_type": "earnings_transcript",
        "published_date": "2020-11-05",
        "fiscal_date": "2020-11-05",
        "fiscal_year": 2020,
        "fiscal_quarter": 3,
        "r2_url": "https://pub-2c783279b61043e19fbdadd1bee5153a.r2.dev/DBX/2020-11-05/Dropbox%2C%20Inc._2020-11-05_transcript/Dropbox%2C%20Inc._2020-11-05_transcript.pdf/Dropbox%2C%20Inc._2020-11-05_transcript.pdf",
        "periodicity": "periodic"
    },
    {
        "equity_ticker": "DBX",
        "geography": "US",
        "content_name": "DBX Q3 2020 Press Release",
        "file_type": "pdf",
        "content_type": "earnings_press_release",
        "published_date": "2020-11-05",
        "fiscal_date": "2020-11-05",
        "fiscal_year": 2020,
        "fiscal_quarter": 3,
        "r2_url": "https://pub-2c783279b61043e19fbdadd1bee5153a.r2.dev/DBX/2020-11-05/7f247-2022-09-30-10-55-39/7f247-2022-09-30-10-55-39.pdf/7f247-2022-09-30-10-55-39.pdf",
        "periodicity": "periodic"
    },
    {
        "equity_ticker": "DBX",
        "geography": "US",
        "content_name": "DBX Q2 2020 Transcript",
        "file_type": "pdf",
        "content_type": "earnings_transcript",
        "published_date": "2020-08-06",
        "fiscal_date": "2020-08-06",
        "fiscal_year": 2020,
        "fiscal_quarter": 2,
        "r2_url": "https://pub-2c783279b61043e19fbdadd1bee5153a.r2.dev/DBX/2020-08-06/Dropbox%2C%20Inc._2020-08-06_transcript/Dropbox%2C%20Inc._2020-08-06_transcript.pdf/Dropbox%2C%20Inc._2020-08-06_transcript.pdf",
        "periodicity": "periodic"
    },
    {
        "equity_ticker": "DBX",
        "geography": "US",
        "content_name": "DBX Q2 2020 Press Release",
        "file_type": "pdf",
        "content_type": "earnings_press_release",
        "published_date": "2020-08-06",
        "fiscal_date": "2020-08-06",
        "fiscal_year": 2020,
        "fiscal_quarter": 2,
        "r2_url": "https://pub-2c783279b61043e19fbdadd1bee5153a.r2.dev/DBX/2020-08-06/fd416-2022-09-30-10-59-42/fd416-2022-09-30-10-59-42.pdf/fd416-2022-09-30-10-59-42.pdf",
        "periodicity": "periodic"
    },
    {
        "equity_ticker": "DBX",
        "geography": "US",
        "content_name": "DBX Q2 2020 Presentation",
        "file_type": "pdf",
        "content_type": "earnings_presentation",
        "published_date": "2020-08-06",
        "fiscal_date": "2020-08-06",
        "fiscal_year": 2020,
        "fiscal_quarter": 2,
        "r2_url": "https://pub-2c783279b61043e19fbdadd1bee5153a.r2.dev/DBX/2020-08-06/49811-2022-09-30-10-08-43/49811-2022-09-30-10-08-43.pdf/49811-2022-09-30-10-08-43.pdf",
        "periodicity": "periodic"
    },
    {
        "equity_ticker": "DBX",
        "geography": "US",
        "content_name": "DBX Q1 2020 Transcript",
        "file_type": "pdf",
        "content_type": "earnings_transcript",
        "published_date": "2020-05-07",
        "fiscal_date": "2020-05-07",
        "fiscal_year": 2020,
        "fiscal_quarter": 1,
        "r2_url": "https://pub-2c783279b61043e19fbdadd1bee5153a.r2.dev/DBX/2020-05-07/Dropbox%2C%20Inc._2020-05-07_transcript/Dropbox%2C%20Inc._2020-05-07_transcript.pdf/Dropbox%2C%20Inc._2020-05-07_transcript.pdf",
        "periodicity": "periodic"
    },
    {
        "equity_ticker": "DBX",
        "geography": "US",
        "content_name": "DBX Q1 2020 Press Release",
        "file_type": "pdf",
        "content_type": "earnings_press_release",
        "published_date": "2020-05-07",
        "fiscal_date": "2020-05-07",
        "fiscal_year": 2020,
        "fiscal_quarter": 1,
        "r2_url": "https://pub-2c783279b61043e19fbdadd1bee5153a.r2.dev/DBX/2020-05-07/021f4-2022-09-30-10-59-51/021f4-2022-09-30-10-59-51.pdf/021f4-2022-09-30-10-59-51.pdf",
        "periodicity": "periodic"
    },
    {
        "equity_ticker": "DBX",
        "geography": "US",
        "content_name": "DBX Q1 2020 Presentation",
        "file_type": "pdf",
        "content_type": "earnings_presentation",
        "published_date": "2020-05-07",
        "fiscal_date": "2020-05-07",
        "fiscal_year": 2020,
        "fiscal_quarter": 1,
        "r2_url": "https://pub-2c783279b61043e19fbdadd1bee5153a.r2.dev/DBX/2020-05-07/feba1-2022-09-30-10-14-52/feba1-2022-09-30-10-14-52.pdf/feba1-2022-09-30-10-14-52.pdf",
        "periodicity": "periodic"
    },
    {
        "equity_ticker": "DBX",
        "geography": "US",
        "content_name": "DBX Q4 2019 Transcript",
        "file_type": "pdf",
        "content_type": "earnings_transcript",
        "published_date": "2020-02-20",
        "fiscal_date": "2020-02-20",
        "fiscal_year": 2019,
        "fiscal_quarter": 4,
        "r2_url": "https://pub-2c783279b61043e19fbdadd1bee5153a.r2.dev/DBX/2020-02-20/Dropbox%2C%20Inc._2020-02-20_transcript/Dropbox%2C%20Inc._2020-02-20_transcript.pdf/Dropbox%2C%20Inc._2020-02-20_transcript.pdf",
        "periodicity": "periodic"
    },
    {
        "equity_ticker": "DBX",
        "geography": "US",
        "content_name": "DBX Q4 2019 Press Release",
        "file_type": "pdf",
        "content_type": "earnings_press_release",
        "published_date": "2020-02-20",
        "fiscal_date": "2020-02-20",
        "fiscal_year": 2019,
        "fiscal_quarter": 4,
        "r2_url": "https://pub-2c783279b61043e19fbdadd1bee5153a.r2.dev/DBX/2020-02-20/d8eb1-2022-10-04-09-29-25/d8eb1-2022-10-04-09-29-25.pdf/d8eb1-2022-10-04-09-29-25.pdf",
        "periodicity": "periodic"
    },
    {
        "equity_ticker": "DBX",
        "geography": "US",
        "content_name": "DBX Q4 2019 Presentation",
        "file_type": "pdf",
        "content_type": "earnings_presentation",
        "published_date": "2020-02-20",
        "fiscal_date": "2020-02-20",
        "fiscal_year": 2019,
        "fiscal_quarter": 4,
        "r2_url": "https://pub-2c783279b61043e19fbdadd1bee5153a.r2.dev/DBX/2020-02-20/37ce8-2022-10-04-09-29-25/37ce8-2022-10-04-09-29-25.pdf/37ce8-2022-10-04-09-29-25.pdf",
        "periodicity": "periodic"
    },
    {
        "equity_ticker": "DBX",
        "geography": "US",
        "content_name": "DBX Q3 2019 Transcript",
        "file_type": "pdf",
        "content_type": "earnings_transcript",
        "published_date": "2019-11-07",
        "fiscal_date": "2019-11-07",
        "fiscal_year": 2019,
        "fiscal_quarter": 3,
        "r2_url": "https://pub-2c783279b61043e19fbdadd1bee5153a.r2.dev/DBX/2019-11-07/Dropbox%2C%20Inc._2019-11-07_transcript/Dropbox%2C%20Inc._2019-11-07_transcript.pdf/Dropbox%2C%20Inc._2019-11-07_transcript.pdf",
        "periodicity": "periodic"
    },
    {
        "equity_ticker": "DBX",
        "geography": "US",
        "content_name": "DBX Q3 2019 Press Release",
        "file_type": "pdf",
        "content_type": "earnings_press_release",
        "published_date": "2019-11-07",
        "fiscal_date": "2019-11-07",
        "fiscal_year": 2019,
        "fiscal_quarter": 3,
        "r2_url": "https://pub-2c783279b61043e19fbdadd1bee5153a.r2.dev/DBX/2019-11-07/0b9fe-2022-10-04-09-14-28/0b9fe-2022-10-04-09-14-28.pdf/0b9fe-2022-10-04-09-14-28.pdf",
        "periodicity": "periodic"
    },
    {
        "equity_ticker": "DBX",
        "geography": "US",
        "content_name": "DBX Q3 2019 Presentation",
        "file_type": "pdf",
        "content_type": "earnings_presentation",
        "published_date": "2019-11-07",
        "fiscal_date": "2019-11-07",
        "fiscal_year": 2019,
        "fiscal_quarter": 3,
        "r2_url": "https://pub-2c783279b61043e19fbdadd1bee5153a.r2.dev/DBX/2019-11-07/954b5-2022-10-04-09-15-28/954b5-2022-10-04-09-15-28.pdf/954b5-2022-10-04-09-15-28.pdf",
        "periodicity": "periodic"
    },
    {
        "equity_ticker": "DBX",
        "geography": "US",
        "content_name": "DBX Q2 2019 Transcript",
        "file_type": "pdf",
        "content_type": "earnings_transcript",
        "published_date": "2019-08-08",
        "fiscal_date": "2019-08-08",
        "fiscal_year": 2019,
        "fiscal_quarter": 2,
        "r2_url": "https://pub-2c783279b61043e19fbdadd1bee5153a.r2.dev/DBX/2019-08-08/Dropbox%2C%20Inc._2019-08-08_transcript/Dropbox%2C%20Inc._2019-08-08_transcript.pdf/Dropbox%2C%20Inc._2019-08-08_transcript.pdf",
        "periodicity": "periodic"
    },
    {
        "equity_ticker": "DBX",
        "geography": "US",
        "content_name": "DBX Q2 2019 Press Release",
        "file_type": "pdf",
        "content_type": "earnings_press_release",
        "published_date": "2019-08-08",
        "fiscal_date": "2019-08-08",
        "fiscal_year": 2019,
        "fiscal_quarter": 2,
        "r2_url": "https://pub-2c783279b61043e19fbdadd1bee5153a.r2.dev/DBX/2019-08-08/d65ca-2022-10-04-09-09-32/d65ca-2022-10-04-09-09-32.pdf/d65ca-2022-10-04-09-09-32.pdf",
        "periodicity": "periodic"
    },
    {
        "equity_ticker": "DBX",
        "geography": "US",
        "content_name": "DBX Q2 2019 Presentation",
        "file_type": "pdf",
        "content_type": "earnings_presentation",
        "published_date": "2019-08-08",
        "fiscal_date": "2019-08-08",
        "fiscal_year": 2019,
        "fiscal_quarter": 2,
        "r2_url": "https://pub-2c783279b61043e19fbdadd1bee5153a.r2.dev/DBX/2019-08-08/887b3-2022-10-04-09-09-32/887b3-2022-10-04-09-09-32.pdf/887b3-2022-10-04-09-09-32.pdf",
        "periodicity": "periodic"
    },
    {
        "equity_ticker": "DBX",
        "geography": "US",
        "content_name": "DBX Q1 2019 Transcript",
        "file_type": "pdf",
        "content_type": "earnings_transcript",
        "published_date": "2019-05-09",
        "fiscal_date": "2019-05-09",
        "fiscal_year": 2019,
        "fiscal_quarter": 1,
        "r2_url": "https://pub-2c783279b61043e19fbdadd1bee5153a.r2.dev/DBX/2019-05-09/Dropbox%2C%20Inc._2019-05-09_transcript/Dropbox%2C%20Inc._2019-05-09_transcript.pdf/Dropbox%2C%20Inc._2019-05-09_transcript.pdf",
        "periodicity": "periodic"
    },
    {
        "equity_ticker": "DBX",
        "geography": "US",
        "content_name": "DBX Q1 2019 Press Release",
        "file_type": "pdf",
        "content_type": "earnings_press_release",
        "published_date": "2019-05-09",
        "fiscal_date": "2019-05-09",
        "fiscal_year": 2019,
        "fiscal_quarter": 1,
        "r2_url": "https://pub-2c783279b61043e19fbdadd1bee5153a.r2.dev/DBX/2019-05-09/47dc0-2022-10-04-09-22-35/47dc0-2022-10-04-09-22-35.pdf/47dc0-2022-10-04-09-22-35.pdf",
        "periodicity": "periodic"
    },
    {
        "equity_ticker": "DBX",
        "geography": "US",
        "content_name": "DBX Q1 2019 Presentation",
        "file_type": "pdf",
        "content_type": "earnings_presentation",
        "published_date": "2019-05-09",
        "fiscal_date": "2019-05-09",
        "fiscal_year": 2019,
        "fiscal_quarter": 1,
        "r2_url": "https://pub-2c783279b61043e19fbdadd1bee5153a.r2.dev/DBX/2019-05-09/25cd3-2022-10-04-09-23-35/25cd3-2022-10-04-09-23-35.pdf/25cd3-2022-10-04-09-23-35.pdf",
        "periodicity": "periodic"
    },
    {
        "equity_ticker": "DBX",
        "geography": "US",
        "content_name": "DBX Q4 2018 Transcript",
        "file_type": "pdf",
        "content_type": "earnings_transcript",
        "published_date": "2019-02-21",
        "fiscal_date": "2019-02-21",
        "fiscal_year": 2018,
        "fiscal_quarter": 4,
        "r2_url": "https://pub-2c783279b61043e19fbdadd1bee5153a.r2.dev/DBX/2019-02-21/Dropbox%2C%20Inc._2019-02-21_transcript/Dropbox%2C%20Inc._2019-02-21_transcript.pdf/Dropbox%2C%20Inc._2019-02-21_transcript.pdf",
        "periodicity": "periodic"
    },
    {
        "equity_ticker": "DBX",
        "geography": "US",
        "content_name": "DBX Q4 2018 Press Release",
        "file_type": "pdf",
        "content_type": "earnings_press_release",
        "published_date": "2019-02-21",
        "fiscal_date": "2019-02-21",
        "fiscal_year": 2018,
        "fiscal_quarter": 4,
        "r2_url": "https://pub-2c783279b61043e19fbdadd1bee5153a.r2.dev/DBX/2019-02-21/684bc-2024-01-17-06-07-42/684bc-2024-01-17-06-07-42.pdf/684bc-2024-01-17-06-07-42.pdf",
        "periodicity": "periodic"
    },
    {
        "equity_ticker": "DBX",
        "geography": "US",
        "content_name": "DBX Q3 2018 Transcript",
        "file_type": "pdf",
        "content_type": "earnings_transcript",
        "published_date": "2018-11-08",
        "fiscal_date": "2018-11-08",
        "fiscal_year": 2018,
        "fiscal_quarter": 3,
        "r2_url": "https://pub-2c783279b61043e19fbdadd1bee5153a.r2.dev/DBX/2018-11-08/Dropbox%2C%20Inc._2018-11-08_transcript/Dropbox%2C%20Inc._2018-11-08_transcript.pdf/Dropbox%2C%20Inc._2018-11-08_transcript.pdf",
        "periodicity": "periodic"
    },
    {
        "equity_ticker": "DBX",
        "geography": "US",
        "content_name": "DBX Q3 2018 Press Release",
        "file_type": "pdf",
        "content_type": "earnings_press_release",
        "published_date": "2018-11-08",
        "fiscal_date": "2018-11-08",
        "fiscal_year": 2018,
        "fiscal_quarter": 3,
        "r2_url": "https://pub-2c783279b61043e19fbdadd1bee5153a.r2.dev/DBX/2018-11-08/50d9f-2024-01-17-06-20-44/50d9f-2024-01-17-06-20-44.pdf/50d9f-2024-01-17-06-20-44.pdf",
        "periodicity": "periodic"
    },
    {
        "equity_ticker": "DBX",
        "geography": "US",
        "content_name": "DBX Q2 2018 Transcript",
        "file_type": "pdf",
        "content_type": "earnings_transcript",
        "published_date": "2018-08-09",
        "fiscal_date": "2018-08-09",
        "fiscal_year": 2018,
        "fiscal_quarter": 2,
        "r2_url": "https://pub-2c783279b61043e19fbdadd1bee5153a.r2.dev/DBX/2018-08-09/Dropbox%2C%20Inc._2018-08-09_transcript/Dropbox%2C%20Inc._2018-08-09_transcript.pdf/Dropbox%2C%20Inc._2018-08-09_transcript.pdf",
        "periodicity": "periodic"
    },
    {
        "equity_ticker": "DBX",
        "geography": "US",
        "content_name": "DBX Q2 2018 Press Release",
        "file_type": "pdf",
        "content_type": "earnings_press_release",
        "published_date": "2018-08-09",
        "fiscal_date": "2018-08-09",
        "fiscal_year": 2018,
        "fiscal_quarter": 2,
        "r2_url": "https://pub-2c783279b61043e19fbdadd1bee5153a.r2.dev/DBX/2018-08-09/24b49-2024-01-17-06-50-46/24b49-2024-01-17-06-50-46.pdf/24b49-2024-01-17-06-50-46.pdf",
        "periodicity": "periodic"
    },
    {
        "equity_ticker": "DBX",
        "geography": "US",
        "content_name": "DBX Q1 2018 Transcript",
        "file_type": "pdf",
        "content_type": "earnings_transcript",
        "published_date": "2018-05-10",
        "fiscal_date": "2018-05-10",
        "fiscal_year": 2018,
        "fiscal_quarter": 1,
        "r2_url": "https://pub-2c783279b61043e19fbdadd1bee5153a.r2.dev/DBX/2018-05-10/Dropbox%2C%20Inc._2018-05-10_transcript/Dropbox%2C%20Inc._2018-05-10_transcript.pdf/Dropbox%2C%20Inc._2018-05-10_transcript.pdf",
        "periodicity": "periodic"
    },
    {
        "equity_ticker": "DBX",
        "geography": "US",
        "content_name": "DBX Q1 2018 Press Release",
        "file_type": "pdf",
        "content_type": "earnings_press_release",
        "published_date": "2018-05-10",
        "fiscal_date": "2018-05-10",
        "fiscal_year": 2018,
        "fiscal_quarter": 1,
        "r2_url": "https://pub-2c783279b61043e19fbdadd1bee5153a.r2.dev/DBX/2018-05-10/dd095-2024-01-17-06-58-47/dd095-2024-01-17-06-58-47.pdf/dd095-2024-01-17-06-58-47.pdf",
        "periodicity": "periodic"
    },
    {
        "equity_ticker": "DBX",
        "geography": "US",
        "content_name": "DBX Q4 2024 10-K",
        "file_type": "pdf",
        "content_type": "annual_report",
        "published_date": "2025-02-21",
        "fiscal_date": "2024-12-31",
        "fiscal_year": 2024,
        "fiscal_quarter": 4,
        "r2_url": "https://pub-2c783279b61043e19fbdadd1bee5153a.r2.dev/DBX/2025-02-21/dbx-20241231.htm/dbx-20241231.pdf",
        "periodicity": "periodic"
    },
    {
        "equity_ticker": "DBX",
        "geography": "US",
        "content_name": "DBX Q3 2024 10-Q",
        "file_type": "pdf",
        "content_type": "quarterly_report",
        "published_date": "2024-11-08",
        "fiscal_date": "2024-09-30",
        "fiscal_year": 2024,
        "fiscal_quarter": 3,
        "r2_url": "https://pub-2c783279b61043e19fbdadd1bee5153a.r2.dev/DBX/2024-11-08/dbx-20240930.htm/dbx-20240930.pdf",
        "periodicity": "periodic"
    },
    {
        "equity_ticker": "DBX",
        "geography": "US",
        "content_name": "DBX Q2 2024 10-Q",
        "file_type": "pdf",
        "content_type": "quarterly_report",
        "published_date": "2024-08-09",
        "fiscal_date": "2024-06-30",
        "fiscal_year": 2024,
        "fiscal_quarter": 2,
        "r2_url": "https://pub-2c783279b61043e19fbdadd1bee5153a.r2.dev/DBX/2024-08-09/dbx-20240630.htm/dbx-20240630.pdf",
        "periodicity": "periodic"
    },
    {
        "equity_ticker": "DBX",
        "geography": "US",
        "content_name": "DBX Q1 2024 10-Q",
        "file_type": "pdf",
        "content_type": "quarterly_report",
        "published_date": "2024-05-10",
        "fiscal_date": "2024-03-31",
        "fiscal_year": 2024,
        "fiscal_quarter": 1,
        "r2_url": "https://pub-2c783279b61043e19fbdadd1bee5153a.r2.dev/DBX/2024-05-10/dbx-20240331.htm/dbx-20240331.pdf",
        "periodicity": "periodic"
    },
    {
        "equity_ticker": "DBX",
        "geography": "US",
        "content_name": "DBX Q4 2023 10-K",
        "file_type": "pdf",
        "content_type": "annual_report",
        "published_date": "2024-02-16",
        "fiscal_date": "2023-12-31",
        "fiscal_year": 2023,
        "fiscal_quarter": 4,
        "r2_url": "https://pub-2c783279b61043e19fbdadd1bee5153a.r2.dev/DBX/2024-02-16/dbx-20231231.htm/dbx-20231231.pdf",
        "periodicity": "periodic"
    },
    {
        "equity_ticker": "DBX",
        "geography": "US",
        "content_name": "DBX Q3 2023 10-Q",
        "file_type": "pdf",
        "content_type": "quarterly_report",
        "published_date": "2023-11-03",
        "fiscal_date": "2023-09-30",
        "fiscal_year": 2023,
        "fiscal_quarter": 3,
        "r2_url": "https://pub-2c783279b61043e19fbdadd1bee5153a.r2.dev/DBX/2023-11-03/dbx-20230930.htm/dbx-20230930.pdf",
        "periodicity": "periodic"
    },
    {
        "equity_ticker": "DBX",
        "geography": "US",
        "content_name": "DBX Q2 2023 10-Q",
        "file_type": "pdf",
        "content_type": "quarterly_report",
        "published_date": "2023-08-04",
        "fiscal_date": "2023-06-30",
        "fiscal_year": 2023,
        "fiscal_quarter": 2,
        "r2_url": "https://pub-2c783279b61043e19fbdadd1bee5153a.r2.dev/DBX/2023-08-04/dbx-20230630.htm/dbx-20230630.pdf",
        "periodicity": "periodic"
    },
    {
        "equity_ticker": "DBX",
        "geography": "US",
        "content_name": "DBX Q1 2023 10-Q",
        "file_type": "pdf",
        "content_type": "quarterly_report",
        "published_date": "2023-05-08",
        "fiscal_date": "2023-03-31",
        "fiscal_year": 2023,
        "fiscal_quarter": 1,
        "r2_url": "https://pub-2c783279b61043e19fbdadd1bee5153a.r2.dev/DBX/2023-05-08/dbx-20230331.htm/dbx-20230331.pdf",
        "periodicity": "periodic"
    },
    {
        "equity_ticker": "DBX",
        "geography": "US",
        "content_name": "DBX Q4 2022 10-K",
        "file_type": "pdf",
        "content_type": "annual_report",
        "published_date": "2023-02-22",
        "fiscal_date": "2022-12-31",
        "fiscal_year": 2022,
        "fiscal_quarter": 4,
        "r2_url": "https://pub-2c783279b61043e19fbdadd1bee5153a.r2.dev/DBX/2023-02-22/dbx-20221231.htm/dbx-20221231.pdf",
        "periodicity": "periodic"
    },
    {
        "equity_ticker": "DBX",
        "geography": "US",
        "content_name": "DBX Q3 2022 10-Q",
        "file_type": "pdf",
        "content_type": "quarterly_report",
        "published_date": "2022-11-04",
        "fiscal_date": "2022-09-30",
        "fiscal_year": 2022,
        "fiscal_quarter": 3,
        "r2_url": "https://pub-2c783279b61043e19fbdadd1bee5153a.r2.dev/DBX/2022-11-04/dbx-20220930.htm/dbx-20220930.pdf",
        "periodicity": "periodic"
    },
    {
        "equity_ticker": "DBX",
        "geography": "US",
        "content_name": "DBX Q2 2022 10-Q",
        "file_type": "pdf",
        "content_type": "quarterly_report",
        "published_date": "2022-08-05",
        "fiscal_date": "2022-06-30",
        "fiscal_year": 2022,
        "fiscal_quarter": 2,
        "r2_url": "https://pub-2c783279b61043e19fbdadd1bee5153a.r2.dev/DBX/2022-08-05/dbx-20220630.htm/dbx-20220630.pdf",
        "periodicity": "periodic"
    },
    {
        "equity_ticker": "DBX",
        "geography": "US",
        "content_name": "DBX Q1 2022 10-Q",
        "file_type": "pdf",
        "content_type": "quarterly_report",
        "published_date": "2022-05-06",
        "fiscal_date": "2022-03-31",
        "fiscal_year": 2022,
        "fiscal_quarter": 1,
        "r2_url": "https://pub-2c783279b61043e19fbdadd1bee5153a.r2.dev/DBX/2022-05-06/dbx-20220331.htm/dbx-20220331.pdf",
        "periodicity": "periodic"
    },
    {
        "equity_ticker": "DBX",
        "geography": "US",
        "content_name": "DBX Q4 2021 10-K",
        "file_type": "pdf",
        "content_type": "annual_report",
        "published_date": "2022-02-18",
        "fiscal_date": "2021-12-31",
        "fiscal_year": 2021,
        "fiscal_quarter": 4,
        "r2_url": "https://pub-2c783279b61043e19fbdadd1bee5153a.r2.dev/DBX/2022-02-18/dbx-20211231.htm/dbx-20211231.pdf",
        "periodicity": "periodic"
    },
    {
        "equity_ticker": "DBX",
        "geography": "US",
        "content_name": "DBX Q3 2021 10-Q",
        "file_type": "pdf",
        "content_type": "quarterly_report",
        "published_date": "2021-11-05",
        "fiscal_date": "2021-09-30",
        "fiscal_year": 2021,
        "fiscal_quarter": 3,
        "r2_url": "https://pub-2c783279b61043e19fbdadd1bee5153a.r2.dev/DBX/2021-11-05/dbx-20210930.htm/dbx-20210930.pdf",
        "periodicity": "periodic"
    },
    {
        "equity_ticker": "DBX",
        "geography": "US",
        "content_name": "DBX Q2 2021 10-Q",
        "file_type": "pdf",
        "content_type": "quarterly_report",
        "published_date": "2021-08-06",
        "fiscal_date": "2021-06-30",
        "fiscal_year": 2021,
        "fiscal_quarter": 2,
        "r2_url": "https://pub-2c783279b61043e19fbdadd1bee5153a.r2.dev/DBX/2021-08-06/dbx-20210630.htm/dbx-20210630.pdf",
        "periodicity": "periodic"
    },
    {
        "equity_ticker": "DBX",
        "geography": "US",
        "content_name": "DBX Q1 2021 10-Q",
        "file_type": "pdf",
        "content_type": "quarterly_report",
        "published_date": "2021-05-07",
        "fiscal_date": "2021-03-31",
        "fiscal_year": 2021,
        "fiscal_quarter": 1,
        "r2_url": "https://pub-2c783279b61043e19fbdadd1bee5153a.r2.dev/DBX/2021-05-07/dbx-20210331.htm/dbx-20210331.pdf",
        "periodicity": "periodic"
    },
    {
        "equity_ticker": "DBX",
        "geography": "US",
        "content_name": "DBX Q4 2020 10-K",
        "file_type": "pdf",
        "content_type": "annual_report",
        "published_date": "2021-02-19",
        "fiscal_date": "2020-12-31",
        "fiscal_year": 2020,
        "fiscal_quarter": 4,
        "r2_url": "https://pub-2c783279b61043e19fbdadd1bee5153a.r2.dev/DBX/2021-02-19/dbx-20201231.htm/dbx-20201231.pdf",
        "periodicity": "periodic"
    },
    {
        "equity_ticker": "DBX",
        "geography": "US",
        "content_name": "DBX Q3 2020 10-Q",
        "file_type": "pdf",
        "content_type": "quarterly_report",
        "published_date": "2020-11-06",
        "fiscal_date": "2020-09-30",
        "fiscal_year": 2020,
        "fiscal_quarter": 3,
        "r2_url": "https://pub-2c783279b61043e19fbdadd1bee5153a.r2.dev/DBX/2020-11-06/dbx-20200930.htm/dbx-20200930.pdf",
        "periodicity": "periodic"
    },
    {
        "equity_ticker": "DBX",
        "geography": "US",
        "content_name": "DBX Q2 2020 10-Q",
        "file_type": "pdf",
        "content_type": "quarterly_report",
        "published_date": "2020-08-07",
        "fiscal_date": "2020-06-30",
        "fiscal_year": 2020,
        "fiscal_quarter": 2,
        "r2_url": "https://pub-2c783279b61043e19fbdadd1bee5153a.r2.dev/DBX/2020-08-07/dbx-063020x10q.htm/ix.pdf",
        "periodicity": "periodic"
    },
    {
        "equity_ticker": "DBX",
        "geography": "US",
        "content_name": "DBX Q1 2020 10-Q",
        "file_type": "pdf",
        "content_type": "quarterly_report",
        "published_date": "2020-05-08",
        "fiscal_date": "2020-03-31",
        "fiscal_year": 2020,
        "fiscal_quarter": 1,
        "r2_url": "https://pub-2c783279b61043e19fbdadd1bee5153a.r2.dev/DBX/2020-05-08/dbx-033020x10q.htm/ix.pdf",
        "periodicity": "periodic"
    },
    {
        "equity_ticker": "DBX",
        "geography": "US",
        "content_name": "DBX Q4 2019 10-K",
        "file_type": "pdf",
        "content_type": "annual_report",
        "published_date": "2020-02-21",
        "fiscal_date": "2019-12-31",
        "fiscal_year": 2019,
        "fiscal_quarter": 4,
        "r2_url": "https://pub-2c783279b61043e19fbdadd1bee5153a.r2.dev/DBX/2020-02-21/a12311910-k.htm/ix.pdf",
        "periodicity": "periodic"
    },
    {
        "equity_ticker": "DBX",
        "geography": "US",
        "content_name": "DBX Q3 2019 10-Q",
        "file_type": "pdf",
        "content_type": "quarterly_report",
        "published_date": "2019-11-08",
        "fiscal_date": "2019-09-30",
        "fiscal_year": 2019,
        "fiscal_quarter": 3,
        "r2_url": "https://pub-2c783279b61043e19fbdadd1bee5153a.r2.dev/DBX/2019-11-08/dbx-093019x10q.htm/ix.pdf",
        "periodicity": "periodic"
    },
    {
        "equity_ticker": "DBX",
        "geography": "US",
        "content_name": "DBX Q2 2019 10-Q",
        "file_type": "pdf",
        "content_type": "quarterly_report",
        "published_date": "2019-08-09",
        "fiscal_date": "2019-06-30",
        "fiscal_year": 2019,
        "fiscal_quarter": 2,
        "r2_url": "https://pub-2c783279b61043e19fbdadd1bee5153a.r2.dev/DBX/2019-08-09/dbx-063019x10q.htm/dbx-063019x10q.pdf",
        "periodicity": "periodic"
    },
    {
        "equity_ticker": "DBX",
        "geography": "US",
        "content_name": "DBX Q1 2019 10-Q",
        "file_type": "pdf",
        "content_type": "quarterly_report",
        "published_date": "2019-05-10",
        "fiscal_date": "2019-03-31",
        "fiscal_year": 2019,
        "fiscal_quarter": 1,
        "r2_url": "https://pub-2c783279b61043e19fbdadd1bee5153a.r2.dev/DBX/2019-05-10/dbx-033119x10q.htm/dbx-033119x10q.pdf",
        "periodicity": "periodic"
    },
    {
        "equity_ticker": "DBX",
        "geography": "US",
        "content_name": "DBX Q4 2018 10-K",
        "file_type": "pdf",
        "content_type": "annual_report",
        "published_date": "2019-02-22",
        "fiscal_date": "2018-12-31",
        "fiscal_year": 2018,
        "fiscal_quarter": 4,
        "r2_url": "https://pub-2c783279b61043e19fbdadd1bee5153a.r2.dev/DBX/2019-02-22/a12311810-k.htm/a12311810-k.pdf",
        "periodicity": "periodic"
    },
    {
        "equity_ticker": "DBX",
        "geography": "US",
        "content_name": "DBX Q3 2018 10-Q",
        "file_type": "pdf",
        "content_type": "quarterly_report",
        "published_date": "2018-11-09",
        "fiscal_date": "2018-09-30",
        "fiscal_year": 2018,
        "fiscal_quarter": 3,
        "r2_url": "https://pub-2c783279b61043e19fbdadd1bee5153a.r2.dev/DBX/2018-11-09/dbx-093018x10q.htm/dbx-093018x10q.pdf",
        "periodicity": "periodic"
    },
    {
        "equity_ticker": "DBX",
        "geography": "US",
        "content_name": "DBX Q2 2018 10-Q",
        "file_type": "pdf",
        "content_type": "quarterly_report",
        "published_date": "2018-08-10",
        "fiscal_date": "2018-06-30",
        "fiscal_year": 2018,
        "fiscal_quarter": 2,
        "r2_url": "https://pub-2c783279b61043e19fbdadd1bee5153a.r2.dev/DBX/2018-08-10/dbx-063018x10q.htm/dbx-063018x10q.pdf",
        "periodicity": "periodic"
    },
    {
        "equity_ticker": "DBX",
        "geography": "US",
        "content_name": "DBX Q1 2018 10-Q",
        "file_type": "pdf",
        "content_type": "quarterly_report",
        "published_date": "2018-05-11",
        "fiscal_date": "2018-03-31",
        "fiscal_year": 2018,
        "fiscal_quarter": 1,
        "r2_url": "https://pub-2c783279b61043e19fbdadd1bee5153a.r2.dev/DBX/2018-05-11/dbx-033118x10q.htm/dbx-033118x10q.pdf",
        "periodicity": "periodic"
    }
]