[
  {
    "equity_ticker": "DDOG",
    "geography": "US",
    "content_name": "DDOG Q4 2024 10-K",
    "file_type": "pdf",
    "content_type": "annual_report",
    "published_date": "2025-02-20",
    "fiscal_date": "2024-12-31",
    "fiscal_year": 2024,
    "fiscal_quarter": 4,
    "r2_url": "https://pub-2c783279b61043e19fbdadd1bee5153a.r2.dev/DDOG/2025-02-20/ddog-20241231.htm/ddog-20241231.pdf",
    "periodicity": "periodic"
  },
  {
    "equity_ticker": "DDOG",
    "geography": "US",
    "content_name": "DDOG Q3 2024 10-Q",
    "file_type": "pdf",
    "content_type": "quarterly_report",
    "published_date": "2024-11-08",
    "fiscal_date": "2024-09-30",
    "fiscal_year": 2024,
    "fiscal_quarter": 3,
    "r2_url": "https://pub-2c783279b61043e19fbdadd1bee5153a.r2.dev/DDOG/2024-11-08/ddog-20240930.htm/ddog-20240930.pdf",
    "periodicity": "periodic"
  },
  {
    "equity_ticker": "DDOG",
    "geography": "US",
    "content_name": "DDOG Q2 2024 10-Q",
    "file_type": "pdf",
    "content_type": "quarterly_report",
    "published_date": "2024-08-09",
    "fiscal_date": "2024-06-30",
    "fiscal_year": 2024,
    "fiscal_quarter": 2,
    "r2_url": "https://pub-2c783279b61043e19fbdadd1bee5153a.r2.dev/DDOG/2024-08-09/ddog-20240630.htm/ddog-20240630.pdf",
    "periodicity": "periodic"
  },
  {
    "equity_ticker": "DDOG",
    "geography": "US",
    "content_name": "DDOG Q1 2024 10-Q",
    "file_type": "pdf",
    "content_type": "quarterly_report",
    "published_date": "2024-05-08",
    "fiscal_date": "2024-03-31",
    "fiscal_year": 2024,
    "fiscal_quarter": 1,
    "r2_url": "https://pub-2c783279b61043e19fbdadd1bee5153a.r2.dev/DDOG/2024-05-08/ddog-20240331.htm/ddog-20240331.pdf",
    "periodicity": "periodic"
  },
  {
    "equity_ticker": "DDOG",
    "geography": "US",
    "content_name": "DDOG Q4 2023 10-K",
    "file_type": "pdf",
    "content_type": "annual_report",
    "published_date": "2024-02-23",
    "fiscal_date": "2023-12-31",
    "fiscal_year": 2023,
    "fiscal_quarter": 4,
    "r2_url": "https://pub-2c783279b61043e19fbdadd1bee5153a.r2.dev/DDOG/2024-02-23/ddog-20231231.htm/ddog-20231231.pdf",
    "periodicity": "periodic"
  },
  {
    "equity_ticker": "DDOG",
    "geography": "US",
    "content_name": "DDOG Q3 2023 10-Q",
    "file_type": "pdf",
    "content_type": "quarterly_report",
    "published_date": "2023-11-07",
    "fiscal_date": "2023-09-30",
    "fiscal_year": 2023,
    "fiscal_quarter": 3,
    "r2_url": "https://pub-2c783279b61043e19fbdadd1bee5153a.r2.dev/DDOG/2023-11-07/ddog-20230930.htm/ddog-20230930.pdf",
    "periodicity": "periodic"
  },
  {
    "equity_ticker": "DDOG",
    "geography": "US",
    "content_name": "DDOG Q2 2023 10-Q",
    "file_type": "pdf",
    "content_type": "quarterly_report",
    "published_date": "2023-08-09",
    "fiscal_date": "2023-06-30",
    "fiscal_year": 2023,
    "fiscal_quarter": 2,
    "r2_url": "https://pub-2c783279b61043e19fbdadd1bee5153a.r2.dev/DDOG/2023-08-09/ddog-20230630.htm/ddog-20230630.pdf",
    "periodicity": "periodic"
  },
  {
    "equity_ticker": "DDOG",
    "geography": "US",
    "content_name": "DDOG Q1 2023 10-Q",
    "file_type": "pdf",
    "content_type": "quarterly_report",
    "published_date": "2023-05-05",
    "fiscal_date": "2023-03-31",
    "fiscal_year": 2023,
    "fiscal_quarter": 1,
    "r2_url": "https://pub-2c783279b61043e19fbdadd1bee5153a.r2.dev/DDOG/2023-05-05/ddog-20230331.htm/ddog-20230331.pdf",
    "periodicity": "periodic"
  },
  {
    "equity_ticker": "DDOG",
    "geography": "US",
    "content_name": "DDOG Q4 2022 10-K",
    "file_type": "pdf",
    "content_type": "annual_report",
    "published_date": "2023-02-24",
    "fiscal_date": "2022-12-31",
    "fiscal_year": 2022,
    "fiscal_quarter": 4,
    "r2_url": "https://pub-2c783279b61043e19fbdadd1bee5153a.r2.dev/DDOG/2023-02-24/ddog-20221231.htm/ddog-20221231.pdf",
    "periodicity": "periodic"
  },
  {
    "equity_ticker": "DDOG",
    "geography": "US",
    "content_name": "DDOG Q3 2022 10-Q",
    "file_type": "pdf",
    "content_type": "quarterly_report",
    "published_date": "2022-11-04",
    "fiscal_date": "2022-09-30",
    "fiscal_year": 2022,
    "fiscal_quarter": 3,
    "r2_url": "https://pub-2c783279b61043e19fbdadd1bee5153a.r2.dev/DDOG/2022-11-04/ddog-20220930.htm/ddog-20220930.pdf",
    "periodicity": "periodic"
  },
  {
    "equity_ticker": "DDOG",
    "geography": "US",
    "content_name": "DDOG Q2 2022 10-Q",
    "file_type": "pdf",
    "content_type": "quarterly_report",
    "published_date": "2022-08-08",
    "fiscal_date": "2022-06-30",
    "fiscal_year": 2022,
    "fiscal_quarter": 2,
    "r2_url": "https://pub-2c783279b61043e19fbdadd1bee5153a.r2.dev/DDOG/2022-08-08/ddog-20220630.htm/ddog-20220630.pdf",
    "periodicity": "periodic"
  },
  {
    "equity_ticker": "DDOG",
    "geography": "US",
    "content_name": "DDOG Q1 2022 10-Q",
    "file_type": "pdf",
    "content_type": "quarterly_report",
    "published_date": "2022-05-06",
    "fiscal_date": "2022-03-31",
    "fiscal_year": 2022,
    "fiscal_quarter": 1,
    "r2_url": "https://pub-2c783279b61043e19fbdadd1bee5153a.r2.dev/DDOG/2022-05-06/ddog-20220331.htm/ddog-20220331.pdf",
    "periodicity": "periodic"
  },
  {
    "equity_ticker": "DDOG",
    "geography": "US",
    "content_name": "DDOG Q4 2021 10-K",
    "file_type": "pdf",
    "content_type": "annual_report",
    "published_date": "2022-02-25",
    "fiscal_date": "2021-12-31",
    "fiscal_year": 2021,
    "fiscal_quarter": 4,
    "r2_url": "https://pub-2c783279b61043e19fbdadd1bee5153a.r2.dev/DDOG/2022-02-25/ddog-20211231.htm/ddog-20211231.pdf",
    "periodicity": "periodic"
  },
  {
    "equity_ticker": "DDOG",
    "geography": "US",
    "content_name": "DDOG Q3 2021 10-Q",
    "file_type": "pdf",
    "content_type": "quarterly_report",
    "published_date": "2021-11-05",
    "fiscal_date": "2021-09-30",
    "fiscal_year": 2021,
    "fiscal_quarter": 3,
    "r2_url": "https://pub-2c783279b61043e19fbdadd1bee5153a.r2.dev/DDOG/2021-11-05/ddog-20210930.htm/ddog-20210930.pdf",
    "periodicity": "periodic"
  },
  {
    "equity_ticker": "DDOG",
    "geography": "US",
    "content_name": "DDOG Q2 2021 10-Q",
    "file_type": "pdf",
    "content_type": "quarterly_report",
    "published_date": "2021-08-06",
    "fiscal_date": "2021-06-30",
    "fiscal_year": 2021,
    "fiscal_quarter": 2,
    "r2_url": "https://pub-2c783279b61043e19fbdadd1bee5153a.r2.dev/DDOG/2021-08-06/ddog-20210630.htm/ddog-20210630.pdf",
    "periodicity": "periodic"
  },
  {
    "equity_ticker": "DDOG",
    "geography": "US",
    "content_name": "DDOG Q1 2021 10-Q",
    "file_type": "pdf",
    "content_type": "quarterly_report",
    "published_date": "2021-05-07",
    "fiscal_date": "2021-03-31",
    "fiscal_year": 2021,
    "fiscal_quarter": 1,
    "r2_url": "https://pub-2c783279b61043e19fbdadd1bee5153a.r2.dev/DDOG/2021-05-07/ddog-20210331.htm/ddog-20210331.pdf",
    "periodicity": "periodic"
  },
  {
    "equity_ticker": "DDOG",
    "geography": "US",
    "content_name": "DDOG Q4 2020 10-K",
    "file_type": "pdf",
    "content_type": "annual_report",
    "published_date": "2021-03-01",
    "fiscal_date": "2020-12-31",
    "fiscal_year": 2020,
    "fiscal_quarter": 4,
    "r2_url": "https://pub-2c783279b61043e19fbdadd1bee5153a.r2.dev/DDOG/2021-03-01/ddog-10k_20201231.htm/ddog-10k_20201231.pdf",
    "periodicity": "periodic"
  },
  {
    "equity_ticker": "DDOG",
    "geography": "US",
    "content_name": "DDOG Q3 2020 10-Q",
    "file_type": "pdf",
    "content_type": "quarterly_report",
    "published_date": "2020-11-12",
    "fiscal_date": "2020-09-30",
    "fiscal_year": 2020,
    "fiscal_quarter": 3,
    "r2_url": "https://pub-2c783279b61043e19fbdadd1bee5153a.r2.dev/DDOG/2020-11-12/ddog-10q_20200930.htm/ddog-10q_20200930.pdf",
    "periodicity": "periodic"
  },
  {
    "equity_ticker": "DDOG",
    "geography": "US",
    "content_name": "DDOG Q2 2020 10-Q",
    "file_type": "pdf",
    "content_type": "quarterly_report",
    "published_date": "2020-08-07",
    "fiscal_date": "2020-06-30",
    "fiscal_year": 2020,
    "fiscal_quarter": 2,
    "r2_url": "https://pub-2c783279b61043e19fbdadd1bee5153a.r2.dev/DDOG/2020-08-07/ddog-10q_20200630.htm/ddog-10q_20200630.pdf",
    "periodicity": "periodic"
  },
  {
    "equity_ticker": "DDOG",
    "geography": "US",
    "content_name": "DDOG Q1 2020 10-Q",
    "file_type": "pdf",
    "content_type": "quarterly_report",
    "published_date": "2020-05-12",
    "fiscal_date": "2020-03-31",
    "fiscal_year": 2020,
    "fiscal_quarter": 1,
    "r2_url": "https://pub-2c783279b61043e19fbdadd1bee5153a.r2.dev/DDOG/2020-05-12/ddog-10q_20200331.htm/ddog-10q_20200331.pdf",
    "periodicity": "periodic"
  },
  {
    "equity_ticker": "DDOG",
    "geography": "US",
    "content_name": "DDOG Q4 2019 10-K",
    "file_type": "pdf",
    "content_type": "annual_report",
    "published_date": "2020-02-25",
    "fiscal_date": "2019-12-31",
    "fiscal_year": 2019,
    "fiscal_quarter": 4,
    "r2_url": "https://pub-2c783279b61043e19fbdadd1bee5153a.r2.dev/DDOG/2020-02-25/ddog-10k_20191231.htm/ddog-10k_20191231.pdf",
    "periodicity": "periodic"
  },
  {
    "equity_ticker": "DDOG",
    "geography": "US",
    "content_name": "DDOG Q3 2019 10-Q",
    "file_type": "pdf",
    "content_type": "quarterly_report",
    "published_date": "2019-11-13",
    "fiscal_date": "2019-09-30",
    "fiscal_year": 2019,
    "fiscal_quarter": 3,
    "r2_url": "https://pub-2c783279b61043e19fbdadd1bee5153a.r2.dev/DDOG/2019-11-13/ddog-10q_20190930.htm/ddog-10q_20190930.pdf",
    "periodicity": "periodic"
  },
  {
    "equity_ticker": "DDOG",
    "geography": "US",
    "content_name": "Morgan Stanley Technology, Media & Telecom Conference - March 4, 2025",
    "file_type": "pdf",
    "content_type": "sellside_conference_transcript",
    "published_date": "2025-03-04",
    "fiscal_date": "2025-03-04",
    "fiscal_year": null,
    "fiscal_quarter": null,
    "r2_url": "https://pub-2c783279b61043e19fbdadd1bee5153a.r2.dev/DDOG/2025-03-04/Datadog%2C%20Inc._2025-03-04_transcript/Datadog%2C%20Inc._2025-03-04_transcript.pdf/Datadog%2C%20Inc._2025-03-04_transcript.pdf",
    "periodicity": "non_periodic"
  },
  {
    "equity_ticker": "DDOG",
    "geography": "US",
    "content_name": "DDOG Q4 2024 Transcript",
    "file_type": "pdf",
    "content_type": "earnings_transcript",
    "published_date": "2025-02-13",
    "fiscal_date": "2025-02-13",
    "fiscal_year": 2024,
    "fiscal_quarter": 4,
    "r2_url": "https://pub-2c783279b61043e19fbdadd1bee5153a.r2.dev/DDOG/2025-02-13/Datadog%2C%20Inc._2025-02-13_transcript/Datadog%2C%20Inc._2025-02-13_transcript.pdf/Datadog%2C%20Inc._2025-02-13_transcript.pdf",
    "periodicity": "periodic"
  },
  {
    "equity_ticker": "DDOG",
    "geography": "US",
    "content_name": "Barclays 22nd Annual Global Technology Conference 2024 - December 11, 2024",
    "file_type": "pdf",
    "content_type": "sellside_conference_transcript",
    "published_date": "2024-12-11",
    "fiscal_date": "2024-12-11",
    "fiscal_year": null,
    "fiscal_quarter": null,
    "r2_url": "https://pub-2c783279b61043e19fbdadd1bee5153a.r2.dev/DDOG/2024-12-11/Datadog%2C%20Inc._2024-12-11_transcript/Datadog%2C%20Inc._2024-12-11_transcript.pdf/Datadog%2C%20Inc._2024-12-11_transcript.pdf",
    "periodicity": "non_periodic"
  },
  {
    "equity_ticker": "DDOG",
    "geography": "US",
    "content_name": "UBS Global Technology and AI Conference - December 3, 2024",
    "file_type": "pdf",
    "content_type": "sellside_conference_transcript",
    "published_date": "2024-12-03",
    "fiscal_date": "2024-12-03",
    "fiscal_year": null,
    "fiscal_quarter": null,
    "r2_url": "https://pub-2c783279b61043e19fbdadd1bee5153a.r2.dev/DDOG/2024-12-03/Datadog%2C%20Inc._2024-12-03_transcript/Datadog%2C%20Inc._2024-12-03_transcript.pdf/Datadog%2C%20Inc._2024-12-03_transcript.pdf",
    "periodicity": "non_periodic"
  },
  {
    "equity_ticker": "DDOG",
    "geography": "US",
    "content_name": "2024 RBC Capital Markets Global Technology, Internet, Media and Telecommunications Conference - November 19, 2024",
    "file_type": "pdf",
    "content_type": "company_conference_transcript",
    "published_date": "2024-11-19",
    "fiscal_date": "2024-11-19",
    "fiscal_year": null,
    "fiscal_quarter": null,
    "r2_url": "https://pub-2c783279b61043e19fbdadd1bee5153a.r2.dev/DDOG/2024-11-19/Datadog%2C%20Inc._2024-11-19_transcript/Datadog%2C%20Inc._2024-11-19_transcript.pdf/Datadog%2C%20Inc._2024-11-19_transcript.pdf",
    "periodicity": "non_periodic"
  },
  {
    "equity_ticker": "DDOG",
    "geography": "US",
    "content_name": "DDOG Q3 2024 Transcript",
    "file_type": "pdf",
    "content_type": "earnings_transcript",
    "published_date": "2024-11-07",
    "fiscal_date": "2024-11-07",
    "fiscal_year": 2024,
    "fiscal_quarter": 3,
    "r2_url": "https://pub-2c783279b61043e19fbdadd1bee5153a.r2.dev/DDOG/2024-11-07/Datadog%2C%20Inc._2024-11-07_transcript/Datadog%2C%20Inc._2024-11-07_transcript.pdf/Datadog%2C%20Inc._2024-11-07_transcript.pdf",
    "periodicity": "periodic"
  },
  {
    "equity_ticker": "DDOG",
    "geography": "US",
    "content_name": "DDOG Q3 2024 Press Release",
    "file_type": "pdf",
    "content_type": "earnings_press_release",
    "published_date": "2024-11-07",
    "fiscal_date": "2024-11-07",
    "fiscal_year": 2024,
    "fiscal_quarter": 3,
    "r2_url": "https://pub-2c783279b61043e19fbdadd1bee5153a.r2.dev/DDOG/2024-11-07/bcd38-2024-11-07-12-15-04/bcd38-2024-11-07-12-15-04.pdf/bcd38-2024-11-07-12-15-04.pdf",
    "periodicity": "periodic"
  },
  {
    "equity_ticker": "DDOG",
    "geography": "US",
    "content_name": "Goldman Sachs Communacopia & Technology Conference - September 10, 2024",
    "file_type": "pdf",
    "content_type": "sellside_conference_transcript",
    "published_date": "2024-09-10",
    "fiscal_date": "2024-09-10",
    "fiscal_year": null,
    "fiscal_quarter": null,
    "r2_url": "https://pub-2c783279b61043e19fbdadd1bee5153a.r2.dev/DDOG/2024-09-10/Datadog%2C%20Inc._2024-09-10_transcript/Datadog%2C%20Inc._2024-09-10_transcript.pdf/Datadog%2C%20Inc._2024-09-10_transcript.pdf",
    "periodicity": "non_periodic"
  },
  {
    "equity_ticker": "DDOG",
    "geography": "US",
    "content_name": "The Citigroup Global\u00a0TMT Conference - September 4, 2024",
    "file_type": "pdf",
    "content_type": "sellside_conference_transcript",
    "published_date": "2024-09-04",
    "fiscal_date": "2024-09-04",
    "fiscal_year": null,
    "fiscal_quarter": null,
    "r2_url": "https://pub-2c783279b61043e19fbdadd1bee5153a.r2.dev/DDOG/2024-09-04/Datadog%2C%20Inc._2024-09-04_transcript/Datadog%2C%20Inc._2024-09-04_transcript.pdf/Datadog%2C%20Inc._2024-09-04_transcript.pdf",
    "periodicity": "non_periodic"
  },
  {
    "equity_ticker": "DDOG",
    "geography": "US",
    "content_name": "DDOG Q2 2024 Transcript",
    "file_type": "pdf",
    "content_type": "earnings_transcript",
    "published_date": "2024-08-08",
    "fiscal_date": "2024-08-08",
    "fiscal_year": 2024,
    "fiscal_quarter": 2,
    "r2_url": "https://pub-2c783279b61043e19fbdadd1bee5153a.r2.dev/DDOG/2024-08-08/Datadog%2C%20Inc._2024-08-08_transcript/Datadog%2C%20Inc._2024-08-08_transcript.pdf/Datadog%2C%20Inc._2024-08-08_transcript.pdf",
    "periodicity": "periodic"
  },
  {
    "equity_ticker": "DDOG",
    "geography": "US",
    "content_name": "DDOG Q2 2024 Press Release",
    "file_type": "pdf",
    "content_type": "earnings_press_release",
    "published_date": "2024-08-08",
    "fiscal_date": "2024-08-08",
    "fiscal_year": 2024,
    "fiscal_quarter": 2,
    "r2_url": "https://pub-2c783279b61043e19fbdadd1bee5153a.r2.dev/DDOG/2024-08-08/11e19-2024-08-08-11-31-07/11e19-2024-08-08-11-31-07.pdf/11e19-2024-08-08-11-31-07.pdf",
    "periodicity": "periodic"
  },
  {
    "equity_ticker": "DDOG",
    "geography": "US",
    "content_name": "DASH Conference 2024 - June 26, 2024",
    "file_type": "pdf",
    "content_type": "company_conference_transcript",
    "published_date": "2024-06-26",
    "fiscal_date": "2024-06-26",
    "fiscal_year": null,
    "fiscal_quarter": null,
    "r2_url": "https://pub-2c783279b61043e19fbdadd1bee5153a.r2.dev/DDOG/2024-06-26/Datadog%2C%20Inc._2024-06-26_transcript/Datadog%2C%20Inc._2024-06-26_transcript.pdf/Datadog%2C%20Inc._2024-06-26_transcript.pdf",
    "periodicity": "non_periodic"
  },
  {
    "equity_ticker": "DDOG",
    "geography": "US",
    "content_name": "ASM 2024 - June 5, 2024",
    "file_type": "pdf",
    "content_type": "company_conference_transcript",
    "published_date": "2024-06-05",
    "fiscal_date": "2024-06-05",
    "fiscal_year": null,
    "fiscal_quarter": null,
    "r2_url": "https://pub-2c783279b61043e19fbdadd1bee5153a.r2.dev/DDOG/2024-06-05/Datadog%2C%20Inc._2024-06-05_transcript/Datadog%2C%20Inc._2024-06-05_transcript.pdf/Datadog%2C%20Inc._2024-06-05_transcript.pdf",
    "periodicity": "non_periodic"
  },
  {
    "equity_ticker": "DDOG",
    "geography": "US",
    "content_name": "BofA Securities 2024 Global Technology Conference - June 4, 2024",
    "file_type": "pdf",
    "content_type": "sellside_conference_transcript",
    "published_date": "2024-06-04",
    "fiscal_date": "2024-06-04",
    "fiscal_year": null,
    "fiscal_quarter": null,
    "r2_url": "https://pub-2c783279b61043e19fbdadd1bee5153a.r2.dev/DDOG/2024-06-04/Datadog%2C%20Inc._2024-06-04_transcript/Datadog%2C%20Inc._2024-06-04_transcript.pdf/Datadog%2C%20Inc._2024-06-04_transcript.pdf",
    "periodicity": "non_periodic"
  },
  {
    "equity_ticker": "DDOG",
    "geography": "US",
    "content_name": "The 52nd J.P. Morgan Annual Global Technology, Media and Communications Conference - May 20, 2024",
    "file_type": "pdf",
    "content_type": "sellside_conference_transcript",
    "published_date": "2024-05-20",
    "fiscal_date": "2024-05-20",
    "fiscal_year": null,
    "fiscal_quarter": null,
    "r2_url": "https://pub-2c783279b61043e19fbdadd1bee5153a.r2.dev/DDOG/2024-05-20/Datadog%2C%20Inc._2024-05-20_transcript/Datadog%2C%20Inc._2024-05-20_transcript.pdf/Datadog%2C%20Inc._2024-05-20_transcript.pdf",
    "periodicity": "non_periodic"
  },
  {
    "equity_ticker": "DDOG",
    "geography": "US",
    "content_name": "Needham 19th Annual Technology, Media & Consumer Conference - May 14, 2024",
    "file_type": "pdf",
    "content_type": "company_conference_transcript",
    "published_date": "2024-05-14",
    "fiscal_date": "2024-05-14",
    "fiscal_year": null,
    "fiscal_quarter": null,
    "r2_url": "https://pub-2c783279b61043e19fbdadd1bee5153a.r2.dev/DDOG/2024-05-14/Datadog%2C%20Inc._2024-05-14_transcript/Datadog%2C%20Inc._2024-05-14_transcript.pdf/Datadog%2C%20Inc._2024-05-14_transcript.pdf",
    "periodicity": "non_periodic"
  },
  {
    "equity_ticker": "DDOG",
    "geography": "US",
    "content_name": "DDOG Q1 2024 Transcript",
    "file_type": "pdf",
    "content_type": "earnings_transcript",
    "published_date": "2024-05-07",
    "fiscal_date": "2024-05-07",
    "fiscal_year": 2024,
    "fiscal_quarter": 1,
    "r2_url": "https://pub-2c783279b61043e19fbdadd1bee5153a.r2.dev/DDOG/2024-05-07/Datadog%2C%20Inc._2024-05-07_transcript/Datadog%2C%20Inc._2024-05-07_transcript.pdf/Datadog%2C%20Inc._2024-05-07_transcript.pdf",
    "periodicity": "periodic"
  },
  {
    "equity_ticker": "DDOG",
    "geography": "US",
    "content_name": "DDOG Q1 2024 Press Release",
    "file_type": "pdf",
    "content_type": "earnings_press_release",
    "published_date": "2024-05-07",
    "fiscal_date": "2024-05-07",
    "fiscal_year": 2024,
    "fiscal_quarter": 1,
    "r2_url": "https://pub-2c783279b61043e19fbdadd1bee5153a.r2.dev/DDOG/2024-05-07/43595-2024-05-07-11-21-06/43595-2024-05-07-11-21-06.pdf/43595-2024-05-07-11-21-06.pdf",
    "periodicity": "periodic"
  },
  {
    "equity_ticker": "DDOG",
    "geography": "US",
    "content_name": "Morgan Stanley\u2019s Technology, Media & Telecom Conference 2024 - March 5, 2024",
    "file_type": "pdf",
    "content_type": "sellside_conference_transcript",
    "published_date": "2024-03-05",
    "fiscal_date": "2024-03-05",
    "fiscal_year": null,
    "fiscal_quarter": null,
    "r2_url": "https://pub-2c783279b61043e19fbdadd1bee5153a.r2.dev/DDOG/2024-03-05/Datadog%2C%20Inc._2024-03-05_transcript/Datadog%2C%20Inc._2024-03-05_transcript.pdf/Datadog%2C%20Inc._2024-03-05_transcript.pdf",
    "periodicity": "non_periodic"
  },
  {
    "equity_ticker": "DDOG",
    "geography": "US",
    "content_name": "Investor Day 2024 - February 15, 2024",
    "file_type": "pdf",
    "content_type": "company_conference_transcript",
    "published_date": "2024-02-15",
    "fiscal_date": "2024-02-15",
    "fiscal_year": null,
    "fiscal_quarter": null,
    "r2_url": "https://pub-2c783279b61043e19fbdadd1bee5153a.r2.dev/DDOG/2024-02-15/Datadog%2C%20Inc._2024-02-15_transcript/Datadog%2C%20Inc._2024-02-15_transcript.pdf/Datadog%2C%20Inc._2024-02-15_transcript.pdf",
    "periodicity": "non_periodic"
  },
  {
    "equity_ticker": "DDOG",
    "geography": "US",
    "content_name": "DDOG Q4 2023 Transcript",
    "file_type": "pdf",
    "content_type": "earnings_transcript",
    "published_date": "2024-02-13",
    "fiscal_date": "2024-02-13",
    "fiscal_year": 2023,
    "fiscal_quarter": 4,
    "r2_url": "https://pub-2c783279b61043e19fbdadd1bee5153a.r2.dev/DDOG/2024-02-13/Datadog%2C%20Inc._2024-02-13_transcript/Datadog%2C%20Inc._2024-02-13_transcript.pdf/Datadog%2C%20Inc._2024-02-13_transcript.pdf",
    "periodicity": "periodic"
  },
  {
    "equity_ticker": "DDOG",
    "geography": "US",
    "content_name": "DDOG Q4 2023 Press Release",
    "file_type": "pdf",
    "content_type": "earnings_press_release",
    "published_date": "2024-02-13",
    "fiscal_date": "2024-02-13",
    "fiscal_year": 2023,
    "fiscal_quarter": 4,
    "r2_url": "https://pub-2c783279b61043e19fbdadd1bee5153a.r2.dev/DDOG/2024-02-13/4be12-2024-02-13-12-10-05/4be12-2024-02-13-12-10-05.pdf/4be12-2024-02-13-12-10-05.pdf",
    "periodicity": "periodic"
  },
  {
    "equity_ticker": "DDOG",
    "geography": "US",
    "content_name": "Barclays Global Technology Conference - December 6, 2023",
    "file_type": "pdf",
    "content_type": "sellside_conference_transcript",
    "published_date": "2023-12-06",
    "fiscal_date": "2023-12-06",
    "fiscal_year": null,
    "fiscal_quarter": null,
    "r2_url": "https://pub-2c783279b61043e19fbdadd1bee5153a.r2.dev/DDOG/2023-12-06/Datadog%2C%20Inc._2023-12-06_transcript/Datadog%2C%20Inc._2023-12-06_transcript.pdf/Datadog%2C%20Inc._2023-12-06_transcript.pdf",
    "periodicity": "non_periodic"
  },
  {
    "equity_ticker": "DDOG",
    "geography": "US",
    "content_name": "UBS Global Technology Conference - November 28, 2023",
    "file_type": "pdf",
    "content_type": "sellside_conference_transcript",
    "published_date": "2023-11-28",
    "fiscal_date": "2023-11-28",
    "fiscal_year": null,
    "fiscal_quarter": null,
    "r2_url": "https://pub-2c783279b61043e19fbdadd1bee5153a.r2.dev/DDOG/2023-11-28/Datadog%2C%20Inc._2023-11-28_transcript/Datadog%2C%20Inc._2023-11-28_transcript.pdf/Datadog%2C%20Inc._2023-11-28_transcript.pdf",
    "periodicity": "non_periodic"
  },
  {
    "equity_ticker": "DDOG",
    "geography": "US",
    "content_name": "RBC Capital Markets Global Technology, Internet, Media, Telecommunications Conference - November 14, 2023",
    "file_type": "pdf",
    "content_type": "company_conference_transcript",
    "published_date": "2023-11-14",
    "fiscal_date": "2023-11-14",
    "fiscal_year": null,
    "fiscal_quarter": null,
    "r2_url": "https://pub-2c783279b61043e19fbdadd1bee5153a.r2.dev/DDOG/2023-11-14/Datadog%2C%20Inc._2023-11-14_transcript/Datadog%2C%20Inc._2023-11-14_transcript.pdf/Datadog%2C%20Inc._2023-11-14_transcript.pdf",
    "periodicity": "non_periodic"
  },
  {
    "equity_ticker": "DDOG",
    "geography": "US",
    "content_name": "DDOG Q3 2023 Transcript",
    "file_type": "pdf",
    "content_type": "earnings_transcript",
    "published_date": "2023-11-07",
    "fiscal_date": "2023-11-07",
    "fiscal_year": 2023,
    "fiscal_quarter": 3,
    "r2_url": "https://pub-2c783279b61043e19fbdadd1bee5153a.r2.dev/DDOG/2023-11-07/Datadog%2C%20Inc._2023-11-07_transcript/Datadog%2C%20Inc._2023-11-07_transcript.pdf/Datadog%2C%20Inc._2023-11-07_transcript.pdf",
    "periodicity": "periodic"
  },
  {
    "equity_ticker": "DDOG",
    "geography": "US",
    "content_name": "DDOG Q3 2023 Press Release",
    "file_type": "pdf",
    "content_type": "earnings_press_release",
    "published_date": "2023-11-07",
    "fiscal_date": "2023-11-07",
    "fiscal_year": 2023,
    "fiscal_quarter": 3,
    "r2_url": "https://pub-2c783279b61043e19fbdadd1bee5153a.r2.dev/DDOG/2023-11-07/f634f-2023-11-07-12-18-03/f634f-2023-11-07-12-18-03.pdf/f634f-2023-11-07-12-18-03.pdf",
    "periodicity": "periodic"
  },
  {
    "equity_ticker": "DDOG",
    "geography": "US",
    "content_name": "Citi's 2023 Global Technology Conference - September 7, 2023",
    "file_type": "pdf",
    "content_type": "sellside_conference_transcript",
    "published_date": "2023-09-07",
    "fiscal_date": "2023-09-07",
    "fiscal_year": null,
    "fiscal_quarter": null,
    "r2_url": "https://pub-2c783279b61043e19fbdadd1bee5153a.r2.dev/DDOG/2023-09-07/Datadog%2C%20Inc._2023-09-07_transcript/Datadog%2C%20Inc._2023-09-07_transcript.pdf/Datadog%2C%20Inc._2023-09-07_transcript.pdf",
    "periodicity": "non_periodic"
  },
  {
    "equity_ticker": "DDOG",
    "geography": "US",
    "content_name": "Goldman Sachs Communacopia & Technology Conference - September 6, 2023",
    "file_type": "pdf",
    "content_type": "sellside_conference_transcript",
    "published_date": "2023-09-06",
    "fiscal_date": "2023-09-06",
    "fiscal_year": null,
    "fiscal_quarter": null,
    "r2_url": "https://pub-2c783279b61043e19fbdadd1bee5153a.r2.dev/DDOG/2023-09-06/Datadog%2C%20Inc._2023-09-06_transcript/Datadog%2C%20Inc._2023-09-06_transcript.pdf/Datadog%2C%20Inc._2023-09-06_transcript.pdf",
    "periodicity": "non_periodic"
  },
  {
    "equity_ticker": "DDOG",
    "geography": "US",
    "content_name": "DDOG Q2 2023 Transcript",
    "file_type": "pdf",
    "content_type": "earnings_transcript",
    "published_date": "2023-08-08",
    "fiscal_date": "2023-08-08",
    "fiscal_year": 2023,
    "fiscal_quarter": 2,
    "r2_url": "https://pub-2c783279b61043e19fbdadd1bee5153a.r2.dev/DDOG/2023-08-08/Datadog%2C%20Inc._2023-08-08_transcript/Datadog%2C%20Inc._2023-08-08_transcript.pdf/Datadog%2C%20Inc._2023-08-08_transcript.pdf",
    "periodicity": "periodic"
  },
  {
    "equity_ticker": "DDOG",
    "geography": "US",
    "content_name": "DDOG Q2 2023 Press Release",
    "file_type": "pdf",
    "content_type": "earnings_press_release",
    "published_date": "2023-08-08",
    "fiscal_date": "2023-08-08",
    "fiscal_year": 2023,
    "fiscal_quarter": 2,
    "r2_url": "https://pub-2c783279b61043e19fbdadd1bee5153a.r2.dev/DDOG/2023-08-08/0177f-2023-08-08-11-27-01/0177f-2023-08-08-11-27-01.pdf/0177f-2023-08-08-11-27-01.pdf",
    "periodicity": "periodic"
  },
  {
    "equity_ticker": "DDOG",
    "geography": "US",
    "content_name": "51st Annual J.P. Morgan\u2019s Global Technology, Media and Communications Conference 2023 - May 22, 2023",
    "file_type": "pdf",
    "content_type": "sellside_conference_transcript",
    "published_date": "2023-05-22",
    "fiscal_date": "2023-05-22",
    "fiscal_year": null,
    "fiscal_quarter": null,
    "r2_url": "https://pub-2c783279b61043e19fbdadd1bee5153a.r2.dev/DDOG/2023-05-22/Datadog%2C%20Inc._2023-05-22_transcript/Datadog%2C%20Inc._2023-05-22_transcript.pdf/Datadog%2C%20Inc._2023-05-22_transcript.pdf",
    "periodicity": "non_periodic"
  },
  {
    "equity_ticker": "DDOG",
    "geography": "US",
    "content_name": "MoffettNathanson Technology, Media, and Telecom Conference - May 17, 2023",
    "file_type": "pdf",
    "content_type": "company_conference_transcript",
    "published_date": "2023-05-17",
    "fiscal_date": "2023-05-17",
    "fiscal_year": null,
    "fiscal_quarter": null,
    "r2_url": "https://pub-2c783279b61043e19fbdadd1bee5153a.r2.dev/DDOG/2023-05-17/Datadog%2C%20Inc._2023-05-17_transcript/Datadog%2C%20Inc._2023-05-17_transcript.pdf/Datadog%2C%20Inc._2023-05-17_transcript.pdf",
    "periodicity": "non_periodic"
  },
  {
    "equity_ticker": "DDOG",
    "geography": "US",
    "content_name": "DDOG Q1 2023 Transcript",
    "file_type": "pdf",
    "content_type": "earnings_transcript",
    "published_date": "2023-05-04",
    "fiscal_date": "2023-05-04",
    "fiscal_year": 2023,
    "fiscal_quarter": 1,
    "r2_url": "https://pub-2c783279b61043e19fbdadd1bee5153a.r2.dev/DDOG/2023-05-04/Datadog%2C%20Inc._2023-05-04_transcript/Datadog%2C%20Inc._2023-05-04_transcript.pdf/Datadog%2C%20Inc._2023-05-04_transcript.pdf",
    "periodicity": "periodic"
  },
  {
    "equity_ticker": "DDOG",
    "geography": "US",
    "content_name": "DDOG Q1 2023 Press Release",
    "file_type": "pdf",
    "content_type": "earnings_press_release",
    "published_date": "2023-05-04",
    "fiscal_date": "2023-05-04",
    "fiscal_year": 2023,
    "fiscal_quarter": 1,
    "r2_url": "https://pub-2c783279b61043e19fbdadd1bee5153a.r2.dev/DDOG/2023-05-04/598dc-2023-05-04-11-40-06/598dc-2023-05-04-11-40-06.pdf/598dc-2023-05-04-11-40-06.pdf",
    "periodicity": "periodic"
  },
  {
    "equity_ticker": "DDOG",
    "geography": "US",
    "content_name": "DDOG Q4 2022 Transcript",
    "file_type": "pdf",
    "content_type": "earnings_transcript",
    "published_date": "2023-02-16",
    "fiscal_date": "2023-02-16",
    "fiscal_year": 2022,
    "fiscal_quarter": 4,
    "r2_url": "https://pub-2c783279b61043e19fbdadd1bee5153a.r2.dev/DDOG/2023-02-16/Datadog%2C%20Inc._2023-02-16_transcript/Datadog%2C%20Inc._2023-02-16_transcript.pdf/Datadog%2C%20Inc._2023-02-16_transcript.pdf",
    "periodicity": "periodic"
  },
  {
    "equity_ticker": "DDOG",
    "geography": "US",
    "content_name": "DDOG Q4 2022 Press Release",
    "file_type": "pdf",
    "content_type": "earnings_press_release",
    "published_date": "2023-02-16",
    "fiscal_date": "2023-02-16",
    "fiscal_year": 2022,
    "fiscal_quarter": 4,
    "r2_url": "https://pub-2c783279b61043e19fbdadd1bee5153a.r2.dev/DDOG/2023-02-16/6a971-2023-02-16-12-16-02/6a971-2023-02-16-12-16-02.pdf/6a971-2023-02-16-12-16-02.pdf",
    "periodicity": "periodic"
  },
  {
    "equity_ticker": "DDOG",
    "geography": "US",
    "content_name": "DDOG Q3 2022 Transcript",
    "file_type": "pdf",
    "content_type": "earnings_transcript",
    "published_date": "2022-11-03",
    "fiscal_date": "2022-11-03",
    "fiscal_year": 2022,
    "fiscal_quarter": 3,
    "r2_url": "https://pub-2c783279b61043e19fbdadd1bee5153a.r2.dev/DDOG/2022-11-03/Datadog%2C%20Inc._2022-11-03_transcript/Datadog%2C%20Inc._2022-11-03_transcript.pdf/Datadog%2C%20Inc._2022-11-03_transcript.pdf",
    "periodicity": "periodic"
  },
  {
    "equity_ticker": "DDOG",
    "geography": "US",
    "content_name": "DDOG Q3 2022 Press Release",
    "file_type": "pdf",
    "content_type": "earnings_press_release",
    "published_date": "2022-11-03",
    "fiscal_date": "2022-11-03",
    "fiscal_year": 2022,
    "fiscal_quarter": 3,
    "r2_url": "https://pub-2c783279b61043e19fbdadd1bee5153a.r2.dev/DDOG/2022-11-03/b3e65-2022-11-03-11-28-14/b3e65-2022-11-03-11-28-14.pdf/b3e65-2022-11-03-11-28-14.pdf",
    "periodicity": "periodic"
  },
  {
    "equity_ticker": "DDOG",
    "geography": "US",
    "content_name": "Investor Meeting - October 19, 2022",
    "file_type": "pdf",
    "content_type": "company_conference_transcript",
    "published_date": "2022-10-19",
    "fiscal_date": "2022-10-19",
    "fiscal_year": null,
    "fiscal_quarter": null,
    "r2_url": "https://pub-2c783279b61043e19fbdadd1bee5153a.r2.dev/DDOG/2022-10-19/Datadog%2C%20Inc._2022-10-19_transcript/Datadog%2C%20Inc._2022-10-19_transcript.pdf/Datadog%2C%20Inc._2022-10-19_transcript.pdf",
    "periodicity": "non_periodic"
  },
  {
    "equity_ticker": "DDOG",
    "geography": "US",
    "content_name": "Investor Meeting - October 19, 2022",
    "file_type": "pdf",
    "content_type": "company_conference_presentation",
    "published_date": "2022-10-19",
    "fiscal_date": "2022-10-19",
    "fiscal_year": null,
    "fiscal_quarter": null,
    "r2_url": "https://pub-2c783279b61043e19fbdadd1bee5153a.r2.dev/DDOG/2022-10-19/85597-2022-10-23-02-20-52/85597-2022-10-23-02-20-52.pdf/85597-2022-10-23-02-20-52.pdf",
    "periodicity": "non_periodic"
  },
  {
    "equity_ticker": "DDOG",
    "geography": "US",
    "content_name": "DDOG Q2 2022 Transcript",
    "file_type": "pdf",
    "content_type": "earnings_transcript",
    "published_date": "2022-08-04",
    "fiscal_date": "2022-08-04",
    "fiscal_year": 2022,
    "fiscal_quarter": 2,
    "r2_url": "https://pub-2c783279b61043e19fbdadd1bee5153a.r2.dev/DDOG/2022-08-04/Datadog%2C%20Inc._2022-08-04_transcript/Datadog%2C%20Inc._2022-08-04_transcript.pdf/Datadog%2C%20Inc._2022-08-04_transcript.pdf",
    "periodicity": "periodic"
  },
  {
    "equity_ticker": "DDOG",
    "geography": "US",
    "content_name": "DDOG Q2 2022 Press Release",
    "file_type": "pdf",
    "content_type": "earnings_press_release",
    "published_date": "2022-08-04",
    "fiscal_date": "2022-08-04",
    "fiscal_year": 2022,
    "fiscal_quarter": 2,
    "r2_url": "https://pub-2c783279b61043e19fbdadd1bee5153a.r2.dev/DDOG/2022-08-04/1878d-2022-08-04-11-29-14/1878d-2022-08-04-11-29-14.pdf/1878d-2022-08-04-11-29-14.pdf",
    "periodicity": "periodic"
  },
  {
    "equity_ticker": "DDOG",
    "geography": "US",
    "content_name": "DDOG Q1 2022 Transcript",
    "file_type": "pdf",
    "content_type": "earnings_transcript",
    "published_date": "2022-05-05",
    "fiscal_date": "2022-05-05",
    "fiscal_year": 2022,
    "fiscal_quarter": 1,
    "r2_url": "https://pub-2c783279b61043e19fbdadd1bee5153a.r2.dev/DDOG/2022-05-05/Datadog%2C%20Inc._2022-05-05_transcript/Datadog%2C%20Inc._2022-05-05_transcript.pdf/Datadog%2C%20Inc._2022-05-05_transcript.pdf",
    "periodicity": "periodic"
  },
  {
    "equity_ticker": "DDOG",
    "geography": "US",
    "content_name": "DDOG Q1 2022 Press Release",
    "file_type": "pdf",
    "content_type": "earnings_press_release",
    "published_date": "2022-05-05",
    "fiscal_date": "2022-05-05",
    "fiscal_year": 2022,
    "fiscal_quarter": 1,
    "r2_url": "https://pub-2c783279b61043e19fbdadd1bee5153a.r2.dev/DDOG/2022-05-05/0c034-2023-01-25-02-35-32/0c034-2023-01-25-02-35-32.pdf/0c034-2023-01-25-02-35-32.pdf",
    "periodicity": "periodic"
  },
  {
    "equity_ticker": "DDOG",
    "geography": "US",
    "content_name": "DDOG Q4 2021 Transcript",
    "file_type": "pdf",
    "content_type": "earnings_transcript",
    "published_date": "2022-02-10",
    "fiscal_date": "2022-02-10",
    "fiscal_year": 2021,
    "fiscal_quarter": 4,
    "r2_url": "https://pub-2c783279b61043e19fbdadd1bee5153a.r2.dev/DDOG/2022-02-10/Datadog%2C%20Inc._2022-02-10_transcript/Datadog%2C%20Inc._2022-02-10_transcript.pdf/Datadog%2C%20Inc._2022-02-10_transcript.pdf",
    "periodicity": "periodic"
  },
  {
    "equity_ticker": "DDOG",
    "geography": "US",
    "content_name": "DDOG Q4 2021 Press Release",
    "file_type": "pdf",
    "content_type": "earnings_press_release",
    "published_date": "2022-02-10",
    "fiscal_date": "2022-02-10",
    "fiscal_year": 2021,
    "fiscal_quarter": 4,
    "r2_url": "https://pub-2c783279b61043e19fbdadd1bee5153a.r2.dev/DDOG/2022-02-10/2d505-2023-01-25-12-12-25/2d505-2023-01-25-12-12-25.pdf/2d505-2023-01-25-12-12-25.pdf",
    "periodicity": "periodic"
  },
  {
    "equity_ticker": "DDOG",
    "geography": "US",
    "content_name": "DDOG Q3 2021 Transcript",
    "file_type": "pdf",
    "content_type": "earnings_transcript",
    "published_date": "2021-11-04",
    "fiscal_date": "2021-11-04",
    "fiscal_year": 2021,
    "fiscal_quarter": 3,
    "r2_url": "https://pub-2c783279b61043e19fbdadd1bee5153a.r2.dev/DDOG/2021-11-04/Datadog%2C%20Inc._2021-11-04_transcript/Datadog%2C%20Inc._2021-11-04_transcript.pdf/Datadog%2C%20Inc._2021-11-04_transcript.pdf",
    "periodicity": "periodic"
  },
  {
    "equity_ticker": "DDOG",
    "geography": "US",
    "content_name": "DDOG Q3 2021 Press Release",
    "file_type": "pdf",
    "content_type": "earnings_press_release",
    "published_date": "2021-11-04",
    "fiscal_date": "2021-11-04",
    "fiscal_year": 2021,
    "fiscal_quarter": 3,
    "r2_url": "https://pub-2c783279b61043e19fbdadd1bee5153a.r2.dev/DDOG/2021-11-04/61570-2023-01-25-10-31-21/61570-2023-01-25-10-31-21.pdf/61570-2023-01-25-10-31-21.pdf",
    "periodicity": "periodic"
  },
  {
    "equity_ticker": "DDOG",
    "geography": "US",
    "content_name": "Investor Meeting - October 27, 2021",
    "file_type": "pdf",
    "content_type": "company_conference_transcript",
    "published_date": "2021-10-27",
    "fiscal_date": "2021-10-27",
    "fiscal_year": null,
    "fiscal_quarter": null,
    "r2_url": "https://pub-2c783279b61043e19fbdadd1bee5153a.r2.dev/DDOG/2021-10-27/Datadog%2C%20Inc._2021-10-27_transcript/Datadog%2C%20Inc._2021-10-27_transcript.pdf/Datadog%2C%20Inc._2021-10-27_transcript.pdf",
    "periodicity": "non_periodic"
  },
  {
    "equity_ticker": "DDOG",
    "geography": "US",
    "content_name": "DDOG Q2 2021 Transcript",
    "file_type": "pdf",
    "content_type": "earnings_transcript",
    "published_date": "2021-08-05",
    "fiscal_date": "2021-08-05",
    "fiscal_year": 2021,
    "fiscal_quarter": 2,
    "r2_url": "https://pub-2c783279b61043e19fbdadd1bee5153a.r2.dev/DDOG/2021-08-05/Datadog%2C%20Inc._2021-08-05_transcript/Datadog%2C%20Inc._2021-08-05_transcript.pdf/Datadog%2C%20Inc._2021-08-05_transcript.pdf",
    "periodicity": "periodic"
  },
  {
    "equity_ticker": "DDOG",
    "geography": "US",
    "content_name": "DDOG Q2 2021 Press Release",
    "file_type": "pdf",
    "content_type": "earnings_press_release",
    "published_date": "2021-08-05",
    "fiscal_date": "2021-08-05",
    "fiscal_year": 2021,
    "fiscal_quarter": 2,
    "r2_url": "https://pub-2c783279b61043e19fbdadd1bee5153a.r2.dev/DDOG/2021-08-05/87aac-2023-01-25-10-47-01/87aac-2023-01-25-10-47-01.pdf/87aac-2023-01-25-10-47-01.pdf",
    "periodicity": "periodic"
  },
  {
    "equity_ticker": "DDOG",
    "geography": "US",
    "content_name": "ASM 2021 - June 10, 2021",
    "file_type": "pdf",
    "content_type": "company_conference_transcript",
    "published_date": "2021-06-10",
    "fiscal_date": "2021-06-10",
    "fiscal_year": null,
    "fiscal_quarter": null,
    "r2_url": "https://pub-2c783279b61043e19fbdadd1bee5153a.r2.dev/DDOG/2021-06-10/Datadog%2C%20Inc._2021-06-10_transcript/Datadog%2C%20Inc._2021-06-10_transcript.pdf/Datadog%2C%20Inc._2021-06-10_transcript.pdf",
    "periodicity": "non_periodic"
  },
  {
    "equity_ticker": "DDOG",
    "geography": "US",
    "content_name": "DDOG Q1 2021 Transcript",
    "file_type": "pdf",
    "content_type": "earnings_transcript",
    "published_date": "2021-05-06",
    "fiscal_date": "2021-05-06",
    "fiscal_year": 2021,
    "fiscal_quarter": 1,
    "r2_url": "https://pub-2c783279b61043e19fbdadd1bee5153a.r2.dev/DDOG/2021-05-06/Datadog%2C%20Inc._2021-05-06_transcript/Datadog%2C%20Inc._2021-05-06_transcript.pdf/Datadog%2C%20Inc._2021-05-06_transcript.pdf",
    "periodicity": "periodic"
  },
  {
    "equity_ticker": "DDOG",
    "geography": "US",
    "content_name": "DDOG Q1 2021 Press Release",
    "file_type": "pdf",
    "content_type": "quarterly_report",
    "published_date": "2021-05-06",
    "fiscal_date": "2021-05-06",
    "fiscal_year": 2021,
    "fiscal_quarter": 1,
    "r2_url": "https://pub-2c783279b61043e19fbdadd1bee5153a.r2.dev/DDOG/2021-05-06/105d8-2024-08-29-12-09-59/105d8-2024-08-29-12-09-59.pdf/105d8-2024-08-29-12-09-59.pdf",
    "periodicity": "periodic"
  },
  {
    "equity_ticker": "DDOG",
    "geography": "US",
    "content_name": "DDOG Q4 2020 Transcript",
    "file_type": "pdf",
    "content_type": "earnings_transcript",
    "published_date": "2021-02-11",
    "fiscal_date": "2021-02-11",
    "fiscal_year": 2020,
    "fiscal_quarter": 4,
    "r2_url": "https://pub-2c783279b61043e19fbdadd1bee5153a.r2.dev/DDOG/2021-02-11/Datadog%2C%20Inc._2021-02-11_transcript/Datadog%2C%20Inc._2021-02-11_transcript.pdf/Datadog%2C%20Inc._2021-02-11_transcript.pdf",
    "periodicity": "periodic"
  },
  {
    "equity_ticker": "DDOG",
    "geography": "US",
    "content_name": "DDOG Q4 2020 Press Release",
    "file_type": "pdf",
    "content_type": "earnings_press_release",
    "published_date": "2021-02-11",
    "fiscal_date": "2021-02-11",
    "fiscal_year": 2020,
    "fiscal_quarter": 4,
    "r2_url": "https://pub-2c783279b61043e19fbdadd1bee5153a.r2.dev/DDOG/2021-02-11/c5c8b-2022-06-27-07-08-28/c5c8b-2022-06-27-07-08-28.pdf/c5c8b-2022-06-27-07-08-28.pdf",
    "periodicity": "periodic"
  },
  {
    "equity_ticker": "DDOG",
    "geography": "US",
    "content_name": "DDOG Q3 2020 Transcript",
    "file_type": "pdf",
    "content_type": "earnings_transcript",
    "published_date": "2020-11-10",
    "fiscal_date": "2020-11-10",
    "fiscal_year": 2020,
    "fiscal_quarter": 3,
    "r2_url": "https://pub-2c783279b61043e19fbdadd1bee5153a.r2.dev/DDOG/2020-11-10/Datadog%2C%20Inc._2020-11-10_transcript/Datadog%2C%20Inc._2020-11-10_transcript.pdf/Datadog%2C%20Inc._2020-11-10_transcript.pdf",
    "periodicity": "periodic"
  },
  {
    "equity_ticker": "DDOG",
    "geography": "US",
    "content_name": "DDOG Q3 2020 Press Release",
    "file_type": "pdf",
    "content_type": "earnings_press_release",
    "published_date": "2020-11-10",
    "fiscal_date": "2020-11-10",
    "fiscal_year": 2020,
    "fiscal_quarter": 3,
    "r2_url": "https://pub-2c783279b61043e19fbdadd1bee5153a.r2.dev/DDOG/2020-11-10/17d30-2022-06-27-07-23-29/17d30-2022-06-27-07-23-29.pdf/17d30-2022-06-27-07-23-29.pdf",
    "periodicity": "periodic"
  },
  {
    "equity_ticker": "DDOG",
    "geography": "US",
    "content_name": "DDOG Q2 2020 Transcript",
    "file_type": "pdf",
    "content_type": "earnings_transcript",
    "published_date": "2020-08-06",
    "fiscal_date": "2020-08-06",
    "fiscal_year": 2020,
    "fiscal_quarter": 2,
    "r2_url": "https://pub-2c783279b61043e19fbdadd1bee5153a.r2.dev/DDOG/2020-08-06/Datadog%2C%20Inc._2020-08-06_transcript/Datadog%2C%20Inc._2020-08-06_transcript.pdf/Datadog%2C%20Inc._2020-08-06_transcript.pdf",
    "periodicity": "periodic"
  },
  {
    "equity_ticker": "DDOG",
    "geography": "US",
    "content_name": "DDOG Q2 2020 Press Release",
    "file_type": "pdf",
    "content_type": "earnings_press_release",
    "published_date": "2020-08-06",
    "fiscal_date": "2020-08-06",
    "fiscal_year": 2020,
    "fiscal_quarter": 2,
    "r2_url": "https://pub-2c783279b61043e19fbdadd1bee5153a.r2.dev/DDOG/2020-08-06/96bf7-2023-04-11-02-25-34/96bf7-2023-04-11-02-25-34.pdf/96bf7-2023-04-11-02-25-34.pdf",
    "periodicity": "periodic"
  },
  {
    "equity_ticker": "DDOG",
    "geography": "US",
    "content_name": "ASM 2020 - June 11, 2020",
    "file_type": "pdf",
    "content_type": "company_conference_transcript",
    "published_date": "2020-06-11",
    "fiscal_date": "2020-06-11",
    "fiscal_year": null,
    "fiscal_quarter": null,
    "r2_url": "https://pub-2c783279b61043e19fbdadd1bee5153a.r2.dev/DDOG/2020-06-11/Datadog%2C%20Inc._2020-06-11_transcript/Datadog%2C%20Inc._2020-06-11_transcript.pdf/Datadog%2C%20Inc._2020-06-11_transcript.pdf",
    "periodicity": "non_periodic"
  },
  {
    "equity_ticker": "DDOG",
    "geography": "US",
    "content_name": "DDOG Q1 2020 Transcript",
    "file_type": "pdf",
    "content_type": "earnings_transcript",
    "published_date": "2020-05-11",
    "fiscal_date": "2020-05-11",
    "fiscal_year": 2020,
    "fiscal_quarter": 1,
    "r2_url": "https://pub-2c783279b61043e19fbdadd1bee5153a.r2.dev/DDOG/2020-05-11/Datadog%2C%20Inc._2020-05-11_transcript/Datadog%2C%20Inc._2020-05-11_transcript.pdf/Datadog%2C%20Inc._2020-05-11_transcript.pdf",
    "periodicity": "periodic"
  },
  {
    "equity_ticker": "DDOG",
    "geography": "US",
    "content_name": "DDOG Q1 2020 Press Release",
    "file_type": "pdf",
    "content_type": "earnings_press_release",
    "published_date": "2020-05-11",
    "fiscal_date": "2020-05-11",
    "fiscal_year": 2020,
    "fiscal_quarter": 1,
    "r2_url": "https://pub-2c783279b61043e19fbdadd1bee5153a.r2.dev/DDOG/2020-05-11/7260c-2023-04-11-02-05-53/7260c-2023-04-11-02-05-53.pdf/7260c-2023-04-11-02-05-53.pdf",
    "periodicity": "periodic"
  },
  {
    "equity_ticker": "DDOG",
    "geography": "US",
    "content_name": "DDOG Q4 2019 Transcript",
    "file_type": "pdf",
    "content_type": "earnings_transcript",
    "published_date": "2020-02-13",
    "fiscal_date": "2020-02-13",
    "fiscal_year": 2019,
    "fiscal_quarter": 4,
    "r2_url": "https://pub-2c783279b61043e19fbdadd1bee5153a.r2.dev/DDOG/2020-02-13/Datadog%2C%20Inc._2020-02-13_transcript/Datadog%2C%20Inc._2020-02-13_transcript.pdf/Datadog%2C%20Inc._2020-02-13_transcript.pdf",
    "periodicity": "periodic"
  },
  {
    "equity_ticker": "DDOG",
    "geography": "US",
    "content_name": "DDOG Q4 2019 Press Release",
    "file_type": "pdf",
    "content_type": "earnings_press_release",
    "published_date": "2020-02-13",
    "fiscal_date": "2020-02-13",
    "fiscal_year": 2019,
    "fiscal_quarter": 4,
    "r2_url": "https://pub-2c783279b61043e19fbdadd1bee5153a.r2.dev/DDOG/2020-02-13/2af20-2023-04-12-08-32-51/2af20-2023-04-12-08-32-51.pdf/2af20-2023-04-12-08-32-51.pdf",
    "periodicity": "periodic"
  },
  {
    "equity_ticker": "DDOG",
    "geography": "US",
    "content_name": "DDOG Q3 2019 Transcript",
    "file_type": "pdf",
    "content_type": "earnings_transcript",
    "published_date": "2019-11-12",
    "fiscal_date": "2019-11-12",
    "fiscal_year": 2019,
    "fiscal_quarter": 3,
    "r2_url": "https://pub-2c783279b61043e19fbdadd1bee5153a.r2.dev/DDOG/2019-11-12/Datadog%2C%20Inc._2019-11-12_transcript/Datadog%2C%20Inc._2019-11-12_transcript.pdf/Datadog%2C%20Inc._2019-11-12_transcript.pdf",
    "periodicity": "periodic"
  },
  {
    "equity_ticker": "DDOG",
    "geography": "US",
    "content_name": "DDOG Q3 2019 Press Release",
    "file_type": "pdf",
    "content_type": "earnings_press_release",
    "published_date": "2019-11-12",
    "fiscal_date": "2019-11-12",
    "fiscal_year": 2019,
    "fiscal_quarter": 3,
    "r2_url": "https://pub-2c783279b61043e19fbdadd1bee5153a.r2.dev/DDOG/2019-11-12/f7439-2023-04-12-08-09-53/f7439-2023-04-12-08-09-53.pdf/f7439-2023-04-12-08-09-53.pdf",
    "periodicity": "periodic"
  }
]