[
    {
        "equity_ticker": "DLB",
        "geography": "US",
        "content_name": "DLB Q1 2025 Transcript",
        "file_type": "pdf",
        "content_type": "earnings_transcript",
        "published_date": "2025-01-29",
        "fiscal_date": "2025-01-29",
        "fiscal_year": 2025,
        "fiscal_quarter": 1,
        "r2_url": "https://pub-2c783279b61043e19fbdadd1bee5153a.r2.dev/DLB/2025-01-29/Dolby%20Laboratories%2C%20Inc._2025-01-29_transcript/Dolby%20Laboratories%2C%20Inc._2025-01-29_transcript.pdf/Dolby%20Laboratories%2C%20Inc._2025-01-29_transcript.pdf",
        "periodicity": "periodic"
    },
    {
        "equity_ticker": "DLB",
        "geography": "US",
        "content_name": "DLB Q1 2025 Press Release",
        "file_type": "pdf",
        "content_type": "earnings_press_release",
        "published_date": "2025-01-29",
        "fiscal_date": "2025-01-29",
        "fiscal_year": 2025,
        "fiscal_quarter": 1,
        "r2_url": "https://pub-2c783279b61043e19fbdadd1bee5153a.r2.dev/DLB/2025-01-29/f92d1-2025-01-29-09-21-21/f92d1-2025-01-29-09-21-21.pdf/f92d1-2025-01-29-09-21-21.pdf",
        "periodicity": "periodic"
    },
    {
        "equity_ticker": "DLB",
        "geography": "US",
        "content_name": "DLB Q4 2024 Transcript",
        "file_type": "pdf",
        "content_type": "earnings_transcript",
        "published_date": "2024-11-19",
        "fiscal_date": "2024-11-19",
        "fiscal_year": 2024,
        "fiscal_quarter": 4,
        "r2_url": "https://pub-2c783279b61043e19fbdadd1bee5153a.r2.dev/DLB/2024-11-19/Dolby%20Laboratories%2C%20Inc._2024-11-19_transcript/Dolby%20Laboratories%2C%20Inc._2024-11-19_transcript.pdf/Dolby%20Laboratories%2C%20Inc._2024-11-19_transcript.pdf",
        "periodicity": "periodic"
    },
    {
        "equity_ticker": "DLB",
        "geography": "US",
        "content_name": "DLB Q4 2024 Press Release",
        "file_type": "pdf",
        "content_type": "earnings_press_release",
        "published_date": "2024-11-19",
        "fiscal_date": "2024-11-19",
        "fiscal_year": 2024,
        "fiscal_quarter": 4,
        "r2_url": "https://pub-2c783279b61043e19fbdadd1bee5153a.r2.dev/DLB/2024-11-19/56fab-2024-11-19-09-51-21/56fab-2024-11-19-09-51-21.pdf/56fab-2024-11-19-09-51-21.pdf",
        "periodicity": "periodic"
    },
    {
        "equity_ticker": "DLB",
        "geography": "US",
        "content_name": "Goldman Sachs Communacopia + Technology Conference 2024 - September 12, 2024",
        "file_type": "pdf",
        "content_type": "sellside_conference_transcript",
        "published_date": "2024-09-12",
        "fiscal_date": "2024-09-12",
        "fiscal_year": null,
        "fiscal_quarter": null,
        "r2_url": "https://pub-2c783279b61043e19fbdadd1bee5153a.r2.dev/DLB/2024-09-12/Dolby%20Laboratories%2C%20Inc._2024-09-12_transcript/Dolby%20Laboratories%2C%20Inc._2024-09-12_transcript.pdf/Dolby%20Laboratories%2C%20Inc._2024-09-12_transcript.pdf",
        "periodicity": "non_periodic"
    },
    {
        "equity_ticker": "DLB",
        "geography": "US",
        "content_name": "Rosenblatt\u2019s 4th Annual Technology Summit - The Age of AI (Part II) - August 20, 2024",
        "file_type": "pdf",
        "content_type": "company_conference_transcript",
        "published_date": "2024-08-20",
        "fiscal_date": "2024-08-20",
        "fiscal_year": null,
        "fiscal_quarter": null,
        "r2_url": "https://pub-2c783279b61043e19fbdadd1bee5153a.r2.dev/DLB/2024-08-20/Dolby%20Laboratories%2C%20Inc._2024-08-20_transcript/Dolby%20Laboratories%2C%20Inc._2024-08-20_transcript.pdf/Dolby%20Laboratories%2C%20Inc._2024-08-20_transcript.pdf",
        "periodicity": "non_periodic"
    },
    {
        "equity_ticker": "DLB",
        "geography": "US",
        "content_name": "DLB Q3 2024 Transcript",
        "file_type": "pdf",
        "content_type": "earnings_transcript",
        "published_date": "2024-08-07",
        "fiscal_date": "2024-08-07",
        "fiscal_year": 2024,
        "fiscal_quarter": 3,
        "r2_url": "https://pub-2c783279b61043e19fbdadd1bee5153a.r2.dev/DLB/2024-08-07/Dolby%20Laboratories%2C%20Inc._2024-08-07_transcript/Dolby%20Laboratories%2C%20Inc._2024-08-07_transcript.pdf/Dolby%20Laboratories%2C%20Inc._2024-08-07_transcript.pdf",
        "periodicity": "periodic"
    },
    {
        "equity_ticker": "DLB",
        "geography": "US",
        "content_name": "DLB Q3 2024 Press Release",
        "file_type": "pdf",
        "content_type": "earnings_press_release",
        "published_date": "2024-08-07",
        "fiscal_date": "2024-08-07",
        "fiscal_year": 2024,
        "fiscal_quarter": 3,
        "r2_url": "https://pub-2c783279b61043e19fbdadd1bee5153a.r2.dev/DLB/2024-08-07/e35ac-2024-08-07-08-58-18/e35ac-2024-08-07-08-58-18.pdf/e35ac-2024-08-07-08-58-18.pdf",
        "periodicity": "periodic"
    },
    {
        "equity_ticker": "DLB",
        "geography": "US",
        "content_name": "Baird 2024 Global Consumer, Technology, & Services Conference - June 5, 2024",
        "file_type": "pdf",
        "content_type": "company_conference_transcript",
        "published_date": "2024-06-05",
        "fiscal_date": "2024-06-05",
        "fiscal_year": null,
        "fiscal_quarter": null,
        "r2_url": "https://pub-2c783279b61043e19fbdadd1bee5153a.r2.dev/DLB/2024-06-05/Dolby%20Laboratories%2C%20Inc._2024-06-05_transcript/Dolby%20Laboratories%2C%20Inc._2024-06-05_transcript.pdf/Dolby%20Laboratories%2C%20Inc._2024-06-05_transcript.pdf",
        "periodicity": "non_periodic"
    },
    {
        "equity_ticker": "DLB",
        "geography": "US",
        "content_name": "The 44th Annual William Blair Growth Stock Conference - June 4, 2024",
        "file_type": "pdf",
        "content_type": "sellside_conference_transcript",
        "published_date": "2024-06-04",
        "fiscal_date": "2024-06-04",
        "fiscal_year": null,
        "fiscal_quarter": null,
        "r2_url": "https://pub-2c783279b61043e19fbdadd1bee5153a.r2.dev/DLB/2024-06-04/Dolby%20Laboratories%2C%20Inc._2024-06-04_transcript/Dolby%20Laboratories%2C%20Inc._2024-06-04_transcript.pdf/Dolby%20Laboratories%2C%20Inc._2024-06-04_transcript.pdf",
        "periodicity": "non_periodic"
    },
    {
        "equity_ticker": "DLB",
        "geography": "US",
        "content_name": "The 52nd J.P. Morgan Annual Global Technology, Media & Communications Conference - May 21, 2024",
        "file_type": "pdf",
        "content_type": "sellside_conference_transcript",
        "published_date": "2024-05-21",
        "fiscal_date": "2024-05-21",
        "fiscal_year": null,
        "fiscal_quarter": null,
        "r2_url": "https://pub-2c783279b61043e19fbdadd1bee5153a.r2.dev/DLB/2024-05-21/Dolby%20Laboratories%2C%20Inc._2024-05-21_transcript/Dolby%20Laboratories%2C%20Inc._2024-05-21_transcript.pdf/Dolby%20Laboratories%2C%20Inc._2024-05-21_transcript.pdf",
        "periodicity": "non_periodic"
    },
    {
        "equity_ticker": "DLB",
        "geography": "US",
        "content_name": "DLB Q2 2024 Transcript",
        "file_type": "pdf",
        "content_type": "earnings_transcript",
        "published_date": "2024-05-02",
        "fiscal_date": "2024-05-02",
        "fiscal_year": 2024,
        "fiscal_quarter": 2,
        "r2_url": "https://pub-2c783279b61043e19fbdadd1bee5153a.r2.dev/DLB/2024-05-02/Dolby%20Laboratories%2C%20Inc._2024-05-02_transcript/Dolby%20Laboratories%2C%20Inc._2024-05-02_transcript.pdf/Dolby%20Laboratories%2C%20Inc._2024-05-02_transcript.pdf",
        "periodicity": "periodic"
    },
    {
        "equity_ticker": "DLB",
        "geography": "US",
        "content_name": "DLB Q2 2024 Press Release",
        "file_type": "pdf",
        "content_type": "earnings_press_release",
        "published_date": "2024-05-02",
        "fiscal_date": "2024-05-02",
        "fiscal_year": 2024,
        "fiscal_quarter": 2,
        "r2_url": "https://pub-2c783279b61043e19fbdadd1bee5153a.r2.dev/DLB/2024-05-02/4f1d8-2024-05-02-08-35-18/4f1d8-2024-05-02-08-35-18.pdf/4f1d8-2024-05-02-08-35-18.pdf",
        "periodicity": "periodic"
    },
    {
        "equity_ticker": "DLB",
        "geography": "US",
        "content_name": "Morgan Stanley\u2019s Technology, Media & Telecom Conference 2024 - March 5, 2024",
        "file_type": "pdf",
        "content_type": "sellside_conference_transcript",
        "published_date": "2024-03-05",
        "fiscal_date": "2024-03-05",
        "fiscal_year": null,
        "fiscal_quarter": null,
        "r2_url": "https://pub-2c783279b61043e19fbdadd1bee5153a.r2.dev/DLB/2024-03-05/Dolby%20Laboratories%2C%20Inc._2024-03-05_transcript/Dolby%20Laboratories%2C%20Inc._2024-03-05_transcript.pdf/Dolby%20Laboratories%2C%20Inc._2024-03-05_transcript.pdf",
        "periodicity": "non_periodic"
    },
    {
        "equity_ticker": "DLB",
        "geography": "US",
        "content_name": "DLB Q1 2024 Transcript",
        "file_type": "pdf",
        "content_type": "earnings_transcript",
        "published_date": "2024-02-01",
        "fiscal_date": "2024-02-01",
        "fiscal_year": 2024,
        "fiscal_quarter": 1,
        "r2_url": "https://pub-2c783279b61043e19fbdadd1bee5153a.r2.dev/DLB/2024-02-01/Dolby%20Laboratories%2C%20Inc._2024-02-01_transcript/Dolby%20Laboratories%2C%20Inc._2024-02-01_transcript.pdf/Dolby%20Laboratories%2C%20Inc._2024-02-01_transcript.pdf",
        "periodicity": "periodic"
    },
    {
        "equity_ticker": "DLB",
        "geography": "US",
        "content_name": "DLB Q1 2024 Press Release",
        "file_type": "pdf",
        "content_type": "earnings_press_release",
        "published_date": "2024-02-01",
        "fiscal_date": "2024-02-01",
        "fiscal_year": 2024,
        "fiscal_quarter": 1,
        "r2_url": "https://pub-2c783279b61043e19fbdadd1bee5153a.r2.dev/DLB/2024-02-01/eea24-2024-02-01-09-05-17/eea24-2024-02-01-09-05-17.pdf/eea24-2024-02-01-09-05-17.pdf",
        "periodicity": "periodic"
    },
    {
        "equity_ticker": "DLB",
        "geography": "US",
        "content_name": "DLB Q4 2023 Transcript",
        "file_type": "pdf",
        "content_type": "earnings_transcript",
        "published_date": "2023-11-16",
        "fiscal_date": "2023-11-16",
        "fiscal_year": 2023,
        "fiscal_quarter": 4,
        "r2_url": "https://pub-2c783279b61043e19fbdadd1bee5153a.r2.dev/DLB/2023-11-16/Dolby%20Laboratories%2C%20Inc._2023-11-16_transcript/Dolby%20Laboratories%2C%20Inc._2023-11-16_transcript.pdf/Dolby%20Laboratories%2C%20Inc._2023-11-16_transcript.pdf",
        "periodicity": "periodic"
    },
    {
        "equity_ticker": "DLB",
        "geography": "US",
        "content_name": "DLB Q4 2023 Press Release",
        "file_type": "pdf",
        "content_type": "earnings_press_release",
        "published_date": "2023-11-16",
        "fiscal_date": "2023-11-16",
        "fiscal_year": 2023,
        "fiscal_quarter": 4,
        "r2_url": "https://pub-2c783279b61043e19fbdadd1bee5153a.r2.dev/DLB/2023-11-16/27dd4-2023-11-16-09-54-18/27dd4-2023-11-16-09-54-18.pdf/27dd4-2023-11-16-09-54-18.pdf",
        "periodicity": "periodic"
    },
    {
        "equity_ticker": "DLB",
        "geography": "US",
        "content_name": "DLB Q3 2023 Transcript",
        "file_type": "pdf",
        "content_type": "earnings_transcript",
        "published_date": "2023-08-03",
        "fiscal_date": "2023-08-03",
        "fiscal_year": 2023,
        "fiscal_quarter": 3,
        "r2_url": "https://pub-2c783279b61043e19fbdadd1bee5153a.r2.dev/DLB/2023-08-03/Dolby%20Laboratories%2C%20Inc._2023-08-03_transcript/Dolby%20Laboratories%2C%20Inc._2023-08-03_transcript.pdf/Dolby%20Laboratories%2C%20Inc._2023-08-03_transcript.pdf",
        "periodicity": "periodic"
    },
    {
        "equity_ticker": "DLB",
        "geography": "US",
        "content_name": "DLB Q3 2023 Press Release",
        "file_type": "pdf",
        "content_type": "earnings_press_release",
        "published_date": "2023-08-03",
        "fiscal_date": "2023-08-03",
        "fiscal_year": 2023,
        "fiscal_quarter": 3,
        "r2_url": "https://pub-2c783279b61043e19fbdadd1bee5153a.r2.dev/DLB/2023-08-03/6268d-2023-08-03-08-50-23/6268d-2023-08-03-08-50-23.pdf/6268d-2023-08-03-08-50-23.pdf",
        "periodicity": "periodic"
    },
    {
        "equity_ticker": "DLB",
        "geography": "US",
        "content_name": "51st Annual J.P. Morgan\u2019s Global Technology, Media and Communications Conference 2023 - May 24, 2023",
        "file_type": "pdf",
        "content_type": "sellside_conference_transcript",
        "published_date": "2023-05-24",
        "fiscal_date": "2023-05-24",
        "fiscal_year": null,
        "fiscal_quarter": null,
        "r2_url": "https://pub-2c783279b61043e19fbdadd1bee5153a.r2.dev/DLB/2023-05-24/Dolby%20Laboratories%2C%20Inc._2023-05-24_transcript/Dolby%20Laboratories%2C%20Inc._2023-05-24_transcript.pdf/Dolby%20Laboratories%2C%20Inc._2023-05-24_transcript.pdf",
        "periodicity": "non_periodic"
    },
    {
        "equity_ticker": "DLB",
        "geography": "US",
        "content_name": "DLB Q2 2023 Transcript",
        "file_type": "pdf",
        "content_type": "earnings_transcript",
        "published_date": "2023-05-04",
        "fiscal_date": "2023-05-04",
        "fiscal_year": 2023,
        "fiscal_quarter": 2,
        "r2_url": "https://pub-2c783279b61043e19fbdadd1bee5153a.r2.dev/DLB/2023-05-04/Dolby%20Laboratories%2C%20Inc._2023-05-04_transcript/Dolby%20Laboratories%2C%20Inc._2023-05-04_transcript.pdf/Dolby%20Laboratories%2C%20Inc._2023-05-04_transcript.pdf",
        "periodicity": "periodic"
    },
    {
        "equity_ticker": "DLB",
        "geography": "US",
        "content_name": "DLB Q2 2023 Press Release",
        "file_type": "pdf",
        "content_type": "earnings_press_release",
        "published_date": "2023-05-04",
        "fiscal_date": "2023-05-04",
        "fiscal_year": 2023,
        "fiscal_quarter": 2,
        "r2_url": "https://pub-2c783279b61043e19fbdadd1bee5153a.r2.dev/DLB/2023-05-04/a935d-2023-05-04-08-57-40/a935d-2023-05-04-08-57-40.pdf/a935d-2023-05-04-08-57-40.pdf",
        "periodicity": "periodic"
    },
    {
        "equity_ticker": "DLB",
        "geography": "US",
        "content_name": "DLB Q1 2023 Transcript",
        "file_type": "pdf",
        "content_type": "earnings_transcript",
        "published_date": "2023-02-02",
        "fiscal_date": "2023-02-02",
        "fiscal_year": 2023,
        "fiscal_quarter": 1,
        "r2_url": "https://pub-2c783279b61043e19fbdadd1bee5153a.r2.dev/DLB/2023-02-02/Dolby%20Laboratories%2C%20Inc._2023-02-02_transcript/Dolby%20Laboratories%2C%20Inc._2023-02-02_transcript.pdf/Dolby%20Laboratories%2C%20Inc._2023-02-02_transcript.pdf",
        "periodicity": "periodic"
    },
    {
        "equity_ticker": "DLB",
        "geography": "US",
        "content_name": "DLB Q1 2023 Press Release",
        "file_type": "pdf",
        "content_type": "earnings_press_release",
        "published_date": "2023-02-02",
        "fiscal_date": "2023-02-02",
        "fiscal_year": 2023,
        "fiscal_quarter": 1,
        "r2_url": "https://pub-2c783279b61043e19fbdadd1bee5153a.r2.dev/DLB/2023-02-02/38718-2023-02-02-09-06-41/38718-2023-02-02-09-06-41.pdf/38718-2023-02-02-09-06-41.pdf",
        "periodicity": "periodic"
    },
    {
        "equity_ticker": "DLB",
        "geography": "US",
        "content_name": "DLB Q4 2022 Transcript",
        "file_type": "pdf",
        "content_type": "earnings_transcript",
        "published_date": "2022-11-17",
        "fiscal_date": "2022-11-17",
        "fiscal_year": 2022,
        "fiscal_quarter": 4,
        "r2_url": "https://pub-2c783279b61043e19fbdadd1bee5153a.r2.dev/DLB/2022-11-17/Dolby%20Laboratories%2C%20Inc._2022-11-17_transcript/Dolby%20Laboratories%2C%20Inc._2022-11-17_transcript.pdf/Dolby%20Laboratories%2C%20Inc._2022-11-17_transcript.pdf",
        "periodicity": "periodic"
    },
    {
        "equity_ticker": "DLB",
        "geography": "US",
        "content_name": "DLB Q4 2022 Press Release",
        "file_type": "pdf",
        "content_type": "earnings_press_release",
        "published_date": "2022-11-17",
        "fiscal_date": "2022-11-17",
        "fiscal_year": 2022,
        "fiscal_quarter": 4,
        "r2_url": "https://pub-2c783279b61043e19fbdadd1bee5153a.r2.dev/DLB/2022-11-17/14b90-2022-11-17-09-32-38/14b90-2022-11-17-09-32-38.pdf/14b90-2022-11-17-09-32-38.pdf",
        "periodicity": "periodic"
    },
    {
        "equity_ticker": "DLB",
        "geography": "US",
        "content_name": "DLB Q3 2022 Transcript",
        "file_type": "pdf",
        "content_type": "earnings_transcript",
        "published_date": "2022-08-09",
        "fiscal_date": "2022-08-09",
        "fiscal_year": 2022,
        "fiscal_quarter": 3,
        "r2_url": "https://pub-2c783279b61043e19fbdadd1bee5153a.r2.dev/DLB/2022-08-09/Dolby%20Laboratories%2C%20Inc._2022-08-09_transcript/Dolby%20Laboratories%2C%20Inc._2022-08-09_transcript.pdf/Dolby%20Laboratories%2C%20Inc._2022-08-09_transcript.pdf",
        "periodicity": "periodic"
    },
    {
        "equity_ticker": "DLB",
        "geography": "US",
        "content_name": "DLB Q3 2022 Press Release",
        "file_type": "pdf",
        "content_type": "earnings_press_release",
        "published_date": "2022-08-09",
        "fiscal_date": "2022-08-09",
        "fiscal_year": 2022,
        "fiscal_quarter": 3,
        "r2_url": "https://pub-2c783279b61043e19fbdadd1bee5153a.r2.dev/DLB/2022-08-09/cc522-2022-08-09-08-17-29/cc522-2022-08-09-08-17-29.pdf/cc522-2022-08-09-08-17-29.pdf",
        "periodicity": "periodic"
    },
    {
        "equity_ticker": "DLB",
        "geography": "US",
        "content_name": "DLB Q2 2022 Transcript",
        "file_type": "pdf",
        "content_type": "earnings_transcript",
        "published_date": "2022-05-05",
        "fiscal_date": "2022-05-05",
        "fiscal_year": 2022,
        "fiscal_quarter": 2,
        "r2_url": "https://pub-2c783279b61043e19fbdadd1bee5153a.r2.dev/DLB/2022-05-05/Dolby%20Laboratories%2C%20Inc._2022-05-05_transcript/Dolby%20Laboratories%2C%20Inc._2022-05-05_transcript.pdf/Dolby%20Laboratories%2C%20Inc._2022-05-05_transcript.pdf",
        "periodicity": "periodic"
    },
    {
        "equity_ticker": "DLB",
        "geography": "US",
        "content_name": "DLB Q2 2022 Press Release",
        "file_type": "pdf",
        "content_type": "earnings_press_release",
        "published_date": "2022-05-05",
        "fiscal_date": "2022-05-05",
        "fiscal_year": 2022,
        "fiscal_quarter": 2,
        "r2_url": "https://pub-2c783279b61043e19fbdadd1bee5153a.r2.dev/DLB/2022-05-05/bf92f-2023-01-25-02-09-34/bf92f-2023-01-25-02-09-34.pdf/bf92f-2023-01-25-02-09-34.pdf",
        "periodicity": "periodic"
    },
    {
        "equity_ticker": "DLB",
        "geography": "US",
        "content_name": "DLB Q1 2022 Transcript",
        "file_type": "pdf",
        "content_type": "earnings_transcript",
        "published_date": "2022-02-03",
        "fiscal_date": "2022-02-03",
        "fiscal_year": 2022,
        "fiscal_quarter": 1,
        "r2_url": "https://pub-2c783279b61043e19fbdadd1bee5153a.r2.dev/DLB/2022-02-03/Dolby%20Laboratories%2C%20Inc._2022-02-03_transcript/Dolby%20Laboratories%2C%20Inc._2022-02-03_transcript.pdf/Dolby%20Laboratories%2C%20Inc._2022-02-03_transcript.pdf",
        "periodicity": "periodic"
    },
    {
        "equity_ticker": "DLB",
        "geography": "US",
        "content_name": "DLB Q1 2022 Press Release",
        "file_type": "pdf",
        "content_type": "earnings_press_release",
        "published_date": "2022-02-03",
        "fiscal_date": "2022-02-03",
        "fiscal_year": 2022,
        "fiscal_quarter": 1,
        "r2_url": "https://pub-2c783279b61043e19fbdadd1bee5153a.r2.dev/DLB/2022-02-03/58299-2023-01-25-12-21-22/58299-2023-01-25-12-21-22.pdf/58299-2023-01-25-12-21-22.pdf",
        "periodicity": "periodic"
    },
    {
        "equity_ticker": "DLB",
        "geography": "US",
        "content_name": "DLB Q4 2021 Transcript",
        "file_type": "pdf",
        "content_type": "earnings_transcript",
        "published_date": "2021-11-16",
        "fiscal_date": "2021-11-16",
        "fiscal_year": 2021,
        "fiscal_quarter": 4,
        "r2_url": "https://pub-2c783279b61043e19fbdadd1bee5153a.r2.dev/DLB/2021-11-16/Dolby%20Laboratories%2C%20Inc._2021-11-16_transcript/Dolby%20Laboratories%2C%20Inc._2021-11-16_transcript.pdf/Dolby%20Laboratories%2C%20Inc._2021-11-16_transcript.pdf",
        "periodicity": "periodic"
    },
    {
        "equity_ticker": "DLB",
        "geography": "US",
        "content_name": "DLB Q4 2021 Press Release",
        "file_type": "pdf",
        "content_type": "earnings_press_release",
        "published_date": "2021-11-16",
        "fiscal_date": "2021-11-16",
        "fiscal_year": 2021,
        "fiscal_quarter": 4,
        "r2_url": "https://pub-2c783279b61043e19fbdadd1bee5153a.r2.dev/DLB/2021-11-16/89392-2023-01-25-12-07-00/89392-2023-01-25-12-07-00.pdf/89392-2023-01-25-12-07-00.pdf",
        "periodicity": "periodic"
    },
    {
        "equity_ticker": "DLB",
        "geography": "US",
        "content_name": "DLB Q3 2021 Transcript",
        "file_type": "pdf",
        "content_type": "earnings_transcript",
        "published_date": "2021-07-29",
        "fiscal_date": "2021-07-29",
        "fiscal_year": 2021,
        "fiscal_quarter": 3,
        "r2_url": "https://pub-2c783279b61043e19fbdadd1bee5153a.r2.dev/DLB/2021-07-29/Dolby%20Laboratories%2C%20Inc._2021-07-29_transcript/Dolby%20Laboratories%2C%20Inc._2021-07-29_transcript.pdf/Dolby%20Laboratories%2C%20Inc._2021-07-29_transcript.pdf",
        "periodicity": "periodic"
    },
    {
        "equity_ticker": "DLB",
        "geography": "US",
        "content_name": "DLB Q3 2021 Press Release",
        "file_type": "pdf",
        "content_type": "earnings_press_release",
        "published_date": "2021-07-29",
        "fiscal_date": "2021-07-29",
        "fiscal_year": 2021,
        "fiscal_quarter": 3,
        "r2_url": "https://pub-2c783279b61043e19fbdadd1bee5153a.r2.dev/DLB/2021-07-29/dc4b1-2023-01-25-09-35-08/dc4b1-2023-01-25-09-35-08.pdf/dc4b1-2023-01-25-09-35-08.pdf",
        "periodicity": "periodic"
    },
    {
        "equity_ticker": "DLB",
        "geography": "US",
        "content_name": "DLB Q2 2021 Transcript",
        "file_type": "pdf",
        "content_type": "earnings_transcript",
        "published_date": "2021-05-04",
        "fiscal_date": "2021-05-04",
        "fiscal_year": 2021,
        "fiscal_quarter": 2,
        "r2_url": "https://pub-2c783279b61043e19fbdadd1bee5153a.r2.dev/DLB/2021-05-04/Dolby%20Laboratories%2C%20Inc._2021-05-04_transcript/Dolby%20Laboratories%2C%20Inc._2021-05-04_transcript.pdf/Dolby%20Laboratories%2C%20Inc._2021-05-04_transcript.pdf",
        "periodicity": "periodic"
    },
    {
        "equity_ticker": "DLB",
        "geography": "US",
        "content_name": "DLB Q2 2021 Press Release",
        "file_type": "pdf",
        "content_type": "earnings_press_release",
        "published_date": "2021-05-04",
        "fiscal_date": "2021-05-04",
        "fiscal_year": 2021,
        "fiscal_quarter": 2,
        "r2_url": "https://pub-2c783279b61043e19fbdadd1bee5153a.r2.dev/DLB/2021-05-04/77cab-2023-01-25-09-04-50/77cab-2023-01-25-09-04-50.pdf/77cab-2023-01-25-09-04-50.pdf",
        "periodicity": "periodic"
    },
    {
        "equity_ticker": "DLB",
        "geography": "US",
        "content_name": "DLB Q2 2021 Presentation",
        "file_type": "pdf",
        "content_type": "earnings_presentation",
        "published_date": "2021-05-04",
        "fiscal_date": "2021-05-04",
        "fiscal_year": 2021,
        "fiscal_quarter": 2,
        "r2_url": "https://pub-2c783279b61043e19fbdadd1bee5153a.r2.dev/DLB/2021-05-04/7b63b-2021-05-04-09-00-58-migrated/7b63b-2021-05-04-09-00-58-migrated.pdf/7b63b-2021-05-04-09-00-58-migrated.pdf",
        "periodicity": "periodic"
    },
    {
        "equity_ticker": "DLB",
        "geography": "US",
        "content_name": "DLB Q1 2021 Transcript",
        "file_type": "pdf",
        "content_type": "earnings_transcript",
        "published_date": "2021-01-28",
        "fiscal_date": "2021-01-28",
        "fiscal_year": 2021,
        "fiscal_quarter": 1,
        "r2_url": "https://pub-2c783279b61043e19fbdadd1bee5153a.r2.dev/DLB/2021-01-28/Dolby%20Laboratories%2C%20Inc._2021-01-28_transcript/Dolby%20Laboratories%2C%20Inc._2021-01-28_transcript.pdf/Dolby%20Laboratories%2C%20Inc._2021-01-28_transcript.pdf",
        "periodicity": "periodic"
    },
    {
        "equity_ticker": "DLB",
        "geography": "US",
        "content_name": "DLB Q4 2020 Transcript",
        "file_type": "pdf",
        "content_type": "earnings_transcript",
        "published_date": "2020-11-16",
        "fiscal_date": "2020-11-16",
        "fiscal_year": 2020,
        "fiscal_quarter": 4,
        "r2_url": "https://pub-2c783279b61043e19fbdadd1bee5153a.r2.dev/DLB/2020-11-16/Dolby%20Laboratories%2C%20Inc._2020-11-16_transcript/Dolby%20Laboratories%2C%20Inc._2020-11-16_transcript.pdf/Dolby%20Laboratories%2C%20Inc._2020-11-16_transcript.pdf",
        "periodicity": "periodic"
    },
    {
        "equity_ticker": "DLB",
        "geography": "US",
        "content_name": "DLB Q4 2020 Press Release",
        "file_type": "pdf",
        "content_type": "annual_report",
        "published_date": "2020-11-16",
        "fiscal_date": "2020-11-16",
        "fiscal_year": 2020,
        "fiscal_quarter": 4,
        "r2_url": "https://pub-2c783279b61043e19fbdadd1bee5153a.r2.dev/DLB/2020-11-16/ed198-2023-09-04-10-48-06/ed198-2023-09-04-10-48-06.pdf/ed198-2023-09-04-10-48-06.pdf",
        "periodicity": "periodic"
    },
    {
        "equity_ticker": "DLB",
        "geography": "US",
        "content_name": "DLB Q3 2020 Transcript",
        "file_type": "pdf",
        "content_type": "earnings_transcript",
        "published_date": "2020-08-03",
        "fiscal_date": "2020-08-03",
        "fiscal_year": 2020,
        "fiscal_quarter": 3,
        "r2_url": "https://pub-2c783279b61043e19fbdadd1bee5153a.r2.dev/DLB/2020-08-03/Dolby%20Laboratories%2C%20Inc._2020-08-03_transcript/Dolby%20Laboratories%2C%20Inc._2020-08-03_transcript.pdf/Dolby%20Laboratories%2C%20Inc._2020-08-03_transcript.pdf",
        "periodicity": "periodic"
    },
    {
        "equity_ticker": "DLB",
        "geography": "US",
        "content_name": "DLB Q2 2020 Transcript",
        "file_type": "pdf",
        "content_type": "earnings_transcript",
        "published_date": "2020-05-04",
        "fiscal_date": "2020-05-04",
        "fiscal_year": 2020,
        "fiscal_quarter": 2,
        "r2_url": "https://pub-2c783279b61043e19fbdadd1bee5153a.r2.dev/DLB/2020-05-04/Dolby%20Laboratories%2C%20Inc._2020-05-04_transcript/Dolby%20Laboratories%2C%20Inc._2020-05-04_transcript.pdf/Dolby%20Laboratories%2C%20Inc._2020-05-04_transcript.pdf",
        "periodicity": "periodic"
    },
    {
        "equity_ticker": "DLB",
        "geography": "US",
        "content_name": "DLB Q1 2020 Transcript",
        "file_type": "pdf",
        "content_type": "earnings_transcript",
        "published_date": "2020-01-29",
        "fiscal_date": "2020-01-29",
        "fiscal_year": 2020,
        "fiscal_quarter": 1,
        "r2_url": "https://pub-2c783279b61043e19fbdadd1bee5153a.r2.dev/DLB/2020-01-29/Dolby%20Laboratories%2C%20Inc._2020-01-29_transcript/Dolby%20Laboratories%2C%20Inc._2020-01-29_transcript.pdf/Dolby%20Laboratories%2C%20Inc._2020-01-29_transcript.pdf",
        "periodicity": "periodic"
    },
    {
        "equity_ticker": "DLB",
        "geography": "US",
        "content_name": "DLB Q4 2019 Transcript",
        "file_type": "pdf",
        "content_type": "earnings_transcript",
        "published_date": "2019-11-25",
        "fiscal_date": "2019-11-25",
        "fiscal_year": 2019,
        "fiscal_quarter": 4,
        "r2_url": "https://pub-2c783279b61043e19fbdadd1bee5153a.r2.dev/DLB/2019-11-25/Dolby%20Laboratories%2C%20Inc._2019-11-25_transcript/Dolby%20Laboratories%2C%20Inc._2019-11-25_transcript.pdf/Dolby%20Laboratories%2C%20Inc._2019-11-25_transcript.pdf",
        "periodicity": "periodic"
    },
    {
        "equity_ticker": "DLB",
        "geography": "US",
        "content_name": "DLB Q4 2019 Press Release",
        "file_type": "pdf",
        "content_type": "annual_report",
        "published_date": "2019-11-25",
        "fiscal_date": "2019-11-25",
        "fiscal_year": 2019,
        "fiscal_quarter": 4,
        "r2_url": "https://pub-2c783279b61043e19fbdadd1bee5153a.r2.dev/DLB/2019-11-25/6cf4b-2023-09-04-10-08-07/6cf4b-2023-09-04-10-08-07.pdf/6cf4b-2023-09-04-10-08-07.pdf",
        "periodicity": "periodic"
    },
    {
        "equity_ticker": "DLB",
        "geography": "US",
        "content_name": "DLB Q3 2019 Transcript",
        "file_type": "pdf",
        "content_type": "earnings_transcript",
        "published_date": "2019-08-01",
        "fiscal_date": "2019-08-01",
        "fiscal_year": 2019,
        "fiscal_quarter": 3,
        "r2_url": "https://pub-2c783279b61043e19fbdadd1bee5153a.r2.dev/DLB/2019-08-01/Dolby%20Laboratories%2C%20Inc._2019-08-01_transcript/Dolby%20Laboratories%2C%20Inc._2019-08-01_transcript.pdf/Dolby%20Laboratories%2C%20Inc._2019-08-01_transcript.pdf",
        "periodicity": "periodic"
    },
    {
        "equity_ticker": "DLB",
        "geography": "US",
        "content_name": "DLB Q2 2019 Transcript",
        "file_type": "pdf",
        "content_type": "earnings_transcript",
        "published_date": "2019-05-01",
        "fiscal_date": "2019-05-01",
        "fiscal_year": 2019,
        "fiscal_quarter": 2,
        "r2_url": "https://pub-2c783279b61043e19fbdadd1bee5153a.r2.dev/DLB/2019-05-01/Dolby%20Laboratories%2C%20Inc._2019-05-01_transcript/Dolby%20Laboratories%2C%20Inc._2019-05-01_transcript.pdf/Dolby%20Laboratories%2C%20Inc._2019-05-01_transcript.pdf",
        "periodicity": "periodic"
    },
    {
        "equity_ticker": "DLB",
        "geography": "US",
        "content_name": "DLB Q1 2019 Transcript",
        "file_type": "pdf",
        "content_type": "earnings_transcript",
        "published_date": "2019-01-30",
        "fiscal_date": "2019-01-30",
        "fiscal_year": 2019,
        "fiscal_quarter": 1,
        "r2_url": "https://pub-2c783279b61043e19fbdadd1bee5153a.r2.dev/DLB/2019-01-30/Dolby%20Laboratories%2C%20Inc._2019-01-30_transcript/Dolby%20Laboratories%2C%20Inc._2019-01-30_transcript.pdf/Dolby%20Laboratories%2C%20Inc._2019-01-30_transcript.pdf",
        "periodicity": "periodic"
    },
    {
        "equity_ticker": "DLB",
        "geography": "US",
        "content_name": "DLB Q4 2018 Transcript",
        "file_type": "pdf",
        "content_type": "earnings_transcript",
        "published_date": "2018-11-15",
        "fiscal_date": "2018-11-15",
        "fiscal_year": 2018,
        "fiscal_quarter": 4,
        "r2_url": "https://pub-2c783279b61043e19fbdadd1bee5153a.r2.dev/DLB/2018-11-15/Dolby%20Laboratories%2C%20Inc._2018-11-15_transcript/Dolby%20Laboratories%2C%20Inc._2018-11-15_transcript.pdf/Dolby%20Laboratories%2C%20Inc._2018-11-15_transcript.pdf",
        "periodicity": "periodic"
    },
    {
        "equity_ticker": "DLB",
        "geography": "US",
        "content_name": "DLB Q4 2018 Press Release",
        "file_type": "pdf",
        "content_type": "annual_report",
        "published_date": "2018-11-15",
        "fiscal_date": "2018-11-15",
        "fiscal_year": 2018,
        "fiscal_quarter": 4,
        "r2_url": "https://pub-2c783279b61043e19fbdadd1bee5153a.r2.dev/DLB/2018-11-15/c24cb-2023-09-04-10-19-07/c24cb-2023-09-04-10-19-07.pdf/c24cb-2023-09-04-10-19-07.pdf",
        "periodicity": "periodic"
    },
    {
        "equity_ticker": "DLB",
        "geography": "US",
        "content_name": "DLB Q3 2018 Transcript",
        "file_type": "pdf",
        "content_type": "earnings_transcript",
        "published_date": "2018-07-25",
        "fiscal_date": "2018-07-25",
        "fiscal_year": 2018,
        "fiscal_quarter": 3,
        "r2_url": "https://pub-2c783279b61043e19fbdadd1bee5153a.r2.dev/DLB/2018-07-25/Dolby%20Laboratories%2C%20Inc._2018-07-25_transcript/Dolby%20Laboratories%2C%20Inc._2018-07-25_transcript.pdf/Dolby%20Laboratories%2C%20Inc._2018-07-25_transcript.pdf",
        "periodicity": "periodic"
    },
    {
        "equity_ticker": "DLB",
        "geography": "US",
        "content_name": "DLB Q2 2018 Transcript",
        "file_type": "pdf",
        "content_type": "earnings_transcript",
        "published_date": "2018-04-24",
        "fiscal_date": "2018-04-24",
        "fiscal_year": 2018,
        "fiscal_quarter": 2,
        "r2_url": "https://pub-2c783279b61043e19fbdadd1bee5153a.r2.dev/DLB/2018-04-24/Dolby%20Laboratories%2C%20Inc._2018-04-24_transcript/Dolby%20Laboratories%2C%20Inc._2018-04-24_transcript.pdf/Dolby%20Laboratories%2C%20Inc._2018-04-24_transcript.pdf",
        "periodicity": "periodic"
    },
    {
        "equity_ticker": "DLB",
        "geography": "US",
        "content_name": "DLB Q1 2018 Transcript",
        "file_type": "pdf",
        "content_type": "earnings_transcript",
        "published_date": "2018-01-24",
        "fiscal_date": "2018-01-24",
        "fiscal_year": 2018,
        "fiscal_quarter": 1,
        "r2_url": "https://pub-2c783279b61043e19fbdadd1bee5153a.r2.dev/DLB/2018-01-24/Dolby%20Laboratories%2C%20Inc._2018-01-24_transcript/Dolby%20Laboratories%2C%20Inc._2018-01-24_transcript.pdf/Dolby%20Laboratories%2C%20Inc._2018-01-24_transcript.pdf",
        "periodicity": "periodic"
    },
    {
        "equity_ticker": "DLB",
        "geography": "US",
        "content_name": "DLB Q4 2017 Transcript",
        "file_type": "pdf",
        "content_type": "earnings_transcript",
        "published_date": "2017-11-16",
        "fiscal_date": "2017-11-16",
        "fiscal_year": 2017,
        "fiscal_quarter": 4,
        "r2_url": "https://pub-2c783279b61043e19fbdadd1bee5153a.r2.dev/DLB/2017-11-16/Dolby%20Laboratories%2C%20Inc._2017-11-16_transcript/Dolby%20Laboratories%2C%20Inc._2017-11-16_transcript.pdf/Dolby%20Laboratories%2C%20Inc._2017-11-16_transcript.pdf",
        "periodicity": "periodic"
    },
    {
        "equity_ticker": "DLB",
        "geography": "US",
        "content_name": "DLB Q4 2017 Press Release",
        "file_type": "pdf",
        "content_type": "annual_report",
        "published_date": "2017-11-16",
        "fiscal_date": "2017-11-16",
        "fiscal_year": 2017,
        "fiscal_quarter": 4,
        "r2_url": "https://pub-2c783279b61043e19fbdadd1bee5153a.r2.dev/DLB/2017-11-16/5fa48-2023-09-04-10-33-07/5fa48-2023-09-04-10-33-07.pdf/5fa48-2023-09-04-10-33-07.pdf",
        "periodicity": "periodic"
    },
    {
        "equity_ticker": "DLB",
        "geography": "US",
        "content_name": "DLB Q3 2017 Transcript",
        "file_type": "pdf",
        "content_type": "earnings_transcript",
        "published_date": "2017-07-25",
        "fiscal_date": "2017-07-25",
        "fiscal_year": 2017,
        "fiscal_quarter": 3,
        "r2_url": "https://pub-2c783279b61043e19fbdadd1bee5153a.r2.dev/DLB/2017-07-25/Dolby%20Laboratories%2C%20Inc._2017-07-25_transcript/Dolby%20Laboratories%2C%20Inc._2017-07-25_transcript.pdf/Dolby%20Laboratories%2C%20Inc._2017-07-25_transcript.pdf",
        "periodicity": "periodic"
    },
    {
        "equity_ticker": "DLB",
        "geography": "US",
        "content_name": "DLB Q2 2017 Transcript",
        "file_type": "pdf",
        "content_type": "earnings_transcript",
        "published_date": "2017-04-26",
        "fiscal_date": "2017-04-26",
        "fiscal_year": 2017,
        "fiscal_quarter": 2,
        "r2_url": "https://pub-2c783279b61043e19fbdadd1bee5153a.r2.dev/DLB/2017-04-26/Dolby%20Laboratories%2C%20Inc._2017-04-26_transcript/Dolby%20Laboratories%2C%20Inc._2017-04-26_transcript.pdf/Dolby%20Laboratories%2C%20Inc._2017-04-26_transcript.pdf",
        "periodicity": "periodic"
    },
    {
        "equity_ticker": "DLB",
        "geography": "US",
        "content_name": "DLB Q1 2017 Transcript",
        "file_type": "pdf",
        "content_type": "earnings_transcript",
        "published_date": "2017-01-25",
        "fiscal_date": "2017-01-25",
        "fiscal_year": 2017,
        "fiscal_quarter": 1,
        "r2_url": "https://pub-2c783279b61043e19fbdadd1bee5153a.r2.dev/DLB/2017-01-25/Dolby%20Laboratories%2C%20Inc._2017-01-25_transcript/Dolby%20Laboratories%2C%20Inc._2017-01-25_transcript.pdf/Dolby%20Laboratories%2C%20Inc._2017-01-25_transcript.pdf",
        "periodicity": "periodic"
    },
    {
        "equity_ticker": "DLB",
        "geography": "US",
        "content_name": "DLB Q4 2016 Transcript",
        "file_type": "pdf",
        "content_type": "earnings_transcript",
        "published_date": "2016-11-18",
        "fiscal_date": "2016-11-18",
        "fiscal_year": 2016,
        "fiscal_quarter": 4,
        "r2_url": "https://pub-2c783279b61043e19fbdadd1bee5153a.r2.dev/DLB/2016-11-18/Dolby%20Laboratories%2C%20Inc._2016-11-18_transcript/Dolby%20Laboratories%2C%20Inc._2016-11-18_transcript.pdf/Dolby%20Laboratories%2C%20Inc._2016-11-18_transcript.pdf",
        "periodicity": "periodic"
    },
    {
        "equity_ticker": "DLB",
        "geography": "US",
        "content_name": "DLB Q4 2016 Press Release",
        "file_type": "pdf",
        "content_type": "annual_report",
        "published_date": "2016-11-18",
        "fiscal_date": "2016-11-18",
        "fiscal_year": 2016,
        "fiscal_quarter": 4,
        "r2_url": "https://pub-2c783279b61043e19fbdadd1bee5153a.r2.dev/DLB/2016-11-18/5a98f-2023-09-04-10-50-07/5a98f-2023-09-04-10-50-07.pdf/5a98f-2023-09-04-10-50-07.pdf",
        "periodicity": "periodic"
    },
    {
        "equity_ticker": "DLB",
        "geography": "US",
        "content_name": "DLB Q3 2016 Transcript",
        "file_type": "pdf",
        "content_type": "earnings_transcript",
        "published_date": "2016-07-27",
        "fiscal_date": "2016-07-27",
        "fiscal_year": 2016,
        "fiscal_quarter": 3,
        "r2_url": "https://pub-2c783279b61043e19fbdadd1bee5153a.r2.dev/DLB/2016-07-27/Dolby%20Laboratories%2C%20Inc._2016-07-27_transcript/Dolby%20Laboratories%2C%20Inc._2016-07-27_transcript.pdf/Dolby%20Laboratories%2C%20Inc._2016-07-27_transcript.pdf",
        "periodicity": "periodic"
    },
    {
        "equity_ticker": "DLB",
        "geography": "US",
        "content_name": "DLB Q2 2016 Transcript",
        "file_type": "pdf",
        "content_type": "earnings_transcript",
        "published_date": "2016-04-27",
        "fiscal_date": "2016-04-27",
        "fiscal_year": 2016,
        "fiscal_quarter": 2,
        "r2_url": "https://pub-2c783279b61043e19fbdadd1bee5153a.r2.dev/DLB/2016-04-27/Dolby%20Laboratories%2C%20Inc._2016-04-27_transcript/Dolby%20Laboratories%2C%20Inc._2016-04-27_transcript.pdf/Dolby%20Laboratories%2C%20Inc._2016-04-27_transcript.pdf",
        "periodicity": "periodic"
    },
    {
        "equity_ticker": "DLB",
        "geography": "US",
        "content_name": "DLB Q1 2016 Transcript",
        "file_type": "pdf",
        "content_type": "earnings_transcript",
        "published_date": "2016-01-27",
        "fiscal_date": "2016-01-27",
        "fiscal_year": 2016,
        "fiscal_quarter": 1,
        "r2_url": "https://pub-2c783279b61043e19fbdadd1bee5153a.r2.dev/DLB/2016-01-27/Dolby%20Laboratories%2C%20Inc._2016-01-27_transcript/Dolby%20Laboratories%2C%20Inc._2016-01-27_transcript.pdf/Dolby%20Laboratories%2C%20Inc._2016-01-27_transcript.pdf",
        "periodicity": "periodic"
    },
    {
        "equity_ticker": "DLB",
        "geography": "US",
        "content_name": "DLB Q4 2015 Transcript",
        "file_type": "pdf",
        "content_type": "earnings_transcript",
        "published_date": "2015-11-24",
        "fiscal_date": "2015-11-24",
        "fiscal_year": 2015,
        "fiscal_quarter": 4,
        "r2_url": "https://pub-2c783279b61043e19fbdadd1bee5153a.r2.dev/DLB/2015-11-24/Dolby%20Laboratories%2C%20Inc._2015-11-24_transcript/Dolby%20Laboratories%2C%20Inc._2015-11-24_transcript.pdf/Dolby%20Laboratories%2C%20Inc._2015-11-24_transcript.pdf",
        "periodicity": "periodic"
    },
    {
        "equity_ticker": "DLB",
        "geography": "US",
        "content_name": "DLB Q4 2015 Press Release",
        "file_type": "pdf",
        "content_type": "annual_report",
        "published_date": "2015-11-24",
        "fiscal_date": "2015-11-24",
        "fiscal_year": 2015,
        "fiscal_quarter": 4,
        "r2_url": "https://pub-2c783279b61043e19fbdadd1bee5153a.r2.dev/DLB/2015-11-24/1683f-2023-09-04-10-10-08/1683f-2023-09-04-10-10-08.pdf/1683f-2023-09-04-10-10-08.pdf",
        "periodicity": "periodic"
    },
    {
        "equity_ticker": "DLB",
        "geography": "US",
        "content_name": "DLB Q3 2015 Transcript",
        "file_type": "pdf",
        "content_type": "earnings_transcript",
        "published_date": "2015-07-22",
        "fiscal_date": "2015-07-22",
        "fiscal_year": 2015,
        "fiscal_quarter": 3,
        "r2_url": "https://pub-2c783279b61043e19fbdadd1bee5153a.r2.dev/DLB/2015-07-22/Dolby%20Laboratories%2C%20Inc._2015-07-22_transcript/Dolby%20Laboratories%2C%20Inc._2015-07-22_transcript.pdf/Dolby%20Laboratories%2C%20Inc._2015-07-22_transcript.pdf",
        "periodicity": "periodic"
    },
    {
        "equity_ticker": "DLB",
        "geography": "US",
        "content_name": "DLB Q2 2015 Transcript",
        "file_type": "pdf",
        "content_type": "earnings_transcript",
        "published_date": "2015-04-21",
        "fiscal_date": "2015-04-21",
        "fiscal_year": 2015,
        "fiscal_quarter": 2,
        "r2_url": "https://pub-2c783279b61043e19fbdadd1bee5153a.r2.dev/DLB/2015-04-21/Dolby%20Laboratories%2C%20Inc._2015-04-21_transcript/Dolby%20Laboratories%2C%20Inc._2015-04-21_transcript.pdf/Dolby%20Laboratories%2C%20Inc._2015-04-21_transcript.pdf",
        "periodicity": "periodic"
    },
    {
        "equity_ticker": "DLB",
        "geography": "US",
        "content_name": "DLB Q1 2015 Transcript",
        "file_type": "pdf",
        "content_type": "earnings_transcript",
        "published_date": "2015-01-21",
        "fiscal_date": "2015-01-21",
        "fiscal_year": 2015,
        "fiscal_quarter": 1,
        "r2_url": "https://pub-2c783279b61043e19fbdadd1bee5153a.r2.dev/DLB/2015-01-21/Dolby%20Laboratories%2C%20Inc._2015-01-21_transcript/Dolby%20Laboratories%2C%20Inc._2015-01-21_transcript.pdf/Dolby%20Laboratories%2C%20Inc._2015-01-21_transcript.pdf",
        "periodicity": "periodic"
    },
    {
        "equity_ticker": "DLB",
        "geography": "US",
        "content_name": "DLB Q4 2014 Transcript",
        "file_type": "pdf",
        "content_type": "earnings_transcript",
        "published_date": "2014-10-23",
        "fiscal_date": "2014-10-23",
        "fiscal_year": 2014,
        "fiscal_quarter": 4,
        "r2_url": "https://pub-2c783279b61043e19fbdadd1bee5153a.r2.dev/DLB/2014-10-23/Dolby%20Laboratories%2C%20Inc._2014-10-23_transcript/Dolby%20Laboratories%2C%20Inc._2014-10-23_transcript.pdf/Dolby%20Laboratories%2C%20Inc._2014-10-23_transcript.pdf",
        "periodicity": "periodic"
    },
    {
        "equity_ticker": "DLB",
        "geography": "US",
        "content_name": "DLB Q3 2014 Transcript",
        "file_type": "pdf",
        "content_type": "earnings_transcript",
        "published_date": "2014-07-24",
        "fiscal_date": "2014-07-24",
        "fiscal_year": 2014,
        "fiscal_quarter": 3,
        "r2_url": "https://pub-2c783279b61043e19fbdadd1bee5153a.r2.dev/DLB/2014-07-24/Dolby%20Laboratories%2C%20Inc._2014-07-24_transcript/Dolby%20Laboratories%2C%20Inc._2014-07-24_transcript.pdf/Dolby%20Laboratories%2C%20Inc._2014-07-24_transcript.pdf",
        "periodicity": "periodic"
    },
    {
        "equity_ticker": "DLB",
        "geography": "US",
        "content_name": "DLB Q2 2014 Transcript",
        "file_type": "pdf",
        "content_type": "earnings_transcript",
        "published_date": "2014-04-29",
        "fiscal_date": "2014-04-29",
        "fiscal_year": 2014,
        "fiscal_quarter": 2,
        "r2_url": "https://pub-2c783279b61043e19fbdadd1bee5153a.r2.dev/DLB/2014-04-29/Dolby%20Laboratories%2C%20Inc._2014-04-29_transcript/Dolby%20Laboratories%2C%20Inc._2014-04-29_transcript.pdf/Dolby%20Laboratories%2C%20Inc._2014-04-29_transcript.pdf",
        "periodicity": "periodic"
    },
    {
        "equity_ticker": "DLB",
        "geography": "US",
        "content_name": "DLB Q1 2014 Transcript",
        "file_type": "pdf",
        "content_type": "earnings_transcript",
        "published_date": "2014-01-23",
        "fiscal_date": "2014-01-23",
        "fiscal_year": 2014,
        "fiscal_quarter": 1,
        "r2_url": "https://pub-2c783279b61043e19fbdadd1bee5153a.r2.dev/DLB/2014-01-23/Dolby%20Laboratories%2C%20Inc._2014-01-23_transcript/Dolby%20Laboratories%2C%20Inc._2014-01-23_transcript.pdf/Dolby%20Laboratories%2C%20Inc._2014-01-23_transcript.pdf",
        "periodicity": "periodic"
    },
    {
        "equity_ticker": "DLB",
        "geography": "US",
        "content_name": "DLB Q4 2013 Transcript",
        "file_type": "pdf",
        "content_type": "earnings_transcript",
        "published_date": "2013-10-29",
        "fiscal_date": "2013-10-29",
        "fiscal_year": 2013,
        "fiscal_quarter": 4,
        "r2_url": "https://pub-2c783279b61043e19fbdadd1bee5153a.r2.dev/DLB/2013-10-29/Dolby%20Laboratories%2C%20Inc._2013-10-29_transcript/Dolby%20Laboratories%2C%20Inc._2013-10-29_transcript.pdf/Dolby%20Laboratories%2C%20Inc._2013-10-29_transcript.pdf",
        "periodicity": "periodic"
    },
    {
        "equity_ticker": "DLB",
        "geography": "US",
        "content_name": "DLB Q3 2013 Transcript",
        "file_type": "pdf",
        "content_type": "earnings_transcript",
        "published_date": "2013-07-25",
        "fiscal_date": "2013-07-25",
        "fiscal_year": 2013,
        "fiscal_quarter": 3,
        "r2_url": "https://pub-2c783279b61043e19fbdadd1bee5153a.r2.dev/DLB/2013-07-25/Dolby%20Laboratories%2C%20Inc._2013-07-25_transcript/Dolby%20Laboratories%2C%20Inc._2013-07-25_transcript.pdf/Dolby%20Laboratories%2C%20Inc._2013-07-25_transcript.pdf",
        "periodicity": "periodic"
    },
    {
        "equity_ticker": "DLB",
        "geography": "US",
        "content_name": "DLB Q2 2013 Transcript",
        "file_type": "pdf",
        "content_type": "earnings_transcript",
        "published_date": "2013-04-25",
        "fiscal_date": "2013-04-25",
        "fiscal_year": 2013,
        "fiscal_quarter": 2,
        "r2_url": "https://pub-2c783279b61043e19fbdadd1bee5153a.r2.dev/DLB/2013-04-25/Dolby%20Laboratories%2C%20Inc._2013-04-25_transcript/Dolby%20Laboratories%2C%20Inc._2013-04-25_transcript.pdf/Dolby%20Laboratories%2C%20Inc._2013-04-25_transcript.pdf",
        "periodicity": "periodic"
    },
    {
        "equity_ticker": "DLB",
        "geography": "US",
        "content_name": "DLB Q1 2013 Transcript",
        "file_type": "pdf",
        "content_type": "earnings_transcript",
        "published_date": "2013-01-29",
        "fiscal_date": "2013-01-29",
        "fiscal_year": 2013,
        "fiscal_quarter": 1,
        "r2_url": "https://pub-2c783279b61043e19fbdadd1bee5153a.r2.dev/DLB/2013-01-29/Dolby%20Laboratories%2C%20Inc._2013-01-29_transcript/Dolby%20Laboratories%2C%20Inc._2013-01-29_transcript.pdf/Dolby%20Laboratories%2C%20Inc._2013-01-29_transcript.pdf",
        "periodicity": "periodic"
    },
    {
        "equity_ticker": "DLB",
        "geography": "US",
        "content_name": "DLB Q4 2012 Transcript",
        "file_type": "pdf",
        "content_type": "earnings_transcript",
        "published_date": "2012-11-08",
        "fiscal_date": "2012-11-08",
        "fiscal_year": 2012,
        "fiscal_quarter": 4,
        "r2_url": "https://pub-2c783279b61043e19fbdadd1bee5153a.r2.dev/DLB/2012-11-08/Dolby%20Laboratories%2C%20Inc._2012-11-08_transcript/Dolby%20Laboratories%2C%20Inc._2012-11-08_transcript.pdf/Dolby%20Laboratories%2C%20Inc._2012-11-08_transcript.pdf",
        "periodicity": "periodic"
    },
    {
        "equity_ticker": "DLB",
        "geography": "US",
        "content_name": "DLB Q3 2012 Transcript",
        "file_type": "pdf",
        "content_type": "earnings_transcript",
        "published_date": "2012-08-02",
        "fiscal_date": "2012-08-02",
        "fiscal_year": 2012,
        "fiscal_quarter": 3,
        "r2_url": "https://pub-2c783279b61043e19fbdadd1bee5153a.r2.dev/DLB/2012-08-02/Dolby%20Laboratories%2C%20Inc._2012-08-02_transcript/Dolby%20Laboratories%2C%20Inc._2012-08-02_transcript.pdf/Dolby%20Laboratories%2C%20Inc._2012-08-02_transcript.pdf",
        "periodicity": "periodic"
    },
    {
        "equity_ticker": "DLB",
        "geography": "US",
        "content_name": "DLB Q2 2012 Transcript",
        "file_type": "pdf",
        "content_type": "earnings_transcript",
        "published_date": "2012-05-03",
        "fiscal_date": "2012-05-03",
        "fiscal_year": 2012,
        "fiscal_quarter": 2,
        "r2_url": "https://pub-2c783279b61043e19fbdadd1bee5153a.r2.dev/DLB/2012-05-03/Dolby%20Laboratories%2C%20Inc._2012-05-03_transcript/Dolby%20Laboratories%2C%20Inc._2012-05-03_transcript.pdf/Dolby%20Laboratories%2C%20Inc._2012-05-03_transcript.pdf",
        "periodicity": "periodic"
    },
    {
        "equity_ticker": "DLB",
        "geography": "US",
        "content_name": "DLB Q1 2012 Transcript",
        "file_type": "pdf",
        "content_type": "earnings_transcript",
        "published_date": "2012-01-31",
        "fiscal_date": "2012-01-31",
        "fiscal_year": 2012,
        "fiscal_quarter": 1,
        "r2_url": "https://pub-2c783279b61043e19fbdadd1bee5153a.r2.dev/DLB/2012-01-31/Dolby%20Laboratories%2C%20Inc._2012-01-31_transcript/Dolby%20Laboratories%2C%20Inc._2012-01-31_transcript.pdf/Dolby%20Laboratories%2C%20Inc._2012-01-31_transcript.pdf",
        "periodicity": "periodic"
    },
    {
        "equity_ticker": "DLB",
        "geography": "US",
        "content_name": "DLB Q4 2011 Transcript",
        "file_type": "pdf",
        "content_type": "earnings_transcript",
        "published_date": "2011-11-17",
        "fiscal_date": "2011-11-17",
        "fiscal_year": 2011,
        "fiscal_quarter": 4,
        "r2_url": "https://pub-2c783279b61043e19fbdadd1bee5153a.r2.dev/DLB/2011-11-17/Dolby%20Laboratories%2C%20Inc._2011-11-17_transcript/Dolby%20Laboratories%2C%20Inc._2011-11-17_transcript.pdf/Dolby%20Laboratories%2C%20Inc._2011-11-17_transcript.pdf",
        "periodicity": "periodic"
    },
    {
        "equity_ticker": "DLB",
        "geography": "US",
        "content_name": "DLB Q3 2011 Transcript",
        "file_type": "pdf",
        "content_type": "earnings_transcript",
        "published_date": "2011-08-04",
        "fiscal_date": "2011-08-04",
        "fiscal_year": 2011,
        "fiscal_quarter": 3,
        "r2_url": "https://pub-2c783279b61043e19fbdadd1bee5153a.r2.dev/DLB/2011-08-04/Dolby%20Laboratories%2C%20Inc._2011-08-04_transcript/Dolby%20Laboratories%2C%20Inc._2011-08-04_transcript.pdf/Dolby%20Laboratories%2C%20Inc._2011-08-04_transcript.pdf",
        "periodicity": "periodic"
    },
    {
        "equity_ticker": "DLB",
        "geography": "US",
        "content_name": "DLB Q3 2009 Transcript",
        "file_type": "pdf",
        "content_type": "earnings_transcript",
        "published_date": "2009-07-30",
        "fiscal_date": "2009-07-30",
        "fiscal_year": 2009,
        "fiscal_quarter": 3,
        "r2_url": "https://pub-2c783279b61043e19fbdadd1bee5153a.r2.dev/DLB/2009-07-30/Dolby%20Laboratories%2C%20Inc._2009-07-30_transcript/Dolby%20Laboratories%2C%20Inc._2009-07-30_transcript.pdf/Dolby%20Laboratories%2C%20Inc._2009-07-30_transcript.pdf",
        "periodicity": "periodic"
    },
    {
        "equity_ticker": "DLB",
        "geography": "US",
        "content_name": "DLB Q2 2009 Transcript",
        "file_type": "pdf",
        "content_type": "earnings_transcript",
        "published_date": "2009-04-30",
        "fiscal_date": "2009-04-30",
        "fiscal_year": 2009,
        "fiscal_quarter": 2,
        "r2_url": "https://pub-2c783279b61043e19fbdadd1bee5153a.r2.dev/DLB/2009-04-30/Dolby%20Laboratories%2C%20Inc._2009-04-30_transcript/Dolby%20Laboratories%2C%20Inc._2009-04-30_transcript.pdf/Dolby%20Laboratories%2C%20Inc._2009-04-30_transcript.pdf",
        "periodicity": "periodic"
    },
    {
        "equity_ticker": "DLB",
        "geography": "US",
        "content_name": "DLB Q1 2009 Transcript",
        "file_type": "pdf",
        "content_type": "earnings_transcript",
        "published_date": "2009-02-04",
        "fiscal_date": "2009-02-04",
        "fiscal_year": 2009,
        "fiscal_quarter": 1,
        "r2_url": "https://pub-2c783279b61043e19fbdadd1bee5153a.r2.dev/DLB/2009-02-04/Dolby%20Laboratories%2C%20Inc._2009-02-04_transcript/Dolby%20Laboratories%2C%20Inc._2009-02-04_transcript.pdf/Dolby%20Laboratories%2C%20Inc._2009-02-04_transcript.pdf",
        "periodicity": "periodic"
    },
    {
        "equity_ticker": "DLB",
        "geography": "US",
        "content_name": "DLB Q4 2008 Transcript",
        "file_type": "pdf",
        "content_type": "earnings_transcript",
        "published_date": "2008-11-07",
        "fiscal_date": "2008-11-07",
        "fiscal_year": 2008,
        "fiscal_quarter": 4,
        "r2_url": "https://pub-2c783279b61043e19fbdadd1bee5153a.r2.dev/DLB/2008-11-07/Dolby%20Laboratories%2C%20Inc._2008-11-07_transcript/Dolby%20Laboratories%2C%20Inc._2008-11-07_transcript.pdf/Dolby%20Laboratories%2C%20Inc._2008-11-07_transcript.pdf",
        "periodicity": "periodic"
    },
    {
        "equity_ticker": "DLB",
        "geography": "US",
        "content_name": "DLB Q3 2008 Transcript",
        "file_type": "pdf",
        "content_type": "earnings_transcript",
        "published_date": "2008-08-01",
        "fiscal_date": "2008-08-01",
        "fiscal_year": 2008,
        "fiscal_quarter": 3,
        "r2_url": "https://pub-2c783279b61043e19fbdadd1bee5153a.r2.dev/DLB/2008-08-01/Dolby%20Laboratories%2C%20Inc._2008-08-01_transcript/Dolby%20Laboratories%2C%20Inc._2008-08-01_transcript.pdf/Dolby%20Laboratories%2C%20Inc._2008-08-01_transcript.pdf",
        "periodicity": "periodic"
    },
    {
        "equity_ticker": "DLB",
        "geography": "US",
        "content_name": "DLB Q2 2008 Transcript",
        "file_type": "pdf",
        "content_type": "earnings_transcript",
        "published_date": "2008-05-01",
        "fiscal_date": "2008-05-01",
        "fiscal_year": 2008,
        "fiscal_quarter": 2,
        "r2_url": "https://pub-2c783279b61043e19fbdadd1bee5153a.r2.dev/DLB/2008-05-01/Dolby%20Laboratories%2C%20Inc._2008-05-01_transcript/Dolby%20Laboratories%2C%20Inc._2008-05-01_transcript.pdf/Dolby%20Laboratories%2C%20Inc._2008-05-01_transcript.pdf",
        "periodicity": "periodic"
    },
    {
        "equity_ticker": "DLB",
        "geography": "US",
        "content_name": "DLB Q1 2008 Transcript",
        "file_type": "pdf",
        "content_type": "earnings_transcript",
        "published_date": "2008-01-31",
        "fiscal_date": "2008-01-31",
        "fiscal_year": 2008,
        "fiscal_quarter": 1,
        "r2_url": "https://pub-2c783279b61043e19fbdadd1bee5153a.r2.dev/DLB/2008-01-31/Dolby%20Laboratories%2C%20Inc._2008-01-31_transcript/Dolby%20Laboratories%2C%20Inc._2008-01-31_transcript.pdf/Dolby%20Laboratories%2C%20Inc._2008-01-31_transcript.pdf",
        "periodicity": "periodic"
    },
    {
        "equity_ticker": "DLB",
        "geography": "US",
        "content_name": "DLB Q4 2007 Transcript",
        "file_type": "pdf",
        "content_type": "earnings_transcript",
        "published_date": "2007-11-08",
        "fiscal_date": "2007-11-08",
        "fiscal_year": 2007,
        "fiscal_quarter": 4,
        "r2_url": "https://pub-2c783279b61043e19fbdadd1bee5153a.r2.dev/DLB/2007-11-08/Dolby%20Laboratories%2C%20Inc._2007-11-08_transcript/Dolby%20Laboratories%2C%20Inc._2007-11-08_transcript.pdf/Dolby%20Laboratories%2C%20Inc._2007-11-08_transcript.pdf",
        "periodicity": "periodic"
    },
    {
        "equity_ticker": "DLB",
        "geography": "US",
        "content_name": "DLB Q3 2007 Transcript",
        "file_type": "pdf",
        "content_type": "earnings_transcript",
        "published_date": "2007-08-01",
        "fiscal_date": "2007-08-01",
        "fiscal_year": 2007,
        "fiscal_quarter": 3,
        "r2_url": "https://pub-2c783279b61043e19fbdadd1bee5153a.r2.dev/DLB/2007-08-01/Dolby%20Laboratories%2C%20Inc._2007-08-01_transcript/Dolby%20Laboratories%2C%20Inc._2007-08-01_transcript.pdf/Dolby%20Laboratories%2C%20Inc._2007-08-01_transcript.pdf",
        "periodicity": "periodic"
    },
    {
        "equity_ticker": "DLB",
        "geography": "US",
        "content_name": "DLB Q2 2007 Transcript",
        "file_type": "pdf",
        "content_type": "earnings_transcript",
        "published_date": "2007-05-02",
        "fiscal_date": "2007-05-02",
        "fiscal_year": 2007,
        "fiscal_quarter": 2,
        "r2_url": "https://pub-2c783279b61043e19fbdadd1bee5153a.r2.dev/DLB/2007-05-02/Dolby%20Laboratories%2C%20Inc._2007-05-02_transcript/Dolby%20Laboratories%2C%20Inc._2007-05-02_transcript.pdf/Dolby%20Laboratories%2C%20Inc._2007-05-02_transcript.pdf",
        "periodicity": "periodic"
    },
    {
        "equity_ticker": "DLB",
        "geography": "US",
        "content_name": "DLB Q1 2007 Transcript",
        "file_type": "pdf",
        "content_type": "earnings_transcript",
        "published_date": "2007-02-01",
        "fiscal_date": "2007-02-01",
        "fiscal_year": 2007,
        "fiscal_quarter": 1,
        "r2_url": "https://pub-2c783279b61043e19fbdadd1bee5153a.r2.dev/DLB/2007-02-01/Dolby%20Laboratories%2C%20Inc._2007-02-01_transcript/Dolby%20Laboratories%2C%20Inc._2007-02-01_transcript.pdf/Dolby%20Laboratories%2C%20Inc._2007-02-01_transcript.pdf",
        "periodicity": "periodic"
    },
    {
        "equity_ticker": "DLB",
        "geography": "US",
        "content_name": "DLB Q4 2006 Transcript",
        "file_type": "pdf",
        "content_type": "earnings_transcript",
        "published_date": "2006-11-09",
        "fiscal_date": "2006-11-09",
        "fiscal_year": 2006,
        "fiscal_quarter": 4,
        "r2_url": "https://pub-2c783279b61043e19fbdadd1bee5153a.r2.dev/DLB/2006-11-09/Dolby%20Laboratories%2C%20Inc._2006-11-09_transcript/Dolby%20Laboratories%2C%20Inc._2006-11-09_transcript.pdf/Dolby%20Laboratories%2C%20Inc._2006-11-09_transcript.pdf",
        "periodicity": "periodic"
    },
    {
        "equity_ticker": "DLB",
        "geography": "US",
        "content_name": "DLB Q3 2006 Transcript",
        "file_type": "pdf",
        "content_type": "earnings_transcript",
        "published_date": "2006-08-03",
        "fiscal_date": "2006-08-03",
        "fiscal_year": 2006,
        "fiscal_quarter": 3,
        "r2_url": "https://pub-2c783279b61043e19fbdadd1bee5153a.r2.dev/DLB/2006-08-03/Dolby%20Laboratories%2C%20Inc._2006-08-03_transcript/Dolby%20Laboratories%2C%20Inc._2006-08-03_transcript.pdf/Dolby%20Laboratories%2C%20Inc._2006-08-03_transcript.pdf",
        "periodicity": "periodic"
    },
    {
        "equity_ticker": "DLB",
        "geography": "US",
        "content_name": "DLB Q2 2006 Transcript",
        "file_type": "pdf",
        "content_type": "earnings_transcript",
        "published_date": "2006-04-27",
        "fiscal_date": "2006-04-27",
        "fiscal_year": 2006,
        "fiscal_quarter": 2,
        "r2_url": "https://pub-2c783279b61043e19fbdadd1bee5153a.r2.dev/DLB/2006-04-27/Dolby%20Laboratories%2C%20Inc._2006-04-27_transcript/Dolby%20Laboratories%2C%20Inc._2006-04-27_transcript.pdf/Dolby%20Laboratories%2C%20Inc._2006-04-27_transcript.pdf",
        "periodicity": "periodic"
    },
    {
        "equity_ticker": "DLB",
        "geography": "US",
        "content_name": "DLB Q1 2006 Transcript",
        "file_type": "pdf",
        "content_type": "earnings_transcript",
        "published_date": "2006-01-27",
        "fiscal_date": "2006-01-27",
        "fiscal_year": 2006,
        "fiscal_quarter": 1,
        "r2_url": "https://pub-2c783279b61043e19fbdadd1bee5153a.r2.dev/DLB/2006-01-27/Dolby%20Laboratories%2C%20Inc._2006-01-27_transcript/Dolby%20Laboratories%2C%20Inc._2006-01-27_transcript.pdf/Dolby%20Laboratories%2C%20Inc._2006-01-27_transcript.pdf",
        "periodicity": "periodic"
    },
    {
        "equity_ticker": "DLB",
        "geography": "US",
        "content_name": "DLB Q1 2025 10-Q",
        "file_type": "pdf",
        "content_type": "quarterly_report",
        "published_date": "2025-01-30",
        "fiscal_date": "2024-12-27",
        "fiscal_year": 2025,
        "fiscal_quarter": 1,
        "r2_url": "https://pub-2c783279b61043e19fbdadd1bee5153a.r2.dev/DLB/2025-01-30/dlb-20241227.htm/dlb-20241227.pdf",
        "periodicity": "periodic"
    },
    {
        "equity_ticker": "DLB",
        "geography": "US",
        "content_name": "DLB Q4 2024 10-K",
        "file_type": "pdf",
        "content_type": "annual_report",
        "published_date": "2024-11-19",
        "fiscal_date": "2024-09-27",
        "fiscal_year": 2024,
        "fiscal_quarter": 4,
        "r2_url": "https://pub-2c783279b61043e19fbdadd1bee5153a.r2.dev/DLB/2024-11-19/dlb-20240927.htm/dlb-20240927.pdf",
        "periodicity": "periodic"
    },
    {
        "equity_ticker": "DLB",
        "geography": "US",
        "content_name": "DLB Q3 2024 10-Q",
        "file_type": "pdf",
        "content_type": "quarterly_report",
        "published_date": "2024-08-07",
        "fiscal_date": "2024-06-28",
        "fiscal_year": 2024,
        "fiscal_quarter": 3,
        "r2_url": "https://pub-2c783279b61043e19fbdadd1bee5153a.r2.dev/DLB/2024-08-07/dlb-20240628.htm/dlb-20240628.pdf",
        "periodicity": "periodic"
    },
    {
        "equity_ticker": "DLB",
        "geography": "US",
        "content_name": "DLB Q2 2024 10-Q",
        "file_type": "pdf",
        "content_type": "quarterly_report",
        "published_date": "2024-05-02",
        "fiscal_date": "2024-03-29",
        "fiscal_year": 2024,
        "fiscal_quarter": 2,
        "r2_url": "https://pub-2c783279b61043e19fbdadd1bee5153a.r2.dev/DLB/2024-05-02/dlb-20240329.htm/dlb-20240329.pdf",
        "periodicity": "periodic"
    },
    {
        "equity_ticker": "DLB",
        "geography": "US",
        "content_name": "DLB Q1 2024 10-Q",
        "file_type": "pdf",
        "content_type": "quarterly_report",
        "published_date": "2024-02-01",
        "fiscal_date": "2023-12-29",
        "fiscal_year": 2024,
        "fiscal_quarter": 1,
        "r2_url": "https://pub-2c783279b61043e19fbdadd1bee5153a.r2.dev/DLB/2024-02-01/dlb-20231229.htm/dlb-20231229.pdf",
        "periodicity": "periodic"
    },
    {
        "equity_ticker": "DLB",
        "geography": "US",
        "content_name": "DLB Q4 2023 10-K",
        "file_type": "pdf",
        "content_type": "annual_report",
        "published_date": "2023-11-16",
        "fiscal_date": "2023-09-29",
        "fiscal_year": 2023,
        "fiscal_quarter": 4,
        "r2_url": "https://pub-2c783279b61043e19fbdadd1bee5153a.r2.dev/DLB/2023-11-16/dlb-20230929.htm/dlb-20230929.pdf",
        "periodicity": "periodic"
    },
    {
        "equity_ticker": "DLB",
        "geography": "US",
        "content_name": "DLB Q3 2023 10-Q",
        "file_type": "pdf",
        "content_type": "quarterly_report",
        "published_date": "2023-08-03",
        "fiscal_date": "2023-06-30",
        "fiscal_year": 2023,
        "fiscal_quarter": 3,
        "r2_url": "https://pub-2c783279b61043e19fbdadd1bee5153a.r2.dev/DLB/2023-08-03/dlb-20230630.htm/dlb-20230630.pdf",
        "periodicity": "periodic"
    },
    {
        "equity_ticker": "DLB",
        "geography": "US",
        "content_name": "DLB Q2 2023 10-Q",
        "file_type": "pdf",
        "content_type": "quarterly_report",
        "published_date": "2023-05-04",
        "fiscal_date": "2023-03-31",
        "fiscal_year": 2023,
        "fiscal_quarter": 2,
        "r2_url": "https://pub-2c783279b61043e19fbdadd1bee5153a.r2.dev/DLB/2023-05-04/dlb-20230331.htm/dlb-20230331.pdf",
        "periodicity": "periodic"
    },
    {
        "equity_ticker": "DLB",
        "geography": "US",
        "content_name": "DLB Q1 2023 10-Q",
        "file_type": "pdf",
        "content_type": "quarterly_report",
        "published_date": "2023-02-02",
        "fiscal_date": "2022-12-30",
        "fiscal_year": 2023,
        "fiscal_quarter": 1,
        "r2_url": "https://pub-2c783279b61043e19fbdadd1bee5153a.r2.dev/DLB/2023-02-02/dlb-20221230.htm/dlb-20221230.pdf",
        "periodicity": "periodic"
    },
    {
        "equity_ticker": "DLB",
        "geography": "US",
        "content_name": "DLB Q4 2022 10-K",
        "file_type": "pdf",
        "content_type": "annual_report",
        "published_date": "2022-11-17",
        "fiscal_date": "2022-09-30",
        "fiscal_year": 2022,
        "fiscal_quarter": 4,
        "r2_url": "https://pub-2c783279b61043e19fbdadd1bee5153a.r2.dev/DLB/2022-11-17/dlb-20220930.htm/dlb-20220930.pdf",
        "periodicity": "periodic"
    },
    {
        "equity_ticker": "DLB",
        "geography": "US",
        "content_name": "DLB Q3 2022 10-Q",
        "file_type": "pdf",
        "content_type": "quarterly_report",
        "published_date": "2022-08-09",
        "fiscal_date": "2022-07-01",
        "fiscal_year": 2022,
        "fiscal_quarter": 3,
        "r2_url": "https://pub-2c783279b61043e19fbdadd1bee5153a.r2.dev/DLB/2022-08-09/dlb-20220701.htm/dlb-20220701.pdf",
        "periodicity": "periodic"
    },
    {
        "equity_ticker": "DLB",
        "geography": "US",
        "content_name": "DLB Q2 2022 10-Q",
        "file_type": "pdf",
        "content_type": "quarterly_report",
        "published_date": "2022-05-05",
        "fiscal_date": "2022-04-01",
        "fiscal_year": 2022,
        "fiscal_quarter": 2,
        "r2_url": "https://pub-2c783279b61043e19fbdadd1bee5153a.r2.dev/DLB/2022-05-05/dlb-20220401.htm/dlb-20220401.pdf",
        "periodicity": "periodic"
    },
    {
        "equity_ticker": "DLB",
        "geography": "US",
        "content_name": "DLB Q1 2022 10-Q",
        "file_type": "pdf",
        "content_type": "quarterly_report",
        "published_date": "2022-02-03",
        "fiscal_date": "2021-12-31",
        "fiscal_year": 2022,
        "fiscal_quarter": 1,
        "r2_url": "https://pub-2c783279b61043e19fbdadd1bee5153a.r2.dev/DLB/2022-02-03/dlb-20211231.htm/dlb-20211231.pdf",
        "periodicity": "periodic"
    },
    {
        "equity_ticker": "DLB",
        "geography": "US",
        "content_name": "DLB Q4 2021 10-K",
        "file_type": "pdf",
        "content_type": "annual_report",
        "published_date": "2021-11-16",
        "fiscal_date": "2021-09-24",
        "fiscal_year": 2021,
        "fiscal_quarter": 4,
        "r2_url": "https://pub-2c783279b61043e19fbdadd1bee5153a.r2.dev/DLB/2021-11-16/dlb-20210924.htm/dlb-20210924.pdf",
        "periodicity": "periodic"
    },
    {
        "equity_ticker": "DLB",
        "geography": "US",
        "content_name": "DLB Q3 2021 10-Q",
        "file_type": "pdf",
        "content_type": "quarterly_report",
        "published_date": "2021-07-29",
        "fiscal_date": "2021-06-25",
        "fiscal_year": 2021,
        "fiscal_quarter": 3,
        "r2_url": "https://pub-2c783279b61043e19fbdadd1bee5153a.r2.dev/DLB/2021-07-29/dlb-20210625.htm/dlb-20210625.pdf",
        "periodicity": "periodic"
    },
    {
        "equity_ticker": "DLB",
        "geography": "US",
        "content_name": "DLB Q2 2021 10-Q",
        "file_type": "pdf",
        "content_type": "quarterly_report",
        "published_date": "2021-05-04",
        "fiscal_date": "2021-03-26",
        "fiscal_year": 2021,
        "fiscal_quarter": 2,
        "r2_url": "https://pub-2c783279b61043e19fbdadd1bee5153a.r2.dev/DLB/2021-05-04/dlb-20210326.htm/dlb-20210326.pdf",
        "periodicity": "periodic"
    },
    {
        "equity_ticker": "DLB",
        "geography": "US",
        "content_name": "DLB Q1 2021 10-Q",
        "file_type": "pdf",
        "content_type": "quarterly_report",
        "published_date": "2021-01-28",
        "fiscal_date": "2020-12-25",
        "fiscal_year": 2021,
        "fiscal_quarter": 1,
        "r2_url": "https://pub-2c783279b61043e19fbdadd1bee5153a.r2.dev/DLB/2021-01-28/dlb-20201225.htm/dlb-20201225.pdf",
        "periodicity": "periodic"
    },
    {
        "equity_ticker": "DLB",
        "geography": "US",
        "content_name": "DLB Q4 2020 10-K",
        "file_type": "pdf",
        "content_type": "annual_report",
        "published_date": "2020-11-16",
        "fiscal_date": "2020-09-25",
        "fiscal_year": 2020,
        "fiscal_quarter": 4,
        "r2_url": "https://pub-2c783279b61043e19fbdadd1bee5153a.r2.dev/DLB/2020-11-16/dlb-20200925.htm/dlb-20200925.pdf",
        "periodicity": "periodic"
    },
    {
        "equity_ticker": "DLB",
        "geography": "US",
        "content_name": "DLB Q3 2020 10-Q",
        "file_type": "pdf",
        "content_type": "quarterly_report",
        "published_date": "2020-08-03",
        "fiscal_date": "2020-06-26",
        "fiscal_year": 2020,
        "fiscal_quarter": 3,
        "r2_url": "https://pub-2c783279b61043e19fbdadd1bee5153a.r2.dev/DLB/2020-08-03/dlb-20200626.htm/ix.pdf",
        "periodicity": "periodic"
    },
    {
        "equity_ticker": "DLB",
        "geography": "US",
        "content_name": "DLB Q2 2020 10-Q",
        "file_type": "pdf",
        "content_type": "quarterly_report",
        "published_date": "2020-05-04",
        "fiscal_date": "2020-03-27",
        "fiscal_year": 2020,
        "fiscal_quarter": 2,
        "r2_url": "https://pub-2c783279b61043e19fbdadd1bee5153a.r2.dev/DLB/2020-05-04/dlb-20200327.htm/ix.pdf",
        "periodicity": "periodic"
    },
    {
        "equity_ticker": "DLB",
        "geography": "US",
        "content_name": "DLB Q1 2020 10-Q",
        "file_type": "pdf",
        "content_type": "quarterly_report",
        "published_date": "2020-01-29",
        "fiscal_date": "2019-12-27",
        "fiscal_year": 2020,
        "fiscal_quarter": 1,
        "r2_url": "https://pub-2c783279b61043e19fbdadd1bee5153a.r2.dev/DLB/2020-01-29/a10-qxq120singlesource.htm/ix.pdf",
        "periodicity": "periodic"
    },
    {
        "equity_ticker": "DLB",
        "geography": "US",
        "content_name": "DLB Q4 2019 10-K",
        "file_type": "pdf",
        "content_type": "annual_report",
        "published_date": "2019-11-22",
        "fiscal_date": "2019-09-27",
        "fiscal_year": 2019,
        "fiscal_quarter": 4,
        "r2_url": "https://pub-2c783279b61043e19fbdadd1bee5153a.r2.dev/DLB/2019-11-22/a10-kfy19q4.htm/ix.pdf",
        "periodicity": "periodic"
    },
    {
        "equity_ticker": "DLB",
        "geography": "US",
        "content_name": "DLB Q3 2019 10-Q",
        "file_type": "pdf",
        "content_type": "quarterly_report",
        "published_date": "2019-08-02",
        "fiscal_date": "2019-06-28",
        "fiscal_year": 2019,
        "fiscal_quarter": 3,
        "r2_url": "https://pub-2c783279b61043e19fbdadd1bee5153a.r2.dev/DLB/2019-08-02/a10-qxq319singlesource.htm/ix.pdf",
        "periodicity": "periodic"
    },
    {
        "equity_ticker": "DLB",
        "geography": "US",
        "content_name": "DLB Q2 2019 10-Q",
        "file_type": "pdf",
        "content_type": "quarterly_report",
        "published_date": "2019-05-08",
        "fiscal_date": "2019-03-29",
        "fiscal_year": 2019,
        "fiscal_quarter": 2,
        "r2_url": "https://pub-2c783279b61043e19fbdadd1bee5153a.r2.dev/DLB/2019-05-08/a10-qxq219singlesource.htm/ix.pdf",
        "periodicity": "periodic"
    },
    {
        "equity_ticker": "DLB",
        "geography": "US",
        "content_name": "DLB Q1 2019 10-Q",
        "file_type": "pdf",
        "content_type": "quarterly_report",
        "published_date": "2019-01-31",
        "fiscal_date": "2018-12-28",
        "fiscal_year": 2019,
        "fiscal_quarter": 1,
        "r2_url": "https://pub-2c783279b61043e19fbdadd1bee5153a.r2.dev/DLB/2019-01-31/a10-qxq119singlesource.htm/a10-qxq119singlesource.pdf",
        "periodicity": "periodic"
    },
    {
        "equity_ticker": "DLB",
        "geography": "US",
        "content_name": "DLB Q4 2018 10-K",
        "file_type": "pdf",
        "content_type": "annual_report",
        "published_date": "2018-11-14",
        "fiscal_date": "2018-09-28",
        "fiscal_year": 2018,
        "fiscal_quarter": 4,
        "r2_url": "https://pub-2c783279b61043e19fbdadd1bee5153a.r2.dev/DLB/2018-11-14/a10-kfy18q4.htm/a10-kfy18q4.pdf",
        "periodicity": "periodic"
    },
    {
        "equity_ticker": "DLB",
        "geography": "US",
        "content_name": "DLB Q3 2018 10-Q",
        "file_type": "pdf",
        "content_type": "quarterly_report",
        "published_date": "2018-08-01",
        "fiscal_date": "2018-06-29",
        "fiscal_year": 2018,
        "fiscal_quarter": 3,
        "r2_url": "https://pub-2c783279b61043e19fbdadd1bee5153a.r2.dev/DLB/2018-08-01/a10-qxq318singlesource.htm/a10-qxq318singlesource.pdf",
        "periodicity": "periodic"
    },
    {
        "equity_ticker": "DLB",
        "geography": "US",
        "content_name": "DLB Q2 2018 10-Q",
        "file_type": "pdf",
        "content_type": "quarterly_report",
        "published_date": "2018-05-02",
        "fiscal_date": "2018-03-30",
        "fiscal_year": 2018,
        "fiscal_quarter": 2,
        "r2_url": "https://pub-2c783279b61043e19fbdadd1bee5153a.r2.dev/DLB/2018-05-02/a10-qxq218singlesource.htm/a10-qxq218singlesource.pdf",
        "periodicity": "periodic"
    },
    {
        "equity_ticker": "DLB",
        "geography": "US",
        "content_name": "DLB Q1 2018 10-Q",
        "file_type": "pdf",
        "content_type": "quarterly_report",
        "published_date": "2018-01-31",
        "fiscal_date": "2017-12-29",
        "fiscal_year": 2018,
        "fiscal_quarter": 1,
        "r2_url": "https://pub-2c783279b61043e19fbdadd1bee5153a.r2.dev/DLB/2018-01-31/a10-qxq118singlesource.htm/a10-qxq118singlesource.pdf",
        "periodicity": "periodic"
    },
    {
        "equity_ticker": "DLB",
        "geography": "US",
        "content_name": "DLB Q4 2017 10-K",
        "file_type": "pdf",
        "content_type": "annual_report",
        "published_date": "2017-11-16",
        "fiscal_date": "2017-09-29",
        "fiscal_year": 2017,
        "fiscal_quarter": 4,
        "r2_url": "https://pub-2c783279b61043e19fbdadd1bee5153a.r2.dev/DLB/2017-11-16/a10-kfy17.htm/a10-kfy17.pdf",
        "periodicity": "periodic"
    },
    {
        "equity_ticker": "DLB",
        "geography": "US",
        "content_name": "DLB Q3 2017 10-Q",
        "file_type": "pdf",
        "content_type": "quarterly_report",
        "published_date": "2017-08-02",
        "fiscal_date": "2017-06-30",
        "fiscal_year": 2017,
        "fiscal_quarter": 3,
        "r2_url": "https://pub-2c783279b61043e19fbdadd1bee5153a.r2.dev/DLB/2017-08-02/a10-qxq317.htm/a10-qxq317.pdf",
        "periodicity": "periodic"
    },
    {
        "equity_ticker": "DLB",
        "geography": "US",
        "content_name": "DLB Q2 2017 10-Q",
        "file_type": "pdf",
        "content_type": "quarterly_report",
        "published_date": "2017-05-03",
        "fiscal_date": "2017-03-31",
        "fiscal_year": 2017,
        "fiscal_quarter": 2,
        "r2_url": "https://pub-2c783279b61043e19fbdadd1bee5153a.r2.dev/DLB/2017-05-03/a10-qxq217.htm/a10-qxq217.pdf",
        "periodicity": "periodic"
    },
    {
        "equity_ticker": "DLB",
        "geography": "US",
        "content_name": "DLB Q1 2017 10-Q",
        "file_type": "pdf",
        "content_type": "quarterly_report",
        "published_date": "2017-02-01",
        "fiscal_date": "2016-12-30",
        "fiscal_year": 2017,
        "fiscal_quarter": 1,
        "r2_url": "https://pub-2c783279b61043e19fbdadd1bee5153a.r2.dev/DLB/2017-02-01/a10-qxq117.htm/a10-qxq117.pdf",
        "periodicity": "periodic"
    },
    {
        "equity_ticker": "DLB",
        "geography": "US",
        "content_name": "DLB Q4 2016 10-K",
        "file_type": "pdf",
        "content_type": "annual_report",
        "published_date": "2016-11-18",
        "fiscal_date": "2016-09-30",
        "fiscal_year": 2016,
        "fiscal_quarter": 4,
        "r2_url": "https://pub-2c783279b61043e19fbdadd1bee5153a.r2.dev/DLB/2016-11-18/a10-kfy16.htm/a10-kfy16.pdf",
        "periodicity": "periodic"
    },
    {
        "equity_ticker": "DLB",
        "geography": "US",
        "content_name": "DLB Q3 2016 10-Q",
        "file_type": "pdf",
        "content_type": "quarterly_report",
        "published_date": "2016-08-02",
        "fiscal_date": "2016-07-01",
        "fiscal_year": 2016,
        "fiscal_quarter": 3,
        "r2_url": "https://pub-2c783279b61043e19fbdadd1bee5153a.r2.dev/DLB/2016-08-02/a10-qxq316.htm/a10-qxq316.pdf",
        "periodicity": "periodic"
    },
    {
        "equity_ticker": "DLB",
        "geography": "US",
        "content_name": "DLB Q2 2016 10-Q",
        "file_type": "pdf",
        "content_type": "quarterly_report",
        "published_date": "2016-05-04",
        "fiscal_date": "2016-04-01",
        "fiscal_year": 2016,
        "fiscal_quarter": 2,
        "r2_url": "https://pub-2c783279b61043e19fbdadd1bee5153a.r2.dev/DLB/2016-05-04/a10-qxq216.htm/a10-qxq216.pdf",
        "periodicity": "periodic"
    },
    {
        "equity_ticker": "DLB",
        "geography": "US",
        "content_name": "DLB Q1 2016 10-Q",
        "file_type": "pdf",
        "content_type": "quarterly_report",
        "published_date": "2016-02-05",
        "fiscal_date": "2016-01-01",
        "fiscal_year": 2016,
        "fiscal_quarter": 1,
        "r2_url": "https://pub-2c783279b61043e19fbdadd1bee5153a.r2.dev/DLB/2016-02-05/a10-qxq116.htm/a10-qxq116.pdf",
        "periodicity": "periodic"
    },
    {
        "equity_ticker": "DLB",
        "geography": "US",
        "content_name": "DLB Q4 2015 10-K",
        "file_type": "pdf",
        "content_type": "annual_report",
        "published_date": "2015-11-24",
        "fiscal_date": "2015-09-25",
        "fiscal_year": 2015,
        "fiscal_quarter": 4,
        "r2_url": "https://pub-2c783279b61043e19fbdadd1bee5153a.r2.dev/DLB/2015-11-24/a10-kfy15.htm/a10-kfy15.pdf",
        "periodicity": "periodic"
    },
    {
        "equity_ticker": "DLB",
        "geography": "US",
        "content_name": "DLB Q3 2015 10-Q",
        "file_type": "pdf",
        "content_type": "quarterly_report",
        "published_date": "2015-07-30",
        "fiscal_date": "2015-06-26",
        "fiscal_year": 2015,
        "fiscal_quarter": 3,
        "r2_url": "https://pub-2c783279b61043e19fbdadd1bee5153a.r2.dev/DLB/2015-07-30/a10-qxq315.htm/a10-qxq315.pdf",
        "periodicity": "periodic"
    },
    {
        "equity_ticker": "DLB",
        "geography": "US",
        "content_name": "DLB Q2 2015 10-Q",
        "file_type": "pdf",
        "content_type": "quarterly_report",
        "published_date": "2015-05-06",
        "fiscal_date": "2015-03-27",
        "fiscal_year": 2015,
        "fiscal_quarter": 2,
        "r2_url": "https://pub-2c783279b61043e19fbdadd1bee5153a.r2.dev/DLB/2015-05-06/a10-qxq215.htm/a10-qxq215.pdf",
        "periodicity": "periodic"
    },
    {
        "equity_ticker": "DLB",
        "geography": "US",
        "content_name": "DLB Q1 2015 10-Q",
        "file_type": "pdf",
        "content_type": "quarterly_report",
        "published_date": "2015-01-30",
        "fiscal_date": "2014-12-26",
        "fiscal_year": 2015,
        "fiscal_quarter": 1,
        "r2_url": "https://pub-2c783279b61043e19fbdadd1bee5153a.r2.dev/DLB/2015-01-30/a10-qxq115.htm/a10-qxq115.pdf",
        "periodicity": "periodic"
    },
    {
        "equity_ticker": "DLB",
        "geography": "US",
        "content_name": "DLB Q4 2014 10-K",
        "file_type": "pdf",
        "content_type": "annual_report",
        "published_date": "2014-11-17",
        "fiscal_date": "2014-11-17",
        "fiscal_year": 2014,
        "fiscal_quarter": 4,
        "r2_url": "https://pub-2c783279b61043e19fbdadd1bee5153a.r2.dev/DLB/2014-11-17/a10-kxfy14.htm/a10-kxfy14.pdf",
        "periodicity": "periodic"
    },
    {
        "equity_ticker": "DLB",
        "geography": "US",
        "content_name": "DLB Q3 2014 10-Q",
        "file_type": "pdf",
        "content_type": "quarterly_report",
        "published_date": "2014-07-30",
        "fiscal_date": "2014-06-27",
        "fiscal_year": 2014,
        "fiscal_quarter": 3,
        "r2_url": "https://pub-2c783279b61043e19fbdadd1bee5153a.r2.dev/DLB/2014-07-30/a10-qxq314.htm/a10-qxq314.pdf",
        "periodicity": "periodic"
    },
    {
        "equity_ticker": "DLB",
        "geography": "US",
        "content_name": "DLB Q2 2014 10-Q",
        "file_type": "pdf",
        "content_type": "quarterly_report",
        "published_date": "2014-04-30",
        "fiscal_date": "2014-03-28",
        "fiscal_year": 2014,
        "fiscal_quarter": 2,
        "r2_url": "https://pub-2c783279b61043e19fbdadd1bee5153a.r2.dev/DLB/2014-04-30/a10-qxq214.htm/a10-qxq214.pdf",
        "periodicity": "periodic"
    },
    {
        "equity_ticker": "DLB",
        "geography": "US",
        "content_name": "DLB Q1 2014 10-Q",
        "file_type": "pdf",
        "content_type": "quarterly_report",
        "published_date": "2014-01-29",
        "fiscal_date": "2013-12-27",
        "fiscal_year": 2014,
        "fiscal_quarter": 1,
        "r2_url": "https://pub-2c783279b61043e19fbdadd1bee5153a.r2.dev/DLB/2014-01-29/a10-qxq114.htm/a10-qxq114.pdf",
        "periodicity": "periodic"
    },
    {
        "equity_ticker": "DLB",
        "geography": "US",
        "content_name": "DLB Q4 2013 10-K",
        "file_type": "pdf",
        "content_type": "annual_report",
        "published_date": "2013-11-14",
        "fiscal_date": "2013-09-27",
        "fiscal_year": 2013,
        "fiscal_quarter": 4,
        "r2_url": "https://pub-2c783279b61043e19fbdadd1bee5153a.r2.dev/DLB/2013-11-14/a10-k.htm/a10-k.pdf",
        "periodicity": "periodic"
    },
    {
        "equity_ticker": "DLB",
        "geography": "US",
        "content_name": "DLB Q3 2013 10-Q",
        "file_type": "pdf",
        "content_type": "quarterly_report",
        "published_date": "2013-07-31",
        "fiscal_date": "2013-06-28",
        "fiscal_year": 2013,
        "fiscal_quarter": 3,
        "r2_url": "https://pub-2c783279b61043e19fbdadd1bee5153a.r2.dev/DLB/2013-07-31/q31310-q.htm/q31310-q.pdf",
        "periodicity": "periodic"
    },
    {
        "equity_ticker": "DLB",
        "geography": "US",
        "content_name": "DLB Q2 2013 10-Q",
        "file_type": "pdf",
        "content_type": "quarterly_report",
        "published_date": "2013-05-02",
        "fiscal_date": "2013-03-29",
        "fiscal_year": 2013,
        "fiscal_quarter": 2,
        "r2_url": "https://pub-2c783279b61043e19fbdadd1bee5153a.r2.dev/DLB/2013-05-02/q21310-q.htm/q21310-q.pdf",
        "periodicity": "periodic"
    },
    {
        "equity_ticker": "DLB",
        "geography": "US",
        "content_name": "DLB Q1 2013 10-Q",
        "file_type": "pdf",
        "content_type": "quarterly_report",
        "published_date": "2013-02-06",
        "fiscal_date": "2012-12-28",
        "fiscal_year": 2013,
        "fiscal_quarter": 1,
        "r2_url": "https://pub-2c783279b61043e19fbdadd1bee5153a.r2.dev/DLB/2013-02-06/q11310-q.htm/q11310-q.pdf",
        "periodicity": "periodic"
    },
    {
        "equity_ticker": "DLB",
        "geography": "US",
        "content_name": "DLB Q4 2012 10-K",
        "file_type": "pdf",
        "content_type": "annual_report",
        "published_date": "2012-11-15",
        "fiscal_date": "2012-09-28",
        "fiscal_year": 2012,
        "fiscal_quarter": 4,
        "r2_url": "https://pub-2c783279b61043e19fbdadd1bee5153a.r2.dev/DLB/2012-11-15/dlb201210-k.htm/dlb201210-k.pdf",
        "periodicity": "periodic"
    },
    {
        "equity_ticker": "DLB",
        "geography": "US",
        "content_name": "DLB Q3 2012 10-Q",
        "file_type": "pdf",
        "content_type": "quarterly_report",
        "published_date": "2012-08-08",
        "fiscal_date": "2012-06-29",
        "fiscal_year": 2012,
        "fiscal_quarter": 3,
        "r2_url": "https://pub-2c783279b61043e19fbdadd1bee5153a.r2.dev/DLB/2012-08-08/a2012q310-q.htm/a2012q310-q.pdf",
        "periodicity": "periodic"
    },
    {
        "equity_ticker": "DLB",
        "geography": "US",
        "content_name": "DLB Q2 2012 10-Q",
        "file_type": "pdf",
        "content_type": "quarterly_report",
        "published_date": "2012-05-08",
        "fiscal_date": "2012-03-30",
        "fiscal_year": 2012,
        "fiscal_quarter": 2,
        "r2_url": "https://pub-2c783279b61043e19fbdadd1bee5153a.r2.dev/DLB/2012-05-08/a2012q210-q.htm/a2012q210-q.pdf",
        "periodicity": "periodic"
    },
    {
        "equity_ticker": "DLB",
        "geography": "US",
        "content_name": "DLB Q1 2012 10-Q",
        "file_type": "pdf",
        "content_type": "quarterly_report",
        "published_date": "2012-02-03",
        "fiscal_date": "2011-12-30",
        "fiscal_year": 2012,
        "fiscal_quarter": 1,
        "r2_url": "https://pub-2c783279b61043e19fbdadd1bee5153a.r2.dev/DLB/2012-02-03/d275502d10q.htm/d275502d10q.pdf",
        "periodicity": "periodic"
    },
    {
        "equity_ticker": "DLB",
        "geography": "US",
        "content_name": "DLB Q4 2011 10-K",
        "file_type": "pdf",
        "content_type": "annual_report",
        "published_date": "2011-11-22",
        "fiscal_date": "2011-09-30",
        "fiscal_year": 2011,
        "fiscal_quarter": 4,
        "r2_url": "https://pub-2c783279b61043e19fbdadd1bee5153a.r2.dev/DLB/2011-11-22/d206326d10k.htm/d206326d10k.pdf",
        "periodicity": "periodic"
    },
    {
        "equity_ticker": "DLB",
        "geography": "US",
        "content_name": "DLB Q3 2011 10-Q",
        "file_type": "pdf",
        "content_type": "quarterly_report",
        "published_date": "2011-08-04",
        "fiscal_date": "2011-07-01",
        "fiscal_year": 2011,
        "fiscal_quarter": 3,
        "r2_url": "https://pub-2c783279b61043e19fbdadd1bee5153a.r2.dev/DLB/2011-08-04/d10q.htm/d10q.pdf",
        "periodicity": "periodic"
    },
    {
        "equity_ticker": "DLB",
        "geography": "US",
        "content_name": "DLB Q2 2011 10-Q",
        "file_type": "pdf",
        "content_type": "quarterly_report",
        "published_date": "2011-05-10",
        "fiscal_date": "2011-04-01",
        "fiscal_year": 2011,
        "fiscal_quarter": 2,
        "r2_url": "https://pub-2c783279b61043e19fbdadd1bee5153a.r2.dev/DLB/2011-05-10/d10q.htm/d10q.pdf",
        "periodicity": "periodic"
    },
    {
        "equity_ticker": "DLB",
        "geography": "US",
        "content_name": "DLB Q1 2011 10-Q",
        "file_type": "pdf",
        "content_type": "quarterly_report",
        "published_date": "2011-02-09",
        "fiscal_date": "2010-12-31",
        "fiscal_year": 2011,
        "fiscal_quarter": 1,
        "r2_url": "https://pub-2c783279b61043e19fbdadd1bee5153a.r2.dev/DLB/2011-02-09/d10q.htm/d10q.pdf",
        "periodicity": "periodic"
    },
    {
        "equity_ticker": "DLB",
        "geography": "US",
        "content_name": "DLB Q4 2010 10-K",
        "file_type": "pdf",
        "content_type": "annual_report",
        "published_date": "2010-11-22",
        "fiscal_date": "2010-09-24",
        "fiscal_year": 2010,
        "fiscal_quarter": 4,
        "r2_url": "https://pub-2c783279b61043e19fbdadd1bee5153a.r2.dev/DLB/2010-11-22/d10k.htm/d10k.pdf",
        "periodicity": "periodic"
    },
    {
        "equity_ticker": "DLB",
        "geography": "US",
        "content_name": "DLB Q3 2010 10-Q",
        "file_type": "pdf",
        "content_type": "quarterly_report",
        "published_date": "2010-07-29",
        "fiscal_date": "2010-06-25",
        "fiscal_year": 2010,
        "fiscal_quarter": 3,
        "r2_url": "https://pub-2c783279b61043e19fbdadd1bee5153a.r2.dev/DLB/2010-07-29/d10q.htm/d10q.pdf",
        "periodicity": "periodic"
    },
    {
        "equity_ticker": "DLB",
        "geography": "US",
        "content_name": "DLB Q2 2010 10-Q",
        "file_type": "pdf",
        "content_type": "quarterly_report",
        "published_date": "2010-04-29",
        "fiscal_date": "2010-03-26",
        "fiscal_year": 2010,
        "fiscal_quarter": 2,
        "r2_url": "https://pub-2c783279b61043e19fbdadd1bee5153a.r2.dev/DLB/2010-04-29/d10q.htm/d10q.pdf",
        "periodicity": "periodic"
    },
    {
        "equity_ticker": "DLB",
        "geography": "US",
        "content_name": "DLB Q1 2010 10-Q",
        "file_type": "pdf",
        "content_type": "quarterly_report",
        "published_date": "2010-02-03",
        "fiscal_date": "2009-12-25",
        "fiscal_year": 2010,
        "fiscal_quarter": 1,
        "r2_url": "https://pub-2c783279b61043e19fbdadd1bee5153a.r2.dev/DLB/2010-02-03/d10q.htm/d10q.pdf",
        "periodicity": "periodic"
    },
    {
        "equity_ticker": "DLB",
        "geography": "US",
        "content_name": "DLB Q4 2009 10-K",
        "file_type": "pdf",
        "content_type": "annual_report",
        "published_date": "2009-11-18",
        "fiscal_date": "2009-09-25",
        "fiscal_year": 2009,
        "fiscal_quarter": 4,
        "r2_url": "https://pub-2c783279b61043e19fbdadd1bee5153a.r2.dev/DLB/2009-11-18/d10k.htm/d10k.pdf",
        "periodicity": "periodic"
    },
    {
        "equity_ticker": "DLB",
        "geography": "US",
        "content_name": "DLB Q3 2009 10-Q",
        "file_type": "pdf",
        "content_type": "quarterly_report",
        "published_date": "2009-07-30",
        "fiscal_date": "2009-06-26",
        "fiscal_year": 2009,
        "fiscal_quarter": 3,
        "r2_url": "https://pub-2c783279b61043e19fbdadd1bee5153a.r2.dev/DLB/2009-07-30/d10q.htm/d10q.pdf",
        "periodicity": "periodic"
    },
    {
        "equity_ticker": "DLB",
        "geography": "US",
        "content_name": "DLB Q2 2009 10-Q",
        "file_type": "pdf",
        "content_type": "quarterly_report",
        "published_date": "2009-04-30",
        "fiscal_date": "2009-03-27",
        "fiscal_year": 2009,
        "fiscal_quarter": 2,
        "r2_url": "https://pub-2c783279b61043e19fbdadd1bee5153a.r2.dev/DLB/2009-04-30/d10q.htm/d10q.pdf",
        "periodicity": "periodic"
    },
    {
        "equity_ticker": "DLB",
        "geography": "US",
        "content_name": "DLB Q1 2009 10-Q",
        "file_type": "pdf",
        "content_type": "quarterly_report",
        "published_date": "2009-02-04",
        "fiscal_date": "2008-12-26",
        "fiscal_year": 2009,
        "fiscal_quarter": 1,
        "r2_url": "https://pub-2c783279b61043e19fbdadd1bee5153a.r2.dev/DLB/2009-02-04/d10q.htm/d10q.pdf",
        "periodicity": "periodic"
    },
    {
        "equity_ticker": "DLB",
        "geography": "US",
        "content_name": "DLB Q4 2008 10-K",
        "file_type": "pdf",
        "content_type": "annual_report",
        "published_date": "2008-11-20",
        "fiscal_date": "2008-09-26",
        "fiscal_year": 2008,
        "fiscal_quarter": 4,
        "r2_url": "https://pub-2c783279b61043e19fbdadd1bee5153a.r2.dev/DLB/2008-11-20/d10k.htm/d10k.pdf",
        "periodicity": "periodic"
    },
    {
        "equity_ticker": "DLB",
        "geography": "US",
        "content_name": "DLB Q3 2008 10-Q",
        "file_type": "pdf",
        "content_type": "quarterly_report",
        "published_date": "2008-07-31",
        "fiscal_date": "2008-06-27",
        "fiscal_year": 2008,
        "fiscal_quarter": 3,
        "r2_url": "https://pub-2c783279b61043e19fbdadd1bee5153a.r2.dev/DLB/2008-07-31/d10q.htm/d10q.pdf",
        "periodicity": "periodic"
    },
    {
        "equity_ticker": "DLB",
        "geography": "US",
        "content_name": "DLB Q2 2008 10-Q",
        "file_type": "pdf",
        "content_type": "quarterly_report",
        "published_date": "2008-05-01",
        "fiscal_date": "2008-03-28",
        "fiscal_year": 2008,
        "fiscal_quarter": 2,
        "r2_url": "https://pub-2c783279b61043e19fbdadd1bee5153a.r2.dev/DLB/2008-05-01/d10q.htm/d10q.pdf",
        "periodicity": "periodic"
    },
    {
        "equity_ticker": "DLB",
        "geography": "US",
        "content_name": "DLB Q1 2008 10-Q",
        "file_type": "pdf",
        "content_type": "quarterly_report",
        "published_date": "2008-01-31",
        "fiscal_date": "2007-12-28",
        "fiscal_year": 2008,
        "fiscal_quarter": 1,
        "r2_url": "https://pub-2c783279b61043e19fbdadd1bee5153a.r2.dev/DLB/2008-01-31/d10q.htm/d10q.pdf",
        "periodicity": "periodic"
    },
    {
        "equity_ticker": "DLB",
        "geography": "US",
        "content_name": "DLB Q4 2007 10-K",
        "file_type": "pdf",
        "content_type": "annual_report",
        "published_date": "2007-11-21",
        "fiscal_date": "2007-09-28",
        "fiscal_year": 2007,
        "fiscal_quarter": 4,
        "r2_url": "https://pub-2c783279b61043e19fbdadd1bee5153a.r2.dev/DLB/2007-11-21/d10k.htm/d10k.pdf",
        "periodicity": "periodic"
    },
    {
        "equity_ticker": "DLB",
        "geography": "US",
        "content_name": "DLB Q3 2007 10-Q",
        "file_type": "pdf",
        "content_type": "quarterly_report",
        "published_date": "2007-08-01",
        "fiscal_date": "2007-06-29",
        "fiscal_year": 2007,
        "fiscal_quarter": 3,
        "r2_url": "https://pub-2c783279b61043e19fbdadd1bee5153a.r2.dev/DLB/2007-08-01/d10q.htm/d10q.pdf",
        "periodicity": "periodic"
    },
    {
        "equity_ticker": "DLB",
        "geography": "US",
        "content_name": "DLB Q2 2007 10-Q",
        "file_type": "pdf",
        "content_type": "quarterly_report",
        "published_date": "2007-05-02",
        "fiscal_date": "2007-03-30",
        "fiscal_year": 2007,
        "fiscal_quarter": 2,
        "r2_url": "https://pub-2c783279b61043e19fbdadd1bee5153a.r2.dev/DLB/2007-05-02/d10q.htm/d10q.pdf",
        "periodicity": "periodic"
    },
    {
        "equity_ticker": "DLB",
        "geography": "US",
        "content_name": "DLB Q1 2007 10-Q",
        "file_type": "pdf",
        "content_type": "quarterly_report",
        "published_date": "2007-02-05",
        "fiscal_date": "2006-12-29",
        "fiscal_year": 2007,
        "fiscal_quarter": 1,
        "r2_url": "https://pub-2c783279b61043e19fbdadd1bee5153a.r2.dev/DLB/2007-02-05/d10q.htm/d10q.pdf",
        "periodicity": "periodic"
    },
    {
        "equity_ticker": "DLB",
        "geography": "US",
        "content_name": "DLB Q4 2006 10-K",
        "file_type": "pdf",
        "content_type": "annual_report",
        "published_date": "2006-12-12",
        "fiscal_date": "2006-09-29",
        "fiscal_year": 2006,
        "fiscal_quarter": 4,
        "r2_url": "https://pub-2c783279b61043e19fbdadd1bee5153a.r2.dev/DLB/2006-12-12/d10k.htm/d10k.pdf",
        "periodicity": "periodic"
    },
    {
        "equity_ticker": "DLB",
        "geography": "US",
        "content_name": "DLB Q3 2006 10-Q",
        "file_type": "pdf",
        "content_type": "quarterly_report",
        "published_date": "2006-08-02",
        "fiscal_date": "2006-06-30",
        "fiscal_year": 2006,
        "fiscal_quarter": 3,
        "r2_url": "https://pub-2c783279b61043e19fbdadd1bee5153a.r2.dev/DLB/2006-08-02/d10q.htm/d10q.pdf",
        "periodicity": "periodic"
    },
    {
        "equity_ticker": "DLB",
        "geography": "US",
        "content_name": "DLB Q2 2006 10-Q",
        "file_type": "pdf",
        "content_type": "quarterly_report",
        "published_date": "2006-05-04",
        "fiscal_date": "2006-03-31",
        "fiscal_year": 2006,
        "fiscal_quarter": 2,
        "r2_url": "https://pub-2c783279b61043e19fbdadd1bee5153a.r2.dev/DLB/2006-05-04/d10q.htm/d10q.pdf",
        "periodicity": "periodic"
    },
    {
        "equity_ticker": "DLB",
        "geography": "US",
        "content_name": "DLB Q1 2006 10-Q",
        "file_type": "pdf",
        "content_type": "quarterly_report",
        "published_date": "2006-02-08",
        "fiscal_date": "2005-12-30",
        "fiscal_year": 2006,
        "fiscal_quarter": 1,
        "r2_url": "https://pub-2c783279b61043e19fbdadd1bee5153a.r2.dev/DLB/2006-02-08/d10q.htm/d10q.pdf",
        "periodicity": "periodic"
    },
    {
        "equity_ticker": "DLB",
        "geography": "US",
        "content_name": "DLB Q4 2005 10-K",
        "file_type": "pdf",
        "content_type": "annual_report",
        "published_date": "2005-12-20",
        "fiscal_date": "2005-09-30",
        "fiscal_year": 2005,
        "fiscal_quarter": 4,
        "r2_url": "https://pub-2c783279b61043e19fbdadd1bee5153a.r2.dev/DLB/2005-12-20/d10k.htm/d10k.pdf",
        "periodicity": "periodic"
    },
    {
        "equity_ticker": "DLB",
        "geography": "US",
        "content_name": "DLB Q3 2005 10-Q",
        "file_type": "pdf",
        "content_type": "quarterly_report",
        "published_date": "2005-08-11",
        "fiscal_date": "2005-07-01",
        "fiscal_year": 2005,
        "fiscal_quarter": 3,
        "r2_url": "https://pub-2c783279b61043e19fbdadd1bee5153a.r2.dev/DLB/2005-08-11/d10q.htm/d10q.pdf",
        "periodicity": "periodic"
    },
    {
        "equity_ticker": "DLB",
        "geography": "US",
        "content_name": "DLB Q2 2005 10-Q",
        "file_type": "pdf",
        "content_type": "quarterly_report",
        "published_date": "2005-05-13",
        "fiscal_date": "2005-04-01",
        "fiscal_year": 2005,
        "fiscal_quarter": 2,
        "r2_url": "https://pub-2c783279b61043e19fbdadd1bee5153a.r2.dev/DLB/2005-05-13/d10q.htm/d10q.pdf",
        "periodicity": "periodic"
    }
]