[
    {
        "equity_ticker": "DOCU",
        "geography": "US",
        "content_name": "Momentum Investor Session - April 16, 2025",
        "file_type": "pdf",
        "content_type": "company_conference_transcript",
        "published_date": "2025-04-16",
        "fiscal_date": "2025-04-16",
        "fiscal_year": null,
        "fiscal_quarter": null,
        "r2_url": "https://pub-2c783279b61043e19fbdadd1bee5153a.r2.dev/DOCU/2025-04-16/DocuSign%2C%20Inc._2025-04-16_transcript/DocuSign%2C%20Inc._2025-04-16_transcript.pdf%5CDocuSign%2C%20Inc._2025-04-16_transcript.pdf",
        "periodicity": "non_periodic"
    },
    {
        "equity_ticker": "DOCU",
        "geography": "US",
        "content_name": "DOCU Q4 2025 Transcript",
        "file_type": "pdf",
        "content_type": "earnings_transcript",
        "published_date": "2025-03-13",
        "fiscal_date": "2025-03-13",
        "fiscal_year": 2025,
        "fiscal_quarter": 4,
        "r2_url": "https://pub-2c783279b61043e19fbdadd1bee5153a.r2.dev/DOCU/2025-03-13/DocuSign%2C%20Inc._2025-03-13_transcript/DocuSign%2C%20Inc._2025-03-13_transcript.pdf%5CDocuSign%2C%20Inc._2025-03-13_transcript.pdf",
        "periodicity": "periodic"
    },
    {
        "equity_ticker": "DOCU",
        "geography": "US",
        "content_name": "DOCU Q4 2025 Press Release",
        "file_type": "pdf",
        "content_type": "earnings_press_release",
        "published_date": "2025-03-13",
        "fiscal_date": "2025-03-13",
        "fiscal_year": 2025,
        "fiscal_quarter": 4,
        "r2_url": "https://pub-2c783279b61043e19fbdadd1bee5153a.r2.dev/DOCU/2025-03-13/5f33f-2025-03-13-08-41-08/5f33f-2025-03-13-08-41-08.pdf%5C5f33f-2025-03-13-08-41-08.pdf",
        "periodicity": "periodic"
    },
    {
        "equity_ticker": "DOCU",
        "geography": "US",
        "content_name": "DOCU Q4 2025 Presentation",
        "file_type": "pdf",
        "content_type": "earnings_presentation",
        "published_date": "2025-03-13",
        "fiscal_date": "2025-03-13",
        "fiscal_year": 2025,
        "fiscal_quarter": 4,
        "r2_url": "https://pub-2c783279b61043e19fbdadd1bee5153a.r2.dev/DOCU/2025-03-13/64978-2025-03-13-08-33-13/64978-2025-03-13-08-33-13.pdf%5C64978-2025-03-13-08-33-13.pdf",
        "periodicity": "periodic"
    },
    {
        "equity_ticker": "DOCU",
        "geography": "US",
        "content_name": "DOCU Q3 2025 Transcript",
        "file_type": "pdf",
        "content_type": "earnings_transcript",
        "published_date": "2024-12-05",
        "fiscal_date": "2024-12-05",
        "fiscal_year": 2025,
        "fiscal_quarter": 3,
        "r2_url": "https://pub-2c783279b61043e19fbdadd1bee5153a.r2.dev/DOCU/2024-12-05/DocuSign%2C%20Inc._2024-12-05_transcript/DocuSign%2C%20Inc._2024-12-05_transcript.pdf%5CDocuSign%2C%20Inc._2024-12-05_transcript.pdf",
        "periodicity": "periodic"
    },
    {
        "equity_ticker": "DOCU",
        "geography": "US",
        "content_name": "DOCU Q3 2025 Press Release",
        "file_type": "pdf",
        "content_type": "earnings_press_release",
        "published_date": "2024-12-05",
        "fiscal_date": "2024-12-05",
        "fiscal_year": 2025,
        "fiscal_quarter": 3,
        "r2_url": "https://pub-2c783279b61043e19fbdadd1bee5153a.r2.dev/DOCU/2024-12-05/66a23-2024-12-05-09-55-09/66a23-2024-12-05-09-55-09.pdf%5C66a23-2024-12-05-09-55-09.pdf",
        "periodicity": "periodic"
    },
    {
        "equity_ticker": "DOCU",
        "geography": "US",
        "content_name": "DOCU Q3 2025 Presentation",
        "file_type": "pdf",
        "content_type": "earnings_presentation",
        "published_date": "2024-12-05",
        "fiscal_date": "2024-12-05",
        "fiscal_year": 2025,
        "fiscal_quarter": 3,
        "r2_url": "https://pub-2c783279b61043e19fbdadd1bee5153a.r2.dev/DOCU/2024-12-05/b63b8-2024-12-05-09-02-09/b63b8-2024-12-05-09-02-09.pdf%5Cb63b8-2024-12-05-09-02-09.pdf",
        "periodicity": "periodic"
    },
    {
        "equity_ticker": "DOCU",
        "geography": "US",
        "content_name": "DOCU Q2 2025 Transcript",
        "file_type": "pdf",
        "content_type": "earnings_transcript",
        "published_date": "2024-09-05",
        "fiscal_date": "2024-09-05",
        "fiscal_year": 2025,
        "fiscal_quarter": 2,
        "r2_url": "https://pub-2c783279b61043e19fbdadd1bee5153a.r2.dev/DOCU/2024-09-05/DocuSign%2C%20Inc._2024-09-05_transcript/DocuSign%2C%20Inc._2024-09-05_transcript.pdf%5CDocuSign%2C%20Inc._2024-09-05_transcript.pdf",
        "periodicity": "periodic"
    },
    {
        "equity_ticker": "DOCU",
        "geography": "US",
        "content_name": "DOCU Q2 2025 Press Release",
        "file_type": "pdf",
        "content_type": "earnings_press_release",
        "published_date": "2024-09-05",
        "fiscal_date": "2024-09-05",
        "fiscal_year": 2025,
        "fiscal_quarter": 2,
        "r2_url": "https://pub-2c783279b61043e19fbdadd1bee5153a.r2.dev/DOCU/2024-09-05/c7b4d-2024-09-05-08-47-13/c7b4d-2024-09-05-08-47-13.pdf%5Cc7b4d-2024-09-05-08-47-13.pdf",
        "periodicity": "periodic"
    },
    {
        "equity_ticker": "DOCU",
        "geography": "US",
        "content_name": "DOCU Q2 2025 Presentation",
        "file_type": "pdf",
        "content_type": "earnings_presentation",
        "published_date": "2024-09-05",
        "fiscal_date": "2024-09-05",
        "fiscal_year": 2025,
        "fiscal_quarter": 2,
        "r2_url": "https://pub-2c783279b61043e19fbdadd1bee5153a.r2.dev/DOCU/2024-09-05/9f8b9-2024-09-05-08-58-11/9f8b9-2024-09-05-08-58-11.pdf%5C9f8b9-2024-09-05-08-58-11.pdf",
        "periodicity": "periodic"
    },
    {
        "equity_ticker": "DOCU",
        "geography": "US",
        "content_name": "DOCU Q1 2025 Transcript",
        "file_type": "pdf",
        "content_type": "earnings_transcript",
        "published_date": "2024-06-06",
        "fiscal_date": "2024-06-06",
        "fiscal_year": 2025,
        "fiscal_quarter": 1,
        "r2_url": "https://pub-2c783279b61043e19fbdadd1bee5153a.r2.dev/DOCU/2024-06-06/DocuSign%2C%20Inc._2024-06-06_transcript/DocuSign%2C%20Inc._2024-06-06_transcript.pdf%5CDocuSign%2C%20Inc._2024-06-06_transcript.pdf",
        "periodicity": "periodic"
    },
    {
        "equity_ticker": "DOCU",
        "geography": "US",
        "content_name": "DOCU Q1 2025 Press Release",
        "file_type": "pdf",
        "content_type": "earnings_press_release",
        "published_date": "2024-06-06",
        "fiscal_date": "2024-06-06",
        "fiscal_year": 2025,
        "fiscal_quarter": 1,
        "r2_url": "https://pub-2c783279b61043e19fbdadd1bee5153a.r2.dev/DOCU/2024-06-06/72a6c-2024-06-06-08-00-09/72a6c-2024-06-06-08-00-09.pdf%5C72a6c-2024-06-06-08-00-09.pdf",
        "periodicity": "periodic"
    },
    {
        "equity_ticker": "DOCU",
        "geography": "US",
        "content_name": "DOCU Q1 2025 Presentation",
        "file_type": "pdf",
        "content_type": "earnings_presentation",
        "published_date": "2024-06-06",
        "fiscal_date": "2024-06-06",
        "fiscal_year": 2025,
        "fiscal_quarter": 1,
        "r2_url": "https://pub-2c783279b61043e19fbdadd1bee5153a.r2.dev/DOCU/2024-06-06/e8a8d-2024-06-06-08-27-17/e8a8d-2024-06-06-08-27-17.pdf%5Ce8a8d-2024-06-06-08-27-17.pdf",
        "periodicity": "periodic"
    },
    {
        "equity_ticker": "DOCU",
        "geography": "US",
        "content_name": "Momentum '24 Investor Q&A - April 11, 2024",
        "file_type": "pdf",
        "content_type": "company_conference_transcript",
        "published_date": "2024-04-11",
        "fiscal_date": "2024-04-11",
        "fiscal_year": null,
        "fiscal_quarter": null,
        "r2_url": "https://pub-2c783279b61043e19fbdadd1bee5153a.r2.dev/DOCU/2024-04-11/DocuSign%2C%20Inc._2024-04-11_transcript/DocuSign%2C%20Inc._2024-04-11_transcript.pdf%5CDocuSign%2C%20Inc._2024-04-11_transcript.pdf",
        "periodicity": "non_periodic"
    },
    {
        "equity_ticker": "DOCU",
        "geography": "US",
        "content_name": "DOCU Q4 2024 Transcript",
        "file_type": "pdf",
        "content_type": "earnings_transcript",
        "published_date": "2024-03-07",
        "fiscal_date": "2024-03-07",
        "fiscal_year": 2024,
        "fiscal_quarter": 4,
        "r2_url": "https://pub-2c783279b61043e19fbdadd1bee5153a.r2.dev/DOCU/2024-03-07/DocuSign%2C%20Inc._2024-03-07_transcript/DocuSign%2C%20Inc._2024-03-07_transcript.pdf%5CDocuSign%2C%20Inc._2024-03-07_transcript.pdf",
        "periodicity": "periodic"
    },
    {
        "equity_ticker": "DOCU",
        "geography": "US",
        "content_name": "DOCU Q4 2024 Press Release",
        "file_type": "pdf",
        "content_type": "earnings_press_release",
        "published_date": "2024-03-07",
        "fiscal_date": "2024-03-07",
        "fiscal_year": 2024,
        "fiscal_quarter": 4,
        "r2_url": "https://pub-2c783279b61043e19fbdadd1bee5153a.r2.dev/DOCU/2024-03-07/057f7-2024-03-07-09-33-18/057f7-2024-03-07-09-33-18.pdf%5C057f7-2024-03-07-09-33-18.pdf",
        "periodicity": "periodic"
    },
    {
        "equity_ticker": "DOCU",
        "geography": "US",
        "content_name": "DOCU Q4 2024 Presentation",
        "file_type": "pdf",
        "content_type": "earnings_presentation",
        "published_date": "2024-03-07",
        "fiscal_date": "2024-03-07",
        "fiscal_year": 2024,
        "fiscal_quarter": 4,
        "r2_url": "https://pub-2c783279b61043e19fbdadd1bee5153a.r2.dev/DOCU/2024-03-07/435d3-2024-03-07-09-54-32/435d3-2024-03-07-09-54-32.pdf%5C435d3-2024-03-07-09-54-32.pdf",
        "periodicity": "periodic"
    },
    {
        "equity_ticker": "DOCU",
        "geography": "US",
        "content_name": "DOCU Q3 2024 Transcript",
        "file_type": "pdf",
        "content_type": "earnings_transcript",
        "published_date": "2023-12-07",
        "fiscal_date": "2023-12-07",
        "fiscal_year": 2024,
        "fiscal_quarter": 3,
        "r2_url": "https://pub-2c783279b61043e19fbdadd1bee5153a.r2.dev/DOCU/2023-12-07/DocuSign%2C%20Inc._2023-12-07_transcript/DocuSign%2C%20Inc._2023-12-07_transcript.pdf%5CDocuSign%2C%20Inc._2023-12-07_transcript.pdf",
        "periodicity": "periodic"
    },
    {
        "equity_ticker": "DOCU",
        "geography": "US",
        "content_name": "DOCU Q3 2024 Press Release",
        "file_type": "pdf",
        "content_type": "earnings_press_release",
        "published_date": "2023-12-07",
        "fiscal_date": "2023-12-07",
        "fiscal_year": 2024,
        "fiscal_quarter": 3,
        "r2_url": "https://pub-2c783279b61043e19fbdadd1bee5153a.r2.dev/DOCU/2023-12-07/09ef6-2023-12-07-09-42-08/09ef6-2023-12-07-09-42-08.pdf%5C09ef6-2023-12-07-09-42-08.pdf",
        "periodicity": "periodic"
    },
    {
        "equity_ticker": "DOCU",
        "geography": "US",
        "content_name": "DOCU Q3 2024 Presentation",
        "file_type": "pdf",
        "content_type": "earnings_presentation",
        "published_date": "2023-12-07",
        "fiscal_date": "2023-12-07",
        "fiscal_year": 2024,
        "fiscal_quarter": 3,
        "r2_url": "https://pub-2c783279b61043e19fbdadd1bee5153a.r2.dev/DOCU/2023-12-07/82e17-2023-12-07-09-39-09/82e17-2023-12-07-09-39-09.pdf%5C82e17-2023-12-07-09-39-09.pdf",
        "periodicity": "periodic"
    },
    {
        "equity_ticker": "DOCU",
        "geography": "US",
        "content_name": "DOCU Q2 2024 Transcript",
        "file_type": "pdf",
        "content_type": "earnings_transcript",
        "published_date": "2023-09-07",
        "fiscal_date": "2023-09-07",
        "fiscal_year": 2024,
        "fiscal_quarter": 2,
        "r2_url": "https://pub-2c783279b61043e19fbdadd1bee5153a.r2.dev/DOCU/2023-09-07/DocuSign%2C%20Inc._2023-09-07_transcript/DocuSign%2C%20Inc._2023-09-07_transcript.pdf%5CDocuSign%2C%20Inc._2023-09-07_transcript.pdf",
        "periodicity": "periodic"
    },
    {
        "equity_ticker": "DOCU",
        "geography": "US",
        "content_name": "DOCU Q2 2024 Press Release",
        "file_type": "pdf",
        "content_type": "earnings_press_release",
        "published_date": "2023-09-07",
        "fiscal_date": "2023-09-07",
        "fiscal_year": 2024,
        "fiscal_quarter": 2,
        "r2_url": "https://pub-2c783279b61043e19fbdadd1bee5153a.r2.dev/DOCU/2023-09-07/ad4fe-2023-09-07-08-08-09/ad4fe-2023-09-07-08-08-09.pdf%5Cad4fe-2023-09-07-08-08-09.pdf",
        "periodicity": "periodic"
    },
    {
        "equity_ticker": "DOCU",
        "geography": "US",
        "content_name": "DOCU Q2 2024 Presentation",
        "file_type": "pdf",
        "content_type": "earnings_presentation",
        "published_date": "2023-09-07",
        "fiscal_date": "2023-09-07",
        "fiscal_year": 2024,
        "fiscal_quarter": 2,
        "r2_url": "https://pub-2c783279b61043e19fbdadd1bee5153a.r2.dev/DOCU/2023-09-07/bc97f-2023-09-07-08-20-14/bc97f-2023-09-07-08-20-14.pdf%5Cbc97f-2023-09-07-08-20-14.pdf",
        "periodicity": "periodic"
    },
    {
        "equity_ticker": "DOCU",
        "geography": "US",
        "content_name": "DOCU Q1 2024 Transcript",
        "file_type": "pdf",
        "content_type": "earnings_transcript",
        "published_date": "2023-06-08",
        "fiscal_date": "2023-06-08",
        "fiscal_year": 2024,
        "fiscal_quarter": 1,
        "r2_url": "https://pub-2c783279b61043e19fbdadd1bee5153a.r2.dev/DOCU/2023-06-08/DocuSign%2C%20Inc._2023-06-08_transcript/DocuSign%2C%20Inc._2023-06-08_transcript.pdf%5CDocuSign%2C%20Inc._2023-06-08_transcript.pdf",
        "periodicity": "periodic"
    },
    {
        "equity_ticker": "DOCU",
        "geography": "US",
        "content_name": "DOCU Q1 2024 Press Release",
        "file_type": "pdf",
        "content_type": "earnings_press_release",
        "published_date": "2023-06-08",
        "fiscal_date": "2023-06-08",
        "fiscal_year": 2024,
        "fiscal_quarter": 1,
        "r2_url": "https://pub-2c783279b61043e19fbdadd1bee5153a.r2.dev/DOCU/2023-06-08/6422d-2024-03-08-07-16-01/6422d-2024-03-08-07-16-01.pdf%5C6422d-2024-03-08-07-16-01.pdf",
        "periodicity": "periodic"
    },
    {
        "equity_ticker": "DOCU",
        "geography": "US",
        "content_name": "DOCU Q1 2024 Presentation",
        "file_type": "pdf",
        "content_type": "earnings_presentation",
        "published_date": "2023-06-08",
        "fiscal_date": "2023-06-08",
        "fiscal_year": 2024,
        "fiscal_quarter": 1,
        "r2_url": "https://pub-2c783279b61043e19fbdadd1bee5153a.r2.dev/DOCU/2023-06-08/67620-2023-06-08-09-06-29/67620-2023-06-08-09-06-29.pdf%5C67620-2023-06-08-09-06-29.pdf",
        "periodicity": "periodic"
    },
    {
        "equity_ticker": "DOCU",
        "geography": "US",
        "content_name": "DOCU Q4 2023 Transcript",
        "file_type": "pdf",
        "content_type": "earnings_transcript",
        "published_date": "2023-03-09",
        "fiscal_date": "2023-03-09",
        "fiscal_year": 2023,
        "fiscal_quarter": 4,
        "r2_url": "https://pub-2c783279b61043e19fbdadd1bee5153a.r2.dev/DOCU/2023-03-09/DocuSign%2C%20Inc._2023-03-09_transcript/DocuSign%2C%20Inc._2023-03-09_transcript.pdf%5CDocuSign%2C%20Inc._2023-03-09_transcript.pdf",
        "periodicity": "periodic"
    },
    {
        "equity_ticker": "DOCU",
        "geography": "US",
        "content_name": "DOCU Q4 2023 Press Release",
        "file_type": "pdf",
        "content_type": "earnings_press_release",
        "published_date": "2023-03-09",
        "fiscal_date": "2023-03-09",
        "fiscal_year": 2023,
        "fiscal_quarter": 4,
        "r2_url": "https://pub-2c783279b61043e19fbdadd1bee5153a.r2.dev/DOCU/2023-03-09/7c78e-2023-03-09-09-44-34/7c78e-2023-03-09-09-44-34.pdf%5C7c78e-2023-03-09-09-44-34.pdf",
        "periodicity": "periodic"
    },
    {
        "equity_ticker": "DOCU",
        "geography": "US",
        "content_name": "DOCU Q4 2023 Presentation",
        "file_type": "pdf",
        "content_type": "earnings_presentation",
        "published_date": "2023-03-09",
        "fiscal_date": "2023-03-09",
        "fiscal_year": 2023,
        "fiscal_quarter": 4,
        "r2_url": "https://pub-2c783279b61043e19fbdadd1bee5153a.r2.dev/DOCU/2023-03-09/7206b-2023-03-09-09-48-35/7206b-2023-03-09-09-48-35.pdf%5C7206b-2023-03-09-09-48-35.pdf",
        "periodicity": "periodic"
    },
    {
        "equity_ticker": "DOCU",
        "geography": "US",
        "content_name": "Needham Growth Conference - January 9, 2023",
        "file_type": "pdf",
        "content_type": "company_conference_transcript",
        "published_date": "2023-01-09",
        "fiscal_date": "2023-01-09",
        "fiscal_year": null,
        "fiscal_quarter": null,
        "r2_url": "https://pub-2c783279b61043e19fbdadd1bee5153a.r2.dev/DOCU/2023-01-09/DocuSign%2C%20Inc._2023-01-09_transcript/DocuSign%2C%20Inc._2023-01-09_transcript.pdf%5CDocuSign%2C%20Inc._2023-01-09_transcript.pdf",
        "periodicity": "non_periodic"
    },
    {
        "equity_ticker": "DOCU",
        "geography": "US",
        "content_name": "DOCU Q3 2023 Transcript",
        "file_type": "pdf",
        "content_type": "earnings_transcript",
        "published_date": "2022-12-08",
        "fiscal_date": "2022-12-08",
        "fiscal_year": 2023,
        "fiscal_quarter": 3,
        "r2_url": "https://pub-2c783279b61043e19fbdadd1bee5153a.r2.dev/DOCU/2022-12-08/DocuSign%2C%20Inc._2022-12-08_transcript/DocuSign%2C%20Inc._2022-12-08_transcript.pdf%5CDocuSign%2C%20Inc._2022-12-08_transcript.pdf",
        "periodicity": "periodic"
    },
    {
        "equity_ticker": "DOCU",
        "geography": "US",
        "content_name": "DOCU Q3 2023 Press Release",
        "file_type": "pdf",
        "content_type": "earnings_press_release",
        "published_date": "2022-12-08",
        "fiscal_date": "2022-12-08",
        "fiscal_year": 2023,
        "fiscal_quarter": 3,
        "r2_url": "https://pub-2c783279b61043e19fbdadd1bee5153a.r2.dev/DOCU/2022-12-08/220ea-2024-03-08-07-16-02/220ea-2024-03-08-07-16-02.pdf%5C220ea-2024-03-08-07-16-02.pdf",
        "periodicity": "periodic"
    },
    {
        "equity_ticker": "DOCU",
        "geography": "US",
        "content_name": "DOCU Q3 2023 Presentation",
        "file_type": "pdf",
        "content_type": "earnings_presentation",
        "published_date": "2022-12-08",
        "fiscal_date": "2022-12-08",
        "fiscal_year": 2023,
        "fiscal_quarter": 3,
        "r2_url": "https://pub-2c783279b61043e19fbdadd1bee5153a.r2.dev/DOCU/2022-12-08/38aff-2022-12-08-09-54-09/38aff-2022-12-08-09-54-09.pdf%5C38aff-2022-12-08-09-54-09.pdf",
        "periodicity": "periodic"
    },
    {
        "equity_ticker": "DOCU",
        "geography": "US",
        "content_name": "DOCU Q2 2023 Transcript",
        "file_type": "pdf",
        "content_type": "earnings_transcript",
        "published_date": "2022-09-08",
        "fiscal_date": "2022-09-08",
        "fiscal_year": 2023,
        "fiscal_quarter": 2,
        "r2_url": "https://pub-2c783279b61043e19fbdadd1bee5153a.r2.dev/DOCU/2022-09-08/DocuSign%2C%20Inc._2022-09-08_transcript/DocuSign%2C%20Inc._2022-09-08_transcript.pdf%5CDocuSign%2C%20Inc._2022-09-08_transcript.pdf",
        "periodicity": "periodic"
    },
    {
        "equity_ticker": "DOCU",
        "geography": "US",
        "content_name": "DOCU Q2 2023 Press Release",
        "file_type": "pdf",
        "content_type": "earnings_press_release",
        "published_date": "2022-09-08",
        "fiscal_date": "2022-09-08",
        "fiscal_year": 2023,
        "fiscal_quarter": 2,
        "r2_url": "https://pub-2c783279b61043e19fbdadd1bee5153a.r2.dev/DOCU/2022-09-08/e7c15-2024-03-08-07-00-04/e7c15-2024-03-08-07-00-04.pdf%5Ce7c15-2024-03-08-07-00-04.pdf",
        "periodicity": "periodic"
    },
    {
        "equity_ticker": "DOCU",
        "geography": "US",
        "content_name": "DOCU Q1 2023 Transcript",
        "file_type": "pdf",
        "content_type": "earnings_transcript",
        "published_date": "2022-06-09",
        "fiscal_date": "2022-06-09",
        "fiscal_year": 2023,
        "fiscal_quarter": 1,
        "r2_url": "https://pub-2c783279b61043e19fbdadd1bee5153a.r2.dev/DOCU/2022-06-09/DocuSign%2C%20Inc._2022-06-09_transcript/DocuSign%2C%20Inc._2022-06-09_transcript.pdf%5CDocuSign%2C%20Inc._2022-06-09_transcript.pdf",
        "periodicity": "periodic"
    },
    {
        "equity_ticker": "DOCU",
        "geography": "US",
        "content_name": "DOCU Q1 2023 Press Release",
        "file_type": "pdf",
        "content_type": "earnings_press_release",
        "published_date": "2022-06-09",
        "fiscal_date": "2022-06-09",
        "fiscal_year": 2023,
        "fiscal_quarter": 1,
        "r2_url": "https://pub-2c783279b61043e19fbdadd1bee5153a.r2.dev/DOCU/2022-06-09/5c24c-2024-03-08-07-03-05/5c24c-2024-03-08-07-03-05.pdf%5C5c24c-2024-03-08-07-03-05.pdf",
        "periodicity": "periodic"
    },
    {
        "equity_ticker": "DOCU",
        "geography": "US",
        "content_name": "DOCU Q1 2023 Presentation",
        "file_type": "pdf",
        "content_type": "earnings_presentation",
        "published_date": "2022-06-09",
        "fiscal_date": "2022-06-09",
        "fiscal_year": 2023,
        "fiscal_quarter": 1,
        "r2_url": "https://pub-2c783279b61043e19fbdadd1bee5153a.r2.dev/DOCU/2022-06-09/d7621-2022-06-09-08-12-11/d7621-2022-06-09-08-12-11.pdf%5Cd7621-2022-06-09-08-12-11.pdf",
        "periodicity": "periodic"
    },
    {
        "equity_ticker": "DOCU",
        "geography": "US",
        "content_name": "DOCU Q4 2022 Transcript",
        "file_type": "pdf",
        "content_type": "earnings_transcript",
        "published_date": "2022-03-10",
        "fiscal_date": "2022-03-10",
        "fiscal_year": 2022,
        "fiscal_quarter": 4,
        "r2_url": "https://pub-2c783279b61043e19fbdadd1bee5153a.r2.dev/DOCU/2022-03-10/DocuSign%2C%20Inc._2022-03-10_transcript/DocuSign%2C%20Inc._2022-03-10_transcript.pdf%5CDocuSign%2C%20Inc._2022-03-10_transcript.pdf",
        "periodicity": "periodic"
    },
    {
        "equity_ticker": "DOCU",
        "geography": "US",
        "content_name": "DOCU Q4 2022 Press Release",
        "file_type": "pdf",
        "content_type": "earnings_press_release",
        "published_date": "2022-03-10",
        "fiscal_date": "2022-03-10",
        "fiscal_year": 2022,
        "fiscal_quarter": 4,
        "r2_url": "https://pub-2c783279b61043e19fbdadd1bee5153a.r2.dev/DOCU/2022-03-10/ab2b3-2024-03-08-07-56-08/ab2b3-2024-03-08-07-56-08.pdf%5Cab2b3-2024-03-08-07-56-08.pdf",
        "periodicity": "periodic"
    },
    {
        "equity_ticker": "DOCU",
        "geography": "US",
        "content_name": "DOCU Q4 2022 Presentation",
        "file_type": "pdf",
        "content_type": "earnings_presentation",
        "published_date": "2022-03-10",
        "fiscal_date": "2022-03-10",
        "fiscal_year": 2022,
        "fiscal_quarter": 4,
        "r2_url": "https://pub-2c783279b61043e19fbdadd1bee5153a.r2.dev/DOCU/2022-03-10/08814-2022-03-10-08-25-37-migrated/08814-2022-03-10-08-25-37-migrated.pdf%5C08814-2022-03-10-08-25-37-migrated.pdf",
        "periodicity": "periodic"
    },
    {
        "equity_ticker": "DOCU",
        "geography": "US",
        "content_name": "DOCU Q3 2022 Transcript",
        "file_type": "pdf",
        "content_type": "earnings_transcript",
        "published_date": "2021-12-02",
        "fiscal_date": "2021-12-02",
        "fiscal_year": 2022,
        "fiscal_quarter": 3,
        "r2_url": "https://pub-2c783279b61043e19fbdadd1bee5153a.r2.dev/DOCU/2021-12-02/DocuSign%2C%20Inc._2021-12-02_transcript/DocuSign%2C%20Inc._2021-12-02_transcript.pdf%5CDocuSign%2C%20Inc._2021-12-02_transcript.pdf",
        "periodicity": "periodic"
    },
    {
        "equity_ticker": "DOCU",
        "geography": "US",
        "content_name": "DOCU Q3 2022 Press Release",
        "file_type": "pdf",
        "content_type": "earnings_press_release",
        "published_date": "2021-12-02",
        "fiscal_date": "2021-12-02",
        "fiscal_year": 2022,
        "fiscal_quarter": 3,
        "r2_url": "https://pub-2c783279b61043e19fbdadd1bee5153a.r2.dev/DOCU/2021-12-02/f3e0f-2024-03-08-07-33-09/f3e0f-2024-03-08-07-33-09.pdf%5Cf3e0f-2024-03-08-07-33-09.pdf",
        "periodicity": "periodic"
    },
    {
        "equity_ticker": "DOCU",
        "geography": "US",
        "content_name": "DOCU Q3 2022 Presentation",
        "file_type": "pdf",
        "content_type": "earnings_presentation",
        "published_date": "2021-12-02",
        "fiscal_date": "2021-12-02",
        "fiscal_year": 2022,
        "fiscal_quarter": 3,
        "r2_url": "https://pub-2c783279b61043e19fbdadd1bee5153a.r2.dev/DOCU/2021-12-02/64af5-2021-12-02-12-00-00-migrated/64af5-2021-12-02-12-00-00-migrated.pdf%5C64af5-2021-12-02-12-00-00-migrated.pdf",
        "periodicity": "periodic"
    },
    {
        "equity_ticker": "DOCU",
        "geography": "US",
        "content_name": "DOCU Q2 2022 Transcript",
        "file_type": "pdf",
        "content_type": "earnings_transcript",
        "published_date": "2021-09-02",
        "fiscal_date": "2021-09-02",
        "fiscal_year": 2022,
        "fiscal_quarter": 2,
        "r2_url": "https://pub-2c783279b61043e19fbdadd1bee5153a.r2.dev/DOCU/2021-09-02/DocuSign%2C%20Inc._2021-09-02_transcript/DocuSign%2C%20Inc._2021-09-02_transcript.pdf%5CDocuSign%2C%20Inc._2021-09-02_transcript.pdf",
        "periodicity": "periodic"
    },
    {
        "equity_ticker": "DOCU",
        "geography": "US",
        "content_name": "DOCU Q2 2022 Press Release",
        "file_type": "pdf",
        "content_type": "earnings_press_release",
        "published_date": "2021-09-02",
        "fiscal_date": "2021-09-02",
        "fiscal_year": 2022,
        "fiscal_quarter": 2,
        "r2_url": "https://pub-2c783279b61043e19fbdadd1bee5153a.r2.dev/DOCU/2021-09-02/1aead-2024-03-08-07-16-10/1aead-2024-03-08-07-16-10.pdf%5C1aead-2024-03-08-07-16-10.pdf",
        "periodicity": "periodic"
    },
    {
        "equity_ticker": "DOCU",
        "geography": "US",
        "content_name": "DOCU Q2 2022 Presentation",
        "file_type": "pdf",
        "content_type": "earnings_presentation",
        "published_date": "2021-09-02",
        "fiscal_date": "2021-09-02",
        "fiscal_year": 2022,
        "fiscal_quarter": 2,
        "r2_url": "https://pub-2c783279b61043e19fbdadd1bee5153a.r2.dev/DOCU/2021-09-02/99af3-2022-10-10-10-55-19/99af3-2022-10-10-10-55-19.pdf%5C99af3-2022-10-10-10-55-19.pdf",
        "periodicity": "periodic"
    },
    {
        "equity_ticker": "DOCU",
        "geography": "US",
        "content_name": "DOCU Q1 2022 Transcript",
        "file_type": "pdf",
        "content_type": "earnings_transcript",
        "published_date": "2021-06-03",
        "fiscal_date": "2021-06-03",
        "fiscal_year": 2022,
        "fiscal_quarter": 1,
        "r2_url": "https://pub-2c783279b61043e19fbdadd1bee5153a.r2.dev/DOCU/2021-06-03/DocuSign%2C%20Inc._2021-06-03_transcript/DocuSign%2C%20Inc._2021-06-03_transcript.pdf%5CDocuSign%2C%20Inc._2021-06-03_transcript.pdf",
        "periodicity": "periodic"
    },
    {
        "equity_ticker": "DOCU",
        "geography": "US",
        "content_name": "DOCU Q1 2022 Press Release",
        "file_type": "pdf",
        "content_type": "earnings_press_release",
        "published_date": "2021-06-03",
        "fiscal_date": "2021-06-03",
        "fiscal_year": 2022,
        "fiscal_quarter": 1,
        "r2_url": "https://pub-2c783279b61043e19fbdadd1bee5153a.r2.dev/DOCU/2021-06-03/ba3fa-2024-03-08-07-50-10/ba3fa-2024-03-08-07-50-10.pdf%5Cba3fa-2024-03-08-07-50-10.pdf",
        "periodicity": "periodic"
    },
    {
        "equity_ticker": "DOCU",
        "geography": "US",
        "content_name": "DOCU Q1 2022 Presentation",
        "file_type": "pdf",
        "content_type": "earnings_presentation",
        "published_date": "2021-06-03",
        "fiscal_date": "2021-06-03",
        "fiscal_year": 2022,
        "fiscal_quarter": 1,
        "r2_url": "https://pub-2c783279b61043e19fbdadd1bee5153a.r2.dev/DOCU/2021-06-03/eadd7-2022-10-10-09-06-31/eadd7-2022-10-10-09-06-31.pdf%5Ceadd7-2022-10-10-09-06-31.pdf",
        "periodicity": "periodic"
    },
    {
        "equity_ticker": "DOCU",
        "geography": "US",
        "content_name": "Analyst Day 2021 - March 24, 2021",
        "file_type": "pdf",
        "content_type": "company_conference_transcript",
        "published_date": "2021-03-24",
        "fiscal_date": "2021-03-24",
        "fiscal_year": null,
        "fiscal_quarter": null,
        "r2_url": "https://pub-2c783279b61043e19fbdadd1bee5153a.r2.dev/DOCU/2021-03-24/DocuSign%2C%20Inc._2021-03-24_transcript/DocuSign%2C%20Inc._2021-03-24_transcript.pdf%5CDocuSign%2C%20Inc._2021-03-24_transcript.pdf",
        "periodicity": "non_periodic"
    },
    {
        "equity_ticker": "DOCU",
        "geography": "US",
        "content_name": "Analyst Day 2021 - March 24, 2021",
        "file_type": "pdf",
        "content_type": "company_conference_presentation",
        "published_date": "2021-03-24",
        "fiscal_date": "2021-03-24",
        "fiscal_year": null,
        "fiscal_quarter": null,
        "r2_url": "https://pub-2c783279b61043e19fbdadd1bee5153a.r2.dev/DOCU/2021-03-24/fd277-2022-05-20-08-49-20/fd277-2022-05-20-08-49-20.pdf%5Cfd277-2022-05-20-08-49-20.pdf",
        "periodicity": "non_periodic"
    },
    {
        "equity_ticker": "DOCU",
        "geography": "US",
        "content_name": "DOCU Q4 2021 Transcript",
        "file_type": "pdf",
        "content_type": "earnings_transcript",
        "published_date": "2021-03-11",
        "fiscal_date": "2021-03-11",
        "fiscal_year": 2021,
        "fiscal_quarter": 4,
        "r2_url": "https://pub-2c783279b61043e19fbdadd1bee5153a.r2.dev/DOCU/2021-03-11/DocuSign%2C%20Inc._2021-03-11_transcript/DocuSign%2C%20Inc._2021-03-11_transcript.pdf%5CDocuSign%2C%20Inc._2021-03-11_transcript.pdf",
        "periodicity": "periodic"
    },
    {
        "equity_ticker": "DOCU",
        "geography": "US",
        "content_name": "DOCU Q4 2021 Press Release",
        "file_type": "pdf",
        "content_type": "earnings_press_release",
        "published_date": "2021-03-11",
        "fiscal_date": "2021-03-11",
        "fiscal_year": 2021,
        "fiscal_quarter": 4,
        "r2_url": "https://pub-2c783279b61043e19fbdadd1bee5153a.r2.dev/DOCU/2021-03-11/f4b7b-2024-03-08-07-09-12/f4b7b-2024-03-08-07-09-12.pdf%5Cf4b7b-2024-03-08-07-09-12.pdf",
        "periodicity": "periodic"
    },
    {
        "equity_ticker": "DOCU",
        "geography": "US",
        "content_name": "DOCU Q4 2021 Presentation",
        "file_type": "pdf",
        "content_type": "earnings_presentation",
        "published_date": "2021-03-11",
        "fiscal_date": "2021-03-11",
        "fiscal_year": 2021,
        "fiscal_quarter": 4,
        "r2_url": "https://pub-2c783279b61043e19fbdadd1bee5153a.r2.dev/DOCU/2021-03-11/6fefd-2021-03-11-12-00-00-migrated/6fefd-2021-03-11-12-00-00-migrated.pdf%5C6fefd-2021-03-11-12-00-00-migrated.pdf",
        "periodicity": "periodic"
    },
    {
        "equity_ticker": "DOCU",
        "geography": "US",
        "content_name": "DOCU Q3 2021 Transcript",
        "file_type": "pdf",
        "content_type": "earnings_transcript",
        "published_date": "2020-12-03",
        "fiscal_date": "2020-12-03",
        "fiscal_year": 2021,
        "fiscal_quarter": 3,
        "r2_url": "https://pub-2c783279b61043e19fbdadd1bee5153a.r2.dev/DOCU/2020-12-03/DocuSign%2C%20Inc._2020-12-03_transcript/DocuSign%2C%20Inc._2020-12-03_transcript.pdf%5CDocuSign%2C%20Inc._2020-12-03_transcript.pdf",
        "periodicity": "periodic"
    },
    {
        "equity_ticker": "DOCU",
        "geography": "US",
        "content_name": "DOCU Q3 2021 Press Release",
        "file_type": "pdf",
        "content_type": "earnings_press_release",
        "published_date": "2020-12-03",
        "fiscal_date": "2020-12-03",
        "fiscal_year": 2021,
        "fiscal_quarter": 3,
        "r2_url": "https://pub-2c783279b61043e19fbdadd1bee5153a.r2.dev/DOCU/2020-12-03/79b2c-2023-06-22-11-48-13/79b2c-2023-06-22-11-48-13.pdf%5C79b2c-2023-06-22-11-48-13.pdf",
        "periodicity": "periodic"
    },
    {
        "equity_ticker": "DOCU",
        "geography": "US",
        "content_name": "DOCU Q3 2021 Presentation",
        "file_type": "pdf",
        "content_type": "earnings_presentation",
        "published_date": "2020-12-03",
        "fiscal_date": "2020-12-03",
        "fiscal_year": 2021,
        "fiscal_quarter": 3,
        "r2_url": "https://pub-2c783279b61043e19fbdadd1bee5153a.r2.dev/DOCU/2020-12-03/6f101-2023-06-22-11-45-13/6f101-2023-06-22-11-45-13.pdf%5C6f101-2023-06-22-11-45-13.pdf",
        "periodicity": "periodic"
    },
    {
        "equity_ticker": "DOCU",
        "geography": "US",
        "content_name": "DOCU Q2 2021 Transcript",
        "file_type": "pdf",
        "content_type": "earnings_transcript",
        "published_date": "2020-09-03",
        "fiscal_date": "2020-09-03",
        "fiscal_year": 2021,
        "fiscal_quarter": 2,
        "r2_url": "https://pub-2c783279b61043e19fbdadd1bee5153a.r2.dev/DOCU/2020-09-03/DocuSign%2C%20Inc._2020-09-03_transcript/DocuSign%2C%20Inc._2020-09-03_transcript.pdf%5CDocuSign%2C%20Inc._2020-09-03_transcript.pdf",
        "periodicity": "periodic"
    },
    {
        "equity_ticker": "DOCU",
        "geography": "US",
        "content_name": "DOCU Q2 2021 Press Release",
        "file_type": "pdf",
        "content_type": "earnings_press_release",
        "published_date": "2020-09-03",
        "fiscal_date": "2020-09-03",
        "fiscal_year": 2021,
        "fiscal_quarter": 2,
        "r2_url": "https://pub-2c783279b61043e19fbdadd1bee5153a.r2.dev/DOCU/2020-09-03/1f633-2023-06-22-11-38-17/1f633-2023-06-22-11-38-17.pdf%5C1f633-2023-06-22-11-38-17.pdf",
        "periodicity": "periodic"
    },
    {
        "equity_ticker": "DOCU",
        "geography": "US",
        "content_name": "DOCU Q2 2021 Presentation",
        "file_type": "pdf",
        "content_type": "earnings_presentation",
        "published_date": "2020-09-03",
        "fiscal_date": "2020-09-03",
        "fiscal_year": 2021,
        "fiscal_quarter": 2,
        "r2_url": "https://pub-2c783279b61043e19fbdadd1bee5153a.r2.dev/DOCU/2020-09-03/363a0-2023-06-22-11-38-17/363a0-2023-06-22-11-38-17.pdf%5C363a0-2023-06-22-11-38-17.pdf",
        "periodicity": "periodic"
    },
    {
        "equity_ticker": "DOCU",
        "geography": "US",
        "content_name": "DOCU Q1 2021 Transcript",
        "file_type": "pdf",
        "content_type": "earnings_transcript",
        "published_date": "2020-06-04",
        "fiscal_date": "2020-06-04",
        "fiscal_year": 2021,
        "fiscal_quarter": 1,
        "r2_url": "https://pub-2c783279b61043e19fbdadd1bee5153a.r2.dev/DOCU/2020-06-04/DocuSign%2C%20Inc._2020-06-04_transcript/DocuSign%2C%20Inc._2020-06-04_transcript.pdf%5CDocuSign%2C%20Inc._2020-06-04_transcript.pdf",
        "periodicity": "periodic"
    },
    {
        "equity_ticker": "DOCU",
        "geography": "US",
        "content_name": "DOCU Q1 2021 Press Release",
        "file_type": "pdf",
        "content_type": "earnings_press_release",
        "published_date": "2020-06-04",
        "fiscal_date": "2020-06-04",
        "fiscal_year": 2021,
        "fiscal_quarter": 1,
        "r2_url": "https://pub-2c783279b61043e19fbdadd1bee5153a.r2.dev/DOCU/2020-06-04/aca1f-2023-06-22-11-08-19/aca1f-2023-06-22-11-08-19.pdf%5Caca1f-2023-06-22-11-08-19.pdf",
        "periodicity": "periodic"
    },
    {
        "equity_ticker": "DOCU",
        "geography": "US",
        "content_name": "DOCU Q1 2021 Presentation",
        "file_type": "pdf",
        "content_type": "earnings_presentation",
        "published_date": "2020-06-04",
        "fiscal_date": "2020-06-04",
        "fiscal_year": 2021,
        "fiscal_quarter": 1,
        "r2_url": "https://pub-2c783279b61043e19fbdadd1bee5153a.r2.dev/DOCU/2020-06-04/b0c8f-2023-06-22-11-08-19/b0c8f-2023-06-22-11-08-19.pdf%5Cb0c8f-2023-06-22-11-08-19.pdf",
        "periodicity": "periodic"
    },
    {
        "equity_ticker": "DOCU",
        "geography": "US",
        "content_name": "DOCU Q4 2020 Transcript",
        "file_type": "pdf",
        "content_type": "earnings_transcript",
        "published_date": "2020-03-12",
        "fiscal_date": "2020-03-12",
        "fiscal_year": 2020,
        "fiscal_quarter": 4,
        "r2_url": "https://pub-2c783279b61043e19fbdadd1bee5153a.r2.dev/DOCU/2020-03-12/DocuSign%2C%20Inc._2020-03-12_transcript/DocuSign%2C%20Inc._2020-03-12_transcript.pdf%5CDocuSign%2C%20Inc._2020-03-12_transcript.pdf",
        "periodicity": "periodic"
    },
    {
        "equity_ticker": "DOCU",
        "geography": "US",
        "content_name": "DOCU Q4 2020 Press Release",
        "file_type": "pdf",
        "content_type": "earnings_press_release",
        "published_date": "2020-03-12",
        "fiscal_date": "2020-03-12",
        "fiscal_year": 2020,
        "fiscal_quarter": 4,
        "r2_url": "https://pub-2c783279b61043e19fbdadd1bee5153a.r2.dev/DOCU/2020-03-12/6ada8-2023-06-22-11-14-28/6ada8-2023-06-22-11-14-28.pdf%5C6ada8-2023-06-22-11-14-28.pdf",
        "periodicity": "periodic"
    },
    {
        "equity_ticker": "DOCU",
        "geography": "US",
        "content_name": "DOCU Q4 2020 Presentation",
        "file_type": "pdf",
        "content_type": "earnings_presentation",
        "published_date": "2020-03-12",
        "fiscal_date": "2020-03-12",
        "fiscal_year": 2020,
        "fiscal_quarter": 4,
        "r2_url": "https://pub-2c783279b61043e19fbdadd1bee5153a.r2.dev/DOCU/2020-03-12/23818-2023-06-22-11-14-28/23818-2023-06-22-11-14-28.pdf%5C23818-2023-06-22-11-14-28.pdf",
        "periodicity": "periodic"
    },
    {
        "equity_ticker": "DOCU",
        "geography": "US",
        "content_name": "DOCU Q3 2020 Transcript",
        "file_type": "pdf",
        "content_type": "earnings_transcript",
        "published_date": "2019-12-05",
        "fiscal_date": "2019-12-05",
        "fiscal_year": 2020,
        "fiscal_quarter": 3,
        "r2_url": "https://pub-2c783279b61043e19fbdadd1bee5153a.r2.dev/DOCU/2019-12-05/DocuSign%2C%20Inc._2019-12-05_transcript/DocuSign%2C%20Inc._2019-12-05_transcript.pdf%5CDocuSign%2C%20Inc._2019-12-05_transcript.pdf",
        "periodicity": "periodic"
    },
    {
        "equity_ticker": "DOCU",
        "geography": "US",
        "content_name": "DOCU Q3 2020 Press Release",
        "file_type": "pdf",
        "content_type": "earnings_press_release",
        "published_date": "2019-12-05",
        "fiscal_date": "2019-12-05",
        "fiscal_year": 2020,
        "fiscal_quarter": 3,
        "r2_url": "https://pub-2c783279b61043e19fbdadd1bee5153a.r2.dev/DOCU/2019-12-05/6b28e-2023-06-22-11-09-31/6b28e-2023-06-22-11-09-31.pdf%5C6b28e-2023-06-22-11-09-31.pdf",
        "periodicity": "periodic"
    },
    {
        "equity_ticker": "DOCU",
        "geography": "US",
        "content_name": "DOCU Q3 2020 Presentation",
        "file_type": "pdf",
        "content_type": "earnings_presentation",
        "published_date": "2019-12-05",
        "fiscal_date": "2019-12-05",
        "fiscal_year": 2020,
        "fiscal_quarter": 3,
        "r2_url": "https://pub-2c783279b61043e19fbdadd1bee5153a.r2.dev/DOCU/2019-12-05/36318-2023-06-22-11-09-31/36318-2023-06-22-11-09-31.pdf%5C36318-2023-06-22-11-09-31.pdf",
        "periodicity": "periodic"
    },
    {
        "equity_ticker": "DOCU",
        "geography": "US",
        "content_name": "DOCU Q2 2020 Transcript",
        "file_type": "pdf",
        "content_type": "earnings_transcript",
        "published_date": "2019-09-05",
        "fiscal_date": "2019-09-05",
        "fiscal_year": 2020,
        "fiscal_quarter": 2,
        "r2_url": "https://pub-2c783279b61043e19fbdadd1bee5153a.r2.dev/DOCU/2019-09-05/DocuSign%2C%20Inc._2019-09-05_transcript/DocuSign%2C%20Inc._2019-09-05_transcript.pdf%5CDocuSign%2C%20Inc._2019-09-05_transcript.pdf",
        "periodicity": "periodic"
    },
    {
        "equity_ticker": "DOCU",
        "geography": "US",
        "content_name": "DOCU Q2 2020 Press Release",
        "file_type": "pdf",
        "content_type": "earnings_press_release",
        "published_date": "2019-09-05",
        "fiscal_date": "2019-09-05",
        "fiscal_year": 2020,
        "fiscal_quarter": 2,
        "r2_url": "https://pub-2c783279b61043e19fbdadd1bee5153a.r2.dev/DOCU/2019-09-05/2f54c-2023-06-22-11-35-32/2f54c-2023-06-22-11-35-32.pdf%5C2f54c-2023-06-22-11-35-32.pdf",
        "periodicity": "periodic"
    },
    {
        "equity_ticker": "DOCU",
        "geography": "US",
        "content_name": "DOCU Q2 2020 Presentation",
        "file_type": "pdf",
        "content_type": "earnings_presentation",
        "published_date": "2019-09-05",
        "fiscal_date": "2019-09-05",
        "fiscal_year": 2020,
        "fiscal_quarter": 2,
        "r2_url": "https://pub-2c783279b61043e19fbdadd1bee5153a.r2.dev/DOCU/2019-09-05/8a42a-2023-06-22-11-35-32/8a42a-2023-06-22-11-35-32.pdf%5C8a42a-2023-06-22-11-35-32.pdf",
        "periodicity": "periodic"
    },
    {
        "equity_ticker": "DOCU",
        "geography": "US",
        "content_name": "DOCU Q1 2020 Transcript",
        "file_type": "pdf",
        "content_type": "earnings_transcript",
        "published_date": "2019-06-06",
        "fiscal_date": "2019-06-06",
        "fiscal_year": 2020,
        "fiscal_quarter": 1,
        "r2_url": "https://pub-2c783279b61043e19fbdadd1bee5153a.r2.dev/DOCU/2019-06-06/DocuSign%2C%20Inc._2019-06-06_transcript/DocuSign%2C%20Inc._2019-06-06_transcript.pdf%5CDocuSign%2C%20Inc._2019-06-06_transcript.pdf",
        "periodicity": "periodic"
    },
    {
        "equity_ticker": "DOCU",
        "geography": "US",
        "content_name": "DOCU Q1 2020 Press Release",
        "file_type": "pdf",
        "content_type": "earnings_press_release",
        "published_date": "2019-06-06",
        "fiscal_date": "2019-06-06",
        "fiscal_year": 2020,
        "fiscal_quarter": 1,
        "r2_url": "https://pub-2c783279b61043e19fbdadd1bee5153a.r2.dev/DOCU/2019-06-06/79e60-2023-06-22-11-11-35/79e60-2023-06-22-11-11-35.pdf%5C79e60-2023-06-22-11-11-35.pdf",
        "periodicity": "periodic"
    },
    {
        "equity_ticker": "DOCU",
        "geography": "US",
        "content_name": "DOCU Q1 2020 Presentation",
        "file_type": "pdf",
        "content_type": "earnings_presentation",
        "published_date": "2019-06-06",
        "fiscal_date": "2019-06-06",
        "fiscal_year": 2020,
        "fiscal_quarter": 1,
        "r2_url": "https://pub-2c783279b61043e19fbdadd1bee5153a.r2.dev/DOCU/2019-06-06/53e8f-2023-06-22-11-11-35/53e8f-2023-06-22-11-11-35.pdf%5C53e8f-2023-06-22-11-11-35.pdf",
        "periodicity": "periodic"
    },
    {
        "equity_ticker": "DOCU",
        "geography": "US",
        "content_name": "DOCU Q4 2019 Transcript",
        "file_type": "pdf",
        "content_type": "earnings_transcript",
        "published_date": "2019-03-14",
        "fiscal_date": "2019-03-14",
        "fiscal_year": 2019,
        "fiscal_quarter": 4,
        "r2_url": "https://pub-2c783279b61043e19fbdadd1bee5153a.r2.dev/DOCU/2019-03-14/DocuSign%2C%20Inc._2019-03-14_transcript/DocuSign%2C%20Inc._2019-03-14_transcript.pdf%5CDocuSign%2C%20Inc._2019-03-14_transcript.pdf",
        "periodicity": "periodic"
    },
    {
        "equity_ticker": "DOCU",
        "geography": "US",
        "content_name": "DOCU Q4 2019 Press Release",
        "file_type": "pdf",
        "content_type": "earnings_press_release",
        "published_date": "2019-03-14",
        "fiscal_date": "2019-03-14",
        "fiscal_year": 2019,
        "fiscal_quarter": 4,
        "r2_url": "https://pub-2c783279b61043e19fbdadd1bee5153a.r2.dev/DOCU/2019-03-14/d00a6-2023-06-22-11-04-38/d00a6-2023-06-22-11-04-38.pdf%5Cd00a6-2023-06-22-11-04-38.pdf",
        "periodicity": "periodic"
    },
    {
        "equity_ticker": "DOCU",
        "geography": "US",
        "content_name": "DOCU Q4 2019 Presentation",
        "file_type": "pdf",
        "content_type": "earnings_presentation",
        "published_date": "2019-03-14",
        "fiscal_date": "2019-03-14",
        "fiscal_year": 2019,
        "fiscal_quarter": 4,
        "r2_url": "https://pub-2c783279b61043e19fbdadd1bee5153a.r2.dev/DOCU/2019-03-14/ab278-2023-06-22-11-04-38/ab278-2023-06-22-11-04-38.pdf%5Cab278-2023-06-22-11-04-38.pdf",
        "periodicity": "periodic"
    },
    {
        "equity_ticker": "DOCU",
        "geography": "US",
        "content_name": "DOCU Q3 2019 Transcript",
        "file_type": "pdf",
        "content_type": "earnings_transcript",
        "published_date": "2018-12-06",
        "fiscal_date": "2018-12-06",
        "fiscal_year": 2019,
        "fiscal_quarter": 3,
        "r2_url": "https://pub-2c783279b61043e19fbdadd1bee5153a.r2.dev/DOCU/2018-12-06/DocuSign%2C%20Inc._2018-12-06_transcript/DocuSign%2C%20Inc._2018-12-06_transcript.pdf%5CDocuSign%2C%20Inc._2018-12-06_transcript.pdf",
        "periodicity": "periodic"
    },
    {
        "equity_ticker": "DOCU",
        "geography": "US",
        "content_name": "DOCU Q3 2019 Press Release",
        "file_type": "pdf",
        "content_type": "earnings_press_release",
        "published_date": "2018-12-06",
        "fiscal_date": "2018-12-06",
        "fiscal_year": 2019,
        "fiscal_quarter": 3,
        "r2_url": "https://pub-2c783279b61043e19fbdadd1bee5153a.r2.dev/DOCU/2018-12-06/d723a-2023-06-22-11-22-39/d723a-2023-06-22-11-22-39.pdf%5Cd723a-2023-06-22-11-22-39.pdf",
        "periodicity": "periodic"
    },
    {
        "equity_ticker": "DOCU",
        "geography": "US",
        "content_name": "DOCU Q3 2019 Presentation",
        "file_type": "pdf",
        "content_type": "earnings_presentation",
        "published_date": "2018-12-06",
        "fiscal_date": "2018-12-06",
        "fiscal_year": 2019,
        "fiscal_quarter": 3,
        "r2_url": "https://pub-2c783279b61043e19fbdadd1bee5153a.r2.dev/DOCU/2018-12-06/cd23b-2023-06-22-11-22-39/cd23b-2023-06-22-11-22-39.pdf%5Ccd23b-2023-06-22-11-22-39.pdf",
        "periodicity": "periodic"
    },
    {
        "equity_ticker": "DOCU",
        "geography": "US",
        "content_name": "DOCU Q2 2019 Transcript",
        "file_type": "pdf",
        "content_type": "earnings_transcript",
        "published_date": "2018-09-05",
        "fiscal_date": "2018-09-05",
        "fiscal_year": 2019,
        "fiscal_quarter": 2,
        "r2_url": "https://pub-2c783279b61043e19fbdadd1bee5153a.r2.dev/DOCU/2018-09-05/DocuSign%2C%20Inc._2018-09-05_transcript/DocuSign%2C%20Inc._2018-09-05_transcript.pdf%5CDocuSign%2C%20Inc._2018-09-05_transcript.pdf",
        "periodicity": "periodic"
    },
    {
        "equity_ticker": "DOCU",
        "geography": "US",
        "content_name": "DOCU Q2 2019 Press Release",
        "file_type": "pdf",
        "content_type": "earnings_press_release",
        "published_date": "2018-09-05",
        "fiscal_date": "2018-09-05",
        "fiscal_year": 2019,
        "fiscal_quarter": 2,
        "r2_url": "https://pub-2c783279b61043e19fbdadd1bee5153a.r2.dev/DOCU/2018-09-05/854c5-2023-06-22-12-12-25/854c5-2023-06-22-12-12-25.pdf%5C854c5-2023-06-22-12-12-25.pdf",
        "periodicity": "periodic"
    },
    {
        "equity_ticker": "DOCU",
        "geography": "US",
        "content_name": "DOCU Q2 2019 Presentation",
        "file_type": "pdf",
        "content_type": "earnings_presentation",
        "published_date": "2018-09-05",
        "fiscal_date": "2018-09-05",
        "fiscal_year": 2019,
        "fiscal_quarter": 2,
        "r2_url": "https://pub-2c783279b61043e19fbdadd1bee5153a.r2.dev/DOCU/2018-09-05/3194b-2023-06-22-12-12-25/3194b-2023-06-22-12-12-25.pdf%5C3194b-2023-06-22-12-12-25.pdf",
        "periodicity": "periodic"
    },
    {
        "equity_ticker": "DOCU",
        "geography": "US",
        "content_name": "M&A Announcement - August 1, 2018",
        "file_type": "pdf",
        "content_type": "company_conference_transcript",
        "published_date": "2018-08-01",
        "fiscal_date": "2018-08-01",
        "fiscal_year": null,
        "fiscal_quarter": null,
        "r2_url": "https://pub-2c783279b61043e19fbdadd1bee5153a.r2.dev/DOCU/2018-08-01/DocuSign%2C%20Inc._2018-08-01_transcript/DocuSign%2C%20Inc._2018-08-01_transcript.pdf%5CDocuSign%2C%20Inc._2018-08-01_transcript.pdf",
        "periodicity": "non_periodic"
    },
    {
        "equity_ticker": "DOCU",
        "geography": "US",
        "content_name": "M&A Announcement - August 1, 2018",
        "file_type": "pdf",
        "content_type": "company_conference_press_release",
        "published_date": "2018-08-01",
        "fiscal_date": "2018-08-01",
        "fiscal_year": null,
        "fiscal_quarter": null,
        "r2_url": "https://pub-2c783279b61043e19fbdadd1bee5153a.r2.dev/DOCU/2018-08-01/2681e-2023-06-22-12-01-27/2681e-2023-06-22-12-01-27.pdf%5C2681e-2023-06-22-12-01-27.pdf",
        "periodicity": "non_periodic"
    },
    {
        "equity_ticker": "DOCU",
        "geography": "US",
        "content_name": "DOCU Q1 2019 Transcript",
        "file_type": "pdf",
        "content_type": "earnings_transcript",
        "published_date": "2018-06-07",
        "fiscal_date": "2018-06-07",
        "fiscal_year": 2019,
        "fiscal_quarter": 1,
        "r2_url": "https://pub-2c783279b61043e19fbdadd1bee5153a.r2.dev/DOCU/2018-06-07/DocuSign%2C%20Inc._2018-06-07_transcript/DocuSign%2C%20Inc._2018-06-07_transcript.pdf%5CDocuSign%2C%20Inc._2018-06-07_transcript.pdf",
        "periodicity": "periodic"
    },
    {
        "equity_ticker": "DOCU",
        "geography": "US",
        "content_name": "DOCU Q4 2025 10-K",
        "file_type": "pdf",
        "content_type": "annual_report",
        "published_date": "2025-03-18",
        "fiscal_date": "2025-01-31",
        "fiscal_year": 2025,
        "fiscal_quarter": 4,
        "r2_url": "https://pub-2c783279b61043e19fbdadd1bee5153a.r2.dev/DOCU/2025-03-18/docu-20250131.htm%5Cdocu-20250131.pdf",
        "periodicity": "periodic"
      },
      {
        "equity_ticker": "DOCU",
        "geography": "US",
        "content_name": "DOCU Q3 2025 10-Q",
        "file_type": "pdf",
        "content_type": "quarterly_report",
        "published_date": "2024-12-06",
        "fiscal_date": "2024-10-31",
        "fiscal_year": 2025,
        "fiscal_quarter": 3,
        "r2_url": "https://pub-2c783279b61043e19fbdadd1bee5153a.r2.dev/DOCU/2024-12-06/docu-20241031.htm%5Cdocu-20241031.pdf",
        "periodicity": "periodic"
      },
      {
        "equity_ticker": "DOCU",
        "geography": "US",
        "content_name": "DOCU Q2 2025 10-Q",
        "file_type": "pdf",
        "content_type": "quarterly_report",
        "published_date": "2024-09-06",
        "fiscal_date": "2024-07-31",
        "fiscal_year": 2025,
        "fiscal_quarter": 2,
        "r2_url": "https://pub-2c783279b61043e19fbdadd1bee5153a.r2.dev/DOCU/2024-09-06/docu-20240731.htm%5Cdocu-20240731.pdf",
        "periodicity": "periodic"
      },
      {
        "equity_ticker": "DOCU",
        "geography": "US",
        "content_name": "DOCU Q1 2025 10-Q",
        "file_type": "pdf",
        "content_type": "quarterly_report",
        "published_date": "2024-06-07",
        "fiscal_date": "2024-04-30",
        "fiscal_year": 2025,
        "fiscal_quarter": 1,
        "r2_url": "https://pub-2c783279b61043e19fbdadd1bee5153a.r2.dev/DOCU/2024-06-07/docu-20240430.htm%5Cdocu-20240430.pdf",
        "periodicity": "periodic"
      },
      {
        "equity_ticker": "DOCU",
        "geography": "US",
        "content_name": "DOCU Q4 2024 10-K",
        "file_type": "pdf",
        "content_type": "annual_report",
        "published_date": "2024-03-21",
        "fiscal_date": "2024-01-31",
        "fiscal_year": 2024,
        "fiscal_quarter": 4,
        "r2_url": "https://pub-2c783279b61043e19fbdadd1bee5153a.r2.dev/DOCU/2024-03-21/docu-20240131.htm%5Cdocu-20240131.pdf",
        "periodicity": "periodic"
      },
      {
        "equity_ticker": "DOCU",
        "geography": "US",
        "content_name": "DOCU Q3 2024 10-Q",
        "file_type": "pdf",
        "content_type": "quarterly_report",
        "published_date": "2023-12-08",
        "fiscal_date": "2023-10-31",
        "fiscal_year": 2024,
        "fiscal_quarter": 3,
        "r2_url": "https://pub-2c783279b61043e19fbdadd1bee5153a.r2.dev/DOCU/2023-12-08/docu-20231031.htm%5Cdocu-20231031.pdf",
        "periodicity": "periodic"
      },
      {
        "equity_ticker": "DOCU",
        "geography": "US",
        "content_name": "DOCU Q2 2024 10-Q",
        "file_type": "pdf",
        "content_type": "quarterly_report",
        "published_date": "2023-09-07",
        "fiscal_date": "2023-07-31",
        "fiscal_year": 2024,
        "fiscal_quarter": 2,
        "r2_url": "https://pub-2c783279b61043e19fbdadd1bee5153a.r2.dev/DOCU/2023-09-07/docu-20230731.htm%5Cdocu-20230731.pdf",
        "periodicity": "periodic"
      },
      {
        "equity_ticker": "DOCU",
        "geography": "US",
        "content_name": "DOCU Q1 2024 10-Q",
        "file_type": "pdf",
        "content_type": "quarterly_report",
        "published_date": "2023-06-08",
        "fiscal_date": "2023-04-30",
        "fiscal_year": 2024,
        "fiscal_quarter": 1,
        "r2_url": "https://pub-2c783279b61043e19fbdadd1bee5153a.r2.dev/DOCU/2023-06-08/docu-20230430.htm%5Cdocu-20230430.pdf",
        "periodicity": "periodic"
      },
      {
        "equity_ticker": "DOCU",
        "geography": "US",
        "content_name": "DOCU Q4 2023 10-K",
        "file_type": "pdf",
        "content_type": "annual_report",
        "published_date": "2023-03-27",
        "fiscal_date": "2023-01-31",
        "fiscal_year": 2023,
        "fiscal_quarter": 4,
        "r2_url": "https://pub-2c783279b61043e19fbdadd1bee5153a.r2.dev/DOCU/2023-03-27/docu-20230131.htm%5Cdocu-20230131.pdf",
        "periodicity": "periodic"
      },
      {
        "equity_ticker": "DOCU",
        "geography": "US",
        "content_name": "DOCU Q3 2023 10-Q",
        "file_type": "pdf",
        "content_type": "quarterly_report",
        "published_date": "2022-12-08",
        "fiscal_date": "2022-10-31",
        "fiscal_year": 2023,
        "fiscal_quarter": 3,
        "r2_url": "https://pub-2c783279b61043e19fbdadd1bee5153a.r2.dev/DOCU/2022-12-08/docu-20221031.htm%5Cdocu-20221031.pdf",
        "periodicity": "periodic"
      },
      {
        "equity_ticker": "DOCU",
        "geography": "US",
        "content_name": "DOCU Q2 2023 10-Q",
        "file_type": "pdf",
        "content_type": "quarterly_report",
        "published_date": "2022-09-08",
        "fiscal_date": "2022-07-31",
        "fiscal_year": 2023,
        "fiscal_quarter": 2,
        "r2_url": "https://pub-2c783279b61043e19fbdadd1bee5153a.r2.dev/DOCU/2022-09-08/docu-20220731.htm%5Cdocu-20220731.pdf",
        "periodicity": "periodic"
      },
      {
        "equity_ticker": "DOCU",
        "geography": "US",
        "content_name": "DOCU Q1 2023 10-Q",
        "file_type": "pdf",
        "content_type": "quarterly_report",
        "published_date": "2022-06-09",
        "fiscal_date": "2022-04-30",
        "fiscal_year": 2023,
        "fiscal_quarter": 1,
        "r2_url": "https://pub-2c783279b61043e19fbdadd1bee5153a.r2.dev/DOCU/2022-06-09/docu-20220430.htm%5Cdocu-20220430.pdf",
        "periodicity": "periodic"
      },
      {
        "equity_ticker": "DOCU",
        "geography": "US",
        "content_name": "DOCU Q4 2022 10-K",
        "file_type": "pdf",
        "content_type": "annual_report",
        "published_date": "2022-03-25",
        "fiscal_date": "2022-01-31",
        "fiscal_year": 2022,
        "fiscal_quarter": 4,
        "r2_url": "https://pub-2c783279b61043e19fbdadd1bee5153a.r2.dev/DOCU/2022-03-25/docu-20220131.htm%5Cdocu-20220131.pdf",
        "periodicity": "periodic"
      },
      {
        "equity_ticker": "DOCU",
        "geography": "US",
        "content_name": "DOCU Q3 2022 10-Q",
        "file_type": "pdf",
        "content_type": "quarterly_report",
        "published_date": "2021-12-06",
        "fiscal_date": "2021-10-31",
        "fiscal_year": 2022,
        "fiscal_quarter": 3,
        "r2_url": "https://pub-2c783279b61043e19fbdadd1bee5153a.r2.dev/DOCU/2021-12-06/docu-20211031.htm%5Cdocu-20211031.pdf",
        "periodicity": "periodic"
      },
      {
        "equity_ticker": "DOCU",
        "geography": "US",
        "content_name": "DOCU Q2 2022 10-Q",
        "file_type": "pdf",
        "content_type": "quarterly_report",
        "published_date": "2021-09-03",
        "fiscal_date": "2021-07-31",
        "fiscal_year": 2022,
        "fiscal_quarter": 2,
        "r2_url": "https://pub-2c783279b61043e19fbdadd1bee5153a.r2.dev/DOCU/2021-09-03/docu-20210731.htm%5Cdocu-20210731.pdf",
        "periodicity": "periodic"
      },
      {
        "equity_ticker": "DOCU",
        "geography": "US",
        "content_name": "DOCU Q1 2022 10-Q",
        "file_type": "pdf",
        "content_type": "quarterly_report",
        "published_date": "2021-06-04",
        "fiscal_date": "2021-04-30",
        "fiscal_year": 2022,
        "fiscal_quarter": 1,
        "r2_url": "https://pub-2c783279b61043e19fbdadd1bee5153a.r2.dev/DOCU/2021-06-04/docu-20210430.htm%5Cdocu-20210430.pdf",
        "periodicity": "periodic"
      },
      {
        "equity_ticker": "DOCU",
        "geography": "US",
        "content_name": "DOCU Q4 2021 10-K",
        "file_type": "pdf",
        "content_type": "annual_report",
        "published_date": "2021-03-31",
        "fiscal_date": "2021-01-31",
        "fiscal_year": 2021,
        "fiscal_quarter": 4,
        "r2_url": "https://pub-2c783279b61043e19fbdadd1bee5153a.r2.dev/DOCU/2021-03-31/docu-20210131.htm%5Cdocu-20210131.pdf",
        "periodicity": "periodic"
      },
      {
        "equity_ticker": "DOCU",
        "geography": "US",
        "content_name": "DOCU Q3 2021 10-Q",
        "file_type": "pdf",
        "content_type": "quarterly_report",
        "published_date": "2020-12-04",
        "fiscal_date": "2020-10-31",
        "fiscal_year": 2021,
        "fiscal_quarter": 3,
        "r2_url": "https://pub-2c783279b61043e19fbdadd1bee5153a.r2.dev/DOCU/2020-12-04/docu-20201031.htm%5Cdocu-20201031.pdf",
        "periodicity": "periodic"
      },
      {
        "equity_ticker": "DOCU",
        "geography": "US",
        "content_name": "DOCU Q2 2021 10-Q",
        "file_type": "pdf",
        "content_type": "quarterly_report",
        "published_date": "2020-09-04",
        "fiscal_date": "2020-07-31",
        "fiscal_year": 2021,
        "fiscal_quarter": 2,
        "r2_url": "https://pub-2c783279b61043e19fbdadd1bee5153a.r2.dev/DOCU/2020-09-04/docu-20200731.htm%5Cix.pdf",
        "periodicity": "periodic"
      },
      {
        "equity_ticker": "DOCU",
        "geography": "US",
        "content_name": "DOCU Q1 2021 10-Q",
        "file_type": "pdf",
        "content_type": "quarterly_report",
        "published_date": "2020-06-05",
        "fiscal_date": "2020-04-30",
        "fiscal_year": 2021,
        "fiscal_quarter": 1,
        "r2_url": "https://pub-2c783279b61043e19fbdadd1bee5153a.r2.dev/DOCU/2020-06-05/docu-20200430.htm%5Cix.pdf",
        "periodicity": "periodic"
      },
      {
        "equity_ticker": "DOCU",
        "geography": "US",
        "content_name": "DOCU Q4 2020 10-K",
        "file_type": "pdf",
        "content_type": "annual_report",
        "published_date": "2020-03-27",
        "fiscal_date": "2020-01-31",
        "fiscal_year": 2020,
        "fiscal_quarter": 4,
        "r2_url": "https://pub-2c783279b61043e19fbdadd1bee5153a.r2.dev/DOCU/2020-03-27/docu-20200131.htm%5Cix.pdf",
        "periodicity": "periodic"
      },
      {
        "equity_ticker": "DOCU",
        "geography": "US",
        "content_name": "DOCU Q3 2020 10-Q",
        "file_type": "pdf",
        "content_type": "quarterly_report",
        "published_date": "2019-12-06",
        "fiscal_date": "2019-10-31",
        "fiscal_year": 2020,
        "fiscal_quarter": 3,
        "r2_url": "https://pub-2c783279b61043e19fbdadd1bee5153a.r2.dev/DOCU/2019-12-06/q32010q.htm%5Cix.pdf",
        "periodicity": "periodic"
      },
      {
        "equity_ticker": "DOCU",
        "geography": "US",
        "content_name": "DOCU Q2 2020 10-Q",
        "file_type": "pdf",
        "content_type": "quarterly_report",
        "published_date": "2019-09-06",
        "fiscal_date": "2019-07-31",
        "fiscal_year": 2020,
        "fiscal_quarter": 2,
        "r2_url": "https://pub-2c783279b61043e19fbdadd1bee5153a.r2.dev/DOCU/2019-09-06/q22010q.htm%5Cix.pdf",
        "periodicity": "periodic"
      },
      {
        "equity_ticker": "DOCU",
        "geography": "US",
        "content_name": "DOCU Q1 2020 10-Q",
        "file_type": "pdf",
        "content_type": "quarterly_report",
        "published_date": "2019-06-07",
        "fiscal_date": "2019-04-30",
        "fiscal_year": 2020,
        "fiscal_quarter": 1,
        "r2_url": "https://pub-2c783279b61043e19fbdadd1bee5153a.r2.dev/DOCU/2019-06-07/q12010q.htm%5Cix.pdf",
        "periodicity": "periodic"
      },
      {
        "equity_ticker": "DOCU",
        "geography": "US",
        "content_name": "DOCU Q4 2019 10-K",
        "file_type": "pdf",
        "content_type": "annual_report",
        "published_date": "2019-03-26",
        "fiscal_date": "2019-01-31",
        "fiscal_year": 2019,
        "fiscal_quarter": 4,
        "r2_url": "https://pub-2c783279b61043e19fbdadd1bee5153a.r2.dev/DOCU/2019-03-26/fy1910k.htm%5Cix.pdf",
        "periodicity": "periodic"
      },
      {
        "equity_ticker": "DOCU",
        "geography": "US",
        "content_name": "DOCU Q3 2019 10-Q",
        "file_type": "pdf",
        "content_type": "quarterly_report",
        "published_date": "2018-12-07",
        "fiscal_date": "2018-10-31",
        "fiscal_year": 2019,
        "fiscal_quarter": 3,
        "r2_url": "https://pub-2c783279b61043e19fbdadd1bee5153a.r2.dev/DOCU/2018-12-07/q31910q.htm%5Cq31910q.pdf",
        "periodicity": "periodic"
      },
      {
        "equity_ticker": "DOCU",
        "geography": "US",
        "content_name": "DOCU Q2 2019 10-Q",
        "file_type": "pdf",
        "content_type": "quarterly_report",
        "published_date": "2018-09-06",
        "fiscal_date": "2018-07-31",
        "fiscal_year": 2019,
        "fiscal_quarter": 2,
        "r2_url": "https://pub-2c783279b61043e19fbdadd1bee5153a.r2.dev/DOCU/2018-09-06/q21910q.htm%5Cq21910q.pdf",
        "periodicity": "periodic"
      },
      {
        "equity_ticker": "DOCU",
        "geography": "US",
        "content_name": "DOCU Q1 2019 10-Q",
        "file_type": "pdf",
        "content_type": "quarterly_report",
        "published_date": "2018-06-08",
        "fiscal_date": "2018-04-30",
        "fiscal_year": 2019,
        "fiscal_quarter": 1,
        "r2_url": "https://pub-2c783279b61043e19fbdadd1bee5153a.r2.dev/DOCU/2018-06-08/q11910q.htm%5Cq11910q.pdf",
        "periodicity": "periodic"
      }
]