[
    {
        "equity_ticker": "DT",
        "geography": "US",
        "content_name": "Morgan Stanley Technology, Media & Telecom Conference - March 4, 2025",
        "file_type": "pdf",
        "content_type": "sellside_conference_transcript",
        "published_date": "2025-03-04",
        "fiscal_date": "2025-03-04",
        "fiscal_year": null,
        "fiscal_quarter": null,
        "r2_url": "https://pub-2c783279b61043e19fbdadd1bee5153a.r2.dev/DT/2025-03-04/Dynatrace%2C%20Inc._2025-03-04_transcript/Dynatrace%2C%20Inc._2025-03-04_transcript.pdf%5CDynatrace%2C%20Inc._2025-03-04_transcript.pdf",
        "periodicity": "non_periodic"
    },
    {
        "equity_ticker": "DT",
        "geography": "US",
        "content_name": "Status Update - February 5, 2025",
        "file_type": "pdf",
        "content_type": "company_conference_transcript",
        "published_date": "2025-02-05",
        "fiscal_date": "2025-02-05",
        "fiscal_year": null,
        "fiscal_quarter": null,
        "r2_url": "https://pub-2c783279b61043e19fbdadd1bee5153a.r2.dev/DT/2025-02-05/Dynatrace%2C%20Inc._2025-02-05_transcript/Dynatrace%2C%20Inc._2025-02-05_transcript.pdf%5CDynatrace%2C%20Inc._2025-02-05_transcript.pdf",
        "periodicity": "non_periodic"
    },
    {
        "equity_ticker": "DT",
        "geography": "US",
        "content_name": "DT Q3 2025 Transcript",
        "file_type": "pdf",
        "content_type": "earnings_transcript",
        "published_date": "2025-01-30",
        "fiscal_date": "2025-01-30",
        "fiscal_year": 2025,
        "fiscal_quarter": 3,
        "r2_url": "https://pub-2c783279b61043e19fbdadd1bee5153a.r2.dev/DT/2025-01-30/Dynatrace%2C%20Inc._2025-01-30_transcript/Dynatrace%2C%20Inc._2025-01-30_transcript.pdf%5CDynatrace%2C%20Inc._2025-01-30_transcript.pdf",
        "periodicity": "periodic"
    },
    {
        "equity_ticker": "DT",
        "geography": "US",
        "content_name": "DT Q3 2025 Press Release",
        "file_type": "pdf",
        "content_type": "earnings_press_release",
        "published_date": "2025-01-30",
        "fiscal_date": "2025-01-30",
        "fiscal_year": 2025,
        "fiscal_quarter": 3,
        "r2_url": "https://pub-2c783279b61043e19fbdadd1bee5153a.r2.dev/DT/2025-01-30/d44d0-2025-01-30-11-39-34/d44d0-2025-01-30-11-39-34.pdf%5Cd44d0-2025-01-30-11-39-34.pdf",
        "periodicity": "periodic"
    },
    {
        "equity_ticker": "DT",
        "geography": "US",
        "content_name": "DT Q3 2025 Presentation",
        "file_type": "pdf",
        "content_type": "earnings_presentation",
        "published_date": "2025-01-30",
        "fiscal_date": "2025-01-30",
        "fiscal_year": 2025,
        "fiscal_quarter": 3,
        "r2_url": "https://pub-2c783279b61043e19fbdadd1bee5153a.r2.dev/DT/2025-01-30/4813e-2025-01-30-12-33-11/4813e-2025-01-30-12-33-11.pdf%5C4813e-2025-01-30-12-33-11.pdf",
        "periodicity": "periodic"
    },
    {
        "equity_ticker": "DT",
        "geography": "US",
        "content_name": "UBS Global Technology and AI Conference - December 3, 2024",
        "file_type": "pdf",
        "content_type": "sellside_conference_transcript",
        "published_date": "2024-12-03",
        "fiscal_date": "2024-12-03",
        "fiscal_year": null,
        "fiscal_quarter": null,
        "r2_url": "https://pub-2c783279b61043e19fbdadd1bee5153a.r2.dev/DT/2024-12-03/Dynatrace%2C%20Inc._2024-12-03_transcript/Dynatrace%2C%20Inc._2024-12-03_transcript.pdf%5CDynatrace%2C%20Inc._2024-12-03_transcript.pdf",
        "periodicity": "non_periodic"
    },
    {
        "equity_ticker": "DT",
        "geography": "US",
        "content_name": "2024 RBC Capital Markets Global Technology, Internet, Media and Telecommunications Conference - November 19, 2024",
        "file_type": "pdf",
        "content_type": "company_conference_transcript",
        "published_date": "2024-11-19",
        "fiscal_date": "2024-11-19",
        "fiscal_year": null,
        "fiscal_quarter": null,
        "r2_url": "https://pub-2c783279b61043e19fbdadd1bee5153a.r2.dev/DT/2024-11-19/Dynatrace%2C%20Inc._2024-11-19_transcript/Dynatrace%2C%20Inc._2024-11-19_transcript.pdf%5CDynatrace%2C%20Inc._2024-11-19_transcript.pdf",
        "periodicity": "non_periodic"
    },
    {
        "equity_ticker": "DT",
        "geography": "US",
        "content_name": "DT Q2 2025 Transcript",
        "file_type": "pdf",
        "content_type": "earnings_transcript",
        "published_date": "2024-11-07",
        "fiscal_date": "2024-11-07",
        "fiscal_year": 2025,
        "fiscal_quarter": 2,
        "r2_url": "https://pub-2c783279b61043e19fbdadd1bee5153a.r2.dev/DT/2024-11-07/Dynatrace%2C%20Inc._2024-11-07_transcript/Dynatrace%2C%20Inc._2024-11-07_transcript.pdf%5CDynatrace%2C%20Inc._2024-11-07_transcript.pdf",
        "periodicity": "periodic"
    },
    {
        "equity_ticker": "DT",
        "geography": "US",
        "content_name": "DT Q2 2025 Press Release",
        "file_type": "pdf",
        "content_type": "earnings_press_release",
        "published_date": "2024-11-07",
        "fiscal_date": "2024-11-07",
        "fiscal_year": 2025,
        "fiscal_quarter": 2,
        "r2_url": "https://pub-2c783279b61043e19fbdadd1bee5153a.r2.dev/DT/2024-11-07/f16c8-2024-11-07-11-32-43/f16c8-2024-11-07-11-32-43.pdf%5Cf16c8-2024-11-07-11-32-43.pdf",
        "periodicity": "periodic"
    },
    {
        "equity_ticker": "DT",
        "geography": "US",
        "content_name": "DT Q2 2025 Presentation",
        "file_type": "pdf",
        "content_type": "earnings_presentation",
        "published_date": "2024-11-07",
        "fiscal_date": "2024-11-07",
        "fiscal_year": 2025,
        "fiscal_quarter": 2,
        "r2_url": "https://pub-2c783279b61043e19fbdadd1bee5153a.r2.dev/DT/2024-11-07/15e8f-2024-11-07-12-47-11/15e8f-2024-11-07-12-47-11.pdf%5C15e8f-2024-11-07-12-47-11.pdf",
        "periodicity": "periodic"
    },
    {
        "equity_ticker": "DT",
        "geography": "US",
        "content_name": "The Citigroup Global\u00a0TMT Conference 2024 - September 4, 2024",
        "file_type": "pdf",
        "content_type": "sellside_conference_transcript",
        "published_date": "2024-09-04",
        "fiscal_date": "2024-09-04",
        "fiscal_year": null,
        "fiscal_quarter": null,
        "r2_url": "https://pub-2c783279b61043e19fbdadd1bee5153a.r2.dev/DT/2024-09-04/Dynatrace%2C%20Inc._2024-09-04_transcript/Dynatrace%2C%20Inc._2024-09-04_transcript.pdf%5CDynatrace%2C%20Inc._2024-09-04_transcript.pdf",
        "periodicity": "non_periodic"
    },
    {
        "equity_ticker": "DT",
        "geography": "US",
        "content_name": "DT Q1 2025 Transcript",
        "file_type": "pdf",
        "content_type": "earnings_transcript",
        "published_date": "2024-08-07",
        "fiscal_date": "2024-08-07",
        "fiscal_year": 2025,
        "fiscal_quarter": 1,
        "r2_url": "https://pub-2c783279b61043e19fbdadd1bee5153a.r2.dev/DT/2024-08-07/Dynatrace%2C%20Inc._2024-08-07_transcript/Dynatrace%2C%20Inc._2024-08-07_transcript.pdf%5CDynatrace%2C%20Inc._2024-08-07_transcript.pdf",
        "periodicity": "periodic"
    },
    {
        "equity_ticker": "DT",
        "geography": "US",
        "content_name": "DT Q1 2025 Press Release",
        "file_type": "pdf",
        "content_type": "earnings_press_release",
        "published_date": "2024-08-07",
        "fiscal_date": "2024-08-07",
        "fiscal_year": 2025,
        "fiscal_quarter": 1,
        "r2_url": "https://pub-2c783279b61043e19fbdadd1bee5153a.r2.dev/DT/2024-08-07/d31e9-2024-08-07-10-43-43/d31e9-2024-08-07-10-43-43.pdf%5Cd31e9-2024-08-07-10-43-43.pdf",
        "periodicity": "periodic"
    },
    {
        "equity_ticker": "DT",
        "geography": "US",
        "content_name": "DT Q1 2025 Presentation",
        "file_type": "pdf",
        "content_type": "earnings_presentation",
        "published_date": "2024-08-07",
        "fiscal_date": "2024-08-07",
        "fiscal_year": 2025,
        "fiscal_quarter": 1,
        "r2_url": "https://pub-2c783279b61043e19fbdadd1bee5153a.r2.dev/DT/2024-08-07/050ec-2024-08-07-11-22-15/050ec-2024-08-07-11-22-15.pdf%5C050ec-2024-08-07-11-22-15.pdf",
        "periodicity": "periodic"
    },
    {
        "equity_ticker": "DT",
        "geography": "US",
        "content_name": "Baird 2024 Global Consumer, Technology & Services Conference - June 4, 2024",
        "file_type": "pdf",
        "content_type": "company_conference_transcript",
        "published_date": "2024-06-04",
        "fiscal_date": "2024-06-04",
        "fiscal_year": null,
        "fiscal_quarter": null,
        "r2_url": "https://pub-2c783279b61043e19fbdadd1bee5153a.r2.dev/DT/2024-06-04/Dynatrace%2C%20Inc._2024-06-04_transcript/Dynatrace%2C%20Inc._2024-06-04_transcript.pdf%5CDynatrace%2C%20Inc._2024-06-04_transcript.pdf",
        "periodicity": "non_periodic"
    },
    {
        "equity_ticker": "DT",
        "geography": "US",
        "content_name": "William Blair 44th Annual Growth Stock Conference - June 4, 2024",
        "file_type": "pdf",
        "content_type": "sellside_conference_transcript",
        "published_date": "2024-06-04",
        "fiscal_date": "2024-06-04",
        "fiscal_year": null,
        "fiscal_quarter": null,
        "r2_url": "https://pub-2c783279b61043e19fbdadd1bee5153a.r2.dev/DT/2024-06-04/Dynatrace%2C%20Inc._2024-06-04_transcript/Dynatrace%2C%20Inc._2024-06-04_transcript.pdf%5CDynatrace%2C%20Inc._2024-06-04_transcript.pdf",
        "periodicity": "non_periodic"
    },
    {
        "equity_ticker": "DT",
        "geography": "US",
        "content_name": "52nd Annual J.P. Morgan Global Technology, Media and Communications Conference - May 20, 2024",
        "file_type": "pdf",
        "content_type": "sellside_conference_transcript",
        "published_date": "2024-05-20",
        "fiscal_date": "2024-05-20",
        "fiscal_year": null,
        "fiscal_quarter": null,
        "r2_url": "https://pub-2c783279b61043e19fbdadd1bee5153a.r2.dev/DT/2024-05-20/Dynatrace%2C%20Inc._2024-05-20_transcript/Dynatrace%2C%20Inc._2024-05-20_transcript.pdf%5CDynatrace%2C%20Inc._2024-05-20_transcript.pdf",
        "periodicity": "non_periodic"
    },
    {
        "equity_ticker": "DT",
        "geography": "US",
        "content_name": "DT Q4 2024 Transcript",
        "file_type": "pdf",
        "content_type": "earnings_transcript",
        "published_date": "2024-05-15",
        "fiscal_date": "2024-05-15",
        "fiscal_year": 2024,
        "fiscal_quarter": 4,
        "r2_url": "https://pub-2c783279b61043e19fbdadd1bee5153a.r2.dev/DT/2024-05-15/Dynatrace%2C%20Inc._2024-05-15_transcript/Dynatrace%2C%20Inc._2024-05-15_transcript.pdf%5CDynatrace%2C%20Inc._2024-05-15_transcript.pdf",
        "periodicity": "periodic"
    },
    {
        "equity_ticker": "DT",
        "geography": "US",
        "content_name": "DT Q4 2024 Press Release",
        "file_type": "pdf",
        "content_type": "earnings_press_release",
        "published_date": "2024-05-15",
        "fiscal_date": "2024-05-15",
        "fiscal_year": 2024,
        "fiscal_quarter": 4,
        "r2_url": "https://pub-2c783279b61043e19fbdadd1bee5153a.r2.dev/DT/2024-05-15/45131-2024-05-15-10-51-41/45131-2024-05-15-10-51-41.pdf%5C45131-2024-05-15-10-51-41.pdf",
        "periodicity": "periodic"
    },
    {
        "equity_ticker": "DT",
        "geography": "US",
        "content_name": "DT Q4 2024 Presentation",
        "file_type": "pdf",
        "content_type": "earnings_presentation",
        "published_date": "2024-05-15",
        "fiscal_date": "2024-05-15",
        "fiscal_year": 2024,
        "fiscal_quarter": 4,
        "r2_url": "https://pub-2c783279b61043e19fbdadd1bee5153a.r2.dev/DT/2024-05-15/4bf25-2024-05-15-11-44-18/4bf25-2024-05-15-11-44-18.pdf%5C4bf25-2024-05-15-11-44-18.pdf",
        "periodicity": "periodic"
    },
    {
        "equity_ticker": "DT",
        "geography": "US",
        "content_name": "Morgan Stanley\u2019s Technology, Media & Telecom Conference 2024 - March 5, 2024",
        "file_type": "pdf",
        "content_type": "sellside_conference_transcript",
        "published_date": "2024-03-05",
        "fiscal_date": "2024-03-05",
        "fiscal_year": null,
        "fiscal_quarter": null,
        "r2_url": "https://pub-2c783279b61043e19fbdadd1bee5153a.r2.dev/DT/2024-03-05/Dynatrace%2C%20Inc._2024-03-05_transcript/Dynatrace%2C%20Inc._2024-03-05_transcript.pdf%5CDynatrace%2C%20Inc._2024-03-05_transcript.pdf",
        "periodicity": "non_periodic"
    },
    {
        "equity_ticker": "DT",
        "geography": "US",
        "content_name": "DT Q3 2024 Transcript",
        "file_type": "pdf",
        "content_type": "earnings_transcript",
        "published_date": "2024-02-08",
        "fiscal_date": "2024-02-08",
        "fiscal_year": 2024,
        "fiscal_quarter": 3,
        "r2_url": "https://pub-2c783279b61043e19fbdadd1bee5153a.r2.dev/DT/2024-02-08/Dynatrace%2C%20Inc._2024-02-08_transcript/Dynatrace%2C%20Inc._2024-02-08_transcript.pdf%5CDynatrace%2C%20Inc._2024-02-08_transcript.pdf",
        "periodicity": "periodic"
    },
    {
        "equity_ticker": "DT",
        "geography": "US",
        "content_name": "DT Q3 2024 Press Release",
        "file_type": "pdf",
        "content_type": "earnings_press_release",
        "published_date": "2024-02-08",
        "fiscal_date": "2024-02-08",
        "fiscal_year": 2024,
        "fiscal_quarter": 3,
        "r2_url": "https://pub-2c783279b61043e19fbdadd1bee5153a.r2.dev/DT/2024-02-08/e3d2d-2024-02-08-11-54-36/e3d2d-2024-02-08-11-54-36.pdf%5Ce3d2d-2024-02-08-11-54-36.pdf",
        "periodicity": "periodic"
    },
    {
        "equity_ticker": "DT",
        "geography": "US",
        "content_name": "DT Q3 2024 Presentation",
        "file_type": "pdf",
        "content_type": "earnings_presentation",
        "published_date": "2024-02-08",
        "fiscal_date": "2024-02-08",
        "fiscal_year": 2024,
        "fiscal_quarter": 3,
        "r2_url": "https://pub-2c783279b61043e19fbdadd1bee5153a.r2.dev/DT/2024-02-08/4ec9c-2024-02-08-11-07-38/4ec9c-2024-02-08-11-07-38.pdf%5C4ec9c-2024-02-08-11-07-38.pdf",
        "periodicity": "periodic"
    },
    {
        "equity_ticker": "DT",
        "geography": "US",
        "content_name": "Barclays Technology, Media, and Telecommunications Conference - December 6, 2023",
        "file_type": "pdf",
        "content_type": "sellside_conference_transcript",
        "published_date": "2023-12-06",
        "fiscal_date": "2023-12-06",
        "fiscal_year": null,
        "fiscal_quarter": null,
        "r2_url": "https://pub-2c783279b61043e19fbdadd1bee5153a.r2.dev/DT/2023-12-06/Dynatrace%2C%20Inc._2023-12-06_transcript/Dynatrace%2C%20Inc._2023-12-06_transcript.pdf%5CDynatrace%2C%20Inc._2023-12-06_transcript.pdf",
        "periodicity": "non_periodic"
    },
    {
        "equity_ticker": "DT",
        "geography": "US",
        "content_name": "Scotiabank Inaugural Global Technology Conference - December 5, 2023",
        "file_type": "pdf",
        "content_type": "sellside_conference_transcript",
        "published_date": "2023-12-05",
        "fiscal_date": "2023-12-05",
        "fiscal_year": null,
        "fiscal_quarter": null,
        "r2_url": "https://pub-2c783279b61043e19fbdadd1bee5153a.r2.dev/DT/2023-12-05/Dynatrace%2C%20Inc._2023-12-05_transcript/Dynatrace%2C%20Inc._2023-12-05_transcript.pdf%5CDynatrace%2C%20Inc._2023-12-05_transcript.pdf",
        "periodicity": "non_periodic"
    },
    {
        "equity_ticker": "DT",
        "geography": "US",
        "content_name": "Wells Fargo 7th Annual TMT Summit - November 29, 2023",
        "file_type": "pdf",
        "content_type": "sellside_conference_transcript",
        "published_date": "2023-11-29",
        "fiscal_date": "2023-11-29",
        "fiscal_year": null,
        "fiscal_quarter": null,
        "r2_url": "https://pub-2c783279b61043e19fbdadd1bee5153a.r2.dev/DT/2023-11-29/Dynatrace%2C%20Inc._2023-11-29_transcript/Dynatrace%2C%20Inc._2023-11-29_transcript.pdf%5CDynatrace%2C%20Inc._2023-11-29_transcript.pdf",
        "periodicity": "non_periodic"
    },
    {
        "equity_ticker": "DT",
        "geography": "US",
        "content_name": "DT Q2 2024 Transcript",
        "file_type": "pdf",
        "content_type": "earnings_transcript",
        "published_date": "2023-11-02",
        "fiscal_date": "2023-11-02",
        "fiscal_year": 2024,
        "fiscal_quarter": 2,
        "r2_url": "https://pub-2c783279b61043e19fbdadd1bee5153a.r2.dev/DT/2023-11-02/Dynatrace%2C%20Inc._2023-11-02_transcript/Dynatrace%2C%20Inc._2023-11-02_transcript.pdf%5CDynatrace%2C%20Inc._2023-11-02_transcript.pdf",
        "periodicity": "periodic"
    },
    {
        "equity_ticker": "DT",
        "geography": "US",
        "content_name": "DT Q2 2024 Press Release",
        "file_type": "pdf",
        "content_type": "earnings_press_release",
        "published_date": "2023-11-02",
        "fiscal_date": "2023-11-02",
        "fiscal_year": 2024,
        "fiscal_quarter": 2,
        "r2_url": "https://pub-2c783279b61043e19fbdadd1bee5153a.r2.dev/DT/2023-11-02/98f75-2023-11-02-10-32-39/98f75-2023-11-02-10-32-39.pdf%5C98f75-2023-11-02-10-32-39.pdf",
        "periodicity": "periodic"
    },
    {
        "equity_ticker": "DT",
        "geography": "US",
        "content_name": "DT Q2 2024 Presentation",
        "file_type": "pdf",
        "content_type": "earnings_presentation",
        "published_date": "2023-11-02",
        "fiscal_date": "2023-11-02",
        "fiscal_year": 2024,
        "fiscal_quarter": 2,
        "r2_url": "https://pub-2c783279b61043e19fbdadd1bee5153a.r2.dev/DT/2023-11-02/5872d-2023-11-02-11-30-25/5872d-2023-11-02-11-30-25.pdf%5C5872d-2023-11-02-11-30-25.pdf",
        "periodicity": "periodic"
    },
    {
        "equity_ticker": "DT",
        "geography": "US",
        "content_name": "Goldman Sachs Communacopia & Technology Conference - September 6, 2023",
        "file_type": "pdf",
        "content_type": "sellside_conference_transcript",
        "published_date": "2023-09-06",
        "fiscal_date": "2023-09-06",
        "fiscal_year": null,
        "fiscal_quarter": null,
        "r2_url": "https://pub-2c783279b61043e19fbdadd1bee5153a.r2.dev/DT/2023-09-06/Dynatrace%2C%20Inc._2023-09-06_transcript/Dynatrace%2C%20Inc._2023-09-06_transcript.pdf%5CDynatrace%2C%20Inc._2023-09-06_transcript.pdf",
        "periodicity": "non_periodic"
    },
    {
        "equity_ticker": "DT",
        "geography": "US",
        "content_name": "DT Q1 2024 Transcript",
        "file_type": "pdf",
        "content_type": "earnings_transcript",
        "published_date": "2023-08-02",
        "fiscal_date": "2023-08-02",
        "fiscal_year": 2024,
        "fiscal_quarter": 1,
        "r2_url": "https://pub-2c783279b61043e19fbdadd1bee5153a.r2.dev/DT/2023-08-02/Dynatrace%2C%20Inc._2023-08-02_transcript/Dynatrace%2C%20Inc._2023-08-02_transcript.pdf%5CDynatrace%2C%20Inc._2023-08-02_transcript.pdf",
        "periodicity": "periodic"
    },
    {
        "equity_ticker": "DT",
        "geography": "US",
        "content_name": "DT Q1 2024 Press Release",
        "file_type": "pdf",
        "content_type": "earnings_press_release",
        "published_date": "2023-08-02",
        "fiscal_date": "2023-08-02",
        "fiscal_year": 2024,
        "fiscal_quarter": 1,
        "r2_url": "https://pub-2c783279b61043e19fbdadd1bee5153a.r2.dev/DT/2023-08-02/998e9-2023-08-02-10-15-33/998e9-2023-08-02-10-15-33.pdf%5C998e9-2023-08-02-10-15-33.pdf",
        "periodicity": "periodic"
    },
    {
        "equity_ticker": "DT",
        "geography": "US",
        "content_name": "DT Q1 2024 Presentation",
        "file_type": "pdf",
        "content_type": "earnings_presentation",
        "published_date": "2023-08-02",
        "fiscal_date": "2023-08-02",
        "fiscal_year": 2024,
        "fiscal_quarter": 1,
        "r2_url": "https://pub-2c783279b61043e19fbdadd1bee5153a.r2.dev/DT/2023-08-02/3a21f-2023-08-02-10-42-58/3a21f-2023-08-02-10-42-58.pdf%5C3a21f-2023-08-02-10-42-58.pdf",
        "periodicity": "periodic"
    },
    {
        "equity_ticker": "DT",
        "geography": "US",
        "content_name": "Bank of America 2023 Global Technology Conference - June 6, 2023",
        "file_type": "pdf",
        "content_type": "sellside_conference_transcript",
        "published_date": "2023-06-06",
        "fiscal_date": "2023-06-06",
        "fiscal_year": null,
        "fiscal_quarter": null,
        "r2_url": "https://pub-2c783279b61043e19fbdadd1bee5153a.r2.dev/DT/2023-06-06/Dynatrace%2C%20Inc._2023-06-06_transcript/Dynatrace%2C%20Inc._2023-06-06_transcript.pdf%5CDynatrace%2C%20Inc._2023-06-06_transcript.pdf",
        "periodicity": "non_periodic"
    },
    {
        "equity_ticker": "DT",
        "geography": "US",
        "content_name": "DT Q4 2023 Transcript",
        "file_type": "pdf",
        "content_type": "earnings_transcript",
        "published_date": "2023-05-17",
        "fiscal_date": "2023-05-17",
        "fiscal_year": 2023,
        "fiscal_quarter": 4,
        "r2_url": "https://pub-2c783279b61043e19fbdadd1bee5153a.r2.dev/DT/2023-05-17/Dynatrace%2C%20Inc._2023-05-17_transcript/Dynatrace%2C%20Inc._2023-05-17_transcript.pdf%5CDynatrace%2C%20Inc._2023-05-17_transcript.pdf",
        "periodicity": "periodic"
    },
    {
        "equity_ticker": "DT",
        "geography": "US",
        "content_name": "DT Q4 2023 Press Release",
        "file_type": "pdf",
        "content_type": "earnings_press_release",
        "published_date": "2023-05-17",
        "fiscal_date": "2023-05-17",
        "fiscal_year": 2023,
        "fiscal_quarter": 4,
        "r2_url": "https://pub-2c783279b61043e19fbdadd1bee5153a.r2.dev/DT/2023-05-17/7051d-2023-05-17-11-01-01/7051d-2023-05-17-11-01-01.pdf%5C7051d-2023-05-17-11-01-01.pdf",
        "periodicity": "periodic"
    },
    {
        "equity_ticker": "DT",
        "geography": "US",
        "content_name": "DT Q4 2023 Presentation",
        "file_type": "pdf",
        "content_type": "earnings_presentation",
        "published_date": "2023-05-17",
        "fiscal_date": "2023-05-17",
        "fiscal_year": 2023,
        "fiscal_quarter": 4,
        "r2_url": "https://pub-2c783279b61043e19fbdadd1bee5153a.r2.dev/DT/2023-05-17/eef82-2023-05-17-11-01-01/eef82-2023-05-17-11-01-01.pdf%5Ceef82-2023-05-17-11-01-01.pdf",
        "periodicity": "periodic"
    },
    {
        "equity_ticker": "DT",
        "geography": "US",
        "content_name": "DT Q3 2023 Transcript",
        "file_type": "pdf",
        "content_type": "earnings_transcript",
        "published_date": "2023-02-01",
        "fiscal_date": "2023-02-01",
        "fiscal_year": 2023,
        "fiscal_quarter": 3,
        "r2_url": "https://pub-2c783279b61043e19fbdadd1bee5153a.r2.dev/DT/2023-02-01/Dynatrace%2C%20Inc._2023-02-01_transcript/Dynatrace%2C%20Inc._2023-02-01_transcript.pdf%5CDynatrace%2C%20Inc._2023-02-01_transcript.pdf",
        "periodicity": "periodic"
    },
    {
        "equity_ticker": "DT",
        "geography": "US",
        "content_name": "DT Q3 2023 Press Release",
        "file_type": "pdf",
        "content_type": "earnings_press_release",
        "published_date": "2023-02-01",
        "fiscal_date": "2023-02-01",
        "fiscal_year": 2023,
        "fiscal_quarter": 3,
        "r2_url": "https://pub-2c783279b61043e19fbdadd1bee5153a.r2.dev/DT/2023-02-01/58581-2023-02-01-12-17-06/58581-2023-02-01-12-17-06.pdf%5C58581-2023-02-01-12-17-06.pdf",
        "periodicity": "periodic"
    },
    {
        "equity_ticker": "DT",
        "geography": "US",
        "content_name": "DT Q3 2023 Presentation",
        "file_type": "pdf",
        "content_type": "earnings_presentation",
        "published_date": "2023-02-01",
        "fiscal_date": "2023-02-01",
        "fiscal_year": 2023,
        "fiscal_quarter": 3,
        "r2_url": "https://pub-2c783279b61043e19fbdadd1bee5153a.r2.dev/DT/2023-02-01/56ed1-2023-02-01-12-17-06/56ed1-2023-02-01-12-17-06.pdf%5C56ed1-2023-02-01-12-17-06.pdf",
        "periodicity": "periodic"
    },
    {
        "equity_ticker": "DT",
        "geography": "US",
        "content_name": "DT Q2 2023 Transcript",
        "file_type": "pdf",
        "content_type": "earnings_transcript",
        "published_date": "2022-11-02",
        "fiscal_date": "2022-11-02",
        "fiscal_year": 2023,
        "fiscal_quarter": 2,
        "r2_url": "https://pub-2c783279b61043e19fbdadd1bee5153a.r2.dev/DT/2022-11-02/Dynatrace%2C%20Inc._2022-11-02_transcript/Dynatrace%2C%20Inc._2022-11-02_transcript.pdf%5CDynatrace%2C%20Inc._2022-11-02_transcript.pdf",
        "periodicity": "periodic"
    },
    {
        "equity_ticker": "DT",
        "geography": "US",
        "content_name": "DT Q2 2023 Press Release",
        "file_type": "pdf",
        "content_type": "earnings_press_release",
        "published_date": "2022-11-02",
        "fiscal_date": "2022-11-02",
        "fiscal_year": 2023,
        "fiscal_quarter": 2,
        "r2_url": "https://pub-2c783279b61043e19fbdadd1bee5153a.r2.dev/DT/2022-11-02/99713-2022-11-02-11-55-12/99713-2022-11-02-11-55-12.pdf%5C99713-2022-11-02-11-55-12.pdf",
        "periodicity": "periodic"
    },
    {
        "equity_ticker": "DT",
        "geography": "US",
        "content_name": "DT Q2 2023 Presentation",
        "file_type": "pdf",
        "content_type": "earnings_presentation",
        "published_date": "2022-11-02",
        "fiscal_date": "2022-11-02",
        "fiscal_year": 2023,
        "fiscal_quarter": 2,
        "r2_url": "https://pub-2c783279b61043e19fbdadd1bee5153a.r2.dev/DT/2022-11-02/bfd99-2022-11-02-11-55-12/bfd99-2022-11-02-11-55-12.pdf%5Cbfd99-2022-11-02-11-55-12.pdf",
        "periodicity": "periodic"
    },
    {
        "equity_ticker": "DT",
        "geography": "US",
        "content_name": "DT Q1 2023 Transcript",
        "file_type": "pdf",
        "content_type": "earnings_transcript",
        "published_date": "2022-08-03",
        "fiscal_date": "2022-08-03",
        "fiscal_year": 2023,
        "fiscal_quarter": 1,
        "r2_url": "https://pub-2c783279b61043e19fbdadd1bee5153a.r2.dev/DT/2022-08-03/Dynatrace%2C%20Inc._2022-08-03_transcript/Dynatrace%2C%20Inc._2022-08-03_transcript.pdf%5CDynatrace%2C%20Inc._2022-08-03_transcript.pdf",
        "periodicity": "periodic"
    },
    {
        "equity_ticker": "DT",
        "geography": "US",
        "content_name": "DT Q1 2023 Press Release",
        "file_type": "pdf",
        "content_type": "earnings_press_release",
        "published_date": "2022-08-03",
        "fiscal_date": "2022-08-03",
        "fiscal_year": 2023,
        "fiscal_quarter": 1,
        "r2_url": "https://pub-2c783279b61043e19fbdadd1bee5153a.r2.dev/DT/2022-08-03/fac17-2022-08-03-01-59-27/fac17-2022-08-03-01-59-27.pdf%5Cfac17-2022-08-03-01-59-27.pdf",
        "periodicity": "periodic"
    },
    {
        "equity_ticker": "DT",
        "geography": "US",
        "content_name": "DT Q1 2023 Presentation",
        "file_type": "pdf",
        "content_type": "earnings_presentation",
        "published_date": "2022-08-03",
        "fiscal_date": "2022-08-03",
        "fiscal_year": 2023,
        "fiscal_quarter": 1,
        "r2_url": "https://pub-2c783279b61043e19fbdadd1bee5153a.r2.dev/DT/2022-08-03/76cd1-2022-08-03-01-00-28/76cd1-2022-08-03-01-00-28.pdf%5C76cd1-2022-08-03-01-00-28.pdf",
        "periodicity": "periodic"
    },
    {
        "equity_ticker": "DT",
        "geography": "US",
        "content_name": "DT Q4 2022 Transcript",
        "file_type": "pdf",
        "content_type": "earnings_transcript",
        "published_date": "2022-05-18",
        "fiscal_date": "2022-05-18",
        "fiscal_year": 2022,
        "fiscal_quarter": 4,
        "r2_url": "https://pub-2c783279b61043e19fbdadd1bee5153a.r2.dev/DT/2022-05-18/Dynatrace%2C%20Inc._2022-05-18_transcript/Dynatrace%2C%20Inc._2022-05-18_transcript.pdf%5CDynatrace%2C%20Inc._2022-05-18_transcript.pdf",
        "periodicity": "periodic"
    },
    {
        "equity_ticker": "DT",
        "geography": "US",
        "content_name": "DT Q4 2022 Press Release",
        "file_type": "pdf",
        "content_type": "earnings_press_release",
        "published_date": "2022-05-18",
        "fiscal_date": "2022-05-18",
        "fiscal_year": 2022,
        "fiscal_quarter": 4,
        "r2_url": "https://pub-2c783279b61043e19fbdadd1bee5153a.r2.dev/DT/2022-05-18/c912d-2022-06-28-04-08-49/c912d-2022-06-28-04-08-49.pdf%5Cc912d-2022-06-28-04-08-49.pdf",
        "periodicity": "periodic"
    },
    {
        "equity_ticker": "DT",
        "geography": "US",
        "content_name": "DT Q4 2022 Presentation",
        "file_type": "pdf",
        "content_type": "earnings_presentation",
        "published_date": "2022-05-18",
        "fiscal_date": "2022-05-18",
        "fiscal_year": 2022,
        "fiscal_quarter": 4,
        "r2_url": "https://pub-2c783279b61043e19fbdadd1bee5153a.r2.dev/DT/2022-05-18/275c6-2022-06-28-04-09-49/275c6-2022-06-28-04-09-49.pdf%5C275c6-2022-06-28-04-09-49.pdf",
        "periodicity": "periodic"
    },
    {
        "equity_ticker": "DT",
        "geography": "US",
        "content_name": "DT Q3 2022 Transcript",
        "file_type": "pdf",
        "content_type": "earnings_transcript",
        "published_date": "2022-02-02",
        "fiscal_date": "2022-02-02",
        "fiscal_year": 2022,
        "fiscal_quarter": 3,
        "r2_url": "https://pub-2c783279b61043e19fbdadd1bee5153a.r2.dev/DT/2022-02-02/Dynatrace%2C%20Inc._2022-02-02_transcript/Dynatrace%2C%20Inc._2022-02-02_transcript.pdf%5CDynatrace%2C%20Inc._2022-02-02_transcript.pdf",
        "periodicity": "periodic"
    },
    {
        "equity_ticker": "DT",
        "geography": "US",
        "content_name": "DT Q3 2022 Press Release",
        "file_type": "pdf",
        "content_type": "earnings_press_release",
        "published_date": "2022-02-02",
        "fiscal_date": "2022-02-02",
        "fiscal_year": 2022,
        "fiscal_quarter": 3,
        "r2_url": "https://pub-2c783279b61043e19fbdadd1bee5153a.r2.dev/DT/2022-02-02/fbb06-2023-01-25-12-49-20/fbb06-2023-01-25-12-49-20.pdf%5Cfbb06-2023-01-25-12-49-20.pdf",
        "periodicity": "periodic"
    },
    {
        "equity_ticker": "DT",
        "geography": "US",
        "content_name": "DT Q3 2022 Presentation",
        "file_type": "pdf",
        "content_type": "earnings_presentation",
        "published_date": "2022-02-02",
        "fiscal_date": "2022-02-02",
        "fiscal_year": 2022,
        "fiscal_quarter": 3,
        "r2_url": "https://pub-2c783279b61043e19fbdadd1bee5153a.r2.dev/DT/2022-02-02/6436f-2022-02-02-07-12-51-migrated/6436f-2022-02-02-07-12-51-migrated.pdf%5C6436f-2022-02-02-07-12-51-migrated.pdf",
        "periodicity": "periodic"
    },
    {
        "equity_ticker": "DT",
        "geography": "US",
        "content_name": "DT Q2 2022 Transcript",
        "file_type": "pdf",
        "content_type": "earnings_transcript",
        "published_date": "2021-10-27",
        "fiscal_date": "2021-10-27",
        "fiscal_year": 2022,
        "fiscal_quarter": 2,
        "r2_url": "https://pub-2c783279b61043e19fbdadd1bee5153a.r2.dev/DT/2021-10-27/Dynatrace%2C%20Inc._2021-10-27_transcript/Dynatrace%2C%20Inc._2021-10-27_transcript.pdf%5CDynatrace%2C%20Inc._2021-10-27_transcript.pdf",
        "periodicity": "periodic"
    },
    {
        "equity_ticker": "DT",
        "geography": "US",
        "content_name": "DT Q2 2022 Press Release",
        "file_type": "pdf",
        "content_type": "earnings_press_release",
        "published_date": "2021-10-27",
        "fiscal_date": "2021-10-27",
        "fiscal_year": 2022,
        "fiscal_quarter": 2,
        "r2_url": "https://pub-2c783279b61043e19fbdadd1bee5153a.r2.dev/DT/2021-10-27/2fccc-2023-01-25-11-31-54/2fccc-2023-01-25-11-31-54.pdf%5C2fccc-2023-01-25-11-31-54.pdf",
        "periodicity": "periodic"
    },
    {
        "equity_ticker": "DT",
        "geography": "US",
        "content_name": "DT Q1 2022 Transcript",
        "file_type": "pdf",
        "content_type": "earnings_transcript",
        "published_date": "2021-07-28",
        "fiscal_date": "2021-07-28",
        "fiscal_year": 2022,
        "fiscal_quarter": 1,
        "r2_url": "https://pub-2c783279b61043e19fbdadd1bee5153a.r2.dev/DT/2021-07-28/Dynatrace%2C%20Inc._2021-07-28_transcript/Dynatrace%2C%20Inc._2021-07-28_transcript.pdf%5CDynatrace%2C%20Inc._2021-07-28_transcript.pdf",
        "periodicity": "periodic"
    },
    {
        "equity_ticker": "DT",
        "geography": "US",
        "content_name": "DT Q1 2022 Press Release",
        "file_type": "pdf",
        "content_type": "earnings_press_release",
        "published_date": "2021-07-28",
        "fiscal_date": "2021-07-28",
        "fiscal_year": 2022,
        "fiscal_quarter": 1,
        "r2_url": "https://pub-2c783279b61043e19fbdadd1bee5153a.r2.dev/DT/2021-07-28/eb385-2023-01-25-09-55-47/eb385-2023-01-25-09-55-47.pdf%5Ceb385-2023-01-25-09-55-47.pdf",
        "periodicity": "periodic"
    },
    {
        "equity_ticker": "DT",
        "geography": "US",
        "content_name": "DT Q4 2021 Transcript",
        "file_type": "pdf",
        "content_type": "earnings_transcript",
        "published_date": "2021-05-12",
        "fiscal_date": "2021-05-12",
        "fiscal_year": 2021,
        "fiscal_quarter": 4,
        "r2_url": "https://pub-2c783279b61043e19fbdadd1bee5153a.r2.dev/DT/2021-05-12/Dynatrace%2C%20Inc._2021-05-12_transcript/Dynatrace%2C%20Inc._2021-05-12_transcript.pdf%5CDynatrace%2C%20Inc._2021-05-12_transcript.pdf",
        "periodicity": "periodic"
    },
    {
        "equity_ticker": "DT",
        "geography": "US",
        "content_name": "DT Q4 2021 Press Release",
        "file_type": "pdf",
        "content_type": "earnings_press_release",
        "published_date": "2021-05-12",
        "fiscal_date": "2021-05-12",
        "fiscal_year": 2021,
        "fiscal_quarter": 4,
        "r2_url": "https://pub-2c783279b61043e19fbdadd1bee5153a.r2.dev/DT/2021-05-12/0fb43-2023-01-25-09-49-45/0fb43-2023-01-25-09-49-45.pdf%5C0fb43-2023-01-25-09-49-45.pdf",
        "periodicity": "periodic"
    },
    {
        "equity_ticker": "DT",
        "geography": "US",
        "content_name": "DT Q3 2021 Transcript",
        "file_type": "pdf",
        "content_type": "earnings_transcript",
        "published_date": "2021-02-03",
        "fiscal_date": "2021-02-03",
        "fiscal_year": 2021,
        "fiscal_quarter": 3,
        "r2_url": "https://pub-2c783279b61043e19fbdadd1bee5153a.r2.dev/DT/2021-02-03/Dynatrace%2C%20Inc._2021-02-03_transcript/Dynatrace%2C%20Inc._2021-02-03_transcript.pdf%5CDynatrace%2C%20Inc._2021-02-03_transcript.pdf",
        "periodicity": "periodic"
    },
    {
        "equity_ticker": "DT",
        "geography": "US",
        "content_name": "DT Q3 2021 Press Release",
        "file_type": "pdf",
        "content_type": "earnings_press_release",
        "published_date": "2021-02-03",
        "fiscal_date": "2021-02-03",
        "fiscal_year": 2021,
        "fiscal_quarter": 3,
        "r2_url": "https://pub-2c783279b61043e19fbdadd1bee5153a.r2.dev/DT/2021-02-03/6c9a5-2023-11-27-09-20-33/6c9a5-2023-11-27-09-20-33.pdf%5C6c9a5-2023-11-27-09-20-33.pdf",
        "periodicity": "periodic"
    },
    {
        "equity_ticker": "DT",
        "geography": "US",
        "content_name": "DT Q3 2021 Presentation",
        "file_type": "pdf",
        "content_type": "earnings_presentation",
        "published_date": "2021-02-03",
        "fiscal_date": "2021-02-03",
        "fiscal_year": 2021,
        "fiscal_quarter": 3,
        "r2_url": "https://pub-2c783279b61043e19fbdadd1bee5153a.r2.dev/DT/2021-02-03/c2868-2023-11-27-09-21-33/c2868-2023-11-27-09-21-33.pdf%5Cc2868-2023-11-27-09-21-33.pdf",
        "periodicity": "periodic"
    },
    {
        "equity_ticker": "DT",
        "geography": "US",
        "content_name": "DT Q2 2021 Transcript",
        "file_type": "pdf",
        "content_type": "earnings_transcript",
        "published_date": "2020-10-28",
        "fiscal_date": "2020-10-28",
        "fiscal_year": 2021,
        "fiscal_quarter": 2,
        "r2_url": "https://pub-2c783279b61043e19fbdadd1bee5153a.r2.dev/DT/2020-10-28/Dynatrace%2C%20Inc._2020-10-28_transcript/Dynatrace%2C%20Inc._2020-10-28_transcript.pdf%5CDynatrace%2C%20Inc._2020-10-28_transcript.pdf",
        "periodicity": "periodic"
    },
    {
        "equity_ticker": "DT",
        "geography": "US",
        "content_name": "DT Q2 2021 Press Release",
        "file_type": "pdf",
        "content_type": "earnings_press_release",
        "published_date": "2020-10-28",
        "fiscal_date": "2020-10-28",
        "fiscal_year": 2021,
        "fiscal_quarter": 2,
        "r2_url": "https://pub-2c783279b61043e19fbdadd1bee5153a.r2.dev/DT/2020-10-28/3b1ad-2023-11-27-09-00-34/3b1ad-2023-11-27-09-00-34.pdf%5C3b1ad-2023-11-27-09-00-34.pdf",
        "periodicity": "periodic"
    },
    {
        "equity_ticker": "DT",
        "geography": "US",
        "content_name": "Investor Day 2020 - September 16, 2020",
        "file_type": "pdf",
        "content_type": "company_conference_transcript",
        "published_date": "2020-09-16",
        "fiscal_date": "2020-09-16",
        "fiscal_year": null,
        "fiscal_quarter": null,
        "r2_url": "https://pub-2c783279b61043e19fbdadd1bee5153a.r2.dev/DT/2020-09-16/Dynatrace%2C%20Inc._2020-09-16_transcript/Dynatrace%2C%20Inc._2020-09-16_transcript.pdf%5CDynatrace%2C%20Inc._2020-09-16_transcript.pdf",
        "periodicity": "non_periodic"
    },
    {
        "equity_ticker": "DT",
        "geography": "US",
        "content_name": "AGM 2020 - August 25, 2020",
        "file_type": "pdf",
        "content_type": "company_conference_transcript",
        "published_date": "2020-08-25",
        "fiscal_date": "2020-08-25",
        "fiscal_year": null,
        "fiscal_quarter": null,
        "r2_url": "https://pub-2c783279b61043e19fbdadd1bee5153a.r2.dev/DT/2020-08-25/Dynatrace%2C%20Inc._2020-08-25_transcript/Dynatrace%2C%20Inc._2020-08-25_transcript.pdf%5CDynatrace%2C%20Inc._2020-08-25_transcript.pdf",
        "periodicity": "non_periodic"
    },
    {
        "equity_ticker": "DT",
        "geography": "US",
        "content_name": "DT Q1 2021 Transcript",
        "file_type": "pdf",
        "content_type": "earnings_transcript",
        "published_date": "2020-07-29",
        "fiscal_date": "2020-07-29",
        "fiscal_year": 2021,
        "fiscal_quarter": 1,
        "r2_url": "https://pub-2c783279b61043e19fbdadd1bee5153a.r2.dev/DT/2020-07-29/Dynatrace%2C%20Inc._2020-07-29_transcript/Dynatrace%2C%20Inc._2020-07-29_transcript.pdf%5CDynatrace%2C%20Inc._2020-07-29_transcript.pdf",
        "periodicity": "periodic"
    },
    {
        "equity_ticker": "DT",
        "geography": "US",
        "content_name": "DT Q1 2021 Press Release",
        "file_type": "pdf",
        "content_type": "earnings_press_release",
        "published_date": "2020-07-29",
        "fiscal_date": "2020-07-29",
        "fiscal_year": 2021,
        "fiscal_quarter": 1,
        "r2_url": "https://pub-2c783279b61043e19fbdadd1bee5153a.r2.dev/DT/2020-07-29/a928d-2023-11-27-09-39-37/a928d-2023-11-27-09-39-37.pdf%5Ca928d-2023-11-27-09-39-37.pdf",
        "periodicity": "periodic"
    },
    {
        "equity_ticker": "DT",
        "geography": "US",
        "content_name": "DT Q4 2020 Transcript",
        "file_type": "pdf",
        "content_type": "earnings_transcript",
        "published_date": "2020-05-12",
        "fiscal_date": "2020-05-12",
        "fiscal_year": 2020,
        "fiscal_quarter": 4,
        "r2_url": "https://pub-2c783279b61043e19fbdadd1bee5153a.r2.dev/DT/2020-05-12/Dynatrace%2C%20Inc._2020-05-12_transcript/Dynatrace%2C%20Inc._2020-05-12_transcript.pdf%5CDynatrace%2C%20Inc._2020-05-12_transcript.pdf",
        "periodicity": "periodic"
    },
    {
        "equity_ticker": "DT",
        "geography": "US",
        "content_name": "DT Q4 2020 Press Release",
        "file_type": "pdf",
        "content_type": "earnings_press_release",
        "published_date": "2020-05-12",
        "fiscal_date": "2020-05-12",
        "fiscal_year": 2020,
        "fiscal_quarter": 4,
        "r2_url": "https://pub-2c783279b61043e19fbdadd1bee5153a.r2.dev/DT/2020-05-12/d54ea-2023-11-27-09-26-38/d54ea-2023-11-27-09-26-38.pdf%5Cd54ea-2023-11-27-09-26-38.pdf",
        "periodicity": "periodic"
    },
    {
        "equity_ticker": "DT",
        "geography": "US",
        "content_name": "DT Q3 2020 Transcript",
        "file_type": "pdf",
        "content_type": "earnings_transcript",
        "published_date": "2020-01-29",
        "fiscal_date": "2020-01-29",
        "fiscal_year": 2020,
        "fiscal_quarter": 3,
        "r2_url": "https://pub-2c783279b61043e19fbdadd1bee5153a.r2.dev/DT/2020-01-29/Dynatrace%2C%20Inc._2020-01-29_transcript/Dynatrace%2C%20Inc._2020-01-29_transcript.pdf%5CDynatrace%2C%20Inc._2020-01-29_transcript.pdf",
        "periodicity": "periodic"
    },
    {
        "equity_ticker": "DT",
        "geography": "US",
        "content_name": "DT Q3 2020 Press Release",
        "file_type": "pdf",
        "content_type": "earnings_press_release",
        "published_date": "2020-01-29",
        "fiscal_date": "2020-01-29",
        "fiscal_year": 2020,
        "fiscal_quarter": 3,
        "r2_url": "https://pub-2c783279b61043e19fbdadd1bee5153a.r2.dev/DT/2020-01-29/d6316-2023-11-27-09-07-39/d6316-2023-11-27-09-07-39.pdf%5Cd6316-2023-11-27-09-07-39.pdf",
        "periodicity": "periodic"
    },
    {
        "equity_ticker": "DT",
        "geography": "US",
        "content_name": "DT Q2 2020 Transcript",
        "file_type": "pdf",
        "content_type": "earnings_transcript",
        "published_date": "2019-10-30",
        "fiscal_date": "2019-10-30",
        "fiscal_year": 2020,
        "fiscal_quarter": 2,
        "r2_url": "https://pub-2c783279b61043e19fbdadd1bee5153a.r2.dev/DT/2019-10-30/Dynatrace%2C%20Inc._2019-10-30_transcript/Dynatrace%2C%20Inc._2019-10-30_transcript.pdf%5CDynatrace%2C%20Inc._2019-10-30_transcript.pdf",
        "periodicity": "periodic"
    },
    {
        "equity_ticker": "DT",
        "geography": "US",
        "content_name": "DT Q2 2020 Press Release",
        "file_type": "pdf",
        "content_type": "earnings_press_release",
        "published_date": "2019-10-30",
        "fiscal_date": "2019-10-30",
        "fiscal_year": 2020,
        "fiscal_quarter": 2,
        "r2_url": "https://pub-2c783279b61043e19fbdadd1bee5153a.r2.dev/DT/2019-10-30/80915-2023-11-27-09-45-39/80915-2023-11-27-09-45-39.pdf%5C80915-2023-11-27-09-45-39.pdf",
        "periodicity": "periodic"
    },
    {
        "equity_ticker": "DT",
        "geography": "US",
        "content_name": "DT Q1 2020 Transcript",
        "file_type": "pdf",
        "content_type": "earnings_transcript",
        "published_date": "2019-09-04",
        "fiscal_date": "2019-09-04",
        "fiscal_year": 2020,
        "fiscal_quarter": 1,
        "r2_url": "https://pub-2c783279b61043e19fbdadd1bee5153a.r2.dev/DT/2019-09-04/Dynatrace%2C%20Inc._2019-09-04_transcript/Dynatrace%2C%20Inc._2019-09-04_transcript.pdf%5CDynatrace%2C%20Inc._2019-09-04_transcript.pdf",
        "periodicity": "periodic"
    },
    {
        "equity_ticker": "DT",
        "geography": "US",
        "content_name": "DT Q1 2020 Press Release",
        "file_type": "pdf",
        "content_type": "earnings_press_release",
        "published_date": "2019-09-04",
        "fiscal_date": "2019-09-04",
        "fiscal_year": 2020,
        "fiscal_quarter": 1,
        "r2_url": "https://pub-2c783279b61043e19fbdadd1bee5153a.r2.dev/DT/2019-09-04/4e6e7-2023-11-27-09-20-40/4e6e7-2023-11-27-09-20-40.pdf%5C4e6e7-2023-11-27-09-20-40.pdf",
        "periodicity": "periodic"
    },
    {
        "equity_ticker": "DT",
        "geography": "US",
        "content_name": "DT Q3 2025 10-Q",
        "file_type": "pdf",
        "content_type": "quarterly_report",
        "published_date": "2025-01-30",
        "fiscal_date": "2024-12-31",
        "fiscal_year": 2025,
        "fiscal_quarter": 3,
        "r2_url": "https://pub-2c783279b61043e19fbdadd1bee5153a.r2.dev/DT/2025-01-30/dt-20241231.htm%5Cdt-20241231.pdf",
        "periodicity": "periodic"
    },
    {
        "equity_ticker": "DT",
        "geography": "US",
        "content_name": "DT Q2 2025 10-Q",
        "file_type": "pdf",
        "content_type": "quarterly_report",
        "published_date": "2024-11-07",
        "fiscal_date": "2024-09-30",
        "fiscal_year": 2025,
        "fiscal_quarter": 2,
        "r2_url": "https://pub-2c783279b61043e19fbdadd1bee5153a.r2.dev/DT/2024-11-07/dt-20240930.htm%5Cdt-20240930.pdf",
        "periodicity": "periodic"
    },
    {
        "equity_ticker": "DT",
        "geography": "US",
        "content_name": "DT Q1 2025 10-Q",
        "file_type": "pdf",
        "content_type": "quarterly_report",
        "published_date": "2024-08-07",
        "fiscal_date": "2024-06-30",
        "fiscal_year": 2025,
        "fiscal_quarter": 1,
        "r2_url": "https://pub-2c783279b61043e19fbdadd1bee5153a.r2.dev/DT/2024-08-07/dt-20240630.htm%5Cdt-20240630.pdf",
        "periodicity": "periodic"
    },
    {
        "equity_ticker": "DT",
        "geography": "US",
        "content_name": "DT Q4 2024 10-K",
        "file_type": "pdf",
        "content_type": "annual_report",
        "published_date": "2024-05-23",
        "fiscal_date": "2024-03-31",
        "fiscal_year": 2024,
        "fiscal_quarter": 4,
        "r2_url": "https://pub-2c783279b61043e19fbdadd1bee5153a.r2.dev/DT/2024-05-23/dt-20240331.htm%5Cdt-20240331.pdf",
        "periodicity": "periodic"
    },
    {
        "equity_ticker": "DT",
        "geography": "US",
        "content_name": "DT Q3 2024 10-Q",
        "file_type": "pdf",
        "content_type": "quarterly_report",
        "published_date": "2024-02-08",
        "fiscal_date": "2023-12-31",
        "fiscal_year": 2024,
        "fiscal_quarter": 3,
        "r2_url": "https://pub-2c783279b61043e19fbdadd1bee5153a.r2.dev/DT/2024-02-08/dt-20231231.htm%5Cdt-20231231.pdf",
        "periodicity": "periodic"
    },
    {
        "equity_ticker": "DT",
        "geography": "US",
        "content_name": "DT Q2 2024 10-Q",
        "file_type": "pdf",
        "content_type": "quarterly_report",
        "published_date": "2023-11-02",
        "fiscal_date": "2023-09-30",
        "fiscal_year": 2024,
        "fiscal_quarter": 2,
        "r2_url": "https://pub-2c783279b61043e19fbdadd1bee5153a.r2.dev/DT/2023-11-02/dt-20230930.htm%5Cdt-20230930.pdf",
        "periodicity": "periodic"
    },
    {
        "equity_ticker": "DT",
        "geography": "US",
        "content_name": "DT Q1 2024 10-Q",
        "file_type": "pdf",
        "content_type": "quarterly_report",
        "published_date": "2023-08-02",
        "fiscal_date": "2023-06-30",
        "fiscal_year": 2024,
        "fiscal_quarter": 1,
        "r2_url": "https://pub-2c783279b61043e19fbdadd1bee5153a.r2.dev/DT/2023-08-02/dt-20230630.htm%5Cdt-20230630.pdf",
        "periodicity": "periodic"
    },
    {
        "equity_ticker": "DT",
        "geography": "US",
        "content_name": "DT Q4 2023 10-K",
        "file_type": "pdf",
        "content_type": "annual_report",
        "published_date": "2023-05-25",
        "fiscal_date": "2023-03-31",
        "fiscal_year": 2023,
        "fiscal_quarter": 4,
        "r2_url": "https://pub-2c783279b61043e19fbdadd1bee5153a.r2.dev/DT/2023-05-25/dt-20230331.htm%5Cdt-20230331.pdf",
        "periodicity": "periodic"
    },
    {
        "equity_ticker": "DT",
        "geography": "US",
        "content_name": "DT Q3 2023 10-Q",
        "file_type": "pdf",
        "content_type": "quarterly_report",
        "published_date": "2023-02-01",
        "fiscal_date": "2022-12-31",
        "fiscal_year": 2023,
        "fiscal_quarter": 3,
        "r2_url": "https://pub-2c783279b61043e19fbdadd1bee5153a.r2.dev/DT/2023-02-01/dt-20221231.htm%5Cdt-20221231.pdf",
        "periodicity": "periodic"
    },
    {
        "equity_ticker": "DT",
        "geography": "US",
        "content_name": "DT Q2 2023 10-Q",
        "file_type": "pdf",
        "content_type": "quarterly_report",
        "published_date": "2022-11-02",
        "fiscal_date": "2022-09-30",
        "fiscal_year": 2023,
        "fiscal_quarter": 2,
        "r2_url": "https://pub-2c783279b61043e19fbdadd1bee5153a.r2.dev/DT/2022-11-02/dt-20220930.htm%5Cdt-20220930.pdf",
        "periodicity": "periodic"
    },
    {
        "equity_ticker": "DT",
        "geography": "US",
        "content_name": "DT Q1 2023 10-Q",
        "file_type": "pdf",
        "content_type": "quarterly_report",
        "published_date": "2022-08-03",
        "fiscal_date": "2022-06-30",
        "fiscal_year": 2023,
        "fiscal_quarter": 1,
        "r2_url": "https://pub-2c783279b61043e19fbdadd1bee5153a.r2.dev/DT/2022-08-03/dt-20220630.htm%5Cdt-20220630.pdf",
        "periodicity": "periodic"
    },
    {
        "equity_ticker": "DT",
        "geography": "US",
        "content_name": "DT Q4 2022 10-K",
        "file_type": "pdf",
        "content_type": "annual_report",
        "published_date": "2022-05-26",
        "fiscal_date": "2022-03-31",
        "fiscal_year": 2022,
        "fiscal_quarter": 4,
        "r2_url": "https://pub-2c783279b61043e19fbdadd1bee5153a.r2.dev/DT/2022-05-26/dt-20220331.htm%5Cdt-20220331.pdf",
        "periodicity": "periodic"
    },
    {
        "equity_ticker": "DT",
        "geography": "US",
        "content_name": "DT Q3 2022 10-Q",
        "file_type": "pdf",
        "content_type": "quarterly_report",
        "published_date": "2022-02-02",
        "fiscal_date": "2021-12-31",
        "fiscal_year": 2022,
        "fiscal_quarter": 3,
        "r2_url": "https://pub-2c783279b61043e19fbdadd1bee5153a.r2.dev/DT/2022-02-02/dt-20211231.htm%5Cdt-20211231.pdf",
        "periodicity": "periodic"
    },
    {
        "equity_ticker": "DT",
        "geography": "US",
        "content_name": "DT Q2 2022 10-Q",
        "file_type": "pdf",
        "content_type": "quarterly_report",
        "published_date": "2021-10-27",
        "fiscal_date": "2021-09-30",
        "fiscal_year": 2022,
        "fiscal_quarter": 2,
        "r2_url": "https://pub-2c783279b61043e19fbdadd1bee5153a.r2.dev/DT/2021-10-27/dt-20210930.htm%5Cdt-20210930.pdf",
        "periodicity": "periodic"
    },
    {
        "equity_ticker": "DT",
        "geography": "US",
        "content_name": "DT Q1 2022 10-Q",
        "file_type": "pdf",
        "content_type": "quarterly_report",
        "published_date": "2021-07-28",
        "fiscal_date": "2021-06-30",
        "fiscal_year": 2022,
        "fiscal_quarter": 1,
        "r2_url": "https://pub-2c783279b61043e19fbdadd1bee5153a.r2.dev/DT/2021-07-28/dt-20210630.htm%5Cdt-20210630.pdf",
        "periodicity": "periodic"
    },
    {
        "equity_ticker": "DT",
        "geography": "US",
        "content_name": "DT Q4 2021 10-K",
        "file_type": "pdf",
        "content_type": "annual_report",
        "published_date": "2021-05-28",
        "fiscal_date": "2021-03-31",
        "fiscal_year": 2021,
        "fiscal_quarter": 4,
        "r2_url": "https://pub-2c783279b61043e19fbdadd1bee5153a.r2.dev/DT/2021-05-28/dt-20210331.htm%5Cdt-20210331.pdf",
        "periodicity": "periodic"
    },
    {
        "equity_ticker": "DT",
        "geography": "US",
        "content_name": "DT Q3 2021 10-Q",
        "file_type": "pdf",
        "content_type": "quarterly_report",
        "published_date": "2021-02-03",
        "fiscal_date": "2020-12-31",
        "fiscal_year": 2021,
        "fiscal_quarter": 3,
        "r2_url": "https://pub-2c783279b61043e19fbdadd1bee5153a.r2.dev/DT/2021-02-03/dt-20201231.htm%5Cdt-20201231.pdf",
        "periodicity": "periodic"
    },
    {
        "equity_ticker": "DT",
        "geography": "US",
        "content_name": "DT Q2 2021 10-Q",
        "file_type": "pdf",
        "content_type": "quarterly_report",
        "published_date": "2020-10-28",
        "fiscal_date": "2020-09-30",
        "fiscal_year": 2021,
        "fiscal_quarter": 2,
        "r2_url": "https://pub-2c783279b61043e19fbdadd1bee5153a.r2.dev/DT/2020-10-28/dt-20200930.htm%5Cdt-20200930.pdf",
        "periodicity": "periodic"
    },
    {
        "equity_ticker": "DT",
        "geography": "US",
        "content_name": "DT Q1 2021 10-Q",
        "file_type": "pdf",
        "content_type": "quarterly_report",
        "published_date": "2020-07-30",
        "fiscal_date": "2020-06-30",
        "fiscal_year": 2021,
        "fiscal_quarter": 1,
        "r2_url": "https://pub-2c783279b61043e19fbdadd1bee5153a.r2.dev/DT/2020-07-30/quarterlyfsfy21q1.htm%5Cix.pdf",
        "periodicity": "periodic"
    },
    {
        "equity_ticker": "DT",
        "geography": "US",
        "content_name": "DT Q4 2020 10-K",
        "file_type": "pdf",
        "content_type": "annual_report",
        "published_date": "2020-05-27",
        "fiscal_date": "2020-03-31",
        "fiscal_year": 2020,
        "fiscal_quarter": 4,
        "r2_url": "https://pub-2c783279b61043e19fbdadd1bee5153a.r2.dev/DT/2020-05-27/dynatrace10-kfy20.htm%5Cix.pdf",
        "periodicity": "periodic"
    },
    {
        "equity_ticker": "DT",
        "geography": "US",
        "content_name": "DT Q3 2020 10-Q",
        "file_type": "pdf",
        "content_type": "quarterly_report",
        "published_date": "2020-01-31",
        "fiscal_date": "2019-12-31",
        "fiscal_year": 2020,
        "fiscal_quarter": 3,
        "r2_url": "https://pub-2c783279b61043e19fbdadd1bee5153a.r2.dev/DT/2020-01-31/quarterlyfsfy20q3.htm%5Cix.pdf",
        "periodicity": "periodic"
    },
    {
        "equity_ticker": "DT",
        "geography": "US",
        "content_name": "DT Q2 2020 10-Q",
        "file_type": "pdf",
        "content_type": "quarterly_report",
        "published_date": "2019-11-01",
        "fiscal_date": "2019-09-30",
        "fiscal_year": 2020,
        "fiscal_quarter": 2,
        "r2_url": "https://pub-2c783279b61043e19fbdadd1bee5153a.r2.dev/DT/2019-11-01/quarterlyfsfy20q2.htm%5Cix.pdf",
        "periodicity": "periodic"
    },
    {
        "equity_ticker": "DT",
        "geography": "US",
        "content_name": "DT Q1 2020 10-Q",
        "file_type": "pdf",
        "content_type": "quarterly_report",
        "published_date": "2019-09-05",
        "fiscal_date": "2019-06-30",
        "fiscal_year": 2020,
        "fiscal_quarter": 1,
        "r2_url": "https://pub-2c783279b61043e19fbdadd1bee5153a.r2.dev/DT/2019-09-05/quarterlyfsfy20q1.htm%5Cix.pdf",
        "periodicity": "periodic"
    }
]