[
    {
        "equity_ticker": "DXC",
        "geography": "US",
        "content_name": "DXC Q3 2025 Transcript",
        "file_type": "pdf",
        "content_type": "earnings_transcript",
        "published_date": "2025-02-04",
        "fiscal_date": "2025-02-04",
        "fiscal_year": 2025,
        "fiscal_quarter": 3,
        "r2_url": "https://pub-2c783279b61043e19fbdadd1bee5153a.r2.dev/DXC/2025-02-04/DXC%20Technology%20Company_2025-02-04_transcript/DXC%20Technology%20Company_2025-02-04_transcript.pdf/DXC%20Technology%20Company_2025-02-04_transcript.pdf",
        "periodicity": "periodic"
    },
    {
        "equity_ticker": "DXC",
        "geography": "US",
        "content_name": "DXC Q3 2025 Press Release",
        "file_type": "pdf",
        "content_type": "quarterly_report",
        "published_date": "2025-02-04",
        "fiscal_date": "2025-02-04",
        "fiscal_year": 2025,
        "fiscal_quarter": 3,
        "r2_url": "https://pub-2c783279b61043e19fbdadd1bee5153a.r2.dev/DXC/2025-02-04/1539c-2025-02-05-11-37-03/1539c-2025-02-05-11-37-03.pdf/1539c-2025-02-05-11-37-03.pdf",
        "periodicity": "periodic"
    },
    {
        "equity_ticker": "DXC",
        "geography": "US",
        "content_name": "DXC Q3 2025 Presentation",
        "file_type": "pdf",
        "content_type": "earnings_presentation",
        "published_date": "2025-02-04",
        "fiscal_date": "2025-02-04",
        "fiscal_year": 2025,
        "fiscal_quarter": 3,
        "r2_url": "https://pub-2c783279b61043e19fbdadd1bee5153a.r2.dev/DXC/2025-02-04/530fc-2025-02-07-11-58-49/530fc-2025-02-07-11-58-49.pdf/530fc-2025-02-07-11-58-49.pdf",
        "periodicity": "periodic"
    },
    {
        "equity_ticker": "DXC",
        "geography": "US",
        "content_name": "J.P. Morgan Ultimate Services Investor Conference 2024 - November 14, 2024",
        "file_type": "pdf",
        "content_type": "sellside_conference_transcript",
        "published_date": "2024-11-14",
        "fiscal_date": "2024-11-14",
        "fiscal_year": null,
        "fiscal_quarter": null,
        "r2_url": "https://pub-2c783279b61043e19fbdadd1bee5153a.r2.dev/DXC/2024-11-14/DXC%20Technology%20Company_2024-11-14_transcript/DXC%20Technology%20Company_2024-11-14_transcript.pdf/DXC%20Technology%20Company_2024-11-14_transcript.pdf",
        "periodicity": "non_periodic"
    },
    {
        "equity_ticker": "DXC",
        "geography": "US",
        "content_name": "DXC Q2 2025 Transcript",
        "file_type": "pdf",
        "content_type": "earnings_transcript",
        "published_date": "2024-11-07",
        "fiscal_date": "2024-11-07",
        "fiscal_year": 2025,
        "fiscal_quarter": 2,
        "r2_url": "https://pub-2c783279b61043e19fbdadd1bee5153a.r2.dev/DXC/2024-11-07/DXC%20Technology%20Company_2024-11-07_transcript/DXC%20Technology%20Company_2024-11-07_transcript.pdf/DXC%20Technology%20Company_2024-11-07_transcript.pdf",
        "periodicity": "periodic"
    },
    {
        "equity_ticker": "DXC",
        "geography": "US",
        "content_name": "DXC Q2 2025 Press Release",
        "file_type": "pdf",
        "content_type": "earnings_press_release",
        "published_date": "2024-11-07",
        "fiscal_date": "2024-11-07",
        "fiscal_year": 2025,
        "fiscal_quarter": 2,
        "r2_url": "https://pub-2c783279b61043e19fbdadd1bee5153a.r2.dev/DXC/2024-11-07/f6940-2024-11-07-09-10-23/f6940-2024-11-07-09-10-23.pdf/f6940-2024-11-07-09-10-23.pdf",
        "periodicity": "periodic"
    },
    {
        "equity_ticker": "DXC",
        "geography": "US",
        "content_name": "DXC Q2 2025 Presentation",
        "file_type": "pdf",
        "content_type": "earnings_presentation",
        "published_date": "2024-11-07",
        "fiscal_date": "2024-11-07",
        "fiscal_year": 2025,
        "fiscal_quarter": 2,
        "r2_url": "https://pub-2c783279b61043e19fbdadd1bee5153a.r2.dev/DXC/2024-11-07/13426-2024-11-07-09-04-43/13426-2024-11-07-09-04-43.pdf/13426-2024-11-07-09-04-43.pdf",
        "periodicity": "periodic"
    },
    {
        "equity_ticker": "DXC",
        "geography": "US",
        "content_name": "DXC Q1 2025 Transcript",
        "file_type": "pdf",
        "content_type": "earnings_transcript",
        "published_date": "2024-08-08",
        "fiscal_date": "2024-08-08",
        "fiscal_year": 2025,
        "fiscal_quarter": 1,
        "r2_url": "https://pub-2c783279b61043e19fbdadd1bee5153a.r2.dev/DXC/2024-08-08/DXC%20Technology%20Company_2024-08-08_transcript/DXC%20Technology%20Company_2024-08-08_transcript.pdf/DXC%20Technology%20Company_2024-08-08_transcript.pdf",
        "periodicity": "periodic"
    },
    {
        "equity_ticker": "DXC",
        "geography": "US",
        "content_name": "DXC Q1 2025 Press Release",
        "file_type": "pdf",
        "content_type": "earnings_press_release",
        "published_date": "2024-08-08",
        "fiscal_date": "2024-08-08",
        "fiscal_year": 2025,
        "fiscal_quarter": 1,
        "r2_url": "https://pub-2c783279b61043e19fbdadd1bee5153a.r2.dev/DXC/2024-08-08/10e33-2024-08-08-08-06-20/10e33-2024-08-08-08-06-20.pdf/10e33-2024-08-08-08-06-20.pdf",
        "periodicity": "periodic"
    },
    {
        "equity_ticker": "DXC",
        "geography": "US",
        "content_name": "DXC Q1 2025 Presentation",
        "file_type": "pdf",
        "content_type": "earnings_presentation",
        "published_date": "2024-08-08",
        "fiscal_date": "2024-08-08",
        "fiscal_year": 2025,
        "fiscal_quarter": 1,
        "r2_url": "https://pub-2c783279b61043e19fbdadd1bee5153a.r2.dev/DXC/2024-08-08/aa658-2024-08-08-08-57-27/aa658-2024-08-08-08-57-27.pdf/aa658-2024-08-08-08-57-27.pdf",
        "periodicity": "periodic"
    },
    {
        "equity_ticker": "DXC",
        "geography": "US",
        "content_name": "TD Cowen 52nd Annual Technology, Media & Telecom Conference 2024 - May 29, 2024",
        "file_type": "pdf",
        "content_type": "company_conference_transcript",
        "published_date": "2024-05-29",
        "fiscal_date": "2024-05-29",
        "fiscal_year": null,
        "fiscal_quarter": null,
        "r2_url": "https://pub-2c783279b61043e19fbdadd1bee5153a.r2.dev/DXC/2024-05-29/DXC%20Technology%20Company_2024-05-29_transcript/DXC%20Technology%20Company_2024-05-29_transcript.pdf/DXC%20Technology%20Company_2024-05-29_transcript.pdf",
        "periodicity": "non_periodic"
    },
    {
        "equity_ticker": "DXC",
        "geography": "US",
        "content_name": "52nd Annual J.P. Morgan Global Technology, Media and Communications Conference - May 20, 2024",
        "file_type": "pdf",
        "content_type": "sellside_conference_transcript",
        "published_date": "2024-05-20",
        "fiscal_date": "2024-05-20",
        "fiscal_year": null,
        "fiscal_quarter": null,
        "r2_url": "https://pub-2c783279b61043e19fbdadd1bee5153a.r2.dev/DXC/2024-05-20/DXC%20Technology%20Company_2024-05-20_transcript/DXC%20Technology%20Company_2024-05-20_transcript.pdf/DXC%20Technology%20Company_2024-05-20_transcript.pdf",
        "periodicity": "non_periodic"
    },
    {
        "equity_ticker": "DXC",
        "geography": "US",
        "content_name": "DXC Q4 2024 Transcript",
        "file_type": "pdf",
        "content_type": "earnings_transcript",
        "published_date": "2024-05-16",
        "fiscal_date": "2024-05-16",
        "fiscal_year": 2024,
        "fiscal_quarter": 4,
        "r2_url": "https://pub-2c783279b61043e19fbdadd1bee5153a.r2.dev/DXC/2024-05-16/DXC%20Technology%20Company_2024-05-16_transcript/DXC%20Technology%20Company_2024-05-16_transcript.pdf/DXC%20Technology%20Company_2024-05-16_transcript.pdf",
        "periodicity": "periodic"
    },
    {
        "equity_ticker": "DXC",
        "geography": "US",
        "content_name": "DXC Q4 2024 Press Release",
        "file_type": "pdf",
        "content_type": "earnings_press_release",
        "published_date": "2024-05-16",
        "fiscal_date": "2024-05-16",
        "fiscal_year": 2024,
        "fiscal_quarter": 4,
        "r2_url": "https://pub-2c783279b61043e19fbdadd1bee5153a.r2.dev/DXC/2024-05-16/d29b0-2024-05-16-08-42-23/d29b0-2024-05-16-08-42-23.pdf/d29b0-2024-05-16-08-42-23.pdf",
        "periodicity": "periodic"
    },
    {
        "equity_ticker": "DXC",
        "geography": "US",
        "content_name": "DXC Q4 2024 Presentation",
        "file_type": "pdf",
        "content_type": "earnings_presentation",
        "published_date": "2024-05-16",
        "fiscal_date": "2024-05-16",
        "fiscal_year": 2024,
        "fiscal_quarter": 4,
        "r2_url": "https://pub-2c783279b61043e19fbdadd1bee5153a.r2.dev/DXC/2024-05-16/52fba-2024-05-16-10-08-10/52fba-2024-05-16-10-08-10.pdf/52fba-2024-05-16-10-08-10.pdf",
        "periodicity": "periodic"
    },
    {
        "equity_ticker": "DXC",
        "geography": "US",
        "content_name": "Morgan Stanley\u2019s Technology, Media & Telecom Conference 2024 - March 4, 2024",
        "file_type": "pdf",
        "content_type": "sellside_conference_transcript",
        "published_date": "2024-03-04",
        "fiscal_date": "2024-03-04",
        "fiscal_year": null,
        "fiscal_quarter": null,
        "r2_url": "https://pub-2c783279b61043e19fbdadd1bee5153a.r2.dev/DXC/2024-03-04/DXC%20Technology%20Company_2024-03-04_transcript/DXC%20Technology%20Company_2024-03-04_transcript.pdf/DXC%20Technology%20Company_2024-03-04_transcript.pdf",
        "periodicity": "non_periodic"
    },
    {
        "equity_ticker": "DXC",
        "geography": "US",
        "content_name": "DXC Q3 2024 Transcript",
        "file_type": "pdf",
        "content_type": "earnings_transcript",
        "published_date": "2024-02-01",
        "fiscal_date": "2024-02-01",
        "fiscal_year": 2024,
        "fiscal_quarter": 3,
        "r2_url": "https://pub-2c783279b61043e19fbdadd1bee5153a.r2.dev/DXC/2024-02-01/DXC%20Technology%20Company_2024-02-01_transcript/DXC%20Technology%20Company_2024-02-01_transcript.pdf/DXC%20Technology%20Company_2024-02-01_transcript.pdf",
        "periodicity": "periodic"
    },
    {
        "equity_ticker": "DXC",
        "geography": "US",
        "content_name": "DXC Q3 2024 Press Release",
        "file_type": "pdf",
        "content_type": "earnings_press_release",
        "published_date": "2024-02-01",
        "fiscal_date": "2024-02-01",
        "fiscal_year": 2024,
        "fiscal_quarter": 3,
        "r2_url": "https://pub-2c783279b61043e19fbdadd1bee5153a.r2.dev/DXC/2024-02-01/3b8fd-2024-02-01-09-17-20/3b8fd-2024-02-01-09-17-20.pdf/3b8fd-2024-02-01-09-17-20.pdf",
        "periodicity": "periodic"
    },
    {
        "equity_ticker": "DXC",
        "geography": "US",
        "content_name": "DXC Q3 2024 Presentation",
        "file_type": "pdf",
        "content_type": "earnings_presentation",
        "published_date": "2024-02-01",
        "fiscal_date": "2024-02-01",
        "fiscal_year": 2024,
        "fiscal_quarter": 3,
        "r2_url": "https://pub-2c783279b61043e19fbdadd1bee5153a.r2.dev/DXC/2024-02-01/78a0d-2024-02-01-09-39-23/78a0d-2024-02-01-09-39-23.pdf/78a0d-2024-02-01-09-39-23.pdf",
        "periodicity": "periodic"
    },
    {
        "equity_ticker": "DXC",
        "geography": "US",
        "content_name": "DXC Q2 2024 Transcript",
        "file_type": "pdf",
        "content_type": "earnings_transcript",
        "published_date": "2023-11-01",
        "fiscal_date": "2023-11-01",
        "fiscal_year": 2024,
        "fiscal_quarter": 2,
        "r2_url": "https://pub-2c783279b61043e19fbdadd1bee5153a.r2.dev/DXC/2023-11-01/DXC%20Technology%20Company_2023-11-01_transcript/DXC%20Technology%20Company_2023-11-01_transcript.pdf/DXC%20Technology%20Company_2023-11-01_transcript.pdf",
        "periodicity": "periodic"
    },
    {
        "equity_ticker": "DXC",
        "geography": "US",
        "content_name": "DXC Q2 2024 Press Release",
        "file_type": "pdf",
        "content_type": "earnings_press_release",
        "published_date": "2023-11-01",
        "fiscal_date": "2023-11-01",
        "fiscal_year": 2024,
        "fiscal_quarter": 2,
        "r2_url": "https://pub-2c783279b61043e19fbdadd1bee5153a.r2.dev/DXC/2023-11-01/fa245-2023-11-01-08-51-26/fa245-2023-11-01-08-51-26.pdf/fa245-2023-11-01-08-51-26.pdf",
        "periodicity": "periodic"
    },
    {
        "equity_ticker": "DXC",
        "geography": "US",
        "content_name": "DXC Q2 2024 Presentation",
        "file_type": "pdf",
        "content_type": "earnings_presentation",
        "published_date": "2023-11-01",
        "fiscal_date": "2023-11-01",
        "fiscal_year": 2024,
        "fiscal_quarter": 2,
        "r2_url": "https://pub-2c783279b61043e19fbdadd1bee5153a.r2.dev/DXC/2023-11-01/4c3b0-2023-11-01-09-36-11/4c3b0-2023-11-01-09-36-11.pdf/4c3b0-2023-11-01-09-36-11.pdf",
        "periodicity": "periodic"
    },
    {
        "equity_ticker": "DXC",
        "geography": "US",
        "content_name": "DXC Q1 2024 Transcript",
        "file_type": "pdf",
        "content_type": "earnings_transcript",
        "published_date": "2023-08-02",
        "fiscal_date": "2023-08-02",
        "fiscal_year": 2024,
        "fiscal_quarter": 1,
        "r2_url": "https://pub-2c783279b61043e19fbdadd1bee5153a.r2.dev/DXC/2023-08-02/DXC%20Technology%20Company_2023-08-02_transcript/DXC%20Technology%20Company_2023-08-02_transcript.pdf/DXC%20Technology%20Company_2023-08-02_transcript.pdf",
        "periodicity": "periodic"
    },
    {
        "equity_ticker": "DXC",
        "geography": "US",
        "content_name": "DXC Q1 2024 Press Release",
        "file_type": "pdf",
        "content_type": "earnings_press_release",
        "published_date": "2023-08-02",
        "fiscal_date": "2023-08-02",
        "fiscal_year": 2024,
        "fiscal_quarter": 1,
        "r2_url": "https://pub-2c783279b61043e19fbdadd1bee5153a.r2.dev/DXC/2023-08-02/63f25-2023-08-02-08-03-18/63f25-2023-08-02-08-03-18.pdf/63f25-2023-08-02-08-03-18.pdf",
        "periodicity": "periodic"
    },
    {
        "equity_ticker": "DXC",
        "geography": "US",
        "content_name": "DXC Q1 2024 Presentation",
        "file_type": "pdf",
        "content_type": "earnings_presentation",
        "published_date": "2023-08-02",
        "fiscal_date": "2023-08-02",
        "fiscal_year": 2024,
        "fiscal_quarter": 1,
        "r2_url": "https://pub-2c783279b61043e19fbdadd1bee5153a.r2.dev/DXC/2023-08-02/d3d1a-2023-08-03-05-45-35/d3d1a-2023-08-03-05-45-35.pdf/d3d1a-2023-08-03-05-45-35.pdf",
        "periodicity": "periodic"
    },
    {
        "equity_ticker": "DXC",
        "geography": "US",
        "content_name": "DXC Q4 2023 Transcript",
        "file_type": "pdf",
        "content_type": "earnings_transcript",
        "published_date": "2023-05-18",
        "fiscal_date": "2023-05-18",
        "fiscal_year": 2023,
        "fiscal_quarter": 4,
        "r2_url": "https://pub-2c783279b61043e19fbdadd1bee5153a.r2.dev/DXC/2023-05-18/DXC%20Technology%20Company_2023-05-18_transcript/DXC%20Technology%20Company_2023-05-18_transcript.pdf/DXC%20Technology%20Company_2023-05-18_transcript.pdf",
        "periodicity": "periodic"
    },
    {
        "equity_ticker": "DXC",
        "geography": "US",
        "content_name": "DXC Q4 2023 Press Release",
        "file_type": "pdf",
        "content_type": "earnings_press_release",
        "published_date": "2023-05-18",
        "fiscal_date": "2023-05-18",
        "fiscal_year": 2023,
        "fiscal_quarter": 4,
        "r2_url": "https://pub-2c783279b61043e19fbdadd1bee5153a.r2.dev/DXC/2023-05-18/2d75a-2025-02-24-02-42-30/2d75a-2025-02-24-02-42-30.pdf/2d75a-2025-02-24-02-42-30.pdf",
        "periodicity": "periodic"
    },
    {
        "equity_ticker": "DXC",
        "geography": "US",
        "content_name": "DXC Q4 2023 Presentation",
        "file_type": "pdf",
        "content_type": "earnings_presentation",
        "published_date": "2023-05-18",
        "fiscal_date": "2023-05-18",
        "fiscal_year": 2023,
        "fiscal_quarter": 4,
        "r2_url": "https://pub-2c783279b61043e19fbdadd1bee5153a.r2.dev/DXC/2023-05-18/8ab8a-2023-05-18-08-07-36/8ab8a-2023-05-18-08-07-36.pdf/8ab8a-2023-05-18-08-07-36.pdf",
        "periodicity": "periodic"
    },
    {
        "equity_ticker": "DXC",
        "geography": "US",
        "content_name": "DXC Q3 2023 Transcript",
        "file_type": "pdf",
        "content_type": "earnings_transcript",
        "published_date": "2023-02-01",
        "fiscal_date": "2023-02-01",
        "fiscal_year": 2023,
        "fiscal_quarter": 3,
        "r2_url": "https://pub-2c783279b61043e19fbdadd1bee5153a.r2.dev/DXC/2023-02-01/DXC%20Technology%20Company_2023-02-01_transcript/DXC%20Technology%20Company_2023-02-01_transcript.pdf/DXC%20Technology%20Company_2023-02-01_transcript.pdf",
        "periodicity": "periodic"
    },
    {
        "equity_ticker": "DXC",
        "geography": "US",
        "content_name": "DXC Q3 2023 Press Release",
        "file_type": "pdf",
        "content_type": "earnings_press_release",
        "published_date": "2023-02-01",
        "fiscal_date": "2023-02-01",
        "fiscal_year": 2023,
        "fiscal_quarter": 3,
        "r2_url": "https://pub-2c783279b61043e19fbdadd1bee5153a.r2.dev/DXC/2023-02-01/a973f-2023-03-29-02-30-15/a973f-2023-03-29-02-30-15.pdf/a973f-2023-03-29-02-30-15.pdf",
        "periodicity": "periodic"
    },
    {
        "equity_ticker": "DXC",
        "geography": "US",
        "content_name": "DXC Q3 2023 Presentation",
        "file_type": "pdf",
        "content_type": "earnings_presentation",
        "published_date": "2023-02-01",
        "fiscal_date": "2023-02-01",
        "fiscal_year": 2023,
        "fiscal_quarter": 3,
        "r2_url": "https://pub-2c783279b61043e19fbdadd1bee5153a.r2.dev/DXC/2023-02-01/20eb8-2023-02-02-08-01-47/20eb8-2023-02-02-08-01-47.pdf/20eb8-2023-02-02-08-01-47.pdf",
        "periodicity": "periodic"
    },
    {
        "equity_ticker": "DXC",
        "geography": "US",
        "content_name": "DXC Q2 2023 Transcript",
        "file_type": "pdf",
        "content_type": "earnings_transcript",
        "published_date": "2022-11-03",
        "fiscal_date": "2022-11-03",
        "fiscal_year": 2023,
        "fiscal_quarter": 2,
        "r2_url": "https://pub-2c783279b61043e19fbdadd1bee5153a.r2.dev/DXC/2022-11-03/DXC%20Technology%20Company_2022-11-03_transcript/DXC%20Technology%20Company_2022-11-03_transcript.pdf/DXC%20Technology%20Company_2022-11-03_transcript.pdf",
        "periodicity": "periodic"
    },
    {
        "equity_ticker": "DXC",
        "geography": "US",
        "content_name": "DXC Q2 2023 Press Release",
        "file_type": "pdf",
        "content_type": "quarterly_report",
        "published_date": "2022-11-03",
        "fiscal_date": "2022-11-03",
        "fiscal_year": 2023,
        "fiscal_quarter": 2,
        "r2_url": "https://pub-2c783279b61043e19fbdadd1bee5153a.r2.dev/DXC/2022-11-03/42b7e-2024-08-28-01-26-21/42b7e-2024-08-28-01-26-21.pdf/42b7e-2024-08-28-01-26-21.pdf",
        "periodicity": "periodic"
    },
    {
        "equity_ticker": "DXC",
        "geography": "US",
        "content_name": "DXC Q2 2023 Presentation",
        "file_type": "pdf",
        "content_type": "earnings_presentation",
        "published_date": "2022-11-03",
        "fiscal_date": "2022-11-03",
        "fiscal_year": 2023,
        "fiscal_quarter": 2,
        "r2_url": "https://pub-2c783279b61043e19fbdadd1bee5153a.r2.dev/DXC/2022-11-03/2ef90-2022-11-08-07-03-59/2ef90-2022-11-08-07-03-59.pdf/2ef90-2022-11-08-07-03-59.pdf",
        "periodicity": "periodic"
    },
    {
        "equity_ticker": "DXC",
        "geography": "US",
        "content_name": "DXC Q1 2023 Transcript",
        "file_type": "pdf",
        "content_type": "earnings_transcript",
        "published_date": "2022-08-03",
        "fiscal_date": "2022-08-03",
        "fiscal_year": 2023,
        "fiscal_quarter": 1,
        "r2_url": "https://pub-2c783279b61043e19fbdadd1bee5153a.r2.dev/DXC/2022-08-03/DXC%20Technology%20Company_2022-08-03_transcript/DXC%20Technology%20Company_2022-08-03_transcript.pdf/DXC%20Technology%20Company_2022-08-03_transcript.pdf",
        "periodicity": "periodic"
    },
    {
        "equity_ticker": "DXC",
        "geography": "US",
        "content_name": "DXC Q1 2023 Press Release",
        "file_type": "pdf",
        "content_type": "quarterly_report",
        "published_date": "2022-08-03",
        "fiscal_date": "2022-08-03",
        "fiscal_year": 2023,
        "fiscal_quarter": 1,
        "r2_url": "https://pub-2c783279b61043e19fbdadd1bee5153a.r2.dev/DXC/2022-08-03/0a8dc-2024-08-28-01-21-21/0a8dc-2024-08-28-01-21-21.pdf/0a8dc-2024-08-28-01-21-21.pdf",
        "periodicity": "periodic"
    },
    {
        "equity_ticker": "DXC",
        "geography": "US",
        "content_name": "DXC Q1 2023 Presentation",
        "file_type": "pdf",
        "content_type": "earnings_presentation",
        "published_date": "2022-08-03",
        "fiscal_date": "2022-08-03",
        "fiscal_year": 2023,
        "fiscal_quarter": 1,
        "r2_url": "https://pub-2c783279b61043e19fbdadd1bee5153a.r2.dev/DXC/2022-08-03/73aef-2022-11-08-07-19-59/73aef-2022-11-08-07-19-59.pdf/73aef-2022-11-08-07-19-59.pdf",
        "periodicity": "periodic"
    },
    {
        "equity_ticker": "DXC",
        "geography": "US",
        "content_name": "DXC Q4 2022 Transcript",
        "file_type": "pdf",
        "content_type": "earnings_transcript",
        "published_date": "2022-05-25",
        "fiscal_date": "2022-05-25",
        "fiscal_year": 2022,
        "fiscal_quarter": 4,
        "r2_url": "https://pub-2c783279b61043e19fbdadd1bee5153a.r2.dev/DXC/2022-05-25/DXC%20Technology%20Company_2022-05-25_transcript/DXC%20Technology%20Company_2022-05-25_transcript.pdf/DXC%20Technology%20Company_2022-05-25_transcript.pdf",
        "periodicity": "periodic"
    },
    {
        "equity_ticker": "DXC",
        "geography": "US",
        "content_name": "DXC Q4 2022 Press Release",
        "file_type": "pdf",
        "content_type": "earnings_press_release",
        "published_date": "2022-05-25",
        "fiscal_date": "2022-05-25",
        "fiscal_year": 2022,
        "fiscal_quarter": 4,
        "r2_url": "https://pub-2c783279b61043e19fbdadd1bee5153a.r2.dev/DXC/2022-05-25/a0bb7-2025-02-24-02-33-26/a0bb7-2025-02-24-02-33-26.pdf/a0bb7-2025-02-24-02-33-26.pdf",
        "periodicity": "periodic"
    },
    {
        "equity_ticker": "DXC",
        "geography": "US",
        "content_name": "DXC Q4 2022 Presentation",
        "file_type": "pdf",
        "content_type": "earnings_presentation",
        "published_date": "2022-05-25",
        "fiscal_date": "2022-05-25",
        "fiscal_year": 2022,
        "fiscal_quarter": 4,
        "r2_url": "https://pub-2c783279b61043e19fbdadd1bee5153a.r2.dev/DXC/2022-05-25/29e11-2022-05-25-11-20-45/29e11-2022-05-25-11-20-45.pdf/29e11-2022-05-25-11-20-45.pdf",
        "periodicity": "periodic"
    },
    {
        "equity_ticker": "DXC",
        "geography": "US",
        "content_name": "DXC Q3 2022 Transcript",
        "file_type": "pdf",
        "content_type": "earnings_transcript",
        "published_date": "2022-02-02",
        "fiscal_date": "2022-02-02",
        "fiscal_year": 2022,
        "fiscal_quarter": 3,
        "r2_url": "https://pub-2c783279b61043e19fbdadd1bee5153a.r2.dev/DXC/2022-02-02/DXC%20Technology%20Company_2022-02-02_transcript/DXC%20Technology%20Company_2022-02-02_transcript.pdf/DXC%20Technology%20Company_2022-02-02_transcript.pdf",
        "periodicity": "periodic"
    },
    {
        "equity_ticker": "DXC",
        "geography": "US",
        "content_name": "DXC Q3 2022 Press Release",
        "file_type": "pdf",
        "content_type": "quarterly_report",
        "published_date": "2022-02-02",
        "fiscal_date": "2022-02-02",
        "fiscal_year": 2022,
        "fiscal_quarter": 3,
        "r2_url": "https://pub-2c783279b61043e19fbdadd1bee5153a.r2.dev/DXC/2022-02-02/7c209-2024-08-28-01-30-21/7c209-2024-08-28-01-30-21.pdf/7c209-2024-08-28-01-30-21.pdf",
        "periodicity": "periodic"
    },
    {
        "equity_ticker": "DXC",
        "geography": "US",
        "content_name": "DXC Q3 2022 Presentation",
        "file_type": "pdf",
        "content_type": "earnings_presentation",
        "published_date": "2022-02-02",
        "fiscal_date": "2022-02-02",
        "fiscal_year": 2022,
        "fiscal_quarter": 3,
        "r2_url": "https://pub-2c783279b61043e19fbdadd1bee5153a.r2.dev/DXC/2022-02-02/45496-2022-02-02-01-17-40-migrated/45496-2022-02-02-01-17-40-migrated.pdf/45496-2022-02-02-01-17-40-migrated.pdf",
        "periodicity": "periodic"
    },
    {
        "equity_ticker": "DXC",
        "geography": "US",
        "content_name": "DXC Q2 2022 Transcript",
        "file_type": "pdf",
        "content_type": "earnings_transcript",
        "published_date": "2021-11-03",
        "fiscal_date": "2021-11-03",
        "fiscal_year": 2022,
        "fiscal_quarter": 2,
        "r2_url": "https://pub-2c783279b61043e19fbdadd1bee5153a.r2.dev/DXC/2021-11-03/DXC%20Technology%20Company_2021-11-03_transcript/DXC%20Technology%20Company_2021-11-03_transcript.pdf/DXC%20Technology%20Company_2021-11-03_transcript.pdf",
        "periodicity": "periodic"
    },
    {
        "equity_ticker": "DXC",
        "geography": "US",
        "content_name": "DXC Q2 2022 Press Release",
        "file_type": "pdf",
        "content_type": "quarterly_report",
        "published_date": "2021-11-03",
        "fiscal_date": "2021-11-03",
        "fiscal_year": 2022,
        "fiscal_quarter": 2,
        "r2_url": "https://pub-2c783279b61043e19fbdadd1bee5153a.r2.dev/DXC/2021-11-03/bcc4c-2024-08-28-01-40-21/bcc4c-2024-08-28-01-40-21.pdf/bcc4c-2024-08-28-01-40-21.pdf",
        "periodicity": "periodic"
    },
    {
        "equity_ticker": "DXC",
        "geography": "US",
        "content_name": "DXC Q2 2022 Presentation",
        "file_type": "pdf",
        "content_type": "earnings_presentation",
        "published_date": "2021-11-03",
        "fiscal_date": "2021-11-03",
        "fiscal_year": 2022,
        "fiscal_quarter": 2,
        "r2_url": "https://pub-2c783279b61043e19fbdadd1bee5153a.r2.dev/DXC/2021-11-03/0ffa1-2021-11-03-12-00-00-migrated/0ffa1-2021-11-03-12-00-00-migrated.pdf/0ffa1-2021-11-03-12-00-00-migrated.pdf",
        "periodicity": "periodic"
    },
    {
        "equity_ticker": "DXC",
        "geography": "US",
        "content_name": "DXC Q1 2022 Transcript",
        "file_type": "pdf",
        "content_type": "earnings_transcript",
        "published_date": "2021-08-04",
        "fiscal_date": "2021-08-04",
        "fiscal_year": 2022,
        "fiscal_quarter": 1,
        "r2_url": "https://pub-2c783279b61043e19fbdadd1bee5153a.r2.dev/DXC/2021-08-04/DXC%20Technology%20Company_2021-08-04_transcript/DXC%20Technology%20Company_2021-08-04_transcript.pdf/DXC%20Technology%20Company_2021-08-04_transcript.pdf",
        "periodicity": "periodic"
    },
    {
        "equity_ticker": "DXC",
        "geography": "US",
        "content_name": "DXC Q1 2022 Press Release",
        "file_type": "pdf",
        "content_type": "quarterly_report",
        "published_date": "2021-08-04",
        "fiscal_date": "2021-08-04",
        "fiscal_year": 2022,
        "fiscal_quarter": 1,
        "r2_url": "https://pub-2c783279b61043e19fbdadd1bee5153a.r2.dev/DXC/2021-08-04/bc472-2024-08-28-01-47-21/bc472-2024-08-28-01-47-21.pdf/bc472-2024-08-28-01-47-21.pdf",
        "periodicity": "periodic"
    },
    {
        "equity_ticker": "DXC",
        "geography": "US",
        "content_name": "DXC Q1 2022 Presentation",
        "file_type": "pdf",
        "content_type": "earnings_presentation",
        "published_date": "2021-08-04",
        "fiscal_date": "2021-08-04",
        "fiscal_year": 2022,
        "fiscal_quarter": 1,
        "r2_url": "https://pub-2c783279b61043e19fbdadd1bee5153a.r2.dev/DXC/2021-08-04/623af-2021-08-04-04-00-04-migrated/623af-2021-08-04-04-00-04-migrated.pdf/623af-2021-08-04-04-00-04-migrated.pdf",
        "periodicity": "periodic"
    },
    {
        "equity_ticker": "DXC",
        "geography": "US",
        "content_name": "DXC Q4 2021 Transcript",
        "file_type": "pdf",
        "content_type": "earnings_transcript",
        "published_date": "2021-05-26",
        "fiscal_date": "2021-05-26",
        "fiscal_year": 2021,
        "fiscal_quarter": 4,
        "r2_url": "https://pub-2c783279b61043e19fbdadd1bee5153a.r2.dev/DXC/2021-05-26/DXC%20Technology%20Company_2021-05-26_transcript/DXC%20Technology%20Company_2021-05-26_transcript.pdf/DXC%20Technology%20Company_2021-05-26_transcript.pdf",
        "periodicity": "periodic"
    },
    {
        "equity_ticker": "DXC",
        "geography": "US",
        "content_name": "DXC Q4 2021 Presentation",
        "file_type": "pdf",
        "content_type": "earnings_presentation",
        "published_date": "2021-05-26",
        "fiscal_date": "2021-05-26",
        "fiscal_year": 2021,
        "fiscal_quarter": 4,
        "r2_url": "https://pub-2c783279b61043e19fbdadd1bee5153a.r2.dev/DXC/2021-05-26/93cab-2021-05-26-09-44-27-migrated/93cab-2021-05-26-09-44-27-migrated.pdf/93cab-2021-05-26-09-44-27-migrated.pdf",
        "periodicity": "periodic"
    },
    {
        "equity_ticker": "DXC",
        "geography": "US",
        "content_name": "DXC Q3 2021 Transcript",
        "file_type": "pdf",
        "content_type": "earnings_transcript",
        "published_date": "2021-02-04",
        "fiscal_date": "2021-02-04",
        "fiscal_year": 2021,
        "fiscal_quarter": 3,
        "r2_url": "https://pub-2c783279b61043e19fbdadd1bee5153a.r2.dev/DXC/2021-02-04/DXC%20Technology%20Company_2021-02-04_transcript/DXC%20Technology%20Company_2021-02-04_transcript.pdf/DXC%20Technology%20Company_2021-02-04_transcript.pdf",
        "periodicity": "periodic"
    },
    {
        "equity_ticker": "DXC",
        "geography": "US",
        "content_name": "DXC Q2 2021 Transcript",
        "file_type": "pdf",
        "content_type": "earnings_transcript",
        "published_date": "2020-11-05",
        "fiscal_date": "2020-11-05",
        "fiscal_year": 2021,
        "fiscal_quarter": 2,
        "r2_url": "https://pub-2c783279b61043e19fbdadd1bee5153a.r2.dev/DXC/2020-11-05/DXC%20Technology%20Company_2020-11-05_transcript/DXC%20Technology%20Company_2020-11-05_transcript.pdf/DXC%20Technology%20Company_2020-11-05_transcript.pdf",
        "periodicity": "periodic"
    },
    {
        "equity_ticker": "DXC",
        "geography": "US",
        "content_name": "DXC Q1 2021 Transcript",
        "file_type": "pdf",
        "content_type": "earnings_transcript",
        "published_date": "2020-08-06",
        "fiscal_date": "2020-08-06",
        "fiscal_year": 2021,
        "fiscal_quarter": 1,
        "r2_url": "https://pub-2c783279b61043e19fbdadd1bee5153a.r2.dev/DXC/2020-08-06/DXC%20Technology%20Company_2020-08-06_transcript/DXC%20Technology%20Company_2020-08-06_transcript.pdf/DXC%20Technology%20Company_2020-08-06_transcript.pdf",
        "periodicity": "periodic"
    },
    {
        "equity_ticker": "DXC",
        "geography": "US",
        "content_name": "DXC Q4 2020 Transcript",
        "file_type": "pdf",
        "content_type": "earnings_transcript",
        "published_date": "2020-06-01",
        "fiscal_date": "2020-06-01",
        "fiscal_year": 2020,
        "fiscal_quarter": 4,
        "r2_url": "https://pub-2c783279b61043e19fbdadd1bee5153a.r2.dev/DXC/2020-06-01/DXC%20Technology%20Company_2020-06-01_transcript/DXC%20Technology%20Company_2020-06-01_transcript.pdf/DXC%20Technology%20Company_2020-06-01_transcript.pdf",
        "periodicity": "periodic"
    },
    {
        "equity_ticker": "DXC",
        "geography": "US",
        "content_name": "DXC Q4 2020 Press Release",
        "file_type": "pdf",
        "content_type": "annual_report",
        "published_date": "2020-06-01",
        "fiscal_date": "2020-06-01",
        "fiscal_year": 2020,
        "fiscal_quarter": 4,
        "r2_url": "https://pub-2c783279b61043e19fbdadd1bee5153a.r2.dev/DXC/2020-06-01/8638e-2023-09-04-07-59-24/8638e-2023-09-04-07-59-24.pdf/8638e-2023-09-04-07-59-24.pdf",
        "periodicity": "periodic"
    },
    {
        "equity_ticker": "DXC",
        "geography": "US",
        "content_name": "DXC Q3 2020 Transcript",
        "file_type": "pdf",
        "content_type": "earnings_transcript",
        "published_date": "2020-02-06",
        "fiscal_date": "2020-02-06",
        "fiscal_year": 2020,
        "fiscal_quarter": 3,
        "r2_url": "https://pub-2c783279b61043e19fbdadd1bee5153a.r2.dev/DXC/2020-02-06/DXC%20Technology%20Company_2020-02-06_transcript/DXC%20Technology%20Company_2020-02-06_transcript.pdf/DXC%20Technology%20Company_2020-02-06_transcript.pdf",
        "periodicity": "periodic"
    },
    {
        "equity_ticker": "DXC",
        "geography": "US",
        "content_name": "DXC Q2 2020 Transcript",
        "file_type": "pdf",
        "content_type": "earnings_transcript",
        "published_date": "2019-11-11",
        "fiscal_date": "2019-11-11",
        "fiscal_year": 2020,
        "fiscal_quarter": 2,
        "r2_url": "https://pub-2c783279b61043e19fbdadd1bee5153a.r2.dev/DXC/2019-11-11/DXC%20Technology%20Company_2019-11-11_transcript/DXC%20Technology%20Company_2019-11-11_transcript.pdf/DXC%20Technology%20Company_2019-11-11_transcript.pdf",
        "periodicity": "periodic"
    },
    {
        "equity_ticker": "DXC",
        "geography": "US",
        "content_name": "DXC Q1 2020 Transcript",
        "file_type": "pdf",
        "content_type": "earnings_transcript",
        "published_date": "2019-08-08",
        "fiscal_date": "2019-08-08",
        "fiscal_year": 2020,
        "fiscal_quarter": 1,
        "r2_url": "https://pub-2c783279b61043e19fbdadd1bee5153a.r2.dev/DXC/2019-08-08/DXC%20Technology%20Company_2019-08-08_transcript/DXC%20Technology%20Company_2019-08-08_transcript.pdf/DXC%20Technology%20Company_2019-08-08_transcript.pdf",
        "periodicity": "periodic"
    },
    {
        "equity_ticker": "DXC",
        "geography": "US",
        "content_name": "DXC Q4 2019 Transcript",
        "file_type": "pdf",
        "content_type": "earnings_transcript",
        "published_date": "2019-06-13",
        "fiscal_date": "2019-06-13",
        "fiscal_year": 2019,
        "fiscal_quarter": 4,
        "r2_url": "https://pub-2c783279b61043e19fbdadd1bee5153a.r2.dev/DXC/2019-06-13/DXC%20Technology%20Company_2019-06-13_transcript/DXC%20Technology%20Company_2019-06-13_transcript.pdf/DXC%20Technology%20Company_2019-06-13_transcript.pdf",
        "periodicity": "periodic"
    },
    {
        "equity_ticker": "DXC",
        "geography": "US",
        "content_name": "DXC Q4 2019 Press Release",
        "file_type": "pdf",
        "content_type": "annual_report",
        "published_date": "2019-06-13",
        "fiscal_date": "2019-06-13",
        "fiscal_year": 2019,
        "fiscal_quarter": 4,
        "r2_url": "https://pub-2c783279b61043e19fbdadd1bee5153a.r2.dev/DXC/2019-06-13/adfd3-2023-09-04-07-18-25/adfd3-2023-09-04-07-18-25.pdf/adfd3-2023-09-04-07-18-25.pdf",
        "periodicity": "periodic"
    },
    {
        "equity_ticker": "DXC",
        "geography": "US",
        "content_name": "DXC Q3 2019 Transcript",
        "file_type": "pdf",
        "content_type": "earnings_transcript",
        "published_date": "2019-02-07",
        "fiscal_date": "2019-02-07",
        "fiscal_year": 2019,
        "fiscal_quarter": 3,
        "r2_url": "https://pub-2c783279b61043e19fbdadd1bee5153a.r2.dev/DXC/2019-02-07/DXC%20Technology%20Company_2019-02-07_transcript/DXC%20Technology%20Company_2019-02-07_transcript.pdf/DXC%20Technology%20Company_2019-02-07_transcript.pdf",
        "periodicity": "periodic"
    },
    {
        "equity_ticker": "DXC",
        "geography": "US",
        "content_name": "DXC Q2 2019 Transcript",
        "file_type": "pdf",
        "content_type": "earnings_transcript",
        "published_date": "2018-11-06",
        "fiscal_date": "2018-11-06",
        "fiscal_year": 2019,
        "fiscal_quarter": 2,
        "r2_url": "https://pub-2c783279b61043e19fbdadd1bee5153a.r2.dev/DXC/2018-11-06/DXC%20Technology%20Company_2018-11-06_transcript/DXC%20Technology%20Company_2018-11-06_transcript.pdf/DXC%20Technology%20Company_2018-11-06_transcript.pdf",
        "periodicity": "periodic"
    },
    {
        "equity_ticker": "DXC",
        "geography": "US",
        "content_name": "DXC Q1 2019 Transcript",
        "file_type": "pdf",
        "content_type": "earnings_transcript",
        "published_date": "2018-08-07",
        "fiscal_date": "2018-08-07",
        "fiscal_year": 2019,
        "fiscal_quarter": 1,
        "r2_url": "https://pub-2c783279b61043e19fbdadd1bee5153a.r2.dev/DXC/2018-08-07/DXC%20Technology%20Company_2018-08-07_transcript/DXC%20Technology%20Company_2018-08-07_transcript.pdf/DXC%20Technology%20Company_2018-08-07_transcript.pdf",
        "periodicity": "periodic"
    },
    {
        "equity_ticker": "DXC",
        "geography": "US",
        "content_name": "DXC Q4 2018 Transcript",
        "file_type": "pdf",
        "content_type": "earnings_transcript",
        "published_date": "2018-05-29",
        "fiscal_date": "2018-05-29",
        "fiscal_year": 2018,
        "fiscal_quarter": 4,
        "r2_url": "https://pub-2c783279b61043e19fbdadd1bee5153a.r2.dev/DXC/2018-05-29/DXC%20Technology%20Company_2018-05-29_transcript/DXC%20Technology%20Company_2018-05-29_transcript.pdf/DXC%20Technology%20Company_2018-05-29_transcript.pdf",
        "periodicity": "periodic"
    },
    {
        "equity_ticker": "DXC",
        "geography": "US",
        "content_name": "DXC Q4 2018 Press Release",
        "file_type": "pdf",
        "content_type": "annual_report",
        "published_date": "2018-05-29",
        "fiscal_date": "2018-05-29",
        "fiscal_year": 2018,
        "fiscal_quarter": 4,
        "r2_url": "https://pub-2c783279b61043e19fbdadd1bee5153a.r2.dev/DXC/2018-05-29/f1547-2023-09-04-07-39-25/f1547-2023-09-04-07-39-25.pdf/f1547-2023-09-04-07-39-25.pdf",
        "periodicity": "periodic"
    },
    {
        "equity_ticker": "DXC",
        "geography": "US",
        "content_name": "DXC Q3 2018 Transcript",
        "file_type": "pdf",
        "content_type": "earnings_transcript",
        "published_date": "2018-02-09",
        "fiscal_date": "2018-02-09",
        "fiscal_year": 2018,
        "fiscal_quarter": 3,
        "r2_url": "https://pub-2c783279b61043e19fbdadd1bee5153a.r2.dev/DXC/2018-02-09/DXC%20Technology%20Company_2018-02-09_transcript/DXC%20Technology%20Company_2018-02-09_transcript.pdf/DXC%20Technology%20Company_2018-02-09_transcript.pdf",
        "periodicity": "periodic"
    },
    {
        "equity_ticker": "DXC",
        "geography": "US",
        "content_name": "DXC Q2 2018 Transcript",
        "file_type": "pdf",
        "content_type": "earnings_transcript",
        "published_date": "2017-11-07",
        "fiscal_date": "2017-11-07",
        "fiscal_year": 2018,
        "fiscal_quarter": 2,
        "r2_url": "https://pub-2c783279b61043e19fbdadd1bee5153a.r2.dev/DXC/2017-11-07/DXC%20Technology%20Company_2017-11-07_transcript/DXC%20Technology%20Company_2017-11-07_transcript.pdf/DXC%20Technology%20Company_2017-11-07_transcript.pdf",
        "periodicity": "periodic"
    },
    {
        "equity_ticker": "DXC",
        "geography": "US",
        "content_name": "DXC Q1 2018 Transcript",
        "file_type": "pdf",
        "content_type": "earnings_transcript",
        "published_date": "2017-08-08",
        "fiscal_date": "2017-08-08",
        "fiscal_year": 2018,
        "fiscal_quarter": 1,
        "r2_url": "https://pub-2c783279b61043e19fbdadd1bee5153a.r2.dev/DXC/2017-08-08/DXC%20Technology%20Company_2017-08-08_transcript/DXC%20Technology%20Company_2017-08-08_transcript.pdf/DXC%20Technology%20Company_2017-08-08_transcript.pdf",
        "periodicity": "periodic"
    },
    {
        "equity_ticker": "DXC",
        "geography": "US",
        "content_name": "DXC Q4 2017 Transcript",
        "file_type": "pdf",
        "content_type": "earnings_transcript",
        "published_date": "2017-05-25",
        "fiscal_date": "2017-05-25",
        "fiscal_year": 2017,
        "fiscal_quarter": 4,
        "r2_url": "https://pub-2c783279b61043e19fbdadd1bee5153a.r2.dev/DXC/2017-05-25/DXC%20Technology%20Company_2017-05-25_transcript/DXC%20Technology%20Company_2017-05-25_transcript.pdf/DXC%20Technology%20Company_2017-05-25_transcript.pdf",
        "periodicity": "periodic"
    },
    {
        "equity_ticker": "DXC",
        "geography": "US",
        "content_name": "DXC Q3 2017 Transcript",
        "file_type": "pdf",
        "content_type": "earnings_transcript",
        "published_date": "2017-02-02",
        "fiscal_date": "2017-02-02",
        "fiscal_year": 2017,
        "fiscal_quarter": 3,
        "r2_url": "https://pub-2c783279b61043e19fbdadd1bee5153a.r2.dev/DXC/2017-02-02/DXC%20Technology%20Company_2017-02-02_transcript/DXC%20Technology%20Company_2017-02-02_transcript.pdf/DXC%20Technology%20Company_2017-02-02_transcript.pdf",
        "periodicity": "periodic"
    },
    {
        "equity_ticker": "DXC",
        "geography": "US",
        "content_name": "DXC Q2 2017 Transcript",
        "file_type": "pdf",
        "content_type": "earnings_transcript",
        "published_date": "2016-11-03",
        "fiscal_date": "2016-11-03",
        "fiscal_year": 2017,
        "fiscal_quarter": 2,
        "r2_url": "https://pub-2c783279b61043e19fbdadd1bee5153a.r2.dev/DXC/2016-11-03/DXC%20Technology%20Company_2016-11-03_transcript/DXC%20Technology%20Company_2016-11-03_transcript.pdf/DXC%20Technology%20Company_2016-11-03_transcript.pdf",
        "periodicity": "periodic"
    },
    {
        "equity_ticker": "DXC",
        "geography": "US",
        "content_name": "DXC Q1 2017 Transcript",
        "file_type": "pdf",
        "content_type": "earnings_transcript",
        "published_date": "2016-08-08",
        "fiscal_date": "2016-08-08",
        "fiscal_year": 2017,
        "fiscal_quarter": 1,
        "r2_url": "https://pub-2c783279b61043e19fbdadd1bee5153a.r2.dev/DXC/2016-08-08/DXC%20Technology%20Company_2016-08-08_transcript/DXC%20Technology%20Company_2016-08-08_transcript.pdf/DXC%20Technology%20Company_2016-08-08_transcript.pdf",
        "periodicity": "periodic"
    },
    {
        "equity_ticker": "DXC",
        "geography": "US",
        "content_name": "DXC Q4 2016 Transcript",
        "file_type": "pdf",
        "content_type": "earnings_transcript",
        "published_date": "2016-05-25",
        "fiscal_date": "2016-05-25",
        "fiscal_year": 2016,
        "fiscal_quarter": 4,
        "r2_url": "https://pub-2c783279b61043e19fbdadd1bee5153a.r2.dev/DXC/2016-05-25/DXC%20Technology%20Company_2016-05-25_transcript/DXC%20Technology%20Company_2016-05-25_transcript.pdf/DXC%20Technology%20Company_2016-05-25_transcript.pdf",
        "periodicity": "periodic"
    },
    {
        "equity_ticker": "DXC",
        "geography": "US",
        "content_name": "DXC Q3 2016 Transcript",
        "file_type": "pdf",
        "content_type": "earnings_transcript",
        "published_date": "2016-02-09",
        "fiscal_date": "2016-02-09",
        "fiscal_year": 2016,
        "fiscal_quarter": 3,
        "r2_url": "https://pub-2c783279b61043e19fbdadd1bee5153a.r2.dev/DXC/2016-02-09/DXC%20Technology%20Company_2016-02-09_transcript/DXC%20Technology%20Company_2016-02-09_transcript.pdf/DXC%20Technology%20Company_2016-02-09_transcript.pdf",
        "periodicity": "periodic"
    },
    {
        "equity_ticker": "DXC",
        "geography": "US",
        "content_name": "DXC Q2 2016 Transcript",
        "file_type": "pdf",
        "content_type": "earnings_transcript",
        "published_date": "2015-11-04",
        "fiscal_date": "2015-11-04",
        "fiscal_year": 2016,
        "fiscal_quarter": 2,
        "r2_url": "https://pub-2c783279b61043e19fbdadd1bee5153a.r2.dev/DXC/2015-11-04/DXC%20Technology%20Company_2015-11-04_transcript/DXC%20Technology%20Company_2015-11-04_transcript.pdf/DXC%20Technology%20Company_2015-11-04_transcript.pdf",
        "periodicity": "periodic"
    },
    {
        "equity_ticker": "DXC",
        "geography": "US",
        "content_name": "DXC Q1 2016 Transcript",
        "file_type": "pdf",
        "content_type": "earnings_transcript",
        "published_date": "2015-08-11",
        "fiscal_date": "2015-08-11",
        "fiscal_year": 2016,
        "fiscal_quarter": 1,
        "r2_url": "https://pub-2c783279b61043e19fbdadd1bee5153a.r2.dev/DXC/2015-08-11/DXC%20Technology%20Company_2015-08-11_transcript/DXC%20Technology%20Company_2015-08-11_transcript.pdf/DXC%20Technology%20Company_2015-08-11_transcript.pdf",
        "periodicity": "periodic"
    },
    {
        "equity_ticker": "DXC",
        "geography": "US",
        "content_name": "DXC Q4 2015 Transcript",
        "file_type": "pdf",
        "content_type": "earnings_transcript",
        "published_date": "2015-05-20",
        "fiscal_date": "2015-05-20",
        "fiscal_year": 2015,
        "fiscal_quarter": 4,
        "r2_url": "https://pub-2c783279b61043e19fbdadd1bee5153a.r2.dev/DXC/2015-05-20/DXC%20Technology%20Company_2015-05-20_transcript/DXC%20Technology%20Company_2015-05-20_transcript.pdf/DXC%20Technology%20Company_2015-05-20_transcript.pdf",
        "periodicity": "periodic"
    },
    {
        "equity_ticker": "DXC",
        "geography": "US",
        "content_name": "DXC Q3 2015 Transcript",
        "file_type": "pdf",
        "content_type": "earnings_transcript",
        "published_date": "2015-02-10",
        "fiscal_date": "2015-02-10",
        "fiscal_year": 2015,
        "fiscal_quarter": 3,
        "r2_url": "https://pub-2c783279b61043e19fbdadd1bee5153a.r2.dev/DXC/2015-02-10/DXC%20Technology%20Company_2015-02-10_transcript/DXC%20Technology%20Company_2015-02-10_transcript.pdf/DXC%20Technology%20Company_2015-02-10_transcript.pdf",
        "periodicity": "periodic"
    },
    {
        "equity_ticker": "DXC",
        "geography": "US",
        "content_name": "DXC Q2 2015 Transcript",
        "file_type": "pdf",
        "content_type": "earnings_transcript",
        "published_date": "2014-11-07",
        "fiscal_date": "2014-11-07",
        "fiscal_year": 2015,
        "fiscal_quarter": 2,
        "r2_url": "https://pub-2c783279b61043e19fbdadd1bee5153a.r2.dev/DXC/2014-11-07/DXC%20Technology%20Company_2014-11-07_transcript/DXC%20Technology%20Company_2014-11-07_transcript.pdf/DXC%20Technology%20Company_2014-11-07_transcript.pdf",
        "periodicity": "periodic"
    },
    {
        "equity_ticker": "DXC",
        "geography": "US",
        "content_name": "DXC Q1 2015 Transcript",
        "file_type": "pdf",
        "content_type": "earnings_transcript",
        "published_date": "2014-08-07",
        "fiscal_date": "2014-08-07",
        "fiscal_year": 2015,
        "fiscal_quarter": 1,
        "r2_url": "https://pub-2c783279b61043e19fbdadd1bee5153a.r2.dev/DXC/2014-08-07/DXC%20Technology%20Company_2014-08-07_transcript/DXC%20Technology%20Company_2014-08-07_transcript.pdf/DXC%20Technology%20Company_2014-08-07_transcript.pdf",
        "periodicity": "periodic"
    },
    {
        "equity_ticker": "DXC",
        "geography": "US",
        "content_name": "DXC Q4 2014 Transcript",
        "file_type": "pdf",
        "content_type": "earnings_transcript",
        "published_date": "2014-05-08",
        "fiscal_date": "2014-05-08",
        "fiscal_year": 2014,
        "fiscal_quarter": 4,
        "r2_url": "https://pub-2c783279b61043e19fbdadd1bee5153a.r2.dev/DXC/2014-05-08/DXC%20Technology%20Company_2014-05-08_transcript/DXC%20Technology%20Company_2014-05-08_transcript.pdf/DXC%20Technology%20Company_2014-05-08_transcript.pdf",
        "periodicity": "periodic"
    },
    {
        "equity_ticker": "DXC",
        "geography": "US",
        "content_name": "DXC Q3 2014 Transcript",
        "file_type": "pdf",
        "content_type": "earnings_transcript",
        "published_date": "2014-01-30",
        "fiscal_date": "2014-01-30",
        "fiscal_year": 2014,
        "fiscal_quarter": 3,
        "r2_url": "https://pub-2c783279b61043e19fbdadd1bee5153a.r2.dev/DXC/2014-01-30/DXC%20Technology%20Company_2014-01-30_transcript/DXC%20Technology%20Company_2014-01-30_transcript.pdf/DXC%20Technology%20Company_2014-01-30_transcript.pdf",
        "periodicity": "periodic"
    },
    {
        "equity_ticker": "DXC",
        "geography": "US",
        "content_name": "DXC Q2 2014 Transcript",
        "file_type": "pdf",
        "content_type": "earnings_transcript",
        "published_date": "2013-10-30",
        "fiscal_date": "2013-10-30",
        "fiscal_year": 2014,
        "fiscal_quarter": 2,
        "r2_url": "https://pub-2c783279b61043e19fbdadd1bee5153a.r2.dev/DXC/2013-10-30/DXC%20Technology%20Company_2013-10-30_transcript/DXC%20Technology%20Company_2013-10-30_transcript.pdf/DXC%20Technology%20Company_2013-10-30_transcript.pdf",
        "periodicity": "periodic"
    },
    {
        "equity_ticker": "DXC",
        "geography": "US",
        "content_name": "DXC Q1 2014 Transcript",
        "file_type": "pdf",
        "content_type": "earnings_transcript",
        "published_date": "2013-08-06",
        "fiscal_date": "2013-08-06",
        "fiscal_year": 2014,
        "fiscal_quarter": 1,
        "r2_url": "https://pub-2c783279b61043e19fbdadd1bee5153a.r2.dev/DXC/2013-08-06/DXC%20Technology%20Company_2013-08-06_transcript/DXC%20Technology%20Company_2013-08-06_transcript.pdf/DXC%20Technology%20Company_2013-08-06_transcript.pdf",
        "periodicity": "periodic"
    },
    {
        "equity_ticker": "DXC",
        "geography": "US",
        "content_name": "DXC Q4 2013 Transcript",
        "file_type": "pdf",
        "content_type": "earnings_transcript",
        "published_date": "2013-05-15",
        "fiscal_date": "2013-05-15",
        "fiscal_year": 2013,
        "fiscal_quarter": 4,
        "r2_url": "https://pub-2c783279b61043e19fbdadd1bee5153a.r2.dev/DXC/2013-05-15/DXC%20Technology%20Company_2013-05-15_transcript/DXC%20Technology%20Company_2013-05-15_transcript.pdf/DXC%20Technology%20Company_2013-05-15_transcript.pdf",
        "periodicity": "periodic"
    },
    {
        "equity_ticker": "DXC",
        "geography": "US",
        "content_name": "DXC Q3 2013 Transcript",
        "file_type": "pdf",
        "content_type": "earnings_transcript",
        "published_date": "2013-02-05",
        "fiscal_date": "2013-02-05",
        "fiscal_year": 2013,
        "fiscal_quarter": 3,
        "r2_url": "https://pub-2c783279b61043e19fbdadd1bee5153a.r2.dev/DXC/2013-02-05/DXC%20Technology%20Company_2013-02-05_transcript/DXC%20Technology%20Company_2013-02-05_transcript.pdf/DXC%20Technology%20Company_2013-02-05_transcript.pdf",
        "periodicity": "periodic"
    },
    {
        "equity_ticker": "DXC",
        "geography": "US",
        "content_name": "DXC Q2 2013 Transcript",
        "file_type": "pdf",
        "content_type": "earnings_transcript",
        "published_date": "2012-11-06",
        "fiscal_date": "2012-11-06",
        "fiscal_year": 2013,
        "fiscal_quarter": 2,
        "r2_url": "https://pub-2c783279b61043e19fbdadd1bee5153a.r2.dev/DXC/2012-11-06/DXC%20Technology%20Company_2012-11-06_transcript/DXC%20Technology%20Company_2012-11-06_transcript.pdf/DXC%20Technology%20Company_2012-11-06_transcript.pdf",
        "periodicity": "periodic"
    },
    {
        "equity_ticker": "DXC",
        "geography": "US",
        "content_name": "DXC Q1 2013 Transcript",
        "file_type": "pdf",
        "content_type": "earnings_transcript",
        "published_date": "2012-08-08",
        "fiscal_date": "2012-08-08",
        "fiscal_year": 2013,
        "fiscal_quarter": 1,
        "r2_url": "https://pub-2c783279b61043e19fbdadd1bee5153a.r2.dev/DXC/2012-08-08/DXC%20Technology%20Company_2012-08-08_transcript/DXC%20Technology%20Company_2012-08-08_transcript.pdf/DXC%20Technology%20Company_2012-08-08_transcript.pdf",
        "periodicity": "periodic"
    },
    {
        "equity_ticker": "DXC",
        "geography": "US",
        "content_name": "DXC Q4 2012 Transcript",
        "file_type": "pdf",
        "content_type": "earnings_transcript",
        "published_date": "2012-05-17",
        "fiscal_date": "2012-05-17",
        "fiscal_year": 2012,
        "fiscal_quarter": 4,
        "r2_url": "https://pub-2c783279b61043e19fbdadd1bee5153a.r2.dev/DXC/2012-05-17/DXC%20Technology%20Company_2012-05-17_transcript/DXC%20Technology%20Company_2012-05-17_transcript.pdf/DXC%20Technology%20Company_2012-05-17_transcript.pdf",
        "periodicity": "periodic"
    },
    {
        "equity_ticker": "DXC",
        "geography": "US",
        "content_name": "DXC Q3 2012 Transcript",
        "file_type": "pdf",
        "content_type": "earnings_transcript",
        "published_date": "2012-02-08",
        "fiscal_date": "2012-02-08",
        "fiscal_year": 2012,
        "fiscal_quarter": 3,
        "r2_url": "https://pub-2c783279b61043e19fbdadd1bee5153a.r2.dev/DXC/2012-02-08/DXC%20Technology%20Company_2012-02-08_transcript/DXC%20Technology%20Company_2012-02-08_transcript.pdf/DXC%20Technology%20Company_2012-02-08_transcript.pdf",
        "periodicity": "periodic"
    },
    {
        "equity_ticker": "DXC",
        "geography": "US",
        "content_name": "DXC Q2 2012 Transcript",
        "file_type": "pdf",
        "content_type": "earnings_transcript",
        "published_date": "2011-11-09",
        "fiscal_date": "2011-11-09",
        "fiscal_year": 2012,
        "fiscal_quarter": 2,
        "r2_url": "https://pub-2c783279b61043e19fbdadd1bee5153a.r2.dev/DXC/2011-11-09/DXC%20Technology%20Company_2011-11-09_transcript/DXC%20Technology%20Company_2011-11-09_transcript.pdf/DXC%20Technology%20Company_2011-11-09_transcript.pdf",
        "periodicity": "periodic"
    },
    {
        "equity_ticker": "DXC",
        "geography": "US",
        "content_name": "DXC Q1 2012 Transcript",
        "file_type": "pdf",
        "content_type": "earnings_transcript",
        "published_date": "2011-08-10",
        "fiscal_date": "2011-08-10",
        "fiscal_year": 2012,
        "fiscal_quarter": 1,
        "r2_url": "https://pub-2c783279b61043e19fbdadd1bee5153a.r2.dev/DXC/2011-08-10/DXC%20Technology%20Company_2011-08-10_transcript/DXC%20Technology%20Company_2011-08-10_transcript.pdf/DXC%20Technology%20Company_2011-08-10_transcript.pdf",
        "periodicity": "periodic"
    },
    {
        "equity_ticker": "DXC",
        "geography": "US",
        "content_name": "DXC Q4 2011 Transcript",
        "file_type": "pdf",
        "content_type": "earnings_transcript",
        "published_date": "2011-05-25",
        "fiscal_date": "2011-05-25",
        "fiscal_year": 2011,
        "fiscal_quarter": 4,
        "r2_url": "https://pub-2c783279b61043e19fbdadd1bee5153a.r2.dev/DXC/2011-05-25/DXC%20Technology%20Company_2011-05-25_transcript/DXC%20Technology%20Company_2011-05-25_transcript.pdf/DXC%20Technology%20Company_2011-05-25_transcript.pdf",
        "periodicity": "periodic"
    },
    {
        "equity_ticker": "DXC",
        "geography": "US",
        "content_name": "DXC Q3 2011 Transcript",
        "file_type": "pdf",
        "content_type": "earnings_transcript",
        "published_date": "2011-02-09",
        "fiscal_date": "2011-02-09",
        "fiscal_year": 2011,
        "fiscal_quarter": 3,
        "r2_url": "https://pub-2c783279b61043e19fbdadd1bee5153a.r2.dev/DXC/2011-02-09/DXC%20Technology%20Company_2011-02-09_transcript/DXC%20Technology%20Company_2011-02-09_transcript.pdf/DXC%20Technology%20Company_2011-02-09_transcript.pdf",
        "periodicity": "periodic"
    },
    {
        "equity_ticker": "DXC",
        "geography": "US",
        "content_name": "DXC Q4 2010 Transcript",
        "file_type": "pdf",
        "content_type": "earnings_transcript",
        "published_date": "2010-05-20",
        "fiscal_date": "2010-05-20",
        "fiscal_year": 2010,
        "fiscal_quarter": 4,
        "r2_url": "https://pub-2c783279b61043e19fbdadd1bee5153a.r2.dev/DXC/2010-05-20/DXC%20Technology%20Company_2010-05-20_transcript/DXC%20Technology%20Company_2010-05-20_transcript.pdf/DXC%20Technology%20Company_2010-05-20_transcript.pdf",
        "periodicity": "periodic"
    },
    {
        "equity_ticker": "DXC",
        "geography": "US",
        "content_name": "DXC Q3 2010 Transcript",
        "file_type": "pdf",
        "content_type": "earnings_transcript",
        "published_date": "2010-02-10",
        "fiscal_date": "2010-02-10",
        "fiscal_year": 2010,
        "fiscal_quarter": 3,
        "r2_url": "https://pub-2c783279b61043e19fbdadd1bee5153a.r2.dev/DXC/2010-02-10/DXC%20Technology%20Company_2010-02-10_transcript/DXC%20Technology%20Company_2010-02-10_transcript.pdf/DXC%20Technology%20Company_2010-02-10_transcript.pdf",
        "periodicity": "periodic"
    },
    {
        "equity_ticker": "DXC",
        "geography": "US",
        "content_name": "DXC Q2 2010 Transcript",
        "file_type": "pdf",
        "content_type": "earnings_transcript",
        "published_date": "2009-11-11",
        "fiscal_date": "2009-11-11",
        "fiscal_year": 2010,
        "fiscal_quarter": 2,
        "r2_url": "https://pub-2c783279b61043e19fbdadd1bee5153a.r2.dev/DXC/2009-11-11/DXC%20Technology%20Company_2009-11-11_transcript/DXC%20Technology%20Company_2009-11-11_transcript.pdf/DXC%20Technology%20Company_2009-11-11_transcript.pdf",
        "periodicity": "periodic"
    },
    {
        "equity_ticker": "DXC",
        "geography": "US",
        "content_name": "DXC Q1 2010 Transcript",
        "file_type": "pdf",
        "content_type": "earnings_transcript",
        "published_date": "2009-08-06",
        "fiscal_date": "2009-08-06",
        "fiscal_year": 2010,
        "fiscal_quarter": 1,
        "r2_url": "https://pub-2c783279b61043e19fbdadd1bee5153a.r2.dev/DXC/2009-08-06/DXC%20Technology%20Company_2009-08-06_transcript/DXC%20Technology%20Company_2009-08-06_transcript.pdf/DXC%20Technology%20Company_2009-08-06_transcript.pdf",
        "periodicity": "periodic"
    },
    {
        "equity_ticker": "DXC",
        "geography": "US",
        "content_name": "DXC Q4 2009 Transcript",
        "file_type": "pdf",
        "content_type": "earnings_transcript",
        "published_date": "2009-05-20",
        "fiscal_date": "2009-05-20",
        "fiscal_year": 2009,
        "fiscal_quarter": 4,
        "r2_url": "https://pub-2c783279b61043e19fbdadd1bee5153a.r2.dev/DXC/2009-05-20/DXC%20Technology%20Company_2009-05-20_transcript/DXC%20Technology%20Company_2009-05-20_transcript.pdf/DXC%20Technology%20Company_2009-05-20_transcript.pdf",
        "periodicity": "periodic"
    },
    {
        "equity_ticker": "DXC",
        "geography": "US",
        "content_name": "DXC Q3 2009 Transcript",
        "file_type": "pdf",
        "content_type": "earnings_transcript",
        "published_date": "2009-02-10",
        "fiscal_date": "2009-02-10",
        "fiscal_year": 2009,
        "fiscal_quarter": 3,
        "r2_url": "https://pub-2c783279b61043e19fbdadd1bee5153a.r2.dev/DXC/2009-02-10/DXC%20Technology%20Company_2009-02-10_transcript/DXC%20Technology%20Company_2009-02-10_transcript.pdf/DXC%20Technology%20Company_2009-02-10_transcript.pdf",
        "periodicity": "periodic"
    },
    {
        "equity_ticker": "DXC",
        "geography": "US",
        "content_name": "DXC Q2 2009 Transcript",
        "file_type": "pdf",
        "content_type": "earnings_transcript",
        "published_date": "2008-11-12",
        "fiscal_date": "2008-11-12",
        "fiscal_year": 2009,
        "fiscal_quarter": 2,
        "r2_url": "https://pub-2c783279b61043e19fbdadd1bee5153a.r2.dev/DXC/2008-11-12/DXC%20Technology%20Company_2008-11-12_transcript/DXC%20Technology%20Company_2008-11-12_transcript.pdf/DXC%20Technology%20Company_2008-11-12_transcript.pdf",
        "periodicity": "periodic"
    },
    {
        "equity_ticker": "DXC",
        "geography": "US",
        "content_name": "DXC Q1 2009 Transcript",
        "file_type": "pdf",
        "content_type": "earnings_transcript",
        "published_date": "2008-08-05",
        "fiscal_date": "2008-08-05",
        "fiscal_year": 2009,
        "fiscal_quarter": 1,
        "r2_url": "https://pub-2c783279b61043e19fbdadd1bee5153a.r2.dev/DXC/2008-08-05/DXC%20Technology%20Company_2008-08-05_transcript/DXC%20Technology%20Company_2008-08-05_transcript.pdf/DXC%20Technology%20Company_2008-08-05_transcript.pdf",
        "periodicity": "periodic"
    },
    {
        "equity_ticker": "DXC",
        "geography": "US",
        "content_name": "DXC Q4 2008 Transcript",
        "file_type": "pdf",
        "content_type": "earnings_transcript",
        "published_date": "2008-05-22",
        "fiscal_date": "2008-05-22",
        "fiscal_year": 2008,
        "fiscal_quarter": 4,
        "r2_url": "https://pub-2c783279b61043e19fbdadd1bee5153a.r2.dev/DXC/2008-05-22/DXC%20Technology%20Company_2008-05-22_transcript/DXC%20Technology%20Company_2008-05-22_transcript.pdf/DXC%20Technology%20Company_2008-05-22_transcript.pdf",
        "periodicity": "periodic"
    },
    {
        "equity_ticker": "DXC",
        "geography": "US",
        "content_name": "DXC Q3 2008 Transcript",
        "file_type": "pdf",
        "content_type": "earnings_transcript",
        "published_date": "2008-02-06",
        "fiscal_date": "2008-02-06",
        "fiscal_year": 2008,
        "fiscal_quarter": 3,
        "r2_url": "https://pub-2c783279b61043e19fbdadd1bee5153a.r2.dev/DXC/2008-02-06/DXC%20Technology%20Company_2008-02-06_transcript/DXC%20Technology%20Company_2008-02-06_transcript.pdf/DXC%20Technology%20Company_2008-02-06_transcript.pdf",
        "periodicity": "periodic"
    },
    {
        "equity_ticker": "DXC",
        "geography": "US",
        "content_name": "DXC Q1 2008 Transcript",
        "file_type": "pdf",
        "content_type": "earnings_transcript",
        "published_date": "2007-12-20",
        "fiscal_date": "2007-12-20",
        "fiscal_year": 2008,
        "fiscal_quarter": 1,
        "r2_url": "https://pub-2c783279b61043e19fbdadd1bee5153a.r2.dev/DXC/2007-12-20/DXC%20Technology%20Company_2007-12-20_transcript/DXC%20Technology%20Company_2007-12-20_transcript.pdf/DXC%20Technology%20Company_2007-12-20_transcript.pdf",
        "periodicity": "periodic"
    },
    {
        "equity_ticker": "DXC",
        "geography": "US",
        "content_name": "DXC Q2 2007 Transcript",
        "file_type": "pdf",
        "content_type": "earnings_transcript",
        "published_date": "2006-11-02",
        "fiscal_date": "2006-11-02",
        "fiscal_year": 2007,
        "fiscal_quarter": 2,
        "r2_url": "https://pub-2c783279b61043e19fbdadd1bee5153a.r2.dev/DXC/2006-11-02/DXC%20Technology%20Company_2006-11-02_transcript/DXC%20Technology%20Company_2006-11-02_transcript.pdf/DXC%20Technology%20Company_2006-11-02_transcript.pdf",
        "periodicity": "periodic"
    },
    {
        "equity_ticker": "DXC",
        "geography": "US",
        "content_name": "DXC Q3 2025 10-Q",
        "file_type": "pdf",
        "content_type": "quarterly_report",
        "published_date": "2025-02-04",
        "fiscal_date": "2024-12-31",
        "fiscal_year": 2025,
        "fiscal_quarter": 3,
        "r2_url": "https://pub-2c783279b61043e19fbdadd1bee5153a.r2.dev/DXC/2025-02-04/dxc-20241231.htm/dxc-20241231.pdf",
        "periodicity": "periodic"
    },
    {
        "equity_ticker": "DXC",
        "geography": "US",
        "content_name": "DXC Q2 2025 10-Q",
        "file_type": "pdf",
        "content_type": "quarterly_report",
        "published_date": "2024-11-07",
        "fiscal_date": "2024-09-30",
        "fiscal_year": 2025,
        "fiscal_quarter": 2,
        "r2_url": "https://pub-2c783279b61043e19fbdadd1bee5153a.r2.dev/DXC/2024-11-07/dxc-20240930.htm/dxc-20240930.pdf",
        "periodicity": "periodic"
    },
    {
        "equity_ticker": "DXC",
        "geography": "US",
        "content_name": "DXC Q1 2025 10-Q",
        "file_type": "pdf",
        "content_type": "quarterly_report",
        "published_date": "2024-08-08",
        "fiscal_date": "2024-06-30",
        "fiscal_year": 2025,
        "fiscal_quarter": 1,
        "r2_url": "https://pub-2c783279b61043e19fbdadd1bee5153a.r2.dev/DXC/2024-08-08/dxc-20240630.htm/dxc-20240630.pdf",
        "periodicity": "periodic"
    },
    {
        "equity_ticker": "DXC",
        "geography": "US",
        "content_name": "DXC Q4 2024 10-K",
        "file_type": "pdf",
        "content_type": "annual_report",
        "published_date": "2024-05-16",
        "fiscal_date": "2024-03-31",
        "fiscal_year": 2024,
        "fiscal_quarter": 4,
        "r2_url": "https://pub-2c783279b61043e19fbdadd1bee5153a.r2.dev/DXC/2024-05-16/dxc-20240331.htm/dxc-20240331.pdf",
        "periodicity": "periodic"
    },
    {
        "equity_ticker": "DXC",
        "geography": "US",
        "content_name": "DXC Q3 2024 10-Q",
        "file_type": "pdf",
        "content_type": "quarterly_report",
        "published_date": "2024-02-01",
        "fiscal_date": "2023-12-31",
        "fiscal_year": 2024,
        "fiscal_quarter": 3,
        "r2_url": "https://pub-2c783279b61043e19fbdadd1bee5153a.r2.dev/DXC/2024-02-01/dxc-20231231.htm/dxc-20231231.pdf",
        "periodicity": "periodic"
    },
    {
        "equity_ticker": "DXC",
        "geography": "US",
        "content_name": "DXC Q2 2024 10-Q",
        "file_type": "pdf",
        "content_type": "quarterly_report",
        "published_date": "2023-11-01",
        "fiscal_date": "2023-09-30",
        "fiscal_year": 2024,
        "fiscal_quarter": 2,
        "r2_url": "https://pub-2c783279b61043e19fbdadd1bee5153a.r2.dev/DXC/2023-11-01/dxc-20230930.htm/dxc-20230930.pdf",
        "periodicity": "periodic"
    },
    {
        "equity_ticker": "DXC",
        "geography": "US",
        "content_name": "DXC Q1 2024 10-Q",
        "file_type": "pdf",
        "content_type": "quarterly_report",
        "published_date": "2023-08-02",
        "fiscal_date": "2023-06-30",
        "fiscal_year": 2024,
        "fiscal_quarter": 1,
        "r2_url": "https://pub-2c783279b61043e19fbdadd1bee5153a.r2.dev/DXC/2023-08-02/dxc-20230630.htm/dxc-20230630.pdf",
        "periodicity": "periodic"
    },
    {
        "equity_ticker": "DXC",
        "geography": "US",
        "content_name": "DXC Q4 2023 10-K",
        "file_type": "pdf",
        "content_type": "annual_report",
        "published_date": "2023-05-18",
        "fiscal_date": "2023-03-31",
        "fiscal_year": 2023,
        "fiscal_quarter": 4,
        "r2_url": "https://pub-2c783279b61043e19fbdadd1bee5153a.r2.dev/DXC/2023-05-18/dxc-20230331.htm/dxc-20230331.pdf",
        "periodicity": "periodic"
    },
    {
        "equity_ticker": "DXC",
        "geography": "US",
        "content_name": "DXC Q3 2023 10-Q",
        "file_type": "pdf",
        "content_type": "quarterly_report",
        "published_date": "2023-02-01",
        "fiscal_date": "2022-12-31",
        "fiscal_year": 2023,
        "fiscal_quarter": 3,
        "r2_url": "https://pub-2c783279b61043e19fbdadd1bee5153a.r2.dev/DXC/2023-02-01/dxc-20221231.htm/dxc-20221231.pdf",
        "periodicity": "periodic"
    },
    {
        "equity_ticker": "DXC",
        "geography": "US",
        "content_name": "DXC Q2 2023 10-Q",
        "file_type": "pdf",
        "content_type": "quarterly_report",
        "published_date": "2022-11-03",
        "fiscal_date": "2022-09-30",
        "fiscal_year": 2023,
        "fiscal_quarter": 2,
        "r2_url": "https://pub-2c783279b61043e19fbdadd1bee5153a.r2.dev/DXC/2022-11-03/dxc-20220930.htm/dxc-20220930.pdf",
        "periodicity": "periodic"
    },
    {
        "equity_ticker": "DXC",
        "geography": "US",
        "content_name": "DXC Q1 2023 10-Q",
        "file_type": "pdf",
        "content_type": "quarterly_report",
        "published_date": "2022-08-03",
        "fiscal_date": "2022-06-30",
        "fiscal_year": 2023,
        "fiscal_quarter": 1,
        "r2_url": "https://pub-2c783279b61043e19fbdadd1bee5153a.r2.dev/DXC/2022-08-03/dxc-20220630.htm/dxc-20220630.pdf",
        "periodicity": "periodic"
    },
    {
        "equity_ticker": "DXC",
        "geography": "US",
        "content_name": "DXC Q4 2022 10-K",
        "file_type": "pdf",
        "content_type": "annual_report",
        "published_date": "2022-05-25",
        "fiscal_date": "2022-03-31",
        "fiscal_year": 2022,
        "fiscal_quarter": 4,
        "r2_url": "https://pub-2c783279b61043e19fbdadd1bee5153a.r2.dev/DXC/2022-05-25/dxc-20220331.htm/dxc-20220331.pdf",
        "periodicity": "periodic"
    },
    {
        "equity_ticker": "DXC",
        "geography": "US",
        "content_name": "DXC Q3 2022 10-Q",
        "file_type": "pdf",
        "content_type": "quarterly_report",
        "published_date": "2022-02-02",
        "fiscal_date": "2021-12-31",
        "fiscal_year": 2022,
        "fiscal_quarter": 3,
        "r2_url": "https://pub-2c783279b61043e19fbdadd1bee5153a.r2.dev/DXC/2022-02-02/dxc-20211231.htm/dxc-20211231.pdf",
        "periodicity": "periodic"
    },
    {
        "equity_ticker": "DXC",
        "geography": "US",
        "content_name": "DXC Q2 2022 10-Q",
        "file_type": "pdf",
        "content_type": "quarterly_report",
        "published_date": "2021-11-03",
        "fiscal_date": "2021-09-30",
        "fiscal_year": 2022,
        "fiscal_quarter": 2,
        "r2_url": "https://pub-2c783279b61043e19fbdadd1bee5153a.r2.dev/DXC/2021-11-03/dxc-20210930.htm/dxc-20210930.pdf",
        "periodicity": "periodic"
    },
    {
        "equity_ticker": "DXC",
        "geography": "US",
        "content_name": "DXC Q1 2022 10-Q",
        "file_type": "pdf",
        "content_type": "quarterly_report",
        "published_date": "2021-08-04",
        "fiscal_date": "2021-06-30",
        "fiscal_year": 2022,
        "fiscal_quarter": 1,
        "r2_url": "https://pub-2c783279b61043e19fbdadd1bee5153a.r2.dev/DXC/2021-08-04/dxc-20210630.htm/dxc-20210630.pdf",
        "periodicity": "periodic"
    },
    {
        "equity_ticker": "DXC",
        "geography": "US",
        "content_name": "DXC Q4 2021 10-K",
        "file_type": "pdf",
        "content_type": "annual_report",
        "published_date": "2021-05-27",
        "fiscal_date": "2021-03-31",
        "fiscal_year": 2021,
        "fiscal_quarter": 4,
        "r2_url": "https://pub-2c783279b61043e19fbdadd1bee5153a.r2.dev/DXC/2021-05-27/dxc-20210331.htm/dxc-20210331.pdf",
        "periodicity": "periodic"
    },
    {
        "equity_ticker": "DXC",
        "geography": "US",
        "content_name": "DXC Q3 2021 10-Q",
        "file_type": "pdf",
        "content_type": "quarterly_report",
        "published_date": "2021-02-04",
        "fiscal_date": "2020-12-31",
        "fiscal_year": 2021,
        "fiscal_quarter": 3,
        "r2_url": "https://pub-2c783279b61043e19fbdadd1bee5153a.r2.dev/DXC/2021-02-04/dxc-20201231.htm/dxc-20201231.pdf",
        "periodicity": "periodic"
    },
    {
        "equity_ticker": "DXC",
        "geography": "US",
        "content_name": "DXC Q2 2021 10-Q",
        "file_type": "pdf",
        "content_type": "quarterly_report",
        "published_date": "2020-11-05",
        "fiscal_date": "2020-09-30",
        "fiscal_year": 2021,
        "fiscal_quarter": 2,
        "r2_url": "https://pub-2c783279b61043e19fbdadd1bee5153a.r2.dev/DXC/2020-11-05/dxc-20200930.htm/dxc-20200930.pdf",
        "periodicity": "periodic"
    },
    {
        "equity_ticker": "DXC",
        "geography": "US",
        "content_name": "DXC Q1 2021 10-Q",
        "file_type": "pdf",
        "content_type": "quarterly_report",
        "published_date": "2020-08-07",
        "fiscal_date": "2020-06-30",
        "fiscal_year": 2021,
        "fiscal_quarter": 1,
        "r2_url": "https://pub-2c783279b61043e19fbdadd1bee5153a.r2.dev/DXC/2020-08-07/dxc630202010-q.htm/ix.pdf",
        "periodicity": "periodic"
    },
    {
        "equity_ticker": "DXC",
        "geography": "US",
        "content_name": "DXC Q4 2020 10-K",
        "file_type": "pdf",
        "content_type": "annual_report",
        "published_date": "2020-06-01",
        "fiscal_date": "2020-03-31",
        "fiscal_year": 2020,
        "fiscal_quarter": 4,
        "r2_url": "https://pub-2c783279b61043e19fbdadd1bee5153a.r2.dev/DXC/2020-06-01/dxcfy2010-k.htm/ix.pdf",
        "periodicity": "periodic"
    },
    {
        "equity_ticker": "DXC",
        "geography": "US",
        "content_name": "DXC Q3 2020 10-Q",
        "file_type": "pdf",
        "content_type": "quarterly_report",
        "published_date": "2020-02-07",
        "fiscal_date": "2019-12-31",
        "fiscal_year": 2020,
        "fiscal_quarter": 3,
        "r2_url": "https://pub-2c783279b61043e19fbdadd1bee5153a.r2.dev/DXC/2020-02-07/dxc1231201910-q.htm/ix.pdf",
        "periodicity": "periodic"
    },
    {
        "equity_ticker": "DXC",
        "geography": "US",
        "content_name": "DXC Q2 2020 10-Q",
        "file_type": "pdf",
        "content_type": "quarterly_report",
        "published_date": "2019-11-12",
        "fiscal_date": "2019-09-30",
        "fiscal_year": 2020,
        "fiscal_quarter": 2,
        "r2_url": "https://pub-2c783279b61043e19fbdadd1bee5153a.r2.dev/DXC/2019-11-12/dxc930201910-q.htm/ix.pdf",
        "periodicity": "periodic"
    },
    {
        "equity_ticker": "DXC",
        "geography": "US",
        "content_name": "DXC Q1 2020 10-Q",
        "file_type": "pdf",
        "content_type": "quarterly_report",
        "published_date": "2019-08-09",
        "fiscal_date": "2019-06-30",
        "fiscal_year": 2020,
        "fiscal_quarter": 1,
        "r2_url": "https://pub-2c783279b61043e19fbdadd1bee5153a.r2.dev/DXC/2019-08-09/dxc630201910-q.htm/ix.pdf",
        "periodicity": "periodic"
    },
    {
        "equity_ticker": "DXC",
        "geography": "US",
        "content_name": "DXC Q4 2019 10-K",
        "file_type": "pdf",
        "content_type": "annual_report",
        "published_date": "2019-06-12",
        "fiscal_date": "2019-03-31",
        "fiscal_year": 2019,
        "fiscal_quarter": 4,
        "r2_url": "https://pub-2c783279b61043e19fbdadd1bee5153a.r2.dev/DXC/2019-06-12/dxcfy1910-k.htm/dxcfy1910-k.pdf",
        "periodicity": "periodic"
    },
    {
        "equity_ticker": "DXC",
        "geography": "US",
        "content_name": "DXC Q3 2019 10-Q",
        "file_type": "pdf",
        "content_type": "quarterly_report",
        "published_date": "2019-02-08",
        "fiscal_date": "2018-12-31",
        "fiscal_year": 2019,
        "fiscal_quarter": 3,
        "r2_url": "https://pub-2c783279b61043e19fbdadd1bee5153a.r2.dev/DXC/2019-02-08/dxc1231201810-q.htm/dxc1231201810-q.pdf",
        "periodicity": "periodic"
    },
    {
        "equity_ticker": "DXC",
        "geography": "US",
        "content_name": "DXC Q2 2019 10-Q",
        "file_type": "pdf",
        "content_type": "quarterly_report",
        "published_date": "2018-11-08",
        "fiscal_date": "2018-09-30",
        "fiscal_year": 2019,
        "fiscal_quarter": 2,
        "r2_url": "https://pub-2c783279b61043e19fbdadd1bee5153a.r2.dev/DXC/2018-11-08/dxc930201810-q.htm/dxc930201810-q.pdf",
        "periodicity": "periodic"
    },
    {
        "equity_ticker": "DXC",
        "geography": "US",
        "content_name": "DXC Q1 2019 10-Q",
        "file_type": "pdf",
        "content_type": "quarterly_report",
        "published_date": "2018-08-08",
        "fiscal_date": "2018-06-30",
        "fiscal_year": 2019,
        "fiscal_quarter": 1,
        "r2_url": "https://pub-2c783279b61043e19fbdadd1bee5153a.r2.dev/DXC/2018-08-08/dxc630201810-q.htm/dxc630201810-q.pdf",
        "periodicity": "periodic"
    },
    {
        "equity_ticker": "DXC",
        "geography": "US",
        "content_name": "DXC Q4 2018 10-K",
        "file_type": "pdf",
        "content_type": "annual_report",
        "published_date": "2018-05-29",
        "fiscal_date": "2018-03-31",
        "fiscal_year": 2018,
        "fiscal_quarter": 4,
        "r2_url": "https://pub-2c783279b61043e19fbdadd1bee5153a.r2.dev/DXC/2018-05-29/dxcfy1810-k.htm/dxcfy1810-k.pdf",
        "periodicity": "periodic"
    },
    {
        "equity_ticker": "DXC",
        "geography": "US",
        "content_name": "DXC Q3 2018 10-Q",
        "file_type": "pdf",
        "content_type": "quarterly_report",
        "published_date": "2018-02-08",
        "fiscal_date": "2017-12-31",
        "fiscal_year": 2018,
        "fiscal_quarter": 3,
        "r2_url": "https://pub-2c783279b61043e19fbdadd1bee5153a.r2.dev/DXC/2018-02-08/dxc1231201710-q.htm/dxc1231201710-q.pdf",
        "periodicity": "periodic"
    },
    {
        "equity_ticker": "DXC",
        "geography": "US",
        "content_name": "DXC Q2 2018 10-Q",
        "file_type": "pdf",
        "content_type": "quarterly_report",
        "published_date": "2017-11-07",
        "fiscal_date": "2017-09-30",
        "fiscal_year": 2018,
        "fiscal_quarter": 2,
        "r2_url": "https://pub-2c783279b61043e19fbdadd1bee5153a.r2.dev/DXC/2017-11-07/dxc930201710-q.htm/dxc930201710-q.pdf",
        "periodicity": "periodic"
    },
    {
        "equity_ticker": "DXC",
        "geography": "US",
        "content_name": "DXC Q1 2018 10-Q",
        "file_type": "pdf",
        "content_type": "quarterly_report",
        "published_date": "2017-08-09",
        "fiscal_date": "2017-06-30",
        "fiscal_year": 2018,
        "fiscal_quarter": 1,
        "r2_url": "https://pub-2c783279b61043e19fbdadd1bee5153a.r2.dev/DXC/2017-08-09/dxc630201710-q.htm/dxc630201710-q.pdf",
        "periodicity": "periodic"
    },
    {
        "equity_ticker": "DXC",
        "geography": "US",
        "content_name": "DXC Q4 2017 10-Q",
        "file_type": "pdf",
        "content_type": "quarterly_report",
        "published_date": "2017-03-30",
        "fiscal_date": "2017-01-31",
        "fiscal_year": 2017,
        "fiscal_quarter": 4,
        "r2_url": "https://pub-2c783279b61043e19fbdadd1bee5153a.r2.dev/DXC/2017-03-30/d361247d10q.htm/d361247d10q.pdf",
        "periodicity": "periodic"
    }
]