[
  {
    "equity_ticker": "EPAM",
    "geography": "US",
    "content_name": "EPAM Q4 2024 Transcript",
    "file_type": "pdf",
    "content_type": "earnings_transcript",
    "published_date": "2025-02-20",
    "fiscal_date": "2025-02-20",
    "fiscal_year": 2024,
    "fiscal_quarter": 4,
    "r2_url": "https://pub-2c783279b61043e19fbdadd1bee5153a.r2.dev/EPAM/2025-02-20/EPAM%20Systems%2C%20Inc._2025-02-20_transcript/EPAM%20Systems%2C%20Inc._2025-02-20_transcript.pdf/EPAM%20Systems%2C%20Inc._2025-02-20_transcript.pdf",
    "periodicity": "periodic"
  },
  {
    "equity_ticker": "EPAM",
    "geography": "US",
    "content_name": "EPAM Q4 2024 Press Release",
    "file_type": "pdf",
    "content_type": "earnings_press_release",
    "published_date": "2025-02-20",
    "fiscal_date": "2025-02-20",
    "fiscal_year": 2024,
    "fiscal_quarter": 4,
    "r2_url": "https://pub-2c783279b61043e19fbdadd1bee5153a.r2.dev/EPAM/2025-02-20/104ec-2025-02-20-11-48-02/104ec-2025-02-20-11-48-02.pdf/104ec-2025-02-20-11-48-02.pdf",
    "periodicity": "periodic"
  },
  {
    "equity_ticker": "EPAM",
    "geography": "US",
    "content_name": "EPAM Q3 2024 Transcript",
    "file_type": "pdf",
    "content_type": "earnings_transcript",
    "published_date": "2024-11-07",
    "fiscal_date": "2024-11-07",
    "fiscal_year": 2024,
    "fiscal_quarter": 3,
    "r2_url": "https://pub-2c783279b61043e19fbdadd1bee5153a.r2.dev/EPAM/2024-11-07/EPAM%20Systems%2C%20Inc._2024-11-07_transcript/EPAM%20Systems%2C%20Inc._2024-11-07_transcript.pdf/EPAM%20Systems%2C%20Inc._2024-11-07_transcript.pdf",
    "periodicity": "periodic"
  },
  {
    "equity_ticker": "EPAM",
    "geography": "US",
    "content_name": "EPAM Q3 2024 Press Release",
    "file_type": "pdf",
    "content_type": "earnings_press_release",
    "published_date": "2024-11-07",
    "fiscal_date": "2024-11-07",
    "fiscal_year": 2024,
    "fiscal_quarter": 3,
    "r2_url": "https://pub-2c783279b61043e19fbdadd1bee5153a.r2.dev/EPAM/2024-11-07/2e751-2024-11-07-11-00-06/2e751-2024-11-07-11-00-06.pdf/2e751-2024-11-07-11-00-06.pdf",
    "periodicity": "periodic"
  },
  {
    "equity_ticker": "EPAM",
    "geography": "US",
    "content_name": "EPAM Q2 2024 Transcript",
    "file_type": "pdf",
    "content_type": "earnings_transcript",
    "published_date": "2024-08-08",
    "fiscal_date": "2024-08-08",
    "fiscal_year": 2024,
    "fiscal_quarter": 2,
    "r2_url": "https://pub-2c783279b61043e19fbdadd1bee5153a.r2.dev/EPAM/2024-08-08/EPAM%20Systems%2C%20Inc._2024-08-08_transcript/EPAM%20Systems%2C%20Inc._2024-08-08_transcript.pdf/EPAM%20Systems%2C%20Inc._2024-08-08_transcript.pdf",
    "periodicity": "periodic"
  },
  {
    "equity_ticker": "EPAM",
    "geography": "US",
    "content_name": "EPAM Q2 2024 Press Release",
    "file_type": "pdf",
    "content_type": "earnings_press_release",
    "published_date": "2024-08-08",
    "fiscal_date": "2024-08-08",
    "fiscal_year": 2024,
    "fiscal_quarter": 2,
    "r2_url": "https://pub-2c783279b61043e19fbdadd1bee5153a.r2.dev/EPAM/2024-08-08/04cde-2024-08-08-10-58-03/04cde-2024-08-08-10-58-03.pdf/04cde-2024-08-08-10-58-03.pdf",
    "periodicity": "periodic"
  },
  {
    "equity_ticker": "EPAM",
    "geography": "US",
    "content_name": "EPAM Q2 2024 Presentation",
    "file_type": "pdf",
    "content_type": "earnings_presentation",
    "published_date": "2024-08-08",
    "fiscal_date": "2024-08-08",
    "fiscal_year": 2024,
    "fiscal_quarter": 2,
    "r2_url": "https://pub-2c783279b61043e19fbdadd1bee5153a.r2.dev/EPAM/2024-08-08/717a6-2024-08-08-12-10-17/717a6-2024-08-08-12-10-17.pdf/717a6-2024-08-08-12-10-17.pdf",
    "periodicity": "periodic"
  },
  {
    "equity_ticker": "EPAM",
    "geography": "US",
    "content_name": "EPAM Q1 2024 Transcript",
    "file_type": "pdf",
    "content_type": "earnings_transcript",
    "published_date": "2024-05-09",
    "fiscal_date": "2024-05-09",
    "fiscal_year": 2024,
    "fiscal_quarter": 1,
    "r2_url": "https://pub-2c783279b61043e19fbdadd1bee5153a.r2.dev/EPAM/2024-05-09/EPAM%20Systems%2C%20Inc._2024-05-09_transcript/EPAM%20Systems%2C%20Inc._2024-05-09_transcript.pdf/EPAM%20Systems%2C%20Inc._2024-05-09_transcript.pdf",
    "periodicity": "periodic"
  },
  {
    "equity_ticker": "EPAM",
    "geography": "US",
    "content_name": "EPAM Q1 2024 Press Release",
    "file_type": "pdf",
    "content_type": "earnings_press_release",
    "published_date": "2024-05-09",
    "fiscal_date": "2024-05-09",
    "fiscal_year": 2024,
    "fiscal_quarter": 1,
    "r2_url": "https://pub-2c783279b61043e19fbdadd1bee5153a.r2.dev/EPAM/2024-05-09/6c821-2024-05-09-10-45-03/6c821-2024-05-09-10-45-03.pdf/6c821-2024-05-09-10-45-03.pdf",
    "periodicity": "periodic"
  },
  {
    "equity_ticker": "EPAM",
    "geography": "US",
    "content_name": "EPAM Q1 2024 Presentation",
    "file_type": "pdf",
    "content_type": "earnings_presentation",
    "published_date": "2024-05-09",
    "fiscal_date": "2024-05-09",
    "fiscal_year": 2024,
    "fiscal_quarter": 1,
    "r2_url": "https://pub-2c783279b61043e19fbdadd1bee5153a.r2.dev/EPAM/2024-05-09/f3ef3-2024-05-09-12-31-41/f3ef3-2024-05-09-12-31-41.pdf/f3ef3-2024-05-09-12-31-41.pdf",
    "periodicity": "periodic"
  },
  {
    "equity_ticker": "EPAM",
    "geography": "US",
    "content_name": "EPAM Q4 2023 Transcript",
    "file_type": "pdf",
    "content_type": "earnings_transcript",
    "published_date": "2024-02-15",
    "fiscal_date": "2024-02-15",
    "fiscal_year": 2023,
    "fiscal_quarter": 4,
    "r2_url": "https://pub-2c783279b61043e19fbdadd1bee5153a.r2.dev/EPAM/2024-02-15/EPAM%20Systems%2C%20Inc._2024-02-15_transcript/EPAM%20Systems%2C%20Inc._2024-02-15_transcript.pdf/EPAM%20Systems%2C%20Inc._2024-02-15_transcript.pdf",
    "periodicity": "periodic"
  },
  {
    "equity_ticker": "EPAM",
    "geography": "US",
    "content_name": "EPAM Q4 2023 Press Release",
    "file_type": "pdf",
    "content_type": "earnings_press_release",
    "published_date": "2024-02-15",
    "fiscal_date": "2024-02-15",
    "fiscal_year": 2023,
    "fiscal_quarter": 4,
    "r2_url": "https://pub-2c783279b61043e19fbdadd1bee5153a.r2.dev/EPAM/2024-02-15/86b8a-2024-02-15-12-38-14/86b8a-2024-02-15-12-38-14.pdf/86b8a-2024-02-15-12-38-14.pdf",
    "periodicity": "periodic"
  },
  {
    "equity_ticker": "EPAM",
    "geography": "US",
    "content_name": "EPAM Q3 2023 Transcript",
    "file_type": "pdf",
    "content_type": "earnings_transcript",
    "published_date": "2023-11-02",
    "fiscal_date": "2023-11-02",
    "fiscal_year": 2023,
    "fiscal_quarter": 3,
    "r2_url": "https://pub-2c783279b61043e19fbdadd1bee5153a.r2.dev/EPAM/2023-11-02/EPAM%20Systems%2C%20Inc._2023-11-02_transcript/EPAM%20Systems%2C%20Inc._2023-11-02_transcript.pdf/EPAM%20Systems%2C%20Inc._2023-11-02_transcript.pdf",
    "periodicity": "periodic"
  },
  {
    "equity_ticker": "EPAM",
    "geography": "US",
    "content_name": "EPAM Q3 2023 Press Release",
    "file_type": "pdf",
    "content_type": "earnings_press_release",
    "published_date": "2023-11-02",
    "fiscal_date": "2023-11-02",
    "fiscal_year": 2023,
    "fiscal_quarter": 3,
    "r2_url": "https://pub-2c783279b61043e19fbdadd1bee5153a.r2.dev/EPAM/2023-11-02/4de94-2023-11-02-11-54-07/4de94-2023-11-02-11-54-07.pdf/4de94-2023-11-02-11-54-07.pdf",
    "periodicity": "periodic"
  },
  {
    "equity_ticker": "EPAM",
    "geography": "US",
    "content_name": "EPAM Q3 2023 Presentation",
    "file_type": "pdf",
    "content_type": "earnings_presentation",
    "published_date": "2023-11-02",
    "fiscal_date": "2023-11-02",
    "fiscal_year": 2023,
    "fiscal_quarter": 3,
    "r2_url": "https://pub-2c783279b61043e19fbdadd1bee5153a.r2.dev/EPAM/2023-11-02/1555c-2023-11-02-11-55-07/1555c-2023-11-02-11-55-07.pdf/1555c-2023-11-02-11-55-07.pdf",
    "periodicity": "periodic"
  },
  {
    "equity_ticker": "EPAM",
    "geography": "US",
    "content_name": "EPAM Q2 2023 Transcript",
    "file_type": "pdf",
    "content_type": "earnings_transcript",
    "published_date": "2023-08-03",
    "fiscal_date": "2023-08-03",
    "fiscal_year": 2023,
    "fiscal_quarter": 2,
    "r2_url": "https://pub-2c783279b61043e19fbdadd1bee5153a.r2.dev/EPAM/2023-08-03/EPAM%20Systems%2C%20Inc._2023-08-03_transcript/EPAM%20Systems%2C%20Inc._2023-08-03_transcript.pdf/EPAM%20Systems%2C%20Inc._2023-08-03_transcript.pdf",
    "periodicity": "periodic"
  },
  {
    "equity_ticker": "EPAM",
    "geography": "US",
    "content_name": "EPAM Q2 2023 Press Release",
    "file_type": "pdf",
    "content_type": "earnings_press_release",
    "published_date": "2023-08-03",
    "fiscal_date": "2023-08-03",
    "fiscal_year": 2023,
    "fiscal_quarter": 2,
    "r2_url": "https://pub-2c783279b61043e19fbdadd1bee5153a.r2.dev/EPAM/2023-08-03/1c34d-2023-08-03-10-51-07/1c34d-2023-08-03-10-51-07.pdf/1c34d-2023-08-03-10-51-07.pdf",
    "periodicity": "periodic"
  },
  {
    "equity_ticker": "EPAM",
    "geography": "US",
    "content_name": "EPAM Q2 2023 Presentation",
    "file_type": "pdf",
    "content_type": "earnings_presentation",
    "published_date": "2023-08-03",
    "fiscal_date": "2023-08-03",
    "fiscal_year": 2023,
    "fiscal_quarter": 2,
    "r2_url": "https://pub-2c783279b61043e19fbdadd1bee5153a.r2.dev/EPAM/2023-08-03/d019e-2023-08-03-10-11-27/d019e-2023-08-03-10-11-27.pdf/d019e-2023-08-03-10-11-27.pdf",
    "periodicity": "periodic"
  },
  {
    "equity_ticker": "EPAM",
    "geography": "US",
    "content_name": "EPAM Q1 2023 Transcript",
    "file_type": "pdf",
    "content_type": "earnings_transcript",
    "published_date": "2023-05-05",
    "fiscal_date": "2023-05-05",
    "fiscal_year": 2023,
    "fiscal_quarter": 1,
    "r2_url": "https://pub-2c783279b61043e19fbdadd1bee5153a.r2.dev/EPAM/2023-05-05/EPAM%20Systems%2C%20Inc._2023-05-05_transcript/EPAM%20Systems%2C%20Inc._2023-05-05_transcript.pdf/EPAM%20Systems%2C%20Inc._2023-05-05_transcript.pdf",
    "periodicity": "periodic"
  },
  {
    "equity_ticker": "EPAM",
    "geography": "US",
    "content_name": "EPAM Q1 2023 Press Release",
    "file_type": "pdf",
    "content_type": "earnings_press_release",
    "published_date": "2023-05-05",
    "fiscal_date": "2023-05-05",
    "fiscal_year": 2023,
    "fiscal_quarter": 1,
    "r2_url": "https://pub-2c783279b61043e19fbdadd1bee5153a.r2.dev/EPAM/2023-05-05/e9ad8-2023-05-05-10-17-56/e9ad8-2023-05-05-10-17-56.pdf/e9ad8-2023-05-05-10-17-56.pdf",
    "periodicity": "periodic"
  },
  {
    "equity_ticker": "EPAM",
    "geography": "US",
    "content_name": "EPAM Q1 2023 Presentation",
    "file_type": "pdf",
    "content_type": "earnings_presentation",
    "published_date": "2023-05-05",
    "fiscal_date": "2023-05-05",
    "fiscal_year": 2023,
    "fiscal_quarter": 1,
    "r2_url": "https://pub-2c783279b61043e19fbdadd1bee5153a.r2.dev/EPAM/2023-05-05/769f3-2023-05-05-11-02-32/769f3-2023-05-05-11-02-32.pdf/769f3-2023-05-05-11-02-32.pdf",
    "periodicity": "periodic"
  },
  {
    "equity_ticker": "EPAM",
    "geography": "US",
    "content_name": "EPAM Q4 2022 Transcript",
    "file_type": "pdf",
    "content_type": "earnings_transcript",
    "published_date": "2023-02-16",
    "fiscal_date": "2023-02-16",
    "fiscal_year": 2022,
    "fiscal_quarter": 4,
    "r2_url": "https://pub-2c783279b61043e19fbdadd1bee5153a.r2.dev/EPAM/2023-02-16/EPAM%20Systems%2C%20Inc._2023-02-16_transcript/EPAM%20Systems%2C%20Inc._2023-02-16_transcript.pdf/EPAM%20Systems%2C%20Inc._2023-02-16_transcript.pdf",
    "periodicity": "periodic"
  },
  {
    "equity_ticker": "EPAM",
    "geography": "US",
    "content_name": "EPAM Q4 2022 Press Release",
    "file_type": "pdf",
    "content_type": "earnings_press_release",
    "published_date": "2023-02-16",
    "fiscal_date": "2023-02-16",
    "fiscal_year": 2022,
    "fiscal_quarter": 4,
    "r2_url": "https://pub-2c783279b61043e19fbdadd1bee5153a.r2.dev/EPAM/2023-02-16/b1f58-2023-02-16-11-55-03/b1f58-2023-02-16-11-55-03.pdf/b1f58-2023-02-16-11-55-03.pdf",
    "periodicity": "periodic"
  },
  {
    "equity_ticker": "EPAM",
    "geography": "US",
    "content_name": "EPAM Q4 2022 Presentation",
    "file_type": "pdf",
    "content_type": "earnings_presentation",
    "published_date": "2023-02-16",
    "fiscal_date": "2023-02-16",
    "fiscal_year": 2022,
    "fiscal_quarter": 4,
    "r2_url": "https://pub-2c783279b61043e19fbdadd1bee5153a.r2.dev/EPAM/2023-02-16/ecb22-2023-02-16-11-20-04/ecb22-2023-02-16-11-20-04.pdf/ecb22-2023-02-16-11-20-04.pdf",
    "periodicity": "periodic"
  },
  {
    "equity_ticker": "EPAM",
    "geography": "US",
    "content_name": "EPAM Q3 2022 Transcript",
    "file_type": "pdf",
    "content_type": "earnings_transcript",
    "published_date": "2022-11-03",
    "fiscal_date": "2022-11-03",
    "fiscal_year": 2022,
    "fiscal_quarter": 3,
    "r2_url": "https://pub-2c783279b61043e19fbdadd1bee5153a.r2.dev/EPAM/2022-11-03/EPAM%20Systems%2C%20Inc._2022-11-03_transcript/EPAM%20Systems%2C%20Inc._2022-11-03_transcript.pdf/EPAM%20Systems%2C%20Inc._2022-11-03_transcript.pdf",
    "periodicity": "periodic"
  },
  {
    "equity_ticker": "EPAM",
    "geography": "US",
    "content_name": "EPAM Q3 2022 Press Release",
    "file_type": "pdf",
    "content_type": "earnings_press_release",
    "published_date": "2022-11-03",
    "fiscal_date": "2022-11-03",
    "fiscal_year": 2022,
    "fiscal_quarter": 3,
    "r2_url": "https://pub-2c783279b61043e19fbdadd1bee5153a.r2.dev/EPAM/2022-11-03/b7b66-2022-11-03-11-59-28/b7b66-2022-11-03-11-59-28.pdf/b7b66-2022-11-03-11-59-28.pdf",
    "periodicity": "periodic"
  },
  {
    "equity_ticker": "EPAM",
    "geography": "US",
    "content_name": "EPAM Q3 2022 Presentation",
    "file_type": "pdf",
    "content_type": "earnings_presentation",
    "published_date": "2022-11-03",
    "fiscal_date": "2022-11-03",
    "fiscal_year": 2022,
    "fiscal_quarter": 3,
    "r2_url": "https://pub-2c783279b61043e19fbdadd1bee5153a.r2.dev/EPAM/2022-11-03/1a7a6-2022-11-03-11-59-28/1a7a6-2022-11-03-11-59-28.pdf/1a7a6-2022-11-03-11-59-28.pdf",
    "periodicity": "periodic"
  },
  {
    "equity_ticker": "EPAM",
    "geography": "US",
    "content_name": "EPAM Q2 2022 Transcript",
    "file_type": "pdf",
    "content_type": "earnings_transcript",
    "published_date": "2022-08-04",
    "fiscal_date": "2022-08-04",
    "fiscal_year": 2022,
    "fiscal_quarter": 2,
    "r2_url": "https://pub-2c783279b61043e19fbdadd1bee5153a.r2.dev/EPAM/2022-08-04/EPAM%20Systems%2C%20Inc._2022-08-04_transcript/EPAM%20Systems%2C%20Inc._2022-08-04_transcript.pdf/EPAM%20Systems%2C%20Inc._2022-08-04_transcript.pdf",
    "periodicity": "periodic"
  },
  {
    "equity_ticker": "EPAM",
    "geography": "US",
    "content_name": "EPAM Q2 2022 Press Release",
    "file_type": "pdf",
    "content_type": "earnings_press_release",
    "published_date": "2022-08-04",
    "fiscal_date": "2022-08-04",
    "fiscal_year": 2022,
    "fiscal_quarter": 2,
    "r2_url": "https://pub-2c783279b61043e19fbdadd1bee5153a.r2.dev/EPAM/2022-08-04/75c8a-2022-08-04-11-07-09/75c8a-2022-08-04-11-07-09.pdf/75c8a-2022-08-04-11-07-09.pdf",
    "periodicity": "periodic"
  },
  {
    "equity_ticker": "EPAM",
    "geography": "US",
    "content_name": "EPAM Q2 2022 Presentation",
    "file_type": "pdf",
    "content_type": "earnings_presentation",
    "published_date": "2022-08-04",
    "fiscal_date": "2022-08-04",
    "fiscal_year": 2022,
    "fiscal_quarter": 2,
    "r2_url": "https://pub-2c783279b61043e19fbdadd1bee5153a.r2.dev/EPAM/2022-08-04/f05e4-2022-08-04-01-32-43/f05e4-2022-08-04-01-32-43.pdf/f05e4-2022-08-04-01-32-43.pdf",
    "periodicity": "periodic"
  },
  {
    "equity_ticker": "EPAM",
    "geography": "US",
    "content_name": "EPAM Q1 2022 Transcript",
    "file_type": "pdf",
    "content_type": "earnings_transcript",
    "published_date": "2022-05-05",
    "fiscal_date": "2022-05-05",
    "fiscal_year": 2022,
    "fiscal_quarter": 1,
    "r2_url": "https://pub-2c783279b61043e19fbdadd1bee5153a.r2.dev/EPAM/2022-05-05/EPAM%20Systems%2C%20Inc._2022-05-05_transcript/EPAM%20Systems%2C%20Inc._2022-05-05_transcript.pdf/EPAM%20Systems%2C%20Inc._2022-05-05_transcript.pdf",
    "periodicity": "periodic"
  },
  {
    "equity_ticker": "EPAM",
    "geography": "US",
    "content_name": "EPAM Q1 2022 Press Release",
    "file_type": "pdf",
    "content_type": "earnings_press_release",
    "published_date": "2022-05-05",
    "fiscal_date": "2022-05-05",
    "fiscal_year": 2022,
    "fiscal_quarter": 1,
    "r2_url": "https://pub-2c783279b61043e19fbdadd1bee5153a.r2.dev/EPAM/2022-05-05/aa76c-2023-01-25-02-40-32/aa76c-2023-01-25-02-40-32.pdf/aa76c-2023-01-25-02-40-32.pdf",
    "periodicity": "periodic"
  },
  {
    "equity_ticker": "EPAM",
    "geography": "US",
    "content_name": "EPAM Q1 2022 Presentation",
    "file_type": "pdf",
    "content_type": "earnings_presentation",
    "published_date": "2022-05-05",
    "fiscal_date": "2022-05-05",
    "fiscal_year": 2022,
    "fiscal_quarter": 1,
    "r2_url": "https://pub-2c783279b61043e19fbdadd1bee5153a.r2.dev/EPAM/2022-05-05/4d650-2022-05-05-12-09-34-migrated/4d650-2022-05-05-12-09-34-migrated.pdf/4d650-2022-05-05-12-09-34-migrated.pdf",
    "periodicity": "periodic"
  },
  {
    "equity_ticker": "EPAM",
    "geography": "US",
    "content_name": "EPAM Q4 2021 Transcript",
    "file_type": "pdf",
    "content_type": "earnings_transcript",
    "published_date": "2022-02-17",
    "fiscal_date": "2022-02-17",
    "fiscal_year": 2021,
    "fiscal_quarter": 4,
    "r2_url": "https://pub-2c783279b61043e19fbdadd1bee5153a.r2.dev/EPAM/2022-02-17/EPAM%20Systems%2C%20Inc._2022-02-17_transcript/EPAM%20Systems%2C%20Inc._2022-02-17_transcript.pdf/EPAM%20Systems%2C%20Inc._2022-02-17_transcript.pdf",
    "periodicity": "periodic"
  },
  {
    "equity_ticker": "EPAM",
    "geography": "US",
    "content_name": "EPAM Q4 2021 Press Release",
    "file_type": "pdf",
    "content_type": "earnings_press_release",
    "published_date": "2022-02-17",
    "fiscal_date": "2022-02-17",
    "fiscal_year": 2021,
    "fiscal_quarter": 4,
    "r2_url": "https://pub-2c783279b61043e19fbdadd1bee5153a.r2.dev/EPAM/2022-02-17/462e5-2023-01-25-12-31-28/462e5-2023-01-25-12-31-28.pdf/462e5-2023-01-25-12-31-28.pdf",
    "periodicity": "periodic"
  },
  {
    "equity_ticker": "EPAM",
    "geography": "US",
    "content_name": "EPAM Q4 2021 Presentation",
    "file_type": "pdf",
    "content_type": "earnings_presentation",
    "published_date": "2022-02-17",
    "fiscal_date": "2022-02-17",
    "fiscal_year": 2021,
    "fiscal_quarter": 4,
    "r2_url": "https://pub-2c783279b61043e19fbdadd1bee5153a.r2.dev/EPAM/2022-02-17/26cd8-2022-02-17-04-52-00-migrated/26cd8-2022-02-17-04-52-00-migrated.pdf/26cd8-2022-02-17-04-52-00-migrated.pdf",
    "periodicity": "periodic"
  },
  {
    "equity_ticker": "EPAM",
    "geography": "US",
    "content_name": "EPAM Q3 2021 Transcript",
    "file_type": "pdf",
    "content_type": "earnings_transcript",
    "published_date": "2021-11-04",
    "fiscal_date": "2021-11-04",
    "fiscal_year": 2021,
    "fiscal_quarter": 3,
    "r2_url": "https://pub-2c783279b61043e19fbdadd1bee5153a.r2.dev/EPAM/2021-11-04/EPAM%20Systems%2C%20Inc._2021-11-04_transcript/EPAM%20Systems%2C%20Inc._2021-11-04_transcript.pdf/EPAM%20Systems%2C%20Inc._2021-11-04_transcript.pdf",
    "periodicity": "periodic"
  },
  {
    "equity_ticker": "EPAM",
    "geography": "US",
    "content_name": "EPAM Q3 2021 Press Release",
    "file_type": "pdf",
    "content_type": "earnings_press_release",
    "published_date": "2021-11-04",
    "fiscal_date": "2021-11-04",
    "fiscal_year": 2021,
    "fiscal_quarter": 3,
    "r2_url": "https://pub-2c783279b61043e19fbdadd1bee5153a.r2.dev/EPAM/2021-11-04/32bf5-2023-01-25-11-25-54/32bf5-2023-01-25-11-25-54.pdf/32bf5-2023-01-25-11-25-54.pdf",
    "periodicity": "periodic"
  },
  {
    "equity_ticker": "EPAM",
    "geography": "US",
    "content_name": "EPAM Q3 2021 Presentation",
    "file_type": "pdf",
    "content_type": "earnings_presentation",
    "published_date": "2021-11-04",
    "fiscal_date": "2021-11-04",
    "fiscal_year": 2021,
    "fiscal_quarter": 3,
    "r2_url": "https://pub-2c783279b61043e19fbdadd1bee5153a.r2.dev/EPAM/2021-11-04/83435-2021-11-04-12-00-00-migrated/83435-2021-11-04-12-00-00-migrated.pdf/83435-2021-11-04-12-00-00-migrated.pdf",
    "periodicity": "periodic"
  },
  {
    "equity_ticker": "EPAM",
    "geography": "US",
    "content_name": "EPAM Q2 2021 Transcript",
    "file_type": "pdf",
    "content_type": "earnings_transcript",
    "published_date": "2021-08-05",
    "fiscal_date": "2021-08-05",
    "fiscal_year": 2021,
    "fiscal_quarter": 2,
    "r2_url": "https://pub-2c783279b61043e19fbdadd1bee5153a.r2.dev/EPAM/2021-08-05/EPAM%20Systems%2C%20Inc._2021-08-05_transcript/EPAM%20Systems%2C%20Inc._2021-08-05_transcript.pdf/EPAM%20Systems%2C%20Inc._2021-08-05_transcript.pdf",
    "periodicity": "periodic"
  },
  {
    "equity_ticker": "EPAM",
    "geography": "US",
    "content_name": "EPAM Q2 2021 Press Release",
    "file_type": "pdf",
    "content_type": "earnings_press_release",
    "published_date": "2021-08-05",
    "fiscal_date": "2021-08-05",
    "fiscal_year": 2021,
    "fiscal_quarter": 2,
    "r2_url": "https://pub-2c783279b61043e19fbdadd1bee5153a.r2.dev/EPAM/2021-08-05/a604c-2023-01-25-09-18-28/a604c-2023-01-25-09-18-28.pdf/a604c-2023-01-25-09-18-28.pdf",
    "periodicity": "periodic"
  },
  {
    "equity_ticker": "EPAM",
    "geography": "US",
    "content_name": "EPAM Q2 2021 Presentation",
    "file_type": "pdf",
    "content_type": "earnings_presentation",
    "published_date": "2021-08-05",
    "fiscal_date": "2021-08-05",
    "fiscal_year": 2021,
    "fiscal_quarter": 2,
    "r2_url": "https://pub-2c783279b61043e19fbdadd1bee5153a.r2.dev/EPAM/2021-08-05/9db7e-2021-08-05-04-00-31-migrated/9db7e-2021-08-05-04-00-31-migrated.pdf/9db7e-2021-08-05-04-00-31-migrated.pdf",
    "periodicity": "periodic"
  },
  {
    "equity_ticker": "EPAM",
    "geography": "US",
    "content_name": "EPAM Q1 2021 Transcript",
    "file_type": "pdf",
    "content_type": "earnings_transcript",
    "published_date": "2021-05-06",
    "fiscal_date": "2021-05-06",
    "fiscal_year": 2021,
    "fiscal_quarter": 1,
    "r2_url": "https://pub-2c783279b61043e19fbdadd1bee5153a.r2.dev/EPAM/2021-05-06/EPAM%20Systems%2C%20Inc._2021-05-06_transcript/EPAM%20Systems%2C%20Inc._2021-05-06_transcript.pdf/EPAM%20Systems%2C%20Inc._2021-05-06_transcript.pdf",
    "periodicity": "periodic"
  },
  {
    "equity_ticker": "EPAM",
    "geography": "US",
    "content_name": "EPAM Q1 2021 Press Release",
    "file_type": "pdf",
    "content_type": "earnings_press_release",
    "published_date": "2021-05-06",
    "fiscal_date": "2021-05-06",
    "fiscal_year": 2021,
    "fiscal_quarter": 1,
    "r2_url": "https://pub-2c783279b61043e19fbdadd1bee5153a.r2.dev/EPAM/2021-05-06/1aa69-2023-01-25-09-02-19/1aa69-2023-01-25-09-02-19.pdf/1aa69-2023-01-25-09-02-19.pdf",
    "periodicity": "periodic"
  },
  {
    "equity_ticker": "EPAM",
    "geography": "US",
    "content_name": "EPAM Q1 2021 Presentation",
    "file_type": "pdf",
    "content_type": "earnings_presentation",
    "published_date": "2021-05-06",
    "fiscal_date": "2021-05-06",
    "fiscal_year": 2021,
    "fiscal_quarter": 1,
    "r2_url": "https://pub-2c783279b61043e19fbdadd1bee5153a.r2.dev/EPAM/2021-05-06/056fc-2021-05-06-05-01-37-migrated/056fc-2021-05-06-05-01-37-migrated.pdf/056fc-2021-05-06-05-01-37-migrated.pdf",
    "periodicity": "periodic"
  },
  {
    "equity_ticker": "EPAM",
    "geography": "US",
    "content_name": "EPAM Q4 2020 Transcript",
    "file_type": "pdf",
    "content_type": "earnings_transcript",
    "published_date": "2021-02-18",
    "fiscal_date": "2021-02-18",
    "fiscal_year": 2020,
    "fiscal_quarter": 4,
    "r2_url": "https://pub-2c783279b61043e19fbdadd1bee5153a.r2.dev/EPAM/2021-02-18/EPAM%20Systems%2C%20Inc._2021-02-18_transcript/EPAM%20Systems%2C%20Inc._2021-02-18_transcript.pdf/EPAM%20Systems%2C%20Inc._2021-02-18_transcript.pdf",
    "periodicity": "periodic"
  },
  {
    "equity_ticker": "EPAM",
    "geography": "US",
    "content_name": "EPAM Q4 2020 Press Release",
    "file_type": "pdf",
    "content_type": "earnings_press_release",
    "published_date": "2021-02-18",
    "fiscal_date": "2021-02-18",
    "fiscal_year": 2020,
    "fiscal_quarter": 4,
    "r2_url": "https://pub-2c783279b61043e19fbdadd1bee5153a.r2.dev/EPAM/2021-02-18/233ee-2025-03-07-08-51-17/233ee-2025-03-07-08-51-17.pdf/233ee-2025-03-07-08-51-17.pdf",
    "periodicity": "periodic"
  },
  {
    "equity_ticker": "EPAM",
    "geography": "US",
    "content_name": "EPAM Q4 2020 Presentation",
    "file_type": "pdf",
    "content_type": "earnings_presentation",
    "published_date": "2021-02-18",
    "fiscal_date": "2021-02-18",
    "fiscal_year": 2020,
    "fiscal_quarter": 4,
    "r2_url": "https://pub-2c783279b61043e19fbdadd1bee5153a.r2.dev/EPAM/2021-02-18/ba706-2022-10-07-11-08-16/ba706-2022-10-07-11-08-16.pdf/ba706-2022-10-07-11-08-16.pdf",
    "periodicity": "periodic"
  },
  {
    "equity_ticker": "EPAM",
    "geography": "US",
    "content_name": "EPAM Q3 2020 Transcript",
    "file_type": "pdf",
    "content_type": "earnings_transcript",
    "published_date": "2020-11-05",
    "fiscal_date": "2020-11-05",
    "fiscal_year": 2020,
    "fiscal_quarter": 3,
    "r2_url": "https://pub-2c783279b61043e19fbdadd1bee5153a.r2.dev/EPAM/2020-11-05/EPAM%20Systems%2C%20Inc._2020-11-05_transcript/EPAM%20Systems%2C%20Inc._2020-11-05_transcript.pdf/EPAM%20Systems%2C%20Inc._2020-11-05_transcript.pdf",
    "periodicity": "periodic"
  },
  {
    "equity_ticker": "EPAM",
    "geography": "US",
    "content_name": "EPAM Q3 2020 Press Release",
    "file_type": "pdf",
    "content_type": "quarterly_report",
    "published_date": "2020-11-05",
    "fiscal_date": "2020-11-05",
    "fiscal_year": 2020,
    "fiscal_quarter": 3,
    "r2_url": "https://pub-2c783279b61043e19fbdadd1bee5153a.r2.dev/EPAM/2020-11-05/47133-2024-08-29-08-35-19/47133-2024-08-29-08-35-19.pdf/47133-2024-08-29-08-35-19.pdf",
    "periodicity": "periodic"
  },
  {
    "equity_ticker": "EPAM",
    "geography": "US",
    "content_name": "EPAM Q3 2020 Presentation",
    "file_type": "pdf",
    "content_type": "earnings_presentation",
    "published_date": "2020-11-05",
    "fiscal_date": "2020-11-05",
    "fiscal_year": 2020,
    "fiscal_quarter": 3,
    "r2_url": "https://pub-2c783279b61043e19fbdadd1bee5153a.r2.dev/EPAM/2020-11-05/aa790-2022-10-07-11-17-18/aa790-2022-10-07-11-17-18.pdf/aa790-2022-10-07-11-17-18.pdf",
    "periodicity": "periodic"
  },
  {
    "equity_ticker": "EPAM",
    "geography": "US",
    "content_name": "EPAM Q4 2019 Transcript",
    "file_type": "pdf",
    "content_type": "earnings_transcript",
    "published_date": "2020-10-07",
    "fiscal_date": "2020-10-07",
    "fiscal_year": 2019,
    "fiscal_quarter": 4,
    "r2_url": "https://pub-2c783279b61043e19fbdadd1bee5153a.r2.dev/EPAM/2020-10-07/EPAM%20Systems%2C%20Inc._2020-10-07_transcript/EPAM%20Systems%2C%20Inc._2020-10-07_transcript.pdf/EPAM%20Systems%2C%20Inc._2020-10-07_transcript.pdf",
    "periodicity": "periodic"
  },
  {
    "equity_ticker": "EPAM",
    "geography": "US",
    "content_name": "EPAM Q4 2019 Press Release",
    "file_type": "pdf",
    "content_type": "earnings_press_release",
    "published_date": "2020-10-07",
    "fiscal_date": "2020-10-07",
    "fiscal_year": 2019,
    "fiscal_quarter": 4,
    "r2_url": "https://pub-2c783279b61043e19fbdadd1bee5153a.r2.dev/EPAM/2020-10-07/c7d1b-2022-10-07-11-32-25/c7d1b-2022-10-07-11-32-25.pdf/c7d1b-2022-10-07-11-32-25.pdf",
    "periodicity": "periodic"
  },
  {
    "equity_ticker": "EPAM",
    "geography": "US",
    "content_name": "EPAM Q4 2019 Presentation",
    "file_type": "pdf",
    "content_type": "earnings_presentation",
    "published_date": "2020-10-07",
    "fiscal_date": "2020-10-07",
    "fiscal_year": 2019,
    "fiscal_quarter": 4,
    "r2_url": "https://pub-2c783279b61043e19fbdadd1bee5153a.r2.dev/EPAM/2020-10-07/9a5f5-2022-10-07-11-32-25/9a5f5-2022-10-07-11-32-25.pdf/9a5f5-2022-10-07-11-32-25.pdf",
    "periodicity": "periodic"
  },
  {
    "equity_ticker": "EPAM",
    "geography": "US",
    "content_name": "EPAM Q2 2020 Transcript",
    "file_type": "pdf",
    "content_type": "earnings_transcript",
    "published_date": "2020-08-06",
    "fiscal_date": "2020-08-06",
    "fiscal_year": 2020,
    "fiscal_quarter": 2,
    "r2_url": "https://pub-2c783279b61043e19fbdadd1bee5153a.r2.dev/EPAM/2020-08-06/EPAM%20Systems%2C%20Inc._2020-08-06_transcript/EPAM%20Systems%2C%20Inc._2020-08-06_transcript.pdf/EPAM%20Systems%2C%20Inc._2020-08-06_transcript.pdf",
    "periodicity": "periodic"
  },
  {
    "equity_ticker": "EPAM",
    "geography": "US",
    "content_name": "EPAM Q2 2020 Press Release",
    "file_type": "pdf",
    "content_type": "quarterly_report",
    "published_date": "2020-08-06",
    "fiscal_date": "2020-08-06",
    "fiscal_year": 2020,
    "fiscal_quarter": 2,
    "r2_url": "https://pub-2c783279b61043e19fbdadd1bee5153a.r2.dev/EPAM/2020-08-06/dde61-2024-08-29-08-42-19/dde61-2024-08-29-08-42-19.pdf/dde61-2024-08-29-08-42-19.pdf",
    "periodicity": "periodic"
  },
  {
    "equity_ticker": "EPAM",
    "geography": "US",
    "content_name": "EPAM Q2 2020 Presentation",
    "file_type": "pdf",
    "content_type": "earnings_presentation",
    "published_date": "2020-08-06",
    "fiscal_date": "2020-08-06",
    "fiscal_year": 2020,
    "fiscal_quarter": 2,
    "r2_url": "https://pub-2c783279b61043e19fbdadd1bee5153a.r2.dev/EPAM/2020-08-06/5e864-2022-10-07-11-32-19/5e864-2022-10-07-11-32-19.pdf/5e864-2022-10-07-11-32-19.pdf",
    "periodicity": "periodic"
  },
  {
    "equity_ticker": "EPAM",
    "geography": "US",
    "content_name": "EPAM Q1 2020 Transcript",
    "file_type": "pdf",
    "content_type": "earnings_transcript",
    "published_date": "2020-05-07",
    "fiscal_date": "2020-05-07",
    "fiscal_year": 2020,
    "fiscal_quarter": 1,
    "r2_url": "https://pub-2c783279b61043e19fbdadd1bee5153a.r2.dev/EPAM/2020-05-07/EPAM%20Systems%2C%20Inc._2020-05-07_transcript/EPAM%20Systems%2C%20Inc._2020-05-07_transcript.pdf/EPAM%20Systems%2C%20Inc._2020-05-07_transcript.pdf",
    "periodicity": "periodic"
  },
  {
    "equity_ticker": "EPAM",
    "geography": "US",
    "content_name": "EPAM Q1 2020 Press Release",
    "file_type": "pdf",
    "content_type": "quarterly_report",
    "published_date": "2020-05-07",
    "fiscal_date": "2020-05-07",
    "fiscal_year": 2020,
    "fiscal_quarter": 1,
    "r2_url": "https://pub-2c783279b61043e19fbdadd1bee5153a.r2.dev/EPAM/2020-05-07/6c90b-2024-08-29-08-41-19/6c90b-2024-08-29-08-41-19.pdf/6c90b-2024-08-29-08-41-19.pdf",
    "periodicity": "periodic"
  },
  {
    "equity_ticker": "EPAM",
    "geography": "US",
    "content_name": "EPAM Q1 2020 Presentation",
    "file_type": "pdf",
    "content_type": "earnings_presentation",
    "published_date": "2020-05-07",
    "fiscal_date": "2020-05-07",
    "fiscal_year": 2020,
    "fiscal_quarter": 1,
    "r2_url": "https://pub-2c783279b61043e19fbdadd1bee5153a.r2.dev/EPAM/2020-05-07/cc8de-2022-10-07-11-56-22/cc8de-2022-10-07-11-56-22.pdf/cc8de-2022-10-07-11-56-22.pdf",
    "periodicity": "periodic"
  },
  {
    "equity_ticker": "EPAM",
    "geography": "US",
    "content_name": "EPAM Q3 2019 Transcript",
    "file_type": "pdf",
    "content_type": "earnings_transcript",
    "published_date": "2019-11-07",
    "fiscal_date": "2019-11-07",
    "fiscal_year": 2019,
    "fiscal_quarter": 3,
    "r2_url": "https://pub-2c783279b61043e19fbdadd1bee5153a.r2.dev/EPAM/2019-11-07/EPAM%20Systems%2C%20Inc._2019-11-07_transcript/EPAM%20Systems%2C%20Inc._2019-11-07_transcript.pdf/EPAM%20Systems%2C%20Inc._2019-11-07_transcript.pdf",
    "periodicity": "periodic"
  },
  {
    "equity_ticker": "EPAM",
    "geography": "US",
    "content_name": "EPAM Q3 2019 Press Release",
    "file_type": "pdf",
    "content_type": "earnings_press_release",
    "published_date": "2019-11-07",
    "fiscal_date": "2019-11-07",
    "fiscal_year": 2019,
    "fiscal_quarter": 3,
    "r2_url": "https://pub-2c783279b61043e19fbdadd1bee5153a.r2.dev/EPAM/2019-11-07/c1e0a-2022-10-07-11-09-31/c1e0a-2022-10-07-11-09-31.pdf/c1e0a-2022-10-07-11-09-31.pdf",
    "periodicity": "periodic"
  },
  {
    "equity_ticker": "EPAM",
    "geography": "US",
    "content_name": "EPAM Q3 2019 Presentation",
    "file_type": "pdf",
    "content_type": "earnings_presentation",
    "published_date": "2019-11-07",
    "fiscal_date": "2019-11-07",
    "fiscal_year": 2019,
    "fiscal_quarter": 3,
    "r2_url": "https://pub-2c783279b61043e19fbdadd1bee5153a.r2.dev/EPAM/2019-11-07/9da7f-2022-10-07-11-09-31/9da7f-2022-10-07-11-09-31.pdf/9da7f-2022-10-07-11-09-31.pdf",
    "periodicity": "periodic"
  },
  {
    "equity_ticker": "EPAM",
    "geography": "US",
    "content_name": "EPAM Q2 2019 Transcript",
    "file_type": "pdf",
    "content_type": "earnings_transcript",
    "published_date": "2019-08-08",
    "fiscal_date": "2019-08-08",
    "fiscal_year": 2019,
    "fiscal_quarter": 2,
    "r2_url": "https://pub-2c783279b61043e19fbdadd1bee5153a.r2.dev/EPAM/2019-08-08/EPAM%20Systems%2C%20Inc._2019-08-08_transcript/EPAM%20Systems%2C%20Inc._2019-08-08_transcript.pdf/EPAM%20Systems%2C%20Inc._2019-08-08_transcript.pdf",
    "periodicity": "periodic"
  },
  {
    "equity_ticker": "EPAM",
    "geography": "US",
    "content_name": "EPAM Q2 2019 Press Release",
    "file_type": "pdf",
    "content_type": "quarterly_report",
    "published_date": "2019-08-08",
    "fiscal_date": "2019-08-08",
    "fiscal_year": 2019,
    "fiscal_quarter": 2,
    "r2_url": "https://pub-2c783279b61043e19fbdadd1bee5153a.r2.dev/EPAM/2019-08-08/6fecc-2024-08-29-08-43-19/6fecc-2024-08-29-08-43-19.pdf/6fecc-2024-08-29-08-43-19.pdf",
    "periodicity": "periodic"
  },
  {
    "equity_ticker": "EPAM",
    "geography": "US",
    "content_name": "EPAM Q2 2019 Presentation",
    "file_type": "pdf",
    "content_type": "earnings_presentation",
    "published_date": "2019-08-08",
    "fiscal_date": "2019-08-08",
    "fiscal_year": 2019,
    "fiscal_quarter": 2,
    "r2_url": "https://pub-2c783279b61043e19fbdadd1bee5153a.r2.dev/EPAM/2019-08-08/69d60-2022-10-07-11-19-32/69d60-2022-10-07-11-19-32.pdf/69d60-2022-10-07-11-19-32.pdf",
    "periodicity": "periodic"
  },
  {
    "equity_ticker": "EPAM",
    "geography": "US",
    "content_name": "EPAM Q1 2019 Transcript",
    "file_type": "pdf",
    "content_type": "earnings_transcript",
    "published_date": "2019-05-09",
    "fiscal_date": "2019-05-09",
    "fiscal_year": 2019,
    "fiscal_quarter": 1,
    "r2_url": "https://pub-2c783279b61043e19fbdadd1bee5153a.r2.dev/EPAM/2019-05-09/EPAM%20Systems%2C%20Inc._2019-05-09_transcript/EPAM%20Systems%2C%20Inc._2019-05-09_transcript.pdf/EPAM%20Systems%2C%20Inc._2019-05-09_transcript.pdf",
    "periodicity": "periodic"
  },
  {
    "equity_ticker": "EPAM",
    "geography": "US",
    "content_name": "EPAM Q1 2019 Press Release",
    "file_type": "pdf",
    "content_type": "earnings_press_release",
    "published_date": "2019-05-09",
    "fiscal_date": "2019-05-09",
    "fiscal_year": 2019,
    "fiscal_quarter": 1,
    "r2_url": "https://pub-2c783279b61043e19fbdadd1bee5153a.r2.dev/EPAM/2019-05-09/64535-2022-10-07-11-26-35/64535-2022-10-07-11-26-35.pdf/64535-2022-10-07-11-26-35.pdf",
    "periodicity": "periodic"
  },
  {
    "equity_ticker": "EPAM",
    "geography": "US",
    "content_name": "EPAM Q1 2019 Presentation",
    "file_type": "pdf",
    "content_type": "earnings_presentation",
    "published_date": "2019-05-09",
    "fiscal_date": "2019-05-09",
    "fiscal_year": 2019,
    "fiscal_quarter": 1,
    "r2_url": "https://pub-2c783279b61043e19fbdadd1bee5153a.r2.dev/EPAM/2019-05-09/935db-2022-10-07-11-26-35/935db-2022-10-07-11-26-35.pdf/935db-2022-10-07-11-26-35.pdf",
    "periodicity": "periodic"
  },
  {
    "equity_ticker": "EPAM",
    "geography": "US",
    "content_name": "EPAM Q4 2018 Transcript",
    "file_type": "pdf",
    "content_type": "earnings_transcript",
    "published_date": "2019-02-14",
    "fiscal_date": "2019-02-14",
    "fiscal_year": 2018,
    "fiscal_quarter": 4,
    "r2_url": "https://pub-2c783279b61043e19fbdadd1bee5153a.r2.dev/EPAM/2019-02-14/EPAM%20Systems%2C%20Inc._2019-02-14_transcript/EPAM%20Systems%2C%20Inc._2019-02-14_transcript.pdf/EPAM%20Systems%2C%20Inc._2019-02-14_transcript.pdf",
    "periodicity": "periodic"
  },
  {
    "equity_ticker": "EPAM",
    "geography": "US",
    "content_name": "EPAM Q4 2018 Press Release",
    "file_type": "pdf",
    "content_type": "earnings_press_release",
    "published_date": "2019-02-14",
    "fiscal_date": "2019-02-14",
    "fiscal_year": 2018,
    "fiscal_quarter": 4,
    "r2_url": "https://pub-2c783279b61043e19fbdadd1bee5153a.r2.dev/EPAM/2019-02-14/44d25-2023-09-01-02-43-24/44d25-2023-09-01-02-43-24.pdf/44d25-2023-09-01-02-43-24.pdf",
    "periodicity": "periodic"
  },
  {
    "equity_ticker": "EPAM",
    "geography": "US",
    "content_name": "EPAM Q4 2018 Presentation",
    "file_type": "pdf",
    "content_type": "earnings_presentation",
    "published_date": "2019-02-14",
    "fiscal_date": "2019-02-14",
    "fiscal_year": 2018,
    "fiscal_quarter": 4,
    "r2_url": "https://pub-2c783279b61043e19fbdadd1bee5153a.r2.dev/EPAM/2019-02-14/0beb6-2023-09-01-02-43-24/0beb6-2023-09-01-02-43-24.pdf/0beb6-2023-09-01-02-43-24.pdf",
    "periodicity": "periodic"
  },
  {
    "equity_ticker": "EPAM",
    "geography": "US",
    "content_name": "EPAM Q3 2018 Transcript",
    "file_type": "pdf",
    "content_type": "earnings_transcript",
    "published_date": "2018-11-01",
    "fiscal_date": "2018-11-01",
    "fiscal_year": 2018,
    "fiscal_quarter": 3,
    "r2_url": "https://pub-2c783279b61043e19fbdadd1bee5153a.r2.dev/EPAM/2018-11-01/EPAM%20Systems%2C%20Inc._2018-11-01_transcript/EPAM%20Systems%2C%20Inc._2018-11-01_transcript.pdf/EPAM%20Systems%2C%20Inc._2018-11-01_transcript.pdf",
    "periodicity": "periodic"
  },
  {
    "equity_ticker": "EPAM",
    "geography": "US",
    "content_name": "EPAM Q3 2018 Press Release",
    "file_type": "pdf",
    "content_type": "earnings_press_release",
    "published_date": "2018-11-01",
    "fiscal_date": "2018-11-01",
    "fiscal_year": 2018,
    "fiscal_quarter": 3,
    "r2_url": "https://pub-2c783279b61043e19fbdadd1bee5153a.r2.dev/EPAM/2018-11-01/9de07-2023-09-01-02-43-25/9de07-2023-09-01-02-43-25.pdf/9de07-2023-09-01-02-43-25.pdf",
    "periodicity": "periodic"
  },
  {
    "equity_ticker": "EPAM",
    "geography": "US",
    "content_name": "EPAM Q3 2018 Presentation",
    "file_type": "pdf",
    "content_type": "earnings_presentation",
    "published_date": "2018-11-01",
    "fiscal_date": "2018-11-01",
    "fiscal_year": 2018,
    "fiscal_quarter": 3,
    "r2_url": "https://pub-2c783279b61043e19fbdadd1bee5153a.r2.dev/EPAM/2018-11-01/a6aa6-2023-09-01-02-43-25/a6aa6-2023-09-01-02-43-25.pdf/a6aa6-2023-09-01-02-43-25.pdf",
    "periodicity": "periodic"
  },
  {
    "equity_ticker": "EPAM",
    "geography": "US",
    "content_name": "EPAM Q2 2018 Transcript",
    "file_type": "pdf",
    "content_type": "earnings_transcript",
    "published_date": "2018-08-02",
    "fiscal_date": "2018-08-02",
    "fiscal_year": 2018,
    "fiscal_quarter": 2,
    "r2_url": "https://pub-2c783279b61043e19fbdadd1bee5153a.r2.dev/EPAM/2018-08-02/EPAM%20Systems%2C%20Inc._2018-08-02_transcript/EPAM%20Systems%2C%20Inc._2018-08-02_transcript.pdf/EPAM%20Systems%2C%20Inc._2018-08-02_transcript.pdf",
    "periodicity": "periodic"
  },
  {
    "equity_ticker": "EPAM",
    "geography": "US",
    "content_name": "EPAM Q2 2018 Press Release",
    "file_type": "pdf",
    "content_type": "earnings_press_release",
    "published_date": "2018-08-02",
    "fiscal_date": "2018-08-02",
    "fiscal_year": 2018,
    "fiscal_quarter": 2,
    "r2_url": "https://pub-2c783279b61043e19fbdadd1bee5153a.r2.dev/EPAM/2018-08-02/af93a-2023-09-01-02-47-26/af93a-2023-09-01-02-47-26.pdf/af93a-2023-09-01-02-47-26.pdf",
    "periodicity": "periodic"
  },
  {
    "equity_ticker": "EPAM",
    "geography": "US",
    "content_name": "EPAM Q2 2018 Presentation",
    "file_type": "pdf",
    "content_type": "earnings_presentation",
    "published_date": "2018-08-02",
    "fiscal_date": "2018-08-02",
    "fiscal_year": 2018,
    "fiscal_quarter": 2,
    "r2_url": "https://pub-2c783279b61043e19fbdadd1bee5153a.r2.dev/EPAM/2018-08-02/7171d-2023-09-01-02-47-26/7171d-2023-09-01-02-47-26.pdf/7171d-2023-09-01-02-47-26.pdf",
    "periodicity": "periodic"
  },
  {
    "equity_ticker": "EPAM",
    "geography": "US",
    "content_name": "EPAM Q1 2018 Transcript",
    "file_type": "pdf",
    "content_type": "earnings_transcript",
    "published_date": "2018-05-09",
    "fiscal_date": "2018-05-09",
    "fiscal_year": 2018,
    "fiscal_quarter": 1,
    "r2_url": "https://pub-2c783279b61043e19fbdadd1bee5153a.r2.dev/EPAM/2018-05-09/EPAM%20Systems%2C%20Inc._2018-05-09_transcript/EPAM%20Systems%2C%20Inc._2018-05-09_transcript.pdf/EPAM%20Systems%2C%20Inc._2018-05-09_transcript.pdf",
    "periodicity": "periodic"
  },
  {
    "equity_ticker": "EPAM",
    "geography": "US",
    "content_name": "EPAM Q1 2018 Press Release",
    "file_type": "pdf",
    "content_type": "earnings_press_release",
    "published_date": "2018-05-09",
    "fiscal_date": "2018-05-09",
    "fiscal_year": 2018,
    "fiscal_quarter": 1,
    "r2_url": "https://pub-2c783279b61043e19fbdadd1bee5153a.r2.dev/EPAM/2018-05-09/41e01-2023-09-01-02-55-27/41e01-2023-09-01-02-55-27.pdf/41e01-2023-09-01-02-55-27.pdf",
    "periodicity": "periodic"
  },
  {
    "equity_ticker": "EPAM",
    "geography": "US",
    "content_name": "EPAM Q1 2018 Presentation",
    "file_type": "pdf",
    "content_type": "earnings_presentation",
    "published_date": "2018-05-09",
    "fiscal_date": "2018-05-09",
    "fiscal_year": 2018,
    "fiscal_quarter": 1,
    "r2_url": "https://pub-2c783279b61043e19fbdadd1bee5153a.r2.dev/EPAM/2018-05-09/c884f-2023-09-01-02-55-27/c884f-2023-09-01-02-55-27.pdf/c884f-2023-09-01-02-55-27.pdf",
    "periodicity": "periodic"
  },
  {
    "equity_ticker": "EPAM",
    "geography": "US",
    "content_name": "EPAM Q4 2017 Transcript",
    "file_type": "pdf",
    "content_type": "earnings_transcript",
    "published_date": "2018-02-16",
    "fiscal_date": "2018-02-16",
    "fiscal_year": 2017,
    "fiscal_quarter": 4,
    "r2_url": "https://pub-2c783279b61043e19fbdadd1bee5153a.r2.dev/EPAM/2018-02-16/EPAM%20Systems%2C%20Inc._2018-02-16_transcript/EPAM%20Systems%2C%20Inc._2018-02-16_transcript.pdf/EPAM%20Systems%2C%20Inc._2018-02-16_transcript.pdf",
    "periodicity": "periodic"
  },
  {
    "equity_ticker": "EPAM",
    "geography": "US",
    "content_name": "EPAM Q4 2017 Press Release",
    "file_type": "pdf",
    "content_type": "earnings_press_release",
    "published_date": "2018-02-16",
    "fiscal_date": "2018-02-16",
    "fiscal_year": 2017,
    "fiscal_quarter": 4,
    "r2_url": "https://pub-2c783279b61043e19fbdadd1bee5153a.r2.dev/EPAM/2018-02-16/0360c-2023-09-01-02-02-29/0360c-2023-09-01-02-02-29.pdf/0360c-2023-09-01-02-02-29.pdf",
    "periodicity": "periodic"
  },
  {
    "equity_ticker": "EPAM",
    "geography": "US",
    "content_name": "EPAM Q4 2017 Presentation",
    "file_type": "pdf",
    "content_type": "earnings_presentation",
    "published_date": "2018-02-16",
    "fiscal_date": "2018-02-16",
    "fiscal_year": 2017,
    "fiscal_quarter": 4,
    "r2_url": "https://pub-2c783279b61043e19fbdadd1bee5153a.r2.dev/EPAM/2018-02-16/e629f-2023-09-01-02-02-29/e629f-2023-09-01-02-02-29.pdf/e629f-2023-09-01-02-02-29.pdf",
    "periodicity": "periodic"
  },
  {
    "equity_ticker": "EPAM",
    "geography": "US",
    "content_name": "EPAM Q3 2017 Transcript",
    "file_type": "pdf",
    "content_type": "earnings_transcript",
    "published_date": "2017-11-02",
    "fiscal_date": "2017-11-02",
    "fiscal_year": 2017,
    "fiscal_quarter": 3,
    "r2_url": "https://pub-2c783279b61043e19fbdadd1bee5153a.r2.dev/EPAM/2017-11-02/EPAM%20Systems%2C%20Inc._2017-11-02_transcript/EPAM%20Systems%2C%20Inc._2017-11-02_transcript.pdf/EPAM%20Systems%2C%20Inc._2017-11-02_transcript.pdf",
    "periodicity": "periodic"
  },
  {
    "equity_ticker": "EPAM",
    "geography": "US",
    "content_name": "EPAM Q3 2017 Press Release",
    "file_type": "pdf",
    "content_type": "earnings_press_release",
    "published_date": "2017-11-02",
    "fiscal_date": "2017-11-02",
    "fiscal_year": 2017,
    "fiscal_quarter": 3,
    "r2_url": "https://pub-2c783279b61043e19fbdadd1bee5153a.r2.dev/EPAM/2017-11-02/543f0-2023-09-01-02-03-30/543f0-2023-09-01-02-03-30.pdf/543f0-2023-09-01-02-03-30.pdf",
    "periodicity": "periodic"
  },
  {
    "equity_ticker": "EPAM",
    "geography": "US",
    "content_name": "EPAM Q3 2017 Presentation",
    "file_type": "pdf",
    "content_type": "earnings_presentation",
    "published_date": "2017-11-02",
    "fiscal_date": "2017-11-02",
    "fiscal_year": 2017,
    "fiscal_quarter": 3,
    "r2_url": "https://pub-2c783279b61043e19fbdadd1bee5153a.r2.dev/EPAM/2017-11-02/25a2f-2023-09-01-02-03-30/25a2f-2023-09-01-02-03-30.pdf/25a2f-2023-09-01-02-03-30.pdf",
    "periodicity": "periodic"
  },
  {
    "equity_ticker": "EPAM",
    "geography": "US",
    "content_name": "EPAM Q2 2017 Transcript",
    "file_type": "pdf",
    "content_type": "earnings_transcript",
    "published_date": "2017-08-03",
    "fiscal_date": "2017-08-03",
    "fiscal_year": 2017,
    "fiscal_quarter": 2,
    "r2_url": "https://pub-2c783279b61043e19fbdadd1bee5153a.r2.dev/EPAM/2017-08-03/EPAM%20Systems%2C%20Inc._2017-08-03_transcript/EPAM%20Systems%2C%20Inc._2017-08-03_transcript.pdf/EPAM%20Systems%2C%20Inc._2017-08-03_transcript.pdf",
    "periodicity": "periodic"
  },
  {
    "equity_ticker": "EPAM",
    "geography": "US",
    "content_name": "EPAM Q2 2017 Press Release",
    "file_type": "pdf",
    "content_type": "earnings_press_release",
    "published_date": "2017-08-03",
    "fiscal_date": "2017-08-03",
    "fiscal_year": 2017,
    "fiscal_quarter": 2,
    "r2_url": "https://pub-2c783279b61043e19fbdadd1bee5153a.r2.dev/EPAM/2017-08-03/fc35d-2023-09-01-02-09-31/fc35d-2023-09-01-02-09-31.pdf/fc35d-2023-09-01-02-09-31.pdf",
    "periodicity": "periodic"
  },
  {
    "equity_ticker": "EPAM",
    "geography": "US",
    "content_name": "EPAM Q2 2017 Presentation",
    "file_type": "pdf",
    "content_type": "earnings_presentation",
    "published_date": "2017-08-03",
    "fiscal_date": "2017-08-03",
    "fiscal_year": 2017,
    "fiscal_quarter": 2,
    "r2_url": "https://pub-2c783279b61043e19fbdadd1bee5153a.r2.dev/EPAM/2017-08-03/1bbf3-2023-09-01-02-09-31/1bbf3-2023-09-01-02-09-31.pdf/1bbf3-2023-09-01-02-09-31.pdf",
    "periodicity": "periodic"
  },
  {
    "equity_ticker": "EPAM",
    "geography": "US",
    "content_name": "EPAM Q1 2017 Transcript",
    "file_type": "pdf",
    "content_type": "earnings_transcript",
    "published_date": "2017-05-04",
    "fiscal_date": "2017-05-04",
    "fiscal_year": 2017,
    "fiscal_quarter": 1,
    "r2_url": "https://pub-2c783279b61043e19fbdadd1bee5153a.r2.dev/EPAM/2017-05-04/EPAM%20Systems%2C%20Inc._2017-05-04_transcript/EPAM%20Systems%2C%20Inc._2017-05-04_transcript.pdf/EPAM%20Systems%2C%20Inc._2017-05-04_transcript.pdf",
    "periodicity": "periodic"
  },
  {
    "equity_ticker": "EPAM",
    "geography": "US",
    "content_name": "EPAM Q1 2017 Press Release",
    "file_type": "pdf",
    "content_type": "earnings_press_release",
    "published_date": "2017-05-04",
    "fiscal_date": "2017-05-04",
    "fiscal_year": 2017,
    "fiscal_quarter": 1,
    "r2_url": "https://pub-2c783279b61043e19fbdadd1bee5153a.r2.dev/EPAM/2017-05-04/528b9-2023-09-01-02-21-33/528b9-2023-09-01-02-21-33.pdf/528b9-2023-09-01-02-21-33.pdf",
    "periodicity": "periodic"
  },
  {
    "equity_ticker": "EPAM",
    "geography": "US",
    "content_name": "EPAM Q1 2017 Presentation",
    "file_type": "pdf",
    "content_type": "earnings_presentation",
    "published_date": "2017-05-04",
    "fiscal_date": "2017-05-04",
    "fiscal_year": 2017,
    "fiscal_quarter": 1,
    "r2_url": "https://pub-2c783279b61043e19fbdadd1bee5153a.r2.dev/EPAM/2017-05-04/cc1b4-2023-09-01-02-21-33/cc1b4-2023-09-01-02-21-33.pdf/cc1b4-2023-09-01-02-21-33.pdf",
    "periodicity": "periodic"
  },
  {
    "equity_ticker": "EPAM",
    "geography": "US",
    "content_name": "EPAM Q4 2016 Transcript",
    "file_type": "pdf",
    "content_type": "earnings_transcript",
    "published_date": "2017-03-01",
    "fiscal_date": "2017-03-01",
    "fiscal_year": 2016,
    "fiscal_quarter": 4,
    "r2_url": "https://pub-2c783279b61043e19fbdadd1bee5153a.r2.dev/EPAM/2017-03-01/EPAM%20Systems%2C%20Inc._2017-03-01_transcript/EPAM%20Systems%2C%20Inc._2017-03-01_transcript.pdf/EPAM%20Systems%2C%20Inc._2017-03-01_transcript.pdf",
    "periodicity": "periodic"
  },
  {
    "equity_ticker": "EPAM",
    "geography": "US",
    "content_name": "EPAM Q4 2016 Press Release",
    "file_type": "pdf",
    "content_type": "annual_report",
    "published_date": "2017-03-01",
    "fiscal_date": "2017-03-01",
    "fiscal_year": 2016,
    "fiscal_quarter": 4,
    "r2_url": "https://pub-2c783279b61043e19fbdadd1bee5153a.r2.dev/EPAM/2017-03-01/0a5b4-2023-09-05-07-15-28/0a5b4-2023-09-05-07-15-28.pdf/0a5b4-2023-09-05-07-15-28.pdf",
    "periodicity": "periodic"
  },
  {
    "equity_ticker": "EPAM",
    "geography": "US",
    "content_name": "EPAM Q3 2016 Transcript",
    "file_type": "pdf",
    "content_type": "earnings_transcript",
    "published_date": "2016-11-07",
    "fiscal_date": "2016-11-07",
    "fiscal_year": 2016,
    "fiscal_quarter": 3,
    "r2_url": "https://pub-2c783279b61043e19fbdadd1bee5153a.r2.dev/EPAM/2016-11-07/EPAM%20Systems%2C%20Inc._2016-11-07_transcript/EPAM%20Systems%2C%20Inc._2016-11-07_transcript.pdf/EPAM%20Systems%2C%20Inc._2016-11-07_transcript.pdf",
    "periodicity": "periodic"
  },
  {
    "equity_ticker": "EPAM",
    "geography": "US",
    "content_name": "EPAM Q2 2016 Transcript",
    "file_type": "pdf",
    "content_type": "earnings_transcript",
    "published_date": "2016-08-07",
    "fiscal_date": "2016-08-07",
    "fiscal_year": 2016,
    "fiscal_quarter": 2,
    "r2_url": "https://pub-2c783279b61043e19fbdadd1bee5153a.r2.dev/EPAM/2016-08-07/EPAM%20Systems%2C%20Inc._2016-08-07_transcript/EPAM%20Systems%2C%20Inc._2016-08-07_transcript.pdf/EPAM%20Systems%2C%20Inc._2016-08-07_transcript.pdf",
    "periodicity": "periodic"
  },
  {
    "equity_ticker": "EPAM",
    "geography": "US",
    "content_name": "EPAM Q1 2016 Transcript",
    "file_type": "pdf",
    "content_type": "earnings_transcript",
    "published_date": "2016-05-06",
    "fiscal_date": "2016-05-06",
    "fiscal_year": 2016,
    "fiscal_quarter": 1,
    "r2_url": "https://pub-2c783279b61043e19fbdadd1bee5153a.r2.dev/EPAM/2016-05-06/EPAM%20Systems%2C%20Inc._2016-05-06_transcript/EPAM%20Systems%2C%20Inc._2016-05-06_transcript.pdf/EPAM%20Systems%2C%20Inc._2016-05-06_transcript.pdf",
    "periodicity": "periodic"
  },
  {
    "equity_ticker": "EPAM",
    "geography": "US",
    "content_name": "EPAM Q4 2015 Transcript",
    "file_type": "pdf",
    "content_type": "earnings_transcript",
    "published_date": "2016-02-23",
    "fiscal_date": "2016-02-23",
    "fiscal_year": 2015,
    "fiscal_quarter": 4,
    "r2_url": "https://pub-2c783279b61043e19fbdadd1bee5153a.r2.dev/EPAM/2016-02-23/EPAM%20Systems%2C%20Inc._2016-02-23_transcript/EPAM%20Systems%2C%20Inc._2016-02-23_transcript.pdf/EPAM%20Systems%2C%20Inc._2016-02-23_transcript.pdf",
    "periodicity": "periodic"
  },
  {
    "equity_ticker": "EPAM",
    "geography": "US",
    "content_name": "EPAM Q4 2015 Press Release",
    "file_type": "pdf",
    "content_type": "annual_report",
    "published_date": "2016-02-23",
    "fiscal_date": "2016-02-23",
    "fiscal_year": 2015,
    "fiscal_quarter": 4,
    "r2_url": "https://pub-2c783279b61043e19fbdadd1bee5153a.r2.dev/EPAM/2016-02-23/d18de-2023-09-05-07-30-28/d18de-2023-09-05-07-30-28.pdf/d18de-2023-09-05-07-30-28.pdf",
    "periodicity": "periodic"
  },
  {
    "equity_ticker": "EPAM",
    "geography": "US",
    "content_name": "EPAM Q3 2015 Transcript",
    "file_type": "pdf",
    "content_type": "earnings_transcript",
    "published_date": "2015-11-05",
    "fiscal_date": "2015-11-05",
    "fiscal_year": 2015,
    "fiscal_quarter": 3,
    "r2_url": "https://pub-2c783279b61043e19fbdadd1bee5153a.r2.dev/EPAM/2015-11-05/EPAM%20Systems%2C%20Inc._2015-11-05_transcript/EPAM%20Systems%2C%20Inc._2015-11-05_transcript.pdf/EPAM%20Systems%2C%20Inc._2015-11-05_transcript.pdf",
    "periodicity": "periodic"
  },
  {
    "equity_ticker": "EPAM",
    "geography": "US",
    "content_name": "EPAM Q2 2015 Transcript",
    "file_type": "pdf",
    "content_type": "earnings_transcript",
    "published_date": "2015-08-05",
    "fiscal_date": "2015-08-05",
    "fiscal_year": 2015,
    "fiscal_quarter": 2,
    "r2_url": "https://pub-2c783279b61043e19fbdadd1bee5153a.r2.dev/EPAM/2015-08-05/EPAM%20Systems%2C%20Inc._2015-08-05_transcript/EPAM%20Systems%2C%20Inc._2015-08-05_transcript.pdf/EPAM%20Systems%2C%20Inc._2015-08-05_transcript.pdf",
    "periodicity": "periodic"
  },
  {
    "equity_ticker": "EPAM",
    "geography": "US",
    "content_name": "EPAM Q1 2015 Transcript",
    "file_type": "pdf",
    "content_type": "earnings_transcript",
    "published_date": "2015-05-10",
    "fiscal_date": "2015-05-10",
    "fiscal_year": 2015,
    "fiscal_quarter": 1,
    "r2_url": "https://pub-2c783279b61043e19fbdadd1bee5153a.r2.dev/EPAM/2015-05-10/EPAM%20Systems%2C%20Inc._2015-05-10_transcript/EPAM%20Systems%2C%20Inc._2015-05-10_transcript.pdf/EPAM%20Systems%2C%20Inc._2015-05-10_transcript.pdf",
    "periodicity": "periodic"
  },
  {
    "equity_ticker": "EPAM",
    "geography": "US",
    "content_name": "EPAM Q4 2014 Transcript",
    "file_type": "pdf",
    "content_type": "earnings_transcript",
    "published_date": "2015-03-02",
    "fiscal_date": "2015-03-02",
    "fiscal_year": 2014,
    "fiscal_quarter": 4,
    "r2_url": "https://pub-2c783279b61043e19fbdadd1bee5153a.r2.dev/EPAM/2015-03-02/EPAM%20Systems%2C%20Inc._2015-03-02_transcript/EPAM%20Systems%2C%20Inc._2015-03-02_transcript.pdf/EPAM%20Systems%2C%20Inc._2015-03-02_transcript.pdf",
    "periodicity": "periodic"
  },
  {
    "equity_ticker": "EPAM",
    "geography": "US",
    "content_name": "EPAM Q4 2014 Press Release",
    "file_type": "pdf",
    "content_type": "annual_report",
    "published_date": "2015-03-02",
    "fiscal_date": "2015-03-02",
    "fiscal_year": 2014,
    "fiscal_quarter": 4,
    "r2_url": "https://pub-2c783279b61043e19fbdadd1bee5153a.r2.dev/EPAM/2015-03-02/58260-2023-09-05-07-47-28/58260-2023-09-05-07-47-28.pdf/58260-2023-09-05-07-47-28.pdf",
    "periodicity": "periodic"
  },
  {
    "equity_ticker": "EPAM",
    "geography": "US",
    "content_name": "EPAM Q3 2014 Transcript",
    "file_type": "pdf",
    "content_type": "earnings_transcript",
    "published_date": "2014-11-04",
    "fiscal_date": "2014-11-04",
    "fiscal_year": 2014,
    "fiscal_quarter": 3,
    "r2_url": "https://pub-2c783279b61043e19fbdadd1bee5153a.r2.dev/EPAM/2014-11-04/EPAM%20Systems%2C%20Inc._2014-11-04_transcript/EPAM%20Systems%2C%20Inc._2014-11-04_transcript.pdf/EPAM%20Systems%2C%20Inc._2014-11-04_transcript.pdf",
    "periodicity": "periodic"
  },
  {
    "equity_ticker": "EPAM",
    "geography": "US",
    "content_name": "EPAM Q2 2014 Transcript",
    "file_type": "pdf",
    "content_type": "earnings_transcript",
    "published_date": "2014-08-05",
    "fiscal_date": "2014-08-05",
    "fiscal_year": 2014,
    "fiscal_quarter": 2,
    "r2_url": "https://pub-2c783279b61043e19fbdadd1bee5153a.r2.dev/EPAM/2014-08-05/EPAM%20Systems%2C%20Inc._2014-08-05_transcript/EPAM%20Systems%2C%20Inc._2014-08-05_transcript.pdf/EPAM%20Systems%2C%20Inc._2014-08-05_transcript.pdf",
    "periodicity": "periodic"
  },
  {
    "equity_ticker": "EPAM",
    "geography": "US",
    "content_name": "EPAM Q1 2014 Transcript",
    "file_type": "pdf",
    "content_type": "earnings_transcript",
    "published_date": "2014-05-02",
    "fiscal_date": "2014-05-02",
    "fiscal_year": 2014,
    "fiscal_quarter": 1,
    "r2_url": "https://pub-2c783279b61043e19fbdadd1bee5153a.r2.dev/EPAM/2014-05-02/EPAM%20Systems%2C%20Inc._2014-05-02_transcript/EPAM%20Systems%2C%20Inc._2014-05-02_transcript.pdf/EPAM%20Systems%2C%20Inc._2014-05-02_transcript.pdf",
    "periodicity": "periodic"
  },
  {
    "equity_ticker": "EPAM",
    "geography": "US",
    "content_name": "EPAM Q4 2013 Transcript",
    "file_type": "pdf",
    "content_type": "earnings_transcript",
    "published_date": "2014-02-20",
    "fiscal_date": "2014-02-20",
    "fiscal_year": 2013,
    "fiscal_quarter": 4,
    "r2_url": "https://pub-2c783279b61043e19fbdadd1bee5153a.r2.dev/EPAM/2014-02-20/EPAM%20Systems%2C%20Inc._2014-02-20_transcript/EPAM%20Systems%2C%20Inc._2014-02-20_transcript.pdf/EPAM%20Systems%2C%20Inc._2014-02-20_transcript.pdf",
    "periodicity": "periodic"
  },
  {
    "equity_ticker": "EPAM",
    "geography": "US",
    "content_name": "EPAM Q3 2013 Transcript",
    "file_type": "pdf",
    "content_type": "earnings_transcript",
    "published_date": "2013-11-08",
    "fiscal_date": "2013-11-08",
    "fiscal_year": 2013,
    "fiscal_quarter": 3,
    "r2_url": "https://pub-2c783279b61043e19fbdadd1bee5153a.r2.dev/EPAM/2013-11-08/EPAM%20Systems%2C%20Inc._2013-11-08_transcript/EPAM%20Systems%2C%20Inc._2013-11-08_transcript.pdf/EPAM%20Systems%2C%20Inc._2013-11-08_transcript.pdf",
    "periodicity": "periodic"
  },
  {
    "equity_ticker": "EPAM",
    "geography": "US",
    "content_name": "EPAM Q2 2013 Transcript",
    "file_type": "pdf",
    "content_type": "earnings_transcript",
    "published_date": "2013-08-09",
    "fiscal_date": "2013-08-09",
    "fiscal_year": 2013,
    "fiscal_quarter": 2,
    "r2_url": "https://pub-2c783279b61043e19fbdadd1bee5153a.r2.dev/EPAM/2013-08-09/EPAM%20Systems%2C%20Inc._2013-08-09_transcript/EPAM%20Systems%2C%20Inc._2013-08-09_transcript.pdf/EPAM%20Systems%2C%20Inc._2013-08-09_transcript.pdf",
    "periodicity": "periodic"
  },
  {
    "equity_ticker": "EPAM",
    "geography": "US",
    "content_name": "EPAM Q1 2013 Transcript",
    "file_type": "pdf",
    "content_type": "earnings_transcript",
    "published_date": "2013-05-09",
    "fiscal_date": "2013-05-09",
    "fiscal_year": 2013,
    "fiscal_quarter": 1,
    "r2_url": "https://pub-2c783279b61043e19fbdadd1bee5153a.r2.dev/EPAM/2013-05-09/EPAM%20Systems%2C%20Inc._2013-05-09_transcript/EPAM%20Systems%2C%20Inc._2013-05-09_transcript.pdf/EPAM%20Systems%2C%20Inc._2013-05-09_transcript.pdf",
    "periodicity": "periodic"
  },
  {
    "equity_ticker": "EPAM",
    "geography": "US",
    "content_name": "EPAM Q4 2012 Transcript",
    "file_type": "pdf",
    "content_type": "earnings_transcript",
    "published_date": "2013-02-28",
    "fiscal_date": "2013-02-28",
    "fiscal_year": 2012,
    "fiscal_quarter": 4,
    "r2_url": "https://pub-2c783279b61043e19fbdadd1bee5153a.r2.dev/EPAM/2013-02-28/EPAM%20Systems%2C%20Inc._2013-02-28_transcript/EPAM%20Systems%2C%20Inc._2013-02-28_transcript.pdf/EPAM%20Systems%2C%20Inc._2013-02-28_transcript.pdf",
    "periodicity": "periodic"
  },
  {
    "equity_ticker": "EPAM",
    "geography": "US",
    "content_name": "EPAM Q3 2012 Transcript",
    "file_type": "pdf",
    "content_type": "earnings_transcript",
    "published_date": "2012-11-09",
    "fiscal_date": "2012-11-09",
    "fiscal_year": 2012,
    "fiscal_quarter": 3,
    "r2_url": "https://pub-2c783279b61043e19fbdadd1bee5153a.r2.dev/EPAM/2012-11-09/EPAM%20Systems%2C%20Inc._2012-11-09_transcript/EPAM%20Systems%2C%20Inc._2012-11-09_transcript.pdf/EPAM%20Systems%2C%20Inc._2012-11-09_transcript.pdf",
    "periodicity": "periodic"
  },
  {
    "equity_ticker": "EPAM",
    "geography": "US",
    "content_name": "EPAM Q2 2012 Transcript",
    "file_type": "pdf",
    "content_type": "earnings_transcript",
    "published_date": "2012-08-03",
    "fiscal_date": "2012-08-03",
    "fiscal_year": 2012,
    "fiscal_quarter": 2,
    "r2_url": "https://pub-2c783279b61043e19fbdadd1bee5153a.r2.dev/EPAM/2012-08-03/EPAM%20Systems%2C%20Inc._2012-08-03_transcript/EPAM%20Systems%2C%20Inc._2012-08-03_transcript.pdf/EPAM%20Systems%2C%20Inc._2012-08-03_transcript.pdf",
    "periodicity": "periodic"
  },
  {
    "equity_ticker": "EPAM",
    "geography": "US",
    "content_name": "EPAM Q1 2012 Transcript",
    "file_type": "pdf",
    "content_type": "earnings_transcript",
    "published_date": "2012-05-08",
    "fiscal_date": "2012-05-08",
    "fiscal_year": 2012,
    "fiscal_quarter": 1,
    "r2_url": "https://pub-2c783279b61043e19fbdadd1bee5153a.r2.dev/EPAM/2012-05-08/EPAM%20Systems%2C%20Inc._2012-05-08_transcript/EPAM%20Systems%2C%20Inc._2012-05-08_transcript.pdf/EPAM%20Systems%2C%20Inc._2012-05-08_transcript.pdf",
    "periodicity": "periodic"
  },
  {
    "equity_ticker": "EPAM",
    "geography": "US",
    "content_name": "EPAM Q4 2024 10-K",
    "file_type": "pdf",
    "content_type": "annual_report",
    "published_date": "2025-02-27",
    "fiscal_date": "2024-12-31",
    "fiscal_year": 2024,
    "fiscal_quarter": 4,
    "r2_url": "https://pub-2c783279b61043e19fbdadd1bee5153a.r2.dev/EPAM/2025-02-27/epam-20241231.htm/epam-20241231.pdf",
    "periodicity": "periodic"
  },
  {
    "equity_ticker": "EPAM",
    "geography": "US",
    "content_name": "EPAM Q3 2024 10-Q",
    "file_type": "pdf",
    "content_type": "quarterly_report",
    "published_date": "2024-11-07",
    "fiscal_date": "2024-09-30",
    "fiscal_year": 2024,
    "fiscal_quarter": 3,
    "r2_url": "https://pub-2c783279b61043e19fbdadd1bee5153a.r2.dev/EPAM/2024-11-07/epam-20240930.htm/epam-20240930.pdf",
    "periodicity": "periodic"
  },
  {
    "equity_ticker": "EPAM",
    "geography": "US",
    "content_name": "EPAM Q2 2024 10-Q",
    "file_type": "pdf",
    "content_type": "quarterly_report",
    "published_date": "2024-08-08",
    "fiscal_date": "2024-06-30",
    "fiscal_year": 2024,
    "fiscal_quarter": 2,
    "r2_url": "https://pub-2c783279b61043e19fbdadd1bee5153a.r2.dev/EPAM/2024-08-08/epam-20240630.htm/epam-20240630.pdf",
    "periodicity": "periodic"
  },
  {
    "equity_ticker": "EPAM",
    "geography": "US",
    "content_name": "EPAM Q1 2024 10-Q",
    "file_type": "pdf",
    "content_type": "quarterly_report",
    "published_date": "2024-05-09",
    "fiscal_date": "2024-03-31",
    "fiscal_year": 2024,
    "fiscal_quarter": 1,
    "r2_url": "https://pub-2c783279b61043e19fbdadd1bee5153a.r2.dev/EPAM/2024-05-09/epam-20240331.htm/epam-20240331.pdf",
    "periodicity": "periodic"
  },
  {
    "equity_ticker": "EPAM",
    "geography": "US",
    "content_name": "EPAM Q4 2023 10-K",
    "file_type": "pdf",
    "content_type": "annual_report",
    "published_date": "2024-02-22",
    "fiscal_date": "2023-12-31",
    "fiscal_year": 2023,
    "fiscal_quarter": 4,
    "r2_url": "https://pub-2c783279b61043e19fbdadd1bee5153a.r2.dev/EPAM/2024-02-22/epam-20231231.htm/epam-20231231.pdf",
    "periodicity": "periodic"
  },
  {
    "equity_ticker": "EPAM",
    "geography": "US",
    "content_name": "EPAM Q3 2023 10-Q",
    "file_type": "pdf",
    "content_type": "quarterly_report",
    "published_date": "2023-11-02",
    "fiscal_date": "2023-09-30",
    "fiscal_year": 2023,
    "fiscal_quarter": 3,
    "r2_url": "https://pub-2c783279b61043e19fbdadd1bee5153a.r2.dev/EPAM/2023-11-02/epam-20230930.htm/epam-20230930.pdf",
    "periodicity": "periodic"
  },
  {
    "equity_ticker": "EPAM",
    "geography": "US",
    "content_name": "EPAM Q2 2023 10-Q",
    "file_type": "pdf",
    "content_type": "quarterly_report",
    "published_date": "2023-08-03",
    "fiscal_date": "2023-06-30",
    "fiscal_year": 2023,
    "fiscal_quarter": 2,
    "r2_url": "https://pub-2c783279b61043e19fbdadd1bee5153a.r2.dev/EPAM/2023-08-03/epam-20230630.htm/epam-20230630.pdf",
    "periodicity": "periodic"
  },
  {
    "equity_ticker": "EPAM",
    "geography": "US",
    "content_name": "EPAM Q1 2023 10-Q",
    "file_type": "pdf",
    "content_type": "quarterly_report",
    "published_date": "2023-05-05",
    "fiscal_date": "2023-03-31",
    "fiscal_year": 2023,
    "fiscal_quarter": 1,
    "r2_url": "https://pub-2c783279b61043e19fbdadd1bee5153a.r2.dev/EPAM/2023-05-05/epam-20230331.htm/epam-20230331.pdf",
    "periodicity": "periodic"
  },
  {
    "equity_ticker": "EPAM",
    "geography": "US",
    "content_name": "EPAM Q4 2022 10-K",
    "file_type": "pdf",
    "content_type": "annual_report",
    "published_date": "2023-02-23",
    "fiscal_date": "2022-12-31",
    "fiscal_year": 2022,
    "fiscal_quarter": 4,
    "r2_url": "https://pub-2c783279b61043e19fbdadd1bee5153a.r2.dev/EPAM/2023-02-23/epam-20221231.htm/epam-20221231.pdf",
    "periodicity": "periodic"
  },
  {
    "equity_ticker": "EPAM",
    "geography": "US",
    "content_name": "EPAM Q3 2022 10-Q",
    "file_type": "pdf",
    "content_type": "quarterly_report",
    "published_date": "2022-11-04",
    "fiscal_date": "2022-09-30",
    "fiscal_year": 2022,
    "fiscal_quarter": 3,
    "r2_url": "https://pub-2c783279b61043e19fbdadd1bee5153a.r2.dev/EPAM/2022-11-04/epam-20220930.htm/epam-20220930.pdf",
    "periodicity": "periodic"
  },
  {
    "equity_ticker": "EPAM",
    "geography": "US",
    "content_name": "EPAM Q2 2022 10-Q",
    "file_type": "pdf",
    "content_type": "quarterly_report",
    "published_date": "2022-08-04",
    "fiscal_date": "2022-06-30",
    "fiscal_year": 2022,
    "fiscal_quarter": 2,
    "r2_url": "https://pub-2c783279b61043e19fbdadd1bee5153a.r2.dev/EPAM/2022-08-04/epam-20220630.htm/epam-20220630.pdf",
    "periodicity": "periodic"
  },
  {
    "equity_ticker": "EPAM",
    "geography": "US",
    "content_name": "EPAM Q1 2022 10-Q",
    "file_type": "pdf",
    "content_type": "quarterly_report",
    "published_date": "2022-05-09",
    "fiscal_date": "2022-03-31",
    "fiscal_year": 2022,
    "fiscal_quarter": 1,
    "r2_url": "https://pub-2c783279b61043e19fbdadd1bee5153a.r2.dev/EPAM/2022-05-09/epam-20220331.htm/epam-20220331.pdf",
    "periodicity": "periodic"
  },
  {
    "equity_ticker": "EPAM",
    "geography": "US",
    "content_name": "EPAM Q4 2021 10-K",
    "file_type": "pdf",
    "content_type": "annual_report",
    "published_date": "2022-02-25",
    "fiscal_date": "2021-12-31",
    "fiscal_year": 2021,
    "fiscal_quarter": 4,
    "r2_url": "https://pub-2c783279b61043e19fbdadd1bee5153a.r2.dev/EPAM/2022-02-25/epam-20211231.htm/epam-20211231.pdf",
    "periodicity": "periodic"
  },
  {
    "equity_ticker": "EPAM",
    "geography": "US",
    "content_name": "EPAM Q3 2021 10-Q",
    "file_type": "pdf",
    "content_type": "quarterly_report",
    "published_date": "2021-11-04",
    "fiscal_date": "2021-09-30",
    "fiscal_year": 2021,
    "fiscal_quarter": 3,
    "r2_url": "https://pub-2c783279b61043e19fbdadd1bee5153a.r2.dev/EPAM/2021-11-04/epam-20210930.htm/epam-20210930.pdf",
    "periodicity": "periodic"
  },
  {
    "equity_ticker": "EPAM",
    "geography": "US",
    "content_name": "EPAM Q2 2021 10-Q",
    "file_type": "pdf",
    "content_type": "quarterly_report",
    "published_date": "2021-08-05",
    "fiscal_date": "2021-06-30",
    "fiscal_year": 2021,
    "fiscal_quarter": 2,
    "r2_url": "https://pub-2c783279b61043e19fbdadd1bee5153a.r2.dev/EPAM/2021-08-05/epam-20210630.htm/epam-20210630.pdf",
    "periodicity": "periodic"
  },
  {
    "equity_ticker": "EPAM",
    "geography": "US",
    "content_name": "EPAM Q1 2021 10-Q",
    "file_type": "pdf",
    "content_type": "quarterly_report",
    "published_date": "2021-05-06",
    "fiscal_date": "2021-03-31",
    "fiscal_year": 2021,
    "fiscal_quarter": 1,
    "r2_url": "https://pub-2c783279b61043e19fbdadd1bee5153a.r2.dev/EPAM/2021-05-06/epam-20210331.htm/epam-20210331.pdf",
    "periodicity": "periodic"
  },
  {
    "equity_ticker": "EPAM",
    "geography": "US",
    "content_name": "EPAM Q4 2020 10-K",
    "file_type": "pdf",
    "content_type": "annual_report",
    "published_date": "2021-02-25",
    "fiscal_date": "2020-12-31",
    "fiscal_year": 2020,
    "fiscal_quarter": 4,
    "r2_url": "https://pub-2c783279b61043e19fbdadd1bee5153a.r2.dev/EPAM/2021-02-25/epam-20201231.htm/epam-20201231.pdf",
    "periodicity": "periodic"
  },
  {
    "equity_ticker": "EPAM",
    "geography": "US",
    "content_name": "EPAM Q3 2020 10-Q",
    "file_type": "pdf",
    "content_type": "quarterly_report",
    "published_date": "2020-11-05",
    "fiscal_date": "2020-09-30",
    "fiscal_year": 2020,
    "fiscal_quarter": 3,
    "r2_url": "https://pub-2c783279b61043e19fbdadd1bee5153a.r2.dev/EPAM/2020-11-05/epam-20200930.htm/epam-20200930.pdf",
    "periodicity": "periodic"
  },
  {
    "equity_ticker": "EPAM",
    "geography": "US",
    "content_name": "EPAM Q2 2020 10-Q",
    "file_type": "pdf",
    "content_type": "quarterly_report",
    "published_date": "2020-08-06",
    "fiscal_date": "2020-06-30",
    "fiscal_year": 2020,
    "fiscal_quarter": 2,
    "r2_url": "https://pub-2c783279b61043e19fbdadd1bee5153a.r2.dev/EPAM/2020-08-06/epam-20200630.htm/ix.pdf",
    "periodicity": "periodic"
  },
  {
    "equity_ticker": "EPAM",
    "geography": "US",
    "content_name": "EPAM Q1 2020 10-Q",
    "file_type": "pdf",
    "content_type": "quarterly_report",
    "published_date": "2020-05-07",
    "fiscal_date": "2020-03-31",
    "fiscal_year": 2020,
    "fiscal_quarter": 1,
    "r2_url": "https://pub-2c783279b61043e19fbdadd1bee5153a.r2.dev/EPAM/2020-05-07/epam-2020331x10q.htm/ix.pdf",
    "periodicity": "periodic"
  },
  {
    "equity_ticker": "EPAM",
    "geography": "US",
    "content_name": "EPAM Q4 2019 10-K",
    "file_type": "pdf",
    "content_type": "annual_report",
    "published_date": "2020-02-28",
    "fiscal_date": "2019-12-31",
    "fiscal_year": 2019,
    "fiscal_quarter": 4,
    "r2_url": "https://pub-2c783279b61043e19fbdadd1bee5153a.r2.dev/EPAM/2020-02-28/epam-20191231x10k.htm/ix.pdf",
    "periodicity": "periodic"
  },
  {
    "equity_ticker": "EPAM",
    "geography": "US",
    "content_name": "EPAM Q3 2019 10-Q",
    "file_type": "pdf",
    "content_type": "quarterly_report",
    "published_date": "2019-11-07",
    "fiscal_date": "2019-09-30",
    "fiscal_year": 2019,
    "fiscal_quarter": 3,
    "r2_url": null,
    "periodicity": "periodic"
  },
  {
    "equity_ticker": "EPAM",
    "geography": "US",
    "content_name": "EPAM Q2 2019 10-Q",
    "file_type": "pdf",
    "content_type": "quarterly_report",
    "published_date": "2019-08-08",
    "fiscal_date": "2019-06-30",
    "fiscal_year": 2019,
    "fiscal_quarter": 2,
    "r2_url": "https://pub-2c783279b61043e19fbdadd1bee5153a.r2.dev/EPAM/2019-08-08/epam-2019630x10q.htm/ix.pdf",
    "periodicity": "periodic"
  },
  {
    "equity_ticker": "EPAM",
    "geography": "US",
    "content_name": "EPAM Q1 2019 10-Q",
    "file_type": "pdf",
    "content_type": "quarterly_report",
    "published_date": "2019-05-09",
    "fiscal_date": "2019-03-31",
    "fiscal_year": 2019,
    "fiscal_quarter": 1,
    "r2_url": "https://pub-2c783279b61043e19fbdadd1bee5153a.r2.dev/EPAM/2019-05-09/epam-2019331x10q.htm/epam-2019331x10q.pdf",
    "periodicity": "periodic"
  },
  {
    "equity_ticker": "EPAM",
    "geography": "US",
    "content_name": "EPAM Q4 2018 10-K",
    "file_type": "pdf",
    "content_type": "annual_report",
    "published_date": "2019-02-25",
    "fiscal_date": "2018-12-31",
    "fiscal_year": 2018,
    "fiscal_quarter": 4,
    "r2_url": "https://pub-2c783279b61043e19fbdadd1bee5153a.r2.dev/EPAM/2019-02-25/epam-20181231x10k.htm/epam-20181231x10k.pdf",
    "periodicity": "periodic"
  },
  {
    "equity_ticker": "EPAM",
    "geography": "US",
    "content_name": "EPAM Q3 2018 10-Q",
    "file_type": "pdf",
    "content_type": "quarterly_report",
    "published_date": "2018-11-05",
    "fiscal_date": "2018-09-30",
    "fiscal_year": 2018,
    "fiscal_quarter": 3,
    "r2_url": "https://pub-2c783279b61043e19fbdadd1bee5153a.r2.dev/EPAM/2018-11-05/epam-2018930x10q.htm/epam-2018930x10q.pdf",
    "periodicity": "periodic"
  },
  {
    "equity_ticker": "EPAM",
    "geography": "US",
    "content_name": "EPAM Q2 2018 10-Q",
    "file_type": "pdf",
    "content_type": "quarterly_report",
    "published_date": "2018-08-06",
    "fiscal_date": "2018-06-30",
    "fiscal_year": 2018,
    "fiscal_quarter": 2,
    "r2_url": "https://pub-2c783279b61043e19fbdadd1bee5153a.r2.dev/EPAM/2018-08-06/epam-2018630x10q.htm/epam-2018630x10q.pdf",
    "periodicity": "periodic"
  },
  {
    "equity_ticker": "EPAM",
    "geography": "US",
    "content_name": "EPAM Q1 2018 10-Q",
    "file_type": "pdf",
    "content_type": "quarterly_report",
    "published_date": "2018-05-10",
    "fiscal_date": "2018-03-31",
    "fiscal_year": 2018,
    "fiscal_quarter": 1,
    "r2_url": "https://pub-2c783279b61043e19fbdadd1bee5153a.r2.dev/EPAM/2018-05-10/epam-2018331x10q.htm/epam-2018331x10q.pdf",
    "periodicity": "periodic"
  },
  {
    "equity_ticker": "EPAM",
    "geography": "US",
    "content_name": "EPAM Q4 2017 10-K",
    "file_type": "pdf",
    "content_type": "annual_report",
    "published_date": "2018-02-27",
    "fiscal_date": "2017-12-31",
    "fiscal_year": 2017,
    "fiscal_quarter": 4,
    "r2_url": "https://pub-2c783279b61043e19fbdadd1bee5153a.r2.dev/EPAM/2018-02-27/epam-20171231x10k.htm/epam-20171231x10k.pdf",
    "periodicity": "periodic"
  },
  {
    "equity_ticker": "EPAM",
    "geography": "US",
    "content_name": "EPAM Q3 2017 10-Q",
    "file_type": "pdf",
    "content_type": "quarterly_report",
    "published_date": "2017-11-06",
    "fiscal_date": "2017-09-30",
    "fiscal_year": 2017,
    "fiscal_quarter": 3,
    "r2_url": "https://pub-2c783279b61043e19fbdadd1bee5153a.r2.dev/EPAM/2017-11-06/epam-2017930x10q.htm/epam-2017930x10q.pdf",
    "periodicity": "periodic"
  },
  {
    "equity_ticker": "EPAM",
    "geography": "US",
    "content_name": "EPAM Q2 2017 10-Q",
    "file_type": "pdf",
    "content_type": "quarterly_report",
    "published_date": "2017-08-07",
    "fiscal_date": "2017-06-30",
    "fiscal_year": 2017,
    "fiscal_quarter": 2,
    "r2_url": "https://pub-2c783279b61043e19fbdadd1bee5153a.r2.dev/EPAM/2017-08-07/epam-2017630x10q.htm/epam-2017630x10q.pdf",
    "periodicity": "periodic"
  },
  {
    "equity_ticker": "EPAM",
    "geography": "US",
    "content_name": "EPAM Q1 2017 10-Q",
    "file_type": "pdf",
    "content_type": "quarterly_report",
    "published_date": "2017-05-08",
    "fiscal_date": "2017-03-31",
    "fiscal_year": 2017,
    "fiscal_quarter": 1,
    "r2_url": "https://pub-2c783279b61043e19fbdadd1bee5153a.r2.dev/EPAM/2017-05-08/epam-2017331x10q.htm/epam-2017331x10q.pdf",
    "periodicity": "periodic"
  },
  {
    "equity_ticker": "EPAM",
    "geography": "US",
    "content_name": "EPAM Q4 2016 10-K",
    "file_type": "pdf",
    "content_type": "annual_report",
    "published_date": "2017-02-28",
    "fiscal_date": "2016-12-31",
    "fiscal_year": 2016,
    "fiscal_quarter": 4,
    "r2_url": "https://pub-2c783279b61043e19fbdadd1bee5153a.r2.dev/EPAM/2017-02-28/epam-20161231x10k.htm/epam-20161231x10k.pdf",
    "periodicity": "periodic"
  },
  {
    "equity_ticker": "EPAM",
    "geography": "US",
    "content_name": "EPAM Q3 2016 10-Q",
    "file_type": "pdf",
    "content_type": "quarterly_report",
    "published_date": "2016-11-09",
    "fiscal_date": "2016-09-30",
    "fiscal_year": 2016,
    "fiscal_quarter": 3,
    "r2_url": "https://pub-2c783279b61043e19fbdadd1bee5153a.r2.dev/EPAM/2016-11-09/epam-2016930x10q.htm/epam-2016930x10q.pdf",
    "periodicity": "periodic"
  },
  {
    "equity_ticker": "EPAM",
    "geography": "US",
    "content_name": "EPAM Q2 2016 10-Q",
    "file_type": "pdf",
    "content_type": "quarterly_report",
    "published_date": "2016-08-08",
    "fiscal_date": "2016-06-30",
    "fiscal_year": 2016,
    "fiscal_quarter": 2,
    "r2_url": "https://pub-2c783279b61043e19fbdadd1bee5153a.r2.dev/EPAM/2016-08-08/epam-2016630x10q.htm/epam-2016630x10q.pdf",
    "periodicity": "periodic"
  },
  {
    "equity_ticker": "EPAM",
    "geography": "US",
    "content_name": "EPAM Q1 2016 10-Q",
    "file_type": "pdf",
    "content_type": "quarterly_report",
    "published_date": "2016-05-09",
    "fiscal_date": "2016-03-31",
    "fiscal_year": 2016,
    "fiscal_quarter": 1,
    "r2_url": "https://pub-2c783279b61043e19fbdadd1bee5153a.r2.dev/EPAM/2016-05-09/epam-2016331x10q.htm/epam-2016331x10q.pdf",
    "periodicity": "periodic"
  },
  {
    "equity_ticker": "EPAM",
    "geography": "US",
    "content_name": "EPAM Q4 2015 10-K",
    "file_type": "pdf",
    "content_type": "annual_report",
    "published_date": "2016-02-22",
    "fiscal_date": "2015-12-31",
    "fiscal_year": 2015,
    "fiscal_quarter": 4,
    "r2_url": "https://pub-2c783279b61043e19fbdadd1bee5153a.r2.dev/EPAM/2016-02-22/epam-20151231x10k.htm/epam-20151231x10k.pdf",
    "periodicity": "periodic"
  },
  {
    "equity_ticker": "EPAM",
    "geography": "US",
    "content_name": "EPAM Q3 2015 10-Q",
    "file_type": "pdf",
    "content_type": "quarterly_report",
    "published_date": "2015-11-06",
    "fiscal_date": "2015-09-30",
    "fiscal_year": 2015,
    "fiscal_quarter": 3,
    "r2_url": "https://pub-2c783279b61043e19fbdadd1bee5153a.r2.dev/EPAM/2015-11-06/epam-2015930x10q.htm/epam-2015930x10q.pdf",
    "periodicity": "periodic"
  },
  {
    "equity_ticker": "EPAM",
    "geography": "US",
    "content_name": "EPAM Q2 2015 10-Q",
    "file_type": "pdf",
    "content_type": "quarterly_report",
    "published_date": "2015-08-06",
    "fiscal_date": "2015-06-30",
    "fiscal_year": 2015,
    "fiscal_quarter": 2,
    "r2_url": "https://pub-2c783279b61043e19fbdadd1bee5153a.r2.dev/EPAM/2015-08-06/epam-2015630x10q.htm/epam-2015630x10q.pdf",
    "periodicity": "periodic"
  },
  {
    "equity_ticker": "EPAM",
    "geography": "US",
    "content_name": "EPAM Q1 2015 10-Q",
    "file_type": "pdf",
    "content_type": "quarterly_report",
    "published_date": "2015-05-07",
    "fiscal_date": "2015-03-31",
    "fiscal_year": 2015,
    "fiscal_quarter": 1,
    "r2_url": "https://pub-2c783279b61043e19fbdadd1bee5153a.r2.dev/EPAM/2015-05-07/epam-2015331x10q.htm/epam-2015331x10q.pdf",
    "periodicity": "periodic"
  },
  {
    "equity_ticker": "EPAM",
    "geography": "US",
    "content_name": "EPAM Q4 2014 10-K",
    "file_type": "pdf",
    "content_type": "annual_report",
    "published_date": "2015-03-02",
    "fiscal_date": "2014-12-31",
    "fiscal_year": 2014,
    "fiscal_quarter": 4,
    "r2_url": "https://pub-2c783279b61043e19fbdadd1bee5153a.r2.dev/EPAM/2015-03-02/epam-20141231x10k.htm/epam-20141231x10k.pdf",
    "periodicity": "periodic"
  },
  {
    "equity_ticker": "EPAM",
    "geography": "US",
    "content_name": "EPAM Q3 2014 10-Q",
    "file_type": "pdf",
    "content_type": "quarterly_report",
    "published_date": "2014-11-10",
    "fiscal_date": "2014-09-30",
    "fiscal_year": 2014,
    "fiscal_quarter": 3,
    "r2_url": "https://pub-2c783279b61043e19fbdadd1bee5153a.r2.dev/EPAM/2014-11-10/epam-2014930x10q.htm/epam-2014930x10q.pdf",
    "periodicity": "periodic"
  },
  {
    "equity_ticker": "EPAM",
    "geography": "US",
    "content_name": "EPAM Q2 2014 10-Q",
    "file_type": "pdf",
    "content_type": "quarterly_report",
    "published_date": "2014-08-11",
    "fiscal_date": "2014-06-30",
    "fiscal_year": 2014,
    "fiscal_quarter": 2,
    "r2_url": "https://pub-2c783279b61043e19fbdadd1bee5153a.r2.dev/EPAM/2014-08-11/epam-2014630x10q.htm/epam-2014630x10q.pdf",
    "periodicity": "periodic"
  },
  {
    "equity_ticker": "EPAM",
    "geography": "US",
    "content_name": "EPAM Q1 2014 10-Q",
    "file_type": "pdf",
    "content_type": "quarterly_report",
    "published_date": "2014-05-07",
    "fiscal_date": "2014-03-31",
    "fiscal_year": 2014,
    "fiscal_quarter": 1,
    "r2_url": "https://pub-2c783279b61043e19fbdadd1bee5153a.r2.dev/EPAM/2014-05-07/form10q.htm/form10q.pdf",
    "periodicity": "periodic"
  },
  {
    "equity_ticker": "EPAM",
    "geography": "US",
    "content_name": "EPAM Q4 2013 10-K",
    "file_type": "pdf",
    "content_type": "annual_report",
    "published_date": "2014-03-10",
    "fiscal_date": "2013-12-31",
    "fiscal_year": 2013,
    "fiscal_quarter": 4,
    "r2_url": "https://pub-2c783279b61043e19fbdadd1bee5153a.r2.dev/EPAM/2014-03-10/form10k.htm/form10k.pdf",
    "periodicity": "periodic"
  },
  {
    "equity_ticker": "EPAM",
    "geography": "US",
    "content_name": "EPAM Q3 2013 10-Q",
    "file_type": "pdf",
    "content_type": "quarterly_report",
    "published_date": "2013-11-08",
    "fiscal_date": "2013-09-30",
    "fiscal_year": 2013,
    "fiscal_quarter": 3,
    "r2_url": "https://pub-2c783279b61043e19fbdadd1bee5153a.r2.dev/EPAM/2013-11-08/form10q.htm/form10q.pdf",
    "periodicity": "periodic"
  },
  {
    "equity_ticker": "EPAM",
    "geography": "US",
    "content_name": "EPAM Q2 2013 10-Q",
    "file_type": "pdf",
    "content_type": "quarterly_report",
    "published_date": "2013-08-13",
    "fiscal_date": "2013-06-30",
    "fiscal_year": 2013,
    "fiscal_quarter": 2,
    "r2_url": "https://pub-2c783279b61043e19fbdadd1bee5153a.r2.dev/EPAM/2013-08-13/form10q.htm/form10q.pdf",
    "periodicity": "periodic"
  },
  {
    "equity_ticker": "EPAM",
    "geography": "US",
    "content_name": "EPAM Q1 2013 10-Q",
    "file_type": "pdf",
    "content_type": "quarterly_report",
    "published_date": "2013-05-10",
    "fiscal_date": "2013-03-31",
    "fiscal_year": 2013,
    "fiscal_quarter": 1,
    "r2_url": "https://pub-2c783279b61043e19fbdadd1bee5153a.r2.dev/EPAM/2013-05-10/d511355d10q.htm/d511355d10q.pdf",
    "periodicity": "periodic"
  },
  {
    "equity_ticker": "EPAM",
    "geography": "US",
    "content_name": "EPAM Q4 2012 10-K",
    "file_type": "pdf",
    "content_type": "annual_report",
    "published_date": "2013-03-11",
    "fiscal_date": "2012-12-31",
    "fiscal_year": 2012,
    "fiscal_quarter": 4,
    "r2_url": "https://pub-2c783279b61043e19fbdadd1bee5153a.r2.dev/EPAM/2013-03-11/d445062d10k.htm/d445062d10k.pdf",
    "periodicity": "periodic"
  },
  {
    "equity_ticker": "EPAM",
    "geography": "US",
    "content_name": "EPAM Q3 2012 10-Q",
    "file_type": "pdf",
    "content_type": "quarterly_report",
    "published_date": "2012-11-13",
    "fiscal_date": "2012-09-30",
    "fiscal_year": 2012,
    "fiscal_quarter": 3,
    "r2_url": "https://pub-2c783279b61043e19fbdadd1bee5153a.r2.dev/EPAM/2012-11-13/d417301d10q.htm/d417301d10q.pdf",
    "periodicity": "periodic"
  },
  {
    "equity_ticker": "EPAM",
    "geography": "US",
    "content_name": "EPAM Q2 2012 10-Q",
    "file_type": "pdf",
    "content_type": "quarterly_report",
    "published_date": "2012-08-09",
    "fiscal_date": "2012-06-30",
    "fiscal_year": 2012,
    "fiscal_quarter": 2,
    "r2_url": "https://pub-2c783279b61043e19fbdadd1bee5153a.r2.dev/EPAM/2012-08-09/d373796d10q.htm/d373796d10q.pdf",
    "periodicity": "periodic"
  },
  {
    "equity_ticker": "EPAM",
    "geography": "US",
    "content_name": "EPAM Q1 2012 10-Q",
    "file_type": "pdf",
    "content_type": "quarterly_report",
    "published_date": "2012-05-09",
    "fiscal_date": "2012-03-31",
    "fiscal_year": 2012,
    "fiscal_quarter": 1,
    "r2_url": "https://pub-2c783279b61043e19fbdadd1bee5153a.r2.dev/EPAM/2012-05-09/d336193d10q.htm/d336193d10q.pdf",
    "periodicity": "periodic"
  },
  {
    "equity_ticker": "EPAM",
    "geography": "US",
    "content_name": "EPAM Q4 2011 10-K",
    "file_type": "pdf",
    "content_type": "annual_report",
    "published_date": "2012-03-30",
    "fiscal_date": "2011-12-31",
    "fiscal_year": 2011,
    "fiscal_quarter": 4,
    "r2_url": "https://pub-2c783279b61043e19fbdadd1bee5153a.r2.dev/EPAM/2012-03-30/d319550d10k.htm/d319550d10k.pdf",
    "periodicity": "periodic"
  }
]