[
  {
    "equity_ticker": "ESTC",
    "geography": "US",
    "content_name": "Morgan Stanley Technology, Media & Telecom Conference - March 5, 2025",
    "file_type": "pdf",
    "content_type": "sellside_conference_transcript",
    "published_date": "2025-03-05",
    "fiscal_date": "2025-03-05",
    "fiscal_year": null,
    "fiscal_quarter": null,
    "r2_url": "https://pub-2c783279b61043e19fbdadd1bee5153a.r2.dev/ESTC/2025-03-05/Elastic%20N.V._2025-03-05_transcript/Elastic%20N.V._2025-03-05_transcript.pdf/Elastic%20N.V._2025-03-05_transcript.pdf",
    "periodicity": "non_periodic"
  },
  {
    "equity_ticker": "ESTC",
    "geography": "US",
    "content_name": "ESTC Q3 2025 Transcript",
    "file_type": "pdf",
    "content_type": "earnings_transcript",
    "published_date": "2025-02-27",
    "fiscal_date": "2025-02-27",
    "fiscal_year": 2025,
    "fiscal_quarter": 3,
    "r2_url": "https://pub-2c783279b61043e19fbdadd1bee5153a.r2.dev/ESTC/2025-02-27/Elastic%20N.V._2025-02-27_transcript/Elastic%20N.V._2025-02-27_transcript.pdf/Elastic%20N.V._2025-02-27_transcript.pdf",
    "periodicity": "periodic"
  },
  {
    "equity_ticker": "ESTC",
    "geography": "US",
    "content_name": "ESTC Q3 2025 Press Release",
    "file_type": "pdf",
    "content_type": "earnings_press_release",
    "published_date": "2025-02-27",
    "fiscal_date": "2025-02-27",
    "fiscal_year": 2025,
    "fiscal_quarter": 3,
    "r2_url": "https://pub-2c783279b61043e19fbdadd1bee5153a.r2.dev/ESTC/2025-02-27/082df-2025-02-27-09-38-13/082df-2025-02-27-09-38-13.pdf/082df-2025-02-27-09-38-13.pdf",
    "periodicity": "periodic"
  },
  {
    "equity_ticker": "ESTC",
    "geography": "US",
    "content_name": "ESTC Q2 2025 Transcript",
    "file_type": "pdf",
    "content_type": "earnings_transcript",
    "published_date": "2024-11-21",
    "fiscal_date": "2024-11-21",
    "fiscal_year": 2025,
    "fiscal_quarter": 2,
    "r2_url": "https://pub-2c783279b61043e19fbdadd1bee5153a.r2.dev/ESTC/2024-11-21/Elastic%20N.V._2024-11-21_transcript/Elastic%20N.V._2024-11-21_transcript.pdf/Elastic%20N.V._2024-11-21_transcript.pdf",
    "periodicity": "periodic"
  },
  {
    "equity_ticker": "ESTC",
    "geography": "US",
    "content_name": "ESTC Q2 2025 Press Release",
    "file_type": "pdf",
    "content_type": "earnings_press_release",
    "published_date": "2024-11-21",
    "fiscal_date": "2024-11-21",
    "fiscal_year": 2025,
    "fiscal_quarter": 2,
    "r2_url": "https://pub-2c783279b61043e19fbdadd1bee5153a.r2.dev/ESTC/2024-11-21/a4918-2024-11-21-09-58-08/a4918-2024-11-21-09-58-08.pdf/a4918-2024-11-21-09-58-08.pdf",
    "periodicity": "periodic"
  },
  {
    "equity_ticker": "ESTC",
    "geography": "US",
    "content_name": "Piper Sandler Growth Frontiers Conference - September 11, 2024",
    "file_type": "pdf",
    "content_type": "sellside_conference_transcript",
    "published_date": "2024-09-11",
    "fiscal_date": "2024-09-11",
    "fiscal_year": null,
    "fiscal_quarter": null,
    "r2_url": "https://pub-2c783279b61043e19fbdadd1bee5153a.r2.dev/ESTC/2024-09-11/Elastic%20N.V._2024-09-11_transcript/Elastic%20N.V._2024-09-11_transcript.pdf/Elastic%20N.V._2024-09-11_transcript.pdf",
    "periodicity": "non_periodic"
  },
  {
    "equity_ticker": "ESTC",
    "geography": "US",
    "content_name": "Goldman Sachs Communacopia + Technology Conference 2024 - September 9, 2024",
    "file_type": "pdf",
    "content_type": "sellside_conference_transcript",
    "published_date": "2024-09-09",
    "fiscal_date": "2024-09-09",
    "fiscal_year": null,
    "fiscal_quarter": null,
    "r2_url": "https://pub-2c783279b61043e19fbdadd1bee5153a.r2.dev/ESTC/2024-09-09/Elastic%20N.V._2024-09-09_transcript/Elastic%20N.V._2024-09-09_transcript.pdf/Elastic%20N.V._2024-09-09_transcript.pdf",
    "periodicity": "non_periodic"
  },
  {
    "equity_ticker": "ESTC",
    "geography": "US",
    "content_name": "Citi's 2024 Global TMT Conference - September 4, 2024",
    "file_type": "pdf",
    "content_type": "sellside_conference_transcript",
    "published_date": "2024-09-04",
    "fiscal_date": "2024-09-04",
    "fiscal_year": null,
    "fiscal_quarter": null,
    "r2_url": "https://pub-2c783279b61043e19fbdadd1bee5153a.r2.dev/ESTC/2024-09-04/Elastic%20N.V._2024-09-04_transcript/Elastic%20N.V._2024-09-04_transcript.pdf/Elastic%20N.V._2024-09-04_transcript.pdf",
    "periodicity": "non_periodic"
  },
  {
    "equity_ticker": "ESTC",
    "geography": "US",
    "content_name": "ESTC Q1 2025 Transcript",
    "file_type": "pdf",
    "content_type": "earnings_transcript",
    "published_date": "2024-08-29",
    "fiscal_date": "2024-08-29",
    "fiscal_year": 2025,
    "fiscal_quarter": 1,
    "r2_url": "https://pub-2c783279b61043e19fbdadd1bee5153a.r2.dev/ESTC/2024-08-29/Elastic%20N.V._2024-08-29_transcript/Elastic%20N.V._2024-08-29_transcript.pdf/Elastic%20N.V._2024-08-29_transcript.pdf",
    "periodicity": "periodic"
  },
  {
    "equity_ticker": "ESTC",
    "geography": "US",
    "content_name": "ESTC Q1 2025 Press Release",
    "file_type": "pdf",
    "content_type": "earnings_press_release",
    "published_date": "2024-08-29",
    "fiscal_date": "2024-08-29",
    "fiscal_year": 2025,
    "fiscal_quarter": 1,
    "r2_url": "https://pub-2c783279b61043e19fbdadd1bee5153a.r2.dev/ESTC/2024-08-29/5b090-2024-08-29-08-36-12/5b090-2024-08-29-08-36-12.pdf/5b090-2024-08-29-08-36-12.pdf",
    "periodicity": "periodic"
  },
  {
    "equity_ticker": "ESTC",
    "geography": "US",
    "content_name": "ESTC Q1 2025 Presentation",
    "file_type": "pdf",
    "content_type": "earnings_presentation",
    "published_date": "2024-08-29",
    "fiscal_date": "2024-08-29",
    "fiscal_year": 2025,
    "fiscal_quarter": 1,
    "r2_url": "https://pub-2c783279b61043e19fbdadd1bee5153a.r2.dev/ESTC/2024-08-29/4582a-2024-08-29-08-53-12/4582a-2024-08-29-08-53-12.pdf/4582a-2024-08-29-08-53-12.pdf",
    "periodicity": "periodic"
  },
  {
    "equity_ticker": "ESTC",
    "geography": "US",
    "content_name": "BofA Securities 2024 Global Technology Conference - June 4, 2024",
    "file_type": "pdf",
    "content_type": "sellside_conference_transcript",
    "published_date": "2024-06-04",
    "fiscal_date": "2024-06-04",
    "fiscal_year": null,
    "fiscal_quarter": null,
    "r2_url": "https://pub-2c783279b61043e19fbdadd1bee5153a.r2.dev/ESTC/2024-06-04/Elastic%20N.V._2024-06-04_transcript/Elastic%20N.V._2024-06-04_transcript.pdf/Elastic%20N.V._2024-06-04_transcript.pdf",
    "periodicity": "non_periodic"
  },
  {
    "equity_ticker": "ESTC",
    "geography": "US",
    "content_name": "ESTC Q4 2024 Transcript",
    "file_type": "pdf",
    "content_type": "earnings_transcript",
    "published_date": "2024-05-30",
    "fiscal_date": "2024-05-30",
    "fiscal_year": 2024,
    "fiscal_quarter": 4,
    "r2_url": "https://pub-2c783279b61043e19fbdadd1bee5153a.r2.dev/ESTC/2024-05-30/Elastic%20N.V._2024-05-30_transcript/Elastic%20N.V._2024-05-30_transcript.pdf/Elastic%20N.V._2024-05-30_transcript.pdf",
    "periodicity": "periodic"
  },
  {
    "equity_ticker": "ESTC",
    "geography": "US",
    "content_name": "ESTC Q4 2024 Press Release",
    "file_type": "pdf",
    "content_type": "earnings_press_release",
    "published_date": "2024-05-30",
    "fiscal_date": "2024-05-30",
    "fiscal_year": 2024,
    "fiscal_quarter": 4,
    "r2_url": "https://pub-2c783279b61043e19fbdadd1bee5153a.r2.dev/ESTC/2024-05-30/b5154-2024-05-30-08-20-10/b5154-2024-05-30-08-20-10.pdf/b5154-2024-05-30-08-20-10.pdf",
    "periodicity": "periodic"
  },
  {
    "equity_ticker": "ESTC",
    "geography": "US",
    "content_name": "Morgan Stanley\u2019s Technology, Media & Telecom Conference 2024 - March 6, 2024",
    "file_type": "pdf",
    "content_type": "sellside_conference_transcript",
    "published_date": "2024-03-06",
    "fiscal_date": "2024-03-06",
    "fiscal_year": null,
    "fiscal_quarter": null,
    "r2_url": "https://pub-2c783279b61043e19fbdadd1bee5153a.r2.dev/ESTC/2024-03-06/Elastic%20N.V._2024-03-06_transcript/Elastic%20N.V._2024-03-06_transcript.pdf/Elastic%20N.V._2024-03-06_transcript.pdf",
    "periodicity": "non_periodic"
  },
  {
    "equity_ticker": "ESTC",
    "geography": "US",
    "content_name": "ESTC Q3 2024 Transcript",
    "file_type": "pdf",
    "content_type": "earnings_transcript",
    "published_date": "2024-02-29",
    "fiscal_date": "2024-02-29",
    "fiscal_year": 2024,
    "fiscal_quarter": 3,
    "r2_url": "https://pub-2c783279b61043e19fbdadd1bee5153a.r2.dev/ESTC/2024-02-29/Elastic%20N.V._2024-02-29_transcript/Elastic%20N.V._2024-02-29_transcript.pdf/Elastic%20N.V._2024-02-29_transcript.pdf",
    "periodicity": "periodic"
  },
  {
    "equity_ticker": "ESTC",
    "geography": "US",
    "content_name": "ESTC Q3 2024 Press Release",
    "file_type": "pdf",
    "content_type": "earnings_press_release",
    "published_date": "2024-02-29",
    "fiscal_date": "2024-02-29",
    "fiscal_year": 2024,
    "fiscal_quarter": 3,
    "r2_url": "https://pub-2c783279b61043e19fbdadd1bee5153a.r2.dev/ESTC/2024-02-29/1436c-2024-02-29-09-14-11/1436c-2024-02-29-09-14-11.pdf/1436c-2024-02-29-09-14-11.pdf",
    "periodicity": "periodic"
  },
  {
    "equity_ticker": "ESTC",
    "geography": "US",
    "content_name": "ESTC Q3 2024 Presentation",
    "file_type": "pdf",
    "content_type": "earnings_presentation",
    "published_date": "2024-02-29",
    "fiscal_date": "2024-02-29",
    "fiscal_year": 2024,
    "fiscal_quarter": 3,
    "r2_url": "https://pub-2c783279b61043e19fbdadd1bee5153a.r2.dev/ESTC/2024-02-29/f4965-2024-02-29-09-37-07/f4965-2024-02-29-09-37-07.pdf/f4965-2024-02-29-09-37-07.pdf",
    "periodicity": "periodic"
  },
  {
    "equity_ticker": "ESTC",
    "geography": "US",
    "content_name": "Barclays Global Technology Conference - December 7, 2023",
    "file_type": "pdf",
    "content_type": "sellside_conference_transcript",
    "published_date": "2023-12-07",
    "fiscal_date": "2023-12-07",
    "fiscal_year": null,
    "fiscal_quarter": null,
    "r2_url": "https://pub-2c783279b61043e19fbdadd1bee5153a.r2.dev/ESTC/2023-12-07/Elastic%20N.V._2023-12-07_transcript/Elastic%20N.V._2023-12-07_transcript.pdf/Elastic%20N.V._2023-12-07_transcript.pdf",
    "periodicity": "non_periodic"
  },
  {
    "equity_ticker": "ESTC",
    "geography": "US",
    "content_name": "ESTC Q2 2024 Transcript",
    "file_type": "pdf",
    "content_type": "earnings_transcript",
    "published_date": "2023-11-30",
    "fiscal_date": "2023-11-30",
    "fiscal_year": 2024,
    "fiscal_quarter": 2,
    "r2_url": "https://pub-2c783279b61043e19fbdadd1bee5153a.r2.dev/ESTC/2023-11-30/Elastic%20N.V._2023-11-30_transcript/Elastic%20N.V._2023-11-30_transcript.pdf/Elastic%20N.V._2023-11-30_transcript.pdf",
    "periodicity": "periodic"
  },
  {
    "equity_ticker": "ESTC",
    "geography": "US",
    "content_name": "ESTC Q2 2024 Press Release",
    "file_type": "pdf",
    "content_type": "earnings_press_release",
    "published_date": "2023-11-30",
    "fiscal_date": "2023-11-30",
    "fiscal_year": 2024,
    "fiscal_quarter": 2,
    "r2_url": "https://pub-2c783279b61043e19fbdadd1bee5153a.r2.dev/ESTC/2023-11-30/a2249-2023-11-30-09-04-09/a2249-2023-11-30-09-04-09.pdf/a2249-2023-11-30-09-04-09.pdf",
    "periodicity": "periodic"
  },
  {
    "equity_ticker": "ESTC",
    "geography": "US",
    "content_name": "Goldman Sachs Communacopia & Technology Conference - September 5, 2023",
    "file_type": "pdf",
    "content_type": "sellside_conference_transcript",
    "published_date": "2023-09-05",
    "fiscal_date": "2023-09-05",
    "fiscal_year": null,
    "fiscal_quarter": null,
    "r2_url": "https://pub-2c783279b61043e19fbdadd1bee5153a.r2.dev/ESTC/2023-09-05/Elastic%20N.V._2023-09-05_transcript/Elastic%20N.V._2023-09-05_transcript.pdf/Elastic%20N.V._2023-09-05_transcript.pdf",
    "periodicity": "non_periodic"
  },
  {
    "equity_ticker": "ESTC",
    "geography": "US",
    "content_name": "ESTC Q1 2024 Transcript",
    "file_type": "pdf",
    "content_type": "earnings_transcript",
    "published_date": "2023-08-31",
    "fiscal_date": "2023-08-31",
    "fiscal_year": 2024,
    "fiscal_quarter": 1,
    "r2_url": "https://pub-2c783279b61043e19fbdadd1bee5153a.r2.dev/ESTC/2023-08-31/Elastic%20N.V._2023-08-31_transcript/Elastic%20N.V._2023-08-31_transcript.pdf/Elastic%20N.V._2023-08-31_transcript.pdf",
    "periodicity": "periodic"
  },
  {
    "equity_ticker": "ESTC",
    "geography": "US",
    "content_name": "ESTC Q1 2024 Press Release",
    "file_type": "pdf",
    "content_type": "earnings_press_release",
    "published_date": "2023-08-31",
    "fiscal_date": "2023-08-31",
    "fiscal_year": 2024,
    "fiscal_quarter": 1,
    "r2_url": "https://pub-2c783279b61043e19fbdadd1bee5153a.r2.dev/ESTC/2023-08-31/2423b-2023-08-31-08-31-12/2423b-2023-08-31-08-31-12.pdf/2423b-2023-08-31-08-31-12.pdf",
    "periodicity": "periodic"
  },
  {
    "equity_ticker": "ESTC",
    "geography": "US",
    "content_name": "ESTC Q1 2024 Presentation",
    "file_type": "pdf",
    "content_type": "earnings_presentation",
    "published_date": "2023-08-31",
    "fiscal_date": "2023-08-31",
    "fiscal_year": 2024,
    "fiscal_quarter": 1,
    "r2_url": "https://pub-2c783279b61043e19fbdadd1bee5153a.r2.dev/ESTC/2023-08-31/7d6e2-2023-08-31-08-05-26/7d6e2-2023-08-31-08-05-26.pdf/7d6e2-2023-08-31-08-05-26.pdf",
    "periodicity": "periodic"
  },
  {
    "equity_ticker": "ESTC",
    "geography": "US",
    "content_name": "Bank of America 2023 Global Technology Conference - June 6, 2023",
    "file_type": "pdf",
    "content_type": "sellside_conference_transcript",
    "published_date": "2023-06-06",
    "fiscal_date": "2023-06-06",
    "fiscal_year": null,
    "fiscal_quarter": null,
    "r2_url": "https://pub-2c783279b61043e19fbdadd1bee5153a.r2.dev/ESTC/2023-06-06/Elastic%20N.V._2023-06-06_transcript/Elastic%20N.V._2023-06-06_transcript.pdf/Elastic%20N.V._2023-06-06_transcript.pdf",
    "periodicity": "non_periodic"
  },
  {
    "equity_ticker": "ESTC",
    "geography": "US",
    "content_name": "ESTC Q4 2023 Transcript",
    "file_type": "pdf",
    "content_type": "earnings_transcript",
    "published_date": "2023-06-01",
    "fiscal_date": "2023-06-01",
    "fiscal_year": 2023,
    "fiscal_quarter": 4,
    "r2_url": "https://pub-2c783279b61043e19fbdadd1bee5153a.r2.dev/ESTC/2023-06-01/Elastic%20N.V._2023-06-01_transcript/Elastic%20N.V._2023-06-01_transcript.pdf/Elastic%20N.V._2023-06-01_transcript.pdf",
    "periodicity": "periodic"
  },
  {
    "equity_ticker": "ESTC",
    "geography": "US",
    "content_name": "ESTC Q4 2023 Press Release",
    "file_type": "pdf",
    "content_type": "earnings_press_release",
    "published_date": "2023-06-01",
    "fiscal_date": "2023-06-01",
    "fiscal_year": 2023,
    "fiscal_quarter": 4,
    "r2_url": "https://pub-2c783279b61043e19fbdadd1bee5153a.r2.dev/ESTC/2023-06-01/5a4f3-2025-03-10-12-44-13/5a4f3-2025-03-10-12-44-13.pdf/5a4f3-2025-03-10-12-44-13.pdf",
    "periodicity": "periodic"
  },
  {
    "equity_ticker": "ESTC",
    "geography": "US",
    "content_name": "ESTC Q3 2023 Transcript",
    "file_type": "pdf",
    "content_type": "earnings_transcript",
    "published_date": "2023-03-02",
    "fiscal_date": "2023-03-02",
    "fiscal_year": 2023,
    "fiscal_quarter": 3,
    "r2_url": "https://pub-2c783279b61043e19fbdadd1bee5153a.r2.dev/ESTC/2023-03-02/Elastic%20N.V._2023-03-02_transcript/Elastic%20N.V._2023-03-02_transcript.pdf/Elastic%20N.V._2023-03-02_transcript.pdf",
    "periodicity": "periodic"
  },
  {
    "equity_ticker": "ESTC",
    "geography": "US",
    "content_name": "ESTC Q3 2023 Press Release",
    "file_type": "pdf",
    "content_type": "earnings_press_release",
    "published_date": "2023-03-02",
    "fiscal_date": "2023-03-02",
    "fiscal_year": 2023,
    "fiscal_quarter": 3,
    "r2_url": "https://pub-2c783279b61043e19fbdadd1bee5153a.r2.dev/ESTC/2023-03-02/bb691-2023-03-03-07-07-37/bb691-2023-03-03-07-07-37.pdf/bb691-2023-03-03-07-07-37.pdf",
    "periodicity": "periodic"
  },
  {
    "equity_ticker": "ESTC",
    "geography": "US",
    "content_name": "ESTC Q3 2023 Presentation",
    "file_type": "pdf",
    "content_type": "earnings_presentation",
    "published_date": "2023-03-02",
    "fiscal_date": "2023-03-02",
    "fiscal_year": 2023,
    "fiscal_quarter": 3,
    "r2_url": "https://pub-2c783279b61043e19fbdadd1bee5153a.r2.dev/ESTC/2023-03-02/87748-2023-03-03-07-30-36/87748-2023-03-03-07-30-36.pdf/87748-2023-03-03-07-30-36.pdf",
    "periodicity": "periodic"
  },
  {
    "equity_ticker": "ESTC",
    "geography": "US",
    "content_name": "ESTC Q2 2023 Transcript",
    "file_type": "pdf",
    "content_type": "earnings_transcript",
    "published_date": "2022-11-30",
    "fiscal_date": "2022-11-30",
    "fiscal_year": 2023,
    "fiscal_quarter": 2,
    "r2_url": "https://pub-2c783279b61043e19fbdadd1bee5153a.r2.dev/ESTC/2022-11-30/Elastic%20N.V._2022-11-30_transcript/Elastic%20N.V._2022-11-30_transcript.pdf/Elastic%20N.V._2022-11-30_transcript.pdf",
    "periodicity": "periodic"
  },
  {
    "equity_ticker": "ESTC",
    "geography": "US",
    "content_name": "ESTC Q2 2023 Press Release",
    "file_type": "pdf",
    "content_type": "quarterly_report",
    "published_date": "2022-11-30",
    "fiscal_date": "2022-11-30",
    "fiscal_year": 2023,
    "fiscal_quarter": 2,
    "r2_url": "https://pub-2c783279b61043e19fbdadd1bee5153a.r2.dev/ESTC/2022-11-30/9c364-2024-08-29-09-02-15/9c364-2024-08-29-09-02-15.pdf/9c364-2024-08-29-09-02-15.pdf",
    "periodicity": "periodic"
  },
  {
    "equity_ticker": "ESTC",
    "geography": "US",
    "content_name": "ESTC Q2 2023 Presentation",
    "file_type": "pdf",
    "content_type": "earnings_presentation",
    "published_date": "2022-11-30",
    "fiscal_date": "2022-11-30",
    "fiscal_year": 2023,
    "fiscal_quarter": 2,
    "r2_url": "https://pub-2c783279b61043e19fbdadd1bee5153a.r2.dev/ESTC/2022-11-30/d7254-2023-03-02-09-36-27/d7254-2023-03-02-09-36-27.pdf/d7254-2023-03-02-09-36-27.pdf",
    "periodicity": "periodic"
  },
  {
    "equity_ticker": "ESTC",
    "geography": "US",
    "content_name": "ESTC Q1 2023 Transcript",
    "file_type": "pdf",
    "content_type": "earnings_transcript",
    "published_date": "2022-08-25",
    "fiscal_date": "2022-08-25",
    "fiscal_year": 2023,
    "fiscal_quarter": 1,
    "r2_url": "https://pub-2c783279b61043e19fbdadd1bee5153a.r2.dev/ESTC/2022-08-25/Elastic%20N.V._2022-08-25_transcript/Elastic%20N.V._2022-08-25_transcript.pdf/Elastic%20N.V._2022-08-25_transcript.pdf",
    "periodicity": "periodic"
  },
  {
    "equity_ticker": "ESTC",
    "geography": "US",
    "content_name": "ESTC Q1 2023 Press Release",
    "file_type": "pdf",
    "content_type": "quarterly_report",
    "published_date": "2022-08-25",
    "fiscal_date": "2022-08-25",
    "fiscal_year": 2023,
    "fiscal_quarter": 1,
    "r2_url": "https://pub-2c783279b61043e19fbdadd1bee5153a.r2.dev/ESTC/2022-08-25/1edad-2024-08-29-09-10-15/1edad-2024-08-29-09-10-15.pdf/1edad-2024-08-29-09-10-15.pdf",
    "periodicity": "periodic"
  },
  {
    "equity_ticker": "ESTC",
    "geography": "US",
    "content_name": "ESTC Q1 2023 Presentation",
    "file_type": "pdf",
    "content_type": "earnings_presentation",
    "published_date": "2022-08-25",
    "fiscal_date": "2022-08-25",
    "fiscal_year": 2023,
    "fiscal_quarter": 1,
    "r2_url": "https://pub-2c783279b61043e19fbdadd1bee5153a.r2.dev/ESTC/2022-08-25/b3e42-2023-03-02-09-25-27/b3e42-2023-03-02-09-25-27.pdf/b3e42-2023-03-02-09-25-27.pdf",
    "periodicity": "periodic"
  },
  {
    "equity_ticker": "ESTC",
    "geography": "US",
    "content_name": "ESTC Q4 2022 Transcript",
    "file_type": "pdf",
    "content_type": "earnings_transcript",
    "published_date": "2022-06-01",
    "fiscal_date": "2022-06-01",
    "fiscal_year": 2022,
    "fiscal_quarter": 4,
    "r2_url": "https://pub-2c783279b61043e19fbdadd1bee5153a.r2.dev/ESTC/2022-06-01/Elastic%20N.V._2022-06-01_transcript/Elastic%20N.V._2022-06-01_transcript.pdf/Elastic%20N.V._2022-06-01_transcript.pdf",
    "periodicity": "periodic"
  },
  {
    "equity_ticker": "ESTC",
    "geography": "US",
    "content_name": "ESTC Q4 2022 Press Release",
    "file_type": "pdf",
    "content_type": "earnings_press_release",
    "published_date": "2022-06-01",
    "fiscal_date": "2022-06-01",
    "fiscal_year": 2022,
    "fiscal_quarter": 4,
    "r2_url": "https://pub-2c783279b61043e19fbdadd1bee5153a.r2.dev/ESTC/2022-06-01/b6808-2022-06-01-08-49-14/b6808-2022-06-01-08-49-14.pdf/b6808-2022-06-01-08-49-14.pdf",
    "periodicity": "periodic"
  },
  {
    "equity_ticker": "ESTC",
    "geography": "US",
    "content_name": "ESTC Q4 2022 Presentation",
    "file_type": "pdf",
    "content_type": "earnings_presentation",
    "published_date": "2022-06-01",
    "fiscal_date": "2022-06-01",
    "fiscal_year": 2022,
    "fiscal_quarter": 4,
    "r2_url": "https://pub-2c783279b61043e19fbdadd1bee5153a.r2.dev/ESTC/2022-06-01/b42de-2022-06-02-12-55-37/b42de-2022-06-02-12-55-37.pdf/b42de-2022-06-02-12-55-37.pdf",
    "periodicity": "periodic"
  },
  {
    "equity_ticker": "ESTC",
    "geography": "US",
    "content_name": "ESTC Q3 2022 Transcript",
    "file_type": "pdf",
    "content_type": "earnings_transcript",
    "published_date": "2022-03-03",
    "fiscal_date": "2022-03-03",
    "fiscal_year": 2022,
    "fiscal_quarter": 3,
    "r2_url": "https://pub-2c783279b61043e19fbdadd1bee5153a.r2.dev/ESTC/2022-03-03/Elastic%20N.V._2022-03-03_transcript/Elastic%20N.V._2022-03-03_transcript.pdf/Elastic%20N.V._2022-03-03_transcript.pdf",
    "periodicity": "periodic"
  },
  {
    "equity_ticker": "ESTC",
    "geography": "US",
    "content_name": "ESTC Q3 2022 Press Release",
    "file_type": "pdf",
    "content_type": "earnings_press_release",
    "published_date": "2022-03-03",
    "fiscal_date": "2022-03-03",
    "fiscal_year": 2022,
    "fiscal_quarter": 3,
    "r2_url": "https://pub-2c783279b61043e19fbdadd1bee5153a.r2.dev/ESTC/2022-03-03/4eb8a-2023-01-25-12-17-43/4eb8a-2023-01-25-12-17-43.pdf/4eb8a-2023-01-25-12-17-43.pdf",
    "periodicity": "periodic"
  },
  {
    "equity_ticker": "ESTC",
    "geography": "US",
    "content_name": "ESTC Q2 2022 Transcript",
    "file_type": "pdf",
    "content_type": "earnings_transcript",
    "published_date": "2021-12-01",
    "fiscal_date": "2021-12-01",
    "fiscal_year": 2022,
    "fiscal_quarter": 2,
    "r2_url": "https://pub-2c783279b61043e19fbdadd1bee5153a.r2.dev/ESTC/2021-12-01/Elastic%20N.V._2021-12-01_transcript/Elastic%20N.V._2021-12-01_transcript.pdf/Elastic%20N.V._2021-12-01_transcript.pdf",
    "periodicity": "periodic"
  },
  {
    "equity_ticker": "ESTC",
    "geography": "US",
    "content_name": "ESTC Q2 2022 Press Release",
    "file_type": "pdf",
    "content_type": "earnings_press_release",
    "published_date": "2021-12-01",
    "fiscal_date": "2021-12-01",
    "fiscal_year": 2022,
    "fiscal_quarter": 2,
    "r2_url": "https://pub-2c783279b61043e19fbdadd1bee5153a.r2.dev/ESTC/2021-12-01/29a1b-2023-01-25-12-37-05/29a1b-2023-01-25-12-37-05.pdf/29a1b-2023-01-25-12-37-05.pdf",
    "periodicity": "periodic"
  },
  {
    "equity_ticker": "ESTC",
    "geography": "US",
    "content_name": "ESTC Q1 2022 Transcript",
    "file_type": "pdf",
    "content_type": "earnings_transcript",
    "published_date": "2021-08-25",
    "fiscal_date": "2021-08-25",
    "fiscal_year": 2022,
    "fiscal_quarter": 1,
    "r2_url": "https://pub-2c783279b61043e19fbdadd1bee5153a.r2.dev/ESTC/2021-08-25/Elastic%20N.V._2021-08-25_transcript/Elastic%20N.V._2021-08-25_transcript.pdf/Elastic%20N.V._2021-08-25_transcript.pdf",
    "periodicity": "periodic"
  },
  {
    "equity_ticker": "ESTC",
    "geography": "US",
    "content_name": "ESTC Q1 2022 Press Release",
    "file_type": "pdf",
    "content_type": "earnings_press_release",
    "published_date": "2021-08-25",
    "fiscal_date": "2021-08-25",
    "fiscal_year": 2022,
    "fiscal_quarter": 1,
    "r2_url": "https://pub-2c783279b61043e19fbdadd1bee5153a.r2.dev/ESTC/2021-08-25/6ea9d-2023-01-25-09-44-22/6ea9d-2023-01-25-09-44-22.pdf/6ea9d-2023-01-25-09-44-22.pdf",
    "periodicity": "periodic"
  },
  {
    "equity_ticker": "ESTC",
    "geography": "US",
    "content_name": "ESTC Q4 2021 Transcript",
    "file_type": "pdf",
    "content_type": "earnings_transcript",
    "published_date": "2021-06-01",
    "fiscal_date": "2021-06-01",
    "fiscal_year": 2021,
    "fiscal_quarter": 4,
    "r2_url": "https://pub-2c783279b61043e19fbdadd1bee5153a.r2.dev/ESTC/2021-06-01/Elastic%20N.V._2021-06-01_transcript/Elastic%20N.V._2021-06-01_transcript.pdf/Elastic%20N.V._2021-06-01_transcript.pdf",
    "periodicity": "periodic"
  },
  {
    "equity_ticker": "ESTC",
    "geography": "US",
    "content_name": "ESTC Q4 2021 Press Release",
    "file_type": "pdf",
    "content_type": "earnings_press_release",
    "published_date": "2021-06-01",
    "fiscal_date": "2021-06-01",
    "fiscal_year": 2021,
    "fiscal_quarter": 4,
    "r2_url": "https://pub-2c783279b61043e19fbdadd1bee5153a.r2.dev/ESTC/2021-06-01/68ac3-2023-01-25-09-42-26/68ac3-2023-01-25-09-42-26.pdf/68ac3-2023-01-25-09-42-26.pdf",
    "periodicity": "periodic"
  },
  {
    "equity_ticker": "ESTC",
    "geography": "US",
    "content_name": "ESTC Q3 2021 Transcript",
    "file_type": "pdf",
    "content_type": "earnings_transcript",
    "published_date": "2021-02-24",
    "fiscal_date": "2021-02-24",
    "fiscal_year": 2021,
    "fiscal_quarter": 3,
    "r2_url": "https://pub-2c783279b61043e19fbdadd1bee5153a.r2.dev/ESTC/2021-02-24/Elastic%20N.V._2021-02-24_transcript/Elastic%20N.V._2021-02-24_transcript.pdf/Elastic%20N.V._2021-02-24_transcript.pdf",
    "periodicity": "periodic"
  },
  {
    "equity_ticker": "ESTC",
    "geography": "US",
    "content_name": "ESTC Q3 2021 Press Release",
    "file_type": "pdf",
    "content_type": "earnings_press_release",
    "published_date": "2021-02-24",
    "fiscal_date": "2021-02-24",
    "fiscal_year": 2021,
    "fiscal_quarter": 3,
    "r2_url": "https://pub-2c783279b61043e19fbdadd1bee5153a.r2.dev/ESTC/2021-02-24/c4b4a-2022-08-23-02-10-43/c4b4a-2022-08-23-02-10-43.pdf/c4b4a-2022-08-23-02-10-43.pdf",
    "periodicity": "periodic"
  },
  {
    "equity_ticker": "ESTC",
    "geography": "US",
    "content_name": "ESTC Q3 2021 Presentation",
    "file_type": "pdf",
    "content_type": "earnings_presentation",
    "published_date": "2021-02-24",
    "fiscal_date": "2021-02-24",
    "fiscal_year": 2021,
    "fiscal_quarter": 3,
    "r2_url": "https://pub-2c783279b61043e19fbdadd1bee5153a.r2.dev/ESTC/2021-02-24/b1adb-2022-07-14-12-43-03/b1adb-2022-07-14-12-43-03.pdf/b1adb-2022-07-14-12-43-03.pdf",
    "periodicity": "periodic"
  },
  {
    "equity_ticker": "ESTC",
    "geography": "US",
    "content_name": "ESTC Q2 2021 Transcript",
    "file_type": "pdf",
    "content_type": "earnings_transcript",
    "published_date": "2020-12-02",
    "fiscal_date": "2020-12-02",
    "fiscal_year": 2021,
    "fiscal_quarter": 2,
    "r2_url": "https://pub-2c783279b61043e19fbdadd1bee5153a.r2.dev/ESTC/2020-12-02/Elastic%20N.V._2020-12-02_transcript/Elastic%20N.V._2020-12-02_transcript.pdf/Elastic%20N.V._2020-12-02_transcript.pdf",
    "periodicity": "periodic"
  },
  {
    "equity_ticker": "ESTC",
    "geography": "US",
    "content_name": "ESTC Q2 2021 Press Release",
    "file_type": "pdf",
    "content_type": "earnings_press_release",
    "published_date": "2020-12-02",
    "fiscal_date": "2020-12-02",
    "fiscal_year": 2021,
    "fiscal_quarter": 2,
    "r2_url": "https://pub-2c783279b61043e19fbdadd1bee5153a.r2.dev/ESTC/2020-12-02/e4187-2022-08-31-12-12-01/e4187-2022-08-31-12-12-01.pdf/e4187-2022-08-31-12-12-01.pdf",
    "periodicity": "periodic"
  },
  {
    "equity_ticker": "ESTC",
    "geography": "US",
    "content_name": "ESTC Q2 2021 Presentation",
    "file_type": "pdf",
    "content_type": "earnings_presentation",
    "published_date": "2020-12-02",
    "fiscal_date": "2020-12-02",
    "fiscal_year": 2021,
    "fiscal_quarter": 2,
    "r2_url": "https://pub-2c783279b61043e19fbdadd1bee5153a.r2.dev/ESTC/2020-12-02/ce265-2022-07-14-12-43-02/ce265-2022-07-14-12-43-02.pdf/ce265-2022-07-14-12-43-02.pdf",
    "periodicity": "periodic"
  },
  {
    "equity_ticker": "ESTC",
    "geography": "US",
    "content_name": "ESTC Q1 2021 Transcript",
    "file_type": "pdf",
    "content_type": "earnings_transcript",
    "published_date": "2020-08-26",
    "fiscal_date": "2020-08-26",
    "fiscal_year": 2021,
    "fiscal_quarter": 1,
    "r2_url": "https://pub-2c783279b61043e19fbdadd1bee5153a.r2.dev/ESTC/2020-08-26/Elastic%20N.V._2020-08-26_transcript/Elastic%20N.V._2020-08-26_transcript.pdf/Elastic%20N.V._2020-08-26_transcript.pdf",
    "periodicity": "periodic"
  },
  {
    "equity_ticker": "ESTC",
    "geography": "US",
    "content_name": "ESTC Q1 2021 Press Release",
    "file_type": "pdf",
    "content_type": "quarterly_report",
    "published_date": "2020-08-26",
    "fiscal_date": "2020-08-26",
    "fiscal_year": 2021,
    "fiscal_quarter": 1,
    "r2_url": "https://pub-2c783279b61043e19fbdadd1bee5153a.r2.dev/ESTC/2020-08-26/4bcec-2024-08-29-09-19-15/4bcec-2024-08-29-09-19-15.pdf/4bcec-2024-08-29-09-19-15.pdf",
    "periodicity": "periodic"
  },
  {
    "equity_ticker": "ESTC",
    "geography": "US",
    "content_name": "ESTC Q1 2021 Presentation",
    "file_type": "pdf",
    "content_type": "earnings_presentation",
    "published_date": "2020-08-26",
    "fiscal_date": "2020-08-26",
    "fiscal_year": 2021,
    "fiscal_quarter": 1,
    "r2_url": "https://pub-2c783279b61043e19fbdadd1bee5153a.r2.dev/ESTC/2020-08-26/ce22b-2022-07-14-12-45-01/ce22b-2022-07-14-12-45-01.pdf/ce22b-2022-07-14-12-45-01.pdf",
    "periodicity": "periodic"
  },
  {
    "equity_ticker": "ESTC",
    "geography": "US",
    "content_name": "ESTC Q4 2020 Transcript",
    "file_type": "pdf",
    "content_type": "earnings_transcript",
    "published_date": "2020-06-02",
    "fiscal_date": "2020-06-02",
    "fiscal_year": 2020,
    "fiscal_quarter": 4,
    "r2_url": "https://pub-2c783279b61043e19fbdadd1bee5153a.r2.dev/ESTC/2020-06-02/Elastic%20N.V._2020-06-02_transcript/Elastic%20N.V._2020-06-02_transcript.pdf/Elastic%20N.V._2020-06-02_transcript.pdf",
    "periodicity": "periodic"
  },
  {
    "equity_ticker": "ESTC",
    "geography": "US",
    "content_name": "ESTC Q4 2020 Press Release",
    "file_type": "pdf",
    "content_type": "earnings_press_release",
    "published_date": "2020-06-02",
    "fiscal_date": "2020-06-02",
    "fiscal_year": 2020,
    "fiscal_quarter": 4,
    "r2_url": "https://pub-2c783279b61043e19fbdadd1bee5153a.r2.dev/ESTC/2020-06-02/4d855-2024-11-11-10-23-41/4d855-2024-11-11-10-23-41.pdf/4d855-2024-11-11-10-23-41.pdf",
    "periodicity": "periodic"
  },
  {
    "equity_ticker": "ESTC",
    "geography": "US",
    "content_name": "ESTC Q4 2020 Presentation",
    "file_type": "pdf",
    "content_type": "earnings_presentation",
    "published_date": "2020-06-02",
    "fiscal_date": "2020-06-02",
    "fiscal_year": 2020,
    "fiscal_quarter": 4,
    "r2_url": "https://pub-2c783279b61043e19fbdadd1bee5153a.r2.dev/ESTC/2020-06-02/792c1-2022-07-14-12-32-00/792c1-2022-07-14-12-32-00.pdf/792c1-2022-07-14-12-32-00.pdf",
    "periodicity": "periodic"
  },
  {
    "equity_ticker": "ESTC",
    "geography": "US",
    "content_name": "ESTC Q3 2020 Transcript",
    "file_type": "pdf",
    "content_type": "earnings_transcript",
    "published_date": "2020-02-26",
    "fiscal_date": "2020-02-26",
    "fiscal_year": 2020,
    "fiscal_quarter": 3,
    "r2_url": "https://pub-2c783279b61043e19fbdadd1bee5153a.r2.dev/ESTC/2020-02-26/Elastic%20N.V._2020-02-26_transcript/Elastic%20N.V._2020-02-26_transcript.pdf/Elastic%20N.V._2020-02-26_transcript.pdf",
    "periodicity": "periodic"
  },
  {
    "equity_ticker": "ESTC",
    "geography": "US",
    "content_name": "ESTC Q3 2020 Press Release",
    "file_type": "pdf",
    "content_type": "quarterly_report",
    "published_date": "2020-02-26",
    "fiscal_date": "2020-02-26",
    "fiscal_year": 2020,
    "fiscal_quarter": 3,
    "r2_url": "https://pub-2c783279b61043e19fbdadd1bee5153a.r2.dev/ESTC/2020-02-26/96498-2024-08-29-09-25-15/96498-2024-08-29-09-25-15.pdf/96498-2024-08-29-09-25-15.pdf",
    "periodicity": "periodic"
  },
  {
    "equity_ticker": "ESTC",
    "geography": "US",
    "content_name": "ESTC Q3 2020 Presentation",
    "file_type": "pdf",
    "content_type": "earnings_presentation",
    "published_date": "2020-02-26",
    "fiscal_date": "2020-02-26",
    "fiscal_year": 2020,
    "fiscal_quarter": 3,
    "r2_url": "https://pub-2c783279b61043e19fbdadd1bee5153a.r2.dev/ESTC/2020-02-26/0b021-2022-07-14-11-12-59/0b021-2022-07-14-11-12-59.pdf/0b021-2022-07-14-11-12-59.pdf",
    "periodicity": "periodic"
  },
  {
    "equity_ticker": "ESTC",
    "geography": "US",
    "content_name": "ESTC Q2 2020 Transcript",
    "file_type": "pdf",
    "content_type": "earnings_transcript",
    "published_date": "2019-12-04",
    "fiscal_date": "2019-12-04",
    "fiscal_year": 2020,
    "fiscal_quarter": 2,
    "r2_url": "https://pub-2c783279b61043e19fbdadd1bee5153a.r2.dev/ESTC/2019-12-04/Elastic%20N.V._2019-12-04_transcript/Elastic%20N.V._2019-12-04_transcript.pdf/Elastic%20N.V._2019-12-04_transcript.pdf",
    "periodicity": "periodic"
  },
  {
    "equity_ticker": "ESTC",
    "geography": "US",
    "content_name": "ESTC Q2 2020 Press Release",
    "file_type": "pdf",
    "content_type": "earnings_press_release",
    "published_date": "2019-12-04",
    "fiscal_date": "2019-12-04",
    "fiscal_year": 2020,
    "fiscal_quarter": 2,
    "r2_url": "https://pub-2c783279b61043e19fbdadd1bee5153a.r2.dev/ESTC/2019-12-04/f2e37-2022-07-14-11-59-57/f2e37-2022-07-14-11-59-57.pdf/f2e37-2022-07-14-11-59-57.pdf",
    "periodicity": "periodic"
  },
  {
    "equity_ticker": "ESTC",
    "geography": "US",
    "content_name": "ESTC Q2 2020 Presentation",
    "file_type": "pdf",
    "content_type": "earnings_presentation",
    "published_date": "2019-12-04",
    "fiscal_date": "2019-12-04",
    "fiscal_year": 2020,
    "fiscal_quarter": 2,
    "r2_url": "https://pub-2c783279b61043e19fbdadd1bee5153a.r2.dev/ESTC/2019-12-04/923c9-2022-07-14-11-35-57/923c9-2022-07-14-11-35-57.pdf/923c9-2022-07-14-11-35-57.pdf",
    "periodicity": "periodic"
  },
  {
    "equity_ticker": "ESTC",
    "geography": "US",
    "content_name": "ESTC Q1 2020 Transcript",
    "file_type": "pdf",
    "content_type": "earnings_transcript",
    "published_date": "2019-08-27",
    "fiscal_date": "2019-08-27",
    "fiscal_year": 2020,
    "fiscal_quarter": 1,
    "r2_url": "https://pub-2c783279b61043e19fbdadd1bee5153a.r2.dev/ESTC/2019-08-27/Elastic%20N.V._2019-08-27_transcript/Elastic%20N.V._2019-08-27_transcript.pdf/Elastic%20N.V._2019-08-27_transcript.pdf",
    "periodicity": "periodic"
  },
  {
    "equity_ticker": "ESTC",
    "geography": "US",
    "content_name": "ESTC Q1 2020 Press Release",
    "file_type": "pdf",
    "content_type": "quarterly_report",
    "published_date": "2019-08-27",
    "fiscal_date": "2019-08-27",
    "fiscal_year": 2020,
    "fiscal_quarter": 1,
    "r2_url": "https://pub-2c783279b61043e19fbdadd1bee5153a.r2.dev/ESTC/2019-08-27/12341-2024-08-29-09-32-15/12341-2024-08-29-09-32-15.pdf/12341-2024-08-29-09-32-15.pdf",
    "periodicity": "periodic"
  },
  {
    "equity_ticker": "ESTC",
    "geography": "US",
    "content_name": "ESTC Q4 2019 Transcript",
    "file_type": "pdf",
    "content_type": "earnings_transcript",
    "published_date": "2019-06-04",
    "fiscal_date": "2019-06-04",
    "fiscal_year": 2019,
    "fiscal_quarter": 4,
    "r2_url": "https://pub-2c783279b61043e19fbdadd1bee5153a.r2.dev/ESTC/2019-06-04/Elastic%20N.V._2019-06-04_transcript/Elastic%20N.V._2019-06-04_transcript.pdf/Elastic%20N.V._2019-06-04_transcript.pdf",
    "periodicity": "periodic"
  },
  {
    "equity_ticker": "ESTC",
    "geography": "US",
    "content_name": "ESTC Q4 2019 Press Release",
    "file_type": "pdf",
    "content_type": "earnings_press_release",
    "published_date": "2019-06-04",
    "fiscal_date": "2019-06-04",
    "fiscal_year": 2019,
    "fiscal_quarter": 4,
    "r2_url": "https://pub-2c783279b61043e19fbdadd1bee5153a.r2.dev/ESTC/2019-06-04/0c8ed-2024-11-11-10-44-40/0c8ed-2024-11-11-10-44-40.pdf/0c8ed-2024-11-11-10-44-40.pdf",
    "periodicity": "periodic"
  },
  {
    "equity_ticker": "ESTC",
    "geography": "US",
    "content_name": "ESTC Q3 2019 Transcript",
    "file_type": "pdf",
    "content_type": "earnings_transcript",
    "published_date": "2019-02-27",
    "fiscal_date": "2019-02-27",
    "fiscal_year": 2019,
    "fiscal_quarter": 3,
    "r2_url": "https://pub-2c783279b61043e19fbdadd1bee5153a.r2.dev/ESTC/2019-02-27/Elastic%20N.V._2019-02-27_transcript/Elastic%20N.V._2019-02-27_transcript.pdf/Elastic%20N.V._2019-02-27_transcript.pdf",
    "periodicity": "periodic"
  },
  {
    "equity_ticker": "ESTC",
    "geography": "US",
    "content_name": "ESTC Q3 2019 Press Release",
    "file_type": "pdf",
    "content_type": "quarterly_report",
    "published_date": "2019-02-27",
    "fiscal_date": "2019-02-27",
    "fiscal_year": 2019,
    "fiscal_quarter": 3,
    "r2_url": "https://pub-2c783279b61043e19fbdadd1bee5153a.r2.dev/ESTC/2019-02-27/51ff2-2024-08-29-09-43-15/51ff2-2024-08-29-09-43-15.pdf/51ff2-2024-08-29-09-43-15.pdf",
    "periodicity": "periodic"
  },
  {
    "equity_ticker": "ESTC",
    "geography": "US",
    "content_name": "ESTC Q2 2019 Transcript",
    "file_type": "pdf",
    "content_type": "earnings_transcript",
    "published_date": "2018-12-04",
    "fiscal_date": "2018-12-04",
    "fiscal_year": 2019,
    "fiscal_quarter": 2,
    "r2_url": "https://pub-2c783279b61043e19fbdadd1bee5153a.r2.dev/ESTC/2018-12-04/Elastic%20N.V._2018-12-04_transcript/Elastic%20N.V._2018-12-04_transcript.pdf/Elastic%20N.V._2018-12-04_transcript.pdf",
    "periodicity": "periodic"
  },
  {
    "equity_ticker": "ESTC",
    "geography": "US",
    "content_name": "ESTC Q2 2019 Press Release",
    "file_type": "pdf",
    "content_type": "quarterly_report",
    "published_date": "2018-12-04",
    "fiscal_date": "2018-12-04",
    "fiscal_year": 2019,
    "fiscal_quarter": 2,
    "r2_url": "https://pub-2c783279b61043e19fbdadd1bee5153a.r2.dev/ESTC/2018-12-04/efeca-2024-08-29-09-48-15/efeca-2024-08-29-09-48-15.pdf/efeca-2024-08-29-09-48-15.pdf",
    "periodicity": "periodic"
  },
  {
    "equity_ticker": "ESTC",
    "geography": "US",
    "content_name": "ESTC Q3 2025 10-Q",
    "file_type": "pdf",
    "content_type": "quarterly_report",
    "published_date": "2025-02-27",
    "fiscal_date": "2025-01-31",
    "fiscal_year": 2025,
    "fiscal_quarter": 3,
    "r2_url": "https://pub-2c783279b61043e19fbdadd1bee5153a.r2.dev/ESTC/2025-02-27/estc-20250131.htm/estc-20250131.pdf",
    "periodicity": "periodic"
  },
  {
    "equity_ticker": "ESTC",
    "geography": "US",
    "content_name": "ESTC Q2 2025 10-Q",
    "file_type": "pdf",
    "content_type": "quarterly_report",
    "published_date": "2024-11-25",
    "fiscal_date": "2024-10-31",
    "fiscal_year": 2025,
    "fiscal_quarter": 2,
    "r2_url": "https://pub-2c783279b61043e19fbdadd1bee5153a.r2.dev/ESTC/2024-11-25/estc-20241031.htm/estc-20241031.pdf",
    "periodicity": "periodic"
  },
  {
    "equity_ticker": "ESTC",
    "geography": "US",
    "content_name": "ESTC Q1 2025 10-Q",
    "file_type": "pdf",
    "content_type": "quarterly_report",
    "published_date": "2024-08-30",
    "fiscal_date": "2024-07-31",
    "fiscal_year": 2025,
    "fiscal_quarter": 1,
    "r2_url": "https://pub-2c783279b61043e19fbdadd1bee5153a.r2.dev/ESTC/2024-08-30/estc-20240731.htm/estc-20240731.pdf",
    "periodicity": "periodic"
  },
  {
    "equity_ticker": "ESTC",
    "geography": "US",
    "content_name": "ESTC Q4 2024 10-K",
    "file_type": "pdf",
    "content_type": "annual_report",
    "published_date": "2024-06-14",
    "fiscal_date": "2024-04-30",
    "fiscal_year": 2024,
    "fiscal_quarter": 4,
    "r2_url": "https://pub-2c783279b61043e19fbdadd1bee5153a.r2.dev/ESTC/2024-06-14/estc-20240430.htm/estc-20240430.pdf",
    "periodicity": "periodic"
  },
  {
    "equity_ticker": "ESTC",
    "geography": "US",
    "content_name": "ESTC Q3 2024 10-Q",
    "file_type": "pdf",
    "content_type": "quarterly_report",
    "published_date": "2024-03-01",
    "fiscal_date": "2024-01-31",
    "fiscal_year": 2024,
    "fiscal_quarter": 3,
    "r2_url": "https://pub-2c783279b61043e19fbdadd1bee5153a.r2.dev/ESTC/2024-03-01/estc-20240131.htm/estc-20240131.pdf",
    "periodicity": "periodic"
  },
  {
    "equity_ticker": "ESTC",
    "geography": "US",
    "content_name": "ESTC Q2 2024 10-Q",
    "file_type": "pdf",
    "content_type": "quarterly_report",
    "published_date": "2023-12-01",
    "fiscal_date": "2023-10-31",
    "fiscal_year": 2024,
    "fiscal_quarter": 2,
    "r2_url": "https://pub-2c783279b61043e19fbdadd1bee5153a.r2.dev/ESTC/2023-12-01/estc-20231031.htm/estc-20231031.pdf",
    "periodicity": "periodic"
  },
  {
    "equity_ticker": "ESTC",
    "geography": "US",
    "content_name": "ESTC Q1 2024 10-Q",
    "file_type": "pdf",
    "content_type": "quarterly_report",
    "published_date": "2023-09-01",
    "fiscal_date": "2023-07-31",
    "fiscal_year": 2024,
    "fiscal_quarter": 1,
    "r2_url": "https://pub-2c783279b61043e19fbdadd1bee5153a.r2.dev/ESTC/2023-09-01/estc-20230731.htm/estc-20230731.pdf",
    "periodicity": "periodic"
  },
  {
    "equity_ticker": "ESTC",
    "geography": "US",
    "content_name": "ESTC Q4 2023 10-K",
    "file_type": "pdf",
    "content_type": "annual_report",
    "published_date": "2023-06-16",
    "fiscal_date": "2023-04-30",
    "fiscal_year": 2023,
    "fiscal_quarter": 4,
    "r2_url": "https://pub-2c783279b61043e19fbdadd1bee5153a.r2.dev/ESTC/2023-06-16/estc-20230430.htm/estc-20230430.pdf",
    "periodicity": "periodic"
  },
  {
    "equity_ticker": "ESTC",
    "geography": "US",
    "content_name": "ESTC Q3 2023 10-Q",
    "file_type": "pdf",
    "content_type": "quarterly_report",
    "published_date": "2023-03-03",
    "fiscal_date": "2023-01-31",
    "fiscal_year": 2023,
    "fiscal_quarter": 3,
    "r2_url": "https://pub-2c783279b61043e19fbdadd1bee5153a.r2.dev/ESTC/2023-03-03/estc-20230131.htm/estc-20230131.pdf",
    "periodicity": "periodic"
  },
  {
    "equity_ticker": "ESTC",
    "geography": "US",
    "content_name": "ESTC Q2 2023 10-Q",
    "file_type": "pdf",
    "content_type": "quarterly_report",
    "published_date": "2022-12-02",
    "fiscal_date": "2022-10-31",
    "fiscal_year": 2023,
    "fiscal_quarter": 2,
    "r2_url": "https://pub-2c783279b61043e19fbdadd1bee5153a.r2.dev/ESTC/2022-12-02/estc-20221031.htm/estc-20221031.pdf",
    "periodicity": "periodic"
  },
  {
    "equity_ticker": "ESTC",
    "geography": "US",
    "content_name": "ESTC Q1 2023 10-Q",
    "file_type": "pdf",
    "content_type": "quarterly_report",
    "published_date": "2022-08-29",
    "fiscal_date": "2022-07-31",
    "fiscal_year": 2023,
    "fiscal_quarter": 1,
    "r2_url": "https://pub-2c783279b61043e19fbdadd1bee5153a.r2.dev/ESTC/2022-08-29/estc-20220731.htm/estc-20220731.pdf",
    "periodicity": "periodic"
  },
  {
    "equity_ticker": "ESTC",
    "geography": "US",
    "content_name": "ESTC Q4 2022 10-K",
    "file_type": "pdf",
    "content_type": "annual_report",
    "published_date": "2022-06-21",
    "fiscal_date": "2022-04-30",
    "fiscal_year": 2022,
    "fiscal_quarter": 4,
    "r2_url": "https://pub-2c783279b61043e19fbdadd1bee5153a.r2.dev/ESTC/2022-06-21/estc-20220430.htm/estc-20220430.pdf",
    "periodicity": "periodic"
  },
  {
    "equity_ticker": "ESTC",
    "geography": "US",
    "content_name": "ESTC Q3 2022 10-Q",
    "file_type": "pdf",
    "content_type": "quarterly_report",
    "published_date": "2022-03-10",
    "fiscal_date": "2022-01-31",
    "fiscal_year": 2022,
    "fiscal_quarter": 3,
    "r2_url": "https://pub-2c783279b61043e19fbdadd1bee5153a.r2.dev/ESTC/2022-03-10/estc-20220131.htm/estc-20220131.pdf",
    "periodicity": "periodic"
  },
  {
    "equity_ticker": "ESTC",
    "geography": "US",
    "content_name": "ESTC Q2 2022 10-Q",
    "file_type": "pdf",
    "content_type": "quarterly_report",
    "published_date": "2021-12-08",
    "fiscal_date": "2021-10-31",
    "fiscal_year": 2022,
    "fiscal_quarter": 2,
    "r2_url": "https://pub-2c783279b61043e19fbdadd1bee5153a.r2.dev/ESTC/2021-12-08/estc-20211031.htm/estc-20211031.pdf",
    "periodicity": "periodic"
  },
  {
    "equity_ticker": "ESTC",
    "geography": "US",
    "content_name": "ESTC Q1 2022 10-Q",
    "file_type": "pdf",
    "content_type": "quarterly_report",
    "published_date": "2021-09-01",
    "fiscal_date": "2021-07-31",
    "fiscal_year": 2022,
    "fiscal_quarter": 1,
    "r2_url": "https://pub-2c783279b61043e19fbdadd1bee5153a.r2.dev/ESTC/2021-09-01/estc-20210731.htm/estc-20210731.pdf",
    "periodicity": "periodic"
  },
  {
    "equity_ticker": "ESTC",
    "geography": "US",
    "content_name": "ESTC Q4 2021 10-K",
    "file_type": "pdf",
    "content_type": "annual_report",
    "published_date": "2021-06-25",
    "fiscal_date": "2021-04-30",
    "fiscal_year": 2021,
    "fiscal_quarter": 4,
    "r2_url": "https://pub-2c783279b61043e19fbdadd1bee5153a.r2.dev/ESTC/2021-06-25/estc-20210430.htm/estc-20210430.pdf",
    "periodicity": "periodic"
  },
  {
    "equity_ticker": "ESTC",
    "geography": "US",
    "content_name": "ESTC Q3 2021 10-Q",
    "file_type": "pdf",
    "content_type": "quarterly_report",
    "published_date": "2021-03-03",
    "fiscal_date": "2021-01-31",
    "fiscal_year": 2021,
    "fiscal_quarter": 3,
    "r2_url": "https://pub-2c783279b61043e19fbdadd1bee5153a.r2.dev/ESTC/2021-03-03/estc-20210131.htm/estc-20210131.pdf",
    "periodicity": "periodic"
  },
  {
    "equity_ticker": "ESTC",
    "geography": "US",
    "content_name": "ESTC Q2 2021 10-Q",
    "file_type": "pdf",
    "content_type": "quarterly_report",
    "published_date": "2020-12-07",
    "fiscal_date": "2020-10-31",
    "fiscal_year": 2021,
    "fiscal_quarter": 2,
    "r2_url": "https://pub-2c783279b61043e19fbdadd1bee5153a.r2.dev/ESTC/2020-12-07/estc-20201031.htm/estc-20201031.pdf",
    "periodicity": "periodic"
  },
  {
    "equity_ticker": "ESTC",
    "geography": "US",
    "content_name": "ESTC Q1 2021 10-Q",
    "file_type": "pdf",
    "content_type": "quarterly_report",
    "published_date": "2020-09-03",
    "fiscal_date": "2020-07-31",
    "fiscal_year": 2021,
    "fiscal_quarter": 1,
    "r2_url": "https://pub-2c783279b61043e19fbdadd1bee5153a.r2.dev/ESTC/2020-09-03/estc-20200731.htm/ix.pdf",
    "periodicity": "periodic"
  },
  {
    "equity_ticker": "ESTC",
    "geography": "US",
    "content_name": "ESTC Q4 2020 10-K",
    "file_type": "pdf",
    "content_type": "annual_report",
    "published_date": "2020-06-26",
    "fiscal_date": "2020-04-30",
    "fiscal_year": 2020,
    "fiscal_quarter": 4,
    "r2_url": "https://pub-2c783279b61043e19fbdadd1bee5153a.r2.dev/ESTC/2020-06-26/estc-20200430.htm/ix.pdf",
    "periodicity": "periodic"
  },
  {
    "equity_ticker": "ESTC",
    "geography": "US",
    "content_name": "ESTC Q3 2020 10-Q",
    "file_type": "pdf",
    "content_type": "quarterly_report",
    "published_date": "2020-03-06",
    "fiscal_date": "2020-01-31",
    "fiscal_year": 2020,
    "fiscal_quarter": 3,
    "r2_url": "https://pub-2c783279b61043e19fbdadd1bee5153a.r2.dev/ESTC/2020-03-06/estc-10q_20200131.htm/estc-10q_20200131.pdf",
    "periodicity": "periodic"
  },
  {
    "equity_ticker": "ESTC",
    "geography": "US",
    "content_name": "ESTC Q2 2020 10-Q",
    "file_type": "pdf",
    "content_type": "quarterly_report",
    "published_date": "2019-12-09",
    "fiscal_date": "2019-10-31",
    "fiscal_year": 2020,
    "fiscal_quarter": 2,
    "r2_url": "https://pub-2c783279b61043e19fbdadd1bee5153a.r2.dev/ESTC/2019-12-09/estc-10q_20191031.htm/estc-10q_20191031.pdf",
    "periodicity": "periodic"
  },
  {
    "equity_ticker": "ESTC",
    "geography": "US",
    "content_name": "ESTC Q1 2020 10-Q",
    "file_type": "pdf",
    "content_type": "quarterly_report",
    "published_date": "2019-09-10",
    "fiscal_date": "2019-07-31",
    "fiscal_year": 2020,
    "fiscal_quarter": 1,
    "r2_url": "https://pub-2c783279b61043e19fbdadd1bee5153a.r2.dev/ESTC/2019-09-10/estc-10q_20190731.htm/estc-10q_20190731.pdf",
    "periodicity": "periodic"
  },
  {
    "equity_ticker": "ESTC",
    "geography": "US",
    "content_name": "ESTC Q4 2019 10-K",
    "file_type": "pdf",
    "content_type": "annual_report",
    "published_date": "2019-06-28",
    "fiscal_date": "2019-04-30",
    "fiscal_year": 2019,
    "fiscal_quarter": 4,
    "r2_url": "https://pub-2c783279b61043e19fbdadd1bee5153a.r2.dev/ESTC/2019-06-28/estc-10k_20190430.htm/estc-10k_20190430.pdf",
    "periodicity": "periodic"
  },
  {
    "equity_ticker": "ESTC",
    "geography": "US",
    "content_name": "ESTC Q3 2019 10-Q",
    "file_type": "pdf",
    "content_type": "quarterly_report",
    "published_date": "2019-03-01",
    "fiscal_date": "2019-01-31",
    "fiscal_year": 2019,
    "fiscal_quarter": 3,
    "r2_url": "https://pub-2c783279b61043e19fbdadd1bee5153a.r2.dev/ESTC/2019-03-01/estc-10q_20190131.htm/estc-10q_20190131.pdf",
    "periodicity": "periodic"
  },
  {
    "equity_ticker": "ESTC",
    "geography": "US",
    "content_name": "ESTC Q2 2019 10-Q",
    "file_type": "pdf",
    "content_type": "quarterly_report",
    "published_date": "2018-12-12",
    "fiscal_date": "2018-10-31",
    "fiscal_year": 2019,
    "fiscal_quarter": 2,
    "r2_url": "https://pub-2c783279b61043e19fbdadd1bee5153a.r2.dev/ESTC/2018-12-12/estc-10q_20181031.htm/estc-10q_20181031.pdf",
    "periodicity": "periodic"
  }
]