[
  {
    "equity_ticker": "FTNT",
    "geography": "US",
    "content_name": "FTNT Q4 2024 10-K",
    "file_type": "pdf",
    "content_type": "annual_report",
    "published_date": "2025-02-21",
    "fiscal_date": "2024-12-31",
    "fiscal_year": 2024,
    "fiscal_quarter": 4,
    "r2_url": "https://pub-2c783279b61043e19fbdadd1bee5153a.r2.dev/FTNT/2025-02-21/ftnt-20241231.htm/ftnt-20241231.pdf",
    "periodicity": "periodic"
  },
  {
    "equity_ticker": "FTNT",
    "geography": "US",
    "content_name": "FTNT Q3 2024 10-Q",
    "file_type": "pdf",
    "content_type": "quarterly_report",
    "published_date": "2024-11-08",
    "fiscal_date": "2024-09-30",
    "fiscal_year": 2024,
    "fiscal_quarter": 3,
    "r2_url": "https://pub-2c783279b61043e19fbdadd1bee5153a.r2.dev/FTNT/2024-11-08/ftnt-20240930.htm/ftnt-20240930.pdf",
    "periodicity": "periodic"
  },
  {
    "equity_ticker": "FTNT",
    "geography": "US",
    "content_name": "FTNT Q2 2024 10-Q",
    "file_type": "pdf",
    "content_type": "quarterly_report",
    "published_date": "2024-08-07",
    "fiscal_date": "2024-06-30",
    "fiscal_year": 2024,
    "fiscal_quarter": 2,
    "r2_url": "https://pub-2c783279b61043e19fbdadd1bee5153a.r2.dev/FTNT/2024-08-07/ftnt-20240630.htm/ftnt-20240630.pdf",
    "periodicity": "periodic"
  },
  {
    "equity_ticker": "FTNT",
    "geography": "US",
    "content_name": "FTNT Q1 2024 10-Q",
    "file_type": "pdf",
    "content_type": "quarterly_report",
    "published_date": "2024-05-06",
    "fiscal_date": "2024-03-31",
    "fiscal_year": 2024,
    "fiscal_quarter": 1,
    "r2_url": "https://pub-2c783279b61043e19fbdadd1bee5153a.r2.dev/FTNT/2024-05-06/ftnt-20240331.htm/ftnt-20240331.pdf",
    "periodicity": "periodic"
  },
  {
    "equity_ticker": "FTNT",
    "geography": "US",
    "content_name": "FTNT Q4 2023 10-K",
    "file_type": "pdf",
    "content_type": "annual_report",
    "published_date": "2024-02-23",
    "fiscal_date": "2023-12-31",
    "fiscal_year": 2023,
    "fiscal_quarter": 4,
    "r2_url": "https://pub-2c783279b61043e19fbdadd1bee5153a.r2.dev/FTNT/2024-02-23/ftnt-20231231.htm/ftnt-20231231.pdf",
    "periodicity": "periodic"
  },
  {
    "equity_ticker": "FTNT",
    "geography": "US",
    "content_name": "FTNT Q3 2023 10-Q",
    "file_type": "pdf",
    "content_type": "quarterly_report",
    "published_date": "2023-11-06",
    "fiscal_date": "2023-09-30",
    "fiscal_year": 2023,
    "fiscal_quarter": 3,
    "r2_url": "https://pub-2c783279b61043e19fbdadd1bee5153a.r2.dev/FTNT/2023-11-06/ftnt-20230930.htm/ftnt-20230930.pdf",
    "periodicity": "periodic"
  },
  {
    "equity_ticker": "FTNT",
    "geography": "US",
    "content_name": "FTNT Q2 2023 10-Q",
    "file_type": "pdf",
    "content_type": "quarterly_report",
    "published_date": "2023-08-07",
    "fiscal_date": "2023-06-30",
    "fiscal_year": 2023,
    "fiscal_quarter": 2,
    "r2_url": "https://pub-2c783279b61043e19fbdadd1bee5153a.r2.dev/FTNT/2023-08-07/ftnt-20230630.htm/ftnt-20230630.pdf",
    "periodicity": "periodic"
  },
  {
    "equity_ticker": "FTNT",
    "geography": "US",
    "content_name": "FTNT Q1 2023 10-Q",
    "file_type": "pdf",
    "content_type": "quarterly_report",
    "published_date": "2023-05-08",
    "fiscal_date": "2023-03-31",
    "fiscal_year": 2023,
    "fiscal_quarter": 1,
    "r2_url": "https://pub-2c783279b61043e19fbdadd1bee5153a.r2.dev/FTNT/2023-05-08/ftnt-20230331.htm/ftnt-20230331.pdf",
    "periodicity": "periodic"
  },
  {
    "equity_ticker": "FTNT",
    "geography": "US",
    "content_name": "FTNT Q4 2022 10-K",
    "file_type": "pdf",
    "content_type": "annual_report",
    "published_date": "2023-02-23",
    "fiscal_date": "2022-12-31",
    "fiscal_year": 2022,
    "fiscal_quarter": 4,
    "r2_url": "https://pub-2c783279b61043e19fbdadd1bee5153a.r2.dev/FTNT/2023-02-23/ftnt-20221231.htm/ftnt-20221231.pdf",
    "periodicity": "periodic"
  },
  {
    "equity_ticker": "FTNT",
    "geography": "US",
    "content_name": "FTNT Q3 2022 10-Q",
    "file_type": "pdf",
    "content_type": "quarterly_report",
    "published_date": "2022-11-07",
    "fiscal_date": "2022-09-30",
    "fiscal_year": 2022,
    "fiscal_quarter": 3,
    "r2_url": "https://pub-2c783279b61043e19fbdadd1bee5153a.r2.dev/FTNT/2022-11-07/ftnt-20220930.htm/ftnt-20220930.pdf",
    "periodicity": "periodic"
  },
  {
    "equity_ticker": "FTNT",
    "geography": "US",
    "content_name": "FTNT Q2 2022 10-Q",
    "file_type": "pdf",
    "content_type": "quarterly_report",
    "published_date": "2022-08-05",
    "fiscal_date": "2022-06-30",
    "fiscal_year": 2022,
    "fiscal_quarter": 2,
    "r2_url": "https://pub-2c783279b61043e19fbdadd1bee5153a.r2.dev/FTNT/2022-08-05/ftnt-20220630.htm/ftnt-20220630.pdf",
    "periodicity": "periodic"
  },
  {
    "equity_ticker": "FTNT",
    "geography": "US",
    "content_name": "FTNT Q1 2022 10-Q",
    "file_type": "pdf",
    "content_type": "quarterly_report",
    "published_date": "2022-05-06",
    "fiscal_date": "2022-03-31",
    "fiscal_year": 2022,
    "fiscal_quarter": 1,
    "r2_url": "https://pub-2c783279b61043e19fbdadd1bee5153a.r2.dev/FTNT/2022-05-06/ftnt-20220331.htm/ftnt-20220331.pdf",
    "periodicity": "periodic"
  },
  {
    "equity_ticker": "FTNT",
    "geography": "US",
    "content_name": "FTNT Q4 2021 10-K",
    "file_type": "pdf",
    "content_type": "annual_report",
    "published_date": "2022-02-25",
    "fiscal_date": "2021-12-31",
    "fiscal_year": 2021,
    "fiscal_quarter": 4,
    "r2_url": "https://pub-2c783279b61043e19fbdadd1bee5153a.r2.dev/FTNT/2022-02-25/ftnt-20211231.htm/ftnt-20211231.pdf",
    "periodicity": "periodic"
  },
  {
    "equity_ticker": "FTNT",
    "geography": "US",
    "content_name": "FTNT Q3 2021 10-Q",
    "file_type": "pdf",
    "content_type": "quarterly_report",
    "published_date": "2021-11-08",
    "fiscal_date": "2021-09-30",
    "fiscal_year": 2021,
    "fiscal_quarter": 3,
    "r2_url": "https://pub-2c783279b61043e19fbdadd1bee5153a.r2.dev/FTNT/2021-11-08/ftnt-20210930.htm/ftnt-20210930.pdf",
    "periodicity": "periodic"
  },
  {
    "equity_ticker": "FTNT",
    "geography": "US",
    "content_name": "FTNT Q2 2021 10-Q",
    "file_type": "pdf",
    "content_type": "quarterly_report",
    "published_date": "2021-08-02",
    "fiscal_date": "2021-06-30",
    "fiscal_year": 2021,
    "fiscal_quarter": 2,
    "r2_url": "https://pub-2c783279b61043e19fbdadd1bee5153a.r2.dev/FTNT/2021-08-02/ftnt-20210630.htm/ftnt-20210630.pdf",
    "periodicity": "periodic"
  },
  {
    "equity_ticker": "FTNT",
    "geography": "US",
    "content_name": "FTNT Q1 2021 10-Q",
    "file_type": "pdf",
    "content_type": "quarterly_report",
    "published_date": "2021-05-03",
    "fiscal_date": "2021-03-31",
    "fiscal_year": 2021,
    "fiscal_quarter": 1,
    "r2_url": "https://pub-2c783279b61043e19fbdadd1bee5153a.r2.dev/FTNT/2021-05-03/ftnt-20210331.htm/ftnt-20210331.pdf",
    "periodicity": "periodic"
  },
  {
    "equity_ticker": "FTNT",
    "geography": "US",
    "content_name": "FTNT Q4 2020 10-K",
    "file_type": "pdf",
    "content_type": "annual_report",
    "published_date": "2021-02-19",
    "fiscal_date": "2020-12-31",
    "fiscal_year": 2020,
    "fiscal_quarter": 4,
    "r2_url": "https://pub-2c783279b61043e19fbdadd1bee5153a.r2.dev/FTNT/2021-02-19/ftnt-20201231.htm/ftnt-20201231.pdf",
    "periodicity": "periodic"
  },
  {
    "equity_ticker": "FTNT",
    "geography": "US",
    "content_name": "FTNT Q3 2020 10-Q",
    "file_type": "pdf",
    "content_type": "quarterly_report",
    "published_date": "2020-11-06",
    "fiscal_date": "2020-09-30",
    "fiscal_year": 2020,
    "fiscal_quarter": 3,
    "r2_url": "https://pub-2c783279b61043e19fbdadd1bee5153a.r2.dev/FTNT/2020-11-06/ftnt-20200930.htm/ftnt-20200930.pdf",
    "periodicity": "periodic"
  },
  {
    "equity_ticker": "FTNT",
    "geography": "US",
    "content_name": "FTNT Q2 2020 10-Q",
    "file_type": "pdf",
    "content_type": "quarterly_report",
    "published_date": "2020-08-06",
    "fiscal_date": "2020-06-30",
    "fiscal_year": 2020,
    "fiscal_quarter": 2,
    "r2_url": "https://pub-2c783279b61043e19fbdadd1bee5153a.r2.dev/FTNT/2020-08-06/ftnt-20200630.htm/ix.pdf",
    "periodicity": "periodic"
  },
  {
    "equity_ticker": "FTNT",
    "geography": "US",
    "content_name": "FTNT Q1 2020 10-Q",
    "file_type": "pdf",
    "content_type": "quarterly_report",
    "published_date": "2020-05-06",
    "fiscal_date": "2020-03-31",
    "fiscal_year": 2020,
    "fiscal_quarter": 1,
    "r2_url": "https://pub-2c783279b61043e19fbdadd1bee5153a.r2.dev/FTNT/2020-05-06/ftnt-0331202010xq.htm/ix.pdf",
    "periodicity": "periodic"
  },
  {
    "equity_ticker": "FTNT",
    "geography": "US",
    "content_name": "FTNT Q4 2019 10-K",
    "file_type": "pdf",
    "content_type": "annual_report",
    "published_date": "2020-02-25",
    "fiscal_date": "2019-12-31",
    "fiscal_year": 2019,
    "fiscal_quarter": 4,
    "r2_url": "https://pub-2c783279b61043e19fbdadd1bee5153a.r2.dev/FTNT/2020-02-25/ftnt-201910xk.htm/ix.pdf",
    "periodicity": "periodic"
  },
  {
    "equity_ticker": "FTNT",
    "geography": "US",
    "content_name": "FTNT Q3 2019 10-Q",
    "file_type": "pdf",
    "content_type": "quarterly_report",
    "published_date": "2019-10-31",
    "fiscal_date": "2019-09-30",
    "fiscal_year": 2019,
    "fiscal_quarter": 3,
    "r2_url": "https://pub-2c783279b61043e19fbdadd1bee5153a.r2.dev/FTNT/2019-10-31/ftnt-0930201910xq.htm/ix.pdf",
    "periodicity": "periodic"
  },
  {
    "equity_ticker": "FTNT",
    "geography": "US",
    "content_name": "FTNT Q2 2019 10-Q",
    "file_type": "pdf",
    "content_type": "quarterly_report",
    "published_date": "2019-08-01",
    "fiscal_date": "2019-06-30",
    "fiscal_year": 2019,
    "fiscal_quarter": 2,
    "r2_url": "https://pub-2c783279b61043e19fbdadd1bee5153a.r2.dev/FTNT/2019-08-01/ftnt-0630201910xq.htm/ix.pdf",
    "periodicity": "periodic"
  },
  {
    "equity_ticker": "FTNT",
    "geography": "US",
    "content_name": "FTNT Q1 2019 10-Q",
    "file_type": "pdf",
    "content_type": "quarterly_report",
    "published_date": "2019-05-07",
    "fiscal_date": "2019-03-31",
    "fiscal_year": 2019,
    "fiscal_quarter": 1,
    "r2_url": "https://pub-2c783279b61043e19fbdadd1bee5153a.r2.dev/FTNT/2019-05-07/ftnt-0331201910xq.htm/ix.pdf",
    "periodicity": "periodic"
  },
  {
    "equity_ticker": "FTNT",
    "geography": "US",
    "content_name": "FTNT Q4 2018 10-K",
    "file_type": "pdf",
    "content_type": "annual_report",
    "published_date": "2019-02-26",
    "fiscal_date": "2018-12-31",
    "fiscal_year": 2018,
    "fiscal_quarter": 4,
    "r2_url": "https://pub-2c783279b61043e19fbdadd1bee5153a.r2.dev/FTNT/2019-02-26/ftnt-201810xk.htm/ftnt-201810xk.pdf",
    "periodicity": "periodic"
  },
  {
    "equity_ticker": "FTNT",
    "geography": "US",
    "content_name": "FTNT Q3 2018 10-Q",
    "file_type": "pdf",
    "content_type": "quarterly_report",
    "published_date": "2018-11-07",
    "fiscal_date": "2018-09-30",
    "fiscal_year": 2018,
    "fiscal_quarter": 3,
    "r2_url": "https://pub-2c783279b61043e19fbdadd1bee5153a.r2.dev/FTNT/2018-11-07/ftnt-0930201810xq.htm/ftnt-0930201810xq.pdf",
    "periodicity": "periodic"
  },
  {
    "equity_ticker": "FTNT",
    "geography": "US",
    "content_name": "FTNT Q2 2018 10-Q",
    "file_type": "pdf",
    "content_type": "quarterly_report",
    "published_date": "2018-08-06",
    "fiscal_date": "2018-06-30",
    "fiscal_year": 2018,
    "fiscal_quarter": 2,
    "r2_url": "https://pub-2c783279b61043e19fbdadd1bee5153a.r2.dev/FTNT/2018-08-06/ftnt-0630201810xq.htm/ftnt-0630201810xq.pdf",
    "periodicity": "periodic"
  },
  {
    "equity_ticker": "FTNT",
    "geography": "US",
    "content_name": "FTNT Q1 2018 10-Q",
    "file_type": "pdf",
    "content_type": "quarterly_report",
    "published_date": "2018-05-07",
    "fiscal_date": "2018-03-31",
    "fiscal_year": 2018,
    "fiscal_quarter": 1,
    "r2_url": "https://pub-2c783279b61043e19fbdadd1bee5153a.r2.dev/FTNT/2018-05-07/ftnt-0331201810xq.htm/ftnt-0331201810xq.pdf",
    "periodicity": "periodic"
  },
  {
    "equity_ticker": "FTNT",
    "geography": "US",
    "content_name": "FTNT Q4 2017 10-K",
    "file_type": "pdf",
    "content_type": "annual_report",
    "published_date": "2018-02-26",
    "fiscal_date": "2017-12-31",
    "fiscal_year": 2017,
    "fiscal_quarter": 4,
    "r2_url": "https://pub-2c783279b61043e19fbdadd1bee5153a.r2.dev/FTNT/2018-02-26/ftnt-201710xk.htm/ftnt-201710xk.pdf",
    "periodicity": "periodic"
  },
  {
    "equity_ticker": "FTNT",
    "geography": "US",
    "content_name": "FTNT Q3 2017 10-Q",
    "file_type": "pdf",
    "content_type": "quarterly_report",
    "published_date": "2017-11-01",
    "fiscal_date": "2017-09-30",
    "fiscal_year": 2017,
    "fiscal_quarter": 3,
    "r2_url": "https://pub-2c783279b61043e19fbdadd1bee5153a.r2.dev/FTNT/2017-11-01/ftnt-0930201710xq.htm/ftnt-0930201710xq.pdf",
    "periodicity": "periodic"
  },
  {
    "equity_ticker": "FTNT",
    "geography": "US",
    "content_name": "FTNT Q2 2017 10-Q",
    "file_type": "pdf",
    "content_type": "quarterly_report",
    "published_date": "2017-08-01",
    "fiscal_date": "2017-06-30",
    "fiscal_year": 2017,
    "fiscal_quarter": 2,
    "r2_url": "https://pub-2c783279b61043e19fbdadd1bee5153a.r2.dev/FTNT/2017-08-01/ftnt-0630201710xq.htm/ftnt-0630201710xq.pdf",
    "periodicity": "periodic"
  },
  {
    "equity_ticker": "FTNT",
    "geography": "US",
    "content_name": "FTNT Q1 2017 10-Q",
    "file_type": "pdf",
    "content_type": "quarterly_report",
    "published_date": "2017-05-02",
    "fiscal_date": "2017-03-31",
    "fiscal_year": 2017,
    "fiscal_quarter": 1,
    "r2_url": "https://pub-2c783279b61043e19fbdadd1bee5153a.r2.dev/FTNT/2017-05-02/ftnt-0331201710xq.htm/ftnt-0331201710xq.pdf",
    "periodicity": "periodic"
  },
  {
    "equity_ticker": "FTNT",
    "geography": "US",
    "content_name": "FTNT Q4 2016 10-K",
    "file_type": "pdf",
    "content_type": "annual_report",
    "published_date": "2017-03-01",
    "fiscal_date": "2016-12-31",
    "fiscal_year": 2016,
    "fiscal_quarter": 4,
    "r2_url": "https://pub-2c783279b61043e19fbdadd1bee5153a.r2.dev/FTNT/2017-03-01/ftnt-201610k.htm/ftnt-201610k.pdf",
    "periodicity": "periodic"
  },
  {
    "equity_ticker": "FTNT",
    "geography": "US",
    "content_name": "FTNT Q3 2016 10-Q",
    "file_type": "pdf",
    "content_type": "quarterly_report",
    "published_date": "2016-11-08",
    "fiscal_date": "2016-09-30",
    "fiscal_year": 2016,
    "fiscal_quarter": 3,
    "r2_url": "https://pub-2c783279b61043e19fbdadd1bee5153a.r2.dev/FTNT/2016-11-08/ftnt-2016093010xq.htm/ftnt-2016093010xq.pdf",
    "periodicity": "periodic"
  },
  {
    "equity_ticker": "FTNT",
    "geography": "US",
    "content_name": "FTNT Q2 2016 10-Q",
    "file_type": "pdf",
    "content_type": "quarterly_report",
    "published_date": "2016-08-05",
    "fiscal_date": "2016-06-30",
    "fiscal_year": 2016,
    "fiscal_quarter": 2,
    "r2_url": "https://pub-2c783279b61043e19fbdadd1bee5153a.r2.dev/FTNT/2016-08-05/ftnt-2016063010xq.htm/ftnt-2016063010xq.pdf",
    "periodicity": "periodic"
  },
  {
    "equity_ticker": "FTNT",
    "geography": "US",
    "content_name": "FTNT Q1 2016 10-Q",
    "file_type": "pdf",
    "content_type": "quarterly_report",
    "published_date": "2016-05-06",
    "fiscal_date": "2016-03-31",
    "fiscal_year": 2016,
    "fiscal_quarter": 1,
    "r2_url": "https://pub-2c783279b61043e19fbdadd1bee5153a.r2.dev/FTNT/2016-05-06/ftnt-2016033110xq.htm/ftnt-2016033110xq.pdf",
    "periodicity": "periodic"
  },
  {
    "equity_ticker": "FTNT",
    "geography": "US",
    "content_name": "FTNT Q4 2015 10-K",
    "file_type": "pdf",
    "content_type": "annual_report",
    "published_date": "2016-02-26",
    "fiscal_date": "2015-12-31",
    "fiscal_year": 2015,
    "fiscal_quarter": 4,
    "r2_url": "https://pub-2c783279b61043e19fbdadd1bee5153a.r2.dev/FTNT/2016-02-26/ftnt-201510k.htm/ftnt-201510k.pdf",
    "periodicity": "periodic"
  },
  {
    "equity_ticker": "FTNT",
    "geography": "US",
    "content_name": "FTNT Q3 2015 10-Q",
    "file_type": "pdf",
    "content_type": "quarterly_report",
    "published_date": "2015-11-06",
    "fiscal_date": "2015-09-30",
    "fiscal_year": 2015,
    "fiscal_quarter": 3,
    "r2_url": "https://pub-2c783279b61043e19fbdadd1bee5153a.r2.dev/FTNT/2015-11-06/ftnt-2015093010xq.htm/ftnt-2015093010xq.pdf",
    "periodicity": "periodic"
  },
  {
    "equity_ticker": "FTNT",
    "geography": "US",
    "content_name": "FTNT Q2 2015 10-Q",
    "file_type": "pdf",
    "content_type": "quarterly_report",
    "published_date": "2015-08-04",
    "fiscal_date": "2015-06-30",
    "fiscal_year": 2015,
    "fiscal_quarter": 2,
    "r2_url": "https://pub-2c783279b61043e19fbdadd1bee5153a.r2.dev/FTNT/2015-08-04/ftnt-2015063010xq.htm/ftnt-2015063010xq.pdf",
    "periodicity": "periodic"
  },
  {
    "equity_ticker": "FTNT",
    "geography": "US",
    "content_name": "FTNT Q1 2015 10-Q",
    "file_type": "pdf",
    "content_type": "quarterly_report",
    "published_date": "2015-05-01",
    "fiscal_date": "2015-03-31",
    "fiscal_year": 2015,
    "fiscal_quarter": 1,
    "r2_url": "https://pub-2c783279b61043e19fbdadd1bee5153a.r2.dev/FTNT/2015-05-01/ftnt-2015033110xq.htm/ftnt-2015033110xq.pdf",
    "periodicity": "periodic"
  },
  {
    "equity_ticker": "FTNT",
    "geography": "US",
    "content_name": "FTNT Q4 2014 10-K",
    "file_type": "pdf",
    "content_type": "annual_report",
    "published_date": "2015-02-27",
    "fiscal_date": "2014-12-31",
    "fiscal_year": 2014,
    "fiscal_quarter": 4,
    "r2_url": "https://pub-2c783279b61043e19fbdadd1bee5153a.r2.dev/FTNT/2015-02-27/ftnt-201410k.htm/ftnt-201410k.pdf",
    "periodicity": "periodic"
  },
  {
    "equity_ticker": "FTNT",
    "geography": "US",
    "content_name": "FTNT Q3 2014 10-Q",
    "file_type": "pdf",
    "content_type": "quarterly_report",
    "published_date": "2014-11-06",
    "fiscal_date": "2014-09-30",
    "fiscal_year": 2014,
    "fiscal_quarter": 3,
    "r2_url": "https://pub-2c783279b61043e19fbdadd1bee5153a.r2.dev/FTNT/2014-11-06/ftnt-2014093010q.htm/ftnt-2014093010q.pdf",
    "periodicity": "periodic"
  },
  {
    "equity_ticker": "FTNT",
    "geography": "US",
    "content_name": "FTNT Q2 2014 10-Q",
    "file_type": "pdf",
    "content_type": "quarterly_report",
    "published_date": "2014-08-05",
    "fiscal_date": "2014-06-30",
    "fiscal_year": 2014,
    "fiscal_quarter": 2,
    "r2_url": "https://pub-2c783279b61043e19fbdadd1bee5153a.r2.dev/FTNT/2014-08-05/ftnt-2014063010q.htm/ftnt-2014063010q.pdf",
    "periodicity": "periodic"
  },
  {
    "equity_ticker": "FTNT",
    "geography": "US",
    "content_name": "FTNT Q1 2014 10-Q",
    "file_type": "pdf",
    "content_type": "quarterly_report",
    "published_date": "2014-05-06",
    "fiscal_date": "2014-03-31",
    "fiscal_year": 2014,
    "fiscal_quarter": 1,
    "r2_url": "https://pub-2c783279b61043e19fbdadd1bee5153a.r2.dev/FTNT/2014-05-06/ftnt-2014033110q.htm/ftnt-2014033110q.pdf",
    "periodicity": "periodic"
  },
  {
    "equity_ticker": "FTNT",
    "geography": "US",
    "content_name": "FTNT Q4 2013 10-K",
    "file_type": "pdf",
    "content_type": "annual_report",
    "published_date": "2014-02-28",
    "fiscal_date": "2013-12-31",
    "fiscal_year": 2013,
    "fiscal_quarter": 4,
    "r2_url": "https://pub-2c783279b61043e19fbdadd1bee5153a.r2.dev/FTNT/2014-02-28/ftnt-201310k.htm/ftnt-201310k.pdf",
    "periodicity": "periodic"
  },
  {
    "equity_ticker": "FTNT",
    "geography": "US",
    "content_name": "FTNT Q3 2013 10-Q",
    "file_type": "pdf",
    "content_type": "quarterly_report",
    "published_date": "2013-11-05",
    "fiscal_date": "2013-09-30",
    "fiscal_year": 2013,
    "fiscal_quarter": 3,
    "r2_url": "https://pub-2c783279b61043e19fbdadd1bee5153a.r2.dev/FTNT/2013-11-05/fortinet2013093010-q.htm/fortinet2013093010-q.pdf",
    "periodicity": "periodic"
  },
  {
    "equity_ticker": "FTNT",
    "geography": "US",
    "content_name": "FTNT Q2 2013 10-Q",
    "file_type": "pdf",
    "content_type": "quarterly_report",
    "published_date": "2013-08-06",
    "fiscal_date": "2013-06-30",
    "fiscal_year": 2013,
    "fiscal_quarter": 2,
    "r2_url": "https://pub-2c783279b61043e19fbdadd1bee5153a.r2.dev/FTNT/2013-08-06/fortinet2013063010-q.htm/fortinet2013063010-q.pdf",
    "periodicity": "periodic"
  },
  {
    "equity_ticker": "FTNT",
    "geography": "US",
    "content_name": "FTNT Q1 2013 10-Q",
    "file_type": "pdf",
    "content_type": "quarterly_report",
    "published_date": "2013-05-08",
    "fiscal_date": "2013-03-31",
    "fiscal_year": 2013,
    "fiscal_quarter": 1,
    "r2_url": "https://pub-2c783279b61043e19fbdadd1bee5153a.r2.dev/FTNT/2013-05-08/fortinet2013033110-q.htm/fortinet2013033110-q.pdf",
    "periodicity": "periodic"
  },
  {
    "equity_ticker": "FTNT",
    "geography": "US",
    "content_name": "FTNT Q4 2012 10-K",
    "file_type": "pdf",
    "content_type": "annual_report",
    "published_date": "2013-02-27",
    "fiscal_date": "2012-12-31",
    "fiscal_year": 2012,
    "fiscal_quarter": 4,
    "r2_url": "https://pub-2c783279b61043e19fbdadd1bee5153a.r2.dev/FTNT/2013-02-27/ftnt-201210k.htm/ftnt-201210k.pdf",
    "periodicity": "periodic"
  },
  {
    "equity_ticker": "FTNT",
    "geography": "US",
    "content_name": "FTNT Q3 2012 10-Q",
    "file_type": "pdf",
    "content_type": "quarterly_report",
    "published_date": "2012-10-30",
    "fiscal_date": "2012-09-30",
    "fiscal_year": 2012,
    "fiscal_quarter": 3,
    "r2_url": "https://pub-2c783279b61043e19fbdadd1bee5153a.r2.dev/FTNT/2012-10-30/fortinet2012093010-q.htm/fortinet2012093010-q.pdf",
    "periodicity": "periodic"
  },
  {
    "equity_ticker": "FTNT",
    "geography": "US",
    "content_name": "FTNT Q2 2012 10-Q",
    "file_type": "pdf",
    "content_type": "quarterly_report",
    "published_date": "2012-08-07",
    "fiscal_date": "2012-06-30",
    "fiscal_year": 2012,
    "fiscal_quarter": 2,
    "r2_url": "https://pub-2c783279b61043e19fbdadd1bee5153a.r2.dev/FTNT/2012-08-07/fortinet2012063010-q.htm/fortinet2012063010-q.pdf",
    "periodicity": "periodic"
  },
  {
    "equity_ticker": "FTNT",
    "geography": "US",
    "content_name": "FTNT Q1 2012 10-Q",
    "file_type": "pdf",
    "content_type": "quarterly_report",
    "published_date": "2012-05-07",
    "fiscal_date": "2012-03-31",
    "fiscal_year": 2012,
    "fiscal_quarter": 1,
    "r2_url": "https://pub-2c783279b61043e19fbdadd1bee5153a.r2.dev/FTNT/2012-05-07/fortinet2012033110-q.htm/fortinet2012033110-q.pdf",
    "periodicity": "periodic"
  },
  {
    "equity_ticker": "FTNT",
    "geography": "US",
    "content_name": "FTNT Q4 2011 10-K",
    "file_type": "pdf",
    "content_type": "annual_report",
    "published_date": "2012-02-27",
    "fiscal_date": "2011-12-31",
    "fiscal_year": 2011,
    "fiscal_quarter": 4,
    "r2_url": "https://pub-2c783279b61043e19fbdadd1bee5153a.r2.dev/FTNT/2012-02-27/ftnt-201110k.htm/ftnt-201110k.pdf",
    "periodicity": "periodic"
  },
  {
    "equity_ticker": "FTNT",
    "geography": "US",
    "content_name": "FTNT Q3 2011 10-Q",
    "file_type": "pdf",
    "content_type": "quarterly_report",
    "published_date": "2011-11-04",
    "fiscal_date": "2011-09-30",
    "fiscal_year": 2011,
    "fiscal_quarter": 3,
    "r2_url": "https://pub-2c783279b61043e19fbdadd1bee5153a.r2.dev/FTNT/2011-11-04/fortinet2011093010-q.htm/fortinet2011093010-q.pdf",
    "periodicity": "periodic"
  },
  {
    "equity_ticker": "FTNT",
    "geography": "US",
    "content_name": "FTNT Q2 2011 10-Q",
    "file_type": "pdf",
    "content_type": "quarterly_report",
    "published_date": "2011-08-04",
    "fiscal_date": "2011-06-30",
    "fiscal_year": 2011,
    "fiscal_quarter": 2,
    "r2_url": "https://pub-2c783279b61043e19fbdadd1bee5153a.r2.dev/FTNT/2011-08-04/fortinet2011063010-q.htm/fortinet2011063010-q.pdf",
    "periodicity": "periodic"
  },
  {
    "equity_ticker": "FTNT",
    "geography": "US",
    "content_name": "FTNT Q1 2011 10-Q",
    "file_type": "pdf",
    "content_type": "quarterly_report",
    "published_date": "2011-05-05",
    "fiscal_date": "2011-03-31",
    "fiscal_year": 2011,
    "fiscal_quarter": 1,
    "r2_url": "https://pub-2c783279b61043e19fbdadd1bee5153a.r2.dev/FTNT/2011-05-05/fortinet2011033110-q.htm/fortinet2011033110-q.pdf",
    "periodicity": "periodic"
  },
  {
    "equity_ticker": "FTNT",
    "geography": "US",
    "content_name": "FTNT Q4 2010 10-K",
    "file_type": "pdf",
    "content_type": "annual_report",
    "published_date": "2011-02-25",
    "fiscal_date": "2010-12-31",
    "fiscal_year": 2010,
    "fiscal_quarter": 4,
    "r2_url": "https://pub-2c783279b61043e19fbdadd1bee5153a.r2.dev/FTNT/2011-02-25/ftnt10k.htm/ftnt10k.pdf",
    "periodicity": "periodic"
  },
  {
    "equity_ticker": "FTNT",
    "geography": "US",
    "content_name": "FTNT Q3 2010 10-Q",
    "file_type": "pdf",
    "content_type": "quarterly_report",
    "published_date": "2010-11-05",
    "fiscal_date": "2010-09-30",
    "fiscal_year": 2010,
    "fiscal_quarter": 3,
    "r2_url": "https://pub-2c783279b61043e19fbdadd1bee5153a.r2.dev/FTNT/2010-11-05/fortinet2010093010q.htm/fortinet2010093010q.pdf",
    "periodicity": "periodic"
  },
  {
    "equity_ticker": "FTNT",
    "geography": "US",
    "content_name": "FTNT Q2 2010 10-Q",
    "file_type": "pdf",
    "content_type": "quarterly_report",
    "published_date": "2010-08-06",
    "fiscal_date": "2010-06-30",
    "fiscal_year": 2010,
    "fiscal_quarter": 2,
    "r2_url": "https://pub-2c783279b61043e19fbdadd1bee5153a.r2.dev/FTNT/2010-08-06/d10q.htm/d10q.pdf",
    "periodicity": "periodic"
  },
  {
    "equity_ticker": "FTNT",
    "geography": "US",
    "content_name": "FTNT Q1 2010 10-Q",
    "file_type": "pdf",
    "content_type": "quarterly_report",
    "published_date": "2010-05-13",
    "fiscal_date": "2010-03-31",
    "fiscal_year": 2010,
    "fiscal_quarter": 1,
    "r2_url": "https://pub-2c783279b61043e19fbdadd1bee5153a.r2.dev/FTNT/2010-05-13/d10q.htm/d10q.pdf",
    "periodicity": "periodic"
  },
  {
    "equity_ticker": "FTNT",
    "geography": "US",
    "content_name": "FTNT Q4 2009 10-K",
    "file_type": "pdf",
    "content_type": "annual_report",
    "published_date": "2010-03-05",
    "fiscal_date": "2009-12-31",
    "fiscal_year": 2009,
    "fiscal_quarter": 4,
    "r2_url": "https://pub-2c783279b61043e19fbdadd1bee5153a.r2.dev/FTNT/2010-03-05/d10k.htm/d10k.pdf",
    "periodicity": "periodic"
  },
  {
    "equity_ticker": "FTNT",
    "geography": "US",
    "content_name": "Morgan Stanley Technology, Media & Telecom Conference - March 4, 2025",
    "file_type": "pdf",
    "content_type": "sellside_conference_transcript",
    "published_date": "2025-03-04",
    "fiscal_date": "2025-03-04",
    "fiscal_year": null,
    "fiscal_quarter": null,
    "r2_url": "https://pub-2c783279b61043e19fbdadd1bee5153a.r2.dev/FTNT/2025-03-04/Fortinet%2C%20Inc._2025-03-04_transcript/Fortinet%2C%20Inc._2025-03-04_transcript.pdf/Fortinet%2C%20Inc._2025-03-04_transcript.pdf",
    "periodicity": "non_periodic"
  },
  {
    "equity_ticker": "FTNT",
    "geography": "US",
    "content_name": "FTNT Q4 2024 Transcript",
    "file_type": "pdf",
    "content_type": "earnings_transcript",
    "published_date": "2025-02-06",
    "fiscal_date": "2025-02-06",
    "fiscal_year": 2024,
    "fiscal_quarter": 4,
    "r2_url": "https://pub-2c783279b61043e19fbdadd1bee5153a.r2.dev/FTNT/2025-02-06/Fortinet%2C%20Inc._2025-02-06_transcript/Fortinet%2C%20Inc._2025-02-06_transcript.pdf/Fortinet%2C%20Inc._2025-02-06_transcript.pdf",
    "periodicity": "periodic"
  },
  {
    "equity_ticker": "FTNT",
    "geography": "US",
    "content_name": "FTNT Q4 2024 Press Release",
    "file_type": "pdf",
    "content_type": "earnings_press_release",
    "published_date": "2025-02-06",
    "fiscal_date": "2025-02-06",
    "fiscal_year": 2024,
    "fiscal_quarter": 4,
    "r2_url": "https://pub-2c783279b61043e19fbdadd1bee5153a.r2.dev/FTNT/2025-02-06/99d80-2025-02-06-09-25-51/99d80-2025-02-06-09-25-51.pdf/99d80-2025-02-06-09-25-51.pdf",
    "periodicity": "periodic"
  },
  {
    "equity_ticker": "FTNT",
    "geography": "US",
    "content_name": "FTNT Q4 2024 Presentation",
    "file_type": "pdf",
    "content_type": "earnings_presentation",
    "published_date": "2025-02-06",
    "fiscal_date": "2025-02-06",
    "fiscal_year": 2024,
    "fiscal_quarter": 4,
    "r2_url": "https://pub-2c783279b61043e19fbdadd1bee5153a.r2.dev/FTNT/2025-02-06/9d85e-2025-02-06-09-38-44/9d85e-2025-02-06-09-38-44.pdf/9d85e-2025-02-06-09-38-44.pdf",
    "periodicity": "periodic"
  },
  {
    "equity_ticker": "FTNT",
    "geography": "US",
    "content_name": "Barclays 22nd Annual Global Technology Conference 2024 - December 11, 2024",
    "file_type": "pdf",
    "content_type": "sellside_conference_transcript",
    "published_date": "2024-12-11",
    "fiscal_date": "2024-12-11",
    "fiscal_year": null,
    "fiscal_quarter": null,
    "r2_url": "https://pub-2c783279b61043e19fbdadd1bee5153a.r2.dev/FTNT/2024-12-11/Fortinet%2C%20Inc._2024-12-11_transcript/Fortinet%2C%20Inc._2024-12-11_transcript.pdf/Fortinet%2C%20Inc._2024-12-11_transcript.pdf",
    "periodicity": "non_periodic"
  },
  {
    "equity_ticker": "FTNT",
    "geography": "US",
    "content_name": "18th Annual Needham Security, Networking, & Communications Conference - November 19, 2024",
    "file_type": "pdf",
    "content_type": "company_conference_transcript",
    "published_date": "2024-11-19",
    "fiscal_date": "2024-11-19",
    "fiscal_year": null,
    "fiscal_quarter": null,
    "r2_url": "https://pub-2c783279b61043e19fbdadd1bee5153a.r2.dev/FTNT/2024-11-19/Fortinet%2C%20Inc._2024-11-19_transcript/Fortinet%2C%20Inc._2024-11-19_transcript.pdf/Fortinet%2C%20Inc._2024-11-19_transcript.pdf",
    "periodicity": "non_periodic"
  },
  {
    "equity_ticker": "FTNT",
    "geography": "US",
    "content_name": "Analyst Day 2024 - November 18, 2024",
    "file_type": "pdf",
    "content_type": "company_conference_transcript",
    "published_date": "2024-11-18",
    "fiscal_date": "2024-11-18",
    "fiscal_year": null,
    "fiscal_quarter": null,
    "r2_url": "https://pub-2c783279b61043e19fbdadd1bee5153a.r2.dev/FTNT/2024-11-18/Fortinet%2C%20Inc._2024-11-18_transcript/Fortinet%2C%20Inc._2024-11-18_transcript.pdf/Fortinet%2C%20Inc._2024-11-18_transcript.pdf",
    "periodicity": "non_periodic"
  },
  {
    "equity_ticker": "FTNT",
    "geography": "US",
    "content_name": "Analyst Day 2024 - November 18, 2024",
    "file_type": "pdf",
    "content_type": "company_conference_presentation",
    "published_date": "2024-11-18",
    "fiscal_date": "2024-11-18",
    "fiscal_year": null,
    "fiscal_quarter": null,
    "r2_url": "https://pub-2c783279b61043e19fbdadd1bee5153a.r2.dev/FTNT/2024-11-18/91219-2024-11-19-11-42-17/91219-2024-11-19-11-42-17.pdf/91219-2024-11-19-11-42-17.pdf",
    "periodicity": "non_periodic"
  },
  {
    "equity_ticker": "FTNT",
    "geography": "US",
    "content_name": "FTNT Q3 2024 Transcript",
    "file_type": "pdf",
    "content_type": "earnings_transcript",
    "published_date": "2024-11-07",
    "fiscal_date": "2024-11-07",
    "fiscal_year": 2024,
    "fiscal_quarter": 3,
    "r2_url": "https://pub-2c783279b61043e19fbdadd1bee5153a.r2.dev/FTNT/2024-11-07/Fortinet%2C%20Inc._2024-11-07_transcript/Fortinet%2C%20Inc._2024-11-07_transcript.pdf/Fortinet%2C%20Inc._2024-11-07_transcript.pdf",
    "periodicity": "periodic"
  },
  {
    "equity_ticker": "FTNT",
    "geography": "US",
    "content_name": "FTNT Q3 2024 Press Release",
    "file_type": "pdf",
    "content_type": "earnings_press_release",
    "published_date": "2024-11-07",
    "fiscal_date": "2024-11-07",
    "fiscal_year": 2024,
    "fiscal_quarter": 3,
    "r2_url": "https://pub-2c783279b61043e19fbdadd1bee5153a.r2.dev/FTNT/2024-11-07/300ec-2024-11-07-09-03-15/300ec-2024-11-07-09-03-15.pdf/300ec-2024-11-07-09-03-15.pdf",
    "periodicity": "periodic"
  },
  {
    "equity_ticker": "FTNT",
    "geography": "US",
    "content_name": "FTNT Q3 2024 Presentation",
    "file_type": "pdf",
    "content_type": "earnings_presentation",
    "published_date": "2024-11-07",
    "fiscal_date": "2024-11-07",
    "fiscal_year": 2024,
    "fiscal_quarter": 3,
    "r2_url": "https://pub-2c783279b61043e19fbdadd1bee5153a.r2.dev/FTNT/2024-11-07/a92da-2024-11-07-09-03-24/a92da-2024-11-07-09-03-24.pdf/a92da-2024-11-07-09-03-24.pdf",
    "periodicity": "periodic"
  },
  {
    "equity_ticker": "FTNT",
    "geography": "US",
    "content_name": "FTNT Q2 2024 Transcript",
    "file_type": "pdf",
    "content_type": "earnings_transcript",
    "published_date": "2024-08-06",
    "fiscal_date": "2024-08-06",
    "fiscal_year": 2024,
    "fiscal_quarter": 2,
    "r2_url": "https://pub-2c783279b61043e19fbdadd1bee5153a.r2.dev/FTNT/2024-08-06/Fortinet%2C%20Inc._2024-08-06_transcript/Fortinet%2C%20Inc._2024-08-06_transcript.pdf/Fortinet%2C%20Inc._2024-08-06_transcript.pdf",
    "periodicity": "periodic"
  },
  {
    "equity_ticker": "FTNT",
    "geography": "US",
    "content_name": "FTNT Q2 2024 Press Release",
    "file_type": "pdf",
    "content_type": "earnings_press_release",
    "published_date": "2024-08-06",
    "fiscal_date": "2024-08-06",
    "fiscal_year": 2024,
    "fiscal_quarter": 2,
    "r2_url": "https://pub-2c783279b61043e19fbdadd1bee5153a.r2.dev/FTNT/2024-08-06/157a9-2024-08-06-08-34-10/157a9-2024-08-06-08-34-10.pdf/157a9-2024-08-06-08-34-10.pdf",
    "periodicity": "periodic"
  },
  {
    "equity_ticker": "FTNT",
    "geography": "US",
    "content_name": "FTNT Q2 2024 Presentation",
    "file_type": "pdf",
    "content_type": "earnings_presentation",
    "published_date": "2024-08-06",
    "fiscal_date": "2024-08-06",
    "fiscal_year": 2024,
    "fiscal_quarter": 2,
    "r2_url": "https://pub-2c783279b61043e19fbdadd1bee5153a.r2.dev/FTNT/2024-08-06/98936-2024-08-06-08-14-11/98936-2024-08-06-08-14-11.pdf/98936-2024-08-06-08-14-11.pdf",
    "periodicity": "periodic"
  },
  {
    "equity_ticker": "FTNT",
    "geography": "US",
    "content_name": "BofA Securities 2024 Global Technology Conference - June 5, 2024",
    "file_type": "pdf",
    "content_type": "sellside_conference_transcript",
    "published_date": "2024-06-05",
    "fiscal_date": "2024-06-05",
    "fiscal_year": null,
    "fiscal_quarter": null,
    "r2_url": "https://pub-2c783279b61043e19fbdadd1bee5153a.r2.dev/FTNT/2024-06-05/Fortinet%2C%20Inc._2024-06-05_transcript/Fortinet%2C%20Inc._2024-06-05_transcript.pdf/Fortinet%2C%20Inc._2024-06-05_transcript.pdf",
    "periodicity": "non_periodic"
  },
  {
    "equity_ticker": "FTNT",
    "geography": "US",
    "content_name": "The 52nd J.P. Morgan Annual Global Technology, Media and Communications Conference - May 21, 2024",
    "file_type": "pdf",
    "content_type": "sellside_conference_transcript",
    "published_date": "2024-05-21",
    "fiscal_date": "2024-05-21",
    "fiscal_year": null,
    "fiscal_quarter": null,
    "r2_url": "https://pub-2c783279b61043e19fbdadd1bee5153a.r2.dev/FTNT/2024-05-21/Fortinet%2C%20Inc._2024-05-21_transcript/Fortinet%2C%20Inc._2024-05-21_transcript.pdf/Fortinet%2C%20Inc._2024-05-21_transcript.pdf",
    "periodicity": "non_periodic"
  },
  {
    "equity_ticker": "FTNT",
    "geography": "US",
    "content_name": "FTNT Q1 2024 Transcript",
    "file_type": "pdf",
    "content_type": "earnings_transcript",
    "published_date": "2024-05-02",
    "fiscal_date": "2024-05-02",
    "fiscal_year": 2024,
    "fiscal_quarter": 1,
    "r2_url": "https://pub-2c783279b61043e19fbdadd1bee5153a.r2.dev/FTNT/2024-05-02/Fortinet%2C%20Inc._2024-05-02_transcript/Fortinet%2C%20Inc._2024-05-02_transcript.pdf/Fortinet%2C%20Inc._2024-05-02_transcript.pdf",
    "periodicity": "periodic"
  },
  {
    "equity_ticker": "FTNT",
    "geography": "US",
    "content_name": "FTNT Q1 2024 Press Release",
    "file_type": "pdf",
    "content_type": "earnings_press_release",
    "published_date": "2024-05-02",
    "fiscal_date": "2024-05-02",
    "fiscal_year": 2024,
    "fiscal_quarter": 1,
    "r2_url": "https://pub-2c783279b61043e19fbdadd1bee5153a.r2.dev/FTNT/2024-05-02/28ef8-2024-05-02-08-59-11/28ef8-2024-05-02-08-59-11.pdf/28ef8-2024-05-02-08-59-11.pdf",
    "periodicity": "periodic"
  },
  {
    "equity_ticker": "FTNT",
    "geography": "US",
    "content_name": "FTNT Q1 2024 Presentation",
    "file_type": "pdf",
    "content_type": "earnings_presentation",
    "published_date": "2024-05-02",
    "fiscal_date": "2024-05-02",
    "fiscal_year": 2024,
    "fiscal_quarter": 1,
    "r2_url": "https://pub-2c783279b61043e19fbdadd1bee5153a.r2.dev/FTNT/2024-05-02/2e2fd-2024-05-02-08-04-17/2e2fd-2024-05-02-08-04-17.pdf/2e2fd-2024-05-02-08-04-17.pdf",
    "periodicity": "periodic"
  },
  {
    "equity_ticker": "FTNT",
    "geography": "US",
    "content_name": "Morgan Stanley\u2019s Technology, Media & Telecom Conference 2024 - March 5, 2024",
    "file_type": "pdf",
    "content_type": "sellside_conference_transcript",
    "published_date": "2024-03-05",
    "fiscal_date": "2024-03-05",
    "fiscal_year": null,
    "fiscal_quarter": null,
    "r2_url": "https://pub-2c783279b61043e19fbdadd1bee5153a.r2.dev/FTNT/2024-03-05/Fortinet%2C%20Inc._2024-03-05_transcript/Fortinet%2C%20Inc._2024-03-05_transcript.pdf/Fortinet%2C%20Inc._2024-03-05_transcript.pdf",
    "periodicity": "non_periodic"
  },
  {
    "equity_ticker": "FTNT",
    "geography": "US",
    "content_name": "FTNT Q4 2023 Transcript",
    "file_type": "pdf",
    "content_type": "earnings_transcript",
    "published_date": "2024-02-06",
    "fiscal_date": "2024-02-06",
    "fiscal_year": 2023,
    "fiscal_quarter": 4,
    "r2_url": "https://pub-2c783279b61043e19fbdadd1bee5153a.r2.dev/FTNT/2024-02-06/Fortinet%2C%20Inc._2024-02-06_transcript/Fortinet%2C%20Inc._2024-02-06_transcript.pdf/Fortinet%2C%20Inc._2024-02-06_transcript.pdf",
    "periodicity": "periodic"
  },
  {
    "equity_ticker": "FTNT",
    "geography": "US",
    "content_name": "FTNT Q4 2023 Press Release",
    "file_type": "pdf",
    "content_type": "earnings_press_release",
    "published_date": "2024-02-06",
    "fiscal_date": "2024-02-06",
    "fiscal_year": 2023,
    "fiscal_quarter": 4,
    "r2_url": "https://pub-2c783279b61043e19fbdadd1bee5153a.r2.dev/FTNT/2024-02-06/b5d9f-2024-02-06-09-26-12/b5d9f-2024-02-06-09-26-12.pdf/b5d9f-2024-02-06-09-26-12.pdf",
    "periodicity": "periodic"
  },
  {
    "equity_ticker": "FTNT",
    "geography": "US",
    "content_name": "FTNT Q4 2023 Presentation",
    "file_type": "pdf",
    "content_type": "earnings_presentation",
    "published_date": "2024-02-06",
    "fiscal_date": "2024-02-06",
    "fiscal_year": 2023,
    "fiscal_quarter": 4,
    "r2_url": "https://pub-2c783279b61043e19fbdadd1bee5153a.r2.dev/FTNT/2024-02-06/6fc33-2024-02-06-09-06-09/6fc33-2024-02-06-09-06-09.pdf/6fc33-2024-02-06-09-06-09.pdf",
    "periodicity": "periodic"
  },
  {
    "equity_ticker": "FTNT",
    "geography": "US",
    "content_name": "Barclays Technology, Media, and Telecommunications Conference - December 6, 2023",
    "file_type": "pdf",
    "content_type": "sellside_conference_transcript",
    "published_date": "2023-12-06",
    "fiscal_date": "2023-12-06",
    "fiscal_year": null,
    "fiscal_quarter": null,
    "r2_url": "https://pub-2c783279b61043e19fbdadd1bee5153a.r2.dev/FTNT/2023-12-06/Fortinet%2C%20Inc._2023-12-06_transcript/Fortinet%2C%20Inc._2023-12-06_transcript.pdf/Fortinet%2C%20Inc._2023-12-06_transcript.pdf",
    "periodicity": "non_periodic"
  },
  {
    "equity_ticker": "FTNT",
    "geography": "US",
    "content_name": "Wells Fargo 7th Annual TMT Summit 2023 - November 28, 2023",
    "file_type": "pdf",
    "content_type": "sellside_conference_transcript",
    "published_date": "2023-11-28",
    "fiscal_date": "2023-11-28",
    "fiscal_year": null,
    "fiscal_quarter": null,
    "r2_url": "https://pub-2c783279b61043e19fbdadd1bee5153a.r2.dev/FTNT/2023-11-28/Fortinet%2C%20Inc._2023-11-28_transcript/Fortinet%2C%20Inc._2023-11-28_transcript.pdf/Fortinet%2C%20Inc._2023-11-28_transcript.pdf",
    "periodicity": "non_periodic"
  },
  {
    "equity_ticker": "FTNT",
    "geography": "US",
    "content_name": "FTNT Q3 2023 Transcript",
    "file_type": "pdf",
    "content_type": "earnings_transcript",
    "published_date": "2023-11-02",
    "fiscal_date": "2023-11-02",
    "fiscal_year": 2023,
    "fiscal_quarter": 3,
    "r2_url": "https://pub-2c783279b61043e19fbdadd1bee5153a.r2.dev/FTNT/2023-11-02/Fortinet%2C%20Inc._2023-11-02_transcript/Fortinet%2C%20Inc._2023-11-02_transcript.pdf/Fortinet%2C%20Inc._2023-11-02_transcript.pdf",
    "periodicity": "periodic"
  },
  {
    "equity_ticker": "FTNT",
    "geography": "US",
    "content_name": "FTNT Q3 2023 Press Release",
    "file_type": "pdf",
    "content_type": "earnings_press_release",
    "published_date": "2023-11-02",
    "fiscal_date": "2023-11-02",
    "fiscal_year": 2023,
    "fiscal_quarter": 3,
    "r2_url": "https://pub-2c783279b61043e19fbdadd1bee5153a.r2.dev/FTNT/2023-11-02/9dda9-2023-11-02-09-33-45/9dda9-2023-11-02-09-33-45.pdf/9dda9-2023-11-02-09-33-45.pdf",
    "periodicity": "periodic"
  },
  {
    "equity_ticker": "FTNT",
    "geography": "US",
    "content_name": "FTNT Q3 2023 Presentation",
    "file_type": "pdf",
    "content_type": "earnings_presentation",
    "published_date": "2023-11-02",
    "fiscal_date": "2023-11-02",
    "fiscal_year": 2023,
    "fiscal_quarter": 3,
    "r2_url": "https://pub-2c783279b61043e19fbdadd1bee5153a.r2.dev/FTNT/2023-11-02/2b27c-2023-11-02-08-02-18/2b27c-2023-11-02-08-02-18.pdf/2b27c-2023-11-02-08-02-18.pdf",
    "periodicity": "periodic"
  },
  {
    "equity_ticker": "FTNT",
    "geography": "US",
    "content_name": "Goldman Sachs Communacopia & Technology Conference - September 5, 2023",
    "file_type": "pdf",
    "content_type": "sellside_conference_transcript",
    "published_date": "2023-09-05",
    "fiscal_date": "2023-09-05",
    "fiscal_year": null,
    "fiscal_quarter": null,
    "r2_url": "https://pub-2c783279b61043e19fbdadd1bee5153a.r2.dev/FTNT/2023-09-05/Fortinet%2C%20Inc._2023-09-05_transcript/Fortinet%2C%20Inc._2023-09-05_transcript.pdf/Fortinet%2C%20Inc._2023-09-05_transcript.pdf",
    "periodicity": "non_periodic"
  },
  {
    "equity_ticker": "FTNT",
    "geography": "US",
    "content_name": "Oppenheimer Technology, Internet & Communications Conference 2023 - August 9, 2023",
    "file_type": "pdf",
    "content_type": "sellside_conference_transcript",
    "published_date": "2023-08-09",
    "fiscal_date": "2023-08-09",
    "fiscal_year": null,
    "fiscal_quarter": null,
    "r2_url": "https://pub-2c783279b61043e19fbdadd1bee5153a.r2.dev/FTNT/2023-08-09/Fortinet%2C%20Inc._2023-08-09_transcript/Fortinet%2C%20Inc._2023-08-09_transcript.pdf/Fortinet%2C%20Inc._2023-08-09_transcript.pdf",
    "periodicity": "non_periodic"
  },
  {
    "equity_ticker": "FTNT",
    "geography": "US",
    "content_name": "FTNT Q2 2023 Transcript",
    "file_type": "pdf",
    "content_type": "earnings_transcript",
    "published_date": "2023-08-03",
    "fiscal_date": "2023-08-03",
    "fiscal_year": 2023,
    "fiscal_quarter": 2,
    "r2_url": "https://pub-2c783279b61043e19fbdadd1bee5153a.r2.dev/FTNT/2023-08-03/Fortinet%2C%20Inc._2023-08-03_transcript/Fortinet%2C%20Inc._2023-08-03_transcript.pdf/Fortinet%2C%20Inc._2023-08-03_transcript.pdf",
    "periodicity": "periodic"
  },
  {
    "equity_ticker": "FTNT",
    "geography": "US",
    "content_name": "FTNT Q2 2023 Press Release",
    "file_type": "pdf",
    "content_type": "earnings_press_release",
    "published_date": "2023-08-03",
    "fiscal_date": "2023-08-03",
    "fiscal_year": 2023,
    "fiscal_quarter": 2,
    "r2_url": "https://pub-2c783279b61043e19fbdadd1bee5153a.r2.dev/FTNT/2023-08-03/94a3f-2023-08-03-08-38-25/94a3f-2023-08-03-08-38-25.pdf/94a3f-2023-08-03-08-38-25.pdf",
    "periodicity": "periodic"
  },
  {
    "equity_ticker": "FTNT",
    "geography": "US",
    "content_name": "FTNT Q2 2023 Presentation",
    "file_type": "pdf",
    "content_type": "earnings_presentation",
    "published_date": "2023-08-03",
    "fiscal_date": "2023-08-03",
    "fiscal_year": 2023,
    "fiscal_quarter": 2,
    "r2_url": "https://pub-2c783279b61043e19fbdadd1bee5153a.r2.dev/FTNT/2023-08-03/e5d63-2023-08-03-08-19-07/e5d63-2023-08-03-08-19-07.pdf/e5d63-2023-08-03-08-19-07.pdf",
    "periodicity": "periodic"
  },
  {
    "equity_ticker": "FTNT",
    "geography": "US",
    "content_name": "Bank of America 2023 Global Technology Conference - June 6, 2023",
    "file_type": "pdf",
    "content_type": "sellside_conference_transcript",
    "published_date": "2023-06-06",
    "fiscal_date": "2023-06-06",
    "fiscal_year": null,
    "fiscal_quarter": null,
    "r2_url": "https://pub-2c783279b61043e19fbdadd1bee5153a.r2.dev/FTNT/2023-06-06/Fortinet%2C%20Inc._2023-06-06_transcript/Fortinet%2C%20Inc._2023-06-06_transcript.pdf/Fortinet%2C%20Inc._2023-06-06_transcript.pdf",
    "periodicity": "non_periodic"
  },
  {
    "equity_ticker": "FTNT",
    "geography": "US",
    "content_name": "51st Annual J.P. Morgan\u2019s Global Technology, Media and Communications Conference - May 23, 2023",
    "file_type": "pdf",
    "content_type": "sellside_conference_transcript",
    "published_date": "2023-05-23",
    "fiscal_date": "2023-05-23",
    "fiscal_year": null,
    "fiscal_quarter": null,
    "r2_url": "https://pub-2c783279b61043e19fbdadd1bee5153a.r2.dev/FTNT/2023-05-23/Fortinet%2C%20Inc._2023-05-23_transcript/Fortinet%2C%20Inc._2023-05-23_transcript.pdf/Fortinet%2C%20Inc._2023-05-23_transcript.pdf",
    "periodicity": "non_periodic"
  },
  {
    "equity_ticker": "FTNT",
    "geography": "US",
    "content_name": "FTNT Q1 2023 Transcript",
    "file_type": "pdf",
    "content_type": "earnings_transcript",
    "published_date": "2023-05-04",
    "fiscal_date": "2023-05-04",
    "fiscal_year": 2023,
    "fiscal_quarter": 1,
    "r2_url": "https://pub-2c783279b61043e19fbdadd1bee5153a.r2.dev/FTNT/2023-05-04/Fortinet%2C%20Inc._2023-05-04_transcript/Fortinet%2C%20Inc._2023-05-04_transcript.pdf/Fortinet%2C%20Inc._2023-05-04_transcript.pdf",
    "periodicity": "periodic"
  },
  {
    "equity_ticker": "FTNT",
    "geography": "US",
    "content_name": "FTNT Q1 2023 Press Release",
    "file_type": "pdf",
    "content_type": "earnings_press_release",
    "published_date": "2023-05-04",
    "fiscal_date": "2023-05-04",
    "fiscal_year": 2023,
    "fiscal_quarter": 1,
    "r2_url": "https://pub-2c783279b61043e19fbdadd1bee5153a.r2.dev/FTNT/2023-05-04/a9576-2023-05-04-08-48-44/a9576-2023-05-04-08-48-44.pdf/a9576-2023-05-04-08-48-44.pdf",
    "periodicity": "periodic"
  },
  {
    "equity_ticker": "FTNT",
    "geography": "US",
    "content_name": "FTNT Q1 2023 Presentation",
    "file_type": "pdf",
    "content_type": "earnings_presentation",
    "published_date": "2023-05-04",
    "fiscal_date": "2023-05-04",
    "fiscal_year": 2023,
    "fiscal_quarter": 1,
    "r2_url": "https://pub-2c783279b61043e19fbdadd1bee5153a.r2.dev/FTNT/2023-05-04/e9f5c-2023-05-04-08-36-06/e9f5c-2023-05-04-08-36-06.pdf/e9f5c-2023-05-04-08-36-06.pdf",
    "periodicity": "periodic"
  },
  {
    "equity_ticker": "FTNT",
    "geography": "US",
    "content_name": "Morgan Stanley Technology, Media & Telecom Conference - March 7, 2023",
    "file_type": "pdf",
    "content_type": "sellside_conference_transcript",
    "published_date": "2023-03-07",
    "fiscal_date": "2023-03-07",
    "fiscal_year": null,
    "fiscal_quarter": null,
    "r2_url": "https://pub-2c783279b61043e19fbdadd1bee5153a.r2.dev/FTNT/2023-03-07/Fortinet%2C%20Inc._2023-03-07_transcript/Fortinet%2C%20Inc._2023-03-07_transcript.pdf/Fortinet%2C%20Inc._2023-03-07_transcript.pdf",
    "periodicity": "non_periodic"
  },
  {
    "equity_ticker": "FTNT",
    "geography": "US",
    "content_name": "FTNT Q4 2022 Transcript",
    "file_type": "pdf",
    "content_type": "earnings_transcript",
    "published_date": "2023-02-07",
    "fiscal_date": "2023-02-07",
    "fiscal_year": 2022,
    "fiscal_quarter": 4,
    "r2_url": "https://pub-2c783279b61043e19fbdadd1bee5153a.r2.dev/FTNT/2023-02-07/Fortinet%2C%20Inc._2023-02-07_transcript/Fortinet%2C%20Inc._2023-02-07_transcript.pdf/Fortinet%2C%20Inc._2023-02-07_transcript.pdf",
    "periodicity": "periodic"
  },
  {
    "equity_ticker": "FTNT",
    "geography": "US",
    "content_name": "FTNT Q4 2022 Press Release",
    "file_type": "pdf",
    "content_type": "earnings_press_release",
    "published_date": "2023-02-07",
    "fiscal_date": "2023-02-07",
    "fiscal_year": 2022,
    "fiscal_quarter": 4,
    "r2_url": "https://pub-2c783279b61043e19fbdadd1bee5153a.r2.dev/FTNT/2023-02-07/a46c1-2023-03-22-09-44-32/a46c1-2023-03-22-09-44-32.pdf/a46c1-2023-03-22-09-44-32.pdf",
    "periodicity": "periodic"
  },
  {
    "equity_ticker": "FTNT",
    "geography": "US",
    "content_name": "FTNT Q4 2022 Presentation",
    "file_type": "pdf",
    "content_type": "earnings_presentation",
    "published_date": "2023-02-07",
    "fiscal_date": "2023-02-07",
    "fiscal_year": 2022,
    "fiscal_quarter": 4,
    "r2_url": "https://pub-2c783279b61043e19fbdadd1bee5153a.r2.dev/FTNT/2023-02-07/4536f-2023-02-07-09-46-07/4536f-2023-02-07-09-46-07.pdf/4536f-2023-02-07-09-46-07.pdf",
    "periodicity": "periodic"
  },
  {
    "equity_ticker": "FTNT",
    "geography": "US",
    "content_name": "Barclays Global Technology, Media & Telecommunications Conference - December 7, 2022",
    "file_type": "pdf",
    "content_type": "sellside_conference_transcript",
    "published_date": "2022-12-07",
    "fiscal_date": "2022-12-07",
    "fiscal_year": null,
    "fiscal_quarter": null,
    "r2_url": "https://pub-2c783279b61043e19fbdadd1bee5153a.r2.dev/FTNT/2022-12-07/Fortinet%2C%20Inc._2022-12-07_transcript/Fortinet%2C%20Inc._2022-12-07_transcript.pdf/Fortinet%2C%20Inc._2022-12-07_transcript.pdf",
    "periodicity": "non_periodic"
  },
  {
    "equity_ticker": "FTNT",
    "geography": "US",
    "content_name": "Barclays Global Technology, Media & Telecommunications Conference - December 7, 2022",
    "file_type": "pdf",
    "content_type": "sellside_conference_presentation",
    "published_date": "2022-12-07",
    "fiscal_date": "2022-12-07",
    "fiscal_year": null,
    "fiscal_quarter": null,
    "r2_url": "https://pub-2c783279b61043e19fbdadd1bee5153a.r2.dev/FTNT/2022-12-07/90081-2023-01-31-04-00-00/90081-2023-01-31-04-00-00.pdf/90081-2023-01-31-04-00-00.pdf",
    "periodicity": "non_periodic"
  },
  {
    "equity_ticker": "FTNT",
    "geography": "US",
    "content_name": "Wells Fargo TMT Summit - November 29, 2022",
    "file_type": "pdf",
    "content_type": "sellside_conference_transcript",
    "published_date": "2022-11-29",
    "fiscal_date": "2022-11-29",
    "fiscal_year": null,
    "fiscal_quarter": null,
    "r2_url": "https://pub-2c783279b61043e19fbdadd1bee5153a.r2.dev/FTNT/2022-11-29/Fortinet%2C%20Inc._2022-11-29_transcript/Fortinet%2C%20Inc._2022-11-29_transcript.pdf/Fortinet%2C%20Inc._2022-11-29_transcript.pdf",
    "periodicity": "non_periodic"
  },
  {
    "equity_ticker": "FTNT",
    "geography": "US",
    "content_name": "FTNT Q3 2022 Transcript",
    "file_type": "pdf",
    "content_type": "earnings_transcript",
    "published_date": "2022-11-02",
    "fiscal_date": "2022-11-02",
    "fiscal_year": 2022,
    "fiscal_quarter": 3,
    "r2_url": "https://pub-2c783279b61043e19fbdadd1bee5153a.r2.dev/FTNT/2022-11-02/Fortinet%2C%20Inc._2022-11-02_transcript/Fortinet%2C%20Inc._2022-11-02_transcript.pdf/Fortinet%2C%20Inc._2022-11-02_transcript.pdf",
    "periodicity": "periodic"
  },
  {
    "equity_ticker": "FTNT",
    "geography": "US",
    "content_name": "FTNT Q3 2022 Press Release",
    "file_type": "pdf",
    "content_type": "quarterly_report",
    "published_date": "2022-11-02",
    "fiscal_date": "2022-11-02",
    "fiscal_year": 2022,
    "fiscal_quarter": 3,
    "r2_url": "https://pub-2c783279b61043e19fbdadd1bee5153a.r2.dev/FTNT/2022-11-02/2d6c3-2024-08-29-11-49-12/2d6c3-2024-08-29-11-49-12.pdf/2d6c3-2024-08-29-11-49-12.pdf",
    "periodicity": "periodic"
  },
  {
    "equity_ticker": "FTNT",
    "geography": "US",
    "content_name": "FTNT Q3 2022 Presentation",
    "file_type": "pdf",
    "content_type": "earnings_presentation",
    "published_date": "2022-11-02",
    "fiscal_date": "2022-11-02",
    "fiscal_year": 2022,
    "fiscal_quarter": 3,
    "r2_url": "https://pub-2c783279b61043e19fbdadd1bee5153a.r2.dev/FTNT/2022-11-02/5ee33-2022-11-02-08-09-34/5ee33-2022-11-02-08-09-34.pdf/5ee33-2022-11-02-08-09-34.pdf",
    "periodicity": "periodic"
  },
  {
    "equity_ticker": "FTNT",
    "geography": "US",
    "content_name": "FTNT Q2 2022 Transcript",
    "file_type": "pdf",
    "content_type": "earnings_transcript",
    "published_date": "2022-08-02",
    "fiscal_date": "2022-08-02",
    "fiscal_year": 2022,
    "fiscal_quarter": 2,
    "r2_url": "https://pub-2c783279b61043e19fbdadd1bee5153a.r2.dev/FTNT/2022-08-02/Fortinet%2C%20Inc._2022-08-02_transcript/Fortinet%2C%20Inc._2022-08-02_transcript.pdf/Fortinet%2C%20Inc._2022-08-02_transcript.pdf",
    "periodicity": "periodic"
  },
  {
    "equity_ticker": "FTNT",
    "geography": "US",
    "content_name": "FTNT Q2 2022 Press Release",
    "file_type": "pdf",
    "content_type": "quarterly_report",
    "published_date": "2022-08-02",
    "fiscal_date": "2022-08-02",
    "fiscal_year": 2022,
    "fiscal_quarter": 2,
    "r2_url": "https://pub-2c783279b61043e19fbdadd1bee5153a.r2.dev/FTNT/2022-08-02/aac2d-2024-08-29-11-56-12/aac2d-2024-08-29-11-56-12.pdf/aac2d-2024-08-29-11-56-12.pdf",
    "periodicity": "periodic"
  },
  {
    "equity_ticker": "FTNT",
    "geography": "US",
    "content_name": "FTNT Q2 2022 Presentation",
    "file_type": "pdf",
    "content_type": "earnings_presentation",
    "published_date": "2022-08-02",
    "fiscal_date": "2022-08-02",
    "fiscal_year": 2022,
    "fiscal_quarter": 2,
    "r2_url": "https://pub-2c783279b61043e19fbdadd1bee5153a.r2.dev/FTNT/2022-08-02/10332-2022-08-03-09-15-52/10332-2022-08-03-09-15-52.pdf/10332-2022-08-03-09-15-52.pdf",
    "periodicity": "periodic"
  },
  {
    "equity_ticker": "FTNT",
    "geography": "US",
    "content_name": "Investor & Analyst Day 2022 - May 10, 2022",
    "file_type": "pdf",
    "content_type": "company_conference_transcript",
    "published_date": "2022-05-10",
    "fiscal_date": "2022-05-10",
    "fiscal_year": null,
    "fiscal_quarter": null,
    "r2_url": "https://pub-2c783279b61043e19fbdadd1bee5153a.r2.dev/FTNT/2022-05-10/Fortinet%2C%20Inc._2022-05-10_transcript/Fortinet%2C%20Inc._2022-05-10_transcript.pdf/Fortinet%2C%20Inc._2022-05-10_transcript.pdf",
    "periodicity": "non_periodic"
  },
  {
    "equity_ticker": "FTNT",
    "geography": "US",
    "content_name": "Investor & Analyst Day 2022 - May 10, 2022",
    "file_type": "pdf",
    "content_type": "company_conference_presentation",
    "published_date": "2022-05-10",
    "fiscal_date": "2022-05-10",
    "fiscal_year": null,
    "fiscal_quarter": null,
    "r2_url": "https://pub-2c783279b61043e19fbdadd1bee5153a.r2.dev/FTNT/2022-05-10/3319b-2022-05-10-07-16-45-migrated/3319b-2022-05-10-07-16-45-migrated.pdf/3319b-2022-05-10-07-16-45-migrated.pdf",
    "periodicity": "non_periodic"
  },
  {
    "equity_ticker": "FTNT",
    "geography": "US",
    "content_name": "FTNT Q1 2022 Transcript",
    "file_type": "pdf",
    "content_type": "earnings_transcript",
    "published_date": "2022-05-04",
    "fiscal_date": "2022-05-04",
    "fiscal_year": 2022,
    "fiscal_quarter": 1,
    "r2_url": "https://pub-2c783279b61043e19fbdadd1bee5153a.r2.dev/FTNT/2022-05-04/Fortinet%2C%20Inc._2022-05-04_transcript/Fortinet%2C%20Inc._2022-05-04_transcript.pdf/Fortinet%2C%20Inc._2022-05-04_transcript.pdf",
    "periodicity": "periodic"
  },
  {
    "equity_ticker": "FTNT",
    "geography": "US",
    "content_name": "FTNT Q1 2022 Press Release",
    "file_type": "pdf",
    "content_type": "quarterly_report",
    "published_date": "2022-05-04",
    "fiscal_date": "2022-05-04",
    "fiscal_year": 2022,
    "fiscal_quarter": 1,
    "r2_url": "https://pub-2c783279b61043e19fbdadd1bee5153a.r2.dev/FTNT/2022-05-04/fd738-2024-08-29-11-57-12/fd738-2024-08-29-11-57-12.pdf/fd738-2024-08-29-11-57-12.pdf",
    "periodicity": "periodic"
  },
  {
    "equity_ticker": "FTNT",
    "geography": "US",
    "content_name": "FTNT Q1 2022 Presentation",
    "file_type": "pdf",
    "content_type": "earnings_presentation",
    "published_date": "2022-05-04",
    "fiscal_date": "2022-05-04",
    "fiscal_year": 2022,
    "fiscal_quarter": 1,
    "r2_url": "https://pub-2c783279b61043e19fbdadd1bee5153a.r2.dev/FTNT/2022-05-04/f4b0d-2022-05-04-09-08-50-migrated/f4b0d-2022-05-04-09-08-50-migrated.pdf/f4b0d-2022-05-04-09-08-50-migrated.pdf",
    "periodicity": "periodic"
  },
  {
    "equity_ticker": "FTNT",
    "geography": "US",
    "content_name": "FTNT Q4 2021 Transcript",
    "file_type": "pdf",
    "content_type": "earnings_transcript",
    "published_date": "2022-02-03",
    "fiscal_date": "2022-02-03",
    "fiscal_year": 2021,
    "fiscal_quarter": 4,
    "r2_url": "https://pub-2c783279b61043e19fbdadd1bee5153a.r2.dev/FTNT/2022-02-03/Fortinet%2C%20Inc._2022-02-03_transcript/Fortinet%2C%20Inc._2022-02-03_transcript.pdf/Fortinet%2C%20Inc._2022-02-03_transcript.pdf",
    "periodicity": "periodic"
  },
  {
    "equity_ticker": "FTNT",
    "geography": "US",
    "content_name": "FTNT Q4 2021 Presentation",
    "file_type": "pdf",
    "content_type": "earnings_presentation",
    "published_date": "2022-02-03",
    "fiscal_date": "2022-02-03",
    "fiscal_year": 2021,
    "fiscal_quarter": 4,
    "r2_url": "https://pub-2c783279b61043e19fbdadd1bee5153a.r2.dev/FTNT/2022-02-03/f6fab-2022-02-03-07-55-54-migrated/f6fab-2022-02-03-07-55-54-migrated.pdf/f6fab-2022-02-03-07-55-54-migrated.pdf",
    "periodicity": "periodic"
  },
  {
    "equity_ticker": "FTNT",
    "geography": "US",
    "content_name": "FTNT Q3 2021 Transcript",
    "file_type": "pdf",
    "content_type": "earnings_transcript",
    "published_date": "2021-11-04",
    "fiscal_date": "2021-11-04",
    "fiscal_year": 2021,
    "fiscal_quarter": 3,
    "r2_url": "https://pub-2c783279b61043e19fbdadd1bee5153a.r2.dev/FTNT/2021-11-04/Fortinet%2C%20Inc._2021-11-04_transcript/Fortinet%2C%20Inc._2021-11-04_transcript.pdf/Fortinet%2C%20Inc._2021-11-04_transcript.pdf",
    "periodicity": "periodic"
  },
  {
    "equity_ticker": "FTNT",
    "geography": "US",
    "content_name": "FTNT Q3 2021 Press Release",
    "file_type": "pdf",
    "content_type": "quarterly_report",
    "published_date": "2021-11-04",
    "fiscal_date": "2021-11-04",
    "fiscal_year": 2021,
    "fiscal_quarter": 3,
    "r2_url": "https://pub-2c783279b61043e19fbdadd1bee5153a.r2.dev/FTNT/2021-11-04/12c1d-2024-08-29-11-57-12/12c1d-2024-08-29-11-57-12.pdf/12c1d-2024-08-29-11-57-12.pdf",
    "periodicity": "periodic"
  },
  {
    "equity_ticker": "FTNT",
    "geography": "US",
    "content_name": "FTNT Q3 2021 Presentation",
    "file_type": "pdf",
    "content_type": "earnings_presentation",
    "published_date": "2021-11-04",
    "fiscal_date": "2021-11-04",
    "fiscal_year": 2021,
    "fiscal_quarter": 3,
    "r2_url": "https://pub-2c783279b61043e19fbdadd1bee5153a.r2.dev/FTNT/2021-11-04/db18d-2021-11-04-12-00-00-migrated/db18d-2021-11-04-12-00-00-migrated.pdf/db18d-2021-11-04-12-00-00-migrated.pdf",
    "periodicity": "periodic"
  },
  {
    "equity_ticker": "FTNT",
    "geography": "US",
    "content_name": "FTNT Q2 2021 Transcript",
    "file_type": "pdf",
    "content_type": "earnings_transcript",
    "published_date": "2021-07-28",
    "fiscal_date": "2021-07-28",
    "fiscal_year": 2021,
    "fiscal_quarter": 2,
    "r2_url": "https://pub-2c783279b61043e19fbdadd1bee5153a.r2.dev/FTNT/2021-07-28/Fortinet%2C%20Inc._2021-07-28_transcript/Fortinet%2C%20Inc._2021-07-28_transcript.pdf/Fortinet%2C%20Inc._2021-07-28_transcript.pdf",
    "periodicity": "periodic"
  },
  {
    "equity_ticker": "FTNT",
    "geography": "US",
    "content_name": "FTNT Q2 2021 Press Release",
    "file_type": "pdf",
    "content_type": "quarterly_report",
    "published_date": "2021-07-28",
    "fiscal_date": "2021-07-28",
    "fiscal_year": 2021,
    "fiscal_quarter": 2,
    "r2_url": "https://pub-2c783279b61043e19fbdadd1bee5153a.r2.dev/FTNT/2021-07-28/80140-2024-08-29-11-02-13/80140-2024-08-29-11-02-13.pdf/80140-2024-08-29-11-02-13.pdf",
    "periodicity": "periodic"
  },
  {
    "equity_ticker": "FTNT",
    "geography": "US",
    "content_name": "FTNT Q2 2021 Presentation",
    "file_type": "pdf",
    "content_type": "earnings_presentation",
    "published_date": "2021-07-28",
    "fiscal_date": "2021-07-28",
    "fiscal_year": 2021,
    "fiscal_quarter": 2,
    "r2_url": "https://pub-2c783279b61043e19fbdadd1bee5153a.r2.dev/FTNT/2021-07-28/b7424-2021-07-28-11-00-55-migrated/b7424-2021-07-28-11-00-55-migrated.pdf/b7424-2021-07-28-11-00-55-migrated.pdf",
    "periodicity": "periodic"
  },
  {
    "equity_ticker": "FTNT",
    "geography": "US",
    "content_name": "FTNT Q1 2021 Transcript",
    "file_type": "pdf",
    "content_type": "earnings_transcript",
    "published_date": "2021-04-29",
    "fiscal_date": "2021-04-29",
    "fiscal_year": 2021,
    "fiscal_quarter": 1,
    "r2_url": "https://pub-2c783279b61043e19fbdadd1bee5153a.r2.dev/FTNT/2021-04-29/Fortinet%2C%20Inc._2021-04-29_transcript/Fortinet%2C%20Inc._2021-04-29_transcript.pdf/Fortinet%2C%20Inc._2021-04-29_transcript.pdf",
    "periodicity": "periodic"
  },
  {
    "equity_ticker": "FTNT",
    "geography": "US",
    "content_name": "FTNT Q1 2021 Press Release",
    "file_type": "pdf",
    "content_type": "quarterly_report",
    "published_date": "2021-04-29",
    "fiscal_date": "2021-04-29",
    "fiscal_year": 2021,
    "fiscal_quarter": 1,
    "r2_url": "https://pub-2c783279b61043e19fbdadd1bee5153a.r2.dev/FTNT/2021-04-29/0e490-2024-08-29-11-02-13/0e490-2024-08-29-11-02-13.pdf/0e490-2024-08-29-11-02-13.pdf",
    "periodicity": "periodic"
  },
  {
    "equity_ticker": "FTNT",
    "geography": "US",
    "content_name": "FTNT Q1 2021 Presentation",
    "file_type": "pdf",
    "content_type": "earnings_presentation",
    "published_date": "2021-04-29",
    "fiscal_date": "2021-04-29",
    "fiscal_year": 2021,
    "fiscal_quarter": 1,
    "r2_url": "https://pub-2c783279b61043e19fbdadd1bee5153a.r2.dev/FTNT/2021-04-29/72c9b-2021-04-29-08-00-50-migrated/72c9b-2021-04-29-08-00-50-migrated.pdf/72c9b-2021-04-29-08-00-50-migrated.pdf",
    "periodicity": "periodic"
  },
  {
    "equity_ticker": "FTNT",
    "geography": "US",
    "content_name": "Investor & Analyst Day 2021 - March 9, 2021",
    "file_type": "pdf",
    "content_type": "company_conference_transcript",
    "published_date": "2021-03-09",
    "fiscal_date": "2021-03-09",
    "fiscal_year": null,
    "fiscal_quarter": null,
    "r2_url": "https://pub-2c783279b61043e19fbdadd1bee5153a.r2.dev/FTNT/2021-03-09/Fortinet%2C%20Inc._2021-03-09_transcript/Fortinet%2C%20Inc._2021-03-09_transcript.pdf/Fortinet%2C%20Inc._2021-03-09_transcript.pdf",
    "periodicity": "non_periodic"
  },
  {
    "equity_ticker": "FTNT",
    "geography": "US",
    "content_name": "Investor & Analyst Day 2021 - March 9, 2021",
    "file_type": "pdf",
    "content_type": "company_conference_presentation",
    "published_date": "2021-03-09",
    "fiscal_date": "2021-03-09",
    "fiscal_year": null,
    "fiscal_quarter": null,
    "r2_url": "https://pub-2c783279b61043e19fbdadd1bee5153a.r2.dev/FTNT/2021-03-09/5a1e7-2022-07-05-10-01-58/5a1e7-2022-07-05-10-01-58.pdf/5a1e7-2022-07-05-10-01-58.pdf",
    "periodicity": "non_periodic"
  },
  {
    "equity_ticker": "FTNT",
    "geography": "US",
    "content_name": "FTNT Q4 2020 Transcript",
    "file_type": "pdf",
    "content_type": "earnings_transcript",
    "published_date": "2021-02-04",
    "fiscal_date": "2021-02-04",
    "fiscal_year": 2020,
    "fiscal_quarter": 4,
    "r2_url": "https://pub-2c783279b61043e19fbdadd1bee5153a.r2.dev/FTNT/2021-02-04/Fortinet%2C%20Inc._2021-02-04_transcript/Fortinet%2C%20Inc._2021-02-04_transcript.pdf/Fortinet%2C%20Inc._2021-02-04_transcript.pdf",
    "periodicity": "periodic"
  },
  {
    "equity_ticker": "FTNT",
    "geography": "US",
    "content_name": "FTNT Q4 2020 Presentation",
    "file_type": "pdf",
    "content_type": "earnings_presentation",
    "published_date": "2021-02-04",
    "fiscal_date": "2021-02-04",
    "fiscal_year": 2020,
    "fiscal_quarter": 4,
    "r2_url": "https://pub-2c783279b61043e19fbdadd1bee5153a.r2.dev/FTNT/2021-02-04/106c6-2022-07-05-11-39-04/106c6-2022-07-05-11-39-04.pdf/106c6-2022-07-05-11-39-04.pdf",
    "periodicity": "periodic"
  },
  {
    "equity_ticker": "FTNT",
    "geography": "US",
    "content_name": "FTNT Q3 2020 Transcript",
    "file_type": "pdf",
    "content_type": "earnings_transcript",
    "published_date": "2020-10-29",
    "fiscal_date": "2020-10-29",
    "fiscal_year": 2020,
    "fiscal_quarter": 3,
    "r2_url": "https://pub-2c783279b61043e19fbdadd1bee5153a.r2.dev/FTNT/2020-10-29/Fortinet%2C%20Inc._2020-10-29_transcript/Fortinet%2C%20Inc._2020-10-29_transcript.pdf/Fortinet%2C%20Inc._2020-10-29_transcript.pdf",
    "periodicity": "periodic"
  },
  {
    "equity_ticker": "FTNT",
    "geography": "US",
    "content_name": "FTNT Q3 2020 Press Release",
    "file_type": "pdf",
    "content_type": "quarterly_report",
    "published_date": "2020-10-29",
    "fiscal_date": "2020-10-29",
    "fiscal_year": 2020,
    "fiscal_quarter": 3,
    "r2_url": "https://pub-2c783279b61043e19fbdadd1bee5153a.r2.dev/FTNT/2020-10-29/02dee-2024-08-29-11-02-13/02dee-2024-08-29-11-02-13.pdf/02dee-2024-08-29-11-02-13.pdf",
    "periodicity": "periodic"
  },
  {
    "equity_ticker": "FTNT",
    "geography": "US",
    "content_name": "FTNT Q3 2020 Presentation",
    "file_type": "pdf",
    "content_type": "earnings_presentation",
    "published_date": "2020-10-29",
    "fiscal_date": "2020-10-29",
    "fiscal_year": 2020,
    "fiscal_quarter": 3,
    "r2_url": "https://pub-2c783279b61043e19fbdadd1bee5153a.r2.dev/FTNT/2020-10-29/dbd2c-2022-07-05-11-46-18/dbd2c-2022-07-05-11-46-18.pdf/dbd2c-2022-07-05-11-46-18.pdf",
    "periodicity": "periodic"
  },
  {
    "equity_ticker": "FTNT",
    "geography": "US",
    "content_name": "FTNT Q2 2020 Transcript",
    "file_type": "pdf",
    "content_type": "earnings_transcript",
    "published_date": "2020-08-05",
    "fiscal_date": "2020-08-05",
    "fiscal_year": 2020,
    "fiscal_quarter": 2,
    "r2_url": "https://pub-2c783279b61043e19fbdadd1bee5153a.r2.dev/FTNT/2020-08-05/Fortinet%2C%20Inc._2020-08-05_transcript/Fortinet%2C%20Inc._2020-08-05_transcript.pdf/Fortinet%2C%20Inc._2020-08-05_transcript.pdf",
    "periodicity": "periodic"
  },
  {
    "equity_ticker": "FTNT",
    "geography": "US",
    "content_name": "FTNT Q2 2020 Press Release",
    "file_type": "pdf",
    "content_type": "quarterly_report",
    "published_date": "2020-08-05",
    "fiscal_date": "2020-08-05",
    "fiscal_year": 2020,
    "fiscal_quarter": 2,
    "r2_url": "https://pub-2c783279b61043e19fbdadd1bee5153a.r2.dev/FTNT/2020-08-05/9cbf6-2024-08-29-11-20-13/9cbf6-2024-08-29-11-20-13.pdf/9cbf6-2024-08-29-11-20-13.pdf",
    "periodicity": "periodic"
  },
  {
    "equity_ticker": "FTNT",
    "geography": "US",
    "content_name": "FTNT Q2 2020 Presentation",
    "file_type": "pdf",
    "content_type": "earnings_presentation",
    "published_date": "2020-08-05",
    "fiscal_date": "2020-08-05",
    "fiscal_year": 2020,
    "fiscal_quarter": 2,
    "r2_url": "https://pub-2c783279b61043e19fbdadd1bee5153a.r2.dev/FTNT/2020-08-05/45e45-2022-07-05-11-31-26/45e45-2022-07-05-11-31-26.pdf/45e45-2022-07-05-11-31-26.pdf",
    "periodicity": "periodic"
  },
  {
    "equity_ticker": "FTNT",
    "geography": "US",
    "content_name": "AGM 2020 - June 18, 2020",
    "file_type": "pdf",
    "content_type": "company_conference_transcript",
    "published_date": "2020-06-18",
    "fiscal_date": "2020-06-18",
    "fiscal_year": null,
    "fiscal_quarter": null,
    "r2_url": "https://pub-2c783279b61043e19fbdadd1bee5153a.r2.dev/FTNT/2020-06-18/Fortinet%2C%20Inc._2020-06-18_transcript/Fortinet%2C%20Inc._2020-06-18_transcript.pdf/Fortinet%2C%20Inc._2020-06-18_transcript.pdf",
    "periodicity": "non_periodic"
  },
  {
    "equity_ticker": "FTNT",
    "geography": "US",
    "content_name": "FTNT Q1 2020 Transcript",
    "file_type": "pdf",
    "content_type": "earnings_transcript",
    "published_date": "2020-05-05",
    "fiscal_date": "2020-05-05",
    "fiscal_year": 2020,
    "fiscal_quarter": 1,
    "r2_url": "https://pub-2c783279b61043e19fbdadd1bee5153a.r2.dev/FTNT/2020-05-05/Fortinet%2C%20Inc._2020-05-05_transcript/Fortinet%2C%20Inc._2020-05-05_transcript.pdf/Fortinet%2C%20Inc._2020-05-05_transcript.pdf",
    "periodicity": "periodic"
  },
  {
    "equity_ticker": "FTNT",
    "geography": "US",
    "content_name": "FTNT Q1 2020 Press Release",
    "file_type": "pdf",
    "content_type": "quarterly_report",
    "published_date": "2020-05-05",
    "fiscal_date": "2020-05-05",
    "fiscal_year": 2020,
    "fiscal_quarter": 1,
    "r2_url": "https://pub-2c783279b61043e19fbdadd1bee5153a.r2.dev/FTNT/2020-05-05/81494-2024-08-29-11-14-13/81494-2024-08-29-11-14-13.pdf/81494-2024-08-29-11-14-13.pdf",
    "periodicity": "periodic"
  },
  {
    "equity_ticker": "FTNT",
    "geography": "US",
    "content_name": "FTNT Q1 2020 Presentation",
    "file_type": "pdf",
    "content_type": "earnings_presentation",
    "published_date": "2020-05-05",
    "fiscal_date": "2020-05-05",
    "fiscal_year": 2020,
    "fiscal_quarter": 1,
    "r2_url": "https://pub-2c783279b61043e19fbdadd1bee5153a.r2.dev/FTNT/2020-05-05/cc9e9-2022-07-05-11-42-34/cc9e9-2022-07-05-11-42-34.pdf/cc9e9-2022-07-05-11-42-34.pdf",
    "periodicity": "periodic"
  },
  {
    "equity_ticker": "FTNT",
    "geography": "US",
    "content_name": "FTNT Q4 2019 Transcript",
    "file_type": "pdf",
    "content_type": "earnings_transcript",
    "published_date": "2020-02-06",
    "fiscal_date": "2020-02-06",
    "fiscal_year": 2019,
    "fiscal_quarter": 4,
    "r2_url": "https://pub-2c783279b61043e19fbdadd1bee5153a.r2.dev/FTNT/2020-02-06/Fortinet%2C%20Inc._2020-02-06_transcript/Fortinet%2C%20Inc._2020-02-06_transcript.pdf/Fortinet%2C%20Inc._2020-02-06_transcript.pdf",
    "periodicity": "periodic"
  },
  {
    "equity_ticker": "FTNT",
    "geography": "US",
    "content_name": "FTNT Q4 2019 Presentation",
    "file_type": "pdf",
    "content_type": "earnings_presentation",
    "published_date": "2020-02-06",
    "fiscal_date": "2020-02-06",
    "fiscal_year": 2019,
    "fiscal_quarter": 4,
    "r2_url": "https://pub-2c783279b61043e19fbdadd1bee5153a.r2.dev/FTNT/2020-02-06/9cfbc-2022-07-05-11-39-50/9cfbc-2022-07-05-11-39-50.pdf/9cfbc-2022-07-05-11-39-50.pdf",
    "periodicity": "periodic"
  },
  {
    "equity_ticker": "FTNT",
    "geography": "US",
    "content_name": "Investor & Analyst Day 2020 - November 18, 2019",
    "file_type": "pdf",
    "content_type": "company_conference_transcript",
    "published_date": "2019-11-18",
    "fiscal_date": "2019-11-18",
    "fiscal_year": null,
    "fiscal_quarter": null,
    "r2_url": "https://pub-2c783279b61043e19fbdadd1bee5153a.r2.dev/FTNT/2019-11-18/Fortinet%2C%20Inc._2019-11-18_transcript/Fortinet%2C%20Inc._2019-11-18_transcript.pdf/Fortinet%2C%20Inc._2019-11-18_transcript.pdf",
    "periodicity": "non_periodic"
  },
  {
    "equity_ticker": "FTNT",
    "geography": "US",
    "content_name": "Investor & Analyst Day 2020 - November 18, 2019",
    "file_type": "pdf",
    "content_type": "company_conference_presentation",
    "published_date": "2019-11-18",
    "fiscal_date": "2019-11-18",
    "fiscal_year": null,
    "fiscal_quarter": null,
    "r2_url": "https://pub-2c783279b61043e19fbdadd1bee5153a.r2.dev/FTNT/2019-11-18/de439-2022-07-05-11-44-59/de439-2022-07-05-11-44-59.pdf/de439-2022-07-05-11-44-59.pdf",
    "periodicity": "non_periodic"
  },
  {
    "equity_ticker": "FTNT",
    "geography": "US",
    "content_name": "FTNT Q3 2019 Transcript",
    "file_type": "pdf",
    "content_type": "earnings_transcript",
    "published_date": "2019-10-31",
    "fiscal_date": "2019-10-31",
    "fiscal_year": 2019,
    "fiscal_quarter": 3,
    "r2_url": "https://pub-2c783279b61043e19fbdadd1bee5153a.r2.dev/FTNT/2019-10-31/Fortinet%2C%20Inc._2019-10-31_transcript/Fortinet%2C%20Inc._2019-10-31_transcript.pdf/Fortinet%2C%20Inc._2019-10-31_transcript.pdf",
    "periodicity": "periodic"
  },
  {
    "equity_ticker": "FTNT",
    "geography": "US",
    "content_name": "FTNT Q3 2019 Press Release",
    "file_type": "pdf",
    "content_type": "quarterly_report",
    "published_date": "2019-10-31",
    "fiscal_date": "2019-10-31",
    "fiscal_year": 2019,
    "fiscal_quarter": 3,
    "r2_url": "https://pub-2c783279b61043e19fbdadd1bee5153a.r2.dev/FTNT/2019-10-31/55c17-2024-08-29-11-20-13/55c17-2024-08-29-11-20-13.pdf/55c17-2024-08-29-11-20-13.pdf",
    "periodicity": "periodic"
  },
  {
    "equity_ticker": "FTNT",
    "geography": "US",
    "content_name": "FTNT Q3 2019 Presentation",
    "file_type": "pdf",
    "content_type": "earnings_presentation",
    "published_date": "2019-10-31",
    "fiscal_date": "2019-10-31",
    "fiscal_year": 2019,
    "fiscal_quarter": 3,
    "r2_url": "https://pub-2c783279b61043e19fbdadd1bee5153a.r2.dev/FTNT/2019-10-31/88dd9-2022-07-05-12-24-08/88dd9-2022-07-05-12-24-08.pdf/88dd9-2022-07-05-12-24-08.pdf",
    "periodicity": "periodic"
  },
  {
    "equity_ticker": "FTNT",
    "geography": "US",
    "content_name": "FTNT Q2 2019 Transcript",
    "file_type": "pdf",
    "content_type": "earnings_transcript",
    "published_date": "2019-08-01",
    "fiscal_date": "2019-08-01",
    "fiscal_year": 2019,
    "fiscal_quarter": 2,
    "r2_url": "https://pub-2c783279b61043e19fbdadd1bee5153a.r2.dev/FTNT/2019-08-01/Fortinet%2C%20Inc._2019-08-01_transcript/Fortinet%2C%20Inc._2019-08-01_transcript.pdf/Fortinet%2C%20Inc._2019-08-01_transcript.pdf",
    "periodicity": "periodic"
  },
  {
    "equity_ticker": "FTNT",
    "geography": "US",
    "content_name": "FTNT Q2 2019 Press Release",
    "file_type": "pdf",
    "content_type": "earnings_press_release",
    "published_date": "2019-08-01",
    "fiscal_date": "2019-08-01",
    "fiscal_year": 2019,
    "fiscal_quarter": 2,
    "r2_url": "https://pub-2c783279b61043e19fbdadd1bee5153a.r2.dev/FTNT/2019-08-01/5557a-2024-04-02-10-53-46/5557a-2024-04-02-10-53-46.pdf/5557a-2024-04-02-10-53-46.pdf",
    "periodicity": "periodic"
  },
  {
    "equity_ticker": "FTNT",
    "geography": "US",
    "content_name": "FTNT Q2 2019 Presentation",
    "file_type": "pdf",
    "content_type": "earnings_presentation",
    "published_date": "2019-08-01",
    "fiscal_date": "2019-08-01",
    "fiscal_year": 2019,
    "fiscal_quarter": 2,
    "r2_url": "https://pub-2c783279b61043e19fbdadd1bee5153a.r2.dev/FTNT/2019-08-01/c3cb8-2024-04-02-10-53-46/c3cb8-2024-04-02-10-53-46.pdf/c3cb8-2024-04-02-10-53-46.pdf",
    "periodicity": "periodic"
  },
  {
    "equity_ticker": "FTNT",
    "geography": "US",
    "content_name": "FTNT Q1 2019 Transcript",
    "file_type": "pdf",
    "content_type": "earnings_transcript",
    "published_date": "2019-05-02",
    "fiscal_date": "2019-05-02",
    "fiscal_year": 2019,
    "fiscal_quarter": 1,
    "r2_url": "https://pub-2c783279b61043e19fbdadd1bee5153a.r2.dev/FTNT/2019-05-02/Fortinet%2C%20Inc._2019-05-02_transcript/Fortinet%2C%20Inc._2019-05-02_transcript.pdf/Fortinet%2C%20Inc._2019-05-02_transcript.pdf",
    "periodicity": "periodic"
  },
  {
    "equity_ticker": "FTNT",
    "geography": "US",
    "content_name": "FTNT Q1 2019 Press Release",
    "file_type": "pdf",
    "content_type": "earnings_press_release",
    "published_date": "2019-05-02",
    "fiscal_date": "2019-05-02",
    "fiscal_year": 2019,
    "fiscal_quarter": 1,
    "r2_url": "https://pub-2c783279b61043e19fbdadd1bee5153a.r2.dev/FTNT/2019-05-02/5b41d-2024-04-02-10-03-48/5b41d-2024-04-02-10-03-48.pdf/5b41d-2024-04-02-10-03-48.pdf",
    "periodicity": "periodic"
  },
  {
    "equity_ticker": "FTNT",
    "geography": "US",
    "content_name": "FTNT Q1 2019 Presentation",
    "file_type": "pdf",
    "content_type": "earnings_presentation",
    "published_date": "2019-05-02",
    "fiscal_date": "2019-05-02",
    "fiscal_year": 2019,
    "fiscal_quarter": 1,
    "r2_url": "https://pub-2c783279b61043e19fbdadd1bee5153a.r2.dev/FTNT/2019-05-02/96835-2024-04-02-10-03-48/96835-2024-04-02-10-03-48.pdf/96835-2024-04-02-10-03-48.pdf",
    "periodicity": "periodic"
  },
  {
    "equity_ticker": "FTNT",
    "geography": "US",
    "content_name": "FTNT Q4 2018 Transcript",
    "file_type": "pdf",
    "content_type": "earnings_transcript",
    "published_date": "2019-02-06",
    "fiscal_date": "2019-02-06",
    "fiscal_year": 2018,
    "fiscal_quarter": 4,
    "r2_url": "https://pub-2c783279b61043e19fbdadd1bee5153a.r2.dev/FTNT/2019-02-06/Fortinet%2C%20Inc._2019-02-06_transcript/Fortinet%2C%20Inc._2019-02-06_transcript.pdf/Fortinet%2C%20Inc._2019-02-06_transcript.pdf",
    "periodicity": "periodic"
  },
  {
    "equity_ticker": "FTNT",
    "geography": "US",
    "content_name": "FTNT Q4 2018 Press Release",
    "file_type": "pdf",
    "content_type": "earnings_press_release",
    "published_date": "2019-02-06",
    "fiscal_date": "2019-02-06",
    "fiscal_year": 2018,
    "fiscal_quarter": 4,
    "r2_url": "https://pub-2c783279b61043e19fbdadd1bee5153a.r2.dev/FTNT/2019-02-06/2b384-2024-04-02-10-14-49/2b384-2024-04-02-10-14-49.pdf/2b384-2024-04-02-10-14-49.pdf",
    "periodicity": "periodic"
  },
  {
    "equity_ticker": "FTNT",
    "geography": "US",
    "content_name": "FTNT Q4 2018 Presentation",
    "file_type": "pdf",
    "content_type": "earnings_presentation",
    "published_date": "2019-02-06",
    "fiscal_date": "2019-02-06",
    "fiscal_year": 2018,
    "fiscal_quarter": 4,
    "r2_url": "https://pub-2c783279b61043e19fbdadd1bee5153a.r2.dev/FTNT/2019-02-06/9f860-2024-04-02-10-14-49/9f860-2024-04-02-10-14-49.pdf/9f860-2024-04-02-10-14-49.pdf",
    "periodicity": "periodic"
  },
  {
    "equity_ticker": "FTNT",
    "geography": "US",
    "content_name": "FTNT Q3 2018 Transcript",
    "file_type": "pdf",
    "content_type": "earnings_transcript",
    "published_date": "2018-11-01",
    "fiscal_date": "2018-11-01",
    "fiscal_year": 2018,
    "fiscal_quarter": 3,
    "r2_url": "https://pub-2c783279b61043e19fbdadd1bee5153a.r2.dev/FTNT/2018-11-01/Fortinet%2C%20Inc._2018-11-01_transcript/Fortinet%2C%20Inc._2018-11-01_transcript.pdf/Fortinet%2C%20Inc._2018-11-01_transcript.pdf",
    "periodicity": "periodic"
  },
  {
    "equity_ticker": "FTNT",
    "geography": "US",
    "content_name": "FTNT Q3 2018 Press Release",
    "file_type": "pdf",
    "content_type": "earnings_press_release",
    "published_date": "2018-11-01",
    "fiscal_date": "2018-11-01",
    "fiscal_year": 2018,
    "fiscal_quarter": 3,
    "r2_url": "https://pub-2c783279b61043e19fbdadd1bee5153a.r2.dev/FTNT/2018-11-01/ef807-2024-04-02-10-42-50/ef807-2024-04-02-10-42-50.pdf/ef807-2024-04-02-10-42-50.pdf",
    "periodicity": "periodic"
  },
  {
    "equity_ticker": "FTNT",
    "geography": "US",
    "content_name": "FTNT Q3 2018 Presentation",
    "file_type": "pdf",
    "content_type": "earnings_presentation",
    "published_date": "2018-11-01",
    "fiscal_date": "2018-11-01",
    "fiscal_year": 2018,
    "fiscal_quarter": 3,
    "r2_url": "https://pub-2c783279b61043e19fbdadd1bee5153a.r2.dev/FTNT/2018-11-01/920a1-2024-04-02-10-42-50/920a1-2024-04-02-10-42-50.pdf/920a1-2024-04-02-10-42-50.pdf",
    "periodicity": "periodic"
  },
  {
    "equity_ticker": "FTNT",
    "geography": "US",
    "content_name": "FTNT Q2 2018 Transcript",
    "file_type": "pdf",
    "content_type": "earnings_transcript",
    "published_date": "2018-08-01",
    "fiscal_date": "2018-08-01",
    "fiscal_year": 2018,
    "fiscal_quarter": 2,
    "r2_url": "https://pub-2c783279b61043e19fbdadd1bee5153a.r2.dev/FTNT/2018-08-01/Fortinet%2C%20Inc._2018-08-01_transcript/Fortinet%2C%20Inc._2018-08-01_transcript.pdf/Fortinet%2C%20Inc._2018-08-01_transcript.pdf",
    "periodicity": "periodic"
  },
  {
    "equity_ticker": "FTNT",
    "geography": "US",
    "content_name": "FTNT Q2 2018 Press Release",
    "file_type": "pdf",
    "content_type": "earnings_press_release",
    "published_date": "2018-08-01",
    "fiscal_date": "2018-08-01",
    "fiscal_year": 2018,
    "fiscal_quarter": 2,
    "r2_url": "https://pub-2c783279b61043e19fbdadd1bee5153a.r2.dev/FTNT/2018-08-01/00205-2024-04-02-10-20-53/00205-2024-04-02-10-20-53.pdf/00205-2024-04-02-10-20-53.pdf",
    "periodicity": "periodic"
  },
  {
    "equity_ticker": "FTNT",
    "geography": "US",
    "content_name": "FTNT Q2 2018 Presentation",
    "file_type": "pdf",
    "content_type": "earnings_presentation",
    "published_date": "2018-08-01",
    "fiscal_date": "2018-08-01",
    "fiscal_year": 2018,
    "fiscal_quarter": 2,
    "r2_url": "https://pub-2c783279b61043e19fbdadd1bee5153a.r2.dev/FTNT/2018-08-01/826cb-2024-04-02-10-20-53/826cb-2024-04-02-10-20-53.pdf/826cb-2024-04-02-10-20-53.pdf",
    "periodicity": "periodic"
  },
  {
    "equity_ticker": "FTNT",
    "geography": "US",
    "content_name": "FTNT Q1 2018 Transcript",
    "file_type": "pdf",
    "content_type": "earnings_transcript",
    "published_date": "2018-05-03",
    "fiscal_date": "2018-05-03",
    "fiscal_year": 2018,
    "fiscal_quarter": 1,
    "r2_url": "https://pub-2c783279b61043e19fbdadd1bee5153a.r2.dev/FTNT/2018-05-03/Fortinet%2C%20Inc._2018-05-03_transcript/Fortinet%2C%20Inc._2018-05-03_transcript.pdf/Fortinet%2C%20Inc._2018-05-03_transcript.pdf",
    "periodicity": "periodic"
  },
  {
    "equity_ticker": "FTNT",
    "geography": "US",
    "content_name": "FTNT Q1 2018 Press Release",
    "file_type": "pdf",
    "content_type": "earnings_press_release",
    "published_date": "2018-05-03",
    "fiscal_date": "2018-05-03",
    "fiscal_year": 2018,
    "fiscal_quarter": 1,
    "r2_url": "https://pub-2c783279b61043e19fbdadd1bee5153a.r2.dev/FTNT/2018-05-03/18f2d-2024-04-02-10-57-55/18f2d-2024-04-02-10-57-55.pdf/18f2d-2024-04-02-10-57-55.pdf",
    "periodicity": "periodic"
  },
  {
    "equity_ticker": "FTNT",
    "geography": "US",
    "content_name": "FTNT Q1 2018 Presentation",
    "file_type": "pdf",
    "content_type": "earnings_presentation",
    "published_date": "2018-05-03",
    "fiscal_date": "2018-05-03",
    "fiscal_year": 2018,
    "fiscal_quarter": 1,
    "r2_url": "https://pub-2c783279b61043e19fbdadd1bee5153a.r2.dev/FTNT/2018-05-03/b59a9-2024-04-02-10-57-55/b59a9-2024-04-02-10-57-55.pdf/b59a9-2024-04-02-10-57-55.pdf",
    "periodicity": "periodic"
  },
  {
    "equity_ticker": "FTNT",
    "geography": "US",
    "content_name": "FTNT Q4 2017 Transcript",
    "file_type": "pdf",
    "content_type": "earnings_transcript",
    "published_date": "2018-02-26",
    "fiscal_date": "2018-02-26",
    "fiscal_year": 2017,
    "fiscal_quarter": 4,
    "r2_url": "https://pub-2c783279b61043e19fbdadd1bee5153a.r2.dev/FTNT/2018-02-26/Fortinet%2C%20Inc._2018-02-26_transcript/Fortinet%2C%20Inc._2018-02-26_transcript.pdf/Fortinet%2C%20Inc._2018-02-26_transcript.pdf",
    "periodicity": "periodic"
  },
  {
    "equity_ticker": "FTNT",
    "geography": "US",
    "content_name": "FTNT Q4 2017 Press Release",
    "file_type": "pdf",
    "content_type": "annual_report",
    "published_date": "2018-02-26",
    "fiscal_date": "2018-02-26",
    "fiscal_year": 2017,
    "fiscal_quarter": 4,
    "r2_url": "https://pub-2c783279b61043e19fbdadd1bee5153a.r2.dev/FTNT/2018-02-26/cea53-2023-09-05-03-08-26/cea53-2023-09-05-03-08-26.pdf/cea53-2023-09-05-03-08-26.pdf",
    "periodicity": "periodic"
  },
  {
    "equity_ticker": "FTNT",
    "geography": "US",
    "content_name": "FTNT Q3 2017 Transcript",
    "file_type": "pdf",
    "content_type": "earnings_transcript",
    "published_date": "2017-10-26",
    "fiscal_date": "2017-10-26",
    "fiscal_year": 2017,
    "fiscal_quarter": 3,
    "r2_url": "https://pub-2c783279b61043e19fbdadd1bee5153a.r2.dev/FTNT/2017-10-26/Fortinet%2C%20Inc._2017-10-26_transcript/Fortinet%2C%20Inc._2017-10-26_transcript.pdf/Fortinet%2C%20Inc._2017-10-26_transcript.pdf",
    "periodicity": "periodic"
  },
  {
    "equity_ticker": "FTNT",
    "geography": "US",
    "content_name": "FTNT Q2 2017 Transcript",
    "file_type": "pdf",
    "content_type": "earnings_transcript",
    "published_date": "2017-07-26",
    "fiscal_date": "2017-07-26",
    "fiscal_year": 2017,
    "fiscal_quarter": 2,
    "r2_url": "https://pub-2c783279b61043e19fbdadd1bee5153a.r2.dev/FTNT/2017-07-26/Fortinet%2C%20Inc._2017-07-26_transcript/Fortinet%2C%20Inc._2017-07-26_transcript.pdf/Fortinet%2C%20Inc._2017-07-26_transcript.pdf",
    "periodicity": "periodic"
  },
  {
    "equity_ticker": "FTNT",
    "geography": "US",
    "content_name": "FTNT Q1 2017 Transcript",
    "file_type": "pdf",
    "content_type": "earnings_transcript",
    "published_date": "2017-04-27",
    "fiscal_date": "2017-04-27",
    "fiscal_year": 2017,
    "fiscal_quarter": 1,
    "r2_url": "https://pub-2c783279b61043e19fbdadd1bee5153a.r2.dev/FTNT/2017-04-27/Fortinet%2C%20Inc._2017-04-27_transcript/Fortinet%2C%20Inc._2017-04-27_transcript.pdf/Fortinet%2C%20Inc._2017-04-27_transcript.pdf",
    "periodicity": "periodic"
  },
  {
    "equity_ticker": "FTNT",
    "geography": "US",
    "content_name": "FTNT Q4 2016 Transcript",
    "file_type": "pdf",
    "content_type": "earnings_transcript",
    "published_date": "2017-03-01",
    "fiscal_date": "2017-03-01",
    "fiscal_year": 2016,
    "fiscal_quarter": 4,
    "r2_url": "https://pub-2c783279b61043e19fbdadd1bee5153a.r2.dev/FTNT/2017-03-01/Fortinet%2C%20Inc._2017-03-01_transcript/Fortinet%2C%20Inc._2017-03-01_transcript.pdf/Fortinet%2C%20Inc._2017-03-01_transcript.pdf",
    "periodicity": "periodic"
  },
  {
    "equity_ticker": "FTNT",
    "geography": "US",
    "content_name": "FTNT Q4 2016 Press Release",
    "file_type": "pdf",
    "content_type": "annual_report",
    "published_date": "2017-03-01",
    "fiscal_date": "2017-03-01",
    "fiscal_year": 2016,
    "fiscal_quarter": 4,
    "r2_url": "https://pub-2c783279b61043e19fbdadd1bee5153a.r2.dev/FTNT/2017-03-01/d6187-2023-09-05-03-18-26/d6187-2023-09-05-03-18-26.pdf/d6187-2023-09-05-03-18-26.pdf",
    "periodicity": "periodic"
  },
  {
    "equity_ticker": "FTNT",
    "geography": "US",
    "content_name": "FTNT Q3 2016 Transcript",
    "file_type": "pdf",
    "content_type": "earnings_transcript",
    "published_date": "2016-10-30",
    "fiscal_date": "2016-10-30",
    "fiscal_year": 2016,
    "fiscal_quarter": 3,
    "r2_url": "https://pub-2c783279b61043e19fbdadd1bee5153a.r2.dev/FTNT/2016-10-30/Fortinet%2C%20Inc._2016-10-30_transcript/Fortinet%2C%20Inc._2016-10-30_transcript.pdf/Fortinet%2C%20Inc._2016-10-30_transcript.pdf",
    "periodicity": "periodic"
  },
  {
    "equity_ticker": "FTNT",
    "geography": "US",
    "content_name": "FTNT Q2 2016 Transcript",
    "file_type": "pdf",
    "content_type": "earnings_transcript",
    "published_date": "2016-07-29",
    "fiscal_date": "2016-07-29",
    "fiscal_year": 2016,
    "fiscal_quarter": 2,
    "r2_url": "https://pub-2c783279b61043e19fbdadd1bee5153a.r2.dev/FTNT/2016-07-29/Fortinet%2C%20Inc._2016-07-29_transcript/Fortinet%2C%20Inc._2016-07-29_transcript.pdf/Fortinet%2C%20Inc._2016-07-29_transcript.pdf",
    "periodicity": "periodic"
  },
  {
    "equity_ticker": "FTNT",
    "geography": "US",
    "content_name": "FTNT Q1 2016 Transcript",
    "file_type": "pdf",
    "content_type": "earnings_transcript",
    "published_date": "2016-04-26",
    "fiscal_date": "2016-04-26",
    "fiscal_year": 2016,
    "fiscal_quarter": 1,
    "r2_url": "https://pub-2c783279b61043e19fbdadd1bee5153a.r2.dev/FTNT/2016-04-26/Fortinet%2C%20Inc._2016-04-26_transcript/Fortinet%2C%20Inc._2016-04-26_transcript.pdf/Fortinet%2C%20Inc._2016-04-26_transcript.pdf",
    "periodicity": "periodic"
  },
  {
    "equity_ticker": "FTNT",
    "geography": "US",
    "content_name": "FTNT Q4 2015 Transcript",
    "file_type": "pdf",
    "content_type": "earnings_transcript",
    "published_date": "2016-02-26",
    "fiscal_date": "2016-02-26",
    "fiscal_year": 2015,
    "fiscal_quarter": 4,
    "r2_url": "https://pub-2c783279b61043e19fbdadd1bee5153a.r2.dev/FTNT/2016-02-26/Fortinet%2C%20Inc._2016-02-26_transcript/Fortinet%2C%20Inc._2016-02-26_transcript.pdf/Fortinet%2C%20Inc._2016-02-26_transcript.pdf",
    "periodicity": "periodic"
  },
  {
    "equity_ticker": "FTNT",
    "geography": "US",
    "content_name": "FTNT Q4 2015 Press Release",
    "file_type": "pdf",
    "content_type": "annual_report",
    "published_date": "2016-02-26",
    "fiscal_date": "2016-02-26",
    "fiscal_year": 2015,
    "fiscal_quarter": 4,
    "r2_url": "https://pub-2c783279b61043e19fbdadd1bee5153a.r2.dev/FTNT/2016-02-26/93416-2023-09-05-03-39-26/93416-2023-09-05-03-39-26.pdf/93416-2023-09-05-03-39-26.pdf",
    "periodicity": "periodic"
  },
  {
    "equity_ticker": "FTNT",
    "geography": "US",
    "content_name": "FTNT Q3 2015 Transcript",
    "file_type": "pdf",
    "content_type": "earnings_transcript",
    "published_date": "2015-10-23",
    "fiscal_date": "2015-10-23",
    "fiscal_year": 2015,
    "fiscal_quarter": 3,
    "r2_url": "https://pub-2c783279b61043e19fbdadd1bee5153a.r2.dev/FTNT/2015-10-23/Fortinet%2C%20Inc._2015-10-23_transcript/Fortinet%2C%20Inc._2015-10-23_transcript.pdf/Fortinet%2C%20Inc._2015-10-23_transcript.pdf",
    "periodicity": "periodic"
  },
  {
    "equity_ticker": "FTNT",
    "geography": "US",
    "content_name": "FTNT Q2 2015 Transcript",
    "file_type": "pdf",
    "content_type": "earnings_transcript",
    "published_date": "2015-07-23",
    "fiscal_date": "2015-07-23",
    "fiscal_year": 2015,
    "fiscal_quarter": 2,
    "r2_url": "https://pub-2c783279b61043e19fbdadd1bee5153a.r2.dev/FTNT/2015-07-23/Fortinet%2C%20Inc._2015-07-23_transcript/Fortinet%2C%20Inc._2015-07-23_transcript.pdf/Fortinet%2C%20Inc._2015-07-23_transcript.pdf",
    "periodicity": "periodic"
  },
  {
    "equity_ticker": "FTNT",
    "geography": "US",
    "content_name": "FTNT Q1 2015 Transcript",
    "file_type": "pdf",
    "content_type": "earnings_transcript",
    "published_date": "2015-04-21",
    "fiscal_date": "2015-04-21",
    "fiscal_year": 2015,
    "fiscal_quarter": 1,
    "r2_url": "https://pub-2c783279b61043e19fbdadd1bee5153a.r2.dev/FTNT/2015-04-21/Fortinet%2C%20Inc._2015-04-21_transcript/Fortinet%2C%20Inc._2015-04-21_transcript.pdf/Fortinet%2C%20Inc._2015-04-21_transcript.pdf",
    "periodicity": "periodic"
  },
  {
    "equity_ticker": "FTNT",
    "geography": "US",
    "content_name": "FTNT Q4 2014 Transcript",
    "file_type": "pdf",
    "content_type": "earnings_transcript",
    "published_date": "2015-03-02",
    "fiscal_date": "2015-03-02",
    "fiscal_year": 2014,
    "fiscal_quarter": 4,
    "r2_url": "https://pub-2c783279b61043e19fbdadd1bee5153a.r2.dev/FTNT/2015-03-02/Fortinet%2C%20Inc._2015-03-02_transcript/Fortinet%2C%20Inc._2015-03-02_transcript.pdf/Fortinet%2C%20Inc._2015-03-02_transcript.pdf",
    "periodicity": "periodic"
  },
  {
    "equity_ticker": "FTNT",
    "geography": "US",
    "content_name": "FTNT Q4 2014 Press Release",
    "file_type": "pdf",
    "content_type": "annual_report",
    "published_date": "2015-03-02",
    "fiscal_date": "2015-03-02",
    "fiscal_year": 2014,
    "fiscal_quarter": 4,
    "r2_url": "https://pub-2c783279b61043e19fbdadd1bee5153a.r2.dev/FTNT/2015-03-02/66d95-2023-09-05-03-59-26/66d95-2023-09-05-03-59-26.pdf/66d95-2023-09-05-03-59-26.pdf",
    "periodicity": "periodic"
  },
  {
    "equity_ticker": "FTNT",
    "geography": "US",
    "content_name": "FTNT Q3 2014 Transcript",
    "file_type": "pdf",
    "content_type": "earnings_transcript",
    "published_date": "2014-10-22",
    "fiscal_date": "2014-10-22",
    "fiscal_year": 2014,
    "fiscal_quarter": 3,
    "r2_url": "https://pub-2c783279b61043e19fbdadd1bee5153a.r2.dev/FTNT/2014-10-22/Fortinet%2C%20Inc._2014-10-22_transcript/Fortinet%2C%20Inc._2014-10-22_transcript.pdf/Fortinet%2C%20Inc._2014-10-22_transcript.pdf",
    "periodicity": "periodic"
  },
  {
    "equity_ticker": "FTNT",
    "geography": "US",
    "content_name": "FTNT Q2 2014 Transcript",
    "file_type": "pdf",
    "content_type": "earnings_transcript",
    "published_date": "2014-07-24",
    "fiscal_date": "2014-07-24",
    "fiscal_year": 2014,
    "fiscal_quarter": 2,
    "r2_url": "https://pub-2c783279b61043e19fbdadd1bee5153a.r2.dev/FTNT/2014-07-24/Fortinet%2C%20Inc._2014-07-24_transcript/Fortinet%2C%20Inc._2014-07-24_transcript.pdf/Fortinet%2C%20Inc._2014-07-24_transcript.pdf",
    "periodicity": "periodic"
  },
  {
    "equity_ticker": "FTNT",
    "geography": "US",
    "content_name": "FTNT Q1 2014 Transcript",
    "file_type": "pdf",
    "content_type": "earnings_transcript",
    "published_date": "2014-04-26",
    "fiscal_date": "2014-04-26",
    "fiscal_year": 2014,
    "fiscal_quarter": 1,
    "r2_url": "https://pub-2c783279b61043e19fbdadd1bee5153a.r2.dev/FTNT/2014-04-26/Fortinet%2C%20Inc._2014-04-26_transcript/Fortinet%2C%20Inc._2014-04-26_transcript.pdf/Fortinet%2C%20Inc._2014-04-26_transcript.pdf",
    "periodicity": "periodic"
  },
  {
    "equity_ticker": "FTNT",
    "geography": "US",
    "content_name": "FTNT Q4 2013 Transcript",
    "file_type": "pdf",
    "content_type": "earnings_transcript",
    "published_date": "2014-01-29",
    "fiscal_date": "2014-01-29",
    "fiscal_year": 2013,
    "fiscal_quarter": 4,
    "r2_url": "https://pub-2c783279b61043e19fbdadd1bee5153a.r2.dev/FTNT/2014-01-29/Fortinet%2C%20Inc._2014-01-29_transcript/Fortinet%2C%20Inc._2014-01-29_transcript.pdf/Fortinet%2C%20Inc._2014-01-29_transcript.pdf",
    "periodicity": "periodic"
  },
  {
    "equity_ticker": "FTNT",
    "geography": "US",
    "content_name": "FTNT Q3 2013 Transcript",
    "file_type": "pdf",
    "content_type": "earnings_transcript",
    "published_date": "2013-10-23",
    "fiscal_date": "2013-10-23",
    "fiscal_year": 2013,
    "fiscal_quarter": 3,
    "r2_url": "https://pub-2c783279b61043e19fbdadd1bee5153a.r2.dev/FTNT/2013-10-23/Fortinet%2C%20Inc._2013-10-23_transcript/Fortinet%2C%20Inc._2013-10-23_transcript.pdf/Fortinet%2C%20Inc._2013-10-23_transcript.pdf",
    "periodicity": "periodic"
  },
  {
    "equity_ticker": "FTNT",
    "geography": "US",
    "content_name": "FTNT Q2 2013 Transcript",
    "file_type": "pdf",
    "content_type": "earnings_transcript",
    "published_date": "2013-07-30",
    "fiscal_date": "2013-07-30",
    "fiscal_year": 2013,
    "fiscal_quarter": 2,
    "r2_url": "https://pub-2c783279b61043e19fbdadd1bee5153a.r2.dev/FTNT/2013-07-30/Fortinet%2C%20Inc._2013-07-30_transcript/Fortinet%2C%20Inc._2013-07-30_transcript.pdf/Fortinet%2C%20Inc._2013-07-30_transcript.pdf",
    "periodicity": "periodic"
  },
  {
    "equity_ticker": "FTNT",
    "geography": "US",
    "content_name": "FTNT Q1 2013 Transcript",
    "file_type": "pdf",
    "content_type": "earnings_transcript",
    "published_date": "2013-04-30",
    "fiscal_date": "2013-04-30",
    "fiscal_year": 2013,
    "fiscal_quarter": 1,
    "r2_url": "https://pub-2c783279b61043e19fbdadd1bee5153a.r2.dev/FTNT/2013-04-30/Fortinet%2C%20Inc._2013-04-30_transcript/Fortinet%2C%20Inc._2013-04-30_transcript.pdf/Fortinet%2C%20Inc._2013-04-30_transcript.pdf",
    "periodicity": "periodic"
  },
  {
    "equity_ticker": "FTNT",
    "geography": "US",
    "content_name": "FTNT Q4 2012 Transcript",
    "file_type": "pdf",
    "content_type": "earnings_transcript",
    "published_date": "2013-01-30",
    "fiscal_date": "2013-01-30",
    "fiscal_year": 2012,
    "fiscal_quarter": 4,
    "r2_url": "https://pub-2c783279b61043e19fbdadd1bee5153a.r2.dev/FTNT/2013-01-30/Fortinet%2C%20Inc._2013-01-30_transcript/Fortinet%2C%20Inc._2013-01-30_transcript.pdf/Fortinet%2C%20Inc._2013-01-30_transcript.pdf",
    "periodicity": "periodic"
  },
  {
    "equity_ticker": "FTNT",
    "geography": "US",
    "content_name": "FTNT Q3 2012 Transcript",
    "file_type": "pdf",
    "content_type": "earnings_transcript",
    "published_date": "2012-10-17",
    "fiscal_date": "2012-10-17",
    "fiscal_year": 2012,
    "fiscal_quarter": 3,
    "r2_url": "https://pub-2c783279b61043e19fbdadd1bee5153a.r2.dev/FTNT/2012-10-17/Fortinet%2C%20Inc._2012-10-17_transcript/Fortinet%2C%20Inc._2012-10-17_transcript.pdf/Fortinet%2C%20Inc._2012-10-17_transcript.pdf",
    "periodicity": "periodic"
  },
  {
    "equity_ticker": "FTNT",
    "geography": "US",
    "content_name": "FTNT Q2 2012 Transcript",
    "file_type": "pdf",
    "content_type": "earnings_transcript",
    "published_date": "2012-07-26",
    "fiscal_date": "2012-07-26",
    "fiscal_year": 2012,
    "fiscal_quarter": 2,
    "r2_url": "https://pub-2c783279b61043e19fbdadd1bee5153a.r2.dev/FTNT/2012-07-26/Fortinet%2C%20Inc._2012-07-26_transcript/Fortinet%2C%20Inc._2012-07-26_transcript.pdf/Fortinet%2C%20Inc._2012-07-26_transcript.pdf",
    "periodicity": "periodic"
  },
  {
    "equity_ticker": "FTNT",
    "geography": "US",
    "content_name": "FTNT Q1 2012 Transcript",
    "file_type": "pdf",
    "content_type": "earnings_transcript",
    "published_date": "2012-04-24",
    "fiscal_date": "2012-04-24",
    "fiscal_year": 2012,
    "fiscal_quarter": 1,
    "r2_url": "https://pub-2c783279b61043e19fbdadd1bee5153a.r2.dev/FTNT/2012-04-24/Fortinet%2C%20Inc._2012-04-24_transcript/Fortinet%2C%20Inc._2012-04-24_transcript.pdf/Fortinet%2C%20Inc._2012-04-24_transcript.pdf",
    "periodicity": "periodic"
  },
  {
    "equity_ticker": "FTNT",
    "geography": "US",
    "content_name": "FTNT Q4 2011 Transcript",
    "file_type": "pdf",
    "content_type": "earnings_transcript",
    "published_date": "2012-02-01",
    "fiscal_date": "2012-02-01",
    "fiscal_year": 2011,
    "fiscal_quarter": 4,
    "r2_url": "https://pub-2c783279b61043e19fbdadd1bee5153a.r2.dev/FTNT/2012-02-01/Fortinet%2C%20Inc._2012-02-01_transcript/Fortinet%2C%20Inc._2012-02-01_transcript.pdf/Fortinet%2C%20Inc._2012-02-01_transcript.pdf",
    "periodicity": "periodic"
  },
  {
    "equity_ticker": "FTNT",
    "geography": "US",
    "content_name": "FTNT Q3 2011 Transcript",
    "file_type": "pdf",
    "content_type": "earnings_transcript",
    "published_date": "2011-10-25",
    "fiscal_date": "2011-10-25",
    "fiscal_year": 2011,
    "fiscal_quarter": 3,
    "r2_url": "https://pub-2c783279b61043e19fbdadd1bee5153a.r2.dev/FTNT/2011-10-25/Fortinet%2C%20Inc._2011-10-25_transcript/Fortinet%2C%20Inc._2011-10-25_transcript.pdf/Fortinet%2C%20Inc._2011-10-25_transcript.pdf",
    "periodicity": "periodic"
  },
  {
    "equity_ticker": "FTNT",
    "geography": "US",
    "content_name": "FTNT Q2 2011 Transcript",
    "file_type": "pdf",
    "content_type": "earnings_transcript",
    "published_date": "2011-07-20",
    "fiscal_date": "2011-07-20",
    "fiscal_year": 2011,
    "fiscal_quarter": 2,
    "r2_url": "https://pub-2c783279b61043e19fbdadd1bee5153a.r2.dev/FTNT/2011-07-20/Fortinet%2C%20Inc._2011-07-20_transcript/Fortinet%2C%20Inc._2011-07-20_transcript.pdf/Fortinet%2C%20Inc._2011-07-20_transcript.pdf",
    "periodicity": "periodic"
  }
]