[
    {
        "equity_ticker": "GLOB",
        "geography": "US",
        "content_name": "GLOB Q4 2024 Transcript",
        "file_type": "pdf",
        "content_type": "earnings_transcript",
        "published_date": "2025-02-20",
        "fiscal_date": "2025-02-20",
        "fiscal_year": 2024,
        "fiscal_quarter": 4,
        "r2_url": "https://pub-2c783279b61043e19fbdadd1bee5153a.r2.dev/GLOB/2025-02-20/Globant%20S.A._2025-02-20_transcript/Globant%20S.A._2025-02-20_transcript.pdf/Globant%20S.A._2025-02-20_transcript.pdf",
        "periodicity": "periodic"
    },
    {
        "equity_ticker": "GLOB",
        "geography": "US",
        "content_name": "GLOB Q4 2024 Press Release",
        "file_type": "pdf",
        "content_type": "earnings_press_release",
        "published_date": "2025-02-20",
        "fiscal_date": "2025-02-20",
        "fiscal_year": 2024,
        "fiscal_quarter": 4,
        "r2_url": "https://pub-2c783279b61043e19fbdadd1bee5153a.r2.dev/GLOB/2025-02-20/236b8-2025-02-20-09-46-37/236b8-2025-02-20-09-46-37.pdf/236b8-2025-02-20-09-46-37.pdf",
        "periodicity": "periodic"
    },
    {
        "equity_ticker": "GLOB",
        "geography": "US",
        "content_name": "GLOB Q3 2024 Transcript",
        "file_type": "pdf",
        "content_type": "earnings_transcript",
        "published_date": "2024-11-14",
        "fiscal_date": "2024-11-14",
        "fiscal_year": 2024,
        "fiscal_quarter": 3,
        "r2_url": "https://pub-2c783279b61043e19fbdadd1bee5153a.r2.dev/GLOB/2024-11-14/Globant%20S.A._2024-11-14_transcript/Globant%20S.A._2024-11-14_transcript.pdf/Globant%20S.A._2024-11-14_transcript.pdf",
        "periodicity": "periodic"
    },
    {
        "equity_ticker": "GLOB",
        "geography": "US",
        "content_name": "GLOB Q3 2024 Press Release",
        "file_type": "pdf",
        "content_type": "earnings_press_release",
        "published_date": "2024-11-14",
        "fiscal_date": "2024-11-14",
        "fiscal_year": 2024,
        "fiscal_quarter": 3,
        "r2_url": "https://pub-2c783279b61043e19fbdadd1bee5153a.r2.dev/GLOB/2024-11-14/9a28d-2024-11-14-11-52-54/9a28d-2024-11-14-11-52-54.pdf/9a28d-2024-11-14-11-52-54.pdf",
        "periodicity": "periodic"
    },
    {
        "equity_ticker": "GLOB",
        "geography": "US",
        "content_name": "GLOB Q2 2024 Transcript",
        "file_type": "pdf",
        "content_type": "earnings_transcript",
        "published_date": "2024-08-15",
        "fiscal_date": "2024-08-15",
        "fiscal_year": 2024,
        "fiscal_quarter": 2,
        "r2_url": "https://pub-2c783279b61043e19fbdadd1bee5153a.r2.dev/GLOB/2024-08-15/Globant%20S.A._2024-08-15_transcript/Globant%20S.A._2024-08-15_transcript.pdf/Globant%20S.A._2024-08-15_transcript.pdf",
        "periodicity": "periodic"
    },
    {
        "equity_ticker": "GLOB",
        "geography": "US",
        "content_name": "GLOB Q2 2024 Press Release",
        "file_type": "pdf",
        "content_type": "earnings_press_release",
        "published_date": "2024-08-15",
        "fiscal_date": "2024-08-15",
        "fiscal_year": 2024,
        "fiscal_quarter": 2,
        "r2_url": "https://pub-2c783279b61043e19fbdadd1bee5153a.r2.dev/GLOB/2024-08-15/7d487-2024-08-15-09-21-52/7d487-2024-08-15-09-21-52.pdf/7d487-2024-08-15-09-21-52.pdf",
        "periodicity": "periodic"
    },
    {
        "equity_ticker": "GLOB",
        "geography": "US",
        "content_name": "GLOB Q1 2024 Transcript",
        "file_type": "pdf",
        "content_type": "earnings_transcript",
        "published_date": "2024-05-16",
        "fiscal_date": "2024-05-16",
        "fiscal_year": 2024,
        "fiscal_quarter": 1,
        "r2_url": "https://pub-2c783279b61043e19fbdadd1bee5153a.r2.dev/GLOB/2024-05-16/Globant%20S.A._2024-05-16_transcript/Globant%20S.A._2024-05-16_transcript.pdf/Globant%20S.A._2024-05-16_transcript.pdf",
        "periodicity": "periodic"
    },
    {
        "equity_ticker": "GLOB",
        "geography": "US",
        "content_name": "GLOB Q1 2024 Press Release",
        "file_type": "pdf",
        "content_type": "earnings_press_release",
        "published_date": "2024-05-16",
        "fiscal_date": "2024-05-16",
        "fiscal_year": 2024,
        "fiscal_quarter": 1,
        "r2_url": "https://pub-2c783279b61043e19fbdadd1bee5153a.r2.dev/GLOB/2024-05-16/dd913-2024-05-17-06-50-43/dd913-2024-05-17-06-50-43.pdf/dd913-2024-05-17-06-50-43.pdf",
        "periodicity": "periodic"
    },
    {
        "equity_ticker": "GLOB",
        "geography": "US",
        "content_name": "GLOB Q4 2023 Transcript",
        "file_type": "pdf",
        "content_type": "earnings_transcript",
        "published_date": "2024-02-15",
        "fiscal_date": "2024-02-15",
        "fiscal_year": 2023,
        "fiscal_quarter": 4,
        "r2_url": "https://pub-2c783279b61043e19fbdadd1bee5153a.r2.dev/GLOB/2024-02-15/Globant%20S.A._2024-02-15_transcript/Globant%20S.A._2024-02-15_transcript.pdf/Globant%20S.A._2024-02-15_transcript.pdf",
        "periodicity": "periodic"
    },
    {
        "equity_ticker": "GLOB",
        "geography": "US",
        "content_name": "GLOB Q4 2023 Press Release",
        "file_type": "pdf",
        "content_type": "earnings_press_release",
        "published_date": "2024-02-15",
        "fiscal_date": "2024-02-15",
        "fiscal_year": 2023,
        "fiscal_quarter": 4,
        "r2_url": "https://pub-2c783279b61043e19fbdadd1bee5153a.r2.dev/GLOB/2024-02-15/32c66-2024-03-05-09-54-56/32c66-2024-03-05-09-54-56.pdf/32c66-2024-03-05-09-54-56.pdf",
        "periodicity": "periodic"
    },
    {
        "equity_ticker": "GLOB",
        "geography": "US",
        "content_name": "GLOB Q3 2023 Transcript",
        "file_type": "pdf",
        "content_type": "earnings_transcript",
        "published_date": "2023-11-16",
        "fiscal_date": "2023-11-16",
        "fiscal_year": 2023,
        "fiscal_quarter": 3,
        "r2_url": "https://pub-2c783279b61043e19fbdadd1bee5153a.r2.dev/GLOB/2023-11-16/Globant%20S.A._2023-11-16_transcript/Globant%20S.A._2023-11-16_transcript.pdf/Globant%20S.A._2023-11-16_transcript.pdf",
        "periodicity": "periodic"
    },
    {
        "equity_ticker": "GLOB",
        "geography": "US",
        "content_name": "GLOB Q3 2023 Press Release",
        "file_type": "pdf",
        "content_type": "earnings_press_release",
        "published_date": "2023-11-16",
        "fiscal_date": "2023-11-16",
        "fiscal_year": 2023,
        "fiscal_quarter": 3,
        "r2_url": "https://pub-2c783279b61043e19fbdadd1bee5153a.r2.dev/GLOB/2023-11-16/c3923-2023-11-16-10-10-10/c3923-2023-11-16-10-10-10.pdf/c3923-2023-11-16-10-10-10.pdf",
        "periodicity": "periodic"
    },
    {
        "equity_ticker": "GLOB",
        "geography": "US",
        "content_name": "GLOB Q2 2023 Transcript",
        "file_type": "pdf",
        "content_type": "earnings_transcript",
        "published_date": "2023-08-17",
        "fiscal_date": "2023-08-17",
        "fiscal_year": 2023,
        "fiscal_quarter": 2,
        "r2_url": "https://pub-2c783279b61043e19fbdadd1bee5153a.r2.dev/GLOB/2023-08-17/Globant%20S.A._2023-08-17_transcript/Globant%20S.A._2023-08-17_transcript.pdf/Globant%20S.A._2023-08-17_transcript.pdf",
        "periodicity": "periodic"
    },
    {
        "equity_ticker": "GLOB",
        "geography": "US",
        "content_name": "GLOB Q2 2023 Press Release",
        "file_type": "pdf",
        "content_type": "earnings_press_release",
        "published_date": "2023-08-17",
        "fiscal_date": "2023-08-17",
        "fiscal_year": 2023,
        "fiscal_quarter": 2,
        "r2_url": "https://pub-2c783279b61043e19fbdadd1bee5153a.r2.dev/GLOB/2023-08-17/fb5ea-2025-03-08-01-10-58/fb5ea-2025-03-08-01-10-58.pdf/fb5ea-2025-03-08-01-10-58.pdf",
        "periodicity": "periodic"
    },
    {
        "equity_ticker": "GLOB",
        "geography": "US",
        "content_name": "GLOB Q1 2023 Transcript",
        "file_type": "pdf",
        "content_type": "earnings_transcript",
        "published_date": "2023-05-18",
        "fiscal_date": "2023-05-18",
        "fiscal_year": 2023,
        "fiscal_quarter": 1,
        "r2_url": "https://pub-2c783279b61043e19fbdadd1bee5153a.r2.dev/GLOB/2023-05-18/Globant%20S.A._2023-05-18_transcript/Globant%20S.A._2023-05-18_transcript.pdf/Globant%20S.A._2023-05-18_transcript.pdf",
        "periodicity": "periodic"
    },
    {
        "equity_ticker": "GLOB",
        "geography": "US",
        "content_name": "GLOB Q1 2023 Press Release",
        "file_type": "pdf",
        "content_type": "earnings_press_release",
        "published_date": "2023-05-18",
        "fiscal_date": "2023-05-18",
        "fiscal_year": 2023,
        "fiscal_quarter": 1,
        "r2_url": "https://pub-2c783279b61043e19fbdadd1bee5153a.r2.dev/GLOB/2023-05-18/b967b-2025-03-08-01-27-57/b967b-2025-03-08-01-27-57.pdf/b967b-2025-03-08-01-27-57.pdf",
        "periodicity": "periodic"
    },
    {
        "equity_ticker": "GLOB",
        "geography": "US",
        "content_name": "GLOB Q4 2022 Transcript",
        "file_type": "pdf",
        "content_type": "earnings_transcript",
        "published_date": "2023-02-16",
        "fiscal_date": "2023-02-16",
        "fiscal_year": 2022,
        "fiscal_quarter": 4,
        "r2_url": "https://pub-2c783279b61043e19fbdadd1bee5153a.r2.dev/GLOB/2023-02-16/Globant%20S.A._2023-02-16_transcript/Globant%20S.A._2023-02-16_transcript.pdf/Globant%20S.A._2023-02-16_transcript.pdf",
        "periodicity": "periodic"
    },
    {
        "equity_ticker": "GLOB",
        "geography": "US",
        "content_name": "GLOB Q4 2022 Press Release",
        "file_type": "pdf",
        "content_type": "earnings_press_release",
        "published_date": "2023-02-16",
        "fiscal_date": "2023-02-16",
        "fiscal_year": 2022,
        "fiscal_quarter": 4,
        "r2_url": "https://pub-2c783279b61043e19fbdadd1bee5153a.r2.dev/GLOB/2023-02-16/f6c9c-2025-03-08-01-42-56/f6c9c-2025-03-08-01-42-56.pdf/f6c9c-2025-03-08-01-42-56.pdf",
        "periodicity": "periodic"
    },
    {
        "equity_ticker": "GLOB",
        "geography": "US",
        "content_name": "GLOB Q3 2022 Transcript",
        "file_type": "pdf",
        "content_type": "earnings_transcript",
        "published_date": "2022-11-17",
        "fiscal_date": "2022-11-17",
        "fiscal_year": 2022,
        "fiscal_quarter": 3,
        "r2_url": "https://pub-2c783279b61043e19fbdadd1bee5153a.r2.dev/GLOB/2022-11-17/Globant%20S.A._2022-11-17_transcript/Globant%20S.A._2022-11-17_transcript.pdf/Globant%20S.A._2022-11-17_transcript.pdf",
        "periodicity": "periodic"
    },
    {
        "equity_ticker": "GLOB",
        "geography": "US",
        "content_name": "GLOB Q3 2022 Press Release",
        "file_type": "pdf",
        "content_type": "earnings_press_release",
        "published_date": "2022-11-17",
        "fiscal_date": "2022-11-17",
        "fiscal_year": 2022,
        "fiscal_quarter": 3,
        "r2_url": "https://pub-2c783279b61043e19fbdadd1bee5153a.r2.dev/GLOB/2022-11-17/32327-2025-03-08-01-06-55/32327-2025-03-08-01-06-55.pdf/32327-2025-03-08-01-06-55.pdf",
        "periodicity": "periodic"
    },
    {
        "equity_ticker": "GLOB",
        "geography": "US",
        "content_name": "GLOB Q2 2022 Transcript",
        "file_type": "pdf",
        "content_type": "earnings_transcript",
        "published_date": "2022-08-18",
        "fiscal_date": "2022-08-18",
        "fiscal_year": 2022,
        "fiscal_quarter": 2,
        "r2_url": "https://pub-2c783279b61043e19fbdadd1bee5153a.r2.dev/GLOB/2022-08-18/Globant%20S.A._2022-08-18_transcript/Globant%20S.A._2022-08-18_transcript.pdf/Globant%20S.A._2022-08-18_transcript.pdf",
        "periodicity": "periodic"
    },
    {
        "equity_ticker": "GLOB",
        "geography": "US",
        "content_name": "GLOB Q2 2022 Press Release",
        "file_type": "pdf",
        "content_type": "earnings_press_release",
        "published_date": "2022-08-18",
        "fiscal_date": "2022-08-18",
        "fiscal_year": 2022,
        "fiscal_quarter": 2,
        "r2_url": "https://pub-2c783279b61043e19fbdadd1bee5153a.r2.dev/GLOB/2022-08-18/3972b-2025-03-08-01-15-53/3972b-2025-03-08-01-15-53.pdf/3972b-2025-03-08-01-15-53.pdf",
        "periodicity": "periodic"
    },
    {
        "equity_ticker": "GLOB",
        "geography": "US",
        "content_name": "GLOB Q1 2022 Transcript",
        "file_type": "pdf",
        "content_type": "earnings_transcript",
        "published_date": "2022-05-19",
        "fiscal_date": "2022-05-19",
        "fiscal_year": 2022,
        "fiscal_quarter": 1,
        "r2_url": "https://pub-2c783279b61043e19fbdadd1bee5153a.r2.dev/GLOB/2022-05-19/Globant%20S.A._2022-05-19_transcript/Globant%20S.A._2022-05-19_transcript.pdf/Globant%20S.A._2022-05-19_transcript.pdf",
        "periodicity": "periodic"
    },
    {
        "equity_ticker": "GLOB",
        "geography": "US",
        "content_name": "GLOB Q1 2022 Press Release",
        "file_type": "pdf",
        "content_type": "earnings_press_release",
        "published_date": "2022-05-19",
        "fiscal_date": "2022-05-19",
        "fiscal_year": 2022,
        "fiscal_quarter": 1,
        "r2_url": "https://pub-2c783279b61043e19fbdadd1bee5153a.r2.dev/GLOB/2022-05-19/379c2-2025-03-08-01-47-50/379c2-2025-03-08-01-47-50.pdf/379c2-2025-03-08-01-47-50.pdf",
        "periodicity": "periodic"
    },
    {
        "equity_ticker": "GLOB",
        "geography": "US",
        "content_name": "GLOB Q4 2021 Transcript",
        "file_type": "pdf",
        "content_type": "earnings_transcript",
        "published_date": "2022-02-17",
        "fiscal_date": "2022-02-17",
        "fiscal_year": 2021,
        "fiscal_quarter": 4,
        "r2_url": "https://pub-2c783279b61043e19fbdadd1bee5153a.r2.dev/GLOB/2022-02-17/Globant%20S.A._2022-02-17_transcript/Globant%20S.A._2022-02-17_transcript.pdf/Globant%20S.A._2022-02-17_transcript.pdf",
        "periodicity": "periodic"
    },
    {
        "equity_ticker": "GLOB",
        "geography": "US",
        "content_name": "GLOB Q4 2021 Press Release",
        "file_type": "pdf",
        "content_type": "earnings_press_release",
        "published_date": "2022-02-17",
        "fiscal_date": "2022-02-17",
        "fiscal_year": 2021,
        "fiscal_quarter": 4,
        "r2_url": "https://pub-2c783279b61043e19fbdadd1bee5153a.r2.dev/GLOB/2022-02-17/35950-2025-03-08-01-04-49/35950-2025-03-08-01-04-49.pdf/35950-2025-03-08-01-04-49.pdf",
        "periodicity": "periodic"
    },
    {
        "equity_ticker": "GLOB",
        "geography": "US",
        "content_name": "GLOB Q3 2021 Transcript",
        "file_type": "pdf",
        "content_type": "earnings_transcript",
        "published_date": "2021-11-18",
        "fiscal_date": "2021-11-18",
        "fiscal_year": 2021,
        "fiscal_quarter": 3,
        "r2_url": "https://pub-2c783279b61043e19fbdadd1bee5153a.r2.dev/GLOB/2021-11-18/Globant%20S.A._2021-11-18_transcript/Globant%20S.A._2021-11-18_transcript.pdf/Globant%20S.A._2021-11-18_transcript.pdf",
        "periodicity": "periodic"
    },
    {
        "equity_ticker": "GLOB",
        "geography": "US",
        "content_name": "GLOB Q3 2021 Press Release",
        "file_type": "pdf",
        "content_type": "earnings_press_release",
        "published_date": "2021-11-18",
        "fiscal_date": "2021-11-18",
        "fiscal_year": 2021,
        "fiscal_quarter": 3,
        "r2_url": "https://pub-2c783279b61043e19fbdadd1bee5153a.r2.dev/GLOB/2021-11-18/dd9b3-2025-03-08-01-09-48/dd9b3-2025-03-08-01-09-48.pdf/dd9b3-2025-03-08-01-09-48.pdf",
        "periodicity": "periodic"
    },
    {
        "equity_ticker": "GLOB",
        "geography": "US",
        "content_name": "GLOB Q2 2021 Transcript",
        "file_type": "pdf",
        "content_type": "earnings_transcript",
        "published_date": "2021-08-12",
        "fiscal_date": "2021-08-12",
        "fiscal_year": 2021,
        "fiscal_quarter": 2,
        "r2_url": "https://pub-2c783279b61043e19fbdadd1bee5153a.r2.dev/GLOB/2021-08-12/Globant%20S.A._2021-08-12_transcript/Globant%20S.A._2021-08-12_transcript.pdf/Globant%20S.A._2021-08-12_transcript.pdf",
        "periodicity": "periodic"
    },
    {
        "equity_ticker": "GLOB",
        "geography": "US",
        "content_name": "GLOB Q2 2021 Press Release",
        "file_type": "pdf",
        "content_type": "earnings_press_release",
        "published_date": "2021-08-12",
        "fiscal_date": "2021-08-12",
        "fiscal_year": 2021,
        "fiscal_quarter": 2,
        "r2_url": "https://pub-2c783279b61043e19fbdadd1bee5153a.r2.dev/GLOB/2021-08-12/af49e-2025-03-08-01-18-47/af49e-2025-03-08-01-18-47.pdf/af49e-2025-03-08-01-18-47.pdf",
        "periodicity": "periodic"
    },
    {
        "equity_ticker": "GLOB",
        "geography": "US",
        "content_name": "GLOB Q2 2021 Presentation",
        "file_type": "pdf",
        "content_type": "earnings_presentation",
        "published_date": "2021-08-12",
        "fiscal_date": "2021-08-12",
        "fiscal_year": 2021,
        "fiscal_quarter": 2,
        "r2_url": "https://pub-2c783279b61043e19fbdadd1bee5153a.r2.dev/GLOB/2021-08-12/ed876-2021-08-12-12-00-00-migrated/ed876-2021-08-12-12-00-00-migrated.pdf/ed876-2021-08-12-12-00-00-migrated.pdf",
        "periodicity": "periodic"
    },
    {
        "equity_ticker": "GLOB",
        "geography": "US",
        "content_name": "GLOB Q1 2021 Transcript",
        "file_type": "pdf",
        "content_type": "earnings_transcript",
        "published_date": "2021-05-13",
        "fiscal_date": "2021-05-13",
        "fiscal_year": 2021,
        "fiscal_quarter": 1,
        "r2_url": "https://pub-2c783279b61043e19fbdadd1bee5153a.r2.dev/GLOB/2021-05-13/Globant%20S.A._2021-05-13_transcript/Globant%20S.A._2021-05-13_transcript.pdf/Globant%20S.A._2021-05-13_transcript.pdf",
        "periodicity": "periodic"
    },
    {
        "equity_ticker": "GLOB",
        "geography": "US",
        "content_name": "GLOB Q1 2021 Press Release",
        "file_type": "pdf",
        "content_type": "earnings_press_release",
        "published_date": "2021-05-13",
        "fiscal_date": "2021-05-13",
        "fiscal_year": 2021,
        "fiscal_quarter": 1,
        "r2_url": "https://pub-2c783279b61043e19fbdadd1bee5153a.r2.dev/GLOB/2021-05-13/4163a-2024-05-10-09-56-07/4163a-2024-05-10-09-56-07.pdf/4163a-2024-05-10-09-56-07.pdf",
        "periodicity": "periodic"
    },
    {
        "equity_ticker": "GLOB",
        "geography": "US",
        "content_name": "GLOB Q1 2021 Presentation",
        "file_type": "pdf",
        "content_type": "earnings_presentation",
        "published_date": "2021-05-13",
        "fiscal_date": "2021-05-13",
        "fiscal_year": 2021,
        "fiscal_quarter": 1,
        "r2_url": "https://pub-2c783279b61043e19fbdadd1bee5153a.r2.dev/GLOB/2021-05-13/3d4e5-2024-05-10-09-58-07/3d4e5-2024-05-10-09-58-07.pdf/3d4e5-2024-05-10-09-58-07.pdf",
        "periodicity": "periodic"
    },
    {
        "equity_ticker": "GLOB",
        "geography": "US",
        "content_name": "GLOB Q4 2020 Transcript",
        "file_type": "pdf",
        "content_type": "earnings_transcript",
        "published_date": "2021-02-18",
        "fiscal_date": "2021-02-18",
        "fiscal_year": 2020,
        "fiscal_quarter": 4,
        "r2_url": "https://pub-2c783279b61043e19fbdadd1bee5153a.r2.dev/GLOB/2021-02-18/Globant%20S.A._2021-02-18_transcript/Globant%20S.A._2021-02-18_transcript.pdf/Globant%20S.A._2021-02-18_transcript.pdf",
        "periodicity": "periodic"
    },
    {
        "equity_ticker": "GLOB",
        "geography": "US",
        "content_name": "GLOB Q4 2020 Press Release",
        "file_type": "pdf",
        "content_type": "earnings_press_release",
        "published_date": "2021-02-18",
        "fiscal_date": "2021-02-18",
        "fiscal_year": 2020,
        "fiscal_quarter": 4,
        "r2_url": "https://pub-2c783279b61043e19fbdadd1bee5153a.r2.dev/GLOB/2021-02-18/b8c37-2024-05-10-09-23-09/b8c37-2024-05-10-09-23-09.pdf/b8c37-2024-05-10-09-23-09.pdf",
        "periodicity": "periodic"
    },
    {
        "equity_ticker": "GLOB",
        "geography": "US",
        "content_name": "GLOB Q3 2020 Transcript",
        "file_type": "pdf",
        "content_type": "earnings_transcript",
        "published_date": "2020-11-12",
        "fiscal_date": "2020-11-12",
        "fiscal_year": 2020,
        "fiscal_quarter": 3,
        "r2_url": "https://pub-2c783279b61043e19fbdadd1bee5153a.r2.dev/GLOB/2020-11-12/Globant%20S.A._2020-11-12_transcript/Globant%20S.A._2020-11-12_transcript.pdf/Globant%20S.A._2020-11-12_transcript.pdf",
        "periodicity": "periodic"
    },
    {
        "equity_ticker": "GLOB",
        "geography": "US",
        "content_name": "GLOB Q3 2020 Press Release",
        "file_type": "pdf",
        "content_type": "earnings_press_release",
        "published_date": "2020-11-12",
        "fiscal_date": "2020-11-12",
        "fiscal_year": 2020,
        "fiscal_quarter": 3,
        "r2_url": "https://pub-2c783279b61043e19fbdadd1bee5153a.r2.dev/GLOB/2020-11-12/65b53-2024-05-10-09-16-11/65b53-2024-05-10-09-16-11.pdf/65b53-2024-05-10-09-16-11.pdf",
        "periodicity": "periodic"
    },
    {
        "equity_ticker": "GLOB",
        "geography": "US",
        "content_name": "GLOB Q2 2020 Transcript",
        "file_type": "pdf",
        "content_type": "earnings_transcript",
        "published_date": "2020-08-13",
        "fiscal_date": "2020-08-13",
        "fiscal_year": 2020,
        "fiscal_quarter": 2,
        "r2_url": "https://pub-2c783279b61043e19fbdadd1bee5153a.r2.dev/GLOB/2020-08-13/Globant%20S.A._2020-08-13_transcript/Globant%20S.A._2020-08-13_transcript.pdf/Globant%20S.A._2020-08-13_transcript.pdf",
        "periodicity": "periodic"
    },
    {
        "equity_ticker": "GLOB",
        "geography": "US",
        "content_name": "GLOB Q2 2020 Press Release",
        "file_type": "pdf",
        "content_type": "earnings_press_release",
        "published_date": "2020-08-13",
        "fiscal_date": "2020-08-13",
        "fiscal_year": 2020,
        "fiscal_quarter": 2,
        "r2_url": "https://pub-2c783279b61043e19fbdadd1bee5153a.r2.dev/GLOB/2020-08-13/2ebf5-2024-05-10-09-50-12/2ebf5-2024-05-10-09-50-12.pdf/2ebf5-2024-05-10-09-50-12.pdf",
        "periodicity": "periodic"
    },
    {
        "equity_ticker": "GLOB",
        "geography": "US",
        "content_name": "GLOB Q1 2020 Transcript",
        "file_type": "pdf",
        "content_type": "earnings_transcript",
        "published_date": "2020-05-14",
        "fiscal_date": "2020-05-14",
        "fiscal_year": 2020,
        "fiscal_quarter": 1,
        "r2_url": "https://pub-2c783279b61043e19fbdadd1bee5153a.r2.dev/GLOB/2020-05-14/Globant%20S.A._2020-05-14_transcript/Globant%20S.A._2020-05-14_transcript.pdf/Globant%20S.A._2020-05-14_transcript.pdf",
        "periodicity": "periodic"
    },
    {
        "equity_ticker": "GLOB",
        "geography": "US",
        "content_name": "GLOB Q1 2020 Press Release",
        "file_type": "pdf",
        "content_type": "earnings_press_release",
        "published_date": "2020-05-14",
        "fiscal_date": "2020-05-14",
        "fiscal_year": 2020,
        "fiscal_quarter": 1,
        "r2_url": "https://pub-2c783279b61043e19fbdadd1bee5153a.r2.dev/GLOB/2020-05-14/d6949-2024-05-10-09-08-14/d6949-2024-05-10-09-08-14.pdf/d6949-2024-05-10-09-08-14.pdf",
        "periodicity": "periodic"
    },
    {
        "equity_ticker": "GLOB",
        "geography": "US",
        "content_name": "GLOB Q4 2019 Transcript",
        "file_type": "pdf",
        "content_type": "earnings_transcript",
        "published_date": "2020-02-20",
        "fiscal_date": "2020-02-20",
        "fiscal_year": 2019,
        "fiscal_quarter": 4,
        "r2_url": "https://pub-2c783279b61043e19fbdadd1bee5153a.r2.dev/GLOB/2020-02-20/Globant%20S.A._2020-02-20_transcript/Globant%20S.A._2020-02-20_transcript.pdf/Globant%20S.A._2020-02-20_transcript.pdf",
        "periodicity": "periodic"
    },
    {
        "equity_ticker": "GLOB",
        "geography": "US",
        "content_name": "GLOB Q4 2019 Press Release",
        "file_type": "pdf",
        "content_type": "earnings_press_release",
        "published_date": "2020-02-20",
        "fiscal_date": "2020-02-20",
        "fiscal_year": 2019,
        "fiscal_quarter": 4,
        "r2_url": "https://pub-2c783279b61043e19fbdadd1bee5153a.r2.dev/GLOB/2020-02-20/c0d9a-2024-05-10-09-56-22/c0d9a-2024-05-10-09-56-22.pdf/c0d9a-2024-05-10-09-56-22.pdf",
        "periodicity": "periodic"
    },
    {
        "equity_ticker": "GLOB",
        "geography": "US",
        "content_name": "GLOB Q3 2019 Transcript",
        "file_type": "pdf",
        "content_type": "earnings_transcript",
        "published_date": "2019-11-14",
        "fiscal_date": "2019-11-14",
        "fiscal_year": 2019,
        "fiscal_quarter": 3,
        "r2_url": "https://pub-2c783279b61043e19fbdadd1bee5153a.r2.dev/GLOB/2019-11-14/Globant%20S.A._2019-11-14_transcript/Globant%20S.A._2019-11-14_transcript.pdf/Globant%20S.A._2019-11-14_transcript.pdf",
        "periodicity": "periodic"
    },
    {
        "equity_ticker": "GLOB",
        "geography": "US",
        "content_name": "GLOB Q3 2019 Press Release",
        "file_type": "pdf",
        "content_type": "earnings_press_release",
        "published_date": "2019-11-14",
        "fiscal_date": "2019-11-14",
        "fiscal_year": 2019,
        "fiscal_quarter": 3,
        "r2_url": "https://pub-2c783279b61043e19fbdadd1bee5153a.r2.dev/GLOB/2019-11-14/83731-2024-05-10-09-25-24/83731-2024-05-10-09-25-24.pdf/83731-2024-05-10-09-25-24.pdf",
        "periodicity": "periodic"
    },
    {
        "equity_ticker": "GLOB",
        "geography": "US",
        "content_name": "GLOB Q2 2019 Transcript",
        "file_type": "pdf",
        "content_type": "earnings_transcript",
        "published_date": "2019-08-15",
        "fiscal_date": "2019-08-15",
        "fiscal_year": 2019,
        "fiscal_quarter": 2,
        "r2_url": "https://pub-2c783279b61043e19fbdadd1bee5153a.r2.dev/GLOB/2019-08-15/Globant%20S.A._2019-08-15_transcript/Globant%20S.A._2019-08-15_transcript.pdf/Globant%20S.A._2019-08-15_transcript.pdf",
        "periodicity": "periodic"
    },
    {
        "equity_ticker": "GLOB",
        "geography": "US",
        "content_name": "GLOB Q2 2019 Press Release",
        "file_type": "pdf",
        "content_type": "earnings_press_release",
        "published_date": "2019-08-15",
        "fiscal_date": "2019-08-15",
        "fiscal_year": 2019,
        "fiscal_quarter": 2,
        "r2_url": "https://pub-2c783279b61043e19fbdadd1bee5153a.r2.dev/GLOB/2019-08-15/c34f8-2024-05-10-09-50-25/c34f8-2024-05-10-09-50-25.pdf/c34f8-2024-05-10-09-50-25.pdf",
        "periodicity": "periodic"
    },
    {
        "equity_ticker": "GLOB",
        "geography": "US",
        "content_name": "GLOB Q1 2019 Transcript",
        "file_type": "pdf",
        "content_type": "earnings_transcript",
        "published_date": "2019-05-09",
        "fiscal_date": "2019-05-09",
        "fiscal_year": 2019,
        "fiscal_quarter": 1,
        "r2_url": "https://pub-2c783279b61043e19fbdadd1bee5153a.r2.dev/GLOB/2019-05-09/Globant%20S.A._2019-05-09_transcript/Globant%20S.A._2019-05-09_transcript.pdf/Globant%20S.A._2019-05-09_transcript.pdf",
        "periodicity": "periodic"
    },
    {
        "equity_ticker": "GLOB",
        "geography": "US",
        "content_name": "GLOB Q1 2019 Press Release",
        "file_type": "pdf",
        "content_type": "earnings_press_release",
        "published_date": "2019-05-09",
        "fiscal_date": "2019-05-09",
        "fiscal_year": 2019,
        "fiscal_quarter": 1,
        "r2_url": "https://pub-2c783279b61043e19fbdadd1bee5153a.r2.dev/GLOB/2019-05-09/c122a-2024-05-10-09-09-27/c122a-2024-05-10-09-09-27.pdf/c122a-2024-05-10-09-09-27.pdf",
        "periodicity": "periodic"
    },
    {
        "equity_ticker": "GLOB",
        "geography": "US",
        "content_name": "GLOB Q4 2018 Transcript",
        "file_type": "pdf",
        "content_type": "earnings_transcript",
        "published_date": "2019-02-14",
        "fiscal_date": "2019-02-14",
        "fiscal_year": 2018,
        "fiscal_quarter": 4,
        "r2_url": "https://pub-2c783279b61043e19fbdadd1bee5153a.r2.dev/GLOB/2019-02-14/Globant%20S.A._2019-02-14_transcript/Globant%20S.A._2019-02-14_transcript.pdf/Globant%20S.A._2019-02-14_transcript.pdf",
        "periodicity": "periodic"
    },
    {
        "equity_ticker": "GLOB",
        "geography": "US",
        "content_name": "GLOB Q4 2018 Press Release",
        "file_type": "pdf",
        "content_type": "earnings_press_release",
        "published_date": "2019-02-14",
        "fiscal_date": "2019-02-14",
        "fiscal_year": 2018,
        "fiscal_quarter": 4,
        "r2_url": "https://pub-2c783279b61043e19fbdadd1bee5153a.r2.dev/GLOB/2019-02-14/e1724-2024-05-10-09-38-28/e1724-2024-05-10-09-38-28.pdf/e1724-2024-05-10-09-38-28.pdf",
        "periodicity": "periodic"
    },
    {
        "equity_ticker": "GLOB",
        "geography": "US",
        "content_name": "GLOB Q3 2018 Transcript",
        "file_type": "pdf",
        "content_type": "earnings_transcript",
        "published_date": "2018-11-15",
        "fiscal_date": "2018-11-15",
        "fiscal_year": 2018,
        "fiscal_quarter": 3,
        "r2_url": "https://pub-2c783279b61043e19fbdadd1bee5153a.r2.dev/GLOB/2018-11-15/Globant%20S.A._2018-11-15_transcript/Globant%20S.A._2018-11-15_transcript.pdf/Globant%20S.A._2018-11-15_transcript.pdf",
        "periodicity": "periodic"
    },
    {
        "equity_ticker": "GLOB",
        "geography": "US",
        "content_name": "GLOB Q3 2018 Press Release",
        "file_type": "pdf",
        "content_type": "earnings_press_release",
        "published_date": "2018-11-15",
        "fiscal_date": "2018-11-15",
        "fiscal_year": 2018,
        "fiscal_quarter": 3,
        "r2_url": "https://pub-2c783279b61043e19fbdadd1bee5153a.r2.dev/GLOB/2018-11-15/6e6a7-2024-05-10-09-14-30/6e6a7-2024-05-10-09-14-30.pdf/6e6a7-2024-05-10-09-14-30.pdf",
        "periodicity": "periodic"
    },
    {
        "equity_ticker": "GLOB",
        "geography": "US",
        "content_name": "GLOB Q2 2018 Transcript",
        "file_type": "pdf",
        "content_type": "earnings_transcript",
        "published_date": "2018-08-23",
        "fiscal_date": "2018-08-23",
        "fiscal_year": 2018,
        "fiscal_quarter": 2,
        "r2_url": "https://pub-2c783279b61043e19fbdadd1bee5153a.r2.dev/GLOB/2018-08-23/Globant%20S.A._2018-08-23_transcript/Globant%20S.A._2018-08-23_transcript.pdf/Globant%20S.A._2018-08-23_transcript.pdf",
        "periodicity": "periodic"
    },
    {
        "equity_ticker": "GLOB",
        "geography": "US",
        "content_name": "GLOB Q2 2018 Press Release",
        "file_type": "pdf",
        "content_type": "earnings_press_release",
        "published_date": "2018-08-23",
        "fiscal_date": "2018-08-23",
        "fiscal_year": 2018,
        "fiscal_quarter": 2,
        "r2_url": "https://pub-2c783279b61043e19fbdadd1bee5153a.r2.dev/GLOB/2018-08-23/b8d79-2024-05-10-09-38-31/b8d79-2024-05-10-09-38-31.pdf/b8d79-2024-05-10-09-38-31.pdf",
        "periodicity": "periodic"
    },
    {
        "equity_ticker": "GLOB",
        "geography": "US",
        "content_name": "GLOB Q1 2018 Transcript",
        "file_type": "pdf",
        "content_type": "earnings_transcript",
        "published_date": "2018-05-10",
        "fiscal_date": "2018-05-10",
        "fiscal_year": 2018,
        "fiscal_quarter": 1,
        "r2_url": "https://pub-2c783279b61043e19fbdadd1bee5153a.r2.dev/GLOB/2018-05-10/Globant%20S.A._2018-05-10_transcript/Globant%20S.A._2018-05-10_transcript.pdf/Globant%20S.A._2018-05-10_transcript.pdf",
        "periodicity": "periodic"
    },
    {
        "equity_ticker": "GLOB",
        "geography": "US",
        "content_name": "GLOB Q1 2018 Press Release",
        "file_type": "pdf",
        "content_type": "earnings_press_release",
        "published_date": "2018-05-10",
        "fiscal_date": "2018-05-10",
        "fiscal_year": 2018,
        "fiscal_quarter": 1,
        "r2_url": "https://pub-2c783279b61043e19fbdadd1bee5153a.r2.dev/GLOB/2018-05-10/214f4-2024-05-10-09-54-32/214f4-2024-05-10-09-54-32.pdf/214f4-2024-05-10-09-54-32.pdf",
        "periodicity": "periodic"
    },
    {
        "equity_ticker": "GLOB",
        "geography": "US",
        "content_name": "GLOB Q1 2018 Presentation",
        "file_type": "pdf",
        "content_type": "earnings_presentation",
        "published_date": "2018-05-10",
        "fiscal_date": "2018-05-10",
        "fiscal_year": 2018,
        "fiscal_quarter": 1,
        "r2_url": "https://pub-2c783279b61043e19fbdadd1bee5153a.r2.dev/GLOB/2018-05-10/2ffd9-2024-05-10-09-54-32/2ffd9-2024-05-10-09-54-32.pdf/2ffd9-2024-05-10-09-54-32.pdf",
        "periodicity": "periodic"
    },
    {
        "equity_ticker": "GLOB",
        "geography": "US",
        "content_name": "GLOB Q4 2017 Transcript",
        "file_type": "pdf",
        "content_type": "earnings_transcript",
        "published_date": "2018-04-13",
        "fiscal_date": "2018-04-13",
        "fiscal_year": 2017,
        "fiscal_quarter": 4,
        "r2_url": "https://pub-2c783279b61043e19fbdadd1bee5153a.r2.dev/GLOB/2018-04-13/Globant%20S.A._2018-04-13_transcript/Globant%20S.A._2018-04-13_transcript.pdf/Globant%20S.A._2018-04-13_transcript.pdf",
        "periodicity": "periodic"
    },
    {
        "equity_ticker": "GLOB",
        "geography": "US",
        "content_name": "GLOB Q3 2017 Transcript",
        "file_type": "pdf",
        "content_type": "earnings_transcript",
        "published_date": "2017-11-16",
        "fiscal_date": "2017-11-16",
        "fiscal_year": 2017,
        "fiscal_quarter": 3,
        "r2_url": "https://pub-2c783279b61043e19fbdadd1bee5153a.r2.dev/GLOB/2017-11-16/Globant%20S.A._2017-11-16_transcript/Globant%20S.A._2017-11-16_transcript.pdf/Globant%20S.A._2017-11-16_transcript.pdf",
        "periodicity": "periodic"
    },
    {
        "equity_ticker": "GLOB",
        "geography": "US",
        "content_name": "GLOB Q2 2017 Transcript",
        "file_type": "pdf",
        "content_type": "earnings_transcript",
        "published_date": "2017-08-17",
        "fiscal_date": "2017-08-17",
        "fiscal_year": 2017,
        "fiscal_quarter": 2,
        "r2_url": "https://pub-2c783279b61043e19fbdadd1bee5153a.r2.dev/GLOB/2017-08-17/Globant%20S.A._2017-08-17_transcript/Globant%20S.A._2017-08-17_transcript.pdf/Globant%20S.A._2017-08-17_transcript.pdf",
        "periodicity": "periodic"
    },
    {
        "equity_ticker": "GLOB",
        "geography": "US",
        "content_name": "GLOB Q1 2017 Transcript",
        "file_type": "pdf",
        "content_type": "earnings_transcript",
        "published_date": "2017-05-18",
        "fiscal_date": "2017-05-18",
        "fiscal_year": 2017,
        "fiscal_quarter": 1,
        "r2_url": "https://pub-2c783279b61043e19fbdadd1bee5153a.r2.dev/GLOB/2017-05-18/Globant%20S.A._2017-05-18_transcript/Globant%20S.A._2017-05-18_transcript.pdf/Globant%20S.A._2017-05-18_transcript.pdf",
        "periodicity": "periodic"
    },
    {
        "equity_ticker": "GLOB",
        "geography": "US",
        "content_name": "GLOB Q4 2016 Transcript",
        "file_type": "pdf",
        "content_type": "earnings_transcript",
        "published_date": "2017-04-07",
        "fiscal_date": "2017-04-07",
        "fiscal_year": 2016,
        "fiscal_quarter": 4,
        "r2_url": "https://pub-2c783279b61043e19fbdadd1bee5153a.r2.dev/GLOB/2017-04-07/Globant%20S.A._2017-04-07_transcript/Globant%20S.A._2017-04-07_transcript.pdf/Globant%20S.A._2017-04-07_transcript.pdf",
        "periodicity": "periodic"
    },
    {
        "equity_ticker": "GLOB",
        "geography": "US",
        "content_name": "GLOB Q4 2016 Press Release",
        "file_type": "pdf",
        "content_type": "earnings_press_release",
        "published_date": "2017-04-07",
        "fiscal_date": "2017-04-07",
        "fiscal_year": 2016,
        "fiscal_quarter": 4,
        "r2_url": "https://pub-2c783279b61043e19fbdadd1bee5153a.r2.dev/GLOB/2017-04-07/ea5c0-2024-12-02-05-55-00/ea5c0-2024-12-02-05-55-00.pdf/ea5c0-2024-12-02-05-55-00.pdf",
        "periodicity": "periodic"
    },
    {
        "equity_ticker": "GLOB",
        "geography": "US",
        "content_name": "GLOB Q3 2016 Transcript",
        "file_type": "pdf",
        "content_type": "earnings_transcript",
        "published_date": "2016-11-14",
        "fiscal_date": "2016-11-14",
        "fiscal_year": 2016,
        "fiscal_quarter": 3,
        "r2_url": "https://pub-2c783279b61043e19fbdadd1bee5153a.r2.dev/GLOB/2016-11-14/Globant%20S.A._2016-11-14_transcript/Globant%20S.A._2016-11-14_transcript.pdf/Globant%20S.A._2016-11-14_transcript.pdf",
        "periodicity": "periodic"
    },
    {
        "equity_ticker": "GLOB",
        "geography": "US",
        "content_name": "GLOB Q2 2016 Transcript",
        "file_type": "pdf",
        "content_type": "earnings_transcript",
        "published_date": "2016-08-10",
        "fiscal_date": "2016-08-10",
        "fiscal_year": 2016,
        "fiscal_quarter": 2,
        "r2_url": "https://pub-2c783279b61043e19fbdadd1bee5153a.r2.dev/GLOB/2016-08-10/Globant%20S.A._2016-08-10_transcript/Globant%20S.A._2016-08-10_transcript.pdf/Globant%20S.A._2016-08-10_transcript.pdf",
        "periodicity": "periodic"
    },
    {
        "equity_ticker": "GLOB",
        "geography": "US",
        "content_name": "GLOB Q1 2016 Transcript",
        "file_type": "pdf",
        "content_type": "earnings_transcript",
        "published_date": "2016-05-09",
        "fiscal_date": "2016-05-09",
        "fiscal_year": 2016,
        "fiscal_quarter": 1,
        "r2_url": "https://pub-2c783279b61043e19fbdadd1bee5153a.r2.dev/GLOB/2016-05-09/Globant%20S.A._2016-05-09_transcript/Globant%20S.A._2016-05-09_transcript.pdf/Globant%20S.A._2016-05-09_transcript.pdf",
        "periodicity": "periodic"
    },
    {
        "equity_ticker": "GLOB",
        "geography": "US",
        "content_name": "GLOB Q4 2015 Transcript",
        "file_type": "pdf",
        "content_type": "earnings_transcript",
        "published_date": "2016-04-29",
        "fiscal_date": "2016-04-29",
        "fiscal_year": 2015,
        "fiscal_quarter": 4,
        "r2_url": "https://pub-2c783279b61043e19fbdadd1bee5153a.r2.dev/GLOB/2016-04-29/Globant%20S.A._2016-04-29_transcript/Globant%20S.A._2016-04-29_transcript.pdf/Globant%20S.A._2016-04-29_transcript.pdf",
        "periodicity": "periodic"
    },
    {
        "equity_ticker": "GLOB",
        "geography": "US",
        "content_name": "GLOB Q4 2015 Press Release",
        "file_type": "pdf",
        "content_type": "earnings_press_release",
        "published_date": "2016-04-29",
        "fiscal_date": "2016-04-29",
        "fiscal_year": 2015,
        "fiscal_quarter": 4,
        "r2_url": "https://pub-2c783279b61043e19fbdadd1bee5153a.r2.dev/GLOB/2016-04-29/634b7-2024-12-02-05-05-01/634b7-2024-12-02-05-05-01.pdf/634b7-2024-12-02-05-05-01.pdf",
        "periodicity": "periodic"
    },
    {
        "equity_ticker": "GLOB",
        "geography": "US",
        "content_name": "GLOB Q3 2015 Transcript",
        "file_type": "pdf",
        "content_type": "earnings_transcript",
        "published_date": "2015-11-08",
        "fiscal_date": "2015-11-08",
        "fiscal_year": 2015,
        "fiscal_quarter": 3,
        "r2_url": "https://pub-2c783279b61043e19fbdadd1bee5153a.r2.dev/GLOB/2015-11-08/Globant%20S.A._2015-11-08_transcript/Globant%20S.A._2015-11-08_transcript.pdf/Globant%20S.A._2015-11-08_transcript.pdf",
        "periodicity": "periodic"
    },
    {
        "equity_ticker": "GLOB",
        "geography": "US",
        "content_name": "GLOB Q2 2015 Transcript",
        "file_type": "pdf",
        "content_type": "earnings_transcript",
        "published_date": "2015-08-13",
        "fiscal_date": "2015-08-13",
        "fiscal_year": 2015,
        "fiscal_quarter": 2,
        "r2_url": "https://pub-2c783279b61043e19fbdadd1bee5153a.r2.dev/GLOB/2015-08-13/Globant%20S.A._2015-08-13_transcript/Globant%20S.A._2015-08-13_transcript.pdf/Globant%20S.A._2015-08-13_transcript.pdf",
        "periodicity": "periodic"
    },
    {
        "equity_ticker": "GLOB",
        "geography": "US",
        "content_name": "GLOB Q1 2015 Transcript",
        "file_type": "pdf",
        "content_type": "earnings_transcript",
        "published_date": "2015-05-14",
        "fiscal_date": "2015-05-14",
        "fiscal_year": 2015,
        "fiscal_quarter": 1,
        "r2_url": "https://pub-2c783279b61043e19fbdadd1bee5153a.r2.dev/GLOB/2015-05-14/Globant%20S.A._2015-05-14_transcript/Globant%20S.A._2015-05-14_transcript.pdf/Globant%20S.A._2015-05-14_transcript.pdf",
        "periodicity": "periodic"
    },
    {
        "equity_ticker": "GLOB",
        "geography": "US",
        "content_name": "GLOB Q4 2014 Transcript",
        "file_type": "pdf",
        "content_type": "earnings_transcript",
        "published_date": "2015-04-27",
        "fiscal_date": "2015-04-27",
        "fiscal_year": 2014,
        "fiscal_quarter": 4,
        "r2_url": "https://pub-2c783279b61043e19fbdadd1bee5153a.r2.dev/GLOB/2015-04-27/Globant%20S.A._2015-04-27_transcript/Globant%20S.A._2015-04-27_transcript.pdf/Globant%20S.A._2015-04-27_transcript.pdf",
        "periodicity": "periodic"
    },
    {
        "equity_ticker": "GLOB",
        "geography": "US",
        "content_name": "GLOB Q4 2014 Press Release",
        "file_type": "pdf",
        "content_type": "earnings_press_release",
        "published_date": "2015-04-27",
        "fiscal_date": "2015-04-27",
        "fiscal_year": 2014,
        "fiscal_quarter": 4,
        "r2_url": "https://pub-2c783279b61043e19fbdadd1bee5153a.r2.dev/GLOB/2015-04-27/10803-2024-12-02-05-21-01/10803-2024-12-02-05-21-01.pdf/10803-2024-12-02-05-21-01.pdf",
        "periodicity": "periodic"
    },
    {
        "equity_ticker": "GLOB",
        "geography": "US",
        "content_name": "GLOB Q4 2009 10-K",
        "file_type": "pdf",
        "content_type": "annual_report",
        "published_date": "2010-03-16",
        "fiscal_date": "2009-12-31",
        "fiscal_year": 2009,
        "fiscal_quarter": 4,
        "r2_url": "https://pub-2c783279b61043e19fbdadd1bee5153a.r2.dev/GLOB/2010-03-16/g22499e10vk.htm/g22499e10vk.pdf",
        "periodicity": "periodic"
    },
    {
        "equity_ticker": "GLOB",
        "geography": "US",
        "content_name": "GLOB Q3 2009 10-Q",
        "file_type": "pdf",
        "content_type": "quarterly_report",
        "published_date": "2009-11-10",
        "fiscal_date": "2009-09-30",
        "fiscal_year": 2009,
        "fiscal_quarter": 3,
        "r2_url": "https://pub-2c783279b61043e19fbdadd1bee5153a.r2.dev/GLOB/2009-11-10/global9300910q.htm/global9300910q.pdf",
        "periodicity": "periodic"
    },
    {
        "equity_ticker": "GLOB",
        "geography": "US",
        "content_name": "GLOB Q2 2009 10-Q",
        "file_type": "pdf",
        "content_type": "quarterly_report",
        "published_date": "2009-08-13",
        "fiscal_date": "2009-06-30",
        "fiscal_year": 2009,
        "fiscal_quarter": 2,
        "r2_url": "https://pub-2c783279b61043e19fbdadd1bee5153a.r2.dev/GLOB/2009-08-13/global6300910q.htm/global6300910q.pdf",
        "periodicity": "periodic"
    },
    {
        "equity_ticker": "GLOB",
        "geography": "US",
        "content_name": "GLOB Q1 2009 10-Q",
        "file_type": "pdf",
        "content_type": "quarterly_report",
        "published_date": "2009-05-15",
        "fiscal_date": "2009-03-31",
        "fiscal_year": 2009,
        "fiscal_quarter": 1,
        "r2_url": "https://pub-2c783279b61043e19fbdadd1bee5153a.r2.dev/GLOB/2009-05-15/global3310910q.htm/global3310910q.pdf",
        "periodicity": "periodic"
    },
    {
        "equity_ticker": "GLOB",
        "geography": "US",
        "content_name": "GLOB Q3 2008 10-Q",
        "file_type": "pdf",
        "content_type": "quarterly_report",
        "published_date": "2008-11-13",
        "fiscal_date": "2008-09-30",
        "fiscal_year": 2008,
        "fiscal_quarter": 3,
        "r2_url": "https://pub-2c783279b61043e19fbdadd1bee5153a.r2.dev/GLOB/2008-11-13/v131836_10q.htm/v131836_10q.pdf",
        "periodicity": "periodic"
    },
    {
        "equity_ticker": "GLOB",
        "geography": "US",
        "content_name": "GLOB Q2 2008 10-Q",
        "file_type": "pdf",
        "content_type": "quarterly_report",
        "published_date": "2008-08-12",
        "fiscal_date": "2008-06-30",
        "fiscal_year": 2008,
        "fiscal_quarter": 2,
        "r2_url": "https://pub-2c783279b61043e19fbdadd1bee5153a.r2.dev/GLOB/2008-08-12/global6300810q.htm/global6300810q.pdf",
        "periodicity": "periodic"
    },
    {
        "equity_ticker": "GLOB",
        "geography": "US",
        "content_name": "GLOB Q1 2008 10-Q",
        "file_type": "pdf",
        "content_type": "quarterly_report",
        "published_date": "2008-05-13",
        "fiscal_date": "2008-03-31",
        "fiscal_year": 2008,
        "fiscal_quarter": 1,
        "r2_url": "https://pub-2c783279b61043e19fbdadd1bee5153a.r2.dev/GLOB/2008-05-13/global3310810q.htm/global3310810q.pdf",
        "periodicity": "periodic"
    },
    {
        "equity_ticker": "GLOB",
        "geography": "US",
        "content_name": "GLOB Q4 2004 10-K",
        "file_type": "pdf",
        "content_type": "annual_report",
        "published_date": "2005-03-04",
        "fiscal_date": "2004-12-31",
        "fiscal_year": 2004,
        "fiscal_quarter": 4,
        "r2_url": "https://pub-2c783279b61043e19fbdadd1bee5153a.r2.dev/GLOB/2005-03-04/global12310410k.htm/global12310410k.pdf",
        "periodicity": "periodic"
    },
    {
        "equity_ticker": "GLOB",
        "geography": "US",
        "content_name": "GLOB Q3 2004 10-Q",
        "file_type": "pdf",
        "content_type": "quarterly_report",
        "published_date": "2004-10-28",
        "fiscal_date": "2004-09-30",
        "fiscal_year": 2004,
        "fiscal_quarter": 3,
        "r2_url": "https://pub-2c783279b61043e19fbdadd1bee5153a.r2.dev/GLOB/2004-10-28/global9300410q.htm/global9300410q.pdf",
        "periodicity": "periodic"
    },
    {
        "equity_ticker": "GLOB",
        "geography": "US",
        "content_name": "GLOB Q2 2004 10-Q",
        "file_type": "pdf",
        "content_type": "quarterly_report",
        "published_date": "2004-08-06",
        "fiscal_date": "2004-06-30",
        "fiscal_year": 2004,
        "fiscal_quarter": 2,
        "r2_url": "https://pub-2c783279b61043e19fbdadd1bee5153a.r2.dev/GLOB/2004-08-06/form-10q_063004.htm/form-10q_063004.pdf",
        "periodicity": "periodic"
    },
    {
        "equity_ticker": "GLOB",
        "geography": "US",
        "content_name": "GLOB Q1 2004 10-Q",
        "file_type": "pdf",
        "content_type": "quarterly_report",
        "published_date": "2004-05-14",
        "fiscal_date": "2004-03-31",
        "fiscal_year": 2004,
        "fiscal_quarter": 1,
        "r2_url": "https://pub-2c783279b61043e19fbdadd1bee5153a.r2.dev/GLOB/2004-05-14/global3310410q.htm/global3310410q.pdf",
        "periodicity": "periodic"
    },
    {
        "equity_ticker": "GLOB",
        "geography": "US",
        "content_name": "GLOB Q4 2003 10-K",
        "file_type": "pdf",
        "content_type": "annual_report",
        "published_date": "2004-04-14",
        "fiscal_date": "2003-12-31",
        "fiscal_year": 2003,
        "fiscal_quarter": 4,
        "r2_url": "https://pub-2c783279b61043e19fbdadd1bee5153a.r2.dev/GLOB/2004-04-14/global12310310k.htm/global12310310k.pdf",
        "periodicity": "periodic"
    },
    {
        "equity_ticker": "GLOB",
        "geography": "US",
        "content_name": "GLOB Q3 2003 10-Q",
        "file_type": "pdf",
        "content_type": "quarterly_report",
        "published_date": "2003-11-19",
        "fiscal_date": "2003-09-30",
        "fiscal_year": 2003,
        "fiscal_quarter": 3,
        "r2_url": "https://pub-2c783279b61043e19fbdadd1bee5153a.r2.dev/GLOB/2003-11-19/global9300310q.htm/global9300310q.pdf",
        "periodicity": "periodic"
    },
    {
        "equity_ticker": "GLOB",
        "geography": "US",
        "content_name": "GLOB Q2 2003 10-Q",
        "file_type": "pdf",
        "content_type": "quarterly_report",
        "published_date": "2003-08-14",
        "fiscal_date": "2003-06-30",
        "fiscal_year": 2003,
        "fiscal_quarter": 2,
        "r2_url": "https://pub-2c783279b61043e19fbdadd1bee5153a.r2.dev/GLOB/2003-08-14/global6300310q.htm/global6300310q.pdf",
        "periodicity": "periodic"
    },
    {
        "equity_ticker": "GLOB",
        "geography": "US",
        "content_name": "GLOB Q1 2003 10-Q",
        "file_type": "pdf",
        "content_type": "quarterly_report",
        "published_date": "2003-05-20",
        "fiscal_date": "2003-03-31",
        "fiscal_year": 2003,
        "fiscal_quarter": 1,
        "r2_url": "https://pub-2c783279b61043e19fbdadd1bee5153a.r2.dev/GLOB/2003-05-20/global3310310q.htm/global3310310q.pdf",
        "periodicity": "periodic"
    },
    {
        "equity_ticker": "GLOB",
        "geography": "US",
        "content_name": "GLOB Q4 2002 10-K",
        "file_type": "pdf",
        "content_type": "annual_report",
        "published_date": "2003-04-15",
        "fiscal_date": "2002-12-31",
        "fiscal_year": 2002,
        "fiscal_quarter": 4,
        "r2_url": "https://pub-2c783279b61043e19fbdadd1bee5153a.r2.dev/GLOB/2003-04-15/global12310210k.htm/global12310210k.pdf",
        "periodicity": "periodic"
    },
    {
        "equity_ticker": "GLOB",
        "geography": "US",
        "content_name": "GLOB Q3 2002 10-Q",
        "file_type": "pdf",
        "content_type": "quarterly_report",
        "published_date": "2002-11-14",
        "fiscal_date": "2002-09-30",
        "fiscal_year": 2002,
        "fiscal_quarter": 3,
        "r2_url": "https://pub-2c783279b61043e19fbdadd1bee5153a.r2.dev/GLOB/2002-11-14/global9300210q.htm/global9300210q.pdf",
        "periodicity": "periodic"
    },
    {
        "equity_ticker": "GLOB",
        "geography": "US",
        "content_name": "GLOB Q2 2002 10-Q",
        "file_type": "pdf",
        "content_type": "quarterly_report",
        "published_date": "2002-08-13",
        "fiscal_date": "2002-06-30",
        "fiscal_year": 2002,
        "fiscal_quarter": 2,
        "r2_url": "https://pub-2c783279b61043e19fbdadd1bee5153a.r2.dev/GLOB/2002-08-13/global6300210q.htm/global6300210q.pdf",
        "periodicity": "periodic"
    },
    {
        "equity_ticker": "GLOB",
        "geography": "US",
        "content_name": "GLOB Q1 2002 10-Q",
        "file_type": "pdf",
        "content_type": "quarterly_report",
        "published_date": "2002-05-15",
        "fiscal_date": "2002-03-31",
        "fiscal_year": 2002,
        "fiscal_quarter": 1,
        "r2_url": "https://pub-2c783279b61043e19fbdadd1bee5153a.r2.dev/GLOB/2002-05-15/global3310210q.htm/global3310210q.pdf",
        "periodicity": "periodic"
    },
    {
        "equity_ticker": "GLOB",
        "geography": "US",
        "content_name": "GLOB Q4 2001 10-K",
        "file_type": "pdf",
        "content_type": "annual_report",
        "published_date": "2002-04-01",
        "fiscal_date": "2001-12-31",
        "fiscal_year": 2001,
        "fiscal_quarter": 4,
        "r2_url": "https://pub-2c783279b61043e19fbdadd1bee5153a.r2.dev/GLOB/2002-04-01/gbl12310110k.htm/gbl12310110k.pdf",
        "periodicity": "periodic"
    },
    {
        "equity_ticker": "GLOB",
        "geography": "US",
        "content_name": "GLOB Q3 2001 10-Q",
        "file_type": "pdf",
        "content_type": "quarterly_report",
        "published_date": "2001-11-14",
        "fiscal_date": "2001-09-30",
        "fiscal_year": 2001,
        "fiscal_quarter": 3,
        "r2_url": "https://pub-2c783279b61043e19fbdadd1bee5153a.r2.dev/GLOB/2001-11-14/global9300110q.htm/global9300110q.pdf",
        "periodicity": "periodic"
    },
    {
        "equity_ticker": "GLOB",
        "geography": "US",
        "content_name": "GLOB Q2 2001 10-Q",
        "file_type": "pdf",
        "content_type": "quarterly_report",
        "published_date": "2001-08-20",
        "fiscal_date": "2001-06-30",
        "fiscal_year": 2001,
        "fiscal_quarter": 2,
        "r2_url": "https://pub-2c783279b61043e19fbdadd1bee5153a.r2.dev/GLOB/2001-08-20/gbl63010q.htm/gbl63010q.pdf",
        "periodicity": "periodic"
    },
    {
        "equity_ticker": "GLOB",
        "geography": "US",
        "content_name": "GLOB Q1 2001 10-Q",
        "file_type": "pdf",
        "content_type": "quarterly_report",
        "published_date": "2001-05-21",
        "fiscal_date": "2001-03-31",
        "fiscal_year": 2001,
        "fiscal_quarter": 1,
        "r2_url": "https://pub-2c783279b61043e19fbdadd1bee5153a.r2.dev/GLOB/2001-05-21/gbl3310110q.htm/gbl3310110q.pdf",
        "periodicity": "periodic"
    }
]