[
    {
        "equity_ticker": "GWRE",
        "geography": "US",
        "content_name": "GWRE Q2 2025 Transcript",
        "file_type": "pdf",
        "content_type": "earnings_transcript",
        "published_date": "2025-03-06",
        "fiscal_date": "2025-03-06",
        "fiscal_year": 2025,
        "fiscal_quarter": 2,
        "r2_url": "https://pub-2c783279b61043e19fbdadd1bee5153a.r2.dev/GWRE/2025-03-06/Guidewire%20Software%2C%20Inc._2025-03-06_transcript/Guidewire%20Software%2C%20Inc._2025-03-06_transcript.pdf%5CGuidewire%20Software%2C%20Inc._2025-03-06_transcript.pdf",
        "periodicity": "periodic"
    },
    {
        "equity_ticker": "GWRE",
        "geography": "US",
        "content_name": "GWRE Q2 2025 Press Release",
        "file_type": "pdf",
        "content_type": "earnings_press_release",
        "published_date": "2025-03-06",
        "fiscal_date": "2025-03-06",
        "fiscal_year": 2025,
        "fiscal_quarter": 2,
        "r2_url": "https://pub-2c783279b61043e19fbdadd1bee5153a.r2.dev/GWRE/2025-03-06/6bc74-2025-03-06-09-35-24/6bc74-2025-03-06-09-35-24.pdf%5C6bc74-2025-03-06-09-35-24.pdf",
        "periodicity": "periodic"
    },
    {
        "equity_ticker": "GWRE",
        "geography": "US",
        "content_name": "GWRE Q1 2025 Transcript",
        "file_type": "pdf",
        "content_type": "earnings_transcript",
        "published_date": "2024-12-05",
        "fiscal_date": "2024-12-05",
        "fiscal_year": 2025,
        "fiscal_quarter": 1,
        "r2_url": "https://pub-2c783279b61043e19fbdadd1bee5153a.r2.dev/GWRE/2024-12-05/Guidewire%20Software%2C%20Inc._2024-12-05_transcript/Guidewire%20Software%2C%20Inc._2024-12-05_transcript.pdf%5CGuidewire%20Software%2C%20Inc._2024-12-05_transcript.pdf",
        "periodicity": "periodic"
    },
    {
        "equity_ticker": "GWRE",
        "geography": "US",
        "content_name": "GWRE Q1 2025 Press Release",
        "file_type": "pdf",
        "content_type": "earnings_press_release",
        "published_date": "2024-12-05",
        "fiscal_date": "2024-12-05",
        "fiscal_year": 2025,
        "fiscal_quarter": 1,
        "r2_url": "https://pub-2c783279b61043e19fbdadd1bee5153a.r2.dev/GWRE/2024-12-05/94874-2024-12-05-09-22-18/94874-2024-12-05-09-22-18.pdf%5C94874-2024-12-05-09-22-18.pdf",
        "periodicity": "periodic"
    },
    {
        "equity_ticker": "GWRE",
        "geography": "US",
        "content_name": "Investor Day 2024 - October 10, 2024",
        "file_type": "pdf",
        "content_type": "company_conference_transcript",
        "published_date": "2024-10-10",
        "fiscal_date": "2024-10-10",
        "fiscal_year": null,
        "fiscal_quarter": null,
        "r2_url": "https://pub-2c783279b61043e19fbdadd1bee5153a.r2.dev/GWRE/2024-10-10/Guidewire%20Software%2C%20Inc._2024-10-10_transcript/Guidewire%20Software%2C%20Inc._2024-10-10_transcript.pdf%5CGuidewire%20Software%2C%20Inc._2024-10-10_transcript.pdf",
        "periodicity": "non_periodic"
    },
    {
        "equity_ticker": "GWRE",
        "geography": "US",
        "content_name": "Investor Day 2024 - October 10, 2024",
        "file_type": "pdf",
        "content_type": "company_conference_presentation",
        "published_date": "2024-10-10",
        "fiscal_date": "2024-10-10",
        "fiscal_year": null,
        "fiscal_quarter": null,
        "r2_url": "https://pub-2c783279b61043e19fbdadd1bee5153a.r2.dev/GWRE/2024-10-10/e5339-2024-10-11-09-57-07/e5339-2024-10-11-09-57-07.pdf%5Ce5339-2024-10-11-09-57-07.pdf",
        "periodicity": "non_periodic"
    },
    {
        "equity_ticker": "GWRE",
        "geography": "US",
        "content_name": "Goldman Sachs Communacopia + Technology Conference 2024 - September 9, 2024",
        "file_type": "pdf",
        "content_type": "sellside_conference_transcript",
        "published_date": "2024-09-09",
        "fiscal_date": "2024-09-09",
        "fiscal_year": null,
        "fiscal_quarter": null,
        "r2_url": "https://pub-2c783279b61043e19fbdadd1bee5153a.r2.dev/GWRE/2024-09-09/Guidewire%20Software%2C%20Inc._2024-09-09_transcript/Guidewire%20Software%2C%20Inc._2024-09-09_transcript.pdf%5CGuidewire%20Software%2C%20Inc._2024-09-09_transcript.pdf",
        "periodicity": "non_periodic"
    },
    {
        "equity_ticker": "GWRE",
        "geography": "US",
        "content_name": "GWRE Q4 2024 Transcript",
        "file_type": "pdf",
        "content_type": "earnings_transcript",
        "published_date": "2024-09-05",
        "fiscal_date": "2024-09-05",
        "fiscal_year": 2024,
        "fiscal_quarter": 4,
        "r2_url": "https://pub-2c783279b61043e19fbdadd1bee5153a.r2.dev/GWRE/2024-09-05/Guidewire%20Software%2C%20Inc._2024-09-05_transcript/Guidewire%20Software%2C%20Inc._2024-09-05_transcript.pdf%5CGuidewire%20Software%2C%20Inc._2024-09-05_transcript.pdf",
        "periodicity": "periodic"
    },
    {
        "equity_ticker": "GWRE",
        "geography": "US",
        "content_name": "GWRE Q4 2024 Press Release",
        "file_type": "pdf",
        "content_type": "earnings_press_release",
        "published_date": "2024-09-05",
        "fiscal_date": "2024-09-05",
        "fiscal_year": 2024,
        "fiscal_quarter": 4,
        "r2_url": "https://pub-2c783279b61043e19fbdadd1bee5153a.r2.dev/GWRE/2024-09-05/0bbc8-2024-09-05-08-03-22/0bbc8-2024-09-05-08-03-22.pdf%5C0bbc8-2024-09-05-08-03-22.pdf",
        "periodicity": "periodic"
    },
    {
        "equity_ticker": "GWRE",
        "geography": "US",
        "content_name": "The 44th Annual William Blair Growth Stock Conference - June 6, 2024",
        "file_type": "pdf",
        "content_type": "sellside_conference_transcript",
        "published_date": "2024-06-06",
        "fiscal_date": "2024-06-06",
        "fiscal_year": null,
        "fiscal_quarter": null,
        "r2_url": "https://pub-2c783279b61043e19fbdadd1bee5153a.r2.dev/GWRE/2024-06-06/Guidewire%20Software%2C%20Inc._2024-06-06_transcript/Guidewire%20Software%2C%20Inc._2024-06-06_transcript.pdf%5CGuidewire%20Software%2C%20Inc._2024-06-06_transcript.pdf",
        "periodicity": "non_periodic"
    },
    {
        "equity_ticker": "GWRE",
        "geography": "US",
        "content_name": "GWRE Q3 2024 Transcript",
        "file_type": "pdf",
        "content_type": "earnings_transcript",
        "published_date": "2024-06-04",
        "fiscal_date": "2024-06-04",
        "fiscal_year": 2024,
        "fiscal_quarter": 3,
        "r2_url": "https://pub-2c783279b61043e19fbdadd1bee5153a.r2.dev/GWRE/2024-06-04/Guidewire%20Software%2C%20Inc._2024-06-04_transcript/Guidewire%20Software%2C%20Inc._2024-06-04_transcript.pdf%5CGuidewire%20Software%2C%20Inc._2024-06-04_transcript.pdf",
        "periodicity": "periodic"
    },
    {
        "equity_ticker": "GWRE",
        "geography": "US",
        "content_name": "GWRE Q3 2024 Press Release",
        "file_type": "pdf",
        "content_type": "earnings_press_release",
        "published_date": "2024-06-04",
        "fiscal_date": "2024-06-04",
        "fiscal_year": 2024,
        "fiscal_quarter": 3,
        "r2_url": "https://pub-2c783279b61043e19fbdadd1bee5153a.r2.dev/GWRE/2024-06-04/a6159-2024-06-04-08-21-20/a6159-2024-06-04-08-21-20.pdf%5Ca6159-2024-06-04-08-21-20.pdf",
        "periodicity": "periodic"
    },
    {
        "equity_ticker": "GWRE",
        "geography": "US",
        "content_name": "GWRE Q2 2024 Transcript",
        "file_type": "pdf",
        "content_type": "earnings_transcript",
        "published_date": "2024-03-07",
        "fiscal_date": "2024-03-07",
        "fiscal_year": 2024,
        "fiscal_quarter": 2,
        "r2_url": "https://pub-2c783279b61043e19fbdadd1bee5153a.r2.dev/GWRE/2024-03-07/Guidewire%20Software%2C%20Inc._2024-03-07_transcript/Guidewire%20Software%2C%20Inc._2024-03-07_transcript.pdf%5CGuidewire%20Software%2C%20Inc._2024-03-07_transcript.pdf",
        "periodicity": "periodic"
    },
    {
        "equity_ticker": "GWRE",
        "geography": "US",
        "content_name": "GWRE Q2 2024 Press Release",
        "file_type": "pdf",
        "content_type": "earnings_press_release",
        "published_date": "2024-03-07",
        "fiscal_date": "2024-03-07",
        "fiscal_year": 2024,
        "fiscal_quarter": 2,
        "r2_url": "https://pub-2c783279b61043e19fbdadd1bee5153a.r2.dev/GWRE/2024-03-07/d36ee-2024-03-07-09-13-24/d36ee-2024-03-07-09-13-24.pdf%5Cd36ee-2024-03-07-09-13-24.pdf",
        "periodicity": "periodic"
    },
    {
        "equity_ticker": "GWRE",
        "geography": "US",
        "content_name": "GWRE Q1 2024 Transcript",
        "file_type": "pdf",
        "content_type": "earnings_transcript",
        "published_date": "2023-12-07",
        "fiscal_date": "2023-12-07",
        "fiscal_year": 2024,
        "fiscal_quarter": 1,
        "r2_url": "https://pub-2c783279b61043e19fbdadd1bee5153a.r2.dev/GWRE/2023-12-07/Guidewire%20Software%2C%20Inc._2023-12-07_transcript/Guidewire%20Software%2C%20Inc._2023-12-07_transcript.pdf%5CGuidewire%20Software%2C%20Inc._2023-12-07_transcript.pdf",
        "periodicity": "periodic"
    },
    {
        "equity_ticker": "GWRE",
        "geography": "US",
        "content_name": "GWRE Q1 2024 Press Release",
        "file_type": "pdf",
        "content_type": "earnings_press_release",
        "published_date": "2023-12-07",
        "fiscal_date": "2023-12-07",
        "fiscal_year": 2024,
        "fiscal_quarter": 1,
        "r2_url": "https://pub-2c783279b61043e19fbdadd1bee5153a.r2.dev/GWRE/2023-12-07/63714-2023-12-07-09-16-20/63714-2023-12-07-09-16-20.pdf%5C63714-2023-12-07-09-16-20.pdf",
        "periodicity": "periodic"
    },
    {
        "equity_ticker": "GWRE",
        "geography": "US",
        "content_name": "Analyst Day 2023 - November 13, 2023",
        "file_type": "pdf",
        "content_type": "company_conference_transcript",
        "published_date": "2023-11-13",
        "fiscal_date": "2023-11-13",
        "fiscal_year": null,
        "fiscal_quarter": null,
        "r2_url": "https://pub-2c783279b61043e19fbdadd1bee5153a.r2.dev/GWRE/2023-11-13/Guidewire%20Software%2C%20Inc._2023-11-13_transcript/Guidewire%20Software%2C%20Inc._2023-11-13_transcript.pdf%5CGuidewire%20Software%2C%20Inc._2023-11-13_transcript.pdf",
        "periodicity": "non_periodic"
    },
    {
        "equity_ticker": "GWRE",
        "geography": "US",
        "content_name": "Analyst Day 2023 - November 13, 2023",
        "file_type": "pdf",
        "content_type": "company_conference_presentation",
        "published_date": "2023-11-13",
        "fiscal_date": "2023-11-13",
        "fiscal_year": null,
        "fiscal_quarter": null,
        "r2_url": "https://pub-2c783279b61043e19fbdadd1bee5153a.r2.dev/GWRE/2023-11-13/4ca9c-2023-11-14-08-29-41/4ca9c-2023-11-14-08-29-41.pdf%5C4ca9c-2023-11-14-08-29-41.pdf",
        "periodicity": "non_periodic"
    },
    {
        "equity_ticker": "GWRE",
        "geography": "US",
        "content_name": "GWRE Q4 2023 Transcript",
        "file_type": "pdf",
        "content_type": "earnings_transcript",
        "published_date": "2023-09-07",
        "fiscal_date": "2023-09-07",
        "fiscal_year": 2023,
        "fiscal_quarter": 4,
        "r2_url": "https://pub-2c783279b61043e19fbdadd1bee5153a.r2.dev/GWRE/2023-09-07/Guidewire%20Software%2C%20Inc._2023-09-07_transcript/Guidewire%20Software%2C%20Inc._2023-09-07_transcript.pdf%5CGuidewire%20Software%2C%20Inc._2023-09-07_transcript.pdf",
        "periodicity": "periodic"
    },
    {
        "equity_ticker": "GWRE",
        "geography": "US",
        "content_name": "GWRE Q4 2023 Press Release",
        "file_type": "pdf",
        "content_type": "earnings_press_release",
        "published_date": "2023-09-07",
        "fiscal_date": "2023-09-07",
        "fiscal_year": 2023,
        "fiscal_quarter": 4,
        "r2_url": "https://pub-2c783279b61043e19fbdadd1bee5153a.r2.dev/GWRE/2023-09-07/6af60-2023-09-07-08-04-19/6af60-2023-09-07-08-04-19.pdf%5C6af60-2023-09-07-08-04-19.pdf",
        "periodicity": "periodic"
    },
    {
        "equity_ticker": "GWRE",
        "geography": "US",
        "content_name": "GWRE Q3 2023 Transcript",
        "file_type": "pdf",
        "content_type": "earnings_transcript",
        "published_date": "2023-06-01",
        "fiscal_date": "2023-06-01",
        "fiscal_year": 2023,
        "fiscal_quarter": 3,
        "r2_url": "https://pub-2c783279b61043e19fbdadd1bee5153a.r2.dev/GWRE/2023-06-01/Guidewire%20Software%2C%20Inc._2023-06-01_transcript/Guidewire%20Software%2C%20Inc._2023-06-01_transcript.pdf%5CGuidewire%20Software%2C%20Inc._2023-06-01_transcript.pdf",
        "periodicity": "periodic"
    },
    {
        "equity_ticker": "GWRE",
        "geography": "US",
        "content_name": "GWRE Q3 2023 Press Release",
        "file_type": "pdf",
        "content_type": "earnings_press_release",
        "published_date": "2023-06-01",
        "fiscal_date": "2023-06-01",
        "fiscal_year": 2023,
        "fiscal_quarter": 3,
        "r2_url": "https://pub-2c783279b61043e19fbdadd1bee5153a.r2.dev/GWRE/2023-06-01/05a83-2023-06-01-08-21-19/05a83-2023-06-01-08-21-19.pdf%5C05a83-2023-06-01-08-21-19.pdf",
        "periodicity": "periodic"
    },
    {
        "equity_ticker": "GWRE",
        "geography": "US",
        "content_name": "GWRE Q2 2023 Transcript",
        "file_type": "pdf",
        "content_type": "earnings_transcript",
        "published_date": "2023-03-06",
        "fiscal_date": "2023-03-06",
        "fiscal_year": 2023,
        "fiscal_quarter": 2,
        "r2_url": "https://pub-2c783279b61043e19fbdadd1bee5153a.r2.dev/GWRE/2023-03-06/Guidewire%20Software%2C%20Inc._2023-03-06_transcript/Guidewire%20Software%2C%20Inc._2023-03-06_transcript.pdf%5CGuidewire%20Software%2C%20Inc._2023-03-06_transcript.pdf",
        "periodicity": "periodic"
    },
    {
        "equity_ticker": "GWRE",
        "geography": "US",
        "content_name": "GWRE Q2 2023 Press Release",
        "file_type": "pdf",
        "content_type": "earnings_press_release",
        "published_date": "2023-03-06",
        "fiscal_date": "2023-03-06",
        "fiscal_year": 2023,
        "fiscal_quarter": 2,
        "r2_url": "https://pub-2c783279b61043e19fbdadd1bee5153a.r2.dev/GWRE/2023-03-06/789e8-2023-03-06-09-28-21/789e8-2023-03-06-09-28-21.pdf%5C789e8-2023-03-06-09-28-21.pdf",
        "periodicity": "periodic"
    },
    {
        "equity_ticker": "GWRE",
        "geography": "US",
        "content_name": "GWRE Q1 2023 Transcript",
        "file_type": "pdf",
        "content_type": "earnings_transcript",
        "published_date": "2022-12-06",
        "fiscal_date": "2022-12-06",
        "fiscal_year": 2023,
        "fiscal_quarter": 1,
        "r2_url": "https://pub-2c783279b61043e19fbdadd1bee5153a.r2.dev/GWRE/2022-12-06/Guidewire%20Software%2C%20Inc._2022-12-06_transcript/Guidewire%20Software%2C%20Inc._2022-12-06_transcript.pdf%5CGuidewire%20Software%2C%20Inc._2022-12-06_transcript.pdf",
        "periodicity": "periodic"
    },
    {
        "equity_ticker": "GWRE",
        "geography": "US",
        "content_name": "GWRE Q1 2023 Press Release",
        "file_type": "pdf",
        "content_type": "earnings_press_release",
        "published_date": "2022-12-06",
        "fiscal_date": "2022-12-06",
        "fiscal_year": 2023,
        "fiscal_quarter": 1,
        "r2_url": "https://pub-2c783279b61043e19fbdadd1bee5153a.r2.dev/GWRE/2022-12-06/f47a2-2022-12-06-09-29-21/f47a2-2022-12-06-09-29-21.pdf%5Cf47a2-2022-12-06-09-29-21.pdf",
        "periodicity": "periodic"
    },
    {
        "equity_ticker": "GWRE",
        "geography": "US",
        "content_name": "Analyst Day 2022 - October 6, 2022",
        "file_type": "pdf",
        "content_type": "company_conference_transcript",
        "published_date": "2022-10-06",
        "fiscal_date": "2022-10-06",
        "fiscal_year": null,
        "fiscal_quarter": null,
        "r2_url": "https://pub-2c783279b61043e19fbdadd1bee5153a.r2.dev/GWRE/2022-10-06/Guidewire%20Software%2C%20Inc._2022-10-06_transcript/Guidewire%20Software%2C%20Inc._2022-10-06_transcript.pdf%5CGuidewire%20Software%2C%20Inc._2022-10-06_transcript.pdf",
        "periodicity": "non_periodic"
    },
    {
        "equity_ticker": "GWRE",
        "geography": "US",
        "content_name": "Analyst Day 2022 - October 6, 2022",
        "file_type": "pdf",
        "content_type": "company_conference_presentation",
        "published_date": "2022-10-06",
        "fiscal_date": "2022-10-06",
        "fiscal_year": null,
        "fiscal_quarter": null,
        "r2_url": "https://pub-2c783279b61043e19fbdadd1bee5153a.r2.dev/GWRE/2022-10-06/3cfd7-2022-10-08-12-28-44/3cfd7-2022-10-08-12-28-44.pdf%5C3cfd7-2022-10-08-12-28-44.pdf",
        "periodicity": "non_periodic"
    },
    {
        "equity_ticker": "GWRE",
        "geography": "US",
        "content_name": "GWRE Q4 2022 Transcript",
        "file_type": "pdf",
        "content_type": "earnings_transcript",
        "published_date": "2022-09-06",
        "fiscal_date": "2022-09-06",
        "fiscal_year": 2022,
        "fiscal_quarter": 4,
        "r2_url": "https://pub-2c783279b61043e19fbdadd1bee5153a.r2.dev/GWRE/2022-09-06/Guidewire%20Software%2C%20Inc._2022-09-06_transcript/Guidewire%20Software%2C%20Inc._2022-09-06_transcript.pdf%5CGuidewire%20Software%2C%20Inc._2022-09-06_transcript.pdf",
        "periodicity": "periodic"
    },
    {
        "equity_ticker": "GWRE",
        "geography": "US",
        "content_name": "GWRE Q4 2022 Press Release",
        "file_type": "pdf",
        "content_type": "earnings_press_release",
        "published_date": "2022-09-06",
        "fiscal_date": "2022-09-06",
        "fiscal_year": 2022,
        "fiscal_quarter": 4,
        "r2_url": "https://pub-2c783279b61043e19fbdadd1bee5153a.r2.dev/GWRE/2022-09-06/b2a20-2022-09-06-09-30-44/b2a20-2022-09-06-09-30-44.pdf%5Cb2a20-2022-09-06-09-30-44.pdf",
        "periodicity": "periodic"
    },
    {
        "equity_ticker": "GWRE",
        "geography": "US",
        "content_name": "GWRE Q3 2022 Transcript",
        "file_type": "pdf",
        "content_type": "earnings_transcript",
        "published_date": "2022-06-07",
        "fiscal_date": "2022-06-07",
        "fiscal_year": 2022,
        "fiscal_quarter": 3,
        "r2_url": "https://pub-2c783279b61043e19fbdadd1bee5153a.r2.dev/GWRE/2022-06-07/Guidewire%20Software%2C%20Inc._2022-06-07_transcript/Guidewire%20Software%2C%20Inc._2022-06-07_transcript.pdf%5CGuidewire%20Software%2C%20Inc._2022-06-07_transcript.pdf",
        "periodicity": "periodic"
    },
    {
        "equity_ticker": "GWRE",
        "geography": "US",
        "content_name": "GWRE Q3 2022 Press Release",
        "file_type": "pdf",
        "content_type": "earnings_press_release",
        "published_date": "2022-06-07",
        "fiscal_date": "2022-06-07",
        "fiscal_year": 2022,
        "fiscal_quarter": 3,
        "r2_url": "https://pub-2c783279b61043e19fbdadd1bee5153a.r2.dev/GWRE/2022-06-07/36859-2022-06-07-08-05-17/36859-2022-06-07-08-05-17.pdf%5C36859-2022-06-07-08-05-17.pdf",
        "periodicity": "periodic"
    },
    {
        "equity_ticker": "GWRE",
        "geography": "US",
        "content_name": "GWRE Q2 2022 Transcript",
        "file_type": "pdf",
        "content_type": "earnings_transcript",
        "published_date": "2022-03-08",
        "fiscal_date": "2022-03-08",
        "fiscal_year": 2022,
        "fiscal_quarter": 2,
        "r2_url": "https://pub-2c783279b61043e19fbdadd1bee5153a.r2.dev/GWRE/2022-03-08/Guidewire%20Software%2C%20Inc._2022-03-08_transcript/Guidewire%20Software%2C%20Inc._2022-03-08_transcript.pdf%5CGuidewire%20Software%2C%20Inc._2022-03-08_transcript.pdf",
        "periodicity": "periodic"
    },
    {
        "equity_ticker": "GWRE",
        "geography": "US",
        "content_name": "GWRE Q2 2022 Press Release",
        "file_type": "pdf",
        "content_type": "earnings_press_release",
        "published_date": "2022-03-08",
        "fiscal_date": "2022-03-08",
        "fiscal_year": 2022,
        "fiscal_quarter": 2,
        "r2_url": "https://pub-2c783279b61043e19fbdadd1bee5153a.r2.dev/GWRE/2022-03-08/c3611-2023-01-25-12-38-42/c3611-2023-01-25-12-38-42.pdf%5Cc3611-2023-01-25-12-38-42.pdf",
        "periodicity": "periodic"
    },
    {
        "equity_ticker": "GWRE",
        "geography": "US",
        "content_name": "GWRE Q1 2022 Transcript",
        "file_type": "pdf",
        "content_type": "earnings_transcript",
        "published_date": "2021-12-02",
        "fiscal_date": "2021-12-02",
        "fiscal_year": 2022,
        "fiscal_quarter": 1,
        "r2_url": "https://pub-2c783279b61043e19fbdadd1bee5153a.r2.dev/GWRE/2021-12-02/Guidewire%20Software%2C%20Inc._2021-12-02_transcript/Guidewire%20Software%2C%20Inc._2021-12-02_transcript.pdf%5CGuidewire%20Software%2C%20Inc._2021-12-02_transcript.pdf",
        "periodicity": "periodic"
    },
    {
        "equity_ticker": "GWRE",
        "geography": "US",
        "content_name": "GWRE Q1 2022 Press Release",
        "file_type": "pdf",
        "content_type": "earnings_press_release",
        "published_date": "2021-12-02",
        "fiscal_date": "2021-12-02",
        "fiscal_year": 2022,
        "fiscal_quarter": 1,
        "r2_url": "https://pub-2c783279b61043e19fbdadd1bee5153a.r2.dev/GWRE/2021-12-02/cedca-2023-01-25-12-16-19/cedca-2023-01-25-12-16-19.pdf%5Ccedca-2023-01-25-12-16-19.pdf",
        "periodicity": "periodic"
    },
    {
        "equity_ticker": "GWRE",
        "geography": "US",
        "content_name": "Investor Day 2021 - September 30, 2021",
        "file_type": "pdf",
        "content_type": "company_conference_transcript",
        "published_date": "2021-09-30",
        "fiscal_date": "2021-09-30",
        "fiscal_year": null,
        "fiscal_quarter": null,
        "r2_url": "https://pub-2c783279b61043e19fbdadd1bee5153a.r2.dev/GWRE/2021-09-30/Guidewire%20Software%2C%20Inc._2021-09-30_transcript/Guidewire%20Software%2C%20Inc._2021-09-30_transcript.pdf%5CGuidewire%20Software%2C%20Inc._2021-09-30_transcript.pdf",
        "periodicity": "non_periodic"
    },
    {
        "equity_ticker": "GWRE",
        "geography": "US",
        "content_name": "Investor Day 2021 - September 30, 2021",
        "file_type": "pdf",
        "content_type": "company_conference_presentation",
        "published_date": "2021-09-30",
        "fiscal_date": "2021-09-30",
        "fiscal_year": null,
        "fiscal_quarter": null,
        "r2_url": "https://pub-2c783279b61043e19fbdadd1bee5153a.r2.dev/GWRE/2021-09-30/03cf2-2025-03-21-03-33-08/03cf2-2025-03-21-03-33-08.pdf%5C03cf2-2025-03-21-03-33-08.pdf",
        "periodicity": "non_periodic"
    },
    {
        "equity_ticker": "GWRE",
        "geography": "US",
        "content_name": "GWRE Q4 2021 Transcript",
        "file_type": "pdf",
        "content_type": "earnings_transcript",
        "published_date": "2021-09-02",
        "fiscal_date": "2021-09-02",
        "fiscal_year": 2021,
        "fiscal_quarter": 4,
        "r2_url": "https://pub-2c783279b61043e19fbdadd1bee5153a.r2.dev/GWRE/2021-09-02/Guidewire%20Software%2C%20Inc._2021-09-02_transcript/Guidewire%20Software%2C%20Inc._2021-09-02_transcript.pdf%5CGuidewire%20Software%2C%20Inc._2021-09-02_transcript.pdf",
        "periodicity": "periodic"
    },
    {
        "equity_ticker": "GWRE",
        "geography": "US",
        "content_name": "GWRE Q4 2021 Press Release",
        "file_type": "pdf",
        "content_type": "earnings_press_release",
        "published_date": "2021-09-02",
        "fiscal_date": "2021-09-02",
        "fiscal_year": 2021,
        "fiscal_quarter": 4,
        "r2_url": "https://pub-2c783279b61043e19fbdadd1bee5153a.r2.dev/GWRE/2021-09-02/23abf-2023-01-25-09-08-21/23abf-2023-01-25-09-08-21.pdf%5C23abf-2023-01-25-09-08-21.pdf",
        "periodicity": "periodic"
    },
    {
        "equity_ticker": "GWRE",
        "geography": "US",
        "content_name": "GWRE Q3 2021 Transcript",
        "file_type": "pdf",
        "content_type": "earnings_transcript",
        "published_date": "2021-06-02",
        "fiscal_date": "2021-06-02",
        "fiscal_year": 2021,
        "fiscal_quarter": 3,
        "r2_url": "https://pub-2c783279b61043e19fbdadd1bee5153a.r2.dev/GWRE/2021-06-02/Guidewire%20Software%2C%20Inc._2021-06-02_transcript/Guidewire%20Software%2C%20Inc._2021-06-02_transcript.pdf%5CGuidewire%20Software%2C%20Inc._2021-06-02_transcript.pdf",
        "periodicity": "periodic"
    },
    {
        "equity_ticker": "GWRE",
        "geography": "US",
        "content_name": "GWRE Q3 2021 Press Release",
        "file_type": "pdf",
        "content_type": "earnings_press_release",
        "published_date": "2021-06-02",
        "fiscal_date": "2021-06-02",
        "fiscal_year": 2021,
        "fiscal_quarter": 3,
        "r2_url": "https://pub-2c783279b61043e19fbdadd1bee5153a.r2.dev/GWRE/2021-06-02/ca9b5-2023-01-25-09-01-57/ca9b5-2023-01-25-09-01-57.pdf%5Cca9b5-2023-01-25-09-01-57.pdf",
        "periodicity": "periodic"
    },
    {
        "equity_ticker": "GWRE",
        "geography": "US",
        "content_name": "GWRE Q2 2021 Transcript",
        "file_type": "pdf",
        "content_type": "earnings_transcript",
        "published_date": "2021-03-04",
        "fiscal_date": "2021-03-04",
        "fiscal_year": 2021,
        "fiscal_quarter": 2,
        "r2_url": "https://pub-2c783279b61043e19fbdadd1bee5153a.r2.dev/GWRE/2021-03-04/Guidewire%20Software%2C%20Inc._2021-03-04_transcript/Guidewire%20Software%2C%20Inc._2021-03-04_transcript.pdf%5CGuidewire%20Software%2C%20Inc._2021-03-04_transcript.pdf",
        "periodicity": "periodic"
    },
    {
        "equity_ticker": "GWRE",
        "geography": "US",
        "content_name": "GWRE Q2 2021 Press Release",
        "file_type": "pdf",
        "content_type": "earnings_press_release",
        "published_date": "2021-03-04",
        "fiscal_date": "2021-03-04",
        "fiscal_year": 2021,
        "fiscal_quarter": 2,
        "r2_url": "https://pub-2c783279b61043e19fbdadd1bee5153a.r2.dev/GWRE/2021-03-04/ca78a-2024-01-17-04-15-58/ca78a-2024-01-17-04-15-58.pdf%5Cca78a-2024-01-17-04-15-58.pdf",
        "periodicity": "periodic"
    },
    {
        "equity_ticker": "GWRE",
        "geography": "US",
        "content_name": "AGM 2020 - December 15, 2020",
        "file_type": "pdf",
        "content_type": "company_conference_transcript",
        "published_date": "2020-12-15",
        "fiscal_date": "2020-12-15",
        "fiscal_year": null,
        "fiscal_quarter": null,
        "r2_url": "https://pub-2c783279b61043e19fbdadd1bee5153a.r2.dev/GWRE/2020-12-15/Guidewire%20Software%2C%20Inc._2020-12-15_transcript/Guidewire%20Software%2C%20Inc._2020-12-15_transcript.pdf%5CGuidewire%20Software%2C%20Inc._2020-12-15_transcript.pdf",
        "periodicity": "non_periodic"
    },
    {
        "equity_ticker": "GWRE",
        "geography": "US",
        "content_name": "GWRE Q1 2021 Transcript",
        "file_type": "pdf",
        "content_type": "earnings_transcript",
        "published_date": "2020-12-08",
        "fiscal_date": "2020-12-08",
        "fiscal_year": 2021,
        "fiscal_quarter": 1,
        "r2_url": "https://pub-2c783279b61043e19fbdadd1bee5153a.r2.dev/GWRE/2020-12-08/Guidewire%20Software%2C%20Inc._2020-12-08_transcript/Guidewire%20Software%2C%20Inc._2020-12-08_transcript.pdf%5CGuidewire%20Software%2C%20Inc._2020-12-08_transcript.pdf",
        "periodicity": "periodic"
    },
    {
        "equity_ticker": "GWRE",
        "geography": "US",
        "content_name": "GWRE Q1 2021 Press Release",
        "file_type": "pdf",
        "content_type": "earnings_press_release",
        "published_date": "2020-12-08",
        "fiscal_date": "2020-12-08",
        "fiscal_year": 2021,
        "fiscal_quarter": 1,
        "r2_url": "https://pub-2c783279b61043e19fbdadd1bee5153a.r2.dev/GWRE/2020-12-08/3255e-2024-01-17-05-58-00/3255e-2024-01-17-05-58-00.pdf%5C3255e-2024-01-17-05-58-00.pdf",
        "periodicity": "periodic"
    },
    {
        "equity_ticker": "GWRE",
        "geography": "US",
        "content_name": "Analyst Day 2020 - October 13, 2020",
        "file_type": "pdf",
        "content_type": "company_conference_transcript",
        "published_date": "2020-10-13",
        "fiscal_date": "2020-10-13",
        "fiscal_year": null,
        "fiscal_quarter": null,
        "r2_url": "https://pub-2c783279b61043e19fbdadd1bee5153a.r2.dev/GWRE/2020-10-13/Guidewire%20Software%2C%20Inc._2020-10-13_transcript/Guidewire%20Software%2C%20Inc._2020-10-13_transcript.pdf%5CGuidewire%20Software%2C%20Inc._2020-10-13_transcript.pdf",
        "periodicity": "non_periodic"
    },
    {
        "equity_ticker": "GWRE",
        "geography": "US",
        "content_name": "Analyst Day 2020 - October 13, 2020",
        "file_type": "pdf",
        "content_type": "company_conference_presentation",
        "published_date": "2020-10-13",
        "fiscal_date": "2020-10-13",
        "fiscal_year": null,
        "fiscal_quarter": null,
        "r2_url": "https://pub-2c783279b61043e19fbdadd1bee5153a.r2.dev/GWRE/2020-10-13/966ab-2024-01-17-05-31-04/966ab-2024-01-17-05-31-04.pdf%5C966ab-2024-01-17-05-31-04.pdf",
        "periodicity": "non_periodic"
    },
    {
        "equity_ticker": "GWRE",
        "geography": "US",
        "content_name": "GWRE Q4 2020 Transcript",
        "file_type": "pdf",
        "content_type": "earnings_transcript",
        "published_date": "2020-09-02",
        "fiscal_date": "2020-09-02",
        "fiscal_year": 2020,
        "fiscal_quarter": 4,
        "r2_url": "https://pub-2c783279b61043e19fbdadd1bee5153a.r2.dev/GWRE/2020-09-02/Guidewire%20Software%2C%20Inc._2020-09-02_transcript/Guidewire%20Software%2C%20Inc._2020-09-02_transcript.pdf%5CGuidewire%20Software%2C%20Inc._2020-09-02_transcript.pdf",
        "periodicity": "periodic"
    },
    {
        "equity_ticker": "GWRE",
        "geography": "US",
        "content_name": "GWRE Q4 2020 Press Release",
        "file_type": "pdf",
        "content_type": "earnings_press_release",
        "published_date": "2020-09-02",
        "fiscal_date": "2020-09-02",
        "fiscal_year": 2020,
        "fiscal_quarter": 4,
        "r2_url": "https://pub-2c783279b61043e19fbdadd1bee5153a.r2.dev/GWRE/2020-09-02/2949c-2024-01-17-05-27-11/2949c-2024-01-17-05-27-11.pdf%5C2949c-2024-01-17-05-27-11.pdf",
        "periodicity": "periodic"
    },
    {
        "equity_ticker": "GWRE",
        "geography": "US",
        "content_name": "GWRE Q3 2020 Transcript",
        "file_type": "pdf",
        "content_type": "earnings_transcript",
        "published_date": "2020-06-03",
        "fiscal_date": "2020-06-03",
        "fiscal_year": 2020,
        "fiscal_quarter": 3,
        "r2_url": "https://pub-2c783279b61043e19fbdadd1bee5153a.r2.dev/GWRE/2020-06-03/Guidewire%20Software%2C%20Inc._2020-06-03_transcript/Guidewire%20Software%2C%20Inc._2020-06-03_transcript.pdf%5CGuidewire%20Software%2C%20Inc._2020-06-03_transcript.pdf",
        "periodicity": "periodic"
    },
    {
        "equity_ticker": "GWRE",
        "geography": "US",
        "content_name": "GWRE Q3 2020 Press Release",
        "file_type": "pdf",
        "content_type": "earnings_press_release",
        "published_date": "2020-06-03",
        "fiscal_date": "2020-06-03",
        "fiscal_year": 2020,
        "fiscal_quarter": 3,
        "r2_url": "https://pub-2c783279b61043e19fbdadd1bee5153a.r2.dev/GWRE/2020-06-03/fad35-2024-01-17-05-34-13/fad35-2024-01-17-05-34-13.pdf%5Cfad35-2024-01-17-05-34-13.pdf",
        "periodicity": "periodic"
    },
    {
        "equity_ticker": "GWRE",
        "geography": "US",
        "content_name": "GWRE Q2 2020 Transcript",
        "file_type": "pdf",
        "content_type": "earnings_transcript",
        "published_date": "2020-03-04",
        "fiscal_date": "2020-03-04",
        "fiscal_year": 2020,
        "fiscal_quarter": 2,
        "r2_url": "https://pub-2c783279b61043e19fbdadd1bee5153a.r2.dev/GWRE/2020-03-04/Guidewire%20Software%2C%20Inc._2020-03-04_transcript/Guidewire%20Software%2C%20Inc._2020-03-04_transcript.pdf%5CGuidewire%20Software%2C%20Inc._2020-03-04_transcript.pdf",
        "periodicity": "periodic"
    },
    {
        "equity_ticker": "GWRE",
        "geography": "US",
        "content_name": "AGM 2019 - December 17, 2019",
        "file_type": "pdf",
        "content_type": "company_conference_transcript",
        "published_date": "2019-12-17",
        "fiscal_date": "2019-12-17",
        "fiscal_year": null,
        "fiscal_quarter": null,
        "r2_url": "https://pub-2c783279b61043e19fbdadd1bee5153a.r2.dev/GWRE/2019-12-17/Guidewire%20Software%2C%20Inc._2019-12-17_transcript/Guidewire%20Software%2C%20Inc._2019-12-17_transcript.pdf%5CGuidewire%20Software%2C%20Inc._2019-12-17_transcript.pdf",
        "periodicity": "non_periodic"
    },
    {
        "equity_ticker": "GWRE",
        "geography": "US",
        "content_name": "GWRE Q1 2020 Transcript",
        "file_type": "pdf",
        "content_type": "earnings_transcript",
        "published_date": "2019-12-05",
        "fiscal_date": "2019-12-05",
        "fiscal_year": 2020,
        "fiscal_quarter": 1,
        "r2_url": "https://pub-2c783279b61043e19fbdadd1bee5153a.r2.dev/GWRE/2019-12-05/Guidewire%20Software%2C%20Inc._2019-12-05_transcript/Guidewire%20Software%2C%20Inc._2019-12-05_transcript.pdf%5CGuidewire%20Software%2C%20Inc._2019-12-05_transcript.pdf",
        "periodicity": "periodic"
    },
    {
        "equity_ticker": "GWRE",
        "geography": "US",
        "content_name": "GWRE Q1 2020 Press Release",
        "file_type": "pdf",
        "content_type": "earnings_press_release",
        "published_date": "2019-12-05",
        "fiscal_date": "2019-12-05",
        "fiscal_year": 2020,
        "fiscal_quarter": 1,
        "r2_url": "https://pub-2c783279b61043e19fbdadd1bee5153a.r2.dev/GWRE/2019-12-05/d1d00-2024-01-17-05-51-23/d1d00-2024-01-17-05-51-23.pdf%5Cd1d00-2024-01-17-05-51-23.pdf",
        "periodicity": "periodic"
    },
    {
        "equity_ticker": "GWRE",
        "geography": "US",
        "content_name": "Analyst Day 2019 - September 26, 2019",
        "file_type": "pdf",
        "content_type": "company_conference_transcript",
        "published_date": "2019-09-26",
        "fiscal_date": "2019-09-26",
        "fiscal_year": null,
        "fiscal_quarter": null,
        "r2_url": "https://pub-2c783279b61043e19fbdadd1bee5153a.r2.dev/GWRE/2019-09-26/Guidewire%20Software%2C%20Inc._2019-09-26_transcript/Guidewire%20Software%2C%20Inc._2019-09-26_transcript.pdf%5CGuidewire%20Software%2C%20Inc._2019-09-26_transcript.pdf",
        "periodicity": "non_periodic"
    },
    {
        "equity_ticker": "GWRE",
        "geography": "US",
        "content_name": "Analyst Day 2019 - September 26, 2019",
        "file_type": "pdf",
        "content_type": "company_conference_presentation",
        "published_date": "2019-09-26",
        "fiscal_date": "2019-09-26",
        "fiscal_year": null,
        "fiscal_quarter": null,
        "r2_url": "https://pub-2c783279b61043e19fbdadd1bee5153a.r2.dev/GWRE/2019-09-26/01361-2024-01-17-05-15-47/01361-2024-01-17-05-15-47.pdf%5C01361-2024-01-17-05-15-47.pdf",
        "periodicity": "non_periodic"
    },
    {
        "equity_ticker": "GWRE",
        "geography": "US",
        "content_name": "GWRE Q4 2019 Transcript",
        "file_type": "pdf",
        "content_type": "earnings_transcript",
        "published_date": "2019-09-05",
        "fiscal_date": "2019-09-05",
        "fiscal_year": 2019,
        "fiscal_quarter": 4,
        "r2_url": "https://pub-2c783279b61043e19fbdadd1bee5153a.r2.dev/GWRE/2019-09-05/Guidewire%20Software%2C%20Inc._2019-09-05_transcript/Guidewire%20Software%2C%20Inc._2019-09-05_transcript.pdf%5CGuidewire%20Software%2C%20Inc._2019-09-05_transcript.pdf",
        "periodicity": "periodic"
    },
    {
        "equity_ticker": "GWRE",
        "geography": "US",
        "content_name": "GWRE Q4 2019 Press Release",
        "file_type": "pdf",
        "content_type": "earnings_press_release",
        "published_date": "2019-09-05",
        "fiscal_date": "2019-09-05",
        "fiscal_year": 2019,
        "fiscal_quarter": 4,
        "r2_url": "https://pub-2c783279b61043e19fbdadd1bee5153a.r2.dev/GWRE/2019-09-05/46b93-2024-01-17-05-03-49/46b93-2024-01-17-05-03-49.pdf%5C46b93-2024-01-17-05-03-49.pdf",
        "periodicity": "periodic"
    },
    {
        "equity_ticker": "GWRE",
        "geography": "US",
        "content_name": "GWRE Q3 2019 Transcript",
        "file_type": "pdf",
        "content_type": "earnings_transcript",
        "published_date": "2019-06-04",
        "fiscal_date": "2019-06-04",
        "fiscal_year": 2019,
        "fiscal_quarter": 3,
        "r2_url": "https://pub-2c783279b61043e19fbdadd1bee5153a.r2.dev/GWRE/2019-06-04/Guidewire%20Software%2C%20Inc._2019-06-04_transcript/Guidewire%20Software%2C%20Inc._2019-06-04_transcript.pdf%5CGuidewire%20Software%2C%20Inc._2019-06-04_transcript.pdf",
        "periodicity": "periodic"
    },
    {
        "equity_ticker": "GWRE",
        "geography": "US",
        "content_name": "GWRE Q3 2019 Press Release",
        "file_type": "pdf",
        "content_type": "earnings_press_release",
        "published_date": "2019-06-04",
        "fiscal_date": "2019-06-04",
        "fiscal_year": 2019,
        "fiscal_quarter": 3,
        "r2_url": "https://pub-2c783279b61043e19fbdadd1bee5153a.r2.dev/GWRE/2019-06-04/f18a9-2024-01-17-05-46-50/f18a9-2024-01-17-05-46-50.pdf%5Cf18a9-2024-01-17-05-46-50.pdf",
        "periodicity": "periodic"
    },
    {
        "equity_ticker": "GWRE",
        "geography": "US",
        "content_name": "GWRE Q2 2019 Transcript",
        "file_type": "pdf",
        "content_type": "earnings_transcript",
        "published_date": "2019-03-06",
        "fiscal_date": "2019-03-06",
        "fiscal_year": 2019,
        "fiscal_quarter": 2,
        "r2_url": "https://pub-2c783279b61043e19fbdadd1bee5153a.r2.dev/GWRE/2019-03-06/Guidewire%20Software%2C%20Inc._2019-03-06_transcript/Guidewire%20Software%2C%20Inc._2019-03-06_transcript.pdf%5CGuidewire%20Software%2C%20Inc._2019-03-06_transcript.pdf",
        "periodicity": "periodic"
    },
    {
        "equity_ticker": "GWRE",
        "geography": "US",
        "content_name": "GWRE Q2 2019 Press Release",
        "file_type": "pdf",
        "content_type": "earnings_press_release",
        "published_date": "2019-03-06",
        "fiscal_date": "2019-03-06",
        "fiscal_year": 2019,
        "fiscal_quarter": 2,
        "r2_url": "https://pub-2c783279b61043e19fbdadd1bee5153a.r2.dev/GWRE/2019-03-06/fcfd2-2024-01-17-05-44-53/fcfd2-2024-01-17-05-44-53.pdf%5Cfcfd2-2024-01-17-05-44-53.pdf",
        "periodicity": "periodic"
    },
    {
        "equity_ticker": "GWRE",
        "geography": "US",
        "content_name": "GWRE Q1 2019 Transcript",
        "file_type": "pdf",
        "content_type": "earnings_transcript",
        "published_date": "2018-12-04",
        "fiscal_date": "2018-12-04",
        "fiscal_year": 2019,
        "fiscal_quarter": 1,
        "r2_url": "https://pub-2c783279b61043e19fbdadd1bee5153a.r2.dev/GWRE/2018-12-04/Guidewire%20Software%2C%20Inc._2018-12-04_transcript/Guidewire%20Software%2C%20Inc._2018-12-04_transcript.pdf%5CGuidewire%20Software%2C%20Inc._2018-12-04_transcript.pdf",
        "periodicity": "periodic"
    },
    {
        "equity_ticker": "GWRE",
        "geography": "US",
        "content_name": "GWRE Q1 2019 Press Release",
        "file_type": "pdf",
        "content_type": "earnings_press_release",
        "published_date": "2018-12-04",
        "fiscal_date": "2018-12-04",
        "fiscal_year": 2019,
        "fiscal_quarter": 1,
        "r2_url": "https://pub-2c783279b61043e19fbdadd1bee5153a.r2.dev/GWRE/2018-12-04/20999-2024-01-17-05-33-55/20999-2024-01-17-05-33-55.pdf%5C20999-2024-01-17-05-33-55.pdf",
        "periodicity": "periodic"
    },
    {
        "equity_ticker": "GWRE",
        "geography": "US",
        "content_name": "Analyst Day 2018 - September 20, 2018",
        "file_type": "pdf",
        "content_type": "company_conference_transcript",
        "published_date": "2018-09-20",
        "fiscal_date": "2018-09-20",
        "fiscal_year": null,
        "fiscal_quarter": null,
        "r2_url": "https://pub-2c783279b61043e19fbdadd1bee5153a.r2.dev/GWRE/2018-09-20/Guidewire%20Software%2C%20Inc._2018-09-20_transcript/Guidewire%20Software%2C%20Inc._2018-09-20_transcript.pdf%5CGuidewire%20Software%2C%20Inc._2018-09-20_transcript.pdf",
        "periodicity": "non_periodic"
    },
    {
        "equity_ticker": "GWRE",
        "geography": "US",
        "content_name": "Analyst Day 2018 - September 20, 2018",
        "file_type": "pdf",
        "content_type": "company_conference_presentation",
        "published_date": "2018-09-20",
        "fiscal_date": "2018-09-20",
        "fiscal_year": null,
        "fiscal_quarter": null,
        "r2_url": "https://pub-2c783279b61043e19fbdadd1bee5153a.r2.dev/GWRE/2018-09-20/8dfd6-2024-01-17-05-54-57/8dfd6-2024-01-17-05-54-57.pdf%5C8dfd6-2024-01-17-05-54-57.pdf",
        "periodicity": "non_periodic"
    },
    {
        "equity_ticker": "GWRE",
        "geography": "US",
        "content_name": "GWRE Q4 2018 Transcript",
        "file_type": "pdf",
        "content_type": "earnings_transcript",
        "published_date": "2018-09-05",
        "fiscal_date": "2018-09-05",
        "fiscal_year": 2018,
        "fiscal_quarter": 4,
        "r2_url": "https://pub-2c783279b61043e19fbdadd1bee5153a.r2.dev/GWRE/2018-09-05/Guidewire%20Software%2C%20Inc._2018-09-05_transcript/Guidewire%20Software%2C%20Inc._2018-09-05_transcript.pdf%5CGuidewire%20Software%2C%20Inc._2018-09-05_transcript.pdf",
        "periodicity": "periodic"
    },
    {
        "equity_ticker": "GWRE",
        "geography": "US",
        "content_name": "GWRE Q4 2018 Press Release",
        "file_type": "pdf",
        "content_type": "earnings_press_release",
        "published_date": "2018-09-05",
        "fiscal_date": "2018-09-05",
        "fiscal_year": 2018,
        "fiscal_quarter": 4,
        "r2_url": "https://pub-2c783279b61043e19fbdadd1bee5153a.r2.dev/GWRE/2018-09-05/0ba4a-2024-01-17-05-20-59/0ba4a-2024-01-17-05-20-59.pdf%5C0ba4a-2024-01-17-05-20-59.pdf",
        "periodicity": "periodic"
    },
    {
        "equity_ticker": "GWRE",
        "geography": "US",
        "content_name": "GWRE Q3 2018 Transcript",
        "file_type": "pdf",
        "content_type": "earnings_transcript",
        "published_date": "2018-06-05",
        "fiscal_date": "2018-06-05",
        "fiscal_year": 2018,
        "fiscal_quarter": 3,
        "r2_url": "https://pub-2c783279b61043e19fbdadd1bee5153a.r2.dev/GWRE/2018-06-05/Guidewire%20Software%2C%20Inc._2018-06-05_transcript/Guidewire%20Software%2C%20Inc._2018-06-05_transcript.pdf%5CGuidewire%20Software%2C%20Inc._2018-06-05_transcript.pdf",
        "periodicity": "periodic"
    },
    {
        "equity_ticker": "GWRE",
        "geography": "US",
        "content_name": "GWRE Q3 2018 Press Release",
        "file_type": "pdf",
        "content_type": "earnings_press_release",
        "published_date": "2018-06-05",
        "fiscal_date": "2018-06-05",
        "fiscal_year": 2018,
        "fiscal_quarter": 3,
        "r2_url": "https://pub-2c783279b61043e19fbdadd1bee5153a.r2.dev/GWRE/2018-06-05/7fbee-2024-01-17-06-24-00/7fbee-2024-01-17-06-24-00.pdf%5C7fbee-2024-01-17-06-24-00.pdf",
        "periodicity": "periodic"
    },
    {
        "equity_ticker": "GWRE",
        "geography": "US",
        "content_name": "GWRE Q2 2018 Transcript",
        "file_type": "pdf",
        "content_type": "earnings_transcript",
        "published_date": "2018-03-06",
        "fiscal_date": "2018-03-06",
        "fiscal_year": 2018,
        "fiscal_quarter": 2,
        "r2_url": "https://pub-2c783279b61043e19fbdadd1bee5153a.r2.dev/GWRE/2018-03-06/Guidewire%20Software%2C%20Inc._2018-03-06_transcript/Guidewire%20Software%2C%20Inc._2018-03-06_transcript.pdf%5CGuidewire%20Software%2C%20Inc._2018-03-06_transcript.pdf",
        "periodicity": "periodic"
    },
    {
        "equity_ticker": "GWRE",
        "geography": "US",
        "content_name": "GWRE Q2 2018 Press Release",
        "file_type": "pdf",
        "content_type": "earnings_press_release",
        "published_date": "2018-03-06",
        "fiscal_date": "2018-03-06",
        "fiscal_year": 2018,
        "fiscal_quarter": 2,
        "r2_url": "https://pub-2c783279b61043e19fbdadd1bee5153a.r2.dev/GWRE/2018-03-06/8ad51-2024-01-17-06-38-01/8ad51-2024-01-17-06-38-01.pdf%5C8ad51-2024-01-17-06-38-01.pdf",
        "periodicity": "periodic"
    },
    {
        "equity_ticker": "GWRE",
        "geography": "US",
        "content_name": "GWRE Q1 2018 Transcript",
        "file_type": "pdf",
        "content_type": "earnings_transcript",
        "published_date": "2017-11-29",
        "fiscal_date": "2017-11-29",
        "fiscal_year": 2018,
        "fiscal_quarter": 1,
        "r2_url": "https://pub-2c783279b61043e19fbdadd1bee5153a.r2.dev/GWRE/2017-11-29/Guidewire%20Software%2C%20Inc._2017-11-29_transcript/Guidewire%20Software%2C%20Inc._2017-11-29_transcript.pdf%5CGuidewire%20Software%2C%20Inc._2017-11-29_transcript.pdf",
        "periodicity": "periodic"
    },
    {
        "equity_ticker": "GWRE",
        "geography": "US",
        "content_name": "GWRE Q1 2018 Press Release",
        "file_type": "pdf",
        "content_type": "earnings_press_release",
        "published_date": "2017-11-29",
        "fiscal_date": "2017-11-29",
        "fiscal_year": 2018,
        "fiscal_quarter": 1,
        "r2_url": "https://pub-2c783279b61043e19fbdadd1bee5153a.r2.dev/GWRE/2017-11-29/0ed25-2024-01-17-06-31-02/0ed25-2024-01-17-06-31-02.pdf%5C0ed25-2024-01-17-06-31-02.pdf",
        "periodicity": "periodic"
    },
    {
        "equity_ticker": "GWRE",
        "geography": "US",
        "content_name": "GWRE Q4 2017 Transcript",
        "file_type": "pdf",
        "content_type": "earnings_transcript",
        "published_date": "2017-09-20",
        "fiscal_date": "2017-09-20",
        "fiscal_year": 2017,
        "fiscal_quarter": 4,
        "r2_url": "https://pub-2c783279b61043e19fbdadd1bee5153a.r2.dev/GWRE/2017-09-20/Guidewire%20Software%2C%20Inc._2017-09-20_transcript/Guidewire%20Software%2C%20Inc._2017-09-20_transcript.pdf%5CGuidewire%20Software%2C%20Inc._2017-09-20_transcript.pdf",
        "periodicity": "periodic"
    },
    {
        "equity_ticker": "GWRE",
        "geography": "US",
        "content_name": "GWRE Q4 2017 Press Release",
        "file_type": "pdf",
        "content_type": "annual_report",
        "published_date": "2017-09-20",
        "fiscal_date": "2017-09-20",
        "fiscal_year": 2017,
        "fiscal_quarter": 4,
        "r2_url": "https://pub-2c783279b61043e19fbdadd1bee5153a.r2.dev/GWRE/2017-09-20/ff7c6-2023-09-05-09-49-03/ff7c6-2023-09-05-09-49-03.pdf%5Cff7c6-2023-09-05-09-49-03.pdf",
        "periodicity": "periodic"
    },
    {
        "equity_ticker": "GWRE",
        "geography": "US",
        "content_name": "GWRE Q3 2017 Transcript",
        "file_type": "pdf",
        "content_type": "earnings_transcript",
        "published_date": "2017-06-01",
        "fiscal_date": "2017-06-01",
        "fiscal_year": 2017,
        "fiscal_quarter": 3,
        "r2_url": "https://pub-2c783279b61043e19fbdadd1bee5153a.r2.dev/GWRE/2017-06-01/Guidewire%20Software%2C%20Inc._2017-06-01_transcript/Guidewire%20Software%2C%20Inc._2017-06-01_transcript.pdf%5CGuidewire%20Software%2C%20Inc._2017-06-01_transcript.pdf",
        "periodicity": "periodic"
    },
    {
        "equity_ticker": "GWRE",
        "geography": "US",
        "content_name": "GWRE Q2 2017 Transcript",
        "file_type": "pdf",
        "content_type": "earnings_transcript",
        "published_date": "2017-03-02",
        "fiscal_date": "2017-03-02",
        "fiscal_year": 2017,
        "fiscal_quarter": 2,
        "r2_url": "https://pub-2c783279b61043e19fbdadd1bee5153a.r2.dev/GWRE/2017-03-02/Guidewire%20Software%2C%20Inc._2017-03-02_transcript/Guidewire%20Software%2C%20Inc._2017-03-02_transcript.pdf%5CGuidewire%20Software%2C%20Inc._2017-03-02_transcript.pdf",
        "periodicity": "periodic"
    },
    {
        "equity_ticker": "GWRE",
        "geography": "US",
        "content_name": "GWRE Q1 2017 Transcript",
        "file_type": "pdf",
        "content_type": "earnings_transcript",
        "published_date": "2016-11-29",
        "fiscal_date": "2016-11-29",
        "fiscal_year": 2017,
        "fiscal_quarter": 1,
        "r2_url": "https://pub-2c783279b61043e19fbdadd1bee5153a.r2.dev/GWRE/2016-11-29/Guidewire%20Software%2C%20Inc._2016-11-29_transcript/Guidewire%20Software%2C%20Inc._2016-11-29_transcript.pdf%5CGuidewire%20Software%2C%20Inc._2016-11-29_transcript.pdf",
        "periodicity": "periodic"
    },
    {
        "equity_ticker": "GWRE",
        "geography": "US",
        "content_name": "GWRE Q4 2016 Transcript",
        "file_type": "pdf",
        "content_type": "earnings_transcript",
        "published_date": "2016-09-15",
        "fiscal_date": "2016-09-15",
        "fiscal_year": 2016,
        "fiscal_quarter": 4,
        "r2_url": "https://pub-2c783279b61043e19fbdadd1bee5153a.r2.dev/GWRE/2016-09-15/Guidewire%20Software%2C%20Inc._2016-09-15_transcript/Guidewire%20Software%2C%20Inc._2016-09-15_transcript.pdf%5CGuidewire%20Software%2C%20Inc._2016-09-15_transcript.pdf",
        "periodicity": "periodic"
    },
    {
        "equity_ticker": "GWRE",
        "geography": "US",
        "content_name": "GWRE Q4 2016 Press Release",
        "file_type": "pdf",
        "content_type": "annual_report",
        "published_date": "2016-09-15",
        "fiscal_date": "2016-09-15",
        "fiscal_year": 2016,
        "fiscal_quarter": 4,
        "r2_url": "https://pub-2c783279b61043e19fbdadd1bee5153a.r2.dev/GWRE/2016-09-15/f3813-2023-09-05-09-11-04/f3813-2023-09-05-09-11-04.pdf%5Cf3813-2023-09-05-09-11-04.pdf",
        "periodicity": "periodic"
    },
    {
        "equity_ticker": "GWRE",
        "geography": "US",
        "content_name": "GWRE Q3 2016 Transcript",
        "file_type": "pdf",
        "content_type": "earnings_transcript",
        "published_date": "2016-06-01",
        "fiscal_date": "2016-06-01",
        "fiscal_year": 2016,
        "fiscal_quarter": 3,
        "r2_url": "https://pub-2c783279b61043e19fbdadd1bee5153a.r2.dev/GWRE/2016-06-01/Guidewire%20Software%2C%20Inc._2016-06-01_transcript/Guidewire%20Software%2C%20Inc._2016-06-01_transcript.pdf%5CGuidewire%20Software%2C%20Inc._2016-06-01_transcript.pdf",
        "periodicity": "periodic"
    },
    {
        "equity_ticker": "GWRE",
        "geography": "US",
        "content_name": "GWRE Q2 2016 Transcript",
        "file_type": "pdf",
        "content_type": "earnings_transcript",
        "published_date": "2016-03-01",
        "fiscal_date": "2016-03-01",
        "fiscal_year": 2016,
        "fiscal_quarter": 2,
        "r2_url": "https://pub-2c783279b61043e19fbdadd1bee5153a.r2.dev/GWRE/2016-03-01/Guidewire%20Software%2C%20Inc._2016-03-01_transcript/Guidewire%20Software%2C%20Inc._2016-03-01_transcript.pdf%5CGuidewire%20Software%2C%20Inc._2016-03-01_transcript.pdf",
        "periodicity": "periodic"
    },
    {
        "equity_ticker": "GWRE",
        "geography": "US",
        "content_name": "GWRE Q1 2016 Transcript",
        "file_type": "pdf",
        "content_type": "earnings_transcript",
        "published_date": "2015-12-01",
        "fiscal_date": "2015-12-01",
        "fiscal_year": 2016,
        "fiscal_quarter": 1,
        "r2_url": "https://pub-2c783279b61043e19fbdadd1bee5153a.r2.dev/GWRE/2015-12-01/Guidewire%20Software%2C%20Inc._2015-12-01_transcript/Guidewire%20Software%2C%20Inc._2015-12-01_transcript.pdf%5CGuidewire%20Software%2C%20Inc._2015-12-01_transcript.pdf",
        "periodicity": "periodic"
    },
    {
        "equity_ticker": "GWRE",
        "geography": "US",
        "content_name": "GWRE Q4 2015 Transcript",
        "file_type": "pdf",
        "content_type": "earnings_transcript",
        "published_date": "2015-09-17",
        "fiscal_date": "2015-09-17",
        "fiscal_year": 2015,
        "fiscal_quarter": 4,
        "r2_url": "https://pub-2c783279b61043e19fbdadd1bee5153a.r2.dev/GWRE/2015-09-17/Guidewire%20Software%2C%20Inc._2015-09-17_transcript/Guidewire%20Software%2C%20Inc._2015-09-17_transcript.pdf%5CGuidewire%20Software%2C%20Inc._2015-09-17_transcript.pdf",
        "periodicity": "periodic"
    },
    {
        "equity_ticker": "GWRE",
        "geography": "US",
        "content_name": "GWRE Q4 2015 Press Release",
        "file_type": "pdf",
        "content_type": "annual_report",
        "published_date": "2015-09-17",
        "fiscal_date": "2015-09-17",
        "fiscal_year": 2015,
        "fiscal_quarter": 4,
        "r2_url": "https://pub-2c783279b61043e19fbdadd1bee5153a.r2.dev/GWRE/2015-09-17/3064c-2023-09-05-09-20-04/3064c-2023-09-05-09-20-04.pdf%5C3064c-2023-09-05-09-20-04.pdf",
        "periodicity": "periodic"
    },
    {
        "equity_ticker": "GWRE",
        "geography": "US",
        "content_name": "GWRE Q3 2015 Transcript",
        "file_type": "pdf",
        "content_type": "earnings_transcript",
        "published_date": "2015-06-02",
        "fiscal_date": "2015-06-02",
        "fiscal_year": 2015,
        "fiscal_quarter": 3,
        "r2_url": "https://pub-2c783279b61043e19fbdadd1bee5153a.r2.dev/GWRE/2015-06-02/Guidewire%20Software%2C%20Inc._2015-06-02_transcript/Guidewire%20Software%2C%20Inc._2015-06-02_transcript.pdf%5CGuidewire%20Software%2C%20Inc._2015-06-02_transcript.pdf",
        "periodicity": "periodic"
    },
    {
        "equity_ticker": "GWRE",
        "geography": "US",
        "content_name": "GWRE Q2 2015 Transcript",
        "file_type": "pdf",
        "content_type": "earnings_transcript",
        "published_date": "2015-03-02",
        "fiscal_date": "2015-03-02",
        "fiscal_year": 2015,
        "fiscal_quarter": 2,
        "r2_url": "https://pub-2c783279b61043e19fbdadd1bee5153a.r2.dev/GWRE/2015-03-02/Guidewire%20Software%2C%20Inc._2015-03-02_transcript/Guidewire%20Software%2C%20Inc._2015-03-02_transcript.pdf%5CGuidewire%20Software%2C%20Inc._2015-03-02_transcript.pdf",
        "periodicity": "periodic"
    },
    {
        "equity_ticker": "GWRE",
        "geography": "US",
        "content_name": "GWRE Q1 2015 Transcript",
        "file_type": "pdf",
        "content_type": "earnings_transcript",
        "published_date": "2014-12-02",
        "fiscal_date": "2014-12-02",
        "fiscal_year": 2015,
        "fiscal_quarter": 1,
        "r2_url": "https://pub-2c783279b61043e19fbdadd1bee5153a.r2.dev/GWRE/2014-12-02/Guidewire%20Software%2C%20Inc._2014-12-02_transcript/Guidewire%20Software%2C%20Inc._2014-12-02_transcript.pdf%5CGuidewire%20Software%2C%20Inc._2014-12-02_transcript.pdf",
        "periodicity": "periodic"
    },
    {
        "equity_ticker": "GWRE",
        "geography": "US",
        "content_name": "GWRE Q4 2014 Transcript",
        "file_type": "pdf",
        "content_type": "earnings_transcript",
        "published_date": "2014-09-02",
        "fiscal_date": "2014-09-02",
        "fiscal_year": 2014,
        "fiscal_quarter": 4,
        "r2_url": "https://pub-2c783279b61043e19fbdadd1bee5153a.r2.dev/GWRE/2014-09-02/Guidewire%20Software%2C%20Inc._2014-09-02_transcript/Guidewire%20Software%2C%20Inc._2014-09-02_transcript.pdf%5CGuidewire%20Software%2C%20Inc._2014-09-02_transcript.pdf",
        "periodicity": "periodic"
    },
    {
        "equity_ticker": "GWRE",
        "geography": "US",
        "content_name": "GWRE Q3 2014 Transcript",
        "file_type": "pdf",
        "content_type": "earnings_transcript",
        "published_date": "2014-06-02",
        "fiscal_date": "2014-06-02",
        "fiscal_year": 2014,
        "fiscal_quarter": 3,
        "r2_url": "https://pub-2c783279b61043e19fbdadd1bee5153a.r2.dev/GWRE/2014-06-02/Guidewire%20Software%2C%20Inc._2014-06-02_transcript/Guidewire%20Software%2C%20Inc._2014-06-02_transcript.pdf%5CGuidewire%20Software%2C%20Inc._2014-06-02_transcript.pdf",
        "periodicity": "periodic"
    },
    {
        "equity_ticker": "GWRE",
        "geography": "US",
        "content_name": "GWRE Q2 2014 Transcript",
        "file_type": "pdf",
        "content_type": "earnings_transcript",
        "published_date": "2014-03-03",
        "fiscal_date": "2014-03-03",
        "fiscal_year": 2014,
        "fiscal_quarter": 2,
        "r2_url": "https://pub-2c783279b61043e19fbdadd1bee5153a.r2.dev/GWRE/2014-03-03/Guidewire%20Software%2C%20Inc._2014-03-03_transcript/Guidewire%20Software%2C%20Inc._2014-03-03_transcript.pdf%5CGuidewire%20Software%2C%20Inc._2014-03-03_transcript.pdf",
        "periodicity": "periodic"
    },
    {
        "equity_ticker": "GWRE",
        "geography": "US",
        "content_name": "GWRE Q1 2014 Transcript",
        "file_type": "pdf",
        "content_type": "earnings_transcript",
        "published_date": "2013-12-03",
        "fiscal_date": "2013-12-03",
        "fiscal_year": 2014,
        "fiscal_quarter": 1,
        "r2_url": "https://pub-2c783279b61043e19fbdadd1bee5153a.r2.dev/GWRE/2013-12-03/Guidewire%20Software%2C%20Inc._2013-12-03_transcript/Guidewire%20Software%2C%20Inc._2013-12-03_transcript.pdf%5CGuidewire%20Software%2C%20Inc._2013-12-03_transcript.pdf",
        "periodicity": "periodic"
    },
    {
        "equity_ticker": "GWRE",
        "geography": "US",
        "content_name": "GWRE Q4 2013 Transcript",
        "file_type": "pdf",
        "content_type": "earnings_transcript",
        "published_date": "2013-09-03",
        "fiscal_date": "2013-09-03",
        "fiscal_year": 2013,
        "fiscal_quarter": 4,
        "r2_url": "https://pub-2c783279b61043e19fbdadd1bee5153a.r2.dev/GWRE/2013-09-03/Guidewire%20Software%2C%20Inc._2013-09-03_transcript/Guidewire%20Software%2C%20Inc._2013-09-03_transcript.pdf%5CGuidewire%20Software%2C%20Inc._2013-09-03_transcript.pdf",
        "periodicity": "periodic"
    },
    {
        "equity_ticker": "GWRE",
        "geography": "US",
        "content_name": "GWRE Q3 2013 Transcript",
        "file_type": "pdf",
        "content_type": "earnings_transcript",
        "published_date": "2013-05-28",
        "fiscal_date": "2013-05-28",
        "fiscal_year": 2013,
        "fiscal_quarter": 3,
        "r2_url": "https://pub-2c783279b61043e19fbdadd1bee5153a.r2.dev/GWRE/2013-05-28/Guidewire%20Software%2C%20Inc._2013-05-28_transcript/Guidewire%20Software%2C%20Inc._2013-05-28_transcript.pdf%5CGuidewire%20Software%2C%20Inc._2013-05-28_transcript.pdf",
        "periodicity": "periodic"
    },
    {
        "equity_ticker": "GWRE",
        "geography": "US",
        "content_name": "GWRE Q2 2013 Transcript",
        "file_type": "pdf",
        "content_type": "earnings_transcript",
        "published_date": "2013-02-26",
        "fiscal_date": "2013-02-26",
        "fiscal_year": 2013,
        "fiscal_quarter": 2,
        "r2_url": "https://pub-2c783279b61043e19fbdadd1bee5153a.r2.dev/GWRE/2013-02-26/Guidewire%20Software%2C%20Inc._2013-02-26_transcript/Guidewire%20Software%2C%20Inc._2013-02-26_transcript.pdf%5CGuidewire%20Software%2C%20Inc._2013-02-26_transcript.pdf",
        "periodicity": "periodic"
    },
    {
        "equity_ticker": "GWRE",
        "geography": "US",
        "content_name": "GWRE Q1 2013 Transcript",
        "file_type": "pdf",
        "content_type": "earnings_transcript",
        "published_date": "2012-11-28",
        "fiscal_date": "2012-11-28",
        "fiscal_year": 2013,
        "fiscal_quarter": 1,
        "r2_url": "https://pub-2c783279b61043e19fbdadd1bee5153a.r2.dev/GWRE/2012-11-28/Guidewire%20Software%2C%20Inc._2012-11-28_transcript/Guidewire%20Software%2C%20Inc._2012-11-28_transcript.pdf%5CGuidewire%20Software%2C%20Inc._2012-11-28_transcript.pdf",
        "periodicity": "periodic"
    },
    {
        "equity_ticker": "GWRE",
        "geography": "US",
        "content_name": "GWRE Q4 2012 Transcript",
        "file_type": "pdf",
        "content_type": "earnings_transcript",
        "published_date": "2012-09-04",
        "fiscal_date": "2012-09-04",
        "fiscal_year": 2012,
        "fiscal_quarter": 4,
        "r2_url": "https://pub-2c783279b61043e19fbdadd1bee5153a.r2.dev/GWRE/2012-09-04/Guidewire%20Software%2C%20Inc._2012-09-04_transcript/Guidewire%20Software%2C%20Inc._2012-09-04_transcript.pdf%5CGuidewire%20Software%2C%20Inc._2012-09-04_transcript.pdf",
        "periodicity": "periodic"
    },
    {
        "equity_ticker": "GWRE",
        "geography": "US",
        "content_name": "GWRE Q3 2012 Transcript",
        "file_type": "pdf",
        "content_type": "earnings_transcript",
        "published_date": "2012-06-05",
        "fiscal_date": "2012-06-05",
        "fiscal_year": 2012,
        "fiscal_quarter": 3,
        "r2_url": "https://pub-2c783279b61043e19fbdadd1bee5153a.r2.dev/GWRE/2012-06-05/Guidewire%20Software%2C%20Inc._2012-06-05_transcript/Guidewire%20Software%2C%20Inc._2012-06-05_transcript.pdf%5CGuidewire%20Software%2C%20Inc._2012-06-05_transcript.pdf",
        "periodicity": "periodic"
    },
    {
        "equity_ticker": "GWRE",
        "geography": "US",
        "content_name": "GWRE Q2 2012 Transcript",
        "file_type": "pdf",
        "content_type": "earnings_transcript",
        "published_date": "2012-03-13",
        "fiscal_date": "2012-03-13",
        "fiscal_year": 2012,
        "fiscal_quarter": 2,
        "r2_url": "https://pub-2c783279b61043e19fbdadd1bee5153a.r2.dev/GWRE/2012-03-13/Guidewire%20Software%2C%20Inc._2012-03-13_transcript/Guidewire%20Software%2C%20Inc._2012-03-13_transcript.pdf%5CGuidewire%20Software%2C%20Inc._2012-03-13_transcript.pdf",
        "periodicity": "periodic"
    },
    {
        "equity_ticker": "GWRE",
        "geography": "US",
        "content_name": "GWRE Q2 2025 10-Q",
        "file_type": "pdf",
        "content_type": "quarterly_report",
        "published_date": "2025-03-06",
        "fiscal_date": "2025-01-31",
        "fiscal_year": 2025,
        "fiscal_quarter": 2,
        "r2_url": "https://pub-2c783279b61043e19fbdadd1bee5153a.r2.dev/GWRE/2025-03-06/gwre-20250131.htm%5Cgwre-20250131.pdf",
        "periodicity": "periodic"
    },
    {
        "equity_ticker": "GWRE",
        "geography": "US",
        "content_name": "GWRE Q1 2025 10-Q",
        "file_type": "pdf",
        "content_type": "quarterly_report",
        "published_date": "2024-12-05",
        "fiscal_date": "2024-10-31",
        "fiscal_year": 2025,
        "fiscal_quarter": 1,
        "r2_url": "https://pub-2c783279b61043e19fbdadd1bee5153a.r2.dev/GWRE/2024-12-05/gwre-20241031.htm%5Cgwre-20241031.pdf",
        "periodicity": "periodic"
    },
    {
        "equity_ticker": "GWRE",
        "geography": "US",
        "content_name": "GWRE Q4 2024 10-K",
        "file_type": "pdf",
        "content_type": "annual_report",
        "published_date": "2024-09-16",
        "fiscal_date": "2024-07-31",
        "fiscal_year": 2024,
        "fiscal_quarter": 4,
        "r2_url": "https://pub-2c783279b61043e19fbdadd1bee5153a.r2.dev/GWRE/2024-09-16/gwre-20240731.htm%5Cgwre-20240731.pdf",
        "periodicity": "periodic"
    },
    {
        "equity_ticker": "GWRE",
        "geography": "US",
        "content_name": "GWRE Q3 2024 10-Q",
        "file_type": "pdf",
        "content_type": "quarterly_report",
        "published_date": "2024-06-04",
        "fiscal_date": "2024-04-30",
        "fiscal_year": 2024,
        "fiscal_quarter": 3,
        "r2_url": "https://pub-2c783279b61043e19fbdadd1bee5153a.r2.dev/GWRE/2024-06-04/gwre-20240430.htm%5Cgwre-20240430.pdf",
        "periodicity": "periodic"
    },
    {
        "equity_ticker": "GWRE",
        "geography": "US",
        "content_name": "GWRE Q2 2024 10-Q",
        "file_type": "pdf",
        "content_type": "quarterly_report",
        "published_date": "2024-03-07",
        "fiscal_date": "2024-01-31",
        "fiscal_year": 2024,
        "fiscal_quarter": 2,
        "r2_url": "https://pub-2c783279b61043e19fbdadd1bee5153a.r2.dev/GWRE/2024-03-07/gwre-20240131.htm%5Cgwre-20240131.pdf",
        "periodicity": "periodic"
    },
    {
        "equity_ticker": "GWRE",
        "geography": "US",
        "content_name": "GWRE Q1 2024 10-Q",
        "file_type": "pdf",
        "content_type": "quarterly_report",
        "published_date": "2023-12-07",
        "fiscal_date": "2023-10-31",
        "fiscal_year": 2024,
        "fiscal_quarter": 1,
        "r2_url": "https://pub-2c783279b61043e19fbdadd1bee5153a.r2.dev/GWRE/2023-12-07/gwre-20231031.htm%5Cgwre-20231031.pdf",
        "periodicity": "periodic"
    },
    {
        "equity_ticker": "GWRE",
        "geography": "US",
        "content_name": "GWRE Q4 2023 10-K",
        "file_type": "pdf",
        "content_type": "annual_report",
        "published_date": "2023-09-18",
        "fiscal_date": "2023-07-31",
        "fiscal_year": 2023,
        "fiscal_quarter": 4,
        "r2_url": "https://pub-2c783279b61043e19fbdadd1bee5153a.r2.dev/GWRE/2023-09-18/gwre-20230731.htm%5Cgwre-20230731.pdf",
        "periodicity": "periodic"
    },
    {
        "equity_ticker": "GWRE",
        "geography": "US",
        "content_name": "GWRE Q3 2023 10-Q",
        "file_type": "pdf",
        "content_type": "quarterly_report",
        "published_date": "2023-06-01",
        "fiscal_date": "2023-04-30",
        "fiscal_year": 2023,
        "fiscal_quarter": 3,
        "r2_url": "https://pub-2c783279b61043e19fbdadd1bee5153a.r2.dev/GWRE/2023-06-01/gwre-20230430.htm%5Cgwre-20230430.pdf",
        "periodicity": "periodic"
    },
    {
        "equity_ticker": "GWRE",
        "geography": "US",
        "content_name": "GWRE Q2 2023 10-Q",
        "file_type": "pdf",
        "content_type": "quarterly_report",
        "published_date": "2023-03-06",
        "fiscal_date": "2023-01-31",
        "fiscal_year": 2023,
        "fiscal_quarter": 2,
        "r2_url": "https://pub-2c783279b61043e19fbdadd1bee5153a.r2.dev/GWRE/2023-03-06/gwre-20230131.htm%5Cgwre-20230131.pdf",
        "periodicity": "periodic"
    },
    {
        "equity_ticker": "GWRE",
        "geography": "US",
        "content_name": "GWRE Q1 2023 10-Q",
        "file_type": "pdf",
        "content_type": "quarterly_report",
        "published_date": "2022-12-06",
        "fiscal_date": "2022-10-31",
        "fiscal_year": 2023,
        "fiscal_quarter": 1,
        "r2_url": "https://pub-2c783279b61043e19fbdadd1bee5153a.r2.dev/GWRE/2022-12-06/gwre-20221031.htm%5Cgwre-20221031.pdf",
        "periodicity": "periodic"
    },
    {
        "equity_ticker": "GWRE",
        "geography": "US",
        "content_name": "GWRE Q4 2022 10-K",
        "file_type": "pdf",
        "content_type": "annual_report",
        "published_date": "2022-09-26",
        "fiscal_date": "2022-07-31",
        "fiscal_year": 2022,
        "fiscal_quarter": 4,
        "r2_url": "https://pub-2c783279b61043e19fbdadd1bee5153a.r2.dev/GWRE/2022-09-26/gwre-20220731.htm%5Cgwre-20220731.pdf",
        "periodicity": "periodic"
    },
    {
        "equity_ticker": "GWRE",
        "geography": "US",
        "content_name": "GWRE Q3 2022 10-Q",
        "file_type": "pdf",
        "content_type": "quarterly_report",
        "published_date": "2022-06-07",
        "fiscal_date": "2022-04-30",
        "fiscal_year": 2022,
        "fiscal_quarter": 3,
        "r2_url": "https://pub-2c783279b61043e19fbdadd1bee5153a.r2.dev/GWRE/2022-06-07/gwre-20220430.htm%5Cgwre-20220430.pdf",
        "periodicity": "periodic"
    },
    {
        "equity_ticker": "GWRE",
        "geography": "US",
        "content_name": "GWRE Q2 2022 10-Q",
        "file_type": "pdf",
        "content_type": "quarterly_report",
        "published_date": "2022-03-08",
        "fiscal_date": "2022-01-31",
        "fiscal_year": 2022,
        "fiscal_quarter": 2,
        "r2_url": "https://pub-2c783279b61043e19fbdadd1bee5153a.r2.dev/GWRE/2022-03-08/gwre-20220131.htm%5Cgwre-20220131.pdf",
        "periodicity": "periodic"
    },
    {
        "equity_ticker": "GWRE",
        "geography": "US",
        "content_name": "GWRE Q1 2022 10-Q",
        "file_type": "pdf",
        "content_type": "quarterly_report",
        "published_date": "2021-12-03",
        "fiscal_date": "2021-10-31",
        "fiscal_year": 2022,
        "fiscal_quarter": 1,
        "r2_url": "https://pub-2c783279b61043e19fbdadd1bee5153a.r2.dev/GWRE/2021-12-03/gwre-20211031.htm%5Cgwre-20211031.pdf",
        "periodicity": "periodic"
    },
    {
        "equity_ticker": "GWRE",
        "geography": "US",
        "content_name": "GWRE Q4 2021 10-K",
        "file_type": "pdf",
        "content_type": "annual_report",
        "published_date": "2021-09-24",
        "fiscal_date": "2021-07-31",
        "fiscal_year": 2021,
        "fiscal_quarter": 4,
        "r2_url": "https://pub-2c783279b61043e19fbdadd1bee5153a.r2.dev/GWRE/2021-09-24/gwre-20210731.htm%5Cgwre-20210731.pdf",
        "periodicity": "periodic"
    },
    {
        "equity_ticker": "GWRE",
        "geography": "US",
        "content_name": "GWRE Q3 2021 10-Q",
        "file_type": "pdf",
        "content_type": "quarterly_report",
        "published_date": "2021-06-02",
        "fiscal_date": "2021-04-30",
        "fiscal_year": 2021,
        "fiscal_quarter": 3,
        "r2_url": "https://pub-2c783279b61043e19fbdadd1bee5153a.r2.dev/GWRE/2021-06-02/gwre-20210430.htm%5Cgwre-20210430.pdf",
        "periodicity": "periodic"
    },
    {
        "equity_ticker": "GWRE",
        "geography": "US",
        "content_name": "GWRE Q2 2021 10-Q",
        "file_type": "pdf",
        "content_type": "quarterly_report",
        "published_date": "2021-03-05",
        "fiscal_date": "2021-01-31",
        "fiscal_year": 2021,
        "fiscal_quarter": 2,
        "r2_url": "https://pub-2c783279b61043e19fbdadd1bee5153a.r2.dev/GWRE/2021-03-05/gwre-20210131.htm%5Cgwre-20210131.pdf",
        "periodicity": "periodic"
    },
    {
        "equity_ticker": "GWRE",
        "geography": "US",
        "content_name": "GWRE Q1 2021 10-Q",
        "file_type": "pdf",
        "content_type": "quarterly_report",
        "published_date": "2020-12-09",
        "fiscal_date": "2020-10-31",
        "fiscal_year": 2021,
        "fiscal_quarter": 1,
        "r2_url": "https://pub-2c783279b61043e19fbdadd1bee5153a.r2.dev/GWRE/2020-12-09/gwre-20201031.htm%5Cgwre-20201031.pdf",
        "periodicity": "periodic"
    },
    {
        "equity_ticker": "GWRE",
        "geography": "US",
        "content_name": "GWRE Q4 2020 10-K",
        "file_type": "pdf",
        "content_type": "annual_report",
        "published_date": "2020-09-25",
        "fiscal_date": "2020-07-31",
        "fiscal_year": 2020,
        "fiscal_quarter": 4,
        "r2_url": "https://pub-2c783279b61043e19fbdadd1bee5153a.r2.dev/GWRE/2020-09-25/gwre-20200731.htm%5Cix.pdf",
        "periodicity": "periodic"
    },
    {
        "equity_ticker": "GWRE",
        "geography": "US",
        "content_name": "GWRE Q3 2020 10-Q",
        "file_type": "pdf",
        "content_type": "quarterly_report",
        "published_date": "2020-06-03",
        "fiscal_date": "2020-04-30",
        "fiscal_year": 2020,
        "fiscal_quarter": 3,
        "r2_url": "https://pub-2c783279b61043e19fbdadd1bee5153a.r2.dev/GWRE/2020-06-03/gwre-20200430.htm%5Cix.pdf",
        "periodicity": "periodic"
    },
    {
        "equity_ticker": "GWRE",
        "geography": "US",
        "content_name": "GWRE Q2 2020 10-Q",
        "file_type": "pdf",
        "content_type": "quarterly_report",
        "published_date": "2020-03-04",
        "fiscal_date": "2020-01-31",
        "fiscal_year": 2020,
        "fiscal_quarter": 2,
        "r2_url": "https://pub-2c783279b61043e19fbdadd1bee5153a.r2.dev/GWRE/2020-03-04/gwre-20200131.htm%5Cix.pdf",
        "periodicity": "periodic"
    },
    {
        "equity_ticker": "GWRE",
        "geography": "US",
        "content_name": "GWRE Q1 2020 10-Q",
        "file_type": "pdf",
        "content_type": "quarterly_report",
        "published_date": "2019-12-05",
        "fiscal_date": "2019-10-31",
        "fiscal_year": 2020,
        "fiscal_quarter": 1,
        "r2_url": "https://pub-2c783279b61043e19fbdadd1bee5153a.r2.dev/GWRE/2019-12-05/gwre-20191031.htm%5Cix.pdf",
        "periodicity": "periodic"
    },
    {
        "equity_ticker": "GWRE",
        "geography": "US",
        "content_name": "GWRE Q4 2019 10-K",
        "file_type": "pdf",
        "content_type": "annual_report",
        "published_date": "2019-09-30",
        "fiscal_date": "2019-07-31",
        "fiscal_year": 2019,
        "fiscal_quarter": 4,
        "r2_url": "https://pub-2c783279b61043e19fbdadd1bee5153a.r2.dev/GWRE/2019-09-30/gwre-7312019x10k.htm%5Cix.pdf",
        "periodicity": "periodic"
    },
    {
        "equity_ticker": "GWRE",
        "geography": "US",
        "content_name": "GWRE Q3 2019 10-Q",
        "file_type": "pdf",
        "content_type": "quarterly_report",
        "published_date": "2019-06-10",
        "fiscal_date": "2019-04-30",
        "fiscal_year": 2019,
        "fiscal_quarter": 3,
        "r2_url": "https://pub-2c783279b61043e19fbdadd1bee5153a.r2.dev/GWRE/2019-06-10/gwre-4302019x10q.htm%5Cgwre-4302019x10q.pdf",
        "periodicity": "periodic"
    },
    {
        "equity_ticker": "GWRE",
        "geography": "US",
        "content_name": "GWRE Q2 2019 10-Q",
        "file_type": "pdf",
        "content_type": "quarterly_report",
        "published_date": "2019-03-07",
        "fiscal_date": "2019-01-31",
        "fiscal_year": 2019,
        "fiscal_quarter": 2,
        "r2_url": "https://pub-2c783279b61043e19fbdadd1bee5153a.r2.dev/GWRE/2019-03-07/gwre-1312019x10q.htm%5Cgwre-1312019x10q.pdf",
        "periodicity": "periodic"
    },
    {
        "equity_ticker": "GWRE",
        "geography": "US",
        "content_name": "GWRE Q1 2019 10-Q",
        "file_type": "pdf",
        "content_type": "quarterly_report",
        "published_date": "2018-12-06",
        "fiscal_date": "2018-10-31",
        "fiscal_year": 2019,
        "fiscal_quarter": 1,
        "r2_url": "https://pub-2c783279b61043e19fbdadd1bee5153a.r2.dev/GWRE/2018-12-06/gwre-10312018x10q.htm%5Cgwre-10312018x10q.pdf",
        "periodicity": "periodic"
    },
    {
        "equity_ticker": "GWRE",
        "geography": "US",
        "content_name": "GWRE Q4 2018 10-K",
        "file_type": "pdf",
        "content_type": "annual_report",
        "published_date": "2018-09-18",
        "fiscal_date": "2018-07-31",
        "fiscal_year": 2018,
        "fiscal_quarter": 4,
        "r2_url": "https://pub-2c783279b61043e19fbdadd1bee5153a.r2.dev/GWRE/2018-09-18/gwre-7312018x10k.htm%5Cgwre-7312018x10k.pdf",
        "periodicity": "periodic"
    },
    {
        "equity_ticker": "GWRE",
        "geography": "US",
        "content_name": "GWRE Q3 2018 10-Q",
        "file_type": "pdf",
        "content_type": "quarterly_report",
        "published_date": "2018-06-05",
        "fiscal_date": "2018-04-30",
        "fiscal_year": 2018,
        "fiscal_quarter": 3,
        "r2_url": "https://pub-2c783279b61043e19fbdadd1bee5153a.r2.dev/GWRE/2018-06-05/gwre-4302018x10q.htm%5Cgwre-4302018x10q.pdf",
        "periodicity": "periodic"
    },
    {
        "equity_ticker": "GWRE",
        "geography": "US",
        "content_name": "GWRE Q2 2018 10-Q",
        "file_type": "pdf",
        "content_type": "quarterly_report",
        "published_date": "2018-03-06",
        "fiscal_date": "2018-01-31",
        "fiscal_year": 2018,
        "fiscal_quarter": 2,
        "r2_url": "https://pub-2c783279b61043e19fbdadd1bee5153a.r2.dev/GWRE/2018-03-06/gwre-01312018x10q.htm%5Cgwre-01312018x10q.pdf",
        "periodicity": "periodic"
    },
    {
        "equity_ticker": "GWRE",
        "geography": "US",
        "content_name": "GWRE Q1 2018 10-Q",
        "file_type": "pdf",
        "content_type": "quarterly_report",
        "published_date": "2017-11-30",
        "fiscal_date": "2017-10-31",
        "fiscal_year": 2018,
        "fiscal_quarter": 1,
        "r2_url": "https://pub-2c783279b61043e19fbdadd1bee5153a.r2.dev/GWRE/2017-11-30/gwre-10312017x10q.htm%5Cgwre-10312017x10q.pdf",
        "periodicity": "periodic"
    },
    {
        "equity_ticker": "GWRE",
        "geography": "US",
        "content_name": "GWRE Q4 2017 10-K",
        "file_type": "pdf",
        "content_type": "annual_report",
        "published_date": "2017-09-19",
        "fiscal_date": "2017-07-31",
        "fiscal_year": 2017,
        "fiscal_quarter": 4,
        "r2_url": "https://pub-2c783279b61043e19fbdadd1bee5153a.r2.dev/GWRE/2017-09-19/gwre-7312017x10k.htm%5Cgwre-7312017x10k.pdf",
        "periodicity": "periodic"
    },
    {
        "equity_ticker": "GWRE",
        "geography": "US",
        "content_name": "GWRE Q3 2017 10-Q",
        "file_type": "pdf",
        "content_type": "quarterly_report",
        "published_date": "2017-06-02",
        "fiscal_date": "2017-04-30",
        "fiscal_year": 2017,
        "fiscal_quarter": 3,
        "r2_url": "https://pub-2c783279b61043e19fbdadd1bee5153a.r2.dev/GWRE/2017-06-02/gwre-4302017x10q.htm%5Cgwre-4302017x10q.pdf",
        "periodicity": "periodic"
    },
    {
        "equity_ticker": "GWRE",
        "geography": "US",
        "content_name": "GWRE Q2 2017 10-Q",
        "file_type": "pdf",
        "content_type": "quarterly_report",
        "published_date": "2017-03-02",
        "fiscal_date": "2017-01-31",
        "fiscal_year": 2017,
        "fiscal_quarter": 2,
        "r2_url": "https://pub-2c783279b61043e19fbdadd1bee5153a.r2.dev/GWRE/2017-03-02/gwre-1312017x10q.htm%5Cgwre-1312017x10q.pdf",
        "periodicity": "periodic"
    },
    {
        "equity_ticker": "GWRE",
        "geography": "US",
        "content_name": "GWRE Q1 2017 10-Q",
        "file_type": "pdf",
        "content_type": "quarterly_report",
        "published_date": "2016-11-30",
        "fiscal_date": "2016-10-31",
        "fiscal_year": 2017,
        "fiscal_quarter": 1,
        "r2_url": "https://pub-2c783279b61043e19fbdadd1bee5153a.r2.dev/GWRE/2016-11-30/gwre-10312016x10q.htm%5Cgwre-10312016x10q.pdf",
        "periodicity": "periodic"
    },
    {
        "equity_ticker": "GWRE",
        "geography": "US",
        "content_name": "GWRE Q4 2016 10-K",
        "file_type": "pdf",
        "content_type": "annual_report",
        "published_date": "2016-09-15",
        "fiscal_date": "2016-07-31",
        "fiscal_year": 2016,
        "fiscal_quarter": 4,
        "r2_url": "https://pub-2c783279b61043e19fbdadd1bee5153a.r2.dev/GWRE/2016-09-15/gwre-7312016x10k.htm%5Cgwre-7312016x10k.pdf",
        "periodicity": "periodic"
    },
    {
        "equity_ticker": "GWRE",
        "geography": "US",
        "content_name": "GWRE Q3 2016 10-Q",
        "file_type": "pdf",
        "content_type": "quarterly_report",
        "published_date": "2016-06-01",
        "fiscal_date": "2016-04-30",
        "fiscal_year": 2016,
        "fiscal_quarter": 3,
        "r2_url": "https://pub-2c783279b61043e19fbdadd1bee5153a.r2.dev/GWRE/2016-06-01/gwre-4302016x10q.htm%5Cgwre-4302016x10q.pdf",
        "periodicity": "periodic"
    },
    {
        "equity_ticker": "GWRE",
        "geography": "US",
        "content_name": "GWRE Q2 2016 10-Q",
        "file_type": "pdf",
        "content_type": "quarterly_report",
        "published_date": "2016-03-01",
        "fiscal_date": "2016-01-31",
        "fiscal_year": 2016,
        "fiscal_quarter": 2,
        "r2_url": "https://pub-2c783279b61043e19fbdadd1bee5153a.r2.dev/GWRE/2016-03-01/gwre-1312016x10q.htm%5Cgwre-1312016x10q.pdf",
        "periodicity": "periodic"
    },
    {
        "equity_ticker": "GWRE",
        "geography": "US",
        "content_name": "GWRE Q1 2016 10-Q",
        "file_type": "pdf",
        "content_type": "quarterly_report",
        "published_date": "2015-12-01",
        "fiscal_date": "2015-10-31",
        "fiscal_year": 2016,
        "fiscal_quarter": 1,
        "r2_url": "https://pub-2c783279b61043e19fbdadd1bee5153a.r2.dev/GWRE/2015-12-01/gwre-10312015x10q.htm%5Cgwre-10312015x10q.pdf",
        "periodicity": "periodic"
    },
    {
        "equity_ticker": "GWRE",
        "geography": "US",
        "content_name": "GWRE Q4 2015 10-K",
        "file_type": "pdf",
        "content_type": "annual_report",
        "published_date": "2015-09-17",
        "fiscal_date": "2015-07-31",
        "fiscal_year": 2015,
        "fiscal_quarter": 4,
        "r2_url": "https://pub-2c783279b61043e19fbdadd1bee5153a.r2.dev/GWRE/2015-09-17/gwre-7312015x10k.htm%5Cgwre-7312015x10k.pdf",
        "periodicity": "periodic"
    },
    {
        "equity_ticker": "GWRE",
        "geography": "US",
        "content_name": "GWRE Q3 2015 10-Q",
        "file_type": "pdf",
        "content_type": "quarterly_report",
        "published_date": "2015-06-02",
        "fiscal_date": "2015-04-30",
        "fiscal_year": 2015,
        "fiscal_quarter": 3,
        "r2_url": "https://pub-2c783279b61043e19fbdadd1bee5153a.r2.dev/GWRE/2015-06-02/gwre-4302015x10q.htm%5Cgwre-4302015x10q.pdf",
        "periodicity": "periodic"
    },
    {
        "equity_ticker": "GWRE",
        "geography": "US",
        "content_name": "GWRE Q2 2015 10-Q",
        "file_type": "pdf",
        "content_type": "quarterly_report",
        "published_date": "2015-03-02",
        "fiscal_date": "2015-01-31",
        "fiscal_year": 2015,
        "fiscal_quarter": 2,
        "r2_url": "https://pub-2c783279b61043e19fbdadd1bee5153a.r2.dev/GWRE/2015-03-02/gwre-1312015x10q.htm%5Cgwre-1312015x10q.pdf",
        "periodicity": "periodic"
    },
    {
        "equity_ticker": "GWRE",
        "geography": "US",
        "content_name": "GWRE Q1 2015 10-Q",
        "file_type": "pdf",
        "content_type": "quarterly_report",
        "published_date": "2014-12-02",
        "fiscal_date": "2014-10-31",
        "fiscal_year": 2015,
        "fiscal_quarter": 1,
        "r2_url": "https://pub-2c783279b61043e19fbdadd1bee5153a.r2.dev/GWRE/2014-12-02/gwre-10312014x10q.htm%5Cgwre-10312014x10q.pdf",
        "periodicity": "periodic"
    },
    {
        "equity_ticker": "GWRE",
        "geography": "US",
        "content_name": "GWRE Q4 2014 10-K",
        "file_type": "pdf",
        "content_type": "annual_report",
        "published_date": "2014-09-17",
        "fiscal_date": "2014-07-31",
        "fiscal_year": 2014,
        "fiscal_quarter": 4,
        "r2_url": "https://pub-2c783279b61043e19fbdadd1bee5153a.r2.dev/GWRE/2014-09-17/gwre-7312014x10k.htm%5Cgwre-7312014x10k.pdf",
        "periodicity": "periodic"
    },
    {
        "equity_ticker": "GWRE",
        "geography": "US",
        "content_name": "GWRE Q3 2014 10-Q",
        "file_type": "pdf",
        "content_type": "quarterly_report",
        "published_date": "2014-06-02",
        "fiscal_date": "2014-04-30",
        "fiscal_year": 2014,
        "fiscal_quarter": 3,
        "r2_url": "https://pub-2c783279b61043e19fbdadd1bee5153a.r2.dev/GWRE/2014-06-02/gwre-4302014x10q.htm%5Cgwre-4302014x10q.pdf",
        "periodicity": "periodic"
    },
    {
        "equity_ticker": "GWRE",
        "geography": "US",
        "content_name": "GWRE Q2 2014 10-Q",
        "file_type": "pdf",
        "content_type": "quarterly_report",
        "published_date": "2014-03-03",
        "fiscal_date": "2014-01-31",
        "fiscal_year": 2014,
        "fiscal_quarter": 2,
        "r2_url": "https://pub-2c783279b61043e19fbdadd1bee5153a.r2.dev/GWRE/2014-03-03/gwre-1312014x10q.htm%5Cgwre-1312014x10q.pdf",
        "periodicity": "periodic"
    },
    {
        "equity_ticker": "GWRE",
        "geography": "US",
        "content_name": "GWRE Q1 2014 10-Q",
        "file_type": "pdf",
        "content_type": "quarterly_report",
        "published_date": "2013-12-03",
        "fiscal_date": "2013-10-31",
        "fiscal_year": 2014,
        "fiscal_quarter": 1,
        "r2_url": "https://pub-2c783279b61043e19fbdadd1bee5153a.r2.dev/GWRE/2013-12-03/gwre-10312013x10q.htm%5Cgwre-10312013x10q.pdf",
        "periodicity": "periodic"
    },
    {
        "equity_ticker": "GWRE",
        "geography": "US",
        "content_name": "GWRE Q4 2013 10-K",
        "file_type": "pdf",
        "content_type": "annual_report",
        "published_date": "2013-09-26",
        "fiscal_date": "2013-07-31",
        "fiscal_year": 2013,
        "fiscal_quarter": 4,
        "r2_url": "https://pub-2c783279b61043e19fbdadd1bee5153a.r2.dev/GWRE/2013-09-26/gwre-7312013x10k.htm%5Cgwre-7312013x10k.pdf",
        "periodicity": "periodic"
    },
    {
        "equity_ticker": "GWRE",
        "geography": "US",
        "content_name": "GWRE Q3 2013 10-Q",
        "file_type": "pdf",
        "content_type": "quarterly_report",
        "published_date": "2013-05-31",
        "fiscal_date": "2013-04-30",
        "fiscal_year": 2013,
        "fiscal_quarter": 3,
        "r2_url": "https://pub-2c783279b61043e19fbdadd1bee5153a.r2.dev/GWRE/2013-05-31/gwre-4302013x10q.htm%5Cgwre-4302013x10q.pdf",
        "periodicity": "periodic"
    },
    {
        "equity_ticker": "GWRE",
        "geography": "US",
        "content_name": "GWRE Q2 2013 10-Q",
        "file_type": "pdf",
        "content_type": "quarterly_report",
        "published_date": "2013-03-01",
        "fiscal_date": "2013-01-31",
        "fiscal_year": 2013,
        "fiscal_quarter": 2,
        "r2_url": "https://pub-2c783279b61043e19fbdadd1bee5153a.r2.dev/GWRE/2013-03-01/gwre-1312013x10q.htm%5Cgwre-1312013x10q.pdf",
        "periodicity": "periodic"
    },
    {
        "equity_ticker": "GWRE",
        "geography": "US",
        "content_name": "GWRE Q1 2013 10-Q",
        "file_type": "pdf",
        "content_type": "quarterly_report",
        "published_date": "2012-12-03",
        "fiscal_date": "2012-10-31",
        "fiscal_year": 2013,
        "fiscal_quarter": 1,
        "r2_url": "https://pub-2c783279b61043e19fbdadd1bee5153a.r2.dev/GWRE/2012-12-03/gwre-10312012x10q.htm%5Cgwre-10312012x10q.pdf",
        "periodicity": "periodic"
    },
    {
        "equity_ticker": "GWRE",
        "geography": "US",
        "content_name": "GWRE Q4 2012 10-K",
        "file_type": "pdf",
        "content_type": "annual_report",
        "published_date": "2012-09-24",
        "fiscal_date": "2012-07-31",
        "fiscal_year": 2012,
        "fiscal_quarter": 4,
        "r2_url": "https://pub-2c783279b61043e19fbdadd1bee5153a.r2.dev/GWRE/2012-09-24/d336467d10k.htm%5Cd336467d10k.pdf",
        "periodicity": "periodic"
    },
    {
        "equity_ticker": "GWRE",
        "geography": "US",
        "content_name": "GWRE Q3 2012 10-Q",
        "file_type": "pdf",
        "content_type": "quarterly_report",
        "published_date": "2012-06-07",
        "fiscal_date": "2012-04-30",
        "fiscal_year": 2012,
        "fiscal_quarter": 3,
        "r2_url": "https://pub-2c783279b61043e19fbdadd1bee5153a.r2.dev/GWRE/2012-06-07/d352500d10q.htm%5Cd352500d10q.pdf",
        "periodicity": "periodic"
    },
    {
        "equity_ticker": "GWRE",
        "geography": "US",
        "content_name": "GWRE Q2 2012 10-Q",
        "file_type": "pdf",
        "content_type": "quarterly_report",
        "published_date": "2012-03-13",
        "fiscal_date": "2012-01-31",
        "fiscal_year": 2012,
        "fiscal_quarter": 2,
        "r2_url": "https://pub-2c783279b61043e19fbdadd1bee5153a.r2.dev/GWRE/2012-03-13/d307163d10q.htm%5Cd307163d10q.pdf",
        "periodicity": "periodic"
    }
]