[
    {
        "equity_ticker": "HPE",
        "geography": "US",
        "content_name": "AGM 2025 - April 2, 2025",
        "file_type": "pdf",
        "content_type": "company_conference_transcript",
        "published_date": "2025-04-02",
        "fiscal_date": "2025-04-02",
        "fiscal_year": null,
        "fiscal_quarter": null,
        "r2_url": "https://pub-2c783279b61043e19fbdadd1bee5153a.r2.dev/HPE/2025-04-02/Hewlett%20Packard%20Enterprise%20Company_2025-04-02_transcript/Hewlett%20Packard%20Enterprise%20Company_2025-04-02_transcript.pdf%5CHewlett%20Packard%20Enterprise%20Company_2025-04-02_transcript.pdf",
        "periodicity": "non_periodic"
    },
    {
        "equity_ticker": "HPE",
        "geography": "US",
        "content_name": "HPE Q1 2025 Transcript",
        "file_type": "pdf",
        "content_type": "earnings_transcript",
        "published_date": "2025-03-06",
        "fiscal_date": "2025-03-06",
        "fiscal_year": 2025,
        "fiscal_quarter": 1,
        "r2_url": "https://pub-2c783279b61043e19fbdadd1bee5153a.r2.dev/HPE/2025-03-06/Hewlett%20Packard%20Enterprise%20Company_2025-03-06_transcript/Hewlett%20Packard%20Enterprise%20Company_2025-03-06_transcript.pdf%5CHewlett%20Packard%20Enterprise%20Company_2025-03-06_transcript.pdf",
        "periodicity": "periodic"
    },
    {
        "equity_ticker": "HPE",
        "geography": "US",
        "content_name": "HPE Q1 2025 Press Release",
        "file_type": "pdf",
        "content_type": "earnings_press_release",
        "published_date": "2025-03-06",
        "fiscal_date": "2025-03-06",
        "fiscal_year": 2025,
        "fiscal_quarter": 1,
        "r2_url": "https://pub-2c783279b61043e19fbdadd1bee5153a.r2.dev/HPE/2025-03-06/96185-2025-03-06-09-51-10/96185-2025-03-06-09-51-10.pdf%5C96185-2025-03-06-09-51-10.pdf",
        "periodicity": "periodic"
    },
    {
        "equity_ticker": "HPE",
        "geography": "US",
        "content_name": "HPE Q1 2025 Presentation",
        "file_type": "pdf",
        "content_type": "earnings_presentation",
        "published_date": "2025-03-06",
        "fiscal_date": "2025-03-06",
        "fiscal_year": 2025,
        "fiscal_quarter": 1,
        "r2_url": "https://pub-2c783279b61043e19fbdadd1bee5153a.r2.dev/HPE/2025-03-06/a504f-2025-03-06-09-38-14/a504f-2025-03-06-09-38-14.pdf%5Ca504f-2025-03-06-09-38-14.pdf",
        "periodicity": "periodic"
    },
    {
        "equity_ticker": "HPE",
        "geography": "US",
        "content_name": "Barclays 22nd Annual Global Technology Conference 2024 - December 12, 2024",
        "file_type": "pdf",
        "content_type": "sellside_conference_transcript",
        "published_date": "2024-12-12",
        "fiscal_date": "2024-12-12",
        "fiscal_year": null,
        "fiscal_quarter": null,
        "r2_url": "https://pub-2c783279b61043e19fbdadd1bee5153a.r2.dev/HPE/2024-12-12/Hewlett%20Packard%20Enterprise%20Company_2024-12-12_transcript/Hewlett%20Packard%20Enterprise%20Company_2024-12-12_transcript.pdf%5CHewlett%20Packard%20Enterprise%20Company_2024-12-12_transcript.pdf",
        "periodicity": "non_periodic"
    },
    {
        "equity_ticker": "HPE",
        "geography": "US",
        "content_name": "HPE Q4 2024 Transcript",
        "file_type": "pdf",
        "content_type": "earnings_transcript",
        "published_date": "2024-12-05",
        "fiscal_date": "2024-12-05",
        "fiscal_year": 2024,
        "fiscal_quarter": 4,
        "r2_url": "https://pub-2c783279b61043e19fbdadd1bee5153a.r2.dev/HPE/2024-12-05/Hewlett%20Packard%20Enterprise%20Company_2024-12-05_transcript/Hewlett%20Packard%20Enterprise%20Company_2024-12-05_transcript.pdf%5CHewlett%20Packard%20Enterprise%20Company_2024-12-05_transcript.pdf",
        "periodicity": "periodic"
    },
    {
        "equity_ticker": "HPE",
        "geography": "US",
        "content_name": "HPE Q4 2024 Press Release",
        "file_type": "pdf",
        "content_type": "earnings_press_release",
        "published_date": "2024-12-05",
        "fiscal_date": "2024-12-05",
        "fiscal_year": 2024,
        "fiscal_quarter": 4,
        "r2_url": "https://pub-2c783279b61043e19fbdadd1bee5153a.r2.dev/HPE/2024-12-05/82d68-2024-12-05-09-16-09/82d68-2024-12-05-09-16-09.pdf%5C82d68-2024-12-05-09-16-09.pdf",
        "periodicity": "periodic"
    },
    {
        "equity_ticker": "HPE",
        "geography": "US",
        "content_name": "HPE Q4 2024 Presentation",
        "file_type": "pdf",
        "content_type": "earnings_presentation",
        "published_date": "2024-12-05",
        "fiscal_date": "2024-12-05",
        "fiscal_year": 2024,
        "fiscal_quarter": 4,
        "r2_url": "https://pub-2c783279b61043e19fbdadd1bee5153a.r2.dev/HPE/2024-12-05/f4ec2-2024-12-06-10-35-05/f4ec2-2024-12-06-10-35-05.pdf%5Cf4ec2-2024-12-06-10-35-05.pdf",
        "periodicity": "periodic"
    },
    {
        "equity_ticker": "HPE",
        "geography": "US",
        "content_name": "Status Update - October 10, 2024",
        "file_type": "pdf",
        "content_type": "company_conference_transcript",
        "published_date": "2024-10-10",
        "fiscal_date": "2024-10-10",
        "fiscal_year": null,
        "fiscal_quarter": null,
        "r2_url": "https://pub-2c783279b61043e19fbdadd1bee5153a.r2.dev/HPE/2024-10-10/Hewlett%20Packard%20Enterprise%20Company_2024-10-10_transcript/Hewlett%20Packard%20Enterprise%20Company_2024-10-10_transcript.pdf%5CHewlett%20Packard%20Enterprise%20Company_2024-10-10_transcript.pdf",
        "periodicity": "non_periodic"
    },
    {
        "equity_ticker": "HPE",
        "geography": "US",
        "content_name": "Goldman Sachs Communacopia + Technology Conference 2024 - September 10, 2024",
        "file_type": "pdf",
        "content_type": "sellside_conference_transcript",
        "published_date": "2024-09-10",
        "fiscal_date": "2024-09-10",
        "fiscal_year": null,
        "fiscal_quarter": null,
        "r2_url": "https://pub-2c783279b61043e19fbdadd1bee5153a.r2.dev/HPE/2024-09-10/Hewlett%20Packard%20Enterprise%20Company_2024-09-10_transcript/Hewlett%20Packard%20Enterprise%20Company_2024-09-10_transcript.pdf%5CHewlett%20Packard%20Enterprise%20Company_2024-09-10_transcript.pdf",
        "periodicity": "non_periodic"
    },
    {
        "equity_ticker": "HPE",
        "geography": "US",
        "content_name": "Citi's 2024 Global TMT Conference - September 5, 2024",
        "file_type": "pdf",
        "content_type": "sellside_conference_transcript",
        "published_date": "2024-09-05",
        "fiscal_date": "2024-09-05",
        "fiscal_year": null,
        "fiscal_quarter": null,
        "r2_url": "https://pub-2c783279b61043e19fbdadd1bee5153a.r2.dev/HPE/2024-09-05/Hewlett%20Packard%20Enterprise%20Company_2024-09-05_transcript/Hewlett%20Packard%20Enterprise%20Company_2024-09-05_transcript.pdf%5CHewlett%20Packard%20Enterprise%20Company_2024-09-05_transcript.pdf",
        "periodicity": "non_periodic"
    },
    {
        "equity_ticker": "HPE",
        "geography": "US",
        "content_name": "HPE Q3 2024 Transcript",
        "file_type": "pdf",
        "content_type": "earnings_transcript",
        "published_date": "2024-09-04",
        "fiscal_date": "2024-09-04",
        "fiscal_year": 2024,
        "fiscal_quarter": 3,
        "r2_url": "https://pub-2c783279b61043e19fbdadd1bee5153a.r2.dev/HPE/2024-09-04/Hewlett%20Packard%20Enterprise%20Company_2024-09-04_transcript/Hewlett%20Packard%20Enterprise%20Company_2024-09-04_transcript.pdf%5CHewlett%20Packard%20Enterprise%20Company_2024-09-04_transcript.pdf",
        "periodicity": "periodic"
    },
    {
        "equity_ticker": "HPE",
        "geography": "US",
        "content_name": "HPE Q3 2024 Press Release",
        "file_type": "pdf",
        "content_type": "earnings_press_release",
        "published_date": "2024-09-04",
        "fiscal_date": "2024-09-04",
        "fiscal_year": 2024,
        "fiscal_quarter": 3,
        "r2_url": "https://pub-2c783279b61043e19fbdadd1bee5153a.r2.dev/HPE/2024-09-04/954fb-2024-09-04-08-38-36/954fb-2024-09-04-08-38-36.pdf%5C954fb-2024-09-04-08-38-36.pdf",
        "periodicity": "periodic"
    },
    {
        "equity_ticker": "HPE",
        "geography": "US",
        "content_name": "HPE Q3 2024 Presentation",
        "file_type": "pdf",
        "content_type": "earnings_presentation",
        "published_date": "2024-09-04",
        "fiscal_date": "2024-09-04",
        "fiscal_year": 2024,
        "fiscal_quarter": 3,
        "r2_url": "https://pub-2c783279b61043e19fbdadd1bee5153a.r2.dev/HPE/2024-09-04/c8feb-2024-12-31-06-47-51/c8feb-2024-12-31-06-47-51.pdf%5Cc8feb-2024-12-31-06-47-51.pdf",
        "periodicity": "periodic"
    },
    {
        "equity_ticker": "HPE",
        "geography": "US",
        "content_name": "BofA Securities 2024 Global Technology Conference - June 5, 2024",
        "file_type": "pdf",
        "content_type": "sellside_conference_transcript",
        "published_date": "2024-06-05",
        "fiscal_date": "2024-06-05",
        "fiscal_year": null,
        "fiscal_quarter": null,
        "r2_url": "https://pub-2c783279b61043e19fbdadd1bee5153a.r2.dev/HPE/2024-06-05/Hewlett%20Packard%20Enterprise%20Company_2024-06-05_transcript/Hewlett%20Packard%20Enterprise%20Company_2024-06-05_transcript.pdf%5CHewlett%20Packard%20Enterprise%20Company_2024-06-05_transcript.pdf",
        "periodicity": "non_periodic"
    },
    {
        "equity_ticker": "HPE",
        "geography": "US",
        "content_name": "HPE Q2 2024 Transcript",
        "file_type": "pdf",
        "content_type": "earnings_transcript",
        "published_date": "2024-06-04",
        "fiscal_date": "2024-06-04",
        "fiscal_year": 2024,
        "fiscal_quarter": 2,
        "r2_url": "https://pub-2c783279b61043e19fbdadd1bee5153a.r2.dev/HPE/2024-06-04/Hewlett%20Packard%20Enterprise%20Company_2024-06-04_transcript/Hewlett%20Packard%20Enterprise%20Company_2024-06-04_transcript.pdf%5CHewlett%20Packard%20Enterprise%20Company_2024-06-04_transcript.pdf",
        "periodicity": "periodic"
    },
    {
        "equity_ticker": "HPE",
        "geography": "US",
        "content_name": "HPE Q2 2024 Press Release",
        "file_type": "pdf",
        "content_type": "earnings_press_release",
        "published_date": "2024-06-04",
        "fiscal_date": "2024-06-04",
        "fiscal_year": 2024,
        "fiscal_quarter": 2,
        "r2_url": "https://pub-2c783279b61043e19fbdadd1bee5153a.r2.dev/HPE/2024-06-04/79596-2024-06-04-08-47-10/79596-2024-06-04-08-47-10.pdf%5C79596-2024-06-04-08-47-10.pdf",
        "periodicity": "periodic"
    },
    {
        "equity_ticker": "HPE",
        "geography": "US",
        "content_name": "HPE Q2 2024 Presentation",
        "file_type": "pdf",
        "content_type": "earnings_presentation",
        "published_date": "2024-06-04",
        "fiscal_date": "2024-06-04",
        "fiscal_year": 2024,
        "fiscal_quarter": 2,
        "r2_url": "https://pub-2c783279b61043e19fbdadd1bee5153a.r2.dev/HPE/2024-06-04/75723-2024-06-05-07-53-20/75723-2024-06-05-07-53-20.pdf%5C75723-2024-06-05-07-53-20.pdf",
        "periodicity": "periodic"
    },
    {
        "equity_ticker": "HPE",
        "geography": "US",
        "content_name": "HPE Q1 2024 Transcript",
        "file_type": "pdf",
        "content_type": "earnings_transcript",
        "published_date": "2024-02-29",
        "fiscal_date": "2024-02-29",
        "fiscal_year": 2024,
        "fiscal_quarter": 1,
        "r2_url": "https://pub-2c783279b61043e19fbdadd1bee5153a.r2.dev/HPE/2024-02-29/Hewlett%20Packard%20Enterprise%20Company_2024-02-29_transcript/Hewlett%20Packard%20Enterprise%20Company_2024-02-29_transcript.pdf%5CHewlett%20Packard%20Enterprise%20Company_2024-02-29_transcript.pdf",
        "periodicity": "periodic"
    },
    {
        "equity_ticker": "HPE",
        "geography": "US",
        "content_name": "HPE Q1 2024 Press Release",
        "file_type": "pdf",
        "content_type": "earnings_press_release",
        "published_date": "2024-02-29",
        "fiscal_date": "2024-02-29",
        "fiscal_year": 2024,
        "fiscal_quarter": 1,
        "r2_url": "https://pub-2c783279b61043e19fbdadd1bee5153a.r2.dev/HPE/2024-02-29/5fe07-2024-02-29-09-22-10/5fe07-2024-02-29-09-22-10.pdf%5C5fe07-2024-02-29-09-22-10.pdf",
        "periodicity": "periodic"
    },
    {
        "equity_ticker": "HPE",
        "geography": "US",
        "content_name": "HPE Q1 2024 Presentation",
        "file_type": "pdf",
        "content_type": "earnings_presentation",
        "published_date": "2024-02-29",
        "fiscal_date": "2024-02-29",
        "fiscal_year": 2024,
        "fiscal_quarter": 1,
        "r2_url": "https://pub-2c783279b61043e19fbdadd1bee5153a.r2.dev/HPE/2024-02-29/fc722-2024-02-29-09-50-25/fc722-2024-02-29-09-50-25.pdf%5Cfc722-2024-02-29-09-50-25.pdf",
        "periodicity": "periodic"
    },
    {
        "equity_ticker": "HPE",
        "geography": "US",
        "content_name": "M&A Announcement - January 10, 2024",
        "file_type": "pdf",
        "content_type": "company_conference_transcript",
        "published_date": "2024-01-10",
        "fiscal_date": "2024-01-10",
        "fiscal_year": null,
        "fiscal_quarter": null,
        "r2_url": "https://pub-2c783279b61043e19fbdadd1bee5153a.r2.dev/HPE/2024-01-10/Hewlett%20Packard%20Enterprise%20Company_2024-01-10_transcript/Hewlett%20Packard%20Enterprise%20Company_2024-01-10_transcript.pdf%5CHewlett%20Packard%20Enterprise%20Company_2024-01-10_transcript.pdf",
        "periodicity": "non_periodic"
    },
    {
        "equity_ticker": "HPE",
        "geography": "US",
        "content_name": "M&A Announcement - January 10, 2024",
        "file_type": "pdf",
        "content_type": "company_conference_press_release",
        "published_date": "2024-01-10",
        "fiscal_date": "2024-01-10",
        "fiscal_year": null,
        "fiscal_quarter": null,
        "r2_url": "https://pub-2c783279b61043e19fbdadd1bee5153a.r2.dev/HPE/2024-01-10/1ee0c-2024-01-10-07-18-16/1ee0c-2024-01-10-07-18-16.pdf%5C1ee0c-2024-01-10-07-18-16.pdf",
        "periodicity": "non_periodic"
    },
    {
        "equity_ticker": "HPE",
        "geography": "US",
        "content_name": "M&A Announcement - January 10, 2024",
        "file_type": "pdf",
        "content_type": "company_conference_presentation",
        "published_date": "2024-01-10",
        "fiscal_date": "2024-01-10",
        "fiscal_year": null,
        "fiscal_quarter": null,
        "r2_url": "https://pub-2c783279b61043e19fbdadd1bee5153a.r2.dev/HPE/2024-01-10/ea115-2024-01-10-01-17-36/ea115-2024-01-10-01-17-36.pdf%5Cea115-2024-01-10-01-17-36.pdf",
        "periodicity": "non_periodic"
    },
    {
        "equity_ticker": "HPE",
        "geography": "US",
        "content_name": "HPE Q4 2023 Transcript",
        "file_type": "pdf",
        "content_type": "earnings_transcript",
        "published_date": "2023-11-28",
        "fiscal_date": "2023-11-28",
        "fiscal_year": 2023,
        "fiscal_quarter": 4,
        "r2_url": "https://pub-2c783279b61043e19fbdadd1bee5153a.r2.dev/HPE/2023-11-28/Hewlett%20Packard%20Enterprise%20Company_2023-11-28_transcript/Hewlett%20Packard%20Enterprise%20Company_2023-11-28_transcript.pdf%5CHewlett%20Packard%20Enterprise%20Company_2023-11-28_transcript.pdf",
        "periodicity": "periodic"
    },
    {
        "equity_ticker": "HPE",
        "geography": "US",
        "content_name": "HPE Q4 2023 Press Release",
        "file_type": "pdf",
        "content_type": "earnings_press_release",
        "published_date": "2023-11-28",
        "fiscal_date": "2023-11-28",
        "fiscal_year": 2023,
        "fiscal_quarter": 4,
        "r2_url": "https://pub-2c783279b61043e19fbdadd1bee5153a.r2.dev/HPE/2023-11-28/c4901-2023-11-28-09-44-10/c4901-2023-11-28-09-44-10.pdf%5Cc4901-2023-11-28-09-44-10.pdf",
        "periodicity": "periodic"
    },
    {
        "equity_ticker": "HPE",
        "geography": "US",
        "content_name": "HPE Q4 2023 Presentation",
        "file_type": "pdf",
        "content_type": "earnings_presentation",
        "published_date": "2023-11-28",
        "fiscal_date": "2023-11-28",
        "fiscal_year": 2023,
        "fiscal_quarter": 4,
        "r2_url": "https://pub-2c783279b61043e19fbdadd1bee5153a.r2.dev/HPE/2023-11-28/085b2-2023-11-28-09-53-38/085b2-2023-11-28-09-53-38.pdf%5C085b2-2023-11-28-09-53-38.pdf",
        "periodicity": "periodic"
    },
    {
        "equity_ticker": "HPE",
        "geography": "US",
        "content_name": "Analyst Meeting - October 19, 2023",
        "file_type": "pdf",
        "content_type": "company_conference_transcript",
        "published_date": "2023-10-19",
        "fiscal_date": "2023-10-19",
        "fiscal_year": null,
        "fiscal_quarter": null,
        "r2_url": "https://pub-2c783279b61043e19fbdadd1bee5153a.r2.dev/HPE/2023-10-19/Hewlett%20Packard%20Enterprise%20Company_2023-10-19_transcript/Hewlett%20Packard%20Enterprise%20Company_2023-10-19_transcript.pdf%5CHewlett%20Packard%20Enterprise%20Company_2023-10-19_transcript.pdf",
        "periodicity": "non_periodic"
    },
    {
        "equity_ticker": "HPE",
        "geography": "US",
        "content_name": "HPE Q3 2023 Transcript",
        "file_type": "pdf",
        "content_type": "earnings_transcript",
        "published_date": "2023-08-29",
        "fiscal_date": "2023-08-29",
        "fiscal_year": 2023,
        "fiscal_quarter": 3,
        "r2_url": "https://pub-2c783279b61043e19fbdadd1bee5153a.r2.dev/HPE/2023-08-29/Hewlett%20Packard%20Enterprise%20Company_2023-08-29_transcript/Hewlett%20Packard%20Enterprise%20Company_2023-08-29_transcript.pdf%5CHewlett%20Packard%20Enterprise%20Company_2023-08-29_transcript.pdf",
        "periodicity": "periodic"
    },
    {
        "equity_ticker": "HPE",
        "geography": "US",
        "content_name": "HPE Q3 2023 Press Release",
        "file_type": "pdf",
        "content_type": "earnings_press_release",
        "published_date": "2023-08-29",
        "fiscal_date": "2023-08-29",
        "fiscal_year": 2023,
        "fiscal_quarter": 3,
        "r2_url": "https://pub-2c783279b61043e19fbdadd1bee5153a.r2.dev/HPE/2023-08-29/c32df-2023-08-29-08-53-10/c32df-2023-08-29-08-53-10.pdf%5Cc32df-2023-08-29-08-53-10.pdf",
        "periodicity": "periodic"
    },
    {
        "equity_ticker": "HPE",
        "geography": "US",
        "content_name": "HPE Q3 2023 Presentation",
        "file_type": "pdf",
        "content_type": "earnings_presentation",
        "published_date": "2023-08-29",
        "fiscal_date": "2023-08-29",
        "fiscal_year": 2023,
        "fiscal_quarter": 3,
        "r2_url": "https://pub-2c783279b61043e19fbdadd1bee5153a.r2.dev/HPE/2023-08-29/06f85-2023-08-29-08-54-12/06f85-2023-08-29-08-54-12.pdf%5C06f85-2023-08-29-08-54-12.pdf",
        "periodicity": "periodic"
    },
    {
        "equity_ticker": "HPE",
        "geography": "US",
        "content_name": "HPE Q2 2023 Transcript",
        "file_type": "pdf",
        "content_type": "earnings_transcript",
        "published_date": "2023-05-30",
        "fiscal_date": "2023-05-30",
        "fiscal_year": 2023,
        "fiscal_quarter": 2,
        "r2_url": "https://pub-2c783279b61043e19fbdadd1bee5153a.r2.dev/HPE/2023-05-30/Hewlett%20Packard%20Enterprise%20Company_2023-05-30_transcript/Hewlett%20Packard%20Enterprise%20Company_2023-05-30_transcript.pdf%5CHewlett%20Packard%20Enterprise%20Company_2023-05-30_transcript.pdf",
        "periodicity": "periodic"
    },
    {
        "equity_ticker": "HPE",
        "geography": "US",
        "content_name": "HPE Q2 2023 Press Release",
        "file_type": "pdf",
        "content_type": "earnings_press_release",
        "published_date": "2023-05-30",
        "fiscal_date": "2023-05-30",
        "fiscal_year": 2023,
        "fiscal_quarter": 2,
        "r2_url": "https://pub-2c783279b61043e19fbdadd1bee5153a.r2.dev/HPE/2023-05-30/0e8de-2023-05-30-08-39-21/0e8de-2023-05-30-08-39-21.pdf%5C0e8de-2023-05-30-08-39-21.pdf",
        "periodicity": "periodic"
    },
    {
        "equity_ticker": "HPE",
        "geography": "US",
        "content_name": "HPE Q2 2023 Presentation",
        "file_type": "pdf",
        "content_type": "earnings_presentation",
        "published_date": "2023-05-30",
        "fiscal_date": "2023-05-30",
        "fiscal_year": 2023,
        "fiscal_quarter": 2,
        "r2_url": "https://pub-2c783279b61043e19fbdadd1bee5153a.r2.dev/HPE/2023-05-30/aae32-2023-05-30-08-13-22/aae32-2023-05-30-08-13-22.pdf%5Caae32-2023-05-30-08-13-22.pdf",
        "periodicity": "periodic"
    },
    {
        "equity_ticker": "HPE",
        "geography": "US",
        "content_name": "HPE Q1 2023 Transcript",
        "file_type": "pdf",
        "content_type": "earnings_transcript",
        "published_date": "2023-03-02",
        "fiscal_date": "2023-03-02",
        "fiscal_year": 2023,
        "fiscal_quarter": 1,
        "r2_url": "https://pub-2c783279b61043e19fbdadd1bee5153a.r2.dev/HPE/2023-03-02/Hewlett%20Packard%20Enterprise%20Company_2023-03-02_transcript/Hewlett%20Packard%20Enterprise%20Company_2023-03-02_transcript.pdf%5CHewlett%20Packard%20Enterprise%20Company_2023-03-02_transcript.pdf",
        "periodicity": "periodic"
    },
    {
        "equity_ticker": "HPE",
        "geography": "US",
        "content_name": "HPE Q1 2023 Press Release",
        "file_type": "pdf",
        "content_type": "earnings_press_release",
        "published_date": "2023-03-02",
        "fiscal_date": "2023-03-02",
        "fiscal_year": 2023,
        "fiscal_quarter": 1,
        "r2_url": "https://pub-2c783279b61043e19fbdadd1bee5153a.r2.dev/HPE/2023-03-02/c00e1-2023-03-02-09-35-15/c00e1-2023-03-02-09-35-15.pdf%5Cc00e1-2023-03-02-09-35-15.pdf",
        "periodicity": "periodic"
    },
    {
        "equity_ticker": "HPE",
        "geography": "US",
        "content_name": "HPE Q1 2023 Presentation",
        "file_type": "pdf",
        "content_type": "earnings_presentation",
        "published_date": "2023-03-02",
        "fiscal_date": "2023-03-02",
        "fiscal_year": 2023,
        "fiscal_quarter": 1,
        "r2_url": "https://pub-2c783279b61043e19fbdadd1bee5153a.r2.dev/HPE/2023-03-02/e0b06-2023-03-02-09-35-15/e0b06-2023-03-02-09-35-15.pdf%5Ce0b06-2023-03-02-09-35-15.pdf",
        "periodicity": "periodic"
    },
    {
        "equity_ticker": "HPE",
        "geography": "US",
        "content_name": "HPE Q4 2022 Transcript",
        "file_type": "pdf",
        "content_type": "earnings_transcript",
        "published_date": "2022-11-29",
        "fiscal_date": "2022-11-29",
        "fiscal_year": 2022,
        "fiscal_quarter": 4,
        "r2_url": "https://pub-2c783279b61043e19fbdadd1bee5153a.r2.dev/HPE/2022-11-29/Hewlett%20Packard%20Enterprise%20Company_2022-11-29_transcript/Hewlett%20Packard%20Enterprise%20Company_2022-11-29_transcript.pdf%5CHewlett%20Packard%20Enterprise%20Company_2022-11-29_transcript.pdf",
        "periodicity": "periodic"
    },
    {
        "equity_ticker": "HPE",
        "geography": "US",
        "content_name": "HPE Q4 2022 Press Release",
        "file_type": "pdf",
        "content_type": "earnings_press_release",
        "published_date": "2022-11-29",
        "fiscal_date": "2022-11-29",
        "fiscal_year": 2022,
        "fiscal_quarter": 4,
        "r2_url": "https://pub-2c783279b61043e19fbdadd1bee5153a.r2.dev/HPE/2022-11-29/57473-2022-11-29-09-30-09/57473-2022-11-29-09-30-09.pdf%5C57473-2022-11-29-09-30-09.pdf",
        "periodicity": "periodic"
    },
    {
        "equity_ticker": "HPE",
        "geography": "US",
        "content_name": "HPE Q4 2022 Presentation",
        "file_type": "pdf",
        "content_type": "earnings_presentation",
        "published_date": "2022-11-29",
        "fiscal_date": "2022-11-29",
        "fiscal_year": 2022,
        "fiscal_quarter": 4,
        "r2_url": "https://pub-2c783279b61043e19fbdadd1bee5153a.r2.dev/HPE/2022-11-29/bd8f3-2022-11-29-09-30-09/bd8f3-2022-11-29-09-30-09.pdf%5Cbd8f3-2022-11-29-09-30-09.pdf",
        "periodicity": "periodic"
    },
    {
        "equity_ticker": "HPE",
        "geography": "US",
        "content_name": "Analyst Meeting - October 19, 2022",
        "file_type": "pdf",
        "content_type": "company_conference_transcript",
        "published_date": "2022-10-19",
        "fiscal_date": "2022-10-19",
        "fiscal_year": null,
        "fiscal_quarter": null,
        "r2_url": "https://pub-2c783279b61043e19fbdadd1bee5153a.r2.dev/HPE/2022-10-19/Hewlett%20Packard%20Enterprise%20Company_2022-10-19_transcript/Hewlett%20Packard%20Enterprise%20Company_2022-10-19_transcript.pdf%5CHewlett%20Packard%20Enterprise%20Company_2022-10-19_transcript.pdf",
        "periodicity": "non_periodic"
    },
    {
        "equity_ticker": "HPE",
        "geography": "US",
        "content_name": "Analyst Meeting - October 19, 2022",
        "file_type": "pdf",
        "content_type": "company_conference_presentation",
        "published_date": "2022-10-19",
        "fiscal_date": "2022-10-19",
        "fiscal_year": null,
        "fiscal_quarter": null,
        "r2_url": "https://pub-2c783279b61043e19fbdadd1bee5153a.r2.dev/HPE/2022-10-19/54e89-2022-10-23-02-08-56/54e89-2022-10-23-02-08-56.pdf%5C54e89-2022-10-23-02-08-56.pdf",
        "periodicity": "non_periodic"
    },
    {
        "equity_ticker": "HPE",
        "geography": "US",
        "content_name": "HPE Q3 2022 Transcript",
        "file_type": "pdf",
        "content_type": "earnings_transcript",
        "published_date": "2022-08-30",
        "fiscal_date": "2022-08-30",
        "fiscal_year": 2022,
        "fiscal_quarter": 3,
        "r2_url": "https://pub-2c783279b61043e19fbdadd1bee5153a.r2.dev/HPE/2022-08-30/Hewlett%20Packard%20Enterprise%20Company_2022-08-30_transcript/Hewlett%20Packard%20Enterprise%20Company_2022-08-30_transcript.pdf%5CHewlett%20Packard%20Enterprise%20Company_2022-08-30_transcript.pdf",
        "periodicity": "periodic"
    },
    {
        "equity_ticker": "HPE",
        "geography": "US",
        "content_name": "HPE Q3 2022 Press Release",
        "file_type": "pdf",
        "content_type": "earnings_press_release",
        "published_date": "2022-08-30",
        "fiscal_date": "2022-08-30",
        "fiscal_year": 2022,
        "fiscal_quarter": 3,
        "r2_url": "https://pub-2c783279b61043e19fbdadd1bee5153a.r2.dev/HPE/2022-08-30/53542-2022-08-30-08-32-20/53542-2022-08-30-08-32-20.pdf%5C53542-2022-08-30-08-32-20.pdf",
        "periodicity": "periodic"
    },
    {
        "equity_ticker": "HPE",
        "geography": "US",
        "content_name": "HPE Q3 2022 Presentation",
        "file_type": "pdf",
        "content_type": "earnings_presentation",
        "published_date": "2022-08-30",
        "fiscal_date": "2022-08-30",
        "fiscal_year": 2022,
        "fiscal_quarter": 3,
        "r2_url": "https://pub-2c783279b61043e19fbdadd1bee5153a.r2.dev/HPE/2022-08-30/f710a-2022-08-30-08-41-51/f710a-2022-08-30-08-41-51.pdf%5Cf710a-2022-08-30-08-41-51.pdf",
        "periodicity": "periodic"
    },
    {
        "equity_ticker": "HPE",
        "geography": "US",
        "content_name": "HPE Q2 2022 Transcript",
        "file_type": "pdf",
        "content_type": "earnings_transcript",
        "published_date": "2022-06-01",
        "fiscal_date": "2022-06-01",
        "fiscal_year": 2022,
        "fiscal_quarter": 2,
        "r2_url": "https://pub-2c783279b61043e19fbdadd1bee5153a.r2.dev/HPE/2022-06-01/Hewlett%20Packard%20Enterprise%20Company_2022-06-01_transcript/Hewlett%20Packard%20Enterprise%20Company_2022-06-01_transcript.pdf%5CHewlett%20Packard%20Enterprise%20Company_2022-06-01_transcript.pdf",
        "periodicity": "periodic"
    },
    {
        "equity_ticker": "HPE",
        "geography": "US",
        "content_name": "HPE Q2 2022 Press Release",
        "file_type": "pdf",
        "content_type": "earnings_press_release",
        "published_date": "2022-06-01",
        "fiscal_date": "2022-06-01",
        "fiscal_year": 2022,
        "fiscal_quarter": 2,
        "r2_url": "https://pub-2c783279b61043e19fbdadd1bee5153a.r2.dev/HPE/2022-06-01/fde2a-2022-06-01-08-48-12/fde2a-2022-06-01-08-48-12.pdf%5Cfde2a-2022-06-01-08-48-12.pdf",
        "periodicity": "periodic"
    },
    {
        "equity_ticker": "HPE",
        "geography": "US",
        "content_name": "HPE Q2 2022 Presentation",
        "file_type": "pdf",
        "content_type": "earnings_presentation",
        "published_date": "2022-06-01",
        "fiscal_date": "2022-06-01",
        "fiscal_year": 2022,
        "fiscal_quarter": 2,
        "r2_url": "https://pub-2c783279b61043e19fbdadd1bee5153a.r2.dev/HPE/2022-06-01/1b3a0-2022-06-01-08-49-12/1b3a0-2022-06-01-08-49-12.pdf%5C1b3a0-2022-06-01-08-49-12.pdf",
        "periodicity": "periodic"
    },
    {
        "equity_ticker": "HPE",
        "geography": "US",
        "content_name": "HPE Q1 2022 Transcript",
        "file_type": "pdf",
        "content_type": "earnings_transcript",
        "published_date": "2022-03-01",
        "fiscal_date": "2022-03-01",
        "fiscal_year": 2022,
        "fiscal_quarter": 1,
        "r2_url": "https://pub-2c783279b61043e19fbdadd1bee5153a.r2.dev/HPE/2022-03-01/Hewlett%20Packard%20Enterprise%20Company_2022-03-01_transcript/Hewlett%20Packard%20Enterprise%20Company_2022-03-01_transcript.pdf%5CHewlett%20Packard%20Enterprise%20Company_2022-03-01_transcript.pdf",
        "periodicity": "periodic"
    },
    {
        "equity_ticker": "HPE",
        "geography": "US",
        "content_name": "HPE Q1 2022 Press Release",
        "file_type": "pdf",
        "content_type": "earnings_press_release",
        "published_date": "2022-03-01",
        "fiscal_date": "2022-03-01",
        "fiscal_year": 2022,
        "fiscal_quarter": 1,
        "r2_url": "https://pub-2c783279b61043e19fbdadd1bee5153a.r2.dev/HPE/2022-03-01/a7f47-2023-01-25-12-22-40/a7f47-2023-01-25-12-22-40.pdf%5Ca7f47-2023-01-25-12-22-40.pdf",
        "periodicity": "periodic"
    },
    {
        "equity_ticker": "HPE",
        "geography": "US",
        "content_name": "HPE Q1 2022 Presentation",
        "file_type": "pdf",
        "content_type": "earnings_presentation",
        "published_date": "2022-03-01",
        "fiscal_date": "2022-03-01",
        "fiscal_year": 2022,
        "fiscal_quarter": 1,
        "r2_url": "https://pub-2c783279b61043e19fbdadd1bee5153a.r2.dev/HPE/2022-03-01/d7ce9-2022-03-01-11-32-34-migrated/d7ce9-2022-03-01-11-32-34-migrated.pdf%5Cd7ce9-2022-03-01-11-32-34-migrated.pdf",
        "periodicity": "periodic"
    },
    {
        "equity_ticker": "HPE",
        "geography": "US",
        "content_name": "HPE Q4 2021 Transcript",
        "file_type": "pdf",
        "content_type": "earnings_transcript",
        "published_date": "2021-11-30",
        "fiscal_date": "2021-11-30",
        "fiscal_year": 2021,
        "fiscal_quarter": 4,
        "r2_url": "https://pub-2c783279b61043e19fbdadd1bee5153a.r2.dev/HPE/2021-11-30/Hewlett%20Packard%20Enterprise%20Company_2021-11-30_transcript/Hewlett%20Packard%20Enterprise%20Company_2021-11-30_transcript.pdf%5CHewlett%20Packard%20Enterprise%20Company_2021-11-30_transcript.pdf",
        "periodicity": "periodic"
    },
    {
        "equity_ticker": "HPE",
        "geography": "US",
        "content_name": "HPE Q4 2021 Press Release",
        "file_type": "pdf",
        "content_type": "earnings_press_release",
        "published_date": "2021-11-30",
        "fiscal_date": "2021-11-30",
        "fiscal_year": 2021,
        "fiscal_quarter": 4,
        "r2_url": "https://pub-2c783279b61043e19fbdadd1bee5153a.r2.dev/HPE/2021-11-30/f4768-2023-01-25-12-53-04/f4768-2023-01-25-12-53-04.pdf%5Cf4768-2023-01-25-12-53-04.pdf",
        "periodicity": "periodic"
    },
    {
        "equity_ticker": "HPE",
        "geography": "US",
        "content_name": "HPE Q4 2021 Presentation",
        "file_type": "pdf",
        "content_type": "earnings_presentation",
        "published_date": "2021-11-30",
        "fiscal_date": "2021-11-30",
        "fiscal_year": 2021,
        "fiscal_quarter": 4,
        "r2_url": "https://pub-2c783279b61043e19fbdadd1bee5153a.r2.dev/HPE/2021-11-30/9daee-2021-11-30-12-00-00-migrated/9daee-2021-11-30-12-00-00-migrated.pdf%5C9daee-2021-11-30-12-00-00-migrated.pdf",
        "periodicity": "periodic"
    },
    {
        "equity_ticker": "HPE",
        "geography": "US",
        "content_name": "HPE Q3 2021 Transcript",
        "file_type": "pdf",
        "content_type": "earnings_transcript",
        "published_date": "2021-09-02",
        "fiscal_date": "2021-09-02",
        "fiscal_year": 2021,
        "fiscal_quarter": 3,
        "r2_url": "https://pub-2c783279b61043e19fbdadd1bee5153a.r2.dev/HPE/2021-09-02/Hewlett%20Packard%20Enterprise%20Company_2021-09-02_transcript/Hewlett%20Packard%20Enterprise%20Company_2021-09-02_transcript.pdf%5CHewlett%20Packard%20Enterprise%20Company_2021-09-02_transcript.pdf",
        "periodicity": "periodic"
    },
    {
        "equity_ticker": "HPE",
        "geography": "US",
        "content_name": "HPE Q3 2021 Press Release",
        "file_type": "pdf",
        "content_type": "earnings_press_release",
        "published_date": "2021-09-02",
        "fiscal_date": "2021-09-02",
        "fiscal_year": 2021,
        "fiscal_quarter": 3,
        "r2_url": "https://pub-2c783279b61043e19fbdadd1bee5153a.r2.dev/HPE/2021-09-02/ea59c-2023-01-25-09-03-16/ea59c-2023-01-25-09-03-16.pdf%5Cea59c-2023-01-25-09-03-16.pdf",
        "periodicity": "periodic"
    },
    {
        "equity_ticker": "HPE",
        "geography": "US",
        "content_name": "HPE Q3 2021 Presentation",
        "file_type": "pdf",
        "content_type": "earnings_presentation",
        "published_date": "2021-09-02",
        "fiscal_date": "2021-09-02",
        "fiscal_year": 2021,
        "fiscal_quarter": 3,
        "r2_url": "https://pub-2c783279b61043e19fbdadd1bee5153a.r2.dev/HPE/2021-09-02/e05c4-2021-09-02-12-00-00-migrated/e05c4-2021-09-02-12-00-00-migrated.pdf%5Ce05c4-2021-09-02-12-00-00-migrated.pdf",
        "periodicity": "periodic"
    },
    {
        "equity_ticker": "HPE",
        "geography": "US",
        "content_name": "HPE Q2 2021 Transcript",
        "file_type": "pdf",
        "content_type": "earnings_transcript",
        "published_date": "2021-05-31",
        "fiscal_date": "2021-05-31",
        "fiscal_year": 2021,
        "fiscal_quarter": 2,
        "r2_url": "https://pub-2c783279b61043e19fbdadd1bee5153a.r2.dev/HPE/2021-05-31/Hewlett%20Packard%20Enterprise%20Company_2021-05-31_transcript/Hewlett%20Packard%20Enterprise%20Company_2021-05-31_transcript.pdf%5CHewlett%20Packard%20Enterprise%20Company_2021-05-31_transcript.pdf",
        "periodicity": "periodic"
    },
    {
        "equity_ticker": "HPE",
        "geography": "US",
        "content_name": "HPE Q2 2021 Press Release",
        "file_type": "pdf",
        "content_type": "quarterly_report",
        "published_date": "2021-05-31",
        "fiscal_date": "2021-05-31",
        "fiscal_year": 2021,
        "fiscal_quarter": 2,
        "r2_url": "https://pub-2c783279b61043e19fbdadd1bee5153a.r2.dev/HPE/2021-05-31/5e31b-2024-08-29-07-05-19/5e31b-2024-08-29-07-05-19.pdf%5C5e31b-2024-08-29-07-05-19.pdf",
        "periodicity": "periodic"
    },
    {
        "equity_ticker": "HPE",
        "geography": "US",
        "content_name": "HPE Q2 2021 Presentation",
        "file_type": "pdf",
        "content_type": "earnings_presentation",
        "published_date": "2021-05-31",
        "fiscal_date": "2021-05-31",
        "fiscal_year": 2021,
        "fiscal_quarter": 2,
        "r2_url": "https://pub-2c783279b61043e19fbdadd1bee5153a.r2.dev/HPE/2021-05-31/6af3a-2021-05-31-10-00-16-migrated/6af3a-2021-05-31-10-00-16-migrated.pdf%5C6af3a-2021-05-31-10-00-16-migrated.pdf",
        "periodicity": "periodic"
    },
    {
        "equity_ticker": "HPE",
        "geography": "US",
        "content_name": "HPE Q1 2021 Transcript",
        "file_type": "pdf",
        "content_type": "earnings_transcript",
        "published_date": "2021-03-02",
        "fiscal_date": "2021-03-02",
        "fiscal_year": 2021,
        "fiscal_quarter": 1,
        "r2_url": "https://pub-2c783279b61043e19fbdadd1bee5153a.r2.dev/HPE/2021-03-02/Hewlett%20Packard%20Enterprise%20Company_2021-03-02_transcript/Hewlett%20Packard%20Enterprise%20Company_2021-03-02_transcript.pdf%5CHewlett%20Packard%20Enterprise%20Company_2021-03-02_transcript.pdf",
        "periodicity": "periodic"
    },
    {
        "equity_ticker": "HPE",
        "geography": "US",
        "content_name": "HPE Q4 2020 Transcript",
        "file_type": "pdf",
        "content_type": "earnings_transcript",
        "published_date": "2020-12-10",
        "fiscal_date": "2020-12-10",
        "fiscal_year": 2020,
        "fiscal_quarter": 4,
        "r2_url": "https://pub-2c783279b61043e19fbdadd1bee5153a.r2.dev/HPE/2020-12-10/Hewlett%20Packard%20Enterprise%20Company_2020-12-10_transcript/Hewlett%20Packard%20Enterprise%20Company_2020-12-10_transcript.pdf%5CHewlett%20Packard%20Enterprise%20Company_2020-12-10_transcript.pdf",
        "periodicity": "periodic"
    },
    {
        "equity_ticker": "HPE",
        "geography": "US",
        "content_name": "HPE Q4 2020 Press Release",
        "file_type": "pdf",
        "content_type": "annual_report",
        "published_date": "2020-12-10",
        "fiscal_date": "2020-12-10",
        "fiscal_year": 2020,
        "fiscal_quarter": 4,
        "r2_url": "https://pub-2c783279b61043e19fbdadd1bee5153a.r2.dev/HPE/2020-12-10/af4de-2023-09-05-05-32-09/af4de-2023-09-05-05-32-09.pdf%5Caf4de-2023-09-05-05-32-09.pdf",
        "periodicity": "periodic"
    },
    {
        "equity_ticker": "HPE",
        "geography": "US",
        "content_name": "HPE Q3 2020 Transcript",
        "file_type": "pdf",
        "content_type": "earnings_transcript",
        "published_date": "2020-08-25",
        "fiscal_date": "2020-08-25",
        "fiscal_year": 2020,
        "fiscal_quarter": 3,
        "r2_url": "https://pub-2c783279b61043e19fbdadd1bee5153a.r2.dev/HPE/2020-08-25/Hewlett%20Packard%20Enterprise%20Company_2020-08-25_transcript/Hewlett%20Packard%20Enterprise%20Company_2020-08-25_transcript.pdf%5CHewlett%20Packard%20Enterprise%20Company_2020-08-25_transcript.pdf",
        "periodicity": "periodic"
    },
    {
        "equity_ticker": "HPE",
        "geography": "US",
        "content_name": "HPE Q2 2020 Transcript",
        "file_type": "pdf",
        "content_type": "earnings_transcript",
        "published_date": "2020-05-21",
        "fiscal_date": "2020-05-21",
        "fiscal_year": 2020,
        "fiscal_quarter": 2,
        "r2_url": "https://pub-2c783279b61043e19fbdadd1bee5153a.r2.dev/HPE/2020-05-21/Hewlett%20Packard%20Enterprise%20Company_2020-05-21_transcript/Hewlett%20Packard%20Enterprise%20Company_2020-05-21_transcript.pdf%5CHewlett%20Packard%20Enterprise%20Company_2020-05-21_transcript.pdf",
        "periodicity": "periodic"
    },
    {
        "equity_ticker": "HPE",
        "geography": "US",
        "content_name": "HPE Q1 2020 Transcript",
        "file_type": "pdf",
        "content_type": "earnings_transcript",
        "published_date": "2020-03-03",
        "fiscal_date": "2020-03-03",
        "fiscal_year": 2020,
        "fiscal_quarter": 1,
        "r2_url": "https://pub-2c783279b61043e19fbdadd1bee5153a.r2.dev/HPE/2020-03-03/Hewlett%20Packard%20Enterprise%20Company_2020-03-03_transcript/Hewlett%20Packard%20Enterprise%20Company_2020-03-03_transcript.pdf%5CHewlett%20Packard%20Enterprise%20Company_2020-03-03_transcript.pdf",
        "periodicity": "periodic"
    },
    {
        "equity_ticker": "HPE",
        "geography": "US",
        "content_name": "HPE Q4 2019 Transcript",
        "file_type": "pdf",
        "content_type": "earnings_transcript",
        "published_date": "2019-12-13",
        "fiscal_date": "2019-12-13",
        "fiscal_year": 2019,
        "fiscal_quarter": 4,
        "r2_url": "https://pub-2c783279b61043e19fbdadd1bee5153a.r2.dev/HPE/2019-12-13/Hewlett%20Packard%20Enterprise%20Company_2019-12-13_transcript/Hewlett%20Packard%20Enterprise%20Company_2019-12-13_transcript.pdf%5CHewlett%20Packard%20Enterprise%20Company_2019-12-13_transcript.pdf",
        "periodicity": "periodic"
    },
    {
        "equity_ticker": "HPE",
        "geography": "US",
        "content_name": "HPE Q4 2019 Press Release",
        "file_type": "pdf",
        "content_type": "annual_report",
        "published_date": "2019-12-13",
        "fiscal_date": "2019-12-13",
        "fiscal_year": 2019,
        "fiscal_quarter": 4,
        "r2_url": "https://pub-2c783279b61043e19fbdadd1bee5153a.r2.dev/HPE/2019-12-13/c1845-2023-09-05-05-44-09/c1845-2023-09-05-05-44-09.pdf%5Cc1845-2023-09-05-05-44-09.pdf",
        "periodicity": "periodic"
    },
    {
        "equity_ticker": "HPE",
        "geography": "US",
        "content_name": "HPE Q3 2019 Transcript",
        "file_type": "pdf",
        "content_type": "earnings_transcript",
        "published_date": "2019-08-28",
        "fiscal_date": "2019-08-28",
        "fiscal_year": 2019,
        "fiscal_quarter": 3,
        "r2_url": "https://pub-2c783279b61043e19fbdadd1bee5153a.r2.dev/HPE/2019-08-28/Hewlett%20Packard%20Enterprise%20Company_2019-08-28_transcript/Hewlett%20Packard%20Enterprise%20Company_2019-08-28_transcript.pdf%5CHewlett%20Packard%20Enterprise%20Company_2019-08-28_transcript.pdf",
        "periodicity": "periodic"
    },
    {
        "equity_ticker": "HPE",
        "geography": "US",
        "content_name": "HPE Q2 2019 Transcript",
        "file_type": "pdf",
        "content_type": "earnings_transcript",
        "published_date": "2019-05-24",
        "fiscal_date": "2019-05-24",
        "fiscal_year": 2019,
        "fiscal_quarter": 2,
        "r2_url": "https://pub-2c783279b61043e19fbdadd1bee5153a.r2.dev/HPE/2019-05-24/Hewlett%20Packard%20Enterprise%20Company_2019-05-24_transcript/Hewlett%20Packard%20Enterprise%20Company_2019-05-24_transcript.pdf%5CHewlett%20Packard%20Enterprise%20Company_2019-05-24_transcript.pdf",
        "periodicity": "periodic"
    },
    {
        "equity_ticker": "HPE",
        "geography": "US",
        "content_name": "HPE Q1 2019 Transcript",
        "file_type": "pdf",
        "content_type": "earnings_transcript",
        "published_date": "2019-02-21",
        "fiscal_date": "2019-02-21",
        "fiscal_year": 2019,
        "fiscal_quarter": 1,
        "r2_url": "https://pub-2c783279b61043e19fbdadd1bee5153a.r2.dev/HPE/2019-02-21/Hewlett%20Packard%20Enterprise%20Company_2019-02-21_transcript/Hewlett%20Packard%20Enterprise%20Company_2019-02-21_transcript.pdf%5CHewlett%20Packard%20Enterprise%20Company_2019-02-21_transcript.pdf",
        "periodicity": "periodic"
    },
    {
        "equity_ticker": "HPE",
        "geography": "US",
        "content_name": "HPE Q4 2018 Transcript",
        "file_type": "pdf",
        "content_type": "earnings_transcript",
        "published_date": "2018-12-12",
        "fiscal_date": "2018-12-12",
        "fiscal_year": 2018,
        "fiscal_quarter": 4,
        "r2_url": "https://pub-2c783279b61043e19fbdadd1bee5153a.r2.dev/HPE/2018-12-12/Hewlett%20Packard%20Enterprise%20Company_2018-12-12_transcript/Hewlett%20Packard%20Enterprise%20Company_2018-12-12_transcript.pdf%5CHewlett%20Packard%20Enterprise%20Company_2018-12-12_transcript.pdf",
        "periodicity": "periodic"
    },
    {
        "equity_ticker": "HPE",
        "geography": "US",
        "content_name": "HPE Q4 2018 Press Release",
        "file_type": "pdf",
        "content_type": "annual_report",
        "published_date": "2018-12-12",
        "fiscal_date": "2018-12-12",
        "fiscal_year": 2018,
        "fiscal_quarter": 4,
        "r2_url": "https://pub-2c783279b61043e19fbdadd1bee5153a.r2.dev/HPE/2018-12-12/8bcfa-2023-09-05-05-56-09/8bcfa-2023-09-05-05-56-09.pdf%5C8bcfa-2023-09-05-05-56-09.pdf",
        "periodicity": "periodic"
    },
    {
        "equity_ticker": "HPE",
        "geography": "US",
        "content_name": "HPE Q3 2018 Transcript",
        "file_type": "pdf",
        "content_type": "earnings_transcript",
        "published_date": "2018-08-28",
        "fiscal_date": "2018-08-28",
        "fiscal_year": 2018,
        "fiscal_quarter": 3,
        "r2_url": "https://pub-2c783279b61043e19fbdadd1bee5153a.r2.dev/HPE/2018-08-28/Hewlett%20Packard%20Enterprise%20Company_2018-08-28_transcript/Hewlett%20Packard%20Enterprise%20Company_2018-08-28_transcript.pdf%5CHewlett%20Packard%20Enterprise%20Company_2018-08-28_transcript.pdf",
        "periodicity": "periodic"
    },
    {
        "equity_ticker": "HPE",
        "geography": "US",
        "content_name": "HPE Q2 2018 Transcript",
        "file_type": "pdf",
        "content_type": "earnings_transcript",
        "published_date": "2018-05-22",
        "fiscal_date": "2018-05-22",
        "fiscal_year": 2018,
        "fiscal_quarter": 2,
        "r2_url": "https://pub-2c783279b61043e19fbdadd1bee5153a.r2.dev/HPE/2018-05-22/Hewlett%20Packard%20Enterprise%20Company_2018-05-22_transcript/Hewlett%20Packard%20Enterprise%20Company_2018-05-22_transcript.pdf%5CHewlett%20Packard%20Enterprise%20Company_2018-05-22_transcript.pdf",
        "periodicity": "periodic"
    },
    {
        "equity_ticker": "HPE",
        "geography": "US",
        "content_name": "HPE Q1 2018 Transcript",
        "file_type": "pdf",
        "content_type": "earnings_transcript",
        "published_date": "2018-02-22",
        "fiscal_date": "2018-02-22",
        "fiscal_year": 2018,
        "fiscal_quarter": 1,
        "r2_url": "https://pub-2c783279b61043e19fbdadd1bee5153a.r2.dev/HPE/2018-02-22/Hewlett%20Packard%20Enterprise%20Company_2018-02-22_transcript/Hewlett%20Packard%20Enterprise%20Company_2018-02-22_transcript.pdf%5CHewlett%20Packard%20Enterprise%20Company_2018-02-22_transcript.pdf",
        "periodicity": "periodic"
    },
    {
        "equity_ticker": "HPE",
        "geography": "US",
        "content_name": "HPE Q4 2017 Transcript",
        "file_type": "pdf",
        "content_type": "earnings_transcript",
        "published_date": "2017-12-15",
        "fiscal_date": "2017-12-15",
        "fiscal_year": 2017,
        "fiscal_quarter": 4,
        "r2_url": "https://pub-2c783279b61043e19fbdadd1bee5153a.r2.dev/HPE/2017-12-15/Hewlett%20Packard%20Enterprise%20Company_2017-12-15_transcript/Hewlett%20Packard%20Enterprise%20Company_2017-12-15_transcript.pdf%5CHewlett%20Packard%20Enterprise%20Company_2017-12-15_transcript.pdf",
        "periodicity": "periodic"
    },
    {
        "equity_ticker": "HPE",
        "geography": "US",
        "content_name": "HPE Q4 2017 Press Release",
        "file_type": "pdf",
        "content_type": "annual_report",
        "published_date": "2017-12-15",
        "fiscal_date": "2017-12-15",
        "fiscal_year": 2017,
        "fiscal_quarter": 4,
        "r2_url": "https://pub-2c783279b61043e19fbdadd1bee5153a.r2.dev/HPE/2017-12-15/9315c-2023-09-05-05-10-10/9315c-2023-09-05-05-10-10.pdf%5C9315c-2023-09-05-05-10-10.pdf",
        "periodicity": "periodic"
    },
    {
        "equity_ticker": "HPE",
        "geography": "US",
        "content_name": "HPE Q3 2017 Transcript",
        "file_type": "pdf",
        "content_type": "earnings_transcript",
        "published_date": "2017-09-05",
        "fiscal_date": "2017-09-05",
        "fiscal_year": 2017,
        "fiscal_quarter": 3,
        "r2_url": "https://pub-2c783279b61043e19fbdadd1bee5153a.r2.dev/HPE/2017-09-05/Hewlett%20Packard%20Enterprise%20Company_2017-09-05_transcript/Hewlett%20Packard%20Enterprise%20Company_2017-09-05_transcript.pdf%5CHewlett%20Packard%20Enterprise%20Company_2017-09-05_transcript.pdf",
        "periodicity": "periodic"
    },
    {
        "equity_ticker": "HPE",
        "geography": "US",
        "content_name": "HPE Q2 2017 Transcript",
        "file_type": "pdf",
        "content_type": "earnings_transcript",
        "published_date": "2017-05-31",
        "fiscal_date": "2017-05-31",
        "fiscal_year": 2017,
        "fiscal_quarter": 2,
        "r2_url": "https://pub-2c783279b61043e19fbdadd1bee5153a.r2.dev/HPE/2017-05-31/Hewlett%20Packard%20Enterprise%20Company_2017-05-31_transcript/Hewlett%20Packard%20Enterprise%20Company_2017-05-31_transcript.pdf%5CHewlett%20Packard%20Enterprise%20Company_2017-05-31_transcript.pdf",
        "periodicity": "periodic"
    },
    {
        "equity_ticker": "HPE",
        "geography": "US",
        "content_name": "HPE Q1 2017 Transcript",
        "file_type": "pdf",
        "content_type": "earnings_transcript",
        "published_date": "2017-02-23",
        "fiscal_date": "2017-02-23",
        "fiscal_year": 2017,
        "fiscal_quarter": 1,
        "r2_url": "https://pub-2c783279b61043e19fbdadd1bee5153a.r2.dev/HPE/2017-02-23/Hewlett%20Packard%20Enterprise%20Company_2017-02-23_transcript/Hewlett%20Packard%20Enterprise%20Company_2017-02-23_transcript.pdf%5CHewlett%20Packard%20Enterprise%20Company_2017-02-23_transcript.pdf",
        "periodicity": "periodic"
    },
    {
        "equity_ticker": "HPE",
        "geography": "US",
        "content_name": "HPE Q4 2016 Transcript",
        "file_type": "pdf",
        "content_type": "earnings_transcript",
        "published_date": "2016-12-15",
        "fiscal_date": "2016-12-15",
        "fiscal_year": 2016,
        "fiscal_quarter": 4,
        "r2_url": "https://pub-2c783279b61043e19fbdadd1bee5153a.r2.dev/HPE/2016-12-15/Hewlett%20Packard%20Enterprise%20Company_2016-12-15_transcript/Hewlett%20Packard%20Enterprise%20Company_2016-12-15_transcript.pdf%5CHewlett%20Packard%20Enterprise%20Company_2016-12-15_transcript.pdf",
        "periodicity": "periodic"
    },
    {
        "equity_ticker": "HPE",
        "geography": "US",
        "content_name": "HPE Q4 2016 Press Release",
        "file_type": "pdf",
        "content_type": "annual_report",
        "published_date": "2016-12-15",
        "fiscal_date": "2016-12-15",
        "fiscal_year": 2016,
        "fiscal_quarter": 4,
        "r2_url": "https://pub-2c783279b61043e19fbdadd1bee5153a.r2.dev/HPE/2016-12-15/dbe17-2023-09-05-05-27-10/dbe17-2023-09-05-05-27-10.pdf%5Cdbe17-2023-09-05-05-27-10.pdf",
        "periodicity": "periodic"
    },
    {
        "equity_ticker": "HPE",
        "geography": "US",
        "content_name": "HPE Q3 2016 Transcript",
        "file_type": "pdf",
        "content_type": "earnings_transcript",
        "published_date": "2016-09-07",
        "fiscal_date": "2016-09-07",
        "fiscal_year": 2016,
        "fiscal_quarter": 3,
        "r2_url": "https://pub-2c783279b61043e19fbdadd1bee5153a.r2.dev/HPE/2016-09-07/Hewlett%20Packard%20Enterprise%20Company_2016-09-07_transcript/Hewlett%20Packard%20Enterprise%20Company_2016-09-07_transcript.pdf%5CHewlett%20Packard%20Enterprise%20Company_2016-09-07_transcript.pdf",
        "periodicity": "periodic"
    },
    {
        "equity_ticker": "HPE",
        "geography": "US",
        "content_name": "HPE Q1 2025 10-Q",
        "file_type": "pdf",
        "content_type": "quarterly_report",
        "published_date": "2025-03-07",
        "fiscal_date": "2025-01-31",
        "fiscal_year": 2025,
        "fiscal_quarter": 1,
        "r2_url": "https://pub-2c783279b61043e19fbdadd1bee5153a.r2.dev/HPE/2025-03-07/hpe-20250131.htm%5Chpe-20250131.pdf",
        "periodicity": "periodic"
      },
      {
        "equity_ticker": "HPE",
        "geography": "US",
        "content_name": "HPE Q4 2024 10-K",
        "file_type": "pdf",
        "content_type": "annual_report",
        "published_date": "2024-12-19",
        "fiscal_date": "2024-10-31",
        "fiscal_year": 2024,
        "fiscal_quarter": 4,
        "r2_url": "https://pub-2c783279b61043e19fbdadd1bee5153a.r2.dev/HPE/2024-12-19/hpe-20241031.htm%5Chpe-20241031.pdf",
        "periodicity": "periodic"
      },
      {
        "equity_ticker": "HPE",
        "geography": "US",
        "content_name": "HPE Q3 2024 10-Q",
        "file_type": "pdf",
        "content_type": "quarterly_report",
        "published_date": "2024-09-05",
        "fiscal_date": "2024-07-31",
        "fiscal_year": 2024,
        "fiscal_quarter": 3,
        "r2_url": "https://pub-2c783279b61043e19fbdadd1bee5153a.r2.dev/HPE/2024-09-05/hpe-20240731.htm%5Chpe-20240731.pdf",
        "periodicity": "periodic"
      },
      {
        "equity_ticker": "HPE",
        "geography": "US",
        "content_name": "HPE Q2 2024 10-Q",
        "file_type": "pdf",
        "content_type": "quarterly_report",
        "published_date": "2024-06-05",
        "fiscal_date": "2024-04-30",
        "fiscal_year": 2024,
        "fiscal_quarter": 2,
        "r2_url": "https://pub-2c783279b61043e19fbdadd1bee5153a.r2.dev/HPE/2024-06-05/hpe-20240430.htm%5Chpe-20240430.pdf",
        "periodicity": "periodic"
      },
      {
        "equity_ticker": "HPE",
        "geography": "US",
        "content_name": "HPE Q1 2024 10-Q",
        "file_type": "pdf",
        "content_type": "quarterly_report",
        "published_date": "2024-03-05",
        "fiscal_date": "2024-01-31",
        "fiscal_year": 2024,
        "fiscal_quarter": 1,
        "r2_url": "https://pub-2c783279b61043e19fbdadd1bee5153a.r2.dev/HPE/2024-03-05/hpe-20240131.htm%5Chpe-20240131.pdf",
        "periodicity": "periodic"
      },
      {
        "equity_ticker": "HPE",
        "geography": "US",
        "content_name": "HPE Q4 2023 10-K",
        "file_type": "pdf",
        "content_type": "annual_report",
        "published_date": "2023-12-22",
        "fiscal_date": "2023-10-31",
        "fiscal_year": 2023,
        "fiscal_quarter": 4,
        "r2_url": "https://pub-2c783279b61043e19fbdadd1bee5153a.r2.dev/HPE/2023-12-22/hpe-20231031.htm%5Chpe-20231031.pdf",
        "periodicity": "periodic"
      },
      {
        "equity_ticker": "HPE",
        "geography": "US",
        "content_name": "HPE Q3 2023 10-Q",
        "file_type": "pdf",
        "content_type": "quarterly_report",
        "published_date": "2023-09-01",
        "fiscal_date": "2023-07-31",
        "fiscal_year": 2023,
        "fiscal_quarter": 3,
        "r2_url": "https://pub-2c783279b61043e19fbdadd1bee5153a.r2.dev/HPE/2023-09-01/hpe-20230731.htm%5Chpe-20230731.pdf",
        "periodicity": "periodic"
      },
      {
        "equity_ticker": "HPE",
        "geography": "US",
        "content_name": "HPE Q2 2023 10-Q",
        "file_type": "pdf",
        "content_type": "quarterly_report",
        "published_date": "2023-06-02",
        "fiscal_date": "2023-04-30",
        "fiscal_year": 2023,
        "fiscal_quarter": 2,
        "r2_url": "https://pub-2c783279b61043e19fbdadd1bee5153a.r2.dev/HPE/2023-06-02/hpe-20230430.htm%5Chpe-20230430.pdf",
        "periodicity": "periodic"
      },
      {
        "equity_ticker": "HPE",
        "geography": "US",
        "content_name": "HPE Q1 2023 10-Q",
        "file_type": "pdf",
        "content_type": "quarterly_report",
        "published_date": "2023-03-07",
        "fiscal_date": "2023-01-31",
        "fiscal_year": 2023,
        "fiscal_quarter": 1,
        "r2_url": "https://pub-2c783279b61043e19fbdadd1bee5153a.r2.dev/HPE/2023-03-07/hpe-20230131.htm%5Chpe-20230131.pdf",
        "periodicity": "periodic"
      },
      {
        "equity_ticker": "HPE",
        "geography": "US",
        "content_name": "HPE Q4 2022 10-K",
        "file_type": "pdf",
        "content_type": "annual_report",
        "published_date": "2022-12-08",
        "fiscal_date": "2022-10-31",
        "fiscal_year": 2022,
        "fiscal_quarter": 4,
        "r2_url": "https://pub-2c783279b61043e19fbdadd1bee5153a.r2.dev/HPE/2022-12-08/hpe-20221031.htm%5Chpe-20221031.pdf",
        "periodicity": "periodic"
      },
      {
        "equity_ticker": "HPE",
        "geography": "US",
        "content_name": "HPE Q3 2022 10-Q",
        "file_type": "pdf",
        "content_type": "quarterly_report",
        "published_date": "2022-09-01",
        "fiscal_date": "2022-07-31",
        "fiscal_year": 2022,
        "fiscal_quarter": 3,
        "r2_url": "https://pub-2c783279b61043e19fbdadd1bee5153a.r2.dev/HPE/2022-09-01/hpe-20220731.htm%5Chpe-20220731.pdf",
        "periodicity": "periodic"
      },
      {
        "equity_ticker": "HPE",
        "geography": "US",
        "content_name": "HPE Q2 2022 10-Q",
        "file_type": "pdf",
        "content_type": "quarterly_report",
        "published_date": "2022-06-03",
        "fiscal_date": "2022-04-30",
        "fiscal_year": 2022,
        "fiscal_quarter": 2,
        "r2_url": "https://pub-2c783279b61043e19fbdadd1bee5153a.r2.dev/HPE/2022-06-03/hpe-20220430.htm%5Chpe-20220430.pdf",
        "periodicity": "periodic"
      },
      {
        "equity_ticker": "HPE",
        "geography": "US",
        "content_name": "HPE Q1 2022 10-Q",
        "file_type": "pdf",
        "content_type": "quarterly_report",
        "published_date": "2022-03-03",
        "fiscal_date": "2022-01-31",
        "fiscal_year": 2022,
        "fiscal_quarter": 1,
        "r2_url": "https://pub-2c783279b61043e19fbdadd1bee5153a.r2.dev/HPE/2022-03-03/hpe-20220131.htm%5Chpe-20220131.pdf",
        "periodicity": "periodic"
      },
      {
        "equity_ticker": "HPE",
        "geography": "US",
        "content_name": "HPE Q4 2021 10-K",
        "file_type": "pdf",
        "content_type": "annual_report",
        "published_date": "2021-12-10",
        "fiscal_date": "2021-10-31",
        "fiscal_year": 2021,
        "fiscal_quarter": 4,
        "r2_url": "https://pub-2c783279b61043e19fbdadd1bee5153a.r2.dev/HPE/2021-12-10/hpe-20211031.htm%5Chpe-20211031.pdf",
        "periodicity": "periodic"
      },
      {
        "equity_ticker": "HPE",
        "geography": "US",
        "content_name": "HPE Q3 2021 10-Q",
        "file_type": "pdf",
        "content_type": "quarterly_report",
        "published_date": "2021-09-03",
        "fiscal_date": "2021-07-31",
        "fiscal_year": 2021,
        "fiscal_quarter": 3,
        "r2_url": "https://pub-2c783279b61043e19fbdadd1bee5153a.r2.dev/HPE/2021-09-03/hpe-20210731.htm%5Chpe-20210731.pdf",
        "periodicity": "periodic"
      },
      {
        "equity_ticker": "HPE",
        "geography": "US",
        "content_name": "HPE Q2 2021 10-Q",
        "file_type": "pdf",
        "content_type": "quarterly_report",
        "published_date": "2021-06-03",
        "fiscal_date": "2021-04-30",
        "fiscal_year": 2021,
        "fiscal_quarter": 2,
        "r2_url": "https://pub-2c783279b61043e19fbdadd1bee5153a.r2.dev/HPE/2021-06-03/hpe-20210430.htm%5Chpe-20210430.pdf",
        "periodicity": "periodic"
      },
      {
        "equity_ticker": "HPE",
        "geography": "US",
        "content_name": "HPE Q1 2021 10-Q",
        "file_type": "pdf",
        "content_type": "quarterly_report",
        "published_date": "2021-03-04",
        "fiscal_date": "2021-01-31",
        "fiscal_year": 2021,
        "fiscal_quarter": 1,
        "r2_url": "https://pub-2c783279b61043e19fbdadd1bee5153a.r2.dev/HPE/2021-03-04/hpe-20210131.htm%5Chpe-20210131.pdf",
        "periodicity": "periodic"
      },
      {
        "equity_ticker": "HPE",
        "geography": "US",
        "content_name": "HPE Q4 2020 10-K",
        "file_type": "pdf",
        "content_type": "annual_report",
        "published_date": "2020-12-10",
        "fiscal_date": "2020-10-31",
        "fiscal_year": 2020,
        "fiscal_quarter": 4,
        "r2_url": "https://pub-2c783279b61043e19fbdadd1bee5153a.r2.dev/HPE/2020-12-10/hpe-20201031.htm%5Chpe-20201031.pdf",
        "periodicity": "periodic"
      },
      {
        "equity_ticker": "HPE",
        "geography": "US",
        "content_name": "HPE Q3 2020 10-Q",
        "file_type": "pdf",
        "content_type": "quarterly_report",
        "published_date": "2020-09-03",
        "fiscal_date": "2020-07-31",
        "fiscal_year": 2020,
        "fiscal_quarter": 3,
        "r2_url": "https://pub-2c783279b61043e19fbdadd1bee5153a.r2.dev/HPE/2020-09-03/hpe-20200731.htm%5Cix.pdf",
        "periodicity": "periodic"
      },
      {
        "equity_ticker": "HPE",
        "geography": "US",
        "content_name": "HPE Q2 2020 10-Q",
        "file_type": "pdf",
        "content_type": "quarterly_report",
        "published_date": "2020-06-02",
        "fiscal_date": "2020-04-30",
        "fiscal_year": 2020,
        "fiscal_quarter": 2,
        "r2_url": "https://pub-2c783279b61043e19fbdadd1bee5153a.r2.dev/HPE/2020-06-02/hpe-20200430.htm%5Cix.pdf",
        "periodicity": "periodic"
      },
      {
        "equity_ticker": "HPE",
        "geography": "US",
        "content_name": "HPE Q1 2020 10-Q",
        "file_type": "pdf",
        "content_type": "quarterly_report",
        "published_date": "2020-03-06",
        "fiscal_date": "2020-01-31",
        "fiscal_year": 2020,
        "fiscal_quarter": 1,
        "r2_url": "https://pub-2c783279b61043e19fbdadd1bee5153a.r2.dev/HPE/2020-03-06/hpe-01312020x10qq1.htm%5Cix.pdf",
        "periodicity": "periodic"
      },
      {
        "equity_ticker": "HPE",
        "geography": "US",
        "content_name": "HPE Q4 2019 10-K",
        "file_type": "pdf",
        "content_type": "annual_report",
        "published_date": "2019-12-12",
        "fiscal_date": "2019-10-31",
        "fiscal_year": 2019,
        "fiscal_quarter": 4,
        "r2_url": "https://pub-2c783279b61043e19fbdadd1bee5153a.r2.dev/HPE/2019-12-12/hpe-10312019x10k.htm%5Cix.pdf",
        "periodicity": "periodic"
      },
      {
        "equity_ticker": "HPE",
        "geography": "US",
        "content_name": "HPE Q3 2019 10-Q",
        "file_type": "pdf",
        "content_type": "quarterly_report",
        "published_date": "2019-08-30",
        "fiscal_date": "2019-07-31",
        "fiscal_year": 2019,
        "fiscal_quarter": 3,
        "r2_url": "https://pub-2c783279b61043e19fbdadd1bee5153a.r2.dev/HPE/2019-08-30/hpe-07312019x10qq3.htm%5Cix.pdf",
        "periodicity": "periodic"
      },
      {
        "equity_ticker": "HPE",
        "geography": "US",
        "content_name": "HPE Q2 2019 10-Q",
        "file_type": "pdf",
        "content_type": "quarterly_report",
        "published_date": "2019-05-31",
        "fiscal_date": "2019-04-30",
        "fiscal_year": 2019,
        "fiscal_quarter": 2,
        "r2_url": "https://pub-2c783279b61043e19fbdadd1bee5153a.r2.dev/HPE/2019-05-31/hpe-04302019x10qq2.htm%5Chpe-04302019x10qq2.pdf",
        "periodicity": "periodic"
      },
      {
        "equity_ticker": "HPE",
        "geography": "US",
        "content_name": "HPE Q1 2019 10-Q",
        "file_type": "pdf",
        "content_type": "quarterly_report",
        "published_date": "2019-03-05",
        "fiscal_date": "2019-01-31",
        "fiscal_year": 2019,
        "fiscal_quarter": 1,
        "r2_url": "https://pub-2c783279b61043e19fbdadd1bee5153a.r2.dev/HPE/2019-03-05/hpe-01312019x10qq1.htm%5Chpe-01312019x10qq1.pdf",
        "periodicity": "periodic"
      },
      {
        "equity_ticker": "HPE",
        "geography": "US",
        "content_name": "HPE Q4 2018 10-K",
        "file_type": "pdf",
        "content_type": "annual_report",
        "published_date": "2018-12-12",
        "fiscal_date": "2018-10-31",
        "fiscal_year": 2018,
        "fiscal_quarter": 4,
        "r2_url": "https://pub-2c783279b61043e19fbdadd1bee5153a.r2.dev/HPE/2018-12-12/hpe-10312018x10k.htm%5Chpe-10312018x10k.pdf",
        "periodicity": "periodic"
      },
      {
        "equity_ticker": "HPE",
        "geography": "US",
        "content_name": "HPE Q3 2018 10-Q",
        "file_type": "pdf",
        "content_type": "quarterly_report",
        "published_date": "2018-09-04",
        "fiscal_date": "2018-07-31",
        "fiscal_year": 2018,
        "fiscal_quarter": 3,
        "r2_url": "https://pub-2c783279b61043e19fbdadd1bee5153a.r2.dev/HPE/2018-09-04/hpe-07312018x10qq3.htm%5Chpe-07312018x10qq3.pdf",
        "periodicity": "periodic"
      },
      {
        "equity_ticker": "HPE",
        "geography": "US",
        "content_name": "HPE Q2 2018 10-Q",
        "file_type": "pdf",
        "content_type": "quarterly_report",
        "published_date": "2018-06-07",
        "fiscal_date": "2018-04-30",
        "fiscal_year": 2018,
        "fiscal_quarter": 2,
        "r2_url": "https://pub-2c783279b61043e19fbdadd1bee5153a.r2.dev/HPE/2018-06-07/hpe-04302018x10qq2.htm%5Chpe-04302018x10qq2.pdf",
        "periodicity": "periodic"
      },
      {
        "equity_ticker": "HPE",
        "geography": "US",
        "content_name": "HPE Q1 2018 10-Q",
        "file_type": "pdf",
        "content_type": "quarterly_report",
        "published_date": "2018-03-09",
        "fiscal_date": "2018-01-31",
        "fiscal_year": 2018,
        "fiscal_quarter": 1,
        "r2_url": "https://pub-2c783279b61043e19fbdadd1bee5153a.r2.dev/HPE/2018-03-09/hpe-01312018x10q.htm%5Chpe-01312018x10q.pdf",
        "periodicity": "periodic"
      },
      {
        "equity_ticker": "HPE",
        "geography": "US",
        "content_name": "HPE Q4 2017 10-K",
        "file_type": "pdf",
        "content_type": "annual_report",
        "published_date": "2017-12-15",
        "fiscal_date": "2017-10-31",
        "fiscal_year": 2017,
        "fiscal_quarter": 4,
        "r2_url": "https://pub-2c783279b61043e19fbdadd1bee5153a.r2.dev/HPE/2017-12-15/hpe-10312017x10k.htm%5Chpe-10312017x10k.pdf",
        "periodicity": "periodic"
      },
      {
        "equity_ticker": "HPE",
        "geography": "US",
        "content_name": "HPE Q3 2017 10-Q",
        "file_type": "pdf",
        "content_type": "quarterly_report",
        "published_date": "2017-09-07",
        "fiscal_date": "2017-07-31",
        "fiscal_year": 2017,
        "fiscal_quarter": 3,
        "r2_url": "https://pub-2c783279b61043e19fbdadd1bee5153a.r2.dev/HPE/2017-09-07/hpe-07312017x10q.htm%5Chpe-07312017x10q.pdf",
        "periodicity": "periodic"
      },
      {
        "equity_ticker": "HPE",
        "geography": "US",
        "content_name": "HPE Q2 2017 10-Q",
        "file_type": "pdf",
        "content_type": "quarterly_report",
        "published_date": "2017-06-08",
        "fiscal_date": "2017-04-30",
        "fiscal_year": 2017,
        "fiscal_quarter": 2,
        "r2_url": "https://pub-2c783279b61043e19fbdadd1bee5153a.r2.dev/HPE/2017-06-08/hpe-04302017x10q.htm%5Chpe-04302017x10q.pdf",
        "periodicity": "periodic"
      },
      {
        "equity_ticker": "HPE",
        "geography": "US",
        "content_name": "HPE Q1 2017 10-Q",
        "file_type": "pdf",
        "content_type": "quarterly_report",
        "published_date": "2017-03-09",
        "fiscal_date": "2017-01-31",
        "fiscal_year": 2017,
        "fiscal_quarter": 1,
        "r2_url": "https://pub-2c783279b61043e19fbdadd1bee5153a.r2.dev/HPE/2017-03-09/hpe-01312017x10q.htm%5Chpe-01312017x10q.pdf",
        "periodicity": "periodic"
      },
      {
        "equity_ticker": "HPE",
        "geography": "US",
        "content_name": "HPE Q4 2016 10-K",
        "file_type": "pdf",
        "content_type": "annual_report",
        "published_date": "2016-12-15",
        "fiscal_date": "2016-10-31",
        "fiscal_year": 2016,
        "fiscal_quarter": 4,
        "r2_url": "https://pub-2c783279b61043e19fbdadd1bee5153a.r2.dev/HPE/2016-12-15/hpe-10312016x10k.htm%5Chpe-10312016x10k.pdf",
        "periodicity": "periodic"
      },
      {
        "equity_ticker": "HPE",
        "geography": "US",
        "content_name": "HPE Q3 2016 10-Q",
        "file_type": "pdf",
        "content_type": "quarterly_report",
        "published_date": "2016-09-08",
        "fiscal_date": "2016-07-31",
        "fiscal_year": 2016,
        "fiscal_quarter": 3,
        "r2_url": "https://pub-2c783279b61043e19fbdadd1bee5153a.r2.dev/HPE/2016-09-08/hpe-07312016x10q.htm%5Chpe-07312016x10q.pdf",
        "periodicity": "periodic"
      },
      {
        "equity_ticker": "HPE",
        "geography": "US",
        "content_name": "HPE Q2 2016 10-Q",
        "file_type": "pdf",
        "content_type": "quarterly_report",
        "published_date": "2016-06-08",
        "fiscal_date": "2016-04-30",
        "fiscal_year": 2016,
        "fiscal_quarter": 2,
        "r2_url": "https://pub-2c783279b61043e19fbdadd1bee5153a.r2.dev/HPE/2016-06-08/a2228788z10-q.htm%5Ca2228788z10-q.pdf",
        "periodicity": "periodic"
      },
      {
        "equity_ticker": "HPE",
        "geography": "US",
        "content_name": "HPE Q1 2016 10-Q",
        "file_type": "pdf",
        "content_type": "quarterly_report",
        "published_date": "2016-03-10",
        "fiscal_date": "2016-01-31",
        "fiscal_year": 2016,
        "fiscal_quarter": 1,
        "r2_url": "https://pub-2c783279b61043e19fbdadd1bee5153a.r2.dev/HPE/2016-03-10/a2227444z10-q.htm%5Ca2227444z10-q.pdf",
        "periodicity": "periodic"
      },
      {
        "equity_ticker": "HPE",
        "geography": "US",
        "content_name": "HPE Q4 2015 10-K",
        "file_type": "pdf",
        "content_type": "annual_report",
        "published_date": "2015-12-17",
        "fiscal_date": "2015-10-31",
        "fiscal_year": 2015,
        "fiscal_quarter": 4,
        "r2_url": "https://pub-2c783279b61043e19fbdadd1bee5153a.r2.dev/HPE/2015-12-17/a2226746z10-k.htm%5Ca2226746z10-k.pdf",
        "periodicity": "periodic"
      }
]