[
  {
    "equity_ticker": "HUBS",
    "geography": "US",
    "content_name": "HUBS Q4 2024 10-K",
    "file_type": "pdf",
    "content_type": "annual_report",
    "published_date": "2025-02-12",
    "fiscal_date": "2024-12-31",
    "fiscal_year": 2024,
    "fiscal_quarter": 4,
    "r2_url": "https://pub-2c783279b61043e19fbdadd1bee5153a.r2.dev/HUBS/2025-02-12/hubs-20241231.htm/hubs-20241231.pdf",
    "periodicity": "periodic"
  },
  {
    "equity_ticker": "HUBS",
    "geography": "US",
    "content_name": "HUBS Q3 2024 10-Q",
    "file_type": "pdf",
    "content_type": "quarterly_report",
    "published_date": "2024-11-06",
    "fiscal_date": "2024-09-30",
    "fiscal_year": 2024,
    "fiscal_quarter": 3,
    "r2_url": "https://pub-2c783279b61043e19fbdadd1bee5153a.r2.dev/HUBS/2024-11-06/hubs-20240930.htm/hubs-20240930.pdf",
    "periodicity": "periodic"
  },
  {
    "equity_ticker": "HUBS",
    "geography": "US",
    "content_name": "HUBS Q2 2024 10-Q",
    "file_type": "pdf",
    "content_type": "quarterly_report",
    "published_date": "2024-08-07",
    "fiscal_date": "2024-06-30",
    "fiscal_year": 2024,
    "fiscal_quarter": 2,
    "r2_url": "https://pub-2c783279b61043e19fbdadd1bee5153a.r2.dev/HUBS/2024-08-07/hubs-20240630.htm/hubs-20240630.pdf",
    "periodicity": "periodic"
  },
  {
    "equity_ticker": "HUBS",
    "geography": "US",
    "content_name": "HUBS Q1 2024 10-Q",
    "file_type": "pdf",
    "content_type": "quarterly_report",
    "published_date": "2024-05-10",
    "fiscal_date": "2024-03-31",
    "fiscal_year": 2024,
    "fiscal_quarter": 1,
    "r2_url": "https://pub-2c783279b61043e19fbdadd1bee5153a.r2.dev/HUBS/2024-05-10/hubs-20240331.htm/hubs-20240331.pdf",
    "periodicity": "periodic"
  },
  {
    "equity_ticker": "HUBS",
    "geography": "US",
    "content_name": "HUBS Q4 2023 10-K",
    "file_type": "pdf",
    "content_type": "annual_report",
    "published_date": "2024-02-14",
    "fiscal_date": "2023-12-31",
    "fiscal_year": 2023,
    "fiscal_quarter": 4,
    "r2_url": "https://pub-2c783279b61043e19fbdadd1bee5153a.r2.dev/HUBS/2024-02-14/hubs-20231231.htm/hubs-20231231.pdf",
    "periodicity": "periodic"
  },
  {
    "equity_ticker": "HUBS",
    "geography": "US",
    "content_name": "HUBS Q3 2023 10-Q",
    "file_type": "pdf",
    "content_type": "quarterly_report",
    "published_date": "2023-11-08",
    "fiscal_date": "2023-09-30",
    "fiscal_year": 2023,
    "fiscal_quarter": 3,
    "r2_url": "https://pub-2c783279b61043e19fbdadd1bee5153a.r2.dev/HUBS/2023-11-08/hubs-20230930.htm/hubs-20230930.pdf",
    "periodicity": "periodic"
  },
  {
    "equity_ticker": "HUBS",
    "geography": "US",
    "content_name": "HUBS Q2 2023 10-Q",
    "file_type": "pdf",
    "content_type": "quarterly_report",
    "published_date": "2023-08-02",
    "fiscal_date": "2023-06-30",
    "fiscal_year": 2023,
    "fiscal_quarter": 2,
    "r2_url": "https://pub-2c783279b61043e19fbdadd1bee5153a.r2.dev/HUBS/2023-08-02/hubs-20230630.htm/hubs-20230630.pdf",
    "periodicity": "periodic"
  },
  {
    "equity_ticker": "HUBS",
    "geography": "US",
    "content_name": "HUBS Q1 2023 10-Q",
    "file_type": "pdf",
    "content_type": "quarterly_report",
    "published_date": "2023-05-03",
    "fiscal_date": "2023-03-31",
    "fiscal_year": 2023,
    "fiscal_quarter": 1,
    "r2_url": "https://pub-2c783279b61043e19fbdadd1bee5153a.r2.dev/HUBS/2023-05-03/hubs-20230331.htm/hubs-20230331.pdf",
    "periodicity": "periodic"
  },
  {
    "equity_ticker": "HUBS",
    "geography": "US",
    "content_name": "HUBS Q4 2022 10-K",
    "file_type": "pdf",
    "content_type": "annual_report",
    "published_date": "2023-02-16",
    "fiscal_date": "2022-12-31",
    "fiscal_year": 2022,
    "fiscal_quarter": 4,
    "r2_url": "https://pub-2c783279b61043e19fbdadd1bee5153a.r2.dev/HUBS/2023-02-16/hubs-20221231.htm/hubs-20221231.pdf",
    "periodicity": "periodic"
  },
  {
    "equity_ticker": "HUBS",
    "geography": "US",
    "content_name": "HUBS Q3 2022 10-Q",
    "file_type": "pdf",
    "content_type": "quarterly_report",
    "published_date": "2022-11-02",
    "fiscal_date": "2022-09-30",
    "fiscal_year": 2022,
    "fiscal_quarter": 3,
    "r2_url": "https://pub-2c783279b61043e19fbdadd1bee5153a.r2.dev/HUBS/2022-11-02/hubs-20220930.htm/hubs-20220930.pdf",
    "periodicity": "periodic"
  },
  {
    "equity_ticker": "HUBS",
    "geography": "US",
    "content_name": "HUBS Q2 2022 10-Q",
    "file_type": "pdf",
    "content_type": "quarterly_report",
    "published_date": "2022-08-04",
    "fiscal_date": "2022-06-30",
    "fiscal_year": 2022,
    "fiscal_quarter": 2,
    "r2_url": "https://pub-2c783279b61043e19fbdadd1bee5153a.r2.dev/HUBS/2022-08-04/hubs-20220630.htm/hubs-20220630.pdf",
    "periodicity": "periodic"
  },
  {
    "equity_ticker": "HUBS",
    "geography": "US",
    "content_name": "HUBS Q1 2022 10-Q",
    "file_type": "pdf",
    "content_type": "quarterly_report",
    "published_date": "2022-05-05",
    "fiscal_date": "2022-03-31",
    "fiscal_year": 2022,
    "fiscal_quarter": 1,
    "r2_url": "https://pub-2c783279b61043e19fbdadd1bee5153a.r2.dev/HUBS/2022-05-05/hubs-20220331.htm/hubs-20220331.pdf",
    "periodicity": "periodic"
  },
  {
    "equity_ticker": "HUBS",
    "geography": "US",
    "content_name": "HUBS Q4 2021 10-K",
    "file_type": "pdf",
    "content_type": "annual_report",
    "published_date": "2022-02-14",
    "fiscal_date": "2021-12-31",
    "fiscal_year": 2021,
    "fiscal_quarter": 4,
    "r2_url": "https://pub-2c783279b61043e19fbdadd1bee5153a.r2.dev/HUBS/2022-02-14/hubs-20211231.htm/hubs-20211231.pdf",
    "periodicity": "periodic"
  },
  {
    "equity_ticker": "HUBS",
    "geography": "US",
    "content_name": "HUBS Q3 2021 10-Q",
    "file_type": "pdf",
    "content_type": "quarterly_report",
    "published_date": "2021-11-03",
    "fiscal_date": "2021-09-30",
    "fiscal_year": 2021,
    "fiscal_quarter": 3,
    "r2_url": "https://pub-2c783279b61043e19fbdadd1bee5153a.r2.dev/HUBS/2021-11-03/hubs-20210930.htm/hubs-20210930.pdf",
    "periodicity": "periodic"
  },
  {
    "equity_ticker": "HUBS",
    "geography": "US",
    "content_name": "HUBS Q2 2021 10-Q",
    "file_type": "pdf",
    "content_type": "quarterly_report",
    "published_date": "2021-08-04",
    "fiscal_date": "2021-06-30",
    "fiscal_year": 2021,
    "fiscal_quarter": 2,
    "r2_url": "https://pub-2c783279b61043e19fbdadd1bee5153a.r2.dev/HUBS/2021-08-04/hubs-20210630.htm/hubs-20210630.pdf",
    "periodicity": "periodic"
  },
  {
    "equity_ticker": "HUBS",
    "geography": "US",
    "content_name": "HUBS Q1 2021 10-Q",
    "file_type": "pdf",
    "content_type": "quarterly_report",
    "published_date": "2021-05-05",
    "fiscal_date": "2021-03-31",
    "fiscal_year": 2021,
    "fiscal_quarter": 1,
    "r2_url": "https://pub-2c783279b61043e19fbdadd1bee5153a.r2.dev/HUBS/2021-05-05/hubs-10q_20210331.htm/hubs-10q_20210331.pdf",
    "periodicity": "periodic"
  },
  {
    "equity_ticker": "HUBS",
    "geography": "US",
    "content_name": "HUBS Q4 2020 10-K",
    "file_type": "pdf",
    "content_type": "annual_report",
    "published_date": "2021-02-16",
    "fiscal_date": "2020-12-31",
    "fiscal_year": 2020,
    "fiscal_quarter": 4,
    "r2_url": "https://pub-2c783279b61043e19fbdadd1bee5153a.r2.dev/HUBS/2021-02-16/hubs-10k_20201231.htm/hubs-10k_20201231.pdf",
    "periodicity": "periodic"
  },
  {
    "equity_ticker": "HUBS",
    "geography": "US",
    "content_name": "HUBS Q3 2020 10-Q",
    "file_type": "pdf",
    "content_type": "quarterly_report",
    "published_date": "2020-11-05",
    "fiscal_date": "2020-09-30",
    "fiscal_year": 2020,
    "fiscal_quarter": 3,
    "r2_url": "https://pub-2c783279b61043e19fbdadd1bee5153a.r2.dev/HUBS/2020-11-05/hubs-10q_20200930.htm/hubs-10q_20200930.pdf",
    "periodicity": "periodic"
  },
  {
    "equity_ticker": "HUBS",
    "geography": "US",
    "content_name": "HUBS Q2 2020 10-Q",
    "file_type": "pdf",
    "content_type": "quarterly_report",
    "published_date": "2020-08-05",
    "fiscal_date": "2020-06-30",
    "fiscal_year": 2020,
    "fiscal_quarter": 2,
    "r2_url": "https://pub-2c783279b61043e19fbdadd1bee5153a.r2.dev/HUBS/2020-08-05/hubs-10q_20200630.htm/ix.pdf",
    "periodicity": "periodic"
  },
  {
    "equity_ticker": "HUBS",
    "geography": "US",
    "content_name": "HUBS Q1 2020 10-Q",
    "file_type": "pdf",
    "content_type": "quarterly_report",
    "published_date": "2020-05-06",
    "fiscal_date": "2020-03-31",
    "fiscal_year": 2020,
    "fiscal_quarter": 1,
    "r2_url": "https://pub-2c783279b61043e19fbdadd1bee5153a.r2.dev/HUBS/2020-05-06/hubs-10q_20200331.htm/ix.pdf",
    "periodicity": "periodic"
  },
  {
    "equity_ticker": "HUBS",
    "geography": "US",
    "content_name": "HUBS Q4 2019 10-K",
    "file_type": "pdf",
    "content_type": "annual_report",
    "published_date": "2020-02-12",
    "fiscal_date": "2019-12-31",
    "fiscal_year": 2019,
    "fiscal_quarter": 4,
    "r2_url": "https://pub-2c783279b61043e19fbdadd1bee5153a.r2.dev/HUBS/2020-02-12/hubs-10k_20191231.htm/ix.pdf",
    "periodicity": "periodic"
  },
  {
    "equity_ticker": "HUBS",
    "geography": "US",
    "content_name": "HUBS Q3 2019 10-Q",
    "file_type": "pdf",
    "content_type": "quarterly_report",
    "published_date": "2019-11-05",
    "fiscal_date": "2019-09-30",
    "fiscal_year": 2019,
    "fiscal_quarter": 3,
    "r2_url": "https://pub-2c783279b61043e19fbdadd1bee5153a.r2.dev/HUBS/2019-11-05/hubs-10q_20190930.htm/ix.pdf",
    "periodicity": "periodic"
  },
  {
    "equity_ticker": "HUBS",
    "geography": "US",
    "content_name": "HUBS Q2 2019 10-Q",
    "file_type": "pdf",
    "content_type": "quarterly_report",
    "published_date": "2019-08-06",
    "fiscal_date": "2019-06-30",
    "fiscal_year": 2019,
    "fiscal_quarter": 2,
    "r2_url": "https://pub-2c783279b61043e19fbdadd1bee5153a.r2.dev/HUBS/2019-08-06/hubs-10q_20190630.htm/ix.pdf",
    "periodicity": "periodic"
  },
  {
    "equity_ticker": "HUBS",
    "geography": "US",
    "content_name": "HUBS Q1 2019 10-Q",
    "file_type": "pdf",
    "content_type": "quarterly_report",
    "published_date": "2019-05-07",
    "fiscal_date": "2019-03-31",
    "fiscal_year": 2019,
    "fiscal_quarter": 1,
    "r2_url": "https://pub-2c783279b61043e19fbdadd1bee5153a.r2.dev/HUBS/2019-05-07/hubs-10q_20190331.htm/hubs-10q_20190331.pdf",
    "periodicity": "periodic"
  },
  {
    "equity_ticker": "HUBS",
    "geography": "US",
    "content_name": "HUBS Q4 2018 10-K",
    "file_type": "pdf",
    "content_type": "annual_report",
    "published_date": "2019-02-12",
    "fiscal_date": "2018-12-31",
    "fiscal_year": 2018,
    "fiscal_quarter": 4,
    "r2_url": "https://pub-2c783279b61043e19fbdadd1bee5153a.r2.dev/HUBS/2019-02-12/hubs-10k_20181231.htm/hubs-10k_20181231.pdf",
    "periodicity": "periodic"
  },
  {
    "equity_ticker": "HUBS",
    "geography": "US",
    "content_name": "HUBS Q3 2018 10-Q",
    "file_type": "pdf",
    "content_type": "quarterly_report",
    "published_date": "2018-11-07",
    "fiscal_date": "2018-09-30",
    "fiscal_year": 2018,
    "fiscal_quarter": 3,
    "r2_url": "https://pub-2c783279b61043e19fbdadd1bee5153a.r2.dev/HUBS/2018-11-07/hubs-10q_20180930.htm/hubs-10q_20180930.pdf",
    "periodicity": "periodic"
  },
  {
    "equity_ticker": "HUBS",
    "geography": "US",
    "content_name": "HUBS Q2 2018 10-Q",
    "file_type": "pdf",
    "content_type": "quarterly_report",
    "published_date": "2018-08-01",
    "fiscal_date": "2018-06-30",
    "fiscal_year": 2018,
    "fiscal_quarter": 2,
    "r2_url": "https://pub-2c783279b61043e19fbdadd1bee5153a.r2.dev/HUBS/2018-08-01/hubs-10q_20180630.htm/hubs-10q_20180630.pdf",
    "periodicity": "periodic"
  },
  {
    "equity_ticker": "HUBS",
    "geography": "US",
    "content_name": "HUBS Q1 2018 10-Q",
    "file_type": "pdf",
    "content_type": "quarterly_report",
    "published_date": "2018-05-10",
    "fiscal_date": "2018-03-31",
    "fiscal_year": 2018,
    "fiscal_quarter": 1,
    "r2_url": "https://pub-2c783279b61043e19fbdadd1bee5153a.r2.dev/HUBS/2018-05-10/hubs-10q_20180331.htm/hubs-10q_20180331.pdf",
    "periodicity": "periodic"
  },
  {
    "equity_ticker": "HUBS",
    "geography": "US",
    "content_name": "HUBS Q4 2017 10-K",
    "file_type": "pdf",
    "content_type": "annual_report",
    "published_date": "2018-02-13",
    "fiscal_date": "2017-12-31",
    "fiscal_year": 2017,
    "fiscal_quarter": 4,
    "r2_url": "https://pub-2c783279b61043e19fbdadd1bee5153a.r2.dev/HUBS/2018-02-13/hubs-10k_20171231.htm/hubs-10k_20171231.pdf",
    "periodicity": "periodic"
  },
  {
    "equity_ticker": "HUBS",
    "geography": "US",
    "content_name": "HUBS Q3 2017 10-Q",
    "file_type": "pdf",
    "content_type": "quarterly_report",
    "published_date": "2017-11-01",
    "fiscal_date": "2017-09-30",
    "fiscal_year": 2017,
    "fiscal_quarter": 3,
    "r2_url": "https://pub-2c783279b61043e19fbdadd1bee5153a.r2.dev/HUBS/2017-11-01/hubs-10q_20170930.htm/hubs-10q_20170930.pdf",
    "periodicity": "periodic"
  },
  {
    "equity_ticker": "HUBS",
    "geography": "US",
    "content_name": "HUBS Q2 2017 10-Q",
    "file_type": "pdf",
    "content_type": "quarterly_report",
    "published_date": "2017-08-02",
    "fiscal_date": "2017-06-30",
    "fiscal_year": 2017,
    "fiscal_quarter": 2,
    "r2_url": "https://pub-2c783279b61043e19fbdadd1bee5153a.r2.dev/HUBS/2017-08-02/hubs-10q_20170630.htm/hubs-10q_20170630.pdf",
    "periodicity": "periodic"
  },
  {
    "equity_ticker": "HUBS",
    "geography": "US",
    "content_name": "HUBS Q1 2017 10-Q",
    "file_type": "pdf",
    "content_type": "quarterly_report",
    "published_date": "2017-05-02",
    "fiscal_date": "2017-03-31",
    "fiscal_year": 2017,
    "fiscal_quarter": 1,
    "r2_url": "https://pub-2c783279b61043e19fbdadd1bee5153a.r2.dev/HUBS/2017-05-02/hubs-10q_20170331.htm/hubs-10q_20170331.pdf",
    "periodicity": "periodic"
  },
  {
    "equity_ticker": "HUBS",
    "geography": "US",
    "content_name": "HUBS Q4 2016 10-K",
    "file_type": "pdf",
    "content_type": "annual_report",
    "published_date": "2017-02-16",
    "fiscal_date": "2016-12-31",
    "fiscal_year": 2016,
    "fiscal_quarter": 4,
    "r2_url": "https://pub-2c783279b61043e19fbdadd1bee5153a.r2.dev/HUBS/2017-02-16/hubs-10k_20161231.htm/hubs-10k_20161231.pdf",
    "periodicity": "periodic"
  },
  {
    "equity_ticker": "HUBS",
    "geography": "US",
    "content_name": "HUBS Q3 2016 10-Q",
    "file_type": "pdf",
    "content_type": "quarterly_report",
    "published_date": "2016-11-02",
    "fiscal_date": "2016-09-30",
    "fiscal_year": 2016,
    "fiscal_quarter": 3,
    "r2_url": "https://pub-2c783279b61043e19fbdadd1bee5153a.r2.dev/HUBS/2016-11-02/hubs-10q_20160930.htm/hubs-10q_20160930.pdf",
    "periodicity": "periodic"
  },
  {
    "equity_ticker": "HUBS",
    "geography": "US",
    "content_name": "HUBS Q2 2016 10-Q",
    "file_type": "pdf",
    "content_type": "quarterly_report",
    "published_date": "2016-08-03",
    "fiscal_date": "2016-06-30",
    "fiscal_year": 2016,
    "fiscal_quarter": 2,
    "r2_url": "https://pub-2c783279b61043e19fbdadd1bee5153a.r2.dev/HUBS/2016-08-03/hubs-10q_20160630.htm/hubs-10q_20160630.pdf",
    "periodicity": "periodic"
  },
  {
    "equity_ticker": "HUBS",
    "geography": "US",
    "content_name": "HUBS Q1 2016 10-Q",
    "file_type": "pdf",
    "content_type": "quarterly_report",
    "published_date": "2016-05-04",
    "fiscal_date": "2016-03-31",
    "fiscal_year": 2016,
    "fiscal_quarter": 1,
    "r2_url": "https://pub-2c783279b61043e19fbdadd1bee5153a.r2.dev/HUBS/2016-05-04/hubs-10q_20160331.htm/hubs-10q_20160331.pdf",
    "periodicity": "periodic"
  },
  {
    "equity_ticker": "HUBS",
    "geography": "US",
    "content_name": "HUBS Q4 2015 10-K",
    "file_type": "pdf",
    "content_type": "annual_report",
    "published_date": "2016-02-24",
    "fiscal_date": "2015-12-31",
    "fiscal_year": 2015,
    "fiscal_quarter": 4,
    "r2_url": "https://pub-2c783279b61043e19fbdadd1bee5153a.r2.dev/HUBS/2016-02-24/hubs-10k_20151231.htm/hubs-10k_20151231.pdf",
    "periodicity": "periodic"
  },
  {
    "equity_ticker": "HUBS",
    "geography": "US",
    "content_name": "HUBS Q3 2015 10-Q",
    "file_type": "pdf",
    "content_type": "quarterly_report",
    "published_date": "2015-11-04",
    "fiscal_date": "2015-09-30",
    "fiscal_year": 2015,
    "fiscal_quarter": 3,
    "r2_url": "https://pub-2c783279b61043e19fbdadd1bee5153a.r2.dev/HUBS/2015-11-04/hubs-10q_20150930.htm/hubs-10q_20150930.pdf",
    "periodicity": "periodic"
  },
  {
    "equity_ticker": "HUBS",
    "geography": "US",
    "content_name": "HUBS Q2 2015 10-Q",
    "file_type": "pdf",
    "content_type": "quarterly_report",
    "published_date": "2015-08-06",
    "fiscal_date": "2015-06-30",
    "fiscal_year": 2015,
    "fiscal_quarter": 2,
    "r2_url": "https://pub-2c783279b61043e19fbdadd1bee5153a.r2.dev/HUBS/2015-08-06/hubs-10q_20150630.htm/hubs-10q_20150630.pdf",
    "periodicity": "periodic"
  },
  {
    "equity_ticker": "HUBS",
    "geography": "US",
    "content_name": "HUBS Q1 2015 10-Q",
    "file_type": "pdf",
    "content_type": "quarterly_report",
    "published_date": "2015-05-07",
    "fiscal_date": "2015-03-31",
    "fiscal_year": 2015,
    "fiscal_quarter": 1,
    "r2_url": "https://pub-2c783279b61043e19fbdadd1bee5153a.r2.dev/HUBS/2015-05-07/d896344d10q.htm/d896344d10q.pdf",
    "periodicity": "periodic"
  },
  {
    "equity_ticker": "HUBS",
    "geography": "US",
    "content_name": "HUBS Q4 2014 10-K",
    "file_type": "pdf",
    "content_type": "annual_report",
    "published_date": "2015-03-05",
    "fiscal_date": "2014-12-31",
    "fiscal_year": 2014,
    "fiscal_quarter": 4,
    "r2_url": "https://pub-2c783279b61043e19fbdadd1bee5153a.r2.dev/HUBS/2015-03-05/d849700d10k.htm/d849700d10k.pdf",
    "periodicity": "periodic"
  },
  {
    "equity_ticker": "HUBS",
    "geography": "US",
    "content_name": "HUBS Q3 2014 10-Q",
    "file_type": "pdf",
    "content_type": "quarterly_report",
    "published_date": "2014-11-13",
    "fiscal_date": "2014-09-30",
    "fiscal_year": 2014,
    "fiscal_quarter": 3,
    "r2_url": "https://pub-2c783279b61043e19fbdadd1bee5153a.r2.dev/HUBS/2014-11-13/d789976d10q.htm/d789976d10q.pdf",
    "periodicity": "periodic"
  },
  {
    "equity_ticker": "HUBS",
    "geography": "US",
    "content_name": "Morgan Stanley Technology, Media & Telecom Conference - March 4, 2025",
    "file_type": "pdf",
    "content_type": "sellside_conference_transcript",
    "published_date": "2025-03-04",
    "fiscal_date": "2025-03-04",
    "fiscal_year": null,
    "fiscal_quarter": null,
    "r2_url": "https://pub-2c783279b61043e19fbdadd1bee5153a.r2.dev/HUBS/2025-03-04/HubSpot%2C%20Inc._2025-03-04_transcript/HubSpot%2C%20Inc._2025-03-04_transcript.pdf/HubSpot%2C%20Inc._2025-03-04_transcript.pdf",
    "periodicity": "non_periodic"
  },
  {
    "equity_ticker": "HUBS",
    "geography": "US",
    "content_name": "HUBS Q4 2024 Transcript",
    "file_type": "pdf",
    "content_type": "earnings_transcript",
    "published_date": "2025-02-12",
    "fiscal_date": "2025-02-12",
    "fiscal_year": 2024,
    "fiscal_quarter": 4,
    "r2_url": "https://pub-2c783279b61043e19fbdadd1bee5153a.r2.dev/HUBS/2025-02-12/HubSpot%2C%20Inc._2025-02-12_transcript/HubSpot%2C%20Inc._2025-02-12_transcript.pdf/HubSpot%2C%20Inc._2025-02-12_transcript.pdf",
    "periodicity": "periodic"
  },
  {
    "equity_ticker": "HUBS",
    "geography": "US",
    "content_name": "HUBS Q4 2024 Press Release",
    "file_type": "pdf",
    "content_type": "earnings_press_release",
    "published_date": "2025-02-12",
    "fiscal_date": "2025-02-12",
    "fiscal_year": 2024,
    "fiscal_quarter": 4,
    "r2_url": "https://pub-2c783279b61043e19fbdadd1bee5153a.r2.dev/HUBS/2025-02-12/d5854-2025-02-12-09-15-09/d5854-2025-02-12-09-15-09.pdf/d5854-2025-02-12-09-15-09.pdf",
    "periodicity": "periodic"
  },
  {
    "equity_ticker": "HUBS",
    "geography": "US",
    "content_name": "HUBS Q4 2024 Presentation",
    "file_type": "pdf",
    "content_type": "earnings_presentation",
    "published_date": "2025-02-12",
    "fiscal_date": "2025-02-12",
    "fiscal_year": 2024,
    "fiscal_quarter": 4,
    "r2_url": "https://pub-2c783279b61043e19fbdadd1bee5153a.r2.dev/HUBS/2025-02-12/52d6f-2025-02-12-09-53-29/52d6f-2025-02-12-09-53-29.pdf/52d6f-2025-02-12-09-53-29.pdf",
    "periodicity": "periodic"
  },
  {
    "equity_ticker": "HUBS",
    "geography": "US",
    "content_name": "Wells Fargo 8th Annual TMT Summit Conference - December 3, 2024",
    "file_type": "pdf",
    "content_type": "sellside_conference_transcript",
    "published_date": "2024-12-03",
    "fiscal_date": "2024-12-03",
    "fiscal_year": null,
    "fiscal_quarter": null,
    "r2_url": "https://pub-2c783279b61043e19fbdadd1bee5153a.r2.dev/HUBS/2024-12-03/HubSpot%2C%20Inc._2024-12-03_transcript/HubSpot%2C%20Inc._2024-12-03_transcript.pdf/HubSpot%2C%20Inc._2024-12-03_transcript.pdf",
    "periodicity": "non_periodic"
  },
  {
    "equity_ticker": "HUBS",
    "geography": "US",
    "content_name": "HUBS Q3 2024 Transcript",
    "file_type": "pdf",
    "content_type": "earnings_transcript",
    "published_date": "2024-11-06",
    "fiscal_date": "2024-11-06",
    "fiscal_year": 2024,
    "fiscal_quarter": 3,
    "r2_url": "https://pub-2c783279b61043e19fbdadd1bee5153a.r2.dev/HUBS/2024-11-06/HubSpot%2C%20Inc._2024-11-06_transcript/HubSpot%2C%20Inc._2024-11-06_transcript.pdf/HubSpot%2C%20Inc._2024-11-06_transcript.pdf",
    "periodicity": "periodic"
  },
  {
    "equity_ticker": "HUBS",
    "geography": "US",
    "content_name": "HUBS Q3 2024 Press Release",
    "file_type": "pdf",
    "content_type": "earnings_press_release",
    "published_date": "2024-11-06",
    "fiscal_date": "2024-11-06",
    "fiscal_year": 2024,
    "fiscal_quarter": 3,
    "r2_url": "https://pub-2c783279b61043e19fbdadd1bee5153a.r2.dev/HUBS/2024-11-06/43fe3-2024-11-06-09-05-10/43fe3-2024-11-06-09-05-10.pdf/43fe3-2024-11-06-09-05-10.pdf",
    "periodicity": "periodic"
  },
  {
    "equity_ticker": "HUBS",
    "geography": "US",
    "content_name": "HUBS Q3 2024 Presentation",
    "file_type": "pdf",
    "content_type": "earnings_presentation",
    "published_date": "2024-11-06",
    "fiscal_date": "2024-11-06",
    "fiscal_year": 2024,
    "fiscal_quarter": 3,
    "r2_url": "https://pub-2c783279b61043e19fbdadd1bee5153a.r2.dev/HUBS/2024-11-06/322c0-2024-11-06-11-36-33/322c0-2024-11-06-11-36-33.pdf/322c0-2024-11-06-11-36-33.pdf",
    "periodicity": "periodic"
  },
  {
    "equity_ticker": "HUBS",
    "geography": "US",
    "content_name": "Analyst Day 2024 - September 18, 2024",
    "file_type": "pdf",
    "content_type": "company_conference_transcript",
    "published_date": "2024-09-18",
    "fiscal_date": "2024-09-18",
    "fiscal_year": null,
    "fiscal_quarter": null,
    "r2_url": "https://pub-2c783279b61043e19fbdadd1bee5153a.r2.dev/HUBS/2024-09-18/HubSpot%2C%20Inc._2024-09-18_transcript/HubSpot%2C%20Inc._2024-09-18_transcript.pdf/HubSpot%2C%20Inc._2024-09-18_transcript.pdf",
    "periodicity": "non_periodic"
  },
  {
    "equity_ticker": "HUBS",
    "geography": "US",
    "content_name": "Goldman Sachs Communacopia + Technology Conference 2024 - September 9, 2024",
    "file_type": "pdf",
    "content_type": "sellside_conference_transcript",
    "published_date": "2024-09-09",
    "fiscal_date": "2024-09-09",
    "fiscal_year": null,
    "fiscal_quarter": null,
    "r2_url": "https://pub-2c783279b61043e19fbdadd1bee5153a.r2.dev/HUBS/2024-09-09/HubSpot%2C%20Inc._2024-09-09_transcript/HubSpot%2C%20Inc._2024-09-09_transcript.pdf/HubSpot%2C%20Inc._2024-09-09_transcript.pdf",
    "periodicity": "non_periodic"
  },
  {
    "equity_ticker": "HUBS",
    "geography": "US",
    "content_name": "HUBS Q2 2024 Transcript",
    "file_type": "pdf",
    "content_type": "earnings_transcript",
    "published_date": "2024-08-07",
    "fiscal_date": "2024-08-07",
    "fiscal_year": 2024,
    "fiscal_quarter": 2,
    "r2_url": "https://pub-2c783279b61043e19fbdadd1bee5153a.r2.dev/HUBS/2024-08-07/HubSpot%2C%20Inc._2024-08-07_transcript/HubSpot%2C%20Inc._2024-08-07_transcript.pdf/HubSpot%2C%20Inc._2024-08-07_transcript.pdf",
    "periodicity": "periodic"
  },
  {
    "equity_ticker": "HUBS",
    "geography": "US",
    "content_name": "HUBS Q2 2024 Press Release",
    "file_type": "pdf",
    "content_type": "earnings_press_release",
    "published_date": "2024-08-07",
    "fiscal_date": "2024-08-07",
    "fiscal_year": 2024,
    "fiscal_quarter": 2,
    "r2_url": "https://pub-2c783279b61043e19fbdadd1bee5153a.r2.dev/HUBS/2024-08-07/33176-2024-08-07-08-04-19/33176-2024-08-07-08-04-19.pdf/33176-2024-08-07-08-04-19.pdf",
    "periodicity": "periodic"
  },
  {
    "equity_ticker": "HUBS",
    "geography": "US",
    "content_name": "HUBS Q2 2024 Presentation",
    "file_type": "pdf",
    "content_type": "earnings_presentation",
    "published_date": "2024-08-07",
    "fiscal_date": "2024-08-07",
    "fiscal_year": 2024,
    "fiscal_quarter": 2,
    "r2_url": "https://pub-2c783279b61043e19fbdadd1bee5153a.r2.dev/HUBS/2024-08-07/dc27e-2024-08-08-02-34-42/dc27e-2024-08-08-02-34-42.pdf/dc27e-2024-08-08-02-34-42.pdf",
    "periodicity": "periodic"
  },
  {
    "equity_ticker": "HUBS",
    "geography": "US",
    "content_name": "AGM 2024 - June 11, 2024",
    "file_type": "pdf",
    "content_type": "company_conference_transcript",
    "published_date": "2024-06-11",
    "fiscal_date": "2024-06-11",
    "fiscal_year": null,
    "fiscal_quarter": null,
    "r2_url": "https://pub-2c783279b61043e19fbdadd1bee5153a.r2.dev/HUBS/2024-06-11/HubSpot%2C%20Inc._2024-06-11_transcript/HubSpot%2C%20Inc._2024-06-11_transcript.pdf/HubSpot%2C%20Inc._2024-06-11_transcript.pdf",
    "periodicity": "non_periodic"
  },
  {
    "equity_ticker": "HUBS",
    "geography": "US",
    "content_name": "Stifel 2024 Cross Sector Insight Conference - June 5, 2024",
    "file_type": "pdf",
    "content_type": "sellside_conference_transcript",
    "published_date": "2024-06-05",
    "fiscal_date": "2024-06-05",
    "fiscal_year": null,
    "fiscal_quarter": null,
    "r2_url": "https://pub-2c783279b61043e19fbdadd1bee5153a.r2.dev/HUBS/2024-06-05/HubSpot%2C%20Inc._2024-06-05_transcript/HubSpot%2C%20Inc._2024-06-05_transcript.pdf/HubSpot%2C%20Inc._2024-06-05_transcript.pdf",
    "periodicity": "non_periodic"
  },
  {
    "equity_ticker": "HUBS",
    "geography": "US",
    "content_name": "HUBS Q1 2024 Transcript",
    "file_type": "pdf",
    "content_type": "earnings_transcript",
    "published_date": "2024-05-08",
    "fiscal_date": "2024-05-08",
    "fiscal_year": 2024,
    "fiscal_quarter": 1,
    "r2_url": "https://pub-2c783279b61043e19fbdadd1bee5153a.r2.dev/HUBS/2024-05-08/HubSpot%2C%20Inc._2024-05-08_transcript/HubSpot%2C%20Inc._2024-05-08_transcript.pdf/HubSpot%2C%20Inc._2024-05-08_transcript.pdf",
    "periodicity": "periodic"
  },
  {
    "equity_ticker": "HUBS",
    "geography": "US",
    "content_name": "HUBS Q1 2024 Press Release",
    "file_type": "pdf",
    "content_type": "earnings_press_release",
    "published_date": "2024-05-08",
    "fiscal_date": "2024-05-08",
    "fiscal_year": 2024,
    "fiscal_quarter": 1,
    "r2_url": "https://pub-2c783279b61043e19fbdadd1bee5153a.r2.dev/HUBS/2024-05-08/3f0eb-2024-05-08-08-48-32/3f0eb-2024-05-08-08-48-32.pdf/3f0eb-2024-05-08-08-48-32.pdf",
    "periodicity": "periodic"
  },
  {
    "equity_ticker": "HUBS",
    "geography": "US",
    "content_name": "HUBS Q1 2024 Presentation",
    "file_type": "pdf",
    "content_type": "earnings_presentation",
    "published_date": "2024-05-08",
    "fiscal_date": "2024-05-08",
    "fiscal_year": 2024,
    "fiscal_quarter": 1,
    "r2_url": "https://pub-2c783279b61043e19fbdadd1bee5153a.r2.dev/HUBS/2024-05-08/25c34-2024-05-27-04-57-09/25c34-2024-05-27-04-57-09.pdf/25c34-2024-05-27-04-57-09.pdf",
    "periodicity": "periodic"
  },
  {
    "equity_ticker": "HUBS",
    "geography": "US",
    "content_name": "Morgan Stanley\u2019s Technology, Media & Telecom Conference 2024 - March 4, 2024",
    "file_type": "pdf",
    "content_type": "sellside_conference_transcript",
    "published_date": "2024-03-04",
    "fiscal_date": "2024-03-04",
    "fiscal_year": null,
    "fiscal_quarter": null,
    "r2_url": "https://pub-2c783279b61043e19fbdadd1bee5153a.r2.dev/HUBS/2024-03-04/HubSpot%2C%20Inc._2024-03-04_transcript/HubSpot%2C%20Inc._2024-03-04_transcript.pdf/HubSpot%2C%20Inc._2024-03-04_transcript.pdf",
    "periodicity": "non_periodic"
  },
  {
    "equity_ticker": "HUBS",
    "geography": "US",
    "content_name": "HUBS Q4 2023 Transcript",
    "file_type": "pdf",
    "content_type": "earnings_transcript",
    "published_date": "2024-02-14",
    "fiscal_date": "2024-02-14",
    "fiscal_year": 2023,
    "fiscal_quarter": 4,
    "r2_url": "https://pub-2c783279b61043e19fbdadd1bee5153a.r2.dev/HUBS/2024-02-14/HubSpot%2C%20Inc._2024-02-14_transcript/HubSpot%2C%20Inc._2024-02-14_transcript.pdf/HubSpot%2C%20Inc._2024-02-14_transcript.pdf",
    "periodicity": "periodic"
  },
  {
    "equity_ticker": "HUBS",
    "geography": "US",
    "content_name": "HUBS Q4 2023 Press Release",
    "file_type": "pdf",
    "content_type": "earnings_press_release",
    "published_date": "2024-02-14",
    "fiscal_date": "2024-02-14",
    "fiscal_year": 2023,
    "fiscal_quarter": 4,
    "r2_url": "https://pub-2c783279b61043e19fbdadd1bee5153a.r2.dev/HUBS/2024-02-14/b9381-2024-02-14-09-21-17/b9381-2024-02-14-09-21-17.pdf/b9381-2024-02-14-09-21-17.pdf",
    "periodicity": "periodic"
  },
  {
    "equity_ticker": "HUBS",
    "geography": "US",
    "content_name": "HUBS Q4 2023 Presentation",
    "file_type": "pdf",
    "content_type": "earnings_presentation",
    "published_date": "2024-02-14",
    "fiscal_date": "2024-02-14",
    "fiscal_year": 2023,
    "fiscal_quarter": 4,
    "r2_url": "https://pub-2c783279b61043e19fbdadd1bee5153a.r2.dev/HUBS/2024-02-14/6269d-2024-02-15-02-38-38/6269d-2024-02-15-02-38-38.pdf/6269d-2024-02-15-02-38-38.pdf",
    "periodicity": "periodic"
  },
  {
    "equity_ticker": "HUBS",
    "geography": "US",
    "content_name": "HUBS Q3 2023 Transcript",
    "file_type": "pdf",
    "content_type": "earnings_transcript",
    "published_date": "2023-11-08",
    "fiscal_date": "2023-11-08",
    "fiscal_year": 2023,
    "fiscal_quarter": 3,
    "r2_url": "https://pub-2c783279b61043e19fbdadd1bee5153a.r2.dev/HUBS/2023-11-08/HubSpot%2C%20Inc._2023-11-08_transcript/HubSpot%2C%20Inc._2023-11-08_transcript.pdf/HubSpot%2C%20Inc._2023-11-08_transcript.pdf",
    "periodicity": "periodic"
  },
  {
    "equity_ticker": "HUBS",
    "geography": "US",
    "content_name": "HUBS Q3 2023 Press Release",
    "file_type": "pdf",
    "content_type": "earnings_press_release",
    "published_date": "2023-11-08",
    "fiscal_date": "2023-11-08",
    "fiscal_year": 2023,
    "fiscal_quarter": 3,
    "r2_url": "https://pub-2c783279b61043e19fbdadd1bee5153a.r2.dev/HUBS/2023-11-08/831e2-2023-11-08-09-11-23/831e2-2023-11-08-09-11-23.pdf/831e2-2023-11-08-09-11-23.pdf",
    "periodicity": "periodic"
  },
  {
    "equity_ticker": "HUBS",
    "geography": "US",
    "content_name": "HUBS Q3 2023 Presentation",
    "file_type": "pdf",
    "content_type": "earnings_presentation",
    "published_date": "2023-11-08",
    "fiscal_date": "2023-11-08",
    "fiscal_year": 2023,
    "fiscal_quarter": 3,
    "r2_url": "https://pub-2c783279b61043e19fbdadd1bee5153a.r2.dev/HUBS/2023-11-08/1fdce-2023-11-09-12-46-14/1fdce-2023-11-09-12-46-14.pdf/1fdce-2023-11-09-12-46-14.pdf",
    "periodicity": "periodic"
  },
  {
    "equity_ticker": "HUBS",
    "geography": "US",
    "content_name": "Analyst Day 2023 - September 6, 2023",
    "file_type": "pdf",
    "content_type": "company_conference_transcript",
    "published_date": "2023-09-06",
    "fiscal_date": "2023-09-06",
    "fiscal_year": null,
    "fiscal_quarter": null,
    "r2_url": "https://pub-2c783279b61043e19fbdadd1bee5153a.r2.dev/HUBS/2023-09-06/HubSpot%2C%20Inc._2023-09-06_transcript/HubSpot%2C%20Inc._2023-09-06_transcript.pdf/HubSpot%2C%20Inc._2023-09-06_transcript.pdf",
    "periodicity": "non_periodic"
  },
  {
    "equity_ticker": "HUBS",
    "geography": "US",
    "content_name": "Analyst Day 2023 - September 6, 2023",
    "file_type": "pdf",
    "content_type": "company_conference_presentation",
    "published_date": "2023-09-06",
    "fiscal_date": "2023-09-06",
    "fiscal_year": null,
    "fiscal_quarter": null,
    "r2_url": "https://pub-2c783279b61043e19fbdadd1bee5153a.r2.dev/HUBS/2023-09-06/2ffdd-2023-09-06-10-20-22/2ffdd-2023-09-06-10-20-22.pdf/2ffdd-2023-09-06-10-20-22.pdf",
    "periodicity": "non_periodic"
  },
  {
    "equity_ticker": "HUBS",
    "geography": "US",
    "content_name": "HUBS Q2 2023 Transcript",
    "file_type": "pdf",
    "content_type": "earnings_transcript",
    "published_date": "2023-08-02",
    "fiscal_date": "2023-08-02",
    "fiscal_year": 2023,
    "fiscal_quarter": 2,
    "r2_url": "https://pub-2c783279b61043e19fbdadd1bee5153a.r2.dev/HUBS/2023-08-02/HubSpot%2C%20Inc._2023-08-02_transcript/HubSpot%2C%20Inc._2023-08-02_transcript.pdf/HubSpot%2C%20Inc._2023-08-02_transcript.pdf",
    "periodicity": "periodic"
  },
  {
    "equity_ticker": "HUBS",
    "geography": "US",
    "content_name": "HUBS Q2 2023 Press Release",
    "file_type": "pdf",
    "content_type": "earnings_press_release",
    "published_date": "2023-08-02",
    "fiscal_date": "2023-08-02",
    "fiscal_year": 2023,
    "fiscal_quarter": 2,
    "r2_url": "https://pub-2c783279b61043e19fbdadd1bee5153a.r2.dev/HUBS/2023-08-02/640a9-2023-08-03-07-15-44/640a9-2023-08-03-07-15-44.pdf/640a9-2023-08-03-07-15-44.pdf",
    "periodicity": "periodic"
  },
  {
    "equity_ticker": "HUBS",
    "geography": "US",
    "content_name": "HUBS Q2 2023 Presentation",
    "file_type": "pdf",
    "content_type": "earnings_presentation",
    "published_date": "2023-08-02",
    "fiscal_date": "2023-08-02",
    "fiscal_year": 2023,
    "fiscal_quarter": 2,
    "r2_url": "https://pub-2c783279b61043e19fbdadd1bee5153a.r2.dev/HUBS/2023-08-02/662e3-2023-08-02-10-44-59/662e3-2023-08-02-10-44-59.pdf/662e3-2023-08-02-10-44-59.pdf",
    "periodicity": "periodic"
  },
  {
    "equity_ticker": "HUBS",
    "geography": "US",
    "content_name": "Bank of America 2023 Global Technology Conference - June 8, 2023",
    "file_type": "pdf",
    "content_type": "sellside_conference_transcript",
    "published_date": "2023-06-08",
    "fiscal_date": "2023-06-08",
    "fiscal_year": null,
    "fiscal_quarter": null,
    "r2_url": "https://pub-2c783279b61043e19fbdadd1bee5153a.r2.dev/HUBS/2023-06-08/HubSpot%2C%20Inc._2023-06-08_transcript/HubSpot%2C%20Inc._2023-06-08_transcript.pdf/HubSpot%2C%20Inc._2023-06-08_transcript.pdf",
    "periodicity": "non_periodic"
  },
  {
    "equity_ticker": "HUBS",
    "geography": "US",
    "content_name": "51st Annual J.P. Morgan\u2019s Global Technology, Media and Communications Conference 2023 - May 22, 2023",
    "file_type": "pdf",
    "content_type": "sellside_conference_transcript",
    "published_date": "2023-05-22",
    "fiscal_date": "2023-05-22",
    "fiscal_year": null,
    "fiscal_quarter": null,
    "r2_url": "https://pub-2c783279b61043e19fbdadd1bee5153a.r2.dev/HUBS/2023-05-22/HubSpot%2C%20Inc._2023-05-22_transcript/HubSpot%2C%20Inc._2023-05-22_transcript.pdf/HubSpot%2C%20Inc._2023-05-22_transcript.pdf",
    "periodicity": "non_periodic"
  },
  {
    "equity_ticker": "HUBS",
    "geography": "US",
    "content_name": "HUBS Q1 2023 Transcript",
    "file_type": "pdf",
    "content_type": "earnings_transcript",
    "published_date": "2023-05-03",
    "fiscal_date": "2023-05-03",
    "fiscal_year": 2023,
    "fiscal_quarter": 1,
    "r2_url": "https://pub-2c783279b61043e19fbdadd1bee5153a.r2.dev/HUBS/2023-05-03/HubSpot%2C%20Inc._2023-05-03_transcript/HubSpot%2C%20Inc._2023-05-03_transcript.pdf/HubSpot%2C%20Inc._2023-05-03_transcript.pdf",
    "periodicity": "periodic"
  },
  {
    "equity_ticker": "HUBS",
    "geography": "US",
    "content_name": "HUBS Q1 2023 Press Release",
    "file_type": "pdf",
    "content_type": "earnings_press_release",
    "published_date": "2023-05-03",
    "fiscal_date": "2023-05-03",
    "fiscal_year": 2023,
    "fiscal_quarter": 1,
    "r2_url": "https://pub-2c783279b61043e19fbdadd1bee5153a.r2.dev/HUBS/2023-05-03/2d3c3-2023-05-03-08-43-33/2d3c3-2023-05-03-08-43-33.pdf/2d3c3-2023-05-03-08-43-33.pdf",
    "periodicity": "periodic"
  },
  {
    "equity_ticker": "HUBS",
    "geography": "US",
    "content_name": "HUBS Q1 2023 Presentation",
    "file_type": "pdf",
    "content_type": "earnings_presentation",
    "published_date": "2023-05-03",
    "fiscal_date": "2023-05-03",
    "fiscal_year": 2023,
    "fiscal_quarter": 1,
    "r2_url": "https://pub-2c783279b61043e19fbdadd1bee5153a.r2.dev/HUBS/2023-05-03/6735b-2023-05-04-04-49-32/6735b-2023-05-04-04-49-32.pdf/6735b-2023-05-04-04-49-32.pdf",
    "periodicity": "periodic"
  },
  {
    "equity_ticker": "HUBS",
    "geography": "US",
    "content_name": "HUBS Q4 2022 Transcript",
    "file_type": "pdf",
    "content_type": "earnings_transcript",
    "published_date": "2023-02-16",
    "fiscal_date": "2023-02-16",
    "fiscal_year": 2022,
    "fiscal_quarter": 4,
    "r2_url": "https://pub-2c783279b61043e19fbdadd1bee5153a.r2.dev/HUBS/2023-02-16/HubSpot%2C%20Inc._2023-02-16_transcript/HubSpot%2C%20Inc._2023-02-16_transcript.pdf/HubSpot%2C%20Inc._2023-02-16_transcript.pdf",
    "periodicity": "periodic"
  },
  {
    "equity_ticker": "HUBS",
    "geography": "US",
    "content_name": "HUBS Q4 2022 Press Release",
    "file_type": "pdf",
    "content_type": "earnings_press_release",
    "published_date": "2023-02-16",
    "fiscal_date": "2023-02-16",
    "fiscal_year": 2022,
    "fiscal_quarter": 4,
    "r2_url": "https://pub-2c783279b61043e19fbdadd1bee5153a.r2.dev/HUBS/2023-02-16/f5581-2025-03-03-10-09-47/f5581-2025-03-03-10-09-47.pdf/f5581-2025-03-03-10-09-47.pdf",
    "periodicity": "periodic"
  },
  {
    "equity_ticker": "HUBS",
    "geography": "US",
    "content_name": "HUBS Q4 2022 Presentation",
    "file_type": "pdf",
    "content_type": "earnings_presentation",
    "published_date": "2023-02-16",
    "fiscal_date": "2023-02-16",
    "fiscal_year": 2022,
    "fiscal_quarter": 4,
    "r2_url": "https://pub-2c783279b61043e19fbdadd1bee5153a.r2.dev/HUBS/2023-02-16/6e36d-2023-02-17-09-18-29/6e36d-2023-02-17-09-18-29.pdf/6e36d-2023-02-17-09-18-29.pdf",
    "periodicity": "periodic"
  },
  {
    "equity_ticker": "HUBS",
    "geography": "US",
    "content_name": "HUBS Q3 2022 Transcript",
    "file_type": "pdf",
    "content_type": "earnings_transcript",
    "published_date": "2022-11-02",
    "fiscal_date": "2022-11-02",
    "fiscal_year": 2022,
    "fiscal_quarter": 3,
    "r2_url": "https://pub-2c783279b61043e19fbdadd1bee5153a.r2.dev/HUBS/2022-11-02/HubSpot%2C%20Inc._2022-11-02_transcript/HubSpot%2C%20Inc._2022-11-02_transcript.pdf/HubSpot%2C%20Inc._2022-11-02_transcript.pdf",
    "periodicity": "periodic"
  },
  {
    "equity_ticker": "HUBS",
    "geography": "US",
    "content_name": "HUBS Q3 2022 Press Release",
    "file_type": "pdf",
    "content_type": "quarterly_report",
    "published_date": "2022-11-02",
    "fiscal_date": "2022-11-02",
    "fiscal_year": 2022,
    "fiscal_quarter": 3,
    "r2_url": "https://pub-2c783279b61043e19fbdadd1bee5153a.r2.dev/HUBS/2022-11-02/579b5-2024-08-29-06-54-08/579b5-2024-08-29-06-54-08.pdf/579b5-2024-08-29-06-54-08.pdf",
    "periodicity": "periodic"
  },
  {
    "equity_ticker": "HUBS",
    "geography": "US",
    "content_name": "HUBS Q3 2022 Presentation",
    "file_type": "pdf",
    "content_type": "earnings_presentation",
    "published_date": "2022-11-02",
    "fiscal_date": "2022-11-02",
    "fiscal_year": 2022,
    "fiscal_quarter": 3,
    "r2_url": "https://pub-2c783279b61043e19fbdadd1bee5153a.r2.dev/HUBS/2022-11-02/3c28e-2022-11-02-10-37-15/3c28e-2022-11-02-10-37-15.pdf/3c28e-2022-11-02-10-37-15.pdf",
    "periodicity": "periodic"
  },
  {
    "equity_ticker": "HUBS",
    "geography": "US",
    "content_name": "Analyst Day 2022 - September 7, 2022",
    "file_type": "pdf",
    "content_type": "company_conference_transcript",
    "published_date": "2022-09-07",
    "fiscal_date": "2022-09-07",
    "fiscal_year": null,
    "fiscal_quarter": null,
    "r2_url": "https://pub-2c783279b61043e19fbdadd1bee5153a.r2.dev/HUBS/2022-09-07/HubSpot%2C%20Inc._2022-09-07_transcript/HubSpot%2C%20Inc._2022-09-07_transcript.pdf/HubSpot%2C%20Inc._2022-09-07_transcript.pdf",
    "periodicity": "non_periodic"
  },
  {
    "equity_ticker": "HUBS",
    "geography": "US",
    "content_name": "Analyst Day 2022 - September 7, 2022",
    "file_type": "pdf",
    "content_type": "company_conference_presentation",
    "published_date": "2022-09-07",
    "fiscal_date": "2022-09-07",
    "fiscal_year": null,
    "fiscal_quarter": null,
    "r2_url": "https://pub-2c783279b61043e19fbdadd1bee5153a.r2.dev/HUBS/2022-09-07/62f63-2022-09-07-09-17-11/62f63-2022-09-07-09-17-11.pdf/62f63-2022-09-07-09-17-11.pdf",
    "periodicity": "non_periodic"
  },
  {
    "equity_ticker": "HUBS",
    "geography": "US",
    "content_name": "HUBS Q2 2022 Transcript",
    "file_type": "pdf",
    "content_type": "earnings_transcript",
    "published_date": "2022-08-04",
    "fiscal_date": "2022-08-04",
    "fiscal_year": 2022,
    "fiscal_quarter": 2,
    "r2_url": "https://pub-2c783279b61043e19fbdadd1bee5153a.r2.dev/HUBS/2022-08-04/HubSpot%2C%20Inc._2022-08-04_transcript/HubSpot%2C%20Inc._2022-08-04_transcript.pdf/HubSpot%2C%20Inc._2022-08-04_transcript.pdf",
    "periodicity": "periodic"
  },
  {
    "equity_ticker": "HUBS",
    "geography": "US",
    "content_name": "HUBS Q2 2022 Press Release",
    "file_type": "pdf",
    "content_type": "quarterly_report",
    "published_date": "2022-08-04",
    "fiscal_date": "2022-08-04",
    "fiscal_year": 2022,
    "fiscal_quarter": 2,
    "r2_url": "https://pub-2c783279b61043e19fbdadd1bee5153a.r2.dev/HUBS/2022-08-04/446f7-2024-08-29-06-00-09/446f7-2024-08-29-06-00-09.pdf/446f7-2024-08-29-06-00-09.pdf",
    "periodicity": "periodic"
  },
  {
    "equity_ticker": "HUBS",
    "geography": "US",
    "content_name": "HUBS Q2 2022 Presentation",
    "file_type": "pdf",
    "content_type": "earnings_presentation",
    "published_date": "2022-08-04",
    "fiscal_date": "2022-08-04",
    "fiscal_year": 2022,
    "fiscal_quarter": 2,
    "r2_url": "https://pub-2c783279b61043e19fbdadd1bee5153a.r2.dev/HUBS/2022-08-04/0cb1b-2022-08-05-12-42-21/0cb1b-2022-08-05-12-42-21.pdf/0cb1b-2022-08-05-12-42-21.pdf",
    "periodicity": "periodic"
  },
  {
    "equity_ticker": "HUBS",
    "geography": "US",
    "content_name": "HUBS Q1 2022 Transcript",
    "file_type": "pdf",
    "content_type": "earnings_transcript",
    "published_date": "2022-05-05",
    "fiscal_date": "2022-05-05",
    "fiscal_year": 2022,
    "fiscal_quarter": 1,
    "r2_url": "https://pub-2c783279b61043e19fbdadd1bee5153a.r2.dev/HUBS/2022-05-05/HubSpot%2C%20Inc._2022-05-05_transcript/HubSpot%2C%20Inc._2022-05-05_transcript.pdf/HubSpot%2C%20Inc._2022-05-05_transcript.pdf",
    "periodicity": "periodic"
  },
  {
    "equity_ticker": "HUBS",
    "geography": "US",
    "content_name": "HUBS Q1 2022 Press Release",
    "file_type": "pdf",
    "content_type": "quarterly_report",
    "published_date": "2022-05-05",
    "fiscal_date": "2022-05-05",
    "fiscal_year": 2022,
    "fiscal_quarter": 1,
    "r2_url": "https://pub-2c783279b61043e19fbdadd1bee5153a.r2.dev/HUBS/2022-05-05/bd483-2024-08-29-06-48-08/bd483-2024-08-29-06-48-08.pdf/bd483-2024-08-29-06-48-08.pdf",
    "periodicity": "periodic"
  },
  {
    "equity_ticker": "HUBS",
    "geography": "US",
    "content_name": "HUBS Q1 2022 Presentation",
    "file_type": "pdf",
    "content_type": "earnings_presentation",
    "published_date": "2022-05-05",
    "fiscal_date": "2022-05-05",
    "fiscal_year": 2022,
    "fiscal_quarter": 1,
    "r2_url": "https://pub-2c783279b61043e19fbdadd1bee5153a.r2.dev/HUBS/2022-05-05/a7e8a-2022-05-28-02-32-31/a7e8a-2022-05-28-02-32-31.pdf/a7e8a-2022-05-28-02-32-31.pdf",
    "periodicity": "periodic"
  },
  {
    "equity_ticker": "HUBS",
    "geography": "US",
    "content_name": "HUBS Q4 2021 Transcript",
    "file_type": "pdf",
    "content_type": "earnings_transcript",
    "published_date": "2022-02-10",
    "fiscal_date": "2022-02-10",
    "fiscal_year": 2021,
    "fiscal_quarter": 4,
    "r2_url": "https://pub-2c783279b61043e19fbdadd1bee5153a.r2.dev/HUBS/2022-02-10/HubSpot%2C%20Inc._2022-02-10_transcript/HubSpot%2C%20Inc._2022-02-10_transcript.pdf/HubSpot%2C%20Inc._2022-02-10_transcript.pdf",
    "periodicity": "periodic"
  },
  {
    "equity_ticker": "HUBS",
    "geography": "US",
    "content_name": "HUBS Q4 2021 Press Release",
    "file_type": "pdf",
    "content_type": "earnings_press_release",
    "published_date": "2022-02-10",
    "fiscal_date": "2022-02-10",
    "fiscal_year": 2021,
    "fiscal_quarter": 4,
    "r2_url": "https://pub-2c783279b61043e19fbdadd1bee5153a.r2.dev/HUBS/2022-02-10/0ddef-2025-03-03-10-18-44/0ddef-2025-03-03-10-18-44.pdf/0ddef-2025-03-03-10-18-44.pdf",
    "periodicity": "periodic"
  },
  {
    "equity_ticker": "HUBS",
    "geography": "US",
    "content_name": "HUBS Q4 2021 Presentation",
    "file_type": "pdf",
    "content_type": "earnings_presentation",
    "published_date": "2022-02-10",
    "fiscal_date": "2022-02-10",
    "fiscal_year": 2021,
    "fiscal_quarter": 4,
    "r2_url": "https://pub-2c783279b61043e19fbdadd1bee5153a.r2.dev/HUBS/2022-02-10/6186d-2022-02-10-09-26-14-migrated/6186d-2022-02-10-09-26-14-migrated.pdf/6186d-2022-02-10-09-26-14-migrated.pdf",
    "periodicity": "periodic"
  },
  {
    "equity_ticker": "HUBS",
    "geography": "US",
    "content_name": "HUBS Q3 2021 Transcript",
    "file_type": "pdf",
    "content_type": "earnings_transcript",
    "published_date": "2021-11-03",
    "fiscal_date": "2021-11-03",
    "fiscal_year": 2021,
    "fiscal_quarter": 3,
    "r2_url": "https://pub-2c783279b61043e19fbdadd1bee5153a.r2.dev/HUBS/2021-11-03/HubSpot%2C%20Inc._2021-11-03_transcript/HubSpot%2C%20Inc._2021-11-03_transcript.pdf/HubSpot%2C%20Inc._2021-11-03_transcript.pdf",
    "periodicity": "periodic"
  },
  {
    "equity_ticker": "HUBS",
    "geography": "US",
    "content_name": "HUBS Q3 2021 Press Release",
    "file_type": "pdf",
    "content_type": "quarterly_report",
    "published_date": "2021-11-03",
    "fiscal_date": "2021-11-03",
    "fiscal_year": 2021,
    "fiscal_quarter": 3,
    "r2_url": "https://pub-2c783279b61043e19fbdadd1bee5153a.r2.dev/HUBS/2021-11-03/00c6b-2024-08-29-06-06-09/00c6b-2024-08-29-06-06-09.pdf/00c6b-2024-08-29-06-06-09.pdf",
    "periodicity": "periodic"
  },
  {
    "equity_ticker": "HUBS",
    "geography": "US",
    "content_name": "HUBS Q3 2021 Presentation",
    "file_type": "pdf",
    "content_type": "earnings_presentation",
    "published_date": "2021-11-03",
    "fiscal_date": "2021-11-03",
    "fiscal_year": 2021,
    "fiscal_quarter": 3,
    "r2_url": "https://pub-2c783279b61043e19fbdadd1bee5153a.r2.dev/HUBS/2021-11-03/430cc-2021-11-03-12-00-00-migrated/430cc-2021-11-03-12-00-00-migrated.pdf/430cc-2021-11-03-12-00-00-migrated.pdf",
    "periodicity": "periodic"
  },
  {
    "equity_ticker": "HUBS",
    "geography": "US",
    "content_name": "Analyst Day 2021 - October 12, 2021",
    "file_type": "pdf",
    "content_type": "company_conference_transcript",
    "published_date": "2021-10-12",
    "fiscal_date": "2021-10-12",
    "fiscal_year": null,
    "fiscal_quarter": null,
    "r2_url": "https://pub-2c783279b61043e19fbdadd1bee5153a.r2.dev/HUBS/2021-10-12/HubSpot%2C%20Inc._2021-10-12_transcript/HubSpot%2C%20Inc._2021-10-12_transcript.pdf/HubSpot%2C%20Inc._2021-10-12_transcript.pdf",
    "periodicity": "non_periodic"
  },
  {
    "equity_ticker": "HUBS",
    "geography": "US",
    "content_name": "Analyst Day 2021 - October 12, 2021",
    "file_type": "pdf",
    "content_type": "company_conference_presentation",
    "published_date": "2021-10-12",
    "fiscal_date": "2021-10-12",
    "fiscal_year": null,
    "fiscal_quarter": null,
    "r2_url": "https://pub-2c783279b61043e19fbdadd1bee5153a.r2.dev/HUBS/2021-10-12/0f106-2021-10-12-12-00-00-migrated/0f106-2021-10-12-12-00-00-migrated.pdf/0f106-2021-10-12-12-00-00-migrated.pdf",
    "periodicity": "non_periodic"
  },
  {
    "equity_ticker": "HUBS",
    "geography": "US",
    "content_name": "HUBS Q2 2021 Transcript",
    "file_type": "pdf",
    "content_type": "earnings_transcript",
    "published_date": "2021-08-04",
    "fiscal_date": "2021-08-04",
    "fiscal_year": 2021,
    "fiscal_quarter": 2,
    "r2_url": "https://pub-2c783279b61043e19fbdadd1bee5153a.r2.dev/HUBS/2021-08-04/HubSpot%2C%20Inc._2021-08-04_transcript/HubSpot%2C%20Inc._2021-08-04_transcript.pdf/HubSpot%2C%20Inc._2021-08-04_transcript.pdf",
    "periodicity": "periodic"
  },
  {
    "equity_ticker": "HUBS",
    "geography": "US",
    "content_name": "HUBS Q2 2021 Press Release",
    "file_type": "pdf",
    "content_type": "quarterly_report",
    "published_date": "2021-08-04",
    "fiscal_date": "2021-08-04",
    "fiscal_year": 2021,
    "fiscal_quarter": 2,
    "r2_url": "https://pub-2c783279b61043e19fbdadd1bee5153a.r2.dev/HUBS/2021-08-04/0dd47-2024-08-29-06-05-09/0dd47-2024-08-29-06-05-09.pdf/0dd47-2024-08-29-06-05-09.pdf",
    "periodicity": "periodic"
  },
  {
    "equity_ticker": "HUBS",
    "geography": "US",
    "content_name": "HUBS Q2 2021 Presentation",
    "file_type": "pdf",
    "content_type": "earnings_presentation",
    "published_date": "2021-08-04",
    "fiscal_date": "2021-08-04",
    "fiscal_year": 2021,
    "fiscal_quarter": 2,
    "r2_url": "https://pub-2c783279b61043e19fbdadd1bee5153a.r2.dev/HUBS/2021-08-04/6d741-2021-08-04-08-00-35-migrated/6d741-2021-08-04-08-00-35-migrated.pdf/6d741-2021-08-04-08-00-35-migrated.pdf",
    "periodicity": "periodic"
  },
  {
    "equity_ticker": "HUBS",
    "geography": "US",
    "content_name": "HUBS Q1 2021 Transcript",
    "file_type": "pdf",
    "content_type": "earnings_transcript",
    "published_date": "2021-05-05",
    "fiscal_date": "2021-05-05",
    "fiscal_year": 2021,
    "fiscal_quarter": 1,
    "r2_url": "https://pub-2c783279b61043e19fbdadd1bee5153a.r2.dev/HUBS/2021-05-05/HubSpot%2C%20Inc._2021-05-05_transcript/HubSpot%2C%20Inc._2021-05-05_transcript.pdf/HubSpot%2C%20Inc._2021-05-05_transcript.pdf",
    "periodicity": "periodic"
  },
  {
    "equity_ticker": "HUBS",
    "geography": "US",
    "content_name": "HUBS Q1 2021 Press Release",
    "file_type": "pdf",
    "content_type": "quarterly_report",
    "published_date": "2021-05-05",
    "fiscal_date": "2021-05-05",
    "fiscal_year": 2021,
    "fiscal_quarter": 1,
    "r2_url": "https://pub-2c783279b61043e19fbdadd1bee5153a.r2.dev/HUBS/2021-05-05/b6363-2024-08-29-06-00-09/b6363-2024-08-29-06-00-09.pdf/b6363-2024-08-29-06-00-09.pdf",
    "periodicity": "periodic"
  },
  {
    "equity_ticker": "HUBS",
    "geography": "US",
    "content_name": "HUBS Q1 2021 Presentation",
    "file_type": "pdf",
    "content_type": "earnings_presentation",
    "published_date": "2021-05-05",
    "fiscal_date": "2021-05-05",
    "fiscal_year": 2021,
    "fiscal_quarter": 1,
    "r2_url": "https://pub-2c783279b61043e19fbdadd1bee5153a.r2.dev/HUBS/2021-05-05/156dc-2022-06-30-07-00-42/156dc-2022-06-30-07-00-42.pdf/156dc-2022-06-30-07-00-42.pdf",
    "periodicity": "periodic"
  },
  {
    "equity_ticker": "HUBS",
    "geography": "US",
    "content_name": "HUBS Q4 2020 Transcript",
    "file_type": "pdf",
    "content_type": "earnings_transcript",
    "published_date": "2021-02-11",
    "fiscal_date": "2021-02-11",
    "fiscal_year": 2020,
    "fiscal_quarter": 4,
    "r2_url": "https://pub-2c783279b61043e19fbdadd1bee5153a.r2.dev/HUBS/2021-02-11/HubSpot%2C%20Inc._2021-02-11_transcript/HubSpot%2C%20Inc._2021-02-11_transcript.pdf/HubSpot%2C%20Inc._2021-02-11_transcript.pdf",
    "periodicity": "periodic"
  },
  {
    "equity_ticker": "HUBS",
    "geography": "US",
    "content_name": "HUBS Q4 2020 Press Release",
    "file_type": "pdf",
    "content_type": "earnings_press_release",
    "published_date": "2021-02-11",
    "fiscal_date": "2021-02-11",
    "fiscal_year": 2020,
    "fiscal_quarter": 4,
    "r2_url": "https://pub-2c783279b61043e19fbdadd1bee5153a.r2.dev/HUBS/2021-02-11/da17e-2025-03-03-10-49-44/da17e-2025-03-03-10-49-44.pdf/da17e-2025-03-03-10-49-44.pdf",
    "periodicity": "periodic"
  },
  {
    "equity_ticker": "HUBS",
    "geography": "US",
    "content_name": "HUBS Q4 2020 Presentation",
    "file_type": "pdf",
    "content_type": "earnings_presentation",
    "published_date": "2021-02-11",
    "fiscal_date": "2021-02-11",
    "fiscal_year": 2020,
    "fiscal_quarter": 4,
    "r2_url": "https://pub-2c783279b61043e19fbdadd1bee5153a.r2.dev/HUBS/2021-02-11/e2803-2022-06-30-01-12-14/e2803-2022-06-30-01-12-14.pdf/e2803-2022-06-30-01-12-14.pdf",
    "periodicity": "periodic"
  },
  {
    "equity_ticker": "HUBS",
    "geography": "US",
    "content_name": "HUBS Q3 2020 Transcript",
    "file_type": "pdf",
    "content_type": "earnings_transcript",
    "published_date": "2020-11-05",
    "fiscal_date": "2020-11-05",
    "fiscal_year": 2020,
    "fiscal_quarter": 3,
    "r2_url": "https://pub-2c783279b61043e19fbdadd1bee5153a.r2.dev/HUBS/2020-11-05/HubSpot%2C%20Inc._2020-11-05_transcript/HubSpot%2C%20Inc._2020-11-05_transcript.pdf/HubSpot%2C%20Inc._2020-11-05_transcript.pdf",
    "periodicity": "periodic"
  },
  {
    "equity_ticker": "HUBS",
    "geography": "US",
    "content_name": "HUBS Q3 2020 Press Release",
    "file_type": "pdf",
    "content_type": "quarterly_report",
    "published_date": "2020-11-05",
    "fiscal_date": "2020-11-05",
    "fiscal_year": 2020,
    "fiscal_quarter": 3,
    "r2_url": "https://pub-2c783279b61043e19fbdadd1bee5153a.r2.dev/HUBS/2020-11-05/8c297-2024-08-29-06-15-09/8c297-2024-08-29-06-15-09.pdf/8c297-2024-08-29-06-15-09.pdf",
    "periodicity": "periodic"
  },
  {
    "equity_ticker": "HUBS",
    "geography": "US",
    "content_name": "HUBS Q3 2020 Presentation",
    "file_type": "pdf",
    "content_type": "earnings_presentation",
    "published_date": "2020-11-05",
    "fiscal_date": "2020-11-05",
    "fiscal_year": 2020,
    "fiscal_quarter": 3,
    "r2_url": "https://pub-2c783279b61043e19fbdadd1bee5153a.r2.dev/HUBS/2020-11-05/197d1-2022-06-30-01-30-21/197d1-2022-06-30-01-30-21.pdf/197d1-2022-06-30-01-30-21.pdf",
    "periodicity": "periodic"
  },
  {
    "equity_ticker": "HUBS",
    "geography": "US",
    "content_name": "Analyst Day 2020 - September 22, 2020",
    "file_type": "pdf",
    "content_type": "company_conference_transcript",
    "published_date": "2020-09-22",
    "fiscal_date": "2020-09-22",
    "fiscal_year": null,
    "fiscal_quarter": null,
    "r2_url": "https://pub-2c783279b61043e19fbdadd1bee5153a.r2.dev/HUBS/2020-09-22/HubSpot%2C%20Inc._2020-09-22_transcript/HubSpot%2C%20Inc._2020-09-22_transcript.pdf/HubSpot%2C%20Inc._2020-09-22_transcript.pdf",
    "periodicity": "non_periodic"
  },
  {
    "equity_ticker": "HUBS",
    "geography": "US",
    "content_name": "Analyst Day 2020 - September 22, 2020",
    "file_type": "pdf",
    "content_type": "company_conference_presentation",
    "published_date": "2020-09-22",
    "fiscal_date": "2020-09-22",
    "fiscal_year": null,
    "fiscal_quarter": null,
    "r2_url": "https://pub-2c783279b61043e19fbdadd1bee5153a.r2.dev/HUBS/2020-09-22/6030a-2022-06-30-01-40-30/6030a-2022-06-30-01-40-30.pdf/6030a-2022-06-30-01-40-30.pdf",
    "periodicity": "non_periodic"
  },
  {
    "equity_ticker": "HUBS",
    "geography": "US",
    "content_name": "HUBS Q2 2020 Transcript",
    "file_type": "pdf",
    "content_type": "earnings_transcript",
    "published_date": "2020-08-05",
    "fiscal_date": "2020-08-05",
    "fiscal_year": 2020,
    "fiscal_quarter": 2,
    "r2_url": "https://pub-2c783279b61043e19fbdadd1bee5153a.r2.dev/HUBS/2020-08-05/HubSpot%2C%20Inc._2020-08-05_transcript/HubSpot%2C%20Inc._2020-08-05_transcript.pdf/HubSpot%2C%20Inc._2020-08-05_transcript.pdf",
    "periodicity": "periodic"
  },
  {
    "equity_ticker": "HUBS",
    "geography": "US",
    "content_name": "HUBS Q2 2020 Press Release",
    "file_type": "pdf",
    "content_type": "quarterly_report",
    "published_date": "2020-08-05",
    "fiscal_date": "2020-08-05",
    "fiscal_year": 2020,
    "fiscal_quarter": 2,
    "r2_url": "https://pub-2c783279b61043e19fbdadd1bee5153a.r2.dev/HUBS/2020-08-05/98a17-2024-08-29-06-14-09/98a17-2024-08-29-06-14-09.pdf/98a17-2024-08-29-06-14-09.pdf",
    "periodicity": "periodic"
  },
  {
    "equity_ticker": "HUBS",
    "geography": "US",
    "content_name": "HUBS Q2 2020 Presentation",
    "file_type": "pdf",
    "content_type": "earnings_presentation",
    "published_date": "2020-08-05",
    "fiscal_date": "2020-08-05",
    "fiscal_year": 2020,
    "fiscal_quarter": 2,
    "r2_url": "https://pub-2c783279b61043e19fbdadd1bee5153a.r2.dev/HUBS/2020-08-05/03e19-2022-06-30-01-55-35/03e19-2022-06-30-01-55-35.pdf/03e19-2022-06-30-01-55-35.pdf",
    "periodicity": "periodic"
  },
  {
    "equity_ticker": "HUBS",
    "geography": "US",
    "content_name": "AGM 2020 - June 17, 2020",
    "file_type": "pdf",
    "content_type": "company_conference_transcript",
    "published_date": "2020-06-17",
    "fiscal_date": "2020-06-17",
    "fiscal_year": null,
    "fiscal_quarter": null,
    "r2_url": "https://pub-2c783279b61043e19fbdadd1bee5153a.r2.dev/HUBS/2020-06-17/HubSpot%2C%20Inc._2020-06-17_transcript/HubSpot%2C%20Inc._2020-06-17_transcript.pdf/HubSpot%2C%20Inc._2020-06-17_transcript.pdf",
    "periodicity": "non_periodic"
  },
  {
    "equity_ticker": "HUBS",
    "geography": "US",
    "content_name": "HUBS Q1 2020 Transcript",
    "file_type": "pdf",
    "content_type": "earnings_transcript",
    "published_date": "2020-05-06",
    "fiscal_date": "2020-05-06",
    "fiscal_year": 2020,
    "fiscal_quarter": 1,
    "r2_url": "https://pub-2c783279b61043e19fbdadd1bee5153a.r2.dev/HUBS/2020-05-06/HubSpot%2C%20Inc._2020-05-06_transcript/HubSpot%2C%20Inc._2020-05-06_transcript.pdf/HubSpot%2C%20Inc._2020-05-06_transcript.pdf",
    "periodicity": "periodic"
  },
  {
    "equity_ticker": "HUBS",
    "geography": "US",
    "content_name": "HUBS Q1 2020 Press Release",
    "file_type": "pdf",
    "content_type": "quarterly_report",
    "published_date": "2020-05-06",
    "fiscal_date": "2020-05-06",
    "fiscal_year": 2020,
    "fiscal_quarter": 1,
    "r2_url": "https://pub-2c783279b61043e19fbdadd1bee5153a.r2.dev/HUBS/2020-05-06/6a22a-2024-08-29-06-13-09/6a22a-2024-08-29-06-13-09.pdf/6a22a-2024-08-29-06-13-09.pdf",
    "periodicity": "periodic"
  },
  {
    "equity_ticker": "HUBS",
    "geography": "US",
    "content_name": "HUBS Q1 2020 Presentation",
    "file_type": "pdf",
    "content_type": "earnings_presentation",
    "published_date": "2020-05-06",
    "fiscal_date": "2020-05-06",
    "fiscal_year": 2020,
    "fiscal_quarter": 1,
    "r2_url": "https://pub-2c783279b61043e19fbdadd1bee5153a.r2.dev/HUBS/2020-05-06/433f4-2022-06-30-01-41-49/433f4-2022-06-30-01-41-49.pdf/433f4-2022-06-30-01-41-49.pdf",
    "periodicity": "periodic"
  },
  {
    "equity_ticker": "HUBS",
    "geography": "US",
    "content_name": "HUBS Q4 2019 Transcript",
    "file_type": "pdf",
    "content_type": "earnings_transcript",
    "published_date": "2020-02-12",
    "fiscal_date": "2020-02-12",
    "fiscal_year": 2019,
    "fiscal_quarter": 4,
    "r2_url": "https://pub-2c783279b61043e19fbdadd1bee5153a.r2.dev/HUBS/2020-02-12/HubSpot%2C%20Inc._2020-02-12_transcript/HubSpot%2C%20Inc._2020-02-12_transcript.pdf/HubSpot%2C%20Inc._2020-02-12_transcript.pdf",
    "periodicity": "periodic"
  },
  {
    "equity_ticker": "HUBS",
    "geography": "US",
    "content_name": "HUBS Q4 2019 Press Release",
    "file_type": "pdf",
    "content_type": "earnings_press_release",
    "published_date": "2020-02-12",
    "fiscal_date": "2020-02-12",
    "fiscal_year": 2019,
    "fiscal_quarter": 4,
    "r2_url": "https://pub-2c783279b61043e19fbdadd1bee5153a.r2.dev/HUBS/2020-02-12/a880b-2025-03-03-10-19-46/a880b-2025-03-03-10-19-46.pdf/a880b-2025-03-03-10-19-46.pdf",
    "periodicity": "periodic"
  },
  {
    "equity_ticker": "HUBS",
    "geography": "US",
    "content_name": "HUBS Q4 2019 Presentation",
    "file_type": "pdf",
    "content_type": "earnings_presentation",
    "published_date": "2020-02-12",
    "fiscal_date": "2020-02-12",
    "fiscal_year": 2019,
    "fiscal_quarter": 4,
    "r2_url": "https://pub-2c783279b61043e19fbdadd1bee5153a.r2.dev/HUBS/2020-02-12/4d1fa-2022-06-30-02-51-42/4d1fa-2022-06-30-02-51-42.pdf/4d1fa-2022-06-30-02-51-42.pdf",
    "periodicity": "periodic"
  },
  {
    "equity_ticker": "HUBS",
    "geography": "US",
    "content_name": "HUBS Q3 2019 Transcript",
    "file_type": "pdf",
    "content_type": "earnings_transcript",
    "published_date": "2019-11-05",
    "fiscal_date": "2019-11-05",
    "fiscal_year": 2019,
    "fiscal_quarter": 3,
    "r2_url": "https://pub-2c783279b61043e19fbdadd1bee5153a.r2.dev/HUBS/2019-11-05/HubSpot%2C%20Inc._2019-11-05_transcript/HubSpot%2C%20Inc._2019-11-05_transcript.pdf/HubSpot%2C%20Inc._2019-11-05_transcript.pdf",
    "periodicity": "periodic"
  },
  {
    "equity_ticker": "HUBS",
    "geography": "US",
    "content_name": "HUBS Q3 2019 Press Release",
    "file_type": "pdf",
    "content_type": "quarterly_report",
    "published_date": "2019-11-05",
    "fiscal_date": "2019-11-05",
    "fiscal_year": 2019,
    "fiscal_quarter": 3,
    "r2_url": "https://pub-2c783279b61043e19fbdadd1bee5153a.r2.dev/HUBS/2019-11-05/e79f7-2024-08-29-06-17-09/e79f7-2024-08-29-06-17-09.pdf/e79f7-2024-08-29-06-17-09.pdf",
    "periodicity": "periodic"
  },
  {
    "equity_ticker": "HUBS",
    "geography": "US",
    "content_name": "HUBS Q3 2019 Presentation",
    "file_type": "pdf",
    "content_type": "earnings_presentation",
    "published_date": "2019-11-05",
    "fiscal_date": "2019-11-05",
    "fiscal_year": 2019,
    "fiscal_quarter": 3,
    "r2_url": "https://pub-2c783279b61043e19fbdadd1bee5153a.r2.dev/HUBS/2019-11-05/ed483-2022-06-30-02-14-54/ed483-2022-06-30-02-14-54.pdf/ed483-2022-06-30-02-14-54.pdf",
    "periodicity": "periodic"
  },
  {
    "equity_ticker": "HUBS",
    "geography": "US",
    "content_name": "Analyst Day 2019 - September 4, 2019",
    "file_type": "pdf",
    "content_type": "company_conference_transcript",
    "published_date": "2019-09-04",
    "fiscal_date": "2019-09-04",
    "fiscal_year": null,
    "fiscal_quarter": null,
    "r2_url": "https://pub-2c783279b61043e19fbdadd1bee5153a.r2.dev/HUBS/2019-09-04/HubSpot%2C%20Inc._2019-09-04_transcript/HubSpot%2C%20Inc._2019-09-04_transcript.pdf/HubSpot%2C%20Inc._2019-09-04_transcript.pdf",
    "periodicity": "non_periodic"
  },
  {
    "equity_ticker": "HUBS",
    "geography": "US",
    "content_name": "HUBS Q2 2019 Transcript",
    "file_type": "pdf",
    "content_type": "earnings_transcript",
    "published_date": "2019-08-06",
    "fiscal_date": "2019-08-06",
    "fiscal_year": 2019,
    "fiscal_quarter": 2,
    "r2_url": "https://pub-2c783279b61043e19fbdadd1bee5153a.r2.dev/HUBS/2019-08-06/HubSpot%2C%20Inc._2019-08-06_transcript/HubSpot%2C%20Inc._2019-08-06_transcript.pdf/HubSpot%2C%20Inc._2019-08-06_transcript.pdf",
    "periodicity": "periodic"
  },
  {
    "equity_ticker": "HUBS",
    "geography": "US",
    "content_name": "HUBS Q1 2019 Transcript",
    "file_type": "pdf",
    "content_type": "earnings_transcript",
    "published_date": "2019-05-07",
    "fiscal_date": "2019-05-07",
    "fiscal_year": 2019,
    "fiscal_quarter": 1,
    "r2_url": "https://pub-2c783279b61043e19fbdadd1bee5153a.r2.dev/HUBS/2019-05-07/HubSpot%2C%20Inc._2019-05-07_transcript/HubSpot%2C%20Inc._2019-05-07_transcript.pdf/HubSpot%2C%20Inc._2019-05-07_transcript.pdf",
    "periodicity": "periodic"
  },
  {
    "equity_ticker": "HUBS",
    "geography": "US",
    "content_name": "HUBS Q1 2019 Press Release",
    "file_type": "pdf",
    "content_type": "earnings_press_release",
    "published_date": "2019-05-07",
    "fiscal_date": "2019-05-07",
    "fiscal_year": 2019,
    "fiscal_quarter": 1,
    "r2_url": "https://pub-2c783279b61043e19fbdadd1bee5153a.r2.dev/HUBS/2019-05-07/e3fe6-2023-12-01-01-02-49/e3fe6-2023-12-01-01-02-49.pdf/e3fe6-2023-12-01-01-02-49.pdf",
    "periodicity": "periodic"
  },
  {
    "equity_ticker": "HUBS",
    "geography": "US",
    "content_name": "HUBS Q1 2019 Presentation",
    "file_type": "pdf",
    "content_type": "earnings_presentation",
    "published_date": "2019-05-07",
    "fiscal_date": "2019-05-07",
    "fiscal_year": 2019,
    "fiscal_quarter": 1,
    "r2_url": "https://pub-2c783279b61043e19fbdadd1bee5153a.r2.dev/HUBS/2019-05-07/eb841-2023-12-01-01-02-49/eb841-2023-12-01-01-02-49.pdf/eb841-2023-12-01-01-02-49.pdf",
    "periodicity": "periodic"
  },
  {
    "equity_ticker": "HUBS",
    "geography": "US",
    "content_name": "HUBS Q4 2018 Transcript",
    "file_type": "pdf",
    "content_type": "earnings_transcript",
    "published_date": "2019-02-12",
    "fiscal_date": "2019-02-12",
    "fiscal_year": 2018,
    "fiscal_quarter": 4,
    "r2_url": "https://pub-2c783279b61043e19fbdadd1bee5153a.r2.dev/HUBS/2019-02-12/HubSpot%2C%20Inc._2019-02-12_transcript/HubSpot%2C%20Inc._2019-02-12_transcript.pdf/HubSpot%2C%20Inc._2019-02-12_transcript.pdf",
    "periodicity": "periodic"
  },
  {
    "equity_ticker": "HUBS",
    "geography": "US",
    "content_name": "HUBS Q4 2018 Press Release",
    "file_type": "pdf",
    "content_type": "earnings_press_release",
    "published_date": "2019-02-12",
    "fiscal_date": "2019-02-12",
    "fiscal_year": 2018,
    "fiscal_quarter": 4,
    "r2_url": "https://pub-2c783279b61043e19fbdadd1bee5153a.r2.dev/HUBS/2019-02-12/47e85-2023-12-01-01-55-50/47e85-2023-12-01-01-55-50.pdf/47e85-2023-12-01-01-55-50.pdf",
    "periodicity": "periodic"
  },
  {
    "equity_ticker": "HUBS",
    "geography": "US",
    "content_name": "HUBS Q4 2018 Presentation",
    "file_type": "pdf",
    "content_type": "earnings_presentation",
    "published_date": "2019-02-12",
    "fiscal_date": "2019-02-12",
    "fiscal_year": 2018,
    "fiscal_quarter": 4,
    "r2_url": "https://pub-2c783279b61043e19fbdadd1bee5153a.r2.dev/HUBS/2019-02-12/bcd0f-2023-12-01-01-55-50/bcd0f-2023-12-01-01-55-50.pdf/bcd0f-2023-12-01-01-55-50.pdf",
    "periodicity": "periodic"
  },
  {
    "equity_ticker": "HUBS",
    "geography": "US",
    "content_name": "HUBS Q3 2018 Transcript",
    "file_type": "pdf",
    "content_type": "earnings_transcript",
    "published_date": "2018-11-07",
    "fiscal_date": "2018-11-07",
    "fiscal_year": 2018,
    "fiscal_quarter": 3,
    "r2_url": "https://pub-2c783279b61043e19fbdadd1bee5153a.r2.dev/HUBS/2018-11-07/HubSpot%2C%20Inc._2018-11-07_transcript/HubSpot%2C%20Inc._2018-11-07_transcript.pdf/HubSpot%2C%20Inc._2018-11-07_transcript.pdf",
    "periodicity": "periodic"
  },
  {
    "equity_ticker": "HUBS",
    "geography": "US",
    "content_name": "HUBS Q3 2018 Press Release",
    "file_type": "pdf",
    "content_type": "earnings_press_release",
    "published_date": "2018-11-07",
    "fiscal_date": "2018-11-07",
    "fiscal_year": 2018,
    "fiscal_quarter": 3,
    "r2_url": "https://pub-2c783279b61043e19fbdadd1bee5153a.r2.dev/HUBS/2018-11-07/efac4-2023-12-01-01-32-51/efac4-2023-12-01-01-32-51.pdf/efac4-2023-12-01-01-32-51.pdf",
    "periodicity": "periodic"
  },
  {
    "equity_ticker": "HUBS",
    "geography": "US",
    "content_name": "HUBS Q3 2018 Presentation",
    "file_type": "pdf",
    "content_type": "earnings_presentation",
    "published_date": "2018-11-07",
    "fiscal_date": "2018-11-07",
    "fiscal_year": 2018,
    "fiscal_quarter": 3,
    "r2_url": "https://pub-2c783279b61043e19fbdadd1bee5153a.r2.dev/HUBS/2018-11-07/1f7d5-2023-12-01-01-32-51/1f7d5-2023-12-01-01-32-51.pdf/1f7d5-2023-12-01-01-32-51.pdf",
    "periodicity": "periodic"
  },
  {
    "equity_ticker": "HUBS",
    "geography": "US",
    "content_name": "Analyst Day 2018 - September 5, 2018",
    "file_type": "pdf",
    "content_type": "company_conference_transcript",
    "published_date": "2018-09-05",
    "fiscal_date": "2018-09-05",
    "fiscal_year": null,
    "fiscal_quarter": null,
    "r2_url": "https://pub-2c783279b61043e19fbdadd1bee5153a.r2.dev/HUBS/2018-09-05/HubSpot%2C%20Inc._2018-09-05_transcript/HubSpot%2C%20Inc._2018-09-05_transcript.pdf/HubSpot%2C%20Inc._2018-09-05_transcript.pdf",
    "periodicity": "non_periodic"
  },
  {
    "equity_ticker": "HUBS",
    "geography": "US",
    "content_name": "Analyst Day 2018 - September 5, 2018",
    "file_type": "pdf",
    "content_type": "company_conference_presentation",
    "published_date": "2018-09-05",
    "fiscal_date": "2018-09-05",
    "fiscal_year": null,
    "fiscal_quarter": null,
    "r2_url": "https://pub-2c783279b61043e19fbdadd1bee5153a.r2.dev/HUBS/2018-09-05/77977-2023-12-01-01-34-52/77977-2023-12-01-01-34-52.pdf/77977-2023-12-01-01-34-52.pdf",
    "periodicity": "non_periodic"
  },
  {
    "equity_ticker": "HUBS",
    "geography": "US",
    "content_name": "HUBS Q2 2018 Transcript",
    "file_type": "pdf",
    "content_type": "earnings_transcript",
    "published_date": "2018-08-01",
    "fiscal_date": "2018-08-01",
    "fiscal_year": 2018,
    "fiscal_quarter": 2,
    "r2_url": "https://pub-2c783279b61043e19fbdadd1bee5153a.r2.dev/HUBS/2018-08-01/HubSpot%2C%20Inc._2018-08-01_transcript/HubSpot%2C%20Inc._2018-08-01_transcript.pdf/HubSpot%2C%20Inc._2018-08-01_transcript.pdf",
    "periodicity": "periodic"
  },
  {
    "equity_ticker": "HUBS",
    "geography": "US",
    "content_name": "HUBS Q2 2018 Press Release",
    "file_type": "pdf",
    "content_type": "earnings_press_release",
    "published_date": "2018-08-01",
    "fiscal_date": "2018-08-01",
    "fiscal_year": 2018,
    "fiscal_quarter": 2,
    "r2_url": "https://pub-2c783279b61043e19fbdadd1bee5153a.r2.dev/HUBS/2018-08-01/1c173-2023-12-01-01-29-53/1c173-2023-12-01-01-29-53.pdf/1c173-2023-12-01-01-29-53.pdf",
    "periodicity": "periodic"
  },
  {
    "equity_ticker": "HUBS",
    "geography": "US",
    "content_name": "HUBS Q2 2018 Presentation",
    "file_type": "pdf",
    "content_type": "earnings_presentation",
    "published_date": "2018-08-01",
    "fiscal_date": "2018-08-01",
    "fiscal_year": 2018,
    "fiscal_quarter": 2,
    "r2_url": "https://pub-2c783279b61043e19fbdadd1bee5153a.r2.dev/HUBS/2018-08-01/b1a93-2023-12-01-01-29-53/b1a93-2023-12-01-01-29-53.pdf/b1a93-2023-12-01-01-29-53.pdf",
    "periodicity": "periodic"
  },
  {
    "equity_ticker": "HUBS",
    "geography": "US",
    "content_name": "HUBS Q1 2018 Transcript",
    "file_type": "pdf",
    "content_type": "earnings_transcript",
    "published_date": "2018-05-10",
    "fiscal_date": "2018-05-10",
    "fiscal_year": 2018,
    "fiscal_quarter": 1,
    "r2_url": "https://pub-2c783279b61043e19fbdadd1bee5153a.r2.dev/HUBS/2018-05-10/HubSpot%2C%20Inc._2018-05-10_transcript/HubSpot%2C%20Inc._2018-05-10_transcript.pdf/HubSpot%2C%20Inc._2018-05-10_transcript.pdf",
    "periodicity": "periodic"
  },
  {
    "equity_ticker": "HUBS",
    "geography": "US",
    "content_name": "HUBS Q1 2018 Press Release",
    "file_type": "pdf",
    "content_type": "earnings_press_release",
    "published_date": "2018-05-10",
    "fiscal_date": "2018-05-10",
    "fiscal_year": 2018,
    "fiscal_quarter": 1,
    "r2_url": "https://pub-2c783279b61043e19fbdadd1bee5153a.r2.dev/HUBS/2018-05-10/2187e-2023-12-01-01-09-54/2187e-2023-12-01-01-09-54.pdf/2187e-2023-12-01-01-09-54.pdf",
    "periodicity": "periodic"
  },
  {
    "equity_ticker": "HUBS",
    "geography": "US",
    "content_name": "HUBS Q1 2018 Presentation",
    "file_type": "pdf",
    "content_type": "earnings_presentation",
    "published_date": "2018-05-10",
    "fiscal_date": "2018-05-10",
    "fiscal_year": 2018,
    "fiscal_quarter": 1,
    "r2_url": "https://pub-2c783279b61043e19fbdadd1bee5153a.r2.dev/HUBS/2018-05-10/edcec-2023-12-01-01-10-54/edcec-2023-12-01-01-10-54.pdf/edcec-2023-12-01-01-10-54.pdf",
    "periodicity": "periodic"
  },
  {
    "equity_ticker": "HUBS",
    "geography": "US",
    "content_name": "HUBS Q4 2017 Transcript",
    "file_type": "pdf",
    "content_type": "earnings_transcript",
    "published_date": "2018-02-13",
    "fiscal_date": "2018-02-13",
    "fiscal_year": 2017,
    "fiscal_quarter": 4,
    "r2_url": "https://pub-2c783279b61043e19fbdadd1bee5153a.r2.dev/HUBS/2018-02-13/HubSpot%2C%20Inc._2018-02-13_transcript/HubSpot%2C%20Inc._2018-02-13_transcript.pdf/HubSpot%2C%20Inc._2018-02-13_transcript.pdf",
    "periodicity": "periodic"
  },
  {
    "equity_ticker": "HUBS",
    "geography": "US",
    "content_name": "HUBS Q4 2017 Press Release",
    "file_type": "pdf",
    "content_type": "annual_report",
    "published_date": "2018-02-13",
    "fiscal_date": "2018-02-13",
    "fiscal_year": 2017,
    "fiscal_quarter": 4,
    "r2_url": "https://pub-2c783279b61043e19fbdadd1bee5153a.r2.dev/HUBS/2018-02-13/f2d38-2023-09-05-02-30-09/f2d38-2023-09-05-02-30-09.pdf/f2d38-2023-09-05-02-30-09.pdf",
    "periodicity": "periodic"
  },
  {
    "equity_ticker": "HUBS",
    "geography": "US",
    "content_name": "HUBS Q3 2017 Transcript",
    "file_type": "pdf",
    "content_type": "earnings_transcript",
    "published_date": "2017-11-01",
    "fiscal_date": "2017-11-01",
    "fiscal_year": 2017,
    "fiscal_quarter": 3,
    "r2_url": "https://pub-2c783279b61043e19fbdadd1bee5153a.r2.dev/HUBS/2017-11-01/HubSpot%2C%20Inc._2017-11-01_transcript/HubSpot%2C%20Inc._2017-11-01_transcript.pdf/HubSpot%2C%20Inc._2017-11-01_transcript.pdf",
    "periodicity": "periodic"
  },
  {
    "equity_ticker": "HUBS",
    "geography": "US",
    "content_name": "HUBS Q2 2017 Transcript",
    "file_type": "pdf",
    "content_type": "earnings_transcript",
    "published_date": "2017-08-02",
    "fiscal_date": "2017-08-02",
    "fiscal_year": 2017,
    "fiscal_quarter": 2,
    "r2_url": "https://pub-2c783279b61043e19fbdadd1bee5153a.r2.dev/HUBS/2017-08-02/HubSpot%2C%20Inc._2017-08-02_transcript/HubSpot%2C%20Inc._2017-08-02_transcript.pdf/HubSpot%2C%20Inc._2017-08-02_transcript.pdf",
    "periodicity": "periodic"
  },
  {
    "equity_ticker": "HUBS",
    "geography": "US",
    "content_name": "HUBS Q1 2017 Transcript",
    "file_type": "pdf",
    "content_type": "earnings_transcript",
    "published_date": "2017-05-02",
    "fiscal_date": "2017-05-02",
    "fiscal_year": 2017,
    "fiscal_quarter": 1,
    "r2_url": "https://pub-2c783279b61043e19fbdadd1bee5153a.r2.dev/HUBS/2017-05-02/HubSpot%2C%20Inc._2017-05-02_transcript/HubSpot%2C%20Inc._2017-05-02_transcript.pdf/HubSpot%2C%20Inc._2017-05-02_transcript.pdf",
    "periodicity": "periodic"
  },
  {
    "equity_ticker": "HUBS",
    "geography": "US",
    "content_name": "HUBS Q4 2016 Transcript",
    "file_type": "pdf",
    "content_type": "earnings_transcript",
    "published_date": "2017-02-16",
    "fiscal_date": "2017-02-16",
    "fiscal_year": 2016,
    "fiscal_quarter": 4,
    "r2_url": "https://pub-2c783279b61043e19fbdadd1bee5153a.r2.dev/HUBS/2017-02-16/HubSpot%2C%20Inc._2017-02-16_transcript/HubSpot%2C%20Inc._2017-02-16_transcript.pdf/HubSpot%2C%20Inc._2017-02-16_transcript.pdf",
    "periodicity": "periodic"
  },
  {
    "equity_ticker": "HUBS",
    "geography": "US",
    "content_name": "HUBS Q4 2016 Press Release",
    "file_type": "pdf",
    "content_type": "annual_report",
    "published_date": "2017-02-16",
    "fiscal_date": "2017-02-16",
    "fiscal_year": 2016,
    "fiscal_quarter": 4,
    "r2_url": "https://pub-2c783279b61043e19fbdadd1bee5153a.r2.dev/HUBS/2017-02-16/f0c4e-2023-09-05-02-46-09/f0c4e-2023-09-05-02-46-09.pdf/f0c4e-2023-09-05-02-46-09.pdf",
    "periodicity": "periodic"
  },
  {
    "equity_ticker": "HUBS",
    "geography": "US",
    "content_name": "HUBS Q3 2016 Transcript",
    "file_type": "pdf",
    "content_type": "earnings_transcript",
    "published_date": "2016-11-05",
    "fiscal_date": "2016-11-05",
    "fiscal_year": 2016,
    "fiscal_quarter": 3,
    "r2_url": "https://pub-2c783279b61043e19fbdadd1bee5153a.r2.dev/HUBS/2016-11-05/HubSpot%2C%20Inc._2016-11-05_transcript/HubSpot%2C%20Inc._2016-11-05_transcript.pdf/HubSpot%2C%20Inc._2016-11-05_transcript.pdf",
    "periodicity": "periodic"
  },
  {
    "equity_ticker": "HUBS",
    "geography": "US",
    "content_name": "HUBS Q2 2016 Transcript",
    "file_type": "pdf",
    "content_type": "earnings_transcript",
    "published_date": "2016-08-03",
    "fiscal_date": "2016-08-03",
    "fiscal_year": 2016,
    "fiscal_quarter": 2,
    "r2_url": "https://pub-2c783279b61043e19fbdadd1bee5153a.r2.dev/HUBS/2016-08-03/HubSpot%2C%20Inc._2016-08-03_transcript/HubSpot%2C%20Inc._2016-08-03_transcript.pdf/HubSpot%2C%20Inc._2016-08-03_transcript.pdf",
    "periodicity": "periodic"
  },
  {
    "equity_ticker": "HUBS",
    "geography": "US",
    "content_name": "HUBS Q1 2016 Transcript",
    "file_type": "pdf",
    "content_type": "earnings_transcript",
    "published_date": "2016-05-04",
    "fiscal_date": "2016-05-04",
    "fiscal_year": 2016,
    "fiscal_quarter": 1,
    "r2_url": "https://pub-2c783279b61043e19fbdadd1bee5153a.r2.dev/HUBS/2016-05-04/HubSpot%2C%20Inc._2016-05-04_transcript/HubSpot%2C%20Inc._2016-05-04_transcript.pdf/HubSpot%2C%20Inc._2016-05-04_transcript.pdf",
    "periodicity": "periodic"
  },
  {
    "equity_ticker": "HUBS",
    "geography": "US",
    "content_name": "HUBS Q4 2015 Transcript",
    "file_type": "pdf",
    "content_type": "earnings_transcript",
    "published_date": "2016-02-24",
    "fiscal_date": "2016-02-24",
    "fiscal_year": 2015,
    "fiscal_quarter": 4,
    "r2_url": "https://pub-2c783279b61043e19fbdadd1bee5153a.r2.dev/HUBS/2016-02-24/HubSpot%2C%20Inc._2016-02-24_transcript/HubSpot%2C%20Inc._2016-02-24_transcript.pdf/HubSpot%2C%20Inc._2016-02-24_transcript.pdf",
    "periodicity": "periodic"
  },
  {
    "equity_ticker": "HUBS",
    "geography": "US",
    "content_name": "HUBS Q4 2015 Press Release",
    "file_type": "pdf",
    "content_type": "annual_report",
    "published_date": "2016-02-24",
    "fiscal_date": "2016-02-24",
    "fiscal_year": 2015,
    "fiscal_quarter": 4,
    "r2_url": "https://pub-2c783279b61043e19fbdadd1bee5153a.r2.dev/HUBS/2016-02-24/076e7-2023-09-05-02-03-10/076e7-2023-09-05-02-03-10.pdf/076e7-2023-09-05-02-03-10.pdf",
    "periodicity": "periodic"
  },
  {
    "equity_ticker": "HUBS",
    "geography": "US",
    "content_name": "HUBS Q3 2015 Transcript",
    "file_type": "pdf",
    "content_type": "earnings_transcript",
    "published_date": "2015-11-04",
    "fiscal_date": "2015-11-04",
    "fiscal_year": 2015,
    "fiscal_quarter": 3,
    "r2_url": "https://pub-2c783279b61043e19fbdadd1bee5153a.r2.dev/HUBS/2015-11-04/HubSpot%2C%20Inc._2015-11-04_transcript/HubSpot%2C%20Inc._2015-11-04_transcript.pdf/HubSpot%2C%20Inc._2015-11-04_transcript.pdf",
    "periodicity": "periodic"
  },
  {
    "equity_ticker": "HUBS",
    "geography": "US",
    "content_name": "HUBS Q2 2015 Transcript",
    "file_type": "pdf",
    "content_type": "earnings_transcript",
    "published_date": "2015-08-06",
    "fiscal_date": "2015-08-06",
    "fiscal_year": 2015,
    "fiscal_quarter": 2,
    "r2_url": "https://pub-2c783279b61043e19fbdadd1bee5153a.r2.dev/HUBS/2015-08-06/HubSpot%2C%20Inc._2015-08-06_transcript/HubSpot%2C%20Inc._2015-08-06_transcript.pdf/HubSpot%2C%20Inc._2015-08-06_transcript.pdf",
    "periodicity": "periodic"
  },
  {
    "equity_ticker": "HUBS",
    "geography": "US",
    "content_name": "HUBS Q1 2015 Transcript",
    "file_type": "pdf",
    "content_type": "earnings_transcript",
    "published_date": "2015-05-06",
    "fiscal_date": "2015-05-06",
    "fiscal_year": 2015,
    "fiscal_quarter": 1,
    "r2_url": "https://pub-2c783279b61043e19fbdadd1bee5153a.r2.dev/HUBS/2015-05-06/HubSpot%2C%20Inc._2015-05-06_transcript/HubSpot%2C%20Inc._2015-05-06_transcript.pdf/HubSpot%2C%20Inc._2015-05-06_transcript.pdf",
    "periodicity": "periodic"
  },
  {
    "equity_ticker": "HUBS",
    "geography": "US",
    "content_name": "HUBS Q4 2014 Transcript",
    "file_type": "pdf",
    "content_type": "earnings_transcript",
    "published_date": "2015-02-11",
    "fiscal_date": "2015-02-11",
    "fiscal_year": 2014,
    "fiscal_quarter": 4,
    "r2_url": "https://pub-2c783279b61043e19fbdadd1bee5153a.r2.dev/HUBS/2015-02-11/HubSpot%2C%20Inc._2015-02-11_transcript/HubSpot%2C%20Inc._2015-02-11_transcript.pdf/HubSpot%2C%20Inc._2015-02-11_transcript.pdf",
    "periodicity": "periodic"
  },
  {
    "equity_ticker": "HUBS",
    "geography": "US",
    "content_name": "HUBS Q3 2014 Transcript",
    "file_type": "pdf",
    "content_type": "earnings_transcript",
    "published_date": "2014-11-12",
    "fiscal_date": "2014-11-12",
    "fiscal_year": 2014,
    "fiscal_quarter": 3,
    "r2_url": "https://pub-2c783279b61043e19fbdadd1bee5153a.r2.dev/HUBS/2014-11-12/HubSpot%2C%20Inc._2014-11-12_transcript/HubSpot%2C%20Inc._2014-11-12_transcript.pdf/HubSpot%2C%20Inc._2014-11-12_transcript.pdf",
    "periodicity": "periodic"
  }
]