[
    {
        "equity_ticker": "KD",
        "geography": "US",
        "content_name": "Morgan Stanley Technology, Media & Telecom Conference - March 4, 2025",
        "file_type": "pdf",
        "content_type": "sellside_conference_transcript",
        "published_date": "2025-03-04",
        "fiscal_date": "2025-03-04",
        "fiscal_year": null,
        "fiscal_quarter": null,
        "r2_url": "https://pub-2c783279b61043e19fbdadd1bee5153a.r2.dev/KD/2025-03-04/Kyndryl%20Holdings%2C%20Inc._2025-03-04_transcript/Kyndryl%20Holdings%2C%20Inc._2025-03-04_transcript.pdf/Kyndryl%20Holdings%2C%20Inc._2025-03-04_transcript.pdf",
        "periodicity": "non_periodic"
    },
    {
        "equity_ticker": "KD",
        "geography": "US",
        "content_name": "KD Q3 2025 Transcript",
        "file_type": "pdf",
        "content_type": "earnings_transcript",
        "published_date": "2025-02-04",
        "fiscal_date": "2025-02-04",
        "fiscal_year": 2025,
        "fiscal_quarter": 3,
        "r2_url": "https://pub-2c783279b61043e19fbdadd1bee5153a.r2.dev/KD/2025-02-04/Kyndryl%20Holdings%2C%20Inc._2025-02-04_transcript/Kyndryl%20Holdings%2C%20Inc._2025-02-04_transcript.pdf/Kyndryl%20Holdings%2C%20Inc._2025-02-04_transcript.pdf",
        "periodicity": "periodic"
    },
    {
        "equity_ticker": "KD",
        "geography": "US",
        "content_name": "KD Q3 2025 Press Release",
        "file_type": "pdf",
        "content_type": "earnings_press_release",
        "published_date": "2025-02-04",
        "fiscal_date": "2025-02-04",
        "fiscal_year": 2025,
        "fiscal_quarter": 3,
        "r2_url": "https://pub-2c783279b61043e19fbdadd1bee5153a.r2.dev/KD/2025-02-04/307c2-2025-02-03-09-53-35/307c2-2025-02-03-09-53-35.pdf/307c2-2025-02-03-09-53-35.pdf",
        "periodicity": "periodic"
    },
    {
        "equity_ticker": "KD",
        "geography": "US",
        "content_name": "KD Q3 2025 Presentation",
        "file_type": "pdf",
        "content_type": "earnings_presentation",
        "published_date": "2025-02-04",
        "fiscal_date": "2025-02-04",
        "fiscal_year": 2025,
        "fiscal_quarter": 3,
        "r2_url": "https://pub-2c783279b61043e19fbdadd1bee5153a.r2.dev/KD/2025-02-04/64a4a-2025-02-04-01-10-05/64a4a-2025-02-04-01-10-05.pdf/64a4a-2025-02-04-01-10-05.pdf",
        "periodicity": "periodic"
    },
    {
        "equity_ticker": "KD",
        "geography": "US",
        "content_name": "KD Q2 2025 Transcript",
        "file_type": "pdf",
        "content_type": "earnings_transcript",
        "published_date": "2024-11-07",
        "fiscal_date": "2024-11-07",
        "fiscal_year": 2025,
        "fiscal_quarter": 2,
        "r2_url": "https://pub-2c783279b61043e19fbdadd1bee5153a.r2.dev/KD/2024-11-07/Kyndryl%20Holdings%2C%20Inc._2024-11-07_transcript/Kyndryl%20Holdings%2C%20Inc._2024-11-07_transcript.pdf/Kyndryl%20Holdings%2C%20Inc._2024-11-07_transcript.pdf",
        "periodicity": "periodic"
    },
    {
        "equity_ticker": "KD",
        "geography": "US",
        "content_name": "KD Q2 2025 Press Release",
        "file_type": "pdf",
        "content_type": "earnings_press_release",
        "published_date": "2024-11-07",
        "fiscal_date": "2024-11-07",
        "fiscal_year": 2025,
        "fiscal_quarter": 2,
        "r2_url": "https://pub-2c783279b61043e19fbdadd1bee5153a.r2.dev/KD/2024-11-07/b5da5-2024-11-06-09-10-24/b5da5-2024-11-06-09-10-24.pdf/b5da5-2024-11-06-09-10-24.pdf",
        "periodicity": "periodic"
    },
    {
        "equity_ticker": "KD",
        "geography": "US",
        "content_name": "KD Q2 2025 Presentation",
        "file_type": "pdf",
        "content_type": "earnings_presentation",
        "published_date": "2024-11-07",
        "fiscal_date": "2024-11-07",
        "fiscal_year": 2025,
        "fiscal_quarter": 2,
        "r2_url": "https://pub-2c783279b61043e19fbdadd1bee5153a.r2.dev/KD/2024-11-07/67c2d-2024-11-07-01-13-37/67c2d-2024-11-07-01-13-37.pdf/67c2d-2024-11-07-01-13-37.pdf",
        "periodicity": "periodic"
    },
    {
        "equity_ticker": "KD",
        "geography": "US",
        "content_name": "KD Q1 2025 Transcript",
        "file_type": "pdf",
        "content_type": "earnings_transcript",
        "published_date": "2024-08-01",
        "fiscal_date": "2024-08-01",
        "fiscal_year": 2025,
        "fiscal_quarter": 1,
        "r2_url": "https://pub-2c783279b61043e19fbdadd1bee5153a.r2.dev/KD/2024-08-01/Kyndryl%20Holdings%2C%20Inc._2024-08-01_transcript/Kyndryl%20Holdings%2C%20Inc._2024-08-01_transcript.pdf/Kyndryl%20Holdings%2C%20Inc._2024-08-01_transcript.pdf",
        "periodicity": "periodic"
    },
    {
        "equity_ticker": "KD",
        "geography": "US",
        "content_name": "KD Q1 2025 Press Release",
        "file_type": "pdf",
        "content_type": "earnings_press_release",
        "published_date": "2024-08-01",
        "fiscal_date": "2024-08-01",
        "fiscal_year": 2025,
        "fiscal_quarter": 1,
        "r2_url": "https://pub-2c783279b61043e19fbdadd1bee5153a.r2.dev/KD/2024-08-01/4e134-2024-07-31-08-13-22/4e134-2024-07-31-08-13-22.pdf/4e134-2024-07-31-08-13-22.pdf",
        "periodicity": "periodic"
    },
    {
        "equity_ticker": "KD",
        "geography": "US",
        "content_name": "KD Q1 2025 Presentation",
        "file_type": "pdf",
        "content_type": "earnings_presentation",
        "published_date": "2024-08-01",
        "fiscal_date": "2024-08-01",
        "fiscal_year": 2025,
        "fiscal_quarter": 1,
        "r2_url": "https://pub-2c783279b61043e19fbdadd1bee5153a.r2.dev/KD/2024-08-01/99106-2024-08-01-12-59-10/99106-2024-08-01-12-59-10.pdf/99106-2024-08-01-12-59-10.pdf",
        "periodicity": "periodic"
    },
    {
        "equity_ticker": "KD",
        "geography": "US",
        "content_name": "The 52nd J.P. Morgan Annual Global Technology, Media & Communications Conference - May 21, 2024",
        "file_type": "pdf",
        "content_type": "sellside_conference_transcript",
        "published_date": "2024-05-21",
        "fiscal_date": "2024-05-21",
        "fiscal_year": null,
        "fiscal_quarter": null,
        "r2_url": "https://pub-2c783279b61043e19fbdadd1bee5153a.r2.dev/KD/2024-05-21/Kyndryl%20Holdings%2C%20Inc._2024-05-21_transcript/Kyndryl%20Holdings%2C%20Inc._2024-05-21_transcript.pdf/Kyndryl%20Holdings%2C%20Inc._2024-05-21_transcript.pdf",
        "periodicity": "non_periodic"
    },
    {
        "equity_ticker": "KD",
        "geography": "US",
        "content_name": "KD Q4 2024 Transcript",
        "file_type": "pdf",
        "content_type": "earnings_transcript",
        "published_date": "2024-05-08",
        "fiscal_date": "2024-05-08",
        "fiscal_year": 2024,
        "fiscal_quarter": 4,
        "r2_url": "https://pub-2c783279b61043e19fbdadd1bee5153a.r2.dev/KD/2024-05-08/Kyndryl%20Holdings%2C%20Inc._2024-05-08_transcript/Kyndryl%20Holdings%2C%20Inc._2024-05-08_transcript.pdf/Kyndryl%20Holdings%2C%20Inc._2024-05-08_transcript.pdf",
        "periodicity": "periodic"
    },
    {
        "equity_ticker": "KD",
        "geography": "US",
        "content_name": "KD Q4 2024 Press Release",
        "file_type": "pdf",
        "content_type": "earnings_press_release",
        "published_date": "2024-05-08",
        "fiscal_date": "2024-05-08",
        "fiscal_year": 2024,
        "fiscal_quarter": 4,
        "r2_url": "https://pub-2c783279b61043e19fbdadd1bee5153a.r2.dev/KD/2024-05-08/d9692-2024-05-07-08-04-23/d9692-2024-05-07-08-04-23.pdf/d9692-2024-05-07-08-04-23.pdf",
        "periodicity": "periodic"
    },
    {
        "equity_ticker": "KD",
        "geography": "US",
        "content_name": "KD Q4 2024 Presentation",
        "file_type": "pdf",
        "content_type": "earnings_presentation",
        "published_date": "2024-05-08",
        "fiscal_date": "2024-05-08",
        "fiscal_year": 2024,
        "fiscal_quarter": 4,
        "r2_url": "https://pub-2c783279b61043e19fbdadd1bee5153a.r2.dev/KD/2024-05-08/ce4d6-2024-05-08-12-14-36/ce4d6-2024-05-08-12-14-36.pdf/ce4d6-2024-05-08-12-14-36.pdf",
        "periodicity": "periodic"
    },
    {
        "equity_ticker": "KD",
        "geography": "US",
        "content_name": "Morgan Stanley\u2019s Technology, Media & Telecom Conference 2024 - March 5, 2024",
        "file_type": "pdf",
        "content_type": "sellside_conference_transcript",
        "published_date": "2024-03-05",
        "fiscal_date": "2024-03-05",
        "fiscal_year": null,
        "fiscal_quarter": null,
        "r2_url": "https://pub-2c783279b61043e19fbdadd1bee5153a.r2.dev/KD/2024-03-05/Kyndryl%20Holdings%2C%20Inc._2024-03-05_transcript/Kyndryl%20Holdings%2C%20Inc._2024-03-05_transcript.pdf/Kyndryl%20Holdings%2C%20Inc._2024-03-05_transcript.pdf",
        "periodicity": "non_periodic"
    },
    {
        "equity_ticker": "KD",
        "geography": "US",
        "content_name": "KD Q3 2024 Transcript",
        "file_type": "pdf",
        "content_type": "earnings_transcript",
        "published_date": "2024-02-07",
        "fiscal_date": "2024-02-07",
        "fiscal_year": 2024,
        "fiscal_quarter": 3,
        "r2_url": "https://pub-2c783279b61043e19fbdadd1bee5153a.r2.dev/KD/2024-02-07/Kyndryl%20Holdings%2C%20Inc._2024-02-07_transcript/Kyndryl%20Holdings%2C%20Inc._2024-02-07_transcript.pdf/Kyndryl%20Holdings%2C%20Inc._2024-02-07_transcript.pdf",
        "periodicity": "periodic"
    },
    {
        "equity_ticker": "KD",
        "geography": "US",
        "content_name": "KD Q3 2024 Press Release",
        "file_type": "pdf",
        "content_type": "earnings_press_release",
        "published_date": "2024-02-07",
        "fiscal_date": "2024-02-07",
        "fiscal_year": 2024,
        "fiscal_quarter": 3,
        "r2_url": "https://pub-2c783279b61043e19fbdadd1bee5153a.r2.dev/KD/2024-02-07/1de69-2024-02-06-09-32-23/1de69-2024-02-06-09-32-23.pdf/1de69-2024-02-06-09-32-23.pdf",
        "periodicity": "periodic"
    },
    {
        "equity_ticker": "KD",
        "geography": "US",
        "content_name": "KD Q3 2024 Presentation",
        "file_type": "pdf",
        "content_type": "earnings_presentation",
        "published_date": "2024-02-07",
        "fiscal_date": "2024-02-07",
        "fiscal_year": 2024,
        "fiscal_quarter": 3,
        "r2_url": "https://pub-2c783279b61043e19fbdadd1bee5153a.r2.dev/KD/2024-02-07/77117-2024-02-07-02-03-38/77117-2024-02-07-02-03-38.pdf/77117-2024-02-07-02-03-38.pdf",
        "periodicity": "periodic"
    },
    {
        "equity_ticker": "KD",
        "geography": "US",
        "content_name": "KD Q2 2024 Transcript",
        "file_type": "pdf",
        "content_type": "earnings_transcript",
        "published_date": "2023-11-08",
        "fiscal_date": "2023-11-08",
        "fiscal_year": 2024,
        "fiscal_quarter": 2,
        "r2_url": "https://pub-2c783279b61043e19fbdadd1bee5153a.r2.dev/KD/2023-11-08/Kyndryl%20Holdings%2C%20Inc._2023-11-08_transcript/Kyndryl%20Holdings%2C%20Inc._2023-11-08_transcript.pdf/Kyndryl%20Holdings%2C%20Inc._2023-11-08_transcript.pdf",
        "periodicity": "periodic"
    },
    {
        "equity_ticker": "KD",
        "geography": "US",
        "content_name": "KD Q2 2024 Press Release",
        "file_type": "pdf",
        "content_type": "earnings_press_release",
        "published_date": "2023-11-08",
        "fiscal_date": "2023-11-08",
        "fiscal_year": 2024,
        "fiscal_quarter": 2,
        "r2_url": "https://pub-2c783279b61043e19fbdadd1bee5153a.r2.dev/KD/2023-11-08/9fd4e-2023-11-07-09-22-22/9fd4e-2023-11-07-09-22-22.pdf/9fd4e-2023-11-07-09-22-22.pdf",
        "periodicity": "periodic"
    },
    {
        "equity_ticker": "KD",
        "geography": "US",
        "content_name": "KD Q2 2024 Presentation",
        "file_type": "pdf",
        "content_type": "earnings_presentation",
        "published_date": "2023-11-08",
        "fiscal_date": "2023-11-08",
        "fiscal_year": 2024,
        "fiscal_quarter": 2,
        "r2_url": "https://pub-2c783279b61043e19fbdadd1bee5153a.r2.dev/KD/2023-11-08/1dad7-2023-11-08-01-20-50/1dad7-2023-11-08-01-20-50.pdf/1dad7-2023-11-08-01-20-50.pdf",
        "periodicity": "periodic"
    },
    {
        "equity_ticker": "KD",
        "geography": "US",
        "content_name": "Citi\u2019s 2023 Global Technology Conference - September 8, 2023",
        "file_type": "pdf",
        "content_type": "sellside_conference_transcript",
        "published_date": "2023-09-08",
        "fiscal_date": "2023-09-08",
        "fiscal_year": null,
        "fiscal_quarter": null,
        "r2_url": "https://pub-2c783279b61043e19fbdadd1bee5153a.r2.dev/KD/2023-09-08/Kyndryl%20Holdings%2C%20Inc._2023-09-08_transcript/Kyndryl%20Holdings%2C%20Inc._2023-09-08_transcript.pdf/Kyndryl%20Holdings%2C%20Inc._2023-09-08_transcript.pdf",
        "periodicity": "non_periodic"
    },
    {
        "equity_ticker": "KD",
        "geography": "US",
        "content_name": "KD Q1 2024 Transcript",
        "file_type": "pdf",
        "content_type": "earnings_transcript",
        "published_date": "2023-08-08",
        "fiscal_date": "2023-08-08",
        "fiscal_year": 2024,
        "fiscal_quarter": 1,
        "r2_url": "https://pub-2c783279b61043e19fbdadd1bee5153a.r2.dev/KD/2023-08-08/Kyndryl%20Holdings%2C%20Inc._2023-08-08_transcript/Kyndryl%20Holdings%2C%20Inc._2023-08-08_transcript.pdf/Kyndryl%20Holdings%2C%20Inc._2023-08-08_transcript.pdf",
        "periodicity": "periodic"
    },
    {
        "equity_ticker": "KD",
        "geography": "US",
        "content_name": "KD Q1 2024 Press Release",
        "file_type": "pdf",
        "content_type": "earnings_press_release",
        "published_date": "2023-08-08",
        "fiscal_date": "2023-08-08",
        "fiscal_year": 2024,
        "fiscal_quarter": 1,
        "r2_url": "https://pub-2c783279b61043e19fbdadd1bee5153a.r2.dev/KD/2023-08-08/77b26-2023-08-07-08-14-24/77b26-2023-08-07-08-14-24.pdf/77b26-2023-08-07-08-14-24.pdf",
        "periodicity": "periodic"
    },
    {
        "equity_ticker": "KD",
        "geography": "US",
        "content_name": "KD Q1 2024 Presentation",
        "file_type": "pdf",
        "content_type": "earnings_presentation",
        "published_date": "2023-08-08",
        "fiscal_date": "2023-08-08",
        "fiscal_year": 2024,
        "fiscal_quarter": 1,
        "r2_url": "https://pub-2c783279b61043e19fbdadd1bee5153a.r2.dev/KD/2023-08-08/df09f-2023-08-08-12-58-05/df09f-2023-08-08-12-58-05.pdf/df09f-2023-08-08-12-58-05.pdf",
        "periodicity": "periodic"
    },
    {
        "equity_ticker": "KD",
        "geography": "US",
        "content_name": "51st Annual J.P. Morgan\u2019s Global Technology, Media and Communications Conference 2023 - May 23, 2023",
        "file_type": "pdf",
        "content_type": "sellside_conference_transcript",
        "published_date": "2023-05-23",
        "fiscal_date": "2023-05-23",
        "fiscal_year": null,
        "fiscal_quarter": null,
        "r2_url": "https://pub-2c783279b61043e19fbdadd1bee5153a.r2.dev/KD/2023-05-23/Kyndryl%20Holdings%2C%20Inc._2023-05-23_transcript/Kyndryl%20Holdings%2C%20Inc._2023-05-23_transcript.pdf/Kyndryl%20Holdings%2C%20Inc._2023-05-23_transcript.pdf",
        "periodicity": "non_periodic"
    },
    {
        "equity_ticker": "KD",
        "geography": "US",
        "content_name": "KD Q4 2023 Transcript",
        "file_type": "pdf",
        "content_type": "earnings_transcript",
        "published_date": "2023-05-17",
        "fiscal_date": "2023-05-17",
        "fiscal_year": 2023,
        "fiscal_quarter": 4,
        "r2_url": "https://pub-2c783279b61043e19fbdadd1bee5153a.r2.dev/KD/2023-05-17/Kyndryl%20Holdings%2C%20Inc._2023-05-17_transcript/Kyndryl%20Holdings%2C%20Inc._2023-05-17_transcript.pdf/Kyndryl%20Holdings%2C%20Inc._2023-05-17_transcript.pdf",
        "periodicity": "periodic"
    },
    {
        "equity_ticker": "KD",
        "geography": "US",
        "content_name": "KD Q4 2023 Press Release",
        "file_type": "pdf",
        "content_type": "earnings_press_release",
        "published_date": "2023-05-17",
        "fiscal_date": "2023-05-17",
        "fiscal_year": 2023,
        "fiscal_quarter": 4,
        "r2_url": "https://pub-2c783279b61043e19fbdadd1bee5153a.r2.dev/KD/2023-05-17/cc4ac-2023-05-16-09-44-27/cc4ac-2023-05-16-09-44-27.pdf/cc4ac-2023-05-16-09-44-27.pdf",
        "periodicity": "periodic"
    },
    {
        "equity_ticker": "KD",
        "geography": "US",
        "content_name": "KD Q4 2023 Presentation",
        "file_type": "pdf",
        "content_type": "earnings_presentation",
        "published_date": "2023-05-17",
        "fiscal_date": "2023-05-17",
        "fiscal_year": 2023,
        "fiscal_quarter": 4,
        "r2_url": "https://pub-2c783279b61043e19fbdadd1bee5153a.r2.dev/KD/2023-05-17/4bdfa-2023-05-17-12-37-02/4bdfa-2023-05-17-12-37-02.pdf/4bdfa-2023-05-17-12-37-02.pdf",
        "periodicity": "periodic"
    },
    {
        "equity_ticker": "KD",
        "geography": "US",
        "content_name": "KD Q3 2023 Transcript",
        "file_type": "pdf",
        "content_type": "earnings_transcript",
        "published_date": "2023-02-08",
        "fiscal_date": "2023-02-08",
        "fiscal_year": 2023,
        "fiscal_quarter": 3,
        "r2_url": "https://pub-2c783279b61043e19fbdadd1bee5153a.r2.dev/KD/2023-02-08/Kyndryl%20Holdings%2C%20Inc._2023-02-08_transcript/Kyndryl%20Holdings%2C%20Inc._2023-02-08_transcript.pdf/Kyndryl%20Holdings%2C%20Inc._2023-02-08_transcript.pdf",
        "periodicity": "periodic"
    },
    {
        "equity_ticker": "KD",
        "geography": "US",
        "content_name": "KD Q3 2023 Press Release",
        "file_type": "pdf",
        "content_type": "quarterly_report",
        "published_date": "2023-02-08",
        "fiscal_date": "2023-02-08",
        "fiscal_year": 2023,
        "fiscal_quarter": 3,
        "r2_url": "https://pub-2c783279b61043e19fbdadd1bee5153a.r2.dev/KD/2023-02-08/6e938-2024-08-30-12-16-43/6e938-2024-08-30-12-16-43.pdf/6e938-2024-08-30-12-16-43.pdf",
        "periodicity": "periodic"
    },
    {
        "equity_ticker": "KD",
        "geography": "US",
        "content_name": "KD Q3 2023 Presentation",
        "file_type": "pdf",
        "content_type": "earnings_presentation",
        "published_date": "2023-02-08",
        "fiscal_date": "2023-02-08",
        "fiscal_year": 2023,
        "fiscal_quarter": 3,
        "r2_url": "https://pub-2c783279b61043e19fbdadd1bee5153a.r2.dev/KD/2023-02-08/52157-2023-02-08-01-31-06/52157-2023-02-08-01-31-06.pdf/52157-2023-02-08-01-31-06.pdf",
        "periodicity": "periodic"
    },
    {
        "equity_ticker": "KD",
        "geography": "US",
        "content_name": "KD Q2 2023 Transcript",
        "file_type": "pdf",
        "content_type": "earnings_transcript",
        "published_date": "2022-11-03",
        "fiscal_date": "2022-11-03",
        "fiscal_year": 2023,
        "fiscal_quarter": 2,
        "r2_url": "https://pub-2c783279b61043e19fbdadd1bee5153a.r2.dev/KD/2022-11-03/Kyndryl%20Holdings%2C%20Inc._2022-11-03_transcript/Kyndryl%20Holdings%2C%20Inc._2022-11-03_transcript.pdf/Kyndryl%20Holdings%2C%20Inc._2022-11-03_transcript.pdf",
        "periodicity": "periodic"
    },
    {
        "equity_ticker": "KD",
        "geography": "US",
        "content_name": "KD Q2 2023 Press Release",
        "file_type": "pdf",
        "content_type": "quarterly_report",
        "published_date": "2022-11-03",
        "fiscal_date": "2022-11-03",
        "fiscal_year": 2023,
        "fiscal_quarter": 2,
        "r2_url": "https://pub-2c783279b61043e19fbdadd1bee5153a.r2.dev/KD/2022-11-03/a1031-2024-08-30-12-24-43/a1031-2024-08-30-12-24-43.pdf/a1031-2024-08-30-12-24-43.pdf",
        "periodicity": "periodic"
    },
    {
        "equity_ticker": "KD",
        "geography": "US",
        "content_name": "KD Q2 2023 Presentation",
        "file_type": "pdf",
        "content_type": "earnings_presentation",
        "published_date": "2022-11-03",
        "fiscal_date": "2022-11-03",
        "fiscal_year": 2023,
        "fiscal_quarter": 2,
        "r2_url": "https://pub-2c783279b61043e19fbdadd1bee5153a.r2.dev/KD/2022-11-03/57c42-2022-11-05-10-19-06/57c42-2022-11-05-10-19-06.pdf/57c42-2022-11-05-10-19-06.pdf",
        "periodicity": "periodic"
    },
    {
        "equity_ticker": "KD",
        "geography": "US",
        "content_name": "KD Q1 2023 Transcript",
        "file_type": "pdf",
        "content_type": "earnings_transcript",
        "published_date": "2022-08-04",
        "fiscal_date": "2022-08-04",
        "fiscal_year": 2023,
        "fiscal_quarter": 1,
        "r2_url": "https://pub-2c783279b61043e19fbdadd1bee5153a.r2.dev/KD/2022-08-04/Kyndryl%20Holdings%2C%20Inc._2022-08-04_transcript/Kyndryl%20Holdings%2C%20Inc._2022-08-04_transcript.pdf/Kyndryl%20Holdings%2C%20Inc._2022-08-04_transcript.pdf",
        "periodicity": "periodic"
    },
    {
        "equity_ticker": "KD",
        "geography": "US",
        "content_name": "KD Q1 2023 Press Release",
        "file_type": "pdf",
        "content_type": "quarterly_report",
        "published_date": "2022-08-04",
        "fiscal_date": "2022-08-04",
        "fiscal_year": 2023,
        "fiscal_quarter": 1,
        "r2_url": "https://pub-2c783279b61043e19fbdadd1bee5153a.r2.dev/KD/2022-08-04/08b79-2024-08-30-12-16-43/08b79-2024-08-30-12-16-43.pdf/08b79-2024-08-30-12-16-43.pdf",
        "periodicity": "periodic"
    },
    {
        "equity_ticker": "KD",
        "geography": "US",
        "content_name": "KD Q1 2023 Presentation",
        "file_type": "pdf",
        "content_type": "earnings_presentation",
        "published_date": "2022-08-04",
        "fiscal_date": "2022-08-04",
        "fiscal_year": 2023,
        "fiscal_quarter": 1,
        "r2_url": "https://pub-2c783279b61043e19fbdadd1bee5153a.r2.dev/KD/2022-08-04/378ac-2022-08-04-12-05-50/378ac-2022-08-04-12-05-50.pdf/378ac-2022-08-04-12-05-50.pdf",
        "periodicity": "periodic"
    },
    {
        "equity_ticker": "KD",
        "geography": "US",
        "content_name": "KD Q1 2022 Transcript",
        "file_type": "pdf",
        "content_type": "earnings_transcript",
        "published_date": "2022-05-05",
        "fiscal_date": "2022-05-05",
        "fiscal_year": 2022,
        "fiscal_quarter": 1,
        "r2_url": "https://pub-2c783279b61043e19fbdadd1bee5153a.r2.dev/KD/2022-05-05/Kyndryl%20Holdings%2C%20Inc._2022-05-05_transcript/Kyndryl%20Holdings%2C%20Inc._2022-05-05_transcript.pdf/Kyndryl%20Holdings%2C%20Inc._2022-05-05_transcript.pdf",
        "periodicity": "periodic"
    },
    {
        "equity_ticker": "KD",
        "geography": "US",
        "content_name": "KD Q4 2021 Transcript",
        "file_type": "pdf",
        "content_type": "earnings_transcript",
        "published_date": "2022-03-01",
        "fiscal_date": "2022-03-01",
        "fiscal_year": 2021,
        "fiscal_quarter": 4,
        "r2_url": "https://pub-2c783279b61043e19fbdadd1bee5153a.r2.dev/KD/2022-03-01/Kyndryl%20Holdings%2C%20Inc._2022-03-01_transcript/Kyndryl%20Holdings%2C%20Inc._2022-03-01_transcript.pdf/Kyndryl%20Holdings%2C%20Inc._2022-03-01_transcript.pdf",
        "periodicity": "periodic"
    },
    {
        "equity_ticker": "KD",
        "geography": "US",
        "content_name": "KD Q4 2021 Press Release",
        "file_type": "pdf",
        "content_type": "earnings_press_release",
        "published_date": "2022-03-01",
        "fiscal_date": "2022-03-01",
        "fiscal_year": 2021,
        "fiscal_quarter": 4,
        "r2_url": "https://pub-2c783279b61043e19fbdadd1bee5153a.r2.dev/KD/2022-03-01/f1ef4-2025-03-14-09-05-35/f1ef4-2025-03-14-09-05-35.pdf/f1ef4-2025-03-14-09-05-35.pdf",
        "periodicity": "periodic"
    },
    {
        "equity_ticker": "KD",
        "geography": "US",
        "content_name": "KD Q4 2021 Presentation",
        "file_type": "pdf",
        "content_type": "earnings_presentation",
        "published_date": "2022-03-01",
        "fiscal_date": "2022-03-01",
        "fiscal_year": 2021,
        "fiscal_quarter": 4,
        "r2_url": "https://pub-2c783279b61043e19fbdadd1bee5153a.r2.dev/KD/2022-03-01/c372c-2022-03-01-12-00-00-migrated/c372c-2022-03-01-12-00-00-migrated.pdf/c372c-2022-03-01-12-00-00-migrated.pdf",
        "periodicity": "periodic"
    },
    {
        "equity_ticker": "KD",
        "geography": "US",
        "content_name": "KD Q3 2025 10-Q",
        "file_type": "pdf",
        "content_type": "quarterly_report",
        "published_date": "2025-02-06",
        "fiscal_date": "2024-12-31",
        "fiscal_year": 2025,
        "fiscal_quarter": 3,
        "r2_url": "https://pub-2c783279b61043e19fbdadd1bee5153a.r2.dev/KD/2025-02-06/kd-20241231x10q.htm/kd-20241231x10q.pdf",
        "periodicity": "periodic"
    },
    {
        "equity_ticker": "KD",
        "geography": "US",
        "content_name": "KD Q2 2025 10-Q",
        "file_type": "pdf",
        "content_type": "quarterly_report",
        "published_date": "2024-11-07",
        "fiscal_date": "2024-09-30",
        "fiscal_year": 2025,
        "fiscal_quarter": 2,
        "r2_url": "https://pub-2c783279b61043e19fbdadd1bee5153a.r2.dev/KD/2024-11-07/kd-20240930x10q.htm/kd-20240930x10q.pdf",
        "periodicity": "periodic"
    },
    {
        "equity_ticker": "KD",
        "geography": "US",
        "content_name": "KD Q1 2025 10-Q",
        "file_type": "pdf",
        "content_type": "quarterly_report",
        "published_date": "2024-08-07",
        "fiscal_date": "2024-06-30",
        "fiscal_year": 2025,
        "fiscal_quarter": 1,
        "r2_url": "https://pub-2c783279b61043e19fbdadd1bee5153a.r2.dev/KD/2024-08-07/kd-20240630x10q.htm/kd-20240630x10q.pdf",
        "periodicity": "periodic"
    },
    {
        "equity_ticker": "KD",
        "geography": "US",
        "content_name": "KD Q4 2024 10-K",
        "file_type": "pdf",
        "content_type": "annual_report",
        "published_date": "2024-05-30",
        "fiscal_date": "2024-03-31",
        "fiscal_year": 2024,
        "fiscal_quarter": 4,
        "r2_url": "https://pub-2c783279b61043e19fbdadd1bee5153a.r2.dev/KD/2024-05-30/kd-20240331x10k.htm/kd-20240331x10k.pdf",
        "periodicity": "periodic"
    },
    {
        "equity_ticker": "KD",
        "geography": "US",
        "content_name": "KD Q3 2024 10-Q",
        "file_type": "pdf",
        "content_type": "quarterly_report",
        "published_date": "2024-02-07",
        "fiscal_date": "2023-12-31",
        "fiscal_year": 2024,
        "fiscal_quarter": 3,
        "r2_url": "https://pub-2c783279b61043e19fbdadd1bee5153a.r2.dev/KD/2024-02-07/kd-20231231x10q.htm/kd-20231231x10q.pdf",
        "periodicity": "periodic"
    },
    {
        "equity_ticker": "KD",
        "geography": "US",
        "content_name": "KD Q2 2024 10-Q",
        "file_type": "pdf",
        "content_type": "quarterly_report",
        "published_date": "2023-11-08",
        "fiscal_date": "2023-09-30",
        "fiscal_year": 2024,
        "fiscal_quarter": 2,
        "r2_url": "https://pub-2c783279b61043e19fbdadd1bee5153a.r2.dev/KD/2023-11-08/kd-20230930x10q.htm/kd-20230930x10q.pdf",
        "periodicity": "periodic"
    },
    {
        "equity_ticker": "KD",
        "geography": "US",
        "content_name": "KD Q1 2024 10-Q",
        "file_type": "pdf",
        "content_type": "quarterly_report",
        "published_date": "2023-08-08",
        "fiscal_date": "2023-06-30",
        "fiscal_year": 2024,
        "fiscal_quarter": 1,
        "r2_url": "https://pub-2c783279b61043e19fbdadd1bee5153a.r2.dev/KD/2023-08-08/kd-20230630x10q.htm/kd-20230630x10q.pdf",
        "periodicity": "periodic"
    },
    {
        "equity_ticker": "KD",
        "geography": "US",
        "content_name": "KD Q4 2023 10-K",
        "file_type": "pdf",
        "content_type": "annual_report",
        "published_date": "2023-05-26",
        "fiscal_date": "2023-03-31",
        "fiscal_year": 2023,
        "fiscal_quarter": 4,
        "r2_url": "https://pub-2c783279b61043e19fbdadd1bee5153a.r2.dev/KD/2023-05-26/kd-20230331x10k.htm/kd-20230331x10k.pdf",
        "periodicity": "periodic"
    },
    {
        "equity_ticker": "KD",
        "geography": "US",
        "content_name": "KD Q3 2023 10-Q",
        "file_type": "pdf",
        "content_type": "quarterly_report",
        "published_date": "2023-02-09",
        "fiscal_date": "2022-12-31",
        "fiscal_year": 2023,
        "fiscal_quarter": 3,
        "r2_url": "https://pub-2c783279b61043e19fbdadd1bee5153a.r2.dev/KD/2023-02-09/kd-20221231x10q.htm/kd-20221231x10q.pdf",
        "periodicity": "periodic"
    },
    {
        "equity_ticker": "KD",
        "geography": "US",
        "content_name": "KD Q2 2023 10-Q",
        "file_type": "pdf",
        "content_type": "quarterly_report",
        "published_date": "2022-11-04",
        "fiscal_date": "2022-09-30",
        "fiscal_year": 2023,
        "fiscal_quarter": 2,
        "r2_url": "https://pub-2c783279b61043e19fbdadd1bee5153a.r2.dev/KD/2022-11-04/kd-20220930x10q.htm/kd-20220930x10q.pdf",
        "periodicity": "periodic"
    },
    {
        "equity_ticker": "KD",
        "geography": "US",
        "content_name": "KD Q1 2023 10-Q",
        "file_type": "pdf",
        "content_type": "quarterly_report",
        "published_date": "2022-08-09",
        "fiscal_date": "2022-06-30",
        "fiscal_year": 2023,
        "fiscal_quarter": 1,
        "r2_url": "https://pub-2c783279b61043e19fbdadd1bee5153a.r2.dev/KD/2022-08-09/kd-20220630x10q.htm/kd-20220630x10q.pdf",
        "periodicity": "periodic"
    },
    {
        "equity_ticker": "KD",
        "geography": "US",
        "content_name": "KD Q4 2021 10-K",
        "file_type": "pdf",
        "content_type": "annual_report",
        "published_date": "2022-03-10",
        "fiscal_date": "2021-12-31",
        "fiscal_year": 2021,
        "fiscal_quarter": 4,
        "r2_url": "https://pub-2c783279b61043e19fbdadd1bee5153a.r2.dev/KD/2022-03-10/kd-20211231x10k.htm/kd-20211231x10k.pdf",
        "periodicity": "periodic"
    },
    {
        "equity_ticker": "KD",
        "geography": "US",
        "content_name": "KD Q3 2021 10-Q",
        "file_type": "pdf",
        "content_type": "quarterly_report",
        "published_date": "2021-11-22",
        "fiscal_date": "2021-09-30",
        "fiscal_year": 2021,
        "fiscal_quarter": 3,
        "r2_url": "https://pub-2c783279b61043e19fbdadd1bee5153a.r2.dev/KD/2021-11-22/kd-20210930x10q.htm/kd-20210930x10q.pdf",
        "periodicity": "periodic"
    }
]