[
    {
        "equity_ticker": "MDB",
        "geography": "US",
        "content_name": "Morgan Stanley Technology, Media & Telecom Conference - March 6, 2025",
        "file_type": "pdf",
        "content_type": "sellside_conference_transcript",
        "published_date": "2025-03-06",
        "fiscal_date": "2025-03-06",
        "fiscal_year": null,
        "fiscal_quarter": null,
        "r2_url": "https://pub-2c783279b61043e19fbdadd1bee5153a.r2.dev/MDB/2025-03-06/MongoDB%2C%20Inc._2025-03-06_transcript/MongoDB%2C%20Inc._2025-03-06_transcript.pdf%5CMongoDB%2C%20Inc._2025-03-06_transcript.pdf",
        "periodicity": "non_periodic"
    },
    {
        "equity_ticker": "MDB",
        "geography": "US",
        "content_name": "MDB Q4 2025 Transcript",
        "file_type": "pdf",
        "content_type": "earnings_transcript",
        "published_date": "2025-03-05",
        "fiscal_date": "2025-03-05",
        "fiscal_year": 2025,
        "fiscal_quarter": 4,
        "r2_url": "https://pub-2c783279b61043e19fbdadd1bee5153a.r2.dev/MDB/2025-03-05/MongoDB%2C%20Inc._2025-03-05_transcript/MongoDB%2C%20Inc._2025-03-05_transcript.pdf%5CMongoDB%2C%20Inc._2025-03-05_transcript.pdf",
        "periodicity": "periodic"
    },
    {
        "equity_ticker": "MDB",
        "geography": "US",
        "content_name": "MDB Q4 2025 Press Release",
        "file_type": "pdf",
        "content_type": "earnings_press_release",
        "published_date": "2025-03-05",
        "fiscal_date": "2025-03-05",
        "fiscal_year": 2025,
        "fiscal_quarter": 4,
        "r2_url": "https://pub-2c783279b61043e19fbdadd1bee5153a.r2.dev/MDB/2025-03-05/bfdb1-2025-03-05-09-13-10/bfdb1-2025-03-05-09-13-10.pdf%5Cbfdb1-2025-03-05-09-13-10.pdf",
        "periodicity": "periodic"
    },
    {
        "equity_ticker": "MDB",
        "geography": "US",
        "content_name": "27th Annual ICR Conference 2025 - January 16, 2025",
        "file_type": "pdf",
        "content_type": "company_conference_transcript",
        "published_date": "2025-01-16",
        "fiscal_date": "2025-01-16",
        "fiscal_year": null,
        "fiscal_quarter": null,
        "r2_url": "https://pub-2c783279b61043e19fbdadd1bee5153a.r2.dev/MDB/2025-01-16/MongoDB%2C%20Inc._2025-01-16_transcript/MongoDB%2C%20Inc._2025-01-16_transcript.pdf%5CMongoDB%2C%20Inc._2025-01-16_transcript.pdf",
        "periodicity": "non_periodic"
    },
    {
        "equity_ticker": "MDB",
        "geography": "US",
        "content_name": "Barclays 22nd Annual Global Technology Conference 2024 - December 11, 2024",
        "file_type": "pdf",
        "content_type": "sellside_conference_transcript",
        "published_date": "2024-12-11",
        "fiscal_date": "2024-12-11",
        "fiscal_year": null,
        "fiscal_quarter": null,
        "r2_url": "https://pub-2c783279b61043e19fbdadd1bee5153a.r2.dev/MDB/2024-12-11/MongoDB%2C%20Inc._2024-12-11_transcript/MongoDB%2C%20Inc._2024-12-11_transcript.pdf%5CMongoDB%2C%20Inc._2024-12-11_transcript.pdf",
        "periodicity": "non_periodic"
    },
    {
        "equity_ticker": "MDB",
        "geography": "US",
        "content_name": "MDB Q3 2025 Transcript",
        "file_type": "pdf",
        "content_type": "earnings_transcript",
        "published_date": "2024-12-09",
        "fiscal_date": "2024-12-09",
        "fiscal_year": 2025,
        "fiscal_quarter": 3,
        "r2_url": "https://pub-2c783279b61043e19fbdadd1bee5153a.r2.dev/MDB/2024-12-09/MongoDB%2C%20Inc._2024-12-09_transcript/MongoDB%2C%20Inc._2024-12-09_transcript.pdf%5CMongoDB%2C%20Inc._2024-12-09_transcript.pdf",
        "periodicity": "periodic"
    },
    {
        "equity_ticker": "MDB",
        "geography": "US",
        "content_name": "MDB Q3 2025 Press Release",
        "file_type": "pdf",
        "content_type": "earnings_press_release",
        "published_date": "2024-12-09",
        "fiscal_date": "2024-12-09",
        "fiscal_year": 2025,
        "fiscal_quarter": 3,
        "r2_url": "https://pub-2c783279b61043e19fbdadd1bee5153a.r2.dev/MDB/2024-12-09/7b91b-2024-12-09-09-26-12/7b91b-2024-12-09-09-26-12.pdf%5C7b91b-2024-12-09-09-26-12.pdf",
        "periodicity": "periodic"
    },
    {
        "equity_ticker": "MDB",
        "geography": "US",
        "content_name": "Piper Sandler Growth Frontiers Conference - September 11, 2024",
        "file_type": "pdf",
        "content_type": "sellside_conference_transcript",
        "published_date": "2024-09-11",
        "fiscal_date": "2024-09-11",
        "fiscal_year": null,
        "fiscal_quarter": null,
        "r2_url": "https://pub-2c783279b61043e19fbdadd1bee5153a.r2.dev/MDB/2024-09-11/MongoDB%2C%20Inc._2024-09-11_transcript/MongoDB%2C%20Inc._2024-09-11_transcript.pdf%5CMongoDB%2C%20Inc._2024-09-11_transcript.pdf",
        "periodicity": "non_periodic"
    },
    {
        "equity_ticker": "MDB",
        "geography": "US",
        "content_name": "Goldman Sachs Communacopia + Technology Conference 2024 - September 9, 2024",
        "file_type": "pdf",
        "content_type": "sellside_conference_transcript",
        "published_date": "2024-09-09",
        "fiscal_date": "2024-09-09",
        "fiscal_year": null,
        "fiscal_quarter": null,
        "r2_url": "https://pub-2c783279b61043e19fbdadd1bee5153a.r2.dev/MDB/2024-09-09/MongoDB%2C%20Inc._2024-09-09_transcript/MongoDB%2C%20Inc._2024-09-09_transcript.pdf%5CMongoDB%2C%20Inc._2024-09-09_transcript.pdf",
        "periodicity": "non_periodic"
    },
    {
        "equity_ticker": "MDB",
        "geography": "US",
        "content_name": "Citi's 2024 Global TMT Conference - September 4, 2024",
        "file_type": "pdf",
        "content_type": "sellside_conference_transcript",
        "published_date": "2024-09-04",
        "fiscal_date": "2024-09-04",
        "fiscal_year": null,
        "fiscal_quarter": null,
        "r2_url": "https://pub-2c783279b61043e19fbdadd1bee5153a.r2.dev/MDB/2024-09-04/MongoDB%2C%20Inc._2024-09-04_transcript/MongoDB%2C%20Inc._2024-09-04_transcript.pdf%5CMongoDB%2C%20Inc._2024-09-04_transcript.pdf",
        "periodicity": "non_periodic"
    },
    {
        "equity_ticker": "MDB",
        "geography": "US",
        "content_name": "MDB Q2 2025 Transcript",
        "file_type": "pdf",
        "content_type": "earnings_transcript",
        "published_date": "2024-08-29",
        "fiscal_date": "2024-08-29",
        "fiscal_year": 2025,
        "fiscal_quarter": 2,
        "r2_url": "https://pub-2c783279b61043e19fbdadd1bee5153a.r2.dev/MDB/2024-08-29/MongoDB%2C%20Inc._2024-08-29_transcript/MongoDB%2C%20Inc._2024-08-29_transcript.pdf%5CMongoDB%2C%20Inc._2024-08-29_transcript.pdf",
        "periodicity": "periodic"
    },
    {
        "equity_ticker": "MDB",
        "geography": "US",
        "content_name": "MDB Q2 2025 Press Release",
        "file_type": "pdf",
        "content_type": "earnings_press_release",
        "published_date": "2024-08-29",
        "fiscal_date": "2024-08-29",
        "fiscal_year": 2025,
        "fiscal_quarter": 2,
        "r2_url": "https://pub-2c783279b61043e19fbdadd1bee5153a.r2.dev/MDB/2024-08-29/c46d3-2024-09-19-01-02-09/c46d3-2024-09-19-01-02-09.pdf%5Cc46d3-2024-09-19-01-02-09.pdf",
        "periodicity": "periodic"
    },
    {
        "equity_ticker": "MDB",
        "geography": "US",
        "content_name": "AGM 2024 - June 25, 2024",
        "file_type": "pdf",
        "content_type": "company_conference_transcript",
        "published_date": "2024-06-25",
        "fiscal_date": "2024-06-25",
        "fiscal_year": null,
        "fiscal_quarter": null,
        "r2_url": "https://pub-2c783279b61043e19fbdadd1bee5153a.r2.dev/MDB/2024-06-25/MongoDB%2C%20Inc._2024-06-25_transcript/MongoDB%2C%20Inc._2024-06-25_transcript.pdf%5CMongoDB%2C%20Inc._2024-06-25_transcript.pdf",
        "periodicity": "non_periodic"
    },
    {
        "equity_ticker": "MDB",
        "geography": "US",
        "content_name": "The 44th Annual William Blair Growth Stock Conference - June 5, 2024",
        "file_type": "pdf",
        "content_type": "sellside_conference_transcript",
        "published_date": "2024-06-05",
        "fiscal_date": "2024-06-05",
        "fiscal_year": null,
        "fiscal_quarter": null,
        "r2_url": "https://pub-2c783279b61043e19fbdadd1bee5153a.r2.dev/MDB/2024-06-05/MongoDB%2C%20Inc._2024-06-05_transcript/MongoDB%2C%20Inc._2024-06-05_transcript.pdf%5CMongoDB%2C%20Inc._2024-06-05_transcript.pdf",
        "periodicity": "non_periodic"
    },
    {
        "equity_ticker": "MDB",
        "geography": "US",
        "content_name": "Baird 2024 Global Consumer, Technology, & Services Conference - June 4, 2024",
        "file_type": "pdf",
        "content_type": "company_conference_transcript",
        "published_date": "2024-06-04",
        "fiscal_date": "2024-06-04",
        "fiscal_year": null,
        "fiscal_quarter": null,
        "r2_url": "https://pub-2c783279b61043e19fbdadd1bee5153a.r2.dev/MDB/2024-06-04/MongoDB%2C%20Inc._2024-06-04_transcript/MongoDB%2C%20Inc._2024-06-04_transcript.pdf%5CMongoDB%2C%20Inc._2024-06-04_transcript.pdf",
        "periodicity": "non_periodic"
    },
    {
        "equity_ticker": "MDB",
        "geography": "US",
        "content_name": "MDB Q1 2025 Transcript",
        "file_type": "pdf",
        "content_type": "earnings_transcript",
        "published_date": "2024-05-30",
        "fiscal_date": "2024-05-30",
        "fiscal_year": 2025,
        "fiscal_quarter": 1,
        "r2_url": "https://pub-2c783279b61043e19fbdadd1bee5153a.r2.dev/MDB/2024-05-30/MongoDB%2C%20Inc._2024-05-30_transcript/MongoDB%2C%20Inc._2024-05-30_transcript.pdf%5CMongoDB%2C%20Inc._2024-05-30_transcript.pdf",
        "periodicity": "periodic"
    },
    {
        "equity_ticker": "MDB",
        "geography": "US",
        "content_name": "MDB Q1 2025 Press Release",
        "file_type": "pdf",
        "content_type": "earnings_press_release",
        "published_date": "2024-05-30",
        "fiscal_date": "2024-05-30",
        "fiscal_year": 2025,
        "fiscal_quarter": 1,
        "r2_url": "https://pub-2c783279b61043e19fbdadd1bee5153a.r2.dev/MDB/2024-05-30/2cf89-2024-05-30-08-06-13/2cf89-2024-05-30-08-06-13.pdf%5C2cf89-2024-05-30-08-06-13.pdf",
        "periodicity": "periodic"
    },
    {
        "equity_ticker": "MDB",
        "geography": "US",
        "content_name": "MongoDB.local NYC - May 2, 2024",
        "file_type": "pdf",
        "content_type": "company_conference_transcript",
        "published_date": "2024-05-02",
        "fiscal_date": "2024-05-02",
        "fiscal_year": null,
        "fiscal_quarter": null,
        "r2_url": "https://pub-2c783279b61043e19fbdadd1bee5153a.r2.dev/MDB/2024-05-02/MongoDB%2C%20Inc._2024-05-02_transcript/MongoDB%2C%20Inc._2024-05-02_transcript.pdf%5CMongoDB%2C%20Inc._2024-05-02_transcript.pdf",
        "periodicity": "non_periodic"
    },
    {
        "equity_ticker": "MDB",
        "geography": "US",
        "content_name": "MDB Q4 2024 Transcript",
        "file_type": "pdf",
        "content_type": "earnings_transcript",
        "published_date": "2024-03-07",
        "fiscal_date": "2024-03-07",
        "fiscal_year": 2024,
        "fiscal_quarter": 4,
        "r2_url": "https://pub-2c783279b61043e19fbdadd1bee5153a.r2.dev/MDB/2024-03-07/MongoDB%2C%20Inc._2024-03-07_transcript/MongoDB%2C%20Inc._2024-03-07_transcript.pdf%5CMongoDB%2C%20Inc._2024-03-07_transcript.pdf",
        "periodicity": "periodic"
    },
    {
        "equity_ticker": "MDB",
        "geography": "US",
        "content_name": "MDB Q4 2024 Press Release",
        "file_type": "pdf",
        "content_type": "earnings_press_release",
        "published_date": "2024-03-07",
        "fiscal_date": "2024-03-07",
        "fiscal_year": 2024,
        "fiscal_quarter": 4,
        "r2_url": "https://pub-2c783279b61043e19fbdadd1bee5153a.r2.dev/MDB/2024-03-07/2f8ca-2024-03-07-09-12-19/2f8ca-2024-03-07-09-12-19.pdf%5C2f8ca-2024-03-07-09-12-19.pdf",
        "periodicity": "periodic"
    },
    {
        "equity_ticker": "MDB",
        "geography": "US",
        "content_name": "26th Annual Needham Growth Virtual Conference - January 16, 2024",
        "file_type": "pdf",
        "content_type": "company_conference_transcript",
        "published_date": "2024-01-16",
        "fiscal_date": "2024-01-16",
        "fiscal_year": null,
        "fiscal_quarter": null,
        "r2_url": "https://pub-2c783279b61043e19fbdadd1bee5153a.r2.dev/MDB/2024-01-16/MongoDB%2C%20Inc._2024-01-16_transcript/MongoDB%2C%20Inc._2024-01-16_transcript.pdf%5CMongoDB%2C%20Inc._2024-01-16_transcript.pdf",
        "periodicity": "non_periodic"
    },
    {
        "equity_ticker": "MDB",
        "geography": "US",
        "content_name": "2023 Barclays Global Technology Conference - December 7, 2023",
        "file_type": "pdf",
        "content_type": "sellside_conference_transcript",
        "published_date": "2023-12-07",
        "fiscal_date": "2023-12-07",
        "fiscal_year": null,
        "fiscal_quarter": null,
        "r2_url": "https://pub-2c783279b61043e19fbdadd1bee5153a.r2.dev/MDB/2023-12-07/MongoDB%2C%20Inc._2023-12-07_transcript/MongoDB%2C%20Inc._2023-12-07_transcript.pdf%5CMongoDB%2C%20Inc._2023-12-07_transcript.pdf",
        "periodicity": "non_periodic"
    },
    {
        "equity_ticker": "MDB",
        "geography": "US",
        "content_name": "MDB Q3 2024 Transcript",
        "file_type": "pdf",
        "content_type": "earnings_transcript",
        "published_date": "2023-12-05",
        "fiscal_date": "2023-12-05",
        "fiscal_year": 2024,
        "fiscal_quarter": 3,
        "r2_url": "https://pub-2c783279b61043e19fbdadd1bee5153a.r2.dev/MDB/2023-12-05/MongoDB%2C%20Inc._2023-12-05_transcript/MongoDB%2C%20Inc._2023-12-05_transcript.pdf%5CMongoDB%2C%20Inc._2023-12-05_transcript.pdf",
        "periodicity": "periodic"
    },
    {
        "equity_ticker": "MDB",
        "geography": "US",
        "content_name": "MDB Q3 2024 Press Release",
        "file_type": "pdf",
        "content_type": "earnings_press_release",
        "published_date": "2023-12-05",
        "fiscal_date": "2023-12-05",
        "fiscal_year": 2024,
        "fiscal_quarter": 3,
        "r2_url": "https://pub-2c783279b61043e19fbdadd1bee5153a.r2.dev/MDB/2023-12-05/9ee85-2023-12-05-09-18-06/9ee85-2023-12-05-09-18-06.pdf%5C9ee85-2023-12-05-09-18-06.pdf",
        "periodicity": "periodic"
    },
    {
        "equity_ticker": "MDB",
        "geography": "US",
        "content_name": "Citi's 2023 Global Technology Conference - September 7, 2023",
        "file_type": "pdf",
        "content_type": "sellside_conference_transcript",
        "published_date": "2023-09-07",
        "fiscal_date": "2023-09-07",
        "fiscal_year": null,
        "fiscal_quarter": null,
        "r2_url": "https://pub-2c783279b61043e19fbdadd1bee5153a.r2.dev/MDB/2023-09-07/MongoDB%2C%20Inc._2023-09-07_transcript/MongoDB%2C%20Inc._2023-09-07_transcript.pdf%5CMongoDB%2C%20Inc._2023-09-07_transcript.pdf",
        "periodicity": "non_periodic"
    },
    {
        "equity_ticker": "MDB",
        "geography": "US",
        "content_name": "Goldman Sachs Communacopia & Technology Conference - September 6, 2023",
        "file_type": "pdf",
        "content_type": "sellside_conference_transcript",
        "published_date": "2023-09-06",
        "fiscal_date": "2023-09-06",
        "fiscal_year": null,
        "fiscal_quarter": null,
        "r2_url": "https://pub-2c783279b61043e19fbdadd1bee5153a.r2.dev/MDB/2023-09-06/MongoDB%2C%20Inc._2023-09-06_transcript/MongoDB%2C%20Inc._2023-09-06_transcript.pdf%5CMongoDB%2C%20Inc._2023-09-06_transcript.pdf",
        "periodicity": "non_periodic"
    },
    {
        "equity_ticker": "MDB",
        "geography": "US",
        "content_name": "MDB Q2 2024 Transcript",
        "file_type": "pdf",
        "content_type": "earnings_transcript",
        "published_date": "2023-08-31",
        "fiscal_date": "2023-08-31",
        "fiscal_year": 2024,
        "fiscal_quarter": 2,
        "r2_url": "https://pub-2c783279b61043e19fbdadd1bee5153a.r2.dev/MDB/2023-08-31/MongoDB%2C%20Inc._2023-08-31_transcript/MongoDB%2C%20Inc._2023-08-31_transcript.pdf%5CMongoDB%2C%20Inc._2023-08-31_transcript.pdf",
        "periodicity": "periodic"
    },
    {
        "equity_ticker": "MDB",
        "geography": "US",
        "content_name": "MDB Q2 2024 Press Release",
        "file_type": "pdf",
        "content_type": "earnings_press_release",
        "published_date": "2023-08-31",
        "fiscal_date": "2023-08-31",
        "fiscal_year": 2024,
        "fiscal_quarter": 2,
        "r2_url": "https://pub-2c783279b61043e19fbdadd1bee5153a.r2.dev/MDB/2023-08-31/b1107-2023-08-31-08-16-08/b1107-2023-08-31-08-16-08.pdf%5Cb1107-2023-08-31-08-16-08.pdf",
        "periodicity": "periodic"
    },
    {
        "equity_ticker": "MDB",
        "geography": "US",
        "content_name": "Investor Update - June 22, 2023",
        "file_type": "pdf",
        "content_type": "company_conference_transcript",
        "published_date": "2023-06-22",
        "fiscal_date": "2023-06-22",
        "fiscal_year": null,
        "fiscal_quarter": null,
        "r2_url": "https://pub-2c783279b61043e19fbdadd1bee5153a.r2.dev/MDB/2023-06-22/MongoDB%2C%20Inc._2023-06-22_transcript/MongoDB%2C%20Inc._2023-06-22_transcript.pdf%5CMongoDB%2C%20Inc._2023-06-22_transcript.pdf",
        "periodicity": "non_periodic"
    },
    {
        "equity_ticker": "MDB",
        "geography": "US",
        "content_name": "Investor Update - June 22, 2023",
        "file_type": "pdf",
        "content_type": "company_conference_presentation",
        "published_date": "2023-06-22",
        "fiscal_date": "2023-06-22",
        "fiscal_year": null,
        "fiscal_quarter": null,
        "r2_url": "https://pub-2c783279b61043e19fbdadd1bee5153a.r2.dev/MDB/2023-06-22/fa3b6-2023-12-12-09-00-21/fa3b6-2023-12-12-09-00-21.pdf%5Cfa3b6-2023-12-12-09-00-21.pdf",
        "periodicity": "non_periodic"
    },
    {
        "equity_ticker": "MDB",
        "geography": "US",
        "content_name": "MDB Q1 2024 Transcript",
        "file_type": "pdf",
        "content_type": "earnings_transcript",
        "published_date": "2023-06-01",
        "fiscal_date": "2023-06-01",
        "fiscal_year": 2024,
        "fiscal_quarter": 1,
        "r2_url": "https://pub-2c783279b61043e19fbdadd1bee5153a.r2.dev/MDB/2023-06-01/MongoDB%2C%20Inc._2023-06-01_transcript/MongoDB%2C%20Inc._2023-06-01_transcript.pdf%5CMongoDB%2C%20Inc._2023-06-01_transcript.pdf",
        "periodicity": "periodic"
    },
    {
        "equity_ticker": "MDB",
        "geography": "US",
        "content_name": "MDB Q1 2024 Press Release",
        "file_type": "pdf",
        "content_type": "earnings_press_release",
        "published_date": "2023-06-01",
        "fiscal_date": "2023-06-01",
        "fiscal_year": 2024,
        "fiscal_quarter": 1,
        "r2_url": "https://pub-2c783279b61043e19fbdadd1bee5153a.r2.dev/MDB/2023-06-01/d4916-2023-06-01-08-39-19/d4916-2023-06-01-08-39-19.pdf%5Cd4916-2023-06-01-08-39-19.pdf",
        "periodicity": "periodic"
    },
    {
        "equity_ticker": "MDB",
        "geography": "US",
        "content_name": "Morgan Stanley Technology, Media & Telecom Conference - March 9, 2023",
        "file_type": "pdf",
        "content_type": "sellside_conference_transcript",
        "published_date": "2023-03-09",
        "fiscal_date": "2023-03-09",
        "fiscal_year": null,
        "fiscal_quarter": null,
        "r2_url": "https://pub-2c783279b61043e19fbdadd1bee5153a.r2.dev/MDB/2023-03-09/MongoDB%2C%20Inc._2023-03-09_transcript/MongoDB%2C%20Inc._2023-03-09_transcript.pdf%5CMongoDB%2C%20Inc._2023-03-09_transcript.pdf",
        "periodicity": "non_periodic"
    },
    {
        "equity_ticker": "MDB",
        "geography": "US",
        "content_name": "MDB Q4 2023 Transcript",
        "file_type": "pdf",
        "content_type": "earnings_transcript",
        "published_date": "2023-03-08",
        "fiscal_date": "2023-03-08",
        "fiscal_year": 2023,
        "fiscal_quarter": 4,
        "r2_url": "https://pub-2c783279b61043e19fbdadd1bee5153a.r2.dev/MDB/2023-03-08/MongoDB%2C%20Inc._2023-03-08_transcript/MongoDB%2C%20Inc._2023-03-08_transcript.pdf%5CMongoDB%2C%20Inc._2023-03-08_transcript.pdf",
        "periodicity": "periodic"
    },
    {
        "equity_ticker": "MDB",
        "geography": "US",
        "content_name": "MDB Q4 2023 Press Release",
        "file_type": "pdf",
        "content_type": "earnings_press_release",
        "published_date": "2023-03-08",
        "fiscal_date": "2023-03-08",
        "fiscal_year": 2023,
        "fiscal_quarter": 4,
        "r2_url": "https://pub-2c783279b61043e19fbdadd1bee5153a.r2.dev/MDB/2023-03-08/aa68d-2023-03-08-09-03-25/aa68d-2023-03-08-09-03-25.pdf%5Caa68d-2023-03-08-09-03-25.pdf",
        "periodicity": "periodic"
    },
    {
        "equity_ticker": "MDB",
        "geography": "US",
        "content_name": "Needham Growth Conference - January 10, 2023",
        "file_type": "pdf",
        "content_type": "company_conference_transcript",
        "published_date": "2023-01-10",
        "fiscal_date": "2023-01-10",
        "fiscal_year": null,
        "fiscal_quarter": null,
        "r2_url": "https://pub-2c783279b61043e19fbdadd1bee5153a.r2.dev/MDB/2023-01-10/MongoDB%2C%20Inc._2023-01-10_transcript/MongoDB%2C%20Inc._2023-01-10_transcript.pdf%5CMongoDB%2C%20Inc._2023-01-10_transcript.pdf",
        "periodicity": "non_periodic"
    },
    {
        "equity_ticker": "MDB",
        "geography": "US",
        "content_name": "MDB Q3 2023 Transcript",
        "file_type": "pdf",
        "content_type": "earnings_transcript",
        "published_date": "2022-12-06",
        "fiscal_date": "2022-12-06",
        "fiscal_year": 2023,
        "fiscal_quarter": 3,
        "r2_url": "https://pub-2c783279b61043e19fbdadd1bee5153a.r2.dev/MDB/2022-12-06/MongoDB%2C%20Inc._2022-12-06_transcript/MongoDB%2C%20Inc._2022-12-06_transcript.pdf%5CMongoDB%2C%20Inc._2022-12-06_transcript.pdf",
        "periodicity": "periodic"
    },
    {
        "equity_ticker": "MDB",
        "geography": "US",
        "content_name": "MDB Q3 2023 Press Release",
        "file_type": "pdf",
        "content_type": "earnings_press_release",
        "published_date": "2022-12-06",
        "fiscal_date": "2022-12-06",
        "fiscal_year": 2023,
        "fiscal_quarter": 3,
        "r2_url": "https://pub-2c783279b61043e19fbdadd1bee5153a.r2.dev/MDB/2022-12-06/48ea9-2023-02-24-03-01-59/48ea9-2023-02-24-03-01-59.pdf%5C48ea9-2023-02-24-03-01-59.pdf",
        "periodicity": "periodic"
    },
    {
        "equity_ticker": "MDB",
        "geography": "US",
        "content_name": "MDB Q2 2023 Transcript",
        "file_type": "pdf",
        "content_type": "earnings_transcript",
        "published_date": "2022-08-31",
        "fiscal_date": "2022-08-31",
        "fiscal_year": 2023,
        "fiscal_quarter": 2,
        "r2_url": "https://pub-2c783279b61043e19fbdadd1bee5153a.r2.dev/MDB/2022-08-31/MongoDB%2C%20Inc._2022-08-31_transcript/MongoDB%2C%20Inc._2022-08-31_transcript.pdf%5CMongoDB%2C%20Inc._2022-08-31_transcript.pdf",
        "periodicity": "periodic"
    },
    {
        "equity_ticker": "MDB",
        "geography": "US",
        "content_name": "MDB Q2 2023 Press Release",
        "file_type": "pdf",
        "content_type": "earnings_press_release",
        "published_date": "2022-08-31",
        "fiscal_date": "2022-08-31",
        "fiscal_year": 2023,
        "fiscal_quarter": 2,
        "r2_url": "https://pub-2c783279b61043e19fbdadd1bee5153a.r2.dev/MDB/2022-08-31/12f89-2023-02-24-04-06-00/12f89-2023-02-24-04-06-00.pdf%5C12f89-2023-02-24-04-06-00.pdf",
        "periodicity": "periodic"
    },
    {
        "equity_ticker": "MDB",
        "geography": "US",
        "content_name": "MDB Q1 2023 Transcript",
        "file_type": "pdf",
        "content_type": "earnings_transcript",
        "published_date": "2022-06-01",
        "fiscal_date": "2022-06-01",
        "fiscal_year": 2023,
        "fiscal_quarter": 1,
        "r2_url": "https://pub-2c783279b61043e19fbdadd1bee5153a.r2.dev/MDB/2022-06-01/MongoDB%2C%20Inc._2022-06-01_transcript/MongoDB%2C%20Inc._2022-06-01_transcript.pdf%5CMongoDB%2C%20Inc._2022-06-01_transcript.pdf",
        "periodicity": "periodic"
    },
    {
        "equity_ticker": "MDB",
        "geography": "US",
        "content_name": "MDB Q1 2023 Press Release",
        "file_type": "pdf",
        "content_type": "earnings_press_release",
        "published_date": "2022-06-01",
        "fiscal_date": "2022-06-01",
        "fiscal_year": 2023,
        "fiscal_quarter": 1,
        "r2_url": "https://pub-2c783279b61043e19fbdadd1bee5153a.r2.dev/MDB/2022-06-01/59406-2023-02-24-04-55-01/59406-2023-02-24-04-55-01.pdf%5C59406-2023-02-24-04-55-01.pdf",
        "periodicity": "periodic"
    },
    {
        "equity_ticker": "MDB",
        "geography": "US",
        "content_name": "MDB Q4 2022 Transcript",
        "file_type": "pdf",
        "content_type": "earnings_transcript",
        "published_date": "2022-03-08",
        "fiscal_date": "2022-03-08",
        "fiscal_year": 2022,
        "fiscal_quarter": 4,
        "r2_url": "https://pub-2c783279b61043e19fbdadd1bee5153a.r2.dev/MDB/2022-03-08/MongoDB%2C%20Inc._2022-03-08_transcript/MongoDB%2C%20Inc._2022-03-08_transcript.pdf%5CMongoDB%2C%20Inc._2022-03-08_transcript.pdf",
        "periodicity": "periodic"
    },
    {
        "equity_ticker": "MDB",
        "geography": "US",
        "content_name": "MDB Q4 2022 Press Release",
        "file_type": "pdf",
        "content_type": "earnings_press_release",
        "published_date": "2022-03-08",
        "fiscal_date": "2022-03-08",
        "fiscal_year": 2022,
        "fiscal_quarter": 4,
        "r2_url": "https://pub-2c783279b61043e19fbdadd1bee5153a.r2.dev/MDB/2022-03-08/bd215-2022-11-28-09-09-29/bd215-2022-11-28-09-09-29.pdf%5Cbd215-2022-11-28-09-09-29.pdf",
        "periodicity": "periodic"
    },
    {
        "equity_ticker": "MDB",
        "geography": "US",
        "content_name": "MDB Q3 2022 Transcript",
        "file_type": "pdf",
        "content_type": "earnings_transcript",
        "published_date": "2021-12-06",
        "fiscal_date": "2021-12-06",
        "fiscal_year": 2022,
        "fiscal_quarter": 3,
        "r2_url": "https://pub-2c783279b61043e19fbdadd1bee5153a.r2.dev/MDB/2021-12-06/MongoDB%2C%20Inc._2021-12-06_transcript/MongoDB%2C%20Inc._2021-12-06_transcript.pdf%5CMongoDB%2C%20Inc._2021-12-06_transcript.pdf",
        "periodicity": "periodic"
    },
    {
        "equity_ticker": "MDB",
        "geography": "US",
        "content_name": "MDB Q3 2022 Press Release",
        "file_type": "pdf",
        "content_type": "earnings_press_release",
        "published_date": "2021-12-06",
        "fiscal_date": "2021-12-06",
        "fiscal_year": 2022,
        "fiscal_quarter": 3,
        "r2_url": "https://pub-2c783279b61043e19fbdadd1bee5153a.r2.dev/MDB/2021-12-06/80ada-2023-02-24-04-27-10/80ada-2023-02-24-04-27-10.pdf%5C80ada-2023-02-24-04-27-10.pdf",
        "periodicity": "periodic"
    },
    {
        "equity_ticker": "MDB",
        "geography": "US",
        "content_name": "MDB Q2 2022 Transcript",
        "file_type": "pdf",
        "content_type": "earnings_transcript",
        "published_date": "2021-09-02",
        "fiscal_date": "2021-09-02",
        "fiscal_year": 2022,
        "fiscal_quarter": 2,
        "r2_url": "https://pub-2c783279b61043e19fbdadd1bee5153a.r2.dev/MDB/2021-09-02/MongoDB%2C%20Inc._2021-09-02_transcript/MongoDB%2C%20Inc._2021-09-02_transcript.pdf%5CMongoDB%2C%20Inc._2021-09-02_transcript.pdf",
        "periodicity": "periodic"
    },
    {
        "equity_ticker": "MDB",
        "geography": "US",
        "content_name": "MDB Q2 2022 Press Release",
        "file_type": "pdf",
        "content_type": "earnings_press_release",
        "published_date": "2021-09-02",
        "fiscal_date": "2021-09-02",
        "fiscal_year": 2022,
        "fiscal_quarter": 2,
        "r2_url": "https://pub-2c783279b61043e19fbdadd1bee5153a.r2.dev/MDB/2021-09-02/7696a-2023-02-24-02-46-18/7696a-2023-02-24-02-46-18.pdf%5C7696a-2023-02-24-02-46-18.pdf",
        "periodicity": "periodic"
    },
    {
        "equity_ticker": "MDB",
        "geography": "US",
        "content_name": "Analyst Day 2021 - July 13, 2021",
        "file_type": "pdf",
        "content_type": "company_conference_transcript",
        "published_date": "2021-07-13",
        "fiscal_date": "2021-07-13",
        "fiscal_year": null,
        "fiscal_quarter": null,
        "r2_url": "https://pub-2c783279b61043e19fbdadd1bee5153a.r2.dev/MDB/2021-07-13/MongoDB%2C%20Inc._2021-07-13_transcript/MongoDB%2C%20Inc._2021-07-13_transcript.pdf%5CMongoDB%2C%20Inc._2021-07-13_transcript.pdf",
        "periodicity": "non_periodic"
    },
    {
        "equity_ticker": "MDB",
        "geography": "US",
        "content_name": "MDB Q1 2022 Transcript",
        "file_type": "pdf",
        "content_type": "earnings_transcript",
        "published_date": "2021-06-02",
        "fiscal_date": "2021-06-02",
        "fiscal_year": 2022,
        "fiscal_quarter": 1,
        "r2_url": "https://pub-2c783279b61043e19fbdadd1bee5153a.r2.dev/MDB/2021-06-02/MongoDB%2C%20Inc._2021-06-02_transcript/MongoDB%2C%20Inc._2021-06-02_transcript.pdf%5CMongoDB%2C%20Inc._2021-06-02_transcript.pdf",
        "periodicity": "periodic"
    },
    {
        "equity_ticker": "MDB",
        "geography": "US",
        "content_name": "MDB Q1 2022 Press Release",
        "file_type": "pdf",
        "content_type": "earnings_press_release",
        "published_date": "2021-06-02",
        "fiscal_date": "2021-06-02",
        "fiscal_year": 2022,
        "fiscal_quarter": 1,
        "r2_url": "https://pub-2c783279b61043e19fbdadd1bee5153a.r2.dev/MDB/2021-06-02/11587-2023-01-25-09-49-42/11587-2023-01-25-09-49-42.pdf%5C11587-2023-01-25-09-49-42.pdf",
        "periodicity": "periodic"
    },
    {
        "equity_ticker": "MDB",
        "geography": "US",
        "content_name": "MDB Q4 2021 Transcript",
        "file_type": "pdf",
        "content_type": "earnings_transcript",
        "published_date": "2021-03-09",
        "fiscal_date": "2021-03-09",
        "fiscal_year": 2021,
        "fiscal_quarter": 4,
        "r2_url": "https://pub-2c783279b61043e19fbdadd1bee5153a.r2.dev/MDB/2021-03-09/MongoDB%2C%20Inc._2021-03-09_transcript/MongoDB%2C%20Inc._2021-03-09_transcript.pdf%5CMongoDB%2C%20Inc._2021-03-09_transcript.pdf",
        "periodicity": "periodic"
    },
    {
        "equity_ticker": "MDB",
        "geography": "US",
        "content_name": "MDB Q4 2021 Press Release",
        "file_type": "pdf",
        "content_type": "earnings_press_release",
        "published_date": "2021-03-09",
        "fiscal_date": "2021-03-09",
        "fiscal_year": 2021,
        "fiscal_quarter": 4,
        "r2_url": "https://pub-2c783279b61043e19fbdadd1bee5153a.r2.dev/MDB/2021-03-09/85d40-2025-03-18-04-45-11/85d40-2025-03-18-04-45-11.pdf%5C85d40-2025-03-18-04-45-11.pdf",
        "periodicity": "periodic"
    },
    {
        "equity_ticker": "MDB",
        "geography": "US",
        "content_name": "MDB Q3 2021 Transcript",
        "file_type": "pdf",
        "content_type": "earnings_transcript",
        "published_date": "2020-12-08",
        "fiscal_date": "2020-12-08",
        "fiscal_year": 2021,
        "fiscal_quarter": 3,
        "r2_url": "https://pub-2c783279b61043e19fbdadd1bee5153a.r2.dev/MDB/2020-12-08/MongoDB%2C%20Inc._2020-12-08_transcript/MongoDB%2C%20Inc._2020-12-08_transcript.pdf%5CMongoDB%2C%20Inc._2020-12-08_transcript.pdf",
        "periodicity": "periodic"
    },
    {
        "equity_ticker": "MDB",
        "geography": "US",
        "content_name": "MDB Q3 2021 Press Release",
        "file_type": "pdf",
        "content_type": "quarterly_report",
        "published_date": "2020-12-08",
        "fiscal_date": "2020-12-08",
        "fiscal_year": 2021,
        "fiscal_quarter": 3,
        "r2_url": "https://pub-2c783279b61043e19fbdadd1bee5153a.r2.dev/MDB/2020-12-08/b018f-2024-08-28-09-54-00/b018f-2024-08-28-09-54-00.pdf%5Cb018f-2024-08-28-09-54-00.pdf",
        "periodicity": "periodic"
    },
    {
        "equity_ticker": "MDB",
        "geography": "US",
        "content_name": "MDB Q2 2021 Transcript",
        "file_type": "pdf",
        "content_type": "earnings_transcript",
        "published_date": "2020-09-02",
        "fiscal_date": "2020-09-02",
        "fiscal_year": 2021,
        "fiscal_quarter": 2,
        "r2_url": "https://pub-2c783279b61043e19fbdadd1bee5153a.r2.dev/MDB/2020-09-02/MongoDB%2C%20Inc._2020-09-02_transcript/MongoDB%2C%20Inc._2020-09-02_transcript.pdf%5CMongoDB%2C%20Inc._2020-09-02_transcript.pdf",
        "periodicity": "periodic"
    },
    {
        "equity_ticker": "MDB",
        "geography": "US",
        "content_name": "MDB Q2 2021 Press Release",
        "file_type": "pdf",
        "content_type": "earnings_press_release",
        "published_date": "2020-09-02",
        "fiscal_date": "2020-09-02",
        "fiscal_year": 2021,
        "fiscal_quarter": 2,
        "r2_url": "https://pub-2c783279b61043e19fbdadd1bee5153a.r2.dev/MDB/2020-09-02/c9e94-2025-03-19-08-58-14/c9e94-2025-03-19-08-58-14.pdf%5Cc9e94-2025-03-19-08-58-14.pdf",
        "periodicity": "periodic"
    },
    {
        "equity_ticker": "MDB",
        "geography": "US",
        "content_name": "AGM 2020 - July 10, 2020",
        "file_type": "pdf",
        "content_type": "company_conference_transcript",
        "published_date": "2020-07-10",
        "fiscal_date": "2020-07-10",
        "fiscal_year": null,
        "fiscal_quarter": null,
        "r2_url": "https://pub-2c783279b61043e19fbdadd1bee5153a.r2.dev/MDB/2020-07-10/MongoDB%2C%20Inc._2020-07-10_transcript/MongoDB%2C%20Inc._2020-07-10_transcript.pdf%5CMongoDB%2C%20Inc._2020-07-10_transcript.pdf",
        "periodicity": "non_periodic"
    },
    {
        "equity_ticker": "MDB",
        "geography": "US",
        "content_name": "MDB Q1 2021 Transcript",
        "file_type": "pdf",
        "content_type": "earnings_transcript",
        "published_date": "2020-06-04",
        "fiscal_date": "2020-06-04",
        "fiscal_year": 2021,
        "fiscal_quarter": 1,
        "r2_url": "https://pub-2c783279b61043e19fbdadd1bee5153a.r2.dev/MDB/2020-06-04/MongoDB%2C%20Inc._2020-06-04_transcript/MongoDB%2C%20Inc._2020-06-04_transcript.pdf%5CMongoDB%2C%20Inc._2020-06-04_transcript.pdf",
        "periodicity": "periodic"
    },
    {
        "equity_ticker": "MDB",
        "geography": "US",
        "content_name": "MDB Q1 2021 Press Release",
        "file_type": "pdf",
        "content_type": "quarterly_report",
        "published_date": "2020-06-04",
        "fiscal_date": "2020-06-04",
        "fiscal_year": 2021,
        "fiscal_quarter": 1,
        "r2_url": "https://pub-2c783279b61043e19fbdadd1bee5153a.r2.dev/MDB/2020-06-04/0b70c-2024-08-28-09-51-00/0b70c-2024-08-28-09-51-00.pdf%5C0b70c-2024-08-28-09-51-00.pdf",
        "periodicity": "periodic"
    },
    {
        "equity_ticker": "MDB",
        "geography": "US",
        "content_name": "MDB Q4 2020 Transcript",
        "file_type": "pdf",
        "content_type": "earnings_transcript",
        "published_date": "2020-03-17",
        "fiscal_date": "2020-03-17",
        "fiscal_year": 2020,
        "fiscal_quarter": 4,
        "r2_url": "https://pub-2c783279b61043e19fbdadd1bee5153a.r2.dev/MDB/2020-03-17/MongoDB%2C%20Inc._2020-03-17_transcript/MongoDB%2C%20Inc._2020-03-17_transcript.pdf%5CMongoDB%2C%20Inc._2020-03-17_transcript.pdf",
        "periodicity": "periodic"
    },
    {
        "equity_ticker": "MDB",
        "geography": "US",
        "content_name": "MDB Q4 2020 Press Release",
        "file_type": "pdf",
        "content_type": "earnings_press_release",
        "published_date": "2020-03-17",
        "fiscal_date": "2020-03-17",
        "fiscal_year": 2020,
        "fiscal_quarter": 4,
        "r2_url": "https://pub-2c783279b61043e19fbdadd1bee5153a.r2.dev/MDB/2020-03-17/37655-2025-03-19-08-50-16/37655-2025-03-19-08-50-16.pdf%5C37655-2025-03-19-08-50-16.pdf",
        "periodicity": "periodic"
    },
    {
        "equity_ticker": "MDB",
        "geography": "US",
        "content_name": "MDB Q3 2020 Transcript",
        "file_type": "pdf",
        "content_type": "earnings_transcript",
        "published_date": "2019-12-09",
        "fiscal_date": "2019-12-09",
        "fiscal_year": 2020,
        "fiscal_quarter": 3,
        "r2_url": "https://pub-2c783279b61043e19fbdadd1bee5153a.r2.dev/MDB/2019-12-09/MongoDB%2C%20Inc._2019-12-09_transcript/MongoDB%2C%20Inc._2019-12-09_transcript.pdf%5CMongoDB%2C%20Inc._2019-12-09_transcript.pdf",
        "periodicity": "periodic"
    },
    {
        "equity_ticker": "MDB",
        "geography": "US",
        "content_name": "MDB Q3 2020 Press Release",
        "file_type": "pdf",
        "content_type": "quarterly_report",
        "published_date": "2019-12-09",
        "fiscal_date": "2019-12-09",
        "fiscal_year": 2020,
        "fiscal_quarter": 3,
        "r2_url": "https://pub-2c783279b61043e19fbdadd1bee5153a.r2.dev/MDB/2019-12-09/c7bff-2024-08-28-09-52-00/c7bff-2024-08-28-09-52-00.pdf%5Cc7bff-2024-08-28-09-52-00.pdf",
        "periodicity": "periodic"
    },
    {
        "equity_ticker": "MDB",
        "geography": "US",
        "content_name": "MDB Q2 2020 Transcript",
        "file_type": "pdf",
        "content_type": "earnings_transcript",
        "published_date": "2019-09-04",
        "fiscal_date": "2019-09-04",
        "fiscal_year": 2020,
        "fiscal_quarter": 2,
        "r2_url": "https://pub-2c783279b61043e19fbdadd1bee5153a.r2.dev/MDB/2019-09-04/MongoDB%2C%20Inc._2019-09-04_transcript/MongoDB%2C%20Inc._2019-09-04_transcript.pdf%5CMongoDB%2C%20Inc._2019-09-04_transcript.pdf",
        "periodicity": "periodic"
    },
    {
        "equity_ticker": "MDB",
        "geography": "US",
        "content_name": "MDB Q2 2020 Press Release",
        "file_type": "pdf",
        "content_type": "earnings_press_release",
        "published_date": "2019-09-04",
        "fiscal_date": "2019-09-04",
        "fiscal_year": 2020,
        "fiscal_quarter": 2,
        "r2_url": "https://pub-2c783279b61043e19fbdadd1bee5153a.r2.dev/MDB/2019-09-04/51a0d-2025-03-19-08-10-18/51a0d-2025-03-19-08-10-18.pdf%5C51a0d-2025-03-19-08-10-18.pdf",
        "periodicity": "periodic"
    },
    {
        "equity_ticker": "MDB",
        "geography": "US",
        "content_name": "AGM 2019 - July 10, 2019",
        "file_type": "pdf",
        "content_type": "company_conference_transcript",
        "published_date": "2019-07-10",
        "fiscal_date": "2019-07-10",
        "fiscal_year": null,
        "fiscal_quarter": null,
        "r2_url": "https://pub-2c783279b61043e19fbdadd1bee5153a.r2.dev/MDB/2019-07-10/MongoDB%2C%20Inc._2019-07-10_transcript/MongoDB%2C%20Inc._2019-07-10_transcript.pdf%5CMongoDB%2C%20Inc._2019-07-10_transcript.pdf",
        "periodicity": "non_periodic"
    },
    {
        "equity_ticker": "MDB",
        "geography": "US",
        "content_name": "Investor Day 2019 - June 18, 2019",
        "file_type": "pdf",
        "content_type": "company_conference_transcript",
        "published_date": "2019-06-18",
        "fiscal_date": "2019-06-18",
        "fiscal_year": null,
        "fiscal_quarter": null,
        "r2_url": "https://pub-2c783279b61043e19fbdadd1bee5153a.r2.dev/MDB/2019-06-18/MongoDB%2C%20Inc._2019-06-18_transcript/MongoDB%2C%20Inc._2019-06-18_transcript.pdf%5CMongoDB%2C%20Inc._2019-06-18_transcript.pdf",
        "periodicity": "non_periodic"
    },
    {
        "equity_ticker": "MDB",
        "geography": "US",
        "content_name": "MDB Q1 2020 Transcript",
        "file_type": "pdf",
        "content_type": "earnings_transcript",
        "published_date": "2019-06-05",
        "fiscal_date": "2019-06-05",
        "fiscal_year": 2020,
        "fiscal_quarter": 1,
        "r2_url": "https://pub-2c783279b61043e19fbdadd1bee5153a.r2.dev/MDB/2019-06-05/MongoDB%2C%20Inc._2019-06-05_transcript/MongoDB%2C%20Inc._2019-06-05_transcript.pdf%5CMongoDB%2C%20Inc._2019-06-05_transcript.pdf",
        "periodicity": "periodic"
    },
    {
        "equity_ticker": "MDB",
        "geography": "US",
        "content_name": "MDB Q1 2020 Press Release",
        "file_type": "pdf",
        "content_type": "quarterly_report",
        "published_date": "2019-06-05",
        "fiscal_date": "2019-06-05",
        "fiscal_year": 2020,
        "fiscal_quarter": 1,
        "r2_url": "https://pub-2c783279b61043e19fbdadd1bee5153a.r2.dev/MDB/2019-06-05/03416-2024-08-28-09-50-00/03416-2024-08-28-09-50-00.pdf%5C03416-2024-08-28-09-50-00.pdf",
        "periodicity": "periodic"
    },
    {
        "equity_ticker": "MDB",
        "geography": "US",
        "content_name": "MDB Q4 2019 Transcript",
        "file_type": "pdf",
        "content_type": "earnings_transcript",
        "published_date": "2019-03-13",
        "fiscal_date": "2019-03-13",
        "fiscal_year": 2019,
        "fiscal_quarter": 4,
        "r2_url": "https://pub-2c783279b61043e19fbdadd1bee5153a.r2.dev/MDB/2019-03-13/MongoDB%2C%20Inc._2019-03-13_transcript/MongoDB%2C%20Inc._2019-03-13_transcript.pdf%5CMongoDB%2C%20Inc._2019-03-13_transcript.pdf",
        "periodicity": "periodic"
    },
    {
        "equity_ticker": "MDB",
        "geography": "US",
        "content_name": "MDB Q4 2019 Press Release",
        "file_type": "pdf",
        "content_type": "earnings_press_release",
        "published_date": "2019-03-13",
        "fiscal_date": "2019-03-13",
        "fiscal_year": 2019,
        "fiscal_quarter": 4,
        "r2_url": "https://pub-2c783279b61043e19fbdadd1bee5153a.r2.dev/MDB/2019-03-13/fb295-2023-12-05-07-29-03/fb295-2023-12-05-07-29-03.pdf%5Cfb295-2023-12-05-07-29-03.pdf",
        "periodicity": "periodic"
    },
    {
        "equity_ticker": "MDB",
        "geography": "US",
        "content_name": "MDB Q3 2019 Transcript",
        "file_type": "pdf",
        "content_type": "earnings_transcript",
        "published_date": "2018-12-04",
        "fiscal_date": "2018-12-04",
        "fiscal_year": 2019,
        "fiscal_quarter": 3,
        "r2_url": "https://pub-2c783279b61043e19fbdadd1bee5153a.r2.dev/MDB/2018-12-04/MongoDB%2C%20Inc._2018-12-04_transcript/MongoDB%2C%20Inc._2018-12-04_transcript.pdf%5CMongoDB%2C%20Inc._2018-12-04_transcript.pdf",
        "periodicity": "periodic"
    },
    {
        "equity_ticker": "MDB",
        "geography": "US",
        "content_name": "MDB Q3 2019 Press Release",
        "file_type": "pdf",
        "content_type": "earnings_press_release",
        "published_date": "2018-12-04",
        "fiscal_date": "2018-12-04",
        "fiscal_year": 2019,
        "fiscal_quarter": 3,
        "r2_url": "https://pub-2c783279b61043e19fbdadd1bee5153a.r2.dev/MDB/2018-12-04/fc93f-2023-12-05-07-18-04/fc93f-2023-12-05-07-18-04.pdf%5Cfc93f-2023-12-05-07-18-04.pdf",
        "periodicity": "periodic"
    },
    {
        "equity_ticker": "MDB",
        "geography": "US",
        "content_name": "MDB Q2 2019 Transcript",
        "file_type": "pdf",
        "content_type": "earnings_transcript",
        "published_date": "2018-09-05",
        "fiscal_date": "2018-09-05",
        "fiscal_year": 2019,
        "fiscal_quarter": 2,
        "r2_url": "https://pub-2c783279b61043e19fbdadd1bee5153a.r2.dev/MDB/2018-09-05/MongoDB%2C%20Inc._2018-09-05_transcript/MongoDB%2C%20Inc._2018-09-05_transcript.pdf%5CMongoDB%2C%20Inc._2018-09-05_transcript.pdf",
        "periodicity": "periodic"
    },
    {
        "equity_ticker": "MDB",
        "geography": "US",
        "content_name": "MDB Q2 2019 Press Release",
        "file_type": "pdf",
        "content_type": "earnings_press_release",
        "published_date": "2018-09-05",
        "fiscal_date": "2018-09-05",
        "fiscal_year": 2019,
        "fiscal_quarter": 2,
        "r2_url": "https://pub-2c783279b61043e19fbdadd1bee5153a.r2.dev/MDB/2018-09-05/59810-2023-12-05-07-13-05/59810-2023-12-05-07-13-05.pdf%5C59810-2023-12-05-07-13-05.pdf",
        "periodicity": "periodic"
    },
    {
        "equity_ticker": "MDB",
        "geography": "US",
        "content_name": "AGM 2018 - July 12, 2018",
        "file_type": "pdf",
        "content_type": "company_conference_transcript",
        "published_date": "2018-07-12",
        "fiscal_date": "2018-07-12",
        "fiscal_year": null,
        "fiscal_quarter": null,
        "r2_url": "https://pub-2c783279b61043e19fbdadd1bee5153a.r2.dev/MDB/2018-07-12/MongoDB%2C%20Inc._2018-07-12_transcript/MongoDB%2C%20Inc._2018-07-12_transcript.pdf%5CMongoDB%2C%20Inc._2018-07-12_transcript.pdf",
        "periodicity": "non_periodic"
    },
    {
        "equity_ticker": "MDB",
        "geography": "US",
        "content_name": "MDB Q1 2019 Transcript",
        "file_type": "pdf",
        "content_type": "earnings_transcript",
        "published_date": "2018-06-06",
        "fiscal_date": "2018-06-06",
        "fiscal_year": 2019,
        "fiscal_quarter": 1,
        "r2_url": "https://pub-2c783279b61043e19fbdadd1bee5153a.r2.dev/MDB/2018-06-06/MongoDB%2C%20Inc._2018-06-06_transcript/MongoDB%2C%20Inc._2018-06-06_transcript.pdf%5CMongoDB%2C%20Inc._2018-06-06_transcript.pdf",
        "periodicity": "periodic"
    },
    {
        "equity_ticker": "MDB",
        "geography": "US",
        "content_name": "MDB Q1 2019 Press Release",
        "file_type": "pdf",
        "content_type": "earnings_press_release",
        "published_date": "2018-06-06",
        "fiscal_date": "2018-06-06",
        "fiscal_year": 2019,
        "fiscal_quarter": 1,
        "r2_url": "https://pub-2c783279b61043e19fbdadd1bee5153a.r2.dev/MDB/2018-06-06/fa8a1-2023-12-05-07-41-06/fa8a1-2023-12-05-07-41-06.pdf%5Cfa8a1-2023-12-05-07-41-06.pdf",
        "periodicity": "periodic"
    },
    {
        "equity_ticker": "MDB",
        "geography": "US",
        "content_name": "MDB Q4 2018 Transcript",
        "file_type": "pdf",
        "content_type": "earnings_transcript",
        "published_date": "2018-03-13",
        "fiscal_date": "2018-03-13",
        "fiscal_year": 2018,
        "fiscal_quarter": 4,
        "r2_url": "https://pub-2c783279b61043e19fbdadd1bee5153a.r2.dev/MDB/2018-03-13/MongoDB%2C%20Inc._2018-03-13_transcript/MongoDB%2C%20Inc._2018-03-13_transcript.pdf%5CMongoDB%2C%20Inc._2018-03-13_transcript.pdf",
        "periodicity": "periodic"
    },
    {
        "equity_ticker": "MDB",
        "geography": "US",
        "content_name": "MDB Q4 2018 Press Release",
        "file_type": "pdf",
        "content_type": "earnings_press_release",
        "published_date": "2018-03-13",
        "fiscal_date": "2018-03-13",
        "fiscal_year": 2018,
        "fiscal_quarter": 4,
        "r2_url": "https://pub-2c783279b61043e19fbdadd1bee5153a.r2.dev/MDB/2018-03-13/49311-2023-12-05-07-35-07/49311-2023-12-05-07-35-07.pdf%5C49311-2023-12-05-07-35-07.pdf",
        "periodicity": "periodic"
    },
    {
        "equity_ticker": "MDB",
        "geography": "US",
        "content_name": "MDB Q3 2018 Transcript",
        "file_type": "pdf",
        "content_type": "earnings_transcript",
        "published_date": "2017-12-12",
        "fiscal_date": "2017-12-12",
        "fiscal_year": 2018,
        "fiscal_quarter": 3,
        "r2_url": "https://pub-2c783279b61043e19fbdadd1bee5153a.r2.dev/MDB/2017-12-12/MongoDB%2C%20Inc._2017-12-12_transcript/MongoDB%2C%20Inc._2017-12-12_transcript.pdf%5CMongoDB%2C%20Inc._2017-12-12_transcript.pdf",
        "periodicity": "periodic"
    },
    {
        "equity_ticker": "MDB",
        "geography": "US",
        "content_name": "MDB Q3 2018 Press Release",
        "file_type": "pdf",
        "content_type": "earnings_press_release",
        "published_date": "2017-12-12",
        "fiscal_date": "2017-12-12",
        "fiscal_year": 2018,
        "fiscal_quarter": 3,
        "r2_url": "https://pub-2c783279b61043e19fbdadd1bee5153a.r2.dev/MDB/2017-12-12/6781d-2023-12-05-07-17-08/6781d-2023-12-05-07-17-08.pdf%5C6781d-2023-12-05-07-17-08.pdf",
        "periodicity": "periodic"
    },
    {
        "equity_ticker": "MDB",
        "geography": "US",
        "content_name": "MDB Q4 2025 10-K",
        "file_type": "pdf",
        "content_type": "annual_report",
        "published_date": "2025-03-20",
        "fiscal_date": "2025-01-31",
        "fiscal_year": 2025,
        "fiscal_quarter": 4,
        "r2_url": "https://pub-2c783279b61043e19fbdadd1bee5153a.r2.dev/MDB/2025-03-20/mdb-20250131.htm%5Cmdb-20250131.pdf",
        "periodicity": "periodic"
      },
      {
        "equity_ticker": "MDB",
        "geography": "US",
        "content_name": "MDB Q3 2025 10-Q",
        "file_type": "pdf",
        "content_type": "quarterly_report",
        "published_date": "2024-12-10",
        "fiscal_date": "2024-10-31",
        "fiscal_year": 2025,
        "fiscal_quarter": 3,
        "r2_url": "https://pub-2c783279b61043e19fbdadd1bee5153a.r2.dev/MDB/2024-12-10/mdb-20241031.htm%5Cmdb-20241031.pdf",
        "periodicity": "periodic"
      },
      {
        "equity_ticker": "MDB",
        "geography": "US",
        "content_name": "MDB Q2 2025 10-Q",
        "file_type": "pdf",
        "content_type": "quarterly_report",
        "published_date": "2024-08-30",
        "fiscal_date": "2024-07-31",
        "fiscal_year": 2025,
        "fiscal_quarter": 2,
        "r2_url": "https://pub-2c783279b61043e19fbdadd1bee5153a.r2.dev/MDB/2024-08-30/mdb-20240731.htm%5Cmdb-20240731.pdf",
        "periodicity": "periodic"
      },
      {
        "equity_ticker": "MDB",
        "geography": "US",
        "content_name": "MDB Q1 2025 10-Q",
        "file_type": "pdf",
        "content_type": "quarterly_report",
        "published_date": "2024-05-31",
        "fiscal_date": "2024-04-30",
        "fiscal_year": 2025,
        "fiscal_quarter": 1,
        "r2_url": "https://pub-2c783279b61043e19fbdadd1bee5153a.r2.dev/MDB/2024-05-31/mdb-20240430.htm%5Cmdb-20240430.pdf",
        "periodicity": "periodic"
      },
      {
        "equity_ticker": "MDB",
        "geography": "US",
        "content_name": "MDB Q4 2024 10-K",
        "file_type": "pdf",
        "content_type": "annual_report",
        "published_date": "2024-03-15",
        "fiscal_date": "2024-01-31",
        "fiscal_year": 2024,
        "fiscal_quarter": 4,
        "r2_url": "https://pub-2c783279b61043e19fbdadd1bee5153a.r2.dev/MDB/2024-03-15/mdb-20240131.htm%5Cmdb-20240131.pdf",
        "periodicity": "periodic"
      },
      {
        "equity_ticker": "MDB",
        "geography": "US",
        "content_name": "MDB Q3 2024 10-Q",
        "file_type": "pdf",
        "content_type": "quarterly_report",
        "published_date": "2023-12-07",
        "fiscal_date": "2023-10-31",
        "fiscal_year": 2024,
        "fiscal_quarter": 3,
        "r2_url": "https://pub-2c783279b61043e19fbdadd1bee5153a.r2.dev/MDB/2023-12-07/mdb-20231031.htm%5Cmdb-20231031.pdf",
        "periodicity": "periodic"
      },
      {
        "equity_ticker": "MDB",
        "geography": "US",
        "content_name": "MDB Q2 2024 10-Q",
        "file_type": "pdf",
        "content_type": "quarterly_report",
        "published_date": "2023-09-01",
        "fiscal_date": "2023-07-31",
        "fiscal_year": 2024,
        "fiscal_quarter": 2,
        "r2_url": "https://pub-2c783279b61043e19fbdadd1bee5153a.r2.dev/MDB/2023-09-01/mdb-20230731.htm%5Cmdb-20230731.pdf",
        "periodicity": "periodic"
      },
      {
        "equity_ticker": "MDB",
        "geography": "US",
        "content_name": "MDB Q1 2024 10-Q",
        "file_type": "pdf",
        "content_type": "quarterly_report",
        "published_date": "2023-06-02",
        "fiscal_date": "2023-04-30",
        "fiscal_year": 2024,
        "fiscal_quarter": 1,
        "r2_url": "https://pub-2c783279b61043e19fbdadd1bee5153a.r2.dev/MDB/2023-06-02/mdb-20230430.htm%5Cmdb-20230430.pdf",
        "periodicity": "periodic"
      },
      {
        "equity_ticker": "MDB",
        "geography": "US",
        "content_name": "MDB Q4 2023 10-K",
        "file_type": "pdf",
        "content_type": "annual_report",
        "published_date": "2023-03-17",
        "fiscal_date": "2023-01-31",
        "fiscal_year": 2023,
        "fiscal_quarter": 4,
        "r2_url": "https://pub-2c783279b61043e19fbdadd1bee5153a.r2.dev/MDB/2023-03-17/mdb-20230131.htm%5Cmdb-20230131.pdf",
        "periodicity": "periodic"
      },
      {
        "equity_ticker": "MDB",
        "geography": "US",
        "content_name": "MDB Q3 2023 10-Q",
        "file_type": "pdf",
        "content_type": "quarterly_report",
        "published_date": "2022-12-08",
        "fiscal_date": "2022-10-31",
        "fiscal_year": 2023,
        "fiscal_quarter": 3,
        "r2_url": "https://pub-2c783279b61043e19fbdadd1bee5153a.r2.dev/MDB/2022-12-08/mdb-20221031.htm%5Cmdb-20221031.pdf",
        "periodicity": "periodic"
      },
      {
        "equity_ticker": "MDB",
        "geography": "US",
        "content_name": "MDB Q2 2023 10-Q",
        "file_type": "pdf",
        "content_type": "quarterly_report",
        "published_date": "2022-09-02",
        "fiscal_date": "2022-07-31",
        "fiscal_year": 2023,
        "fiscal_quarter": 2,
        "r2_url": "https://pub-2c783279b61043e19fbdadd1bee5153a.r2.dev/MDB/2022-09-02/mdb-20220731.htm%5Cmdb-20220731.pdf",
        "periodicity": "periodic"
      },
      {
        "equity_ticker": "MDB",
        "geography": "US",
        "content_name": "MDB Q1 2023 10-Q",
        "file_type": "pdf",
        "content_type": "quarterly_report",
        "published_date": "2022-06-03",
        "fiscal_date": "2022-04-30",
        "fiscal_year": 2023,
        "fiscal_quarter": 1,
        "r2_url": "https://pub-2c783279b61043e19fbdadd1bee5153a.r2.dev/MDB/2022-06-03/mdb-20220430.htm%5Cmdb-20220430.pdf",
        "periodicity": "periodic"
      },
      {
        "equity_ticker": "MDB",
        "geography": "US",
        "content_name": "MDB Q4 2022 10-K",
        "file_type": "pdf",
        "content_type": "annual_report",
        "published_date": "2022-03-18",
        "fiscal_date": "2022-01-31",
        "fiscal_year": 2022,
        "fiscal_quarter": 4,
        "r2_url": "https://pub-2c783279b61043e19fbdadd1bee5153a.r2.dev/MDB/2022-03-18/mdb-20220131.htm%5Cmdb-20220131.pdf",
        "periodicity": "periodic"
      },
      {
        "equity_ticker": "MDB",
        "geography": "US",
        "content_name": "MDB Q3 2022 10-Q",
        "file_type": "pdf",
        "content_type": "quarterly_report",
        "published_date": "2021-12-07",
        "fiscal_date": "2021-10-31",
        "fiscal_year": 2022,
        "fiscal_quarter": 3,
        "r2_url": "https://pub-2c783279b61043e19fbdadd1bee5153a.r2.dev/MDB/2021-12-07/mdb-20211031.htm%5Cmdb-20211031.pdf",
        "periodicity": "periodic"
      },
      {
        "equity_ticker": "MDB",
        "geography": "US",
        "content_name": "MDB Q2 2022 10-Q",
        "file_type": "pdf",
        "content_type": "quarterly_report",
        "published_date": "2021-09-03",
        "fiscal_date": "2021-07-31",
        "fiscal_year": 2022,
        "fiscal_quarter": 2,
        "r2_url": "https://pub-2c783279b61043e19fbdadd1bee5153a.r2.dev/MDB/2021-09-03/mdb-20210731.htm%5Cmdb-20210731.pdf",
        "periodicity": "periodic"
      },
      {
        "equity_ticker": "MDB",
        "geography": "US",
        "content_name": "MDB Q1 2022 10-Q",
        "file_type": "pdf",
        "content_type": "quarterly_report",
        "published_date": "2021-06-04",
        "fiscal_date": "2021-04-30",
        "fiscal_year": 2022,
        "fiscal_quarter": 1,
        "r2_url": "https://pub-2c783279b61043e19fbdadd1bee5153a.r2.dev/MDB/2021-06-04/mdb-20210430.htm%5Cmdb-20210430.pdf",
        "periodicity": "periodic"
      },
      {
        "equity_ticker": "MDB",
        "geography": "US",
        "content_name": "MDB Q4 2021 10-K",
        "file_type": "pdf",
        "content_type": "annual_report",
        "published_date": "2021-03-22",
        "fiscal_date": "2021-01-31",
        "fiscal_year": 2021,
        "fiscal_quarter": 4,
        "r2_url": "https://pub-2c783279b61043e19fbdadd1bee5153a.r2.dev/MDB/2021-03-22/mdb-20210131.htm%5Cmdb-20210131.pdf",
        "periodicity": "periodic"
      },
      {
        "equity_ticker": "MDB",
        "geography": "US",
        "content_name": "MDB Q3 2021 10-Q",
        "file_type": "pdf",
        "content_type": "quarterly_report",
        "published_date": "2020-12-09",
        "fiscal_date": "2020-10-31",
        "fiscal_year": 2021,
        "fiscal_quarter": 3,
        "r2_url": "https://pub-2c783279b61043e19fbdadd1bee5153a.r2.dev/MDB/2020-12-09/mdb-20201031.htm%5Cmdb-20201031.pdf",
        "periodicity": "periodic"
      },
      {
        "equity_ticker": "MDB",
        "geography": "US",
        "content_name": "MDB Q2 2021 10-Q",
        "file_type": "pdf",
        "content_type": "quarterly_report",
        "published_date": "2020-09-03",
        "fiscal_date": "2020-07-31",
        "fiscal_year": 2021,
        "fiscal_quarter": 2,
        "r2_url": "https://pub-2c783279b61043e19fbdadd1bee5153a.r2.dev/MDB/2020-09-03/mdb-073120x10q.htm%5Cix.pdf",
        "periodicity": "periodic"
      },
      {
        "equity_ticker": "MDB",
        "geography": "US",
        "content_name": "MDB Q1 2021 10-Q",
        "file_type": "pdf",
        "content_type": "quarterly_report",
        "published_date": "2020-06-05",
        "fiscal_date": "2020-04-30",
        "fiscal_year": 2021,
        "fiscal_quarter": 1,
        "r2_url": "https://pub-2c783279b61043e19fbdadd1bee5153a.r2.dev/MDB/2020-06-05/mdb-043020x10q.htm%5Cix.pdf",
        "periodicity": "periodic"
      },
      {
        "equity_ticker": "MDB",
        "geography": "US",
        "content_name": "MDB Q4 2020 10-K",
        "file_type": "pdf",
        "content_type": "annual_report",
        "published_date": "2020-03-27",
        "fiscal_date": "2020-01-31",
        "fiscal_year": 2020,
        "fiscal_quarter": 4,
        "r2_url": "https://pub-2c783279b61043e19fbdadd1bee5153a.r2.dev/MDB/2020-03-27/mdb-013120x10k.htm%5Cix.pdf",
        "periodicity": "periodic"
      },
      {
        "equity_ticker": "MDB",
        "geography": "US",
        "content_name": "MDB Q3 2020 10-Q",
        "file_type": "pdf",
        "content_type": "quarterly_report",
        "published_date": "2019-12-10",
        "fiscal_date": "2019-10-31",
        "fiscal_year": 2020,
        "fiscal_quarter": 3,
        "r2_url": "https://pub-2c783279b61043e19fbdadd1bee5153a.r2.dev/MDB/2019-12-10/mdb-103119x10q.htm%5Cix.pdf",
        "periodicity": "periodic"
      },
      {
        "equity_ticker": "MDB",
        "geography": "US",
        "content_name": "MDB Q2 2020 10-Q",
        "file_type": "pdf",
        "content_type": "quarterly_report",
        "published_date": "2019-09-05",
        "fiscal_date": "2019-07-31",
        "fiscal_year": 2020,
        "fiscal_quarter": 2,
        "r2_url": "https://pub-2c783279b61043e19fbdadd1bee5153a.r2.dev/MDB/2019-09-05/mdb-073119x10q.htm%5Cix.pdf",
        "periodicity": "periodic"
      },
      {
        "equity_ticker": "MDB",
        "geography": "US",
        "content_name": "MDB Q1 2020 10-Q",
        "file_type": "pdf",
        "content_type": "quarterly_report",
        "published_date": "2019-06-07",
        "fiscal_date": "2019-04-30",
        "fiscal_year": 2020,
        "fiscal_quarter": 1,
        "r2_url": "https://pub-2c783279b61043e19fbdadd1bee5153a.r2.dev/MDB/2019-06-07/mdb-043019x10q.htm%5Cmdb-043019x10q.pdf",
        "periodicity": "periodic"
      },
      {
        "equity_ticker": "MDB",
        "geography": "US",
        "content_name": "MDB Q4 2019 10-K",
        "file_type": "pdf",
        "content_type": "annual_report",
        "published_date": "2019-04-01",
        "fiscal_date": "2019-01-31",
        "fiscal_year": 2019,
        "fiscal_quarter": 4,
        "r2_url": "https://pub-2c783279b61043e19fbdadd1bee5153a.r2.dev/MDB/2019-04-01/mdb-013119x10k.htm%5Cmdb-013119x10k.pdf",
        "periodicity": "periodic"
      },
      {
        "equity_ticker": "MDB",
        "geography": "US",
        "content_name": "MDB Q3 2019 10-Q",
        "file_type": "pdf",
        "content_type": "quarterly_report",
        "published_date": "2018-12-06",
        "fiscal_date": "2018-10-31",
        "fiscal_year": 2019,
        "fiscal_quarter": 3,
        "r2_url": "https://pub-2c783279b61043e19fbdadd1bee5153a.r2.dev/MDB/2018-12-06/mdb-103118x10q.htm%5Cmdb-103118x10q.pdf",
        "periodicity": "periodic"
      },
      {
        "equity_ticker": "MDB",
        "geography": "US",
        "content_name": "MDB Q2 2019 10-Q",
        "file_type": "pdf",
        "content_type": "quarterly_report",
        "published_date": "2018-09-07",
        "fiscal_date": "2018-07-31",
        "fiscal_year": 2019,
        "fiscal_quarter": 2,
        "r2_url": "https://pub-2c783279b61043e19fbdadd1bee5153a.r2.dev/MDB/2018-09-07/mdb-073118x10q.htm%5Cmdb-073118x10q.pdf",
        "periodicity": "periodic"
      },
      {
        "equity_ticker": "MDB",
        "geography": "US",
        "content_name": "MDB Q1 2019 10-Q",
        "file_type": "pdf",
        "content_type": "quarterly_report",
        "published_date": "2018-06-07",
        "fiscal_date": "2018-04-30",
        "fiscal_year": 2019,
        "fiscal_quarter": 1,
        "r2_url": "https://pub-2c783279b61043e19fbdadd1bee5153a.r2.dev/MDB/2018-06-07/mdb-043018x10q.htm%5Cmdb-043018x10q.pdf",
        "periodicity": "periodic"
      },
      {
        "equity_ticker": "MDB",
        "geography": "US",
        "content_name": "MDB Q4 2018 10-K",
        "file_type": "pdf",
        "content_type": "annual_report",
        "published_date": "2018-03-30",
        "fiscal_date": "2018-01-31",
        "fiscal_year": 2018,
        "fiscal_quarter": 4,
        "r2_url": "https://pub-2c783279b61043e19fbdadd1bee5153a.r2.dev/MDB/2018-03-30/mdb-013118x10k.htm%5Cmdb-013118x10k.pdf",
        "periodicity": "periodic"
      },
      {
        "equity_ticker": "MDB",
        "geography": "US",
        "content_name": "MDB Q3 2018 10-Q",
        "file_type": "pdf",
        "content_type": "quarterly_report",
        "published_date": "2017-12-14",
        "fiscal_date": "2017-10-31",
        "fiscal_year": 2018,
        "fiscal_quarter": 3,
        "r2_url": "https://pub-2c783279b61043e19fbdadd1bee5153a.r2.dev/MDB/2017-12-14/mdb-103117x10q.htm%5Cmdb-103117x10q.pdf",
        "periodicity": "periodic"
      }
]