[
  {
    "equity_ticker": "MTSI",
    "geography": "US",
    "content_name": "MTSI Q1 2025 Transcript",
    "file_type": "pdf",
    "content_type": "earnings_transcript",
    "published_date": "2025-02-06",
    "fiscal_date": "2025-02-06",
    "fiscal_year": 2025,
    "fiscal_quarter": 1,
    "r2_url": "https://pub-2c783279b61043e19fbdadd1bee5153a.r2.dev/MTSI/2025-02-06/MACOM%20Technology%20Solutions%20Holdings%2C%20Inc._2025-02-06_transcript/MACOM%20Technology%20Solutions%20Holdings%2C%20Inc._2025-02-06_transcript.pdf/MACOM%20Technology%20Solutions%20Holdings%2C%20Inc._2025-02-06_transcript.pdf",
    "periodicity": "periodic"
  },
  {
    "equity_ticker": "MTSI",
    "geography": "US",
    "content_name": "MTSI Q1 2025 Press Release",
    "file_type": "pdf",
    "content_type": "earnings_press_release",
    "published_date": "2025-02-06",
    "fiscal_date": "2025-02-06",
    "fiscal_year": 2025,
    "fiscal_quarter": 1,
    "r2_url": "https://pub-2c783279b61043e19fbdadd1bee5153a.r2.dev/MTSI/2025-02-06/865c0-2025-02-06-12-30-08/865c0-2025-02-06-12-30-08.pdf/865c0-2025-02-06-12-30-08.pdf",
    "periodicity": "periodic"
  },
  {
    "equity_ticker": "MTSI",
    "geography": "US",
    "content_name": "MTSI Q4 2024 Transcript",
    "file_type": "pdf",
    "content_type": "earnings_transcript",
    "published_date": "2024-11-07",
    "fiscal_date": "2024-11-07",
    "fiscal_year": 2024,
    "fiscal_quarter": 4,
    "r2_url": "https://pub-2c783279b61043e19fbdadd1bee5153a.r2.dev/MTSI/2024-11-07/MACOM%20Technology%20Solutions%20Holdings%2C%20Inc._2024-11-07_transcript/MACOM%20Technology%20Solutions%20Holdings%2C%20Inc._2024-11-07_transcript.pdf/MACOM%20Technology%20Solutions%20Holdings%2C%20Inc._2024-11-07_transcript.pdf",
    "periodicity": "periodic"
  },
  {
    "equity_ticker": "MTSI",
    "geography": "US",
    "content_name": "MTSI Q4 2024 Press Release",
    "file_type": "pdf",
    "content_type": "earnings_press_release",
    "published_date": "2024-11-07",
    "fiscal_date": "2024-11-07",
    "fiscal_year": 2024,
    "fiscal_quarter": 4,
    "r2_url": "https://pub-2c783279b61043e19fbdadd1bee5153a.r2.dev/MTSI/2024-11-07/f2647-2024-11-07-12-27-33/f2647-2024-11-07-12-27-33.pdf/f2647-2024-11-07-12-27-33.pdf",
    "periodicity": "periodic"
  },
  {
    "equity_ticker": "MTSI",
    "geography": "US",
    "content_name": "MTSI Q3 2024 Transcript",
    "file_type": "pdf",
    "content_type": "earnings_transcript",
    "published_date": "2024-08-01",
    "fiscal_date": "2024-08-01",
    "fiscal_year": 2024,
    "fiscal_quarter": 3,
    "r2_url": "https://pub-2c783279b61043e19fbdadd1bee5153a.r2.dev/MTSI/2024-08-01/MACOM%20Technology%20Solutions%20Holdings%2C%20Inc._2024-08-01_transcript/MACOM%20Technology%20Solutions%20Holdings%2C%20Inc._2024-08-01_transcript.pdf/MACOM%20Technology%20Solutions%20Holdings%2C%20Inc._2024-08-01_transcript.pdf",
    "periodicity": "periodic"
  },
  {
    "equity_ticker": "MTSI",
    "geography": "US",
    "content_name": "MTSI Q3 2024 Press Release",
    "file_type": "pdf",
    "content_type": "earnings_press_release",
    "published_date": "2024-08-01",
    "fiscal_date": "2024-08-01",
    "fiscal_year": 2024,
    "fiscal_quarter": 3,
    "r2_url": "https://pub-2c783279b61043e19fbdadd1bee5153a.r2.dev/MTSI/2024-08-01/96907-2024-08-01-11-18-33/96907-2024-08-01-11-18-33.pdf/96907-2024-08-01-11-18-33.pdf",
    "periodicity": "periodic"
  },
  {
    "equity_ticker": "MTSI",
    "geography": "US",
    "content_name": "MTSI Q2 2024 Transcript",
    "file_type": "pdf",
    "content_type": "earnings_transcript",
    "published_date": "2024-05-02",
    "fiscal_date": "2024-05-02",
    "fiscal_year": 2024,
    "fiscal_quarter": 2,
    "r2_url": "https://pub-2c783279b61043e19fbdadd1bee5153a.r2.dev/MTSI/2024-05-02/MACOM%20Technology%20Solutions%20Holdings%2C%20Inc._2024-05-02_transcript/MACOM%20Technology%20Solutions%20Holdings%2C%20Inc._2024-05-02_transcript.pdf/MACOM%20Technology%20Solutions%20Holdings%2C%20Inc._2024-05-02_transcript.pdf",
    "periodicity": "periodic"
  },
  {
    "equity_ticker": "MTSI",
    "geography": "US",
    "content_name": "MTSI Q2 2024 Press Release",
    "file_type": "pdf",
    "content_type": "earnings_press_release",
    "published_date": "2024-05-02",
    "fiscal_date": "2024-05-02",
    "fiscal_year": 2024,
    "fiscal_quarter": 2,
    "r2_url": "https://pub-2c783279b61043e19fbdadd1bee5153a.r2.dev/MTSI/2024-05-02/83be3-2024-05-02-11-06-33/83be3-2024-05-02-11-06-33.pdf/83be3-2024-05-02-11-06-33.pdf",
    "periodicity": "periodic"
  },
  {
    "equity_ticker": "MTSI",
    "geography": "US",
    "content_name": "MTSI Q1 2024 Transcript",
    "file_type": "pdf",
    "content_type": "earnings_transcript",
    "published_date": "2024-02-01",
    "fiscal_date": "2024-02-01",
    "fiscal_year": 2024,
    "fiscal_quarter": 1,
    "r2_url": "https://pub-2c783279b61043e19fbdadd1bee5153a.r2.dev/MTSI/2024-02-01/MACOM%20Technology%20Solutions%20Holdings%2C%20Inc._2024-02-01_transcript/MACOM%20Technology%20Solutions%20Holdings%2C%20Inc._2024-02-01_transcript.pdf/MACOM%20Technology%20Solutions%20Holdings%2C%20Inc._2024-02-01_transcript.pdf",
    "periodicity": "periodic"
  },
  {
    "equity_ticker": "MTSI",
    "geography": "US",
    "content_name": "MTSI Q1 2024 Press Release",
    "file_type": "pdf",
    "content_type": "earnings_press_release",
    "published_date": "2024-02-01",
    "fiscal_date": "2024-02-01",
    "fiscal_year": 2024,
    "fiscal_quarter": 1,
    "r2_url": "https://pub-2c783279b61043e19fbdadd1bee5153a.r2.dev/MTSI/2024-02-01/d7a10-2024-02-01-12-38-31/d7a10-2024-02-01-12-38-31.pdf/d7a10-2024-02-01-12-38-31.pdf",
    "periodicity": "periodic"
  },
  {
    "equity_ticker": "MTSI",
    "geography": "US",
    "content_name": "MTSI Q4 2023 Transcript",
    "file_type": "pdf",
    "content_type": "earnings_transcript",
    "published_date": "2023-11-09",
    "fiscal_date": "2023-11-09",
    "fiscal_year": 2023,
    "fiscal_quarter": 4,
    "r2_url": "https://pub-2c783279b61043e19fbdadd1bee5153a.r2.dev/MTSI/2023-11-09/MACOM%20Technology%20Solutions%20Holdings%2C%20Inc._2023-11-09_transcript/MACOM%20Technology%20Solutions%20Holdings%2C%20Inc._2023-11-09_transcript.pdf/MACOM%20Technology%20Solutions%20Holdings%2C%20Inc._2023-11-09_transcript.pdf",
    "periodicity": "periodic"
  },
  {
    "equity_ticker": "MTSI",
    "geography": "US",
    "content_name": "MTSI Q4 2023 Press Release",
    "file_type": "pdf",
    "content_type": "earnings_press_release",
    "published_date": "2023-11-09",
    "fiscal_date": "2023-11-09",
    "fiscal_year": 2023,
    "fiscal_quarter": 4,
    "r2_url": "https://pub-2c783279b61043e19fbdadd1bee5153a.r2.dev/MTSI/2023-11-09/a4c2e-2023-11-09-12-41-32/a4c2e-2023-11-09-12-41-32.pdf/a4c2e-2023-11-09-12-41-32.pdf",
    "periodicity": "periodic"
  },
  {
    "equity_ticker": "MTSI",
    "geography": "US",
    "content_name": "MTSI Q3 2023 Transcript",
    "file_type": "pdf",
    "content_type": "earnings_transcript",
    "published_date": "2023-08-03",
    "fiscal_date": "2023-08-03",
    "fiscal_year": 2023,
    "fiscal_quarter": 3,
    "r2_url": "https://pub-2c783279b61043e19fbdadd1bee5153a.r2.dev/MTSI/2023-08-03/MACOM%20Technology%20Solutions%20Holdings%2C%20Inc._2023-08-03_transcript/MACOM%20Technology%20Solutions%20Holdings%2C%20Inc._2023-08-03_transcript.pdf/MACOM%20Technology%20Solutions%20Holdings%2C%20Inc._2023-08-03_transcript.pdf",
    "periodicity": "periodic"
  },
  {
    "equity_ticker": "MTSI",
    "geography": "US",
    "content_name": "MTSI Q3 2023 Press Release",
    "file_type": "pdf",
    "content_type": "earnings_press_release",
    "published_date": "2023-08-03",
    "fiscal_date": "2023-08-03",
    "fiscal_year": 2023,
    "fiscal_quarter": 3,
    "r2_url": "https://pub-2c783279b61043e19fbdadd1bee5153a.r2.dev/MTSI/2023-08-03/99b51-2023-08-03-11-48-32/99b51-2023-08-03-11-48-32.pdf/99b51-2023-08-03-11-48-32.pdf",
    "periodicity": "periodic"
  },
  {
    "equity_ticker": "MTSI",
    "geography": "US",
    "content_name": "MTSI Q2 2023 Transcript",
    "file_type": "pdf",
    "content_type": "earnings_transcript",
    "published_date": "2023-05-04",
    "fiscal_date": "2023-05-04",
    "fiscal_year": 2023,
    "fiscal_quarter": 2,
    "r2_url": "https://pub-2c783279b61043e19fbdadd1bee5153a.r2.dev/MTSI/2023-05-04/MACOM%20Technology%20Solutions%20Holdings%2C%20Inc._2023-05-04_transcript/MACOM%20Technology%20Solutions%20Holdings%2C%20Inc._2023-05-04_transcript.pdf/MACOM%20Technology%20Solutions%20Holdings%2C%20Inc._2023-05-04_transcript.pdf",
    "periodicity": "periodic"
  },
  {
    "equity_ticker": "MTSI",
    "geography": "US",
    "content_name": "MTSI Q2 2023 Press Release",
    "file_type": "pdf",
    "content_type": "earnings_press_release",
    "published_date": "2023-05-04",
    "fiscal_date": "2023-05-04",
    "fiscal_year": 2023,
    "fiscal_quarter": 2,
    "r2_url": "https://pub-2c783279b61043e19fbdadd1bee5153a.r2.dev/MTSI/2023-05-04/6aa3d-2023-05-04-11-47-32/6aa3d-2023-05-04-11-47-32.pdf/6aa3d-2023-05-04-11-47-32.pdf",
    "periodicity": "periodic"
  },
  {
    "equity_ticker": "MTSI",
    "geography": "US",
    "content_name": "MTSI Q1 2023 Transcript",
    "file_type": "pdf",
    "content_type": "earnings_transcript",
    "published_date": "2023-02-02",
    "fiscal_date": "2023-02-02",
    "fiscal_year": 2023,
    "fiscal_quarter": 1,
    "r2_url": "https://pub-2c783279b61043e19fbdadd1bee5153a.r2.dev/MTSI/2023-02-02/MACOM%20Technology%20Solutions%20Holdings%2C%20Inc._2023-02-02_transcript/MACOM%20Technology%20Solutions%20Holdings%2C%20Inc._2023-02-02_transcript.pdf/MACOM%20Technology%20Solutions%20Holdings%2C%20Inc._2023-02-02_transcript.pdf",
    "periodicity": "periodic"
  },
  {
    "equity_ticker": "MTSI",
    "geography": "US",
    "content_name": "MTSI Q1 2023 Press Release",
    "file_type": "pdf",
    "content_type": "earnings_press_release",
    "published_date": "2023-02-02",
    "fiscal_date": "2023-02-02",
    "fiscal_year": 2023,
    "fiscal_quarter": 1,
    "r2_url": "https://pub-2c783279b61043e19fbdadd1bee5153a.r2.dev/MTSI/2023-02-02/a93be-2023-02-02-12-07-32/a93be-2023-02-02-12-07-32.pdf/a93be-2023-02-02-12-07-32.pdf",
    "periodicity": "periodic"
  },
  {
    "equity_ticker": "MTSI",
    "geography": "US",
    "content_name": "MTSI Q4 2022 Transcript",
    "file_type": "pdf",
    "content_type": "earnings_transcript",
    "published_date": "2022-11-03",
    "fiscal_date": "2022-11-03",
    "fiscal_year": 2022,
    "fiscal_quarter": 4,
    "r2_url": "https://pub-2c783279b61043e19fbdadd1bee5153a.r2.dev/MTSI/2022-11-03/MACOM%20Technology%20Solutions%20Holdings%2C%20Inc._2022-11-03_transcript/MACOM%20Technology%20Solutions%20Holdings%2C%20Inc._2022-11-03_transcript.pdf/MACOM%20Technology%20Solutions%20Holdings%2C%20Inc._2022-11-03_transcript.pdf",
    "periodicity": "periodic"
  },
  {
    "equity_ticker": "MTSI",
    "geography": "US",
    "content_name": "MTSI Q4 2022 Press Release",
    "file_type": "pdf",
    "content_type": "earnings_press_release",
    "published_date": "2022-11-03",
    "fiscal_date": "2022-11-03",
    "fiscal_year": 2022,
    "fiscal_quarter": 4,
    "r2_url": "https://pub-2c783279b61043e19fbdadd1bee5153a.r2.dev/MTSI/2022-11-03/67cea-2022-11-03-11-18-58/67cea-2022-11-03-11-18-58.pdf/67cea-2022-11-03-11-18-58.pdf",
    "periodicity": "periodic"
  },
  {
    "equity_ticker": "MTSI",
    "geography": "US",
    "content_name": "MTSI Q3 2022 Transcript",
    "file_type": "pdf",
    "content_type": "earnings_transcript",
    "published_date": "2022-07-27",
    "fiscal_date": "2022-07-27",
    "fiscal_year": 2022,
    "fiscal_quarter": 3,
    "r2_url": "https://pub-2c783279b61043e19fbdadd1bee5153a.r2.dev/MTSI/2022-07-27/MACOM%20Technology%20Solutions%20Holdings%2C%20Inc._2022-07-27_transcript/MACOM%20Technology%20Solutions%20Holdings%2C%20Inc._2022-07-27_transcript.pdf/MACOM%20Technology%20Solutions%20Holdings%2C%20Inc._2022-07-27_transcript.pdf",
    "periodicity": "periodic"
  },
  {
    "equity_ticker": "MTSI",
    "geography": "US",
    "content_name": "MTSI Q3 2022 Press Release",
    "file_type": "pdf",
    "content_type": "earnings_press_release",
    "published_date": "2022-07-27",
    "fiscal_date": "2022-07-27",
    "fiscal_year": 2022,
    "fiscal_quarter": 3,
    "r2_url": "https://pub-2c783279b61043e19fbdadd1bee5153a.r2.dev/MTSI/2022-07-27/4f233-2022-07-28-11-33-40/4f233-2022-07-28-11-33-40.pdf/4f233-2022-07-28-11-33-40.pdf",
    "periodicity": "periodic"
  },
  {
    "equity_ticker": "MTSI",
    "geography": "US",
    "content_name": "MTSI Q2 2022 Transcript",
    "file_type": "pdf",
    "content_type": "earnings_transcript",
    "published_date": "2022-04-28",
    "fiscal_date": "2022-04-28",
    "fiscal_year": 2022,
    "fiscal_quarter": 2,
    "r2_url": "https://pub-2c783279b61043e19fbdadd1bee5153a.r2.dev/MTSI/2022-04-28/MACOM%20Technology%20Solutions%20Holdings%2C%20Inc._2022-04-28_transcript/MACOM%20Technology%20Solutions%20Holdings%2C%20Inc._2022-04-28_transcript.pdf/MACOM%20Technology%20Solutions%20Holdings%2C%20Inc._2022-04-28_transcript.pdf",
    "periodicity": "periodic"
  },
  {
    "equity_ticker": "MTSI",
    "geography": "US",
    "content_name": "MTSI Q2 2022 Press Release",
    "file_type": "pdf",
    "content_type": "earnings_press_release",
    "published_date": "2022-04-28",
    "fiscal_date": "2022-04-28",
    "fiscal_year": 2022,
    "fiscal_quarter": 2,
    "r2_url": "https://pub-2c783279b61043e19fbdadd1bee5153a.r2.dev/MTSI/2022-04-28/e5a9c-2022-06-22-07-56-00/e5a9c-2022-06-22-07-56-00.pdf/e5a9c-2022-06-22-07-56-00.pdf",
    "periodicity": "periodic"
  },
  {
    "equity_ticker": "MTSI",
    "geography": "US",
    "content_name": "MTSI Q1 2022 Transcript",
    "file_type": "pdf",
    "content_type": "earnings_transcript",
    "published_date": "2022-01-27",
    "fiscal_date": "2022-01-27",
    "fiscal_year": 2022,
    "fiscal_quarter": 1,
    "r2_url": "https://pub-2c783279b61043e19fbdadd1bee5153a.r2.dev/MTSI/2022-01-27/MACOM%20Technology%20Solutions%20Holdings%2C%20Inc._2022-01-27_transcript/MACOM%20Technology%20Solutions%20Holdings%2C%20Inc._2022-01-27_transcript.pdf/MACOM%20Technology%20Solutions%20Holdings%2C%20Inc._2022-01-27_transcript.pdf",
    "periodicity": "periodic"
  },
  {
    "equity_ticker": "MTSI",
    "geography": "US",
    "content_name": "MTSI Q1 2022 Press Release",
    "file_type": "pdf",
    "content_type": "earnings_press_release",
    "published_date": "2022-01-27",
    "fiscal_date": "2022-01-27",
    "fiscal_year": 2022,
    "fiscal_quarter": 1,
    "r2_url": "https://pub-2c783279b61043e19fbdadd1bee5153a.r2.dev/MTSI/2022-01-27/26eb5-2023-01-25-12-22-18/26eb5-2023-01-25-12-22-18.pdf/26eb5-2023-01-25-12-22-18.pdf",
    "periodicity": "periodic"
  },
  {
    "equity_ticker": "MTSI",
    "geography": "US",
    "content_name": "MTSI Q4 2021 Transcript",
    "file_type": "pdf",
    "content_type": "earnings_transcript",
    "published_date": "2021-11-15",
    "fiscal_date": "2021-11-15",
    "fiscal_year": 2021,
    "fiscal_quarter": 4,
    "r2_url": "https://pub-2c783279b61043e19fbdadd1bee5153a.r2.dev/MTSI/2021-11-15/MACOM%20Technology%20Solutions%20Holdings%2C%20Inc._2021-11-15_transcript/MACOM%20Technology%20Solutions%20Holdings%2C%20Inc._2021-11-15_transcript.pdf/MACOM%20Technology%20Solutions%20Holdings%2C%20Inc._2021-11-15_transcript.pdf",
    "periodicity": "periodic"
  },
  {
    "equity_ticker": "MTSI",
    "geography": "US",
    "content_name": "MTSI Q4 2021 Press Release",
    "file_type": "pdf",
    "content_type": "annual_report",
    "published_date": "2021-11-15",
    "fiscal_date": "2021-11-15",
    "fiscal_year": 2021,
    "fiscal_quarter": 4,
    "r2_url": "https://pub-2c783279b61043e19fbdadd1bee5153a.r2.dev/MTSI/2021-11-15/542df-2023-11-23-05-41-41/542df-2023-11-23-05-41-41.pdf/542df-2023-11-23-05-41-41.pdf",
    "periodicity": "periodic"
  },
  {
    "equity_ticker": "MTSI",
    "geography": "US",
    "content_name": "MTSI Q3 2021 Transcript",
    "file_type": "pdf",
    "content_type": "earnings_transcript",
    "published_date": "2021-07-29",
    "fiscal_date": "2021-07-29",
    "fiscal_year": 2021,
    "fiscal_quarter": 3,
    "r2_url": "https://pub-2c783279b61043e19fbdadd1bee5153a.r2.dev/MTSI/2021-07-29/MACOM%20Technology%20Solutions%20Holdings%2C%20Inc._2021-07-29_transcript/MACOM%20Technology%20Solutions%20Holdings%2C%20Inc._2021-07-29_transcript.pdf/MACOM%20Technology%20Solutions%20Holdings%2C%20Inc._2021-07-29_transcript.pdf",
    "periodicity": "periodic"
  },
  {
    "equity_ticker": "MTSI",
    "geography": "US",
    "content_name": "MTSI Q3 2021 Press Release",
    "file_type": "pdf",
    "content_type": "earnings_press_release",
    "published_date": "2021-07-29",
    "fiscal_date": "2021-07-29",
    "fiscal_year": 2021,
    "fiscal_quarter": 3,
    "r2_url": "https://pub-2c783279b61043e19fbdadd1bee5153a.r2.dev/MTSI/2021-07-29/919d7-2025-04-14-01-04-46/919d7-2025-04-14-01-04-46.pdf/919d7-2025-04-14-01-04-46.pdf",
    "periodicity": "periodic"
  },
  {
    "equity_ticker": "MTSI",
    "geography": "US",
    "content_name": "MTSI Q2 2021 Transcript",
    "file_type": "pdf",
    "content_type": "earnings_transcript",
    "published_date": "2021-04-29",
    "fiscal_date": "2021-04-29",
    "fiscal_year": 2021,
    "fiscal_quarter": 2,
    "r2_url": "https://pub-2c783279b61043e19fbdadd1bee5153a.r2.dev/MTSI/2021-04-29/MACOM%20Technology%20Solutions%20Holdings%2C%20Inc._2021-04-29_transcript/MACOM%20Technology%20Solutions%20Holdings%2C%20Inc._2021-04-29_transcript.pdf/MACOM%20Technology%20Solutions%20Holdings%2C%20Inc._2021-04-29_transcript.pdf",
    "periodicity": "periodic"
  },
  {
    "equity_ticker": "MTSI",
    "geography": "US",
    "content_name": "MTSI Q2 2021 Press Release",
    "file_type": "pdf",
    "content_type": "earnings_press_release",
    "published_date": "2021-04-29",
    "fiscal_date": "2021-04-29",
    "fiscal_year": 2021,
    "fiscal_quarter": 2,
    "r2_url": "https://pub-2c783279b61043e19fbdadd1bee5153a.r2.dev/MTSI/2021-04-29/e6188-2025-04-14-01-11-48/e6188-2025-04-14-01-11-48.pdf/e6188-2025-04-14-01-11-48.pdf",
    "periodicity": "periodic"
  },
  {
    "equity_ticker": "MTSI",
    "geography": "US",
    "content_name": "MTSI Q1 2021 Transcript",
    "file_type": "pdf",
    "content_type": "earnings_transcript",
    "published_date": "2021-01-28",
    "fiscal_date": "2021-01-28",
    "fiscal_year": 2021,
    "fiscal_quarter": 1,
    "r2_url": "https://pub-2c783279b61043e19fbdadd1bee5153a.r2.dev/MTSI/2021-01-28/MACOM%20Technology%20Solutions%20Holdings%2C%20Inc._2021-01-28_transcript/MACOM%20Technology%20Solutions%20Holdings%2C%20Inc._2021-01-28_transcript.pdf/MACOM%20Technology%20Solutions%20Holdings%2C%20Inc._2021-01-28_transcript.pdf",
    "periodicity": "periodic"
  },
  {
    "equity_ticker": "MTSI",
    "geography": "US",
    "content_name": "MTSI Q1 2021 Press Release",
    "file_type": "pdf",
    "content_type": "earnings_press_release",
    "published_date": "2021-01-28",
    "fiscal_date": "2021-01-28",
    "fiscal_year": 2021,
    "fiscal_quarter": 1,
    "r2_url": "https://pub-2c783279b61043e19fbdadd1bee5153a.r2.dev/MTSI/2021-01-28/abf73-2025-04-14-01-16-49/abf73-2025-04-14-01-16-49.pdf/abf73-2025-04-14-01-16-49.pdf",
    "periodicity": "periodic"
  },
  {
    "equity_ticker": "MTSI",
    "geography": "US",
    "content_name": "MTSI Q4 2020 Transcript",
    "file_type": "pdf",
    "content_type": "earnings_transcript",
    "published_date": "2020-11-18",
    "fiscal_date": "2020-11-18",
    "fiscal_year": 2020,
    "fiscal_quarter": 4,
    "r2_url": "https://pub-2c783279b61043e19fbdadd1bee5153a.r2.dev/MTSI/2020-11-18/MACOM%20Technology%20Solutions%20Holdings%2C%20Inc._2020-11-18_transcript/MACOM%20Technology%20Solutions%20Holdings%2C%20Inc._2020-11-18_transcript.pdf/MACOM%20Technology%20Solutions%20Holdings%2C%20Inc._2020-11-18_transcript.pdf",
    "periodicity": "periodic"
  },
  {
    "equity_ticker": "MTSI",
    "geography": "US",
    "content_name": "MTSI Q4 2020 Press Release",
    "file_type": "pdf",
    "content_type": "annual_report",
    "published_date": "2020-11-18",
    "fiscal_date": "2020-11-18",
    "fiscal_year": 2020,
    "fiscal_quarter": 4,
    "r2_url": "https://pub-2c783279b61043e19fbdadd1bee5153a.r2.dev/MTSI/2020-11-18/78ebe-2023-11-23-05-58-41/78ebe-2023-11-23-05-58-41.pdf/78ebe-2023-11-23-05-58-41.pdf",
    "periodicity": "periodic"
  },
  {
    "equity_ticker": "MTSI",
    "geography": "US",
    "content_name": "MTSI Q3 2020 Transcript",
    "file_type": "pdf",
    "content_type": "earnings_transcript",
    "published_date": "2020-07-30",
    "fiscal_date": "2020-07-30",
    "fiscal_year": 2020,
    "fiscal_quarter": 3,
    "r2_url": "https://pub-2c783279b61043e19fbdadd1bee5153a.r2.dev/MTSI/2020-07-30/MACOM%20Technology%20Solutions%20Holdings%2C%20Inc._2020-07-30_transcript/MACOM%20Technology%20Solutions%20Holdings%2C%20Inc._2020-07-30_transcript.pdf/MACOM%20Technology%20Solutions%20Holdings%2C%20Inc._2020-07-30_transcript.pdf",
    "periodicity": "periodic"
  },
  {
    "equity_ticker": "MTSI",
    "geography": "US",
    "content_name": "MTSI Q2 2020 Transcript",
    "file_type": "pdf",
    "content_type": "earnings_transcript",
    "published_date": "2020-04-30",
    "fiscal_date": "2020-04-30",
    "fiscal_year": 2020,
    "fiscal_quarter": 2,
    "r2_url": "https://pub-2c783279b61043e19fbdadd1bee5153a.r2.dev/MTSI/2020-04-30/MACOM%20Technology%20Solutions%20Holdings%2C%20Inc._2020-04-30_transcript/MACOM%20Technology%20Solutions%20Holdings%2C%20Inc._2020-04-30_transcript.pdf/MACOM%20Technology%20Solutions%20Holdings%2C%20Inc._2020-04-30_transcript.pdf",
    "periodicity": "periodic"
  },
  {
    "equity_ticker": "MTSI",
    "geography": "US",
    "content_name": "MTSI Q1 2020 Transcript",
    "file_type": "pdf",
    "content_type": "earnings_transcript",
    "published_date": "2020-01-29",
    "fiscal_date": "2020-01-29",
    "fiscal_year": 2020,
    "fiscal_quarter": 1,
    "r2_url": "https://pub-2c783279b61043e19fbdadd1bee5153a.r2.dev/MTSI/2020-01-29/MACOM%20Technology%20Solutions%20Holdings%2C%20Inc._2020-01-29_transcript/MACOM%20Technology%20Solutions%20Holdings%2C%20Inc._2020-01-29_transcript.pdf/MACOM%20Technology%20Solutions%20Holdings%2C%20Inc._2020-01-29_transcript.pdf",
    "periodicity": "periodic"
  },
  {
    "equity_ticker": "MTSI",
    "geography": "US",
    "content_name": "MTSI Q4 2019 Transcript",
    "file_type": "pdf",
    "content_type": "earnings_transcript",
    "published_date": "2019-11-26",
    "fiscal_date": "2019-11-26",
    "fiscal_year": 2019,
    "fiscal_quarter": 4,
    "r2_url": "https://pub-2c783279b61043e19fbdadd1bee5153a.r2.dev/MTSI/2019-11-26/MACOM%20Technology%20Solutions%20Holdings%2C%20Inc._2019-11-26_transcript/MACOM%20Technology%20Solutions%20Holdings%2C%20Inc._2019-11-26_transcript.pdf/MACOM%20Technology%20Solutions%20Holdings%2C%20Inc._2019-11-26_transcript.pdf",
    "periodicity": "periodic"
  },
  {
    "equity_ticker": "MTSI",
    "geography": "US",
    "content_name": "MTSI Q4 2019 Press Release",
    "file_type": "pdf",
    "content_type": "annual_report",
    "published_date": "2019-11-26",
    "fiscal_date": "2019-11-26",
    "fiscal_year": 2019,
    "fiscal_quarter": 4,
    "r2_url": "https://pub-2c783279b61043e19fbdadd1bee5153a.r2.dev/MTSI/2019-11-26/0da5c-2023-11-23-05-05-42/0da5c-2023-11-23-05-05-42.pdf/0da5c-2023-11-23-05-05-42.pdf",
    "periodicity": "periodic"
  },
  {
    "equity_ticker": "MTSI",
    "geography": "US",
    "content_name": "MTSI Q3 2019 Transcript",
    "file_type": "pdf",
    "content_type": "earnings_transcript",
    "published_date": "2019-08-02",
    "fiscal_date": "2019-08-02",
    "fiscal_year": 2019,
    "fiscal_quarter": 3,
    "r2_url": "https://pub-2c783279b61043e19fbdadd1bee5153a.r2.dev/MTSI/2019-08-02/MACOM%20Technology%20Solutions%20Holdings%2C%20Inc._2019-08-02_transcript/MACOM%20Technology%20Solutions%20Holdings%2C%20Inc._2019-08-02_transcript.pdf/MACOM%20Technology%20Solutions%20Holdings%2C%20Inc._2019-08-02_transcript.pdf",
    "periodicity": "periodic"
  },
  {
    "equity_ticker": "MTSI",
    "geography": "US",
    "content_name": "MTSI Q2 2019 Transcript",
    "file_type": "pdf",
    "content_type": "earnings_transcript",
    "published_date": "2019-05-08",
    "fiscal_date": "2019-05-08",
    "fiscal_year": 2019,
    "fiscal_quarter": 2,
    "r2_url": "https://pub-2c783279b61043e19fbdadd1bee5153a.r2.dev/MTSI/2019-05-08/MACOM%20Technology%20Solutions%20Holdings%2C%20Inc._2019-05-08_transcript/MACOM%20Technology%20Solutions%20Holdings%2C%20Inc._2019-05-08_transcript.pdf/MACOM%20Technology%20Solutions%20Holdings%2C%20Inc._2019-05-08_transcript.pdf",
    "periodicity": "periodic"
  },
  {
    "equity_ticker": "MTSI",
    "geography": "US",
    "content_name": "MTSI Q1 2019 Transcript",
    "file_type": "pdf",
    "content_type": "earnings_transcript",
    "published_date": "2019-02-06",
    "fiscal_date": "2019-02-06",
    "fiscal_year": 2019,
    "fiscal_quarter": 1,
    "r2_url": "https://pub-2c783279b61043e19fbdadd1bee5153a.r2.dev/MTSI/2019-02-06/MACOM%20Technology%20Solutions%20Holdings%2C%20Inc._2019-02-06_transcript/MACOM%20Technology%20Solutions%20Holdings%2C%20Inc._2019-02-06_transcript.pdf/MACOM%20Technology%20Solutions%20Holdings%2C%20Inc._2019-02-06_transcript.pdf",
    "periodicity": "periodic"
  },
  {
    "equity_ticker": "MTSI",
    "geography": "US",
    "content_name": "MTSI Q4 2018 Transcript",
    "file_type": "pdf",
    "content_type": "earnings_transcript",
    "published_date": "2018-11-16",
    "fiscal_date": "2018-11-16",
    "fiscal_year": 2018,
    "fiscal_quarter": 4,
    "r2_url": "https://pub-2c783279b61043e19fbdadd1bee5153a.r2.dev/MTSI/2018-11-16/MACOM%20Technology%20Solutions%20Holdings%2C%20Inc._2018-11-16_transcript/MACOM%20Technology%20Solutions%20Holdings%2C%20Inc._2018-11-16_transcript.pdf/MACOM%20Technology%20Solutions%20Holdings%2C%20Inc._2018-11-16_transcript.pdf",
    "periodicity": "periodic"
  },
  {
    "equity_ticker": "MTSI",
    "geography": "US",
    "content_name": "MTSI Q4 2018 Press Release",
    "file_type": "pdf",
    "content_type": "annual_report",
    "published_date": "2018-11-16",
    "fiscal_date": "2018-11-16",
    "fiscal_year": 2018,
    "fiscal_quarter": 4,
    "r2_url": "https://pub-2c783279b61043e19fbdadd1bee5153a.r2.dev/MTSI/2018-11-16/4e11b-2023-11-23-05-16-42/4e11b-2023-11-23-05-16-42.pdf/4e11b-2023-11-23-05-16-42.pdf",
    "periodicity": "periodic"
  },
  {
    "equity_ticker": "MTSI",
    "geography": "US",
    "content_name": "MTSI Q3 2018 Transcript",
    "file_type": "pdf",
    "content_type": "earnings_transcript",
    "published_date": "2018-07-31",
    "fiscal_date": "2018-07-31",
    "fiscal_year": 2018,
    "fiscal_quarter": 3,
    "r2_url": "https://pub-2c783279b61043e19fbdadd1bee5153a.r2.dev/MTSI/2018-07-31/MACOM%20Technology%20Solutions%20Holdings%2C%20Inc._2018-07-31_transcript/MACOM%20Technology%20Solutions%20Holdings%2C%20Inc._2018-07-31_transcript.pdf/MACOM%20Technology%20Solutions%20Holdings%2C%20Inc._2018-07-31_transcript.pdf",
    "periodicity": "periodic"
  },
  {
    "equity_ticker": "MTSI",
    "geography": "US",
    "content_name": "MTSI Q2 2018 Transcript",
    "file_type": "pdf",
    "content_type": "earnings_transcript",
    "published_date": "2018-05-02",
    "fiscal_date": "2018-05-02",
    "fiscal_year": 2018,
    "fiscal_quarter": 2,
    "r2_url": "https://pub-2c783279b61043e19fbdadd1bee5153a.r2.dev/MTSI/2018-05-02/MACOM%20Technology%20Solutions%20Holdings%2C%20Inc._2018-05-02_transcript/MACOM%20Technology%20Solutions%20Holdings%2C%20Inc._2018-05-02_transcript.pdf/MACOM%20Technology%20Solutions%20Holdings%2C%20Inc._2018-05-02_transcript.pdf",
    "periodicity": "periodic"
  },
  {
    "equity_ticker": "MTSI",
    "geography": "US",
    "content_name": "MTSI Q1 2018 Transcript",
    "file_type": "pdf",
    "content_type": "earnings_transcript",
    "published_date": "2018-02-06",
    "fiscal_date": "2018-02-06",
    "fiscal_year": 2018,
    "fiscal_quarter": 1,
    "r2_url": "https://pub-2c783279b61043e19fbdadd1bee5153a.r2.dev/MTSI/2018-02-06/MACOM%20Technology%20Solutions%20Holdings%2C%20Inc._2018-02-06_transcript/MACOM%20Technology%20Solutions%20Holdings%2C%20Inc._2018-02-06_transcript.pdf/MACOM%20Technology%20Solutions%20Holdings%2C%20Inc._2018-02-06_transcript.pdf",
    "periodicity": "periodic"
  },
  {
    "equity_ticker": "MTSI",
    "geography": "US",
    "content_name": "MTSI Q4 2017 Transcript",
    "file_type": "pdf",
    "content_type": "earnings_transcript",
    "published_date": "2017-11-15",
    "fiscal_date": "2017-11-15",
    "fiscal_year": 2017,
    "fiscal_quarter": 4,
    "r2_url": "https://pub-2c783279b61043e19fbdadd1bee5153a.r2.dev/MTSI/2017-11-15/MACOM%20Technology%20Solutions%20Holdings%2C%20Inc._2017-11-15_transcript/MACOM%20Technology%20Solutions%20Holdings%2C%20Inc._2017-11-15_transcript.pdf/MACOM%20Technology%20Solutions%20Holdings%2C%20Inc._2017-11-15_transcript.pdf",
    "periodicity": "periodic"
  },
  {
    "equity_ticker": "MTSI",
    "geography": "US",
    "content_name": "MTSI Q4 2017 Press Release",
    "file_type": "pdf",
    "content_type": "annual_report",
    "published_date": "2017-11-15",
    "fiscal_date": "2017-11-15",
    "fiscal_year": 2017,
    "fiscal_quarter": 4,
    "r2_url": "https://pub-2c783279b61043e19fbdadd1bee5153a.r2.dev/MTSI/2017-11-15/cee08-2023-11-23-05-26-42/cee08-2023-11-23-05-26-42.pdf/cee08-2023-11-23-05-26-42.pdf",
    "periodicity": "periodic"
  },
  {
    "equity_ticker": "MTSI",
    "geography": "US",
    "content_name": "MTSI Q3 2017 Transcript",
    "file_type": "pdf",
    "content_type": "earnings_transcript",
    "published_date": "2017-08-01",
    "fiscal_date": "2017-08-01",
    "fiscal_year": 2017,
    "fiscal_quarter": 3,
    "r2_url": "https://pub-2c783279b61043e19fbdadd1bee5153a.r2.dev/MTSI/2017-08-01/MACOM%20Technology%20Solutions%20Holdings%2C%20Inc._2017-08-01_transcript/MACOM%20Technology%20Solutions%20Holdings%2C%20Inc._2017-08-01_transcript.pdf/MACOM%20Technology%20Solutions%20Holdings%2C%20Inc._2017-08-01_transcript.pdf",
    "periodicity": "periodic"
  },
  {
    "equity_ticker": "MTSI",
    "geography": "US",
    "content_name": "MTSI Q2 2017 Transcript",
    "file_type": "pdf",
    "content_type": "earnings_transcript",
    "published_date": "2017-04-25",
    "fiscal_date": "2017-04-25",
    "fiscal_year": 2017,
    "fiscal_quarter": 2,
    "r2_url": "https://pub-2c783279b61043e19fbdadd1bee5153a.r2.dev/MTSI/2017-04-25/MACOM%20Technology%20Solutions%20Holdings%2C%20Inc._2017-04-25_transcript/MACOM%20Technology%20Solutions%20Holdings%2C%20Inc._2017-04-25_transcript.pdf/MACOM%20Technology%20Solutions%20Holdings%2C%20Inc._2017-04-25_transcript.pdf",
    "periodicity": "periodic"
  },
  {
    "equity_ticker": "MTSI",
    "geography": "US",
    "content_name": "MTSI Q1 2017 Transcript",
    "file_type": "pdf",
    "content_type": "earnings_transcript",
    "published_date": "2017-01-31",
    "fiscal_date": "2017-01-31",
    "fiscal_year": 2017,
    "fiscal_quarter": 1,
    "r2_url": "https://pub-2c783279b61043e19fbdadd1bee5153a.r2.dev/MTSI/2017-01-31/MACOM%20Technology%20Solutions%20Holdings%2C%20Inc._2017-01-31_transcript/MACOM%20Technology%20Solutions%20Holdings%2C%20Inc._2017-01-31_transcript.pdf/MACOM%20Technology%20Solutions%20Holdings%2C%20Inc._2017-01-31_transcript.pdf",
    "periodicity": "periodic"
  },
  {
    "equity_ticker": "MTSI",
    "geography": "US",
    "content_name": "MTSI Q4 2016 Transcript",
    "file_type": "pdf",
    "content_type": "earnings_transcript",
    "published_date": "2016-11-17",
    "fiscal_date": "2016-11-17",
    "fiscal_year": 2016,
    "fiscal_quarter": 4,
    "r2_url": "https://pub-2c783279b61043e19fbdadd1bee5153a.r2.dev/MTSI/2016-11-17/MACOM%20Technology%20Solutions%20Holdings%2C%20Inc._2016-11-17_transcript/MACOM%20Technology%20Solutions%20Holdings%2C%20Inc._2016-11-17_transcript.pdf/MACOM%20Technology%20Solutions%20Holdings%2C%20Inc._2016-11-17_transcript.pdf",
    "periodicity": "periodic"
  },
  {
    "equity_ticker": "MTSI",
    "geography": "US",
    "content_name": "MTSI Q4 2016 Press Release",
    "file_type": "pdf",
    "content_type": "annual_report",
    "published_date": "2016-11-17",
    "fiscal_date": "2016-11-17",
    "fiscal_year": 2016,
    "fiscal_quarter": 4,
    "r2_url": "https://pub-2c783279b61043e19fbdadd1bee5153a.r2.dev/MTSI/2016-11-17/153a6-2023-11-23-05-39-42/153a6-2023-11-23-05-39-42.pdf/153a6-2023-11-23-05-39-42.pdf",
    "periodicity": "periodic"
  },
  {
    "equity_ticker": "MTSI",
    "geography": "US",
    "content_name": "MTSI Q3 2016 Transcript",
    "file_type": "pdf",
    "content_type": "earnings_transcript",
    "published_date": "2016-07-26",
    "fiscal_date": "2016-07-26",
    "fiscal_year": 2016,
    "fiscal_quarter": 3,
    "r2_url": "https://pub-2c783279b61043e19fbdadd1bee5153a.r2.dev/MTSI/2016-07-26/MACOM%20Technology%20Solutions%20Holdings%2C%20Inc._2016-07-26_transcript/MACOM%20Technology%20Solutions%20Holdings%2C%20Inc._2016-07-26_transcript.pdf/MACOM%20Technology%20Solutions%20Holdings%2C%20Inc._2016-07-26_transcript.pdf",
    "periodicity": "periodic"
  },
  {
    "equity_ticker": "MTSI",
    "geography": "US",
    "content_name": "MTSI Q2 2016 Transcript",
    "file_type": "pdf",
    "content_type": "earnings_transcript",
    "published_date": "2016-04-27",
    "fiscal_date": "2016-04-27",
    "fiscal_year": 2016,
    "fiscal_quarter": 2,
    "r2_url": "https://pub-2c783279b61043e19fbdadd1bee5153a.r2.dev/MTSI/2016-04-27/MACOM%20Technology%20Solutions%20Holdings%2C%20Inc._2016-04-27_transcript/MACOM%20Technology%20Solutions%20Holdings%2C%20Inc._2016-04-27_transcript.pdf/MACOM%20Technology%20Solutions%20Holdings%2C%20Inc._2016-04-27_transcript.pdf",
    "periodicity": "periodic"
  },
  {
    "equity_ticker": "MTSI",
    "geography": "US",
    "content_name": "MTSI Q1 2016 Transcript",
    "file_type": "pdf",
    "content_type": "earnings_transcript",
    "published_date": "2016-01-27",
    "fiscal_date": "2016-01-27",
    "fiscal_year": 2016,
    "fiscal_quarter": 1,
    "r2_url": "https://pub-2c783279b61043e19fbdadd1bee5153a.r2.dev/MTSI/2016-01-27/MACOM%20Technology%20Solutions%20Holdings%2C%20Inc._2016-01-27_transcript/MACOM%20Technology%20Solutions%20Holdings%2C%20Inc._2016-01-27_transcript.pdf/MACOM%20Technology%20Solutions%20Holdings%2C%20Inc._2016-01-27_transcript.pdf",
    "periodicity": "periodic"
  },
  {
    "equity_ticker": "MTSI",
    "geography": "US",
    "content_name": "MTSI Q4 2015 Transcript",
    "file_type": "pdf",
    "content_type": "earnings_transcript",
    "published_date": "2015-11-24",
    "fiscal_date": "2015-11-24",
    "fiscal_year": 2015,
    "fiscal_quarter": 4,
    "r2_url": "https://pub-2c783279b61043e19fbdadd1bee5153a.r2.dev/MTSI/2015-11-24/MACOM%20Technology%20Solutions%20Holdings%2C%20Inc._2015-11-24_transcript/MACOM%20Technology%20Solutions%20Holdings%2C%20Inc._2015-11-24_transcript.pdf/MACOM%20Technology%20Solutions%20Holdings%2C%20Inc._2015-11-24_transcript.pdf",
    "periodicity": "periodic"
  },
  {
    "equity_ticker": "MTSI",
    "geography": "US",
    "content_name": "MTSI Q4 2015 Press Release",
    "file_type": "pdf",
    "content_type": "annual_report",
    "published_date": "2015-11-24",
    "fiscal_date": "2015-11-24",
    "fiscal_year": 2015,
    "fiscal_quarter": 4,
    "r2_url": "https://pub-2c783279b61043e19fbdadd1bee5153a.r2.dev/MTSI/2015-11-24/16dda-2023-11-23-05-47-42/16dda-2023-11-23-05-47-42.pdf/16dda-2023-11-23-05-47-42.pdf",
    "periodicity": "periodic"
  },
  {
    "equity_ticker": "MTSI",
    "geography": "US",
    "content_name": "MTSI Q3 2015 Transcript",
    "file_type": "pdf",
    "content_type": "earnings_transcript",
    "published_date": "2015-07-29",
    "fiscal_date": "2015-07-29",
    "fiscal_year": 2015,
    "fiscal_quarter": 3,
    "r2_url": "https://pub-2c783279b61043e19fbdadd1bee5153a.r2.dev/MTSI/2015-07-29/MACOM%20Technology%20Solutions%20Holdings%2C%20Inc._2015-07-29_transcript/MACOM%20Technology%20Solutions%20Holdings%2C%20Inc._2015-07-29_transcript.pdf/MACOM%20Technology%20Solutions%20Holdings%2C%20Inc._2015-07-29_transcript.pdf",
    "periodicity": "periodic"
  },
  {
    "equity_ticker": "MTSI",
    "geography": "US",
    "content_name": "MTSI Q2 2015 Transcript",
    "file_type": "pdf",
    "content_type": "earnings_transcript",
    "published_date": "2015-04-28",
    "fiscal_date": "2015-04-28",
    "fiscal_year": 2015,
    "fiscal_quarter": 2,
    "r2_url": "https://pub-2c783279b61043e19fbdadd1bee5153a.r2.dev/MTSI/2015-04-28/MACOM%20Technology%20Solutions%20Holdings%2C%20Inc._2015-04-28_transcript/MACOM%20Technology%20Solutions%20Holdings%2C%20Inc._2015-04-28_transcript.pdf/MACOM%20Technology%20Solutions%20Holdings%2C%20Inc._2015-04-28_transcript.pdf",
    "periodicity": "periodic"
  },
  {
    "equity_ticker": "MTSI",
    "geography": "US",
    "content_name": "MTSI Q1 2015 Transcript",
    "file_type": "pdf",
    "content_type": "earnings_transcript",
    "published_date": "2015-02-03",
    "fiscal_date": "2015-02-03",
    "fiscal_year": 2015,
    "fiscal_quarter": 1,
    "r2_url": "https://pub-2c783279b61043e19fbdadd1bee5153a.r2.dev/MTSI/2015-02-03/MACOM%20Technology%20Solutions%20Holdings%2C%20Inc._2015-02-03_transcript/MACOM%20Technology%20Solutions%20Holdings%2C%20Inc._2015-02-03_transcript.pdf/MACOM%20Technology%20Solutions%20Holdings%2C%20Inc._2015-02-03_transcript.pdf",
    "periodicity": "periodic"
  },
  {
    "equity_ticker": "MTSI",
    "geography": "US",
    "content_name": "MTSI Q4 2014 Transcript",
    "file_type": "pdf",
    "content_type": "earnings_transcript",
    "published_date": "2014-11-18",
    "fiscal_date": "2014-11-18",
    "fiscal_year": 2014,
    "fiscal_quarter": 4,
    "r2_url": "https://pub-2c783279b61043e19fbdadd1bee5153a.r2.dev/MTSI/2014-11-18/MACOM%20Technology%20Solutions%20Holdings%2C%20Inc._2014-11-18_transcript/MACOM%20Technology%20Solutions%20Holdings%2C%20Inc._2014-11-18_transcript.pdf/MACOM%20Technology%20Solutions%20Holdings%2C%20Inc._2014-11-18_transcript.pdf",
    "periodicity": "periodic"
  },
  {
    "equity_ticker": "MTSI",
    "geography": "US",
    "content_name": "MTSI Q3 2014 Transcript",
    "file_type": "pdf",
    "content_type": "earnings_transcript",
    "published_date": "2014-07-29",
    "fiscal_date": "2014-07-29",
    "fiscal_year": 2014,
    "fiscal_quarter": 3,
    "r2_url": "https://pub-2c783279b61043e19fbdadd1bee5153a.r2.dev/MTSI/2014-07-29/MACOM%20Technology%20Solutions%20Holdings%2C%20Inc._2014-07-29_transcript/MACOM%20Technology%20Solutions%20Holdings%2C%20Inc._2014-07-29_transcript.pdf/MACOM%20Technology%20Solutions%20Holdings%2C%20Inc._2014-07-29_transcript.pdf",
    "periodicity": "periodic"
  },
  {
    "equity_ticker": "MTSI",
    "geography": "US",
    "content_name": "MTSI Q2 2014 Transcript",
    "file_type": "pdf",
    "content_type": "earnings_transcript",
    "published_date": "2014-04-29",
    "fiscal_date": "2014-04-29",
    "fiscal_year": 2014,
    "fiscal_quarter": 2,
    "r2_url": "https://pub-2c783279b61043e19fbdadd1bee5153a.r2.dev/MTSI/2014-04-29/MACOM%20Technology%20Solutions%20Holdings%2C%20Inc._2014-04-29_transcript/MACOM%20Technology%20Solutions%20Holdings%2C%20Inc._2014-04-29_transcript.pdf/MACOM%20Technology%20Solutions%20Holdings%2C%20Inc._2014-04-29_transcript.pdf",
    "periodicity": "periodic"
  },
  {
    "equity_ticker": "MTSI",
    "geography": "US",
    "content_name": "MTSI Q1 2014 Transcript",
    "file_type": "pdf",
    "content_type": "earnings_transcript",
    "published_date": "2014-02-10",
    "fiscal_date": "2014-02-10",
    "fiscal_year": 2014,
    "fiscal_quarter": 1,
    "r2_url": "https://pub-2c783279b61043e19fbdadd1bee5153a.r2.dev/MTSI/2014-02-10/MACOM%20Technology%20Solutions%20Holdings%2C%20Inc._2014-02-10_transcript/MACOM%20Technology%20Solutions%20Holdings%2C%20Inc._2014-02-10_transcript.pdf/MACOM%20Technology%20Solutions%20Holdings%2C%20Inc._2014-02-10_transcript.pdf",
    "periodicity": "periodic"
  },
  {
    "equity_ticker": "MTSI",
    "geography": "US",
    "content_name": "MTSI Q4 2013 Transcript",
    "file_type": "pdf",
    "content_type": "earnings_transcript",
    "published_date": "2013-11-05",
    "fiscal_date": "2013-11-05",
    "fiscal_year": 2013,
    "fiscal_quarter": 4,
    "r2_url": "https://pub-2c783279b61043e19fbdadd1bee5153a.r2.dev/MTSI/2013-11-05/MACOM%20Technology%20Solutions%20Holdings%2C%20Inc._2013-11-05_transcript/MACOM%20Technology%20Solutions%20Holdings%2C%20Inc._2013-11-05_transcript.pdf/MACOM%20Technology%20Solutions%20Holdings%2C%20Inc._2013-11-05_transcript.pdf",
    "periodicity": "periodic"
  },
  {
    "equity_ticker": "MTSI",
    "geography": "US",
    "content_name": "MTSI Q3 2013 Transcript",
    "file_type": "pdf",
    "content_type": "earnings_transcript",
    "published_date": "2013-07-30",
    "fiscal_date": "2013-07-30",
    "fiscal_year": 2013,
    "fiscal_quarter": 3,
    "r2_url": "https://pub-2c783279b61043e19fbdadd1bee5153a.r2.dev/MTSI/2013-07-30/MACOM%20Technology%20Solutions%20Holdings%2C%20Inc._2013-07-30_transcript/MACOM%20Technology%20Solutions%20Holdings%2C%20Inc._2013-07-30_transcript.pdf/MACOM%20Technology%20Solutions%20Holdings%2C%20Inc._2013-07-30_transcript.pdf",
    "periodicity": "periodic"
  },
  {
    "equity_ticker": "MTSI",
    "geography": "US",
    "content_name": "MTSI Q2 2013 Transcript",
    "file_type": "pdf",
    "content_type": "earnings_transcript",
    "published_date": "2013-05-01",
    "fiscal_date": "2013-05-01",
    "fiscal_year": 2013,
    "fiscal_quarter": 2,
    "r2_url": "https://pub-2c783279b61043e19fbdadd1bee5153a.r2.dev/MTSI/2013-05-01/MACOM%20Technology%20Solutions%20Holdings%2C%20Inc._2013-05-01_transcript/MACOM%20Technology%20Solutions%20Holdings%2C%20Inc._2013-05-01_transcript.pdf/MACOM%20Technology%20Solutions%20Holdings%2C%20Inc._2013-05-01_transcript.pdf",
    "periodicity": "periodic"
  },
  {
    "equity_ticker": "MTSI",
    "geography": "US",
    "content_name": "MTSI Q1 2013 Transcript",
    "file_type": "pdf",
    "content_type": "earnings_transcript",
    "published_date": "2013-01-29",
    "fiscal_date": "2013-01-29",
    "fiscal_year": 2013,
    "fiscal_quarter": 1,
    "r2_url": "https://pub-2c783279b61043e19fbdadd1bee5153a.r2.dev/MTSI/2013-01-29/MACOM%20Technology%20Solutions%20Holdings%2C%20Inc._2013-01-29_transcript/MACOM%20Technology%20Solutions%20Holdings%2C%20Inc._2013-01-29_transcript.pdf/MACOM%20Technology%20Solutions%20Holdings%2C%20Inc._2013-01-29_transcript.pdf",
    "periodicity": "periodic"
  },
  {
    "equity_ticker": "MTSI",
    "geography": "US",
    "content_name": "MTSI Q1 2025 10-Q",
    "file_type": "pdf",
    "content_type": "quarterly_report",
    "published_date": "2025-02-06",
    "fiscal_date": "2025-01-03",
    "fiscal_year": 2025,
    "fiscal_quarter": 1,
    "r2_url": "https://pub-2c783279b61043e19fbdadd1bee5153a.r2.dev/MTSI/2025-02-06/mtsi-20250103.htm/mtsi-20250103.pdf",
    "periodicity": "periodic"
  },
  {
    "equity_ticker": "MTSI",
    "geography": "US",
    "content_name": "MTSI Q4 2024 10-K",
    "file_type": "pdf",
    "content_type": "annual_report",
    "published_date": "2024-11-12",
    "fiscal_date": "2024-09-27",
    "fiscal_year": 2024,
    "fiscal_quarter": 4,
    "r2_url": "https://pub-2c783279b61043e19fbdadd1bee5153a.r2.dev/MTSI/2024-11-12/mtsi-20240927.htm/mtsi-20240927.pdf",
    "periodicity": "periodic"
  },
  {
    "equity_ticker": "MTSI",
    "geography": "US",
    "content_name": "MTSI Q3 2024 10-Q",
    "file_type": "pdf",
    "content_type": "quarterly_report",
    "published_date": "2024-08-01",
    "fiscal_date": "2024-06-28",
    "fiscal_year": 2024,
    "fiscal_quarter": 3,
    "r2_url": "https://pub-2c783279b61043e19fbdadd1bee5153a.r2.dev/MTSI/2024-08-01/mtsi-20240628.htm/mtsi-20240628.pdf",
    "periodicity": "periodic"
  },
  {
    "equity_ticker": "MTSI",
    "geography": "US",
    "content_name": "MTSI Q2 2024 10-Q",
    "file_type": "pdf",
    "content_type": "quarterly_report",
    "published_date": "2024-05-02",
    "fiscal_date": "2024-03-29",
    "fiscal_year": 2024,
    "fiscal_quarter": 2,
    "r2_url": "https://pub-2c783279b61043e19fbdadd1bee5153a.r2.dev/MTSI/2024-05-02/mtsi-20240329.htm/mtsi-20240329.pdf",
    "periodicity": "periodic"
  },
  {
    "equity_ticker": "MTSI",
    "geography": "US",
    "content_name": "MTSI Q1 2024 10-Q",
    "file_type": "pdf",
    "content_type": "quarterly_report",
    "published_date": "2024-02-01",
    "fiscal_date": "2023-12-29",
    "fiscal_year": 2024,
    "fiscal_quarter": 1,
    "r2_url": "https://pub-2c783279b61043e19fbdadd1bee5153a.r2.dev/MTSI/2024-02-01/mtsi-20231229.htm/mtsi-20231229.pdf",
    "periodicity": "periodic"
  },
  {
    "equity_ticker": "MTSI",
    "geography": "US",
    "content_name": "MTSI Q4 2023 10-K",
    "file_type": "pdf",
    "content_type": "annual_report",
    "published_date": "2023-11-13",
    "fiscal_date": "2023-09-29",
    "fiscal_year": 2023,
    "fiscal_quarter": 4,
    "r2_url": "https://pub-2c783279b61043e19fbdadd1bee5153a.r2.dev/MTSI/2023-11-13/mtsi-20230929.htm/mtsi-20230929.pdf",
    "periodicity": "periodic"
  },
  {
    "equity_ticker": "MTSI",
    "geography": "US",
    "content_name": "MTSI Q3 2023 10-Q",
    "file_type": "pdf",
    "content_type": "quarterly_report",
    "published_date": "2023-08-03",
    "fiscal_date": "2023-06-30",
    "fiscal_year": 2023,
    "fiscal_quarter": 3,
    "r2_url": "https://pub-2c783279b61043e19fbdadd1bee5153a.r2.dev/MTSI/2023-08-03/mtsi-20230630.htm/mtsi-20230630.pdf",
    "periodicity": "periodic"
  },
  {
    "equity_ticker": "MTSI",
    "geography": "US",
    "content_name": "MTSI Q2 2023 10-Q",
    "file_type": "pdf",
    "content_type": "quarterly_report",
    "published_date": "2023-05-04",
    "fiscal_date": "2023-03-31",
    "fiscal_year": 2023,
    "fiscal_quarter": 2,
    "r2_url": "https://pub-2c783279b61043e19fbdadd1bee5153a.r2.dev/MTSI/2023-05-04/mtsi-20230331.htm/mtsi-20230331.pdf",
    "periodicity": "periodic"
  },
  {
    "equity_ticker": "MTSI",
    "geography": "US",
    "content_name": "MTSI Q1 2023 10-Q",
    "file_type": "pdf",
    "content_type": "quarterly_report",
    "published_date": "2023-02-02",
    "fiscal_date": "2022-12-30",
    "fiscal_year": 2023,
    "fiscal_quarter": 1,
    "r2_url": "https://pub-2c783279b61043e19fbdadd1bee5153a.r2.dev/MTSI/2023-02-02/mtsi-20221230.htm/mtsi-20221230.pdf",
    "periodicity": "periodic"
  },
  {
    "equity_ticker": "MTSI",
    "geography": "US",
    "content_name": "MTSI Q4 2022 10-K",
    "file_type": "pdf",
    "content_type": "annual_report",
    "published_date": "2022-11-14",
    "fiscal_date": "2022-09-30",
    "fiscal_year": 2022,
    "fiscal_quarter": 4,
    "r2_url": "https://pub-2c783279b61043e19fbdadd1bee5153a.r2.dev/MTSI/2022-11-14/mtsi-20220930.htm/mtsi-20220930.pdf",
    "periodicity": "periodic"
  },
  {
    "equity_ticker": "MTSI",
    "geography": "US",
    "content_name": "MTSI Q3 2022 10-Q",
    "file_type": "pdf",
    "content_type": "quarterly_report",
    "published_date": "2022-07-28",
    "fiscal_date": "2022-07-01",
    "fiscal_year": 2022,
    "fiscal_quarter": 3,
    "r2_url": "https://pub-2c783279b61043e19fbdadd1bee5153a.r2.dev/MTSI/2022-07-28/mtsi-20220701.htm/mtsi-20220701.pdf",
    "periodicity": "periodic"
  },
  {
    "equity_ticker": "MTSI",
    "geography": "US",
    "content_name": "MTSI Q2 2022 10-Q",
    "file_type": "pdf",
    "content_type": "quarterly_report",
    "published_date": "2022-04-28",
    "fiscal_date": "2022-04-01",
    "fiscal_year": 2022,
    "fiscal_quarter": 2,
    "r2_url": "https://pub-2c783279b61043e19fbdadd1bee5153a.r2.dev/MTSI/2022-04-28/mtsi-20220401.htm/mtsi-20220401.pdf",
    "periodicity": "periodic"
  },
  {
    "equity_ticker": "MTSI",
    "geography": "US",
    "content_name": "MTSI Q1 2022 10-Q",
    "file_type": "pdf",
    "content_type": "quarterly_report",
    "published_date": "2022-01-27",
    "fiscal_date": "2021-12-31",
    "fiscal_year": 2022,
    "fiscal_quarter": 1,
    "r2_url": "https://pub-2c783279b61043e19fbdadd1bee5153a.r2.dev/MTSI/2022-01-27/mtsi-20211231.htm/mtsi-20211231.pdf",
    "periodicity": "periodic"
  },
  {
    "equity_ticker": "MTSI",
    "geography": "US",
    "content_name": "MTSI Q4 2021 10-K",
    "file_type": "pdf",
    "content_type": "annual_report",
    "published_date": "2021-11-15",
    "fiscal_date": "2021-10-01",
    "fiscal_year": 2021,
    "fiscal_quarter": 4,
    "r2_url": "https://pub-2c783279b61043e19fbdadd1bee5153a.r2.dev/MTSI/2021-11-15/mtsi-20211001.htm/mtsi-20211001.pdf",
    "periodicity": "periodic"
  },
  {
    "equity_ticker": "MTSI",
    "geography": "US",
    "content_name": "MTSI Q3 2021 10-Q",
    "file_type": "pdf",
    "content_type": "quarterly_report",
    "published_date": "2021-07-29",
    "fiscal_date": "2021-07-02",
    "fiscal_year": 2021,
    "fiscal_quarter": 3,
    "r2_url": "https://pub-2c783279b61043e19fbdadd1bee5153a.r2.dev/MTSI/2021-07-29/mtsi-20210702.htm/mtsi-20210702.pdf",
    "periodicity": "periodic"
  },
  {
    "equity_ticker": "MTSI",
    "geography": "US",
    "content_name": "MTSI Q2 2021 10-Q",
    "file_type": "pdf",
    "content_type": "quarterly_report",
    "published_date": "2021-04-29",
    "fiscal_date": "2021-04-02",
    "fiscal_year": 2021,
    "fiscal_quarter": 2,
    "r2_url": "https://pub-2c783279b61043e19fbdadd1bee5153a.r2.dev/MTSI/2021-04-29/mtsi-20210402.htm/mtsi-20210402.pdf",
    "periodicity": "periodic"
  },
  {
    "equity_ticker": "MTSI",
    "geography": "US",
    "content_name": "MTSI Q1 2021 10-Q",
    "file_type": "pdf",
    "content_type": "quarterly_report",
    "published_date": "2021-01-28",
    "fiscal_date": "2021-01-01",
    "fiscal_year": 2021,
    "fiscal_quarter": 1,
    "r2_url": "https://pub-2c783279b61043e19fbdadd1bee5153a.r2.dev/MTSI/2021-01-28/mtsi-20210101.htm/mtsi-20210101.pdf",
    "periodicity": "periodic"
  },
  {
    "equity_ticker": "MTSI",
    "geography": "US",
    "content_name": "MTSI Q4 2020 10-K",
    "file_type": "pdf",
    "content_type": "annual_report",
    "published_date": "2020-11-18",
    "fiscal_date": "2020-10-02",
    "fiscal_year": 2020,
    "fiscal_quarter": 4,
    "r2_url": "https://pub-2c783279b61043e19fbdadd1bee5153a.r2.dev/MTSI/2020-11-18/mtsi-20201002.htm/mtsi-20201002.pdf",
    "periodicity": "periodic"
  },
  {
    "equity_ticker": "MTSI",
    "geography": "US",
    "content_name": "MTSI Q3 2020 10-Q",
    "file_type": "pdf",
    "content_type": "quarterly_report",
    "published_date": "2020-07-30",
    "fiscal_date": "2020-07-03",
    "fiscal_year": 2020,
    "fiscal_quarter": 3,
    "r2_url": "https://pub-2c783279b61043e19fbdadd1bee5153a.r2.dev/MTSI/2020-07-30/mtsi-20200703.htm/ix.pdf",
    "periodicity": "periodic"
  },
  {
    "equity_ticker": "MTSI",
    "geography": "US",
    "content_name": "MTSI Q2 2020 10-Q",
    "file_type": "pdf",
    "content_type": "quarterly_report",
    "published_date": "2020-04-30",
    "fiscal_date": "2020-04-03",
    "fiscal_year": 2020,
    "fiscal_quarter": 2,
    "r2_url": "https://pub-2c783279b61043e19fbdadd1bee5153a.r2.dev/MTSI/2020-04-30/mtsi2020q210q.htm/ix.pdf",
    "periodicity": "periodic"
  },
  {
    "equity_ticker": "MTSI",
    "geography": "US",
    "content_name": "MTSI Q1 2020 10-Q",
    "file_type": "pdf",
    "content_type": "quarterly_report",
    "published_date": "2020-01-29",
    "fiscal_date": "2020-01-03",
    "fiscal_year": 2020,
    "fiscal_quarter": 1,
    "r2_url": "https://pub-2c783279b61043e19fbdadd1bee5153a.r2.dev/MTSI/2020-01-29/mtsi2020q110q.htm/ix.pdf",
    "periodicity": "periodic"
  },
  {
    "equity_ticker": "MTSI",
    "geography": "US",
    "content_name": "MTSI Q4 2019 10-K",
    "file_type": "pdf",
    "content_type": "annual_report",
    "published_date": "2019-11-25",
    "fiscal_date": "2019-09-27",
    "fiscal_year": 2019,
    "fiscal_quarter": 4,
    "r2_url": "https://pub-2c783279b61043e19fbdadd1bee5153a.r2.dev/MTSI/2019-11-25/mtsi10-k2019.htm/ix.pdf",
    "periodicity": "periodic"
  },
  {
    "equity_ticker": "MTSI",
    "geography": "US",
    "content_name": "MTSI Q3 2019 10-Q",
    "file_type": "pdf",
    "content_type": "quarterly_report",
    "published_date": "2019-08-06",
    "fiscal_date": "2019-06-28",
    "fiscal_year": 2019,
    "fiscal_quarter": 3,
    "r2_url": "https://pub-2c783279b61043e19fbdadd1bee5153a.r2.dev/MTSI/2019-08-06/mtsi2019q310q.htm/ix.pdf",
    "periodicity": "periodic"
  },
  {
    "equity_ticker": "MTSI",
    "geography": "US",
    "content_name": "MTSI Q2 2019 10-Q",
    "file_type": "pdf",
    "content_type": "quarterly_report",
    "published_date": "2019-05-07",
    "fiscal_date": "2019-03-29",
    "fiscal_year": 2019,
    "fiscal_quarter": 2,
    "r2_url": "https://pub-2c783279b61043e19fbdadd1bee5153a.r2.dev/MTSI/2019-05-07/mtsi2019q210q.htm/ix.pdf",
    "periodicity": "periodic"
  },
  {
    "equity_ticker": "MTSI",
    "geography": "US",
    "content_name": "MTSI Q1 2019 10-Q",
    "file_type": "pdf",
    "content_type": "quarterly_report",
    "published_date": "2019-02-05",
    "fiscal_date": "2018-12-28",
    "fiscal_year": 2019,
    "fiscal_quarter": 1,
    "r2_url": "https://pub-2c783279b61043e19fbdadd1bee5153a.r2.dev/MTSI/2019-02-05/mtsi_2019xq1x10q.htm/mtsi_2019xq1x10q.pdf",
    "periodicity": "periodic"
  },
  {
    "equity_ticker": "MTSI",
    "geography": "US",
    "content_name": "MTSI Q4 2018 10-K",
    "file_type": "pdf",
    "content_type": "annual_report",
    "published_date": "2018-11-15",
    "fiscal_date": "2018-09-28",
    "fiscal_year": 2018,
    "fiscal_quarter": 4,
    "r2_url": "https://pub-2c783279b61043e19fbdadd1bee5153a.r2.dev/MTSI/2018-11-15/mtsi10-k2018.htm/mtsi10-k2018.pdf",
    "periodicity": "periodic"
  },
  {
    "equity_ticker": "MTSI",
    "geography": "US",
    "content_name": "MTSI Q3 2018 10-Q",
    "file_type": "pdf",
    "content_type": "quarterly_report",
    "published_date": "2018-08-01",
    "fiscal_date": "2018-06-29",
    "fiscal_year": 2018,
    "fiscal_quarter": 3,
    "r2_url": "https://pub-2c783279b61043e19fbdadd1bee5153a.r2.dev/MTSI/2018-08-01/mtsi_2018xq3x10q.htm/mtsi_2018xq3x10q.pdf",
    "periodicity": "periodic"
  },
  {
    "equity_ticker": "MTSI",
    "geography": "US",
    "content_name": "MTSI Q2 2018 10-Q",
    "file_type": "pdf",
    "content_type": "quarterly_report",
    "published_date": "2018-05-02",
    "fiscal_date": "2018-03-30",
    "fiscal_year": 2018,
    "fiscal_quarter": 2,
    "r2_url": "https://pub-2c783279b61043e19fbdadd1bee5153a.r2.dev/MTSI/2018-05-02/mtsi_2018xq2x10q.htm/mtsi_2018xq2x10q.pdf",
    "periodicity": "periodic"
  },
  {
    "equity_ticker": "MTSI",
    "geography": "US",
    "content_name": "MTSI Q1 2018 10-Q",
    "file_type": "pdf",
    "content_type": "quarterly_report",
    "published_date": "2018-02-06",
    "fiscal_date": "2017-12-29",
    "fiscal_year": 2018,
    "fiscal_quarter": 1,
    "r2_url": "https://pub-2c783279b61043e19fbdadd1bee5153a.r2.dev/MTSI/2018-02-06/mtsi_2018xq1x10q.htm/mtsi_2018xq1x10q.pdf",
    "periodicity": "periodic"
  },
  {
    "equity_ticker": "MTSI",
    "geography": "US",
    "content_name": "MTSI Q4 2017 10-K",
    "file_type": "pdf",
    "content_type": "annual_report",
    "published_date": "2017-11-15",
    "fiscal_date": "2017-09-29",
    "fiscal_year": 2017,
    "fiscal_quarter": 4,
    "r2_url": "https://pub-2c783279b61043e19fbdadd1bee5153a.r2.dev/MTSI/2017-11-15/mtsi10-k2017.htm/mtsi10-k2017.pdf",
    "periodicity": "periodic"
  },
  {
    "equity_ticker": "MTSI",
    "geography": "US",
    "content_name": "MTSI Q3 2017 10-Q",
    "file_type": "pdf",
    "content_type": "quarterly_report",
    "published_date": "2017-08-02",
    "fiscal_date": "2017-06-30",
    "fiscal_year": 2017,
    "fiscal_quarter": 3,
    "r2_url": "https://pub-2c783279b61043e19fbdadd1bee5153a.r2.dev/MTSI/2017-08-02/mtsi_2017xq3x10q.htm/mtsi_2017xq3x10q.pdf",
    "periodicity": "periodic"
  },
  {
    "equity_ticker": "MTSI",
    "geography": "US",
    "content_name": "MTSI Q2 2017 10-Q",
    "file_type": "pdf",
    "content_type": "quarterly_report",
    "published_date": "2017-04-26",
    "fiscal_date": "2017-03-31",
    "fiscal_year": 2017,
    "fiscal_quarter": 2,
    "r2_url": "https://pub-2c783279b61043e19fbdadd1bee5153a.r2.dev/MTSI/2017-04-26/mtsi_2017xq2x10q.htm/mtsi_2017xq2x10q.pdf",
    "periodicity": "periodic"
  },
  {
    "equity_ticker": "MTSI",
    "geography": "US",
    "content_name": "MTSI Q1 2017 10-Q",
    "file_type": "pdf",
    "content_type": "quarterly_report",
    "published_date": "2017-02-01",
    "fiscal_date": "2016-12-30",
    "fiscal_year": 2017,
    "fiscal_quarter": 1,
    "r2_url": "https://pub-2c783279b61043e19fbdadd1bee5153a.r2.dev/MTSI/2017-02-01/mtsi_2017xq1x10q.htm/mtsi_2017xq1x10q.pdf",
    "periodicity": "periodic"
  },
  {
    "equity_ticker": "MTSI",
    "geography": "US",
    "content_name": "MTSI Q4 2016 10-K",
    "file_type": "pdf",
    "content_type": "annual_report",
    "published_date": "2016-11-17",
    "fiscal_date": "2016-09-30",
    "fiscal_year": 2016,
    "fiscal_quarter": 4,
    "r2_url": "https://pub-2c783279b61043e19fbdadd1bee5153a.r2.dev/MTSI/2016-11-17/mtsi10-k2016.htm/mtsi10-k2016.pdf",
    "periodicity": "periodic"
  },
  {
    "equity_ticker": "MTSI",
    "geography": "US",
    "content_name": "MTSI Q3 2016 10-Q",
    "file_type": "pdf",
    "content_type": "quarterly_report",
    "published_date": "2016-07-27",
    "fiscal_date": "2016-07-01",
    "fiscal_year": 2016,
    "fiscal_quarter": 3,
    "r2_url": "https://pub-2c783279b61043e19fbdadd1bee5153a.r2.dev/MTSI/2016-07-27/mtsi_2016xq3x10q.htm/mtsi_2016xq3x10q.pdf",
    "periodicity": "periodic"
  },
  {
    "equity_ticker": "MTSI",
    "geography": "US",
    "content_name": "MTSI Q2 2016 10-Q",
    "file_type": "pdf",
    "content_type": "quarterly_report",
    "published_date": "2016-04-27",
    "fiscal_date": "2016-04-01",
    "fiscal_year": 2016,
    "fiscal_quarter": 2,
    "r2_url": "https://pub-2c783279b61043e19fbdadd1bee5153a.r2.dev/MTSI/2016-04-27/d173646d10q.htm/d173646d10q.pdf",
    "periodicity": "periodic"
  },
  {
    "equity_ticker": "MTSI",
    "geography": "US",
    "content_name": "MTSI Q1 2016 10-Q",
    "file_type": "pdf",
    "content_type": "quarterly_report",
    "published_date": "2016-01-27",
    "fiscal_date": "2016-01-01",
    "fiscal_year": 2016,
    "fiscal_quarter": 1,
    "r2_url": "https://pub-2c783279b61043e19fbdadd1bee5153a.r2.dev/MTSI/2016-01-27/d122359d10q.htm/d122359d10q.pdf",
    "periodicity": "periodic"
  },
  {
    "equity_ticker": "MTSI",
    "geography": "US",
    "content_name": "MTSI Q4 2015 10-K",
    "file_type": "pdf",
    "content_type": "annual_report",
    "published_date": "2015-11-24",
    "fiscal_date": "2015-10-02",
    "fiscal_year": 2015,
    "fiscal_quarter": 4,
    "r2_url": "https://pub-2c783279b61043e19fbdadd1bee5153a.r2.dev/MTSI/2015-11-24/d92356d10k.htm/d92356d10k.pdf",
    "periodicity": "periodic"
  },
  {
    "equity_ticker": "MTSI",
    "geography": "US",
    "content_name": "MTSI Q3 2015 10-Q",
    "file_type": "pdf",
    "content_type": "quarterly_report",
    "published_date": "2015-08-12",
    "fiscal_date": "2015-07-03",
    "fiscal_year": 2015,
    "fiscal_quarter": 3,
    "r2_url": "https://pub-2c783279b61043e19fbdadd1bee5153a.r2.dev/MTSI/2015-08-12/d13656d10q.htm/d13656d10q.pdf",
    "periodicity": "periodic"
  },
  {
    "equity_ticker": "MTSI",
    "geography": "US",
    "content_name": "MTSI Q2 2015 10-Q",
    "file_type": "pdf",
    "content_type": "quarterly_report",
    "published_date": "2015-05-13",
    "fiscal_date": "2015-04-03",
    "fiscal_year": 2015,
    "fiscal_quarter": 2,
    "r2_url": "https://pub-2c783279b61043e19fbdadd1bee5153a.r2.dev/MTSI/2015-05-13/d915750d10q.htm/d915750d10q.pdf",
    "periodicity": "periodic"
  },
  {
    "equity_ticker": "MTSI",
    "geography": "US",
    "content_name": "MTSI Q1 2015 10-Q",
    "file_type": "pdf",
    "content_type": "quarterly_report",
    "published_date": "2015-02-02",
    "fiscal_date": "2015-01-02",
    "fiscal_year": 2015,
    "fiscal_quarter": 1,
    "r2_url": "https://pub-2c783279b61043e19fbdadd1bee5153a.r2.dev/MTSI/2015-02-02/d850710d10q.htm/d850710d10q.pdf",
    "periodicity": "periodic"
  },
  {
    "equity_ticker": "MTSI",
    "geography": "US",
    "content_name": "MTSI Q4 2014 10-K",
    "file_type": "pdf",
    "content_type": "annual_report",
    "published_date": "2014-12-09",
    "fiscal_date": "2014-10-03",
    "fiscal_year": 2014,
    "fiscal_quarter": 4,
    "r2_url": "https://pub-2c783279b61043e19fbdadd1bee5153a.r2.dev/MTSI/2014-12-09/d817839d10k.htm/d817839d10k.pdf",
    "periodicity": "periodic"
  },
  {
    "equity_ticker": "MTSI",
    "geography": "US",
    "content_name": "MTSI Q3 2014 10-Q",
    "file_type": "pdf",
    "content_type": "quarterly_report",
    "published_date": "2014-08-01",
    "fiscal_date": "2014-07-04",
    "fiscal_year": 2014,
    "fiscal_quarter": 3,
    "r2_url": "https://pub-2c783279b61043e19fbdadd1bee5153a.r2.dev/MTSI/2014-08-01/d762761d10q.htm/d762761d10q.pdf",
    "periodicity": "periodic"
  },
  {
    "equity_ticker": "MTSI",
    "geography": "US",
    "content_name": "MTSI Q2 2014 10-Q",
    "file_type": "pdf",
    "content_type": "quarterly_report",
    "published_date": "2014-05-12",
    "fiscal_date": "2014-04-04",
    "fiscal_year": 2014,
    "fiscal_quarter": 2,
    "r2_url": "https://pub-2c783279b61043e19fbdadd1bee5153a.r2.dev/MTSI/2014-05-12/d709042d10q.htm/d709042d10q.pdf",
    "periodicity": "periodic"
  },
  {
    "equity_ticker": "MTSI",
    "geography": "US",
    "content_name": "MTSI Q1 2014 10-Q",
    "file_type": "pdf",
    "content_type": "quarterly_report",
    "published_date": "2014-02-12",
    "fiscal_date": "2014-01-03",
    "fiscal_year": 2014,
    "fiscal_quarter": 1,
    "r2_url": "https://pub-2c783279b61043e19fbdadd1bee5153a.r2.dev/MTSI/2014-02-12/d667632d10q.htm/d667632d10q.pdf",
    "periodicity": "periodic"
  },
  {
    "equity_ticker": "MTSI",
    "geography": "US",
    "content_name": "MTSI Q4 2013 10-K",
    "file_type": "pdf",
    "content_type": "annual_report",
    "published_date": "2013-12-04",
    "fiscal_date": "2013-09-27",
    "fiscal_year": 2013,
    "fiscal_quarter": 4,
    "r2_url": "https://pub-2c783279b61043e19fbdadd1bee5153a.r2.dev/MTSI/2013-12-04/d616377d10k.htm/d616377d10k.pdf",
    "periodicity": "periodic"
  },
  {
    "equity_ticker": "MTSI",
    "geography": "US",
    "content_name": "MTSI Q3 2013 10-Q",
    "file_type": "pdf",
    "content_type": "quarterly_report",
    "published_date": "2013-08-05",
    "fiscal_date": "2013-06-28",
    "fiscal_year": 2013,
    "fiscal_quarter": 3,
    "r2_url": "https://pub-2c783279b61043e19fbdadd1bee5153a.r2.dev/MTSI/2013-08-05/d561222d10q.htm/d561222d10q.pdf",
    "periodicity": "periodic"
  },
  {
    "equity_ticker": "MTSI",
    "geography": "US",
    "content_name": "MTSI Q2 2013 10-Q",
    "file_type": "pdf",
    "content_type": "quarterly_report",
    "published_date": "2013-05-03",
    "fiscal_date": "2013-03-29",
    "fiscal_year": 2013,
    "fiscal_quarter": 2,
    "r2_url": "https://pub-2c783279b61043e19fbdadd1bee5153a.r2.dev/MTSI/2013-05-03/d519538d10q.htm/d519538d10q.pdf",
    "periodicity": "periodic"
  },
  {
    "equity_ticker": "MTSI",
    "geography": "US",
    "content_name": "MTSI Q1 2013 10-Q",
    "file_type": "pdf",
    "content_type": "quarterly_report",
    "published_date": "2013-02-01",
    "fiscal_date": "2012-12-28",
    "fiscal_year": 2013,
    "fiscal_quarter": 1,
    "r2_url": "https://pub-2c783279b61043e19fbdadd1bee5153a.r2.dev/MTSI/2013-02-01/d462259d10q.htm/d462259d10q.pdf",
    "periodicity": "periodic"
  },
  {
    "equity_ticker": "MTSI",
    "geography": "US",
    "content_name": "MTSI Q4 2012 10-K",
    "file_type": "pdf",
    "content_type": "annual_report",
    "published_date": "2012-11-27",
    "fiscal_date": "2012-09-28",
    "fiscal_year": 2012,
    "fiscal_quarter": 4,
    "r2_url": "https://pub-2c783279b61043e19fbdadd1bee5153a.r2.dev/MTSI/2012-11-27/d431171d10k.htm/d431171d10k.pdf",
    "periodicity": "periodic"
  },
  {
    "equity_ticker": "MTSI",
    "geography": "US",
    "content_name": "MTSI Q3 2012 10-Q",
    "file_type": "pdf",
    "content_type": "quarterly_report",
    "published_date": "2012-08-07",
    "fiscal_date": "2012-06-29",
    "fiscal_year": 2012,
    "fiscal_quarter": 3,
    "r2_url": "https://pub-2c783279b61043e19fbdadd1bee5153a.r2.dev/MTSI/2012-08-07/d351140d10q.htm/d351140d10q.pdf",
    "periodicity": "periodic"
  },
  {
    "equity_ticker": "MTSI",
    "geography": "US",
    "content_name": "MTSI Q2 2012 10-Q",
    "file_type": "pdf",
    "content_type": "quarterly_report",
    "published_date": "2012-05-10",
    "fiscal_date": "2012-03-30",
    "fiscal_year": 2012,
    "fiscal_quarter": 2,
    "r2_url": "https://pub-2c783279b61043e19fbdadd1bee5153a.r2.dev/MTSI/2012-05-10/d341560d10q.htm/d341560d10q.pdf",
    "periodicity": "periodic"
  },
  {
    "equity_ticker": "MTSI",
    "geography": "US",
    "content_name": "MTSI Q1 2012 10-Q",
    "file_type": "pdf",
    "content_type": "quarterly_report",
    "published_date": "2009-11-16",
    "fiscal_date": "2009-09-30",
    "fiscal_year": 2012,
    "fiscal_quarter": 1,
    "r2_url": "https://pub-2c783279b61043e19fbdadd1bee5153a.r2.dev/MTSI/2009-11-16/d10q.htm/d10q.pdf",
    "periodicity": "periodic"
  },
  {
    "equity_ticker": "MTSI",
    "geography": "US",
    "content_name": "MTSI Q4 2009 10-Q",
    "file_type": "pdf",
    "content_type": "quarterly_report",
    "published_date": "2009-08-14",
    "fiscal_date": "2009-06-30",
    "fiscal_year": 2009,
    "fiscal_quarter": 4,
    "r2_url": "https://pub-2c783279b61043e19fbdadd1bee5153a.r2.dev/MTSI/2009-08-14/e10q09june30.htm/e10q09june30.pdf",
    "periodicity": "periodic"
  },
  {
    "equity_ticker": "MTSI",
    "geography": "US",
    "content_name": "MTSI Q3 2009 10-K",
    "file_type": "pdf",
    "content_type": "annual_report",
    "published_date": "2009-06-22",
    "fiscal_date": "2009-03-31",
    "fiscal_year": 2009,
    "fiscal_quarter": 3,
    "r2_url": "https://pub-2c783279b61043e19fbdadd1bee5153a.r2.dev/MTSI/2009-06-22/e0910kmarch31.htm/e0910kmarch31.pdf",
    "periodicity": "periodic"
  },
  {
    "equity_ticker": "MTSI",
    "geography": "US",
    "content_name": "MTSI Q2 2009 10-Q",
    "file_type": "pdf",
    "content_type": "quarterly_report",
    "published_date": "2009-02-17",
    "fiscal_date": "2008-12-31",
    "fiscal_year": 2009,
    "fiscal_quarter": 2,
    "r2_url": "https://pub-2c783279b61043e19fbdadd1bee5153a.r2.dev/MTSI/2009-02-17/e08dec3110q.htm/e08dec3110q.pdf",
    "periodicity": "periodic"
  },
  {
    "equity_ticker": "MTSI",
    "geography": "US",
    "content_name": "MTSI Q1 2009 10-Q",
    "file_type": "pdf",
    "content_type": "quarterly_report",
    "published_date": "2008-11-14",
    "fiscal_date": "2008-09-30",
    "fiscal_year": 2009,
    "fiscal_quarter": 1,
    "r2_url": "https://pub-2c783279b61043e19fbdadd1bee5153a.r2.dev/MTSI/2008-11-14/e08sept3010q.htm/e08sept3010q.pdf",
    "periodicity": "periodic"
  },
  {
    "equity_ticker": "MTSI",
    "geography": "US",
    "content_name": "MTSI Q4 2008 10-Q",
    "file_type": "pdf",
    "content_type": "quarterly_report",
    "published_date": "2008-08-14",
    "fiscal_date": "2008-06-30",
    "fiscal_year": 2008,
    "fiscal_quarter": 4,
    "r2_url": "https://pub-2c783279b61043e19fbdadd1bee5153a.r2.dev/MTSI/2008-08-14/e0810june30.htm/e0810june30.pdf",
    "periodicity": "periodic"
  },
  {
    "equity_ticker": "MTSI",
    "geography": "US",
    "content_name": "MTSI Q3 2008 10-K",
    "file_type": "pdf",
    "content_type": "annual_report",
    "published_date": "2008-06-30",
    "fiscal_date": "2008-03-31",
    "fiscal_year": 2008,
    "fiscal_quarter": 3,
    "r2_url": "https://pub-2c783279b61043e19fbdadd1bee5153a.r2.dev/MTSI/2008-06-30/e0810kmarch31.htm/e0810kmarch31.pdf",
    "periodicity": "periodic"
  },
  {
    "equity_ticker": "MTSI",
    "geography": "US",
    "content_name": "MTSI Q2 2008 10-Q",
    "file_type": "pdf",
    "content_type": "quarterly_report",
    "published_date": "2008-02-14",
    "fiscal_date": "2007-12-31",
    "fiscal_year": 2008,
    "fiscal_quarter": 2,
    "r2_url": "https://pub-2c783279b61043e19fbdadd1bee5153a.r2.dev/MTSI/2008-02-14/e0710qdec31.htm/e0710qdec31.pdf",
    "periodicity": "periodic"
  },
  {
    "equity_ticker": "MTSI",
    "geography": "US",
    "content_name": "MTSI Q1 2008 10-Q",
    "file_type": "pdf",
    "content_type": "quarterly_report",
    "published_date": "2007-11-14",
    "fiscal_date": "2007-09-30",
    "fiscal_year": 2008,
    "fiscal_quarter": 1,
    "r2_url": "https://pub-2c783279b61043e19fbdadd1bee5153a.r2.dev/MTSI/2007-11-14/e0710qsept30.htm/e0710qsept30.pdf",
    "periodicity": "periodic"
  },
  {
    "equity_ticker": "MTSI",
    "geography": "US",
    "content_name": "MTSI Q4 2007 10-Q",
    "file_type": "pdf",
    "content_type": "quarterly_report",
    "published_date": "2007-08-14",
    "fiscal_date": "2007-06-30",
    "fiscal_year": 2007,
    "fiscal_quarter": 4,
    "r2_url": "https://pub-2c783279b61043e19fbdadd1bee5153a.r2.dev/MTSI/2007-08-14/e0710qjune30.htm/e0710qjune30.pdf",
    "periodicity": "periodic"
  },
  {
    "equity_ticker": "MTSI",
    "geography": "US",
    "content_name": "MTSI Q3 2007 10-K",
    "file_type": "pdf",
    "content_type": "annual_report",
    "published_date": "2007-06-29",
    "fiscal_date": "2007-03-31",
    "fiscal_year": 2007,
    "fiscal_quarter": 3,
    "r2_url": "https://pub-2c783279b61043e19fbdadd1bee5153a.r2.dev/MTSI/2007-06-29/e0710kmarch31.htm/e0710kmarch31.pdf",
    "periodicity": "periodic"
  },
  {
    "equity_ticker": "MTSI",
    "geography": "US",
    "content_name": "MTSI Q2 2007 10-Q",
    "file_type": "pdf",
    "content_type": "quarterly_report",
    "published_date": "2007-02-14",
    "fiscal_date": "2006-12-31",
    "fiscal_year": 2007,
    "fiscal_quarter": 2,
    "r2_url": "https://pub-2c783279b61043e19fbdadd1bee5153a.r2.dev/MTSI/2007-02-14/e0610qdec31.htm/e0610qdec31.pdf",
    "periodicity": "periodic"
  },
  {
    "equity_ticker": "MTSI",
    "geography": "US",
    "content_name": "MTSI Q1 2007 10-Q",
    "file_type": "pdf",
    "content_type": "quarterly_report",
    "published_date": "2006-11-14",
    "fiscal_date": "2006-09-30",
    "fiscal_year": 2007,
    "fiscal_quarter": 1,
    "r2_url": "https://pub-2c783279b61043e19fbdadd1bee5153a.r2.dev/MTSI/2006-11-14/e0610qsept30.htm/e0610qsept30.pdf",
    "periodicity": "periodic"
  },
  {
    "equity_ticker": "MTSI",
    "geography": "US",
    "content_name": "MTSI Q4 2006 10-Q",
    "file_type": "pdf",
    "content_type": "quarterly_report",
    "published_date": "2006-08-14",
    "fiscal_date": "2006-06-30",
    "fiscal_year": 2006,
    "fiscal_quarter": 4,
    "r2_url": "https://pub-2c783279b61043e19fbdadd1bee5153a.r2.dev/MTSI/2006-08-14/e0610qjune30.htm/e0610qjune30.pdf",
    "periodicity": "periodic"
  },
  {
    "equity_ticker": "MTSI",
    "geography": "US",
    "content_name": "MTSI Q3 2006 10-K",
    "file_type": "pdf",
    "content_type": "annual_report",
    "published_date": "2006-07-06",
    "fiscal_date": "2006-03-31",
    "fiscal_year": 2006,
    "fiscal_quarter": 3,
    "r2_url": "https://pub-2c783279b61043e19fbdadd1bee5153a.r2.dev/MTSI/2006-07-06/e0610kmarch31.htm/e0610kmarch31.pdf",
    "periodicity": "periodic"
  },
  {
    "equity_ticker": "MTSI",
    "geography": "US",
    "content_name": "MTSI Q2 2006 10-Q",
    "file_type": "pdf",
    "content_type": "quarterly_report",
    "published_date": "2006-02-13",
    "fiscal_date": "2005-12-31",
    "fiscal_year": 2006,
    "fiscal_quarter": 2,
    "r2_url": "https://pub-2c783279b61043e19fbdadd1bee5153a.r2.dev/MTSI/2006-02-13/e05dec3110q.htm/e05dec3110q.pdf",
    "periodicity": "periodic"
  },
  {
    "equity_ticker": "MTSI",
    "geography": "US",
    "content_name": "MTSI Q1 2006 10-Q",
    "file_type": "pdf",
    "content_type": "quarterly_report",
    "published_date": "2005-11-14",
    "fiscal_date": "2005-09-30",
    "fiscal_year": 2006,
    "fiscal_quarter": 1,
    "r2_url": "https://pub-2c783279b61043e19fbdadd1bee5153a.r2.dev/MTSI/2005-11-14/e10q05sept30.htm/e10q05sept30.pdf",
    "periodicity": "periodic"
  },
  {
    "equity_ticker": "MTSI",
    "geography": "US",
    "content_name": "MTSI Q4 2005 10-Q",
    "file_type": "pdf",
    "content_type": "quarterly_report",
    "published_date": "2005-08-10",
    "fiscal_date": "2005-06-30",
    "fiscal_year": 2005,
    "fiscal_quarter": 4,
    "r2_url": "https://pub-2c783279b61043e19fbdadd1bee5153a.r2.dev/MTSI/2005-08-10/e10q05june30.htm/e10q05june30.pdf",
    "periodicity": "periodic"
  },
  {
    "equity_ticker": "MTSI",
    "geography": "US",
    "content_name": "MTSI Q3 2005 10-K",
    "file_type": "pdf",
    "content_type": "annual_report",
    "published_date": "2005-06-28",
    "fiscal_date": "2005-03-31",
    "fiscal_year": 2005,
    "fiscal_quarter": 3,
    "r2_url": "https://pub-2c783279b61043e19fbdadd1bee5153a.r2.dev/MTSI/2005-06-28/e0510kmarch31.htm/e0510kmarch31.pdf",
    "periodicity": "periodic"
  },
  {
    "equity_ticker": "MTSI",
    "geography": "US",
    "content_name": "MTSI Q2 2005 10-Q",
    "file_type": "pdf",
    "content_type": "quarterly_report",
    "published_date": "2005-02-11",
    "fiscal_date": "2004-12-31",
    "fiscal_year": 2005,
    "fiscal_quarter": 2,
    "r2_url": "https://pub-2c783279b61043e19fbdadd1bee5153a.r2.dev/MTSI/2005-02-11/e10q04dec31.htm/e10q04dec31.pdf",
    "periodicity": "periodic"
  },
  {
    "equity_ticker": "MTSI",
    "geography": "US",
    "content_name": "MTSI Q1 2005 10-Q",
    "file_type": "pdf",
    "content_type": "quarterly_report",
    "published_date": "2004-11-15",
    "fiscal_date": "2004-09-30",
    "fiscal_year": 2005,
    "fiscal_quarter": 1,
    "r2_url": "https://pub-2c783279b61043e19fbdadd1bee5153a.r2.dev/MTSI/2004-11-15/e0410sept30.htm/e0410sept30.pdf",
    "periodicity": "periodic"
  },
  {
    "equity_ticker": "MTSI",
    "geography": "US",
    "content_name": "MTSI Q4 2004 10-Q",
    "file_type": "pdf",
    "content_type": "quarterly_report",
    "published_date": "2004-08-16",
    "fiscal_date": "2004-06-30",
    "fiscal_year": 2004,
    "fiscal_quarter": 4,
    "r2_url": "https://pub-2c783279b61043e19fbdadd1bee5153a.r2.dev/MTSI/2004-08-16/e0410q630.htm/e0410q630.pdf",
    "periodicity": "periodic"
  },
  {
    "equity_ticker": "MTSI",
    "geography": "US",
    "content_name": "MTSI Q3 2004 10-K",
    "file_type": "pdf",
    "content_type": "annual_report",
    "published_date": "2004-06-29",
    "fiscal_date": "2004-03-31",
    "fiscal_year": 2004,
    "fiscal_quarter": 3,
    "r2_url": "https://pub-2c783279b61043e19fbdadd1bee5153a.r2.dev/MTSI/2004-06-29/e0410k331.htm/e0410k331.pdf",
    "periodicity": "periodic"
  },
  {
    "equity_ticker": "MTSI",
    "geography": "US",
    "content_name": "MTSI Q2 2004 10-Q",
    "file_type": "pdf",
    "content_type": "quarterly_report",
    "published_date": "2004-02-17",
    "fiscal_date": "2003-12-31",
    "fiscal_year": 2004,
    "fiscal_quarter": 2,
    "r2_url": "https://pub-2c783279b61043e19fbdadd1bee5153a.r2.dev/MTSI/2004-02-17/e10q03dec31.htm/e10q03dec31.pdf",
    "periodicity": "periodic"
  },
  {
    "equity_ticker": "MTSI",
    "geography": "US",
    "content_name": "MTSI Q1 2004 10-Q",
    "file_type": "pdf",
    "content_type": "quarterly_report",
    "published_date": "2003-11-13",
    "fiscal_date": "2003-09-30",
    "fiscal_year": 2004,
    "fiscal_quarter": 1,
    "r2_url": "https://pub-2c783279b61043e19fbdadd1bee5153a.r2.dev/MTSI/2003-11-13/e0310q930.htm/e0310q930.pdf",
    "periodicity": "periodic"
  },
  {
    "equity_ticker": "MTSI",
    "geography": "US",
    "content_name": "MTSI Q4 2003 10-Q",
    "file_type": "pdf",
    "content_type": "quarterly_report",
    "published_date": "2003-08-13",
    "fiscal_date": "2003-06-30",
    "fiscal_year": 2003,
    "fiscal_quarter": 4,
    "r2_url": "https://pub-2c783279b61043e19fbdadd1bee5153a.r2.dev/MTSI/2003-08-13/e0310q630.htm/e0310q630.pdf",
    "periodicity": "periodic"
  },
  {
    "equity_ticker": "MTSI",
    "geography": "US",
    "content_name": "MTSI Q3 2003 10-K",
    "file_type": "pdf",
    "content_type": "annual_report",
    "published_date": "2003-06-30",
    "fiscal_date": "2003-03-31",
    "fiscal_year": 2003,
    "fiscal_quarter": 3,
    "r2_url": "https://pub-2c783279b61043e19fbdadd1bee5153a.r2.dev/MTSI/2003-06-30/e0310k331.htm/e0310k331.pdf",
    "periodicity": "periodic"
  },
  {
    "equity_ticker": "MTSI",
    "geography": "US",
    "content_name": "MTSI Q2 2003 10-Q",
    "file_type": "pdf",
    "content_type": "quarterly_report",
    "published_date": "2003-02-13",
    "fiscal_date": "2002-12-31",
    "fiscal_year": 2003,
    "fiscal_quarter": 2,
    "r2_url": "https://pub-2c783279b61043e19fbdadd1bee5153a.r2.dev/MTSI/2003-02-13/e10q123102.txt/e10q123102.pdf",
    "periodicity": "periodic"
  },
  {
    "equity_ticker": "MTSI",
    "geography": "US",
    "content_name": "MTSI Q1 2003 10-Q",
    "file_type": "pdf",
    "content_type": "quarterly_report",
    "published_date": "2002-11-14",
    "fiscal_date": "2002-09-30",
    "fiscal_year": 2003,
    "fiscal_quarter": 1,
    "r2_url": "https://pub-2c783279b61043e19fbdadd1bee5153a.r2.dev/MTSI/2002-11-14/e10q93092.txt/e10q93092.pdf",
    "periodicity": "periodic"
  },
  {
    "equity_ticker": "MTSI",
    "geography": "US",
    "content_name": "MTSI Q4 2002 10-Q",
    "file_type": "pdf",
    "content_type": "quarterly_report",
    "published_date": "2002-08-14",
    "fiscal_date": "2002-06-30",
    "fiscal_year": 2002,
    "fiscal_quarter": 4,
    "r2_url": "https://pub-2c783279b61043e19fbdadd1bee5153a.r2.dev/MTSI/2002-08-14/e10q63002.txt/e10q63002.pdf",
    "periodicity": "periodic"
  },
  {
    "equity_ticker": "MTSI",
    "geography": "US",
    "content_name": "MTSI Q3 2002 10-K",
    "file_type": "pdf",
    "content_type": "annual_report",
    "published_date": "2002-07-01",
    "fiscal_date": "2002-03-31",
    "fiscal_year": 2002,
    "fiscal_quarter": 3,
    "r2_url": "https://pub-2c783279b61043e19fbdadd1bee5153a.r2.dev/MTSI/2002-07-01/e10k33102.txt/e10k33102.pdf",
    "periodicity": "periodic"
  },
  {
    "equity_ticker": "MTSI",
    "geography": "US",
    "content_name": "MTSI Q2 2002 10-Q",
    "file_type": "pdf",
    "content_type": "quarterly_report",
    "published_date": "2002-02-05",
    "fiscal_date": "2001-12-31",
    "fiscal_year": 2002,
    "fiscal_quarter": 2,
    "r2_url": "https://pub-2c783279b61043e19fbdadd1bee5153a.r2.dev/MTSI/2002-02-05/e10q123101.txt/e10q123101.pdf",
    "periodicity": "periodic"
  },
  {
    "equity_ticker": "MTSI",
    "geography": "US",
    "content_name": "MTSI Q1 2002 10-Q",
    "file_type": "pdf",
    "content_type": "quarterly_report",
    "published_date": "2001-11-13",
    "fiscal_date": "2001-09-30",
    "fiscal_year": 2002,
    "fiscal_quarter": 1,
    "r2_url": "https://pub-2c783279b61043e19fbdadd1bee5153a.r2.dev/MTSI/2001-11-13/e10qsep3001.txt/e10qsep3001.pdf",
    "periodicity": "periodic"
  },
  {
    "equity_ticker": "MTSI",
    "geography": "US",
    "content_name": "MTSI Q4 2001 10-Q",
    "file_type": "pdf",
    "content_type": "quarterly_report",
    "published_date": "2001-08-14",
    "fiscal_date": "2001-06-30",
    "fiscal_year": 2001,
    "fiscal_quarter": 4,
    "r2_url": "https://pub-2c783279b61043e19fbdadd1bee5153a.r2.dev/MTSI/2001-08-14/e10q63001.txt/e10q63001.pdf",
    "periodicity": "periodic"
  },
  {
    "equity_ticker": "MTSI",
    "geography": "US",
    "content_name": "MTSI Q3 2001 10-Q",
    "file_type": "pdf",
    "content_type": "quarterly_report",
    "published_date": "2001-02-06",
    "fiscal_date": "2000-12-31",
    "fiscal_year": 2001,
    "fiscal_quarter": 3,
    "r2_url": "https://pub-2c783279b61043e19fbdadd1bee5153a.r2.dev/MTSI/2001-02-06/0000823560-01-000001-0001.txt/0000823560-01-000001-0001.pdf",
    "periodicity": "periodic"
  },
  {
    "equity_ticker": "MTSI",
    "geography": "US",
    "content_name": "MTSI Q2 2001 10-Q",
    "file_type": "pdf",
    "content_type": "quarterly_report",
    "published_date": "2000-11-09",
    "fiscal_date": "2000-09-30",
    "fiscal_year": 2001,
    "fiscal_quarter": 2,
    "r2_url": "https://pub-2c783279b61043e19fbdadd1bee5153a.r2.dev/MTSI/2000-11-09/0000927016-00-003798-0001.txt/0000927016-00-003798-0001.pdf",
    "periodicity": "periodic"
  },
  {
    "equity_ticker": "MTSI",
    "geography": "US",
    "content_name": "MTSI Q1 2001 10-Q",
    "file_type": "pdf",
    "content_type": "quarterly_report",
    "published_date": "2000-11-07",
    "fiscal_date": "2000-09-30",
    "fiscal_year": 2001,
    "fiscal_quarter": 1,
    "r2_url": "https://pub-2c783279b61043e19fbdadd1bee5153a.r2.dev/MTSI/2000-11-07/0000823560-00-000015-0001.txt/0000823560-00-000015-0001.pdf",
    "periodicity": "periodic"
  },
  {
    "equity_ticker": "MTSI",
    "geography": "US",
    "content_name": "MTSI Q4 2000 10-Q",
    "file_type": "pdf",
    "content_type": "quarterly_report",
    "published_date": "2000-08-15",
    "fiscal_date": "2000-07-01",
    "fiscal_year": 2000,
    "fiscal_quarter": 4,
    "r2_url": "https://pub-2c783279b61043e19fbdadd1bee5153a.r2.dev/MTSI/2000-08-15/0000927016-00-003045-0001.txt/0000927016-00-003045-0001.pdf",
    "periodicity": "periodic"
  },
  {
    "equity_ticker": "MTSI",
    "geography": "US",
    "content_name": "MTSI Q3 2000 10-Q",
    "file_type": "pdf",
    "content_type": "quarterly_report",
    "published_date": "2000-08-09",
    "fiscal_date": "2000-06-30",
    "fiscal_year": 2000,
    "fiscal_quarter": 3,
    "r2_url": "https://pub-2c783279b61043e19fbdadd1bee5153a.r2.dev/MTSI/2000-08-09/0000823560-00-000010-0001.txt/0000823560-00-000010-0001.pdf",
    "periodicity": "periodic"
  },
  {
    "equity_ticker": "MTSI",
    "geography": "US",
    "content_name": "MTSI Q2 2000 10-K",
    "file_type": "pdf",
    "content_type": "annual_report",
    "published_date": "2000-07-06",
    "fiscal_date": "2000-03-31",
    "fiscal_year": 2000,
    "fiscal_quarter": 2,
    "r2_url": "https://pub-2c783279b61043e19fbdadd1bee5153a.r2.dev/MTSI/2000-07-06/0000823560-00-000007-0001.txt/0000823560-00-000007-0001.pdf",
    "periodicity": "periodic"
  },
  {
    "equity_ticker": "MTSI",
    "geography": "US",
    "content_name": "MTSI Q4 1999 10-K",
    "file_type": "pdf",
    "content_type": "annual_report",
    "published_date": "2000-02-29",
    "fiscal_date": "1999-12-31",
    "fiscal_year": 1999,
    "fiscal_quarter": 4,
    "r2_url": "https://pub-2c783279b61043e19fbdadd1bee5153a.r2.dev/MTSI/2000-02-29/.pdf",
    "periodicity": "periodic"
  },
  {
    "equity_ticker": "MTSI",
    "geography": "US",
    "content_name": "MTSI Q3 1999 10-Q",
    "file_type": "pdf",
    "content_type": "quarterly_report",
    "published_date": "2000-02-14",
    "fiscal_date": "1999-12-31",
    "fiscal_year": 1999,
    "fiscal_quarter": 3,
    "r2_url": "https://pub-2c783279b61043e19fbdadd1bee5153a.r2.dev/MTSI/2000-02-14/.pdf",
    "periodicity": "periodic"
  },
  {
    "equity_ticker": "MTSI",
    "geography": "US",
    "content_name": "MTSI Q2 1999 10-Q",
    "file_type": "pdf",
    "content_type": "quarterly_report",
    "published_date": "1999-11-12",
    "fiscal_date": "1999-09-30",
    "fiscal_year": 1999,
    "fiscal_quarter": 2,
    "r2_url": "https://pub-2c783279b61043e19fbdadd1bee5153a.r2.dev/MTSI/1999-11-12/.pdf",
    "periodicity": "periodic"
  },
  {
    "equity_ticker": "MTSI",
    "geography": "US",
    "content_name": "MTSI Q1 1999 10-Q",
    "file_type": "pdf",
    "content_type": "quarterly_report",
    "published_date": "1999-11-10",
    "fiscal_date": "1999-09-30",
    "fiscal_year": 1999,
    "fiscal_quarter": 1,
    "r2_url": "https://pub-2c783279b61043e19fbdadd1bee5153a.r2.dev/MTSI/1999-11-10/.pdf",
    "periodicity": "periodic"
  },
  {
    "equity_ticker": "MTSI",
    "geography": "US",
    "content_name": "MTSI Q2 1999 10-K",
    "file_type": "pdf",
    "content_type": "annual_report",
    "published_date": "1999-07-16",
    "fiscal_date": "1999-03-31",
    "fiscal_year": 1999,
    "fiscal_quarter": 2,
    "r2_url": "https://pub-2c783279b61043e19fbdadd1bee5153a.r2.dev/MTSI/1999-07-16/.pdf",
    "periodicity": "periodic"
  },
  {
    "equity_ticker": "MTSI",
    "geography": "US",
    "content_name": "MTSI Q1 1999 10-Q",
    "file_type": "pdf",
    "content_type": "quarterly_report",
    "published_date": "1999-05-12",
    "fiscal_date": "1999-03-31",
    "fiscal_year": 1999,
    "fiscal_quarter": 1,
    "r2_url": "https://pub-2c783279b61043e19fbdadd1bee5153a.r2.dev/MTSI/1999-05-12/.pdf",
    "periodicity": "periodic"
  },
  {
    "equity_ticker": "MTSI",
    "geography": "US",
    "content_name": "MTSI Q4 1998 10-K",
    "file_type": "pdf",
    "content_type": "annual_report",
    "published_date": "1999-02-22",
    "fiscal_date": "1998-12-31",
    "fiscal_year": 1998,
    "fiscal_quarter": 4,
    "r2_url": "https://pub-2c783279b61043e19fbdadd1bee5153a.r2.dev/MTSI/1999-02-22/.pdf",
    "periodicity": "periodic"
  },
  {
    "equity_ticker": "MTSI",
    "geography": "US",
    "content_name": "MTSI Q3 1998 10-Q",
    "file_type": "pdf",
    "content_type": "quarterly_report",
    "published_date": "1999-02-16",
    "fiscal_date": "1998-12-31",
    "fiscal_year": 1998,
    "fiscal_quarter": 3,
    "r2_url": "https://pub-2c783279b61043e19fbdadd1bee5153a.r2.dev/MTSI/1999-02-16/.pdf",
    "periodicity": "periodic"
  },
  {
    "equity_ticker": "MTSI",
    "geography": "US",
    "content_name": "MTSI Q2 1998 10-Q",
    "file_type": "pdf",
    "content_type": "quarterly_report",
    "published_date": "1998-11-13",
    "fiscal_date": "1998-09-30",
    "fiscal_year": 1998,
    "fiscal_quarter": 2,
    "r2_url": "https://pub-2c783279b61043e19fbdadd1bee5153a.r2.dev/MTSI/1998-11-13/.pdf",
    "periodicity": "periodic"
  },
  {
    "equity_ticker": "MTSI",
    "geography": "US",
    "content_name": "MTSI Q1 1998 10-Q",
    "file_type": "pdf",
    "content_type": "quarterly_report",
    "published_date": "1998-11-06",
    "fiscal_date": "1998-09-30",
    "fiscal_year": 1998,
    "fiscal_quarter": 1,
    "r2_url": "https://pub-2c783279b61043e19fbdadd1bee5153a.r2.dev/MTSI/1998-11-06/.pdf",
    "periodicity": "periodic"
  },
  {
    "equity_ticker": "MTSI",
    "geography": "US",
    "content_name": "MTSI Q4 1998 10-Q",
    "file_type": "pdf",
    "content_type": "quarterly_report",
    "published_date": "1998-08-14",
    "fiscal_date": "1998-06-30",
    "fiscal_year": 1998,
    "fiscal_quarter": 4,
    "r2_url": "https://pub-2c783279b61043e19fbdadd1bee5153a.r2.dev/MTSI/1998-08-14/.pdf",
    "periodicity": "periodic"
  },
  {
    "equity_ticker": "MTSI",
    "geography": "US",
    "content_name": "MTSI Q3 1998 10-Q",
    "file_type": "pdf",
    "content_type": "quarterly_report",
    "published_date": "1998-08-13",
    "fiscal_date": "1998-06-30",
    "fiscal_year": 1998,
    "fiscal_quarter": 3,
    "r2_url": "https://pub-2c783279b61043e19fbdadd1bee5153a.r2.dev/MTSI/1998-08-13/.pdf",
    "periodicity": "periodic"
  },
  {
    "equity_ticker": "MTSI",
    "geography": "US",
    "content_name": "MTSI Q2 1998 10-K",
    "file_type": "pdf",
    "content_type": "annual_report",
    "published_date": "1998-07-08",
    "fiscal_date": "1998-03-31",
    "fiscal_year": 1998,
    "fiscal_quarter": 2,
    "r2_url": "https://pub-2c783279b61043e19fbdadd1bee5153a.r2.dev/MTSI/1998-07-08/.pdf",
    "periodicity": "periodic"
  },
  {
    "equity_ticker": "MTSI",
    "geography": "US",
    "content_name": "MTSI Q1 1998 10-Q",
    "file_type": "pdf",
    "content_type": "quarterly_report",
    "published_date": "1998-05-14",
    "fiscal_date": "1998-03-31",
    "fiscal_year": 1998,
    "fiscal_quarter": 1,
    "r2_url": "https://pub-2c783279b61043e19fbdadd1bee5153a.r2.dev/MTSI/1998-05-14/.pdf",
    "periodicity": "periodic"
  },
  {
    "equity_ticker": "MTSI",
    "geography": "US",
    "content_name": "MTSI Q4 1997 10-K",
    "file_type": "pdf",
    "content_type": "annual_report",
    "published_date": "1998-03-18",
    "fiscal_date": "1997-12-31",
    "fiscal_year": 1997,
    "fiscal_quarter": 4,
    "r2_url": "https://pub-2c783279b61043e19fbdadd1bee5153a.r2.dev/MTSI/1998-03-18/.pdf",
    "periodicity": "periodic"
  },
  {
    "equity_ticker": "MTSI",
    "geography": "US",
    "content_name": "MTSI Q3 1997 10-Q",
    "file_type": "pdf",
    "content_type": "quarterly_report",
    "published_date": "1998-02-13",
    "fiscal_date": "1997-12-31",
    "fiscal_year": 1997,
    "fiscal_quarter": 3,
    "r2_url": "https://pub-2c783279b61043e19fbdadd1bee5153a.r2.dev/MTSI/1998-02-13/.pdf",
    "periodicity": "periodic"
  },
  {
    "equity_ticker": "MTSI",
    "geography": "US",
    "content_name": "MTSI Q2 1997 10-Q",
    "file_type": "pdf",
    "content_type": "quarterly_report",
    "published_date": "1997-11-13",
    "fiscal_date": "1997-09-30",
    "fiscal_year": 1997,
    "fiscal_quarter": 2,
    "r2_url": "https://pub-2c783279b61043e19fbdadd1bee5153a.r2.dev/MTSI/1997-11-13/.pdf",
    "periodicity": "periodic"
  },
  {
    "equity_ticker": "MTSI",
    "geography": "US",
    "content_name": "MTSI Q1 1997 10-Q",
    "file_type": "pdf",
    "content_type": "quarterly_report",
    "published_date": "1997-11-06",
    "fiscal_date": "1997-09-30",
    "fiscal_year": 1997,
    "fiscal_quarter": 1,
    "r2_url": "https://pub-2c783279b61043e19fbdadd1bee5153a.r2.dev/MTSI/1997-11-06/.pdf",
    "periodicity": "periodic"
  },
  {
    "equity_ticker": "MTSI",
    "geography": "US",
    "content_name": "MTSI Q4 1997 10-Q",
    "file_type": "pdf",
    "content_type": "quarterly_report",
    "published_date": "1997-08-14",
    "fiscal_date": "1997-06-30",
    "fiscal_year": 1997,
    "fiscal_quarter": 4,
    "r2_url": "https://pub-2c783279b61043e19fbdadd1bee5153a.r2.dev/MTSI/1997-08-14/.pdf",
    "periodicity": "periodic"
  },
  {
    "equity_ticker": "MTSI",
    "geography": "US",
    "content_name": "MTSI Q3 1997 10-Q",
    "file_type": "pdf",
    "content_type": "quarterly_report",
    "published_date": "1997-08-13",
    "fiscal_date": "1997-06-30",
    "fiscal_year": 1997,
    "fiscal_quarter": 3,
    "r2_url": "https://pub-2c783279b61043e19fbdadd1bee5153a.r2.dev/MTSI/1997-08-13/.pdf",
    "periodicity": "periodic"
  },
  {
    "equity_ticker": "MTSI",
    "geography": "US",
    "content_name": "MTSI Q2 1997 10-K",
    "file_type": "pdf",
    "content_type": "annual_report",
    "published_date": "1997-07-02",
    "fiscal_date": "1997-03-31",
    "fiscal_year": 1997,
    "fiscal_quarter": 2,
    "r2_url": "https://pub-2c783279b61043e19fbdadd1bee5153a.r2.dev/MTSI/1997-07-02/.pdf",
    "periodicity": "periodic"
  },
  {
    "equity_ticker": "MTSI",
    "geography": "US",
    "content_name": "MTSI Q1 1997 10-Q",
    "file_type": "pdf",
    "content_type": "quarterly_report",
    "published_date": "1997-05-14",
    "fiscal_date": "1997-03-31",
    "fiscal_year": 1997,
    "fiscal_quarter": 1,
    "r2_url": "https://pub-2c783279b61043e19fbdadd1bee5153a.r2.dev/MTSI/1997-05-14/.pdf",
    "periodicity": "periodic"
  },
  {
    "equity_ticker": "MTSI",
    "geography": "US",
    "content_name": "MTSI Q4 1996 10-K",
    "file_type": "pdf",
    "content_type": "annual_report",
    "published_date": "1997-03-10",
    "fiscal_date": "1996-12-31",
    "fiscal_year": 1996,
    "fiscal_quarter": 4,
    "r2_url": "https://pub-2c783279b61043e19fbdadd1bee5153a.r2.dev/MTSI/1997-03-10/.pdf",
    "periodicity": "periodic"
  },
  {
    "equity_ticker": "MTSI",
    "geography": "US",
    "content_name": "MTSI Q3 1996 10-Q",
    "file_type": "pdf",
    "content_type": "quarterly_report",
    "published_date": "1997-02-14",
    "fiscal_date": "1996-12-31",
    "fiscal_year": 1996,
    "fiscal_quarter": 3,
    "r2_url": "https://pub-2c783279b61043e19fbdadd1bee5153a.r2.dev/MTSI/1997-02-14/.pdf",
    "periodicity": "periodic"
  },
  {
    "equity_ticker": "MTSI",
    "geography": "US",
    "content_name": "MTSI Q2 1996 10-Q",
    "file_type": "pdf",
    "content_type": "quarterly_report",
    "published_date": "1996-11-14",
    "fiscal_date": "1996-09-30",
    "fiscal_year": 1996,
    "fiscal_quarter": 2,
    "r2_url": "https://pub-2c783279b61043e19fbdadd1bee5153a.r2.dev/MTSI/1996-11-14/.pdf",
    "periodicity": "periodic"
  },
  {
    "equity_ticker": "MTSI",
    "geography": "US",
    "content_name": "MTSI Q1 1996 10-Q",
    "file_type": "pdf",
    "content_type": "quarterly_report",
    "published_date": "1996-11-05",
    "fiscal_date": "1996-09-30",
    "fiscal_year": 1996,
    "fiscal_quarter": 1,
    "r2_url": "https://pub-2c783279b61043e19fbdadd1bee5153a.r2.dev/MTSI/1996-11-05/.pdf",
    "periodicity": "periodic"
  },
  {
    "equity_ticker": "MTSI",
    "geography": "US",
    "content_name": "MTSI Q4 1996 10-Q",
    "file_type": "pdf",
    "content_type": "quarterly_report",
    "published_date": "1996-08-09",
    "fiscal_date": "1996-06-30",
    "fiscal_year": 1996,
    "fiscal_quarter": 4,
    "r2_url": "https://pub-2c783279b61043e19fbdadd1bee5153a.r2.dev/MTSI/1996-08-09/.pdf",
    "periodicity": "periodic"
  },
  {
    "equity_ticker": "MTSI",
    "geography": "US",
    "content_name": "MTSI Q3 1996 10-Q",
    "file_type": "pdf",
    "content_type": "quarterly_report",
    "published_date": "1996-08-08",
    "fiscal_date": "1996-06-30",
    "fiscal_year": 1996,
    "fiscal_quarter": 3,
    "r2_url": "https://pub-2c783279b61043e19fbdadd1bee5153a.r2.dev/MTSI/1996-08-08/.pdf",
    "periodicity": "periodic"
  },
  {
    "equity_ticker": "MTSI",
    "geography": "US",
    "content_name": "MTSI Q2 1996 10-K",
    "file_type": "pdf",
    "content_type": "annual_report",
    "published_date": "1996-07-15",
    "fiscal_date": "1996-03-31",
    "fiscal_year": 1996,
    "fiscal_quarter": 2,
    "r2_url": "https://pub-2c783279b61043e19fbdadd1bee5153a.r2.dev/MTSI/1996-07-15/.pdf",
    "periodicity": "periodic"
  },
  {
    "equity_ticker": "MTSI",
    "geography": "US",
    "content_name": "MTSI Q1 1996 10-Q",
    "file_type": "pdf",
    "content_type": "quarterly_report",
    "published_date": "1996-02-20",
    "fiscal_date": "1995-12-31",
    "fiscal_year": 1996,
    "fiscal_quarter": 1,
    "r2_url": "https://pub-2c783279b61043e19fbdadd1bee5153a.r2.dev/MTSI/1996-02-20/.pdf",
    "periodicity": "periodic"
  },
  {
    "equity_ticker": "MTSI",
    "geography": "US",
    "content_name": "MTSI Q4 1995 10-Q",
    "file_type": "pdf",
    "content_type": "quarterly_report",
    "published_date": "1995-11-20",
    "fiscal_date": "1995-09-30",
    "fiscal_year": 1995,
    "fiscal_quarter": 4,
    "r2_url": "https://pub-2c783279b61043e19fbdadd1bee5153a.r2.dev/MTSI/1995-11-20/.pdf",
    "periodicity": "periodic"
  }
]