[
    {
        "equity_ticker": "NET",
        "geography": "US",
        "content_name": "NET Q4 2024 10-K",
        "file_type": "pdf",
        "content_type": "annual_report",
        "published_date": "2025-02-20",
        "fiscal_date": "2024-12-31",
        "fiscal_year": 2024,
        "fiscal_quarter": 4,
        "r2_url": "https://pub-2c783279b61043e19fbdadd1bee5153a.r2.dev/NET/2025-02-20/cloud-20241231.htm/cloud-20241231.pdf",
        "periodicity": "periodic"
    },
    {
        "equity_ticker": "NET",
        "geography": "US",
        "content_name": "NET Q3 2024 10-Q",
        "file_type": "pdf",
        "content_type": "quarterly_report",
        "published_date": "2024-11-07",
        "fiscal_date": "2024-09-30",
        "fiscal_year": 2024,
        "fiscal_quarter": 3,
        "r2_url": "https://pub-2c783279b61043e19fbdadd1bee5153a.r2.dev/NET/2024-11-07/cloud-20240930.htm/cloud-20240930.pdf",
        "periodicity": "periodic"
    },
    {
        "equity_ticker": "NET",
        "geography": "US",
        "content_name": "NET Q2 2024 10-Q",
        "file_type": "pdf",
        "content_type": "quarterly_report",
        "published_date": "2024-08-01",
        "fiscal_date": "2024-06-30",
        "fiscal_year": 2024,
        "fiscal_quarter": 2,
        "r2_url": "https://pub-2c783279b61043e19fbdadd1bee5153a.r2.dev/NET/2024-08-01/cloud-20240630.htm/cloud-20240630.pdf",
        "periodicity": "periodic"
    },
    {
        "equity_ticker": "NET",
        "geography": "US",
        "content_name": "NET Q1 2024 10-Q",
        "file_type": "pdf",
        "content_type": "quarterly_report",
        "published_date": "2024-05-02",
        "fiscal_date": "2024-03-31",
        "fiscal_year": 2024,
        "fiscal_quarter": 1,
        "r2_url": "https://pub-2c783279b61043e19fbdadd1bee5153a.r2.dev/NET/2024-05-02/cloud-20240331.htm/cloud-20240331.pdf",
        "periodicity": "periodic"
    },
    {
        "equity_ticker": "NET",
        "geography": "US",
        "content_name": "NET Q4 2023 10-K",
        "file_type": "pdf",
        "content_type": "annual_report",
        "published_date": "2024-02-21",
        "fiscal_date": "2023-12-31",
        "fiscal_year": 2023,
        "fiscal_quarter": 4,
        "r2_url": "https://pub-2c783279b61043e19fbdadd1bee5153a.r2.dev/NET/2024-02-21/cloud-20231231.htm/cloud-20231231.pdf",
        "periodicity": "periodic"
    },
    {
        "equity_ticker": "NET",
        "geography": "US",
        "content_name": "NET Q3 2023 10-Q",
        "file_type": "pdf",
        "content_type": "quarterly_report",
        "published_date": "2023-11-02",
        "fiscal_date": "2023-09-30",
        "fiscal_year": 2023,
        "fiscal_quarter": 3,
        "r2_url": "https://pub-2c783279b61043e19fbdadd1bee5153a.r2.dev/NET/2023-11-02/cloud-20230930.htm/cloud-20230930.pdf",
        "periodicity": "periodic"
    },
    {
        "equity_ticker": "NET",
        "geography": "US",
        "content_name": "NET Q2 2023 10-Q",
        "file_type": "pdf",
        "content_type": "quarterly_report",
        "published_date": "2023-08-03",
        "fiscal_date": "2023-06-30",
        "fiscal_year": 2023,
        "fiscal_quarter": 2,
        "r2_url": "https://pub-2c783279b61043e19fbdadd1bee5153a.r2.dev/NET/2023-08-03/cloud-20230630.htm/cloud-20230630.pdf",
        "periodicity": "periodic"
    },
    {
        "equity_ticker": "NET",
        "geography": "US",
        "content_name": "NET Q1 2023 10-Q",
        "file_type": "pdf",
        "content_type": "quarterly_report",
        "published_date": "2023-04-27",
        "fiscal_date": "2023-03-31",
        "fiscal_year": 2023,
        "fiscal_quarter": 1,
        "r2_url": "https://pub-2c783279b61043e19fbdadd1bee5153a.r2.dev/NET/2023-04-27/cloud-20230331.htm/cloud-20230331.pdf",
        "periodicity": "periodic"
    },
    {
        "equity_ticker": "NET",
        "geography": "US",
        "content_name": "NET Q4 2022 10-K",
        "file_type": "pdf",
        "content_type": "annual_report",
        "published_date": "2023-02-24",
        "fiscal_date": "2022-12-31",
        "fiscal_year": 2022,
        "fiscal_quarter": 4,
        "r2_url": "https://pub-2c783279b61043e19fbdadd1bee5153a.r2.dev/NET/2023-02-24/cloud-20221231.htm/cloud-20221231.pdf",
        "periodicity": "periodic"
    },
    {
        "equity_ticker": "NET",
        "geography": "US",
        "content_name": "NET Q3 2022 10-Q",
        "file_type": "pdf",
        "content_type": "quarterly_report",
        "published_date": "2022-11-03",
        "fiscal_date": "2022-09-30",
        "fiscal_year": 2022,
        "fiscal_quarter": 3,
        "r2_url": "https://pub-2c783279b61043e19fbdadd1bee5153a.r2.dev/NET/2022-11-03/cloud-20220930.htm/cloud-20220930.pdf",
        "periodicity": "periodic"
    },
    {
        "equity_ticker": "NET",
        "geography": "US",
        "content_name": "NET Q2 2022 10-Q",
        "file_type": "pdf",
        "content_type": "quarterly_report",
        "published_date": "2022-08-04",
        "fiscal_date": "2022-06-30",
        "fiscal_year": 2022,
        "fiscal_quarter": 2,
        "r2_url": "https://pub-2c783279b61043e19fbdadd1bee5153a.r2.dev/NET/2022-08-04/cloud-20220630.htm/cloud-20220630.pdf",
        "periodicity": "periodic"
    },
    {
        "equity_ticker": "NET",
        "geography": "US",
        "content_name": "NET Q1 2022 10-Q",
        "file_type": "pdf",
        "content_type": "quarterly_report",
        "published_date": "2022-05-05",
        "fiscal_date": "2022-03-31",
        "fiscal_year": 2022,
        "fiscal_quarter": 1,
        "r2_url": "https://pub-2c783279b61043e19fbdadd1bee5153a.r2.dev/NET/2022-05-05/cloud-20220331.htm/cloud-20220331.pdf",
        "periodicity": "periodic"
    },
    {
        "equity_ticker": "NET",
        "geography": "US",
        "content_name": "NET Q4 2021 10-K",
        "file_type": "pdf",
        "content_type": "annual_report",
        "published_date": "2022-03-01",
        "fiscal_date": "2021-12-31",
        "fiscal_year": 2021,
        "fiscal_quarter": 4,
        "r2_url": "https://pub-2c783279b61043e19fbdadd1bee5153a.r2.dev/NET/2022-03-01/cloud-20211231.htm/cloud-20211231.pdf",
        "periodicity": "periodic"
    },
    {
        "equity_ticker": "NET",
        "geography": "US",
        "content_name": "NET Q3 2021 10-Q",
        "file_type": "pdf",
        "content_type": "quarterly_report",
        "published_date": "2021-11-05",
        "fiscal_date": "2021-09-30",
        "fiscal_year": 2021,
        "fiscal_quarter": 3,
        "r2_url": "https://pub-2c783279b61043e19fbdadd1bee5153a.r2.dev/NET/2021-11-05/cloud-20210930.htm/cloud-20210930.pdf",
        "periodicity": "periodic"
    },
    {
        "equity_ticker": "NET",
        "geography": "US",
        "content_name": "NET Q2 2021 10-Q",
        "file_type": "pdf",
        "content_type": "quarterly_report",
        "published_date": "2021-08-06",
        "fiscal_date": "2021-06-30",
        "fiscal_year": 2021,
        "fiscal_quarter": 2,
        "r2_url": "https://pub-2c783279b61043e19fbdadd1bee5153a.r2.dev/NET/2021-08-06/cloud-20210630.htm/cloud-20210630.pdf",
        "periodicity": "periodic"
    },
    {
        "equity_ticker": "NET",
        "geography": "US",
        "content_name": "NET Q1 2021 10-Q",
        "file_type": "pdf",
        "content_type": "quarterly_report",
        "published_date": "2021-05-07",
        "fiscal_date": "2021-03-31",
        "fiscal_year": 2021,
        "fiscal_quarter": 1,
        "r2_url": "https://pub-2c783279b61043e19fbdadd1bee5153a.r2.dev/NET/2021-05-07/cloud-20210331.htm/cloud-20210331.pdf",
        "periodicity": "periodic"
    },
    {
        "equity_ticker": "NET",
        "geography": "US",
        "content_name": "NET Q4 2020 10-K",
        "file_type": "pdf",
        "content_type": "annual_report",
        "published_date": "2021-02-25",
        "fiscal_date": "2020-12-31",
        "fiscal_year": 2020,
        "fiscal_quarter": 4,
        "r2_url": "https://pub-2c783279b61043e19fbdadd1bee5153a.r2.dev/NET/2021-02-25/cloud-20201231.htm/cloud-20201231.pdf",
        "periodicity": "periodic"
    },
    {
        "equity_ticker": "NET",
        "geography": "US",
        "content_name": "NET Q3 2020 10-Q",
        "file_type": "pdf",
        "content_type": "quarterly_report",
        "published_date": "2020-11-10",
        "fiscal_date": "2020-09-30",
        "fiscal_year": 2020,
        "fiscal_quarter": 3,
        "r2_url": "https://pub-2c783279b61043e19fbdadd1bee5153a.r2.dev/NET/2020-11-10/cloud-20200930.htm/cloud-20200930.pdf",
        "periodicity": "periodic"
    },
    {
        "equity_ticker": "NET",
        "geography": "US",
        "content_name": "NET Q2 2020 10-Q",
        "file_type": "pdf",
        "content_type": "quarterly_report",
        "published_date": "2020-08-10",
        "fiscal_date": "2020-06-30",
        "fiscal_year": 2020,
        "fiscal_quarter": 2,
        "r2_url": "https://pub-2c783279b61043e19fbdadd1bee5153a.r2.dev/NET/2020-08-10/cloud-20200630.htm/ix.pdf",
        "periodicity": "periodic"
    },
    {
        "equity_ticker": "NET",
        "geography": "US",
        "content_name": "NET Q1 2020 10-Q",
        "file_type": "pdf",
        "content_type": "quarterly_report",
        "published_date": "2020-05-08",
        "fiscal_date": "2020-03-31",
        "fiscal_year": 2020,
        "fiscal_quarter": 1,
        "r2_url": "https://pub-2c783279b61043e19fbdadd1bee5153a.r2.dev/NET/2020-05-08/cloud-20200331.htm/ix.pdf",
        "periodicity": "periodic"
    },
    {
        "equity_ticker": "NET",
        "geography": "US",
        "content_name": "NET Q4 2019 10-K",
        "file_type": "pdf",
        "content_type": "annual_report",
        "published_date": "2020-03-04",
        "fiscal_date": "2019-12-31",
        "fiscal_year": 2019,
        "fiscal_quarter": 4,
        "r2_url": "https://pub-2c783279b61043e19fbdadd1bee5153a.r2.dev/NET/2020-03-04/cloud-20191231.htm/ix.pdf",
        "periodicity": "periodic"
    },
    {
        "equity_ticker": "NET",
        "geography": "US",
        "content_name": "NET Q3 2019 10-Q",
        "file_type": "pdf",
        "content_type": "quarterly_report",
        "published_date": "2019-11-12",
        "fiscal_date": "2019-09-30",
        "fiscal_year": 2019,
        "fiscal_quarter": 3,
        "r2_url": "https://pub-2c783279b61043e19fbdadd1bee5153a.r2.dev/NET/2019-11-12/cloud-20190930.htm/ix.pdf",
        "periodicity": "periodic"
    },
    {
        "equity_ticker": "NET",
        "geography": "US",
        "content_name": "Investor Day 2025 - March 12, 2025",
        "file_type": "pdf",
        "content_type": "company_conference_transcript",
        "published_date": "2025-03-12",
        "fiscal_date": "2025-03-12",
        "fiscal_year": null,
        "fiscal_quarter": null,
        "r2_url": "https://pub-2c783279b61043e19fbdadd1bee5153a.r2.dev/NET/2025-03-12/Cloudflare%2C%20Inc._2025-03-12_transcript/Cloudflare%2C%20Inc._2025-03-12_transcript.pdf/Cloudflare%2C%20Inc._2025-03-12_transcript.pdf",
        "periodicity": "non_periodic"
    },
    {
        "equity_ticker": "NET",
        "geography": "US",
        "content_name": "NET Q4 2024 Transcript",
        "file_type": "pdf",
        "content_type": "earnings_transcript",
        "published_date": "2025-02-06",
        "fiscal_date": "2025-02-06",
        "fiscal_year": 2024,
        "fiscal_quarter": 4,
        "r2_url": "https://pub-2c783279b61043e19fbdadd1bee5153a.r2.dev/NET/2025-02-06/Cloudflare%2C%20Inc._2025-02-06_transcript/Cloudflare%2C%20Inc._2025-02-06_transcript.pdf/Cloudflare%2C%20Inc._2025-02-06_transcript.pdf",
        "periodicity": "periodic"
    },
    {
        "equity_ticker": "NET",
        "geography": "US",
        "content_name": "NET Q4 2024 Press Release",
        "file_type": "pdf",
        "content_type": "earnings_press_release",
        "published_date": "2025-02-06",
        "fiscal_date": "2025-02-06",
        "fiscal_year": 2024,
        "fiscal_quarter": 4,
        "r2_url": "https://pub-2c783279b61043e19fbdadd1bee5153a.r2.dev/NET/2025-02-06/de4d2-2025-02-06-09-40-20/de4d2-2025-02-06-09-40-20.pdf/de4d2-2025-02-06-09-40-20.pdf",
        "periodicity": "periodic"
    },
    {
        "equity_ticker": "NET",
        "geography": "US",
        "content_name": "NET Q4 2024 Presentation",
        "file_type": "pdf",
        "content_type": "earnings_presentation",
        "published_date": "2025-02-06",
        "fiscal_date": "2025-02-06",
        "fiscal_year": 2024,
        "fiscal_quarter": 4,
        "r2_url": "https://pub-2c783279b61043e19fbdadd1bee5153a.r2.dev/NET/2025-02-06/03134-2025-02-06-09-43-23/03134-2025-02-06-09-43-23.pdf/03134-2025-02-06-09-43-23.pdf",
        "periodicity": "periodic"
    },
    {
        "equity_ticker": "NET",
        "geography": "US",
        "content_name": "NET Q3 2024 Transcript",
        "file_type": "pdf",
        "content_type": "earnings_transcript",
        "published_date": "2024-11-07",
        "fiscal_date": "2024-11-07",
        "fiscal_year": 2024,
        "fiscal_quarter": 3,
        "r2_url": "https://pub-2c783279b61043e19fbdadd1bee5153a.r2.dev/NET/2024-11-07/Cloudflare%2C%20Inc._2024-11-07_transcript/Cloudflare%2C%20Inc._2024-11-07_transcript.pdf/Cloudflare%2C%20Inc._2024-11-07_transcript.pdf",
        "periodicity": "periodic"
    },
    {
        "equity_ticker": "NET",
        "geography": "US",
        "content_name": "NET Q3 2024 Press Release",
        "file_type": "pdf",
        "content_type": "earnings_press_release",
        "published_date": "2024-11-07",
        "fiscal_date": "2024-11-07",
        "fiscal_year": 2024,
        "fiscal_quarter": 3,
        "r2_url": "https://pub-2c783279b61043e19fbdadd1bee5153a.r2.dev/NET/2024-11-07/91183-2024-11-07-09-29-35/91183-2024-11-07-09-29-35.pdf/91183-2024-11-07-09-29-35.pdf",
        "periodicity": "periodic"
    },
    {
        "equity_ticker": "NET",
        "geography": "US",
        "content_name": "NET Q3 2024 Presentation",
        "file_type": "pdf",
        "content_type": "earnings_presentation",
        "published_date": "2024-11-07",
        "fiscal_date": "2024-11-07",
        "fiscal_year": 2024,
        "fiscal_quarter": 3,
        "r2_url": "https://pub-2c783279b61043e19fbdadd1bee5153a.r2.dev/NET/2024-11-07/f9bfc-2024-11-07-10-49-21/f9bfc-2024-11-07-10-49-21.pdf/f9bfc-2024-11-07-10-49-21.pdf",
        "periodicity": "periodic"
    },
    {
        "equity_ticker": "NET",
        "geography": "US",
        "content_name": "Goldman Sachs Communacopia + Technology Conference - September 10, 2024",
        "file_type": "pdf",
        "content_type": "sellside_conference_transcript",
        "published_date": "2024-09-10",
        "fiscal_date": "2024-09-10",
        "fiscal_year": null,
        "fiscal_quarter": null,
        "r2_url": "https://pub-2c783279b61043e19fbdadd1bee5153a.r2.dev/NET/2024-09-10/Cloudflare%2C%20Inc._2024-09-10_transcript/Cloudflare%2C%20Inc._2024-09-10_transcript.pdf/Cloudflare%2C%20Inc._2024-09-10_transcript.pdf",
        "periodicity": "non_periodic"
    },
    {
        "equity_ticker": "NET",
        "geography": "US",
        "content_name": "NET Q2 2024 Transcript",
        "file_type": "pdf",
        "content_type": "earnings_transcript",
        "published_date": "2024-08-01",
        "fiscal_date": "2024-08-01",
        "fiscal_year": 2024,
        "fiscal_quarter": 2,
        "r2_url": "https://pub-2c783279b61043e19fbdadd1bee5153a.r2.dev/NET/2024-08-01/Cloudflare%2C%20Inc._2024-08-01_transcript/Cloudflare%2C%20Inc._2024-08-01_transcript.pdf/Cloudflare%2C%20Inc._2024-08-01_transcript.pdf",
        "periodicity": "periodic"
    },
    {
        "equity_ticker": "NET",
        "geography": "US",
        "content_name": "NET Q2 2024 Press Release",
        "file_type": "pdf",
        "content_type": "earnings_press_release",
        "published_date": "2024-08-01",
        "fiscal_date": "2024-08-01",
        "fiscal_year": 2024,
        "fiscal_quarter": 2,
        "r2_url": "https://pub-2c783279b61043e19fbdadd1bee5153a.r2.dev/NET/2024-08-01/1a65c-2024-08-01-08-12-20/1a65c-2024-08-01-08-12-20.pdf/1a65c-2024-08-01-08-12-20.pdf",
        "periodicity": "periodic"
    },
    {
        "equity_ticker": "NET",
        "geography": "US",
        "content_name": "NET Q2 2024 Presentation",
        "file_type": "pdf",
        "content_type": "earnings_presentation",
        "published_date": "2024-08-01",
        "fiscal_date": "2024-08-01",
        "fiscal_year": 2024,
        "fiscal_quarter": 2,
        "r2_url": "https://pub-2c783279b61043e19fbdadd1bee5153a.r2.dev/NET/2024-08-01/13dca-2024-08-01-08-50-28/13dca-2024-08-01-08-50-28.pdf/13dca-2024-08-01-08-50-28.pdf",
        "periodicity": "periodic"
    },
    {
        "equity_ticker": "NET",
        "geography": "US",
        "content_name": "AGM 2024 - June 4, 2024",
        "file_type": "pdf",
        "content_type": "company_conference_transcript",
        "published_date": "2024-06-04",
        "fiscal_date": "2024-06-04",
        "fiscal_year": null,
        "fiscal_quarter": null,
        "r2_url": "https://pub-2c783279b61043e19fbdadd1bee5153a.r2.dev/NET/2024-06-04/Cloudflare%2C%20Inc._2024-06-04_transcript/Cloudflare%2C%20Inc._2024-06-04_transcript.pdf/Cloudflare%2C%20Inc._2024-06-04_transcript.pdf",
        "periodicity": "non_periodic"
    },
    {
        "equity_ticker": "NET",
        "geography": "US",
        "content_name": "Investor Day 2024 - May 30, 2024",
        "file_type": "pdf",
        "content_type": "company_conference_transcript",
        "published_date": "2024-05-30",
        "fiscal_date": "2024-05-30",
        "fiscal_year": null,
        "fiscal_quarter": null,
        "r2_url": "https://pub-2c783279b61043e19fbdadd1bee5153a.r2.dev/NET/2024-05-30/Cloudflare%2C%20Inc._2024-05-30_transcript/Cloudflare%2C%20Inc._2024-05-30_transcript.pdf/Cloudflare%2C%20Inc._2024-05-30_transcript.pdf",
        "periodicity": "non_periodic"
    },
    {
        "equity_ticker": "NET",
        "geography": "US",
        "content_name": "Investor Day 2024 - May 30, 2024",
        "file_type": "pdf",
        "content_type": "company_conference_presentation",
        "published_date": "2024-05-30",
        "fiscal_date": "2024-05-30",
        "fiscal_year": null,
        "fiscal_quarter": null,
        "r2_url": "https://pub-2c783279b61043e19fbdadd1bee5153a.r2.dev/NET/2024-05-30/108f6-2024-05-30-10-06-37/108f6-2024-05-30-10-06-37.pdf/108f6-2024-05-30-10-06-37.pdf",
        "periodicity": "non_periodic"
    },
    {
        "equity_ticker": "NET",
        "geography": "US",
        "content_name": "NET Q1 2024 Transcript",
        "file_type": "pdf",
        "content_type": "earnings_transcript",
        "published_date": "2024-05-02",
        "fiscal_date": "2024-05-02",
        "fiscal_year": 2024,
        "fiscal_quarter": 1,
        "r2_url": "https://pub-2c783279b61043e19fbdadd1bee5153a.r2.dev/NET/2024-05-02/Cloudflare%2C%20Inc._2024-05-02_transcript/Cloudflare%2C%20Inc._2024-05-02_transcript.pdf/Cloudflare%2C%20Inc._2024-05-02_transcript.pdf",
        "periodicity": "periodic"
    },
    {
        "equity_ticker": "NET",
        "geography": "US",
        "content_name": "NET Q1 2024 Press Release",
        "file_type": "pdf",
        "content_type": "earnings_press_release",
        "published_date": "2024-05-02",
        "fiscal_date": "2024-05-02",
        "fiscal_year": 2024,
        "fiscal_quarter": 1,
        "r2_url": "https://pub-2c783279b61043e19fbdadd1bee5153a.r2.dev/NET/2024-05-02/42777-2024-05-02-08-12-19/42777-2024-05-02-08-12-19.pdf/42777-2024-05-02-08-12-19.pdf",
        "periodicity": "periodic"
    },
    {
        "equity_ticker": "NET",
        "geography": "US",
        "content_name": "NET Q1 2024 Presentation",
        "file_type": "pdf",
        "content_type": "earnings_presentation",
        "published_date": "2024-05-02",
        "fiscal_date": "2024-05-02",
        "fiscal_year": 2024,
        "fiscal_quarter": 1,
        "r2_url": "https://pub-2c783279b61043e19fbdadd1bee5153a.r2.dev/NET/2024-05-02/64a67-2024-05-02-08-51-19/64a67-2024-05-02-08-51-19.pdf/64a67-2024-05-02-08-51-19.pdf",
        "periodicity": "periodic"
    },
    {
        "equity_ticker": "NET",
        "geography": "US",
        "content_name": "Morgan Stanley\u2019s Technology, Media & Telecom Conference 2024 - March 6, 2024",
        "file_type": "pdf",
        "content_type": "sellside_conference_transcript",
        "published_date": "2024-03-06",
        "fiscal_date": "2024-03-06",
        "fiscal_year": null,
        "fiscal_quarter": null,
        "r2_url": "https://pub-2c783279b61043e19fbdadd1bee5153a.r2.dev/NET/2024-03-06/Cloudflare%2C%20Inc._2024-03-06_transcript/Cloudflare%2C%20Inc._2024-03-06_transcript.pdf/Cloudflare%2C%20Inc._2024-03-06_transcript.pdf",
        "periodicity": "non_periodic"
    },
    {
        "equity_ticker": "NET",
        "geography": "US",
        "content_name": "NET Q4 2023 Transcript",
        "file_type": "pdf",
        "content_type": "earnings_transcript",
        "published_date": "2024-02-08",
        "fiscal_date": "2024-02-08",
        "fiscal_year": 2023,
        "fiscal_quarter": 4,
        "r2_url": "https://pub-2c783279b61043e19fbdadd1bee5153a.r2.dev/NET/2024-02-08/Cloudflare%2C%20Inc._2024-02-08_transcript/Cloudflare%2C%20Inc._2024-02-08_transcript.pdf/Cloudflare%2C%20Inc._2024-02-08_transcript.pdf",
        "periodicity": "periodic"
    },
    {
        "equity_ticker": "NET",
        "geography": "US",
        "content_name": "NET Q4 2023 Press Release",
        "file_type": "pdf",
        "content_type": "earnings_press_release",
        "published_date": "2024-02-08",
        "fiscal_date": "2024-02-08",
        "fiscal_year": 2023,
        "fiscal_quarter": 4,
        "r2_url": "https://pub-2c783279b61043e19fbdadd1bee5153a.r2.dev/NET/2024-02-08/22a56-2024-02-08-09-40-17/22a56-2024-02-08-09-40-17.pdf/22a56-2024-02-08-09-40-17.pdf",
        "periodicity": "periodic"
    },
    {
        "equity_ticker": "NET",
        "geography": "US",
        "content_name": "NET Q4 2023 Presentation",
        "file_type": "pdf",
        "content_type": "earnings_presentation",
        "published_date": "2024-02-08",
        "fiscal_date": "2024-02-08",
        "fiscal_year": 2023,
        "fiscal_quarter": 4,
        "r2_url": "https://pub-2c783279b61043e19fbdadd1bee5153a.r2.dev/NET/2024-02-08/95207-2024-02-08-09-57-19/95207-2024-02-08-09-57-19.pdf/95207-2024-02-08-09-57-19.pdf",
        "periodicity": "periodic"
    },
    {
        "equity_ticker": "NET",
        "geography": "US",
        "content_name": "Wells Fargo 7th Annual TMT Summit 2023 - November 29, 2023",
        "file_type": "pdf",
        "content_type": "sellside_conference_transcript",
        "published_date": "2023-11-29",
        "fiscal_date": "2023-11-29",
        "fiscal_year": null,
        "fiscal_quarter": null,
        "r2_url": "https://pub-2c783279b61043e19fbdadd1bee5153a.r2.dev/NET/2023-11-29/Cloudflare%2C%20Inc._2023-11-29_transcript/Cloudflare%2C%20Inc._2023-11-29_transcript.pdf/Cloudflare%2C%20Inc._2023-11-29_transcript.pdf",
        "periodicity": "non_periodic"
    },
    {
        "equity_ticker": "NET",
        "geography": "US",
        "content_name": "NET Q3 2023 Transcript",
        "file_type": "pdf",
        "content_type": "earnings_transcript",
        "published_date": "2023-11-02",
        "fiscal_date": "2023-11-02",
        "fiscal_year": 2023,
        "fiscal_quarter": 3,
        "r2_url": "https://pub-2c783279b61043e19fbdadd1bee5153a.r2.dev/NET/2023-11-02/Cloudflare%2C%20Inc._2023-11-02_transcript/Cloudflare%2C%20Inc._2023-11-02_transcript.pdf/Cloudflare%2C%20Inc._2023-11-02_transcript.pdf",
        "periodicity": "periodic"
    },
    {
        "equity_ticker": "NET",
        "geography": "US",
        "content_name": "NET Q3 2023 Press Release",
        "file_type": "pdf",
        "content_type": "earnings_press_release",
        "published_date": "2023-11-02",
        "fiscal_date": "2023-11-02",
        "fiscal_year": 2023,
        "fiscal_quarter": 3,
        "r2_url": "https://pub-2c783279b61043e19fbdadd1bee5153a.r2.dev/NET/2023-11-02/b1307-2023-11-02-08-05-17/b1307-2023-11-02-08-05-17.pdf/b1307-2023-11-02-08-05-17.pdf",
        "periodicity": "periodic"
    },
    {
        "equity_ticker": "NET",
        "geography": "US",
        "content_name": "NET Q3 2023 Presentation",
        "file_type": "pdf",
        "content_type": "earnings_presentation",
        "published_date": "2023-11-02",
        "fiscal_date": "2023-11-02",
        "fiscal_year": 2023,
        "fiscal_quarter": 3,
        "r2_url": "https://pub-2c783279b61043e19fbdadd1bee5153a.r2.dev/NET/2023-11-02/fe04e-2023-11-02-08-49-29/fe04e-2023-11-02-08-49-29.pdf/fe04e-2023-11-02-08-49-29.pdf",
        "periodicity": "periodic"
    },
    {
        "equity_ticker": "NET",
        "geography": "US",
        "content_name": "Goldman Sachs Communacopia & Technology Conference - September 6, 2023",
        "file_type": "pdf",
        "content_type": "sellside_conference_transcript",
        "published_date": "2023-09-06",
        "fiscal_date": "2023-09-06",
        "fiscal_year": null,
        "fiscal_quarter": null,
        "r2_url": "https://pub-2c783279b61043e19fbdadd1bee5153a.r2.dev/NET/2023-09-06/Cloudflare%2C%20Inc._2023-09-06_transcript/Cloudflare%2C%20Inc._2023-09-06_transcript.pdf/Cloudflare%2C%20Inc._2023-09-06_transcript.pdf",
        "periodicity": "non_periodic"
    },
    {
        "equity_ticker": "NET",
        "geography": "US",
        "content_name": "NET Q2 2023 Transcript",
        "file_type": "pdf",
        "content_type": "earnings_transcript",
        "published_date": "2023-08-03",
        "fiscal_date": "2023-08-03",
        "fiscal_year": 2023,
        "fiscal_quarter": 2,
        "r2_url": "https://pub-2c783279b61043e19fbdadd1bee5153a.r2.dev/NET/2023-08-03/Cloudflare%2C%20Inc._2023-08-03_transcript/Cloudflare%2C%20Inc._2023-08-03_transcript.pdf/Cloudflare%2C%20Inc._2023-08-03_transcript.pdf",
        "periodicity": "periodic"
    },
    {
        "equity_ticker": "NET",
        "geography": "US",
        "content_name": "NET Q2 2023 Press Release",
        "file_type": "pdf",
        "content_type": "earnings_press_release",
        "published_date": "2023-08-03",
        "fiscal_date": "2023-08-03",
        "fiscal_year": 2023,
        "fiscal_quarter": 2,
        "r2_url": "https://pub-2c783279b61043e19fbdadd1bee5153a.r2.dev/NET/2023-08-03/446b6-2023-08-03-08-29-27/446b6-2023-08-03-08-29-27.pdf/446b6-2023-08-03-08-29-27.pdf",
        "periodicity": "periodic"
    },
    {
        "equity_ticker": "NET",
        "geography": "US",
        "content_name": "NET Q2 2023 Presentation",
        "file_type": "pdf",
        "content_type": "earnings_presentation",
        "published_date": "2023-08-03",
        "fiscal_date": "2023-08-03",
        "fiscal_year": 2023,
        "fiscal_quarter": 2,
        "r2_url": "https://pub-2c783279b61043e19fbdadd1bee5153a.r2.dev/NET/2023-08-03/8adae-2023-08-03-08-28-38/8adae-2023-08-03-08-28-38.pdf/8adae-2023-08-03-08-28-38.pdf",
        "periodicity": "periodic"
    },
    {
        "equity_ticker": "NET",
        "geography": "US",
        "content_name": "Jefferies Software Conference 2023 - May 31, 2023",
        "file_type": "pdf",
        "content_type": "company_conference_transcript",
        "published_date": "2023-05-31",
        "fiscal_date": "2023-05-31",
        "fiscal_year": null,
        "fiscal_quarter": null,
        "r2_url": "https://pub-2c783279b61043e19fbdadd1bee5153a.r2.dev/NET/2023-05-31/Cloudflare%2C%20Inc._2023-05-31_transcript/Cloudflare%2C%20Inc._2023-05-31_transcript.pdf/Cloudflare%2C%20Inc._2023-05-31_transcript.pdf",
        "periodicity": "non_periodic"
    },
    {
        "equity_ticker": "NET",
        "geography": "US",
        "content_name": "Investor Day 2023 - May 4, 2023",
        "file_type": "pdf",
        "content_type": "company_conference_transcript",
        "published_date": "2023-05-04",
        "fiscal_date": "2023-05-04",
        "fiscal_year": null,
        "fiscal_quarter": null,
        "r2_url": "https://pub-2c783279b61043e19fbdadd1bee5153a.r2.dev/NET/2023-05-04/Cloudflare%2C%20Inc._2023-05-04_transcript/Cloudflare%2C%20Inc._2023-05-04_transcript.pdf/Cloudflare%2C%20Inc._2023-05-04_transcript.pdf",
        "periodicity": "non_periodic"
    },
    {
        "equity_ticker": "NET",
        "geography": "US",
        "content_name": "NET Q1 2023 Transcript",
        "file_type": "pdf",
        "content_type": "earnings_transcript",
        "published_date": "2023-04-27",
        "fiscal_date": "2023-04-27",
        "fiscal_year": 2023,
        "fiscal_quarter": 1,
        "r2_url": "https://pub-2c783279b61043e19fbdadd1bee5153a.r2.dev/NET/2023-04-27/Cloudflare%2C%20Inc._2023-04-27_transcript/Cloudflare%2C%20Inc._2023-04-27_transcript.pdf/Cloudflare%2C%20Inc._2023-04-27_transcript.pdf",
        "periodicity": "periodic"
    },
    {
        "equity_ticker": "NET",
        "geography": "US",
        "content_name": "NET Q1 2023 Press Release",
        "file_type": "pdf",
        "content_type": "earnings_press_release",
        "published_date": "2023-04-27",
        "fiscal_date": "2023-04-27",
        "fiscal_year": 2023,
        "fiscal_quarter": 1,
        "r2_url": "https://pub-2c783279b61043e19fbdadd1bee5153a.r2.dev/NET/2023-04-27/4e953-2023-04-27-08-12-40/4e953-2023-04-27-08-12-40.pdf/4e953-2023-04-27-08-12-40.pdf",
        "periodicity": "periodic"
    },
    {
        "equity_ticker": "NET",
        "geography": "US",
        "content_name": "NET Q1 2023 Presentation",
        "file_type": "pdf",
        "content_type": "earnings_presentation",
        "published_date": "2023-04-27",
        "fiscal_date": "2023-04-27",
        "fiscal_year": 2023,
        "fiscal_quarter": 1,
        "r2_url": "https://pub-2c783279b61043e19fbdadd1bee5153a.r2.dev/NET/2023-04-27/1d3ff-2023-04-27-08-02-40/1d3ff-2023-04-27-08-02-40.pdf/1d3ff-2023-04-27-08-02-40.pdf",
        "periodicity": "periodic"
    },
    {
        "equity_ticker": "NET",
        "geography": "US",
        "content_name": "Morgan Stanley Technology, Media & Telecom Conference - March 8, 2023",
        "file_type": "pdf",
        "content_type": "sellside_conference_transcript",
        "published_date": "2023-03-08",
        "fiscal_date": "2023-03-08",
        "fiscal_year": null,
        "fiscal_quarter": null,
        "r2_url": "https://pub-2c783279b61043e19fbdadd1bee5153a.r2.dev/NET/2023-03-08/Cloudflare%2C%20Inc._2023-03-08_transcript/Cloudflare%2C%20Inc._2023-03-08_transcript.pdf/Cloudflare%2C%20Inc._2023-03-08_transcript.pdf",
        "periodicity": "non_periodic"
    },
    {
        "equity_ticker": "NET",
        "geography": "US",
        "content_name": "NET Q4 2022 Transcript",
        "file_type": "pdf",
        "content_type": "earnings_transcript",
        "published_date": "2023-02-09",
        "fiscal_date": "2023-02-09",
        "fiscal_year": 2022,
        "fiscal_quarter": 4,
        "r2_url": "https://pub-2c783279b61043e19fbdadd1bee5153a.r2.dev/NET/2023-02-09/Cloudflare%2C%20Inc._2023-02-09_transcript/Cloudflare%2C%20Inc._2023-02-09_transcript.pdf/Cloudflare%2C%20Inc._2023-02-09_transcript.pdf",
        "periodicity": "periodic"
    },
    {
        "equity_ticker": "NET",
        "geography": "US",
        "content_name": "NET Q4 2022 Press Release",
        "file_type": "pdf",
        "content_type": "earnings_press_release",
        "published_date": "2023-02-09",
        "fiscal_date": "2023-02-09",
        "fiscal_year": 2022,
        "fiscal_quarter": 4,
        "r2_url": "https://pub-2c783279b61043e19fbdadd1bee5153a.r2.dev/NET/2023-02-09/d4b65-2023-02-09-09-18-18/d4b65-2023-02-09-09-18-18.pdf/d4b65-2023-02-09-09-18-18.pdf",
        "periodicity": "periodic"
    },
    {
        "equity_ticker": "NET",
        "geography": "US",
        "content_name": "NET Q4 2022 Presentation",
        "file_type": "pdf",
        "content_type": "earnings_presentation",
        "published_date": "2023-02-09",
        "fiscal_date": "2023-02-09",
        "fiscal_year": 2022,
        "fiscal_quarter": 4,
        "r2_url": "https://pub-2c783279b61043e19fbdadd1bee5153a.r2.dev/NET/2023-02-09/3c491-2023-02-13-01-09-52/3c491-2023-02-13-01-09-52.pdf/3c491-2023-02-13-01-09-52.pdf",
        "periodicity": "periodic"
    },
    {
        "equity_ticker": "NET",
        "geography": "US",
        "content_name": "Credit Suisse Technology Conference - November 30, 2022",
        "file_type": "pdf",
        "content_type": "company_conference_transcript",
        "published_date": "2022-11-30",
        "fiscal_date": "2022-11-30",
        "fiscal_year": null,
        "fiscal_quarter": null,
        "r2_url": "https://pub-2c783279b61043e19fbdadd1bee5153a.r2.dev/NET/2022-11-30/Cloudflare%2C%20Inc._2022-11-30_transcript/Cloudflare%2C%20Inc._2022-11-30_transcript.pdf/Cloudflare%2C%20Inc._2022-11-30_transcript.pdf",
        "periodicity": "non_periodic"
    },
    {
        "equity_ticker": "NET",
        "geography": "US",
        "content_name": "NET Q3 2022 Transcript",
        "file_type": "pdf",
        "content_type": "earnings_transcript",
        "published_date": "2022-11-03",
        "fiscal_date": "2022-11-03",
        "fiscal_year": 2022,
        "fiscal_quarter": 3,
        "r2_url": "https://pub-2c783279b61043e19fbdadd1bee5153a.r2.dev/NET/2022-11-03/Cloudflare%2C%20Inc._2022-11-03_transcript/Cloudflare%2C%20Inc._2022-11-03_transcript.pdf/Cloudflare%2C%20Inc._2022-11-03_transcript.pdf",
        "periodicity": "periodic"
    },
    {
        "equity_ticker": "NET",
        "geography": "US",
        "content_name": "NET Q3 2022 Presentation",
        "file_type": "pdf",
        "content_type": "earnings_presentation",
        "published_date": "2022-11-03",
        "fiscal_date": "2022-11-03",
        "fiscal_year": 2022,
        "fiscal_quarter": 3,
        "r2_url": "https://pub-2c783279b61043e19fbdadd1bee5153a.r2.dev/NET/2022-11-03/5ed06-2022-11-03-08-31-18/5ed06-2022-11-03-08-31-18.pdf/5ed06-2022-11-03-08-31-18.pdf",
        "periodicity": "periodic"
    },
    {
        "equity_ticker": "NET",
        "geography": "US",
        "content_name": "RBC Capital Markets Global Technology, Internet, Media and Telecommunications Conference - September 13, 2022",
        "file_type": "pdf",
        "content_type": "company_conference_transcript",
        "published_date": "2022-09-13",
        "fiscal_date": "2022-09-13",
        "fiscal_year": null,
        "fiscal_quarter": null,
        "r2_url": "https://pub-2c783279b61043e19fbdadd1bee5153a.r2.dev/NET/2022-09-13/Cloudflare%2C%20Inc._2022-09-13_transcript/Cloudflare%2C%20Inc._2022-09-13_transcript.pdf/Cloudflare%2C%20Inc._2022-09-13_transcript.pdf",
        "periodicity": "non_periodic"
    },
    {
        "equity_ticker": "NET",
        "geography": "US",
        "content_name": "NET Q2 2022 Transcript",
        "file_type": "pdf",
        "content_type": "earnings_transcript",
        "published_date": "2022-08-04",
        "fiscal_date": "2022-08-04",
        "fiscal_year": 2022,
        "fiscal_quarter": 2,
        "r2_url": "https://pub-2c783279b61043e19fbdadd1bee5153a.r2.dev/NET/2022-08-04/Cloudflare%2C%20Inc._2022-08-04_transcript/Cloudflare%2C%20Inc._2022-08-04_transcript.pdf/Cloudflare%2C%20Inc._2022-08-04_transcript.pdf",
        "periodicity": "periodic"
    },
    {
        "equity_ticker": "NET",
        "geography": "US",
        "content_name": "NET Q2 2022 Presentation",
        "file_type": "pdf",
        "content_type": "earnings_presentation",
        "published_date": "2022-08-04",
        "fiscal_date": "2022-08-04",
        "fiscal_year": 2022,
        "fiscal_quarter": 2,
        "r2_url": "https://pub-2c783279b61043e19fbdadd1bee5153a.r2.dev/NET/2022-08-04/03e2b-2022-08-04-08-13-19/03e2b-2022-08-04-08-13-19.pdf/03e2b-2022-08-04-08-13-19.pdf",
        "periodicity": "periodic"
    },
    {
        "equity_ticker": "NET",
        "geography": "US",
        "content_name": "Investor Day 2022 - May 12, 2022",
        "file_type": "pdf",
        "content_type": "company_conference_transcript",
        "published_date": "2022-05-12",
        "fiscal_date": "2022-05-12",
        "fiscal_year": null,
        "fiscal_quarter": null,
        "r2_url": "https://pub-2c783279b61043e19fbdadd1bee5153a.r2.dev/NET/2022-05-12/Cloudflare%2C%20Inc._2022-05-12_transcript/Cloudflare%2C%20Inc._2022-05-12_transcript.pdf/Cloudflare%2C%20Inc._2022-05-12_transcript.pdf",
        "periodicity": "non_periodic"
    },
    {
        "equity_ticker": "NET",
        "geography": "US",
        "content_name": "Investor Day 2022 - May 12, 2022",
        "file_type": "pdf",
        "content_type": "company_conference_presentation",
        "published_date": "2022-05-12",
        "fiscal_date": "2022-05-12",
        "fiscal_year": null,
        "fiscal_quarter": null,
        "r2_url": "https://pub-2c783279b61043e19fbdadd1bee5153a.r2.dev/NET/2022-05-12/5951a-2022-05-12-09-09-59-migrated/5951a-2022-05-12-09-09-59-migrated.pdf/5951a-2022-05-12-09-09-59-migrated.pdf",
        "periodicity": "non_periodic"
    },
    {
        "equity_ticker": "NET",
        "geography": "US",
        "content_name": "NET Q1 2022 Transcript",
        "file_type": "pdf",
        "content_type": "earnings_transcript",
        "published_date": "2022-05-05",
        "fiscal_date": "2022-05-05",
        "fiscal_year": 2022,
        "fiscal_quarter": 1,
        "r2_url": "https://pub-2c783279b61043e19fbdadd1bee5153a.r2.dev/NET/2022-05-05/Cloudflare%2C%20Inc._2022-05-05_transcript/Cloudflare%2C%20Inc._2022-05-05_transcript.pdf/Cloudflare%2C%20Inc._2022-05-05_transcript.pdf",
        "periodicity": "periodic"
    },
    {
        "equity_ticker": "NET",
        "geography": "US",
        "content_name": "NET Q1 2022 Presentation",
        "file_type": "pdf",
        "content_type": "earnings_presentation",
        "published_date": "2022-05-05",
        "fiscal_date": "2022-05-05",
        "fiscal_year": 2022,
        "fiscal_quarter": 1,
        "r2_url": "https://pub-2c783279b61043e19fbdadd1bee5153a.r2.dev/NET/2022-05-05/0bf93-2022-05-05-12-41-45-migrated/0bf93-2022-05-05-12-41-45-migrated.pdf/0bf93-2022-05-05-12-41-45-migrated.pdf",
        "periodicity": "periodic"
    },
    {
        "equity_ticker": "NET",
        "geography": "US",
        "content_name": "NET Q4 2021 Transcript",
        "file_type": "pdf",
        "content_type": "earnings_transcript",
        "published_date": "2022-02-10",
        "fiscal_date": "2022-02-10",
        "fiscal_year": 2021,
        "fiscal_quarter": 4,
        "r2_url": "https://pub-2c783279b61043e19fbdadd1bee5153a.r2.dev/NET/2022-02-10/Cloudflare%2C%20Inc._2022-02-10_transcript/Cloudflare%2C%20Inc._2022-02-10_transcript.pdf/Cloudflare%2C%20Inc._2022-02-10_transcript.pdf",
        "periodicity": "periodic"
    },
    {
        "equity_ticker": "NET",
        "geography": "US",
        "content_name": "NET Q4 2021 Press Release",
        "file_type": "pdf",
        "content_type": "earnings_press_release",
        "published_date": "2022-02-10",
        "fiscal_date": "2022-02-10",
        "fiscal_year": 2021,
        "fiscal_quarter": 4,
        "r2_url": "https://pub-2c783279b61043e19fbdadd1bee5153a.r2.dev/NET/2022-02-10/fc1f4-2025-02-24-03-39-23/fc1f4-2025-02-24-03-39-23.pdf/fc1f4-2025-02-24-03-39-23.pdf",
        "periodicity": "periodic"
    },
    {
        "equity_ticker": "NET",
        "geography": "US",
        "content_name": "NET Q4 2021 Presentation",
        "file_type": "pdf",
        "content_type": "earnings_presentation",
        "published_date": "2022-02-10",
        "fiscal_date": "2022-02-10",
        "fiscal_year": 2021,
        "fiscal_quarter": 4,
        "r2_url": "https://pub-2c783279b61043e19fbdadd1bee5153a.r2.dev/NET/2022-02-10/d8506-2022-02-10-09-42-22-migrated/d8506-2022-02-10-09-42-22-migrated.pdf/d8506-2022-02-10-09-42-22-migrated.pdf",
        "periodicity": "periodic"
    },
    {
        "equity_ticker": "NET",
        "geography": "US",
        "content_name": "NET Q3 2021 Transcript",
        "file_type": "pdf",
        "content_type": "earnings_transcript",
        "published_date": "2021-11-04",
        "fiscal_date": "2021-11-04",
        "fiscal_year": 2021,
        "fiscal_quarter": 3,
        "r2_url": "https://pub-2c783279b61043e19fbdadd1bee5153a.r2.dev/NET/2021-11-04/Cloudflare%2C%20Inc._2021-11-04_transcript/Cloudflare%2C%20Inc._2021-11-04_transcript.pdf/Cloudflare%2C%20Inc._2021-11-04_transcript.pdf",
        "periodicity": "periodic"
    },
    {
        "equity_ticker": "NET",
        "geography": "US",
        "content_name": "NET Q3 2021 Press Release",
        "file_type": "pdf",
        "content_type": "earnings_press_release",
        "published_date": "2021-11-04",
        "fiscal_date": "2021-11-04",
        "fiscal_year": 2021,
        "fiscal_quarter": 3,
        "r2_url": "https://pub-2c783279b61043e19fbdadd1bee5153a.r2.dev/NET/2021-11-04/67138-2023-01-25-11-21-55/67138-2023-01-25-11-21-55.pdf/67138-2023-01-25-11-21-55.pdf",
        "periodicity": "periodic"
    },
    {
        "equity_ticker": "NET",
        "geography": "US",
        "content_name": "NET Q2 2021 Transcript",
        "file_type": "pdf",
        "content_type": "earnings_transcript",
        "published_date": "2021-08-05",
        "fiscal_date": "2021-08-05",
        "fiscal_year": 2021,
        "fiscal_quarter": 2,
        "r2_url": "https://pub-2c783279b61043e19fbdadd1bee5153a.r2.dev/NET/2021-08-05/Cloudflare%2C%20Inc._2021-08-05_transcript/Cloudflare%2C%20Inc._2021-08-05_transcript.pdf/Cloudflare%2C%20Inc._2021-08-05_transcript.pdf",
        "periodicity": "periodic"
    },
    {
        "equity_ticker": "NET",
        "geography": "US",
        "content_name": "NET Q2 2021 Press Release",
        "file_type": "pdf",
        "content_type": "earnings_press_release",
        "published_date": "2021-08-05",
        "fiscal_date": "2021-08-05",
        "fiscal_year": 2021,
        "fiscal_quarter": 2,
        "r2_url": "https://pub-2c783279b61043e19fbdadd1bee5153a.r2.dev/NET/2021-08-05/3590e-2023-01-25-09-24-59/3590e-2023-01-25-09-24-59.pdf/3590e-2023-01-25-09-24-59.pdf",
        "periodicity": "periodic"
    },
    {
        "equity_ticker": "NET",
        "geography": "US",
        "content_name": "NET Q1 2021 Transcript",
        "file_type": "pdf",
        "content_type": "earnings_transcript",
        "published_date": "2021-05-06",
        "fiscal_date": "2021-05-06",
        "fiscal_year": 2021,
        "fiscal_quarter": 1,
        "r2_url": "https://pub-2c783279b61043e19fbdadd1bee5153a.r2.dev/NET/2021-05-06/Cloudflare%2C%20Inc._2021-05-06_transcript/Cloudflare%2C%20Inc._2021-05-06_transcript.pdf/Cloudflare%2C%20Inc._2021-05-06_transcript.pdf",
        "periodicity": "periodic"
    },
    {
        "equity_ticker": "NET",
        "geography": "US",
        "content_name": "NET Q1 2021 Press Release",
        "file_type": "pdf",
        "content_type": "earnings_press_release",
        "published_date": "2021-05-06",
        "fiscal_date": "2021-05-06",
        "fiscal_year": 2021,
        "fiscal_quarter": 1,
        "r2_url": "https://pub-2c783279b61043e19fbdadd1bee5153a.r2.dev/NET/2021-05-06/4464c-2023-01-25-09-50-04/4464c-2023-01-25-09-50-04.pdf/4464c-2023-01-25-09-50-04.pdf",
        "periodicity": "periodic"
    },
    {
        "equity_ticker": "NET",
        "geography": "US",
        "content_name": "NET Q1 2021 Presentation",
        "file_type": "pdf",
        "content_type": "earnings_presentation",
        "published_date": "2021-05-06",
        "fiscal_date": "2021-05-06",
        "fiscal_year": 2021,
        "fiscal_quarter": 1,
        "r2_url": "https://pub-2c783279b61043e19fbdadd1bee5153a.r2.dev/NET/2021-05-06/a4f14-2021-05-06-09-34-40-migrated/a4f14-2021-05-06-09-34-40-migrated.pdf/a4f14-2021-05-06-09-34-40-migrated.pdf",
        "periodicity": "periodic"
    },
    {
        "equity_ticker": "NET",
        "geography": "US",
        "content_name": "Investor Day 2021 - February 12, 2021",
        "file_type": "pdf",
        "content_type": "company_conference_transcript",
        "published_date": "2021-02-12",
        "fiscal_date": "2021-02-12",
        "fiscal_year": null,
        "fiscal_quarter": null,
        "r2_url": "https://pub-2c783279b61043e19fbdadd1bee5153a.r2.dev/NET/2021-02-12/Cloudflare%2C%20Inc._2021-02-12_transcript/Cloudflare%2C%20Inc._2021-02-12_transcript.pdf/Cloudflare%2C%20Inc._2021-02-12_transcript.pdf",
        "periodicity": "non_periodic"
    },
    {
        "equity_ticker": "NET",
        "geography": "US",
        "content_name": "NET Q4 2020 Transcript",
        "file_type": "pdf",
        "content_type": "earnings_transcript",
        "published_date": "2021-02-11",
        "fiscal_date": "2021-02-11",
        "fiscal_year": 2020,
        "fiscal_quarter": 4,
        "r2_url": "https://pub-2c783279b61043e19fbdadd1bee5153a.r2.dev/NET/2021-02-11/Cloudflare%2C%20Inc._2021-02-11_transcript/Cloudflare%2C%20Inc._2021-02-11_transcript.pdf/Cloudflare%2C%20Inc._2021-02-11_transcript.pdf",
        "periodicity": "periodic"
    },
    {
        "equity_ticker": "NET",
        "geography": "US",
        "content_name": "NET Q4 2020 Press Release",
        "file_type": "pdf",
        "content_type": "earnings_press_release",
        "published_date": "2021-02-11",
        "fiscal_date": "2021-02-11",
        "fiscal_year": 2020,
        "fiscal_quarter": 4,
        "r2_url": "https://pub-2c783279b61043e19fbdadd1bee5153a.r2.dev/NET/2021-02-11/89637-2022-06-23-10-07-24/89637-2022-06-23-10-07-24.pdf/89637-2022-06-23-10-07-24.pdf",
        "periodicity": "periodic"
    },
    {
        "equity_ticker": "NET",
        "geography": "US",
        "content_name": "NET Q3 2020 Transcript",
        "file_type": "pdf",
        "content_type": "earnings_transcript",
        "published_date": "2020-11-05",
        "fiscal_date": "2020-11-05",
        "fiscal_year": 2020,
        "fiscal_quarter": 3,
        "r2_url": "https://pub-2c783279b61043e19fbdadd1bee5153a.r2.dev/NET/2020-11-05/Cloudflare%2C%20Inc._2020-11-05_transcript/Cloudflare%2C%20Inc._2020-11-05_transcript.pdf/Cloudflare%2C%20Inc._2020-11-05_transcript.pdf",
        "periodicity": "periodic"
    },
    {
        "equity_ticker": "NET",
        "geography": "US",
        "content_name": "NET Q3 2020 Press Release",
        "file_type": "pdf",
        "content_type": "earnings_press_release",
        "published_date": "2020-11-05",
        "fiscal_date": "2020-11-05",
        "fiscal_year": 2020,
        "fiscal_quarter": 3,
        "r2_url": "https://pub-2c783279b61043e19fbdadd1bee5153a.r2.dev/NET/2020-11-05/7bb84-2022-06-23-10-04-26/7bb84-2022-06-23-10-04-26.pdf/7bb84-2022-06-23-10-04-26.pdf",
        "periodicity": "periodic"
    },
    {
        "equity_ticker": "NET",
        "geography": "US",
        "content_name": "NET Q2 2020 Transcript",
        "file_type": "pdf",
        "content_type": "earnings_transcript",
        "published_date": "2020-08-06",
        "fiscal_date": "2020-08-06",
        "fiscal_year": 2020,
        "fiscal_quarter": 2,
        "r2_url": "https://pub-2c783279b61043e19fbdadd1bee5153a.r2.dev/NET/2020-08-06/Cloudflare%2C%20Inc._2020-08-06_transcript/Cloudflare%2C%20Inc._2020-08-06_transcript.pdf/Cloudflare%2C%20Inc._2020-08-06_transcript.pdf",
        "periodicity": "periodic"
    },
    {
        "equity_ticker": "NET",
        "geography": "US",
        "content_name": "NET Q2 2020 Press Release",
        "file_type": "pdf",
        "content_type": "earnings_press_release",
        "published_date": "2020-08-06",
        "fiscal_date": "2020-08-06",
        "fiscal_year": 2020,
        "fiscal_quarter": 2,
        "r2_url": "https://pub-2c783279b61043e19fbdadd1bee5153a.r2.dev/NET/2020-08-06/0816a-2022-06-23-10-12-27/0816a-2022-06-23-10-12-27.pdf/0816a-2022-06-23-10-12-27.pdf",
        "periodicity": "periodic"
    },
    {
        "equity_ticker": "NET",
        "geography": "US",
        "content_name": "NET Q1 2020 Transcript",
        "file_type": "pdf",
        "content_type": "earnings_transcript",
        "published_date": "2020-05-07",
        "fiscal_date": "2020-05-07",
        "fiscal_year": 2020,
        "fiscal_quarter": 1,
        "r2_url": "https://pub-2c783279b61043e19fbdadd1bee5153a.r2.dev/NET/2020-05-07/Cloudflare%2C%20Inc._2020-05-07_transcript/Cloudflare%2C%20Inc._2020-05-07_transcript.pdf/Cloudflare%2C%20Inc._2020-05-07_transcript.pdf",
        "periodicity": "periodic"
    },
    {
        "equity_ticker": "NET",
        "geography": "US",
        "content_name": "NET Q1 2020 Press Release",
        "file_type": "pdf",
        "content_type": "earnings_press_release",
        "published_date": "2020-05-07",
        "fiscal_date": "2020-05-07",
        "fiscal_year": 2020,
        "fiscal_quarter": 1,
        "r2_url": "https://pub-2c783279b61043e19fbdadd1bee5153a.r2.dev/NET/2020-05-07/9154a-2022-06-23-10-25-28/9154a-2022-06-23-10-25-28.pdf/9154a-2022-06-23-10-25-28.pdf",
        "periodicity": "periodic"
    },
    {
        "equity_ticker": "NET",
        "geography": "US",
        "content_name": "NET Q4 2019 Transcript",
        "file_type": "pdf",
        "content_type": "earnings_transcript",
        "published_date": "2020-02-13",
        "fiscal_date": "2020-02-13",
        "fiscal_year": 2019,
        "fiscal_quarter": 4,
        "r2_url": "https://pub-2c783279b61043e19fbdadd1bee5153a.r2.dev/NET/2020-02-13/Cloudflare%2C%20Inc._2020-02-13_transcript/Cloudflare%2C%20Inc._2020-02-13_transcript.pdf/Cloudflare%2C%20Inc._2020-02-13_transcript.pdf",
        "periodicity": "periodic"
    },
    {
        "equity_ticker": "NET",
        "geography": "US",
        "content_name": "NET Q4 2019 Press Release",
        "file_type": "pdf",
        "content_type": "earnings_press_release",
        "published_date": "2020-02-13",
        "fiscal_date": "2020-02-13",
        "fiscal_year": 2019,
        "fiscal_quarter": 4,
        "r2_url": "https://pub-2c783279b61043e19fbdadd1bee5153a.r2.dev/NET/2020-02-13/d6483-2023-04-04-11-10-19/d6483-2023-04-04-11-10-19.pdf/d6483-2023-04-04-11-10-19.pdf",
        "periodicity": "periodic"
    },
    {
        "equity_ticker": "NET",
        "geography": "US",
        "content_name": "NET Q4 2019 Presentation",
        "file_type": "pdf",
        "content_type": "earnings_presentation",
        "published_date": "2020-02-13",
        "fiscal_date": "2020-02-13",
        "fiscal_year": 2019,
        "fiscal_quarter": 4,
        "r2_url": "https://pub-2c783279b61043e19fbdadd1bee5153a.r2.dev/NET/2020-02-13/2ca68-2023-04-04-11-10-19/2ca68-2023-04-04-11-10-19.pdf/2ca68-2023-04-04-11-10-19.pdf",
        "periodicity": "periodic"
    },
    {
        "equity_ticker": "NET",
        "geography": "US",
        "content_name": "NET Q3 2019 Transcript",
        "file_type": "pdf",
        "content_type": "earnings_transcript",
        "published_date": "2019-11-07",
        "fiscal_date": "2019-11-07",
        "fiscal_year": 2019,
        "fiscal_quarter": 3,
        "r2_url": "https://pub-2c783279b61043e19fbdadd1bee5153a.r2.dev/NET/2019-11-07/Cloudflare%2C%20Inc._2019-11-07_transcript/Cloudflare%2C%20Inc._2019-11-07_transcript.pdf/Cloudflare%2C%20Inc._2019-11-07_transcript.pdf",
        "periodicity": "periodic"
    },
    {
        "equity_ticker": "NET",
        "geography": "US",
        "content_name": "NET Q3 2019 Press Release",
        "file_type": "pdf",
        "content_type": "earnings_press_release",
        "published_date": "2019-11-07",
        "fiscal_date": "2019-11-07",
        "fiscal_year": 2019,
        "fiscal_quarter": 3,
        "r2_url": "https://pub-2c783279b61043e19fbdadd1bee5153a.r2.dev/NET/2019-11-07/6ef64-2023-04-04-11-04-20/6ef64-2023-04-04-11-04-20.pdf/6ef64-2023-04-04-11-04-20.pdf",
        "periodicity": "periodic"
    }
]