[
    {
        "equity_ticker": "NTNX",
        "geography": "US",
        "content_name": "Morgan Stanley Technology, Media & Telecom Conference - March 6, 2025",
        "file_type": "pdf",
        "content_type": "sellside_conference_transcript",
        "published_date": "2025-03-06",
        "fiscal_date": "2025-03-06",
        "fiscal_year": null,
        "fiscal_quarter": null,
        "r2_url": "https://pub-2c783279b61043e19fbdadd1bee5153a.r2.dev/NTNX/2025-03-06/Nutanix%2C%20Inc._2025-03-06_transcript/Nutanix%2C%20Inc._2025-03-06_transcript.pdf%5CNutanix%2C%20Inc._2025-03-06_transcript.pdf",
        "periodicity": "non_periodic"
    },
    {
        "equity_ticker": "NTNX",
        "geography": "US",
        "content_name": "NTNX Q2 2025 Transcript",
        "file_type": "pdf",
        "content_type": "earnings_transcript",
        "published_date": "2025-02-26",
        "fiscal_date": "2025-02-26",
        "fiscal_year": 2025,
        "fiscal_quarter": 2,
        "r2_url": "https://pub-2c783279b61043e19fbdadd1bee5153a.r2.dev/NTNX/2025-02-26/Nutanix%2C%20Inc._2025-02-26_transcript/Nutanix%2C%20Inc._2025-02-26_transcript.pdf%5CNutanix%2C%20Inc._2025-02-26_transcript.pdf",
        "periodicity": "periodic"
    },
    {
        "equity_ticker": "NTNX",
        "geography": "US",
        "content_name": "NTNX Q2 2025 Press Release",
        "file_type": "pdf",
        "content_type": "earnings_press_release",
        "published_date": "2025-02-26",
        "fiscal_date": "2025-02-26",
        "fiscal_year": 2025,
        "fiscal_quarter": 2,
        "r2_url": "https://pub-2c783279b61043e19fbdadd1bee5153a.r2.dev/NTNX/2025-02-26/26de6-2025-02-26-09-33-04/26de6-2025-02-26-09-33-04.pdf%5C26de6-2025-02-26-09-33-04.pdf",
        "periodicity": "periodic"
    },
    {
        "equity_ticker": "NTNX",
        "geography": "US",
        "content_name": "NTNX Q2 2025 Presentation",
        "file_type": "pdf",
        "content_type": "earnings_presentation",
        "published_date": "2025-02-26",
        "fiscal_date": "2025-02-26",
        "fiscal_year": 2025,
        "fiscal_quarter": 2,
        "r2_url": "https://pub-2c783279b61043e19fbdadd1bee5153a.r2.dev/NTNX/2025-02-26/64356-2025-02-27-04-51-49/64356-2025-02-27-04-51-49.pdf%5C64356-2025-02-27-04-51-49.pdf",
        "periodicity": "periodic"
    },
    {
        "equity_ticker": "NTNX",
        "geography": "US",
        "content_name": "27th Annual Needham Growth Conference - January 17, 2025",
        "file_type": "pdf",
        "content_type": "company_conference_transcript",
        "published_date": "2025-01-17",
        "fiscal_date": "2025-01-17",
        "fiscal_year": null,
        "fiscal_quarter": null,
        "r2_url": "https://pub-2c783279b61043e19fbdadd1bee5153a.r2.dev/NTNX/2025-01-17/Nutanix%2C%20Inc._2025-01-17_transcript/Nutanix%2C%20Inc._2025-01-17_transcript.pdf%5CNutanix%2C%20Inc._2025-01-17_transcript.pdf",
        "periodicity": "non_periodic"
    },
    {
        "equity_ticker": "NTNX",
        "geography": "US",
        "content_name": "Barclays 22nd Annual Global Technology Conference 2024 - December 12, 2024",
        "file_type": "pdf",
        "content_type": "sellside_conference_transcript",
        "published_date": "2024-12-12",
        "fiscal_date": "2024-12-12",
        "fiscal_year": null,
        "fiscal_quarter": null,
        "r2_url": "https://pub-2c783279b61043e19fbdadd1bee5153a.r2.dev/NTNX/2024-12-12/Nutanix%2C%20Inc._2024-12-12_transcript/Nutanix%2C%20Inc._2024-12-12_transcript.pdf%5CNutanix%2C%20Inc._2024-12-12_transcript.pdf",
        "periodicity": "non_periodic"
    },
    {
        "equity_ticker": "NTNX",
        "geography": "US",
        "content_name": "NTNX Q1 2025 Transcript",
        "file_type": "pdf",
        "content_type": "earnings_transcript",
        "published_date": "2024-11-26",
        "fiscal_date": "2024-11-26",
        "fiscal_year": 2025,
        "fiscal_quarter": 1,
        "r2_url": "https://pub-2c783279b61043e19fbdadd1bee5153a.r2.dev/NTNX/2024-11-26/Nutanix%2C%20Inc._2024-11-26_transcript/Nutanix%2C%20Inc._2024-11-26_transcript.pdf%5CNutanix%2C%20Inc._2024-11-26_transcript.pdf",
        "periodicity": "periodic"
    },
    {
        "equity_ticker": "NTNX",
        "geography": "US",
        "content_name": "NTNX Q1 2025 Press Release",
        "file_type": "pdf",
        "content_type": "earnings_press_release",
        "published_date": "2024-11-26",
        "fiscal_date": "2024-11-26",
        "fiscal_year": 2025,
        "fiscal_quarter": 1,
        "r2_url": "https://pub-2c783279b61043e19fbdadd1bee5153a.r2.dev/NTNX/2024-11-26/91be1-2024-11-26-09-29-03/91be1-2024-11-26-09-29-03.pdf%5C91be1-2024-11-26-09-29-03.pdf",
        "periodicity": "periodic"
    },
    {
        "equity_ticker": "NTNX",
        "geography": "US",
        "content_name": "NTNX Q1 2025 Presentation",
        "file_type": "pdf",
        "content_type": "earnings_presentation",
        "published_date": "2024-11-26",
        "fiscal_date": "2024-11-26",
        "fiscal_year": 2025,
        "fiscal_quarter": 1,
        "r2_url": "https://pub-2c783279b61043e19fbdadd1bee5153a.r2.dev/NTNX/2024-11-26/6e268-2024-11-27-04-26-06/6e268-2024-11-27-04-26-06.pdf%5C6e268-2024-11-27-04-26-06.pdf",
        "periodicity": "periodic"
    },
    {
        "equity_ticker": "NTNX",
        "geography": "US",
        "content_name": "Goldman Sachs Communacopia + Technology Conference 2024 - September 9, 2024",
        "file_type": "pdf",
        "content_type": "sellside_conference_transcript",
        "published_date": "2024-09-09",
        "fiscal_date": "2024-09-09",
        "fiscal_year": null,
        "fiscal_quarter": null,
        "r2_url": "https://pub-2c783279b61043e19fbdadd1bee5153a.r2.dev/NTNX/2024-09-09/Nutanix%2C%20Inc._2024-09-09_transcript/Nutanix%2C%20Inc._2024-09-09_transcript.pdf%5CNutanix%2C%20Inc._2024-09-09_transcript.pdf",
        "periodicity": "non_periodic"
    },
    {
        "equity_ticker": "NTNX",
        "geography": "US",
        "content_name": "NTNX Q4 2024 Transcript",
        "file_type": "pdf",
        "content_type": "earnings_transcript",
        "published_date": "2024-08-28",
        "fiscal_date": "2024-08-28",
        "fiscal_year": 2024,
        "fiscal_quarter": 4,
        "r2_url": "https://pub-2c783279b61043e19fbdadd1bee5153a.r2.dev/NTNX/2024-08-28/Nutanix%2C%20Inc._2024-08-28_transcript/Nutanix%2C%20Inc._2024-08-28_transcript.pdf%5CNutanix%2C%20Inc._2024-08-28_transcript.pdf",
        "periodicity": "periodic"
    },
    {
        "equity_ticker": "NTNX",
        "geography": "US",
        "content_name": "NTNX Q4 2024 Press Release",
        "file_type": "pdf",
        "content_type": "earnings_press_release",
        "published_date": "2024-08-28",
        "fiscal_date": "2024-08-28",
        "fiscal_year": 2024,
        "fiscal_quarter": 4,
        "r2_url": "https://pub-2c783279b61043e19fbdadd1bee5153a.r2.dev/NTNX/2024-08-28/7a2ad-2024-08-28-08-46-03/7a2ad-2024-08-28-08-46-03.pdf%5C7a2ad-2024-08-28-08-46-03.pdf",
        "periodicity": "periodic"
    },
    {
        "equity_ticker": "NTNX",
        "geography": "US",
        "content_name": "NTNX Q4 2024 Presentation",
        "file_type": "pdf",
        "content_type": "earnings_presentation",
        "published_date": "2024-08-28",
        "fiscal_date": "2024-08-28",
        "fiscal_year": 2024,
        "fiscal_quarter": 4,
        "r2_url": "https://pub-2c783279b61043e19fbdadd1bee5153a.r2.dev/NTNX/2024-08-28/753e6-2024-08-30-11-37-47/753e6-2024-08-30-11-37-47.pdf%5C753e6-2024-08-30-11-37-47.pdf",
        "periodicity": "periodic"
    },
    {
        "equity_ticker": "NTNX",
        "geography": "US",
        "content_name": "BofA Securities 2024 Global Technology Conference - June 4, 2024",
        "file_type": "pdf",
        "content_type": "sellside_conference_transcript",
        "published_date": "2024-06-04",
        "fiscal_date": "2024-06-04",
        "fiscal_year": null,
        "fiscal_quarter": null,
        "r2_url": "https://pub-2c783279b61043e19fbdadd1bee5153a.r2.dev/NTNX/2024-06-04/Nutanix%2C%20Inc._2024-06-04_transcript/Nutanix%2C%20Inc._2024-06-04_transcript.pdf%5CNutanix%2C%20Inc._2024-06-04_transcript.pdf",
        "periodicity": "non_periodic"
    },
    {
        "equity_ticker": "NTNX",
        "geography": "US",
        "content_name": "NTNX Q3 2024 Transcript",
        "file_type": "pdf",
        "content_type": "earnings_transcript",
        "published_date": "2024-05-29",
        "fiscal_date": "2024-05-29",
        "fiscal_year": 2024,
        "fiscal_quarter": 3,
        "r2_url": "https://pub-2c783279b61043e19fbdadd1bee5153a.r2.dev/NTNX/2024-05-29/Nutanix%2C%20Inc._2024-05-29_transcript/Nutanix%2C%20Inc._2024-05-29_transcript.pdf%5CNutanix%2C%20Inc._2024-05-29_transcript.pdf",
        "periodicity": "periodic"
    },
    {
        "equity_ticker": "NTNX",
        "geography": "US",
        "content_name": "NTNX Q3 2024 Press Release",
        "file_type": "pdf",
        "content_type": "earnings_press_release",
        "published_date": "2024-05-29",
        "fiscal_date": "2024-05-29",
        "fiscal_year": 2024,
        "fiscal_quarter": 3,
        "r2_url": "https://pub-2c783279b61043e19fbdadd1bee5153a.r2.dev/NTNX/2024-05-29/6bfdb-2024-05-29-08-12-07/6bfdb-2024-05-29-08-12-07.pdf%5C6bfdb-2024-05-29-08-12-07.pdf",
        "periodicity": "periodic"
    },
    {
        "equity_ticker": "NTNX",
        "geography": "US",
        "content_name": "NTNX Q3 2024 Presentation",
        "file_type": "pdf",
        "content_type": "earnings_presentation",
        "published_date": "2024-05-29",
        "fiscal_date": "2024-05-29",
        "fiscal_year": 2024,
        "fiscal_quarter": 3,
        "r2_url": "https://pub-2c783279b61043e19fbdadd1bee5153a.r2.dev/NTNX/2024-05-29/83e11-2024-05-29-08-57-13/83e11-2024-05-29-08-57-13.pdf%5C83e11-2024-05-29-08-57-13.pdf",
        "periodicity": "periodic"
    },
    {
        "equity_ticker": "NTNX",
        "geography": "US",
        "content_name": "Morgan Stanley\u2019s Technology, Media & Telecom Conference 2024 - March 6, 2024",
        "file_type": "pdf",
        "content_type": "sellside_conference_transcript",
        "published_date": "2024-03-06",
        "fiscal_date": "2024-03-06",
        "fiscal_year": null,
        "fiscal_quarter": null,
        "r2_url": "https://pub-2c783279b61043e19fbdadd1bee5153a.r2.dev/NTNX/2024-03-06/Nutanix%2C%20Inc._2024-03-06_transcript/Nutanix%2C%20Inc._2024-03-06_transcript.pdf%5CNutanix%2C%20Inc._2024-03-06_transcript.pdf",
        "periodicity": "non_periodic"
    },
    {
        "equity_ticker": "NTNX",
        "geography": "US",
        "content_name": "NTNX Q2 2024 Transcript",
        "file_type": "pdf",
        "content_type": "earnings_transcript",
        "published_date": "2024-02-28",
        "fiscal_date": "2024-02-28",
        "fiscal_year": 2024,
        "fiscal_quarter": 2,
        "r2_url": "https://pub-2c783279b61043e19fbdadd1bee5153a.r2.dev/NTNX/2024-02-28/Nutanix%2C%20Inc._2024-02-28_transcript/Nutanix%2C%20Inc._2024-02-28_transcript.pdf%5CNutanix%2C%20Inc._2024-02-28_transcript.pdf",
        "periodicity": "periodic"
    },
    {
        "equity_ticker": "NTNX",
        "geography": "US",
        "content_name": "NTNX Q2 2024 Press Release",
        "file_type": "pdf",
        "content_type": "earnings_press_release",
        "published_date": "2024-02-28",
        "fiscal_date": "2024-02-28",
        "fiscal_year": 2024,
        "fiscal_quarter": 2,
        "r2_url": "https://pub-2c783279b61043e19fbdadd1bee5153a.r2.dev/NTNX/2024-02-28/489c7-2024-02-28-09-48-09/489c7-2024-02-28-09-48-09.pdf%5C489c7-2024-02-28-09-48-09.pdf",
        "periodicity": "periodic"
    },
    {
        "equity_ticker": "NTNX",
        "geography": "US",
        "content_name": "NTNX Q2 2024 Presentation",
        "file_type": "pdf",
        "content_type": "earnings_presentation",
        "published_date": "2024-02-28",
        "fiscal_date": "2024-02-28",
        "fiscal_year": 2024,
        "fiscal_quarter": 2,
        "r2_url": "https://pub-2c783279b61043e19fbdadd1bee5153a.r2.dev/NTNX/2024-02-28/1c8c4-2024-02-28-09-38-56/1c8c4-2024-02-28-09-38-56.pdf%5C1c8c4-2024-02-28-09-38-56.pdf",
        "periodicity": "periodic"
    },
    {
        "equity_ticker": "NTNX",
        "geography": "US",
        "content_name": "26th Annual Needham Growth Virtual Conference - January 16, 2024",
        "file_type": "pdf",
        "content_type": "company_conference_transcript",
        "published_date": "2024-01-16",
        "fiscal_date": "2024-01-16",
        "fiscal_year": null,
        "fiscal_quarter": null,
        "r2_url": "https://pub-2c783279b61043e19fbdadd1bee5153a.r2.dev/NTNX/2024-01-16/Nutanix%2C%20Inc._2024-01-16_transcript/Nutanix%2C%20Inc._2024-01-16_transcript.pdf%5CNutanix%2C%20Inc._2024-01-16_transcript.pdf",
        "periodicity": "non_periodic"
    },
    {
        "equity_ticker": "NTNX",
        "geography": "US",
        "content_name": "NTNX Q1 2024 Transcript",
        "file_type": "pdf",
        "content_type": "earnings_transcript",
        "published_date": "2023-11-29",
        "fiscal_date": "2023-11-29",
        "fiscal_year": 2024,
        "fiscal_quarter": 1,
        "r2_url": "https://pub-2c783279b61043e19fbdadd1bee5153a.r2.dev/NTNX/2023-11-29/Nutanix%2C%20Inc._2023-11-29_transcript/Nutanix%2C%20Inc._2023-11-29_transcript.pdf%5CNutanix%2C%20Inc._2023-11-29_transcript.pdf",
        "periodicity": "periodic"
    },
    {
        "equity_ticker": "NTNX",
        "geography": "US",
        "content_name": "NTNX Q1 2024 Press Release",
        "file_type": "pdf",
        "content_type": "earnings_press_release",
        "published_date": "2023-11-29",
        "fiscal_date": "2023-11-29",
        "fiscal_year": 2024,
        "fiscal_quarter": 1,
        "r2_url": "https://pub-2c783279b61043e19fbdadd1bee5153a.r2.dev/NTNX/2023-11-29/72882-2023-11-29-09-30-07/72882-2023-11-29-09-30-07.pdf%5C72882-2023-11-29-09-30-07.pdf",
        "periodicity": "periodic"
    },
    {
        "equity_ticker": "NTNX",
        "geography": "US",
        "content_name": "NTNX Q1 2024 Presentation",
        "file_type": "pdf",
        "content_type": "earnings_presentation",
        "published_date": "2023-11-29",
        "fiscal_date": "2023-11-29",
        "fiscal_year": 2024,
        "fiscal_quarter": 1,
        "r2_url": "https://pub-2c783279b61043e19fbdadd1bee5153a.r2.dev/NTNX/2023-11-29/d5b31-2023-11-29-09-56-36/d5b31-2023-11-29-09-56-36.pdf%5Cd5b31-2023-11-29-09-56-36.pdf",
        "periodicity": "periodic"
    },
    {
        "equity_ticker": "NTNX",
        "geography": "US",
        "content_name": "Investor Day 2023 - September 26, 2023",
        "file_type": "pdf",
        "content_type": "company_conference_transcript",
        "published_date": "2023-09-26",
        "fiscal_date": "2023-09-26",
        "fiscal_year": null,
        "fiscal_quarter": null,
        "r2_url": "https://pub-2c783279b61043e19fbdadd1bee5153a.r2.dev/NTNX/2023-09-26/Nutanix%2C%20Inc._2023-09-26_transcript/Nutanix%2C%20Inc._2023-09-26_transcript.pdf%5CNutanix%2C%20Inc._2023-09-26_transcript.pdf",
        "periodicity": "non_periodic"
    },
    {
        "equity_ticker": "NTNX",
        "geography": "US",
        "content_name": "Investor Day 2023 - September 26, 2023",
        "file_type": "pdf",
        "content_type": "company_conference_presentation",
        "published_date": "2023-09-26",
        "fiscal_date": "2023-09-26",
        "fiscal_year": null,
        "fiscal_quarter": null,
        "r2_url": "https://pub-2c783279b61043e19fbdadd1bee5153a.r2.dev/NTNX/2023-09-26/69dc5-2023-09-27-06-32-45/69dc5-2023-09-27-06-32-45.pdf%5C69dc5-2023-09-27-06-32-45.pdf",
        "periodicity": "non_periodic"
    },
    {
        "equity_ticker": "NTNX",
        "geography": "US",
        "content_name": "NTNX Q4 2023 Transcript",
        "file_type": "pdf",
        "content_type": "earnings_transcript",
        "published_date": "2023-08-31",
        "fiscal_date": "2023-08-31",
        "fiscal_year": 2023,
        "fiscal_quarter": 4,
        "r2_url": "https://pub-2c783279b61043e19fbdadd1bee5153a.r2.dev/NTNX/2023-08-31/Nutanix%2C%20Inc._2023-08-31_transcript/Nutanix%2C%20Inc._2023-08-31_transcript.pdf%5CNutanix%2C%20Inc._2023-08-31_transcript.pdf",
        "periodicity": "periodic"
    },
    {
        "equity_ticker": "NTNX",
        "geography": "US",
        "content_name": "NTNX Q4 2023 Press Release",
        "file_type": "pdf",
        "content_type": "earnings_press_release",
        "published_date": "2023-08-31",
        "fiscal_date": "2023-08-31",
        "fiscal_year": 2023,
        "fiscal_quarter": 4,
        "r2_url": "https://pub-2c783279b61043e19fbdadd1bee5153a.r2.dev/NTNX/2023-08-31/460ab-2023-08-31-08-39-07/460ab-2023-08-31-08-39-07.pdf%5C460ab-2023-08-31-08-39-07.pdf",
        "periodicity": "periodic"
    },
    {
        "equity_ticker": "NTNX",
        "geography": "US",
        "content_name": "NTNX Q4 2023 Presentation",
        "file_type": "pdf",
        "content_type": "earnings_presentation",
        "published_date": "2023-08-31",
        "fiscal_date": "2023-08-31",
        "fiscal_year": 2023,
        "fiscal_quarter": 4,
        "r2_url": "https://pub-2c783279b61043e19fbdadd1bee5153a.r2.dev/NTNX/2023-08-31/01831-2023-08-31-08-15-23/01831-2023-08-31-08-15-23.pdf%5C01831-2023-08-31-08-15-23.pdf",
        "periodicity": "periodic"
    },
    {
        "equity_ticker": "NTNX",
        "geography": "US",
        "content_name": "NTNX Q3 2023 Transcript",
        "file_type": "pdf",
        "content_type": "earnings_transcript",
        "published_date": "2023-05-24",
        "fiscal_date": "2023-05-24",
        "fiscal_year": 2023,
        "fiscal_quarter": 3,
        "r2_url": "https://pub-2c783279b61043e19fbdadd1bee5153a.r2.dev/NTNX/2023-05-24/Nutanix%2C%20Inc._2023-05-24_transcript/Nutanix%2C%20Inc._2023-05-24_transcript.pdf%5CNutanix%2C%20Inc._2023-05-24_transcript.pdf",
        "periodicity": "periodic"
    },
    {
        "equity_ticker": "NTNX",
        "geography": "US",
        "content_name": "NTNX Q3 2023 Press Release",
        "file_type": "pdf",
        "content_type": "earnings_press_release",
        "published_date": "2023-05-24",
        "fiscal_date": "2023-05-24",
        "fiscal_year": 2023,
        "fiscal_quarter": 3,
        "r2_url": "https://pub-2c783279b61043e19fbdadd1bee5153a.r2.dev/NTNX/2023-05-24/a3597-2023-05-24-08-09-13/a3597-2023-05-24-08-09-13.pdf%5Ca3597-2023-05-24-08-09-13.pdf",
        "periodicity": "periodic"
    },
    {
        "equity_ticker": "NTNX",
        "geography": "US",
        "content_name": "NTNX Q3 2023 Presentation",
        "file_type": "pdf",
        "content_type": "earnings_presentation",
        "published_date": "2023-05-24",
        "fiscal_date": "2023-05-24",
        "fiscal_year": 2023,
        "fiscal_quarter": 3,
        "r2_url": "https://pub-2c783279b61043e19fbdadd1bee5153a.r2.dev/NTNX/2023-05-24/eb116-2023-05-25-05-00-17/eb116-2023-05-25-05-00-17.pdf%5Ceb116-2023-05-25-05-00-17.pdf",
        "periodicity": "periodic"
    },
    {
        "equity_ticker": "NTNX",
        "geography": "US",
        "content_name": "Morgan Stanley Technology, Media & Telecom Conference - March 8, 2023",
        "file_type": "pdf",
        "content_type": "sellside_conference_transcript",
        "published_date": "2023-03-08",
        "fiscal_date": "2023-03-08",
        "fiscal_year": null,
        "fiscal_quarter": null,
        "r2_url": "https://pub-2c783279b61043e19fbdadd1bee5153a.r2.dev/NTNX/2023-03-08/Nutanix%2C%20Inc._2023-03-08_transcript/Nutanix%2C%20Inc._2023-03-08_transcript.pdf%5CNutanix%2C%20Inc._2023-03-08_transcript.pdf",
        "periodicity": "non_periodic"
    },
    {
        "equity_ticker": "NTNX",
        "geography": "US",
        "content_name": "NTNX Q2 2023 Transcript",
        "file_type": "pdf",
        "content_type": "earnings_transcript",
        "published_date": "2023-03-06",
        "fiscal_date": "2023-03-06",
        "fiscal_year": 2023,
        "fiscal_quarter": 2,
        "r2_url": "https://pub-2c783279b61043e19fbdadd1bee5153a.r2.dev/NTNX/2023-03-06/Nutanix%2C%20Inc._2023-03-06_transcript/Nutanix%2C%20Inc._2023-03-06_transcript.pdf%5CNutanix%2C%20Inc._2023-03-06_transcript.pdf",
        "periodicity": "periodic"
    },
    {
        "equity_ticker": "NTNX",
        "geography": "US",
        "content_name": "NTNX Q2 2023 Press Release",
        "file_type": "pdf",
        "content_type": "earnings_press_release",
        "published_date": "2023-03-06",
        "fiscal_date": "2023-03-06",
        "fiscal_year": 2023,
        "fiscal_quarter": 2,
        "r2_url": "https://pub-2c783279b61043e19fbdadd1bee5153a.r2.dev/NTNX/2023-03-06/d6080-2023-03-06-09-51-07/d6080-2023-03-06-09-51-07.pdf%5Cd6080-2023-03-06-09-51-07.pdf",
        "periodicity": "periodic"
    },
    {
        "equity_ticker": "NTNX",
        "geography": "US",
        "content_name": "NTNX Q2 2023 Presentation",
        "file_type": "pdf",
        "content_type": "earnings_presentation",
        "published_date": "2023-03-06",
        "fiscal_date": "2023-03-06",
        "fiscal_year": 2023,
        "fiscal_quarter": 2,
        "r2_url": "https://pub-2c783279b61043e19fbdadd1bee5153a.r2.dev/NTNX/2023-03-06/9b49e-2023-03-06-09-59-09/9b49e-2023-03-06-09-59-09.pdf%5C9b49e-2023-03-06-09-59-09.pdf",
        "periodicity": "periodic"
    },
    {
        "equity_ticker": "NTNX",
        "geography": "US",
        "content_name": "Needham Growth Conference - January 12, 2023",
        "file_type": "pdf",
        "content_type": "company_conference_transcript",
        "published_date": "2023-01-12",
        "fiscal_date": "2023-01-12",
        "fiscal_year": null,
        "fiscal_quarter": null,
        "r2_url": "https://pub-2c783279b61043e19fbdadd1bee5153a.r2.dev/NTNX/2023-01-12/Nutanix%2C%20Inc._2023-01-12_transcript/Nutanix%2C%20Inc._2023-01-12_transcript.pdf%5CNutanix%2C%20Inc._2023-01-12_transcript.pdf",
        "periodicity": "non_periodic"
    },
    {
        "equity_ticker": "NTNX",
        "geography": "US",
        "content_name": "NTNX Q1 2023 Transcript",
        "file_type": "pdf",
        "content_type": "earnings_transcript",
        "published_date": "2022-11-30",
        "fiscal_date": "2022-11-30",
        "fiscal_year": 2023,
        "fiscal_quarter": 1,
        "r2_url": "https://pub-2c783279b61043e19fbdadd1bee5153a.r2.dev/NTNX/2022-11-30/Nutanix%2C%20Inc._2022-11-30_transcript/Nutanix%2C%20Inc._2022-11-30_transcript.pdf%5CNutanix%2C%20Inc._2022-11-30_transcript.pdf",
        "periodicity": "periodic"
    },
    {
        "equity_ticker": "NTNX",
        "geography": "US",
        "content_name": "NTNX Q1 2023 Press Release",
        "file_type": "pdf",
        "content_type": "earnings_press_release",
        "published_date": "2022-11-30",
        "fiscal_date": "2022-11-30",
        "fiscal_year": 2023,
        "fiscal_quarter": 1,
        "r2_url": "https://pub-2c783279b61043e19fbdadd1bee5153a.r2.dev/NTNX/2022-11-30/3af3c-2022-11-30-09-22-06/3af3c-2022-11-30-09-22-06.pdf%5C3af3c-2022-11-30-09-22-06.pdf",
        "periodicity": "periodic"
    },
    {
        "equity_ticker": "NTNX",
        "geography": "US",
        "content_name": "NTNX Q1 2023 Presentation",
        "file_type": "pdf",
        "content_type": "earnings_presentation",
        "published_date": "2022-11-30",
        "fiscal_date": "2022-11-30",
        "fiscal_year": 2023,
        "fiscal_quarter": 1,
        "r2_url": "https://pub-2c783279b61043e19fbdadd1bee5153a.r2.dev/NTNX/2022-11-30/921f9-2022-12-01-08-37-30/921f9-2022-12-01-08-37-30.pdf%5C921f9-2022-12-01-08-37-30.pdf",
        "periodicity": "periodic"
    },
    {
        "equity_ticker": "NTNX",
        "geography": "US",
        "content_name": "NTNX Q4 2022 Transcript",
        "file_type": "pdf",
        "content_type": "earnings_transcript",
        "published_date": "2022-08-31",
        "fiscal_date": "2022-08-31",
        "fiscal_year": 2022,
        "fiscal_quarter": 4,
        "r2_url": "https://pub-2c783279b61043e19fbdadd1bee5153a.r2.dev/NTNX/2022-08-31/Nutanix%2C%20Inc._2022-08-31_transcript/Nutanix%2C%20Inc._2022-08-31_transcript.pdf%5CNutanix%2C%20Inc._2022-08-31_transcript.pdf",
        "periodicity": "periodic"
    },
    {
        "equity_ticker": "NTNX",
        "geography": "US",
        "content_name": "NTNX Q4 2022 Press Release",
        "file_type": "pdf",
        "content_type": "earnings_press_release",
        "published_date": "2022-08-31",
        "fiscal_date": "2022-08-31",
        "fiscal_year": 2022,
        "fiscal_quarter": 4,
        "r2_url": "https://pub-2c783279b61043e19fbdadd1bee5153a.r2.dev/NTNX/2022-08-31/1b620-2025-03-12-12-40-29/1b620-2025-03-12-12-40-29.pdf%5C1b620-2025-03-12-12-40-29.pdf",
        "periodicity": "periodic"
    },
    {
        "equity_ticker": "NTNX",
        "geography": "US",
        "content_name": "NTNX Q4 2022 Presentation",
        "file_type": "pdf",
        "content_type": "earnings_presentation",
        "published_date": "2022-08-31",
        "fiscal_date": "2022-08-31",
        "fiscal_year": 2022,
        "fiscal_quarter": 4,
        "r2_url": "https://pub-2c783279b61043e19fbdadd1bee5153a.r2.dev/NTNX/2022-08-31/416e6-2022-09-01-07-36-26/416e6-2022-09-01-07-36-26.pdf%5C416e6-2022-09-01-07-36-26.pdf",
        "periodicity": "periodic"
    },
    {
        "equity_ticker": "NTNX",
        "geography": "US",
        "content_name": "NTNX Q3 2022 Transcript",
        "file_type": "pdf",
        "content_type": "earnings_transcript",
        "published_date": "2022-05-25",
        "fiscal_date": "2022-05-25",
        "fiscal_year": 2022,
        "fiscal_quarter": 3,
        "r2_url": "https://pub-2c783279b61043e19fbdadd1bee5153a.r2.dev/NTNX/2022-05-25/Nutanix%2C%20Inc._2022-05-25_transcript/Nutanix%2C%20Inc._2022-05-25_transcript.pdf%5CNutanix%2C%20Inc._2022-05-25_transcript.pdf",
        "periodicity": "periodic"
    },
    {
        "equity_ticker": "NTNX",
        "geography": "US",
        "content_name": "NTNX Q3 2022 Press Release",
        "file_type": "pdf",
        "content_type": "quarterly_report",
        "published_date": "2022-05-25",
        "fiscal_date": "2022-05-25",
        "fiscal_year": 2022,
        "fiscal_quarter": 3,
        "r2_url": "https://pub-2c783279b61043e19fbdadd1bee5153a.r2.dev/NTNX/2022-05-25/a6ed4-2024-08-30-11-34-21/a6ed4-2024-08-30-11-34-21.pdf%5Ca6ed4-2024-08-30-11-34-21.pdf",
        "periodicity": "periodic"
    },
    {
        "equity_ticker": "NTNX",
        "geography": "US",
        "content_name": "NTNX Q3 2022 Presentation",
        "file_type": "pdf",
        "content_type": "earnings_presentation",
        "published_date": "2022-05-25",
        "fiscal_date": "2022-05-25",
        "fiscal_year": 2022,
        "fiscal_quarter": 3,
        "r2_url": "https://pub-2c783279b61043e19fbdadd1bee5153a.r2.dev/NTNX/2022-05-25/f438e-2022-05-25-08-19-44/f438e-2022-05-25-08-19-44.pdf%5Cf438e-2022-05-25-08-19-44.pdf",
        "periodicity": "periodic"
    },
    {
        "equity_ticker": "NTNX",
        "geography": "US",
        "content_name": "NTNX Q2 2022 Transcript",
        "file_type": "pdf",
        "content_type": "earnings_transcript",
        "published_date": "2022-03-02",
        "fiscal_date": "2022-03-02",
        "fiscal_year": 2022,
        "fiscal_quarter": 2,
        "r2_url": "https://pub-2c783279b61043e19fbdadd1bee5153a.r2.dev/NTNX/2022-03-02/Nutanix%2C%20Inc._2022-03-02_transcript/Nutanix%2C%20Inc._2022-03-02_transcript.pdf%5CNutanix%2C%20Inc._2022-03-02_transcript.pdf",
        "periodicity": "periodic"
    },
    {
        "equity_ticker": "NTNX",
        "geography": "US",
        "content_name": "NTNX Q2 2022 Press Release",
        "file_type": "pdf",
        "content_type": "quarterly_report",
        "published_date": "2022-03-02",
        "fiscal_date": "2022-03-02",
        "fiscal_year": 2022,
        "fiscal_quarter": 2,
        "r2_url": "https://pub-2c783279b61043e19fbdadd1bee5153a.r2.dev/NTNX/2022-03-02/e25e9-2024-09-03-05-28-17/e25e9-2024-09-03-05-28-17.pdf%5Ce25e9-2024-09-03-05-28-17.pdf",
        "periodicity": "periodic"
    },
    {
        "equity_ticker": "NTNX",
        "geography": "US",
        "content_name": "NTNX Q2 2022 Presentation",
        "file_type": "pdf",
        "content_type": "earnings_presentation",
        "published_date": "2022-03-02",
        "fiscal_date": "2022-03-02",
        "fiscal_year": 2022,
        "fiscal_quarter": 2,
        "r2_url": "https://pub-2c783279b61043e19fbdadd1bee5153a.r2.dev/NTNX/2022-03-02/61085-2022-03-02-03-31-00-migrated/61085-2022-03-02-03-31-00-migrated.pdf%5C61085-2022-03-02-03-31-00-migrated.pdf",
        "periodicity": "periodic"
    },
    {
        "equity_ticker": "NTNX",
        "geography": "US",
        "content_name": "Status Update - January 25, 2022",
        "file_type": "pdf",
        "content_type": "company_conference_transcript",
        "published_date": "2022-01-25",
        "fiscal_date": "2022-01-25",
        "fiscal_year": null,
        "fiscal_quarter": null,
        "r2_url": "https://pub-2c783279b61043e19fbdadd1bee5153a.r2.dev/NTNX/2022-01-25/Nutanix%2C%20Inc._2022-01-25_transcript/Nutanix%2C%20Inc._2022-01-25_transcript.pdf%5CNutanix%2C%20Inc._2022-01-25_transcript.pdf",
        "periodicity": "non_periodic"
    },
    {
        "equity_ticker": "NTNX",
        "geography": "US",
        "content_name": "Status Update - January 25, 2022",
        "file_type": "pdf",
        "content_type": "company_conference_presentation",
        "published_date": "2022-01-25",
        "fiscal_date": "2022-01-25",
        "fiscal_year": null,
        "fiscal_quarter": null,
        "r2_url": "https://pub-2c783279b61043e19fbdadd1bee5153a.r2.dev/NTNX/2022-01-25/06f22-2024-08-01-07-16-44/06f22-2024-08-01-07-16-44.pdf%5C06f22-2024-08-01-07-16-44.pdf",
        "periodicity": "non_periodic"
    },
    {
        "equity_ticker": "NTNX",
        "geography": "US",
        "content_name": "NTNX Q1 2022 Transcript",
        "file_type": "pdf",
        "content_type": "earnings_transcript",
        "published_date": "2021-11-23",
        "fiscal_date": "2021-11-23",
        "fiscal_year": 2022,
        "fiscal_quarter": 1,
        "r2_url": "https://pub-2c783279b61043e19fbdadd1bee5153a.r2.dev/NTNX/2021-11-23/Nutanix%2C%20Inc._2021-11-23_transcript/Nutanix%2C%20Inc._2021-11-23_transcript.pdf%5CNutanix%2C%20Inc._2021-11-23_transcript.pdf",
        "periodicity": "periodic"
    },
    {
        "equity_ticker": "NTNX",
        "geography": "US",
        "content_name": "NTNX Q1 2022 Press Release",
        "file_type": "pdf",
        "content_type": "quarterly_report",
        "published_date": "2021-11-23",
        "fiscal_date": "2021-11-23",
        "fiscal_year": 2022,
        "fiscal_quarter": 1,
        "r2_url": "https://pub-2c783279b61043e19fbdadd1bee5153a.r2.dev/NTNX/2021-11-23/eb27f-2024-08-30-11-51-21/eb27f-2024-08-30-11-51-21.pdf%5Ceb27f-2024-08-30-11-51-21.pdf",
        "periodicity": "periodic"
    },
    {
        "equity_ticker": "NTNX",
        "geography": "US",
        "content_name": "NTNX Q1 2022 Presentation",
        "file_type": "pdf",
        "content_type": "earnings_presentation",
        "published_date": "2021-11-23",
        "fiscal_date": "2021-11-23",
        "fiscal_year": 2022,
        "fiscal_quarter": 1,
        "r2_url": "https://pub-2c783279b61043e19fbdadd1bee5153a.r2.dev/NTNX/2021-11-23/7ee6f-2021-11-23-12-00-00-migrated/7ee6f-2021-11-23-12-00-00-migrated.pdf%5C7ee6f-2021-11-23-12-00-00-migrated.pdf",
        "periodicity": "periodic"
    },
    {
        "equity_ticker": "NTNX",
        "geography": "US",
        "content_name": "NTNX Q4 2021 Transcript",
        "file_type": "pdf",
        "content_type": "earnings_transcript",
        "published_date": "2021-09-01",
        "fiscal_date": "2021-09-01",
        "fiscal_year": 2021,
        "fiscal_quarter": 4,
        "r2_url": "https://pub-2c783279b61043e19fbdadd1bee5153a.r2.dev/NTNX/2021-09-01/Nutanix%2C%20Inc._2021-09-01_transcript/Nutanix%2C%20Inc._2021-09-01_transcript.pdf%5CNutanix%2C%20Inc._2021-09-01_transcript.pdf",
        "periodicity": "periodic"
    },
    {
        "equity_ticker": "NTNX",
        "geography": "US",
        "content_name": "NTNX Q4 2021 Press Release",
        "file_type": "pdf",
        "content_type": "earnings_press_release",
        "published_date": "2021-09-01",
        "fiscal_date": "2021-09-01",
        "fiscal_year": 2021,
        "fiscal_quarter": 4,
        "r2_url": "https://pub-2c783279b61043e19fbdadd1bee5153a.r2.dev/NTNX/2021-09-01/7a048-2025-03-12-12-59-28/7a048-2025-03-12-12-59-28.pdf%5C7a048-2025-03-12-12-59-28.pdf",
        "periodicity": "periodic"
    },
    {
        "equity_ticker": "NTNX",
        "geography": "US",
        "content_name": "NTNX Q4 2021 Presentation",
        "file_type": "pdf",
        "content_type": "earnings_presentation",
        "published_date": "2021-09-01",
        "fiscal_date": "2021-09-01",
        "fiscal_year": 2021,
        "fiscal_quarter": 4,
        "r2_url": "https://pub-2c783279b61043e19fbdadd1bee5153a.r2.dev/NTNX/2021-09-01/b4da7-2021-09-01-12-00-00-migrated/b4da7-2021-09-01-12-00-00-migrated.pdf%5Cb4da7-2021-09-01-12-00-00-migrated.pdf",
        "periodicity": "periodic"
    },
    {
        "equity_ticker": "NTNX",
        "geography": "US",
        "content_name": "Investor Day 2021 - June 22, 2021",
        "file_type": "pdf",
        "content_type": "company_conference_transcript",
        "published_date": "2021-06-22",
        "fiscal_date": "2021-06-22",
        "fiscal_year": null,
        "fiscal_quarter": null,
        "r2_url": "https://pub-2c783279b61043e19fbdadd1bee5153a.r2.dev/NTNX/2021-06-22/Nutanix%2C%20Inc._2021-06-22_transcript/Nutanix%2C%20Inc._2021-06-22_transcript.pdf%5CNutanix%2C%20Inc._2021-06-22_transcript.pdf",
        "periodicity": "non_periodic"
    },
    {
        "equity_ticker": "NTNX",
        "geography": "US",
        "content_name": "NTNX Q3 2021 Transcript",
        "file_type": "pdf",
        "content_type": "earnings_transcript",
        "published_date": "2021-05-26",
        "fiscal_date": "2021-05-26",
        "fiscal_year": 2021,
        "fiscal_quarter": 3,
        "r2_url": "https://pub-2c783279b61043e19fbdadd1bee5153a.r2.dev/NTNX/2021-05-26/Nutanix%2C%20Inc._2021-05-26_transcript/Nutanix%2C%20Inc._2021-05-26_transcript.pdf%5CNutanix%2C%20Inc._2021-05-26_transcript.pdf",
        "periodicity": "periodic"
    },
    {
        "equity_ticker": "NTNX",
        "geography": "US",
        "content_name": "NTNX Q3 2021 Press Release",
        "file_type": "pdf",
        "content_type": "quarterly_report",
        "published_date": "2021-05-26",
        "fiscal_date": "2021-05-26",
        "fiscal_year": 2021,
        "fiscal_quarter": 3,
        "r2_url": "https://pub-2c783279b61043e19fbdadd1bee5153a.r2.dev/NTNX/2021-05-26/5c866-2024-08-30-11-03-22/5c866-2024-08-30-11-03-22.pdf%5C5c866-2024-08-30-11-03-22.pdf",
        "periodicity": "periodic"
    },
    {
        "equity_ticker": "NTNX",
        "geography": "US",
        "content_name": "NTNX Q3 2021 Presentation",
        "file_type": "pdf",
        "content_type": "earnings_presentation",
        "published_date": "2021-05-26",
        "fiscal_date": "2021-05-26",
        "fiscal_year": 2021,
        "fiscal_quarter": 3,
        "r2_url": "https://pub-2c783279b61043e19fbdadd1bee5153a.r2.dev/NTNX/2021-05-26/aa678-2021-05-26-12-00-00-migrated/aa678-2021-05-26-12-00-00-migrated.pdf%5Caa678-2021-05-26-12-00-00-migrated.pdf",
        "periodicity": "periodic"
    },
    {
        "equity_ticker": "NTNX",
        "geography": "US",
        "content_name": "NTNX Q2 2021 Transcript",
        "file_type": "pdf",
        "content_type": "earnings_transcript",
        "published_date": "2021-02-24",
        "fiscal_date": "2021-02-24",
        "fiscal_year": 2021,
        "fiscal_quarter": 2,
        "r2_url": "https://pub-2c783279b61043e19fbdadd1bee5153a.r2.dev/NTNX/2021-02-24/Nutanix%2C%20Inc._2021-02-24_transcript/Nutanix%2C%20Inc._2021-02-24_transcript.pdf%5CNutanix%2C%20Inc._2021-02-24_transcript.pdf",
        "periodicity": "periodic"
    },
    {
        "equity_ticker": "NTNX",
        "geography": "US",
        "content_name": "NTNX Q2 2021 Press Release",
        "file_type": "pdf",
        "content_type": "earnings_press_release",
        "published_date": "2021-02-24",
        "fiscal_date": "2021-02-24",
        "fiscal_year": 2021,
        "fiscal_quarter": 2,
        "r2_url": "https://pub-2c783279b61043e19fbdadd1bee5153a.r2.dev/NTNX/2021-02-24/a0e73-2024-01-15-09-54-14/a0e73-2024-01-15-09-54-14.pdf%5Ca0e73-2024-01-15-09-54-14.pdf",
        "periodicity": "periodic"
    },
    {
        "equity_ticker": "NTNX",
        "geography": "US",
        "content_name": "NTNX Q2 2021 Presentation",
        "file_type": "pdf",
        "content_type": "earnings_presentation",
        "published_date": "2021-02-24",
        "fiscal_date": "2021-02-24",
        "fiscal_year": 2021,
        "fiscal_quarter": 2,
        "r2_url": "https://pub-2c783279b61043e19fbdadd1bee5153a.r2.dev/NTNX/2021-02-24/b0182-2024-01-15-09-55-14/b0182-2024-01-15-09-55-14.pdf%5Cb0182-2024-01-15-09-55-14.pdf",
        "periodicity": "periodic"
    },
    {
        "equity_ticker": "NTNX",
        "geography": "US",
        "content_name": "NTNX Q1 2021 Transcript",
        "file_type": "pdf",
        "content_type": "earnings_transcript",
        "published_date": "2020-11-23",
        "fiscal_date": "2020-11-23",
        "fiscal_year": 2021,
        "fiscal_quarter": 1,
        "r2_url": "https://pub-2c783279b61043e19fbdadd1bee5153a.r2.dev/NTNX/2020-11-23/Nutanix%2C%20Inc._2020-11-23_transcript/Nutanix%2C%20Inc._2020-11-23_transcript.pdf%5CNutanix%2C%20Inc._2020-11-23_transcript.pdf",
        "periodicity": "periodic"
    },
    {
        "equity_ticker": "NTNX",
        "geography": "US",
        "content_name": "NTNX Q1 2021 Press Release",
        "file_type": "pdf",
        "content_type": "earnings_press_release",
        "published_date": "2020-11-23",
        "fiscal_date": "2020-11-23",
        "fiscal_year": 2021,
        "fiscal_quarter": 1,
        "r2_url": "https://pub-2c783279b61043e19fbdadd1bee5153a.r2.dev/NTNX/2020-11-23/a1354-2024-01-15-09-29-15/a1354-2024-01-15-09-29-15.pdf%5Ca1354-2024-01-15-09-29-15.pdf",
        "periodicity": "periodic"
    },
    {
        "equity_ticker": "NTNX",
        "geography": "US",
        "content_name": "NTNX Q1 2021 Presentation",
        "file_type": "pdf",
        "content_type": "earnings_presentation",
        "published_date": "2020-11-23",
        "fiscal_date": "2020-11-23",
        "fiscal_year": 2021,
        "fiscal_quarter": 1,
        "r2_url": "https://pub-2c783279b61043e19fbdadd1bee5153a.r2.dev/NTNX/2020-11-23/7fcde-2024-01-15-09-27-15/7fcde-2024-01-15-09-27-15.pdf%5C7fcde-2024-01-15-09-27-15.pdf",
        "periodicity": "periodic"
    },
    {
        "equity_ticker": "NTNX",
        "geography": "US",
        "content_name": "NTNX Q4 2020 Transcript",
        "file_type": "pdf",
        "content_type": "earnings_transcript",
        "published_date": "2020-08-27",
        "fiscal_date": "2020-08-27",
        "fiscal_year": 2020,
        "fiscal_quarter": 4,
        "r2_url": "https://pub-2c783279b61043e19fbdadd1bee5153a.r2.dev/NTNX/2020-08-27/Nutanix%2C%20Inc._2020-08-27_transcript/Nutanix%2C%20Inc._2020-08-27_transcript.pdf%5CNutanix%2C%20Inc._2020-08-27_transcript.pdf",
        "periodicity": "periodic"
    },
    {
        "equity_ticker": "NTNX",
        "geography": "US",
        "content_name": "NTNX Q4 2020 Press Release",
        "file_type": "pdf",
        "content_type": "earnings_press_release",
        "published_date": "2020-08-27",
        "fiscal_date": "2020-08-27",
        "fiscal_year": 2020,
        "fiscal_quarter": 4,
        "r2_url": "https://pub-2c783279b61043e19fbdadd1bee5153a.r2.dev/NTNX/2020-08-27/8009c-2024-01-15-09-13-16/8009c-2024-01-15-09-13-16.pdf%5C8009c-2024-01-15-09-13-16.pdf",
        "periodicity": "periodic"
    },
    {
        "equity_ticker": "NTNX",
        "geography": "US",
        "content_name": "NTNX Q3 2020 Transcript",
        "file_type": "pdf",
        "content_type": "earnings_transcript",
        "published_date": "2020-05-27",
        "fiscal_date": "2020-05-27",
        "fiscal_year": 2020,
        "fiscal_quarter": 3,
        "r2_url": "https://pub-2c783279b61043e19fbdadd1bee5153a.r2.dev/NTNX/2020-05-27/Nutanix%2C%20Inc._2020-05-27_transcript/Nutanix%2C%20Inc._2020-05-27_transcript.pdf%5CNutanix%2C%20Inc._2020-05-27_transcript.pdf",
        "periodicity": "periodic"
    },
    {
        "equity_ticker": "NTNX",
        "geography": "US",
        "content_name": "NTNX Q3 2020 Press Release",
        "file_type": "pdf",
        "content_type": "earnings_press_release",
        "published_date": "2020-05-27",
        "fiscal_date": "2020-05-27",
        "fiscal_year": 2020,
        "fiscal_quarter": 3,
        "r2_url": "https://pub-2c783279b61043e19fbdadd1bee5153a.r2.dev/NTNX/2020-05-27/43df6-2024-01-15-09-47-16/43df6-2024-01-15-09-47-16.pdf%5C43df6-2024-01-15-09-47-16.pdf",
        "periodicity": "periodic"
    },
    {
        "equity_ticker": "NTNX",
        "geography": "US",
        "content_name": "NTNX Q3 2020 Presentation",
        "file_type": "pdf",
        "content_type": "earnings_presentation",
        "published_date": "2020-05-27",
        "fiscal_date": "2020-05-27",
        "fiscal_year": 2020,
        "fiscal_quarter": 3,
        "r2_url": "https://pub-2c783279b61043e19fbdadd1bee5153a.r2.dev/NTNX/2020-05-27/5eb31-2024-01-15-09-47-16/5eb31-2024-01-15-09-47-16.pdf%5C5eb31-2024-01-15-09-47-16.pdf",
        "periodicity": "periodic"
    },
    {
        "equity_ticker": "NTNX",
        "geography": "US",
        "content_name": "NTNX Q2 2020 Transcript",
        "file_type": "pdf",
        "content_type": "earnings_transcript",
        "published_date": "2020-02-26",
        "fiscal_date": "2020-02-26",
        "fiscal_year": 2020,
        "fiscal_quarter": 2,
        "r2_url": "https://pub-2c783279b61043e19fbdadd1bee5153a.r2.dev/NTNX/2020-02-26/Nutanix%2C%20Inc._2020-02-26_transcript/Nutanix%2C%20Inc._2020-02-26_transcript.pdf%5CNutanix%2C%20Inc._2020-02-26_transcript.pdf",
        "periodicity": "periodic"
    },
    {
        "equity_ticker": "NTNX",
        "geography": "US",
        "content_name": "NTNX Q2 2020 Press Release",
        "file_type": "pdf",
        "content_type": "earnings_press_release",
        "published_date": "2020-02-26",
        "fiscal_date": "2020-02-26",
        "fiscal_year": 2020,
        "fiscal_quarter": 2,
        "r2_url": "https://pub-2c783279b61043e19fbdadd1bee5153a.r2.dev/NTNX/2020-02-26/71a82-2024-01-15-09-21-17/71a82-2024-01-15-09-21-17.pdf%5C71a82-2024-01-15-09-21-17.pdf",
        "periodicity": "periodic"
    },
    {
        "equity_ticker": "NTNX",
        "geography": "US",
        "content_name": "NTNX Q2 2020 Presentation",
        "file_type": "pdf",
        "content_type": "earnings_presentation",
        "published_date": "2020-02-26",
        "fiscal_date": "2020-02-26",
        "fiscal_year": 2020,
        "fiscal_quarter": 2,
        "r2_url": "https://pub-2c783279b61043e19fbdadd1bee5153a.r2.dev/NTNX/2020-02-26/cec3b-2024-01-15-09-21-17/cec3b-2024-01-15-09-21-17.pdf%5Ccec3b-2024-01-15-09-21-17.pdf",
        "periodicity": "periodic"
    },
    {
        "equity_ticker": "NTNX",
        "geography": "US",
        "content_name": "NTNX Q1 2020 Transcript",
        "file_type": "pdf",
        "content_type": "earnings_transcript",
        "published_date": "2019-11-25",
        "fiscal_date": "2019-11-25",
        "fiscal_year": 2020,
        "fiscal_quarter": 1,
        "r2_url": "https://pub-2c783279b61043e19fbdadd1bee5153a.r2.dev/NTNX/2019-11-25/Nutanix%2C%20Inc._2019-11-25_transcript/Nutanix%2C%20Inc._2019-11-25_transcript.pdf%5CNutanix%2C%20Inc._2019-11-25_transcript.pdf",
        "periodicity": "periodic"
    },
    {
        "equity_ticker": "NTNX",
        "geography": "US",
        "content_name": "NTNX Q1 2020 Press Release",
        "file_type": "pdf",
        "content_type": "earnings_press_release",
        "published_date": "2019-11-25",
        "fiscal_date": "2019-11-25",
        "fiscal_year": 2020,
        "fiscal_quarter": 1,
        "r2_url": "https://pub-2c783279b61043e19fbdadd1bee5153a.r2.dev/NTNX/2019-11-25/94e24-2024-01-15-09-56-17/94e24-2024-01-15-09-56-17.pdf%5C94e24-2024-01-15-09-56-17.pdf",
        "periodicity": "periodic"
    },
    {
        "equity_ticker": "NTNX",
        "geography": "US",
        "content_name": "NTNX Q4 2019 Transcript",
        "file_type": "pdf",
        "content_type": "earnings_transcript",
        "published_date": "2019-08-28",
        "fiscal_date": "2019-08-28",
        "fiscal_year": 2019,
        "fiscal_quarter": 4,
        "r2_url": "https://pub-2c783279b61043e19fbdadd1bee5153a.r2.dev/NTNX/2019-08-28/Nutanix%2C%20Inc._2019-08-28_transcript/Nutanix%2C%20Inc._2019-08-28_transcript.pdf%5CNutanix%2C%20Inc._2019-08-28_transcript.pdf",
        "periodicity": "periodic"
    },
    {
        "equity_ticker": "NTNX",
        "geography": "US",
        "content_name": "NTNX Q4 2019 Press Release",
        "file_type": "pdf",
        "content_type": "earnings_press_release",
        "published_date": "2019-08-28",
        "fiscal_date": "2019-08-28",
        "fiscal_year": 2019,
        "fiscal_quarter": 4,
        "r2_url": "https://pub-2c783279b61043e19fbdadd1bee5153a.r2.dev/NTNX/2019-08-28/b85eb-2024-01-15-09-05-20/b85eb-2024-01-15-09-05-20.pdf%5Cb85eb-2024-01-15-09-05-20.pdf",
        "periodicity": "periodic"
    },
    {
        "equity_ticker": "NTNX",
        "geography": "US",
        "content_name": "NTNX Q3 2019 Transcript",
        "file_type": "pdf",
        "content_type": "earnings_transcript",
        "published_date": "2019-05-30",
        "fiscal_date": "2019-05-30",
        "fiscal_year": 2019,
        "fiscal_quarter": 3,
        "r2_url": "https://pub-2c783279b61043e19fbdadd1bee5153a.r2.dev/NTNX/2019-05-30/Nutanix%2C%20Inc._2019-05-30_transcript/Nutanix%2C%20Inc._2019-05-30_transcript.pdf%5CNutanix%2C%20Inc._2019-05-30_transcript.pdf",
        "periodicity": "periodic"
    },
    {
        "equity_ticker": "NTNX",
        "geography": "US",
        "content_name": "NTNX Q3 2019 Press Release",
        "file_type": "pdf",
        "content_type": "earnings_press_release",
        "published_date": "2019-05-30",
        "fiscal_date": "2019-05-30",
        "fiscal_year": 2019,
        "fiscal_quarter": 3,
        "r2_url": "https://pub-2c783279b61043e19fbdadd1bee5153a.r2.dev/NTNX/2019-05-30/28c10-2024-01-15-09-45-20/28c10-2024-01-15-09-45-20.pdf%5C28c10-2024-01-15-09-45-20.pdf",
        "periodicity": "periodic"
    },
    {
        "equity_ticker": "NTNX",
        "geography": "US",
        "content_name": "NTNX Q2 2019 Transcript",
        "file_type": "pdf",
        "content_type": "earnings_transcript",
        "published_date": "2019-02-28",
        "fiscal_date": "2019-02-28",
        "fiscal_year": 2019,
        "fiscal_quarter": 2,
        "r2_url": "https://pub-2c783279b61043e19fbdadd1bee5153a.r2.dev/NTNX/2019-02-28/Nutanix%2C%20Inc._2019-02-28_transcript/Nutanix%2C%20Inc._2019-02-28_transcript.pdf%5CNutanix%2C%20Inc._2019-02-28_transcript.pdf",
        "periodicity": "periodic"
    },
    {
        "equity_ticker": "NTNX",
        "geography": "US",
        "content_name": "NTNX Q2 2019 Press Release",
        "file_type": "pdf",
        "content_type": "earnings_press_release",
        "published_date": "2019-02-28",
        "fiscal_date": "2019-02-28",
        "fiscal_year": 2019,
        "fiscal_quarter": 2,
        "r2_url": "https://pub-2c783279b61043e19fbdadd1bee5153a.r2.dev/NTNX/2019-02-28/c61de-2024-01-15-09-25-21/c61de-2024-01-15-09-25-21.pdf%5Cc61de-2024-01-15-09-25-21.pdf",
        "periodicity": "periodic"
    },
    {
        "equity_ticker": "NTNX",
        "geography": "US",
        "content_name": "NTNX Q2 2019 Presentation",
        "file_type": "pdf",
        "content_type": "earnings_presentation",
        "published_date": "2019-02-28",
        "fiscal_date": "2019-02-28",
        "fiscal_year": 2019,
        "fiscal_quarter": 2,
        "r2_url": "https://pub-2c783279b61043e19fbdadd1bee5153a.r2.dev/NTNX/2019-02-28/74f1d-2024-01-15-09-25-21/74f1d-2024-01-15-09-25-21.pdf%5C74f1d-2024-01-15-09-25-21.pdf",
        "periodicity": "periodic"
    },
    {
        "equity_ticker": "NTNX",
        "geography": "US",
        "content_name": "NTNX Q1 2019 Transcript",
        "file_type": "pdf",
        "content_type": "earnings_transcript",
        "published_date": "2018-11-27",
        "fiscal_date": "2018-11-27",
        "fiscal_year": 2019,
        "fiscal_quarter": 1,
        "r2_url": "https://pub-2c783279b61043e19fbdadd1bee5153a.r2.dev/NTNX/2018-11-27/Nutanix%2C%20Inc._2018-11-27_transcript/Nutanix%2C%20Inc._2018-11-27_transcript.pdf%5CNutanix%2C%20Inc._2018-11-27_transcript.pdf",
        "periodicity": "periodic"
    },
    {
        "equity_ticker": "NTNX",
        "geography": "US",
        "content_name": "NTNX Q1 2019 Press Release",
        "file_type": "pdf",
        "content_type": "earnings_press_release",
        "published_date": "2018-11-27",
        "fiscal_date": "2018-11-27",
        "fiscal_year": 2019,
        "fiscal_quarter": 1,
        "r2_url": "https://pub-2c783279b61043e19fbdadd1bee5153a.r2.dev/NTNX/2018-11-27/b8ca1-2024-01-15-09-02-22/b8ca1-2024-01-15-09-02-22.pdf%5Cb8ca1-2024-01-15-09-02-22.pdf",
        "periodicity": "periodic"
    },
    {
        "equity_ticker": "NTNX",
        "geography": "US",
        "content_name": "NTNX Q1 2019 Presentation",
        "file_type": "pdf",
        "content_type": "earnings_presentation",
        "published_date": "2018-11-27",
        "fiscal_date": "2018-11-27",
        "fiscal_year": 2019,
        "fiscal_quarter": 1,
        "r2_url": "https://pub-2c783279b61043e19fbdadd1bee5153a.r2.dev/NTNX/2018-11-27/afe57-2024-01-15-09-02-22/afe57-2024-01-15-09-02-22.pdf%5Cafe57-2024-01-15-09-02-22.pdf",
        "periodicity": "periodic"
    },
    {
        "equity_ticker": "NTNX",
        "geography": "US",
        "content_name": "NTNX Q4 2018 Transcript",
        "file_type": "pdf",
        "content_type": "earnings_transcript",
        "published_date": "2018-08-30",
        "fiscal_date": "2018-08-30",
        "fiscal_year": 2018,
        "fiscal_quarter": 4,
        "r2_url": "https://pub-2c783279b61043e19fbdadd1bee5153a.r2.dev/NTNX/2018-08-30/Nutanix%2C%20Inc._2018-08-30_transcript/Nutanix%2C%20Inc._2018-08-30_transcript.pdf%5CNutanix%2C%20Inc._2018-08-30_transcript.pdf",
        "periodicity": "periodic"
    },
    {
        "equity_ticker": "NTNX",
        "geography": "US",
        "content_name": "NTNX Q4 2018 Press Release",
        "file_type": "pdf",
        "content_type": "earnings_press_release",
        "published_date": "2018-08-30",
        "fiscal_date": "2018-08-30",
        "fiscal_year": 2018,
        "fiscal_quarter": 4,
        "r2_url": "https://pub-2c783279b61043e19fbdadd1bee5153a.r2.dev/NTNX/2018-08-30/191dc-2024-01-15-09-38-22/191dc-2024-01-15-09-38-22.pdf%5C191dc-2024-01-15-09-38-22.pdf",
        "periodicity": "periodic"
    },
    {
        "equity_ticker": "NTNX",
        "geography": "US",
        "content_name": "NTNX Q4 2018 Presentation",
        "file_type": "pdf",
        "content_type": "earnings_presentation",
        "published_date": "2018-08-30",
        "fiscal_date": "2018-08-30",
        "fiscal_year": 2018,
        "fiscal_quarter": 4,
        "r2_url": "https://pub-2c783279b61043e19fbdadd1bee5153a.r2.dev/NTNX/2018-08-30/78824-2024-01-15-09-38-22/78824-2024-01-15-09-38-22.pdf%5C78824-2024-01-15-09-38-22.pdf",
        "periodicity": "periodic"
    },
    {
        "equity_ticker": "NTNX",
        "geography": "US",
        "content_name": "NTNX Q3 2018 Transcript",
        "file_type": "pdf",
        "content_type": "earnings_transcript",
        "published_date": "2018-05-24",
        "fiscal_date": "2018-05-24",
        "fiscal_year": 2018,
        "fiscal_quarter": 3,
        "r2_url": "https://pub-2c783279b61043e19fbdadd1bee5153a.r2.dev/NTNX/2018-05-24/Nutanix%2C%20Inc._2018-05-24_transcript/Nutanix%2C%20Inc._2018-05-24_transcript.pdf%5CNutanix%2C%20Inc._2018-05-24_transcript.pdf",
        "periodicity": "periodic"
    },
    {
        "equity_ticker": "NTNX",
        "geography": "US",
        "content_name": "NTNX Q3 2018 Press Release",
        "file_type": "pdf",
        "content_type": "earnings_press_release",
        "published_date": "2018-05-24",
        "fiscal_date": "2018-05-24",
        "fiscal_year": 2018,
        "fiscal_quarter": 3,
        "r2_url": "https://pub-2c783279b61043e19fbdadd1bee5153a.r2.dev/NTNX/2018-05-24/e2679-2024-01-15-09-13-23/e2679-2024-01-15-09-13-23.pdf%5Ce2679-2024-01-15-09-13-23.pdf",
        "periodicity": "periodic"
    },
    {
        "equity_ticker": "NTNX",
        "geography": "US",
        "content_name": "NTNX Q3 2018 Presentation",
        "file_type": "pdf",
        "content_type": "earnings_presentation",
        "published_date": "2018-05-24",
        "fiscal_date": "2018-05-24",
        "fiscal_year": 2018,
        "fiscal_quarter": 3,
        "r2_url": "https://pub-2c783279b61043e19fbdadd1bee5153a.r2.dev/NTNX/2018-05-24/b3457-2024-01-15-09-13-23/b3457-2024-01-15-09-13-23.pdf%5Cb3457-2024-01-15-09-13-23.pdf",
        "periodicity": "periodic"
    },
    {
        "equity_ticker": "NTNX",
        "geography": "US",
        "content_name": "NTNX Q2 2018 Transcript",
        "file_type": "pdf",
        "content_type": "earnings_transcript",
        "published_date": "2018-03-01",
        "fiscal_date": "2018-03-01",
        "fiscal_year": 2018,
        "fiscal_quarter": 2,
        "r2_url": "https://pub-2c783279b61043e19fbdadd1bee5153a.r2.dev/NTNX/2018-03-01/Nutanix%2C%20Inc._2018-03-01_transcript/Nutanix%2C%20Inc._2018-03-01_transcript.pdf%5CNutanix%2C%20Inc._2018-03-01_transcript.pdf",
        "periodicity": "periodic"
    },
    {
        "equity_ticker": "NTNX",
        "geography": "US",
        "content_name": "NTNX Q2 2018 Press Release",
        "file_type": "pdf",
        "content_type": "earnings_press_release",
        "published_date": "2018-03-01",
        "fiscal_date": "2018-03-01",
        "fiscal_year": 2018,
        "fiscal_quarter": 2,
        "r2_url": "https://pub-2c783279b61043e19fbdadd1bee5153a.r2.dev/NTNX/2018-03-01/00375-2024-01-15-09-51-23/00375-2024-01-15-09-51-23.pdf%5C00375-2024-01-15-09-51-23.pdf",
        "periodicity": "periodic"
    },
    {
        "equity_ticker": "NTNX",
        "geography": "US",
        "content_name": "NTNX Q2 2018 Presentation",
        "file_type": "pdf",
        "content_type": "earnings_presentation",
        "published_date": "2018-03-01",
        "fiscal_date": "2018-03-01",
        "fiscal_year": 2018,
        "fiscal_quarter": 2,
        "r2_url": "https://pub-2c783279b61043e19fbdadd1bee5153a.r2.dev/NTNX/2018-03-01/14e72-2024-01-15-09-51-23/14e72-2024-01-15-09-51-23.pdf%5C14e72-2024-01-15-09-51-23.pdf",
        "periodicity": "periodic"
    },
    {
        "equity_ticker": "NTNX",
        "geography": "US",
        "content_name": "NTNX Q1 2018 Transcript",
        "file_type": "pdf",
        "content_type": "earnings_transcript",
        "published_date": "2017-11-30",
        "fiscal_date": "2017-11-30",
        "fiscal_year": 2018,
        "fiscal_quarter": 1,
        "r2_url": "https://pub-2c783279b61043e19fbdadd1bee5153a.r2.dev/NTNX/2017-11-30/Nutanix%2C%20Inc._2017-11-30_transcript/Nutanix%2C%20Inc._2017-11-30_transcript.pdf%5CNutanix%2C%20Inc._2017-11-30_transcript.pdf",
        "periodicity": "periodic"
    },
    {
        "equity_ticker": "NTNX",
        "geography": "US",
        "content_name": "NTNX Q1 2018 Press Release",
        "file_type": "pdf",
        "content_type": "earnings_press_release",
        "published_date": "2017-11-30",
        "fiscal_date": "2017-11-30",
        "fiscal_year": 2018,
        "fiscal_quarter": 1,
        "r2_url": "https://pub-2c783279b61043e19fbdadd1bee5153a.r2.dev/NTNX/2017-11-30/ca3db-2024-01-15-09-27-24/ca3db-2024-01-15-09-27-24.pdf%5Cca3db-2024-01-15-09-27-24.pdf",
        "periodicity": "periodic"
    },
    {
        "equity_ticker": "NTNX",
        "geography": "US",
        "content_name": "NTNX Q1 2018 Presentation",
        "file_type": "pdf",
        "content_type": "earnings_presentation",
        "published_date": "2017-11-30",
        "fiscal_date": "2017-11-30",
        "fiscal_year": 2018,
        "fiscal_quarter": 1,
        "r2_url": "https://pub-2c783279b61043e19fbdadd1bee5153a.r2.dev/NTNX/2017-11-30/8a039-2024-01-15-09-27-24/8a039-2024-01-15-09-27-24.pdf%5C8a039-2024-01-15-09-27-24.pdf",
        "periodicity": "periodic"
    },
    {
        "equity_ticker": "NTNX",
        "geography": "US",
        "content_name": "NTNX Q4 2017 Transcript",
        "file_type": "pdf",
        "content_type": "earnings_transcript",
        "published_date": "2017-09-18",
        "fiscal_date": "2017-09-18",
        "fiscal_year": 2017,
        "fiscal_quarter": 4,
        "r2_url": "https://pub-2c783279b61043e19fbdadd1bee5153a.r2.dev/NTNX/2017-09-18/Nutanix%2C%20Inc._2017-09-18_transcript/Nutanix%2C%20Inc._2017-09-18_transcript.pdf%5CNutanix%2C%20Inc._2017-09-18_transcript.pdf",
        "periodicity": "periodic"
    },
    {
        "equity_ticker": "NTNX",
        "geography": "US",
        "content_name": "NTNX Q4 2017 Press Release",
        "file_type": "pdf",
        "content_type": "annual_report",
        "published_date": "2017-09-18",
        "fiscal_date": "2017-09-18",
        "fiscal_year": 2017,
        "fiscal_quarter": 4,
        "r2_url": "https://pub-2c783279b61043e19fbdadd1bee5153a.r2.dev/NTNX/2017-09-18/ab3f4-2023-09-13-02-21-48/ab3f4-2023-09-13-02-21-48.pdf%5Cab3f4-2023-09-13-02-21-48.pdf",
        "periodicity": "periodic"
    },
    {
        "equity_ticker": "NTNX",
        "geography": "US",
        "content_name": "NTNX Q3 2017 Transcript",
        "file_type": "pdf",
        "content_type": "earnings_transcript",
        "published_date": "2017-05-25",
        "fiscal_date": "2017-05-25",
        "fiscal_year": 2017,
        "fiscal_quarter": 3,
        "r2_url": "https://pub-2c783279b61043e19fbdadd1bee5153a.r2.dev/NTNX/2017-05-25/Nutanix%2C%20Inc._2017-05-25_transcript/Nutanix%2C%20Inc._2017-05-25_transcript.pdf%5CNutanix%2C%20Inc._2017-05-25_transcript.pdf",
        "periodicity": "periodic"
    },
    {
        "equity_ticker": "NTNX",
        "geography": "US",
        "content_name": "NTNX Q2 2017 Transcript",
        "file_type": "pdf",
        "content_type": "earnings_transcript",
        "published_date": "2017-03-02",
        "fiscal_date": "2017-03-02",
        "fiscal_year": 2017,
        "fiscal_quarter": 2,
        "r2_url": "https://pub-2c783279b61043e19fbdadd1bee5153a.r2.dev/NTNX/2017-03-02/Nutanix%2C%20Inc._2017-03-02_transcript/Nutanix%2C%20Inc._2017-03-02_transcript.pdf%5CNutanix%2C%20Inc._2017-03-02_transcript.pdf",
        "periodicity": "periodic"
    },
    {
        "equity_ticker": "NTNX",
        "geography": "US",
        "content_name": "NTNX Q1 2017 Transcript",
        "file_type": "pdf",
        "content_type": "earnings_transcript",
        "published_date": "2016-11-29",
        "fiscal_date": "2016-11-29",
        "fiscal_year": 2017,
        "fiscal_quarter": 1,
        "r2_url": "https://pub-2c783279b61043e19fbdadd1bee5153a.r2.dev/NTNX/2016-11-29/Nutanix%2C%20Inc._2016-11-29_transcript/Nutanix%2C%20Inc._2016-11-29_transcript.pdf%5CNutanix%2C%20Inc._2016-11-29_transcript.pdf",
        "periodicity": "periodic"
    },
    {
        "equity_ticker": "NTNX",
        "geography": "US",
        "content_name": "NTNX Q2 2025 10-Q",
        "file_type": "pdf",
        "content_type": "quarterly_report",
        "published_date": "2025-03-06",
        "fiscal_date": "2025-01-31",
        "fiscal_year": 2025,
        "fiscal_quarter": 2,
        "r2_url": "https://pub-2c783279b61043e19fbdadd1bee5153a.r2.dev/NTNX/2025-03-06/ntnx-20250131.htm%5Cntnx-20250131.pdf",
        "periodicity": "periodic"
      },
      {
        "equity_ticker": "NTNX",
        "geography": "US",
        "content_name": "NTNX Q1 2025 10-Q",
        "file_type": "pdf",
        "content_type": "quarterly_report",
        "published_date": "2024-12-05",
        "fiscal_date": "2024-10-31",
        "fiscal_year": 2025,
        "fiscal_quarter": 1,
        "r2_url": "https://pub-2c783279b61043e19fbdadd1bee5153a.r2.dev/NTNX/2024-12-05/ntnx-20241031.htm%5Cntnx-20241031.pdf",
        "periodicity": "periodic"
      },
      {
        "equity_ticker": "NTNX",
        "geography": "US",
        "content_name": "NTNX Q4 2024 10-K",
        "file_type": "pdf",
        "content_type": "annual_report",
        "published_date": "2024-09-19",
        "fiscal_date": "2024-07-31",
        "fiscal_year": 2024,
        "fiscal_quarter": 4,
        "r2_url": "https://pub-2c783279b61043e19fbdadd1bee5153a.r2.dev/NTNX/2024-09-19/ntnx-20240731.htm%5Cntnx-20240731.pdf",
        "periodicity": "periodic"
      },
      {
        "equity_ticker": "NTNX",
        "geography": "US",
        "content_name": "NTNX Q3 2024 10-Q",
        "file_type": "pdf",
        "content_type": "quarterly_report",
        "published_date": "2024-06-10",
        "fiscal_date": "2024-04-30",
        "fiscal_year": 2024,
        "fiscal_quarter": 3,
        "r2_url": "https://pub-2c783279b61043e19fbdadd1bee5153a.r2.dev/NTNX/2024-06-10/ntnx-20240430.htm%5Cntnx-20240430.pdf",
        "periodicity": "periodic"
      },
      {
        "equity_ticker": "NTNX",
        "geography": "US",
        "content_name": "NTNX Q2 2024 10-Q",
        "file_type": "pdf",
        "content_type": "quarterly_report",
        "published_date": "2024-03-07",
        "fiscal_date": "2024-01-31",
        "fiscal_year": 2024,
        "fiscal_quarter": 2,
        "r2_url": "https://pub-2c783279b61043e19fbdadd1bee5153a.r2.dev/NTNX/2024-03-07/ntnx-20240131.htm%5Cntnx-20240131.pdf",
        "periodicity": "periodic"
      },
      {
        "equity_ticker": "NTNX",
        "geography": "US",
        "content_name": "NTNX Q1 2024 10-Q",
        "file_type": "pdf",
        "content_type": "quarterly_report",
        "published_date": "2023-12-07",
        "fiscal_date": "2023-10-31",
        "fiscal_year": 2024,
        "fiscal_quarter": 1,
        "r2_url": "https://pub-2c783279b61043e19fbdadd1bee5153a.r2.dev/NTNX/2023-12-07/ntnx-20231031.htm%5Cntnx-20231031.pdf",
        "periodicity": "periodic"
      },
      {
        "equity_ticker": "NTNX",
        "geography": "US",
        "content_name": "NTNX Q4 2023 10-K",
        "file_type": "pdf",
        "content_type": "annual_report",
        "published_date": "2023-09-21",
        "fiscal_date": "2023-07-31",
        "fiscal_year": 2023,
        "fiscal_quarter": 4,
        "r2_url": "https://pub-2c783279b61043e19fbdadd1bee5153a.r2.dev/NTNX/2023-09-21/ntnx-20230731.htm%5Cntnx-20230731.pdf",
        "periodicity": "periodic"
      },
      {
        "equity_ticker": "NTNX",
        "geography": "US",
        "content_name": "NTNX Q3 2023 10-Q",
        "file_type": "pdf",
        "content_type": "quarterly_report",
        "published_date": "2023-06-02",
        "fiscal_date": "2023-04-30",
        "fiscal_year": 2023,
        "fiscal_quarter": 3,
        "r2_url": "https://pub-2c783279b61043e19fbdadd1bee5153a.r2.dev/NTNX/2023-06-02/ntnx-20230430.htm%5Cntnx-20230430.pdf",
        "periodicity": "periodic"
      },
      {
        "equity_ticker": "NTNX",
        "geography": "US",
        "content_name": "NTNX Q2 2023 10-Q",
        "file_type": "pdf",
        "content_type": "quarterly_report",
        "published_date": "2023-05-24",
        "fiscal_date": "2023-01-31",
        "fiscal_year": 2023,
        "fiscal_quarter": 2,
        "r2_url": "https://pub-2c783279b61043e19fbdadd1bee5153a.r2.dev/NTNX/2023-05-24/ntnx-20230131.htm%5Cntnx-20230131.pdf",
        "periodicity": "periodic"
      },
      {
        "equity_ticker": "NTNX",
        "geography": "US",
        "content_name": "NTNX Q1 2023 10-Q",
        "file_type": "pdf",
        "content_type": "quarterly_report",
        "published_date": "2022-12-07",
        "fiscal_date": "2022-10-31",
        "fiscal_year": 2023,
        "fiscal_quarter": 1,
        "r2_url": "https://pub-2c783279b61043e19fbdadd1bee5153a.r2.dev/NTNX/2022-12-07/ntnx-20221031.htm%5Cntnx-20221031.pdf",
        "periodicity": "periodic"
      },
      {
        "equity_ticker": "NTNX",
        "geography": "US",
        "content_name": "NTNX Q4 2022 10-K",
        "file_type": "pdf",
        "content_type": "annual_report",
        "published_date": "2022-09-21",
        "fiscal_date": "2022-07-31",
        "fiscal_year": 2022,
        "fiscal_quarter": 4,
        "r2_url": "https://pub-2c783279b61043e19fbdadd1bee5153a.r2.dev/NTNX/2022-09-21/ntnx-20220731.htm%5Cntnx-20220731.pdf",
        "periodicity": "periodic"
      },
      {
        "equity_ticker": "NTNX",
        "geography": "US",
        "content_name": "NTNX Q3 2022 10-Q",
        "file_type": "pdf",
        "content_type": "quarterly_report",
        "published_date": "2022-06-02",
        "fiscal_date": "2022-04-30",
        "fiscal_year": 2022,
        "fiscal_quarter": 3,
        "r2_url": "https://pub-2c783279b61043e19fbdadd1bee5153a.r2.dev/NTNX/2022-06-02/ntnx-20220430.htm%5Cntnx-20220430.pdf",
        "periodicity": "periodic"
      },
      {
        "equity_ticker": "NTNX",
        "geography": "US",
        "content_name": "NTNX Q1 2022 10-Q",
        "file_type": "pdf",
        "content_type": "quarterly_report",
        "published_date": "2021-12-02",
        "fiscal_date": "2021-10-31",
        "fiscal_year": 2022,
        "fiscal_quarter": 1,
        "r2_url": "https://pub-2c783279b61043e19fbdadd1bee5153a.r2.dev/NTNX/2021-12-02/ntnx-20211031.htm%5Cntnx-20211031.pdf",
        "periodicity": "periodic"
      },
      {
        "equity_ticker": "NTNX",
        "geography": "US",
        "content_name": "NTNX Q4 2021 10-K",
        "file_type": "pdf",
        "content_type": "annual_report",
        "published_date": "2021-09-21",
        "fiscal_date": "2021-07-31",
        "fiscal_year": 2021,
        "fiscal_quarter": 4,
        "r2_url": "https://pub-2c783279b61043e19fbdadd1bee5153a.r2.dev/NTNX/2021-09-21/ntnx-20210731.htm%5Cntnx-20210731.pdf",
        "periodicity": "periodic"
      },
      {
        "equity_ticker": "NTNX",
        "geography": "US",
        "content_name": "NTNX Q3 2021 10-Q",
        "file_type": "pdf",
        "content_type": "quarterly_report",
        "published_date": "2021-06-03",
        "fiscal_date": "2021-04-30",
        "fiscal_year": 2021,
        "fiscal_quarter": 3,
        "r2_url": "https://pub-2c783279b61043e19fbdadd1bee5153a.r2.dev/NTNX/2021-06-03/ntnx-20210430.htm%5Cntnx-20210430.pdf",
        "periodicity": "periodic"
      },
      {
        "equity_ticker": "NTNX",
        "geography": "US",
        "content_name": "NTNX Q2 2021 10-Q",
        "file_type": "pdf",
        "content_type": "quarterly_report",
        "published_date": "2021-03-04",
        "fiscal_date": "2021-01-31",
        "fiscal_year": 2021,
        "fiscal_quarter": 2,
        "r2_url": "https://pub-2c783279b61043e19fbdadd1bee5153a.r2.dev/NTNX/2021-03-04/ntnx-10q_20210131.htm%5Cntnx-10q_20210131.pdf",
        "periodicity": "periodic"
      },
      {
        "equity_ticker": "NTNX",
        "geography": "US",
        "content_name": "NTNX Q1 2021 10-Q",
        "file_type": "pdf",
        "content_type": "quarterly_report",
        "published_date": "2020-12-03",
        "fiscal_date": "2020-10-31",
        "fiscal_year": 2021,
        "fiscal_quarter": 1,
        "r2_url": "https://pub-2c783279b61043e19fbdadd1bee5153a.r2.dev/NTNX/2020-12-03/ntnx-20201031.htm%5Cntnx-20201031.pdf",
        "periodicity": "periodic"
      },
      {
        "equity_ticker": "NTNX",
        "geography": "US",
        "content_name": "NTNX Q4 2020 10-K",
        "file_type": "pdf",
        "content_type": "annual_report",
        "published_date": "2020-09-23",
        "fiscal_date": "2020-07-31",
        "fiscal_year": 2020,
        "fiscal_quarter": 4,
        "r2_url": "https://pub-2c783279b61043e19fbdadd1bee5153a.r2.dev/NTNX/2020-09-23/ntnx-20200731.htm%5Cix.pdf",
        "periodicity": "periodic"
      },
      {
        "equity_ticker": "NTNX",
        "geography": "US",
        "content_name": "NTNX Q3 2020 10-Q",
        "file_type": "pdf",
        "content_type": "quarterly_report",
        "published_date": "2020-06-04",
        "fiscal_date": "2020-04-30",
        "fiscal_year": 2020,
        "fiscal_quarter": 3,
        "r2_url": "https://pub-2c783279b61043e19fbdadd1bee5153a.r2.dev/NTNX/2020-06-04/ntnx-20200430.htm%5Cix.pdf",
        "periodicity": "periodic"
      },
      {
        "equity_ticker": "NTNX",
        "geography": "US",
        "content_name": "NTNX Q2 2020 10-Q",
        "file_type": "pdf",
        "content_type": "quarterly_report",
        "published_date": "2020-03-05",
        "fiscal_date": "2020-01-31",
        "fiscal_year": 2020,
        "fiscal_quarter": 2,
        "r2_url": "https://pub-2c783279b61043e19fbdadd1bee5153a.r2.dev/NTNX/2020-03-05/ntnx-01312020x10qxq220.htm%5Cix.pdf",
        "periodicity": "periodic"
      },
      {
        "equity_ticker": "NTNX",
        "geography": "US",
        "content_name": "NTNX Q1 2020 10-Q",
        "file_type": "pdf",
        "content_type": "quarterly_report",
        "published_date": "2019-12-05",
        "fiscal_date": "2019-10-31",
        "fiscal_year": 2020,
        "fiscal_quarter": 1,
        "r2_url": "https://pub-2c783279b61043e19fbdadd1bee5153a.r2.dev/NTNX/2019-12-05/ntnx-10312019x10qxq120.htm%5Cix.pdf",
        "periodicity": "periodic"
      },
      {
        "equity_ticker": "NTNX",
        "geography": "US",
        "content_name": "NTNX Q4 2019 10-K",
        "file_type": "pdf",
        "content_type": "annual_report",
        "published_date": "2019-09-24",
        "fiscal_date": "2019-07-31",
        "fiscal_year": 2019,
        "fiscal_quarter": 4,
        "r2_url": "https://pub-2c783279b61043e19fbdadd1bee5153a.r2.dev/NTNX/2019-09-24/ntnx-07312019x10kxq419.htm%5Cix.pdf",
        "periodicity": "periodic"
      },
      {
        "equity_ticker": "NTNX",
        "geography": "US",
        "content_name": "NTNX Q3 2019 10-Q",
        "file_type": "pdf",
        "content_type": "quarterly_report",
        "published_date": "2019-06-05",
        "fiscal_date": "2019-04-30",
        "fiscal_year": 2019,
        "fiscal_quarter": 3,
        "r2_url": "https://pub-2c783279b61043e19fbdadd1bee5153a.r2.dev/NTNX/2019-06-05/ntnx-04302019x10qxq319.htm%5Cix.pdf",
        "periodicity": "periodic"
      },
      {
        "equity_ticker": "NTNX",
        "geography": "US",
        "content_name": "NTNX Q2 2019 10-Q",
        "file_type": "pdf",
        "content_type": "quarterly_report",
        "published_date": "2019-03-11",
        "fiscal_date": "2019-01-31",
        "fiscal_year": 2019,
        "fiscal_quarter": 2,
        "r2_url": "https://pub-2c783279b61043e19fbdadd1bee5153a.r2.dev/NTNX/2019-03-11/ntnx-01312019x10qxq2x19.htm%5Cix.pdf",
        "periodicity": "periodic"
      },
      {
        "equity_ticker": "NTNX",
        "geography": "US",
        "content_name": "NTNX Q1 2019 10-Q",
        "file_type": "pdf",
        "content_type": "quarterly_report",
        "published_date": "2018-12-07",
        "fiscal_date": "2018-10-31",
        "fiscal_year": 2019,
        "fiscal_quarter": 1,
        "r2_url": "https://pub-2c783279b61043e19fbdadd1bee5153a.r2.dev/NTNX/2018-12-07/ntnx-10312018x10qxq1x19.htm%5Cix.pdf",
        "periodicity": "periodic"
      },
      {
        "equity_ticker": "NTNX",
        "geography": "US",
        "content_name": "NTNX Q4 2018 10-K",
        "file_type": "pdf",
        "content_type": "annual_report",
        "published_date": "2018-09-21",
        "fiscal_date": "2018-07-31",
        "fiscal_year": 2018,
        "fiscal_quarter": 4,
        "r2_url": "https://pub-2c783279b61043e19fbdadd1bee5153a.r2.dev/NTNX/2018-09-21/ntnx-07312018x10kxq4x18.htm%5Cntnx-07312018x10kxq4x18.pdf",
        "periodicity": "periodic"
      },
      {
        "equity_ticker": "NTNX",
        "geography": "US",
        "content_name": "NTNX Q3 2018 10-Q",
        "file_type": "pdf",
        "content_type": "quarterly_report",
        "published_date": "2018-06-12",
        "fiscal_date": "2018-04-30",
        "fiscal_year": 2018,
        "fiscal_quarter": 3,
        "r2_url": "https://pub-2c783279b61043e19fbdadd1bee5153a.r2.dev/NTNX/2018-06-12/ntnx-04302018x10qxq3x18.htm%5Cix.pdf",
        "periodicity": "periodic"
      },
      {
        "equity_ticker": "NTNX",
        "geography": "US",
        "content_name": "NTNX Q2 2018 10-Q",
        "file_type": "pdf",
        "content_type": "quarterly_report",
        "published_date": "2018-03-14",
        "fiscal_date": "2018-01-31",
        "fiscal_year": 2018,
        "fiscal_quarter": 2,
        "r2_url": "https://pub-2c783279b61043e19fbdadd1bee5153a.r2.dev/NTNX/2018-03-14/ntnx-01312018x10qxq2x18.htm%5Cntnx-01312018x10qxq2x18.pdf",
        "periodicity": "periodic"
      },
      {
        "equity_ticker": "NTNX",
        "geography": "US",
        "content_name": "NTNX Q1 2018 10-Q",
        "file_type": "pdf",
        "content_type": "quarterly_report",
        "published_date": "2017-12-12",
        "fiscal_date": "2017-10-31",
        "fiscal_year": 2018,
        "fiscal_quarter": 1,
        "r2_url": "https://pub-2c783279b61043e19fbdadd1bee5153a.r2.dev/NTNX/2017-12-12/ntnx-10312017x10qxq1x18.htm%5Cntnx-10312017x10qxq1x18.pdf",
        "periodicity": "periodic"
      },
      {
        "equity_ticker": "NTNX",
        "geography": "US",
        "content_name": "NTNX Q4 2017 10-K",
        "file_type": "pdf",
        "content_type": "annual_report",
        "published_date": "2017-09-18",
        "fiscal_date": "2017-07-31",
        "fiscal_year": 2017,
        "fiscal_quarter": 4,
        "r2_url": "https://pub-2c783279b61043e19fbdadd1bee5153a.r2.dev/NTNX/2017-09-18/ntnx-07312017x10k.htm%5Cntnx-07312017x10k.pdf",
        "periodicity": "periodic"
      },
      {
        "equity_ticker": "NTNX",
        "geography": "US",
        "content_name": "NTNX Q3 2017 10-Q",
        "file_type": "pdf",
        "content_type": "quarterly_report",
        "published_date": "2017-06-02",
        "fiscal_date": "2017-04-30",
        "fiscal_year": 2017,
        "fiscal_quarter": 3,
        "r2_url": "https://pub-2c783279b61043e19fbdadd1bee5153a.r2.dev/NTNX/2017-06-02/ntnx-4302017x10q.htm%5Cntnx-4302017x10q.pdf",
        "periodicity": "periodic"
      },
      {
        "equity_ticker": "NTNX",
        "geography": "US",
        "content_name": "NTNX Q2 2017 10-Q",
        "file_type": "pdf",
        "content_type": "quarterly_report",
        "published_date": "2017-03-09",
        "fiscal_date": "2017-01-31",
        "fiscal_year": 2017,
        "fiscal_quarter": 2,
        "r2_url": "https://pub-2c783279b61043e19fbdadd1bee5153a.r2.dev/NTNX/2017-03-09/ntnx-1312017x10q.htm%5Cntnx-1312017x10q.pdf",
        "periodicity": "periodic"
      },
      {
        "equity_ticker": "NTNX",
        "geography": "US",
        "content_name": "NTNX Q1 2017 10-Q",
        "file_type": "pdf",
        "content_type": "quarterly_report",
        "published_date": "2016-12-07",
        "fiscal_date": "2016-10-31",
        "fiscal_year": 2017,
        "fiscal_quarter": 1,
        "r2_url": "https://pub-2c783279b61043e19fbdadd1bee5153a.r2.dev/NTNX/2016-12-07/ntnx-10312016x10q.htm%5Cntnx-10312016x10q.pdf",
        "periodicity": "periodic"
      }
]