[
    {
        "equity_ticker": "OKTA",
        "geography": "US",
        "content_name": "Morgan Stanley Technology, Media & Telecom Conference - March 5, 2025",
        "file_type": "pdf",
        "content_type": "sellside_conference_transcript",
        "published_date": "2025-03-05",
        "fiscal_date": "2025-03-05",
        "fiscal_year": null,
        "fiscal_quarter": null,
        "r2_url": "https://pub-2c783279b61043e19fbdadd1bee5153a.r2.dev/OKTA/2025-03-05/Okta%2C%20Inc._2025-03-05_transcript/Okta%2C%20Inc._2025-03-05_transcript.pdf%5COkta%2C%20Inc._2025-03-05_transcript.pdf",
        "periodicity": "non_periodic"
    },
    {
        "equity_ticker": "OKTA",
        "geography": "US",
        "content_name": "18th Annual Emerging Technology Summit Conference - March 5, 2025",
        "file_type": "pdf",
        "content_type": "company_conference_transcript",
        "published_date": "2025-03-05",
        "fiscal_date": "2025-03-05",
        "fiscal_year": null,
        "fiscal_quarter": null,
        "r2_url": "https://pub-2c783279b61043e19fbdadd1bee5153a.r2.dev/OKTA/2025-03-05/Okta%2C%20Inc._2025-03-05_transcript/Okta%2C%20Inc._2025-03-05_transcript.pdf%5COkta%2C%20Inc._2025-03-05_transcript.pdf",
        "periodicity": "non_periodic"
    },
    {
        "equity_ticker": "OKTA",
        "geography": "US",
        "content_name": "OKTA Q4 2025 Transcript",
        "file_type": "pdf",
        "content_type": "earnings_transcript",
        "published_date": "2025-03-03",
        "fiscal_date": "2025-03-03",
        "fiscal_year": 2025,
        "fiscal_quarter": 4,
        "r2_url": "https://pub-2c783279b61043e19fbdadd1bee5153a.r2.dev/OKTA/2025-03-03/Okta%2C%20Inc._2025-03-03_transcript/Okta%2C%20Inc._2025-03-03_transcript.pdf%5COkta%2C%20Inc._2025-03-03_transcript.pdf",
        "periodicity": "periodic"
    },
    {
        "equity_ticker": "OKTA",
        "geography": "US",
        "content_name": "OKTA Q4 2025 Press Release",
        "file_type": "pdf",
        "content_type": "earnings_press_release",
        "published_date": "2025-03-03",
        "fiscal_date": "2025-03-03",
        "fiscal_year": 2025,
        "fiscal_quarter": 4,
        "r2_url": "https://pub-2c783279b61043e19fbdadd1bee5153a.r2.dev/OKTA/2025-03-03/fd7e6-2025-03-03-09-37-05/fd7e6-2025-03-03-09-37-05.pdf%5Cfd7e6-2025-03-03-09-37-05.pdf",
        "periodicity": "periodic"
    },
    {
        "equity_ticker": "OKTA",
        "geography": "US",
        "content_name": "OKTA Q4 2025 Presentation",
        "file_type": "pdf",
        "content_type": "earnings_presentation",
        "published_date": "2025-03-03",
        "fiscal_date": "2025-03-03",
        "fiscal_year": 2025,
        "fiscal_quarter": 4,
        "r2_url": "https://pub-2c783279b61043e19fbdadd1bee5153a.r2.dev/OKTA/2025-03-03/13c71-2025-03-03-09-40-16/13c71-2025-03-03-09-40-16.pdf%5C13c71-2025-03-03-09-40-16.pdf",
        "periodicity": "periodic"
    },
    {
        "equity_ticker": "OKTA",
        "geography": "US",
        "content_name": "OKTA Q3 2025 Transcript",
        "file_type": "pdf",
        "content_type": "earnings_transcript",
        "published_date": "2024-12-03",
        "fiscal_date": "2024-12-03",
        "fiscal_year": 2025,
        "fiscal_quarter": 3,
        "r2_url": "https://pub-2c783279b61043e19fbdadd1bee5153a.r2.dev/OKTA/2024-12-03/Okta%2C%20Inc._2024-12-03_transcript/Okta%2C%20Inc._2024-12-03_transcript.pdf%5COkta%2C%20Inc._2024-12-03_transcript.pdf",
        "periodicity": "periodic"
    },
    {
        "equity_ticker": "OKTA",
        "geography": "US",
        "content_name": "OKTA Q3 2025 Press Release",
        "file_type": "pdf",
        "content_type": "earnings_press_release",
        "published_date": "2024-12-03",
        "fiscal_date": "2024-12-03",
        "fiscal_year": 2025,
        "fiscal_quarter": 3,
        "r2_url": "https://pub-2c783279b61043e19fbdadd1bee5153a.r2.dev/OKTA/2024-12-03/4f58d-2024-12-03-09-13-05/4f58d-2024-12-03-09-13-05.pdf%5C4f58d-2024-12-03-09-13-05.pdf",
        "periodicity": "periodic"
    },
    {
        "equity_ticker": "OKTA",
        "geography": "US",
        "content_name": "OKTA Q3 2025 Presentation",
        "file_type": "pdf",
        "content_type": "earnings_presentation",
        "published_date": "2024-12-03",
        "fiscal_date": "2024-12-03",
        "fiscal_year": 2025,
        "fiscal_quarter": 3,
        "r2_url": "https://pub-2c783279b61043e19fbdadd1bee5153a.r2.dev/OKTA/2024-12-03/9fb7b-2024-12-03-09-14-15/9fb7b-2024-12-03-09-14-15.pdf%5C9fb7b-2024-12-03-09-14-15.pdf",
        "periodicity": "periodic"
    },
    {
        "equity_ticker": "OKTA",
        "geography": "US",
        "content_name": "Oktane Keynote 2024 - October 16, 2024",
        "file_type": "pdf",
        "content_type": "company_conference_transcript",
        "published_date": "2024-10-16",
        "fiscal_date": "2024-10-16",
        "fiscal_year": null,
        "fiscal_quarter": null,
        "r2_url": "https://pub-2c783279b61043e19fbdadd1bee5153a.r2.dev/OKTA/2024-10-16/Okta%2C%20Inc._2024-10-16_transcript/Okta%2C%20Inc._2024-10-16_transcript.pdf%5COkta%2C%20Inc._2024-10-16_transcript.pdf",
        "periodicity": "non_periodic"
    },
    {
        "equity_ticker": "OKTA",
        "geography": "US",
        "content_name": "Goldman Sachs Communacopia + Technology Conference 2024 - September 10, 2024",
        "file_type": "pdf",
        "content_type": "sellside_conference_transcript",
        "published_date": "2024-09-10",
        "fiscal_date": "2024-09-10",
        "fiscal_year": null,
        "fiscal_quarter": null,
        "r2_url": "https://pub-2c783279b61043e19fbdadd1bee5153a.r2.dev/OKTA/2024-09-10/Okta%2C%20Inc._2024-09-10_transcript/Okta%2C%20Inc._2024-09-10_transcript.pdf%5COkta%2C%20Inc._2024-09-10_transcript.pdf",
        "periodicity": "non_periodic"
    },
    {
        "equity_ticker": "OKTA",
        "geography": "US",
        "content_name": "Citi's 2024 Global TMT Conference - September 5, 2024",
        "file_type": "pdf",
        "content_type": "sellside_conference_transcript",
        "published_date": "2024-09-05",
        "fiscal_date": "2024-09-05",
        "fiscal_year": null,
        "fiscal_quarter": null,
        "r2_url": "https://pub-2c783279b61043e19fbdadd1bee5153a.r2.dev/OKTA/2024-09-05/Okta%2C%20Inc._2024-09-05_transcript/Okta%2C%20Inc._2024-09-05_transcript.pdf%5COkta%2C%20Inc._2024-09-05_transcript.pdf",
        "periodicity": "non_periodic"
    },
    {
        "equity_ticker": "OKTA",
        "geography": "US",
        "content_name": "OKTA Q2 2025 Transcript",
        "file_type": "pdf",
        "content_type": "earnings_transcript",
        "published_date": "2024-08-28",
        "fiscal_date": "2024-08-28",
        "fiscal_year": 2025,
        "fiscal_quarter": 2,
        "r2_url": "https://pub-2c783279b61043e19fbdadd1bee5153a.r2.dev/OKTA/2024-08-28/Okta%2C%20Inc._2024-08-28_transcript/Okta%2C%20Inc._2024-08-28_transcript.pdf%5COkta%2C%20Inc._2024-08-28_transcript.pdf",
        "periodicity": "periodic"
    },
    {
        "equity_ticker": "OKTA",
        "geography": "US",
        "content_name": "OKTA Q2 2025 Press Release",
        "file_type": "pdf",
        "content_type": "earnings_press_release",
        "published_date": "2024-08-28",
        "fiscal_date": "2024-08-28",
        "fiscal_year": 2025,
        "fiscal_quarter": 2,
        "r2_url": "https://pub-2c783279b61043e19fbdadd1bee5153a.r2.dev/OKTA/2024-08-28/cce2a-2024-08-28-08-58-04/cce2a-2024-08-28-08-58-04.pdf%5Ccce2a-2024-08-28-08-58-04.pdf",
        "periodicity": "periodic"
    },
    {
        "equity_ticker": "OKTA",
        "geography": "US",
        "content_name": "AGM 2024 - June 20, 2024",
        "file_type": "pdf",
        "content_type": "company_conference_transcript",
        "published_date": "2024-06-20",
        "fiscal_date": "2024-06-20",
        "fiscal_year": null,
        "fiscal_quarter": null,
        "r2_url": "https://pub-2c783279b61043e19fbdadd1bee5153a.r2.dev/OKTA/2024-06-20/Okta%2C%20Inc._2024-06-20_transcript/Okta%2C%20Inc._2024-06-20_transcript.pdf%5COkta%2C%20Inc._2024-06-20_transcript.pdf",
        "periodicity": "non_periodic"
    },
    {
        "equity_ticker": "OKTA",
        "geography": "US",
        "content_name": "NASDAQ Investor Conference - June 11, 2024",
        "file_type": "pdf",
        "content_type": "company_conference_transcript",
        "published_date": "2024-06-11",
        "fiscal_date": "2024-06-11",
        "fiscal_year": null,
        "fiscal_quarter": null,
        "r2_url": "https://pub-2c783279b61043e19fbdadd1bee5153a.r2.dev/OKTA/2024-06-11/Okta%2C%20Inc._2024-06-11_transcript/Okta%2C%20Inc._2024-06-11_transcript.pdf%5COkta%2C%20Inc._2024-06-11_transcript.pdf",
        "periodicity": "non_periodic"
    },
    {
        "equity_ticker": "OKTA",
        "geography": "US",
        "content_name": "OKTA Q1 2025 Transcript",
        "file_type": "pdf",
        "content_type": "earnings_transcript",
        "published_date": "2024-05-29",
        "fiscal_date": "2024-05-29",
        "fiscal_year": 2025,
        "fiscal_quarter": 1,
        "r2_url": "https://pub-2c783279b61043e19fbdadd1bee5153a.r2.dev/OKTA/2024-05-29/Okta%2C%20Inc._2024-05-29_transcript/Okta%2C%20Inc._2024-05-29_transcript.pdf%5COkta%2C%20Inc._2024-05-29_transcript.pdf",
        "periodicity": "periodic"
    },
    {
        "equity_ticker": "OKTA",
        "geography": "US",
        "content_name": "OKTA Q1 2025 Press Release",
        "file_type": "pdf",
        "content_type": "earnings_press_release",
        "published_date": "2024-05-29",
        "fiscal_date": "2024-05-29",
        "fiscal_year": 2025,
        "fiscal_quarter": 1,
        "r2_url": "https://pub-2c783279b61043e19fbdadd1bee5153a.r2.dev/OKTA/2024-05-29/e0bd2-2024-05-29-08-28-05/e0bd2-2024-05-29-08-28-05.pdf%5Ce0bd2-2024-05-29-08-28-05.pdf",
        "periodicity": "periodic"
    },
    {
        "equity_ticker": "OKTA",
        "geography": "US",
        "content_name": "OKTA Q1 2025 Presentation",
        "file_type": "pdf",
        "content_type": "earnings_presentation",
        "published_date": "2024-05-29",
        "fiscal_date": "2024-05-29",
        "fiscal_year": 2025,
        "fiscal_quarter": 1,
        "r2_url": "https://pub-2c783279b61043e19fbdadd1bee5153a.r2.dev/OKTA/2024-05-29/f63b8-2024-05-29-08-43-10/f63b8-2024-05-29-08-43-10.pdf%5Cf63b8-2024-05-29-08-43-10.pdf",
        "periodicity": "periodic"
    },
    {
        "equity_ticker": "OKTA",
        "geography": "US",
        "content_name": "KeyBanc Emerging Technology Summit - March 6, 2024",
        "file_type": "pdf",
        "content_type": "company_conference_transcript",
        "published_date": "2024-03-06",
        "fiscal_date": "2024-03-06",
        "fiscal_year": null,
        "fiscal_quarter": null,
        "r2_url": "https://pub-2c783279b61043e19fbdadd1bee5153a.r2.dev/OKTA/2024-03-06/Okta%2C%20Inc._2024-03-06_transcript/Okta%2C%20Inc._2024-03-06_transcript.pdf%5COkta%2C%20Inc._2024-03-06_transcript.pdf",
        "periodicity": "non_periodic"
    },
    {
        "equity_ticker": "OKTA",
        "geography": "US",
        "content_name": "Morgan Stanley\u2019s Technology, Media & Telecom Conference 2024 - March 5, 2024",
        "file_type": "pdf",
        "content_type": "sellside_conference_transcript",
        "published_date": "2024-03-05",
        "fiscal_date": "2024-03-05",
        "fiscal_year": null,
        "fiscal_quarter": null,
        "r2_url": "https://pub-2c783279b61043e19fbdadd1bee5153a.r2.dev/OKTA/2024-03-05/Okta%2C%20Inc._2024-03-05_transcript/Okta%2C%20Inc._2024-03-05_transcript.pdf%5COkta%2C%20Inc._2024-03-05_transcript.pdf",
        "periodicity": "non_periodic"
    },
    {
        "equity_ticker": "OKTA",
        "geography": "US",
        "content_name": "OKTA Q4 2024 Transcript",
        "file_type": "pdf",
        "content_type": "earnings_transcript",
        "published_date": "2024-02-28",
        "fiscal_date": "2024-02-28",
        "fiscal_year": 2024,
        "fiscal_quarter": 4,
        "r2_url": "https://pub-2c783279b61043e19fbdadd1bee5153a.r2.dev/OKTA/2024-02-28/Okta%2C%20Inc._2024-02-28_transcript/Okta%2C%20Inc._2024-02-28_transcript.pdf%5COkta%2C%20Inc._2024-02-28_transcript.pdf",
        "periodicity": "periodic"
    },
    {
        "equity_ticker": "OKTA",
        "geography": "US",
        "content_name": "OKTA Q4 2024 Press Release",
        "file_type": "pdf",
        "content_type": "earnings_press_release",
        "published_date": "2024-02-28",
        "fiscal_date": "2024-02-28",
        "fiscal_year": 2024,
        "fiscal_quarter": 4,
        "r2_url": "https://pub-2c783279b61043e19fbdadd1bee5153a.r2.dev/OKTA/2024-02-28/e40da-2024-02-28-09-46-45/e40da-2024-02-28-09-46-45.pdf%5Ce40da-2024-02-28-09-46-45.pdf",
        "periodicity": "periodic"
    },
    {
        "equity_ticker": "OKTA",
        "geography": "US",
        "content_name": "OKTA Q4 2024 Presentation",
        "file_type": "pdf",
        "content_type": "earnings_presentation",
        "published_date": "2024-02-28",
        "fiscal_date": "2024-02-28",
        "fiscal_year": 2024,
        "fiscal_quarter": 4,
        "r2_url": "https://pub-2c783279b61043e19fbdadd1bee5153a.r2.dev/OKTA/2024-02-28/a48df-2024-02-28-09-22-06/a48df-2024-02-28-09-22-06.pdf%5Ca48df-2024-02-28-09-22-06.pdf",
        "periodicity": "periodic"
    },
    {
        "equity_ticker": "OKTA",
        "geography": "US",
        "content_name": "OKTA Q3 2024 Transcript",
        "file_type": "pdf",
        "content_type": "earnings_transcript",
        "published_date": "2023-11-29",
        "fiscal_date": "2023-11-29",
        "fiscal_year": 2024,
        "fiscal_quarter": 3,
        "r2_url": "https://pub-2c783279b61043e19fbdadd1bee5153a.r2.dev/OKTA/2023-11-29/Okta%2C%20Inc._2023-11-29_transcript/Okta%2C%20Inc._2023-11-29_transcript.pdf%5COkta%2C%20Inc._2023-11-29_transcript.pdf",
        "periodicity": "periodic"
    },
    {
        "equity_ticker": "OKTA",
        "geography": "US",
        "content_name": "OKTA Q3 2024 Press Release",
        "file_type": "pdf",
        "content_type": "earnings_press_release",
        "published_date": "2023-11-29",
        "fiscal_date": "2023-11-29",
        "fiscal_year": 2024,
        "fiscal_quarter": 3,
        "r2_url": "https://pub-2c783279b61043e19fbdadd1bee5153a.r2.dev/OKTA/2023-11-29/f6b73-2023-11-29-12-33-17/f6b73-2023-11-29-12-33-17.pdf%5Cf6b73-2023-11-29-12-33-17.pdf",
        "periodicity": "periodic"
    },
    {
        "equity_ticker": "OKTA",
        "geography": "US",
        "content_name": "Okta Oktane 2023 - October 4, 2023",
        "file_type": "pdf",
        "content_type": "company_conference_transcript",
        "published_date": "2023-10-04",
        "fiscal_date": "2023-10-04",
        "fiscal_year": null,
        "fiscal_quarter": null,
        "r2_url": "https://pub-2c783279b61043e19fbdadd1bee5153a.r2.dev/OKTA/2023-10-04/Okta%2C%20Inc._2023-10-04_transcript/Okta%2C%20Inc._2023-10-04_transcript.pdf%5COkta%2C%20Inc._2023-10-04_transcript.pdf",
        "periodicity": "non_periodic"
    },
    {
        "equity_ticker": "OKTA",
        "geography": "US",
        "content_name": "Citi's 2023 Global Technology Conference - September 6, 2023",
        "file_type": "pdf",
        "content_type": "sellside_conference_transcript",
        "published_date": "2023-09-06",
        "fiscal_date": "2023-09-06",
        "fiscal_year": null,
        "fiscal_quarter": null,
        "r2_url": "https://pub-2c783279b61043e19fbdadd1bee5153a.r2.dev/OKTA/2023-09-06/Okta%2C%20Inc._2023-09-06_transcript/Okta%2C%20Inc._2023-09-06_transcript.pdf%5COkta%2C%20Inc._2023-09-06_transcript.pdf",
        "periodicity": "non_periodic"
    },
    {
        "equity_ticker": "OKTA",
        "geography": "US",
        "content_name": "Goldman Sachs Communacopia & Technology Conference - September 5, 2023",
        "file_type": "pdf",
        "content_type": "sellside_conference_transcript",
        "published_date": "2023-09-05",
        "fiscal_date": "2023-09-05",
        "fiscal_year": null,
        "fiscal_quarter": null,
        "r2_url": "https://pub-2c783279b61043e19fbdadd1bee5153a.r2.dev/OKTA/2023-09-05/Okta%2C%20Inc._2023-09-05_transcript/Okta%2C%20Inc._2023-09-05_transcript.pdf%5COkta%2C%20Inc._2023-09-05_transcript.pdf",
        "periodicity": "non_periodic"
    },
    {
        "equity_ticker": "OKTA",
        "geography": "US",
        "content_name": "OKTA Q2 2024 Transcript",
        "file_type": "pdf",
        "content_type": "earnings_transcript",
        "published_date": "2023-08-30",
        "fiscal_date": "2023-08-30",
        "fiscal_year": 2024,
        "fiscal_quarter": 2,
        "r2_url": "https://pub-2c783279b61043e19fbdadd1bee5153a.r2.dev/OKTA/2023-08-30/Okta%2C%20Inc._2023-08-30_transcript/Okta%2C%20Inc._2023-08-30_transcript.pdf%5COkta%2C%20Inc._2023-08-30_transcript.pdf",
        "periodicity": "periodic"
    },
    {
        "equity_ticker": "OKTA",
        "geography": "US",
        "content_name": "OKTA Q2 2024 Press Release",
        "file_type": "pdf",
        "content_type": "earnings_press_release",
        "published_date": "2023-08-30",
        "fiscal_date": "2023-08-30",
        "fiscal_year": 2024,
        "fiscal_quarter": 2,
        "r2_url": "https://pub-2c783279b61043e19fbdadd1bee5153a.r2.dev/OKTA/2023-08-30/66bd0-2023-08-30-08-43-06/66bd0-2023-08-30-08-43-06.pdf%5C66bd0-2023-08-30-08-43-06.pdf",
        "periodicity": "periodic"
    },
    {
        "equity_ticker": "OKTA",
        "geography": "US",
        "content_name": "OKTA Q2 2024 Presentation",
        "file_type": "pdf",
        "content_type": "earnings_presentation",
        "published_date": "2023-08-30",
        "fiscal_date": "2023-08-30",
        "fiscal_year": 2024,
        "fiscal_quarter": 2,
        "r2_url": "https://pub-2c783279b61043e19fbdadd1bee5153a.r2.dev/OKTA/2023-08-30/293aa-2023-08-31-06-45-41/293aa-2023-08-31-06-45-41.pdf%5C293aa-2023-08-31-06-45-41.pdf",
        "periodicity": "periodic"
    },
    {
        "equity_ticker": "OKTA",
        "geography": "US",
        "content_name": "OKTA Q1 2024 Transcript",
        "file_type": "pdf",
        "content_type": "earnings_transcript",
        "published_date": "2023-05-31",
        "fiscal_date": "2023-05-31",
        "fiscal_year": 2024,
        "fiscal_quarter": 1,
        "r2_url": "https://pub-2c783279b61043e19fbdadd1bee5153a.r2.dev/OKTA/2023-05-31/Okta%2C%20Inc._2023-05-31_transcript/Okta%2C%20Inc._2023-05-31_transcript.pdf%5COkta%2C%20Inc._2023-05-31_transcript.pdf",
        "periodicity": "periodic"
    },
    {
        "equity_ticker": "OKTA",
        "geography": "US",
        "content_name": "OKTA Q1 2024 Press Release",
        "file_type": "pdf",
        "content_type": "earnings_press_release",
        "published_date": "2023-05-31",
        "fiscal_date": "2023-05-31",
        "fiscal_year": 2024,
        "fiscal_quarter": 1,
        "r2_url": "https://pub-2c783279b61043e19fbdadd1bee5153a.r2.dev/OKTA/2023-05-31/b016d-2023-05-31-08-25-10/b016d-2023-05-31-08-25-10.pdf%5Cb016d-2023-05-31-08-25-10.pdf",
        "periodicity": "periodic"
    },
    {
        "equity_ticker": "OKTA",
        "geography": "US",
        "content_name": "OKTA Q1 2024 Presentation",
        "file_type": "pdf",
        "content_type": "earnings_presentation",
        "published_date": "2023-05-31",
        "fiscal_date": "2023-05-31",
        "fiscal_year": 2024,
        "fiscal_quarter": 1,
        "r2_url": "https://pub-2c783279b61043e19fbdadd1bee5153a.r2.dev/OKTA/2023-05-31/b2a9b-2023-05-31-08-51-10/b2a9b-2023-05-31-08-51-10.pdf%5Cb2a9b-2023-05-31-08-51-10.pdf",
        "periodicity": "periodic"
    },
    {
        "equity_ticker": "OKTA",
        "geography": "US",
        "content_name": "OKTA Q4 2023 Transcript",
        "file_type": "pdf",
        "content_type": "earnings_transcript",
        "published_date": "2023-03-01",
        "fiscal_date": "2023-03-01",
        "fiscal_year": 2023,
        "fiscal_quarter": 4,
        "r2_url": "https://pub-2c783279b61043e19fbdadd1bee5153a.r2.dev/OKTA/2023-03-01/Okta%2C%20Inc._2023-03-01_transcript/Okta%2C%20Inc._2023-03-01_transcript.pdf%5COkta%2C%20Inc._2023-03-01_transcript.pdf",
        "periodicity": "periodic"
    },
    {
        "equity_ticker": "OKTA",
        "geography": "US",
        "content_name": "OKTA Q4 2023 Press Release",
        "file_type": "pdf",
        "content_type": "earnings_press_release",
        "published_date": "2023-03-01",
        "fiscal_date": "2023-03-01",
        "fiscal_year": 2023,
        "fiscal_quarter": 4,
        "r2_url": "https://pub-2c783279b61043e19fbdadd1bee5153a.r2.dev/OKTA/2023-03-01/63f41-2025-02-20-01-24-25/63f41-2025-02-20-01-24-25.pdf%5C63f41-2025-02-20-01-24-25.pdf",
        "periodicity": "periodic"
    },
    {
        "equity_ticker": "OKTA",
        "geography": "US",
        "content_name": "OKTA Q4 2023 Presentation",
        "file_type": "pdf",
        "content_type": "earnings_presentation",
        "published_date": "2023-03-01",
        "fiscal_date": "2023-03-01",
        "fiscal_year": 2023,
        "fiscal_quarter": 4,
        "r2_url": "https://pub-2c783279b61043e19fbdadd1bee5153a.r2.dev/OKTA/2023-03-01/e4e28-2023-03-01-09-17-52/e4e28-2023-03-01-09-17-52.pdf%5Ce4e28-2023-03-01-09-17-52.pdf",
        "periodicity": "periodic"
    },
    {
        "equity_ticker": "OKTA",
        "geography": "US",
        "content_name": "Needham Growth Conference - January 12, 2023",
        "file_type": "pdf",
        "content_type": "company_conference_transcript",
        "published_date": "2023-01-12",
        "fiscal_date": "2023-01-12",
        "fiscal_year": null,
        "fiscal_quarter": null,
        "r2_url": "https://pub-2c783279b61043e19fbdadd1bee5153a.r2.dev/OKTA/2023-01-12/Okta%2C%20Inc._2023-01-12_transcript/Okta%2C%20Inc._2023-01-12_transcript.pdf%5COkta%2C%20Inc._2023-01-12_transcript.pdf",
        "periodicity": "non_periodic"
    },
    {
        "equity_ticker": "OKTA",
        "geography": "US",
        "content_name": "OKTA Q3 2023 Transcript",
        "file_type": "pdf",
        "content_type": "earnings_transcript",
        "published_date": "2022-11-30",
        "fiscal_date": "2022-11-30",
        "fiscal_year": 2023,
        "fiscal_quarter": 3,
        "r2_url": "https://pub-2c783279b61043e19fbdadd1bee5153a.r2.dev/OKTA/2022-11-30/Okta%2C%20Inc._2022-11-30_transcript/Okta%2C%20Inc._2022-11-30_transcript.pdf%5COkta%2C%20Inc._2022-11-30_transcript.pdf",
        "periodicity": "periodic"
    },
    {
        "equity_ticker": "OKTA",
        "geography": "US",
        "content_name": "OKTA Q3 2023 Press Release",
        "file_type": "pdf",
        "content_type": "quarterly_report",
        "published_date": "2022-11-30",
        "fiscal_date": "2022-11-30",
        "fiscal_year": 2023,
        "fiscal_quarter": 3,
        "r2_url": "https://pub-2c783279b61043e19fbdadd1bee5153a.r2.dev/OKTA/2022-11-30/91093-2024-08-28-08-44-17/91093-2024-08-28-08-44-17.pdf%5C91093-2024-08-28-08-44-17.pdf",
        "periodicity": "periodic"
    },
    {
        "equity_ticker": "OKTA",
        "geography": "US",
        "content_name": "OKTA Q3 2023 Presentation",
        "file_type": "pdf",
        "content_type": "earnings_presentation",
        "published_date": "2022-11-30",
        "fiscal_date": "2022-11-30",
        "fiscal_year": 2023,
        "fiscal_quarter": 3,
        "r2_url": "https://pub-2c783279b61043e19fbdadd1bee5153a.r2.dev/OKTA/2022-11-30/025bb-2022-11-30-09-27-11/025bb-2022-11-30-09-27-11.pdf%5C025bb-2022-11-30-09-27-11.pdf",
        "periodicity": "periodic"
    },
    {
        "equity_ticker": "OKTA",
        "geography": "US",
        "content_name": "Investor Day 2022 - November 9, 2022",
        "file_type": "pdf",
        "content_type": "company_conference_transcript",
        "published_date": "2022-11-09",
        "fiscal_date": "2022-11-09",
        "fiscal_year": null,
        "fiscal_quarter": null,
        "r2_url": "https://pub-2c783279b61043e19fbdadd1bee5153a.r2.dev/OKTA/2022-11-09/Okta%2C%20Inc._2022-11-09_transcript/Okta%2C%20Inc._2022-11-09_transcript.pdf%5COkta%2C%20Inc._2022-11-09_transcript.pdf",
        "periodicity": "non_periodic"
    },
    {
        "equity_ticker": "OKTA",
        "geography": "US",
        "content_name": "OKTA Q2 2023 Transcript",
        "file_type": "pdf",
        "content_type": "earnings_transcript",
        "published_date": "2022-08-31",
        "fiscal_date": "2022-08-31",
        "fiscal_year": 2023,
        "fiscal_quarter": 2,
        "r2_url": "https://pub-2c783279b61043e19fbdadd1bee5153a.r2.dev/OKTA/2022-08-31/Okta%2C%20Inc._2022-08-31_transcript/Okta%2C%20Inc._2022-08-31_transcript.pdf%5COkta%2C%20Inc._2022-08-31_transcript.pdf",
        "periodicity": "periodic"
    },
    {
        "equity_ticker": "OKTA",
        "geography": "US",
        "content_name": "OKTA Q2 2023 Press Release",
        "file_type": "pdf",
        "content_type": "quarterly_report",
        "published_date": "2022-08-31",
        "fiscal_date": "2022-08-31",
        "fiscal_year": 2023,
        "fiscal_quarter": 2,
        "r2_url": "https://pub-2c783279b61043e19fbdadd1bee5153a.r2.dev/OKTA/2022-08-31/54496-2024-08-28-08-45-17/54496-2024-08-28-08-45-17.pdf%5C54496-2024-08-28-08-45-17.pdf",
        "periodicity": "periodic"
    },
    {
        "equity_ticker": "OKTA",
        "geography": "US",
        "content_name": "OKTA Q2 2023 Presentation",
        "file_type": "pdf",
        "content_type": "earnings_presentation",
        "published_date": "2022-08-31",
        "fiscal_date": "2022-08-31",
        "fiscal_year": 2023,
        "fiscal_quarter": 2,
        "r2_url": "https://pub-2c783279b61043e19fbdadd1bee5153a.r2.dev/OKTA/2022-08-31/c2163-2022-09-01-07-07-30/c2163-2022-09-01-07-07-30.pdf%5Cc2163-2022-09-01-07-07-30.pdf",
        "periodicity": "periodic"
    },
    {
        "equity_ticker": "OKTA",
        "geography": "US",
        "content_name": "OKTA Q1 2023 Transcript",
        "file_type": "pdf",
        "content_type": "earnings_transcript",
        "published_date": "2022-06-02",
        "fiscal_date": "2022-06-02",
        "fiscal_year": 2023,
        "fiscal_quarter": 1,
        "r2_url": "https://pub-2c783279b61043e19fbdadd1bee5153a.r2.dev/OKTA/2022-06-02/Okta%2C%20Inc._2022-06-02_transcript/Okta%2C%20Inc._2022-06-02_transcript.pdf%5COkta%2C%20Inc._2022-06-02_transcript.pdf",
        "periodicity": "periodic"
    },
    {
        "equity_ticker": "OKTA",
        "geography": "US",
        "content_name": "OKTA Q1 2023 Press Release",
        "file_type": "pdf",
        "content_type": "quarterly_report",
        "published_date": "2022-06-02",
        "fiscal_date": "2022-06-02",
        "fiscal_year": 2023,
        "fiscal_quarter": 1,
        "r2_url": "https://pub-2c783279b61043e19fbdadd1bee5153a.r2.dev/OKTA/2022-06-02/e8a6c-2024-08-28-08-45-17/e8a6c-2024-08-28-08-45-17.pdf%5Ce8a6c-2024-08-28-08-45-17.pdf",
        "periodicity": "periodic"
    },
    {
        "equity_ticker": "OKTA",
        "geography": "US",
        "content_name": "OKTA Q1 2023 Presentation",
        "file_type": "pdf",
        "content_type": "earnings_presentation",
        "published_date": "2022-06-02",
        "fiscal_date": "2022-06-02",
        "fiscal_year": 2023,
        "fiscal_quarter": 1,
        "r2_url": "https://pub-2c783279b61043e19fbdadd1bee5153a.r2.dev/OKTA/2022-06-02/2ede1-2022-06-02-08-09-06/2ede1-2022-06-02-08-09-06.pdf%5C2ede1-2022-06-02-08-09-06.pdf",
        "periodicity": "periodic"
    },
    {
        "equity_ticker": "OKTA",
        "geography": "US",
        "content_name": "OKTA Q4 2022 Transcript",
        "file_type": "pdf",
        "content_type": "earnings_transcript",
        "published_date": "2022-03-02",
        "fiscal_date": "2022-03-02",
        "fiscal_year": 2022,
        "fiscal_quarter": 4,
        "r2_url": "https://pub-2c783279b61043e19fbdadd1bee5153a.r2.dev/OKTA/2022-03-02/Okta%2C%20Inc._2022-03-02_transcript/Okta%2C%20Inc._2022-03-02_transcript.pdf%5COkta%2C%20Inc._2022-03-02_transcript.pdf",
        "periodicity": "periodic"
    },
    {
        "equity_ticker": "OKTA",
        "geography": "US",
        "content_name": "OKTA Q4 2022 Press Release",
        "file_type": "pdf",
        "content_type": "earnings_press_release",
        "published_date": "2022-03-02",
        "fiscal_date": "2022-03-02",
        "fiscal_year": 2022,
        "fiscal_quarter": 4,
        "r2_url": "https://pub-2c783279b61043e19fbdadd1bee5153a.r2.dev/OKTA/2022-03-02/851e8-2025-02-20-01-03-23/851e8-2025-02-20-01-03-23.pdf%5C851e8-2025-02-20-01-03-23.pdf",
        "periodicity": "periodic"
    },
    {
        "equity_ticker": "OKTA",
        "geography": "US",
        "content_name": "OKTA Q4 2022 Presentation",
        "file_type": "pdf",
        "content_type": "earnings_presentation",
        "published_date": "2022-03-02",
        "fiscal_date": "2022-03-02",
        "fiscal_year": 2022,
        "fiscal_quarter": 4,
        "r2_url": "https://pub-2c783279b61043e19fbdadd1bee5153a.r2.dev/OKTA/2022-03-02/7d571-2022-03-02-03-34-01-migrated/7d571-2022-03-02-03-34-01-migrated.pdf%5C7d571-2022-03-02-03-34-01-migrated.pdf",
        "periodicity": "periodic"
    },
    {
        "equity_ticker": "OKTA",
        "geography": "US",
        "content_name": "OKTA Q3 2022 Transcript",
        "file_type": "pdf",
        "content_type": "earnings_transcript",
        "published_date": "2021-12-01",
        "fiscal_date": "2021-12-01",
        "fiscal_year": 2022,
        "fiscal_quarter": 3,
        "r2_url": "https://pub-2c783279b61043e19fbdadd1bee5153a.r2.dev/OKTA/2021-12-01/Okta%2C%20Inc._2021-12-01_transcript/Okta%2C%20Inc._2021-12-01_transcript.pdf%5COkta%2C%20Inc._2021-12-01_transcript.pdf",
        "periodicity": "periodic"
    },
    {
        "equity_ticker": "OKTA",
        "geography": "US",
        "content_name": "OKTA Q3 2022 Press Release",
        "file_type": "pdf",
        "content_type": "quarterly_report",
        "published_date": "2021-12-01",
        "fiscal_date": "2021-12-01",
        "fiscal_year": 2022,
        "fiscal_quarter": 3,
        "r2_url": "https://pub-2c783279b61043e19fbdadd1bee5153a.r2.dev/OKTA/2021-12-01/5973e-2024-08-28-08-49-17/5973e-2024-08-28-08-49-17.pdf%5C5973e-2024-08-28-08-49-17.pdf",
        "periodicity": "periodic"
    },
    {
        "equity_ticker": "OKTA",
        "geography": "US",
        "content_name": "OKTA Q2 2022 Transcript",
        "file_type": "pdf",
        "content_type": "earnings_transcript",
        "published_date": "2021-09-01",
        "fiscal_date": "2021-09-01",
        "fiscal_year": 2022,
        "fiscal_quarter": 2,
        "r2_url": "https://pub-2c783279b61043e19fbdadd1bee5153a.r2.dev/OKTA/2021-09-01/Okta%2C%20Inc._2021-09-01_transcript/Okta%2C%20Inc._2021-09-01_transcript.pdf%5COkta%2C%20Inc._2021-09-01_transcript.pdf",
        "periodicity": "periodic"
    },
    {
        "equity_ticker": "OKTA",
        "geography": "US",
        "content_name": "OKTA Q2 2022 Press Release",
        "file_type": "pdf",
        "content_type": "quarterly_report",
        "published_date": "2021-09-01",
        "fiscal_date": "2021-09-01",
        "fiscal_year": 2022,
        "fiscal_quarter": 2,
        "r2_url": "https://pub-2c783279b61043e19fbdadd1bee5153a.r2.dev/OKTA/2021-09-01/6e37a-2024-08-28-08-49-17/6e37a-2024-08-28-08-49-17.pdf%5C6e37a-2024-08-28-08-49-17.pdf",
        "periodicity": "periodic"
    },
    {
        "equity_ticker": "OKTA",
        "geography": "US",
        "content_name": "OKTA Q2 2022 Presentation",
        "file_type": "pdf",
        "content_type": "earnings_presentation",
        "published_date": "2021-09-01",
        "fiscal_date": "2021-09-01",
        "fiscal_year": 2022,
        "fiscal_quarter": 2,
        "r2_url": "https://pub-2c783279b61043e19fbdadd1bee5153a.r2.dev/OKTA/2021-09-01/1c847-2021-09-01-12-00-00-migrated/1c847-2021-09-01-12-00-00-migrated.pdf%5C1c847-2021-09-01-12-00-00-migrated.pdf",
        "periodicity": "periodic"
    },
    {
        "equity_ticker": "OKTA",
        "geography": "US",
        "content_name": "OKTA Q1 2022 Transcript",
        "file_type": "pdf",
        "content_type": "earnings_transcript",
        "published_date": "2021-05-26",
        "fiscal_date": "2021-05-26",
        "fiscal_year": 2022,
        "fiscal_quarter": 1,
        "r2_url": "https://pub-2c783279b61043e19fbdadd1bee5153a.r2.dev/OKTA/2021-05-26/Okta%2C%20Inc._2021-05-26_transcript/Okta%2C%20Inc._2021-05-26_transcript.pdf%5COkta%2C%20Inc._2021-05-26_transcript.pdf",
        "periodicity": "periodic"
    },
    {
        "equity_ticker": "OKTA",
        "geography": "US",
        "content_name": "OKTA Q1 2022 Press Release",
        "file_type": "pdf",
        "content_type": "earnings_press_release",
        "published_date": "2021-05-26",
        "fiscal_date": "2021-05-26",
        "fiscal_year": 2022,
        "fiscal_quarter": 1,
        "r2_url": "https://pub-2c783279b61043e19fbdadd1bee5153a.r2.dev/OKTA/2021-05-26/ae6cd-2023-01-25-08-54-59/ae6cd-2023-01-25-08-54-59.pdf%5Cae6cd-2023-01-25-08-54-59.pdf",
        "periodicity": "periodic"
    },
    {
        "equity_ticker": "OKTA",
        "geography": "US",
        "content_name": "OKTA Q1 2022 Presentation",
        "file_type": "pdf",
        "content_type": "earnings_presentation",
        "published_date": "2021-05-26",
        "fiscal_date": "2021-05-26",
        "fiscal_year": 2022,
        "fiscal_quarter": 1,
        "r2_url": "https://pub-2c783279b61043e19fbdadd1bee5153a.r2.dev/OKTA/2021-05-26/d8d1c-2021-05-26-09-52-57-migrated/d8d1c-2021-05-26-09-52-57-migrated.pdf%5Cd8d1c-2021-05-26-09-52-57-migrated.pdf",
        "periodicity": "periodic"
    },
    {
        "equity_ticker": "OKTA",
        "geography": "US",
        "content_name": "Investor Day 2021 - April 7, 2021",
        "file_type": "pdf",
        "content_type": "company_conference_transcript",
        "published_date": "2021-04-07",
        "fiscal_date": "2021-04-07",
        "fiscal_year": null,
        "fiscal_quarter": null,
        "r2_url": "https://pub-2c783279b61043e19fbdadd1bee5153a.r2.dev/OKTA/2021-04-07/Okta%2C%20Inc._2021-04-07_transcript/Okta%2C%20Inc._2021-04-07_transcript.pdf%5COkta%2C%20Inc._2021-04-07_transcript.pdf",
        "periodicity": "non_periodic"
    },
    {
        "equity_ticker": "OKTA",
        "geography": "US",
        "content_name": "Investor Day 2021 - April 7, 2021",
        "file_type": "pdf",
        "content_type": "company_conference_presentation",
        "published_date": "2021-04-07",
        "fiscal_date": "2021-04-07",
        "fiscal_year": null,
        "fiscal_quarter": null,
        "r2_url": "https://pub-2c783279b61043e19fbdadd1bee5153a.r2.dev/OKTA/2021-04-07/97f9e-2022-06-22-10-48-01/97f9e-2022-06-22-10-48-01.pdf%5C97f9e-2022-06-22-10-48-01.pdf",
        "periodicity": "non_periodic"
    },
    {
        "equity_ticker": "OKTA",
        "geography": "US",
        "content_name": "OKTA Q4 2021 Transcript",
        "file_type": "pdf",
        "content_type": "earnings_transcript",
        "published_date": "2021-03-03",
        "fiscal_date": "2021-03-03",
        "fiscal_year": 2021,
        "fiscal_quarter": 4,
        "r2_url": "https://pub-2c783279b61043e19fbdadd1bee5153a.r2.dev/OKTA/2021-03-03/Okta%2C%20Inc._2021-03-03_transcript/Okta%2C%20Inc._2021-03-03_transcript.pdf%5COkta%2C%20Inc._2021-03-03_transcript.pdf",
        "periodicity": "periodic"
    },
    {
        "equity_ticker": "OKTA",
        "geography": "US",
        "content_name": "OKTA Q4 2021 Press Release",
        "file_type": "pdf",
        "content_type": "earnings_press_release",
        "published_date": "2021-03-03",
        "fiscal_date": "2021-03-03",
        "fiscal_year": 2021,
        "fiscal_quarter": 4,
        "r2_url": "https://pub-2c783279b61043e19fbdadd1bee5153a.r2.dev/OKTA/2021-03-03/c41bc-2024-01-15-09-32-27/c41bc-2024-01-15-09-32-27.pdf%5Cc41bc-2024-01-15-09-32-27.pdf",
        "periodicity": "periodic"
    },
    {
        "equity_ticker": "OKTA",
        "geography": "US",
        "content_name": "OKTA Q4 2021 Presentation",
        "file_type": "pdf",
        "content_type": "earnings_presentation",
        "published_date": "2021-03-03",
        "fiscal_date": "2021-03-03",
        "fiscal_year": 2021,
        "fiscal_quarter": 4,
        "r2_url": "https://pub-2c783279b61043e19fbdadd1bee5153a.r2.dev/OKTA/2021-03-03/b7ce7-2024-01-15-09-30-27/b7ce7-2024-01-15-09-30-27.pdf%5Cb7ce7-2024-01-15-09-30-27.pdf",
        "periodicity": "periodic"
    },
    {
        "equity_ticker": "OKTA",
        "geography": "US",
        "content_name": "OKTA Q3 2021 Transcript",
        "file_type": "pdf",
        "content_type": "earnings_transcript",
        "published_date": "2020-12-02",
        "fiscal_date": "2020-12-02",
        "fiscal_year": 2021,
        "fiscal_quarter": 3,
        "r2_url": "https://pub-2c783279b61043e19fbdadd1bee5153a.r2.dev/OKTA/2020-12-02/Okta%2C%20Inc._2020-12-02_transcript/Okta%2C%20Inc._2020-12-02_transcript.pdf%5COkta%2C%20Inc._2020-12-02_transcript.pdf",
        "periodicity": "periodic"
    },
    {
        "equity_ticker": "OKTA",
        "geography": "US",
        "content_name": "OKTA Q3 2021 Press Release",
        "file_type": "pdf",
        "content_type": "earnings_press_release",
        "published_date": "2020-12-02",
        "fiscal_date": "2020-12-02",
        "fiscal_year": 2021,
        "fiscal_quarter": 3,
        "r2_url": "https://pub-2c783279b61043e19fbdadd1bee5153a.r2.dev/OKTA/2020-12-02/438c2-2024-01-15-09-11-28/438c2-2024-01-15-09-11-28.pdf%5C438c2-2024-01-15-09-11-28.pdf",
        "periodicity": "periodic"
    },
    {
        "equity_ticker": "OKTA",
        "geography": "US",
        "content_name": "OKTA Q3 2021 Presentation",
        "file_type": "pdf",
        "content_type": "earnings_presentation",
        "published_date": "2020-12-02",
        "fiscal_date": "2020-12-02",
        "fiscal_year": 2021,
        "fiscal_quarter": 3,
        "r2_url": "https://pub-2c783279b61043e19fbdadd1bee5153a.r2.dev/OKTA/2020-12-02/376df-2024-01-15-09-09-28/376df-2024-01-15-09-09-28.pdf%5C376df-2024-01-15-09-09-28.pdf",
        "periodicity": "periodic"
    },
    {
        "equity_ticker": "OKTA",
        "geography": "US",
        "content_name": "OKTA Q2 2021 Transcript",
        "file_type": "pdf",
        "content_type": "earnings_transcript",
        "published_date": "2020-08-27",
        "fiscal_date": "2020-08-27",
        "fiscal_year": 2021,
        "fiscal_quarter": 2,
        "r2_url": "https://pub-2c783279b61043e19fbdadd1bee5153a.r2.dev/OKTA/2020-08-27/Okta%2C%20Inc._2020-08-27_transcript/Okta%2C%20Inc._2020-08-27_transcript.pdf%5COkta%2C%20Inc._2020-08-27_transcript.pdf",
        "periodicity": "periodic"
    },
    {
        "equity_ticker": "OKTA",
        "geography": "US",
        "content_name": "OKTA Q2 2021 Press Release",
        "file_type": "pdf",
        "content_type": "earnings_press_release",
        "published_date": "2020-08-27",
        "fiscal_date": "2020-08-27",
        "fiscal_year": 2021,
        "fiscal_quarter": 2,
        "r2_url": "https://pub-2c783279b61043e19fbdadd1bee5153a.r2.dev/OKTA/2020-08-27/55fc6-2024-01-15-09-52-28/55fc6-2024-01-15-09-52-28.pdf%5C55fc6-2024-01-15-09-52-28.pdf",
        "periodicity": "periodic"
    },
    {
        "equity_ticker": "OKTA",
        "geography": "US",
        "content_name": "OKTA Q2 2021 Presentation",
        "file_type": "pdf",
        "content_type": "earnings_presentation",
        "published_date": "2020-08-27",
        "fiscal_date": "2020-08-27",
        "fiscal_year": 2021,
        "fiscal_quarter": 2,
        "r2_url": "https://pub-2c783279b61043e19fbdadd1bee5153a.r2.dev/OKTA/2020-08-27/39722-2024-01-15-09-47-28/39722-2024-01-15-09-47-28.pdf%5C39722-2024-01-15-09-47-28.pdf",
        "periodicity": "periodic"
    },
    {
        "equity_ticker": "OKTA",
        "geography": "US",
        "content_name": "OKTA Q1 2021 Transcript",
        "file_type": "pdf",
        "content_type": "earnings_transcript",
        "published_date": "2020-05-28",
        "fiscal_date": "2020-05-28",
        "fiscal_year": 2021,
        "fiscal_quarter": 1,
        "r2_url": "https://pub-2c783279b61043e19fbdadd1bee5153a.r2.dev/OKTA/2020-05-28/Okta%2C%20Inc._2020-05-28_transcript/Okta%2C%20Inc._2020-05-28_transcript.pdf%5COkta%2C%20Inc._2020-05-28_transcript.pdf",
        "periodicity": "periodic"
    },
    {
        "equity_ticker": "OKTA",
        "geography": "US",
        "content_name": "OKTA Q1 2021 Press Release",
        "file_type": "pdf",
        "content_type": "earnings_press_release",
        "published_date": "2020-05-28",
        "fiscal_date": "2020-05-28",
        "fiscal_year": 2021,
        "fiscal_quarter": 1,
        "r2_url": "https://pub-2c783279b61043e19fbdadd1bee5153a.r2.dev/OKTA/2020-05-28/ab812-2024-01-15-09-30-29/ab812-2024-01-15-09-30-29.pdf%5Cab812-2024-01-15-09-30-29.pdf",
        "periodicity": "periodic"
    },
    {
        "equity_ticker": "OKTA",
        "geography": "US",
        "content_name": "OKTA Q1 2021 Presentation",
        "file_type": "pdf",
        "content_type": "earnings_presentation",
        "published_date": "2020-05-28",
        "fiscal_date": "2020-05-28",
        "fiscal_year": 2021,
        "fiscal_quarter": 1,
        "r2_url": "https://pub-2c783279b61043e19fbdadd1bee5153a.r2.dev/OKTA/2020-05-28/d2052-2024-01-15-09-34-29/d2052-2024-01-15-09-34-29.pdf%5Cd2052-2024-01-15-09-34-29.pdf",
        "periodicity": "periodic"
    },
    {
        "equity_ticker": "OKTA",
        "geography": "US",
        "content_name": "Investor Day 2020 - April 1, 2020",
        "file_type": "pdf",
        "content_type": "company_conference_transcript",
        "published_date": "2020-04-01",
        "fiscal_date": "2020-04-01",
        "fiscal_year": null,
        "fiscal_quarter": null,
        "r2_url": "https://pub-2c783279b61043e19fbdadd1bee5153a.r2.dev/OKTA/2020-04-01/Okta%2C%20Inc._2020-04-01_transcript/Okta%2C%20Inc._2020-04-01_transcript.pdf%5COkta%2C%20Inc._2020-04-01_transcript.pdf",
        "periodicity": "non_periodic"
    },
    {
        "equity_ticker": "OKTA",
        "geography": "US",
        "content_name": "Investor Day 2020 - April 1, 2020",
        "file_type": "pdf",
        "content_type": "company_conference_presentation",
        "published_date": "2020-04-01",
        "fiscal_date": "2020-04-01",
        "fiscal_year": null,
        "fiscal_quarter": null,
        "r2_url": "https://pub-2c783279b61043e19fbdadd1bee5153a.r2.dev/OKTA/2020-04-01/fc7be-2022-06-22-09-36-58/fc7be-2022-06-22-09-36-58.pdf%5Cfc7be-2022-06-22-09-36-58.pdf",
        "periodicity": "non_periodic"
    },
    {
        "equity_ticker": "OKTA",
        "geography": "US",
        "content_name": "OKTA Q4 2020 Transcript",
        "file_type": "pdf",
        "content_type": "earnings_transcript",
        "published_date": "2020-03-05",
        "fiscal_date": "2020-03-05",
        "fiscal_year": 2020,
        "fiscal_quarter": 4,
        "r2_url": "https://pub-2c783279b61043e19fbdadd1bee5153a.r2.dev/OKTA/2020-03-05/Okta%2C%20Inc._2020-03-05_transcript/Okta%2C%20Inc._2020-03-05_transcript.pdf%5COkta%2C%20Inc._2020-03-05_transcript.pdf",
        "periodicity": "periodic"
    },
    {
        "equity_ticker": "OKTA",
        "geography": "US",
        "content_name": "OKTA Q4 2020 Press Release",
        "file_type": "pdf",
        "content_type": "earnings_press_release",
        "published_date": "2020-03-05",
        "fiscal_date": "2020-03-05",
        "fiscal_year": 2020,
        "fiscal_quarter": 4,
        "r2_url": "https://pub-2c783279b61043e19fbdadd1bee5153a.r2.dev/OKTA/2020-03-05/32e7c-2024-01-15-09-10-30/32e7c-2024-01-15-09-10-30.pdf%5C32e7c-2024-01-15-09-10-30.pdf",
        "periodicity": "periodic"
    },
    {
        "equity_ticker": "OKTA",
        "geography": "US",
        "content_name": "OKTA Q4 2020 Presentation",
        "file_type": "pdf",
        "content_type": "earnings_presentation",
        "published_date": "2020-03-05",
        "fiscal_date": "2020-03-05",
        "fiscal_year": 2020,
        "fiscal_quarter": 4,
        "r2_url": "https://pub-2c783279b61043e19fbdadd1bee5153a.r2.dev/OKTA/2020-03-05/87eb9-2024-01-15-09-06-30/87eb9-2024-01-15-09-06-30.pdf%5C87eb9-2024-01-15-09-06-30.pdf",
        "periodicity": "periodic"
    },
    {
        "equity_ticker": "OKTA",
        "geography": "US",
        "content_name": "OKTA Q3 2020 Transcript",
        "file_type": "pdf",
        "content_type": "earnings_transcript",
        "published_date": "2019-12-05",
        "fiscal_date": "2019-12-05",
        "fiscal_year": 2020,
        "fiscal_quarter": 3,
        "r2_url": "https://pub-2c783279b61043e19fbdadd1bee5153a.r2.dev/OKTA/2019-12-05/Okta%2C%20Inc._2019-12-05_transcript/Okta%2C%20Inc._2019-12-05_transcript.pdf%5COkta%2C%20Inc._2019-12-05_transcript.pdf",
        "periodicity": "periodic"
    },
    {
        "equity_ticker": "OKTA",
        "geography": "US",
        "content_name": "OKTA Q3 2020 Press Release",
        "file_type": "pdf",
        "content_type": "earnings_press_release",
        "published_date": "2019-12-05",
        "fiscal_date": "2019-12-05",
        "fiscal_year": 2020,
        "fiscal_quarter": 3,
        "r2_url": "https://pub-2c783279b61043e19fbdadd1bee5153a.r2.dev/OKTA/2019-12-05/8e288-2024-01-15-09-43-31/8e288-2024-01-15-09-43-31.pdf%5C8e288-2024-01-15-09-43-31.pdf",
        "periodicity": "periodic"
    },
    {
        "equity_ticker": "OKTA",
        "geography": "US",
        "content_name": "OKTA Q3 2020 Presentation",
        "file_type": "pdf",
        "content_type": "earnings_presentation",
        "published_date": "2019-12-05",
        "fiscal_date": "2019-12-05",
        "fiscal_year": 2020,
        "fiscal_quarter": 3,
        "r2_url": "https://pub-2c783279b61043e19fbdadd1bee5153a.r2.dev/OKTA/2019-12-05/2b027-2024-01-15-09-44-31/2b027-2024-01-15-09-44-31.pdf%5C2b027-2024-01-15-09-44-31.pdf",
        "periodicity": "periodic"
    },
    {
        "equity_ticker": "OKTA",
        "geography": "US",
        "content_name": "OKTA Q2 2020 Transcript",
        "file_type": "pdf",
        "content_type": "earnings_transcript",
        "published_date": "2019-08-28",
        "fiscal_date": "2019-08-28",
        "fiscal_year": 2020,
        "fiscal_quarter": 2,
        "r2_url": "https://pub-2c783279b61043e19fbdadd1bee5153a.r2.dev/OKTA/2019-08-28/Okta%2C%20Inc._2019-08-28_transcript/Okta%2C%20Inc._2019-08-28_transcript.pdf%5COkta%2C%20Inc._2019-08-28_transcript.pdf",
        "periodicity": "periodic"
    },
    {
        "equity_ticker": "OKTA",
        "geography": "US",
        "content_name": "OKTA Q2 2020 Press Release",
        "file_type": "pdf",
        "content_type": "earnings_press_release",
        "published_date": "2019-08-28",
        "fiscal_date": "2019-08-28",
        "fiscal_year": 2020,
        "fiscal_quarter": 2,
        "r2_url": "https://pub-2c783279b61043e19fbdadd1bee5153a.r2.dev/OKTA/2019-08-28/cb1c2-2024-01-15-09-15-32/cb1c2-2024-01-15-09-15-32.pdf%5Ccb1c2-2024-01-15-09-15-32.pdf",
        "periodicity": "periodic"
    },
    {
        "equity_ticker": "OKTA",
        "geography": "US",
        "content_name": "OKTA Q1 2020 Transcript",
        "file_type": "pdf",
        "content_type": "earnings_transcript",
        "published_date": "2019-05-30",
        "fiscal_date": "2019-05-30",
        "fiscal_year": 2020,
        "fiscal_quarter": 1,
        "r2_url": "https://pub-2c783279b61043e19fbdadd1bee5153a.r2.dev/OKTA/2019-05-30/Okta%2C%20Inc._2019-05-30_transcript/Okta%2C%20Inc._2019-05-30_transcript.pdf%5COkta%2C%20Inc._2019-05-30_transcript.pdf",
        "periodicity": "periodic"
    },
    {
        "equity_ticker": "OKTA",
        "geography": "US",
        "content_name": "OKTA Q1 2020 Press Release",
        "file_type": "pdf",
        "content_type": "quarterly_report",
        "published_date": "2019-05-30",
        "fiscal_date": "2019-05-30",
        "fiscal_year": 2020,
        "fiscal_quarter": 1,
        "r2_url": "https://pub-2c783279b61043e19fbdadd1bee5153a.r2.dev/OKTA/2019-05-30/bbf32-2024-08-28-08-19-18/bbf32-2024-08-28-08-19-18.pdf%5Cbbf32-2024-08-28-08-19-18.pdf",
        "periodicity": "periodic"
    },
    {
        "equity_ticker": "OKTA",
        "geography": "US",
        "content_name": "OKTA Q4 2019 Transcript",
        "file_type": "pdf",
        "content_type": "earnings_transcript",
        "published_date": "2019-03-07",
        "fiscal_date": "2019-03-07",
        "fiscal_year": 2019,
        "fiscal_quarter": 4,
        "r2_url": "https://pub-2c783279b61043e19fbdadd1bee5153a.r2.dev/OKTA/2019-03-07/Okta%2C%20Inc._2019-03-07_transcript/Okta%2C%20Inc._2019-03-07_transcript.pdf%5COkta%2C%20Inc._2019-03-07_transcript.pdf",
        "periodicity": "periodic"
    },
    {
        "equity_ticker": "OKTA",
        "geography": "US",
        "content_name": "OKTA Q4 2019 Press Release",
        "file_type": "pdf",
        "content_type": "earnings_press_release",
        "published_date": "2019-03-07",
        "fiscal_date": "2019-03-07",
        "fiscal_year": 2019,
        "fiscal_quarter": 4,
        "r2_url": "https://pub-2c783279b61043e19fbdadd1bee5153a.r2.dev/OKTA/2019-03-07/49263-2024-01-15-09-09-35/49263-2024-01-15-09-09-35.pdf%5C49263-2024-01-15-09-09-35.pdf",
        "periodicity": "periodic"
    },
    {
        "equity_ticker": "OKTA",
        "geography": "US",
        "content_name": "OKTA Q3 2019 Transcript",
        "file_type": "pdf",
        "content_type": "earnings_transcript",
        "published_date": "2018-12-05",
        "fiscal_date": "2018-12-05",
        "fiscal_year": 2019,
        "fiscal_quarter": 3,
        "r2_url": "https://pub-2c783279b61043e19fbdadd1bee5153a.r2.dev/OKTA/2018-12-05/Okta%2C%20Inc._2018-12-05_transcript/Okta%2C%20Inc._2018-12-05_transcript.pdf%5COkta%2C%20Inc._2018-12-05_transcript.pdf",
        "periodicity": "periodic"
    },
    {
        "equity_ticker": "OKTA",
        "geography": "US",
        "content_name": "OKTA Q3 2019 Press Release",
        "file_type": "pdf",
        "content_type": "earnings_press_release",
        "published_date": "2018-12-05",
        "fiscal_date": "2018-12-05",
        "fiscal_year": 2019,
        "fiscal_quarter": 3,
        "r2_url": "https://pub-2c783279b61043e19fbdadd1bee5153a.r2.dev/OKTA/2018-12-05/96821-2024-01-15-09-58-35/96821-2024-01-15-09-58-35.pdf%5C96821-2024-01-15-09-58-35.pdf",
        "periodicity": "periodic"
    },
    {
        "equity_ticker": "OKTA",
        "geography": "US",
        "content_name": "OKTA Q2 2019 Transcript",
        "file_type": "pdf",
        "content_type": "earnings_transcript",
        "published_date": "2018-09-06",
        "fiscal_date": "2018-09-06",
        "fiscal_year": 2019,
        "fiscal_quarter": 2,
        "r2_url": "https://pub-2c783279b61043e19fbdadd1bee5153a.r2.dev/OKTA/2018-09-06/Okta%2C%20Inc._2018-09-06_transcript/Okta%2C%20Inc._2018-09-06_transcript.pdf%5COkta%2C%20Inc._2018-09-06_transcript.pdf",
        "periodicity": "periodic"
    },
    {
        "equity_ticker": "OKTA",
        "geography": "US",
        "content_name": "OKTA Q2 2019 Press Release",
        "file_type": "pdf",
        "content_type": "earnings_press_release",
        "published_date": "2018-09-06",
        "fiscal_date": "2018-09-06",
        "fiscal_year": 2019,
        "fiscal_quarter": 2,
        "r2_url": "https://pub-2c783279b61043e19fbdadd1bee5153a.r2.dev/OKTA/2018-09-06/ac8bb-2024-01-15-09-53-39/ac8bb-2024-01-15-09-53-39.pdf%5Cac8bb-2024-01-15-09-53-39.pdf",
        "periodicity": "periodic"
    },
    {
        "equity_ticker": "OKTA",
        "geography": "US",
        "content_name": "OKTA Q1 2019 Transcript",
        "file_type": "pdf",
        "content_type": "earnings_transcript",
        "published_date": "2018-06-06",
        "fiscal_date": "2018-06-06",
        "fiscal_year": 2019,
        "fiscal_quarter": 1,
        "r2_url": "https://pub-2c783279b61043e19fbdadd1bee5153a.r2.dev/OKTA/2018-06-06/Okta%2C%20Inc._2018-06-06_transcript/Okta%2C%20Inc._2018-06-06_transcript.pdf%5COkta%2C%20Inc._2018-06-06_transcript.pdf",
        "periodicity": "periodic"
    },
    {
        "equity_ticker": "OKTA",
        "geography": "US",
        "content_name": "OKTA Q1 2019 Press Release",
        "file_type": "pdf",
        "content_type": "earnings_press_release",
        "published_date": "2018-06-06",
        "fiscal_date": "2018-06-06",
        "fiscal_year": 2019,
        "fiscal_quarter": 1,
        "r2_url": "https://pub-2c783279b61043e19fbdadd1bee5153a.r2.dev/OKTA/2018-06-06/61384-2024-01-15-09-40-42/61384-2024-01-15-09-40-42.pdf%5C61384-2024-01-15-09-40-42.pdf",
        "periodicity": "periodic"
    },
    {
        "equity_ticker": "OKTA",
        "geography": "US",
        "content_name": "OKTA Q4 2018 Transcript",
        "file_type": "pdf",
        "content_type": "earnings_transcript",
        "published_date": "2018-03-07",
        "fiscal_date": "2018-03-07",
        "fiscal_year": 2018,
        "fiscal_quarter": 4,
        "r2_url": "https://pub-2c783279b61043e19fbdadd1bee5153a.r2.dev/OKTA/2018-03-07/Okta%2C%20Inc._2018-03-07_transcript/Okta%2C%20Inc._2018-03-07_transcript.pdf%5COkta%2C%20Inc._2018-03-07_transcript.pdf",
        "periodicity": "periodic"
    },
    {
        "equity_ticker": "OKTA",
        "geography": "US",
        "content_name": "OKTA Q4 2018 Press Release",
        "file_type": "pdf",
        "content_type": "earnings_press_release",
        "published_date": "2018-03-07",
        "fiscal_date": "2018-03-07",
        "fiscal_year": 2018,
        "fiscal_quarter": 4,
        "r2_url": "https://pub-2c783279b61043e19fbdadd1bee5153a.r2.dev/OKTA/2018-03-07/f8647-2024-01-15-09-51-47/f8647-2024-01-15-09-51-47.pdf%5Cf8647-2024-01-15-09-51-47.pdf",
        "periodicity": "periodic"
    },
    {
        "equity_ticker": "OKTA",
        "geography": "US",
        "content_name": "OKTA Q4 2018 Presentation",
        "file_type": "pdf",
        "content_type": "earnings_presentation",
        "published_date": "2018-03-07",
        "fiscal_date": "2018-03-07",
        "fiscal_year": 2018,
        "fiscal_quarter": 4,
        "r2_url": "https://pub-2c783279b61043e19fbdadd1bee5153a.r2.dev/OKTA/2018-03-07/66729-2024-01-15-09-49-47/66729-2024-01-15-09-49-47.pdf%5C66729-2024-01-15-09-49-47.pdf",
        "periodicity": "periodic"
    },
    {
        "equity_ticker": "OKTA",
        "geography": "US",
        "content_name": "OKTA Q3 2018 Transcript",
        "file_type": "pdf",
        "content_type": "earnings_transcript",
        "published_date": "2017-12-06",
        "fiscal_date": "2017-12-06",
        "fiscal_year": 2018,
        "fiscal_quarter": 3,
        "r2_url": "https://pub-2c783279b61043e19fbdadd1bee5153a.r2.dev/OKTA/2017-12-06/Okta%2C%20Inc._2017-12-06_transcript/Okta%2C%20Inc._2017-12-06_transcript.pdf%5COkta%2C%20Inc._2017-12-06_transcript.pdf",
        "periodicity": "periodic"
    },
    {
        "equity_ticker": "OKTA",
        "geography": "US",
        "content_name": "OKTA Q3 2018 Press Release",
        "file_type": "pdf",
        "content_type": "earnings_press_release",
        "published_date": "2017-12-06",
        "fiscal_date": "2017-12-06",
        "fiscal_year": 2018,
        "fiscal_quarter": 3,
        "r2_url": "https://pub-2c783279b61043e19fbdadd1bee5153a.r2.dev/OKTA/2017-12-06/49b77-2024-01-15-09-36-48/49b77-2024-01-15-09-36-48.pdf%5C49b77-2024-01-15-09-36-48.pdf",
        "periodicity": "periodic"
    },
    {
        "equity_ticker": "OKTA",
        "geography": "US",
        "content_name": "OKTA Q2 2018 Transcript",
        "file_type": "pdf",
        "content_type": "earnings_transcript",
        "published_date": "2017-09-07",
        "fiscal_date": "2017-09-07",
        "fiscal_year": 2018,
        "fiscal_quarter": 2,
        "r2_url": "https://pub-2c783279b61043e19fbdadd1bee5153a.r2.dev/OKTA/2017-09-07/Okta%2C%20Inc._2017-09-07_transcript/Okta%2C%20Inc._2017-09-07_transcript.pdf%5COkta%2C%20Inc._2017-09-07_transcript.pdf",
        "periodicity": "periodic"
    },
    {
        "equity_ticker": "OKTA",
        "geography": "US",
        "content_name": "OKTA Q2 2018 Press Release",
        "file_type": "pdf",
        "content_type": "earnings_press_release",
        "published_date": "2017-09-07",
        "fiscal_date": "2017-09-07",
        "fiscal_year": 2018,
        "fiscal_quarter": 2,
        "r2_url": "https://pub-2c783279b61043e19fbdadd1bee5153a.r2.dev/OKTA/2017-09-07/51615-2024-01-15-09-04-49/51615-2024-01-15-09-04-49.pdf%5C51615-2024-01-15-09-04-49.pdf",
        "periodicity": "periodic"
    },
    {
        "equity_ticker": "OKTA",
        "geography": "US",
        "content_name": "OKTA Q1 2018 Transcript",
        "file_type": "pdf",
        "content_type": "earnings_transcript",
        "published_date": "2017-06-07",
        "fiscal_date": "2017-06-07",
        "fiscal_year": 2018,
        "fiscal_quarter": 1,
        "r2_url": "https://pub-2c783279b61043e19fbdadd1bee5153a.r2.dev/OKTA/2017-06-07/Okta%2C%20Inc._2017-06-07_transcript/Okta%2C%20Inc._2017-06-07_transcript.pdf%5COkta%2C%20Inc._2017-06-07_transcript.pdf",
        "periodicity": "periodic"
    },
    {
        "equity_ticker": "OKTA",
        "geography": "US",
        "content_name": "OKTA Q1 2018 Press Release",
        "file_type": "pdf",
        "content_type": "earnings_press_release",
        "published_date": "2017-06-07",
        "fiscal_date": "2017-06-07",
        "fiscal_year": 2018,
        "fiscal_quarter": 1,
        "r2_url": "https://pub-2c783279b61043e19fbdadd1bee5153a.r2.dev/OKTA/2017-06-07/99cf4-2024-01-15-09-38-49/99cf4-2024-01-15-09-38-49.pdf%5C99cf4-2024-01-15-09-38-49.pdf",
        "periodicity": "periodic"
    },
    {
        "equity_ticker": "OKTA",
        "geography": "US",
        "content_name": "OKTA Q4 2025 10-K",
        "file_type": "pdf",
        "content_type": "annual_report",
        "published_date": "2025-03-05",
        "fiscal_date": "2025-01-31",
        "fiscal_year": 2025,
        "fiscal_quarter": 4,
        "r2_url": "https://pub-2c783279b61043e19fbdadd1bee5153a.r2.dev/OKTA/2025-03-05/okta-20250131.htm%5Cokta-20250131.pdf",
        "periodicity": "periodic"
      },
      {
        "equity_ticker": "OKTA",
        "geography": "US",
        "content_name": "OKTA Q3 2025 10-Q",
        "file_type": "pdf",
        "content_type": "quarterly_report",
        "published_date": "2024-12-03",
        "fiscal_date": "2024-10-31",
        "fiscal_year": 2025,
        "fiscal_quarter": 3,
        "r2_url": "https://pub-2c783279b61043e19fbdadd1bee5153a.r2.dev/OKTA/2024-12-03/okta-20241031.htm%5Cokta-20241031.pdf",
        "periodicity": "periodic"
      },
      {
        "equity_ticker": "OKTA",
        "geography": "US",
        "content_name": "OKTA Q2 2025 10-Q",
        "file_type": "pdf",
        "content_type": "quarterly_report",
        "published_date": "2024-08-29",
        "fiscal_date": "2024-07-31",
        "fiscal_year": 2025,
        "fiscal_quarter": 2,
        "r2_url": "https://pub-2c783279b61043e19fbdadd1bee5153a.r2.dev/OKTA/2024-08-29/okta-20240731.htm%5Cokta-20240731.pdf",
        "periodicity": "periodic"
      },
      {
        "equity_ticker": "OKTA",
        "geography": "US",
        "content_name": "OKTA Q1 2025 10-Q",
        "file_type": "pdf",
        "content_type": "quarterly_report",
        "published_date": "2024-05-29",
        "fiscal_date": "2024-04-30",
        "fiscal_year": 2025,
        "fiscal_quarter": 1,
        "r2_url": "https://pub-2c783279b61043e19fbdadd1bee5153a.r2.dev/OKTA/2024-05-29/okta-20240430.htm%5Cokta-20240430.pdf",
        "periodicity": "periodic"
      },
      {
        "equity_ticker": "OKTA",
        "geography": "US",
        "content_name": "OKTA Q4 2024 10-K",
        "file_type": "pdf",
        "content_type": "annual_report",
        "published_date": "2024-03-01",
        "fiscal_date": "2024-01-31",
        "fiscal_year": 2024,
        "fiscal_quarter": 4,
        "r2_url": "https://pub-2c783279b61043e19fbdadd1bee5153a.r2.dev/OKTA/2024-03-01/okta-20240131.htm%5Cokta-20240131.pdf",
        "periodicity": "periodic"
      },
      {
        "equity_ticker": "OKTA",
        "geography": "US",
        "content_name": "OKTA Q3 2024 10-Q",
        "file_type": "pdf",
        "content_type": "quarterly_report",
        "published_date": "2023-12-01",
        "fiscal_date": "2023-10-31",
        "fiscal_year": 2024,
        "fiscal_quarter": 3,
        "r2_url": "https://pub-2c783279b61043e19fbdadd1bee5153a.r2.dev/OKTA/2023-12-01/okta-20231031.htm%5Cokta-20231031.pdf",
        "periodicity": "periodic"
      },
      {
        "equity_ticker": "OKTA",
        "geography": "US",
        "content_name": "OKTA Q2 2024 10-Q",
        "file_type": "pdf",
        "content_type": "quarterly_report",
        "published_date": "2023-08-30",
        "fiscal_date": "2023-07-31",
        "fiscal_year": 2024,
        "fiscal_quarter": 2,
        "r2_url": "https://pub-2c783279b61043e19fbdadd1bee5153a.r2.dev/OKTA/2023-08-30/okta-20230731.htm%5Cokta-20230731.pdf",
        "periodicity": "periodic"
      },
      {
        "equity_ticker": "OKTA",
        "geography": "US",
        "content_name": "OKTA Q1 2024 10-Q",
        "file_type": "pdf",
        "content_type": "quarterly_report",
        "published_date": "2023-05-31",
        "fiscal_date": "2023-04-30",
        "fiscal_year": 2024,
        "fiscal_quarter": 1,
        "r2_url": "https://pub-2c783279b61043e19fbdadd1bee5153a.r2.dev/OKTA/2023-05-31/okta-20230430.htm%5Cokta-20230430.pdf",
        "periodicity": "periodic"
      },
      {
        "equity_ticker": "OKTA",
        "geography": "US",
        "content_name": "OKTA Q4 2023 10-K",
        "file_type": "pdf",
        "content_type": "annual_report",
        "published_date": "2023-03-03",
        "fiscal_date": "2023-01-31",
        "fiscal_year": 2023,
        "fiscal_quarter": 4,
        "r2_url": "https://pub-2c783279b61043e19fbdadd1bee5153a.r2.dev/OKTA/2023-03-03/okta-20230131.htm%5Cokta-20230131.pdf",
        "periodicity": "periodic"
      },
      {
        "equity_ticker": "OKTA",
        "geography": "US",
        "content_name": "OKTA Q3 2023 10-Q",
        "file_type": "pdf",
        "content_type": "quarterly_report",
        "published_date": "2022-11-30",
        "fiscal_date": "2022-10-31",
        "fiscal_year": 2023,
        "fiscal_quarter": 3,
        "r2_url": "https://pub-2c783279b61043e19fbdadd1bee5153a.r2.dev/OKTA/2022-11-30/okta-20221031.htm%5Cokta-20221031.pdf",
        "periodicity": "periodic"
      },
      {
        "equity_ticker": "OKTA",
        "geography": "US",
        "content_name": "OKTA Q2 2023 10-Q",
        "file_type": "pdf",
        "content_type": "quarterly_report",
        "published_date": "2022-08-31",
        "fiscal_date": "2022-07-31",
        "fiscal_year": 2023,
        "fiscal_quarter": 2,
        "r2_url": "https://pub-2c783279b61043e19fbdadd1bee5153a.r2.dev/OKTA/2022-08-31/okta-20220731.htm%5Cokta-20220731.pdf",
        "periodicity": "periodic"
      },
      {
        "equity_ticker": "OKTA",
        "geography": "US",
        "content_name": "OKTA Q1 2023 10-Q",
        "file_type": "pdf",
        "content_type": "quarterly_report",
        "published_date": "2022-06-02",
        "fiscal_date": "2022-04-30",
        "fiscal_year": 2023,
        "fiscal_quarter": 1,
        "r2_url": "https://pub-2c783279b61043e19fbdadd1bee5153a.r2.dev/OKTA/2022-06-02/okta-20220430.htm%5Cokta-20220430.pdf",
        "periodicity": "periodic"
      },
      {
        "equity_ticker": "OKTA",
        "geography": "US",
        "content_name": "OKTA Q4 2022 10-K",
        "file_type": "pdf",
        "content_type": "annual_report",
        "published_date": "2022-03-07",
        "fiscal_date": "2022-01-31",
        "fiscal_year": 2022,
        "fiscal_quarter": 4,
        "r2_url": "https://pub-2c783279b61043e19fbdadd1bee5153a.r2.dev/OKTA/2022-03-07/okta-20220131.htm%5Cokta-20220131.pdf",
        "periodicity": "periodic"
      },
      {
        "equity_ticker": "OKTA",
        "geography": "US",
        "content_name": "OKTA Q3 2022 10-Q",
        "file_type": "pdf",
        "content_type": "quarterly_report",
        "published_date": "2021-12-01",
        "fiscal_date": "2021-10-31",
        "fiscal_year": 2022,
        "fiscal_quarter": 3,
        "r2_url": "https://pub-2c783279b61043e19fbdadd1bee5153a.r2.dev/OKTA/2021-12-01/okta-20211031.htm%5Cokta-20211031.pdf",
        "periodicity": "periodic"
      },
      {
        "equity_ticker": "OKTA",
        "geography": "US",
        "content_name": "OKTA Q2 2022 10-Q",
        "file_type": "pdf",
        "content_type": "quarterly_report",
        "published_date": "2021-09-01",
        "fiscal_date": "2021-07-31",
        "fiscal_year": 2022,
        "fiscal_quarter": 2,
        "r2_url": "https://pub-2c783279b61043e19fbdadd1bee5153a.r2.dev/OKTA/2021-09-01/okta-20210731.htm%5Cokta-20210731.pdf",
        "periodicity": "periodic"
      },
      {
        "equity_ticker": "OKTA",
        "geography": "US",
        "content_name": "OKTA Q1 2022 10-Q",
        "file_type": "pdf",
        "content_type": "quarterly_report",
        "published_date": "2021-05-26",
        "fiscal_date": "2021-04-30",
        "fiscal_year": 2022,
        "fiscal_quarter": 1,
        "r2_url": "https://pub-2c783279b61043e19fbdadd1bee5153a.r2.dev/OKTA/2021-05-26/okta-20210430.htm%5Cokta-20210430.pdf",
        "periodicity": "periodic"
      },
      {
        "equity_ticker": "OKTA",
        "geography": "US",
        "content_name": "OKTA Q4 2021 10-K",
        "file_type": "pdf",
        "content_type": "annual_report",
        "published_date": "2021-03-04",
        "fiscal_date": "2021-01-31",
        "fiscal_year": 2021,
        "fiscal_quarter": 4,
        "r2_url": "https://pub-2c783279b61043e19fbdadd1bee5153a.r2.dev/OKTA/2021-03-04/okta-20210131.htm%5Cokta-20210131.pdf",
        "periodicity": "periodic"
      },
      {
        "equity_ticker": "OKTA",
        "geography": "US",
        "content_name": "OKTA Q3 2021 10-Q",
        "file_type": "pdf",
        "content_type": "quarterly_report",
        "published_date": "2020-12-02",
        "fiscal_date": "2020-10-31",
        "fiscal_year": 2021,
        "fiscal_quarter": 3,
        "r2_url": "https://pub-2c783279b61043e19fbdadd1bee5153a.r2.dev/OKTA/2020-12-02/okta-20201031.htm%5Cokta-20201031.pdf",
        "periodicity": "periodic"
      },
      {
        "equity_ticker": "OKTA",
        "geography": "US",
        "content_name": "OKTA Q2 2021 10-Q",
        "file_type": "pdf",
        "content_type": "quarterly_report",
        "published_date": "2020-08-27",
        "fiscal_date": "2020-07-31",
        "fiscal_year": 2021,
        "fiscal_quarter": 2,
        "r2_url": "https://pub-2c783279b61043e19fbdadd1bee5153a.r2.dev/OKTA/2020-08-27/okta-731202010q.htm%5Cix.pdf",
        "periodicity": "periodic"
      },
      {
        "equity_ticker": "OKTA",
        "geography": "US",
        "content_name": "OKTA Q1 2021 10-Q",
        "file_type": "pdf",
        "content_type": "quarterly_report",
        "published_date": "2020-05-28",
        "fiscal_date": "2020-04-30",
        "fiscal_year": 2021,
        "fiscal_quarter": 1,
        "r2_url": "https://pub-2c783279b61043e19fbdadd1bee5153a.r2.dev/OKTA/2020-05-28/okta-430202010q.htm%5Cix.pdf",
        "periodicity": "periodic"
      },
      {
        "equity_ticker": "OKTA",
        "geography": "US",
        "content_name": "OKTA Q4 2020 10-K",
        "file_type": "pdf",
        "content_type": "annual_report",
        "published_date": "2020-03-05",
        "fiscal_date": "2020-01-31",
        "fiscal_year": 2020,
        "fiscal_quarter": 4,
        "r2_url": "https://pub-2c783279b61043e19fbdadd1bee5153a.r2.dev/OKTA/2020-03-05/okta-131202010k.htm%5Cix.pdf",
        "periodicity": "periodic"
      },
      {
        "equity_ticker": "OKTA",
        "geography": "US",
        "content_name": "OKTA Q3 2020 10-Q",
        "file_type": "pdf",
        "content_type": "quarterly_report",
        "published_date": "2019-12-05",
        "fiscal_date": "2019-10-31",
        "fiscal_year": 2020,
        "fiscal_quarter": 3,
        "r2_url": "https://pub-2c783279b61043e19fbdadd1bee5153a.r2.dev/OKTA/2019-12-05/okta-1031201910q.htm%5Cix.pdf",
        "periodicity": "periodic"
      },
      {
        "equity_ticker": "OKTA",
        "geography": "US",
        "content_name": "OKTA Q2 2020 10-Q",
        "file_type": "pdf",
        "content_type": "quarterly_report",
        "published_date": "2019-08-28",
        "fiscal_date": "2019-07-31",
        "fiscal_year": 2020,
        "fiscal_quarter": 2,
        "r2_url": "https://pub-2c783279b61043e19fbdadd1bee5153a.r2.dev/OKTA/2019-08-28/okta-731201910q.htm%5Cix.pdf",
        "periodicity": "periodic"
      },
      {
        "equity_ticker": "OKTA",
        "geography": "US",
        "content_name": "OKTA Q1 2020 10-Q",
        "file_type": "pdf",
        "content_type": "quarterly_report",
        "published_date": "2019-05-30",
        "fiscal_date": "2019-04-30",
        "fiscal_year": 2020,
        "fiscal_quarter": 1,
        "r2_url": "https://pub-2c783279b61043e19fbdadd1bee5153a.r2.dev/OKTA/2019-05-30/okta-4302019_10q.htm%5Cokta-4302019_10q.pdf",
        "periodicity": "periodic"
      },
      {
        "equity_ticker": "OKTA",
        "geography": "US",
        "content_name": "OKTA Q4 2019 10-K",
        "file_type": "pdf",
        "content_type": "annual_report",
        "published_date": "2019-03-14",
        "fiscal_date": "2019-01-31",
        "fiscal_year": 2019,
        "fiscal_quarter": 4,
        "r2_url": "https://pub-2c783279b61043e19fbdadd1bee5153a.r2.dev/OKTA/2019-03-14/okta-1312019_10k.htm%5Cokta-1312019_10k.pdf",
        "periodicity": "periodic"
      },
      {
        "equity_ticker": "OKTA",
        "geography": "US",
        "content_name": "OKTA Q3 2019 10-Q",
        "file_type": "pdf",
        "content_type": "quarterly_report",
        "published_date": "2018-12-06",
        "fiscal_date": "2018-10-31",
        "fiscal_year": 2019,
        "fiscal_quarter": 3,
        "r2_url": "https://pub-2c783279b61043e19fbdadd1bee5153a.r2.dev/OKTA/2018-12-06/okta-10312018_10q.htm%5Cokta-10312018_10q.pdf",
        "periodicity": "periodic"
      },
      {
        "equity_ticker": "OKTA",
        "geography": "US",
        "content_name": "OKTA Q2 2019 10-Q",
        "file_type": "pdf",
        "content_type": "quarterly_report",
        "published_date": "2018-09-07",
        "fiscal_date": "2018-07-31",
        "fiscal_year": 2019,
        "fiscal_quarter": 2,
        "r2_url": "https://pub-2c783279b61043e19fbdadd1bee5153a.r2.dev/OKTA/2018-09-07/okta-7312018_10q.htm%5Cokta-7312018_10q.pdf",
        "periodicity": "periodic"
      },
      {
        "equity_ticker": "OKTA",
        "geography": "US",
        "content_name": "OKTA Q1 2019 10-Q",
        "file_type": "pdf",
        "content_type": "quarterly_report",
        "published_date": "2018-06-07",
        "fiscal_date": "2018-04-30",
        "fiscal_year": 2019,
        "fiscal_quarter": 1,
        "r2_url": "https://pub-2c783279b61043e19fbdadd1bee5153a.r2.dev/OKTA/2018-06-07/okta-4302018_10q.htm%5Cokta-4302018_10q.pdf",
        "periodicity": "periodic"
      },
      {
        "equity_ticker": "OKTA",
        "geography": "US",
        "content_name": "OKTA Q4 2018 10-K",
        "file_type": "pdf",
        "content_type": "annual_report",
        "published_date": "2018-03-12",
        "fiscal_date": "2018-01-31",
        "fiscal_year": 2018,
        "fiscal_quarter": 4,
        "r2_url": "https://pub-2c783279b61043e19fbdadd1bee5153a.r2.dev/OKTA/2018-03-12/okta-1312018_10k.htm%5Cokta-1312018_10k.pdf",
        "periodicity": "periodic"
      },
      {
        "equity_ticker": "OKTA",
        "geography": "US",
        "content_name": "OKTA Q3 2018 10-Q",
        "file_type": "pdf",
        "content_type": "quarterly_report",
        "published_date": "2017-12-06",
        "fiscal_date": "2017-10-31",
        "fiscal_year": 2018,
        "fiscal_quarter": 3,
        "r2_url": "https://pub-2c783279b61043e19fbdadd1bee5153a.r2.dev/OKTA/2017-12-06/okta-10312017_10q.htm%5Cokta-10312017_10q.pdf",
        "periodicity": "periodic"
      },
      {
        "equity_ticker": "OKTA",
        "geography": "US",
        "content_name": "OKTA Q2 2018 10-Q",
        "file_type": "pdf",
        "content_type": "quarterly_report",
        "published_date": "2017-09-07",
        "fiscal_date": "2017-07-31",
        "fiscal_year": 2018,
        "fiscal_quarter": 2,
        "r2_url": "https://pub-2c783279b61043e19fbdadd1bee5153a.r2.dev/OKTA/2017-09-07/okta-07312017_10q.htm%5Cokta-07312017_10q.pdf",
        "periodicity": "periodic"
      },
      {
        "equity_ticker": "OKTA",
        "geography": "US",
        "content_name": "OKTA Q1 2018 10-Q",
        "file_type": "pdf",
        "content_type": "quarterly_report",
        "published_date": "2017-06-08",
        "fiscal_date": "2017-04-30",
        "fiscal_year": 2018,
        "fiscal_quarter": 1,
        "r2_url": "https://pub-2c783279b61043e19fbdadd1bee5153a.r2.dev/OKTA/2017-06-08/okta-04302017_10q.htm%5Cokta-04302017_10q.pdf",
        "periodicity": "periodic"
      }
]