[
  {
    "equity_ticker": "PAYC",
    "geography": "US",
    "content_name": "PAYC Q4 2024 Transcript",
    "file_type": "pdf",
    "content_type": "earnings_transcript",
    "published_date": "2025-02-12",
    "fiscal_date": "2025-02-12",
    "fiscal_year": 2024,
    "fiscal_quarter": 4,
    "r2_url": "https://pub-2c783279b61043e19fbdadd1bee5153a.r2.dev/PAYC/2025-02-12/Paycom%20Software%2C%20Inc._2025-02-12_transcript/Paycom%20Software%2C%20Inc._2025-02-12_transcript.pdf/Paycom%20Software%2C%20Inc._2025-02-12_transcript.pdf",
    "periodicity": "periodic"
  },
  {
    "equity_ticker": "PAYC",
    "geography": "US",
    "content_name": "PAYC Q4 2024 Press Release",
    "file_type": "pdf",
    "content_type": "earnings_press_release",
    "published_date": "2025-02-12",
    "fiscal_date": "2025-02-12",
    "fiscal_year": 2024,
    "fiscal_quarter": 4,
    "r2_url": "https://pub-2c783279b61043e19fbdadd1bee5153a.r2.dev/PAYC/2025-02-12/07552-2025-02-12-09-02-08/07552-2025-02-12-09-02-08.pdf/07552-2025-02-12-09-02-08.pdf",
    "periodicity": "periodic"
  },
  {
    "equity_ticker": "PAYC",
    "geography": "US",
    "content_name": "Barclays 22nd Annual Global Technology Conference 2024 - December 11, 2024",
    "file_type": "pdf",
    "content_type": "sellside_conference_transcript",
    "published_date": "2024-12-11",
    "fiscal_date": "2024-12-11",
    "fiscal_year": null,
    "fiscal_quarter": null,
    "r2_url": "https://pub-2c783279b61043e19fbdadd1bee5153a.r2.dev/PAYC/2024-12-11/Paycom%20Software%2C%20Inc._2024-12-11_transcript/Paycom%20Software%2C%20Inc._2024-12-11_transcript.pdf/Paycom%20Software%2C%20Inc._2024-12-11_transcript.pdf",
    "periodicity": "non_periodic"
  },
  {
    "equity_ticker": "PAYC",
    "geography": "US",
    "content_name": "PAYC Q3 2024 Transcript",
    "file_type": "pdf",
    "content_type": "earnings_transcript",
    "published_date": "2024-10-30",
    "fiscal_date": "2024-10-30",
    "fiscal_year": 2024,
    "fiscal_quarter": 3,
    "r2_url": "https://pub-2c783279b61043e19fbdadd1bee5153a.r2.dev/PAYC/2024-10-30/Paycom%20Software%2C%20Inc._2024-10-30_transcript/Paycom%20Software%2C%20Inc._2024-10-30_transcript.pdf/Paycom%20Software%2C%20Inc._2024-10-30_transcript.pdf",
    "periodicity": "periodic"
  },
  {
    "equity_ticker": "PAYC",
    "geography": "US",
    "content_name": "PAYC Q3 2024 Press Release",
    "file_type": "pdf",
    "content_type": "earnings_press_release",
    "published_date": "2024-10-30",
    "fiscal_date": "2024-10-30",
    "fiscal_year": 2024,
    "fiscal_quarter": 3,
    "r2_url": "https://pub-2c783279b61043e19fbdadd1bee5153a.r2.dev/PAYC/2024-10-30/53345-2024-10-30-08-55-09/53345-2024-10-30-08-55-09.pdf/53345-2024-10-30-08-55-09.pdf",
    "periodicity": "periodic"
  },
  {
    "equity_ticker": "PAYC",
    "geography": "US",
    "content_name": "PAYC Q2 2024 Transcript",
    "file_type": "pdf",
    "content_type": "earnings_transcript",
    "published_date": "2024-07-31",
    "fiscal_date": "2024-07-31",
    "fiscal_year": 2024,
    "fiscal_quarter": 2,
    "r2_url": "https://pub-2c783279b61043e19fbdadd1bee5153a.r2.dev/PAYC/2024-07-31/Paycom%20Software%2C%20Inc._2024-07-31_transcript/Paycom%20Software%2C%20Inc._2024-07-31_transcript.pdf/Paycom%20Software%2C%20Inc._2024-07-31_transcript.pdf",
    "periodicity": "periodic"
  },
  {
    "equity_ticker": "PAYC",
    "geography": "US",
    "content_name": "PAYC Q2 2024 Press Release",
    "file_type": "pdf",
    "content_type": "earnings_press_release",
    "published_date": "2024-07-31",
    "fiscal_date": "2024-07-31",
    "fiscal_year": 2024,
    "fiscal_quarter": 2,
    "r2_url": "https://pub-2c783279b61043e19fbdadd1bee5153a.r2.dev/PAYC/2024-07-31/fc63a-2024-07-31-08-33-12/fc63a-2024-07-31-08-33-12.pdf/fc63a-2024-07-31-08-33-12.pdf",
    "periodicity": "periodic"
  },
  {
    "equity_ticker": "PAYC",
    "geography": "US",
    "content_name": "PAYC Q1 2024 Transcript",
    "file_type": "pdf",
    "content_type": "earnings_transcript",
    "published_date": "2024-05-01",
    "fiscal_date": "2024-05-01",
    "fiscal_year": 2024,
    "fiscal_quarter": 1,
    "r2_url": "https://pub-2c783279b61043e19fbdadd1bee5153a.r2.dev/PAYC/2024-05-01/Paycom%20Software%2C%20Inc._2024-05-01_transcript/Paycom%20Software%2C%20Inc._2024-05-01_transcript.pdf/Paycom%20Software%2C%20Inc._2024-05-01_transcript.pdf",
    "periodicity": "periodic"
  },
  {
    "equity_ticker": "PAYC",
    "geography": "US",
    "content_name": "PAYC Q1 2024 Press Release",
    "file_type": "pdf",
    "content_type": "earnings_press_release",
    "published_date": "2024-05-01",
    "fiscal_date": "2024-05-01",
    "fiscal_year": 2024,
    "fiscal_quarter": 1,
    "r2_url": "https://pub-2c783279b61043e19fbdadd1bee5153a.r2.dev/PAYC/2024-05-01/6407b-2024-05-01-08-57-08/6407b-2024-05-01-08-57-08.pdf/6407b-2024-05-01-08-57-08.pdf",
    "periodicity": "periodic"
  },
  {
    "equity_ticker": "PAYC",
    "geography": "US",
    "content_name": "PAYC Q4 2023 Transcript",
    "file_type": "pdf",
    "content_type": "earnings_transcript",
    "published_date": "2024-02-07",
    "fiscal_date": "2024-02-07",
    "fiscal_year": 2023,
    "fiscal_quarter": 4,
    "r2_url": "https://pub-2c783279b61043e19fbdadd1bee5153a.r2.dev/PAYC/2024-02-07/Paycom%20Software%2C%20Inc._2024-02-07_transcript/Paycom%20Software%2C%20Inc._2024-02-07_transcript.pdf/Paycom%20Software%2C%20Inc._2024-02-07_transcript.pdf",
    "periodicity": "periodic"
  },
  {
    "equity_ticker": "PAYC",
    "geography": "US",
    "content_name": "PAYC Q4 2023 Press Release",
    "file_type": "pdf",
    "content_type": "earnings_press_release",
    "published_date": "2024-02-07",
    "fiscal_date": "2024-02-07",
    "fiscal_year": 2023,
    "fiscal_quarter": 4,
    "r2_url": "https://pub-2c783279b61043e19fbdadd1bee5153a.r2.dev/PAYC/2024-02-07/6194f-2024-02-07-09-35-24/6194f-2024-02-07-09-35-24.pdf/6194f-2024-02-07-09-35-24.pdf",
    "periodicity": "periodic"
  },
  {
    "equity_ticker": "PAYC",
    "geography": "US",
    "content_name": "Barclays Global Technology Conference - December 6, 2023",
    "file_type": "pdf",
    "content_type": "sellside_conference_transcript",
    "published_date": "2023-12-06",
    "fiscal_date": "2023-12-06",
    "fiscal_year": null,
    "fiscal_quarter": null,
    "r2_url": "https://pub-2c783279b61043e19fbdadd1bee5153a.r2.dev/PAYC/2023-12-06/Paycom%20Software%2C%20Inc._2023-12-06_transcript/Paycom%20Software%2C%20Inc._2023-12-06_transcript.pdf/Paycom%20Software%2C%20Inc._2023-12-06_transcript.pdf",
    "periodicity": "non_periodic"
  },
  {
    "equity_ticker": "PAYC",
    "geography": "US",
    "content_name": "PAYC Q3 2023 Transcript",
    "file_type": "pdf",
    "content_type": "earnings_transcript",
    "published_date": "2023-10-31",
    "fiscal_date": "2023-10-31",
    "fiscal_year": 2023,
    "fiscal_quarter": 3,
    "r2_url": "https://pub-2c783279b61043e19fbdadd1bee5153a.r2.dev/PAYC/2023-10-31/Paycom%20Software%2C%20Inc._2023-10-31_transcript/Paycom%20Software%2C%20Inc._2023-10-31_transcript.pdf/Paycom%20Software%2C%20Inc._2023-10-31_transcript.pdf",
    "periodicity": "periodic"
  },
  {
    "equity_ticker": "PAYC",
    "geography": "US",
    "content_name": "PAYC Q3 2023 Press Release",
    "file_type": "pdf",
    "content_type": "earnings_press_release",
    "published_date": "2023-10-31",
    "fiscal_date": "2023-10-31",
    "fiscal_year": 2023,
    "fiscal_quarter": 3,
    "r2_url": "https://pub-2c783279b61043e19fbdadd1bee5153a.r2.dev/PAYC/2023-10-31/a6a4b-2023-10-31-08-11-16/a6a4b-2023-10-31-08-11-16.pdf/a6a4b-2023-10-31-08-11-16.pdf",
    "periodicity": "periodic"
  },
  {
    "equity_ticker": "PAYC",
    "geography": "US",
    "content_name": "PAYC Q2 2023 Transcript",
    "file_type": "pdf",
    "content_type": "earnings_transcript",
    "published_date": "2023-08-01",
    "fiscal_date": "2023-08-01",
    "fiscal_year": 2023,
    "fiscal_quarter": 2,
    "r2_url": "https://pub-2c783279b61043e19fbdadd1bee5153a.r2.dev/PAYC/2023-08-01/Paycom%20Software%2C%20Inc._2023-08-01_transcript/Paycom%20Software%2C%20Inc._2023-08-01_transcript.pdf/Paycom%20Software%2C%20Inc._2023-08-01_transcript.pdf",
    "periodicity": "periodic"
  },
  {
    "equity_ticker": "PAYC",
    "geography": "US",
    "content_name": "PAYC Q2 2023 Press Release",
    "file_type": "pdf",
    "content_type": "earnings_press_release",
    "published_date": "2023-08-01",
    "fiscal_date": "2023-08-01",
    "fiscal_year": 2023,
    "fiscal_quarter": 2,
    "r2_url": "https://pub-2c783279b61043e19fbdadd1bee5153a.r2.dev/PAYC/2023-08-01/c0818-2023-08-01-08-08-07/c0818-2023-08-01-08-08-07.pdf/c0818-2023-08-01-08-08-07.pdf",
    "periodicity": "periodic"
  },
  {
    "equity_ticker": "PAYC",
    "geography": "US",
    "content_name": "PAYC Q1 2023 Transcript",
    "file_type": "pdf",
    "content_type": "earnings_transcript",
    "published_date": "2023-05-02",
    "fiscal_date": "2023-05-02",
    "fiscal_year": 2023,
    "fiscal_quarter": 1,
    "r2_url": "https://pub-2c783279b61043e19fbdadd1bee5153a.r2.dev/PAYC/2023-05-02/Paycom%20Software%2C%20Inc._2023-05-02_transcript/Paycom%20Software%2C%20Inc._2023-05-02_transcript.pdf/Paycom%20Software%2C%20Inc._2023-05-02_transcript.pdf",
    "periodicity": "periodic"
  },
  {
    "equity_ticker": "PAYC",
    "geography": "US",
    "content_name": "PAYC Q1 2023 Press Release",
    "file_type": "pdf",
    "content_type": "earnings_press_release",
    "published_date": "2023-05-02",
    "fiscal_date": "2023-05-02",
    "fiscal_year": 2023,
    "fiscal_quarter": 1,
    "r2_url": "https://pub-2c783279b61043e19fbdadd1bee5153a.r2.dev/PAYC/2023-05-02/68217-2023-05-02-08-15-08/68217-2023-05-02-08-15-08.pdf/68217-2023-05-02-08-15-08.pdf",
    "periodicity": "periodic"
  },
  {
    "equity_ticker": "PAYC",
    "geography": "US",
    "content_name": "PAYC Q4 2022 Transcript",
    "file_type": "pdf",
    "content_type": "earnings_transcript",
    "published_date": "2023-02-07",
    "fiscal_date": "2023-02-07",
    "fiscal_year": 2022,
    "fiscal_quarter": 4,
    "r2_url": "https://pub-2c783279b61043e19fbdadd1bee5153a.r2.dev/PAYC/2023-02-07/Paycom%20Software%2C%20Inc._2023-02-07_transcript/Paycom%20Software%2C%20Inc._2023-02-07_transcript.pdf/Paycom%20Software%2C%20Inc._2023-02-07_transcript.pdf",
    "periodicity": "periodic"
  },
  {
    "equity_ticker": "PAYC",
    "geography": "US",
    "content_name": "PAYC Q4 2022 Press Release",
    "file_type": "pdf",
    "content_type": "earnings_press_release",
    "published_date": "2023-02-07",
    "fiscal_date": "2023-02-07",
    "fiscal_year": 2022,
    "fiscal_quarter": 4,
    "r2_url": "https://pub-2c783279b61043e19fbdadd1bee5153a.r2.dev/PAYC/2023-02-07/75864-2023-02-07-09-02-13/75864-2023-02-07-09-02-13.pdf/75864-2023-02-07-09-02-13.pdf",
    "periodicity": "periodic"
  },
  {
    "equity_ticker": "PAYC",
    "geography": "US",
    "content_name": "PAYC Q3 2022 Transcript",
    "file_type": "pdf",
    "content_type": "earnings_transcript",
    "published_date": "2022-11-01",
    "fiscal_date": "2022-11-01",
    "fiscal_year": 2022,
    "fiscal_quarter": 3,
    "r2_url": "https://pub-2c783279b61043e19fbdadd1bee5153a.r2.dev/PAYC/2022-11-01/Paycom%20Software%2C%20Inc._2022-11-01_transcript/Paycom%20Software%2C%20Inc._2022-11-01_transcript.pdf/Paycom%20Software%2C%20Inc._2022-11-01_transcript.pdf",
    "periodicity": "periodic"
  },
  {
    "equity_ticker": "PAYC",
    "geography": "US",
    "content_name": "PAYC Q3 2022 Press Release",
    "file_type": "pdf",
    "content_type": "quarterly_report",
    "published_date": "2022-11-01",
    "fiscal_date": "2022-11-01",
    "fiscal_year": 2022,
    "fiscal_quarter": 3,
    "r2_url": "https://pub-2c783279b61043e19fbdadd1bee5153a.r2.dev/PAYC/2022-11-01/5ba95-2024-08-29-10-43-31/5ba95-2024-08-29-10-43-31.pdf/5ba95-2024-08-29-10-43-31.pdf",
    "periodicity": "periodic"
  },
  {
    "equity_ticker": "PAYC",
    "geography": "US",
    "content_name": "PAYC Q2 2022 Transcript",
    "file_type": "pdf",
    "content_type": "earnings_transcript",
    "published_date": "2022-08-02",
    "fiscal_date": "2022-08-02",
    "fiscal_year": 2022,
    "fiscal_quarter": 2,
    "r2_url": "https://pub-2c783279b61043e19fbdadd1bee5153a.r2.dev/PAYC/2022-08-02/Paycom%20Software%2C%20Inc._2022-08-02_transcript/Paycom%20Software%2C%20Inc._2022-08-02_transcript.pdf/Paycom%20Software%2C%20Inc._2022-08-02_transcript.pdf",
    "periodicity": "periodic"
  },
  {
    "equity_ticker": "PAYC",
    "geography": "US",
    "content_name": "PAYC Q2 2022 Press Release",
    "file_type": "pdf",
    "content_type": "quarterly_report",
    "published_date": "2022-08-02",
    "fiscal_date": "2022-08-02",
    "fiscal_year": 2022,
    "fiscal_quarter": 2,
    "r2_url": "https://pub-2c783279b61043e19fbdadd1bee5153a.r2.dev/PAYC/2022-08-02/68c27-2024-08-29-10-34-31/68c27-2024-08-29-10-34-31.pdf/68c27-2024-08-29-10-34-31.pdf",
    "periodicity": "periodic"
  },
  {
    "equity_ticker": "PAYC",
    "geography": "US",
    "content_name": "PAYC Q1 2022 Transcript",
    "file_type": "pdf",
    "content_type": "earnings_transcript",
    "published_date": "2022-05-03",
    "fiscal_date": "2022-05-03",
    "fiscal_year": 2022,
    "fiscal_quarter": 1,
    "r2_url": "https://pub-2c783279b61043e19fbdadd1bee5153a.r2.dev/PAYC/2022-05-03/Paycom%20Software%2C%20Inc._2022-05-03_transcript/Paycom%20Software%2C%20Inc._2022-05-03_transcript.pdf/Paycom%20Software%2C%20Inc._2022-05-03_transcript.pdf",
    "periodicity": "periodic"
  },
  {
    "equity_ticker": "PAYC",
    "geography": "US",
    "content_name": "PAYC Q1 2022 Press Release",
    "file_type": "pdf",
    "content_type": "quarterly_report",
    "published_date": "2022-05-03",
    "fiscal_date": "2022-05-03",
    "fiscal_year": 2022,
    "fiscal_quarter": 1,
    "r2_url": "https://pub-2c783279b61043e19fbdadd1bee5153a.r2.dev/PAYC/2022-05-03/2fd21-2024-08-29-10-40-31/2fd21-2024-08-29-10-40-31.pdf/2fd21-2024-08-29-10-40-31.pdf",
    "periodicity": "periodic"
  },
  {
    "equity_ticker": "PAYC",
    "geography": "US",
    "content_name": "PAYC Q4 2021 Transcript",
    "file_type": "pdf",
    "content_type": "earnings_transcript",
    "published_date": "2022-02-08",
    "fiscal_date": "2022-02-08",
    "fiscal_year": 2021,
    "fiscal_quarter": 4,
    "r2_url": "https://pub-2c783279b61043e19fbdadd1bee5153a.r2.dev/PAYC/2022-02-08/Paycom%20Software%2C%20Inc._2022-02-08_transcript/Paycom%20Software%2C%20Inc._2022-02-08_transcript.pdf/Paycom%20Software%2C%20Inc._2022-02-08_transcript.pdf",
    "periodicity": "periodic"
  },
  {
    "equity_ticker": "PAYC",
    "geography": "US",
    "content_name": "PAYC Q4 2021 Press Release",
    "file_type": "pdf",
    "content_type": "earnings_press_release",
    "published_date": "2022-02-08",
    "fiscal_date": "2022-02-08",
    "fiscal_year": 2021,
    "fiscal_quarter": 4,
    "r2_url": "https://pub-2c783279b61043e19fbdadd1bee5153a.r2.dev/PAYC/2022-02-08/15126-2025-03-11-09-45-38/15126-2025-03-11-09-45-38.pdf/15126-2025-03-11-09-45-38.pdf",
    "periodicity": "periodic"
  },
  {
    "equity_ticker": "PAYC",
    "geography": "US",
    "content_name": "PAYC Q3 2021 Transcript",
    "file_type": "pdf",
    "content_type": "earnings_transcript",
    "published_date": "2021-11-02",
    "fiscal_date": "2021-11-02",
    "fiscal_year": 2021,
    "fiscal_quarter": 3,
    "r2_url": "https://pub-2c783279b61043e19fbdadd1bee5153a.r2.dev/PAYC/2021-11-02/Paycom%20Software%2C%20Inc._2021-11-02_transcript/Paycom%20Software%2C%20Inc._2021-11-02_transcript.pdf/Paycom%20Software%2C%20Inc._2021-11-02_transcript.pdf",
    "periodicity": "periodic"
  },
  {
    "equity_ticker": "PAYC",
    "geography": "US",
    "content_name": "PAYC Q3 2021 Press Release",
    "file_type": "pdf",
    "content_type": "quarterly_report",
    "published_date": "2021-11-02",
    "fiscal_date": "2021-11-02",
    "fiscal_year": 2021,
    "fiscal_quarter": 3,
    "r2_url": "https://pub-2c783279b61043e19fbdadd1bee5153a.r2.dev/PAYC/2021-11-02/00c23-2024-08-29-10-34-31/00c23-2024-08-29-10-34-31.pdf/00c23-2024-08-29-10-34-31.pdf",
    "periodicity": "periodic"
  },
  {
    "equity_ticker": "PAYC",
    "geography": "US",
    "content_name": "PAYC Q2 2021 Transcript",
    "file_type": "pdf",
    "content_type": "earnings_transcript",
    "published_date": "2021-08-03",
    "fiscal_date": "2021-08-03",
    "fiscal_year": 2021,
    "fiscal_quarter": 2,
    "r2_url": "https://pub-2c783279b61043e19fbdadd1bee5153a.r2.dev/PAYC/2021-08-03/Paycom%20Software%2C%20Inc._2021-08-03_transcript/Paycom%20Software%2C%20Inc._2021-08-03_transcript.pdf/Paycom%20Software%2C%20Inc._2021-08-03_transcript.pdf",
    "periodicity": "periodic"
  },
  {
    "equity_ticker": "PAYC",
    "geography": "US",
    "content_name": "PAYC Q2 2021 Press Release",
    "file_type": "pdf",
    "content_type": "earnings_press_release",
    "published_date": "2021-08-03",
    "fiscal_date": "2021-08-03",
    "fiscal_year": 2021,
    "fiscal_quarter": 2,
    "r2_url": "https://pub-2c783279b61043e19fbdadd1bee5153a.r2.dev/PAYC/2021-08-03/60111-2023-07-12-01-49-26/60111-2023-07-12-01-49-26.pdf/60111-2023-07-12-01-49-26.pdf",
    "periodicity": "periodic"
  },
  {
    "equity_ticker": "PAYC",
    "geography": "US",
    "content_name": "PAYC Q1 2021 Transcript",
    "file_type": "pdf",
    "content_type": "earnings_transcript",
    "published_date": "2021-05-04",
    "fiscal_date": "2021-05-04",
    "fiscal_year": 2021,
    "fiscal_quarter": 1,
    "r2_url": "https://pub-2c783279b61043e19fbdadd1bee5153a.r2.dev/PAYC/2021-05-04/Paycom%20Software%2C%20Inc._2021-05-04_transcript/Paycom%20Software%2C%20Inc._2021-05-04_transcript.pdf/Paycom%20Software%2C%20Inc._2021-05-04_transcript.pdf",
    "periodicity": "periodic"
  },
  {
    "equity_ticker": "PAYC",
    "geography": "US",
    "content_name": "PAYC Q1 2021 Press Release",
    "file_type": "pdf",
    "content_type": "quarterly_report",
    "published_date": "2021-05-04",
    "fiscal_date": "2021-05-04",
    "fiscal_year": 2021,
    "fiscal_quarter": 1,
    "r2_url": "https://pub-2c783279b61043e19fbdadd1bee5153a.r2.dev/PAYC/2021-05-04/d3ead-2024-08-29-10-40-31/d3ead-2024-08-29-10-40-31.pdf/d3ead-2024-08-29-10-40-31.pdf",
    "periodicity": "periodic"
  },
  {
    "equity_ticker": "PAYC",
    "geography": "US",
    "content_name": "PAYC Q4 2020 Transcript",
    "file_type": "pdf",
    "content_type": "earnings_transcript",
    "published_date": "2021-02-10",
    "fiscal_date": "2021-02-10",
    "fiscal_year": 2020,
    "fiscal_quarter": 4,
    "r2_url": "https://pub-2c783279b61043e19fbdadd1bee5153a.r2.dev/PAYC/2021-02-10/Paycom%20Software%2C%20Inc._2021-02-10_transcript/Paycom%20Software%2C%20Inc._2021-02-10_transcript.pdf/Paycom%20Software%2C%20Inc._2021-02-10_transcript.pdf",
    "periodicity": "periodic"
  },
  {
    "equity_ticker": "PAYC",
    "geography": "US",
    "content_name": "PAYC Q4 2020 Press Release",
    "file_type": "pdf",
    "content_type": "earnings_press_release",
    "published_date": "2021-02-10",
    "fiscal_date": "2021-02-10",
    "fiscal_year": 2020,
    "fiscal_quarter": 4,
    "r2_url": "https://pub-2c783279b61043e19fbdadd1bee5153a.r2.dev/PAYC/2021-02-10/af719-2022-10-13-08-53-36/af719-2022-10-13-08-53-36.pdf/af719-2022-10-13-08-53-36.pdf",
    "periodicity": "periodic"
  },
  {
    "equity_ticker": "PAYC",
    "geography": "US",
    "content_name": "PAYC Q3 2020 Transcript",
    "file_type": "pdf",
    "content_type": "earnings_transcript",
    "published_date": "2020-11-04",
    "fiscal_date": "2020-11-04",
    "fiscal_year": 2020,
    "fiscal_quarter": 3,
    "r2_url": "https://pub-2c783279b61043e19fbdadd1bee5153a.r2.dev/PAYC/2020-11-04/Paycom%20Software%2C%20Inc._2020-11-04_transcript/Paycom%20Software%2C%20Inc._2020-11-04_transcript.pdf/Paycom%20Software%2C%20Inc._2020-11-04_transcript.pdf",
    "periodicity": "periodic"
  },
  {
    "equity_ticker": "PAYC",
    "geography": "US",
    "content_name": "PAYC Q2 2020 Transcript",
    "file_type": "pdf",
    "content_type": "earnings_transcript",
    "published_date": "2020-08-04",
    "fiscal_date": "2020-08-04",
    "fiscal_year": 2020,
    "fiscal_quarter": 2,
    "r2_url": "https://pub-2c783279b61043e19fbdadd1bee5153a.r2.dev/PAYC/2020-08-04/Paycom%20Software%2C%20Inc._2020-08-04_transcript/Paycom%20Software%2C%20Inc._2020-08-04_transcript.pdf/Paycom%20Software%2C%20Inc._2020-08-04_transcript.pdf",
    "periodicity": "periodic"
  },
  {
    "equity_ticker": "PAYC",
    "geography": "US",
    "content_name": "PAYC Q1 2020 Transcript",
    "file_type": "pdf",
    "content_type": "earnings_transcript",
    "published_date": "2020-04-28",
    "fiscal_date": "2020-04-28",
    "fiscal_year": 2020,
    "fiscal_quarter": 1,
    "r2_url": "https://pub-2c783279b61043e19fbdadd1bee5153a.r2.dev/PAYC/2020-04-28/Paycom%20Software%2C%20Inc._2020-04-28_transcript/Paycom%20Software%2C%20Inc._2020-04-28_transcript.pdf/Paycom%20Software%2C%20Inc._2020-04-28_transcript.pdf",
    "periodicity": "periodic"
  },
  {
    "equity_ticker": "PAYC",
    "geography": "US",
    "content_name": "PAYC Q4 2019 Transcript",
    "file_type": "pdf",
    "content_type": "earnings_transcript",
    "published_date": "2020-02-05",
    "fiscal_date": "2020-02-05",
    "fiscal_year": 2019,
    "fiscal_quarter": 4,
    "r2_url": "https://pub-2c783279b61043e19fbdadd1bee5153a.r2.dev/PAYC/2020-02-05/Paycom%20Software%2C%20Inc._2020-02-05_transcript/Paycom%20Software%2C%20Inc._2020-02-05_transcript.pdf/Paycom%20Software%2C%20Inc._2020-02-05_transcript.pdf",
    "periodicity": "periodic"
  },
  {
    "equity_ticker": "PAYC",
    "geography": "US",
    "content_name": "PAYC Q3 2019 Transcript",
    "file_type": "pdf",
    "content_type": "earnings_transcript",
    "published_date": "2019-10-29",
    "fiscal_date": "2019-10-29",
    "fiscal_year": 2019,
    "fiscal_quarter": 3,
    "r2_url": "https://pub-2c783279b61043e19fbdadd1bee5153a.r2.dev/PAYC/2019-10-29/Paycom%20Software%2C%20Inc._2019-10-29_transcript/Paycom%20Software%2C%20Inc._2019-10-29_transcript.pdf/Paycom%20Software%2C%20Inc._2019-10-29_transcript.pdf",
    "periodicity": "periodic"
  },
  {
    "equity_ticker": "PAYC",
    "geography": "US",
    "content_name": "PAYC Q2 2019 Transcript",
    "file_type": "pdf",
    "content_type": "earnings_transcript",
    "published_date": "2019-07-30",
    "fiscal_date": "2019-07-30",
    "fiscal_year": 2019,
    "fiscal_quarter": 2,
    "r2_url": "https://pub-2c783279b61043e19fbdadd1bee5153a.r2.dev/PAYC/2019-07-30/Paycom%20Software%2C%20Inc._2019-07-30_transcript/Paycom%20Software%2C%20Inc._2019-07-30_transcript.pdf/Paycom%20Software%2C%20Inc._2019-07-30_transcript.pdf",
    "periodicity": "periodic"
  },
  {
    "equity_ticker": "PAYC",
    "geography": "US",
    "content_name": "PAYC Q1 2019 Transcript",
    "file_type": "pdf",
    "content_type": "earnings_transcript",
    "published_date": "2019-04-30",
    "fiscal_date": "2019-04-30",
    "fiscal_year": 2019,
    "fiscal_quarter": 1,
    "r2_url": "https://pub-2c783279b61043e19fbdadd1bee5153a.r2.dev/PAYC/2019-04-30/Paycom%20Software%2C%20Inc._2019-04-30_transcript/Paycom%20Software%2C%20Inc._2019-04-30_transcript.pdf/Paycom%20Software%2C%20Inc._2019-04-30_transcript.pdf",
    "periodicity": "periodic"
  },
  {
    "equity_ticker": "PAYC",
    "geography": "US",
    "content_name": "PAYC Q4 2018 Transcript",
    "file_type": "pdf",
    "content_type": "earnings_transcript",
    "published_date": "2019-02-05",
    "fiscal_date": "2019-02-05",
    "fiscal_year": 2018,
    "fiscal_quarter": 4,
    "r2_url": "https://pub-2c783279b61043e19fbdadd1bee5153a.r2.dev/PAYC/2019-02-05/Paycom%20Software%2C%20Inc._2019-02-05_transcript/Paycom%20Software%2C%20Inc._2019-02-05_transcript.pdf/Paycom%20Software%2C%20Inc._2019-02-05_transcript.pdf",
    "periodicity": "periodic"
  },
  {
    "equity_ticker": "PAYC",
    "geography": "US",
    "content_name": "PAYC Q4 2018 Press Release",
    "file_type": "pdf",
    "content_type": "earnings_press_release",
    "published_date": "2019-02-05",
    "fiscal_date": "2019-02-05",
    "fiscal_year": 2018,
    "fiscal_quarter": 4,
    "r2_url": "https://pub-2c783279b61043e19fbdadd1bee5153a.r2.dev/PAYC/2019-02-05/5e530-2023-09-22-07-58-02/5e530-2023-09-22-07-58-02.pdf/5e530-2023-09-22-07-58-02.pdf",
    "periodicity": "periodic"
  },
  {
    "equity_ticker": "PAYC",
    "geography": "US",
    "content_name": "PAYC Q3 2018 Transcript",
    "file_type": "pdf",
    "content_type": "earnings_transcript",
    "published_date": "2018-10-30",
    "fiscal_date": "2018-10-30",
    "fiscal_year": 2018,
    "fiscal_quarter": 3,
    "r2_url": "https://pub-2c783279b61043e19fbdadd1bee5153a.r2.dev/PAYC/2018-10-30/Paycom%20Software%2C%20Inc._2018-10-30_transcript/Paycom%20Software%2C%20Inc._2018-10-30_transcript.pdf/Paycom%20Software%2C%20Inc._2018-10-30_transcript.pdf",
    "periodicity": "periodic"
  },
  {
    "equity_ticker": "PAYC",
    "geography": "US",
    "content_name": "PAYC Q3 2018 Press Release",
    "file_type": "pdf",
    "content_type": "earnings_press_release",
    "published_date": "2018-10-30",
    "fiscal_date": "2018-10-30",
    "fiscal_year": 2018,
    "fiscal_quarter": 3,
    "r2_url": "https://pub-2c783279b61043e19fbdadd1bee5153a.r2.dev/PAYC/2018-10-30/80bb0-2023-09-22-07-45-03/80bb0-2023-09-22-07-45-03.pdf/80bb0-2023-09-22-07-45-03.pdf",
    "periodicity": "periodic"
  },
  {
    "equity_ticker": "PAYC",
    "geography": "US",
    "content_name": "PAYC Q2 2018 Transcript",
    "file_type": "pdf",
    "content_type": "earnings_transcript",
    "published_date": "2018-07-31",
    "fiscal_date": "2018-07-31",
    "fiscal_year": 2018,
    "fiscal_quarter": 2,
    "r2_url": "https://pub-2c783279b61043e19fbdadd1bee5153a.r2.dev/PAYC/2018-07-31/Paycom%20Software%2C%20Inc._2018-07-31_transcript/Paycom%20Software%2C%20Inc._2018-07-31_transcript.pdf/Paycom%20Software%2C%20Inc._2018-07-31_transcript.pdf",
    "periodicity": "periodic"
  },
  {
    "equity_ticker": "PAYC",
    "geography": "US",
    "content_name": "PAYC Q2 2018 Press Release",
    "file_type": "pdf",
    "content_type": "earnings_press_release",
    "published_date": "2018-07-31",
    "fiscal_date": "2018-07-31",
    "fiscal_year": 2018,
    "fiscal_quarter": 2,
    "r2_url": "https://pub-2c783279b61043e19fbdadd1bee5153a.r2.dev/PAYC/2018-07-31/ee5de-2023-09-22-07-48-04/ee5de-2023-09-22-07-48-04.pdf/ee5de-2023-09-22-07-48-04.pdf",
    "periodicity": "periodic"
  },
  {
    "equity_ticker": "PAYC",
    "geography": "US",
    "content_name": "PAYC Q1 2018 Transcript",
    "file_type": "pdf",
    "content_type": "earnings_transcript",
    "published_date": "2018-05-01",
    "fiscal_date": "2018-05-01",
    "fiscal_year": 2018,
    "fiscal_quarter": 1,
    "r2_url": "https://pub-2c783279b61043e19fbdadd1bee5153a.r2.dev/PAYC/2018-05-01/Paycom%20Software%2C%20Inc._2018-05-01_transcript/Paycom%20Software%2C%20Inc._2018-05-01_transcript.pdf/Paycom%20Software%2C%20Inc._2018-05-01_transcript.pdf",
    "periodicity": "periodic"
  },
  {
    "equity_ticker": "PAYC",
    "geography": "US",
    "content_name": "PAYC Q1 2018 Press Release",
    "file_type": "pdf",
    "content_type": "earnings_press_release",
    "published_date": "2018-05-01",
    "fiscal_date": "2018-05-01",
    "fiscal_year": 2018,
    "fiscal_quarter": 1,
    "r2_url": "https://pub-2c783279b61043e19fbdadd1bee5153a.r2.dev/PAYC/2018-05-01/881c9-2023-09-22-07-27-12/881c9-2023-09-22-07-27-12.pdf/881c9-2023-09-22-07-27-12.pdf",
    "periodicity": "periodic"
  },
  {
    "equity_ticker": "PAYC",
    "geography": "US",
    "content_name": "PAYC Q4 2017 Transcript",
    "file_type": "pdf",
    "content_type": "earnings_transcript",
    "published_date": "2018-02-06",
    "fiscal_date": "2018-02-06",
    "fiscal_year": 2017,
    "fiscal_quarter": 4,
    "r2_url": "https://pub-2c783279b61043e19fbdadd1bee5153a.r2.dev/PAYC/2018-02-06/Paycom%20Software%2C%20Inc._2018-02-06_transcript/Paycom%20Software%2C%20Inc._2018-02-06_transcript.pdf/Paycom%20Software%2C%20Inc._2018-02-06_transcript.pdf",
    "periodicity": "periodic"
  },
  {
    "equity_ticker": "PAYC",
    "geography": "US",
    "content_name": "PAYC Q4 2017 Press Release",
    "file_type": "pdf",
    "content_type": "earnings_press_release",
    "published_date": "2018-02-06",
    "fiscal_date": "2018-02-06",
    "fiscal_year": 2017,
    "fiscal_quarter": 4,
    "r2_url": "https://pub-2c783279b61043e19fbdadd1bee5153a.r2.dev/PAYC/2018-02-06/d1088-2023-09-22-07-52-13/d1088-2023-09-22-07-52-13.pdf/d1088-2023-09-22-07-52-13.pdf",
    "periodicity": "periodic"
  },
  {
    "equity_ticker": "PAYC",
    "geography": "US",
    "content_name": "PAYC Q3 2017 Transcript",
    "file_type": "pdf",
    "content_type": "earnings_transcript",
    "published_date": "2017-10-31",
    "fiscal_date": "2017-10-31",
    "fiscal_year": 2017,
    "fiscal_quarter": 3,
    "r2_url": "https://pub-2c783279b61043e19fbdadd1bee5153a.r2.dev/PAYC/2017-10-31/Paycom%20Software%2C%20Inc._2017-10-31_transcript/Paycom%20Software%2C%20Inc._2017-10-31_transcript.pdf/Paycom%20Software%2C%20Inc._2017-10-31_transcript.pdf",
    "periodicity": "periodic"
  },
  {
    "equity_ticker": "PAYC",
    "geography": "US",
    "content_name": "PAYC Q3 2017 Press Release",
    "file_type": "pdf",
    "content_type": "earnings_press_release",
    "published_date": "2017-10-31",
    "fiscal_date": "2017-10-31",
    "fiscal_year": 2017,
    "fiscal_quarter": 3,
    "r2_url": "https://pub-2c783279b61043e19fbdadd1bee5153a.r2.dev/PAYC/2017-10-31/7d43e-2023-09-22-07-37-14/7d43e-2023-09-22-07-37-14.pdf/7d43e-2023-09-22-07-37-14.pdf",
    "periodicity": "periodic"
  },
  {
    "equity_ticker": "PAYC",
    "geography": "US",
    "content_name": "PAYC Q2 2017 Transcript",
    "file_type": "pdf",
    "content_type": "earnings_transcript",
    "published_date": "2017-08-01",
    "fiscal_date": "2017-08-01",
    "fiscal_year": 2017,
    "fiscal_quarter": 2,
    "r2_url": "https://pub-2c783279b61043e19fbdadd1bee5153a.r2.dev/PAYC/2017-08-01/Paycom%20Software%2C%20Inc._2017-08-01_transcript/Paycom%20Software%2C%20Inc._2017-08-01_transcript.pdf/Paycom%20Software%2C%20Inc._2017-08-01_transcript.pdf",
    "periodicity": "periodic"
  },
  {
    "equity_ticker": "PAYC",
    "geography": "US",
    "content_name": "PAYC Q2 2017 Press Release",
    "file_type": "pdf",
    "content_type": "earnings_press_release",
    "published_date": "2017-08-01",
    "fiscal_date": "2017-08-01",
    "fiscal_year": 2017,
    "fiscal_quarter": 2,
    "r2_url": "https://pub-2c783279b61043e19fbdadd1bee5153a.r2.dev/PAYC/2017-08-01/e4dd1-2023-09-22-07-25-15/e4dd1-2023-09-22-07-25-15.pdf/e4dd1-2023-09-22-07-25-15.pdf",
    "periodicity": "periodic"
  },
  {
    "equity_ticker": "PAYC",
    "geography": "US",
    "content_name": "PAYC Q1 2017 Transcript",
    "file_type": "pdf",
    "content_type": "earnings_transcript",
    "published_date": "2017-05-02",
    "fiscal_date": "2017-05-02",
    "fiscal_year": 2017,
    "fiscal_quarter": 1,
    "r2_url": "https://pub-2c783279b61043e19fbdadd1bee5153a.r2.dev/PAYC/2017-05-02/Paycom%20Software%2C%20Inc._2017-05-02_transcript/Paycom%20Software%2C%20Inc._2017-05-02_transcript.pdf/Paycom%20Software%2C%20Inc._2017-05-02_transcript.pdf",
    "periodicity": "periodic"
  },
  {
    "equity_ticker": "PAYC",
    "geography": "US",
    "content_name": "PAYC Q1 2017 Press Release",
    "file_type": "pdf",
    "content_type": "earnings_press_release",
    "published_date": "2017-05-02",
    "fiscal_date": "2017-05-02",
    "fiscal_year": 2017,
    "fiscal_quarter": 1,
    "r2_url": "https://pub-2c783279b61043e19fbdadd1bee5153a.r2.dev/PAYC/2017-05-02/af136-2023-09-22-07-29-16/af136-2023-09-22-07-29-16.pdf/af136-2023-09-22-07-29-16.pdf",
    "periodicity": "periodic"
  },
  {
    "equity_ticker": "PAYC",
    "geography": "US",
    "content_name": "PAYC Q4 2016 Transcript",
    "file_type": "pdf",
    "content_type": "earnings_transcript",
    "published_date": "2017-02-08",
    "fiscal_date": "2017-02-08",
    "fiscal_year": 2016,
    "fiscal_quarter": 4,
    "r2_url": "https://pub-2c783279b61043e19fbdadd1bee5153a.r2.dev/PAYC/2017-02-08/Paycom%20Software%2C%20Inc._2017-02-08_transcript/Paycom%20Software%2C%20Inc._2017-02-08_transcript.pdf/Paycom%20Software%2C%20Inc._2017-02-08_transcript.pdf",
    "periodicity": "periodic"
  },
  {
    "equity_ticker": "PAYC",
    "geography": "US",
    "content_name": "PAYC Q4 2016 Press Release",
    "file_type": "pdf",
    "content_type": "earnings_press_release",
    "published_date": "2017-02-08",
    "fiscal_date": "2017-02-08",
    "fiscal_year": 2016,
    "fiscal_quarter": 4,
    "r2_url": "https://pub-2c783279b61043e19fbdadd1bee5153a.r2.dev/PAYC/2017-02-08/5d3ec-2023-09-22-07-24-17/5d3ec-2023-09-22-07-24-17.pdf/5d3ec-2023-09-22-07-24-17.pdf",
    "periodicity": "periodic"
  },
  {
    "equity_ticker": "PAYC",
    "geography": "US",
    "content_name": "PAYC Q3 2016 Transcript",
    "file_type": "pdf",
    "content_type": "earnings_transcript",
    "published_date": "2016-11-01",
    "fiscal_date": "2016-11-01",
    "fiscal_year": 2016,
    "fiscal_quarter": 3,
    "r2_url": "https://pub-2c783279b61043e19fbdadd1bee5153a.r2.dev/PAYC/2016-11-01/Paycom%20Software%2C%20Inc._2016-11-01_transcript/Paycom%20Software%2C%20Inc._2016-11-01_transcript.pdf/Paycom%20Software%2C%20Inc._2016-11-01_transcript.pdf",
    "periodicity": "periodic"
  },
  {
    "equity_ticker": "PAYC",
    "geography": "US",
    "content_name": "PAYC Q3 2016 Press Release",
    "file_type": "pdf",
    "content_type": "earnings_press_release",
    "published_date": "2016-11-01",
    "fiscal_date": "2016-11-01",
    "fiscal_year": 2016,
    "fiscal_quarter": 3,
    "r2_url": "https://pub-2c783279b61043e19fbdadd1bee5153a.r2.dev/PAYC/2016-11-01/02c6f-2023-09-22-07-11-18/02c6f-2023-09-22-07-11-18.pdf/02c6f-2023-09-22-07-11-18.pdf",
    "periodicity": "periodic"
  },
  {
    "equity_ticker": "PAYC",
    "geography": "US",
    "content_name": "PAYC Q2 2016 Transcript",
    "file_type": "pdf",
    "content_type": "earnings_transcript",
    "published_date": "2016-08-02",
    "fiscal_date": "2016-08-02",
    "fiscal_year": 2016,
    "fiscal_quarter": 2,
    "r2_url": "https://pub-2c783279b61043e19fbdadd1bee5153a.r2.dev/PAYC/2016-08-02/Paycom%20Software%2C%20Inc._2016-08-02_transcript/Paycom%20Software%2C%20Inc._2016-08-02_transcript.pdf/Paycom%20Software%2C%20Inc._2016-08-02_transcript.pdf",
    "periodicity": "periodic"
  },
  {
    "equity_ticker": "PAYC",
    "geography": "US",
    "content_name": "PAYC Q2 2016 Press Release",
    "file_type": "pdf",
    "content_type": "earnings_press_release",
    "published_date": "2016-08-02",
    "fiscal_date": "2016-08-02",
    "fiscal_year": 2016,
    "fiscal_quarter": 2,
    "r2_url": "https://pub-2c783279b61043e19fbdadd1bee5153a.r2.dev/PAYC/2016-08-02/6d426-2023-09-22-07-27-19/6d426-2023-09-22-07-27-19.pdf/6d426-2023-09-22-07-27-19.pdf",
    "periodicity": "periodic"
  },
  {
    "equity_ticker": "PAYC",
    "geography": "US",
    "content_name": "PAYC Q1 2016 Transcript",
    "file_type": "pdf",
    "content_type": "earnings_transcript",
    "published_date": "2016-05-03",
    "fiscal_date": "2016-05-03",
    "fiscal_year": 2016,
    "fiscal_quarter": 1,
    "r2_url": "https://pub-2c783279b61043e19fbdadd1bee5153a.r2.dev/PAYC/2016-05-03/Paycom%20Software%2C%20Inc._2016-05-03_transcript/Paycom%20Software%2C%20Inc._2016-05-03_transcript.pdf/Paycom%20Software%2C%20Inc._2016-05-03_transcript.pdf",
    "periodicity": "periodic"
  },
  {
    "equity_ticker": "PAYC",
    "geography": "US",
    "content_name": "PAYC Q1 2016 Press Release",
    "file_type": "pdf",
    "content_type": "earnings_press_release",
    "published_date": "2016-05-03",
    "fiscal_date": "2016-05-03",
    "fiscal_year": 2016,
    "fiscal_quarter": 1,
    "r2_url": "https://pub-2c783279b61043e19fbdadd1bee5153a.r2.dev/PAYC/2016-05-03/cffd2-2023-09-22-07-27-20/cffd2-2023-09-22-07-27-20.pdf/cffd2-2023-09-22-07-27-20.pdf",
    "periodicity": "periodic"
  },
  {
    "equity_ticker": "PAYC",
    "geography": "US",
    "content_name": "PAYC Q4 2015 Transcript",
    "file_type": "pdf",
    "content_type": "earnings_transcript",
    "published_date": "2016-02-09",
    "fiscal_date": "2016-02-09",
    "fiscal_year": 2015,
    "fiscal_quarter": 4,
    "r2_url": "https://pub-2c783279b61043e19fbdadd1bee5153a.r2.dev/PAYC/2016-02-09/Paycom%20Software%2C%20Inc._2016-02-09_transcript/Paycom%20Software%2C%20Inc._2016-02-09_transcript.pdf/Paycom%20Software%2C%20Inc._2016-02-09_transcript.pdf",
    "periodicity": "periodic"
  },
  {
    "equity_ticker": "PAYC",
    "geography": "US",
    "content_name": "PAYC Q4 2015 Press Release",
    "file_type": "pdf",
    "content_type": "earnings_press_release",
    "published_date": "2016-02-09",
    "fiscal_date": "2016-02-09",
    "fiscal_year": 2015,
    "fiscal_quarter": 4,
    "r2_url": "https://pub-2c783279b61043e19fbdadd1bee5153a.r2.dev/PAYC/2016-02-09/54dce-2023-09-22-07-17-21/54dce-2023-09-22-07-17-21.pdf/54dce-2023-09-22-07-17-21.pdf",
    "periodicity": "periodic"
  },
  {
    "equity_ticker": "PAYC",
    "geography": "US",
    "content_name": "PAYC Q3 2015 Transcript",
    "file_type": "pdf",
    "content_type": "earnings_transcript",
    "published_date": "2015-11-03",
    "fiscal_date": "2015-11-03",
    "fiscal_year": 2015,
    "fiscal_quarter": 3,
    "r2_url": "https://pub-2c783279b61043e19fbdadd1bee5153a.r2.dev/PAYC/2015-11-03/Paycom%20Software%2C%20Inc._2015-11-03_transcript/Paycom%20Software%2C%20Inc._2015-11-03_transcript.pdf/Paycom%20Software%2C%20Inc._2015-11-03_transcript.pdf",
    "periodicity": "periodic"
  },
  {
    "equity_ticker": "PAYC",
    "geography": "US",
    "content_name": "PAYC Q3 2015 Press Release",
    "file_type": "pdf",
    "content_type": "earnings_press_release",
    "published_date": "2015-11-03",
    "fiscal_date": "2015-11-03",
    "fiscal_year": 2015,
    "fiscal_quarter": 3,
    "r2_url": "https://pub-2c783279b61043e19fbdadd1bee5153a.r2.dev/PAYC/2015-11-03/3a2fb-2023-09-22-07-10-22/3a2fb-2023-09-22-07-10-22.pdf/3a2fb-2023-09-22-07-10-22.pdf",
    "periodicity": "periodic"
  },
  {
    "equity_ticker": "PAYC",
    "geography": "US",
    "content_name": "PAYC Q2 2015 Transcript",
    "file_type": "pdf",
    "content_type": "earnings_transcript",
    "published_date": "2015-08-04",
    "fiscal_date": "2015-08-04",
    "fiscal_year": 2015,
    "fiscal_quarter": 2,
    "r2_url": "https://pub-2c783279b61043e19fbdadd1bee5153a.r2.dev/PAYC/2015-08-04/Paycom%20Software%2C%20Inc._2015-08-04_transcript/Paycom%20Software%2C%20Inc._2015-08-04_transcript.pdf/Paycom%20Software%2C%20Inc._2015-08-04_transcript.pdf",
    "periodicity": "periodic"
  },
  {
    "equity_ticker": "PAYC",
    "geography": "US",
    "content_name": "PAYC Q2 2015 Press Release",
    "file_type": "pdf",
    "content_type": "earnings_press_release",
    "published_date": "2015-08-04",
    "fiscal_date": "2015-08-04",
    "fiscal_year": 2015,
    "fiscal_quarter": 2,
    "r2_url": "https://pub-2c783279b61043e19fbdadd1bee5153a.r2.dev/PAYC/2015-08-04/5dcf8-2023-09-22-07-03-23/5dcf8-2023-09-22-07-03-23.pdf/5dcf8-2023-09-22-07-03-23.pdf",
    "periodicity": "periodic"
  },
  {
    "equity_ticker": "PAYC",
    "geography": "US",
    "content_name": "PAYC Q1 2015 Transcript",
    "file_type": "pdf",
    "content_type": "earnings_transcript",
    "published_date": "2015-05-06",
    "fiscal_date": "2015-05-06",
    "fiscal_year": 2015,
    "fiscal_quarter": 1,
    "r2_url": "https://pub-2c783279b61043e19fbdadd1bee5153a.r2.dev/PAYC/2015-05-06/Paycom%20Software%2C%20Inc._2015-05-06_transcript/Paycom%20Software%2C%20Inc._2015-05-06_transcript.pdf/Paycom%20Software%2C%20Inc._2015-05-06_transcript.pdf",
    "periodicity": "periodic"
  },
  {
    "equity_ticker": "PAYC",
    "geography": "US",
    "content_name": "PAYC Q1 2015 Press Release",
    "file_type": "pdf",
    "content_type": "earnings_press_release",
    "published_date": "2015-05-06",
    "fiscal_date": "2015-05-06",
    "fiscal_year": 2015,
    "fiscal_quarter": 1,
    "r2_url": "https://pub-2c783279b61043e19fbdadd1bee5153a.r2.dev/PAYC/2015-05-06/897c3-2023-09-22-07-07-24/897c3-2023-09-22-07-07-24.pdf/897c3-2023-09-22-07-07-24.pdf",
    "periodicity": "periodic"
  },
  {
    "equity_ticker": "PAYC",
    "geography": "US",
    "content_name": "PAYC Q4 2014 Transcript",
    "file_type": "pdf",
    "content_type": "earnings_transcript",
    "published_date": "2015-02-10",
    "fiscal_date": "2015-02-10",
    "fiscal_year": 2014,
    "fiscal_quarter": 4,
    "r2_url": "https://pub-2c783279b61043e19fbdadd1bee5153a.r2.dev/PAYC/2015-02-10/Paycom%20Software%2C%20Inc._2015-02-10_transcript/Paycom%20Software%2C%20Inc._2015-02-10_transcript.pdf/Paycom%20Software%2C%20Inc._2015-02-10_transcript.pdf",
    "periodicity": "periodic"
  },
  {
    "equity_ticker": "PAYC",
    "geography": "US",
    "content_name": "PAYC Q4 2014 Press Release",
    "file_type": "pdf",
    "content_type": "earnings_press_release",
    "published_date": "2015-02-10",
    "fiscal_date": "2015-02-10",
    "fiscal_year": 2014,
    "fiscal_quarter": 4,
    "r2_url": "https://pub-2c783279b61043e19fbdadd1bee5153a.r2.dev/PAYC/2015-02-10/5f9b9-2023-09-22-07-56-24/5f9b9-2023-09-22-07-56-24.pdf/5f9b9-2023-09-22-07-56-24.pdf",
    "periodicity": "periodic"
  },
  {
    "equity_ticker": "PAYC",
    "geography": "US",
    "content_name": "PAYC Q3 2014 Transcript",
    "file_type": "pdf",
    "content_type": "earnings_transcript",
    "published_date": "2014-11-04",
    "fiscal_date": "2014-11-04",
    "fiscal_year": 2014,
    "fiscal_quarter": 3,
    "r2_url": "https://pub-2c783279b61043e19fbdadd1bee5153a.r2.dev/PAYC/2014-11-04/Paycom%20Software%2C%20Inc._2014-11-04_transcript/Paycom%20Software%2C%20Inc._2014-11-04_transcript.pdf/Paycom%20Software%2C%20Inc._2014-11-04_transcript.pdf",
    "periodicity": "periodic"
  },
  {
    "equity_ticker": "PAYC",
    "geography": "US",
    "content_name": "PAYC Q3 2014 Press Release",
    "file_type": "pdf",
    "content_type": "earnings_press_release",
    "published_date": "2014-11-04",
    "fiscal_date": "2014-11-04",
    "fiscal_year": 2014,
    "fiscal_quarter": 3,
    "r2_url": "https://pub-2c783279b61043e19fbdadd1bee5153a.r2.dev/PAYC/2014-11-04/5a69d-2023-09-22-07-32-26/5a69d-2023-09-22-07-32-26.pdf/5a69d-2023-09-22-07-32-26.pdf",
    "periodicity": "periodic"
  },
  {
    "equity_ticker": "PAYC",
    "geography": "US",
    "content_name": "PAYC Q2 2014 Transcript",
    "file_type": "pdf",
    "content_type": "earnings_transcript",
    "published_date": "2014-08-05",
    "fiscal_date": "2014-08-05",
    "fiscal_year": 2014,
    "fiscal_quarter": 2,
    "r2_url": "https://pub-2c783279b61043e19fbdadd1bee5153a.r2.dev/PAYC/2014-08-05/Paycom%20Software%2C%20Inc._2014-08-05_transcript/Paycom%20Software%2C%20Inc._2014-08-05_transcript.pdf/Paycom%20Software%2C%20Inc._2014-08-05_transcript.pdf",
    "periodicity": "periodic"
  },
  {
    "equity_ticker": "PAYC",
    "geography": "US",
    "content_name": "PAYC Q2 2014 Press Release",
    "file_type": "pdf",
    "content_type": "earnings_press_release",
    "published_date": "2014-08-05",
    "fiscal_date": "2014-08-05",
    "fiscal_year": 2014,
    "fiscal_quarter": 2,
    "r2_url": "https://pub-2c783279b61043e19fbdadd1bee5153a.r2.dev/PAYC/2014-08-05/c2f5d-2023-09-22-07-22-27/c2f5d-2023-09-22-07-22-27.pdf/c2f5d-2023-09-22-07-22-27.pdf",
    "periodicity": "periodic"
  },
  {
    "equity_ticker": "PAYC",
    "geography": "US",
    "content_name": "PAYC Q1 2014 Transcript",
    "file_type": "pdf",
    "content_type": "earnings_transcript",
    "published_date": "2014-05-15",
    "fiscal_date": "2014-05-15",
    "fiscal_year": 2014,
    "fiscal_quarter": 1,
    "r2_url": "https://pub-2c783279b61043e19fbdadd1bee5153a.r2.dev/PAYC/2014-05-15/Paycom%20Software%2C%20Inc._2014-05-15_transcript/Paycom%20Software%2C%20Inc._2014-05-15_transcript.pdf/Paycom%20Software%2C%20Inc._2014-05-15_transcript.pdf",
    "periodicity": "periodic"
  },
  {
    "equity_ticker": "PAYC",
    "geography": "US",
    "content_name": "PAYC Q1 2014 Press Release",
    "file_type": "pdf",
    "content_type": "earnings_press_release",
    "published_date": "2014-05-15",
    "fiscal_date": "2014-05-15",
    "fiscal_year": 2014,
    "fiscal_quarter": 1,
    "r2_url": "https://pub-2c783279b61043e19fbdadd1bee5153a.r2.dev/PAYC/2014-05-15/b89b7-2023-09-22-07-11-28/b89b7-2023-09-22-07-11-28.pdf/b89b7-2023-09-22-07-11-28.pdf",
    "periodicity": "periodic"
  },
  {
    "equity_ticker": "PAYC",
    "geography": "US",
    "content_name": "PAYC Q4 2024 10-K",
    "file_type": "pdf",
    "content_type": "annual_report",
    "published_date": "2025-02-20",
    "fiscal_date": "2024-12-31",
    "fiscal_year": 2024,
    "fiscal_quarter": 4,
    "r2_url": "https://pub-2c783279b61043e19fbdadd1bee5153a.r2.dev/PAYC/2025-02-20/payc-20241231.htm/payc-20241231.pdf",
    "periodicity": "periodic"
  },
  {
    "equity_ticker": "PAYC",
    "geography": "US",
    "content_name": "PAYC Q3 2024 10-Q",
    "file_type": "pdf",
    "content_type": "quarterly_report",
    "published_date": "2024-10-31",
    "fiscal_date": "2024-09-30",
    "fiscal_year": 2024,
    "fiscal_quarter": 3,
    "r2_url": "https://pub-2c783279b61043e19fbdadd1bee5153a.r2.dev/PAYC/2024-10-31/payc-20240930.htm/payc-20240930.pdf",
    "periodicity": "periodic"
  },
  {
    "equity_ticker": "PAYC",
    "geography": "US",
    "content_name": "PAYC Q2 2024 10-Q",
    "file_type": "pdf",
    "content_type": "quarterly_report",
    "published_date": "2024-08-01",
    "fiscal_date": "2024-06-30",
    "fiscal_year": 2024,
    "fiscal_quarter": 2,
    "r2_url": "https://pub-2c783279b61043e19fbdadd1bee5153a.r2.dev/PAYC/2024-08-01/payc-20240630.htm/payc-20240630.pdf",
    "periodicity": "periodic"
  },
  {
    "equity_ticker": "PAYC",
    "geography": "US",
    "content_name": "PAYC Q1 2024 10-Q",
    "file_type": "pdf",
    "content_type": "quarterly_report",
    "published_date": "2024-05-02",
    "fiscal_date": "2024-03-31",
    "fiscal_year": 2024,
    "fiscal_quarter": 1,
    "r2_url": "https://pub-2c783279b61043e19fbdadd1bee5153a.r2.dev/PAYC/2024-05-02/payc-20240331.htm/payc-20240331.pdf",
    "periodicity": "periodic"
  },
  {
    "equity_ticker": "PAYC",
    "geography": "US",
    "content_name": "PAYC Q4 2023 10-K",
    "file_type": "pdf",
    "content_type": "annual_report",
    "published_date": "2024-02-15",
    "fiscal_date": "2023-12-31",
    "fiscal_year": 2023,
    "fiscal_quarter": 4,
    "r2_url": "https://pub-2c783279b61043e19fbdadd1bee5153a.r2.dev/PAYC/2024-02-15/payc-20231231.htm/payc-20231231.pdf",
    "periodicity": "periodic"
  },
  {
    "equity_ticker": "PAYC",
    "geography": "US",
    "content_name": "PAYC Q3 2023 10-Q",
    "file_type": "pdf",
    "content_type": "quarterly_report",
    "published_date": "2023-11-02",
    "fiscal_date": "2023-09-30",
    "fiscal_year": 2023,
    "fiscal_quarter": 3,
    "r2_url": "https://pub-2c783279b61043e19fbdadd1bee5153a.r2.dev/PAYC/2023-11-02/payc-20230930.htm/payc-20230930.pdf",
    "periodicity": "periodic"
  },
  {
    "equity_ticker": "PAYC",
    "geography": "US",
    "content_name": "PAYC Q2 2023 10-Q",
    "file_type": "pdf",
    "content_type": "quarterly_report",
    "published_date": "2023-08-03",
    "fiscal_date": "2023-06-30",
    "fiscal_year": 2023,
    "fiscal_quarter": 2,
    "r2_url": "https://pub-2c783279b61043e19fbdadd1bee5153a.r2.dev/PAYC/2023-08-03/payc-20230630.htm/payc-20230630.pdf",
    "periodicity": "periodic"
  },
  {
    "equity_ticker": "PAYC",
    "geography": "US",
    "content_name": "PAYC Q1 2023 10-Q",
    "file_type": "pdf",
    "content_type": "quarterly_report",
    "published_date": "2023-05-04",
    "fiscal_date": "2023-03-31",
    "fiscal_year": 2023,
    "fiscal_quarter": 1,
    "r2_url": "https://pub-2c783279b61043e19fbdadd1bee5153a.r2.dev/PAYC/2023-05-04/payc-20230331.htm/payc-20230331.pdf",
    "periodicity": "periodic"
  },
  {
    "equity_ticker": "PAYC",
    "geography": "US",
    "content_name": "PAYC Q4 2022 10-K",
    "file_type": "pdf",
    "content_type": "annual_report",
    "published_date": "2023-02-16",
    "fiscal_date": "2022-12-31",
    "fiscal_year": 2022,
    "fiscal_quarter": 4,
    "r2_url": "https://pub-2c783279b61043e19fbdadd1bee5153a.r2.dev/PAYC/2023-02-16/payc-20221231.htm/payc-20221231.pdf",
    "periodicity": "periodic"
  },
  {
    "equity_ticker": "PAYC",
    "geography": "US",
    "content_name": "PAYC Q3 2022 10-Q",
    "file_type": "pdf",
    "content_type": "quarterly_report",
    "published_date": "2022-11-03",
    "fiscal_date": "2022-09-30",
    "fiscal_year": 2022,
    "fiscal_quarter": 3,
    "r2_url": "https://pub-2c783279b61043e19fbdadd1bee5153a.r2.dev/PAYC/2022-11-03/payc-20220930.htm/payc-20220930.pdf",
    "periodicity": "periodic"
  },
  {
    "equity_ticker": "PAYC",
    "geography": "US",
    "content_name": "PAYC Q2 2022 10-Q",
    "file_type": "pdf",
    "content_type": "quarterly_report",
    "published_date": "2022-08-04",
    "fiscal_date": "2022-06-30",
    "fiscal_year": 2022,
    "fiscal_quarter": 2,
    "r2_url": "https://pub-2c783279b61043e19fbdadd1bee5153a.r2.dev/PAYC/2022-08-04/payc-10q_20220630.htm/payc-10q_20220630.pdf",
    "periodicity": "periodic"
  },
  {
    "equity_ticker": "PAYC",
    "geography": "US",
    "content_name": "PAYC Q1 2022 10-Q",
    "file_type": "pdf",
    "content_type": "quarterly_report",
    "published_date": "2022-05-05",
    "fiscal_date": "2022-03-31",
    "fiscal_year": 2022,
    "fiscal_quarter": 1,
    "r2_url": "https://pub-2c783279b61043e19fbdadd1bee5153a.r2.dev/PAYC/2022-05-05/payc-10q_20220331.htm/payc-10q_20220331.pdf",
    "periodicity": "periodic"
  },
  {
    "equity_ticker": "PAYC",
    "geography": "US",
    "content_name": "PAYC Q4 2021 10-K",
    "file_type": "pdf",
    "content_type": "annual_report",
    "published_date": "2022-02-17",
    "fiscal_date": "2021-12-31",
    "fiscal_year": 2021,
    "fiscal_quarter": 4,
    "r2_url": "https://pub-2c783279b61043e19fbdadd1bee5153a.r2.dev/PAYC/2022-02-17/payc-10k_20211231.htm/payc-10k_20211231.pdf",
    "periodicity": "periodic"
  },
  {
    "equity_ticker": "PAYC",
    "geography": "US",
    "content_name": "PAYC Q3 2021 10-Q",
    "file_type": "pdf",
    "content_type": "quarterly_report",
    "published_date": "2021-11-04",
    "fiscal_date": "2021-09-30",
    "fiscal_year": 2021,
    "fiscal_quarter": 3,
    "r2_url": "https://pub-2c783279b61043e19fbdadd1bee5153a.r2.dev/PAYC/2021-11-04/payc-10q_20210930.htm/payc-10q_20210930.pdf",
    "periodicity": "periodic"
  },
  {
    "equity_ticker": "PAYC",
    "geography": "US",
    "content_name": "PAYC Q2 2021 10-Q",
    "file_type": "pdf",
    "content_type": "quarterly_report",
    "published_date": "2021-08-05",
    "fiscal_date": "2021-06-30",
    "fiscal_year": 2021,
    "fiscal_quarter": 2,
    "r2_url": "https://pub-2c783279b61043e19fbdadd1bee5153a.r2.dev/PAYC/2021-08-05/payc-10q_20210630.htm/payc-10q_20210630.pdf",
    "periodicity": "periodic"
  },
  {
    "equity_ticker": "PAYC",
    "geography": "US",
    "content_name": "PAYC Q1 2021 10-Q",
    "file_type": "pdf",
    "content_type": "quarterly_report",
    "published_date": "2021-05-06",
    "fiscal_date": "2021-03-31",
    "fiscal_year": 2021,
    "fiscal_quarter": 1,
    "r2_url": "https://pub-2c783279b61043e19fbdadd1bee5153a.r2.dev/PAYC/2021-05-06/payc-10q_20210331.htm/payc-10q_20210331.pdf",
    "periodicity": "periodic"
  },
  {
    "equity_ticker": "PAYC",
    "geography": "US",
    "content_name": "PAYC Q4 2020 10-K",
    "file_type": "pdf",
    "content_type": "annual_report",
    "published_date": "2021-02-18",
    "fiscal_date": "2020-12-31",
    "fiscal_year": 2020,
    "fiscal_quarter": 4,
    "r2_url": "https://pub-2c783279b61043e19fbdadd1bee5153a.r2.dev/PAYC/2021-02-18/payc-10k_20201231.htm/payc-10k_20201231.pdf",
    "periodicity": "periodic"
  },
  {
    "equity_ticker": "PAYC",
    "geography": "US",
    "content_name": "PAYC Q3 2020 10-Q",
    "file_type": "pdf",
    "content_type": "quarterly_report",
    "published_date": "2020-11-05",
    "fiscal_date": "2020-09-30",
    "fiscal_year": 2020,
    "fiscal_quarter": 3,
    "r2_url": "https://pub-2c783279b61043e19fbdadd1bee5153a.r2.dev/PAYC/2020-11-05/payc-10q_20200930.htm/payc-10q_20200930.pdf",
    "periodicity": "periodic"
  },
  {
    "equity_ticker": "PAYC",
    "geography": "US",
    "content_name": "PAYC Q2 2020 10-Q",
    "file_type": "pdf",
    "content_type": "quarterly_report",
    "published_date": "2020-08-06",
    "fiscal_date": "2020-06-30",
    "fiscal_year": 2020,
    "fiscal_quarter": 2,
    "r2_url": "https://pub-2c783279b61043e19fbdadd1bee5153a.r2.dev/PAYC/2020-08-06/payc-10q_20200630.htm/ix.pdf",
    "periodicity": "periodic"
  },
  {
    "equity_ticker": "PAYC",
    "geography": "US",
    "content_name": "PAYC Q1 2020 10-Q",
    "file_type": "pdf",
    "content_type": "quarterly_report",
    "published_date": "2020-04-30",
    "fiscal_date": "2020-03-31",
    "fiscal_year": 2020,
    "fiscal_quarter": 1,
    "r2_url": "https://pub-2c783279b61043e19fbdadd1bee5153a.r2.dev/PAYC/2020-04-30/payc-10q_20200331.htm/ix.pdf",
    "periodicity": "periodic"
  },
  {
    "equity_ticker": "PAYC",
    "geography": "US",
    "content_name": "PAYC Q4 2019 10-K",
    "file_type": "pdf",
    "content_type": "annual_report",
    "published_date": "2020-02-13",
    "fiscal_date": "2019-12-31",
    "fiscal_year": 2019,
    "fiscal_quarter": 4,
    "r2_url": "https://pub-2c783279b61043e19fbdadd1bee5153a.r2.dev/PAYC/2020-02-13/payc-10k_20191231.htm/ix.pdf",
    "periodicity": "periodic"
  },
  {
    "equity_ticker": "PAYC",
    "geography": "US",
    "content_name": "PAYC Q3 2019 10-Q",
    "file_type": "pdf",
    "content_type": "quarterly_report",
    "published_date": "2019-10-31",
    "fiscal_date": "2019-09-30",
    "fiscal_year": 2019,
    "fiscal_quarter": 3,
    "r2_url": "https://pub-2c783279b61043e19fbdadd1bee5153a.r2.dev/PAYC/2019-10-31/payc-10q_20190930.htm/ix.pdf",
    "periodicity": "periodic"
  },
  {
    "equity_ticker": "PAYC",
    "geography": "US",
    "content_name": "PAYC Q2 2019 10-Q",
    "file_type": "pdf",
    "content_type": "quarterly_report",
    "published_date": "2019-08-01",
    "fiscal_date": "2019-06-30",
    "fiscal_year": 2019,
    "fiscal_quarter": 2,
    "r2_url": "https://pub-2c783279b61043e19fbdadd1bee5153a.r2.dev/PAYC/2019-08-01/payc-10q_20190630.htm/ix.pdf",
    "periodicity": "periodic"
  },
  {
    "equity_ticker": "PAYC",
    "geography": "US",
    "content_name": "PAYC Q1 2019 10-Q",
    "file_type": "pdf",
    "content_type": "quarterly_report",
    "published_date": "2019-05-02",
    "fiscal_date": "2019-03-31",
    "fiscal_year": 2019,
    "fiscal_quarter": 1,
    "r2_url": "https://pub-2c783279b61043e19fbdadd1bee5153a.r2.dev/PAYC/2019-05-02/payc-10q_20190331.htm/ix.pdf",
    "periodicity": "periodic"
  },
  {
    "equity_ticker": "PAYC",
    "geography": "US",
    "content_name": "PAYC Q4 2018 10-K",
    "file_type": "pdf",
    "content_type": "annual_report",
    "published_date": "2019-02-14",
    "fiscal_date": "2018-12-31",
    "fiscal_year": 2018,
    "fiscal_quarter": 4,
    "r2_url": "https://pub-2c783279b61043e19fbdadd1bee5153a.r2.dev/PAYC/2019-02-14/payc-10k_20181231.htm/payc-10k_20181231.pdf",
    "periodicity": "periodic"
  },
  {
    "equity_ticker": "PAYC",
    "geography": "US",
    "content_name": "PAYC Q3 2018 10-Q",
    "file_type": "pdf",
    "content_type": "quarterly_report",
    "published_date": "2018-11-01",
    "fiscal_date": "2018-09-30",
    "fiscal_year": 2018,
    "fiscal_quarter": 3,
    "r2_url": "https://pub-2c783279b61043e19fbdadd1bee5153a.r2.dev/PAYC/2018-11-01/payc-10q_20180930.htm/payc-10q_20180930.pdf",
    "periodicity": "periodic"
  },
  {
    "equity_ticker": "PAYC",
    "geography": "US",
    "content_name": "PAYC Q2 2018 10-Q",
    "file_type": "pdf",
    "content_type": "quarterly_report",
    "published_date": "2018-08-02",
    "fiscal_date": "2018-06-30",
    "fiscal_year": 2018,
    "fiscal_quarter": 2,
    "r2_url": "https://pub-2c783279b61043e19fbdadd1bee5153a.r2.dev/PAYC/2018-08-02/payc-10q_20180630.htm/payc-10q_20180630.pdf",
    "periodicity": "periodic"
  },
  {
    "equity_ticker": "PAYC",
    "geography": "US",
    "content_name": "PAYC Q1 2018 10-Q",
    "file_type": "pdf",
    "content_type": "quarterly_report",
    "published_date": "2018-05-03",
    "fiscal_date": "2018-03-31",
    "fiscal_year": 2018,
    "fiscal_quarter": 1,
    "r2_url": "https://pub-2c783279b61043e19fbdadd1bee5153a.r2.dev/PAYC/2018-05-03/payc-10q_20180331.htm/payc-10q_20180331.pdf",
    "periodicity": "periodic"
  },
  {
    "equity_ticker": "PAYC",
    "geography": "US",
    "content_name": "PAYC Q4 2017 10-K",
    "file_type": "pdf",
    "content_type": "annual_report",
    "published_date": "2018-02-14",
    "fiscal_date": "2017-12-31",
    "fiscal_year": 2017,
    "fiscal_quarter": 4,
    "r2_url": "https://pub-2c783279b61043e19fbdadd1bee5153a.r2.dev/PAYC/2018-02-14/payc-10k_20171231.htm/payc-10k_20171231.pdf",
    "periodicity": "periodic"
  },
  {
    "equity_ticker": "PAYC",
    "geography": "US",
    "content_name": "PAYC Q3 2017 10-Q",
    "file_type": "pdf",
    "content_type": "quarterly_report",
    "published_date": "2017-11-02",
    "fiscal_date": "2017-09-30",
    "fiscal_year": 2017,
    "fiscal_quarter": 3,
    "r2_url": "https://pub-2c783279b61043e19fbdadd1bee5153a.r2.dev/PAYC/2017-11-02/payc-10q_20170930.htm/payc-10q_20170930.pdf",
    "periodicity": "periodic"
  },
  {
    "equity_ticker": "PAYC",
    "geography": "US",
    "content_name": "PAYC Q2 2017 10-Q",
    "file_type": "pdf",
    "content_type": "quarterly_report",
    "published_date": "2017-08-02",
    "fiscal_date": "2017-06-30",
    "fiscal_year": 2017,
    "fiscal_quarter": 2,
    "r2_url": "https://pub-2c783279b61043e19fbdadd1bee5153a.r2.dev/PAYC/2017-08-02/payc-10q_20170630.htm/payc-10q_20170630.pdf",
    "periodicity": "periodic"
  },
  {
    "equity_ticker": "PAYC",
    "geography": "US",
    "content_name": "PAYC Q1 2017 10-Q",
    "file_type": "pdf",
    "content_type": "quarterly_report",
    "published_date": "2017-05-04",
    "fiscal_date": "2017-03-31",
    "fiscal_year": 2017,
    "fiscal_quarter": 1,
    "r2_url": "https://pub-2c783279b61043e19fbdadd1bee5153a.r2.dev/PAYC/2017-05-04/payc-10q_20170331.htm/payc-10q_20170331.pdf",
    "periodicity": "periodic"
  },
  {
    "equity_ticker": "PAYC",
    "geography": "US",
    "content_name": "PAYC Q4 2016 10-K",
    "file_type": "pdf",
    "content_type": "annual_report",
    "published_date": "2017-02-21",
    "fiscal_date": "2016-12-31",
    "fiscal_year": 2016,
    "fiscal_quarter": 4,
    "r2_url": "https://pub-2c783279b61043e19fbdadd1bee5153a.r2.dev/PAYC/2017-02-21/payc-10k_20161231.htm/payc-10k_20161231.pdf",
    "periodicity": "periodic"
  },
  {
    "equity_ticker": "PAYC",
    "geography": "US",
    "content_name": "PAYC Q3 2016 10-Q",
    "file_type": "pdf",
    "content_type": "quarterly_report",
    "published_date": "2016-11-03",
    "fiscal_date": "2016-09-30",
    "fiscal_year": 2016,
    "fiscal_quarter": 3,
    "r2_url": "https://pub-2c783279b61043e19fbdadd1bee5153a.r2.dev/PAYC/2016-11-03/payc-10q_20160930.htm/payc-10q_20160930.pdf",
    "periodicity": "periodic"
  },
  {
    "equity_ticker": "PAYC",
    "geography": "US",
    "content_name": "PAYC Q2 2016 10-Q",
    "file_type": "pdf",
    "content_type": "quarterly_report",
    "published_date": "2016-08-03",
    "fiscal_date": "2016-06-30",
    "fiscal_year": 2016,
    "fiscal_quarter": 2,
    "r2_url": "https://pub-2c783279b61043e19fbdadd1bee5153a.r2.dev/PAYC/2016-08-03/payc-10q_20160630.htm/payc-10q_20160630.pdf",
    "periodicity": "periodic"
  },
  {
    "equity_ticker": "PAYC",
    "geography": "US",
    "content_name": "PAYC Q1 2016 10-Q",
    "file_type": "pdf",
    "content_type": "quarterly_report",
    "published_date": "2016-05-05",
    "fiscal_date": "2016-03-31",
    "fiscal_year": 2016,
    "fiscal_quarter": 1,
    "r2_url": "https://pub-2c783279b61043e19fbdadd1bee5153a.r2.dev/PAYC/2016-05-05/payc-10q_20160331.htm/payc-10q_20160331.pdf",
    "periodicity": "periodic"
  },
  {
    "equity_ticker": "PAYC",
    "geography": "US",
    "content_name": "PAYC Q4 2015 10-K",
    "file_type": "pdf",
    "content_type": "annual_report",
    "published_date": "2016-02-22",
    "fiscal_date": "2015-12-31",
    "fiscal_year": 2015,
    "fiscal_quarter": 4,
    "r2_url": "https://pub-2c783279b61043e19fbdadd1bee5153a.r2.dev/PAYC/2016-02-22/payc-10k_20151231.htm/payc-10k_20151231.pdf",
    "periodicity": "periodic"
  },
  {
    "equity_ticker": "PAYC",
    "geography": "US",
    "content_name": "PAYC Q3 2015 10-Q",
    "file_type": "pdf",
    "content_type": "quarterly_report",
    "published_date": "2015-11-06",
    "fiscal_date": "2015-09-30",
    "fiscal_year": 2015,
    "fiscal_quarter": 3,
    "r2_url": "https://pub-2c783279b61043e19fbdadd1bee5153a.r2.dev/PAYC/2015-11-06/payc-10q_20150930.htm/payc-10q_20150930.pdf",
    "periodicity": "periodic"
  },
  {
    "equity_ticker": "PAYC",
    "geography": "US",
    "content_name": "PAYC Q2 2015 10-Q",
    "file_type": "pdf",
    "content_type": "quarterly_report",
    "published_date": "2015-08-07",
    "fiscal_date": "2015-06-30",
    "fiscal_year": 2015,
    "fiscal_quarter": 2,
    "r2_url": "https://pub-2c783279b61043e19fbdadd1bee5153a.r2.dev/PAYC/2015-08-07/payc-10q_20150630.htm/payc-10q_20150630.pdf",
    "periodicity": "periodic"
  },
  {
    "equity_ticker": "PAYC",
    "geography": "US",
    "content_name": "PAYC Q1 2015 10-Q",
    "file_type": "pdf",
    "content_type": "quarterly_report",
    "published_date": "2015-05-13",
    "fiscal_date": "2015-03-31",
    "fiscal_year": 2015,
    "fiscal_quarter": 1,
    "r2_url": "https://pub-2c783279b61043e19fbdadd1bee5153a.r2.dev/PAYC/2015-05-13/payc-10q_20150331.htm/payc-10q_20150331.pdf",
    "periodicity": "periodic"
  },
  {
    "equity_ticker": "PAYC",
    "geography": "US",
    "content_name": "PAYC Q4 2014 10-K",
    "file_type": "pdf",
    "content_type": "annual_report",
    "published_date": "2015-02-26",
    "fiscal_date": "2014-12-31",
    "fiscal_year": 2014,
    "fiscal_quarter": 4,
    "r2_url": "https://pub-2c783279b61043e19fbdadd1bee5153a.r2.dev/PAYC/2015-02-26/d851377d10k.htm/d851377d10k.pdf",
    "periodicity": "periodic"
  },
  {
    "equity_ticker": "PAYC",
    "geography": "US",
    "content_name": "PAYC Q3 2014 10-Q",
    "file_type": "pdf",
    "content_type": "quarterly_report",
    "published_date": "2014-11-07",
    "fiscal_date": "2014-09-30",
    "fiscal_year": 2014,
    "fiscal_quarter": 3,
    "r2_url": "https://pub-2c783279b61043e19fbdadd1bee5153a.r2.dev/PAYC/2014-11-07/d781501d10q.htm/d781501d10q.pdf",
    "periodicity": "periodic"
  },
  {
    "equity_ticker": "PAYC",
    "geography": "US",
    "content_name": "PAYC Q2 2014 10-Q",
    "file_type": "pdf",
    "content_type": "quarterly_report",
    "published_date": "2014-08-08",
    "fiscal_date": "2014-06-30",
    "fiscal_year": 2014,
    "fiscal_quarter": 2,
    "r2_url": "https://pub-2c783279b61043e19fbdadd1bee5153a.r2.dev/PAYC/2014-08-08/d742477d10q.htm/d742477d10q.pdf",
    "periodicity": "periodic"
  },
  {
    "equity_ticker": "PAYC",
    "geography": "US",
    "content_name": "PAYC Q1 2014 10-Q",
    "file_type": "pdf",
    "content_type": "quarterly_report",
    "published_date": "2014-05-21",
    "fiscal_date": "2014-03-31",
    "fiscal_year": 2014,
    "fiscal_quarter": 1,
    "r2_url": "https://pub-2c783279b61043e19fbdadd1bee5153a.r2.dev/PAYC/2014-05-21/d709022d10q.htm/d709022d10q.pdf",
    "periodicity": "periodic"
  }
]