[
    {
        "equity_ticker": "PINS",
        "geography": "US",
        "content_name": "Morgan Stanley Technology, Media & Telecom Conference - March 6, 2025",
        "file_type": "pdf",
        "content_type": "sellside_conference_transcript",
        "published_date": "2025-03-06",
        "fiscal_date": "2025-03-06",
        "fiscal_year": null,
        "fiscal_quarter": null,
        "r2_url": "https://pub-2c783279b61043e19fbdadd1bee5153a.r2.dev/PINS/2025-03-06/Pinterest%2C%20Inc._2025-03-06_transcript/Pinterest%2C%20Inc._2025-03-06_transcript.pdf%5CPinterest%2C%20Inc._2025-03-06_transcript.pdf",
        "periodicity": "non_periodic"
    },
    {
        "equity_ticker": "PINS",
        "geography": "US",
        "content_name": "PINS Q4 2024 Transcript",
        "file_type": "pdf",
        "content_type": "earnings_transcript",
        "published_date": "2025-02-06",
        "fiscal_date": "2025-02-06",
        "fiscal_year": 2024,
        "fiscal_quarter": 4,
        "r2_url": "https://pub-2c783279b61043e19fbdadd1bee5153a.r2.dev/PINS/2025-02-06/Pinterest%2C%20Inc._2025-02-06_transcript/Pinterest%2C%20Inc._2025-02-06_transcript.pdf%5CPinterest%2C%20Inc._2025-02-06_transcript.pdf",
        "periodicity": "periodic"
    },
    {
        "equity_ticker": "PINS",
        "geography": "US",
        "content_name": "PINS Q4 2024 Press Release",
        "file_type": "pdf",
        "content_type": "earnings_press_release",
        "published_date": "2025-02-06",
        "fiscal_date": "2025-02-06",
        "fiscal_year": 2024,
        "fiscal_quarter": 4,
        "r2_url": "https://pub-2c783279b61043e19fbdadd1bee5153a.r2.dev/PINS/2025-02-06/b94c7-2025-02-06-09-18-11/b94c7-2025-02-06-09-18-11.pdf%5Cb94c7-2025-02-06-09-18-11.pdf",
        "periodicity": "periodic"
    },
    {
        "equity_ticker": "PINS",
        "geography": "US",
        "content_name": "PINS Q4 2024 Presentation",
        "file_type": "pdf",
        "content_type": "earnings_presentation",
        "published_date": "2025-02-06",
        "fiscal_date": "2025-02-06",
        "fiscal_year": 2024,
        "fiscal_quarter": 4,
        "r2_url": "https://pub-2c783279b61043e19fbdadd1bee5153a.r2.dev/PINS/2025-02-06/cfaa8-2025-02-06-09-55-21/cfaa8-2025-02-06-09-55-21.pdf%5Ccfaa8-2025-02-06-09-55-21.pdf",
        "periodicity": "periodic"
    },
    {
        "equity_ticker": "PINS",
        "geography": "US",
        "content_name": "PINS Q3 2024 Transcript",
        "file_type": "pdf",
        "content_type": "earnings_transcript",
        "published_date": "2024-11-07",
        "fiscal_date": "2024-11-07",
        "fiscal_year": 2024,
        "fiscal_quarter": 3,
        "r2_url": "https://pub-2c783279b61043e19fbdadd1bee5153a.r2.dev/PINS/2024-11-07/Pinterest%2C%20Inc._2024-11-07_transcript/Pinterest%2C%20Inc._2024-11-07_transcript.pdf%5CPinterest%2C%20Inc._2024-11-07_transcript.pdf",
        "periodicity": "periodic"
    },
    {
        "equity_ticker": "PINS",
        "geography": "US",
        "content_name": "PINS Q3 2024 Press Release",
        "file_type": "pdf",
        "content_type": "earnings_press_release",
        "published_date": "2024-11-07",
        "fiscal_date": "2024-11-07",
        "fiscal_year": 2024,
        "fiscal_quarter": 3,
        "r2_url": "https://pub-2c783279b61043e19fbdadd1bee5153a.r2.dev/PINS/2024-11-07/69b59-2024-11-07-09-14-11/69b59-2024-11-07-09-14-11.pdf%5C69b59-2024-11-07-09-14-11.pdf",
        "periodicity": "periodic"
    },
    {
        "equity_ticker": "PINS",
        "geography": "US",
        "content_name": "PINS Q3 2024 Presentation",
        "file_type": "pdf",
        "content_type": "earnings_presentation",
        "published_date": "2024-11-07",
        "fiscal_date": "2024-11-07",
        "fiscal_year": 2024,
        "fiscal_quarter": 3,
        "r2_url": "https://pub-2c783279b61043e19fbdadd1bee5153a.r2.dev/PINS/2024-11-07/0f4f5-2024-11-07-09-14-11/0f4f5-2024-11-07-09-14-11.pdf%5C0f4f5-2024-11-07-09-14-11.pdf",
        "periodicity": "periodic"
    },
    {
        "equity_ticker": "PINS",
        "geography": "US",
        "content_name": "Goldman Sachs Communacopia & Technology Conference - September 11, 2024",
        "file_type": "pdf",
        "content_type": "sellside_conference_transcript",
        "published_date": "2024-09-11",
        "fiscal_date": "2024-09-11",
        "fiscal_year": null,
        "fiscal_quarter": null,
        "r2_url": "https://pub-2c783279b61043e19fbdadd1bee5153a.r2.dev/PINS/2024-09-11/Pinterest%2C%20Inc._2024-09-11_transcript/Pinterest%2C%20Inc._2024-09-11_transcript.pdf%5CPinterest%2C%20Inc._2024-09-11_transcript.pdf",
        "periodicity": "non_periodic"
    },
    {
        "equity_ticker": "PINS",
        "geography": "US",
        "content_name": "PINS Q2 2024 Transcript",
        "file_type": "pdf",
        "content_type": "earnings_transcript",
        "published_date": "2024-07-30",
        "fiscal_date": "2024-07-30",
        "fiscal_year": 2024,
        "fiscal_quarter": 2,
        "r2_url": "https://pub-2c783279b61043e19fbdadd1bee5153a.r2.dev/PINS/2024-07-30/Pinterest%2C%20Inc._2024-07-30_transcript/Pinterest%2C%20Inc._2024-07-30_transcript.pdf%5CPinterest%2C%20Inc._2024-07-30_transcript.pdf",
        "periodicity": "periodic"
    },
    {
        "equity_ticker": "PINS",
        "geography": "US",
        "content_name": "PINS Q2 2024 Press Release",
        "file_type": "pdf",
        "content_type": "earnings_press_release",
        "published_date": "2024-07-30",
        "fiscal_date": "2024-07-30",
        "fiscal_year": 2024,
        "fiscal_quarter": 2,
        "r2_url": "https://pub-2c783279b61043e19fbdadd1bee5153a.r2.dev/PINS/2024-07-30/c6993-2024-07-30-08-11-11/c6993-2024-07-30-08-11-11.pdf%5Cc6993-2024-07-30-08-11-11.pdf",
        "periodicity": "periodic"
    },
    {
        "equity_ticker": "PINS",
        "geography": "US",
        "content_name": "PINS Q2 2024 Presentation",
        "file_type": "pdf",
        "content_type": "earnings_presentation",
        "published_date": "2024-07-30",
        "fiscal_date": "2024-07-30",
        "fiscal_year": 2024,
        "fiscal_quarter": 2,
        "r2_url": "https://pub-2c783279b61043e19fbdadd1bee5153a.r2.dev/PINS/2024-07-30/9845e-2024-07-30-08-09-18/9845e-2024-07-30-08-09-18.pdf%5C9845e-2024-07-30-08-09-18.pdf",
        "periodicity": "periodic"
    },
    {
        "equity_ticker": "PINS",
        "geography": "US",
        "content_name": "AGM 2024 - May 23, 2024",
        "file_type": "pdf",
        "content_type": "company_conference_transcript",
        "published_date": "2024-05-23",
        "fiscal_date": "2024-05-23",
        "fiscal_year": null,
        "fiscal_quarter": null,
        "r2_url": "https://pub-2c783279b61043e19fbdadd1bee5153a.r2.dev/PINS/2024-05-23/Pinterest%2C%20Inc._2024-05-23_transcript/Pinterest%2C%20Inc._2024-05-23_transcript.pdf%5CPinterest%2C%20Inc._2024-05-23_transcript.pdf",
        "periodicity": "non_periodic"
    },
    {
        "equity_ticker": "PINS",
        "geography": "US",
        "content_name": "PINS Q1 2024 Transcript",
        "file_type": "pdf",
        "content_type": "earnings_transcript",
        "published_date": "2024-04-30",
        "fiscal_date": "2024-04-30",
        "fiscal_year": 2024,
        "fiscal_quarter": 1,
        "r2_url": "https://pub-2c783279b61043e19fbdadd1bee5153a.r2.dev/PINS/2024-04-30/Pinterest%2C%20Inc._2024-04-30_transcript/Pinterest%2C%20Inc._2024-04-30_transcript.pdf%5CPinterest%2C%20Inc._2024-04-30_transcript.pdf",
        "periodicity": "periodic"
    },
    {
        "equity_ticker": "PINS",
        "geography": "US",
        "content_name": "PINS Q1 2024 Press Release",
        "file_type": "pdf",
        "content_type": "earnings_press_release",
        "published_date": "2024-04-30",
        "fiscal_date": "2024-04-30",
        "fiscal_year": 2024,
        "fiscal_quarter": 1,
        "r2_url": "https://pub-2c783279b61043e19fbdadd1bee5153a.r2.dev/PINS/2024-04-30/118d1-2024-04-30-08-11-12/118d1-2024-04-30-08-11-12.pdf%5C118d1-2024-04-30-08-11-12.pdf",
        "periodicity": "periodic"
    },
    {
        "equity_ticker": "PINS",
        "geography": "US",
        "content_name": "PINS Q1 2024 Presentation",
        "file_type": "pdf",
        "content_type": "earnings_presentation",
        "published_date": "2024-04-30",
        "fiscal_date": "2024-04-30",
        "fiscal_year": 2024,
        "fiscal_quarter": 1,
        "r2_url": "https://pub-2c783279b61043e19fbdadd1bee5153a.r2.dev/PINS/2024-04-30/f5ca0-2024-04-30-08-23-24/f5ca0-2024-04-30-08-23-24.pdf%5Cf5ca0-2024-04-30-08-23-24.pdf",
        "periodicity": "periodic"
    },
    {
        "equity_ticker": "PINS",
        "geography": "US",
        "content_name": "Morgan Stanley\u2019s Technology, Media & Telecom Conference 2024 - March 6, 2024",
        "file_type": "pdf",
        "content_type": "sellside_conference_transcript",
        "published_date": "2024-03-06",
        "fiscal_date": "2024-03-06",
        "fiscal_year": null,
        "fiscal_quarter": null,
        "r2_url": "https://pub-2c783279b61043e19fbdadd1bee5153a.r2.dev/PINS/2024-03-06/Pinterest%2C%20Inc._2024-03-06_transcript/Pinterest%2C%20Inc._2024-03-06_transcript.pdf%5CPinterest%2C%20Inc._2024-03-06_transcript.pdf",
        "periodicity": "non_periodic"
    },
    {
        "equity_ticker": "PINS",
        "geography": "US",
        "content_name": "PINS Q4 2023 Transcript",
        "file_type": "pdf",
        "content_type": "earnings_transcript",
        "published_date": "2024-02-08",
        "fiscal_date": "2024-02-08",
        "fiscal_year": 2023,
        "fiscal_quarter": 4,
        "r2_url": "https://pub-2c783279b61043e19fbdadd1bee5153a.r2.dev/PINS/2024-02-08/Pinterest%2C%20Inc._2024-02-08_transcript/Pinterest%2C%20Inc._2024-02-08_transcript.pdf%5CPinterest%2C%20Inc._2024-02-08_transcript.pdf",
        "periodicity": "periodic"
    },
    {
        "equity_ticker": "PINS",
        "geography": "US",
        "content_name": "PINS Q4 2023 Press Release",
        "file_type": "pdf",
        "content_type": "earnings_press_release",
        "published_date": "2024-02-08",
        "fiscal_date": "2024-02-08",
        "fiscal_year": 2023,
        "fiscal_quarter": 4,
        "r2_url": "https://pub-2c783279b61043e19fbdadd1bee5153a.r2.dev/PINS/2024-02-08/b7a4d-2024-02-08-09-06-12/b7a4d-2024-02-08-09-06-12.pdf%5Cb7a4d-2024-02-08-09-06-12.pdf",
        "periodicity": "periodic"
    },
    {
        "equity_ticker": "PINS",
        "geography": "US",
        "content_name": "PINS Q4 2023 Presentation",
        "file_type": "pdf",
        "content_type": "earnings_presentation",
        "published_date": "2024-02-08",
        "fiscal_date": "2024-02-08",
        "fiscal_year": 2023,
        "fiscal_quarter": 4,
        "r2_url": "https://pub-2c783279b61043e19fbdadd1bee5153a.r2.dev/PINS/2024-02-08/c8878-2024-02-08-09-27-17/c8878-2024-02-08-09-27-17.pdf%5Cc8878-2024-02-08-09-27-17.pdf",
        "periodicity": "periodic"
    },
    {
        "equity_ticker": "PINS",
        "geography": "US",
        "content_name": "PINS Q3 2023 Transcript",
        "file_type": "pdf",
        "content_type": "earnings_transcript",
        "published_date": "2023-10-30",
        "fiscal_date": "2023-10-30",
        "fiscal_year": 2023,
        "fiscal_quarter": 3,
        "r2_url": "https://pub-2c783279b61043e19fbdadd1bee5153a.r2.dev/PINS/2023-10-30/Pinterest%2C%20Inc._2023-10-30_transcript/Pinterest%2C%20Inc._2023-10-30_transcript.pdf%5CPinterest%2C%20Inc._2023-10-30_transcript.pdf",
        "periodicity": "periodic"
    },
    {
        "equity_ticker": "PINS",
        "geography": "US",
        "content_name": "PINS Q3 2023 Press Release",
        "file_type": "pdf",
        "content_type": "earnings_press_release",
        "published_date": "2023-10-30",
        "fiscal_date": "2023-10-30",
        "fiscal_year": 2023,
        "fiscal_quarter": 3,
        "r2_url": "https://pub-2c783279b61043e19fbdadd1bee5153a.r2.dev/PINS/2023-10-30/0a67d-2023-10-30-08-07-10/0a67d-2023-10-30-08-07-10.pdf%5C0a67d-2023-10-30-08-07-10.pdf",
        "periodicity": "periodic"
    },
    {
        "equity_ticker": "PINS",
        "geography": "US",
        "content_name": "PINS Q3 2023 Presentation",
        "file_type": "pdf",
        "content_type": "earnings_presentation",
        "published_date": "2023-10-30",
        "fiscal_date": "2023-10-30",
        "fiscal_year": 2023,
        "fiscal_quarter": 3,
        "r2_url": "https://pub-2c783279b61043e19fbdadd1bee5153a.r2.dev/PINS/2023-10-30/464fe-2023-10-30-08-27-26/464fe-2023-10-30-08-27-26.pdf%5C464fe-2023-10-30-08-27-26.pdf",
        "periodicity": "periodic"
    },
    {
        "equity_ticker": "PINS",
        "geography": "US",
        "content_name": "Investor Day 2023 - September 19, 2023",
        "file_type": "pdf",
        "content_type": "company_conference_transcript",
        "published_date": "2023-09-19",
        "fiscal_date": "2023-09-19",
        "fiscal_year": null,
        "fiscal_quarter": null,
        "r2_url": "https://pub-2c783279b61043e19fbdadd1bee5153a.r2.dev/PINS/2023-09-19/Pinterest%2C%20Inc._2023-09-19_transcript/Pinterest%2C%20Inc._2023-09-19_transcript.pdf%5CPinterest%2C%20Inc._2023-09-19_transcript.pdf",
        "periodicity": "non_periodic"
    },
    {
        "equity_ticker": "PINS",
        "geography": "US",
        "content_name": "Investor Day 2023 - September 19, 2023",
        "file_type": "pdf",
        "content_type": "company_conference_presentation",
        "published_date": "2023-09-19",
        "fiscal_date": "2023-09-19",
        "fiscal_year": null,
        "fiscal_quarter": null,
        "r2_url": "https://pub-2c783279b61043e19fbdadd1bee5153a.r2.dev/PINS/2023-09-19/8b396-2023-09-21-07-21-10/8b396-2023-09-21-07-21-10.pdf%5C8b396-2023-09-21-07-21-10.pdf",
        "periodicity": "non_periodic"
    },
    {
        "equity_ticker": "PINS",
        "geography": "US",
        "content_name": "PINS Q2 2023 Transcript",
        "file_type": "pdf",
        "content_type": "earnings_transcript",
        "published_date": "2023-08-01",
        "fiscal_date": "2023-08-01",
        "fiscal_year": 2023,
        "fiscal_quarter": 2,
        "r2_url": "https://pub-2c783279b61043e19fbdadd1bee5153a.r2.dev/PINS/2023-08-01/Pinterest%2C%20Inc._2023-08-01_transcript/Pinterest%2C%20Inc._2023-08-01_transcript.pdf%5CPinterest%2C%20Inc._2023-08-01_transcript.pdf",
        "periodicity": "periodic"
    },
    {
        "equity_ticker": "PINS",
        "geography": "US",
        "content_name": "PINS Q2 2023 Press Release",
        "file_type": "pdf",
        "content_type": "earnings_press_release",
        "published_date": "2023-08-01",
        "fiscal_date": "2023-08-01",
        "fiscal_year": 2023,
        "fiscal_quarter": 2,
        "r2_url": "https://pub-2c783279b61043e19fbdadd1bee5153a.r2.dev/PINS/2023-08-01/7cb66-2023-08-01-08-51-10/7cb66-2023-08-01-08-51-10.pdf%5C7cb66-2023-08-01-08-51-10.pdf",
        "periodicity": "periodic"
    },
    {
        "equity_ticker": "PINS",
        "geography": "US",
        "content_name": "PINS Q2 2023 Presentation",
        "file_type": "pdf",
        "content_type": "earnings_presentation",
        "published_date": "2023-08-01",
        "fiscal_date": "2023-08-01",
        "fiscal_year": 2023,
        "fiscal_quarter": 2,
        "r2_url": "https://pub-2c783279b61043e19fbdadd1bee5153a.r2.dev/PINS/2023-08-01/6c704-2023-08-01-08-51-10/6c704-2023-08-01-08-51-10.pdf%5C6c704-2023-08-01-08-51-10.pdf",
        "periodicity": "periodic"
    },
    {
        "equity_ticker": "PINS",
        "geography": "US",
        "content_name": "51st Annual J.P. Morgan\u2019s Global Technology, Media and Communications Conference 2023 - May 23, 2023",
        "file_type": "pdf",
        "content_type": "sellside_conference_transcript",
        "published_date": "2023-05-23",
        "fiscal_date": "2023-05-23",
        "fiscal_year": null,
        "fiscal_quarter": null,
        "r2_url": "https://pub-2c783279b61043e19fbdadd1bee5153a.r2.dev/PINS/2023-05-23/Pinterest%2C%20Inc._2023-05-23_transcript/Pinterest%2C%20Inc._2023-05-23_transcript.pdf%5CPinterest%2C%20Inc._2023-05-23_transcript.pdf",
        "periodicity": "non_periodic"
    },
    {
        "equity_ticker": "PINS",
        "geography": "US",
        "content_name": "PINS Q1 2023 Transcript",
        "file_type": "pdf",
        "content_type": "earnings_transcript",
        "published_date": "2023-04-27",
        "fiscal_date": "2023-04-27",
        "fiscal_year": 2023,
        "fiscal_quarter": 1,
        "r2_url": "https://pub-2c783279b61043e19fbdadd1bee5153a.r2.dev/PINS/2023-04-27/Pinterest%2C%20Inc._2023-04-27_transcript/Pinterest%2C%20Inc._2023-04-27_transcript.pdf%5CPinterest%2C%20Inc._2023-04-27_transcript.pdf",
        "periodicity": "periodic"
    },
    {
        "equity_ticker": "PINS",
        "geography": "US",
        "content_name": "PINS Q1 2023 Press Release",
        "file_type": "pdf",
        "content_type": "earnings_press_release",
        "published_date": "2023-04-27",
        "fiscal_date": "2023-04-27",
        "fiscal_year": 2023,
        "fiscal_quarter": 1,
        "r2_url": "https://pub-2c783279b61043e19fbdadd1bee5153a.r2.dev/PINS/2023-04-27/79141-2023-04-27-08-33-08/79141-2023-04-27-08-33-08.pdf%5C79141-2023-04-27-08-33-08.pdf",
        "periodicity": "periodic"
    },
    {
        "equity_ticker": "PINS",
        "geography": "US",
        "content_name": "PINS Q1 2023 Presentation",
        "file_type": "pdf",
        "content_type": "earnings_presentation",
        "published_date": "2023-04-27",
        "fiscal_date": "2023-04-27",
        "fiscal_year": 2023,
        "fiscal_quarter": 1,
        "r2_url": "https://pub-2c783279b61043e19fbdadd1bee5153a.r2.dev/PINS/2023-04-27/bcb68-2023-04-27-08-44-08/bcb68-2023-04-27-08-44-08.pdf%5Cbcb68-2023-04-27-08-44-08.pdf",
        "periodicity": "periodic"
    },
    {
        "equity_ticker": "PINS",
        "geography": "US",
        "content_name": "Morgan Stanley Technology, Media & Telecom Conference - March 8, 2023",
        "file_type": "pdf",
        "content_type": "sellside_conference_transcript",
        "published_date": "2023-03-08",
        "fiscal_date": "2023-03-08",
        "fiscal_year": null,
        "fiscal_quarter": null,
        "r2_url": "https://pub-2c783279b61043e19fbdadd1bee5153a.r2.dev/PINS/2023-03-08/Pinterest%2C%20Inc._2023-03-08_transcript/Pinterest%2C%20Inc._2023-03-08_transcript.pdf%5CPinterest%2C%20Inc._2023-03-08_transcript.pdf",
        "periodicity": "non_periodic"
    },
    {
        "equity_ticker": "PINS",
        "geography": "US",
        "content_name": "PINS Q4 2022 Transcript",
        "file_type": "pdf",
        "content_type": "earnings_transcript",
        "published_date": "2023-02-06",
        "fiscal_date": "2023-02-06",
        "fiscal_year": 2022,
        "fiscal_quarter": 4,
        "r2_url": "https://pub-2c783279b61043e19fbdadd1bee5153a.r2.dev/PINS/2023-02-06/Pinterest%2C%20Inc._2023-02-06_transcript/Pinterest%2C%20Inc._2023-02-06_transcript.pdf%5CPinterest%2C%20Inc._2023-02-06_transcript.pdf",
        "periodicity": "periodic"
    },
    {
        "equity_ticker": "PINS",
        "geography": "US",
        "content_name": "PINS Q4 2022 Press Release",
        "file_type": "pdf",
        "content_type": "earnings_press_release",
        "published_date": "2023-02-06",
        "fiscal_date": "2023-02-06",
        "fiscal_year": 2022,
        "fiscal_quarter": 4,
        "r2_url": "https://pub-2c783279b61043e19fbdadd1bee5153a.r2.dev/PINS/2023-02-06/20632-2023-02-06-09-11-15/20632-2023-02-06-09-11-15.pdf%5C20632-2023-02-06-09-11-15.pdf",
        "periodicity": "periodic"
    },
    {
        "equity_ticker": "PINS",
        "geography": "US",
        "content_name": "PINS Q4 2022 Presentation",
        "file_type": "pdf",
        "content_type": "earnings_presentation",
        "published_date": "2023-02-06",
        "fiscal_date": "2023-02-06",
        "fiscal_year": 2022,
        "fiscal_quarter": 4,
        "r2_url": "https://pub-2c783279b61043e19fbdadd1bee5153a.r2.dev/PINS/2023-02-06/2b0fd-2023-02-06-09-11-15/2b0fd-2023-02-06-09-11-15.pdf%5C2b0fd-2023-02-06-09-11-15.pdf",
        "periodicity": "periodic"
    },
    {
        "equity_ticker": "PINS",
        "geography": "US",
        "content_name": "PINS Q3 2022 Transcript",
        "file_type": "pdf",
        "content_type": "earnings_transcript",
        "published_date": "2022-10-27",
        "fiscal_date": "2022-10-27",
        "fiscal_year": 2022,
        "fiscal_quarter": 3,
        "r2_url": "https://pub-2c783279b61043e19fbdadd1bee5153a.r2.dev/PINS/2022-10-27/Pinterest%2C%20Inc._2022-10-27_transcript/Pinterest%2C%20Inc._2022-10-27_transcript.pdf%5CPinterest%2C%20Inc._2022-10-27_transcript.pdf",
        "periodicity": "periodic"
    },
    {
        "equity_ticker": "PINS",
        "geography": "US",
        "content_name": "PINS Q3 2022 Press Release",
        "file_type": "pdf",
        "content_type": "earnings_press_release",
        "published_date": "2022-10-27",
        "fiscal_date": "2022-10-27",
        "fiscal_year": 2022,
        "fiscal_quarter": 3,
        "r2_url": "https://pub-2c783279b61043e19fbdadd1bee5153a.r2.dev/PINS/2022-10-27/72935-2022-10-27-08-54-10/72935-2022-10-27-08-54-10.pdf%5C72935-2022-10-27-08-54-10.pdf",
        "periodicity": "periodic"
    },
    {
        "equity_ticker": "PINS",
        "geography": "US",
        "content_name": "PINS Q3 2022 Presentation",
        "file_type": "pdf",
        "content_type": "earnings_presentation",
        "published_date": "2022-10-27",
        "fiscal_date": "2022-10-27",
        "fiscal_year": 2022,
        "fiscal_quarter": 3,
        "r2_url": "https://pub-2c783279b61043e19fbdadd1bee5153a.r2.dev/PINS/2022-10-27/13a35-2022-10-27-08-55-10/13a35-2022-10-27-08-55-10.pdf%5C13a35-2022-10-27-08-55-10.pdf",
        "periodicity": "periodic"
    },
    {
        "equity_ticker": "PINS",
        "geography": "US",
        "content_name": "PINS Q2 2022 Transcript",
        "file_type": "pdf",
        "content_type": "earnings_transcript",
        "published_date": "2022-08-01",
        "fiscal_date": "2022-08-01",
        "fiscal_year": 2022,
        "fiscal_quarter": 2,
        "r2_url": "https://pub-2c783279b61043e19fbdadd1bee5153a.r2.dev/PINS/2022-08-01/Pinterest%2C%20Inc._2022-08-01_transcript/Pinterest%2C%20Inc._2022-08-01_transcript.pdf%5CPinterest%2C%20Inc._2022-08-01_transcript.pdf",
        "periodicity": "periodic"
    },
    {
        "equity_ticker": "PINS",
        "geography": "US",
        "content_name": "PINS Q2 2022 Press Release",
        "file_type": "pdf",
        "content_type": "earnings_press_release",
        "published_date": "2022-08-01",
        "fiscal_date": "2022-08-01",
        "fiscal_year": 2022,
        "fiscal_quarter": 2,
        "r2_url": "https://pub-2c783279b61043e19fbdadd1bee5153a.r2.dev/PINS/2022-08-01/c49bd-2022-08-01-08-44-11/c49bd-2022-08-01-08-44-11.pdf%5Cc49bd-2022-08-01-08-44-11.pdf",
        "periodicity": "periodic"
    },
    {
        "equity_ticker": "PINS",
        "geography": "US",
        "content_name": "PINS Q2 2022 Presentation",
        "file_type": "pdf",
        "content_type": "earnings_presentation",
        "published_date": "2022-08-01",
        "fiscal_date": "2022-08-01",
        "fiscal_year": 2022,
        "fiscal_quarter": 2,
        "r2_url": "https://pub-2c783279b61043e19fbdadd1bee5153a.r2.dev/PINS/2022-08-01/7db57-2022-08-01-08-40-11/7db57-2022-08-01-08-40-11.pdf%5C7db57-2022-08-01-08-40-11.pdf",
        "periodicity": "periodic"
    },
    {
        "equity_ticker": "PINS",
        "geography": "US",
        "content_name": "PINS Q1 2022 Transcript",
        "file_type": "pdf",
        "content_type": "earnings_transcript",
        "published_date": "2022-04-27",
        "fiscal_date": "2022-04-27",
        "fiscal_year": 2022,
        "fiscal_quarter": 1,
        "r2_url": "https://pub-2c783279b61043e19fbdadd1bee5153a.r2.dev/PINS/2022-04-27/Pinterest%2C%20Inc._2022-04-27_transcript/Pinterest%2C%20Inc._2022-04-27_transcript.pdf%5CPinterest%2C%20Inc._2022-04-27_transcript.pdf",
        "periodicity": "periodic"
    },
    {
        "equity_ticker": "PINS",
        "geography": "US",
        "content_name": "PINS Q1 2022 Press Release",
        "file_type": "pdf",
        "content_type": "quarterly_report",
        "published_date": "2022-04-27",
        "fiscal_date": "2022-04-27",
        "fiscal_year": 2022,
        "fiscal_quarter": 1,
        "r2_url": "https://pub-2c783279b61043e19fbdadd1bee5153a.r2.dev/PINS/2022-04-27/8e008-2024-08-30-07-51-09/8e008-2024-08-30-07-51-09.pdf%5C8e008-2024-08-30-07-51-09.pdf",
        "periodicity": "periodic"
    },
    {
        "equity_ticker": "PINS",
        "geography": "US",
        "content_name": "PINS Q1 2022 Presentation",
        "file_type": "pdf",
        "content_type": "earnings_presentation",
        "published_date": "2022-04-27",
        "fiscal_date": "2022-04-27",
        "fiscal_year": 2022,
        "fiscal_quarter": 1,
        "r2_url": "https://pub-2c783279b61043e19fbdadd1bee5153a.r2.dev/PINS/2022-04-27/527d1-2022-04-27-02-04-14-migrated/527d1-2022-04-27-02-04-14-migrated.pdf%5C527d1-2022-04-27-02-04-14-migrated.pdf",
        "periodicity": "periodic"
    },
    {
        "equity_ticker": "PINS",
        "geography": "US",
        "content_name": "PINS Q4 2021 Transcript",
        "file_type": "pdf",
        "content_type": "earnings_transcript",
        "published_date": "2022-02-03",
        "fiscal_date": "2022-02-03",
        "fiscal_year": 2021,
        "fiscal_quarter": 4,
        "r2_url": "https://pub-2c783279b61043e19fbdadd1bee5153a.r2.dev/PINS/2022-02-03/Pinterest%2C%20Inc._2022-02-03_transcript/Pinterest%2C%20Inc._2022-02-03_transcript.pdf%5CPinterest%2C%20Inc._2022-02-03_transcript.pdf",
        "periodicity": "periodic"
    },
    {
        "equity_ticker": "PINS",
        "geography": "US",
        "content_name": "PINS Q4 2021 Press Release",
        "file_type": "pdf",
        "content_type": "earnings_press_release",
        "published_date": "2022-02-03",
        "fiscal_date": "2022-02-03",
        "fiscal_year": 2021,
        "fiscal_quarter": 4,
        "r2_url": "https://pub-2c783279b61043e19fbdadd1bee5153a.r2.dev/PINS/2022-02-03/678c4-2023-01-25-12-53-20/678c4-2023-01-25-12-53-20.pdf%5C678c4-2023-01-25-12-53-20.pdf",
        "periodicity": "periodic"
    },
    {
        "equity_ticker": "PINS",
        "geography": "US",
        "content_name": "PINS Q4 2021 Presentation",
        "file_type": "pdf",
        "content_type": "earnings_presentation",
        "published_date": "2022-02-03",
        "fiscal_date": "2022-02-03",
        "fiscal_year": 2021,
        "fiscal_quarter": 4,
        "r2_url": "https://pub-2c783279b61043e19fbdadd1bee5153a.r2.dev/PINS/2022-02-03/5f50a-2022-02-03-07-20-55-migrated/5f50a-2022-02-03-07-20-55-migrated.pdf%5C5f50a-2022-02-03-07-20-55-migrated.pdf",
        "periodicity": "periodic"
    },
    {
        "equity_ticker": "PINS",
        "geography": "US",
        "content_name": "PINS Q3 2021 Transcript",
        "file_type": "pdf",
        "content_type": "earnings_transcript",
        "published_date": "2021-11-04",
        "fiscal_date": "2021-11-04",
        "fiscal_year": 2021,
        "fiscal_quarter": 3,
        "r2_url": "https://pub-2c783279b61043e19fbdadd1bee5153a.r2.dev/PINS/2021-11-04/Pinterest%2C%20Inc._2021-11-04_transcript/Pinterest%2C%20Inc._2021-11-04_transcript.pdf%5CPinterest%2C%20Inc._2021-11-04_transcript.pdf",
        "periodicity": "periodic"
    },
    {
        "equity_ticker": "PINS",
        "geography": "US",
        "content_name": "PINS Q3 2021 Press Release",
        "file_type": "pdf",
        "content_type": "quarterly_report",
        "published_date": "2021-11-04",
        "fiscal_date": "2021-11-04",
        "fiscal_year": 2021,
        "fiscal_quarter": 3,
        "r2_url": "https://pub-2c783279b61043e19fbdadd1bee5153a.r2.dev/PINS/2021-11-04/baa62-2024-08-30-07-02-10/baa62-2024-08-30-07-02-10.pdf%5Cbaa62-2024-08-30-07-02-10.pdf",
        "periodicity": "periodic"
    },
    {
        "equity_ticker": "PINS",
        "geography": "US",
        "content_name": "PINS Q2 2021 Transcript",
        "file_type": "pdf",
        "content_type": "earnings_transcript",
        "published_date": "2021-07-28",
        "fiscal_date": "2021-07-28",
        "fiscal_year": 2021,
        "fiscal_quarter": 2,
        "r2_url": "https://pub-2c783279b61043e19fbdadd1bee5153a.r2.dev/PINS/2021-07-28/Pinterest%2C%20Inc._2021-07-28_transcript/Pinterest%2C%20Inc._2021-07-28_transcript.pdf%5CPinterest%2C%20Inc._2021-07-28_transcript.pdf",
        "periodicity": "periodic"
    },
    {
        "equity_ticker": "PINS",
        "geography": "US",
        "content_name": "PINS Q2 2021 Press Release",
        "file_type": "pdf",
        "content_type": "earnings_press_release",
        "published_date": "2021-07-28",
        "fiscal_date": "2021-07-28",
        "fiscal_year": 2021,
        "fiscal_quarter": 2,
        "r2_url": "https://pub-2c783279b61043e19fbdadd1bee5153a.r2.dev/PINS/2021-07-28/2d316-2023-01-25-10-40-03/2d316-2023-01-25-10-40-03.pdf%5C2d316-2023-01-25-10-40-03.pdf",
        "periodicity": "periodic"
    },
    {
        "equity_ticker": "PINS",
        "geography": "US",
        "content_name": "PINS Q2 2021 Presentation",
        "file_type": "pdf",
        "content_type": "earnings_presentation",
        "published_date": "2021-07-28",
        "fiscal_date": "2021-07-28",
        "fiscal_year": 2021,
        "fiscal_quarter": 2,
        "r2_url": "https://pub-2c783279b61043e19fbdadd1bee5153a.r2.dev/PINS/2021-07-28/709a4-2021-07-28-11-00-56-migrated/709a4-2021-07-28-11-00-56-migrated.pdf%5C709a4-2021-07-28-11-00-56-migrated.pdf",
        "periodicity": "periodic"
    },
    {
        "equity_ticker": "PINS",
        "geography": "US",
        "content_name": "AGM 2021 - May 27, 2021",
        "file_type": "pdf",
        "content_type": "company_conference_transcript",
        "published_date": "2021-05-27",
        "fiscal_date": "2021-05-27",
        "fiscal_year": null,
        "fiscal_quarter": null,
        "r2_url": "https://pub-2c783279b61043e19fbdadd1bee5153a.r2.dev/PINS/2021-05-27/Pinterest%2C%20Inc._2021-05-27_transcript/Pinterest%2C%20Inc._2021-05-27_transcript.pdf%5CPinterest%2C%20Inc._2021-05-27_transcript.pdf",
        "periodicity": "non_periodic"
    },
    {
        "equity_ticker": "PINS",
        "geography": "US",
        "content_name": "PINS Q1 2021 Transcript",
        "file_type": "pdf",
        "content_type": "earnings_transcript",
        "published_date": "2021-04-27",
        "fiscal_date": "2021-04-27",
        "fiscal_year": 2021,
        "fiscal_quarter": 1,
        "r2_url": "https://pub-2c783279b61043e19fbdadd1bee5153a.r2.dev/PINS/2021-04-27/Pinterest%2C%20Inc._2021-04-27_transcript/Pinterest%2C%20Inc._2021-04-27_transcript.pdf%5CPinterest%2C%20Inc._2021-04-27_transcript.pdf",
        "periodicity": "periodic"
    },
    {
        "equity_ticker": "PINS",
        "geography": "US",
        "content_name": "PINS Q1 2021 Press Release",
        "file_type": "pdf",
        "content_type": "quarterly_report",
        "published_date": "2021-04-27",
        "fiscal_date": "2021-04-27",
        "fiscal_year": 2021,
        "fiscal_quarter": 1,
        "r2_url": "https://pub-2c783279b61043e19fbdadd1bee5153a.r2.dev/PINS/2021-04-27/75a0c-2024-08-30-07-06-10/75a0c-2024-08-30-07-06-10.pdf%5C75a0c-2024-08-30-07-06-10.pdf",
        "periodicity": "periodic"
    },
    {
        "equity_ticker": "PINS",
        "geography": "US",
        "content_name": "PINS Q1 2021 Presentation",
        "file_type": "pdf",
        "content_type": "earnings_presentation",
        "published_date": "2021-04-27",
        "fiscal_date": "2021-04-27",
        "fiscal_year": 2021,
        "fiscal_quarter": 1,
        "r2_url": "https://pub-2c783279b61043e19fbdadd1bee5153a.r2.dev/PINS/2021-04-27/a5f42-2021-04-27-08-00-26-migrated/a5f42-2021-04-27-08-00-26-migrated.pdf%5Ca5f42-2021-04-27-08-00-26-migrated.pdf",
        "periodicity": "periodic"
    },
    {
        "equity_ticker": "PINS",
        "geography": "US",
        "content_name": "PINS Q4 2020 Transcript",
        "file_type": "pdf",
        "content_type": "earnings_transcript",
        "published_date": "2021-02-04",
        "fiscal_date": "2021-02-04",
        "fiscal_year": 2020,
        "fiscal_quarter": 4,
        "r2_url": "https://pub-2c783279b61043e19fbdadd1bee5153a.r2.dev/PINS/2021-02-04/Pinterest%2C%20Inc._2021-02-04_transcript/Pinterest%2C%20Inc._2021-02-04_transcript.pdf%5CPinterest%2C%20Inc._2021-02-04_transcript.pdf",
        "periodicity": "periodic"
    },
    {
        "equity_ticker": "PINS",
        "geography": "US",
        "content_name": "PINS Q4 2020 Press Release",
        "file_type": "pdf",
        "content_type": "earnings_press_release",
        "published_date": "2021-02-04",
        "fiscal_date": "2021-02-04",
        "fiscal_year": 2020,
        "fiscal_quarter": 4,
        "r2_url": "https://pub-2c783279b61043e19fbdadd1bee5153a.r2.dev/PINS/2021-02-04/dd14e-2023-12-07-05-06-19/dd14e-2023-12-07-05-06-19.pdf%5Cdd14e-2023-12-07-05-06-19.pdf",
        "periodicity": "periodic"
    },
    {
        "equity_ticker": "PINS",
        "geography": "US",
        "content_name": "PINS Q4 2020 Presentation",
        "file_type": "pdf",
        "content_type": "earnings_presentation",
        "published_date": "2021-02-04",
        "fiscal_date": "2021-02-04",
        "fiscal_year": 2020,
        "fiscal_quarter": 4,
        "r2_url": "https://pub-2c783279b61043e19fbdadd1bee5153a.r2.dev/PINS/2021-02-04/b538b-2023-12-07-05-06-19/b538b-2023-12-07-05-06-19.pdf%5Cb538b-2023-12-07-05-06-19.pdf",
        "periodicity": "periodic"
    },
    {
        "equity_ticker": "PINS",
        "geography": "US",
        "content_name": "PINS Q3 2020 Transcript",
        "file_type": "pdf",
        "content_type": "earnings_transcript",
        "published_date": "2020-10-28",
        "fiscal_date": "2020-10-28",
        "fiscal_year": 2020,
        "fiscal_quarter": 3,
        "r2_url": "https://pub-2c783279b61043e19fbdadd1bee5153a.r2.dev/PINS/2020-10-28/Pinterest%2C%20Inc._2020-10-28_transcript/Pinterest%2C%20Inc._2020-10-28_transcript.pdf%5CPinterest%2C%20Inc._2020-10-28_transcript.pdf",
        "periodicity": "periodic"
    },
    {
        "equity_ticker": "PINS",
        "geography": "US",
        "content_name": "PINS Q3 2020 Press Release",
        "file_type": "pdf",
        "content_type": "earnings_press_release",
        "published_date": "2020-10-28",
        "fiscal_date": "2020-10-28",
        "fiscal_year": 2020,
        "fiscal_quarter": 3,
        "r2_url": "https://pub-2c783279b61043e19fbdadd1bee5153a.r2.dev/PINS/2020-10-28/ba9d0-2023-12-07-05-53-19/ba9d0-2023-12-07-05-53-19.pdf%5Cba9d0-2023-12-07-05-53-19.pdf",
        "periodicity": "periodic"
    },
    {
        "equity_ticker": "PINS",
        "geography": "US",
        "content_name": "PINS Q3 2020 Presentation",
        "file_type": "pdf",
        "content_type": "earnings_presentation",
        "published_date": "2020-10-28",
        "fiscal_date": "2020-10-28",
        "fiscal_year": 2020,
        "fiscal_quarter": 3,
        "r2_url": "https://pub-2c783279b61043e19fbdadd1bee5153a.r2.dev/PINS/2020-10-28/4bba7-2023-12-07-05-53-19/4bba7-2023-12-07-05-53-19.pdf%5C4bba7-2023-12-07-05-53-19.pdf",
        "periodicity": "periodic"
    },
    {
        "equity_ticker": "PINS",
        "geography": "US",
        "content_name": "PINS Q2 2020 Transcript",
        "file_type": "pdf",
        "content_type": "earnings_transcript",
        "published_date": "2020-07-31",
        "fiscal_date": "2020-07-31",
        "fiscal_year": 2020,
        "fiscal_quarter": 2,
        "r2_url": "https://pub-2c783279b61043e19fbdadd1bee5153a.r2.dev/PINS/2020-07-31/Pinterest%2C%20Inc._2020-07-31_transcript/Pinterest%2C%20Inc._2020-07-31_transcript.pdf%5CPinterest%2C%20Inc._2020-07-31_transcript.pdf",
        "periodicity": "periodic"
    },
    {
        "equity_ticker": "PINS",
        "geography": "US",
        "content_name": "PINS Q2 2020 Press Release",
        "file_type": "pdf",
        "content_type": "earnings_press_release",
        "published_date": "2020-07-31",
        "fiscal_date": "2020-07-31",
        "fiscal_year": 2020,
        "fiscal_quarter": 2,
        "r2_url": "https://pub-2c783279b61043e19fbdadd1bee5153a.r2.dev/PINS/2020-07-31/efb78-2023-12-07-05-42-20/efb78-2023-12-07-05-42-20.pdf%5Cefb78-2023-12-07-05-42-20.pdf",
        "periodicity": "periodic"
    },
    {
        "equity_ticker": "PINS",
        "geography": "US",
        "content_name": "PINS Q2 2020 Presentation",
        "file_type": "pdf",
        "content_type": "earnings_presentation",
        "published_date": "2020-07-31",
        "fiscal_date": "2020-07-31",
        "fiscal_year": 2020,
        "fiscal_quarter": 2,
        "r2_url": "https://pub-2c783279b61043e19fbdadd1bee5153a.r2.dev/PINS/2020-07-31/59319-2023-12-07-05-42-20/59319-2023-12-07-05-42-20.pdf%5C59319-2023-12-07-05-42-20.pdf",
        "periodicity": "periodic"
    },
    {
        "equity_ticker": "PINS",
        "geography": "US",
        "content_name": "AGM 2020 - May 21, 2020",
        "file_type": "pdf",
        "content_type": "company_conference_transcript",
        "published_date": "2020-05-21",
        "fiscal_date": "2020-05-21",
        "fiscal_year": null,
        "fiscal_quarter": null,
        "r2_url": "https://pub-2c783279b61043e19fbdadd1bee5153a.r2.dev/PINS/2020-05-21/Pinterest%2C%20Inc._2020-05-21_transcript/Pinterest%2C%20Inc._2020-05-21_transcript.pdf%5CPinterest%2C%20Inc._2020-05-21_transcript.pdf",
        "periodicity": "non_periodic"
    },
    {
        "equity_ticker": "PINS",
        "geography": "US",
        "content_name": "PINS Q1 2020 Transcript",
        "file_type": "pdf",
        "content_type": "earnings_transcript",
        "published_date": "2020-05-05",
        "fiscal_date": "2020-05-05",
        "fiscal_year": 2020,
        "fiscal_quarter": 1,
        "r2_url": "https://pub-2c783279b61043e19fbdadd1bee5153a.r2.dev/PINS/2020-05-05/Pinterest%2C%20Inc._2020-05-05_transcript/Pinterest%2C%20Inc._2020-05-05_transcript.pdf%5CPinterest%2C%20Inc._2020-05-05_transcript.pdf",
        "periodicity": "periodic"
    },
    {
        "equity_ticker": "PINS",
        "geography": "US",
        "content_name": "PINS Q1 2020 Press Release",
        "file_type": "pdf",
        "content_type": "earnings_press_release",
        "published_date": "2020-05-05",
        "fiscal_date": "2020-05-05",
        "fiscal_year": 2020,
        "fiscal_quarter": 1,
        "r2_url": "https://pub-2c783279b61043e19fbdadd1bee5153a.r2.dev/PINS/2020-05-05/7f917-2023-12-07-05-01-22/7f917-2023-12-07-05-01-22.pdf%5C7f917-2023-12-07-05-01-22.pdf",
        "periodicity": "periodic"
    },
    {
        "equity_ticker": "PINS",
        "geography": "US",
        "content_name": "PINS Q1 2020 Presentation",
        "file_type": "pdf",
        "content_type": "earnings_presentation",
        "published_date": "2020-05-05",
        "fiscal_date": "2020-05-05",
        "fiscal_year": 2020,
        "fiscal_quarter": 1,
        "r2_url": "https://pub-2c783279b61043e19fbdadd1bee5153a.r2.dev/PINS/2020-05-05/d169d-2023-12-07-05-01-22/d169d-2023-12-07-05-01-22.pdf%5Cd169d-2023-12-07-05-01-22.pdf",
        "periodicity": "periodic"
    },
    {
        "equity_ticker": "PINS",
        "geography": "US",
        "content_name": "PINS Q4 2019 Transcript",
        "file_type": "pdf",
        "content_type": "earnings_transcript",
        "published_date": "2020-02-06",
        "fiscal_date": "2020-02-06",
        "fiscal_year": 2019,
        "fiscal_quarter": 4,
        "r2_url": "https://pub-2c783279b61043e19fbdadd1bee5153a.r2.dev/PINS/2020-02-06/Pinterest%2C%20Inc._2020-02-06_transcript/Pinterest%2C%20Inc._2020-02-06_transcript.pdf%5CPinterest%2C%20Inc._2020-02-06_transcript.pdf",
        "periodicity": "periodic"
    },
    {
        "equity_ticker": "PINS",
        "geography": "US",
        "content_name": "PINS Q4 2019 Press Release",
        "file_type": "pdf",
        "content_type": "earnings_press_release",
        "published_date": "2020-02-06",
        "fiscal_date": "2020-02-06",
        "fiscal_year": 2019,
        "fiscal_quarter": 4,
        "r2_url": "https://pub-2c783279b61043e19fbdadd1bee5153a.r2.dev/PINS/2020-02-06/95ec6-2023-12-07-05-42-22/95ec6-2023-12-07-05-42-22.pdf%5C95ec6-2023-12-07-05-42-22.pdf",
        "periodicity": "periodic"
    },
    {
        "equity_ticker": "PINS",
        "geography": "US",
        "content_name": "PINS Q4 2019 Presentation",
        "file_type": "pdf",
        "content_type": "earnings_presentation",
        "published_date": "2020-02-06",
        "fiscal_date": "2020-02-06",
        "fiscal_year": 2019,
        "fiscal_quarter": 4,
        "r2_url": "https://pub-2c783279b61043e19fbdadd1bee5153a.r2.dev/PINS/2020-02-06/daaac-2023-12-07-05-44-22/daaac-2023-12-07-05-44-22.pdf%5Cdaaac-2023-12-07-05-44-22.pdf",
        "periodicity": "periodic"
    },
    {
        "equity_ticker": "PINS",
        "geography": "US",
        "content_name": "PINS Q3 2019 Transcript",
        "file_type": "pdf",
        "content_type": "earnings_transcript",
        "published_date": "2019-10-31",
        "fiscal_date": "2019-10-31",
        "fiscal_year": 2019,
        "fiscal_quarter": 3,
        "r2_url": "https://pub-2c783279b61043e19fbdadd1bee5153a.r2.dev/PINS/2019-10-31/Pinterest%2C%20Inc._2019-10-31_transcript/Pinterest%2C%20Inc._2019-10-31_transcript.pdf%5CPinterest%2C%20Inc._2019-10-31_transcript.pdf",
        "periodicity": "periodic"
    },
    {
        "equity_ticker": "PINS",
        "geography": "US",
        "content_name": "PINS Q3 2019 Press Release",
        "file_type": "pdf",
        "content_type": "earnings_press_release",
        "published_date": "2019-10-31",
        "fiscal_date": "2019-10-31",
        "fiscal_year": 2019,
        "fiscal_quarter": 3,
        "r2_url": "https://pub-2c783279b61043e19fbdadd1bee5153a.r2.dev/PINS/2019-10-31/2591d-2023-12-07-05-50-23/2591d-2023-12-07-05-50-23.pdf%5C2591d-2023-12-07-05-50-23.pdf",
        "periodicity": "periodic"
    },
    {
        "equity_ticker": "PINS",
        "geography": "US",
        "content_name": "PINS Q3 2019 Presentation",
        "file_type": "pdf",
        "content_type": "earnings_presentation",
        "published_date": "2019-10-31",
        "fiscal_date": "2019-10-31",
        "fiscal_year": 2019,
        "fiscal_quarter": 3,
        "r2_url": "https://pub-2c783279b61043e19fbdadd1bee5153a.r2.dev/PINS/2019-10-31/e6357-2023-12-07-05-52-23/e6357-2023-12-07-05-52-23.pdf%5Ce6357-2023-12-07-05-52-23.pdf",
        "periodicity": "periodic"
    },
    {
        "equity_ticker": "PINS",
        "geography": "US",
        "content_name": "PINS Q2 2019 Transcript",
        "file_type": "pdf",
        "content_type": "earnings_transcript",
        "published_date": "2019-08-01",
        "fiscal_date": "2019-08-01",
        "fiscal_year": 2019,
        "fiscal_quarter": 2,
        "r2_url": "https://pub-2c783279b61043e19fbdadd1bee5153a.r2.dev/PINS/2019-08-01/Pinterest%2C%20Inc._2019-08-01_transcript/Pinterest%2C%20Inc._2019-08-01_transcript.pdf%5CPinterest%2C%20Inc._2019-08-01_transcript.pdf",
        "periodicity": "periodic"
    },
    {
        "equity_ticker": "PINS",
        "geography": "US",
        "content_name": "PINS Q2 2019 Press Release",
        "file_type": "pdf",
        "content_type": "earnings_press_release",
        "published_date": "2019-08-01",
        "fiscal_date": "2019-08-01",
        "fiscal_year": 2019,
        "fiscal_quarter": 2,
        "r2_url": "https://pub-2c783279b61043e19fbdadd1bee5153a.r2.dev/PINS/2019-08-01/fa295-2023-12-07-05-57-24/fa295-2023-12-07-05-57-24.pdf%5Cfa295-2023-12-07-05-57-24.pdf",
        "periodicity": "periodic"
    },
    {
        "equity_ticker": "PINS",
        "geography": "US",
        "content_name": "PINS Q2 2019 Presentation",
        "file_type": "pdf",
        "content_type": "earnings_presentation",
        "published_date": "2019-08-01",
        "fiscal_date": "2019-08-01",
        "fiscal_year": 2019,
        "fiscal_quarter": 2,
        "r2_url": "https://pub-2c783279b61043e19fbdadd1bee5153a.r2.dev/PINS/2019-08-01/e9054-2023-12-07-05-59-24/e9054-2023-12-07-05-59-24.pdf%5Ce9054-2023-12-07-05-59-24.pdf",
        "periodicity": "periodic"
    },
    {
        "equity_ticker": "PINS",
        "geography": "US",
        "content_name": "PINS Q1 2019 Transcript",
        "file_type": "pdf",
        "content_type": "earnings_transcript",
        "published_date": "2019-05-16",
        "fiscal_date": "2019-05-16",
        "fiscal_year": 2019,
        "fiscal_quarter": 1,
        "r2_url": "https://pub-2c783279b61043e19fbdadd1bee5153a.r2.dev/PINS/2019-05-16/Pinterest%2C%20Inc._2019-05-16_transcript/Pinterest%2C%20Inc._2019-05-16_transcript.pdf%5CPinterest%2C%20Inc._2019-05-16_transcript.pdf",
        "periodicity": "periodic"
    },
    {
        "equity_ticker": "PINS",
        "geography": "US",
        "content_name": "PINS Q1 2019 Press Release",
        "file_type": "pdf",
        "content_type": "earnings_press_release",
        "published_date": "2019-05-16",
        "fiscal_date": "2019-05-16",
        "fiscal_year": 2019,
        "fiscal_quarter": 1,
        "r2_url": "https://pub-2c783279b61043e19fbdadd1bee5153a.r2.dev/PINS/2019-05-16/24c40-2023-12-07-05-24-26/24c40-2023-12-07-05-24-26.pdf%5C24c40-2023-12-07-05-24-26.pdf",
        "periodicity": "periodic"
    },
    {
        "equity_ticker": "PINS",
        "geography": "US",
        "content_name": "PINS Q1 2019 Presentation",
        "file_type": "pdf",
        "content_type": "earnings_presentation",
        "published_date": "2019-05-16",
        "fiscal_date": "2019-05-16",
        "fiscal_year": 2019,
        "fiscal_quarter": 1,
        "r2_url": "https://pub-2c783279b61043e19fbdadd1bee5153a.r2.dev/PINS/2019-05-16/abdc5-2023-12-07-05-24-26/abdc5-2023-12-07-05-24-26.pdf%5Cabdc5-2023-12-07-05-24-26.pdf",
        "periodicity": "periodic"
    },
    {
        "equity_ticker": "PINS",
        "geography": "US",
        "content_name": "PINS Q4 2024 10-K",
        "file_type": "pdf",
        "content_type": "annual_report",
        "published_date": "2025-02-06",
        "fiscal_date": "2024-12-31",
        "fiscal_year": 2024,
        "fiscal_quarter": 4,
        "r2_url": "https://pub-2c783279b61043e19fbdadd1bee5153a.r2.dev/PINS/2025-02-06/pins-20241231.htm%5Cpins-20241231.pdf",
        "periodicity": "periodic"
    },
    {
        "equity_ticker": "PINS",
        "geography": "US",
        "content_name": "PINS Q3 2024 10-Q",
        "file_type": "pdf",
        "content_type": "quarterly_report",
        "published_date": "2024-11-07",
        "fiscal_date": "2024-09-30",
        "fiscal_year": 2024,
        "fiscal_quarter": 3,
        "r2_url": "https://pub-2c783279b61043e19fbdadd1bee5153a.r2.dev/PINS/2024-11-07/pins-20240930.htm%5Cpins-20240930.pdf",
        "periodicity": "periodic"
    },
    {
        "equity_ticker": "PINS",
        "geography": "US",
        "content_name": "PINS Q2 2024 10-Q",
        "file_type": "pdf",
        "content_type": "quarterly_report",
        "published_date": "2024-07-30",
        "fiscal_date": "2024-06-30",
        "fiscal_year": 2024,
        "fiscal_quarter": 2,
        "r2_url": "https://pub-2c783279b61043e19fbdadd1bee5153a.r2.dev/PINS/2024-07-30/pins-20240630.htm%5Cpins-20240630.pdf",
        "periodicity": "periodic"
    },
    {
        "equity_ticker": "PINS",
        "geography": "US",
        "content_name": "PINS Q1 2024 10-Q",
        "file_type": "pdf",
        "content_type": "quarterly_report",
        "published_date": "2024-04-30",
        "fiscal_date": "2024-03-31",
        "fiscal_year": 2024,
        "fiscal_quarter": 1,
        "r2_url": "https://pub-2c783279b61043e19fbdadd1bee5153a.r2.dev/PINS/2024-04-30/pins-20240331.htm%5Cpins-20240331.pdf",
        "periodicity": "periodic"
    },
    {
        "equity_ticker": "PINS",
        "geography": "US",
        "content_name": "PINS Q4 2023 10-K",
        "file_type": "pdf",
        "content_type": "annual_report",
        "published_date": "2024-02-08",
        "fiscal_date": "2023-12-31",
        "fiscal_year": 2023,
        "fiscal_quarter": 4,
        "r2_url": "https://pub-2c783279b61043e19fbdadd1bee5153a.r2.dev/PINS/2024-02-08/pins-20231231.htm%5Cpins-20231231.pdf",
        "periodicity": "periodic"
    },
    {
        "equity_ticker": "PINS",
        "geography": "US",
        "content_name": "PINS Q3 2023 10-Q",
        "file_type": "pdf",
        "content_type": "quarterly_report",
        "published_date": "2023-10-30",
        "fiscal_date": "2023-09-30",
        "fiscal_year": 2023,
        "fiscal_quarter": 3,
        "r2_url": "https://pub-2c783279b61043e19fbdadd1bee5153a.r2.dev/PINS/2023-10-30/pins-20230930.htm%5Cpins-20230930.pdf",
        "periodicity": "periodic"
    },
    {
        "equity_ticker": "PINS",
        "geography": "US",
        "content_name": "PINS Q2 2023 10-Q",
        "file_type": "pdf",
        "content_type": "quarterly_report",
        "published_date": "2023-08-01",
        "fiscal_date": "2023-06-30",
        "fiscal_year": 2023,
        "fiscal_quarter": 2,
        "r2_url": "https://pub-2c783279b61043e19fbdadd1bee5153a.r2.dev/PINS/2023-08-01/pins-20230630.htm%5Cpins-20230630.pdf",
        "periodicity": "periodic"
    },
    {
        "equity_ticker": "PINS",
        "geography": "US",
        "content_name": "PINS Q1 2023 10-Q",
        "file_type": "pdf",
        "content_type": "quarterly_report",
        "published_date": "2023-04-27",
        "fiscal_date": "2023-03-31",
        "fiscal_year": 2023,
        "fiscal_quarter": 1,
        "r2_url": "https://pub-2c783279b61043e19fbdadd1bee5153a.r2.dev/PINS/2023-04-27/pins-20230331.htm%5Cpins-20230331.pdf",
        "periodicity": "periodic"
    },
    {
        "equity_ticker": "PINS",
        "geography": "US",
        "content_name": "PINS Q4 2022 10-K",
        "file_type": "pdf",
        "content_type": "annual_report",
        "published_date": "2023-02-06",
        "fiscal_date": "2022-12-31",
        "fiscal_year": 2022,
        "fiscal_quarter": 4,
        "r2_url": "https://pub-2c783279b61043e19fbdadd1bee5153a.r2.dev/PINS/2023-02-06/pins-20221231.htm%5Cpins-20221231.pdf",
        "periodicity": "periodic"
    },
    {
        "equity_ticker": "PINS",
        "geography": "US",
        "content_name": "PINS Q3 2022 10-Q",
        "file_type": "pdf",
        "content_type": "quarterly_report",
        "published_date": "2022-10-27",
        "fiscal_date": "2022-09-30",
        "fiscal_year": 2022,
        "fiscal_quarter": 3,
        "r2_url": "https://pub-2c783279b61043e19fbdadd1bee5153a.r2.dev/PINS/2022-10-27/pins-20220930.htm%5Cpins-20220930.pdf",
        "periodicity": "periodic"
    },
    {
        "equity_ticker": "PINS",
        "geography": "US",
        "content_name": "PINS Q2 2022 10-Q",
        "file_type": "pdf",
        "content_type": "quarterly_report",
        "published_date": "2022-08-01",
        "fiscal_date": "2022-06-30",
        "fiscal_year": 2022,
        "fiscal_quarter": 2,
        "r2_url": "https://pub-2c783279b61043e19fbdadd1bee5153a.r2.dev/PINS/2022-08-01/pins-20220630.htm%5Cpins-20220630.pdf",
        "periodicity": "periodic"
    },
    {
        "equity_ticker": "PINS",
        "geography": "US",
        "content_name": "PINS Q1 2022 10-Q",
        "file_type": "pdf",
        "content_type": "quarterly_report",
        "published_date": "2022-04-27",
        "fiscal_date": "2022-03-31",
        "fiscal_year": 2022,
        "fiscal_quarter": 1,
        "r2_url": "https://pub-2c783279b61043e19fbdadd1bee5153a.r2.dev/PINS/2022-04-27/pins-20220331.htm%5Cpins-20220331.pdf",
        "periodicity": "periodic"
    },
    {
        "equity_ticker": "PINS",
        "geography": "US",
        "content_name": "PINS Q4 2021 10-K",
        "file_type": "pdf",
        "content_type": "annual_report",
        "published_date": "2022-02-03",
        "fiscal_date": "2021-12-31",
        "fiscal_year": 2021,
        "fiscal_quarter": 4,
        "r2_url": "https://pub-2c783279b61043e19fbdadd1bee5153a.r2.dev/PINS/2022-02-03/pins-20211231.htm%5Cpins-20211231.pdf",
        "periodicity": "periodic"
    },
    {
        "equity_ticker": "PINS",
        "geography": "US",
        "content_name": "PINS Q3 2021 10-Q",
        "file_type": "pdf",
        "content_type": "quarterly_report",
        "published_date": "2021-11-04",
        "fiscal_date": "2021-09-30",
        "fiscal_year": 2021,
        "fiscal_quarter": 3,
        "r2_url": "https://pub-2c783279b61043e19fbdadd1bee5153a.r2.dev/PINS/2021-11-04/pins-20210930.htm%5Cpins-20210930.pdf",
        "periodicity": "periodic"
    },
    {
        "equity_ticker": "PINS",
        "geography": "US",
        "content_name": "PINS Q2 2021 10-Q",
        "file_type": "pdf",
        "content_type": "quarterly_report",
        "published_date": "2021-07-29",
        "fiscal_date": "2021-06-30",
        "fiscal_year": 2021,
        "fiscal_quarter": 2,
        "r2_url": "https://pub-2c783279b61043e19fbdadd1bee5153a.r2.dev/PINS/2021-07-29/pins-20210630.htm%5Cpins-20210630.pdf",
        "periodicity": "periodic"
    },
    {
        "equity_ticker": "PINS",
        "geography": "US",
        "content_name": "PINS Q1 2021 10-Q",
        "file_type": "pdf",
        "content_type": "quarterly_report",
        "published_date": "2021-04-27",
        "fiscal_date": "2021-03-31",
        "fiscal_year": 2021,
        "fiscal_quarter": 1,
        "r2_url": "https://pub-2c783279b61043e19fbdadd1bee5153a.r2.dev/PINS/2021-04-27/pins-20210331.htm%5Cpins-20210331.pdf",
        "periodicity": "periodic"
    },
    {
        "equity_ticker": "PINS",
        "geography": "US",
        "content_name": "PINS Q4 2020 10-K",
        "file_type": "pdf",
        "content_type": "annual_report",
        "published_date": "2021-02-04",
        "fiscal_date": "2020-12-31",
        "fiscal_year": 2020,
        "fiscal_quarter": 4,
        "r2_url": "https://pub-2c783279b61043e19fbdadd1bee5153a.r2.dev/PINS/2021-02-04/pins-20201231.htm%5Cpins-20201231.pdf",
        "periodicity": "periodic"
    },
    {
        "equity_ticker": "PINS",
        "geography": "US",
        "content_name": "PINS Q3 2020 10-Q",
        "file_type": "pdf",
        "content_type": "quarterly_report",
        "published_date": "2020-10-28",
        "fiscal_date": "2020-09-30",
        "fiscal_year": 2020,
        "fiscal_quarter": 3,
        "r2_url": "https://pub-2c783279b61043e19fbdadd1bee5153a.r2.dev/PINS/2020-10-28/pins-20200930.htm%5Cpins-20200930.pdf",
        "periodicity": "periodic"
    },
    {
        "equity_ticker": "PINS",
        "geography": "US",
        "content_name": "PINS Q2 2020 10-Q",
        "file_type": "pdf",
        "content_type": "quarterly_report",
        "published_date": "2020-07-31",
        "fiscal_date": "2020-06-30",
        "fiscal_year": 2020,
        "fiscal_quarter": 2,
        "r2_url": "https://pub-2c783279b61043e19fbdadd1bee5153a.r2.dev/PINS/2020-07-31/pins-20200630.htm%5Cix.pdf",
        "periodicity": "periodic"
    },
    {
        "equity_ticker": "PINS",
        "geography": "US",
        "content_name": "PINS Q1 2020 10-Q",
        "file_type": "pdf",
        "content_type": "quarterly_report",
        "published_date": "2020-05-05",
        "fiscal_date": "2020-03-31",
        "fiscal_year": 2020,
        "fiscal_quarter": 1,
        "r2_url": "https://pub-2c783279b61043e19fbdadd1bee5153a.r2.dev/PINS/2020-05-05/pins-20200331.htm%5Cix.pdf",
        "periodicity": "periodic"
    },
    {
        "equity_ticker": "PINS",
        "geography": "US",
        "content_name": "PINS Q4 2019 10-K",
        "file_type": "pdf",
        "content_type": "annual_report",
        "published_date": "2020-02-06",
        "fiscal_date": "2019-12-31",
        "fiscal_year": 2019,
        "fiscal_quarter": 4,
        "r2_url": "https://pub-2c783279b61043e19fbdadd1bee5153a.r2.dev/PINS/2020-02-06/pins-20191231.htm%5Cix.pdf",
        "periodicity": "periodic"
    },
    {
        "equity_ticker": "PINS",
        "geography": "US",
        "content_name": "PINS Q3 2019 10-Q",
        "file_type": "pdf",
        "content_type": "quarterly_report",
        "published_date": "2019-10-31",
        "fiscal_date": "2019-09-30",
        "fiscal_year": 2019,
        "fiscal_quarter": 3,
        "r2_url": "https://pub-2c783279b61043e19fbdadd1bee5153a.r2.dev/PINS/2019-10-31/pins-10q20190930.htm%5Cix.pdf",
        "periodicity": "periodic"
    },
    {
        "equity_ticker": "PINS",
        "geography": "US",
        "content_name": "PINS Q2 2019 10-Q",
        "file_type": "pdf",
        "content_type": "quarterly_report",
        "published_date": "2019-08-01",
        "fiscal_date": "2019-06-30",
        "fiscal_year": 2019,
        "fiscal_quarter": 2,
        "r2_url": "https://pub-2c783279b61043e19fbdadd1bee5153a.r2.dev/PINS/2019-08-01/pins-10q_20190630.htm%5Cpins-10q_20190630.pdf",
        "periodicity": "periodic"
    },
    {
        "equity_ticker": "PINS",
        "geography": "US",
        "content_name": "PINS Q1 2019 10-Q",
        "file_type": "pdf",
        "content_type": "quarterly_report",
        "published_date": "2019-05-16",
        "fiscal_date": "2019-03-31",
        "fiscal_year": 2019,
        "fiscal_quarter": 1,
        "r2_url": "https://pub-2c783279b61043e19fbdadd1bee5153a.r2.dev/PINS/2019-05-16/pins-10q_20190331.htm%5Cpins-10q_20190331.pdf",
        "periodicity": "periodic"
    }
]