[
    {
        "equity_ticker": "PLTR",
        "geography": "US",
        "content_name": "PLTR Q4 2024 Transcript",
        "file_type": "pdf",
        "content_type": "earnings_transcript",
        "published_date": "2025-02-03",
        "fiscal_date": "2025-02-03",
        "fiscal_year": 2024,
        "fiscal_quarter": 4,
        "r2_url": "https://pub-2c783279b61043e19fbdadd1bee5153a.r2.dev/PLTR/2025-02-03/Palantir%20Technologies%20Inc._2025-02-03_transcript/Palantir%20Technologies%20Inc._2025-02-03_transcript.pdf/Palantir%20Technologies%20Inc._2025-02-03_transcript.pdf",
        "periodicity": "periodic"
    },
    {
        "equity_ticker": "PLTR",
        "geography": "US",
        "content_name": "PLTR Q4 2024 Press Release",
        "file_type": "pdf",
        "content_type": "earnings_press_release",
        "published_date": "2025-02-03",
        "fiscal_date": "2025-02-03",
        "fiscal_year": 2024,
        "fiscal_quarter": 4,
        "r2_url": "https://pub-2c783279b61043e19fbdadd1bee5153a.r2.dev/PLTR/2025-02-03/1a587-2025-02-03-09-10-09/1a587-2025-02-03-09-10-09.pdf/1a587-2025-02-03-09-10-09.pdf",
        "periodicity": "periodic"
    },
    {
        "equity_ticker": "PLTR",
        "geography": "US",
        "content_name": "PLTR Q3 2024 Transcript",
        "file_type": "pdf",
        "content_type": "earnings_transcript",
        "published_date": "2024-11-04",
        "fiscal_date": "2024-11-04",
        "fiscal_year": 2024,
        "fiscal_quarter": 3,
        "r2_url": "https://pub-2c783279b61043e19fbdadd1bee5153a.r2.dev/PLTR/2024-11-04/Palantir%20Technologies%20Inc._2024-11-04_transcript/Palantir%20Technologies%20Inc._2024-11-04_transcript.pdf/Palantir%20Technologies%20Inc._2024-11-04_transcript.pdf",
        "periodicity": "periodic"
    },
    {
        "equity_ticker": "PLTR",
        "geography": "US",
        "content_name": "PLTR Q3 2024 Press Release",
        "file_type": "pdf",
        "content_type": "earnings_press_release",
        "published_date": "2024-11-04",
        "fiscal_date": "2024-11-04",
        "fiscal_year": 2024,
        "fiscal_quarter": 3,
        "r2_url": "https://pub-2c783279b61043e19fbdadd1bee5153a.r2.dev/PLTR/2024-11-04/832e1-2024-11-04-09-27-09/832e1-2024-11-04-09-27-09.pdf/832e1-2024-11-04-09-27-09.pdf",
        "periodicity": "periodic"
    },
    {
        "equity_ticker": "PLTR",
        "geography": "US",
        "content_name": "PLTR Q3 2024 Presentation",
        "file_type": "pdf",
        "content_type": "earnings_presentation",
        "published_date": "2024-11-04",
        "fiscal_date": "2024-11-04",
        "fiscal_year": 2024,
        "fiscal_quarter": 3,
        "r2_url": "https://pub-2c783279b61043e19fbdadd1bee5153a.r2.dev/PLTR/2024-11-04/ac724-2024-11-05-04-27-25/ac724-2024-11-05-04-27-25.pdf/ac724-2024-11-05-04-27-25.pdf",
        "periodicity": "periodic"
    },
    {
        "equity_ticker": "PLTR",
        "geography": "US",
        "content_name": "PLTR Q2 2024 Transcript",
        "file_type": "pdf",
        "content_type": "earnings_transcript",
        "published_date": "2024-08-05",
        "fiscal_date": "2024-08-05",
        "fiscal_year": 2024,
        "fiscal_quarter": 2,
        "r2_url": "https://pub-2c783279b61043e19fbdadd1bee5153a.r2.dev/PLTR/2024-08-05/Palantir%20Technologies%20Inc._2024-08-05_transcript/Palantir%20Technologies%20Inc._2024-08-05_transcript.pdf/Palantir%20Technologies%20Inc._2024-08-05_transcript.pdf",
        "periodicity": "periodic"
    },
    {
        "equity_ticker": "PLTR",
        "geography": "US",
        "content_name": "PLTR Q2 2024 Press Release",
        "file_type": "pdf",
        "content_type": "earnings_press_release",
        "published_date": "2024-08-05",
        "fiscal_date": "2024-08-05",
        "fiscal_year": 2024,
        "fiscal_quarter": 2,
        "r2_url": "https://pub-2c783279b61043e19fbdadd1bee5153a.r2.dev/PLTR/2024-08-05/4b962-2024-08-05-08-51-09/4b962-2024-08-05-08-51-09.pdf/4b962-2024-08-05-08-51-09.pdf",
        "periodicity": "periodic"
    },
    {
        "equity_ticker": "PLTR",
        "geography": "US",
        "content_name": "PLTR Q2 2024 Presentation",
        "file_type": "pdf",
        "content_type": "earnings_presentation",
        "published_date": "2024-08-05",
        "fiscal_date": "2024-08-05",
        "fiscal_year": 2024,
        "fiscal_quarter": 2,
        "r2_url": "https://pub-2c783279b61043e19fbdadd1bee5153a.r2.dev/PLTR/2024-08-05/bed54-2024-08-05-08-54-08/bed54-2024-08-05-08-54-08.pdf/bed54-2024-08-05-08-54-08.pdf",
        "periodicity": "periodic"
    },
    {
        "equity_ticker": "PLTR",
        "geography": "US",
        "content_name": "AGM 2024 - June 5, 2024",
        "file_type": "pdf",
        "content_type": "company_conference_transcript",
        "published_date": "2024-06-05",
        "fiscal_date": "2024-06-05",
        "fiscal_year": null,
        "fiscal_quarter": null,
        "r2_url": "https://pub-2c783279b61043e19fbdadd1bee5153a.r2.dev/PLTR/2024-06-05/Palantir%20Technologies%20Inc._2024-06-05_transcript/Palantir%20Technologies%20Inc._2024-06-05_transcript.pdf/Palantir%20Technologies%20Inc._2024-06-05_transcript.pdf",
        "periodicity": "non_periodic"
    },
    {
        "equity_ticker": "PLTR",
        "geography": "US",
        "content_name": "PLTR Q1 2024 Transcript",
        "file_type": "pdf",
        "content_type": "earnings_transcript",
        "published_date": "2024-05-06",
        "fiscal_date": "2024-05-06",
        "fiscal_year": 2024,
        "fiscal_quarter": 1,
        "r2_url": "https://pub-2c783279b61043e19fbdadd1bee5153a.r2.dev/PLTR/2024-05-06/Palantir%20Technologies%20Inc._2024-05-06_transcript/Palantir%20Technologies%20Inc._2024-05-06_transcript.pdf/Palantir%20Technologies%20Inc._2024-05-06_transcript.pdf",
        "periodicity": "periodic"
    },
    {
        "equity_ticker": "PLTR",
        "geography": "US",
        "content_name": "PLTR Q1 2024 Press Release",
        "file_type": "pdf",
        "content_type": "earnings_press_release",
        "published_date": "2024-05-06",
        "fiscal_date": "2024-05-06",
        "fiscal_year": 2024,
        "fiscal_quarter": 1,
        "r2_url": "https://pub-2c783279b61043e19fbdadd1bee5153a.r2.dev/PLTR/2024-05-06/84e6a-2024-05-06-08-08-08/84e6a-2024-05-06-08-08-08.pdf/84e6a-2024-05-06-08-08-08.pdf",
        "periodicity": "periodic"
    },
    {
        "equity_ticker": "PLTR",
        "geography": "US",
        "content_name": "PLTR Q1 2024 Presentation",
        "file_type": "pdf",
        "content_type": "earnings_presentation",
        "published_date": "2024-05-06",
        "fiscal_date": "2024-05-06",
        "fiscal_year": 2024,
        "fiscal_quarter": 1,
        "r2_url": "https://pub-2c783279b61043e19fbdadd1bee5153a.r2.dev/PLTR/2024-05-06/f8c90-2024-05-06-08-32-54/f8c90-2024-05-06-08-32-54.pdf/f8c90-2024-05-06-08-32-54.pdf",
        "periodicity": "periodic"
    },
    {
        "equity_ticker": "PLTR",
        "geography": "US",
        "content_name": "PLTR Q4 2023 Transcript",
        "file_type": "pdf",
        "content_type": "earnings_transcript",
        "published_date": "2024-02-05",
        "fiscal_date": "2024-02-05",
        "fiscal_year": 2023,
        "fiscal_quarter": 4,
        "r2_url": "https://pub-2c783279b61043e19fbdadd1bee5153a.r2.dev/PLTR/2024-02-05/Palantir%20Technologies%20Inc._2024-02-05_transcript/Palantir%20Technologies%20Inc._2024-02-05_transcript.pdf/Palantir%20Technologies%20Inc._2024-02-05_transcript.pdf",
        "periodicity": "periodic"
    },
    {
        "equity_ticker": "PLTR",
        "geography": "US",
        "content_name": "PLTR Q4 2023 Press Release",
        "file_type": "pdf",
        "content_type": "earnings_press_release",
        "published_date": "2024-02-05",
        "fiscal_date": "2024-02-05",
        "fiscal_year": 2023,
        "fiscal_quarter": 4,
        "r2_url": "https://pub-2c783279b61043e19fbdadd1bee5153a.r2.dev/PLTR/2024-02-05/e8db7-2024-02-05-09-32-09/e8db7-2024-02-05-09-32-09.pdf/e8db7-2024-02-05-09-32-09.pdf",
        "periodicity": "periodic"
    },
    {
        "equity_ticker": "PLTR",
        "geography": "US",
        "content_name": "PLTR Q4 2023 Presentation",
        "file_type": "pdf",
        "content_type": "earnings_presentation",
        "published_date": "2024-02-05",
        "fiscal_date": "2024-02-05",
        "fiscal_year": 2023,
        "fiscal_quarter": 4,
        "r2_url": "https://pub-2c783279b61043e19fbdadd1bee5153a.r2.dev/PLTR/2024-02-05/a2ca1-2024-02-05-10-16-54/a2ca1-2024-02-05-10-16-54.pdf/a2ca1-2024-02-05-10-16-54.pdf",
        "periodicity": "periodic"
    },
    {
        "equity_ticker": "PLTR",
        "geography": "US",
        "content_name": "PLTR Q3 2023 Transcript",
        "file_type": "pdf",
        "content_type": "earnings_transcript",
        "published_date": "2023-11-02",
        "fiscal_date": "2023-11-02",
        "fiscal_year": 2023,
        "fiscal_quarter": 3,
        "r2_url": "https://pub-2c783279b61043e19fbdadd1bee5153a.r2.dev/PLTR/2023-11-02/Palantir%20Technologies%20Inc._2023-11-02_transcript/Palantir%20Technologies%20Inc._2023-11-02_transcript.pdf/Palantir%20Technologies%20Inc._2023-11-02_transcript.pdf",
        "periodicity": "periodic"
    },
    {
        "equity_ticker": "PLTR",
        "geography": "US",
        "content_name": "PLTR Q3 2023 Press Release",
        "file_type": "pdf",
        "content_type": "earnings_press_release",
        "published_date": "2023-11-02",
        "fiscal_date": "2023-11-02",
        "fiscal_year": 2023,
        "fiscal_quarter": 3,
        "r2_url": "https://pub-2c783279b61043e19fbdadd1bee5153a.r2.dev/PLTR/2023-11-02/bb4e7-2023-11-02-11-04-04/bb4e7-2023-11-02-11-04-04.pdf/bb4e7-2023-11-02-11-04-04.pdf",
        "periodicity": "periodic"
    },
    {
        "equity_ticker": "PLTR",
        "geography": "US",
        "content_name": "PLTR Q3 2023 Presentation",
        "file_type": "pdf",
        "content_type": "earnings_presentation",
        "published_date": "2023-11-02",
        "fiscal_date": "2023-11-02",
        "fiscal_year": 2023,
        "fiscal_quarter": 3,
        "r2_url": "https://pub-2c783279b61043e19fbdadd1bee5153a.r2.dev/PLTR/2023-11-02/775e4-2023-11-02-12-32-22/775e4-2023-11-02-12-32-22.pdf/775e4-2023-11-02-12-32-22.pdf",
        "periodicity": "periodic"
    },
    {
        "equity_ticker": "PLTR",
        "geography": "US",
        "content_name": "PLTR Q2 2023 Transcript",
        "file_type": "pdf",
        "content_type": "earnings_transcript",
        "published_date": "2023-08-07",
        "fiscal_date": "2023-08-07",
        "fiscal_year": 2023,
        "fiscal_quarter": 2,
        "r2_url": "https://pub-2c783279b61043e19fbdadd1bee5153a.r2.dev/PLTR/2023-08-07/Palantir%20Technologies%20Inc._2023-08-07_transcript/Palantir%20Technologies%20Inc._2023-08-07_transcript.pdf/Palantir%20Technologies%20Inc._2023-08-07_transcript.pdf",
        "periodicity": "periodic"
    },
    {
        "equity_ticker": "PLTR",
        "geography": "US",
        "content_name": "PLTR Q2 2023 Press Release",
        "file_type": "pdf",
        "content_type": "earnings_press_release",
        "published_date": "2023-08-07",
        "fiscal_date": "2023-08-07",
        "fiscal_year": 2023,
        "fiscal_quarter": 2,
        "r2_url": "https://pub-2c783279b61043e19fbdadd1bee5153a.r2.dev/PLTR/2023-08-07/94935-2023-08-07-08-36-22/94935-2023-08-07-08-36-22.pdf/94935-2023-08-07-08-36-22.pdf",
        "periodicity": "periodic"
    },
    {
        "equity_ticker": "PLTR",
        "geography": "US",
        "content_name": "Product Launch - June 1, 2023",
        "file_type": "pdf",
        "content_type": "company_conference_transcript",
        "published_date": "2023-06-01",
        "fiscal_date": "2023-06-01",
        "fiscal_year": null,
        "fiscal_quarter": null,
        "r2_url": "https://pub-2c783279b61043e19fbdadd1bee5153a.r2.dev/PLTR/2023-06-01/Palantir%20Technologies%20Inc._2023-06-01_transcript/Palantir%20Technologies%20Inc._2023-06-01_transcript.pdf/Palantir%20Technologies%20Inc._2023-06-01_transcript.pdf",
        "periodicity": "non_periodic"
    },
    {
        "equity_ticker": "PLTR",
        "geography": "US",
        "content_name": "PLTR Q1 2023 Transcript",
        "file_type": "pdf",
        "content_type": "earnings_transcript",
        "published_date": "2023-05-08",
        "fiscal_date": "2023-05-08",
        "fiscal_year": 2023,
        "fiscal_quarter": 1,
        "r2_url": "https://pub-2c783279b61043e19fbdadd1bee5153a.r2.dev/PLTR/2023-05-08/Palantir%20Technologies%20Inc._2023-05-08_transcript/Palantir%20Technologies%20Inc._2023-05-08_transcript.pdf/Palantir%20Technologies%20Inc._2023-05-08_transcript.pdf",
        "periodicity": "periodic"
    },
    {
        "equity_ticker": "PLTR",
        "geography": "US",
        "content_name": "PLTR Q1 2023 Press Release",
        "file_type": "pdf",
        "content_type": "earnings_press_release",
        "published_date": "2023-05-08",
        "fiscal_date": "2023-05-08",
        "fiscal_year": 2023,
        "fiscal_quarter": 1,
        "r2_url": "https://pub-2c783279b61043e19fbdadd1bee5153a.r2.dev/PLTR/2023-05-08/7b5f4-2023-05-08-08-22-32/7b5f4-2023-05-08-08-22-32.pdf/7b5f4-2023-05-08-08-22-32.pdf",
        "periodicity": "periodic"
    },
    {
        "equity_ticker": "PLTR",
        "geography": "US",
        "content_name": "PLTR Q1 2023 Presentation",
        "file_type": "pdf",
        "content_type": "earnings_presentation",
        "published_date": "2023-05-08",
        "fiscal_date": "2023-05-08",
        "fiscal_year": 2023,
        "fiscal_quarter": 1,
        "r2_url": "https://pub-2c783279b61043e19fbdadd1bee5153a.r2.dev/PLTR/2023-05-08/093b1-2023-05-08-08-02-37/093b1-2023-05-08-08-02-37.pdf/093b1-2023-05-08-08-02-37.pdf",
        "periodicity": "periodic"
    },
    {
        "equity_ticker": "PLTR",
        "geography": "US",
        "content_name": "PLTR Q4 2022 Transcript",
        "file_type": "pdf",
        "content_type": "earnings_transcript",
        "published_date": "2023-02-13",
        "fiscal_date": "2023-02-13",
        "fiscal_year": 2022,
        "fiscal_quarter": 4,
        "r2_url": "https://pub-2c783279b61043e19fbdadd1bee5153a.r2.dev/PLTR/2023-02-13/Palantir%20Technologies%20Inc._2023-02-13_transcript/Palantir%20Technologies%20Inc._2023-02-13_transcript.pdf/Palantir%20Technologies%20Inc._2023-02-13_transcript.pdf",
        "periodicity": "periodic"
    },
    {
        "equity_ticker": "PLTR",
        "geography": "US",
        "content_name": "PLTR Q4 2022 Press Release",
        "file_type": "pdf",
        "content_type": "earnings_press_release",
        "published_date": "2023-02-13",
        "fiscal_date": "2023-02-13",
        "fiscal_year": 2022,
        "fiscal_quarter": 4,
        "r2_url": "https://pub-2c783279b61043e19fbdadd1bee5153a.r2.dev/PLTR/2023-02-13/80997-2023-03-22-09-01-43/80997-2023-03-22-09-01-43.pdf/80997-2023-03-22-09-01-43.pdf",
        "periodicity": "periodic"
    },
    {
        "equity_ticker": "PLTR",
        "geography": "US",
        "content_name": "PLTR Q4 2022 Presentation",
        "file_type": "pdf",
        "content_type": "earnings_presentation",
        "published_date": "2023-02-13",
        "fiscal_date": "2023-02-13",
        "fiscal_year": 2022,
        "fiscal_quarter": 4,
        "r2_url": "https://pub-2c783279b61043e19fbdadd1bee5153a.r2.dev/PLTR/2023-02-13/3cf7f-2023-02-13-09-14-52/3cf7f-2023-02-13-09-14-52.pdf/3cf7f-2023-02-13-09-14-52.pdf",
        "periodicity": "periodic"
    },
    {
        "equity_ticker": "PLTR",
        "geography": "US",
        "content_name": "PLTR Q3 2022 Transcript",
        "file_type": "pdf",
        "content_type": "earnings_transcript",
        "published_date": "2022-11-07",
        "fiscal_date": "2022-11-07",
        "fiscal_year": 2022,
        "fiscal_quarter": 3,
        "r2_url": "https://pub-2c783279b61043e19fbdadd1bee5153a.r2.dev/PLTR/2022-11-07/Palantir%20Technologies%20Inc._2022-11-07_transcript/Palantir%20Technologies%20Inc._2022-11-07_transcript.pdf/Palantir%20Technologies%20Inc._2022-11-07_transcript.pdf",
        "periodicity": "periodic"
    },
    {
        "equity_ticker": "PLTR",
        "geography": "US",
        "content_name": "PLTR Q3 2022 Press Release",
        "file_type": "pdf",
        "content_type": "earnings_press_release",
        "published_date": "2022-11-07",
        "fiscal_date": "2022-11-07",
        "fiscal_year": 2022,
        "fiscal_quarter": 3,
        "r2_url": "https://pub-2c783279b61043e19fbdadd1bee5153a.r2.dev/PLTR/2022-11-07/d77d6-2023-06-26-08-42-01/d77d6-2023-06-26-08-42-01.pdf/d77d6-2023-06-26-08-42-01.pdf",
        "periodicity": "periodic"
    },
    {
        "equity_ticker": "PLTR",
        "geography": "US",
        "content_name": "PLTR Q2 2022 Transcript",
        "file_type": "pdf",
        "content_type": "earnings_transcript",
        "published_date": "2022-08-08",
        "fiscal_date": "2022-08-08",
        "fiscal_year": 2022,
        "fiscal_quarter": 2,
        "r2_url": "https://pub-2c783279b61043e19fbdadd1bee5153a.r2.dev/PLTR/2022-08-08/Palantir%20Technologies%20Inc._2022-08-08_transcript/Palantir%20Technologies%20Inc._2022-08-08_transcript.pdf/Palantir%20Technologies%20Inc._2022-08-08_transcript.pdf",
        "periodicity": "periodic"
    },
    {
        "equity_ticker": "PLTR",
        "geography": "US",
        "content_name": "PLTR Q2 2022 Press Release",
        "file_type": "pdf",
        "content_type": "earnings_press_release",
        "published_date": "2022-08-08",
        "fiscal_date": "2022-08-08",
        "fiscal_year": 2022,
        "fiscal_quarter": 2,
        "r2_url": "https://pub-2c783279b61043e19fbdadd1bee5153a.r2.dev/PLTR/2022-08-08/6822b-2023-06-26-08-43-02/6822b-2023-06-26-08-43-02.pdf/6822b-2023-06-26-08-43-02.pdf",
        "periodicity": "periodic"
    },
    {
        "equity_ticker": "PLTR",
        "geography": "US",
        "content_name": "PLTR Q2 2022 Presentation",
        "file_type": "pdf",
        "content_type": "earnings_presentation",
        "published_date": "2022-08-08",
        "fiscal_date": "2022-08-08",
        "fiscal_year": 2022,
        "fiscal_quarter": 2,
        "r2_url": "https://pub-2c783279b61043e19fbdadd1bee5153a.r2.dev/PLTR/2022-08-08/4ed63-2022-08-08-12-41-00/4ed63-2022-08-08-12-41-00.pdf/4ed63-2022-08-08-12-41-00.pdf",
        "periodicity": "periodic"
    },
    {
        "equity_ticker": "PLTR",
        "geography": "US",
        "content_name": "PLTR Q1 2022 Transcript",
        "file_type": "pdf",
        "content_type": "earnings_transcript",
        "published_date": "2022-05-09",
        "fiscal_date": "2022-05-09",
        "fiscal_year": 2022,
        "fiscal_quarter": 1,
        "r2_url": "https://pub-2c783279b61043e19fbdadd1bee5153a.r2.dev/PLTR/2022-05-09/Palantir%20Technologies%20Inc._2022-05-09_transcript/Palantir%20Technologies%20Inc._2022-05-09_transcript.pdf/Palantir%20Technologies%20Inc._2022-05-09_transcript.pdf",
        "periodicity": "periodic"
    },
    {
        "equity_ticker": "PLTR",
        "geography": "US",
        "content_name": "PLTR Q1 2022 Press Release",
        "file_type": "pdf",
        "content_type": "earnings_press_release",
        "published_date": "2022-05-09",
        "fiscal_date": "2022-05-09",
        "fiscal_year": 2022,
        "fiscal_quarter": 1,
        "r2_url": "https://pub-2c783279b61043e19fbdadd1bee5153a.r2.dev/PLTR/2022-05-09/12c9e-2023-06-26-08-12-03/12c9e-2023-06-26-08-12-03.pdf/12c9e-2023-06-26-08-12-03.pdf",
        "periodicity": "periodic"
    },
    {
        "equity_ticker": "PLTR",
        "geography": "US",
        "content_name": "Morgan Stanley Technology, Media and Telecom Conference 2022 - March 10, 2022",
        "file_type": "pdf",
        "content_type": "sellside_conference_transcript",
        "published_date": "2022-03-10",
        "fiscal_date": "2022-03-10",
        "fiscal_year": null,
        "fiscal_quarter": null,
        "r2_url": "https://pub-2c783279b61043e19fbdadd1bee5153a.r2.dev/PLTR/2022-03-10/Palantir%20Technologies%20Inc._2022-03-10_transcript/Palantir%20Technologies%20Inc._2022-03-10_transcript.pdf/Palantir%20Technologies%20Inc._2022-03-10_transcript.pdf",
        "periodicity": "non_periodic"
    },
    {
        "equity_ticker": "PLTR",
        "geography": "US",
        "content_name": "PLTR Q4 2021 Transcript",
        "file_type": "pdf",
        "content_type": "earnings_transcript",
        "published_date": "2022-02-17",
        "fiscal_date": "2022-02-17",
        "fiscal_year": 2021,
        "fiscal_quarter": 4,
        "r2_url": "https://pub-2c783279b61043e19fbdadd1bee5153a.r2.dev/PLTR/2022-02-17/Palantir%20Technologies%20Inc._2022-02-17_transcript/Palantir%20Technologies%20Inc._2022-02-17_transcript.pdf/Palantir%20Technologies%20Inc._2022-02-17_transcript.pdf",
        "periodicity": "periodic"
    },
    {
        "equity_ticker": "PLTR",
        "geography": "US",
        "content_name": "PLTR Q4 2021 Press Release",
        "file_type": "pdf",
        "content_type": "earnings_press_release",
        "published_date": "2022-02-17",
        "fiscal_date": "2022-02-17",
        "fiscal_year": 2021,
        "fiscal_quarter": 4,
        "r2_url": "https://pub-2c783279b61043e19fbdadd1bee5153a.r2.dev/PLTR/2022-02-17/9c321-2023-06-26-08-40-03/9c321-2023-06-26-08-40-03.pdf/9c321-2023-06-26-08-40-03.pdf",
        "periodicity": "periodic"
    },
    {
        "equity_ticker": "PLTR",
        "geography": "US",
        "content_name": "PLTR Q3 2021 Transcript",
        "file_type": "pdf",
        "content_type": "earnings_transcript",
        "published_date": "2021-11-09",
        "fiscal_date": "2021-11-09",
        "fiscal_year": 2021,
        "fiscal_quarter": 3,
        "r2_url": "https://pub-2c783279b61043e19fbdadd1bee5153a.r2.dev/PLTR/2021-11-09/Palantir%20Technologies%20Inc._2021-11-09_transcript/Palantir%20Technologies%20Inc._2021-11-09_transcript.pdf/Palantir%20Technologies%20Inc._2021-11-09_transcript.pdf",
        "periodicity": "periodic"
    },
    {
        "equity_ticker": "PLTR",
        "geography": "US",
        "content_name": "PLTR Q3 2021 Press Release",
        "file_type": "pdf",
        "content_type": "earnings_press_release",
        "published_date": "2021-11-09",
        "fiscal_date": "2021-11-09",
        "fiscal_year": 2021,
        "fiscal_quarter": 3,
        "r2_url": "https://pub-2c783279b61043e19fbdadd1bee5153a.r2.dev/PLTR/2021-11-09/538bf-2023-06-26-08-20-04/538bf-2023-06-26-08-20-04.pdf/538bf-2023-06-26-08-20-04.pdf",
        "periodicity": "periodic"
    },
    {
        "equity_ticker": "PLTR",
        "geography": "US",
        "content_name": "PLTR Q2 2021 Transcript",
        "file_type": "pdf",
        "content_type": "earnings_transcript",
        "published_date": "2021-08-12",
        "fiscal_date": "2021-08-12",
        "fiscal_year": 2021,
        "fiscal_quarter": 2,
        "r2_url": "https://pub-2c783279b61043e19fbdadd1bee5153a.r2.dev/PLTR/2021-08-12/Palantir%20Technologies%20Inc._2021-08-12_transcript/Palantir%20Technologies%20Inc._2021-08-12_transcript.pdf/Palantir%20Technologies%20Inc._2021-08-12_transcript.pdf",
        "periodicity": "periodic"
    },
    {
        "equity_ticker": "PLTR",
        "geography": "US",
        "content_name": "PLTR Q2 2021 Press Release",
        "file_type": "pdf",
        "content_type": "earnings_press_release",
        "published_date": "2021-08-12",
        "fiscal_date": "2021-08-12",
        "fiscal_year": 2021,
        "fiscal_quarter": 2,
        "r2_url": "https://pub-2c783279b61043e19fbdadd1bee5153a.r2.dev/PLTR/2021-08-12/a4ef2-2023-06-26-08-53-04/a4ef2-2023-06-26-08-53-04.pdf/a4ef2-2023-06-26-08-53-04.pdf",
        "periodicity": "periodic"
    },
    {
        "equity_ticker": "PLTR",
        "geography": "US",
        "content_name": "AGM 2021 - June 8, 2021",
        "file_type": "pdf",
        "content_type": "company_conference_transcript",
        "published_date": "2021-06-08",
        "fiscal_date": "2021-06-08",
        "fiscal_year": null,
        "fiscal_quarter": null,
        "r2_url": "https://pub-2c783279b61043e19fbdadd1bee5153a.r2.dev/PLTR/2021-06-08/Palantir%20Technologies%20Inc._2021-06-08_transcript/Palantir%20Technologies%20Inc._2021-06-08_transcript.pdf/Palantir%20Technologies%20Inc._2021-06-08_transcript.pdf",
        "periodicity": "non_periodic"
    },
    {
        "equity_ticker": "PLTR",
        "geography": "US",
        "content_name": "PLTR Q1 2021 Transcript",
        "file_type": "pdf",
        "content_type": "earnings_transcript",
        "published_date": "2021-05-11",
        "fiscal_date": "2021-05-11",
        "fiscal_year": 2021,
        "fiscal_quarter": 1,
        "r2_url": "https://pub-2c783279b61043e19fbdadd1bee5153a.r2.dev/PLTR/2021-05-11/Palantir%20Technologies%20Inc._2021-05-11_transcript/Palantir%20Technologies%20Inc._2021-05-11_transcript.pdf/Palantir%20Technologies%20Inc._2021-05-11_transcript.pdf",
        "periodicity": "periodic"
    },
    {
        "equity_ticker": "PLTR",
        "geography": "US",
        "content_name": "PLTR Q1 2021 Press Release",
        "file_type": "pdf",
        "content_type": "earnings_press_release",
        "published_date": "2021-05-11",
        "fiscal_date": "2021-05-11",
        "fiscal_year": 2021,
        "fiscal_quarter": 1,
        "r2_url": "https://pub-2c783279b61043e19fbdadd1bee5153a.r2.dev/PLTR/2021-05-11/a4389-2023-06-26-08-40-05/a4389-2023-06-26-08-40-05.pdf/a4389-2023-06-26-08-40-05.pdf",
        "periodicity": "periodic"
    },
    {
        "equity_ticker": "PLTR",
        "geography": "US",
        "content_name": "PLTR Q1 2021 Presentation",
        "file_type": "pdf",
        "content_type": "earnings_presentation",
        "published_date": "2021-05-11",
        "fiscal_date": "2021-05-11",
        "fiscal_year": 2021,
        "fiscal_quarter": 1,
        "r2_url": "https://pub-2c783279b61043e19fbdadd1bee5153a.r2.dev/PLTR/2021-05-11/d4706-2021-05-11-12-35-59-migrated/d4706-2021-05-11-12-35-59-migrated.pdf/d4706-2021-05-11-12-35-59-migrated.pdf",
        "periodicity": "periodic"
    },
    {
        "equity_ticker": "PLTR",
        "geography": "US",
        "content_name": "PLTR Q4 2020 Transcript",
        "file_type": "pdf",
        "content_type": "earnings_transcript",
        "published_date": "2021-02-16",
        "fiscal_date": "2021-02-16",
        "fiscal_year": 2020,
        "fiscal_quarter": 4,
        "r2_url": "https://pub-2c783279b61043e19fbdadd1bee5153a.r2.dev/PLTR/2021-02-16/Palantir%20Technologies%20Inc._2021-02-16_transcript/Palantir%20Technologies%20Inc._2021-02-16_transcript.pdf/Palantir%20Technologies%20Inc._2021-02-16_transcript.pdf",
        "periodicity": "periodic"
    },
    {
        "equity_ticker": "PLTR",
        "geography": "US",
        "content_name": "PLTR Q4 2020 Press Release",
        "file_type": "pdf",
        "content_type": "earnings_press_release",
        "published_date": "2021-02-16",
        "fiscal_date": "2021-02-16",
        "fiscal_year": 2020,
        "fiscal_quarter": 4,
        "r2_url": "https://pub-2c783279b61043e19fbdadd1bee5153a.r2.dev/PLTR/2021-02-16/f31fd-2023-06-26-08-14-06/f31fd-2023-06-26-08-14-06.pdf/f31fd-2023-06-26-08-14-06.pdf",
        "periodicity": "periodic"
    },
    {
        "equity_ticker": "PLTR",
        "geography": "US",
        "content_name": "PLTR Q3 2020 Transcript",
        "file_type": "pdf",
        "content_type": "earnings_transcript",
        "published_date": "2020-11-12",
        "fiscal_date": "2020-11-12",
        "fiscal_year": 2020,
        "fiscal_quarter": 3,
        "r2_url": "https://pub-2c783279b61043e19fbdadd1bee5153a.r2.dev/PLTR/2020-11-12/Palantir%20Technologies%20Inc._2020-11-12_transcript/Palantir%20Technologies%20Inc._2020-11-12_transcript.pdf/Palantir%20Technologies%20Inc._2020-11-12_transcript.pdf",
        "periodicity": "periodic"
    },
    {
        "equity_ticker": "PLTR",
        "geography": "US",
        "content_name": "PLTR Q3 2020 Press Release",
        "file_type": "pdf",
        "content_type": "earnings_press_release",
        "published_date": "2020-11-12",
        "fiscal_date": "2020-11-12",
        "fiscal_year": 2020,
        "fiscal_quarter": 3,
        "r2_url": "https://pub-2c783279b61043e19fbdadd1bee5153a.r2.dev/PLTR/2020-11-12/b0e6e-2023-06-26-08-43-06/b0e6e-2023-06-26-08-43-06.pdf/b0e6e-2023-06-26-08-43-06.pdf",
        "periodicity": "periodic"
    },
    {
        "equity_ticker": "PLTR",
        "geography": "US",
        "content_name": "PLTR Q4 2024 10-K",
        "file_type": "pdf",
        "content_type": "annual_report",
        "published_date": "2025-02-18",
        "fiscal_date": "2024-12-31",
        "fiscal_year": 2024,
        "fiscal_quarter": 4,
        "r2_url": "https://pub-2c783279b61043e19fbdadd1bee5153a.r2.dev/PLTR/2025-02-18/pltr-20241231.htm/pltr-20241231.pdf",
        "periodicity": "periodic"
      },
      {
        "equity_ticker": "PLTR",
        "geography": "US",
        "content_name": "PLTR Q3 2024 10-Q",
        "file_type": "pdf",
        "content_type": "quarterly_report",
        "published_date": "2024-11-04",
        "fiscal_date": "2024-09-30",
        "fiscal_year": 2024,
        "fiscal_quarter": 3,
        "r2_url": "https://pub-2c783279b61043e19fbdadd1bee5153a.r2.dev/PLTR/2024-11-04/pltr-20240930.htm/pltr-20240930.pdf",
        "periodicity": "periodic"
      },
      {
        "equity_ticker": "PLTR",
        "geography": "US",
        "content_name": "PLTR Q2 2024 10-Q",
        "file_type": "pdf",
        "content_type": "quarterly_report",
        "published_date": "2024-08-05",
        "fiscal_date": "2024-06-30",
        "fiscal_year": 2024,
        "fiscal_quarter": 2,
        "r2_url": "https://pub-2c783279b61043e19fbdadd1bee5153a.r2.dev/PLTR/2024-08-05/pltr-20240630.htm/pltr-20240630.pdf",
        "periodicity": "periodic"
      },
      {
        "equity_ticker": "PLTR",
        "geography": "US",
        "content_name": "PLTR Q1 2024 10-Q",
        "file_type": "pdf",
        "content_type": "quarterly_report",
        "published_date": "2024-05-06",
        "fiscal_date": "2024-03-31",
        "fiscal_year": 2024,
        "fiscal_quarter": 1,
        "r2_url": "https://pub-2c783279b61043e19fbdadd1bee5153a.r2.dev/PLTR/2024-05-06/pltr-20240331.htm/pltr-20240331.pdf",
        "periodicity": "periodic"
      },
      {
        "equity_ticker": "PLTR",
        "geography": "US",
        "content_name": "PLTR Q4 2023 10-K",
        "file_type": "pdf",
        "content_type": "annual_report",
        "published_date": "2024-02-20",
        "fiscal_date": "2023-12-31",
        "fiscal_year": 2023,
        "fiscal_quarter": 4,
        "r2_url": "https://pub-2c783279b61043e19fbdadd1bee5153a.r2.dev/PLTR/2024-02-20/pltr-20231231.htm/pltr-20231231.pdf",
        "periodicity": "periodic"
      },
      {
        "equity_ticker": "PLTR",
        "geography": "US",
        "content_name": "PLTR Q3 2023 10-Q",
        "file_type": "pdf",
        "content_type": "quarterly_report",
        "published_date": "2023-11-03",
        "fiscal_date": "2023-09-30",
        "fiscal_year": 2023,
        "fiscal_quarter": 3,
        "r2_url": "https://pub-2c783279b61043e19fbdadd1bee5153a.r2.dev/PLTR/2023-11-03/pltr-20230930.htm/pltr-20230930.pdf",
        "periodicity": "periodic"
      },
      {
        "equity_ticker": "PLTR",
        "geography": "US",
        "content_name": "PLTR Q2 2023 10-Q",
        "file_type": "pdf",
        "content_type": "quarterly_report",
        "published_date": "2023-08-07",
        "fiscal_date": "2023-06-30",
        "fiscal_year": 2023,
        "fiscal_quarter": 2,
        "r2_url": "https://pub-2c783279b61043e19fbdadd1bee5153a.r2.dev/PLTR/2023-08-07/pltr-20230630.htm/pltr-20230630.pdf",
        "periodicity": "periodic"
      },
      {
        "equity_ticker": "PLTR",
        "geography": "US",
        "content_name": "PLTR Q1 2023 10-Q",
        "file_type": "pdf",
        "content_type": "quarterly_report",
        "published_date": "2023-05-08",
        "fiscal_date": "2023-03-31",
        "fiscal_year": 2023,
        "fiscal_quarter": 1,
        "r2_url": "https://pub-2c783279b61043e19fbdadd1bee5153a.r2.dev/PLTR/2023-05-08/pltr-20230331.htm/pltr-20230331.pdf",
        "periodicity": "periodic"
      },
      {
        "equity_ticker": "PLTR",
        "geography": "US",
        "content_name": "PLTR Q4 2022 10-K",
        "file_type": "pdf",
        "content_type": "annual_report",
        "published_date": "2023-02-21",
        "fiscal_date": "2022-12-31",
        "fiscal_year": 2022,
        "fiscal_quarter": 4,
        "r2_url": "https://pub-2c783279b61043e19fbdadd1bee5153a.r2.dev/PLTR/2023-02-21/pltr-20221231.htm/pltr-20221231.pdf",
        "periodicity": "periodic"
      },
      {
        "equity_ticker": "PLTR",
        "geography": "US",
        "content_name": "PLTR Q3 2022 10-Q",
        "file_type": "pdf",
        "content_type": "quarterly_report",
        "published_date": "2022-11-07",
        "fiscal_date": "2022-09-30",
        "fiscal_year": 2022,
        "fiscal_quarter": 3,
        "r2_url": "https://pub-2c783279b61043e19fbdadd1bee5153a.r2.dev/PLTR/2022-11-07/pltr-20220930.htm/pltr-20220930.pdf",
        "periodicity": "periodic"
      },
      {
        "equity_ticker": "PLTR",
        "geography": "US",
        "content_name": "PLTR Q2 2022 10-Q",
        "file_type": "pdf",
        "content_type": "quarterly_report",
        "published_date": "2022-08-08",
        "fiscal_date": "2022-06-30",
        "fiscal_year": 2022,
        "fiscal_quarter": 2,
        "r2_url": "https://pub-2c783279b61043e19fbdadd1bee5153a.r2.dev/PLTR/2022-08-08/pltr-20220630.htm/pltr-20220630.pdf",
        "periodicity": "periodic"
      },
      {
        "equity_ticker": "PLTR",
        "geography": "US",
        "content_name": "PLTR Q1 2022 10-Q",
        "file_type": "pdf",
        "content_type": "quarterly_report",
        "published_date": "2022-05-09",
        "fiscal_date": "2022-03-31",
        "fiscal_year": 2022,
        "fiscal_quarter": 1,
        "r2_url": "https://pub-2c783279b61043e19fbdadd1bee5153a.r2.dev/PLTR/2022-05-09/pltr-20220331.htm/pltr-20220331.pdf",
        "periodicity": "periodic"
      },
      {
        "equity_ticker": "PLTR",
        "geography": "US",
        "content_name": "PLTR Q4 2021 10-K",
        "file_type": "pdf",
        "content_type": "annual_report",
        "published_date": "2022-02-24",
        "fiscal_date": "2021-12-31",
        "fiscal_year": 2021,
        "fiscal_quarter": 4,
        "r2_url": "https://pub-2c783279b61043e19fbdadd1bee5153a.r2.dev/PLTR/2022-02-24/d273589d10k.htm/d273589d10k.pdf",
        "periodicity": "periodic"
      },
      {
        "equity_ticker": "PLTR",
        "geography": "US",
        "content_name": "PLTR Q3 2021 10-Q",
        "file_type": "pdf",
        "content_type": "quarterly_report",
        "published_date": "2021-11-09",
        "fiscal_date": "2021-09-30",
        "fiscal_year": 2021,
        "fiscal_quarter": 3,
        "r2_url": "https://pub-2c783279b61043e19fbdadd1bee5153a.r2.dev/PLTR/2021-11-09/d178745d10q.htm/d178745d10q.pdf",
        "periodicity": "periodic"
      },
      {
        "equity_ticker": "PLTR",
        "geography": "US",
        "content_name": "PLTR Q2 2021 10-Q",
        "file_type": "pdf",
        "content_type": "quarterly_report",
        "published_date": "2021-08-12",
        "fiscal_date": "2021-06-30",
        "fiscal_year": 2021,
        "fiscal_quarter": 2,
        "r2_url": "https://pub-2c783279b61043e19fbdadd1bee5153a.r2.dev/PLTR/2021-08-12/d175251d10q.htm/d175251d10q.pdf",
        "periodicity": "periodic"
      },
      {
        "equity_ticker": "PLTR",
        "geography": "US",
        "content_name": "PLTR Q1 2021 10-Q",
        "file_type": "pdf",
        "content_type": "quarterly_report",
        "published_date": "2021-05-12",
        "fiscal_date": "2021-03-31",
        "fiscal_year": 2021,
        "fiscal_quarter": 1,
        "r2_url": "https://pub-2c783279b61043e19fbdadd1bee5153a.r2.dev/PLTR/2021-05-12/d158374d10q.htm/d158374d10q.pdf",
        "periodicity": "periodic"
      },
      {
        "equity_ticker": "PLTR",
        "geography": "US",
        "content_name": "PLTR Q4 2020 10-K",
        "file_type": "pdf",
        "content_type": "annual_report",
        "published_date": "2021-02-26",
        "fiscal_date": "2020-12-31",
        "fiscal_year": 2020,
        "fiscal_quarter": 4,
        "r2_url": "https://pub-2c783279b61043e19fbdadd1bee5153a.r2.dev/PLTR/2021-02-26/d65934d10k.htm/d65934d10k.pdf",
        "periodicity": "periodic"
      },
      {
        "equity_ticker": "PLTR",
        "geography": "US",
        "content_name": "PLTR Q3 2020 10-Q",
        "file_type": "pdf",
        "content_type": "quarterly_report",
        "published_date": "2020-11-13",
        "fiscal_date": "2020-09-30",
        "fiscal_year": 2020,
        "fiscal_quarter": 3,
        "r2_url": "https://pub-2c783279b61043e19fbdadd1bee5153a.r2.dev/PLTR/2020-11-13/d31861d10q.htm/d31861d10q.pdf",
        "periodicity": "periodic"
      }
]