[
    {
        "equity_ticker": "PSTG",
        "geography": "US",
        "content_name": "Susquehanna 14th Annual Technology Conference - February 28, 2025",
        "file_type": "pdf",
        "content_type": "company_conference_transcript",
        "published_date": "2025-02-28",
        "fiscal_date": "2025-02-28",
        "fiscal_year": null,
        "fiscal_quarter": null,
        "r2_url": "https://pub-2c783279b61043e19fbdadd1bee5153a.r2.dev/PSTG/2025-02-28/Pure%20Storage%2C%20Inc._2025-02-28_transcript/Pure%20Storage%2C%20Inc._2025-02-28_transcript.pdf%5CPure%20Storage%2C%20Inc._2025-02-28_transcript.pdf",
        "periodicity": "non_periodic"
    },
    {
        "equity_ticker": "PSTG",
        "geography": "US",
        "content_name": "3rd Annual TMT Forum 2025 - February 27, 2025",
        "file_type": "pdf",
        "content_type": "company_conference_transcript",
        "published_date": "2025-02-27",
        "fiscal_date": "2025-02-27",
        "fiscal_year": null,
        "fiscal_quarter": null,
        "r2_url": "https://pub-2c783279b61043e19fbdadd1bee5153a.r2.dev/PSTG/2025-02-27/Pure%20Storage%2C%20Inc._2025-02-27_transcript/Pure%20Storage%2C%20Inc._2025-02-27_transcript.pdf%5CPure%20Storage%2C%20Inc._2025-02-27_transcript.pdf",
        "periodicity": "non_periodic"
    },
    {
        "equity_ticker": "PSTG",
        "geography": "US",
        "content_name": "Berstein 3rd Annual Technology, Media and Telecommunications (TMT) Forum - February 27, 2025",
        "file_type": "pdf",
        "content_type": "company_conference_transcript",
        "published_date": "2025-02-27",
        "fiscal_date": "2025-02-27",
        "fiscal_year": null,
        "fiscal_quarter": null,
        "r2_url": "https://pub-2c783279b61043e19fbdadd1bee5153a.r2.dev/PSTG/2025-02-27/Pure%20Storage%2C%20Inc._2025-02-27_transcript/Pure%20Storage%2C%20Inc._2025-02-27_transcript.pdf%5CPure%20Storage%2C%20Inc._2025-02-27_transcript.pdf",
        "periodicity": "non_periodic"
    },
    {
        "equity_ticker": "PSTG",
        "geography": "US",
        "content_name": "PSTG Q4 2025 Transcript",
        "file_type": "pdf",
        "content_type": "earnings_transcript",
        "published_date": "2025-02-26",
        "fiscal_date": "2025-02-26",
        "fiscal_year": 2025,
        "fiscal_quarter": 4,
        "r2_url": "https://pub-2c783279b61043e19fbdadd1bee5153a.r2.dev/PSTG/2025-02-26/Pure%20Storage%2C%20Inc._2025-02-26_transcript/Pure%20Storage%2C%20Inc._2025-02-26_transcript.pdf%5CPure%20Storage%2C%20Inc._2025-02-26_transcript.pdf",
        "periodicity": "periodic"
    },
    {
        "equity_ticker": "PSTG",
        "geography": "US",
        "content_name": "PSTG Q4 2025 Press Release",
        "file_type": "pdf",
        "content_type": "earnings_press_release",
        "published_date": "2025-02-26",
        "fiscal_date": "2025-02-26",
        "fiscal_year": 2025,
        "fiscal_quarter": 4,
        "r2_url": "https://pub-2c783279b61043e19fbdadd1bee5153a.r2.dev/PSTG/2025-02-26/6e851-2025-02-26-09-41-09/6e851-2025-02-26-09-41-09.pdf%5C6e851-2025-02-26-09-41-09.pdf",
        "periodicity": "periodic"
    },
    {
        "equity_ticker": "PSTG",
        "geography": "US",
        "content_name": "PSTG Q4 2025 Presentation",
        "file_type": "pdf",
        "content_type": "earnings_presentation",
        "published_date": "2025-02-26",
        "fiscal_date": "2025-02-26",
        "fiscal_year": 2025,
        "fiscal_quarter": 4,
        "r2_url": "https://pub-2c783279b61043e19fbdadd1bee5153a.r2.dev/PSTG/2025-02-26/84c8f-2025-02-26-09-22-11/84c8f-2025-02-26-09-22-11.pdf%5C84c8f-2025-02-26-09-22-11.pdf",
        "periodicity": "periodic"
    },
    {
        "equity_ticker": "PSTG",
        "geography": "US",
        "content_name": "27th Annual Needham Growth Conference - January 16, 2025",
        "file_type": "pdf",
        "content_type": "company_conference_transcript",
        "published_date": "2025-01-16",
        "fiscal_date": "2025-01-16",
        "fiscal_year": null,
        "fiscal_quarter": null,
        "r2_url": "https://pub-2c783279b61043e19fbdadd1bee5153a.r2.dev/PSTG/2025-01-16/Pure%20Storage%2C%20Inc._2025-01-16_transcript/Pure%20Storage%2C%20Inc._2025-01-16_transcript.pdf%5CPure%20Storage%2C%20Inc._2025-01-16_transcript.pdf",
        "periodicity": "non_periodic"
    },
    {
        "equity_ticker": "PSTG",
        "geography": "US",
        "content_name": "Presents at Wells Fargo 8th Annual TMT Summit Conference - December 4, 2024",
        "file_type": "pdf",
        "content_type": "sellside_conference_transcript",
        "published_date": "2024-12-04",
        "fiscal_date": "2024-12-04",
        "fiscal_year": null,
        "fiscal_quarter": null,
        "r2_url": "https://pub-2c783279b61043e19fbdadd1bee5153a.r2.dev/PSTG/2024-12-04/Pure%20Storage%2C%20Inc._2024-12-04_transcript/Pure%20Storage%2C%20Inc._2024-12-04_transcript.pdf%5CPure%20Storage%2C%20Inc._2024-12-04_transcript.pdf",
        "periodicity": "non_periodic"
    },
    {
        "equity_ticker": "PSTG",
        "geography": "US",
        "content_name": "PSTG Q3 2025 Transcript",
        "file_type": "pdf",
        "content_type": "earnings_transcript",
        "published_date": "2024-12-03",
        "fiscal_date": "2024-12-03",
        "fiscal_year": 2025,
        "fiscal_quarter": 3,
        "r2_url": "https://pub-2c783279b61043e19fbdadd1bee5153a.r2.dev/PSTG/2024-12-03/Pure%20Storage%2C%20Inc._2024-12-03_transcript/Pure%20Storage%2C%20Inc._2024-12-03_transcript.pdf%5CPure%20Storage%2C%20Inc._2024-12-03_transcript.pdf",
        "periodicity": "periodic"
    },
    {
        "equity_ticker": "PSTG",
        "geography": "US",
        "content_name": "PSTG Q3 2025 Press Release",
        "file_type": "pdf",
        "content_type": "earnings_press_release",
        "published_date": "2024-12-03",
        "fiscal_date": "2024-12-03",
        "fiscal_year": 2025,
        "fiscal_quarter": 3,
        "r2_url": "https://pub-2c783279b61043e19fbdadd1bee5153a.r2.dev/PSTG/2024-12-03/cb648-2024-12-03-09-00-10/cb648-2024-12-03-09-00-10.pdf%5Ccb648-2024-12-03-09-00-10.pdf",
        "periodicity": "periodic"
    },
    {
        "equity_ticker": "PSTG",
        "geography": "US",
        "content_name": "PSTG Q3 2025 Presentation",
        "file_type": "pdf",
        "content_type": "earnings_presentation",
        "published_date": "2024-12-03",
        "fiscal_date": "2024-12-03",
        "fiscal_year": 2025,
        "fiscal_quarter": 3,
        "r2_url": "https://pub-2c783279b61043e19fbdadd1bee5153a.r2.dev/PSTG/2024-12-03/ce416-2024-12-03-09-06-18/ce416-2024-12-03-09-06-18.pdf%5Cce416-2024-12-03-09-06-18.pdf",
        "periodicity": "periodic"
    },
    {
        "equity_ticker": "PSTG",
        "geography": "US",
        "content_name": "Goldman Sachs Communacopia + Technology Conference 2024 - September 11, 2024",
        "file_type": "pdf",
        "content_type": "sellside_conference_transcript",
        "published_date": "2024-09-11",
        "fiscal_date": "2024-09-11",
        "fiscal_year": null,
        "fiscal_quarter": null,
        "r2_url": "https://pub-2c783279b61043e19fbdadd1bee5153a.r2.dev/PSTG/2024-09-11/Pure%20Storage%2C%20Inc._2024-09-11_transcript/Pure%20Storage%2C%20Inc._2024-09-11_transcript.pdf%5CPure%20Storage%2C%20Inc._2024-09-11_transcript.pdf",
        "periodicity": "non_periodic"
    },
    {
        "equity_ticker": "PSTG",
        "geography": "US",
        "content_name": "PSTG Q2 2025 Transcript",
        "file_type": "pdf",
        "content_type": "earnings_transcript",
        "published_date": "2024-08-28",
        "fiscal_date": "2024-08-28",
        "fiscal_year": 2025,
        "fiscal_quarter": 2,
        "r2_url": "https://pub-2c783279b61043e19fbdadd1bee5153a.r2.dev/PSTG/2024-08-28/Pure%20Storage%2C%20Inc._2024-08-28_transcript/Pure%20Storage%2C%20Inc._2024-08-28_transcript.pdf%5CPure%20Storage%2C%20Inc._2024-08-28_transcript.pdf",
        "periodicity": "periodic"
    },
    {
        "equity_ticker": "PSTG",
        "geography": "US",
        "content_name": "PSTG Q2 2025 Press Release",
        "file_type": "pdf",
        "content_type": "earnings_press_release",
        "published_date": "2024-08-28",
        "fiscal_date": "2024-08-28",
        "fiscal_year": 2025,
        "fiscal_quarter": 2,
        "r2_url": "https://pub-2c783279b61043e19fbdadd1bee5153a.r2.dev/PSTG/2024-08-28/c5cc0-2024-08-28-08-04-08/c5cc0-2024-08-28-08-04-08.pdf%5Cc5cc0-2024-08-28-08-04-08.pdf",
        "periodicity": "periodic"
    },
    {
        "equity_ticker": "PSTG",
        "geography": "US",
        "content_name": "PSTG Q2 2025 Presentation",
        "file_type": "pdf",
        "content_type": "earnings_presentation",
        "published_date": "2024-08-28",
        "fiscal_date": "2024-08-28",
        "fiscal_year": 2025,
        "fiscal_quarter": 2,
        "r2_url": "https://pub-2c783279b61043e19fbdadd1bee5153a.r2.dev/PSTG/2024-08-28/bf60b-2024-08-28-08-42-28/bf60b-2024-08-28-08-42-28.pdf%5Cbf60b-2024-08-28-08-42-28.pdf",
        "periodicity": "periodic"
    },
    {
        "equity_ticker": "PSTG",
        "geography": "US",
        "content_name": "Pure//Accelerate 2024 - June 20, 2024",
        "file_type": "pdf",
        "content_type": "company_conference_transcript",
        "published_date": "2024-06-20",
        "fiscal_date": "2024-06-20",
        "fiscal_year": null,
        "fiscal_quarter": null,
        "r2_url": "https://pub-2c783279b61043e19fbdadd1bee5153a.r2.dev/PSTG/2024-06-20/Pure%20Storage%2C%20Inc._2024-06-20_transcript/Pure%20Storage%2C%20Inc._2024-06-20_transcript.pdf%5CPure%20Storage%2C%20Inc._2024-06-20_transcript.pdf",
        "periodicity": "non_periodic"
    },
    {
        "equity_ticker": "PSTG",
        "geography": "US",
        "content_name": "Pure//Accelerate 2024 - June 20, 2024",
        "file_type": "pdf",
        "content_type": "company_conference_presentation",
        "published_date": "2024-06-20",
        "fiscal_date": "2024-06-20",
        "fiscal_year": null,
        "fiscal_quarter": null,
        "r2_url": "https://pub-2c783279b61043e19fbdadd1bee5153a.r2.dev/PSTG/2024-06-20/4769c-2024-06-21-05-32-19/4769c-2024-06-21-05-32-19.pdf%5C4769c-2024-06-21-05-32-19.pdf",
        "periodicity": "non_periodic"
    },
    {
        "equity_ticker": "PSTG",
        "geography": "US",
        "content_name": "AGM 2024 - June 12, 2024",
        "file_type": "pdf",
        "content_type": "company_conference_transcript",
        "published_date": "2024-06-12",
        "fiscal_date": "2024-06-12",
        "fiscal_year": null,
        "fiscal_quarter": null,
        "r2_url": "https://pub-2c783279b61043e19fbdadd1bee5153a.r2.dev/PSTG/2024-06-12/Pure%20Storage%2C%20Inc._2024-06-12_transcript/Pure%20Storage%2C%20Inc._2024-06-12_transcript.pdf%5CPure%20Storage%2C%20Inc._2024-06-12_transcript.pdf",
        "periodicity": "non_periodic"
    },
    {
        "equity_ticker": "PSTG",
        "geography": "US",
        "content_name": "The 44th Annual William Blair Growth Stock Conference - June 6, 2024",
        "file_type": "pdf",
        "content_type": "sellside_conference_transcript",
        "published_date": "2024-06-06",
        "fiscal_date": "2024-06-06",
        "fiscal_year": null,
        "fiscal_quarter": null,
        "r2_url": "https://pub-2c783279b61043e19fbdadd1bee5153a.r2.dev/PSTG/2024-06-06/Pure%20Storage%2C%20Inc._2024-06-06_transcript/Pure%20Storage%2C%20Inc._2024-06-06_transcript.pdf%5CPure%20Storage%2C%20Inc._2024-06-06_transcript.pdf",
        "periodicity": "non_periodic"
    },
    {
        "equity_ticker": "PSTG",
        "geography": "US",
        "content_name": "PSTG Q1 2025 Transcript",
        "file_type": "pdf",
        "content_type": "earnings_transcript",
        "published_date": "2024-05-29",
        "fiscal_date": "2024-05-29",
        "fiscal_year": 2025,
        "fiscal_quarter": 1,
        "r2_url": "https://pub-2c783279b61043e19fbdadd1bee5153a.r2.dev/PSTG/2024-05-29/Pure%20Storage%2C%20Inc._2024-05-29_transcript/Pure%20Storage%2C%20Inc._2024-05-29_transcript.pdf%5CPure%20Storage%2C%20Inc._2024-05-29_transcript.pdf",
        "periodicity": "periodic"
    },
    {
        "equity_ticker": "PSTG",
        "geography": "US",
        "content_name": "PSTG Q1 2025 Press Release",
        "file_type": "pdf",
        "content_type": "earnings_press_release",
        "published_date": "2024-05-29",
        "fiscal_date": "2024-05-29",
        "fiscal_year": 2025,
        "fiscal_quarter": 1,
        "r2_url": "https://pub-2c783279b61043e19fbdadd1bee5153a.r2.dev/PSTG/2024-05-29/d5a42-2024-05-29-08-28-08/d5a42-2024-05-29-08-28-08.pdf%5Cd5a42-2024-05-29-08-28-08.pdf",
        "periodicity": "periodic"
    },
    {
        "equity_ticker": "PSTG",
        "geography": "US",
        "content_name": "PSTG Q1 2025 Presentation",
        "file_type": "pdf",
        "content_type": "earnings_presentation",
        "published_date": "2024-05-29",
        "fiscal_date": "2024-05-29",
        "fiscal_year": 2025,
        "fiscal_quarter": 1,
        "r2_url": "https://pub-2c783279b61043e19fbdadd1bee5153a.r2.dev/PSTG/2024-05-29/bf483-2024-05-29-08-48-14/bf483-2024-05-29-08-48-14.pdf%5Cbf483-2024-05-29-08-48-14.pdf",
        "periodicity": "periodic"
    },
    {
        "equity_ticker": "PSTG",
        "geography": "US",
        "content_name": "Morgan Stanley\u2019s Technology, Media & Telecom Conference 2024 - March 6, 2024",
        "file_type": "pdf",
        "content_type": "sellside_conference_transcript",
        "published_date": "2024-03-06",
        "fiscal_date": "2024-03-06",
        "fiscal_year": null,
        "fiscal_quarter": null,
        "r2_url": "https://pub-2c783279b61043e19fbdadd1bee5153a.r2.dev/PSTG/2024-03-06/Pure%20Storage%2C%20Inc._2024-03-06_transcript/Pure%20Storage%2C%20Inc._2024-03-06_transcript.pdf%5CPure%20Storage%2C%20Inc._2024-03-06_transcript.pdf",
        "periodicity": "non_periodic"
    },
    {
        "equity_ticker": "PSTG",
        "geography": "US",
        "content_name": "KeyBanc Emerging Technology Summit - March 5, 2024",
        "file_type": "pdf",
        "content_type": "sellside_conference_transcript",
        "published_date": "2024-03-05",
        "fiscal_date": "2024-03-05",
        "fiscal_year": null,
        "fiscal_quarter": null,
        "r2_url": "https://pub-2c783279b61043e19fbdadd1bee5153a.r2.dev/PSTG/2024-03-05/Pure%20Storage%2C%20Inc._2024-03-05_transcript/Pure%20Storage%2C%20Inc._2024-03-05_transcript.pdf%5CPure%20Storage%2C%20Inc._2024-03-05_transcript.pdf",
        "periodicity": "non_periodic"
    },
    {
        "equity_ticker": "PSTG",
        "geography": "US",
        "content_name": "PSTG Q4 2024 Transcript",
        "file_type": "pdf",
        "content_type": "earnings_transcript",
        "published_date": "2024-02-28",
        "fiscal_date": "2024-02-28",
        "fiscal_year": 2024,
        "fiscal_quarter": 4,
        "r2_url": "https://pub-2c783279b61043e19fbdadd1bee5153a.r2.dev/PSTG/2024-02-28/Pure%20Storage%2C%20Inc._2024-02-28_transcript/Pure%20Storage%2C%20Inc._2024-02-28_transcript.pdf%5CPure%20Storage%2C%20Inc._2024-02-28_transcript.pdf",
        "periodicity": "periodic"
    },
    {
        "equity_ticker": "PSTG",
        "geography": "US",
        "content_name": "PSTG Q4 2024 Press Release",
        "file_type": "pdf",
        "content_type": "earnings_press_release",
        "published_date": "2024-02-28",
        "fiscal_date": "2024-02-28",
        "fiscal_year": 2024,
        "fiscal_quarter": 4,
        "r2_url": "https://pub-2c783279b61043e19fbdadd1bee5153a.r2.dev/PSTG/2024-02-28/4ccd8-2024-02-28-09-22-09/4ccd8-2024-02-28-09-22-09.pdf%5C4ccd8-2024-02-28-09-22-09.pdf",
        "periodicity": "periodic"
    },
    {
        "equity_ticker": "PSTG",
        "geography": "US",
        "content_name": "PSTG Q4 2024 Presentation",
        "file_type": "pdf",
        "content_type": "earnings_presentation",
        "published_date": "2024-02-28",
        "fiscal_date": "2024-02-28",
        "fiscal_year": 2024,
        "fiscal_quarter": 4,
        "r2_url": "https://pub-2c783279b61043e19fbdadd1bee5153a.r2.dev/PSTG/2024-02-28/4d89c-2024-02-28-09-03-09/4d89c-2024-02-28-09-03-09.pdf%5C4d89c-2024-02-28-09-03-09.pdf",
        "periodicity": "periodic"
    },
    {
        "equity_ticker": "PSTG",
        "geography": "US",
        "content_name": "2023 Barclays Global Technology Conference - December 6, 2023",
        "file_type": "pdf",
        "content_type": "sellside_conference_transcript",
        "published_date": "2023-12-06",
        "fiscal_date": "2023-12-06",
        "fiscal_year": null,
        "fiscal_quarter": null,
        "r2_url": "https://pub-2c783279b61043e19fbdadd1bee5153a.r2.dev/PSTG/2023-12-06/Pure%20Storage%2C%20Inc._2023-12-06_transcript/Pure%20Storage%2C%20Inc._2023-12-06_transcript.pdf%5CPure%20Storage%2C%20Inc._2023-12-06_transcript.pdf",
        "periodicity": "non_periodic"
    },
    {
        "equity_ticker": "PSTG",
        "geography": "US",
        "content_name": "2023 UBS Global Technology Conference - November 30, 2023",
        "file_type": "pdf",
        "content_type": "sellside_conference_transcript",
        "published_date": "2023-11-30",
        "fiscal_date": "2023-11-30",
        "fiscal_year": null,
        "fiscal_quarter": null,
        "r2_url": "https://pub-2c783279b61043e19fbdadd1bee5153a.r2.dev/PSTG/2023-11-30/Pure%20Storage%2C%20Inc._2023-11-30_transcript/Pure%20Storage%2C%20Inc._2023-11-30_transcript.pdf%5CPure%20Storage%2C%20Inc._2023-11-30_transcript.pdf",
        "periodicity": "non_periodic"
    },
    {
        "equity_ticker": "PSTG",
        "geography": "US",
        "content_name": "PSTG Q3 2024 Transcript",
        "file_type": "pdf",
        "content_type": "earnings_transcript",
        "published_date": "2023-11-29",
        "fiscal_date": "2023-11-29",
        "fiscal_year": 2024,
        "fiscal_quarter": 3,
        "r2_url": "https://pub-2c783279b61043e19fbdadd1bee5153a.r2.dev/PSTG/2023-11-29/Pure%20Storage%2C%20Inc._2023-11-29_transcript/Pure%20Storage%2C%20Inc._2023-11-29_transcript.pdf%5CPure%20Storage%2C%20Inc._2023-11-29_transcript.pdf",
        "periodicity": "periodic"
    },
    {
        "equity_ticker": "PSTG",
        "geography": "US",
        "content_name": "PSTG Q3 2024 Press Release",
        "file_type": "pdf",
        "content_type": "earnings_press_release",
        "published_date": "2023-11-29",
        "fiscal_date": "2023-11-29",
        "fiscal_year": 2024,
        "fiscal_quarter": 3,
        "r2_url": "https://pub-2c783279b61043e19fbdadd1bee5153a.r2.dev/PSTG/2023-11-29/b3730-2023-11-29-09-13-08/b3730-2023-11-29-09-13-08.pdf%5Cb3730-2023-11-29-09-13-08.pdf",
        "periodicity": "periodic"
    },
    {
        "equity_ticker": "PSTG",
        "geography": "US",
        "content_name": "PSTG Q3 2024 Presentation",
        "file_type": "pdf",
        "content_type": "earnings_presentation",
        "published_date": "2023-11-29",
        "fiscal_date": "2023-11-29",
        "fiscal_year": 2024,
        "fiscal_quarter": 3,
        "r2_url": "https://pub-2c783279b61043e19fbdadd1bee5153a.r2.dev/PSTG/2023-11-29/0dd92-2023-11-29-09-38-35/0dd92-2023-11-29-09-38-35.pdf%5C0dd92-2023-11-29-09-38-35.pdf",
        "periodicity": "periodic"
    },
    {
        "equity_ticker": "PSTG",
        "geography": "US",
        "content_name": "Goldman Sachs Communacopia & Technology Conference - September 5, 2023",
        "file_type": "pdf",
        "content_type": "sellside_conference_transcript",
        "published_date": "2023-09-05",
        "fiscal_date": "2023-09-05",
        "fiscal_year": null,
        "fiscal_quarter": null,
        "r2_url": "https://pub-2c783279b61043e19fbdadd1bee5153a.r2.dev/PSTG/2023-09-05/Pure%20Storage%2C%20Inc._2023-09-05_transcript/Pure%20Storage%2C%20Inc._2023-09-05_transcript.pdf%5CPure%20Storage%2C%20Inc._2023-09-05_transcript.pdf",
        "periodicity": "non_periodic"
    },
    {
        "equity_ticker": "PSTG",
        "geography": "US",
        "content_name": "PSTG Q2 2024 Transcript",
        "file_type": "pdf",
        "content_type": "earnings_transcript",
        "published_date": "2023-08-30",
        "fiscal_date": "2023-08-30",
        "fiscal_year": 2024,
        "fiscal_quarter": 2,
        "r2_url": "https://pub-2c783279b61043e19fbdadd1bee5153a.r2.dev/PSTG/2023-08-30/Pure%20Storage%2C%20Inc._2023-08-30_transcript/Pure%20Storage%2C%20Inc._2023-08-30_transcript.pdf%5CPure%20Storage%2C%20Inc._2023-08-30_transcript.pdf",
        "periodicity": "periodic"
    },
    {
        "equity_ticker": "PSTG",
        "geography": "US",
        "content_name": "PSTG Q2 2024 Press Release",
        "file_type": "pdf",
        "content_type": "earnings_press_release",
        "published_date": "2023-08-30",
        "fiscal_date": "2023-08-30",
        "fiscal_year": 2024,
        "fiscal_quarter": 2,
        "r2_url": "https://pub-2c783279b61043e19fbdadd1bee5153a.r2.dev/PSTG/2023-08-30/73f90-2023-08-30-08-38-08/73f90-2023-08-30-08-38-08.pdf%5C73f90-2023-08-30-08-38-08.pdf",
        "periodicity": "periodic"
    },
    {
        "equity_ticker": "PSTG",
        "geography": "US",
        "content_name": "PSTG Q2 2024 Presentation",
        "file_type": "pdf",
        "content_type": "earnings_presentation",
        "published_date": "2023-08-30",
        "fiscal_date": "2023-08-30",
        "fiscal_year": 2024,
        "fiscal_quarter": 2,
        "r2_url": "https://pub-2c783279b61043e19fbdadd1bee5153a.r2.dev/PSTG/2023-08-30/1d6a0-2023-08-30-08-36-12/1d6a0-2023-08-30-08-36-12.pdf%5C1d6a0-2023-08-30-08-36-12.pdf",
        "periodicity": "periodic"
    },
    {
        "equity_ticker": "PSTG",
        "geography": "US",
        "content_name": "Investor Update - June 15, 2023",
        "file_type": "pdf",
        "content_type": "company_conference_transcript",
        "published_date": "2023-06-15",
        "fiscal_date": "2023-06-15",
        "fiscal_year": null,
        "fiscal_quarter": null,
        "r2_url": "https://pub-2c783279b61043e19fbdadd1bee5153a.r2.dev/PSTG/2023-06-15/Pure%20Storage%2C%20Inc._2023-06-15_transcript/Pure%20Storage%2C%20Inc._2023-06-15_transcript.pdf%5CPure%20Storage%2C%20Inc._2023-06-15_transcript.pdf",
        "periodicity": "non_periodic"
    },
    {
        "equity_ticker": "PSTG",
        "geography": "US",
        "content_name": "PSTG Q1 2024 Transcript",
        "file_type": "pdf",
        "content_type": "earnings_transcript",
        "published_date": "2023-05-31",
        "fiscal_date": "2023-05-31",
        "fiscal_year": 2024,
        "fiscal_quarter": 1,
        "r2_url": "https://pub-2c783279b61043e19fbdadd1bee5153a.r2.dev/PSTG/2023-05-31/Pure%20Storage%2C%20Inc._2023-05-31_transcript/Pure%20Storage%2C%20Inc._2023-05-31_transcript.pdf%5CPure%20Storage%2C%20Inc._2023-05-31_transcript.pdf",
        "periodicity": "periodic"
    },
    {
        "equity_ticker": "PSTG",
        "geography": "US",
        "content_name": "PSTG Q1 2024 Press Release",
        "file_type": "pdf",
        "content_type": "earnings_press_release",
        "published_date": "2023-05-31",
        "fiscal_date": "2023-05-31",
        "fiscal_year": 2024,
        "fiscal_quarter": 1,
        "r2_url": "https://pub-2c783279b61043e19fbdadd1bee5153a.r2.dev/PSTG/2023-05-31/245dd-2023-05-31-08-47-11/245dd-2023-05-31-08-47-11.pdf%5C245dd-2023-05-31-08-47-11.pdf",
        "periodicity": "periodic"
    },
    {
        "equity_ticker": "PSTG",
        "geography": "US",
        "content_name": "PSTG Q1 2024 Presentation",
        "file_type": "pdf",
        "content_type": "earnings_presentation",
        "published_date": "2023-05-31",
        "fiscal_date": "2023-05-31",
        "fiscal_year": 2024,
        "fiscal_quarter": 1,
        "r2_url": "https://pub-2c783279b61043e19fbdadd1bee5153a.r2.dev/PSTG/2023-05-31/0b7fe-2023-05-31-09-47-26/0b7fe-2023-05-31-09-47-26.pdf%5C0b7fe-2023-05-31-09-47-26.pdf",
        "periodicity": "periodic"
    },
    {
        "equity_ticker": "PSTG",
        "geography": "US",
        "content_name": "PSTG Q4 2023 Transcript",
        "file_type": "pdf",
        "content_type": "earnings_transcript",
        "published_date": "2023-03-01",
        "fiscal_date": "2023-03-01",
        "fiscal_year": 2023,
        "fiscal_quarter": 4,
        "r2_url": "https://pub-2c783279b61043e19fbdadd1bee5153a.r2.dev/PSTG/2023-03-01/Pure%20Storage%2C%20Inc._2023-03-01_transcript/Pure%20Storage%2C%20Inc._2023-03-01_transcript.pdf%5CPure%20Storage%2C%20Inc._2023-03-01_transcript.pdf",
        "periodicity": "periodic"
    },
    {
        "equity_ticker": "PSTG",
        "geography": "US",
        "content_name": "PSTG Q4 2023 Press Release",
        "file_type": "pdf",
        "content_type": "earnings_press_release",
        "published_date": "2023-03-01",
        "fiscal_date": "2023-03-01",
        "fiscal_year": 2023,
        "fiscal_quarter": 4,
        "r2_url": "https://pub-2c783279b61043e19fbdadd1bee5153a.r2.dev/PSTG/2023-03-01/6d6b8-2023-03-01-10-29-44/6d6b8-2023-03-01-10-29-44.pdf%5C6d6b8-2023-03-01-10-29-44.pdf",
        "periodicity": "periodic"
    },
    {
        "equity_ticker": "PSTG",
        "geography": "US",
        "content_name": "PSTG Q4 2023 Presentation",
        "file_type": "pdf",
        "content_type": "earnings_presentation",
        "published_date": "2023-03-01",
        "fiscal_date": "2023-03-01",
        "fiscal_year": 2023,
        "fiscal_quarter": 4,
        "r2_url": "https://pub-2c783279b61043e19fbdadd1bee5153a.r2.dev/PSTG/2023-03-01/cc346-2023-03-01-10-29-44/cc346-2023-03-01-10-29-44.pdf%5Ccc346-2023-03-01-10-29-44.pdf",
        "periodicity": "periodic"
    },
    {
        "equity_ticker": "PSTG",
        "geography": "US",
        "content_name": "PSTG Q3 2023 Transcript",
        "file_type": "pdf",
        "content_type": "earnings_transcript",
        "published_date": "2022-11-30",
        "fiscal_date": "2022-11-30",
        "fiscal_year": 2023,
        "fiscal_quarter": 3,
        "r2_url": "https://pub-2c783279b61043e19fbdadd1bee5153a.r2.dev/PSTG/2022-11-30/Pure%20Storage%2C%20Inc._2022-11-30_transcript/Pure%20Storage%2C%20Inc._2022-11-30_transcript.pdf%5CPure%20Storage%2C%20Inc._2022-11-30_transcript.pdf",
        "periodicity": "periodic"
    },
    {
        "equity_ticker": "PSTG",
        "geography": "US",
        "content_name": "PSTG Q3 2023 Press Release",
        "file_type": "pdf",
        "content_type": "quarterly_report",
        "published_date": "2022-11-30",
        "fiscal_date": "2022-11-30",
        "fiscal_year": 2023,
        "fiscal_quarter": 3,
        "r2_url": "https://pub-2c783279b61043e19fbdadd1bee5153a.r2.dev/PSTG/2022-11-30/ffa5d-2024-08-29-10-19-22/ffa5d-2024-08-29-10-19-22.pdf%5Cffa5d-2024-08-29-10-19-22.pdf",
        "periodicity": "periodic"
    },
    {
        "equity_ticker": "PSTG",
        "geography": "US",
        "content_name": "PSTG Q3 2023 Presentation",
        "file_type": "pdf",
        "content_type": "earnings_presentation",
        "published_date": "2022-11-30",
        "fiscal_date": "2022-11-30",
        "fiscal_year": 2023,
        "fiscal_quarter": 3,
        "r2_url": "https://pub-2c783279b61043e19fbdadd1bee5153a.r2.dev/PSTG/2022-11-30/af0d7-2022-11-30-09-10-10/af0d7-2022-11-30-09-10-10.pdf%5Caf0d7-2022-11-30-09-10-10.pdf",
        "periodicity": "periodic"
    },
    {
        "equity_ticker": "PSTG",
        "geography": "US",
        "content_name": "PSTG Q2 2023 Transcript",
        "file_type": "pdf",
        "content_type": "earnings_transcript",
        "published_date": "2022-08-31",
        "fiscal_date": "2022-08-31",
        "fiscal_year": 2023,
        "fiscal_quarter": 2,
        "r2_url": "https://pub-2c783279b61043e19fbdadd1bee5153a.r2.dev/PSTG/2022-08-31/Pure%20Storage%2C%20Inc._2022-08-31_transcript/Pure%20Storage%2C%20Inc._2022-08-31_transcript.pdf%5CPure%20Storage%2C%20Inc._2022-08-31_transcript.pdf",
        "periodicity": "periodic"
    },
    {
        "equity_ticker": "PSTG",
        "geography": "US",
        "content_name": "PSTG Q2 2023 Press Release",
        "file_type": "pdf",
        "content_type": "quarterly_report",
        "published_date": "2022-08-31",
        "fiscal_date": "2022-08-31",
        "fiscal_year": 2023,
        "fiscal_quarter": 2,
        "r2_url": "https://pub-2c783279b61043e19fbdadd1bee5153a.r2.dev/PSTG/2022-08-31/d3abc-2024-08-29-10-24-22/d3abc-2024-08-29-10-24-22.pdf%5Cd3abc-2024-08-29-10-24-22.pdf",
        "periodicity": "periodic"
    },
    {
        "equity_ticker": "PSTG",
        "geography": "US",
        "content_name": "PSTG Q2 2023 Presentation",
        "file_type": "pdf",
        "content_type": "earnings_presentation",
        "published_date": "2022-08-31",
        "fiscal_date": "2022-08-31",
        "fiscal_year": 2023,
        "fiscal_quarter": 2,
        "r2_url": "https://pub-2c783279b61043e19fbdadd1bee5153a.r2.dev/PSTG/2022-08-31/cd1b5-2022-09-01-07-08-25/cd1b5-2022-09-01-07-08-25.pdf%5Ccd1b5-2022-09-01-07-08-25.pdf",
        "periodicity": "periodic"
    },
    {
        "equity_ticker": "PSTG",
        "geography": "US",
        "content_name": "PSTG Q1 2023 Transcript",
        "file_type": "pdf",
        "content_type": "earnings_transcript",
        "published_date": "2022-06-01",
        "fiscal_date": "2022-06-01",
        "fiscal_year": 2023,
        "fiscal_quarter": 1,
        "r2_url": "https://pub-2c783279b61043e19fbdadd1bee5153a.r2.dev/PSTG/2022-06-01/Pure%20Storage%2C%20Inc._2022-06-01_transcript/Pure%20Storage%2C%20Inc._2022-06-01_transcript.pdf%5CPure%20Storage%2C%20Inc._2022-06-01_transcript.pdf",
        "periodicity": "periodic"
    },
    {
        "equity_ticker": "PSTG",
        "geography": "US",
        "content_name": "PSTG Q1 2023 Press Release",
        "file_type": "pdf",
        "content_type": "quarterly_report",
        "published_date": "2022-06-01",
        "fiscal_date": "2022-06-01",
        "fiscal_year": 2023,
        "fiscal_quarter": 1,
        "r2_url": "https://pub-2c783279b61043e19fbdadd1bee5153a.r2.dev/PSTG/2022-06-01/36869-2024-08-29-10-22-22/36869-2024-08-29-10-22-22.pdf%5C36869-2024-08-29-10-22-22.pdf",
        "periodicity": "periodic"
    },
    {
        "equity_ticker": "PSTG",
        "geography": "US",
        "content_name": "PSTG Q1 2023 Presentation",
        "file_type": "pdf",
        "content_type": "earnings_presentation",
        "published_date": "2022-06-01",
        "fiscal_date": "2022-06-01",
        "fiscal_year": 2023,
        "fiscal_quarter": 1,
        "r2_url": "https://pub-2c783279b61043e19fbdadd1bee5153a.r2.dev/PSTG/2022-06-01/b9f3f-2022-06-01-10-26-19/b9f3f-2022-06-01-10-26-19.pdf%5Cb9f3f-2022-06-01-10-26-19.pdf",
        "periodicity": "periodic"
    },
    {
        "equity_ticker": "PSTG",
        "geography": "US",
        "content_name": "PSTG Q4 2022 Transcript",
        "file_type": "pdf",
        "content_type": "earnings_transcript",
        "published_date": "2022-03-02",
        "fiscal_date": "2022-03-02",
        "fiscal_year": 2022,
        "fiscal_quarter": 4,
        "r2_url": "https://pub-2c783279b61043e19fbdadd1bee5153a.r2.dev/PSTG/2022-03-02/Pure%20Storage%2C%20Inc._2022-03-02_transcript/Pure%20Storage%2C%20Inc._2022-03-02_transcript.pdf%5CPure%20Storage%2C%20Inc._2022-03-02_transcript.pdf",
        "periodicity": "periodic"
    },
    {
        "equity_ticker": "PSTG",
        "geography": "US",
        "content_name": "PSTG Q4 2022 Press Release",
        "file_type": "pdf",
        "content_type": "earnings_press_release",
        "published_date": "2022-03-02",
        "fiscal_date": "2022-03-02",
        "fiscal_year": 2022,
        "fiscal_quarter": 4,
        "r2_url": "https://pub-2c783279b61043e19fbdadd1bee5153a.r2.dev/PSTG/2022-03-02/cdb26-2023-01-25-12-02-41/cdb26-2023-01-25-12-02-41.pdf%5Ccdb26-2023-01-25-12-02-41.pdf",
        "periodicity": "periodic"
    },
    {
        "equity_ticker": "PSTG",
        "geography": "US",
        "content_name": "PSTG Q4 2022 Presentation",
        "file_type": "pdf",
        "content_type": "earnings_presentation",
        "published_date": "2022-03-02",
        "fiscal_date": "2022-03-02",
        "fiscal_year": 2022,
        "fiscal_quarter": 4,
        "r2_url": "https://pub-2c783279b61043e19fbdadd1bee5153a.r2.dev/PSTG/2022-03-02/2c281-2022-03-02-03-24-06-migrated/2c281-2022-03-02-03-24-06-migrated.pdf%5C2c281-2022-03-02-03-24-06-migrated.pdf",
        "periodicity": "periodic"
    },
    {
        "equity_ticker": "PSTG",
        "geography": "US",
        "content_name": "PSTG Q3 2022 Transcript",
        "file_type": "pdf",
        "content_type": "earnings_transcript",
        "published_date": "2021-11-23",
        "fiscal_date": "2021-11-23",
        "fiscal_year": 2022,
        "fiscal_quarter": 3,
        "r2_url": "https://pub-2c783279b61043e19fbdadd1bee5153a.r2.dev/PSTG/2021-11-23/Pure%20Storage%2C%20Inc._2021-11-23_transcript/Pure%20Storage%2C%20Inc._2021-11-23_transcript.pdf%5CPure%20Storage%2C%20Inc._2021-11-23_transcript.pdf",
        "periodicity": "periodic"
    },
    {
        "equity_ticker": "PSTG",
        "geography": "US",
        "content_name": "PSTG Q3 2022 Press Release",
        "file_type": "pdf",
        "content_type": "quarterly_report",
        "published_date": "2021-11-23",
        "fiscal_date": "2021-11-23",
        "fiscal_year": 2022,
        "fiscal_quarter": 3,
        "r2_url": "https://pub-2c783279b61043e19fbdadd1bee5153a.r2.dev/PSTG/2021-11-23/8a6ad-2024-08-29-10-20-22/8a6ad-2024-08-29-10-20-22.pdf%5C8a6ad-2024-08-29-10-20-22.pdf",
        "periodicity": "periodic"
    },
    {
        "equity_ticker": "PSTG",
        "geography": "US",
        "content_name": "Analyst Day 2021 - September 28, 2021",
        "file_type": "pdf",
        "content_type": "company_conference_transcript",
        "published_date": "2021-09-28",
        "fiscal_date": "2021-09-28",
        "fiscal_year": null,
        "fiscal_quarter": null,
        "r2_url": "https://pub-2c783279b61043e19fbdadd1bee5153a.r2.dev/PSTG/2021-09-28/Pure%20Storage%2C%20Inc._2021-09-28_transcript/Pure%20Storage%2C%20Inc._2021-09-28_transcript.pdf%5CPure%20Storage%2C%20Inc._2021-09-28_transcript.pdf",
        "periodicity": "non_periodic"
    },
    {
        "equity_ticker": "PSTG",
        "geography": "US",
        "content_name": "Analyst Day 2021 - September 28, 2021",
        "file_type": "pdf",
        "content_type": "company_conference_presentation",
        "published_date": "2021-09-28",
        "fiscal_date": "2021-09-28",
        "fiscal_year": null,
        "fiscal_quarter": null,
        "r2_url": "https://pub-2c783279b61043e19fbdadd1bee5153a.r2.dev/PSTG/2021-09-28/7d5da-2021-09-28-12-00-00-migrated/7d5da-2021-09-28-12-00-00-migrated.pdf%5C7d5da-2021-09-28-12-00-00-migrated.pdf",
        "periodicity": "non_periodic"
    },
    {
        "equity_ticker": "PSTG",
        "geography": "US",
        "content_name": "PSTG Q2 2022 Transcript",
        "file_type": "pdf",
        "content_type": "earnings_transcript",
        "published_date": "2021-08-25",
        "fiscal_date": "2021-08-25",
        "fiscal_year": 2022,
        "fiscal_quarter": 2,
        "r2_url": "https://pub-2c783279b61043e19fbdadd1bee5153a.r2.dev/PSTG/2021-08-25/Pure%20Storage%2C%20Inc._2021-08-25_transcript/Pure%20Storage%2C%20Inc._2021-08-25_transcript.pdf%5CPure%20Storage%2C%20Inc._2021-08-25_transcript.pdf",
        "periodicity": "periodic"
    },
    {
        "equity_ticker": "PSTG",
        "geography": "US",
        "content_name": "PSTG Q2 2022 Press Release",
        "file_type": "pdf",
        "content_type": "quarterly_report",
        "published_date": "2021-08-25",
        "fiscal_date": "2021-08-25",
        "fiscal_year": 2022,
        "fiscal_quarter": 2,
        "r2_url": "https://pub-2c783279b61043e19fbdadd1bee5153a.r2.dev/PSTG/2021-08-25/cf040-2024-08-29-10-20-22/cf040-2024-08-29-10-20-22.pdf%5Ccf040-2024-08-29-10-20-22.pdf",
        "periodicity": "periodic"
    },
    {
        "equity_ticker": "PSTG",
        "geography": "US",
        "content_name": "PSTG Q1 2022 Transcript",
        "file_type": "pdf",
        "content_type": "earnings_transcript",
        "published_date": "2021-05-26",
        "fiscal_date": "2021-05-26",
        "fiscal_year": 2022,
        "fiscal_quarter": 1,
        "r2_url": "https://pub-2c783279b61043e19fbdadd1bee5153a.r2.dev/PSTG/2021-05-26/Pure%20Storage%2C%20Inc._2021-05-26_transcript/Pure%20Storage%2C%20Inc._2021-05-26_transcript.pdf%5CPure%20Storage%2C%20Inc._2021-05-26_transcript.pdf",
        "periodicity": "periodic"
    },
    {
        "equity_ticker": "PSTG",
        "geography": "US",
        "content_name": "PSTG Q1 2022 Press Release",
        "file_type": "pdf",
        "content_type": "earnings_press_release",
        "published_date": "2021-05-26",
        "fiscal_date": "2021-05-26",
        "fiscal_year": 2022,
        "fiscal_quarter": 1,
        "r2_url": "https://pub-2c783279b61043e19fbdadd1bee5153a.r2.dev/PSTG/2021-05-26/202b9-2023-01-25-09-33-27/202b9-2023-01-25-09-33-27.pdf%5C202b9-2023-01-25-09-33-27.pdf",
        "periodicity": "periodic"
    },
    {
        "equity_ticker": "PSTG",
        "geography": "US",
        "content_name": "PSTG Q1 2022 Presentation",
        "file_type": "pdf",
        "content_type": "earnings_presentation",
        "published_date": "2021-05-26",
        "fiscal_date": "2021-05-26",
        "fiscal_year": 2022,
        "fiscal_quarter": 1,
        "r2_url": "https://pub-2c783279b61043e19fbdadd1bee5153a.r2.dev/PSTG/2021-05-26/a25eb-2021-05-26-03-00-09-migrated/a25eb-2021-05-26-03-00-09-migrated.pdf%5Ca25eb-2021-05-26-03-00-09-migrated.pdf",
        "periodicity": "periodic"
    },
    {
        "equity_ticker": "PSTG",
        "geography": "US",
        "content_name": "PSTG Q4 2021 Transcript",
        "file_type": "pdf",
        "content_type": "earnings_transcript",
        "published_date": "2021-02-24",
        "fiscal_date": "2021-02-24",
        "fiscal_year": 2021,
        "fiscal_quarter": 4,
        "r2_url": "https://pub-2c783279b61043e19fbdadd1bee5153a.r2.dev/PSTG/2021-02-24/Pure%20Storage%2C%20Inc._2021-02-24_transcript/Pure%20Storage%2C%20Inc._2021-02-24_transcript.pdf%5CPure%20Storage%2C%20Inc._2021-02-24_transcript.pdf",
        "periodicity": "periodic"
    },
    {
        "equity_ticker": "PSTG",
        "geography": "US",
        "content_name": "PSTG Q4 2021 Press Release",
        "file_type": "pdf",
        "content_type": "earnings_press_release",
        "published_date": "2021-02-24",
        "fiscal_date": "2021-02-24",
        "fiscal_year": 2021,
        "fiscal_quarter": 4,
        "r2_url": "https://pub-2c783279b61043e19fbdadd1bee5153a.r2.dev/PSTG/2021-02-24/e4417-2023-12-07-06-27-41/e4417-2023-12-07-06-27-41.pdf%5Ce4417-2023-12-07-06-27-41.pdf",
        "periodicity": "periodic"
    },
    {
        "equity_ticker": "PSTG",
        "geography": "US",
        "content_name": "PSTG Q4 2021 Presentation",
        "file_type": "pdf",
        "content_type": "earnings_presentation",
        "published_date": "2021-02-24",
        "fiscal_date": "2021-02-24",
        "fiscal_year": 2021,
        "fiscal_quarter": 4,
        "r2_url": "https://pub-2c783279b61043e19fbdadd1bee5153a.r2.dev/PSTG/2021-02-24/7e234-2023-12-07-06-26-41/7e234-2023-12-07-06-26-41.pdf%5C7e234-2023-12-07-06-26-41.pdf",
        "periodicity": "periodic"
    },
    {
        "equity_ticker": "PSTG",
        "geography": "US",
        "content_name": "PSTG Q3 2021 Transcript",
        "file_type": "pdf",
        "content_type": "earnings_transcript",
        "published_date": "2020-11-24",
        "fiscal_date": "2020-11-24",
        "fiscal_year": 2021,
        "fiscal_quarter": 3,
        "r2_url": "https://pub-2c783279b61043e19fbdadd1bee5153a.r2.dev/PSTG/2020-11-24/Pure%20Storage%2C%20Inc._2020-11-24_transcript/Pure%20Storage%2C%20Inc._2020-11-24_transcript.pdf%5CPure%20Storage%2C%20Inc._2020-11-24_transcript.pdf",
        "periodicity": "periodic"
    },
    {
        "equity_ticker": "PSTG",
        "geography": "US",
        "content_name": "PSTG Q3 2021 Press Release",
        "file_type": "pdf",
        "content_type": "earnings_press_release",
        "published_date": "2020-11-24",
        "fiscal_date": "2020-11-24",
        "fiscal_year": 2021,
        "fiscal_quarter": 3,
        "r2_url": "https://pub-2c783279b61043e19fbdadd1bee5153a.r2.dev/PSTG/2020-11-24/5b482-2023-12-07-06-11-42/5b482-2023-12-07-06-11-42.pdf%5C5b482-2023-12-07-06-11-42.pdf",
        "periodicity": "periodic"
    },
    {
        "equity_ticker": "PSTG",
        "geography": "US",
        "content_name": "PSTG Q3 2021 Presentation",
        "file_type": "pdf",
        "content_type": "earnings_presentation",
        "published_date": "2020-11-24",
        "fiscal_date": "2020-11-24",
        "fiscal_year": 2021,
        "fiscal_quarter": 3,
        "r2_url": "https://pub-2c783279b61043e19fbdadd1bee5153a.r2.dev/PSTG/2020-11-24/fcc22-2023-12-07-06-11-42/fcc22-2023-12-07-06-11-42.pdf%5Cfcc22-2023-12-07-06-11-42.pdf",
        "periodicity": "periodic"
    },
    {
        "equity_ticker": "PSTG",
        "geography": "US",
        "content_name": "PSTG Q2 2021 Transcript",
        "file_type": "pdf",
        "content_type": "earnings_transcript",
        "published_date": "2020-08-25",
        "fiscal_date": "2020-08-25",
        "fiscal_year": 2021,
        "fiscal_quarter": 2,
        "r2_url": "https://pub-2c783279b61043e19fbdadd1bee5153a.r2.dev/PSTG/2020-08-25/Pure%20Storage%2C%20Inc._2020-08-25_transcript/Pure%20Storage%2C%20Inc._2020-08-25_transcript.pdf%5CPure%20Storage%2C%20Inc._2020-08-25_transcript.pdf",
        "periodicity": "periodic"
    },
    {
        "equity_ticker": "PSTG",
        "geography": "US",
        "content_name": "PSTG Q2 2021 Press Release",
        "file_type": "pdf",
        "content_type": "earnings_press_release",
        "published_date": "2020-08-25",
        "fiscal_date": "2020-08-25",
        "fiscal_year": 2021,
        "fiscal_quarter": 2,
        "r2_url": "https://pub-2c783279b61043e19fbdadd1bee5153a.r2.dev/PSTG/2020-08-25/8785f-2023-12-07-06-03-43/8785f-2023-12-07-06-03-43.pdf%5C8785f-2023-12-07-06-03-43.pdf",
        "periodicity": "periodic"
    },
    {
        "equity_ticker": "PSTG",
        "geography": "US",
        "content_name": "PSTG Q2 2021 Presentation",
        "file_type": "pdf",
        "content_type": "earnings_presentation",
        "published_date": "2020-08-25",
        "fiscal_date": "2020-08-25",
        "fiscal_year": 2021,
        "fiscal_quarter": 2,
        "r2_url": "https://pub-2c783279b61043e19fbdadd1bee5153a.r2.dev/PSTG/2020-08-25/a0146-2023-12-07-06-03-43/a0146-2023-12-07-06-03-43.pdf%5Ca0146-2023-12-07-06-03-43.pdf",
        "periodicity": "periodic"
    },
    {
        "equity_ticker": "PSTG",
        "geography": "US",
        "content_name": "PSTG Q1 2021 Transcript",
        "file_type": "pdf",
        "content_type": "earnings_transcript",
        "published_date": "2020-05-28",
        "fiscal_date": "2020-05-28",
        "fiscal_year": 2021,
        "fiscal_quarter": 1,
        "r2_url": "https://pub-2c783279b61043e19fbdadd1bee5153a.r2.dev/PSTG/2020-05-28/Pure%20Storage%2C%20Inc._2020-05-28_transcript/Pure%20Storage%2C%20Inc._2020-05-28_transcript.pdf%5CPure%20Storage%2C%20Inc._2020-05-28_transcript.pdf",
        "periodicity": "periodic"
    },
    {
        "equity_ticker": "PSTG",
        "geography": "US",
        "content_name": "PSTG Q1 2021 Press Release",
        "file_type": "pdf",
        "content_type": "earnings_press_release",
        "published_date": "2020-05-28",
        "fiscal_date": "2020-05-28",
        "fiscal_year": 2021,
        "fiscal_quarter": 1,
        "r2_url": "https://pub-2c783279b61043e19fbdadd1bee5153a.r2.dev/PSTG/2020-05-28/dd109-2023-12-07-06-41-43/dd109-2023-12-07-06-41-43.pdf%5Cdd109-2023-12-07-06-41-43.pdf",
        "periodicity": "periodic"
    },
    {
        "equity_ticker": "PSTG",
        "geography": "US",
        "content_name": "PSTG Q1 2021 Presentation",
        "file_type": "pdf",
        "content_type": "earnings_presentation",
        "published_date": "2020-05-28",
        "fiscal_date": "2020-05-28",
        "fiscal_year": 2021,
        "fiscal_quarter": 1,
        "r2_url": "https://pub-2c783279b61043e19fbdadd1bee5153a.r2.dev/PSTG/2020-05-28/e55d6-2023-12-07-06-41-43/e55d6-2023-12-07-06-41-43.pdf%5Ce55d6-2023-12-07-06-41-43.pdf",
        "periodicity": "periodic"
    },
    {
        "equity_ticker": "PSTG",
        "geography": "US",
        "content_name": "PSTG Q4 2020 Transcript",
        "file_type": "pdf",
        "content_type": "earnings_transcript",
        "published_date": "2020-02-27",
        "fiscal_date": "2020-02-27",
        "fiscal_year": 2020,
        "fiscal_quarter": 4,
        "r2_url": "https://pub-2c783279b61043e19fbdadd1bee5153a.r2.dev/PSTG/2020-02-27/Pure%20Storage%2C%20Inc._2020-02-27_transcript/Pure%20Storage%2C%20Inc._2020-02-27_transcript.pdf%5CPure%20Storage%2C%20Inc._2020-02-27_transcript.pdf",
        "periodicity": "periodic"
    },
    {
        "equity_ticker": "PSTG",
        "geography": "US",
        "content_name": "PSTG Q4 2020 Press Release",
        "file_type": "pdf",
        "content_type": "earnings_press_release",
        "published_date": "2020-02-27",
        "fiscal_date": "2020-02-27",
        "fiscal_year": 2020,
        "fiscal_quarter": 4,
        "r2_url": "https://pub-2c783279b61043e19fbdadd1bee5153a.r2.dev/PSTG/2020-02-27/ce1dd-2023-12-07-06-29-44/ce1dd-2023-12-07-06-29-44.pdf%5Cce1dd-2023-12-07-06-29-44.pdf",
        "periodicity": "periodic"
    },
    {
        "equity_ticker": "PSTG",
        "geography": "US",
        "content_name": "PSTG Q4 2020 Presentation",
        "file_type": "pdf",
        "content_type": "earnings_presentation",
        "published_date": "2020-02-27",
        "fiscal_date": "2020-02-27",
        "fiscal_year": 2020,
        "fiscal_quarter": 4,
        "r2_url": "https://pub-2c783279b61043e19fbdadd1bee5153a.r2.dev/PSTG/2020-02-27/419a4-2023-12-07-06-30-44/419a4-2023-12-07-06-30-44.pdf%5C419a4-2023-12-07-06-30-44.pdf",
        "periodicity": "periodic"
    },
    {
        "equity_ticker": "PSTG",
        "geography": "US",
        "content_name": "PSTG Q3 2020 Transcript",
        "file_type": "pdf",
        "content_type": "earnings_transcript",
        "published_date": "2019-11-21",
        "fiscal_date": "2019-11-21",
        "fiscal_year": 2020,
        "fiscal_quarter": 3,
        "r2_url": "https://pub-2c783279b61043e19fbdadd1bee5153a.r2.dev/PSTG/2019-11-21/Pure%20Storage%2C%20Inc._2019-11-21_transcript/Pure%20Storage%2C%20Inc._2019-11-21_transcript.pdf%5CPure%20Storage%2C%20Inc._2019-11-21_transcript.pdf",
        "periodicity": "periodic"
    },
    {
        "equity_ticker": "PSTG",
        "geography": "US",
        "content_name": "PSTG Q3 2020 Press Release",
        "file_type": "pdf",
        "content_type": "earnings_press_release",
        "published_date": "2019-11-21",
        "fiscal_date": "2019-11-21",
        "fiscal_year": 2020,
        "fiscal_quarter": 3,
        "r2_url": "https://pub-2c783279b61043e19fbdadd1bee5153a.r2.dev/PSTG/2019-11-21/8c52b-2023-12-07-06-16-45/8c52b-2023-12-07-06-16-45.pdf%5C8c52b-2023-12-07-06-16-45.pdf",
        "periodicity": "periodic"
    },
    {
        "equity_ticker": "PSTG",
        "geography": "US",
        "content_name": "PSTG Q3 2020 Presentation",
        "file_type": "pdf",
        "content_type": "earnings_presentation",
        "published_date": "2019-11-21",
        "fiscal_date": "2019-11-21",
        "fiscal_year": 2020,
        "fiscal_quarter": 3,
        "r2_url": "https://pub-2c783279b61043e19fbdadd1bee5153a.r2.dev/PSTG/2019-11-21/f3bc9-2023-12-07-06-16-45/f3bc9-2023-12-07-06-16-45.pdf%5Cf3bc9-2023-12-07-06-16-45.pdf",
        "periodicity": "periodic"
    },
    {
        "equity_ticker": "PSTG",
        "geography": "US",
        "content_name": "PSTG Q2 2020 Transcript",
        "file_type": "pdf",
        "content_type": "earnings_transcript",
        "published_date": "2019-08-21",
        "fiscal_date": "2019-08-21",
        "fiscal_year": 2020,
        "fiscal_quarter": 2,
        "r2_url": "https://pub-2c783279b61043e19fbdadd1bee5153a.r2.dev/PSTG/2019-08-21/Pure%20Storage%2C%20Inc._2019-08-21_transcript/Pure%20Storage%2C%20Inc._2019-08-21_transcript.pdf%5CPure%20Storage%2C%20Inc._2019-08-21_transcript.pdf",
        "periodicity": "periodic"
    },
    {
        "equity_ticker": "PSTG",
        "geography": "US",
        "content_name": "PSTG Q2 2020 Press Release",
        "file_type": "pdf",
        "content_type": "earnings_press_release",
        "published_date": "2019-08-21",
        "fiscal_date": "2019-08-21",
        "fiscal_year": 2020,
        "fiscal_quarter": 2,
        "r2_url": "https://pub-2c783279b61043e19fbdadd1bee5153a.r2.dev/PSTG/2019-08-21/83964-2023-12-07-06-09-46/83964-2023-12-07-06-09-46.pdf%5C83964-2023-12-07-06-09-46.pdf",
        "periodicity": "periodic"
    },
    {
        "equity_ticker": "PSTG",
        "geography": "US",
        "content_name": "PSTG Q2 2020 Presentation",
        "file_type": "pdf",
        "content_type": "earnings_presentation",
        "published_date": "2019-08-21",
        "fiscal_date": "2019-08-21",
        "fiscal_year": 2020,
        "fiscal_quarter": 2,
        "r2_url": "https://pub-2c783279b61043e19fbdadd1bee5153a.r2.dev/PSTG/2019-08-21/ee045-2023-12-07-06-09-46/ee045-2023-12-07-06-09-46.pdf%5Cee045-2023-12-07-06-09-46.pdf",
        "periodicity": "periodic"
    },
    {
        "equity_ticker": "PSTG",
        "geography": "US",
        "content_name": "AGM 2019 - June 20, 2019",
        "file_type": "pdf",
        "content_type": "company_conference_transcript",
        "published_date": "2019-06-20",
        "fiscal_date": "2019-06-20",
        "fiscal_year": null,
        "fiscal_quarter": null,
        "r2_url": "https://pub-2c783279b61043e19fbdadd1bee5153a.r2.dev/PSTG/2019-06-20/Pure%20Storage%2C%20Inc._2019-06-20_transcript/Pure%20Storage%2C%20Inc._2019-06-20_transcript.pdf%5CPure%20Storage%2C%20Inc._2019-06-20_transcript.pdf",
        "periodicity": "non_periodic"
    },
    {
        "equity_ticker": "PSTG",
        "geography": "US",
        "content_name": "PSTG Q1 2020 Transcript",
        "file_type": "pdf",
        "content_type": "earnings_transcript",
        "published_date": "2019-05-21",
        "fiscal_date": "2019-05-21",
        "fiscal_year": 2020,
        "fiscal_quarter": 1,
        "r2_url": "https://pub-2c783279b61043e19fbdadd1bee5153a.r2.dev/PSTG/2019-05-21/Pure%20Storage%2C%20Inc._2019-05-21_transcript/Pure%20Storage%2C%20Inc._2019-05-21_transcript.pdf%5CPure%20Storage%2C%20Inc._2019-05-21_transcript.pdf",
        "periodicity": "periodic"
    },
    {
        "equity_ticker": "PSTG",
        "geography": "US",
        "content_name": "PSTG Q1 2020 Press Release",
        "file_type": "pdf",
        "content_type": "earnings_press_release",
        "published_date": "2019-05-21",
        "fiscal_date": "2019-05-21",
        "fiscal_year": 2020,
        "fiscal_quarter": 1,
        "r2_url": "https://pub-2c783279b61043e19fbdadd1bee5153a.r2.dev/PSTG/2019-05-21/2b939-2023-12-07-06-37-47/2b939-2023-12-07-06-37-47.pdf%5C2b939-2023-12-07-06-37-47.pdf",
        "periodicity": "periodic"
    },
    {
        "equity_ticker": "PSTG",
        "geography": "US",
        "content_name": "PSTG Q1 2020 Presentation",
        "file_type": "pdf",
        "content_type": "earnings_presentation",
        "published_date": "2019-05-21",
        "fiscal_date": "2019-05-21",
        "fiscal_year": 2020,
        "fiscal_quarter": 1,
        "r2_url": "https://pub-2c783279b61043e19fbdadd1bee5153a.r2.dev/PSTG/2019-05-21/c5a88-2023-12-07-06-37-47/c5a88-2023-12-07-06-37-47.pdf%5Cc5a88-2023-12-07-06-37-47.pdf",
        "periodicity": "periodic"
    },
    {
        "equity_ticker": "PSTG",
        "geography": "US",
        "content_name": "PSTG Q4 2019 Transcript",
        "file_type": "pdf",
        "content_type": "earnings_transcript",
        "published_date": "2019-02-28",
        "fiscal_date": "2019-02-28",
        "fiscal_year": 2019,
        "fiscal_quarter": 4,
        "r2_url": "https://pub-2c783279b61043e19fbdadd1bee5153a.r2.dev/PSTG/2019-02-28/Pure%20Storage%2C%20Inc._2019-02-28_transcript/Pure%20Storage%2C%20Inc._2019-02-28_transcript.pdf%5CPure%20Storage%2C%20Inc._2019-02-28_transcript.pdf",
        "periodicity": "periodic"
    },
    {
        "equity_ticker": "PSTG",
        "geography": "US",
        "content_name": "PSTG Q4 2019 Press Release",
        "file_type": "pdf",
        "content_type": "earnings_press_release",
        "published_date": "2019-02-28",
        "fiscal_date": "2019-02-28",
        "fiscal_year": 2019,
        "fiscal_quarter": 4,
        "r2_url": "https://pub-2c783279b61043e19fbdadd1bee5153a.r2.dev/PSTG/2019-02-28/1ec6f-2023-12-07-06-28-48/1ec6f-2023-12-07-06-28-48.pdf%5C1ec6f-2023-12-07-06-28-48.pdf",
        "periodicity": "periodic"
    },
    {
        "equity_ticker": "PSTG",
        "geography": "US",
        "content_name": "PSTG Q4 2019 Presentation",
        "file_type": "pdf",
        "content_type": "earnings_presentation",
        "published_date": "2019-02-28",
        "fiscal_date": "2019-02-28",
        "fiscal_year": 2019,
        "fiscal_quarter": 4,
        "r2_url": "https://pub-2c783279b61043e19fbdadd1bee5153a.r2.dev/PSTG/2019-02-28/215f0-2023-12-07-06-28-48/215f0-2023-12-07-06-28-48.pdf%5C215f0-2023-12-07-06-28-48.pdf",
        "periodicity": "periodic"
    },
    {
        "equity_ticker": "PSTG",
        "geography": "US",
        "content_name": "PSTG Q3 2019 Transcript",
        "file_type": "pdf",
        "content_type": "earnings_transcript",
        "published_date": "2018-11-19",
        "fiscal_date": "2018-11-19",
        "fiscal_year": 2019,
        "fiscal_quarter": 3,
        "r2_url": "https://pub-2c783279b61043e19fbdadd1bee5153a.r2.dev/PSTG/2018-11-19/Pure%20Storage%2C%20Inc._2018-11-19_transcript/Pure%20Storage%2C%20Inc._2018-11-19_transcript.pdf%5CPure%20Storage%2C%20Inc._2018-11-19_transcript.pdf",
        "periodicity": "periodic"
    },
    {
        "equity_ticker": "PSTG",
        "geography": "US",
        "content_name": "PSTG Q3 2019 Press Release",
        "file_type": "pdf",
        "content_type": "earnings_press_release",
        "published_date": "2018-11-19",
        "fiscal_date": "2018-11-19",
        "fiscal_year": 2019,
        "fiscal_quarter": 3,
        "r2_url": "https://pub-2c783279b61043e19fbdadd1bee5153a.r2.dev/PSTG/2018-11-19/50b09-2023-12-07-06-09-49/50b09-2023-12-07-06-09-49.pdf%5C50b09-2023-12-07-06-09-49.pdf",
        "periodicity": "periodic"
    },
    {
        "equity_ticker": "PSTG",
        "geography": "US",
        "content_name": "PSTG Q3 2019 Presentation",
        "file_type": "pdf",
        "content_type": "earnings_presentation",
        "published_date": "2018-11-19",
        "fiscal_date": "2018-11-19",
        "fiscal_year": 2019,
        "fiscal_quarter": 3,
        "r2_url": "https://pub-2c783279b61043e19fbdadd1bee5153a.r2.dev/PSTG/2018-11-19/5ac2f-2023-12-07-06-09-49/5ac2f-2023-12-07-06-09-49.pdf%5C5ac2f-2023-12-07-06-09-49.pdf",
        "periodicity": "periodic"
    },
    {
        "equity_ticker": "PSTG",
        "geography": "US",
        "content_name": "PSTG Q2 2019 Transcript",
        "file_type": "pdf",
        "content_type": "earnings_transcript",
        "published_date": "2018-08-21",
        "fiscal_date": "2018-08-21",
        "fiscal_year": 2019,
        "fiscal_quarter": 2,
        "r2_url": "https://pub-2c783279b61043e19fbdadd1bee5153a.r2.dev/PSTG/2018-08-21/Pure%20Storage%2C%20Inc._2018-08-21_transcript/Pure%20Storage%2C%20Inc._2018-08-21_transcript.pdf%5CPure%20Storage%2C%20Inc._2018-08-21_transcript.pdf",
        "periodicity": "periodic"
    },
    {
        "equity_ticker": "PSTG",
        "geography": "US",
        "content_name": "PSTG Q2 2019 Press Release",
        "file_type": "pdf",
        "content_type": "earnings_press_release",
        "published_date": "2018-08-21",
        "fiscal_date": "2018-08-21",
        "fiscal_year": 2019,
        "fiscal_quarter": 2,
        "r2_url": "https://pub-2c783279b61043e19fbdadd1bee5153a.r2.dev/PSTG/2018-08-21/daff3-2023-12-07-06-51-49/daff3-2023-12-07-06-51-49.pdf%5Cdaff3-2023-12-07-06-51-49.pdf",
        "periodicity": "periodic"
    },
    {
        "equity_ticker": "PSTG",
        "geography": "US",
        "content_name": "PSTG Q2 2019 Presentation",
        "file_type": "pdf",
        "content_type": "earnings_presentation",
        "published_date": "2018-08-21",
        "fiscal_date": "2018-08-21",
        "fiscal_year": 2019,
        "fiscal_quarter": 2,
        "r2_url": "https://pub-2c783279b61043e19fbdadd1bee5153a.r2.dev/PSTG/2018-08-21/8fff5-2023-12-07-06-51-49/8fff5-2023-12-07-06-51-49.pdf%5C8fff5-2023-12-07-06-51-49.pdf",
        "periodicity": "periodic"
    },
    {
        "equity_ticker": "PSTG",
        "geography": "US",
        "content_name": "AGM 2018 - June 21, 2018",
        "file_type": "pdf",
        "content_type": "company_conference_transcript",
        "published_date": "2018-06-21",
        "fiscal_date": "2018-06-21",
        "fiscal_year": null,
        "fiscal_quarter": null,
        "r2_url": "https://pub-2c783279b61043e19fbdadd1bee5153a.r2.dev/PSTG/2018-06-21/Pure%20Storage%2C%20Inc._2018-06-21_transcript/Pure%20Storage%2C%20Inc._2018-06-21_transcript.pdf%5CPure%20Storage%2C%20Inc._2018-06-21_transcript.pdf",
        "periodicity": "non_periodic"
    },
    {
        "equity_ticker": "PSTG",
        "geography": "US",
        "content_name": "PSTG Q1 2019 Transcript",
        "file_type": "pdf",
        "content_type": "earnings_transcript",
        "published_date": "2018-05-21",
        "fiscal_date": "2018-05-21",
        "fiscal_year": 2019,
        "fiscal_quarter": 1,
        "r2_url": "https://pub-2c783279b61043e19fbdadd1bee5153a.r2.dev/PSTG/2018-05-21/Pure%20Storage%2C%20Inc._2018-05-21_transcript/Pure%20Storage%2C%20Inc._2018-05-21_transcript.pdf%5CPure%20Storage%2C%20Inc._2018-05-21_transcript.pdf",
        "periodicity": "periodic"
    },
    {
        "equity_ticker": "PSTG",
        "geography": "US",
        "content_name": "PSTG Q1 2019 Press Release",
        "file_type": "pdf",
        "content_type": "earnings_press_release",
        "published_date": "2018-05-21",
        "fiscal_date": "2018-05-21",
        "fiscal_year": 2019,
        "fiscal_quarter": 1,
        "r2_url": "https://pub-2c783279b61043e19fbdadd1bee5153a.r2.dev/PSTG/2018-05-21/f2277-2023-12-07-06-14-51/f2277-2023-12-07-06-14-51.pdf%5Cf2277-2023-12-07-06-14-51.pdf",
        "periodicity": "periodic"
    },
    {
        "equity_ticker": "PSTG",
        "geography": "US",
        "content_name": "PSTG Q1 2019 Presentation",
        "file_type": "pdf",
        "content_type": "earnings_presentation",
        "published_date": "2018-05-21",
        "fiscal_date": "2018-05-21",
        "fiscal_year": 2019,
        "fiscal_quarter": 1,
        "r2_url": "https://pub-2c783279b61043e19fbdadd1bee5153a.r2.dev/PSTG/2018-05-21/da170-2023-12-07-06-14-51/da170-2023-12-07-06-14-51.pdf%5Cda170-2023-12-07-06-14-51.pdf",
        "periodicity": "periodic"
    },
    {
        "equity_ticker": "PSTG",
        "geography": "US",
        "content_name": "PSTG Q4 2018 Transcript",
        "file_type": "pdf",
        "content_type": "earnings_transcript",
        "published_date": "2018-03-01",
        "fiscal_date": "2018-03-01",
        "fiscal_year": 2018,
        "fiscal_quarter": 4,
        "r2_url": "https://pub-2c783279b61043e19fbdadd1bee5153a.r2.dev/PSTG/2018-03-01/Pure%20Storage%2C%20Inc._2018-03-01_transcript/Pure%20Storage%2C%20Inc._2018-03-01_transcript.pdf%5CPure%20Storage%2C%20Inc._2018-03-01_transcript.pdf",
        "periodicity": "periodic"
    },
    {
        "equity_ticker": "PSTG",
        "geography": "US",
        "content_name": "PSTG Q4 2018 Press Release",
        "file_type": "pdf",
        "content_type": "earnings_press_release",
        "published_date": "2018-03-01",
        "fiscal_date": "2018-03-01",
        "fiscal_year": 2018,
        "fiscal_quarter": 4,
        "r2_url": "https://pub-2c783279b61043e19fbdadd1bee5153a.r2.dev/PSTG/2018-03-01/6fbef-2023-12-07-06-54-51/6fbef-2023-12-07-06-54-51.pdf%5C6fbef-2023-12-07-06-54-51.pdf",
        "periodicity": "periodic"
    },
    {
        "equity_ticker": "PSTG",
        "geography": "US",
        "content_name": "PSTG Q4 2018 Presentation",
        "file_type": "pdf",
        "content_type": "earnings_presentation",
        "published_date": "2018-03-01",
        "fiscal_date": "2018-03-01",
        "fiscal_year": 2018,
        "fiscal_quarter": 4,
        "r2_url": "https://pub-2c783279b61043e19fbdadd1bee5153a.r2.dev/PSTG/2018-03-01/63eb2-2023-12-07-06-54-51/63eb2-2023-12-07-06-54-51.pdf%5C63eb2-2023-12-07-06-54-51.pdf",
        "periodicity": "periodic"
    },
    {
        "equity_ticker": "PSTG",
        "geography": "US",
        "content_name": "PSTG Q3 2018 Transcript",
        "file_type": "pdf",
        "content_type": "earnings_transcript",
        "published_date": "2017-11-28",
        "fiscal_date": "2017-11-28",
        "fiscal_year": 2018,
        "fiscal_quarter": 3,
        "r2_url": "https://pub-2c783279b61043e19fbdadd1bee5153a.r2.dev/PSTG/2017-11-28/Pure%20Storage%2C%20Inc._2017-11-28_transcript/Pure%20Storage%2C%20Inc._2017-11-28_transcript.pdf%5CPure%20Storage%2C%20Inc._2017-11-28_transcript.pdf",
        "periodicity": "periodic"
    },
    {
        "equity_ticker": "PSTG",
        "geography": "US",
        "content_name": "PSTG Q3 2018 Press Release",
        "file_type": "pdf",
        "content_type": "earnings_press_release",
        "published_date": "2017-11-28",
        "fiscal_date": "2017-11-28",
        "fiscal_year": 2018,
        "fiscal_quarter": 3,
        "r2_url": "https://pub-2c783279b61043e19fbdadd1bee5153a.r2.dev/PSTG/2017-11-28/1cc22-2023-12-07-06-32-52/1cc22-2023-12-07-06-32-52.pdf%5C1cc22-2023-12-07-06-32-52.pdf",
        "periodicity": "periodic"
    },
    {
        "equity_ticker": "PSTG",
        "geography": "US",
        "content_name": "PSTG Q3 2018 Presentation",
        "file_type": "pdf",
        "content_type": "earnings_presentation",
        "published_date": "2017-11-28",
        "fiscal_date": "2017-11-28",
        "fiscal_year": 2018,
        "fiscal_quarter": 3,
        "r2_url": "https://pub-2c783279b61043e19fbdadd1bee5153a.r2.dev/PSTG/2017-11-28/6e3a9-2023-12-07-06-32-52/6e3a9-2023-12-07-06-32-52.pdf%5C6e3a9-2023-12-07-06-32-52.pdf",
        "periodicity": "periodic"
    },
    {
        "equity_ticker": "PSTG",
        "geography": "US",
        "content_name": "PSTG Q2 2018 Transcript",
        "file_type": "pdf",
        "content_type": "earnings_transcript",
        "published_date": "2017-08-24",
        "fiscal_date": "2017-08-24",
        "fiscal_year": 2018,
        "fiscal_quarter": 2,
        "r2_url": "https://pub-2c783279b61043e19fbdadd1bee5153a.r2.dev/PSTG/2017-08-24/Pure%20Storage%2C%20Inc._2017-08-24_transcript/Pure%20Storage%2C%20Inc._2017-08-24_transcript.pdf%5CPure%20Storage%2C%20Inc._2017-08-24_transcript.pdf",
        "periodicity": "periodic"
    },
    {
        "equity_ticker": "PSTG",
        "geography": "US",
        "content_name": "PSTG Q2 2018 Press Release",
        "file_type": "pdf",
        "content_type": "earnings_press_release",
        "published_date": "2017-08-24",
        "fiscal_date": "2017-08-24",
        "fiscal_year": 2018,
        "fiscal_quarter": 2,
        "r2_url": "https://pub-2c783279b61043e19fbdadd1bee5153a.r2.dev/PSTG/2017-08-24/b18ee-2023-12-07-06-10-53/b18ee-2023-12-07-06-10-53.pdf%5Cb18ee-2023-12-07-06-10-53.pdf",
        "periodicity": "periodic"
    },
    {
        "equity_ticker": "PSTG",
        "geography": "US",
        "content_name": "PSTG Q2 2018 Presentation",
        "file_type": "pdf",
        "content_type": "earnings_presentation",
        "published_date": "2017-08-24",
        "fiscal_date": "2017-08-24",
        "fiscal_year": 2018,
        "fiscal_quarter": 2,
        "r2_url": "https://pub-2c783279b61043e19fbdadd1bee5153a.r2.dev/PSTG/2017-08-24/0b493-2023-12-07-06-10-53/0b493-2023-12-07-06-10-53.pdf%5C0b493-2023-12-07-06-10-53.pdf",
        "periodicity": "periodic"
    },
    {
        "equity_ticker": "PSTG",
        "geography": "US",
        "content_name": "AGM 2017 - June 20, 2017",
        "file_type": "pdf",
        "content_type": "company_conference_transcript",
        "published_date": "2017-06-20",
        "fiscal_date": "2017-06-20",
        "fiscal_year": null,
        "fiscal_quarter": null,
        "r2_url": "https://pub-2c783279b61043e19fbdadd1bee5153a.r2.dev/PSTG/2017-06-20/Pure%20Storage%2C%20Inc._2017-06-20_transcript/Pure%20Storage%2C%20Inc._2017-06-20_transcript.pdf%5CPure%20Storage%2C%20Inc._2017-06-20_transcript.pdf",
        "periodicity": "non_periodic"
    },
    {
        "equity_ticker": "PSTG",
        "geography": "US",
        "content_name": "Investor Day 2017 - June 13, 2017",
        "file_type": "pdf",
        "content_type": "company_conference_transcript",
        "published_date": "2017-06-13",
        "fiscal_date": "2017-06-13",
        "fiscal_year": null,
        "fiscal_quarter": null,
        "r2_url": "https://pub-2c783279b61043e19fbdadd1bee5153a.r2.dev/PSTG/2017-06-13/Pure%20Storage%2C%20Inc._2017-06-13_transcript/Pure%20Storage%2C%20Inc._2017-06-13_transcript.pdf%5CPure%20Storage%2C%20Inc._2017-06-13_transcript.pdf",
        "periodicity": "non_periodic"
    },
    {
        "equity_ticker": "PSTG",
        "geography": "US",
        "content_name": "Investor Day 2017 - June 13, 2017",
        "file_type": "pdf",
        "content_type": "company_conference_presentation",
        "published_date": "2017-06-13",
        "fiscal_date": "2017-06-13",
        "fiscal_year": null,
        "fiscal_quarter": null,
        "r2_url": "https://pub-2c783279b61043e19fbdadd1bee5153a.r2.dev/PSTG/2017-06-13/a15dc-2023-12-07-06-19-54/a15dc-2023-12-07-06-19-54.pdf%5Ca15dc-2023-12-07-06-19-54.pdf",
        "periodicity": "non_periodic"
    },
    {
        "equity_ticker": "PSTG",
        "geography": "US",
        "content_name": "PSTG Q1 2018 Transcript",
        "file_type": "pdf",
        "content_type": "earnings_transcript",
        "published_date": "2017-05-24",
        "fiscal_date": "2017-05-24",
        "fiscal_year": 2018,
        "fiscal_quarter": 1,
        "r2_url": "https://pub-2c783279b61043e19fbdadd1bee5153a.r2.dev/PSTG/2017-05-24/Pure%20Storage%2C%20Inc._2017-05-24_transcript/Pure%20Storage%2C%20Inc._2017-05-24_transcript.pdf%5CPure%20Storage%2C%20Inc._2017-05-24_transcript.pdf",
        "periodicity": "periodic"
    },
    {
        "equity_ticker": "PSTG",
        "geography": "US",
        "content_name": "PSTG Q1 2018 Press Release",
        "file_type": "pdf",
        "content_type": "earnings_press_release",
        "published_date": "2017-05-24",
        "fiscal_date": "2017-05-24",
        "fiscal_year": 2018,
        "fiscal_quarter": 1,
        "r2_url": "https://pub-2c783279b61043e19fbdadd1bee5153a.r2.dev/PSTG/2017-05-24/1bd6a-2023-12-07-06-59-54/1bd6a-2023-12-07-06-59-54.pdf%5C1bd6a-2023-12-07-06-59-54.pdf",
        "periodicity": "periodic"
    },
    {
        "equity_ticker": "PSTG",
        "geography": "US",
        "content_name": "PSTG Q1 2018 Presentation",
        "file_type": "pdf",
        "content_type": "earnings_presentation",
        "published_date": "2017-05-24",
        "fiscal_date": "2017-05-24",
        "fiscal_year": 2018,
        "fiscal_quarter": 1,
        "r2_url": "https://pub-2c783279b61043e19fbdadd1bee5153a.r2.dev/PSTG/2017-05-24/f0c48-2023-12-07-06-00-55/f0c48-2023-12-07-06-00-55.pdf%5Cf0c48-2023-12-07-06-00-55.pdf",
        "periodicity": "periodic"
    },
    {
        "equity_ticker": "PSTG",
        "geography": "US",
        "content_name": "PSTG Q4 2017 Transcript",
        "file_type": "pdf",
        "content_type": "earnings_transcript",
        "published_date": "2017-03-29",
        "fiscal_date": "2017-03-29",
        "fiscal_year": 2017,
        "fiscal_quarter": 4,
        "r2_url": "https://pub-2c783279b61043e19fbdadd1bee5153a.r2.dev/PSTG/2017-03-29/Pure%20Storage%2C%20Inc._2017-03-29_transcript/Pure%20Storage%2C%20Inc._2017-03-29_transcript.pdf%5CPure%20Storage%2C%20Inc._2017-03-29_transcript.pdf",
        "periodicity": "periodic"
    },
    {
        "equity_ticker": "PSTG",
        "geography": "US",
        "content_name": "PSTG Q4 2017 Press Release",
        "file_type": "pdf",
        "content_type": "annual_report",
        "published_date": "2017-03-29",
        "fiscal_date": "2017-03-29",
        "fiscal_year": 2017,
        "fiscal_quarter": 4,
        "r2_url": "https://pub-2c783279b61043e19fbdadd1bee5153a.r2.dev/PSTG/2017-03-29/9b025-2023-09-05-01-00-10/9b025-2023-09-05-01-00-10.pdf%5C9b025-2023-09-05-01-00-10.pdf",
        "periodicity": "periodic"
    },
    {
        "equity_ticker": "PSTG",
        "geography": "US",
        "content_name": "PSTG Q3 2017 Transcript",
        "file_type": "pdf",
        "content_type": "earnings_transcript",
        "published_date": "2016-12-01",
        "fiscal_date": "2016-12-01",
        "fiscal_year": 2017,
        "fiscal_quarter": 3,
        "r2_url": "https://pub-2c783279b61043e19fbdadd1bee5153a.r2.dev/PSTG/2016-12-01/Pure%20Storage%2C%20Inc._2016-12-01_transcript/Pure%20Storage%2C%20Inc._2016-12-01_transcript.pdf%5CPure%20Storage%2C%20Inc._2016-12-01_transcript.pdf",
        "periodicity": "periodic"
    },
    {
        "equity_ticker": "PSTG",
        "geography": "US",
        "content_name": "PSTG Q2 2017 Transcript",
        "file_type": "pdf",
        "content_type": "earnings_transcript",
        "published_date": "2016-08-25",
        "fiscal_date": "2016-08-25",
        "fiscal_year": 2017,
        "fiscal_quarter": 2,
        "r2_url": "https://pub-2c783279b61043e19fbdadd1bee5153a.r2.dev/PSTG/2016-08-25/Pure%20Storage%2C%20Inc._2016-08-25_transcript/Pure%20Storage%2C%20Inc._2016-08-25_transcript.pdf%5CPure%20Storage%2C%20Inc._2016-08-25_transcript.pdf",
        "periodicity": "periodic"
    },
    {
        "equity_ticker": "PSTG",
        "geography": "US",
        "content_name": "PSTG Q1 2017 Transcript",
        "file_type": "pdf",
        "content_type": "earnings_transcript",
        "published_date": "2016-05-25",
        "fiscal_date": "2016-05-25",
        "fiscal_year": 2017,
        "fiscal_quarter": 1,
        "r2_url": "https://pub-2c783279b61043e19fbdadd1bee5153a.r2.dev/PSTG/2016-05-25/Pure%20Storage%2C%20Inc._2016-05-25_transcript/Pure%20Storage%2C%20Inc._2016-05-25_transcript.pdf%5CPure%20Storage%2C%20Inc._2016-05-25_transcript.pdf",
        "periodicity": "periodic"
    },
    {
        "equity_ticker": "PSTG",
        "geography": "US",
        "content_name": "PSTG Q4 2016 Transcript",
        "file_type": "pdf",
        "content_type": "earnings_transcript",
        "published_date": "2016-03-25",
        "fiscal_date": "2016-03-25",
        "fiscal_year": 2016,
        "fiscal_quarter": 4,
        "r2_url": "https://pub-2c783279b61043e19fbdadd1bee5153a.r2.dev/PSTG/2016-03-25/Pure%20Storage%2C%20Inc._2016-03-25_transcript/Pure%20Storage%2C%20Inc._2016-03-25_transcript.pdf%5CPure%20Storage%2C%20Inc._2016-03-25_transcript.pdf",
        "periodicity": "periodic"
    },
    {
        "equity_ticker": "PSTG",
        "geography": "US",
        "content_name": "PSTG Q4 2016 Press Release",
        "file_type": "pdf",
        "content_type": "annual_report",
        "published_date": "2016-03-25",
        "fiscal_date": "2016-03-25",
        "fiscal_year": 2016,
        "fiscal_quarter": 4,
        "r2_url": "https://pub-2c783279b61043e19fbdadd1bee5153a.r2.dev/PSTG/2016-03-25/16df2-2023-09-05-01-17-10/16df2-2023-09-05-01-17-10.pdf%5C16df2-2023-09-05-01-17-10.pdf",
        "periodicity": "periodic"
    },
    {
        "equity_ticker": "PSTG",
        "geography": "US",
        "content_name": "PSTG Q4 2025 10-K",
        "file_type": "pdf",
        "content_type": "annual_report",
        "published_date": "2025-03-26",
        "fiscal_date": "2025-02-02",
        "fiscal_year": 2025,
        "fiscal_quarter": 4,
        "r2_url": "https://pub-2c783279b61043e19fbdadd1bee5153a.r2.dev/PSTG/2025-03-26/pstg-20250202.htm%5Cpstg-20250202.pdf",
        "periodicity": "periodic"
    },
    {
        "equity_ticker": "PSTG",
        "geography": "US",
        "content_name": "PSTG Q3 2025 10-Q",
        "file_type": "pdf",
        "content_type": "quarterly_report",
        "published_date": "2024-12-11",
        "fiscal_date": "2024-11-03",
        "fiscal_year": 2025,
        "fiscal_quarter": 3,
        "r2_url": "https://pub-2c783279b61043e19fbdadd1bee5153a.r2.dev/PSTG/2024-12-11/pstg-20241103.htm%5Cpstg-20241103.pdf",
        "periodicity": "periodic"
    },
    {
        "equity_ticker": "PSTG",
        "geography": "US",
        "content_name": "PSTG Q2 2025 10-Q",
        "file_type": "pdf",
        "content_type": "quarterly_report",
        "published_date": "2024-09-10",
        "fiscal_date": "2024-08-04",
        "fiscal_year": 2025,
        "fiscal_quarter": 2,
        "r2_url": "https://pub-2c783279b61043e19fbdadd1bee5153a.r2.dev/PSTG/2024-09-10/pstg-20240804.htm%5Cpstg-20240804.pdf",
        "periodicity": "periodic"
    },
    {
        "equity_ticker": "PSTG",
        "geography": "US",
        "content_name": "PSTG Q1 2025 10-Q",
        "file_type": "pdf",
        "content_type": "quarterly_report",
        "published_date": "2024-06-12",
        "fiscal_date": "2024-05-05",
        "fiscal_year": 2025,
        "fiscal_quarter": 1,
        "r2_url": "https://pub-2c783279b61043e19fbdadd1bee5153a.r2.dev/PSTG/2024-06-12/pstg-20240505.htm%5Cpstg-20240505.pdf",
        "periodicity": "periodic"
    },
    {
        "equity_ticker": "PSTG",
        "geography": "US",
        "content_name": "PSTG Q4 2024 10-K",
        "file_type": "pdf",
        "content_type": "annual_report",
        "published_date": "2024-03-29",
        "fiscal_date": "2024-02-04",
        "fiscal_year": 2024,
        "fiscal_quarter": 4,
        "r2_url": "https://pub-2c783279b61043e19fbdadd1bee5153a.r2.dev/PSTG/2024-03-29/pstg-20240204.htm%5Cpstg-20240204.pdf",
        "periodicity": "periodic"
    },
    {
        "equity_ticker": "PSTG",
        "geography": "US",
        "content_name": "PSTG Q3 2024 10-Q",
        "file_type": "pdf",
        "content_type": "quarterly_report",
        "published_date": "2023-12-14",
        "fiscal_date": "2023-11-05",
        "fiscal_year": 2024,
        "fiscal_quarter": 3,
        "r2_url": "https://pub-2c783279b61043e19fbdadd1bee5153a.r2.dev/PSTG/2023-12-14/pstg-20231105.htm%5Cpstg-20231105.pdf",
        "periodicity": "periodic"
    },
    {
        "equity_ticker": "PSTG",
        "geography": "US",
        "content_name": "PSTG Q2 2024 10-Q",
        "file_type": "pdf",
        "content_type": "quarterly_report",
        "published_date": "2023-09-13",
        "fiscal_date": "2023-08-06",
        "fiscal_year": 2024,
        "fiscal_quarter": 2,
        "r2_url": "https://pub-2c783279b61043e19fbdadd1bee5153a.r2.dev/PSTG/2023-09-13/pstg-20230806.htm%5Cpstg-20230806.pdf",
        "periodicity": "periodic"
    },
    {
        "equity_ticker": "PSTG",
        "geography": "US",
        "content_name": "PSTG Q1 2024 10-Q",
        "file_type": "pdf",
        "content_type": "quarterly_report",
        "published_date": "2023-06-15",
        "fiscal_date": "2023-05-07",
        "fiscal_year": 2024,
        "fiscal_quarter": 1,
        "r2_url": "https://pub-2c783279b61043e19fbdadd1bee5153a.r2.dev/PSTG/2023-06-15/pstg-20230507.htm%5Cpstg-20230507.pdf",
        "periodicity": "periodic"
    },
    {
        "equity_ticker": "PSTG",
        "geography": "US",
        "content_name": "PSTG Q4 2023 10-K",
        "file_type": "pdf",
        "content_type": "annual_report",
        "published_date": "2023-03-31",
        "fiscal_date": "2023-02-05",
        "fiscal_year": 2023,
        "fiscal_quarter": 4,
        "r2_url": "https://pub-2c783279b61043e19fbdadd1bee5153a.r2.dev/PSTG/2023-03-31/pstg-20230205.htm%5Cpstg-20230205.pdf",
        "periodicity": "periodic"
    },
    {
        "equity_ticker": "PSTG",
        "geography": "US",
        "content_name": "PSTG Q3 2023 10-Q",
        "file_type": "pdf",
        "content_type": "quarterly_report",
        "published_date": "2022-12-14",
        "fiscal_date": "2022-11-06",
        "fiscal_year": 2023,
        "fiscal_quarter": 3,
        "r2_url": "https://pub-2c783279b61043e19fbdadd1bee5153a.r2.dev/PSTG/2022-12-14/pstg-20221106.htm%5Cpstg-20221106.pdf",
        "periodicity": "periodic"
    },
    {
        "equity_ticker": "PSTG",
        "geography": "US",
        "content_name": "PSTG Q2 2023 10-Q",
        "file_type": "pdf",
        "content_type": "quarterly_report",
        "published_date": "2022-09-14",
        "fiscal_date": "2022-08-07",
        "fiscal_year": 2023,
        "fiscal_quarter": 2,
        "r2_url": "https://pub-2c783279b61043e19fbdadd1bee5153a.r2.dev/PSTG/2022-09-14/pstg-20220807.htm%5Cpstg-20220807.pdf",
        "periodicity": "periodic"
    },
    {
        "equity_ticker": "PSTG",
        "geography": "US",
        "content_name": "PSTG Q1 2023 10-Q",
        "file_type": "pdf",
        "content_type": "quarterly_report",
        "published_date": "2022-06-15",
        "fiscal_date": "2022-05-08",
        "fiscal_year": 2023,
        "fiscal_quarter": 1,
        "r2_url": "https://pub-2c783279b61043e19fbdadd1bee5153a.r2.dev/PSTG/2022-06-15/pstg-20220508.htm%5Cpstg-20220508.pdf",
        "periodicity": "periodic"
    },
    {
        "equity_ticker": "PSTG",
        "geography": "US",
        "content_name": "PSTG Q4 2022 10-K",
        "file_type": "pdf",
        "content_type": "annual_report",
        "published_date": "2022-04-06",
        "fiscal_date": "2022-02-06",
        "fiscal_year": 2022,
        "fiscal_quarter": 4,
        "r2_url": "https://pub-2c783279b61043e19fbdadd1bee5153a.r2.dev/PSTG/2022-04-06/pstg-20220206.htm%5Cpstg-20220206.pdf",
        "periodicity": "periodic"
    },
    {
        "equity_ticker": "PSTG",
        "geography": "US",
        "content_name": "PSTG Q3 2022 10-Q",
        "file_type": "pdf",
        "content_type": "quarterly_report",
        "published_date": "2021-12-07",
        "fiscal_date": "2021-10-31",
        "fiscal_year": 2022,
        "fiscal_quarter": 3,
        "r2_url": "https://pub-2c783279b61043e19fbdadd1bee5153a.r2.dev/PSTG/2021-12-07/pstg-20211031.htm%5Cpstg-20211031.pdf",
        "periodicity": "periodic"
    },
    {
        "equity_ticker": "PSTG",
        "geography": "US",
        "content_name": "PSTG Q2 2022 10-Q",
        "file_type": "pdf",
        "content_type": "quarterly_report",
        "published_date": "2021-09-08",
        "fiscal_date": "2021-08-01",
        "fiscal_year": 2022,
        "fiscal_quarter": 2,
        "r2_url": "https://pub-2c783279b61043e19fbdadd1bee5153a.r2.dev/PSTG/2021-09-08/pstg-20210801.htm%5Cpstg-20210801.pdf",
        "periodicity": "periodic"
    },
    {
        "equity_ticker": "PSTG",
        "geography": "US",
        "content_name": "PSTG Q1 2022 10-Q",
        "file_type": "pdf",
        "content_type": "quarterly_report",
        "published_date": "2021-06-08",
        "fiscal_date": "2021-05-02",
        "fiscal_year": 2022,
        "fiscal_quarter": 1,
        "r2_url": "https://pub-2c783279b61043e19fbdadd1bee5153a.r2.dev/PSTG/2021-06-08/pstg-20210502.htm%5Cpstg-20210502.pdf",
        "periodicity": "periodic"
    },
    {
        "equity_ticker": "PSTG",
        "geography": "US",
        "content_name": "PSTG Q4 2021 10-K",
        "file_type": "pdf",
        "content_type": "annual_report",
        "published_date": "2021-03-24",
        "fiscal_date": "2021-01-31",
        "fiscal_year": 2021,
        "fiscal_quarter": 4,
        "r2_url": "https://pub-2c783279b61043e19fbdadd1bee5153a.r2.dev/PSTG/2021-03-24/pstg-20210131.htm%5Cpstg-20210131.pdf",
        "periodicity": "periodic"
    },
    {
        "equity_ticker": "PSTG",
        "geography": "US",
        "content_name": "PSTG Q3 2021 10-Q",
        "file_type": "pdf",
        "content_type": "quarterly_report",
        "published_date": "2020-12-09",
        "fiscal_date": "2020-11-01",
        "fiscal_year": 2021,
        "fiscal_quarter": 3,
        "r2_url": "https://pub-2c783279b61043e19fbdadd1bee5153a.r2.dev/PSTG/2020-12-09/pstg-20201101.htm%5Cpstg-20201101.pdf",
        "periodicity": "periodic"
    },
    {
        "equity_ticker": "PSTG",
        "geography": "US",
        "content_name": "PSTG Q2 2021 10-Q",
        "file_type": "pdf",
        "content_type": "quarterly_report",
        "published_date": "2020-09-10",
        "fiscal_date": "2020-08-02",
        "fiscal_year": 2021,
        "fiscal_quarter": 2,
        "r2_url": "https://pub-2c783279b61043e19fbdadd1bee5153a.r2.dev/PSTG/2020-09-10/pstg-20200802.htm%5Cix.pdf",
        "periodicity": "periodic"
    },
    {
        "equity_ticker": "PSTG",
        "geography": "US",
        "content_name": "PSTG Q1 2021 10-Q",
        "file_type": "pdf",
        "content_type": "quarterly_report",
        "published_date": "2020-06-11",
        "fiscal_date": "2020-05-03",
        "fiscal_year": 2021,
        "fiscal_quarter": 1,
        "r2_url": "https://pub-2c783279b61043e19fbdadd1bee5153a.r2.dev/PSTG/2020-06-11/pstg-20200503.htm%5Cix.pdf",
        "periodicity": "periodic"
    },
    {
        "equity_ticker": "PSTG",
        "geography": "US",
        "content_name": "PSTG Q4 2020 10-K",
        "file_type": "pdf",
        "content_type": "annual_report",
        "published_date": "2020-03-26",
        "fiscal_date": "2020-02-02",
        "fiscal_year": 2020,
        "fiscal_quarter": 4,
        "r2_url": "https://pub-2c783279b61043e19fbdadd1bee5153a.r2.dev/PSTG/2020-03-26/pstg-20200202.htm%5Cix.pdf",
        "periodicity": "periodic"
    },
    {
        "equity_ticker": "PSTG",
        "geography": "US",
        "content_name": "PSTG Q3 2020 10-Q",
        "file_type": "pdf",
        "content_type": "quarterly_report",
        "published_date": "2019-12-09",
        "fiscal_date": "2019-10-31",
        "fiscal_year": 2020,
        "fiscal_quarter": 3,
        "r2_url": "https://pub-2c783279b61043e19fbdadd1bee5153a.r2.dev/PSTG/2019-12-09/pstg-20191031.htm%5Cix.pdf",
        "periodicity": "periodic"
    },
    {
        "equity_ticker": "PSTG",
        "geography": "US",
        "content_name": "PSTG Q2 2020 10-Q",
        "file_type": "pdf",
        "content_type": "quarterly_report",
        "published_date": "2019-08-30",
        "fiscal_date": "2019-07-31",
        "fiscal_year": 2020,
        "fiscal_quarter": 2,
        "r2_url": "https://pub-2c783279b61043e19fbdadd1bee5153a.r2.dev/PSTG/2019-08-30/pstg-q2fy2020x10q.htm%5Cix.pdf",
        "periodicity": "periodic"
    },
    {
        "equity_ticker": "PSTG",
        "geography": "US",
        "content_name": "PSTG Q1 2020 10-Q",
        "file_type": "pdf",
        "content_type": "quarterly_report",
        "published_date": "2019-06-07",
        "fiscal_date": "2019-04-30",
        "fiscal_year": 2020,
        "fiscal_quarter": 1,
        "r2_url": "https://pub-2c783279b61043e19fbdadd1bee5153a.r2.dev/PSTG/2019-06-07/pstg-q1fy2020x10q.htm%5Cpstg-q1fy2020x10q.pdf",
        "periodicity": "periodic"
    },
    {
        "equity_ticker": "PSTG",
        "geography": "US",
        "content_name": "PSTG Q4 2019 10-K",
        "file_type": "pdf",
        "content_type": "annual_report",
        "published_date": "2019-03-26",
        "fiscal_date": "2019-01-31",
        "fiscal_year": 2019,
        "fiscal_quarter": 4,
        "r2_url": "https://pub-2c783279b61043e19fbdadd1bee5153a.r2.dev/PSTG/2019-03-26/a10k2019.htm%5Ca10k2019.pdf",
        "periodicity": "periodic"
    },
    {
        "equity_ticker": "PSTG",
        "geography": "US",
        "content_name": "PSTG Q3 2019 10-Q",
        "file_type": "pdf",
        "content_type": "quarterly_report",
        "published_date": "2018-12-06",
        "fiscal_date": "2018-10-31",
        "fiscal_year": 2019,
        "fiscal_quarter": 3,
        "r2_url": "https://pub-2c783279b61043e19fbdadd1bee5153a.r2.dev/PSTG/2018-12-06/pstg-q3fy2019x10q.htm%5Cpstg-q3fy2019x10q.pdf",
        "periodicity": "periodic"
    },
    {
        "equity_ticker": "PSTG",
        "geography": "US",
        "content_name": "PSTG Q2 2019 10-Q",
        "file_type": "pdf",
        "content_type": "quarterly_report",
        "published_date": "2018-09-04",
        "fiscal_date": "2018-07-31",
        "fiscal_year": 2019,
        "fiscal_quarter": 2,
        "r2_url": "https://pub-2c783279b61043e19fbdadd1bee5153a.r2.dev/PSTG/2018-09-04/pstg-q2fy2019x10q.htm%5Cpstg-q2fy2019x10q.pdf",
        "periodicity": "periodic"
    },
    {
        "equity_ticker": "PSTG",
        "geography": "US",
        "content_name": "PSTG Q1 2019 10-Q",
        "file_type": "pdf",
        "content_type": "quarterly_report",
        "published_date": "2018-06-08",
        "fiscal_date": "2018-04-30",
        "fiscal_year": 2019,
        "fiscal_quarter": 1,
        "r2_url": "https://pub-2c783279b61043e19fbdadd1bee5153a.r2.dev/PSTG/2018-06-08/pstg-q1fy2019x10q.htm%5Cpstg-q1fy2019x10q.pdf",
        "periodicity": "periodic"
    },
    {
        "equity_ticker": "PSTG",
        "geography": "US",
        "content_name": "PSTG Q4 2018 10-K",
        "file_type": "pdf",
        "content_type": "annual_report",
        "published_date": "2018-03-26",
        "fiscal_date": "2018-01-31",
        "fiscal_year": 2018,
        "fiscal_quarter": 4,
        "r2_url": "https://pub-2c783279b61043e19fbdadd1bee5153a.r2.dev/PSTG/2018-03-26/a10k2018.htm%5Ca10k2018.pdf",
        "periodicity": "periodic"
    },
    {
        "equity_ticker": "PSTG",
        "geography": "US",
        "content_name": "PSTG Q3 2018 10-Q",
        "file_type": "pdf",
        "content_type": "quarterly_report",
        "published_date": "2017-12-08",
        "fiscal_date": "2017-10-31",
        "fiscal_year": 2018,
        "fiscal_quarter": 3,
        "r2_url": "https://pub-2c783279b61043e19fbdadd1bee5153a.r2.dev/PSTG/2017-12-08/pstg-q3fy2018x10q.htm%5Cpstg-q3fy2018x10q.pdf",
        "periodicity": "periodic"
    },
    {
        "equity_ticker": "PSTG",
        "geography": "US",
        "content_name": "PSTG Q2 2018 10-Q",
        "file_type": "pdf",
        "content_type": "quarterly_report",
        "published_date": "2017-09-05",
        "fiscal_date": "2017-07-31",
        "fiscal_year": 2018,
        "fiscal_quarter": 2,
        "r2_url": "https://pub-2c783279b61043e19fbdadd1bee5153a.r2.dev/PSTG/2017-09-05/pstg-q22017x10q.htm%5Cpstg-q22017x10q.pdf",
        "periodicity": "periodic"
    },
    {
        "equity_ticker": "PSTG",
        "geography": "US",
        "content_name": "PSTG Q1 2018 10-Q",
        "file_type": "pdf",
        "content_type": "quarterly_report",
        "published_date": "2017-06-06",
        "fiscal_date": "2017-04-30",
        "fiscal_year": 2018,
        "fiscal_quarter": 1,
        "r2_url": "https://pub-2c783279b61043e19fbdadd1bee5153a.r2.dev/PSTG/2017-06-06/pstg-q12017x10q.htm%5Cpstg-q12017x10q.pdf",
        "periodicity": "periodic"
    },
    {
        "equity_ticker": "PSTG",
        "geography": "US",
        "content_name": "PSTG Q4 2017 10-K",
        "file_type": "pdf",
        "content_type": "annual_report",
        "published_date": "2017-03-28",
        "fiscal_date": "2017-01-31",
        "fiscal_year": 2017,
        "fiscal_quarter": 4,
        "r2_url": "https://pub-2c783279b61043e19fbdadd1bee5153a.r2.dev/PSTG/2017-03-28/a10k2017.htm%5Ca10k2017.pdf",
        "periodicity": "periodic"
    },
    {
        "equity_ticker": "PSTG",
        "geography": "US",
        "content_name": "PSTG Q3 2017 10-Q",
        "file_type": "pdf",
        "content_type": "quarterly_report",
        "published_date": "2016-12-13",
        "fiscal_date": "2016-10-31",
        "fiscal_year": 2017,
        "fiscal_quarter": 3,
        "r2_url": "https://pub-2c783279b61043e19fbdadd1bee5153a.r2.dev/PSTG/2016-12-13/pstg-q32017x10q.htm%5Cpstg-q32017x10q.pdf",
        "periodicity": "periodic"
    },
    {
        "equity_ticker": "PSTG",
        "geography": "US",
        "content_name": "PSTG Q2 2017 10-Q",
        "file_type": "pdf",
        "content_type": "quarterly_report",
        "published_date": "2016-09-06",
        "fiscal_date": "2016-07-31",
        "fiscal_year": 2017,
        "fiscal_quarter": 2,
        "r2_url": "https://pub-2c783279b61043e19fbdadd1bee5153a.r2.dev/PSTG/2016-09-06/pstg-20163107x10q.htm%5Cpstg-20163107x10q.pdf",
        "periodicity": "periodic"
    },
    {
        "equity_ticker": "PSTG",
        "geography": "US",
        "content_name": "PSTG Q1 2017 10-Q",
        "file_type": "pdf",
        "content_type": "quarterly_report",
        "published_date": "2016-06-03",
        "fiscal_date": "2016-04-30",
        "fiscal_year": 2017,
        "fiscal_quarter": 1,
        "r2_url": "https://pub-2c783279b61043e19fbdadd1bee5153a.r2.dev/PSTG/2016-06-03/pstg-10q_20160430.htm%5Cpstg-10q_20160430.pdf",
        "periodicity": "periodic"
    },
    {
        "equity_ticker": "PSTG",
        "geography": "US",
        "content_name": "PSTG Q4 2016 10-K",
        "file_type": "pdf",
        "content_type": "annual_report",
        "published_date": "2016-03-25",
        "fiscal_date": "2016-01-31",
        "fiscal_year": 2016,
        "fiscal_quarter": 4,
        "r2_url": "https://pub-2c783279b61043e19fbdadd1bee5153a.r2.dev/PSTG/2016-03-25/pstg-10k_20160131.htm%5Cpstg-10k_20160131.pdf",
        "periodicity": "periodic"
    },
    {
        "equity_ticker": "PSTG",
        "geography": "US",
        "content_name": "PSTG Q3 2016 10-Q",
        "file_type": "pdf",
        "content_type": "quarterly_report",
        "published_date": "2015-12-10",
        "fiscal_date": "2015-10-31",
        "fiscal_year": 2016,
        "fiscal_quarter": 3,
        "r2_url": "https://pub-2c783279b61043e19fbdadd1bee5153a.r2.dev/PSTG/2015-12-10/pstg-10q_20151031.htm%5Cpstg-10q_20151031.pdf",
        "periodicity": "periodic"
    }
]