[
  {
    "equity_ticker": "QRVO",
    "geography": "US",
    "content_name": "QRVO Q3 2025 Transcript",
    "file_type": "pdf",
    "content_type": "earnings_transcript",
    "published_date": "2025-01-28",
    "fiscal_date": "2025-01-28",
    "fiscal_year": 2025,
    "fiscal_quarter": 3,
    "r2_url": "https://pub-2c783279b61043e19fbdadd1bee5153a.r2.dev/QRVO/2025-01-28/Qorvo%2C%20Inc._2025-01-28_transcript/Qorvo%2C%20Inc._2025-01-28_transcript.pdf/Qorvo%2C%20Inc._2025-01-28_transcript.pdf",
    "periodicity": "periodic"
  },
  {
    "equity_ticker": "QRVO",
    "geography": "US",
    "content_name": "QRVO Q3 2025 Press Release",
    "file_type": "pdf",
    "content_type": "earnings_press_release",
    "published_date": "2025-01-28",
    "fiscal_date": "2025-01-28",
    "fiscal_year": 2025,
    "fiscal_quarter": 3,
    "r2_url": "https://pub-2c783279b61043e19fbdadd1bee5153a.r2.dev/QRVO/2025-01-28/f507b-2025-01-28-09-32-07/f507b-2025-01-28-09-32-07.pdf/f507b-2025-01-28-09-32-07.pdf",
    "periodicity": "periodic"
  },
  {
    "equity_ticker": "QRVO",
    "geography": "US",
    "content_name": "Barclays 22nd Annual Global Technology Conference - December 12, 2024",
    "file_type": "pdf",
    "content_type": "sellside_conference_transcript",
    "published_date": "2024-12-12",
    "fiscal_date": "2024-12-12",
    "fiscal_year": null,
    "fiscal_quarter": null,
    "r2_url": "https://pub-2c783279b61043e19fbdadd1bee5153a.r2.dev/QRVO/2024-12-12/Qorvo%2C%20Inc._2024-12-12_transcript/Qorvo%2C%20Inc._2024-12-12_transcript.pdf/Qorvo%2C%20Inc._2024-12-12_transcript.pdf",
    "periodicity": "non_periodic"
  },
  {
    "equity_ticker": "QRVO",
    "geography": "US",
    "content_name": "QRVO Q2 2025 Transcript",
    "file_type": "pdf",
    "content_type": "earnings_transcript",
    "published_date": "2024-10-29",
    "fiscal_date": "2024-10-29",
    "fiscal_year": 2025,
    "fiscal_quarter": 2,
    "r2_url": "https://pub-2c783279b61043e19fbdadd1bee5153a.r2.dev/QRVO/2024-10-29/Qorvo%2C%20Inc._2024-10-29_transcript/Qorvo%2C%20Inc._2024-10-29_transcript.pdf/Qorvo%2C%20Inc._2024-10-29_transcript.pdf",
    "periodicity": "periodic"
  },
  {
    "equity_ticker": "QRVO",
    "geography": "US",
    "content_name": "QRVO Q2 2025 Press Release",
    "file_type": "pdf",
    "content_type": "earnings_press_release",
    "published_date": "2024-10-29",
    "fiscal_date": "2024-10-29",
    "fiscal_year": 2025,
    "fiscal_quarter": 2,
    "r2_url": "https://pub-2c783279b61043e19fbdadd1bee5153a.r2.dev/QRVO/2024-10-29/4b228-2024-10-29-08-47-11/4b228-2024-10-29-08-47-11.pdf/4b228-2024-10-29-08-47-11.pdf",
    "periodicity": "periodic"
  },
  {
    "equity_ticker": "QRVO",
    "geography": "US",
    "content_name": "Goldman Sachs Communacopia + Technology Conference 2024 - September 10, 2024",
    "file_type": "pdf",
    "content_type": "sellside_conference_transcript",
    "published_date": "2024-09-10",
    "fiscal_date": "2024-09-10",
    "fiscal_year": null,
    "fiscal_quarter": null,
    "r2_url": "https://pub-2c783279b61043e19fbdadd1bee5153a.r2.dev/QRVO/2024-09-10/Qorvo%2C%20Inc._2024-09-10_transcript/Qorvo%2C%20Inc._2024-09-10_transcript.pdf/Qorvo%2C%20Inc._2024-09-10_transcript.pdf",
    "periodicity": "non_periodic"
  },
  {
    "equity_ticker": "QRVO",
    "geography": "US",
    "content_name": "QRVO Q1 2025 Transcript",
    "file_type": "pdf",
    "content_type": "earnings_transcript",
    "published_date": "2024-07-30",
    "fiscal_date": "2024-07-30",
    "fiscal_year": 2025,
    "fiscal_quarter": 1,
    "r2_url": "https://pub-2c783279b61043e19fbdadd1bee5153a.r2.dev/QRVO/2024-07-30/Qorvo%2C%20Inc._2024-07-30_transcript/Qorvo%2C%20Inc._2024-07-30_transcript.pdf/Qorvo%2C%20Inc._2024-07-30_transcript.pdf",
    "periodicity": "periodic"
  },
  {
    "equity_ticker": "QRVO",
    "geography": "US",
    "content_name": "QRVO Q1 2025 Press Release",
    "file_type": "pdf",
    "content_type": "earnings_press_release",
    "published_date": "2024-07-30",
    "fiscal_date": "2024-07-30",
    "fiscal_year": 2025,
    "fiscal_quarter": 1,
    "r2_url": "https://pub-2c783279b61043e19fbdadd1bee5153a.r2.dev/QRVO/2024-07-30/aabb2-2024-07-30-08-51-12/aabb2-2024-07-30-08-51-12.pdf/aabb2-2024-07-30-08-51-12.pdf",
    "periodicity": "periodic"
  },
  {
    "equity_ticker": "QRVO",
    "geography": "US",
    "content_name": "QRVO Q4 2024 Transcript",
    "file_type": "pdf",
    "content_type": "earnings_transcript",
    "published_date": "2024-05-01",
    "fiscal_date": "2024-05-01",
    "fiscal_year": 2024,
    "fiscal_quarter": 4,
    "r2_url": "https://pub-2c783279b61043e19fbdadd1bee5153a.r2.dev/QRVO/2024-05-01/Qorvo%2C%20Inc._2024-05-01_transcript/Qorvo%2C%20Inc._2024-05-01_transcript.pdf/Qorvo%2C%20Inc._2024-05-01_transcript.pdf",
    "periodicity": "periodic"
  },
  {
    "equity_ticker": "QRVO",
    "geography": "US",
    "content_name": "QRVO Q4 2024 Press Release",
    "file_type": "pdf",
    "content_type": "earnings_press_release",
    "published_date": "2024-05-01",
    "fiscal_date": "2024-05-01",
    "fiscal_year": 2024,
    "fiscal_quarter": 4,
    "r2_url": "https://pub-2c783279b61043e19fbdadd1bee5153a.r2.dev/QRVO/2024-05-01/2b5d3-2024-05-01-08-51-10/2b5d3-2024-05-01-08-51-10.pdf/2b5d3-2024-05-01-08-51-10.pdf",
    "periodicity": "periodic"
  },
  {
    "equity_ticker": "QRVO",
    "geography": "US",
    "content_name": "QRVO Q3 2024 Transcript",
    "file_type": "pdf",
    "content_type": "earnings_transcript",
    "published_date": "2024-01-31",
    "fiscal_date": "2024-01-31",
    "fiscal_year": 2024,
    "fiscal_quarter": 3,
    "r2_url": "https://pub-2c783279b61043e19fbdadd1bee5153a.r2.dev/QRVO/2024-01-31/Qorvo%2C%20Inc._2024-01-31_transcript/Qorvo%2C%20Inc._2024-01-31_transcript.pdf/Qorvo%2C%20Inc._2024-01-31_transcript.pdf",
    "periodicity": "periodic"
  },
  {
    "equity_ticker": "QRVO",
    "geography": "US",
    "content_name": "QRVO Q3 2024 Press Release",
    "file_type": "pdf",
    "content_type": "earnings_press_release",
    "published_date": "2024-01-31",
    "fiscal_date": "2024-01-31",
    "fiscal_year": 2024,
    "fiscal_quarter": 3,
    "r2_url": "https://pub-2c783279b61043e19fbdadd1bee5153a.r2.dev/QRVO/2024-01-31/32aaf-2024-01-31-09-08-09/32aaf-2024-01-31-09-08-09.pdf/32aaf-2024-01-31-09-08-09.pdf",
    "periodicity": "periodic"
  },
  {
    "equity_ticker": "QRVO",
    "geography": "US",
    "content_name": "2023 UBS Global Technology Conference - November 29, 2023",
    "file_type": "pdf",
    "content_type": "sellside_conference_transcript",
    "published_date": "2023-11-29",
    "fiscal_date": "2023-11-29",
    "fiscal_year": null,
    "fiscal_quarter": null,
    "r2_url": "https://pub-2c783279b61043e19fbdadd1bee5153a.r2.dev/QRVO/2023-11-29/Qorvo%2C%20Inc._2023-11-29_transcript/Qorvo%2C%20Inc._2023-11-29_transcript.pdf/Qorvo%2C%20Inc._2023-11-29_transcript.pdf",
    "periodicity": "non_periodic"
  },
  {
    "equity_ticker": "QRVO",
    "geography": "US",
    "content_name": "QRVO Q2 2024 Transcript",
    "file_type": "pdf",
    "content_type": "earnings_transcript",
    "published_date": "2023-11-01",
    "fiscal_date": "2023-11-01",
    "fiscal_year": 2024,
    "fiscal_quarter": 2,
    "r2_url": "https://pub-2c783279b61043e19fbdadd1bee5153a.r2.dev/QRVO/2023-11-01/Qorvo%2C%20Inc._2023-11-01_transcript/Qorvo%2C%20Inc._2023-11-01_transcript.pdf/Qorvo%2C%20Inc._2023-11-01_transcript.pdf",
    "periodicity": "periodic"
  },
  {
    "equity_ticker": "QRVO",
    "geography": "US",
    "content_name": "QRVO Q2 2024 Press Release",
    "file_type": "pdf",
    "content_type": "earnings_press_release",
    "published_date": "2023-11-01",
    "fiscal_date": "2023-11-01",
    "fiscal_year": 2024,
    "fiscal_quarter": 2,
    "r2_url": "https://pub-2c783279b61043e19fbdadd1bee5153a.r2.dev/QRVO/2023-11-01/b7122-2023-11-01-08-06-14/b7122-2023-11-01-08-06-14.pdf/b7122-2023-11-01-08-06-14.pdf",
    "periodicity": "periodic"
  },
  {
    "equity_ticker": "QRVO",
    "geography": "US",
    "content_name": "Goldman Sachs Communacopia & Technology Conference - September 7, 2023",
    "file_type": "pdf",
    "content_type": "sellside_conference_transcript",
    "published_date": "2023-09-07",
    "fiscal_date": "2023-09-07",
    "fiscal_year": null,
    "fiscal_quarter": null,
    "r2_url": "https://pub-2c783279b61043e19fbdadd1bee5153a.r2.dev/QRVO/2023-09-07/Qorvo%2C%20Inc._2023-09-07_transcript/Qorvo%2C%20Inc._2023-09-07_transcript.pdf/Qorvo%2C%20Inc._2023-09-07_transcript.pdf",
    "periodicity": "non_periodic"
  },
  {
    "equity_ticker": "QRVO",
    "geography": "US",
    "content_name": "QRVO Q1 2024 Transcript",
    "file_type": "pdf",
    "content_type": "earnings_transcript",
    "published_date": "2023-08-02",
    "fiscal_date": "2023-08-02",
    "fiscal_year": 2024,
    "fiscal_quarter": 1,
    "r2_url": "https://pub-2c783279b61043e19fbdadd1bee5153a.r2.dev/QRVO/2023-08-02/Qorvo%2C%20Inc._2023-08-02_transcript/Qorvo%2C%20Inc._2023-08-02_transcript.pdf/Qorvo%2C%20Inc._2023-08-02_transcript.pdf",
    "periodicity": "periodic"
  },
  {
    "equity_ticker": "QRVO",
    "geography": "US",
    "content_name": "QRVO Q1 2024 Press Release",
    "file_type": "pdf",
    "content_type": "earnings_press_release",
    "published_date": "2023-08-02",
    "fiscal_date": "2023-08-02",
    "fiscal_year": 2024,
    "fiscal_quarter": 1,
    "r2_url": "https://pub-2c783279b61043e19fbdadd1bee5153a.r2.dev/QRVO/2023-08-02/531b3-2023-08-02-08-58-10/531b3-2023-08-02-08-58-10.pdf/531b3-2023-08-02-08-58-10.pdf",
    "periodicity": "periodic"
  },
  {
    "equity_ticker": "QRVO",
    "geography": "US",
    "content_name": "J.P. Morgan\u2019s Global Technology, Media and Communications Conference - May 24, 2023",
    "file_type": "pdf",
    "content_type": "sellside_conference_transcript",
    "published_date": "2023-05-24",
    "fiscal_date": "2023-05-24",
    "fiscal_year": null,
    "fiscal_quarter": null,
    "r2_url": "https://pub-2c783279b61043e19fbdadd1bee5153a.r2.dev/QRVO/2023-05-24/Qorvo%2C%20Inc._2023-05-24_transcript/Qorvo%2C%20Inc._2023-05-24_transcript.pdf/Qorvo%2C%20Inc._2023-05-24_transcript.pdf",
    "periodicity": "non_periodic"
  },
  {
    "equity_ticker": "QRVO",
    "geography": "US",
    "content_name": "QRVO Q4 2023 Transcript",
    "file_type": "pdf",
    "content_type": "earnings_transcript",
    "published_date": "2023-05-03",
    "fiscal_date": "2023-05-03",
    "fiscal_year": 2023,
    "fiscal_quarter": 4,
    "r2_url": "https://pub-2c783279b61043e19fbdadd1bee5153a.r2.dev/QRVO/2023-05-03/Qorvo%2C%20Inc._2023-05-03_transcript/Qorvo%2C%20Inc._2023-05-03_transcript.pdf/Qorvo%2C%20Inc._2023-05-03_transcript.pdf",
    "periodicity": "periodic"
  },
  {
    "equity_ticker": "QRVO",
    "geography": "US",
    "content_name": "QRVO Q4 2023 Press Release",
    "file_type": "pdf",
    "content_type": "earnings_press_release",
    "published_date": "2023-05-03",
    "fiscal_date": "2023-05-03",
    "fiscal_year": 2023,
    "fiscal_quarter": 4,
    "r2_url": "https://pub-2c783279b61043e19fbdadd1bee5153a.r2.dev/QRVO/2023-05-03/f0f4d-2023-05-07-06-10-18/f0f4d-2023-05-07-06-10-18.pdf/f0f4d-2023-05-07-06-10-18.pdf",
    "periodicity": "periodic"
  },
  {
    "equity_ticker": "QRVO",
    "geography": "US",
    "content_name": "QRVO Q3 2023 Transcript",
    "file_type": "pdf",
    "content_type": "earnings_transcript",
    "published_date": "2023-02-01",
    "fiscal_date": "2023-02-01",
    "fiscal_year": 2023,
    "fiscal_quarter": 3,
    "r2_url": "https://pub-2c783279b61043e19fbdadd1bee5153a.r2.dev/QRVO/2023-02-01/Qorvo%2C%20Inc._2023-02-01_transcript/Qorvo%2C%20Inc._2023-02-01_transcript.pdf/Qorvo%2C%20Inc._2023-02-01_transcript.pdf",
    "periodicity": "periodic"
  },
  {
    "equity_ticker": "QRVO",
    "geography": "US",
    "content_name": "QRVO Q3 2023 Press Release",
    "file_type": "pdf",
    "content_type": "earnings_press_release",
    "published_date": "2023-02-01",
    "fiscal_date": "2023-02-01",
    "fiscal_year": 2023,
    "fiscal_quarter": 3,
    "r2_url": "https://pub-2c783279b61043e19fbdadd1bee5153a.r2.dev/QRVO/2023-02-01/82d6e-2023-02-01-09-36-15/82d6e-2023-02-01-09-36-15.pdf/82d6e-2023-02-01-09-36-15.pdf",
    "periodicity": "periodic"
  },
  {
    "equity_ticker": "QRVO",
    "geography": "US",
    "content_name": "QRVO Q2 2023 Transcript",
    "file_type": "pdf",
    "content_type": "earnings_transcript",
    "published_date": "2022-11-02",
    "fiscal_date": "2022-11-02",
    "fiscal_year": 2023,
    "fiscal_quarter": 2,
    "r2_url": "https://pub-2c783279b61043e19fbdadd1bee5153a.r2.dev/QRVO/2022-11-02/Qorvo%2C%20Inc._2022-11-02_transcript/Qorvo%2C%20Inc._2022-11-02_transcript.pdf/Qorvo%2C%20Inc._2022-11-02_transcript.pdf",
    "periodicity": "periodic"
  },
  {
    "equity_ticker": "QRVO",
    "geography": "US",
    "content_name": "QRVO Q2 2023 Press Release",
    "file_type": "pdf",
    "content_type": "quarterly_report",
    "published_date": "2022-11-02",
    "fiscal_date": "2022-11-02",
    "fiscal_year": 2023,
    "fiscal_quarter": 2,
    "r2_url": "https://pub-2c783279b61043e19fbdadd1bee5153a.r2.dev/QRVO/2022-11-02/571c2-2024-08-29-08-30-04/571c2-2024-08-29-08-30-04.pdf/571c2-2024-08-29-08-30-04.pdf",
    "periodicity": "periodic"
  },
  {
    "equity_ticker": "QRVO",
    "geography": "US",
    "content_name": "QRVO Q1 2023 Transcript",
    "file_type": "pdf",
    "content_type": "earnings_transcript",
    "published_date": "2022-08-03",
    "fiscal_date": "2022-08-03",
    "fiscal_year": 2023,
    "fiscal_quarter": 1,
    "r2_url": "https://pub-2c783279b61043e19fbdadd1bee5153a.r2.dev/QRVO/2022-08-03/Qorvo%2C%20Inc._2022-08-03_transcript/Qorvo%2C%20Inc._2022-08-03_transcript.pdf/Qorvo%2C%20Inc._2022-08-03_transcript.pdf",
    "periodicity": "periodic"
  },
  {
    "equity_ticker": "QRVO",
    "geography": "US",
    "content_name": "QRVO Q1 2023 Press Release",
    "file_type": "pdf",
    "content_type": "quarterly_report",
    "published_date": "2022-08-03",
    "fiscal_date": "2022-08-03",
    "fiscal_year": 2023,
    "fiscal_quarter": 1,
    "r2_url": "https://pub-2c783279b61043e19fbdadd1bee5153a.r2.dev/QRVO/2022-08-03/c6139-2024-08-29-08-34-04/c6139-2024-08-29-08-34-04.pdf/c6139-2024-08-29-08-34-04.pdf",
    "periodicity": "periodic"
  },
  {
    "equity_ticker": "QRVO",
    "geography": "US",
    "content_name": "QRVO Q4 2022 Transcript",
    "file_type": "pdf",
    "content_type": "earnings_transcript",
    "published_date": "2022-05-04",
    "fiscal_date": "2022-05-04",
    "fiscal_year": 2022,
    "fiscal_quarter": 4,
    "r2_url": "https://pub-2c783279b61043e19fbdadd1bee5153a.r2.dev/QRVO/2022-05-04/Qorvo%2C%20Inc._2022-05-04_transcript/Qorvo%2C%20Inc._2022-05-04_transcript.pdf/Qorvo%2C%20Inc._2022-05-04_transcript.pdf",
    "periodicity": "periodic"
  },
  {
    "equity_ticker": "QRVO",
    "geography": "US",
    "content_name": "QRVO Q4 2022 Press Release",
    "file_type": "pdf",
    "content_type": "earnings_press_release",
    "published_date": "2022-05-04",
    "fiscal_date": "2022-05-04",
    "fiscal_year": 2022,
    "fiscal_quarter": 4,
    "r2_url": "https://pub-2c783279b61043e19fbdadd1bee5153a.r2.dev/QRVO/2022-05-04/3c128-2023-01-25-01-07-24/3c128-2023-01-25-01-07-24.pdf/3c128-2023-01-25-01-07-24.pdf",
    "periodicity": "periodic"
  },
  {
    "equity_ticker": "QRVO",
    "geography": "US",
    "content_name": "QRVO Q3 2022 Transcript",
    "file_type": "pdf",
    "content_type": "earnings_transcript",
    "published_date": "2022-02-02",
    "fiscal_date": "2022-02-02",
    "fiscal_year": 2022,
    "fiscal_quarter": 3,
    "r2_url": "https://pub-2c783279b61043e19fbdadd1bee5153a.r2.dev/QRVO/2022-02-02/Qorvo%2C%20Inc._2022-02-02_transcript/Qorvo%2C%20Inc._2022-02-02_transcript.pdf/Qorvo%2C%20Inc._2022-02-02_transcript.pdf",
    "periodicity": "periodic"
  },
  {
    "equity_ticker": "QRVO",
    "geography": "US",
    "content_name": "QRVO Q3 2022 Press Release",
    "file_type": "pdf",
    "content_type": "quarterly_report",
    "published_date": "2022-02-02",
    "fiscal_date": "2022-02-02",
    "fiscal_year": 2022,
    "fiscal_quarter": 3,
    "r2_url": "https://pub-2c783279b61043e19fbdadd1bee5153a.r2.dev/QRVO/2022-02-02/3c3dd-2024-08-29-08-33-04/3c3dd-2024-08-29-08-33-04.pdf/3c3dd-2024-08-29-08-33-04.pdf",
    "periodicity": "periodic"
  },
  {
    "equity_ticker": "QRVO",
    "geography": "US",
    "content_name": "QRVO Q2 2022 Transcript",
    "file_type": "pdf",
    "content_type": "earnings_transcript",
    "published_date": "2021-11-03",
    "fiscal_date": "2021-11-03",
    "fiscal_year": 2022,
    "fiscal_quarter": 2,
    "r2_url": "https://pub-2c783279b61043e19fbdadd1bee5153a.r2.dev/QRVO/2021-11-03/Qorvo%2C%20Inc._2021-11-03_transcript/Qorvo%2C%20Inc._2021-11-03_transcript.pdf/Qorvo%2C%20Inc._2021-11-03_transcript.pdf",
    "periodicity": "periodic"
  },
  {
    "equity_ticker": "QRVO",
    "geography": "US",
    "content_name": "QRVO Q2 2022 Press Release",
    "file_type": "pdf",
    "content_type": "earnings_press_release",
    "published_date": "2021-11-03",
    "fiscal_date": "2021-11-03",
    "fiscal_year": 2022,
    "fiscal_quarter": 2,
    "r2_url": "https://pub-2c783279b61043e19fbdadd1bee5153a.r2.dev/QRVO/2021-11-03/3d3a7-2023-01-25-11-40-56/3d3a7-2023-01-25-11-40-56.pdf/3d3a7-2023-01-25-11-40-56.pdf",
    "periodicity": "periodic"
  },
  {
    "equity_ticker": "QRVO",
    "geography": "US",
    "content_name": "QRVO Q1 2022 Transcript",
    "file_type": "pdf",
    "content_type": "earnings_transcript",
    "published_date": "2021-08-04",
    "fiscal_date": "2021-08-04",
    "fiscal_year": 2022,
    "fiscal_quarter": 1,
    "r2_url": "https://pub-2c783279b61043e19fbdadd1bee5153a.r2.dev/QRVO/2021-08-04/Qorvo%2C%20Inc._2021-08-04_transcript/Qorvo%2C%20Inc._2021-08-04_transcript.pdf/Qorvo%2C%20Inc._2021-08-04_transcript.pdf",
    "periodicity": "periodic"
  },
  {
    "equity_ticker": "QRVO",
    "geography": "US",
    "content_name": "QRVO Q1 2022 Press Release",
    "file_type": "pdf",
    "content_type": "quarterly_report",
    "published_date": "2021-08-04",
    "fiscal_date": "2021-08-04",
    "fiscal_year": 2022,
    "fiscal_quarter": 1,
    "r2_url": "https://pub-2c783279b61043e19fbdadd1bee5153a.r2.dev/QRVO/2021-08-04/36625-2024-08-29-08-28-04/36625-2024-08-29-08-28-04.pdf/36625-2024-08-29-08-28-04.pdf",
    "periodicity": "periodic"
  },
  {
    "equity_ticker": "QRVO",
    "geography": "US",
    "content_name": "QRVO Q4 2021 Transcript",
    "file_type": "pdf",
    "content_type": "earnings_transcript",
    "published_date": "2021-05-05",
    "fiscal_date": "2021-05-05",
    "fiscal_year": 2021,
    "fiscal_quarter": 4,
    "r2_url": "https://pub-2c783279b61043e19fbdadd1bee5153a.r2.dev/QRVO/2021-05-05/Qorvo%2C%20Inc._2021-05-05_transcript/Qorvo%2C%20Inc._2021-05-05_transcript.pdf/Qorvo%2C%20Inc._2021-05-05_transcript.pdf",
    "periodicity": "periodic"
  },
  {
    "equity_ticker": "QRVO",
    "geography": "US",
    "content_name": "QRVO Q3 2021 Transcript",
    "file_type": "pdf",
    "content_type": "earnings_transcript",
    "published_date": "2021-02-03",
    "fiscal_date": "2021-02-03",
    "fiscal_year": 2021,
    "fiscal_quarter": 3,
    "r2_url": "https://pub-2c783279b61043e19fbdadd1bee5153a.r2.dev/QRVO/2021-02-03/Qorvo%2C%20Inc._2021-02-03_transcript/Qorvo%2C%20Inc._2021-02-03_transcript.pdf/Qorvo%2C%20Inc._2021-02-03_transcript.pdf",
    "periodicity": "periodic"
  },
  {
    "equity_ticker": "QRVO",
    "geography": "US",
    "content_name": "QRVO Q3 2021 Press Release",
    "file_type": "pdf",
    "content_type": "earnings_press_release",
    "published_date": "2021-02-03",
    "fiscal_date": "2021-02-03",
    "fiscal_year": 2021,
    "fiscal_quarter": 3,
    "r2_url": "https://pub-2c783279b61043e19fbdadd1bee5153a.r2.dev/QRVO/2021-02-03/71c30-2024-05-06-12-41-50/71c30-2024-05-06-12-41-50.pdf/71c30-2024-05-06-12-41-50.pdf",
    "periodicity": "periodic"
  },
  {
    "equity_ticker": "QRVO",
    "geography": "US",
    "content_name": "QRVO Q2 2021 Transcript",
    "file_type": "pdf",
    "content_type": "earnings_transcript",
    "published_date": "2020-11-04",
    "fiscal_date": "2020-11-04",
    "fiscal_year": 2021,
    "fiscal_quarter": 2,
    "r2_url": "https://pub-2c783279b61043e19fbdadd1bee5153a.r2.dev/QRVO/2020-11-04/Qorvo%2C%20Inc._2020-11-04_transcript/Qorvo%2C%20Inc._2020-11-04_transcript.pdf/Qorvo%2C%20Inc._2020-11-04_transcript.pdf",
    "periodicity": "periodic"
  },
  {
    "equity_ticker": "QRVO",
    "geography": "US",
    "content_name": "QRVO Q2 2021 Press Release",
    "file_type": "pdf",
    "content_type": "earnings_press_release",
    "published_date": "2020-11-04",
    "fiscal_date": "2020-11-04",
    "fiscal_year": 2021,
    "fiscal_quarter": 2,
    "r2_url": "https://pub-2c783279b61043e19fbdadd1bee5153a.r2.dev/QRVO/2020-11-04/4099c-2024-05-06-12-41-51/4099c-2024-05-06-12-41-51.pdf/4099c-2024-05-06-12-41-51.pdf",
    "periodicity": "periodic"
  },
  {
    "equity_ticker": "QRVO",
    "geography": "US",
    "content_name": "QRVO Q1 2021 Transcript",
    "file_type": "pdf",
    "content_type": "earnings_transcript",
    "published_date": "2020-07-29",
    "fiscal_date": "2020-07-29",
    "fiscal_year": 2021,
    "fiscal_quarter": 1,
    "r2_url": "https://pub-2c783279b61043e19fbdadd1bee5153a.r2.dev/QRVO/2020-07-29/Qorvo%2C%20Inc._2020-07-29_transcript/Qorvo%2C%20Inc._2020-07-29_transcript.pdf/Qorvo%2C%20Inc._2020-07-29_transcript.pdf",
    "periodicity": "periodic"
  },
  {
    "equity_ticker": "QRVO",
    "geography": "US",
    "content_name": "QRVO Q1 2021 Press Release",
    "file_type": "pdf",
    "content_type": "earnings_press_release",
    "published_date": "2020-07-29",
    "fiscal_date": "2020-07-29",
    "fiscal_year": 2021,
    "fiscal_quarter": 1,
    "r2_url": "https://pub-2c783279b61043e19fbdadd1bee5153a.r2.dev/QRVO/2020-07-29/9d5a7-2024-05-06-12-38-52/9d5a7-2024-05-06-12-38-52.pdf/9d5a7-2024-05-06-12-38-52.pdf",
    "periodicity": "periodic"
  },
  {
    "equity_ticker": "QRVO",
    "geography": "US",
    "content_name": "QRVO Q4 2020 Transcript",
    "file_type": "pdf",
    "content_type": "earnings_transcript",
    "published_date": "2020-05-07",
    "fiscal_date": "2020-05-07",
    "fiscal_year": 2020,
    "fiscal_quarter": 4,
    "r2_url": "https://pub-2c783279b61043e19fbdadd1bee5153a.r2.dev/QRVO/2020-05-07/Qorvo%2C%20Inc._2020-05-07_transcript/Qorvo%2C%20Inc._2020-05-07_transcript.pdf/Qorvo%2C%20Inc._2020-05-07_transcript.pdf",
    "periodicity": "periodic"
  },
  {
    "equity_ticker": "QRVO",
    "geography": "US",
    "content_name": "QRVO Q4 2020 Press Release",
    "file_type": "pdf",
    "content_type": "earnings_press_release",
    "published_date": "2020-05-07",
    "fiscal_date": "2020-05-07",
    "fiscal_year": 2020,
    "fiscal_quarter": 4,
    "r2_url": "https://pub-2c783279b61043e19fbdadd1bee5153a.r2.dev/QRVO/2020-05-07/8ebb5-2024-05-06-12-04-55/8ebb5-2024-05-06-12-04-55.pdf/8ebb5-2024-05-06-12-04-55.pdf",
    "periodicity": "periodic"
  },
  {
    "equity_ticker": "QRVO",
    "geography": "US",
    "content_name": "QRVO Q3 2020 Transcript",
    "file_type": "pdf",
    "content_type": "earnings_transcript",
    "published_date": "2020-01-29",
    "fiscal_date": "2020-01-29",
    "fiscal_year": 2020,
    "fiscal_quarter": 3,
    "r2_url": "https://pub-2c783279b61043e19fbdadd1bee5153a.r2.dev/QRVO/2020-01-29/Qorvo%2C%20Inc._2020-01-29_transcript/Qorvo%2C%20Inc._2020-01-29_transcript.pdf/Qorvo%2C%20Inc._2020-01-29_transcript.pdf",
    "periodicity": "periodic"
  },
  {
    "equity_ticker": "QRVO",
    "geography": "US",
    "content_name": "QRVO Q3 2020 Press Release",
    "file_type": "pdf",
    "content_type": "earnings_press_release",
    "published_date": "2020-01-29",
    "fiscal_date": "2020-01-29",
    "fiscal_year": 2020,
    "fiscal_quarter": 3,
    "r2_url": "https://pub-2c783279b61043e19fbdadd1bee5153a.r2.dev/QRVO/2020-01-29/a59fa-2024-05-06-12-14-56/a59fa-2024-05-06-12-14-56.pdf/a59fa-2024-05-06-12-14-56.pdf",
    "periodicity": "periodic"
  },
  {
    "equity_ticker": "QRVO",
    "geography": "US",
    "content_name": "QRVO Q2 2020 Transcript",
    "file_type": "pdf",
    "content_type": "earnings_transcript",
    "published_date": "2019-10-31",
    "fiscal_date": "2019-10-31",
    "fiscal_year": 2020,
    "fiscal_quarter": 2,
    "r2_url": "https://pub-2c783279b61043e19fbdadd1bee5153a.r2.dev/QRVO/2019-10-31/Qorvo%2C%20Inc._2019-10-31_transcript/Qorvo%2C%20Inc._2019-10-31_transcript.pdf/Qorvo%2C%20Inc._2019-10-31_transcript.pdf",
    "periodicity": "periodic"
  },
  {
    "equity_ticker": "QRVO",
    "geography": "US",
    "content_name": "QRVO Q2 2020 Press Release",
    "file_type": "pdf",
    "content_type": "earnings_press_release",
    "published_date": "2019-10-31",
    "fiscal_date": "2019-10-31",
    "fiscal_year": 2020,
    "fiscal_quarter": 2,
    "r2_url": "https://pub-2c783279b61043e19fbdadd1bee5153a.r2.dev/QRVO/2019-10-31/71b71-2024-05-06-12-03-58/71b71-2024-05-06-12-03-58.pdf/71b71-2024-05-06-12-03-58.pdf",
    "periodicity": "periodic"
  },
  {
    "equity_ticker": "QRVO",
    "geography": "US",
    "content_name": "QRVO Q1 2020 Transcript",
    "file_type": "pdf",
    "content_type": "earnings_transcript",
    "published_date": "2019-08-01",
    "fiscal_date": "2019-08-01",
    "fiscal_year": 2020,
    "fiscal_quarter": 1,
    "r2_url": "https://pub-2c783279b61043e19fbdadd1bee5153a.r2.dev/QRVO/2019-08-01/Qorvo%2C%20Inc._2019-08-01_transcript/Qorvo%2C%20Inc._2019-08-01_transcript.pdf/Qorvo%2C%20Inc._2019-08-01_transcript.pdf",
    "periodicity": "periodic"
  },
  {
    "equity_ticker": "QRVO",
    "geography": "US",
    "content_name": "QRVO Q1 2020 Press Release",
    "file_type": "pdf",
    "content_type": "earnings_press_release",
    "published_date": "2019-08-01",
    "fiscal_date": "2019-08-01",
    "fiscal_year": 2020,
    "fiscal_quarter": 1,
    "r2_url": "https://pub-2c783279b61043e19fbdadd1bee5153a.r2.dev/QRVO/2019-08-01/cd0eb-2024-05-06-12-06-59/cd0eb-2024-05-06-12-06-59.pdf/cd0eb-2024-05-06-12-06-59.pdf",
    "periodicity": "periodic"
  },
  {
    "equity_ticker": "QRVO",
    "geography": "US",
    "content_name": "QRVO Q4 2019 Transcript",
    "file_type": "pdf",
    "content_type": "earnings_transcript",
    "published_date": "2019-05-07",
    "fiscal_date": "2019-05-07",
    "fiscal_year": 2019,
    "fiscal_quarter": 4,
    "r2_url": "https://pub-2c783279b61043e19fbdadd1bee5153a.r2.dev/QRVO/2019-05-07/Qorvo%2C%20Inc._2019-05-07_transcript/Qorvo%2C%20Inc._2019-05-07_transcript.pdf/Qorvo%2C%20Inc._2019-05-07_transcript.pdf",
    "periodicity": "periodic"
  },
  {
    "equity_ticker": "QRVO",
    "geography": "US",
    "content_name": "QRVO Q4 2019 Press Release",
    "file_type": "pdf",
    "content_type": "earnings_press_release",
    "published_date": "2019-05-07",
    "fiscal_date": "2019-05-07",
    "fiscal_year": 2019,
    "fiscal_quarter": 4,
    "r2_url": "https://pub-2c783279b61043e19fbdadd1bee5153a.r2.dev/QRVO/2019-05-07/b4f5a-2024-05-06-01-24-00/b4f5a-2024-05-06-01-24-00.pdf/b4f5a-2024-05-06-01-24-00.pdf",
    "periodicity": "periodic"
  },
  {
    "equity_ticker": "QRVO",
    "geography": "US",
    "content_name": "QRVO Q3 2019 Transcript",
    "file_type": "pdf",
    "content_type": "earnings_transcript",
    "published_date": "2019-02-07",
    "fiscal_date": "2019-02-07",
    "fiscal_year": 2019,
    "fiscal_quarter": 3,
    "r2_url": "https://pub-2c783279b61043e19fbdadd1bee5153a.r2.dev/QRVO/2019-02-07/Qorvo%2C%20Inc._2019-02-07_transcript/Qorvo%2C%20Inc._2019-02-07_transcript.pdf/Qorvo%2C%20Inc._2019-02-07_transcript.pdf",
    "periodicity": "periodic"
  },
  {
    "equity_ticker": "QRVO",
    "geography": "US",
    "content_name": "QRVO Q3 2019 Press Release",
    "file_type": "pdf",
    "content_type": "earnings_press_release",
    "published_date": "2019-02-07",
    "fiscal_date": "2019-02-07",
    "fiscal_year": 2019,
    "fiscal_quarter": 3,
    "r2_url": "https://pub-2c783279b61043e19fbdadd1bee5153a.r2.dev/QRVO/2019-02-07/86d1d-2024-05-06-01-35-01/86d1d-2024-05-06-01-35-01.pdf/86d1d-2024-05-06-01-35-01.pdf",
    "periodicity": "periodic"
  },
  {
    "equity_ticker": "QRVO",
    "geography": "US",
    "content_name": "QRVO Q2 2019 Transcript",
    "file_type": "pdf",
    "content_type": "earnings_transcript",
    "published_date": "2018-10-31",
    "fiscal_date": "2018-10-31",
    "fiscal_year": 2019,
    "fiscal_quarter": 2,
    "r2_url": "https://pub-2c783279b61043e19fbdadd1bee5153a.r2.dev/QRVO/2018-10-31/Qorvo%2C%20Inc._2018-10-31_transcript/Qorvo%2C%20Inc._2018-10-31_transcript.pdf/Qorvo%2C%20Inc._2018-10-31_transcript.pdf",
    "periodicity": "periodic"
  },
  {
    "equity_ticker": "QRVO",
    "geography": "US",
    "content_name": "QRVO Q2 2019 Press Release",
    "file_type": "pdf",
    "content_type": "earnings_press_release",
    "published_date": "2018-10-31",
    "fiscal_date": "2018-10-31",
    "fiscal_year": 2019,
    "fiscal_quarter": 2,
    "r2_url": "https://pub-2c783279b61043e19fbdadd1bee5153a.r2.dev/QRVO/2018-10-31/d4b8b-2024-05-06-01-11-03/d4b8b-2024-05-06-01-11-03.pdf/d4b8b-2024-05-06-01-11-03.pdf",
    "periodicity": "periodic"
  },
  {
    "equity_ticker": "QRVO",
    "geography": "US",
    "content_name": "QRVO Q1 2019 Transcript",
    "file_type": "pdf",
    "content_type": "earnings_transcript",
    "published_date": "2018-08-01",
    "fiscal_date": "2018-08-01",
    "fiscal_year": 2019,
    "fiscal_quarter": 1,
    "r2_url": "https://pub-2c783279b61043e19fbdadd1bee5153a.r2.dev/QRVO/2018-08-01/Qorvo%2C%20Inc._2018-08-01_transcript/Qorvo%2C%20Inc._2018-08-01_transcript.pdf/Qorvo%2C%20Inc._2018-08-01_transcript.pdf",
    "periodicity": "periodic"
  },
  {
    "equity_ticker": "QRVO",
    "geography": "US",
    "content_name": "QRVO Q1 2019 Press Release",
    "file_type": "pdf",
    "content_type": "earnings_press_release",
    "published_date": "2018-08-01",
    "fiscal_date": "2018-08-01",
    "fiscal_year": 2019,
    "fiscal_quarter": 1,
    "r2_url": "https://pub-2c783279b61043e19fbdadd1bee5153a.r2.dev/QRVO/2018-08-01/3d128-2024-05-06-01-51-04/3d128-2024-05-06-01-51-04.pdf/3d128-2024-05-06-01-51-04.pdf",
    "periodicity": "periodic"
  },
  {
    "equity_ticker": "QRVO",
    "geography": "US",
    "content_name": "QRVO Q4 2018 Transcript",
    "file_type": "pdf",
    "content_type": "earnings_transcript",
    "published_date": "2018-05-02",
    "fiscal_date": "2018-05-02",
    "fiscal_year": 2018,
    "fiscal_quarter": 4,
    "r2_url": "https://pub-2c783279b61043e19fbdadd1bee5153a.r2.dev/QRVO/2018-05-02/Qorvo%2C%20Inc._2018-05-02_transcript/Qorvo%2C%20Inc._2018-05-02_transcript.pdf/Qorvo%2C%20Inc._2018-05-02_transcript.pdf",
    "periodicity": "periodic"
  },
  {
    "equity_ticker": "QRVO",
    "geography": "US",
    "content_name": "QRVO Q4 2018 Press Release",
    "file_type": "pdf",
    "content_type": "earnings_press_release",
    "published_date": "2018-05-02",
    "fiscal_date": "2018-05-02",
    "fiscal_year": 2018,
    "fiscal_quarter": 4,
    "r2_url": "https://pub-2c783279b61043e19fbdadd1bee5153a.r2.dev/QRVO/2018-05-02/b943a-2024-05-06-01-57-08/b943a-2024-05-06-01-57-08.pdf/b943a-2024-05-06-01-57-08.pdf",
    "periodicity": "periodic"
  },
  {
    "equity_ticker": "QRVO",
    "geography": "US",
    "content_name": "QRVO Q3 2018 Transcript",
    "file_type": "pdf",
    "content_type": "earnings_transcript",
    "published_date": "2018-01-31",
    "fiscal_date": "2018-01-31",
    "fiscal_year": 2018,
    "fiscal_quarter": 3,
    "r2_url": "https://pub-2c783279b61043e19fbdadd1bee5153a.r2.dev/QRVO/2018-01-31/Qorvo%2C%20Inc._2018-01-31_transcript/Qorvo%2C%20Inc._2018-01-31_transcript.pdf/Qorvo%2C%20Inc._2018-01-31_transcript.pdf",
    "periodicity": "periodic"
  },
  {
    "equity_ticker": "QRVO",
    "geography": "US",
    "content_name": "QRVO Q3 2018 Press Release",
    "file_type": "pdf",
    "content_type": "earnings_press_release",
    "published_date": "2018-01-31",
    "fiscal_date": "2018-01-31",
    "fiscal_year": 2018,
    "fiscal_quarter": 3,
    "r2_url": "https://pub-2c783279b61043e19fbdadd1bee5153a.r2.dev/QRVO/2018-01-31/5dde3-2024-05-06-01-58-35/5dde3-2024-05-06-01-58-35.pdf/5dde3-2024-05-06-01-58-35.pdf",
    "periodicity": "periodic"
  },
  {
    "equity_ticker": "QRVO",
    "geography": "US",
    "content_name": "QRVO Q2 2018 Transcript",
    "file_type": "pdf",
    "content_type": "earnings_transcript",
    "published_date": "2017-11-01",
    "fiscal_date": "2017-11-01",
    "fiscal_year": 2018,
    "fiscal_quarter": 2,
    "r2_url": "https://pub-2c783279b61043e19fbdadd1bee5153a.r2.dev/QRVO/2017-11-01/Qorvo%2C%20Inc._2017-11-01_transcript/Qorvo%2C%20Inc._2017-11-01_transcript.pdf/Qorvo%2C%20Inc._2017-11-01_transcript.pdf",
    "periodicity": "periodic"
  },
  {
    "equity_ticker": "QRVO",
    "geography": "US",
    "content_name": "QRVO Q2 2018 Press Release",
    "file_type": "pdf",
    "content_type": "earnings_press_release",
    "published_date": "2017-11-01",
    "fiscal_date": "2017-11-01",
    "fiscal_year": 2018,
    "fiscal_quarter": 2,
    "r2_url": "https://pub-2c783279b61043e19fbdadd1bee5153a.r2.dev/QRVO/2017-11-01/6c03e-2024-05-06-01-18-38/6c03e-2024-05-06-01-18-38.pdf/6c03e-2024-05-06-01-18-38.pdf",
    "periodicity": "periodic"
  },
  {
    "equity_ticker": "QRVO",
    "geography": "US",
    "content_name": "QRVO Q1 2018 Transcript",
    "file_type": "pdf",
    "content_type": "earnings_transcript",
    "published_date": "2017-08-02",
    "fiscal_date": "2017-08-02",
    "fiscal_year": 2018,
    "fiscal_quarter": 1,
    "r2_url": "https://pub-2c783279b61043e19fbdadd1bee5153a.r2.dev/QRVO/2017-08-02/Qorvo%2C%20Inc._2017-08-02_transcript/Qorvo%2C%20Inc._2017-08-02_transcript.pdf/Qorvo%2C%20Inc._2017-08-02_transcript.pdf",
    "periodicity": "periodic"
  },
  {
    "equity_ticker": "QRVO",
    "geography": "US",
    "content_name": "QRVO Q1 2018 Press Release",
    "file_type": "pdf",
    "content_type": "earnings_press_release",
    "published_date": "2017-08-02",
    "fiscal_date": "2017-08-02",
    "fiscal_year": 2018,
    "fiscal_quarter": 1,
    "r2_url": "https://pub-2c783279b61043e19fbdadd1bee5153a.r2.dev/QRVO/2017-08-02/f60df-2024-05-06-01-37-39/f60df-2024-05-06-01-37-39.pdf/f60df-2024-05-06-01-37-39.pdf",
    "periodicity": "periodic"
  },
  {
    "equity_ticker": "QRVO",
    "geography": "US",
    "content_name": "QRVO Q4 2017 Transcript",
    "file_type": "pdf",
    "content_type": "earnings_transcript",
    "published_date": "2017-05-23",
    "fiscal_date": "2017-05-23",
    "fiscal_year": 2017,
    "fiscal_quarter": 4,
    "r2_url": "https://pub-2c783279b61043e19fbdadd1bee5153a.r2.dev/QRVO/2017-05-23/Qorvo%2C%20Inc._2017-05-23_transcript/Qorvo%2C%20Inc._2017-05-23_transcript.pdf/Qorvo%2C%20Inc._2017-05-23_transcript.pdf",
    "periodicity": "periodic"
  },
  {
    "equity_ticker": "QRVO",
    "geography": "US",
    "content_name": "QRVO Q4 2017 Press Release",
    "file_type": "pdf",
    "content_type": "annual_report",
    "published_date": "2017-05-23",
    "fiscal_date": "2017-05-23",
    "fiscal_year": 2017,
    "fiscal_quarter": 4,
    "r2_url": "https://pub-2c783279b61043e19fbdadd1bee5153a.r2.dev/QRVO/2017-05-23/74d99-2023-09-05-06-41-55/74d99-2023-09-05-06-41-55.pdf/74d99-2023-09-05-06-41-55.pdf",
    "periodicity": "periodic"
  },
  {
    "equity_ticker": "QRVO",
    "geography": "US",
    "content_name": "QRVO Q3 2017 Transcript",
    "file_type": "pdf",
    "content_type": "earnings_transcript",
    "published_date": "2017-02-01",
    "fiscal_date": "2017-02-01",
    "fiscal_year": 2017,
    "fiscal_quarter": 3,
    "r2_url": "https://pub-2c783279b61043e19fbdadd1bee5153a.r2.dev/QRVO/2017-02-01/Qorvo%2C%20Inc._2017-02-01_transcript/Qorvo%2C%20Inc._2017-02-01_transcript.pdf/Qorvo%2C%20Inc._2017-02-01_transcript.pdf",
    "periodicity": "periodic"
  },
  {
    "equity_ticker": "QRVO",
    "geography": "US",
    "content_name": "QRVO Q2 2017 Transcript",
    "file_type": "pdf",
    "content_type": "earnings_transcript",
    "published_date": "2016-11-03",
    "fiscal_date": "2016-11-03",
    "fiscal_year": 2017,
    "fiscal_quarter": 2,
    "r2_url": "https://pub-2c783279b61043e19fbdadd1bee5153a.r2.dev/QRVO/2016-11-03/Qorvo%2C%20Inc._2016-11-03_transcript/Qorvo%2C%20Inc._2016-11-03_transcript.pdf/Qorvo%2C%20Inc._2016-11-03_transcript.pdf",
    "periodicity": "periodic"
  },
  {
    "equity_ticker": "QRVO",
    "geography": "US",
    "content_name": "QRVO Q1 2017 Transcript",
    "file_type": "pdf",
    "content_type": "earnings_transcript",
    "published_date": "2016-08-02",
    "fiscal_date": "2016-08-02",
    "fiscal_year": 2017,
    "fiscal_quarter": 1,
    "r2_url": "https://pub-2c783279b61043e19fbdadd1bee5153a.r2.dev/QRVO/2016-08-02/Qorvo%2C%20Inc._2016-08-02_transcript/Qorvo%2C%20Inc._2016-08-02_transcript.pdf/Qorvo%2C%20Inc._2016-08-02_transcript.pdf",
    "periodicity": "periodic"
  },
  {
    "equity_ticker": "QRVO",
    "geography": "US",
    "content_name": "QRVO Q4 2016 Transcript",
    "file_type": "pdf",
    "content_type": "earnings_transcript",
    "published_date": "2016-05-31",
    "fiscal_date": "2016-05-31",
    "fiscal_year": 2016,
    "fiscal_quarter": 4,
    "r2_url": "https://pub-2c783279b61043e19fbdadd1bee5153a.r2.dev/QRVO/2016-05-31/Qorvo%2C%20Inc._2016-05-31_transcript/Qorvo%2C%20Inc._2016-05-31_transcript.pdf/Qorvo%2C%20Inc._2016-05-31_transcript.pdf",
    "periodicity": "periodic"
  },
  {
    "equity_ticker": "QRVO",
    "geography": "US",
    "content_name": "QRVO Q4 2016 Press Release",
    "file_type": "pdf",
    "content_type": "annual_report",
    "published_date": "2016-05-31",
    "fiscal_date": "2016-05-31",
    "fiscal_year": 2016,
    "fiscal_quarter": 4,
    "r2_url": "https://pub-2c783279b61043e19fbdadd1bee5153a.r2.dev/QRVO/2016-05-31/75185-2023-09-05-06-56-55/75185-2023-09-05-06-56-55.pdf/75185-2023-09-05-06-56-55.pdf",
    "periodicity": "periodic"
  },
  {
    "equity_ticker": "QRVO",
    "geography": "US",
    "content_name": "QRVO Q3 2016 Transcript",
    "file_type": "pdf",
    "content_type": "earnings_transcript",
    "published_date": "2016-02-05",
    "fiscal_date": "2016-02-05",
    "fiscal_year": 2016,
    "fiscal_quarter": 3,
    "r2_url": "https://pub-2c783279b61043e19fbdadd1bee5153a.r2.dev/QRVO/2016-02-05/Qorvo%2C%20Inc._2016-02-05_transcript/Qorvo%2C%20Inc._2016-02-05_transcript.pdf/Qorvo%2C%20Inc._2016-02-05_transcript.pdf",
    "periodicity": "periodic"
  },
  {
    "equity_ticker": "QRVO",
    "geography": "US",
    "content_name": "QRVO Q2 2016 Transcript",
    "file_type": "pdf",
    "content_type": "earnings_transcript",
    "published_date": "2015-11-06",
    "fiscal_date": "2015-11-06",
    "fiscal_year": 2016,
    "fiscal_quarter": 2,
    "r2_url": "https://pub-2c783279b61043e19fbdadd1bee5153a.r2.dev/QRVO/2015-11-06/Qorvo%2C%20Inc._2015-11-06_transcript/Qorvo%2C%20Inc._2015-11-06_transcript.pdf/Qorvo%2C%20Inc._2015-11-06_transcript.pdf",
    "periodicity": "periodic"
  },
  {
    "equity_ticker": "QRVO",
    "geography": "US",
    "content_name": "QRVO Q1 2016 Transcript",
    "file_type": "pdf",
    "content_type": "earnings_transcript",
    "published_date": "2015-07-29",
    "fiscal_date": "2015-07-29",
    "fiscal_year": 2016,
    "fiscal_quarter": 1,
    "r2_url": "https://pub-2c783279b61043e19fbdadd1bee5153a.r2.dev/QRVO/2015-07-29/Qorvo%2C%20Inc._2015-07-29_transcript/Qorvo%2C%20Inc._2015-07-29_transcript.pdf/Qorvo%2C%20Inc._2015-07-29_transcript.pdf",
    "periodicity": "periodic"
  },
  {
    "equity_ticker": "QRVO",
    "geography": "US",
    "content_name": "QRVO Q4 2015 Transcript",
    "file_type": "pdf",
    "content_type": "earnings_transcript",
    "published_date": "2015-05-27",
    "fiscal_date": "2015-05-27",
    "fiscal_year": 2015,
    "fiscal_quarter": 4,
    "r2_url": "https://pub-2c783279b61043e19fbdadd1bee5153a.r2.dev/QRVO/2015-05-27/Qorvo%2C%20Inc._2015-05-27_transcript/Qorvo%2C%20Inc._2015-05-27_transcript.pdf/Qorvo%2C%20Inc._2015-05-27_transcript.pdf",
    "periodicity": "periodic"
  },
  {
    "equity_ticker": "QRVO",
    "geography": "US",
    "content_name": "QRVO Q4 2015 Press Release",
    "file_type": "pdf",
    "content_type": "annual_report",
    "published_date": "2015-05-27",
    "fiscal_date": "2015-05-27",
    "fiscal_year": 2015,
    "fiscal_quarter": 4,
    "r2_url": "https://pub-2c783279b61043e19fbdadd1bee5153a.r2.dev/QRVO/2015-05-27/ffad1-2023-09-05-06-13-56/ffad1-2023-09-05-06-13-56.pdf/ffad1-2023-09-05-06-13-56.pdf",
    "periodicity": "periodic"
  },
  {
    "equity_ticker": "QRVO",
    "geography": "US",
    "content_name": "QRVO Q3 2015 Transcript",
    "file_type": "pdf",
    "content_type": "earnings_transcript",
    "published_date": "2015-01-28",
    "fiscal_date": "2015-01-28",
    "fiscal_year": 2015,
    "fiscal_quarter": 3,
    "r2_url": "https://pub-2c783279b61043e19fbdadd1bee5153a.r2.dev/QRVO/2015-01-28/Qorvo%2C%20Inc._2015-01-28_transcript/Qorvo%2C%20Inc._2015-01-28_transcript.pdf/Qorvo%2C%20Inc._2015-01-28_transcript.pdf",
    "periodicity": "periodic"
  },
  {
    "equity_ticker": "QRVO",
    "geography": "US",
    "content_name": "QRVO Q2 2015 Transcript",
    "file_type": "pdf",
    "content_type": "earnings_transcript",
    "published_date": "2014-10-29",
    "fiscal_date": "2014-10-29",
    "fiscal_year": 2015,
    "fiscal_quarter": 2,
    "r2_url": "https://pub-2c783279b61043e19fbdadd1bee5153a.r2.dev/QRVO/2014-10-29/Qorvo%2C%20Inc._2014-10-29_transcript/Qorvo%2C%20Inc._2014-10-29_transcript.pdf/Qorvo%2C%20Inc._2014-10-29_transcript.pdf",
    "periodicity": "periodic"
  },
  {
    "equity_ticker": "QRVO",
    "geography": "US",
    "content_name": "QRVO Q1 2015 Transcript",
    "file_type": "pdf",
    "content_type": "earnings_transcript",
    "published_date": "2014-07-24",
    "fiscal_date": "2014-07-24",
    "fiscal_year": 2015,
    "fiscal_quarter": 1,
    "r2_url": "https://pub-2c783279b61043e19fbdadd1bee5153a.r2.dev/QRVO/2014-07-24/Qorvo%2C%20Inc._2014-07-24_transcript/Qorvo%2C%20Inc._2014-07-24_transcript.pdf/Qorvo%2C%20Inc._2014-07-24_transcript.pdf",
    "periodicity": "periodic"
  },
  {
    "equity_ticker": "QRVO",
    "geography": "US",
    "content_name": "QRVO Q4 2014 Transcript",
    "file_type": "pdf",
    "content_type": "earnings_transcript",
    "published_date": "2014-04-29",
    "fiscal_date": "2014-04-29",
    "fiscal_year": 2014,
    "fiscal_quarter": 4,
    "r2_url": "https://pub-2c783279b61043e19fbdadd1bee5153a.r2.dev/QRVO/2014-04-29/Qorvo%2C%20Inc._2014-04-29_transcript/Qorvo%2C%20Inc._2014-04-29_transcript.pdf/Qorvo%2C%20Inc._2014-04-29_transcript.pdf",
    "periodicity": "periodic"
  },
  {
    "equity_ticker": "QRVO",
    "geography": "US",
    "content_name": "QRVO Q3 2014 Transcript",
    "file_type": "pdf",
    "content_type": "earnings_transcript",
    "published_date": "2014-01-29",
    "fiscal_date": "2014-01-29",
    "fiscal_year": 2014,
    "fiscal_quarter": 3,
    "r2_url": "https://pub-2c783279b61043e19fbdadd1bee5153a.r2.dev/QRVO/2014-01-29/Qorvo%2C%20Inc._2014-01-29_transcript/Qorvo%2C%20Inc._2014-01-29_transcript.pdf/Qorvo%2C%20Inc._2014-01-29_transcript.pdf",
    "periodicity": "periodic"
  },
  {
    "equity_ticker": "QRVO",
    "geography": "US",
    "content_name": "QRVO Q2 2014 Transcript",
    "file_type": "pdf",
    "content_type": "earnings_transcript",
    "published_date": "2013-10-22",
    "fiscal_date": "2013-10-22",
    "fiscal_year": 2014,
    "fiscal_quarter": 2,
    "r2_url": "https://pub-2c783279b61043e19fbdadd1bee5153a.r2.dev/QRVO/2013-10-22/Qorvo%2C%20Inc._2013-10-22_transcript/Qorvo%2C%20Inc._2013-10-22_transcript.pdf/Qorvo%2C%20Inc._2013-10-22_transcript.pdf",
    "periodicity": "periodic"
  },
  {
    "equity_ticker": "QRVO",
    "geography": "US",
    "content_name": "QRVO Q1 2014 Transcript",
    "file_type": "pdf",
    "content_type": "earnings_transcript",
    "published_date": "2013-07-23",
    "fiscal_date": "2013-07-23",
    "fiscal_year": 2014,
    "fiscal_quarter": 1,
    "r2_url": "https://pub-2c783279b61043e19fbdadd1bee5153a.r2.dev/QRVO/2013-07-23/Qorvo%2C%20Inc._2013-07-23_transcript/Qorvo%2C%20Inc._2013-07-23_transcript.pdf/Qorvo%2C%20Inc._2013-07-23_transcript.pdf",
    "periodicity": "periodic"
  },
  {
    "equity_ticker": "QRVO",
    "geography": "US",
    "content_name": "QRVO Q4 2013 Transcript",
    "file_type": "pdf",
    "content_type": "earnings_transcript",
    "published_date": "2013-04-23",
    "fiscal_date": "2013-04-23",
    "fiscal_year": 2013,
    "fiscal_quarter": 4,
    "r2_url": "https://pub-2c783279b61043e19fbdadd1bee5153a.r2.dev/QRVO/2013-04-23/Qorvo%2C%20Inc._2013-04-23_transcript/Qorvo%2C%20Inc._2013-04-23_transcript.pdf/Qorvo%2C%20Inc._2013-04-23_transcript.pdf",
    "periodicity": "periodic"
  },
  {
    "equity_ticker": "QRVO",
    "geography": "US",
    "content_name": "QRVO Q3 2013 Transcript",
    "file_type": "pdf",
    "content_type": "earnings_transcript",
    "published_date": "2013-01-22",
    "fiscal_date": "2013-01-22",
    "fiscal_year": 2013,
    "fiscal_quarter": 3,
    "r2_url": "https://pub-2c783279b61043e19fbdadd1bee5153a.r2.dev/QRVO/2013-01-22/Qorvo%2C%20Inc._2013-01-22_transcript/Qorvo%2C%20Inc._2013-01-22_transcript.pdf/Qorvo%2C%20Inc._2013-01-22_transcript.pdf",
    "periodicity": "periodic"
  },
  {
    "equity_ticker": "QRVO",
    "geography": "US",
    "content_name": "QRVO Q2 2013 Transcript",
    "file_type": "pdf",
    "content_type": "earnings_transcript",
    "published_date": "2012-10-24",
    "fiscal_date": "2012-10-24",
    "fiscal_year": 2013,
    "fiscal_quarter": 2,
    "r2_url": "https://pub-2c783279b61043e19fbdadd1bee5153a.r2.dev/QRVO/2012-10-24/Qorvo%2C%20Inc._2012-10-24_transcript/Qorvo%2C%20Inc._2012-10-24_transcript.pdf/Qorvo%2C%20Inc._2012-10-24_transcript.pdf",
    "periodicity": "periodic"
  },
  {
    "equity_ticker": "QRVO",
    "geography": "US",
    "content_name": "QRVO Q1 2013 Transcript",
    "file_type": "pdf",
    "content_type": "earnings_transcript",
    "published_date": "2012-07-24",
    "fiscal_date": "2012-07-24",
    "fiscal_year": 2013,
    "fiscal_quarter": 1,
    "r2_url": "https://pub-2c783279b61043e19fbdadd1bee5153a.r2.dev/QRVO/2012-07-24/Qorvo%2C%20Inc._2012-07-24_transcript/Qorvo%2C%20Inc._2012-07-24_transcript.pdf/Qorvo%2C%20Inc._2012-07-24_transcript.pdf",
    "periodicity": "periodic"
  },
  {
    "equity_ticker": "QRVO",
    "geography": "US",
    "content_name": "QRVO Q4 2012 Transcript",
    "file_type": "pdf",
    "content_type": "earnings_transcript",
    "published_date": "2012-04-24",
    "fiscal_date": "2012-04-24",
    "fiscal_year": 2012,
    "fiscal_quarter": 4,
    "r2_url": "https://pub-2c783279b61043e19fbdadd1bee5153a.r2.dev/QRVO/2012-04-24/Qorvo%2C%20Inc._2012-04-24_transcript/Qorvo%2C%20Inc._2012-04-24_transcript.pdf/Qorvo%2C%20Inc._2012-04-24_transcript.pdf",
    "periodicity": "periodic"
  },
  {
    "equity_ticker": "QRVO",
    "geography": "US",
    "content_name": "QRVO Q3 2012 Transcript",
    "file_type": "pdf",
    "content_type": "earnings_transcript",
    "published_date": "2012-01-24",
    "fiscal_date": "2012-01-24",
    "fiscal_year": 2012,
    "fiscal_quarter": 3,
    "r2_url": "https://pub-2c783279b61043e19fbdadd1bee5153a.r2.dev/QRVO/2012-01-24/Qorvo%2C%20Inc._2012-01-24_transcript/Qorvo%2C%20Inc._2012-01-24_transcript.pdf/Qorvo%2C%20Inc._2012-01-24_transcript.pdf",
    "periodicity": "periodic"
  },
  {
    "equity_ticker": "QRVO",
    "geography": "US",
    "content_name": "QRVO Q2 2012 Transcript",
    "file_type": "pdf",
    "content_type": "earnings_transcript",
    "published_date": "2011-10-26",
    "fiscal_date": "2011-10-26",
    "fiscal_year": 2012,
    "fiscal_quarter": 2,
    "r2_url": "https://pub-2c783279b61043e19fbdadd1bee5153a.r2.dev/QRVO/2011-10-26/Qorvo%2C%20Inc._2011-10-26_transcript/Qorvo%2C%20Inc._2011-10-26_transcript.pdf/Qorvo%2C%20Inc._2011-10-26_transcript.pdf",
    "periodicity": "periodic"
  },
  {
    "equity_ticker": "QRVO",
    "geography": "US",
    "content_name": "QRVO Q1 2012 Transcript",
    "file_type": "pdf",
    "content_type": "earnings_transcript",
    "published_date": "2011-07-27",
    "fiscal_date": "2011-07-27",
    "fiscal_year": 2012,
    "fiscal_quarter": 1,
    "r2_url": "https://pub-2c783279b61043e19fbdadd1bee5153a.r2.dev/QRVO/2011-07-27/Qorvo%2C%20Inc._2011-07-27_transcript/Qorvo%2C%20Inc._2011-07-27_transcript.pdf/Qorvo%2C%20Inc._2011-07-27_transcript.pdf",
    "periodicity": "periodic"
  },
  {
    "equity_ticker": "QRVO",
    "geography": "US",
    "content_name": "QRVO Q4 2010 Transcript",
    "file_type": "pdf",
    "content_type": "earnings_transcript",
    "published_date": "2010-04-28",
    "fiscal_date": "2010-04-28",
    "fiscal_year": 2010,
    "fiscal_quarter": 4,
    "r2_url": "https://pub-2c783279b61043e19fbdadd1bee5153a.r2.dev/QRVO/2010-04-28/Qorvo%2C%20Inc._2010-04-28_transcript/Qorvo%2C%20Inc._2010-04-28_transcript.pdf/Qorvo%2C%20Inc._2010-04-28_transcript.pdf",
    "periodicity": "periodic"
  },
  {
    "equity_ticker": "QRVO",
    "geography": "US",
    "content_name": "QRVO Q3 2010 Transcript",
    "file_type": "pdf",
    "content_type": "earnings_transcript",
    "published_date": "2010-01-27",
    "fiscal_date": "2010-01-27",
    "fiscal_year": 2010,
    "fiscal_quarter": 3,
    "r2_url": "https://pub-2c783279b61043e19fbdadd1bee5153a.r2.dev/QRVO/2010-01-27/Qorvo%2C%20Inc._2010-01-27_transcript/Qorvo%2C%20Inc._2010-01-27_transcript.pdf/Qorvo%2C%20Inc._2010-01-27_transcript.pdf",
    "periodicity": "periodic"
  },
  {
    "equity_ticker": "QRVO",
    "geography": "US",
    "content_name": "QRVO Q3 2009 Transcript",
    "file_type": "pdf",
    "content_type": "earnings_transcript",
    "published_date": "2009-10-21",
    "fiscal_date": "2009-10-21",
    "fiscal_year": 2009,
    "fiscal_quarter": 3,
    "r2_url": "https://pub-2c783279b61043e19fbdadd1bee5153a.r2.dev/QRVO/2009-10-21/Qorvo%2C%20Inc._2009-10-21_transcript/Qorvo%2C%20Inc._2009-10-21_transcript.pdf/Qorvo%2C%20Inc._2009-10-21_transcript.pdf",
    "periodicity": "periodic"
  },
  {
    "equity_ticker": "QRVO",
    "geography": "US",
    "content_name": "QRVO Q1 2009 Transcript",
    "file_type": "pdf",
    "content_type": "earnings_transcript",
    "published_date": "2009-05-07",
    "fiscal_date": "2009-05-07",
    "fiscal_year": 2009,
    "fiscal_quarter": 1,
    "r2_url": "https://pub-2c783279b61043e19fbdadd1bee5153a.r2.dev/QRVO/2009-05-07/Qorvo%2C%20Inc._2009-05-07_transcript/Qorvo%2C%20Inc._2009-05-07_transcript.pdf/Qorvo%2C%20Inc._2009-05-07_transcript.pdf",
    "periodicity": "periodic"
  },
  {
    "equity_ticker": "QRVO",
    "geography": "US",
    "content_name": "QRVO Q4 2008 Transcript",
    "file_type": "pdf",
    "content_type": "earnings_transcript",
    "published_date": "2009-02-11",
    "fiscal_date": "2009-02-11",
    "fiscal_year": 2008,
    "fiscal_quarter": 4,
    "r2_url": "https://pub-2c783279b61043e19fbdadd1bee5153a.r2.dev/QRVO/2009-02-11/Qorvo%2C%20Inc._2009-02-11_transcript/Qorvo%2C%20Inc._2009-02-11_transcript.pdf/Qorvo%2C%20Inc._2009-02-11_transcript.pdf",
    "periodicity": "periodic"
  },
  {
    "equity_ticker": "QRVO",
    "geography": "US",
    "content_name": "QRVO Q3 2008 Transcript",
    "file_type": "pdf",
    "content_type": "earnings_transcript",
    "published_date": "2008-11-03",
    "fiscal_date": "2008-11-03",
    "fiscal_year": 2008,
    "fiscal_quarter": 3,
    "r2_url": "https://pub-2c783279b61043e19fbdadd1bee5153a.r2.dev/QRVO/2008-11-03/Qorvo%2C%20Inc._2008-11-03_transcript/Qorvo%2C%20Inc._2008-11-03_transcript.pdf/Qorvo%2C%20Inc._2008-11-03_transcript.pdf",
    "periodicity": "periodic"
  },
  {
    "equity_ticker": "QRVO",
    "geography": "US",
    "content_name": "QRVO Q2 2008 Transcript",
    "file_type": "pdf",
    "content_type": "earnings_transcript",
    "published_date": "2008-08-04",
    "fiscal_date": "2008-08-04",
    "fiscal_year": 2008,
    "fiscal_quarter": 2,
    "r2_url": "https://pub-2c783279b61043e19fbdadd1bee5153a.r2.dev/QRVO/2008-08-04/Qorvo%2C%20Inc._2008-08-04_transcript/Qorvo%2C%20Inc._2008-08-04_transcript.pdf/Qorvo%2C%20Inc._2008-08-04_transcript.pdf",
    "periodicity": "periodic"
  },
  {
    "equity_ticker": "QRVO",
    "geography": "US",
    "content_name": "QRVO Q1 2008 Transcript",
    "file_type": "pdf",
    "content_type": "earnings_transcript",
    "published_date": "2008-04-28",
    "fiscal_date": "2008-04-28",
    "fiscal_year": 2008,
    "fiscal_quarter": 1,
    "r2_url": "https://pub-2c783279b61043e19fbdadd1bee5153a.r2.dev/QRVO/2008-04-28/Qorvo%2C%20Inc._2008-04-28_transcript/Qorvo%2C%20Inc._2008-04-28_transcript.pdf/Qorvo%2C%20Inc._2008-04-28_transcript.pdf",
    "periodicity": "periodic"
  },
  {
    "equity_ticker": "QRVO",
    "geography": "US",
    "content_name": "QRVO Q4 2007 Transcript",
    "file_type": "pdf",
    "content_type": "earnings_transcript",
    "published_date": "2008-02-20",
    "fiscal_date": "2008-02-20",
    "fiscal_year": 2007,
    "fiscal_quarter": 4,
    "r2_url": "https://pub-2c783279b61043e19fbdadd1bee5153a.r2.dev/QRVO/2008-02-20/Qorvo%2C%20Inc._2008-02-20_transcript/Qorvo%2C%20Inc._2008-02-20_transcript.pdf/Qorvo%2C%20Inc._2008-02-20_transcript.pdf",
    "periodicity": "periodic"
  },
  {
    "equity_ticker": "QRVO",
    "geography": "US",
    "content_name": "QRVO Q3 2007 Transcript",
    "file_type": "pdf",
    "content_type": "earnings_transcript",
    "published_date": "2007-10-24",
    "fiscal_date": "2007-10-24",
    "fiscal_year": 2007,
    "fiscal_quarter": 3,
    "r2_url": "https://pub-2c783279b61043e19fbdadd1bee5153a.r2.dev/QRVO/2007-10-24/Qorvo%2C%20Inc._2007-10-24_transcript/Qorvo%2C%20Inc._2007-10-24_transcript.pdf/Qorvo%2C%20Inc._2007-10-24_transcript.pdf",
    "periodicity": "periodic"
  },
  {
    "equity_ticker": "QRVO",
    "geography": "US",
    "content_name": "QRVO Q3 2025 10-Q",
    "file_type": "pdf",
    "content_type": "quarterly_report",
    "published_date": "2025-01-29",
    "fiscal_date": "2024-12-28",
    "fiscal_year": 2025,
    "fiscal_quarter": 3,
    "r2_url": "https://pub-2c783279b61043e19fbdadd1bee5153a.r2.dev/QRVO/2025-01-29/rfmd-20241228.htm/rfmd-20241228.pdf",
    "periodicity": "periodic"
  },
  {
    "equity_ticker": "QRVO",
    "geography": "US",
    "content_name": "QRVO Q2 2025 10-Q",
    "file_type": "pdf",
    "content_type": "quarterly_report",
    "published_date": "2024-10-30",
    "fiscal_date": "2024-09-28",
    "fiscal_year": 2025,
    "fiscal_quarter": 2,
    "r2_url": "https://pub-2c783279b61043e19fbdadd1bee5153a.r2.dev/QRVO/2024-10-30/rfmd-20240928.htm/rfmd-20240928.pdf",
    "periodicity": "periodic"
  },
  {
    "equity_ticker": "QRVO",
    "geography": "US",
    "content_name": "QRVO Q1 2025 10-Q",
    "file_type": "pdf",
    "content_type": "quarterly_report",
    "published_date": "2024-07-31",
    "fiscal_date": "2024-06-29",
    "fiscal_year": 2025,
    "fiscal_quarter": 1,
    "r2_url": "https://pub-2c783279b61043e19fbdadd1bee5153a.r2.dev/QRVO/2024-07-31/rfmd-20240629.htm/rfmd-20240629.pdf",
    "periodicity": "periodic"
  },
  {
    "equity_ticker": "QRVO",
    "geography": "US",
    "content_name": "QRVO Q3 2024 10-Q",
    "file_type": "pdf",
    "content_type": "quarterly_report",
    "published_date": "2024-02-01",
    "fiscal_date": "2023-12-30",
    "fiscal_year": 2024,
    "fiscal_quarter": 3,
    "r2_url": "https://pub-2c783279b61043e19fbdadd1bee5153a.r2.dev/QRVO/2024-02-01/rfmd-20231230.htm/rfmd-20231230.pdf",
    "periodicity": "periodic"
  },
  {
    "equity_ticker": "QRVO",
    "geography": "US",
    "content_name": "QRVO Q2 2024 10-Q",
    "file_type": "pdf",
    "content_type": "quarterly_report",
    "published_date": "2023-11-02",
    "fiscal_date": "2023-09-30",
    "fiscal_year": 2024,
    "fiscal_quarter": 2,
    "r2_url": "https://pub-2c783279b61043e19fbdadd1bee5153a.r2.dev/QRVO/2023-11-02/rfmd-20230930.htm/rfmd-20230930.pdf",
    "periodicity": "periodic"
  },
  {
    "equity_ticker": "QRVO",
    "geography": "US",
    "content_name": "QRVO Q1 2024 10-Q",
    "file_type": "pdf",
    "content_type": "quarterly_report",
    "published_date": "2023-08-03",
    "fiscal_date": "2023-07-01",
    "fiscal_year": 2024,
    "fiscal_quarter": 1,
    "r2_url": "https://pub-2c783279b61043e19fbdadd1bee5153a.r2.dev/QRVO/2023-08-03/rfmd-20230701.htm/rfmd-20230701.pdf",
    "periodicity": "periodic"
  },
  {
    "equity_ticker": "QRVO",
    "geography": "US",
    "content_name": "QRVO Q4 2023 10-K",
    "file_type": "pdf",
    "content_type": "annual_report",
    "published_date": "2023-05-19",
    "fiscal_date": "2023-04-01",
    "fiscal_year": 2023,
    "fiscal_quarter": 4,
    "r2_url": "https://pub-2c783279b61043e19fbdadd1bee5153a.r2.dev/QRVO/2023-05-19/rfmd-20230401.htm/rfmd-20230401.pdf",
    "periodicity": "periodic"
  },
  {
    "equity_ticker": "QRVO",
    "geography": "US",
    "content_name": "QRVO Q3 2023 10-Q",
    "file_type": "pdf",
    "content_type": "quarterly_report",
    "published_date": "2023-02-02",
    "fiscal_date": "2022-12-31",
    "fiscal_year": 2023,
    "fiscal_quarter": 3,
    "r2_url": "https://pub-2c783279b61043e19fbdadd1bee5153a.r2.dev/QRVO/2023-02-02/rfmd-20221231.htm/rfmd-20221231.pdf",
    "periodicity": "periodic"
  },
  {
    "equity_ticker": "QRVO",
    "geography": "US",
    "content_name": "QRVO Q2 2023 10-Q",
    "file_type": "pdf",
    "content_type": "quarterly_report",
    "published_date": "2022-11-03",
    "fiscal_date": "2022-10-01",
    "fiscal_year": 2023,
    "fiscal_quarter": 2,
    "r2_url": "https://pub-2c783279b61043e19fbdadd1bee5153a.r2.dev/QRVO/2022-11-03/rfmd-20221001.htm/rfmd-20221001.pdf",
    "periodicity": "periodic"
  },
  {
    "equity_ticker": "QRVO",
    "geography": "US",
    "content_name": "QRVO Q1 2023 10-Q",
    "file_type": "pdf",
    "content_type": "quarterly_report",
    "published_date": "2022-08-04",
    "fiscal_date": "2022-07-02",
    "fiscal_year": 2023,
    "fiscal_quarter": 1,
    "r2_url": "https://pub-2c783279b61043e19fbdadd1bee5153a.r2.dev/QRVO/2022-08-04/rfmd-20220702.htm/rfmd-20220702.pdf",
    "periodicity": "periodic"
  },
  {
    "equity_ticker": "QRVO",
    "geography": "US",
    "content_name": "QRVO Q4 2022 10-K",
    "file_type": "pdf",
    "content_type": "annual_report",
    "published_date": "2022-05-20",
    "fiscal_date": "2022-04-02",
    "fiscal_year": 2022,
    "fiscal_quarter": 4,
    "r2_url": "https://pub-2c783279b61043e19fbdadd1bee5153a.r2.dev/QRVO/2022-05-20/rfmd-20220402.htm/rfmd-20220402.pdf",
    "periodicity": "periodic"
  },
  {
    "equity_ticker": "QRVO",
    "geography": "US",
    "content_name": "QRVO Q3 2022 10-Q",
    "file_type": "pdf",
    "content_type": "quarterly_report",
    "published_date": "2022-02-03",
    "fiscal_date": "2022-01-01",
    "fiscal_year": 2022,
    "fiscal_quarter": 3,
    "r2_url": "https://pub-2c783279b61043e19fbdadd1bee5153a.r2.dev/QRVO/2022-02-03/rfmd-20220101.htm/rfmd-20220101.pdf",
    "periodicity": "periodic"
  },
  {
    "equity_ticker": "QRVO",
    "geography": "US",
    "content_name": "QRVO Q2 2022 10-Q",
    "file_type": "pdf",
    "content_type": "quarterly_report",
    "published_date": "2021-11-04",
    "fiscal_date": "2021-10-02",
    "fiscal_year": 2022,
    "fiscal_quarter": 2,
    "r2_url": "https://pub-2c783279b61043e19fbdadd1bee5153a.r2.dev/QRVO/2021-11-04/rfmd-20211002.htm/rfmd-20211002.pdf",
    "periodicity": "periodic"
  },
  {
    "equity_ticker": "QRVO",
    "geography": "US",
    "content_name": "QRVO Q1 2022 10-Q",
    "file_type": "pdf",
    "content_type": "quarterly_report",
    "published_date": "2021-08-05",
    "fiscal_date": "2021-07-03",
    "fiscal_year": 2022,
    "fiscal_quarter": 1,
    "r2_url": "https://pub-2c783279b61043e19fbdadd1bee5153a.r2.dev/QRVO/2021-08-05/rfmd-20210703.htm/rfmd-20210703.pdf",
    "periodicity": "periodic"
  },
  {
    "equity_ticker": "QRVO",
    "geography": "US",
    "content_name": "QRVO Q4 2021 10-K",
    "file_type": "pdf",
    "content_type": "annual_report",
    "published_date": "2021-05-24",
    "fiscal_date": "2021-04-03",
    "fiscal_year": 2021,
    "fiscal_quarter": 4,
    "r2_url": "https://pub-2c783279b61043e19fbdadd1bee5153a.r2.dev/QRVO/2021-05-24/rfmd-20210403.htm/rfmd-20210403.pdf",
    "periodicity": "periodic"
  },
  {
    "equity_ticker": "QRVO",
    "geography": "US",
    "content_name": "QRVO Q3 2021 10-Q",
    "file_type": "pdf",
    "content_type": "quarterly_report",
    "published_date": "2021-02-04",
    "fiscal_date": "2021-01-02",
    "fiscal_year": 2021,
    "fiscal_quarter": 3,
    "r2_url": "https://pub-2c783279b61043e19fbdadd1bee5153a.r2.dev/QRVO/2021-02-04/rfmd-20210102.htm/rfmd-20210102.pdf",
    "periodicity": "periodic"
  },
  {
    "equity_ticker": "QRVO",
    "geography": "US",
    "content_name": "QRVO Q2 2021 10-Q",
    "file_type": "pdf",
    "content_type": "quarterly_report",
    "published_date": "2020-11-05",
    "fiscal_date": "2020-10-03",
    "fiscal_year": 2021,
    "fiscal_quarter": 2,
    "r2_url": "https://pub-2c783279b61043e19fbdadd1bee5153a.r2.dev/QRVO/2020-11-05/qorvo2020100310-q.htm/qorvo2020100310-q.pdf",
    "periodicity": "periodic"
  },
  {
    "equity_ticker": "QRVO",
    "geography": "US",
    "content_name": "QRVO Q1 2021 10-Q",
    "file_type": "pdf",
    "content_type": "quarterly_report",
    "published_date": "2020-07-30",
    "fiscal_date": "2020-06-27",
    "fiscal_year": 2021,
    "fiscal_quarter": 1,
    "r2_url": "https://pub-2c783279b61043e19fbdadd1bee5153a.r2.dev/QRVO/2020-07-30/qorvo2020062710-q.htm/ix.pdf",
    "periodicity": "periodic"
  },
  {
    "equity_ticker": "QRVO",
    "geography": "US",
    "content_name": "QRVO Q4 2020 10-K",
    "file_type": "pdf",
    "content_type": "annual_report",
    "published_date": "2020-05-20",
    "fiscal_date": "2020-03-28",
    "fiscal_year": 2020,
    "fiscal_quarter": 4,
    "r2_url": "https://pub-2c783279b61043e19fbdadd1bee5153a.r2.dev/QRVO/2020-05-20/qorvo2020032810-k.htm/ix.pdf",
    "periodicity": "periodic"
  },
  {
    "equity_ticker": "QRVO",
    "geography": "US",
    "content_name": "QRVO Q3 2020 10-Q",
    "file_type": "pdf",
    "content_type": "quarterly_report",
    "published_date": "2020-01-30",
    "fiscal_date": "2019-12-28",
    "fiscal_year": 2020,
    "fiscal_quarter": 3,
    "r2_url": "https://pub-2c783279b61043e19fbdadd1bee5153a.r2.dev/QRVO/2020-01-30/qorvo2019122810-q.htm/ix.pdf",
    "periodicity": "periodic"
  },
  {
    "equity_ticker": "QRVO",
    "geography": "US",
    "content_name": "QRVO Q2 2020 10-Q",
    "file_type": "pdf",
    "content_type": "quarterly_report",
    "published_date": "2019-11-01",
    "fiscal_date": "2019-09-28",
    "fiscal_year": 2020,
    "fiscal_quarter": 2,
    "r2_url": "https://pub-2c783279b61043e19fbdadd1bee5153a.r2.dev/QRVO/2019-11-01/qorvo2019092810-q.htm/ix.pdf",
    "periodicity": "periodic"
  },
  {
    "equity_ticker": "QRVO",
    "geography": "US",
    "content_name": "QRVO Q1 2020 10-Q",
    "file_type": "pdf",
    "content_type": "quarterly_report",
    "published_date": "2019-08-05",
    "fiscal_date": "2019-06-29",
    "fiscal_year": 2020,
    "fiscal_quarter": 1,
    "r2_url": "https://pub-2c783279b61043e19fbdadd1bee5153a.r2.dev/QRVO/2019-08-05/qorvo2019062910-q.htm/ix.pdf",
    "periodicity": "periodic"
  },
  {
    "equity_ticker": "QRVO",
    "geography": "US",
    "content_name": "QRVO Q4 2019 10-K",
    "file_type": "pdf",
    "content_type": "annual_report",
    "published_date": "2019-05-17",
    "fiscal_date": "2019-03-30",
    "fiscal_year": 2019,
    "fiscal_quarter": 4,
    "r2_url": "https://pub-2c783279b61043e19fbdadd1bee5153a.r2.dev/QRVO/2019-05-17/qorvo2019033010-k.htm/qorvo2019033010-k.pdf",
    "periodicity": "periodic"
  },
  {
    "equity_ticker": "QRVO",
    "geography": "US",
    "content_name": "QRVO Q2 2019 10-Q",
    "file_type": "pdf",
    "content_type": "quarterly_report",
    "published_date": "2018-11-01",
    "fiscal_date": "2018-09-29",
    "fiscal_year": 2019,
    "fiscal_quarter": 2,
    "r2_url": "https://pub-2c783279b61043e19fbdadd1bee5153a.r2.dev/QRVO/2018-11-01/qorvo2018092910-q.htm/qorvo2018092910-q.pdf",
    "periodicity": "periodic"
  },
  {
    "equity_ticker": "QRVO",
    "geography": "US",
    "content_name": "QRVO Q1 2019 10-Q",
    "file_type": "pdf",
    "content_type": "quarterly_report",
    "published_date": "2018-08-02",
    "fiscal_date": "2018-06-30",
    "fiscal_year": 2019,
    "fiscal_quarter": 1,
    "r2_url": "https://pub-2c783279b61043e19fbdadd1bee5153a.r2.dev/QRVO/2018-08-02/qorvo2018063010-q.htm/qorvo2018063010-q.pdf",
    "periodicity": "periodic"
  },
  {
    "equity_ticker": "QRVO",
    "geography": "US",
    "content_name": "QRVO Q4 2018 10-K",
    "file_type": "pdf",
    "content_type": "annual_report",
    "published_date": "2018-05-21",
    "fiscal_date": "2018-03-31",
    "fiscal_year": 2018,
    "fiscal_quarter": 4,
    "r2_url": "https://pub-2c783279b61043e19fbdadd1bee5153a.r2.dev/QRVO/2018-05-21/qorvo2018033110-k.htm/qorvo2018033110-k.pdf",
    "periodicity": "periodic"
  },
  {
    "equity_ticker": "QRVO",
    "geography": "US",
    "content_name": "QRVO Q3 2018 10-Q",
    "file_type": "pdf",
    "content_type": "quarterly_report",
    "published_date": "2018-02-01",
    "fiscal_date": "2017-12-30",
    "fiscal_year": 2018,
    "fiscal_quarter": 3,
    "r2_url": "https://pub-2c783279b61043e19fbdadd1bee5153a.r2.dev/QRVO/2018-02-01/qorvo2017123010-q.htm/qorvo2017123010-q.pdf",
    "periodicity": "periodic"
  },
  {
    "equity_ticker": "QRVO",
    "geography": "US",
    "content_name": "QRVO Q2 2018 10-Q",
    "file_type": "pdf",
    "content_type": "quarterly_report",
    "published_date": "2017-11-02",
    "fiscal_date": "2017-09-30",
    "fiscal_year": 2018,
    "fiscal_quarter": 2,
    "r2_url": "https://pub-2c783279b61043e19fbdadd1bee5153a.r2.dev/QRVO/2017-11-02/qorvo20170930.htm/qorvo20170930.pdf",
    "periodicity": "periodic"
  },
  {
    "equity_ticker": "QRVO",
    "geography": "US",
    "content_name": "QRVO Q1 2018 10-Q",
    "file_type": "pdf",
    "content_type": "quarterly_report",
    "published_date": "2017-08-03",
    "fiscal_date": "2017-07-01",
    "fiscal_year": 2018,
    "fiscal_quarter": 1,
    "r2_url": "https://pub-2c783279b61043e19fbdadd1bee5153a.r2.dev/QRVO/2017-08-03/qorvo20170701-10q.htm/qorvo20170701-10q.pdf",
    "periodicity": "periodic"
  },
  {
    "equity_ticker": "QRVO",
    "geography": "US",
    "content_name": "QRVO Q4 2017 10-K",
    "file_type": "pdf",
    "content_type": "annual_report",
    "published_date": "2017-05-23",
    "fiscal_date": "2017-04-01",
    "fiscal_year": 2017,
    "fiscal_quarter": 4,
    "r2_url": "https://pub-2c783279b61043e19fbdadd1bee5153a.r2.dev/QRVO/2017-05-23/qorvo2017040110-k.htm/qorvo2017040110-k.pdf",
    "periodicity": "periodic"
  },
  {
    "equity_ticker": "QRVO",
    "geography": "US",
    "content_name": "QRVO Q3 2017 10-Q",
    "file_type": "pdf",
    "content_type": "quarterly_report",
    "published_date": "2017-02-02",
    "fiscal_date": "2016-12-31",
    "fiscal_year": 2017,
    "fiscal_quarter": 3,
    "r2_url": "https://pub-2c783279b61043e19fbdadd1bee5153a.r2.dev/QRVO/2017-02-02/qorvo20161231-10q.htm/qorvo20161231-10q.pdf",
    "periodicity": "periodic"
  },
  {
    "equity_ticker": "QRVO",
    "geography": "US",
    "content_name": "QRVO Q2 2017 10-Q",
    "file_type": "pdf",
    "content_type": "quarterly_report",
    "published_date": "2016-11-07",
    "fiscal_date": "2016-10-01",
    "fiscal_year": 2017,
    "fiscal_quarter": 2,
    "r2_url": "https://pub-2c783279b61043e19fbdadd1bee5153a.r2.dev/QRVO/2016-11-07/qorvo20161001-10q.htm/qorvo20161001-10q.pdf",
    "periodicity": "periodic"
  },
  {
    "equity_ticker": "QRVO",
    "geography": "US",
    "content_name": "QRVO Q1 2017 10-Q",
    "file_type": "pdf",
    "content_type": "quarterly_report",
    "published_date": "2016-08-05",
    "fiscal_date": "2016-07-02",
    "fiscal_year": 2017,
    "fiscal_quarter": 1,
    "r2_url": "https://pub-2c783279b61043e19fbdadd1bee5153a.r2.dev/QRVO/2016-08-05/qorvo20160702-10q.htm/qorvo20160702-10q.pdf",
    "periodicity": "periodic"
  },
  {
    "equity_ticker": "QRVO",
    "geography": "US",
    "content_name": "QRVO Q4 2016 10-K",
    "file_type": "pdf",
    "content_type": "annual_report",
    "published_date": "2016-05-31",
    "fiscal_date": "2016-04-02",
    "fiscal_year": 2016,
    "fiscal_quarter": 4,
    "r2_url": "https://pub-2c783279b61043e19fbdadd1bee5153a.r2.dev/QRVO/2016-05-31/qorvo2016040210-k.htm/qorvo2016040210-k.pdf",
    "periodicity": "periodic"
  },
  {
    "equity_ticker": "QRVO",
    "geography": "US",
    "content_name": "QRVO Q3 2016 10-Q",
    "file_type": "pdf",
    "content_type": "quarterly_report",
    "published_date": "2016-02-10",
    "fiscal_date": "2016-01-02",
    "fiscal_year": 2016,
    "fiscal_quarter": 3,
    "r2_url": "https://pub-2c783279b61043e19fbdadd1bee5153a.r2.dev/QRVO/2016-02-10/qorvo20160102-10q.htm/qorvo20160102-10q.pdf",
    "periodicity": "periodic"
  },
  {
    "equity_ticker": "QRVO",
    "geography": "US",
    "content_name": "QRVO Q2 2016 10-Q",
    "file_type": "pdf",
    "content_type": "quarterly_report",
    "published_date": "2015-11-12",
    "fiscal_date": "2015-10-03",
    "fiscal_year": 2016,
    "fiscal_quarter": 2,
    "r2_url": "https://pub-2c783279b61043e19fbdadd1bee5153a.r2.dev/QRVO/2015-11-12/qorvo20151003-10q.htm/qorvo20151003-10q.pdf",
    "periodicity": "periodic"
  },
  {
    "equity_ticker": "QRVO",
    "geography": "US",
    "content_name": "QRVO Q1 2016 10-Q",
    "file_type": "pdf",
    "content_type": "quarterly_report",
    "published_date": "2015-08-05",
    "fiscal_date": "2015-06-27",
    "fiscal_year": 2016,
    "fiscal_quarter": 1,
    "r2_url": "https://pub-2c783279b61043e19fbdadd1bee5153a.r2.dev/QRVO/2015-08-05/qorvo2015627-10q.htm/qorvo2015627-10q.pdf",
    "periodicity": "periodic"
  },
  {
    "equity_ticker": "QRVO",
    "geography": "US",
    "content_name": "QRVO Q4 2015 10-K",
    "file_type": "pdf",
    "content_type": "annual_report",
    "published_date": "2015-05-27",
    "fiscal_date": "2015-03-28",
    "fiscal_year": 2015,
    "fiscal_quarter": 4,
    "r2_url": "https://pub-2c783279b61043e19fbdadd1bee5153a.r2.dev/QRVO/2015-05-27/qorvo20150328-10xk.htm/qorvo20150328-10xk.pdf",
    "periodicity": "periodic"
  },
  {
    "equity_ticker": "QRVO",
    "geography": "US",
    "content_name": "QRVO Q3 2015 10-Q",
    "file_type": "pdf",
    "content_type": "quarterly_report",
    "published_date": "2015-02-03",
    "fiscal_date": "2014-12-27",
    "fiscal_year": 2015,
    "fiscal_quarter": 3,
    "r2_url": "https://pub-2c783279b61043e19fbdadd1bee5153a.r2.dev/QRVO/2015-02-03/qorvo20141227-10q.htm/qorvo20141227-10q.pdf",
    "periodicity": "periodic"
  },
  {
    "equity_ticker": "QRVO",
    "geography": "US",
    "content_name": "QRVO Q2 2015 10-Q",
    "file_type": "pdf",
    "content_type": "quarterly_report",
    "published_date": "2014-11-05",
    "fiscal_date": "2014-09-27",
    "fiscal_year": 2015,
    "fiscal_quarter": 2,
    "r2_url": "https://pub-2c783279b61043e19fbdadd1bee5153a.r2.dev/QRVO/2014-11-05/qorvo2014927-10q.htm/qorvo2014927-10q.pdf",
    "periodicity": "periodic"
  },
  {
    "equity_ticker": "QRVO",
    "geography": "US",
    "content_name": "QRVO Q1 2015 10-Q",
    "file_type": "pdf",
    "content_type": "quarterly_report",
    "published_date": "2014-09-12",
    "fiscal_date": "2014-06-28",
    "fiscal_year": 2015,
    "fiscal_quarter": 1,
    "r2_url": "https://pub-2c783279b61043e19fbdadd1bee5153a.r2.dev/QRVO/2014-09-12/d783115d10q.htm/d783115d10q.pdf",
    "periodicity": "periodic"
  }
]