[
    {
        "equity_ticker": "S",
        "geography": "US",
        "content_name": "S Q4 2025 Transcript",
        "file_type": "pdf",
        "content_type": "earnings_transcript",
        "published_date": "2025-03-12",
        "fiscal_date": "2025-03-12",
        "fiscal_year": 2025,
        "fiscal_quarter": 4,
        "r2_url": "https://pub-2c783279b61043e19fbdadd1bee5153a.r2.dev/S/2025-03-12/SentinelOne%2C%20Inc._2025-03-12_transcript/SentinelOne%2C%20Inc._2025-03-12_transcript.pdf/SentinelOne%2C%20Inc._2025-03-12_transcript.pdf",
        "periodicity": "periodic"
    },
    {
        "equity_ticker": "S",
        "geography": "US",
        "content_name": "S Q4 2025 Press Release",
        "file_type": "pdf",
        "content_type": "earnings_press_release",
        "published_date": "2025-03-12",
        "fiscal_date": "2025-03-12",
        "fiscal_year": 2025,
        "fiscal_quarter": 4,
        "r2_url": "https://pub-2c783279b61043e19fbdadd1bee5153a.r2.dev/S/2025-03-12/46d04-2025-03-12-08-50-08/46d04-2025-03-12-08-50-08.pdf/46d04-2025-03-12-08-50-08.pdf",
        "periodicity": "periodic"
    },
    {
        "equity_ticker": "S",
        "geography": "US",
        "content_name": "Barclays 22nd Annual Global Technology Conference 2024 - December 12, 2024",
        "file_type": "pdf",
        "content_type": "sellside_conference_transcript",
        "published_date": "2024-12-12",
        "fiscal_date": "2024-12-12",
        "fiscal_year": null,
        "fiscal_quarter": null,
        "r2_url": "https://pub-2c783279b61043e19fbdadd1bee5153a.r2.dev/S/2024-12-12/SentinelOne%2C%20Inc._2024-12-12_transcript/SentinelOne%2C%20Inc._2024-12-12_transcript.pdf/SentinelOne%2C%20Inc._2024-12-12_transcript.pdf",
        "periodicity": "non_periodic"
    },
    {
        "equity_ticker": "S",
        "geography": "US",
        "content_name": "S Q3 2025 Transcript",
        "file_type": "pdf",
        "content_type": "earnings_transcript",
        "published_date": "2024-12-04",
        "fiscal_date": "2024-12-04",
        "fiscal_year": 2025,
        "fiscal_quarter": 3,
        "r2_url": "https://pub-2c783279b61043e19fbdadd1bee5153a.r2.dev/S/2024-12-04/SentinelOne%2C%20Inc._2024-12-04_transcript/SentinelOne%2C%20Inc._2024-12-04_transcript.pdf/SentinelOne%2C%20Inc._2024-12-04_transcript.pdf",
        "periodicity": "periodic"
    },
    {
        "equity_ticker": "S",
        "geography": "US",
        "content_name": "S Q3 2025 Press Release",
        "file_type": "pdf",
        "content_type": "earnings_press_release",
        "published_date": "2024-12-04",
        "fiscal_date": "2024-12-04",
        "fiscal_year": 2025,
        "fiscal_quarter": 3,
        "r2_url": "https://pub-2c783279b61043e19fbdadd1bee5153a.r2.dev/S/2024-12-04/b209a-2024-12-04-09-12-22/b209a-2024-12-04-09-12-22.pdf/b209a-2024-12-04-09-12-22.pdf",
        "periodicity": "periodic"
    },
    {
        "equity_ticker": "S",
        "geography": "US",
        "content_name": "Investor Technology Session at OneCon - October 16, 2024",
        "file_type": "pdf",
        "content_type": "company_conference_transcript",
        "published_date": "2024-10-16",
        "fiscal_date": "2024-10-16",
        "fiscal_year": null,
        "fiscal_quarter": null,
        "r2_url": "https://pub-2c783279b61043e19fbdadd1bee5153a.r2.dev/S/2024-10-16/SentinelOne%2C%20Inc._2024-10-16_transcript/SentinelOne%2C%20Inc._2024-10-16_transcript.pdf/SentinelOne%2C%20Inc._2024-10-16_transcript.pdf",
        "periodicity": "non_periodic"
    },
    {
        "equity_ticker": "S",
        "geography": "US",
        "content_name": "Goldman Sachs Technology Communacopia and Technology Conference - September 11, 2024",
        "file_type": "pdf",
        "content_type": "sellside_conference_transcript",
        "published_date": "2024-09-11",
        "fiscal_date": "2024-09-11",
        "fiscal_year": null,
        "fiscal_quarter": null,
        "r2_url": "https://pub-2c783279b61043e19fbdadd1bee5153a.r2.dev/S/2024-09-11/SentinelOne%2C%20Inc._2024-09-11_transcript/SentinelOne%2C%20Inc._2024-09-11_transcript.pdf/SentinelOne%2C%20Inc._2024-09-11_transcript.pdf",
        "periodicity": "non_periodic"
    },
    {
        "equity_ticker": "S",
        "geography": "US",
        "content_name": "S Q2 2025 Transcript",
        "file_type": "pdf",
        "content_type": "earnings_transcript",
        "published_date": "2024-08-27",
        "fiscal_date": "2024-08-27",
        "fiscal_year": 2025,
        "fiscal_quarter": 2,
        "r2_url": "https://pub-2c783279b61043e19fbdadd1bee5153a.r2.dev/S/2024-08-27/SentinelOne%2C%20Inc._2024-08-27_transcript/SentinelOne%2C%20Inc._2024-08-27_transcript.pdf/SentinelOne%2C%20Inc._2024-08-27_transcript.pdf",
        "periodicity": "periodic"
    },
    {
        "equity_ticker": "S",
        "geography": "US",
        "content_name": "S Q2 2025 Press Release",
        "file_type": "pdf",
        "content_type": "earnings_press_release",
        "published_date": "2024-08-27",
        "fiscal_date": "2024-08-27",
        "fiscal_year": 2025,
        "fiscal_quarter": 2,
        "r2_url": "https://pub-2c783279b61043e19fbdadd1bee5153a.r2.dev/S/2024-08-27/e9346-2024-08-30-12-28-47/e9346-2024-08-30-12-28-47.pdf/e9346-2024-08-30-12-28-47.pdf",
        "periodicity": "periodic"
    },
    {
        "equity_ticker": "S",
        "geography": "US",
        "content_name": "AGM 2024 - June 27, 2024",
        "file_type": "pdf",
        "content_type": "company_conference_transcript",
        "published_date": "2024-06-27",
        "fiscal_date": "2024-06-27",
        "fiscal_year": null,
        "fiscal_quarter": null,
        "r2_url": "https://pub-2c783279b61043e19fbdadd1bee5153a.r2.dev/S/2024-06-27/SentinelOne%2C%20Inc._2024-06-27_transcript/SentinelOne%2C%20Inc._2024-06-27_transcript.pdf/SentinelOne%2C%20Inc._2024-06-27_transcript.pdf",
        "periodicity": "non_periodic"
    },
    {
        "equity_ticker": "S",
        "geography": "US",
        "content_name": "BofA Securities 2024 Global Technology Conference - June 4, 2024",
        "file_type": "pdf",
        "content_type": "sellside_conference_transcript",
        "published_date": "2024-06-04",
        "fiscal_date": "2024-06-04",
        "fiscal_year": null,
        "fiscal_quarter": null,
        "r2_url": "https://pub-2c783279b61043e19fbdadd1bee5153a.r2.dev/S/2024-06-04/SentinelOne%2C%20Inc._2024-06-04_transcript/SentinelOne%2C%20Inc._2024-06-04_transcript.pdf/SentinelOne%2C%20Inc._2024-06-04_transcript.pdf",
        "periodicity": "non_periodic"
    },
    {
        "equity_ticker": "S",
        "geography": "US",
        "content_name": "S Q1 2025 Transcript",
        "file_type": "pdf",
        "content_type": "earnings_transcript",
        "published_date": "2024-05-30",
        "fiscal_date": "2024-05-30",
        "fiscal_year": 2025,
        "fiscal_quarter": 1,
        "r2_url": "https://pub-2c783279b61043e19fbdadd1bee5153a.r2.dev/S/2024-05-30/SentinelOne%2C%20Inc._2024-05-30_transcript/SentinelOne%2C%20Inc._2024-05-30_transcript.pdf/SentinelOne%2C%20Inc._2024-05-30_transcript.pdf",
        "periodicity": "periodic"
    },
    {
        "equity_ticker": "S",
        "geography": "US",
        "content_name": "S Q1 2025 Press Release",
        "file_type": "pdf",
        "content_type": "earnings_press_release",
        "published_date": "2024-05-30",
        "fiscal_date": "2024-05-30",
        "fiscal_year": 2025,
        "fiscal_quarter": 1,
        "r2_url": "https://pub-2c783279b61043e19fbdadd1bee5153a.r2.dev/S/2024-05-30/40f90-2024-05-30-08-53-17/40f90-2024-05-30-08-53-17.pdf/40f90-2024-05-30-08-53-17.pdf",
        "periodicity": "periodic"
    },
    {
        "equity_ticker": "S",
        "geography": "US",
        "content_name": "S Q4 2024 Transcript",
        "file_type": "pdf",
        "content_type": "earnings_transcript",
        "published_date": "2024-03-13",
        "fiscal_date": "2024-03-13",
        "fiscal_year": 2024,
        "fiscal_quarter": 4,
        "r2_url": "https://pub-2c783279b61043e19fbdadd1bee5153a.r2.dev/S/2024-03-13/SentinelOne%2C%20Inc._2024-03-13_transcript/SentinelOne%2C%20Inc._2024-03-13_transcript.pdf/SentinelOne%2C%20Inc._2024-03-13_transcript.pdf",
        "periodicity": "periodic"
    },
    {
        "equity_ticker": "S",
        "geography": "US",
        "content_name": "S Q4 2024 Press Release",
        "file_type": "pdf",
        "content_type": "earnings_press_release",
        "published_date": "2024-03-13",
        "fiscal_date": "2024-03-13",
        "fiscal_year": 2024,
        "fiscal_quarter": 4,
        "r2_url": "https://pub-2c783279b61043e19fbdadd1bee5153a.r2.dev/S/2024-03-13/eb4f6-2024-03-13-08-15-18/eb4f6-2024-03-13-08-15-18.pdf/eb4f6-2024-03-13-08-15-18.pdf",
        "periodicity": "periodic"
    },
    {
        "equity_ticker": "S",
        "geography": "US",
        "content_name": "Barclays Global Technology Conference - December 6, 2023",
        "file_type": "pdf",
        "content_type": "sellside_conference_transcript",
        "published_date": "2023-12-06",
        "fiscal_date": "2023-12-06",
        "fiscal_year": null,
        "fiscal_quarter": null,
        "r2_url": "https://pub-2c783279b61043e19fbdadd1bee5153a.r2.dev/S/2023-12-06/SentinelOne%2C%20Inc._2023-12-06_transcript/SentinelOne%2C%20Inc._2023-12-06_transcript.pdf/SentinelOne%2C%20Inc._2023-12-06_transcript.pdf",
        "periodicity": "non_periodic"
    },
    {
        "equity_ticker": "S",
        "geography": "US",
        "content_name": "S Q3 2024 Transcript",
        "file_type": "pdf",
        "content_type": "earnings_transcript",
        "published_date": "2023-12-05",
        "fiscal_date": "2023-12-05",
        "fiscal_year": 2024,
        "fiscal_quarter": 3,
        "r2_url": "https://pub-2c783279b61043e19fbdadd1bee5153a.r2.dev/S/2023-12-05/SentinelOne%2C%20Inc._2023-12-05_transcript/SentinelOne%2C%20Inc._2023-12-05_transcript.pdf/SentinelOne%2C%20Inc._2023-12-05_transcript.pdf",
        "periodicity": "periodic"
    },
    {
        "equity_ticker": "S",
        "geography": "US",
        "content_name": "S Q3 2024 Press Release",
        "file_type": "pdf",
        "content_type": "earnings_press_release",
        "published_date": "2023-12-05",
        "fiscal_date": "2023-12-05",
        "fiscal_year": 2024,
        "fiscal_quarter": 3,
        "r2_url": "https://pub-2c783279b61043e19fbdadd1bee5153a.r2.dev/S/2023-12-05/1b9f5-2024-08-30-12-24-48/1b9f5-2024-08-30-12-24-48.pdf/1b9f5-2024-08-30-12-24-48.pdf",
        "periodicity": "periodic"
    },
    {
        "equity_ticker": "S",
        "geography": "US",
        "content_name": "Goldman Sachs Communacopia Technology Conference 2023 - September 6, 2023",
        "file_type": "pdf",
        "content_type": "sellside_conference_transcript",
        "published_date": "2023-09-06",
        "fiscal_date": "2023-09-06",
        "fiscal_year": null,
        "fiscal_quarter": null,
        "r2_url": "https://pub-2c783279b61043e19fbdadd1bee5153a.r2.dev/S/2023-09-06/SentinelOne%2C%20Inc._2023-09-06_transcript/SentinelOne%2C%20Inc._2023-09-06_transcript.pdf/SentinelOne%2C%20Inc._2023-09-06_transcript.pdf",
        "periodicity": "non_periodic"
    },
    {
        "equity_ticker": "S",
        "geography": "US",
        "content_name": "S Q2 2024 Transcript",
        "file_type": "pdf",
        "content_type": "earnings_transcript",
        "published_date": "2023-08-31",
        "fiscal_date": "2023-08-31",
        "fiscal_year": 2024,
        "fiscal_quarter": 2,
        "r2_url": "https://pub-2c783279b61043e19fbdadd1bee5153a.r2.dev/S/2023-08-31/SentinelOne%2C%20Inc._2023-08-31_transcript/SentinelOne%2C%20Inc._2023-08-31_transcript.pdf/SentinelOne%2C%20Inc._2023-08-31_transcript.pdf",
        "periodicity": "periodic"
    },
    {
        "equity_ticker": "S",
        "geography": "US",
        "content_name": "S Q2 2024 Press Release",
        "file_type": "pdf",
        "content_type": "earnings_press_release",
        "published_date": "2023-08-31",
        "fiscal_date": "2023-08-31",
        "fiscal_year": 2024,
        "fiscal_quarter": 2,
        "r2_url": "https://pub-2c783279b61043e19fbdadd1bee5153a.r2.dev/S/2023-08-31/437e5-2023-09-01-02-54-04/437e5-2023-09-01-02-54-04.pdf/437e5-2023-09-01-02-54-04.pdf",
        "periodicity": "periodic"
    },
    {
        "equity_ticker": "S",
        "geography": "US",
        "content_name": "AGM 2023 - June 29, 2023",
        "file_type": "pdf",
        "content_type": "company_conference_transcript",
        "published_date": "2023-06-29",
        "fiscal_date": "2023-06-29",
        "fiscal_year": null,
        "fiscal_quarter": null,
        "r2_url": "https://pub-2c783279b61043e19fbdadd1bee5153a.r2.dev/S/2023-06-29/SentinelOne%2C%20Inc._2023-06-29_transcript/SentinelOne%2C%20Inc._2023-06-29_transcript.pdf/SentinelOne%2C%20Inc._2023-06-29_transcript.pdf",
        "periodicity": "non_periodic"
    },
    {
        "equity_ticker": "S",
        "geography": "US",
        "content_name": "Bank of America 2023 Global Technology Conference - June 6, 2023",
        "file_type": "pdf",
        "content_type": "sellside_conference_transcript",
        "published_date": "2023-06-06",
        "fiscal_date": "2023-06-06",
        "fiscal_year": null,
        "fiscal_quarter": null,
        "r2_url": "https://pub-2c783279b61043e19fbdadd1bee5153a.r2.dev/S/2023-06-06/SentinelOne%2C%20Inc._2023-06-06_transcript/SentinelOne%2C%20Inc._2023-06-06_transcript.pdf/SentinelOne%2C%20Inc._2023-06-06_transcript.pdf",
        "periodicity": "non_periodic"
    },
    {
        "equity_ticker": "S",
        "geography": "US",
        "content_name": "S Q1 2024 Transcript",
        "file_type": "pdf",
        "content_type": "earnings_transcript",
        "published_date": "2023-06-01",
        "fiscal_date": "2023-06-01",
        "fiscal_year": 2024,
        "fiscal_quarter": 1,
        "r2_url": "https://pub-2c783279b61043e19fbdadd1bee5153a.r2.dev/S/2023-06-01/SentinelOne%2C%20Inc._2023-06-01_transcript/SentinelOne%2C%20Inc._2023-06-01_transcript.pdf/SentinelOne%2C%20Inc._2023-06-01_transcript.pdf",
        "periodicity": "periodic"
    },
    {
        "equity_ticker": "S",
        "geography": "US",
        "content_name": "S Q1 2024 Press Release",
        "file_type": "pdf",
        "content_type": "earnings_press_release",
        "published_date": "2023-06-01",
        "fiscal_date": "2023-06-01",
        "fiscal_year": 2024,
        "fiscal_quarter": 1,
        "r2_url": "https://pub-2c783279b61043e19fbdadd1bee5153a.r2.dev/S/2023-06-01/0b69e-2023-06-02-07-10-09/0b69e-2023-06-02-07-10-09.pdf/0b69e-2023-06-02-07-10-09.pdf",
        "periodicity": "periodic"
    },
    {
        "equity_ticker": "S",
        "geography": "US",
        "content_name": "S Q4 2023 Transcript",
        "file_type": "pdf",
        "content_type": "earnings_transcript",
        "published_date": "2023-03-14",
        "fiscal_date": "2023-03-14",
        "fiscal_year": 2023,
        "fiscal_quarter": 4,
        "r2_url": "https://pub-2c783279b61043e19fbdadd1bee5153a.r2.dev/S/2023-03-14/SentinelOne%2C%20Inc._2023-03-14_transcript/SentinelOne%2C%20Inc._2023-03-14_transcript.pdf/SentinelOne%2C%20Inc._2023-03-14_transcript.pdf",
        "periodicity": "periodic"
    },
    {
        "equity_ticker": "S",
        "geography": "US",
        "content_name": "S Q4 2023 Press Release",
        "file_type": "pdf",
        "content_type": "earnings_press_release",
        "published_date": "2023-03-14",
        "fiscal_date": "2023-03-14",
        "fiscal_year": 2023,
        "fiscal_quarter": 4,
        "r2_url": "https://pub-2c783279b61043e19fbdadd1bee5153a.r2.dev/S/2023-03-14/ef7fe-2023-03-14-08-01-14/ef7fe-2023-03-14-08-01-14.pdf/ef7fe-2023-03-14-08-01-14.pdf",
        "periodicity": "periodic"
    },
    {
        "equity_ticker": "S",
        "geography": "US",
        "content_name": "S Q3 2023 Transcript",
        "file_type": "pdf",
        "content_type": "earnings_transcript",
        "published_date": "2022-12-06",
        "fiscal_date": "2022-12-06",
        "fiscal_year": 2023,
        "fiscal_quarter": 3,
        "r2_url": "https://pub-2c783279b61043e19fbdadd1bee5153a.r2.dev/S/2022-12-06/SentinelOne%2C%20Inc._2022-12-06_transcript/SentinelOne%2C%20Inc._2022-12-06_transcript.pdf/SentinelOne%2C%20Inc._2022-12-06_transcript.pdf",
        "periodicity": "periodic"
    },
    {
        "equity_ticker": "S",
        "geography": "US",
        "content_name": "S Q3 2023 Press Release",
        "file_type": "pdf",
        "content_type": "earnings_press_release",
        "published_date": "2022-12-06",
        "fiscal_date": "2022-12-06",
        "fiscal_year": 2023,
        "fiscal_quarter": 3,
        "r2_url": "https://pub-2c783279b61043e19fbdadd1bee5153a.r2.dev/S/2022-12-06/ef3f3-2022-12-06-09-40-16/ef3f3-2022-12-06-09-40-16.pdf/ef3f3-2022-12-06-09-40-16.pdf",
        "periodicity": "periodic"
    },
    {
        "equity_ticker": "S",
        "geography": "US",
        "content_name": "Goldman Sachs Communacopia & Technology Conference - September 12, 2022",
        "file_type": "pdf",
        "content_type": "sellside_conference_transcript",
        "published_date": "2022-09-12",
        "fiscal_date": "2022-09-12",
        "fiscal_year": null,
        "fiscal_quarter": null,
        "r2_url": "https://pub-2c783279b61043e19fbdadd1bee5153a.r2.dev/S/2022-09-12/SentinelOne%2C%20Inc._2022-09-12_transcript/SentinelOne%2C%20Inc._2022-09-12_transcript.pdf/SentinelOne%2C%20Inc._2022-09-12_transcript.pdf",
        "periodicity": "non_periodic"
    },
    {
        "equity_ticker": "S",
        "geography": "US",
        "content_name": "Citi\u2019s Global Technology Conference - September 8, 2022",
        "file_type": "pdf",
        "content_type": "sellside_conference_transcript",
        "published_date": "2022-09-08",
        "fiscal_date": "2022-09-08",
        "fiscal_year": null,
        "fiscal_quarter": null,
        "r2_url": "https://pub-2c783279b61043e19fbdadd1bee5153a.r2.dev/S/2022-09-08/SentinelOne%2C%20Inc._2022-09-08_transcript/SentinelOne%2C%20Inc._2022-09-08_transcript.pdf/SentinelOne%2C%20Inc._2022-09-08_transcript.pdf",
        "periodicity": "non_periodic"
    },
    {
        "equity_ticker": "S",
        "geography": "US",
        "content_name": "S Q2 2023 Transcript",
        "file_type": "pdf",
        "content_type": "earnings_transcript",
        "published_date": "2022-08-31",
        "fiscal_date": "2022-08-31",
        "fiscal_year": 2023,
        "fiscal_quarter": 2,
        "r2_url": "https://pub-2c783279b61043e19fbdadd1bee5153a.r2.dev/S/2022-08-31/SentinelOne%2C%20Inc._2022-08-31_transcript/SentinelOne%2C%20Inc._2022-08-31_transcript.pdf/SentinelOne%2C%20Inc._2022-08-31_transcript.pdf",
        "periodicity": "periodic"
    },
    {
        "equity_ticker": "S",
        "geography": "US",
        "content_name": "S Q2 2023 Press Release",
        "file_type": "pdf",
        "content_type": "earnings_press_release",
        "published_date": "2022-08-31",
        "fiscal_date": "2022-08-31",
        "fiscal_year": 2023,
        "fiscal_quarter": 2,
        "r2_url": "https://pub-2c783279b61043e19fbdadd1bee5153a.r2.dev/S/2022-08-31/13259-2023-09-01-02-17-07/13259-2023-09-01-02-17-07.pdf/13259-2023-09-01-02-17-07.pdf",
        "periodicity": "periodic"
    },
    {
        "equity_ticker": "S",
        "geography": "US",
        "content_name": "S Q1 2023 Transcript",
        "file_type": "pdf",
        "content_type": "earnings_transcript",
        "published_date": "2022-06-01",
        "fiscal_date": "2022-06-01",
        "fiscal_year": 2023,
        "fiscal_quarter": 1,
        "r2_url": "https://pub-2c783279b61043e19fbdadd1bee5153a.r2.dev/S/2022-06-01/SentinelOne%2C%20Inc._2022-06-01_transcript/SentinelOne%2C%20Inc._2022-06-01_transcript.pdf/SentinelOne%2C%20Inc._2022-06-01_transcript.pdf",
        "periodicity": "periodic"
    },
    {
        "equity_ticker": "S",
        "geography": "US",
        "content_name": "S Q1 2023 Press Release",
        "file_type": "pdf",
        "content_type": "earnings_press_release",
        "published_date": "2022-06-01",
        "fiscal_date": "2022-06-01",
        "fiscal_year": 2023,
        "fiscal_quarter": 1,
        "r2_url": "https://pub-2c783279b61043e19fbdadd1bee5153a.r2.dev/S/2022-06-01/d9dd7-2023-09-01-02-49-07/d9dd7-2023-09-01-02-49-07.pdf/d9dd7-2023-09-01-02-49-07.pdf",
        "periodicity": "periodic"
    },
    {
        "equity_ticker": "S",
        "geography": "US",
        "content_name": "S Q4 2022 Transcript",
        "file_type": "pdf",
        "content_type": "earnings_transcript",
        "published_date": "2022-03-15",
        "fiscal_date": "2022-03-15",
        "fiscal_year": 2022,
        "fiscal_quarter": 4,
        "r2_url": "https://pub-2c783279b61043e19fbdadd1bee5153a.r2.dev/S/2022-03-15/SentinelOne%2C%20Inc._2022-03-15_transcript/SentinelOne%2C%20Inc._2022-03-15_transcript.pdf/SentinelOne%2C%20Inc._2022-03-15_transcript.pdf",
        "periodicity": "periodic"
    },
    {
        "equity_ticker": "S",
        "geography": "US",
        "content_name": "S Q3 2022 Transcript",
        "file_type": "pdf",
        "content_type": "earnings_transcript",
        "published_date": "2021-12-07",
        "fiscal_date": "2021-12-07",
        "fiscal_year": 2022,
        "fiscal_quarter": 3,
        "r2_url": "https://pub-2c783279b61043e19fbdadd1bee5153a.r2.dev/S/2021-12-07/SentinelOne%2C%20Inc._2021-12-07_transcript/SentinelOne%2C%20Inc._2021-12-07_transcript.pdf/SentinelOne%2C%20Inc._2021-12-07_transcript.pdf",
        "periodicity": "periodic"
    },
    {
        "equity_ticker": "S",
        "geography": "US",
        "content_name": "S Q3 2022 Press Release",
        "file_type": "pdf",
        "content_type": "earnings_press_release",
        "published_date": "2021-12-07",
        "fiscal_date": "2021-12-07",
        "fiscal_year": 2022,
        "fiscal_quarter": 3,
        "r2_url": "https://pub-2c783279b61043e19fbdadd1bee5153a.r2.dev/S/2021-12-07/cf704-2023-09-01-02-08-09/cf704-2023-09-01-02-08-09.pdf/cf704-2023-09-01-02-08-09.pdf",
        "periodicity": "periodic"
    },
    {
        "equity_ticker": "S",
        "geography": "US",
        "content_name": "S Q2 2022 Transcript",
        "file_type": "pdf",
        "content_type": "earnings_transcript",
        "published_date": "2021-09-08",
        "fiscal_date": "2021-09-08",
        "fiscal_year": 2022,
        "fiscal_quarter": 2,
        "r2_url": "https://pub-2c783279b61043e19fbdadd1bee5153a.r2.dev/S/2021-09-08/SentinelOne%2C%20Inc._2021-09-08_transcript/SentinelOne%2C%20Inc._2021-09-08_transcript.pdf/SentinelOne%2C%20Inc._2021-09-08_transcript.pdf",
        "periodicity": "periodic"
    },
    {
        "equity_ticker": "S",
        "geography": "US",
        "content_name": "S Q2 2022 Press Release",
        "file_type": "pdf",
        "content_type": "earnings_press_release",
        "published_date": "2021-09-08",
        "fiscal_date": "2021-09-08",
        "fiscal_year": 2022,
        "fiscal_quarter": 2,
        "r2_url": "https://pub-2c783279b61043e19fbdadd1bee5153a.r2.dev/S/2021-09-08/87f31-2023-01-25-11-44-55/87f31-2023-01-25-11-44-55.pdf/87f31-2023-01-25-11-44-55.pdf",
        "periodicity": "periodic"
    },
    {
        "equity_ticker": "S",
        "geography": "US",
        "content_name": "S Q4 2025 10-K",
        "file_type": "pdf",
        "content_type": "annual_report",
        "published_date": "2025-03-26",
        "fiscal_date": "2025-01-31",
        "fiscal_year": 2025,
        "fiscal_quarter": 4,
        "r2_url": "https://pub-2c783279b61043e19fbdadd1bee5153a.r2.dev/S/2025-03-26/s-20250131.htm/s-20250131.pdf",
        "periodicity": "periodic"
    },
    {
        "equity_ticker": "S",
        "geography": "US",
        "content_name": "S Q3 2025 10-Q",
        "file_type": "pdf",
        "content_type": "quarterly_report",
        "published_date": "2024-12-04",
        "fiscal_date": "2024-10-31",
        "fiscal_year": 2025,
        "fiscal_quarter": 3,
        "r2_url": "https://pub-2c783279b61043e19fbdadd1bee5153a.r2.dev/S/2024-12-04/s-20241031.htm/s-20241031.pdf",
        "periodicity": "periodic"
    },
    {
        "equity_ticker": "S",
        "geography": "US",
        "content_name": "S Q2 2025 10-Q",
        "file_type": "pdf",
        "content_type": "quarterly_report",
        "published_date": "2024-08-27",
        "fiscal_date": "2024-07-31",
        "fiscal_year": 2025,
        "fiscal_quarter": 2,
        "r2_url": "https://pub-2c783279b61043e19fbdadd1bee5153a.r2.dev/S/2024-08-27/s-20240731.htm/s-20240731.pdf",
        "periodicity": "periodic"
    },
    {
        "equity_ticker": "S",
        "geography": "US",
        "content_name": "S Q1 2025 10-Q",
        "file_type": "pdf",
        "content_type": "quarterly_report",
        "published_date": "2024-05-30",
        "fiscal_date": "2024-04-30",
        "fiscal_year": 2025,
        "fiscal_quarter": 1,
        "r2_url": "https://pub-2c783279b61043e19fbdadd1bee5153a.r2.dev/S/2024-05-30/s-20240430.htm/s-20240430.pdf",
        "periodicity": "periodic"
    },
    {
        "equity_ticker": "S",
        "geography": "US",
        "content_name": "S Q4 2024 10-K",
        "file_type": "pdf",
        "content_type": "annual_report",
        "published_date": "2024-03-27",
        "fiscal_date": "2024-01-31",
        "fiscal_year": 2024,
        "fiscal_quarter": 4,
        "r2_url": "https://pub-2c783279b61043e19fbdadd1bee5153a.r2.dev/S/2024-03-27/s-20240131.htm/s-20240131.pdf",
        "periodicity": "periodic"
    },
    {
        "equity_ticker": "S",
        "geography": "US",
        "content_name": "S Q3 2024 10-Q",
        "file_type": "pdf",
        "content_type": "quarterly_report",
        "published_date": "2023-12-05",
        "fiscal_date": "2023-10-31",
        "fiscal_year": 2024,
        "fiscal_quarter": 3,
        "r2_url": "https://pub-2c783279b61043e19fbdadd1bee5153a.r2.dev/S/2023-12-05/s-20231031.htm/s-20231031.pdf",
        "periodicity": "periodic"
    },
    {
        "equity_ticker": "S",
        "geography": "US",
        "content_name": "S Q2 2024 10-Q",
        "file_type": "pdf",
        "content_type": "quarterly_report",
        "published_date": "2023-08-31",
        "fiscal_date": "2023-07-31",
        "fiscal_year": 2024,
        "fiscal_quarter": 2,
        "r2_url": "https://pub-2c783279b61043e19fbdadd1bee5153a.r2.dev/S/2023-08-31/s-20230731.htm/s-20230731.pdf",
        "periodicity": "periodic"
    },
    {
        "equity_ticker": "S",
        "geography": "US",
        "content_name": "S Q1 2024 10-Q",
        "file_type": "pdf",
        "content_type": "quarterly_report",
        "published_date": "2023-06-01",
        "fiscal_date": "2023-04-30",
        "fiscal_year": 2024,
        "fiscal_quarter": 1,
        "r2_url": "https://pub-2c783279b61043e19fbdadd1bee5153a.r2.dev/S/2023-06-01/s-20230430.htm/s-20230430.pdf",
        "periodicity": "periodic"
    },
    {
        "equity_ticker": "S",
        "geography": "US",
        "content_name": "S Q4 2023 10-K",
        "file_type": "pdf",
        "content_type": "annual_report",
        "published_date": "2023-03-29",
        "fiscal_date": "2023-01-31",
        "fiscal_year": 2023,
        "fiscal_quarter": 4,
        "r2_url": "https://pub-2c783279b61043e19fbdadd1bee5153a.r2.dev/S/2023-03-29/s-20230131.htm/s-20230131.pdf",
        "periodicity": "periodic"
    },
    {
        "equity_ticker": "S",
        "geography": "US",
        "content_name": "S Q3 2023 10-Q",
        "file_type": "pdf",
        "content_type": "quarterly_report",
        "published_date": "2022-12-06",
        "fiscal_date": "2022-10-31",
        "fiscal_year": 2023,
        "fiscal_quarter": 3,
        "r2_url": "https://pub-2c783279b61043e19fbdadd1bee5153a.r2.dev/S/2022-12-06/s-20221031.htm/s-20221031.pdf",
        "periodicity": "periodic"
    },
    {
        "equity_ticker": "S",
        "geography": "US",
        "content_name": "S Q2 2023 10-Q",
        "file_type": "pdf",
        "content_type": "quarterly_report",
        "published_date": "2022-08-31",
        "fiscal_date": "2022-07-31",
        "fiscal_year": 2023,
        "fiscal_quarter": 2,
        "r2_url": "https://pub-2c783279b61043e19fbdadd1bee5153a.r2.dev/S/2022-08-31/s-20220731.htm/s-20220731.pdf",
        "periodicity": "periodic"
    },
    {
        "equity_ticker": "S",
        "geography": "US",
        "content_name": "S Q1 2023 10-Q",
        "file_type": "pdf",
        "content_type": "quarterly_report",
        "published_date": "2022-06-01",
        "fiscal_date": "2022-04-30",
        "fiscal_year": 2023,
        "fiscal_quarter": 1,
        "r2_url": "https://pub-2c783279b61043e19fbdadd1bee5153a.r2.dev/S/2022-06-01/s-20220430.htm/s-20220430.pdf",
        "periodicity": "periodic"
    },
    {
        "equity_ticker": "S",
        "geography": "US",
        "content_name": "S Q4 2022 10-K",
        "file_type": "pdf",
        "content_type": "annual_report",
        "published_date": "2022-04-07",
        "fiscal_date": "2022-01-31",
        "fiscal_year": 2022,
        "fiscal_quarter": 4,
        "r2_url": "https://pub-2c783279b61043e19fbdadd1bee5153a.r2.dev/S/2022-04-07/s-20220131.htm/s-20220131.pdf",
        "periodicity": "periodic"
    },
    {
        "equity_ticker": "S",
        "geography": "US",
        "content_name": "S Q3 2022 10-Q",
        "file_type": "pdf",
        "content_type": "quarterly_report",
        "published_date": "2021-12-09",
        "fiscal_date": "2021-10-31",
        "fiscal_year": 2022,
        "fiscal_quarter": 3,
        "r2_url": "https://pub-2c783279b61043e19fbdadd1bee5153a.r2.dev/S/2021-12-09/s-20211031.htm/s-20211031.pdf",
        "periodicity": "periodic"
    },
    {
        "equity_ticker": "S",
        "geography": "US",
        "content_name": "S Q2 2022 10-Q",
        "file_type": "pdf",
        "content_type": "quarterly_report",
        "published_date": "2021-09-10",
        "fiscal_date": "2021-07-31",
        "fiscal_year": 2022,
        "fiscal_quarter": 2,
        "r2_url": "https://pub-2c783279b61043e19fbdadd1bee5153a.r2.dev/S/2021-09-10/s-20210731.htm/s-20210731.pdf",
        "periodicity": "periodic"
    },
    {
        "equity_ticker": "S",
        "geography": "US",
        "content_name": "S Q4 2019 10-Q",
        "file_type": "pdf",
        "content_type": "quarterly_report",
        "published_date": "2019-11-12",
        "fiscal_date": "2019-09-30",
        "fiscal_year": 2019,
        "fiscal_quarter": 4,
        "r2_url": "https://pub-2c783279b61043e19fbdadd1bee5153a.r2.dev/S/2019-11-12/sprintcorp9-30x1910xq.htm/ix.pdf",
        "periodicity": "periodic"
    },
    {
        "equity_ticker": "S",
        "geography": "US",
        "content_name": "S Q3 2019 10-Q",
        "file_type": "pdf",
        "content_type": "quarterly_report",
        "published_date": "2019-08-07",
        "fiscal_date": "2019-06-30",
        "fiscal_year": 2019,
        "fiscal_quarter": 3,
        "r2_url": "https://pub-2c783279b61043e19fbdadd1bee5153a.r2.dev/S/2019-08-07/sprintcorp6-30x1910xq.htm/ix.pdf",
        "periodicity": "periodic"
    },
    {
        "equity_ticker": "S",
        "geography": "US",
        "content_name": "S Q2 2019 10-K",
        "file_type": "pdf",
        "content_type": "annual_report",
        "published_date": "2019-05-29",
        "fiscal_date": "2019-03-31",
        "fiscal_year": 2019,
        "fiscal_quarter": 2,
        "r2_url": "https://pub-2c783279b61043e19fbdadd1bee5153a.r2.dev/S/2019-05-29/sprintcorp201810-k.htm/sprintcorp201810-k.pdf",
        "periodicity": "periodic"
    },
    {
        "equity_ticker": "S",
        "geography": "US",
        "content_name": "S Q1 2019 10-Q",
        "file_type": "pdf",
        "content_type": "quarterly_report",
        "published_date": "2019-01-31",
        "fiscal_date": "2018-12-31",
        "fiscal_year": 2019,
        "fiscal_quarter": 1,
        "r2_url": "https://pub-2c783279b61043e19fbdadd1bee5153a.r2.dev/S/2019-01-31/sprintcorp12-31x1810q.htm/sprintcorp12-31x1810q.pdf",
        "periodicity": "periodic"
    },
    {
        "equity_ticker": "S",
        "geography": "US",
        "content_name": "S Q4 2018 10-Q",
        "file_type": "pdf",
        "content_type": "quarterly_report",
        "published_date": "2018-11-07",
        "fiscal_date": "2018-09-30",
        "fiscal_year": 2018,
        "fiscal_quarter": 4,
        "r2_url": "https://pub-2c783279b61043e19fbdadd1bee5153a.r2.dev/S/2018-11-07/sprintcorp9-30x1810q.htm/sprintcorp9-30x1810q.pdf",
        "periodicity": "periodic"
    },
    {
        "equity_ticker": "S",
        "geography": "US",
        "content_name": "S Q3 2018 10-Q",
        "file_type": "pdf",
        "content_type": "quarterly_report",
        "published_date": "2018-08-07",
        "fiscal_date": "2018-06-30",
        "fiscal_year": 2018,
        "fiscal_quarter": 3,
        "r2_url": "https://pub-2c783279b61043e19fbdadd1bee5153a.r2.dev/S/2018-08-07/sprintcorp6-30x1810q.htm/sprintcorp6-30x1810q.pdf",
        "periodicity": "periodic"
    },
    {
        "equity_ticker": "S",
        "geography": "US",
        "content_name": "S Q2 2018 10-K",
        "file_type": "pdf",
        "content_type": "annual_report",
        "published_date": "2018-05-24",
        "fiscal_date": "2018-03-31",
        "fiscal_year": 2018,
        "fiscal_quarter": 2,
        "r2_url": "https://pub-2c783279b61043e19fbdadd1bee5153a.r2.dev/S/2018-05-24/sprintcorp201710-k.htm/sprintcorp201710-k.pdf",
        "periodicity": "periodic"
    },
    {
        "equity_ticker": "S",
        "geography": "US",
        "content_name": "S Q1 2018 10-Q",
        "file_type": "pdf",
        "content_type": "quarterly_report",
        "published_date": "2018-02-05",
        "fiscal_date": "2017-12-31",
        "fiscal_year": 2018,
        "fiscal_quarter": 1,
        "r2_url": "https://pub-2c783279b61043e19fbdadd1bee5153a.r2.dev/S/2018-02-05/sprintcorp12-31x1710q.htm/sprintcorp12-31x1710q.pdf",
        "periodicity": "periodic"
    },
    {
        "equity_ticker": "S",
        "geography": "US",
        "content_name": "S Q4 2017 10-Q",
        "file_type": "pdf",
        "content_type": "quarterly_report",
        "published_date": "2017-11-02",
        "fiscal_date": "2017-09-30",
        "fiscal_year": 2017,
        "fiscal_quarter": 4,
        "r2_url": "https://pub-2c783279b61043e19fbdadd1bee5153a.r2.dev/S/2017-11-02/sprintcorp9-30x1710q.htm/sprintcorp9-30x1710q.pdf",
        "periodicity": "periodic"
    },
    {
        "equity_ticker": "S",
        "geography": "US",
        "content_name": "S Q3 2017 10-Q",
        "file_type": "pdf",
        "content_type": "quarterly_report",
        "published_date": "2017-08-03",
        "fiscal_date": "2017-06-30",
        "fiscal_year": 2017,
        "fiscal_quarter": 3,
        "r2_url": "https://pub-2c783279b61043e19fbdadd1bee5153a.r2.dev/S/2017-08-03/sprintcorp6-30x1710q.htm/sprintcorp6-30x1710q.pdf",
        "periodicity": "periodic"
    },
    {
        "equity_ticker": "S",
        "geography": "US",
        "content_name": "S Q2 2017 10-K",
        "file_type": "pdf",
        "content_type": "annual_report",
        "published_date": "2017-05-26",
        "fiscal_date": "2017-03-31",
        "fiscal_year": 2017,
        "fiscal_quarter": 2,
        "r2_url": "https://pub-2c783279b61043e19fbdadd1bee5153a.r2.dev/S/2017-05-26/sprintcorp201610-k.htm/sprintcorp201610-k.pdf",
        "periodicity": "periodic"
    },
    {
        "equity_ticker": "S",
        "geography": "US",
        "content_name": "S Q1 2017 10-Q",
        "file_type": "pdf",
        "content_type": "quarterly_report",
        "published_date": "2017-02-06",
        "fiscal_date": "2016-12-31",
        "fiscal_year": 2017,
        "fiscal_quarter": 1,
        "r2_url": "https://pub-2c783279b61043e19fbdadd1bee5153a.r2.dev/S/2017-02-06/sprintcorp12-31x1610q.htm/sprintcorp12-31x1610q.pdf",
        "periodicity": "periodic"
    },
    {
        "equity_ticker": "S",
        "geography": "US",
        "content_name": "S Q4 2016 10-Q",
        "file_type": "pdf",
        "content_type": "quarterly_report",
        "published_date": "2016-11-01",
        "fiscal_date": "2016-09-30",
        "fiscal_year": 2016,
        "fiscal_quarter": 4,
        "r2_url": "https://pub-2c783279b61043e19fbdadd1bee5153a.r2.dev/S/2016-11-01/sprintcorp9-30x1610q.htm/sprintcorp9-30x1610q.pdf",
        "periodicity": "periodic"
    },
    {
        "equity_ticker": "S",
        "geography": "US",
        "content_name": "S Q3 2016 10-Q",
        "file_type": "pdf",
        "content_type": "quarterly_report",
        "published_date": "2016-08-09",
        "fiscal_date": "2016-06-30",
        "fiscal_year": 2016,
        "fiscal_quarter": 3,
        "r2_url": "https://pub-2c783279b61043e19fbdadd1bee5153a.r2.dev/S/2016-08-09/sprintcorp6-30x1610q.htm/sprintcorp6-30x1610q.pdf",
        "periodicity": "periodic"
    },
    {
        "equity_ticker": "S",
        "geography": "US",
        "content_name": "S Q2 2016 10-K",
        "file_type": "pdf",
        "content_type": "annual_report",
        "published_date": "2016-05-17",
        "fiscal_date": "2016-03-31",
        "fiscal_year": 2016,
        "fiscal_quarter": 2,
        "r2_url": "https://pub-2c783279b61043e19fbdadd1bee5153a.r2.dev/S/2016-05-17/sprintcorp201510-k.htm/sprintcorp201510-k.pdf",
        "periodicity": "periodic"
    },
    {
        "equity_ticker": "S",
        "geography": "US",
        "content_name": "S Q1 2016 10-Q",
        "file_type": "pdf",
        "content_type": "quarterly_report",
        "published_date": "2016-02-04",
        "fiscal_date": "2015-12-31",
        "fiscal_year": 2016,
        "fiscal_quarter": 1,
        "r2_url": "https://pub-2c783279b61043e19fbdadd1bee5153a.r2.dev/S/2016-02-04/sprintcorp12-31x1510q.htm/sprintcorp12-31x1510q.pdf",
        "periodicity": "periodic"
    },
    {
        "equity_ticker": "S",
        "geography": "US",
        "content_name": "S Q4 2015 10-Q",
        "file_type": "pdf",
        "content_type": "quarterly_report",
        "published_date": "2015-11-09",
        "fiscal_date": "2015-09-30",
        "fiscal_year": 2015,
        "fiscal_quarter": 4,
        "r2_url": "https://pub-2c783279b61043e19fbdadd1bee5153a.r2.dev/S/2015-11-09/sprintcorp9-30x1510q.htm/sprintcorp9-30x1510q.pdf",
        "periodicity": "periodic"
    },
    {
        "equity_ticker": "S",
        "geography": "US",
        "content_name": "S Q3 2015 10-Q",
        "file_type": "pdf",
        "content_type": "quarterly_report",
        "published_date": "2015-08-07",
        "fiscal_date": "2015-06-30",
        "fiscal_year": 2015,
        "fiscal_quarter": 3,
        "r2_url": "https://pub-2c783279b61043e19fbdadd1bee5153a.r2.dev/S/2015-08-07/sprintcorp6-30x1510q.htm/sprintcorp6-30x1510q.pdf",
        "periodicity": "periodic"
    },
    {
        "equity_ticker": "S",
        "geography": "US",
        "content_name": "S Q2 2015 10-K",
        "file_type": "pdf",
        "content_type": "annual_report",
        "published_date": "2015-05-26",
        "fiscal_date": "2015-03-31",
        "fiscal_year": 2015,
        "fiscal_quarter": 2,
        "r2_url": "https://pub-2c783279b61043e19fbdadd1bee5153a.r2.dev/S/2015-05-26/sprintcorp201410-k.htm/sprintcorp201410-k.pdf",
        "periodicity": "periodic"
    },
    {
        "equity_ticker": "S",
        "geography": "US",
        "content_name": "S Q1 2015 10-Q",
        "file_type": "pdf",
        "content_type": "quarterly_report",
        "published_date": "2015-02-05",
        "fiscal_date": "2014-12-31",
        "fiscal_year": 2015,
        "fiscal_quarter": 1,
        "r2_url": "https://pub-2c783279b61043e19fbdadd1bee5153a.r2.dev/S/2015-02-05/sprintcorp12-31x1410q.htm/sprintcorp12-31x1410q.pdf",
        "periodicity": "periodic"
    },
    {
        "equity_ticker": "S",
        "geography": "US",
        "content_name": "S Q4 2014 10-Q",
        "file_type": "pdf",
        "content_type": "quarterly_report",
        "published_date": "2014-11-06",
        "fiscal_date": "2014-09-30",
        "fiscal_year": 2014,
        "fiscal_quarter": 4,
        "r2_url": "https://pub-2c783279b61043e19fbdadd1bee5153a.r2.dev/S/2014-11-06/sprintcorp9-30x1410q.htm/sprintcorp9-30x1410q.pdf",
        "periodicity": "periodic"
    },
    {
        "equity_ticker": "S",
        "geography": "US",
        "content_name": "S Q3 2014 10-Q",
        "file_type": "pdf",
        "content_type": "quarterly_report",
        "published_date": "2014-08-08",
        "fiscal_date": "2014-06-30",
        "fiscal_year": 2014,
        "fiscal_quarter": 3,
        "r2_url": "https://pub-2c783279b61043e19fbdadd1bee5153a.r2.dev/S/2014-08-08/sprintcorp6-2014form10q.htm/sprintcorp6-2014form10q.pdf",
        "periodicity": "periodic"
    },
    {
        "equity_ticker": "S",
        "geography": "US",
        "content_name": "S Q2 2014 10-K",
        "file_type": "pdf",
        "content_type": "annual_report",
        "published_date": "2014-02-24",
        "fiscal_date": "2013-12-31",
        "fiscal_year": 2014,
        "fiscal_quarter": 2,
        "r2_url": "https://pub-2c783279b61043e19fbdadd1bee5153a.r2.dev/S/2014-02-24/sprintcorp201310-k.htm/sprintcorp201310-k.pdf",
        "periodicity": "periodic"
    },
    {
        "equity_ticker": "S",
        "geography": "US",
        "content_name": "S Q1 2014 10-Q",
        "file_type": "pdf",
        "content_type": "quarterly_report",
        "published_date": "2013-11-06",
        "fiscal_date": "2013-09-30",
        "fiscal_year": 2014,
        "fiscal_quarter": 1,
        "r2_url": "https://pub-2c783279b61043e19fbdadd1bee5153a.r2.dev/S/2013-11-06/sprintq3201310-q.htm/sprintq3201310-q.pdf",
        "periodicity": "periodic"
    },
    {
        "equity_ticker": "S",
        "geography": "US",
        "content_name": "S Q4 2013 10-Q",
        "file_type": "pdf",
        "content_type": "quarterly_report",
        "published_date": "2013-08-02",
        "fiscal_date": "2013-06-30",
        "fiscal_year": 2013,
        "fiscal_quarter": 4,
        "r2_url": "https://pub-2c783279b61043e19fbdadd1bee5153a.r2.dev/S/2013-08-02/sprintq2201310-q.htm/sprintq2201310-q.pdf",
        "periodicity": "periodic"
    },
    {
        "equity_ticker": "S",
        "geography": "US",
        "content_name": "S Q3 2013 10-Q",
        "file_type": "pdf",
        "content_type": "quarterly_report",
        "published_date": "2013-05-06",
        "fiscal_date": "2013-03-31",
        "fiscal_year": 2013,
        "fiscal_quarter": 3,
        "r2_url": "https://pub-2c783279b61043e19fbdadd1bee5153a.r2.dev/S/2013-05-06/sprintq1201310-q.htm/sprintq1201310-q.pdf",
        "periodicity": "periodic"
    },
    {
        "equity_ticker": "S",
        "geography": "US",
        "content_name": "S Q2 2013 10-K",
        "file_type": "pdf",
        "content_type": "annual_report",
        "published_date": "2013-02-28",
        "fiscal_date": "2012-12-31",
        "fiscal_year": 2013,
        "fiscal_quarter": 2,
        "r2_url": "https://pub-2c783279b61043e19fbdadd1bee5153a.r2.dev/S/2013-02-28/sprint201210-k.htm/sprint201210-k.pdf",
        "periodicity": "periodic"
    },
    {
        "equity_ticker": "S",
        "geography": "US",
        "content_name": "S Q1 2013 10-Q",
        "file_type": "pdf",
        "content_type": "quarterly_report",
        "published_date": "2012-11-07",
        "fiscal_date": "2012-09-30",
        "fiscal_year": 2013,
        "fiscal_quarter": 1,
        "r2_url": "https://pub-2c783279b61043e19fbdadd1bee5153a.r2.dev/S/2012-11-07/sprintq3201210-q.htm/sprintq3201210-q.pdf",
        "periodicity": "periodic"
    },
    {
        "equity_ticker": "S",
        "geography": "US",
        "content_name": "S Q4 2012 10-Q",
        "file_type": "pdf",
        "content_type": "quarterly_report",
        "published_date": "2012-08-02",
        "fiscal_date": "2012-06-30",
        "fiscal_year": 2012,
        "fiscal_quarter": 4,
        "r2_url": "https://pub-2c783279b61043e19fbdadd1bee5153a.r2.dev/S/2012-08-02/sprintq2201210-q.htm/sprintq2201210-q.pdf",
        "periodicity": "periodic"
    },
    {
        "equity_ticker": "S",
        "geography": "US",
        "content_name": "S Q3 2012 10-Q",
        "file_type": "pdf",
        "content_type": "quarterly_report",
        "published_date": "2012-05-03",
        "fiscal_date": "2012-03-31",
        "fiscal_year": 2012,
        "fiscal_quarter": 3,
        "r2_url": "https://pub-2c783279b61043e19fbdadd1bee5153a.r2.dev/S/2012-05-03/sprintq1201210-q.htm/sprintq1201210-q.pdf",
        "periodicity": "periodic"
    },
    {
        "equity_ticker": "S",
        "geography": "US",
        "content_name": "S Q2 2012 10-K",
        "file_type": "pdf",
        "content_type": "annual_report",
        "published_date": "2012-02-27",
        "fiscal_date": "2011-12-31",
        "fiscal_year": 2012,
        "fiscal_quarter": 2,
        "r2_url": "https://pub-2c783279b61043e19fbdadd1bee5153a.r2.dev/S/2012-02-27/sprint201110-k.htm/sprint201110-k.pdf",
        "periodicity": "periodic"
    },
    {
        "equity_ticker": "S",
        "geography": "US",
        "content_name": "S Q1 2012 10-Q",
        "file_type": "pdf",
        "content_type": "quarterly_report",
        "published_date": "2011-11-03",
        "fiscal_date": "2011-09-30",
        "fiscal_year": 2012,
        "fiscal_quarter": 1,
        "r2_url": "https://pub-2c783279b61043e19fbdadd1bee5153a.r2.dev/S/2011-11-03/sprintq3201110-q.htm/sprintq3201110-q.pdf",
        "periodicity": "periodic"
    },
    {
        "equity_ticker": "S",
        "geography": "US",
        "content_name": "S Q4 2011 10-Q",
        "file_type": "pdf",
        "content_type": "quarterly_report",
        "published_date": "2011-08-04",
        "fiscal_date": "2011-06-30",
        "fiscal_year": 2011,
        "fiscal_quarter": 4,
        "r2_url": "https://pub-2c783279b61043e19fbdadd1bee5153a.r2.dev/S/2011-08-04/sprintq2201110-q.htm/sprintq2201110-q.pdf",
        "periodicity": "periodic"
    },
    {
        "equity_ticker": "S",
        "geography": "US",
        "content_name": "S Q3 2011 10-Q",
        "file_type": "pdf",
        "content_type": "quarterly_report",
        "published_date": "2011-05-05",
        "fiscal_date": "2011-03-31",
        "fiscal_year": 2011,
        "fiscal_quarter": 3,
        "r2_url": "https://pub-2c783279b61043e19fbdadd1bee5153a.r2.dev/S/2011-05-05/sprintq1201110-q.htm/sprintq1201110-q.pdf",
        "periodicity": "periodic"
    },
    {
        "equity_ticker": "S",
        "geography": "US",
        "content_name": "S Q2 2011 10-K",
        "file_type": "pdf",
        "content_type": "annual_report",
        "published_date": "2011-02-24",
        "fiscal_date": "2010-12-31",
        "fiscal_year": 2011,
        "fiscal_quarter": 2,
        "r2_url": "https://pub-2c783279b61043e19fbdadd1bee5153a.r2.dev/S/2011-02-24/sprint201010k.htm/sprint201010k.pdf",
        "periodicity": "periodic"
    },
    {
        "equity_ticker": "S",
        "geography": "US",
        "content_name": "S Q1 2011 10-Q",
        "file_type": "pdf",
        "content_type": "quarterly_report",
        "published_date": "2010-11-05",
        "fiscal_date": "2010-09-30",
        "fiscal_year": 2011,
        "fiscal_quarter": 1,
        "r2_url": "https://pub-2c783279b61043e19fbdadd1bee5153a.r2.dev/S/2010-11-05/d10q.htm/d10q.pdf",
        "periodicity": "periodic"
    },
    {
        "equity_ticker": "S",
        "geography": "US",
        "content_name": "S Q4 2010 10-Q",
        "file_type": "pdf",
        "content_type": "quarterly_report",
        "published_date": "2010-08-05",
        "fiscal_date": "2010-06-30",
        "fiscal_year": 2010,
        "fiscal_quarter": 4,
        "r2_url": "https://pub-2c783279b61043e19fbdadd1bee5153a.r2.dev/S/2010-08-05/d10q.htm/d10q.pdf",
        "periodicity": "periodic"
    },
    {
        "equity_ticker": "S",
        "geography": "US",
        "content_name": "S Q3 2010 10-Q",
        "file_type": "pdf",
        "content_type": "quarterly_report",
        "published_date": "2010-05-05",
        "fiscal_date": "2010-03-31",
        "fiscal_year": 2010,
        "fiscal_quarter": 3,
        "r2_url": "https://pub-2c783279b61043e19fbdadd1bee5153a.r2.dev/S/2010-05-05/d10q.htm/d10q.pdf",
        "periodicity": "periodic"
    },
    {
        "equity_ticker": "S",
        "geography": "US",
        "content_name": "S Q2 2010 10-K",
        "file_type": "pdf",
        "content_type": "annual_report",
        "published_date": "2010-02-26",
        "fiscal_date": "2009-12-31",
        "fiscal_year": 2010,
        "fiscal_quarter": 2,
        "r2_url": "https://pub-2c783279b61043e19fbdadd1bee5153a.r2.dev/S/2010-02-26/d10k.htm/d10k.pdf",
        "periodicity": "periodic"
    },
    {
        "equity_ticker": "S",
        "geography": "US",
        "content_name": "S Q1 2010 10-Q",
        "file_type": "pdf",
        "content_type": "quarterly_report",
        "published_date": "2009-11-06",
        "fiscal_date": "2009-09-30",
        "fiscal_year": 2010,
        "fiscal_quarter": 1,
        "r2_url": "https://pub-2c783279b61043e19fbdadd1bee5153a.r2.dev/S/2009-11-06/d10q.htm/d10q.pdf",
        "periodicity": "periodic"
    },
    {
        "equity_ticker": "S",
        "geography": "US",
        "content_name": "S Q4 2009 10-Q",
        "file_type": "pdf",
        "content_type": "quarterly_report",
        "published_date": "2009-08-04",
        "fiscal_date": "2009-06-30",
        "fiscal_year": 2009,
        "fiscal_quarter": 4,
        "r2_url": "https://pub-2c783279b61043e19fbdadd1bee5153a.r2.dev/S/2009-08-04/d10q.htm/d10q.pdf",
        "periodicity": "periodic"
    },
    {
        "equity_ticker": "S",
        "geography": "US",
        "content_name": "S Q3 2009 10-Q",
        "file_type": "pdf",
        "content_type": "quarterly_report",
        "published_date": "2009-05-08",
        "fiscal_date": "2009-03-31",
        "fiscal_year": 2009,
        "fiscal_quarter": 3,
        "r2_url": "https://pub-2c783279b61043e19fbdadd1bee5153a.r2.dev/S/2009-05-08/d10q.htm/d10q.pdf",
        "periodicity": "periodic"
    },
    {
        "equity_ticker": "S",
        "geography": "US",
        "content_name": "S Q2 2009 10-K",
        "file_type": "pdf",
        "content_type": "annual_report",
        "published_date": "2009-02-27",
        "fiscal_date": "2008-12-31",
        "fiscal_year": 2009,
        "fiscal_quarter": 2,
        "r2_url": "https://pub-2c783279b61043e19fbdadd1bee5153a.r2.dev/S/2009-02-27/d10k.htm/d10k.pdf",
        "periodicity": "periodic"
    },
    {
        "equity_ticker": "S",
        "geography": "US",
        "content_name": "S Q1 2009 10-Q",
        "file_type": "pdf",
        "content_type": "quarterly_report",
        "published_date": "2008-11-07",
        "fiscal_date": "2008-09-30",
        "fiscal_year": 2009,
        "fiscal_quarter": 1,
        "r2_url": "https://pub-2c783279b61043e19fbdadd1bee5153a.r2.dev/S/2008-11-07/d10q.htm/d10q.pdf",
        "periodicity": "periodic"
    },
    {
        "equity_ticker": "S",
        "geography": "US",
        "content_name": "S Q4 2008 10-Q",
        "file_type": "pdf",
        "content_type": "quarterly_report",
        "published_date": "2008-08-06",
        "fiscal_date": "2008-06-30",
        "fiscal_year": 2008,
        "fiscal_quarter": 4,
        "r2_url": "https://pub-2c783279b61043e19fbdadd1bee5153a.r2.dev/S/2008-08-06/d10q.htm/d10q.pdf",
        "periodicity": "periodic"
    },
    {
        "equity_ticker": "S",
        "geography": "US",
        "content_name": "S Q3 2008 10-Q",
        "file_type": "pdf",
        "content_type": "quarterly_report",
        "published_date": "2008-05-12",
        "fiscal_date": "2008-03-31",
        "fiscal_year": 2008,
        "fiscal_quarter": 3,
        "r2_url": "https://pub-2c783279b61043e19fbdadd1bee5153a.r2.dev/S/2008-05-12/d10q.htm/d10q.pdf",
        "periodicity": "periodic"
    },
    {
        "equity_ticker": "S",
        "geography": "US",
        "content_name": "S Q2 2008 10-K",
        "file_type": "pdf",
        "content_type": "annual_report",
        "published_date": "2008-02-29",
        "fiscal_date": "2007-12-31",
        "fiscal_year": 2008,
        "fiscal_quarter": 2,
        "r2_url": "https://pub-2c783279b61043e19fbdadd1bee5153a.r2.dev/S/2008-02-29/d10k.htm/d10k.pdf",
        "periodicity": "periodic"
    },
    {
        "equity_ticker": "S",
        "geography": "US",
        "content_name": "S Q1 2008 10-Q",
        "file_type": "pdf",
        "content_type": "quarterly_report",
        "published_date": "2007-11-09",
        "fiscal_date": "2007-09-30",
        "fiscal_year": 2008,
        "fiscal_quarter": 1,
        "r2_url": "https://pub-2c783279b61043e19fbdadd1bee5153a.r2.dev/S/2007-11-09/w41405e10vq.htm/w41405e10vq.pdf",
        "periodicity": "periodic"
    },
    {
        "equity_ticker": "S",
        "geography": "US",
        "content_name": "S Q4 2007 10-Q",
        "file_type": "pdf",
        "content_type": "quarterly_report",
        "published_date": "2007-08-09",
        "fiscal_date": "2007-06-30",
        "fiscal_year": 2007,
        "fiscal_quarter": 4,
        "r2_url": "https://pub-2c783279b61043e19fbdadd1bee5153a.r2.dev/S/2007-08-09/w37950e10vq.htm/w37950e10vq.pdf",
        "periodicity": "periodic"
    },
    {
        "equity_ticker": "S",
        "geography": "US",
        "content_name": "S Q3 2007 10-Q",
        "file_type": "pdf",
        "content_type": "quarterly_report",
        "published_date": "2007-05-09",
        "fiscal_date": "2007-03-31",
        "fiscal_year": 2007,
        "fiscal_quarter": 3,
        "r2_url": "https://pub-2c783279b61043e19fbdadd1bee5153a.r2.dev/S/2007-05-09/w34586e10vq.htm/w34586e10vq.pdf",
        "periodicity": "periodic"
    },
    {
        "equity_ticker": "S",
        "geography": "US",
        "content_name": "S Q2 2007 10-K",
        "file_type": "pdf",
        "content_type": "annual_report",
        "published_date": "2007-03-01",
        "fiscal_date": "2006-12-31",
        "fiscal_year": 2007,
        "fiscal_quarter": 2,
        "r2_url": "https://pub-2c783279b61043e19fbdadd1bee5153a.r2.dev/S/2007-03-01/w30609e10vk.htm/w30609e10vk.pdf",
        "periodicity": "periodic"
    },
    {
        "equity_ticker": "S",
        "geography": "US",
        "content_name": "S Q1 2007 10-Q",
        "file_type": "pdf",
        "content_type": "quarterly_report",
        "published_date": "2006-11-09",
        "fiscal_date": "2006-09-30",
        "fiscal_year": 2007,
        "fiscal_quarter": 1,
        "r2_url": "https://pub-2c783279b61043e19fbdadd1bee5153a.r2.dev/S/2006-11-09/d10q.htm/d10q.pdf",
        "periodicity": "periodic"
    },
    {
        "equity_ticker": "S",
        "geography": "US",
        "content_name": "S Q4 2006 10-Q",
        "file_type": "pdf",
        "content_type": "quarterly_report",
        "published_date": "2006-08-09",
        "fiscal_date": "2006-06-30",
        "fiscal_year": 2006,
        "fiscal_quarter": 4,
        "r2_url": "https://pub-2c783279b61043e19fbdadd1bee5153a.r2.dev/S/2006-08-09/d10q.htm/d10q.pdf",
        "periodicity": "periodic"
    },
    {
        "equity_ticker": "S",
        "geography": "US",
        "content_name": "S Q3 2006 10-Q",
        "file_type": "pdf",
        "content_type": "quarterly_report",
        "published_date": "2006-05-05",
        "fiscal_date": "2006-03-31",
        "fiscal_year": 2006,
        "fiscal_quarter": 3,
        "r2_url": "https://pub-2c783279b61043e19fbdadd1bee5153a.r2.dev/S/2006-05-05/d10q.htm/d10q.pdf",
        "periodicity": "periodic"
    },
    {
        "equity_ticker": "S",
        "geography": "US",
        "content_name": "S Q2 2006 10-K",
        "file_type": "pdf",
        "content_type": "annual_report",
        "published_date": "2006-03-07",
        "fiscal_date": "2005-12-31",
        "fiscal_year": 2006,
        "fiscal_quarter": 2,
        "r2_url": "https://pub-2c783279b61043e19fbdadd1bee5153a.r2.dev/S/2006-03-07/d10k.htm/d10k.pdf",
        "periodicity": "periodic"
    },
    {
        "equity_ticker": "S",
        "geography": "US",
        "content_name": "S Q1 2006 10-Q",
        "file_type": "pdf",
        "content_type": "quarterly_report",
        "published_date": "2005-11-09",
        "fiscal_date": "2005-09-30",
        "fiscal_year": 2006,
        "fiscal_quarter": 1,
        "r2_url": "https://pub-2c783279b61043e19fbdadd1bee5153a.r2.dev/S/2005-11-09/d10q.htm/d10q.pdf",
        "periodicity": "periodic"
    },
    {
        "equity_ticker": "S",
        "geography": "US",
        "content_name": "S Q4 2005 10-Q",
        "file_type": "pdf",
        "content_type": "quarterly_report",
        "published_date": "2005-08-05",
        "fiscal_date": "2005-06-30",
        "fiscal_year": 2005,
        "fiscal_quarter": 4,
        "r2_url": "https://pub-2c783279b61043e19fbdadd1bee5153a.r2.dev/S/2005-08-05/spr10q_2q05.htm/spr10q_2q05.pdf",
        "periodicity": "periodic"
    },
    {
        "equity_ticker": "S",
        "geography": "US",
        "content_name": "S Q3 2005 10-Q",
        "file_type": "pdf",
        "content_type": "quarterly_report",
        "published_date": "2005-05-09",
        "fiscal_date": "2005-03-31",
        "fiscal_year": 2005,
        "fiscal_quarter": 3,
        "r2_url": "https://pub-2c783279b61043e19fbdadd1bee5153a.r2.dev/S/2005-05-09/spr10q-1q05.txt/spr10q-1q05.pdf",
        "periodicity": "periodic"
    },
    {
        "equity_ticker": "S",
        "geography": "US",
        "content_name": "S Q2 2005 10-K",
        "file_type": "pdf",
        "content_type": "annual_report",
        "published_date": "2005-03-11",
        "fiscal_date": "2004-12-31",
        "fiscal_year": 2005,
        "fiscal_quarter": 2,
        "r2_url": "https://pub-2c783279b61043e19fbdadd1bee5153a.r2.dev/S/2005-03-11/d10k.htm/d10k.pdf",
        "periodicity": "periodic"
    },
    {
        "equity_ticker": "S",
        "geography": "US",
        "content_name": "S Q1 2005 10-K",
        "file_type": "pdf",
        "content_type": "annual_report",
        "published_date": "2005-02-24",
        "fiscal_date": "2005-01-01",
        "fiscal_year": 2005,
        "fiscal_quarter": 1,
        "r2_url": "https://pub-2c783279b61043e19fbdadd1bee5153a.r2.dev/S/2005-02-24/c92463e10vk.htm/c92463e10vk.pdf",
        "periodicity": "periodic"
    },
    {
        "equity_ticker": "S",
        "geography": "US",
        "content_name": "S Q3 2004 10-Q",
        "file_type": "pdf",
        "content_type": "quarterly_report",
        "published_date": "2004-11-08",
        "fiscal_date": "2004-10-02",
        "fiscal_year": 2004,
        "fiscal_quarter": 3,
        "r2_url": "https://pub-2c783279b61043e19fbdadd1bee5153a.r2.dev/S/2004-11-08/c89442e10vq.htm/c89442e10vq.pdf",
        "periodicity": "periodic"
    },
    {
        "equity_ticker": "S",
        "geography": "US",
        "content_name": "S Q2 2004 10-Q",
        "file_type": "pdf",
        "content_type": "quarterly_report",
        "published_date": "2004-08-10",
        "fiscal_date": "2004-07-03",
        "fiscal_year": 2004,
        "fiscal_quarter": 2,
        "r2_url": "https://pub-2c783279b61043e19fbdadd1bee5153a.r2.dev/S/2004-08-10/c87419e10vq.htm/c87419e10vq.pdf",
        "periodicity": "periodic"
    },
    {
        "equity_ticker": "S",
        "geography": "US",
        "content_name": "S Q4 2004 10-Q",
        "file_type": "pdf",
        "content_type": "quarterly_report",
        "published_date": "2004-05-10",
        "fiscal_date": "2004-04-03",
        "fiscal_year": 2004,
        "fiscal_quarter": 4,
        "r2_url": "https://pub-2c783279b61043e19fbdadd1bee5153a.r2.dev/S/2004-05-10/c85317e10vq.htm/c85317e10vq.pdf",
        "periodicity": "periodic"
    },
    {
        "equity_ticker": "S",
        "geography": "US",
        "content_name": "S Q2 2004 10-K",
        "file_type": "pdf",
        "content_type": "annual_report",
        "published_date": "2004-03-10",
        "fiscal_date": "2004-01-03",
        "fiscal_year": 2004,
        "fiscal_quarter": 2,
        "r2_url": "https://pub-2c783279b61043e19fbdadd1bee5153a.r2.dev/S/2004-03-10/c83519e10vk.htm/c83519e10vk.pdf",
        "periodicity": "periodic"
    },
    {
        "equity_ticker": "S",
        "geography": "US",
        "content_name": "S Q1 2004 10-K",
        "file_type": "pdf",
        "content_type": "annual_report",
        "published_date": "2004-03-09",
        "fiscal_date": "2003-12-31",
        "fiscal_year": 2004,
        "fiscal_quarter": 1,
        "r2_url": "https://pub-2c783279b61043e19fbdadd1bee5153a.r2.dev/S/2004-03-09/d10k.htm/d10k.pdf",
        "periodicity": "periodic"
    },
    {
        "equity_ticker": "S",
        "geography": "US",
        "content_name": "S Q4 2003 10-Q",
        "file_type": "pdf",
        "content_type": "quarterly_report",
        "published_date": "2003-11-10",
        "fiscal_date": "2003-09-30",
        "fiscal_year": 2003,
        "fiscal_quarter": 4,
        "r2_url": "https://pub-2c783279b61043e19fbdadd1bee5153a.r2.dev/S/2003-11-10/spr10q_3q03.txt/spr10q_3q03.pdf",
        "periodicity": "periodic"
    },
    {
        "equity_ticker": "S",
        "geography": "US",
        "content_name": "S Q3 2003 10-Q",
        "file_type": "pdf",
        "content_type": "quarterly_report",
        "published_date": "2003-11-04",
        "fiscal_date": "2003-09-27",
        "fiscal_year": 2003,
        "fiscal_quarter": 3,
        "r2_url": "https://pub-2c783279b61043e19fbdadd1bee5153a.r2.dev/S/2003-11-04/c80571e10vq.htm/c80571e10vq.pdf",
        "periodicity": "periodic"
    },
    {
        "equity_ticker": "S",
        "geography": "US",
        "content_name": "S Q2 2003 10-Q",
        "file_type": "pdf",
        "content_type": "quarterly_report",
        "published_date": "2003-08-12",
        "fiscal_date": "2003-06-30",
        "fiscal_year": 2003,
        "fiscal_quarter": 2,
        "r2_url": "https://pub-2c783279b61043e19fbdadd1bee5153a.r2.dev/S/2003-08-12/spr10q_2q03.txt/spr10q_2q03.pdf",
        "periodicity": "periodic"
    },
    {
        "equity_ticker": "S",
        "geography": "US",
        "content_name": "S Q1 2003 10-Q",
        "file_type": "pdf",
        "content_type": "quarterly_report",
        "published_date": "2003-08-07",
        "fiscal_date": "2003-06-28",
        "fiscal_year": 2003,
        "fiscal_quarter": 1,
        "r2_url": "https://pub-2c783279b61043e19fbdadd1bee5153a.r2.dev/S/2003-08-07/c78782e10vq.htm/c78782e10vq.pdf",
        "periodicity": "periodic"
    },
    {
        "equity_ticker": "S",
        "geography": "US",
        "content_name": "S Q4 2003 10-Q",
        "file_type": "pdf",
        "content_type": "quarterly_report",
        "published_date": "2003-05-14",
        "fiscal_date": "2003-03-31",
        "fiscal_year": 2003,
        "fiscal_quarter": 4,
        "r2_url": "https://pub-2c783279b61043e19fbdadd1bee5153a.r2.dev/S/2003-05-14/spr10q_1q03.txt/spr10q_1q03.pdf",
        "periodicity": "periodic"
    },
    {
        "equity_ticker": "S",
        "geography": "US",
        "content_name": "S Q3 2003 10-Q",
        "file_type": "pdf",
        "content_type": "quarterly_report",
        "published_date": "2003-05-08",
        "fiscal_date": "2003-03-29",
        "fiscal_year": 2003,
        "fiscal_quarter": 3,
        "r2_url": "https://pub-2c783279b61043e19fbdadd1bee5153a.r2.dev/S/2003-05-08/c76892e10vq.htm/c76892e10vq.pdf",
        "periodicity": "periodic"
    },
    {
        "equity_ticker": "S",
        "geography": "US",
        "content_name": "S Q2 2003 10-K",
        "file_type": "pdf",
        "content_type": "annual_report",
        "published_date": "2003-03-12",
        "fiscal_date": "2002-12-28",
        "fiscal_year": 2003,
        "fiscal_quarter": 2,
        "r2_url": "https://pub-2c783279b61043e19fbdadd1bee5153a.r2.dev/S/2003-03-12/c75342e10vk.htm/c75342e10vk.pdf",
        "periodicity": "periodic"
    },
    {
        "equity_ticker": "S",
        "geography": "US",
        "content_name": "S Q1 2003 10-K",
        "file_type": "pdf",
        "content_type": "annual_report",
        "published_date": "2003-03-07",
        "fiscal_date": "2002-12-31",
        "fiscal_year": 2003,
        "fiscal_quarter": 1,
        "r2_url": "https://pub-2c783279b61043e19fbdadd1bee5153a.r2.dev/S/2003-03-07/d10k.txt/d10k.pdf",
        "periodicity": "periodic"
    },
    {
        "equity_ticker": "S",
        "geography": "US",
        "content_name": "S Q3 2002 10-Q",
        "file_type": "pdf",
        "content_type": "quarterly_report",
        "published_date": "2002-11-12",
        "fiscal_date": "2002-09-28",
        "fiscal_year": 2002,
        "fiscal_quarter": 3,
        "r2_url": "https://pub-2c783279b61043e19fbdadd1bee5153a.r2.dev/S/2002-11-12/c72860e10vq.htm/c72860e10vq.pdf",
        "periodicity": "periodic"
    },
    {
        "equity_ticker": "S",
        "geography": "US",
        "content_name": "S Q2 2002 10-Q",
        "file_type": "pdf",
        "content_type": "quarterly_report",
        "published_date": "2002-08-09",
        "fiscal_date": "2002-06-29",
        "fiscal_year": 2002,
        "fiscal_quarter": 2,
        "r2_url": "https://pub-2c783279b61043e19fbdadd1bee5153a.r2.dev/S/2002-08-09/searsq210q2002.htm/searsq210q2002.pdf",
        "periodicity": "periodic"
    },
    {
        "equity_ticker": "S",
        "geography": "US",
        "content_name": "S Q3 2002 10-Q",
        "file_type": "pdf",
        "content_type": "quarterly_report",
        "published_date": "2002-05-07",
        "fiscal_date": "2002-03-30",
        "fiscal_year": 2002,
        "fiscal_quarter": 3,
        "r2_url": "https://pub-2c783279b61043e19fbdadd1bee5153a.r2.dev/S/2002-05-07/sears1q200210q.htm/sears1q200210q.pdf",
        "periodicity": "periodic"
    },
    {
        "equity_ticker": "S",
        "geography": "US",
        "content_name": "S Q2 2002 10-K",
        "file_type": "pdf",
        "content_type": "annual_report",
        "published_date": "2002-03-14",
        "fiscal_date": "2001-12-29",
        "fiscal_year": 2002,
        "fiscal_quarter": 2,
        "r2_url": "https://pub-2c783279b61043e19fbdadd1bee5153a.r2.dev/S/2002-03-14/sears10k2001.htm/sears10k2001.pdf",
        "periodicity": "periodic"
    },
    {
        "equity_ticker": "S",
        "geography": "US",
        "content_name": "S Q1 2002 10-K",
        "file_type": "pdf",
        "content_type": "annual_report",
        "published_date": "2002-03-04",
        "fiscal_date": "2001-12-31",
        "fiscal_year": 2002,
        "fiscal_quarter": 1,
        "r2_url": "https://pub-2c783279b61043e19fbdadd1bee5153a.r2.dev/S/2002-03-04/d10k.txt/d10k.pdf",
        "periodicity": "periodic"
    },
    {
        "equity_ticker": "S",
        "geography": "US",
        "content_name": "S Q3 2001 10-Q",
        "file_type": "pdf",
        "content_type": "quarterly_report",
        "published_date": "2001-11-09",
        "fiscal_date": "2001-09-29",
        "fiscal_year": 2001,
        "fiscal_quarter": 3,
        "r2_url": "https://pub-2c783279b61043e19fbdadd1bee5153a.r2.dev/S/2001-11-09/q310q.htm/q310q.pdf",
        "periodicity": "periodic"
    },
    {
        "equity_ticker": "S",
        "geography": "US",
        "content_name": "S Q1 2001 10-Q",
        "file_type": "pdf",
        "content_type": "quarterly_report",
        "published_date": "2001-08-09",
        "fiscal_date": "2001-06-30",
        "fiscal_year": 2001,
        "fiscal_quarter": 1,
        "r2_url": "https://pub-2c783279b61043e19fbdadd1bee5153a.r2.dev/S/2001-08-09/sears2q0110q.htm/sears2q0110q.pdf",
        "periodicity": "periodic"
    },
    {
        "equity_ticker": "S",
        "geography": "US",
        "content_name": "S Q4 2001 10-Q",
        "file_type": "pdf",
        "content_type": "quarterly_report",
        "published_date": "2001-05-15",
        "fiscal_date": "2001-03-31",
        "fiscal_year": 2001,
        "fiscal_quarter": 4,
        "r2_url": "https://pub-2c783279b61043e19fbdadd1bee5153a.r2.dev/S/2001-05-15/spr1q01.txt/spr1q01.pdf",
        "periodicity": "periodic"
    },
    {
        "equity_ticker": "S",
        "geography": "US",
        "content_name": "S Q3 2001 10-Q",
        "file_type": "pdf",
        "content_type": "quarterly_report",
        "published_date": "2001-05-11",
        "fiscal_date": "2001-03-31",
        "fiscal_year": 2001,
        "fiscal_quarter": 3,
        "r2_url": "https://pub-2c783279b61043e19fbdadd1bee5153a.r2.dev/S/2001-05-11/searsqtest.htm/searsqtest.pdf",
        "periodicity": "periodic"
    },
    {
        "equity_ticker": "S",
        "geography": "US",
        "content_name": "S Q2 2001 10-K",
        "file_type": "pdf",
        "content_type": "annual_report",
        "published_date": "2001-03-21",
        "fiscal_date": "2000-12-30",
        "fiscal_year": 2001,
        "fiscal_quarter": 2,
        "r2_url": "https://pub-2c783279b61043e19fbdadd1bee5153a.r2.dev/S/2001-03-21/cleanfinal10-k2000.htm/cleanfinal10-k2000.pdf",
        "periodicity": "periodic"
    },
    {
        "equity_ticker": "S",
        "geography": "US",
        "content_name": "S Q1 2001 10-K",
        "file_type": "pdf",
        "content_type": "annual_report",
        "published_date": "2001-03-13",
        "fiscal_date": "2000-12-31",
        "fiscal_year": 2001,
        "fiscal_quarter": 1,
        "r2_url": "https://pub-2c783279b61043e19fbdadd1bee5153a.r2.dev/S/2001-03-13/0000950131-01-001515-0001.txt/0000950131-01-001515-0001.pdf",
        "periodicity": "periodic"
    },
    {
        "equity_ticker": "S",
        "geography": "US",
        "content_name": "S Q4 2000 10-Q",
        "file_type": "pdf",
        "content_type": "quarterly_report",
        "published_date": "2000-11-13",
        "fiscal_date": "2000-09-30",
        "fiscal_year": 2000,
        "fiscal_quarter": 4,
        "r2_url": "https://pub-2c783279b61043e19fbdadd1bee5153a.r2.dev/S/2000-11-13/0000101830-00-000029-0001.txt/0000101830-00-000029-0001.pdf",
        "periodicity": "periodic"
    },
    {
        "equity_ticker": "S",
        "geography": "US",
        "content_name": "S Q3 2000 10-Q",
        "file_type": "pdf",
        "content_type": "quarterly_report",
        "published_date": "2000-11-03",
        "fiscal_date": "2000-09-30",
        "fiscal_year": 2000,
        "fiscal_quarter": 3,
        "r2_url": "https://pub-2c783279b61043e19fbdadd1bee5153a.r2.dev/S/2000-11-03/0000319256-00-000032-0001.htm/0000319256-00-000032-0001.pdf",
        "periodicity": "periodic"
    },
    {
        "equity_ticker": "S",
        "geography": "US",
        "content_name": "S Q2 2000 10-Q",
        "file_type": "pdf",
        "content_type": "quarterly_report",
        "published_date": "2000-08-15",
        "fiscal_date": "2000-07-01",
        "fiscal_year": 2000,
        "fiscal_quarter": 2,
        "r2_url": "https://pub-2c783279b61043e19fbdadd1bee5153a.r2.dev/S/2000-08-15/0000319256-00-000028-0001.htm/0000319256-00-000028-0001.pdf",
        "periodicity": "periodic"
    },
    {
        "equity_ticker": "S",
        "geography": "US",
        "content_name": "S Q1 2000 10-Q",
        "file_type": "pdf",
        "content_type": "quarterly_report",
        "published_date": "2000-08-11",
        "fiscal_date": "2000-06-30",
        "fiscal_year": 2000,
        "fiscal_quarter": 1,
        "r2_url": "https://pub-2c783279b61043e19fbdadd1bee5153a.r2.dev/S/2000-08-11/0000101830-00-000025-0001.txt/0000101830-00-000025-0001.pdf",
        "periodicity": "periodic"
    },
    {
        "equity_ticker": "S",
        "geography": "US",
        "content_name": "S Q2 1999 10-Q",
        "file_type": "pdf",
        "content_type": "quarterly_report",
        "published_date": "1999-05-13",
        "fiscal_date": "1999-03-31",
        "fiscal_year": 1999,
        "fiscal_quarter": 2,
        "r2_url": "https://pub-2c783279b61043e19fbdadd1bee5153a.r2.dev/S/1999-05-13/.pdf",
        "periodicity": "periodic"
    },
    {
        "equity_ticker": "S",
        "geography": "US",
        "content_name": "S Q1 1999 10-Q",
        "file_type": "pdf",
        "content_type": "quarterly_report",
        "published_date": "1999-05-07",
        "fiscal_date": "1999-04-03",
        "fiscal_year": 1999,
        "fiscal_quarter": 1,
        "r2_url": "https://pub-2c783279b61043e19fbdadd1bee5153a.r2.dev/S/1999-05-07/.pdf",
        "periodicity": "periodic"
    },
    {
        "equity_ticker": "S",
        "geography": "US",
        "content_name": "S Q4 1999 10-K",
        "file_type": "pdf",
        "content_type": "annual_report",
        "published_date": "1999-03-19",
        "fiscal_date": "1999-01-02",
        "fiscal_year": 1999,
        "fiscal_quarter": 4,
        "r2_url": "https://pub-2c783279b61043e19fbdadd1bee5153a.r2.dev/S/1999-03-19/.pdf",
        "periodicity": "periodic"
    },
    {
        "equity_ticker": "S",
        "geography": "US",
        "content_name": "S Q3 1999 10-K",
        "file_type": "pdf",
        "content_type": "annual_report",
        "published_date": "1999-03-05",
        "fiscal_date": "1998-12-31",
        "fiscal_year": 1999,
        "fiscal_quarter": 3,
        "r2_url": "https://pub-2c783279b61043e19fbdadd1bee5153a.r2.dev/S/1999-03-05/.pdf",
        "periodicity": "periodic"
    },
    {
        "equity_ticker": "S",
        "geography": "US",
        "content_name": "S Q2 1999 10-Q",
        "file_type": "pdf",
        "content_type": "quarterly_report",
        "published_date": "1998-11-09",
        "fiscal_date": "1998-10-03",
        "fiscal_year": 1999,
        "fiscal_quarter": 2,
        "r2_url": "https://pub-2c783279b61043e19fbdadd1bee5153a.r2.dev/S/1998-11-09/.pdf",
        "periodicity": "periodic"
    },
    {
        "equity_ticker": "S",
        "geography": "US",
        "content_name": "S Q1 1999 10-Q",
        "file_type": "pdf",
        "content_type": "quarterly_report",
        "published_date": "1998-11-02",
        "fiscal_date": "1998-09-30",
        "fiscal_year": 1999,
        "fiscal_quarter": 1,
        "r2_url": "https://pub-2c783279b61043e19fbdadd1bee5153a.r2.dev/S/1998-11-02/.pdf",
        "periodicity": "periodic"
    },
    {
        "equity_ticker": "S",
        "geography": "US",
        "content_name": "S Q4 1998 10-Q",
        "file_type": "pdf",
        "content_type": "quarterly_report",
        "published_date": "1998-08-18",
        "fiscal_date": "1998-07-04",
        "fiscal_year": 1998,
        "fiscal_quarter": 4,
        "r2_url": "https://pub-2c783279b61043e19fbdadd1bee5153a.r2.dev/S/1998-08-18/.pdf",
        "periodicity": "periodic"
    },
    {
        "equity_ticker": "S",
        "geography": "US",
        "content_name": "S Q3 1998 10-Q",
        "file_type": "pdf",
        "content_type": "quarterly_report",
        "published_date": "1998-08-10",
        "fiscal_date": "1998-06-30",
        "fiscal_year": 1998,
        "fiscal_quarter": 3,
        "r2_url": "https://pub-2c783279b61043e19fbdadd1bee5153a.r2.dev/S/1998-08-10/.pdf",
        "periodicity": "periodic"
    },
    {
        "equity_ticker": "S",
        "geography": "US",
        "content_name": "S Q2 1998 10-Q",
        "file_type": "pdf",
        "content_type": "quarterly_report",
        "published_date": "1998-05-15",
        "fiscal_date": "1998-04-04",
        "fiscal_year": 1998,
        "fiscal_quarter": 2,
        "r2_url": "https://pub-2c783279b61043e19fbdadd1bee5153a.r2.dev/S/1998-05-15/.pdf",
        "periodicity": "periodic"
    },
    {
        "equity_ticker": "S",
        "geography": "US",
        "content_name": "S Q1 1998 10-Q",
        "file_type": "pdf",
        "content_type": "quarterly_report",
        "published_date": "1998-05-06",
        "fiscal_date": "1998-03-31",
        "fiscal_year": 1998,
        "fiscal_quarter": 1,
        "r2_url": "https://pub-2c783279b61043e19fbdadd1bee5153a.r2.dev/S/1998-05-06/.pdf",
        "periodicity": "periodic"
    },
    {
        "equity_ticker": "S",
        "geography": "US",
        "content_name": "S Q4 1997 10-K",
        "file_type": "pdf",
        "content_type": "annual_report",
        "published_date": "1998-03-05",
        "fiscal_date": "1997-12-31",
        "fiscal_year": 1997,
        "fiscal_quarter": 4,
        "r2_url": "https://pub-2c783279b61043e19fbdadd1bee5153a.r2.dev/S/1998-03-05/.pdf",
        "periodicity": "periodic"
    },
    {
        "equity_ticker": "S",
        "geography": "US",
        "content_name": "S Q3 1997 10-Q",
        "file_type": "pdf",
        "content_type": "quarterly_report",
        "published_date": "1997-11-10",
        "fiscal_date": "1997-09-30",
        "fiscal_year": 1997,
        "fiscal_quarter": 3,
        "r2_url": "https://pub-2c783279b61043e19fbdadd1bee5153a.r2.dev/S/1997-11-10/.pdf",
        "periodicity": "periodic"
    },
    {
        "equity_ticker": "S",
        "geography": "US",
        "content_name": "S Q2 1997 10-Q",
        "file_type": "pdf",
        "content_type": "quarterly_report",
        "published_date": "1997-10-31",
        "fiscal_date": "1997-09-27",
        "fiscal_year": 1997,
        "fiscal_quarter": 2,
        "r2_url": "https://pub-2c783279b61043e19fbdadd1bee5153a.r2.dev/S/1997-10-31/.pdf",
        "periodicity": "periodic"
    },
    {
        "equity_ticker": "S",
        "geography": "US",
        "content_name": "S Q1 1997 10-Q",
        "file_type": "pdf",
        "content_type": "quarterly_report",
        "published_date": "1997-08-08",
        "fiscal_date": "1997-06-30",
        "fiscal_year": 1997,
        "fiscal_quarter": 1,
        "r2_url": "https://pub-2c783279b61043e19fbdadd1bee5153a.r2.dev/S/1997-08-08/.pdf",
        "periodicity": "periodic"
    },
    {
        "equity_ticker": "S",
        "geography": "US",
        "content_name": "S Q4 1997 10-Q",
        "file_type": "pdf",
        "content_type": "quarterly_report",
        "published_date": "1997-07-25",
        "fiscal_date": "1997-06-28",
        "fiscal_year": 1997,
        "fiscal_quarter": 4,
        "r2_url": "https://pub-2c783279b61043e19fbdadd1bee5153a.r2.dev/S/1997-07-25/.pdf",
        "periodicity": "periodic"
    },
    {
        "equity_ticker": "S",
        "geography": "US",
        "content_name": "S Q3 1997 10-Q",
        "file_type": "pdf",
        "content_type": "quarterly_report",
        "published_date": "1997-05-06",
        "fiscal_date": "1997-03-31",
        "fiscal_year": 1997,
        "fiscal_quarter": 3,
        "r2_url": "https://pub-2c783279b61043e19fbdadd1bee5153a.r2.dev/S/1997-05-06/.pdf",
        "periodicity": "periodic"
    },
    {
        "equity_ticker": "S",
        "geography": "US",
        "content_name": "S Q2 1997 10-Q",
        "file_type": "pdf",
        "content_type": "quarterly_report",
        "published_date": "1997-04-18",
        "fiscal_date": "1997-03-30",
        "fiscal_year": 1997,
        "fiscal_quarter": 2,
        "r2_url": "https://pub-2c783279b61043e19fbdadd1bee5153a.r2.dev/S/1997-04-18/.pdf",
        "periodicity": "periodic"
    },
    {
        "equity_ticker": "S",
        "geography": "US",
        "content_name": "S Q1 1997 10-K",
        "file_type": "pdf",
        "content_type": "annual_report",
        "published_date": "1997-03-11",
        "fiscal_date": "1996-12-31",
        "fiscal_year": 1997,
        "fiscal_quarter": 1,
        "r2_url": "https://pub-2c783279b61043e19fbdadd1bee5153a.r2.dev/S/1997-03-11/.pdf",
        "periodicity": "periodic"
    },
    {
        "equity_ticker": "S",
        "geography": "US",
        "content_name": "S Q4 1996 10-Q",
        "file_type": "pdf",
        "content_type": "quarterly_report",
        "published_date": "1996-11-08",
        "fiscal_date": "1996-09-28",
        "fiscal_year": 1996,
        "fiscal_quarter": 4,
        "r2_url": "https://pub-2c783279b61043e19fbdadd1bee5153a.r2.dev/S/1996-11-08/.pdf",
        "periodicity": "periodic"
    },
    {
        "equity_ticker": "S",
        "geography": "US",
        "content_name": "S Q3 1996 10-Q",
        "file_type": "pdf",
        "content_type": "quarterly_report",
        "published_date": "1996-11-08",
        "fiscal_date": "1996-09-30",
        "fiscal_year": 1996,
        "fiscal_quarter": 3,
        "r2_url": "https://pub-2c783279b61043e19fbdadd1bee5153a.r2.dev/S/1996-11-08/.pdf",
        "periodicity": "periodic"
    },
    {
        "equity_ticker": "S",
        "geography": "US",
        "content_name": "S Q2 1996 10-Q",
        "file_type": "pdf",
        "content_type": "quarterly_report",
        "published_date": "1996-08-13",
        "fiscal_date": "1996-06-29",
        "fiscal_year": 1996,
        "fiscal_quarter": 2,
        "r2_url": "https://pub-2c783279b61043e19fbdadd1bee5153a.r2.dev/S/1996-08-13/.pdf",
        "periodicity": "periodic"
    },
    {
        "equity_ticker": "S",
        "geography": "US",
        "content_name": "S Q1 1996 10-Q",
        "file_type": "pdf",
        "content_type": "quarterly_report",
        "published_date": "1996-08-13",
        "fiscal_date": "1996-06-30",
        "fiscal_year": 1996,
        "fiscal_quarter": 1,
        "r2_url": "https://pub-2c783279b61043e19fbdadd1bee5153a.r2.dev/S/1996-08-13/.pdf",
        "periodicity": "periodic"
    },
    {
        "equity_ticker": "S",
        "geography": "US",
        "content_name": "S Q4 1996 10-Q",
        "file_type": "pdf",
        "content_type": "quarterly_report",
        "published_date": "1996-05-14",
        "fiscal_date": "1996-03-30",
        "fiscal_year": 1996,
        "fiscal_quarter": 4,
        "r2_url": "https://pub-2c783279b61043e19fbdadd1bee5153a.r2.dev/S/1996-05-14/.pdf",
        "periodicity": "periodic"
    },
    {
        "equity_ticker": "S",
        "geography": "US",
        "content_name": "S Q3 1996 10-Q",
        "file_type": "pdf",
        "content_type": "quarterly_report",
        "published_date": "1996-05-14",
        "fiscal_date": "1996-03-31",
        "fiscal_year": 1996,
        "fiscal_quarter": 3,
        "r2_url": "https://pub-2c783279b61043e19fbdadd1bee5153a.r2.dev/S/1996-05-14/.pdf",
        "periodicity": "periodic"
    },
    {
        "equity_ticker": "S",
        "geography": "US",
        "content_name": "S Q2 1996 10-K",
        "file_type": "pdf",
        "content_type": "annual_report",
        "published_date": "1996-03-28",
        "fiscal_date": "1995-12-30",
        "fiscal_year": 1996,
        "fiscal_quarter": 2,
        "r2_url": "https://pub-2c783279b61043e19fbdadd1bee5153a.r2.dev/S/1996-03-28/.pdf",
        "periodicity": "periodic"
    },
    {
        "equity_ticker": "S",
        "geography": "US",
        "content_name": "S Q1 1996 10-Q",
        "file_type": "pdf",
        "content_type": "quarterly_report",
        "published_date": "1995-11-14",
        "fiscal_date": "1995-09-30",
        "fiscal_year": 1996,
        "fiscal_quarter": 1,
        "r2_url": "https://pub-2c783279b61043e19fbdadd1bee5153a.r2.dev/S/1995-11-14/.pdf",
        "periodicity": "periodic"
    },
    {
        "equity_ticker": "S",
        "geography": "US",
        "content_name": "S Q4 1995 10-Q",
        "file_type": "pdf",
        "content_type": "quarterly_report",
        "published_date": "1995-11-09",
        "fiscal_date": "1995-09-30",
        "fiscal_year": 1995,
        "fiscal_quarter": 4,
        "r2_url": "https://pub-2c783279b61043e19fbdadd1bee5153a.r2.dev/S/1995-11-09/.pdf",
        "periodicity": "periodic"
    },
    {
        "equity_ticker": "S",
        "geography": "US",
        "content_name": "S Q3 1995 10-Q",
        "file_type": "pdf",
        "content_type": "quarterly_report",
        "published_date": "1995-08-14",
        "fiscal_date": "1995-07-01",
        "fiscal_year": 1995,
        "fiscal_quarter": 3,
        "r2_url": "https://pub-2c783279b61043e19fbdadd1bee5153a.r2.dev/S/1995-08-14/.pdf",
        "periodicity": "periodic"
    },
    {
        "equity_ticker": "S",
        "geography": "US",
        "content_name": "S Q2 1995 10-Q",
        "file_type": "pdf",
        "content_type": "quarterly_report",
        "published_date": "1995-08-10",
        "fiscal_date": "1995-06-30",
        "fiscal_year": 1995,
        "fiscal_quarter": 2,
        "r2_url": "https://pub-2c783279b61043e19fbdadd1bee5153a.r2.dev/S/1995-08-10/.pdf",
        "periodicity": "periodic"
    },
    {
        "equity_ticker": "S",
        "geography": "US",
        "content_name": "S Q1 1995 10-Q",
        "file_type": "pdf",
        "content_type": "quarterly_report",
        "published_date": "1995-05-16",
        "fiscal_date": "1995-04-01",
        "fiscal_year": 1995,
        "fiscal_quarter": 1,
        "r2_url": "https://pub-2c783279b61043e19fbdadd1bee5153a.r2.dev/S/1995-05-16/.pdf",
        "periodicity": "periodic"
    },
    {
        "equity_ticker": "S",
        "geography": "US",
        "content_name": "S Q4 1995 10-Q",
        "file_type": "pdf",
        "content_type": "quarterly_report",
        "published_date": "1995-05-08",
        "fiscal_date": "1995-03-31",
        "fiscal_year": 1995,
        "fiscal_quarter": 4,
        "r2_url": "https://pub-2c783279b61043e19fbdadd1bee5153a.r2.dev/S/1995-05-08/.pdf",
        "periodicity": "periodic"
    },
    {
        "equity_ticker": "S",
        "geography": "US",
        "content_name": "S Q3 1995 10-K",
        "file_type": "pdf",
        "content_type": "annual_report",
        "published_date": "1995-03-07",
        "fiscal_date": "1994-12-31",
        "fiscal_year": 1995,
        "fiscal_quarter": 3,
        "r2_url": "https://pub-2c783279b61043e19fbdadd1bee5153a.r2.dev/S/1995-03-07/.pdf",
        "periodicity": "periodic"
    },
    {
        "equity_ticker": "S",
        "geography": "US",
        "content_name": "S Q2 1995 10-Q",
        "file_type": "pdf",
        "content_type": "quarterly_report",
        "published_date": "1994-11-14",
        "fiscal_date": "1994-09-30",
        "fiscal_year": 1995,
        "fiscal_quarter": 2,
        "r2_url": "https://pub-2c783279b61043e19fbdadd1bee5153a.r2.dev/S/1994-11-14/.pdf",
        "periodicity": "periodic"
    },
    {
        "equity_ticker": "S",
        "geography": "US",
        "content_name": "S Q1 1995 10-Q",
        "file_type": "pdf",
        "content_type": "quarterly_report",
        "published_date": "1994-08-12",
        "fiscal_date": "1994-06-30",
        "fiscal_year": 1995,
        "fiscal_quarter": 1,
        "r2_url": "https://pub-2c783279b61043e19fbdadd1bee5153a.r2.dev/S/1994-08-12/.pdf",
        "periodicity": "periodic"
    },
    {
        "equity_ticker": "S",
        "geography": "US",
        "content_name": "S Q4 1994 10-Q",
        "file_type": "pdf",
        "content_type": "quarterly_report",
        "published_date": "1994-05-13",
        "fiscal_date": "1994-03-31",
        "fiscal_year": 1994,
        "fiscal_quarter": 4,
        "r2_url": "https://pub-2c783279b61043e19fbdadd1bee5153a.r2.dev/S/1994-05-13/.pdf",
        "periodicity": "periodic"
    },
    {
        "equity_ticker": "S",
        "geography": "US",
        "content_name": "S Q3 1994 10-K",
        "file_type": "pdf",
        "content_type": "annual_report",
        "published_date": "1994-03-15",
        "fiscal_date": "1993-12-31",
        "fiscal_year": 1994,
        "fiscal_quarter": 3,
        "r2_url": "https://pub-2c783279b61043e19fbdadd1bee5153a.r2.dev/S/1994-03-15/.pdf",
        "periodicity": "periodic"
    }
]