[
    {
        "equity_ticker": "SNDK",
        "geography": "US",
        "content_name": "Cantor Fitzgerald Global Technology Conference - March 11, 2025",
        "file_type": "pdf",
        "content_type": "company_conference_transcript",
        "published_date": "2025-03-11",
        "fiscal_date": "2025-03-11",
        "fiscal_year": null,
        "fiscal_quarter": null,
        "r2_url": "https://pub-2c783279b61043e19fbdadd1bee5153a.r2.dev/SNDK/2025-03-11/Sandisk%20Corporation_2025-03-11_transcript/Sandisk%20Corporation_2025-03-11_transcript.pdf/Sandisk%20Corporation_2025-03-11_transcript.pdf",
        "periodicity": "non_periodic"
    },
    {
        "equity_ticker": "SNDK",
        "geography": "US",
        "content_name": "Morgan Stanley Technology, Media & Telecom Conference - March 3, 2025",
        "file_type": "pdf",
        "content_type": "sellside_conference_transcript",
        "published_date": "2025-03-03",
        "fiscal_date": "2025-03-03",
        "fiscal_year": null,
        "fiscal_quarter": null,
        "r2_url": "https://pub-2c783279b61043e19fbdadd1bee5153a.r2.dev/SNDK/2025-03-03/Sandisk%20Corporation_2025-03-03_transcript/Sandisk%20Corporation_2025-03-03_transcript.pdf/Sandisk%20Corporation_2025-03-03_transcript.pdf",
        "periodicity": "non_periodic"
    },
    {
        "equity_ticker": "SNDK",
        "geography": "US",
        "content_name": "Investor Day 2025 - February 11, 2025",
        "file_type": "pdf",
        "content_type": "company_conference_transcript",
        "published_date": "2025-02-11",
        "fiscal_date": "2025-02-11",
        "fiscal_year": null,
        "fiscal_quarter": null,
        "r2_url": "https://pub-2c783279b61043e19fbdadd1bee5153a.r2.dev/SNDK/2025-02-11/Sandisk%20Corporation_2025-02-11_transcript/Sandisk%20Corporation_2025-02-11_transcript.pdf/Sandisk%20Corporation_2025-02-11_transcript.pdf",
        "periodicity": "non_periodic"
    },
    {
        "equity_ticker": "SNDK",
        "geography": "US",
        "content_name": "SNDK Q4 2024 10-Q",
        "file_type": "pdf",
        "content_type": "quarterly_report",
        "published_date": "2025-03-07",
        "fiscal_date": "2024-12-27",
        "fiscal_year": 2024,
        "fiscal_quarter": 4,
        "r2_url": "https://pub-2c783279b61043e19fbdadd1bee5153a.r2.dev/SNDK/2025-03-07/sndk-20241227.htm/sndk-20241227.pdf",
        "periodicity": "periodic"
    },
    {
        "equity_ticker": "SNDK",
        "geography": "US",
        "content_name": "SNDK Q3 2024 10-Q",
        "file_type": "pdf",
        "content_type": "quarterly_report",
        "published_date": "2016-05-02",
        "fiscal_date": "2016-04-03",
        "fiscal_year": 2024,
        "fiscal_quarter": 3,
        "r2_url": "https://pub-2c783279b61043e19fbdadd1bee5153a.r2.dev/SNDK/2016-05-02/sndk2016-q110xq.htm/sndk2016-q110xq.pdf",
        "periodicity": "periodic"
    },
    {
        "equity_ticker": "SNDK",
        "geography": "US",
        "content_name": "SNDK Q2 2024 10-K",
        "file_type": "pdf",
        "content_type": "annual_report",
        "published_date": "2016-02-12",
        "fiscal_date": "2016-01-03",
        "fiscal_year": 2024,
        "fiscal_quarter": 2,
        "r2_url": "https://pub-2c783279b61043e19fbdadd1bee5153a.r2.dev/SNDK/2016-02-12/sndk201510-k.htm/sndk201510-k.pdf",
        "periodicity": "periodic"
    },
    {
        "equity_ticker": "SNDK",
        "geography": "US",
        "content_name": "SNDK Q1 2024 10-Q",
        "file_type": "pdf",
        "content_type": "quarterly_report",
        "published_date": "2015-10-30",
        "fiscal_date": "2015-09-27",
        "fiscal_year": 2024,
        "fiscal_quarter": 1,
        "r2_url": "https://pub-2c783279b61043e19fbdadd1bee5153a.r2.dev/SNDK/2015-10-30/sndkq31510-q.htm/sndkq31510-q.pdf",
        "periodicity": "periodic"
    },
    {
        "equity_ticker": "SNDK",
        "geography": "US",
        "content_name": "SNDK Q4 2015 10-Q",
        "file_type": "pdf",
        "content_type": "quarterly_report",
        "published_date": "2015-07-31",
        "fiscal_date": "2015-06-28",
        "fiscal_year": 2015,
        "fiscal_quarter": 4,
        "r2_url": "https://pub-2c783279b61043e19fbdadd1bee5153a.r2.dev/SNDK/2015-07-31/sndkq21510-q.htm/sndkq21510-q.pdf",
        "periodicity": "periodic"
    },
    {
        "equity_ticker": "SNDK",
        "geography": "US",
        "content_name": "SNDK Q3 2015 10-Q",
        "file_type": "pdf",
        "content_type": "quarterly_report",
        "published_date": "2015-04-30",
        "fiscal_date": "2015-03-29",
        "fiscal_year": 2015,
        "fiscal_quarter": 3,
        "r2_url": "https://pub-2c783279b61043e19fbdadd1bee5153a.r2.dev/SNDK/2015-04-30/sndkq11510-q.htm/sndkq11510-q.pdf",
        "periodicity": "periodic"
    },
    {
        "equity_ticker": "SNDK",
        "geography": "US",
        "content_name": "SNDK Q2 2015 10-K",
        "file_type": "pdf",
        "content_type": "annual_report",
        "published_date": "2015-02-10",
        "fiscal_date": "2014-12-28",
        "fiscal_year": 2015,
        "fiscal_quarter": 2,
        "r2_url": "https://pub-2c783279b61043e19fbdadd1bee5153a.r2.dev/SNDK/2015-02-10/sndk201410-k.htm/sndk201410-k.pdf",
        "periodicity": "periodic"
    },
    {
        "equity_ticker": "SNDK",
        "geography": "US",
        "content_name": "SNDK Q1 2015 10-Q",
        "file_type": "pdf",
        "content_type": "quarterly_report",
        "published_date": "2014-10-31",
        "fiscal_date": "2014-09-28",
        "fiscal_year": 2015,
        "fiscal_quarter": 1,
        "r2_url": "https://pub-2c783279b61043e19fbdadd1bee5153a.r2.dev/SNDK/2014-10-31/sndkq31410-q.htm/sndkq31410-q.pdf",
        "periodicity": "periodic"
    },
    {
        "equity_ticker": "SNDK",
        "geography": "US",
        "content_name": "SNDK Q4 2014 10-Q",
        "file_type": "pdf",
        "content_type": "quarterly_report",
        "published_date": "2014-07-31",
        "fiscal_date": "2014-06-29",
        "fiscal_year": 2014,
        "fiscal_quarter": 4,
        "r2_url": "https://pub-2c783279b61043e19fbdadd1bee5153a.r2.dev/SNDK/2014-07-31/sndkq21410-q.htm/sndkq21410-q.pdf",
        "periodicity": "periodic"
    },
    {
        "equity_ticker": "SNDK",
        "geography": "US",
        "content_name": "SNDK Q3 2014 10-Q",
        "file_type": "pdf",
        "content_type": "quarterly_report",
        "published_date": "2014-05-01",
        "fiscal_date": "2014-03-30",
        "fiscal_year": 2014,
        "fiscal_quarter": 3,
        "r2_url": "https://pub-2c783279b61043e19fbdadd1bee5153a.r2.dev/SNDK/2014-05-01/sndkq11410-q.htm/sndkq11410-q.pdf",
        "periodicity": "periodic"
    },
    {
        "equity_ticker": "SNDK",
        "geography": "US",
        "content_name": "SNDK Q2 2014 10-K",
        "file_type": "pdf",
        "content_type": "annual_report",
        "published_date": "2014-02-21",
        "fiscal_date": "2013-12-29",
        "fiscal_year": 2014,
        "fiscal_quarter": 2,
        "r2_url": "https://pub-2c783279b61043e19fbdadd1bee5153a.r2.dev/SNDK/2014-02-21/sndk201310-k.htm/sndk201310-k.pdf",
        "periodicity": "periodic"
    },
    {
        "equity_ticker": "SNDK",
        "geography": "US",
        "content_name": "SNDK Q1 2014 10-Q",
        "file_type": "pdf",
        "content_type": "quarterly_report",
        "published_date": "2013-10-22",
        "fiscal_date": "2013-09-29",
        "fiscal_year": 2014,
        "fiscal_quarter": 1,
        "r2_url": "https://pub-2c783279b61043e19fbdadd1bee5153a.r2.dev/SNDK/2013-10-22/sndkq31310-q.htm/sndkq31310-q.pdf",
        "periodicity": "periodic"
    },
    {
        "equity_ticker": "SNDK",
        "geography": "US",
        "content_name": "SNDK Q4 2013 10-Q",
        "file_type": "pdf",
        "content_type": "quarterly_report",
        "published_date": "2013-07-29",
        "fiscal_date": "2013-06-30",
        "fiscal_year": 2013,
        "fiscal_quarter": 4,
        "r2_url": "https://pub-2c783279b61043e19fbdadd1bee5153a.r2.dev/SNDK/2013-07-29/sndkq21310-q.htm/sndkq21310-q.pdf",
        "periodicity": "periodic"
    },
    {
        "equity_ticker": "SNDK",
        "geography": "US",
        "content_name": "SNDK Q3 2013 10-Q",
        "file_type": "pdf",
        "content_type": "quarterly_report",
        "published_date": "2013-05-03",
        "fiscal_date": "2013-03-31",
        "fiscal_year": 2013,
        "fiscal_quarter": 3,
        "r2_url": "https://pub-2c783279b61043e19fbdadd1bee5153a.r2.dev/SNDK/2013-05-03/sndkq11310-q.htm/sndkq11310-q.pdf",
        "periodicity": "periodic"
    },
    {
        "equity_ticker": "SNDK",
        "geography": "US",
        "content_name": "SNDK Q2 2013 10-K",
        "file_type": "pdf",
        "content_type": "annual_report",
        "published_date": "2013-02-19",
        "fiscal_date": "2012-12-30",
        "fiscal_year": 2013,
        "fiscal_quarter": 2,
        "r2_url": "https://pub-2c783279b61043e19fbdadd1bee5153a.r2.dev/SNDK/2013-02-19/sndk201210-k.htm/sndk201210-k.pdf",
        "periodicity": "periodic"
    },
    {
        "equity_ticker": "SNDK",
        "geography": "US",
        "content_name": "SNDK Q1 2013 10-Q",
        "file_type": "pdf",
        "content_type": "quarterly_report",
        "published_date": "2012-11-05",
        "fiscal_date": "2012-09-30",
        "fiscal_year": 2013,
        "fiscal_quarter": 1,
        "r2_url": "https://pub-2c783279b61043e19fbdadd1bee5153a.r2.dev/SNDK/2012-11-05/sndkq31210-q.htm/sndkq31210-q.pdf",
        "periodicity": "periodic"
    },
    {
        "equity_ticker": "SNDK",
        "geography": "US",
        "content_name": "SNDK Q4 2012 10-Q",
        "file_type": "pdf",
        "content_type": "quarterly_report",
        "published_date": "2012-08-06",
        "fiscal_date": "2012-07-01",
        "fiscal_year": 2012,
        "fiscal_quarter": 4,
        "r2_url": "https://pub-2c783279b61043e19fbdadd1bee5153a.r2.dev/SNDK/2012-08-06/sndkq21210-q.htm/sndkq21210-q.pdf",
        "periodicity": "periodic"
    },
    {
        "equity_ticker": "SNDK",
        "geography": "US",
        "content_name": "SNDK Q3 2012 10-Q",
        "file_type": "pdf",
        "content_type": "quarterly_report",
        "published_date": "2012-05-08",
        "fiscal_date": "2012-04-01",
        "fiscal_year": 2012,
        "fiscal_quarter": 3,
        "r2_url": "https://pub-2c783279b61043e19fbdadd1bee5153a.r2.dev/SNDK/2012-05-08/sndkq11210-q.htm/sndkq11210-q.pdf",
        "periodicity": "periodic"
    },
    {
        "equity_ticker": "SNDK",
        "geography": "US",
        "content_name": "SNDK Q2 2012 10-K",
        "file_type": "pdf",
        "content_type": "annual_report",
        "published_date": "2012-02-23",
        "fiscal_date": "2012-01-01",
        "fiscal_year": 2012,
        "fiscal_quarter": 2,
        "r2_url": "https://pub-2c783279b61043e19fbdadd1bee5153a.r2.dev/SNDK/2012-02-23/sndk201110-k.htm/sndk201110-k.pdf",
        "periodicity": "periodic"
    },
    {
        "equity_ticker": "SNDK",
        "geography": "US",
        "content_name": "SNDK Q1 2012 10-Q",
        "file_type": "pdf",
        "content_type": "quarterly_report",
        "published_date": "2011-11-09",
        "fiscal_date": "2011-10-02",
        "fiscal_year": 2012,
        "fiscal_quarter": 1,
        "r2_url": "https://pub-2c783279b61043e19fbdadd1bee5153a.r2.dev/SNDK/2011-11-09/sndk10-qq311.htm/sndk10-qq311.pdf",
        "periodicity": "periodic"
    },
    {
        "equity_ticker": "SNDK",
        "geography": "US",
        "content_name": "SNDK Q4 2011 10-Q",
        "file_type": "pdf",
        "content_type": "quarterly_report",
        "published_date": "2011-08-10",
        "fiscal_date": "2011-07-03",
        "fiscal_year": 2011,
        "fiscal_quarter": 4,
        "r2_url": "https://pub-2c783279b61043e19fbdadd1bee5153a.r2.dev/SNDK/2011-08-10/form_10q.htm/form_10q.pdf",
        "periodicity": "periodic"
    },
    {
        "equity_ticker": "SNDK",
        "geography": "US",
        "content_name": "SNDK Q3 2011 10-Q",
        "file_type": "pdf",
        "content_type": "quarterly_report",
        "published_date": "2011-05-10",
        "fiscal_date": "2011-04-03",
        "fiscal_year": 2011,
        "fiscal_quarter": 3,
        "r2_url": "https://pub-2c783279b61043e19fbdadd1bee5153a.r2.dev/SNDK/2011-05-10/form_10q.htm/form_10q.pdf",
        "periodicity": "periodic"
    },
    {
        "equity_ticker": "SNDK",
        "geography": "US",
        "content_name": "SNDK Q2 2011 10-K",
        "file_type": "pdf",
        "content_type": "annual_report",
        "published_date": "2011-02-23",
        "fiscal_date": "2011-01-02",
        "fiscal_year": 2011,
        "fiscal_quarter": 2,
        "r2_url": "https://pub-2c783279b61043e19fbdadd1bee5153a.r2.dev/SNDK/2011-02-23/form_10k.htm/form_10k.pdf",
        "periodicity": "periodic"
    },
    {
        "equity_ticker": "SNDK",
        "geography": "US",
        "content_name": "SNDK Q1 2011 10-Q",
        "file_type": "pdf",
        "content_type": "quarterly_report",
        "published_date": "2010-11-12",
        "fiscal_date": "2010-10-03",
        "fiscal_year": 2011,
        "fiscal_quarter": 1,
        "r2_url": "https://pub-2c783279b61043e19fbdadd1bee5153a.r2.dev/SNDK/2010-11-12/form_10q.htm/form_10q.pdf",
        "periodicity": "periodic"
    },
    {
        "equity_ticker": "SNDK",
        "geography": "US",
        "content_name": "SNDK Q4 2010 10-Q",
        "file_type": "pdf",
        "content_type": "quarterly_report",
        "published_date": "2010-08-12",
        "fiscal_date": "2010-07-04",
        "fiscal_year": 2010,
        "fiscal_quarter": 4,
        "r2_url": "https://pub-2c783279b61043e19fbdadd1bee5153a.r2.dev/SNDK/2010-08-12/form_10q.htm/form_10q.pdf",
        "periodicity": "periodic"
    },
    {
        "equity_ticker": "SNDK",
        "geography": "US",
        "content_name": "SNDK Q3 2010 10-Q",
        "file_type": "pdf",
        "content_type": "quarterly_report",
        "published_date": "2010-05-12",
        "fiscal_date": "2010-04-04",
        "fiscal_year": 2010,
        "fiscal_quarter": 3,
        "r2_url": "https://pub-2c783279b61043e19fbdadd1bee5153a.r2.dev/SNDK/2010-05-12/form_10q.htm/form_10q.pdf",
        "periodicity": "periodic"
    },
    {
        "equity_ticker": "SNDK",
        "geography": "US",
        "content_name": "SNDK Q2 2010 10-K",
        "file_type": "pdf",
        "content_type": "annual_report",
        "published_date": "2010-02-25",
        "fiscal_date": "2010-01-03",
        "fiscal_year": 2010,
        "fiscal_quarter": 2,
        "r2_url": "https://pub-2c783279b61043e19fbdadd1bee5153a.r2.dev/SNDK/2010-02-25/form_10k.htm/form_10k.pdf",
        "periodicity": "periodic"
    },
    {
        "equity_ticker": "SNDK",
        "geography": "US",
        "content_name": "SNDK Q1 2010 10-Q",
        "file_type": "pdf",
        "content_type": "quarterly_report",
        "published_date": "2009-11-05",
        "fiscal_date": "2009-09-27",
        "fiscal_year": 2010,
        "fiscal_quarter": 1,
        "r2_url": "https://pub-2c783279b61043e19fbdadd1bee5153a.r2.dev/SNDK/2009-11-05/form_10q.htm/form_10q.pdf",
        "periodicity": "periodic"
    },
    {
        "equity_ticker": "SNDK",
        "geography": "US",
        "content_name": "SNDK Q4 2009 10-Q",
        "file_type": "pdf",
        "content_type": "quarterly_report",
        "published_date": "2009-08-06",
        "fiscal_date": "2009-06-28",
        "fiscal_year": 2009,
        "fiscal_quarter": 4,
        "r2_url": "https://pub-2c783279b61043e19fbdadd1bee5153a.r2.dev/SNDK/2009-08-06/form_10q.htm/form_10q.pdf",
        "periodicity": "periodic"
    },
    {
        "equity_ticker": "SNDK",
        "geography": "US",
        "content_name": "SNDK Q3 2009 10-Q",
        "file_type": "pdf",
        "content_type": "quarterly_report",
        "published_date": "2009-05-07",
        "fiscal_date": "2009-03-29",
        "fiscal_year": 2009,
        "fiscal_quarter": 3,
        "r2_url": "https://pub-2c783279b61043e19fbdadd1bee5153a.r2.dev/SNDK/2009-05-07/form_10q.htm/form_10q.pdf",
        "periodicity": "periodic"
    },
    {
        "equity_ticker": "SNDK",
        "geography": "US",
        "content_name": "SNDK Q2 2009 10-K",
        "file_type": "pdf",
        "content_type": "annual_report",
        "published_date": "2009-02-25",
        "fiscal_date": "2008-12-28",
        "fiscal_year": 2009,
        "fiscal_quarter": 2,
        "r2_url": "https://pub-2c783279b61043e19fbdadd1bee5153a.r2.dev/SNDK/2009-02-25/form_10k.htm/form_10k.pdf",
        "periodicity": "periodic"
    },
    {
        "equity_ticker": "SNDK",
        "geography": "US",
        "content_name": "SNDK Q1 2009 10-Q",
        "file_type": "pdf",
        "content_type": "quarterly_report",
        "published_date": "2008-11-07",
        "fiscal_date": "2008-09-28",
        "fiscal_year": 2009,
        "fiscal_quarter": 1,
        "r2_url": "https://pub-2c783279b61043e19fbdadd1bee5153a.r2.dev/SNDK/2008-11-07/form_10q.htm/form_10q.pdf",
        "periodicity": "periodic"
    },
    {
        "equity_ticker": "SNDK",
        "geography": "US",
        "content_name": "SNDK Q4 2008 10-Q",
        "file_type": "pdf",
        "content_type": "quarterly_report",
        "published_date": "2008-08-06",
        "fiscal_date": "2008-06-29",
        "fiscal_year": 2008,
        "fiscal_quarter": 4,
        "r2_url": "https://pub-2c783279b61043e19fbdadd1bee5153a.r2.dev/SNDK/2008-08-06/f42698e10vq.htm/f42698e10vq.pdf",
        "periodicity": "periodic"
    },
    {
        "equity_ticker": "SNDK",
        "geography": "US",
        "content_name": "SNDK Q3 2008 10-Q",
        "file_type": "pdf",
        "content_type": "quarterly_report",
        "published_date": "2008-05-08",
        "fiscal_date": "2008-03-30",
        "fiscal_year": 2008,
        "fiscal_quarter": 3,
        "r2_url": "https://pub-2c783279b61043e19fbdadd1bee5153a.r2.dev/SNDK/2008-05-08/f40257e10vq.htm/f40257e10vq.pdf",
        "periodicity": "periodic"
    },
    {
        "equity_ticker": "SNDK",
        "geography": "US",
        "content_name": "SNDK Q2 2008 10-K",
        "file_type": "pdf",
        "content_type": "annual_report",
        "published_date": "2008-02-22",
        "fiscal_date": "2007-12-30",
        "fiscal_year": 2008,
        "fiscal_quarter": 2,
        "r2_url": "https://pub-2c783279b61043e19fbdadd1bee5153a.r2.dev/SNDK/2008-02-22/f38194e10vk.htm/f38194e10vk.pdf",
        "periodicity": "periodic"
    },
    {
        "equity_ticker": "SNDK",
        "geography": "US",
        "content_name": "SNDK Q1 2008 10-Q",
        "file_type": "pdf",
        "content_type": "quarterly_report",
        "published_date": "2007-11-07",
        "fiscal_date": "2007-09-30",
        "fiscal_year": 2008,
        "fiscal_quarter": 1,
        "r2_url": "https://pub-2c783279b61043e19fbdadd1bee5153a.r2.dev/SNDK/2007-11-07/f34387e10vq.htm/f34387e10vq.pdf",
        "periodicity": "periodic"
    },
    {
        "equity_ticker": "SNDK",
        "geography": "US",
        "content_name": "SNDK Q4 2007 10-Q",
        "file_type": "pdf",
        "content_type": "quarterly_report",
        "published_date": "2007-08-07",
        "fiscal_date": "2007-07-01",
        "fiscal_year": 2007,
        "fiscal_quarter": 4,
        "r2_url": "https://pub-2c783279b61043e19fbdadd1bee5153a.r2.dev/SNDK/2007-08-07/f32384e10vq.htm/f32384e10vq.pdf",
        "periodicity": "periodic"
    },
    {
        "equity_ticker": "SNDK",
        "geography": "US",
        "content_name": "SNDK Q3 2007 10-Q",
        "file_type": "pdf",
        "content_type": "quarterly_report",
        "published_date": "2007-05-09",
        "fiscal_date": "2007-04-01",
        "fiscal_year": 2007,
        "fiscal_quarter": 3,
        "r2_url": "https://pub-2c783279b61043e19fbdadd1bee5153a.r2.dev/SNDK/2007-05-09/f29619e10vq.htm/f29619e10vq.pdf",
        "periodicity": "periodic"
    },
    {
        "equity_ticker": "SNDK",
        "geography": "US",
        "content_name": "SNDK Q2 2007 10-K",
        "file_type": "pdf",
        "content_type": "annual_report",
        "published_date": "2007-02-27",
        "fiscal_date": "2006-12-31",
        "fiscal_year": 2007,
        "fiscal_quarter": 2,
        "r2_url": "https://pub-2c783279b61043e19fbdadd1bee5153a.r2.dev/SNDK/2007-02-27/f26836e10vk.htm/f26836e10vk.pdf",
        "periodicity": "periodic"
    },
    {
        "equity_ticker": "SNDK",
        "geography": "US",
        "content_name": "SNDK Q1 2007 10-Q",
        "file_type": "pdf",
        "content_type": "quarterly_report",
        "published_date": "2006-11-08",
        "fiscal_date": "2006-10-01",
        "fiscal_year": 2007,
        "fiscal_quarter": 1,
        "r2_url": "https://pub-2c783279b61043e19fbdadd1bee5153a.r2.dev/SNDK/2006-11-08/f24678e10vq.htm/f24678e10vq.pdf",
        "periodicity": "periodic"
    },
    {
        "equity_ticker": "SNDK",
        "geography": "US",
        "content_name": "SNDK Q4 2006 10-Q",
        "file_type": "pdf",
        "content_type": "quarterly_report",
        "published_date": "2006-08-10",
        "fiscal_date": "2006-07-02",
        "fiscal_year": 2006,
        "fiscal_quarter": 4,
        "r2_url": "https://pub-2c783279b61043e19fbdadd1bee5153a.r2.dev/SNDK/2006-08-10/f22399e10vq.htm/f22399e10vq.pdf",
        "periodicity": "periodic"
    },
    {
        "equity_ticker": "SNDK",
        "geography": "US",
        "content_name": "SNDK Q3 2006 10-Q",
        "file_type": "pdf",
        "content_type": "quarterly_report",
        "published_date": "2006-05-08",
        "fiscal_date": "2006-04-02",
        "fiscal_year": 2006,
        "fiscal_quarter": 3,
        "r2_url": "https://pub-2c783279b61043e19fbdadd1bee5153a.r2.dev/SNDK/2006-05-08/f20165e10vq.htm/f20165e10vq.pdf",
        "periodicity": "periodic"
    },
    {
        "equity_ticker": "SNDK",
        "geography": "US",
        "content_name": "SNDK Q2 2006 10-K",
        "file_type": "pdf",
        "content_type": "annual_report",
        "published_date": "2006-03-15",
        "fiscal_date": "2006-01-01",
        "fiscal_year": 2006,
        "fiscal_quarter": 2,
        "r2_url": "https://pub-2c783279b61043e19fbdadd1bee5153a.r2.dev/SNDK/2006-03-15/f18180e10vk.htm/f18180e10vk.pdf",
        "periodicity": "periodic"
    },
    {
        "equity_ticker": "SNDK",
        "geography": "US",
        "content_name": "SNDK Q1 2006 10-Q",
        "file_type": "pdf",
        "content_type": "quarterly_report",
        "published_date": "2005-11-09",
        "fiscal_date": "2005-10-02",
        "fiscal_year": 2006,
        "fiscal_quarter": 1,
        "r2_url": "https://pub-2c783279b61043e19fbdadd1bee5153a.r2.dev/SNDK/2005-11-09/f13418e10vq.htm/f13418e10vq.pdf",
        "periodicity": "periodic"
    },
    {
        "equity_ticker": "SNDK",
        "geography": "US",
        "content_name": "SNDK Q4 2005 10-Q",
        "file_type": "pdf",
        "content_type": "quarterly_report",
        "published_date": "2005-08-12",
        "fiscal_date": "2005-07-03",
        "fiscal_year": 2005,
        "fiscal_quarter": 4,
        "r2_url": "https://pub-2c783279b61043e19fbdadd1bee5153a.r2.dev/SNDK/2005-08-12/f11675e10vq.htm/f11675e10vq.pdf",
        "periodicity": "periodic"
    },
    {
        "equity_ticker": "SNDK",
        "geography": "US",
        "content_name": "SNDK Q3 2005 10-Q",
        "file_type": "pdf",
        "content_type": "quarterly_report",
        "published_date": "2005-05-13",
        "fiscal_date": "2005-04-03",
        "fiscal_year": 2005,
        "fiscal_quarter": 3,
        "r2_url": "https://pub-2c783279b61043e19fbdadd1bee5153a.r2.dev/SNDK/2005-05-13/f09092e10vq.htm/f09092e10vq.pdf",
        "periodicity": "periodic"
    },
    {
        "equity_ticker": "SNDK",
        "geography": "US",
        "content_name": "SNDK Q2 2005 10-K",
        "file_type": "pdf",
        "content_type": "annual_report",
        "published_date": "2005-03-18",
        "fiscal_date": "2005-01-02",
        "fiscal_year": 2005,
        "fiscal_quarter": 2,
        "r2_url": "https://pub-2c783279b61043e19fbdadd1bee5153a.r2.dev/SNDK/2005-03-18/f06847e10vk.htm/f06847e10vk.pdf",
        "periodicity": "periodic"
    },
    {
        "equity_ticker": "SNDK",
        "geography": "US",
        "content_name": "SNDK Q1 2005 10-Q",
        "file_type": "pdf",
        "content_type": "quarterly_report",
        "published_date": "2004-11-05",
        "fiscal_date": "2004-09-26",
        "fiscal_year": 2005,
        "fiscal_quarter": 1,
        "r2_url": "https://pub-2c783279b61043e19fbdadd1bee5153a.r2.dev/SNDK/2004-11-05/f02499e10vq.htm/f02499e10vq.pdf",
        "periodicity": "periodic"
    },
    {
        "equity_ticker": "SNDK",
        "geography": "US",
        "content_name": "SNDK Q4 2004 10-Q",
        "file_type": "pdf",
        "content_type": "quarterly_report",
        "published_date": "2004-08-06",
        "fiscal_date": "2004-06-27",
        "fiscal_year": 2004,
        "fiscal_quarter": 4,
        "r2_url": "https://pub-2c783279b61043e19fbdadd1bee5153a.r2.dev/SNDK/2004-08-06/f00626e10vq.htm/f00626e10vq.pdf",
        "periodicity": "periodic"
    },
    {
        "equity_ticker": "SNDK",
        "geography": "US",
        "content_name": "SNDK Q3 2004 10-Q",
        "file_type": "pdf",
        "content_type": "quarterly_report",
        "published_date": "2004-05-06",
        "fiscal_date": "2004-03-28",
        "fiscal_year": 2004,
        "fiscal_quarter": 3,
        "r2_url": "https://pub-2c783279b61043e19fbdadd1bee5153a.r2.dev/SNDK/2004-05-06/f98677e10vq.htm/f98677e10vq.pdf",
        "periodicity": "periodic"
    },
    {
        "equity_ticker": "SNDK",
        "geography": "US",
        "content_name": "SNDK Q2 2004 10-K",
        "file_type": "pdf",
        "content_type": "annual_report",
        "published_date": "2004-03-12",
        "fiscal_date": "2003-12-28",
        "fiscal_year": 2004,
        "fiscal_quarter": 2,
        "r2_url": "https://pub-2c783279b61043e19fbdadd1bee5153a.r2.dev/SNDK/2004-03-12/f97135e10vk.htm/f97135e10vk.pdf",
        "periodicity": "periodic"
    },
    {
        "equity_ticker": "SNDK",
        "geography": "US",
        "content_name": "SNDK Q1 2004 10-Q",
        "file_type": "pdf",
        "content_type": "quarterly_report",
        "published_date": "2003-11-17",
        "fiscal_date": "2003-09-28",
        "fiscal_year": 2004,
        "fiscal_quarter": 1,
        "r2_url": "https://pub-2c783279b61043e19fbdadd1bee5153a.r2.dev/SNDK/2003-11-17/f94252e10vq.htm/f94252e10vq.pdf",
        "periodicity": "periodic"
    },
    {
        "equity_ticker": "SNDK",
        "geography": "US",
        "content_name": "SNDK Q4 2003 10-Q",
        "file_type": "pdf",
        "content_type": "quarterly_report",
        "published_date": "2003-08-08",
        "fiscal_date": "2003-06-30",
        "fiscal_year": 2003,
        "fiscal_quarter": 4,
        "r2_url": "https://pub-2c783279b61043e19fbdadd1bee5153a.r2.dev/SNDK/2003-08-08/f92018e10vq.htm/f92018e10vq.pdf",
        "periodicity": "periodic"
    },
    {
        "equity_ticker": "SNDK",
        "geography": "US",
        "content_name": "SNDK Q3 2003 10-Q",
        "file_type": "pdf",
        "content_type": "quarterly_report",
        "published_date": "2003-05-14",
        "fiscal_date": "2003-03-31",
        "fiscal_year": 2003,
        "fiscal_quarter": 3,
        "r2_url": "https://pub-2c783279b61043e19fbdadd1bee5153a.r2.dev/SNDK/2003-05-14/f90030e10vq.htm/f90030e10vq.pdf",
        "periodicity": "periodic"
    },
    {
        "equity_ticker": "SNDK",
        "geography": "US",
        "content_name": "SNDK Q2 2003 10-K",
        "file_type": "pdf",
        "content_type": "annual_report",
        "published_date": "2003-03-26",
        "fiscal_date": "2002-12-31",
        "fiscal_year": 2003,
        "fiscal_quarter": 2,
        "r2_url": "https://pub-2c783279b61043e19fbdadd1bee5153a.r2.dev/SNDK/2003-03-26/f88533e10vk.htm/f88533e10vk.pdf",
        "periodicity": "periodic"
    },
    {
        "equity_ticker": "SNDK",
        "geography": "US",
        "content_name": "SNDK Q1 2003 10-Q",
        "file_type": "pdf",
        "content_type": "quarterly_report",
        "published_date": "2002-11-13",
        "fiscal_date": "2002-09-30",
        "fiscal_year": 2003,
        "fiscal_quarter": 1,
        "r2_url": "https://pub-2c783279b61043e19fbdadd1bee5153a.r2.dev/SNDK/2002-11-13/d10q.htm/d10q.pdf",
        "periodicity": "periodic"
    },
    {
        "equity_ticker": "SNDK",
        "geography": "US",
        "content_name": "SNDK Q4 2002 10-Q",
        "file_type": "pdf",
        "content_type": "quarterly_report",
        "published_date": "2002-08-14",
        "fiscal_date": "2002-06-30",
        "fiscal_year": 2002,
        "fiscal_quarter": 4,
        "r2_url": "https://pub-2c783279b61043e19fbdadd1bee5153a.r2.dev/SNDK/2002-08-14/d10q.htm/d10q.pdf",
        "periodicity": "periodic"
    },
    {
        "equity_ticker": "SNDK",
        "geography": "US",
        "content_name": "SNDK Q3 2002 10-Q",
        "file_type": "pdf",
        "content_type": "quarterly_report",
        "published_date": "2002-05-14",
        "fiscal_date": "2002-03-31",
        "fiscal_year": 2002,
        "fiscal_quarter": 3,
        "r2_url": "https://pub-2c783279b61043e19fbdadd1bee5153a.r2.dev/SNDK/2002-05-14/d10q.htm/d10q.pdf",
        "periodicity": "periodic"
    },
    {
        "equity_ticker": "SNDK",
        "geography": "US",
        "content_name": "SNDK Q2 2002 10-K",
        "file_type": "pdf",
        "content_type": "annual_report",
        "published_date": "2002-03-28",
        "fiscal_date": "2001-12-31",
        "fiscal_year": 2002,
        "fiscal_quarter": 2,
        "r2_url": "https://pub-2c783279b61043e19fbdadd1bee5153a.r2.dev/SNDK/2002-03-28/d10k.txt/d10k.pdf",
        "periodicity": "periodic"
    },
    {
        "equity_ticker": "SNDK",
        "geography": "US",
        "content_name": "SNDK Q1 2002 10-Q",
        "file_type": "pdf",
        "content_type": "quarterly_report",
        "published_date": "2001-11-14",
        "fiscal_date": "2001-09-30",
        "fiscal_year": 2002,
        "fiscal_quarter": 1,
        "r2_url": "https://pub-2c783279b61043e19fbdadd1bee5153a.r2.dev/SNDK/2001-11-14/d10q.txt/d10q.pdf",
        "periodicity": "periodic"
    },
    {
        "equity_ticker": "SNDK",
        "geography": "US",
        "content_name": "SNDK Q4 2001 10-Q",
        "file_type": "pdf",
        "content_type": "quarterly_report",
        "published_date": "2001-08-14",
        "fiscal_date": "2001-06-30",
        "fiscal_year": 2001,
        "fiscal_quarter": 4,
        "r2_url": "https://pub-2c783279b61043e19fbdadd1bee5153a.r2.dev/SNDK/2001-08-14/d10q.txt/d10q.pdf",
        "periodicity": "periodic"
    },
    {
        "equity_ticker": "SNDK",
        "geography": "US",
        "content_name": "SNDK Q3 2001 10-Q",
        "file_type": "pdf",
        "content_type": "quarterly_report",
        "published_date": "2001-05-08",
        "fiscal_date": "2001-03-31",
        "fiscal_year": 2001,
        "fiscal_quarter": 3,
        "r2_url": "https://pub-2c783279b61043e19fbdadd1bee5153a.r2.dev/SNDK/2001-05-08/d10q.txt/d10q.pdf",
        "periodicity": "periodic"
    },
    {
        "equity_ticker": "SNDK",
        "geography": "US",
        "content_name": "SNDK Q2 2001 10-Q",
        "file_type": "pdf",
        "content_type": "quarterly_report",
        "published_date": "2000-11-15",
        "fiscal_date": "2000-09-30",
        "fiscal_year": 2001,
        "fiscal_quarter": 2,
        "r2_url": "https://pub-2c783279b61043e19fbdadd1bee5153a.r2.dev/SNDK/2000-11-15/sandisk_10qv4.htm/sandisk_10qv4.pdf",
        "periodicity": "periodic"
    },
    {
        "equity_ticker": "SNDK",
        "geography": "US",
        "content_name": "SNDK Q1 2001 10-Q",
        "file_type": "pdf",
        "content_type": "quarterly_report",
        "published_date": "2000-08-16",
        "fiscal_date": "2000-06-30",
        "fiscal_year": 2001,
        "fiscal_quarter": 1,
        "r2_url": "https://pub-2c783279b61043e19fbdadd1bee5153a.r2.dev/SNDK/2000-08-16/0001092388-00-000576-0001.txt/0001092388-00-000576-0001.pdf",
        "periodicity": "periodic"
    },
    {
        "equity_ticker": "SNDK",
        "geography": "US",
        "content_name": "SNDK Q4 2000 10-Q",
        "file_type": "pdf",
        "content_type": "quarterly_report",
        "published_date": "2000-05-17",
        "fiscal_date": "2000-03-31",
        "fiscal_year": 2000,
        "fiscal_quarter": 4,
        "r2_url": "https://pub-2c783279b61043e19fbdadd1bee5153a.r2.dev/SNDK/2000-05-17/.pdf",
        "periodicity": "periodic"
    },
    {
        "equity_ticker": "SNDK",
        "geography": "US",
        "content_name": "SNDK Q1 2000 10-Q",
        "file_type": "pdf",
        "content_type": "quarterly_report",
        "published_date": "1999-05-12",
        "fiscal_date": "1999-03-31",
        "fiscal_year": 2000,
        "fiscal_quarter": 1,
        "r2_url": "https://pub-2c783279b61043e19fbdadd1bee5153a.r2.dev/SNDK/1999-05-12/.pdf",
        "periodicity": "periodic"
    },
    {
        "equity_ticker": "SNDK",
        "geography": "US",
        "content_name": "SNDK Q4 1998 10-Q",
        "file_type": "pdf",
        "content_type": "quarterly_report",
        "published_date": "1998-11-12",
        "fiscal_date": "1998-09-30",
        "fiscal_year": 1998,
        "fiscal_quarter": 4,
        "r2_url": "https://pub-2c783279b61043e19fbdadd1bee5153a.r2.dev/SNDK/1998-11-12/.pdf",
        "periodicity": "periodic"
    },
    {
        "equity_ticker": "SNDK",
        "geography": "US",
        "content_name": "SNDK Q3 1998 10-Q",
        "file_type": "pdf",
        "content_type": "quarterly_report",
        "published_date": "1998-08-12",
        "fiscal_date": "1998-06-30",
        "fiscal_year": 1998,
        "fiscal_quarter": 3,
        "r2_url": "https://pub-2c783279b61043e19fbdadd1bee5153a.r2.dev/SNDK/1998-08-12/.pdf",
        "periodicity": "periodic"
    },
    {
        "equity_ticker": "SNDK",
        "geography": "US",
        "content_name": "SNDK Q2 1998 10-Q",
        "file_type": "pdf",
        "content_type": "quarterly_report",
        "published_date": "1998-05-13",
        "fiscal_date": "1998-03-31",
        "fiscal_year": 1998,
        "fiscal_quarter": 2,
        "r2_url": "https://pub-2c783279b61043e19fbdadd1bee5153a.r2.dev/SNDK/1998-05-13/.pdf",
        "periodicity": "periodic"
    },
    {
        "equity_ticker": "SNDK",
        "geography": "US",
        "content_name": "SNDK Q1 1998 10-Q",
        "file_type": "pdf",
        "content_type": "quarterly_report",
        "published_date": "1997-10-27",
        "fiscal_date": "1997-09-30",
        "fiscal_year": 1998,
        "fiscal_quarter": 1,
        "r2_url": "https://pub-2c783279b61043e19fbdadd1bee5153a.r2.dev/SNDK/1997-10-27/.pdf",
        "periodicity": "periodic"
    },
    {
        "equity_ticker": "SNDK",
        "geography": "US",
        "content_name": "SNDK Q4 1997 10-Q",
        "file_type": "pdf",
        "content_type": "quarterly_report",
        "published_date": "1997-08-13",
        "fiscal_date": "1997-06-30",
        "fiscal_year": 1997,
        "fiscal_quarter": 4,
        "r2_url": "https://pub-2c783279b61043e19fbdadd1bee5153a.r2.dev/SNDK/1997-08-13/.pdf",
        "periodicity": "periodic"
    },
    {
        "equity_ticker": "SNDK",
        "geography": "US",
        "content_name": "SNDK Q3 1997 10-Q",
        "file_type": "pdf",
        "content_type": "quarterly_report",
        "published_date": "1997-05-14",
        "fiscal_date": "1997-03-31",
        "fiscal_year": 1997,
        "fiscal_quarter": 3,
        "r2_url": "https://pub-2c783279b61043e19fbdadd1bee5153a.r2.dev/SNDK/1997-05-14/.pdf",
        "periodicity": "periodic"
    },
    {
        "equity_ticker": "SNDK",
        "geography": "US",
        "content_name": "SNDK Q2 1997 10-K",
        "file_type": "pdf",
        "content_type": "annual_report",
        "published_date": "1997-03-13",
        "fiscal_date": "1996-12-31",
        "fiscal_year": 1997,
        "fiscal_quarter": 2,
        "r2_url": "https://pub-2c783279b61043e19fbdadd1bee5153a.r2.dev/SNDK/1997-03-13/.pdf",
        "periodicity": "periodic"
    },
    {
        "equity_ticker": "SNDK",
        "geography": "US",
        "content_name": "SNDK Q1 1997 10-Q",
        "file_type": "pdf",
        "content_type": "quarterly_report",
        "published_date": "1996-11-14",
        "fiscal_date": "1996-09-30",
        "fiscal_year": 1997,
        "fiscal_quarter": 1,
        "r2_url": "https://pub-2c783279b61043e19fbdadd1bee5153a.r2.dev/SNDK/1996-11-14/.pdf",
        "periodicity": "periodic"
    },
    {
        "equity_ticker": "SNDK",
        "geography": "US",
        "content_name": "SNDK Q4 1996 10-Q",
        "file_type": "pdf",
        "content_type": "quarterly_report",
        "published_date": "1996-08-14",
        "fiscal_date": "1996-06-30",
        "fiscal_year": 1996,
        "fiscal_quarter": 4,
        "r2_url": "https://pub-2c783279b61043e19fbdadd1bee5153a.r2.dev/SNDK/1996-08-14/.pdf",
        "periodicity": "periodic"
    }
]