[
    {
        "equity_ticker": "SNOW",
        "geography": "US",
        "content_name": "SNOW Q4 2025 10-K",
        "file_type": "pdf",
        "content_type": "annual_report",
        "published_date": "2025-03-21",
        "fiscal_date": "2025-01-31",
        "fiscal_year": 2025,
        "fiscal_quarter": 4,
        "r2_url": "https://pub-2c783279b61043e19fbdadd1bee5153a.r2.dev/SNOW/2025-03-21/snow-20250131.htm/snow-20250131.pdf",
        "periodicity": "periodic"
    },
    {
        "equity_ticker": "SNOW",
        "geography": "US",
        "content_name": "SNOW Q3 2025 10-Q",
        "file_type": "pdf",
        "content_type": "quarterly_report",
        "published_date": "2024-11-27",
        "fiscal_date": "2024-10-31",
        "fiscal_year": 2025,
        "fiscal_quarter": 3,
        "r2_url": "https://pub-2c783279b61043e19fbdadd1bee5153a.r2.dev/SNOW/2024-11-27/snow-20241031.htm/snow-20241031.pdf",
        "periodicity": "periodic"
    },
    {
        "equity_ticker": "SNOW",
        "geography": "US",
        "content_name": "SNOW Q2 2025 10-Q",
        "file_type": "pdf",
        "content_type": "quarterly_report",
        "published_date": "2024-08-29",
        "fiscal_date": "2024-07-31",
        "fiscal_year": 2025,
        "fiscal_quarter": 2,
        "r2_url": "https://pub-2c783279b61043e19fbdadd1bee5153a.r2.dev/SNOW/2024-08-29/snow-20240731.htm/snow-20240731.pdf",
        "periodicity": "periodic"
    },
    {
        "equity_ticker": "SNOW",
        "geography": "US",
        "content_name": "SNOW Q1 2025 10-Q",
        "file_type": "pdf",
        "content_type": "quarterly_report",
        "published_date": "2024-05-31",
        "fiscal_date": "2024-04-30",
        "fiscal_year": 2025,
        "fiscal_quarter": 1,
        "r2_url": "https://pub-2c783279b61043e19fbdadd1bee5153a.r2.dev/SNOW/2024-05-31/snow-20240430.htm/snow-20240430.pdf",
        "periodicity": "periodic"
    },
    {
        "equity_ticker": "SNOW",
        "geography": "US",
        "content_name": "SNOW Q4 2024 10-K",
        "file_type": "pdf",
        "content_type": "annual_report",
        "published_date": "2024-03-26",
        "fiscal_date": "2024-01-31",
        "fiscal_year": 2024,
        "fiscal_quarter": 4,
        "r2_url": "https://pub-2c783279b61043e19fbdadd1bee5153a.r2.dev/SNOW/2024-03-26/snow-20240131.htm/snow-20240131.pdf",
        "periodicity": "periodic"
    },
    {
        "equity_ticker": "SNOW",
        "geography": "US",
        "content_name": "SNOW Q3 2024 10-Q",
        "file_type": "pdf",
        "content_type": "quarterly_report",
        "published_date": "2023-12-01",
        "fiscal_date": "2023-10-31",
        "fiscal_year": 2024,
        "fiscal_quarter": 3,
        "r2_url": "https://pub-2c783279b61043e19fbdadd1bee5153a.r2.dev/SNOW/2023-12-01/snow-20231031.htm/snow-20231031.pdf",
        "periodicity": "periodic"
    },
    {
        "equity_ticker": "SNOW",
        "geography": "US",
        "content_name": "SNOW Q2 2024 10-Q",
        "file_type": "pdf",
        "content_type": "quarterly_report",
        "published_date": "2023-08-31",
        "fiscal_date": "2023-07-31",
        "fiscal_year": 2024,
        "fiscal_quarter": 2,
        "r2_url": "https://pub-2c783279b61043e19fbdadd1bee5153a.r2.dev/SNOW/2023-08-31/snow-20230731.htm/snow-20230731.pdf",
        "periodicity": "periodic"
    },
    {
        "equity_ticker": "SNOW",
        "geography": "US",
        "content_name": "SNOW Q1 2024 10-Q",
        "file_type": "pdf",
        "content_type": "quarterly_report",
        "published_date": "2023-06-02",
        "fiscal_date": "2023-04-30",
        "fiscal_year": 2024,
        "fiscal_quarter": 1,
        "r2_url": "https://pub-2c783279b61043e19fbdadd1bee5153a.r2.dev/SNOW/2023-06-02/snow-20230430.htm/snow-20230430.pdf",
        "periodicity": "periodic"
    },
    {
        "equity_ticker": "SNOW",
        "geography": "US",
        "content_name": "SNOW Q4 2023 10-K",
        "file_type": "pdf",
        "content_type": "annual_report",
        "published_date": "2023-03-29",
        "fiscal_date": "2023-01-31",
        "fiscal_year": 2023,
        "fiscal_quarter": 4,
        "r2_url": "https://pub-2c783279b61043e19fbdadd1bee5153a.r2.dev/SNOW/2023-03-29/snow-20230131.htm/snow-20230131.pdf",
        "periodicity": "periodic"
    },
    {
        "equity_ticker": "SNOW",
        "geography": "US",
        "content_name": "SNOW Q3 2023 10-Q",
        "file_type": "pdf",
        "content_type": "quarterly_report",
        "published_date": "2022-12-02",
        "fiscal_date": "2022-10-31",
        "fiscal_year": 2023,
        "fiscal_quarter": 3,
        "r2_url": "https://pub-2c783279b61043e19fbdadd1bee5153a.r2.dev/SNOW/2022-12-02/snow-20221031.htm/snow-20221031.pdf",
        "periodicity": "periodic"
    },
    {
        "equity_ticker": "SNOW",
        "geography": "US",
        "content_name": "SNOW Q2 2023 10-Q",
        "file_type": "pdf",
        "content_type": "quarterly_report",
        "published_date": "2022-09-01",
        "fiscal_date": "2022-07-31",
        "fiscal_year": 2023,
        "fiscal_quarter": 2,
        "r2_url": "https://pub-2c783279b61043e19fbdadd1bee5153a.r2.dev/SNOW/2022-09-01/snow-20220731.htm/snow-20220731.pdf",
        "periodicity": "periodic"
    },
    {
        "equity_ticker": "SNOW",
        "geography": "US",
        "content_name": "SNOW Q1 2023 10-Q",
        "file_type": "pdf",
        "content_type": "quarterly_report",
        "published_date": "2022-06-03",
        "fiscal_date": "2022-04-30",
        "fiscal_year": 2023,
        "fiscal_quarter": 1,
        "r2_url": "https://pub-2c783279b61043e19fbdadd1bee5153a.r2.dev/SNOW/2022-06-03/snow-20220430.htm/snow-20220430.pdf",
        "periodicity": "periodic"
    },
    {
        "equity_ticker": "SNOW",
        "geography": "US",
        "content_name": "SNOW Q4 2022 10-K",
        "file_type": "pdf",
        "content_type": "annual_report",
        "published_date": "2022-03-30",
        "fiscal_date": "2022-01-31",
        "fiscal_year": 2022,
        "fiscal_quarter": 4,
        "r2_url": "https://pub-2c783279b61043e19fbdadd1bee5153a.r2.dev/SNOW/2022-03-30/snow-20220131.htm/snow-20220131.pdf",
        "periodicity": "periodic"
    },
    {
        "equity_ticker": "SNOW",
        "geography": "US",
        "content_name": "SNOW Q3 2022 10-Q",
        "file_type": "pdf",
        "content_type": "quarterly_report",
        "published_date": "2021-12-03",
        "fiscal_date": "2021-10-31",
        "fiscal_year": 2022,
        "fiscal_quarter": 3,
        "r2_url": "https://pub-2c783279b61043e19fbdadd1bee5153a.r2.dev/SNOW/2021-12-03/snow-20211031.htm/snow-20211031.pdf",
        "periodicity": "periodic"
    },
    {
        "equity_ticker": "SNOW",
        "geography": "US",
        "content_name": "SNOW Q2 2022 10-Q",
        "file_type": "pdf",
        "content_type": "quarterly_report",
        "published_date": "2021-09-02",
        "fiscal_date": "2021-07-31",
        "fiscal_year": 2022,
        "fiscal_quarter": 2,
        "r2_url": "https://pub-2c783279b61043e19fbdadd1bee5153a.r2.dev/SNOW/2021-09-02/snow-20210731.htm/snow-20210731.pdf",
        "periodicity": "periodic"
    },
    {
        "equity_ticker": "SNOW",
        "geography": "US",
        "content_name": "SNOW Q1 2022 10-Q",
        "file_type": "pdf",
        "content_type": "quarterly_report",
        "published_date": "2021-06-04",
        "fiscal_date": "2021-04-30",
        "fiscal_year": 2022,
        "fiscal_quarter": 1,
        "r2_url": "https://pub-2c783279b61043e19fbdadd1bee5153a.r2.dev/SNOW/2021-06-04/snow-20210430.htm/snow-20210430.pdf",
        "periodicity": "periodic"
    },
    {
        "equity_ticker": "SNOW",
        "geography": "US",
        "content_name": "SNOW Q4 2021 10-K",
        "file_type": "pdf",
        "content_type": "annual_report",
        "published_date": "2021-03-31",
        "fiscal_date": "2021-01-31",
        "fiscal_year": 2021,
        "fiscal_quarter": 4,
        "r2_url": "https://pub-2c783279b61043e19fbdadd1bee5153a.r2.dev/SNOW/2021-03-31/snow-20210131.htm/snow-20210131.pdf",
        "periodicity": "periodic"
    },
    {
        "equity_ticker": "SNOW",
        "geography": "US",
        "content_name": "SNOW Q3 2021 10-Q",
        "file_type": "pdf",
        "content_type": "quarterly_report",
        "published_date": "2020-12-02",
        "fiscal_date": "2020-10-31",
        "fiscal_year": 2021,
        "fiscal_quarter": 3,
        "r2_url": "https://pub-2c783279b61043e19fbdadd1bee5153a.r2.dev/SNOW/2020-12-02/snow-20201031.htm/snow-20201031.pdf",
        "periodicity": "periodic"
    },
    {
        "equity_ticker": "SNOW",
        "geography": "US",
        "content_name": "SNOW Q2 2021 10-Q",
        "file_type": "pdf",
        "content_type": "quarterly_report",
        "published_date": "2017-05-04",
        "fiscal_date": "2017-03-31",
        "fiscal_year": 2021,
        "fiscal_quarter": 2,
        "r2_url": "https://pub-2c783279b61043e19fbdadd1bee5153a.r2.dev/SNOW/2017-05-04/form10q.htm/form10q.pdf",
        "periodicity": "periodic"
    },
    {
        "equity_ticker": "SNOW",
        "geography": "US",
        "content_name": "SNOW Q1 2021 10-Q",
        "file_type": "pdf",
        "content_type": "quarterly_report",
        "published_date": "2017-02-02",
        "fiscal_date": "2016-12-31",
        "fiscal_year": 2021,
        "fiscal_quarter": 1,
        "r2_url": "https://pub-2c783279b61043e19fbdadd1bee5153a.r2.dev/SNOW/2017-02-02/form10q.htm/form10q.pdf",
        "periodicity": "periodic"
    },
    {
        "equity_ticker": "SNOW",
        "geography": "US",
        "content_name": "SNOW Q4 2016 10-Q",
        "file_type": "pdf",
        "content_type": "quarterly_report",
        "published_date": "2016-11-03",
        "fiscal_date": "2016-09-30",
        "fiscal_year": 2016,
        "fiscal_quarter": 4,
        "r2_url": "https://pub-2c783279b61043e19fbdadd1bee5153a.r2.dev/SNOW/2016-11-03/form10q.htm/form10q.pdf",
        "periodicity": "periodic"
    },
    {
        "equity_ticker": "SNOW",
        "geography": "US",
        "content_name": "SNOW Q3 2016 10-K",
        "file_type": "pdf",
        "content_type": "annual_report",
        "published_date": "2016-09-08",
        "fiscal_date": "2016-06-30",
        "fiscal_year": 2016,
        "fiscal_quarter": 3,
        "r2_url": "https://pub-2c783279b61043e19fbdadd1bee5153a.r2.dev/SNOW/2016-09-08/form10k.htm/form10k.pdf",
        "periodicity": "periodic"
    },
    {
        "equity_ticker": "SNOW",
        "geography": "US",
        "content_name": "SNOW Q2 2016 10-Q",
        "file_type": "pdf",
        "content_type": "quarterly_report",
        "published_date": "2016-05-05",
        "fiscal_date": "2016-03-31",
        "fiscal_year": 2016,
        "fiscal_quarter": 2,
        "r2_url": "https://pub-2c783279b61043e19fbdadd1bee5153a.r2.dev/SNOW/2016-05-05/form10q.htm/form10q.pdf",
        "periodicity": "periodic"
    },
    {
        "equity_ticker": "SNOW",
        "geography": "US",
        "content_name": "SNOW Q1 2016 10-Q",
        "file_type": "pdf",
        "content_type": "quarterly_report",
        "published_date": "2016-02-03",
        "fiscal_date": "2015-12-31",
        "fiscal_year": 2016,
        "fiscal_quarter": 1,
        "r2_url": "https://pub-2c783279b61043e19fbdadd1bee5153a.r2.dev/SNOW/2016-02-03/form10q.htm/form10q.pdf",
        "periodicity": "periodic"
    },
    {
        "equity_ticker": "SNOW",
        "geography": "US",
        "content_name": "SNOW Q4 2015 10-Q",
        "file_type": "pdf",
        "content_type": "quarterly_report",
        "published_date": "2015-11-05",
        "fiscal_date": "2015-09-30",
        "fiscal_year": 2015,
        "fiscal_quarter": 4,
        "r2_url": "https://pub-2c783279b61043e19fbdadd1bee5153a.r2.dev/SNOW/2015-11-05/form10q.htm/form10q.pdf",
        "periodicity": "periodic"
    },
    {
        "equity_ticker": "SNOW",
        "geography": "US",
        "content_name": "SNOW Q3 2015 10-K",
        "file_type": "pdf",
        "content_type": "annual_report",
        "published_date": "2015-09-09",
        "fiscal_date": "2015-06-30",
        "fiscal_year": 2015,
        "fiscal_quarter": 3,
        "r2_url": "https://pub-2c783279b61043e19fbdadd1bee5153a.r2.dev/SNOW/2015-09-09/form10k.htm/form10k.pdf",
        "periodicity": "periodic"
    },
    {
        "equity_ticker": "SNOW",
        "geography": "US",
        "content_name": "SNOW Q2 2015 10-Q",
        "file_type": "pdf",
        "content_type": "quarterly_report",
        "published_date": "2015-05-07",
        "fiscal_date": "2015-03-31",
        "fiscal_year": 2015,
        "fiscal_quarter": 2,
        "r2_url": "https://pub-2c783279b61043e19fbdadd1bee5153a.r2.dev/SNOW/2015-05-07/s000892x1_10q.htm/s000892x1_10q.pdf",
        "periodicity": "periodic"
    },
    {
        "equity_ticker": "SNOW",
        "geography": "US",
        "content_name": "SNOW Q1 2015 10-Q",
        "file_type": "pdf",
        "content_type": "quarterly_report",
        "published_date": "2015-02-06",
        "fiscal_date": "2014-12-31",
        "fiscal_year": 2015,
        "fiscal_quarter": 1,
        "r2_url": "https://pub-2c783279b61043e19fbdadd1bee5153a.r2.dev/SNOW/2015-02-06/s000722x1_10q.htm/s000722x1_10q.pdf",
        "periodicity": "periodic"
    },
    {
        "equity_ticker": "SNOW",
        "geography": "US",
        "content_name": "SNOW Q4 2014 10-Q",
        "file_type": "pdf",
        "content_type": "quarterly_report",
        "published_date": "2014-11-10",
        "fiscal_date": "2014-09-30",
        "fiscal_year": 2014,
        "fiscal_quarter": 4,
        "r2_url": "https://pub-2c783279b61043e19fbdadd1bee5153a.r2.dev/SNOW/2014-11-10/snow930201410q.htm/snow930201410q.pdf",
        "periodicity": "periodic"
    },
    {
        "equity_ticker": "SNOW",
        "geography": "US",
        "content_name": "SNOW Q3 2014 10-K",
        "file_type": "pdf",
        "content_type": "annual_report",
        "published_date": "2014-09-23",
        "fiscal_date": "2014-06-30",
        "fiscal_year": 2014,
        "fiscal_quarter": 3,
        "r2_url": "https://pub-2c783279b61043e19fbdadd1bee5153a.r2.dev/SNOW/2014-09-23/form10k.htm/form10k.pdf",
        "periodicity": "periodic"
    },
    {
        "equity_ticker": "SNOW",
        "geography": "US",
        "content_name": "SNOW Q2 2014 10-Q",
        "file_type": "pdf",
        "content_type": "quarterly_report",
        "published_date": "2014-05-13",
        "fiscal_date": "2014-03-31",
        "fiscal_year": 2014,
        "fiscal_quarter": 2,
        "r2_url": "https://pub-2c783279b61043e19fbdadd1bee5153a.r2.dev/SNOW/2014-05-13/s000523x1_10q.htm/s000523x1_10q.pdf",
        "periodicity": "periodic"
    },
    {
        "equity_ticker": "SNOW",
        "geography": "US",
        "content_name": "SNOW Q1 2014 10-Q",
        "file_type": "pdf",
        "content_type": "quarterly_report",
        "published_date": "2014-03-17",
        "fiscal_date": "2013-12-31",
        "fiscal_year": 2014,
        "fiscal_quarter": 1,
        "r2_url": "https://pub-2c783279b61043e19fbdadd1bee5153a.r2.dev/SNOW/2014-03-17/s000471x1_10q.htm/s000471x1_10q.pdf",
        "periodicity": "periodic"
    },
    {
        "equity_ticker": "SNOW",
        "geography": "US",
        "content_name": "The Citizens JMP Technology Conference - March 4, 2025",
        "file_type": "pdf",
        "content_type": "company_conference_transcript",
        "published_date": "2025-03-04",
        "fiscal_date": "2025-03-04",
        "fiscal_year": null,
        "fiscal_quarter": null,
        "r2_url": "https://pub-2c783279b61043e19fbdadd1bee5153a.r2.dev/SNOW/2025-03-04/Snowflake%20Inc._2025-03-04_transcript/Snowflake%20Inc._2025-03-04_transcript.pdf/Snowflake%20Inc._2025-03-04_transcript.pdf",
        "periodicity": "non_periodic"
    },
    {
        "equity_ticker": "SNOW",
        "geography": "US",
        "content_name": "Morgan Stanley European Healthcare Conference - March 3, 2025",
        "file_type": "pdf",
        "content_type": "sellside_conference_transcript",
        "published_date": "2025-03-03",
        "fiscal_date": "2025-03-03",
        "fiscal_year": null,
        "fiscal_quarter": null,
        "r2_url": "https://pub-2c783279b61043e19fbdadd1bee5153a.r2.dev/SNOW/2025-03-03/Snowflake%20Inc._2025-03-03_transcript/Snowflake%20Inc._2025-03-03_transcript.pdf/Snowflake%20Inc._2025-03-03_transcript.pdf",
        "periodicity": "non_periodic"
    },
    {
        "equity_ticker": "SNOW",
        "geography": "US",
        "content_name": "Morgan Stanley Technology, Media & Telecom Conference - March 3, 2025",
        "file_type": "pdf",
        "content_type": "sellside_conference_transcript",
        "published_date": "2025-03-03",
        "fiscal_date": "2025-03-03",
        "fiscal_year": null,
        "fiscal_quarter": null,
        "r2_url": "https://pub-2c783279b61043e19fbdadd1bee5153a.r2.dev/SNOW/2025-03-03/Snowflake%20Inc._2025-03-03_transcript/Snowflake%20Inc._2025-03-03_transcript.pdf/Snowflake%20Inc._2025-03-03_transcript.pdf",
        "periodicity": "non_periodic"
    },
    {
        "equity_ticker": "SNOW",
        "geography": "US",
        "content_name": "SNOW Q4 2025 Transcript",
        "file_type": "pdf",
        "content_type": "earnings_transcript",
        "published_date": "2025-02-26",
        "fiscal_date": "2025-02-26",
        "fiscal_year": 2025,
        "fiscal_quarter": 4,
        "r2_url": "https://pub-2c783279b61043e19fbdadd1bee5153a.r2.dev/SNOW/2025-02-26/Snowflake%20Inc._2025-02-26_transcript/Snowflake%20Inc._2025-02-26_transcript.pdf/Snowflake%20Inc._2025-02-26_transcript.pdf",
        "periodicity": "periodic"
    },
    {
        "equity_ticker": "SNOW",
        "geography": "US",
        "content_name": "SNOW Q4 2025 Press Release",
        "file_type": "pdf",
        "content_type": "earnings_press_release",
        "published_date": "2025-02-26",
        "fiscal_date": "2025-02-26",
        "fiscal_year": 2025,
        "fiscal_quarter": 4,
        "r2_url": "https://pub-2c783279b61043e19fbdadd1bee5153a.r2.dev/SNOW/2025-02-26/a870e-2025-02-26-09-58-09/a870e-2025-02-26-09-58-09.pdf/a870e-2025-02-26-09-58-09.pdf",
        "periodicity": "periodic"
    },
    {
        "equity_ticker": "SNOW",
        "geography": "US",
        "content_name": "SNOW Q4 2025 Presentation",
        "file_type": "pdf",
        "content_type": "earnings_presentation",
        "published_date": "2025-02-26",
        "fiscal_date": "2025-02-26",
        "fiscal_year": 2025,
        "fiscal_quarter": 4,
        "r2_url": "https://pub-2c783279b61043e19fbdadd1bee5153a.r2.dev/SNOW/2025-02-26/e8308-2025-02-26-09-48-09/e8308-2025-02-26-09-48-09.pdf/e8308-2025-02-26-09-48-09.pdf",
        "periodicity": "periodic"
    },
    {
        "equity_ticker": "SNOW",
        "geography": "US",
        "content_name": "UBS Global Technology and AI Conference - December 3, 2024",
        "file_type": "pdf",
        "content_type": "sellside_conference_transcript",
        "published_date": "2024-12-03",
        "fiscal_date": "2024-12-03",
        "fiscal_year": null,
        "fiscal_quarter": null,
        "r2_url": "https://pub-2c783279b61043e19fbdadd1bee5153a.r2.dev/SNOW/2024-12-03/Snowflake%20Inc._2024-12-03_transcript/Snowflake%20Inc._2024-12-03_transcript.pdf/Snowflake%20Inc._2024-12-03_transcript.pdf",
        "periodicity": "non_periodic"
    },
    {
        "equity_ticker": "SNOW",
        "geography": "US",
        "content_name": "SNOW Q3 2025 Transcript",
        "file_type": "pdf",
        "content_type": "earnings_transcript",
        "published_date": "2024-11-20",
        "fiscal_date": "2024-11-20",
        "fiscal_year": 2025,
        "fiscal_quarter": 3,
        "r2_url": "https://pub-2c783279b61043e19fbdadd1bee5153a.r2.dev/SNOW/2024-11-20/Snowflake%20Inc._2024-11-20_transcript/Snowflake%20Inc._2024-11-20_transcript.pdf/Snowflake%20Inc._2024-11-20_transcript.pdf",
        "periodicity": "periodic"
    },
    {
        "equity_ticker": "SNOW",
        "geography": "US",
        "content_name": "SNOW Q3 2025 Press Release",
        "file_type": "pdf",
        "content_type": "earnings_press_release",
        "published_date": "2024-11-20",
        "fiscal_date": "2024-11-20",
        "fiscal_year": 2025,
        "fiscal_quarter": 3,
        "r2_url": "https://pub-2c783279b61043e19fbdadd1bee5153a.r2.dev/SNOW/2024-11-20/a4a0d-2024-11-20-09-39-09/a4a0d-2024-11-20-09-39-09.pdf/a4a0d-2024-11-20-09-39-09.pdf",
        "periodicity": "periodic"
    },
    {
        "equity_ticker": "SNOW",
        "geography": "US",
        "content_name": "SNOW Q3 2025 Presentation",
        "file_type": "pdf",
        "content_type": "earnings_presentation",
        "published_date": "2024-11-20",
        "fiscal_date": "2024-11-20",
        "fiscal_year": 2025,
        "fiscal_quarter": 3,
        "r2_url": "https://pub-2c783279b61043e19fbdadd1bee5153a.r2.dev/SNOW/2024-11-20/c51ef-2024-11-20-09-52-11/c51ef-2024-11-20-09-52-11.pdf/c51ef-2024-11-20-09-52-11.pdf",
        "periodicity": "periodic"
    },
    {
        "equity_ticker": "SNOW",
        "geography": "US",
        "content_name": "Goldman Sachs Communacopia + Technology Conference - September 12, 2024",
        "file_type": "pdf",
        "content_type": "sellside_conference_transcript",
        "published_date": "2024-09-12",
        "fiscal_date": "2024-09-12",
        "fiscal_year": null,
        "fiscal_quarter": null,
        "r2_url": "https://pub-2c783279b61043e19fbdadd1bee5153a.r2.dev/SNOW/2024-09-12/Snowflake%20Inc._2024-09-12_transcript/Snowflake%20Inc._2024-09-12_transcript.pdf/Snowflake%20Inc._2024-09-12_transcript.pdf",
        "periodicity": "non_periodic"
    },
    {
        "equity_ticker": "SNOW",
        "geography": "US",
        "content_name": "Citi's 2024 Global TMT Conference - September 5, 2024",
        "file_type": "pdf",
        "content_type": "sellside_conference_transcript",
        "published_date": "2024-09-05",
        "fiscal_date": "2024-09-05",
        "fiscal_year": null,
        "fiscal_quarter": null,
        "r2_url": "https://pub-2c783279b61043e19fbdadd1bee5153a.r2.dev/SNOW/2024-09-05/Snowflake%20Inc._2024-09-05_transcript/Snowflake%20Inc._2024-09-05_transcript.pdf/Snowflake%20Inc._2024-09-05_transcript.pdf",
        "periodicity": "non_periodic"
    },
    {
        "equity_ticker": "SNOW",
        "geography": "US",
        "content_name": "SNOW Q2 2025 Transcript",
        "file_type": "pdf",
        "content_type": "earnings_transcript",
        "published_date": "2024-08-21",
        "fiscal_date": "2024-08-21",
        "fiscal_year": 2025,
        "fiscal_quarter": 2,
        "r2_url": "https://pub-2c783279b61043e19fbdadd1bee5153a.r2.dev/SNOW/2024-08-21/Snowflake%20Inc._2024-08-21_transcript/Snowflake%20Inc._2024-08-21_transcript.pdf/Snowflake%20Inc._2024-08-21_transcript.pdf",
        "periodicity": "periodic"
    },
    {
        "equity_ticker": "SNOW",
        "geography": "US",
        "content_name": "SNOW Q2 2025 Press Release",
        "file_type": "pdf",
        "content_type": "earnings_press_release",
        "published_date": "2024-08-21",
        "fiscal_date": "2024-08-21",
        "fiscal_year": 2025,
        "fiscal_quarter": 2,
        "r2_url": "https://pub-2c783279b61043e19fbdadd1bee5153a.r2.dev/SNOW/2024-08-21/a4e1d-2024-08-21-08-54-08/a4e1d-2024-08-21-08-54-08.pdf/a4e1d-2024-08-21-08-54-08.pdf",
        "periodicity": "periodic"
    },
    {
        "equity_ticker": "SNOW",
        "geography": "US",
        "content_name": "SNOW Q2 2025 Presentation",
        "file_type": "pdf",
        "content_type": "earnings_presentation",
        "published_date": "2024-08-21",
        "fiscal_date": "2024-08-21",
        "fiscal_year": 2025,
        "fiscal_quarter": 2,
        "r2_url": "https://pub-2c783279b61043e19fbdadd1bee5153a.r2.dev/SNOW/2024-08-21/16293-2024-08-21-08-11-12/16293-2024-08-21-08-11-12.pdf/16293-2024-08-21-08-11-12.pdf",
        "periodicity": "periodic"
    },
    {
        "equity_ticker": "SNOW",
        "geography": "US",
        "content_name": "AGM 2024 - July 2, 2024",
        "file_type": "pdf",
        "content_type": "company_conference_transcript",
        "published_date": "2024-07-02",
        "fiscal_date": "2024-07-02",
        "fiscal_year": null,
        "fiscal_quarter": null,
        "r2_url": "https://pub-2c783279b61043e19fbdadd1bee5153a.r2.dev/SNOW/2024-07-02/Snowflake%20Inc._2024-07-02_transcript/Snowflake%20Inc._2024-07-02_transcript.pdf/Snowflake%20Inc._2024-07-02_transcript.pdf",
        "periodicity": "non_periodic"
    },
    {
        "equity_ticker": "SNOW",
        "geography": "US",
        "content_name": "Investor Day 2024 - June 4, 2024",
        "file_type": "pdf",
        "content_type": "company_conference_transcript",
        "published_date": "2024-06-04",
        "fiscal_date": "2024-06-04",
        "fiscal_year": null,
        "fiscal_quarter": null,
        "r2_url": "https://pub-2c783279b61043e19fbdadd1bee5153a.r2.dev/SNOW/2024-06-04/Snowflake%20Inc._2024-06-04_transcript/Snowflake%20Inc._2024-06-04_transcript.pdf/Snowflake%20Inc._2024-06-04_transcript.pdf",
        "periodicity": "non_periodic"
    },
    {
        "equity_ticker": "SNOW",
        "geography": "US",
        "content_name": "Investor Day 2024 - June 4, 2024",
        "file_type": "pdf",
        "content_type": "company_conference_presentation",
        "published_date": "2024-06-04",
        "fiscal_date": "2024-06-04",
        "fiscal_year": null,
        "fiscal_quarter": null,
        "r2_url": "https://pub-2c783279b61043e19fbdadd1bee5153a.r2.dev/SNOW/2024-06-04/147da-2024-10-08-07-24-47/147da-2024-10-08-07-24-47.pdf/147da-2024-10-08-07-24-47.pdf",
        "periodicity": "non_periodic"
    },
    {
        "equity_ticker": "SNOW",
        "geography": "US",
        "content_name": "SNOW Q1 2025 Transcript",
        "file_type": "pdf",
        "content_type": "earnings_transcript",
        "published_date": "2024-05-22",
        "fiscal_date": "2024-05-22",
        "fiscal_year": 2025,
        "fiscal_quarter": 1,
        "r2_url": "https://pub-2c783279b61043e19fbdadd1bee5153a.r2.dev/SNOW/2024-05-22/Snowflake%20Inc._2024-05-22_transcript/Snowflake%20Inc._2024-05-22_transcript.pdf/Snowflake%20Inc._2024-05-22_transcript.pdf",
        "periodicity": "periodic"
    },
    {
        "equity_ticker": "SNOW",
        "geography": "US",
        "content_name": "SNOW Q1 2025 Press Release",
        "file_type": "pdf",
        "content_type": "earnings_press_release",
        "published_date": "2024-05-22",
        "fiscal_date": "2024-05-22",
        "fiscal_year": 2025,
        "fiscal_quarter": 1,
        "r2_url": "https://pub-2c783279b61043e19fbdadd1bee5153a.r2.dev/SNOW/2024-05-22/ec528-2024-05-22-08-32-09/ec528-2024-05-22-08-32-09.pdf/ec528-2024-05-22-08-32-09.pdf",
        "periodicity": "periodic"
    },
    {
        "equity_ticker": "SNOW",
        "geography": "US",
        "content_name": "SNOW Q1 2025 Presentation",
        "file_type": "pdf",
        "content_type": "earnings_presentation",
        "published_date": "2024-05-22",
        "fiscal_date": "2024-05-22",
        "fiscal_year": 2025,
        "fiscal_quarter": 1,
        "r2_url": "https://pub-2c783279b61043e19fbdadd1bee5153a.r2.dev/SNOW/2024-05-22/c17a4-2024-05-22-08-27-10/c17a4-2024-05-22-08-27-10.pdf/c17a4-2024-05-22-08-27-10.pdf",
        "periodicity": "periodic"
    },
    {
        "equity_ticker": "SNOW",
        "geography": "US",
        "content_name": "Morgan Stanley\u2019s Technology, Media & Telecom Conference 2024 - March 5, 2024",
        "file_type": "pdf",
        "content_type": "sellside_conference_transcript",
        "published_date": "2024-03-05",
        "fiscal_date": "2024-03-05",
        "fiscal_year": null,
        "fiscal_quarter": null,
        "r2_url": "https://pub-2c783279b61043e19fbdadd1bee5153a.r2.dev/SNOW/2024-03-05/Snowflake%20Inc._2024-03-05_transcript/Snowflake%20Inc._2024-03-05_transcript.pdf/Snowflake%20Inc._2024-03-05_transcript.pdf",
        "periodicity": "non_periodic"
    },
    {
        "equity_ticker": "SNOW",
        "geography": "US",
        "content_name": "JMP Securities Technology Conference 2024 - March 4, 2024",
        "file_type": "pdf",
        "content_type": "company_conference_transcript",
        "published_date": "2024-03-04",
        "fiscal_date": "2024-03-04",
        "fiscal_year": null,
        "fiscal_quarter": null,
        "r2_url": "https://pub-2c783279b61043e19fbdadd1bee5153a.r2.dev/SNOW/2024-03-04/Snowflake%20Inc._2024-03-04_transcript/Snowflake%20Inc._2024-03-04_transcript.pdf/Snowflake%20Inc._2024-03-04_transcript.pdf",
        "periodicity": "non_periodic"
    },
    {
        "equity_ticker": "SNOW",
        "geography": "US",
        "content_name": "SNOW Q4 2024 Transcript",
        "file_type": "pdf",
        "content_type": "earnings_transcript",
        "published_date": "2024-02-28",
        "fiscal_date": "2024-02-28",
        "fiscal_year": 2024,
        "fiscal_quarter": 4,
        "r2_url": "https://pub-2c783279b61043e19fbdadd1bee5153a.r2.dev/SNOW/2024-02-28/Snowflake%20Inc._2024-02-28_transcript/Snowflake%20Inc._2024-02-28_transcript.pdf/Snowflake%20Inc._2024-02-28_transcript.pdf",
        "periodicity": "periodic"
    },
    {
        "equity_ticker": "SNOW",
        "geography": "US",
        "content_name": "SNOW Q4 2024 Press Release",
        "file_type": "pdf",
        "content_type": "earnings_press_release",
        "published_date": "2024-02-28",
        "fiscal_date": "2024-02-28",
        "fiscal_year": 2024,
        "fiscal_quarter": 4,
        "r2_url": "https://pub-2c783279b61043e19fbdadd1bee5153a.r2.dev/SNOW/2024-02-28/32f3f-2024-02-28-09-25-45/32f3f-2024-02-28-09-25-45.pdf/32f3f-2024-02-28-09-25-45.pdf",
        "periodicity": "periodic"
    },
    {
        "equity_ticker": "SNOW",
        "geography": "US",
        "content_name": "SNOW Q4 2024 Presentation",
        "file_type": "pdf",
        "content_type": "earnings_presentation",
        "published_date": "2024-02-28",
        "fiscal_date": "2024-02-28",
        "fiscal_year": 2024,
        "fiscal_quarter": 4,
        "r2_url": "https://pub-2c783279b61043e19fbdadd1bee5153a.r2.dev/SNOW/2024-02-28/facf5-2024-02-28-09-26-14/facf5-2024-02-28-09-26-14.pdf/facf5-2024-02-28-09-26-14.pdf",
        "periodicity": "periodic"
    },
    {
        "equity_ticker": "SNOW",
        "geography": "US",
        "content_name": "NRF 2024: Retail\u2019s Big Show - January 16, 2024",
        "file_type": "pdf",
        "content_type": "company_conference_transcript",
        "published_date": "2024-01-16",
        "fiscal_date": "2024-01-16",
        "fiscal_year": null,
        "fiscal_quarter": null,
        "r2_url": "https://pub-2c783279b61043e19fbdadd1bee5153a.r2.dev/SNOW/2024-01-16/Snowflake%20Inc._2024-01-16_transcript/Snowflake%20Inc._2024-01-16_transcript.pdf/Snowflake%20Inc._2024-01-16_transcript.pdf",
        "periodicity": "non_periodic"
    },
    {
        "equity_ticker": "SNOW",
        "geography": "US",
        "content_name": "Barclays Global Technology Conference - December 7, 2023",
        "file_type": "pdf",
        "content_type": "sellside_conference_transcript",
        "published_date": "2023-12-07",
        "fiscal_date": "2023-12-07",
        "fiscal_year": null,
        "fiscal_quarter": null,
        "r2_url": "https://pub-2c783279b61043e19fbdadd1bee5153a.r2.dev/SNOW/2023-12-07/Snowflake%20Inc._2023-12-07_transcript/Snowflake%20Inc._2023-12-07_transcript.pdf/Snowflake%20Inc._2023-12-07_transcript.pdf",
        "periodicity": "non_periodic"
    },
    {
        "equity_ticker": "SNOW",
        "geography": "US",
        "content_name": "SNOW Q3 2024 Transcript",
        "file_type": "pdf",
        "content_type": "earnings_transcript",
        "published_date": "2023-11-29",
        "fiscal_date": "2023-11-29",
        "fiscal_year": 2024,
        "fiscal_quarter": 3,
        "r2_url": "https://pub-2c783279b61043e19fbdadd1bee5153a.r2.dev/SNOW/2023-11-29/Snowflake%20Inc._2023-11-29_transcript/Snowflake%20Inc._2023-11-29_transcript.pdf/Snowflake%20Inc._2023-11-29_transcript.pdf",
        "periodicity": "periodic"
    },
    {
        "equity_ticker": "SNOW",
        "geography": "US",
        "content_name": "SNOW Q3 2024 Press Release",
        "file_type": "pdf",
        "content_type": "earnings_press_release",
        "published_date": "2023-11-29",
        "fiscal_date": "2023-11-29",
        "fiscal_year": 2024,
        "fiscal_quarter": 3,
        "r2_url": "https://pub-2c783279b61043e19fbdadd1bee5153a.r2.dev/SNOW/2023-11-29/79a5f-2023-11-29-09-41-12/79a5f-2023-11-29-09-41-12.pdf/79a5f-2023-11-29-09-41-12.pdf",
        "periodicity": "periodic"
    },
    {
        "equity_ticker": "SNOW",
        "geography": "US",
        "content_name": "Coalesce 2023 - October 18, 2023",
        "file_type": "pdf",
        "content_type": "company_conference_transcript",
        "published_date": "2023-10-18",
        "fiscal_date": "2023-10-18",
        "fiscal_year": null,
        "fiscal_quarter": null,
        "r2_url": "https://pub-2c783279b61043e19fbdadd1bee5153a.r2.dev/SNOW/2023-10-18/Snowflake%20Inc._2023-10-18_transcript/Snowflake%20Inc._2023-10-18_transcript.pdf/Snowflake%20Inc._2023-10-18_transcript.pdf",
        "periodicity": "non_periodic"
    },
    {
        "equity_ticker": "SNOW",
        "geography": "US",
        "content_name": "Goldman Sachs Communications & Technology Conference 2023 - September 7, 2023",
        "file_type": "pdf",
        "content_type": "sellside_conference_transcript",
        "published_date": "2023-09-07",
        "fiscal_date": "2023-09-07",
        "fiscal_year": null,
        "fiscal_quarter": null,
        "r2_url": "https://pub-2c783279b61043e19fbdadd1bee5153a.r2.dev/SNOW/2023-09-07/Snowflake%20Inc._2023-09-07_transcript/Snowflake%20Inc._2023-09-07_transcript.pdf/Snowflake%20Inc._2023-09-07_transcript.pdf",
        "periodicity": "non_periodic"
    },
    {
        "equity_ticker": "SNOW",
        "geography": "US",
        "content_name": "SNOW Q2 2024 Transcript",
        "file_type": "pdf",
        "content_type": "earnings_transcript",
        "published_date": "2023-08-23",
        "fiscal_date": "2023-08-23",
        "fiscal_year": 2024,
        "fiscal_quarter": 2,
        "r2_url": "https://pub-2c783279b61043e19fbdadd1bee5153a.r2.dev/SNOW/2023-08-23/Snowflake%20Inc._2023-08-23_transcript/Snowflake%20Inc._2023-08-23_transcript.pdf/Snowflake%20Inc._2023-08-23_transcript.pdf",
        "periodicity": "periodic"
    },
    {
        "equity_ticker": "SNOW",
        "geography": "US",
        "content_name": "SNOW Q2 2024 Press Release",
        "file_type": "pdf",
        "content_type": "earnings_press_release",
        "published_date": "2023-08-23",
        "fiscal_date": "2023-08-23",
        "fiscal_year": 2024,
        "fiscal_quarter": 2,
        "r2_url": "https://pub-2c783279b61043e19fbdadd1bee5153a.r2.dev/SNOW/2023-08-23/765f4-2023-08-23-08-00-10/765f4-2023-08-23-08-00-10.pdf/765f4-2023-08-23-08-00-10.pdf",
        "periodicity": "periodic"
    },
    {
        "equity_ticker": "SNOW",
        "geography": "US",
        "content_name": "Investor Day 2023 - June 27, 2023",
        "file_type": "pdf",
        "content_type": "company_conference_transcript",
        "published_date": "2023-06-27",
        "fiscal_date": "2023-06-27",
        "fiscal_year": null,
        "fiscal_quarter": null,
        "r2_url": "https://pub-2c783279b61043e19fbdadd1bee5153a.r2.dev/SNOW/2023-06-27/Snowflake%20Inc._2023-06-27_transcript/Snowflake%20Inc._2023-06-27_transcript.pdf/Snowflake%20Inc._2023-06-27_transcript.pdf",
        "periodicity": "non_periodic"
    },
    {
        "equity_ticker": "SNOW",
        "geography": "US",
        "content_name": "Snowflake Summit 2023 - June 27, 2023",
        "file_type": "pdf",
        "content_type": "company_conference_transcript",
        "published_date": "2023-06-27",
        "fiscal_date": "2023-06-27",
        "fiscal_year": null,
        "fiscal_quarter": null,
        "r2_url": "https://pub-2c783279b61043e19fbdadd1bee5153a.r2.dev/SNOW/2023-06-27/Snowflake%20Inc._2023-06-27_transcript/Snowflake%20Inc._2023-06-27_transcript.pdf/Snowflake%20Inc._2023-06-27_transcript.pdf",
        "periodicity": "non_periodic"
    },
    {
        "equity_ticker": "SNOW",
        "geography": "US",
        "content_name": "SNOW Q1 2024 Transcript",
        "file_type": "pdf",
        "content_type": "earnings_transcript",
        "published_date": "2023-05-24",
        "fiscal_date": "2023-05-24",
        "fiscal_year": 2024,
        "fiscal_quarter": 1,
        "r2_url": "https://pub-2c783279b61043e19fbdadd1bee5153a.r2.dev/SNOW/2023-05-24/Snowflake%20Inc._2023-05-24_transcript/Snowflake%20Inc._2023-05-24_transcript.pdf/Snowflake%20Inc._2023-05-24_transcript.pdf",
        "periodicity": "periodic"
    },
    {
        "equity_ticker": "SNOW",
        "geography": "US",
        "content_name": "Morgan Stanley Technology, Media & Telecom Conference - March 7, 2023",
        "file_type": "pdf",
        "content_type": "sellside_conference_transcript",
        "published_date": "2023-03-07",
        "fiscal_date": "2023-03-07",
        "fiscal_year": null,
        "fiscal_quarter": null,
        "r2_url": "https://pub-2c783279b61043e19fbdadd1bee5153a.r2.dev/SNOW/2023-03-07/Snowflake%20Inc._2023-03-07_transcript/Snowflake%20Inc._2023-03-07_transcript.pdf/Snowflake%20Inc._2023-03-07_transcript.pdf",
        "periodicity": "non_periodic"
    },
    {
        "equity_ticker": "SNOW",
        "geography": "US",
        "content_name": "JMP Securities Technology Conference - March 6, 2023",
        "file_type": "pdf",
        "content_type": "company_conference_transcript",
        "published_date": "2023-03-06",
        "fiscal_date": "2023-03-06",
        "fiscal_year": null,
        "fiscal_quarter": null,
        "r2_url": "https://pub-2c783279b61043e19fbdadd1bee5153a.r2.dev/SNOW/2023-03-06/Snowflake%20Inc._2023-03-06_transcript/Snowflake%20Inc._2023-03-06_transcript.pdf/Snowflake%20Inc._2023-03-06_transcript.pdf",
        "periodicity": "non_periodic"
    },
    {
        "equity_ticker": "SNOW",
        "geography": "US",
        "content_name": "SNOW Q4 2023 Transcript",
        "file_type": "pdf",
        "content_type": "earnings_transcript",
        "published_date": "2023-03-01",
        "fiscal_date": "2023-03-01",
        "fiscal_year": 2023,
        "fiscal_quarter": 4,
        "r2_url": "https://pub-2c783279b61043e19fbdadd1bee5153a.r2.dev/SNOW/2023-03-01/Snowflake%20Inc._2023-03-01_transcript/Snowflake%20Inc._2023-03-01_transcript.pdf/Snowflake%20Inc._2023-03-01_transcript.pdf",
        "periodicity": "periodic"
    },
    {
        "equity_ticker": "SNOW",
        "geography": "US",
        "content_name": "SNOW Q3 2023 Transcript",
        "file_type": "pdf",
        "content_type": "earnings_transcript",
        "published_date": "2022-11-30",
        "fiscal_date": "2022-11-30",
        "fiscal_year": 2023,
        "fiscal_quarter": 3,
        "r2_url": "https://pub-2c783279b61043e19fbdadd1bee5153a.r2.dev/SNOW/2022-11-30/Snowflake%20Inc._2022-11-30_transcript/Snowflake%20Inc._2022-11-30_transcript.pdf/Snowflake%20Inc._2022-11-30_transcript.pdf",
        "periodicity": "periodic"
    },
    {
        "equity_ticker": "SNOW",
        "geography": "US",
        "content_name": "SNOW Q2 2023 Transcript",
        "file_type": "pdf",
        "content_type": "earnings_transcript",
        "published_date": "2022-08-24",
        "fiscal_date": "2022-08-24",
        "fiscal_year": 2023,
        "fiscal_quarter": 2,
        "r2_url": "https://pub-2c783279b61043e19fbdadd1bee5153a.r2.dev/SNOW/2022-08-24/Snowflake%20Inc._2022-08-24_transcript/Snowflake%20Inc._2022-08-24_transcript.pdf/Snowflake%20Inc._2022-08-24_transcript.pdf",
        "periodicity": "periodic"
    },
    {
        "equity_ticker": "SNOW",
        "geography": "US",
        "content_name": "Investor Day 2022 - June 14, 2022",
        "file_type": "pdf",
        "content_type": "company_conference_transcript",
        "published_date": "2022-06-14",
        "fiscal_date": "2022-06-14",
        "fiscal_year": null,
        "fiscal_quarter": null,
        "r2_url": "https://pub-2c783279b61043e19fbdadd1bee5153a.r2.dev/SNOW/2022-06-14/Snowflake%20Inc._2022-06-14_transcript/Snowflake%20Inc._2022-06-14_transcript.pdf/Snowflake%20Inc._2022-06-14_transcript.pdf",
        "periodicity": "non_periodic"
    },
    {
        "equity_ticker": "SNOW",
        "geography": "US",
        "content_name": "Investor Day 2022 - June 14, 2022",
        "file_type": "pdf",
        "content_type": "company_conference_presentation",
        "published_date": "2022-06-14",
        "fiscal_date": "2022-06-14",
        "fiscal_year": null,
        "fiscal_quarter": null,
        "r2_url": "https://pub-2c783279b61043e19fbdadd1bee5153a.r2.dev/SNOW/2022-06-14/ec63d-2022-06-23-07-34-52/ec63d-2022-06-23-07-34-52.pdf/ec63d-2022-06-23-07-34-52.pdf",
        "periodicity": "non_periodic"
    },
    {
        "equity_ticker": "SNOW",
        "geography": "US",
        "content_name": "SNOW Q1 2023 Transcript",
        "file_type": "pdf",
        "content_type": "earnings_transcript",
        "published_date": "2022-05-25",
        "fiscal_date": "2022-05-25",
        "fiscal_year": 2023,
        "fiscal_quarter": 1,
        "r2_url": "https://pub-2c783279b61043e19fbdadd1bee5153a.r2.dev/SNOW/2022-05-25/Snowflake%20Inc._2022-05-25_transcript/Snowflake%20Inc._2022-05-25_transcript.pdf/Snowflake%20Inc._2022-05-25_transcript.pdf",
        "periodicity": "periodic"
    },
    {
        "equity_ticker": "SNOW",
        "geography": "US",
        "content_name": "SNOW Q4 2022 Transcript",
        "file_type": "pdf",
        "content_type": "earnings_transcript",
        "published_date": "2022-03-02",
        "fiscal_date": "2022-03-02",
        "fiscal_year": 2022,
        "fiscal_quarter": 4,
        "r2_url": "https://pub-2c783279b61043e19fbdadd1bee5153a.r2.dev/SNOW/2022-03-02/Snowflake%20Inc._2022-03-02_transcript/Snowflake%20Inc._2022-03-02_transcript.pdf/Snowflake%20Inc._2022-03-02_transcript.pdf",
        "periodicity": "periodic"
    },
    {
        "equity_ticker": "SNOW",
        "geography": "US",
        "content_name": "SNOW Q4 2022 Press Release",
        "file_type": "pdf",
        "content_type": "earnings_press_release",
        "published_date": "2022-03-02",
        "fiscal_date": "2022-03-02",
        "fiscal_year": 2022,
        "fiscal_quarter": 4,
        "r2_url": "https://pub-2c783279b61043e19fbdadd1bee5153a.r2.dev/SNOW/2022-03-02/b3472-2025-03-11-07-10-32/b3472-2025-03-11-07-10-32.pdf/b3472-2025-03-11-07-10-32.pdf",
        "periodicity": "periodic"
    },
    {
        "equity_ticker": "SNOW",
        "geography": "US",
        "content_name": "SNOW Q4 2022 Presentation",
        "file_type": "pdf",
        "content_type": "earnings_presentation",
        "published_date": "2022-03-02",
        "fiscal_date": "2022-03-02",
        "fiscal_year": 2022,
        "fiscal_quarter": 4,
        "r2_url": "https://pub-2c783279b61043e19fbdadd1bee5153a.r2.dev/SNOW/2022-03-02/7a785-2022-03-02-03-25-02-migrated/7a785-2022-03-02-03-25-02-migrated.pdf/7a785-2022-03-02-03-25-02-migrated.pdf",
        "periodicity": "periodic"
    },
    {
        "equity_ticker": "SNOW",
        "geography": "US",
        "content_name": "SNOW Q3 2022 Transcript",
        "file_type": "pdf",
        "content_type": "earnings_transcript",
        "published_date": "2021-12-01",
        "fiscal_date": "2021-12-01",
        "fiscal_year": 2022,
        "fiscal_quarter": 3,
        "r2_url": "https://pub-2c783279b61043e19fbdadd1bee5153a.r2.dev/SNOW/2021-12-01/Snowflake%20Inc._2021-12-01_transcript/Snowflake%20Inc._2021-12-01_transcript.pdf/Snowflake%20Inc._2021-12-01_transcript.pdf",
        "periodicity": "periodic"
    },
    {
        "equity_ticker": "SNOW",
        "geography": "US",
        "content_name": "SNOW Q3 2022 Presentation",
        "file_type": "pdf",
        "content_type": "earnings_presentation",
        "published_date": "2021-12-01",
        "fiscal_date": "2021-12-01",
        "fiscal_year": 2022,
        "fiscal_quarter": 3,
        "r2_url": "https://pub-2c783279b61043e19fbdadd1bee5153a.r2.dev/SNOW/2021-12-01/ff4d5-2021-12-01-12-00-00-migrated/ff4d5-2021-12-01-12-00-00-migrated.pdf/ff4d5-2021-12-01-12-00-00-migrated.pdf",
        "periodicity": "periodic"
    },
    {
        "equity_ticker": "SNOW",
        "geography": "US",
        "content_name": "SNOW Q2 2022 Transcript",
        "file_type": "pdf",
        "content_type": "earnings_transcript",
        "published_date": "2021-08-25",
        "fiscal_date": "2021-08-25",
        "fiscal_year": 2022,
        "fiscal_quarter": 2,
        "r2_url": "https://pub-2c783279b61043e19fbdadd1bee5153a.r2.dev/SNOW/2021-08-25/Snowflake%20Inc._2021-08-25_transcript/Snowflake%20Inc._2021-08-25_transcript.pdf/Snowflake%20Inc._2021-08-25_transcript.pdf",
        "periodicity": "periodic"
    },
    {
        "equity_ticker": "SNOW",
        "geography": "US",
        "content_name": "SNOW Q2 2022 Presentation",
        "file_type": "pdf",
        "content_type": "earnings_presentation",
        "published_date": "2021-08-25",
        "fiscal_date": "2021-08-25",
        "fiscal_year": 2022,
        "fiscal_quarter": 2,
        "r2_url": "https://pub-2c783279b61043e19fbdadd1bee5153a.r2.dev/SNOW/2021-08-25/1be62-2021-08-25-12-00-00-migrated/1be62-2021-08-25-12-00-00-migrated.pdf/1be62-2021-08-25-12-00-00-migrated.pdf",
        "periodicity": "periodic"
    },
    {
        "equity_ticker": "SNOW",
        "geography": "US",
        "content_name": "Investor Day 2021 - June 10, 2021",
        "file_type": "pdf",
        "content_type": "company_conference_transcript",
        "published_date": "2021-06-10",
        "fiscal_date": "2021-06-10",
        "fiscal_year": null,
        "fiscal_quarter": null,
        "r2_url": "https://pub-2c783279b61043e19fbdadd1bee5153a.r2.dev/SNOW/2021-06-10/Snowflake%20Inc._2021-06-10_transcript/Snowflake%20Inc._2021-06-10_transcript.pdf/Snowflake%20Inc._2021-06-10_transcript.pdf",
        "periodicity": "non_periodic"
    },
    {
        "equity_ticker": "SNOW",
        "geography": "US",
        "content_name": "Investor Day 2021 - June 10, 2021",
        "file_type": "pdf",
        "content_type": "company_conference_presentation",
        "published_date": "2021-06-10",
        "fiscal_date": "2021-06-10",
        "fiscal_year": null,
        "fiscal_quarter": null,
        "r2_url": "https://pub-2c783279b61043e19fbdadd1bee5153a.r2.dev/SNOW/2021-06-10/c2c87-2023-04-05-08-18-51/c2c87-2023-04-05-08-18-51.pdf/c2c87-2023-04-05-08-18-51.pdf",
        "periodicity": "non_periodic"
    },
    {
        "equity_ticker": "SNOW",
        "geography": "US",
        "content_name": "SNOW Q1 2022 Transcript",
        "file_type": "pdf",
        "content_type": "earnings_transcript",
        "published_date": "2021-05-26",
        "fiscal_date": "2021-05-26",
        "fiscal_year": 2022,
        "fiscal_quarter": 1,
        "r2_url": "https://pub-2c783279b61043e19fbdadd1bee5153a.r2.dev/SNOW/2021-05-26/Snowflake%20Inc._2021-05-26_transcript/Snowflake%20Inc._2021-05-26_transcript.pdf/Snowflake%20Inc._2021-05-26_transcript.pdf",
        "periodicity": "periodic"
    },
    {
        "equity_ticker": "SNOW",
        "geography": "US",
        "content_name": "SNOW Q4 2021 Transcript",
        "file_type": "pdf",
        "content_type": "earnings_transcript",
        "published_date": "2021-03-03",
        "fiscal_date": "2021-03-03",
        "fiscal_year": 2021,
        "fiscal_quarter": 4,
        "r2_url": "https://pub-2c783279b61043e19fbdadd1bee5153a.r2.dev/SNOW/2021-03-03/Snowflake%20Inc._2021-03-03_transcript/Snowflake%20Inc._2021-03-03_transcript.pdf/Snowflake%20Inc._2021-03-03_transcript.pdf",
        "periodicity": "periodic"
    },
    {
        "equity_ticker": "SNOW",
        "geography": "US",
        "content_name": "SNOW Q4 2021 Press Release",
        "file_type": "pdf",
        "content_type": "earnings_press_release",
        "published_date": "2021-03-03",
        "fiscal_date": "2021-03-03",
        "fiscal_year": 2021,
        "fiscal_quarter": 4,
        "r2_url": "https://pub-2c783279b61043e19fbdadd1bee5153a.r2.dev/SNOW/2021-03-03/65a6a-2023-07-12-01-05-40/65a6a-2023-07-12-01-05-40.pdf/65a6a-2023-07-12-01-05-40.pdf",
        "periodicity": "periodic"
    },
    {
        "equity_ticker": "SNOW",
        "geography": "US",
        "content_name": "SNOW Q4 2021 Presentation",
        "file_type": "pdf",
        "content_type": "earnings_presentation",
        "published_date": "2021-03-03",
        "fiscal_date": "2021-03-03",
        "fiscal_year": 2021,
        "fiscal_quarter": 4,
        "r2_url": "https://pub-2c783279b61043e19fbdadd1bee5153a.r2.dev/SNOW/2021-03-03/84508-2021-03-03-02-00-45-migrated/84508-2021-03-03-02-00-45-migrated.pdf/84508-2021-03-03-02-00-45-migrated.pdf",
        "periodicity": "periodic"
    },
    {
        "equity_ticker": "SNOW",
        "geography": "US",
        "content_name": "SNOW Q3 2021 Transcript",
        "file_type": "pdf",
        "content_type": "earnings_transcript",
        "published_date": "2020-12-02",
        "fiscal_date": "2020-12-02",
        "fiscal_year": 2021,
        "fiscal_quarter": 3,
        "r2_url": "https://pub-2c783279b61043e19fbdadd1bee5153a.r2.dev/SNOW/2020-12-02/Snowflake%20Inc._2020-12-02_transcript/Snowflake%20Inc._2020-12-02_transcript.pdf/Snowflake%20Inc._2020-12-02_transcript.pdf",
        "periodicity": "periodic"
    },
    {
        "equity_ticker": "SNOW",
        "geography": "US",
        "content_name": "SNOW Q3 2021 Presentation",
        "file_type": "pdf",
        "content_type": "earnings_presentation",
        "published_date": "2020-12-02",
        "fiscal_date": "2020-12-02",
        "fiscal_year": 2021,
        "fiscal_quarter": 3,
        "r2_url": "https://pub-2c783279b61043e19fbdadd1bee5153a.r2.dev/SNOW/2020-12-02/c1a6e-2020-12-02-12-00-00-migrated/c1a6e-2020-12-02-12-00-00-migrated.pdf/c1a6e-2020-12-02-12-00-00-migrated.pdf",
        "periodicity": "periodic"
    },
    {
        "equity_ticker": "SNOW",
        "geography": "US",
        "content_name": "SNOW Q3 2017 Transcript",
        "file_type": "pdf",
        "content_type": "earnings_transcript",
        "published_date": "2017-05-06",
        "fiscal_date": "2017-05-06",
        "fiscal_year": 2017,
        "fiscal_quarter": 3,
        "r2_url": "https://pub-2c783279b61043e19fbdadd1bee5153a.r2.dev/SNOW/2017-05-06/Snowflake%20Inc._2017-05-06_transcript/Snowflake%20Inc._2017-05-06_transcript.pdf/Snowflake%20Inc._2017-05-06_transcript.pdf",
        "periodicity": "periodic"
    },
    {
        "equity_ticker": "SNOW",
        "geography": "US",
        "content_name": "SNOW Q2 2017 Transcript",
        "file_type": "pdf",
        "content_type": "earnings_transcript",
        "published_date": "2017-02-02",
        "fiscal_date": "2017-02-02",
        "fiscal_year": 2017,
        "fiscal_quarter": 2,
        "r2_url": "https://pub-2c783279b61043e19fbdadd1bee5153a.r2.dev/SNOW/2017-02-02/Snowflake%20Inc._2017-02-02_transcript/Snowflake%20Inc._2017-02-02_transcript.pdf/Snowflake%20Inc._2017-02-02_transcript.pdf",
        "periodicity": "periodic"
    },
    {
        "equity_ticker": "SNOW",
        "geography": "US",
        "content_name": "SNOW Q1 2017 Transcript",
        "file_type": "pdf",
        "content_type": "earnings_transcript",
        "published_date": "2016-11-03",
        "fiscal_date": "2016-11-03",
        "fiscal_year": 2017,
        "fiscal_quarter": 1,
        "r2_url": "https://pub-2c783279b61043e19fbdadd1bee5153a.r2.dev/SNOW/2016-11-03/Snowflake%20Inc._2016-11-03_transcript/Snowflake%20Inc._2016-11-03_transcript.pdf/Snowflake%20Inc._2016-11-03_transcript.pdf",
        "periodicity": "periodic"
    },
    {
        "equity_ticker": "SNOW",
        "geography": "US",
        "content_name": "SNOW Q4 2016 Transcript",
        "file_type": "pdf",
        "content_type": "earnings_transcript",
        "published_date": "2016-09-08",
        "fiscal_date": "2016-09-08",
        "fiscal_year": 2016,
        "fiscal_quarter": 4,
        "r2_url": "https://pub-2c783279b61043e19fbdadd1bee5153a.r2.dev/SNOW/2016-09-08/Snowflake%20Inc._2016-09-08_transcript/Snowflake%20Inc._2016-09-08_transcript.pdf/Snowflake%20Inc._2016-09-08_transcript.pdf",
        "periodicity": "periodic"
    },
    {
        "equity_ticker": "SNOW",
        "geography": "US",
        "content_name": "SNOW Q3 2016 Transcript",
        "file_type": "pdf",
        "content_type": "earnings_transcript",
        "published_date": "2016-05-05",
        "fiscal_date": "2016-05-05",
        "fiscal_year": 2016,
        "fiscal_quarter": 3,
        "r2_url": "https://pub-2c783279b61043e19fbdadd1bee5153a.r2.dev/SNOW/2016-05-05/Snowflake%20Inc._2016-05-05_transcript/Snowflake%20Inc._2016-05-05_transcript.pdf/Snowflake%20Inc._2016-05-05_transcript.pdf",
        "periodicity": "periodic"
    },
    {
        "equity_ticker": "SNOW",
        "geography": "US",
        "content_name": "SNOW Q2 2016 Transcript",
        "file_type": "pdf",
        "content_type": "earnings_transcript",
        "published_date": "2016-02-03",
        "fiscal_date": "2016-02-03",
        "fiscal_year": 2016,
        "fiscal_quarter": 2,
        "r2_url": "https://pub-2c783279b61043e19fbdadd1bee5153a.r2.dev/SNOW/2016-02-03/Snowflake%20Inc._2016-02-03_transcript/Snowflake%20Inc._2016-02-03_transcript.pdf/Snowflake%20Inc._2016-02-03_transcript.pdf",
        "periodicity": "periodic"
    },
    {
        "equity_ticker": "SNOW",
        "geography": "US",
        "content_name": "SNOW Q1 2016 Transcript",
        "file_type": "pdf",
        "content_type": "earnings_transcript",
        "published_date": "2015-11-08",
        "fiscal_date": "2015-11-08",
        "fiscal_year": 2016,
        "fiscal_quarter": 1,
        "r2_url": "https://pub-2c783279b61043e19fbdadd1bee5153a.r2.dev/SNOW/2015-11-08/Snowflake%20Inc._2015-11-08_transcript/Snowflake%20Inc._2015-11-08_transcript.pdf/Snowflake%20Inc._2015-11-08_transcript.pdf",
        "periodicity": "periodic"
    },
    {
        "equity_ticker": "SNOW",
        "geography": "US",
        "content_name": "SNOW Q4 2015 Transcript",
        "file_type": "pdf",
        "content_type": "earnings_transcript",
        "published_date": "2015-09-09",
        "fiscal_date": "2015-09-09",
        "fiscal_year": 2015,
        "fiscal_quarter": 4,
        "r2_url": "https://pub-2c783279b61043e19fbdadd1bee5153a.r2.dev/SNOW/2015-09-09/Snowflake%20Inc._2015-09-09_transcript/Snowflake%20Inc._2015-09-09_transcript.pdf/Snowflake%20Inc._2015-09-09_transcript.pdf",
        "periodicity": "periodic"
    },
    {
        "equity_ticker": "SNOW",
        "geography": "US",
        "content_name": "SNOW Q3 2015 Transcript",
        "file_type": "pdf",
        "content_type": "earnings_transcript",
        "published_date": "2015-05-07",
        "fiscal_date": "2015-05-07",
        "fiscal_year": 2015,
        "fiscal_quarter": 3,
        "r2_url": "https://pub-2c783279b61043e19fbdadd1bee5153a.r2.dev/SNOW/2015-05-07/Snowflake%20Inc._2015-05-07_transcript/Snowflake%20Inc._2015-05-07_transcript.pdf/Snowflake%20Inc._2015-05-07_transcript.pdf",
        "periodicity": "periodic"
    },
    {
        "equity_ticker": "SNOW",
        "geography": "US",
        "content_name": "SNOW Q2 2015 Transcript",
        "file_type": "pdf",
        "content_type": "earnings_transcript",
        "published_date": "2015-02-06",
        "fiscal_date": "2015-02-06",
        "fiscal_year": 2015,
        "fiscal_quarter": 2,
        "r2_url": "https://pub-2c783279b61043e19fbdadd1bee5153a.r2.dev/SNOW/2015-02-06/Snowflake%20Inc._2015-02-06_transcript/Snowflake%20Inc._2015-02-06_transcript.pdf/Snowflake%20Inc._2015-02-06_transcript.pdf",
        "periodicity": "periodic"
    },
    {
        "equity_ticker": "SNOW",
        "geography": "US",
        "content_name": "SNOW Q1 2015 Transcript",
        "file_type": "pdf",
        "content_type": "earnings_transcript",
        "published_date": "2014-11-11",
        "fiscal_date": "2014-11-11",
        "fiscal_year": 2015,
        "fiscal_quarter": 1,
        "r2_url": "https://pub-2c783279b61043e19fbdadd1bee5153a.r2.dev/SNOW/2014-11-11/Snowflake%20Inc._2014-11-11_transcript/Snowflake%20Inc._2014-11-11_transcript.pdf/Snowflake%20Inc._2014-11-11_transcript.pdf",
        "periodicity": "periodic"
    },
    {
        "equity_ticker": "SNOW",
        "geography": "US",
        "content_name": "SNOW Q4 2014 Transcript",
        "file_type": "pdf",
        "content_type": "earnings_transcript",
        "published_date": "2014-09-12",
        "fiscal_date": "2014-09-12",
        "fiscal_year": 2014,
        "fiscal_quarter": 4,
        "r2_url": "https://pub-2c783279b61043e19fbdadd1bee5153a.r2.dev/SNOW/2014-09-12/Snowflake%20Inc._2014-09-12_transcript/Snowflake%20Inc._2014-09-12_transcript.pdf/Snowflake%20Inc._2014-09-12_transcript.pdf",
        "periodicity": "periodic"
    }
]