[
  {
    "equity_ticker": "TEAM",
    "geography": "US",
    "content_name": "TEAM Q2 2025 10-Q",
    "file_type": "pdf",
    "content_type": "quarterly_report",
    "published_date": "2025-01-31",
    "fiscal_date": "2024-12-31",
    "fiscal_year": 2025,
    "fiscal_quarter": 2,
    "r2_url": "https://pub-2c783279b61043e19fbdadd1bee5153a.r2.dev/TEAM/2025-01-31/team-20241231.htm/team-20241231.pdf",
    "periodicity": "periodic"
  },
  {
    "equity_ticker": "TEAM",
    "geography": "US",
    "content_name": "TEAM Q1 2025 10-Q",
    "file_type": "pdf",
    "content_type": "quarterly_report",
    "published_date": "2024-11-01",
    "fiscal_date": "2024-09-30",
    "fiscal_year": 2025,
    "fiscal_quarter": 1,
    "r2_url": "https://pub-2c783279b61043e19fbdadd1bee5153a.r2.dev/TEAM/2024-11-01/team-20240930.htm/team-20240930.pdf",
    "periodicity": "periodic"
  },
  {
    "equity_ticker": "TEAM",
    "geography": "US",
    "content_name": "TEAM Q4 2024 10-K",
    "file_type": "pdf",
    "content_type": "annual_report",
    "published_date": "2024-08-16",
    "fiscal_date": "2024-06-30",
    "fiscal_year": 2024,
    "fiscal_quarter": 4,
    "r2_url": "https://pub-2c783279b61043e19fbdadd1bee5153a.r2.dev/TEAM/2024-08-16/team-20240630.htm/team-20240630.pdf",
    "periodicity": "periodic"
  },
  {
    "equity_ticker": "TEAM",
    "geography": "US",
    "content_name": "TEAM Q3 2024 10-Q",
    "file_type": "pdf",
    "content_type": "quarterly_report",
    "published_date": "2024-04-26",
    "fiscal_date": "2024-03-31",
    "fiscal_year": 2024,
    "fiscal_quarter": 3,
    "r2_url": "https://pub-2c783279b61043e19fbdadd1bee5153a.r2.dev/TEAM/2024-04-26/team-20240331.htm/team-20240331.pdf",
    "periodicity": "periodic"
  },
  {
    "equity_ticker": "TEAM",
    "geography": "US",
    "content_name": "TEAM Q2 2024 10-Q",
    "file_type": "pdf",
    "content_type": "quarterly_report",
    "published_date": "2024-02-02",
    "fiscal_date": "2023-12-31",
    "fiscal_year": 2024,
    "fiscal_quarter": 2,
    "r2_url": "https://pub-2c783279b61043e19fbdadd1bee5153a.r2.dev/TEAM/2024-02-02/team-20231231.htm/team-20231231.pdf",
    "periodicity": "periodic"
  },
  {
    "equity_ticker": "TEAM",
    "geography": "US",
    "content_name": "TEAM Q1 2024 10-Q",
    "file_type": "pdf",
    "content_type": "quarterly_report",
    "published_date": "2023-11-03",
    "fiscal_date": "2023-09-30",
    "fiscal_year": 2024,
    "fiscal_quarter": 1,
    "r2_url": "https://pub-2c783279b61043e19fbdadd1bee5153a.r2.dev/TEAM/2023-11-03/team-20230930.htm/team-20230930.pdf",
    "periodicity": "periodic"
  },
  {
    "equity_ticker": "TEAM",
    "geography": "US",
    "content_name": "TEAM Q4 2023 10-K",
    "file_type": "pdf",
    "content_type": "annual_report",
    "published_date": "2023-08-18",
    "fiscal_date": "2023-06-30",
    "fiscal_year": 2023,
    "fiscal_quarter": 4,
    "r2_url": "https://pub-2c783279b61043e19fbdadd1bee5153a.r2.dev/TEAM/2023-08-18/team-20230630.htm/team-20230630.pdf",
    "periodicity": "periodic"
  },
  {
    "equity_ticker": "TEAM",
    "geography": "US",
    "content_name": "TEAM Q3 2023 10-Q",
    "file_type": "pdf",
    "content_type": "quarterly_report",
    "published_date": "2023-05-05",
    "fiscal_date": "2023-03-31",
    "fiscal_year": 2023,
    "fiscal_quarter": 3,
    "r2_url": "https://pub-2c783279b61043e19fbdadd1bee5153a.r2.dev/TEAM/2023-05-05/team-20230331.htm/team-20230331.pdf",
    "periodicity": "periodic"
  },
  {
    "equity_ticker": "TEAM",
    "geography": "US",
    "content_name": "TEAM Q2 2023 10-Q",
    "file_type": "pdf",
    "content_type": "quarterly_report",
    "published_date": "2023-02-03",
    "fiscal_date": "2022-12-31",
    "fiscal_year": 2023,
    "fiscal_quarter": 2,
    "r2_url": "https://pub-2c783279b61043e19fbdadd1bee5153a.r2.dev/TEAM/2023-02-03/team-20221231.htm/team-20221231.pdf",
    "periodicity": "periodic"
  },
  {
    "equity_ticker": "TEAM",
    "geography": "US",
    "content_name": "TEAM Q1 2023 10-Q",
    "file_type": "pdf",
    "content_type": "quarterly_report",
    "published_date": "2022-11-04",
    "fiscal_date": "2022-09-30",
    "fiscal_year": 2023,
    "fiscal_quarter": 1,
    "r2_url": "https://pub-2c783279b61043e19fbdadd1bee5153a.r2.dev/TEAM/2022-11-04/team-20220930.htm/team-20220930.pdf",
    "periodicity": "periodic"
  },
  {
    "equity_ticker": "TEAM",
    "geography": "US",
    "content_name": "TEAM Q4 2010 10-Q",
    "file_type": "pdf",
    "content_type": "quarterly_report",
    "published_date": "2010-11-09",
    "fiscal_date": "2010-09-30",
    "fiscal_year": 2010,
    "fiscal_quarter": 4,
    "r2_url": "https://pub-2c783279b61043e19fbdadd1bee5153a.r2.dev/TEAM/2010-11-09/v201321_10q.htm/v201321_10q.pdf",
    "periodicity": "periodic"
  },
  {
    "equity_ticker": "TEAM",
    "geography": "US",
    "content_name": "TEAM Q3 2010 10-Q",
    "file_type": "pdf",
    "content_type": "quarterly_report",
    "published_date": "2010-08-09",
    "fiscal_date": "2010-06-30",
    "fiscal_year": 2010,
    "fiscal_quarter": 3,
    "r2_url": "https://pub-2c783279b61043e19fbdadd1bee5153a.r2.dev/TEAM/2010-08-09/v192861_10q.htm/v192861_10q.pdf",
    "periodicity": "periodic"
  },
  {
    "equity_ticker": "TEAM",
    "geography": "US",
    "content_name": "TEAM Q2 2010 10-Q",
    "file_type": "pdf",
    "content_type": "quarterly_report",
    "published_date": "2010-05-10",
    "fiscal_date": "2010-03-31",
    "fiscal_year": 2010,
    "fiscal_quarter": 2,
    "r2_url": "https://pub-2c783279b61043e19fbdadd1bee5153a.r2.dev/TEAM/2010-05-10/v183896_10q.htm/v183896_10q.pdf",
    "periodicity": "periodic"
  },
  {
    "equity_ticker": "TEAM",
    "geography": "US",
    "content_name": "TEAM Q1 2010 10-K",
    "file_type": "pdf",
    "content_type": "annual_report",
    "published_date": "2010-03-30",
    "fiscal_date": "2009-12-31",
    "fiscal_year": 2010,
    "fiscal_quarter": 1,
    "r2_url": "https://pub-2c783279b61043e19fbdadd1bee5153a.r2.dev/TEAM/2010-03-30/v178684_10k.htm/v178684_10k.pdf",
    "periodicity": "periodic"
  },
  {
    "equity_ticker": "TEAM",
    "geography": "US",
    "content_name": "TEAM Q4 2009 10-Q",
    "file_type": "pdf",
    "content_type": "quarterly_report",
    "published_date": "2009-11-09",
    "fiscal_date": "2009-09-30",
    "fiscal_year": 2009,
    "fiscal_quarter": 4,
    "r2_url": "https://pub-2c783279b61043e19fbdadd1bee5153a.r2.dev/TEAM/2009-11-09/k48532e10vq.htm/k48532e10vq.pdf",
    "periodicity": "periodic"
  },
  {
    "equity_ticker": "TEAM",
    "geography": "US",
    "content_name": "TEAM Q3 2009 10-Q",
    "file_type": "pdf",
    "content_type": "quarterly_report",
    "published_date": "2009-08-10",
    "fiscal_date": "2009-06-30",
    "fiscal_year": 2009,
    "fiscal_quarter": 3,
    "r2_url": "https://pub-2c783279b61043e19fbdadd1bee5153a.r2.dev/TEAM/2009-08-10/k48195e10vq.htm/k48195e10vq.pdf",
    "periodicity": "periodic"
  },
  {
    "equity_ticker": "TEAM",
    "geography": "US",
    "content_name": "TEAM Q2 2009 10-Q",
    "file_type": "pdf",
    "content_type": "quarterly_report",
    "published_date": "2009-05-11",
    "fiscal_date": "2009-03-31",
    "fiscal_year": 2009,
    "fiscal_quarter": 2,
    "r2_url": "https://pub-2c783279b61043e19fbdadd1bee5153a.r2.dev/TEAM/2009-05-11/k47823e10vq.htm/k47823e10vq.pdf",
    "periodicity": "periodic"
  },
  {
    "equity_ticker": "TEAM",
    "geography": "US",
    "content_name": "TEAM Q1 2009 10-K",
    "file_type": "pdf",
    "content_type": "annual_report",
    "published_date": "2009-03-16",
    "fiscal_date": "2008-12-31",
    "fiscal_year": 2009,
    "fiscal_quarter": 1,
    "r2_url": "https://pub-2c783279b61043e19fbdadd1bee5153a.r2.dev/TEAM/2009-03-16/k47555e10vk.htm/k47555e10vk.pdf",
    "periodicity": "periodic"
  },
  {
    "equity_ticker": "TEAM",
    "geography": "US",
    "content_name": "TEAM Q4 2008 10-Q",
    "file_type": "pdf",
    "content_type": "quarterly_report",
    "published_date": "2008-11-10",
    "fiscal_date": "2008-09-30",
    "fiscal_year": 2008,
    "fiscal_quarter": 4,
    "r2_url": "https://pub-2c783279b61043e19fbdadd1bee5153a.r2.dev/TEAM/2008-11-10/k46944e10vq.htm/k46944e10vq.pdf",
    "periodicity": "periodic"
  },
  {
    "equity_ticker": "TEAM",
    "geography": "US",
    "content_name": "TEAM Q3 2008 10-Q",
    "file_type": "pdf",
    "content_type": "quarterly_report",
    "published_date": "2008-08-11",
    "fiscal_date": "2008-06-30",
    "fiscal_year": 2008,
    "fiscal_quarter": 3,
    "r2_url": "https://pub-2c783279b61043e19fbdadd1bee5153a.r2.dev/TEAM/2008-08-11/k34745e10vq.htm/k34745e10vq.pdf",
    "periodicity": "periodic"
  },
  {
    "equity_ticker": "TEAM",
    "geography": "US",
    "content_name": "TEAM Q2 2008 10-Q",
    "file_type": "pdf",
    "content_type": "quarterly_report",
    "published_date": "2008-05-12",
    "fiscal_date": "2008-03-31",
    "fiscal_year": 2008,
    "fiscal_quarter": 2,
    "r2_url": "https://pub-2c783279b61043e19fbdadd1bee5153a.r2.dev/TEAM/2008-05-12/k26649e10vq.htm/k26649e10vq.pdf",
    "periodicity": "periodic"
  },
  {
    "equity_ticker": "TEAM",
    "geography": "US",
    "content_name": "TEAM Q1 2008 10-K",
    "file_type": "pdf",
    "content_type": "annual_report",
    "published_date": "2008-03-17",
    "fiscal_date": "2007-12-31",
    "fiscal_year": 2008,
    "fiscal_quarter": 1,
    "r2_url": "https://pub-2c783279b61043e19fbdadd1bee5153a.r2.dev/TEAM/2008-03-17/k24847e10vk.htm/k24847e10vk.pdf",
    "periodicity": "periodic"
  },
  {
    "equity_ticker": "TEAM",
    "geography": "US",
    "content_name": "TEAM Q4 2007 10-Q",
    "file_type": "pdf",
    "content_type": "quarterly_report",
    "published_date": "2007-11-09",
    "fiscal_date": "2007-09-30",
    "fiscal_year": 2007,
    "fiscal_quarter": 4,
    "r2_url": "https://pub-2c783279b61043e19fbdadd1bee5153a.r2.dev/TEAM/2007-11-09/k21439e10vq.htm/k21439e10vq.pdf",
    "periodicity": "periodic"
  },
  {
    "equity_ticker": "TEAM",
    "geography": "US",
    "content_name": "TEAM Q3 2007 10-Q",
    "file_type": "pdf",
    "content_type": "quarterly_report",
    "published_date": "2007-08-09",
    "fiscal_date": "2007-06-30",
    "fiscal_year": 2007,
    "fiscal_quarter": 3,
    "r2_url": "https://pub-2c783279b61043e19fbdadd1bee5153a.r2.dev/TEAM/2007-08-09/k17617e10vq.htm/k17617e10vq.pdf",
    "periodicity": "periodic"
  },
  {
    "equity_ticker": "TEAM",
    "geography": "US",
    "content_name": "TEAM Q2 2007 10-Q",
    "file_type": "pdf",
    "content_type": "quarterly_report",
    "published_date": "2007-05-10",
    "fiscal_date": "2007-03-31",
    "fiscal_year": 2007,
    "fiscal_quarter": 2,
    "r2_url": "https://pub-2c783279b61043e19fbdadd1bee5153a.r2.dev/TEAM/2007-05-10/k15137e10vq.htm/k15137e10vq.pdf",
    "periodicity": "periodic"
  },
  {
    "equity_ticker": "TEAM",
    "geography": "US",
    "content_name": "TEAM Q1 2007 10-K",
    "file_type": "pdf",
    "content_type": "annual_report",
    "published_date": "2007-03-16",
    "fiscal_date": "2006-12-31",
    "fiscal_year": 2007,
    "fiscal_quarter": 1,
    "r2_url": "https://pub-2c783279b61043e19fbdadd1bee5153a.r2.dev/TEAM/2007-03-16/k13296e10vk.txt/k13296e10vk.pdf",
    "periodicity": "periodic"
  },
  {
    "equity_ticker": "TEAM",
    "geography": "US",
    "content_name": "TEAM Q4 2006 10-Q",
    "file_type": "pdf",
    "content_type": "quarterly_report",
    "published_date": "2006-11-09",
    "fiscal_date": "2006-09-30",
    "fiscal_year": 2006,
    "fiscal_quarter": 4,
    "r2_url": "https://pub-2c783279b61043e19fbdadd1bee5153a.r2.dev/TEAM/2006-11-09/k09916e10vq.txt/k09916e10vq.pdf",
    "periodicity": "periodic"
  },
  {
    "equity_ticker": "TEAM",
    "geography": "US",
    "content_name": "TEAM Q3 2006 10-Q",
    "file_type": "pdf",
    "content_type": "quarterly_report",
    "published_date": "2006-08-09",
    "fiscal_date": "2006-06-30",
    "fiscal_year": 2006,
    "fiscal_quarter": 3,
    "r2_url": "https://pub-2c783279b61043e19fbdadd1bee5153a.r2.dev/TEAM/2006-08-09/k07660e10vq.txt/k07660e10vq.pdf",
    "periodicity": "periodic"
  },
  {
    "equity_ticker": "TEAM",
    "geography": "US",
    "content_name": "TEAM Q2 2006 10-Q",
    "file_type": "pdf",
    "content_type": "quarterly_report",
    "published_date": "2006-05-10",
    "fiscal_date": "2006-03-31",
    "fiscal_year": 2006,
    "fiscal_quarter": 2,
    "r2_url": "https://pub-2c783279b61043e19fbdadd1bee5153a.r2.dev/TEAM/2006-05-10/k05239e10vq.txt/k05239e10vq.pdf",
    "periodicity": "periodic"
  },
  {
    "equity_ticker": "TEAM",
    "geography": "US",
    "content_name": "TEAM Q1 2006 10-K",
    "file_type": "pdf",
    "content_type": "annual_report",
    "published_date": "2006-03-16",
    "fiscal_date": "2005-12-31",
    "fiscal_year": 2006,
    "fiscal_quarter": 1,
    "r2_url": "https://pub-2c783279b61043e19fbdadd1bee5153a.r2.dev/TEAM/2006-03-16/k03326e10vk.txt/k03326e10vk.pdf",
    "periodicity": "periodic"
  },
  {
    "equity_ticker": "TEAM",
    "geography": "US",
    "content_name": "TEAM Q4 2005 10-Q",
    "file_type": "pdf",
    "content_type": "quarterly_report",
    "published_date": "2005-11-14",
    "fiscal_date": "2005-09-30",
    "fiscal_year": 2005,
    "fiscal_quarter": 4,
    "r2_url": "https://pub-2c783279b61043e19fbdadd1bee5153a.r2.dev/TEAM/2005-11-14/k99369e10vq.txt/k99369e10vq.pdf",
    "periodicity": "periodic"
  },
  {
    "equity_ticker": "TEAM",
    "geography": "US",
    "content_name": "TEAM Q3 2005 10-Q",
    "file_type": "pdf",
    "content_type": "quarterly_report",
    "published_date": "2005-08-12",
    "fiscal_date": "2005-06-30",
    "fiscal_year": 2005,
    "fiscal_quarter": 3,
    "r2_url": "https://pub-2c783279b61043e19fbdadd1bee5153a.r2.dev/TEAM/2005-08-12/k97318e10vq.txt/k97318e10vq.pdf",
    "periodicity": "periodic"
  },
  {
    "equity_ticker": "TEAM",
    "geography": "US",
    "content_name": "TEAM Q2 2005 10-Q",
    "file_type": "pdf",
    "content_type": "quarterly_report",
    "published_date": "2005-05-11",
    "fiscal_date": "2005-03-31",
    "fiscal_year": 2005,
    "fiscal_quarter": 2,
    "r2_url": "https://pub-2c783279b61043e19fbdadd1bee5153a.r2.dev/TEAM/2005-05-11/k94939e10vq.txt/k94939e10vq.pdf",
    "periodicity": "periodic"
  },
  {
    "equity_ticker": "TEAM",
    "geography": "US",
    "content_name": "TEAM Q1 2005 10-K",
    "file_type": "pdf",
    "content_type": "annual_report",
    "published_date": "2005-03-18",
    "fiscal_date": "2004-12-31",
    "fiscal_year": 2005,
    "fiscal_quarter": 1,
    "r2_url": "https://pub-2c783279b61043e19fbdadd1bee5153a.r2.dev/TEAM/2005-03-18/k91958e10vk.txt/k91958e10vk.pdf",
    "periodicity": "periodic"
  },
  {
    "equity_ticker": "TEAM",
    "geography": "US",
    "content_name": "TEAM Q4 2004 10-Q",
    "file_type": "pdf",
    "content_type": "quarterly_report",
    "published_date": "2004-11-05",
    "fiscal_date": "2004-09-30",
    "fiscal_year": 2004,
    "fiscal_quarter": 4,
    "r2_url": "https://pub-2c783279b61043e19fbdadd1bee5153a.r2.dev/TEAM/2004-11-05/k88819e10vq.txt/k88819e10vq.pdf",
    "periodicity": "periodic"
  },
  {
    "equity_ticker": "TEAM",
    "geography": "US",
    "content_name": "TEAM Q3 2004 10-Q",
    "file_type": "pdf",
    "content_type": "quarterly_report",
    "published_date": "2004-08-06",
    "fiscal_date": "2004-06-30",
    "fiscal_year": 2004,
    "fiscal_quarter": 3,
    "r2_url": "https://pub-2c783279b61043e19fbdadd1bee5153a.r2.dev/TEAM/2004-08-06/k86727e10vq.txt/k86727e10vq.pdf",
    "periodicity": "periodic"
  },
  {
    "equity_ticker": "TEAM",
    "geography": "US",
    "content_name": "TEAM Q2 2004 10-Q",
    "file_type": "pdf",
    "content_type": "quarterly_report",
    "published_date": "2004-05-10",
    "fiscal_date": "2004-03-31",
    "fiscal_year": 2004,
    "fiscal_quarter": 2,
    "r2_url": "https://pub-2c783279b61043e19fbdadd1bee5153a.r2.dev/TEAM/2004-05-10/k84960e10vq.txt/k84960e10vq.pdf",
    "periodicity": "periodic"
  },
  {
    "equity_ticker": "TEAM",
    "geography": "US",
    "content_name": "TEAM Q1 2004 10-K",
    "file_type": "pdf",
    "content_type": "annual_report",
    "published_date": "2004-03-24",
    "fiscal_date": "2003-12-31",
    "fiscal_year": 2004,
    "fiscal_quarter": 1,
    "r2_url": "https://pub-2c783279b61043e19fbdadd1bee5153a.r2.dev/TEAM/2004-03-24/k82570e10vk.txt/k82570e10vk.pdf",
    "periodicity": "periodic"
  },
  {
    "equity_ticker": "TEAM",
    "geography": "US",
    "content_name": "TEAM Q4 2003 10-Q",
    "file_type": "pdf",
    "content_type": "quarterly_report",
    "published_date": "2003-11-07",
    "fiscal_date": "2003-09-30",
    "fiscal_year": 2003,
    "fiscal_quarter": 4,
    "r2_url": "https://pub-2c783279b61043e19fbdadd1bee5153a.r2.dev/TEAM/2003-11-07/k80715e10vq.txt/k80715e10vq.pdf",
    "periodicity": "periodic"
  },
  {
    "equity_ticker": "TEAM",
    "geography": "US",
    "content_name": "TEAM Q3 2003 10-Q",
    "file_type": "pdf",
    "content_type": "quarterly_report",
    "published_date": "2003-08-14",
    "fiscal_date": "2003-06-30",
    "fiscal_year": 2003,
    "fiscal_quarter": 3,
    "r2_url": "https://pub-2c783279b61043e19fbdadd1bee5153a.r2.dev/TEAM/2003-08-14/k79113e10vq.txt/k79113e10vq.pdf",
    "periodicity": "periodic"
  },
  {
    "equity_ticker": "TEAM",
    "geography": "US",
    "content_name": "TEAM Q2 2003 10-Q",
    "file_type": "pdf",
    "content_type": "quarterly_report",
    "published_date": "2003-05-12",
    "fiscal_date": "2003-03-31",
    "fiscal_year": 2003,
    "fiscal_quarter": 2,
    "r2_url": "https://pub-2c783279b61043e19fbdadd1bee5153a.r2.dev/TEAM/2003-05-12/k76850e10vq.txt/k76850e10vq.pdf",
    "periodicity": "periodic"
  },
  {
    "equity_ticker": "TEAM",
    "geography": "US",
    "content_name": "TEAM Q1 2003 10-K",
    "file_type": "pdf",
    "content_type": "annual_report",
    "published_date": "2003-03-17",
    "fiscal_date": "2002-12-31",
    "fiscal_year": 2003,
    "fiscal_quarter": 1,
    "r2_url": "https://pub-2c783279b61043e19fbdadd1bee5153a.r2.dev/TEAM/2003-03-17/k74368e10vk.txt/k74368e10vk.pdf",
    "periodicity": "periodic"
  },
  {
    "equity_ticker": "TEAM",
    "geography": "US",
    "content_name": "TEAM Q4 2002 10-Q",
    "file_type": "pdf",
    "content_type": "quarterly_report",
    "published_date": "2002-11-12",
    "fiscal_date": "2002-09-30",
    "fiscal_year": 2002,
    "fiscal_quarter": 4,
    "r2_url": "https://pub-2c783279b61043e19fbdadd1bee5153a.r2.dev/TEAM/2002-11-12/k72433e10vq.txt/k72433e10vq.pdf",
    "periodicity": "periodic"
  },
  {
    "equity_ticker": "TEAM",
    "geography": "US",
    "content_name": "TEAM Q3 2002 10-Q",
    "file_type": "pdf",
    "content_type": "quarterly_report",
    "published_date": "2002-08-08",
    "fiscal_date": "2002-06-30",
    "fiscal_year": 2002,
    "fiscal_quarter": 3,
    "r2_url": "https://pub-2c783279b61043e19fbdadd1bee5153a.r2.dev/TEAM/2002-08-08/k71060e10vq.txt/k71060e10vq.pdf",
    "periodicity": "periodic"
  },
  {
    "equity_ticker": "TEAM",
    "geography": "US",
    "content_name": "TEAM Q2 2002 10-Q",
    "file_type": "pdf",
    "content_type": "quarterly_report",
    "published_date": "2002-05-06",
    "fiscal_date": "2002-03-31",
    "fiscal_year": 2002,
    "fiscal_quarter": 2,
    "r2_url": "https://pub-2c783279b61043e19fbdadd1bee5153a.r2.dev/TEAM/2002-05-06/k69340e10-q.txt/k69340e10-q.pdf",
    "periodicity": "periodic"
  },
  {
    "equity_ticker": "TEAM",
    "geography": "US",
    "content_name": "TEAM Q1 2002 10-K",
    "file_type": "pdf",
    "content_type": "annual_report",
    "published_date": "2002-03-26",
    "fiscal_date": "2001-12-31",
    "fiscal_year": 2002,
    "fiscal_quarter": 1,
    "r2_url": "https://pub-2c783279b61043e19fbdadd1bee5153a.r2.dev/TEAM/2002-03-26/k68264e10-k.txt/k68264e10-k.pdf",
    "periodicity": "periodic"
  },
  {
    "equity_ticker": "TEAM",
    "geography": "US",
    "content_name": "TEAM Q4 2001 10-Q",
    "file_type": "pdf",
    "content_type": "quarterly_report",
    "published_date": "2001-11-14",
    "fiscal_date": "2001-09-30",
    "fiscal_year": 2001,
    "fiscal_quarter": 4,
    "r2_url": "https://pub-2c783279b61043e19fbdadd1bee5153a.r2.dev/TEAM/2001-11-14/k65955e10-q.txt/k65955e10-q.pdf",
    "periodicity": "periodic"
  },
  {
    "equity_ticker": "TEAM",
    "geography": "US",
    "content_name": "TEAM Q3 2001 10-Q",
    "file_type": "pdf",
    "content_type": "quarterly_report",
    "published_date": "2001-08-14",
    "fiscal_date": "2001-06-30",
    "fiscal_year": 2001,
    "fiscal_quarter": 3,
    "r2_url": "https://pub-2c783279b61043e19fbdadd1bee5153a.r2.dev/TEAM/2001-08-14/k64442e10-q.txt/k64442e10-q.pdf",
    "periodicity": "periodic"
  },
  {
    "equity_ticker": "TEAM",
    "geography": "US",
    "content_name": "TEAM Q2 2001 10-Q",
    "file_type": "pdf",
    "content_type": "quarterly_report",
    "published_date": "2001-05-09",
    "fiscal_date": "2001-03-31",
    "fiscal_year": 2001,
    "fiscal_quarter": 2,
    "r2_url": "https://pub-2c783279b61043e19fbdadd1bee5153a.r2.dev/TEAM/2001-05-09/k62189e10-q.txt/k62189e10-q.pdf",
    "periodicity": "periodic"
  },
  {
    "equity_ticker": "TEAM",
    "geography": "US",
    "content_name": "TEAM Q1 2001 10-K",
    "file_type": "pdf",
    "content_type": "annual_report",
    "published_date": "2001-03-26",
    "fiscal_date": "2000-12-31",
    "fiscal_year": 2001,
    "fiscal_quarter": 1,
    "r2_url": "https://pub-2c783279b61043e19fbdadd1bee5153a.r2.dev/TEAM/2001-03-26/k60886e10-k.txt/k60886e10-k.pdf",
    "periodicity": "periodic"
  },
  {
    "equity_ticker": "TEAM",
    "geography": "US",
    "content_name": "TEAM Q4 2000 10-Q",
    "file_type": "pdf",
    "content_type": "quarterly_report",
    "published_date": "2000-11-14",
    "fiscal_date": "2000-09-30",
    "fiscal_year": 2000,
    "fiscal_quarter": 4,
    "r2_url": "https://pub-2c783279b61043e19fbdadd1bee5153a.r2.dev/TEAM/2000-11-14/k58572e10-q.txt/k58572e10-q.pdf",
    "periodicity": "periodic"
  },
  {
    "equity_ticker": "TEAM",
    "geography": "US",
    "content_name": "TEAM Q3 2000 10-Q",
    "file_type": "pdf",
    "content_type": "quarterly_report",
    "published_date": "2000-08-14",
    "fiscal_date": "2000-06-30",
    "fiscal_year": 2000,
    "fiscal_quarter": 3,
    "r2_url": "https://pub-2c783279b61043e19fbdadd1bee5153a.r2.dev/TEAM/2000-08-14/e10-q.txt/e10-q.pdf",
    "periodicity": "periodic"
  },
  {
    "equity_ticker": "TEAM",
    "geography": "US",
    "content_name": "TEAM Q1 2000 10-K",
    "file_type": "pdf",
    "content_type": "annual_report",
    "published_date": "2000-03-29",
    "fiscal_date": "1999-12-31",
    "fiscal_year": 2000,
    "fiscal_quarter": 1,
    "r2_url": "https://pub-2c783279b61043e19fbdadd1bee5153a.r2.dev/TEAM/2000-03-29/.pdf",
    "periodicity": "periodic"
  },
  {
    "equity_ticker": "TEAM",
    "geography": "US",
    "content_name": "TEAM Q2 1999 10-Q",
    "file_type": "pdf",
    "content_type": "quarterly_report",
    "published_date": "1999-05-17",
    "fiscal_date": "1999-03-31",
    "fiscal_year": 1999,
    "fiscal_quarter": 2,
    "r2_url": "https://pub-2c783279b61043e19fbdadd1bee5153a.r2.dev/TEAM/1999-05-17/.pdf",
    "periodicity": "periodic"
  },
  {
    "equity_ticker": "TEAM",
    "geography": "US",
    "content_name": "TEAM Q1 1999 10-K",
    "file_type": "pdf",
    "content_type": "annual_report",
    "published_date": "1999-03-31",
    "fiscal_date": "1998-12-31",
    "fiscal_year": 1999,
    "fiscal_quarter": 1,
    "r2_url": "https://pub-2c783279b61043e19fbdadd1bee5153a.r2.dev/TEAM/1999-03-31/.pdf",
    "periodicity": "periodic"
  },
  {
    "equity_ticker": "TEAM",
    "geography": "US",
    "content_name": "TEAM Q4 1998 10-Q",
    "file_type": "pdf",
    "content_type": "quarterly_report",
    "published_date": "1998-11-13",
    "fiscal_date": "1998-09-30",
    "fiscal_year": 1998,
    "fiscal_quarter": 4,
    "r2_url": "https://pub-2c783279b61043e19fbdadd1bee5153a.r2.dev/TEAM/1998-11-13/.pdf",
    "periodicity": "periodic"
  },
  {
    "equity_ticker": "TEAM",
    "geography": "US",
    "content_name": "TEAM Q3 1998 10-Q",
    "file_type": "pdf",
    "content_type": "quarterly_report",
    "published_date": "1998-08-14",
    "fiscal_date": "1998-06-30",
    "fiscal_year": 1998,
    "fiscal_quarter": 3,
    "r2_url": "https://pub-2c783279b61043e19fbdadd1bee5153a.r2.dev/TEAM/1998-08-14/.pdf",
    "periodicity": "periodic"
  },
  {
    "equity_ticker": "TEAM",
    "geography": "US",
    "content_name": "TEAM Q2 1998 10-Q",
    "file_type": "pdf",
    "content_type": "quarterly_report",
    "published_date": "1998-05-15",
    "fiscal_date": "1998-03-31",
    "fiscal_year": 1998,
    "fiscal_quarter": 2,
    "r2_url": "https://pub-2c783279b61043e19fbdadd1bee5153a.r2.dev/TEAM/1998-05-15/.pdf",
    "periodicity": "periodic"
  },
  {
    "equity_ticker": "TEAM",
    "geography": "US",
    "content_name": "TEAM Q1 1998 10-K",
    "file_type": "pdf",
    "content_type": "annual_report",
    "published_date": "1998-03-31",
    "fiscal_date": "1997-12-31",
    "fiscal_year": 1998,
    "fiscal_quarter": 1,
    "r2_url": "https://pub-2c783279b61043e19fbdadd1bee5153a.r2.dev/TEAM/1998-03-31/.pdf",
    "periodicity": "periodic"
  },
  {
    "equity_ticker": "TEAM",
    "geography": "US",
    "content_name": "TEAM Q4 1997 10-Q",
    "file_type": "pdf",
    "content_type": "quarterly_report",
    "published_date": "1997-11-19",
    "fiscal_date": "1997-09-30",
    "fiscal_year": 1997,
    "fiscal_quarter": 4,
    "r2_url": "https://pub-2c783279b61043e19fbdadd1bee5153a.r2.dev/TEAM/1997-11-19/.pdf",
    "periodicity": "periodic"
  },
  {
    "equity_ticker": "TEAM",
    "geography": "US",
    "content_name": "TEAM Q3 1997 10-Q",
    "file_type": "pdf",
    "content_type": "quarterly_report",
    "published_date": "1997-08-13",
    "fiscal_date": "1997-06-30",
    "fiscal_year": 1997,
    "fiscal_quarter": 3,
    "r2_url": "https://pub-2c783279b61043e19fbdadd1bee5153a.r2.dev/TEAM/1997-08-13/.pdf",
    "periodicity": "periodic"
  },
  {
    "equity_ticker": "TEAM",
    "geography": "US",
    "content_name": "TEAM Q2 1997 10-Q",
    "file_type": "pdf",
    "content_type": "quarterly_report",
    "published_date": "1997-05-12",
    "fiscal_date": "1997-03-31",
    "fiscal_year": 1997,
    "fiscal_quarter": 2,
    "r2_url": "https://pub-2c783279b61043e19fbdadd1bee5153a.r2.dev/TEAM/1997-05-12/.pdf",
    "periodicity": "periodic"
  },
  {
    "equity_ticker": "TEAM",
    "geography": "US",
    "content_name": "TEAM Q1 1997 10-Q",
    "file_type": "pdf",
    "content_type": "quarterly_report",
    "published_date": "1996-11-13",
    "fiscal_date": "1996-09-30",
    "fiscal_year": 1997,
    "fiscal_quarter": 1,
    "r2_url": "https://pub-2c783279b61043e19fbdadd1bee5153a.r2.dev/TEAM/1996-11-13/.pdf",
    "periodicity": "periodic"
  },
  {
    "equity_ticker": "TEAM",
    "geography": "US",
    "content_name": "TEAM Q4 1996 10-Q",
    "file_type": "pdf",
    "content_type": "quarterly_report",
    "published_date": "1996-08-12",
    "fiscal_date": "1996-06-30",
    "fiscal_year": 1996,
    "fiscal_quarter": 4,
    "r2_url": "https://pub-2c783279b61043e19fbdadd1bee5153a.r2.dev/TEAM/1996-08-12/.pdf",
    "periodicity": "periodic"
  },
  {
    "equity_ticker": "TEAM",
    "geography": "US",
    "content_name": "TEAM Q3 1996 10-Q",
    "file_type": "pdf",
    "content_type": "quarterly_report",
    "published_date": "1996-05-13",
    "fiscal_date": "1996-03-31",
    "fiscal_year": 1996,
    "fiscal_quarter": 3,
    "r2_url": "https://pub-2c783279b61043e19fbdadd1bee5153a.r2.dev/TEAM/1996-05-13/.pdf",
    "periodicity": "periodic"
  },
  {
    "equity_ticker": "TEAM",
    "geography": "US",
    "content_name": "TEAM Q2 1996 10-K",
    "file_type": "pdf",
    "content_type": "annual_report",
    "published_date": "1996-03-29",
    "fiscal_date": "1995-12-31",
    "fiscal_year": 1996,
    "fiscal_quarter": 2,
    "r2_url": "https://pub-2c783279b61043e19fbdadd1bee5153a.r2.dev/TEAM/1996-03-29/.pdf",
    "periodicity": "periodic"
  },
  {
    "equity_ticker": "TEAM",
    "geography": "US",
    "content_name": "TEAM Q1 1996 10-Q",
    "file_type": "pdf",
    "content_type": "quarterly_report",
    "published_date": "1995-11-13",
    "fiscal_date": "1995-09-30",
    "fiscal_year": 1996,
    "fiscal_quarter": 1,
    "r2_url": "https://pub-2c783279b61043e19fbdadd1bee5153a.r2.dev/TEAM/1995-11-13/.pdf",
    "periodicity": "periodic"
  },
  {
    "equity_ticker": "TEAM",
    "geography": "US",
    "content_name": "TEAM Q4 1995 10-Q",
    "file_type": "pdf",
    "content_type": "quarterly_report",
    "published_date": "1995-08-14",
    "fiscal_date": "1995-06-30",
    "fiscal_year": 1995,
    "fiscal_quarter": 4,
    "r2_url": "https://pub-2c783279b61043e19fbdadd1bee5153a.r2.dev/TEAM/1995-08-14/.pdf",
    "periodicity": "periodic"
  },
  {
    "equity_ticker": "TEAM",
    "geography": "US",
    "content_name": "TEAM Q3 1995 10-Q",
    "file_type": "pdf",
    "content_type": "quarterly_report",
    "published_date": "1995-05-15",
    "fiscal_date": "1995-03-31",
    "fiscal_year": 1995,
    "fiscal_quarter": 3,
    "r2_url": "https://pub-2c783279b61043e19fbdadd1bee5153a.r2.dev/TEAM/1995-05-15/.pdf",
    "periodicity": "periodic"
  },
  {
    "equity_ticker": "TEAM",
    "geography": "US",
    "content_name": "Investor Update - April 9, 2025",
    "file_type": "pdf",
    "content_type": "company_conference_transcript",
    "published_date": "2025-04-09",
    "fiscal_date": "2025-04-09",
    "fiscal_year": null,
    "fiscal_quarter": null,
    "r2_url": "https://pub-2c783279b61043e19fbdadd1bee5153a.r2.dev/TEAM/2025-04-09/Atlassian%20Corporation_2025-04-09_transcript/Atlassian%20Corporation_2025-04-09_transcript.pdf/Atlassian%20Corporation_2025-04-09_transcript.pdf",
    "periodicity": "non_periodic"
  },
  {
    "equity_ticker": "TEAM",
    "geography": "US",
    "content_name": "Morgan Stanley Technology, Media & Telecom Conference - March 6, 2025",
    "file_type": "pdf",
    "content_type": "sellside_conference_transcript",
    "published_date": "2025-03-06",
    "fiscal_date": "2025-03-06",
    "fiscal_year": null,
    "fiscal_quarter": null,
    "r2_url": "https://pub-2c783279b61043e19fbdadd1bee5153a.r2.dev/TEAM/2025-03-06/Atlassian%20Corporation_2025-03-06_transcript/Atlassian%20Corporation_2025-03-06_transcript.pdf/Atlassian%20Corporation_2025-03-06_transcript.pdf",
    "periodicity": "non_periodic"
  },
  {
    "equity_ticker": "TEAM",
    "geography": "US",
    "content_name": "TEAM Q2 2025 Transcript",
    "file_type": "pdf",
    "content_type": "earnings_transcript",
    "published_date": "2025-01-30",
    "fiscal_date": "2025-01-30",
    "fiscal_year": 2025,
    "fiscal_quarter": 2,
    "r2_url": "https://pub-2c783279b61043e19fbdadd1bee5153a.r2.dev/TEAM/2025-01-30/Atlassian%20Corporation_2025-01-30_transcript/Atlassian%20Corporation_2025-01-30_transcript.pdf/Atlassian%20Corporation_2025-01-30_transcript.pdf",
    "periodicity": "periodic"
  },
  {
    "equity_ticker": "TEAM",
    "geography": "US",
    "content_name": "TEAM Q2 2025 Press Release",
    "file_type": "pdf",
    "content_type": "quarterly_report",
    "published_date": "2025-01-30",
    "fiscal_date": "2025-01-30",
    "fiscal_year": 2025,
    "fiscal_quarter": 2,
    "r2_url": "https://pub-2c783279b61043e19fbdadd1bee5153a.r2.dev/TEAM/2025-01-30/ef706-2025-01-31-09-36-15/ef706-2025-01-31-09-36-15.pdf/ef706-2025-01-31-09-36-15.pdf",
    "periodicity": "periodic"
  },
  {
    "equity_ticker": "TEAM",
    "geography": "US",
    "content_name": "AGM 2024 - December 11, 2024",
    "file_type": "pdf",
    "content_type": "company_conference_transcript",
    "published_date": "2024-12-11",
    "fiscal_date": "2024-12-11",
    "fiscal_year": null,
    "fiscal_quarter": null,
    "r2_url": "https://pub-2c783279b61043e19fbdadd1bee5153a.r2.dev/TEAM/2024-12-11/Atlassian%20Corporation_2024-12-11_transcript/Atlassian%20Corporation_2024-12-11_transcript.pdf/Atlassian%20Corporation_2024-12-11_transcript.pdf",
    "periodicity": "non_periodic"
  },
  {
    "equity_ticker": "TEAM",
    "geography": "US",
    "content_name": "TEAM Q1 2025 Transcript",
    "file_type": "pdf",
    "content_type": "earnings_transcript",
    "published_date": "2024-10-31",
    "fiscal_date": "2024-10-31",
    "fiscal_year": 2025,
    "fiscal_quarter": 1,
    "r2_url": "https://pub-2c783279b61043e19fbdadd1bee5153a.r2.dev/TEAM/2024-10-31/Atlassian%20Corporation_2024-10-31_transcript/Atlassian%20Corporation_2024-10-31_transcript.pdf/Atlassian%20Corporation_2024-10-31_transcript.pdf",
    "periodicity": "periodic"
  },
  {
    "equity_ticker": "TEAM",
    "geography": "US",
    "content_name": "TEAM Q1 2025 Press Release",
    "file_type": "pdf",
    "content_type": "earnings_press_release",
    "published_date": "2024-10-31",
    "fiscal_date": "2024-10-31",
    "fiscal_year": 2025,
    "fiscal_quarter": 1,
    "r2_url": "https://pub-2c783279b61043e19fbdadd1bee5153a.r2.dev/TEAM/2024-10-31/de61b-2024-10-31-08-18-13/de61b-2024-10-31-08-18-13.pdf/de61b-2024-10-31-08-18-13.pdf",
    "periodicity": "periodic"
  },
  {
    "equity_ticker": "TEAM",
    "geography": "US",
    "content_name": "Goldman Sachs Technology Communacopia and Technology Conference - September 11, 2024",
    "file_type": "pdf",
    "content_type": "sellside_conference_transcript",
    "published_date": "2024-09-11",
    "fiscal_date": "2024-09-11",
    "fiscal_year": null,
    "fiscal_quarter": null,
    "r2_url": "https://pub-2c783279b61043e19fbdadd1bee5153a.r2.dev/TEAM/2024-09-11/Atlassian%20Corporation_2024-09-11_transcript/Atlassian%20Corporation_2024-09-11_transcript.pdf/Atlassian%20Corporation_2024-09-11_transcript.pdf",
    "periodicity": "non_periodic"
  },
  {
    "equity_ticker": "TEAM",
    "geography": "US",
    "content_name": "Citi's 2024 Global TMT Conference - September 5, 2024",
    "file_type": "pdf",
    "content_type": "sellside_conference_transcript",
    "published_date": "2024-09-05",
    "fiscal_date": "2024-09-05",
    "fiscal_year": null,
    "fiscal_quarter": null,
    "r2_url": "https://pub-2c783279b61043e19fbdadd1bee5153a.r2.dev/TEAM/2024-09-05/Atlassian%20Corporation_2024-09-05_transcript/Atlassian%20Corporation_2024-09-05_transcript.pdf/Atlassian%20Corporation_2024-09-05_transcript.pdf",
    "periodicity": "non_periodic"
  },
  {
    "equity_ticker": "TEAM",
    "geography": "US",
    "content_name": "TEAM Q4 2024 Transcript",
    "file_type": "pdf",
    "content_type": "earnings_transcript",
    "published_date": "2024-08-01",
    "fiscal_date": "2024-08-01",
    "fiscal_year": 2024,
    "fiscal_quarter": 4,
    "r2_url": "https://pub-2c783279b61043e19fbdadd1bee5153a.r2.dev/TEAM/2024-08-01/Atlassian%20Corporation_2024-08-01_transcript/Atlassian%20Corporation_2024-08-01_transcript.pdf/Atlassian%20Corporation_2024-08-01_transcript.pdf",
    "periodicity": "periodic"
  },
  {
    "equity_ticker": "TEAM",
    "geography": "US",
    "content_name": "Investor Day 2024 - May 1, 2024",
    "file_type": "pdf",
    "content_type": "company_conference_transcript",
    "published_date": "2024-05-01",
    "fiscal_date": "2024-05-01",
    "fiscal_year": null,
    "fiscal_quarter": null,
    "r2_url": "https://pub-2c783279b61043e19fbdadd1bee5153a.r2.dev/TEAM/2024-05-01/Atlassian%20Corporation_2024-05-01_transcript/Atlassian%20Corporation_2024-05-01_transcript.pdf/Atlassian%20Corporation_2024-05-01_transcript.pdf",
    "periodicity": "non_periodic"
  },
  {
    "equity_ticker": "TEAM",
    "geography": "US",
    "content_name": "TEAM Q3 2024 Transcript",
    "file_type": "pdf",
    "content_type": "earnings_transcript",
    "published_date": "2024-04-25",
    "fiscal_date": "2024-04-25",
    "fiscal_year": 2024,
    "fiscal_quarter": 3,
    "r2_url": "https://pub-2c783279b61043e19fbdadd1bee5153a.r2.dev/TEAM/2024-04-25/Atlassian%20Corporation_2024-04-25_transcript/Atlassian%20Corporation_2024-04-25_transcript.pdf/Atlassian%20Corporation_2024-04-25_transcript.pdf",
    "periodicity": "periodic"
  },
  {
    "equity_ticker": "TEAM",
    "geography": "US",
    "content_name": "TEAM Q3 2024 Press Release",
    "file_type": "pdf",
    "content_type": "earnings_press_release",
    "published_date": "2024-04-25",
    "fiscal_date": "2024-04-25",
    "fiscal_year": 2024,
    "fiscal_quarter": 3,
    "r2_url": "https://pub-2c783279b61043e19fbdadd1bee5153a.r2.dev/TEAM/2024-04-25/1e59d-2024-04-25-08-32-08/1e59d-2024-04-25-08-32-08.pdf/1e59d-2024-04-25-08-32-08.pdf",
    "periodicity": "periodic"
  },
  {
    "equity_ticker": "TEAM",
    "geography": "US",
    "content_name": "Morgan Stanley\u2019s Technology, Media & Telecom Conference 2024 - March 7, 2024",
    "file_type": "pdf",
    "content_type": "sellside_conference_transcript",
    "published_date": "2024-03-07",
    "fiscal_date": "2024-03-07",
    "fiscal_year": null,
    "fiscal_quarter": null,
    "r2_url": "https://pub-2c783279b61043e19fbdadd1bee5153a.r2.dev/TEAM/2024-03-07/Atlassian%20Corporation_2024-03-07_transcript/Atlassian%20Corporation_2024-03-07_transcript.pdf/Atlassian%20Corporation_2024-03-07_transcript.pdf",
    "periodicity": "non_periodic"
  },
  {
    "equity_ticker": "TEAM",
    "geography": "US",
    "content_name": "TEAM Q2 2024 Transcript",
    "file_type": "pdf",
    "content_type": "earnings_transcript",
    "published_date": "2024-02-01",
    "fiscal_date": "2024-02-01",
    "fiscal_year": 2024,
    "fiscal_quarter": 2,
    "r2_url": "https://pub-2c783279b61043e19fbdadd1bee5153a.r2.dev/TEAM/2024-02-01/Atlassian%20Corporation_2024-02-01_transcript/Atlassian%20Corporation_2024-02-01_transcript.pdf/Atlassian%20Corporation_2024-02-01_transcript.pdf",
    "periodicity": "periodic"
  },
  {
    "equity_ticker": "TEAM",
    "geography": "US",
    "content_name": "TEAM Q2 2024 Press Release",
    "file_type": "pdf",
    "content_type": "earnings_press_release",
    "published_date": "2024-02-01",
    "fiscal_date": "2024-02-01",
    "fiscal_year": 2024,
    "fiscal_quarter": 2,
    "r2_url": "https://pub-2c783279b61043e19fbdadd1bee5153a.r2.dev/TEAM/2024-02-01/befa4-2024-02-19-08-10-42/befa4-2024-02-19-08-10-42.pdf/befa4-2024-02-19-08-10-42.pdf",
    "periodicity": "periodic"
  },
  {
    "equity_ticker": "TEAM",
    "geography": "US",
    "content_name": "TEAM Q1 2024 Transcript",
    "file_type": "pdf",
    "content_type": "earnings_transcript",
    "published_date": "2023-11-02",
    "fiscal_date": "2023-11-02",
    "fiscal_year": 2024,
    "fiscal_quarter": 1,
    "r2_url": "https://pub-2c783279b61043e19fbdadd1bee5153a.r2.dev/TEAM/2023-11-02/Atlassian%20Corporation_2023-11-02_transcript/Atlassian%20Corporation_2023-11-02_transcript.pdf/Atlassian%20Corporation_2023-11-02_transcript.pdf",
    "periodicity": "periodic"
  },
  {
    "equity_ticker": "TEAM",
    "geography": "US",
    "content_name": "Goldman Sachs Communacopia & Technology Conference - September 7, 2023",
    "file_type": "pdf",
    "content_type": "sellside_conference_transcript",
    "published_date": "2023-09-07",
    "fiscal_date": "2023-09-07",
    "fiscal_year": null,
    "fiscal_quarter": null,
    "r2_url": "https://pub-2c783279b61043e19fbdadd1bee5153a.r2.dev/TEAM/2023-09-07/Atlassian%20Corporation_2023-09-07_transcript/Atlassian%20Corporation_2023-09-07_transcript.pdf/Atlassian%20Corporation_2023-09-07_transcript.pdf",
    "periodicity": "non_periodic"
  },
  {
    "equity_ticker": "TEAM",
    "geography": "US",
    "content_name": "TEAM Q4 2023 Transcript",
    "file_type": "pdf",
    "content_type": "earnings_transcript",
    "published_date": "2023-08-03",
    "fiscal_date": "2023-08-03",
    "fiscal_year": 2023,
    "fiscal_quarter": 4,
    "r2_url": "https://pub-2c783279b61043e19fbdadd1bee5153a.r2.dev/TEAM/2023-08-03/Atlassian%20Corporation_2023-08-03_transcript/Atlassian%20Corporation_2023-08-03_transcript.pdf/Atlassian%20Corporation_2023-08-03_transcript.pdf",
    "periodicity": "periodic"
  },
  {
    "equity_ticker": "TEAM",
    "geography": "US",
    "content_name": "TEAM Q4 2023 Press Release",
    "file_type": "pdf",
    "content_type": "earnings_press_release",
    "published_date": "2023-08-03",
    "fiscal_date": "2023-08-03",
    "fiscal_year": 2023,
    "fiscal_quarter": 4,
    "r2_url": "https://pub-2c783279b61043e19fbdadd1bee5153a.r2.dev/TEAM/2023-08-03/d1606-2023-08-03-08-01-25/d1606-2023-08-03-08-01-25.pdf/d1606-2023-08-03-08-01-25.pdf",
    "periodicity": "periodic"
  },
  {
    "equity_ticker": "TEAM",
    "geography": "US",
    "content_name": "TEAM Q3 2023 Transcript",
    "file_type": "pdf",
    "content_type": "earnings_transcript",
    "published_date": "2023-05-04",
    "fiscal_date": "2023-05-04",
    "fiscal_year": 2023,
    "fiscal_quarter": 3,
    "r2_url": "https://pub-2c783279b61043e19fbdadd1bee5153a.r2.dev/TEAM/2023-05-04/Atlassian%20Corporation_2023-05-04_transcript/Atlassian%20Corporation_2023-05-04_transcript.pdf/Atlassian%20Corporation_2023-05-04_transcript.pdf",
    "periodicity": "periodic"
  },
  {
    "equity_ticker": "TEAM",
    "geography": "US",
    "content_name": "Morgan Stanley Technology, Media & Telecom Conference - March 7, 2023",
    "file_type": "pdf",
    "content_type": "sellside_conference_transcript",
    "published_date": "2023-03-07",
    "fiscal_date": "2023-03-07",
    "fiscal_year": null,
    "fiscal_quarter": null,
    "r2_url": "https://pub-2c783279b61043e19fbdadd1bee5153a.r2.dev/TEAM/2023-03-07/Atlassian%20Corporation_2023-03-07_transcript/Atlassian%20Corporation_2023-03-07_transcript.pdf/Atlassian%20Corporation_2023-03-07_transcript.pdf",
    "periodicity": "non_periodic"
  },
  {
    "equity_ticker": "TEAM",
    "geography": "US",
    "content_name": "JMP Securities Technology Conference - March 6, 2023",
    "file_type": "pdf",
    "content_type": "company_conference_transcript",
    "published_date": "2023-03-06",
    "fiscal_date": "2023-03-06",
    "fiscal_year": null,
    "fiscal_quarter": null,
    "r2_url": "https://pub-2c783279b61043e19fbdadd1bee5153a.r2.dev/TEAM/2023-03-06/Atlassian%20Corporation_2023-03-06_transcript/Atlassian%20Corporation_2023-03-06_transcript.pdf/Atlassian%20Corporation_2023-03-06_transcript.pdf",
    "periodicity": "non_periodic"
  },
  {
    "equity_ticker": "TEAM",
    "geography": "US",
    "content_name": "TEAM Q2 2023 Transcript",
    "file_type": "pdf",
    "content_type": "earnings_transcript",
    "published_date": "2023-02-02",
    "fiscal_date": "2023-02-02",
    "fiscal_year": 2023,
    "fiscal_quarter": 2,
    "r2_url": "https://pub-2c783279b61043e19fbdadd1bee5153a.r2.dev/TEAM/2023-02-02/Atlassian%20Corporation_2023-02-02_transcript/Atlassian%20Corporation_2023-02-02_transcript.pdf/Atlassian%20Corporation_2023-02-02_transcript.pdf",
    "periodicity": "periodic"
  },
  {
    "equity_ticker": "TEAM",
    "geography": "US",
    "content_name": "TEAM Q1 2023 Transcript",
    "file_type": "pdf",
    "content_type": "earnings_transcript",
    "published_date": "2022-11-03",
    "fiscal_date": "2022-11-03",
    "fiscal_year": 2023,
    "fiscal_quarter": 1,
    "r2_url": "https://pub-2c783279b61043e19fbdadd1bee5153a.r2.dev/TEAM/2022-11-03/Atlassian%20Corporation_2022-11-03_transcript/Atlassian%20Corporation_2022-11-03_transcript.pdf/Atlassian%20Corporation_2022-11-03_transcript.pdf",
    "periodicity": "periodic"
  },
  {
    "equity_ticker": "TEAM",
    "geography": "US",
    "content_name": "TEAM Q4 2022 Transcript",
    "file_type": "pdf",
    "content_type": "earnings_transcript",
    "published_date": "2022-08-04",
    "fiscal_date": "2022-08-04",
    "fiscal_year": 2022,
    "fiscal_quarter": 4,
    "r2_url": "https://pub-2c783279b61043e19fbdadd1bee5153a.r2.dev/TEAM/2022-08-04/Atlassian%20Corporation_2022-08-04_transcript/Atlassian%20Corporation_2022-08-04_transcript.pdf/Atlassian%20Corporation_2022-08-04_transcript.pdf",
    "periodicity": "periodic"
  },
  {
    "equity_ticker": "TEAM",
    "geography": "US",
    "content_name": "TEAM Q3 2022 Transcript",
    "file_type": "pdf",
    "content_type": "earnings_transcript",
    "published_date": "2022-04-28",
    "fiscal_date": "2022-04-28",
    "fiscal_year": 2022,
    "fiscal_quarter": 3,
    "r2_url": "https://pub-2c783279b61043e19fbdadd1bee5153a.r2.dev/TEAM/2022-04-28/Atlassian%20Corporation_2022-04-28_transcript/Atlassian%20Corporation_2022-04-28_transcript.pdf/Atlassian%20Corporation_2022-04-28_transcript.pdf",
    "periodicity": "periodic"
  },
  {
    "equity_ticker": "TEAM",
    "geography": "US",
    "content_name": "Investor Day 2022 - April 7, 2022",
    "file_type": "pdf",
    "content_type": "company_conference_transcript",
    "published_date": "2022-04-07",
    "fiscal_date": "2022-04-07",
    "fiscal_year": null,
    "fiscal_quarter": null,
    "r2_url": "https://pub-2c783279b61043e19fbdadd1bee5153a.r2.dev/TEAM/2022-04-07/Atlassian%20Corporation_2022-04-07_transcript/Atlassian%20Corporation_2022-04-07_transcript.pdf/Atlassian%20Corporation_2022-04-07_transcript.pdf",
    "periodicity": "non_periodic"
  },
  {
    "equity_ticker": "TEAM",
    "geography": "US",
    "content_name": "TEAM Q2 2022 Transcript",
    "file_type": "pdf",
    "content_type": "earnings_transcript",
    "published_date": "2022-01-27",
    "fiscal_date": "2022-01-27",
    "fiscal_year": 2022,
    "fiscal_quarter": 2,
    "r2_url": "https://pub-2c783279b61043e19fbdadd1bee5153a.r2.dev/TEAM/2022-01-27/Atlassian%20Corporation_2022-01-27_transcript/Atlassian%20Corporation_2022-01-27_transcript.pdf/Atlassian%20Corporation_2022-01-27_transcript.pdf",
    "periodicity": "periodic"
  },
  {
    "equity_ticker": "TEAM",
    "geography": "US",
    "content_name": "AGM 2021 - December 2, 2021",
    "file_type": "pdf",
    "content_type": "company_conference_transcript",
    "published_date": "2021-12-02",
    "fiscal_date": "2021-12-02",
    "fiscal_year": null,
    "fiscal_quarter": null,
    "r2_url": "https://pub-2c783279b61043e19fbdadd1bee5153a.r2.dev/TEAM/2021-12-02/Atlassian%20Corporation_2021-12-02_transcript/Atlassian%20Corporation_2021-12-02_transcript.pdf/Atlassian%20Corporation_2021-12-02_transcript.pdf",
    "periodicity": "non_periodic"
  },
  {
    "equity_ticker": "TEAM",
    "geography": "US",
    "content_name": "TEAM Q1 2022 Transcript",
    "file_type": "pdf",
    "content_type": "earnings_transcript",
    "published_date": "2021-10-28",
    "fiscal_date": "2021-10-28",
    "fiscal_year": 2022,
    "fiscal_quarter": 1,
    "r2_url": "https://pub-2c783279b61043e19fbdadd1bee5153a.r2.dev/TEAM/2021-10-28/Atlassian%20Corporation_2021-10-28_transcript/Atlassian%20Corporation_2021-10-28_transcript.pdf/Atlassian%20Corporation_2021-10-28_transcript.pdf",
    "periodicity": "periodic"
  },
  {
    "equity_ticker": "TEAM",
    "geography": "US",
    "content_name": "TEAM Q4 2021 Transcript",
    "file_type": "pdf",
    "content_type": "earnings_transcript",
    "published_date": "2021-07-29",
    "fiscal_date": "2021-07-29",
    "fiscal_year": 2021,
    "fiscal_quarter": 4,
    "r2_url": "https://pub-2c783279b61043e19fbdadd1bee5153a.r2.dev/TEAM/2021-07-29/Atlassian%20Corporation_2021-07-29_transcript/Atlassian%20Corporation_2021-07-29_transcript.pdf/Atlassian%20Corporation_2021-07-29_transcript.pdf",
    "periodicity": "periodic"
  },
  {
    "equity_ticker": "TEAM",
    "geography": "US",
    "content_name": "TEAM Q3 2021 Transcript",
    "file_type": "pdf",
    "content_type": "earnings_transcript",
    "published_date": "2021-04-28",
    "fiscal_date": "2021-04-28",
    "fiscal_year": 2021,
    "fiscal_quarter": 3,
    "r2_url": "https://pub-2c783279b61043e19fbdadd1bee5153a.r2.dev/TEAM/2021-04-28/Atlassian%20Corporation_2021-04-28_transcript/Atlassian%20Corporation_2021-04-28_transcript.pdf/Atlassian%20Corporation_2021-04-28_transcript.pdf",
    "periodicity": "periodic"
  },
  {
    "equity_ticker": "TEAM",
    "geography": "US",
    "content_name": "TEAM Q2 2021 Transcript",
    "file_type": "pdf",
    "content_type": "earnings_transcript",
    "published_date": "2021-01-28",
    "fiscal_date": "2021-01-28",
    "fiscal_year": 2021,
    "fiscal_quarter": 2,
    "r2_url": "https://pub-2c783279b61043e19fbdadd1bee5153a.r2.dev/TEAM/2021-01-28/Atlassian%20Corporation_2021-01-28_transcript/Atlassian%20Corporation_2021-01-28_transcript.pdf/Atlassian%20Corporation_2021-01-28_transcript.pdf",
    "periodicity": "periodic"
  },
  {
    "equity_ticker": "TEAM",
    "geography": "US",
    "content_name": "AGM 2020 - December 3, 2020",
    "file_type": "pdf",
    "content_type": "company_conference_transcript",
    "published_date": "2020-12-03",
    "fiscal_date": "2020-12-03",
    "fiscal_year": null,
    "fiscal_quarter": null,
    "r2_url": "https://pub-2c783279b61043e19fbdadd1bee5153a.r2.dev/TEAM/2020-12-03/Atlassian%20Corporation_2020-12-03_transcript/Atlassian%20Corporation_2020-12-03_transcript.pdf/Atlassian%20Corporation_2020-12-03_transcript.pdf",
    "periodicity": "non_periodic"
  },
  {
    "equity_ticker": "TEAM",
    "geography": "US",
    "content_name": "Investor Day 2020 - November 17, 2020",
    "file_type": "pdf",
    "content_type": "company_conference_transcript",
    "published_date": "2020-11-17",
    "fiscal_date": "2020-11-17",
    "fiscal_year": null,
    "fiscal_quarter": null,
    "r2_url": "https://pub-2c783279b61043e19fbdadd1bee5153a.r2.dev/TEAM/2020-11-17/Atlassian%20Corporation_2020-11-17_transcript/Atlassian%20Corporation_2020-11-17_transcript.pdf/Atlassian%20Corporation_2020-11-17_transcript.pdf",
    "periodicity": "non_periodic"
  },
  {
    "equity_ticker": "TEAM",
    "geography": "US",
    "content_name": "Investor Day 2020 - November 17, 2020",
    "file_type": "pdf",
    "content_type": "company_conference_presentation",
    "published_date": "2020-11-17",
    "fiscal_date": "2020-11-17",
    "fiscal_year": null,
    "fiscal_quarter": null,
    "r2_url": "https://pub-2c783279b61043e19fbdadd1bee5153a.r2.dev/TEAM/2020-11-17/d9d3c-2022-06-22-10-38-06/d9d3c-2022-06-22-10-38-06.pdf/d9d3c-2022-06-22-10-38-06.pdf",
    "periodicity": "non_periodic"
  },
  {
    "equity_ticker": "TEAM",
    "geography": "US",
    "content_name": "TEAM Q1 2021 Transcript",
    "file_type": "pdf",
    "content_type": "earnings_transcript",
    "published_date": "2020-10-29",
    "fiscal_date": "2020-10-29",
    "fiscal_year": 2021,
    "fiscal_quarter": 1,
    "r2_url": "https://pub-2c783279b61043e19fbdadd1bee5153a.r2.dev/TEAM/2020-10-29/Atlassian%20Corporation_2020-10-29_transcript/Atlassian%20Corporation_2020-10-29_transcript.pdf/Atlassian%20Corporation_2020-10-29_transcript.pdf",
    "periodicity": "periodic"
  },
  {
    "equity_ticker": "TEAM",
    "geography": "US",
    "content_name": "TEAM Q4 2020 Transcript",
    "file_type": "pdf",
    "content_type": "earnings_transcript",
    "published_date": "2020-07-30",
    "fiscal_date": "2020-07-30",
    "fiscal_year": 2020,
    "fiscal_quarter": 4,
    "r2_url": "https://pub-2c783279b61043e19fbdadd1bee5153a.r2.dev/TEAM/2020-07-30/Atlassian%20Corporation_2020-07-30_transcript/Atlassian%20Corporation_2020-07-30_transcript.pdf/Atlassian%20Corporation_2020-07-30_transcript.pdf",
    "periodicity": "periodic"
  },
  {
    "equity_ticker": "TEAM",
    "geography": "US",
    "content_name": "TEAM Q3 2020 Transcript",
    "file_type": "pdf",
    "content_type": "earnings_transcript",
    "published_date": "2020-04-30",
    "fiscal_date": "2020-04-30",
    "fiscal_year": 2020,
    "fiscal_quarter": 3,
    "r2_url": "https://pub-2c783279b61043e19fbdadd1bee5153a.r2.dev/TEAM/2020-04-30/Atlassian%20Corporation_2020-04-30_transcript/Atlassian%20Corporation_2020-04-30_transcript.pdf/Atlassian%20Corporation_2020-04-30_transcript.pdf",
    "periodicity": "periodic"
  },
  {
    "equity_ticker": "TEAM",
    "geography": "US",
    "content_name": "TEAM Q2 2020 Transcript",
    "file_type": "pdf",
    "content_type": "earnings_transcript",
    "published_date": "2020-01-23",
    "fiscal_date": "2020-01-23",
    "fiscal_year": 2020,
    "fiscal_quarter": 2,
    "r2_url": "https://pub-2c783279b61043e19fbdadd1bee5153a.r2.dev/TEAM/2020-01-23/Atlassian%20Corporation_2020-01-23_transcript/Atlassian%20Corporation_2020-01-23_transcript.pdf/Atlassian%20Corporation_2020-01-23_transcript.pdf",
    "periodicity": "periodic"
  },
  {
    "equity_ticker": "TEAM",
    "geography": "US",
    "content_name": "TEAM Q1 2020 Transcript",
    "file_type": "pdf",
    "content_type": "earnings_transcript",
    "published_date": "2019-10-17",
    "fiscal_date": "2019-10-17",
    "fiscal_year": 2020,
    "fiscal_quarter": 1,
    "r2_url": "https://pub-2c783279b61043e19fbdadd1bee5153a.r2.dev/TEAM/2019-10-17/Atlassian%20Corporation_2019-10-17_transcript/Atlassian%20Corporation_2019-10-17_transcript.pdf/Atlassian%20Corporation_2019-10-17_transcript.pdf",
    "periodicity": "periodic"
  },
  {
    "equity_ticker": "TEAM",
    "geography": "US",
    "content_name": "TEAM Q4 2019 Transcript",
    "file_type": "pdf",
    "content_type": "earnings_transcript",
    "published_date": "2019-07-25",
    "fiscal_date": "2019-07-25",
    "fiscal_year": 2019,
    "fiscal_quarter": 4,
    "r2_url": "https://pub-2c783279b61043e19fbdadd1bee5153a.r2.dev/TEAM/2019-07-25/Atlassian%20Corporation_2019-07-25_transcript/Atlassian%20Corporation_2019-07-25_transcript.pdf/Atlassian%20Corporation_2019-07-25_transcript.pdf",
    "periodicity": "periodic"
  },
  {
    "equity_ticker": "TEAM",
    "geography": "US",
    "content_name": "TEAM Q4 2019 Press Release",
    "file_type": "pdf",
    "content_type": "earnings_press_release",
    "published_date": "2019-07-25",
    "fiscal_date": "2019-07-25",
    "fiscal_year": 2019,
    "fiscal_quarter": 4,
    "r2_url": "https://pub-2c783279b61043e19fbdadd1bee5153a.r2.dev/TEAM/2019-07-25/a6292-2023-06-20-02-16-26/a6292-2023-06-20-02-16-26.pdf/a6292-2023-06-20-02-16-26.pdf",
    "periodicity": "periodic"
  },
  {
    "equity_ticker": "TEAM",
    "geography": "US",
    "content_name": "TEAM Q4 2019 Presentation",
    "file_type": "pdf",
    "content_type": "earnings_presentation",
    "published_date": "2019-07-25",
    "fiscal_date": "2019-07-25",
    "fiscal_year": 2019,
    "fiscal_quarter": 4,
    "r2_url": "https://pub-2c783279b61043e19fbdadd1bee5153a.r2.dev/TEAM/2019-07-25/06689-2023-06-20-02-16-26/06689-2023-06-20-02-16-26.pdf/06689-2023-06-20-02-16-26.pdf",
    "periodicity": "periodic"
  },
  {
    "equity_ticker": "TEAM",
    "geography": "US",
    "content_name": "TEAM Q3 2019 Transcript",
    "file_type": "pdf",
    "content_type": "earnings_transcript",
    "published_date": "2019-04-17",
    "fiscal_date": "2019-04-17",
    "fiscal_year": 2019,
    "fiscal_quarter": 3,
    "r2_url": "https://pub-2c783279b61043e19fbdadd1bee5153a.r2.dev/TEAM/2019-04-17/Atlassian%20Corporation_2019-04-17_transcript/Atlassian%20Corporation_2019-04-17_transcript.pdf/Atlassian%20Corporation_2019-04-17_transcript.pdf",
    "periodicity": "periodic"
  },
  {
    "equity_ticker": "TEAM",
    "geography": "US",
    "content_name": "Atlassian Summit 2019 - April 10, 2019",
    "file_type": "pdf",
    "content_type": "company_conference_transcript",
    "published_date": "2019-04-10",
    "fiscal_date": "2019-04-10",
    "fiscal_year": null,
    "fiscal_quarter": null,
    "r2_url": "https://pub-2c783279b61043e19fbdadd1bee5153a.r2.dev/TEAM/2019-04-10/Atlassian%20Corporation_2019-04-10_transcript/Atlassian%20Corporation_2019-04-10_transcript.pdf/Atlassian%20Corporation_2019-04-10_transcript.pdf",
    "periodicity": "non_periodic"
  },
  {
    "equity_ticker": "TEAM",
    "geography": "US",
    "content_name": "TEAM Q2 2019 Transcript",
    "file_type": "pdf",
    "content_type": "earnings_transcript",
    "published_date": "2019-01-17",
    "fiscal_date": "2019-01-17",
    "fiscal_year": 2019,
    "fiscal_quarter": 2,
    "r2_url": "https://pub-2c783279b61043e19fbdadd1bee5153a.r2.dev/TEAM/2019-01-17/Atlassian%20Corporation_2019-01-17_transcript/Atlassian%20Corporation_2019-01-17_transcript.pdf/Atlassian%20Corporation_2019-01-17_transcript.pdf",
    "periodicity": "periodic"
  },
  {
    "equity_ticker": "TEAM",
    "geography": "US",
    "content_name": "TEAM Q1 2019 Transcript",
    "file_type": "pdf",
    "content_type": "earnings_transcript",
    "published_date": "2018-10-18",
    "fiscal_date": "2018-10-18",
    "fiscal_year": 2019,
    "fiscal_quarter": 1,
    "r2_url": "https://pub-2c783279b61043e19fbdadd1bee5153a.r2.dev/TEAM/2018-10-18/Atlassian%20Corporation_2018-10-18_transcript/Atlassian%20Corporation_2018-10-18_transcript.pdf/Atlassian%20Corporation_2018-10-18_transcript.pdf",
    "periodicity": "periodic"
  },
  {
    "equity_ticker": "TEAM",
    "geography": "US",
    "content_name": "TEAM Q1 2019 Press Release",
    "file_type": "pdf",
    "content_type": "earnings_press_release",
    "published_date": "2018-10-18",
    "fiscal_date": "2018-10-18",
    "fiscal_year": 2019,
    "fiscal_quarter": 1,
    "r2_url": "https://pub-2c783279b61043e19fbdadd1bee5153a.r2.dev/TEAM/2018-10-18/9edf7-2023-06-21-08-59-08/9edf7-2023-06-21-08-59-08.pdf/9edf7-2023-06-21-08-59-08.pdf",
    "periodicity": "periodic"
  },
  {
    "equity_ticker": "TEAM",
    "geography": "US",
    "content_name": "TEAM Q1 2019 Presentation",
    "file_type": "pdf",
    "content_type": "earnings_presentation",
    "published_date": "2018-10-18",
    "fiscal_date": "2018-10-18",
    "fiscal_year": 2019,
    "fiscal_quarter": 1,
    "r2_url": "https://pub-2c783279b61043e19fbdadd1bee5153a.r2.dev/TEAM/2018-10-18/ffa46-2023-06-21-08-58-08/ffa46-2023-06-21-08-58-08.pdf/ffa46-2023-06-21-08-58-08.pdf",
    "periodicity": "periodic"
  },
  {
    "equity_ticker": "TEAM",
    "geography": "US",
    "content_name": "TEAM Q4 2018 Transcript",
    "file_type": "pdf",
    "content_type": "earnings_transcript",
    "published_date": "2018-07-26",
    "fiscal_date": "2018-07-26",
    "fiscal_year": 2018,
    "fiscal_quarter": 4,
    "r2_url": "https://pub-2c783279b61043e19fbdadd1bee5153a.r2.dev/TEAM/2018-07-26/Atlassian%20Corporation_2018-07-26_transcript/Atlassian%20Corporation_2018-07-26_transcript.pdf/Atlassian%20Corporation_2018-07-26_transcript.pdf",
    "periodicity": "periodic"
  },
  {
    "equity_ticker": "TEAM",
    "geography": "US",
    "content_name": "TEAM Q4 2018 Press Release",
    "file_type": "pdf",
    "content_type": "earnings_press_release",
    "published_date": "2018-07-26",
    "fiscal_date": "2018-07-26",
    "fiscal_year": 2018,
    "fiscal_quarter": 4,
    "r2_url": "https://pub-2c783279b61043e19fbdadd1bee5153a.r2.dev/TEAM/2018-07-26/146a2-2023-06-21-08-04-22/146a2-2023-06-21-08-04-22.pdf/146a2-2023-06-21-08-04-22.pdf",
    "periodicity": "periodic"
  },
  {
    "equity_ticker": "TEAM",
    "geography": "US",
    "content_name": "TEAM Q4 2018 Presentation",
    "file_type": "pdf",
    "content_type": "earnings_presentation",
    "published_date": "2018-07-26",
    "fiscal_date": "2018-07-26",
    "fiscal_year": 2018,
    "fiscal_quarter": 4,
    "r2_url": "https://pub-2c783279b61043e19fbdadd1bee5153a.r2.dev/TEAM/2018-07-26/84872-2023-06-21-08-04-22/84872-2023-06-21-08-04-22.pdf/84872-2023-06-21-08-04-22.pdf",
    "periodicity": "periodic"
  },
  {
    "equity_ticker": "TEAM",
    "geography": "US",
    "content_name": "TEAM Q3 2018 Transcript",
    "file_type": "pdf",
    "content_type": "earnings_transcript",
    "published_date": "2018-04-19",
    "fiscal_date": "2018-04-19",
    "fiscal_year": 2018,
    "fiscal_quarter": 3,
    "r2_url": "https://pub-2c783279b61043e19fbdadd1bee5153a.r2.dev/TEAM/2018-04-19/Atlassian%20Corporation_2018-04-19_transcript/Atlassian%20Corporation_2018-04-19_transcript.pdf/Atlassian%20Corporation_2018-04-19_transcript.pdf",
    "periodicity": "periodic"
  },
  {
    "equity_ticker": "TEAM",
    "geography": "US",
    "content_name": "TEAM Q3 2018 Press Release",
    "file_type": "pdf",
    "content_type": "earnings_press_release",
    "published_date": "2018-04-19",
    "fiscal_date": "2018-04-19",
    "fiscal_year": 2018,
    "fiscal_quarter": 3,
    "r2_url": "https://pub-2c783279b61043e19fbdadd1bee5153a.r2.dev/TEAM/2018-04-19/821b2-2023-06-21-08-50-22/821b2-2023-06-21-08-50-22.pdf/821b2-2023-06-21-08-50-22.pdf",
    "periodicity": "periodic"
  },
  {
    "equity_ticker": "TEAM",
    "geography": "US",
    "content_name": "TEAM Q3 2018 Presentation",
    "file_type": "pdf",
    "content_type": "earnings_presentation",
    "published_date": "2018-04-19",
    "fiscal_date": "2018-04-19",
    "fiscal_year": 2018,
    "fiscal_quarter": 3,
    "r2_url": "https://pub-2c783279b61043e19fbdadd1bee5153a.r2.dev/TEAM/2018-04-19/bf97a-2023-06-21-08-49-22/bf97a-2023-06-21-08-49-22.pdf/bf97a-2023-06-21-08-49-22.pdf",
    "periodicity": "periodic"
  },
  {
    "equity_ticker": "TEAM",
    "geography": "US",
    "content_name": "TEAM Q2 2018 Transcript",
    "file_type": "pdf",
    "content_type": "earnings_transcript",
    "published_date": "2018-01-18",
    "fiscal_date": "2018-01-18",
    "fiscal_year": 2018,
    "fiscal_quarter": 2,
    "r2_url": "https://pub-2c783279b61043e19fbdadd1bee5153a.r2.dev/TEAM/2018-01-18/Atlassian%20Corporation_2018-01-18_transcript/Atlassian%20Corporation_2018-01-18_transcript.pdf/Atlassian%20Corporation_2018-01-18_transcript.pdf",
    "periodicity": "periodic"
  },
  {
    "equity_ticker": "TEAM",
    "geography": "US",
    "content_name": "TEAM Q2 2018 Press Release",
    "file_type": "pdf",
    "content_type": "earnings_press_release",
    "published_date": "2018-01-18",
    "fiscal_date": "2018-01-18",
    "fiscal_year": 2018,
    "fiscal_quarter": 2,
    "r2_url": "https://pub-2c783279b61043e19fbdadd1bee5153a.r2.dev/TEAM/2018-01-18/df81b-2023-06-21-08-40-23/df81b-2023-06-21-08-40-23.pdf/df81b-2023-06-21-08-40-23.pdf",
    "periodicity": "periodic"
  },
  {
    "equity_ticker": "TEAM",
    "geography": "US",
    "content_name": "TEAM Q2 2018 Presentation",
    "file_type": "pdf",
    "content_type": "earnings_presentation",
    "published_date": "2018-01-18",
    "fiscal_date": "2018-01-18",
    "fiscal_year": 2018,
    "fiscal_quarter": 2,
    "r2_url": "https://pub-2c783279b61043e19fbdadd1bee5153a.r2.dev/TEAM/2018-01-18/9a5df-2023-06-21-08-40-23/9a5df-2023-06-21-08-40-23.pdf/9a5df-2023-06-21-08-40-23.pdf",
    "periodicity": "periodic"
  },
  {
    "equity_ticker": "TEAM",
    "geography": "US",
    "content_name": "TEAM Q1 2018 Transcript",
    "file_type": "pdf",
    "content_type": "earnings_transcript",
    "published_date": "2017-10-19",
    "fiscal_date": "2017-10-19",
    "fiscal_year": 2018,
    "fiscal_quarter": 1,
    "r2_url": "https://pub-2c783279b61043e19fbdadd1bee5153a.r2.dev/TEAM/2017-10-19/Atlassian%20Corporation_2017-10-19_transcript/Atlassian%20Corporation_2017-10-19_transcript.pdf/Atlassian%20Corporation_2017-10-19_transcript.pdf",
    "periodicity": "periodic"
  },
  {
    "equity_ticker": "TEAM",
    "geography": "US",
    "content_name": "TEAM Q1 2018 Press Release",
    "file_type": "pdf",
    "content_type": "earnings_press_release",
    "published_date": "2017-10-19",
    "fiscal_date": "2017-10-19",
    "fiscal_year": 2018,
    "fiscal_quarter": 1,
    "r2_url": "https://pub-2c783279b61043e19fbdadd1bee5153a.r2.dev/TEAM/2017-10-19/b1cd7-2023-06-21-08-17-25/b1cd7-2023-06-21-08-17-25.pdf/b1cd7-2023-06-21-08-17-25.pdf",
    "periodicity": "periodic"
  },
  {
    "equity_ticker": "TEAM",
    "geography": "US",
    "content_name": "TEAM Q1 2018 Presentation",
    "file_type": "pdf",
    "content_type": "earnings_presentation",
    "published_date": "2017-10-19",
    "fiscal_date": "2017-10-19",
    "fiscal_year": 2018,
    "fiscal_quarter": 1,
    "r2_url": "https://pub-2c783279b61043e19fbdadd1bee5153a.r2.dev/TEAM/2017-10-19/ab0be-2023-06-21-08-17-25/ab0be-2023-06-21-08-17-25.pdf/ab0be-2023-06-21-08-17-25.pdf",
    "periodicity": "periodic"
  },
  {
    "equity_ticker": "TEAM",
    "geography": "US",
    "content_name": "Atlassian Summit US 2017 - September 13, 2017",
    "file_type": "pdf",
    "content_type": "company_conference_transcript",
    "published_date": "2017-09-13",
    "fiscal_date": "2017-09-13",
    "fiscal_year": null,
    "fiscal_quarter": null,
    "r2_url": "https://pub-2c783279b61043e19fbdadd1bee5153a.r2.dev/TEAM/2017-09-13/Atlassian%20Corporation_2017-09-13_transcript/Atlassian%20Corporation_2017-09-13_transcript.pdf/Atlassian%20Corporation_2017-09-13_transcript.pdf",
    "periodicity": "non_periodic"
  },
  {
    "equity_ticker": "TEAM",
    "geography": "US",
    "content_name": "TEAM Q4 2017 Transcript",
    "file_type": "pdf",
    "content_type": "earnings_transcript",
    "published_date": "2017-07-27",
    "fiscal_date": "2017-07-27",
    "fiscal_year": 2017,
    "fiscal_quarter": 4,
    "r2_url": "https://pub-2c783279b61043e19fbdadd1bee5153a.r2.dev/TEAM/2017-07-27/Atlassian%20Corporation_2017-07-27_transcript/Atlassian%20Corporation_2017-07-27_transcript.pdf/Atlassian%20Corporation_2017-07-27_transcript.pdf",
    "periodicity": "periodic"
  },
  {
    "equity_ticker": "TEAM",
    "geography": "US",
    "content_name": "TEAM Q4 2017 Press Release",
    "file_type": "pdf",
    "content_type": "earnings_press_release",
    "published_date": "2017-07-27",
    "fiscal_date": "2017-07-27",
    "fiscal_year": 2017,
    "fiscal_quarter": 4,
    "r2_url": "https://pub-2c783279b61043e19fbdadd1bee5153a.r2.dev/TEAM/2017-07-27/f56eb-2023-06-21-08-46-36/f56eb-2023-06-21-08-46-36.pdf/f56eb-2023-06-21-08-46-36.pdf",
    "periodicity": "periodic"
  },
  {
    "equity_ticker": "TEAM",
    "geography": "US",
    "content_name": "TEAM Q4 2017 Presentation",
    "file_type": "pdf",
    "content_type": "earnings_presentation",
    "published_date": "2017-07-27",
    "fiscal_date": "2017-07-27",
    "fiscal_year": 2017,
    "fiscal_quarter": 4,
    "r2_url": "https://pub-2c783279b61043e19fbdadd1bee5153a.r2.dev/TEAM/2017-07-27/32d09-2023-06-21-08-49-36/32d09-2023-06-21-08-49-36.pdf/32d09-2023-06-21-08-49-36.pdf",
    "periodicity": "periodic"
  },
  {
    "equity_ticker": "TEAM",
    "geography": "US",
    "content_name": "TEAM Q3 2017 Transcript",
    "file_type": "pdf",
    "content_type": "earnings_transcript",
    "published_date": "2017-04-27",
    "fiscal_date": "2017-04-27",
    "fiscal_year": 2017,
    "fiscal_quarter": 3,
    "r2_url": "https://pub-2c783279b61043e19fbdadd1bee5153a.r2.dev/TEAM/2017-04-27/Atlassian%20Corporation_2017-04-27_transcript/Atlassian%20Corporation_2017-04-27_transcript.pdf/Atlassian%20Corporation_2017-04-27_transcript.pdf",
    "periodicity": "periodic"
  },
  {
    "equity_ticker": "TEAM",
    "geography": "US",
    "content_name": "TEAM Q3 2017 Press Release",
    "file_type": "pdf",
    "content_type": "earnings_press_release",
    "published_date": "2017-04-27",
    "fiscal_date": "2017-04-27",
    "fiscal_year": 2017,
    "fiscal_quarter": 3,
    "r2_url": "https://pub-2c783279b61043e19fbdadd1bee5153a.r2.dev/TEAM/2017-04-27/05087-2023-06-21-08-02-38/05087-2023-06-21-08-02-38.pdf/05087-2023-06-21-08-02-38.pdf",
    "periodicity": "periodic"
  },
  {
    "equity_ticker": "TEAM",
    "geography": "US",
    "content_name": "TEAM Q3 2017 Presentation",
    "file_type": "pdf",
    "content_type": "earnings_presentation",
    "published_date": "2017-04-27",
    "fiscal_date": "2017-04-27",
    "fiscal_year": 2017,
    "fiscal_quarter": 3,
    "r2_url": "https://pub-2c783279b61043e19fbdadd1bee5153a.r2.dev/TEAM/2017-04-27/cb241-2023-06-21-08-03-38/cb241-2023-06-21-08-03-38.pdf/cb241-2023-06-21-08-03-38.pdf",
    "periodicity": "periodic"
  },
  {
    "equity_ticker": "TEAM",
    "geography": "US",
    "content_name": "TEAM Q2 2017 Transcript",
    "file_type": "pdf",
    "content_type": "earnings_transcript",
    "published_date": "2017-01-19",
    "fiscal_date": "2017-01-19",
    "fiscal_year": 2017,
    "fiscal_quarter": 2,
    "r2_url": "https://pub-2c783279b61043e19fbdadd1bee5153a.r2.dev/TEAM/2017-01-19/Atlassian%20Corporation_2017-01-19_transcript/Atlassian%20Corporation_2017-01-19_transcript.pdf/Atlassian%20Corporation_2017-01-19_transcript.pdf",
    "periodicity": "periodic"
  },
  {
    "equity_ticker": "TEAM",
    "geography": "US",
    "content_name": "TEAM Q2 2017 Press Release",
    "file_type": "pdf",
    "content_type": "earnings_press_release",
    "published_date": "2017-01-19",
    "fiscal_date": "2017-01-19",
    "fiscal_year": 2017,
    "fiscal_quarter": 2,
    "r2_url": "https://pub-2c783279b61043e19fbdadd1bee5153a.r2.dev/TEAM/2017-01-19/0afad-2023-06-21-08-01-39/0afad-2023-06-21-08-01-39.pdf/0afad-2023-06-21-08-01-39.pdf",
    "periodicity": "periodic"
  },
  {
    "equity_ticker": "TEAM",
    "geography": "US",
    "content_name": "TEAM Q2 2017 Presentation",
    "file_type": "pdf",
    "content_type": "earnings_presentation",
    "published_date": "2017-01-19",
    "fiscal_date": "2017-01-19",
    "fiscal_year": 2017,
    "fiscal_quarter": 2,
    "r2_url": "https://pub-2c783279b61043e19fbdadd1bee5153a.r2.dev/TEAM/2017-01-19/a725b-2023-06-21-08-01-39/a725b-2023-06-21-08-01-39.pdf/a725b-2023-06-21-08-01-39.pdf",
    "periodicity": "periodic"
  },
  {
    "equity_ticker": "TEAM",
    "geography": "US",
    "content_name": "TEAM Q1 2017 Transcript",
    "file_type": "pdf",
    "content_type": "earnings_transcript",
    "published_date": "2016-10-27",
    "fiscal_date": "2016-10-27",
    "fiscal_year": 2017,
    "fiscal_quarter": 1,
    "r2_url": "https://pub-2c783279b61043e19fbdadd1bee5153a.r2.dev/TEAM/2016-10-27/Atlassian%20Corporation_2016-10-27_transcript/Atlassian%20Corporation_2016-10-27_transcript.pdf/Atlassian%20Corporation_2016-10-27_transcript.pdf",
    "periodicity": "periodic"
  },
  {
    "equity_ticker": "TEAM",
    "geography": "US",
    "content_name": "TEAM Q1 2017 Press Release",
    "file_type": "pdf",
    "content_type": "earnings_press_release",
    "published_date": "2016-10-27",
    "fiscal_date": "2016-10-27",
    "fiscal_year": 2017,
    "fiscal_quarter": 1,
    "r2_url": "https://pub-2c783279b61043e19fbdadd1bee5153a.r2.dev/TEAM/2016-10-27/ff5a6-2023-06-21-08-05-40/ff5a6-2023-06-21-08-05-40.pdf/ff5a6-2023-06-21-08-05-40.pdf",
    "periodicity": "periodic"
  },
  {
    "equity_ticker": "TEAM",
    "geography": "US",
    "content_name": "TEAM Q1 2017 Presentation",
    "file_type": "pdf",
    "content_type": "earnings_presentation",
    "published_date": "2016-10-27",
    "fiscal_date": "2016-10-27",
    "fiscal_year": 2017,
    "fiscal_quarter": 1,
    "r2_url": "https://pub-2c783279b61043e19fbdadd1bee5153a.r2.dev/TEAM/2016-10-27/01b0e-2023-06-21-08-07-40/01b0e-2023-06-21-08-07-40.pdf/01b0e-2023-06-21-08-07-40.pdf",
    "periodicity": "periodic"
  },
  {
    "equity_ticker": "TEAM",
    "geography": "US",
    "content_name": "TEAM Q4 2016 Transcript",
    "file_type": "pdf",
    "content_type": "earnings_transcript",
    "published_date": "2016-08-04",
    "fiscal_date": "2016-08-04",
    "fiscal_year": 2016,
    "fiscal_quarter": 4,
    "r2_url": "https://pub-2c783279b61043e19fbdadd1bee5153a.r2.dev/TEAM/2016-08-04/Atlassian%20Corporation_2016-08-04_transcript/Atlassian%20Corporation_2016-08-04_transcript.pdf/Atlassian%20Corporation_2016-08-04_transcript.pdf",
    "periodicity": "periodic"
  },
  {
    "equity_ticker": "TEAM",
    "geography": "US",
    "content_name": "TEAM Q4 2016 Press Release",
    "file_type": "pdf",
    "content_type": "earnings_press_release",
    "published_date": "2016-08-04",
    "fiscal_date": "2016-08-04",
    "fiscal_year": 2016,
    "fiscal_quarter": 4,
    "r2_url": "https://pub-2c783279b61043e19fbdadd1bee5153a.r2.dev/TEAM/2016-08-04/32a1a-2023-06-21-08-29-41/32a1a-2023-06-21-08-29-41.pdf/32a1a-2023-06-21-08-29-41.pdf",
    "periodicity": "periodic"
  },
  {
    "equity_ticker": "TEAM",
    "geography": "US",
    "content_name": "TEAM Q4 2016 Presentation",
    "file_type": "pdf",
    "content_type": "earnings_presentation",
    "published_date": "2016-08-04",
    "fiscal_date": "2016-08-04",
    "fiscal_year": 2016,
    "fiscal_quarter": 4,
    "r2_url": "https://pub-2c783279b61043e19fbdadd1bee5153a.r2.dev/TEAM/2016-08-04/957e1-2023-06-21-08-30-41/957e1-2023-06-21-08-30-41.pdf/957e1-2023-06-21-08-30-41.pdf",
    "periodicity": "periodic"
  },
  {
    "equity_ticker": "TEAM",
    "geography": "US",
    "content_name": "TEAM Q3 2016 Transcript",
    "file_type": "pdf",
    "content_type": "earnings_transcript",
    "published_date": "2016-05-05",
    "fiscal_date": "2016-05-05",
    "fiscal_year": 2016,
    "fiscal_quarter": 3,
    "r2_url": "https://pub-2c783279b61043e19fbdadd1bee5153a.r2.dev/TEAM/2016-05-05/Atlassian%20Corporation_2016-05-05_transcript/Atlassian%20Corporation_2016-05-05_transcript.pdf/Atlassian%20Corporation_2016-05-05_transcript.pdf",
    "periodicity": "periodic"
  },
  {
    "equity_ticker": "TEAM",
    "geography": "US",
    "content_name": "TEAM Q3 2016 Press Release",
    "file_type": "pdf",
    "content_type": "earnings_press_release",
    "published_date": "2016-05-05",
    "fiscal_date": "2016-05-05",
    "fiscal_year": 2016,
    "fiscal_quarter": 3,
    "r2_url": "https://pub-2c783279b61043e19fbdadd1bee5153a.r2.dev/TEAM/2016-05-05/d9b9d-2023-06-21-08-38-42/d9b9d-2023-06-21-08-38-42.pdf/d9b9d-2023-06-21-08-38-42.pdf",
    "periodicity": "periodic"
  },
  {
    "equity_ticker": "TEAM",
    "geography": "US",
    "content_name": "TEAM Q3 2016 Presentation",
    "file_type": "pdf",
    "content_type": "earnings_presentation",
    "published_date": "2016-05-05",
    "fiscal_date": "2016-05-05",
    "fiscal_year": 2016,
    "fiscal_quarter": 3,
    "r2_url": "https://pub-2c783279b61043e19fbdadd1bee5153a.r2.dev/TEAM/2016-05-05/e9d31-2023-06-21-08-38-42/e9d31-2023-06-21-08-38-42.pdf/e9d31-2023-06-21-08-38-42.pdf",
    "periodicity": "periodic"
  },
  {
    "equity_ticker": "TEAM",
    "geography": "US",
    "content_name": "TEAM Q2 2016 Transcript",
    "file_type": "pdf",
    "content_type": "earnings_transcript",
    "published_date": "2016-02-04",
    "fiscal_date": "2016-02-04",
    "fiscal_year": 2016,
    "fiscal_quarter": 2,
    "r2_url": "https://pub-2c783279b61043e19fbdadd1bee5153a.r2.dev/TEAM/2016-02-04/Atlassian%20Corporation_2016-02-04_transcript/Atlassian%20Corporation_2016-02-04_transcript.pdf/Atlassian%20Corporation_2016-02-04_transcript.pdf",
    "periodicity": "periodic"
  },
  {
    "equity_ticker": "TEAM",
    "geography": "US",
    "content_name": "TEAM Q2 2016 Press Release",
    "file_type": "pdf",
    "content_type": "earnings_press_release",
    "published_date": "2016-02-04",
    "fiscal_date": "2016-02-04",
    "fiscal_year": 2016,
    "fiscal_quarter": 2,
    "r2_url": "https://pub-2c783279b61043e19fbdadd1bee5153a.r2.dev/TEAM/2016-02-04/58c0e-2023-06-21-08-30-43/58c0e-2023-06-21-08-30-43.pdf/58c0e-2023-06-21-08-30-43.pdf",
    "periodicity": "periodic"
  },
  {
    "equity_ticker": "TEAM",
    "geography": "US",
    "content_name": "TEAM Q2 2016 Presentation",
    "file_type": "pdf",
    "content_type": "earnings_presentation",
    "published_date": "2016-02-04",
    "fiscal_date": "2016-02-04",
    "fiscal_year": 2016,
    "fiscal_quarter": 2,
    "r2_url": "https://pub-2c783279b61043e19fbdadd1bee5153a.r2.dev/TEAM/2016-02-04/792d7-2023-06-21-08-31-43/792d7-2023-06-21-08-31-43.pdf/792d7-2023-06-21-08-31-43.pdf",
    "periodicity": "periodic"
  },
  {
    "equity_ticker": "TEAM",
    "geography": "US",
    "content_name": "TEAM Q3 2012 Transcript",
    "file_type": "pdf",
    "content_type": "earnings_transcript",
    "published_date": "2012-10-25",
    "fiscal_date": "2012-10-25",
    "fiscal_year": 2012,
    "fiscal_quarter": 3,
    "r2_url": "https://pub-2c783279b61043e19fbdadd1bee5153a.r2.dev/TEAM/2012-10-25/Atlassian%20Corporation_2012-10-25_transcript/Atlassian%20Corporation_2012-10-25_transcript.pdf/Atlassian%20Corporation_2012-10-25_transcript.pdf",
    "periodicity": "periodic"
  },
  {
    "equity_ticker": "TEAM",
    "geography": "US",
    "content_name": "TEAM Q2 2012 Transcript",
    "file_type": "pdf",
    "content_type": "earnings_transcript",
    "published_date": "2012-07-26",
    "fiscal_date": "2012-07-26",
    "fiscal_year": 2012,
    "fiscal_quarter": 2,
    "r2_url": "https://pub-2c783279b61043e19fbdadd1bee5153a.r2.dev/TEAM/2012-07-26/Atlassian%20Corporation_2012-07-26_transcript/Atlassian%20Corporation_2012-07-26_transcript.pdf/Atlassian%20Corporation_2012-07-26_transcript.pdf",
    "periodicity": "periodic"
  },
  {
    "equity_ticker": "TEAM",
    "geography": "US",
    "content_name": "TEAM Q1 2012 Transcript",
    "file_type": "pdf",
    "content_type": "earnings_transcript",
    "published_date": "2012-04-25",
    "fiscal_date": "2012-04-25",
    "fiscal_year": 2012,
    "fiscal_quarter": 1,
    "r2_url": "https://pub-2c783279b61043e19fbdadd1bee5153a.r2.dev/TEAM/2012-04-25/Atlassian%20Corporation_2012-04-25_transcript/Atlassian%20Corporation_2012-04-25_transcript.pdf/Atlassian%20Corporation_2012-04-25_transcript.pdf",
    "periodicity": "periodic"
  },
  {
    "equity_ticker": "TEAM",
    "geography": "US",
    "content_name": "TEAM Q4 2011 Transcript",
    "file_type": "pdf",
    "content_type": "earnings_transcript",
    "published_date": "2012-01-26",
    "fiscal_date": "2012-01-26",
    "fiscal_year": 2011,
    "fiscal_quarter": 4,
    "r2_url": "https://pub-2c783279b61043e19fbdadd1bee5153a.r2.dev/TEAM/2012-01-26/Atlassian%20Corporation_2012-01-26_transcript/Atlassian%20Corporation_2012-01-26_transcript.pdf/Atlassian%20Corporation_2012-01-26_transcript.pdf",
    "periodicity": "periodic"
  },
  {
    "equity_ticker": "TEAM",
    "geography": "US",
    "content_name": "TEAM Q4 2007 Transcript",
    "file_type": "pdf",
    "content_type": "earnings_transcript",
    "published_date": "2008-02-25",
    "fiscal_date": "2008-02-25",
    "fiscal_year": 2007,
    "fiscal_quarter": 4,
    "r2_url": "https://pub-2c783279b61043e19fbdadd1bee5153a.r2.dev/TEAM/2008-02-25/Atlassian%20Corporation_2008-02-25_transcript/Atlassian%20Corporation_2008-02-25_transcript.pdf/Atlassian%20Corporation_2008-02-25_transcript.pdf",
    "periodicity": "periodic"
  }
]