[
    {
        "equity_ticker": "TOST",
        "geography": "US",
        "content_name": "Morgan Stanley Technology, Media & Telecom Conference - March 6, 2025",
        "file_type": "pdf",
        "content_type": "sellside_conference_transcript",
        "published_date": "2025-03-06",
        "fiscal_date": "2025-03-06",
        "fiscal_year": null,
        "fiscal_quarter": null,
        "r2_url": "https://pub-2c783279b61043e19fbdadd1bee5153a.r2.dev/TOST/2025-03-06/Toast%2C%20Inc._2025-03-06_transcript/Toast%2C%20Inc._2025-03-06_transcript.pdf%5CToast%2C%20Inc._2025-03-06_transcript.pdf",
        "periodicity": "non_periodic"
    },
    {
        "equity_ticker": "TOST",
        "geography": "US",
        "content_name": "TOST Q4 2024 Transcript",
        "file_type": "pdf",
        "content_type": "earnings_transcript",
        "published_date": "2025-02-19",
        "fiscal_date": "2025-02-19",
        "fiscal_year": 2024,
        "fiscal_quarter": 4,
        "r2_url": "https://pub-2c783279b61043e19fbdadd1bee5153a.r2.dev/TOST/2025-02-19/Toast%2C%20Inc._2025-02-19_transcript/Toast%2C%20Inc._2025-02-19_transcript.pdf%5CToast%2C%20Inc._2025-02-19_transcript.pdf",
        "periodicity": "periodic"
    },
    {
        "equity_ticker": "TOST",
        "geography": "US",
        "content_name": "TOST Q4 2024 Press Release",
        "file_type": "pdf",
        "content_type": "earnings_press_release",
        "published_date": "2025-02-19",
        "fiscal_date": "2025-02-19",
        "fiscal_year": 2024,
        "fiscal_quarter": 4,
        "r2_url": "https://pub-2c783279b61043e19fbdadd1bee5153a.r2.dev/TOST/2025-02-19/32369-2025-02-19-09-13-23/32369-2025-02-19-09-13-23.pdf%5C32369-2025-02-19-09-13-23.pdf",
        "periodicity": "periodic"
    },
    {
        "equity_ticker": "TOST",
        "geography": "US",
        "content_name": "UBS Global Technology and AI Conference - December 4, 2024",
        "file_type": "pdf",
        "content_type": "sellside_conference_transcript",
        "published_date": "2024-12-04",
        "fiscal_date": "2024-12-04",
        "fiscal_year": null,
        "fiscal_quarter": null,
        "r2_url": "https://pub-2c783279b61043e19fbdadd1bee5153a.r2.dev/TOST/2024-12-04/Toast%2C%20Inc._2024-12-04_transcript/Toast%2C%20Inc._2024-12-04_transcript.pdf%5CToast%2C%20Inc._2024-12-04_transcript.pdf",
        "periodicity": "non_periodic"
    },
    {
        "equity_ticker": "TOST",
        "geography": "US",
        "content_name": "TOST Q3 2024 Transcript",
        "file_type": "pdf",
        "content_type": "earnings_transcript",
        "published_date": "2024-11-07",
        "fiscal_date": "2024-11-07",
        "fiscal_year": 2024,
        "fiscal_quarter": 3,
        "r2_url": "https://pub-2c783279b61043e19fbdadd1bee5153a.r2.dev/TOST/2024-11-07/Toast%2C%20Inc._2024-11-07_transcript/Toast%2C%20Inc._2024-11-07_transcript.pdf%5CToast%2C%20Inc._2024-11-07_transcript.pdf",
        "periodicity": "periodic"
    },
    {
        "equity_ticker": "TOST",
        "geography": "US",
        "content_name": "TOST Q3 2024 Press Release",
        "file_type": "pdf",
        "content_type": "earnings_press_release",
        "published_date": "2024-11-07",
        "fiscal_date": "2024-11-07",
        "fiscal_year": 2024,
        "fiscal_quarter": 3,
        "r2_url": "https://pub-2c783279b61043e19fbdadd1bee5153a.r2.dev/TOST/2024-11-07/07a87-2024-11-07-09-56-16/07a87-2024-11-07-09-56-16.pdf%5C07a87-2024-11-07-09-56-16.pdf",
        "periodicity": "periodic"
    },
    {
        "equity_ticker": "TOST",
        "geography": "US",
        "content_name": "Goldman Sachs Communacopia + Technology Conference 2024 - September 11, 2024",
        "file_type": "pdf",
        "content_type": "sellside_conference_transcript",
        "published_date": "2024-09-11",
        "fiscal_date": "2024-09-11",
        "fiscal_year": null,
        "fiscal_quarter": null,
        "r2_url": "https://pub-2c783279b61043e19fbdadd1bee5153a.r2.dev/TOST/2024-09-11/Toast%2C%20Inc._2024-09-11_transcript/Toast%2C%20Inc._2024-09-11_transcript.pdf%5CToast%2C%20Inc._2024-09-11_transcript.pdf",
        "periodicity": "non_periodic"
    },
    {
        "equity_ticker": "TOST",
        "geography": "US",
        "content_name": "TOST Q2 2024 Transcript",
        "file_type": "pdf",
        "content_type": "earnings_transcript",
        "published_date": "2024-08-06",
        "fiscal_date": "2024-08-06",
        "fiscal_year": 2024,
        "fiscal_quarter": 2,
        "r2_url": "https://pub-2c783279b61043e19fbdadd1bee5153a.r2.dev/TOST/2024-08-06/Toast%2C%20Inc._2024-08-06_transcript/Toast%2C%20Inc._2024-08-06_transcript.pdf%5CToast%2C%20Inc._2024-08-06_transcript.pdf",
        "periodicity": "periodic"
    },
    {
        "equity_ticker": "TOST",
        "geography": "US",
        "content_name": "TOST Q2 2024 Press Release",
        "file_type": "pdf",
        "content_type": "earnings_press_release",
        "published_date": "2024-08-06",
        "fiscal_date": "2024-08-06",
        "fiscal_year": 2024,
        "fiscal_quarter": 2,
        "r2_url": "https://pub-2c783279b61043e19fbdadd1bee5153a.r2.dev/TOST/2024-08-06/39b07-2024-08-06-08-33-10/39b07-2024-08-06-08-33-10.pdf%5C39b07-2024-08-06-08-33-10.pdf",
        "periodicity": "periodic"
    },
    {
        "equity_ticker": "TOST",
        "geography": "US",
        "content_name": "Investor Day 2024 - May 29, 2024",
        "file_type": "pdf",
        "content_type": "company_conference_transcript",
        "published_date": "2024-05-29",
        "fiscal_date": "2024-05-29",
        "fiscal_year": null,
        "fiscal_quarter": null,
        "r2_url": "https://pub-2c783279b61043e19fbdadd1bee5153a.r2.dev/TOST/2024-05-29/Toast%2C%20Inc._2024-05-29_transcript/Toast%2C%20Inc._2024-05-29_transcript.pdf%5CToast%2C%20Inc._2024-05-29_transcript.pdf",
        "periodicity": "non_periodic"
    },
    {
        "equity_ticker": "TOST",
        "geography": "US",
        "content_name": "TOST Q1 2024 Transcript",
        "file_type": "pdf",
        "content_type": "earnings_transcript",
        "published_date": "2024-05-07",
        "fiscal_date": "2024-05-07",
        "fiscal_year": 2024,
        "fiscal_quarter": 1,
        "r2_url": "https://pub-2c783279b61043e19fbdadd1bee5153a.r2.dev/TOST/2024-05-07/Toast%2C%20Inc._2024-05-07_transcript/Toast%2C%20Inc._2024-05-07_transcript.pdf%5CToast%2C%20Inc._2024-05-07_transcript.pdf",
        "periodicity": "periodic"
    },
    {
        "equity_ticker": "TOST",
        "geography": "US",
        "content_name": "TOST Q1 2024 Press Release",
        "file_type": "pdf",
        "content_type": "earnings_press_release",
        "published_date": "2024-05-07",
        "fiscal_date": "2024-05-07",
        "fiscal_year": 2024,
        "fiscal_quarter": 1,
        "r2_url": "https://pub-2c783279b61043e19fbdadd1bee5153a.r2.dev/TOST/2024-05-07/ece7f-2024-05-07-08-49-10/ece7f-2024-05-07-08-49-10.pdf%5Cece7f-2024-05-07-08-49-10.pdf",
        "periodicity": "periodic"
    },
    {
        "equity_ticker": "TOST",
        "geography": "US",
        "content_name": "Morgan Stanley\u2019s Technology, Media & Telecom Conference 2024 - March 5, 2024",
        "file_type": "pdf",
        "content_type": "sellside_conference_transcript",
        "published_date": "2024-03-05",
        "fiscal_date": "2024-03-05",
        "fiscal_year": null,
        "fiscal_quarter": null,
        "r2_url": "https://pub-2c783279b61043e19fbdadd1bee5153a.r2.dev/TOST/2024-03-05/Toast%2C%20Inc._2024-03-05_transcript/Toast%2C%20Inc._2024-03-05_transcript.pdf%5CToast%2C%20Inc._2024-03-05_transcript.pdf",
        "periodicity": "non_periodic"
    },
    {
        "equity_ticker": "TOST",
        "geography": "US",
        "content_name": "TOST Q4 2023 Transcript",
        "file_type": "pdf",
        "content_type": "earnings_transcript",
        "published_date": "2024-02-15",
        "fiscal_date": "2024-02-15",
        "fiscal_year": 2023,
        "fiscal_quarter": 4,
        "r2_url": "https://pub-2c783279b61043e19fbdadd1bee5153a.r2.dev/TOST/2024-02-15/Toast%2C%20Inc._2024-02-15_transcript/Toast%2C%20Inc._2024-02-15_transcript.pdf%5CToast%2C%20Inc._2024-02-15_transcript.pdf",
        "periodicity": "periodic"
    },
    {
        "equity_ticker": "TOST",
        "geography": "US",
        "content_name": "TOST Q4 2023 Press Release",
        "file_type": "pdf",
        "content_type": "earnings_press_release",
        "published_date": "2024-02-15",
        "fiscal_date": "2024-02-15",
        "fiscal_year": 2023,
        "fiscal_quarter": 4,
        "r2_url": "https://pub-2c783279b61043e19fbdadd1bee5153a.r2.dev/TOST/2024-02-15/772d0-2024-02-15-09-06-08/772d0-2024-02-15-09-06-08.pdf%5C772d0-2024-02-15-09-06-08.pdf",
        "periodicity": "periodic"
    },
    {
        "equity_ticker": "TOST",
        "geography": "US",
        "content_name": "TOST Q4 2023 Presentation",
        "file_type": "pdf",
        "content_type": "earnings_presentation",
        "published_date": "2024-02-15",
        "fiscal_date": "2024-02-15",
        "fiscal_year": 2023,
        "fiscal_quarter": 4,
        "r2_url": "https://pub-2c783279b61043e19fbdadd1bee5153a.r2.dev/TOST/2024-02-15/04724-2024-02-15-09-07-54/04724-2024-02-15-09-07-54.pdf%5C04724-2024-02-15-09-07-54.pdf",
        "periodicity": "periodic"
    },
    {
        "equity_ticker": "TOST",
        "geography": "US",
        "content_name": "2023 UBS Global Technology Conference - November 29, 2023",
        "file_type": "pdf",
        "content_type": "sellside_conference_transcript",
        "published_date": "2023-11-29",
        "fiscal_date": "2023-11-29",
        "fiscal_year": null,
        "fiscal_quarter": null,
        "r2_url": "https://pub-2c783279b61043e19fbdadd1bee5153a.r2.dev/TOST/2023-11-29/Toast%2C%20Inc._2023-11-29_transcript/Toast%2C%20Inc._2023-11-29_transcript.pdf%5CToast%2C%20Inc._2023-11-29_transcript.pdf",
        "periodicity": "non_periodic"
    },
    {
        "equity_ticker": "TOST",
        "geography": "US",
        "content_name": "TOST Q3 2023 Transcript",
        "file_type": "pdf",
        "content_type": "earnings_transcript",
        "published_date": "2023-11-07",
        "fiscal_date": "2023-11-07",
        "fiscal_year": 2023,
        "fiscal_quarter": 3,
        "r2_url": "https://pub-2c783279b61043e19fbdadd1bee5153a.r2.dev/TOST/2023-11-07/Toast%2C%20Inc._2023-11-07_transcript/Toast%2C%20Inc._2023-11-07_transcript.pdf%5CToast%2C%20Inc._2023-11-07_transcript.pdf",
        "periodicity": "periodic"
    },
    {
        "equity_ticker": "TOST",
        "geography": "US",
        "content_name": "TOST Q3 2023 Press Release",
        "file_type": "pdf",
        "content_type": "earnings_press_release",
        "published_date": "2023-11-07",
        "fiscal_date": "2023-11-07",
        "fiscal_year": 2023,
        "fiscal_quarter": 3,
        "r2_url": "https://pub-2c783279b61043e19fbdadd1bee5153a.r2.dev/TOST/2023-11-07/cf38d-2023-11-08-12-48-03/cf38d-2023-11-08-12-48-03.pdf%5Ccf38d-2023-11-08-12-48-03.pdf",
        "periodicity": "periodic"
    },
    {
        "equity_ticker": "TOST",
        "geography": "US",
        "content_name": "TOST Q3 2023 Presentation",
        "file_type": "pdf",
        "content_type": "earnings_presentation",
        "published_date": "2023-11-07",
        "fiscal_date": "2023-11-07",
        "fiscal_year": 2023,
        "fiscal_quarter": 3,
        "r2_url": "https://pub-2c783279b61043e19fbdadd1bee5153a.r2.dev/TOST/2023-11-07/f5068-2023-11-07-09-31-09/f5068-2023-11-07-09-31-09.pdf%5Cf5068-2023-11-07-09-31-09.pdf",
        "periodicity": "periodic"
    },
    {
        "equity_ticker": "TOST",
        "geography": "US",
        "content_name": "Goldman Sachs Communacopia & Technology Conference - September 7, 2023",
        "file_type": "pdf",
        "content_type": "sellside_conference_transcript",
        "published_date": "2023-09-07",
        "fiscal_date": "2023-09-07",
        "fiscal_year": null,
        "fiscal_quarter": null,
        "r2_url": "https://pub-2c783279b61043e19fbdadd1bee5153a.r2.dev/TOST/2023-09-07/Toast%2C%20Inc._2023-09-07_transcript/Toast%2C%20Inc._2023-09-07_transcript.pdf%5CToast%2C%20Inc._2023-09-07_transcript.pdf",
        "periodicity": "non_periodic"
    },
    {
        "equity_ticker": "TOST",
        "geography": "US",
        "content_name": "TOST Q2 2023 Transcript",
        "file_type": "pdf",
        "content_type": "earnings_transcript",
        "published_date": "2023-08-08",
        "fiscal_date": "2023-08-08",
        "fiscal_year": 2023,
        "fiscal_quarter": 2,
        "r2_url": "https://pub-2c783279b61043e19fbdadd1bee5153a.r2.dev/TOST/2023-08-08/Toast%2C%20Inc._2023-08-08_transcript/Toast%2C%20Inc._2023-08-08_transcript.pdf%5CToast%2C%20Inc._2023-08-08_transcript.pdf",
        "periodicity": "periodic"
    },
    {
        "equity_ticker": "TOST",
        "geography": "US",
        "content_name": "TOST Q2 2023 Press Release",
        "file_type": "pdf",
        "content_type": "earnings_press_release",
        "published_date": "2023-08-08",
        "fiscal_date": "2023-08-08",
        "fiscal_year": 2023,
        "fiscal_quarter": 2,
        "r2_url": "https://pub-2c783279b61043e19fbdadd1bee5153a.r2.dev/TOST/2023-08-08/365e4-2023-08-08-08-05-09/365e4-2023-08-08-08-05-09.pdf%5C365e4-2023-08-08-08-05-09.pdf",
        "periodicity": "periodic"
    },
    {
        "equity_ticker": "TOST",
        "geography": "US",
        "content_name": "TOST Q2 2023 Presentation",
        "file_type": "pdf",
        "content_type": "earnings_presentation",
        "published_date": "2023-08-08",
        "fiscal_date": "2023-08-08",
        "fiscal_year": 2023,
        "fiscal_quarter": 2,
        "r2_url": "https://pub-2c783279b61043e19fbdadd1bee5153a.r2.dev/TOST/2023-08-08/e6eed-2023-08-08-08-28-43/e6eed-2023-08-08-08-28-43.pdf%5Ce6eed-2023-08-08-08-28-43.pdf",
        "periodicity": "periodic"
    },
    {
        "equity_ticker": "TOST",
        "geography": "US",
        "content_name": "51st Annual J.P. Morgan\u2019s Global Technology, Media and Communications Conference 2023 - May 24, 2023",
        "file_type": "pdf",
        "content_type": "sellside_conference_transcript",
        "published_date": "2023-05-24",
        "fiscal_date": "2023-05-24",
        "fiscal_year": null,
        "fiscal_quarter": null,
        "r2_url": "https://pub-2c783279b61043e19fbdadd1bee5153a.r2.dev/TOST/2023-05-24/Toast%2C%20Inc._2023-05-24_transcript/Toast%2C%20Inc._2023-05-24_transcript.pdf%5CToast%2C%20Inc._2023-05-24_transcript.pdf",
        "periodicity": "non_periodic"
    },
    {
        "equity_ticker": "TOST",
        "geography": "US",
        "content_name": "TOST Q1 2023 Transcript",
        "file_type": "pdf",
        "content_type": "earnings_transcript",
        "published_date": "2023-05-09",
        "fiscal_date": "2023-05-09",
        "fiscal_year": 2023,
        "fiscal_quarter": 1,
        "r2_url": "https://pub-2c783279b61043e19fbdadd1bee5153a.r2.dev/TOST/2023-05-09/Toast%2C%20Inc._2023-05-09_transcript/Toast%2C%20Inc._2023-05-09_transcript.pdf%5CToast%2C%20Inc._2023-05-09_transcript.pdf",
        "periodicity": "periodic"
    },
    {
        "equity_ticker": "TOST",
        "geography": "US",
        "content_name": "TOST Q1 2023 Press Release",
        "file_type": "pdf",
        "content_type": "earnings_press_release",
        "published_date": "2023-05-09",
        "fiscal_date": "2023-05-09",
        "fiscal_year": 2023,
        "fiscal_quarter": 1,
        "r2_url": "https://pub-2c783279b61043e19fbdadd1bee5153a.r2.dev/TOST/2023-05-09/63f78-2023-05-09-08-23-16/63f78-2023-05-09-08-23-16.pdf%5C63f78-2023-05-09-08-23-16.pdf",
        "periodicity": "periodic"
    },
    {
        "equity_ticker": "TOST",
        "geography": "US",
        "content_name": "TOST Q1 2023 Presentation",
        "file_type": "pdf",
        "content_type": "earnings_presentation",
        "published_date": "2023-05-09",
        "fiscal_date": "2023-05-09",
        "fiscal_year": 2023,
        "fiscal_quarter": 1,
        "r2_url": "https://pub-2c783279b61043e19fbdadd1bee5153a.r2.dev/TOST/2023-05-09/06a14-2023-05-09-08-42-16/06a14-2023-05-09-08-42-16.pdf%5C06a14-2023-05-09-08-42-16.pdf",
        "periodicity": "periodic"
    },
    {
        "equity_ticker": "TOST",
        "geography": "US",
        "content_name": "Morgan Stanley Technology, Media & Telecom Conference - March 6, 2023",
        "file_type": "pdf",
        "content_type": "sellside_conference_transcript",
        "published_date": "2023-03-06",
        "fiscal_date": "2023-03-06",
        "fiscal_year": null,
        "fiscal_quarter": null,
        "r2_url": "https://pub-2c783279b61043e19fbdadd1bee5153a.r2.dev/TOST/2023-03-06/Toast%2C%20Inc._2023-03-06_transcript/Toast%2C%20Inc._2023-03-06_transcript.pdf%5CToast%2C%20Inc._2023-03-06_transcript.pdf",
        "periodicity": "non_periodic"
    },
    {
        "equity_ticker": "TOST",
        "geography": "US",
        "content_name": "TOST Q4 2022 Transcript",
        "file_type": "pdf",
        "content_type": "earnings_transcript",
        "published_date": "2023-02-16",
        "fiscal_date": "2023-02-16",
        "fiscal_year": 2022,
        "fiscal_quarter": 4,
        "r2_url": "https://pub-2c783279b61043e19fbdadd1bee5153a.r2.dev/TOST/2023-02-16/Toast%2C%20Inc._2023-02-16_transcript/Toast%2C%20Inc._2023-02-16_transcript.pdf%5CToast%2C%20Inc._2023-02-16_transcript.pdf",
        "periodicity": "periodic"
    },
    {
        "equity_ticker": "TOST",
        "geography": "US",
        "content_name": "TOST Q4 2022 Press Release",
        "file_type": "pdf",
        "content_type": "earnings_press_release",
        "published_date": "2023-02-16",
        "fiscal_date": "2023-02-16",
        "fiscal_year": 2022,
        "fiscal_quarter": 4,
        "r2_url": "https://pub-2c783279b61043e19fbdadd1bee5153a.r2.dev/TOST/2023-02-16/18a2e-2023-03-21-01-54-59/18a2e-2023-03-21-01-54-59.pdf%5C18a2e-2023-03-21-01-54-59.pdf",
        "periodicity": "periodic"
    },
    {
        "equity_ticker": "TOST",
        "geography": "US",
        "content_name": "TOST Q3 2022 Transcript",
        "file_type": "pdf",
        "content_type": "earnings_transcript",
        "published_date": "2022-11-10",
        "fiscal_date": "2022-11-10",
        "fiscal_year": 2022,
        "fiscal_quarter": 3,
        "r2_url": "https://pub-2c783279b61043e19fbdadd1bee5153a.r2.dev/TOST/2022-11-10/Toast%2C%20Inc._2022-11-10_transcript/Toast%2C%20Inc._2022-11-10_transcript.pdf%5CToast%2C%20Inc._2022-11-10_transcript.pdf",
        "periodicity": "periodic"
    },
    {
        "equity_ticker": "TOST",
        "geography": "US",
        "content_name": "TOST Q3 2022 Press Release",
        "file_type": "pdf",
        "content_type": "earnings_press_release",
        "published_date": "2022-11-10",
        "fiscal_date": "2022-11-10",
        "fiscal_year": 2022,
        "fiscal_quarter": 3,
        "r2_url": "https://pub-2c783279b61043e19fbdadd1bee5153a.r2.dev/TOST/2022-11-10/69011-2023-03-21-02-04-43/69011-2023-03-21-02-04-43.pdf%5C69011-2023-03-21-02-04-43.pdf",
        "periodicity": "periodic"
    },
    {
        "equity_ticker": "TOST",
        "geography": "US",
        "content_name": "TOST Q3 2022 Presentation",
        "file_type": "pdf",
        "content_type": "earnings_presentation",
        "published_date": "2022-11-10",
        "fiscal_date": "2022-11-10",
        "fiscal_year": 2022,
        "fiscal_quarter": 3,
        "r2_url": "https://pub-2c783279b61043e19fbdadd1bee5153a.r2.dev/TOST/2022-11-10/28bb4-2022-11-10-09-00-24/28bb4-2022-11-10-09-00-24.pdf%5C28bb4-2022-11-10-09-00-24.pdf",
        "periodicity": "periodic"
    },
    {
        "equity_ticker": "TOST",
        "geography": "US",
        "content_name": "TOST Q2 2022 Transcript",
        "file_type": "pdf",
        "content_type": "earnings_transcript",
        "published_date": "2022-08-11",
        "fiscal_date": "2022-08-11",
        "fiscal_year": 2022,
        "fiscal_quarter": 2,
        "r2_url": "https://pub-2c783279b61043e19fbdadd1bee5153a.r2.dev/TOST/2022-08-11/Toast%2C%20Inc._2022-08-11_transcript/Toast%2C%20Inc._2022-08-11_transcript.pdf%5CToast%2C%20Inc._2022-08-11_transcript.pdf",
        "periodicity": "periodic"
    },
    {
        "equity_ticker": "TOST",
        "geography": "US",
        "content_name": "TOST Q2 2022 Press Release",
        "file_type": "pdf",
        "content_type": "earnings_press_release",
        "published_date": "2022-08-11",
        "fiscal_date": "2022-08-11",
        "fiscal_year": 2022,
        "fiscal_quarter": 2,
        "r2_url": "https://pub-2c783279b61043e19fbdadd1bee5153a.r2.dev/TOST/2022-08-11/8fec0-2023-03-21-02-42-43/8fec0-2023-03-21-02-42-43.pdf%5C8fec0-2023-03-21-02-42-43.pdf",
        "periodicity": "periodic"
    },
    {
        "equity_ticker": "TOST",
        "geography": "US",
        "content_name": "TOST Q2 2022 Presentation",
        "file_type": "pdf",
        "content_type": "earnings_presentation",
        "published_date": "2022-08-11",
        "fiscal_date": "2022-08-11",
        "fiscal_year": 2022,
        "fiscal_quarter": 2,
        "r2_url": "https://pub-2c783279b61043e19fbdadd1bee5153a.r2.dev/TOST/2022-08-11/d33a3-2022-11-10-09-24-24/d33a3-2022-11-10-09-24-24.pdf%5Cd33a3-2022-11-10-09-24-24.pdf",
        "periodicity": "periodic"
    },
    {
        "equity_ticker": "TOST",
        "geography": "US",
        "content_name": "TOST Q1 2022 Transcript",
        "file_type": "pdf",
        "content_type": "earnings_transcript",
        "published_date": "2022-05-12",
        "fiscal_date": "2022-05-12",
        "fiscal_year": 2022,
        "fiscal_quarter": 1,
        "r2_url": "https://pub-2c783279b61043e19fbdadd1bee5153a.r2.dev/TOST/2022-05-12/Toast%2C%20Inc._2022-05-12_transcript/Toast%2C%20Inc._2022-05-12_transcript.pdf%5CToast%2C%20Inc._2022-05-12_transcript.pdf",
        "periodicity": "periodic"
    },
    {
        "equity_ticker": "TOST",
        "geography": "US",
        "content_name": "TOST Q1 2022 Press Release",
        "file_type": "pdf",
        "content_type": "earnings_press_release",
        "published_date": "2022-05-12",
        "fiscal_date": "2022-05-12",
        "fiscal_year": 2022,
        "fiscal_quarter": 1,
        "r2_url": "https://pub-2c783279b61043e19fbdadd1bee5153a.r2.dev/TOST/2022-05-12/29939-2023-03-21-02-06-44/29939-2023-03-21-02-06-44.pdf%5C29939-2023-03-21-02-06-44.pdf",
        "periodicity": "periodic"
    },
    {
        "equity_ticker": "TOST",
        "geography": "US",
        "content_name": "TOST Q1 2022 Presentation",
        "file_type": "pdf",
        "content_type": "earnings_presentation",
        "published_date": "2022-05-12",
        "fiscal_date": "2022-05-12",
        "fiscal_year": 2022,
        "fiscal_quarter": 1,
        "r2_url": "https://pub-2c783279b61043e19fbdadd1bee5153a.r2.dev/TOST/2022-05-12/b29ce-2022-11-10-09-57-24/b29ce-2022-11-10-09-57-24.pdf%5Cb29ce-2022-11-10-09-57-24.pdf",
        "periodicity": "periodic"
    },
    {
        "equity_ticker": "TOST",
        "geography": "US",
        "content_name": "TOST Q4 2021 Transcript",
        "file_type": "pdf",
        "content_type": "earnings_transcript",
        "published_date": "2022-02-15",
        "fiscal_date": "2022-02-15",
        "fiscal_year": 2021,
        "fiscal_quarter": 4,
        "r2_url": "https://pub-2c783279b61043e19fbdadd1bee5153a.r2.dev/TOST/2022-02-15/Toast%2C%20Inc._2022-02-15_transcript/Toast%2C%20Inc._2022-02-15_transcript.pdf%5CToast%2C%20Inc._2022-02-15_transcript.pdf",
        "periodicity": "periodic"
    },
    {
        "equity_ticker": "TOST",
        "geography": "US",
        "content_name": "TOST Q4 2021 Press Release",
        "file_type": "pdf",
        "content_type": "earnings_press_release",
        "published_date": "2022-02-15",
        "fiscal_date": "2022-02-15",
        "fiscal_year": 2021,
        "fiscal_quarter": 4,
        "r2_url": "https://pub-2c783279b61043e19fbdadd1bee5153a.r2.dev/TOST/2022-02-15/2a105-2025-03-13-09-28-08/2a105-2025-03-13-09-28-08.pdf%5C2a105-2025-03-13-09-28-08.pdf",
        "periodicity": "periodic"
    },
    {
        "equity_ticker": "TOST",
        "geography": "US",
        "content_name": "TOST Q3 2021 Transcript",
        "file_type": "pdf",
        "content_type": "earnings_transcript",
        "published_date": "2021-11-09",
        "fiscal_date": "2021-11-09",
        "fiscal_year": 2021,
        "fiscal_quarter": 3,
        "r2_url": "https://pub-2c783279b61043e19fbdadd1bee5153a.r2.dev/TOST/2021-11-09/Toast%2C%20Inc._2021-11-09_transcript/Toast%2C%20Inc._2021-11-09_transcript.pdf%5CToast%2C%20Inc._2021-11-09_transcript.pdf",
        "periodicity": "periodic"
    },
    {
        "equity_ticker": "TOST",
        "geography": "US",
        "content_name": "TOST Q3 2021 Press Release",
        "file_type": "pdf",
        "content_type": "quarterly_report",
        "published_date": "2021-11-09",
        "fiscal_date": "2021-11-09",
        "fiscal_year": 2021,
        "fiscal_quarter": 3,
        "r2_url": "https://pub-2c783279b61043e19fbdadd1bee5153a.r2.dev/TOST/2021-11-09/65cfa-2024-08-30-10-51-52/65cfa-2024-08-30-10-51-52.pdf%5C65cfa-2024-08-30-10-51-52.pdf",
        "periodicity": "periodic"
    },
    {
        "equity_ticker": "TOST",
        "geography": "US",
        "content_name": "TOST Q4 2024 10-K",
        "file_type": "pdf",
        "content_type": "annual_report",
        "published_date": "2025-02-26",
        "fiscal_date": "2024-12-31",
        "fiscal_year": 2024,
        "fiscal_quarter": 4,
        "r2_url": "https://pub-2c783279b61043e19fbdadd1bee5153a.r2.dev/TOST/2025-02-26/tost-20241231.htm%5Ctost-20241231.pdf",
        "periodicity": "periodic"
      },
      {
        "equity_ticker": "TOST",
        "geography": "US",
        "content_name": "TOST Q3 2024 10-Q",
        "file_type": "pdf",
        "content_type": "quarterly_report",
        "published_date": "2024-11-07",
        "fiscal_date": "2024-09-30",
        "fiscal_year": 2024,
        "fiscal_quarter": 3,
        "r2_url": "https://pub-2c783279b61043e19fbdadd1bee5153a.r2.dev/TOST/2024-11-07/tost-20240930.htm%5Ctost-20240930.pdf",
        "periodicity": "periodic"
      },
      {
        "equity_ticker": "TOST",
        "geography": "US",
        "content_name": "TOST Q2 2024 10-Q",
        "file_type": "pdf",
        "content_type": "quarterly_report",
        "published_date": "2024-08-06",
        "fiscal_date": "2024-06-30",
        "fiscal_year": 2024,
        "fiscal_quarter": 2,
        "r2_url": "https://pub-2c783279b61043e19fbdadd1bee5153a.r2.dev/TOST/2024-08-06/tost-20240630.htm%5Ctost-20240630.pdf",
        "periodicity": "periodic"
      },
      {
        "equity_ticker": "TOST",
        "geography": "US",
        "content_name": "TOST Q1 2024 10-Q",
        "file_type": "pdf",
        "content_type": "quarterly_report",
        "published_date": "2024-05-07",
        "fiscal_date": "2024-03-31",
        "fiscal_year": 2024,
        "fiscal_quarter": 1,
        "r2_url": "https://pub-2c783279b61043e19fbdadd1bee5153a.r2.dev/TOST/2024-05-07/tost-20240331.htm%5Ctost-20240331.pdf",
        "periodicity": "periodic"
      },
      {
        "equity_ticker": "TOST",
        "geography": "US",
        "content_name": "TOST Q4 2023 10-K",
        "file_type": "pdf",
        "content_type": "annual_report",
        "published_date": "2024-02-27",
        "fiscal_date": "2023-12-31",
        "fiscal_year": 2023,
        "fiscal_quarter": 4,
        "r2_url": "https://pub-2c783279b61043e19fbdadd1bee5153a.r2.dev/TOST/2024-02-27/tost-20231231.htm%5Ctost-20231231.pdf",
        "periodicity": "periodic"
      },
      {
        "equity_ticker": "TOST",
        "geography": "US",
        "content_name": "TOST Q3 2023 10-Q",
        "file_type": "pdf",
        "content_type": "quarterly_report",
        "published_date": "2023-11-07",
        "fiscal_date": "2023-09-30",
        "fiscal_year": 2023,
        "fiscal_quarter": 3,
        "r2_url": "https://pub-2c783279b61043e19fbdadd1bee5153a.r2.dev/TOST/2023-11-07/tost-20230930.htm%5Ctost-20230930.pdf",
        "periodicity": "periodic"
      },
      {
        "equity_ticker": "TOST",
        "geography": "US",
        "content_name": "TOST Q2 2023 10-Q",
        "file_type": "pdf",
        "content_type": "quarterly_report",
        "published_date": "2023-08-08",
        "fiscal_date": "2023-06-30",
        "fiscal_year": 2023,
        "fiscal_quarter": 2,
        "r2_url": "https://pub-2c783279b61043e19fbdadd1bee5153a.r2.dev/TOST/2023-08-08/tost-20230630.htm%5Ctost-20230630.pdf",
        "periodicity": "periodic"
      },
      {
        "equity_ticker": "TOST",
        "geography": "US",
        "content_name": "TOST Q1 2023 10-Q",
        "file_type": "pdf",
        "content_type": "quarterly_report",
        "published_date": "2023-05-09",
        "fiscal_date": "2023-03-31",
        "fiscal_year": 2023,
        "fiscal_quarter": 1,
        "r2_url": "https://pub-2c783279b61043e19fbdadd1bee5153a.r2.dev/TOST/2023-05-09/tost-20230331.htm%5Ctost-20230331.pdf",
        "periodicity": "periodic"
      },
      {
        "equity_ticker": "TOST",
        "geography": "US",
        "content_name": "TOST Q4 2022 10-K",
        "file_type": "pdf",
        "content_type": "annual_report",
        "published_date": "2023-03-01",
        "fiscal_date": "2022-12-31",
        "fiscal_year": 2022,
        "fiscal_quarter": 4,
        "r2_url": "https://pub-2c783279b61043e19fbdadd1bee5153a.r2.dev/TOST/2023-03-01/tost-20221231.htm%5Ctost-20221231.pdf",
        "periodicity": "periodic"
      },
      {
        "equity_ticker": "TOST",
        "geography": "US",
        "content_name": "TOST Q3 2022 10-Q",
        "file_type": "pdf",
        "content_type": "quarterly_report",
        "published_date": "2022-11-10",
        "fiscal_date": "2022-09-30",
        "fiscal_year": 2022,
        "fiscal_quarter": 3,
        "r2_url": "https://pub-2c783279b61043e19fbdadd1bee5153a.r2.dev/TOST/2022-11-10/tost-20220930.htm%5Ctost-20220930.pdf",
        "periodicity": "periodic"
      },
      {
        "equity_ticker": "TOST",
        "geography": "US",
        "content_name": "TOST Q2 2022 10-Q",
        "file_type": "pdf",
        "content_type": "quarterly_report",
        "published_date": "2022-08-12",
        "fiscal_date": "2022-06-30",
        "fiscal_year": 2022,
        "fiscal_quarter": 2,
        "r2_url": "https://pub-2c783279b61043e19fbdadd1bee5153a.r2.dev/TOST/2022-08-12/tost-20220630.htm%5Ctost-20220630.pdf",
        "periodicity": "periodic"
      },
      {
        "equity_ticker": "TOST",
        "geography": "US",
        "content_name": "TOST Q1 2022 10-Q",
        "file_type": "pdf",
        "content_type": "quarterly_report",
        "published_date": "2022-05-13",
        "fiscal_date": "2022-03-31",
        "fiscal_year": 2022,
        "fiscal_quarter": 1,
        "r2_url": "https://pub-2c783279b61043e19fbdadd1bee5153a.r2.dev/TOST/2022-05-13/tost-20220331.htm%5Ctost-20220331.pdf",
        "periodicity": "periodic"
      },
      {
        "equity_ticker": "TOST",
        "geography": "US",
        "content_name": "TOST Q4 2021 10-K",
        "file_type": "pdf",
        "content_type": "annual_report",
        "published_date": "2022-03-01",
        "fiscal_date": "2021-12-31",
        "fiscal_year": 2021,
        "fiscal_quarter": 4,
        "r2_url": "https://pub-2c783279b61043e19fbdadd1bee5153a.r2.dev/TOST/2022-03-01/tost-20211231.htm%5Cix.pdf",
        "periodicity": "periodic"
      },
      {
        "equity_ticker": "TOST",
        "geography": "US",
        "content_name": "TOST Q3 2021 10-Q",
        "file_type": "pdf",
        "content_type": "quarterly_report",
        "published_date": "2021-11-09",
        "fiscal_date": "2021-09-30",
        "fiscal_year": 2021,
        "fiscal_quarter": 3,
        "r2_url": "https://pub-2c783279b61043e19fbdadd1bee5153a.r2.dev/TOST/2021-11-09/tost-20210930.htm%5Ctost-20210930.pdf",
        "periodicity": "periodic"
      }
]