[
    {
        "equity_ticker": "TWLO",
        "geography": "US",
        "content_name": "Morgan Stanley Technology, Media & Telecom Conference - March 4, 2025",
        "file_type": "pdf",
        "content_type": "sellside_conference_transcript",
        "published_date": "2025-03-04",
        "fiscal_date": "2025-03-04",
        "fiscal_year": null,
        "fiscal_quarter": null,
        "r2_url": "https://pub-2c783279b61043e19fbdadd1bee5153a.r2.dev/TWLO/2025-03-04/Twilio%20Inc._2025-03-04_transcript/Twilio%20Inc._2025-03-04_transcript.pdf%5CTwilio%20Inc._2025-03-04_transcript.pdf",
        "periodicity": "non_periodic"
    },
    {
        "equity_ticker": "TWLO",
        "geography": "US",
        "content_name": "TWLO Q4 2024 Transcript",
        "file_type": "pdf",
        "content_type": "earnings_transcript",
        "published_date": "2025-02-13",
        "fiscal_date": "2025-02-13",
        "fiscal_year": 2024,
        "fiscal_quarter": 4,
        "r2_url": "https://pub-2c783279b61043e19fbdadd1bee5153a.r2.dev/TWLO/2025-02-13/Twilio%20Inc._2025-02-13_transcript/Twilio%20Inc._2025-02-13_transcript.pdf%5CTwilio%20Inc._2025-02-13_transcript.pdf",
        "periodicity": "periodic"
    },
    {
        "equity_ticker": "TWLO",
        "geography": "US",
        "content_name": "TWLO Q4 2024 Press Release",
        "file_type": "pdf",
        "content_type": "earnings_press_release",
        "published_date": "2025-02-13",
        "fiscal_date": "2025-02-13",
        "fiscal_year": 2024,
        "fiscal_quarter": 4,
        "r2_url": "https://pub-2c783279b61043e19fbdadd1bee5153a.r2.dev/TWLO/2025-02-13/35aa0-2025-02-13-09-00-11/35aa0-2025-02-13-09-00-11.pdf%5C35aa0-2025-02-13-09-00-11.pdf",
        "periodicity": "periodic"
    },
    {
        "equity_ticker": "TWLO",
        "geography": "US",
        "content_name": "TWLO Q4 2024 Presentation",
        "file_type": "pdf",
        "content_type": "earnings_presentation",
        "published_date": "2025-02-13",
        "fiscal_date": "2025-02-13",
        "fiscal_year": 2024,
        "fiscal_quarter": 4,
        "r2_url": "https://pub-2c783279b61043e19fbdadd1bee5153a.r2.dev/TWLO/2025-02-13/3c7b0-2025-02-13-09-56-21/3c7b0-2025-02-13-09-56-21.pdf%5C3c7b0-2025-02-13-09-56-21.pdf",
        "periodicity": "periodic"
    },
    {
        "equity_ticker": "TWLO",
        "geography": "US",
        "content_name": "Investor Day 2025 - January 23, 2025",
        "file_type": "pdf",
        "content_type": "company_conference_transcript",
        "published_date": "2025-01-23",
        "fiscal_date": "2025-01-23",
        "fiscal_year": null,
        "fiscal_quarter": null,
        "r2_url": "https://pub-2c783279b61043e19fbdadd1bee5153a.r2.dev/TWLO/2025-01-23/Twilio%20Inc._2025-01-23_transcript/Twilio%20Inc._2025-01-23_transcript.pdf%5CTwilio%20Inc._2025-01-23_transcript.pdf",
        "periodicity": "non_periodic"
    },
    {
        "equity_ticker": "TWLO",
        "geography": "US",
        "content_name": "Barclays 22nd Annual Global Technology Conference 2024 - December 11, 2024",
        "file_type": "pdf",
        "content_type": "sellside_conference_transcript",
        "published_date": "2024-12-11",
        "fiscal_date": "2024-12-11",
        "fiscal_year": null,
        "fiscal_quarter": null,
        "r2_url": "https://pub-2c783279b61043e19fbdadd1bee5153a.r2.dev/TWLO/2024-12-11/Twilio%20Inc._2024-12-11_transcript/Twilio%20Inc._2024-12-11_transcript.pdf%5CTwilio%20Inc._2024-12-11_transcript.pdf",
        "periodicity": "non_periodic"
    },
    {
        "equity_ticker": "TWLO",
        "geography": "US",
        "content_name": "TWLO Q3 2024 Transcript",
        "file_type": "pdf",
        "content_type": "earnings_transcript",
        "published_date": "2024-10-30",
        "fiscal_date": "2024-10-30",
        "fiscal_year": 2024,
        "fiscal_quarter": 3,
        "r2_url": "https://pub-2c783279b61043e19fbdadd1bee5153a.r2.dev/TWLO/2024-10-30/Twilio%20Inc._2024-10-30_transcript/Twilio%20Inc._2024-10-30_transcript.pdf%5CTwilio%20Inc._2024-10-30_transcript.pdf",
        "periodicity": "periodic"
    },
    {
        "equity_ticker": "TWLO",
        "geography": "US",
        "content_name": "TWLO Q3 2024 Press Release",
        "file_type": "pdf",
        "content_type": "earnings_press_release",
        "published_date": "2024-10-30",
        "fiscal_date": "2024-10-30",
        "fiscal_year": 2024,
        "fiscal_quarter": 3,
        "r2_url": "https://pub-2c783279b61043e19fbdadd1bee5153a.r2.dev/TWLO/2024-10-30/41a11-2024-10-30-08-50-13/41a11-2024-10-30-08-50-13.pdf%5C41a11-2024-10-30-08-50-13.pdf",
        "periodicity": "periodic"
    },
    {
        "equity_ticker": "TWLO",
        "geography": "US",
        "content_name": "TWLO Q3 2024 Presentation",
        "file_type": "pdf",
        "content_type": "earnings_presentation",
        "published_date": "2024-10-30",
        "fiscal_date": "2024-10-30",
        "fiscal_year": 2024,
        "fiscal_quarter": 3,
        "r2_url": "https://pub-2c783279b61043e19fbdadd1bee5153a.r2.dev/TWLO/2024-10-30/98bb4-2024-10-30-10-26-06/98bb4-2024-10-30-10-26-06.pdf%5C98bb4-2024-10-30-10-26-06.pdf",
        "periodicity": "periodic"
    },
    {
        "equity_ticker": "TWLO",
        "geography": "US",
        "content_name": "Goldman Sachs Communacopia + Technology Conference - September 9, 2024",
        "file_type": "pdf",
        "content_type": "sellside_conference_transcript",
        "published_date": "2024-09-09",
        "fiscal_date": "2024-09-09",
        "fiscal_year": null,
        "fiscal_quarter": null,
        "r2_url": "https://pub-2c783279b61043e19fbdadd1bee5153a.r2.dev/TWLO/2024-09-09/Twilio%20Inc._2024-09-09_transcript/Twilio%20Inc._2024-09-09_transcript.pdf%5CTwilio%20Inc._2024-09-09_transcript.pdf",
        "periodicity": "non_periodic"
    },
    {
        "equity_ticker": "TWLO",
        "geography": "US",
        "content_name": "TWLO Q2 2024 Transcript",
        "file_type": "pdf",
        "content_type": "earnings_transcript",
        "published_date": "2024-08-01",
        "fiscal_date": "2024-08-01",
        "fiscal_year": 2024,
        "fiscal_quarter": 2,
        "r2_url": "https://pub-2c783279b61043e19fbdadd1bee5153a.r2.dev/TWLO/2024-08-01/Twilio%20Inc._2024-08-01_transcript/Twilio%20Inc._2024-08-01_transcript.pdf%5CTwilio%20Inc._2024-08-01_transcript.pdf",
        "periodicity": "periodic"
    },
    {
        "equity_ticker": "TWLO",
        "geography": "US",
        "content_name": "TWLO Q2 2024 Press Release",
        "file_type": "pdf",
        "content_type": "earnings_press_release",
        "published_date": "2024-08-01",
        "fiscal_date": "2024-08-01",
        "fiscal_year": 2024,
        "fiscal_quarter": 2,
        "r2_url": "https://pub-2c783279b61043e19fbdadd1bee5153a.r2.dev/TWLO/2024-08-01/d25a3-2024-08-01-08-03-10/d25a3-2024-08-01-08-03-10.pdf%5Cd25a3-2024-08-01-08-03-10.pdf",
        "periodicity": "periodic"
    },
    {
        "equity_ticker": "TWLO",
        "geography": "US",
        "content_name": "TWLO Q2 2024 Presentation",
        "file_type": "pdf",
        "content_type": "earnings_presentation",
        "published_date": "2024-08-01",
        "fiscal_date": "2024-08-01",
        "fiscal_year": 2024,
        "fiscal_quarter": 2,
        "r2_url": "https://pub-2c783279b61043e19fbdadd1bee5153a.r2.dev/TWLO/2024-08-01/d7be8-2024-08-01-08-03-10/d7be8-2024-08-01-08-03-10.pdf%5Cd7be8-2024-08-01-08-03-10.pdf",
        "periodicity": "periodic"
    },
    {
        "equity_ticker": "TWLO",
        "geography": "US",
        "content_name": "ASM 2024 - June 6, 2024",
        "file_type": "pdf",
        "content_type": "company_conference_transcript",
        "published_date": "2024-06-06",
        "fiscal_date": "2024-06-06",
        "fiscal_year": null,
        "fiscal_quarter": null,
        "r2_url": "https://pub-2c783279b61043e19fbdadd1bee5153a.r2.dev/TWLO/2024-06-06/Twilio%20Inc._2024-06-06_transcript/Twilio%20Inc._2024-06-06_transcript.pdf%5CTwilio%20Inc._2024-06-06_transcript.pdf",
        "periodicity": "non_periodic"
    },
    {
        "equity_ticker": "TWLO",
        "geography": "US",
        "content_name": "The 52nd J.P. Morgan Annual Global Technology, Media and Communications Conference - May 21, 2024",
        "file_type": "pdf",
        "content_type": "sellside_conference_transcript",
        "published_date": "2024-05-21",
        "fiscal_date": "2024-05-21",
        "fiscal_year": null,
        "fiscal_quarter": null,
        "r2_url": "https://pub-2c783279b61043e19fbdadd1bee5153a.r2.dev/TWLO/2024-05-21/Twilio%20Inc._2024-05-21_transcript/Twilio%20Inc._2024-05-21_transcript.pdf%5CTwilio%20Inc._2024-05-21_transcript.pdf",
        "periodicity": "non_periodic"
    },
    {
        "equity_ticker": "TWLO",
        "geography": "US",
        "content_name": "TWLO Q1 2024 Transcript",
        "file_type": "pdf",
        "content_type": "earnings_transcript",
        "published_date": "2024-05-07",
        "fiscal_date": "2024-05-07",
        "fiscal_year": 2024,
        "fiscal_quarter": 1,
        "r2_url": "https://pub-2c783279b61043e19fbdadd1bee5153a.r2.dev/TWLO/2024-05-07/Twilio%20Inc._2024-05-07_transcript/Twilio%20Inc._2024-05-07_transcript.pdf%5CTwilio%20Inc._2024-05-07_transcript.pdf",
        "periodicity": "periodic"
    },
    {
        "equity_ticker": "TWLO",
        "geography": "US",
        "content_name": "TWLO Q1 2024 Press Release",
        "file_type": "pdf",
        "content_type": "earnings_press_release",
        "published_date": "2024-05-07",
        "fiscal_date": "2024-05-07",
        "fiscal_year": 2024,
        "fiscal_quarter": 1,
        "r2_url": "https://pub-2c783279b61043e19fbdadd1bee5153a.r2.dev/TWLO/2024-05-07/86cf8-2024-05-07-08-41-12/86cf8-2024-05-07-08-41-12.pdf%5C86cf8-2024-05-07-08-41-12.pdf",
        "periodicity": "periodic"
    },
    {
        "equity_ticker": "TWLO",
        "geography": "US",
        "content_name": "TWLO Q1 2024 Presentation",
        "file_type": "pdf",
        "content_type": "earnings_presentation",
        "published_date": "2024-05-07",
        "fiscal_date": "2024-05-07",
        "fiscal_year": 2024,
        "fiscal_quarter": 1,
        "r2_url": "https://pub-2c783279b61043e19fbdadd1bee5153a.r2.dev/TWLO/2024-05-07/5205f-2024-05-07-08-25-12/5205f-2024-05-07-08-25-12.pdf%5C5205f-2024-05-07-08-25-12.pdf",
        "periodicity": "periodic"
    },
    {
        "equity_ticker": "TWLO",
        "geography": "US",
        "content_name": "Morgan Stanley\u2019s Technology, Media & Telecom Conference 2024 - March 7, 2024",
        "file_type": "pdf",
        "content_type": "sellside_conference_transcript",
        "published_date": "2024-03-07",
        "fiscal_date": "2024-03-07",
        "fiscal_year": null,
        "fiscal_quarter": null,
        "r2_url": "https://pub-2c783279b61043e19fbdadd1bee5153a.r2.dev/TWLO/2024-03-07/Twilio%20Inc._2024-03-07_transcript/Twilio%20Inc._2024-03-07_transcript.pdf%5CTwilio%20Inc._2024-03-07_transcript.pdf",
        "periodicity": "non_periodic"
    },
    {
        "equity_ticker": "TWLO",
        "geography": "US",
        "content_name": "TWLO Q4 2023 Transcript",
        "file_type": "pdf",
        "content_type": "earnings_transcript",
        "published_date": "2024-02-14",
        "fiscal_date": "2024-02-14",
        "fiscal_year": 2023,
        "fiscal_quarter": 4,
        "r2_url": "https://pub-2c783279b61043e19fbdadd1bee5153a.r2.dev/TWLO/2024-02-14/Twilio%20Inc._2024-02-14_transcript/Twilio%20Inc._2024-02-14_transcript.pdf%5CTwilio%20Inc._2024-02-14_transcript.pdf",
        "periodicity": "periodic"
    },
    {
        "equity_ticker": "TWLO",
        "geography": "US",
        "content_name": "TWLO Q4 2023 Press Release",
        "file_type": "pdf",
        "content_type": "earnings_press_release",
        "published_date": "2024-02-14",
        "fiscal_date": "2024-02-14",
        "fiscal_year": 2023,
        "fiscal_quarter": 4,
        "r2_url": "https://pub-2c783279b61043e19fbdadd1bee5153a.r2.dev/TWLO/2024-02-14/32ccf-2024-02-14-09-52-17/32ccf-2024-02-14-09-52-17.pdf%5C32ccf-2024-02-14-09-52-17.pdf",
        "periodicity": "periodic"
    },
    {
        "equity_ticker": "TWLO",
        "geography": "US",
        "content_name": "TWLO Q4 2023 Presentation",
        "file_type": "pdf",
        "content_type": "earnings_presentation",
        "published_date": "2024-02-14",
        "fiscal_date": "2024-02-14",
        "fiscal_year": 2023,
        "fiscal_quarter": 4,
        "r2_url": "https://pub-2c783279b61043e19fbdadd1bee5153a.r2.dev/TWLO/2024-02-14/ce828-2024-02-14-09-50-14/ce828-2024-02-14-09-50-14.pdf%5Cce828-2024-02-14-09-50-14.pdf",
        "periodicity": "periodic"
    },
    {
        "equity_ticker": "TWLO",
        "geography": "US",
        "content_name": "2023 UBS Global Technology Conference - November 28, 2023",
        "file_type": "pdf",
        "content_type": "sellside_conference_transcript",
        "published_date": "2023-11-28",
        "fiscal_date": "2023-11-28",
        "fiscal_year": null,
        "fiscal_quarter": null,
        "r2_url": "https://pub-2c783279b61043e19fbdadd1bee5153a.r2.dev/TWLO/2023-11-28/Twilio%20Inc._2023-11-28_transcript/Twilio%20Inc._2023-11-28_transcript.pdf%5CTwilio%20Inc._2023-11-28_transcript.pdf",
        "periodicity": "non_periodic"
    },
    {
        "equity_ticker": "TWLO",
        "geography": "US",
        "content_name": "TWLO Q3 2023 Transcript",
        "file_type": "pdf",
        "content_type": "earnings_transcript",
        "published_date": "2023-11-08",
        "fiscal_date": "2023-11-08",
        "fiscal_year": 2023,
        "fiscal_quarter": 3,
        "r2_url": "https://pub-2c783279b61043e19fbdadd1bee5153a.r2.dev/TWLO/2023-11-08/Twilio%20Inc._2023-11-08_transcript/Twilio%20Inc._2023-11-08_transcript.pdf%5CTwilio%20Inc._2023-11-08_transcript.pdf",
        "periodicity": "periodic"
    },
    {
        "equity_ticker": "TWLO",
        "geography": "US",
        "content_name": "TWLO Q3 2023 Press Release",
        "file_type": "pdf",
        "content_type": "earnings_press_release",
        "published_date": "2023-11-08",
        "fiscal_date": "2023-11-08",
        "fiscal_year": 2023,
        "fiscal_quarter": 3,
        "r2_url": "https://pub-2c783279b61043e19fbdadd1bee5153a.r2.dev/TWLO/2023-11-08/14d77-2023-11-09-06-11-42/14d77-2023-11-09-06-11-42.pdf%5C14d77-2023-11-09-06-11-42.pdf",
        "periodicity": "periodic"
    },
    {
        "equity_ticker": "TWLO",
        "geography": "US",
        "content_name": "TWLO Q3 2023 Presentation",
        "file_type": "pdf",
        "content_type": "earnings_presentation",
        "published_date": "2023-11-08",
        "fiscal_date": "2023-11-08",
        "fiscal_year": 2023,
        "fiscal_quarter": 3,
        "r2_url": "https://pub-2c783279b61043e19fbdadd1bee5153a.r2.dev/TWLO/2023-11-08/45147-2023-11-08-09-03-15/45147-2023-11-08-09-03-15.pdf%5C45147-2023-11-08-09-03-15.pdf",
        "periodicity": "periodic"
    },
    {
        "equity_ticker": "TWLO",
        "geography": "US",
        "content_name": "Goldman Sachs Communacopia & Technology Conference - September 7, 2023",
        "file_type": "pdf",
        "content_type": "sellside_conference_transcript",
        "published_date": "2023-09-07",
        "fiscal_date": "2023-09-07",
        "fiscal_year": null,
        "fiscal_quarter": null,
        "r2_url": "https://pub-2c783279b61043e19fbdadd1bee5153a.r2.dev/TWLO/2023-09-07/Twilio%20Inc._2023-09-07_transcript/Twilio%20Inc._2023-09-07_transcript.pdf%5CTwilio%20Inc._2023-09-07_transcript.pdf",
        "periodicity": "non_periodic"
    },
    {
        "equity_ticker": "TWLO",
        "geography": "US",
        "content_name": "TWLO Q2 2023 Transcript",
        "file_type": "pdf",
        "content_type": "earnings_transcript",
        "published_date": "2023-08-08",
        "fiscal_date": "2023-08-08",
        "fiscal_year": 2023,
        "fiscal_quarter": 2,
        "r2_url": "https://pub-2c783279b61043e19fbdadd1bee5153a.r2.dev/TWLO/2023-08-08/Twilio%20Inc._2023-08-08_transcript/Twilio%20Inc._2023-08-08_transcript.pdf%5CTwilio%20Inc._2023-08-08_transcript.pdf",
        "periodicity": "periodic"
    },
    {
        "equity_ticker": "TWLO",
        "geography": "US",
        "content_name": "TWLO Q2 2023 Press Release",
        "file_type": "pdf",
        "content_type": "earnings_press_release",
        "published_date": "2023-08-08",
        "fiscal_date": "2023-08-08",
        "fiscal_year": 2023,
        "fiscal_quarter": 2,
        "r2_url": "https://pub-2c783279b61043e19fbdadd1bee5153a.r2.dev/TWLO/2023-08-08/aaf3a-2023-08-08-11-16-53/aaf3a-2023-08-08-11-16-53.pdf%5Caaf3a-2023-08-08-11-16-53.pdf",
        "periodicity": "periodic"
    },
    {
        "equity_ticker": "TWLO",
        "geography": "US",
        "content_name": "TWLO Q2 2023 Presentation",
        "file_type": "pdf",
        "content_type": "earnings_presentation",
        "published_date": "2023-08-08",
        "fiscal_date": "2023-08-08",
        "fiscal_year": 2023,
        "fiscal_quarter": 2,
        "r2_url": "https://pub-2c783279b61043e19fbdadd1bee5153a.r2.dev/TWLO/2023-08-08/15087-2023-08-08-11-16-53/15087-2023-08-08-11-16-53.pdf%5C15087-2023-08-08-11-16-53.pdf",
        "periodicity": "periodic"
    },
    {
        "equity_ticker": "TWLO",
        "geography": "US",
        "content_name": "51st Annual J.P. Morgan\u2019s Global Technology, Media and Communications Conference 2023 - May 22, 2023",
        "file_type": "pdf",
        "content_type": "sellside_conference_transcript",
        "published_date": "2023-05-22",
        "fiscal_date": "2023-05-22",
        "fiscal_year": null,
        "fiscal_quarter": null,
        "r2_url": "https://pub-2c783279b61043e19fbdadd1bee5153a.r2.dev/TWLO/2023-05-22/Twilio%20Inc._2023-05-22_transcript/Twilio%20Inc._2023-05-22_transcript.pdf%5CTwilio%20Inc._2023-05-22_transcript.pdf",
        "periodicity": "non_periodic"
    },
    {
        "equity_ticker": "TWLO",
        "geography": "US",
        "content_name": "TWLO Q1 2023 Transcript",
        "file_type": "pdf",
        "content_type": "earnings_transcript",
        "published_date": "2023-05-09",
        "fiscal_date": "2023-05-09",
        "fiscal_year": 2023,
        "fiscal_quarter": 1,
        "r2_url": "https://pub-2c783279b61043e19fbdadd1bee5153a.r2.dev/TWLO/2023-05-09/Twilio%20Inc._2023-05-09_transcript/Twilio%20Inc._2023-05-09_transcript.pdf%5CTwilio%20Inc._2023-05-09_transcript.pdf",
        "periodicity": "periodic"
    },
    {
        "equity_ticker": "TWLO",
        "geography": "US",
        "content_name": "TWLO Q1 2023 Press Release",
        "file_type": "pdf",
        "content_type": "earnings_press_release",
        "published_date": "2023-05-09",
        "fiscal_date": "2023-05-09",
        "fiscal_year": 2023,
        "fiscal_quarter": 1,
        "r2_url": "https://pub-2c783279b61043e19fbdadd1bee5153a.r2.dev/TWLO/2023-05-09/1474d-2023-05-09-08-24-17/1474d-2023-05-09-08-24-17.pdf%5C1474d-2023-05-09-08-24-17.pdf",
        "periodicity": "periodic"
    },
    {
        "equity_ticker": "TWLO",
        "geography": "US",
        "content_name": "TWLO Q1 2023 Presentation",
        "file_type": "pdf",
        "content_type": "earnings_presentation",
        "published_date": "2023-05-09",
        "fiscal_date": "2023-05-09",
        "fiscal_year": 2023,
        "fiscal_quarter": 1,
        "r2_url": "https://pub-2c783279b61043e19fbdadd1bee5153a.r2.dev/TWLO/2023-05-09/235b0-2023-05-09-08-46-17/235b0-2023-05-09-08-46-17.pdf%5C235b0-2023-05-09-08-46-17.pdf",
        "periodicity": "periodic"
    },
    {
        "equity_ticker": "TWLO",
        "geography": "US",
        "content_name": "Morgan Stanley Technology, Media & Telecom Conference - March 8, 2023",
        "file_type": "pdf",
        "content_type": "sellside_conference_transcript",
        "published_date": "2023-03-08",
        "fiscal_date": "2023-03-08",
        "fiscal_year": null,
        "fiscal_quarter": null,
        "r2_url": "https://pub-2c783279b61043e19fbdadd1bee5153a.r2.dev/TWLO/2023-03-08/Twilio%20Inc._2023-03-08_transcript/Twilio%20Inc._2023-03-08_transcript.pdf%5CTwilio%20Inc._2023-03-08_transcript.pdf",
        "periodicity": "non_periodic"
    },
    {
        "equity_ticker": "TWLO",
        "geography": "US",
        "content_name": "TWLO Q4 2022 Transcript",
        "file_type": "pdf",
        "content_type": "earnings_transcript",
        "published_date": "2023-02-15",
        "fiscal_date": "2023-02-15",
        "fiscal_year": 2022,
        "fiscal_quarter": 4,
        "r2_url": "https://pub-2c783279b61043e19fbdadd1bee5153a.r2.dev/TWLO/2023-02-15/Twilio%20Inc._2023-02-15_transcript/Twilio%20Inc._2023-02-15_transcript.pdf%5CTwilio%20Inc._2023-02-15_transcript.pdf",
        "periodicity": "periodic"
    },
    {
        "equity_ticker": "TWLO",
        "geography": "US",
        "content_name": "TWLO Q4 2022 Press Release",
        "file_type": "pdf",
        "content_type": "earnings_press_release",
        "published_date": "2023-02-15",
        "fiscal_date": "2023-02-15",
        "fiscal_year": 2022,
        "fiscal_quarter": 4,
        "r2_url": "https://pub-2c783279b61043e19fbdadd1bee5153a.r2.dev/TWLO/2023-02-15/ccd6e-2023-03-21-12-48-20/ccd6e-2023-03-21-12-48-20.pdf%5Cccd6e-2023-03-21-12-48-20.pdf",
        "periodicity": "periodic"
    },
    {
        "equity_ticker": "TWLO",
        "geography": "US",
        "content_name": "TWLO Q4 2022 Presentation",
        "file_type": "pdf",
        "content_type": "earnings_presentation",
        "published_date": "2023-02-15",
        "fiscal_date": "2023-02-15",
        "fiscal_year": 2022,
        "fiscal_quarter": 4,
        "r2_url": "https://pub-2c783279b61043e19fbdadd1bee5153a.r2.dev/TWLO/2023-02-15/bca34-2023-02-15-09-47-12/bca34-2023-02-15-09-47-12.pdf%5Cbca34-2023-02-15-09-47-12.pdf",
        "periodicity": "periodic"
    },
    {
        "equity_ticker": "TWLO",
        "geography": "US",
        "content_name": "TWLO Q3 2022 Transcript",
        "file_type": "pdf",
        "content_type": "earnings_transcript",
        "published_date": "2022-11-03",
        "fiscal_date": "2022-11-03",
        "fiscal_year": 2022,
        "fiscal_quarter": 3,
        "r2_url": "https://pub-2c783279b61043e19fbdadd1bee5153a.r2.dev/TWLO/2022-11-03/Twilio%20Inc._2022-11-03_transcript/Twilio%20Inc._2022-11-03_transcript.pdf%5CTwilio%20Inc._2022-11-03_transcript.pdf",
        "periodicity": "periodic"
    },
    {
        "equity_ticker": "TWLO",
        "geography": "US",
        "content_name": "TWLO Q3 2022 Press Release",
        "file_type": "pdf",
        "content_type": "quarterly_report",
        "published_date": "2022-11-03",
        "fiscal_date": "2022-11-03",
        "fiscal_year": 2022,
        "fiscal_quarter": 3,
        "r2_url": "https://pub-2c783279b61043e19fbdadd1bee5153a.r2.dev/TWLO/2022-11-03/a9fd8-2024-08-29-09-56-55/a9fd8-2024-08-29-09-56-55.pdf%5Ca9fd8-2024-08-29-09-56-55.pdf",
        "periodicity": "periodic"
    },
    {
        "equity_ticker": "TWLO",
        "geography": "US",
        "content_name": "TWLO Q2 2022 Transcript",
        "file_type": "pdf",
        "content_type": "earnings_transcript",
        "published_date": "2022-08-04",
        "fiscal_date": "2022-08-04",
        "fiscal_year": 2022,
        "fiscal_quarter": 2,
        "r2_url": "https://pub-2c783279b61043e19fbdadd1bee5153a.r2.dev/TWLO/2022-08-04/Twilio%20Inc._2022-08-04_transcript/Twilio%20Inc._2022-08-04_transcript.pdf%5CTwilio%20Inc._2022-08-04_transcript.pdf",
        "periodicity": "periodic"
    },
    {
        "equity_ticker": "TWLO",
        "geography": "US",
        "content_name": "TWLO Q2 2022 Press Release",
        "file_type": "pdf",
        "content_type": "quarterly_report",
        "published_date": "2022-08-04",
        "fiscal_date": "2022-08-04",
        "fiscal_year": 2022,
        "fiscal_quarter": 2,
        "r2_url": "https://pub-2c783279b61043e19fbdadd1bee5153a.r2.dev/TWLO/2022-08-04/40700-2024-08-29-09-47-55/40700-2024-08-29-09-47-55.pdf%5C40700-2024-08-29-09-47-55.pdf",
        "periodicity": "periodic"
    },
    {
        "equity_ticker": "TWLO",
        "geography": "US",
        "content_name": "TWLO Q2 2022 Presentation",
        "file_type": "pdf",
        "content_type": "earnings_presentation",
        "published_date": "2022-08-04",
        "fiscal_date": "2022-08-04",
        "fiscal_year": 2022,
        "fiscal_quarter": 2,
        "r2_url": "https://pub-2c783279b61043e19fbdadd1bee5153a.r2.dev/TWLO/2022-08-04/1c7c1-2022-08-04-08-57-48/1c7c1-2022-08-04-08-57-48.pdf%5C1c7c1-2022-08-04-08-57-48.pdf",
        "periodicity": "periodic"
    },
    {
        "equity_ticker": "TWLO",
        "geography": "US",
        "content_name": "TWLO Q1 2022 Transcript",
        "file_type": "pdf",
        "content_type": "earnings_transcript",
        "published_date": "2022-05-04",
        "fiscal_date": "2022-05-04",
        "fiscal_year": 2022,
        "fiscal_quarter": 1,
        "r2_url": "https://pub-2c783279b61043e19fbdadd1bee5153a.r2.dev/TWLO/2022-05-04/Twilio%20Inc._2022-05-04_transcript/Twilio%20Inc._2022-05-04_transcript.pdf%5CTwilio%20Inc._2022-05-04_transcript.pdf",
        "periodicity": "periodic"
    },
    {
        "equity_ticker": "TWLO",
        "geography": "US",
        "content_name": "TWLO Q1 2022 Press Release",
        "file_type": "pdf",
        "content_type": "quarterly_report",
        "published_date": "2022-05-04",
        "fiscal_date": "2022-05-04",
        "fiscal_year": 2022,
        "fiscal_quarter": 1,
        "r2_url": "https://pub-2c783279b61043e19fbdadd1bee5153a.r2.dev/TWLO/2022-05-04/f1526-2024-08-29-09-51-55/f1526-2024-08-29-09-51-55.pdf%5Cf1526-2024-08-29-09-51-55.pdf",
        "periodicity": "periodic"
    },
    {
        "equity_ticker": "TWLO",
        "geography": "US",
        "content_name": "TWLO Q1 2022 Presentation",
        "file_type": "pdf",
        "content_type": "earnings_presentation",
        "published_date": "2022-05-04",
        "fiscal_date": "2022-05-04",
        "fiscal_year": 2022,
        "fiscal_quarter": 1,
        "r2_url": "https://pub-2c783279b61043e19fbdadd1bee5153a.r2.dev/TWLO/2022-05-04/097ca-2022-05-04-10-38-02-migrated/097ca-2022-05-04-10-38-02-migrated.pdf%5C097ca-2022-05-04-10-38-02-migrated.pdf",
        "periodicity": "periodic"
    },
    {
        "equity_ticker": "TWLO",
        "geography": "US",
        "content_name": "TWLO Q4 2021 Transcript",
        "file_type": "pdf",
        "content_type": "earnings_transcript",
        "published_date": "2022-02-09",
        "fiscal_date": "2022-02-09",
        "fiscal_year": 2021,
        "fiscal_quarter": 4,
        "r2_url": "https://pub-2c783279b61043e19fbdadd1bee5153a.r2.dev/TWLO/2022-02-09/Twilio%20Inc._2022-02-09_transcript/Twilio%20Inc._2022-02-09_transcript.pdf%5CTwilio%20Inc._2022-02-09_transcript.pdf",
        "periodicity": "periodic"
    },
    {
        "equity_ticker": "TWLO",
        "geography": "US",
        "content_name": "TWLO Q4 2021 Press Release",
        "file_type": "pdf",
        "content_type": "earnings_press_release",
        "published_date": "2022-02-09",
        "fiscal_date": "2022-02-09",
        "fiscal_year": 2021,
        "fiscal_quarter": 4,
        "r2_url": "https://pub-2c783279b61043e19fbdadd1bee5153a.r2.dev/TWLO/2022-02-09/e5a29-2025-03-10-01-29-24/e5a29-2025-03-10-01-29-24.pdf%5Ce5a29-2025-03-10-01-29-24.pdf",
        "periodicity": "periodic"
    },
    {
        "equity_ticker": "TWLO",
        "geography": "US",
        "content_name": "TWLO Q4 2021 Presentation",
        "file_type": "pdf",
        "content_type": "earnings_presentation",
        "published_date": "2022-02-09",
        "fiscal_date": "2022-02-09",
        "fiscal_year": 2021,
        "fiscal_quarter": 4,
        "r2_url": "https://pub-2c783279b61043e19fbdadd1bee5153a.r2.dev/TWLO/2022-02-09/c7b99-2022-02-09-03-21-34-migrated/c7b99-2022-02-09-03-21-34-migrated.pdf%5Cc7b99-2022-02-09-03-21-34-migrated.pdf",
        "periodicity": "periodic"
    },
    {
        "equity_ticker": "TWLO",
        "geography": "US",
        "content_name": "Investor Update - December 14, 2021",
        "file_type": "pdf",
        "content_type": "company_conference_transcript",
        "published_date": "2021-12-14",
        "fiscal_date": "2021-12-14",
        "fiscal_year": null,
        "fiscal_quarter": null,
        "r2_url": "https://pub-2c783279b61043e19fbdadd1bee5153a.r2.dev/TWLO/2021-12-14/Twilio%20Inc._2021-12-14_transcript/Twilio%20Inc._2021-12-14_transcript.pdf%5CTwilio%20Inc._2021-12-14_transcript.pdf",
        "periodicity": "non_periodic"
    },
    {
        "equity_ticker": "TWLO",
        "geography": "US",
        "content_name": "Fireside Chat - November 16, 2021",
        "file_type": "pdf",
        "content_type": "company_conference_transcript",
        "published_date": "2021-11-16",
        "fiscal_date": "2021-11-16",
        "fiscal_year": null,
        "fiscal_quarter": null,
        "r2_url": "https://pub-2c783279b61043e19fbdadd1bee5153a.r2.dev/TWLO/2021-11-16/Twilio%20Inc._2021-11-16_transcript/Twilio%20Inc._2021-11-16_transcript.pdf%5CTwilio%20Inc._2021-11-16_transcript.pdf",
        "periodicity": "non_periodic"
    },
    {
        "equity_ticker": "TWLO",
        "geography": "US",
        "content_name": "TWLO Q3 2021 Transcript",
        "file_type": "pdf",
        "content_type": "earnings_transcript",
        "published_date": "2021-10-27",
        "fiscal_date": "2021-10-27",
        "fiscal_year": 2021,
        "fiscal_quarter": 3,
        "r2_url": "https://pub-2c783279b61043e19fbdadd1bee5153a.r2.dev/TWLO/2021-10-27/Twilio%20Inc._2021-10-27_transcript/Twilio%20Inc._2021-10-27_transcript.pdf%5CTwilio%20Inc._2021-10-27_transcript.pdf",
        "periodicity": "periodic"
    },
    {
        "equity_ticker": "TWLO",
        "geography": "US",
        "content_name": "TWLO Q3 2021 Press Release",
        "file_type": "pdf",
        "content_type": "quarterly_report",
        "published_date": "2021-10-27",
        "fiscal_date": "2021-10-27",
        "fiscal_year": 2021,
        "fiscal_quarter": 3,
        "r2_url": "https://pub-2c783279b61043e19fbdadd1bee5153a.r2.dev/TWLO/2021-10-27/56550-2024-08-29-09-56-55/56550-2024-08-29-09-56-55.pdf%5C56550-2024-08-29-09-56-55.pdf",
        "periodicity": "periodic"
    },
    {
        "equity_ticker": "TWLO",
        "geography": "US",
        "content_name": "TWLO Q3 2021 Presentation",
        "file_type": "pdf",
        "content_type": "earnings_presentation",
        "published_date": "2021-10-27",
        "fiscal_date": "2021-10-27",
        "fiscal_year": 2021,
        "fiscal_quarter": 3,
        "r2_url": "https://pub-2c783279b61043e19fbdadd1bee5153a.r2.dev/TWLO/2021-10-27/7c9a0-2021-10-27-12-00-00-migrated/7c9a0-2021-10-27-12-00-00-migrated.pdf%5C7c9a0-2021-10-27-12-00-00-migrated.pdf",
        "periodicity": "periodic"
    },
    {
        "equity_ticker": "TWLO",
        "geography": "US",
        "content_name": "TWLO Q2 2021 Transcript",
        "file_type": "pdf",
        "content_type": "earnings_transcript",
        "published_date": "2021-07-29",
        "fiscal_date": "2021-07-29",
        "fiscal_year": 2021,
        "fiscal_quarter": 2,
        "r2_url": "https://pub-2c783279b61043e19fbdadd1bee5153a.r2.dev/TWLO/2021-07-29/Twilio%20Inc._2021-07-29_transcript/Twilio%20Inc._2021-07-29_transcript.pdf%5CTwilio%20Inc._2021-07-29_transcript.pdf",
        "periodicity": "periodic"
    },
    {
        "equity_ticker": "TWLO",
        "geography": "US",
        "content_name": "TWLO Q2 2021 Press Release",
        "file_type": "pdf",
        "content_type": "earnings_press_release",
        "published_date": "2021-07-29",
        "fiscal_date": "2021-07-29",
        "fiscal_year": 2021,
        "fiscal_quarter": 2,
        "r2_url": "https://pub-2c783279b61043e19fbdadd1bee5153a.r2.dev/TWLO/2021-07-29/8ad92-2023-07-12-01-44-28/8ad92-2023-07-12-01-44-28.pdf%5C8ad92-2023-07-12-01-44-28.pdf",
        "periodicity": "periodic"
    },
    {
        "equity_ticker": "TWLO",
        "geography": "US",
        "content_name": "TWLO Q2 2021 Presentation",
        "file_type": "pdf",
        "content_type": "earnings_presentation",
        "published_date": "2021-07-29",
        "fiscal_date": "2021-07-29",
        "fiscal_year": 2021,
        "fiscal_quarter": 2,
        "r2_url": "https://pub-2c783279b61043e19fbdadd1bee5153a.r2.dev/TWLO/2021-07-29/f909d-2021-07-29-12-00-06-migrated/f909d-2021-07-29-12-00-06-migrated.pdf%5Cf909d-2021-07-29-12-00-06-migrated.pdf",
        "periodicity": "periodic"
    },
    {
        "equity_ticker": "TWLO",
        "geography": "US",
        "content_name": "TWLO Q1 2021 Transcript",
        "file_type": "pdf",
        "content_type": "earnings_transcript",
        "published_date": "2021-05-05",
        "fiscal_date": "2021-05-05",
        "fiscal_year": 2021,
        "fiscal_quarter": 1,
        "r2_url": "https://pub-2c783279b61043e19fbdadd1bee5153a.r2.dev/TWLO/2021-05-05/Twilio%20Inc._2021-05-05_transcript/Twilio%20Inc._2021-05-05_transcript.pdf%5CTwilio%20Inc._2021-05-05_transcript.pdf",
        "periodicity": "periodic"
    },
    {
        "equity_ticker": "TWLO",
        "geography": "US",
        "content_name": "TWLO Q1 2021 Press Release",
        "file_type": "pdf",
        "content_type": "quarterly_report",
        "published_date": "2021-05-05",
        "fiscal_date": "2021-05-05",
        "fiscal_year": 2021,
        "fiscal_quarter": 1,
        "r2_url": "https://pub-2c783279b61043e19fbdadd1bee5153a.r2.dev/TWLO/2021-05-05/7ed15-2024-08-29-09-02-56/7ed15-2024-08-29-09-02-56.pdf%5C7ed15-2024-08-29-09-02-56.pdf",
        "periodicity": "periodic"
    },
    {
        "equity_ticker": "TWLO",
        "geography": "US",
        "content_name": "TWLO Q1 2021 Presentation",
        "file_type": "pdf",
        "content_type": "earnings_presentation",
        "published_date": "2021-05-05",
        "fiscal_date": "2021-05-05",
        "fiscal_year": 2021,
        "fiscal_quarter": 1,
        "r2_url": "https://pub-2c783279b61043e19fbdadd1bee5153a.r2.dev/TWLO/2021-05-05/16559-2021-05-05-09-13-49-migrated/16559-2021-05-05-09-13-49-migrated.pdf%5C16559-2021-05-05-09-13-49-migrated.pdf",
        "periodicity": "periodic"
    },
    {
        "equity_ticker": "TWLO",
        "geography": "US",
        "content_name": "TWLO Q4 2020 Transcript",
        "file_type": "pdf",
        "content_type": "earnings_transcript",
        "published_date": "2021-02-17",
        "fiscal_date": "2021-02-17",
        "fiscal_year": 2020,
        "fiscal_quarter": 4,
        "r2_url": "https://pub-2c783279b61043e19fbdadd1bee5153a.r2.dev/TWLO/2021-02-17/Twilio%20Inc._2021-02-17_transcript/Twilio%20Inc._2021-02-17_transcript.pdf%5CTwilio%20Inc._2021-02-17_transcript.pdf",
        "periodicity": "periodic"
    },
    {
        "equity_ticker": "TWLO",
        "geography": "US",
        "content_name": "TWLO Q4 2020 Press Release",
        "file_type": "pdf",
        "content_type": "earnings_press_release",
        "published_date": "2021-02-17",
        "fiscal_date": "2021-02-17",
        "fiscal_year": 2020,
        "fiscal_quarter": 4,
        "r2_url": "https://pub-2c783279b61043e19fbdadd1bee5153a.r2.dev/TWLO/2021-02-17/7bce3-2025-03-10-01-18-25/7bce3-2025-03-10-01-18-25.pdf%5C7bce3-2025-03-10-01-18-25.pdf",
        "periodicity": "periodic"
    },
    {
        "equity_ticker": "TWLO",
        "geography": "US",
        "content_name": "TWLO Q4 2020 Presentation",
        "file_type": "pdf",
        "content_type": "earnings_presentation",
        "published_date": "2021-02-17",
        "fiscal_date": "2021-02-17",
        "fiscal_year": 2020,
        "fiscal_quarter": 4,
        "r2_url": "https://pub-2c783279b61043e19fbdadd1bee5153a.r2.dev/TWLO/2021-02-17/84887-2022-06-27-06-52-38/84887-2022-06-27-06-52-38.pdf%5C84887-2022-06-27-06-52-38.pdf",
        "periodicity": "periodic"
    },
    {
        "equity_ticker": "TWLO",
        "geography": "US",
        "content_name": "TWLO Q3 2020 Transcript",
        "file_type": "pdf",
        "content_type": "earnings_transcript",
        "published_date": "2020-10-26",
        "fiscal_date": "2020-10-26",
        "fiscal_year": 2020,
        "fiscal_quarter": 3,
        "r2_url": "https://pub-2c783279b61043e19fbdadd1bee5153a.r2.dev/TWLO/2020-10-26/Twilio%20Inc._2020-10-26_transcript/Twilio%20Inc._2020-10-26_transcript.pdf%5CTwilio%20Inc._2020-10-26_transcript.pdf",
        "periodicity": "periodic"
    },
    {
        "equity_ticker": "TWLO",
        "geography": "US",
        "content_name": "TWLO Q3 2020 Press Release",
        "file_type": "pdf",
        "content_type": "quarterly_report",
        "published_date": "2020-10-26",
        "fiscal_date": "2020-10-26",
        "fiscal_year": 2020,
        "fiscal_quarter": 3,
        "r2_url": "https://pub-2c783279b61043e19fbdadd1bee5153a.r2.dev/TWLO/2020-10-26/d2479-2024-08-29-09-57-55/d2479-2024-08-29-09-57-55.pdf%5Cd2479-2024-08-29-09-57-55.pdf",
        "periodicity": "periodic"
    },
    {
        "equity_ticker": "TWLO",
        "geography": "US",
        "content_name": "TWLO Q3 2020 Presentation",
        "file_type": "pdf",
        "content_type": "earnings_presentation",
        "published_date": "2020-10-26",
        "fiscal_date": "2020-10-26",
        "fiscal_year": 2020,
        "fiscal_quarter": 3,
        "r2_url": "https://pub-2c783279b61043e19fbdadd1bee5153a.r2.dev/TWLO/2020-10-26/26d6b-2022-06-27-06-03-41/26d6b-2022-06-27-06-03-41.pdf%5C26d6b-2022-06-27-06-03-41.pdf",
        "periodicity": "periodic"
    },
    {
        "equity_ticker": "TWLO",
        "geography": "US",
        "content_name": "M&A Announcement - October 12, 2020",
        "file_type": "pdf",
        "content_type": "company_conference_transcript",
        "published_date": "2020-10-12",
        "fiscal_date": "2020-10-12",
        "fiscal_year": null,
        "fiscal_quarter": null,
        "r2_url": "https://pub-2c783279b61043e19fbdadd1bee5153a.r2.dev/TWLO/2020-10-12/Twilio%20Inc._2020-10-12_transcript/Twilio%20Inc._2020-10-12_transcript.pdf%5CTwilio%20Inc._2020-10-12_transcript.pdf",
        "periodicity": "non_periodic"
    },
    {
        "equity_ticker": "TWLO",
        "geography": "US",
        "content_name": "M&A Announcement - October 12, 2020",
        "file_type": "pdf",
        "content_type": "company_conference_presentation",
        "published_date": "2020-10-12",
        "fiscal_date": "2020-10-12",
        "fiscal_year": null,
        "fiscal_quarter": null,
        "r2_url": "https://pub-2c783279b61043e19fbdadd1bee5153a.r2.dev/TWLO/2020-10-12/c022e-2023-04-03-02-27-00/c022e-2023-04-03-02-27-00.pdf%5Cc022e-2023-04-03-02-27-00.pdf",
        "periodicity": "non_periodic"
    },
    {
        "equity_ticker": "TWLO",
        "geography": "US",
        "content_name": "Investor Day 2020 - October 1, 2020",
        "file_type": "pdf",
        "content_type": "company_conference_transcript",
        "published_date": "2020-10-01",
        "fiscal_date": "2020-10-01",
        "fiscal_year": null,
        "fiscal_quarter": null,
        "r2_url": "https://pub-2c783279b61043e19fbdadd1bee5153a.r2.dev/TWLO/2020-10-01/Twilio%20Inc._2020-10-01_transcript/Twilio%20Inc._2020-10-01_transcript.pdf%5CTwilio%20Inc._2020-10-01_transcript.pdf",
        "periodicity": "non_periodic"
    },
    {
        "equity_ticker": "TWLO",
        "geography": "US",
        "content_name": "Investor Day 2020 - October 1, 2020",
        "file_type": "pdf",
        "content_type": "company_conference_presentation",
        "published_date": "2020-10-01",
        "fiscal_date": "2020-10-01",
        "fiscal_year": null,
        "fiscal_quarter": null,
        "r2_url": "https://pub-2c783279b61043e19fbdadd1bee5153a.r2.dev/TWLO/2020-10-01/b12cc-2022-06-27-06-58-34/b12cc-2022-06-27-06-58-34.pdf%5Cb12cc-2022-06-27-06-58-34.pdf",
        "periodicity": "non_periodic"
    },
    {
        "equity_ticker": "TWLO",
        "geography": "US",
        "content_name": "TWLO Q2 2020 Transcript",
        "file_type": "pdf",
        "content_type": "earnings_transcript",
        "published_date": "2020-08-04",
        "fiscal_date": "2020-08-04",
        "fiscal_year": 2020,
        "fiscal_quarter": 2,
        "r2_url": "https://pub-2c783279b61043e19fbdadd1bee5153a.r2.dev/TWLO/2020-08-04/Twilio%20Inc._2020-08-04_transcript/Twilio%20Inc._2020-08-04_transcript.pdf%5CTwilio%20Inc._2020-08-04_transcript.pdf",
        "periodicity": "periodic"
    },
    {
        "equity_ticker": "TWLO",
        "geography": "US",
        "content_name": "TWLO Q2 2020 Press Release",
        "file_type": "pdf",
        "content_type": "quarterly_report",
        "published_date": "2020-08-04",
        "fiscal_date": "2020-08-04",
        "fiscal_year": 2020,
        "fiscal_quarter": 2,
        "r2_url": "https://pub-2c783279b61043e19fbdadd1bee5153a.r2.dev/TWLO/2020-08-04/881bc-2024-08-29-09-02-56/881bc-2024-08-29-09-02-56.pdf%5C881bc-2024-08-29-09-02-56.pdf",
        "periodicity": "periodic"
    },
    {
        "equity_ticker": "TWLO",
        "geography": "US",
        "content_name": "TWLO Q2 2020 Presentation",
        "file_type": "pdf",
        "content_type": "earnings_presentation",
        "published_date": "2020-08-04",
        "fiscal_date": "2020-08-04",
        "fiscal_year": 2020,
        "fiscal_quarter": 2,
        "r2_url": "https://pub-2c783279b61043e19fbdadd1bee5153a.r2.dev/TWLO/2020-08-04/76ceb-2022-06-27-06-37-42/76ceb-2022-06-27-06-37-42.pdf%5C76ceb-2022-06-27-06-37-42.pdf",
        "periodicity": "periodic"
    },
    {
        "equity_ticker": "TWLO",
        "geography": "US",
        "content_name": "ASM 2020 - June 3, 2020",
        "file_type": "pdf",
        "content_type": "company_conference_transcript",
        "published_date": "2020-06-03",
        "fiscal_date": "2020-06-03",
        "fiscal_year": null,
        "fiscal_quarter": null,
        "r2_url": "https://pub-2c783279b61043e19fbdadd1bee5153a.r2.dev/TWLO/2020-06-03/Twilio%20Inc._2020-06-03_transcript/Twilio%20Inc._2020-06-03_transcript.pdf%5CTwilio%20Inc._2020-06-03_transcript.pdf",
        "periodicity": "non_periodic"
    },
    {
        "equity_ticker": "TWLO",
        "geography": "US",
        "content_name": "TWLO Q1 2020 Transcript",
        "file_type": "pdf",
        "content_type": "earnings_transcript",
        "published_date": "2020-05-06",
        "fiscal_date": "2020-05-06",
        "fiscal_year": 2020,
        "fiscal_quarter": 1,
        "r2_url": "https://pub-2c783279b61043e19fbdadd1bee5153a.r2.dev/TWLO/2020-05-06/Twilio%20Inc._2020-05-06_transcript/Twilio%20Inc._2020-05-06_transcript.pdf%5CTwilio%20Inc._2020-05-06_transcript.pdf",
        "periodicity": "periodic"
    },
    {
        "equity_ticker": "TWLO",
        "geography": "US",
        "content_name": "TWLO Q1 2020 Press Release",
        "file_type": "pdf",
        "content_type": "quarterly_report",
        "published_date": "2020-05-06",
        "fiscal_date": "2020-05-06",
        "fiscal_year": 2020,
        "fiscal_quarter": 1,
        "r2_url": "https://pub-2c783279b61043e19fbdadd1bee5153a.r2.dev/TWLO/2020-05-06/68675-2024-08-29-09-14-56/68675-2024-08-29-09-14-56.pdf%5C68675-2024-08-29-09-14-56.pdf",
        "periodicity": "periodic"
    },
    {
        "equity_ticker": "TWLO",
        "geography": "US",
        "content_name": "TWLO Q1 2020 Presentation",
        "file_type": "pdf",
        "content_type": "earnings_presentation",
        "published_date": "2020-05-06",
        "fiscal_date": "2020-05-06",
        "fiscal_year": 2020,
        "fiscal_quarter": 1,
        "r2_url": "https://pub-2c783279b61043e19fbdadd1bee5153a.r2.dev/TWLO/2020-05-06/1b5b6-2023-04-03-02-54-04/1b5b6-2023-04-03-02-54-04.pdf%5C1b5b6-2023-04-03-02-54-04.pdf",
        "periodicity": "periodic"
    },
    {
        "equity_ticker": "TWLO",
        "geography": "US",
        "content_name": "TWLO Q4 2019 Transcript",
        "file_type": "pdf",
        "content_type": "earnings_transcript",
        "published_date": "2020-02-05",
        "fiscal_date": "2020-02-05",
        "fiscal_year": 2019,
        "fiscal_quarter": 4,
        "r2_url": "https://pub-2c783279b61043e19fbdadd1bee5153a.r2.dev/TWLO/2020-02-05/Twilio%20Inc._2020-02-05_transcript/Twilio%20Inc._2020-02-05_transcript.pdf%5CTwilio%20Inc._2020-02-05_transcript.pdf",
        "periodicity": "periodic"
    },
    {
        "equity_ticker": "TWLO",
        "geography": "US",
        "content_name": "TWLO Q4 2019 Press Release",
        "file_type": "pdf",
        "content_type": "earnings_press_release",
        "published_date": "2020-02-05",
        "fiscal_date": "2020-02-05",
        "fiscal_year": 2019,
        "fiscal_quarter": 4,
        "r2_url": "https://pub-2c783279b61043e19fbdadd1bee5153a.r2.dev/TWLO/2020-02-05/94b60-2025-03-10-01-52-26/94b60-2025-03-10-01-52-26.pdf%5C94b60-2025-03-10-01-52-26.pdf",
        "periodicity": "periodic"
    },
    {
        "equity_ticker": "TWLO",
        "geography": "US",
        "content_name": "TWLO Q4 2019 Presentation",
        "file_type": "pdf",
        "content_type": "earnings_presentation",
        "published_date": "2020-02-05",
        "fiscal_date": "2020-02-05",
        "fiscal_year": 2019,
        "fiscal_quarter": 4,
        "r2_url": "https://pub-2c783279b61043e19fbdadd1bee5153a.r2.dev/TWLO/2020-02-05/6b6d2-2023-04-03-02-55-06/6b6d2-2023-04-03-02-55-06.pdf%5C6b6d2-2023-04-03-02-55-06.pdf",
        "periodicity": "periodic"
    },
    {
        "equity_ticker": "TWLO",
        "geography": "US",
        "content_name": "TWLO Q3 2019 Transcript",
        "file_type": "pdf",
        "content_type": "earnings_transcript",
        "published_date": "2019-10-30",
        "fiscal_date": "2019-10-30",
        "fiscal_year": 2019,
        "fiscal_quarter": 3,
        "r2_url": "https://pub-2c783279b61043e19fbdadd1bee5153a.r2.dev/TWLO/2019-10-30/Twilio%20Inc._2019-10-30_transcript/Twilio%20Inc._2019-10-30_transcript.pdf%5CTwilio%20Inc._2019-10-30_transcript.pdf",
        "periodicity": "periodic"
    },
    {
        "equity_ticker": "TWLO",
        "geography": "US",
        "content_name": "TWLO Q3 2019 Press Release",
        "file_type": "pdf",
        "content_type": "quarterly_report",
        "published_date": "2019-10-30",
        "fiscal_date": "2019-10-30",
        "fiscal_year": 2019,
        "fiscal_quarter": 3,
        "r2_url": "https://pub-2c783279b61043e19fbdadd1bee5153a.r2.dev/TWLO/2019-10-30/dc169-2024-08-29-09-15-56/dc169-2024-08-29-09-15-56.pdf%5Cdc169-2024-08-29-09-15-56.pdf",
        "periodicity": "periodic"
    },
    {
        "equity_ticker": "TWLO",
        "geography": "US",
        "content_name": "TWLO Q2 2019 Transcript",
        "file_type": "pdf",
        "content_type": "earnings_transcript",
        "published_date": "2019-07-31",
        "fiscal_date": "2019-07-31",
        "fiscal_year": 2019,
        "fiscal_quarter": 2,
        "r2_url": "https://pub-2c783279b61043e19fbdadd1bee5153a.r2.dev/TWLO/2019-07-31/Twilio%20Inc._2019-07-31_transcript/Twilio%20Inc._2019-07-31_transcript.pdf%5CTwilio%20Inc._2019-07-31_transcript.pdf",
        "periodicity": "periodic"
    },
    {
        "equity_ticker": "TWLO",
        "geography": "US",
        "content_name": "TWLO Q2 2019 Press Release",
        "file_type": "pdf",
        "content_type": "quarterly_report",
        "published_date": "2019-07-31",
        "fiscal_date": "2019-07-31",
        "fiscal_year": 2019,
        "fiscal_quarter": 2,
        "r2_url": "https://pub-2c783279b61043e19fbdadd1bee5153a.r2.dev/TWLO/2019-07-31/7fb2b-2024-08-29-09-25-56/7fb2b-2024-08-29-09-25-56.pdf%5C7fb2b-2024-08-29-09-25-56.pdf",
        "periodicity": "periodic"
    },
    {
        "equity_ticker": "TWLO",
        "geography": "US",
        "content_name": "TWLO Q1 2019 Transcript",
        "file_type": "pdf",
        "content_type": "earnings_transcript",
        "published_date": "2019-04-30",
        "fiscal_date": "2019-04-30",
        "fiscal_year": 2019,
        "fiscal_quarter": 1,
        "r2_url": "https://pub-2c783279b61043e19fbdadd1bee5153a.r2.dev/TWLO/2019-04-30/Twilio%20Inc._2019-04-30_transcript/Twilio%20Inc._2019-04-30_transcript.pdf%5CTwilio%20Inc._2019-04-30_transcript.pdf",
        "periodicity": "periodic"
    },
    {
        "equity_ticker": "TWLO",
        "geography": "US",
        "content_name": "TWLO Q1 2019 Press Release",
        "file_type": "pdf",
        "content_type": "quarterly_report",
        "published_date": "2019-04-30",
        "fiscal_date": "2019-04-30",
        "fiscal_year": 2019,
        "fiscal_quarter": 1,
        "r2_url": "https://pub-2c783279b61043e19fbdadd1bee5153a.r2.dev/TWLO/2019-04-30/91510-2024-08-29-09-14-56/91510-2024-08-29-09-14-56.pdf%5C91510-2024-08-29-09-14-56.pdf",
        "periodicity": "periodic"
    },
    {
        "equity_ticker": "TWLO",
        "geography": "US",
        "content_name": "TWLO Q4 2018 Transcript",
        "file_type": "pdf",
        "content_type": "earnings_transcript",
        "published_date": "2019-02-12",
        "fiscal_date": "2019-02-12",
        "fiscal_year": 2018,
        "fiscal_quarter": 4,
        "r2_url": "https://pub-2c783279b61043e19fbdadd1bee5153a.r2.dev/TWLO/2019-02-12/Twilio%20Inc._2019-02-12_transcript/Twilio%20Inc._2019-02-12_transcript.pdf%5CTwilio%20Inc._2019-02-12_transcript.pdf",
        "periodicity": "periodic"
    },
    {
        "equity_ticker": "TWLO",
        "geography": "US",
        "content_name": "TWLO Q4 2018 Press Release",
        "file_type": "pdf",
        "content_type": "earnings_press_release",
        "published_date": "2019-02-12",
        "fiscal_date": "2019-02-12",
        "fiscal_year": 2018,
        "fiscal_quarter": 4,
        "r2_url": "https://pub-2c783279b61043e19fbdadd1bee5153a.r2.dev/TWLO/2019-02-12/e896c-2025-03-10-01-38-27/e896c-2025-03-10-01-38-27.pdf%5Ce896c-2025-03-10-01-38-27.pdf",
        "periodicity": "periodic"
    },
    {
        "equity_ticker": "TWLO",
        "geography": "US",
        "content_name": "TWLO Q3 2018 Transcript",
        "file_type": "pdf",
        "content_type": "earnings_transcript",
        "published_date": "2018-11-06",
        "fiscal_date": "2018-11-06",
        "fiscal_year": 2018,
        "fiscal_quarter": 3,
        "r2_url": "https://pub-2c783279b61043e19fbdadd1bee5153a.r2.dev/TWLO/2018-11-06/Twilio%20Inc._2018-11-06_transcript/Twilio%20Inc._2018-11-06_transcript.pdf%5CTwilio%20Inc._2018-11-06_transcript.pdf",
        "periodicity": "periodic"
    },
    {
        "equity_ticker": "TWLO",
        "geography": "US",
        "content_name": "TWLO Q3 2018 Press Release",
        "file_type": "pdf",
        "content_type": "quarterly_report",
        "published_date": "2018-11-06",
        "fiscal_date": "2018-11-06",
        "fiscal_year": 2018,
        "fiscal_quarter": 3,
        "r2_url": "https://pub-2c783279b61043e19fbdadd1bee5153a.r2.dev/TWLO/2018-11-06/e3f28-2024-08-29-09-24-56/e3f28-2024-08-29-09-24-56.pdf%5Ce3f28-2024-08-29-09-24-56.pdf",
        "periodicity": "periodic"
    },
    {
        "equity_ticker": "TWLO",
        "geography": "US",
        "content_name": "M&A Announcement - October 15, 2018",
        "file_type": "pdf",
        "content_type": "company_conference_transcript",
        "published_date": "2018-10-15",
        "fiscal_date": "2018-10-15",
        "fiscal_year": null,
        "fiscal_quarter": null,
        "r2_url": "https://pub-2c783279b61043e19fbdadd1bee5153a.r2.dev/TWLO/2018-10-15/Twilio%20Inc._2018-10-15_transcript/Twilio%20Inc._2018-10-15_transcript.pdf%5CTwilio%20Inc._2018-10-15_transcript.pdf",
        "periodicity": "non_periodic"
    },
    {
        "equity_ticker": "TWLO",
        "geography": "US",
        "content_name": "M&A Announcement - October 15, 2018",
        "file_type": "pdf",
        "content_type": "company_conference_presentation",
        "published_date": "2018-10-15",
        "fiscal_date": "2018-10-15",
        "fiscal_year": null,
        "fiscal_quarter": null,
        "r2_url": "https://pub-2c783279b61043e19fbdadd1bee5153a.r2.dev/TWLO/2018-10-15/5d236-2023-04-03-02-26-19/5d236-2023-04-03-02-26-19.pdf%5C5d236-2023-04-03-02-26-19.pdf",
        "periodicity": "non_periodic"
    },
    {
        "equity_ticker": "TWLO",
        "geography": "US",
        "content_name": "TWLO Q2 2018 Transcript",
        "file_type": "pdf",
        "content_type": "earnings_transcript",
        "published_date": "2018-08-06",
        "fiscal_date": "2018-08-06",
        "fiscal_year": 2018,
        "fiscal_quarter": 2,
        "r2_url": "https://pub-2c783279b61043e19fbdadd1bee5153a.r2.dev/TWLO/2018-08-06/Twilio%20Inc._2018-08-06_transcript/Twilio%20Inc._2018-08-06_transcript.pdf%5CTwilio%20Inc._2018-08-06_transcript.pdf",
        "periodicity": "periodic"
    },
    {
        "equity_ticker": "TWLO",
        "geography": "US",
        "content_name": "TWLO Q2 2018 Press Release",
        "file_type": "pdf",
        "content_type": "quarterly_report",
        "published_date": "2018-08-06",
        "fiscal_date": "2018-08-06",
        "fiscal_year": 2018,
        "fiscal_quarter": 2,
        "r2_url": "https://pub-2c783279b61043e19fbdadd1bee5153a.r2.dev/TWLO/2018-08-06/61337-2024-08-29-09-16-56/61337-2024-08-29-09-16-56.pdf%5C61337-2024-08-29-09-16-56.pdf",
        "periodicity": "periodic"
    },
    {
        "equity_ticker": "TWLO",
        "geography": "US",
        "content_name": "TWLO Q1 2018 Transcript",
        "file_type": "pdf",
        "content_type": "earnings_transcript",
        "published_date": "2018-05-08",
        "fiscal_date": "2018-05-08",
        "fiscal_year": 2018,
        "fiscal_quarter": 1,
        "r2_url": "https://pub-2c783279b61043e19fbdadd1bee5153a.r2.dev/TWLO/2018-05-08/Twilio%20Inc._2018-05-08_transcript/Twilio%20Inc._2018-05-08_transcript.pdf%5CTwilio%20Inc._2018-05-08_transcript.pdf",
        "periodicity": "periodic"
    },
    {
        "equity_ticker": "TWLO",
        "geography": "US",
        "content_name": "TWLO Q1 2018 Press Release",
        "file_type": "pdf",
        "content_type": "quarterly_report",
        "published_date": "2018-05-08",
        "fiscal_date": "2018-05-08",
        "fiscal_year": 2018,
        "fiscal_quarter": 1,
        "r2_url": "https://pub-2c783279b61043e19fbdadd1bee5153a.r2.dev/TWLO/2018-05-08/8abf0-2024-08-29-09-21-56/8abf0-2024-08-29-09-21-56.pdf%5C8abf0-2024-08-29-09-21-56.pdf",
        "periodicity": "periodic"
    },
    {
        "equity_ticker": "TWLO",
        "geography": "US",
        "content_name": "TWLO Q4 2017 Transcript",
        "file_type": "pdf",
        "content_type": "earnings_transcript",
        "published_date": "2018-02-13",
        "fiscal_date": "2018-02-13",
        "fiscal_year": 2017,
        "fiscal_quarter": 4,
        "r2_url": "https://pub-2c783279b61043e19fbdadd1bee5153a.r2.dev/TWLO/2018-02-13/Twilio%20Inc._2018-02-13_transcript/Twilio%20Inc._2018-02-13_transcript.pdf%5CTwilio%20Inc._2018-02-13_transcript.pdf",
        "periodicity": "periodic"
    },
    {
        "equity_ticker": "TWLO",
        "geography": "US",
        "content_name": "TWLO Q4 2017 Press Release",
        "file_type": "pdf",
        "content_type": "earnings_press_release",
        "published_date": "2018-02-13",
        "fiscal_date": "2018-02-13",
        "fiscal_year": 2017,
        "fiscal_quarter": 4,
        "r2_url": "https://pub-2c783279b61043e19fbdadd1bee5153a.r2.dev/TWLO/2018-02-13/87b12-2025-03-11-09-14-42/87b12-2025-03-11-09-14-42.pdf%5C87b12-2025-03-11-09-14-42.pdf",
        "periodicity": "periodic"
    },
    {
        "equity_ticker": "TWLO",
        "geography": "US",
        "content_name": "Analyst Day 2017 - December 5, 2017",
        "file_type": "pdf",
        "content_type": "company_conference_transcript",
        "published_date": "2017-12-05",
        "fiscal_date": "2017-12-05",
        "fiscal_year": null,
        "fiscal_quarter": null,
        "r2_url": "https://pub-2c783279b61043e19fbdadd1bee5153a.r2.dev/TWLO/2017-12-05/Twilio%20Inc._2017-12-05_transcript/Twilio%20Inc._2017-12-05_transcript.pdf%5CTwilio%20Inc._2017-12-05_transcript.pdf",
        "periodicity": "non_periodic"
    },
    {
        "equity_ticker": "TWLO",
        "geography": "US",
        "content_name": "TWLO Q3 2017 Transcript",
        "file_type": "pdf",
        "content_type": "earnings_transcript",
        "published_date": "2017-11-08",
        "fiscal_date": "2017-11-08",
        "fiscal_year": 2017,
        "fiscal_quarter": 3,
        "r2_url": "https://pub-2c783279b61043e19fbdadd1bee5153a.r2.dev/TWLO/2017-11-08/Twilio%20Inc._2017-11-08_transcript/Twilio%20Inc._2017-11-08_transcript.pdf%5CTwilio%20Inc._2017-11-08_transcript.pdf",
        "periodicity": "periodic"
    },
    {
        "equity_ticker": "TWLO",
        "geography": "US",
        "content_name": "TWLO Q3 2017 Press Release",
        "file_type": "pdf",
        "content_type": "quarterly_report",
        "published_date": "2017-11-08",
        "fiscal_date": "2017-11-08",
        "fiscal_year": 2017,
        "fiscal_quarter": 3,
        "r2_url": "https://pub-2c783279b61043e19fbdadd1bee5153a.r2.dev/TWLO/2017-11-08/bbd82-2024-08-29-09-27-56/bbd82-2024-08-29-09-27-56.pdf%5Cbbd82-2024-08-29-09-27-56.pdf",
        "periodicity": "periodic"
    },
    {
        "equity_ticker": "TWLO",
        "geography": "US",
        "content_name": "TWLO Q2 2017 Transcript",
        "file_type": "pdf",
        "content_type": "earnings_transcript",
        "published_date": "2017-08-07",
        "fiscal_date": "2017-08-07",
        "fiscal_year": 2017,
        "fiscal_quarter": 2,
        "r2_url": "https://pub-2c783279b61043e19fbdadd1bee5153a.r2.dev/TWLO/2017-08-07/Twilio%20Inc._2017-08-07_transcript/Twilio%20Inc._2017-08-07_transcript.pdf%5CTwilio%20Inc._2017-08-07_transcript.pdf",
        "periodicity": "periodic"
    },
    {
        "equity_ticker": "TWLO",
        "geography": "US",
        "content_name": "TWLO Q2 2017 Press Release",
        "file_type": "pdf",
        "content_type": "quarterly_report",
        "published_date": "2017-08-07",
        "fiscal_date": "2017-08-07",
        "fiscal_year": 2017,
        "fiscal_quarter": 2,
        "r2_url": "https://pub-2c783279b61043e19fbdadd1bee5153a.r2.dev/TWLO/2017-08-07/7bf39-2024-08-29-09-15-56/7bf39-2024-08-29-09-15-56.pdf%5C7bf39-2024-08-29-09-15-56.pdf",
        "periodicity": "periodic"
    },
    {
        "equity_ticker": "TWLO",
        "geography": "US",
        "content_name": "TWLO Q1 2017 Transcript",
        "file_type": "pdf",
        "content_type": "earnings_transcript",
        "published_date": "2017-05-02",
        "fiscal_date": "2017-05-02",
        "fiscal_year": 2017,
        "fiscal_quarter": 1,
        "r2_url": "https://pub-2c783279b61043e19fbdadd1bee5153a.r2.dev/TWLO/2017-05-02/Twilio%20Inc._2017-05-02_transcript/Twilio%20Inc._2017-05-02_transcript.pdf%5CTwilio%20Inc._2017-05-02_transcript.pdf",
        "periodicity": "periodic"
    },
    {
        "equity_ticker": "TWLO",
        "geography": "US",
        "content_name": "TWLO Q1 2017 Press Release",
        "file_type": "pdf",
        "content_type": "quarterly_report",
        "published_date": "2017-05-02",
        "fiscal_date": "2017-05-02",
        "fiscal_year": 2017,
        "fiscal_quarter": 1,
        "r2_url": "https://pub-2c783279b61043e19fbdadd1bee5153a.r2.dev/TWLO/2017-05-02/15cbc-2024-08-29-09-31-56/15cbc-2024-08-29-09-31-56.pdf%5C15cbc-2024-08-29-09-31-56.pdf",
        "periodicity": "periodic"
    },
    {
        "equity_ticker": "TWLO",
        "geography": "US",
        "content_name": "TWLO Q4 2016 Transcript",
        "file_type": "pdf",
        "content_type": "earnings_transcript",
        "published_date": "2017-02-07",
        "fiscal_date": "2017-02-07",
        "fiscal_year": 2016,
        "fiscal_quarter": 4,
        "r2_url": "https://pub-2c783279b61043e19fbdadd1bee5153a.r2.dev/TWLO/2017-02-07/Twilio%20Inc._2017-02-07_transcript/Twilio%20Inc._2017-02-07_transcript.pdf%5CTwilio%20Inc._2017-02-07_transcript.pdf",
        "periodicity": "periodic"
    },
    {
        "equity_ticker": "TWLO",
        "geography": "US",
        "content_name": "TWLO Q4 2016 Press Release",
        "file_type": "pdf",
        "content_type": "earnings_press_release",
        "published_date": "2017-02-07",
        "fiscal_date": "2017-02-07",
        "fiscal_year": 2016,
        "fiscal_quarter": 4,
        "r2_url": "https://pub-2c783279b61043e19fbdadd1bee5153a.r2.dev/TWLO/2017-02-07/01117-2025-03-11-09-32-43/01117-2025-03-11-09-32-43.pdf%5C01117-2025-03-11-09-32-43.pdf",
        "periodicity": "periodic"
    },
    {
        "equity_ticker": "TWLO",
        "geography": "US",
        "content_name": "TWLO Q3 2016 Transcript",
        "file_type": "pdf",
        "content_type": "earnings_transcript",
        "published_date": "2016-11-03",
        "fiscal_date": "2016-11-03",
        "fiscal_year": 2016,
        "fiscal_quarter": 3,
        "r2_url": "https://pub-2c783279b61043e19fbdadd1bee5153a.r2.dev/TWLO/2016-11-03/Twilio%20Inc._2016-11-03_transcript/Twilio%20Inc._2016-11-03_transcript.pdf%5CTwilio%20Inc._2016-11-03_transcript.pdf",
        "periodicity": "periodic"
    },
    {
        "equity_ticker": "TWLO",
        "geography": "US",
        "content_name": "TWLO Q3 2016 Press Release",
        "file_type": "pdf",
        "content_type": "quarterly_report",
        "published_date": "2016-11-03",
        "fiscal_date": "2016-11-03",
        "fiscal_year": 2016,
        "fiscal_quarter": 3,
        "r2_url": "https://pub-2c783279b61043e19fbdadd1bee5153a.r2.dev/TWLO/2016-11-03/d4c59-2024-08-29-09-42-56/d4c59-2024-08-29-09-42-56.pdf%5Cd4c59-2024-08-29-09-42-56.pdf",
        "periodicity": "periodic"
    },
    {
        "equity_ticker": "TWLO",
        "geography": "US",
        "content_name": "TWLO Q2 2016 Transcript",
        "file_type": "pdf",
        "content_type": "earnings_transcript",
        "published_date": "2016-08-08",
        "fiscal_date": "2016-08-08",
        "fiscal_year": 2016,
        "fiscal_quarter": 2,
        "r2_url": "https://pub-2c783279b61043e19fbdadd1bee5153a.r2.dev/TWLO/2016-08-08/Twilio%20Inc._2016-08-08_transcript/Twilio%20Inc._2016-08-08_transcript.pdf%5CTwilio%20Inc._2016-08-08_transcript.pdf",
        "periodicity": "periodic"
    },
    {
        "equity_ticker": "TWLO",
        "geography": "US",
        "content_name": "TWLO Q2 2016 Press Release",
        "file_type": "pdf",
        "content_type": "quarterly_report",
        "published_date": "2016-08-08",
        "fiscal_date": "2016-08-08",
        "fiscal_year": 2016,
        "fiscal_quarter": 2,
        "r2_url": "https://pub-2c783279b61043e19fbdadd1bee5153a.r2.dev/TWLO/2016-08-08/17775-2024-08-29-09-36-56/17775-2024-08-29-09-36-56.pdf%5C17775-2024-08-29-09-36-56.pdf",
        "periodicity": "periodic"
    },
    {
        "equity_ticker": "TWLO",
        "geography": "US",
        "content_name": "TWLO Q4 2024 10-K",
        "file_type": "pdf",
        "content_type": "annual_report",
        "published_date": "2025-02-26",
        "fiscal_date": "2024-12-31",
        "fiscal_year": 2024,
        "fiscal_quarter": 4,
        "r2_url": "https://pub-2c783279b61043e19fbdadd1bee5153a.r2.dev/TWLO/2025-02-26/twlo-20241231.htm%5Ctwlo-20241231.pdf",
        "periodicity": "periodic"
      },
      {
        "equity_ticker": "TWLO",
        "geography": "US",
        "content_name": "TWLO Q3 2024 10-Q",
        "file_type": "pdf",
        "content_type": "quarterly_report",
        "published_date": "2024-10-31",
        "fiscal_date": "2024-09-30",
        "fiscal_year": 2024,
        "fiscal_quarter": 3,
        "r2_url": "https://pub-2c783279b61043e19fbdadd1bee5153a.r2.dev/TWLO/2024-10-31/twlo-20240930.htm%5Ctwlo-20240930.pdf",
        "periodicity": "periodic"
      },
      {
        "equity_ticker": "TWLO",
        "geography": "US",
        "content_name": "TWLO Q2 2024 10-Q",
        "file_type": "pdf",
        "content_type": "quarterly_report",
        "published_date": "2024-08-01",
        "fiscal_date": "2024-06-30",
        "fiscal_year": 2024,
        "fiscal_quarter": 2,
        "r2_url": "https://pub-2c783279b61043e19fbdadd1bee5153a.r2.dev/TWLO/2024-08-01/twlo-20240630.htm%5Ctwlo-20240630.pdf",
        "periodicity": "periodic"
      },
      {
        "equity_ticker": "TWLO",
        "geography": "US",
        "content_name": "TWLO Q1 2024 10-Q",
        "file_type": "pdf",
        "content_type": "quarterly_report",
        "published_date": "2024-05-08",
        "fiscal_date": "2024-03-31",
        "fiscal_year": 2024,
        "fiscal_quarter": 1,
        "r2_url": "https://pub-2c783279b61043e19fbdadd1bee5153a.r2.dev/TWLO/2024-05-08/twlo-20240331.htm%5Ctwlo-20240331.pdf",
        "periodicity": "periodic"
      },
      {
        "equity_ticker": "TWLO",
        "geography": "US",
        "content_name": "TWLO Q4 2023 10-K",
        "file_type": "pdf",
        "content_type": "annual_report",
        "published_date": "2024-02-27",
        "fiscal_date": "2023-12-31",
        "fiscal_year": 2023,
        "fiscal_quarter": 4,
        "r2_url": "https://pub-2c783279b61043e19fbdadd1bee5153a.r2.dev/TWLO/2024-02-27/twlo-20231231.htm%5Ctwlo-20231231.pdf",
        "periodicity": "periodic"
      },
      {
        "equity_ticker": "TWLO",
        "geography": "US",
        "content_name": "TWLO Q3 2023 10-Q",
        "file_type": "pdf",
        "content_type": "quarterly_report",
        "published_date": "2023-11-08",
        "fiscal_date": "2023-09-30",
        "fiscal_year": 2023,
        "fiscal_quarter": 3,
        "r2_url": "https://pub-2c783279b61043e19fbdadd1bee5153a.r2.dev/TWLO/2023-11-08/twlo-20230930.htm%5Ctwlo-20230930.pdf",
        "periodicity": "periodic"
      },
      {
        "equity_ticker": "TWLO",
        "geography": "US",
        "content_name": "TWLO Q2 2023 10-Q",
        "file_type": "pdf",
        "content_type": "quarterly_report",
        "published_date": "2023-08-08",
        "fiscal_date": "2023-06-30",
        "fiscal_year": 2023,
        "fiscal_quarter": 2,
        "r2_url": "https://pub-2c783279b61043e19fbdadd1bee5153a.r2.dev/TWLO/2023-08-08/twlo-20230630.htm%5Ctwlo-20230630.pdf",
        "periodicity": "periodic"
      },
      {
        "equity_ticker": "TWLO",
        "geography": "US",
        "content_name": "TWLO Q1 2023 10-Q",
        "file_type": "pdf",
        "content_type": "quarterly_report",
        "published_date": "2023-05-09",
        "fiscal_date": "2023-03-31",
        "fiscal_year": 2023,
        "fiscal_quarter": 1,
        "r2_url": "https://pub-2c783279b61043e19fbdadd1bee5153a.r2.dev/TWLO/2023-05-09/twlo-20230331.htm%5Ctwlo-20230331.pdf",
        "periodicity": "periodic"
      },
      {
        "equity_ticker": "TWLO",
        "geography": "US",
        "content_name": "TWLO Q4 2022 10-K",
        "file_type": "pdf",
        "content_type": "annual_report",
        "published_date": "2023-02-24",
        "fiscal_date": "2022-12-31",
        "fiscal_year": 2022,
        "fiscal_quarter": 4,
        "r2_url": "https://pub-2c783279b61043e19fbdadd1bee5153a.r2.dev/TWLO/2023-02-24/twlo-20221231.htm%5Ctwlo-20221231.pdf",
        "periodicity": "periodic"
      },
      {
        "equity_ticker": "TWLO",
        "geography": "US",
        "content_name": "TWLO Q3 2022 10-Q",
        "file_type": "pdf",
        "content_type": "quarterly_report",
        "published_date": "2022-11-04",
        "fiscal_date": "2022-09-30",
        "fiscal_year": 2022,
        "fiscal_quarter": 3,
        "r2_url": "https://pub-2c783279b61043e19fbdadd1bee5153a.r2.dev/TWLO/2022-11-04/twlo-20220930.htm%5Ctwlo-20220930.pdf",
        "periodicity": "periodic"
      },
      {
        "equity_ticker": "TWLO",
        "geography": "US",
        "content_name": "TWLO Q2 2022 10-Q",
        "file_type": "pdf",
        "content_type": "quarterly_report",
        "published_date": "2022-08-05",
        "fiscal_date": "2022-06-30",
        "fiscal_year": 2022,
        "fiscal_quarter": 2,
        "r2_url": "https://pub-2c783279b61043e19fbdadd1bee5153a.r2.dev/TWLO/2022-08-05/twlo-20220630.htm%5Ctwlo-20220630.pdf",
        "periodicity": "periodic"
      },
      {
        "equity_ticker": "TWLO",
        "geography": "US",
        "content_name": "TWLO Q1 2022 10-Q",
        "file_type": "pdf",
        "content_type": "quarterly_report",
        "published_date": "2022-05-05",
        "fiscal_date": "2022-03-31",
        "fiscal_year": 2022,
        "fiscal_quarter": 1,
        "r2_url": "https://pub-2c783279b61043e19fbdadd1bee5153a.r2.dev/TWLO/2022-05-05/twlo-20220331.htm%5Cix.pdf",
        "periodicity": "periodic"
      },
      {
        "equity_ticker": "TWLO",
        "geography": "US",
        "content_name": "TWLO Q4 2021 10-K",
        "file_type": "pdf",
        "content_type": "annual_report",
        "published_date": "2022-02-22",
        "fiscal_date": "2021-12-31",
        "fiscal_year": 2021,
        "fiscal_quarter": 4,
        "r2_url": "https://pub-2c783279b61043e19fbdadd1bee5153a.r2.dev/TWLO/2022-02-22/twlo-20211231.htm%5Ctwlo-20211231.pdf",
        "periodicity": "periodic"
      },
      {
        "equity_ticker": "TWLO",
        "geography": "US",
        "content_name": "TWLO Q3 2021 10-Q",
        "file_type": "pdf",
        "content_type": "quarterly_report",
        "published_date": "2021-10-28",
        "fiscal_date": "2021-09-30",
        "fiscal_year": 2021,
        "fiscal_quarter": 3,
        "r2_url": "https://pub-2c783279b61043e19fbdadd1bee5153a.r2.dev/TWLO/2021-10-28/twlo-20210930.htm%5Ctwlo-20210930.pdf",
        "periodicity": "periodic"
      },
      {
        "equity_ticker": "TWLO",
        "geography": "US",
        "content_name": "TWLO Q2 2021 10-Q",
        "file_type": "pdf",
        "content_type": "quarterly_report",
        "published_date": "2021-07-29",
        "fiscal_date": "2021-06-30",
        "fiscal_year": 2021,
        "fiscal_quarter": 2,
        "r2_url": "https://pub-2c783279b61043e19fbdadd1bee5153a.r2.dev/TWLO/2021-07-29/twlo-20210630.htm%5Ctwlo-20210630.pdf",
        "periodicity": "periodic"
      },
      {
        "equity_ticker": "TWLO",
        "geography": "US",
        "content_name": "TWLO Q1 2021 10-Q",
        "file_type": "pdf",
        "content_type": "quarterly_report",
        "published_date": "2021-05-06",
        "fiscal_date": "2021-03-31",
        "fiscal_year": 2021,
        "fiscal_quarter": 1,
        "r2_url": "https://pub-2c783279b61043e19fbdadd1bee5153a.r2.dev/TWLO/2021-05-06/twlo-20210331.htm%5Ctwlo-20210331.pdf",
        "periodicity": "periodic"
      },
      {
        "equity_ticker": "TWLO",
        "geography": "US",
        "content_name": "TWLO Q4 2020 10-K",
        "file_type": "pdf",
        "content_type": "annual_report",
        "published_date": "2021-02-25",
        "fiscal_date": "2020-12-31",
        "fiscal_year": 2020,
        "fiscal_quarter": 4,
        "r2_url": "https://pub-2c783279b61043e19fbdadd1bee5153a.r2.dev/TWLO/2021-02-25/twlo-20201231.htm%5Ctwlo-20201231.pdf",
        "periodicity": "periodic"
      },
      {
        "equity_ticker": "TWLO",
        "geography": "US",
        "content_name": "TWLO Q3 2020 10-Q",
        "file_type": "pdf",
        "content_type": "quarterly_report",
        "published_date": "2020-10-29",
        "fiscal_date": "2020-09-30",
        "fiscal_year": 2020,
        "fiscal_quarter": 3,
        "r2_url": "https://pub-2c783279b61043e19fbdadd1bee5153a.r2.dev/TWLO/2020-10-29/twlo-20200930.htm%5Ctwlo-20200930.pdf",
        "periodicity": "periodic"
      },
      {
        "equity_ticker": "TWLO",
        "geography": "US",
        "content_name": "TWLO Q2 2020 10-Q",
        "file_type": "pdf",
        "content_type": "quarterly_report",
        "published_date": "2020-08-04",
        "fiscal_date": "2020-06-30",
        "fiscal_year": 2020,
        "fiscal_quarter": 2,
        "r2_url": "https://pub-2c783279b61043e19fbdadd1bee5153a.r2.dev/TWLO/2020-08-04/twlo-20200630.htm%5Cix.pdf",
        "periodicity": "periodic"
      },
      {
        "equity_ticker": "TWLO",
        "geography": "US",
        "content_name": "TWLO Q1 2020 10-Q",
        "file_type": "pdf",
        "content_type": "quarterly_report",
        "published_date": "2020-05-07",
        "fiscal_date": "2020-03-31",
        "fiscal_year": 2020,
        "fiscal_quarter": 1,
        "r2_url": "https://pub-2c783279b61043e19fbdadd1bee5153a.r2.dev/TWLO/2020-05-07/twlo-20200331.htm%5Cix.pdf",
        "periodicity": "periodic"
      },
      {
        "equity_ticker": "TWLO",
        "geography": "US",
        "content_name": "TWLO Q4 2019 10-K",
        "file_type": "pdf",
        "content_type": "annual_report",
        "published_date": "2020-03-02",
        "fiscal_date": "2019-12-31",
        "fiscal_year": 2019,
        "fiscal_quarter": 4,
        "r2_url": "https://pub-2c783279b61043e19fbdadd1bee5153a.r2.dev/TWLO/2020-03-02/twlo-20191231x10k.htm%5Cix.pdf",
        "periodicity": "periodic"
      },
      {
        "equity_ticker": "TWLO",
        "geography": "US",
        "content_name": "TWLO Q3 2019 10-Q",
        "file_type": "pdf",
        "content_type": "quarterly_report",
        "published_date": "2019-10-31",
        "fiscal_date": "2019-09-30",
        "fiscal_year": 2019,
        "fiscal_quarter": 3,
        "r2_url": "https://pub-2c783279b61043e19fbdadd1bee5153a.r2.dev/TWLO/2019-10-31/twlo-20190930x10q.htm%5Cix.pdf",
        "periodicity": "periodic"
      },
      {
        "equity_ticker": "TWLO",
        "geography": "US",
        "content_name": "TWLO Q2 2019 10-Q",
        "file_type": "pdf",
        "content_type": "quarterly_report",
        "published_date": "2019-08-01",
        "fiscal_date": "2019-06-30",
        "fiscal_year": 2019,
        "fiscal_quarter": 2,
        "r2_url": "https://pub-2c783279b61043e19fbdadd1bee5153a.r2.dev/TWLO/2019-08-01/twlo-20190630x10q.htm%5Cix.pdf",
        "periodicity": "periodic"
      },
      {
        "equity_ticker": "TWLO",
        "geography": "US",
        "content_name": "TWLO Q1 2019 10-Q",
        "file_type": "pdf",
        "content_type": "quarterly_report",
        "published_date": "2019-05-08",
        "fiscal_date": "2019-03-31",
        "fiscal_year": 2019,
        "fiscal_quarter": 1,
        "r2_url": "https://pub-2c783279b61043e19fbdadd1bee5153a.r2.dev/TWLO/2019-05-08/twlo-20190331x10q.htm%5Ctwlo-20190331x10q.pdf",
        "periodicity": "periodic"
      },
      {
        "equity_ticker": "TWLO",
        "geography": "US",
        "content_name": "TWLO Q4 2018 10-K",
        "file_type": "pdf",
        "content_type": "annual_report",
        "published_date": "2019-03-01",
        "fiscal_date": "2018-12-31",
        "fiscal_year": 2018,
        "fiscal_quarter": 4,
        "r2_url": "https://pub-2c783279b61043e19fbdadd1bee5153a.r2.dev/TWLO/2019-03-01/a2237834z10-k.htm%5Ca2237834z10-k.pdf",
        "periodicity": "periodic"
      },
      {
        "equity_ticker": "TWLO",
        "geography": "US",
        "content_name": "TWLO Q3 2018 10-Q",
        "file_type": "pdf",
        "content_type": "quarterly_report",
        "published_date": "2018-11-08",
        "fiscal_date": "2018-09-30",
        "fiscal_year": 2018,
        "fiscal_quarter": 3,
        "r2_url": "https://pub-2c783279b61043e19fbdadd1bee5153a.r2.dev/TWLO/2018-11-08/a18-18985_110q.htm%5Ca18-18985_110q.pdf",
        "periodicity": "periodic"
      },
      {
        "equity_ticker": "TWLO",
        "geography": "US",
        "content_name": "TWLO Q2 2018 10-Q",
        "file_type": "pdf",
        "content_type": "quarterly_report",
        "published_date": "2018-08-08",
        "fiscal_date": "2018-06-30",
        "fiscal_year": 2018,
        "fiscal_quarter": 2,
        "r2_url": "https://pub-2c783279b61043e19fbdadd1bee5153a.r2.dev/TWLO/2018-08-08/a18-14039_110q.htm%5Ca18-14039_110q.pdf",
        "periodicity": "periodic"
      },
      {
        "equity_ticker": "TWLO",
        "geography": "US",
        "content_name": "TWLO Q1 2018 10-Q",
        "file_type": "pdf",
        "content_type": "quarterly_report",
        "published_date": "2018-05-09",
        "fiscal_date": "2018-03-31",
        "fiscal_year": 2018,
        "fiscal_quarter": 1,
        "r2_url": "https://pub-2c783279b61043e19fbdadd1bee5153a.r2.dev/TWLO/2018-05-09/a18-8608_110q.htm%5Ca18-8608_110q.pdf",
        "periodicity": "periodic"
      },
      {
        "equity_ticker": "TWLO",
        "geography": "US",
        "content_name": "TWLO Q4 2017 10-K",
        "file_type": "pdf",
        "content_type": "annual_report",
        "published_date": "2018-03-01",
        "fiscal_date": "2017-12-31",
        "fiscal_year": 2017,
        "fiscal_quarter": 4,
        "r2_url": "https://pub-2c783279b61043e19fbdadd1bee5153a.r2.dev/TWLO/2018-03-01/a2234636z10-k.htm%5Ca2234636z10-k.pdf",
        "periodicity": "periodic"
      },
      {
        "equity_ticker": "TWLO",
        "geography": "US",
        "content_name": "TWLO Q3 2017 10-Q",
        "file_type": "pdf",
        "content_type": "quarterly_report",
        "published_date": "2017-11-13",
        "fiscal_date": "2017-09-30",
        "fiscal_year": 2017,
        "fiscal_quarter": 3,
        "r2_url": "https://pub-2c783279b61043e19fbdadd1bee5153a.r2.dev/TWLO/2017-11-13/a17-20572_110q.htm%5Ca17-20572_110q.pdf",
        "periodicity": "periodic"
      },
      {
        "equity_ticker": "TWLO",
        "geography": "US",
        "content_name": "TWLO Q2 2017 10-Q",
        "file_type": "pdf",
        "content_type": "quarterly_report",
        "published_date": "2017-08-10",
        "fiscal_date": "2017-06-30",
        "fiscal_year": 2017,
        "fiscal_quarter": 2,
        "r2_url": "https://pub-2c783279b61043e19fbdadd1bee5153a.r2.dev/TWLO/2017-08-10/a17-13281_110q.htm%5Ca17-13281_110q.pdf",
        "periodicity": "periodic"
      },
      {
        "equity_ticker": "TWLO",
        "geography": "US",
        "content_name": "TWLO Q1 2017 10-Q",
        "file_type": "pdf",
        "content_type": "quarterly_report",
        "published_date": "2017-05-09",
        "fiscal_date": "2017-03-31",
        "fiscal_year": 2017,
        "fiscal_quarter": 1,
        "r2_url": "https://pub-2c783279b61043e19fbdadd1bee5153a.r2.dev/TWLO/2017-05-09/a17-8813_110q.htm%5Ca17-8813_110q.pdf",
        "periodicity": "periodic"
      },
      {
        "equity_ticker": "TWLO",
        "geography": "US",
        "content_name": "TWLO Q4 2016 10-K",
        "file_type": "pdf",
        "content_type": "annual_report",
        "published_date": "2017-02-21",
        "fiscal_date": "2016-12-31",
        "fiscal_year": 2016,
        "fiscal_quarter": 4,
        "r2_url": "https://pub-2c783279b61043e19fbdadd1bee5153a.r2.dev/TWLO/2017-02-21/a2230935z10-k.htm%5Ca2230935z10-k.pdf",
        "periodicity": "periodic"
      },
      {
        "equity_ticker": "TWLO",
        "geography": "US",
        "content_name": "TWLO Q3 2016 10-Q",
        "file_type": "pdf",
        "content_type": "quarterly_report",
        "published_date": "2016-11-07",
        "fiscal_date": "2016-09-30",
        "fiscal_year": 2016,
        "fiscal_quarter": 3,
        "r2_url": "https://pub-2c783279b61043e19fbdadd1bee5153a.r2.dev/TWLO/2016-11-07/a16-16801_110q.htm%5Ca16-16801_110q.pdf",
        "periodicity": "periodic"
      },
      {
        "equity_ticker": "TWLO",
        "geography": "US",
        "content_name": "TWLO Q2 2016 10-Q",
        "file_type": "pdf",
        "content_type": "quarterly_report",
        "published_date": "2016-08-09",
        "fiscal_date": "2016-06-30",
        "fiscal_year": 2016,
        "fiscal_quarter": 2,
        "r2_url": "https://pub-2c783279b61043e19fbdadd1bee5153a.r2.dev/TWLO/2016-08-09/a16-13296_110q.htm%5Ca16-13296_110q.pdf",
        "periodicity": "periodic"
      }
]