[
  {
    "equity_ticker": "U",
    "geography": "US",
    "content_name": "U Q4 2024 Transcript",
    "file_type": "pdf",
    "content_type": "earnings_transcript",
    "published_date": "2025-02-20",
    "fiscal_date": "2025-02-20",
    "fiscal_year": 2024,
    "fiscal_quarter": 4,
    "r2_url": "https://pub-2c783279b61043e19fbdadd1bee5153a.r2.dev/U/2025-02-20/Unity%20Software%20Inc._2025-02-20_transcript/Unity%20Software%20Inc._2025-02-20_transcript.pdf/Unity%20Software%20Inc._2025-02-20_transcript.pdf",
    "periodicity": "periodic"
  },
  {
    "equity_ticker": "U",
    "geography": "US",
    "content_name": "U Q4 2024 Press Release",
    "file_type": "pdf",
    "content_type": "earnings_press_release",
    "published_date": "2025-02-20",
    "fiscal_date": "2025-02-20",
    "fiscal_year": 2024,
    "fiscal_quarter": 4,
    "r2_url": "https://pub-2c783279b61043e19fbdadd1bee5153a.r2.dev/U/2025-02-20/0cea7-2025-02-20-12-06-59/0cea7-2025-02-20-12-06-59.pdf/0cea7-2025-02-20-12-06-59.pdf",
    "periodicity": "periodic"
  },
  {
    "equity_ticker": "U",
    "geography": "US",
    "content_name": "U Q3 2024 Transcript",
    "file_type": "pdf",
    "content_type": "earnings_transcript",
    "published_date": "2024-11-07",
    "fiscal_date": "2024-11-07",
    "fiscal_year": 2024,
    "fiscal_quarter": 3,
    "r2_url": "https://pub-2c783279b61043e19fbdadd1bee5153a.r2.dev/U/2024-11-07/Unity%20Software%20Inc._2024-11-07_transcript/Unity%20Software%20Inc._2024-11-07_transcript.pdf/Unity%20Software%20Inc._2024-11-07_transcript.pdf",
    "periodicity": "periodic"
  },
  {
    "equity_ticker": "U",
    "geography": "US",
    "content_name": "U Q3 2024 Press Release",
    "file_type": "pdf",
    "content_type": "earnings_press_release",
    "published_date": "2024-11-07",
    "fiscal_date": "2024-11-07",
    "fiscal_year": 2024,
    "fiscal_quarter": 3,
    "r2_url": "https://pub-2c783279b61043e19fbdadd1bee5153a.r2.dev/U/2024-11-07/80428-2024-11-07-09-40-38/80428-2024-11-07-09-40-38.pdf/80428-2024-11-07-09-40-38.pdf",
    "periodicity": "periodic"
  },
  {
    "equity_ticker": "U",
    "geography": "US",
    "content_name": "U Q2 2024 Transcript",
    "file_type": "pdf",
    "content_type": "earnings_transcript",
    "published_date": "2024-08-08",
    "fiscal_date": "2024-08-08",
    "fiscal_year": 2024,
    "fiscal_quarter": 2,
    "r2_url": "https://pub-2c783279b61043e19fbdadd1bee5153a.r2.dev/U/2024-08-08/Unity%20Software%20Inc._2024-08-08_transcript/Unity%20Software%20Inc._2024-08-08_transcript.pdf/Unity%20Software%20Inc._2024-08-08_transcript.pdf",
    "periodicity": "periodic"
  },
  {
    "equity_ticker": "U",
    "geography": "US",
    "content_name": "U Q2 2024 Press Release",
    "file_type": "pdf",
    "content_type": "earnings_press_release",
    "published_date": "2024-08-08",
    "fiscal_date": "2024-08-08",
    "fiscal_year": 2024,
    "fiscal_quarter": 2,
    "r2_url": "https://pub-2c783279b61043e19fbdadd1bee5153a.r2.dev/U/2024-08-08/b05ab-2024-08-08-08-23-13/b05ab-2024-08-08-08-23-13.pdf/b05ab-2024-08-08-08-23-13.pdf",
    "periodicity": "periodic"
  },
  {
    "equity_ticker": "U",
    "geography": "US",
    "content_name": "U Q1 2024 Transcript",
    "file_type": "pdf",
    "content_type": "earnings_transcript",
    "published_date": "2024-05-09",
    "fiscal_date": "2024-05-09",
    "fiscal_year": 2024,
    "fiscal_quarter": 1,
    "r2_url": "https://pub-2c783279b61043e19fbdadd1bee5153a.r2.dev/U/2024-05-09/Unity%20Software%20Inc._2024-05-09_transcript/Unity%20Software%20Inc._2024-05-09_transcript.pdf/Unity%20Software%20Inc._2024-05-09_transcript.pdf",
    "periodicity": "periodic"
  },
  {
    "equity_ticker": "U",
    "geography": "US",
    "content_name": "U Q1 2024 Press Release",
    "file_type": "pdf",
    "content_type": "earnings_press_release",
    "published_date": "2024-05-09",
    "fiscal_date": "2024-05-09",
    "fiscal_year": 2024,
    "fiscal_quarter": 1,
    "r2_url": "https://pub-2c783279b61043e19fbdadd1bee5153a.r2.dev/U/2024-05-09/d8eac-2024-05-09-08-54-08/d8eac-2024-05-09-08-54-08.pdf/d8eac-2024-05-09-08-54-08.pdf",
    "periodicity": "periodic"
  },
  {
    "equity_ticker": "U",
    "geography": "US",
    "content_name": "U Q4 2023 Transcript",
    "file_type": "pdf",
    "content_type": "earnings_transcript",
    "published_date": "2024-02-26",
    "fiscal_date": "2024-02-26",
    "fiscal_year": 2023,
    "fiscal_quarter": 4,
    "r2_url": "https://pub-2c783279b61043e19fbdadd1bee5153a.r2.dev/U/2024-02-26/Unity%20Software%20Inc._2024-02-26_transcript/Unity%20Software%20Inc._2024-02-26_transcript.pdf/Unity%20Software%20Inc._2024-02-26_transcript.pdf",
    "periodicity": "periodic"
  },
  {
    "equity_ticker": "U",
    "geography": "US",
    "content_name": "U Q4 2023 Press Release",
    "file_type": "pdf",
    "content_type": "earnings_press_release",
    "published_date": "2024-02-26",
    "fiscal_date": "2024-02-26",
    "fiscal_year": 2023,
    "fiscal_quarter": 4,
    "r2_url": "https://pub-2c783279b61043e19fbdadd1bee5153a.r2.dev/U/2024-02-26/2ed2b-2024-02-26-09-07-29/2ed2b-2024-02-26-09-07-29.pdf/2ed2b-2024-02-26-09-07-29.pdf",
    "periodicity": "periodic"
  },
  {
    "equity_ticker": "U",
    "geography": "US",
    "content_name": "U Q3 2023 Transcript",
    "file_type": "pdf",
    "content_type": "earnings_transcript",
    "published_date": "2023-11-09",
    "fiscal_date": "2023-11-09",
    "fiscal_year": 2023,
    "fiscal_quarter": 3,
    "r2_url": "https://pub-2c783279b61043e19fbdadd1bee5153a.r2.dev/U/2023-11-09/Unity%20Software%20Inc._2023-11-09_transcript/Unity%20Software%20Inc._2023-11-09_transcript.pdf/Unity%20Software%20Inc._2023-11-09_transcript.pdf",
    "periodicity": "periodic"
  },
  {
    "equity_ticker": "U",
    "geography": "US",
    "content_name": "U Q3 2023 Press Release",
    "file_type": "pdf",
    "content_type": "earnings_press_release",
    "published_date": "2023-11-09",
    "fiscal_date": "2023-11-09",
    "fiscal_year": 2023,
    "fiscal_quarter": 3,
    "r2_url": "https://pub-2c783279b61043e19fbdadd1bee5153a.r2.dev/U/2023-11-09/926cc-2023-11-09-09-40-38/926cc-2023-11-09-09-40-38.pdf/926cc-2023-11-09-09-40-38.pdf",
    "periodicity": "periodic"
  },
  {
    "equity_ticker": "U",
    "geography": "US",
    "content_name": "U Q2 2023 Transcript",
    "file_type": "pdf",
    "content_type": "earnings_transcript",
    "published_date": "2023-08-02",
    "fiscal_date": "2023-08-02",
    "fiscal_year": 2023,
    "fiscal_quarter": 2,
    "r2_url": "https://pub-2c783279b61043e19fbdadd1bee5153a.r2.dev/U/2023-08-02/Unity%20Software%20Inc._2023-08-02_transcript/Unity%20Software%20Inc._2023-08-02_transcript.pdf/Unity%20Software%20Inc._2023-08-02_transcript.pdf",
    "periodicity": "periodic"
  },
  {
    "equity_ticker": "U",
    "geography": "US",
    "content_name": "U Q2 2023 Press Release",
    "file_type": "pdf",
    "content_type": "earnings_press_release",
    "published_date": "2023-08-02",
    "fiscal_date": "2023-08-02",
    "fiscal_year": 2023,
    "fiscal_quarter": 2,
    "r2_url": "https://pub-2c783279b61043e19fbdadd1bee5153a.r2.dev/U/2023-08-02/6a07b-2023-08-02-08-48-16/6a07b-2023-08-02-08-48-16.pdf/6a07b-2023-08-02-08-48-16.pdf",
    "periodicity": "periodic"
  },
  {
    "equity_ticker": "U",
    "geography": "US",
    "content_name": "U Q1 2023 Transcript",
    "file_type": "pdf",
    "content_type": "earnings_transcript",
    "published_date": "2023-05-10",
    "fiscal_date": "2023-05-10",
    "fiscal_year": 2023,
    "fiscal_quarter": 1,
    "r2_url": "https://pub-2c783279b61043e19fbdadd1bee5153a.r2.dev/U/2023-05-10/Unity%20Software%20Inc._2023-05-10_transcript/Unity%20Software%20Inc._2023-05-10_transcript.pdf/Unity%20Software%20Inc._2023-05-10_transcript.pdf",
    "periodicity": "periodic"
  },
  {
    "equity_ticker": "U",
    "geography": "US",
    "content_name": "U Q1 2023 Press Release",
    "file_type": "pdf",
    "content_type": "earnings_press_release",
    "published_date": "2023-05-10",
    "fiscal_date": "2023-05-10",
    "fiscal_year": 2023,
    "fiscal_quarter": 1,
    "r2_url": "https://pub-2c783279b61043e19fbdadd1bee5153a.r2.dev/U/2023-05-10/371be-2023-05-10-08-49-15/371be-2023-05-10-08-49-15.pdf/371be-2023-05-10-08-49-15.pdf",
    "periodicity": "periodic"
  },
  {
    "equity_ticker": "U",
    "geography": "US",
    "content_name": "U Q4 2022 Transcript",
    "file_type": "pdf",
    "content_type": "earnings_transcript",
    "published_date": "2023-02-22",
    "fiscal_date": "2023-02-22",
    "fiscal_year": 2022,
    "fiscal_quarter": 4,
    "r2_url": "https://pub-2c783279b61043e19fbdadd1bee5153a.r2.dev/U/2023-02-22/Unity%20Software%20Inc._2023-02-22_transcript/Unity%20Software%20Inc._2023-02-22_transcript.pdf/Unity%20Software%20Inc._2023-02-22_transcript.pdf",
    "periodicity": "periodic"
  },
  {
    "equity_ticker": "U",
    "geography": "US",
    "content_name": "U Q4 2022 Press Release",
    "file_type": "pdf",
    "content_type": "earnings_press_release",
    "published_date": "2023-02-22",
    "fiscal_date": "2023-02-22",
    "fiscal_year": 2022,
    "fiscal_quarter": 4,
    "r2_url": "https://pub-2c783279b61043e19fbdadd1bee5153a.r2.dev/U/2023-02-22/f9e02-2023-02-22-09-39-22/f9e02-2023-02-22-09-39-22.pdf/f9e02-2023-02-22-09-39-22.pdf",
    "periodicity": "periodic"
  },
  {
    "equity_ticker": "U",
    "geography": "US",
    "content_name": "U Q3 2022 Transcript",
    "file_type": "pdf",
    "content_type": "earnings_transcript",
    "published_date": "2022-11-09",
    "fiscal_date": "2022-11-09",
    "fiscal_year": 2022,
    "fiscal_quarter": 3,
    "r2_url": "https://pub-2c783279b61043e19fbdadd1bee5153a.r2.dev/U/2022-11-09/Unity%20Software%20Inc._2022-11-09_transcript/Unity%20Software%20Inc._2022-11-09_transcript.pdf/Unity%20Software%20Inc._2022-11-09_transcript.pdf",
    "periodicity": "periodic"
  },
  {
    "equity_ticker": "U",
    "geography": "US",
    "content_name": "U Q3 2022 Press Release",
    "file_type": "pdf",
    "content_type": "earnings_press_release",
    "published_date": "2022-11-09",
    "fiscal_date": "2022-11-09",
    "fiscal_year": 2022,
    "fiscal_quarter": 3,
    "r2_url": "https://pub-2c783279b61043e19fbdadd1bee5153a.r2.dev/U/2022-11-09/fe51f-2023-11-13-01-30-44/fe51f-2023-11-13-01-30-44.pdf/fe51f-2023-11-13-01-30-44.pdf",
    "periodicity": "periodic"
  },
  {
    "equity_ticker": "U",
    "geography": "US",
    "content_name": "U Q2 2022 Transcript",
    "file_type": "pdf",
    "content_type": "earnings_transcript",
    "published_date": "2022-08-09",
    "fiscal_date": "2022-08-09",
    "fiscal_year": 2022,
    "fiscal_quarter": 2,
    "r2_url": "https://pub-2c783279b61043e19fbdadd1bee5153a.r2.dev/U/2022-08-09/Unity%20Software%20Inc._2022-08-09_transcript/Unity%20Software%20Inc._2022-08-09_transcript.pdf/Unity%20Software%20Inc._2022-08-09_transcript.pdf",
    "periodicity": "periodic"
  },
  {
    "equity_ticker": "U",
    "geography": "US",
    "content_name": "U Q2 2022 Press Release",
    "file_type": "pdf",
    "content_type": "earnings_press_release",
    "published_date": "2022-08-09",
    "fiscal_date": "2022-08-09",
    "fiscal_year": 2022,
    "fiscal_quarter": 2,
    "r2_url": "https://pub-2c783279b61043e19fbdadd1bee5153a.r2.dev/U/2022-08-09/ad150-2023-11-13-01-55-44/ad150-2023-11-13-01-55-44.pdf/ad150-2023-11-13-01-55-44.pdf",
    "periodicity": "periodic"
  },
  {
    "equity_ticker": "U",
    "geography": "US",
    "content_name": "U Q1 2022 Transcript",
    "file_type": "pdf",
    "content_type": "earnings_transcript",
    "published_date": "2022-05-10",
    "fiscal_date": "2022-05-10",
    "fiscal_year": 2022,
    "fiscal_quarter": 1,
    "r2_url": "https://pub-2c783279b61043e19fbdadd1bee5153a.r2.dev/U/2022-05-10/Unity%20Software%20Inc._2022-05-10_transcript/Unity%20Software%20Inc._2022-05-10_transcript.pdf/Unity%20Software%20Inc._2022-05-10_transcript.pdf",
    "periodicity": "periodic"
  },
  {
    "equity_ticker": "U",
    "geography": "US",
    "content_name": "U Q1 2022 Press Release",
    "file_type": "pdf",
    "content_type": "earnings_press_release",
    "published_date": "2022-05-10",
    "fiscal_date": "2022-05-10",
    "fiscal_year": 2022,
    "fiscal_quarter": 1,
    "r2_url": "https://pub-2c783279b61043e19fbdadd1bee5153a.r2.dev/U/2022-05-10/7ff50-2023-11-13-01-24-45/7ff50-2023-11-13-01-24-45.pdf/7ff50-2023-11-13-01-24-45.pdf",
    "periodicity": "periodic"
  },
  {
    "equity_ticker": "U",
    "geography": "US",
    "content_name": "U Q4 2021 Transcript",
    "file_type": "pdf",
    "content_type": "earnings_transcript",
    "published_date": "2022-02-03",
    "fiscal_date": "2022-02-03",
    "fiscal_year": 2021,
    "fiscal_quarter": 4,
    "r2_url": "https://pub-2c783279b61043e19fbdadd1bee5153a.r2.dev/U/2022-02-03/Unity%20Software%20Inc._2022-02-03_transcript/Unity%20Software%20Inc._2022-02-03_transcript.pdf/Unity%20Software%20Inc._2022-02-03_transcript.pdf",
    "periodicity": "periodic"
  },
  {
    "equity_ticker": "U",
    "geography": "US",
    "content_name": "U Q4 2021 Press Release",
    "file_type": "pdf",
    "content_type": "earnings_press_release",
    "published_date": "2022-02-03",
    "fiscal_date": "2022-02-03",
    "fiscal_year": 2021,
    "fiscal_quarter": 4,
    "r2_url": "https://pub-2c783279b61043e19fbdadd1bee5153a.r2.dev/U/2022-02-03/e9d6b-2023-11-13-01-01-46/e9d6b-2023-11-13-01-01-46.pdf/e9d6b-2023-11-13-01-01-46.pdf",
    "periodicity": "periodic"
  },
  {
    "equity_ticker": "U",
    "geography": "US",
    "content_name": "U Q3 2021 Transcript",
    "file_type": "pdf",
    "content_type": "earnings_transcript",
    "published_date": "2021-11-09",
    "fiscal_date": "2021-11-09",
    "fiscal_year": 2021,
    "fiscal_quarter": 3,
    "r2_url": "https://pub-2c783279b61043e19fbdadd1bee5153a.r2.dev/U/2021-11-09/Unity%20Software%20Inc._2021-11-09_transcript/Unity%20Software%20Inc._2021-11-09_transcript.pdf/Unity%20Software%20Inc._2021-11-09_transcript.pdf",
    "periodicity": "periodic"
  },
  {
    "equity_ticker": "U",
    "geography": "US",
    "content_name": "U Q3 2021 Press Release",
    "file_type": "pdf",
    "content_type": "earnings_press_release",
    "published_date": "2021-11-09",
    "fiscal_date": "2021-11-09",
    "fiscal_year": 2021,
    "fiscal_quarter": 3,
    "r2_url": "https://pub-2c783279b61043e19fbdadd1bee5153a.r2.dev/U/2021-11-09/b788c-2023-11-13-01-29-46/b788c-2023-11-13-01-29-46.pdf/b788c-2023-11-13-01-29-46.pdf",
    "periodicity": "periodic"
  },
  {
    "equity_ticker": "U",
    "geography": "US",
    "content_name": "U Q2 2021 Transcript",
    "file_type": "pdf",
    "content_type": "earnings_transcript",
    "published_date": "2021-08-10",
    "fiscal_date": "2021-08-10",
    "fiscal_year": 2021,
    "fiscal_quarter": 2,
    "r2_url": "https://pub-2c783279b61043e19fbdadd1bee5153a.r2.dev/U/2021-08-10/Unity%20Software%20Inc._2021-08-10_transcript/Unity%20Software%20Inc._2021-08-10_transcript.pdf/Unity%20Software%20Inc._2021-08-10_transcript.pdf",
    "periodicity": "periodic"
  },
  {
    "equity_ticker": "U",
    "geography": "US",
    "content_name": "U Q2 2021 Press Release",
    "file_type": "pdf",
    "content_type": "earnings_press_release",
    "published_date": "2021-08-10",
    "fiscal_date": "2021-08-10",
    "fiscal_year": 2021,
    "fiscal_quarter": 2,
    "r2_url": "https://pub-2c783279b61043e19fbdadd1bee5153a.r2.dev/U/2021-08-10/98cd2-2023-11-13-01-01-47/98cd2-2023-11-13-01-01-47.pdf/98cd2-2023-11-13-01-01-47.pdf",
    "periodicity": "periodic"
  },
  {
    "equity_ticker": "U",
    "geography": "US",
    "content_name": "U Q1 2021 Transcript",
    "file_type": "pdf",
    "content_type": "earnings_transcript",
    "published_date": "2021-05-11",
    "fiscal_date": "2021-05-11",
    "fiscal_year": 2021,
    "fiscal_quarter": 1,
    "r2_url": "https://pub-2c783279b61043e19fbdadd1bee5153a.r2.dev/U/2021-05-11/Unity%20Software%20Inc._2021-05-11_transcript/Unity%20Software%20Inc._2021-05-11_transcript.pdf/Unity%20Software%20Inc._2021-05-11_transcript.pdf",
    "periodicity": "periodic"
  },
  {
    "equity_ticker": "U",
    "geography": "US",
    "content_name": "U Q1 2021 Press Release",
    "file_type": "pdf",
    "content_type": "earnings_press_release",
    "published_date": "2021-05-11",
    "fiscal_date": "2021-05-11",
    "fiscal_year": 2021,
    "fiscal_quarter": 1,
    "r2_url": "https://pub-2c783279b61043e19fbdadd1bee5153a.r2.dev/U/2021-05-11/d7e8e-2023-11-13-01-27-47/d7e8e-2023-11-13-01-27-47.pdf/d7e8e-2023-11-13-01-27-47.pdf",
    "periodicity": "periodic"
  },
  {
    "equity_ticker": "U",
    "geography": "US",
    "content_name": "U Q4 2020 Transcript",
    "file_type": "pdf",
    "content_type": "earnings_transcript",
    "published_date": "2021-02-04",
    "fiscal_date": "2021-02-04",
    "fiscal_year": 2020,
    "fiscal_quarter": 4,
    "r2_url": "https://pub-2c783279b61043e19fbdadd1bee5153a.r2.dev/U/2021-02-04/Unity%20Software%20Inc._2021-02-04_transcript/Unity%20Software%20Inc._2021-02-04_transcript.pdf/Unity%20Software%20Inc._2021-02-04_transcript.pdf",
    "periodicity": "periodic"
  },
  {
    "equity_ticker": "U",
    "geography": "US",
    "content_name": "U Q4 2020 Press Release",
    "file_type": "pdf",
    "content_type": "earnings_press_release",
    "published_date": "2021-02-04",
    "fiscal_date": "2021-02-04",
    "fiscal_year": 2020,
    "fiscal_quarter": 4,
    "r2_url": "https://pub-2c783279b61043e19fbdadd1bee5153a.r2.dev/U/2021-02-04/35127-2023-11-13-01-05-49/35127-2023-11-13-01-05-49.pdf/35127-2023-11-13-01-05-49.pdf",
    "periodicity": "periodic"
  },
  {
    "equity_ticker": "U",
    "geography": "US",
    "content_name": "U Q3 2020 Transcript",
    "file_type": "pdf",
    "content_type": "earnings_transcript",
    "published_date": "2020-11-12",
    "fiscal_date": "2020-11-12",
    "fiscal_year": 2020,
    "fiscal_quarter": 3,
    "r2_url": "https://pub-2c783279b61043e19fbdadd1bee5153a.r2.dev/U/2020-11-12/Unity%20Software%20Inc._2020-11-12_transcript/Unity%20Software%20Inc._2020-11-12_transcript.pdf/Unity%20Software%20Inc._2020-11-12_transcript.pdf",
    "periodicity": "periodic"
  },
  {
    "equity_ticker": "U",
    "geography": "US",
    "content_name": "U Q3 2020 Press Release",
    "file_type": "pdf",
    "content_type": "earnings_press_release",
    "published_date": "2020-11-12",
    "fiscal_date": "2020-11-12",
    "fiscal_year": 2020,
    "fiscal_quarter": 3,
    "r2_url": "https://pub-2c783279b61043e19fbdadd1bee5153a.r2.dev/U/2020-11-12/51c8b-2023-11-13-01-44-49/51c8b-2023-11-13-01-44-49.pdf/51c8b-2023-11-13-01-44-49.pdf",
    "periodicity": "periodic"
  },
  {
    "equity_ticker": "U",
    "geography": "US",
    "content_name": "U Q4 2024 10-K",
    "file_type": "pdf",
    "content_type": "annual_report",
    "published_date": "2025-02-21",
    "fiscal_date": "2024-12-31",
    "fiscal_year": 2024,
    "fiscal_quarter": 4,
    "r2_url": "https://pub-2c783279b61043e19fbdadd1bee5153a.r2.dev/U/2025-02-21/unity-20241231.htm/unity-20241231.pdf",
    "periodicity": "periodic"
  },
  {
    "equity_ticker": "U",
    "geography": "US",
    "content_name": "U Q3 2024 10-Q",
    "file_type": "pdf",
    "content_type": "quarterly_report",
    "published_date": "2024-11-07",
    "fiscal_date": "2024-09-30",
    "fiscal_year": 2024,
    "fiscal_quarter": 3,
    "r2_url": "https://pub-2c783279b61043e19fbdadd1bee5153a.r2.dev/U/2024-11-07/unity-20240930.htm/unity-20240930.pdf",
    "periodicity": "periodic"
  },
  {
    "equity_ticker": "U",
    "geography": "US",
    "content_name": "U Q2 2024 10-Q",
    "file_type": "pdf",
    "content_type": "quarterly_report",
    "published_date": "2024-08-08",
    "fiscal_date": "2024-06-30",
    "fiscal_year": 2024,
    "fiscal_quarter": 2,
    "r2_url": "https://pub-2c783279b61043e19fbdadd1bee5153a.r2.dev/U/2024-08-08/unity-20240630.htm/unity-20240630.pdf",
    "periodicity": "periodic"
  },
  {
    "equity_ticker": "U",
    "geography": "US",
    "content_name": "U Q1 2024 10-Q",
    "file_type": "pdf",
    "content_type": "quarterly_report",
    "published_date": "2024-05-09",
    "fiscal_date": "2024-03-31",
    "fiscal_year": 2024,
    "fiscal_quarter": 1,
    "r2_url": "https://pub-2c783279b61043e19fbdadd1bee5153a.r2.dev/U/2024-05-09/unity-20240331.htm/unity-20240331.pdf",
    "periodicity": "periodic"
  },
  {
    "equity_ticker": "U",
    "geography": "US",
    "content_name": "U Q4 2023 10-K",
    "file_type": "pdf",
    "content_type": "annual_report",
    "published_date": "2024-02-29",
    "fiscal_date": "2023-12-31",
    "fiscal_year": 2023,
    "fiscal_quarter": 4,
    "r2_url": "https://pub-2c783279b61043e19fbdadd1bee5153a.r2.dev/U/2024-02-29/unity-20231231.htm/unity-20231231.pdf",
    "periodicity": "periodic"
  },
  {
    "equity_ticker": "U",
    "geography": "US",
    "content_name": "U Q3 2023 10-Q",
    "file_type": "pdf",
    "content_type": "quarterly_report",
    "published_date": "2023-11-09",
    "fiscal_date": "2023-09-30",
    "fiscal_year": 2023,
    "fiscal_quarter": 3,
    "r2_url": "https://pub-2c783279b61043e19fbdadd1bee5153a.r2.dev/U/2023-11-09/unity-20230930.htm/unity-20230930.pdf",
    "periodicity": "periodic"
  },
  {
    "equity_ticker": "U",
    "geography": "US",
    "content_name": "U Q2 2023 10-Q",
    "file_type": "pdf",
    "content_type": "quarterly_report",
    "published_date": "2023-08-02",
    "fiscal_date": "2023-06-30",
    "fiscal_year": 2023,
    "fiscal_quarter": 2,
    "r2_url": "https://pub-2c783279b61043e19fbdadd1bee5153a.r2.dev/U/2023-08-02/unity-20230630.htm/unity-20230630.pdf",
    "periodicity": "periodic"
  },
  {
    "equity_ticker": "U",
    "geography": "US",
    "content_name": "U Q1 2023 10-Q",
    "file_type": "pdf",
    "content_type": "quarterly_report",
    "published_date": "2023-05-10",
    "fiscal_date": "2023-03-31",
    "fiscal_year": 2023,
    "fiscal_quarter": 1,
    "r2_url": "https://pub-2c783279b61043e19fbdadd1bee5153a.r2.dev/U/2023-05-10/unity-20230331.htm/unity-20230331.pdf",
    "periodicity": "periodic"
  },
  {
    "equity_ticker": "U",
    "geography": "US",
    "content_name": "U Q4 2022 10-K",
    "file_type": "pdf",
    "content_type": "annual_report",
    "published_date": "2023-02-27",
    "fiscal_date": "2022-12-31",
    "fiscal_year": 2022,
    "fiscal_quarter": 4,
    "r2_url": "https://pub-2c783279b61043e19fbdadd1bee5153a.r2.dev/U/2023-02-27/unity-20221231.htm/unity-20221231.pdf",
    "periodicity": "periodic"
  },
  {
    "equity_ticker": "U",
    "geography": "US",
    "content_name": "U Q3 2022 10-Q",
    "file_type": "pdf",
    "content_type": "quarterly_report",
    "published_date": "2022-11-09",
    "fiscal_date": "2022-09-30",
    "fiscal_year": 2022,
    "fiscal_quarter": 3,
    "r2_url": "https://pub-2c783279b61043e19fbdadd1bee5153a.r2.dev/U/2022-11-09/unity-20220930.htm/unity-20220930.pdf",
    "periodicity": "periodic"
  },
  {
    "equity_ticker": "U",
    "geography": "US",
    "content_name": "U Q2 2022 10-Q",
    "file_type": "pdf",
    "content_type": "quarterly_report",
    "published_date": "2022-08-09",
    "fiscal_date": "2022-06-30",
    "fiscal_year": 2022,
    "fiscal_quarter": 2,
    "r2_url": "https://pub-2c783279b61043e19fbdadd1bee5153a.r2.dev/U/2022-08-09/unity-20220630.htm/unity-20220630.pdf",
    "periodicity": "periodic"
  },
  {
    "equity_ticker": "U",
    "geography": "US",
    "content_name": "U Q1 2022 10-Q",
    "file_type": "pdf",
    "content_type": "quarterly_report",
    "published_date": "2022-05-10",
    "fiscal_date": "2022-03-31",
    "fiscal_year": 2022,
    "fiscal_quarter": 1,
    "r2_url": "https://pub-2c783279b61043e19fbdadd1bee5153a.r2.dev/U/2022-05-10/unity-20220331.htm/unity-20220331.pdf",
    "periodicity": "periodic"
  },
  {
    "equity_ticker": "U",
    "geography": "US",
    "content_name": "U Q4 2021 10-K",
    "file_type": "pdf",
    "content_type": "annual_report",
    "published_date": "2022-02-22",
    "fiscal_date": "2021-12-31",
    "fiscal_year": 2021,
    "fiscal_quarter": 4,
    "r2_url": "https://pub-2c783279b61043e19fbdadd1bee5153a.r2.dev/U/2022-02-22/unity-20211231.htm/unity-20211231.pdf",
    "periodicity": "periodic"
  },
  {
    "equity_ticker": "U",
    "geography": "US",
    "content_name": "U Q3 2021 10-Q",
    "file_type": "pdf",
    "content_type": "quarterly_report",
    "published_date": "2021-11-10",
    "fiscal_date": "2021-09-30",
    "fiscal_year": 2021,
    "fiscal_quarter": 3,
    "r2_url": "https://pub-2c783279b61043e19fbdadd1bee5153a.r2.dev/U/2021-11-10/unity-20210930.htm/unity-20210930.pdf",
    "periodicity": "periodic"
  },
  {
    "equity_ticker": "U",
    "geography": "US",
    "content_name": "U Q2 2021 10-Q",
    "file_type": "pdf",
    "content_type": "quarterly_report",
    "published_date": "2021-08-11",
    "fiscal_date": "2021-06-30",
    "fiscal_year": 2021,
    "fiscal_quarter": 2,
    "r2_url": "https://pub-2c783279b61043e19fbdadd1bee5153a.r2.dev/U/2021-08-11/unity-20210630.htm/unity-20210630.pdf",
    "periodicity": "periodic"
  },
  {
    "equity_ticker": "U",
    "geography": "US",
    "content_name": "U Q1 2021 10-Q",
    "file_type": "pdf",
    "content_type": "quarterly_report",
    "published_date": "2021-05-12",
    "fiscal_date": "2021-03-31",
    "fiscal_year": 2021,
    "fiscal_quarter": 1,
    "r2_url": "https://pub-2c783279b61043e19fbdadd1bee5153a.r2.dev/U/2021-05-12/unity-20210331.htm/unity-20210331.pdf",
    "periodicity": "periodic"
  },
  {
    "equity_ticker": "U",
    "geography": "US",
    "content_name": "U Q4 2020 10-K",
    "file_type": "pdf",
    "content_type": "annual_report",
    "published_date": "2021-03-05",
    "fiscal_date": "2020-12-31",
    "fiscal_year": 2020,
    "fiscal_quarter": 4,
    "r2_url": "https://pub-2c783279b61043e19fbdadd1bee5153a.r2.dev/U/2021-03-05/unity-20201231.htm/unity-20201231.pdf",
    "periodicity": "periodic"
  },
  {
    "equity_ticker": "U",
    "geography": "US",
    "content_name": "U Q3 2020 10-Q",
    "file_type": "pdf",
    "content_type": "quarterly_report",
    "published_date": "2020-11-13",
    "fiscal_date": "2020-09-30",
    "fiscal_year": 2020,
    "fiscal_quarter": 3,
    "r2_url": "https://pub-2c783279b61043e19fbdadd1bee5153a.r2.dev/U/2020-11-13/unity-20200930.htm/unity-20200930.pdf",
    "periodicity": "periodic"
  },
  {
    "equity_ticker": "U",
    "geography": "US",
    "content_name": "U Q2 2020 10-Q",
    "file_type": "pdf",
    "content_type": "quarterly_report",
    "published_date": "2011-11-14",
    "fiscal_date": "2011-09-30",
    "fiscal_year": 2020,
    "fiscal_quarter": 2,
    "r2_url": "https://pub-2c783279b61043e19fbdadd1bee5153a.r2.dev/U/2011-11-14/f11911210q.htm/f11911210q.pdf",
    "periodicity": "periodic"
  },
  {
    "equity_ticker": "U",
    "geography": "US",
    "content_name": "U Q1 2020 10-Q",
    "file_type": "pdf",
    "content_type": "quarterly_report",
    "published_date": "2011-08-12",
    "fiscal_date": "2011-06-30",
    "fiscal_year": 2020,
    "fiscal_quarter": 1,
    "r2_url": "https://pub-2c783279b61043e19fbdadd1bee5153a.r2.dev/U/2011-08-12/veii6301110q2.htm/veii6301110q2.pdf",
    "periodicity": "periodic"
  },
  {
    "equity_ticker": "U",
    "geography": "US",
    "content_name": "U Q4 2011 10-Q",
    "file_type": "pdf",
    "content_type": "quarterly_report",
    "published_date": "2011-05-10",
    "fiscal_date": "2011-03-31",
    "fiscal_year": 2011,
    "fiscal_quarter": 4,
    "r2_url": "https://pub-2c783279b61043e19fbdadd1bee5153a.r2.dev/U/2011-05-10/ver2veii3311110q.htm/ver2veii3311110q.pdf",
    "periodicity": "periodic"
  },
  {
    "equity_ticker": "U",
    "geography": "US",
    "content_name": "U Q3 2011 10-K",
    "file_type": "pdf",
    "content_type": "annual_report",
    "published_date": "2011-03-29",
    "fiscal_date": "2010-12-31",
    "fiscal_year": 2011,
    "fiscal_quarter": 3,
    "r2_url": "https://pub-2c783279b61043e19fbdadd1bee5153a.r2.dev/U/2011-03-29/voy-10k.txt/voy-10k.pdf",
    "periodicity": "periodic"
  },
  {
    "equity_ticker": "U",
    "geography": "US",
    "content_name": "U Q2 2011 10-Q",
    "file_type": "pdf",
    "content_type": "quarterly_report",
    "published_date": "2010-11-15",
    "fiscal_date": "2010-09-30",
    "fiscal_year": 2011,
    "fiscal_quarter": 2,
    "r2_url": "https://pub-2c783279b61043e19fbdadd1bee5153a.r2.dev/U/2010-11-15/voy-910q.txt/voy-910q.pdf",
    "periodicity": "periodic"
  },
  {
    "equity_ticker": "U",
    "geography": "US",
    "content_name": "U Q1 2011 10-Q",
    "file_type": "pdf",
    "content_type": "quarterly_report",
    "published_date": "2010-08-09",
    "fiscal_date": "2010-06-30",
    "fiscal_year": 2011,
    "fiscal_quarter": 1,
    "r2_url": "https://pub-2c783279b61043e19fbdadd1bee5153a.r2.dev/U/2010-08-09/voy-610q.txt/voy-610q.pdf",
    "periodicity": "periodic"
  },
  {
    "equity_ticker": "U",
    "geography": "US",
    "content_name": "U Q4 2010 10-Q",
    "file_type": "pdf",
    "content_type": "quarterly_report",
    "published_date": "2010-05-11",
    "fiscal_date": "2010-03-31",
    "fiscal_year": 2010,
    "fiscal_quarter": 4,
    "r2_url": "https://pub-2c783279b61043e19fbdadd1bee5153a.r2.dev/U/2010-05-11/voy-310q.txt/voy-310q.pdf",
    "periodicity": "periodic"
  },
  {
    "equity_ticker": "U",
    "geography": "US",
    "content_name": "U Q3 2010 10-K",
    "file_type": "pdf",
    "content_type": "annual_report",
    "published_date": "2010-03-30",
    "fiscal_date": "2009-12-31",
    "fiscal_year": 2010,
    "fiscal_quarter": 3,
    "r2_url": "https://pub-2c783279b61043e19fbdadd1bee5153a.r2.dev/U/2010-03-30/voy-09k.txt/voy-09k.pdf",
    "periodicity": "periodic"
  },
  {
    "equity_ticker": "U",
    "geography": "US",
    "content_name": "U Q2 2010 10-Q",
    "file_type": "pdf",
    "content_type": "quarterly_report",
    "published_date": "2009-11-16",
    "fiscal_date": "2009-09-30",
    "fiscal_year": 2010,
    "fiscal_quarter": 2,
    "r2_url": "https://pub-2c783279b61043e19fbdadd1bee5153a.r2.dev/U/2009-11-16/voy-909q.txt/voy-909q.pdf",
    "periodicity": "periodic"
  },
  {
    "equity_ticker": "U",
    "geography": "US",
    "content_name": "U Q1 2010 10-Q",
    "file_type": "pdf",
    "content_type": "quarterly_report",
    "published_date": "2009-08-07",
    "fiscal_date": "2009-06-30",
    "fiscal_year": 2010,
    "fiscal_quarter": 1,
    "r2_url": "https://pub-2c783279b61043e19fbdadd1bee5153a.r2.dev/U/2009-08-07/voy-609q.txt/voy-609q.pdf",
    "periodicity": "periodic"
  },
  {
    "equity_ticker": "U",
    "geography": "US",
    "content_name": "U Q4 2009 10-Q",
    "file_type": "pdf",
    "content_type": "quarterly_report",
    "published_date": "2009-05-14",
    "fiscal_date": "2009-03-31",
    "fiscal_year": 2009,
    "fiscal_quarter": 4,
    "r2_url": "https://pub-2c783279b61043e19fbdadd1bee5153a.r2.dev/U/2009-05-14/voy-309q.txt/voy-309q.pdf",
    "periodicity": "periodic"
  },
  {
    "equity_ticker": "U",
    "geography": "US",
    "content_name": "U Q3 2009 10-K",
    "file_type": "pdf",
    "content_type": "annual_report",
    "published_date": "2009-03-31",
    "fiscal_date": "2008-12-31",
    "fiscal_year": 2009,
    "fiscal_quarter": 3,
    "r2_url": "https://pub-2c783279b61043e19fbdadd1bee5153a.r2.dev/U/2009-03-31/voy-10k.txt/voy-10k.pdf",
    "periodicity": "periodic"
  },
  {
    "equity_ticker": "U",
    "geography": "US",
    "content_name": "U Q2 2009 10-Q",
    "file_type": "pdf",
    "content_type": "quarterly_report",
    "published_date": "2008-11-13",
    "fiscal_date": "2008-09-30",
    "fiscal_year": 2009,
    "fiscal_quarter": 2,
    "r2_url": "https://pub-2c783279b61043e19fbdadd1bee5153a.r2.dev/U/2008-11-13/voy-908q.txt/voy-908q.pdf",
    "periodicity": "periodic"
  },
  {
    "equity_ticker": "U",
    "geography": "US",
    "content_name": "U Q1 2009 10-Q",
    "file_type": "pdf",
    "content_type": "quarterly_report",
    "published_date": "2008-08-11",
    "fiscal_date": "2008-06-30",
    "fiscal_year": 2009,
    "fiscal_quarter": 1,
    "r2_url": "https://pub-2c783279b61043e19fbdadd1bee5153a.r2.dev/U/2008-08-11/voy-608q.txt/voy-608q.pdf",
    "periodicity": "periodic"
  },
  {
    "equity_ticker": "U",
    "geography": "US",
    "content_name": "U Q4 2008 10-Q",
    "file_type": "pdf",
    "content_type": "quarterly_report",
    "published_date": "2008-05-14",
    "fiscal_date": "2008-03-31",
    "fiscal_year": 2008,
    "fiscal_quarter": 4,
    "r2_url": "https://pub-2c783279b61043e19fbdadd1bee5153a.r2.dev/U/2008-05-14/voy-308q.txt/voy-308q.pdf",
    "periodicity": "periodic"
  }
]