[
    {
        "equity_ticker": "WDAY",
        "geography": "US",
        "content_name": "WDAY Q4 2025 10-K",
        "file_type": "pdf",
        "content_type": "annual_report",
        "published_date": "2025-03-11",
        "fiscal_date": "2025-01-31",
        "fiscal_year": 2025,
        "fiscal_quarter": 4,
        "r2_url": "https://pub-2c783279b61043e19fbdadd1bee5153a.r2.dev/WDAY/2025-03-11/wday-20250131.htm/wday-20250131.pdf",
        "periodicity": "periodic"
    },
    {
        "equity_ticker": "WDAY",
        "geography": "US",
        "content_name": "WDAY Q3 2025 10-Q",
        "file_type": "pdf",
        "content_type": "quarterly_report",
        "published_date": "2024-12-04",
        "fiscal_date": "2024-10-31",
        "fiscal_year": 2025,
        "fiscal_quarter": 3,
        "r2_url": "https://pub-2c783279b61043e19fbdadd1bee5153a.r2.dev/WDAY/2024-12-04/wday-20241031.htm/wday-20241031.pdf",
        "periodicity": "periodic"
    },
    {
        "equity_ticker": "WDAY",
        "geography": "US",
        "content_name": "WDAY Q2 2025 10-Q",
        "file_type": "pdf",
        "content_type": "quarterly_report",
        "published_date": "2024-08-28",
        "fiscal_date": "2024-07-31",
        "fiscal_year": 2025,
        "fiscal_quarter": 2,
        "r2_url": "https://pub-2c783279b61043e19fbdadd1bee5153a.r2.dev/WDAY/2024-08-28/wday-20240731.htm/wday-20240731.pdf",
        "periodicity": "periodic"
    },
    {
        "equity_ticker": "WDAY",
        "geography": "US",
        "content_name": "WDAY Q1 2025 10-Q",
        "file_type": "pdf",
        "content_type": "quarterly_report",
        "published_date": "2024-05-29",
        "fiscal_date": "2024-04-30",
        "fiscal_year": 2025,
        "fiscal_quarter": 1,
        "r2_url": "https://pub-2c783279b61043e19fbdadd1bee5153a.r2.dev/WDAY/2024-05-29/wday-20240430.htm/wday-20240430.pdf",
        "periodicity": "periodic"
    },
    {
        "equity_ticker": "WDAY",
        "geography": "US",
        "content_name": "WDAY Q4 2024 10-K",
        "file_type": "pdf",
        "content_type": "annual_report",
        "published_date": "2024-03-08",
        "fiscal_date": "2024-01-31",
        "fiscal_year": 2024,
        "fiscal_quarter": 4,
        "r2_url": "https://pub-2c783279b61043e19fbdadd1bee5153a.r2.dev/WDAY/2024-03-08/wday-20240131.htm/wday-20240131.pdf",
        "periodicity": "periodic"
    },
    {
        "equity_ticker": "WDAY",
        "geography": "US",
        "content_name": "WDAY Q3 2024 10-Q",
        "file_type": "pdf",
        "content_type": "quarterly_report",
        "published_date": "2023-11-28",
        "fiscal_date": "2023-10-31",
        "fiscal_year": 2024,
        "fiscal_quarter": 3,
        "r2_url": "https://pub-2c783279b61043e19fbdadd1bee5153a.r2.dev/WDAY/2023-11-28/wday-20231031.htm/wday-20231031.pdf",
        "periodicity": "periodic"
    },
    {
        "equity_ticker": "WDAY",
        "geography": "US",
        "content_name": "WDAY Q2 2024 10-Q",
        "file_type": "pdf",
        "content_type": "quarterly_report",
        "published_date": "2023-08-24",
        "fiscal_date": "2023-07-31",
        "fiscal_year": 2024,
        "fiscal_quarter": 2,
        "r2_url": "https://pub-2c783279b61043e19fbdadd1bee5153a.r2.dev/WDAY/2023-08-24/wday-20230731.htm/wday-20230731.pdf",
        "periodicity": "periodic"
    },
    {
        "equity_ticker": "WDAY",
        "geography": "US",
        "content_name": "WDAY Q1 2024 10-Q",
        "file_type": "pdf",
        "content_type": "quarterly_report",
        "published_date": "2023-05-25",
        "fiscal_date": "2023-04-30",
        "fiscal_year": 2024,
        "fiscal_quarter": 1,
        "r2_url": "https://pub-2c783279b61043e19fbdadd1bee5153a.r2.dev/WDAY/2023-05-25/wday-20230430.htm/wday-20230430.pdf",
        "periodicity": "periodic"
    },
    {
        "equity_ticker": "WDAY",
        "geography": "US",
        "content_name": "WDAY Q4 2023 10-K",
        "file_type": "pdf",
        "content_type": "annual_report",
        "published_date": "2023-02-27",
        "fiscal_date": "2023-01-31",
        "fiscal_year": 2023,
        "fiscal_quarter": 4,
        "r2_url": "https://pub-2c783279b61043e19fbdadd1bee5153a.r2.dev/WDAY/2023-02-27/wday-20230131.htm/wday-20230131.pdf",
        "periodicity": "periodic"
    },
    {
        "equity_ticker": "WDAY",
        "geography": "US",
        "content_name": "WDAY Q3 2023 10-Q",
        "file_type": "pdf",
        "content_type": "quarterly_report",
        "published_date": "2022-11-29",
        "fiscal_date": "2022-10-31",
        "fiscal_year": 2023,
        "fiscal_quarter": 3,
        "r2_url": "https://pub-2c783279b61043e19fbdadd1bee5153a.r2.dev/WDAY/2022-11-29/wday-20221031.htm/wday-20221031.pdf",
        "periodicity": "periodic"
    },
    {
        "equity_ticker": "WDAY",
        "geography": "US",
        "content_name": "WDAY Q2 2023 10-Q",
        "file_type": "pdf",
        "content_type": "quarterly_report",
        "published_date": "2022-08-25",
        "fiscal_date": "2022-07-31",
        "fiscal_year": 2023,
        "fiscal_quarter": 2,
        "r2_url": "https://pub-2c783279b61043e19fbdadd1bee5153a.r2.dev/WDAY/2022-08-25/wday-20220731.htm/wday-20220731.pdf",
        "periodicity": "periodic"
    },
    {
        "equity_ticker": "WDAY",
        "geography": "US",
        "content_name": "WDAY Q1 2023 10-Q",
        "file_type": "pdf",
        "content_type": "quarterly_report",
        "published_date": "2022-05-26",
        "fiscal_date": "2022-04-30",
        "fiscal_year": 2023,
        "fiscal_quarter": 1,
        "r2_url": "https://pub-2c783279b61043e19fbdadd1bee5153a.r2.dev/WDAY/2022-05-26/wday-20220430.htm/wday-20220430.pdf",
        "periodicity": "periodic"
    },
    {
        "equity_ticker": "WDAY",
        "geography": "US",
        "content_name": "WDAY Q4 2022 10-K",
        "file_type": "pdf",
        "content_type": "annual_report",
        "published_date": "2022-02-28",
        "fiscal_date": "2022-01-31",
        "fiscal_year": 2022,
        "fiscal_quarter": 4,
        "r2_url": "https://pub-2c783279b61043e19fbdadd1bee5153a.r2.dev/WDAY/2022-02-28/wday-20220131.htm/wday-20220131.pdf",
        "periodicity": "periodic"
    },
    {
        "equity_ticker": "WDAY",
        "geography": "US",
        "content_name": "WDAY Q3 2022 10-Q",
        "file_type": "pdf",
        "content_type": "quarterly_report",
        "published_date": "2021-11-18",
        "fiscal_date": "2021-10-31",
        "fiscal_year": 2022,
        "fiscal_quarter": 3,
        "r2_url": "https://pub-2c783279b61043e19fbdadd1bee5153a.r2.dev/WDAY/2021-11-18/wday-20211031.htm/wday-20211031.pdf",
        "periodicity": "periodic"
    },
    {
        "equity_ticker": "WDAY",
        "geography": "US",
        "content_name": "WDAY Q2 2022 10-Q",
        "file_type": "pdf",
        "content_type": "quarterly_report",
        "published_date": "2021-08-26",
        "fiscal_date": "2021-07-31",
        "fiscal_year": 2022,
        "fiscal_quarter": 2,
        "r2_url": "https://pub-2c783279b61043e19fbdadd1bee5153a.r2.dev/WDAY/2021-08-26/wday-20210731.htm/wday-20210731.pdf",
        "periodicity": "periodic"
    },
    {
        "equity_ticker": "WDAY",
        "geography": "US",
        "content_name": "WDAY Q1 2022 10-Q",
        "file_type": "pdf",
        "content_type": "quarterly_report",
        "published_date": "2021-05-26",
        "fiscal_date": "2021-04-30",
        "fiscal_year": 2022,
        "fiscal_quarter": 1,
        "r2_url": "https://pub-2c783279b61043e19fbdadd1bee5153a.r2.dev/WDAY/2021-05-26/wday-20210430.htm/wday-20210430.pdf",
        "periodicity": "periodic"
    },
    {
        "equity_ticker": "WDAY",
        "geography": "US",
        "content_name": "WDAY Q4 2021 10-K",
        "file_type": "pdf",
        "content_type": "annual_report",
        "published_date": "2021-03-02",
        "fiscal_date": "2021-01-31",
        "fiscal_year": 2021,
        "fiscal_quarter": 4,
        "r2_url": "https://pub-2c783279b61043e19fbdadd1bee5153a.r2.dev/WDAY/2021-03-02/wday-20210131.htm/wday-20210131.pdf",
        "periodicity": "periodic"
    },
    {
        "equity_ticker": "WDAY",
        "geography": "US",
        "content_name": "WDAY Q3 2021 10-Q",
        "file_type": "pdf",
        "content_type": "quarterly_report",
        "published_date": "2020-11-20",
        "fiscal_date": "2020-10-31",
        "fiscal_year": 2021,
        "fiscal_quarter": 3,
        "r2_url": "https://pub-2c783279b61043e19fbdadd1bee5153a.r2.dev/WDAY/2020-11-20/wday-20201031.htm/wday-20201031.pdf",
        "periodicity": "periodic"
    },
    {
        "equity_ticker": "WDAY",
        "geography": "US",
        "content_name": "WDAY Q2 2021 10-Q",
        "file_type": "pdf",
        "content_type": "quarterly_report",
        "published_date": "2020-08-28",
        "fiscal_date": "2020-07-31",
        "fiscal_year": 2021,
        "fiscal_quarter": 2,
        "r2_url": "https://pub-2c783279b61043e19fbdadd1bee5153a.r2.dev/WDAY/2020-08-28/wday-20200731.htm/ix.pdf",
        "periodicity": "periodic"
    },
    {
        "equity_ticker": "WDAY",
        "geography": "US",
        "content_name": "WDAY Q1 2021 10-Q",
        "file_type": "pdf",
        "content_type": "quarterly_report",
        "published_date": "2020-05-28",
        "fiscal_date": "2020-04-30",
        "fiscal_year": 2021,
        "fiscal_quarter": 1,
        "r2_url": "https://pub-2c783279b61043e19fbdadd1bee5153a.r2.dev/WDAY/2020-05-28/wday-20200430.htm/ix.pdf",
        "periodicity": "periodic"
    },
    {
        "equity_ticker": "WDAY",
        "geography": "US",
        "content_name": "WDAY Q4 2020 10-K",
        "file_type": "pdf",
        "content_type": "annual_report",
        "published_date": "2020-03-03",
        "fiscal_date": "2020-01-31",
        "fiscal_year": 2020,
        "fiscal_quarter": 4,
        "r2_url": "https://pub-2c783279b61043e19fbdadd1bee5153a.r2.dev/WDAY/2020-03-03/wday-20200131.htm/ix.pdf",
        "periodicity": "periodic"
    },
    {
        "equity_ticker": "WDAY",
        "geography": "US",
        "content_name": "WDAY Q3 2020 10-Q",
        "file_type": "pdf",
        "content_type": "quarterly_report",
        "published_date": "2019-12-04",
        "fiscal_date": "2019-10-31",
        "fiscal_year": 2020,
        "fiscal_quarter": 3,
        "r2_url": "https://pub-2c783279b61043e19fbdadd1bee5153a.r2.dev/WDAY/2019-12-04/wday-10312019x10q.htm/ix.pdf",
        "periodicity": "periodic"
    },
    {
        "equity_ticker": "WDAY",
        "geography": "US",
        "content_name": "WDAY Q2 2020 10-Q",
        "file_type": "pdf",
        "content_type": "quarterly_report",
        "published_date": "2019-08-30",
        "fiscal_date": "2019-07-31",
        "fiscal_year": 2020,
        "fiscal_quarter": 2,
        "r2_url": "https://pub-2c783279b61043e19fbdadd1bee5153a.r2.dev/WDAY/2019-08-30/wday-7312019x10q.htm/ix.pdf",
        "periodicity": "periodic"
    },
    {
        "equity_ticker": "WDAY",
        "geography": "US",
        "content_name": "WDAY Q1 2020 10-Q",
        "file_type": "pdf",
        "content_type": "quarterly_report",
        "published_date": "2019-05-30",
        "fiscal_date": "2019-04-30",
        "fiscal_year": 2020,
        "fiscal_quarter": 1,
        "r2_url": "https://pub-2c783279b61043e19fbdadd1bee5153a.r2.dev/WDAY/2019-05-30/wday-4302019x10q.htm/wday-4302019x10q.pdf",
        "periodicity": "periodic"
    },
    {
        "equity_ticker": "WDAY",
        "geography": "US",
        "content_name": "WDAY Q4 2019 10-K",
        "file_type": "pdf",
        "content_type": "annual_report",
        "published_date": "2019-03-18",
        "fiscal_date": "2019-01-31",
        "fiscal_year": 2019,
        "fiscal_quarter": 4,
        "r2_url": "https://pub-2c783279b61043e19fbdadd1bee5153a.r2.dev/WDAY/2019-03-18/wday-01312019x10k.htm/wday-01312019x10k.pdf",
        "periodicity": "periodic"
    },
    {
        "equity_ticker": "WDAY",
        "geography": "US",
        "content_name": "WDAY Q3 2019 10-Q",
        "file_type": "pdf",
        "content_type": "quarterly_report",
        "published_date": "2018-12-03",
        "fiscal_date": "2018-10-31",
        "fiscal_year": 2019,
        "fiscal_quarter": 3,
        "r2_url": "https://pub-2c783279b61043e19fbdadd1bee5153a.r2.dev/WDAY/2018-12-03/wday-10312018x10q.htm/wday-10312018x10q.pdf",
        "periodicity": "periodic"
    },
    {
        "equity_ticker": "WDAY",
        "geography": "US",
        "content_name": "WDAY Q2 2019 10-Q",
        "file_type": "pdf",
        "content_type": "quarterly_report",
        "published_date": "2018-09-05",
        "fiscal_date": "2018-07-31",
        "fiscal_year": 2019,
        "fiscal_quarter": 2,
        "r2_url": "https://pub-2c783279b61043e19fbdadd1bee5153a.r2.dev/WDAY/2018-09-05/wday-07312018x10q.htm/wday-07312018x10q.pdf",
        "periodicity": "periodic"
    },
    {
        "equity_ticker": "WDAY",
        "geography": "US",
        "content_name": "WDAY Q1 2019 10-Q",
        "file_type": "pdf",
        "content_type": "quarterly_report",
        "published_date": "2018-06-01",
        "fiscal_date": "2018-04-30",
        "fiscal_year": 2019,
        "fiscal_quarter": 1,
        "r2_url": "https://pub-2c783279b61043e19fbdadd1bee5153a.r2.dev/WDAY/2018-06-01/wday-04302018x10q.htm/wday-04302018x10q.pdf",
        "periodicity": "periodic"
    },
    {
        "equity_ticker": "WDAY",
        "geography": "US",
        "content_name": "WDAY Q4 2018 10-K",
        "file_type": "pdf",
        "content_type": "annual_report",
        "published_date": "2018-03-14",
        "fiscal_date": "2018-01-31",
        "fiscal_year": 2018,
        "fiscal_quarter": 4,
        "r2_url": "https://pub-2c783279b61043e19fbdadd1bee5153a.r2.dev/WDAY/2018-03-14/wday-01312018x10k.htm/wday-01312018x10k.pdf",
        "periodicity": "periodic"
    },
    {
        "equity_ticker": "WDAY",
        "geography": "US",
        "content_name": "WDAY Q3 2018 10-Q",
        "file_type": "pdf",
        "content_type": "quarterly_report",
        "published_date": "2017-11-30",
        "fiscal_date": "2017-10-31",
        "fiscal_year": 2018,
        "fiscal_quarter": 3,
        "r2_url": "https://pub-2c783279b61043e19fbdadd1bee5153a.r2.dev/WDAY/2017-11-30/wday-10312017x10q.htm/wday-10312017x10q.pdf",
        "periodicity": "periodic"
    },
    {
        "equity_ticker": "WDAY",
        "geography": "US",
        "content_name": "WDAY Q2 2018 10-Q",
        "file_type": "pdf",
        "content_type": "quarterly_report",
        "published_date": "2017-08-31",
        "fiscal_date": "2017-07-31",
        "fiscal_year": 2018,
        "fiscal_quarter": 2,
        "r2_url": "https://pub-2c783279b61043e19fbdadd1bee5153a.r2.dev/WDAY/2017-08-31/wday-07312017x10q.htm/wday-07312017x10q.pdf",
        "periodicity": "periodic"
    },
    {
        "equity_ticker": "WDAY",
        "geography": "US",
        "content_name": "WDAY Q1 2018 10-Q",
        "file_type": "pdf",
        "content_type": "quarterly_report",
        "published_date": "2017-06-02",
        "fiscal_date": "2017-04-30",
        "fiscal_year": 2018,
        "fiscal_quarter": 1,
        "r2_url": "https://pub-2c783279b61043e19fbdadd1bee5153a.r2.dev/WDAY/2017-06-02/wday-04302017x10q.htm/wday-04302017x10q.pdf",
        "periodicity": "periodic"
    },
    {
        "equity_ticker": "WDAY",
        "geography": "US",
        "content_name": "WDAY Q4 2017 10-K",
        "file_type": "pdf",
        "content_type": "annual_report",
        "published_date": "2017-03-20",
        "fiscal_date": "2017-01-31",
        "fiscal_year": 2017,
        "fiscal_quarter": 4,
        "r2_url": "https://pub-2c783279b61043e19fbdadd1bee5153a.r2.dev/WDAY/2017-03-20/wday-01312017x10k.htm/wday-01312017x10k.pdf",
        "periodicity": "periodic"
    },
    {
        "equity_ticker": "WDAY",
        "geography": "US",
        "content_name": "WDAY Q3 2017 10-Q",
        "file_type": "pdf",
        "content_type": "quarterly_report",
        "published_date": "2016-12-02",
        "fiscal_date": "2016-10-31",
        "fiscal_year": 2017,
        "fiscal_quarter": 3,
        "r2_url": "https://pub-2c783279b61043e19fbdadd1bee5153a.r2.dev/WDAY/2016-12-02/wday-10312016x10q.htm/wday-10312016x10q.pdf",
        "periodicity": "periodic"
    },
    {
        "equity_ticker": "WDAY",
        "geography": "US",
        "content_name": "WDAY Q2 2017 10-Q",
        "file_type": "pdf",
        "content_type": "quarterly_report",
        "published_date": "2016-09-02",
        "fiscal_date": "2016-07-31",
        "fiscal_year": 2017,
        "fiscal_quarter": 2,
        "r2_url": "https://pub-2c783279b61043e19fbdadd1bee5153a.r2.dev/WDAY/2016-09-02/wday-07312016x10q.htm/wday-07312016x10q.pdf",
        "periodicity": "periodic"
    },
    {
        "equity_ticker": "WDAY",
        "geography": "US",
        "content_name": "WDAY Q1 2017 10-Q",
        "file_type": "pdf",
        "content_type": "quarterly_report",
        "published_date": "2016-06-01",
        "fiscal_date": "2016-04-30",
        "fiscal_year": 2017,
        "fiscal_quarter": 1,
        "r2_url": "https://pub-2c783279b61043e19fbdadd1bee5153a.r2.dev/WDAY/2016-06-01/wday-04302016x10q.htm/wday-04302016x10q.pdf",
        "periodicity": "periodic"
    },
    {
        "equity_ticker": "WDAY",
        "geography": "US",
        "content_name": "WDAY Q4 2016 10-K",
        "file_type": "pdf",
        "content_type": "annual_report",
        "published_date": "2016-03-22",
        "fiscal_date": "2016-01-31",
        "fiscal_year": 2016,
        "fiscal_quarter": 4,
        "r2_url": "https://pub-2c783279b61043e19fbdadd1bee5153a.r2.dev/WDAY/2016-03-22/wday-01312016x10k.htm/wday-01312016x10k.pdf",
        "periodicity": "periodic"
    },
    {
        "equity_ticker": "WDAY",
        "geography": "US",
        "content_name": "WDAY Q3 2016 10-Q",
        "file_type": "pdf",
        "content_type": "quarterly_report",
        "published_date": "2015-12-04",
        "fiscal_date": "2015-10-31",
        "fiscal_year": 2016,
        "fiscal_quarter": 3,
        "r2_url": "https://pub-2c783279b61043e19fbdadd1bee5153a.r2.dev/WDAY/2015-12-04/wday-10312015x10q.htm/wday-10312015x10q.pdf",
        "periodicity": "periodic"
    },
    {
        "equity_ticker": "WDAY",
        "geography": "US",
        "content_name": "WDAY Q2 2016 10-Q",
        "file_type": "pdf",
        "content_type": "quarterly_report",
        "published_date": "2015-09-04",
        "fiscal_date": "2015-07-31",
        "fiscal_year": 2016,
        "fiscal_quarter": 2,
        "r2_url": "https://pub-2c783279b61043e19fbdadd1bee5153a.r2.dev/WDAY/2015-09-04/wday-07312015x10q.htm/wday-07312015x10q.pdf",
        "periodicity": "periodic"
    },
    {
        "equity_ticker": "WDAY",
        "geography": "US",
        "content_name": "WDAY Q1 2016 10-Q",
        "file_type": "pdf",
        "content_type": "quarterly_report",
        "published_date": "2015-06-05",
        "fiscal_date": "2015-04-30",
        "fiscal_year": 2016,
        "fiscal_quarter": 1,
        "r2_url": "https://pub-2c783279b61043e19fbdadd1bee5153a.r2.dev/WDAY/2015-06-05/wday-04302015x10q.htm/wday-04302015x10q.pdf",
        "periodicity": "periodic"
    },
    {
        "equity_ticker": "WDAY",
        "geography": "US",
        "content_name": "WDAY Q4 2015 10-K",
        "file_type": "pdf",
        "content_type": "annual_report",
        "published_date": "2015-03-25",
        "fiscal_date": "2015-01-31",
        "fiscal_year": 2015,
        "fiscal_quarter": 4,
        "r2_url": "https://pub-2c783279b61043e19fbdadd1bee5153a.r2.dev/WDAY/2015-03-25/wday-01312015x10k.htm/wday-01312015x10k.pdf",
        "periodicity": "periodic"
    },
    {
        "equity_ticker": "WDAY",
        "geography": "US",
        "content_name": "WDAY Q3 2015 10-Q",
        "file_type": "pdf",
        "content_type": "quarterly_report",
        "published_date": "2014-12-05",
        "fiscal_date": "2014-10-31",
        "fiscal_year": 2015,
        "fiscal_quarter": 3,
        "r2_url": "https://pub-2c783279b61043e19fbdadd1bee5153a.r2.dev/WDAY/2014-12-05/wday-10312014x10q.htm/wday-10312014x10q.pdf",
        "periodicity": "periodic"
    },
    {
        "equity_ticker": "WDAY",
        "geography": "US",
        "content_name": "WDAY Q2 2015 10-Q",
        "file_type": "pdf",
        "content_type": "quarterly_report",
        "published_date": "2014-09-02",
        "fiscal_date": "2014-07-31",
        "fiscal_year": 2015,
        "fiscal_quarter": 2,
        "r2_url": "https://pub-2c783279b61043e19fbdadd1bee5153a.r2.dev/WDAY/2014-09-02/d752291d10q.htm/d752291d10q.pdf",
        "periodicity": "periodic"
    },
    {
        "equity_ticker": "WDAY",
        "geography": "US",
        "content_name": "WDAY Q1 2015 10-Q",
        "file_type": "pdf",
        "content_type": "quarterly_report",
        "published_date": "2014-06-06",
        "fiscal_date": "2014-04-30",
        "fiscal_year": 2015,
        "fiscal_quarter": 1,
        "r2_url": "https://pub-2c783279b61043e19fbdadd1bee5153a.r2.dev/WDAY/2014-06-06/d722300d10q.htm/d722300d10q.pdf",
        "periodicity": "periodic"
    },
    {
        "equity_ticker": "WDAY",
        "geography": "US",
        "content_name": "WDAY Q4 2014 10-K",
        "file_type": "pdf",
        "content_type": "annual_report",
        "published_date": "2014-03-31",
        "fiscal_date": "2014-01-31",
        "fiscal_year": 2014,
        "fiscal_quarter": 4,
        "r2_url": "https://pub-2c783279b61043e19fbdadd1bee5153a.r2.dev/WDAY/2014-03-31/d667142d10k.htm/d667142d10k.pdf",
        "periodicity": "periodic"
    },
    {
        "equity_ticker": "WDAY",
        "geography": "US",
        "content_name": "WDAY Q3 2014 10-Q",
        "file_type": "pdf",
        "content_type": "quarterly_report",
        "published_date": "2013-12-02",
        "fiscal_date": "2013-10-31",
        "fiscal_year": 2014,
        "fiscal_quarter": 3,
        "r2_url": "https://pub-2c783279b61043e19fbdadd1bee5153a.r2.dev/WDAY/2013-12-02/d614742d10q.htm/d614742d10q.pdf",
        "periodicity": "periodic"
    },
    {
        "equity_ticker": "WDAY",
        "geography": "US",
        "content_name": "WDAY Q2 2014 10-Q",
        "file_type": "pdf",
        "content_type": "quarterly_report",
        "published_date": "2013-09-06",
        "fiscal_date": "2013-07-31",
        "fiscal_year": 2014,
        "fiscal_quarter": 2,
        "r2_url": "https://pub-2c783279b61043e19fbdadd1bee5153a.r2.dev/WDAY/2013-09-06/d567972d10q.htm/d567972d10q.pdf",
        "periodicity": "periodic"
    },
    {
        "equity_ticker": "WDAY",
        "geography": "US",
        "content_name": "WDAY Q1 2014 10-Q",
        "file_type": "pdf",
        "content_type": "quarterly_report",
        "published_date": "2013-06-05",
        "fiscal_date": "2013-04-30",
        "fiscal_year": 2014,
        "fiscal_quarter": 1,
        "r2_url": "https://pub-2c783279b61043e19fbdadd1bee5153a.r2.dev/WDAY/2013-06-05/d519039d10q.htm/d519039d10q.pdf",
        "periodicity": "periodic"
    },
    {
        "equity_ticker": "WDAY",
        "geography": "US",
        "content_name": "WDAY Q4 2013 10-K",
        "file_type": "pdf",
        "content_type": "annual_report",
        "published_date": "2013-03-22",
        "fiscal_date": "2013-01-31",
        "fiscal_year": 2013,
        "fiscal_quarter": 4,
        "r2_url": "https://pub-2c783279b61043e19fbdadd1bee5153a.r2.dev/WDAY/2013-03-22/d448150d10k.htm/d448150d10k.pdf",
        "periodicity": "periodic"
    },
    {
        "equity_ticker": "WDAY",
        "geography": "US",
        "content_name": "WDAY Q3 2013 10-Q",
        "file_type": "pdf",
        "content_type": "quarterly_report",
        "published_date": "2012-12-07",
        "fiscal_date": "2012-10-31",
        "fiscal_year": 2013,
        "fiscal_quarter": 3,
        "r2_url": "https://pub-2c783279b61043e19fbdadd1bee5153a.r2.dev/WDAY/2012-12-07/d411267d10q.htm/d411267d10q.pdf",
        "periodicity": "periodic"
    },
    {
        "equity_ticker": "WDAY",
        "geography": "US",
        "content_name": "Morgan Stanley Technology, Media & Telecom Conference - March 4, 2025",
        "file_type": "pdf",
        "content_type": "sellside_conference_transcript",
        "published_date": "2025-03-04",
        "fiscal_date": "2025-03-04",
        "fiscal_year": null,
        "fiscal_quarter": null,
        "r2_url": "https://pub-2c783279b61043e19fbdadd1bee5153a.r2.dev/WDAY/2025-03-04/Workday%2C%20Inc._2025-03-04_transcript/Workday%2C%20Inc._2025-03-04_transcript.pdf/Workday%2C%20Inc._2025-03-04_transcript.pdf",
        "periodicity": "non_periodic"
    },
    {
        "equity_ticker": "WDAY",
        "geography": "US",
        "content_name": "WDAY Q4 2025 Transcript",
        "file_type": "pdf",
        "content_type": "earnings_transcript",
        "published_date": "2025-02-25",
        "fiscal_date": "2025-02-25",
        "fiscal_year": 2025,
        "fiscal_quarter": 4,
        "r2_url": "https://pub-2c783279b61043e19fbdadd1bee5153a.r2.dev/WDAY/2025-02-25/Workday%2C%20Inc._2025-02-25_transcript/Workday%2C%20Inc._2025-02-25_transcript.pdf/Workday%2C%20Inc._2025-02-25_transcript.pdf",
        "periodicity": "periodic"
    },
    {
        "equity_ticker": "WDAY",
        "geography": "US",
        "content_name": "WDAY Q4 2025 Press Release",
        "file_type": "pdf",
        "content_type": "earnings_press_release",
        "published_date": "2025-02-25",
        "fiscal_date": "2025-02-25",
        "fiscal_year": 2025,
        "fiscal_quarter": 4,
        "r2_url": "https://pub-2c783279b61043e19fbdadd1bee5153a.r2.dev/WDAY/2025-02-25/1a884-2025-02-25-09-12-04/1a884-2025-02-25-09-12-04.pdf/1a884-2025-02-25-09-12-04.pdf",
        "periodicity": "periodic"
    },
    {
        "equity_ticker": "WDAY",
        "geography": "US",
        "content_name": "WDAY Q4 2025 Presentation",
        "file_type": "pdf",
        "content_type": "earnings_presentation",
        "published_date": "2025-02-25",
        "fiscal_date": "2025-02-25",
        "fiscal_year": 2025,
        "fiscal_quarter": 4,
        "r2_url": "https://pub-2c783279b61043e19fbdadd1bee5153a.r2.dev/WDAY/2025-02-25/0c45c-2025-02-25-11-36-50/0c45c-2025-02-25-11-36-50.pdf/0c45c-2025-02-25-11-36-50.pdf",
        "periodicity": "periodic"
    },
    {
        "equity_ticker": "WDAY",
        "geography": "US",
        "content_name": "WDAY Q3 2025 Transcript",
        "file_type": "pdf",
        "content_type": "earnings_transcript",
        "published_date": "2024-11-26",
        "fiscal_date": "2024-11-26",
        "fiscal_year": 2025,
        "fiscal_quarter": 3,
        "r2_url": "https://pub-2c783279b61043e19fbdadd1bee5153a.r2.dev/WDAY/2024-11-26/Workday%2C%20Inc._2024-11-26_transcript/Workday%2C%20Inc._2024-11-26_transcript.pdf/Workday%2C%20Inc._2024-11-26_transcript.pdf",
        "periodicity": "periodic"
    },
    {
        "equity_ticker": "WDAY",
        "geography": "US",
        "content_name": "WDAY Q3 2025 Press Release",
        "file_type": "pdf",
        "content_type": "earnings_press_release",
        "published_date": "2024-11-26",
        "fiscal_date": "2024-11-26",
        "fiscal_year": 2025,
        "fiscal_quarter": 3,
        "r2_url": "https://pub-2c783279b61043e19fbdadd1bee5153a.r2.dev/WDAY/2024-11-26/e13ae-2024-11-26-09-36-05/e13ae-2024-11-26-09-36-05.pdf/e13ae-2024-11-26-09-36-05.pdf",
        "periodicity": "periodic"
    },
    {
        "equity_ticker": "WDAY",
        "geography": "US",
        "content_name": "WDAY Q3 2025 Presentation",
        "file_type": "pdf",
        "content_type": "earnings_presentation",
        "published_date": "2024-11-26",
        "fiscal_date": "2024-11-26",
        "fiscal_year": 2025,
        "fiscal_quarter": 3,
        "r2_url": "https://pub-2c783279b61043e19fbdadd1bee5153a.r2.dev/WDAY/2024-11-26/5618a-2024-11-26-11-54-14/5618a-2024-11-26-11-54-14.pdf/5618a-2024-11-26-11-54-14.pdf",
        "periodicity": "periodic"
    },
    {
        "equity_ticker": "WDAY",
        "geography": "US",
        "content_name": "Investor Day 2024 - September 17, 2024",
        "file_type": "pdf",
        "content_type": "company_conference_transcript",
        "published_date": "2024-09-17",
        "fiscal_date": "2024-09-17",
        "fiscal_year": null,
        "fiscal_quarter": null,
        "r2_url": "https://pub-2c783279b61043e19fbdadd1bee5153a.r2.dev/WDAY/2024-09-17/Workday%2C%20Inc._2024-09-17_transcript/Workday%2C%20Inc._2024-09-17_transcript.pdf/Workday%2C%20Inc._2024-09-17_transcript.pdf",
        "periodicity": "non_periodic"
    },
    {
        "equity_ticker": "WDAY",
        "geography": "US",
        "content_name": "Investor Day 2024 - September 17, 2024",
        "file_type": "pdf",
        "content_type": "company_conference_presentation",
        "published_date": "2024-09-17",
        "fiscal_date": "2024-09-17",
        "fiscal_year": null,
        "fiscal_quarter": null,
        "r2_url": "https://pub-2c783279b61043e19fbdadd1bee5153a.r2.dev/WDAY/2024-09-17/575dd-2024-09-18-07-10-27/575dd-2024-09-18-07-10-27.pdf/575dd-2024-09-18-07-10-27.pdf",
        "periodicity": "non_periodic"
    },
    {
        "equity_ticker": "WDAY",
        "geography": "US",
        "content_name": "Goldman Sachs Communacopia + Technology Conference 2024 - September 11, 2024",
        "file_type": "pdf",
        "content_type": "sellside_conference_transcript",
        "published_date": "2024-09-11",
        "fiscal_date": "2024-09-11",
        "fiscal_year": null,
        "fiscal_quarter": null,
        "r2_url": "https://pub-2c783279b61043e19fbdadd1bee5153a.r2.dev/WDAY/2024-09-11/Workday%2C%20Inc._2024-09-11_transcript/Workday%2C%20Inc._2024-09-11_transcript.pdf/Workday%2C%20Inc._2024-09-11_transcript.pdf",
        "periodicity": "non_periodic"
    },
    {
        "equity_ticker": "WDAY",
        "geography": "US",
        "content_name": "WDAY Q2 2025 Transcript",
        "file_type": "pdf",
        "content_type": "earnings_transcript",
        "published_date": "2024-08-22",
        "fiscal_date": "2024-08-22",
        "fiscal_year": 2025,
        "fiscal_quarter": 2,
        "r2_url": "https://pub-2c783279b61043e19fbdadd1bee5153a.r2.dev/WDAY/2024-08-22/Workday%2C%20Inc._2024-08-22_transcript/Workday%2C%20Inc._2024-08-22_transcript.pdf/Workday%2C%20Inc._2024-08-22_transcript.pdf",
        "periodicity": "periodic"
    },
    {
        "equity_ticker": "WDAY",
        "geography": "US",
        "content_name": "WDAY Q2 2025 Press Release",
        "file_type": "pdf",
        "content_type": "earnings_press_release",
        "published_date": "2024-08-22",
        "fiscal_date": "2024-08-22",
        "fiscal_year": 2025,
        "fiscal_quarter": 2,
        "r2_url": "https://pub-2c783279b61043e19fbdadd1bee5153a.r2.dev/WDAY/2024-08-22/54fb1-2024-08-22-08-59-04/54fb1-2024-08-22-08-59-04.pdf/54fb1-2024-08-22-08-59-04.pdf",
        "periodicity": "periodic"
    },
    {
        "equity_ticker": "WDAY",
        "geography": "US",
        "content_name": "WDAY Q2 2025 Presentation",
        "file_type": "pdf",
        "content_type": "earnings_presentation",
        "published_date": "2024-08-22",
        "fiscal_date": "2024-08-22",
        "fiscal_year": 2025,
        "fiscal_quarter": 2,
        "r2_url": "https://pub-2c783279b61043e19fbdadd1bee5153a.r2.dev/WDAY/2024-08-22/292e9-2024-08-22-10-42-08/292e9-2024-08-22-10-42-08.pdf/292e9-2024-08-22-10-42-08.pdf",
        "periodicity": "periodic"
    },
    {
        "equity_ticker": "WDAY",
        "geography": "US",
        "content_name": "AGM 2024 - June 18, 2024",
        "file_type": "pdf",
        "content_type": "company_conference_transcript",
        "published_date": "2024-06-18",
        "fiscal_date": "2024-06-18",
        "fiscal_year": null,
        "fiscal_quarter": null,
        "r2_url": "https://pub-2c783279b61043e19fbdadd1bee5153a.r2.dev/WDAY/2024-06-18/Workday%2C%20Inc._2024-06-18_transcript/Workday%2C%20Inc._2024-06-18_transcript.pdf/Workday%2C%20Inc._2024-06-18_transcript.pdf",
        "periodicity": "non_periodic"
    },
    {
        "equity_ticker": "WDAY",
        "geography": "US",
        "content_name": "Jefferies Software Conference - May 29, 2024",
        "file_type": "pdf",
        "content_type": "company_conference_transcript",
        "published_date": "2024-05-29",
        "fiscal_date": "2024-05-29",
        "fiscal_year": null,
        "fiscal_quarter": null,
        "r2_url": "https://pub-2c783279b61043e19fbdadd1bee5153a.r2.dev/WDAY/2024-05-29/Workday%2C%20Inc._2024-05-29_transcript/Workday%2C%20Inc._2024-05-29_transcript.pdf/Workday%2C%20Inc._2024-05-29_transcript.pdf",
        "periodicity": "non_periodic"
    },
    {
        "equity_ticker": "WDAY",
        "geography": "US",
        "content_name": "WDAY Q1 2025 Transcript",
        "file_type": "pdf",
        "content_type": "earnings_transcript",
        "published_date": "2024-05-23",
        "fiscal_date": "2024-05-23",
        "fiscal_year": 2025,
        "fiscal_quarter": 1,
        "r2_url": "https://pub-2c783279b61043e19fbdadd1bee5153a.r2.dev/WDAY/2024-05-23/Workday%2C%20Inc._2024-05-23_transcript/Workday%2C%20Inc._2024-05-23_transcript.pdf/Workday%2C%20Inc._2024-05-23_transcript.pdf",
        "periodicity": "periodic"
    },
    {
        "equity_ticker": "WDAY",
        "geography": "US",
        "content_name": "WDAY Q1 2025 Press Release",
        "file_type": "pdf",
        "content_type": "earnings_press_release",
        "published_date": "2024-05-23",
        "fiscal_date": "2024-05-23",
        "fiscal_year": 2025,
        "fiscal_quarter": 1,
        "r2_url": "https://pub-2c783279b61043e19fbdadd1bee5153a.r2.dev/WDAY/2024-05-23/6daaa-2024-05-23-08-31-04/6daaa-2024-05-23-08-31-04.pdf/6daaa-2024-05-23-08-31-04.pdf",
        "periodicity": "periodic"
    },
    {
        "equity_ticker": "WDAY",
        "geography": "US",
        "content_name": "WDAY Q1 2025 Presentation",
        "file_type": "pdf",
        "content_type": "earnings_presentation",
        "published_date": "2024-05-23",
        "fiscal_date": "2024-05-23",
        "fiscal_year": 2025,
        "fiscal_quarter": 1,
        "r2_url": "https://pub-2c783279b61043e19fbdadd1bee5153a.r2.dev/WDAY/2024-05-23/e67e0-2024-05-24-01-36-36/e67e0-2024-05-24-01-36-36.pdf/e67e0-2024-05-24-01-36-36.pdf",
        "periodicity": "periodic"
    },
    {
        "equity_ticker": "WDAY",
        "geography": "US",
        "content_name": "Morgan Stanley\u2019s Technology, Media & Telecom Conference 2024 - March 4, 2024",
        "file_type": "pdf",
        "content_type": "sellside_conference_transcript",
        "published_date": "2024-03-04",
        "fiscal_date": "2024-03-04",
        "fiscal_year": null,
        "fiscal_quarter": null,
        "r2_url": "https://pub-2c783279b61043e19fbdadd1bee5153a.r2.dev/WDAY/2024-03-04/Workday%2C%20Inc._2024-03-04_transcript/Workday%2C%20Inc._2024-03-04_transcript.pdf/Workday%2C%20Inc._2024-03-04_transcript.pdf",
        "periodicity": "non_periodic"
    },
    {
        "equity_ticker": "WDAY",
        "geography": "US",
        "content_name": "WDAY Q4 2024 Transcript",
        "file_type": "pdf",
        "content_type": "earnings_transcript",
        "published_date": "2024-02-26",
        "fiscal_date": "2024-02-26",
        "fiscal_year": 2024,
        "fiscal_quarter": 4,
        "r2_url": "https://pub-2c783279b61043e19fbdadd1bee5153a.r2.dev/WDAY/2024-02-26/Workday%2C%20Inc._2024-02-26_transcript/Workday%2C%20Inc._2024-02-26_transcript.pdf/Workday%2C%20Inc._2024-02-26_transcript.pdf",
        "periodicity": "periodic"
    },
    {
        "equity_ticker": "WDAY",
        "geography": "US",
        "content_name": "WDAY Q4 2024 Press Release",
        "file_type": "pdf",
        "content_type": "earnings_press_release",
        "published_date": "2024-02-26",
        "fiscal_date": "2024-02-26",
        "fiscal_year": 2024,
        "fiscal_quarter": 4,
        "r2_url": "https://pub-2c783279b61043e19fbdadd1bee5153a.r2.dev/WDAY/2024-02-26/d0ea6-2024-02-26-09-21-03/d0ea6-2024-02-26-09-21-03.pdf/d0ea6-2024-02-26-09-21-03.pdf",
        "periodicity": "periodic"
    },
    {
        "equity_ticker": "WDAY",
        "geography": "US",
        "content_name": "WDAY Q4 2024 Presentation",
        "file_type": "pdf",
        "content_type": "earnings_presentation",
        "published_date": "2024-02-26",
        "fiscal_date": "2024-02-26",
        "fiscal_year": 2024,
        "fiscal_quarter": 4,
        "r2_url": "https://pub-2c783279b61043e19fbdadd1bee5153a.r2.dev/WDAY/2024-02-26/3654f-2024-02-27-08-58-12/3654f-2024-02-27-08-58-12.pdf/3654f-2024-02-27-08-58-12.pdf",
        "periodicity": "periodic"
    },
    {
        "equity_ticker": "WDAY",
        "geography": "US",
        "content_name": "2023 Barclays Global Technology Conference - December 7, 2023",
        "file_type": "pdf",
        "content_type": "sellside_conference_transcript",
        "published_date": "2023-12-07",
        "fiscal_date": "2023-12-07",
        "fiscal_year": null,
        "fiscal_quarter": null,
        "r2_url": "https://pub-2c783279b61043e19fbdadd1bee5153a.r2.dev/WDAY/2023-12-07/Workday%2C%20Inc._2023-12-07_transcript/Workday%2C%20Inc._2023-12-07_transcript.pdf/Workday%2C%20Inc._2023-12-07_transcript.pdf",
        "periodicity": "non_periodic"
    },
    {
        "equity_ticker": "WDAY",
        "geography": "US",
        "content_name": "WDAY Q3 2024 Transcript",
        "file_type": "pdf",
        "content_type": "earnings_transcript",
        "published_date": "2023-11-28",
        "fiscal_date": "2023-11-28",
        "fiscal_year": 2024,
        "fiscal_quarter": 3,
        "r2_url": "https://pub-2c783279b61043e19fbdadd1bee5153a.r2.dev/WDAY/2023-11-28/Workday%2C%20Inc._2023-11-28_transcript/Workday%2C%20Inc._2023-11-28_transcript.pdf/Workday%2C%20Inc._2023-11-28_transcript.pdf",
        "periodicity": "periodic"
    },
    {
        "equity_ticker": "WDAY",
        "geography": "US",
        "content_name": "WDAY Q3 2024 Press Release",
        "file_type": "pdf",
        "content_type": "earnings_press_release",
        "published_date": "2023-11-28",
        "fiscal_date": "2023-11-28",
        "fiscal_year": 2024,
        "fiscal_quarter": 3,
        "r2_url": "https://pub-2c783279b61043e19fbdadd1bee5153a.r2.dev/WDAY/2023-11-28/ffc35-2023-11-28-09-46-03/ffc35-2023-11-28-09-46-03.pdf/ffc35-2023-11-28-09-46-03.pdf",
        "periodicity": "periodic"
    },
    {
        "equity_ticker": "WDAY",
        "geography": "US",
        "content_name": "WDAY Q3 2024 Presentation",
        "file_type": "pdf",
        "content_type": "earnings_presentation",
        "published_date": "2023-11-28",
        "fiscal_date": "2023-11-28",
        "fiscal_year": 2024,
        "fiscal_quarter": 3,
        "r2_url": "https://pub-2c783279b61043e19fbdadd1bee5153a.r2.dev/WDAY/2023-11-28/68198-2023-11-29-08-50-13/68198-2023-11-29-08-50-13.pdf/68198-2023-11-29-08-50-13.pdf",
        "periodicity": "periodic"
    },
    {
        "equity_ticker": "WDAY",
        "geography": "US",
        "content_name": "Analyst Day 2023 - September 27, 2023",
        "file_type": "pdf",
        "content_type": "company_conference_transcript",
        "published_date": "2023-09-27",
        "fiscal_date": "2023-09-27",
        "fiscal_year": null,
        "fiscal_quarter": null,
        "r2_url": "https://pub-2c783279b61043e19fbdadd1bee5153a.r2.dev/WDAY/2023-09-27/Workday%2C%20Inc._2023-09-27_transcript/Workday%2C%20Inc._2023-09-27_transcript.pdf/Workday%2C%20Inc._2023-09-27_transcript.pdf",
        "periodicity": "non_periodic"
    },
    {
        "equity_ticker": "WDAY",
        "geography": "US",
        "content_name": "Analyst Day 2023 - September 27, 2023",
        "file_type": "pdf",
        "content_type": "company_conference_presentation",
        "published_date": "2023-09-27",
        "fiscal_date": "2023-09-27",
        "fiscal_year": null,
        "fiscal_quarter": null,
        "r2_url": "https://pub-2c783279b61043e19fbdadd1bee5153a.r2.dev/WDAY/2023-09-27/fd5a5-2023-09-28-07-20-28/fd5a5-2023-09-28-07-20-28.pdf/fd5a5-2023-09-28-07-20-28.pdf",
        "periodicity": "non_periodic"
    },
    {
        "equity_ticker": "WDAY",
        "geography": "US",
        "content_name": "Goldman Sachs Communacopia & Technology Conference - September 5, 2023",
        "file_type": "pdf",
        "content_type": "sellside_conference_transcript",
        "published_date": "2023-09-05",
        "fiscal_date": "2023-09-05",
        "fiscal_year": null,
        "fiscal_quarter": null,
        "r2_url": "https://pub-2c783279b61043e19fbdadd1bee5153a.r2.dev/WDAY/2023-09-05/Workday%2C%20Inc._2023-09-05_transcript/Workday%2C%20Inc._2023-09-05_transcript.pdf/Workday%2C%20Inc._2023-09-05_transcript.pdf",
        "periodicity": "non_periodic"
    },
    {
        "equity_ticker": "WDAY",
        "geography": "US",
        "content_name": "WDAY Q2 2024 Transcript",
        "file_type": "pdf",
        "content_type": "earnings_transcript",
        "published_date": "2023-08-24",
        "fiscal_date": "2023-08-24",
        "fiscal_year": 2024,
        "fiscal_quarter": 2,
        "r2_url": "https://pub-2c783279b61043e19fbdadd1bee5153a.r2.dev/WDAY/2023-08-24/Workday%2C%20Inc._2023-08-24_transcript/Workday%2C%20Inc._2023-08-24_transcript.pdf/Workday%2C%20Inc._2023-08-24_transcript.pdf",
        "periodicity": "periodic"
    },
    {
        "equity_ticker": "WDAY",
        "geography": "US",
        "content_name": "WDAY Q2 2024 Press Release",
        "file_type": "pdf",
        "content_type": "earnings_press_release",
        "published_date": "2023-08-24",
        "fiscal_date": "2023-08-24",
        "fiscal_year": 2024,
        "fiscal_quarter": 2,
        "r2_url": "https://pub-2c783279b61043e19fbdadd1bee5153a.r2.dev/WDAY/2023-08-24/5fb4c-2023-08-24-08-07-06/5fb4c-2023-08-24-08-07-06.pdf/5fb4c-2023-08-24-08-07-06.pdf",
        "periodicity": "periodic"
    },
    {
        "equity_ticker": "WDAY",
        "geography": "US",
        "content_name": "WDAY Q2 2024 Presentation",
        "file_type": "pdf",
        "content_type": "earnings_presentation",
        "published_date": "2023-08-24",
        "fiscal_date": "2023-08-24",
        "fiscal_year": 2024,
        "fiscal_quarter": 2,
        "r2_url": "https://pub-2c783279b61043e19fbdadd1bee5153a.r2.dev/WDAY/2023-08-24/b232a-2023-08-24-10-41-26/b232a-2023-08-24-10-41-26.pdf/b232a-2023-08-24-10-41-26.pdf",
        "periodicity": "periodic"
    },
    {
        "equity_ticker": "WDAY",
        "geography": "US",
        "content_name": "Bank of America 2023 Global Technology Conference - June 6, 2023",
        "file_type": "pdf",
        "content_type": "sellside_conference_transcript",
        "published_date": "2023-06-06",
        "fiscal_date": "2023-06-06",
        "fiscal_year": null,
        "fiscal_quarter": null,
        "r2_url": "https://pub-2c783279b61043e19fbdadd1bee5153a.r2.dev/WDAY/2023-06-06/Workday%2C%20Inc._2023-06-06_transcript/Workday%2C%20Inc._2023-06-06_transcript.pdf/Workday%2C%20Inc._2023-06-06_transcript.pdf",
        "periodicity": "non_periodic"
    },
    {
        "equity_ticker": "WDAY",
        "geography": "US",
        "content_name": "WDAY Q1 2024 Transcript",
        "file_type": "pdf",
        "content_type": "earnings_transcript",
        "published_date": "2023-05-25",
        "fiscal_date": "2023-05-25",
        "fiscal_year": 2024,
        "fiscal_quarter": 1,
        "r2_url": "https://pub-2c783279b61043e19fbdadd1bee5153a.r2.dev/WDAY/2023-05-25/Workday%2C%20Inc._2023-05-25_transcript/Workday%2C%20Inc._2023-05-25_transcript.pdf/Workday%2C%20Inc._2023-05-25_transcript.pdf",
        "periodicity": "periodic"
    },
    {
        "equity_ticker": "WDAY",
        "geography": "US",
        "content_name": "WDAY Q1 2024 Press Release",
        "file_type": "pdf",
        "content_type": "earnings_press_release",
        "published_date": "2023-05-25",
        "fiscal_date": "2023-05-25",
        "fiscal_year": 2024,
        "fiscal_quarter": 1,
        "r2_url": "https://pub-2c783279b61043e19fbdadd1bee5153a.r2.dev/WDAY/2023-05-25/17643-2023-05-25-09-39-50/17643-2023-05-25-09-39-50.pdf/17643-2023-05-25-09-39-50.pdf",
        "periodicity": "periodic"
    },
    {
        "equity_ticker": "WDAY",
        "geography": "US",
        "content_name": "WDAY Q1 2024 Presentation",
        "file_type": "pdf",
        "content_type": "earnings_presentation",
        "published_date": "2023-05-25",
        "fiscal_date": "2023-05-25",
        "fiscal_year": 2024,
        "fiscal_quarter": 1,
        "r2_url": "https://pub-2c783279b61043e19fbdadd1bee5153a.r2.dev/WDAY/2023-05-25/9bbd7-2023-05-25-09-32-50/9bbd7-2023-05-25-09-32-50.pdf/9bbd7-2023-05-25-09-32-50.pdf",
        "periodicity": "periodic"
    },
    {
        "equity_ticker": "WDAY",
        "geography": "US",
        "content_name": "Morgan Stanley Technology, Media & Telecom Conference - March 9, 2023",
        "file_type": "pdf",
        "content_type": "sellside_conference_transcript",
        "published_date": "2023-03-09",
        "fiscal_date": "2023-03-09",
        "fiscal_year": null,
        "fiscal_quarter": null,
        "r2_url": "https://pub-2c783279b61043e19fbdadd1bee5153a.r2.dev/WDAY/2023-03-09/Workday%2C%20Inc._2023-03-09_transcript/Workday%2C%20Inc._2023-03-09_transcript.pdf/Workday%2C%20Inc._2023-03-09_transcript.pdf",
        "periodicity": "non_periodic"
    },
    {
        "equity_ticker": "WDAY",
        "geography": "US",
        "content_name": "WDAY Q4 2023 Transcript",
        "file_type": "pdf",
        "content_type": "earnings_transcript",
        "published_date": "2023-02-27",
        "fiscal_date": "2023-02-27",
        "fiscal_year": 2023,
        "fiscal_quarter": 4,
        "r2_url": "https://pub-2c783279b61043e19fbdadd1bee5153a.r2.dev/WDAY/2023-02-27/Workday%2C%20Inc._2023-02-27_transcript/Workday%2C%20Inc._2023-02-27_transcript.pdf/Workday%2C%20Inc._2023-02-27_transcript.pdf",
        "periodicity": "periodic"
    },
    {
        "equity_ticker": "WDAY",
        "geography": "US",
        "content_name": "WDAY Q4 2023 Press Release",
        "file_type": "pdf",
        "content_type": "earnings_press_release",
        "published_date": "2023-02-27",
        "fiscal_date": "2023-02-27",
        "fiscal_year": 2023,
        "fiscal_quarter": 4,
        "r2_url": "https://pub-2c783279b61043e19fbdadd1bee5153a.r2.dev/WDAY/2023-02-27/bde26-2023-02-27-09-23-33/bde26-2023-02-27-09-23-33.pdf/bde26-2023-02-27-09-23-33.pdf",
        "periodicity": "periodic"
    },
    {
        "equity_ticker": "WDAY",
        "geography": "US",
        "content_name": "WDAY Q4 2023 Presentation",
        "file_type": "pdf",
        "content_type": "earnings_presentation",
        "published_date": "2023-02-27",
        "fiscal_date": "2023-02-27",
        "fiscal_year": 2023,
        "fiscal_quarter": 4,
        "r2_url": "https://pub-2c783279b61043e19fbdadd1bee5153a.r2.dev/WDAY/2023-02-27/9b3aa-2023-02-27-10-12-15/9b3aa-2023-02-27-10-12-15.pdf/9b3aa-2023-02-27-10-12-15.pdf",
        "periodicity": "periodic"
    },
    {
        "equity_ticker": "WDAY",
        "geography": "US",
        "content_name": "WDAY Q3 2023 Transcript",
        "file_type": "pdf",
        "content_type": "earnings_transcript",
        "published_date": "2022-11-29",
        "fiscal_date": "2022-11-29",
        "fiscal_year": 2023,
        "fiscal_quarter": 3,
        "r2_url": "https://pub-2c783279b61043e19fbdadd1bee5153a.r2.dev/WDAY/2022-11-29/Workday%2C%20Inc._2022-11-29_transcript/Workday%2C%20Inc._2022-11-29_transcript.pdf/Workday%2C%20Inc._2022-11-29_transcript.pdf",
        "periodicity": "periodic"
    },
    {
        "equity_ticker": "WDAY",
        "geography": "US",
        "content_name": "WDAY Q3 2023 Press Release",
        "file_type": "pdf",
        "content_type": "earnings_press_release",
        "published_date": "2022-11-29",
        "fiscal_date": "2022-11-29",
        "fiscal_year": 2023,
        "fiscal_quarter": 3,
        "r2_url": "https://pub-2c783279b61043e19fbdadd1bee5153a.r2.dev/WDAY/2022-11-29/e4e69-2023-02-27-09-47-33/e4e69-2023-02-27-09-47-33.pdf/e4e69-2023-02-27-09-47-33.pdf",
        "periodicity": "periodic"
    },
    {
        "equity_ticker": "WDAY",
        "geography": "US",
        "content_name": "WDAY Q3 2023 Presentation",
        "file_type": "pdf",
        "content_type": "earnings_presentation",
        "published_date": "2022-11-29",
        "fiscal_date": "2022-11-29",
        "fiscal_year": 2023,
        "fiscal_quarter": 3,
        "r2_url": "https://pub-2c783279b61043e19fbdadd1bee5153a.r2.dev/WDAY/2022-11-29/5f50f-2023-02-27-09-41-29/5f50f-2023-02-27-09-41-29.pdf/5f50f-2023-02-27-09-41-29.pdf",
        "periodicity": "periodic"
    },
    {
        "equity_ticker": "WDAY",
        "geography": "US",
        "content_name": "Analyst Day 2022 - September 13, 2022",
        "file_type": "pdf",
        "content_type": "company_conference_transcript",
        "published_date": "2022-09-13",
        "fiscal_date": "2022-09-13",
        "fiscal_year": null,
        "fiscal_quarter": null,
        "r2_url": "https://pub-2c783279b61043e19fbdadd1bee5153a.r2.dev/WDAY/2022-09-13/Workday%2C%20Inc._2022-09-13_transcript/Workday%2C%20Inc._2022-09-13_transcript.pdf/Workday%2C%20Inc._2022-09-13_transcript.pdf",
        "periodicity": "non_periodic"
    },
    {
        "equity_ticker": "WDAY",
        "geography": "US",
        "content_name": "Analyst Day 2022 - September 13, 2022",
        "file_type": "pdf",
        "content_type": "company_conference_presentation",
        "published_date": "2022-09-13",
        "fiscal_date": "2022-09-13",
        "fiscal_year": null,
        "fiscal_quarter": null,
        "r2_url": "https://pub-2c783279b61043e19fbdadd1bee5153a.r2.dev/WDAY/2022-09-13/2d6e3-2022-09-14-06-52-02/2d6e3-2022-09-14-06-52-02.pdf/2d6e3-2022-09-14-06-52-02.pdf",
        "periodicity": "non_periodic"
    },
    {
        "equity_ticker": "WDAY",
        "geography": "US",
        "content_name": "WDAY Q2 2023 Transcript",
        "file_type": "pdf",
        "content_type": "earnings_transcript",
        "published_date": "2022-08-25",
        "fiscal_date": "2022-08-25",
        "fiscal_year": 2023,
        "fiscal_quarter": 2,
        "r2_url": "https://pub-2c783279b61043e19fbdadd1bee5153a.r2.dev/WDAY/2022-08-25/Workday%2C%20Inc._2022-08-25_transcript/Workday%2C%20Inc._2022-08-25_transcript.pdf/Workday%2C%20Inc._2022-08-25_transcript.pdf",
        "periodicity": "periodic"
    },
    {
        "equity_ticker": "WDAY",
        "geography": "US",
        "content_name": "WDAY Q2 2023 Press Release",
        "file_type": "pdf",
        "content_type": "earnings_press_release",
        "published_date": "2022-08-25",
        "fiscal_date": "2022-08-25",
        "fiscal_year": 2023,
        "fiscal_quarter": 2,
        "r2_url": "https://pub-2c783279b61043e19fbdadd1bee5153a.r2.dev/WDAY/2022-08-25/65697-2022-08-25-08-48-01/65697-2022-08-25-08-48-01.pdf/65697-2022-08-25-08-48-01.pdf",
        "periodicity": "periodic"
    },
    {
        "equity_ticker": "WDAY",
        "geography": "US",
        "content_name": "WDAY Q2 2023 Presentation",
        "file_type": "pdf",
        "content_type": "earnings_presentation",
        "published_date": "2022-08-25",
        "fiscal_date": "2022-08-25",
        "fiscal_year": 2023,
        "fiscal_quarter": 2,
        "r2_url": "https://pub-2c783279b61043e19fbdadd1bee5153a.r2.dev/WDAY/2022-08-25/3f8ca-2023-02-27-09-59-29/3f8ca-2023-02-27-09-59-29.pdf/3f8ca-2023-02-27-09-59-29.pdf",
        "periodicity": "periodic"
    },
    {
        "equity_ticker": "WDAY",
        "geography": "US",
        "content_name": "WDAY Q1 2023 Transcript",
        "file_type": "pdf",
        "content_type": "earnings_transcript",
        "published_date": "2022-05-26",
        "fiscal_date": "2022-05-26",
        "fiscal_year": 2023,
        "fiscal_quarter": 1,
        "r2_url": "https://pub-2c783279b61043e19fbdadd1bee5153a.r2.dev/WDAY/2022-05-26/Workday%2C%20Inc._2022-05-26_transcript/Workday%2C%20Inc._2022-05-26_transcript.pdf/Workday%2C%20Inc._2022-05-26_transcript.pdf",
        "periodicity": "periodic"
    },
    {
        "equity_ticker": "WDAY",
        "geography": "US",
        "content_name": "WDAY Q1 2023 Press Release",
        "file_type": "pdf",
        "content_type": "earnings_press_release",
        "published_date": "2022-05-26",
        "fiscal_date": "2022-05-26",
        "fiscal_year": 2023,
        "fiscal_quarter": 1,
        "r2_url": "https://pub-2c783279b61043e19fbdadd1bee5153a.r2.dev/WDAY/2022-05-26/0b06f-2022-05-26-08-50-53/0b06f-2022-05-26-08-50-53.pdf/0b06f-2022-05-26-08-50-53.pdf",
        "periodicity": "periodic"
    },
    {
        "equity_ticker": "WDAY",
        "geography": "US",
        "content_name": "WDAY Q1 2023 Presentation",
        "file_type": "pdf",
        "content_type": "earnings_presentation",
        "published_date": "2022-05-26",
        "fiscal_date": "2022-05-26",
        "fiscal_year": 2023,
        "fiscal_quarter": 1,
        "r2_url": "https://pub-2c783279b61043e19fbdadd1bee5153a.r2.dev/WDAY/2022-05-26/5fbc8-2023-02-27-09-21-30/5fbc8-2023-02-27-09-21-30.pdf/5fbc8-2023-02-27-09-21-30.pdf",
        "periodicity": "periodic"
    },
    {
        "equity_ticker": "WDAY",
        "geography": "US",
        "content_name": "WDAY Q4 2022 Transcript",
        "file_type": "pdf",
        "content_type": "earnings_transcript",
        "published_date": "2022-02-28",
        "fiscal_date": "2022-02-28",
        "fiscal_year": 2022,
        "fiscal_quarter": 4,
        "r2_url": "https://pub-2c783279b61043e19fbdadd1bee5153a.r2.dev/WDAY/2022-02-28/Workday%2C%20Inc._2022-02-28_transcript/Workday%2C%20Inc._2022-02-28_transcript.pdf/Workday%2C%20Inc._2022-02-28_transcript.pdf",
        "periodicity": "periodic"
    },
    {
        "equity_ticker": "WDAY",
        "geography": "US",
        "content_name": "WDAY Q4 2022 Press Release",
        "file_type": "pdf",
        "content_type": "earnings_press_release",
        "published_date": "2022-02-28",
        "fiscal_date": "2022-02-28",
        "fiscal_year": 2022,
        "fiscal_quarter": 4,
        "r2_url": "https://pub-2c783279b61043e19fbdadd1bee5153a.r2.dev/WDAY/2022-02-28/9f5a2-2023-01-25-12-31-39/9f5a2-2023-01-25-12-31-39.pdf/9f5a2-2023-01-25-12-31-39.pdf",
        "periodicity": "periodic"
    },
    {
        "equity_ticker": "WDAY",
        "geography": "US",
        "content_name": "WDAY Q3 2022 Transcript",
        "file_type": "pdf",
        "content_type": "earnings_transcript",
        "published_date": "2021-11-18",
        "fiscal_date": "2021-11-18",
        "fiscal_year": 2022,
        "fiscal_quarter": 3,
        "r2_url": "https://pub-2c783279b61043e19fbdadd1bee5153a.r2.dev/WDAY/2021-11-18/Workday%2C%20Inc._2021-11-18_transcript/Workday%2C%20Inc._2021-11-18_transcript.pdf/Workday%2C%20Inc._2021-11-18_transcript.pdf",
        "periodicity": "periodic"
    },
    {
        "equity_ticker": "WDAY",
        "geography": "US",
        "content_name": "Investor Day 2021 - September 21, 2021",
        "file_type": "pdf",
        "content_type": "company_conference_transcript",
        "published_date": "2021-09-21",
        "fiscal_date": "2021-09-21",
        "fiscal_year": null,
        "fiscal_quarter": null,
        "r2_url": "https://pub-2c783279b61043e19fbdadd1bee5153a.r2.dev/WDAY/2021-09-21/Workday%2C%20Inc._2021-09-21_transcript/Workday%2C%20Inc._2021-09-21_transcript.pdf/Workday%2C%20Inc._2021-09-21_transcript.pdf",
        "periodicity": "non_periodic"
    },
    {
        "equity_ticker": "WDAY",
        "geography": "US",
        "content_name": "WDAY Q2 2022 Transcript",
        "file_type": "pdf",
        "content_type": "earnings_transcript",
        "published_date": "2021-08-26",
        "fiscal_date": "2021-08-26",
        "fiscal_year": 2022,
        "fiscal_quarter": 2,
        "r2_url": "https://pub-2c783279b61043e19fbdadd1bee5153a.r2.dev/WDAY/2021-08-26/Workday%2C%20Inc._2021-08-26_transcript/Workday%2C%20Inc._2021-08-26_transcript.pdf/Workday%2C%20Inc._2021-08-26_transcript.pdf",
        "periodicity": "periodic"
    },
    {
        "equity_ticker": "WDAY",
        "geography": "US",
        "content_name": "AGM 2021 - June 8, 2021",
        "file_type": "pdf",
        "content_type": "company_conference_transcript",
        "published_date": "2021-06-08",
        "fiscal_date": "2021-06-08",
        "fiscal_year": null,
        "fiscal_quarter": null,
        "r2_url": "https://pub-2c783279b61043e19fbdadd1bee5153a.r2.dev/WDAY/2021-06-08/Workday%2C%20Inc._2021-06-08_transcript/Workday%2C%20Inc._2021-06-08_transcript.pdf/Workday%2C%20Inc._2021-06-08_transcript.pdf",
        "periodicity": "non_periodic"
    },
    {
        "equity_ticker": "WDAY",
        "geography": "US",
        "content_name": "WDAY Q1 2022 Transcript",
        "file_type": "pdf",
        "content_type": "earnings_transcript",
        "published_date": "2021-05-26",
        "fiscal_date": "2021-05-26",
        "fiscal_year": 2022,
        "fiscal_quarter": 1,
        "r2_url": "https://pub-2c783279b61043e19fbdadd1bee5153a.r2.dev/WDAY/2021-05-26/Workday%2C%20Inc._2021-05-26_transcript/Workday%2C%20Inc._2021-05-26_transcript.pdf/Workday%2C%20Inc._2021-05-26_transcript.pdf",
        "periodicity": "periodic"
    },
    {
        "equity_ticker": "WDAY",
        "geography": "US",
        "content_name": "WDAY Q1 2022 Press Release",
        "file_type": "pdf",
        "content_type": "earnings_press_release",
        "published_date": "2021-05-26",
        "fiscal_date": "2021-05-26",
        "fiscal_year": 2022,
        "fiscal_quarter": 1,
        "r2_url": "https://pub-2c783279b61043e19fbdadd1bee5153a.r2.dev/WDAY/2021-05-26/3e3a7-2023-01-25-09-29-41/3e3a7-2023-01-25-09-29-41.pdf/3e3a7-2023-01-25-09-29-41.pdf",
        "periodicity": "periodic"
    },
    {
        "equity_ticker": "WDAY",
        "geography": "US",
        "content_name": "WDAY Q4 2021 Transcript",
        "file_type": "pdf",
        "content_type": "earnings_transcript",
        "published_date": "2021-02-25",
        "fiscal_date": "2021-02-25",
        "fiscal_year": 2021,
        "fiscal_quarter": 4,
        "r2_url": "https://pub-2c783279b61043e19fbdadd1bee5153a.r2.dev/WDAY/2021-02-25/Workday%2C%20Inc._2021-02-25_transcript/Workday%2C%20Inc._2021-02-25_transcript.pdf/Workday%2C%20Inc._2021-02-25_transcript.pdf",
        "periodicity": "periodic"
    },
    {
        "equity_ticker": "WDAY",
        "geography": "US",
        "content_name": "WDAY Q4 2021 Press Release",
        "file_type": "pdf",
        "content_type": "earnings_press_release",
        "published_date": "2021-02-25",
        "fiscal_date": "2021-02-25",
        "fiscal_year": 2021,
        "fiscal_quarter": 4,
        "r2_url": "https://pub-2c783279b61043e19fbdadd1bee5153a.r2.dev/WDAY/2021-02-25/93be4-2022-06-30-03-47-55/93be4-2022-06-30-03-47-55.pdf/93be4-2022-06-30-03-47-55.pdf",
        "periodicity": "periodic"
    },
    {
        "equity_ticker": "WDAY",
        "geography": "US",
        "content_name": "WDAY Q3 2021 Transcript",
        "file_type": "pdf",
        "content_type": "earnings_transcript",
        "published_date": "2020-11-19",
        "fiscal_date": "2020-11-19",
        "fiscal_year": 2021,
        "fiscal_quarter": 3,
        "r2_url": "https://pub-2c783279b61043e19fbdadd1bee5153a.r2.dev/WDAY/2020-11-19/Workday%2C%20Inc._2020-11-19_transcript/Workday%2C%20Inc._2020-11-19_transcript.pdf/Workday%2C%20Inc._2020-11-19_transcript.pdf",
        "periodicity": "periodic"
    },
    {
        "equity_ticker": "WDAY",
        "geography": "US",
        "content_name": "WDAY Q2 2021 Transcript",
        "file_type": "pdf",
        "content_type": "earnings_transcript",
        "published_date": "2020-08-26",
        "fiscal_date": "2020-08-26",
        "fiscal_year": 2021,
        "fiscal_quarter": 2,
        "r2_url": "https://pub-2c783279b61043e19fbdadd1bee5153a.r2.dev/WDAY/2020-08-26/Workday%2C%20Inc._2020-08-26_transcript/Workday%2C%20Inc._2020-08-26_transcript.pdf/Workday%2C%20Inc._2020-08-26_transcript.pdf",
        "periodicity": "periodic"
    },
    {
        "equity_ticker": "WDAY",
        "geography": "US",
        "content_name": "AGM 2020 - June 8, 2020",
        "file_type": "pdf",
        "content_type": "company_conference_transcript",
        "published_date": "2020-06-08",
        "fiscal_date": "2020-06-08",
        "fiscal_year": null,
        "fiscal_quarter": null,
        "r2_url": "https://pub-2c783279b61043e19fbdadd1bee5153a.r2.dev/WDAY/2020-06-08/Workday%2C%20Inc._2020-06-08_transcript/Workday%2C%20Inc._2020-06-08_transcript.pdf/Workday%2C%20Inc._2020-06-08_transcript.pdf",
        "periodicity": "non_periodic"
    },
    {
        "equity_ticker": "WDAY",
        "geography": "US",
        "content_name": "WDAY Q1 2021 Transcript",
        "file_type": "pdf",
        "content_type": "earnings_transcript",
        "published_date": "2020-05-26",
        "fiscal_date": "2020-05-26",
        "fiscal_year": 2021,
        "fiscal_quarter": 1,
        "r2_url": "https://pub-2c783279b61043e19fbdadd1bee5153a.r2.dev/WDAY/2020-05-26/Workday%2C%20Inc._2020-05-26_transcript/Workday%2C%20Inc._2020-05-26_transcript.pdf/Workday%2C%20Inc._2020-05-26_transcript.pdf",
        "periodicity": "periodic"
    },
    {
        "equity_ticker": "WDAY",
        "geography": "US",
        "content_name": "WDAY Q4 2020 Transcript",
        "file_type": "pdf",
        "content_type": "earnings_transcript",
        "published_date": "2020-02-27",
        "fiscal_date": "2020-02-27",
        "fiscal_year": 2020,
        "fiscal_quarter": 4,
        "r2_url": "https://pub-2c783279b61043e19fbdadd1bee5153a.r2.dev/WDAY/2020-02-27/Workday%2C%20Inc._2020-02-27_transcript/Workday%2C%20Inc._2020-02-27_transcript.pdf/Workday%2C%20Inc._2020-02-27_transcript.pdf",
        "periodicity": "periodic"
    },
    {
        "equity_ticker": "WDAY",
        "geography": "US",
        "content_name": "WDAY Q4 2020 Press Release",
        "file_type": "pdf",
        "content_type": "earnings_press_release",
        "published_date": "2020-02-27",
        "fiscal_date": "2020-02-27",
        "fiscal_year": 2020,
        "fiscal_quarter": 4,
        "r2_url": "https://pub-2c783279b61043e19fbdadd1bee5153a.r2.dev/WDAY/2020-02-27/18a2e-2025-03-10-11-11-51/18a2e-2025-03-10-11-11-51.pdf/18a2e-2025-03-10-11-11-51.pdf",
        "periodicity": "periodic"
    },
    {
        "equity_ticker": "WDAY",
        "geography": "US",
        "content_name": "WDAY Q3 2020 Transcript",
        "file_type": "pdf",
        "content_type": "earnings_transcript",
        "published_date": "2019-12-03",
        "fiscal_date": "2019-12-03",
        "fiscal_year": 2020,
        "fiscal_quarter": 3,
        "r2_url": "https://pub-2c783279b61043e19fbdadd1bee5153a.r2.dev/WDAY/2019-12-03/Workday%2C%20Inc._2019-12-03_transcript/Workday%2C%20Inc._2019-12-03_transcript.pdf/Workday%2C%20Inc._2019-12-03_transcript.pdf",
        "periodicity": "periodic"
    },
    {
        "equity_ticker": "WDAY",
        "geography": "US",
        "content_name": "Investor Day 2020 - October 14, 2019",
        "file_type": "pdf",
        "content_type": "company_conference_transcript",
        "published_date": "2019-10-14",
        "fiscal_date": "2019-10-14",
        "fiscal_year": null,
        "fiscal_quarter": null,
        "r2_url": "https://pub-2c783279b61043e19fbdadd1bee5153a.r2.dev/WDAY/2019-10-14/Workday%2C%20Inc._2019-10-14_transcript/Workday%2C%20Inc._2019-10-14_transcript.pdf/Workday%2C%20Inc._2019-10-14_transcript.pdf",
        "periodicity": "non_periodic"
    },
    {
        "equity_ticker": "WDAY",
        "geography": "US",
        "content_name": "WDAY Q2 2020 Transcript",
        "file_type": "pdf",
        "content_type": "earnings_transcript",
        "published_date": "2019-08-28",
        "fiscal_date": "2019-08-28",
        "fiscal_year": 2020,
        "fiscal_quarter": 2,
        "r2_url": "https://pub-2c783279b61043e19fbdadd1bee5153a.r2.dev/WDAY/2019-08-28/Workday%2C%20Inc._2019-08-28_transcript/Workday%2C%20Inc._2019-08-28_transcript.pdf/Workday%2C%20Inc._2019-08-28_transcript.pdf",
        "periodicity": "periodic"
    },
    {
        "equity_ticker": "WDAY",
        "geography": "US",
        "content_name": "AGM 2019 - June 7, 2019",
        "file_type": "pdf",
        "content_type": "company_conference_transcript",
        "published_date": "2019-06-07",
        "fiscal_date": "2019-06-07",
        "fiscal_year": null,
        "fiscal_quarter": null,
        "r2_url": "https://pub-2c783279b61043e19fbdadd1bee5153a.r2.dev/WDAY/2019-06-07/Workday%2C%20Inc._2019-06-07_transcript/Workday%2C%20Inc._2019-06-07_transcript.pdf/Workday%2C%20Inc._2019-06-07_transcript.pdf",
        "periodicity": "non_periodic"
    },
    {
        "equity_ticker": "WDAY",
        "geography": "US",
        "content_name": "WDAY Q1 2020 Transcript",
        "file_type": "pdf",
        "content_type": "earnings_transcript",
        "published_date": "2019-05-27",
        "fiscal_date": "2019-05-27",
        "fiscal_year": 2020,
        "fiscal_quarter": 1,
        "r2_url": "https://pub-2c783279b61043e19fbdadd1bee5153a.r2.dev/WDAY/2019-05-27/Workday%2C%20Inc._2019-05-27_transcript/Workday%2C%20Inc._2019-05-27_transcript.pdf/Workday%2C%20Inc._2019-05-27_transcript.pdf",
        "periodicity": "periodic"
    },
    {
        "equity_ticker": "WDAY",
        "geography": "US",
        "content_name": "WDAY Q4 2019 Transcript",
        "file_type": "pdf",
        "content_type": "earnings_transcript",
        "published_date": "2019-02-28",
        "fiscal_date": "2019-02-28",
        "fiscal_year": 2019,
        "fiscal_quarter": 4,
        "r2_url": "https://pub-2c783279b61043e19fbdadd1bee5153a.r2.dev/WDAY/2019-02-28/Workday%2C%20Inc._2019-02-28_transcript/Workday%2C%20Inc._2019-02-28_transcript.pdf/Workday%2C%20Inc._2019-02-28_transcript.pdf",
        "periodicity": "periodic"
    },
    {
        "equity_ticker": "WDAY",
        "geography": "US",
        "content_name": "WDAY Q4 2019 Press Release",
        "file_type": "pdf",
        "content_type": "earnings_press_release",
        "published_date": "2019-02-28",
        "fiscal_date": "2019-02-28",
        "fiscal_year": 2019,
        "fiscal_quarter": 4,
        "r2_url": "https://pub-2c783279b61043e19fbdadd1bee5153a.r2.dev/WDAY/2019-02-28/8c07e-2025-03-10-11-56-51/8c07e-2025-03-10-11-56-51.pdf/8c07e-2025-03-10-11-56-51.pdf",
        "periodicity": "periodic"
    },
    {
        "equity_ticker": "WDAY",
        "geography": "US",
        "content_name": "WDAY Q3 2019 Transcript",
        "file_type": "pdf",
        "content_type": "earnings_transcript",
        "published_date": "2018-11-29",
        "fiscal_date": "2018-11-29",
        "fiscal_year": 2019,
        "fiscal_quarter": 3,
        "r2_url": "https://pub-2c783279b61043e19fbdadd1bee5153a.r2.dev/WDAY/2018-11-29/Workday%2C%20Inc._2018-11-29_transcript/Workday%2C%20Inc._2018-11-29_transcript.pdf/Workday%2C%20Inc._2018-11-29_transcript.pdf",
        "periodicity": "periodic"
    },
    {
        "equity_ticker": "WDAY",
        "geography": "US",
        "content_name": "WDAY Q3 2019 Press Release",
        "file_type": "pdf",
        "content_type": "earnings_press_release",
        "published_date": "2018-11-29",
        "fiscal_date": "2018-11-29",
        "fiscal_year": 2019,
        "fiscal_quarter": 3,
        "r2_url": "https://pub-2c783279b61043e19fbdadd1bee5153a.r2.dev/WDAY/2018-11-29/35c06-2022-08-19-12-19-43/35c06-2022-08-19-12-19-43.pdf/35c06-2022-08-19-12-19-43.pdf",
        "periodicity": "periodic"
    },
    {
        "equity_ticker": "WDAY",
        "geography": "US",
        "content_name": "Analyst Day 2018 - October 2, 2018",
        "file_type": "pdf",
        "content_type": "company_conference_transcript",
        "published_date": "2018-10-02",
        "fiscal_date": "2018-10-02",
        "fiscal_year": null,
        "fiscal_quarter": null,
        "r2_url": "https://pub-2c783279b61043e19fbdadd1bee5153a.r2.dev/WDAY/2018-10-02/Workday%2C%20Inc._2018-10-02_transcript/Workday%2C%20Inc._2018-10-02_transcript.pdf/Workday%2C%20Inc._2018-10-02_transcript.pdf",
        "periodicity": "non_periodic"
    },
    {
        "equity_ticker": "WDAY",
        "geography": "US",
        "content_name": "Analyst Day 2018 - October 2, 2018",
        "file_type": "pdf",
        "content_type": "company_conference_presentation",
        "published_date": "2018-10-02",
        "fiscal_date": "2018-10-02",
        "fiscal_year": null,
        "fiscal_quarter": null,
        "r2_url": "https://pub-2c783279b61043e19fbdadd1bee5153a.r2.dev/WDAY/2018-10-02/b825e-2023-12-11-04-43-19/b825e-2023-12-11-04-43-19.pdf/b825e-2023-12-11-04-43-19.pdf",
        "periodicity": "non_periodic"
    },
    {
        "equity_ticker": "WDAY",
        "geography": "US",
        "content_name": "WDAY Q2 2019 Transcript",
        "file_type": "pdf",
        "content_type": "earnings_transcript",
        "published_date": "2018-09-04",
        "fiscal_date": "2018-09-04",
        "fiscal_year": 2019,
        "fiscal_quarter": 2,
        "r2_url": "https://pub-2c783279b61043e19fbdadd1bee5153a.r2.dev/WDAY/2018-09-04/Workday%2C%20Inc._2018-09-04_transcript/Workday%2C%20Inc._2018-09-04_transcript.pdf/Workday%2C%20Inc._2018-09-04_transcript.pdf",
        "periodicity": "periodic"
    },
    {
        "equity_ticker": "WDAY",
        "geography": "US",
        "content_name": "WDAY Q2 2019 Press Release",
        "file_type": "pdf",
        "content_type": "earnings_press_release",
        "published_date": "2018-09-04",
        "fiscal_date": "2018-09-04",
        "fiscal_year": 2019,
        "fiscal_quarter": 2,
        "r2_url": "https://pub-2c783279b61043e19fbdadd1bee5153a.r2.dev/WDAY/2018-09-04/c61e9-2023-12-11-04-40-20/c61e9-2023-12-11-04-40-20.pdf/c61e9-2023-12-11-04-40-20.pdf",
        "periodicity": "periodic"
    },
    {
        "equity_ticker": "WDAY",
        "geography": "US",
        "content_name": "AGM 2018 - June 20, 2018",
        "file_type": "pdf",
        "content_type": "company_conference_transcript",
        "published_date": "2018-06-20",
        "fiscal_date": "2018-06-20",
        "fiscal_year": null,
        "fiscal_quarter": null,
        "r2_url": "https://pub-2c783279b61043e19fbdadd1bee5153a.r2.dev/WDAY/2018-06-20/Workday%2C%20Inc._2018-06-20_transcript/Workday%2C%20Inc._2018-06-20_transcript.pdf/Workday%2C%20Inc._2018-06-20_transcript.pdf",
        "periodicity": "non_periodic"
    },
    {
        "equity_ticker": "WDAY",
        "geography": "US",
        "content_name": "M&A Announcement - June 11, 2018",
        "file_type": "pdf",
        "content_type": "company_conference_transcript",
        "published_date": "2018-06-11",
        "fiscal_date": "2018-06-11",
        "fiscal_year": null,
        "fiscal_quarter": null,
        "r2_url": "https://pub-2c783279b61043e19fbdadd1bee5153a.r2.dev/WDAY/2018-06-11/Workday%2C%20Inc._2018-06-11_transcript/Workday%2C%20Inc._2018-06-11_transcript.pdf/Workday%2C%20Inc._2018-06-11_transcript.pdf",
        "periodicity": "non_periodic"
    },
    {
        "equity_ticker": "WDAY",
        "geography": "US",
        "content_name": "M&A Announcement - June 11, 2018",
        "file_type": "pdf",
        "content_type": "company_conference_press_release",
        "published_date": "2018-06-11",
        "fiscal_date": "2018-06-11",
        "fiscal_year": null,
        "fiscal_quarter": null,
        "r2_url": "https://pub-2c783279b61043e19fbdadd1bee5153a.r2.dev/WDAY/2018-06-11/3e766-2023-12-11-04-09-22/3e766-2023-12-11-04-09-22.pdf/3e766-2023-12-11-04-09-22.pdf",
        "periodicity": "non_periodic"
    },
    {
        "equity_ticker": "WDAY",
        "geography": "US",
        "content_name": "WDAY Q1 2019 Transcript",
        "file_type": "pdf",
        "content_type": "earnings_transcript",
        "published_date": "2018-05-31",
        "fiscal_date": "2018-05-31",
        "fiscal_year": 2019,
        "fiscal_quarter": 1,
        "r2_url": "https://pub-2c783279b61043e19fbdadd1bee5153a.r2.dev/WDAY/2018-05-31/Workday%2C%20Inc._2018-05-31_transcript/Workday%2C%20Inc._2018-05-31_transcript.pdf/Workday%2C%20Inc._2018-05-31_transcript.pdf",
        "periodicity": "periodic"
    },
    {
        "equity_ticker": "WDAY",
        "geography": "US",
        "content_name": "WDAY Q1 2019 Press Release",
        "file_type": "pdf",
        "content_type": "earnings_press_release",
        "published_date": "2018-05-31",
        "fiscal_date": "2018-05-31",
        "fiscal_year": 2019,
        "fiscal_quarter": 1,
        "r2_url": "https://pub-2c783279b61043e19fbdadd1bee5153a.r2.dev/WDAY/2018-05-31/38376-2023-12-11-04-18-23/38376-2023-12-11-04-18-23.pdf/38376-2023-12-11-04-18-23.pdf",
        "periodicity": "periodic"
    },
    {
        "equity_ticker": "WDAY",
        "geography": "US",
        "content_name": "WDAY Q4 2018 Transcript",
        "file_type": "pdf",
        "content_type": "earnings_transcript",
        "published_date": "2018-02-27",
        "fiscal_date": "2018-02-27",
        "fiscal_year": 2018,
        "fiscal_quarter": 4,
        "r2_url": "https://pub-2c783279b61043e19fbdadd1bee5153a.r2.dev/WDAY/2018-02-27/Workday%2C%20Inc._2018-02-27_transcript/Workday%2C%20Inc._2018-02-27_transcript.pdf/Workday%2C%20Inc._2018-02-27_transcript.pdf",
        "periodicity": "periodic"
    },
    {
        "equity_ticker": "WDAY",
        "geography": "US",
        "content_name": "WDAY Q4 2018 Press Release",
        "file_type": "pdf",
        "content_type": "earnings_press_release",
        "published_date": "2018-02-27",
        "fiscal_date": "2018-02-27",
        "fiscal_year": 2018,
        "fiscal_quarter": 4,
        "r2_url": "https://pub-2c783279b61043e19fbdadd1bee5153a.r2.dev/WDAY/2018-02-27/dbf73-2023-12-11-04-24-24/dbf73-2023-12-11-04-24-24.pdf/dbf73-2023-12-11-04-24-24.pdf",
        "periodicity": "periodic"
    },
    {
        "equity_ticker": "WDAY",
        "geography": "US",
        "content_name": "WDAY Q3 2018 Transcript",
        "file_type": "pdf",
        "content_type": "earnings_transcript",
        "published_date": "2017-11-29",
        "fiscal_date": "2017-11-29",
        "fiscal_year": 2018,
        "fiscal_quarter": 3,
        "r2_url": "https://pub-2c783279b61043e19fbdadd1bee5153a.r2.dev/WDAY/2017-11-29/Workday%2C%20Inc._2017-11-29_transcript/Workday%2C%20Inc._2017-11-29_transcript.pdf/Workday%2C%20Inc._2017-11-29_transcript.pdf",
        "periodicity": "periodic"
    },
    {
        "equity_ticker": "WDAY",
        "geography": "US",
        "content_name": "WDAY Q3 2018 Press Release",
        "file_type": "pdf",
        "content_type": "earnings_press_release",
        "published_date": "2017-11-29",
        "fiscal_date": "2017-11-29",
        "fiscal_year": 2018,
        "fiscal_quarter": 3,
        "r2_url": "https://pub-2c783279b61043e19fbdadd1bee5153a.r2.dev/WDAY/2017-11-29/58e40-2023-12-11-04-11-25/58e40-2023-12-11-04-11-25.pdf/58e40-2023-12-11-04-11-25.pdf",
        "periodicity": "periodic"
    },
    {
        "equity_ticker": "WDAY",
        "geography": "US",
        "content_name": "Analyst Meeting - October 10, 2017",
        "file_type": "pdf",
        "content_type": "company_conference_transcript",
        "published_date": "2017-10-10",
        "fiscal_date": "2017-10-10",
        "fiscal_year": null,
        "fiscal_quarter": null,
        "r2_url": "https://pub-2c783279b61043e19fbdadd1bee5153a.r2.dev/WDAY/2017-10-10/Workday%2C%20Inc._2017-10-10_transcript/Workday%2C%20Inc._2017-10-10_transcript.pdf/Workday%2C%20Inc._2017-10-10_transcript.pdf",
        "periodicity": "non_periodic"
    },
    {
        "equity_ticker": "WDAY",
        "geography": "US",
        "content_name": "WDAY Q2 2018 Transcript",
        "file_type": "pdf",
        "content_type": "earnings_transcript",
        "published_date": "2017-08-30",
        "fiscal_date": "2017-08-30",
        "fiscal_year": 2018,
        "fiscal_quarter": 2,
        "r2_url": "https://pub-2c783279b61043e19fbdadd1bee5153a.r2.dev/WDAY/2017-08-30/Workday%2C%20Inc._2017-08-30_transcript/Workday%2C%20Inc._2017-08-30_transcript.pdf/Workday%2C%20Inc._2017-08-30_transcript.pdf",
        "periodicity": "periodic"
    },
    {
        "equity_ticker": "WDAY",
        "geography": "US",
        "content_name": "WDAY Q2 2018 Press Release",
        "file_type": "pdf",
        "content_type": "earnings_press_release",
        "published_date": "2017-08-30",
        "fiscal_date": "2017-08-30",
        "fiscal_year": 2018,
        "fiscal_quarter": 2,
        "r2_url": "https://pub-2c783279b61043e19fbdadd1bee5153a.r2.dev/WDAY/2017-08-30/8a473-2023-12-11-04-14-27/8a473-2023-12-11-04-14-27.pdf/8a473-2023-12-11-04-14-27.pdf",
        "periodicity": "periodic"
    },
    {
        "equity_ticker": "WDAY",
        "geography": "US",
        "content_name": "AGM 2017 - June 20, 2017",
        "file_type": "pdf",
        "content_type": "company_conference_transcript",
        "published_date": "2017-06-20",
        "fiscal_date": "2017-06-20",
        "fiscal_year": null,
        "fiscal_quarter": null,
        "r2_url": "https://pub-2c783279b61043e19fbdadd1bee5153a.r2.dev/WDAY/2017-06-20/Workday%2C%20Inc._2017-06-20_transcript/Workday%2C%20Inc._2017-06-20_transcript.pdf/Workday%2C%20Inc._2017-06-20_transcript.pdf",
        "periodicity": "non_periodic"
    },
    {
        "equity_ticker": "WDAY",
        "geography": "US",
        "content_name": "WDAY Q1 2018 Transcript",
        "file_type": "pdf",
        "content_type": "earnings_transcript",
        "published_date": "2017-06-01",
        "fiscal_date": "2017-06-01",
        "fiscal_year": 2018,
        "fiscal_quarter": 1,
        "r2_url": "https://pub-2c783279b61043e19fbdadd1bee5153a.r2.dev/WDAY/2017-06-01/Workday%2C%20Inc._2017-06-01_transcript/Workday%2C%20Inc._2017-06-01_transcript.pdf/Workday%2C%20Inc._2017-06-01_transcript.pdf",
        "periodicity": "periodic"
    },
    {
        "equity_ticker": "WDAY",
        "geography": "US",
        "content_name": "WDAY Q1 2018 Press Release",
        "file_type": "pdf",
        "content_type": "earnings_press_release",
        "published_date": "2017-06-01",
        "fiscal_date": "2017-06-01",
        "fiscal_year": 2018,
        "fiscal_quarter": 1,
        "r2_url": "https://pub-2c783279b61043e19fbdadd1bee5153a.r2.dev/WDAY/2017-06-01/59e26-2023-12-11-04-08-30/59e26-2023-12-11-04-08-30.pdf/59e26-2023-12-11-04-08-30.pdf",
        "periodicity": "periodic"
    },
    {
        "equity_ticker": "WDAY",
        "geography": "US",
        "content_name": "WDAY Q4 2017 Transcript",
        "file_type": "pdf",
        "content_type": "earnings_transcript",
        "published_date": "2017-03-20",
        "fiscal_date": "2017-03-20",
        "fiscal_year": 2017,
        "fiscal_quarter": 4,
        "r2_url": "https://pub-2c783279b61043e19fbdadd1bee5153a.r2.dev/WDAY/2017-03-20/Workday%2C%20Inc._2017-03-20_transcript/Workday%2C%20Inc._2017-03-20_transcript.pdf/Workday%2C%20Inc._2017-03-20_transcript.pdf",
        "periodicity": "periodic"
    },
    {
        "equity_ticker": "WDAY",
        "geography": "US",
        "content_name": "WDAY Q3 2017 Transcript",
        "file_type": "pdf",
        "content_type": "earnings_transcript",
        "published_date": "2016-12-01",
        "fiscal_date": "2016-12-01",
        "fiscal_year": 2017,
        "fiscal_quarter": 3,
        "r2_url": "https://pub-2c783279b61043e19fbdadd1bee5153a.r2.dev/WDAY/2016-12-01/Workday%2C%20Inc._2016-12-01_transcript/Workday%2C%20Inc._2016-12-01_transcript.pdf/Workday%2C%20Inc._2016-12-01_transcript.pdf",
        "periodicity": "periodic"
    },
    {
        "equity_ticker": "WDAY",
        "geography": "US",
        "content_name": "WDAY Q2 2017 Transcript",
        "file_type": "pdf",
        "content_type": "earnings_transcript",
        "published_date": "2016-08-24",
        "fiscal_date": "2016-08-24",
        "fiscal_year": 2017,
        "fiscal_quarter": 2,
        "r2_url": "https://pub-2c783279b61043e19fbdadd1bee5153a.r2.dev/WDAY/2016-08-24/Workday%2C%20Inc._2016-08-24_transcript/Workday%2C%20Inc._2016-08-24_transcript.pdf/Workday%2C%20Inc._2016-08-24_transcript.pdf",
        "periodicity": "periodic"
    },
    {
        "equity_ticker": "WDAY",
        "geography": "US",
        "content_name": "WDAY Q1 2017 Transcript",
        "file_type": "pdf",
        "content_type": "earnings_transcript",
        "published_date": "2016-05-31",
        "fiscal_date": "2016-05-31",
        "fiscal_year": 2017,
        "fiscal_quarter": 1,
        "r2_url": "https://pub-2c783279b61043e19fbdadd1bee5153a.r2.dev/WDAY/2016-05-31/Workday%2C%20Inc._2016-05-31_transcript/Workday%2C%20Inc._2016-05-31_transcript.pdf/Workday%2C%20Inc._2016-05-31_transcript.pdf",
        "periodicity": "periodic"
    },
    {
        "equity_ticker": "WDAY",
        "geography": "US",
        "content_name": "WDAY Q4 2016 Transcript",
        "file_type": "pdf",
        "content_type": "earnings_transcript",
        "published_date": "2016-03-22",
        "fiscal_date": "2016-03-22",
        "fiscal_year": 2016,
        "fiscal_quarter": 4,
        "r2_url": "https://pub-2c783279b61043e19fbdadd1bee5153a.r2.dev/WDAY/2016-03-22/Workday%2C%20Inc._2016-03-22_transcript/Workday%2C%20Inc._2016-03-22_transcript.pdf/Workday%2C%20Inc._2016-03-22_transcript.pdf",
        "periodicity": "periodic"
    },
    {
        "equity_ticker": "WDAY",
        "geography": "US",
        "content_name": "WDAY Q3 2016 Transcript",
        "file_type": "pdf",
        "content_type": "earnings_transcript",
        "published_date": "2015-11-19",
        "fiscal_date": "2015-11-19",
        "fiscal_year": 2016,
        "fiscal_quarter": 3,
        "r2_url": "https://pub-2c783279b61043e19fbdadd1bee5153a.r2.dev/WDAY/2015-11-19/Workday%2C%20Inc._2015-11-19_transcript/Workday%2C%20Inc._2015-11-19_transcript.pdf/Workday%2C%20Inc._2015-11-19_transcript.pdf",
        "periodicity": "periodic"
    },
    {
        "equity_ticker": "WDAY",
        "geography": "US",
        "content_name": "WDAY Q2 2016 Transcript",
        "file_type": "pdf",
        "content_type": "earnings_transcript",
        "published_date": "2015-08-26",
        "fiscal_date": "2015-08-26",
        "fiscal_year": 2016,
        "fiscal_quarter": 2,
        "r2_url": "https://pub-2c783279b61043e19fbdadd1bee5153a.r2.dev/WDAY/2015-08-26/Workday%2C%20Inc._2015-08-26_transcript/Workday%2C%20Inc._2015-08-26_transcript.pdf/Workday%2C%20Inc._2015-08-26_transcript.pdf",
        "periodicity": "periodic"
    },
    {
        "equity_ticker": "WDAY",
        "geography": "US",
        "content_name": "WDAY Q1 2016 Transcript",
        "file_type": "pdf",
        "content_type": "earnings_transcript",
        "published_date": "2015-05-26",
        "fiscal_date": "2015-05-26",
        "fiscal_year": 2016,
        "fiscal_quarter": 1,
        "r2_url": "https://pub-2c783279b61043e19fbdadd1bee5153a.r2.dev/WDAY/2015-05-26/Workday%2C%20Inc._2015-05-26_transcript/Workday%2C%20Inc._2015-05-26_transcript.pdf/Workday%2C%20Inc._2015-05-26_transcript.pdf",
        "periodicity": "periodic"
    },
    {
        "equity_ticker": "WDAY",
        "geography": "US",
        "content_name": "WDAY Q4 2015 Transcript",
        "file_type": "pdf",
        "content_type": "earnings_transcript",
        "published_date": "2015-02-25",
        "fiscal_date": "2015-02-25",
        "fiscal_year": 2015,
        "fiscal_quarter": 4,
        "r2_url": "https://pub-2c783279b61043e19fbdadd1bee5153a.r2.dev/WDAY/2015-02-25/Workday%2C%20Inc._2015-02-25_transcript/Workday%2C%20Inc._2015-02-25_transcript.pdf/Workday%2C%20Inc._2015-02-25_transcript.pdf",
        "periodicity": "periodic"
    },
    {
        "equity_ticker": "WDAY",
        "geography": "US",
        "content_name": "WDAY Q3 2015 Transcript",
        "file_type": "pdf",
        "content_type": "earnings_transcript",
        "published_date": "2014-11-24",
        "fiscal_date": "2014-11-24",
        "fiscal_year": 2015,
        "fiscal_quarter": 3,
        "r2_url": "https://pub-2c783279b61043e19fbdadd1bee5153a.r2.dev/WDAY/2014-11-24/Workday%2C%20Inc._2014-11-24_transcript/Workday%2C%20Inc._2014-11-24_transcript.pdf/Workday%2C%20Inc._2014-11-24_transcript.pdf",
        "periodicity": "periodic"
    },
    {
        "equity_ticker": "WDAY",
        "geography": "US",
        "content_name": "WDAY Q2 2015 Transcript",
        "file_type": "pdf",
        "content_type": "earnings_transcript",
        "published_date": "2014-08-27",
        "fiscal_date": "2014-08-27",
        "fiscal_year": 2015,
        "fiscal_quarter": 2,
        "r2_url": "https://pub-2c783279b61043e19fbdadd1bee5153a.r2.dev/WDAY/2014-08-27/Workday%2C%20Inc._2014-08-27_transcript/Workday%2C%20Inc._2014-08-27_transcript.pdf/Workday%2C%20Inc._2014-08-27_transcript.pdf",
        "periodicity": "periodic"
    },
    {
        "equity_ticker": "WDAY",
        "geography": "US",
        "content_name": "WDAY Q1 2015 Transcript",
        "file_type": "pdf",
        "content_type": "earnings_transcript",
        "published_date": "2014-05-27",
        "fiscal_date": "2014-05-27",
        "fiscal_year": 2015,
        "fiscal_quarter": 1,
        "r2_url": "https://pub-2c783279b61043e19fbdadd1bee5153a.r2.dev/WDAY/2014-05-27/Workday%2C%20Inc._2014-05-27_transcript/Workday%2C%20Inc._2014-05-27_transcript.pdf/Workday%2C%20Inc._2014-05-27_transcript.pdf",
        "periodicity": "periodic"
    },
    {
        "equity_ticker": "WDAY",
        "geography": "US",
        "content_name": "WDAY Q4 2014 Transcript",
        "file_type": "pdf",
        "content_type": "earnings_transcript",
        "published_date": "2014-02-26",
        "fiscal_date": "2014-02-26",
        "fiscal_year": 2014,
        "fiscal_quarter": 4,
        "r2_url": "https://pub-2c783279b61043e19fbdadd1bee5153a.r2.dev/WDAY/2014-02-26/Workday%2C%20Inc._2014-02-26_transcript/Workday%2C%20Inc._2014-02-26_transcript.pdf/Workday%2C%20Inc._2014-02-26_transcript.pdf",
        "periodicity": "periodic"
    },
    {
        "equity_ticker": "WDAY",
        "geography": "US",
        "content_name": "WDAY Q3 2014 Transcript",
        "file_type": "pdf",
        "content_type": "earnings_transcript",
        "published_date": "2013-11-25",
        "fiscal_date": "2013-11-25",
        "fiscal_year": 2014,
        "fiscal_quarter": 3,
        "r2_url": "https://pub-2c783279b61043e19fbdadd1bee5153a.r2.dev/WDAY/2013-11-25/Workday%2C%20Inc._2013-11-25_transcript/Workday%2C%20Inc._2013-11-25_transcript.pdf/Workday%2C%20Inc._2013-11-25_transcript.pdf",
        "periodicity": "periodic"
    },
    {
        "equity_ticker": "WDAY",
        "geography": "US",
        "content_name": "WDAY Q2 2014 Transcript",
        "file_type": "pdf",
        "content_type": "earnings_transcript",
        "published_date": "2013-08-27",
        "fiscal_date": "2013-08-27",
        "fiscal_year": 2014,
        "fiscal_quarter": 2,
        "r2_url": "https://pub-2c783279b61043e19fbdadd1bee5153a.r2.dev/WDAY/2013-08-27/Workday%2C%20Inc._2013-08-27_transcript/Workday%2C%20Inc._2013-08-27_transcript.pdf/Workday%2C%20Inc._2013-08-27_transcript.pdf",
        "periodicity": "periodic"
    },
    {
        "equity_ticker": "WDAY",
        "geography": "US",
        "content_name": "WDAY Q1 2014 Transcript",
        "file_type": "pdf",
        "content_type": "earnings_transcript",
        "published_date": "2013-05-22",
        "fiscal_date": "2013-05-22",
        "fiscal_year": 2014,
        "fiscal_quarter": 1,
        "r2_url": "https://pub-2c783279b61043e19fbdadd1bee5153a.r2.dev/WDAY/2013-05-22/Workday%2C%20Inc._2013-05-22_transcript/Workday%2C%20Inc._2013-05-22_transcript.pdf/Workday%2C%20Inc._2013-05-22_transcript.pdf",
        "periodicity": "periodic"
    },
    {
        "equity_ticker": "WDAY",
        "geography": "US",
        "content_name": "WDAY Q4 2013 Transcript",
        "file_type": "pdf",
        "content_type": "earnings_transcript",
        "published_date": "2013-03-07",
        "fiscal_date": "2013-03-07",
        "fiscal_year": 2013,
        "fiscal_quarter": 4,
        "r2_url": "https://pub-2c783279b61043e19fbdadd1bee5153a.r2.dev/WDAY/2013-03-07/Workday%2C%20Inc._2013-03-07_transcript/Workday%2C%20Inc._2013-03-07_transcript.pdf/Workday%2C%20Inc._2013-03-07_transcript.pdf",
        "periodicity": "periodic"
    },
    {
        "equity_ticker": "WDAY",
        "geography": "US",
        "content_name": "WDAY Q3 2013 Transcript",
        "file_type": "pdf",
        "content_type": "earnings_transcript",
        "published_date": "2012-11-28",
        "fiscal_date": "2012-11-28",
        "fiscal_year": 2013,
        "fiscal_quarter": 3,
        "r2_url": "https://pub-2c783279b61043e19fbdadd1bee5153a.r2.dev/WDAY/2012-11-28/Workday%2C%20Inc._2012-11-28_transcript/Workday%2C%20Inc._2012-11-28_transcript.pdf/Workday%2C%20Inc._2012-11-28_transcript.pdf",
        "periodicity": "periodic"
    },
    {
        "equity_ticker": "WDAY",
        "geography": "US",
        "content_name": "WDAY Q2 2013 Transcript",
        "file_type": "pdf",
        "content_type": "earnings_transcript",
        "published_date": "2012-08-23",
        "fiscal_date": "2012-08-23",
        "fiscal_year": 2013,
        "fiscal_quarter": 2,
        "r2_url": "https://pub-2c783279b61043e19fbdadd1bee5153a.r2.dev/WDAY/2012-08-23/Workday%2C%20Inc._2012-08-23_transcript/Workday%2C%20Inc._2012-08-23_transcript.pdf/Workday%2C%20Inc._2012-08-23_transcript.pdf",
        "periodicity": "periodic"
    }
]