[
    {
        "equity_ticker": "ZI",
        "geography": "US",
        "content_name": "Morgan Stanley Technology, Media & Telecom Conference - March 6, 2025",
        "file_type": "pdf",
        "content_type": "sellside_conference_transcript",
        "published_date": "2025-03-06",
        "fiscal_date": "2025-03-06",
        "fiscal_year": null,
        "fiscal_quarter": null,
        "r2_url": "https://pub-2c783279b61043e19fbdadd1bee5153a.r2.dev/ZI/2025-03-06/ZoomInfo%20Technologies%20Inc._2025-03-06_transcript/ZoomInfo%20Technologies%20Inc._2025-03-06_transcript.pdf/ZoomInfo%20Technologies%20Inc._2025-03-06_transcript.pdf",
        "periodicity": "non_periodic"
    },
    {
        "equity_ticker": "ZI",
        "geography": "US",
        "content_name": "Raymond James & Associates\u2019 46th Annual Institutional Investors Conference 2025 - March 5, 2025",
        "file_type": "pdf",
        "content_type": "sellside_conference_transcript",
        "published_date": "2025-03-05",
        "fiscal_date": "2025-03-05",
        "fiscal_year": null,
        "fiscal_quarter": null,
        "r2_url": "https://pub-2c783279b61043e19fbdadd1bee5153a.r2.dev/ZI/2025-03-05/ZoomInfo%20Technologies%20Inc._2025-03-05_transcript/ZoomInfo%20Technologies%20Inc._2025-03-05_transcript.pdf/ZoomInfo%20Technologies%20Inc._2025-03-05_transcript.pdf",
        "periodicity": "non_periodic"
    },
    {
        "equity_ticker": "ZI",
        "geography": "US",
        "content_name": "ZI Q4 2024 Transcript",
        "file_type": "pdf",
        "content_type": "earnings_transcript",
        "published_date": "2025-02-25",
        "fiscal_date": "2025-02-25",
        "fiscal_year": 2024,
        "fiscal_quarter": 4,
        "r2_url": "https://pub-2c783279b61043e19fbdadd1bee5153a.r2.dev/ZI/2025-02-25/ZoomInfo%20Technologies%20Inc._2025-02-25_transcript/ZoomInfo%20Technologies%20Inc._2025-02-25_transcript.pdf/ZoomInfo%20Technologies%20Inc._2025-02-25_transcript.pdf",
        "periodicity": "periodic"
    },
    {
        "equity_ticker": "ZI",
        "geography": "US",
        "content_name": "ZI Q4 2024 Press Release",
        "file_type": "pdf",
        "content_type": "earnings_press_release",
        "published_date": "2025-02-25",
        "fiscal_date": "2025-02-25",
        "fiscal_year": 2024,
        "fiscal_quarter": 4,
        "r2_url": "https://pub-2c783279b61043e19fbdadd1bee5153a.r2.dev/ZI/2025-02-25/0d7af-2025-02-25-09-25-11/0d7af-2025-02-25-09-25-11.pdf/0d7af-2025-02-25-09-25-11.pdf",
        "periodicity": "periodic"
    },
    {
        "equity_ticker": "ZI",
        "geography": "US",
        "content_name": "2024 RBC Capital Markets Global Technology, Internet, Media and Telecommunications Conference - November 20, 2024",
        "file_type": "pdf",
        "content_type": "company_conference_transcript",
        "published_date": "2024-11-20",
        "fiscal_date": "2024-11-20",
        "fiscal_year": null,
        "fiscal_quarter": null,
        "r2_url": "https://pub-2c783279b61043e19fbdadd1bee5153a.r2.dev/ZI/2024-11-20/ZoomInfo%20Technologies%20Inc._2024-11-20_transcript/ZoomInfo%20Technologies%20Inc._2024-11-20_transcript.pdf/ZoomInfo%20Technologies%20Inc._2024-11-20_transcript.pdf",
        "periodicity": "non_periodic"
    },
    {
        "equity_ticker": "ZI",
        "geography": "US",
        "content_name": "ZI Q3 2024 Transcript",
        "file_type": "pdf",
        "content_type": "earnings_transcript",
        "published_date": "2024-11-12",
        "fiscal_date": "2024-11-12",
        "fiscal_year": 2024,
        "fiscal_quarter": 3,
        "r2_url": "https://pub-2c783279b61043e19fbdadd1bee5153a.r2.dev/ZI/2024-11-12/ZoomInfo%20Technologies%20Inc._2024-11-12_transcript/ZoomInfo%20Technologies%20Inc._2024-11-12_transcript.pdf/ZoomInfo%20Technologies%20Inc._2024-11-12_transcript.pdf",
        "periodicity": "periodic"
    },
    {
        "equity_ticker": "ZI",
        "geography": "US",
        "content_name": "ZI Q3 2024 Press Release",
        "file_type": "pdf",
        "content_type": "earnings_press_release",
        "published_date": "2024-11-12",
        "fiscal_date": "2024-11-12",
        "fiscal_year": 2024,
        "fiscal_quarter": 3,
        "r2_url": "https://pub-2c783279b61043e19fbdadd1bee5153a.r2.dev/ZI/2024-11-12/88dc2-2024-11-12-09-14-11/88dc2-2024-11-12-09-14-11.pdf/88dc2-2024-11-12-09-14-11.pdf",
        "periodicity": "periodic"
    },
    {
        "equity_ticker": "ZI",
        "geography": "US",
        "content_name": "ZI Q3 2024 Presentation",
        "file_type": "pdf",
        "content_type": "earnings_presentation",
        "published_date": "2024-11-12",
        "fiscal_date": "2024-11-12",
        "fiscal_year": 2024,
        "fiscal_quarter": 3,
        "r2_url": "https://pub-2c783279b61043e19fbdadd1bee5153a.r2.dev/ZI/2024-11-12/52c67-2024-11-12-09-38-25/52c67-2024-11-12-09-38-25.pdf/52c67-2024-11-12-09-38-25.pdf",
        "periodicity": "periodic"
    },
    {
        "equity_ticker": "ZI",
        "geography": "US",
        "content_name": "Goldman Sachs Communacopia + Technology Conference 2024 - September 12, 2024",
        "file_type": "pdf",
        "content_type": "sellside_conference_transcript",
        "published_date": "2024-09-12",
        "fiscal_date": "2024-09-12",
        "fiscal_year": null,
        "fiscal_quarter": null,
        "r2_url": "https://pub-2c783279b61043e19fbdadd1bee5153a.r2.dev/ZI/2024-09-12/ZoomInfo%20Technologies%20Inc._2024-09-12_transcript/ZoomInfo%20Technologies%20Inc._2024-09-12_transcript.pdf/ZoomInfo%20Technologies%20Inc._2024-09-12_transcript.pdf",
        "periodicity": "non_periodic"
    },
    {
        "equity_ticker": "ZI",
        "geography": "US",
        "content_name": "Piper Sandler's Growth Frontiers Conference - September 11, 2024",
        "file_type": "pdf",
        "content_type": "sellside_conference_transcript",
        "published_date": "2024-09-11",
        "fiscal_date": "2024-09-11",
        "fiscal_year": null,
        "fiscal_quarter": null,
        "r2_url": "https://pub-2c783279b61043e19fbdadd1bee5153a.r2.dev/ZI/2024-09-11/ZoomInfo%20Technologies%20Inc._2024-09-11_transcript/ZoomInfo%20Technologies%20Inc._2024-09-11_transcript.pdf/ZoomInfo%20Technologies%20Inc._2024-09-11_transcript.pdf",
        "periodicity": "non_periodic"
    },
    {
        "equity_ticker": "ZI",
        "geography": "US",
        "content_name": "Canaccord Genuity 44th Annual Growth Conference & Private Company Showcase 2024 - August 13, 2024",
        "file_type": "pdf",
        "content_type": "company_conference_transcript",
        "published_date": "2024-08-13",
        "fiscal_date": "2024-08-13",
        "fiscal_year": null,
        "fiscal_quarter": null,
        "r2_url": "https://pub-2c783279b61043e19fbdadd1bee5153a.r2.dev/ZI/2024-08-13/ZoomInfo%20Technologies%20Inc._2024-08-13_transcript/ZoomInfo%20Technologies%20Inc._2024-08-13_transcript.pdf/ZoomInfo%20Technologies%20Inc._2024-08-13_transcript.pdf",
        "periodicity": "non_periodic"
    },
    {
        "equity_ticker": "ZI",
        "geography": "US",
        "content_name": "ZI Q2 2024 Transcript",
        "file_type": "pdf",
        "content_type": "earnings_transcript",
        "published_date": "2024-08-05",
        "fiscal_date": "2024-08-05",
        "fiscal_year": 2024,
        "fiscal_quarter": 2,
        "r2_url": "https://pub-2c783279b61043e19fbdadd1bee5153a.r2.dev/ZI/2024-08-05/ZoomInfo%20Technologies%20Inc._2024-08-05_transcript/ZoomInfo%20Technologies%20Inc._2024-08-05_transcript.pdf/ZoomInfo%20Technologies%20Inc._2024-08-05_transcript.pdf",
        "periodicity": "periodic"
    },
    {
        "equity_ticker": "ZI",
        "geography": "US",
        "content_name": "ZI Q2 2024 Press Release",
        "file_type": "pdf",
        "content_type": "earnings_press_release",
        "published_date": "2024-08-05",
        "fiscal_date": "2024-08-05",
        "fiscal_year": 2024,
        "fiscal_quarter": 2,
        "r2_url": "https://pub-2c783279b61043e19fbdadd1bee5153a.r2.dev/ZI/2024-08-05/a3b86-2024-08-05-08-46-21/a3b86-2024-08-05-08-46-21.pdf/a3b86-2024-08-05-08-46-21.pdf",
        "periodicity": "periodic"
    },
    {
        "equity_ticker": "ZI",
        "geography": "US",
        "content_name": "ZI Q2 2024 Presentation",
        "file_type": "pdf",
        "content_type": "earnings_presentation",
        "published_date": "2024-08-05",
        "fiscal_date": "2024-08-05",
        "fiscal_year": 2024,
        "fiscal_quarter": 2,
        "r2_url": "https://pub-2c783279b61043e19fbdadd1bee5153a.r2.dev/ZI/2024-08-05/94dc4-2024-08-05-08-47-21/94dc4-2024-08-05-08-47-21.pdf/94dc4-2024-08-05-08-47-21.pdf",
        "periodicity": "periodic"
    },
    {
        "equity_ticker": "ZI",
        "geography": "US",
        "content_name": "Jefferies Software Conference - May 29, 2024",
        "file_type": "pdf",
        "content_type": "company_conference_transcript",
        "published_date": "2024-05-29",
        "fiscal_date": "2024-05-29",
        "fiscal_year": null,
        "fiscal_quarter": null,
        "r2_url": "https://pub-2c783279b61043e19fbdadd1bee5153a.r2.dev/ZI/2024-05-29/ZoomInfo%20Technologies%20Inc._2024-05-29_transcript/ZoomInfo%20Technologies%20Inc._2024-05-29_transcript.pdf/ZoomInfo%20Technologies%20Inc._2024-05-29_transcript.pdf",
        "periodicity": "non_periodic"
    },
    {
        "equity_ticker": "ZI",
        "geography": "US",
        "content_name": "The 52nd J.P. Morgan Annual Global Technology, Media & Communications Conference - May 20, 2024",
        "file_type": "pdf",
        "content_type": "sellside_conference_transcript",
        "published_date": "2024-05-20",
        "fiscal_date": "2024-05-20",
        "fiscal_year": null,
        "fiscal_quarter": null,
        "r2_url": "https://pub-2c783279b61043e19fbdadd1bee5153a.r2.dev/ZI/2024-05-20/ZoomInfo%20Technologies%20Inc._2024-05-20_transcript/ZoomInfo%20Technologies%20Inc._2024-05-20_transcript.pdf/ZoomInfo%20Technologies%20Inc._2024-05-20_transcript.pdf",
        "periodicity": "non_periodic"
    },
    {
        "equity_ticker": "ZI",
        "geography": "US",
        "content_name": "ZI Q1 2024 Transcript",
        "file_type": "pdf",
        "content_type": "earnings_transcript",
        "published_date": "2024-05-07",
        "fiscal_date": "2024-05-07",
        "fiscal_year": 2024,
        "fiscal_quarter": 1,
        "r2_url": "https://pub-2c783279b61043e19fbdadd1bee5153a.r2.dev/ZI/2024-05-07/ZoomInfo%20Technologies%20Inc._2024-05-07_transcript/ZoomInfo%20Technologies%20Inc._2024-05-07_transcript.pdf/ZoomInfo%20Technologies%20Inc._2024-05-07_transcript.pdf",
        "periodicity": "periodic"
    },
    {
        "equity_ticker": "ZI",
        "geography": "US",
        "content_name": "ZI Q1 2024 Press Release",
        "file_type": "pdf",
        "content_type": "earnings_press_release",
        "published_date": "2024-05-07",
        "fiscal_date": "2024-05-07",
        "fiscal_year": 2024,
        "fiscal_quarter": 1,
        "r2_url": "https://pub-2c783279b61043e19fbdadd1bee5153a.r2.dev/ZI/2024-05-07/b6189-2024-05-07-08-39-07/b6189-2024-05-07-08-39-07.pdf/b6189-2024-05-07-08-39-07.pdf",
        "periodicity": "periodic"
    },
    {
        "equity_ticker": "ZI",
        "geography": "US",
        "content_name": "ZI Q1 2024 Presentation",
        "file_type": "pdf",
        "content_type": "earnings_presentation",
        "published_date": "2024-05-07",
        "fiscal_date": "2024-05-07",
        "fiscal_year": 2024,
        "fiscal_quarter": 1,
        "r2_url": "https://pub-2c783279b61043e19fbdadd1bee5153a.r2.dev/ZI/2024-05-07/a8fd6-2024-05-07-08-40-07/a8fd6-2024-05-07-08-40-07.pdf/a8fd6-2024-05-07-08-40-07.pdf",
        "periodicity": "periodic"
    },
    {
        "equity_ticker": "ZI",
        "geography": "US",
        "content_name": "Morgan Stanley\u2019s Technology, Media & Telecom Conference 2024 - March 6, 2024",
        "file_type": "pdf",
        "content_type": "sellside_conference_transcript",
        "published_date": "2024-03-06",
        "fiscal_date": "2024-03-06",
        "fiscal_year": null,
        "fiscal_quarter": null,
        "r2_url": "https://pub-2c783279b61043e19fbdadd1bee5153a.r2.dev/ZI/2024-03-06/ZoomInfo%20Technologies%20Inc._2024-03-06_transcript/ZoomInfo%20Technologies%20Inc._2024-03-06_transcript.pdf/ZoomInfo%20Technologies%20Inc._2024-03-06_transcript.pdf",
        "periodicity": "non_periodic"
    },
    {
        "equity_ticker": "ZI",
        "geography": "US",
        "content_name": "45th Annual Raymond James Institutional Investors Conference 2024 - March 5, 2024",
        "file_type": "pdf",
        "content_type": "sellside_conference_transcript",
        "published_date": "2024-03-05",
        "fiscal_date": "2024-03-05",
        "fiscal_year": null,
        "fiscal_quarter": null,
        "r2_url": "https://pub-2c783279b61043e19fbdadd1bee5153a.r2.dev/ZI/2024-03-05/ZoomInfo%20Technologies%20Inc._2024-03-05_transcript/ZoomInfo%20Technologies%20Inc._2024-03-05_transcript.pdf/ZoomInfo%20Technologies%20Inc._2024-03-05_transcript.pdf",
        "periodicity": "non_periodic"
    },
    {
        "equity_ticker": "ZI",
        "geography": "US",
        "content_name": "ZI Q4 2023 Transcript",
        "file_type": "pdf",
        "content_type": "earnings_transcript",
        "published_date": "2024-02-12",
        "fiscal_date": "2024-02-12",
        "fiscal_year": 2023,
        "fiscal_quarter": 4,
        "r2_url": "https://pub-2c783279b61043e19fbdadd1bee5153a.r2.dev/ZI/2024-02-12/ZoomInfo%20Technologies%20Inc._2024-02-12_transcript/ZoomInfo%20Technologies%20Inc._2024-02-12_transcript.pdf/ZoomInfo%20Technologies%20Inc._2024-02-12_transcript.pdf",
        "periodicity": "periodic"
    },
    {
        "equity_ticker": "ZI",
        "geography": "US",
        "content_name": "ZI Q4 2023 Press Release",
        "file_type": "pdf",
        "content_type": "earnings_press_release",
        "published_date": "2024-02-12",
        "fiscal_date": "2024-02-12",
        "fiscal_year": 2023,
        "fiscal_quarter": 4,
        "r2_url": "https://pub-2c783279b61043e19fbdadd1bee5153a.r2.dev/ZI/2024-02-12/6eb88-2024-02-12-09-52-06/6eb88-2024-02-12-09-52-06.pdf/6eb88-2024-02-12-09-52-06.pdf",
        "periodicity": "periodic"
    },
    {
        "equity_ticker": "ZI",
        "geography": "US",
        "content_name": "ZI Q4 2023 Presentation",
        "file_type": "pdf",
        "content_type": "earnings_presentation",
        "published_date": "2024-02-12",
        "fiscal_date": "2024-02-12",
        "fiscal_year": 2023,
        "fiscal_quarter": 4,
        "r2_url": "https://pub-2c783279b61043e19fbdadd1bee5153a.r2.dev/ZI/2024-02-12/c0385-2024-02-12-11-58-04/c0385-2024-02-12-11-58-04.pdf/c0385-2024-02-12-11-58-04.pdf",
        "periodicity": "periodic"
    },
    {
        "equity_ticker": "ZI",
        "geography": "US",
        "content_name": "Nasdaq 49th Investor Conference - December 5, 2023",
        "file_type": "pdf",
        "content_type": "company_conference_transcript",
        "published_date": "2023-12-05",
        "fiscal_date": "2023-12-05",
        "fiscal_year": null,
        "fiscal_quarter": null,
        "r2_url": "https://pub-2c783279b61043e19fbdadd1bee5153a.r2.dev/ZI/2023-12-05/ZoomInfo%20Technologies%20Inc._2023-12-05_transcript/ZoomInfo%20Technologies%20Inc._2023-12-05_transcript.pdf/ZoomInfo%20Technologies%20Inc._2023-12-05_transcript.pdf",
        "periodicity": "non_periodic"
    },
    {
        "equity_ticker": "ZI",
        "geography": "US",
        "content_name": "Wells Fargo 7th Annual TMT Summit 2023 - November 29, 2023",
        "file_type": "pdf",
        "content_type": "sellside_conference_transcript",
        "published_date": "2023-11-29",
        "fiscal_date": "2023-11-29",
        "fiscal_year": null,
        "fiscal_quarter": null,
        "r2_url": "https://pub-2c783279b61043e19fbdadd1bee5153a.r2.dev/ZI/2023-11-29/ZoomInfo%20Technologies%20Inc._2023-11-29_transcript/ZoomInfo%20Technologies%20Inc._2023-11-29_transcript.pdf/ZoomInfo%20Technologies%20Inc._2023-11-29_transcript.pdf",
        "periodicity": "non_periodic"
    },
    {
        "equity_ticker": "ZI",
        "geography": "US",
        "content_name": "UBS Global Technology Conference - November 28, 2023",
        "file_type": "pdf",
        "content_type": "sellside_conference_transcript",
        "published_date": "2023-11-28",
        "fiscal_date": "2023-11-28",
        "fiscal_year": null,
        "fiscal_quarter": null,
        "r2_url": "https://pub-2c783279b61043e19fbdadd1bee5153a.r2.dev/ZI/2023-11-28/ZoomInfo%20Technologies%20Inc._2023-11-28_transcript/ZoomInfo%20Technologies%20Inc._2023-11-28_transcript.pdf/ZoomInfo%20Technologies%20Inc._2023-11-28_transcript.pdf",
        "periodicity": "non_periodic"
    },
    {
        "equity_ticker": "ZI",
        "geography": "US",
        "content_name": "ZI Q3 2023 Transcript",
        "file_type": "pdf",
        "content_type": "earnings_transcript",
        "published_date": "2023-10-30",
        "fiscal_date": "2023-10-30",
        "fiscal_year": 2023,
        "fiscal_quarter": 3,
        "r2_url": "https://pub-2c783279b61043e19fbdadd1bee5153a.r2.dev/ZI/2023-10-30/ZoomInfo%20Technologies%20Inc._2023-10-30_transcript/ZoomInfo%20Technologies%20Inc._2023-10-30_transcript.pdf/ZoomInfo%20Technologies%20Inc._2023-10-30_transcript.pdf",
        "periodicity": "periodic"
    },
    {
        "equity_ticker": "ZI",
        "geography": "US",
        "content_name": "ZI Q3 2023 Press Release",
        "file_type": "pdf",
        "content_type": "earnings_press_release",
        "published_date": "2023-10-30",
        "fiscal_date": "2023-10-30",
        "fiscal_year": 2023,
        "fiscal_quarter": 3,
        "r2_url": "https://pub-2c783279b61043e19fbdadd1bee5153a.r2.dev/ZI/2023-10-30/2ad76-2023-10-30-08-11-07/2ad76-2023-10-30-08-11-07.pdf/2ad76-2023-10-30-08-11-07.pdf",
        "periodicity": "periodic"
    },
    {
        "equity_ticker": "ZI",
        "geography": "US",
        "content_name": "ZI Q3 2023 Presentation",
        "file_type": "pdf",
        "content_type": "earnings_presentation",
        "published_date": "2023-10-30",
        "fiscal_date": "2023-10-30",
        "fiscal_year": 2023,
        "fiscal_quarter": 3,
        "r2_url": "https://pub-2c783279b61043e19fbdadd1bee5153a.r2.dev/ZI/2023-10-30/25894-2023-10-30-08-56-50/25894-2023-10-30-08-56-50.pdf/25894-2023-10-30-08-56-50.pdf",
        "periodicity": "periodic"
    },
    {
        "equity_ticker": "ZI",
        "geography": "US",
        "content_name": "Piper Sandler Growth Frontiers Conference - September 12, 2023",
        "file_type": "pdf",
        "content_type": "sellside_conference_transcript",
        "published_date": "2023-09-12",
        "fiscal_date": "2023-09-12",
        "fiscal_year": null,
        "fiscal_quarter": null,
        "r2_url": "https://pub-2c783279b61043e19fbdadd1bee5153a.r2.dev/ZI/2023-09-12/ZoomInfo%20Technologies%20Inc._2023-09-12_transcript/ZoomInfo%20Technologies%20Inc._2023-09-12_transcript.pdf/ZoomInfo%20Technologies%20Inc._2023-09-12_transcript.pdf",
        "periodicity": "non_periodic"
    },
    {
        "equity_ticker": "ZI",
        "geography": "US",
        "content_name": "Goldman Sachs Communacopia + Technology Conference 2023 - September 6, 2023",
        "file_type": "pdf",
        "content_type": "sellside_conference_transcript",
        "published_date": "2023-09-06",
        "fiscal_date": "2023-09-06",
        "fiscal_year": null,
        "fiscal_quarter": null,
        "r2_url": "https://pub-2c783279b61043e19fbdadd1bee5153a.r2.dev/ZI/2023-09-06/ZoomInfo%20Technologies%20Inc._2023-09-06_transcript/ZoomInfo%20Technologies%20Inc._2023-09-06_transcript.pdf/ZoomInfo%20Technologies%20Inc._2023-09-06_transcript.pdf",
        "periodicity": "non_periodic"
    },
    {
        "equity_ticker": "ZI",
        "geography": "US",
        "content_name": "Canaccord Genuity 43rd Annual Growth Conference - August 10, 2023",
        "file_type": "pdf",
        "content_type": "company_conference_transcript",
        "published_date": "2023-08-10",
        "fiscal_date": "2023-08-10",
        "fiscal_year": null,
        "fiscal_quarter": null,
        "r2_url": "https://pub-2c783279b61043e19fbdadd1bee5153a.r2.dev/ZI/2023-08-10/ZoomInfo%20Technologies%20Inc._2023-08-10_transcript/ZoomInfo%20Technologies%20Inc._2023-08-10_transcript.pdf/ZoomInfo%20Technologies%20Inc._2023-08-10_transcript.pdf",
        "periodicity": "non_periodic"
    },
    {
        "equity_ticker": "ZI",
        "geography": "US",
        "content_name": "ZI Q2 2023 Transcript",
        "file_type": "pdf",
        "content_type": "earnings_transcript",
        "published_date": "2023-07-31",
        "fiscal_date": "2023-07-31",
        "fiscal_year": 2023,
        "fiscal_quarter": 2,
        "r2_url": "https://pub-2c783279b61043e19fbdadd1bee5153a.r2.dev/ZI/2023-07-31/ZoomInfo%20Technologies%20Inc._2023-07-31_transcript/ZoomInfo%20Technologies%20Inc._2023-07-31_transcript.pdf/ZoomInfo%20Technologies%20Inc._2023-07-31_transcript.pdf",
        "periodicity": "periodic"
    },
    {
        "equity_ticker": "ZI",
        "geography": "US",
        "content_name": "ZI Q2 2023 Press Release",
        "file_type": "pdf",
        "content_type": "earnings_press_release",
        "published_date": "2023-07-31",
        "fiscal_date": "2023-07-31",
        "fiscal_year": 2023,
        "fiscal_quarter": 2,
        "r2_url": "https://pub-2c783279b61043e19fbdadd1bee5153a.r2.dev/ZI/2023-07-31/ffd90-2023-07-31-08-10-07/ffd90-2023-07-31-08-10-07.pdf/ffd90-2023-07-31-08-10-07.pdf",
        "periodicity": "periodic"
    },
    {
        "equity_ticker": "ZI",
        "geography": "US",
        "content_name": "ZI Q2 2023 Presentation",
        "file_type": "pdf",
        "content_type": "earnings_presentation",
        "published_date": "2023-07-31",
        "fiscal_date": "2023-07-31",
        "fiscal_year": 2023,
        "fiscal_quarter": 2,
        "r2_url": "https://pub-2c783279b61043e19fbdadd1bee5153a.r2.dev/ZI/2023-07-31/76b90-2023-07-31-08-00-17/76b90-2023-07-31-08-00-17.pdf/76b90-2023-07-31-08-00-17.pdf",
        "periodicity": "periodic"
    },
    {
        "equity_ticker": "ZI",
        "geography": "US",
        "content_name": "Bank of America 2023 Global Technology Conference - June 6, 2023",
        "file_type": "pdf",
        "content_type": "sellside_conference_transcript",
        "published_date": "2023-06-06",
        "fiscal_date": "2023-06-06",
        "fiscal_year": null,
        "fiscal_quarter": null,
        "r2_url": "https://pub-2c783279b61043e19fbdadd1bee5153a.r2.dev/ZI/2023-06-06/ZoomInfo%20Technologies%20Inc._2023-06-06_transcript/ZoomInfo%20Technologies%20Inc._2023-06-06_transcript.pdf/ZoomInfo%20Technologies%20Inc._2023-06-06_transcript.pdf",
        "periodicity": "non_periodic"
    },
    {
        "equity_ticker": "ZI",
        "geography": "US",
        "content_name": "Bernstein\u2019s 39th Annual Strategic Decisions Conference 2023 - June 1, 2023",
        "file_type": "pdf",
        "content_type": "company_conference_transcript",
        "published_date": "2023-06-01",
        "fiscal_date": "2023-06-01",
        "fiscal_year": null,
        "fiscal_quarter": null,
        "r2_url": "https://pub-2c783279b61043e19fbdadd1bee5153a.r2.dev/ZI/2023-06-01/ZoomInfo%20Technologies%20Inc._2023-06-01_transcript/ZoomInfo%20Technologies%20Inc._2023-06-01_transcript.pdf/ZoomInfo%20Technologies%20Inc._2023-06-01_transcript.pdf",
        "periodicity": "non_periodic"
    },
    {
        "equity_ticker": "ZI",
        "geography": "US",
        "content_name": "51st Annual J.P. Morgan\u2019s Global Technology, Media and Communications Conference 2023 - May 24, 2023",
        "file_type": "pdf",
        "content_type": "sellside_conference_transcript",
        "published_date": "2023-05-24",
        "fiscal_date": "2023-05-24",
        "fiscal_year": null,
        "fiscal_quarter": null,
        "r2_url": "https://pub-2c783279b61043e19fbdadd1bee5153a.r2.dev/ZI/2023-05-24/ZoomInfo%20Technologies%20Inc._2023-05-24_transcript/ZoomInfo%20Technologies%20Inc._2023-05-24_transcript.pdf/ZoomInfo%20Technologies%20Inc._2023-05-24_transcript.pdf",
        "periodicity": "non_periodic"
    },
    {
        "equity_ticker": "ZI",
        "geography": "US",
        "content_name": "ZI Q1 2023 Transcript",
        "file_type": "pdf",
        "content_type": "earnings_transcript",
        "published_date": "2023-05-01",
        "fiscal_date": "2023-05-01",
        "fiscal_year": 2023,
        "fiscal_quarter": 1,
        "r2_url": "https://pub-2c783279b61043e19fbdadd1bee5153a.r2.dev/ZI/2023-05-01/ZoomInfo%20Technologies%20Inc._2023-05-01_transcript/ZoomInfo%20Technologies%20Inc._2023-05-01_transcript.pdf/ZoomInfo%20Technologies%20Inc._2023-05-01_transcript.pdf",
        "periodicity": "periodic"
    },
    {
        "equity_ticker": "ZI",
        "geography": "US",
        "content_name": "ZI Q1 2023 Press Release",
        "file_type": "pdf",
        "content_type": "earnings_press_release",
        "published_date": "2023-05-01",
        "fiscal_date": "2023-05-01",
        "fiscal_year": 2023,
        "fiscal_quarter": 1,
        "r2_url": "https://pub-2c783279b61043e19fbdadd1bee5153a.r2.dev/ZI/2023-05-01/e3445-2023-05-01-08-01-09/e3445-2023-05-01-08-01-09.pdf/e3445-2023-05-01-08-01-09.pdf",
        "periodicity": "periodic"
    },
    {
        "equity_ticker": "ZI",
        "geography": "US",
        "content_name": "ZI Q1 2023 Presentation",
        "file_type": "pdf",
        "content_type": "earnings_presentation",
        "published_date": "2023-05-01",
        "fiscal_date": "2023-05-01",
        "fiscal_year": 2023,
        "fiscal_quarter": 1,
        "r2_url": "https://pub-2c783279b61043e19fbdadd1bee5153a.r2.dev/ZI/2023-05-01/3409b-2023-05-01-08-51-09/3409b-2023-05-01-08-51-09.pdf/3409b-2023-05-01-08-51-09.pdf",
        "periodicity": "periodic"
    },
    {
        "equity_ticker": "ZI",
        "geography": "US",
        "content_name": "Morgan Stanley Technology, Media & Telecom Conference - March 9, 2023",
        "file_type": "pdf",
        "content_type": "sellside_conference_transcript",
        "published_date": "2023-03-09",
        "fiscal_date": "2023-03-09",
        "fiscal_year": null,
        "fiscal_quarter": null,
        "r2_url": "https://pub-2c783279b61043e19fbdadd1bee5153a.r2.dev/ZI/2023-03-09/ZoomInfo%20Technologies%20Inc._2023-03-09_transcript/ZoomInfo%20Technologies%20Inc._2023-03-09_transcript.pdf/ZoomInfo%20Technologies%20Inc._2023-03-09_transcript.pdf",
        "periodicity": "non_periodic"
    },
    {
        "equity_ticker": "ZI",
        "geography": "US",
        "content_name": "Raymond James Institutional Investors Conference - March 7, 2023",
        "file_type": "pdf",
        "content_type": "sellside_conference_transcript",
        "published_date": "2023-03-07",
        "fiscal_date": "2023-03-07",
        "fiscal_year": null,
        "fiscal_quarter": null,
        "r2_url": "https://pub-2c783279b61043e19fbdadd1bee5153a.r2.dev/ZI/2023-03-07/ZoomInfo%20Technologies%20Inc._2023-03-07_transcript/ZoomInfo%20Technologies%20Inc._2023-03-07_transcript.pdf/ZoomInfo%20Technologies%20Inc._2023-03-07_transcript.pdf",
        "periodicity": "non_periodic"
    },
    {
        "equity_ticker": "ZI",
        "geography": "US",
        "content_name": "ZI Q4 2022 Transcript",
        "file_type": "pdf",
        "content_type": "earnings_transcript",
        "published_date": "2023-02-06",
        "fiscal_date": "2023-02-06",
        "fiscal_year": 2022,
        "fiscal_quarter": 4,
        "r2_url": "https://pub-2c783279b61043e19fbdadd1bee5153a.r2.dev/ZI/2023-02-06/ZoomInfo%20Technologies%20Inc._2023-02-06_transcript/ZoomInfo%20Technologies%20Inc._2023-02-06_transcript.pdf/ZoomInfo%20Technologies%20Inc._2023-02-06_transcript.pdf",
        "periodicity": "periodic"
    },
    {
        "equity_ticker": "ZI",
        "geography": "US",
        "content_name": "ZI Q4 2022 Press Release",
        "file_type": "pdf",
        "content_type": "earnings_press_release",
        "published_date": "2023-02-06",
        "fiscal_date": "2023-02-06",
        "fiscal_year": 2022,
        "fiscal_quarter": 4,
        "r2_url": "https://pub-2c783279b61043e19fbdadd1bee5153a.r2.dev/ZI/2023-02-06/c8a95-2023-02-06-09-19-12/c8a95-2023-02-06-09-19-12.pdf/c8a95-2023-02-06-09-19-12.pdf",
        "periodicity": "periodic"
    },
    {
        "equity_ticker": "ZI",
        "geography": "US",
        "content_name": "ZI Q4 2022 Presentation",
        "file_type": "pdf",
        "content_type": "earnings_presentation",
        "published_date": "2023-02-06",
        "fiscal_date": "2023-02-06",
        "fiscal_year": 2022,
        "fiscal_quarter": 4,
        "r2_url": "https://pub-2c783279b61043e19fbdadd1bee5153a.r2.dev/ZI/2023-02-06/1b2a9-2023-02-06-09-19-12/1b2a9-2023-02-06-09-19-12.pdf/1b2a9-2023-02-06-09-19-12.pdf",
        "periodicity": "periodic"
    },
    {
        "equity_ticker": "ZI",
        "geography": "US",
        "content_name": "ZI Q3 2022 Transcript",
        "file_type": "pdf",
        "content_type": "earnings_transcript",
        "published_date": "2022-11-01",
        "fiscal_date": "2022-11-01",
        "fiscal_year": 2022,
        "fiscal_quarter": 3,
        "r2_url": "https://pub-2c783279b61043e19fbdadd1bee5153a.r2.dev/ZI/2022-11-01/ZoomInfo%20Technologies%20Inc._2022-11-01_transcript/ZoomInfo%20Technologies%20Inc._2022-11-01_transcript.pdf/ZoomInfo%20Technologies%20Inc._2022-11-01_transcript.pdf",
        "periodicity": "periodic"
    },
    {
        "equity_ticker": "ZI",
        "geography": "US",
        "content_name": "ZI Q3 2022 Press Release",
        "file_type": "pdf",
        "content_type": "earnings_press_release",
        "published_date": "2022-11-01",
        "fiscal_date": "2022-11-01",
        "fiscal_year": 2022,
        "fiscal_quarter": 3,
        "r2_url": "https://pub-2c783279b61043e19fbdadd1bee5153a.r2.dev/ZI/2022-11-01/418ba-2022-11-01-08-27-06/418ba-2022-11-01-08-27-06.pdf/418ba-2022-11-01-08-27-06.pdf",
        "periodicity": "periodic"
    },
    {
        "equity_ticker": "ZI",
        "geography": "US",
        "content_name": "ZI Q3 2022 Presentation",
        "file_type": "pdf",
        "content_type": "earnings_presentation",
        "published_date": "2022-11-01",
        "fiscal_date": "2022-11-01",
        "fiscal_year": 2022,
        "fiscal_quarter": 3,
        "r2_url": "https://pub-2c783279b61043e19fbdadd1bee5153a.r2.dev/ZI/2022-11-01/3d5a7-2022-11-01-08-52-39/3d5a7-2022-11-01-08-52-39.pdf/3d5a7-2022-11-01-08-52-39.pdf",
        "periodicity": "periodic"
    },
    {
        "equity_ticker": "ZI",
        "geography": "US",
        "content_name": "ZI Q2 2022 Transcript",
        "file_type": "pdf",
        "content_type": "earnings_transcript",
        "published_date": "2022-08-01",
        "fiscal_date": "2022-08-01",
        "fiscal_year": 2022,
        "fiscal_quarter": 2,
        "r2_url": "https://pub-2c783279b61043e19fbdadd1bee5153a.r2.dev/ZI/2022-08-01/ZoomInfo%20Technologies%20Inc._2022-08-01_transcript/ZoomInfo%20Technologies%20Inc._2022-08-01_transcript.pdf/ZoomInfo%20Technologies%20Inc._2022-08-01_transcript.pdf",
        "periodicity": "periodic"
    },
    {
        "equity_ticker": "ZI",
        "geography": "US",
        "content_name": "ZI Q2 2022 Press Release",
        "file_type": "pdf",
        "content_type": "earnings_press_release",
        "published_date": "2022-08-01",
        "fiscal_date": "2022-08-01",
        "fiscal_year": 2022,
        "fiscal_quarter": 2,
        "r2_url": "https://pub-2c783279b61043e19fbdadd1bee5153a.r2.dev/ZI/2022-08-01/d3aef-2022-08-01-08-54-09/d3aef-2022-08-01-08-54-09.pdf/d3aef-2022-08-01-08-54-09.pdf",
        "periodicity": "periodic"
    },
    {
        "equity_ticker": "ZI",
        "geography": "US",
        "content_name": "ZI Q2 2022 Presentation",
        "file_type": "pdf",
        "content_type": "earnings_presentation",
        "published_date": "2022-08-01",
        "fiscal_date": "2022-08-01",
        "fiscal_year": 2022,
        "fiscal_quarter": 2,
        "r2_url": "https://pub-2c783279b61043e19fbdadd1bee5153a.r2.dev/ZI/2022-08-01/d0fef-2022-08-01-08-15-10/d0fef-2022-08-01-08-15-10.pdf/d0fef-2022-08-01-08-15-10.pdf",
        "periodicity": "periodic"
    },
    {
        "equity_ticker": "ZI",
        "geography": "US",
        "content_name": "Analyst Day 2022 - June 2, 2022",
        "file_type": "pdf",
        "content_type": "company_conference_transcript",
        "published_date": "2022-06-02",
        "fiscal_date": "2022-06-02",
        "fiscal_year": null,
        "fiscal_quarter": null,
        "r2_url": "https://pub-2c783279b61043e19fbdadd1bee5153a.r2.dev/ZI/2022-06-02/ZoomInfo%20Technologies%20Inc._2022-06-02_transcript/ZoomInfo%20Technologies%20Inc._2022-06-02_transcript.pdf/ZoomInfo%20Technologies%20Inc._2022-06-02_transcript.pdf",
        "periodicity": "non_periodic"
    },
    {
        "equity_ticker": "ZI",
        "geography": "US",
        "content_name": "Analyst Day 2022 - June 2, 2022",
        "file_type": "pdf",
        "content_type": "company_conference_presentation",
        "published_date": "2022-06-02",
        "fiscal_date": "2022-06-02",
        "fiscal_year": null,
        "fiscal_quarter": null,
        "r2_url": "https://pub-2c783279b61043e19fbdadd1bee5153a.r2.dev/ZI/2022-06-02/a002c-2022-06-03-07-24-08/a002c-2022-06-03-07-24-08.pdf/a002c-2022-06-03-07-24-08.pdf",
        "periodicity": "non_periodic"
    },
    {
        "equity_ticker": "ZI",
        "geography": "US",
        "content_name": "ZI Q1 2022 Transcript",
        "file_type": "pdf",
        "content_type": "earnings_transcript",
        "published_date": "2022-05-02",
        "fiscal_date": "2022-05-02",
        "fiscal_year": 2022,
        "fiscal_quarter": 1,
        "r2_url": "https://pub-2c783279b61043e19fbdadd1bee5153a.r2.dev/ZI/2022-05-02/ZoomInfo%20Technologies%20Inc._2022-05-02_transcript/ZoomInfo%20Technologies%20Inc._2022-05-02_transcript.pdf/ZoomInfo%20Technologies%20Inc._2022-05-02_transcript.pdf",
        "periodicity": "periodic"
    },
    {
        "equity_ticker": "ZI",
        "geography": "US",
        "content_name": "ZI Q1 2022 Press Release",
        "file_type": "pdf",
        "content_type": "earnings_press_release",
        "published_date": "2022-05-02",
        "fiscal_date": "2022-05-02",
        "fiscal_year": 2022,
        "fiscal_quarter": 1,
        "r2_url": "https://pub-2c783279b61043e19fbdadd1bee5153a.r2.dev/ZI/2022-05-02/70f25-2023-01-25-01-44-21/70f25-2023-01-25-01-44-21.pdf/70f25-2023-01-25-01-44-21.pdf",
        "periodicity": "periodic"
    },
    {
        "equity_ticker": "ZI",
        "geography": "US",
        "content_name": "ZI Q1 2022 Presentation",
        "file_type": "pdf",
        "content_type": "earnings_presentation",
        "published_date": "2022-05-02",
        "fiscal_date": "2022-05-02",
        "fiscal_year": 2022,
        "fiscal_quarter": 1,
        "r2_url": "https://pub-2c783279b61043e19fbdadd1bee5153a.r2.dev/ZI/2022-05-02/a2347-2022-05-02-08-36-40-migrated/a2347-2022-05-02-08-36-40-migrated.pdf/a2347-2022-05-02-08-36-40-migrated.pdf",
        "periodicity": "periodic"
    },
    {
        "equity_ticker": "ZI",
        "geography": "US",
        "content_name": "ZI Q4 2021 Transcript",
        "file_type": "pdf",
        "content_type": "earnings_transcript",
        "published_date": "2022-02-15",
        "fiscal_date": "2022-02-15",
        "fiscal_year": 2021,
        "fiscal_quarter": 4,
        "r2_url": "https://pub-2c783279b61043e19fbdadd1bee5153a.r2.dev/ZI/2022-02-15/ZoomInfo%20Technologies%20Inc._2022-02-15_transcript/ZoomInfo%20Technologies%20Inc._2022-02-15_transcript.pdf/ZoomInfo%20Technologies%20Inc._2022-02-15_transcript.pdf",
        "periodicity": "periodic"
    },
    {
        "equity_ticker": "ZI",
        "geography": "US",
        "content_name": "ZI Q4 2021 Press Release",
        "file_type": "pdf",
        "content_type": "earnings_press_release",
        "published_date": "2022-02-15",
        "fiscal_date": "2022-02-15",
        "fiscal_year": 2021,
        "fiscal_quarter": 4,
        "r2_url": "https://pub-2c783279b61043e19fbdadd1bee5153a.r2.dev/ZI/2022-02-15/a51e8-2023-01-25-12-25-27/a51e8-2023-01-25-12-25-27.pdf/a51e8-2023-01-25-12-25-27.pdf",
        "periodicity": "periodic"
    },
    {
        "equity_ticker": "ZI",
        "geography": "US",
        "content_name": "ZI Q4 2021 Presentation",
        "file_type": "pdf",
        "content_type": "earnings_presentation",
        "published_date": "2022-02-15",
        "fiscal_date": "2022-02-15",
        "fiscal_year": 2021,
        "fiscal_quarter": 4,
        "r2_url": "https://pub-2c783279b61043e19fbdadd1bee5153a.r2.dev/ZI/2022-02-15/86376-2022-02-15-02-22-10-migrated/86376-2022-02-15-02-22-10-migrated.pdf/86376-2022-02-15-02-22-10-migrated.pdf",
        "periodicity": "periodic"
    },
    {
        "equity_ticker": "ZI",
        "geography": "US",
        "content_name": "Status Update - February 3, 2022",
        "file_type": "pdf",
        "content_type": "company_conference_transcript",
        "published_date": "2022-02-03",
        "fiscal_date": "2022-02-03",
        "fiscal_year": null,
        "fiscal_quarter": null,
        "r2_url": "https://pub-2c783279b61043e19fbdadd1bee5153a.r2.dev/ZI/2022-02-03/ZoomInfo%20Technologies%20Inc._2022-02-03_transcript/ZoomInfo%20Technologies%20Inc._2022-02-03_transcript.pdf/ZoomInfo%20Technologies%20Inc._2022-02-03_transcript.pdf",
        "periodicity": "non_periodic"
    },
    {
        "equity_ticker": "ZI",
        "geography": "US",
        "content_name": "ZI Q3 2021 Transcript",
        "file_type": "pdf",
        "content_type": "earnings_transcript",
        "published_date": "2021-11-01",
        "fiscal_date": "2021-11-01",
        "fiscal_year": 2021,
        "fiscal_quarter": 3,
        "r2_url": "https://pub-2c783279b61043e19fbdadd1bee5153a.r2.dev/ZI/2021-11-01/ZoomInfo%20Technologies%20Inc._2021-11-01_transcript/ZoomInfo%20Technologies%20Inc._2021-11-01_transcript.pdf/ZoomInfo%20Technologies%20Inc._2021-11-01_transcript.pdf",
        "periodicity": "periodic"
    },
    {
        "equity_ticker": "ZI",
        "geography": "US",
        "content_name": "ZI Q3 2021 Press Release",
        "file_type": "pdf",
        "content_type": "earnings_press_release",
        "published_date": "2021-11-01",
        "fiscal_date": "2021-11-01",
        "fiscal_year": 2021,
        "fiscal_quarter": 3,
        "r2_url": "https://pub-2c783279b61043e19fbdadd1bee5153a.r2.dev/ZI/2021-11-01/0a519-2023-01-25-10-28-20/0a519-2023-01-25-10-28-20.pdf/0a519-2023-01-25-10-28-20.pdf",
        "periodicity": "periodic"
    },
    {
        "equity_ticker": "ZI",
        "geography": "US",
        "content_name": "ZI Q2 2021 Transcript",
        "file_type": "pdf",
        "content_type": "earnings_transcript",
        "published_date": "2021-08-02",
        "fiscal_date": "2021-08-02",
        "fiscal_year": 2021,
        "fiscal_quarter": 2,
        "r2_url": "https://pub-2c783279b61043e19fbdadd1bee5153a.r2.dev/ZI/2021-08-02/ZoomInfo%20Technologies%20Inc._2021-08-02_transcript/ZoomInfo%20Technologies%20Inc._2021-08-02_transcript.pdf/ZoomInfo%20Technologies%20Inc._2021-08-02_transcript.pdf",
        "periodicity": "periodic"
    },
    {
        "equity_ticker": "ZI",
        "geography": "US",
        "content_name": "ZI Q2 2021 Press Release",
        "file_type": "pdf",
        "content_type": "earnings_press_release",
        "published_date": "2021-08-02",
        "fiscal_date": "2021-08-02",
        "fiscal_year": 2021,
        "fiscal_quarter": 2,
        "r2_url": "https://pub-2c783279b61043e19fbdadd1bee5153a.r2.dev/ZI/2021-08-02/6ace9-2023-01-25-09-42-03/6ace9-2023-01-25-09-42-03.pdf/6ace9-2023-01-25-09-42-03.pdf",
        "periodicity": "periodic"
    },
    {
        "equity_ticker": "ZI",
        "geography": "US",
        "content_name": "M&A Announcement - July 13, 2021",
        "file_type": "pdf",
        "content_type": "company_conference_transcript",
        "published_date": "2021-07-13",
        "fiscal_date": "2021-07-13",
        "fiscal_year": null,
        "fiscal_quarter": null,
        "r2_url": "https://pub-2c783279b61043e19fbdadd1bee5153a.r2.dev/ZI/2021-07-13/ZoomInfo%20Technologies%20Inc._2021-07-13_transcript/ZoomInfo%20Technologies%20Inc._2021-07-13_transcript.pdf/ZoomInfo%20Technologies%20Inc._2021-07-13_transcript.pdf",
        "periodicity": "non_periodic"
    },
    {
        "equity_ticker": "ZI",
        "geography": "US",
        "content_name": "M&A Announcement - July 13, 2021",
        "file_type": "pdf",
        "content_type": "company_conference_press_release",
        "published_date": "2021-07-13",
        "fiscal_date": "2021-07-13",
        "fiscal_year": null,
        "fiscal_quarter": null,
        "r2_url": "https://pub-2c783279b61043e19fbdadd1bee5153a.r2.dev/ZI/2021-07-13/2fd19-2023-06-26-08-47-13/2fd19-2023-06-26-08-47-13.pdf/2fd19-2023-06-26-08-47-13.pdf",
        "periodicity": "non_periodic"
    },
    {
        "equity_ticker": "ZI",
        "geography": "US",
        "content_name": "M&A Announcement - July 13, 2021",
        "file_type": "pdf",
        "content_type": "company_conference_presentation",
        "published_date": "2021-07-13",
        "fiscal_date": "2021-07-13",
        "fiscal_year": null,
        "fiscal_quarter": null,
        "r2_url": "https://pub-2c783279b61043e19fbdadd1bee5153a.r2.dev/ZI/2021-07-13/84415-2023-06-26-08-52-13/84415-2023-06-26-08-52-13.pdf/84415-2023-06-26-08-52-13.pdf",
        "periodicity": "non_periodic"
    },
    {
        "equity_ticker": "ZI",
        "geography": "US",
        "content_name": "Analyst Day 2021 - June 14, 2021",
        "file_type": "pdf",
        "content_type": "company_conference_transcript",
        "published_date": "2021-06-14",
        "fiscal_date": "2021-06-14",
        "fiscal_year": null,
        "fiscal_quarter": null,
        "r2_url": "https://pub-2c783279b61043e19fbdadd1bee5153a.r2.dev/ZI/2021-06-14/ZoomInfo%20Technologies%20Inc._2021-06-14_transcript/ZoomInfo%20Technologies%20Inc._2021-06-14_transcript.pdf/ZoomInfo%20Technologies%20Inc._2021-06-14_transcript.pdf",
        "periodicity": "non_periodic"
    },
    {
        "equity_ticker": "ZI",
        "geography": "US",
        "content_name": "Analyst Day 2021 - June 14, 2021",
        "file_type": "pdf",
        "content_type": "company_conference_presentation",
        "published_date": "2021-06-14",
        "fiscal_date": "2021-06-14",
        "fiscal_year": null,
        "fiscal_quarter": null,
        "r2_url": "https://pub-2c783279b61043e19fbdadd1bee5153a.r2.dev/ZI/2021-06-14/9b535-2023-06-26-08-36-15/9b535-2023-06-26-08-36-15.pdf/9b535-2023-06-26-08-36-15.pdf",
        "periodicity": "non_periodic"
    },
    {
        "equity_ticker": "ZI",
        "geography": "US",
        "content_name": "ZI Q1 2021 Transcript",
        "file_type": "pdf",
        "content_type": "earnings_transcript",
        "published_date": "2021-05-03",
        "fiscal_date": "2021-05-03",
        "fiscal_year": 2021,
        "fiscal_quarter": 1,
        "r2_url": "https://pub-2c783279b61043e19fbdadd1bee5153a.r2.dev/ZI/2021-05-03/ZoomInfo%20Technologies%20Inc._2021-05-03_transcript/ZoomInfo%20Technologies%20Inc._2021-05-03_transcript.pdf/ZoomInfo%20Technologies%20Inc._2021-05-03_transcript.pdf",
        "periodicity": "periodic"
    },
    {
        "equity_ticker": "ZI",
        "geography": "US",
        "content_name": "ZI Q1 2021 Press Release",
        "file_type": "pdf",
        "content_type": "quarterly_report",
        "published_date": "2021-05-03",
        "fiscal_date": "2021-05-03",
        "fiscal_year": 2021,
        "fiscal_quarter": 1,
        "r2_url": "https://pub-2c783279b61043e19fbdadd1bee5153a.r2.dev/ZI/2021-05-03/423bf-2024-08-28-11-57-58/423bf-2024-08-28-11-57-58.pdf/423bf-2024-08-28-11-57-58.pdf",
        "periodicity": "periodic"
    },
    {
        "equity_ticker": "ZI",
        "geography": "US",
        "content_name": "ZI Q1 2021 Presentation",
        "file_type": "pdf",
        "content_type": "earnings_presentation",
        "published_date": "2021-05-03",
        "fiscal_date": "2021-05-03",
        "fiscal_year": 2021,
        "fiscal_quarter": 1,
        "r2_url": "https://pub-2c783279b61043e19fbdadd1bee5153a.r2.dev/ZI/2021-05-03/1cb20-2021-05-03-09-12-58-migrated/1cb20-2021-05-03-09-12-58-migrated.pdf/1cb20-2021-05-03-09-12-58-migrated.pdf",
        "periodicity": "periodic"
    },
    {
        "equity_ticker": "ZI",
        "geography": "US",
        "content_name": "ASM 2021 - April 27, 2021",
        "file_type": "pdf",
        "content_type": "company_conference_transcript",
        "published_date": "2021-04-27",
        "fiscal_date": "2021-04-27",
        "fiscal_year": null,
        "fiscal_quarter": null,
        "r2_url": "https://pub-2c783279b61043e19fbdadd1bee5153a.r2.dev/ZI/2021-04-27/ZoomInfo%20Technologies%20Inc._2021-04-27_transcript/ZoomInfo%20Technologies%20Inc._2021-04-27_transcript.pdf/ZoomInfo%20Technologies%20Inc._2021-04-27_transcript.pdf",
        "periodicity": "non_periodic"
    },
    {
        "equity_ticker": "ZI",
        "geography": "US",
        "content_name": "ZI Q4 2020 Transcript",
        "file_type": "pdf",
        "content_type": "earnings_transcript",
        "published_date": "2021-02-22",
        "fiscal_date": "2021-02-22",
        "fiscal_year": 2020,
        "fiscal_quarter": 4,
        "r2_url": "https://pub-2c783279b61043e19fbdadd1bee5153a.r2.dev/ZI/2021-02-22/ZoomInfo%20Technologies%20Inc._2021-02-22_transcript/ZoomInfo%20Technologies%20Inc._2021-02-22_transcript.pdf/ZoomInfo%20Technologies%20Inc._2021-02-22_transcript.pdf",
        "periodicity": "periodic"
    },
    {
        "equity_ticker": "ZI",
        "geography": "US",
        "content_name": "ZI Q4 2020 Press Release",
        "file_type": "pdf",
        "content_type": "earnings_press_release",
        "published_date": "2021-02-22",
        "fiscal_date": "2021-02-22",
        "fiscal_year": 2020,
        "fiscal_quarter": 4,
        "r2_url": "https://pub-2c783279b61043e19fbdadd1bee5153a.r2.dev/ZI/2021-02-22/342e4-2022-07-07-07-24-48/342e4-2022-07-07-07-24-48.pdf/342e4-2022-07-07-07-24-48.pdf",
        "periodicity": "periodic"
    },
    {
        "equity_ticker": "ZI",
        "geography": "US",
        "content_name": "ZI Q4 2020 Presentation",
        "file_type": "pdf",
        "content_type": "earnings_presentation",
        "published_date": "2021-02-22",
        "fiscal_date": "2021-02-22",
        "fiscal_year": 2020,
        "fiscal_quarter": 4,
        "r2_url": "https://pub-2c783279b61043e19fbdadd1bee5153a.r2.dev/ZI/2021-02-22/955b4-2022-07-07-07-26-48/955b4-2022-07-07-07-26-48.pdf/955b4-2022-07-07-07-26-48.pdf",
        "periodicity": "periodic"
    },
    {
        "equity_ticker": "ZI",
        "geography": "US",
        "content_name": "ZI Q3 2020 Transcript",
        "file_type": "pdf",
        "content_type": "earnings_transcript",
        "published_date": "2020-11-09",
        "fiscal_date": "2020-11-09",
        "fiscal_year": 2020,
        "fiscal_quarter": 3,
        "r2_url": "https://pub-2c783279b61043e19fbdadd1bee5153a.r2.dev/ZI/2020-11-09/ZoomInfo%20Technologies%20Inc._2020-11-09_transcript/ZoomInfo%20Technologies%20Inc._2020-11-09_transcript.pdf/ZoomInfo%20Technologies%20Inc._2020-11-09_transcript.pdf",
        "periodicity": "periodic"
    },
    {
        "equity_ticker": "ZI",
        "geography": "US",
        "content_name": "ZI Q3 2020 Press Release",
        "file_type": "pdf",
        "content_type": "earnings_press_release",
        "published_date": "2020-11-09",
        "fiscal_date": "2020-11-09",
        "fiscal_year": 2020,
        "fiscal_quarter": 3,
        "r2_url": "https://pub-2c783279b61043e19fbdadd1bee5153a.r2.dev/ZI/2020-11-09/f6268-2022-07-07-07-12-49/f6268-2022-07-07-07-12-49.pdf/f6268-2022-07-07-07-12-49.pdf",
        "periodicity": "periodic"
    },
    {
        "equity_ticker": "ZI",
        "geography": "US",
        "content_name": "ZI Q3 2020 Presentation",
        "file_type": "pdf",
        "content_type": "earnings_presentation",
        "published_date": "2020-11-09",
        "fiscal_date": "2020-11-09",
        "fiscal_year": 2020,
        "fiscal_quarter": 3,
        "r2_url": "https://pub-2c783279b61043e19fbdadd1bee5153a.r2.dev/ZI/2020-11-09/46d86-2022-07-07-07-12-49/46d86-2022-07-07-07-12-49.pdf/46d86-2022-07-07-07-12-49.pdf",
        "periodicity": "periodic"
    },
    {
        "equity_ticker": "ZI",
        "geography": "US",
        "content_name": "ZI Q2 2020 Transcript",
        "file_type": "pdf",
        "content_type": "earnings_transcript",
        "published_date": "2020-08-10",
        "fiscal_date": "2020-08-10",
        "fiscal_year": 2020,
        "fiscal_quarter": 2,
        "r2_url": "https://pub-2c783279b61043e19fbdadd1bee5153a.r2.dev/ZI/2020-08-10/ZoomInfo%20Technologies%20Inc._2020-08-10_transcript/ZoomInfo%20Technologies%20Inc._2020-08-10_transcript.pdf/ZoomInfo%20Technologies%20Inc._2020-08-10_transcript.pdf",
        "periodicity": "periodic"
    },
    {
        "equity_ticker": "ZI",
        "geography": "US",
        "content_name": "ZI Q2 2020 Press Release",
        "file_type": "pdf",
        "content_type": "earnings_press_release",
        "published_date": "2020-08-10",
        "fiscal_date": "2020-08-10",
        "fiscal_year": 2020,
        "fiscal_quarter": 2,
        "r2_url": "https://pub-2c783279b61043e19fbdadd1bee5153a.r2.dev/ZI/2020-08-10/7bbc0-2022-07-07-07-00-50/7bbc0-2022-07-07-07-00-50.pdf/7bbc0-2022-07-07-07-00-50.pdf",
        "periodicity": "periodic"
    },
    {
        "equity_ticker": "ZI",
        "geography": "US",
        "content_name": "ZI Q2 2020 Presentation",
        "file_type": "pdf",
        "content_type": "earnings_presentation",
        "published_date": "2020-08-10",
        "fiscal_date": "2020-08-10",
        "fiscal_year": 2020,
        "fiscal_quarter": 2,
        "r2_url": "https://pub-2c783279b61043e19fbdadd1bee5153a.r2.dev/ZI/2020-08-10/273e6-2022-07-07-07-00-50/273e6-2022-07-07-07-00-50.pdf/273e6-2022-07-07-07-00-50.pdf",
        "periodicity": "periodic"
    },
    {
        "equity_ticker": "ZI",
        "geography": "US",
        "content_name": "ZI Q4 2024 10-K",
        "file_type": "pdf",
        "content_type": "annual_report",
        "published_date": "2025-02-25",
        "fiscal_date": "2024-12-31",
        "fiscal_year": 2024,
        "fiscal_quarter": 4,
        "r2_url": "https://pub-2c783279b61043e19fbdadd1bee5153a.r2.dev/ZI/2025-02-25/zi-20241231.htm/zi-20241231.pdf",
        "periodicity": "periodic"
      },
      {
        "equity_ticker": "ZI",
        "geography": "US",
        "content_name": "ZI Q3 2024 10-Q",
        "file_type": "pdf",
        "content_type": "quarterly_report",
        "published_date": "2024-11-12",
        "fiscal_date": "2024-09-30",
        "fiscal_year": 2024,
        "fiscal_quarter": 3,
        "r2_url": "https://pub-2c783279b61043e19fbdadd1bee5153a.r2.dev/ZI/2024-11-12/zi-20240930.htm/zi-20240930.pdf",
        "periodicity": "periodic"
      },
      {
        "equity_ticker": "ZI",
        "geography": "US",
        "content_name": "ZI Q2 2024 10-Q",
        "file_type": "pdf",
        "content_type": "quarterly_report",
        "published_date": "2024-08-06",
        "fiscal_date": "2024-06-30",
        "fiscal_year": 2024,
        "fiscal_quarter": 2,
        "r2_url": "https://pub-2c783279b61043e19fbdadd1bee5153a.r2.dev/ZI/2024-08-06/zi-20240630.htm/zi-20240630.pdf",
        "periodicity": "periodic"
      },
      {
        "equity_ticker": "ZI",
        "geography": "US",
        "content_name": "ZI Q1 2024 10-Q",
        "file_type": "pdf",
        "content_type": "quarterly_report",
        "published_date": "2024-05-07",
        "fiscal_date": "2024-03-31",
        "fiscal_year": 2024,
        "fiscal_quarter": 1,
        "r2_url": "https://pub-2c783279b61043e19fbdadd1bee5153a.r2.dev/ZI/2024-05-07/zi-20240331.htm/zi-20240331.pdf",
        "periodicity": "periodic"
      },
      {
        "equity_ticker": "ZI",
        "geography": "US",
        "content_name": "ZI Q4 2023 10-K",
        "file_type": "pdf",
        "content_type": "annual_report",
        "published_date": "2024-02-15",
        "fiscal_date": "2023-12-31",
        "fiscal_year": 2023,
        "fiscal_quarter": 4,
        "r2_url": "https://pub-2c783279b61043e19fbdadd1bee5153a.r2.dev/ZI/2024-02-15/zi-20231231.htm/zi-20231231.pdf",
        "periodicity": "periodic"
      },
      {
        "equity_ticker": "ZI",
        "geography": "US",
        "content_name": "ZI Q3 2023 10-Q",
        "file_type": "pdf",
        "content_type": "quarterly_report",
        "published_date": "2023-10-30",
        "fiscal_date": "2023-09-30",
        "fiscal_year": 2023,
        "fiscal_quarter": 3,
        "r2_url": "https://pub-2c783279b61043e19fbdadd1bee5153a.r2.dev/ZI/2023-10-30/zi-20230930.htm/zi-20230930.pdf",
        "periodicity": "periodic"
      },
      {
        "equity_ticker": "ZI",
        "geography": "US",
        "content_name": "ZI Q2 2023 10-Q",
        "file_type": "pdf",
        "content_type": "quarterly_report",
        "published_date": "2023-07-31",
        "fiscal_date": "2023-06-30",
        "fiscal_year": 2023,
        "fiscal_quarter": 2,
        "r2_url": "https://pub-2c783279b61043e19fbdadd1bee5153a.r2.dev/ZI/2023-07-31/zi-20230630.htm/zi-20230630.pdf",
        "periodicity": "periodic"
      },
      {
        "equity_ticker": "ZI",
        "geography": "US",
        "content_name": "ZI Q1 2023 10-Q",
        "file_type": "pdf",
        "content_type": "quarterly_report",
        "published_date": "2023-05-01",
        "fiscal_date": "2023-03-31",
        "fiscal_year": 2023,
        "fiscal_quarter": 1,
        "r2_url": "https://pub-2c783279b61043e19fbdadd1bee5153a.r2.dev/ZI/2023-05-01/zi-20230331.htm/zi-20230331.pdf",
        "periodicity": "periodic"
      },
      {
        "equity_ticker": "ZI",
        "geography": "US",
        "content_name": "ZI Q4 2022 10-K",
        "file_type": "pdf",
        "content_type": "annual_report",
        "published_date": "2023-02-16",
        "fiscal_date": "2022-12-31",
        "fiscal_year": 2022,
        "fiscal_quarter": 4,
        "r2_url": "https://pub-2c783279b61043e19fbdadd1bee5153a.r2.dev/ZI/2023-02-16/zi-20221231.htm/zi-20221231.pdf",
        "periodicity": "periodic"
      },
      {
        "equity_ticker": "ZI",
        "geography": "US",
        "content_name": "ZI Q3 2022 10-Q",
        "file_type": "pdf",
        "content_type": "quarterly_report",
        "published_date": "2022-11-01",
        "fiscal_date": "2022-09-30",
        "fiscal_year": 2022,
        "fiscal_quarter": 3,
        "r2_url": "https://pub-2c783279b61043e19fbdadd1bee5153a.r2.dev/ZI/2022-11-01/zi-20220930.htm/zi-20220930.pdf",
        "periodicity": "periodic"
      },
      {
        "equity_ticker": "ZI",
        "geography": "US",
        "content_name": "ZI Q2 2022 10-Q",
        "file_type": "pdf",
        "content_type": "quarterly_report",
        "published_date": "2022-08-01",
        "fiscal_date": "2022-06-30",
        "fiscal_year": 2022,
        "fiscal_quarter": 2,
        "r2_url": "https://pub-2c783279b61043e19fbdadd1bee5153a.r2.dev/ZI/2022-08-01/zi-20220630.htm/zi-20220630.pdf",
        "periodicity": "periodic"
      },
      {
        "equity_ticker": "ZI",
        "geography": "US",
        "content_name": "ZI Q1 2022 10-Q",
        "file_type": "pdf",
        "content_type": "quarterly_report",
        "published_date": "2022-05-02",
        "fiscal_date": "2022-03-31",
        "fiscal_year": 2022,
        "fiscal_quarter": 1,
        "r2_url": "https://pub-2c783279b61043e19fbdadd1bee5153a.r2.dev/ZI/2022-05-02/zi-20220331.htm/zi-20220331.pdf",
        "periodicity": "periodic"
      },
      {
        "equity_ticker": "ZI",
        "geography": "US",
        "content_name": "ZI Q4 2021 10-K",
        "file_type": "pdf",
        "content_type": "annual_report",
        "published_date": "2022-02-24",
        "fiscal_date": "2021-12-31",
        "fiscal_year": 2021,
        "fiscal_quarter": 4,
        "r2_url": "https://pub-2c783279b61043e19fbdadd1bee5153a.r2.dev/ZI/2022-02-24/zi-20211231.htm/zi-20211231.pdf",
        "periodicity": "periodic"
      },
      {
        "equity_ticker": "ZI",
        "geography": "US",
        "content_name": "ZI Q3 2021 10-Q",
        "file_type": "pdf",
        "content_type": "quarterly_report",
        "published_date": "2021-11-01",
        "fiscal_date": "2021-09-30",
        "fiscal_year": 2021,
        "fiscal_quarter": 3,
        "r2_url": "https://pub-2c783279b61043e19fbdadd1bee5153a.r2.dev/ZI/2021-11-01/zi-20210930.htm/zi-20210930.pdf",
        "periodicity": "periodic"
      },
      {
        "equity_ticker": "ZI",
        "geography": "US",
        "content_name": "ZI Q2 2021 10-Q",
        "file_type": "pdf",
        "content_type": "quarterly_report",
        "published_date": "2021-08-02",
        "fiscal_date": "2021-06-30",
        "fiscal_year": 2021,
        "fiscal_quarter": 2,
        "r2_url": "https://pub-2c783279b61043e19fbdadd1bee5153a.r2.dev/ZI/2021-08-02/zi-20210630.htm/zi-20210630.pdf",
        "periodicity": "periodic"
      },
      {
        "equity_ticker": "ZI",
        "geography": "US",
        "content_name": "ZI Q1 2021 10-Q",
        "file_type": "pdf",
        "content_type": "quarterly_report",
        "published_date": "2021-05-03",
        "fiscal_date": "2021-03-31",
        "fiscal_year": 2021,
        "fiscal_quarter": 1,
        "r2_url": "https://pub-2c783279b61043e19fbdadd1bee5153a.r2.dev/ZI/2021-05-03/zi-20210331.htm/zi-20210331.pdf",
        "periodicity": "periodic"
      },
      {
        "equity_ticker": "ZI",
        "geography": "US",
        "content_name": "ZI Q4 2020 10-K",
        "file_type": "pdf",
        "content_type": "annual_report",
        "published_date": "2021-02-26",
        "fiscal_date": "2020-12-31",
        "fiscal_year": 2020,
        "fiscal_quarter": 4,
        "r2_url": "https://pub-2c783279b61043e19fbdadd1bee5153a.r2.dev/ZI/2021-02-26/zi-20201231.htm/zi-20201231.pdf",
        "periodicity": "periodic"
      },
      {
        "equity_ticker": "ZI",
        "geography": "US",
        "content_name": "ZI Q3 2020 10-Q",
        "file_type": "pdf",
        "content_type": "quarterly_report",
        "published_date": "2020-11-13",
        "fiscal_date": "2020-09-30",
        "fiscal_year": 2020,
        "fiscal_quarter": 3,
        "r2_url": "https://pub-2c783279b61043e19fbdadd1bee5153a.r2.dev/ZI/2020-11-13/zi-20200930.htm/zi-20200930.pdf",
        "periodicity": "periodic"
      },
      {
        "equity_ticker": "ZI",
        "geography": "US",
        "content_name": "ZI Q2 2020 10-Q",
        "file_type": "pdf",
        "content_type": "quarterly_report",
        "published_date": "2020-08-10",
        "fiscal_date": "2020-06-30",
        "fiscal_year": 2020,
        "fiscal_quarter": 2,
        "r2_url": "https://pub-2c783279b61043e19fbdadd1bee5153a.r2.dev/ZI/2020-08-10/zi-20200630.htm/ix.pdf",
        "periodicity": "periodic"
      }
]