[
    {
        "equity_ticker": "ZM",
        "geography": "US",
        "content_name": "Morgan Stanley Technology, Media & Telecom Conference - March 3, 2025",
        "file_type": "pdf",
        "content_type": "sellside_conference_transcript",
        "published_date": "2025-03-03",
        "fiscal_date": "2025-03-03",
        "fiscal_year": null,
        "fiscal_quarter": null,
        "r2_url": "https://pub-2c783279b61043e19fbdadd1bee5153a.r2.dev/ZM/2025-03-03/Zoom%20Communications%20Inc._2025-03-03_transcript/Zoom%20Communications%20Inc._2025-03-03_transcript.pdf%5CZoom%20Communications%20Inc._2025-03-03_transcript.pdf",
        "periodicity": "non_periodic"
    },
    {
        "equity_ticker": "ZM",
        "geography": "US",
        "content_name": "ZM Q4 2025 Transcript",
        "file_type": "pdf",
        "content_type": "earnings_transcript",
        "published_date": "2025-02-24",
        "fiscal_date": "2025-02-24",
        "fiscal_year": 2025,
        "fiscal_quarter": 4,
        "r2_url": "https://pub-2c783279b61043e19fbdadd1bee5153a.r2.dev/ZM/2025-02-24/Zoom%20Communications%20Inc._2025-02-24_transcript/Zoom%20Communications%20Inc._2025-02-24_transcript.pdf%5CZoom%20Communications%20Inc._2025-02-24_transcript.pdf",
        "periodicity": "periodic"
    },
    {
        "equity_ticker": "ZM",
        "geography": "US",
        "content_name": "ZM Q4 2025 Press Release",
        "file_type": "pdf",
        "content_type": "earnings_press_release",
        "published_date": "2025-02-24",
        "fiscal_date": "2025-02-24",
        "fiscal_year": 2025,
        "fiscal_quarter": 4,
        "r2_url": "https://pub-2c783279b61043e19fbdadd1bee5153a.r2.dev/ZM/2025-02-24/002e0-2025-02-24-09-04-07/002e0-2025-02-24-09-04-07.pdf%5C002e0-2025-02-24-09-04-07.pdf",
        "periodicity": "periodic"
    },
    {
        "equity_ticker": "ZM",
        "geography": "US",
        "content_name": "ZM Q4 2025 Presentation",
        "file_type": "pdf",
        "content_type": "earnings_presentation",
        "published_date": "2025-02-24",
        "fiscal_date": "2025-02-24",
        "fiscal_year": 2025,
        "fiscal_quarter": 4,
        "r2_url": "https://pub-2c783279b61043e19fbdadd1bee5153a.r2.dev/ZM/2025-02-24/b1c09-2025-02-24-09-05-54/b1c09-2025-02-24-09-05-54.pdf%5Cb1c09-2025-02-24-09-05-54.pdf",
        "periodicity": "periodic"
    },
    {
        "equity_ticker": "ZM",
        "geography": "US",
        "content_name": "ZM Q3 2025 Transcript",
        "file_type": "pdf",
        "content_type": "earnings_transcript",
        "published_date": "2024-11-25",
        "fiscal_date": "2024-11-25",
        "fiscal_year": 2025,
        "fiscal_quarter": 3,
        "r2_url": "https://pub-2c783279b61043e19fbdadd1bee5153a.r2.dev/ZM/2024-11-25/Zoom%20Communications%20Inc._2024-11-25_transcript/Zoom%20Communications%20Inc._2024-11-25_transcript.pdf%5CZoom%20Communications%20Inc._2024-11-25_transcript.pdf",
        "periodicity": "periodic"
    },
    {
        "equity_ticker": "ZM",
        "geography": "US",
        "content_name": "ZM Q3 2025 Press Release",
        "file_type": "pdf",
        "content_type": "earnings_press_release",
        "published_date": "2024-11-25",
        "fiscal_date": "2024-11-25",
        "fiscal_year": 2025,
        "fiscal_quarter": 3,
        "r2_url": "https://pub-2c783279b61043e19fbdadd1bee5153a.r2.dev/ZM/2024-11-25/51e53-2024-11-25-11-36-55/51e53-2024-11-25-11-36-55.pdf%5C51e53-2024-11-25-11-36-55.pdf",
        "periodicity": "periodic"
    },
    {
        "equity_ticker": "ZM",
        "geography": "US",
        "content_name": "ZM Q3 2025 Presentation",
        "file_type": "pdf",
        "content_type": "earnings_presentation",
        "published_date": "2024-11-25",
        "fiscal_date": "2024-11-25",
        "fiscal_year": 2025,
        "fiscal_quarter": 3,
        "r2_url": "https://pub-2c783279b61043e19fbdadd1bee5153a.r2.dev/ZM/2024-11-25/2b320-2024-11-26-12-46-18/2b320-2024-11-26-12-46-18.pdf%5C2b320-2024-11-26-12-46-18.pdf",
        "periodicity": "periodic"
    },
    {
        "equity_ticker": "ZM",
        "geography": "US",
        "content_name": "Zoomtopia 2024 - October 9, 2024",
        "file_type": "pdf",
        "content_type": "company_conference_transcript",
        "published_date": "2024-10-09",
        "fiscal_date": "2024-10-09",
        "fiscal_year": null,
        "fiscal_quarter": null,
        "r2_url": "https://pub-2c783279b61043e19fbdadd1bee5153a.r2.dev/ZM/2024-10-09/Zoom%20Communications%20Inc._2024-10-09_transcript/Zoom%20Communications%20Inc._2024-10-09_transcript.pdf%5CZoom%20Communications%20Inc._2024-10-09_transcript.pdf",
        "periodicity": "non_periodic"
    },
    {
        "equity_ticker": "ZM",
        "geography": "US",
        "content_name": "Goldman Sachs Communacopia + Technology Conference 2024 - September 9, 2024",
        "file_type": "pdf",
        "content_type": "sellside_conference_transcript",
        "published_date": "2024-09-09",
        "fiscal_date": "2024-09-09",
        "fiscal_year": null,
        "fiscal_quarter": null,
        "r2_url": "https://pub-2c783279b61043e19fbdadd1bee5153a.r2.dev/ZM/2024-09-09/Zoom%20Communications%20Inc._2024-09-09_transcript/Zoom%20Communications%20Inc._2024-09-09_transcript.pdf%5CZoom%20Communications%20Inc._2024-09-09_transcript.pdf",
        "periodicity": "non_periodic"
    },
    {
        "equity_ticker": "ZM",
        "geography": "US",
        "content_name": "Citi's 2024 Global TMT Conference - September 4, 2024",
        "file_type": "pdf",
        "content_type": "sellside_conference_transcript",
        "published_date": "2024-09-04",
        "fiscal_date": "2024-09-04",
        "fiscal_year": null,
        "fiscal_quarter": null,
        "r2_url": "https://pub-2c783279b61043e19fbdadd1bee5153a.r2.dev/ZM/2024-09-04/Zoom%20Communications%20Inc._2024-09-04_transcript/Zoom%20Communications%20Inc._2024-09-04_transcript.pdf%5CZoom%20Communications%20Inc._2024-09-04_transcript.pdf",
        "periodicity": "non_periodic"
    },
    {
        "equity_ticker": "ZM",
        "geography": "US",
        "content_name": "ZM Q2 2025 Transcript",
        "file_type": "pdf",
        "content_type": "earnings_transcript",
        "published_date": "2024-08-21",
        "fiscal_date": "2024-08-21",
        "fiscal_year": 2025,
        "fiscal_quarter": 2,
        "r2_url": "https://pub-2c783279b61043e19fbdadd1bee5153a.r2.dev/ZM/2024-08-21/Zoom%20Communications%20Inc._2024-08-21_transcript/Zoom%20Communications%20Inc._2024-08-21_transcript.pdf%5CZoom%20Communications%20Inc._2024-08-21_transcript.pdf",
        "periodicity": "periodic"
    },
    {
        "equity_ticker": "ZM",
        "geography": "US",
        "content_name": "ZM Q2 2025 Press Release",
        "file_type": "pdf",
        "content_type": "earnings_press_release",
        "published_date": "2024-08-21",
        "fiscal_date": "2024-08-21",
        "fiscal_year": 2025,
        "fiscal_quarter": 2,
        "r2_url": "https://pub-2c783279b61043e19fbdadd1bee5153a.r2.dev/ZM/2024-08-21/a5c68-2024-08-21-08-23-06/a5c68-2024-08-21-08-23-06.pdf%5Ca5c68-2024-08-21-08-23-06.pdf",
        "periodicity": "periodic"
    },
    {
        "equity_ticker": "ZM",
        "geography": "US",
        "content_name": "ZM Q2 2025 Presentation",
        "file_type": "pdf",
        "content_type": "earnings_presentation",
        "published_date": "2024-08-21",
        "fiscal_date": "2024-08-21",
        "fiscal_year": 2025,
        "fiscal_quarter": 2,
        "r2_url": "https://pub-2c783279b61043e19fbdadd1bee5153a.r2.dev/ZM/2024-08-21/77783-2024-08-21-09-34-07/77783-2024-08-21-09-34-07.pdf%5C77783-2024-08-21-09-34-07.pdf",
        "periodicity": "periodic"
    },
    {
        "equity_ticker": "ZM",
        "geography": "US",
        "content_name": "AGM 2024 - June 13, 2024",
        "file_type": "pdf",
        "content_type": "company_conference_transcript",
        "published_date": "2024-06-13",
        "fiscal_date": "2024-06-13",
        "fiscal_year": null,
        "fiscal_quarter": null,
        "r2_url": "https://pub-2c783279b61043e19fbdadd1bee5153a.r2.dev/ZM/2024-06-13/Zoom%20Communications%20Inc._2024-06-13_transcript/Zoom%20Communications%20Inc._2024-06-13_transcript.pdf%5CZoom%20Communications%20Inc._2024-06-13_transcript.pdf",
        "periodicity": "non_periodic"
    },
    {
        "equity_ticker": "ZM",
        "geography": "US",
        "content_name": "Stifel 2024 Cross Sector Insight Conference - June 4, 2024",
        "file_type": "pdf",
        "content_type": "sellside_conference_transcript",
        "published_date": "2024-06-04",
        "fiscal_date": "2024-06-04",
        "fiscal_year": null,
        "fiscal_quarter": null,
        "r2_url": "https://pub-2c783279b61043e19fbdadd1bee5153a.r2.dev/ZM/2024-06-04/Zoom%20Communications%20Inc._2024-06-04_transcript/Zoom%20Communications%20Inc._2024-06-04_transcript.pdf%5CZoom%20Communications%20Inc._2024-06-04_transcript.pdf",
        "periodicity": "non_periodic"
    },
    {
        "equity_ticker": "ZM",
        "geography": "US",
        "content_name": "ZM Q1 2025 Transcript",
        "file_type": "pdf",
        "content_type": "earnings_transcript",
        "published_date": "2024-05-20",
        "fiscal_date": "2024-05-20",
        "fiscal_year": 2025,
        "fiscal_quarter": 1,
        "r2_url": "https://pub-2c783279b61043e19fbdadd1bee5153a.r2.dev/ZM/2024-05-20/Zoom%20Communications%20Inc._2024-05-20_transcript/Zoom%20Communications%20Inc._2024-05-20_transcript.pdf%5CZoom%20Communications%20Inc._2024-05-20_transcript.pdf",
        "periodicity": "periodic"
    },
    {
        "equity_ticker": "ZM",
        "geography": "US",
        "content_name": "ZM Q1 2025 Press Release",
        "file_type": "pdf",
        "content_type": "earnings_press_release",
        "published_date": "2024-05-20",
        "fiscal_date": "2024-05-20",
        "fiscal_year": 2025,
        "fiscal_quarter": 1,
        "r2_url": "https://pub-2c783279b61043e19fbdadd1bee5153a.r2.dev/ZM/2024-05-20/e6a96-2024-05-20-08-41-07/e6a96-2024-05-20-08-41-07.pdf%5Ce6a96-2024-05-20-08-41-07.pdf",
        "periodicity": "periodic"
    },
    {
        "equity_ticker": "ZM",
        "geography": "US",
        "content_name": "ZM Q1 2025 Presentation",
        "file_type": "pdf",
        "content_type": "earnings_presentation",
        "published_date": "2024-05-20",
        "fiscal_date": "2024-05-20",
        "fiscal_year": 2025,
        "fiscal_quarter": 1,
        "r2_url": "https://pub-2c783279b61043e19fbdadd1bee5153a.r2.dev/ZM/2024-05-20/94ca0-2024-05-20-08-23-46/94ca0-2024-05-20-08-23-46.pdf%5C94ca0-2024-05-20-08-23-46.pdf",
        "periodicity": "periodic"
    },
    {
        "equity_ticker": "ZM",
        "geography": "US",
        "content_name": "KeyBanc\u2019s Emerging Technology Summit - March 5, 2024",
        "file_type": "pdf",
        "content_type": "company_conference_transcript",
        "published_date": "2024-03-05",
        "fiscal_date": "2024-03-05",
        "fiscal_year": null,
        "fiscal_quarter": null,
        "r2_url": "https://pub-2c783279b61043e19fbdadd1bee5153a.r2.dev/ZM/2024-03-05/Zoom%20Communications%20Inc._2024-03-05_transcript/Zoom%20Communications%20Inc._2024-03-05_transcript.pdf%5CZoom%20Communications%20Inc._2024-03-05_transcript.pdf",
        "periodicity": "non_periodic"
    },
    {
        "equity_ticker": "ZM",
        "geography": "US",
        "content_name": "JMP Securities Technology Conference 2024 - March 5, 2024",
        "file_type": "pdf",
        "content_type": "company_conference_transcript",
        "published_date": "2024-03-05",
        "fiscal_date": "2024-03-05",
        "fiscal_year": null,
        "fiscal_quarter": null,
        "r2_url": "https://pub-2c783279b61043e19fbdadd1bee5153a.r2.dev/ZM/2024-03-05/Zoom%20Communications%20Inc._2024-03-05_transcript/Zoom%20Communications%20Inc._2024-03-05_transcript.pdf%5CZoom%20Communications%20Inc._2024-03-05_transcript.pdf",
        "periodicity": "non_periodic"
    },
    {
        "equity_ticker": "ZM",
        "geography": "US",
        "content_name": "Morgan Stanley\u2019s Technology, Media & Telecom Conference 2024 - March 4, 2024",
        "file_type": "pdf",
        "content_type": "sellside_conference_transcript",
        "published_date": "2024-03-04",
        "fiscal_date": "2024-03-04",
        "fiscal_year": null,
        "fiscal_quarter": null,
        "r2_url": "https://pub-2c783279b61043e19fbdadd1bee5153a.r2.dev/ZM/2024-03-04/Zoom%20Communications%20Inc._2024-03-04_transcript/Zoom%20Communications%20Inc._2024-03-04_transcript.pdf%5CZoom%20Communications%20Inc._2024-03-04_transcript.pdf",
        "periodicity": "non_periodic"
    },
    {
        "equity_ticker": "ZM",
        "geography": "US",
        "content_name": "ZM Q4 2024 Transcript",
        "file_type": "pdf",
        "content_type": "earnings_transcript",
        "published_date": "2024-02-26",
        "fiscal_date": "2024-02-26",
        "fiscal_year": 2024,
        "fiscal_quarter": 4,
        "r2_url": "https://pub-2c783279b61043e19fbdadd1bee5153a.r2.dev/ZM/2024-02-26/Zoom%20Communications%20Inc._2024-02-26_transcript/Zoom%20Communications%20Inc._2024-02-26_transcript.pdf%5CZoom%20Communications%20Inc._2024-02-26_transcript.pdf",
        "periodicity": "periodic"
    },
    {
        "equity_ticker": "ZM",
        "geography": "US",
        "content_name": "ZM Q4 2024 Press Release",
        "file_type": "pdf",
        "content_type": "earnings_press_release",
        "published_date": "2024-02-26",
        "fiscal_date": "2024-02-26",
        "fiscal_year": 2024,
        "fiscal_quarter": 4,
        "r2_url": "https://pub-2c783279b61043e19fbdadd1bee5153a.r2.dev/ZM/2024-02-26/d8545-2024-02-26-09-15-17/d8545-2024-02-26-09-15-17.pdf%5Cd8545-2024-02-26-09-15-17.pdf",
        "periodicity": "periodic"
    },
    {
        "equity_ticker": "ZM",
        "geography": "US",
        "content_name": "ZM Q4 2024 Presentation",
        "file_type": "pdf",
        "content_type": "earnings_presentation",
        "published_date": "2024-02-26",
        "fiscal_date": "2024-02-26",
        "fiscal_year": 2024,
        "fiscal_quarter": 4,
        "r2_url": "https://pub-2c783279b61043e19fbdadd1bee5153a.r2.dev/ZM/2024-02-26/fcbb8-2024-02-26-09-49-17/fcbb8-2024-02-26-09-49-17.pdf%5Cfcbb8-2024-02-26-09-49-17.pdf",
        "periodicity": "periodic"
    },
    {
        "equity_ticker": "ZM",
        "geography": "US",
        "content_name": "26th Annual Needham Growth Virtual Conference - January 11, 2024",
        "file_type": "pdf",
        "content_type": "company_conference_transcript",
        "published_date": "2024-01-11",
        "fiscal_date": "2024-01-11",
        "fiscal_year": null,
        "fiscal_quarter": null,
        "r2_url": "https://pub-2c783279b61043e19fbdadd1bee5153a.r2.dev/ZM/2024-01-11/Zoom%20Communications%20Inc._2024-01-11_transcript/Zoom%20Communications%20Inc._2024-01-11_transcript.pdf%5CZoom%20Communications%20Inc._2024-01-11_transcript.pdf",
        "periodicity": "non_periodic"
    },
    {
        "equity_ticker": "ZM",
        "geography": "US",
        "content_name": "Barclays Global Technology Conference - December 6, 2023",
        "file_type": "pdf",
        "content_type": "sellside_conference_transcript",
        "published_date": "2023-12-06",
        "fiscal_date": "2023-12-06",
        "fiscal_year": null,
        "fiscal_quarter": null,
        "r2_url": "https://pub-2c783279b61043e19fbdadd1bee5153a.r2.dev/ZM/2023-12-06/Zoom%20Communications%20Inc._2023-12-06_transcript/Zoom%20Communications%20Inc._2023-12-06_transcript.pdf%5CZoom%20Communications%20Inc._2023-12-06_transcript.pdf",
        "periodicity": "non_periodic"
    },
    {
        "equity_ticker": "ZM",
        "geography": "US",
        "content_name": "Wells Fargo 7th Annual TMT Summit - November 29, 2023",
        "file_type": "pdf",
        "content_type": "sellside_conference_transcript",
        "published_date": "2023-11-29",
        "fiscal_date": "2023-11-29",
        "fiscal_year": null,
        "fiscal_quarter": null,
        "r2_url": "https://pub-2c783279b61043e19fbdadd1bee5153a.r2.dev/ZM/2023-11-29/Zoom%20Communications%20Inc._2023-11-29_transcript/Zoom%20Communications%20Inc._2023-11-29_transcript.pdf%5CZoom%20Communications%20Inc._2023-11-29_transcript.pdf",
        "periodicity": "non_periodic"
    },
    {
        "equity_ticker": "ZM",
        "geography": "US",
        "content_name": "UBS Global Technology Conference - November 28, 2023",
        "file_type": "pdf",
        "content_type": "sellside_conference_transcript",
        "published_date": "2023-11-28",
        "fiscal_date": "2023-11-28",
        "fiscal_year": null,
        "fiscal_quarter": null,
        "r2_url": "https://pub-2c783279b61043e19fbdadd1bee5153a.r2.dev/ZM/2023-11-28/Zoom%20Communications%20Inc._2023-11-28_transcript/Zoom%20Communications%20Inc._2023-11-28_transcript.pdf%5CZoom%20Communications%20Inc._2023-11-28_transcript.pdf",
        "periodicity": "non_periodic"
    },
    {
        "equity_ticker": "ZM",
        "geography": "US",
        "content_name": "ZM Q3 2024 Transcript",
        "file_type": "pdf",
        "content_type": "earnings_transcript",
        "published_date": "2023-11-20",
        "fiscal_date": "2023-11-20",
        "fiscal_year": 2024,
        "fiscal_quarter": 3,
        "r2_url": "https://pub-2c783279b61043e19fbdadd1bee5153a.r2.dev/ZM/2023-11-20/Zoom%20Communications%20Inc._2023-11-20_transcript/Zoom%20Communications%20Inc._2023-11-20_transcript.pdf%5CZoom%20Communications%20Inc._2023-11-20_transcript.pdf",
        "periodicity": "periodic"
    },
    {
        "equity_ticker": "ZM",
        "geography": "US",
        "content_name": "ZM Q3 2024 Press Release",
        "file_type": "pdf",
        "content_type": "earnings_press_release",
        "published_date": "2023-11-20",
        "fiscal_date": "2023-11-20",
        "fiscal_year": 2024,
        "fiscal_quarter": 3,
        "r2_url": "https://pub-2c783279b61043e19fbdadd1bee5153a.r2.dev/ZM/2023-11-20/3411f-2023-11-20-09-43-07/3411f-2023-11-20-09-43-07.pdf%5C3411f-2023-11-20-09-43-07.pdf",
        "periodicity": "periodic"
    },
    {
        "equity_ticker": "ZM",
        "geography": "US",
        "content_name": "ZM Q3 2024 Presentation",
        "file_type": "pdf",
        "content_type": "earnings_presentation",
        "published_date": "2023-11-20",
        "fiscal_date": "2023-11-20",
        "fiscal_year": 2024,
        "fiscal_quarter": 3,
        "r2_url": "https://pub-2c783279b61043e19fbdadd1bee5153a.r2.dev/ZM/2023-11-20/e366d-2023-11-20-10-30-40/e366d-2023-11-20-10-30-40.pdf%5Ce366d-2023-11-20-10-30-40.pdf",
        "periodicity": "periodic"
    },
    {
        "equity_ticker": "ZM",
        "geography": "US",
        "content_name": "Citi\u2019s 2023 Global Technology Conference - September 6, 2023",
        "file_type": "pdf",
        "content_type": "sellside_conference_transcript",
        "published_date": "2023-09-06",
        "fiscal_date": "2023-09-06",
        "fiscal_year": null,
        "fiscal_quarter": null,
        "r2_url": "https://pub-2c783279b61043e19fbdadd1bee5153a.r2.dev/ZM/2023-09-06/Zoom%20Communications%20Inc._2023-09-06_transcript/Zoom%20Communications%20Inc._2023-09-06_transcript.pdf%5CZoom%20Communications%20Inc._2023-09-06_transcript.pdf",
        "periodicity": "non_periodic"
    },
    {
        "equity_ticker": "ZM",
        "geography": "US",
        "content_name": "Goldman Sachs Communacopia + Technology Conference 2023 - September 5, 2023",
        "file_type": "pdf",
        "content_type": "sellside_conference_transcript",
        "published_date": "2023-09-05",
        "fiscal_date": "2023-09-05",
        "fiscal_year": null,
        "fiscal_quarter": null,
        "r2_url": "https://pub-2c783279b61043e19fbdadd1bee5153a.r2.dev/ZM/2023-09-05/Zoom%20Communications%20Inc._2023-09-05_transcript/Zoom%20Communications%20Inc._2023-09-05_transcript.pdf%5CZoom%20Communications%20Inc._2023-09-05_transcript.pdf",
        "periodicity": "non_periodic"
    },
    {
        "equity_ticker": "ZM",
        "geography": "US",
        "content_name": "Deutsche Bank's 2023 Technology Conference - August 31, 2023",
        "file_type": "pdf",
        "content_type": "sellside_conference_transcript",
        "published_date": "2023-08-31",
        "fiscal_date": "2023-08-31",
        "fiscal_year": null,
        "fiscal_quarter": null,
        "r2_url": "https://pub-2c783279b61043e19fbdadd1bee5153a.r2.dev/ZM/2023-08-31/Zoom%20Communications%20Inc._2023-08-31_transcript/Zoom%20Communications%20Inc._2023-08-31_transcript.pdf%5CZoom%20Communications%20Inc._2023-08-31_transcript.pdf",
        "periodicity": "non_periodic"
    },
    {
        "equity_ticker": "ZM",
        "geography": "US",
        "content_name": "ZM Q2 2024 Transcript",
        "file_type": "pdf",
        "content_type": "earnings_transcript",
        "published_date": "2023-08-21",
        "fiscal_date": "2023-08-21",
        "fiscal_year": 2024,
        "fiscal_quarter": 2,
        "r2_url": "https://pub-2c783279b61043e19fbdadd1bee5153a.r2.dev/ZM/2023-08-21/Zoom%20Communications%20Inc._2023-08-21_transcript/Zoom%20Communications%20Inc._2023-08-21_transcript.pdf%5CZoom%20Communications%20Inc._2023-08-21_transcript.pdf",
        "periodicity": "periodic"
    },
    {
        "equity_ticker": "ZM",
        "geography": "US",
        "content_name": "ZM Q2 2024 Press Release",
        "file_type": "pdf",
        "content_type": "earnings_press_release",
        "published_date": "2023-08-21",
        "fiscal_date": "2023-08-21",
        "fiscal_year": 2024,
        "fiscal_quarter": 2,
        "r2_url": "https://pub-2c783279b61043e19fbdadd1bee5153a.r2.dev/ZM/2023-08-21/48e9e-2023-08-21-08-38-07/48e9e-2023-08-21-08-38-07.pdf%5C48e9e-2023-08-21-08-38-07.pdf",
        "periodicity": "periodic"
    },
    {
        "equity_ticker": "ZM",
        "geography": "US",
        "content_name": "ZM Q2 2024 Presentation",
        "file_type": "pdf",
        "content_type": "earnings_presentation",
        "published_date": "2023-08-21",
        "fiscal_date": "2023-08-21",
        "fiscal_year": 2024,
        "fiscal_quarter": 2,
        "r2_url": "https://pub-2c783279b61043e19fbdadd1bee5153a.r2.dev/ZM/2023-08-21/aa668-2023-08-21-08-16-22/aa668-2023-08-21-08-16-22.pdf%5Caa668-2023-08-21-08-16-22.pdf",
        "periodicity": "periodic"
    },
    {
        "equity_ticker": "ZM",
        "geography": "US",
        "content_name": "Bank of America 2023 Global Technology Conference - June 7, 2023",
        "file_type": "pdf",
        "content_type": "sellside_conference_transcript",
        "published_date": "2023-06-07",
        "fiscal_date": "2023-06-07",
        "fiscal_year": null,
        "fiscal_quarter": null,
        "r2_url": "https://pub-2c783279b61043e19fbdadd1bee5153a.r2.dev/ZM/2023-06-07/Zoom%20Communications%20Inc._2023-06-07_transcript/Zoom%20Communications%20Inc._2023-06-07_transcript.pdf%5CZoom%20Communications%20Inc._2023-06-07_transcript.pdf",
        "periodicity": "non_periodic"
    },
    {
        "equity_ticker": "ZM",
        "geography": "US",
        "content_name": "ZM Q1 2024 Transcript",
        "file_type": "pdf",
        "content_type": "earnings_transcript",
        "published_date": "2023-05-22",
        "fiscal_date": "2023-05-22",
        "fiscal_year": 2024,
        "fiscal_quarter": 1,
        "r2_url": "https://pub-2c783279b61043e19fbdadd1bee5153a.r2.dev/ZM/2023-05-22/Zoom%20Communications%20Inc._2023-05-22_transcript/Zoom%20Communications%20Inc._2023-05-22_transcript.pdf%5CZoom%20Communications%20Inc._2023-05-22_transcript.pdf",
        "periodicity": "periodic"
    },
    {
        "equity_ticker": "ZM",
        "geography": "US",
        "content_name": "ZM Q1 2024 Press Release",
        "file_type": "pdf",
        "content_type": "earnings_press_release",
        "published_date": "2023-05-22",
        "fiscal_date": "2023-05-22",
        "fiscal_year": 2024,
        "fiscal_quarter": 1,
        "r2_url": "https://pub-2c783279b61043e19fbdadd1bee5153a.r2.dev/ZM/2023-05-22/cce3f-2023-05-22-08-54-08/cce3f-2023-05-22-08-54-08.pdf%5Ccce3f-2023-05-22-08-54-08.pdf",
        "periodicity": "periodic"
    },
    {
        "equity_ticker": "ZM",
        "geography": "US",
        "content_name": "ZM Q1 2024 Presentation",
        "file_type": "pdf",
        "content_type": "earnings_presentation",
        "published_date": "2023-05-22",
        "fiscal_date": "2023-05-22",
        "fiscal_year": 2024,
        "fiscal_quarter": 1,
        "r2_url": "https://pub-2c783279b61043e19fbdadd1bee5153a.r2.dev/ZM/2023-05-22/433c0-2023-05-22-09-33-59/433c0-2023-05-22-09-33-59.pdf%5C433c0-2023-05-22-09-33-59.pdf",
        "periodicity": "periodic"
    },
    {
        "equity_ticker": "ZM",
        "geography": "US",
        "content_name": "JMP Securities Technology Conference - March 7, 2023",
        "file_type": "pdf",
        "content_type": "company_conference_transcript",
        "published_date": "2023-03-07",
        "fiscal_date": "2023-03-07",
        "fiscal_year": null,
        "fiscal_quarter": null,
        "r2_url": "https://pub-2c783279b61043e19fbdadd1bee5153a.r2.dev/ZM/2023-03-07/Zoom%20Communications%20Inc._2023-03-07_transcript/Zoom%20Communications%20Inc._2023-03-07_transcript.pdf%5CZoom%20Communications%20Inc._2023-03-07_transcript.pdf",
        "periodicity": "non_periodic"
    },
    {
        "equity_ticker": "ZM",
        "geography": "US",
        "content_name": "Morgan Stanley Technology, Media and Telecom Conference - March 6, 2023",
        "file_type": "pdf",
        "content_type": "sellside_conference_transcript",
        "published_date": "2023-03-06",
        "fiscal_date": "2023-03-06",
        "fiscal_year": null,
        "fiscal_quarter": null,
        "r2_url": "https://pub-2c783279b61043e19fbdadd1bee5153a.r2.dev/ZM/2023-03-06/Zoom%20Communications%20Inc._2023-03-06_transcript/Zoom%20Communications%20Inc._2023-03-06_transcript.pdf%5CZoom%20Communications%20Inc._2023-03-06_transcript.pdf",
        "periodicity": "non_periodic"
    },
    {
        "equity_ticker": "ZM",
        "geography": "US",
        "content_name": "ZM Q4 2023 Transcript",
        "file_type": "pdf",
        "content_type": "earnings_transcript",
        "published_date": "2023-02-27",
        "fiscal_date": "2023-02-27",
        "fiscal_year": 2023,
        "fiscal_quarter": 4,
        "r2_url": "https://pub-2c783279b61043e19fbdadd1bee5153a.r2.dev/ZM/2023-02-27/Zoom%20Communications%20Inc._2023-02-27_transcript/Zoom%20Communications%20Inc._2023-02-27_transcript.pdf%5CZoom%20Communications%20Inc._2023-02-27_transcript.pdf",
        "periodicity": "periodic"
    },
    {
        "equity_ticker": "ZM",
        "geography": "US",
        "content_name": "ZM Q4 2023 Press Release",
        "file_type": "pdf",
        "content_type": "earnings_press_release",
        "published_date": "2023-02-27",
        "fiscal_date": "2023-02-27",
        "fiscal_year": 2023,
        "fiscal_quarter": 4,
        "r2_url": "https://pub-2c783279b61043e19fbdadd1bee5153a.r2.dev/ZM/2023-02-27/78823-2023-02-27-09-06-08/78823-2023-02-27-09-06-08.pdf%5C78823-2023-02-27-09-06-08.pdf",
        "periodicity": "periodic"
    },
    {
        "equity_ticker": "ZM",
        "geography": "US",
        "content_name": "ZM Q4 2023 Presentation",
        "file_type": "pdf",
        "content_type": "earnings_presentation",
        "published_date": "2023-02-27",
        "fiscal_date": "2023-02-27",
        "fiscal_year": 2023,
        "fiscal_quarter": 4,
        "r2_url": "https://pub-2c783279b61043e19fbdadd1bee5153a.r2.dev/ZM/2023-02-27/61c15-2023-02-27-09-33-28/61c15-2023-02-27-09-33-28.pdf%5C61c15-2023-02-27-09-33-28.pdf",
        "periodicity": "periodic"
    },
    {
        "equity_ticker": "ZM",
        "geography": "US",
        "content_name": "ZM Q3 2023 Transcript",
        "file_type": "pdf",
        "content_type": "earnings_transcript",
        "published_date": "2022-11-21",
        "fiscal_date": "2022-11-21",
        "fiscal_year": 2023,
        "fiscal_quarter": 3,
        "r2_url": "https://pub-2c783279b61043e19fbdadd1bee5153a.r2.dev/ZM/2022-11-21/Zoom%20Communications%20Inc._2022-11-21_transcript/Zoom%20Communications%20Inc._2022-11-21_transcript.pdf%5CZoom%20Communications%20Inc._2022-11-21_transcript.pdf",
        "periodicity": "periodic"
    },
    {
        "equity_ticker": "ZM",
        "geography": "US",
        "content_name": "ZM Q3 2023 Press Release",
        "file_type": "pdf",
        "content_type": "earnings_press_release",
        "published_date": "2022-11-21",
        "fiscal_date": "2022-11-21",
        "fiscal_year": 2023,
        "fiscal_quarter": 3,
        "r2_url": "https://pub-2c783279b61043e19fbdadd1bee5153a.r2.dev/ZM/2022-11-21/251bd-2022-11-21-09-10-09/251bd-2022-11-21-09-10-09.pdf%5C251bd-2022-11-21-09-10-09.pdf",
        "periodicity": "periodic"
    },
    {
        "equity_ticker": "ZM",
        "geography": "US",
        "content_name": "ZM Q3 2023 Presentation",
        "file_type": "pdf",
        "content_type": "earnings_presentation",
        "published_date": "2022-11-21",
        "fiscal_date": "2022-11-21",
        "fiscal_year": 2023,
        "fiscal_quarter": 3,
        "r2_url": "https://pub-2c783279b61043e19fbdadd1bee5153a.r2.dev/ZM/2022-11-21/c1f7f-2022-11-21-09-52-13/c1f7f-2022-11-21-09-52-13.pdf%5Cc1f7f-2022-11-21-09-52-13.pdf",
        "periodicity": "periodic"
    },
    {
        "equity_ticker": "ZM",
        "geography": "US",
        "content_name": "Investor Day 2022 - November 8, 2022",
        "file_type": "pdf",
        "content_type": "company_conference_transcript",
        "published_date": "2022-11-08",
        "fiscal_date": "2022-11-08",
        "fiscal_year": null,
        "fiscal_quarter": null,
        "r2_url": "https://pub-2c783279b61043e19fbdadd1bee5153a.r2.dev/ZM/2022-11-08/Zoom%20Communications%20Inc._2022-11-08_transcript/Zoom%20Communications%20Inc._2022-11-08_transcript.pdf%5CZoom%20Communications%20Inc._2022-11-08_transcript.pdf",
        "periodicity": "non_periodic"
    },
    {
        "equity_ticker": "ZM",
        "geography": "US",
        "content_name": "Investor Day 2022 - November 8, 2022",
        "file_type": "pdf",
        "content_type": "company_conference_presentation",
        "published_date": "2022-11-08",
        "fiscal_date": "2022-11-08",
        "fiscal_year": null,
        "fiscal_quarter": null,
        "r2_url": "https://pub-2c783279b61043e19fbdadd1bee5153a.r2.dev/ZM/2022-11-08/e4ced-2022-12-06-10-42-05/e4ced-2022-12-06-10-42-05.pdf%5Ce4ced-2022-12-06-10-42-05.pdf",
        "periodicity": "non_periodic"
    },
    {
        "equity_ticker": "ZM",
        "geography": "US",
        "content_name": "ZM Q2 2023 Transcript",
        "file_type": "pdf",
        "content_type": "earnings_transcript",
        "published_date": "2022-08-22",
        "fiscal_date": "2022-08-22",
        "fiscal_year": 2023,
        "fiscal_quarter": 2,
        "r2_url": "https://pub-2c783279b61043e19fbdadd1bee5153a.r2.dev/ZM/2022-08-22/Zoom%20Communications%20Inc._2022-08-22_transcript/Zoom%20Communications%20Inc._2022-08-22_transcript.pdf%5CZoom%20Communications%20Inc._2022-08-22_transcript.pdf",
        "periodicity": "periodic"
    },
    {
        "equity_ticker": "ZM",
        "geography": "US",
        "content_name": "ZM Q2 2023 Press Release",
        "file_type": "pdf",
        "content_type": "earnings_press_release",
        "published_date": "2022-08-22",
        "fiscal_date": "2022-08-22",
        "fiscal_year": 2023,
        "fiscal_quarter": 2,
        "r2_url": "https://pub-2c783279b61043e19fbdadd1bee5153a.r2.dev/ZM/2022-08-22/db77a-2022-08-22-08-30-08/db77a-2022-08-22-08-30-08.pdf%5Cdb77a-2022-08-22-08-30-08.pdf",
        "periodicity": "periodic"
    },
    {
        "equity_ticker": "ZM",
        "geography": "US",
        "content_name": "ZM Q2 2023 Presentation",
        "file_type": "pdf",
        "content_type": "earnings_presentation",
        "published_date": "2022-08-22",
        "fiscal_date": "2022-08-22",
        "fiscal_year": 2023,
        "fiscal_quarter": 2,
        "r2_url": "https://pub-2c783279b61043e19fbdadd1bee5153a.r2.dev/ZM/2022-08-22/4df60-2022-08-22-09-38-36/4df60-2022-08-22-09-38-36.pdf%5C4df60-2022-08-22-09-38-36.pdf",
        "periodicity": "periodic"
    },
    {
        "equity_ticker": "ZM",
        "geography": "US",
        "content_name": "ZM Q1 2023 Transcript",
        "file_type": "pdf",
        "content_type": "earnings_transcript",
        "published_date": "2022-05-23",
        "fiscal_date": "2022-05-23",
        "fiscal_year": 2023,
        "fiscal_quarter": 1,
        "r2_url": "https://pub-2c783279b61043e19fbdadd1bee5153a.r2.dev/ZM/2022-05-23/Zoom%20Communications%20Inc._2022-05-23_transcript/Zoom%20Communications%20Inc._2022-05-23_transcript.pdf%5CZoom%20Communications%20Inc._2022-05-23_transcript.pdf",
        "periodicity": "periodic"
    },
    {
        "equity_ticker": "ZM",
        "geography": "US",
        "content_name": "ZM Q1 2023 Press Release",
        "file_type": "pdf",
        "content_type": "earnings_press_release",
        "published_date": "2022-05-23",
        "fiscal_date": "2022-05-23",
        "fiscal_year": 2023,
        "fiscal_quarter": 1,
        "r2_url": "https://pub-2c783279b61043e19fbdadd1bee5153a.r2.dev/ZM/2022-05-23/5bc9b-2022-05-23-08-27-06/5bc9b-2022-05-23-08-27-06.pdf%5C5bc9b-2022-05-23-08-27-06.pdf",
        "periodicity": "periodic"
    },
    {
        "equity_ticker": "ZM",
        "geography": "US",
        "content_name": "ZM Q1 2023 Presentation",
        "file_type": "pdf",
        "content_type": "earnings_presentation",
        "published_date": "2022-05-23",
        "fiscal_date": "2022-05-23",
        "fiscal_year": 2023,
        "fiscal_quarter": 1,
        "r2_url": "https://pub-2c783279b61043e19fbdadd1bee5153a.r2.dev/ZM/2022-05-23/33f8f-2022-05-23-11-35-08/33f8f-2022-05-23-11-35-08.pdf%5C33f8f-2022-05-23-11-35-08.pdf",
        "periodicity": "periodic"
    },
    {
        "equity_ticker": "ZM",
        "geography": "US",
        "content_name": "ZM Q4 2022 Transcript",
        "file_type": "pdf",
        "content_type": "earnings_transcript",
        "published_date": "2022-02-28",
        "fiscal_date": "2022-02-28",
        "fiscal_year": 2022,
        "fiscal_quarter": 4,
        "r2_url": "https://pub-2c783279b61043e19fbdadd1bee5153a.r2.dev/ZM/2022-02-28/Zoom%20Communications%20Inc._2022-02-28_transcript/Zoom%20Communications%20Inc._2022-02-28_transcript.pdf%5CZoom%20Communications%20Inc._2022-02-28_transcript.pdf",
        "periodicity": "periodic"
    },
    {
        "equity_ticker": "ZM",
        "geography": "US",
        "content_name": "ZM Q4 2022 Press Release",
        "file_type": "pdf",
        "content_type": "earnings_press_release",
        "published_date": "2022-02-28",
        "fiscal_date": "2022-02-28",
        "fiscal_year": 2022,
        "fiscal_quarter": 4,
        "r2_url": "https://pub-2c783279b61043e19fbdadd1bee5153a.r2.dev/ZM/2022-02-28/240c1-2023-01-25-12-41-39/240c1-2023-01-25-12-41-39.pdf%5C240c1-2023-01-25-12-41-39.pdf",
        "periodicity": "periodic"
    },
    {
        "equity_ticker": "ZM",
        "geography": "US",
        "content_name": "ZM Q4 2022 Presentation",
        "file_type": "pdf",
        "content_type": "earnings_presentation",
        "published_date": "2022-02-28",
        "fiscal_date": "2022-02-28",
        "fiscal_year": 2022,
        "fiscal_quarter": 4,
        "r2_url": "https://pub-2c783279b61043e19fbdadd1bee5153a.r2.dev/ZM/2022-02-28/272a4-2022-02-28-10-18-27-migrated/272a4-2022-02-28-10-18-27-migrated.pdf%5C272a4-2022-02-28-10-18-27-migrated.pdf",
        "periodicity": "periodic"
    },
    {
        "equity_ticker": "ZM",
        "geography": "US",
        "content_name": "ZM Q3 2022 Transcript",
        "file_type": "pdf",
        "content_type": "earnings_transcript",
        "published_date": "2021-11-22",
        "fiscal_date": "2021-11-22",
        "fiscal_year": 2022,
        "fiscal_quarter": 3,
        "r2_url": "https://pub-2c783279b61043e19fbdadd1bee5153a.r2.dev/ZM/2021-11-22/Zoom%20Communications%20Inc._2021-11-22_transcript/Zoom%20Communications%20Inc._2021-11-22_transcript.pdf%5CZoom%20Communications%20Inc._2021-11-22_transcript.pdf",
        "periodicity": "periodic"
    },
    {
        "equity_ticker": "ZM",
        "geography": "US",
        "content_name": "ZM Q3 2022 Press Release",
        "file_type": "pdf",
        "content_type": "earnings_press_release",
        "published_date": "2021-11-22",
        "fiscal_date": "2021-11-22",
        "fiscal_year": 2022,
        "fiscal_quarter": 3,
        "r2_url": "https://pub-2c783279b61043e19fbdadd1bee5153a.r2.dev/ZM/2021-11-22/84e2d-2023-01-25-12-26-01/84e2d-2023-01-25-12-26-01.pdf%5C84e2d-2023-01-25-12-26-01.pdf",
        "periodicity": "periodic"
    },
    {
        "equity_ticker": "ZM",
        "geography": "US",
        "content_name": "ZM Q3 2022 Presentation",
        "file_type": "pdf",
        "content_type": "earnings_presentation",
        "published_date": "2021-11-22",
        "fiscal_date": "2021-11-22",
        "fiscal_year": 2022,
        "fiscal_quarter": 3,
        "r2_url": "https://pub-2c783279b61043e19fbdadd1bee5153a.r2.dev/ZM/2021-11-22/7027c-2021-11-22-12-00-00-migrated/7027c-2021-11-22-12-00-00-migrated.pdf%5C7027c-2021-11-22-12-00-00-migrated.pdf",
        "periodicity": "periodic"
    },
    {
        "equity_ticker": "ZM",
        "geography": "US",
        "content_name": "Analyst Day 2021 - September 13, 2021",
        "file_type": "pdf",
        "content_type": "company_conference_transcript",
        "published_date": "2021-09-13",
        "fiscal_date": "2021-09-13",
        "fiscal_year": null,
        "fiscal_quarter": null,
        "r2_url": "https://pub-2c783279b61043e19fbdadd1bee5153a.r2.dev/ZM/2021-09-13/Zoom%20Communications%20Inc._2021-09-13_transcript/Zoom%20Communications%20Inc._2021-09-13_transcript.pdf%5CZoom%20Communications%20Inc._2021-09-13_transcript.pdf",
        "periodicity": "non_periodic"
    },
    {
        "equity_ticker": "ZM",
        "geography": "US",
        "content_name": "ZM Q2 2022 Transcript",
        "file_type": "pdf",
        "content_type": "earnings_transcript",
        "published_date": "2021-08-30",
        "fiscal_date": "2021-08-30",
        "fiscal_year": 2022,
        "fiscal_quarter": 2,
        "r2_url": "https://pub-2c783279b61043e19fbdadd1bee5153a.r2.dev/ZM/2021-08-30/Zoom%20Communications%20Inc._2021-08-30_transcript/Zoom%20Communications%20Inc._2021-08-30_transcript.pdf%5CZoom%20Communications%20Inc._2021-08-30_transcript.pdf",
        "periodicity": "periodic"
    },
    {
        "equity_ticker": "ZM",
        "geography": "US",
        "content_name": "ZM Q2 2022 Press Release",
        "file_type": "pdf",
        "content_type": "earnings_press_release",
        "published_date": "2021-08-30",
        "fiscal_date": "2021-08-30",
        "fiscal_year": 2022,
        "fiscal_quarter": 2,
        "r2_url": "https://pub-2c783279b61043e19fbdadd1bee5153a.r2.dev/ZM/2021-08-30/74fce-2023-01-25-09-14-53/74fce-2023-01-25-09-14-53.pdf%5C74fce-2023-01-25-09-14-53.pdf",
        "periodicity": "periodic"
    },
    {
        "equity_ticker": "ZM",
        "geography": "US",
        "content_name": "ZM Q2 2022 Presentation",
        "file_type": "pdf",
        "content_type": "earnings_presentation",
        "published_date": "2021-08-30",
        "fiscal_date": "2021-08-30",
        "fiscal_year": 2022,
        "fiscal_quarter": 2,
        "r2_url": "https://pub-2c783279b61043e19fbdadd1bee5153a.r2.dev/ZM/2021-08-30/24898-2021-08-30-12-00-00-migrated/24898-2021-08-30-12-00-00-migrated.pdf%5C24898-2021-08-30-12-00-00-migrated.pdf",
        "periodicity": "periodic"
    },
    {
        "equity_ticker": "ZM",
        "geography": "US",
        "content_name": "M&A Announcement - July 19, 2021",
        "file_type": "pdf",
        "content_type": "company_conference_transcript",
        "published_date": "2021-07-19",
        "fiscal_date": "2021-07-19",
        "fiscal_year": null,
        "fiscal_quarter": null,
        "r2_url": "https://pub-2c783279b61043e19fbdadd1bee5153a.r2.dev/ZM/2021-07-19/Zoom%20Communications%20Inc._2021-07-19_transcript/Zoom%20Communications%20Inc._2021-07-19_transcript.pdf%5CZoom%20Communications%20Inc._2021-07-19_transcript.pdf",
        "periodicity": "non_periodic"
    },
    {
        "equity_ticker": "ZM",
        "geography": "US",
        "content_name": "M&A Announcement - July 19, 2021",
        "file_type": "pdf",
        "content_type": "company_conference_press_release",
        "published_date": "2021-07-19",
        "fiscal_date": "2021-07-19",
        "fiscal_year": null,
        "fiscal_quarter": null,
        "r2_url": "https://pub-2c783279b61043e19fbdadd1bee5153a.r2.dev/ZM/2021-07-19/43cbd-2023-01-25-10-32-08/43cbd-2023-01-25-10-32-08.pdf%5C43cbd-2023-01-25-10-32-08.pdf",
        "periodicity": "non_periodic"
    },
    {
        "equity_ticker": "ZM",
        "geography": "US",
        "content_name": "M&A Announcement - July 19, 2021",
        "file_type": "pdf",
        "content_type": "company_conference_presentation",
        "published_date": "2021-07-19",
        "fiscal_date": "2021-07-19",
        "fiscal_year": null,
        "fiscal_quarter": null,
        "r2_url": "https://pub-2c783279b61043e19fbdadd1bee5153a.r2.dev/ZM/2021-07-19/4304f-2021-07-19-12-00-00-migrated/4304f-2021-07-19-12-00-00-migrated.pdf%5C4304f-2021-07-19-12-00-00-migrated.pdf",
        "periodicity": "non_periodic"
    },
    {
        "equity_ticker": "ZM",
        "geography": "US",
        "content_name": "ZM Q1 2022 Transcript",
        "file_type": "pdf",
        "content_type": "earnings_transcript",
        "published_date": "2021-06-01",
        "fiscal_date": "2021-06-01",
        "fiscal_year": 2022,
        "fiscal_quarter": 1,
        "r2_url": "https://pub-2c783279b61043e19fbdadd1bee5153a.r2.dev/ZM/2021-06-01/Zoom%20Communications%20Inc._2021-06-01_transcript/Zoom%20Communications%20Inc._2021-06-01_transcript.pdf%5CZoom%20Communications%20Inc._2021-06-01_transcript.pdf",
        "periodicity": "periodic"
    },
    {
        "equity_ticker": "ZM",
        "geography": "US",
        "content_name": "ZM Q1 2022 Press Release",
        "file_type": "pdf",
        "content_type": "quarterly_report",
        "published_date": "2021-06-01",
        "fiscal_date": "2021-06-01",
        "fiscal_year": 2022,
        "fiscal_quarter": 1,
        "r2_url": "https://pub-2c783279b61043e19fbdadd1bee5153a.r2.dev/ZM/2021-06-01/147ff-2024-08-30-06-01-33/147ff-2024-08-30-06-01-33.pdf%5C147ff-2024-08-30-06-01-33.pdf",
        "periodicity": "periodic"
    },
    {
        "equity_ticker": "ZM",
        "geography": "US",
        "content_name": "ZM Q1 2022 Presentation",
        "file_type": "pdf",
        "content_type": "earnings_presentation",
        "published_date": "2021-06-01",
        "fiscal_date": "2021-06-01",
        "fiscal_year": 2022,
        "fiscal_quarter": 1,
        "r2_url": "https://pub-2c783279b61043e19fbdadd1bee5153a.r2.dev/ZM/2021-06-01/924d4-2021-06-01-05-00-44-migrated/924d4-2021-06-01-05-00-44-migrated.pdf%5C924d4-2021-06-01-05-00-44-migrated.pdf",
        "periodicity": "periodic"
    },
    {
        "equity_ticker": "ZM",
        "geography": "US",
        "content_name": "ZM Q4 2021 Transcript",
        "file_type": "pdf",
        "content_type": "earnings_transcript",
        "published_date": "2021-03-01",
        "fiscal_date": "2021-03-01",
        "fiscal_year": 2021,
        "fiscal_quarter": 4,
        "r2_url": "https://pub-2c783279b61043e19fbdadd1bee5153a.r2.dev/ZM/2021-03-01/Zoom%20Communications%20Inc._2021-03-01_transcript/Zoom%20Communications%20Inc._2021-03-01_transcript.pdf%5CZoom%20Communications%20Inc._2021-03-01_transcript.pdf",
        "periodicity": "periodic"
    },
    {
        "equity_ticker": "ZM",
        "geography": "US",
        "content_name": "ZM Q4 2021 Press Release",
        "file_type": "pdf",
        "content_type": "earnings_press_release",
        "published_date": "2021-03-01",
        "fiscal_date": "2021-03-01",
        "fiscal_year": 2021,
        "fiscal_quarter": 4,
        "r2_url": "https://pub-2c783279b61043e19fbdadd1bee5153a.r2.dev/ZM/2021-03-01/22bb2-2022-06-27-07-43-44/22bb2-2022-06-27-07-43-44.pdf%5C22bb2-2022-06-27-07-43-44.pdf",
        "periodicity": "periodic"
    },
    {
        "equity_ticker": "ZM",
        "geography": "US",
        "content_name": "ZM Q3 2021 Transcript",
        "file_type": "pdf",
        "content_type": "earnings_transcript",
        "published_date": "2020-11-30",
        "fiscal_date": "2020-11-30",
        "fiscal_year": 2021,
        "fiscal_quarter": 3,
        "r2_url": "https://pub-2c783279b61043e19fbdadd1bee5153a.r2.dev/ZM/2020-11-30/Zoom%20Communications%20Inc._2020-11-30_transcript/Zoom%20Communications%20Inc._2020-11-30_transcript.pdf%5CZoom%20Communications%20Inc._2020-11-30_transcript.pdf",
        "periodicity": "periodic"
    },
    {
        "equity_ticker": "ZM",
        "geography": "US",
        "content_name": "ZM Q3 2021 Press Release",
        "file_type": "pdf",
        "content_type": "earnings_press_release",
        "published_date": "2020-11-30",
        "fiscal_date": "2020-11-30",
        "fiscal_year": 2021,
        "fiscal_quarter": 3,
        "r2_url": "https://pub-2c783279b61043e19fbdadd1bee5153a.r2.dev/ZM/2020-11-30/5710c-2022-06-27-07-16-46/5710c-2022-06-27-07-16-46.pdf%5C5710c-2022-06-27-07-16-46.pdf",
        "periodicity": "periodic"
    },
    {
        "equity_ticker": "ZM",
        "geography": "US",
        "content_name": "ZM Q3 2021 Presentation",
        "file_type": "pdf",
        "content_type": "earnings_presentation",
        "published_date": "2020-11-30",
        "fiscal_date": "2020-11-30",
        "fiscal_year": 2021,
        "fiscal_quarter": 3,
        "r2_url": "https://pub-2c783279b61043e19fbdadd1bee5153a.r2.dev/ZM/2020-11-30/06643-2022-06-27-07-16-46/06643-2022-06-27-07-16-46.pdf%5C06643-2022-06-27-07-16-46.pdf",
        "periodicity": "periodic"
    },
    {
        "equity_ticker": "ZM",
        "geography": "US",
        "content_name": "Analyst Day 2020 - October 14, 2020",
        "file_type": "pdf",
        "content_type": "company_conference_transcript",
        "published_date": "2020-10-14",
        "fiscal_date": "2020-10-14",
        "fiscal_year": null,
        "fiscal_quarter": null,
        "r2_url": "https://pub-2c783279b61043e19fbdadd1bee5153a.r2.dev/ZM/2020-10-14/Zoom%20Communications%20Inc._2020-10-14_transcript/Zoom%20Communications%20Inc._2020-10-14_transcript.pdf%5CZoom%20Communications%20Inc._2020-10-14_transcript.pdf",
        "periodicity": "non_periodic"
    },
    {
        "equity_ticker": "ZM",
        "geography": "US",
        "content_name": "Analyst Day 2020 - October 14, 2020",
        "file_type": "pdf",
        "content_type": "company_conference_presentation",
        "published_date": "2020-10-14",
        "fiscal_date": "2020-10-14",
        "fiscal_year": null,
        "fiscal_quarter": null,
        "r2_url": "https://pub-2c783279b61043e19fbdadd1bee5153a.r2.dev/ZM/2020-10-14/3b3ef-2023-03-28-08-55-43/3b3ef-2023-03-28-08-55-43.pdf%5C3b3ef-2023-03-28-08-55-43.pdf",
        "periodicity": "non_periodic"
    },
    {
        "equity_ticker": "ZM",
        "geography": "US",
        "content_name": "ZM Q2 2021 Transcript",
        "file_type": "pdf",
        "content_type": "earnings_transcript",
        "published_date": "2020-08-31",
        "fiscal_date": "2020-08-31",
        "fiscal_year": 2021,
        "fiscal_quarter": 2,
        "r2_url": "https://pub-2c783279b61043e19fbdadd1bee5153a.r2.dev/ZM/2020-08-31/Zoom%20Communications%20Inc._2020-08-31_transcript/Zoom%20Communications%20Inc._2020-08-31_transcript.pdf%5CZoom%20Communications%20Inc._2020-08-31_transcript.pdf",
        "periodicity": "periodic"
    },
    {
        "equity_ticker": "ZM",
        "geography": "US",
        "content_name": "ZM Q2 2021 Press Release",
        "file_type": "pdf",
        "content_type": "earnings_press_release",
        "published_date": "2020-08-31",
        "fiscal_date": "2020-08-31",
        "fiscal_year": 2021,
        "fiscal_quarter": 2,
        "r2_url": "https://pub-2c783279b61043e19fbdadd1bee5153a.r2.dev/ZM/2020-08-31/1d860-2022-06-27-07-24-47/1d860-2022-06-27-07-24-47.pdf%5C1d860-2022-06-27-07-24-47.pdf",
        "periodicity": "periodic"
    },
    {
        "equity_ticker": "ZM",
        "geography": "US",
        "content_name": "ZM Q2 2021 Presentation",
        "file_type": "pdf",
        "content_type": "earnings_presentation",
        "published_date": "2020-08-31",
        "fiscal_date": "2020-08-31",
        "fiscal_year": 2021,
        "fiscal_quarter": 2,
        "r2_url": "https://pub-2c783279b61043e19fbdadd1bee5153a.r2.dev/ZM/2020-08-31/f183d-2022-06-27-07-24-47/f183d-2022-06-27-07-24-47.pdf%5Cf183d-2022-06-27-07-24-47.pdf",
        "periodicity": "periodic"
    },
    {
        "equity_ticker": "ZM",
        "geography": "US",
        "content_name": "AGM 2020 - June 18, 2020",
        "file_type": "pdf",
        "content_type": "company_conference_transcript",
        "published_date": "2020-06-18",
        "fiscal_date": "2020-06-18",
        "fiscal_year": null,
        "fiscal_quarter": null,
        "r2_url": "https://pub-2c783279b61043e19fbdadd1bee5153a.r2.dev/ZM/2020-06-18/Zoom%20Communications%20Inc._2020-06-18_transcript/Zoom%20Communications%20Inc._2020-06-18_transcript.pdf%5CZoom%20Communications%20Inc._2020-06-18_transcript.pdf",
        "periodicity": "non_periodic"
    },
    {
        "equity_ticker": "ZM",
        "geography": "US",
        "content_name": "ZM Q1 2021 Transcript",
        "file_type": "pdf",
        "content_type": "earnings_transcript",
        "published_date": "2020-06-02",
        "fiscal_date": "2020-06-02",
        "fiscal_year": 2021,
        "fiscal_quarter": 1,
        "r2_url": "https://pub-2c783279b61043e19fbdadd1bee5153a.r2.dev/ZM/2020-06-02/Zoom%20Communications%20Inc._2020-06-02_transcript/Zoom%20Communications%20Inc._2020-06-02_transcript.pdf%5CZoom%20Communications%20Inc._2020-06-02_transcript.pdf",
        "periodicity": "periodic"
    },
    {
        "equity_ticker": "ZM",
        "geography": "US",
        "content_name": "ZM Q1 2021 Press Release",
        "file_type": "pdf",
        "content_type": "earnings_press_release",
        "published_date": "2020-06-02",
        "fiscal_date": "2020-06-02",
        "fiscal_year": 2021,
        "fiscal_quarter": 1,
        "r2_url": "https://pub-2c783279b61043e19fbdadd1bee5153a.r2.dev/ZM/2020-06-02/c9740-2022-06-27-07-58-48/c9740-2022-06-27-07-58-48.pdf%5Cc9740-2022-06-27-07-58-48.pdf",
        "periodicity": "periodic"
    },
    {
        "equity_ticker": "ZM",
        "geography": "US",
        "content_name": "ZM Q1 2021 Presentation",
        "file_type": "pdf",
        "content_type": "earnings_presentation",
        "published_date": "2020-06-02",
        "fiscal_date": "2020-06-02",
        "fiscal_year": 2021,
        "fiscal_quarter": 1,
        "r2_url": "https://pub-2c783279b61043e19fbdadd1bee5153a.r2.dev/ZM/2020-06-02/392ce-2022-06-27-07-58-48/392ce-2022-06-27-07-58-48.pdf%5C392ce-2022-06-27-07-58-48.pdf",
        "periodicity": "periodic"
    },
    {
        "equity_ticker": "ZM",
        "geography": "US",
        "content_name": "ZM Q4 2020 Transcript",
        "file_type": "pdf",
        "content_type": "earnings_transcript",
        "published_date": "2020-03-04",
        "fiscal_date": "2020-03-04",
        "fiscal_year": 2020,
        "fiscal_quarter": 4,
        "r2_url": "https://pub-2c783279b61043e19fbdadd1bee5153a.r2.dev/ZM/2020-03-04/Zoom%20Communications%20Inc._2020-03-04_transcript/Zoom%20Communications%20Inc._2020-03-04_transcript.pdf%5CZoom%20Communications%20Inc._2020-03-04_transcript.pdf",
        "periodicity": "periodic"
    },
    {
        "equity_ticker": "ZM",
        "geography": "US",
        "content_name": "ZM Q4 2020 Press Release",
        "file_type": "pdf",
        "content_type": "earnings_press_release",
        "published_date": "2020-03-04",
        "fiscal_date": "2020-03-04",
        "fiscal_year": 2020,
        "fiscal_quarter": 4,
        "r2_url": "https://pub-2c783279b61043e19fbdadd1bee5153a.r2.dev/ZM/2020-03-04/8cf17-2023-03-28-08-25-48/8cf17-2023-03-28-08-25-48.pdf%5C8cf17-2023-03-28-08-25-48.pdf",
        "periodicity": "periodic"
    },
    {
        "equity_ticker": "ZM",
        "geography": "US",
        "content_name": "ZM Q4 2020 Presentation",
        "file_type": "pdf",
        "content_type": "earnings_presentation",
        "published_date": "2020-03-04",
        "fiscal_date": "2020-03-04",
        "fiscal_year": 2020,
        "fiscal_quarter": 4,
        "r2_url": "https://pub-2c783279b61043e19fbdadd1bee5153a.r2.dev/ZM/2020-03-04/d387a-2023-03-28-08-30-48/d387a-2023-03-28-08-30-48.pdf%5Cd387a-2023-03-28-08-30-48.pdf",
        "periodicity": "periodic"
    },
    {
        "equity_ticker": "ZM",
        "geography": "US",
        "content_name": "ZM Q3 2020 Transcript",
        "file_type": "pdf",
        "content_type": "earnings_transcript",
        "published_date": "2019-12-05",
        "fiscal_date": "2019-12-05",
        "fiscal_year": 2020,
        "fiscal_quarter": 3,
        "r2_url": "https://pub-2c783279b61043e19fbdadd1bee5153a.r2.dev/ZM/2019-12-05/Zoom%20Communications%20Inc._2019-12-05_transcript/Zoom%20Communications%20Inc._2019-12-05_transcript.pdf%5CZoom%20Communications%20Inc._2019-12-05_transcript.pdf",
        "periodicity": "periodic"
    },
    {
        "equity_ticker": "ZM",
        "geography": "US",
        "content_name": "ZM Q3 2020 Press Release",
        "file_type": "pdf",
        "content_type": "earnings_press_release",
        "published_date": "2019-12-05",
        "fiscal_date": "2019-12-05",
        "fiscal_year": 2020,
        "fiscal_quarter": 3,
        "r2_url": "https://pub-2c783279b61043e19fbdadd1bee5153a.r2.dev/ZM/2019-12-05/c33f7-2023-03-28-08-02-52/c33f7-2023-03-28-08-02-52.pdf%5Cc33f7-2023-03-28-08-02-52.pdf",
        "periodicity": "periodic"
    },
    {
        "equity_ticker": "ZM",
        "geography": "US",
        "content_name": "ZM Q3 2020 Presentation",
        "file_type": "pdf",
        "content_type": "earnings_presentation",
        "published_date": "2019-12-05",
        "fiscal_date": "2019-12-05",
        "fiscal_year": 2020,
        "fiscal_quarter": 3,
        "r2_url": "https://pub-2c783279b61043e19fbdadd1bee5153a.r2.dev/ZM/2019-12-05/dcd56-2023-03-28-08-09-52/dcd56-2023-03-28-08-09-52.pdf%5Cdcd56-2023-03-28-08-09-52.pdf",
        "periodicity": "periodic"
    },
    {
        "equity_ticker": "ZM",
        "geography": "US",
        "content_name": "ZM Q2 2020 Transcript",
        "file_type": "pdf",
        "content_type": "earnings_transcript",
        "published_date": "2019-09-05",
        "fiscal_date": "2019-09-05",
        "fiscal_year": 2020,
        "fiscal_quarter": 2,
        "r2_url": "https://pub-2c783279b61043e19fbdadd1bee5153a.r2.dev/ZM/2019-09-05/Zoom%20Communications%20Inc._2019-09-05_transcript/Zoom%20Communications%20Inc._2019-09-05_transcript.pdf%5CZoom%20Communications%20Inc._2019-09-05_transcript.pdf",
        "periodicity": "periodic"
    },
    {
        "equity_ticker": "ZM",
        "geography": "US",
        "content_name": "ZM Q2 2020 Press Release",
        "file_type": "pdf",
        "content_type": "earnings_press_release",
        "published_date": "2019-09-05",
        "fiscal_date": "2019-09-05",
        "fiscal_year": 2020,
        "fiscal_quarter": 2,
        "r2_url": "https://pub-2c783279b61043e19fbdadd1bee5153a.r2.dev/ZM/2019-09-05/d3a0f-2023-03-28-08-06-55/d3a0f-2023-03-28-08-06-55.pdf%5Cd3a0f-2023-03-28-08-06-55.pdf",
        "periodicity": "periodic"
    },
    {
        "equity_ticker": "ZM",
        "geography": "US",
        "content_name": "ZM Q2 2020 Presentation",
        "file_type": "pdf",
        "content_type": "earnings_presentation",
        "published_date": "2019-09-05",
        "fiscal_date": "2019-09-05",
        "fiscal_year": 2020,
        "fiscal_quarter": 2,
        "r2_url": "https://pub-2c783279b61043e19fbdadd1bee5153a.r2.dev/ZM/2019-09-05/1de2f-2023-03-28-08-08-55/1de2f-2023-03-28-08-08-55.pdf%5C1de2f-2023-03-28-08-08-55.pdf",
        "periodicity": "periodic"
    },
    {
        "equity_ticker": "ZM",
        "geography": "US",
        "content_name": "ZM Q1 2020 Transcript",
        "file_type": "pdf",
        "content_type": "earnings_transcript",
        "published_date": "2019-06-06",
        "fiscal_date": "2019-06-06",
        "fiscal_year": 2020,
        "fiscal_quarter": 1,
        "r2_url": "https://pub-2c783279b61043e19fbdadd1bee5153a.r2.dev/ZM/2019-06-06/Zoom%20Communications%20Inc._2019-06-06_transcript/Zoom%20Communications%20Inc._2019-06-06_transcript.pdf%5CZoom%20Communications%20Inc._2019-06-06_transcript.pdf",
        "periodicity": "periodic"
    },
    {
        "equity_ticker": "ZM",
        "geography": "US",
        "content_name": "ZM Q1 2020 Press Release",
        "file_type": "pdf",
        "content_type": "earnings_press_release",
        "published_date": "2019-06-06",
        "fiscal_date": "2019-06-06",
        "fiscal_year": 2020,
        "fiscal_quarter": 1,
        "r2_url": "https://pub-2c783279b61043e19fbdadd1bee5153a.r2.dev/ZM/2019-06-06/f3b23-2023-03-28-08-51-57/f3b23-2023-03-28-08-51-57.pdf%5Cf3b23-2023-03-28-08-51-57.pdf",
        "periodicity": "periodic"
    },
    {
        "equity_ticker": "ZM",
        "geography": "US",
        "content_name": "ZM Q1 2020 Presentation",
        "file_type": "pdf",
        "content_type": "earnings_presentation",
        "published_date": "2019-06-06",
        "fiscal_date": "2019-06-06",
        "fiscal_year": 2020,
        "fiscal_quarter": 1,
        "r2_url": "https://pub-2c783279b61043e19fbdadd1bee5153a.r2.dev/ZM/2019-06-06/61fbe-2023-03-28-08-54-57/61fbe-2023-03-28-08-54-57.pdf%5C61fbe-2023-03-28-08-54-57.pdf",
        "periodicity": "periodic"
    },
    {
        "equity_ticker": "ZM",
        "geography": "US",
        "content_name": "ZM Q4 2025 10-K",
        "file_type": "pdf",
        "content_type": "annual_report",
        "published_date": "2025-02-28",
        "fiscal_date": "2025-01-31",
        "fiscal_year": 2025,
        "fiscal_quarter": 4,
        "r2_url": "https://pub-2c783279b61043e19fbdadd1bee5153a.r2.dev/ZM/2025-02-28/zm-20250131.htm%5Czm-20250131.pdf",
        "periodicity": "periodic"
    },
    {
        "equity_ticker": "ZM",
        "geography": "US",
        "content_name": "ZM Q3 2025 10-Q",
        "file_type": "pdf",
        "content_type": "quarterly_report",
        "published_date": "2024-11-26",
        "fiscal_date": "2024-10-31",
        "fiscal_year": 2025,
        "fiscal_quarter": 3,
        "r2_url": "https://pub-2c783279b61043e19fbdadd1bee5153a.r2.dev/ZM/2024-11-26/zm-20241031.htm%5Czm-20241031.pdf",
        "periodicity": "periodic"
    },
    {
        "equity_ticker": "ZM",
        "geography": "US",
        "content_name": "ZM Q2 2025 10-Q",
        "file_type": "pdf",
        "content_type": "quarterly_report",
        "published_date": "2024-08-23",
        "fiscal_date": "2024-07-31",
        "fiscal_year": 2025,
        "fiscal_quarter": 2,
        "r2_url": "https://pub-2c783279b61043e19fbdadd1bee5153a.r2.dev/ZM/2024-08-23/zm-20240731.htm%5Czm-20240731.pdf",
        "periodicity": "periodic"
    },
    {
        "equity_ticker": "ZM",
        "geography": "US",
        "content_name": "ZM Q1 2025 10-Q",
        "file_type": "pdf",
        "content_type": "quarterly_report",
        "published_date": "2024-05-22",
        "fiscal_date": "2024-04-30",
        "fiscal_year": 2025,
        "fiscal_quarter": 1,
        "r2_url": "https://pub-2c783279b61043e19fbdadd1bee5153a.r2.dev/ZM/2024-05-22/zm-20240430.htm%5Czm-20240430.pdf",
        "periodicity": "periodic"
    },
    {
        "equity_ticker": "ZM",
        "geography": "US",
        "content_name": "ZM Q4 2024 10-K",
        "file_type": "pdf",
        "content_type": "annual_report",
        "published_date": "2024-03-01",
        "fiscal_date": "2024-01-31",
        "fiscal_year": 2024,
        "fiscal_quarter": 4,
        "r2_url": "https://pub-2c783279b61043e19fbdadd1bee5153a.r2.dev/ZM/2024-03-01/zm-20240131.htm%5Czm-20240131.pdf",
        "periodicity": "periodic"
    },
    {
        "equity_ticker": "ZM",
        "geography": "US",
        "content_name": "ZM Q3 2024 10-Q",
        "file_type": "pdf",
        "content_type": "quarterly_report",
        "published_date": "2023-11-21",
        "fiscal_date": "2023-10-31",
        "fiscal_year": 2024,
        "fiscal_quarter": 3,
        "r2_url": "https://pub-2c783279b61043e19fbdadd1bee5153a.r2.dev/ZM/2023-11-21/zm-20231031.htm%5Czm-20231031.pdf",
        "periodicity": "periodic"
    },
    {
        "equity_ticker": "ZM",
        "geography": "US",
        "content_name": "ZM Q2 2024 10-Q",
        "file_type": "pdf",
        "content_type": "quarterly_report",
        "published_date": "2023-08-23",
        "fiscal_date": "2023-07-31",
        "fiscal_year": 2024,
        "fiscal_quarter": 2,
        "r2_url": "https://pub-2c783279b61043e19fbdadd1bee5153a.r2.dev/ZM/2023-08-23/zm-20230731.htm%5Czm-20230731.pdf",
        "periodicity": "periodic"
    },
    {
        "equity_ticker": "ZM",
        "geography": "US",
        "content_name": "ZM Q1 2024 10-Q",
        "file_type": "pdf",
        "content_type": "quarterly_report",
        "published_date": "2023-05-25",
        "fiscal_date": "2023-04-30",
        "fiscal_year": 2024,
        "fiscal_quarter": 1,
        "r2_url": "https://pub-2c783279b61043e19fbdadd1bee5153a.r2.dev/ZM/2023-05-25/zm-20230430.htm%5Czm-20230430.pdf",
        "periodicity": "periodic"
    },
    {
        "equity_ticker": "ZM",
        "geography": "US",
        "content_name": "ZM Q4 2023 10-K",
        "file_type": "pdf",
        "content_type": "annual_report",
        "published_date": "2023-03-03",
        "fiscal_date": "2023-01-31",
        "fiscal_year": 2023,
        "fiscal_quarter": 4,
        "r2_url": "https://pub-2c783279b61043e19fbdadd1bee5153a.r2.dev/ZM/2023-03-03/zm-20230131.htm%5Czm-20230131.pdf",
        "periodicity": "periodic"
    },
    {
        "equity_ticker": "ZM",
        "geography": "US",
        "content_name": "ZM Q3 2023 10-Q",
        "file_type": "pdf",
        "content_type": "quarterly_report",
        "published_date": "2022-11-23",
        "fiscal_date": "2022-10-31",
        "fiscal_year": 2023,
        "fiscal_quarter": 3,
        "r2_url": "https://pub-2c783279b61043e19fbdadd1bee5153a.r2.dev/ZM/2022-11-23/zm-20221031.htm%5Czm-20221031.pdf",
        "periodicity": "periodic"
    },
    {
        "equity_ticker": "ZM",
        "geography": "US",
        "content_name": "ZM Q2 2023 10-Q",
        "file_type": "pdf",
        "content_type": "quarterly_report",
        "published_date": "2022-08-24",
        "fiscal_date": "2022-07-31",
        "fiscal_year": 2023,
        "fiscal_quarter": 2,
        "r2_url": "https://pub-2c783279b61043e19fbdadd1bee5153a.r2.dev/ZM/2022-08-24/zm-20220731.htm%5Czm-20220731.pdf",
        "periodicity": "periodic"
    },
    {
        "equity_ticker": "ZM",
        "geography": "US",
        "content_name": "ZM Q1 2023 10-Q",
        "file_type": "pdf",
        "content_type": "quarterly_report",
        "published_date": "2022-05-25",
        "fiscal_date": "2022-04-30",
        "fiscal_year": 2023,
        "fiscal_quarter": 1,
        "r2_url": "https://pub-2c783279b61043e19fbdadd1bee5153a.r2.dev/ZM/2022-05-25/zm-20220430.htm%5Czm-20220430.pdf",
        "periodicity": "periodic"
    },
    {
        "equity_ticker": "ZM",
        "geography": "US",
        "content_name": "ZM Q4 2022 10-K",
        "file_type": "pdf",
        "content_type": "annual_report",
        "published_date": "2022-03-07",
        "fiscal_date": "2022-01-31",
        "fiscal_year": 2022,
        "fiscal_quarter": 4,
        "r2_url": "https://pub-2c783279b61043e19fbdadd1bee5153a.r2.dev/ZM/2022-03-07/zm-20220131.htm%5Czm-20220131.pdf",
        "periodicity": "periodic"
    },
    {
        "equity_ticker": "ZM",
        "geography": "US",
        "content_name": "ZM Q3 2022 10-Q",
        "file_type": "pdf",
        "content_type": "quarterly_report",
        "published_date": "2021-11-23",
        "fiscal_date": "2021-10-31",
        "fiscal_year": 2022,
        "fiscal_quarter": 3,
        "r2_url": "https://pub-2c783279b61043e19fbdadd1bee5153a.r2.dev/ZM/2021-11-23/zm-20211031.htm%5Czm-20211031.pdf",
        "periodicity": "periodic"
    },
    {
        "equity_ticker": "ZM",
        "geography": "US",
        "content_name": "ZM Q2 2022 10-Q",
        "file_type": "pdf",
        "content_type": "quarterly_report",
        "published_date": "2021-08-31",
        "fiscal_date": "2021-07-31",
        "fiscal_year": 2022,
        "fiscal_quarter": 2,
        "r2_url": "https://pub-2c783279b61043e19fbdadd1bee5153a.r2.dev/ZM/2021-08-31/zm-20210731.htm%5Czm-20210731.pdf",
        "periodicity": "periodic"
    },
    {
        "equity_ticker": "ZM",
        "geography": "US",
        "content_name": "ZM Q1 2022 10-Q",
        "file_type": "pdf",
        "content_type": "quarterly_report",
        "published_date": "2021-06-02",
        "fiscal_date": "2021-04-30",
        "fiscal_year": 2022,
        "fiscal_quarter": 1,
        "r2_url": "https://pub-2c783279b61043e19fbdadd1bee5153a.r2.dev/ZM/2021-06-02/zm-20210430.htm%5Czm-20210430.pdf",
        "periodicity": "periodic"
    },
    {
        "equity_ticker": "ZM",
        "geography": "US",
        "content_name": "ZM Q4 2021 10-K",
        "file_type": "pdf",
        "content_type": "annual_report",
        "published_date": "2021-03-18",
        "fiscal_date": "2021-01-31",
        "fiscal_year": 2021,
        "fiscal_quarter": 4,
        "r2_url": "https://pub-2c783279b61043e19fbdadd1bee5153a.r2.dev/ZM/2021-03-18/zm-20210131.htm%5Czm-20210131.pdf",
        "periodicity": "periodic"
    },
    {
        "equity_ticker": "ZM",
        "geography": "US",
        "content_name": "ZM Q3 2021 10-Q",
        "file_type": "pdf",
        "content_type": "quarterly_report",
        "published_date": "2020-12-03",
        "fiscal_date": "2020-10-31",
        "fiscal_year": 2021,
        "fiscal_quarter": 3,
        "r2_url": "https://pub-2c783279b61043e19fbdadd1bee5153a.r2.dev/ZM/2020-12-03/zm-20201031.htm%5Czm-20201031.pdf",
        "periodicity": "periodic"
    },
    {
        "equity_ticker": "ZM",
        "geography": "US",
        "content_name": "ZM Q2 2021 10-Q",
        "file_type": "pdf",
        "content_type": "quarterly_report",
        "published_date": "2020-09-03",
        "fiscal_date": "2020-07-31",
        "fiscal_year": 2021,
        "fiscal_quarter": 2,
        "r2_url": "https://pub-2c783279b61043e19fbdadd1bee5153a.r2.dev/ZM/2020-09-03/zm-20200731.htm%5Cix.pdf",
        "periodicity": "periodic"
    },
    {
        "equity_ticker": "ZM",
        "geography": "US",
        "content_name": "ZM Q1 2021 10-Q",
        "file_type": "pdf",
        "content_type": "quarterly_report",
        "published_date": "2020-06-05",
        "fiscal_date": "2020-04-30",
        "fiscal_year": 2021,
        "fiscal_quarter": 1,
        "r2_url": "https://pub-2c783279b61043e19fbdadd1bee5153a.r2.dev/ZM/2020-06-05/zm-20200430.htm%5Cix.pdf",
        "periodicity": "periodic"
    },
    {
        "equity_ticker": "ZM",
        "geography": "US",
        "content_name": "ZM Q4 2020 10-K",
        "file_type": "pdf",
        "content_type": "annual_report",
        "published_date": "2020-03-20",
        "fiscal_date": "2020-01-31",
        "fiscal_year": 2020,
        "fiscal_quarter": 4,
        "r2_url": "https://pub-2c783279b61043e19fbdadd1bee5153a.r2.dev/ZM/2020-03-20/zm-20200131.htm%5Cix.pdf",
        "periodicity": "periodic"
    },
    {
        "equity_ticker": "ZM",
        "geography": "US",
        "content_name": "ZM Q3 2020 10-Q",
        "file_type": "pdf",
        "content_type": "quarterly_report",
        "published_date": "2019-12-06",
        "fiscal_date": "2019-10-31",
        "fiscal_year": 2020,
        "fiscal_quarter": 3,
        "r2_url": "https://pub-2c783279b61043e19fbdadd1bee5153a.r2.dev/ZM/2019-12-06/zm-20191031.htm%5Cix.pdf",
        "periodicity": "periodic"
    },
    {
        "equity_ticker": "ZM",
        "geography": "US",
        "content_name": "ZM Q2 2020 10-Q",
        "file_type": "pdf",
        "content_type": "quarterly_report",
        "published_date": "2019-09-12",
        "fiscal_date": "2019-07-31",
        "fiscal_year": 2020,
        "fiscal_quarter": 2,
        "r2_url": "https://pub-2c783279b61043e19fbdadd1bee5153a.r2.dev/ZM/2019-09-12/zm-20190731.htm%5Cix.pdf",
        "periodicity": "periodic"
    },
    {
        "equity_ticker": "ZM",
        "geography": "US",
        "content_name": "ZM Q1 2020 10-Q",
        "file_type": "pdf",
        "content_type": "quarterly_report",
        "published_date": "2019-06-07",
        "fiscal_date": "2019-04-30",
        "fiscal_year": 2020,
        "fiscal_quarter": 1,
        "r2_url": "https://pub-2c783279b61043e19fbdadd1bee5153a.r2.dev/ZM/2019-06-07/zm-10q_20190430.htm%5Czm-10q_20190430.pdf",
        "periodicity": "periodic"
    }
]