[
    {
        "equity_ticker": "ZS",
        "geography": "US",
        "content_name": "Morgan Stanley Technology, Media & Telecom Conference - March 6, 2025",
        "file_type": "pdf",
        "content_type": "sellside_conference_transcript",
        "published_date": "2025-03-06",
        "fiscal_date": "2025-03-06",
        "fiscal_year": null,
        "fiscal_quarter": null,
        "r2_url": "https://pub-2c783279b61043e19fbdadd1bee5153a.r2.dev/ZS/2025-03-06/Zscaler%2C%20Inc._2025-03-06_transcript/Zscaler%2C%20Inc._2025-03-06_transcript.pdf%5CZscaler%2C%20Inc._2025-03-06_transcript.pdf",
        "periodicity": "non_periodic"
    },
    {
        "equity_ticker": "ZS",
        "geography": "US",
        "content_name": "ZS Q2 2025 Transcript",
        "file_type": "pdf",
        "content_type": "earnings_transcript",
        "published_date": "2025-03-05",
        "fiscal_date": "2025-03-05",
        "fiscal_year": 2025,
        "fiscal_quarter": 2,
        "r2_url": "https://pub-2c783279b61043e19fbdadd1bee5153a.r2.dev/ZS/2025-03-05/Zscaler%2C%20Inc._2025-03-05_transcript/Zscaler%2C%20Inc._2025-03-05_transcript.pdf%5CZscaler%2C%20Inc._2025-03-05_transcript.pdf",
        "periodicity": "periodic"
    },
    {
        "equity_ticker": "ZS",
        "geography": "US",
        "content_name": "ZS Q2 2025 Press Release",
        "file_type": "pdf",
        "content_type": "earnings_press_release",
        "published_date": "2025-03-05",
        "fiscal_date": "2025-03-05",
        "fiscal_year": 2025,
        "fiscal_quarter": 2,
        "r2_url": "https://pub-2c783279b61043e19fbdadd1bee5153a.r2.dev/ZS/2025-03-05/e094b-2025-03-05-09-24-10/e094b-2025-03-05-09-24-10.pdf%5Ce094b-2025-03-05-09-24-10.pdf",
        "periodicity": "periodic"
    },
    {
        "equity_ticker": "ZS",
        "geography": "US",
        "content_name": "ZS Q2 2025 Presentation",
        "file_type": "pdf",
        "content_type": "earnings_presentation",
        "published_date": "2025-03-05",
        "fiscal_date": "2025-03-05",
        "fiscal_year": 2025,
        "fiscal_quarter": 2,
        "r2_url": "https://pub-2c783279b61043e19fbdadd1bee5153a.r2.dev/ZS/2025-03-05/3aed6-2025-03-05-09-37-45/3aed6-2025-03-05-09-37-45.pdf%5C3aed6-2025-03-05-09-37-45.pdf",
        "periodicity": "periodic"
    },
    {
        "equity_ticker": "ZS",
        "geography": "US",
        "content_name": "AGM 2025 - January 10, 2025",
        "file_type": "pdf",
        "content_type": "company_conference_transcript",
        "published_date": "2025-01-10",
        "fiscal_date": "2025-01-10",
        "fiscal_year": null,
        "fiscal_quarter": null,
        "r2_url": "https://pub-2c783279b61043e19fbdadd1bee5153a.r2.dev/ZS/2025-01-10/Zscaler%2C%20Inc._2025-01-10_transcript/Zscaler%2C%20Inc._2025-01-10_transcript.pdf%5CZscaler%2C%20Inc._2025-01-10_transcript.pdf",
        "periodicity": "non_periodic"
    },
    {
        "equity_ticker": "ZS",
        "geography": "US",
        "content_name": "27th Annual Needham Growth Conference - January 9, 2025",
        "file_type": "pdf",
        "content_type": "company_conference_transcript",
        "published_date": "2025-01-09",
        "fiscal_date": "2025-01-09",
        "fiscal_year": null,
        "fiscal_quarter": null,
        "r2_url": "https://pub-2c783279b61043e19fbdadd1bee5153a.r2.dev/ZS/2025-01-09/Zscaler%2C%20Inc._2025-01-09_transcript/Zscaler%2C%20Inc._2025-01-09_transcript.pdf%5CZscaler%2C%20Inc._2025-01-09_transcript.pdf",
        "periodicity": "non_periodic"
    },
    {
        "equity_ticker": "ZS",
        "geography": "US",
        "content_name": "ZS Q1 2025 Transcript",
        "file_type": "pdf",
        "content_type": "earnings_transcript",
        "published_date": "2024-12-02",
        "fiscal_date": "2024-12-02",
        "fiscal_year": 2025,
        "fiscal_quarter": 1,
        "r2_url": "https://pub-2c783279b61043e19fbdadd1bee5153a.r2.dev/ZS/2024-12-02/Zscaler%2C%20Inc._2024-12-02_transcript/Zscaler%2C%20Inc._2024-12-02_transcript.pdf%5CZscaler%2C%20Inc._2024-12-02_transcript.pdf",
        "periodicity": "periodic"
    },
    {
        "equity_ticker": "ZS",
        "geography": "US",
        "content_name": "ZS Q1 2025 Press Release",
        "file_type": "pdf",
        "content_type": "earnings_press_release",
        "published_date": "2024-12-02",
        "fiscal_date": "2024-12-02",
        "fiscal_year": 2025,
        "fiscal_quarter": 1,
        "r2_url": "https://pub-2c783279b61043e19fbdadd1bee5153a.r2.dev/ZS/2024-12-02/f0c20-2024-12-02-09-35-07/f0c20-2024-12-02-09-35-07.pdf%5Cf0c20-2024-12-02-09-35-07.pdf",
        "periodicity": "periodic"
    },
    {
        "equity_ticker": "ZS",
        "geography": "US",
        "content_name": "ZS Q1 2025 Presentation",
        "file_type": "pdf",
        "content_type": "earnings_presentation",
        "published_date": "2024-12-02",
        "fiscal_date": "2024-12-02",
        "fiscal_year": 2025,
        "fiscal_quarter": 1,
        "r2_url": "https://pub-2c783279b61043e19fbdadd1bee5153a.r2.dev/ZS/2024-12-02/ee409-2024-12-03-03-42-36/ee409-2024-12-03-03-42-36.pdf%5Cee409-2024-12-03-03-42-36.pdf",
        "periodicity": "periodic"
    },
    {
        "equity_ticker": "ZS",
        "geography": "US",
        "content_name": "Goldman Sachs Technology Communacopia and Technology Conference - September 11, 2024",
        "file_type": "pdf",
        "content_type": "sellside_conference_transcript",
        "published_date": "2024-09-11",
        "fiscal_date": "2024-09-11",
        "fiscal_year": null,
        "fiscal_quarter": null,
        "r2_url": "https://pub-2c783279b61043e19fbdadd1bee5153a.r2.dev/ZS/2024-09-11/Zscaler%2C%20Inc._2024-09-11_transcript/Zscaler%2C%20Inc._2024-09-11_transcript.pdf%5CZscaler%2C%20Inc._2024-09-11_transcript.pdf",
        "periodicity": "non_periodic"
    },
    {
        "equity_ticker": "ZS",
        "geography": "US",
        "content_name": "The Citigroup Global\u00a0TMT Conference - September 5, 2024",
        "file_type": "pdf",
        "content_type": "sellside_conference_transcript",
        "published_date": "2024-09-05",
        "fiscal_date": "2024-09-05",
        "fiscal_year": null,
        "fiscal_quarter": null,
        "r2_url": "https://pub-2c783279b61043e19fbdadd1bee5153a.r2.dev/ZS/2024-09-05/Zscaler%2C%20Inc._2024-09-05_transcript/Zscaler%2C%20Inc._2024-09-05_transcript.pdf%5CZscaler%2C%20Inc._2024-09-05_transcript.pdf",
        "periodicity": "non_periodic"
    },
    {
        "equity_ticker": "ZS",
        "geography": "US",
        "content_name": "ZS Q4 2024 Transcript",
        "file_type": "pdf",
        "content_type": "earnings_transcript",
        "published_date": "2024-09-03",
        "fiscal_date": "2024-09-03",
        "fiscal_year": 2024,
        "fiscal_quarter": 4,
        "r2_url": "https://pub-2c783279b61043e19fbdadd1bee5153a.r2.dev/ZS/2024-09-03/Zscaler%2C%20Inc._2024-09-03_transcript/Zscaler%2C%20Inc._2024-09-03_transcript.pdf%5CZscaler%2C%20Inc._2024-09-03_transcript.pdf",
        "periodicity": "periodic"
    },
    {
        "equity_ticker": "ZS",
        "geography": "US",
        "content_name": "ZS Q4 2024 Press Release",
        "file_type": "pdf",
        "content_type": "earnings_press_release",
        "published_date": "2024-09-03",
        "fiscal_date": "2024-09-03",
        "fiscal_year": 2024,
        "fiscal_quarter": 4,
        "r2_url": "https://pub-2c783279b61043e19fbdadd1bee5153a.r2.dev/ZS/2024-09-03/9cf17-2024-09-03-08-11-09/9cf17-2024-09-03-08-11-09.pdf%5C9cf17-2024-09-03-08-11-09.pdf",
        "periodicity": "periodic"
    },
    {
        "equity_ticker": "ZS",
        "geography": "US",
        "content_name": "ZS Q4 2024 Presentation",
        "file_type": "pdf",
        "content_type": "earnings_presentation",
        "published_date": "2024-09-03",
        "fiscal_date": "2024-09-03",
        "fiscal_year": 2024,
        "fiscal_quarter": 4,
        "r2_url": "https://pub-2c783279b61043e19fbdadd1bee5153a.r2.dev/ZS/2024-09-03/e09ec-2024-12-03-03-33-32/e09ec-2024-12-03-03-33-32.pdf%5Ce09ec-2024-12-03-03-33-32.pdf",
        "periodicity": "periodic"
    },
    {
        "equity_ticker": "ZS",
        "geography": "US",
        "content_name": "BofA Securities 2024 Global Technology Conference - June 5, 2024",
        "file_type": "pdf",
        "content_type": "sellside_conference_transcript",
        "published_date": "2024-06-05",
        "fiscal_date": "2024-06-05",
        "fiscal_year": null,
        "fiscal_quarter": null,
        "r2_url": "https://pub-2c783279b61043e19fbdadd1bee5153a.r2.dev/ZS/2024-06-05/Zscaler%2C%20Inc._2024-06-05_transcript/Zscaler%2C%20Inc._2024-06-05_transcript.pdf%5CZscaler%2C%20Inc._2024-06-05_transcript.pdf",
        "periodicity": "non_periodic"
    },
    {
        "equity_ticker": "ZS",
        "geography": "US",
        "content_name": "ZS Q3 2024 Transcript",
        "file_type": "pdf",
        "content_type": "earnings_transcript",
        "published_date": "2024-05-30",
        "fiscal_date": "2024-05-30",
        "fiscal_year": 2024,
        "fiscal_quarter": 3,
        "r2_url": "https://pub-2c783279b61043e19fbdadd1bee5153a.r2.dev/ZS/2024-05-30/Zscaler%2C%20Inc._2024-05-30_transcript/Zscaler%2C%20Inc._2024-05-30_transcript.pdf%5CZscaler%2C%20Inc._2024-05-30_transcript.pdf",
        "periodicity": "periodic"
    },
    {
        "equity_ticker": "ZS",
        "geography": "US",
        "content_name": "ZS Q3 2024 Press Release",
        "file_type": "pdf",
        "content_type": "earnings_press_release",
        "published_date": "2024-05-30",
        "fiscal_date": "2024-05-30",
        "fiscal_year": 2024,
        "fiscal_quarter": 3,
        "r2_url": "https://pub-2c783279b61043e19fbdadd1bee5153a.r2.dev/ZS/2024-05-30/a6490-2024-05-30-08-49-07/a6490-2024-05-30-08-49-07.pdf%5Ca6490-2024-05-30-08-49-07.pdf",
        "periodicity": "periodic"
    },
    {
        "equity_ticker": "ZS",
        "geography": "US",
        "content_name": "ZS Q3 2024 Presentation",
        "file_type": "pdf",
        "content_type": "earnings_presentation",
        "published_date": "2024-05-30",
        "fiscal_date": "2024-05-30",
        "fiscal_year": 2024,
        "fiscal_quarter": 3,
        "r2_url": "https://pub-2c783279b61043e19fbdadd1bee5153a.r2.dev/ZS/2024-05-30/fd0eb-2024-12-03-03-51-34/fd0eb-2024-12-03-03-51-34.pdf%5Cfd0eb-2024-12-03-03-51-34.pdf",
        "periodicity": "periodic"
    },
    {
        "equity_ticker": "ZS",
        "geography": "US",
        "content_name": "Morgan Stanley\u2019s Technology, Media & Telecom Conference 2024 - March 6, 2024",
        "file_type": "pdf",
        "content_type": "sellside_conference_transcript",
        "published_date": "2024-03-06",
        "fiscal_date": "2024-03-06",
        "fiscal_year": null,
        "fiscal_quarter": null,
        "r2_url": "https://pub-2c783279b61043e19fbdadd1bee5153a.r2.dev/ZS/2024-03-06/Zscaler%2C%20Inc._2024-03-06_transcript/Zscaler%2C%20Inc._2024-03-06_transcript.pdf%5CZscaler%2C%20Inc._2024-03-06_transcript.pdf",
        "periodicity": "non_periodic"
    },
    {
        "equity_ticker": "ZS",
        "geography": "US",
        "content_name": "ZS Q2 2024 Transcript",
        "file_type": "pdf",
        "content_type": "earnings_transcript",
        "published_date": "2024-02-29",
        "fiscal_date": "2024-02-29",
        "fiscal_year": 2024,
        "fiscal_quarter": 2,
        "r2_url": "https://pub-2c783279b61043e19fbdadd1bee5153a.r2.dev/ZS/2024-02-29/Zscaler%2C%20Inc._2024-02-29_transcript/Zscaler%2C%20Inc._2024-02-29_transcript.pdf%5CZscaler%2C%20Inc._2024-02-29_transcript.pdf",
        "periodicity": "periodic"
    },
    {
        "equity_ticker": "ZS",
        "geography": "US",
        "content_name": "ZS Q2 2024 Press Release",
        "file_type": "pdf",
        "content_type": "earnings_press_release",
        "published_date": "2024-02-29",
        "fiscal_date": "2024-02-29",
        "fiscal_year": 2024,
        "fiscal_quarter": 2,
        "r2_url": "https://pub-2c783279b61043e19fbdadd1bee5153a.r2.dev/ZS/2024-02-29/4a064-2024-02-29-09-24-07/4a064-2024-02-29-09-24-07.pdf%5C4a064-2024-02-29-09-24-07.pdf",
        "periodicity": "periodic"
    },
    {
        "equity_ticker": "ZS",
        "geography": "US",
        "content_name": "ZS Q2 2024 Presentation",
        "file_type": "pdf",
        "content_type": "earnings_presentation",
        "published_date": "2024-02-29",
        "fiscal_date": "2024-02-29",
        "fiscal_year": 2024,
        "fiscal_quarter": 2,
        "r2_url": "https://pub-2c783279b61043e19fbdadd1bee5153a.r2.dev/ZS/2024-02-29/28526-2024-02-29-09-19-30/28526-2024-02-29-09-19-30.pdf%5C28526-2024-02-29-09-19-30.pdf",
        "periodicity": "periodic"
    },
    {
        "equity_ticker": "ZS",
        "geography": "US",
        "content_name": "2023 UBS Global Technology Conference - November 28, 2023",
        "file_type": "pdf",
        "content_type": "sellside_conference_transcript",
        "published_date": "2023-11-28",
        "fiscal_date": "2023-11-28",
        "fiscal_year": null,
        "fiscal_quarter": null,
        "r2_url": "https://pub-2c783279b61043e19fbdadd1bee5153a.r2.dev/ZS/2023-11-28/Zscaler%2C%20Inc._2023-11-28_transcript/Zscaler%2C%20Inc._2023-11-28_transcript.pdf%5CZscaler%2C%20Inc._2023-11-28_transcript.pdf",
        "periodicity": "non_periodic"
    },
    {
        "equity_ticker": "ZS",
        "geography": "US",
        "content_name": "ZS Q1 2024 Transcript",
        "file_type": "pdf",
        "content_type": "earnings_transcript",
        "published_date": "2023-11-27",
        "fiscal_date": "2023-11-27",
        "fiscal_year": 2024,
        "fiscal_quarter": 1,
        "r2_url": "https://pub-2c783279b61043e19fbdadd1bee5153a.r2.dev/ZS/2023-11-27/Zscaler%2C%20Inc._2023-11-27_transcript/Zscaler%2C%20Inc._2023-11-27_transcript.pdf%5CZscaler%2C%20Inc._2023-11-27_transcript.pdf",
        "periodicity": "periodic"
    },
    {
        "equity_ticker": "ZS",
        "geography": "US",
        "content_name": "ZS Q1 2024 Press Release",
        "file_type": "pdf",
        "content_type": "earnings_press_release",
        "published_date": "2023-11-27",
        "fiscal_date": "2023-11-27",
        "fiscal_year": 2024,
        "fiscal_quarter": 1,
        "r2_url": "https://pub-2c783279b61043e19fbdadd1bee5153a.r2.dev/ZS/2023-11-27/790ed-2023-11-27-09-36-08/790ed-2023-11-27-09-36-08.pdf%5C790ed-2023-11-27-09-36-08.pdf",
        "periodicity": "periodic"
    },
    {
        "equity_ticker": "ZS",
        "geography": "US",
        "content_name": "ZS Q1 2024 Presentation",
        "file_type": "pdf",
        "content_type": "earnings_presentation",
        "published_date": "2023-11-27",
        "fiscal_date": "2023-11-27",
        "fiscal_year": 2024,
        "fiscal_quarter": 1,
        "r2_url": "https://pub-2c783279b61043e19fbdadd1bee5153a.r2.dev/ZS/2023-11-27/0b342-2023-12-12-08-45-50/0b342-2023-12-12-08-45-50.pdf%5C0b342-2023-12-12-08-45-50.pdf",
        "periodicity": "periodic"
    },
    {
        "equity_ticker": "ZS",
        "geography": "US",
        "content_name": "Piper Sandler Growth Frontiers Conference - September 12, 2023",
        "file_type": "pdf",
        "content_type": "sellside_conference_transcript",
        "published_date": "2023-09-12",
        "fiscal_date": "2023-09-12",
        "fiscal_year": null,
        "fiscal_quarter": null,
        "r2_url": "https://pub-2c783279b61043e19fbdadd1bee5153a.r2.dev/ZS/2023-09-12/Zscaler%2C%20Inc._2023-09-12_transcript/Zscaler%2C%20Inc._2023-09-12_transcript.pdf%5CZscaler%2C%20Inc._2023-09-12_transcript.pdf",
        "periodicity": "non_periodic"
    },
    {
        "equity_ticker": "ZS",
        "geography": "US",
        "content_name": "Goldman Sachs Communacopia + Technology Conference - September 6, 2023",
        "file_type": "pdf",
        "content_type": "sellside_conference_transcript",
        "published_date": "2023-09-06",
        "fiscal_date": "2023-09-06",
        "fiscal_year": null,
        "fiscal_quarter": null,
        "r2_url": "https://pub-2c783279b61043e19fbdadd1bee5153a.r2.dev/ZS/2023-09-06/Zscaler%2C%20Inc._2023-09-06_transcript/Zscaler%2C%20Inc._2023-09-06_transcript.pdf%5CZscaler%2C%20Inc._2023-09-06_transcript.pdf",
        "periodicity": "non_periodic"
    },
    {
        "equity_ticker": "ZS",
        "geography": "US",
        "content_name": "ZS Q4 2023 Transcript",
        "file_type": "pdf",
        "content_type": "earnings_transcript",
        "published_date": "2023-09-05",
        "fiscal_date": "2023-09-05",
        "fiscal_year": 2023,
        "fiscal_quarter": 4,
        "r2_url": "https://pub-2c783279b61043e19fbdadd1bee5153a.r2.dev/ZS/2023-09-05/Zscaler%2C%20Inc._2023-09-05_transcript/Zscaler%2C%20Inc._2023-09-05_transcript.pdf%5CZscaler%2C%20Inc._2023-09-05_transcript.pdf",
        "periodicity": "periodic"
    },
    {
        "equity_ticker": "ZS",
        "geography": "US",
        "content_name": "ZS Q4 2023 Press Release",
        "file_type": "pdf",
        "content_type": "earnings_press_release",
        "published_date": "2023-09-05",
        "fiscal_date": "2023-09-05",
        "fiscal_year": 2023,
        "fiscal_quarter": 4,
        "r2_url": "https://pub-2c783279b61043e19fbdadd1bee5153a.r2.dev/ZS/2023-09-05/dcaa6-2023-09-05-08-35-08/dcaa6-2023-09-05-08-35-08.pdf%5Cdcaa6-2023-09-05-08-35-08.pdf",
        "periodicity": "periodic"
    },
    {
        "equity_ticker": "ZS",
        "geography": "US",
        "content_name": "ZS Q4 2023 Presentation",
        "file_type": "pdf",
        "content_type": "earnings_presentation",
        "published_date": "2023-09-05",
        "fiscal_date": "2023-09-05",
        "fiscal_year": 2023,
        "fiscal_quarter": 4,
        "r2_url": "https://pub-2c783279b61043e19fbdadd1bee5153a.r2.dev/ZS/2023-09-05/ad55d-2023-12-12-08-28-51/ad55d-2023-12-12-08-28-51.pdf%5Cad55d-2023-12-12-08-28-51.pdf",
        "periodicity": "periodic"
    },
    {
        "equity_ticker": "ZS",
        "geography": "US",
        "content_name": "Zenith Live 2023 - June 15, 2023",
        "file_type": "pdf",
        "content_type": "company_conference_transcript",
        "published_date": "2023-06-15",
        "fiscal_date": "2023-06-15",
        "fiscal_year": null,
        "fiscal_quarter": null,
        "r2_url": "https://pub-2c783279b61043e19fbdadd1bee5153a.r2.dev/ZS/2023-06-15/Zscaler%2C%20Inc._2023-06-15_transcript/Zscaler%2C%20Inc._2023-06-15_transcript.pdf%5CZscaler%2C%20Inc._2023-06-15_transcript.pdf",
        "periodicity": "non_periodic"
    },
    {
        "equity_ticker": "ZS",
        "geography": "US",
        "content_name": "Zenith Live 2023 - June 15, 2023",
        "file_type": "pdf",
        "content_type": "company_conference_presentation",
        "published_date": "2023-06-15",
        "fiscal_date": "2023-06-15",
        "fiscal_year": null,
        "fiscal_quarter": null,
        "r2_url": "https://pub-2c783279b61043e19fbdadd1bee5153a.r2.dev/ZS/2023-06-15/ccb7c-2023-06-15-10-42-49/ccb7c-2023-06-15-10-42-49.pdf%5Cccb7c-2023-06-15-10-42-49.pdf",
        "periodicity": "non_periodic"
    },
    {
        "equity_ticker": "ZS",
        "geography": "US",
        "content_name": "Bank of America 2023 Global Technology Conference - June 7, 2023",
        "file_type": "pdf",
        "content_type": "sellside_conference_transcript",
        "published_date": "2023-06-07",
        "fiscal_date": "2023-06-07",
        "fiscal_year": null,
        "fiscal_quarter": null,
        "r2_url": "https://pub-2c783279b61043e19fbdadd1bee5153a.r2.dev/ZS/2023-06-07/Zscaler%2C%20Inc._2023-06-07_transcript/Zscaler%2C%20Inc._2023-06-07_transcript.pdf%5CZscaler%2C%20Inc._2023-06-07_transcript.pdf",
        "periodicity": "non_periodic"
    },
    {
        "equity_ticker": "ZS",
        "geography": "US",
        "content_name": "ZS Q3 2023 Transcript",
        "file_type": "pdf",
        "content_type": "earnings_transcript",
        "published_date": "2023-06-01",
        "fiscal_date": "2023-06-01",
        "fiscal_year": 2023,
        "fiscal_quarter": 3,
        "r2_url": "https://pub-2c783279b61043e19fbdadd1bee5153a.r2.dev/ZS/2023-06-01/Zscaler%2C%20Inc._2023-06-01_transcript/Zscaler%2C%20Inc._2023-06-01_transcript.pdf%5CZscaler%2C%20Inc._2023-06-01_transcript.pdf",
        "periodicity": "periodic"
    },
    {
        "equity_ticker": "ZS",
        "geography": "US",
        "content_name": "ZS Q3 2023 Press Release",
        "file_type": "pdf",
        "content_type": "earnings_press_release",
        "published_date": "2023-06-01",
        "fiscal_date": "2023-06-01",
        "fiscal_year": 2023,
        "fiscal_quarter": 3,
        "r2_url": "https://pub-2c783279b61043e19fbdadd1bee5153a.r2.dev/ZS/2023-06-01/6d540-2023-06-01-08-11-07/6d540-2023-06-01-08-11-07.pdf%5C6d540-2023-06-01-08-11-07.pdf",
        "periodicity": "periodic"
    },
    {
        "equity_ticker": "ZS",
        "geography": "US",
        "content_name": "ZS Q3 2023 Presentation",
        "file_type": "pdf",
        "content_type": "earnings_presentation",
        "published_date": "2023-06-01",
        "fiscal_date": "2023-06-01",
        "fiscal_year": 2023,
        "fiscal_quarter": 3,
        "r2_url": "https://pub-2c783279b61043e19fbdadd1bee5153a.r2.dev/ZS/2023-06-01/7a7d2-2023-12-12-08-45-51/7a7d2-2023-12-12-08-45-51.pdf%5C7a7d2-2023-12-12-08-45-51.pdf",
        "periodicity": "periodic"
    },
    {
        "equity_ticker": "ZS",
        "geography": "US",
        "content_name": "Morgan Stanley Technology, Media & Telecom Conference - March 6, 2023",
        "file_type": "pdf",
        "content_type": "sellside_conference_transcript",
        "published_date": "2023-03-06",
        "fiscal_date": "2023-03-06",
        "fiscal_year": null,
        "fiscal_quarter": null,
        "r2_url": "https://pub-2c783279b61043e19fbdadd1bee5153a.r2.dev/ZS/2023-03-06/Zscaler%2C%20Inc._2023-03-06_transcript/Zscaler%2C%20Inc._2023-03-06_transcript.pdf%5CZscaler%2C%20Inc._2023-03-06_transcript.pdf",
        "periodicity": "non_periodic"
    },
    {
        "equity_ticker": "ZS",
        "geography": "US",
        "content_name": "ZS Q2 2023 Transcript",
        "file_type": "pdf",
        "content_type": "earnings_transcript",
        "published_date": "2023-03-02",
        "fiscal_date": "2023-03-02",
        "fiscal_year": 2023,
        "fiscal_quarter": 2,
        "r2_url": "https://pub-2c783279b61043e19fbdadd1bee5153a.r2.dev/ZS/2023-03-02/Zscaler%2C%20Inc._2023-03-02_transcript/Zscaler%2C%20Inc._2023-03-02_transcript.pdf%5CZscaler%2C%20Inc._2023-03-02_transcript.pdf",
        "periodicity": "periodic"
    },
    {
        "equity_ticker": "ZS",
        "geography": "US",
        "content_name": "ZS Q2 2023 Press Release",
        "file_type": "pdf",
        "content_type": "earnings_press_release",
        "published_date": "2023-03-02",
        "fiscal_date": "2023-03-02",
        "fiscal_year": 2023,
        "fiscal_quarter": 2,
        "r2_url": "https://pub-2c783279b61043e19fbdadd1bee5153a.r2.dev/ZS/2023-03-02/47c22-2023-03-02-09-24-11/47c22-2023-03-02-09-24-11.pdf%5C47c22-2023-03-02-09-24-11.pdf",
        "periodicity": "periodic"
    },
    {
        "equity_ticker": "ZS",
        "geography": "US",
        "content_name": "Needham Growth Conference - January 12, 2023",
        "file_type": "pdf",
        "content_type": "company_conference_transcript",
        "published_date": "2023-01-12",
        "fiscal_date": "2023-01-12",
        "fiscal_year": null,
        "fiscal_quarter": null,
        "r2_url": "https://pub-2c783279b61043e19fbdadd1bee5153a.r2.dev/ZS/2023-01-12/Zscaler%2C%20Inc._2023-01-12_transcript/Zscaler%2C%20Inc._2023-01-12_transcript.pdf%5CZscaler%2C%20Inc._2023-01-12_transcript.pdf",
        "periodicity": "non_periodic"
    },
    {
        "equity_ticker": "ZS",
        "geography": "US",
        "content_name": "ZS Q1 2023 Transcript",
        "file_type": "pdf",
        "content_type": "earnings_transcript",
        "published_date": "2022-12-01",
        "fiscal_date": "2022-12-01",
        "fiscal_year": 2023,
        "fiscal_quarter": 1,
        "r2_url": "https://pub-2c783279b61043e19fbdadd1bee5153a.r2.dev/ZS/2022-12-01/Zscaler%2C%20Inc._2022-12-01_transcript/Zscaler%2C%20Inc._2022-12-01_transcript.pdf%5CZscaler%2C%20Inc._2022-12-01_transcript.pdf",
        "periodicity": "periodic"
    },
    {
        "equity_ticker": "ZS",
        "geography": "US",
        "content_name": "ZS Q1 2023 Press Release",
        "file_type": "pdf",
        "content_type": "earnings_press_release",
        "published_date": "2022-12-01",
        "fiscal_date": "2022-12-01",
        "fiscal_year": 2023,
        "fiscal_quarter": 1,
        "r2_url": "https://pub-2c783279b61043e19fbdadd1bee5153a.r2.dev/ZS/2022-12-01/22435-2022-12-01-09-00-07/22435-2022-12-01-09-00-07.pdf%5C22435-2022-12-01-09-00-07.pdf",
        "periodicity": "periodic"
    },
    {
        "equity_ticker": "ZS",
        "geography": "US",
        "content_name": "ZS Q4 2022 Transcript",
        "file_type": "pdf",
        "content_type": "earnings_transcript",
        "published_date": "2022-09-08",
        "fiscal_date": "2022-09-08",
        "fiscal_year": 2022,
        "fiscal_quarter": 4,
        "r2_url": "https://pub-2c783279b61043e19fbdadd1bee5153a.r2.dev/ZS/2022-09-08/Zscaler%2C%20Inc._2022-09-08_transcript/Zscaler%2C%20Inc._2022-09-08_transcript.pdf%5CZscaler%2C%20Inc._2022-09-08_transcript.pdf",
        "periodicity": "periodic"
    },
    {
        "equity_ticker": "ZS",
        "geography": "US",
        "content_name": "ZS Q4 2022 Press Release",
        "file_type": "pdf",
        "content_type": "earnings_press_release",
        "published_date": "2022-09-08",
        "fiscal_date": "2022-09-08",
        "fiscal_year": 2022,
        "fiscal_quarter": 4,
        "r2_url": "https://pub-2c783279b61043e19fbdadd1bee5153a.r2.dev/ZS/2022-09-08/8e992-2022-09-08-08-04-08/8e992-2022-09-08-08-04-08.pdf%5C8e992-2022-09-08-08-04-08.pdf",
        "periodicity": "periodic"
    },
    {
        "equity_ticker": "ZS",
        "geography": "US",
        "content_name": "Zenith Live 2022 - June 22, 2022",
        "file_type": "pdf",
        "content_type": "company_conference_transcript",
        "published_date": "2022-06-22",
        "fiscal_date": "2022-06-22",
        "fiscal_year": null,
        "fiscal_quarter": null,
        "r2_url": "https://pub-2c783279b61043e19fbdadd1bee5153a.r2.dev/ZS/2022-06-22/Zscaler%2C%20Inc._2022-06-22_transcript/Zscaler%2C%20Inc._2022-06-22_transcript.pdf%5CZscaler%2C%20Inc._2022-06-22_transcript.pdf",
        "periodicity": "non_periodic"
    },
    {
        "equity_ticker": "ZS",
        "geography": "US",
        "content_name": "Zenith Live 2022 - June 22, 2022",
        "file_type": "pdf",
        "content_type": "company_conference_presentation",
        "published_date": "2022-06-22",
        "fiscal_date": "2022-06-22",
        "fiscal_year": null,
        "fiscal_quarter": null,
        "r2_url": "https://pub-2c783279b61043e19fbdadd1bee5153a.r2.dev/ZS/2022-06-22/e43d3-2022-08-31-03-38-59/e43d3-2022-08-31-03-38-59.pdf%5Ce43d3-2022-08-31-03-38-59.pdf",
        "periodicity": "non_periodic"
    },
    {
        "equity_ticker": "ZS",
        "geography": "US",
        "content_name": "ZS Q3 2022 Transcript",
        "file_type": "pdf",
        "content_type": "earnings_transcript",
        "published_date": "2022-05-26",
        "fiscal_date": "2022-05-26",
        "fiscal_year": 2022,
        "fiscal_quarter": 3,
        "r2_url": "https://pub-2c783279b61043e19fbdadd1bee5153a.r2.dev/ZS/2022-05-26/Zscaler%2C%20Inc._2022-05-26_transcript/Zscaler%2C%20Inc._2022-05-26_transcript.pdf%5CZscaler%2C%20Inc._2022-05-26_transcript.pdf",
        "periodicity": "periodic"
    },
    {
        "equity_ticker": "ZS",
        "geography": "US",
        "content_name": "ZS Q3 2022 Press Release",
        "file_type": "pdf",
        "content_type": "quarterly_report",
        "published_date": "2022-05-26",
        "fiscal_date": "2022-05-26",
        "fiscal_year": 2022,
        "fiscal_quarter": 3,
        "r2_url": "https://pub-2c783279b61043e19fbdadd1bee5153a.r2.dev/ZS/2022-05-26/ca5d4-2024-08-28-05-56-44/ca5d4-2024-08-28-05-56-44.pdf%5Cca5d4-2024-08-28-05-56-44.pdf",
        "periodicity": "periodic"
    },
    {
        "equity_ticker": "ZS",
        "geography": "US",
        "content_name": "ZS Q2 2022 Transcript",
        "file_type": "pdf",
        "content_type": "earnings_transcript",
        "published_date": "2022-02-24",
        "fiscal_date": "2022-02-24",
        "fiscal_year": 2022,
        "fiscal_quarter": 2,
        "r2_url": "https://pub-2c783279b61043e19fbdadd1bee5153a.r2.dev/ZS/2022-02-24/Zscaler%2C%20Inc._2022-02-24_transcript/Zscaler%2C%20Inc._2022-02-24_transcript.pdf%5CZscaler%2C%20Inc._2022-02-24_transcript.pdf",
        "periodicity": "periodic"
    },
    {
        "equity_ticker": "ZS",
        "geography": "US",
        "content_name": "ZS Q2 2022 Press Release",
        "file_type": "pdf",
        "content_type": "earnings_press_release",
        "published_date": "2022-02-24",
        "fiscal_date": "2022-02-24",
        "fiscal_year": 2022,
        "fiscal_quarter": 2,
        "r2_url": "https://pub-2c783279b61043e19fbdadd1bee5153a.r2.dev/ZS/2022-02-24/1f81d-2023-01-25-12-22-31/1f81d-2023-01-25-12-22-31.pdf%5C1f81d-2023-01-25-12-22-31.pdf",
        "periodicity": "periodic"
    },
    {
        "equity_ticker": "ZS",
        "geography": "US",
        "content_name": "AGM 2021 - January 5, 2022",
        "file_type": "pdf",
        "content_type": "company_conference_transcript",
        "published_date": "2022-01-05",
        "fiscal_date": "2022-01-05",
        "fiscal_year": null,
        "fiscal_quarter": null,
        "r2_url": "https://pub-2c783279b61043e19fbdadd1bee5153a.r2.dev/ZS/2022-01-05/Zscaler%2C%20Inc._2022-01-05_transcript/Zscaler%2C%20Inc._2022-01-05_transcript.pdf%5CZscaler%2C%20Inc._2022-01-05_transcript.pdf",
        "periodicity": "non_periodic"
    },
    {
        "equity_ticker": "ZS",
        "geography": "US",
        "content_name": "ZS Q1 2022 Transcript",
        "file_type": "pdf",
        "content_type": "earnings_transcript",
        "published_date": "2021-11-30",
        "fiscal_date": "2021-11-30",
        "fiscal_year": 2022,
        "fiscal_quarter": 1,
        "r2_url": "https://pub-2c783279b61043e19fbdadd1bee5153a.r2.dev/ZS/2021-11-30/Zscaler%2C%20Inc._2021-11-30_transcript/Zscaler%2C%20Inc._2021-11-30_transcript.pdf%5CZscaler%2C%20Inc._2021-11-30_transcript.pdf",
        "periodicity": "periodic"
    },
    {
        "equity_ticker": "ZS",
        "geography": "US",
        "content_name": "ZS Q1 2022 Press Release",
        "file_type": "pdf",
        "content_type": "earnings_press_release",
        "published_date": "2021-11-30",
        "fiscal_date": "2021-11-30",
        "fiscal_year": 2022,
        "fiscal_quarter": 1,
        "r2_url": "https://pub-2c783279b61043e19fbdadd1bee5153a.r2.dev/ZS/2021-11-30/d9648-2023-01-25-12-52-04/d9648-2023-01-25-12-52-04.pdf%5Cd9648-2023-01-25-12-52-04.pdf",
        "periodicity": "periodic"
    },
    {
        "equity_ticker": "ZS",
        "geography": "US",
        "content_name": "ZS Q4 2021 Transcript",
        "file_type": "pdf",
        "content_type": "earnings_transcript",
        "published_date": "2021-09-09",
        "fiscal_date": "2021-09-09",
        "fiscal_year": 2021,
        "fiscal_quarter": 4,
        "r2_url": "https://pub-2c783279b61043e19fbdadd1bee5153a.r2.dev/ZS/2021-09-09/Zscaler%2C%20Inc._2021-09-09_transcript/Zscaler%2C%20Inc._2021-09-09_transcript.pdf%5CZscaler%2C%20Inc._2021-09-09_transcript.pdf",
        "periodicity": "periodic"
    },
    {
        "equity_ticker": "ZS",
        "geography": "US",
        "content_name": "ZS Q4 2021 Press Release",
        "file_type": "pdf",
        "content_type": "earnings_press_release",
        "published_date": "2021-09-09",
        "fiscal_date": "2021-09-09",
        "fiscal_year": 2021,
        "fiscal_quarter": 4,
        "r2_url": "https://pub-2c783279b61043e19fbdadd1bee5153a.r2.dev/ZS/2021-09-09/fe07a-2023-01-25-08-03-56/fe07a-2023-01-25-08-03-56.pdf%5Cfe07a-2023-01-25-08-03-56.pdf",
        "periodicity": "periodic"
    },
    {
        "equity_ticker": "ZS",
        "geography": "US",
        "content_name": "ZS Q3 2021 Transcript",
        "file_type": "pdf",
        "content_type": "earnings_transcript",
        "published_date": "2021-05-25",
        "fiscal_date": "2021-05-25",
        "fiscal_year": 2021,
        "fiscal_quarter": 3,
        "r2_url": "https://pub-2c783279b61043e19fbdadd1bee5153a.r2.dev/ZS/2021-05-25/Zscaler%2C%20Inc._2021-05-25_transcript/Zscaler%2C%20Inc._2021-05-25_transcript.pdf%5CZscaler%2C%20Inc._2021-05-25_transcript.pdf",
        "periodicity": "periodic"
    },
    {
        "equity_ticker": "ZS",
        "geography": "US",
        "content_name": "ZS Q3 2021 Press Release",
        "file_type": "pdf",
        "content_type": "earnings_press_release",
        "published_date": "2021-05-25",
        "fiscal_date": "2021-05-25",
        "fiscal_year": 2021,
        "fiscal_quarter": 3,
        "r2_url": "https://pub-2c783279b61043e19fbdadd1bee5153a.r2.dev/ZS/2021-05-25/02dad-2023-01-25-09-48-58/02dad-2023-01-25-09-48-58.pdf%5C02dad-2023-01-25-09-48-58.pdf",
        "periodicity": "periodic"
    },
    {
        "equity_ticker": "ZS",
        "geography": "US",
        "content_name": "ZS Q2 2021 Transcript",
        "file_type": "pdf",
        "content_type": "earnings_transcript",
        "published_date": "2021-02-25",
        "fiscal_date": "2021-02-25",
        "fiscal_year": 2021,
        "fiscal_quarter": 2,
        "r2_url": "https://pub-2c783279b61043e19fbdadd1bee5153a.r2.dev/ZS/2021-02-25/Zscaler%2C%20Inc._2021-02-25_transcript/Zscaler%2C%20Inc._2021-02-25_transcript.pdf%5CZscaler%2C%20Inc._2021-02-25_transcript.pdf",
        "periodicity": "periodic"
    },
    {
        "equity_ticker": "ZS",
        "geography": "US",
        "content_name": "ZS Q2 2021 Press Release",
        "file_type": "pdf",
        "content_type": "earnings_press_release",
        "published_date": "2021-02-25",
        "fiscal_date": "2021-02-25",
        "fiscal_year": 2021,
        "fiscal_quarter": 2,
        "r2_url": "https://pub-2c783279b61043e19fbdadd1bee5153a.r2.dev/ZS/2021-02-25/cc1b8-2023-12-11-06-42-42/cc1b8-2023-12-11-06-42-42.pdf%5Ccc1b8-2023-12-11-06-42-42.pdf",
        "periodicity": "periodic"
    },
    {
        "equity_ticker": "ZS",
        "geography": "US",
        "content_name": "Analyst Day 2021 - January 11, 2021",
        "file_type": "pdf",
        "content_type": "company_conference_transcript",
        "published_date": "2021-01-11",
        "fiscal_date": "2021-01-11",
        "fiscal_year": null,
        "fiscal_quarter": null,
        "r2_url": "https://pub-2c783279b61043e19fbdadd1bee5153a.r2.dev/ZS/2021-01-11/Zscaler%2C%20Inc._2021-01-11_transcript/Zscaler%2C%20Inc._2021-01-11_transcript.pdf%5CZscaler%2C%20Inc._2021-01-11_transcript.pdf",
        "periodicity": "non_periodic"
    },
    {
        "equity_ticker": "ZS",
        "geography": "US",
        "content_name": "Analyst Day 2021 - January 11, 2021",
        "file_type": "pdf",
        "content_type": "company_conference_presentation",
        "published_date": "2021-01-11",
        "fiscal_date": "2021-01-11",
        "fiscal_year": null,
        "fiscal_quarter": null,
        "r2_url": "https://pub-2c783279b61043e19fbdadd1bee5153a.r2.dev/ZS/2021-01-11/b92f7-2022-06-22-10-41-19/b92f7-2022-06-22-10-41-19.pdf%5Cb92f7-2022-06-22-10-41-19.pdf",
        "periodicity": "non_periodic"
    },
    {
        "equity_ticker": "ZS",
        "geography": "US",
        "content_name": "AGM 2021 - January 6, 2021",
        "file_type": "pdf",
        "content_type": "company_conference_transcript",
        "published_date": "2021-01-06",
        "fiscal_date": "2021-01-06",
        "fiscal_year": null,
        "fiscal_quarter": null,
        "r2_url": "https://pub-2c783279b61043e19fbdadd1bee5153a.r2.dev/ZS/2021-01-06/Zscaler%2C%20Inc._2021-01-06_transcript/Zscaler%2C%20Inc._2021-01-06_transcript.pdf%5CZscaler%2C%20Inc._2021-01-06_transcript.pdf",
        "periodicity": "non_periodic"
    },
    {
        "equity_ticker": "ZS",
        "geography": "US",
        "content_name": "Innovation Update - December 9, 2020",
        "file_type": "pdf",
        "content_type": "company_conference_transcript",
        "published_date": "2020-12-09",
        "fiscal_date": "2020-12-09",
        "fiscal_year": null,
        "fiscal_quarter": null,
        "r2_url": "https://pub-2c783279b61043e19fbdadd1bee5153a.r2.dev/ZS/2020-12-09/Zscaler%2C%20Inc._2020-12-09_transcript/Zscaler%2C%20Inc._2020-12-09_transcript.pdf%5CZscaler%2C%20Inc._2020-12-09_transcript.pdf",
        "periodicity": "non_periodic"
    },
    {
        "equity_ticker": "ZS",
        "geography": "US",
        "content_name": "Innovation Update - December 9, 2020",
        "file_type": "pdf",
        "content_type": "company_conference_presentation",
        "published_date": "2020-12-09",
        "fiscal_date": "2020-12-09",
        "fiscal_year": null,
        "fiscal_quarter": null,
        "r2_url": "https://pub-2c783279b61043e19fbdadd1bee5153a.r2.dev/ZS/2020-12-09/844fe-2023-12-11-06-03-46/844fe-2023-12-11-06-03-46.pdf%5C844fe-2023-12-11-06-03-46.pdf",
        "periodicity": "non_periodic"
    },
    {
        "equity_ticker": "ZS",
        "geography": "US",
        "content_name": "ZS Q1 2021 Transcript",
        "file_type": "pdf",
        "content_type": "earnings_transcript",
        "published_date": "2020-12-02",
        "fiscal_date": "2020-12-02",
        "fiscal_year": 2021,
        "fiscal_quarter": 1,
        "r2_url": "https://pub-2c783279b61043e19fbdadd1bee5153a.r2.dev/ZS/2020-12-02/Zscaler%2C%20Inc._2020-12-02_transcript/Zscaler%2C%20Inc._2020-12-02_transcript.pdf%5CZscaler%2C%20Inc._2020-12-02_transcript.pdf",
        "periodicity": "periodic"
    },
    {
        "equity_ticker": "ZS",
        "geography": "US",
        "content_name": "ZS Q1 2021 Press Release",
        "file_type": "pdf",
        "content_type": "earnings_press_release",
        "published_date": "2020-12-02",
        "fiscal_date": "2020-12-02",
        "fiscal_year": 2021,
        "fiscal_quarter": 1,
        "r2_url": "https://pub-2c783279b61043e19fbdadd1bee5153a.r2.dev/ZS/2020-12-02/c9c92-2023-12-11-06-50-46/c9c92-2023-12-11-06-50-46.pdf%5Cc9c92-2023-12-11-06-50-46.pdf",
        "periodicity": "periodic"
    },
    {
        "equity_ticker": "ZS",
        "geography": "US",
        "content_name": "ZS Q4 2020 Transcript",
        "file_type": "pdf",
        "content_type": "earnings_transcript",
        "published_date": "2020-09-09",
        "fiscal_date": "2020-09-09",
        "fiscal_year": 2020,
        "fiscal_quarter": 4,
        "r2_url": "https://pub-2c783279b61043e19fbdadd1bee5153a.r2.dev/ZS/2020-09-09/Zscaler%2C%20Inc._2020-09-09_transcript/Zscaler%2C%20Inc._2020-09-09_transcript.pdf%5CZscaler%2C%20Inc._2020-09-09_transcript.pdf",
        "periodicity": "periodic"
    },
    {
        "equity_ticker": "ZS",
        "geography": "US",
        "content_name": "ZS Q4 2020 Press Release",
        "file_type": "pdf",
        "content_type": "earnings_press_release",
        "published_date": "2020-09-09",
        "fiscal_date": "2020-09-09",
        "fiscal_year": 2020,
        "fiscal_quarter": 4,
        "r2_url": "https://pub-2c783279b61043e19fbdadd1bee5153a.r2.dev/ZS/2020-09-09/dac7a-2023-12-11-06-00-48/dac7a-2023-12-11-06-00-48.pdf%5Cdac7a-2023-12-11-06-00-48.pdf",
        "periodicity": "periodic"
    },
    {
        "equity_ticker": "ZS",
        "geography": "US",
        "content_name": "ZS Q3 2020 Transcript",
        "file_type": "pdf",
        "content_type": "earnings_transcript",
        "published_date": "2020-05-28",
        "fiscal_date": "2020-05-28",
        "fiscal_year": 2020,
        "fiscal_quarter": 3,
        "r2_url": "https://pub-2c783279b61043e19fbdadd1bee5153a.r2.dev/ZS/2020-05-28/Zscaler%2C%20Inc._2020-05-28_transcript/Zscaler%2C%20Inc._2020-05-28_transcript.pdf%5CZscaler%2C%20Inc._2020-05-28_transcript.pdf",
        "periodicity": "periodic"
    },
    {
        "equity_ticker": "ZS",
        "geography": "US",
        "content_name": "ZS Q3 2020 Press Release",
        "file_type": "pdf",
        "content_type": "earnings_press_release",
        "published_date": "2020-05-28",
        "fiscal_date": "2020-05-28",
        "fiscal_year": 2020,
        "fiscal_quarter": 3,
        "r2_url": "https://pub-2c783279b61043e19fbdadd1bee5153a.r2.dev/ZS/2020-05-28/d0548-2023-12-11-06-48-48/d0548-2023-12-11-06-48-48.pdf%5Cd0548-2023-12-11-06-48-48.pdf",
        "periodicity": "periodic"
    },
    {
        "equity_ticker": "ZS",
        "geography": "US",
        "content_name": "ZS Q2 2020 Transcript",
        "file_type": "pdf",
        "content_type": "earnings_transcript",
        "published_date": "2020-02-20",
        "fiscal_date": "2020-02-20",
        "fiscal_year": 2020,
        "fiscal_quarter": 2,
        "r2_url": "https://pub-2c783279b61043e19fbdadd1bee5153a.r2.dev/ZS/2020-02-20/Zscaler%2C%20Inc._2020-02-20_transcript/Zscaler%2C%20Inc._2020-02-20_transcript.pdf%5CZscaler%2C%20Inc._2020-02-20_transcript.pdf",
        "periodicity": "periodic"
    },
    {
        "equity_ticker": "ZS",
        "geography": "US",
        "content_name": "ZS Q2 2020 Press Release",
        "file_type": "pdf",
        "content_type": "earnings_press_release",
        "published_date": "2020-02-20",
        "fiscal_date": "2020-02-20",
        "fiscal_year": 2020,
        "fiscal_quarter": 2,
        "r2_url": "https://pub-2c783279b61043e19fbdadd1bee5153a.r2.dev/ZS/2020-02-20/18f97-2023-12-11-06-10-50/18f97-2023-12-11-06-10-50.pdf%5C18f97-2023-12-11-06-10-50.pdf",
        "periodicity": "periodic"
    },
    {
        "equity_ticker": "ZS",
        "geography": "US",
        "content_name": "AGM 2020 - January 10, 2020",
        "file_type": "pdf",
        "content_type": "company_conference_transcript",
        "published_date": "2020-01-10",
        "fiscal_date": "2020-01-10",
        "fiscal_year": null,
        "fiscal_quarter": null,
        "r2_url": "https://pub-2c783279b61043e19fbdadd1bee5153a.r2.dev/ZS/2020-01-10/Zscaler%2C%20Inc._2020-01-10_transcript/Zscaler%2C%20Inc._2020-01-10_transcript.pdf%5CZscaler%2C%20Inc._2020-01-10_transcript.pdf",
        "periodicity": "non_periodic"
    },
    {
        "equity_ticker": "ZS",
        "geography": "US",
        "content_name": "ZS Q1 2020 Transcript",
        "file_type": "pdf",
        "content_type": "earnings_transcript",
        "published_date": "2019-12-03",
        "fiscal_date": "2019-12-03",
        "fiscal_year": 2020,
        "fiscal_quarter": 1,
        "r2_url": "https://pub-2c783279b61043e19fbdadd1bee5153a.r2.dev/ZS/2019-12-03/Zscaler%2C%20Inc._2019-12-03_transcript/Zscaler%2C%20Inc._2019-12-03_transcript.pdf%5CZscaler%2C%20Inc._2019-12-03_transcript.pdf",
        "periodicity": "periodic"
    },
    {
        "equity_ticker": "ZS",
        "geography": "US",
        "content_name": "ZS Q1 2020 Press Release",
        "file_type": "pdf",
        "content_type": "earnings_press_release",
        "published_date": "2019-12-03",
        "fiscal_date": "2019-12-03",
        "fiscal_year": 2020,
        "fiscal_quarter": 1,
        "r2_url": "https://pub-2c783279b61043e19fbdadd1bee5153a.r2.dev/ZS/2019-12-03/a2a1a-2023-12-11-06-35-51/a2a1a-2023-12-11-06-35-51.pdf%5Ca2a1a-2023-12-11-06-35-51.pdf",
        "periodicity": "periodic"
    },
    {
        "equity_ticker": "ZS",
        "geography": "US",
        "content_name": "Analyst Day 2019 - September 17, 2019",
        "file_type": "pdf",
        "content_type": "company_conference_transcript",
        "published_date": "2019-09-17",
        "fiscal_date": "2019-09-17",
        "fiscal_year": null,
        "fiscal_quarter": null,
        "r2_url": "https://pub-2c783279b61043e19fbdadd1bee5153a.r2.dev/ZS/2019-09-17/Zscaler%2C%20Inc._2019-09-17_transcript/Zscaler%2C%20Inc._2019-09-17_transcript.pdf%5CZscaler%2C%20Inc._2019-09-17_transcript.pdf",
        "periodicity": "non_periodic"
    },
    {
        "equity_ticker": "ZS",
        "geography": "US",
        "content_name": "Analyst Day 2019 - September 17, 2019",
        "file_type": "pdf",
        "content_type": "company_conference_presentation",
        "published_date": "2019-09-17",
        "fiscal_date": "2019-09-17",
        "fiscal_year": null,
        "fiscal_quarter": null,
        "r2_url": "https://pub-2c783279b61043e19fbdadd1bee5153a.r2.dev/ZS/2019-09-17/ff11d-2022-06-22-10-48-17/ff11d-2022-06-22-10-48-17.pdf%5Cff11d-2022-06-22-10-48-17.pdf",
        "periodicity": "non_periodic"
    },
    {
        "equity_ticker": "ZS",
        "geography": "US",
        "content_name": "ZS Q4 2019 Transcript",
        "file_type": "pdf",
        "content_type": "earnings_transcript",
        "published_date": "2019-09-10",
        "fiscal_date": "2019-09-10",
        "fiscal_year": 2019,
        "fiscal_quarter": 4,
        "r2_url": "https://pub-2c783279b61043e19fbdadd1bee5153a.r2.dev/ZS/2019-09-10/Zscaler%2C%20Inc._2019-09-10_transcript/Zscaler%2C%20Inc._2019-09-10_transcript.pdf%5CZscaler%2C%20Inc._2019-09-10_transcript.pdf",
        "periodicity": "periodic"
    },
    {
        "equity_ticker": "ZS",
        "geography": "US",
        "content_name": "ZS Q4 2019 Press Release",
        "file_type": "pdf",
        "content_type": "earnings_press_release",
        "published_date": "2019-09-10",
        "fiscal_date": "2019-09-10",
        "fiscal_year": 2019,
        "fiscal_quarter": 4,
        "r2_url": "https://pub-2c783279b61043e19fbdadd1bee5153a.r2.dev/ZS/2019-09-10/7ed55-2023-12-11-06-48-56/7ed55-2023-12-11-06-48-56.pdf%5C7ed55-2023-12-11-06-48-56.pdf",
        "periodicity": "periodic"
    },
    {
        "equity_ticker": "ZS",
        "geography": "US",
        "content_name": "ZS Q3 2019 Transcript",
        "file_type": "pdf",
        "content_type": "earnings_transcript",
        "published_date": "2019-05-30",
        "fiscal_date": "2019-05-30",
        "fiscal_year": 2019,
        "fiscal_quarter": 3,
        "r2_url": "https://pub-2c783279b61043e19fbdadd1bee5153a.r2.dev/ZS/2019-05-30/Zscaler%2C%20Inc._2019-05-30_transcript/Zscaler%2C%20Inc._2019-05-30_transcript.pdf%5CZscaler%2C%20Inc._2019-05-30_transcript.pdf",
        "periodicity": "periodic"
    },
    {
        "equity_ticker": "ZS",
        "geography": "US",
        "content_name": "ZS Q3 2019 Press Release",
        "file_type": "pdf",
        "content_type": "earnings_press_release",
        "published_date": "2019-05-30",
        "fiscal_date": "2019-05-30",
        "fiscal_year": 2019,
        "fiscal_quarter": 3,
        "r2_url": "https://pub-2c783279b61043e19fbdadd1bee5153a.r2.dev/ZS/2019-05-30/5ccee-2023-12-11-06-50-57/5ccee-2023-12-11-06-50-57.pdf%5C5ccee-2023-12-11-06-50-57.pdf",
        "periodicity": "periodic"
    },
    {
        "equity_ticker": "ZS",
        "geography": "US",
        "content_name": "ZS Q2 2019 Transcript",
        "file_type": "pdf",
        "content_type": "earnings_transcript",
        "published_date": "2019-02-28",
        "fiscal_date": "2019-02-28",
        "fiscal_year": 2019,
        "fiscal_quarter": 2,
        "r2_url": "https://pub-2c783279b61043e19fbdadd1bee5153a.r2.dev/ZS/2019-02-28/Zscaler%2C%20Inc._2019-02-28_transcript/Zscaler%2C%20Inc._2019-02-28_transcript.pdf%5CZscaler%2C%20Inc._2019-02-28_transcript.pdf",
        "periodicity": "periodic"
    },
    {
        "equity_ticker": "ZS",
        "geography": "US",
        "content_name": "ZS Q2 2019 Press Release",
        "file_type": "pdf",
        "content_type": "earnings_press_release",
        "published_date": "2019-02-28",
        "fiscal_date": "2019-02-28",
        "fiscal_year": 2019,
        "fiscal_quarter": 2,
        "r2_url": "https://pub-2c783279b61043e19fbdadd1bee5153a.r2.dev/ZS/2019-02-28/311ea-2023-12-11-06-48-58/311ea-2023-12-11-06-48-58.pdf%5C311ea-2023-12-11-06-48-58.pdf",
        "periodicity": "periodic"
    },
    {
        "equity_ticker": "ZS",
        "geography": "US",
        "content_name": "AGM 2018 - December 18, 2018",
        "file_type": "pdf",
        "content_type": "company_conference_transcript",
        "published_date": "2018-12-18",
        "fiscal_date": "2018-12-18",
        "fiscal_year": null,
        "fiscal_quarter": null,
        "r2_url": "https://pub-2c783279b61043e19fbdadd1bee5153a.r2.dev/ZS/2018-12-18/Zscaler%2C%20Inc._2018-12-18_transcript/Zscaler%2C%20Inc._2018-12-18_transcript.pdf%5CZscaler%2C%20Inc._2018-12-18_transcript.pdf",
        "periodicity": "non_periodic"
    },
    {
        "equity_ticker": "ZS",
        "geography": "US",
        "content_name": "ZS Q1 2019 Transcript",
        "file_type": "pdf",
        "content_type": "earnings_transcript",
        "published_date": "2018-12-04",
        "fiscal_date": "2018-12-04",
        "fiscal_year": 2019,
        "fiscal_quarter": 1,
        "r2_url": "https://pub-2c783279b61043e19fbdadd1bee5153a.r2.dev/ZS/2018-12-04/Zscaler%2C%20Inc._2018-12-04_transcript/Zscaler%2C%20Inc._2018-12-04_transcript.pdf%5CZscaler%2C%20Inc._2018-12-04_transcript.pdf",
        "periodicity": "periodic"
    },
    {
        "equity_ticker": "ZS",
        "geography": "US",
        "content_name": "ZS Q1 2019 Press Release",
        "file_type": "pdf",
        "content_type": "earnings_press_release",
        "published_date": "2018-12-04",
        "fiscal_date": "2018-12-04",
        "fiscal_year": 2019,
        "fiscal_quarter": 1,
        "r2_url": "https://pub-2c783279b61043e19fbdadd1bee5153a.r2.dev/ZS/2018-12-04/2e500-2023-12-11-07-46-00/2e500-2023-12-11-07-46-00.pdf%5C2e500-2023-12-11-07-46-00.pdf",
        "periodicity": "periodic"
    },
    {
        "equity_ticker": "ZS",
        "geography": "US",
        "content_name": "ZS Q4 2018 Transcript",
        "file_type": "pdf",
        "content_type": "earnings_transcript",
        "published_date": "2018-09-05",
        "fiscal_date": "2018-09-05",
        "fiscal_year": 2018,
        "fiscal_quarter": 4,
        "r2_url": "https://pub-2c783279b61043e19fbdadd1bee5153a.r2.dev/ZS/2018-09-05/Zscaler%2C%20Inc._2018-09-05_transcript/Zscaler%2C%20Inc._2018-09-05_transcript.pdf%5CZscaler%2C%20Inc._2018-09-05_transcript.pdf",
        "periodicity": "periodic"
    },
    {
        "equity_ticker": "ZS",
        "geography": "US",
        "content_name": "ZS Q4 2018 Press Release",
        "file_type": "pdf",
        "content_type": "earnings_press_release",
        "published_date": "2018-09-05",
        "fiscal_date": "2018-09-05",
        "fiscal_year": 2018,
        "fiscal_quarter": 4,
        "r2_url": "https://pub-2c783279b61043e19fbdadd1bee5153a.r2.dev/ZS/2018-09-05/9fe95-2023-12-11-07-30-01/9fe95-2023-12-11-07-30-01.pdf%5C9fe95-2023-12-11-07-30-01.pdf",
        "periodicity": "periodic"
    },
    {
        "equity_ticker": "ZS",
        "geography": "US",
        "content_name": "ZS Q3 2018 Transcript",
        "file_type": "pdf",
        "content_type": "earnings_transcript",
        "published_date": "2018-06-06",
        "fiscal_date": "2018-06-06",
        "fiscal_year": 2018,
        "fiscal_quarter": 3,
        "r2_url": "https://pub-2c783279b61043e19fbdadd1bee5153a.r2.dev/ZS/2018-06-06/Zscaler%2C%20Inc._2018-06-06_transcript/Zscaler%2C%20Inc._2018-06-06_transcript.pdf%5CZscaler%2C%20Inc._2018-06-06_transcript.pdf",
        "periodicity": "periodic"
    },
    {
        "equity_ticker": "ZS",
        "geography": "US",
        "content_name": "ZS Q3 2018 Press Release",
        "file_type": "pdf",
        "content_type": "earnings_press_release",
        "published_date": "2018-06-06",
        "fiscal_date": "2018-06-06",
        "fiscal_year": 2018,
        "fiscal_quarter": 3,
        "r2_url": "https://pub-2c783279b61043e19fbdadd1bee5153a.r2.dev/ZS/2018-06-06/74199-2023-12-11-07-13-02/74199-2023-12-11-07-13-02.pdf%5C74199-2023-12-11-07-13-02.pdf",
        "periodicity": "periodic"
    },
    {
        "equity_ticker": "ZS",
        "geography": "US",
        "content_name": "ZS Q2 2025 10-Q",
        "file_type": "pdf",
        "content_type": "quarterly_report",
        "published_date": "2025-03-10",
        "fiscal_date": "2025-01-31",
        "fiscal_year": 2025,
        "fiscal_quarter": 2,
        "r2_url": "https://pub-2c783279b61043e19fbdadd1bee5153a.r2.dev/ZS/2025-03-10/zs-20250131.htm%5Czs-20250131.pdf",
        "periodicity": "periodic"
      },
      {
        "equity_ticker": "ZS",
        "geography": "US",
        "content_name": "ZS Q1 2025 10-Q",
        "file_type": "pdf",
        "content_type": "quarterly_report",
        "published_date": "2024-12-05",
        "fiscal_date": "2024-10-31",
        "fiscal_year": 2025,
        "fiscal_quarter": 1,
        "r2_url": "https://pub-2c783279b61043e19fbdadd1bee5153a.r2.dev/ZS/2024-12-05/zs-20241031.htm%5Czs-20241031.pdf",
        "periodicity": "periodic"
      },
      {
        "equity_ticker": "ZS",
        "geography": "US",
        "content_name": "ZS Q4 2024 10-K",
        "file_type": "pdf",
        "content_type": "annual_report",
        "published_date": "2024-09-12",
        "fiscal_date": "2024-07-31",
        "fiscal_year": 2024,
        "fiscal_quarter": 4,
        "r2_url": "https://pub-2c783279b61043e19fbdadd1bee5153a.r2.dev/ZS/2024-09-12/zs-20240731.htm%5Czs-20240731.pdf",
        "periodicity": "periodic"
      },
      {
        "equity_ticker": "ZS",
        "geography": "US",
        "content_name": "ZS Q3 2024 10-Q",
        "file_type": "pdf",
        "content_type": "quarterly_report",
        "published_date": "2024-06-07",
        "fiscal_date": "2024-04-30",
        "fiscal_year": 2024,
        "fiscal_quarter": 3,
        "r2_url": "https://pub-2c783279b61043e19fbdadd1bee5153a.r2.dev/ZS/2024-06-07/zs-20240430.htm%5Czs-20240430.pdf",
        "periodicity": "periodic"
      },
      {
        "equity_ticker": "ZS",
        "geography": "US",
        "content_name": "ZS Q2 2024 10-Q",
        "file_type": "pdf",
        "content_type": "quarterly_report",
        "published_date": "2024-03-06",
        "fiscal_date": "2024-01-31",
        "fiscal_year": 2024,
        "fiscal_quarter": 2,
        "r2_url": "https://pub-2c783279b61043e19fbdadd1bee5153a.r2.dev/ZS/2024-03-06/zs-20240131.htm%5Czs-20240131.pdf",
        "periodicity": "periodic"
      },
      {
        "equity_ticker": "ZS",
        "geography": "US",
        "content_name": "ZS Q1 2024 10-Q",
        "file_type": "pdf",
        "content_type": "quarterly_report",
        "published_date": "2023-12-06",
        "fiscal_date": "2023-10-31",
        "fiscal_year": 2024,
        "fiscal_quarter": 1,
        "r2_url": "https://pub-2c783279b61043e19fbdadd1bee5153a.r2.dev/ZS/2023-12-06/zs-20231031.htm%5Czs-20231031.pdf",
        "periodicity": "periodic"
      },
      {
        "equity_ticker": "ZS",
        "geography": "US",
        "content_name": "ZS Q4 2023 10-K",
        "file_type": "pdf",
        "content_type": "annual_report",
        "published_date": "2023-09-14",
        "fiscal_date": "2023-07-31",
        "fiscal_year": 2023,
        "fiscal_quarter": 4,
        "r2_url": "https://pub-2c783279b61043e19fbdadd1bee5153a.r2.dev/ZS/2023-09-14/zs-20230731.htm%5Czs-20230731.pdf",
        "periodicity": "periodic"
      },
      {
        "equity_ticker": "ZS",
        "geography": "US",
        "content_name": "ZS Q3 2023 10-Q",
        "file_type": "pdf",
        "content_type": "quarterly_report",
        "published_date": "2023-06-07",
        "fiscal_date": "2023-04-30",
        "fiscal_year": 2023,
        "fiscal_quarter": 3,
        "r2_url": "https://pub-2c783279b61043e19fbdadd1bee5153a.r2.dev/ZS/2023-06-07/zs-20230430.htm%5Czs-20230430.pdf",
        "periodicity": "periodic"
      },
      {
        "equity_ticker": "ZS",
        "geography": "US",
        "content_name": "ZS Q2 2023 10-Q",
        "file_type": "pdf",
        "content_type": "quarterly_report",
        "published_date": "2023-03-08",
        "fiscal_date": "2023-01-31",
        "fiscal_year": 2023,
        "fiscal_quarter": 2,
        "r2_url": "https://pub-2c783279b61043e19fbdadd1bee5153a.r2.dev/ZS/2023-03-08/zs-20230131.htm%5Czs-20230131.pdf",
        "periodicity": "periodic"
      },
      {
        "equity_ticker": "ZS",
        "geography": "US",
        "content_name": "ZS Q1 2023 10-Q",
        "file_type": "pdf",
        "content_type": "quarterly_report",
        "published_date": "2022-12-07",
        "fiscal_date": "2022-10-31",
        "fiscal_year": 2023,
        "fiscal_quarter": 1,
        "r2_url": "https://pub-2c783279b61043e19fbdadd1bee5153a.r2.dev/ZS/2022-12-07/zs-20221031.htm%5Czs-20221031.pdf",
        "periodicity": "periodic"
      },
      {
        "equity_ticker": "ZS",
        "geography": "US",
        "content_name": "ZS Q4 2022 10-K",
        "file_type": "pdf",
        "content_type": "annual_report",
        "published_date": "2022-09-15",
        "fiscal_date": "2022-07-31",
        "fiscal_year": 2022,
        "fiscal_quarter": 4,
        "r2_url": "https://pub-2c783279b61043e19fbdadd1bee5153a.r2.dev/ZS/2022-09-15/zs-20220731.htm%5Czs-20220731.pdf",
        "periodicity": "periodic"
      },
      {
        "equity_ticker": "ZS",
        "geography": "US",
        "content_name": "ZS Q3 2022 10-Q",
        "file_type": "pdf",
        "content_type": "quarterly_report",
        "published_date": "2022-06-09",
        "fiscal_date": "2022-04-30",
        "fiscal_year": 2022,
        "fiscal_quarter": 3,
        "r2_url": "https://pub-2c783279b61043e19fbdadd1bee5153a.r2.dev/ZS/2022-06-09/zs-20220430.htm%5Czs-20220430.pdf",
        "periodicity": "periodic"
      },
      {
        "equity_ticker": "ZS",
        "geography": "US",
        "content_name": "ZS Q2 2022 10-Q",
        "file_type": "pdf",
        "content_type": "quarterly_report",
        "published_date": "2022-03-09",
        "fiscal_date": "2022-01-31",
        "fiscal_year": 2022,
        "fiscal_quarter": 2,
        "r2_url": "https://pub-2c783279b61043e19fbdadd1bee5153a.r2.dev/ZS/2022-03-09/zs-20220131.htm%5Czs-20220131.pdf",
        "periodicity": "periodic"
      },
      {
        "equity_ticker": "ZS",
        "geography": "US",
        "content_name": "ZS Q1 2022 10-Q",
        "file_type": "pdf",
        "content_type": "quarterly_report",
        "published_date": "2021-12-08",
        "fiscal_date": "2021-10-31",
        "fiscal_year": 2022,
        "fiscal_quarter": 1,
        "r2_url": "https://pub-2c783279b61043e19fbdadd1bee5153a.r2.dev/ZS/2021-12-08/zs-20211031.htm%5Czs-20211031.pdf",
        "periodicity": "periodic"
      },
      {
        "equity_ticker": "ZS",
        "geography": "US",
        "content_name": "ZS Q4 2021 10-K",
        "file_type": "pdf",
        "content_type": "annual_report",
        "published_date": "2021-09-16",
        "fiscal_date": "2021-07-31",
        "fiscal_year": 2021,
        "fiscal_quarter": 4,
        "r2_url": "https://pub-2c783279b61043e19fbdadd1bee5153a.r2.dev/ZS/2021-09-16/zs-20210731.htm%5Czs-20210731.pdf",
        "periodicity": "periodic"
      },
      {
        "equity_ticker": "ZS",
        "geography": "US",
        "content_name": "ZS Q3 2021 10-Q",
        "file_type": "pdf",
        "content_type": "quarterly_report",
        "published_date": "2021-06-03",
        "fiscal_date": "2021-04-30",
        "fiscal_year": 2021,
        "fiscal_quarter": 3,
        "r2_url": "https://pub-2c783279b61043e19fbdadd1bee5153a.r2.dev/ZS/2021-06-03/zs-20210430.htm%5Czs-20210430.pdf",
        "periodicity": "periodic"
      },
      {
        "equity_ticker": "ZS",
        "geography": "US",
        "content_name": "ZS Q2 2021 10-Q",
        "file_type": "pdf",
        "content_type": "quarterly_report",
        "published_date": "2021-03-04",
        "fiscal_date": "2021-01-31",
        "fiscal_year": 2021,
        "fiscal_quarter": 2,
        "r2_url": "https://pub-2c783279b61043e19fbdadd1bee5153a.r2.dev/ZS/2021-03-04/zs-20210131.htm%5Czs-20210131.pdf",
        "periodicity": "periodic"
      },
      {
        "equity_ticker": "ZS",
        "geography": "US",
        "content_name": "ZS Q1 2021 10-Q",
        "file_type": "pdf",
        "content_type": "quarterly_report",
        "published_date": "2020-12-08",
        "fiscal_date": "2020-10-31",
        "fiscal_year": 2021,
        "fiscal_quarter": 1,
        "r2_url": "https://pub-2c783279b61043e19fbdadd1bee5153a.r2.dev/ZS/2020-12-08/zs-20201031.htm%5Czs-20201031.pdf",
        "periodicity": "periodic"
      },
      {
        "equity_ticker": "ZS",
        "geography": "US",
        "content_name": "ZS Q4 2020 10-K",
        "file_type": "pdf",
        "content_type": "annual_report",
        "published_date": "2020-09-17",
        "fiscal_date": "2020-07-31",
        "fiscal_year": 2020,
        "fiscal_quarter": 4,
        "r2_url": "https://pub-2c783279b61043e19fbdadd1bee5153a.r2.dev/ZS/2020-09-17/zs-20200731.htm%5Cix.pdf",
        "periodicity": "periodic"
      },
      {
        "equity_ticker": "ZS",
        "geography": "US",
        "content_name": "ZS Q3 2020 10-Q",
        "file_type": "pdf",
        "content_type": "quarterly_report",
        "published_date": "2020-06-03",
        "fiscal_date": "2020-04-30",
        "fiscal_year": 2020,
        "fiscal_quarter": 3,
        "r2_url": "https://pub-2c783279b61043e19fbdadd1bee5153a.r2.dev/ZS/2020-06-03/zs-20200430.htm%5Cix.pdf",
        "periodicity": "periodic"
      },
      {
        "equity_ticker": "ZS",
        "geography": "US",
        "content_name": "ZS Q2 2020 10-Q",
        "file_type": "pdf",
        "content_type": "quarterly_report",
        "published_date": "2020-03-04",
        "fiscal_date": "2020-01-31",
        "fiscal_year": 2020,
        "fiscal_quarter": 2,
        "r2_url": "https://pub-2c783279b61043e19fbdadd1bee5153a.r2.dev/ZS/2020-03-04/zs-20200131.htm%5Cix.pdf",
        "periodicity": "periodic"
      },
      {
        "equity_ticker": "ZS",
        "geography": "US",
        "content_name": "ZS Q1 2020 10-Q",
        "file_type": "pdf",
        "content_type": "quarterly_report",
        "published_date": "2019-12-06",
        "fiscal_date": "2019-10-31",
        "fiscal_year": 2020,
        "fiscal_quarter": 1,
        "r2_url": "https://pub-2c783279b61043e19fbdadd1bee5153a.r2.dev/ZS/2019-12-06/zs-20191031.htm%5Cix.pdf",
        "periodicity": "periodic"
      },
      {
        "equity_ticker": "ZS",
        "geography": "US",
        "content_name": "ZS Q4 2019 10-K",
        "file_type": "pdf",
        "content_type": "annual_report",
        "published_date": "2019-09-18",
        "fiscal_date": "2019-07-31",
        "fiscal_year": 2019,
        "fiscal_quarter": 4,
        "r2_url": "https://pub-2c783279b61043e19fbdadd1bee5153a.r2.dev/ZS/2019-09-18/zs-20190731.htm%5Cix.pdf",
        "periodicity": "periodic"
      },
      {
        "equity_ticker": "ZS",
        "geography": "US",
        "content_name": "ZS Q3 2019 10-Q",
        "file_type": "pdf",
        "content_type": "quarterly_report",
        "published_date": "2019-06-05",
        "fiscal_date": "2019-04-30",
        "fiscal_year": 2019,
        "fiscal_quarter": 3,
        "r2_url": "https://pub-2c783279b61043e19fbdadd1bee5153a.r2.dev/ZS/2019-06-05/zs-20190430.htm%5Cix.pdf",
        "periodicity": "periodic"
      },
      {
        "equity_ticker": "ZS",
        "geography": "US",
        "content_name": "ZS Q2 2019 10-Q",
        "file_type": "pdf",
        "content_type": "quarterly_report",
        "published_date": "2019-03-06",
        "fiscal_date": "2019-01-31",
        "fiscal_year": 2019,
        "fiscal_quarter": 2,
        "r2_url": "https://pub-2c783279b61043e19fbdadd1bee5153a.r2.dev/ZS/2019-03-06/zs-20190131.htm%5Cix.pdf",
        "periodicity": "periodic"
      },
      {
        "equity_ticker": "ZS",
        "geography": "US",
        "content_name": "ZS Q1 2019 10-Q",
        "file_type": "pdf",
        "content_type": "quarterly_report",
        "published_date": "2018-12-06",
        "fiscal_date": "2018-10-31",
        "fiscal_year": 2019,
        "fiscal_quarter": 1,
        "r2_url": "https://pub-2c783279b61043e19fbdadd1bee5153a.r2.dev/ZS/2018-12-06/zs10311810-qq119.htm%5Czs10311810-qq119.pdf",
        "periodicity": "periodic"
      },
      {
        "equity_ticker": "ZS",
        "geography": "US",
        "content_name": "ZS Q4 2018 10-K",
        "file_type": "pdf",
        "content_type": "annual_report",
        "published_date": "2018-09-13",
        "fiscal_date": "2018-07-31",
        "fiscal_year": 2018,
        "fiscal_quarter": 4,
        "r2_url": "https://pub-2c783279b61043e19fbdadd1bee5153a.r2.dev/ZS/2018-09-13/zs7311810-k.htm%5Czs7311810-k.pdf",
        "periodicity": "periodic"
      },
      {
        "equity_ticker": "ZS",
        "geography": "US",
        "content_name": "ZS Q3 2018 10-Q",
        "file_type": "pdf",
        "content_type": "quarterly_report",
        "published_date": "2018-06-07",
        "fiscal_date": "2018-04-30",
        "fiscal_year": 2018,
        "fiscal_quarter": 3,
        "r2_url": "https://pub-2c783279b61043e19fbdadd1bee5153a.r2.dev/ZS/2018-06-07/zs4301810-q.htm%5Czs4301810-q.pdf",
        "periodicity": "periodic"
      }
]