[
    {
        "equity_ticker": "BG",
        "geography": "US",
        "content_name": "BG Q4 2024 Transcript",
        "file_type": "pdf",
        "content_type": "earnings_transcript",
        "published_date": "2025-02-05",
        "fiscal_date": "2025-02-05",
        "fiscal_year": 2024,
        "fiscal_quarter": 4,
        "r2_url": "https://pub-2c783279b61043e19fbdadd1bee5153a.r2.dev/BG/2025-02-05/Bunge%20Global%20SA_2025-02-05_transcript/Bunge%20Global%20SA_2025-02-05_transcript.pdf/Bunge%20Global%20SA_2025-02-05_transcript.pdf",
        "periodicity": "periodic"
    },
    {
        "equity_ticker": "BG",
        "geography": "US",
        "content_name": "BG Q4 2024 Press Release",
        "file_type": "pdf",
        "content_type": "earnings_press_release",
        "published_date": "2025-02-05",
        "fiscal_date": "2025-02-05",
        "fiscal_year": 2024,
        "fiscal_quarter": 4,
        "r2_url": "https://pub-2c783279b61043e19fbdadd1bee5153a.r2.dev/BG/2025-02-05/eedfc-2025-02-05-12-01-04/eedfc-2025-02-05-12-01-04.pdf/eedfc-2025-02-05-12-01-04.pdf",
        "periodicity": "periodic"
    },
    {
        "equity_ticker": "BG",
        "geography": "US",
        "content_name": "BG Q4 2024 Presentation",
        "file_type": "pdf",
        "content_type": "earnings_presentation",
        "published_date": "2025-02-05",
        "fiscal_date": "2025-02-05",
        "fiscal_year": 2024,
        "fiscal_quarter": 4,
        "r2_url": "https://pub-2c783279b61043e19fbdadd1bee5153a.r2.dev/BG/2025-02-05/8c73b-2025-02-05-12-03-13/8c73b-2025-02-05-12-03-13.pdf/8c73b-2025-02-05-12-03-13.pdf",
        "periodicity": "periodic"
    },
    {
        "equity_ticker": "BG",
        "geography": "US",
        "content_name": "BG Q3 2024 Transcript",
        "file_type": "pdf",
        "content_type": "earnings_transcript",
        "published_date": "2024-10-30",
        "fiscal_date": "2024-10-30",
        "fiscal_year": 2024,
        "fiscal_quarter": 3,
        "r2_url": "https://pub-2c783279b61043e19fbdadd1bee5153a.r2.dev/BG/2024-10-30/Bunge%20Global%20SA_2024-10-30_transcript/Bunge%20Global%20SA_2024-10-30_transcript.pdf/Bunge%20Global%20SA_2024-10-30_transcript.pdf",
        "periodicity": "periodic"
    },
    {
        "equity_ticker": "BG",
        "geography": "US",
        "content_name": "BG Q3 2024 Press Release",
        "file_type": "pdf",
        "content_type": "earnings_press_release",
        "published_date": "2024-10-30",
        "fiscal_date": "2024-10-30",
        "fiscal_year": 2024,
        "fiscal_quarter": 3,
        "r2_url": "https://pub-2c783279b61043e19fbdadd1bee5153a.r2.dev/BG/2024-10-30/1ce1b-2024-10-30-11-39-05/1ce1b-2024-10-30-11-39-05.pdf/1ce1b-2024-10-30-11-39-05.pdf",
        "periodicity": "periodic"
    },
    {
        "equity_ticker": "BG",
        "geography": "US",
        "content_name": "BG Q3 2024 Presentation",
        "file_type": "pdf",
        "content_type": "earnings_presentation",
        "published_date": "2024-10-30",
        "fiscal_date": "2024-10-30",
        "fiscal_year": 2024,
        "fiscal_quarter": 3,
        "r2_url": "https://pub-2c783279b61043e19fbdadd1bee5153a.r2.dev/BG/2024-10-30/aba39-2024-10-30-11-54-12/aba39-2024-10-30-11-54-12.pdf/aba39-2024-10-30-11-54-12.pdf",
        "periodicity": "periodic"
    },
    {
        "equity_ticker": "BG",
        "geography": "US",
        "content_name": "BG Q2 2024 Transcript",
        "file_type": "pdf",
        "content_type": "earnings_transcript",
        "published_date": "2024-07-31",
        "fiscal_date": "2024-07-31",
        "fiscal_year": 2024,
        "fiscal_quarter": 2,
        "r2_url": "https://pub-2c783279b61043e19fbdadd1bee5153a.r2.dev/BG/2024-07-31/Bunge%20Global%20SA_2024-07-31_transcript/Bunge%20Global%20SA_2024-07-31_transcript.pdf/Bunge%20Global%20SA_2024-07-31_transcript.pdf",
        "periodicity": "periodic"
    },
    {
        "equity_ticker": "BG",
        "geography": "US",
        "content_name": "BG Q2 2024 Press Release",
        "file_type": "pdf",
        "content_type": "earnings_press_release",
        "published_date": "2024-07-31",
        "fiscal_date": "2024-07-31",
        "fiscal_year": 2024,
        "fiscal_quarter": 2,
        "r2_url": "https://pub-2c783279b61043e19fbdadd1bee5153a.r2.dev/BG/2024-07-31/53107-2024-07-31-11-42-07/53107-2024-07-31-11-42-07.pdf/53107-2024-07-31-11-42-07.pdf",
        "periodicity": "periodic"
    },
    {
        "equity_ticker": "BG",
        "geography": "US",
        "content_name": "BG Q2 2024 Presentation",
        "file_type": "pdf",
        "content_type": "earnings_presentation",
        "published_date": "2024-07-31",
        "fiscal_date": "2024-07-31",
        "fiscal_year": 2024,
        "fiscal_quarter": 2,
        "r2_url": "https://pub-2c783279b61043e19fbdadd1bee5153a.r2.dev/BG/2024-07-31/f3d55-2024-07-31-11-58-07/f3d55-2024-07-31-11-58-07.pdf/f3d55-2024-07-31-11-58-07.pdf",
        "periodicity": "periodic"
    },
    {
        "equity_ticker": "BG",
        "geography": "US",
        "content_name": "BG Q1 2024 Transcript",
        "file_type": "pdf",
        "content_type": "earnings_transcript",
        "published_date": "2024-04-24",
        "fiscal_date": "2024-04-24",
        "fiscal_year": 2024,
        "fiscal_quarter": 1,
        "r2_url": "https://pub-2c783279b61043e19fbdadd1bee5153a.r2.dev/BG/2024-04-24/Bunge%20Global%20SA_2024-04-24_transcript/Bunge%20Global%20SA_2024-04-24_transcript.pdf/Bunge%20Global%20SA_2024-04-24_transcript.pdf",
        "periodicity": "periodic"
    },
    {
        "equity_ticker": "BG",
        "geography": "US",
        "content_name": "BG Q1 2024 Press Release",
        "file_type": "pdf",
        "content_type": "earnings_press_release",
        "published_date": "2024-04-24",
        "fiscal_date": "2024-04-24",
        "fiscal_year": 2024,
        "fiscal_quarter": 1,
        "r2_url": "https://pub-2c783279b61043e19fbdadd1bee5153a.r2.dev/BG/2024-04-24/e27cf-2024-04-24-10-51-17/e27cf-2024-04-24-10-51-17.pdf/e27cf-2024-04-24-10-51-17.pdf",
        "periodicity": "periodic"
    },
    {
        "equity_ticker": "BG",
        "geography": "US",
        "content_name": "BG Q1 2024 Presentation",
        "file_type": "pdf",
        "content_type": "earnings_presentation",
        "published_date": "2024-04-24",
        "fiscal_date": "2024-04-24",
        "fiscal_year": 2024,
        "fiscal_quarter": 1,
        "r2_url": "https://pub-2c783279b61043e19fbdadd1bee5153a.r2.dev/BG/2024-04-24/11e8c-2024-04-24-10-51-17/11e8c-2024-04-24-10-51-17.pdf/11e8c-2024-04-24-10-51-17.pdf",
        "periodicity": "periodic"
    },
    {
        "equity_ticker": "BG",
        "geography": "US",
        "content_name": "BG Q4 2023 Transcript",
        "file_type": "pdf",
        "content_type": "earnings_transcript",
        "published_date": "2024-02-07",
        "fiscal_date": "2024-02-07",
        "fiscal_year": 2023,
        "fiscal_quarter": 4,
        "r2_url": "https://pub-2c783279b61043e19fbdadd1bee5153a.r2.dev/BG/2024-02-07/Bunge%20Global%20SA_2024-02-07_transcript/Bunge%20Global%20SA_2024-02-07_transcript.pdf/Bunge%20Global%20SA_2024-02-07_transcript.pdf",
        "periodicity": "periodic"
    },
    {
        "equity_ticker": "BG",
        "geography": "US",
        "content_name": "BG Q4 2023 Press Release",
        "file_type": "pdf",
        "content_type": "earnings_press_release",
        "published_date": "2024-02-07",
        "fiscal_date": "2024-02-07",
        "fiscal_year": 2023,
        "fiscal_quarter": 4,
        "r2_url": "https://pub-2c783279b61043e19fbdadd1bee5153a.r2.dev/BG/2024-02-07/d0ba7-2024-02-07-12-42-00/d0ba7-2024-02-07-12-42-00.pdf/d0ba7-2024-02-07-12-42-00.pdf",
        "periodicity": "periodic"
    },
    {
        "equity_ticker": "BG",
        "geography": "US",
        "content_name": "BG Q4 2023 Presentation",
        "file_type": "pdf",
        "content_type": "earnings_presentation",
        "published_date": "2024-02-07",
        "fiscal_date": "2024-02-07",
        "fiscal_year": 2023,
        "fiscal_quarter": 4,
        "r2_url": "https://pub-2c783279b61043e19fbdadd1bee5153a.r2.dev/BG/2024-02-07/89cdf-2024-02-07-12-43-00/89cdf-2024-02-07-12-43-00.pdf/89cdf-2024-02-07-12-43-00.pdf",
        "periodicity": "periodic"
    },
    {
        "equity_ticker": "BG",
        "geography": "US",
        "content_name": "BG Q3 2023 Transcript",
        "file_type": "pdf",
        "content_type": "earnings_transcript",
        "published_date": "2023-10-26",
        "fiscal_date": "2023-10-26",
        "fiscal_year": 2023,
        "fiscal_quarter": 3,
        "r2_url": "https://pub-2c783279b61043e19fbdadd1bee5153a.r2.dev/BG/2023-10-26/Bunge%20Global%20SA_2023-10-26_transcript/Bunge%20Global%20SA_2023-10-26_transcript.pdf/Bunge%20Global%20SA_2023-10-26_transcript.pdf",
        "periodicity": "periodic"
    },
    {
        "equity_ticker": "BG",
        "geography": "US",
        "content_name": "BG Q3 2023 Press Release",
        "file_type": "pdf",
        "content_type": "earnings_press_release",
        "published_date": "2023-10-26",
        "fiscal_date": "2023-10-26",
        "fiscal_year": 2023,
        "fiscal_quarter": 3,
        "r2_url": "https://pub-2c783279b61043e19fbdadd1bee5153a.r2.dev/BG/2023-10-26/e4c24-2023-10-26-10-34-39/e4c24-2023-10-26-10-34-39.pdf/e4c24-2023-10-26-10-34-39.pdf",
        "periodicity": "periodic"
    },
    {
        "equity_ticker": "BG",
        "geography": "US",
        "content_name": "BG Q3 2023 Presentation",
        "file_type": "pdf",
        "content_type": "earnings_presentation",
        "published_date": "2023-10-26",
        "fiscal_date": "2023-10-26",
        "fiscal_year": 2023,
        "fiscal_quarter": 3,
        "r2_url": "https://pub-2c783279b61043e19fbdadd1bee5153a.r2.dev/BG/2023-10-26/ac1b4-2023-10-26-11-47-15/ac1b4-2023-10-26-11-47-15.pdf/ac1b4-2023-10-26-11-47-15.pdf",
        "periodicity": "periodic"
    },
    {
        "equity_ticker": "BG",
        "geography": "US",
        "content_name": "BG Q2 2023 Transcript",
        "file_type": "pdf",
        "content_type": "earnings_transcript",
        "published_date": "2023-08-02",
        "fiscal_date": "2023-08-02",
        "fiscal_year": 2023,
        "fiscal_quarter": 2,
        "r2_url": "https://pub-2c783279b61043e19fbdadd1bee5153a.r2.dev/BG/2023-08-02/Bunge%20Global%20SA_2023-08-02_transcript/Bunge%20Global%20SA_2023-08-02_transcript.pdf/Bunge%20Global%20SA_2023-08-02_transcript.pdf",
        "periodicity": "periodic"
    },
    {
        "equity_ticker": "BG",
        "geography": "US",
        "content_name": "BG Q2 2023 Press Release",
        "file_type": "pdf",
        "content_type": "earnings_press_release",
        "published_date": "2023-08-02",
        "fiscal_date": "2023-08-02",
        "fiscal_year": 2023,
        "fiscal_quarter": 2,
        "r2_url": "https://pub-2c783279b61043e19fbdadd1bee5153a.r2.dev/BG/2023-08-02/c8f79-2023-08-02-10-56-22/c8f79-2023-08-02-10-56-22.pdf/c8f79-2023-08-02-10-56-22.pdf",
        "periodicity": "periodic"
    },
    {
        "equity_ticker": "BG",
        "geography": "US",
        "content_name": "BG Q2 2023 Presentation",
        "file_type": "pdf",
        "content_type": "earnings_presentation",
        "published_date": "2023-08-02",
        "fiscal_date": "2023-08-02",
        "fiscal_year": 2023,
        "fiscal_quarter": 2,
        "r2_url": "https://pub-2c783279b61043e19fbdadd1bee5153a.r2.dev/BG/2023-08-02/f8b4c-2023-08-02-10-26-57/f8b4c-2023-08-02-10-26-57.pdf/f8b4c-2023-08-02-10-26-57.pdf",
        "periodicity": "periodic"
    },
    {
        "equity_ticker": "BG",
        "geography": "US",
        "content_name": "M&A Announcement - June 13, 2023",
        "file_type": "pdf",
        "content_type": "company_conference_transcript",
        "published_date": "2023-06-13",
        "fiscal_date": "2023-06-13",
        "fiscal_year": 0,
        "fiscal_quarter": 0,
        "r2_url": "https://pub-2c783279b61043e19fbdadd1bee5153a.r2.dev/BG/2023-06-13/Bunge%20Global%20SA_2023-06-13_transcript/Bunge%20Global%20SA_2023-06-13_transcript.pdf/Bunge%20Global%20SA_2023-06-13_transcript.pdf",
        "periodicity": "non_periodic"
    },
    {
        "equity_ticker": "BG",
        "geography": "US",
        "content_name": "M&A Announcement - June 13, 2023",
        "file_type": "pdf",
        "content_type": "company_conference_press_release",
        "published_date": "2023-06-13",
        "fiscal_date": "2023-06-13",
        "fiscal_year": 0,
        "fiscal_quarter": 0,
        "r2_url": "https://pub-2c783279b61043e19fbdadd1bee5153a.r2.dev/BG/2023-06-13/f7f2e-2023-10-06-10-15-49/f7f2e-2023-10-06-10-15-49.pdf/f7f2e-2023-10-06-10-15-49.pdf",
        "periodicity": "non_periodic"
    },
    {
        "equity_ticker": "BG",
        "geography": "US",
        "content_name": "M&A Announcement - June 13, 2023",
        "file_type": "pdf",
        "content_type": "company_conference_presentation",
        "published_date": "2023-06-13",
        "fiscal_date": "2023-06-13",
        "fiscal_year": 0,
        "fiscal_quarter": 0,
        "r2_url": "https://pub-2c783279b61043e19fbdadd1bee5153a.r2.dev/BG/2023-06-13/d9ce6-2023-06-17-11-00-45/d9ce6-2023-06-17-11-00-45.pdf/d9ce6-2023-06-17-11-00-45.pdf",
        "periodicity": "non_periodic"
    },
    {
        "equity_ticker": "BG",
        "geography": "US",
        "content_name": "BG Q1 2023 Transcript",
        "file_type": "pdf",
        "content_type": "earnings_transcript",
        "published_date": "2023-05-03",
        "fiscal_date": "2023-05-03",
        "fiscal_year": 2023,
        "fiscal_quarter": 1,
        "r2_url": "https://pub-2c783279b61043e19fbdadd1bee5153a.r2.dev/BG/2023-05-03/Bunge%20Global%20SA_2023-05-03_transcript/Bunge%20Global%20SA_2023-05-03_transcript.pdf/Bunge%20Global%20SA_2023-05-03_transcript.pdf",
        "periodicity": "periodic"
    },
    {
        "equity_ticker": "BG",
        "geography": "US",
        "content_name": "BG Q1 2023 Press Release",
        "file_type": "pdf",
        "content_type": "earnings_press_release",
        "published_date": "2023-05-03",
        "fiscal_date": "2023-05-03",
        "fiscal_year": 2023,
        "fiscal_quarter": 1,
        "r2_url": "https://pub-2c783279b61043e19fbdadd1bee5153a.r2.dev/BG/2023-05-03/66e9f-2023-05-03-11-17-02/66e9f-2023-05-03-11-17-02.pdf/66e9f-2023-05-03-11-17-02.pdf",
        "periodicity": "periodic"
    },
    {
        "equity_ticker": "BG",
        "geography": "US",
        "content_name": "BG Q1 2023 Presentation",
        "file_type": "pdf",
        "content_type": "earnings_presentation",
        "published_date": "2023-05-03",
        "fiscal_date": "2023-05-03",
        "fiscal_year": 2023,
        "fiscal_quarter": 1,
        "r2_url": "https://pub-2c783279b61043e19fbdadd1bee5153a.r2.dev/BG/2023-05-03/b9320-2023-05-03-11-18-02/b9320-2023-05-03-11-18-02.pdf/b9320-2023-05-03-11-18-02.pdf",
        "periodicity": "periodic"
    },
    {
        "equity_ticker": "BG",
        "geography": "US",
        "content_name": "BG Q4 2022 Transcript",
        "file_type": "pdf",
        "content_type": "earnings_transcript",
        "published_date": "2023-02-08",
        "fiscal_date": "2023-02-08",
        "fiscal_year": 2022,
        "fiscal_quarter": 4,
        "r2_url": "https://pub-2c783279b61043e19fbdadd1bee5153a.r2.dev/BG/2023-02-08/Bunge%20Global%20SA_2023-02-08_transcript/Bunge%20Global%20SA_2023-02-08_transcript.pdf/Bunge%20Global%20SA_2023-02-08_transcript.pdf",
        "periodicity": "periodic"
    },
    {
        "equity_ticker": "BG",
        "geography": "US",
        "content_name": "BG Q4 2022 Press Release",
        "file_type": "pdf",
        "content_type": "earnings_press_release",
        "published_date": "2023-02-08",
        "fiscal_date": "2023-02-08",
        "fiscal_year": 2022,
        "fiscal_quarter": 4,
        "r2_url": "https://pub-2c783279b61043e19fbdadd1bee5153a.r2.dev/BG/2023-02-08/49613-2023-02-08-12-04-11/49613-2023-02-08-12-04-11.pdf/49613-2023-02-08-12-04-11.pdf",
        "periodicity": "periodic"
    },
    {
        "equity_ticker": "BG",
        "geography": "US",
        "content_name": "BG Q4 2022 Presentation",
        "file_type": "pdf",
        "content_type": "earnings_presentation",
        "published_date": "2023-02-08",
        "fiscal_date": "2023-02-08",
        "fiscal_year": 2022,
        "fiscal_quarter": 4,
        "r2_url": "https://pub-2c783279b61043e19fbdadd1bee5153a.r2.dev/BG/2023-02-08/f2f77-2023-02-08-12-04-11/f2f77-2023-02-08-12-04-11.pdf/f2f77-2023-02-08-12-04-11.pdf",
        "periodicity": "periodic"
    },
    {
        "equity_ticker": "BG",
        "geography": "US",
        "content_name": "BG Q3 2022 Transcript",
        "file_type": "pdf",
        "content_type": "earnings_transcript",
        "published_date": "2022-10-26",
        "fiscal_date": "2022-10-26",
        "fiscal_year": 2022,
        "fiscal_quarter": 3,
        "r2_url": "https://pub-2c783279b61043e19fbdadd1bee5153a.r2.dev/BG/2022-10-26/Bunge%20Global%20SA_2022-10-26_transcript/Bunge%20Global%20SA_2022-10-26_transcript.pdf/Bunge%20Global%20SA_2022-10-26_transcript.pdf",
        "periodicity": "periodic"
    },
    {
        "equity_ticker": "BG",
        "geography": "US",
        "content_name": "BG Q3 2022 Press Release",
        "file_type": "pdf",
        "content_type": "quarterly_report",
        "published_date": "2022-10-26",
        "fiscal_date": "2022-10-26",
        "fiscal_year": 2022,
        "fiscal_quarter": 3,
        "r2_url": "https://pub-2c783279b61043e19fbdadd1bee5153a.r2.dev/BG/2022-10-26/434a1-2024-08-30-10-53-02/434a1-2024-08-30-10-53-02.pdf/434a1-2024-08-30-10-53-02.pdf",
        "periodicity": "periodic"
    },
    {
        "equity_ticker": "BG",
        "geography": "US",
        "content_name": "BG Q3 2022 Presentation",
        "file_type": "pdf",
        "content_type": "earnings_presentation",
        "published_date": "2022-10-26",
        "fiscal_date": "2022-10-26",
        "fiscal_year": 2022,
        "fiscal_quarter": 3,
        "r2_url": "https://pub-2c783279b61043e19fbdadd1bee5153a.r2.dev/BG/2022-10-26/84b69-2022-10-26-10-08-42/84b69-2022-10-26-10-08-42.pdf/84b69-2022-10-26-10-08-42.pdf",
        "periodicity": "periodic"
    },
    {
        "equity_ticker": "BG",
        "geography": "US",
        "content_name": "BG Q2 2022 Transcript",
        "file_type": "pdf",
        "content_type": "earnings_transcript",
        "published_date": "2022-07-27",
        "fiscal_date": "2022-07-27",
        "fiscal_year": 2022,
        "fiscal_quarter": 2,
        "r2_url": "https://pub-2c783279b61043e19fbdadd1bee5153a.r2.dev/BG/2022-07-27/Bunge%20Global%20SA_2022-07-27_transcript/Bunge%20Global%20SA_2022-07-27_transcript.pdf/Bunge%20Global%20SA_2022-07-27_transcript.pdf",
        "periodicity": "periodic"
    },
    {
        "equity_ticker": "BG",
        "geography": "US",
        "content_name": "BG Q2 2022 Press Release",
        "file_type": "pdf",
        "content_type": "earnings_press_release",
        "published_date": "2022-07-27",
        "fiscal_date": "2022-07-27",
        "fiscal_year": 2022,
        "fiscal_quarter": 2,
        "r2_url": "https://pub-2c783279b61043e19fbdadd1bee5153a.r2.dev/BG/2022-07-27/b0a0b-2022-07-27-11-45-04/b0a0b-2022-07-27-11-45-04.pdf/b0a0b-2022-07-27-11-45-04.pdf",
        "periodicity": "periodic"
    },
    {
        "equity_ticker": "BG",
        "geography": "US",
        "content_name": "BG Q2 2022 Presentation",
        "file_type": "pdf",
        "content_type": "earnings_presentation",
        "published_date": "2022-07-27",
        "fiscal_date": "2022-07-27",
        "fiscal_year": 2022,
        "fiscal_quarter": 2,
        "r2_url": "https://pub-2c783279b61043e19fbdadd1bee5153a.r2.dev/BG/2022-07-27/a97b8-2022-07-27-11-45-04/a97b8-2022-07-27-11-45-04.pdf/a97b8-2022-07-27-11-45-04.pdf",
        "periodicity": "periodic"
    },
    {
        "equity_ticker": "BG",
        "geography": "US",
        "content_name": "BG Q1 2022 Transcript",
        "file_type": "pdf",
        "content_type": "earnings_transcript",
        "published_date": "2022-04-27",
        "fiscal_date": "2022-04-27",
        "fiscal_year": 2022,
        "fiscal_quarter": 1,
        "r2_url": "https://pub-2c783279b61043e19fbdadd1bee5153a.r2.dev/BG/2022-04-27/Bunge%20Global%20SA_2022-04-27_transcript/Bunge%20Global%20SA_2022-04-27_transcript.pdf/Bunge%20Global%20SA_2022-04-27_transcript.pdf",
        "periodicity": "periodic"
    },
    {
        "equity_ticker": "BG",
        "geography": "US",
        "content_name": "BG Q1 2022 Press Release",
        "file_type": "pdf",
        "content_type": "quarterly_report",
        "published_date": "2022-04-27",
        "fiscal_date": "2022-04-27",
        "fiscal_year": 2022,
        "fiscal_quarter": 1,
        "r2_url": "https://pub-2c783279b61043e19fbdadd1bee5153a.r2.dev/BG/2022-04-27/700e3-2024-08-30-10-53-02/700e3-2024-08-30-10-53-02.pdf/700e3-2024-08-30-10-53-02.pdf",
        "periodicity": "periodic"
    },
    {
        "equity_ticker": "BG",
        "geography": "US",
        "content_name": "BG Q1 2022 Presentation",
        "file_type": "pdf",
        "content_type": "earnings_presentation",
        "published_date": "2022-04-27",
        "fiscal_date": "2022-04-27",
        "fiscal_year": 2022,
        "fiscal_quarter": 1,
        "r2_url": "https://pub-2c783279b61043e19fbdadd1bee5153a.r2.dev/BG/2022-04-27/bebaf-2022-04-27-12-05-55-migrated/bebaf-2022-04-27-12-05-55-migrated.pdf/bebaf-2022-04-27-12-05-55-migrated.pdf",
        "periodicity": "periodic"
    },
    {
        "equity_ticker": "BG",
        "geography": "US",
        "content_name": "BG Q4 2021 Transcript",
        "file_type": "pdf",
        "content_type": "earnings_transcript",
        "published_date": "2022-02-09",
        "fiscal_date": "2022-02-09",
        "fiscal_year": 2021,
        "fiscal_quarter": 4,
        "r2_url": "https://pub-2c783279b61043e19fbdadd1bee5153a.r2.dev/BG/2022-02-09/Bunge%20Global%20SA_2022-02-09_transcript/Bunge%20Global%20SA_2022-02-09_transcript.pdf/Bunge%20Global%20SA_2022-02-09_transcript.pdf",
        "periodicity": "periodic"
    },
    {
        "equity_ticker": "BG",
        "geography": "US",
        "content_name": "BG Q4 2021 Press Release",
        "file_type": "pdf",
        "content_type": "earnings_press_release",
        "published_date": "2022-02-09",
        "fiscal_date": "2022-02-09",
        "fiscal_year": 2021,
        "fiscal_quarter": 4,
        "r2_url": "https://pub-2c783279b61043e19fbdadd1bee5153a.r2.dev/BG/2022-02-09/10cdb-2023-01-25-12-03-26/10cdb-2023-01-25-12-03-26.pdf/10cdb-2023-01-25-12-03-26.pdf",
        "periodicity": "periodic"
    },
    {
        "equity_ticker": "BG",
        "geography": "US",
        "content_name": "BG Q4 2021 Presentation",
        "file_type": "pdf",
        "content_type": "earnings_presentation",
        "published_date": "2022-02-09",
        "fiscal_date": "2022-02-09",
        "fiscal_year": 2021,
        "fiscal_quarter": 4,
        "r2_url": "https://pub-2c783279b61043e19fbdadd1bee5153a.r2.dev/BG/2022-02-09/8712f-2022-02-09-10-28-15-migrated/8712f-2022-02-09-10-28-15-migrated.pdf/8712f-2022-02-09-10-28-15-migrated.pdf",
        "periodicity": "periodic"
    },
    {
        "equity_ticker": "BG",
        "geography": "US",
        "content_name": "BG Q3 2021 Transcript",
        "file_type": "pdf",
        "content_type": "earnings_transcript",
        "published_date": "2021-10-27",
        "fiscal_date": "2021-10-27",
        "fiscal_year": 2021,
        "fiscal_quarter": 3,
        "r2_url": "https://pub-2c783279b61043e19fbdadd1bee5153a.r2.dev/BG/2021-10-27/Bunge%20Global%20SA_2021-10-27_transcript/Bunge%20Global%20SA_2021-10-27_transcript.pdf/Bunge%20Global%20SA_2021-10-27_transcript.pdf",
        "periodicity": "periodic"
    },
    {
        "equity_ticker": "BG",
        "geography": "US",
        "content_name": "BG Q3 2021 Press Release",
        "file_type": "pdf",
        "content_type": "quarterly_report",
        "published_date": "2021-10-27",
        "fiscal_date": "2021-10-27",
        "fiscal_year": 2021,
        "fiscal_quarter": 3,
        "r2_url": "https://pub-2c783279b61043e19fbdadd1bee5153a.r2.dev/BG/2021-10-27/c980a-2024-08-30-10-06-03/c980a-2024-08-30-10-06-03.pdf/c980a-2024-08-30-10-06-03.pdf",
        "periodicity": "periodic"
    },
    {
        "equity_ticker": "BG",
        "geography": "US",
        "content_name": "BG Q3 2021 Presentation",
        "file_type": "pdf",
        "content_type": "earnings_presentation",
        "published_date": "2021-10-27",
        "fiscal_date": "2021-10-27",
        "fiscal_year": 2021,
        "fiscal_quarter": 3,
        "r2_url": "https://pub-2c783279b61043e19fbdadd1bee5153a.r2.dev/BG/2021-10-27/906fa-2021-10-27-12-00-00-migrated/906fa-2021-10-27-12-00-00-migrated.pdf/906fa-2021-10-27-12-00-00-migrated.pdf",
        "periodicity": "periodic"
    },
    {
        "equity_ticker": "BG",
        "geography": "US",
        "content_name": "BG Q2 2021 Transcript",
        "file_type": "pdf",
        "content_type": "earnings_transcript",
        "published_date": "2021-07-28",
        "fiscal_date": "2021-07-28",
        "fiscal_year": 2021,
        "fiscal_quarter": 2,
        "r2_url": "https://pub-2c783279b61043e19fbdadd1bee5153a.r2.dev/BG/2021-07-28/Bunge%20Global%20SA_2021-07-28_transcript/Bunge%20Global%20SA_2021-07-28_transcript.pdf/Bunge%20Global%20SA_2021-07-28_transcript.pdf",
        "periodicity": "periodic"
    },
    {
        "equity_ticker": "BG",
        "geography": "US",
        "content_name": "BG Q2 2021 Press Release",
        "file_type": "pdf",
        "content_type": "earnings_press_release",
        "published_date": "2021-07-28",
        "fiscal_date": "2021-07-28",
        "fiscal_year": 2021,
        "fiscal_quarter": 2,
        "r2_url": "https://pub-2c783279b61043e19fbdadd1bee5153a.r2.dev/BG/2021-07-28/d92eb-2022-10-17-07-42-27/d92eb-2022-10-17-07-42-27.pdf/d92eb-2022-10-17-07-42-27.pdf",
        "periodicity": "periodic"
    },
    {
        "equity_ticker": "BG",
        "geography": "US",
        "content_name": "BG Q2 2021 Presentation",
        "file_type": "pdf",
        "content_type": "earnings_presentation",
        "published_date": "2021-07-28",
        "fiscal_date": "2021-07-28",
        "fiscal_year": 2021,
        "fiscal_quarter": 2,
        "r2_url": "https://pub-2c783279b61043e19fbdadd1bee5153a.r2.dev/BG/2021-07-28/559d7-2022-10-17-07-53-27/559d7-2022-10-17-07-53-27.pdf/559d7-2022-10-17-07-53-27.pdf",
        "periodicity": "periodic"
    },
    {
        "equity_ticker": "BG",
        "geography": "US",
        "content_name": "BG Q1 2021 Transcript",
        "file_type": "pdf",
        "content_type": "earnings_transcript",
        "published_date": "2021-05-04",
        "fiscal_date": "2021-05-04",
        "fiscal_year": 2021,
        "fiscal_quarter": 1,
        "r2_url": "https://pub-2c783279b61043e19fbdadd1bee5153a.r2.dev/BG/2021-05-04/Bunge%20Global%20SA_2021-05-04_transcript/Bunge%20Global%20SA_2021-05-04_transcript.pdf/Bunge%20Global%20SA_2021-05-04_transcript.pdf",
        "periodicity": "periodic"
    },
    {
        "equity_ticker": "BG",
        "geography": "US",
        "content_name": "BG Q1 2021 Press Release",
        "file_type": "pdf",
        "content_type": "earnings_press_release",
        "published_date": "2021-05-04",
        "fiscal_date": "2021-05-04",
        "fiscal_year": 2021,
        "fiscal_quarter": 1,
        "r2_url": "https://pub-2c783279b61043e19fbdadd1bee5153a.r2.dev/BG/2021-05-04/ab91f-2022-10-17-07-08-31/ab91f-2022-10-17-07-08-31.pdf/ab91f-2022-10-17-07-08-31.pdf",
        "periodicity": "periodic"
    },
    {
        "equity_ticker": "BG",
        "geography": "US",
        "content_name": "BG Q1 2021 Presentation",
        "file_type": "pdf",
        "content_type": "earnings_presentation",
        "published_date": "2021-05-04",
        "fiscal_date": "2021-05-04",
        "fiscal_year": 2021,
        "fiscal_quarter": 1,
        "r2_url": "https://pub-2c783279b61043e19fbdadd1bee5153a.r2.dev/BG/2021-05-04/68b55-2022-10-17-07-12-31/68b55-2022-10-17-07-12-31.pdf/68b55-2022-10-17-07-12-31.pdf",
        "periodicity": "periodic"
    },
    {
        "equity_ticker": "BG",
        "geography": "US",
        "content_name": "BG Q4 2020 Transcript",
        "file_type": "pdf",
        "content_type": "earnings_transcript",
        "published_date": "2021-02-10",
        "fiscal_date": "2021-02-10",
        "fiscal_year": 2020,
        "fiscal_quarter": 4,
        "r2_url": "https://pub-2c783279b61043e19fbdadd1bee5153a.r2.dev/BG/2021-02-10/Bunge%20Global%20SA_2021-02-10_transcript/Bunge%20Global%20SA_2021-02-10_transcript.pdf/Bunge%20Global%20SA_2021-02-10_transcript.pdf",
        "periodicity": "periodic"
    },
    {
        "equity_ticker": "BG",
        "geography": "US",
        "content_name": "BG Q4 2020 Press Release",
        "file_type": "pdf",
        "content_type": "earnings_press_release",
        "published_date": "2021-02-10",
        "fiscal_date": "2021-02-10",
        "fiscal_year": 2020,
        "fiscal_quarter": 4,
        "r2_url": "https://pub-2c783279b61043e19fbdadd1bee5153a.r2.dev/BG/2021-02-10/20973-2022-10-17-07-49-33/20973-2022-10-17-07-49-33.pdf/20973-2022-10-17-07-49-33.pdf",
        "periodicity": "periodic"
    },
    {
        "equity_ticker": "BG",
        "geography": "US",
        "content_name": "BG Q4 2020 Presentation",
        "file_type": "pdf",
        "content_type": "earnings_presentation",
        "published_date": "2021-02-10",
        "fiscal_date": "2021-02-10",
        "fiscal_year": 2020,
        "fiscal_quarter": 4,
        "r2_url": "https://pub-2c783279b61043e19fbdadd1bee5153a.r2.dev/BG/2021-02-10/e7059-2022-10-17-07-52-33/e7059-2022-10-17-07-52-33.pdf/e7059-2022-10-17-07-52-33.pdf",
        "periodicity": "periodic"
    },
    {
        "equity_ticker": "BG",
        "geography": "US",
        "content_name": "BG Q3 2020 Transcript",
        "file_type": "pdf",
        "content_type": "earnings_transcript",
        "published_date": "2020-10-28",
        "fiscal_date": "2020-10-28",
        "fiscal_year": 2020,
        "fiscal_quarter": 3,
        "r2_url": "https://pub-2c783279b61043e19fbdadd1bee5153a.r2.dev/BG/2020-10-28/Bunge%20Global%20SA_2020-10-28_transcript/Bunge%20Global%20SA_2020-10-28_transcript.pdf/Bunge%20Global%20SA_2020-10-28_transcript.pdf",
        "periodicity": "periodic"
    },
    {
        "equity_ticker": "BG",
        "geography": "US",
        "content_name": "BG Q3 2020 Press Release",
        "file_type": "pdf",
        "content_type": "earnings_press_release",
        "published_date": "2020-10-28",
        "fiscal_date": "2020-10-28",
        "fiscal_year": 2020,
        "fiscal_quarter": 3,
        "r2_url": "https://pub-2c783279b61043e19fbdadd1bee5153a.r2.dev/BG/2020-10-28/2128c-2022-10-17-07-11-37/2128c-2022-10-17-07-11-37.pdf/2128c-2022-10-17-07-11-37.pdf",
        "periodicity": "periodic"
    },
    {
        "equity_ticker": "BG",
        "geography": "US",
        "content_name": "BG Q3 2020 Presentation",
        "file_type": "pdf",
        "content_type": "earnings_presentation",
        "published_date": "2020-10-28",
        "fiscal_date": "2020-10-28",
        "fiscal_year": 2020,
        "fiscal_quarter": 3,
        "r2_url": "https://pub-2c783279b61043e19fbdadd1bee5153a.r2.dev/BG/2020-10-28/0bb89-2022-10-17-07-12-37/0bb89-2022-10-17-07-12-37.pdf/0bb89-2022-10-17-07-12-37.pdf",
        "periodicity": "periodic"
    },
    {
        "equity_ticker": "BG",
        "geography": "US",
        "content_name": "BG Q2 2020 Transcript",
        "file_type": "pdf",
        "content_type": "earnings_transcript",
        "published_date": "2020-07-29",
        "fiscal_date": "2020-07-29",
        "fiscal_year": 2020,
        "fiscal_quarter": 2,
        "r2_url": "https://pub-2c783279b61043e19fbdadd1bee5153a.r2.dev/BG/2020-07-29/Bunge%20Global%20SA_2020-07-29_transcript/Bunge%20Global%20SA_2020-07-29_transcript.pdf/Bunge%20Global%20SA_2020-07-29_transcript.pdf",
        "periodicity": "periodic"
    },
    {
        "equity_ticker": "BG",
        "geography": "US",
        "content_name": "BG Q2 2020 Press Release",
        "file_type": "pdf",
        "content_type": "earnings_press_release",
        "published_date": "2020-07-29",
        "fiscal_date": "2020-07-29",
        "fiscal_year": 2020,
        "fiscal_quarter": 2,
        "r2_url": "https://pub-2c783279b61043e19fbdadd1bee5153a.r2.dev/BG/2020-07-29/18fac-2022-10-17-07-01-40/18fac-2022-10-17-07-01-40.pdf/18fac-2022-10-17-07-01-40.pdf",
        "periodicity": "periodic"
    },
    {
        "equity_ticker": "BG",
        "geography": "US",
        "content_name": "BG Q2 2020 Presentation",
        "file_type": "pdf",
        "content_type": "earnings_presentation",
        "published_date": "2020-07-29",
        "fiscal_date": "2020-07-29",
        "fiscal_year": 2020,
        "fiscal_quarter": 2,
        "r2_url": "https://pub-2c783279b61043e19fbdadd1bee5153a.r2.dev/BG/2020-07-29/9be22-2022-10-17-07-01-40/9be22-2022-10-17-07-01-40.pdf/9be22-2022-10-17-07-01-40.pdf",
        "periodicity": "periodic"
    },
    {
        "equity_ticker": "BG",
        "geography": "US",
        "content_name": "Status Update - June 24, 2020",
        "file_type": "pdf",
        "content_type": "company_conference_transcript",
        "published_date": "2020-06-24",
        "fiscal_date": "2020-06-24",
        "fiscal_year": 0,
        "fiscal_quarter": 0,
        "r2_url": "https://pub-2c783279b61043e19fbdadd1bee5153a.r2.dev/BG/2020-06-24/Bunge%20Global%20SA_2020-06-24_transcript/Bunge%20Global%20SA_2020-06-24_transcript.pdf/Bunge%20Global%20SA_2020-06-24_transcript.pdf",
        "periodicity": "non_periodic"
    },
    {
        "equity_ticker": "BG",
        "geography": "US",
        "content_name": "Status Update - June 24, 2020",
        "file_type": "pdf",
        "content_type": "company_conference_press_release",
        "published_date": "2020-06-24",
        "fiscal_date": "2020-06-24",
        "fiscal_year": 0,
        "fiscal_quarter": 0,
        "r2_url": "https://pub-2c783279b61043e19fbdadd1bee5153a.r2.dev/BG/2020-06-24/356ff-2022-10-17-07-09-58/356ff-2022-10-17-07-09-58.pdf/356ff-2022-10-17-07-09-58.pdf",
        "periodicity": "non_periodic"
    },
    {
        "equity_ticker": "BG",
        "geography": "US",
        "content_name": "Status Update - June 24, 2020",
        "file_type": "pdf",
        "content_type": "company_conference_presentation",
        "published_date": "2020-06-24",
        "fiscal_date": "2020-06-24",
        "fiscal_year": 0,
        "fiscal_quarter": 0,
        "r2_url": "https://pub-2c783279b61043e19fbdadd1bee5153a.r2.dev/BG/2020-06-24/53f85-2022-10-17-07-15-58/53f85-2022-10-17-07-15-58.pdf/53f85-2022-10-17-07-15-58.pdf",
        "periodicity": "non_periodic"
    },
    {
        "equity_ticker": "BG",
        "geography": "US",
        "content_name": "BG Q1 2020 Transcript",
        "file_type": "pdf",
        "content_type": "earnings_transcript",
        "published_date": "2020-05-06",
        "fiscal_date": "2020-05-06",
        "fiscal_year": 2020,
        "fiscal_quarter": 1,
        "r2_url": "https://pub-2c783279b61043e19fbdadd1bee5153a.r2.dev/BG/2020-05-06/Bunge%20Global%20SA_2020-05-06_transcript/Bunge%20Global%20SA_2020-05-06_transcript.pdf/Bunge%20Global%20SA_2020-05-06_transcript.pdf",
        "periodicity": "periodic"
    },
    {
        "equity_ticker": "BG",
        "geography": "US",
        "content_name": "BG Q1 2020 Press Release",
        "file_type": "pdf",
        "content_type": "earnings_press_release",
        "published_date": "2020-05-06",
        "fiscal_date": "2020-05-06",
        "fiscal_year": 2020,
        "fiscal_quarter": 1,
        "r2_url": "https://pub-2c783279b61043e19fbdadd1bee5153a.r2.dev/BG/2020-05-06/2e00f-2022-10-17-07-45-42/2e00f-2022-10-17-07-45-42.pdf/2e00f-2022-10-17-07-45-42.pdf",
        "periodicity": "periodic"
    },
    {
        "equity_ticker": "BG",
        "geography": "US",
        "content_name": "BG Q1 2020 Presentation",
        "file_type": "pdf",
        "content_type": "earnings_presentation",
        "published_date": "2020-05-06",
        "fiscal_date": "2020-05-06",
        "fiscal_year": 2020,
        "fiscal_quarter": 1,
        "r2_url": "https://pub-2c783279b61043e19fbdadd1bee5153a.r2.dev/BG/2020-05-06/75311-2022-10-17-07-45-42/75311-2022-10-17-07-45-42.pdf/75311-2022-10-17-07-45-42.pdf",
        "periodicity": "periodic"
    },
    {
        "equity_ticker": "BG",
        "geography": "US",
        "content_name": "BG Q4 2019 Transcript",
        "file_type": "pdf",
        "content_type": "earnings_transcript",
        "published_date": "2020-02-12",
        "fiscal_date": "2020-02-12",
        "fiscal_year": 2019,
        "fiscal_quarter": 4,
        "r2_url": "https://pub-2c783279b61043e19fbdadd1bee5153a.r2.dev/BG/2020-02-12/Bunge%20Global%20SA_2020-02-12_transcript/Bunge%20Global%20SA_2020-02-12_transcript.pdf/Bunge%20Global%20SA_2020-02-12_transcript.pdf",
        "periodicity": "periodic"
    },
    {
        "equity_ticker": "BG",
        "geography": "US",
        "content_name": "BG Q4 2019 Press Release",
        "file_type": "pdf",
        "content_type": "earnings_press_release",
        "published_date": "2020-02-12",
        "fiscal_date": "2020-02-12",
        "fiscal_year": 2019,
        "fiscal_quarter": 4,
        "r2_url": "https://pub-2c783279b61043e19fbdadd1bee5153a.r2.dev/BG/2020-02-12/55e1f-2022-10-17-07-48-44/55e1f-2022-10-17-07-48-44.pdf/55e1f-2022-10-17-07-48-44.pdf",
        "periodicity": "periodic"
    },
    {
        "equity_ticker": "BG",
        "geography": "US",
        "content_name": "BG Q4 2019 Presentation",
        "file_type": "pdf",
        "content_type": "earnings_presentation",
        "published_date": "2020-02-12",
        "fiscal_date": "2020-02-12",
        "fiscal_year": 2019,
        "fiscal_quarter": 4,
        "r2_url": "https://pub-2c783279b61043e19fbdadd1bee5153a.r2.dev/BG/2020-02-12/46ceb-2022-10-17-07-48-44/46ceb-2022-10-17-07-48-44.pdf/46ceb-2022-10-17-07-48-44.pdf",
        "periodicity": "periodic"
    },
    {
        "equity_ticker": "BG",
        "geography": "US",
        "content_name": "BG Q3 2019 Transcript",
        "file_type": "pdf",
        "content_type": "earnings_transcript",
        "published_date": "2019-10-30",
        "fiscal_date": "2019-10-30",
        "fiscal_year": 2019,
        "fiscal_quarter": 3,
        "r2_url": "https://pub-2c783279b61043e19fbdadd1bee5153a.r2.dev/BG/2019-10-30/Bunge%20Global%20SA_2019-10-30_transcript/Bunge%20Global%20SA_2019-10-30_transcript.pdf/Bunge%20Global%20SA_2019-10-30_transcript.pdf",
        "periodicity": "periodic"
    },
    {
        "equity_ticker": "BG",
        "geography": "US",
        "content_name": "BG Q3 2019 Press Release",
        "file_type": "pdf",
        "content_type": "earnings_press_release",
        "published_date": "2019-10-30",
        "fiscal_date": "2019-10-30",
        "fiscal_year": 2019,
        "fiscal_quarter": 3,
        "r2_url": "https://pub-2c783279b61043e19fbdadd1bee5153a.r2.dev/BG/2019-10-30/bea26-2022-10-17-07-57-46/bea26-2022-10-17-07-57-46.pdf/bea26-2022-10-17-07-57-46.pdf",
        "periodicity": "periodic"
    },
    {
        "equity_ticker": "BG",
        "geography": "US",
        "content_name": "BG Q3 2019 Presentation",
        "file_type": "pdf",
        "content_type": "earnings_presentation",
        "published_date": "2019-10-30",
        "fiscal_date": "2019-10-30",
        "fiscal_year": 2019,
        "fiscal_quarter": 3,
        "r2_url": "https://pub-2c783279b61043e19fbdadd1bee5153a.r2.dev/BG/2019-10-30/40255-2022-10-17-07-56-46/40255-2022-10-17-07-56-46.pdf/40255-2022-10-17-07-56-46.pdf",
        "periodicity": "periodic"
    },
    {
        "equity_ticker": "BG",
        "geography": "US",
        "content_name": "BG Q2 2019 Transcript",
        "file_type": "pdf",
        "content_type": "earnings_transcript",
        "published_date": "2019-07-31",
        "fiscal_date": "2019-07-31",
        "fiscal_year": 2019,
        "fiscal_quarter": 2,
        "r2_url": "https://pub-2c783279b61043e19fbdadd1bee5153a.r2.dev/BG/2019-07-31/Bunge%20Global%20SA_2019-07-31_transcript/Bunge%20Global%20SA_2019-07-31_transcript.pdf/Bunge%20Global%20SA_2019-07-31_transcript.pdf",
        "periodicity": "periodic"
    },
    {
        "equity_ticker": "BG",
        "geography": "US",
        "content_name": "BG Q2 2019 Press Release",
        "file_type": "pdf",
        "content_type": "earnings_press_release",
        "published_date": "2019-07-31",
        "fiscal_date": "2019-07-31",
        "fiscal_year": 2019,
        "fiscal_quarter": 2,
        "r2_url": "https://pub-2c783279b61043e19fbdadd1bee5153a.r2.dev/BG/2019-07-31/3afe2-2022-10-17-07-08-49/3afe2-2022-10-17-07-08-49.pdf/3afe2-2022-10-17-07-08-49.pdf",
        "periodicity": "periodic"
    },
    {
        "equity_ticker": "BG",
        "geography": "US",
        "content_name": "BG Q2 2019 Presentation",
        "file_type": "pdf",
        "content_type": "earnings_presentation",
        "published_date": "2019-07-31",
        "fiscal_date": "2019-07-31",
        "fiscal_year": 2019,
        "fiscal_quarter": 2,
        "r2_url": "https://pub-2c783279b61043e19fbdadd1bee5153a.r2.dev/BG/2019-07-31/bf5fa-2022-10-17-07-08-49/bf5fa-2022-10-17-07-08-49.pdf/bf5fa-2022-10-17-07-08-49.pdf",
        "periodicity": "periodic"
    },
    {
        "equity_ticker": "BG",
        "geography": "US",
        "content_name": "BG Q1 2019 Transcript",
        "file_type": "pdf",
        "content_type": "earnings_transcript",
        "published_date": "2019-05-08",
        "fiscal_date": "2019-05-08",
        "fiscal_year": 2019,
        "fiscal_quarter": 1,
        "r2_url": "https://pub-2c783279b61043e19fbdadd1bee5153a.r2.dev/BG/2019-05-08/Bunge%20Global%20SA_2019-05-08_transcript/Bunge%20Global%20SA_2019-05-08_transcript.pdf/Bunge%20Global%20SA_2019-05-08_transcript.pdf",
        "periodicity": "periodic"
    },
    {
        "equity_ticker": "BG",
        "geography": "US",
        "content_name": "BG Q1 2019 Press Release",
        "file_type": "pdf",
        "content_type": "earnings_press_release",
        "published_date": "2019-05-08",
        "fiscal_date": "2019-05-08",
        "fiscal_year": 2019,
        "fiscal_quarter": 1,
        "r2_url": "https://pub-2c783279b61043e19fbdadd1bee5153a.r2.dev/BG/2019-05-08/7d5f6-2022-10-17-07-39-51/7d5f6-2022-10-17-07-39-51.pdf/7d5f6-2022-10-17-07-39-51.pdf",
        "periodicity": "periodic"
    },
    {
        "equity_ticker": "BG",
        "geography": "US",
        "content_name": "BG Q1 2019 Presentation",
        "file_type": "pdf",
        "content_type": "earnings_presentation",
        "published_date": "2019-05-08",
        "fiscal_date": "2019-05-08",
        "fiscal_year": 2019,
        "fiscal_quarter": 1,
        "r2_url": "https://pub-2c783279b61043e19fbdadd1bee5153a.r2.dev/BG/2019-05-08/09bac-2022-10-17-07-41-51/09bac-2022-10-17-07-41-51.pdf/09bac-2022-10-17-07-41-51.pdf",
        "periodicity": "periodic"
    },
    {
        "equity_ticker": "BG",
        "geography": "US",
        "content_name": "BG Q4 2018 Transcript",
        "file_type": "pdf",
        "content_type": "earnings_transcript",
        "published_date": "2019-02-22",
        "fiscal_date": "2019-02-22",
        "fiscal_year": 2018,
        "fiscal_quarter": 4,
        "r2_url": "https://pub-2c783279b61043e19fbdadd1bee5153a.r2.dev/BG/2019-02-22/Bunge%20Global%20SA_2019-02-22_transcript/Bunge%20Global%20SA_2019-02-22_transcript.pdf/Bunge%20Global%20SA_2019-02-22_transcript.pdf",
        "periodicity": "periodic"
    },
    {
        "equity_ticker": "BG",
        "geography": "US",
        "content_name": "BG Q4 2018 Press Release",
        "file_type": "pdf",
        "content_type": "annual_report",
        "published_date": "2019-02-22",
        "fiscal_date": "2019-02-22",
        "fiscal_year": 2018,
        "fiscal_quarter": 4,
        "r2_url": "https://pub-2c783279b61043e19fbdadd1bee5153a.r2.dev/BG/2019-02-22/3c527-2023-09-12-09-51-27/3c527-2023-09-12-09-51-27.pdf/3c527-2023-09-12-09-51-27.pdf",
        "periodicity": "periodic"
    },
    {
        "equity_ticker": "BG",
        "geography": "US",
        "content_name": "BG Q3 2018 Transcript",
        "file_type": "pdf",
        "content_type": "earnings_transcript",
        "published_date": "2018-10-31",
        "fiscal_date": "2018-10-31",
        "fiscal_year": 2018,
        "fiscal_quarter": 3,
        "r2_url": "https://pub-2c783279b61043e19fbdadd1bee5153a.r2.dev/BG/2018-10-31/Bunge%20Global%20SA_2018-10-31_transcript/Bunge%20Global%20SA_2018-10-31_transcript.pdf/Bunge%20Global%20SA_2018-10-31_transcript.pdf",
        "periodicity": "periodic"
    },
    {
        "equity_ticker": "BG",
        "geography": "US",
        "content_name": "BG Q2 2018 Transcript",
        "file_type": "pdf",
        "content_type": "earnings_transcript",
        "published_date": "2018-08-01",
        "fiscal_date": "2018-08-01",
        "fiscal_year": 2018,
        "fiscal_quarter": 2,
        "r2_url": "https://pub-2c783279b61043e19fbdadd1bee5153a.r2.dev/BG/2018-08-01/Bunge%20Global%20SA_2018-08-01_transcript/Bunge%20Global%20SA_2018-08-01_transcript.pdf/Bunge%20Global%20SA_2018-08-01_transcript.pdf",
        "periodicity": "periodic"
    },
    {
        "equity_ticker": "BG",
        "geography": "US",
        "content_name": "BG Q1 2018 Transcript",
        "file_type": "pdf",
        "content_type": "earnings_transcript",
        "published_date": "2018-05-02",
        "fiscal_date": "2018-05-02",
        "fiscal_year": 2018,
        "fiscal_quarter": 1,
        "r2_url": "https://pub-2c783279b61043e19fbdadd1bee5153a.r2.dev/BG/2018-05-02/Bunge%20Global%20SA_2018-05-02_transcript/Bunge%20Global%20SA_2018-05-02_transcript.pdf/Bunge%20Global%20SA_2018-05-02_transcript.pdf",
        "periodicity": "periodic"
    },
    {
        "equity_ticker": "BG",
        "geography": "US",
        "content_name": "BG Q4 2017 Transcript",
        "file_type": "pdf",
        "content_type": "earnings_transcript",
        "published_date": "2018-02-23",
        "fiscal_date": "2018-02-23",
        "fiscal_year": 2017,
        "fiscal_quarter": 4,
        "r2_url": "https://pub-2c783279b61043e19fbdadd1bee5153a.r2.dev/BG/2018-02-23/Bunge%20Global%20SA_2018-02-23_transcript/Bunge%20Global%20SA_2018-02-23_transcript.pdf/Bunge%20Global%20SA_2018-02-23_transcript.pdf",
        "periodicity": "periodic"
    },
    {
        "equity_ticker": "BG",
        "geography": "US",
        "content_name": "BG Q4 2017 Press Release",
        "file_type": "pdf",
        "content_type": "annual_report",
        "published_date": "2018-02-23",
        "fiscal_date": "2018-02-23",
        "fiscal_year": 2017,
        "fiscal_quarter": 4,
        "r2_url": "https://pub-2c783279b61043e19fbdadd1bee5153a.r2.dev/BG/2018-02-23/4a9fc-2023-09-12-09-10-28/4a9fc-2023-09-12-09-10-28.pdf/4a9fc-2023-09-12-09-10-28.pdf",
        "periodicity": "periodic"
    },
    {
        "equity_ticker": "BG",
        "geography": "US",
        "content_name": "BG Q3 2017 Transcript",
        "file_type": "pdf",
        "content_type": "earnings_transcript",
        "published_date": "2017-11-01",
        "fiscal_date": "2017-11-01",
        "fiscal_year": 2017,
        "fiscal_quarter": 3,
        "r2_url": "https://pub-2c783279b61043e19fbdadd1bee5153a.r2.dev/BG/2017-11-01/Bunge%20Global%20SA_2017-11-01_transcript/Bunge%20Global%20SA_2017-11-01_transcript.pdf/Bunge%20Global%20SA_2017-11-01_transcript.pdf",
        "periodicity": "periodic"
    },
    {
        "equity_ticker": "BG",
        "geography": "US",
        "content_name": "BG Q2 2017 Transcript",
        "file_type": "pdf",
        "content_type": "earnings_transcript",
        "published_date": "2017-08-02",
        "fiscal_date": "2017-08-02",
        "fiscal_year": 2017,
        "fiscal_quarter": 2,
        "r2_url": "https://pub-2c783279b61043e19fbdadd1bee5153a.r2.dev/BG/2017-08-02/Bunge%20Global%20SA_2017-08-02_transcript/Bunge%20Global%20SA_2017-08-02_transcript.pdf/Bunge%20Global%20SA_2017-08-02_transcript.pdf",
        "periodicity": "periodic"
    },
    {
        "equity_ticker": "BG",
        "geography": "US",
        "content_name": "BG Q1 2017 Transcript",
        "file_type": "pdf",
        "content_type": "earnings_transcript",
        "published_date": "2017-05-03",
        "fiscal_date": "2017-05-03",
        "fiscal_year": 2017,
        "fiscal_quarter": 1,
        "r2_url": "https://pub-2c783279b61043e19fbdadd1bee5153a.r2.dev/BG/2017-05-03/Bunge%20Global%20SA_2017-05-03_transcript/Bunge%20Global%20SA_2017-05-03_transcript.pdf/Bunge%20Global%20SA_2017-05-03_transcript.pdf",
        "periodicity": "periodic"
    },
    {
        "equity_ticker": "BG",
        "geography": "US",
        "content_name": "BG Q4 2016 Transcript",
        "file_type": "pdf",
        "content_type": "earnings_transcript",
        "published_date": "2017-02-28",
        "fiscal_date": "2017-02-28",
        "fiscal_year": 2016,
        "fiscal_quarter": 4,
        "r2_url": "https://pub-2c783279b61043e19fbdadd1bee5153a.r2.dev/BG/2017-02-28/Bunge%20Global%20SA_2017-02-28_transcript/Bunge%20Global%20SA_2017-02-28_transcript.pdf/Bunge%20Global%20SA_2017-02-28_transcript.pdf",
        "periodicity": "periodic"
    },
    {
        "equity_ticker": "BG",
        "geography": "US",
        "content_name": "BG Q4 2016 Press Release",
        "file_type": "pdf",
        "content_type": "annual_report",
        "published_date": "2017-02-28",
        "fiscal_date": "2017-02-28",
        "fiscal_year": 2016,
        "fiscal_quarter": 4,
        "r2_url": "https://pub-2c783279b61043e19fbdadd1bee5153a.r2.dev/BG/2017-02-28/fa960-2023-09-12-09-26-28/fa960-2023-09-12-09-26-28.pdf/fa960-2023-09-12-09-26-28.pdf",
        "periodicity": "periodic"
    },
    {
        "equity_ticker": "BG",
        "geography": "US",
        "content_name": "BG Q3 2016 Transcript",
        "file_type": "pdf",
        "content_type": "earnings_transcript",
        "published_date": "2016-11-02",
        "fiscal_date": "2016-11-02",
        "fiscal_year": 2016,
        "fiscal_quarter": 3,
        "r2_url": "https://pub-2c783279b61043e19fbdadd1bee5153a.r2.dev/BG/2016-11-02/Bunge%20Global%20SA_2016-11-02_transcript/Bunge%20Global%20SA_2016-11-02_transcript.pdf/Bunge%20Global%20SA_2016-11-02_transcript.pdf",
        "periodicity": "periodic"
    },
    {
        "equity_ticker": "BG",
        "geography": "US",
        "content_name": "BG Q2 2016 Transcript",
        "file_type": "pdf",
        "content_type": "earnings_transcript",
        "published_date": "2016-07-28",
        "fiscal_date": "2016-07-28",
        "fiscal_year": 2016,
        "fiscal_quarter": 2,
        "r2_url": "https://pub-2c783279b61043e19fbdadd1bee5153a.r2.dev/BG/2016-07-28/Bunge%20Global%20SA_2016-07-28_transcript/Bunge%20Global%20SA_2016-07-28_transcript.pdf/Bunge%20Global%20SA_2016-07-28_transcript.pdf",
        "periodicity": "periodic"
    },
    {
        "equity_ticker": "BG",
        "geography": "US",
        "content_name": "BG Q1 2016 Transcript",
        "file_type": "pdf",
        "content_type": "earnings_transcript",
        "published_date": "2016-05-01",
        "fiscal_date": "2016-05-01",
        "fiscal_year": 2016,
        "fiscal_quarter": 1,
        "r2_url": "https://pub-2c783279b61043e19fbdadd1bee5153a.r2.dev/BG/2016-05-01/Bunge%20Global%20SA_2016-05-01_transcript/Bunge%20Global%20SA_2016-05-01_transcript.pdf/Bunge%20Global%20SA_2016-05-01_transcript.pdf",
        "periodicity": "periodic"
    },
    {
        "equity_ticker": "BG",
        "geography": "US",
        "content_name": "BG Q4 2015 Transcript",
        "file_type": "pdf",
        "content_type": "earnings_transcript",
        "published_date": "2016-02-11",
        "fiscal_date": "2016-02-11",
        "fiscal_year": 2015,
        "fiscal_quarter": 4,
        "r2_url": "https://pub-2c783279b61043e19fbdadd1bee5153a.r2.dev/BG/2016-02-11/Bunge%20Global%20SA_2016-02-11_transcript/Bunge%20Global%20SA_2016-02-11_transcript.pdf/Bunge%20Global%20SA_2016-02-11_transcript.pdf",
        "periodicity": "periodic"
    },
    {
        "equity_ticker": "BG",
        "geography": "US",
        "content_name": "BG Q3 2015 Transcript",
        "file_type": "pdf",
        "content_type": "earnings_transcript",
        "published_date": "2015-10-29",
        "fiscal_date": "2015-10-29",
        "fiscal_year": 2015,
        "fiscal_quarter": 3,
        "r2_url": "https://pub-2c783279b61043e19fbdadd1bee5153a.r2.dev/BG/2015-10-29/Bunge%20Global%20SA_2015-10-29_transcript/Bunge%20Global%20SA_2015-10-29_transcript.pdf/Bunge%20Global%20SA_2015-10-29_transcript.pdf",
        "periodicity": "periodic"
    },
    {
        "equity_ticker": "BG",
        "geography": "US",
        "content_name": "BG Q2 2015 Transcript",
        "file_type": "pdf",
        "content_type": "earnings_transcript",
        "published_date": "2015-07-30",
        "fiscal_date": "2015-07-30",
        "fiscal_year": 2015,
        "fiscal_quarter": 2,
        "r2_url": "https://pub-2c783279b61043e19fbdadd1bee5153a.r2.dev/BG/2015-07-30/Bunge%20Global%20SA_2015-07-30_transcript/Bunge%20Global%20SA_2015-07-30_transcript.pdf/Bunge%20Global%20SA_2015-07-30_transcript.pdf",
        "periodicity": "periodic"
    },
    {
        "equity_ticker": "BG",
        "geography": "US",
        "content_name": "BG Q1 2015 Transcript",
        "file_type": "pdf",
        "content_type": "earnings_transcript",
        "published_date": "2015-04-30",
        "fiscal_date": "2015-04-30",
        "fiscal_year": 2015,
        "fiscal_quarter": 1,
        "r2_url": "https://pub-2c783279b61043e19fbdadd1bee5153a.r2.dev/BG/2015-04-30/Bunge%20Global%20SA_2015-04-30_transcript/Bunge%20Global%20SA_2015-04-30_transcript.pdf/Bunge%20Global%20SA_2015-04-30_transcript.pdf",
        "periodicity": "periodic"
    },
    {
        "equity_ticker": "BG",
        "geography": "US",
        "content_name": "BG Q4 2014 Transcript",
        "file_type": "pdf",
        "content_type": "earnings_transcript",
        "published_date": "2015-02-12",
        "fiscal_date": "2015-02-12",
        "fiscal_year": 2014,
        "fiscal_quarter": 4,
        "r2_url": "https://pub-2c783279b61043e19fbdadd1bee5153a.r2.dev/BG/2015-02-12/Bunge%20Global%20SA_2015-02-12_transcript/Bunge%20Global%20SA_2015-02-12_transcript.pdf/Bunge%20Global%20SA_2015-02-12_transcript.pdf",
        "periodicity": "periodic"
    },
    {
        "equity_ticker": "BG",
        "geography": "US",
        "content_name": "BG Q3 2014 Transcript",
        "file_type": "pdf",
        "content_type": "earnings_transcript",
        "published_date": "2014-10-30",
        "fiscal_date": "2014-10-30",
        "fiscal_year": 2014,
        "fiscal_quarter": 3,
        "r2_url": "https://pub-2c783279b61043e19fbdadd1bee5153a.r2.dev/BG/2014-10-30/Bunge%20Global%20SA_2014-10-30_transcript/Bunge%20Global%20SA_2014-10-30_transcript.pdf/Bunge%20Global%20SA_2014-10-30_transcript.pdf",
        "periodicity": "periodic"
    },
    {
        "equity_ticker": "BG",
        "geography": "US",
        "content_name": "BG Q2 2014 Transcript",
        "file_type": "pdf",
        "content_type": "earnings_transcript",
        "published_date": "2014-07-31",
        "fiscal_date": "2014-07-31",
        "fiscal_year": 2014,
        "fiscal_quarter": 2,
        "r2_url": "https://pub-2c783279b61043e19fbdadd1bee5153a.r2.dev/BG/2014-07-31/Bunge%20Global%20SA_2014-07-31_transcript/Bunge%20Global%20SA_2014-07-31_transcript.pdf/Bunge%20Global%20SA_2014-07-31_transcript.pdf",
        "periodicity": "periodic"
    },
    {
        "equity_ticker": "BG",
        "geography": "US",
        "content_name": "BG Q1 2014 Transcript",
        "file_type": "pdf",
        "content_type": "earnings_transcript",
        "published_date": "2014-05-01",
        "fiscal_date": "2014-05-01",
        "fiscal_year": 2014,
        "fiscal_quarter": 1,
        "r2_url": "https://pub-2c783279b61043e19fbdadd1bee5153a.r2.dev/BG/2014-05-01/Bunge%20Global%20SA_2014-05-01_transcript/Bunge%20Global%20SA_2014-05-01_transcript.pdf/Bunge%20Global%20SA_2014-05-01_transcript.pdf",
        "periodicity": "periodic"
    },
    {
        "equity_ticker": "BG",
        "geography": "US",
        "content_name": "BG Q4 2013 Transcript",
        "file_type": "pdf",
        "content_type": "earnings_transcript",
        "published_date": "2014-02-13",
        "fiscal_date": "2014-02-13",
        "fiscal_year": 2013,
        "fiscal_quarter": 4,
        "r2_url": "https://pub-2c783279b61043e19fbdadd1bee5153a.r2.dev/BG/2014-02-13/Bunge%20Global%20SA_2014-02-13_transcript/Bunge%20Global%20SA_2014-02-13_transcript.pdf/Bunge%20Global%20SA_2014-02-13_transcript.pdf",
        "periodicity": "periodic"
    },
    {
        "equity_ticker": "BG",
        "geography": "US",
        "content_name": "BG Q3 2013 Transcript",
        "file_type": "pdf",
        "content_type": "earnings_transcript",
        "published_date": "2013-10-24",
        "fiscal_date": "2013-10-24",
        "fiscal_year": 2013,
        "fiscal_quarter": 3,
        "r2_url": "https://pub-2c783279b61043e19fbdadd1bee5153a.r2.dev/BG/2013-10-24/Bunge%20Global%20SA_2013-10-24_transcript/Bunge%20Global%20SA_2013-10-24_transcript.pdf/Bunge%20Global%20SA_2013-10-24_transcript.pdf",
        "periodicity": "periodic"
    },
    {
        "equity_ticker": "BG",
        "geography": "US",
        "content_name": "BG Q2 2013 Transcript",
        "file_type": "pdf",
        "content_type": "earnings_transcript",
        "published_date": "2013-07-25",
        "fiscal_date": "2013-07-25",
        "fiscal_year": 2013,
        "fiscal_quarter": 2,
        "r2_url": "https://pub-2c783279b61043e19fbdadd1bee5153a.r2.dev/BG/2013-07-25/Bunge%20Global%20SA_2013-07-25_transcript/Bunge%20Global%20SA_2013-07-25_transcript.pdf/Bunge%20Global%20SA_2013-07-25_transcript.pdf",
        "periodicity": "periodic"
    },
    {
        "equity_ticker": "BG",
        "geography": "US",
        "content_name": "BG Q1 2013 Transcript",
        "file_type": "pdf",
        "content_type": "earnings_transcript",
        "published_date": "2013-04-25",
        "fiscal_date": "2013-04-25",
        "fiscal_year": 2013,
        "fiscal_quarter": 1,
        "r2_url": "https://pub-2c783279b61043e19fbdadd1bee5153a.r2.dev/BG/2013-04-25/Bunge%20Global%20SA_2013-04-25_transcript/Bunge%20Global%20SA_2013-04-25_transcript.pdf/Bunge%20Global%20SA_2013-04-25_transcript.pdf",
        "periodicity": "periodic"
    },
    {
        "equity_ticker": "BG",
        "geography": "US",
        "content_name": "BG Q4 2012 Transcript",
        "file_type": "pdf",
        "content_type": "earnings_transcript",
        "published_date": "2013-02-07",
        "fiscal_date": "2013-02-07",
        "fiscal_year": 2012,
        "fiscal_quarter": 4,
        "r2_url": "https://pub-2c783279b61043e19fbdadd1bee5153a.r2.dev/BG/2013-02-07/Bunge%20Global%20SA_2013-02-07_transcript/Bunge%20Global%20SA_2013-02-07_transcript.pdf/Bunge%20Global%20SA_2013-02-07_transcript.pdf",
        "periodicity": "periodic"
    },
    {
        "equity_ticker": "BG",
        "geography": "US",
        "content_name": "BG Q3 2012 Transcript",
        "file_type": "pdf",
        "content_type": "earnings_transcript",
        "published_date": "2012-10-25",
        "fiscal_date": "2012-10-25",
        "fiscal_year": 2012,
        "fiscal_quarter": 3,
        "r2_url": "https://pub-2c783279b61043e19fbdadd1bee5153a.r2.dev/BG/2012-10-25/Bunge%20Global%20SA_2012-10-25_transcript/Bunge%20Global%20SA_2012-10-25_transcript.pdf/Bunge%20Global%20SA_2012-10-25_transcript.pdf",
        "periodicity": "periodic"
    },
    {
        "equity_ticker": "BG",
        "geography": "US",
        "content_name": "BG Q2 2012 Transcript",
        "file_type": "pdf",
        "content_type": "earnings_transcript",
        "published_date": "2012-07-26",
        "fiscal_date": "2012-07-26",
        "fiscal_year": 2012,
        "fiscal_quarter": 2,
        "r2_url": "https://pub-2c783279b61043e19fbdadd1bee5153a.r2.dev/BG/2012-07-26/Bunge%20Global%20SA_2012-07-26_transcript/Bunge%20Global%20SA_2012-07-26_transcript.pdf/Bunge%20Global%20SA_2012-07-26_transcript.pdf",
        "periodicity": "periodic"
    },
    {
        "equity_ticker": "BG",
        "geography": "US",
        "content_name": "BG Q1 2012 Transcript",
        "file_type": "pdf",
        "content_type": "earnings_transcript",
        "published_date": "2012-04-26",
        "fiscal_date": "2012-04-26",
        "fiscal_year": 2012,
        "fiscal_quarter": 1,
        "r2_url": "https://pub-2c783279b61043e19fbdadd1bee5153a.r2.dev/BG/2012-04-26/Bunge%20Global%20SA_2012-04-26_transcript/Bunge%20Global%20SA_2012-04-26_transcript.pdf/Bunge%20Global%20SA_2012-04-26_transcript.pdf",
        "periodicity": "periodic"
    },
    {
        "equity_ticker": "BG",
        "geography": "US",
        "content_name": "BG Q4 2011 Transcript",
        "file_type": "pdf",
        "content_type": "earnings_transcript",
        "published_date": "2012-02-09",
        "fiscal_date": "2012-02-09",
        "fiscal_year": 2011,
        "fiscal_quarter": 4,
        "r2_url": "https://pub-2c783279b61043e19fbdadd1bee5153a.r2.dev/BG/2012-02-09/Bunge%20Global%20SA_2012-02-09_transcript/Bunge%20Global%20SA_2012-02-09_transcript.pdf/Bunge%20Global%20SA_2012-02-09_transcript.pdf",
        "periodicity": "periodic"
    },
    {
        "equity_ticker": "BG",
        "geography": "US",
        "content_name": "BG Q3 2011 Transcript",
        "file_type": "pdf",
        "content_type": "earnings_transcript",
        "published_date": "2011-10-27",
        "fiscal_date": "2011-10-27",
        "fiscal_year": 2011,
        "fiscal_quarter": 3,
        "r2_url": "https://pub-2c783279b61043e19fbdadd1bee5153a.r2.dev/BG/2011-10-27/Bunge%20Global%20SA_2011-10-27_transcript/Bunge%20Global%20SA_2011-10-27_transcript.pdf/Bunge%20Global%20SA_2011-10-27_transcript.pdf",
        "periodicity": "periodic"
    },
    {
        "equity_ticker": "BG",
        "geography": "US",
        "content_name": "BG Q2 2011 Transcript",
        "file_type": "pdf",
        "content_type": "earnings_transcript",
        "published_date": "2011-07-28",
        "fiscal_date": "2011-07-28",
        "fiscal_year": 2011,
        "fiscal_quarter": 2,
        "r2_url": "https://pub-2c783279b61043e19fbdadd1bee5153a.r2.dev/BG/2011-07-28/Bunge%20Global%20SA_2011-07-28_transcript/Bunge%20Global%20SA_2011-07-28_transcript.pdf/Bunge%20Global%20SA_2011-07-28_transcript.pdf",
        "periodicity": "periodic"
    },
    {
        "equity_ticker": "BG",
        "geography": "US",
        "content_name": "BG Q4 2009 Transcript",
        "file_type": "pdf",
        "content_type": "earnings_transcript",
        "published_date": "2010-02-04",
        "fiscal_date": "2010-02-04",
        "fiscal_year": 2009,
        "fiscal_quarter": 4,
        "r2_url": "https://pub-2c783279b61043e19fbdadd1bee5153a.r2.dev/BG/2010-02-04/Bunge%20Global%20SA_2010-02-04_transcript/Bunge%20Global%20SA_2010-02-04_transcript.pdf/Bunge%20Global%20SA_2010-02-04_transcript.pdf",
        "periodicity": "periodic"
    },
    {
        "equity_ticker": "BG",
        "geography": "US",
        "content_name": "BG Q2 2009 Transcript",
        "file_type": "pdf",
        "content_type": "earnings_transcript",
        "published_date": "2009-07-23",
        "fiscal_date": "2009-07-23",
        "fiscal_year": 2009,
        "fiscal_quarter": 2,
        "r2_url": "https://pub-2c783279b61043e19fbdadd1bee5153a.r2.dev/BG/2009-07-23/Bunge%20Global%20SA_2009-07-23_transcript/Bunge%20Global%20SA_2009-07-23_transcript.pdf/Bunge%20Global%20SA_2009-07-23_transcript.pdf",
        "periodicity": "periodic"
    },
    {
        "equity_ticker": "BG",
        "geography": "US",
        "content_name": "BG Q1 2009 Transcript",
        "file_type": "pdf",
        "content_type": "earnings_transcript",
        "published_date": "2009-04-23",
        "fiscal_date": "2009-04-23",
        "fiscal_year": 2009,
        "fiscal_quarter": 1,
        "r2_url": "https://pub-2c783279b61043e19fbdadd1bee5153a.r2.dev/BG/2009-04-23/Bunge%20Global%20SA_2009-04-23_transcript/Bunge%20Global%20SA_2009-04-23_transcript.pdf/Bunge%20Global%20SA_2009-04-23_transcript.pdf",
        "periodicity": "periodic"
    },
    {
        "equity_ticker": "BG",
        "geography": "US",
        "content_name": "BG Q4 2008 Transcript",
        "file_type": "pdf",
        "content_type": "earnings_transcript",
        "published_date": "2009-02-11",
        "fiscal_date": "2009-02-11",
        "fiscal_year": 2008,
        "fiscal_quarter": 4,
        "r2_url": "https://pub-2c783279b61043e19fbdadd1bee5153a.r2.dev/BG/2009-02-11/Bunge%20Global%20SA_2009-02-11_transcript/Bunge%20Global%20SA_2009-02-11_transcript.pdf/Bunge%20Global%20SA_2009-02-11_transcript.pdf",
        "periodicity": "periodic"
    },
    {
        "equity_ticker": "BG",
        "geography": "US",
        "content_name": "BG Q3 2008 Transcript",
        "file_type": "pdf",
        "content_type": "earnings_transcript",
        "published_date": "2008-10-23",
        "fiscal_date": "2008-10-23",
        "fiscal_year": 2008,
        "fiscal_quarter": 3,
        "r2_url": "https://pub-2c783279b61043e19fbdadd1bee5153a.r2.dev/BG/2008-10-23/Bunge%20Global%20SA_2008-10-23_transcript/Bunge%20Global%20SA_2008-10-23_transcript.pdf/Bunge%20Global%20SA_2008-10-23_transcript.pdf",
        "periodicity": "periodic"
    },
    {
        "equity_ticker": "BG",
        "geography": "US",
        "content_name": "BG Q2 2008 Transcript",
        "file_type": "pdf",
        "content_type": "earnings_transcript",
        "published_date": "2008-07-24",
        "fiscal_date": "2008-07-24",
        "fiscal_year": 2008,
        "fiscal_quarter": 2,
        "r2_url": "https://pub-2c783279b61043e19fbdadd1bee5153a.r2.dev/BG/2008-07-24/Bunge%20Global%20SA_2008-07-24_transcript/Bunge%20Global%20SA_2008-07-24_transcript.pdf/Bunge%20Global%20SA_2008-07-24_transcript.pdf",
        "periodicity": "periodic"
    },
    {
        "equity_ticker": "BG",
        "geography": "US",
        "content_name": "BG Q1 2008 Transcript",
        "file_type": "pdf",
        "content_type": "earnings_transcript",
        "published_date": "2008-04-27",
        "fiscal_date": "2008-04-27",
        "fiscal_year": 2008,
        "fiscal_quarter": 1,
        "r2_url": "https://pub-2c783279b61043e19fbdadd1bee5153a.r2.dev/BG/2008-04-27/Bunge%20Global%20SA_2008-04-27_transcript/Bunge%20Global%20SA_2008-04-27_transcript.pdf/Bunge%20Global%20SA_2008-04-27_transcript.pdf",
        "periodicity": "periodic"
    },
    {
        "equity_ticker": "BG",
        "geography": "US",
        "content_name": "BG Q4 2007 Transcript",
        "file_type": "pdf",
        "content_type": "earnings_transcript",
        "published_date": "2008-02-13",
        "fiscal_date": "2008-02-13",
        "fiscal_year": 2007,
        "fiscal_quarter": 4,
        "r2_url": "https://pub-2c783279b61043e19fbdadd1bee5153a.r2.dev/BG/2008-02-13/Bunge%20Global%20SA_2008-02-13_transcript/Bunge%20Global%20SA_2008-02-13_transcript.pdf/Bunge%20Global%20SA_2008-02-13_transcript.pdf",
        "periodicity": "periodic"
    },
    {
        "equity_ticker": "BG",
        "geography": "US",
        "content_name": "BG Q3 2007 Transcript",
        "file_type": "pdf",
        "content_type": "earnings_transcript",
        "published_date": "2007-10-26",
        "fiscal_date": "2007-10-26",
        "fiscal_year": 2007,
        "fiscal_quarter": 3,
        "r2_url": "https://pub-2c783279b61043e19fbdadd1bee5153a.r2.dev/BG/2007-10-26/Bunge%20Global%20SA_2007-10-26_transcript/Bunge%20Global%20SA_2007-10-26_transcript.pdf/Bunge%20Global%20SA_2007-10-26_transcript.pdf",
        "periodicity": "periodic"
    }
]