[
    {
        "equity_ticker": "CAG",
        "geography": "US",
        "content_name": "CAG Q3 2025 Transcript",
        "file_type": "pdf",
        "content_type": "earnings_transcript",
        "published_date": "2025-04-03",
        "fiscal_date": "2025-04-03",
        "fiscal_year": 2025,
        "fiscal_quarter": 3,
        "r2_url": "https://pub-2c783279b61043e19fbdadd1bee5153a.r2.dev/CAG/2025-04-03/Conagra%20Brands%2C%20Inc._2025-04-03_transcript/Conagra%20Brands%2C%20Inc._2025-04-03_transcript.pdf/Conagra%20Brands%2C%20Inc._2025-04-03_transcript.pdf",
        "periodicity": "periodic"
    },
    {
        "equity_ticker": "CAG",
        "geography": "US",
        "content_name": "CAG Q3 2025 Press Release",
        "file_type": "pdf",
        "content_type": "earnings_press_release",
        "published_date": "2025-04-03",
        "fiscal_date": "2025-04-03",
        "fiscal_year": 2025,
        "fiscal_quarter": 3,
        "r2_url": "https://pub-2c783279b61043e19fbdadd1bee5153a.r2.dev/CAG/2025-04-03/b8cde-2025-04-03-11-08-34/b8cde-2025-04-03-11-08-34.pdf/b8cde-2025-04-03-11-08-34.pdf",
        "periodicity": "periodic"
    },
    {
        "equity_ticker": "CAG",
        "geography": "US",
        "content_name": "CAG Q3 2025 Presentation",
        "file_type": "pdf",
        "content_type": "earnings_presentation",
        "published_date": "2025-04-03",
        "fiscal_date": "2025-04-03",
        "fiscal_year": 2025,
        "fiscal_quarter": 3,
        "r2_url": "https://pub-2c783279b61043e19fbdadd1bee5153a.r2.dev/CAG/2025-04-03/1486f-2025-04-03-11-18-37/1486f-2025-04-03-11-18-37.pdf/1486f-2025-04-03-11-18-37.pdf",
        "periodicity": "periodic"
    },
    {
        "equity_ticker": "CAG",
        "geography": "US",
        "content_name": "Consumer Analyst Group of New York Conference 2025 - February 18, 2025",
        "file_type": "pdf",
        "content_type": "industry_conference_transcript",
        "published_date": "2025-02-18",
        "fiscal_date": "2025-02-18",
        "fiscal_year": 0,
        "fiscal_quarter": 0,
        "r2_url": "https://pub-2c783279b61043e19fbdadd1bee5153a.r2.dev/CAG/2025-02-18/Conagra%20Brands%2C%20Inc._2025-02-18_transcript/Conagra%20Brands%2C%20Inc._2025-02-18_transcript.pdf/Conagra%20Brands%2C%20Inc._2025-02-18_transcript.pdf",
        "periodicity": "non_periodic"
    },
    {
        "equity_ticker": "CAG",
        "geography": "US",
        "content_name": "Consumer Analyst Group of New York Conference 2025 - February 18, 2025",
        "file_type": "pdf",
        "content_type": "industry_conference_presentation",
        "published_date": "2025-02-18",
        "fiscal_date": "2025-02-18",
        "fiscal_year": 0,
        "fiscal_quarter": 0,
        "r2_url": "https://pub-2c783279b61043e19fbdadd1bee5153a.r2.dev/CAG/2025-02-18/ecd7d-2025-02-18-02-08-08/ecd7d-2025-02-18-02-08-08.pdf/ecd7d-2025-02-18-02-08-08.pdf",
        "periodicity": "non_periodic"
    },
    {
        "equity_ticker": "CAG",
        "geography": "US",
        "content_name": "CAG Q2 2025 Transcript",
        "file_type": "pdf",
        "content_type": "earnings_transcript",
        "published_date": "2024-12-19",
        "fiscal_date": "2024-12-19",
        "fiscal_year": 2025,
        "fiscal_quarter": 2,
        "r2_url": "https://pub-2c783279b61043e19fbdadd1bee5153a.r2.dev/CAG/2024-12-19/Conagra%20Brands%2C%20Inc._2024-12-19_transcript/Conagra%20Brands%2C%20Inc._2024-12-19_transcript.pdf/Conagra%20Brands%2C%20Inc._2024-12-19_transcript.pdf",
        "periodicity": "periodic"
    },
    {
        "equity_ticker": "CAG",
        "geography": "US",
        "content_name": "CAG Q2 2025 Press Release",
        "file_type": "pdf",
        "content_type": "earnings_press_release",
        "published_date": "2024-12-19",
        "fiscal_date": "2024-12-19",
        "fiscal_year": 2025,
        "fiscal_quarter": 2,
        "r2_url": "https://pub-2c783279b61043e19fbdadd1bee5153a.r2.dev/CAG/2024-12-19/def31-2024-12-19-12-35-38/def31-2024-12-19-12-35-38.pdf/def31-2024-12-19-12-35-38.pdf",
        "periodicity": "periodic"
    },
    {
        "equity_ticker": "CAG",
        "geography": "US",
        "content_name": "CAG Q2 2025 Presentation",
        "file_type": "pdf",
        "content_type": "earnings_presentation",
        "published_date": "2024-12-19",
        "fiscal_date": "2024-12-19",
        "fiscal_year": 2025,
        "fiscal_quarter": 2,
        "r2_url": "https://pub-2c783279b61043e19fbdadd1bee5153a.r2.dev/CAG/2024-12-19/3ae96-2025-01-08-08-44-06/3ae96-2025-01-08-08-44-06.pdf/3ae96-2025-01-08-08-44-06.pdf",
        "periodicity": "periodic"
    },
    {
        "equity_ticker": "CAG",
        "geography": "US",
        "content_name": "CAG Q1 2025 Transcript",
        "file_type": "pdf",
        "content_type": "earnings_transcript",
        "published_date": "2024-10-02",
        "fiscal_date": "2024-10-02",
        "fiscal_year": 2025,
        "fiscal_quarter": 1,
        "r2_url": "https://pub-2c783279b61043e19fbdadd1bee5153a.r2.dev/CAG/2024-10-02/Conagra%20Brands%2C%20Inc._2024-10-02_transcript/Conagra%20Brands%2C%20Inc._2024-10-02_transcript.pdf/Conagra%20Brands%2C%20Inc._2024-10-02_transcript.pdf",
        "periodicity": "periodic"
    },
    {
        "equity_ticker": "CAG",
        "geography": "US",
        "content_name": "CAG Q1 2025 Press Release",
        "file_type": "pdf",
        "content_type": "earnings_press_release",
        "published_date": "2024-10-02",
        "fiscal_date": "2024-10-02",
        "fiscal_year": 2025,
        "fiscal_quarter": 1,
        "r2_url": "https://pub-2c783279b61043e19fbdadd1bee5153a.r2.dev/CAG/2024-10-02/640d4-2024-10-02-11-25-34/640d4-2024-10-02-11-25-34.pdf/640d4-2024-10-02-11-25-34.pdf",
        "periodicity": "periodic"
    },
    {
        "equity_ticker": "CAG",
        "geography": "US",
        "content_name": "CAG Q1 2025 Presentation",
        "file_type": "pdf",
        "content_type": "earnings_presentation",
        "published_date": "2024-10-02",
        "fiscal_date": "2024-10-02",
        "fiscal_year": 2025,
        "fiscal_quarter": 1,
        "r2_url": "https://pub-2c783279b61043e19fbdadd1bee5153a.r2.dev/CAG/2024-10-02/03de0-2024-10-02-11-25-34/03de0-2024-10-02-11-25-34.pdf/03de0-2024-10-02-11-25-34.pdf",
        "periodicity": "periodic"
    },
    {
        "equity_ticker": "CAG",
        "geography": "US",
        "content_name": "CAG Q4 2024 Transcript",
        "file_type": "pdf",
        "content_type": "earnings_transcript",
        "published_date": "2024-07-11",
        "fiscal_date": "2024-07-11",
        "fiscal_year": 2024,
        "fiscal_quarter": 4,
        "r2_url": "https://pub-2c783279b61043e19fbdadd1bee5153a.r2.dev/CAG/2024-07-11/Conagra%20Brands%2C%20Inc._2024-07-11_transcript/Conagra%20Brands%2C%20Inc._2024-07-11_transcript.pdf/Conagra%20Brands%2C%20Inc._2024-07-11_transcript.pdf",
        "periodicity": "periodic"
    },
    {
        "equity_ticker": "CAG",
        "geography": "US",
        "content_name": "CAG Q4 2024 Press Release",
        "file_type": "pdf",
        "content_type": "earnings_press_release",
        "published_date": "2024-07-11",
        "fiscal_date": "2024-07-11",
        "fiscal_year": 2024,
        "fiscal_quarter": 4,
        "r2_url": "https://pub-2c783279b61043e19fbdadd1bee5153a.r2.dev/CAG/2024-07-11/ce9bb-2024-07-11-11-45-34/ce9bb-2024-07-11-11-45-34.pdf/ce9bb-2024-07-11-11-45-34.pdf",
        "periodicity": "periodic"
    },
    {
        "equity_ticker": "CAG",
        "geography": "US",
        "content_name": "CAG Q4 2024 Presentation",
        "file_type": "pdf",
        "content_type": "earnings_presentation",
        "published_date": "2024-07-11",
        "fiscal_date": "2024-07-11",
        "fiscal_year": 2024,
        "fiscal_quarter": 4,
        "r2_url": "https://pub-2c783279b61043e19fbdadd1bee5153a.r2.dev/CAG/2024-07-11/393f3-2024-07-11-01-21-03/393f3-2024-07-11-01-21-03.pdf/393f3-2024-07-11-01-21-03.pdf",
        "periodicity": "periodic"
    },
    {
        "equity_ticker": "CAG",
        "geography": "US",
        "content_name": "CAG Q3 2024 Transcript",
        "file_type": "pdf",
        "content_type": "earnings_transcript",
        "published_date": "2024-04-04",
        "fiscal_date": "2024-04-04",
        "fiscal_year": 2024,
        "fiscal_quarter": 3,
        "r2_url": "https://pub-2c783279b61043e19fbdadd1bee5153a.r2.dev/CAG/2024-04-04/Conagra%20Brands%2C%20Inc._2024-04-04_transcript/Conagra%20Brands%2C%20Inc._2024-04-04_transcript.pdf/Conagra%20Brands%2C%20Inc._2024-04-04_transcript.pdf",
        "periodicity": "periodic"
    },
    {
        "equity_ticker": "CAG",
        "geography": "US",
        "content_name": "CAG Q3 2024 Press Release",
        "file_type": "pdf",
        "content_type": "earnings_press_release",
        "published_date": "2024-04-04",
        "fiscal_date": "2024-04-04",
        "fiscal_year": 2024,
        "fiscal_quarter": 3,
        "r2_url": "https://pub-2c783279b61043e19fbdadd1bee5153a.r2.dev/CAG/2024-04-04/3afbb-2024-04-04-11-46-31/3afbb-2024-04-04-11-46-31.pdf/3afbb-2024-04-04-11-46-31.pdf",
        "periodicity": "periodic"
    },
    {
        "equity_ticker": "CAG",
        "geography": "US",
        "content_name": "CAG Q3 2024 Presentation",
        "file_type": "pdf",
        "content_type": "earnings_presentation",
        "published_date": "2024-04-04",
        "fiscal_date": "2024-04-04",
        "fiscal_year": 2024,
        "fiscal_quarter": 3,
        "r2_url": "https://pub-2c783279b61043e19fbdadd1bee5153a.r2.dev/CAG/2024-04-04/cad11-2024-04-04-11-01-39/cad11-2024-04-04-11-01-39.pdf/cad11-2024-04-04-11-01-39.pdf",
        "periodicity": "periodic"
    },
    {
        "equity_ticker": "CAG",
        "geography": "US",
        "content_name": "CAGNY 2024 Conference - February 20, 2024",
        "file_type": "pdf",
        "content_type": "industry_conference_transcript",
        "published_date": "2024-02-20",
        "fiscal_date": "2024-02-20",
        "fiscal_year": 0,
        "fiscal_quarter": 0,
        "r2_url": "https://pub-2c783279b61043e19fbdadd1bee5153a.r2.dev/CAG/2024-02-20/Conagra%20Brands%2C%20Inc._2024-02-20_transcript/Conagra%20Brands%2C%20Inc._2024-02-20_transcript.pdf/Conagra%20Brands%2C%20Inc._2024-02-20_transcript.pdf",
        "periodicity": "non_periodic"
    },
    {
        "equity_ticker": "CAG",
        "geography": "US",
        "content_name": "CAGNY 2024 Conference - February 20, 2024",
        "file_type": "pdf",
        "content_type": "industry_conference_presentation",
        "published_date": "2024-02-20",
        "fiscal_date": "2024-02-20",
        "fiscal_year": 0,
        "fiscal_quarter": 0,
        "r2_url": "https://pub-2c783279b61043e19fbdadd1bee5153a.r2.dev/CAG/2024-02-20/f9dc0-2024-02-20-02-08-03/f9dc0-2024-02-20-02-08-03.pdf/f9dc0-2024-02-20-02-08-03.pdf",
        "periodicity": "non_periodic"
    },
    {
        "equity_ticker": "CAG",
        "geography": "US",
        "content_name": "CAG Q2 2024 Transcript",
        "file_type": "pdf",
        "content_type": "earnings_transcript",
        "published_date": "2024-01-04",
        "fiscal_date": "2024-01-04",
        "fiscal_year": 2024,
        "fiscal_quarter": 2,
        "r2_url": "https://pub-2c783279b61043e19fbdadd1bee5153a.r2.dev/CAG/2024-01-04/Conagra%20Brands%2C%20Inc._2024-01-04_transcript/Conagra%20Brands%2C%20Inc._2024-01-04_transcript.pdf/Conagra%20Brands%2C%20Inc._2024-01-04_transcript.pdf",
        "periodicity": "periodic"
    },
    {
        "equity_ticker": "CAG",
        "geography": "US",
        "content_name": "CAG Q2 2024 Press Release",
        "file_type": "pdf",
        "content_type": "earnings_press_release",
        "published_date": "2024-01-04",
        "fiscal_date": "2024-01-04",
        "fiscal_year": 2024,
        "fiscal_quarter": 2,
        "r2_url": "https://pub-2c783279b61043e19fbdadd1bee5153a.r2.dev/CAG/2024-01-04/c4a40-2024-01-04-12-02-34/c4a40-2024-01-04-12-02-34.pdf/c4a40-2024-01-04-12-02-34.pdf",
        "periodicity": "periodic"
    },
    {
        "equity_ticker": "CAG",
        "geography": "US",
        "content_name": "CAG Q2 2024 Presentation",
        "file_type": "pdf",
        "content_type": "earnings_presentation",
        "published_date": "2024-01-04",
        "fiscal_date": "2024-01-04",
        "fiscal_year": 2024,
        "fiscal_quarter": 2,
        "r2_url": "https://pub-2c783279b61043e19fbdadd1bee5153a.r2.dev/CAG/2024-01-04/f0a9f-2024-01-04-12-14-46/f0a9f-2024-01-04-12-14-46.pdf/f0a9f-2024-01-04-12-14-46.pdf",
        "periodicity": "periodic"
    },
    {
        "equity_ticker": "CAG",
        "geography": "US",
        "content_name": "CAG Q1 2024 Transcript",
        "file_type": "pdf",
        "content_type": "earnings_transcript",
        "published_date": "2023-10-05",
        "fiscal_date": "2023-10-05",
        "fiscal_year": 2024,
        "fiscal_quarter": 1,
        "r2_url": "https://pub-2c783279b61043e19fbdadd1bee5153a.r2.dev/CAG/2023-10-05/Conagra%20Brands%2C%20Inc._2023-10-05_transcript/Conagra%20Brands%2C%20Inc._2023-10-05_transcript.pdf/Conagra%20Brands%2C%20Inc._2023-10-05_transcript.pdf",
        "periodicity": "periodic"
    },
    {
        "equity_ticker": "CAG",
        "geography": "US",
        "content_name": "CAG Q1 2024 Press Release",
        "file_type": "pdf",
        "content_type": "quarterly_report",
        "published_date": "2023-10-05",
        "fiscal_date": "2023-10-05",
        "fiscal_year": 2024,
        "fiscal_quarter": 1,
        "r2_url": "https://pub-2c783279b61043e19fbdadd1bee5153a.r2.dev/CAG/2023-10-05/ba7ab-2024-08-30-05-02-35/ba7ab-2024-08-30-05-02-35.pdf/ba7ab-2024-08-30-05-02-35.pdf",
        "periodicity": "periodic"
    },
    {
        "equity_ticker": "CAG",
        "geography": "US",
        "content_name": "CAG Q1 2024 Presentation",
        "file_type": "pdf",
        "content_type": "earnings_presentation",
        "published_date": "2023-10-05",
        "fiscal_date": "2023-10-05",
        "fiscal_year": 2024,
        "fiscal_quarter": 1,
        "r2_url": "https://pub-2c783279b61043e19fbdadd1bee5153a.r2.dev/CAG/2023-10-05/b7d56-2023-10-05-11-53-37/b7d56-2023-10-05-11-53-37.pdf/b7d56-2023-10-05-11-53-37.pdf",
        "periodicity": "periodic"
    },
    {
        "equity_ticker": "CAG",
        "geography": "US",
        "content_name": "CAG Q4 2023 Transcript",
        "file_type": "pdf",
        "content_type": "earnings_transcript",
        "published_date": "2023-07-13",
        "fiscal_date": "2023-07-13",
        "fiscal_year": 2023,
        "fiscal_quarter": 4,
        "r2_url": "https://pub-2c783279b61043e19fbdadd1bee5153a.r2.dev/CAG/2023-07-13/Conagra%20Brands%2C%20Inc._2023-07-13_transcript/Conagra%20Brands%2C%20Inc._2023-07-13_transcript.pdf/Conagra%20Brands%2C%20Inc._2023-07-13_transcript.pdf",
        "periodicity": "periodic"
    },
    {
        "equity_ticker": "CAG",
        "geography": "US",
        "content_name": "CAG Q4 2023 Press Release",
        "file_type": "pdf",
        "content_type": "earnings_press_release",
        "published_date": "2023-07-13",
        "fiscal_date": "2023-07-13",
        "fiscal_year": 2023,
        "fiscal_quarter": 4,
        "r2_url": "https://pub-2c783279b61043e19fbdadd1bee5153a.r2.dev/CAG/2023-07-13/aa2a7-2023-07-13-11-57-44/aa2a7-2023-07-13-11-57-44.pdf/aa2a7-2023-07-13-11-57-44.pdf",
        "periodicity": "periodic"
    },
    {
        "equity_ticker": "CAG",
        "geography": "US",
        "content_name": "CAG Q4 2023 Presentation",
        "file_type": "pdf",
        "content_type": "earnings_presentation",
        "published_date": "2023-07-13",
        "fiscal_date": "2023-07-13",
        "fiscal_year": 2023,
        "fiscal_quarter": 4,
        "r2_url": "https://pub-2c783279b61043e19fbdadd1bee5153a.r2.dev/CAG/2023-07-13/21327-2023-07-13-11-46-38/21327-2023-07-13-11-46-38.pdf/21327-2023-07-13-11-46-38.pdf",
        "periodicity": "periodic"
    },
    {
        "equity_ticker": "CAG",
        "geography": "US",
        "content_name": "CAG Q3 2023 Transcript",
        "file_type": "pdf",
        "content_type": "earnings_transcript",
        "published_date": "2023-04-05",
        "fiscal_date": "2023-04-05",
        "fiscal_year": 2023,
        "fiscal_quarter": 3,
        "r2_url": "https://pub-2c783279b61043e19fbdadd1bee5153a.r2.dev/CAG/2023-04-05/Conagra%20Brands%2C%20Inc._2023-04-05_transcript/Conagra%20Brands%2C%20Inc._2023-04-05_transcript.pdf/Conagra%20Brands%2C%20Inc._2023-04-05_transcript.pdf",
        "periodicity": "periodic"
    },
    {
        "equity_ticker": "CAG",
        "geography": "US",
        "content_name": "CAG Q3 2023 Press Release",
        "file_type": "pdf",
        "content_type": "earnings_press_release",
        "published_date": "2023-04-05",
        "fiscal_date": "2023-04-05",
        "fiscal_year": 2023,
        "fiscal_quarter": 3,
        "r2_url": "https://pub-2c783279b61043e19fbdadd1bee5153a.r2.dev/CAG/2023-04-05/8f41c-2023-04-05-09-10-26/8f41c-2023-04-05-09-10-26.pdf/8f41c-2023-04-05-09-10-26.pdf",
        "periodicity": "periodic"
    },
    {
        "equity_ticker": "CAG",
        "geography": "US",
        "content_name": "CAG Q3 2023 Presentation",
        "file_type": "pdf",
        "content_type": "earnings_presentation",
        "published_date": "2023-04-05",
        "fiscal_date": "2023-04-05",
        "fiscal_year": 2023,
        "fiscal_quarter": 3,
        "r2_url": "https://pub-2c783279b61043e19fbdadd1bee5153a.r2.dev/CAG/2023-04-05/44c76-2023-04-05-11-28-38/44c76-2023-04-05-11-28-38.pdf/44c76-2023-04-05-11-28-38.pdf",
        "periodicity": "periodic"
    },
    {
        "equity_ticker": "CAG",
        "geography": "US",
        "content_name": "Consumer Analyst Group of New York - February 21, 2023",
        "file_type": "pdf",
        "content_type": "industry_conference_transcript",
        "published_date": "2023-02-21",
        "fiscal_date": "2023-02-21",
        "fiscal_year": 0,
        "fiscal_quarter": 0,
        "r2_url": "https://pub-2c783279b61043e19fbdadd1bee5153a.r2.dev/CAG/2023-02-21/Conagra%20Brands%2C%20Inc._2023-02-21_transcript/Conagra%20Brands%2C%20Inc._2023-02-21_transcript.pdf/Conagra%20Brands%2C%20Inc._2023-02-21_transcript.pdf",
        "periodicity": "non_periodic"
    },
    {
        "equity_ticker": "CAG",
        "geography": "US",
        "content_name": "Consumer Analyst Group of New York - February 21, 2023",
        "file_type": "pdf",
        "content_type": "industry_conference_presentation",
        "published_date": "2023-02-21",
        "fiscal_date": "2023-02-21",
        "fiscal_year": 0,
        "fiscal_quarter": 0,
        "r2_url": "https://pub-2c783279b61043e19fbdadd1bee5153a.r2.dev/CAG/2023-02-21/64877-2023-02-21-04-16-17/64877-2023-02-21-04-16-17.pdf/64877-2023-02-21-04-16-17.pdf",
        "periodicity": "non_periodic"
    },
    {
        "equity_ticker": "CAG",
        "geography": "US",
        "content_name": "CAG Q2 2023 Transcript",
        "file_type": "pdf",
        "content_type": "earnings_transcript",
        "published_date": "2023-01-05",
        "fiscal_date": "2023-01-05",
        "fiscal_year": 2023,
        "fiscal_quarter": 2,
        "r2_url": "https://pub-2c783279b61043e19fbdadd1bee5153a.r2.dev/CAG/2023-01-05/Conagra%20Brands%2C%20Inc._2023-01-05_transcript/Conagra%20Brands%2C%20Inc._2023-01-05_transcript.pdf/Conagra%20Brands%2C%20Inc._2023-01-05_transcript.pdf",
        "periodicity": "periodic"
    },
    {
        "equity_ticker": "CAG",
        "geography": "US",
        "content_name": "CAG Q2 2023 Press Release",
        "file_type": "pdf",
        "content_type": "earnings_press_release",
        "published_date": "2023-01-05",
        "fiscal_date": "2023-01-05",
        "fiscal_year": 2023,
        "fiscal_quarter": 2,
        "r2_url": "https://pub-2c783279b61043e19fbdadd1bee5153a.r2.dev/CAG/2023-01-05/dcd28-2023-01-05-12-30-41/dcd28-2023-01-05-12-30-41.pdf/dcd28-2023-01-05-12-30-41.pdf",
        "periodicity": "periodic"
    },
    {
        "equity_ticker": "CAG",
        "geography": "US",
        "content_name": "CAG Q2 2023 Presentation",
        "file_type": "pdf",
        "content_type": "earnings_presentation",
        "published_date": "2023-01-05",
        "fiscal_date": "2023-01-05",
        "fiscal_year": 2023,
        "fiscal_quarter": 2,
        "r2_url": "https://pub-2c783279b61043e19fbdadd1bee5153a.r2.dev/CAG/2023-01-05/c50f5-2025-03-25-09-21-14/c50f5-2025-03-25-09-21-14.pdf/c50f5-2025-03-25-09-21-14.pdf",
        "periodicity": "periodic"
    },
    {
        "equity_ticker": "CAG",
        "geography": "US",
        "content_name": "CAG Q1 2023 Transcript",
        "file_type": "pdf",
        "content_type": "earnings_transcript",
        "published_date": "2022-10-06",
        "fiscal_date": "2022-10-06",
        "fiscal_year": 2023,
        "fiscal_quarter": 1,
        "r2_url": "https://pub-2c783279b61043e19fbdadd1bee5153a.r2.dev/CAG/2022-10-06/Conagra%20Brands%2C%20Inc._2022-10-06_transcript/Conagra%20Brands%2C%20Inc._2022-10-06_transcript.pdf/Conagra%20Brands%2C%20Inc._2022-10-06_transcript.pdf",
        "periodicity": "periodic"
    },
    {
        "equity_ticker": "CAG",
        "geography": "US",
        "content_name": "CAG Q1 2023 Press Release",
        "file_type": "pdf",
        "content_type": "quarterly_report",
        "published_date": "2022-10-06",
        "fiscal_date": "2022-10-06",
        "fiscal_year": 2023,
        "fiscal_quarter": 1,
        "r2_url": "https://pub-2c783279b61043e19fbdadd1bee5153a.r2.dev/CAG/2022-10-06/f5538-2024-08-30-05-02-35/f5538-2024-08-30-05-02-35.pdf/f5538-2024-08-30-05-02-35.pdf",
        "periodicity": "periodic"
    },
    {
        "equity_ticker": "CAG",
        "geography": "US",
        "content_name": "CAG Q1 2023 Presentation",
        "file_type": "pdf",
        "content_type": "earnings_presentation",
        "published_date": "2022-10-06",
        "fiscal_date": "2022-10-06",
        "fiscal_year": 2023,
        "fiscal_quarter": 1,
        "r2_url": "https://pub-2c783279b61043e19fbdadd1bee5153a.r2.dev/CAG/2022-10-06/d7be4-2022-10-06-11-46-43/d7be4-2022-10-06-11-46-43.pdf/d7be4-2022-10-06-11-46-43.pdf",
        "periodicity": "periodic"
    },
    {
        "equity_ticker": "CAG",
        "geography": "US",
        "content_name": "Investor Day 2022 - July 27, 2022",
        "file_type": "pdf",
        "content_type": "company_conference_transcript",
        "published_date": "2022-07-27",
        "fiscal_date": "2022-07-27",
        "fiscal_year": 0,
        "fiscal_quarter": 0,
        "r2_url": "https://pub-2c783279b61043e19fbdadd1bee5153a.r2.dev/CAG/2022-07-27/Conagra%20Brands%2C%20Inc._2022-07-27_transcript/Conagra%20Brands%2C%20Inc._2022-07-27_transcript.pdf/Conagra%20Brands%2C%20Inc._2022-07-27_transcript.pdf",
        "periodicity": "non_periodic"
    },
    {
        "equity_ticker": "CAG",
        "geography": "US",
        "content_name": "CAG Q4 2022 Transcript",
        "file_type": "pdf",
        "content_type": "earnings_transcript",
        "published_date": "2022-07-14",
        "fiscal_date": "2022-07-14",
        "fiscal_year": 2022,
        "fiscal_quarter": 4,
        "r2_url": "https://pub-2c783279b61043e19fbdadd1bee5153a.r2.dev/CAG/2022-07-14/Conagra%20Brands%2C%20Inc._2022-07-14_transcript/Conagra%20Brands%2C%20Inc._2022-07-14_transcript.pdf/Conagra%20Brands%2C%20Inc._2022-07-14_transcript.pdf",
        "periodicity": "periodic"
    },
    {
        "equity_ticker": "CAG",
        "geography": "US",
        "content_name": "CAG Q4 2022 Press Release",
        "file_type": "pdf",
        "content_type": "earnings_press_release",
        "published_date": "2022-07-14",
        "fiscal_date": "2022-07-14",
        "fiscal_year": 2022,
        "fiscal_quarter": 4,
        "r2_url": "https://pub-2c783279b61043e19fbdadd1bee5153a.r2.dev/CAG/2022-07-14/3ce4d-2025-03-11-10-09-10/3ce4d-2025-03-11-10-09-10.pdf/3ce4d-2025-03-11-10-09-10.pdf",
        "periodicity": "periodic"
    },
    {
        "equity_ticker": "CAG",
        "geography": "US",
        "content_name": "CAG Q4 2022 Presentation",
        "file_type": "pdf",
        "content_type": "earnings_presentation",
        "published_date": "2022-07-14",
        "fiscal_date": "2022-07-14",
        "fiscal_year": 2022,
        "fiscal_quarter": 4,
        "r2_url": "https://pub-2c783279b61043e19fbdadd1bee5153a.r2.dev/CAG/2022-07-14/f3940-2022-07-14-02-28-22/f3940-2022-07-14-02-28-22.pdf/f3940-2022-07-14-02-28-22.pdf",
        "periodicity": "periodic"
    },
    {
        "equity_ticker": "CAG",
        "geography": "US",
        "content_name": "CAG Q3 2022 Transcript",
        "file_type": "pdf",
        "content_type": "earnings_transcript",
        "published_date": "2022-04-07",
        "fiscal_date": "2022-04-07",
        "fiscal_year": 2022,
        "fiscal_quarter": 3,
        "r2_url": "https://pub-2c783279b61043e19fbdadd1bee5153a.r2.dev/CAG/2022-04-07/Conagra%20Brands%2C%20Inc._2022-04-07_transcript/Conagra%20Brands%2C%20Inc._2022-04-07_transcript.pdf/Conagra%20Brands%2C%20Inc._2022-04-07_transcript.pdf",
        "periodicity": "periodic"
    },
    {
        "equity_ticker": "CAG",
        "geography": "US",
        "content_name": "CAG Q3 2022 Press Release",
        "file_type": "pdf",
        "content_type": "quarterly_report",
        "published_date": "2022-04-07",
        "fiscal_date": "2022-04-07",
        "fiscal_year": 2022,
        "fiscal_quarter": 3,
        "r2_url": "https://pub-2c783279b61043e19fbdadd1bee5153a.r2.dev/CAG/2022-04-07/f825b-2024-08-30-05-11-35/f825b-2024-08-30-05-11-35.pdf/f825b-2024-08-30-05-11-35.pdf",
        "periodicity": "periodic"
    },
    {
        "equity_ticker": "CAG",
        "geography": "US",
        "content_name": "CAG Q3 2022 Presentation",
        "file_type": "pdf",
        "content_type": "earnings_presentation",
        "published_date": "2022-04-07",
        "fiscal_date": "2022-04-07",
        "fiscal_year": 2022,
        "fiscal_quarter": 3,
        "r2_url": "https://pub-2c783279b61043e19fbdadd1bee5153a.r2.dev/CAG/2022-04-07/aa733-2022-04-07-05-17-15-migrated/aa733-2022-04-07-05-17-15-migrated.pdf/aa733-2022-04-07-05-17-15-migrated.pdf",
        "periodicity": "periodic"
    },
    {
        "equity_ticker": "CAG",
        "geography": "US",
        "content_name": "CAG Q2 2022 Transcript",
        "file_type": "pdf",
        "content_type": "earnings_transcript",
        "published_date": "2022-01-06",
        "fiscal_date": "2022-01-06",
        "fiscal_year": 2022,
        "fiscal_quarter": 2,
        "r2_url": "https://pub-2c783279b61043e19fbdadd1bee5153a.r2.dev/CAG/2022-01-06/Conagra%20Brands%2C%20Inc._2022-01-06_transcript/Conagra%20Brands%2C%20Inc._2022-01-06_transcript.pdf/Conagra%20Brands%2C%20Inc._2022-01-06_transcript.pdf",
        "periodicity": "periodic"
    },
    {
        "equity_ticker": "CAG",
        "geography": "US",
        "content_name": "CAG Q2 2022 Press Release",
        "file_type": "pdf",
        "content_type": "quarterly_report",
        "published_date": "2022-01-06",
        "fiscal_date": "2022-01-06",
        "fiscal_year": 2022,
        "fiscal_quarter": 2,
        "r2_url": "https://pub-2c783279b61043e19fbdadd1bee5153a.r2.dev/CAG/2022-01-06/cf8d6-2024-08-30-05-08-35/cf8d6-2024-08-30-05-08-35.pdf/cf8d6-2024-08-30-05-08-35.pdf",
        "periodicity": "periodic"
    },
    {
        "equity_ticker": "CAG",
        "geography": "US",
        "content_name": "CAG Q2 2022 Presentation",
        "file_type": "pdf",
        "content_type": "earnings_presentation",
        "published_date": "2022-01-06",
        "fiscal_date": "2022-01-06",
        "fiscal_year": 2022,
        "fiscal_quarter": 2,
        "r2_url": "https://pub-2c783279b61043e19fbdadd1bee5153a.r2.dev/CAG/2022-01-06/46e79-2022-01-06-12-00-00-migrated/46e79-2022-01-06-12-00-00-migrated.pdf/46e79-2022-01-06-12-00-00-migrated.pdf",
        "periodicity": "periodic"
    },
    {
        "equity_ticker": "CAG",
        "geography": "US",
        "content_name": "CAG Q1 2022 Transcript",
        "file_type": "pdf",
        "content_type": "earnings_transcript",
        "published_date": "2021-10-07",
        "fiscal_date": "2021-10-07",
        "fiscal_year": 2022,
        "fiscal_quarter": 1,
        "r2_url": "https://pub-2c783279b61043e19fbdadd1bee5153a.r2.dev/CAG/2021-10-07/Conagra%20Brands%2C%20Inc._2021-10-07_transcript/Conagra%20Brands%2C%20Inc._2021-10-07_transcript.pdf/Conagra%20Brands%2C%20Inc._2021-10-07_transcript.pdf",
        "periodicity": "periodic"
    },
    {
        "equity_ticker": "CAG",
        "geography": "US",
        "content_name": "CAG Q1 2022 Press Release",
        "file_type": "pdf",
        "content_type": "quarterly_report",
        "published_date": "2021-10-07",
        "fiscal_date": "2021-10-07",
        "fiscal_year": 2022,
        "fiscal_quarter": 1,
        "r2_url": "https://pub-2c783279b61043e19fbdadd1bee5153a.r2.dev/CAG/2021-10-07/b7df2-2024-08-30-05-11-35/b7df2-2024-08-30-05-11-35.pdf/b7df2-2024-08-30-05-11-35.pdf",
        "periodicity": "periodic"
    },
    {
        "equity_ticker": "CAG",
        "geography": "US",
        "content_name": "CAG Q1 2022 Presentation",
        "file_type": "pdf",
        "content_type": "earnings_presentation",
        "published_date": "2021-10-07",
        "fiscal_date": "2021-10-07",
        "fiscal_year": 2022,
        "fiscal_quarter": 1,
        "r2_url": "https://pub-2c783279b61043e19fbdadd1bee5153a.r2.dev/CAG/2021-10-07/f536f-2021-10-07-12-00-00-migrated/f536f-2021-10-07-12-00-00-migrated.pdf/f536f-2021-10-07-12-00-00-migrated.pdf",
        "periodicity": "periodic"
    },
    {
        "equity_ticker": "CAG",
        "geography": "US",
        "content_name": "CAG Q4 2021 Transcript",
        "file_type": "pdf",
        "content_type": "earnings_transcript",
        "published_date": "2021-07-13",
        "fiscal_date": "2021-07-13",
        "fiscal_year": 2021,
        "fiscal_quarter": 4,
        "r2_url": "https://pub-2c783279b61043e19fbdadd1bee5153a.r2.dev/CAG/2021-07-13/Conagra%20Brands%2C%20Inc._2021-07-13_transcript/Conagra%20Brands%2C%20Inc._2021-07-13_transcript.pdf/Conagra%20Brands%2C%20Inc._2021-07-13_transcript.pdf",
        "periodicity": "periodic"
    },
    {
        "equity_ticker": "CAG",
        "geography": "US",
        "content_name": "CAG Q4 2021 Press Release",
        "file_type": "pdf",
        "content_type": "earnings_press_release",
        "published_date": "2021-07-13",
        "fiscal_date": "2021-07-13",
        "fiscal_year": 2021,
        "fiscal_quarter": 4,
        "r2_url": "https://pub-2c783279b61043e19fbdadd1bee5153a.r2.dev/CAG/2021-07-13/5cb90-2023-01-25-09-10-47/5cb90-2023-01-25-09-10-47.pdf/5cb90-2023-01-25-09-10-47.pdf",
        "periodicity": "periodic"
    },
    {
        "equity_ticker": "CAG",
        "geography": "US",
        "content_name": "CAG Q4 2021 Presentation",
        "file_type": "pdf",
        "content_type": "earnings_presentation",
        "published_date": "2021-07-13",
        "fiscal_date": "2021-07-13",
        "fiscal_year": 2021,
        "fiscal_quarter": 4,
        "r2_url": "https://pub-2c783279b61043e19fbdadd1bee5153a.r2.dev/CAG/2021-07-13/d495b-2021-07-13-11-00-46-migrated/d495b-2021-07-13-11-00-46-migrated.pdf/d495b-2021-07-13-11-00-46-migrated.pdf",
        "periodicity": "periodic"
    },
    {
        "equity_ticker": "CAG",
        "geography": "US",
        "content_name": "CAG Q3 2021 Transcript",
        "file_type": "pdf",
        "content_type": "earnings_transcript",
        "published_date": "2021-04-08",
        "fiscal_date": "2021-04-08",
        "fiscal_year": 2021,
        "fiscal_quarter": 3,
        "r2_url": "https://pub-2c783279b61043e19fbdadd1bee5153a.r2.dev/CAG/2021-04-08/Conagra%20Brands%2C%20Inc._2021-04-08_transcript/Conagra%20Brands%2C%20Inc._2021-04-08_transcript.pdf/Conagra%20Brands%2C%20Inc._2021-04-08_transcript.pdf",
        "periodicity": "periodic"
    },
    {
        "equity_ticker": "CAG",
        "geography": "US",
        "content_name": "CAG Q3 2021 Press Release",
        "file_type": "pdf",
        "content_type": "quarterly_report",
        "published_date": "2021-04-08",
        "fiscal_date": "2021-04-08",
        "fiscal_year": 2021,
        "fiscal_quarter": 3,
        "r2_url": "https://pub-2c783279b61043e19fbdadd1bee5153a.r2.dev/CAG/2021-04-08/a935e-2024-08-30-05-20-35/a935e-2024-08-30-05-20-35.pdf/a935e-2024-08-30-05-20-35.pdf",
        "periodicity": "periodic"
    },
    {
        "equity_ticker": "CAG",
        "geography": "US",
        "content_name": "CAG Q3 2021 Presentation",
        "file_type": "pdf",
        "content_type": "earnings_presentation",
        "published_date": "2021-04-08",
        "fiscal_date": "2021-04-08",
        "fiscal_year": 2021,
        "fiscal_quarter": 3,
        "r2_url": "https://pub-2c783279b61043e19fbdadd1bee5153a.r2.dev/CAG/2021-04-08/96b84-2021-04-08-02-00-00-migrated/96b84-2021-04-08-02-00-00-migrated.pdf/96b84-2021-04-08-02-00-00-migrated.pdf",
        "periodicity": "periodic"
    },
    {
        "equity_ticker": "CAG",
        "geography": "US",
        "content_name": "CAG Q2 2021 Transcript",
        "file_type": "pdf",
        "content_type": "earnings_transcript",
        "published_date": "2021-01-07",
        "fiscal_date": "2021-01-07",
        "fiscal_year": 2021,
        "fiscal_quarter": 2,
        "r2_url": "https://pub-2c783279b61043e19fbdadd1bee5153a.r2.dev/CAG/2021-01-07/Conagra%20Brands%2C%20Inc._2021-01-07_transcript/Conagra%20Brands%2C%20Inc._2021-01-07_transcript.pdf/Conagra%20Brands%2C%20Inc._2021-01-07_transcript.pdf",
        "periodicity": "periodic"
    },
    {
        "equity_ticker": "CAG",
        "geography": "US",
        "content_name": "CAG Q2 2021 Press Release",
        "file_type": "pdf",
        "content_type": "earnings_press_release",
        "published_date": "2021-01-07",
        "fiscal_date": "2021-01-07",
        "fiscal_year": 2021,
        "fiscal_quarter": 2,
        "r2_url": "https://pub-2c783279b61043e19fbdadd1bee5153a.r2.dev/CAG/2021-01-07/1ee85-2024-07-31-08-53-21/1ee85-2024-07-31-08-53-21.pdf/1ee85-2024-07-31-08-53-21.pdf",
        "periodicity": "periodic"
    },
    {
        "equity_ticker": "CAG",
        "geography": "US",
        "content_name": "CAG Q2 2021 Presentation",
        "file_type": "pdf",
        "content_type": "earnings_presentation",
        "published_date": "2021-01-07",
        "fiscal_date": "2021-01-07",
        "fiscal_year": 2021,
        "fiscal_quarter": 2,
        "r2_url": "https://pub-2c783279b61043e19fbdadd1bee5153a.r2.dev/CAG/2021-01-07/9c2f3-2024-07-31-08-53-21/9c2f3-2024-07-31-08-53-21.pdf/9c2f3-2024-07-31-08-53-21.pdf",
        "periodicity": "periodic"
    },
    {
        "equity_ticker": "CAG",
        "geography": "US",
        "content_name": "CAG Q1 2021 Transcript",
        "file_type": "pdf",
        "content_type": "earnings_transcript",
        "published_date": "2020-10-01",
        "fiscal_date": "2020-10-01",
        "fiscal_year": 2021,
        "fiscal_quarter": 1,
        "r2_url": "https://pub-2c783279b61043e19fbdadd1bee5153a.r2.dev/CAG/2020-10-01/Conagra%20Brands%2C%20Inc._2020-10-01_transcript/Conagra%20Brands%2C%20Inc._2020-10-01_transcript.pdf/Conagra%20Brands%2C%20Inc._2020-10-01_transcript.pdf",
        "periodicity": "periodic"
    },
    {
        "equity_ticker": "CAG",
        "geography": "US",
        "content_name": "CAG Q1 2021 Press Release",
        "file_type": "pdf",
        "content_type": "earnings_press_release",
        "published_date": "2020-10-01",
        "fiscal_date": "2020-10-01",
        "fiscal_year": 2021,
        "fiscal_quarter": 1,
        "r2_url": "https://pub-2c783279b61043e19fbdadd1bee5153a.r2.dev/CAG/2020-10-01/004ef-2024-07-31-08-30-22/004ef-2024-07-31-08-30-22.pdf/004ef-2024-07-31-08-30-22.pdf",
        "periodicity": "periodic"
    },
    {
        "equity_ticker": "CAG",
        "geography": "US",
        "content_name": "CAG Q1 2021 Presentation",
        "file_type": "pdf",
        "content_type": "earnings_presentation",
        "published_date": "2020-10-01",
        "fiscal_date": "2020-10-01",
        "fiscal_year": 2021,
        "fiscal_quarter": 1,
        "r2_url": "https://pub-2c783279b61043e19fbdadd1bee5153a.r2.dev/CAG/2020-10-01/562e4-2024-07-31-08-30-22/562e4-2024-07-31-08-30-22.pdf/562e4-2024-07-31-08-30-22.pdf",
        "periodicity": "periodic"
    },
    {
        "equity_ticker": "CAG",
        "geography": "US",
        "content_name": "CAG Q4 2020 Transcript",
        "file_type": "pdf",
        "content_type": "earnings_transcript",
        "published_date": "2020-07-24",
        "fiscal_date": "2020-07-24",
        "fiscal_year": 2020,
        "fiscal_quarter": 4,
        "r2_url": "https://pub-2c783279b61043e19fbdadd1bee5153a.r2.dev/CAG/2020-07-24/Conagra%20Brands%2C%20Inc._2020-07-24_transcript/Conagra%20Brands%2C%20Inc._2020-07-24_transcript.pdf/Conagra%20Brands%2C%20Inc._2020-07-24_transcript.pdf",
        "periodicity": "periodic"
    },
    {
        "equity_ticker": "CAG",
        "geography": "US",
        "content_name": "CAG Q4 2020 Press Release",
        "file_type": "pdf",
        "content_type": "annual_report",
        "published_date": "2020-07-24",
        "fiscal_date": "2020-07-24",
        "fiscal_year": 2020,
        "fiscal_quarter": 4,
        "r2_url": "https://pub-2c783279b61043e19fbdadd1bee5153a.r2.dev/CAG/2020-07-24/83e34-2023-09-06-12-44-29/83e34-2023-09-06-12-44-29.pdf/83e34-2023-09-06-12-44-29.pdf",
        "periodicity": "periodic"
    },
    {
        "equity_ticker": "CAG",
        "geography": "US",
        "content_name": "CAG Q3 2020 Transcript",
        "file_type": "pdf",
        "content_type": "earnings_transcript",
        "published_date": "2020-03-31",
        "fiscal_date": "2020-03-31",
        "fiscal_year": 2020,
        "fiscal_quarter": 3,
        "r2_url": "https://pub-2c783279b61043e19fbdadd1bee5153a.r2.dev/CAG/2020-03-31/Conagra%20Brands%2C%20Inc._2020-03-31_transcript/Conagra%20Brands%2C%20Inc._2020-03-31_transcript.pdf/Conagra%20Brands%2C%20Inc._2020-03-31_transcript.pdf",
        "periodicity": "periodic"
    },
    {
        "equity_ticker": "CAG",
        "geography": "US",
        "content_name": "CAG Q2 2020 Transcript",
        "file_type": "pdf",
        "content_type": "earnings_transcript",
        "published_date": "2019-12-19",
        "fiscal_date": "2019-12-19",
        "fiscal_year": 2020,
        "fiscal_quarter": 2,
        "r2_url": "https://pub-2c783279b61043e19fbdadd1bee5153a.r2.dev/CAG/2019-12-19/Conagra%20Brands%2C%20Inc._2019-12-19_transcript/Conagra%20Brands%2C%20Inc._2019-12-19_transcript.pdf/Conagra%20Brands%2C%20Inc._2019-12-19_transcript.pdf",
        "periodicity": "periodic"
    },
    {
        "equity_ticker": "CAG",
        "geography": "US",
        "content_name": "CAG Q1 2020 Transcript",
        "file_type": "pdf",
        "content_type": "earnings_transcript",
        "published_date": "2019-09-26",
        "fiscal_date": "2019-09-26",
        "fiscal_year": 2020,
        "fiscal_quarter": 1,
        "r2_url": "https://pub-2c783279b61043e19fbdadd1bee5153a.r2.dev/CAG/2019-09-26/Conagra%20Brands%2C%20Inc._2019-09-26_transcript/Conagra%20Brands%2C%20Inc._2019-09-26_transcript.pdf/Conagra%20Brands%2C%20Inc._2019-09-26_transcript.pdf",
        "periodicity": "periodic"
    },
    {
        "equity_ticker": "CAG",
        "geography": "US",
        "content_name": "CAG Q4 2019 Transcript",
        "file_type": "pdf",
        "content_type": "earnings_transcript",
        "published_date": "2019-07-19",
        "fiscal_date": "2019-07-19",
        "fiscal_year": 2019,
        "fiscal_quarter": 4,
        "r2_url": "https://pub-2c783279b61043e19fbdadd1bee5153a.r2.dev/CAG/2019-07-19/Conagra%20Brands%2C%20Inc._2019-07-19_transcript/Conagra%20Brands%2C%20Inc._2019-07-19_transcript.pdf/Conagra%20Brands%2C%20Inc._2019-07-19_transcript.pdf",
        "periodicity": "periodic"
    },
    {
        "equity_ticker": "CAG",
        "geography": "US",
        "content_name": "CAG Q4 2019 Press Release",
        "file_type": "pdf",
        "content_type": "annual_report",
        "published_date": "2019-07-19",
        "fiscal_date": "2019-07-19",
        "fiscal_year": 2019,
        "fiscal_quarter": 4,
        "r2_url": "https://pub-2c783279b61043e19fbdadd1bee5153a.r2.dev/CAG/2019-07-19/3eaa5-2023-09-06-12-55-29/3eaa5-2023-09-06-12-55-29.pdf/3eaa5-2023-09-06-12-55-29.pdf",
        "periodicity": "periodic"
    },
    {
        "equity_ticker": "CAG",
        "geography": "US",
        "content_name": "CAG Q3 2019 Transcript",
        "file_type": "pdf",
        "content_type": "earnings_transcript",
        "published_date": "2019-03-21",
        "fiscal_date": "2019-03-21",
        "fiscal_year": 2019,
        "fiscal_quarter": 3,
        "r2_url": "https://pub-2c783279b61043e19fbdadd1bee5153a.r2.dev/CAG/2019-03-21/Conagra%20Brands%2C%20Inc._2019-03-21_transcript/Conagra%20Brands%2C%20Inc._2019-03-21_transcript.pdf/Conagra%20Brands%2C%20Inc._2019-03-21_transcript.pdf",
        "periodicity": "periodic"
    },
    {
        "equity_ticker": "CAG",
        "geography": "US",
        "content_name": "CAG Q2 2019 Transcript",
        "file_type": "pdf",
        "content_type": "earnings_transcript",
        "published_date": "2018-12-20",
        "fiscal_date": "2018-12-20",
        "fiscal_year": 2019,
        "fiscal_quarter": 2,
        "r2_url": "https://pub-2c783279b61043e19fbdadd1bee5153a.r2.dev/CAG/2018-12-20/Conagra%20Brands%2C%20Inc._2018-12-20_transcript/Conagra%20Brands%2C%20Inc._2018-12-20_transcript.pdf/Conagra%20Brands%2C%20Inc._2018-12-20_transcript.pdf",
        "periodicity": "periodic"
    },
    {
        "equity_ticker": "CAG",
        "geography": "US",
        "content_name": "CAG Q1 2019 Transcript",
        "file_type": "pdf",
        "content_type": "earnings_transcript",
        "published_date": "2018-09-27",
        "fiscal_date": "2018-09-27",
        "fiscal_year": 2019,
        "fiscal_quarter": 1,
        "r2_url": "https://pub-2c783279b61043e19fbdadd1bee5153a.r2.dev/CAG/2018-09-27/Conagra%20Brands%2C%20Inc._2018-09-27_transcript/Conagra%20Brands%2C%20Inc._2018-09-27_transcript.pdf/Conagra%20Brands%2C%20Inc._2018-09-27_transcript.pdf",
        "periodicity": "periodic"
    },
    {
        "equity_ticker": "CAG",
        "geography": "US",
        "content_name": "CAG Q4 2018 Transcript",
        "file_type": "pdf",
        "content_type": "earnings_transcript",
        "published_date": "2018-07-20",
        "fiscal_date": "2018-07-20",
        "fiscal_year": 2018,
        "fiscal_quarter": 4,
        "r2_url": "https://pub-2c783279b61043e19fbdadd1bee5153a.r2.dev/CAG/2018-07-20/Conagra%20Brands%2C%20Inc._2018-07-20_transcript/Conagra%20Brands%2C%20Inc._2018-07-20_transcript.pdf/Conagra%20Brands%2C%20Inc._2018-07-20_transcript.pdf",
        "periodicity": "periodic"
    },
    {
        "equity_ticker": "CAG",
        "geography": "US",
        "content_name": "CAG Q4 2018 Press Release",
        "file_type": "pdf",
        "content_type": "annual_report",
        "published_date": "2018-07-20",
        "fiscal_date": "2018-07-20",
        "fiscal_year": 2018,
        "fiscal_quarter": 4,
        "r2_url": "https://pub-2c783279b61043e19fbdadd1bee5153a.r2.dev/CAG/2018-07-20/030ad-2023-09-06-12-15-30/030ad-2023-09-06-12-15-30.pdf/030ad-2023-09-06-12-15-30.pdf",
        "periodicity": "periodic"
    },
    {
        "equity_ticker": "CAG",
        "geography": "US",
        "content_name": "CAG Q3 2018 Transcript",
        "file_type": "pdf",
        "content_type": "earnings_transcript",
        "published_date": "2018-03-22",
        "fiscal_date": "2018-03-22",
        "fiscal_year": 2018,
        "fiscal_quarter": 3,
        "r2_url": "https://pub-2c783279b61043e19fbdadd1bee5153a.r2.dev/CAG/2018-03-22/Conagra%20Brands%2C%20Inc._2018-03-22_transcript/Conagra%20Brands%2C%20Inc._2018-03-22_transcript.pdf/Conagra%20Brands%2C%20Inc._2018-03-22_transcript.pdf",
        "periodicity": "periodic"
    },
    {
        "equity_ticker": "CAG",
        "geography": "US",
        "content_name": "CAG Q2 2018 Transcript",
        "file_type": "pdf",
        "content_type": "earnings_transcript",
        "published_date": "2017-12-21",
        "fiscal_date": "2017-12-21",
        "fiscal_year": 2018,
        "fiscal_quarter": 2,
        "r2_url": "https://pub-2c783279b61043e19fbdadd1bee5153a.r2.dev/CAG/2017-12-21/Conagra%20Brands%2C%20Inc._2017-12-21_transcript/Conagra%20Brands%2C%20Inc._2017-12-21_transcript.pdf/Conagra%20Brands%2C%20Inc._2017-12-21_transcript.pdf",
        "periodicity": "periodic"
    },
    {
        "equity_ticker": "CAG",
        "geography": "US",
        "content_name": "CAG Q1 2018 Transcript",
        "file_type": "pdf",
        "content_type": "earnings_transcript",
        "published_date": "2017-09-28",
        "fiscal_date": "2017-09-28",
        "fiscal_year": 2018,
        "fiscal_quarter": 1,
        "r2_url": "https://pub-2c783279b61043e19fbdadd1bee5153a.r2.dev/CAG/2017-09-28/Conagra%20Brands%2C%20Inc._2017-09-28_transcript/Conagra%20Brands%2C%20Inc._2017-09-28_transcript.pdf/Conagra%20Brands%2C%20Inc._2017-09-28_transcript.pdf",
        "periodicity": "periodic"
    },
    {
        "equity_ticker": "CAG",
        "geography": "US",
        "content_name": "CAG Q4 2017 Transcript",
        "file_type": "pdf",
        "content_type": "earnings_transcript",
        "published_date": "2017-07-21",
        "fiscal_date": "2017-07-21",
        "fiscal_year": 2017,
        "fiscal_quarter": 4,
        "r2_url": "https://pub-2c783279b61043e19fbdadd1bee5153a.r2.dev/CAG/2017-07-21/Conagra%20Brands%2C%20Inc._2017-07-21_transcript/Conagra%20Brands%2C%20Inc._2017-07-21_transcript.pdf/Conagra%20Brands%2C%20Inc._2017-07-21_transcript.pdf",
        "periodicity": "periodic"
    },
    {
        "equity_ticker": "CAG",
        "geography": "US",
        "content_name": "CAG Q4 2017 Press Release",
        "file_type": "pdf",
        "content_type": "annual_report",
        "published_date": "2017-07-21",
        "fiscal_date": "2017-07-21",
        "fiscal_year": 2017,
        "fiscal_quarter": 4,
        "r2_url": "https://pub-2c783279b61043e19fbdadd1bee5153a.r2.dev/CAG/2017-07-21/88c96-2023-09-06-12-25-30/88c96-2023-09-06-12-25-30.pdf/88c96-2023-09-06-12-25-30.pdf",
        "periodicity": "periodic"
    },
    {
        "equity_ticker": "CAG",
        "geography": "US",
        "content_name": "CAG Q3 2017 Transcript",
        "file_type": "pdf",
        "content_type": "earnings_transcript",
        "published_date": "2017-03-23",
        "fiscal_date": "2017-03-23",
        "fiscal_year": 2017,
        "fiscal_quarter": 3,
        "r2_url": "https://pub-2c783279b61043e19fbdadd1bee5153a.r2.dev/CAG/2017-03-23/Conagra%20Brands%2C%20Inc._2017-03-23_transcript/Conagra%20Brands%2C%20Inc._2017-03-23_transcript.pdf/Conagra%20Brands%2C%20Inc._2017-03-23_transcript.pdf",
        "periodicity": "periodic"
    },
    {
        "equity_ticker": "CAG",
        "geography": "US",
        "content_name": "CAG Q2 2017 Transcript",
        "file_type": "pdf",
        "content_type": "earnings_transcript",
        "published_date": "2016-12-22",
        "fiscal_date": "2016-12-22",
        "fiscal_year": 2017,
        "fiscal_quarter": 2,
        "r2_url": "https://pub-2c783279b61043e19fbdadd1bee5153a.r2.dev/CAG/2016-12-22/Conagra%20Brands%2C%20Inc._2016-12-22_transcript/Conagra%20Brands%2C%20Inc._2016-12-22_transcript.pdf/Conagra%20Brands%2C%20Inc._2016-12-22_transcript.pdf",
        "periodicity": "periodic"
    },
    {
        "equity_ticker": "CAG",
        "geography": "US",
        "content_name": "CAG Q1 2017 Transcript",
        "file_type": "pdf",
        "content_type": "earnings_transcript",
        "published_date": "2016-09-29",
        "fiscal_date": "2016-09-29",
        "fiscal_year": 2017,
        "fiscal_quarter": 1,
        "r2_url": "https://pub-2c783279b61043e19fbdadd1bee5153a.r2.dev/CAG/2016-09-29/Conagra%20Brands%2C%20Inc._2016-09-29_transcript/Conagra%20Brands%2C%20Inc._2016-09-29_transcript.pdf/Conagra%20Brands%2C%20Inc._2016-09-29_transcript.pdf",
        "periodicity": "periodic"
    },
    {
        "equity_ticker": "CAG",
        "geography": "US",
        "content_name": "CAG Q4 2016 Transcript",
        "file_type": "pdf",
        "content_type": "earnings_transcript",
        "published_date": "2016-07-15",
        "fiscal_date": "2016-07-15",
        "fiscal_year": 2016,
        "fiscal_quarter": 4,
        "r2_url": "https://pub-2c783279b61043e19fbdadd1bee5153a.r2.dev/CAG/2016-07-15/Conagra%20Brands%2C%20Inc._2016-07-15_transcript/Conagra%20Brands%2C%20Inc._2016-07-15_transcript.pdf/Conagra%20Brands%2C%20Inc._2016-07-15_transcript.pdf",
        "periodicity": "periodic"
    },
    {
        "equity_ticker": "CAG",
        "geography": "US",
        "content_name": "CAG Q4 2016 Press Release",
        "file_type": "pdf",
        "content_type": "annual_report",
        "published_date": "2016-07-15",
        "fiscal_date": "2016-07-15",
        "fiscal_year": 2016,
        "fiscal_quarter": 4,
        "r2_url": "https://pub-2c783279b61043e19fbdadd1bee5153a.r2.dev/CAG/2016-07-15/04186-2023-09-06-12-42-30/04186-2023-09-06-12-42-30.pdf/04186-2023-09-06-12-42-30.pdf",
        "periodicity": "periodic"
    },
    {
        "equity_ticker": "CAG",
        "geography": "US",
        "content_name": "CAG Q3 2016 Transcript",
        "file_type": "pdf",
        "content_type": "earnings_transcript",
        "published_date": "2016-04-07",
        "fiscal_date": "2016-04-07",
        "fiscal_year": 2016,
        "fiscal_quarter": 3,
        "r2_url": "https://pub-2c783279b61043e19fbdadd1bee5153a.r2.dev/CAG/2016-04-07/Conagra%20Brands%2C%20Inc._2016-04-07_transcript/Conagra%20Brands%2C%20Inc._2016-04-07_transcript.pdf/Conagra%20Brands%2C%20Inc._2016-04-07_transcript.pdf",
        "periodicity": "periodic"
    },
    {
        "equity_ticker": "CAG",
        "geography": "US",
        "content_name": "CAG Q2 2016 Transcript",
        "file_type": "pdf",
        "content_type": "earnings_transcript",
        "published_date": "2015-12-22",
        "fiscal_date": "2015-12-22",
        "fiscal_year": 2016,
        "fiscal_quarter": 2,
        "r2_url": "https://pub-2c783279b61043e19fbdadd1bee5153a.r2.dev/CAG/2015-12-22/Conagra%20Brands%2C%20Inc._2015-12-22_transcript/Conagra%20Brands%2C%20Inc._2015-12-22_transcript.pdf/Conagra%20Brands%2C%20Inc._2015-12-22_transcript.pdf",
        "periodicity": "periodic"
    },
    {
        "equity_ticker": "CAG",
        "geography": "US",
        "content_name": "CAG Q1 2016 Transcript",
        "file_type": "pdf",
        "content_type": "earnings_transcript",
        "published_date": "2015-09-22",
        "fiscal_date": "2015-09-22",
        "fiscal_year": 2016,
        "fiscal_quarter": 1,
        "r2_url": "https://pub-2c783279b61043e19fbdadd1bee5153a.r2.dev/CAG/2015-09-22/Conagra%20Brands%2C%20Inc._2015-09-22_transcript/Conagra%20Brands%2C%20Inc._2015-09-22_transcript.pdf/Conagra%20Brands%2C%20Inc._2015-09-22_transcript.pdf",
        "periodicity": "periodic"
    },
    {
        "equity_ticker": "CAG",
        "geography": "US",
        "content_name": "CAG Q4 2015 Transcript",
        "file_type": "pdf",
        "content_type": "earnings_transcript",
        "published_date": "2015-07-17",
        "fiscal_date": "2015-07-17",
        "fiscal_year": 2015,
        "fiscal_quarter": 4,
        "r2_url": "https://pub-2c783279b61043e19fbdadd1bee5153a.r2.dev/CAG/2015-07-17/Conagra%20Brands%2C%20Inc._2015-07-17_transcript/Conagra%20Brands%2C%20Inc._2015-07-17_transcript.pdf/Conagra%20Brands%2C%20Inc._2015-07-17_transcript.pdf",
        "periodicity": "periodic"
    },
    {
        "equity_ticker": "CAG",
        "geography": "US",
        "content_name": "CAG Q4 2015 Press Release",
        "file_type": "pdf",
        "content_type": "annual_report",
        "published_date": "2015-07-17",
        "fiscal_date": "2015-07-17",
        "fiscal_year": 2015,
        "fiscal_quarter": 4,
        "r2_url": "https://pub-2c783279b61043e19fbdadd1bee5153a.r2.dev/CAG/2015-07-17/e402d-2023-09-06-12-56-30/e402d-2023-09-06-12-56-30.pdf/e402d-2023-09-06-12-56-30.pdf",
        "periodicity": "periodic"
    },
    {
        "equity_ticker": "CAG",
        "geography": "US",
        "content_name": "CAG Q3 2015 Transcript",
        "file_type": "pdf",
        "content_type": "earnings_transcript",
        "published_date": "2015-03-26",
        "fiscal_date": "2015-03-26",
        "fiscal_year": 2015,
        "fiscal_quarter": 3,
        "r2_url": "https://pub-2c783279b61043e19fbdadd1bee5153a.r2.dev/CAG/2015-03-26/Conagra%20Brands%2C%20Inc._2015-03-26_transcript/Conagra%20Brands%2C%20Inc._2015-03-26_transcript.pdf/Conagra%20Brands%2C%20Inc._2015-03-26_transcript.pdf",
        "periodicity": "periodic"
    },
    {
        "equity_ticker": "CAG",
        "geography": "US",
        "content_name": "CAG Q2 2015 Transcript",
        "file_type": "pdf",
        "content_type": "earnings_transcript",
        "published_date": "2014-12-18",
        "fiscal_date": "2014-12-18",
        "fiscal_year": 2015,
        "fiscal_quarter": 2,
        "r2_url": "https://pub-2c783279b61043e19fbdadd1bee5153a.r2.dev/CAG/2014-12-18/Conagra%20Brands%2C%20Inc._2014-12-18_transcript/Conagra%20Brands%2C%20Inc._2014-12-18_transcript.pdf/Conagra%20Brands%2C%20Inc._2014-12-18_transcript.pdf",
        "periodicity": "periodic"
    },
    {
        "equity_ticker": "CAG",
        "geography": "US",
        "content_name": "CAG Q1 2015 Transcript",
        "file_type": "pdf",
        "content_type": "earnings_transcript",
        "published_date": "2014-09-18",
        "fiscal_date": "2014-09-18",
        "fiscal_year": 2015,
        "fiscal_quarter": 1,
        "r2_url": "https://pub-2c783279b61043e19fbdadd1bee5153a.r2.dev/CAG/2014-09-18/Conagra%20Brands%2C%20Inc._2014-09-18_transcript/Conagra%20Brands%2C%20Inc._2014-09-18_transcript.pdf/Conagra%20Brands%2C%20Inc._2014-09-18_transcript.pdf",
        "periodicity": "periodic"
    },
    {
        "equity_ticker": "CAG",
        "geography": "US",
        "content_name": "CAG Q4 2014 Transcript",
        "file_type": "pdf",
        "content_type": "earnings_transcript",
        "published_date": "2014-06-26",
        "fiscal_date": "2014-06-26",
        "fiscal_year": 2014,
        "fiscal_quarter": 4,
        "r2_url": "https://pub-2c783279b61043e19fbdadd1bee5153a.r2.dev/CAG/2014-06-26/Conagra%20Brands%2C%20Inc._2014-06-26_transcript/Conagra%20Brands%2C%20Inc._2014-06-26_transcript.pdf/Conagra%20Brands%2C%20Inc._2014-06-26_transcript.pdf",
        "periodicity": "periodic"
    },
    {
        "equity_ticker": "CAG",
        "geography": "US",
        "content_name": "CAG Q3 2014 Transcript",
        "file_type": "pdf",
        "content_type": "earnings_transcript",
        "published_date": "2014-03-20",
        "fiscal_date": "2014-03-20",
        "fiscal_year": 2014,
        "fiscal_quarter": 3,
        "r2_url": "https://pub-2c783279b61043e19fbdadd1bee5153a.r2.dev/CAG/2014-03-20/Conagra%20Brands%2C%20Inc._2014-03-20_transcript/Conagra%20Brands%2C%20Inc._2014-03-20_transcript.pdf/Conagra%20Brands%2C%20Inc._2014-03-20_transcript.pdf",
        "periodicity": "periodic"
    },
    {
        "equity_ticker": "CAG",
        "geography": "US",
        "content_name": "CAG Q2 2014 Transcript",
        "file_type": "pdf",
        "content_type": "earnings_transcript",
        "published_date": "2013-12-19",
        "fiscal_date": "2013-12-19",
        "fiscal_year": 2014,
        "fiscal_quarter": 2,
        "r2_url": "https://pub-2c783279b61043e19fbdadd1bee5153a.r2.dev/CAG/2013-12-19/Conagra%20Brands%2C%20Inc._2013-12-19_transcript/Conagra%20Brands%2C%20Inc._2013-12-19_transcript.pdf/Conagra%20Brands%2C%20Inc._2013-12-19_transcript.pdf",
        "periodicity": "periodic"
    },
    {
        "equity_ticker": "CAG",
        "geography": "US",
        "content_name": "CAG Q1 2014 Transcript",
        "file_type": "pdf",
        "content_type": "earnings_transcript",
        "published_date": "2013-09-19",
        "fiscal_date": "2013-09-19",
        "fiscal_year": 2014,
        "fiscal_quarter": 1,
        "r2_url": "https://pub-2c783279b61043e19fbdadd1bee5153a.r2.dev/CAG/2013-09-19/Conagra%20Brands%2C%20Inc._2013-09-19_transcript/Conagra%20Brands%2C%20Inc._2013-09-19_transcript.pdf/Conagra%20Brands%2C%20Inc._2013-09-19_transcript.pdf",
        "periodicity": "periodic"
    },
    {
        "equity_ticker": "CAG",
        "geography": "US",
        "content_name": "CAG Q4 2013 Transcript",
        "file_type": "pdf",
        "content_type": "earnings_transcript",
        "published_date": "2013-06-27",
        "fiscal_date": "2013-06-27",
        "fiscal_year": 2013,
        "fiscal_quarter": 4,
        "r2_url": "https://pub-2c783279b61043e19fbdadd1bee5153a.r2.dev/CAG/2013-06-27/Conagra%20Brands%2C%20Inc._2013-06-27_transcript/Conagra%20Brands%2C%20Inc._2013-06-27_transcript.pdf/Conagra%20Brands%2C%20Inc._2013-06-27_transcript.pdf",
        "periodicity": "periodic"
    },
    {
        "equity_ticker": "CAG",
        "geography": "US",
        "content_name": "CAG Q3 2013 Transcript",
        "file_type": "pdf",
        "content_type": "earnings_transcript",
        "published_date": "2013-04-03",
        "fiscal_date": "2013-04-03",
        "fiscal_year": 2013,
        "fiscal_quarter": 3,
        "r2_url": "https://pub-2c783279b61043e19fbdadd1bee5153a.r2.dev/CAG/2013-04-03/Conagra%20Brands%2C%20Inc._2013-04-03_transcript/Conagra%20Brands%2C%20Inc._2013-04-03_transcript.pdf/Conagra%20Brands%2C%20Inc._2013-04-03_transcript.pdf",
        "periodicity": "periodic"
    },
    {
        "equity_ticker": "CAG",
        "geography": "US",
        "content_name": "CAG Q2 2013 Transcript",
        "file_type": "pdf",
        "content_type": "earnings_transcript",
        "published_date": "2012-12-20",
        "fiscal_date": "2012-12-20",
        "fiscal_year": 2013,
        "fiscal_quarter": 2,
        "r2_url": "https://pub-2c783279b61043e19fbdadd1bee5153a.r2.dev/CAG/2012-12-20/Conagra%20Brands%2C%20Inc._2012-12-20_transcript/Conagra%20Brands%2C%20Inc._2012-12-20_transcript.pdf/Conagra%20Brands%2C%20Inc._2012-12-20_transcript.pdf",
        "periodicity": "periodic"
    },
    {
        "equity_ticker": "CAG",
        "geography": "US",
        "content_name": "CAG Q1 2013 Transcript",
        "file_type": "pdf",
        "content_type": "earnings_transcript",
        "published_date": "2012-09-20",
        "fiscal_date": "2012-09-20",
        "fiscal_year": 2013,
        "fiscal_quarter": 1,
        "r2_url": "https://pub-2c783279b61043e19fbdadd1bee5153a.r2.dev/CAG/2012-09-20/Conagra%20Brands%2C%20Inc._2012-09-20_transcript/Conagra%20Brands%2C%20Inc._2012-09-20_transcript.pdf/Conagra%20Brands%2C%20Inc._2012-09-20_transcript.pdf",
        "periodicity": "periodic"
    },
    {
        "equity_ticker": "CAG",
        "geography": "US",
        "content_name": "CAG Q4 2012 Transcript",
        "file_type": "pdf",
        "content_type": "earnings_transcript",
        "published_date": "2012-06-21",
        "fiscal_date": "2012-06-21",
        "fiscal_year": 2012,
        "fiscal_quarter": 4,
        "r2_url": "https://pub-2c783279b61043e19fbdadd1bee5153a.r2.dev/CAG/2012-06-21/Conagra%20Brands%2C%20Inc._2012-06-21_transcript/Conagra%20Brands%2C%20Inc._2012-06-21_transcript.pdf/Conagra%20Brands%2C%20Inc._2012-06-21_transcript.pdf",
        "periodicity": "periodic"
    },
    {
        "equity_ticker": "CAG",
        "geography": "US",
        "content_name": "CAG Q3 2012 Transcript",
        "file_type": "pdf",
        "content_type": "earnings_transcript",
        "published_date": "2012-03-22",
        "fiscal_date": "2012-03-22",
        "fiscal_year": 2012,
        "fiscal_quarter": 3,
        "r2_url": "https://pub-2c783279b61043e19fbdadd1bee5153a.r2.dev/CAG/2012-03-22/Conagra%20Brands%2C%20Inc._2012-03-22_transcript/Conagra%20Brands%2C%20Inc._2012-03-22_transcript.pdf/Conagra%20Brands%2C%20Inc._2012-03-22_transcript.pdf",
        "periodicity": "periodic"
    },
    {
        "equity_ticker": "CAG",
        "geography": "US",
        "content_name": "CAG Q2 2012 Transcript",
        "file_type": "pdf",
        "content_type": "earnings_transcript",
        "published_date": "2011-12-20",
        "fiscal_date": "2011-12-20",
        "fiscal_year": 2012,
        "fiscal_quarter": 2,
        "r2_url": "https://pub-2c783279b61043e19fbdadd1bee5153a.r2.dev/CAG/2011-12-20/Conagra%20Brands%2C%20Inc._2011-12-20_transcript/Conagra%20Brands%2C%20Inc._2011-12-20_transcript.pdf/Conagra%20Brands%2C%20Inc._2011-12-20_transcript.pdf",
        "periodicity": "periodic"
    },
    {
        "equity_ticker": "CAG",
        "geography": "US",
        "content_name": "CAG Q1 2012 Transcript",
        "file_type": "pdf",
        "content_type": "earnings_transcript",
        "published_date": "2011-09-20",
        "fiscal_date": "2011-09-20",
        "fiscal_year": 2012,
        "fiscal_quarter": 1,
        "r2_url": "https://pub-2c783279b61043e19fbdadd1bee5153a.r2.dev/CAG/2011-09-20/Conagra%20Brands%2C%20Inc._2011-09-20_transcript/Conagra%20Brands%2C%20Inc._2011-09-20_transcript.pdf/Conagra%20Brands%2C%20Inc._2011-09-20_transcript.pdf",
        "periodicity": "periodic"
    },
    {
        "equity_ticker": "CAG",
        "geography": "US",
        "content_name": "CAG Q4 2011 Transcript",
        "file_type": "pdf",
        "content_type": "earnings_transcript",
        "published_date": "2011-06-23",
        "fiscal_date": "2011-06-23",
        "fiscal_year": 2011,
        "fiscal_quarter": 4,
        "r2_url": "https://pub-2c783279b61043e19fbdadd1bee5153a.r2.dev/CAG/2011-06-23/Conagra%20Brands%2C%20Inc._2011-06-23_transcript/Conagra%20Brands%2C%20Inc._2011-06-23_transcript.pdf/Conagra%20Brands%2C%20Inc._2011-06-23_transcript.pdf",
        "periodicity": "periodic"
    },
    {
        "equity_ticker": "CAG",
        "geography": "US",
        "content_name": "CAG Q3 2011 Transcript",
        "file_type": "pdf",
        "content_type": "earnings_transcript",
        "published_date": "2011-03-24",
        "fiscal_date": "2011-03-24",
        "fiscal_year": 2011,
        "fiscal_quarter": 3,
        "r2_url": "https://pub-2c783279b61043e19fbdadd1bee5153a.r2.dev/CAG/2011-03-24/Conagra%20Brands%2C%20Inc._2011-03-24_transcript/Conagra%20Brands%2C%20Inc._2011-03-24_transcript.pdf/Conagra%20Brands%2C%20Inc._2011-03-24_transcript.pdf",
        "periodicity": "periodic"
    },
    {
        "equity_ticker": "CAG",
        "geography": "US",
        "content_name": "CAG Q2 2011 Transcript",
        "file_type": "pdf",
        "content_type": "earnings_transcript",
        "published_date": "2010-12-21",
        "fiscal_date": "2010-12-21",
        "fiscal_year": 2011,
        "fiscal_quarter": 2,
        "r2_url": "https://pub-2c783279b61043e19fbdadd1bee5153a.r2.dev/CAG/2010-12-21/Conagra%20Brands%2C%20Inc._2010-12-21_transcript/Conagra%20Brands%2C%20Inc._2010-12-21_transcript.pdf/Conagra%20Brands%2C%20Inc._2010-12-21_transcript.pdf",
        "periodicity": "periodic"
    },
    {
        "equity_ticker": "CAG",
        "geography": "US",
        "content_name": "CAG Q1 2011 Transcript",
        "file_type": "pdf",
        "content_type": "earnings_transcript",
        "published_date": "2010-09-21",
        "fiscal_date": "2010-09-21",
        "fiscal_year": 2011,
        "fiscal_quarter": 1,
        "r2_url": "https://pub-2c783279b61043e19fbdadd1bee5153a.r2.dev/CAG/2010-09-21/Conagra%20Brands%2C%20Inc._2010-09-21_transcript/Conagra%20Brands%2C%20Inc._2010-09-21_transcript.pdf/Conagra%20Brands%2C%20Inc._2010-09-21_transcript.pdf",
        "periodicity": "periodic"
    },
    {
        "equity_ticker": "CAG",
        "geography": "US",
        "content_name": "CAG Q4 2010 Transcript",
        "file_type": "pdf",
        "content_type": "earnings_transcript",
        "published_date": "2010-06-24",
        "fiscal_date": "2010-06-24",
        "fiscal_year": 2010,
        "fiscal_quarter": 4,
        "r2_url": "https://pub-2c783279b61043e19fbdadd1bee5153a.r2.dev/CAG/2010-06-24/Conagra%20Brands%2C%20Inc._2010-06-24_transcript/Conagra%20Brands%2C%20Inc._2010-06-24_transcript.pdf/Conagra%20Brands%2C%20Inc._2010-06-24_transcript.pdf",
        "periodicity": "periodic"
    },
    {
        "equity_ticker": "CAG",
        "geography": "US",
        "content_name": "CAG Q3 2010 Transcript",
        "file_type": "pdf",
        "content_type": "earnings_transcript",
        "published_date": "2010-03-25",
        "fiscal_date": "2010-03-25",
        "fiscal_year": 2010,
        "fiscal_quarter": 3,
        "r2_url": "https://pub-2c783279b61043e19fbdadd1bee5153a.r2.dev/CAG/2010-03-25/Conagra%20Brands%2C%20Inc._2010-03-25_transcript/Conagra%20Brands%2C%20Inc._2010-03-25_transcript.pdf/Conagra%20Brands%2C%20Inc._2010-03-25_transcript.pdf",
        "periodicity": "periodic"
    },
    {
        "equity_ticker": "CAG",
        "geography": "US",
        "content_name": "CAG Q2 2010 Transcript",
        "file_type": "pdf",
        "content_type": "earnings_transcript",
        "published_date": "2009-12-21",
        "fiscal_date": "2009-12-21",
        "fiscal_year": 2010,
        "fiscal_quarter": 2,
        "r2_url": "https://pub-2c783279b61043e19fbdadd1bee5153a.r2.dev/CAG/2009-12-21/Conagra%20Brands%2C%20Inc._2009-12-21_transcript/Conagra%20Brands%2C%20Inc._2009-12-21_transcript.pdf/Conagra%20Brands%2C%20Inc._2009-12-21_transcript.pdf",
        "periodicity": "periodic"
    },
    {
        "equity_ticker": "CAG",
        "geography": "US",
        "content_name": "CAG Q1 2010 Transcript",
        "file_type": "pdf",
        "content_type": "earnings_transcript",
        "published_date": "2009-09-22",
        "fiscal_date": "2009-09-22",
        "fiscal_year": 2010,
        "fiscal_quarter": 1,
        "r2_url": "https://pub-2c783279b61043e19fbdadd1bee5153a.r2.dev/CAG/2009-09-22/Conagra%20Brands%2C%20Inc._2009-09-22_transcript/Conagra%20Brands%2C%20Inc._2009-09-22_transcript.pdf/Conagra%20Brands%2C%20Inc._2009-09-22_transcript.pdf",
        "periodicity": "periodic"
    },
    {
        "equity_ticker": "CAG",
        "geography": "US",
        "content_name": "CAG Q4 2009 Transcript",
        "file_type": "pdf",
        "content_type": "earnings_transcript",
        "published_date": "2009-06-25",
        "fiscal_date": "2009-06-25",
        "fiscal_year": 2009,
        "fiscal_quarter": 4,
        "r2_url": "https://pub-2c783279b61043e19fbdadd1bee5153a.r2.dev/CAG/2009-06-25/Conagra%20Brands%2C%20Inc._2009-06-25_transcript/Conagra%20Brands%2C%20Inc._2009-06-25_transcript.pdf/Conagra%20Brands%2C%20Inc._2009-06-25_transcript.pdf",
        "periodicity": "periodic"
    },
    {
        "equity_ticker": "CAG",
        "geography": "US",
        "content_name": "CAG Q2 2009 Transcript",
        "file_type": "pdf",
        "content_type": "earnings_transcript",
        "published_date": "2008-12-17",
        "fiscal_date": "2008-12-17",
        "fiscal_year": 2009,
        "fiscal_quarter": 2,
        "r2_url": "https://pub-2c783279b61043e19fbdadd1bee5153a.r2.dev/CAG/2008-12-17/Conagra%20Brands%2C%20Inc._2008-12-17_transcript/Conagra%20Brands%2C%20Inc._2008-12-17_transcript.pdf/Conagra%20Brands%2C%20Inc._2008-12-17_transcript.pdf",
        "periodicity": "periodic"
    },
    {
        "equity_ticker": "CAG",
        "geography": "US",
        "content_name": "CAG Q1 2009 Transcript",
        "file_type": "pdf",
        "content_type": "earnings_transcript",
        "published_date": "2008-09-19",
        "fiscal_date": "2008-09-19",
        "fiscal_year": 2009,
        "fiscal_quarter": 1,
        "r2_url": "https://pub-2c783279b61043e19fbdadd1bee5153a.r2.dev/CAG/2008-09-19/Conagra%20Brands%2C%20Inc._2008-09-19_transcript/Conagra%20Brands%2C%20Inc._2008-09-19_transcript.pdf/Conagra%20Brands%2C%20Inc._2008-09-19_transcript.pdf",
        "periodicity": "periodic"
    },
    {
        "equity_ticker": "CAG",
        "geography": "US",
        "content_name": "CAG Q4 2008 Transcript",
        "file_type": "pdf",
        "content_type": "earnings_transcript",
        "published_date": "2008-06-26",
        "fiscal_date": "2008-06-26",
        "fiscal_year": 2008,
        "fiscal_quarter": 4,
        "r2_url": "https://pub-2c783279b61043e19fbdadd1bee5153a.r2.dev/CAG/2008-06-26/Conagra%20Brands%2C%20Inc._2008-06-26_transcript/Conagra%20Brands%2C%20Inc._2008-06-26_transcript.pdf/Conagra%20Brands%2C%20Inc._2008-06-26_transcript.pdf",
        "periodicity": "periodic"
    },
    {
        "equity_ticker": "CAG",
        "geography": "US",
        "content_name": "CAG Q3 2008 Transcript",
        "file_type": "pdf",
        "content_type": "earnings_transcript",
        "published_date": "2008-03-27",
        "fiscal_date": "2008-03-27",
        "fiscal_year": 2008,
        "fiscal_quarter": 3,
        "r2_url": "https://pub-2c783279b61043e19fbdadd1bee5153a.r2.dev/CAG/2008-03-27/Conagra%20Brands%2C%20Inc._2008-03-27_transcript/Conagra%20Brands%2C%20Inc._2008-03-27_transcript.pdf/Conagra%20Brands%2C%20Inc._2008-03-27_transcript.pdf",
        "periodicity": "periodic"
    },
    {
        "equity_ticker": "CAG",
        "geography": "US",
        "content_name": "CAG Q2 2008 Transcript",
        "file_type": "pdf",
        "content_type": "earnings_transcript",
        "published_date": "2007-12-21",
        "fiscal_date": "2007-12-21",
        "fiscal_year": 2008,
        "fiscal_quarter": 2,
        "r2_url": "https://pub-2c783279b61043e19fbdadd1bee5153a.r2.dev/CAG/2007-12-21/Conagra%20Brands%2C%20Inc._2007-12-21_transcript/Conagra%20Brands%2C%20Inc._2007-12-21_transcript.pdf/Conagra%20Brands%2C%20Inc._2007-12-21_transcript.pdf",
        "periodicity": "periodic"
    },
    {
        "equity_ticker": "CAG",
        "geography": "US",
        "content_name": "CAG Q1 2008 Transcript",
        "file_type": "pdf",
        "content_type": "earnings_transcript",
        "published_date": "2007-09-20",
        "fiscal_date": "2007-09-20",
        "fiscal_year": 2008,
        "fiscal_quarter": 1,
        "r2_url": "https://pub-2c783279b61043e19fbdadd1bee5153a.r2.dev/CAG/2007-09-20/Conagra%20Brands%2C%20Inc._2007-09-20_transcript/Conagra%20Brands%2C%20Inc._2007-09-20_transcript.pdf/Conagra%20Brands%2C%20Inc._2007-09-20_transcript.pdf",
        "periodicity": "periodic"
    }
]