[
    {
        "equity_ticker": "CASY",
        "geography": "US",
        "content_name": "CASY Q3 2025 Transcript",
        "file_type": "pdf",
        "content_type": "earnings_transcript",
        "published_date": "2025-03-12",
        "fiscal_date": "2025-03-12",
        "fiscal_year": 2025,
        "fiscal_quarter": 3,
        "r2_url": "https://pub-2c783279b61043e19fbdadd1bee5153a.r2.dev/CASY/2025-03-12/Casey%27s%20General%20Stores%2C%20Inc._2025-03-12_transcript/Casey%27s%20General%20Stores%2C%20Inc._2025-03-12_transcript.pdf/Casey%27s%20General%20Stores%2C%20Inc._2025-03-12_transcript.pdf",
        "periodicity": "periodic"
    },
    {
        "equity_ticker": "CASY",
        "geography": "US",
        "content_name": "CASY Q3 2025 Press Release",
        "file_type": "pdf",
        "content_type": "earnings_press_release",
        "published_date": "2025-03-12",
        "fiscal_date": "2025-03-12",
        "fiscal_year": 2025,
        "fiscal_quarter": 3,
        "r2_url": "https://pub-2c783279b61043e19fbdadd1bee5153a.r2.dev/CASY/2025-03-12/2eb13-2025-03-11-08-27-33/2eb13-2025-03-11-08-27-33.pdf/2eb13-2025-03-11-08-27-33.pdf",
        "periodicity": "periodic"
    },
    {
        "equity_ticker": "CASY",
        "geography": "US",
        "content_name": "CASY Q3 2025 Presentation",
        "file_type": "pdf",
        "content_type": "earnings_presentation",
        "published_date": "2025-03-12",
        "fiscal_date": "2025-03-12",
        "fiscal_year": 2025,
        "fiscal_quarter": 3,
        "r2_url": "https://pub-2c783279b61043e19fbdadd1bee5153a.r2.dev/CASY/2025-03-12/dd585-2025-03-11-08-18-47/dd585-2025-03-11-08-18-47.pdf/dd585-2025-03-11-08-18-47.pdf",
        "periodicity": "periodic"
    },
    {
        "equity_ticker": "CASY",
        "geography": "US",
        "content_name": "CASY Q2 2025 Transcript",
        "file_type": "pdf",
        "content_type": "earnings_transcript",
        "published_date": "2024-12-10",
        "fiscal_date": "2024-12-10",
        "fiscal_year": 2025,
        "fiscal_quarter": 2,
        "r2_url": "https://pub-2c783279b61043e19fbdadd1bee5153a.r2.dev/CASY/2024-12-10/Casey%27s%20General%20Stores%2C%20Inc._2024-12-10_transcript/Casey%27s%20General%20Stores%2C%20Inc._2024-12-10_transcript.pdf/Casey%27s%20General%20Stores%2C%20Inc._2024-12-10_transcript.pdf",
        "periodicity": "periodic"
    },
    {
        "equity_ticker": "CASY",
        "geography": "US",
        "content_name": "CASY Q2 2025 Press Release",
        "file_type": "pdf",
        "content_type": "earnings_press_release",
        "published_date": "2024-12-10",
        "fiscal_date": "2024-12-10",
        "fiscal_year": 2025,
        "fiscal_quarter": 2,
        "r2_url": "https://pub-2c783279b61043e19fbdadd1bee5153a.r2.dev/CASY/2024-12-10/cef8f-2024-12-09-09-00-19/cef8f-2024-12-09-09-00-19.pdf/cef8f-2024-12-09-09-00-19.pdf",
        "periodicity": "periodic"
    },
    {
        "equity_ticker": "CASY",
        "geography": "US",
        "content_name": "CASY Q2 2025 Presentation",
        "file_type": "pdf",
        "content_type": "earnings_presentation",
        "published_date": "2024-12-10",
        "fiscal_date": "2024-12-10",
        "fiscal_year": 2025,
        "fiscal_quarter": 2,
        "r2_url": "https://pub-2c783279b61043e19fbdadd1bee5153a.r2.dev/CASY/2024-12-10/127d8-2024-12-10-12-49-10/127d8-2024-12-10-12-49-10.pdf/127d8-2024-12-10-12-49-10.pdf",
        "periodicity": "periodic"
    },
    {
        "equity_ticker": "CASY",
        "geography": "US",
        "content_name": "Analyst Day 2024 - October 15, 2024",
        "file_type": "pdf",
        "content_type": "company_conference_transcript",
        "published_date": "2024-10-15",
        "fiscal_date": "2024-10-15",
        "fiscal_year": 0,
        "fiscal_quarter": 0,
        "r2_url": "https://pub-2c783279b61043e19fbdadd1bee5153a.r2.dev/CASY/2024-10-15/Casey%27s%20General%20Stores%2C%20Inc._2024-10-15_transcript/Casey%27s%20General%20Stores%2C%20Inc._2024-10-15_transcript.pdf/Casey%27s%20General%20Stores%2C%20Inc._2024-10-15_transcript.pdf",
        "periodicity": "non_periodic"
    },
    {
        "equity_ticker": "CASY",
        "geography": "US",
        "content_name": "Analyst Day 2024 - October 15, 2024",
        "file_type": "pdf",
        "content_type": "company_conference_presentation",
        "published_date": "2024-10-15",
        "fiscal_date": "2024-10-15",
        "fiscal_year": 0,
        "fiscal_quarter": 0,
        "r2_url": "https://pub-2c783279b61043e19fbdadd1bee5153a.r2.dev/CASY/2024-10-15/aeef4-2024-10-16-05-01-15/aeef4-2024-10-16-05-01-15.pdf/aeef4-2024-10-16-05-01-15.pdf",
        "periodicity": "non_periodic"
    },
    {
        "equity_ticker": "CASY",
        "geography": "US",
        "content_name": "CASY Q1 2025 Transcript",
        "file_type": "pdf",
        "content_type": "earnings_transcript",
        "published_date": "2024-09-05",
        "fiscal_date": "2024-09-05",
        "fiscal_year": 2025,
        "fiscal_quarter": 1,
        "r2_url": "https://pub-2c783279b61043e19fbdadd1bee5153a.r2.dev/CASY/2024-09-05/Casey%27s%20General%20Stores%2C%20Inc._2024-09-05_transcript/Casey%27s%20General%20Stores%2C%20Inc._2024-09-05_transcript.pdf/Casey%27s%20General%20Stores%2C%20Inc._2024-09-05_transcript.pdf",
        "periodicity": "periodic"
    },
    {
        "equity_ticker": "CASY",
        "geography": "US",
        "content_name": "CASY Q1 2025 Press Release",
        "file_type": "pdf",
        "content_type": "earnings_press_release",
        "published_date": "2024-09-05",
        "fiscal_date": "2024-09-05",
        "fiscal_year": 2025,
        "fiscal_quarter": 1,
        "r2_url": "https://pub-2c783279b61043e19fbdadd1bee5153a.r2.dev/CASY/2024-09-05/c4e7e-2024-09-04-09-32-38/c4e7e-2024-09-04-09-32-38.pdf/c4e7e-2024-09-04-09-32-38.pdf",
        "periodicity": "periodic"
    },
    {
        "equity_ticker": "CASY",
        "geography": "US",
        "content_name": "CASY Q1 2025 Presentation",
        "file_type": "pdf",
        "content_type": "earnings_presentation",
        "published_date": "2024-09-05",
        "fiscal_date": "2024-09-05",
        "fiscal_year": 2025,
        "fiscal_quarter": 1,
        "r2_url": "https://pub-2c783279b61043e19fbdadd1bee5153a.r2.dev/CASY/2024-09-05/6bc52-2024-09-04-10-39-06/6bc52-2024-09-04-10-39-06.pdf/6bc52-2024-09-04-10-39-06.pdf",
        "periodicity": "periodic"
    },
    {
        "equity_ticker": "CASY",
        "geography": "US",
        "content_name": "M&A Announcement - July 26, 2024",
        "file_type": "pdf",
        "content_type": "company_conference_transcript",
        "published_date": "2024-07-26",
        "fiscal_date": "2024-07-26",
        "fiscal_year": 0,
        "fiscal_quarter": 0,
        "r2_url": "https://pub-2c783279b61043e19fbdadd1bee5153a.r2.dev/CASY/2024-07-26/Casey%27s%20General%20Stores%2C%20Inc._2024-07-26_transcript/Casey%27s%20General%20Stores%2C%20Inc._2024-07-26_transcript.pdf/Casey%27s%20General%20Stores%2C%20Inc._2024-07-26_transcript.pdf",
        "periodicity": "non_periodic"
    },
    {
        "equity_ticker": "CASY",
        "geography": "US",
        "content_name": "M&A Announcement - July 26, 2024",
        "file_type": "pdf",
        "content_type": "company_conference_press_release",
        "published_date": "2024-07-26",
        "fiscal_date": "2024-07-26",
        "fiscal_year": 0,
        "fiscal_quarter": 0,
        "r2_url": "https://pub-2c783279b61043e19fbdadd1bee5153a.r2.dev/CASY/2024-07-26/b7f64-2024-08-23-08-13-06/b7f64-2024-08-23-08-13-06.pdf/b7f64-2024-08-23-08-13-06.pdf",
        "periodicity": "non_periodic"
    },
    {
        "equity_ticker": "CASY",
        "geography": "US",
        "content_name": "M&A Announcement - July 26, 2024",
        "file_type": "pdf",
        "content_type": "company_conference_presentation",
        "published_date": "2024-07-26",
        "fiscal_date": "2024-07-26",
        "fiscal_year": 0,
        "fiscal_quarter": 0,
        "r2_url": "https://pub-2c783279b61043e19fbdadd1bee5153a.r2.dev/CASY/2024-07-26/6b321-2024-07-26-05-44-37/6b321-2024-07-26-05-44-37.pdf/6b321-2024-07-26-05-44-37.pdf",
        "periodicity": "non_periodic"
    },
    {
        "equity_ticker": "CASY",
        "geography": "US",
        "content_name": "CASY Q4 2024 Transcript",
        "file_type": "pdf",
        "content_type": "earnings_transcript",
        "published_date": "2024-06-12",
        "fiscal_date": "2024-06-12",
        "fiscal_year": 2024,
        "fiscal_quarter": 4,
        "r2_url": "https://pub-2c783279b61043e19fbdadd1bee5153a.r2.dev/CASY/2024-06-12/Casey%27s%20General%20Stores%2C%20Inc._2024-06-12_transcript/Casey%27s%20General%20Stores%2C%20Inc._2024-06-12_transcript.pdf/Casey%27s%20General%20Stores%2C%20Inc._2024-06-12_transcript.pdf",
        "periodicity": "periodic"
    },
    {
        "equity_ticker": "CASY",
        "geography": "US",
        "content_name": "CASY Q4 2024 Press Release",
        "file_type": "pdf",
        "content_type": "earnings_press_release",
        "published_date": "2024-06-12",
        "fiscal_date": "2024-06-12",
        "fiscal_year": 2024,
        "fiscal_quarter": 4,
        "r2_url": "https://pub-2c783279b61043e19fbdadd1bee5153a.r2.dev/CASY/2024-06-12/4be73-2024-06-11-08-41-40/4be73-2024-06-11-08-41-40.pdf/4be73-2024-06-11-08-41-40.pdf",
        "periodicity": "periodic"
    },
    {
        "equity_ticker": "CASY",
        "geography": "US",
        "content_name": "CASY Q4 2024 Presentation",
        "file_type": "pdf",
        "content_type": "earnings_presentation",
        "published_date": "2024-06-12",
        "fiscal_date": "2024-06-12",
        "fiscal_year": 2024,
        "fiscal_quarter": 4,
        "r2_url": "https://pub-2c783279b61043e19fbdadd1bee5153a.r2.dev/CASY/2024-06-12/e4e9d-2024-08-02-06-23-30/e4e9d-2024-08-02-06-23-30.pdf/e4e9d-2024-08-02-06-23-30.pdf",
        "periodicity": "periodic"
    },
    {
        "equity_ticker": "CASY",
        "geography": "US",
        "content_name": "CASY Q3 2024 Transcript",
        "file_type": "pdf",
        "content_type": "earnings_transcript",
        "published_date": "2024-03-12",
        "fiscal_date": "2024-03-12",
        "fiscal_year": 2024,
        "fiscal_quarter": 3,
        "r2_url": "https://pub-2c783279b61043e19fbdadd1bee5153a.r2.dev/CASY/2024-03-12/Casey%27s%20General%20Stores%2C%20Inc._2024-03-12_transcript/Casey%27s%20General%20Stores%2C%20Inc._2024-03-12_transcript.pdf/Casey%27s%20General%20Stores%2C%20Inc._2024-03-12_transcript.pdf",
        "periodicity": "periodic"
    },
    {
        "equity_ticker": "CASY",
        "geography": "US",
        "content_name": "CASY Q3 2024 Press Release",
        "file_type": "pdf",
        "content_type": "earnings_press_release",
        "published_date": "2024-03-12",
        "fiscal_date": "2024-03-12",
        "fiscal_year": 2024,
        "fiscal_quarter": 3,
        "r2_url": "https://pub-2c783279b61043e19fbdadd1bee5153a.r2.dev/CASY/2024-03-12/5884c-2024-03-11-08-10-39/5884c-2024-03-11-08-10-39.pdf/5884c-2024-03-11-08-10-39.pdf",
        "periodicity": "periodic"
    },
    {
        "equity_ticker": "CASY",
        "geography": "US",
        "content_name": "CASY Q3 2024 Presentation",
        "file_type": "pdf",
        "content_type": "earnings_presentation",
        "published_date": "2024-03-12",
        "fiscal_date": "2024-03-12",
        "fiscal_year": 2024,
        "fiscal_quarter": 3,
        "r2_url": "https://pub-2c783279b61043e19fbdadd1bee5153a.r2.dev/CASY/2024-03-12/15810-2024-08-02-06-46-30/15810-2024-08-02-06-46-30.pdf/15810-2024-08-02-06-46-30.pdf",
        "periodicity": "periodic"
    },
    {
        "equity_ticker": "CASY",
        "geography": "US",
        "content_name": "CASY Q2 2024 Transcript",
        "file_type": "pdf",
        "content_type": "earnings_transcript",
        "published_date": "2023-12-12",
        "fiscal_date": "2023-12-12",
        "fiscal_year": 2024,
        "fiscal_quarter": 2,
        "r2_url": "https://pub-2c783279b61043e19fbdadd1bee5153a.r2.dev/CASY/2023-12-12/Casey%27s%20General%20Stores%2C%20Inc._2023-12-12_transcript/Casey%27s%20General%20Stores%2C%20Inc._2023-12-12_transcript.pdf/Casey%27s%20General%20Stores%2C%20Inc._2023-12-12_transcript.pdf",
        "periodicity": "periodic"
    },
    {
        "equity_ticker": "CASY",
        "geography": "US",
        "content_name": "CASY Q2 2024 Press Release",
        "file_type": "pdf",
        "content_type": "earnings_press_release",
        "published_date": "2023-12-12",
        "fiscal_date": "2023-12-12",
        "fiscal_year": 2024,
        "fiscal_quarter": 2,
        "r2_url": "https://pub-2c783279b61043e19fbdadd1bee5153a.r2.dev/CASY/2023-12-12/f23bc-2023-12-11-09-40-23/f23bc-2023-12-11-09-40-23.pdf/f23bc-2023-12-11-09-40-23.pdf",
        "periodicity": "periodic"
    },
    {
        "equity_ticker": "CASY",
        "geography": "US",
        "content_name": "CASY Q1 2024 Transcript",
        "file_type": "pdf",
        "content_type": "earnings_transcript",
        "published_date": "2023-09-12",
        "fiscal_date": "2023-09-12",
        "fiscal_year": 2024,
        "fiscal_quarter": 1,
        "r2_url": "https://pub-2c783279b61043e19fbdadd1bee5153a.r2.dev/CASY/2023-09-12/Casey%27s%20General%20Stores%2C%20Inc._2023-09-12_transcript/Casey%27s%20General%20Stores%2C%20Inc._2023-09-12_transcript.pdf/Casey%27s%20General%20Stores%2C%20Inc._2023-09-12_transcript.pdf",
        "periodicity": "periodic"
    },
    {
        "equity_ticker": "CASY",
        "geography": "US",
        "content_name": "CASY Q1 2024 Press Release",
        "file_type": "pdf",
        "content_type": "earnings_press_release",
        "published_date": "2023-09-12",
        "fiscal_date": "2023-09-12",
        "fiscal_year": 2024,
        "fiscal_quarter": 1,
        "r2_url": "https://pub-2c783279b61043e19fbdadd1bee5153a.r2.dev/CASY/2023-09-12/b42a4-2023-09-11-08-54-19/b42a4-2023-09-11-08-54-19.pdf/b42a4-2023-09-11-08-54-19.pdf",
        "periodicity": "periodic"
    },
    {
        "equity_ticker": "CASY",
        "geography": "US",
        "content_name": "Investor Day 2023 - June 27, 2023",
        "file_type": "pdf",
        "content_type": "company_conference_transcript",
        "published_date": "2023-06-27",
        "fiscal_date": "2023-06-27",
        "fiscal_year": 0,
        "fiscal_quarter": 0,
        "r2_url": "https://pub-2c783279b61043e19fbdadd1bee5153a.r2.dev/CASY/2023-06-27/Casey%27s%20General%20Stores%2C%20Inc._2023-06-27_transcript/Casey%27s%20General%20Stores%2C%20Inc._2023-06-27_transcript.pdf/Casey%27s%20General%20Stores%2C%20Inc._2023-06-27_transcript.pdf",
        "periodicity": "non_periodic"
    },
    {
        "equity_ticker": "CASY",
        "geography": "US",
        "content_name": "Investor Day 2023 - June 27, 2023",
        "file_type": "pdf",
        "content_type": "company_conference_presentation",
        "published_date": "2023-06-27",
        "fiscal_date": "2023-06-27",
        "fiscal_year": 0,
        "fiscal_quarter": 0,
        "r2_url": "https://pub-2c783279b61043e19fbdadd1bee5153a.r2.dev/CASY/2023-06-27/3c81d-2023-06-27-01-28-02/3c81d-2023-06-27-01-28-02.pdf/3c81d-2023-06-27-01-28-02.pdf",
        "periodicity": "non_periodic"
    },
    {
        "equity_ticker": "CASY",
        "geography": "US",
        "content_name": "CASY Q4 2023 Transcript",
        "file_type": "pdf",
        "content_type": "earnings_transcript",
        "published_date": "2023-06-07",
        "fiscal_date": "2023-06-07",
        "fiscal_year": 2023,
        "fiscal_quarter": 4,
        "r2_url": "https://pub-2c783279b61043e19fbdadd1bee5153a.r2.dev/CASY/2023-06-07/Casey%27s%20General%20Stores%2C%20Inc._2023-06-07_transcript/Casey%27s%20General%20Stores%2C%20Inc._2023-06-07_transcript.pdf/Casey%27s%20General%20Stores%2C%20Inc._2023-06-07_transcript.pdf",
        "periodicity": "periodic"
    },
    {
        "equity_ticker": "CASY",
        "geography": "US",
        "content_name": "CASY Q4 2023 Press Release",
        "file_type": "pdf",
        "content_type": "earnings_press_release",
        "published_date": "2023-06-07",
        "fiscal_date": "2023-06-07",
        "fiscal_year": 2023,
        "fiscal_quarter": 4,
        "r2_url": "https://pub-2c783279b61043e19fbdadd1bee5153a.r2.dev/CASY/2023-06-07/8cedf-2024-08-02-06-02-33/8cedf-2024-08-02-06-02-33.pdf/8cedf-2024-08-02-06-02-33.pdf",
        "periodicity": "periodic"
    },
    {
        "equity_ticker": "CASY",
        "geography": "US",
        "content_name": "CASY Q3 2023 Transcript",
        "file_type": "pdf",
        "content_type": "earnings_transcript",
        "published_date": "2023-03-08",
        "fiscal_date": "2023-03-08",
        "fiscal_year": 2023,
        "fiscal_quarter": 3,
        "r2_url": "https://pub-2c783279b61043e19fbdadd1bee5153a.r2.dev/CASY/2023-03-08/Casey%27s%20General%20Stores%2C%20Inc._2023-03-08_transcript/Casey%27s%20General%20Stores%2C%20Inc._2023-03-08_transcript.pdf/Casey%27s%20General%20Stores%2C%20Inc._2023-03-08_transcript.pdf",
        "periodicity": "periodic"
    },
    {
        "equity_ticker": "CASY",
        "geography": "US",
        "content_name": "CASY Q3 2023 Press Release",
        "file_type": "pdf",
        "content_type": "earnings_press_release",
        "published_date": "2023-03-08",
        "fiscal_date": "2023-03-08",
        "fiscal_year": 2023,
        "fiscal_quarter": 3,
        "r2_url": "https://pub-2c783279b61043e19fbdadd1bee5153a.r2.dev/CASY/2023-03-08/e0f2e-2024-08-02-06-10-34/e0f2e-2024-08-02-06-10-34.pdf/e0f2e-2024-08-02-06-10-34.pdf",
        "periodicity": "periodic"
    },
    {
        "equity_ticker": "CASY",
        "geography": "US",
        "content_name": "CASY Q2 2023 Transcript",
        "file_type": "pdf",
        "content_type": "earnings_transcript",
        "published_date": "2022-12-07",
        "fiscal_date": "2022-12-07",
        "fiscal_year": 2023,
        "fiscal_quarter": 2,
        "r2_url": "https://pub-2c783279b61043e19fbdadd1bee5153a.r2.dev/CASY/2022-12-07/Casey%27s%20General%20Stores%2C%20Inc._2022-12-07_transcript/Casey%27s%20General%20Stores%2C%20Inc._2022-12-07_transcript.pdf/Casey%27s%20General%20Stores%2C%20Inc._2022-12-07_transcript.pdf",
        "periodicity": "periodic"
    },
    {
        "equity_ticker": "CASY",
        "geography": "US",
        "content_name": "CASY Q2 2023 Press Release",
        "file_type": "pdf",
        "content_type": "earnings_press_release",
        "published_date": "2022-12-07",
        "fiscal_date": "2022-12-07",
        "fiscal_year": 2023,
        "fiscal_quarter": 2,
        "r2_url": "https://pub-2c783279b61043e19fbdadd1bee5153a.r2.dev/CASY/2022-12-07/b39fc-2024-08-02-06-56-34/b39fc-2024-08-02-06-56-34.pdf/b39fc-2024-08-02-06-56-34.pdf",
        "periodicity": "periodic"
    },
    {
        "equity_ticker": "CASY",
        "geography": "US",
        "content_name": "CASY Q1 2023 Transcript",
        "file_type": "pdf",
        "content_type": "earnings_transcript",
        "published_date": "2022-09-08",
        "fiscal_date": "2022-09-08",
        "fiscal_year": 2023,
        "fiscal_quarter": 1,
        "r2_url": "https://pub-2c783279b61043e19fbdadd1bee5153a.r2.dev/CASY/2022-09-08/Casey%27s%20General%20Stores%2C%20Inc._2022-09-08_transcript/Casey%27s%20General%20Stores%2C%20Inc._2022-09-08_transcript.pdf/Casey%27s%20General%20Stores%2C%20Inc._2022-09-08_transcript.pdf",
        "periodicity": "periodic"
    },
    {
        "equity_ticker": "CASY",
        "geography": "US",
        "content_name": "CASY Q1 2023 Press Release",
        "file_type": "pdf",
        "content_type": "earnings_press_release",
        "published_date": "2022-09-08",
        "fiscal_date": "2022-09-08",
        "fiscal_year": 2023,
        "fiscal_quarter": 1,
        "r2_url": "https://pub-2c783279b61043e19fbdadd1bee5153a.r2.dev/CASY/2022-09-08/25a9c-2024-08-02-06-39-35/25a9c-2024-08-02-06-39-35.pdf/25a9c-2024-08-02-06-39-35.pdf",
        "periodicity": "periodic"
    },
    {
        "equity_ticker": "CASY",
        "geography": "US",
        "content_name": "CASY Q4 2022 Transcript",
        "file_type": "pdf",
        "content_type": "earnings_transcript",
        "published_date": "2022-06-08",
        "fiscal_date": "2022-06-08",
        "fiscal_year": 2022,
        "fiscal_quarter": 4,
        "r2_url": "https://pub-2c783279b61043e19fbdadd1bee5153a.r2.dev/CASY/2022-06-08/Casey%27s%20General%20Stores%2C%20Inc._2022-06-08_transcript/Casey%27s%20General%20Stores%2C%20Inc._2022-06-08_transcript.pdf/Casey%27s%20General%20Stores%2C%20Inc._2022-06-08_transcript.pdf",
        "periodicity": "periodic"
    },
    {
        "equity_ticker": "CASY",
        "geography": "US",
        "content_name": "CASY Q4 2022 Press Release",
        "file_type": "pdf",
        "content_type": "earnings_press_release",
        "published_date": "2022-06-08",
        "fiscal_date": "2022-06-08",
        "fiscal_year": 2022,
        "fiscal_quarter": 4,
        "r2_url": "https://pub-2c783279b61043e19fbdadd1bee5153a.r2.dev/CASY/2022-06-08/2ff91-2024-08-02-06-48-36/2ff91-2024-08-02-06-48-36.pdf/2ff91-2024-08-02-06-48-36.pdf",
        "periodicity": "periodic"
    },
    {
        "equity_ticker": "CASY",
        "geography": "US",
        "content_name": "CASY Q3 2022 Transcript",
        "file_type": "pdf",
        "content_type": "earnings_transcript",
        "published_date": "2022-03-09",
        "fiscal_date": "2022-03-09",
        "fiscal_year": 2022,
        "fiscal_quarter": 3,
        "r2_url": "https://pub-2c783279b61043e19fbdadd1bee5153a.r2.dev/CASY/2022-03-09/Casey%27s%20General%20Stores%2C%20Inc._2022-03-09_transcript/Casey%27s%20General%20Stores%2C%20Inc._2022-03-09_transcript.pdf/Casey%27s%20General%20Stores%2C%20Inc._2022-03-09_transcript.pdf",
        "periodicity": "periodic"
    },
    {
        "equity_ticker": "CASY",
        "geography": "US",
        "content_name": "CASY Q3 2022 Press Release",
        "file_type": "pdf",
        "content_type": "earnings_press_release",
        "published_date": "2022-03-09",
        "fiscal_date": "2022-03-09",
        "fiscal_year": 2022,
        "fiscal_quarter": 3,
        "r2_url": "https://pub-2c783279b61043e19fbdadd1bee5153a.r2.dev/CASY/2022-03-09/c86c2-2024-08-02-06-26-37/c86c2-2024-08-02-06-26-37.pdf/c86c2-2024-08-02-06-26-37.pdf",
        "periodicity": "periodic"
    },
    {
        "equity_ticker": "CASY",
        "geography": "US",
        "content_name": "CASY Q2 2022 Transcript",
        "file_type": "pdf",
        "content_type": "earnings_transcript",
        "published_date": "2021-12-08",
        "fiscal_date": "2021-12-08",
        "fiscal_year": 2022,
        "fiscal_quarter": 2,
        "r2_url": "https://pub-2c783279b61043e19fbdadd1bee5153a.r2.dev/CASY/2021-12-08/Casey%27s%20General%20Stores%2C%20Inc._2021-12-08_transcript/Casey%27s%20General%20Stores%2C%20Inc._2021-12-08_transcript.pdf/Casey%27s%20General%20Stores%2C%20Inc._2021-12-08_transcript.pdf",
        "periodicity": "periodic"
    },
    {
        "equity_ticker": "CASY",
        "geography": "US",
        "content_name": "CASY Q2 2022 Press Release",
        "file_type": "pdf",
        "content_type": "earnings_press_release",
        "published_date": "2021-12-08",
        "fiscal_date": "2021-12-08",
        "fiscal_year": 2022,
        "fiscal_quarter": 2,
        "r2_url": "https://pub-2c783279b61043e19fbdadd1bee5153a.r2.dev/CASY/2021-12-08/79c18-2023-01-25-12-44-05/79c18-2023-01-25-12-44-05.pdf/79c18-2023-01-25-12-44-05.pdf",
        "periodicity": "periodic"
    },
    {
        "equity_ticker": "CASY",
        "geography": "US",
        "content_name": "CASY Q1 2022 Transcript",
        "file_type": "pdf",
        "content_type": "earnings_transcript",
        "published_date": "2021-09-08",
        "fiscal_date": "2021-09-08",
        "fiscal_year": 2022,
        "fiscal_quarter": 1,
        "r2_url": "https://pub-2c783279b61043e19fbdadd1bee5153a.r2.dev/CASY/2021-09-08/Casey%27s%20General%20Stores%2C%20Inc._2021-09-08_transcript/Casey%27s%20General%20Stores%2C%20Inc._2021-09-08_transcript.pdf/Casey%27s%20General%20Stores%2C%20Inc._2021-09-08_transcript.pdf",
        "periodicity": "periodic"
    },
    {
        "equity_ticker": "CASY",
        "geography": "US",
        "content_name": "CASY Q1 2022 Press Release",
        "file_type": "pdf",
        "content_type": "earnings_press_release",
        "published_date": "2021-09-08",
        "fiscal_date": "2021-09-08",
        "fiscal_year": 2022,
        "fiscal_quarter": 1,
        "r2_url": "https://pub-2c783279b61043e19fbdadd1bee5153a.r2.dev/CASY/2021-09-08/3a3ec-2024-08-02-06-25-38/3a3ec-2024-08-02-06-25-38.pdf/3a3ec-2024-08-02-06-25-38.pdf",
        "periodicity": "periodic"
    },
    {
        "equity_ticker": "CASY",
        "geography": "US",
        "content_name": "CASY Q4 2021 Transcript",
        "file_type": "pdf",
        "content_type": "earnings_transcript",
        "published_date": "2021-06-09",
        "fiscal_date": "2021-06-09",
        "fiscal_year": 2021,
        "fiscal_quarter": 4,
        "r2_url": "https://pub-2c783279b61043e19fbdadd1bee5153a.r2.dev/CASY/2021-06-09/Casey%27s%20General%20Stores%2C%20Inc._2021-06-09_transcript/Casey%27s%20General%20Stores%2C%20Inc._2021-06-09_transcript.pdf/Casey%27s%20General%20Stores%2C%20Inc._2021-06-09_transcript.pdf",
        "periodicity": "periodic"
    },
    {
        "equity_ticker": "CASY",
        "geography": "US",
        "content_name": "CASY Q4 2021 Press Release",
        "file_type": "pdf",
        "content_type": "earnings_press_release",
        "published_date": "2021-06-09",
        "fiscal_date": "2021-06-09",
        "fiscal_year": 2021,
        "fiscal_quarter": 4,
        "r2_url": "https://pub-2c783279b61043e19fbdadd1bee5153a.r2.dev/CASY/2021-06-09/235b0-2023-01-25-09-07-21/235b0-2023-01-25-09-07-21.pdf/235b0-2023-01-25-09-07-21.pdf",
        "periodicity": "periodic"
    },
    {
        "equity_ticker": "CASY",
        "geography": "US",
        "content_name": "CASY Q3 2021 Transcript",
        "file_type": "pdf",
        "content_type": "earnings_transcript",
        "published_date": "2021-03-09",
        "fiscal_date": "2021-03-09",
        "fiscal_year": 2021,
        "fiscal_quarter": 3,
        "r2_url": "https://pub-2c783279b61043e19fbdadd1bee5153a.r2.dev/CASY/2021-03-09/Casey%27s%20General%20Stores%2C%20Inc._2021-03-09_transcript/Casey%27s%20General%20Stores%2C%20Inc._2021-03-09_transcript.pdf/Casey%27s%20General%20Stores%2C%20Inc._2021-03-09_transcript.pdf",
        "periodicity": "periodic"
    },
    {
        "equity_ticker": "CASY",
        "geography": "US",
        "content_name": "CASY Q2 2021 Transcript",
        "file_type": "pdf",
        "content_type": "earnings_transcript",
        "published_date": "2020-12-08",
        "fiscal_date": "2020-12-08",
        "fiscal_year": 2021,
        "fiscal_quarter": 2,
        "r2_url": "https://pub-2c783279b61043e19fbdadd1bee5153a.r2.dev/CASY/2020-12-08/Casey%27s%20General%20Stores%2C%20Inc._2020-12-08_transcript/Casey%27s%20General%20Stores%2C%20Inc._2020-12-08_transcript.pdf/Casey%27s%20General%20Stores%2C%20Inc._2020-12-08_transcript.pdf",
        "periodicity": "periodic"
    },
    {
        "equity_ticker": "CASY",
        "geography": "US",
        "content_name": "CASY Q1 2021 Transcript",
        "file_type": "pdf",
        "content_type": "earnings_transcript",
        "published_date": "2020-09-09",
        "fiscal_date": "2020-09-09",
        "fiscal_year": 2021,
        "fiscal_quarter": 1,
        "r2_url": "https://pub-2c783279b61043e19fbdadd1bee5153a.r2.dev/CASY/2020-09-09/Casey%27s%20General%20Stores%2C%20Inc._2020-09-09_transcript/Casey%27s%20General%20Stores%2C%20Inc._2020-09-09_transcript.pdf/Casey%27s%20General%20Stores%2C%20Inc._2020-09-09_transcript.pdf",
        "periodicity": "periodic"
    },
    {
        "equity_ticker": "CASY",
        "geography": "US",
        "content_name": "CASY Q4 2020 Transcript",
        "file_type": "pdf",
        "content_type": "earnings_transcript",
        "published_date": "2020-06-26",
        "fiscal_date": "2020-06-26",
        "fiscal_year": 2020,
        "fiscal_quarter": 4,
        "r2_url": "https://pub-2c783279b61043e19fbdadd1bee5153a.r2.dev/CASY/2020-06-26/Casey%27s%20General%20Stores%2C%20Inc._2020-06-26_transcript/Casey%27s%20General%20Stores%2C%20Inc._2020-06-26_transcript.pdf/Casey%27s%20General%20Stores%2C%20Inc._2020-06-26_transcript.pdf",
        "periodicity": "periodic"
    },
    {
        "equity_ticker": "CASY",
        "geography": "US",
        "content_name": "CASY Q4 2020 Press Release",
        "file_type": "pdf",
        "content_type": "annual_report",
        "published_date": "2020-06-26",
        "fiscal_date": "2020-06-26",
        "fiscal_year": 2020,
        "fiscal_quarter": 4,
        "r2_url": "https://pub-2c783279b61043e19fbdadd1bee5153a.r2.dev/CASY/2020-06-26/fcb18-2023-09-04-03-41-18/fcb18-2023-09-04-03-41-18.pdf/fcb18-2023-09-04-03-41-18.pdf",
        "periodicity": "periodic"
    },
    {
        "equity_ticker": "CASY",
        "geography": "US",
        "content_name": "CASY Q3 2020 Transcript",
        "file_type": "pdf",
        "content_type": "earnings_transcript",
        "published_date": "2020-03-10",
        "fiscal_date": "2020-03-10",
        "fiscal_year": 2020,
        "fiscal_quarter": 3,
        "r2_url": "https://pub-2c783279b61043e19fbdadd1bee5153a.r2.dev/CASY/2020-03-10/Casey%27s%20General%20Stores%2C%20Inc._2020-03-10_transcript/Casey%27s%20General%20Stores%2C%20Inc._2020-03-10_transcript.pdf/Casey%27s%20General%20Stores%2C%20Inc._2020-03-10_transcript.pdf",
        "periodicity": "periodic"
    },
    {
        "equity_ticker": "CASY",
        "geography": "US",
        "content_name": "CASY Q2 2020 Transcript",
        "file_type": "pdf",
        "content_type": "earnings_transcript",
        "published_date": "2019-12-10",
        "fiscal_date": "2019-12-10",
        "fiscal_year": 2020,
        "fiscal_quarter": 2,
        "r2_url": "https://pub-2c783279b61043e19fbdadd1bee5153a.r2.dev/CASY/2019-12-10/Casey%27s%20General%20Stores%2C%20Inc._2019-12-10_transcript/Casey%27s%20General%20Stores%2C%20Inc._2019-12-10_transcript.pdf/Casey%27s%20General%20Stores%2C%20Inc._2019-12-10_transcript.pdf",
        "periodicity": "periodic"
    },
    {
        "equity_ticker": "CASY",
        "geography": "US",
        "content_name": "CASY Q1 2020 Transcript",
        "file_type": "pdf",
        "content_type": "earnings_transcript",
        "published_date": "2019-09-12",
        "fiscal_date": "2019-09-12",
        "fiscal_year": 2020,
        "fiscal_quarter": 1,
        "r2_url": "https://pub-2c783279b61043e19fbdadd1bee5153a.r2.dev/CASY/2019-09-12/Casey%27s%20General%20Stores%2C%20Inc._2019-09-12_transcript/Casey%27s%20General%20Stores%2C%20Inc._2019-09-12_transcript.pdf/Casey%27s%20General%20Stores%2C%20Inc._2019-09-12_transcript.pdf",
        "periodicity": "periodic"
    },
    {
        "equity_ticker": "CASY",
        "geography": "US",
        "content_name": "CASY Q4 2019 Transcript",
        "file_type": "pdf",
        "content_type": "earnings_transcript",
        "published_date": "2019-06-28",
        "fiscal_date": "2019-06-28",
        "fiscal_year": 2019,
        "fiscal_quarter": 4,
        "r2_url": "https://pub-2c783279b61043e19fbdadd1bee5153a.r2.dev/CASY/2019-06-28/Casey%27s%20General%20Stores%2C%20Inc._2019-06-28_transcript/Casey%27s%20General%20Stores%2C%20Inc._2019-06-28_transcript.pdf/Casey%27s%20General%20Stores%2C%20Inc._2019-06-28_transcript.pdf",
        "periodicity": "periodic"
    },
    {
        "equity_ticker": "CASY",
        "geography": "US",
        "content_name": "CASY Q4 2019 Press Release",
        "file_type": "pdf",
        "content_type": "annual_report",
        "published_date": "2019-06-28",
        "fiscal_date": "2019-06-28",
        "fiscal_year": 2019,
        "fiscal_quarter": 4,
        "r2_url": "https://pub-2c783279b61043e19fbdadd1bee5153a.r2.dev/CASY/2019-06-28/d1b12-2023-09-04-03-51-18/d1b12-2023-09-04-03-51-18.pdf/d1b12-2023-09-04-03-51-18.pdf",
        "periodicity": "periodic"
    },
    {
        "equity_ticker": "CASY",
        "geography": "US",
        "content_name": "CASY Q3 2019 Transcript",
        "file_type": "pdf",
        "content_type": "earnings_transcript",
        "published_date": "2019-03-12",
        "fiscal_date": "2019-03-12",
        "fiscal_year": 2019,
        "fiscal_quarter": 3,
        "r2_url": "https://pub-2c783279b61043e19fbdadd1bee5153a.r2.dev/CASY/2019-03-12/Casey%27s%20General%20Stores%2C%20Inc._2019-03-12_transcript/Casey%27s%20General%20Stores%2C%20Inc._2019-03-12_transcript.pdf/Casey%27s%20General%20Stores%2C%20Inc._2019-03-12_transcript.pdf",
        "periodicity": "periodic"
    },
    {
        "equity_ticker": "CASY",
        "geography": "US",
        "content_name": "CASY Q2 2019 Transcript",
        "file_type": "pdf",
        "content_type": "earnings_transcript",
        "published_date": "2018-12-11",
        "fiscal_date": "2018-12-11",
        "fiscal_year": 2019,
        "fiscal_quarter": 2,
        "r2_url": "https://pub-2c783279b61043e19fbdadd1bee5153a.r2.dev/CASY/2018-12-11/Casey%27s%20General%20Stores%2C%20Inc._2018-12-11_transcript/Casey%27s%20General%20Stores%2C%20Inc._2018-12-11_transcript.pdf/Casey%27s%20General%20Stores%2C%20Inc._2018-12-11_transcript.pdf",
        "periodicity": "periodic"
    },
    {
        "equity_ticker": "CASY",
        "geography": "US",
        "content_name": "CASY Q1 2019 Transcript",
        "file_type": "pdf",
        "content_type": "earnings_transcript",
        "published_date": "2018-09-11",
        "fiscal_date": "2018-09-11",
        "fiscal_year": 2019,
        "fiscal_quarter": 1,
        "r2_url": "https://pub-2c783279b61043e19fbdadd1bee5153a.r2.dev/CASY/2018-09-11/Casey%27s%20General%20Stores%2C%20Inc._2018-09-11_transcript/Casey%27s%20General%20Stores%2C%20Inc._2018-09-11_transcript.pdf/Casey%27s%20General%20Stores%2C%20Inc._2018-09-11_transcript.pdf",
        "periodicity": "periodic"
    },
    {
        "equity_ticker": "CASY",
        "geography": "US",
        "content_name": "CASY Q4 2018 Transcript",
        "file_type": "pdf",
        "content_type": "earnings_transcript",
        "published_date": "2018-06-29",
        "fiscal_date": "2018-06-29",
        "fiscal_year": 2018,
        "fiscal_quarter": 4,
        "r2_url": "https://pub-2c783279b61043e19fbdadd1bee5153a.r2.dev/CASY/2018-06-29/Casey%27s%20General%20Stores%2C%20Inc._2018-06-29_transcript/Casey%27s%20General%20Stores%2C%20Inc._2018-06-29_transcript.pdf/Casey%27s%20General%20Stores%2C%20Inc._2018-06-29_transcript.pdf",
        "periodicity": "periodic"
    },
    {
        "equity_ticker": "CASY",
        "geography": "US",
        "content_name": "CASY Q4 2018 Press Release",
        "file_type": "pdf",
        "content_type": "annual_report",
        "published_date": "2018-06-29",
        "fiscal_date": "2018-06-29",
        "fiscal_year": 2018,
        "fiscal_quarter": 4,
        "r2_url": "https://pub-2c783279b61043e19fbdadd1bee5153a.r2.dev/CASY/2018-06-29/1ca47-2023-09-04-03-05-19/1ca47-2023-09-04-03-05-19.pdf/1ca47-2023-09-04-03-05-19.pdf",
        "periodicity": "periodic"
    },
    {
        "equity_ticker": "CASY",
        "geography": "US",
        "content_name": "CASY Q3 2018 Transcript",
        "file_type": "pdf",
        "content_type": "earnings_transcript",
        "published_date": "2018-03-07",
        "fiscal_date": "2018-03-07",
        "fiscal_year": 2018,
        "fiscal_quarter": 3,
        "r2_url": "https://pub-2c783279b61043e19fbdadd1bee5153a.r2.dev/CASY/2018-03-07/Casey%27s%20General%20Stores%2C%20Inc._2018-03-07_transcript/Casey%27s%20General%20Stores%2C%20Inc._2018-03-07_transcript.pdf/Casey%27s%20General%20Stores%2C%20Inc._2018-03-07_transcript.pdf",
        "periodicity": "periodic"
    },
    {
        "equity_ticker": "CASY",
        "geography": "US",
        "content_name": "CASY Q2 2018 Transcript",
        "file_type": "pdf",
        "content_type": "earnings_transcript",
        "published_date": "2017-12-13",
        "fiscal_date": "2017-12-13",
        "fiscal_year": 2018,
        "fiscal_quarter": 2,
        "r2_url": "https://pub-2c783279b61043e19fbdadd1bee5153a.r2.dev/CASY/2017-12-13/Casey%27s%20General%20Stores%2C%20Inc._2017-12-13_transcript/Casey%27s%20General%20Stores%2C%20Inc._2017-12-13_transcript.pdf/Casey%27s%20General%20Stores%2C%20Inc._2017-12-13_transcript.pdf",
        "periodicity": "periodic"
    },
    {
        "equity_ticker": "CASY",
        "geography": "US",
        "content_name": "CASY Q1 2018 Transcript",
        "file_type": "pdf",
        "content_type": "earnings_transcript",
        "published_date": "2017-09-06",
        "fiscal_date": "2017-09-06",
        "fiscal_year": 2018,
        "fiscal_quarter": 1,
        "r2_url": "https://pub-2c783279b61043e19fbdadd1bee5153a.r2.dev/CASY/2017-09-06/Casey%27s%20General%20Stores%2C%20Inc._2017-09-06_transcript/Casey%27s%20General%20Stores%2C%20Inc._2017-09-06_transcript.pdf/Casey%27s%20General%20Stores%2C%20Inc._2017-09-06_transcript.pdf",
        "periodicity": "periodic"
    },
    {
        "equity_ticker": "CASY",
        "geography": "US",
        "content_name": "CASY Q4 2017 Transcript",
        "file_type": "pdf",
        "content_type": "earnings_transcript",
        "published_date": "2017-06-29",
        "fiscal_date": "2017-06-29",
        "fiscal_year": 2017,
        "fiscal_quarter": 4,
        "r2_url": "https://pub-2c783279b61043e19fbdadd1bee5153a.r2.dev/CASY/2017-06-29/Casey%27s%20General%20Stores%2C%20Inc._2017-06-29_transcript/Casey%27s%20General%20Stores%2C%20Inc._2017-06-29_transcript.pdf/Casey%27s%20General%20Stores%2C%20Inc._2017-06-29_transcript.pdf",
        "periodicity": "periodic"
    },
    {
        "equity_ticker": "CASY",
        "geography": "US",
        "content_name": "CASY Q4 2017 Press Release",
        "file_type": "pdf",
        "content_type": "annual_report",
        "published_date": "2017-06-29",
        "fiscal_date": "2017-06-29",
        "fiscal_year": 2017,
        "fiscal_quarter": 4,
        "r2_url": "https://pub-2c783279b61043e19fbdadd1bee5153a.r2.dev/CASY/2017-06-29/3c3c6-2023-09-04-03-17-19/3c3c6-2023-09-04-03-17-19.pdf/3c3c6-2023-09-04-03-17-19.pdf",
        "periodicity": "periodic"
    },
    {
        "equity_ticker": "CASY",
        "geography": "US",
        "content_name": "CASY Q3 2017 Transcript",
        "file_type": "pdf",
        "content_type": "earnings_transcript",
        "published_date": "2017-03-07",
        "fiscal_date": "2017-03-07",
        "fiscal_year": 2017,
        "fiscal_quarter": 3,
        "r2_url": "https://pub-2c783279b61043e19fbdadd1bee5153a.r2.dev/CASY/2017-03-07/Casey%27s%20General%20Stores%2C%20Inc._2017-03-07_transcript/Casey%27s%20General%20Stores%2C%20Inc._2017-03-07_transcript.pdf/Casey%27s%20General%20Stores%2C%20Inc._2017-03-07_transcript.pdf",
        "periodicity": "periodic"
    },
    {
        "equity_ticker": "CASY",
        "geography": "US",
        "content_name": "CASY Q2 2017 Transcript",
        "file_type": "pdf",
        "content_type": "earnings_transcript",
        "published_date": "2016-12-08",
        "fiscal_date": "2016-12-08",
        "fiscal_year": 2017,
        "fiscal_quarter": 2,
        "r2_url": "https://pub-2c783279b61043e19fbdadd1bee5153a.r2.dev/CASY/2016-12-08/Casey%27s%20General%20Stores%2C%20Inc._2016-12-08_transcript/Casey%27s%20General%20Stores%2C%20Inc._2016-12-08_transcript.pdf/Casey%27s%20General%20Stores%2C%20Inc._2016-12-08_transcript.pdf",
        "periodicity": "periodic"
    },
    {
        "equity_ticker": "CASY",
        "geography": "US",
        "content_name": "CASY Q1 2017 Transcript",
        "file_type": "pdf",
        "content_type": "earnings_transcript",
        "published_date": "2016-09-07",
        "fiscal_date": "2016-09-07",
        "fiscal_year": 2017,
        "fiscal_quarter": 1,
        "r2_url": "https://pub-2c783279b61043e19fbdadd1bee5153a.r2.dev/CASY/2016-09-07/Casey%27s%20General%20Stores%2C%20Inc._2016-09-07_transcript/Casey%27s%20General%20Stores%2C%20Inc._2016-09-07_transcript.pdf/Casey%27s%20General%20Stores%2C%20Inc._2016-09-07_transcript.pdf",
        "periodicity": "periodic"
    },
    {
        "equity_ticker": "CASY",
        "geography": "US",
        "content_name": "CASY Q4 2016 Transcript",
        "file_type": "pdf",
        "content_type": "earnings_transcript",
        "published_date": "2016-06-27",
        "fiscal_date": "2016-06-27",
        "fiscal_year": 2016,
        "fiscal_quarter": 4,
        "r2_url": "https://pub-2c783279b61043e19fbdadd1bee5153a.r2.dev/CASY/2016-06-27/Casey%27s%20General%20Stores%2C%20Inc._2016-06-27_transcript/Casey%27s%20General%20Stores%2C%20Inc._2016-06-27_transcript.pdf/Casey%27s%20General%20Stores%2C%20Inc._2016-06-27_transcript.pdf",
        "periodicity": "periodic"
    },
    {
        "equity_ticker": "CASY",
        "geography": "US",
        "content_name": "CASY Q4 2016 Press Release",
        "file_type": "pdf",
        "content_type": "annual_report",
        "published_date": "2016-06-27",
        "fiscal_date": "2016-06-27",
        "fiscal_year": 2016,
        "fiscal_quarter": 4,
        "r2_url": "https://pub-2c783279b61043e19fbdadd1bee5153a.r2.dev/CASY/2016-06-27/ca291-2023-09-04-03-35-19/ca291-2023-09-04-03-35-19.pdf/ca291-2023-09-04-03-35-19.pdf",
        "periodicity": "periodic"
    },
    {
        "equity_ticker": "CASY",
        "geography": "US",
        "content_name": "CASY Q3 2016 Transcript",
        "file_type": "pdf",
        "content_type": "earnings_transcript",
        "published_date": "2016-03-09",
        "fiscal_date": "2016-03-09",
        "fiscal_year": 2016,
        "fiscal_quarter": 3,
        "r2_url": "https://pub-2c783279b61043e19fbdadd1bee5153a.r2.dev/CASY/2016-03-09/Casey%27s%20General%20Stores%2C%20Inc._2016-03-09_transcript/Casey%27s%20General%20Stores%2C%20Inc._2016-03-09_transcript.pdf/Casey%27s%20General%20Stores%2C%20Inc._2016-03-09_transcript.pdf",
        "periodicity": "periodic"
    },
    {
        "equity_ticker": "CASY",
        "geography": "US",
        "content_name": "CASY Q2 2016 Transcript",
        "file_type": "pdf",
        "content_type": "earnings_transcript",
        "published_date": "2015-12-08",
        "fiscal_date": "2015-12-08",
        "fiscal_year": 2016,
        "fiscal_quarter": 2,
        "r2_url": "https://pub-2c783279b61043e19fbdadd1bee5153a.r2.dev/CASY/2015-12-08/Casey%27s%20General%20Stores%2C%20Inc._2015-12-08_transcript/Casey%27s%20General%20Stores%2C%20Inc._2015-12-08_transcript.pdf/Casey%27s%20General%20Stores%2C%20Inc._2015-12-08_transcript.pdf",
        "periodicity": "periodic"
    },
    {
        "equity_ticker": "CASY",
        "geography": "US",
        "content_name": "CASY Q1 2016 Transcript",
        "file_type": "pdf",
        "content_type": "earnings_transcript",
        "published_date": "2015-09-09",
        "fiscal_date": "2015-09-09",
        "fiscal_year": 2016,
        "fiscal_quarter": 1,
        "r2_url": "https://pub-2c783279b61043e19fbdadd1bee5153a.r2.dev/CASY/2015-09-09/Casey%27s%20General%20Stores%2C%20Inc._2015-09-09_transcript/Casey%27s%20General%20Stores%2C%20Inc._2015-09-09_transcript.pdf/Casey%27s%20General%20Stores%2C%20Inc._2015-09-09_transcript.pdf",
        "periodicity": "periodic"
    },
    {
        "equity_ticker": "CASY",
        "geography": "US",
        "content_name": "CASY Q4 2015 Transcript",
        "file_type": "pdf",
        "content_type": "earnings_transcript",
        "published_date": "2015-06-26",
        "fiscal_date": "2015-06-26",
        "fiscal_year": 2015,
        "fiscal_quarter": 4,
        "r2_url": "https://pub-2c783279b61043e19fbdadd1bee5153a.r2.dev/CASY/2015-06-26/Casey%27s%20General%20Stores%2C%20Inc._2015-06-26_transcript/Casey%27s%20General%20Stores%2C%20Inc._2015-06-26_transcript.pdf/Casey%27s%20General%20Stores%2C%20Inc._2015-06-26_transcript.pdf",
        "periodicity": "periodic"
    },
    {
        "equity_ticker": "CASY",
        "geography": "US",
        "content_name": "CASY Q4 2015 Press Release",
        "file_type": "pdf",
        "content_type": "annual_report",
        "published_date": "2015-06-26",
        "fiscal_date": "2015-06-26",
        "fiscal_year": 2015,
        "fiscal_quarter": 4,
        "r2_url": "https://pub-2c783279b61043e19fbdadd1bee5153a.r2.dev/CASY/2015-06-26/aad13-2023-09-04-03-47-19/aad13-2023-09-04-03-47-19.pdf/aad13-2023-09-04-03-47-19.pdf",
        "periodicity": "periodic"
    },
    {
        "equity_ticker": "CASY",
        "geography": "US",
        "content_name": "CASY Q3 2015 Transcript",
        "file_type": "pdf",
        "content_type": "earnings_transcript",
        "published_date": "2015-03-10",
        "fiscal_date": "2015-03-10",
        "fiscal_year": 2015,
        "fiscal_quarter": 3,
        "r2_url": "https://pub-2c783279b61043e19fbdadd1bee5153a.r2.dev/CASY/2015-03-10/Casey%27s%20General%20Stores%2C%20Inc._2015-03-10_transcript/Casey%27s%20General%20Stores%2C%20Inc._2015-03-10_transcript.pdf/Casey%27s%20General%20Stores%2C%20Inc._2015-03-10_transcript.pdf",
        "periodicity": "periodic"
    },
    {
        "equity_ticker": "CASY",
        "geography": "US",
        "content_name": "CASY Q2 2015 Transcript",
        "file_type": "pdf",
        "content_type": "earnings_transcript",
        "published_date": "2014-12-11",
        "fiscal_date": "2014-12-11",
        "fiscal_year": 2015,
        "fiscal_quarter": 2,
        "r2_url": "https://pub-2c783279b61043e19fbdadd1bee5153a.r2.dev/CASY/2014-12-11/Casey%27s%20General%20Stores%2C%20Inc._2014-12-11_transcript/Casey%27s%20General%20Stores%2C%20Inc._2014-12-11_transcript.pdf/Casey%27s%20General%20Stores%2C%20Inc._2014-12-11_transcript.pdf",
        "periodicity": "periodic"
    },
    {
        "equity_ticker": "CASY",
        "geography": "US",
        "content_name": "CASY Q1 2015 Transcript",
        "file_type": "pdf",
        "content_type": "earnings_transcript",
        "published_date": "2014-09-09",
        "fiscal_date": "2014-09-09",
        "fiscal_year": 2015,
        "fiscal_quarter": 1,
        "r2_url": "https://pub-2c783279b61043e19fbdadd1bee5153a.r2.dev/CASY/2014-09-09/Casey%27s%20General%20Stores%2C%20Inc._2014-09-09_transcript/Casey%27s%20General%20Stores%2C%20Inc._2014-09-09_transcript.pdf/Casey%27s%20General%20Stores%2C%20Inc._2014-09-09_transcript.pdf",
        "periodicity": "periodic"
    },
    {
        "equity_ticker": "CASY",
        "geography": "US",
        "content_name": "CASY Q4 2014 Transcript",
        "file_type": "pdf",
        "content_type": "earnings_transcript",
        "published_date": "2014-06-10",
        "fiscal_date": "2014-06-10",
        "fiscal_year": 2014,
        "fiscal_quarter": 4,
        "r2_url": "https://pub-2c783279b61043e19fbdadd1bee5153a.r2.dev/CASY/2014-06-10/Casey%27s%20General%20Stores%2C%20Inc._2014-06-10_transcript/Casey%27s%20General%20Stores%2C%20Inc._2014-06-10_transcript.pdf/Casey%27s%20General%20Stores%2C%20Inc._2014-06-10_transcript.pdf",
        "periodicity": "periodic"
    },
    {
        "equity_ticker": "CASY",
        "geography": "US",
        "content_name": "CASY Q3 2014 Transcript",
        "file_type": "pdf",
        "content_type": "earnings_transcript",
        "published_date": "2014-03-11",
        "fiscal_date": "2014-03-11",
        "fiscal_year": 2014,
        "fiscal_quarter": 3,
        "r2_url": "https://pub-2c783279b61043e19fbdadd1bee5153a.r2.dev/CASY/2014-03-11/Casey%27s%20General%20Stores%2C%20Inc._2014-03-11_transcript/Casey%27s%20General%20Stores%2C%20Inc._2014-03-11_transcript.pdf/Casey%27s%20General%20Stores%2C%20Inc._2014-03-11_transcript.pdf",
        "periodicity": "periodic"
    },
    {
        "equity_ticker": "CASY",
        "geography": "US",
        "content_name": "CASY Q2 2014 Transcript",
        "file_type": "pdf",
        "content_type": "earnings_transcript",
        "published_date": "2013-12-10",
        "fiscal_date": "2013-12-10",
        "fiscal_year": 2014,
        "fiscal_quarter": 2,
        "r2_url": "https://pub-2c783279b61043e19fbdadd1bee5153a.r2.dev/CASY/2013-12-10/Casey%27s%20General%20Stores%2C%20Inc._2013-12-10_transcript/Casey%27s%20General%20Stores%2C%20Inc._2013-12-10_transcript.pdf/Casey%27s%20General%20Stores%2C%20Inc._2013-12-10_transcript.pdf",
        "periodicity": "periodic"
    },
    {
        "equity_ticker": "CASY",
        "geography": "US",
        "content_name": "CASY Q1 2014 Transcript",
        "file_type": "pdf",
        "content_type": "earnings_transcript",
        "published_date": "2013-09-10",
        "fiscal_date": "2013-09-10",
        "fiscal_year": 2014,
        "fiscal_quarter": 1,
        "r2_url": "https://pub-2c783279b61043e19fbdadd1bee5153a.r2.dev/CASY/2013-09-10/Casey%27s%20General%20Stores%2C%20Inc._2013-09-10_transcript/Casey%27s%20General%20Stores%2C%20Inc._2013-09-10_transcript.pdf/Casey%27s%20General%20Stores%2C%20Inc._2013-09-10_transcript.pdf",
        "periodicity": "periodic"
    },
    {
        "equity_ticker": "CASY",
        "geography": "US",
        "content_name": "CASY Q4 2013 Transcript",
        "file_type": "pdf",
        "content_type": "earnings_transcript",
        "published_date": "2013-06-14",
        "fiscal_date": "2013-06-14",
        "fiscal_year": 2013,
        "fiscal_quarter": 4,
        "r2_url": "https://pub-2c783279b61043e19fbdadd1bee5153a.r2.dev/CASY/2013-06-14/Casey%27s%20General%20Stores%2C%20Inc._2013-06-14_transcript/Casey%27s%20General%20Stores%2C%20Inc._2013-06-14_transcript.pdf/Casey%27s%20General%20Stores%2C%20Inc._2013-06-14_transcript.pdf",
        "periodicity": "periodic"
    },
    {
        "equity_ticker": "CASY",
        "geography": "US",
        "content_name": "CASY Q3 2013 Transcript",
        "file_type": "pdf",
        "content_type": "earnings_transcript",
        "published_date": "2013-03-12",
        "fiscal_date": "2013-03-12",
        "fiscal_year": 2013,
        "fiscal_quarter": 3,
        "r2_url": "https://pub-2c783279b61043e19fbdadd1bee5153a.r2.dev/CASY/2013-03-12/Casey%27s%20General%20Stores%2C%20Inc._2013-03-12_transcript/Casey%27s%20General%20Stores%2C%20Inc._2013-03-12_transcript.pdf/Casey%27s%20General%20Stores%2C%20Inc._2013-03-12_transcript.pdf",
        "periodicity": "periodic"
    },
    {
        "equity_ticker": "CASY",
        "geography": "US",
        "content_name": "CASY Q2 2013 Transcript",
        "file_type": "pdf",
        "content_type": "earnings_transcript",
        "published_date": "2012-12-11",
        "fiscal_date": "2012-12-11",
        "fiscal_year": 2013,
        "fiscal_quarter": 2,
        "r2_url": "https://pub-2c783279b61043e19fbdadd1bee5153a.r2.dev/CASY/2012-12-11/Casey%27s%20General%20Stores%2C%20Inc._2012-12-11_transcript/Casey%27s%20General%20Stores%2C%20Inc._2012-12-11_transcript.pdf/Casey%27s%20General%20Stores%2C%20Inc._2012-12-11_transcript.pdf",
        "periodicity": "periodic"
    },
    {
        "equity_ticker": "CASY",
        "geography": "US",
        "content_name": "CASY Q1 2013 Transcript",
        "file_type": "pdf",
        "content_type": "earnings_transcript",
        "published_date": "2012-09-11",
        "fiscal_date": "2012-09-11",
        "fiscal_year": 2013,
        "fiscal_quarter": 1,
        "r2_url": "https://pub-2c783279b61043e19fbdadd1bee5153a.r2.dev/CASY/2012-09-11/Casey%27s%20General%20Stores%2C%20Inc._2012-09-11_transcript/Casey%27s%20General%20Stores%2C%20Inc._2012-09-11_transcript.pdf/Casey%27s%20General%20Stores%2C%20Inc._2012-09-11_transcript.pdf",
        "periodicity": "periodic"
    },
    {
        "equity_ticker": "CASY",
        "geography": "US",
        "content_name": "CASY Q4 2012 Transcript",
        "file_type": "pdf",
        "content_type": "earnings_transcript",
        "published_date": "2012-06-13",
        "fiscal_date": "2012-06-13",
        "fiscal_year": 2012,
        "fiscal_quarter": 4,
        "r2_url": "https://pub-2c783279b61043e19fbdadd1bee5153a.r2.dev/CASY/2012-06-13/Casey%27s%20General%20Stores%2C%20Inc._2012-06-13_transcript/Casey%27s%20General%20Stores%2C%20Inc._2012-06-13_transcript.pdf/Casey%27s%20General%20Stores%2C%20Inc._2012-06-13_transcript.pdf",
        "periodicity": "periodic"
    },
    {
        "equity_ticker": "CASY",
        "geography": "US",
        "content_name": "CASY Q3 2012 Transcript",
        "file_type": "pdf",
        "content_type": "earnings_transcript",
        "published_date": "2012-03-06",
        "fiscal_date": "2012-03-06",
        "fiscal_year": 2012,
        "fiscal_quarter": 3,
        "r2_url": "https://pub-2c783279b61043e19fbdadd1bee5153a.r2.dev/CASY/2012-03-06/Casey%27s%20General%20Stores%2C%20Inc._2012-03-06_transcript/Casey%27s%20General%20Stores%2C%20Inc._2012-03-06_transcript.pdf/Casey%27s%20General%20Stores%2C%20Inc._2012-03-06_transcript.pdf",
        "periodicity": "periodic"
    },
    {
        "equity_ticker": "CASY",
        "geography": "US",
        "content_name": "CASY Q2 2010 Transcript",
        "file_type": "pdf",
        "content_type": "earnings_transcript",
        "published_date": "2009-12-08",
        "fiscal_date": "2009-12-08",
        "fiscal_year": 2010,
        "fiscal_quarter": 2,
        "r2_url": "https://pub-2c783279b61043e19fbdadd1bee5153a.r2.dev/CASY/2009-12-08/Casey%27s%20General%20Stores%2C%20Inc._2009-12-08_transcript/Casey%27s%20General%20Stores%2C%20Inc._2009-12-08_transcript.pdf/Casey%27s%20General%20Stores%2C%20Inc._2009-12-08_transcript.pdf",
        "periodicity": "periodic"
    },
    {
        "equity_ticker": "CASY",
        "geography": "US",
        "content_name": "CASY Q1 2010 Transcript",
        "file_type": "pdf",
        "content_type": "earnings_transcript",
        "published_date": "2009-09-09",
        "fiscal_date": "2009-09-09",
        "fiscal_year": 2010,
        "fiscal_quarter": 1,
        "r2_url": "https://pub-2c783279b61043e19fbdadd1bee5153a.r2.dev/CASY/2009-09-09/Casey%27s%20General%20Stores%2C%20Inc._2009-09-09_transcript/Casey%27s%20General%20Stores%2C%20Inc._2009-09-09_transcript.pdf/Casey%27s%20General%20Stores%2C%20Inc._2009-09-09_transcript.pdf",
        "periodicity": "periodic"
    },
    {
        "equity_ticker": "CASY",
        "geography": "US",
        "content_name": "CASY Q3 2009 Transcript",
        "file_type": "pdf",
        "content_type": "earnings_transcript",
        "published_date": "2009-03-10",
        "fiscal_date": "2009-03-10",
        "fiscal_year": 2009,
        "fiscal_quarter": 3,
        "r2_url": "https://pub-2c783279b61043e19fbdadd1bee5153a.r2.dev/CASY/2009-03-10/Casey%27s%20General%20Stores%2C%20Inc._2009-03-10_transcript/Casey%27s%20General%20Stores%2C%20Inc._2009-03-10_transcript.pdf/Casey%27s%20General%20Stores%2C%20Inc._2009-03-10_transcript.pdf",
        "periodicity": "periodic"
    },
    {
        "equity_ticker": "CASY",
        "geography": "US",
        "content_name": "CASY Q2 2009 Transcript",
        "file_type": "pdf",
        "content_type": "earnings_transcript",
        "published_date": "2008-12-04",
        "fiscal_date": "2008-12-04",
        "fiscal_year": 2009,
        "fiscal_quarter": 2,
        "r2_url": "https://pub-2c783279b61043e19fbdadd1bee5153a.r2.dev/CASY/2008-12-04/Casey%27s%20General%20Stores%2C%20Inc._2008-12-04_transcript/Casey%27s%20General%20Stores%2C%20Inc._2008-12-04_transcript.pdf/Casey%27s%20General%20Stores%2C%20Inc._2008-12-04_transcript.pdf",
        "periodicity": "periodic"
    },
    {
        "equity_ticker": "CASY",
        "geography": "US",
        "content_name": "CASY Q1 2009 Transcript",
        "file_type": "pdf",
        "content_type": "earnings_transcript",
        "published_date": "2008-09-04",
        "fiscal_date": "2008-09-04",
        "fiscal_year": 2009,
        "fiscal_quarter": 1,
        "r2_url": "https://pub-2c783279b61043e19fbdadd1bee5153a.r2.dev/CASY/2008-09-04/Casey%27s%20General%20Stores%2C%20Inc._2008-09-04_transcript/Casey%27s%20General%20Stores%2C%20Inc._2008-09-04_transcript.pdf/Casey%27s%20General%20Stores%2C%20Inc._2008-09-04_transcript.pdf",
        "periodicity": "periodic"
    },
    {
        "equity_ticker": "CASY",
        "geography": "US",
        "content_name": "CASY Q4 2008 Transcript",
        "file_type": "pdf",
        "content_type": "earnings_transcript",
        "published_date": "2008-06-12",
        "fiscal_date": "2008-06-12",
        "fiscal_year": 2008,
        "fiscal_quarter": 4,
        "r2_url": "https://pub-2c783279b61043e19fbdadd1bee5153a.r2.dev/CASY/2008-06-12/Casey%27s%20General%20Stores%2C%20Inc._2008-06-12_transcript/Casey%27s%20General%20Stores%2C%20Inc._2008-06-12_transcript.pdf/Casey%27s%20General%20Stores%2C%20Inc._2008-06-12_transcript.pdf",
        "periodicity": "periodic"
    },
    {
        "equity_ticker": "CASY",
        "geography": "US",
        "content_name": "CASY Q3 2008 Transcript",
        "file_type": "pdf",
        "content_type": "earnings_transcript",
        "published_date": "2008-03-07",
        "fiscal_date": "2008-03-07",
        "fiscal_year": 2008,
        "fiscal_quarter": 3,
        "r2_url": "https://pub-2c783279b61043e19fbdadd1bee5153a.r2.dev/CASY/2008-03-07/Casey%27s%20General%20Stores%2C%20Inc._2008-03-07_transcript/Casey%27s%20General%20Stores%2C%20Inc._2008-03-07_transcript.pdf/Casey%27s%20General%20Stores%2C%20Inc._2008-03-07_transcript.pdf",
        "periodicity": "periodic"
    }
]