[
    {
        "equity_ticker": "CLX",
        "geography": "US",
        "content_name": "Consumer Analyst Group of New York Conference 2025 - February 20, 2025",
        "file_type": "pdf",
        "content_type": "industry_conference_transcript",
        "published_date": "2025-02-20",
        "fiscal_date": "2025-02-20",
        "fiscal_year": 0,
        "fiscal_quarter": 0,
        "r2_url": "https://pub-2c783279b61043e19fbdadd1bee5153a.r2.dev/CLX/2025-02-20/The%20Clorox%20Company_2025-02-20_transcript/The%20Clorox%20Company_2025-02-20_transcript.pdf/The%20Clorox%20Company_2025-02-20_transcript.pdf",
        "periodicity": "non_periodic"
    },
    {
        "equity_ticker": "CLX",
        "geography": "US",
        "content_name": "Consumer Analyst Group of New York Conference 2025 - February 20, 2025",
        "file_type": "pdf",
        "content_type": "industry_conference_presentation",
        "published_date": "2025-02-20",
        "fiscal_date": "2025-02-20",
        "fiscal_year": 0,
        "fiscal_quarter": 0,
        "r2_url": "https://pub-2c783279b61043e19fbdadd1bee5153a.r2.dev/CLX/2025-02-20/03647-2025-02-20-11-21-35/03647-2025-02-20-11-21-35.pdf/03647-2025-02-20-11-21-35.pdf",
        "periodicity": "non_periodic"
    },
    {
        "equity_ticker": "CLX",
        "geography": "US",
        "content_name": "CLX Q2 2025 Transcript",
        "file_type": "pdf",
        "content_type": "earnings_transcript",
        "published_date": "2025-02-03",
        "fiscal_date": "2025-02-03",
        "fiscal_year": 2025,
        "fiscal_quarter": 2,
        "r2_url": "https://pub-2c783279b61043e19fbdadd1bee5153a.r2.dev/CLX/2025-02-03/The%20Clorox%20Company_2025-02-03_transcript/The%20Clorox%20Company_2025-02-03_transcript.pdf/The%20Clorox%20Company_2025-02-03_transcript.pdf",
        "periodicity": "periodic"
    },
    {
        "equity_ticker": "CLX",
        "geography": "US",
        "content_name": "CLX Q2 2025 Press Release",
        "file_type": "pdf",
        "content_type": "earnings_press_release",
        "published_date": "2025-02-03",
        "fiscal_date": "2025-02-03",
        "fiscal_year": 2025,
        "fiscal_quarter": 2,
        "r2_url": "https://pub-2c783279b61043e19fbdadd1bee5153a.r2.dev/CLX/2025-02-03/f4b2b-2025-02-03-09-58-13/f4b2b-2025-02-03-09-58-13.pdf/f4b2b-2025-02-03-09-58-13.pdf",
        "periodicity": "periodic"
    },
    {
        "equity_ticker": "CLX",
        "geography": "US",
        "content_name": "CLX Q1 2025 Transcript",
        "file_type": "pdf",
        "content_type": "earnings_transcript",
        "published_date": "2024-10-30",
        "fiscal_date": "2024-10-30",
        "fiscal_year": 2025,
        "fiscal_quarter": 1,
        "r2_url": "https://pub-2c783279b61043e19fbdadd1bee5153a.r2.dev/CLX/2024-10-30/The%20Clorox%20Company_2024-10-30_transcript/The%20Clorox%20Company_2024-10-30_transcript.pdf/The%20Clorox%20Company_2024-10-30_transcript.pdf",
        "periodicity": "periodic"
    },
    {
        "equity_ticker": "CLX",
        "geography": "US",
        "content_name": "CLX Q1 2025 Press Release",
        "file_type": "pdf",
        "content_type": "earnings_press_release",
        "published_date": "2024-10-30",
        "fiscal_date": "2024-10-30",
        "fiscal_year": 2025,
        "fiscal_quarter": 1,
        "r2_url": "https://pub-2c783279b61043e19fbdadd1bee5153a.r2.dev/CLX/2024-10-30/9c23d-2024-10-30-08-45-13/9c23d-2024-10-30-08-45-13.pdf/9c23d-2024-10-30-08-45-13.pdf",
        "periodicity": "periodic"
    },
    {
        "equity_ticker": "CLX",
        "geography": "US",
        "content_name": "Barclays 17th Annual Global Consumer Staples Conference - September 4, 2024",
        "file_type": "pdf",
        "content_type": "sellside_conference_transcript",
        "published_date": "2024-09-04",
        "fiscal_date": "2024-09-04",
        "fiscal_year": 0,
        "fiscal_quarter": 0,
        "r2_url": "https://pub-2c783279b61043e19fbdadd1bee5153a.r2.dev/CLX/2024-09-04/The%20Clorox%20Company_2024-09-04_transcript/The%20Clorox%20Company_2024-09-04_transcript.pdf/The%20Clorox%20Company_2024-09-04_transcript.pdf",
        "periodicity": "non_periodic"
    },
    {
        "equity_ticker": "CLX",
        "geography": "US",
        "content_name": "CLX Q4 2024 Transcript",
        "file_type": "pdf",
        "content_type": "earnings_transcript",
        "published_date": "2024-08-01",
        "fiscal_date": "2024-08-01",
        "fiscal_year": 2024,
        "fiscal_quarter": 4,
        "r2_url": "https://pub-2c783279b61043e19fbdadd1bee5153a.r2.dev/CLX/2024-08-01/The%20Clorox%20Company_2024-08-01_transcript/The%20Clorox%20Company_2024-08-01_transcript.pdf/The%20Clorox%20Company_2024-08-01_transcript.pdf",
        "periodicity": "periodic"
    },
    {
        "equity_ticker": "CLX",
        "geography": "US",
        "content_name": "CLX Q4 2024 Press Release",
        "file_type": "pdf",
        "content_type": "earnings_press_release",
        "published_date": "2024-08-01",
        "fiscal_date": "2024-08-01",
        "fiscal_year": 2024,
        "fiscal_quarter": 4,
        "r2_url": "https://pub-2c783279b61043e19fbdadd1bee5153a.r2.dev/CLX/2024-08-01/09089-2024-08-01-08-42-14/09089-2024-08-01-08-42-14.pdf/09089-2024-08-01-08-42-14.pdf",
        "periodicity": "periodic"
    },
    {
        "equity_ticker": "CLX",
        "geography": "US",
        "content_name": "2024 dbAccess Global Consumer Conference - June 5, 2024",
        "file_type": "pdf",
        "content_type": "company_conference_transcript",
        "published_date": "2024-06-05",
        "fiscal_date": "2024-06-05",
        "fiscal_year": 0,
        "fiscal_quarter": 0,
        "r2_url": "https://pub-2c783279b61043e19fbdadd1bee5153a.r2.dev/CLX/2024-06-05/The%20Clorox%20Company_2024-06-05_transcript/The%20Clorox%20Company_2024-06-05_transcript.pdf/The%20Clorox%20Company_2024-06-05_transcript.pdf",
        "periodicity": "non_periodic"
    },
    {
        "equity_ticker": "CLX",
        "geography": "US",
        "content_name": "Goldman Sachs Global Staples Forum - May 14, 2024",
        "file_type": "pdf",
        "content_type": "company_conference_transcript",
        "published_date": "2024-05-14",
        "fiscal_date": "2024-05-14",
        "fiscal_year": 0,
        "fiscal_quarter": 0,
        "r2_url": "https://pub-2c783279b61043e19fbdadd1bee5153a.r2.dev/CLX/2024-05-14/The%20Clorox%20Company_2024-05-14_transcript/The%20Clorox%20Company_2024-05-14_transcript.pdf/The%20Clorox%20Company_2024-05-14_transcript.pdf",
        "periodicity": "non_periodic"
    },
    {
        "equity_ticker": "CLX",
        "geography": "US",
        "content_name": "CLX Q3 2024 Transcript",
        "file_type": "pdf",
        "content_type": "earnings_transcript",
        "published_date": "2024-04-30",
        "fiscal_date": "2024-04-30",
        "fiscal_year": 2024,
        "fiscal_quarter": 3,
        "r2_url": "https://pub-2c783279b61043e19fbdadd1bee5153a.r2.dev/CLX/2024-04-30/The%20Clorox%20Company_2024-04-30_transcript/The%20Clorox%20Company_2024-04-30_transcript.pdf/The%20Clorox%20Company_2024-04-30_transcript.pdf",
        "periodicity": "periodic"
    },
    {
        "equity_ticker": "CLX",
        "geography": "US",
        "content_name": "CLX Q3 2024 Press Release",
        "file_type": "pdf",
        "content_type": "earnings_press_release",
        "published_date": "2024-04-30",
        "fiscal_date": "2024-04-30",
        "fiscal_year": 2024,
        "fiscal_quarter": 3,
        "r2_url": "https://pub-2c783279b61043e19fbdadd1bee5153a.r2.dev/CLX/2024-04-30/acd58-2024-04-30-08-17-16/acd58-2024-04-30-08-17-16.pdf/acd58-2024-04-30-08-17-16.pdf",
        "periodicity": "periodic"
    },
    {
        "equity_ticker": "CLX",
        "geography": "US",
        "content_name": "CAGNY 2024 Conference - February 22, 2024",
        "file_type": "pdf",
        "content_type": "industry_conference_transcript",
        "published_date": "2024-02-22",
        "fiscal_date": "2024-02-22",
        "fiscal_year": 0,
        "fiscal_quarter": 0,
        "r2_url": "https://pub-2c783279b61043e19fbdadd1bee5153a.r2.dev/CLX/2024-02-22/The%20Clorox%20Company_2024-02-22_transcript/The%20Clorox%20Company_2024-02-22_transcript.pdf/The%20Clorox%20Company_2024-02-22_transcript.pdf",
        "periodicity": "non_periodic"
    },
    {
        "equity_ticker": "CLX",
        "geography": "US",
        "content_name": "CAGNY 2024 Conference - February 22, 2024",
        "file_type": "pdf",
        "content_type": "industry_conference_presentation",
        "published_date": "2024-02-22",
        "fiscal_date": "2024-02-22",
        "fiscal_year": 0,
        "fiscal_quarter": 0,
        "r2_url": "https://pub-2c783279b61043e19fbdadd1bee5153a.r2.dev/CLX/2024-02-22/9876e-2024-02-22-06-17-44/9876e-2024-02-22-06-17-44.pdf/9876e-2024-02-22-06-17-44.pdf",
        "periodicity": "non_periodic"
    },
    {
        "equity_ticker": "CLX",
        "geography": "US",
        "content_name": "CLX Q2 2024 Transcript",
        "file_type": "pdf",
        "content_type": "earnings_transcript",
        "published_date": "2024-02-01",
        "fiscal_date": "2024-02-01",
        "fiscal_year": 2024,
        "fiscal_quarter": 2,
        "r2_url": "https://pub-2c783279b61043e19fbdadd1bee5153a.r2.dev/CLX/2024-02-01/The%20Clorox%20Company_2024-02-01_transcript/The%20Clorox%20Company_2024-02-01_transcript.pdf/The%20Clorox%20Company_2024-02-01_transcript.pdf",
        "periodicity": "periodic"
    },
    {
        "equity_ticker": "CLX",
        "geography": "US",
        "content_name": "CLX Q2 2024 Press Release",
        "file_type": "pdf",
        "content_type": "earnings_press_release",
        "published_date": "2024-02-01",
        "fiscal_date": "2024-02-01",
        "fiscal_year": 2024,
        "fiscal_quarter": 2,
        "r2_url": "https://pub-2c783279b61043e19fbdadd1bee5153a.r2.dev/CLX/2024-02-01/b013b-2024-02-01-09-54-14/b013b-2024-02-01-09-54-14.pdf/b013b-2024-02-01-09-54-14.pdf",
        "periodicity": "periodic"
    },
    {
        "equity_ticker": "CLX",
        "geography": "US",
        "content_name": "CLX Q1 2024 Transcript",
        "file_type": "pdf",
        "content_type": "earnings_transcript",
        "published_date": "2023-11-01",
        "fiscal_date": "2023-11-01",
        "fiscal_year": 2024,
        "fiscal_quarter": 1,
        "r2_url": "https://pub-2c783279b61043e19fbdadd1bee5153a.r2.dev/CLX/2023-11-01/The%20Clorox%20Company_2023-11-01_transcript/The%20Clorox%20Company_2023-11-01_transcript.pdf/The%20Clorox%20Company_2023-11-01_transcript.pdf",
        "periodicity": "periodic"
    },
    {
        "equity_ticker": "CLX",
        "geography": "US",
        "content_name": "CLX Q1 2024 Press Release",
        "file_type": "pdf",
        "content_type": "earnings_press_release",
        "published_date": "2023-11-01",
        "fiscal_date": "2023-11-01",
        "fiscal_year": 2024,
        "fiscal_quarter": 1,
        "r2_url": "https://pub-2c783279b61043e19fbdadd1bee5153a.r2.dev/CLX/2023-11-01/7272b-2023-11-01-08-37-13/7272b-2023-11-01-08-37-13.pdf/7272b-2023-11-01-08-37-13.pdf",
        "periodicity": "periodic"
    },
    {
        "equity_ticker": "CLX",
        "geography": "US",
        "content_name": "Barclays Global Consumer Staples Conference - September 6, 2023",
        "file_type": "pdf",
        "content_type": "sellside_conference_transcript",
        "published_date": "2023-09-06",
        "fiscal_date": "2023-09-06",
        "fiscal_year": 0,
        "fiscal_quarter": 0,
        "r2_url": "https://pub-2c783279b61043e19fbdadd1bee5153a.r2.dev/CLX/2023-09-06/The%20Clorox%20Company_2023-09-06_transcript/The%20Clorox%20Company_2023-09-06_transcript.pdf/The%20Clorox%20Company_2023-09-06_transcript.pdf",
        "periodicity": "non_periodic"
    },
    {
        "equity_ticker": "CLX",
        "geography": "US",
        "content_name": "CLX Q4 2023 Transcript",
        "file_type": "pdf",
        "content_type": "earnings_transcript",
        "published_date": "2023-08-02",
        "fiscal_date": "2023-08-02",
        "fiscal_year": 2023,
        "fiscal_quarter": 4,
        "r2_url": "https://pub-2c783279b61043e19fbdadd1bee5153a.r2.dev/CLX/2023-08-02/The%20Clorox%20Company_2023-08-02_transcript/The%20Clorox%20Company_2023-08-02_transcript.pdf/The%20Clorox%20Company_2023-08-02_transcript.pdf",
        "periodicity": "periodic"
    },
    {
        "equity_ticker": "CLX",
        "geography": "US",
        "content_name": "CLX Q4 2023 Press Release",
        "file_type": "pdf",
        "content_type": "earnings_press_release",
        "published_date": "2023-08-02",
        "fiscal_date": "2023-08-02",
        "fiscal_year": 2023,
        "fiscal_quarter": 4,
        "r2_url": "https://pub-2c783279b61043e19fbdadd1bee5153a.r2.dev/CLX/2023-08-02/4fe48-2023-08-02-08-34-29/4fe48-2023-08-02-08-34-29.pdf/4fe48-2023-08-02-08-34-29.pdf",
        "periodicity": "periodic"
    },
    {
        "equity_ticker": "CLX",
        "geography": "US",
        "content_name": "CLX Q3 2023 Transcript",
        "file_type": "pdf",
        "content_type": "earnings_transcript",
        "published_date": "2023-05-02",
        "fiscal_date": "2023-05-02",
        "fiscal_year": 2023,
        "fiscal_quarter": 3,
        "r2_url": "https://pub-2c783279b61043e19fbdadd1bee5153a.r2.dev/CLX/2023-05-02/The%20Clorox%20Company_2023-05-02_transcript/The%20Clorox%20Company_2023-05-02_transcript.pdf/The%20Clorox%20Company_2023-05-02_transcript.pdf",
        "periodicity": "periodic"
    },
    {
        "equity_ticker": "CLX",
        "geography": "US",
        "content_name": "CLX Q3 2023 Press Release",
        "file_type": "pdf",
        "content_type": "earnings_press_release",
        "published_date": "2023-05-02",
        "fiscal_date": "2023-05-02",
        "fiscal_year": 2023,
        "fiscal_quarter": 3,
        "r2_url": "https://pub-2c783279b61043e19fbdadd1bee5153a.r2.dev/CLX/2023-05-02/3f1bd-2023-05-02-08-39-11/3f1bd-2023-05-02-08-39-11.pdf/3f1bd-2023-05-02-08-39-11.pdf",
        "periodicity": "periodic"
    },
    {
        "equity_ticker": "CLX",
        "geography": "US",
        "content_name": "Consumer Analyst Group of New York - February 23, 2023",
        "file_type": "pdf",
        "content_type": "industry_conference_transcript",
        "published_date": "2023-02-23",
        "fiscal_date": "2023-02-23",
        "fiscal_year": 0,
        "fiscal_quarter": 0,
        "r2_url": "https://pub-2c783279b61043e19fbdadd1bee5153a.r2.dev/CLX/2023-02-23/The%20Clorox%20Company_2023-02-23_transcript/The%20Clorox%20Company_2023-02-23_transcript.pdf/The%20Clorox%20Company_2023-02-23_transcript.pdf",
        "periodicity": "non_periodic"
    },
    {
        "equity_ticker": "CLX",
        "geography": "US",
        "content_name": "Consumer Analyst Group of New York - February 23, 2023",
        "file_type": "pdf",
        "content_type": "industry_conference_presentation",
        "published_date": "2023-02-23",
        "fiscal_date": "2023-02-23",
        "fiscal_year": 0,
        "fiscal_quarter": 0,
        "r2_url": "https://pub-2c783279b61043e19fbdadd1bee5153a.r2.dev/CLX/2023-02-23/4995a-2023-02-24-08-10-36/4995a-2023-02-24-08-10-36.pdf/4995a-2023-02-24-08-10-36.pdf",
        "periodicity": "non_periodic"
    },
    {
        "equity_ticker": "CLX",
        "geography": "US",
        "content_name": "CLX Q2 2023 Transcript",
        "file_type": "pdf",
        "content_type": "earnings_transcript",
        "published_date": "2023-02-02",
        "fiscal_date": "2023-02-02",
        "fiscal_year": 2023,
        "fiscal_quarter": 2,
        "r2_url": "https://pub-2c783279b61043e19fbdadd1bee5153a.r2.dev/CLX/2023-02-02/The%20Clorox%20Company_2023-02-02_transcript/The%20Clorox%20Company_2023-02-02_transcript.pdf/The%20Clorox%20Company_2023-02-02_transcript.pdf",
        "periodicity": "periodic"
    },
    {
        "equity_ticker": "CLX",
        "geography": "US",
        "content_name": "CLX Q2 2023 Press Release",
        "file_type": "pdf",
        "content_type": "earnings_press_release",
        "published_date": "2023-02-02",
        "fiscal_date": "2023-02-02",
        "fiscal_year": 2023,
        "fiscal_quarter": 2,
        "r2_url": "https://pub-2c783279b61043e19fbdadd1bee5153a.r2.dev/CLX/2023-02-02/ae8f7-2023-02-02-09-08-11/ae8f7-2023-02-02-09-08-11.pdf/ae8f7-2023-02-02-09-08-11.pdf",
        "periodicity": "periodic"
    },
    {
        "equity_ticker": "CLX",
        "geography": "US",
        "content_name": "CLX Q1 2023 Transcript",
        "file_type": "pdf",
        "content_type": "earnings_transcript",
        "published_date": "2022-11-01",
        "fiscal_date": "2022-11-01",
        "fiscal_year": 2023,
        "fiscal_quarter": 1,
        "r2_url": "https://pub-2c783279b61043e19fbdadd1bee5153a.r2.dev/CLX/2022-11-01/The%20Clorox%20Company_2022-11-01_transcript/The%20Clorox%20Company_2022-11-01_transcript.pdf/The%20Clorox%20Company_2022-11-01_transcript.pdf",
        "periodicity": "periodic"
    },
    {
        "equity_ticker": "CLX",
        "geography": "US",
        "content_name": "CLX Q1 2023 Press Release",
        "file_type": "pdf",
        "content_type": "earnings_press_release",
        "published_date": "2022-11-01",
        "fiscal_date": "2022-11-01",
        "fiscal_year": 2023,
        "fiscal_quarter": 1,
        "r2_url": "https://pub-2c783279b61043e19fbdadd1bee5153a.r2.dev/CLX/2022-11-01/4cfd0-2022-11-01-08-19-13/4cfd0-2022-11-01-08-19-13.pdf/4cfd0-2022-11-01-08-19-13.pdf",
        "periodicity": "periodic"
    },
    {
        "equity_ticker": "CLX",
        "geography": "US",
        "content_name": "CLX Q4 2022 Transcript",
        "file_type": "pdf",
        "content_type": "earnings_transcript",
        "published_date": "2022-08-03",
        "fiscal_date": "2022-08-03",
        "fiscal_year": 2022,
        "fiscal_quarter": 4,
        "r2_url": "https://pub-2c783279b61043e19fbdadd1bee5153a.r2.dev/CLX/2022-08-03/The%20Clorox%20Company_2022-08-03_transcript/The%20Clorox%20Company_2022-08-03_transcript.pdf/The%20Clorox%20Company_2022-08-03_transcript.pdf",
        "periodicity": "periodic"
    },
    {
        "equity_ticker": "CLX",
        "geography": "US",
        "content_name": "CLX Q4 2022 Press Release",
        "file_type": "pdf",
        "content_type": "earnings_press_release",
        "published_date": "2022-08-03",
        "fiscal_date": "2022-08-03",
        "fiscal_year": 2022,
        "fiscal_quarter": 4,
        "r2_url": "https://pub-2c783279b61043e19fbdadd1bee5153a.r2.dev/CLX/2022-08-03/f32ac-2022-08-03-08-04-48/f32ac-2022-08-03-08-04-48.pdf/f32ac-2022-08-03-08-04-48.pdf",
        "periodicity": "periodic"
    },
    {
        "equity_ticker": "CLX",
        "geography": "US",
        "content_name": "CLX Q3 2022 Transcript",
        "file_type": "pdf",
        "content_type": "earnings_transcript",
        "published_date": "2022-05-02",
        "fiscal_date": "2022-05-02",
        "fiscal_year": 2022,
        "fiscal_quarter": 3,
        "r2_url": "https://pub-2c783279b61043e19fbdadd1bee5153a.r2.dev/CLX/2022-05-02/The%20Clorox%20Company_2022-05-02_transcript/The%20Clorox%20Company_2022-05-02_transcript.pdf/The%20Clorox%20Company_2022-05-02_transcript.pdf",
        "periodicity": "periodic"
    },
    {
        "equity_ticker": "CLX",
        "geography": "US",
        "content_name": "CLX Q3 2022 Press Release",
        "file_type": "pdf",
        "content_type": "earnings_press_release",
        "published_date": "2022-05-02",
        "fiscal_date": "2022-05-02",
        "fiscal_year": 2022,
        "fiscal_quarter": 3,
        "r2_url": "https://pub-2c783279b61043e19fbdadd1bee5153a.r2.dev/CLX/2022-05-02/4124e-2023-01-25-01-43-21/4124e-2023-01-25-01-43-21.pdf/4124e-2023-01-25-01-43-21.pdf",
        "periodicity": "periodic"
    },
    {
        "equity_ticker": "CLX",
        "geography": "US",
        "content_name": "CLX Q2 2022 Transcript",
        "file_type": "pdf",
        "content_type": "earnings_transcript",
        "published_date": "2022-02-03",
        "fiscal_date": "2022-02-03",
        "fiscal_year": 2022,
        "fiscal_quarter": 2,
        "r2_url": "https://pub-2c783279b61043e19fbdadd1bee5153a.r2.dev/CLX/2022-02-03/The%20Clorox%20Company_2022-02-03_transcript/The%20Clorox%20Company_2022-02-03_transcript.pdf/The%20Clorox%20Company_2022-02-03_transcript.pdf",
        "periodicity": "periodic"
    },
    {
        "equity_ticker": "CLX",
        "geography": "US",
        "content_name": "CLX Q2 2022 Press Release",
        "file_type": "pdf",
        "content_type": "earnings_press_release",
        "published_date": "2022-02-03",
        "fiscal_date": "2022-02-03",
        "fiscal_year": 2022,
        "fiscal_quarter": 2,
        "r2_url": "https://pub-2c783279b61043e19fbdadd1bee5153a.r2.dev/CLX/2022-02-03/6c37e-2023-01-25-12-31-21/6c37e-2023-01-25-12-31-21.pdf/6c37e-2023-01-25-12-31-21.pdf",
        "periodicity": "periodic"
    },
    {
        "equity_ticker": "CLX",
        "geography": "US",
        "content_name": "CLX Q1 2022 Transcript",
        "file_type": "pdf",
        "content_type": "earnings_transcript",
        "published_date": "2021-11-01",
        "fiscal_date": "2021-11-01",
        "fiscal_year": 2022,
        "fiscal_quarter": 1,
        "r2_url": "https://pub-2c783279b61043e19fbdadd1bee5153a.r2.dev/CLX/2021-11-01/The%20Clorox%20Company_2021-11-01_transcript/The%20Clorox%20Company_2021-11-01_transcript.pdf/The%20Clorox%20Company_2021-11-01_transcript.pdf",
        "periodicity": "periodic"
    },
    {
        "equity_ticker": "CLX",
        "geography": "US",
        "content_name": "CLX Q1 2022 Press Release",
        "file_type": "pdf",
        "content_type": "earnings_press_release",
        "published_date": "2021-11-01",
        "fiscal_date": "2021-11-01",
        "fiscal_year": 2022,
        "fiscal_quarter": 1,
        "r2_url": "https://pub-2c783279b61043e19fbdadd1bee5153a.r2.dev/CLX/2021-11-01/6fc9b-2023-01-25-10-26-20/6fc9b-2023-01-25-10-26-20.pdf/6fc9b-2023-01-25-10-26-20.pdf",
        "periodicity": "periodic"
    },
    {
        "equity_ticker": "CLX",
        "geography": "US",
        "content_name": "CLX Q4 2021 Transcript",
        "file_type": "pdf",
        "content_type": "earnings_transcript",
        "published_date": "2021-08-03",
        "fiscal_date": "2021-08-03",
        "fiscal_year": 2021,
        "fiscal_quarter": 4,
        "r2_url": "https://pub-2c783279b61043e19fbdadd1bee5153a.r2.dev/CLX/2021-08-03/The%20Clorox%20Company_2021-08-03_transcript/The%20Clorox%20Company_2021-08-03_transcript.pdf/The%20Clorox%20Company_2021-08-03_transcript.pdf",
        "periodicity": "periodic"
    },
    {
        "equity_ticker": "CLX",
        "geography": "US",
        "content_name": "CLX Q4 2021 Press Release",
        "file_type": "pdf",
        "content_type": "earnings_press_release",
        "published_date": "2021-08-03",
        "fiscal_date": "2021-08-03",
        "fiscal_year": 2021,
        "fiscal_quarter": 4,
        "r2_url": "https://pub-2c783279b61043e19fbdadd1bee5153a.r2.dev/CLX/2021-08-03/92cac-2023-01-25-09-37-41/92cac-2023-01-25-09-37-41.pdf/92cac-2023-01-25-09-37-41.pdf",
        "periodicity": "periodic"
    },
    {
        "equity_ticker": "CLX",
        "geography": "US",
        "content_name": "CLX Q4 2021 Presentation",
        "file_type": "pdf",
        "content_type": "earnings_presentation",
        "published_date": "2021-08-03",
        "fiscal_date": "2021-08-03",
        "fiscal_year": 2021,
        "fiscal_quarter": 4,
        "r2_url": "https://pub-2c783279b61043e19fbdadd1bee5153a.r2.dev/CLX/2021-08-03/5cf0d-2021-08-03-12-00-00-migrated/5cf0d-2021-08-03-12-00-00-migrated.pdf/5cf0d-2021-08-03-12-00-00-migrated.pdf",
        "periodicity": "periodic"
    },
    {
        "equity_ticker": "CLX",
        "geography": "US",
        "content_name": "CLX Q3 2021 Transcript",
        "file_type": "pdf",
        "content_type": "earnings_transcript",
        "published_date": "2021-04-30",
        "fiscal_date": "2021-04-30",
        "fiscal_year": 2021,
        "fiscal_quarter": 3,
        "r2_url": "https://pub-2c783279b61043e19fbdadd1bee5153a.r2.dev/CLX/2021-04-30/The%20Clorox%20Company_2021-04-30_transcript/The%20Clorox%20Company_2021-04-30_transcript.pdf/The%20Clorox%20Company_2021-04-30_transcript.pdf",
        "periodicity": "periodic"
    },
    {
        "equity_ticker": "CLX",
        "geography": "US",
        "content_name": "CLX Q3 2021 Press Release",
        "file_type": "pdf",
        "content_type": "quarterly_report",
        "published_date": "2021-04-30",
        "fiscal_date": "2021-04-30",
        "fiscal_year": 2021,
        "fiscal_quarter": 3,
        "r2_url": "https://pub-2c783279b61043e19fbdadd1bee5153a.r2.dev/CLX/2021-04-30/3191a-2024-08-29-08-26-08/3191a-2024-08-29-08-26-08.pdf/3191a-2024-08-29-08-26-08.pdf",
        "periodicity": "periodic"
    },
    {
        "equity_ticker": "CLX",
        "geography": "US",
        "content_name": "CLX Q3 2021 Presentation",
        "file_type": "pdf",
        "content_type": "earnings_presentation",
        "published_date": "2021-04-30",
        "fiscal_date": "2021-04-30",
        "fiscal_year": 2021,
        "fiscal_quarter": 3,
        "r2_url": "https://pub-2c783279b61043e19fbdadd1bee5153a.r2.dev/CLX/2021-04-30/37447-2021-04-30-12-00-00-migrated/37447-2021-04-30-12-00-00-migrated.pdf/37447-2021-04-30-12-00-00-migrated.pdf",
        "periodicity": "periodic"
    },
    {
        "equity_ticker": "CLX",
        "geography": "US",
        "content_name": "CLX Q2 2021 Transcript",
        "file_type": "pdf",
        "content_type": "earnings_transcript",
        "published_date": "2021-02-04",
        "fiscal_date": "2021-02-04",
        "fiscal_year": 2021,
        "fiscal_quarter": 2,
        "r2_url": "https://pub-2c783279b61043e19fbdadd1bee5153a.r2.dev/CLX/2021-02-04/The%20Clorox%20Company_2021-02-04_transcript/The%20Clorox%20Company_2021-02-04_transcript.pdf/The%20Clorox%20Company_2021-02-04_transcript.pdf",
        "periodicity": "periodic"
    },
    {
        "equity_ticker": "CLX",
        "geography": "US",
        "content_name": "CLX Q1 2021 Transcript",
        "file_type": "pdf",
        "content_type": "earnings_transcript",
        "published_date": "2020-11-02",
        "fiscal_date": "2020-11-02",
        "fiscal_year": 2021,
        "fiscal_quarter": 1,
        "r2_url": "https://pub-2c783279b61043e19fbdadd1bee5153a.r2.dev/CLX/2020-11-02/The%20Clorox%20Company_2020-11-02_transcript/The%20Clorox%20Company_2020-11-02_transcript.pdf/The%20Clorox%20Company_2020-11-02_transcript.pdf",
        "periodicity": "periodic"
    },
    {
        "equity_ticker": "CLX",
        "geography": "US",
        "content_name": "CLX Q4 2020 Transcript",
        "file_type": "pdf",
        "content_type": "earnings_transcript",
        "published_date": "2020-08-13",
        "fiscal_date": "2020-08-13",
        "fiscal_year": 2020,
        "fiscal_quarter": 4,
        "r2_url": "https://pub-2c783279b61043e19fbdadd1bee5153a.r2.dev/CLX/2020-08-13/The%20Clorox%20Company_2020-08-13_transcript/The%20Clorox%20Company_2020-08-13_transcript.pdf/The%20Clorox%20Company_2020-08-13_transcript.pdf",
        "periodicity": "periodic"
    },
    {
        "equity_ticker": "CLX",
        "geography": "US",
        "content_name": "CLX Q4 2020 Press Release",
        "file_type": "pdf",
        "content_type": "annual_report",
        "published_date": "2020-08-13",
        "fiscal_date": "2020-08-13",
        "fiscal_year": 2020,
        "fiscal_quarter": 4,
        "r2_url": "https://pub-2c783279b61043e19fbdadd1bee5153a.r2.dev/CLX/2020-08-13/ba3e2-2023-09-05-09-20-20/ba3e2-2023-09-05-09-20-20.pdf/ba3e2-2023-09-05-09-20-20.pdf",
        "periodicity": "periodic"
    },
    {
        "equity_ticker": "CLX",
        "geography": "US",
        "content_name": "CLX Q3 2020 Transcript",
        "file_type": "pdf",
        "content_type": "earnings_transcript",
        "published_date": "2020-05-01",
        "fiscal_date": "2020-05-01",
        "fiscal_year": 2020,
        "fiscal_quarter": 3,
        "r2_url": "https://pub-2c783279b61043e19fbdadd1bee5153a.r2.dev/CLX/2020-05-01/The%20Clorox%20Company_2020-05-01_transcript/The%20Clorox%20Company_2020-05-01_transcript.pdf/The%20Clorox%20Company_2020-05-01_transcript.pdf",
        "periodicity": "periodic"
    },
    {
        "equity_ticker": "CLX",
        "geography": "US",
        "content_name": "CLX Q2 2020 Transcript",
        "file_type": "pdf",
        "content_type": "earnings_transcript",
        "published_date": "2020-02-04",
        "fiscal_date": "2020-02-04",
        "fiscal_year": 2020,
        "fiscal_quarter": 2,
        "r2_url": "https://pub-2c783279b61043e19fbdadd1bee5153a.r2.dev/CLX/2020-02-04/The%20Clorox%20Company_2020-02-04_transcript/The%20Clorox%20Company_2020-02-04_transcript.pdf/The%20Clorox%20Company_2020-02-04_transcript.pdf",
        "periodicity": "periodic"
    },
    {
        "equity_ticker": "CLX",
        "geography": "US",
        "content_name": "CLX Q1 2020 Transcript",
        "file_type": "pdf",
        "content_type": "earnings_transcript",
        "published_date": "2019-10-31",
        "fiscal_date": "2019-10-31",
        "fiscal_year": 2020,
        "fiscal_quarter": 1,
        "r2_url": "https://pub-2c783279b61043e19fbdadd1bee5153a.r2.dev/CLX/2019-10-31/The%20Clorox%20Company_2019-10-31_transcript/The%20Clorox%20Company_2019-10-31_transcript.pdf/The%20Clorox%20Company_2019-10-31_transcript.pdf",
        "periodicity": "periodic"
    },
    {
        "equity_ticker": "CLX",
        "geography": "US",
        "content_name": "CLX Q4 2019 Transcript",
        "file_type": "pdf",
        "content_type": "earnings_transcript",
        "published_date": "2019-08-14",
        "fiscal_date": "2019-08-14",
        "fiscal_year": 2019,
        "fiscal_quarter": 4,
        "r2_url": "https://pub-2c783279b61043e19fbdadd1bee5153a.r2.dev/CLX/2019-08-14/The%20Clorox%20Company_2019-08-14_transcript/The%20Clorox%20Company_2019-08-14_transcript.pdf/The%20Clorox%20Company_2019-08-14_transcript.pdf",
        "periodicity": "periodic"
    },
    {
        "equity_ticker": "CLX",
        "geography": "US",
        "content_name": "CLX Q4 2019 Press Release",
        "file_type": "pdf",
        "content_type": "annual_report",
        "published_date": "2019-08-14",
        "fiscal_date": "2019-08-14",
        "fiscal_year": 2019,
        "fiscal_quarter": 4,
        "r2_url": "https://pub-2c783279b61043e19fbdadd1bee5153a.r2.dev/CLX/2019-08-14/ec64d-2023-09-05-09-34-20/ec64d-2023-09-05-09-34-20.pdf/ec64d-2023-09-05-09-34-20.pdf",
        "periodicity": "periodic"
    },
    {
        "equity_ticker": "CLX",
        "geography": "US",
        "content_name": "CLX Q3 2019 Transcript",
        "file_type": "pdf",
        "content_type": "earnings_transcript",
        "published_date": "2019-05-01",
        "fiscal_date": "2019-05-01",
        "fiscal_year": 2019,
        "fiscal_quarter": 3,
        "r2_url": "https://pub-2c783279b61043e19fbdadd1bee5153a.r2.dev/CLX/2019-05-01/The%20Clorox%20Company_2019-05-01_transcript/The%20Clorox%20Company_2019-05-01_transcript.pdf/The%20Clorox%20Company_2019-05-01_transcript.pdf",
        "periodicity": "periodic"
    },
    {
        "equity_ticker": "CLX",
        "geography": "US",
        "content_name": "CLX Q2 2019 Transcript",
        "file_type": "pdf",
        "content_type": "earnings_transcript",
        "published_date": "2019-02-04",
        "fiscal_date": "2019-02-04",
        "fiscal_year": 2019,
        "fiscal_quarter": 2,
        "r2_url": "https://pub-2c783279b61043e19fbdadd1bee5153a.r2.dev/CLX/2019-02-04/The%20Clorox%20Company_2019-02-04_transcript/The%20Clorox%20Company_2019-02-04_transcript.pdf/The%20Clorox%20Company_2019-02-04_transcript.pdf",
        "periodicity": "periodic"
    },
    {
        "equity_ticker": "CLX",
        "geography": "US",
        "content_name": "CLX Q1 2019 Transcript",
        "file_type": "pdf",
        "content_type": "earnings_transcript",
        "published_date": "2018-10-31",
        "fiscal_date": "2018-10-31",
        "fiscal_year": 2019,
        "fiscal_quarter": 1,
        "r2_url": "https://pub-2c783279b61043e19fbdadd1bee5153a.r2.dev/CLX/2018-10-31/The%20Clorox%20Company_2018-10-31_transcript/The%20Clorox%20Company_2018-10-31_transcript.pdf/The%20Clorox%20Company_2018-10-31_transcript.pdf",
        "periodicity": "periodic"
    },
    {
        "equity_ticker": "CLX",
        "geography": "US",
        "content_name": "CLX Q4 2018 Transcript",
        "file_type": "pdf",
        "content_type": "earnings_transcript",
        "published_date": "2018-08-14",
        "fiscal_date": "2018-08-14",
        "fiscal_year": 2018,
        "fiscal_quarter": 4,
        "r2_url": "https://pub-2c783279b61043e19fbdadd1bee5153a.r2.dev/CLX/2018-08-14/The%20Clorox%20Company_2018-08-14_transcript/The%20Clorox%20Company_2018-08-14_transcript.pdf/The%20Clorox%20Company_2018-08-14_transcript.pdf",
        "periodicity": "periodic"
    },
    {
        "equity_ticker": "CLX",
        "geography": "US",
        "content_name": "CLX Q4 2018 Press Release",
        "file_type": "pdf",
        "content_type": "annual_report",
        "published_date": "2018-08-14",
        "fiscal_date": "2018-08-14",
        "fiscal_year": 2018,
        "fiscal_quarter": 4,
        "r2_url": "https://pub-2c783279b61043e19fbdadd1bee5153a.r2.dev/CLX/2018-08-14/5b6e2-2023-09-05-09-46-20/5b6e2-2023-09-05-09-46-20.pdf/5b6e2-2023-09-05-09-46-20.pdf",
        "periodicity": "periodic"
    },
    {
        "equity_ticker": "CLX",
        "geography": "US",
        "content_name": "CLX Q3 2018 Transcript",
        "file_type": "pdf",
        "content_type": "earnings_transcript",
        "published_date": "2018-05-02",
        "fiscal_date": "2018-05-02",
        "fiscal_year": 2018,
        "fiscal_quarter": 3,
        "r2_url": "https://pub-2c783279b61043e19fbdadd1bee5153a.r2.dev/CLX/2018-05-02/The%20Clorox%20Company_2018-05-02_transcript/The%20Clorox%20Company_2018-05-02_transcript.pdf/The%20Clorox%20Company_2018-05-02_transcript.pdf",
        "periodicity": "periodic"
    },
    {
        "equity_ticker": "CLX",
        "geography": "US",
        "content_name": "CLX Q2 2018 Transcript",
        "file_type": "pdf",
        "content_type": "earnings_transcript",
        "published_date": "2018-02-02",
        "fiscal_date": "2018-02-02",
        "fiscal_year": 2018,
        "fiscal_quarter": 2,
        "r2_url": "https://pub-2c783279b61043e19fbdadd1bee5153a.r2.dev/CLX/2018-02-02/The%20Clorox%20Company_2018-02-02_transcript/The%20Clorox%20Company_2018-02-02_transcript.pdf/The%20Clorox%20Company_2018-02-02_transcript.pdf",
        "periodicity": "periodic"
    },
    {
        "equity_ticker": "CLX",
        "geography": "US",
        "content_name": "CLX Q1 2018 Transcript",
        "file_type": "pdf",
        "content_type": "earnings_transcript",
        "published_date": "2017-11-01",
        "fiscal_date": "2017-11-01",
        "fiscal_year": 2018,
        "fiscal_quarter": 1,
        "r2_url": "https://pub-2c783279b61043e19fbdadd1bee5153a.r2.dev/CLX/2017-11-01/The%20Clorox%20Company_2017-11-01_transcript/The%20Clorox%20Company_2017-11-01_transcript.pdf/The%20Clorox%20Company_2017-11-01_transcript.pdf",
        "periodicity": "periodic"
    },
    {
        "equity_ticker": "CLX",
        "geography": "US",
        "content_name": "CLX Q4 2017 Transcript",
        "file_type": "pdf",
        "content_type": "earnings_transcript",
        "published_date": "2017-08-15",
        "fiscal_date": "2017-08-15",
        "fiscal_year": 2017,
        "fiscal_quarter": 4,
        "r2_url": "https://pub-2c783279b61043e19fbdadd1bee5153a.r2.dev/CLX/2017-08-15/The%20Clorox%20Company_2017-08-15_transcript/The%20Clorox%20Company_2017-08-15_transcript.pdf/The%20Clorox%20Company_2017-08-15_transcript.pdf",
        "periodicity": "periodic"
    },
    {
        "equity_ticker": "CLX",
        "geography": "US",
        "content_name": "CLX Q4 2017 Press Release",
        "file_type": "pdf",
        "content_type": "annual_report",
        "published_date": "2017-08-15",
        "fiscal_date": "2017-08-15",
        "fiscal_year": 2017,
        "fiscal_quarter": 4,
        "r2_url": "https://pub-2c783279b61043e19fbdadd1bee5153a.r2.dev/CLX/2017-08-15/18326-2023-09-05-09-06-21/18326-2023-09-05-09-06-21.pdf/18326-2023-09-05-09-06-21.pdf",
        "periodicity": "periodic"
    },
    {
        "equity_ticker": "CLX",
        "geography": "US",
        "content_name": "CLX Q3 2017 Transcript",
        "file_type": "pdf",
        "content_type": "earnings_transcript",
        "published_date": "2017-05-03",
        "fiscal_date": "2017-05-03",
        "fiscal_year": 2017,
        "fiscal_quarter": 3,
        "r2_url": "https://pub-2c783279b61043e19fbdadd1bee5153a.r2.dev/CLX/2017-05-03/The%20Clorox%20Company_2017-05-03_transcript/The%20Clorox%20Company_2017-05-03_transcript.pdf/The%20Clorox%20Company_2017-05-03_transcript.pdf",
        "periodicity": "periodic"
    },
    {
        "equity_ticker": "CLX",
        "geography": "US",
        "content_name": "CLX Q2 2017 Transcript",
        "file_type": "pdf",
        "content_type": "earnings_transcript",
        "published_date": "2017-02-03",
        "fiscal_date": "2017-02-03",
        "fiscal_year": 2017,
        "fiscal_quarter": 2,
        "r2_url": "https://pub-2c783279b61043e19fbdadd1bee5153a.r2.dev/CLX/2017-02-03/The%20Clorox%20Company_2017-02-03_transcript/The%20Clorox%20Company_2017-02-03_transcript.pdf/The%20Clorox%20Company_2017-02-03_transcript.pdf",
        "periodicity": "periodic"
    },
    {
        "equity_ticker": "CLX",
        "geography": "US",
        "content_name": "CLX Q1 2017 Transcript",
        "file_type": "pdf",
        "content_type": "earnings_transcript",
        "published_date": "2016-11-02",
        "fiscal_date": "2016-11-02",
        "fiscal_year": 2017,
        "fiscal_quarter": 1,
        "r2_url": "https://pub-2c783279b61043e19fbdadd1bee5153a.r2.dev/CLX/2016-11-02/The%20Clorox%20Company_2016-11-02_transcript/The%20Clorox%20Company_2016-11-02_transcript.pdf/The%20Clorox%20Company_2016-11-02_transcript.pdf",
        "periodicity": "periodic"
    },
    {
        "equity_ticker": "CLX",
        "geography": "US",
        "content_name": "CLX Q4 2016 Transcript",
        "file_type": "pdf",
        "content_type": "earnings_transcript",
        "published_date": "2016-08-16",
        "fiscal_date": "2016-08-16",
        "fiscal_year": 2016,
        "fiscal_quarter": 4,
        "r2_url": "https://pub-2c783279b61043e19fbdadd1bee5153a.r2.dev/CLX/2016-08-16/The%20Clorox%20Company_2016-08-16_transcript/The%20Clorox%20Company_2016-08-16_transcript.pdf/The%20Clorox%20Company_2016-08-16_transcript.pdf",
        "periodicity": "periodic"
    },
    {
        "equity_ticker": "CLX",
        "geography": "US",
        "content_name": "CLX Q4 2016 Press Release",
        "file_type": "pdf",
        "content_type": "annual_report",
        "published_date": "2016-08-16",
        "fiscal_date": "2016-08-16",
        "fiscal_year": 2016,
        "fiscal_quarter": 4,
        "r2_url": "https://pub-2c783279b61043e19fbdadd1bee5153a.r2.dev/CLX/2016-08-16/513cc-2023-09-05-09-24-21/513cc-2023-09-05-09-24-21.pdf/513cc-2023-09-05-09-24-21.pdf",
        "periodicity": "periodic"
    },
    {
        "equity_ticker": "CLX",
        "geography": "US",
        "content_name": "CLX Q3 2016 Transcript",
        "file_type": "pdf",
        "content_type": "earnings_transcript",
        "published_date": "2016-05-03",
        "fiscal_date": "2016-05-03",
        "fiscal_year": 2016,
        "fiscal_quarter": 3,
        "r2_url": "https://pub-2c783279b61043e19fbdadd1bee5153a.r2.dev/CLX/2016-05-03/The%20Clorox%20Company_2016-05-03_transcript/The%20Clorox%20Company_2016-05-03_transcript.pdf/The%20Clorox%20Company_2016-05-03_transcript.pdf",
        "periodicity": "periodic"
    },
    {
        "equity_ticker": "CLX",
        "geography": "US",
        "content_name": "CLX Q2 2016 Transcript",
        "file_type": "pdf",
        "content_type": "earnings_transcript",
        "published_date": "2016-02-04",
        "fiscal_date": "2016-02-04",
        "fiscal_year": 2016,
        "fiscal_quarter": 2,
        "r2_url": "https://pub-2c783279b61043e19fbdadd1bee5153a.r2.dev/CLX/2016-02-04/The%20Clorox%20Company_2016-02-04_transcript/The%20Clorox%20Company_2016-02-04_transcript.pdf/The%20Clorox%20Company_2016-02-04_transcript.pdf",
        "periodicity": "periodic"
    },
    {
        "equity_ticker": "CLX",
        "geography": "US",
        "content_name": "CLX Q1 2016 Transcript",
        "file_type": "pdf",
        "content_type": "earnings_transcript",
        "published_date": "2015-11-02",
        "fiscal_date": "2015-11-02",
        "fiscal_year": 2016,
        "fiscal_quarter": 1,
        "r2_url": "https://pub-2c783279b61043e19fbdadd1bee5153a.r2.dev/CLX/2015-11-02/The%20Clorox%20Company_2015-11-02_transcript/The%20Clorox%20Company_2015-11-02_transcript.pdf/The%20Clorox%20Company_2015-11-02_transcript.pdf",
        "periodicity": "periodic"
    },
    {
        "equity_ticker": "CLX",
        "geography": "US",
        "content_name": "CLX Q4 2015 Transcript",
        "file_type": "pdf",
        "content_type": "earnings_transcript",
        "published_date": "2015-08-21",
        "fiscal_date": "2015-08-21",
        "fiscal_year": 2015,
        "fiscal_quarter": 4,
        "r2_url": "https://pub-2c783279b61043e19fbdadd1bee5153a.r2.dev/CLX/2015-08-21/The%20Clorox%20Company_2015-08-21_transcript/The%20Clorox%20Company_2015-08-21_transcript.pdf/The%20Clorox%20Company_2015-08-21_transcript.pdf",
        "periodicity": "periodic"
    },
    {
        "equity_ticker": "CLX",
        "geography": "US",
        "content_name": "CLX Q4 2015 Press Release",
        "file_type": "pdf",
        "content_type": "annual_report",
        "published_date": "2015-08-21",
        "fiscal_date": "2015-08-21",
        "fiscal_year": 2015,
        "fiscal_quarter": 4,
        "r2_url": "https://pub-2c783279b61043e19fbdadd1bee5153a.r2.dev/CLX/2015-08-21/e5ab5-2023-09-05-09-36-21/e5ab5-2023-09-05-09-36-21.pdf/e5ab5-2023-09-05-09-36-21.pdf",
        "periodicity": "periodic"
    },
    {
        "equity_ticker": "CLX",
        "geography": "US",
        "content_name": "CLX Q3 2015 Transcript",
        "file_type": "pdf",
        "content_type": "earnings_transcript",
        "published_date": "2015-05-01",
        "fiscal_date": "2015-05-01",
        "fiscal_year": 2015,
        "fiscal_quarter": 3,
        "r2_url": "https://pub-2c783279b61043e19fbdadd1bee5153a.r2.dev/CLX/2015-05-01/The%20Clorox%20Company_2015-05-01_transcript/The%20Clorox%20Company_2015-05-01_transcript.pdf/The%20Clorox%20Company_2015-05-01_transcript.pdf",
        "periodicity": "periodic"
    },
    {
        "equity_ticker": "CLX",
        "geography": "US",
        "content_name": "CLX Q2 2015 Transcript",
        "file_type": "pdf",
        "content_type": "earnings_transcript",
        "published_date": "2015-02-04",
        "fiscal_date": "2015-02-04",
        "fiscal_year": 2015,
        "fiscal_quarter": 2,
        "r2_url": "https://pub-2c783279b61043e19fbdadd1bee5153a.r2.dev/CLX/2015-02-04/The%20Clorox%20Company_2015-02-04_transcript/The%20Clorox%20Company_2015-02-04_transcript.pdf/The%20Clorox%20Company_2015-02-04_transcript.pdf",
        "periodicity": "periodic"
    },
    {
        "equity_ticker": "CLX",
        "geography": "US",
        "content_name": "CLX Q1 2015 Transcript",
        "file_type": "pdf",
        "content_type": "earnings_transcript",
        "published_date": "2014-10-31",
        "fiscal_date": "2014-10-31",
        "fiscal_year": 2015,
        "fiscal_quarter": 1,
        "r2_url": "https://pub-2c783279b61043e19fbdadd1bee5153a.r2.dev/CLX/2014-10-31/The%20Clorox%20Company_2014-10-31_transcript/The%20Clorox%20Company_2014-10-31_transcript.pdf/The%20Clorox%20Company_2014-10-31_transcript.pdf",
        "periodicity": "periodic"
    },
    {
        "equity_ticker": "CLX",
        "geography": "US",
        "content_name": "CLX Q4 2014 Transcript",
        "file_type": "pdf",
        "content_type": "earnings_transcript",
        "published_date": "2014-08-01",
        "fiscal_date": "2014-08-01",
        "fiscal_year": 2014,
        "fiscal_quarter": 4,
        "r2_url": "https://pub-2c783279b61043e19fbdadd1bee5153a.r2.dev/CLX/2014-08-01/The%20Clorox%20Company_2014-08-01_transcript/The%20Clorox%20Company_2014-08-01_transcript.pdf/The%20Clorox%20Company_2014-08-01_transcript.pdf",
        "periodicity": "periodic"
    },
    {
        "equity_ticker": "CLX",
        "geography": "US",
        "content_name": "CLX Q3 2014 Transcript",
        "file_type": "pdf",
        "content_type": "earnings_transcript",
        "published_date": "2014-05-01",
        "fiscal_date": "2014-05-01",
        "fiscal_year": 2014,
        "fiscal_quarter": 3,
        "r2_url": "https://pub-2c783279b61043e19fbdadd1bee5153a.r2.dev/CLX/2014-05-01/The%20Clorox%20Company_2014-05-01_transcript/The%20Clorox%20Company_2014-05-01_transcript.pdf/The%20Clorox%20Company_2014-05-01_transcript.pdf",
        "periodicity": "periodic"
    },
    {
        "equity_ticker": "CLX",
        "geography": "US",
        "content_name": "CLX Q2 2014 Transcript",
        "file_type": "pdf",
        "content_type": "earnings_transcript",
        "published_date": "2014-02-04",
        "fiscal_date": "2014-02-04",
        "fiscal_year": 2014,
        "fiscal_quarter": 2,
        "r2_url": "https://pub-2c783279b61043e19fbdadd1bee5153a.r2.dev/CLX/2014-02-04/The%20Clorox%20Company_2014-02-04_transcript/The%20Clorox%20Company_2014-02-04_transcript.pdf/The%20Clorox%20Company_2014-02-04_transcript.pdf",
        "periodicity": "periodic"
    },
    {
        "equity_ticker": "CLX",
        "geography": "US",
        "content_name": "CLX Q1 2014 Transcript",
        "file_type": "pdf",
        "content_type": "earnings_transcript",
        "published_date": "2013-10-31",
        "fiscal_date": "2013-10-31",
        "fiscal_year": 2014,
        "fiscal_quarter": 1,
        "r2_url": "https://pub-2c783279b61043e19fbdadd1bee5153a.r2.dev/CLX/2013-10-31/The%20Clorox%20Company_2013-10-31_transcript/The%20Clorox%20Company_2013-10-31_transcript.pdf/The%20Clorox%20Company_2013-10-31_transcript.pdf",
        "periodicity": "periodic"
    },
    {
        "equity_ticker": "CLX",
        "geography": "US",
        "content_name": "CLX Q4 2013 Transcript",
        "file_type": "pdf",
        "content_type": "earnings_transcript",
        "published_date": "2013-08-01",
        "fiscal_date": "2013-08-01",
        "fiscal_year": 2013,
        "fiscal_quarter": 4,
        "r2_url": "https://pub-2c783279b61043e19fbdadd1bee5153a.r2.dev/CLX/2013-08-01/The%20Clorox%20Company_2013-08-01_transcript/The%20Clorox%20Company_2013-08-01_transcript.pdf/The%20Clorox%20Company_2013-08-01_transcript.pdf",
        "periodicity": "periodic"
    },
    {
        "equity_ticker": "CLX",
        "geography": "US",
        "content_name": "CLX Q3 2013 Transcript",
        "file_type": "pdf",
        "content_type": "earnings_transcript",
        "published_date": "2013-05-01",
        "fiscal_date": "2013-05-01",
        "fiscal_year": 2013,
        "fiscal_quarter": 3,
        "r2_url": "https://pub-2c783279b61043e19fbdadd1bee5153a.r2.dev/CLX/2013-05-01/The%20Clorox%20Company_2013-05-01_transcript/The%20Clorox%20Company_2013-05-01_transcript.pdf/The%20Clorox%20Company_2013-05-01_transcript.pdf",
        "periodicity": "periodic"
    },
    {
        "equity_ticker": "CLX",
        "geography": "US",
        "content_name": "CLX Q2 2013 Transcript",
        "file_type": "pdf",
        "content_type": "earnings_transcript",
        "published_date": "2013-02-04",
        "fiscal_date": "2013-02-04",
        "fiscal_year": 2013,
        "fiscal_quarter": 2,
        "r2_url": "https://pub-2c783279b61043e19fbdadd1bee5153a.r2.dev/CLX/2013-02-04/The%20Clorox%20Company_2013-02-04_transcript/The%20Clorox%20Company_2013-02-04_transcript.pdf/The%20Clorox%20Company_2013-02-04_transcript.pdf",
        "periodicity": "periodic"
    },
    {
        "equity_ticker": "CLX",
        "geography": "US",
        "content_name": "CLX Q1 2013 Transcript",
        "file_type": "pdf",
        "content_type": "earnings_transcript",
        "published_date": "2012-11-02",
        "fiscal_date": "2012-11-02",
        "fiscal_year": 2013,
        "fiscal_quarter": 1,
        "r2_url": "https://pub-2c783279b61043e19fbdadd1bee5153a.r2.dev/CLX/2012-11-02/The%20Clorox%20Company_2012-11-02_transcript/The%20Clorox%20Company_2012-11-02_transcript.pdf/The%20Clorox%20Company_2012-11-02_transcript.pdf",
        "periodicity": "periodic"
    },
    {
        "equity_ticker": "CLX",
        "geography": "US",
        "content_name": "CLX Q4 2012 Transcript",
        "file_type": "pdf",
        "content_type": "earnings_transcript",
        "published_date": "2012-08-02",
        "fiscal_date": "2012-08-02",
        "fiscal_year": 2012,
        "fiscal_quarter": 4,
        "r2_url": "https://pub-2c783279b61043e19fbdadd1bee5153a.r2.dev/CLX/2012-08-02/The%20Clorox%20Company_2012-08-02_transcript/The%20Clorox%20Company_2012-08-02_transcript.pdf/The%20Clorox%20Company_2012-08-02_transcript.pdf",
        "periodicity": "periodic"
    },
    {
        "equity_ticker": "CLX",
        "geography": "US",
        "content_name": "CLX Q3 2012 Transcript",
        "file_type": "pdf",
        "content_type": "earnings_transcript",
        "published_date": "2012-05-02",
        "fiscal_date": "2012-05-02",
        "fiscal_year": 2012,
        "fiscal_quarter": 3,
        "r2_url": "https://pub-2c783279b61043e19fbdadd1bee5153a.r2.dev/CLX/2012-05-02/The%20Clorox%20Company_2012-05-02_transcript/The%20Clorox%20Company_2012-05-02_transcript.pdf/The%20Clorox%20Company_2012-05-02_transcript.pdf",
        "periodicity": "periodic"
    },
    {
        "equity_ticker": "CLX",
        "geography": "US",
        "content_name": "CLX Q2 2012 Transcript",
        "file_type": "pdf",
        "content_type": "earnings_transcript",
        "published_date": "2012-02-03",
        "fiscal_date": "2012-02-03",
        "fiscal_year": 2012,
        "fiscal_quarter": 2,
        "r2_url": "https://pub-2c783279b61043e19fbdadd1bee5153a.r2.dev/CLX/2012-02-03/The%20Clorox%20Company_2012-02-03_transcript/The%20Clorox%20Company_2012-02-03_transcript.pdf/The%20Clorox%20Company_2012-02-03_transcript.pdf",
        "periodicity": "periodic"
    },
    {
        "equity_ticker": "CLX",
        "geography": "US",
        "content_name": "CLX Q1 2012 Transcript",
        "file_type": "pdf",
        "content_type": "earnings_transcript",
        "published_date": "2011-11-02",
        "fiscal_date": "2011-11-02",
        "fiscal_year": 2012,
        "fiscal_quarter": 1,
        "r2_url": "https://pub-2c783279b61043e19fbdadd1bee5153a.r2.dev/CLX/2011-11-02/The%20Clorox%20Company_2011-11-02_transcript/The%20Clorox%20Company_2011-11-02_transcript.pdf/The%20Clorox%20Company_2011-11-02_transcript.pdf",
        "periodicity": "periodic"
    },
    {
        "equity_ticker": "CLX",
        "geography": "US",
        "content_name": "CLX Q4 2011 Transcript",
        "file_type": "pdf",
        "content_type": "earnings_transcript",
        "published_date": "2011-08-03",
        "fiscal_date": "2011-08-03",
        "fiscal_year": 2011,
        "fiscal_quarter": 4,
        "r2_url": "https://pub-2c783279b61043e19fbdadd1bee5153a.r2.dev/CLX/2011-08-03/The%20Clorox%20Company_2011-08-03_transcript/The%20Clorox%20Company_2011-08-03_transcript.pdf/The%20Clorox%20Company_2011-08-03_transcript.pdf",
        "periodicity": "periodic"
    },
    {
        "equity_ticker": "CLX",
        "geography": "US",
        "content_name": "CLX Q3 2011 Transcript",
        "file_type": "pdf",
        "content_type": "earnings_transcript",
        "published_date": "2011-05-03",
        "fiscal_date": "2011-05-03",
        "fiscal_year": 2011,
        "fiscal_quarter": 3,
        "r2_url": "https://pub-2c783279b61043e19fbdadd1bee5153a.r2.dev/CLX/2011-05-03/The%20Clorox%20Company_2011-05-03_transcript/The%20Clorox%20Company_2011-05-03_transcript.pdf/The%20Clorox%20Company_2011-05-03_transcript.pdf",
        "periodicity": "periodic"
    },
    {
        "equity_ticker": "CLX",
        "geography": "US",
        "content_name": "CLX Q2 2011 Transcript",
        "file_type": "pdf",
        "content_type": "earnings_transcript",
        "published_date": "2011-02-04",
        "fiscal_date": "2011-02-04",
        "fiscal_year": 2011,
        "fiscal_quarter": 2,
        "r2_url": "https://pub-2c783279b61043e19fbdadd1bee5153a.r2.dev/CLX/2011-02-04/The%20Clorox%20Company_2011-02-04_transcript/The%20Clorox%20Company_2011-02-04_transcript.pdf/The%20Clorox%20Company_2011-02-04_transcript.pdf",
        "periodicity": "periodic"
    },
    {
        "equity_ticker": "CLX",
        "geography": "US",
        "content_name": "CLX Q1 2011 Transcript",
        "file_type": "pdf",
        "content_type": "earnings_transcript",
        "published_date": "2010-11-03",
        "fiscal_date": "2010-11-03",
        "fiscal_year": 2011,
        "fiscal_quarter": 1,
        "r2_url": "https://pub-2c783279b61043e19fbdadd1bee5153a.r2.dev/CLX/2010-11-03/The%20Clorox%20Company_2010-11-03_transcript/The%20Clorox%20Company_2010-11-03_transcript.pdf/The%20Clorox%20Company_2010-11-03_transcript.pdf",
        "periodicity": "periodic"
    },
    {
        "equity_ticker": "CLX",
        "geography": "US",
        "content_name": "CLX Q4 2010 Transcript",
        "file_type": "pdf",
        "content_type": "earnings_transcript",
        "published_date": "2010-08-03",
        "fiscal_date": "2010-08-03",
        "fiscal_year": 2010,
        "fiscal_quarter": 4,
        "r2_url": "https://pub-2c783279b61043e19fbdadd1bee5153a.r2.dev/CLX/2010-08-03/The%20Clorox%20Company_2010-08-03_transcript/The%20Clorox%20Company_2010-08-03_transcript.pdf/The%20Clorox%20Company_2010-08-03_transcript.pdf",
        "periodicity": "periodic"
    },
    {
        "equity_ticker": "CLX",
        "geography": "US",
        "content_name": "CLX Q3 2010 Transcript",
        "file_type": "pdf",
        "content_type": "earnings_transcript",
        "published_date": "2010-05-04",
        "fiscal_date": "2010-05-04",
        "fiscal_year": 2010,
        "fiscal_quarter": 3,
        "r2_url": "https://pub-2c783279b61043e19fbdadd1bee5153a.r2.dev/CLX/2010-05-04/The%20Clorox%20Company_2010-05-04_transcript/The%20Clorox%20Company_2010-05-04_transcript.pdf/The%20Clorox%20Company_2010-05-04_transcript.pdf",
        "periodicity": "periodic"
    },
    {
        "equity_ticker": "CLX",
        "geography": "US",
        "content_name": "CLX Q2 2010 Transcript",
        "file_type": "pdf",
        "content_type": "earnings_transcript",
        "published_date": "2010-02-04",
        "fiscal_date": "2010-02-04",
        "fiscal_year": 2010,
        "fiscal_quarter": 2,
        "r2_url": "https://pub-2c783279b61043e19fbdadd1bee5153a.r2.dev/CLX/2010-02-04/The%20Clorox%20Company_2010-02-04_transcript/The%20Clorox%20Company_2010-02-04_transcript.pdf/The%20Clorox%20Company_2010-02-04_transcript.pdf",
        "periodicity": "periodic"
    },
    {
        "equity_ticker": "CLX",
        "geography": "US",
        "content_name": "CLX Q1 2010 Transcript",
        "file_type": "pdf",
        "content_type": "earnings_transcript",
        "published_date": "2009-11-02",
        "fiscal_date": "2009-11-02",
        "fiscal_year": 2010,
        "fiscal_quarter": 1,
        "r2_url": "https://pub-2c783279b61043e19fbdadd1bee5153a.r2.dev/CLX/2009-11-02/The%20Clorox%20Company_2009-11-02_transcript/The%20Clorox%20Company_2009-11-02_transcript.pdf/The%20Clorox%20Company_2009-11-02_transcript.pdf",
        "periodicity": "periodic"
    },
    {
        "equity_ticker": "CLX",
        "geography": "US",
        "content_name": "CLX Q4 2009 Transcript",
        "file_type": "pdf",
        "content_type": "earnings_transcript",
        "published_date": "2009-08-03",
        "fiscal_date": "2009-08-03",
        "fiscal_year": 2009,
        "fiscal_quarter": 4,
        "r2_url": "https://pub-2c783279b61043e19fbdadd1bee5153a.r2.dev/CLX/2009-08-03/The%20Clorox%20Company_2009-08-03_transcript/The%20Clorox%20Company_2009-08-03_transcript.pdf/The%20Clorox%20Company_2009-08-03_transcript.pdf",
        "periodicity": "periodic"
    },
    {
        "equity_ticker": "CLX",
        "geography": "US",
        "content_name": "CLX Q3 2009 Transcript",
        "file_type": "pdf",
        "content_type": "earnings_transcript",
        "published_date": "2009-05-04",
        "fiscal_date": "2009-05-04",
        "fiscal_year": 2009,
        "fiscal_quarter": 3,
        "r2_url": "https://pub-2c783279b61043e19fbdadd1bee5153a.r2.dev/CLX/2009-05-04/The%20Clorox%20Company_2009-05-04_transcript/The%20Clorox%20Company_2009-05-04_transcript.pdf/The%20Clorox%20Company_2009-05-04_transcript.pdf",
        "periodicity": "periodic"
    },
    {
        "equity_ticker": "CLX",
        "geography": "US",
        "content_name": "CLX Q2 2009 Transcript",
        "file_type": "pdf",
        "content_type": "earnings_transcript",
        "published_date": "2009-02-04",
        "fiscal_date": "2009-02-04",
        "fiscal_year": 2009,
        "fiscal_quarter": 2,
        "r2_url": "https://pub-2c783279b61043e19fbdadd1bee5153a.r2.dev/CLX/2009-02-04/The%20Clorox%20Company_2009-02-04_transcript/The%20Clorox%20Company_2009-02-04_transcript.pdf/The%20Clorox%20Company_2009-02-04_transcript.pdf",
        "periodicity": "periodic"
    },
    {
        "equity_ticker": "CLX",
        "geography": "US",
        "content_name": "CLX Q1 2009 Transcript",
        "file_type": "pdf",
        "content_type": "earnings_transcript",
        "published_date": "2008-10-31",
        "fiscal_date": "2008-10-31",
        "fiscal_year": 2009,
        "fiscal_quarter": 1,
        "r2_url": "https://pub-2c783279b61043e19fbdadd1bee5153a.r2.dev/CLX/2008-10-31/The%20Clorox%20Company_2008-10-31_transcript/The%20Clorox%20Company_2008-10-31_transcript.pdf/The%20Clorox%20Company_2008-10-31_transcript.pdf",
        "periodicity": "periodic"
    },
    {
        "equity_ticker": "CLX",
        "geography": "US",
        "content_name": "CLX Q4 2008 Transcript",
        "file_type": "pdf",
        "content_type": "earnings_transcript",
        "published_date": "2008-08-01",
        "fiscal_date": "2008-08-01",
        "fiscal_year": 2008,
        "fiscal_quarter": 4,
        "r2_url": "https://pub-2c783279b61043e19fbdadd1bee5153a.r2.dev/CLX/2008-08-01/The%20Clorox%20Company_2008-08-01_transcript/The%20Clorox%20Company_2008-08-01_transcript.pdf/The%20Clorox%20Company_2008-08-01_transcript.pdf",
        "periodicity": "periodic"
    },
    {
        "equity_ticker": "CLX",
        "geography": "US",
        "content_name": "CLX Q3 2008 Transcript",
        "file_type": "pdf",
        "content_type": "earnings_transcript",
        "published_date": "2008-05-01",
        "fiscal_date": "2008-05-01",
        "fiscal_year": 2008,
        "fiscal_quarter": 3,
        "r2_url": "https://pub-2c783279b61043e19fbdadd1bee5153a.r2.dev/CLX/2008-05-01/The%20Clorox%20Company_2008-05-01_transcript/The%20Clorox%20Company_2008-05-01_transcript.pdf/The%20Clorox%20Company_2008-05-01_transcript.pdf",
        "periodicity": "periodic"
    },
    {
        "equity_ticker": "CLX",
        "geography": "US",
        "content_name": "CLX Q2 2008 Transcript",
        "file_type": "pdf",
        "content_type": "earnings_transcript",
        "published_date": "2008-02-04",
        "fiscal_date": "2008-02-04",
        "fiscal_year": 2008,
        "fiscal_quarter": 2,
        "r2_url": "https://pub-2c783279b61043e19fbdadd1bee5153a.r2.dev/CLX/2008-02-04/The%20Clorox%20Company_2008-02-04_transcript/The%20Clorox%20Company_2008-02-04_transcript.pdf/The%20Clorox%20Company_2008-02-04_transcript.pdf",
        "periodicity": "periodic"
    },
    {
        "equity_ticker": "CLX",
        "geography": "US",
        "content_name": "CLX Q1 2008 Transcript",
        "file_type": "pdf",
        "content_type": "earnings_transcript",
        "published_date": "2007-10-31",
        "fiscal_date": "2007-10-31",
        "fiscal_year": 2008,
        "fiscal_quarter": 1,
        "r2_url": "https://pub-2c783279b61043e19fbdadd1bee5153a.r2.dev/CLX/2007-10-31/The%20Clorox%20Company_2007-10-31_transcript/The%20Clorox%20Company_2007-10-31_transcript.pdf/The%20Clorox%20Company_2007-10-31_transcript.pdf",
        "periodicity": "periodic"
    },
    {
        "equity_ticker": "CLX",
        "geography": "US",
        "content_name": "CLX Q2 2007 Transcript",
        "file_type": "pdf",
        "content_type": "earnings_transcript",
        "published_date": "2007-02-01",
        "fiscal_date": "2007-02-01",
        "fiscal_year": 2007,
        "fiscal_quarter": 2,
        "r2_url": "https://pub-2c783279b61043e19fbdadd1bee5153a.r2.dev/CLX/2007-02-01/The%20Clorox%20Company_2007-02-01_transcript/The%20Clorox%20Company_2007-02-01_transcript.pdf/The%20Clorox%20Company_2007-02-01_transcript.pdf",
        "periodicity": "periodic"
    }
]