[
    {
        "equity_ticker": "CPB",
        "geography": "US",
        "content_name": "CPB Q2 2025 Transcript",
        "file_type": "pdf",
        "content_type": "earnings_transcript",
        "published_date": "2025-03-05",
        "fiscal_date": "2025-03-05",
        "fiscal_year": 2025,
        "fiscal_quarter": 2,
        "r2_url": "https://pub-2c783279b61043e19fbdadd1bee5153a.r2.dev/CPB/2025-03-05/The%20Campbell%27s%20Company_2025-03-05_transcript/The%20Campbell%27s%20Company_2025-03-05_transcript.pdf/The%20Campbell%27s%20Company_2025-03-05_transcript.pdf",
        "periodicity": "periodic"
    },
    {
        "equity_ticker": "CPB",
        "geography": "US",
        "content_name": "CPB Q2 2025 Press Release",
        "file_type": "pdf",
        "content_type": "earnings_press_release",
        "published_date": "2025-03-05",
        "fiscal_date": "2025-03-05",
        "fiscal_year": 2025,
        "fiscal_quarter": 2,
        "r2_url": "https://pub-2c783279b61043e19fbdadd1bee5153a.r2.dev/CPB/2025-03-05/bac66-2025-03-05-12-44-24/bac66-2025-03-05-12-44-24.pdf/bac66-2025-03-05-12-44-24.pdf",
        "periodicity": "periodic"
    },
    {
        "equity_ticker": "CPB",
        "geography": "US",
        "content_name": "CPB Q2 2025 Presentation",
        "file_type": "pdf",
        "content_type": "earnings_presentation",
        "published_date": "2025-03-05",
        "fiscal_date": "2025-03-05",
        "fiscal_year": 2025,
        "fiscal_quarter": 2,
        "r2_url": "https://pub-2c783279b61043e19fbdadd1bee5153a.r2.dev/CPB/2025-03-05/08818-2025-03-05-12-10-33/08818-2025-03-05-12-10-33.pdf/08818-2025-03-05-12-10-33.pdf",
        "periodicity": "periodic"
    },
    {
        "equity_ticker": "CPB",
        "geography": "US",
        "content_name": "CPB Q1 2025 Transcript",
        "file_type": "pdf",
        "content_type": "earnings_transcript",
        "published_date": "2024-12-04",
        "fiscal_date": "2024-12-04",
        "fiscal_year": 2025,
        "fiscal_quarter": 1,
        "r2_url": "https://pub-2c783279b61043e19fbdadd1bee5153a.r2.dev/CPB/2024-12-04/The%20Campbell%27s%20Company_2024-12-04_transcript/The%20Campbell%27s%20Company_2024-12-04_transcript.pdf/The%20Campbell%27s%20Company_2024-12-04_transcript.pdf",
        "periodicity": "periodic"
    },
    {
        "equity_ticker": "CPB",
        "geography": "US",
        "content_name": "CPB Q1 2025 Press Release",
        "file_type": "pdf",
        "content_type": "earnings_press_release",
        "published_date": "2024-12-04",
        "fiscal_date": "2024-12-04",
        "fiscal_year": 2025,
        "fiscal_quarter": 1,
        "r2_url": "https://pub-2c783279b61043e19fbdadd1bee5153a.r2.dev/CPB/2024-12-04/b415f-2024-12-04-12-54-00/b415f-2024-12-04-12-54-00.pdf/b415f-2024-12-04-12-54-00.pdf",
        "periodicity": "periodic"
    },
    {
        "equity_ticker": "CPB",
        "geography": "US",
        "content_name": "AGM 2024 - November 19, 2024",
        "file_type": "pdf",
        "content_type": "company_conference_transcript",
        "published_date": "2024-11-19",
        "fiscal_date": "2024-11-19",
        "fiscal_year": 0,
        "fiscal_quarter": 0,
        "r2_url": "https://pub-2c783279b61043e19fbdadd1bee5153a.r2.dev/CPB/2024-11-19/The%20Campbell%27s%20Company_2024-11-19_transcript/The%20Campbell%27s%20Company_2024-11-19_transcript.pdf/The%20Campbell%27s%20Company_2024-11-19_transcript.pdf",
        "periodicity": "non_periodic"
    },
    {
        "equity_ticker": "CPB",
        "geography": "US",
        "content_name": "Investor Day 2024 - September 10, 2024",
        "file_type": "pdf",
        "content_type": "company_conference_transcript",
        "published_date": "2024-09-10",
        "fiscal_date": "2024-09-10",
        "fiscal_year": 0,
        "fiscal_quarter": 0,
        "r2_url": "https://pub-2c783279b61043e19fbdadd1bee5153a.r2.dev/CPB/2024-09-10/The%20Campbell%27s%20Company_2024-09-10_transcript/The%20Campbell%27s%20Company_2024-09-10_transcript.pdf/The%20Campbell%27s%20Company_2024-09-10_transcript.pdf",
        "periodicity": "non_periodic"
    },
    {
        "equity_ticker": "CPB",
        "geography": "US",
        "content_name": "Investor Day 2024 - September 10, 2024",
        "file_type": "pdf",
        "content_type": "company_conference_press_release",
        "published_date": "2024-09-10",
        "fiscal_date": "2024-09-10",
        "fiscal_year": 0,
        "fiscal_quarter": 0,
        "r2_url": "https://pub-2c783279b61043e19fbdadd1bee5153a.r2.dev/CPB/2024-09-10/ae740-2024-09-11-11-45-13/ae740-2024-09-11-11-45-13.pdf/ae740-2024-09-11-11-45-13.pdf",
        "periodicity": "non_periodic"
    },
    {
        "equity_ticker": "CPB",
        "geography": "US",
        "content_name": "CPB Q4 2024 Transcript",
        "file_type": "pdf",
        "content_type": "earnings_transcript",
        "published_date": "2024-08-29",
        "fiscal_date": "2024-08-29",
        "fiscal_year": 2024,
        "fiscal_quarter": 4,
        "r2_url": "https://pub-2c783279b61043e19fbdadd1bee5153a.r2.dev/CPB/2024-08-29/The%20Campbell%27s%20Company_2024-08-29_transcript/The%20Campbell%27s%20Company_2024-08-29_transcript.pdf/The%20Campbell%27s%20Company_2024-08-29_transcript.pdf",
        "periodicity": "periodic"
    },
    {
        "equity_ticker": "CPB",
        "geography": "US",
        "content_name": "CPB Q4 2024 Press Release",
        "file_type": "pdf",
        "content_type": "earnings_press_release",
        "published_date": "2024-08-29",
        "fiscal_date": "2024-08-29",
        "fiscal_year": 2024,
        "fiscal_quarter": 4,
        "r2_url": "https://pub-2c783279b61043e19fbdadd1bee5153a.r2.dev/CPB/2024-08-29/3167e-2024-08-29-11-32-18/3167e-2024-08-29-11-32-18.pdf/3167e-2024-08-29-11-32-18.pdf",
        "periodicity": "periodic"
    },
    {
        "equity_ticker": "CPB",
        "geography": "US",
        "content_name": "CPB Q4 2024 Presentation",
        "file_type": "pdf",
        "content_type": "earnings_presentation",
        "published_date": "2024-08-29",
        "fiscal_date": "2024-08-29",
        "fiscal_year": 2024,
        "fiscal_quarter": 4,
        "r2_url": "https://pub-2c783279b61043e19fbdadd1bee5153a.r2.dev/CPB/2024-08-29/61be6-2024-08-29-11-32-18/61be6-2024-08-29-11-32-18.pdf/61be6-2024-08-29-11-32-18.pdf",
        "periodicity": "periodic"
    },
    {
        "equity_ticker": "CPB",
        "geography": "US",
        "content_name": "4th Annual Evercore ISI Consumer and Retail Conference - June 13, 2024",
        "file_type": "pdf",
        "content_type": "company_conference_transcript",
        "published_date": "2024-06-13",
        "fiscal_date": "2024-06-13",
        "fiscal_year": 0,
        "fiscal_quarter": 0,
        "r2_url": "https://pub-2c783279b61043e19fbdadd1bee5153a.r2.dev/CPB/2024-06-13/The%20Campbell%27s%20Company_2024-06-13_transcript/The%20Campbell%27s%20Company_2024-06-13_transcript.pdf/The%20Campbell%27s%20Company_2024-06-13_transcript.pdf",
        "periodicity": "non_periodic"
    },
    {
        "equity_ticker": "CPB",
        "geography": "US",
        "content_name": "CPB Q3 2024 Transcript",
        "file_type": "pdf",
        "content_type": "earnings_transcript",
        "published_date": "2024-06-05",
        "fiscal_date": "2024-06-05",
        "fiscal_year": 2024,
        "fiscal_quarter": 3,
        "r2_url": "https://pub-2c783279b61043e19fbdadd1bee5153a.r2.dev/CPB/2024-06-05/The%20Campbell%27s%20Company_2024-06-05_transcript/The%20Campbell%27s%20Company_2024-06-05_transcript.pdf/The%20Campbell%27s%20Company_2024-06-05_transcript.pdf",
        "periodicity": "periodic"
    },
    {
        "equity_ticker": "CPB",
        "geography": "US",
        "content_name": "CPB Q3 2024 Press Release",
        "file_type": "pdf",
        "content_type": "earnings_press_release",
        "published_date": "2024-06-05",
        "fiscal_date": "2024-06-05",
        "fiscal_year": 2024,
        "fiscal_quarter": 3,
        "r2_url": "https://pub-2c783279b61043e19fbdadd1bee5153a.r2.dev/CPB/2024-06-05/d7bff-2024-06-05-11-45-21/d7bff-2024-06-05-11-45-21.pdf/d7bff-2024-06-05-11-45-21.pdf",
        "periodicity": "periodic"
    },
    {
        "equity_ticker": "CPB",
        "geography": "US",
        "content_name": "CPB Q3 2024 Presentation",
        "file_type": "pdf",
        "content_type": "earnings_presentation",
        "published_date": "2024-06-05",
        "fiscal_date": "2024-06-05",
        "fiscal_year": 2024,
        "fiscal_quarter": 3,
        "r2_url": "https://pub-2c783279b61043e19fbdadd1bee5153a.r2.dev/CPB/2024-06-05/b4ba5-2024-06-05-12-40-02/b4ba5-2024-06-05-12-40-02.pdf/b4ba5-2024-06-05-12-40-02.pdf",
        "periodicity": "periodic"
    },
    {
        "equity_ticker": "CPB",
        "geography": "US",
        "content_name": "Bank of America 2024 Consumer and Retail Conference - March 12, 2024",
        "file_type": "pdf",
        "content_type": "company_conference_transcript",
        "published_date": "2024-03-12",
        "fiscal_date": "2024-03-12",
        "fiscal_year": 0,
        "fiscal_quarter": 0,
        "r2_url": "https://pub-2c783279b61043e19fbdadd1bee5153a.r2.dev/CPB/2024-03-12/The%20Campbell%27s%20Company_2024-03-12_transcript/The%20Campbell%27s%20Company_2024-03-12_transcript.pdf/The%20Campbell%27s%20Company_2024-03-12_transcript.pdf",
        "periodicity": "non_periodic"
    },
    {
        "equity_ticker": "CPB",
        "geography": "US",
        "content_name": "CPB Q2 2024 Transcript",
        "file_type": "pdf",
        "content_type": "earnings_transcript",
        "published_date": "2024-03-06",
        "fiscal_date": "2024-03-06",
        "fiscal_year": 2024,
        "fiscal_quarter": 2,
        "r2_url": "https://pub-2c783279b61043e19fbdadd1bee5153a.r2.dev/CPB/2024-03-06/The%20Campbell%27s%20Company_2024-03-06_transcript/The%20Campbell%27s%20Company_2024-03-06_transcript.pdf/The%20Campbell%27s%20Company_2024-03-06_transcript.pdf",
        "periodicity": "periodic"
    },
    {
        "equity_ticker": "CPB",
        "geography": "US",
        "content_name": "CPB Q2 2024 Press Release",
        "file_type": "pdf",
        "content_type": "earnings_press_release",
        "published_date": "2024-03-06",
        "fiscal_date": "2024-03-06",
        "fiscal_year": 2024,
        "fiscal_quarter": 2,
        "r2_url": "https://pub-2c783279b61043e19fbdadd1bee5153a.r2.dev/CPB/2024-03-06/fc0f3-2024-03-06-12-46-19/fc0f3-2024-03-06-12-46-19.pdf/fc0f3-2024-03-06-12-46-19.pdf",
        "periodicity": "periodic"
    },
    {
        "equity_ticker": "CPB",
        "geography": "US",
        "content_name": "CPB Q2 2024 Presentation",
        "file_type": "pdf",
        "content_type": "earnings_presentation",
        "published_date": "2024-03-06",
        "fiscal_date": "2024-03-06",
        "fiscal_year": 2024,
        "fiscal_quarter": 2,
        "r2_url": "https://pub-2c783279b61043e19fbdadd1bee5153a.r2.dev/CPB/2024-03-06/e737f-2024-03-06-01-03-08/e737f-2024-03-06-01-03-08.pdf/e737f-2024-03-06-01-03-08.pdf",
        "periodicity": "periodic"
    },
    {
        "equity_ticker": "CPB",
        "geography": "US",
        "content_name": "CPB Q1 2024 Transcript",
        "file_type": "pdf",
        "content_type": "earnings_transcript",
        "published_date": "2023-12-06",
        "fiscal_date": "2023-12-06",
        "fiscal_year": 2024,
        "fiscal_quarter": 1,
        "r2_url": "https://pub-2c783279b61043e19fbdadd1bee5153a.r2.dev/CPB/2023-12-06/The%20Campbell%27s%20Company_2023-12-06_transcript/The%20Campbell%27s%20Company_2023-12-06_transcript.pdf/The%20Campbell%27s%20Company_2023-12-06_transcript.pdf",
        "periodicity": "periodic"
    },
    {
        "equity_ticker": "CPB",
        "geography": "US",
        "content_name": "CPB Q1 2024 Press Release",
        "file_type": "pdf",
        "content_type": "earnings_press_release",
        "published_date": "2023-12-06",
        "fiscal_date": "2023-12-06",
        "fiscal_year": 2024,
        "fiscal_quarter": 1,
        "r2_url": "https://pub-2c783279b61043e19fbdadd1bee5153a.r2.dev/CPB/2023-12-06/c4f7d-2023-12-06-12-13-17/c4f7d-2023-12-06-12-13-17.pdf/c4f7d-2023-12-06-12-13-17.pdf",
        "periodicity": "periodic"
    },
    {
        "equity_ticker": "CPB",
        "geography": "US",
        "content_name": "CPB Q1 2024 Presentation",
        "file_type": "pdf",
        "content_type": "earnings_presentation",
        "published_date": "2023-12-06",
        "fiscal_date": "2023-12-06",
        "fiscal_year": 2024,
        "fiscal_quarter": 1,
        "r2_url": "https://pub-2c783279b61043e19fbdadd1bee5153a.r2.dev/CPB/2023-12-06/83071-2023-12-06-01-15-02/83071-2023-12-06-01-15-02.pdf/83071-2023-12-06-01-15-02.pdf",
        "periodicity": "periodic"
    },
    {
        "equity_ticker": "CPB",
        "geography": "US",
        "content_name": "TD Cowen Sipping & Snacking Summit - September 18, 2023",
        "file_type": "pdf",
        "content_type": "company_conference_transcript",
        "published_date": "2023-09-18",
        "fiscal_date": "2023-09-18",
        "fiscal_year": 0,
        "fiscal_quarter": 0,
        "r2_url": "https://pub-2c783279b61043e19fbdadd1bee5153a.r2.dev/CPB/2023-09-18/The%20Campbell%27s%20Company_2023-09-18_transcript/The%20Campbell%27s%20Company_2023-09-18_transcript.pdf/The%20Campbell%27s%20Company_2023-09-18_transcript.pdf",
        "periodicity": "non_periodic"
    },
    {
        "equity_ticker": "CPB",
        "geography": "US",
        "content_name": "CPB Q4 2023 Transcript",
        "file_type": "pdf",
        "content_type": "earnings_transcript",
        "published_date": "2023-08-31",
        "fiscal_date": "2023-08-31",
        "fiscal_year": 2023,
        "fiscal_quarter": 4,
        "r2_url": "https://pub-2c783279b61043e19fbdadd1bee5153a.r2.dev/CPB/2023-08-31/The%20Campbell%27s%20Company_2023-08-31_transcript/The%20Campbell%27s%20Company_2023-08-31_transcript.pdf/The%20Campbell%27s%20Company_2023-08-31_transcript.pdf",
        "periodicity": "periodic"
    },
    {
        "equity_ticker": "CPB",
        "geography": "US",
        "content_name": "CPB Q4 2023 Press Release",
        "file_type": "pdf",
        "content_type": "earnings_press_release",
        "published_date": "2023-08-31",
        "fiscal_date": "2023-08-31",
        "fiscal_year": 2023,
        "fiscal_quarter": 4,
        "r2_url": "https://pub-2c783279b61043e19fbdadd1bee5153a.r2.dev/CPB/2023-08-31/ccbea-2023-08-31-11-03-19/ccbea-2023-08-31-11-03-19.pdf/ccbea-2023-08-31-11-03-19.pdf",
        "periodicity": "periodic"
    },
    {
        "equity_ticker": "CPB",
        "geography": "US",
        "content_name": "CPB Q4 2023 Presentation",
        "file_type": "pdf",
        "content_type": "earnings_presentation",
        "published_date": "2023-08-31",
        "fiscal_date": "2023-08-31",
        "fiscal_year": 2023,
        "fiscal_quarter": 4,
        "r2_url": "https://pub-2c783279b61043e19fbdadd1bee5153a.r2.dev/CPB/2023-08-31/68126-2023-08-31-12-49-00/68126-2023-08-31-12-49-00.pdf/68126-2023-08-31-12-49-00.pdf",
        "periodicity": "periodic"
    },
    {
        "equity_ticker": "CPB",
        "geography": "US",
        "content_name": "M&A Announcement - August 7, 2023",
        "file_type": "pdf",
        "content_type": "company_conference_transcript",
        "published_date": "2023-08-07",
        "fiscal_date": "2023-08-07",
        "fiscal_year": 0,
        "fiscal_quarter": 0,
        "r2_url": "https://pub-2c783279b61043e19fbdadd1bee5153a.r2.dev/CPB/2023-08-07/The%20Campbell%27s%20Company_2023-08-07_transcript/The%20Campbell%27s%20Company_2023-08-07_transcript.pdf/The%20Campbell%27s%20Company_2023-08-07_transcript.pdf",
        "periodicity": "non_periodic"
    },
    {
        "equity_ticker": "CPB",
        "geography": "US",
        "content_name": "M&A Announcement - August 7, 2023",
        "file_type": "pdf",
        "content_type": "company_conference_press_release",
        "published_date": "2023-08-07",
        "fiscal_date": "2023-08-07",
        "fiscal_year": 0,
        "fiscal_quarter": 0,
        "r2_url": "https://pub-2c783279b61043e19fbdadd1bee5153a.r2.dev/CPB/2023-08-07/91008-2023-08-08-11-03-06/91008-2023-08-08-11-03-06.pdf/91008-2023-08-08-11-03-06.pdf",
        "periodicity": "non_periodic"
    },
    {
        "equity_ticker": "CPB",
        "geography": "US",
        "content_name": "M&A Announcement - August 7, 2023",
        "file_type": "pdf",
        "content_type": "company_conference_presentation",
        "published_date": "2023-08-07",
        "fiscal_date": "2023-08-07",
        "fiscal_year": 0,
        "fiscal_quarter": 0,
        "r2_url": "https://pub-2c783279b61043e19fbdadd1bee5153a.r2.dev/CPB/2023-08-07/21db9-2023-08-08-11-04-06/21db9-2023-08-08-11-04-06.pdf/21db9-2023-08-08-11-04-06.pdf",
        "periodicity": "non_periodic"
    },
    {
        "equity_ticker": "CPB",
        "geography": "US",
        "content_name": "CPB Q3 2023 Transcript",
        "file_type": "pdf",
        "content_type": "earnings_transcript",
        "published_date": "2023-06-07",
        "fiscal_date": "2023-06-07",
        "fiscal_year": 2023,
        "fiscal_quarter": 3,
        "r2_url": "https://pub-2c783279b61043e19fbdadd1bee5153a.r2.dev/CPB/2023-06-07/The%20Campbell%27s%20Company_2023-06-07_transcript/The%20Campbell%27s%20Company_2023-06-07_transcript.pdf/The%20Campbell%27s%20Company_2023-06-07_transcript.pdf",
        "periodicity": "periodic"
    },
    {
        "equity_ticker": "CPB",
        "geography": "US",
        "content_name": "CPB Q3 2023 Press Release",
        "file_type": "pdf",
        "content_type": "earnings_press_release",
        "published_date": "2023-06-07",
        "fiscal_date": "2023-06-07",
        "fiscal_year": 2023,
        "fiscal_quarter": 3,
        "r2_url": "https://pub-2c783279b61043e19fbdadd1bee5153a.r2.dev/CPB/2023-06-07/26a09-2023-06-07-11-32-51/26a09-2023-06-07-11-32-51.pdf/26a09-2023-06-07-11-32-51.pdf",
        "periodicity": "periodic"
    },
    {
        "equity_ticker": "CPB",
        "geography": "US",
        "content_name": "CPB Q3 2023 Presentation",
        "file_type": "pdf",
        "content_type": "earnings_presentation",
        "published_date": "2023-06-07",
        "fiscal_date": "2023-06-07",
        "fiscal_year": 2023,
        "fiscal_quarter": 3,
        "r2_url": "https://pub-2c783279b61043e19fbdadd1bee5153a.r2.dev/CPB/2023-06-07/ab959-2023-06-07-12-54-02/ab959-2023-06-07-12-54-02.pdf/ab959-2023-06-07-12-54-02.pdf",
        "periodicity": "periodic"
    },
    {
        "equity_ticker": "CPB",
        "geography": "US",
        "content_name": "Bank of America Consumer & Retail Conference - March 14, 2023",
        "file_type": "pdf",
        "content_type": "company_conference_transcript",
        "published_date": "2023-03-14",
        "fiscal_date": "2023-03-14",
        "fiscal_year": 0,
        "fiscal_quarter": 0,
        "r2_url": "https://pub-2c783279b61043e19fbdadd1bee5153a.r2.dev/CPB/2023-03-14/The%20Campbell%27s%20Company_2023-03-14_transcript/The%20Campbell%27s%20Company_2023-03-14_transcript.pdf/The%20Campbell%27s%20Company_2023-03-14_transcript.pdf",
        "periodicity": "non_periodic"
    },
    {
        "equity_ticker": "CPB",
        "geography": "US",
        "content_name": "CPB Q2 2023 Transcript",
        "file_type": "pdf",
        "content_type": "earnings_transcript",
        "published_date": "2023-03-08",
        "fiscal_date": "2023-03-08",
        "fiscal_year": 2023,
        "fiscal_quarter": 2,
        "r2_url": "https://pub-2c783279b61043e19fbdadd1bee5153a.r2.dev/CPB/2023-03-08/The%20Campbell%27s%20Company_2023-03-08_transcript/The%20Campbell%27s%20Company_2023-03-08_transcript.pdf/The%20Campbell%27s%20Company_2023-03-08_transcript.pdf",
        "periodicity": "periodic"
    },
    {
        "equity_ticker": "CPB",
        "geography": "US",
        "content_name": "CPB Q2 2023 Press Release",
        "file_type": "pdf",
        "content_type": "earnings_press_release",
        "published_date": "2023-03-08",
        "fiscal_date": "2023-03-08",
        "fiscal_year": 2023,
        "fiscal_quarter": 2,
        "r2_url": "https://pub-2c783279b61043e19fbdadd1bee5153a.r2.dev/CPB/2023-03-08/a21be-2023-03-08-12-45-47/a21be-2023-03-08-12-45-47.pdf/a21be-2023-03-08-12-45-47.pdf",
        "periodicity": "periodic"
    },
    {
        "equity_ticker": "CPB",
        "geography": "US",
        "content_name": "CPB Q2 2023 Presentation",
        "file_type": "pdf",
        "content_type": "earnings_presentation",
        "published_date": "2023-03-08",
        "fiscal_date": "2023-03-08",
        "fiscal_year": 2023,
        "fiscal_quarter": 2,
        "r2_url": "https://pub-2c783279b61043e19fbdadd1bee5153a.r2.dev/CPB/2023-03-08/74641-2023-03-08-01-51-05/74641-2023-03-08-01-51-05.pdf/74641-2023-03-08-01-51-05.pdf",
        "periodicity": "periodic"
    },
    {
        "equity_ticker": "CPB",
        "geography": "US",
        "content_name": "CPB Q1 2023 Transcript",
        "file_type": "pdf",
        "content_type": "earnings_transcript",
        "published_date": "2022-12-07",
        "fiscal_date": "2022-12-07",
        "fiscal_year": 2023,
        "fiscal_quarter": 1,
        "r2_url": "https://pub-2c783279b61043e19fbdadd1bee5153a.r2.dev/CPB/2022-12-07/The%20Campbell%27s%20Company_2022-12-07_transcript/The%20Campbell%27s%20Company_2022-12-07_transcript.pdf/The%20Campbell%27s%20Company_2022-12-07_transcript.pdf",
        "periodicity": "periodic"
    },
    {
        "equity_ticker": "CPB",
        "geography": "US",
        "content_name": "CPB Q1 2023 Press Release",
        "file_type": "pdf",
        "content_type": "earnings_press_release",
        "published_date": "2022-12-07",
        "fiscal_date": "2022-12-07",
        "fiscal_year": 2023,
        "fiscal_quarter": 1,
        "r2_url": "https://pub-2c783279b61043e19fbdadd1bee5153a.r2.dev/CPB/2022-12-07/30a3a-2022-12-07-12-54-38/30a3a-2022-12-07-12-54-38.pdf/30a3a-2022-12-07-12-54-38.pdf",
        "periodicity": "periodic"
    },
    {
        "equity_ticker": "CPB",
        "geography": "US",
        "content_name": "CPB Q1 2023 Presentation",
        "file_type": "pdf",
        "content_type": "earnings_presentation",
        "published_date": "2022-12-07",
        "fiscal_date": "2022-12-07",
        "fiscal_year": 2023,
        "fiscal_quarter": 1,
        "r2_url": "https://pub-2c783279b61043e19fbdadd1bee5153a.r2.dev/CPB/2022-12-07/4b45e-2022-12-07-01-32-18/4b45e-2022-12-07-01-32-18.pdf/4b45e-2022-12-07-01-32-18.pdf",
        "periodicity": "periodic"
    },
    {
        "equity_ticker": "CPB",
        "geography": "US",
        "content_name": "CPB Q4 2022 Transcript",
        "file_type": "pdf",
        "content_type": "earnings_transcript",
        "published_date": "2022-09-01",
        "fiscal_date": "2022-09-01",
        "fiscal_year": 2022,
        "fiscal_quarter": 4,
        "r2_url": "https://pub-2c783279b61043e19fbdadd1bee5153a.r2.dev/CPB/2022-09-01/The%20Campbell%27s%20Company_2022-09-01_transcript/The%20Campbell%27s%20Company_2022-09-01_transcript.pdf/The%20Campbell%27s%20Company_2022-09-01_transcript.pdf",
        "periodicity": "periodic"
    },
    {
        "equity_ticker": "CPB",
        "geography": "US",
        "content_name": "CPB Q4 2022 Press Release",
        "file_type": "pdf",
        "content_type": "earnings_press_release",
        "published_date": "2022-09-01",
        "fiscal_date": "2022-09-01",
        "fiscal_year": 2022,
        "fiscal_quarter": 4,
        "r2_url": "https://pub-2c783279b61043e19fbdadd1bee5153a.r2.dev/CPB/2022-09-01/ce3c8-2022-09-01-11-46-50/ce3c8-2022-09-01-11-46-50.pdf/ce3c8-2022-09-01-11-46-50.pdf",
        "periodicity": "periodic"
    },
    {
        "equity_ticker": "CPB",
        "geography": "US",
        "content_name": "CPB Q4 2022 Presentation",
        "file_type": "pdf",
        "content_type": "earnings_presentation",
        "published_date": "2022-09-01",
        "fiscal_date": "2022-09-01",
        "fiscal_year": 2022,
        "fiscal_quarter": 4,
        "r2_url": "https://pub-2c783279b61043e19fbdadd1bee5153a.r2.dev/CPB/2022-09-01/bc49b-2022-09-01-02-09-58/bc49b-2022-09-01-02-09-58.pdf/bc49b-2022-09-01-02-09-58.pdf",
        "periodicity": "periodic"
    },
    {
        "equity_ticker": "CPB",
        "geography": "US",
        "content_name": "CPB Q3 2022 Transcript",
        "file_type": "pdf",
        "content_type": "earnings_transcript",
        "published_date": "2022-06-08",
        "fiscal_date": "2022-06-08",
        "fiscal_year": 2022,
        "fiscal_quarter": 3,
        "r2_url": "https://pub-2c783279b61043e19fbdadd1bee5153a.r2.dev/CPB/2022-06-08/The%20Campbell%27s%20Company_2022-06-08_transcript/The%20Campbell%27s%20Company_2022-06-08_transcript.pdf/The%20Campbell%27s%20Company_2022-06-08_transcript.pdf",
        "periodicity": "periodic"
    },
    {
        "equity_ticker": "CPB",
        "geography": "US",
        "content_name": "CPB Q3 2022 Press Release",
        "file_type": "pdf",
        "content_type": "earnings_press_release",
        "published_date": "2022-06-08",
        "fiscal_date": "2022-06-08",
        "fiscal_year": 2022,
        "fiscal_quarter": 3,
        "r2_url": "https://pub-2c783279b61043e19fbdadd1bee5153a.r2.dev/CPB/2022-06-08/b8533-2022-06-08-04-09-14/b8533-2022-06-08-04-09-14.pdf/b8533-2022-06-08-04-09-14.pdf",
        "periodicity": "periodic"
    },
    {
        "equity_ticker": "CPB",
        "geography": "US",
        "content_name": "CPB Q3 2022 Presentation",
        "file_type": "pdf",
        "content_type": "earnings_presentation",
        "published_date": "2022-06-08",
        "fiscal_date": "2022-06-08",
        "fiscal_year": 2022,
        "fiscal_quarter": 3,
        "r2_url": "https://pub-2c783279b61043e19fbdadd1bee5153a.r2.dev/CPB/2022-06-08/6159c-2022-06-08-04-10-14/6159c-2022-06-08-04-10-14.pdf/6159c-2022-06-08-04-10-14.pdf",
        "periodicity": "periodic"
    },
    {
        "equity_ticker": "CPB",
        "geography": "US",
        "content_name": "CPB Q2 2022 Transcript",
        "file_type": "pdf",
        "content_type": "earnings_transcript",
        "published_date": "2022-03-09",
        "fiscal_date": "2022-03-09",
        "fiscal_year": 2022,
        "fiscal_quarter": 2,
        "r2_url": "https://pub-2c783279b61043e19fbdadd1bee5153a.r2.dev/CPB/2022-03-09/The%20Campbell%27s%20Company_2022-03-09_transcript/The%20Campbell%27s%20Company_2022-03-09_transcript.pdf/The%20Campbell%27s%20Company_2022-03-09_transcript.pdf",
        "periodicity": "periodic"
    },
    {
        "equity_ticker": "CPB",
        "geography": "US",
        "content_name": "CPB Q2 2022 Press Release",
        "file_type": "pdf",
        "content_type": "earnings_press_release",
        "published_date": "2022-03-09",
        "fiscal_date": "2022-03-09",
        "fiscal_year": 2022,
        "fiscal_quarter": 2,
        "r2_url": "https://pub-2c783279b61043e19fbdadd1bee5153a.r2.dev/CPB/2022-03-09/f35da-2023-01-25-12-41-42/f35da-2023-01-25-12-41-42.pdf/f35da-2023-01-25-12-41-42.pdf",
        "periodicity": "periodic"
    },
    {
        "equity_ticker": "CPB",
        "geography": "US",
        "content_name": "Investor Day 2022 - December 14, 2021",
        "file_type": "pdf",
        "content_type": "company_conference_transcript",
        "published_date": "2021-12-14",
        "fiscal_date": "2021-12-14",
        "fiscal_year": 0,
        "fiscal_quarter": 0,
        "r2_url": "https://pub-2c783279b61043e19fbdadd1bee5153a.r2.dev/CPB/2021-12-14/The%20Campbell%27s%20Company_2021-12-14_transcript/The%20Campbell%27s%20Company_2021-12-14_transcript.pdf/The%20Campbell%27s%20Company_2021-12-14_transcript.pdf",
        "periodicity": "non_periodic"
    },
    {
        "equity_ticker": "CPB",
        "geography": "US",
        "content_name": "Investor Day 2022 - December 14, 2021",
        "file_type": "pdf",
        "content_type": "company_conference_presentation",
        "published_date": "2021-12-14",
        "fiscal_date": "2021-12-14",
        "fiscal_year": 0,
        "fiscal_quarter": 0,
        "r2_url": "https://pub-2c783279b61043e19fbdadd1bee5153a.r2.dev/CPB/2021-12-14/04f19-2021-12-14-12-00-00-migrated/04f19-2021-12-14-12-00-00-migrated.pdf/04f19-2021-12-14-12-00-00-migrated.pdf",
        "periodicity": "non_periodic"
    },
    {
        "equity_ticker": "CPB",
        "geography": "US",
        "content_name": "CPB Q1 2022 Transcript",
        "file_type": "pdf",
        "content_type": "earnings_transcript",
        "published_date": "2021-12-08",
        "fiscal_date": "2021-12-08",
        "fiscal_year": 2022,
        "fiscal_quarter": 1,
        "r2_url": "https://pub-2c783279b61043e19fbdadd1bee5153a.r2.dev/CPB/2021-12-08/The%20Campbell%27s%20Company_2021-12-08_transcript/The%20Campbell%27s%20Company_2021-12-08_transcript.pdf/The%20Campbell%27s%20Company_2021-12-08_transcript.pdf",
        "periodicity": "periodic"
    },
    {
        "equity_ticker": "CPB",
        "geography": "US",
        "content_name": "CPB Q1 2022 Press Release",
        "file_type": "pdf",
        "content_type": "earnings_press_release",
        "published_date": "2021-12-08",
        "fiscal_date": "2021-12-08",
        "fiscal_year": 2022,
        "fiscal_quarter": 1,
        "r2_url": "https://pub-2c783279b61043e19fbdadd1bee5153a.r2.dev/CPB/2021-12-08/b00ac-2023-01-25-12-45-05/b00ac-2023-01-25-12-45-05.pdf/b00ac-2023-01-25-12-45-05.pdf",
        "periodicity": "periodic"
    },
    {
        "equity_ticker": "CPB",
        "geography": "US",
        "content_name": "CPB Q1 2022 Presentation",
        "file_type": "pdf",
        "content_type": "earnings_presentation",
        "published_date": "2021-12-08",
        "fiscal_date": "2021-12-08",
        "fiscal_year": 2022,
        "fiscal_quarter": 1,
        "r2_url": "https://pub-2c783279b61043e19fbdadd1bee5153a.r2.dev/CPB/2021-12-08/b81ea-2021-12-08-12-00-00-migrated/b81ea-2021-12-08-12-00-00-migrated.pdf/b81ea-2021-12-08-12-00-00-migrated.pdf",
        "periodicity": "periodic"
    },
    {
        "equity_ticker": "CPB",
        "geography": "US",
        "content_name": "CPB Q4 2021 Transcript",
        "file_type": "pdf",
        "content_type": "earnings_transcript",
        "published_date": "2021-09-01",
        "fiscal_date": "2021-09-01",
        "fiscal_year": 2021,
        "fiscal_quarter": 4,
        "r2_url": "https://pub-2c783279b61043e19fbdadd1bee5153a.r2.dev/CPB/2021-09-01/The%20Campbell%27s%20Company_2021-09-01_transcript/The%20Campbell%27s%20Company_2021-09-01_transcript.pdf/The%20Campbell%27s%20Company_2021-09-01_transcript.pdf",
        "periodicity": "periodic"
    },
    {
        "equity_ticker": "CPB",
        "geography": "US",
        "content_name": "CPB Q4 2021 Press Release",
        "file_type": "pdf",
        "content_type": "earnings_press_release",
        "published_date": "2021-09-01",
        "fiscal_date": "2021-09-01",
        "fiscal_year": 2021,
        "fiscal_quarter": 4,
        "r2_url": "https://pub-2c783279b61043e19fbdadd1bee5153a.r2.dev/CPB/2021-09-01/49647-2023-01-25-09-20-42/49647-2023-01-25-09-20-42.pdf/49647-2023-01-25-09-20-42.pdf",
        "periodicity": "periodic"
    },
    {
        "equity_ticker": "CPB",
        "geography": "US",
        "content_name": "CPB Q4 2021 Presentation",
        "file_type": "pdf",
        "content_type": "earnings_presentation",
        "published_date": "2021-09-01",
        "fiscal_date": "2021-09-01",
        "fiscal_year": 2021,
        "fiscal_quarter": 4,
        "r2_url": "https://pub-2c783279b61043e19fbdadd1bee5153a.r2.dev/CPB/2021-09-01/1c095-2021-09-01-12-00-00-migrated/1c095-2021-09-01-12-00-00-migrated.pdf/1c095-2021-09-01-12-00-00-migrated.pdf",
        "periodicity": "periodic"
    },
    {
        "equity_ticker": "CPB",
        "geography": "US",
        "content_name": "CPB Q3 2021 Transcript",
        "file_type": "pdf",
        "content_type": "earnings_transcript",
        "published_date": "2021-06-09",
        "fiscal_date": "2021-06-09",
        "fiscal_year": 2021,
        "fiscal_quarter": 3,
        "r2_url": "https://pub-2c783279b61043e19fbdadd1bee5153a.r2.dev/CPB/2021-06-09/The%20Campbell%27s%20Company_2021-06-09_transcript/The%20Campbell%27s%20Company_2021-06-09_transcript.pdf/The%20Campbell%27s%20Company_2021-06-09_transcript.pdf",
        "periodicity": "periodic"
    },
    {
        "equity_ticker": "CPB",
        "geography": "US",
        "content_name": "CPB Q3 2021 Press Release",
        "file_type": "pdf",
        "content_type": "earnings_press_release",
        "published_date": "2021-06-09",
        "fiscal_date": "2021-06-09",
        "fiscal_year": 2021,
        "fiscal_quarter": 3,
        "r2_url": "https://pub-2c783279b61043e19fbdadd1bee5153a.r2.dev/CPB/2021-06-09/912a9-2023-01-25-09-57-55/912a9-2023-01-25-09-57-55.pdf/912a9-2023-01-25-09-57-55.pdf",
        "periodicity": "periodic"
    },
    {
        "equity_ticker": "CPB",
        "geography": "US",
        "content_name": "CPB Q3 2021 Presentation",
        "file_type": "pdf",
        "content_type": "earnings_presentation",
        "published_date": "2021-06-09",
        "fiscal_date": "2021-06-09",
        "fiscal_year": 2021,
        "fiscal_quarter": 3,
        "r2_url": "https://pub-2c783279b61043e19fbdadd1bee5153a.r2.dev/CPB/2021-06-09/5973f-2021-06-09-04-00-26-migrated/5973f-2021-06-09-04-00-26-migrated.pdf/5973f-2021-06-09-04-00-26-migrated.pdf",
        "periodicity": "periodic"
    },
    {
        "equity_ticker": "CPB",
        "geography": "US",
        "content_name": "CPB Q2 2021 Transcript",
        "file_type": "pdf",
        "content_type": "earnings_transcript",
        "published_date": "2021-03-10",
        "fiscal_date": "2021-03-10",
        "fiscal_year": 2021,
        "fiscal_quarter": 2,
        "r2_url": "https://pub-2c783279b61043e19fbdadd1bee5153a.r2.dev/CPB/2021-03-10/The%20Campbell%27s%20Company_2021-03-10_transcript/The%20Campbell%27s%20Company_2021-03-10_transcript.pdf/The%20Campbell%27s%20Company_2021-03-10_transcript.pdf",
        "periodicity": "periodic"
    },
    {
        "equity_ticker": "CPB",
        "geography": "US",
        "content_name": "CPB Q2 2021 Press Release",
        "file_type": "pdf",
        "content_type": "earnings_press_release",
        "published_date": "2021-03-10",
        "fiscal_date": "2021-03-10",
        "fiscal_year": 2021,
        "fiscal_quarter": 2,
        "r2_url": "https://pub-2c783279b61043e19fbdadd1bee5153a.r2.dev/CPB/2021-03-10/0f169-2023-10-20-08-48-58/0f169-2023-10-20-08-48-58.pdf/0f169-2023-10-20-08-48-58.pdf",
        "periodicity": "periodic"
    },
    {
        "equity_ticker": "CPB",
        "geography": "US",
        "content_name": "CPB Q2 2021 Presentation",
        "file_type": "pdf",
        "content_type": "earnings_presentation",
        "published_date": "2021-03-10",
        "fiscal_date": "2021-03-10",
        "fiscal_year": 2021,
        "fiscal_quarter": 2,
        "r2_url": "https://pub-2c783279b61043e19fbdadd1bee5153a.r2.dev/CPB/2021-03-10/26d08-2023-10-20-08-49-58/26d08-2023-10-20-08-49-58.pdf/26d08-2023-10-20-08-49-58.pdf",
        "periodicity": "periodic"
    },
    {
        "equity_ticker": "CPB",
        "geography": "US",
        "content_name": "CPB Q1 2021 Transcript",
        "file_type": "pdf",
        "content_type": "earnings_transcript",
        "published_date": "2020-12-09",
        "fiscal_date": "2020-12-09",
        "fiscal_year": 2021,
        "fiscal_quarter": 1,
        "r2_url": "https://pub-2c783279b61043e19fbdadd1bee5153a.r2.dev/CPB/2020-12-09/The%20Campbell%27s%20Company_2020-12-09_transcript/The%20Campbell%27s%20Company_2020-12-09_transcript.pdf/The%20Campbell%27s%20Company_2020-12-09_transcript.pdf",
        "periodicity": "periodic"
    },
    {
        "equity_ticker": "CPB",
        "geography": "US",
        "content_name": "CPB Q1 2021 Press Release",
        "file_type": "pdf",
        "content_type": "earnings_press_release",
        "published_date": "2020-12-09",
        "fiscal_date": "2020-12-09",
        "fiscal_year": 2021,
        "fiscal_quarter": 1,
        "r2_url": "https://pub-2c783279b61043e19fbdadd1bee5153a.r2.dev/CPB/2020-12-09/55d75-2023-10-20-08-36-59/55d75-2023-10-20-08-36-59.pdf/55d75-2023-10-20-08-36-59.pdf",
        "periodicity": "periodic"
    },
    {
        "equity_ticker": "CPB",
        "geography": "US",
        "content_name": "CPB Q1 2021 Presentation",
        "file_type": "pdf",
        "content_type": "earnings_presentation",
        "published_date": "2020-12-09",
        "fiscal_date": "2020-12-09",
        "fiscal_year": 2021,
        "fiscal_quarter": 1,
        "r2_url": "https://pub-2c783279b61043e19fbdadd1bee5153a.r2.dev/CPB/2020-12-09/ccb7d-2023-10-20-08-36-59/ccb7d-2023-10-20-08-36-59.pdf/ccb7d-2023-10-20-08-36-59.pdf",
        "periodicity": "periodic"
    },
    {
        "equity_ticker": "CPB",
        "geography": "US",
        "content_name": "AGM 2020 - November 18, 2020",
        "file_type": "pdf",
        "content_type": "company_conference_transcript",
        "published_date": "2020-11-18",
        "fiscal_date": "2020-11-18",
        "fiscal_year": 0,
        "fiscal_quarter": 0,
        "r2_url": "https://pub-2c783279b61043e19fbdadd1bee5153a.r2.dev/CPB/2020-11-18/The%20Campbell%27s%20Company_2020-11-18_transcript/The%20Campbell%27s%20Company_2020-11-18_transcript.pdf/The%20Campbell%27s%20Company_2020-11-18_transcript.pdf",
        "periodicity": "non_periodic"
    },
    {
        "equity_ticker": "CPB",
        "geography": "US",
        "content_name": "CPB Q4 2020 Transcript",
        "file_type": "pdf",
        "content_type": "earnings_transcript",
        "published_date": "2020-09-03",
        "fiscal_date": "2020-09-03",
        "fiscal_year": 2020,
        "fiscal_quarter": 4,
        "r2_url": "https://pub-2c783279b61043e19fbdadd1bee5153a.r2.dev/CPB/2020-09-03/The%20Campbell%27s%20Company_2020-09-03_transcript/The%20Campbell%27s%20Company_2020-09-03_transcript.pdf/The%20Campbell%27s%20Company_2020-09-03_transcript.pdf",
        "periodicity": "periodic"
    },
    {
        "equity_ticker": "CPB",
        "geography": "US",
        "content_name": "CPB Q4 2020 Press Release",
        "file_type": "pdf",
        "content_type": "earnings_press_release",
        "published_date": "2020-09-03",
        "fiscal_date": "2020-09-03",
        "fiscal_year": 2020,
        "fiscal_quarter": 4,
        "r2_url": "https://pub-2c783279b61043e19fbdadd1bee5153a.r2.dev/CPB/2020-09-03/cd581-2023-10-20-09-57-00/cd581-2023-10-20-09-57-00.pdf/cd581-2023-10-20-09-57-00.pdf",
        "periodicity": "periodic"
    },
    {
        "equity_ticker": "CPB",
        "geography": "US",
        "content_name": "CPB Q4 2020 Presentation",
        "file_type": "pdf",
        "content_type": "earnings_presentation",
        "published_date": "2020-09-03",
        "fiscal_date": "2020-09-03",
        "fiscal_year": 2020,
        "fiscal_quarter": 4,
        "r2_url": "https://pub-2c783279b61043e19fbdadd1bee5153a.r2.dev/CPB/2020-09-03/733c2-2023-10-20-09-57-00/733c2-2023-10-20-09-57-00.pdf/733c2-2023-10-20-09-57-00.pdf",
        "periodicity": "periodic"
    },
    {
        "equity_ticker": "CPB",
        "geography": "US",
        "content_name": "CPB Q3 2020 Transcript",
        "file_type": "pdf",
        "content_type": "earnings_transcript",
        "published_date": "2020-06-03",
        "fiscal_date": "2020-06-03",
        "fiscal_year": 2020,
        "fiscal_quarter": 3,
        "r2_url": "https://pub-2c783279b61043e19fbdadd1bee5153a.r2.dev/CPB/2020-06-03/The%20Campbell%27s%20Company_2020-06-03_transcript/The%20Campbell%27s%20Company_2020-06-03_transcript.pdf/The%20Campbell%27s%20Company_2020-06-03_transcript.pdf",
        "periodicity": "periodic"
    },
    {
        "equity_ticker": "CPB",
        "geography": "US",
        "content_name": "CPB Q3 2020 Press Release",
        "file_type": "pdf",
        "content_type": "earnings_press_release",
        "published_date": "2020-06-03",
        "fiscal_date": "2020-06-03",
        "fiscal_year": 2020,
        "fiscal_quarter": 3,
        "r2_url": "https://pub-2c783279b61043e19fbdadd1bee5153a.r2.dev/CPB/2020-06-03/57cc7-2023-10-20-09-57-04/57cc7-2023-10-20-09-57-04.pdf/57cc7-2023-10-20-09-57-04.pdf",
        "periodicity": "periodic"
    },
    {
        "equity_ticker": "CPB",
        "geography": "US",
        "content_name": "CPB Q3 2020 Presentation",
        "file_type": "pdf",
        "content_type": "earnings_presentation",
        "published_date": "2020-06-03",
        "fiscal_date": "2020-06-03",
        "fiscal_year": 2020,
        "fiscal_quarter": 3,
        "r2_url": "https://pub-2c783279b61043e19fbdadd1bee5153a.r2.dev/CPB/2020-06-03/41463-2023-10-20-09-58-04/41463-2023-10-20-09-58-04.pdf/41463-2023-10-20-09-58-04.pdf",
        "periodicity": "periodic"
    },
    {
        "equity_ticker": "CPB",
        "geography": "US",
        "content_name": "CPB Q2 2020 Transcript",
        "file_type": "pdf",
        "content_type": "earnings_transcript",
        "published_date": "2020-03-04",
        "fiscal_date": "2020-03-04",
        "fiscal_year": 2020,
        "fiscal_quarter": 2,
        "r2_url": "https://pub-2c783279b61043e19fbdadd1bee5153a.r2.dev/CPB/2020-03-04/The%20Campbell%27s%20Company_2020-03-04_transcript/The%20Campbell%27s%20Company_2020-03-04_transcript.pdf/The%20Campbell%27s%20Company_2020-03-04_transcript.pdf",
        "periodicity": "periodic"
    },
    {
        "equity_ticker": "CPB",
        "geography": "US",
        "content_name": "CPB Q2 2020 Press Release",
        "file_type": "pdf",
        "content_type": "earnings_press_release",
        "published_date": "2020-03-04",
        "fiscal_date": "2020-03-04",
        "fiscal_year": 2020,
        "fiscal_quarter": 2,
        "r2_url": "https://pub-2c783279b61043e19fbdadd1bee5153a.r2.dev/CPB/2020-03-04/bfe5c-2023-10-20-09-05-07/bfe5c-2023-10-20-09-05-07.pdf/bfe5c-2023-10-20-09-05-07.pdf",
        "periodicity": "periodic"
    },
    {
        "equity_ticker": "CPB",
        "geography": "US",
        "content_name": "CPB Q2 2020 Presentation",
        "file_type": "pdf",
        "content_type": "earnings_presentation",
        "published_date": "2020-03-04",
        "fiscal_date": "2020-03-04",
        "fiscal_year": 2020,
        "fiscal_quarter": 2,
        "r2_url": "https://pub-2c783279b61043e19fbdadd1bee5153a.r2.dev/CPB/2020-03-04/7eef7-2023-10-20-09-05-07/7eef7-2023-10-20-09-05-07.pdf/7eef7-2023-10-20-09-05-07.pdf",
        "periodicity": "periodic"
    },
    {
        "equity_ticker": "CPB",
        "geography": "US",
        "content_name": "CPB Q1 2020 Transcript",
        "file_type": "pdf",
        "content_type": "earnings_transcript",
        "published_date": "2019-12-04",
        "fiscal_date": "2019-12-04",
        "fiscal_year": 2020,
        "fiscal_quarter": 1,
        "r2_url": "https://pub-2c783279b61043e19fbdadd1bee5153a.r2.dev/CPB/2019-12-04/The%20Campbell%27s%20Company_2019-12-04_transcript/The%20Campbell%27s%20Company_2019-12-04_transcript.pdf/The%20Campbell%27s%20Company_2019-12-04_transcript.pdf",
        "periodicity": "periodic"
    },
    {
        "equity_ticker": "CPB",
        "geography": "US",
        "content_name": "CPB Q1 2020 Press Release",
        "file_type": "pdf",
        "content_type": "earnings_press_release",
        "published_date": "2019-12-04",
        "fiscal_date": "2019-12-04",
        "fiscal_year": 2020,
        "fiscal_quarter": 1,
        "r2_url": "https://pub-2c783279b61043e19fbdadd1bee5153a.r2.dev/CPB/2019-12-04/de84d-2023-10-20-09-54-07/de84d-2023-10-20-09-54-07.pdf/de84d-2023-10-20-09-54-07.pdf",
        "periodicity": "periodic"
    },
    {
        "equity_ticker": "CPB",
        "geography": "US",
        "content_name": "CPB Q1 2020 Presentation",
        "file_type": "pdf",
        "content_type": "earnings_presentation",
        "published_date": "2019-12-04",
        "fiscal_date": "2019-12-04",
        "fiscal_year": 2020,
        "fiscal_quarter": 1,
        "r2_url": "https://pub-2c783279b61043e19fbdadd1bee5153a.r2.dev/CPB/2019-12-04/43215-2023-10-20-09-57-07/43215-2023-10-20-09-57-07.pdf/43215-2023-10-20-09-57-07.pdf",
        "periodicity": "periodic"
    },
    {
        "equity_ticker": "CPB",
        "geography": "US",
        "content_name": "CPB Q4 2019 Transcript",
        "file_type": "pdf",
        "content_type": "earnings_transcript",
        "published_date": "2019-08-30",
        "fiscal_date": "2019-08-30",
        "fiscal_year": 2019,
        "fiscal_quarter": 4,
        "r2_url": "https://pub-2c783279b61043e19fbdadd1bee5153a.r2.dev/CPB/2019-08-30/The%20Campbell%27s%20Company_2019-08-30_transcript/The%20Campbell%27s%20Company_2019-08-30_transcript.pdf/The%20Campbell%27s%20Company_2019-08-30_transcript.pdf",
        "periodicity": "periodic"
    },
    {
        "equity_ticker": "CPB",
        "geography": "US",
        "content_name": "CPB Q4 2019 Press Release",
        "file_type": "pdf",
        "content_type": "earnings_press_release",
        "published_date": "2019-08-30",
        "fiscal_date": "2019-08-30",
        "fiscal_year": 2019,
        "fiscal_quarter": 4,
        "r2_url": "https://pub-2c783279b61043e19fbdadd1bee5153a.r2.dev/CPB/2019-08-30/cf91f-2023-10-20-09-53-08/cf91f-2023-10-20-09-53-08.pdf/cf91f-2023-10-20-09-53-08.pdf",
        "periodicity": "periodic"
    },
    {
        "equity_ticker": "CPB",
        "geography": "US",
        "content_name": "CPB Q4 2019 Presentation",
        "file_type": "pdf",
        "content_type": "earnings_presentation",
        "published_date": "2019-08-30",
        "fiscal_date": "2019-08-30",
        "fiscal_year": 2019,
        "fiscal_quarter": 4,
        "r2_url": "https://pub-2c783279b61043e19fbdadd1bee5153a.r2.dev/CPB/2019-08-30/85a9a-2023-10-20-09-53-08/85a9a-2023-10-20-09-53-08.pdf/85a9a-2023-10-20-09-53-08.pdf",
        "periodicity": "periodic"
    },
    {
        "equity_ticker": "CPB",
        "geography": "US",
        "content_name": "Investor Day 2019 - June 13, 2019",
        "file_type": "pdf",
        "content_type": "company_conference_transcript",
        "published_date": "2019-06-13",
        "fiscal_date": "2019-06-13",
        "fiscal_year": 0,
        "fiscal_quarter": 0,
        "r2_url": "https://pub-2c783279b61043e19fbdadd1bee5153a.r2.dev/CPB/2019-06-13/The%20Campbell%27s%20Company_2019-06-13_transcript/The%20Campbell%27s%20Company_2019-06-13_transcript.pdf/The%20Campbell%27s%20Company_2019-06-13_transcript.pdf",
        "periodicity": "non_periodic"
    },
    {
        "equity_ticker": "CPB",
        "geography": "US",
        "content_name": "Investor Day 2019 - June 13, 2019",
        "file_type": "pdf",
        "content_type": "company_conference_presentation",
        "published_date": "2019-06-13",
        "fiscal_date": "2019-06-13",
        "fiscal_year": 0,
        "fiscal_quarter": 0,
        "r2_url": "https://pub-2c783279b61043e19fbdadd1bee5153a.r2.dev/CPB/2019-06-13/3a2e6-2023-10-20-09-14-10/3a2e6-2023-10-20-09-14-10.pdf/3a2e6-2023-10-20-09-14-10.pdf",
        "periodicity": "non_periodic"
    },
    {
        "equity_ticker": "CPB",
        "geography": "US",
        "content_name": "CPB Q3 2019 Transcript",
        "file_type": "pdf",
        "content_type": "earnings_transcript",
        "published_date": "2019-06-05",
        "fiscal_date": "2019-06-05",
        "fiscal_year": 2019,
        "fiscal_quarter": 3,
        "r2_url": "https://pub-2c783279b61043e19fbdadd1bee5153a.r2.dev/CPB/2019-06-05/The%20Campbell%27s%20Company_2019-06-05_transcript/The%20Campbell%27s%20Company_2019-06-05_transcript.pdf/The%20Campbell%27s%20Company_2019-06-05_transcript.pdf",
        "periodicity": "periodic"
    },
    {
        "equity_ticker": "CPB",
        "geography": "US",
        "content_name": "CPB Q3 2019 Press Release",
        "file_type": "pdf",
        "content_type": "earnings_press_release",
        "published_date": "2019-06-05",
        "fiscal_date": "2019-06-05",
        "fiscal_year": 2019,
        "fiscal_quarter": 3,
        "r2_url": "https://pub-2c783279b61043e19fbdadd1bee5153a.r2.dev/CPB/2019-06-05/3681c-2023-10-20-09-08-11/3681c-2023-10-20-09-08-11.pdf/3681c-2023-10-20-09-08-11.pdf",
        "periodicity": "periodic"
    },
    {
        "equity_ticker": "CPB",
        "geography": "US",
        "content_name": "CPB Q3 2019 Presentation",
        "file_type": "pdf",
        "content_type": "earnings_presentation",
        "published_date": "2019-06-05",
        "fiscal_date": "2019-06-05",
        "fiscal_year": 2019,
        "fiscal_quarter": 3,
        "r2_url": "https://pub-2c783279b61043e19fbdadd1bee5153a.r2.dev/CPB/2019-06-05/12919-2023-10-20-09-08-11/12919-2023-10-20-09-08-11.pdf/12919-2023-10-20-09-08-11.pdf",
        "periodicity": "periodic"
    },
    {
        "equity_ticker": "CPB",
        "geography": "US",
        "content_name": "CPB Q2 2019 Transcript",
        "file_type": "pdf",
        "content_type": "earnings_transcript",
        "published_date": "2019-02-27",
        "fiscal_date": "2019-02-27",
        "fiscal_year": 2019,
        "fiscal_quarter": 2,
        "r2_url": "https://pub-2c783279b61043e19fbdadd1bee5153a.r2.dev/CPB/2019-02-27/The%20Campbell%27s%20Company_2019-02-27_transcript/The%20Campbell%27s%20Company_2019-02-27_transcript.pdf/The%20Campbell%27s%20Company_2019-02-27_transcript.pdf",
        "periodicity": "periodic"
    },
    {
        "equity_ticker": "CPB",
        "geography": "US",
        "content_name": "CPB Q2 2019 Press Release",
        "file_type": "pdf",
        "content_type": "earnings_press_release",
        "published_date": "2019-02-27",
        "fiscal_date": "2019-02-27",
        "fiscal_year": 2019,
        "fiscal_quarter": 2,
        "r2_url": "https://pub-2c783279b61043e19fbdadd1bee5153a.r2.dev/CPB/2019-02-27/05900-2023-10-20-09-54-11/05900-2023-10-20-09-54-11.pdf/05900-2023-10-20-09-54-11.pdf",
        "periodicity": "periodic"
    },
    {
        "equity_ticker": "CPB",
        "geography": "US",
        "content_name": "CPB Q2 2019 Presentation",
        "file_type": "pdf",
        "content_type": "earnings_presentation",
        "published_date": "2019-02-27",
        "fiscal_date": "2019-02-27",
        "fiscal_year": 2019,
        "fiscal_quarter": 2,
        "r2_url": "https://pub-2c783279b61043e19fbdadd1bee5153a.r2.dev/CPB/2019-02-27/81839-2023-10-20-09-54-11/81839-2023-10-20-09-54-11.pdf/81839-2023-10-20-09-54-11.pdf",
        "periodicity": "periodic"
    },
    {
        "equity_ticker": "CPB",
        "geography": "US",
        "content_name": "CPB Q1 2019 Transcript",
        "file_type": "pdf",
        "content_type": "earnings_transcript",
        "published_date": "2018-11-20",
        "fiscal_date": "2018-11-20",
        "fiscal_year": 2019,
        "fiscal_quarter": 1,
        "r2_url": "https://pub-2c783279b61043e19fbdadd1bee5153a.r2.dev/CPB/2018-11-20/The%20Campbell%27s%20Company_2018-11-20_transcript/The%20Campbell%27s%20Company_2018-11-20_transcript.pdf/The%20Campbell%27s%20Company_2018-11-20_transcript.pdf",
        "periodicity": "periodic"
    },
    {
        "equity_ticker": "CPB",
        "geography": "US",
        "content_name": "CPB Q1 2019 Press Release",
        "file_type": "pdf",
        "content_type": "earnings_press_release",
        "published_date": "2018-11-20",
        "fiscal_date": "2018-11-20",
        "fiscal_year": 2019,
        "fiscal_quarter": 1,
        "r2_url": "https://pub-2c783279b61043e19fbdadd1bee5153a.r2.dev/CPB/2018-11-20/c121c-2023-10-20-09-49-12/c121c-2023-10-20-09-49-12.pdf/c121c-2023-10-20-09-49-12.pdf",
        "periodicity": "periodic"
    },
    {
        "equity_ticker": "CPB",
        "geography": "US",
        "content_name": "CPB Q1 2019 Presentation",
        "file_type": "pdf",
        "content_type": "earnings_presentation",
        "published_date": "2018-11-20",
        "fiscal_date": "2018-11-20",
        "fiscal_year": 2019,
        "fiscal_quarter": 1,
        "r2_url": "https://pub-2c783279b61043e19fbdadd1bee5153a.r2.dev/CPB/2018-11-20/09590-2023-10-20-09-53-12/09590-2023-10-20-09-53-12.pdf/09590-2023-10-20-09-53-12.pdf",
        "periodicity": "periodic"
    },
    {
        "equity_ticker": "CPB",
        "geography": "US",
        "content_name": "CPB Q4 2018 Transcript",
        "file_type": "pdf",
        "content_type": "earnings_transcript",
        "published_date": "2018-08-30",
        "fiscal_date": "2018-08-30",
        "fiscal_year": 2018,
        "fiscal_quarter": 4,
        "r2_url": "https://pub-2c783279b61043e19fbdadd1bee5153a.r2.dev/CPB/2018-08-30/The%20Campbell%27s%20Company_2018-08-30_transcript/The%20Campbell%27s%20Company_2018-08-30_transcript.pdf/The%20Campbell%27s%20Company_2018-08-30_transcript.pdf",
        "periodicity": "periodic"
    },
    {
        "equity_ticker": "CPB",
        "geography": "US",
        "content_name": "CPB Q4 2018 Press Release",
        "file_type": "pdf",
        "content_type": "earnings_press_release",
        "published_date": "2018-08-30",
        "fiscal_date": "2018-08-30",
        "fiscal_year": 2018,
        "fiscal_quarter": 4,
        "r2_url": "https://pub-2c783279b61043e19fbdadd1bee5153a.r2.dev/CPB/2018-08-30/a933e-2023-10-20-09-45-13/a933e-2023-10-20-09-45-13.pdf/a933e-2023-10-20-09-45-13.pdf",
        "periodicity": "periodic"
    },
    {
        "equity_ticker": "CPB",
        "geography": "US",
        "content_name": "CPB Q4 2018 Presentation",
        "file_type": "pdf",
        "content_type": "earnings_presentation",
        "published_date": "2018-08-30",
        "fiscal_date": "2018-08-30",
        "fiscal_year": 2018,
        "fiscal_quarter": 4,
        "r2_url": "https://pub-2c783279b61043e19fbdadd1bee5153a.r2.dev/CPB/2018-08-30/38883-2023-10-20-09-45-13/38883-2023-10-20-09-45-13.pdf/38883-2023-10-20-09-45-13.pdf",
        "periodicity": "periodic"
    },
    {
        "equity_ticker": "CPB",
        "geography": "US",
        "content_name": "CPB Q3 2018 Transcript",
        "file_type": "pdf",
        "content_type": "earnings_transcript",
        "published_date": "2018-05-18",
        "fiscal_date": "2018-05-18",
        "fiscal_year": 2018,
        "fiscal_quarter": 3,
        "r2_url": "https://pub-2c783279b61043e19fbdadd1bee5153a.r2.dev/CPB/2018-05-18/The%20Campbell%27s%20Company_2018-05-18_transcript/The%20Campbell%27s%20Company_2018-05-18_transcript.pdf/The%20Campbell%27s%20Company_2018-05-18_transcript.pdf",
        "periodicity": "periodic"
    },
    {
        "equity_ticker": "CPB",
        "geography": "US",
        "content_name": "CPB Q3 2018 Press Release",
        "file_type": "pdf",
        "content_type": "earnings_press_release",
        "published_date": "2018-05-18",
        "fiscal_date": "2018-05-18",
        "fiscal_year": 2018,
        "fiscal_quarter": 3,
        "r2_url": "https://pub-2c783279b61043e19fbdadd1bee5153a.r2.dev/CPB/2018-05-18/773fe-2023-10-20-09-45-14/773fe-2023-10-20-09-45-14.pdf/773fe-2023-10-20-09-45-14.pdf",
        "periodicity": "periodic"
    },
    {
        "equity_ticker": "CPB",
        "geography": "US",
        "content_name": "CPB Q3 2018 Presentation",
        "file_type": "pdf",
        "content_type": "earnings_presentation",
        "published_date": "2018-05-18",
        "fiscal_date": "2018-05-18",
        "fiscal_year": 2018,
        "fiscal_quarter": 3,
        "r2_url": "https://pub-2c783279b61043e19fbdadd1bee5153a.r2.dev/CPB/2018-05-18/8d4b1-2023-10-20-09-46-14/8d4b1-2023-10-20-09-46-14.pdf/8d4b1-2023-10-20-09-46-14.pdf",
        "periodicity": "periodic"
    },
    {
        "equity_ticker": "CPB",
        "geography": "US",
        "content_name": "CPB Q2 2018 Transcript",
        "file_type": "pdf",
        "content_type": "earnings_transcript",
        "published_date": "2018-02-16",
        "fiscal_date": "2018-02-16",
        "fiscal_year": 2018,
        "fiscal_quarter": 2,
        "r2_url": "https://pub-2c783279b61043e19fbdadd1bee5153a.r2.dev/CPB/2018-02-16/The%20Campbell%27s%20Company_2018-02-16_transcript/The%20Campbell%27s%20Company_2018-02-16_transcript.pdf/The%20Campbell%27s%20Company_2018-02-16_transcript.pdf",
        "periodicity": "periodic"
    },
    {
        "equity_ticker": "CPB",
        "geography": "US",
        "content_name": "CPB Q2 2018 Press Release",
        "file_type": "pdf",
        "content_type": "earnings_press_release",
        "published_date": "2018-02-16",
        "fiscal_date": "2018-02-16",
        "fiscal_year": 2018,
        "fiscal_quarter": 2,
        "r2_url": "https://pub-2c783279b61043e19fbdadd1bee5153a.r2.dev/CPB/2018-02-16/9470a-2023-10-20-09-33-15/9470a-2023-10-20-09-33-15.pdf/9470a-2023-10-20-09-33-15.pdf",
        "periodicity": "periodic"
    },
    {
        "equity_ticker": "CPB",
        "geography": "US",
        "content_name": "CPB Q2 2018 Presentation",
        "file_type": "pdf",
        "content_type": "earnings_presentation",
        "published_date": "2018-02-16",
        "fiscal_date": "2018-02-16",
        "fiscal_year": 2018,
        "fiscal_quarter": 2,
        "r2_url": "https://pub-2c783279b61043e19fbdadd1bee5153a.r2.dev/CPB/2018-02-16/b7905-2023-10-20-09-34-15/b7905-2023-10-20-09-34-15.pdf/b7905-2023-10-20-09-34-15.pdf",
        "periodicity": "periodic"
    },
    {
        "equity_ticker": "CPB",
        "geography": "US",
        "content_name": "M&A Announcement - December 18, 2017",
        "file_type": "pdf",
        "content_type": "company_conference_transcript",
        "published_date": "2017-12-18",
        "fiscal_date": "2017-12-18",
        "fiscal_year": 0,
        "fiscal_quarter": 0,
        "r2_url": "https://pub-2c783279b61043e19fbdadd1bee5153a.r2.dev/CPB/2017-12-18/The%20Campbell%27s%20Company_2017-12-18_transcript/The%20Campbell%27s%20Company_2017-12-18_transcript.pdf/The%20Campbell%27s%20Company_2017-12-18_transcript.pdf",
        "periodicity": "non_periodic"
    },
    {
        "equity_ticker": "CPB",
        "geography": "US",
        "content_name": "M&A Announcement - December 18, 2017",
        "file_type": "pdf",
        "content_type": "company_conference_press_release",
        "published_date": "2017-12-18",
        "fiscal_date": "2017-12-18",
        "fiscal_year": 0,
        "fiscal_quarter": 0,
        "r2_url": "https://pub-2c783279b61043e19fbdadd1bee5153a.r2.dev/CPB/2017-12-18/917e2-2023-10-20-09-19-17/917e2-2023-10-20-09-19-17.pdf/917e2-2023-10-20-09-19-17.pdf",
        "periodicity": "non_periodic"
    },
    {
        "equity_ticker": "CPB",
        "geography": "US",
        "content_name": "M&A Announcement - December 18, 2017",
        "file_type": "pdf",
        "content_type": "company_conference_presentation",
        "published_date": "2017-12-18",
        "fiscal_date": "2017-12-18",
        "fiscal_year": 0,
        "fiscal_quarter": 0,
        "r2_url": "https://pub-2c783279b61043e19fbdadd1bee5153a.r2.dev/CPB/2017-12-18/fe872-2023-10-20-09-23-17/fe872-2023-10-20-09-23-17.pdf/fe872-2023-10-20-09-23-17.pdf",
        "periodicity": "non_periodic"
    },
    {
        "equity_ticker": "CPB",
        "geography": "US",
        "content_name": "CPB Q1 2018 Transcript",
        "file_type": "pdf",
        "content_type": "earnings_transcript",
        "published_date": "2017-11-21",
        "fiscal_date": "2017-11-21",
        "fiscal_year": 2018,
        "fiscal_quarter": 1,
        "r2_url": "https://pub-2c783279b61043e19fbdadd1bee5153a.r2.dev/CPB/2017-11-21/The%20Campbell%27s%20Company_2017-11-21_transcript/The%20Campbell%27s%20Company_2017-11-21_transcript.pdf/The%20Campbell%27s%20Company_2017-11-21_transcript.pdf",
        "periodicity": "periodic"
    },
    {
        "equity_ticker": "CPB",
        "geography": "US",
        "content_name": "CPB Q1 2018 Press Release",
        "file_type": "pdf",
        "content_type": "earnings_press_release",
        "published_date": "2017-11-21",
        "fiscal_date": "2017-11-21",
        "fiscal_year": 2018,
        "fiscal_quarter": 1,
        "r2_url": "https://pub-2c783279b61043e19fbdadd1bee5153a.r2.dev/CPB/2017-11-21/e825f-2023-10-20-09-27-18/e825f-2023-10-20-09-27-18.pdf/e825f-2023-10-20-09-27-18.pdf",
        "periodicity": "periodic"
    },
    {
        "equity_ticker": "CPB",
        "geography": "US",
        "content_name": "CPB Q1 2018 Presentation",
        "file_type": "pdf",
        "content_type": "earnings_presentation",
        "published_date": "2017-11-21",
        "fiscal_date": "2017-11-21",
        "fiscal_year": 2018,
        "fiscal_quarter": 1,
        "r2_url": "https://pub-2c783279b61043e19fbdadd1bee5153a.r2.dev/CPB/2017-11-21/13a38-2023-10-20-09-28-18/13a38-2023-10-20-09-28-18.pdf/13a38-2023-10-20-09-28-18.pdf",
        "periodicity": "periodic"
    },
    {
        "equity_ticker": "CPB",
        "geography": "US",
        "content_name": "CPB Q4 2017 Transcript",
        "file_type": "pdf",
        "content_type": "earnings_transcript",
        "published_date": "2017-08-31",
        "fiscal_date": "2017-08-31",
        "fiscal_year": 2017,
        "fiscal_quarter": 4,
        "r2_url": "https://pub-2c783279b61043e19fbdadd1bee5153a.r2.dev/CPB/2017-08-31/The%20Campbell%27s%20Company_2017-08-31_transcript/The%20Campbell%27s%20Company_2017-08-31_transcript.pdf/The%20Campbell%27s%20Company_2017-08-31_transcript.pdf",
        "periodicity": "periodic"
    },
    {
        "equity_ticker": "CPB",
        "geography": "US",
        "content_name": "CPB Q4 2017 Press Release",
        "file_type": "pdf",
        "content_type": "earnings_press_release",
        "published_date": "2017-08-31",
        "fiscal_date": "2017-08-31",
        "fiscal_year": 2017,
        "fiscal_quarter": 4,
        "r2_url": "https://pub-2c783279b61043e19fbdadd1bee5153a.r2.dev/CPB/2017-08-31/255dc-2023-10-20-09-13-19/255dc-2023-10-20-09-13-19.pdf/255dc-2023-10-20-09-13-19.pdf",
        "periodicity": "periodic"
    },
    {
        "equity_ticker": "CPB",
        "geography": "US",
        "content_name": "Investor Day 2017 - July 19, 2017",
        "file_type": "pdf",
        "content_type": "industry_conference_transcript",
        "published_date": "2017-07-19",
        "fiscal_date": "2017-07-19",
        "fiscal_year": 0,
        "fiscal_quarter": 0,
        "r2_url": "https://pub-2c783279b61043e19fbdadd1bee5153a.r2.dev/CPB/2017-07-19/The%20Campbell%27s%20Company_2017-07-19_transcript/The%20Campbell%27s%20Company_2017-07-19_transcript.pdf/The%20Campbell%27s%20Company_2017-07-19_transcript.pdf",
        "periodicity": "non_periodic"
    },
    {
        "equity_ticker": "CPB",
        "geography": "US",
        "content_name": "CPB Q3 2017 Transcript",
        "file_type": "pdf",
        "content_type": "earnings_transcript",
        "published_date": "2017-05-19",
        "fiscal_date": "2017-05-19",
        "fiscal_year": 2017,
        "fiscal_quarter": 3,
        "r2_url": "https://pub-2c783279b61043e19fbdadd1bee5153a.r2.dev/CPB/2017-05-19/The%20Campbell%27s%20Company_2017-05-19_transcript/The%20Campbell%27s%20Company_2017-05-19_transcript.pdf/The%20Campbell%27s%20Company_2017-05-19_transcript.pdf",
        "periodicity": "periodic"
    },
    {
        "equity_ticker": "CPB",
        "geography": "US",
        "content_name": "CPB Q3 2017 Press Release",
        "file_type": "pdf",
        "content_type": "earnings_press_release",
        "published_date": "2017-05-19",
        "fiscal_date": "2017-05-19",
        "fiscal_year": 2017,
        "fiscal_quarter": 3,
        "r2_url": "https://pub-2c783279b61043e19fbdadd1bee5153a.r2.dev/CPB/2017-05-19/27441-2023-10-20-09-30-23/27441-2023-10-20-09-30-23.pdf/27441-2023-10-20-09-30-23.pdf",
        "periodicity": "periodic"
    },
    {
        "equity_ticker": "CPB",
        "geography": "US",
        "content_name": "CPB Q2 2017 Transcript",
        "file_type": "pdf",
        "content_type": "earnings_transcript",
        "published_date": "2017-02-17",
        "fiscal_date": "2017-02-17",
        "fiscal_year": 2017,
        "fiscal_quarter": 2,
        "r2_url": "https://pub-2c783279b61043e19fbdadd1bee5153a.r2.dev/CPB/2017-02-17/The%20Campbell%27s%20Company_2017-02-17_transcript/The%20Campbell%27s%20Company_2017-02-17_transcript.pdf/The%20Campbell%27s%20Company_2017-02-17_transcript.pdf",
        "periodicity": "periodic"
    },
    {
        "equity_ticker": "CPB",
        "geography": "US",
        "content_name": "CPB Q2 2017 Press Release",
        "file_type": "pdf",
        "content_type": "earnings_press_release",
        "published_date": "2017-02-17",
        "fiscal_date": "2017-02-17",
        "fiscal_year": 2017,
        "fiscal_quarter": 2,
        "r2_url": "https://pub-2c783279b61043e19fbdadd1bee5153a.r2.dev/CPB/2017-02-17/8e017-2023-10-20-09-18-24/8e017-2023-10-20-09-18-24.pdf/8e017-2023-10-20-09-18-24.pdf",
        "periodicity": "periodic"
    },
    {
        "equity_ticker": "CPB",
        "geography": "US",
        "content_name": "CPB Q1 2017 Transcript",
        "file_type": "pdf",
        "content_type": "earnings_transcript",
        "published_date": "2016-11-22",
        "fiscal_date": "2016-11-22",
        "fiscal_year": 2017,
        "fiscal_quarter": 1,
        "r2_url": "https://pub-2c783279b61043e19fbdadd1bee5153a.r2.dev/CPB/2016-11-22/The%20Campbell%27s%20Company_2016-11-22_transcript/The%20Campbell%27s%20Company_2016-11-22_transcript.pdf/The%20Campbell%27s%20Company_2016-11-22_transcript.pdf",
        "periodicity": "periodic"
    },
    {
        "equity_ticker": "CPB",
        "geography": "US",
        "content_name": "CPB Q1 2017 Press Release",
        "file_type": "pdf",
        "content_type": "earnings_press_release",
        "published_date": "2016-11-22",
        "fiscal_date": "2016-11-22",
        "fiscal_year": 2017,
        "fiscal_quarter": 1,
        "r2_url": "https://pub-2c783279b61043e19fbdadd1bee5153a.r2.dev/CPB/2016-11-22/2e4cf-2023-10-20-09-05-25/2e4cf-2023-10-20-09-05-25.pdf/2e4cf-2023-10-20-09-05-25.pdf",
        "periodicity": "periodic"
    },
    {
        "equity_ticker": "CPB",
        "geography": "US",
        "content_name": "CPB Q4 2016 Transcript",
        "file_type": "pdf",
        "content_type": "earnings_transcript",
        "published_date": "2016-09-01",
        "fiscal_date": "2016-09-01",
        "fiscal_year": 2016,
        "fiscal_quarter": 4,
        "r2_url": "https://pub-2c783279b61043e19fbdadd1bee5153a.r2.dev/CPB/2016-09-01/The%20Campbell%27s%20Company_2016-09-01_transcript/The%20Campbell%27s%20Company_2016-09-01_transcript.pdf/The%20Campbell%27s%20Company_2016-09-01_transcript.pdf",
        "periodicity": "periodic"
    },
    {
        "equity_ticker": "CPB",
        "geography": "US",
        "content_name": "CPB Q4 2016 Press Release",
        "file_type": "pdf",
        "content_type": "earnings_press_release",
        "published_date": "2016-09-01",
        "fiscal_date": "2016-09-01",
        "fiscal_year": 2016,
        "fiscal_quarter": 4,
        "r2_url": "https://pub-2c783279b61043e19fbdadd1bee5153a.r2.dev/CPB/2016-09-01/26be8-2023-10-20-09-05-26/26be8-2023-10-20-09-05-26.pdf/26be8-2023-10-20-09-05-26.pdf",
        "periodicity": "periodic"
    },
    {
        "equity_ticker": "CPB",
        "geography": "US",
        "content_name": "Investor Day 2016 - July 20, 2016",
        "file_type": "pdf",
        "content_type": "company_conference_transcript",
        "published_date": "2016-07-20",
        "fiscal_date": "2016-07-20",
        "fiscal_year": 0,
        "fiscal_quarter": 0,
        "r2_url": "https://pub-2c783279b61043e19fbdadd1bee5153a.r2.dev/CPB/2016-07-20/The%20Campbell%27s%20Company_2016-07-20_transcript/The%20Campbell%27s%20Company_2016-07-20_transcript.pdf/The%20Campbell%27s%20Company_2016-07-20_transcript.pdf",
        "periodicity": "non_periodic"
    },
    {
        "equity_ticker": "CPB",
        "geography": "US",
        "content_name": "CPB Q3 2016 Transcript",
        "file_type": "pdf",
        "content_type": "earnings_transcript",
        "published_date": "2016-05-20",
        "fiscal_date": "2016-05-20",
        "fiscal_year": 2016,
        "fiscal_quarter": 3,
        "r2_url": "https://pub-2c783279b61043e19fbdadd1bee5153a.r2.dev/CPB/2016-05-20/The%20Campbell%27s%20Company_2016-05-20_transcript/The%20Campbell%27s%20Company_2016-05-20_transcript.pdf/The%20Campbell%27s%20Company_2016-05-20_transcript.pdf",
        "periodicity": "periodic"
    },
    {
        "equity_ticker": "CPB",
        "geography": "US",
        "content_name": "CPB Q3 2016 Press Release",
        "file_type": "pdf",
        "content_type": "earnings_press_release",
        "published_date": "2016-05-20",
        "fiscal_date": "2016-05-20",
        "fiscal_year": 2016,
        "fiscal_quarter": 3,
        "r2_url": "https://pub-2c783279b61043e19fbdadd1bee5153a.r2.dev/CPB/2016-05-20/8a290-2023-10-20-09-34-28/8a290-2023-10-20-09-34-28.pdf/8a290-2023-10-20-09-34-28.pdf",
        "periodicity": "periodic"
    },
    {
        "equity_ticker": "CPB",
        "geography": "US",
        "content_name": "CPB Q2 2016 Transcript",
        "file_type": "pdf",
        "content_type": "earnings_transcript",
        "published_date": "2016-02-25",
        "fiscal_date": "2016-02-25",
        "fiscal_year": 2016,
        "fiscal_quarter": 2,
        "r2_url": "https://pub-2c783279b61043e19fbdadd1bee5153a.r2.dev/CPB/2016-02-25/The%20Campbell%27s%20Company_2016-02-25_transcript/The%20Campbell%27s%20Company_2016-02-25_transcript.pdf/The%20Campbell%27s%20Company_2016-02-25_transcript.pdf",
        "periodicity": "periodic"
    },
    {
        "equity_ticker": "CPB",
        "geography": "US",
        "content_name": "CPB Q2 2016 Press Release",
        "file_type": "pdf",
        "content_type": "earnings_press_release",
        "published_date": "2016-02-25",
        "fiscal_date": "2016-02-25",
        "fiscal_year": 2016,
        "fiscal_quarter": 2,
        "r2_url": "https://pub-2c783279b61043e19fbdadd1bee5153a.r2.dev/CPB/2016-02-25/11e8e-2023-10-20-09-22-29/11e8e-2023-10-20-09-22-29.pdf/11e8e-2023-10-20-09-22-29.pdf",
        "periodicity": "periodic"
    },
    {
        "equity_ticker": "CPB",
        "geography": "US",
        "content_name": "CPB Q1 2016 Transcript",
        "file_type": "pdf",
        "content_type": "earnings_transcript",
        "published_date": "2015-11-24",
        "fiscal_date": "2015-11-24",
        "fiscal_year": 2016,
        "fiscal_quarter": 1,
        "r2_url": "https://pub-2c783279b61043e19fbdadd1bee5153a.r2.dev/CPB/2015-11-24/The%20Campbell%27s%20Company_2015-11-24_transcript/The%20Campbell%27s%20Company_2015-11-24_transcript.pdf/The%20Campbell%27s%20Company_2015-11-24_transcript.pdf",
        "periodicity": "periodic"
    },
    {
        "equity_ticker": "CPB",
        "geography": "US",
        "content_name": "CPB Q1 2016 Press Release",
        "file_type": "pdf",
        "content_type": "earnings_press_release",
        "published_date": "2015-11-24",
        "fiscal_date": "2015-11-24",
        "fiscal_year": 2016,
        "fiscal_quarter": 1,
        "r2_url": "https://pub-2c783279b61043e19fbdadd1bee5153a.r2.dev/CPB/2015-11-24/1edc1-2023-10-20-09-15-30/1edc1-2023-10-20-09-15-30.pdf/1edc1-2023-10-20-09-15-30.pdf",
        "periodicity": "periodic"
    },
    {
        "equity_ticker": "CPB",
        "geography": "US",
        "content_name": "CPB Q1 2016 Presentation",
        "file_type": "pdf",
        "content_type": "earnings_presentation",
        "published_date": "2015-11-24",
        "fiscal_date": "2015-11-24",
        "fiscal_year": 2016,
        "fiscal_quarter": 1,
        "r2_url": "https://pub-2c783279b61043e19fbdadd1bee5153a.r2.dev/CPB/2015-11-24/24cc8-2023-10-20-09-16-30/24cc8-2023-10-20-09-16-30.pdf/24cc8-2023-10-20-09-16-30.pdf",
        "periodicity": "periodic"
    },
    {
        "equity_ticker": "CPB",
        "geography": "US",
        "content_name": "CPB Q4 2015 Transcript",
        "file_type": "pdf",
        "content_type": "earnings_transcript",
        "published_date": "2015-09-03",
        "fiscal_date": "2015-09-03",
        "fiscal_year": 2015,
        "fiscal_quarter": 4,
        "r2_url": "https://pub-2c783279b61043e19fbdadd1bee5153a.r2.dev/CPB/2015-09-03/The%20Campbell%27s%20Company_2015-09-03_transcript/The%20Campbell%27s%20Company_2015-09-03_transcript.pdf/The%20Campbell%27s%20Company_2015-09-03_transcript.pdf",
        "periodicity": "periodic"
    },
    {
        "equity_ticker": "CPB",
        "geography": "US",
        "content_name": "CPB Q4 2015 Press Release",
        "file_type": "pdf",
        "content_type": "earnings_press_release",
        "published_date": "2015-09-03",
        "fiscal_date": "2015-09-03",
        "fiscal_year": 2015,
        "fiscal_quarter": 4,
        "r2_url": "https://pub-2c783279b61043e19fbdadd1bee5153a.r2.dev/CPB/2015-09-03/615fe-2023-10-20-09-08-33/615fe-2023-10-20-09-08-33.pdf/615fe-2023-10-20-09-08-33.pdf",
        "periodicity": "periodic"
    },
    {
        "equity_ticker": "CPB",
        "geography": "US",
        "content_name": "CPB Q4 2015 Presentation",
        "file_type": "pdf",
        "content_type": "earnings_presentation",
        "published_date": "2015-09-03",
        "fiscal_date": "2015-09-03",
        "fiscal_year": 2015,
        "fiscal_quarter": 4,
        "r2_url": "https://pub-2c783279b61043e19fbdadd1bee5153a.r2.dev/CPB/2015-09-03/fc265-2023-10-20-09-09-33/fc265-2023-10-20-09-09-33.pdf/fc265-2023-10-20-09-09-33.pdf",
        "periodicity": "periodic"
    },
    {
        "equity_ticker": "CPB",
        "geography": "US",
        "content_name": "Investor Day 2015 - July 22, 2015",
        "file_type": "pdf",
        "content_type": "industry_conference_transcript",
        "published_date": "2015-07-22",
        "fiscal_date": "2015-07-22",
        "fiscal_year": 0,
        "fiscal_quarter": 0,
        "r2_url": "https://pub-2c783279b61043e19fbdadd1bee5153a.r2.dev/CPB/2015-07-22/The%20Campbell%27s%20Company_2015-07-22_transcript/The%20Campbell%27s%20Company_2015-07-22_transcript.pdf/The%20Campbell%27s%20Company_2015-07-22_transcript.pdf",
        "periodicity": "non_periodic"
    },
    {
        "equity_ticker": "CPB",
        "geography": "US",
        "content_name": "CPB Q3 2015 Transcript",
        "file_type": "pdf",
        "content_type": "earnings_transcript",
        "published_date": "2015-05-22",
        "fiscal_date": "2015-05-22",
        "fiscal_year": 2015,
        "fiscal_quarter": 3,
        "r2_url": "https://pub-2c783279b61043e19fbdadd1bee5153a.r2.dev/CPB/2015-05-22/The%20Campbell%27s%20Company_2015-05-22_transcript/The%20Campbell%27s%20Company_2015-05-22_transcript.pdf/The%20Campbell%27s%20Company_2015-05-22_transcript.pdf",
        "periodicity": "periodic"
    },
    {
        "equity_ticker": "CPB",
        "geography": "US",
        "content_name": "CPB Q3 2015 Press Release",
        "file_type": "pdf",
        "content_type": "earnings_press_release",
        "published_date": "2015-05-22",
        "fiscal_date": "2015-05-22",
        "fiscal_year": 2015,
        "fiscal_quarter": 3,
        "r2_url": "https://pub-2c783279b61043e19fbdadd1bee5153a.r2.dev/CPB/2015-05-22/83421-2023-10-20-09-36-39/83421-2023-10-20-09-36-39.pdf/83421-2023-10-20-09-36-39.pdf",
        "periodicity": "periodic"
    },
    {
        "equity_ticker": "CPB",
        "geography": "US",
        "content_name": "CPB Q3 2015 Presentation",
        "file_type": "pdf",
        "content_type": "earnings_presentation",
        "published_date": "2015-05-22",
        "fiscal_date": "2015-05-22",
        "fiscal_year": 2015,
        "fiscal_quarter": 3,
        "r2_url": "https://pub-2c783279b61043e19fbdadd1bee5153a.r2.dev/CPB/2015-05-22/c3015-2023-10-20-09-38-39/c3015-2023-10-20-09-38-39.pdf/c3015-2023-10-20-09-38-39.pdf",
        "periodicity": "periodic"
    },
    {
        "equity_ticker": "CPB",
        "geography": "US",
        "content_name": "CPB Q2 2015 Transcript",
        "file_type": "pdf",
        "content_type": "earnings_transcript",
        "published_date": "2015-02-25",
        "fiscal_date": "2015-02-25",
        "fiscal_year": 2015,
        "fiscal_quarter": 2,
        "r2_url": "https://pub-2c783279b61043e19fbdadd1bee5153a.r2.dev/CPB/2015-02-25/The%20Campbell%27s%20Company_2015-02-25_transcript/The%20Campbell%27s%20Company_2015-02-25_transcript.pdf/The%20Campbell%27s%20Company_2015-02-25_transcript.pdf",
        "periodicity": "periodic"
    },
    {
        "equity_ticker": "CPB",
        "geography": "US",
        "content_name": "CPB Q2 2015 Press Release",
        "file_type": "pdf",
        "content_type": "earnings_press_release",
        "published_date": "2015-02-25",
        "fiscal_date": "2015-02-25",
        "fiscal_year": 2015,
        "fiscal_quarter": 2,
        "r2_url": "https://pub-2c783279b61043e19fbdadd1bee5153a.r2.dev/CPB/2015-02-25/3ae8e-2023-10-20-10-59-00/3ae8e-2023-10-20-10-59-00.pdf/3ae8e-2023-10-20-10-59-00.pdf",
        "periodicity": "periodic"
    },
    {
        "equity_ticker": "CPB",
        "geography": "US",
        "content_name": "CPB Q2 2015 Presentation",
        "file_type": "pdf",
        "content_type": "earnings_presentation",
        "published_date": "2015-02-25",
        "fiscal_date": "2015-02-25",
        "fiscal_year": 2015,
        "fiscal_quarter": 2,
        "r2_url": "https://pub-2c783279b61043e19fbdadd1bee5153a.r2.dev/CPB/2015-02-25/a3649-2023-10-20-10-01-01/a3649-2023-10-20-10-01-01.pdf/a3649-2023-10-20-10-01-01.pdf",
        "periodicity": "periodic"
    },
    {
        "equity_ticker": "CPB",
        "geography": "US",
        "content_name": "CPB Q1 2015 Transcript",
        "file_type": "pdf",
        "content_type": "earnings_transcript",
        "published_date": "2014-11-25",
        "fiscal_date": "2014-11-25",
        "fiscal_year": 2015,
        "fiscal_quarter": 1,
        "r2_url": "https://pub-2c783279b61043e19fbdadd1bee5153a.r2.dev/CPB/2014-11-25/The%20Campbell%27s%20Company_2014-11-25_transcript/The%20Campbell%27s%20Company_2014-11-25_transcript.pdf/The%20Campbell%27s%20Company_2014-11-25_transcript.pdf",
        "periodicity": "periodic"
    },
    {
        "equity_ticker": "CPB",
        "geography": "US",
        "content_name": "CPB Q1 2015 Press Release",
        "file_type": "pdf",
        "content_type": "earnings_press_release",
        "published_date": "2014-11-25",
        "fiscal_date": "2014-11-25",
        "fiscal_year": 2015,
        "fiscal_quarter": 1,
        "r2_url": "https://pub-2c783279b61043e19fbdadd1bee5153a.r2.dev/CPB/2014-11-25/d199c-2023-10-20-10-28-02/d199c-2023-10-20-10-28-02.pdf/d199c-2023-10-20-10-28-02.pdf",
        "periodicity": "periodic"
    },
    {
        "equity_ticker": "CPB",
        "geography": "US",
        "content_name": "CPB Q1 2015 Presentation",
        "file_type": "pdf",
        "content_type": "earnings_presentation",
        "published_date": "2014-11-25",
        "fiscal_date": "2014-11-25",
        "fiscal_year": 2015,
        "fiscal_quarter": 1,
        "r2_url": "https://pub-2c783279b61043e19fbdadd1bee5153a.r2.dev/CPB/2014-11-25/56a1c-2023-10-20-10-29-02/56a1c-2023-10-20-10-29-02.pdf/56a1c-2023-10-20-10-29-02.pdf",
        "periodicity": "periodic"
    },
    {
        "equity_ticker": "CPB",
        "geography": "US",
        "content_name": "CPB Q4 2014 Transcript",
        "file_type": "pdf",
        "content_type": "earnings_transcript",
        "published_date": "2014-09-08",
        "fiscal_date": "2014-09-08",
        "fiscal_year": 2014,
        "fiscal_quarter": 4,
        "r2_url": "https://pub-2c783279b61043e19fbdadd1bee5153a.r2.dev/CPB/2014-09-08/The%20Campbell%27s%20Company_2014-09-08_transcript/The%20Campbell%27s%20Company_2014-09-08_transcript.pdf/The%20Campbell%27s%20Company_2014-09-08_transcript.pdf",
        "periodicity": "periodic"
    },
    {
        "equity_ticker": "CPB",
        "geography": "US",
        "content_name": "CPB Q3 2014 Transcript",
        "file_type": "pdf",
        "content_type": "earnings_transcript",
        "published_date": "2014-05-19",
        "fiscal_date": "2014-05-19",
        "fiscal_year": 2014,
        "fiscal_quarter": 3,
        "r2_url": "https://pub-2c783279b61043e19fbdadd1bee5153a.r2.dev/CPB/2014-05-19/The%20Campbell%27s%20Company_2014-05-19_transcript/The%20Campbell%27s%20Company_2014-05-19_transcript.pdf/The%20Campbell%27s%20Company_2014-05-19_transcript.pdf",
        "periodicity": "periodic"
    },
    {
        "equity_ticker": "CPB",
        "geography": "US",
        "content_name": "CPB Q2 2014 Transcript",
        "file_type": "pdf",
        "content_type": "earnings_transcript",
        "published_date": "2014-02-14",
        "fiscal_date": "2014-02-14",
        "fiscal_year": 2014,
        "fiscal_quarter": 2,
        "r2_url": "https://pub-2c783279b61043e19fbdadd1bee5153a.r2.dev/CPB/2014-02-14/The%20Campbell%27s%20Company_2014-02-14_transcript/The%20Campbell%27s%20Company_2014-02-14_transcript.pdf/The%20Campbell%27s%20Company_2014-02-14_transcript.pdf",
        "periodicity": "periodic"
    },
    {
        "equity_ticker": "CPB",
        "geography": "US",
        "content_name": "CPB Q1 2014 Transcript",
        "file_type": "pdf",
        "content_type": "earnings_transcript",
        "published_date": "2013-11-19",
        "fiscal_date": "2013-11-19",
        "fiscal_year": 2014,
        "fiscal_quarter": 1,
        "r2_url": "https://pub-2c783279b61043e19fbdadd1bee5153a.r2.dev/CPB/2013-11-19/The%20Campbell%27s%20Company_2013-11-19_transcript/The%20Campbell%27s%20Company_2013-11-19_transcript.pdf/The%20Campbell%27s%20Company_2013-11-19_transcript.pdf",
        "periodicity": "periodic"
    },
    {
        "equity_ticker": "CPB",
        "geography": "US",
        "content_name": "CPB Q4 2013 Transcript",
        "file_type": "pdf",
        "content_type": "earnings_transcript",
        "published_date": "2013-08-29",
        "fiscal_date": "2013-08-29",
        "fiscal_year": 2013,
        "fiscal_quarter": 4,
        "r2_url": "https://pub-2c783279b61043e19fbdadd1bee5153a.r2.dev/CPB/2013-08-29/The%20Campbell%27s%20Company_2013-08-29_transcript/The%20Campbell%27s%20Company_2013-08-29_transcript.pdf/The%20Campbell%27s%20Company_2013-08-29_transcript.pdf",
        "periodicity": "periodic"
    },
    {
        "equity_ticker": "CPB",
        "geography": "US",
        "content_name": "CPB Q3 2013 Transcript",
        "file_type": "pdf",
        "content_type": "earnings_transcript",
        "published_date": "2013-05-20",
        "fiscal_date": "2013-05-20",
        "fiscal_year": 2013,
        "fiscal_quarter": 3,
        "r2_url": "https://pub-2c783279b61043e19fbdadd1bee5153a.r2.dev/CPB/2013-05-20/The%20Campbell%27s%20Company_2013-05-20_transcript/The%20Campbell%27s%20Company_2013-05-20_transcript.pdf/The%20Campbell%27s%20Company_2013-05-20_transcript.pdf",
        "periodicity": "periodic"
    },
    {
        "equity_ticker": "CPB",
        "geography": "US",
        "content_name": "CPB Q2 2013 Transcript",
        "file_type": "pdf",
        "content_type": "earnings_transcript",
        "published_date": "2013-02-15",
        "fiscal_date": "2013-02-15",
        "fiscal_year": 2013,
        "fiscal_quarter": 2,
        "r2_url": "https://pub-2c783279b61043e19fbdadd1bee5153a.r2.dev/CPB/2013-02-15/The%20Campbell%27s%20Company_2013-02-15_transcript/The%20Campbell%27s%20Company_2013-02-15_transcript.pdf/The%20Campbell%27s%20Company_2013-02-15_transcript.pdf",
        "periodicity": "periodic"
    },
    {
        "equity_ticker": "CPB",
        "geography": "US",
        "content_name": "CPB Q1 2013 Transcript",
        "file_type": "pdf",
        "content_type": "earnings_transcript",
        "published_date": "2012-11-20",
        "fiscal_date": "2012-11-20",
        "fiscal_year": 2013,
        "fiscal_quarter": 1,
        "r2_url": "https://pub-2c783279b61043e19fbdadd1bee5153a.r2.dev/CPB/2012-11-20/The%20Campbell%27s%20Company_2012-11-20_transcript/The%20Campbell%27s%20Company_2012-11-20_transcript.pdf/The%20Campbell%27s%20Company_2012-11-20_transcript.pdf",
        "periodicity": "periodic"
    },
    {
        "equity_ticker": "CPB",
        "geography": "US",
        "content_name": "CPB Q4 2012 Transcript",
        "file_type": "pdf",
        "content_type": "earnings_transcript",
        "published_date": "2012-09-04",
        "fiscal_date": "2012-09-04",
        "fiscal_year": 2012,
        "fiscal_quarter": 4,
        "r2_url": "https://pub-2c783279b61043e19fbdadd1bee5153a.r2.dev/CPB/2012-09-04/The%20Campbell%27s%20Company_2012-09-04_transcript/The%20Campbell%27s%20Company_2012-09-04_transcript.pdf/The%20Campbell%27s%20Company_2012-09-04_transcript.pdf",
        "periodicity": "periodic"
    },
    {
        "equity_ticker": "CPB",
        "geography": "US",
        "content_name": "CPB Q3 2012 Transcript",
        "file_type": "pdf",
        "content_type": "earnings_transcript",
        "published_date": "2012-05-21",
        "fiscal_date": "2012-05-21",
        "fiscal_year": 2012,
        "fiscal_quarter": 3,
        "r2_url": "https://pub-2c783279b61043e19fbdadd1bee5153a.r2.dev/CPB/2012-05-21/The%20Campbell%27s%20Company_2012-05-21_transcript/The%20Campbell%27s%20Company_2012-05-21_transcript.pdf/The%20Campbell%27s%20Company_2012-05-21_transcript.pdf",
        "periodicity": "periodic"
    },
    {
        "equity_ticker": "CPB",
        "geography": "US",
        "content_name": "CPB Q2 2012 Transcript",
        "file_type": "pdf",
        "content_type": "earnings_transcript",
        "published_date": "2012-02-17",
        "fiscal_date": "2012-02-17",
        "fiscal_year": 2012,
        "fiscal_quarter": 2,
        "r2_url": "https://pub-2c783279b61043e19fbdadd1bee5153a.r2.dev/CPB/2012-02-17/The%20Campbell%27s%20Company_2012-02-17_transcript/The%20Campbell%27s%20Company_2012-02-17_transcript.pdf/The%20Campbell%27s%20Company_2012-02-17_transcript.pdf",
        "periodicity": "periodic"
    },
    {
        "equity_ticker": "CPB",
        "geography": "US",
        "content_name": "CPB Q1 2012 Transcript",
        "file_type": "pdf",
        "content_type": "earnings_transcript",
        "published_date": "2011-11-22",
        "fiscal_date": "2011-11-22",
        "fiscal_year": 2012,
        "fiscal_quarter": 1,
        "r2_url": "https://pub-2c783279b61043e19fbdadd1bee5153a.r2.dev/CPB/2011-11-22/The%20Campbell%27s%20Company_2011-11-22_transcript/The%20Campbell%27s%20Company_2011-11-22_transcript.pdf/The%20Campbell%27s%20Company_2011-11-22_transcript.pdf",
        "periodicity": "periodic"
    },
    {
        "equity_ticker": "CPB",
        "geography": "US",
        "content_name": "CPB Q4 2011 Transcript",
        "file_type": "pdf",
        "content_type": "earnings_transcript",
        "published_date": "2011-09-02",
        "fiscal_date": "2011-09-02",
        "fiscal_year": 2011,
        "fiscal_quarter": 4,
        "r2_url": "https://pub-2c783279b61043e19fbdadd1bee5153a.r2.dev/CPB/2011-09-02/The%20Campbell%27s%20Company_2011-09-02_transcript/The%20Campbell%27s%20Company_2011-09-02_transcript.pdf/The%20Campbell%27s%20Company_2011-09-02_transcript.pdf",
        "periodicity": "periodic"
    },
    {
        "equity_ticker": "CPB",
        "geography": "US",
        "content_name": "CPB Q3 2011 Transcript",
        "file_type": "pdf",
        "content_type": "earnings_transcript",
        "published_date": "2011-05-23",
        "fiscal_date": "2011-05-23",
        "fiscal_year": 2011,
        "fiscal_quarter": 3,
        "r2_url": "https://pub-2c783279b61043e19fbdadd1bee5153a.r2.dev/CPB/2011-05-23/The%20Campbell%27s%20Company_2011-05-23_transcript/The%20Campbell%27s%20Company_2011-05-23_transcript.pdf/The%20Campbell%27s%20Company_2011-05-23_transcript.pdf",
        "periodicity": "periodic"
    },
    {
        "equity_ticker": "CPB",
        "geography": "US",
        "content_name": "CPB Q2 2011 Transcript",
        "file_type": "pdf",
        "content_type": "earnings_transcript",
        "published_date": "2011-02-18",
        "fiscal_date": "2011-02-18",
        "fiscal_year": 2011,
        "fiscal_quarter": 2,
        "r2_url": "https://pub-2c783279b61043e19fbdadd1bee5153a.r2.dev/CPB/2011-02-18/The%20Campbell%27s%20Company_2011-02-18_transcript/The%20Campbell%27s%20Company_2011-02-18_transcript.pdf/The%20Campbell%27s%20Company_2011-02-18_transcript.pdf",
        "periodicity": "periodic"
    },
    {
        "equity_ticker": "CPB",
        "geography": "US",
        "content_name": "CPB Q1 2011 Transcript",
        "file_type": "pdf",
        "content_type": "earnings_transcript",
        "published_date": "2010-11-23",
        "fiscal_date": "2010-11-23",
        "fiscal_year": 2011,
        "fiscal_quarter": 1,
        "r2_url": "https://pub-2c783279b61043e19fbdadd1bee5153a.r2.dev/CPB/2010-11-23/The%20Campbell%27s%20Company_2010-11-23_transcript/The%20Campbell%27s%20Company_2010-11-23_transcript.pdf/The%20Campbell%27s%20Company_2010-11-23_transcript.pdf",
        "periodicity": "periodic"
    },
    {
        "equity_ticker": "CPB",
        "geography": "US",
        "content_name": "CPB Q3 2010 Transcript",
        "file_type": "pdf",
        "content_type": "earnings_transcript",
        "published_date": "2010-05-24",
        "fiscal_date": "2010-05-24",
        "fiscal_year": 2010,
        "fiscal_quarter": 3,
        "r2_url": "https://pub-2c783279b61043e19fbdadd1bee5153a.r2.dev/CPB/2010-05-24/The%20Campbell%27s%20Company_2010-05-24_transcript/The%20Campbell%27s%20Company_2010-05-24_transcript.pdf/The%20Campbell%27s%20Company_2010-05-24_transcript.pdf",
        "periodicity": "periodic"
    },
    {
        "equity_ticker": "CPB",
        "geography": "US",
        "content_name": "CPB Q2 2010 Transcript",
        "file_type": "pdf",
        "content_type": "earnings_transcript",
        "published_date": "2010-02-22",
        "fiscal_date": "2010-02-22",
        "fiscal_year": 2010,
        "fiscal_quarter": 2,
        "r2_url": "https://pub-2c783279b61043e19fbdadd1bee5153a.r2.dev/CPB/2010-02-22/The%20Campbell%27s%20Company_2010-02-22_transcript/The%20Campbell%27s%20Company_2010-02-22_transcript.pdf/The%20Campbell%27s%20Company_2010-02-22_transcript.pdf",
        "periodicity": "periodic"
    },
    {
        "equity_ticker": "CPB",
        "geography": "US",
        "content_name": "CPB Q1 2010 Transcript",
        "file_type": "pdf",
        "content_type": "earnings_transcript",
        "published_date": "2009-11-23",
        "fiscal_date": "2009-11-23",
        "fiscal_year": 2010,
        "fiscal_quarter": 1,
        "r2_url": "https://pub-2c783279b61043e19fbdadd1bee5153a.r2.dev/CPB/2009-11-23/The%20Campbell%27s%20Company_2009-11-23_transcript/The%20Campbell%27s%20Company_2009-11-23_transcript.pdf/The%20Campbell%27s%20Company_2009-11-23_transcript.pdf",
        "periodicity": "periodic"
    },
    {
        "equity_ticker": "CPB",
        "geography": "US",
        "content_name": "CPB Q4 2009 Transcript",
        "file_type": "pdf",
        "content_type": "earnings_transcript",
        "published_date": "2009-09-11",
        "fiscal_date": "2009-09-11",
        "fiscal_year": 2009,
        "fiscal_quarter": 4,
        "r2_url": "https://pub-2c783279b61043e19fbdadd1bee5153a.r2.dev/CPB/2009-09-11/The%20Campbell%27s%20Company_2009-09-11_transcript/The%20Campbell%27s%20Company_2009-09-11_transcript.pdf/The%20Campbell%27s%20Company_2009-09-11_transcript.pdf",
        "periodicity": "periodic"
    },
    {
        "equity_ticker": "CPB",
        "geography": "US",
        "content_name": "CPB Q2 2009 Transcript",
        "file_type": "pdf",
        "content_type": "earnings_transcript",
        "published_date": "2009-02-23",
        "fiscal_date": "2009-02-23",
        "fiscal_year": 2009,
        "fiscal_quarter": 2,
        "r2_url": "https://pub-2c783279b61043e19fbdadd1bee5153a.r2.dev/CPB/2009-02-23/The%20Campbell%27s%20Company_2009-02-23_transcript/The%20Campbell%27s%20Company_2009-02-23_transcript.pdf/The%20Campbell%27s%20Company_2009-02-23_transcript.pdf",
        "periodicity": "periodic"
    },
    {
        "equity_ticker": "CPB",
        "geography": "US",
        "content_name": "CPB Q1 2009 Transcript",
        "file_type": "pdf",
        "content_type": "earnings_transcript",
        "published_date": "2008-11-24",
        "fiscal_date": "2008-11-24",
        "fiscal_year": 2009,
        "fiscal_quarter": 1,
        "r2_url": "https://pub-2c783279b61043e19fbdadd1bee5153a.r2.dev/CPB/2008-11-24/The%20Campbell%27s%20Company_2008-11-24_transcript/The%20Campbell%27s%20Company_2008-11-24_transcript.pdf/The%20Campbell%27s%20Company_2008-11-24_transcript.pdf",
        "periodicity": "periodic"
    },
    {
        "equity_ticker": "CPB",
        "geography": "US",
        "content_name": "CPB Q4 2008 Transcript",
        "file_type": "pdf",
        "content_type": "earnings_transcript",
        "published_date": "2008-09-11",
        "fiscal_date": "2008-09-11",
        "fiscal_year": 2008,
        "fiscal_quarter": 4,
        "r2_url": "https://pub-2c783279b61043e19fbdadd1bee5153a.r2.dev/CPB/2008-09-11/The%20Campbell%27s%20Company_2008-09-11_transcript/The%20Campbell%27s%20Company_2008-09-11_transcript.pdf/The%20Campbell%27s%20Company_2008-09-11_transcript.pdf",
        "periodicity": "periodic"
    },
    {
        "equity_ticker": "CPB",
        "geography": "US",
        "content_name": "CPB Q3 2008 Transcript",
        "file_type": "pdf",
        "content_type": "earnings_transcript",
        "published_date": "2008-05-19",
        "fiscal_date": "2008-05-19",
        "fiscal_year": 2008,
        "fiscal_quarter": 3,
        "r2_url": "https://pub-2c783279b61043e19fbdadd1bee5153a.r2.dev/CPB/2008-05-19/The%20Campbell%27s%20Company_2008-05-19_transcript/The%20Campbell%27s%20Company_2008-05-19_transcript.pdf/The%20Campbell%27s%20Company_2008-05-19_transcript.pdf",
        "periodicity": "periodic"
    },
    {
        "equity_ticker": "CPB",
        "geography": "US",
        "content_name": "CPB Q2 2008 Transcript",
        "file_type": "pdf",
        "content_type": "earnings_transcript",
        "published_date": "2008-02-15",
        "fiscal_date": "2008-02-15",
        "fiscal_year": 2008,
        "fiscal_quarter": 2,
        "r2_url": "https://pub-2c783279b61043e19fbdadd1bee5153a.r2.dev/CPB/2008-02-15/The%20Campbell%27s%20Company_2008-02-15_transcript/The%20Campbell%27s%20Company_2008-02-15_transcript.pdf/The%20Campbell%27s%20Company_2008-02-15_transcript.pdf",
        "periodicity": "periodic"
    },
    {
        "equity_ticker": "CPB",
        "geography": "US",
        "content_name": "CPB Q1 2008 Transcript",
        "file_type": "pdf",
        "content_type": "earnings_transcript",
        "published_date": "2007-11-19",
        "fiscal_date": "2007-11-19",
        "fiscal_year": 2008,
        "fiscal_quarter": 1,
        "r2_url": "https://pub-2c783279b61043e19fbdadd1bee5153a.r2.dev/CPB/2007-11-19/The%20Campbell%27s%20Company_2007-11-19_transcript/The%20Campbell%27s%20Company_2007-11-19_transcript.pdf/The%20Campbell%27s%20Company_2007-11-19_transcript.pdf",
        "periodicity": "periodic"
    },
    {
        "equity_ticker": "CPB",
        "geography": "US",
        "content_name": "CPB Q4 2007 Transcript",
        "file_type": "pdf",
        "content_type": "earnings_transcript",
        "published_date": "2007-09-16",
        "fiscal_date": "2007-09-16",
        "fiscal_year": 2007,
        "fiscal_quarter": 4,
        "r2_url": "https://pub-2c783279b61043e19fbdadd1bee5153a.r2.dev/CPB/2007-09-16/The%20Campbell%27s%20Company_2007-09-16_transcript/The%20Campbell%27s%20Company_2007-09-16_transcript.pdf/The%20Campbell%27s%20Company_2007-09-16_transcript.pdf",
        "periodicity": "periodic"
    }
]