[
    {
        "equity_ticker": "DAR",
        "geography": "US",
        "content_name": "DAR Q4 2024 Transcript",
        "file_type": "pdf",
        "content_type": "earnings_transcript",
        "published_date": "2025-02-06",
        "fiscal_date": "2025-02-06",
        "fiscal_year": 2024,
        "fiscal_quarter": 4,
        "r2_url": "https://pub-2c783279b61043e19fbdadd1bee5153a.r2.dev/DAR/2025-02-06/Darling%20Ingredients%20Inc._2025-02-06_transcript/Darling%20Ingredients%20Inc._2025-02-06_transcript.pdf/Darling%20Ingredients%20Inc._2025-02-06_transcript.pdf",
        "periodicity": "periodic"
    },
    {
        "equity_ticker": "DAR",
        "geography": "US",
        "content_name": "DAR Q4 2024 Press Release",
        "file_type": "pdf",
        "content_type": "earnings_press_release",
        "published_date": "2025-02-06",
        "fiscal_date": "2025-02-06",
        "fiscal_year": 2024,
        "fiscal_quarter": 4,
        "r2_url": "https://pub-2c783279b61043e19fbdadd1bee5153a.r2.dev/DAR/2025-02-06/22b67-2025-02-06-12-22-29/22b67-2025-02-06-12-22-29.pdf/22b67-2025-02-06-12-22-29.pdf",
        "periodicity": "periodic"
    },
    {
        "equity_ticker": "DAR",
        "geography": "US",
        "content_name": "DAR Q4 2024 Presentation",
        "file_type": "pdf",
        "content_type": "earnings_presentation",
        "published_date": "2025-02-06",
        "fiscal_date": "2025-02-06",
        "fiscal_year": 2024,
        "fiscal_quarter": 4,
        "r2_url": "https://pub-2c783279b61043e19fbdadd1bee5153a.r2.dev/DAR/2025-02-06/3c436-2025-02-06-12-16-14/3c436-2025-02-06-12-16-14.pdf/3c436-2025-02-06-12-16-14.pdf",
        "periodicity": "periodic"
    },
    {
        "equity_ticker": "DAR",
        "geography": "US",
        "content_name": "DAR Q3 2024 Transcript",
        "file_type": "pdf",
        "content_type": "earnings_transcript",
        "published_date": "2024-10-24",
        "fiscal_date": "2024-10-24",
        "fiscal_year": 2024,
        "fiscal_quarter": 3,
        "r2_url": "https://pub-2c783279b61043e19fbdadd1bee5153a.r2.dev/DAR/2024-10-24/Darling%20Ingredients%20Inc._2024-10-24_transcript/Darling%20Ingredients%20Inc._2024-10-24_transcript.pdf/Darling%20Ingredients%20Inc._2024-10-24_transcript.pdf",
        "periodicity": "periodic"
    },
    {
        "equity_ticker": "DAR",
        "geography": "US",
        "content_name": "DAR Q3 2024 Press Release",
        "file_type": "pdf",
        "content_type": "earnings_press_release",
        "published_date": "2024-10-24",
        "fiscal_date": "2024-10-24",
        "fiscal_year": 2024,
        "fiscal_quarter": 3,
        "r2_url": "https://pub-2c783279b61043e19fbdadd1bee5153a.r2.dev/DAR/2024-10-24/dcbd5-2024-10-24-12-16-34/dcbd5-2024-10-24-12-16-34.pdf/dcbd5-2024-10-24-12-16-34.pdf",
        "periodicity": "periodic"
    },
    {
        "equity_ticker": "DAR",
        "geography": "US",
        "content_name": "DAR Q3 2024 Presentation",
        "file_type": "pdf",
        "content_type": "earnings_presentation",
        "published_date": "2024-10-24",
        "fiscal_date": "2024-10-24",
        "fiscal_year": 2024,
        "fiscal_quarter": 3,
        "r2_url": "https://pub-2c783279b61043e19fbdadd1bee5153a.r2.dev/DAR/2024-10-24/b025f-2024-10-24-11-26-06/b025f-2024-10-24-11-26-06.pdf/b025f-2024-10-24-11-26-06.pdf",
        "periodicity": "periodic"
    },
    {
        "equity_ticker": "DAR",
        "geography": "US",
        "content_name": "DAR Q2 2024 Transcript",
        "file_type": "pdf",
        "content_type": "earnings_transcript",
        "published_date": "2024-07-25",
        "fiscal_date": "2024-07-25",
        "fiscal_year": 2024,
        "fiscal_quarter": 2,
        "r2_url": "https://pub-2c783279b61043e19fbdadd1bee5153a.r2.dev/DAR/2024-07-25/Darling%20Ingredients%20Inc._2024-07-25_transcript/Darling%20Ingredients%20Inc._2024-07-25_transcript.pdf/Darling%20Ingredients%20Inc._2024-07-25_transcript.pdf",
        "periodicity": "periodic"
    },
    {
        "equity_ticker": "DAR",
        "geography": "US",
        "content_name": "DAR Q2 2024 Press Release",
        "file_type": "pdf",
        "content_type": "earnings_press_release",
        "published_date": "2024-07-25",
        "fiscal_date": "2024-07-25",
        "fiscal_year": 2024,
        "fiscal_quarter": 2,
        "r2_url": "https://pub-2c783279b61043e19fbdadd1bee5153a.r2.dev/DAR/2024-07-25/93cc5-2024-07-25-12-49-36/93cc5-2024-07-25-12-49-36.pdf/93cc5-2024-07-25-12-49-36.pdf",
        "periodicity": "periodic"
    },
    {
        "equity_ticker": "DAR",
        "geography": "US",
        "content_name": "DAR Q2 2024 Presentation",
        "file_type": "pdf",
        "content_type": "earnings_presentation",
        "published_date": "2024-07-25",
        "fiscal_date": "2024-07-25",
        "fiscal_year": 2024,
        "fiscal_quarter": 2,
        "r2_url": "https://pub-2c783279b61043e19fbdadd1bee5153a.r2.dev/DAR/2024-07-25/1bbec-2024-07-25-11-02-10/1bbec-2024-07-25-11-02-10.pdf/1bbec-2024-07-25-11-02-10.pdf",
        "periodicity": "periodic"
    },
    {
        "equity_ticker": "DAR",
        "geography": "US",
        "content_name": "TD. Cowen Sustainability & Energy Transition Summit-Virtual - May 22, 2024",
        "file_type": "pdf",
        "content_type": "company_conference_transcript",
        "published_date": "2024-05-22",
        "fiscal_date": "2024-05-22",
        "fiscal_year": 0,
        "fiscal_quarter": 0,
        "r2_url": "https://pub-2c783279b61043e19fbdadd1bee5153a.r2.dev/DAR/2024-05-22/Darling%20Ingredients%20Inc._2024-05-22_transcript/Darling%20Ingredients%20Inc._2024-05-22_transcript.pdf/Darling%20Ingredients%20Inc._2024-05-22_transcript.pdf",
        "periodicity": "non_periodic"
    },
    {
        "equity_ticker": "DAR",
        "geography": "US",
        "content_name": "19th Annual Global Farm to Market Conference - May 15, 2024",
        "file_type": "pdf",
        "content_type": "company_conference_transcript",
        "published_date": "2024-05-15",
        "fiscal_date": "2024-05-15",
        "fiscal_year": 0,
        "fiscal_quarter": 0,
        "r2_url": "https://pub-2c783279b61043e19fbdadd1bee5153a.r2.dev/DAR/2024-05-15/Darling%20Ingredients%20Inc._2024-05-15_transcript/Darling%20Ingredients%20Inc._2024-05-15_transcript.pdf/Darling%20Ingredients%20Inc._2024-05-15_transcript.pdf",
        "periodicity": "non_periodic"
    },
    {
        "equity_ticker": "DAR",
        "geography": "US",
        "content_name": "DAR Q1 2024 Transcript",
        "file_type": "pdf",
        "content_type": "earnings_transcript",
        "published_date": "2024-04-25",
        "fiscal_date": "2024-04-25",
        "fiscal_year": 2024,
        "fiscal_quarter": 1,
        "r2_url": "https://pub-2c783279b61043e19fbdadd1bee5153a.r2.dev/DAR/2024-04-25/Darling%20Ingredients%20Inc._2024-04-25_transcript/Darling%20Ingredients%20Inc._2024-04-25_transcript.pdf/Darling%20Ingredients%20Inc._2024-04-25_transcript.pdf",
        "periodicity": "periodic"
    },
    {
        "equity_ticker": "DAR",
        "geography": "US",
        "content_name": "DAR Q1 2024 Press Release",
        "file_type": "pdf",
        "content_type": "earnings_press_release",
        "published_date": "2024-04-25",
        "fiscal_date": "2024-04-25",
        "fiscal_year": 2024,
        "fiscal_quarter": 1,
        "r2_url": "https://pub-2c783279b61043e19fbdadd1bee5153a.r2.dev/DAR/2024-04-25/e8db4-2024-04-25-12-14-37/e8db4-2024-04-25-12-14-37.pdf/e8db4-2024-04-25-12-14-37.pdf",
        "periodicity": "periodic"
    },
    {
        "equity_ticker": "DAR",
        "geography": "US",
        "content_name": "DAR Q1 2024 Presentation",
        "file_type": "pdf",
        "content_type": "earnings_presentation",
        "published_date": "2024-04-25",
        "fiscal_date": "2024-04-25",
        "fiscal_year": 2024,
        "fiscal_quarter": 1,
        "r2_url": "https://pub-2c783279b61043e19fbdadd1bee5153a.r2.dev/DAR/2024-04-25/919f8-2024-04-25-11-21-06/919f8-2024-04-25-11-21-06.pdf/919f8-2024-04-25-11-21-06.pdf",
        "periodicity": "periodic"
    },
    {
        "equity_ticker": "DAR",
        "geography": "US",
        "content_name": "45th Annual Raymond James Institutional Investors Conference 2024 - March 4, 2024",
        "file_type": "pdf",
        "content_type": "company_conference_transcript",
        "published_date": "2024-03-04",
        "fiscal_date": "2024-03-04",
        "fiscal_year": 0,
        "fiscal_quarter": 0,
        "r2_url": "https://pub-2c783279b61043e19fbdadd1bee5153a.r2.dev/DAR/2024-03-04/Darling%20Ingredients%20Inc._2024-03-04_transcript/Darling%20Ingredients%20Inc._2024-03-04_transcript.pdf/Darling%20Ingredients%20Inc._2024-03-04_transcript.pdf",
        "periodicity": "non_periodic"
    },
    {
        "equity_ticker": "DAR",
        "geography": "US",
        "content_name": "DAR Q4 2023 Transcript",
        "file_type": "pdf",
        "content_type": "earnings_transcript",
        "published_date": "2024-02-28",
        "fiscal_date": "2024-02-28",
        "fiscal_year": 2023,
        "fiscal_quarter": 4,
        "r2_url": "https://pub-2c783279b61043e19fbdadd1bee5153a.r2.dev/DAR/2024-02-28/Darling%20Ingredients%20Inc._2024-02-28_transcript/Darling%20Ingredients%20Inc._2024-02-28_transcript.pdf/Darling%20Ingredients%20Inc._2024-02-28_transcript.pdf",
        "periodicity": "periodic"
    },
    {
        "equity_ticker": "DAR",
        "geography": "US",
        "content_name": "DAR Q4 2023 Press Release",
        "file_type": "pdf",
        "content_type": "earnings_press_release",
        "published_date": "2024-02-28",
        "fiscal_date": "2024-02-28",
        "fiscal_year": 2023,
        "fiscal_quarter": 4,
        "r2_url": "https://pub-2c783279b61043e19fbdadd1bee5153a.r2.dev/DAR/2024-02-28/058cf-2024-02-27-09-34-54/058cf-2024-02-27-09-34-54.pdf/058cf-2024-02-27-09-34-54.pdf",
        "periodicity": "periodic"
    },
    {
        "equity_ticker": "DAR",
        "geography": "US",
        "content_name": "DAR Q4 2023 Presentation",
        "file_type": "pdf",
        "content_type": "earnings_presentation",
        "published_date": "2024-02-28",
        "fiscal_date": "2024-02-28",
        "fiscal_year": 2023,
        "fiscal_quarter": 4,
        "r2_url": "https://pub-2c783279b61043e19fbdadd1bee5153a.r2.dev/DAR/2024-02-28/dc671-2024-02-27-10-29-26/dc671-2024-02-27-10-29-26.pdf/dc671-2024-02-27-10-29-26.pdf",
        "periodicity": "periodic"
    },
    {
        "equity_ticker": "DAR",
        "geography": "US",
        "content_name": "DAR Q3 2023 Transcript",
        "file_type": "pdf",
        "content_type": "earnings_transcript",
        "published_date": "2023-11-08",
        "fiscal_date": "2023-11-08",
        "fiscal_year": 2023,
        "fiscal_quarter": 3,
        "r2_url": "https://pub-2c783279b61043e19fbdadd1bee5153a.r2.dev/DAR/2023-11-08/Darling%20Ingredients%20Inc._2023-11-08_transcript/Darling%20Ingredients%20Inc._2023-11-08_transcript.pdf/Darling%20Ingredients%20Inc._2023-11-08_transcript.pdf",
        "periodicity": "periodic"
    },
    {
        "equity_ticker": "DAR",
        "geography": "US",
        "content_name": "DAR Q3 2023 Press Release",
        "file_type": "pdf",
        "content_type": "earnings_press_release",
        "published_date": "2023-11-08",
        "fiscal_date": "2023-11-08",
        "fiscal_year": 2023,
        "fiscal_quarter": 3,
        "r2_url": "https://pub-2c783279b61043e19fbdadd1bee5153a.r2.dev/DAR/2023-11-08/990d0-2023-11-07-09-45-27/990d0-2023-11-07-09-45-27.pdf/990d0-2023-11-07-09-45-27.pdf",
        "periodicity": "periodic"
    },
    {
        "equity_ticker": "DAR",
        "geography": "US",
        "content_name": "DAR Q3 2023 Presentation",
        "file_type": "pdf",
        "content_type": "earnings_presentation",
        "published_date": "2023-11-08",
        "fiscal_date": "2023-11-08",
        "fiscal_year": 2023,
        "fiscal_quarter": 3,
        "r2_url": "https://pub-2c783279b61043e19fbdadd1bee5153a.r2.dev/DAR/2023-11-08/ec9e4-2023-11-08-12-42-17/ec9e4-2023-11-08-12-42-17.pdf/ec9e4-2023-11-08-12-42-17.pdf",
        "periodicity": "periodic"
    },
    {
        "equity_ticker": "DAR",
        "geography": "US",
        "content_name": "DAR Q2 2023 Transcript",
        "file_type": "pdf",
        "content_type": "earnings_transcript",
        "published_date": "2023-08-09",
        "fiscal_date": "2023-08-09",
        "fiscal_year": 2023,
        "fiscal_quarter": 2,
        "r2_url": "https://pub-2c783279b61043e19fbdadd1bee5153a.r2.dev/DAR/2023-08-09/Darling%20Ingredients%20Inc._2023-08-09_transcript/Darling%20Ingredients%20Inc._2023-08-09_transcript.pdf/Darling%20Ingredients%20Inc._2023-08-09_transcript.pdf",
        "periodicity": "periodic"
    },
    {
        "equity_ticker": "DAR",
        "geography": "US",
        "content_name": "DAR Q2 2023 Press Release",
        "file_type": "pdf",
        "content_type": "earnings_press_release",
        "published_date": "2023-08-09",
        "fiscal_date": "2023-08-09",
        "fiscal_year": 2023,
        "fiscal_quarter": 2,
        "r2_url": "https://pub-2c783279b61043e19fbdadd1bee5153a.r2.dev/DAR/2023-08-09/a08d4-2023-08-08-09-13-20/a08d4-2023-08-08-09-13-20.pdf/a08d4-2023-08-08-09-13-20.pdf",
        "periodicity": "periodic"
    },
    {
        "equity_ticker": "DAR",
        "geography": "US",
        "content_name": "DAR Q2 2023 Presentation",
        "file_type": "pdf",
        "content_type": "earnings_presentation",
        "published_date": "2023-08-09",
        "fiscal_date": "2023-08-09",
        "fiscal_year": 2023,
        "fiscal_quarter": 2,
        "r2_url": "https://pub-2c783279b61043e19fbdadd1bee5153a.r2.dev/DAR/2023-08-09/f2412-2023-08-09-07-14-55/f2412-2023-08-09-07-14-55.pdf/f2412-2023-08-09-07-14-55.pdf",
        "periodicity": "periodic"
    },
    {
        "equity_ticker": "DAR",
        "geography": "US",
        "content_name": "DAR Q1 2023 Transcript",
        "file_type": "pdf",
        "content_type": "earnings_transcript",
        "published_date": "2023-05-10",
        "fiscal_date": "2023-05-10",
        "fiscal_year": 2023,
        "fiscal_quarter": 1,
        "r2_url": "https://pub-2c783279b61043e19fbdadd1bee5153a.r2.dev/DAR/2023-05-10/Darling%20Ingredients%20Inc._2023-05-10_transcript/Darling%20Ingredients%20Inc._2023-05-10_transcript.pdf/Darling%20Ingredients%20Inc._2023-05-10_transcript.pdf",
        "periodicity": "periodic"
    },
    {
        "equity_ticker": "DAR",
        "geography": "US",
        "content_name": "DAR Q1 2023 Press Release",
        "file_type": "pdf",
        "content_type": "earnings_press_release",
        "published_date": "2023-05-10",
        "fiscal_date": "2023-05-10",
        "fiscal_year": 2023,
        "fiscal_quarter": 1,
        "r2_url": "https://pub-2c783279b61043e19fbdadd1bee5153a.r2.dev/DAR/2023-05-10/d4f21-2023-05-09-09-57-51/d4f21-2023-05-09-09-57-51.pdf/d4f21-2023-05-09-09-57-51.pdf",
        "periodicity": "periodic"
    },
    {
        "equity_ticker": "DAR",
        "geography": "US",
        "content_name": "DAR Q1 2023 Presentation",
        "file_type": "pdf",
        "content_type": "earnings_presentation",
        "published_date": "2023-05-10",
        "fiscal_date": "2023-05-10",
        "fiscal_year": 2023,
        "fiscal_quarter": 1,
        "r2_url": "https://pub-2c783279b61043e19fbdadd1bee5153a.r2.dev/DAR/2023-05-10/7f315-2023-05-09-09-34-52/7f315-2023-05-09-09-34-52.pdf/7f315-2023-05-09-09-34-52.pdf",
        "periodicity": "periodic"
    },
    {
        "equity_ticker": "DAR",
        "geography": "US",
        "content_name": "ROTH Conference - March 13, 2023",
        "file_type": "pdf",
        "content_type": "company_conference_transcript",
        "published_date": "2023-03-13",
        "fiscal_date": "2023-03-13",
        "fiscal_year": 0,
        "fiscal_quarter": 0,
        "r2_url": "https://pub-2c783279b61043e19fbdadd1bee5153a.r2.dev/DAR/2023-03-13/Darling%20Ingredients%20Inc._2023-03-13_transcript/Darling%20Ingredients%20Inc._2023-03-13_transcript.pdf/Darling%20Ingredients%20Inc._2023-03-13_transcript.pdf",
        "periodicity": "non_periodic"
    },
    {
        "equity_ticker": "DAR",
        "geography": "US",
        "content_name": "Scotia Howard Weil Energy Conference - March 7, 2023",
        "file_type": "pdf",
        "content_type": "company_conference_transcript",
        "published_date": "2023-03-07",
        "fiscal_date": "2023-03-07",
        "fiscal_year": 0,
        "fiscal_quarter": 0,
        "r2_url": "https://pub-2c783279b61043e19fbdadd1bee5153a.r2.dev/DAR/2023-03-07/Darling%20Ingredients%20Inc._2023-03-07_transcript/Darling%20Ingredients%20Inc._2023-03-07_transcript.pdf/Darling%20Ingredients%20Inc._2023-03-07_transcript.pdf",
        "periodicity": "non_periodic"
    },
    {
        "equity_ticker": "DAR",
        "geography": "US",
        "content_name": "DAR Q4 2022 Transcript",
        "file_type": "pdf",
        "content_type": "earnings_transcript",
        "published_date": "2023-02-28",
        "fiscal_date": "2023-02-28",
        "fiscal_year": 2022,
        "fiscal_quarter": 4,
        "r2_url": "https://pub-2c783279b61043e19fbdadd1bee5153a.r2.dev/DAR/2023-02-28/Darling%20Ingredients%20Inc._2023-02-28_transcript/Darling%20Ingredients%20Inc._2023-02-28_transcript.pdf/Darling%20Ingredients%20Inc._2023-02-28_transcript.pdf",
        "periodicity": "periodic"
    },
    {
        "equity_ticker": "DAR",
        "geography": "US",
        "content_name": "DAR Q4 2022 Press Release",
        "file_type": "pdf",
        "content_type": "earnings_press_release",
        "published_date": "2023-02-28",
        "fiscal_date": "2023-02-28",
        "fiscal_year": 2022,
        "fiscal_quarter": 4,
        "r2_url": "https://pub-2c783279b61043e19fbdadd1bee5153a.r2.dev/DAR/2023-02-28/81bcc-2023-02-27-11-29-29/81bcc-2023-02-27-11-29-29.pdf/81bcc-2023-02-27-11-29-29.pdf",
        "periodicity": "periodic"
    },
    {
        "equity_ticker": "DAR",
        "geography": "US",
        "content_name": "DAR Q4 2022 Presentation",
        "file_type": "pdf",
        "content_type": "earnings_presentation",
        "published_date": "2023-02-28",
        "fiscal_date": "2023-02-28",
        "fiscal_year": 2022,
        "fiscal_quarter": 4,
        "r2_url": "https://pub-2c783279b61043e19fbdadd1bee5153a.r2.dev/DAR/2023-02-28/41e39-2023-02-27-11-14-30/41e39-2023-02-27-11-14-30.pdf/41e39-2023-02-27-11-14-30.pdf",
        "periodicity": "periodic"
    },
    {
        "equity_ticker": "DAR",
        "geography": "US",
        "content_name": "Goldman Sachs Energy Conference - January 5, 2023",
        "file_type": "pdf",
        "content_type": "company_conference_transcript",
        "published_date": "2023-01-05",
        "fiscal_date": "2023-01-05",
        "fiscal_year": 0,
        "fiscal_quarter": 0,
        "r2_url": "https://pub-2c783279b61043e19fbdadd1bee5153a.r2.dev/DAR/2023-01-05/Darling%20Ingredients%20Inc._2023-01-05_transcript/Darling%20Ingredients%20Inc._2023-01-05_transcript.pdf/Darling%20Ingredients%20Inc._2023-01-05_transcript.pdf",
        "periodicity": "non_periodic"
    },
    {
        "equity_ticker": "DAR",
        "geography": "US",
        "content_name": "DAR Q3 2022 Transcript",
        "file_type": "pdf",
        "content_type": "earnings_transcript",
        "published_date": "2022-11-09",
        "fiscal_date": "2022-11-09",
        "fiscal_year": 2022,
        "fiscal_quarter": 3,
        "r2_url": "https://pub-2c783279b61043e19fbdadd1bee5153a.r2.dev/DAR/2022-11-09/Darling%20Ingredients%20Inc._2022-11-09_transcript/Darling%20Ingredients%20Inc._2022-11-09_transcript.pdf/Darling%20Ingredients%20Inc._2022-11-09_transcript.pdf",
        "periodicity": "periodic"
    },
    {
        "equity_ticker": "DAR",
        "geography": "US",
        "content_name": "DAR Q3 2022 Press Release",
        "file_type": "pdf",
        "content_type": "quarterly_report",
        "published_date": "2022-11-09",
        "fiscal_date": "2022-11-09",
        "fiscal_year": 2022,
        "fiscal_quarter": 3,
        "r2_url": "https://pub-2c783279b61043e19fbdadd1bee5153a.r2.dev/DAR/2022-11-09/eae93-2024-08-28-11-41-23/eae93-2024-08-28-11-41-23.pdf/eae93-2024-08-28-11-41-23.pdf",
        "periodicity": "periodic"
    },
    {
        "equity_ticker": "DAR",
        "geography": "US",
        "content_name": "DAR Q3 2022 Presentation",
        "file_type": "pdf",
        "content_type": "earnings_presentation",
        "published_date": "2022-11-09",
        "fiscal_date": "2022-11-09",
        "fiscal_year": 2022,
        "fiscal_quarter": 3,
        "r2_url": "https://pub-2c783279b61043e19fbdadd1bee5153a.r2.dev/DAR/2022-11-09/cd463-2022-11-09-03-23-20/cd463-2022-11-09-03-23-20.pdf/cd463-2022-11-09-03-23-20.pdf",
        "periodicity": "periodic"
    },
    {
        "equity_ticker": "DAR",
        "geography": "US",
        "content_name": "M&A Announcement - October 18, 2022",
        "file_type": "pdf",
        "content_type": "company_conference_transcript",
        "published_date": "2022-10-18",
        "fiscal_date": "2022-10-18",
        "fiscal_year": 0,
        "fiscal_quarter": 0,
        "r2_url": "https://pub-2c783279b61043e19fbdadd1bee5153a.r2.dev/DAR/2022-10-18/Darling%20Ingredients%20Inc._2022-10-18_transcript/Darling%20Ingredients%20Inc._2022-10-18_transcript.pdf/Darling%20Ingredients%20Inc._2022-10-18_transcript.pdf",
        "periodicity": "non_periodic"
    },
    {
        "equity_ticker": "DAR",
        "geography": "US",
        "content_name": "M&A Announcement - October 18, 2022",
        "file_type": "pdf",
        "content_type": "company_conference_press_release",
        "published_date": "2022-10-18",
        "fiscal_date": "2022-10-18",
        "fiscal_year": 0,
        "fiscal_quarter": 0,
        "r2_url": "https://pub-2c783279b61043e19fbdadd1bee5153a.r2.dev/DAR/2022-10-18/04764-2025-02-20-01-51-42/04764-2025-02-20-01-51-42.pdf/04764-2025-02-20-01-51-42.pdf",
        "periodicity": "non_periodic"
    },
    {
        "equity_ticker": "DAR",
        "geography": "US",
        "content_name": "DAR Q2 2022 Transcript",
        "file_type": "pdf",
        "content_type": "earnings_transcript",
        "published_date": "2022-08-10",
        "fiscal_date": "2022-08-10",
        "fiscal_year": 2022,
        "fiscal_quarter": 2,
        "r2_url": "https://pub-2c783279b61043e19fbdadd1bee5153a.r2.dev/DAR/2022-08-10/Darling%20Ingredients%20Inc._2022-08-10_transcript/Darling%20Ingredients%20Inc._2022-08-10_transcript.pdf/Darling%20Ingredients%20Inc._2022-08-10_transcript.pdf",
        "periodicity": "periodic"
    },
    {
        "equity_ticker": "DAR",
        "geography": "US",
        "content_name": "DAR Q2 2022 Press Release",
        "file_type": "pdf",
        "content_type": "earnings_press_release",
        "published_date": "2022-08-10",
        "fiscal_date": "2022-08-10",
        "fiscal_year": 2022,
        "fiscal_quarter": 2,
        "r2_url": "https://pub-2c783279b61043e19fbdadd1bee5153a.r2.dev/DAR/2022-08-10/2e4a8-2022-08-10-11-55-30/2e4a8-2022-08-10-11-55-30.pdf/2e4a8-2022-08-10-11-55-30.pdf",
        "periodicity": "periodic"
    },
    {
        "equity_ticker": "DAR",
        "geography": "US",
        "content_name": "DAR Q2 2022 Presentation",
        "file_type": "pdf",
        "content_type": "earnings_presentation",
        "published_date": "2022-08-10",
        "fiscal_date": "2022-08-10",
        "fiscal_year": 2022,
        "fiscal_quarter": 2,
        "r2_url": "https://pub-2c783279b61043e19fbdadd1bee5153a.r2.dev/DAR/2022-08-10/68fe6-2022-08-10-11-55-30/68fe6-2022-08-10-11-55-30.pdf/68fe6-2022-08-10-11-55-30.pdf",
        "periodicity": "periodic"
    },
    {
        "equity_ticker": "DAR",
        "geography": "US",
        "content_name": "DAR Q1 2022 Transcript",
        "file_type": "pdf",
        "content_type": "earnings_transcript",
        "published_date": "2022-05-11",
        "fiscal_date": "2022-05-11",
        "fiscal_year": 2022,
        "fiscal_quarter": 1,
        "r2_url": "https://pub-2c783279b61043e19fbdadd1bee5153a.r2.dev/DAR/2022-05-11/Darling%20Ingredients%20Inc._2022-05-11_transcript/Darling%20Ingredients%20Inc._2022-05-11_transcript.pdf/Darling%20Ingredients%20Inc._2022-05-11_transcript.pdf",
        "periodicity": "periodic"
    },
    {
        "equity_ticker": "DAR",
        "geography": "US",
        "content_name": "DAR Q1 2022 Press Release",
        "file_type": "pdf",
        "content_type": "quarterly_report",
        "published_date": "2022-05-11",
        "fiscal_date": "2022-05-11",
        "fiscal_year": 2022,
        "fiscal_quarter": 1,
        "r2_url": "https://pub-2c783279b61043e19fbdadd1bee5153a.r2.dev/DAR/2022-05-11/29d19-2024-08-28-11-57-23/29d19-2024-08-28-11-57-23.pdf/29d19-2024-08-28-11-57-23.pdf",
        "periodicity": "periodic"
    },
    {
        "equity_ticker": "DAR",
        "geography": "US",
        "content_name": "DAR Q1 2022 Presentation",
        "file_type": "pdf",
        "content_type": "earnings_presentation",
        "published_date": "2022-05-11",
        "fiscal_date": "2022-05-11",
        "fiscal_year": 2022,
        "fiscal_quarter": 1,
        "r2_url": "https://pub-2c783279b61043e19fbdadd1bee5153a.r2.dev/DAR/2022-05-11/14da0-2022-05-28-03-38-58/14da0-2022-05-28-03-38-58.pdf/14da0-2022-05-28-03-38-58.pdf",
        "periodicity": "periodic"
    },
    {
        "equity_ticker": "DAR",
        "geography": "US",
        "content_name": "DAR Q4 2021 Transcript",
        "file_type": "pdf",
        "content_type": "earnings_transcript",
        "published_date": "2022-03-01",
        "fiscal_date": "2022-03-01",
        "fiscal_year": 2021,
        "fiscal_quarter": 4,
        "r2_url": "https://pub-2c783279b61043e19fbdadd1bee5153a.r2.dev/DAR/2022-03-01/Darling%20Ingredients%20Inc._2022-03-01_transcript/Darling%20Ingredients%20Inc._2022-03-01_transcript.pdf/Darling%20Ingredients%20Inc._2022-03-01_transcript.pdf",
        "periodicity": "periodic"
    },
    {
        "equity_ticker": "DAR",
        "geography": "US",
        "content_name": "DAR Q4 2021 Presentation",
        "file_type": "pdf",
        "content_type": "earnings_presentation",
        "published_date": "2022-03-01",
        "fiscal_date": "2022-03-01",
        "fiscal_year": 2021,
        "fiscal_quarter": 4,
        "r2_url": "https://pub-2c783279b61043e19fbdadd1bee5153a.r2.dev/DAR/2022-03-01/fb507-2022-03-01-10-11-54-migrated/fb507-2022-03-01-10-11-54-migrated.pdf/fb507-2022-03-01-10-11-54-migrated.pdf",
        "periodicity": "periodic"
    },
    {
        "equity_ticker": "DAR",
        "geography": "US",
        "content_name": "DAR Q3 2021 Transcript",
        "file_type": "pdf",
        "content_type": "earnings_transcript",
        "published_date": "2021-11-10",
        "fiscal_date": "2021-11-10",
        "fiscal_year": 2021,
        "fiscal_quarter": 3,
        "r2_url": "https://pub-2c783279b61043e19fbdadd1bee5153a.r2.dev/DAR/2021-11-10/Darling%20Ingredients%20Inc._2021-11-10_transcript/Darling%20Ingredients%20Inc._2021-11-10_transcript.pdf/Darling%20Ingredients%20Inc._2021-11-10_transcript.pdf",
        "periodicity": "periodic"
    },
    {
        "equity_ticker": "DAR",
        "geography": "US",
        "content_name": "DAR Q3 2021 Press Release",
        "file_type": "pdf",
        "content_type": "quarterly_report",
        "published_date": "2021-11-10",
        "fiscal_date": "2021-11-10",
        "fiscal_year": 2021,
        "fiscal_quarter": 3,
        "r2_url": "https://pub-2c783279b61043e19fbdadd1bee5153a.r2.dev/DAR/2021-11-10/c98d1-2024-08-28-11-41-23/c98d1-2024-08-28-11-41-23.pdf/c98d1-2024-08-28-11-41-23.pdf",
        "periodicity": "periodic"
    },
    {
        "equity_ticker": "DAR",
        "geography": "US",
        "content_name": "DAR Q3 2021 Presentation",
        "file_type": "pdf",
        "content_type": "earnings_presentation",
        "published_date": "2021-11-10",
        "fiscal_date": "2021-11-10",
        "fiscal_year": 2021,
        "fiscal_quarter": 3,
        "r2_url": "https://pub-2c783279b61043e19fbdadd1bee5153a.r2.dev/DAR/2021-11-10/e265e-2021-11-10-12-00-00-migrated/e265e-2021-11-10-12-00-00-migrated.pdf/e265e-2021-11-10-12-00-00-migrated.pdf",
        "periodicity": "periodic"
    },
    {
        "equity_ticker": "DAR",
        "geography": "US",
        "content_name": "DAR Q2 2021 Transcript",
        "file_type": "pdf",
        "content_type": "earnings_transcript",
        "published_date": "2021-08-11",
        "fiscal_date": "2021-08-11",
        "fiscal_year": 2021,
        "fiscal_quarter": 2,
        "r2_url": "https://pub-2c783279b61043e19fbdadd1bee5153a.r2.dev/DAR/2021-08-11/Darling%20Ingredients%20Inc._2021-08-11_transcript/Darling%20Ingredients%20Inc._2021-08-11_transcript.pdf/Darling%20Ingredients%20Inc._2021-08-11_transcript.pdf",
        "periodicity": "periodic"
    },
    {
        "equity_ticker": "DAR",
        "geography": "US",
        "content_name": "DAR Q2 2021 Press Release",
        "file_type": "pdf",
        "content_type": "earnings_press_release",
        "published_date": "2021-08-11",
        "fiscal_date": "2021-08-11",
        "fiscal_year": 2021,
        "fiscal_quarter": 2,
        "r2_url": "https://pub-2c783279b61043e19fbdadd1bee5153a.r2.dev/DAR/2021-08-11/a850a-2024-08-22-06-12-24/a850a-2024-08-22-06-12-24.pdf/a850a-2024-08-22-06-12-24.pdf",
        "periodicity": "periodic"
    },
    {
        "equity_ticker": "DAR",
        "geography": "US",
        "content_name": "DAR Q2 2021 Presentation",
        "file_type": "pdf",
        "content_type": "earnings_presentation",
        "published_date": "2021-08-11",
        "fiscal_date": "2021-08-11",
        "fiscal_year": 2021,
        "fiscal_quarter": 2,
        "r2_url": "https://pub-2c783279b61043e19fbdadd1bee5153a.r2.dev/DAR/2021-08-11/ec75c-2021-08-11-10-00-02-migrated/ec75c-2021-08-11-10-00-02-migrated.pdf/ec75c-2021-08-11-10-00-02-migrated.pdf",
        "periodicity": "periodic"
    },
    {
        "equity_ticker": "DAR",
        "geography": "US",
        "content_name": "DAR Q1 2021 Transcript",
        "file_type": "pdf",
        "content_type": "earnings_transcript",
        "published_date": "2021-05-12",
        "fiscal_date": "2021-05-12",
        "fiscal_year": 2021,
        "fiscal_quarter": 1,
        "r2_url": "https://pub-2c783279b61043e19fbdadd1bee5153a.r2.dev/DAR/2021-05-12/Darling%20Ingredients%20Inc._2021-05-12_transcript/Darling%20Ingredients%20Inc._2021-05-12_transcript.pdf/Darling%20Ingredients%20Inc._2021-05-12_transcript.pdf",
        "periodicity": "periodic"
    },
    {
        "equity_ticker": "DAR",
        "geography": "US",
        "content_name": "DAR Q1 2021 Press Release",
        "file_type": "pdf",
        "content_type": "earnings_press_release",
        "published_date": "2021-05-12",
        "fiscal_date": "2021-05-12",
        "fiscal_year": 2021,
        "fiscal_quarter": 1,
        "r2_url": "https://pub-2c783279b61043e19fbdadd1bee5153a.r2.dev/DAR/2021-05-12/38167-2023-01-25-09-19-06/38167-2023-01-25-09-19-06.pdf/38167-2023-01-25-09-19-06.pdf",
        "periodicity": "periodic"
    },
    {
        "equity_ticker": "DAR",
        "geography": "US",
        "content_name": "DAR Q1 2021 Presentation",
        "file_type": "pdf",
        "content_type": "earnings_presentation",
        "published_date": "2021-05-12",
        "fiscal_date": "2021-05-12",
        "fiscal_year": 2021,
        "fiscal_quarter": 1,
        "r2_url": "https://pub-2c783279b61043e19fbdadd1bee5153a.r2.dev/DAR/2021-05-12/89984-2021-05-12-07-30-30-migrated/89984-2021-05-12-07-30-30-migrated.pdf/89984-2021-05-12-07-30-30-migrated.pdf",
        "periodicity": "periodic"
    },
    {
        "equity_ticker": "DAR",
        "geography": "US",
        "content_name": "DAR Q4 2020 Transcript",
        "file_type": "pdf",
        "content_type": "earnings_transcript",
        "published_date": "2021-03-02",
        "fiscal_date": "2021-03-02",
        "fiscal_year": 2020,
        "fiscal_quarter": 4,
        "r2_url": "https://pub-2c783279b61043e19fbdadd1bee5153a.r2.dev/DAR/2021-03-02/Darling%20Ingredients%20Inc._2021-03-02_transcript/Darling%20Ingredients%20Inc._2021-03-02_transcript.pdf/Darling%20Ingredients%20Inc._2021-03-02_transcript.pdf",
        "periodicity": "periodic"
    },
    {
        "equity_ticker": "DAR",
        "geography": "US",
        "content_name": "DAR Q4 2020 Press Release",
        "file_type": "pdf",
        "content_type": "annual_report",
        "published_date": "2021-03-02",
        "fiscal_date": "2021-03-02",
        "fiscal_year": 2020,
        "fiscal_quarter": 4,
        "r2_url": "https://pub-2c783279b61043e19fbdadd1bee5153a.r2.dev/DAR/2021-03-02/fab79-2023-09-04-03-05-59/fab79-2023-09-04-03-05-59.pdf/fab79-2023-09-04-03-05-59.pdf",
        "periodicity": "periodic"
    },
    {
        "equity_ticker": "DAR",
        "geography": "US",
        "content_name": "DAR Q3 2020 Transcript",
        "file_type": "pdf",
        "content_type": "earnings_transcript",
        "published_date": "2020-11-07",
        "fiscal_date": "2020-11-07",
        "fiscal_year": 2020,
        "fiscal_quarter": 3,
        "r2_url": "https://pub-2c783279b61043e19fbdadd1bee5153a.r2.dev/DAR/2020-11-07/Darling%20Ingredients%20Inc._2020-11-07_transcript/Darling%20Ingredients%20Inc._2020-11-07_transcript.pdf/Darling%20Ingredients%20Inc._2020-11-07_transcript.pdf",
        "periodicity": "periodic"
    },
    {
        "equity_ticker": "DAR",
        "geography": "US",
        "content_name": "DAR Q2 2020 Transcript",
        "file_type": "pdf",
        "content_type": "earnings_transcript",
        "published_date": "2020-08-08",
        "fiscal_date": "2020-08-08",
        "fiscal_year": 2020,
        "fiscal_quarter": 2,
        "r2_url": "https://pub-2c783279b61043e19fbdadd1bee5153a.r2.dev/DAR/2020-08-08/Darling%20Ingredients%20Inc._2020-08-08_transcript/Darling%20Ingredients%20Inc._2020-08-08_transcript.pdf/Darling%20Ingredients%20Inc._2020-08-08_transcript.pdf",
        "periodicity": "periodic"
    },
    {
        "equity_ticker": "DAR",
        "geography": "US",
        "content_name": "DAR Q1 2020 Transcript",
        "file_type": "pdf",
        "content_type": "earnings_transcript",
        "published_date": "2020-05-10",
        "fiscal_date": "2020-05-10",
        "fiscal_year": 2020,
        "fiscal_quarter": 1,
        "r2_url": "https://pub-2c783279b61043e19fbdadd1bee5153a.r2.dev/DAR/2020-05-10/Darling%20Ingredients%20Inc._2020-05-10_transcript/Darling%20Ingredients%20Inc._2020-05-10_transcript.pdf/Darling%20Ingredients%20Inc._2020-05-10_transcript.pdf",
        "periodicity": "periodic"
    },
    {
        "equity_ticker": "DAR",
        "geography": "US",
        "content_name": "DAR Q4 2019 Transcript",
        "file_type": "pdf",
        "content_type": "earnings_transcript",
        "published_date": "2020-02-25",
        "fiscal_date": "2020-02-25",
        "fiscal_year": 2019,
        "fiscal_quarter": 4,
        "r2_url": "https://pub-2c783279b61043e19fbdadd1bee5153a.r2.dev/DAR/2020-02-25/Darling%20Ingredients%20Inc._2020-02-25_transcript/Darling%20Ingredients%20Inc._2020-02-25_transcript.pdf/Darling%20Ingredients%20Inc._2020-02-25_transcript.pdf",
        "periodicity": "periodic"
    },
    {
        "equity_ticker": "DAR",
        "geography": "US",
        "content_name": "DAR Q4 2019 Press Release",
        "file_type": "pdf",
        "content_type": "annual_report",
        "published_date": "2020-02-25",
        "fiscal_date": "2020-02-25",
        "fiscal_year": 2019,
        "fiscal_quarter": 4,
        "r2_url": "https://pub-2c783279b61043e19fbdadd1bee5153a.r2.dev/DAR/2020-02-25/6549d-2023-09-04-03-24-59/6549d-2023-09-04-03-24-59.pdf/6549d-2023-09-04-03-24-59.pdf",
        "periodicity": "periodic"
    },
    {
        "equity_ticker": "DAR",
        "geography": "US",
        "content_name": "DAR Q3 2019 Transcript",
        "file_type": "pdf",
        "content_type": "earnings_transcript",
        "published_date": "2019-11-07",
        "fiscal_date": "2019-11-07",
        "fiscal_year": 2019,
        "fiscal_quarter": 3,
        "r2_url": "https://pub-2c783279b61043e19fbdadd1bee5153a.r2.dev/DAR/2019-11-07/Darling%20Ingredients%20Inc._2019-11-07_transcript/Darling%20Ingredients%20Inc._2019-11-07_transcript.pdf/Darling%20Ingredients%20Inc._2019-11-07_transcript.pdf",
        "periodicity": "periodic"
    },
    {
        "equity_ticker": "DAR",
        "geography": "US",
        "content_name": "DAR Q2 2019 Transcript",
        "file_type": "pdf",
        "content_type": "earnings_transcript",
        "published_date": "2019-08-08",
        "fiscal_date": "2019-08-08",
        "fiscal_year": 2019,
        "fiscal_quarter": 2,
        "r2_url": "https://pub-2c783279b61043e19fbdadd1bee5153a.r2.dev/DAR/2019-08-08/Darling%20Ingredients%20Inc._2019-08-08_transcript/Darling%20Ingredients%20Inc._2019-08-08_transcript.pdf/Darling%20Ingredients%20Inc._2019-08-08_transcript.pdf",
        "periodicity": "periodic"
    },
    {
        "equity_ticker": "DAR",
        "geography": "US",
        "content_name": "DAR Q1 2019 Transcript",
        "file_type": "pdf",
        "content_type": "earnings_transcript",
        "published_date": "2019-05-09",
        "fiscal_date": "2019-05-09",
        "fiscal_year": 2019,
        "fiscal_quarter": 1,
        "r2_url": "https://pub-2c783279b61043e19fbdadd1bee5153a.r2.dev/DAR/2019-05-09/Darling%20Ingredients%20Inc._2019-05-09_transcript/Darling%20Ingredients%20Inc._2019-05-09_transcript.pdf/Darling%20Ingredients%20Inc._2019-05-09_transcript.pdf",
        "periodicity": "periodic"
    },
    {
        "equity_ticker": "DAR",
        "geography": "US",
        "content_name": "DAR Q4 2018 Transcript",
        "file_type": "pdf",
        "content_type": "earnings_transcript",
        "published_date": "2019-02-27",
        "fiscal_date": "2019-02-27",
        "fiscal_year": 2018,
        "fiscal_quarter": 4,
        "r2_url": "https://pub-2c783279b61043e19fbdadd1bee5153a.r2.dev/DAR/2019-02-27/Darling%20Ingredients%20Inc._2019-02-27_transcript/Darling%20Ingredients%20Inc._2019-02-27_transcript.pdf/Darling%20Ingredients%20Inc._2019-02-27_transcript.pdf",
        "periodicity": "periodic"
    },
    {
        "equity_ticker": "DAR",
        "geography": "US",
        "content_name": "DAR Q4 2018 Press Release",
        "file_type": "pdf",
        "content_type": "annual_report",
        "published_date": "2019-02-27",
        "fiscal_date": "2019-02-27",
        "fiscal_year": 2018,
        "fiscal_quarter": 4,
        "r2_url": "https://pub-2c783279b61043e19fbdadd1bee5153a.r2.dev/DAR/2019-02-27/2e3a9-2023-09-04-03-35-59/2e3a9-2023-09-04-03-35-59.pdf/2e3a9-2023-09-04-03-35-59.pdf",
        "periodicity": "periodic"
    },
    {
        "equity_ticker": "DAR",
        "geography": "US",
        "content_name": "DAR Q3 2018 Transcript",
        "file_type": "pdf",
        "content_type": "earnings_transcript",
        "published_date": "2018-11-07",
        "fiscal_date": "2018-11-07",
        "fiscal_year": 2018,
        "fiscal_quarter": 3,
        "r2_url": "https://pub-2c783279b61043e19fbdadd1bee5153a.r2.dev/DAR/2018-11-07/Darling%20Ingredients%20Inc._2018-11-07_transcript/Darling%20Ingredients%20Inc._2018-11-07_transcript.pdf/Darling%20Ingredients%20Inc._2018-11-07_transcript.pdf",
        "periodicity": "periodic"
    },
    {
        "equity_ticker": "DAR",
        "geography": "US",
        "content_name": "DAR Q2 2018 Transcript",
        "file_type": "pdf",
        "content_type": "earnings_transcript",
        "published_date": "2018-08-11",
        "fiscal_date": "2018-08-11",
        "fiscal_year": 2018,
        "fiscal_quarter": 2,
        "r2_url": "https://pub-2c783279b61043e19fbdadd1bee5153a.r2.dev/DAR/2018-08-11/Darling%20Ingredients%20Inc._2018-08-11_transcript/Darling%20Ingredients%20Inc._2018-08-11_transcript.pdf/Darling%20Ingredients%20Inc._2018-08-11_transcript.pdf",
        "periodicity": "periodic"
    },
    {
        "equity_ticker": "DAR",
        "geography": "US",
        "content_name": "DAR Q1 2018 Transcript",
        "file_type": "pdf",
        "content_type": "earnings_transcript",
        "published_date": "2018-05-10",
        "fiscal_date": "2018-05-10",
        "fiscal_year": 2018,
        "fiscal_quarter": 1,
        "r2_url": "https://pub-2c783279b61043e19fbdadd1bee5153a.r2.dev/DAR/2018-05-10/Darling%20Ingredients%20Inc._2018-05-10_transcript/Darling%20Ingredients%20Inc._2018-05-10_transcript.pdf/Darling%20Ingredients%20Inc._2018-05-10_transcript.pdf",
        "periodicity": "periodic"
    },
    {
        "equity_ticker": "DAR",
        "geography": "US",
        "content_name": "DAR Q4 2017 Transcript",
        "file_type": "pdf",
        "content_type": "earnings_transcript",
        "published_date": "2018-02-27",
        "fiscal_date": "2018-02-27",
        "fiscal_year": 2017,
        "fiscal_quarter": 4,
        "r2_url": "https://pub-2c783279b61043e19fbdadd1bee5153a.r2.dev/DAR/2018-02-27/Darling%20Ingredients%20Inc._2018-02-27_transcript/Darling%20Ingredients%20Inc._2018-02-27_transcript.pdf/Darling%20Ingredients%20Inc._2018-02-27_transcript.pdf",
        "periodicity": "periodic"
    },
    {
        "equity_ticker": "DAR",
        "geography": "US",
        "content_name": "DAR Q4 2017 Press Release",
        "file_type": "pdf",
        "content_type": "annual_report",
        "published_date": "2018-02-27",
        "fiscal_date": "2018-02-27",
        "fiscal_year": 2017,
        "fiscal_quarter": 4,
        "r2_url": "https://pub-2c783279b61043e19fbdadd1bee5153a.r2.dev/DAR/2018-02-27/2e68b-2023-09-04-03-55-59/2e68b-2023-09-04-03-55-59.pdf/2e68b-2023-09-04-03-55-59.pdf",
        "periodicity": "periodic"
    },
    {
        "equity_ticker": "DAR",
        "geography": "US",
        "content_name": "DAR Q3 2017 Transcript",
        "file_type": "pdf",
        "content_type": "earnings_transcript",
        "published_date": "2017-11-12",
        "fiscal_date": "2017-11-12",
        "fiscal_year": 2017,
        "fiscal_quarter": 3,
        "r2_url": "https://pub-2c783279b61043e19fbdadd1bee5153a.r2.dev/DAR/2017-11-12/Darling%20Ingredients%20Inc._2017-11-12_transcript/Darling%20Ingredients%20Inc._2017-11-12_transcript.pdf/Darling%20Ingredients%20Inc._2017-11-12_transcript.pdf",
        "periodicity": "periodic"
    },
    {
        "equity_ticker": "DAR",
        "geography": "US",
        "content_name": "DAR Q2 2017 Transcript",
        "file_type": "pdf",
        "content_type": "earnings_transcript",
        "published_date": "2017-08-10",
        "fiscal_date": "2017-08-10",
        "fiscal_year": 2017,
        "fiscal_quarter": 2,
        "r2_url": "https://pub-2c783279b61043e19fbdadd1bee5153a.r2.dev/DAR/2017-08-10/Darling%20Ingredients%20Inc._2017-08-10_transcript/Darling%20Ingredients%20Inc._2017-08-10_transcript.pdf/Darling%20Ingredients%20Inc._2017-08-10_transcript.pdf",
        "periodicity": "periodic"
    },
    {
        "equity_ticker": "DAR",
        "geography": "US",
        "content_name": "DAR Q1 2017 Transcript",
        "file_type": "pdf",
        "content_type": "earnings_transcript",
        "published_date": "2017-05-12",
        "fiscal_date": "2017-05-12",
        "fiscal_year": 2017,
        "fiscal_quarter": 1,
        "r2_url": "https://pub-2c783279b61043e19fbdadd1bee5153a.r2.dev/DAR/2017-05-12/Darling%20Ingredients%20Inc._2017-05-12_transcript/Darling%20Ingredients%20Inc._2017-05-12_transcript.pdf/Darling%20Ingredients%20Inc._2017-05-12_transcript.pdf",
        "periodicity": "periodic"
    },
    {
        "equity_ticker": "DAR",
        "geography": "US",
        "content_name": "DAR Q4 2016 Transcript",
        "file_type": "pdf",
        "content_type": "earnings_transcript",
        "published_date": "2017-02-28",
        "fiscal_date": "2017-02-28",
        "fiscal_year": 2016,
        "fiscal_quarter": 4,
        "r2_url": "https://pub-2c783279b61043e19fbdadd1bee5153a.r2.dev/DAR/2017-02-28/Darling%20Ingredients%20Inc._2017-02-28_transcript/Darling%20Ingredients%20Inc._2017-02-28_transcript.pdf/Darling%20Ingredients%20Inc._2017-02-28_transcript.pdf",
        "periodicity": "periodic"
    },
    {
        "equity_ticker": "DAR",
        "geography": "US",
        "content_name": "DAR Q4 2016 Press Release",
        "file_type": "pdf",
        "content_type": "annual_report",
        "published_date": "2017-02-28",
        "fiscal_date": "2017-02-28",
        "fiscal_year": 2016,
        "fiscal_quarter": 4,
        "r2_url": "https://pub-2c783279b61043e19fbdadd1bee5153a.r2.dev/DAR/2017-02-28/19a1b-2023-09-04-04-07-00/19a1b-2023-09-04-04-07-00.pdf/19a1b-2023-09-04-04-07-00.pdf",
        "periodicity": "periodic"
    },
    {
        "equity_ticker": "DAR",
        "geography": "US",
        "content_name": "DAR Q3 2016 Transcript",
        "file_type": "pdf",
        "content_type": "earnings_transcript",
        "published_date": "2016-11-11",
        "fiscal_date": "2016-11-11",
        "fiscal_year": 2016,
        "fiscal_quarter": 3,
        "r2_url": "https://pub-2c783279b61043e19fbdadd1bee5153a.r2.dev/DAR/2016-11-11/Darling%20Ingredients%20Inc._2016-11-11_transcript/Darling%20Ingredients%20Inc._2016-11-11_transcript.pdf/Darling%20Ingredients%20Inc._2016-11-11_transcript.pdf",
        "periodicity": "periodic"
    },
    {
        "equity_ticker": "DAR",
        "geography": "US",
        "content_name": "DAR Q2 2016 Transcript",
        "file_type": "pdf",
        "content_type": "earnings_transcript",
        "published_date": "2016-08-12",
        "fiscal_date": "2016-08-12",
        "fiscal_year": 2016,
        "fiscal_quarter": 2,
        "r2_url": "https://pub-2c783279b61043e19fbdadd1bee5153a.r2.dev/DAR/2016-08-12/Darling%20Ingredients%20Inc._2016-08-12_transcript/Darling%20Ingredients%20Inc._2016-08-12_transcript.pdf/Darling%20Ingredients%20Inc._2016-08-12_transcript.pdf",
        "periodicity": "periodic"
    },
    {
        "equity_ticker": "DAR",
        "geography": "US",
        "content_name": "DAR Q1 2016 Transcript",
        "file_type": "pdf",
        "content_type": "earnings_transcript",
        "published_date": "2016-05-13",
        "fiscal_date": "2016-05-13",
        "fiscal_year": 2016,
        "fiscal_quarter": 1,
        "r2_url": "https://pub-2c783279b61043e19fbdadd1bee5153a.r2.dev/DAR/2016-05-13/Darling%20Ingredients%20Inc._2016-05-13_transcript/Darling%20Ingredients%20Inc._2016-05-13_transcript.pdf/Darling%20Ingredients%20Inc._2016-05-13_transcript.pdf",
        "periodicity": "periodic"
    },
    {
        "equity_ticker": "DAR",
        "geography": "US",
        "content_name": "DAR Q4 2015 Transcript",
        "file_type": "pdf",
        "content_type": "earnings_transcript",
        "published_date": "2016-03-01",
        "fiscal_date": "2016-03-01",
        "fiscal_year": 2015,
        "fiscal_quarter": 4,
        "r2_url": "https://pub-2c783279b61043e19fbdadd1bee5153a.r2.dev/DAR/2016-03-01/Darling%20Ingredients%20Inc._2016-03-01_transcript/Darling%20Ingredients%20Inc._2016-03-01_transcript.pdf/Darling%20Ingredients%20Inc._2016-03-01_transcript.pdf",
        "periodicity": "periodic"
    },
    {
        "equity_ticker": "DAR",
        "geography": "US",
        "content_name": "DAR Q4 2015 Press Release",
        "file_type": "pdf",
        "content_type": "annual_report",
        "published_date": "2016-03-01",
        "fiscal_date": "2016-03-01",
        "fiscal_year": 2015,
        "fiscal_quarter": 4,
        "r2_url": "https://pub-2c783279b61043e19fbdadd1bee5153a.r2.dev/DAR/2016-03-01/fce4b-2023-09-04-04-25-00/fce4b-2023-09-04-04-25-00.pdf/fce4b-2023-09-04-04-25-00.pdf",
        "periodicity": "periodic"
    },
    {
        "equity_ticker": "DAR",
        "geography": "US",
        "content_name": "DAR Q3 2015 Transcript",
        "file_type": "pdf",
        "content_type": "earnings_transcript",
        "published_date": "2015-11-13",
        "fiscal_date": "2015-11-13",
        "fiscal_year": 2015,
        "fiscal_quarter": 3,
        "r2_url": "https://pub-2c783279b61043e19fbdadd1bee5153a.r2.dev/DAR/2015-11-13/Darling%20Ingredients%20Inc._2015-11-13_transcript/Darling%20Ingredients%20Inc._2015-11-13_transcript.pdf/Darling%20Ingredients%20Inc._2015-11-13_transcript.pdf",
        "periodicity": "periodic"
    },
    {
        "equity_ticker": "DAR",
        "geography": "US",
        "content_name": "DAR Q2 2015 Transcript",
        "file_type": "pdf",
        "content_type": "earnings_transcript",
        "published_date": "2015-08-14",
        "fiscal_date": "2015-08-14",
        "fiscal_year": 2015,
        "fiscal_quarter": 2,
        "r2_url": "https://pub-2c783279b61043e19fbdadd1bee5153a.r2.dev/DAR/2015-08-14/Darling%20Ingredients%20Inc._2015-08-14_transcript/Darling%20Ingredients%20Inc._2015-08-14_transcript.pdf/Darling%20Ingredients%20Inc._2015-08-14_transcript.pdf",
        "periodicity": "periodic"
    },
    {
        "equity_ticker": "DAR",
        "geography": "US",
        "content_name": "DAR Q1 2015 Transcript",
        "file_type": "pdf",
        "content_type": "earnings_transcript",
        "published_date": "2015-05-15",
        "fiscal_date": "2015-05-15",
        "fiscal_year": 2015,
        "fiscal_quarter": 1,
        "r2_url": "https://pub-2c783279b61043e19fbdadd1bee5153a.r2.dev/DAR/2015-05-15/Darling%20Ingredients%20Inc._2015-05-15_transcript/Darling%20Ingredients%20Inc._2015-05-15_transcript.pdf/Darling%20Ingredients%20Inc._2015-05-15_transcript.pdf",
        "periodicity": "periodic"
    },
    {
        "equity_ticker": "DAR",
        "geography": "US",
        "content_name": "DAR Q4 2014 Transcript",
        "file_type": "pdf",
        "content_type": "earnings_transcript",
        "published_date": "2015-03-04",
        "fiscal_date": "2015-03-04",
        "fiscal_year": 2014,
        "fiscal_quarter": 4,
        "r2_url": "https://pub-2c783279b61043e19fbdadd1bee5153a.r2.dev/DAR/2015-03-04/Darling%20Ingredients%20Inc._2015-03-04_transcript/Darling%20Ingredients%20Inc._2015-03-04_transcript.pdf/Darling%20Ingredients%20Inc._2015-03-04_transcript.pdf",
        "periodicity": "periodic"
    },
    {
        "equity_ticker": "DAR",
        "geography": "US",
        "content_name": "DAR Q4 2014 Press Release",
        "file_type": "pdf",
        "content_type": "annual_report",
        "published_date": "2015-03-04",
        "fiscal_date": "2015-03-04",
        "fiscal_year": 2014,
        "fiscal_quarter": 4,
        "r2_url": "https://pub-2c783279b61043e19fbdadd1bee5153a.r2.dev/DAR/2015-03-04/e1222-2023-09-04-04-36-00/e1222-2023-09-04-04-36-00.pdf/e1222-2023-09-04-04-36-00.pdf",
        "periodicity": "periodic"
    },
    {
        "equity_ticker": "DAR",
        "geography": "US",
        "content_name": "DAR Q3 2014 Transcript",
        "file_type": "pdf",
        "content_type": "earnings_transcript",
        "published_date": "2014-11-08",
        "fiscal_date": "2014-11-08",
        "fiscal_year": 2014,
        "fiscal_quarter": 3,
        "r2_url": "https://pub-2c783279b61043e19fbdadd1bee5153a.r2.dev/DAR/2014-11-08/Darling%20Ingredients%20Inc._2014-11-08_transcript/Darling%20Ingredients%20Inc._2014-11-08_transcript.pdf/Darling%20Ingredients%20Inc._2014-11-08_transcript.pdf",
        "periodicity": "periodic"
    },
    {
        "equity_ticker": "DAR",
        "geography": "US",
        "content_name": "DAR Q2 2014 Transcript",
        "file_type": "pdf",
        "content_type": "earnings_transcript",
        "published_date": "2014-08-08",
        "fiscal_date": "2014-08-08",
        "fiscal_year": 2014,
        "fiscal_quarter": 2,
        "r2_url": "https://pub-2c783279b61043e19fbdadd1bee5153a.r2.dev/DAR/2014-08-08/Darling%20Ingredients%20Inc._2014-08-08_transcript/Darling%20Ingredients%20Inc._2014-08-08_transcript.pdf/Darling%20Ingredients%20Inc._2014-08-08_transcript.pdf",
        "periodicity": "periodic"
    },
    {
        "equity_ticker": "DAR",
        "geography": "US",
        "content_name": "DAR Q1 2014 Transcript",
        "file_type": "pdf",
        "content_type": "earnings_transcript",
        "published_date": "2014-05-09",
        "fiscal_date": "2014-05-09",
        "fiscal_year": 2014,
        "fiscal_quarter": 1,
        "r2_url": "https://pub-2c783279b61043e19fbdadd1bee5153a.r2.dev/DAR/2014-05-09/Darling%20Ingredients%20Inc._2014-05-09_transcript/Darling%20Ingredients%20Inc._2014-05-09_transcript.pdf/Darling%20Ingredients%20Inc._2014-05-09_transcript.pdf",
        "periodicity": "periodic"
    },
    {
        "equity_ticker": "DAR",
        "geography": "US",
        "content_name": "DAR Q4 2013 Transcript",
        "file_type": "pdf",
        "content_type": "earnings_transcript",
        "published_date": "2014-02-27",
        "fiscal_date": "2014-02-27",
        "fiscal_year": 2013,
        "fiscal_quarter": 4,
        "r2_url": "https://pub-2c783279b61043e19fbdadd1bee5153a.r2.dev/DAR/2014-02-27/Darling%20Ingredients%20Inc._2014-02-27_transcript/Darling%20Ingredients%20Inc._2014-02-27_transcript.pdf/Darling%20Ingredients%20Inc._2014-02-27_transcript.pdf",
        "periodicity": "periodic"
    },
    {
        "equity_ticker": "DAR",
        "geography": "US",
        "content_name": "DAR Q3 2013 Transcript",
        "file_type": "pdf",
        "content_type": "earnings_transcript",
        "published_date": "2013-11-08",
        "fiscal_date": "2013-11-08",
        "fiscal_year": 2013,
        "fiscal_quarter": 3,
        "r2_url": "https://pub-2c783279b61043e19fbdadd1bee5153a.r2.dev/DAR/2013-11-08/Darling%20Ingredients%20Inc._2013-11-08_transcript/Darling%20Ingredients%20Inc._2013-11-08_transcript.pdf/Darling%20Ingredients%20Inc._2013-11-08_transcript.pdf",
        "periodicity": "periodic"
    },
    {
        "equity_ticker": "DAR",
        "geography": "US",
        "content_name": "DAR Q2 2013 Transcript",
        "file_type": "pdf",
        "content_type": "earnings_transcript",
        "published_date": "2013-08-09",
        "fiscal_date": "2013-08-09",
        "fiscal_year": 2013,
        "fiscal_quarter": 2,
        "r2_url": "https://pub-2c783279b61043e19fbdadd1bee5153a.r2.dev/DAR/2013-08-09/Darling%20Ingredients%20Inc._2013-08-09_transcript/Darling%20Ingredients%20Inc._2013-08-09_transcript.pdf/Darling%20Ingredients%20Inc._2013-08-09_transcript.pdf",
        "periodicity": "periodic"
    },
    {
        "equity_ticker": "DAR",
        "geography": "US",
        "content_name": "DAR Q1 2013 Transcript",
        "file_type": "pdf",
        "content_type": "earnings_transcript",
        "published_date": "2013-05-10",
        "fiscal_date": "2013-05-10",
        "fiscal_year": 2013,
        "fiscal_quarter": 1,
        "r2_url": "https://pub-2c783279b61043e19fbdadd1bee5153a.r2.dev/DAR/2013-05-10/Darling%20Ingredients%20Inc._2013-05-10_transcript/Darling%20Ingredients%20Inc._2013-05-10_transcript.pdf/Darling%20Ingredients%20Inc._2013-05-10_transcript.pdf",
        "periodicity": "periodic"
    },
    {
        "equity_ticker": "DAR",
        "geography": "US",
        "content_name": "DAR Q4 2012 Transcript",
        "file_type": "pdf",
        "content_type": "earnings_transcript",
        "published_date": "2013-02-28",
        "fiscal_date": "2013-02-28",
        "fiscal_year": 2012,
        "fiscal_quarter": 4,
        "r2_url": "https://pub-2c783279b61043e19fbdadd1bee5153a.r2.dev/DAR/2013-02-28/Darling%20Ingredients%20Inc._2013-02-28_transcript/Darling%20Ingredients%20Inc._2013-02-28_transcript.pdf/Darling%20Ingredients%20Inc._2013-02-28_transcript.pdf",
        "periodicity": "periodic"
    },
    {
        "equity_ticker": "DAR",
        "geography": "US",
        "content_name": "DAR Q3 2012 Transcript",
        "file_type": "pdf",
        "content_type": "earnings_transcript",
        "published_date": "2012-11-09",
        "fiscal_date": "2012-11-09",
        "fiscal_year": 2012,
        "fiscal_quarter": 3,
        "r2_url": "https://pub-2c783279b61043e19fbdadd1bee5153a.r2.dev/DAR/2012-11-09/Darling%20Ingredients%20Inc._2012-11-09_transcript/Darling%20Ingredients%20Inc._2012-11-09_transcript.pdf/Darling%20Ingredients%20Inc._2012-11-09_transcript.pdf",
        "periodicity": "periodic"
    },
    {
        "equity_ticker": "DAR",
        "geography": "US",
        "content_name": "DAR Q2 2012 Transcript",
        "file_type": "pdf",
        "content_type": "earnings_transcript",
        "published_date": "2012-08-10",
        "fiscal_date": "2012-08-10",
        "fiscal_year": 2012,
        "fiscal_quarter": 2,
        "r2_url": "https://pub-2c783279b61043e19fbdadd1bee5153a.r2.dev/DAR/2012-08-10/Darling%20Ingredients%20Inc._2012-08-10_transcript/Darling%20Ingredients%20Inc._2012-08-10_transcript.pdf/Darling%20Ingredients%20Inc._2012-08-10_transcript.pdf",
        "periodicity": "periodic"
    },
    {
        "equity_ticker": "DAR",
        "geography": "US",
        "content_name": "DAR Q1 2012 Transcript",
        "file_type": "pdf",
        "content_type": "earnings_transcript",
        "published_date": "2012-05-11",
        "fiscal_date": "2012-05-11",
        "fiscal_year": 2012,
        "fiscal_quarter": 1,
        "r2_url": "https://pub-2c783279b61043e19fbdadd1bee5153a.r2.dev/DAR/2012-05-11/Darling%20Ingredients%20Inc._2012-05-11_transcript/Darling%20Ingredients%20Inc._2012-05-11_transcript.pdf/Darling%20Ingredients%20Inc._2012-05-11_transcript.pdf",
        "periodicity": "periodic"
    },
    {
        "equity_ticker": "DAR",
        "geography": "US",
        "content_name": "DAR Q4 2011 Transcript",
        "file_type": "pdf",
        "content_type": "earnings_transcript",
        "published_date": "2012-03-01",
        "fiscal_date": "2012-03-01",
        "fiscal_year": 2011,
        "fiscal_quarter": 4,
        "r2_url": "https://pub-2c783279b61043e19fbdadd1bee5153a.r2.dev/DAR/2012-03-01/Darling%20Ingredients%20Inc._2012-03-01_transcript/Darling%20Ingredients%20Inc._2012-03-01_transcript.pdf/Darling%20Ingredients%20Inc._2012-03-01_transcript.pdf",
        "periodicity": "periodic"
    },
    {
        "equity_ticker": "DAR",
        "geography": "US",
        "content_name": "DAR Q4 2007 Transcript",
        "file_type": "pdf",
        "content_type": "earnings_transcript",
        "published_date": "2008-03-17",
        "fiscal_date": "2008-03-17",
        "fiscal_year": 2007,
        "fiscal_quarter": 4,
        "r2_url": "https://pub-2c783279b61043e19fbdadd1bee5153a.r2.dev/DAR/2008-03-17/Darling%20Ingredients%20Inc._2008-03-17_transcript/Darling%20Ingredients%20Inc._2008-03-17_transcript.pdf/Darling%20Ingredients%20Inc._2008-03-17_transcript.pdf",
        "periodicity": "periodic"
    }
]