[
    {
        "equity_ticker": "HRL",
        "geography": "US",
        "content_name": "HRL Q1 2025 Transcript",
        "file_type": "pdf",
        "content_type": "earnings_transcript",
        "published_date": "2025-02-27",
        "fiscal_date": "2025-02-27",
        "fiscal_year": 2025,
        "fiscal_quarter": 1,
        "r2_url": "https://pub-2c783279b61043e19fbdadd1bee5153a.r2.dev/HRL/2025-02-27/Hormel%20Foods%20Corporation_2025-02-27_transcript/Hormel%20Foods%20Corporation_2025-02-27_transcript.pdf/Hormel%20Foods%20Corporation_2025-02-27_transcript.pdf",
        "periodicity": "periodic"
    },
    {
        "equity_ticker": "HRL",
        "geography": "US",
        "content_name": "HRL Q1 2025 Press Release",
        "file_type": "pdf",
        "content_type": "earnings_press_release",
        "published_date": "2025-02-27",
        "fiscal_date": "2025-02-27",
        "fiscal_year": 2025,
        "fiscal_quarter": 1,
        "r2_url": "https://pub-2c783279b61043e19fbdadd1bee5153a.r2.dev/HRL/2025-02-27/5ea04-2025-02-27-11-00-03/5ea04-2025-02-27-11-00-03.pdf/5ea04-2025-02-27-11-00-03.pdf",
        "periodicity": "periodic"
    },
    {
        "equity_ticker": "HRL",
        "geography": "US",
        "content_name": "HRL Q1 2025 Presentation",
        "file_type": "pdf",
        "content_type": "earnings_presentation",
        "published_date": "2025-02-27",
        "fiscal_date": "2025-02-27",
        "fiscal_year": 2025,
        "fiscal_quarter": 1,
        "r2_url": "https://pub-2c783279b61043e19fbdadd1bee5153a.r2.dev/HRL/2025-02-27/f0c8a-2025-02-28-09-30-05/f0c8a-2025-02-28-09-30-05.pdf/f0c8a-2025-02-28-09-30-05.pdf",
        "periodicity": "periodic"
    },
    {
        "equity_ticker": "HRL",
        "geography": "US",
        "content_name": "AGM 2025 - January 29, 2025",
        "file_type": "pdf",
        "content_type": "company_conference_transcript",
        "published_date": "2025-01-29",
        "fiscal_date": "2025-01-29",
        "fiscal_year": 0,
        "fiscal_quarter": 0,
        "r2_url": "https://pub-2c783279b61043e19fbdadd1bee5153a.r2.dev/HRL/2025-01-29/Hormel%20Foods%20Corporation_2025-01-29_transcript/Hormel%20Foods%20Corporation_2025-01-29_transcript.pdf/Hormel%20Foods%20Corporation_2025-01-29_transcript.pdf",
        "periodicity": "non_periodic"
    },
    {
        "equity_ticker": "HRL",
        "geography": "US",
        "content_name": "HRL Q4 2024 Transcript",
        "file_type": "pdf",
        "content_type": "earnings_transcript",
        "published_date": "2024-12-04",
        "fiscal_date": "2024-12-04",
        "fiscal_year": 2024,
        "fiscal_quarter": 4,
        "r2_url": "https://pub-2c783279b61043e19fbdadd1bee5153a.r2.dev/HRL/2024-12-04/Hormel%20Foods%20Corporation_2024-12-04_transcript/Hormel%20Foods%20Corporation_2024-12-04_transcript.pdf/Hormel%20Foods%20Corporation_2024-12-04_transcript.pdf",
        "periodicity": "periodic"
    },
    {
        "equity_ticker": "HRL",
        "geography": "US",
        "content_name": "HRL Q4 2024 Press Release",
        "file_type": "pdf",
        "content_type": "earnings_press_release",
        "published_date": "2024-12-04",
        "fiscal_date": "2024-12-04",
        "fiscal_year": 2024,
        "fiscal_quarter": 4,
        "r2_url": "https://pub-2c783279b61043e19fbdadd1bee5153a.r2.dev/HRL/2024-12-04/331d9-2024-12-04-11-36-04/331d9-2024-12-04-11-36-04.pdf/331d9-2024-12-04-11-36-04.pdf",
        "periodicity": "periodic"
    },
    {
        "equity_ticker": "HRL",
        "geography": "US",
        "content_name": "HRL Q4 2024 Presentation",
        "file_type": "pdf",
        "content_type": "earnings_presentation",
        "published_date": "2024-12-04",
        "fiscal_date": "2024-12-04",
        "fiscal_year": 2024,
        "fiscal_quarter": 4,
        "r2_url": "https://pub-2c783279b61043e19fbdadd1bee5153a.r2.dev/HRL/2024-12-04/33db3-2024-12-04-12-23-07/33db3-2024-12-04-12-23-07.pdf/33db3-2024-12-04-12-23-07.pdf",
        "periodicity": "periodic"
    },
    {
        "equity_ticker": "HRL",
        "geography": "US",
        "content_name": "Barclays 17th Annual Global Consumer Staples Conference - September 5, 2024",
        "file_type": "pdf",
        "content_type": "sellside_conference_transcript",
        "published_date": "2024-09-05",
        "fiscal_date": "2024-09-05",
        "fiscal_year": 0,
        "fiscal_quarter": 0,
        "r2_url": "https://pub-2c783279b61043e19fbdadd1bee5153a.r2.dev/HRL/2024-09-05/Hormel%20Foods%20Corporation_2024-09-05_transcript/Hormel%20Foods%20Corporation_2024-09-05_transcript.pdf/Hormel%20Foods%20Corporation_2024-09-05_transcript.pdf",
        "periodicity": "non_periodic"
    },
    {
        "equity_ticker": "HRL",
        "geography": "US",
        "content_name": "HRL Q3 2024 Transcript",
        "file_type": "pdf",
        "content_type": "earnings_transcript",
        "published_date": "2024-09-04",
        "fiscal_date": "2024-09-04",
        "fiscal_year": 2024,
        "fiscal_quarter": 3,
        "r2_url": "https://pub-2c783279b61043e19fbdadd1bee5153a.r2.dev/HRL/2024-09-04/Hormel%20Foods%20Corporation_2024-09-04_transcript/Hormel%20Foods%20Corporation_2024-09-04_transcript.pdf/Hormel%20Foods%20Corporation_2024-09-04_transcript.pdf",
        "periodicity": "periodic"
    },
    {
        "equity_ticker": "HRL",
        "geography": "US",
        "content_name": "HRL Q3 2024 Press Release",
        "file_type": "pdf",
        "content_type": "earnings_press_release",
        "published_date": "2024-09-04",
        "fiscal_date": "2024-09-04",
        "fiscal_year": 2024,
        "fiscal_quarter": 3,
        "r2_url": "https://pub-2c783279b61043e19fbdadd1bee5153a.r2.dev/HRL/2024-09-04/1f5bf-2024-09-04-10-12-03/1f5bf-2024-09-04-10-12-03.pdf/1f5bf-2024-09-04-10-12-03.pdf",
        "periodicity": "periodic"
    },
    {
        "equity_ticker": "HRL",
        "geography": "US",
        "content_name": "HRL Q3 2024 Presentation",
        "file_type": "pdf",
        "content_type": "earnings_presentation",
        "published_date": "2024-09-04",
        "fiscal_date": "2024-09-04",
        "fiscal_year": 2024,
        "fiscal_quarter": 3,
        "r2_url": "https://pub-2c783279b61043e19fbdadd1bee5153a.r2.dev/HRL/2024-09-04/c9cb8-2024-09-04-01-53-23/c9cb8-2024-09-04-01-53-23.pdf/c9cb8-2024-09-04-01-53-23.pdf",
        "periodicity": "periodic"
    },
    {
        "equity_ticker": "HRL",
        "geography": "US",
        "content_name": "Oppenheimer's 24th Annual Virtual Consumer Growth and E-Commerce Conference - June 10, 2024",
        "file_type": "pdf",
        "content_type": "company_conference_transcript",
        "published_date": "2024-06-10",
        "fiscal_date": "2024-06-10",
        "fiscal_year": 0,
        "fiscal_quarter": 0,
        "r2_url": "https://pub-2c783279b61043e19fbdadd1bee5153a.r2.dev/HRL/2024-06-10/Hormel%20Foods%20Corporation_2024-06-10_transcript/Hormel%20Foods%20Corporation_2024-06-10_transcript.pdf/Hormel%20Foods%20Corporation_2024-06-10_transcript.pdf",
        "periodicity": "non_periodic"
    },
    {
        "equity_ticker": "HRL",
        "geography": "US",
        "content_name": "HRL Q2 2024 Transcript",
        "file_type": "pdf",
        "content_type": "earnings_transcript",
        "published_date": "2024-05-30",
        "fiscal_date": "2024-05-30",
        "fiscal_year": 2024,
        "fiscal_quarter": 2,
        "r2_url": "https://pub-2c783279b61043e19fbdadd1bee5153a.r2.dev/HRL/2024-05-30/Hormel%20Foods%20Corporation_2024-05-30_transcript/Hormel%20Foods%20Corporation_2024-05-30_transcript.pdf/Hormel%20Foods%20Corporation_2024-05-30_transcript.pdf",
        "periodicity": "periodic"
    },
    {
        "equity_ticker": "HRL",
        "geography": "US",
        "content_name": "HRL Q2 2024 Press Release",
        "file_type": "pdf",
        "content_type": "earnings_press_release",
        "published_date": "2024-05-30",
        "fiscal_date": "2024-05-30",
        "fiscal_year": 2024,
        "fiscal_quarter": 2,
        "r2_url": "https://pub-2c783279b61043e19fbdadd1bee5153a.r2.dev/HRL/2024-05-30/62317-2024-05-30-10-14-04/62317-2024-05-30-10-14-04.pdf/62317-2024-05-30-10-14-04.pdf",
        "periodicity": "periodic"
    },
    {
        "equity_ticker": "HRL",
        "geography": "US",
        "content_name": "HRL Q2 2024 Presentation",
        "file_type": "pdf",
        "content_type": "earnings_presentation",
        "published_date": "2024-05-30",
        "fiscal_date": "2024-05-30",
        "fiscal_year": 2024,
        "fiscal_quarter": 2,
        "r2_url": "https://pub-2c783279b61043e19fbdadd1bee5153a.r2.dev/HRL/2024-05-30/cb637-2024-05-30-11-53-20/cb637-2024-05-30-11-53-20.pdf/cb637-2024-05-30-11-53-20.pdf",
        "periodicity": "periodic"
    },
    {
        "equity_ticker": "HRL",
        "geography": "US",
        "content_name": "Bank of America Consumer & Retail Technology Conference - March 13, 2024",
        "file_type": "pdf",
        "content_type": "company_conference_transcript",
        "published_date": "2024-03-13",
        "fiscal_date": "2024-03-13",
        "fiscal_year": 0,
        "fiscal_quarter": 0,
        "r2_url": "https://pub-2c783279b61043e19fbdadd1bee5153a.r2.dev/HRL/2024-03-13/Hormel%20Foods%20Corporation_2024-03-13_transcript/Hormel%20Foods%20Corporation_2024-03-13_transcript.pdf/Hormel%20Foods%20Corporation_2024-03-13_transcript.pdf",
        "periodicity": "non_periodic"
    },
    {
        "equity_ticker": "HRL",
        "geography": "US",
        "content_name": "HRL Q1 2024 Transcript",
        "file_type": "pdf",
        "content_type": "earnings_transcript",
        "published_date": "2024-02-29",
        "fiscal_date": "2024-02-29",
        "fiscal_year": 2024,
        "fiscal_quarter": 1,
        "r2_url": "https://pub-2c783279b61043e19fbdadd1bee5153a.r2.dev/HRL/2024-02-29/Hormel%20Foods%20Corporation_2024-02-29_transcript/Hormel%20Foods%20Corporation_2024-02-29_transcript.pdf/Hormel%20Foods%20Corporation_2024-02-29_transcript.pdf",
        "periodicity": "periodic"
    },
    {
        "equity_ticker": "HRL",
        "geography": "US",
        "content_name": "HRL Q1 2024 Press Release",
        "file_type": "pdf",
        "content_type": "earnings_press_release",
        "published_date": "2024-02-29",
        "fiscal_date": "2024-02-29",
        "fiscal_year": 2024,
        "fiscal_quarter": 1,
        "r2_url": "https://pub-2c783279b61043e19fbdadd1bee5153a.r2.dev/HRL/2024-02-29/601ba-2024-02-29-12-45-03/601ba-2024-02-29-12-45-03.pdf/601ba-2024-02-29-12-45-03.pdf",
        "periodicity": "periodic"
    },
    {
        "equity_ticker": "HRL",
        "geography": "US",
        "content_name": "HRL Q1 2024 Presentation",
        "file_type": "pdf",
        "content_type": "earnings_presentation",
        "published_date": "2024-02-29",
        "fiscal_date": "2024-02-29",
        "fiscal_year": 2024,
        "fiscal_quarter": 1,
        "r2_url": "https://pub-2c783279b61043e19fbdadd1bee5153a.r2.dev/HRL/2024-02-29/b921a-2024-02-29-12-49-03/b921a-2024-02-29-12-49-03.pdf/b921a-2024-02-29-12-49-03.pdf",
        "periodicity": "periodic"
    },
    {
        "equity_ticker": "HRL",
        "geography": "US",
        "content_name": "HRL Q4 2023 Transcript",
        "file_type": "pdf",
        "content_type": "earnings_transcript",
        "published_date": "2023-11-29",
        "fiscal_date": "2023-11-29",
        "fiscal_year": 2023,
        "fiscal_quarter": 4,
        "r2_url": "https://pub-2c783279b61043e19fbdadd1bee5153a.r2.dev/HRL/2023-11-29/Hormel%20Foods%20Corporation_2023-11-29_transcript/Hormel%20Foods%20Corporation_2023-11-29_transcript.pdf/Hormel%20Foods%20Corporation_2023-11-29_transcript.pdf",
        "periodicity": "periodic"
    },
    {
        "equity_ticker": "HRL",
        "geography": "US",
        "content_name": "HRL Q4 2023 Press Release",
        "file_type": "pdf",
        "content_type": "earnings_press_release",
        "published_date": "2023-11-29",
        "fiscal_date": "2023-11-29",
        "fiscal_year": 2023,
        "fiscal_quarter": 4,
        "r2_url": "https://pub-2c783279b61043e19fbdadd1bee5153a.r2.dev/HRL/2023-11-29/03779-2023-11-29-11-21-03/03779-2023-11-29-11-21-03.pdf/03779-2023-11-29-11-21-03.pdf",
        "periodicity": "periodic"
    },
    {
        "equity_ticker": "HRL",
        "geography": "US",
        "content_name": "HRL Q4 2023 Presentation",
        "file_type": "pdf",
        "content_type": "earnings_presentation",
        "published_date": "2023-11-29",
        "fiscal_date": "2023-11-29",
        "fiscal_year": 2023,
        "fiscal_quarter": 4,
        "r2_url": "https://pub-2c783279b61043e19fbdadd1bee5153a.r2.dev/HRL/2023-11-29/2f659-2023-11-29-12-19-06/2f659-2023-11-29-12-19-06.pdf/2f659-2023-11-29-12-19-06.pdf",
        "periodicity": "periodic"
    },
    {
        "equity_ticker": "HRL",
        "geography": "US",
        "content_name": "Investor Day 2023 - October 12, 2023",
        "file_type": "pdf",
        "content_type": "company_conference_transcript",
        "published_date": "2023-10-12",
        "fiscal_date": "2023-10-12",
        "fiscal_year": 0,
        "fiscal_quarter": 0,
        "r2_url": "https://pub-2c783279b61043e19fbdadd1bee5153a.r2.dev/HRL/2023-10-12/Hormel%20Foods%20Corporation_2023-10-12_transcript/Hormel%20Foods%20Corporation_2023-10-12_transcript.pdf/Hormel%20Foods%20Corporation_2023-10-12_transcript.pdf",
        "periodicity": "non_periodic"
    },
    {
        "equity_ticker": "HRL",
        "geography": "US",
        "content_name": "Barclays Global Consumer Staples Conference - September 5, 2023",
        "file_type": "pdf",
        "content_type": "sellside_conference_transcript",
        "published_date": "2023-09-05",
        "fiscal_date": "2023-09-05",
        "fiscal_year": 0,
        "fiscal_quarter": 0,
        "r2_url": "https://pub-2c783279b61043e19fbdadd1bee5153a.r2.dev/HRL/2023-09-05/Hormel%20Foods%20Corporation_2023-09-05_transcript/Hormel%20Foods%20Corporation_2023-09-05_transcript.pdf/Hormel%20Foods%20Corporation_2023-09-05_transcript.pdf",
        "periodicity": "non_periodic"
    },
    {
        "equity_ticker": "HRL",
        "geography": "US",
        "content_name": "HRL Q3 2023 Transcript",
        "file_type": "pdf",
        "content_type": "earnings_transcript",
        "published_date": "2023-08-31",
        "fiscal_date": "2023-08-31",
        "fiscal_year": 2023,
        "fiscal_quarter": 3,
        "r2_url": "https://pub-2c783279b61043e19fbdadd1bee5153a.r2.dev/HRL/2023-08-31/Hormel%20Foods%20Corporation_2023-08-31_transcript/Hormel%20Foods%20Corporation_2023-08-31_transcript.pdf/Hormel%20Foods%20Corporation_2023-08-31_transcript.pdf",
        "periodicity": "periodic"
    },
    {
        "equity_ticker": "HRL",
        "geography": "US",
        "content_name": "HRL Q3 2023 Press Release",
        "file_type": "pdf",
        "content_type": "earnings_press_release",
        "published_date": "2023-08-31",
        "fiscal_date": "2023-08-31",
        "fiscal_year": 2023,
        "fiscal_quarter": 3,
        "r2_url": "https://pub-2c783279b61043e19fbdadd1bee5153a.r2.dev/HRL/2023-08-31/6424f-2023-08-31-10-08-33/6424f-2023-08-31-10-08-33.pdf/6424f-2023-08-31-10-08-33.pdf",
        "periodicity": "periodic"
    },
    {
        "equity_ticker": "HRL",
        "geography": "US",
        "content_name": "HRL Q3 2023 Presentation",
        "file_type": "pdf",
        "content_type": "earnings_presentation",
        "published_date": "2023-08-31",
        "fiscal_date": "2023-08-31",
        "fiscal_year": 2023,
        "fiscal_quarter": 3,
        "r2_url": "https://pub-2c783279b61043e19fbdadd1bee5153a.r2.dev/HRL/2023-08-31/63aec-2023-08-31-11-31-14/63aec-2023-08-31-11-31-14.pdf/63aec-2023-08-31-11-31-14.pdf",
        "periodicity": "periodic"
    },
    {
        "equity_ticker": "HRL",
        "geography": "US",
        "content_name": "HRL Q2 2023 Transcript",
        "file_type": "pdf",
        "content_type": "earnings_transcript",
        "published_date": "2023-06-01",
        "fiscal_date": "2023-06-01",
        "fiscal_year": 2023,
        "fiscal_quarter": 2,
        "r2_url": "https://pub-2c783279b61043e19fbdadd1bee5153a.r2.dev/HRL/2023-06-01/Hormel%20Foods%20Corporation_2023-06-01_transcript/Hormel%20Foods%20Corporation_2023-06-01_transcript.pdf/Hormel%20Foods%20Corporation_2023-06-01_transcript.pdf",
        "periodicity": "periodic"
    },
    {
        "equity_ticker": "HRL",
        "geography": "US",
        "content_name": "HRL Q2 2023 Press Release",
        "file_type": "pdf",
        "content_type": "quarterly_report",
        "published_date": "2023-06-01",
        "fiscal_date": "2023-06-01",
        "fiscal_year": 2023,
        "fiscal_quarter": 2,
        "r2_url": "https://pub-2c783279b61043e19fbdadd1bee5153a.r2.dev/HRL/2023-06-01/a9e0a-2024-08-29-08-49-40/a9e0a-2024-08-29-08-49-40.pdf/a9e0a-2024-08-29-08-49-40.pdf",
        "periodicity": "periodic"
    },
    {
        "equity_ticker": "HRL",
        "geography": "US",
        "content_name": "HRL Q2 2023 Presentation",
        "file_type": "pdf",
        "content_type": "earnings_presentation",
        "published_date": "2023-06-01",
        "fiscal_date": "2023-06-01",
        "fiscal_year": 2023,
        "fiscal_quarter": 2,
        "r2_url": "https://pub-2c783279b61043e19fbdadd1bee5153a.r2.dev/HRL/2023-06-01/3f5ca-2023-06-01-07-29-50/3f5ca-2023-06-01-07-29-50.pdf/3f5ca-2023-06-01-07-29-50.pdf",
        "periodicity": "periodic"
    },
    {
        "equity_ticker": "HRL",
        "geography": "US",
        "content_name": "Bank of America Consumer & Retail Conference - March 14, 2023",
        "file_type": "pdf",
        "content_type": "company_conference_transcript",
        "published_date": "2023-03-14",
        "fiscal_date": "2023-03-14",
        "fiscal_year": 0,
        "fiscal_quarter": 0,
        "r2_url": "https://pub-2c783279b61043e19fbdadd1bee5153a.r2.dev/HRL/2023-03-14/Hormel%20Foods%20Corporation_2023-03-14_transcript/Hormel%20Foods%20Corporation_2023-03-14_transcript.pdf/Hormel%20Foods%20Corporation_2023-03-14_transcript.pdf",
        "periodicity": "non_periodic"
    },
    {
        "equity_ticker": "HRL",
        "geography": "US",
        "content_name": "HRL Q1 2023 Transcript",
        "file_type": "pdf",
        "content_type": "earnings_transcript",
        "published_date": "2023-03-02",
        "fiscal_date": "2023-03-02",
        "fiscal_year": 2023,
        "fiscal_quarter": 1,
        "r2_url": "https://pub-2c783279b61043e19fbdadd1bee5153a.r2.dev/HRL/2023-03-02/Hormel%20Foods%20Corporation_2023-03-02_transcript/Hormel%20Foods%20Corporation_2023-03-02_transcript.pdf/Hormel%20Foods%20Corporation_2023-03-02_transcript.pdf",
        "periodicity": "periodic"
    },
    {
        "equity_ticker": "HRL",
        "geography": "US",
        "content_name": "HRL Q1 2023 Press Release",
        "file_type": "pdf",
        "content_type": "earnings_press_release",
        "published_date": "2023-03-02",
        "fiscal_date": "2023-03-02",
        "fiscal_year": 2023,
        "fiscal_quarter": 1,
        "r2_url": "https://pub-2c783279b61043e19fbdadd1bee5153a.r2.dev/HRL/2023-03-02/c7bab-2023-03-02-12-49-45/c7bab-2023-03-02-12-49-45.pdf/c7bab-2023-03-02-12-49-45.pdf",
        "periodicity": "periodic"
    },
    {
        "equity_ticker": "HRL",
        "geography": "US",
        "content_name": "HRL Q1 2023 Presentation",
        "file_type": "pdf",
        "content_type": "earnings_presentation",
        "published_date": "2023-03-02",
        "fiscal_date": "2023-03-02",
        "fiscal_year": 2023,
        "fiscal_quarter": 1,
        "r2_url": "https://pub-2c783279b61043e19fbdadd1bee5153a.r2.dev/HRL/2023-03-02/c5238-2023-03-02-12-49-45/c5238-2023-03-02-12-49-45.pdf/c5238-2023-03-02-12-49-45.pdf",
        "periodicity": "periodic"
    },
    {
        "equity_ticker": "HRL",
        "geography": "US",
        "content_name": "Investor Update - February 28, 2023",
        "file_type": "pdf",
        "content_type": "company_conference_transcript",
        "published_date": "2023-02-28",
        "fiscal_date": "2023-02-28",
        "fiscal_year": 0,
        "fiscal_quarter": 0,
        "r2_url": "https://pub-2c783279b61043e19fbdadd1bee5153a.r2.dev/HRL/2023-02-28/Hormel%20Foods%20Corporation_2023-02-28_transcript/Hormel%20Foods%20Corporation_2023-02-28_transcript.pdf/Hormel%20Foods%20Corporation_2023-02-28_transcript.pdf",
        "periodicity": "non_periodic"
    },
    {
        "equity_ticker": "HRL",
        "geography": "US",
        "content_name": "Investor Update - February 28, 2023",
        "file_type": "pdf",
        "content_type": "company_conference_presentation",
        "published_date": "2023-02-28",
        "fiscal_date": "2023-02-28",
        "fiscal_year": 0,
        "fiscal_quarter": 0,
        "r2_url": "https://pub-2c783279b61043e19fbdadd1bee5153a.r2.dev/HRL/2023-02-28/8b7bf-2024-07-29-09-30-19/8b7bf-2024-07-29-09-30-19.pdf/8b7bf-2024-07-29-09-30-19.pdf",
        "periodicity": "non_periodic"
    },
    {
        "equity_ticker": "HRL",
        "geography": "US",
        "content_name": "HRL Q4 2022 Transcript",
        "file_type": "pdf",
        "content_type": "earnings_transcript",
        "published_date": "2022-11-30",
        "fiscal_date": "2022-11-30",
        "fiscal_year": 2022,
        "fiscal_quarter": 4,
        "r2_url": "https://pub-2c783279b61043e19fbdadd1bee5153a.r2.dev/HRL/2022-11-30/Hormel%20Foods%20Corporation_2022-11-30_transcript/Hormel%20Foods%20Corporation_2022-11-30_transcript.pdf/Hormel%20Foods%20Corporation_2022-11-30_transcript.pdf",
        "periodicity": "periodic"
    },
    {
        "equity_ticker": "HRL",
        "geography": "US",
        "content_name": "HRL Q4 2022 Press Release",
        "file_type": "pdf",
        "content_type": "earnings_press_release",
        "published_date": "2022-11-30",
        "fiscal_date": "2022-11-30",
        "fiscal_year": 2022,
        "fiscal_quarter": 4,
        "r2_url": "https://pub-2c783279b61043e19fbdadd1bee5153a.r2.dev/HRL/2022-11-30/f5fd4-2022-11-30-01-50-05/f5fd4-2022-11-30-01-50-05.pdf/f5fd4-2022-11-30-01-50-05.pdf",
        "periodicity": "periodic"
    },
    {
        "equity_ticker": "HRL",
        "geography": "US",
        "content_name": "HRL Q4 2022 Presentation",
        "file_type": "pdf",
        "content_type": "earnings_presentation",
        "published_date": "2022-11-30",
        "fiscal_date": "2022-11-30",
        "fiscal_year": 2022,
        "fiscal_quarter": 4,
        "r2_url": "https://pub-2c783279b61043e19fbdadd1bee5153a.r2.dev/HRL/2022-11-30/d3efd-2022-11-30-01-51-05/d3efd-2022-11-30-01-51-05.pdf/d3efd-2022-11-30-01-51-05.pdf",
        "periodicity": "periodic"
    },
    {
        "equity_ticker": "HRL",
        "geography": "US",
        "content_name": "HRL Q3 2022 Transcript",
        "file_type": "pdf",
        "content_type": "earnings_transcript",
        "published_date": "2022-09-01",
        "fiscal_date": "2022-09-01",
        "fiscal_year": 2022,
        "fiscal_quarter": 3,
        "r2_url": "https://pub-2c783279b61043e19fbdadd1bee5153a.r2.dev/HRL/2022-09-01/Hormel%20Foods%20Corporation_2022-09-01_transcript/Hormel%20Foods%20Corporation_2022-09-01_transcript.pdf/Hormel%20Foods%20Corporation_2022-09-01_transcript.pdf",
        "periodicity": "periodic"
    },
    {
        "equity_ticker": "HRL",
        "geography": "US",
        "content_name": "HRL Q3 2022 Press Release",
        "file_type": "pdf",
        "content_type": "earnings_press_release",
        "published_date": "2022-09-01",
        "fiscal_date": "2022-09-01",
        "fiscal_year": 2022,
        "fiscal_quarter": 3,
        "r2_url": "https://pub-2c783279b61043e19fbdadd1bee5153a.r2.dev/HRL/2022-09-01/2183d-2022-09-01-11-54-20/2183d-2022-09-01-11-54-20.pdf/2183d-2022-09-01-11-54-20.pdf",
        "periodicity": "periodic"
    },
    {
        "equity_ticker": "HRL",
        "geography": "US",
        "content_name": "HRL Q3 2022 Presentation",
        "file_type": "pdf",
        "content_type": "earnings_presentation",
        "published_date": "2022-09-01",
        "fiscal_date": "2022-09-01",
        "fiscal_year": 2022,
        "fiscal_quarter": 3,
        "r2_url": "https://pub-2c783279b61043e19fbdadd1bee5153a.r2.dev/HRL/2022-09-01/31516-2022-09-01-11-13-21/31516-2022-09-01-11-13-21.pdf/31516-2022-09-01-11-13-21.pdf",
        "periodicity": "periodic"
    },
    {
        "equity_ticker": "HRL",
        "geography": "US",
        "content_name": "HRL Q2 2022 Transcript",
        "file_type": "pdf",
        "content_type": "earnings_transcript",
        "published_date": "2022-06-02",
        "fiscal_date": "2022-06-02",
        "fiscal_year": 2022,
        "fiscal_quarter": 2,
        "r2_url": "https://pub-2c783279b61043e19fbdadd1bee5153a.r2.dev/HRL/2022-06-02/Hormel%20Foods%20Corporation_2022-06-02_transcript/Hormel%20Foods%20Corporation_2022-06-02_transcript.pdf/Hormel%20Foods%20Corporation_2022-06-02_transcript.pdf",
        "periodicity": "periodic"
    },
    {
        "equity_ticker": "HRL",
        "geography": "US",
        "content_name": "HRL Q2 2022 Press Release",
        "file_type": "pdf",
        "content_type": "earnings_press_release",
        "published_date": "2022-06-02",
        "fiscal_date": "2022-06-02",
        "fiscal_year": 2022,
        "fiscal_quarter": 2,
        "r2_url": "https://pub-2c783279b61043e19fbdadd1bee5153a.r2.dev/HRL/2022-06-02/cb93c-2022-06-02-11-43-09/cb93c-2022-06-02-11-43-09.pdf/cb93c-2022-06-02-11-43-09.pdf",
        "periodicity": "periodic"
    },
    {
        "equity_ticker": "HRL",
        "geography": "US",
        "content_name": "HRL Q2 2022 Presentation",
        "file_type": "pdf",
        "content_type": "earnings_presentation",
        "published_date": "2022-06-02",
        "fiscal_date": "2022-06-02",
        "fiscal_year": 2022,
        "fiscal_quarter": 2,
        "r2_url": "https://pub-2c783279b61043e19fbdadd1bee5153a.r2.dev/HRL/2022-06-02/0aba5-2022-06-02-11-43-09/0aba5-2022-06-02-11-43-09.pdf/0aba5-2022-06-02-11-43-09.pdf",
        "periodicity": "periodic"
    },
    {
        "equity_ticker": "HRL",
        "geography": "US",
        "content_name": "HRL Q1 2022 Transcript",
        "file_type": "pdf",
        "content_type": "earnings_transcript",
        "published_date": "2022-03-01",
        "fiscal_date": "2022-03-01",
        "fiscal_year": 2022,
        "fiscal_quarter": 1,
        "r2_url": "https://pub-2c783279b61043e19fbdadd1bee5153a.r2.dev/HRL/2022-03-01/Hormel%20Foods%20Corporation_2022-03-01_transcript/Hormel%20Foods%20Corporation_2022-03-01_transcript.pdf/Hormel%20Foods%20Corporation_2022-03-01_transcript.pdf",
        "periodicity": "periodic"
    },
    {
        "equity_ticker": "HRL",
        "geography": "US",
        "content_name": "HRL Q1 2022 Press Release",
        "file_type": "pdf",
        "content_type": "earnings_press_release",
        "published_date": "2022-03-01",
        "fiscal_date": "2022-03-01",
        "fiscal_year": 2022,
        "fiscal_quarter": 1,
        "r2_url": "https://pub-2c783279b61043e19fbdadd1bee5153a.r2.dev/HRL/2022-03-01/f9772-2023-01-25-12-06-40/f9772-2023-01-25-12-06-40.pdf/f9772-2023-01-25-12-06-40.pdf",
        "periodicity": "periodic"
    },
    {
        "equity_ticker": "HRL",
        "geography": "US",
        "content_name": "AGM 2022 - January 26, 2022",
        "file_type": "pdf",
        "content_type": "company_conference_transcript",
        "published_date": "2022-01-26",
        "fiscal_date": "2022-01-26",
        "fiscal_year": 0,
        "fiscal_quarter": 0,
        "r2_url": "https://pub-2c783279b61043e19fbdadd1bee5153a.r2.dev/HRL/2022-01-26/Hormel%20Foods%20Corporation_2022-01-26_transcript/Hormel%20Foods%20Corporation_2022-01-26_transcript.pdf/Hormel%20Foods%20Corporation_2022-01-26_transcript.pdf",
        "periodicity": "non_periodic"
    },
    {
        "equity_ticker": "HRL",
        "geography": "US",
        "content_name": "HRL Q4 2021 Transcript",
        "file_type": "pdf",
        "content_type": "earnings_transcript",
        "published_date": "2021-12-09",
        "fiscal_date": "2021-12-09",
        "fiscal_year": 2021,
        "fiscal_quarter": 4,
        "r2_url": "https://pub-2c783279b61043e19fbdadd1bee5153a.r2.dev/HRL/2021-12-09/Hormel%20Foods%20Corporation_2021-12-09_transcript/Hormel%20Foods%20Corporation_2021-12-09_transcript.pdf/Hormel%20Foods%20Corporation_2021-12-09_transcript.pdf",
        "periodicity": "periodic"
    },
    {
        "equity_ticker": "HRL",
        "geography": "US",
        "content_name": "HRL Q4 2021 Press Release",
        "file_type": "pdf",
        "content_type": "earnings_press_release",
        "published_date": "2021-12-09",
        "fiscal_date": "2021-12-09",
        "fiscal_year": 2021,
        "fiscal_quarter": 4,
        "r2_url": "https://pub-2c783279b61043e19fbdadd1bee5153a.r2.dev/HRL/2021-12-09/073e8-2023-01-25-12-49-05/073e8-2023-01-25-12-49-05.pdf/073e8-2023-01-25-12-49-05.pdf",
        "periodicity": "periodic"
    },
    {
        "equity_ticker": "HRL",
        "geography": "US",
        "content_name": "Investor Update - October 14, 2021",
        "file_type": "pdf",
        "content_type": "company_conference_transcript",
        "published_date": "2021-10-14",
        "fiscal_date": "2021-10-14",
        "fiscal_year": 0,
        "fiscal_quarter": 0,
        "r2_url": "https://pub-2c783279b61043e19fbdadd1bee5153a.r2.dev/HRL/2021-10-14/Hormel%20Foods%20Corporation_2021-10-14_transcript/Hormel%20Foods%20Corporation_2021-10-14_transcript.pdf/Hormel%20Foods%20Corporation_2021-10-14_transcript.pdf",
        "periodicity": "non_periodic"
    },
    {
        "equity_ticker": "HRL",
        "geography": "US",
        "content_name": "HRL Q3 2021 Transcript",
        "file_type": "pdf",
        "content_type": "earnings_transcript",
        "published_date": "2021-09-02",
        "fiscal_date": "2021-09-02",
        "fiscal_year": 2021,
        "fiscal_quarter": 3,
        "r2_url": "https://pub-2c783279b61043e19fbdadd1bee5153a.r2.dev/HRL/2021-09-02/Hormel%20Foods%20Corporation_2021-09-02_transcript/Hormel%20Foods%20Corporation_2021-09-02_transcript.pdf/Hormel%20Foods%20Corporation_2021-09-02_transcript.pdf",
        "periodicity": "periodic"
    },
    {
        "equity_ticker": "HRL",
        "geography": "US",
        "content_name": "HRL Q3 2021 Press Release",
        "file_type": "pdf",
        "content_type": "quarterly_report",
        "published_date": "2021-09-02",
        "fiscal_date": "2021-09-02",
        "fiscal_year": 2021,
        "fiscal_quarter": 3,
        "r2_url": "https://pub-2c783279b61043e19fbdadd1bee5153a.r2.dev/HRL/2021-09-02/86596-2024-08-29-08-48-40/86596-2024-08-29-08-48-40.pdf/86596-2024-08-29-08-48-40.pdf",
        "periodicity": "periodic"
    },
    {
        "equity_ticker": "HRL",
        "geography": "US",
        "content_name": "HRL Q2 2021 Transcript",
        "file_type": "pdf",
        "content_type": "earnings_transcript",
        "published_date": "2021-05-20",
        "fiscal_date": "2021-05-20",
        "fiscal_year": 2021,
        "fiscal_quarter": 2,
        "r2_url": "https://pub-2c783279b61043e19fbdadd1bee5153a.r2.dev/HRL/2021-05-20/Hormel%20Foods%20Corporation_2021-05-20_transcript/Hormel%20Foods%20Corporation_2021-05-20_transcript.pdf/Hormel%20Foods%20Corporation_2021-05-20_transcript.pdf",
        "periodicity": "periodic"
    },
    {
        "equity_ticker": "HRL",
        "geography": "US",
        "content_name": "HRL Q2 2021 Press Release",
        "file_type": "pdf",
        "content_type": "earnings_press_release",
        "published_date": "2021-05-20",
        "fiscal_date": "2021-05-20",
        "fiscal_year": 2021,
        "fiscal_quarter": 2,
        "r2_url": "https://pub-2c783279b61043e19fbdadd1bee5153a.r2.dev/HRL/2021-05-20/dc017-2023-01-25-09-34-20/dc017-2023-01-25-09-34-20.pdf/dc017-2023-01-25-09-34-20.pdf",
        "periodicity": "periodic"
    },
    {
        "equity_ticker": "HRL",
        "geography": "US",
        "content_name": "HRL Q1 2021 Transcript",
        "file_type": "pdf",
        "content_type": "earnings_transcript",
        "published_date": "2021-02-18",
        "fiscal_date": "2021-02-18",
        "fiscal_year": 2021,
        "fiscal_quarter": 1,
        "r2_url": "https://pub-2c783279b61043e19fbdadd1bee5153a.r2.dev/HRL/2021-02-18/Hormel%20Foods%20Corporation_2021-02-18_transcript/Hormel%20Foods%20Corporation_2021-02-18_transcript.pdf/Hormel%20Foods%20Corporation_2021-02-18_transcript.pdf",
        "periodicity": "periodic"
    },
    {
        "equity_ticker": "HRL",
        "geography": "US",
        "content_name": "HRL Q1 2021 Press Release",
        "file_type": "pdf",
        "content_type": "earnings_press_release",
        "published_date": "2021-02-18",
        "fiscal_date": "2021-02-18",
        "fiscal_year": 2021,
        "fiscal_quarter": 1,
        "r2_url": "https://pub-2c783279b61043e19fbdadd1bee5153a.r2.dev/HRL/2021-02-18/5e925-2024-07-29-09-58-23/5e925-2024-07-29-09-58-23.pdf/5e925-2024-07-29-09-58-23.pdf",
        "periodicity": "periodic"
    },
    {
        "equity_ticker": "HRL",
        "geography": "US",
        "content_name": "HRL Q4 2020 Transcript",
        "file_type": "pdf",
        "content_type": "earnings_transcript",
        "published_date": "2020-12-04",
        "fiscal_date": "2020-12-04",
        "fiscal_year": 2020,
        "fiscal_quarter": 4,
        "r2_url": "https://pub-2c783279b61043e19fbdadd1bee5153a.r2.dev/HRL/2020-12-04/Hormel%20Foods%20Corporation_2020-12-04_transcript/Hormel%20Foods%20Corporation_2020-12-04_transcript.pdf/Hormel%20Foods%20Corporation_2020-12-04_transcript.pdf",
        "periodicity": "periodic"
    },
    {
        "equity_ticker": "HRL",
        "geography": "US",
        "content_name": "HRL Q4 2020 Press Release",
        "file_type": "pdf",
        "content_type": "annual_report",
        "published_date": "2020-12-04",
        "fiscal_date": "2020-12-04",
        "fiscal_year": 2020,
        "fiscal_quarter": 4,
        "r2_url": "https://pub-2c783279b61043e19fbdadd1bee5153a.r2.dev/HRL/2020-12-04/014e8-2023-09-05-08-03-25/014e8-2023-09-05-08-03-25.pdf/014e8-2023-09-05-08-03-25.pdf",
        "periodicity": "periodic"
    },
    {
        "equity_ticker": "HRL",
        "geography": "US",
        "content_name": "HRL Q3 2020 Transcript",
        "file_type": "pdf",
        "content_type": "earnings_transcript",
        "published_date": "2020-08-25",
        "fiscal_date": "2020-08-25",
        "fiscal_year": 2020,
        "fiscal_quarter": 3,
        "r2_url": "https://pub-2c783279b61043e19fbdadd1bee5153a.r2.dev/HRL/2020-08-25/Hormel%20Foods%20Corporation_2020-08-25_transcript/Hormel%20Foods%20Corporation_2020-08-25_transcript.pdf/Hormel%20Foods%20Corporation_2020-08-25_transcript.pdf",
        "periodicity": "periodic"
    },
    {
        "equity_ticker": "HRL",
        "geography": "US",
        "content_name": "HRL Q2 2020 Transcript",
        "file_type": "pdf",
        "content_type": "earnings_transcript",
        "published_date": "2020-05-21",
        "fiscal_date": "2020-05-21",
        "fiscal_year": 2020,
        "fiscal_quarter": 2,
        "r2_url": "https://pub-2c783279b61043e19fbdadd1bee5153a.r2.dev/HRL/2020-05-21/Hormel%20Foods%20Corporation_2020-05-21_transcript/Hormel%20Foods%20Corporation_2020-05-21_transcript.pdf/Hormel%20Foods%20Corporation_2020-05-21_transcript.pdf",
        "periodicity": "periodic"
    },
    {
        "equity_ticker": "HRL",
        "geography": "US",
        "content_name": "HRL Q1 2020 Transcript",
        "file_type": "pdf",
        "content_type": "earnings_transcript",
        "published_date": "2020-02-20",
        "fiscal_date": "2020-02-20",
        "fiscal_year": 2020,
        "fiscal_quarter": 1,
        "r2_url": "https://pub-2c783279b61043e19fbdadd1bee5153a.r2.dev/HRL/2020-02-20/Hormel%20Foods%20Corporation_2020-02-20_transcript/Hormel%20Foods%20Corporation_2020-02-20_transcript.pdf/Hormel%20Foods%20Corporation_2020-02-20_transcript.pdf",
        "periodicity": "periodic"
    },
    {
        "equity_ticker": "HRL",
        "geography": "US",
        "content_name": "HRL Q4 2019 Transcript",
        "file_type": "pdf",
        "content_type": "earnings_transcript",
        "published_date": "2019-12-06",
        "fiscal_date": "2019-12-06",
        "fiscal_year": 2019,
        "fiscal_quarter": 4,
        "r2_url": "https://pub-2c783279b61043e19fbdadd1bee5153a.r2.dev/HRL/2019-12-06/Hormel%20Foods%20Corporation_2019-12-06_transcript/Hormel%20Foods%20Corporation_2019-12-06_transcript.pdf/Hormel%20Foods%20Corporation_2019-12-06_transcript.pdf",
        "periodicity": "periodic"
    },
    {
        "equity_ticker": "HRL",
        "geography": "US",
        "content_name": "HRL Q4 2019 Press Release",
        "file_type": "pdf",
        "content_type": "annual_report",
        "published_date": "2019-12-06",
        "fiscal_date": "2019-12-06",
        "fiscal_year": 2019,
        "fiscal_quarter": 4,
        "r2_url": "https://pub-2c783279b61043e19fbdadd1bee5153a.r2.dev/HRL/2019-12-06/17f04-2023-09-05-08-21-25/17f04-2023-09-05-08-21-25.pdf/17f04-2023-09-05-08-21-25.pdf",
        "periodicity": "periodic"
    },
    {
        "equity_ticker": "HRL",
        "geography": "US",
        "content_name": "HRL Q3 2019 Transcript",
        "file_type": "pdf",
        "content_type": "earnings_transcript",
        "published_date": "2019-08-22",
        "fiscal_date": "2019-08-22",
        "fiscal_year": 2019,
        "fiscal_quarter": 3,
        "r2_url": "https://pub-2c783279b61043e19fbdadd1bee5153a.r2.dev/HRL/2019-08-22/Hormel%20Foods%20Corporation_2019-08-22_transcript/Hormel%20Foods%20Corporation_2019-08-22_transcript.pdf/Hormel%20Foods%20Corporation_2019-08-22_transcript.pdf",
        "periodicity": "periodic"
    },
    {
        "equity_ticker": "HRL",
        "geography": "US",
        "content_name": "HRL Q2 2019 Transcript",
        "file_type": "pdf",
        "content_type": "earnings_transcript",
        "published_date": "2019-05-23",
        "fiscal_date": "2019-05-23",
        "fiscal_year": 2019,
        "fiscal_quarter": 2,
        "r2_url": "https://pub-2c783279b61043e19fbdadd1bee5153a.r2.dev/HRL/2019-05-23/Hormel%20Foods%20Corporation_2019-05-23_transcript/Hormel%20Foods%20Corporation_2019-05-23_transcript.pdf/Hormel%20Foods%20Corporation_2019-05-23_transcript.pdf",
        "periodicity": "periodic"
    },
    {
        "equity_ticker": "HRL",
        "geography": "US",
        "content_name": "HRL Q1 2019 Transcript",
        "file_type": "pdf",
        "content_type": "earnings_transcript",
        "published_date": "2019-02-21",
        "fiscal_date": "2019-02-21",
        "fiscal_year": 2019,
        "fiscal_quarter": 1,
        "r2_url": "https://pub-2c783279b61043e19fbdadd1bee5153a.r2.dev/HRL/2019-02-21/Hormel%20Foods%20Corporation_2019-02-21_transcript/Hormel%20Foods%20Corporation_2019-02-21_transcript.pdf/Hormel%20Foods%20Corporation_2019-02-21_transcript.pdf",
        "periodicity": "periodic"
    },
    {
        "equity_ticker": "HRL",
        "geography": "US",
        "content_name": "HRL Q4 2018 Transcript",
        "file_type": "pdf",
        "content_type": "earnings_transcript",
        "published_date": "2018-12-07",
        "fiscal_date": "2018-12-07",
        "fiscal_year": 2018,
        "fiscal_quarter": 4,
        "r2_url": "https://pub-2c783279b61043e19fbdadd1bee5153a.r2.dev/HRL/2018-12-07/Hormel%20Foods%20Corporation_2018-12-07_transcript/Hormel%20Foods%20Corporation_2018-12-07_transcript.pdf/Hormel%20Foods%20Corporation_2018-12-07_transcript.pdf",
        "periodicity": "periodic"
    },
    {
        "equity_ticker": "HRL",
        "geography": "US",
        "content_name": "HRL Q4 2018 Press Release",
        "file_type": "pdf",
        "content_type": "annual_report",
        "published_date": "2018-12-07",
        "fiscal_date": "2018-12-07",
        "fiscal_year": 2018,
        "fiscal_quarter": 4,
        "r2_url": "https://pub-2c783279b61043e19fbdadd1bee5153a.r2.dev/HRL/2018-12-07/28043-2023-09-05-08-34-25/28043-2023-09-05-08-34-25.pdf/28043-2023-09-05-08-34-25.pdf",
        "periodicity": "periodic"
    },
    {
        "equity_ticker": "HRL",
        "geography": "US",
        "content_name": "HRL Q3 2018 Transcript",
        "file_type": "pdf",
        "content_type": "earnings_transcript",
        "published_date": "2018-08-23",
        "fiscal_date": "2018-08-23",
        "fiscal_year": 2018,
        "fiscal_quarter": 3,
        "r2_url": "https://pub-2c783279b61043e19fbdadd1bee5153a.r2.dev/HRL/2018-08-23/Hormel%20Foods%20Corporation_2018-08-23_transcript/Hormel%20Foods%20Corporation_2018-08-23_transcript.pdf/Hormel%20Foods%20Corporation_2018-08-23_transcript.pdf",
        "periodicity": "periodic"
    },
    {
        "equity_ticker": "HRL",
        "geography": "US",
        "content_name": "HRL Q2 2018 Transcript",
        "file_type": "pdf",
        "content_type": "earnings_transcript",
        "published_date": "2018-05-24",
        "fiscal_date": "2018-05-24",
        "fiscal_year": 2018,
        "fiscal_quarter": 2,
        "r2_url": "https://pub-2c783279b61043e19fbdadd1bee5153a.r2.dev/HRL/2018-05-24/Hormel%20Foods%20Corporation_2018-05-24_transcript/Hormel%20Foods%20Corporation_2018-05-24_transcript.pdf/Hormel%20Foods%20Corporation_2018-05-24_transcript.pdf",
        "periodicity": "periodic"
    },
    {
        "equity_ticker": "HRL",
        "geography": "US",
        "content_name": "HRL Q1 2018 Transcript",
        "file_type": "pdf",
        "content_type": "earnings_transcript",
        "published_date": "2018-02-22",
        "fiscal_date": "2018-02-22",
        "fiscal_year": 2018,
        "fiscal_quarter": 1,
        "r2_url": "https://pub-2c783279b61043e19fbdadd1bee5153a.r2.dev/HRL/2018-02-22/Hormel%20Foods%20Corporation_2018-02-22_transcript/Hormel%20Foods%20Corporation_2018-02-22_transcript.pdf/Hormel%20Foods%20Corporation_2018-02-22_transcript.pdf",
        "periodicity": "periodic"
    },
    {
        "equity_ticker": "HRL",
        "geography": "US",
        "content_name": "HRL Q4 2017 Transcript",
        "file_type": "pdf",
        "content_type": "earnings_transcript",
        "published_date": "2017-12-20",
        "fiscal_date": "2017-12-20",
        "fiscal_year": 2017,
        "fiscal_quarter": 4,
        "r2_url": "https://pub-2c783279b61043e19fbdadd1bee5153a.r2.dev/HRL/2017-12-20/Hormel%20Foods%20Corporation_2017-12-20_transcript/Hormel%20Foods%20Corporation_2017-12-20_transcript.pdf/Hormel%20Foods%20Corporation_2017-12-20_transcript.pdf",
        "periodicity": "periodic"
    },
    {
        "equity_ticker": "HRL",
        "geography": "US",
        "content_name": "HRL Q4 2017 Press Release",
        "file_type": "pdf",
        "content_type": "annual_report",
        "published_date": "2017-12-20",
        "fiscal_date": "2017-12-20",
        "fiscal_year": 2017,
        "fiscal_quarter": 4,
        "r2_url": "https://pub-2c783279b61043e19fbdadd1bee5153a.r2.dev/HRL/2017-12-20/744dc-2023-09-05-08-47-25/744dc-2023-09-05-08-47-25.pdf/744dc-2023-09-05-08-47-25.pdf",
        "periodicity": "periodic"
    },
    {
        "equity_ticker": "HRL",
        "geography": "US",
        "content_name": "HRL Q3 2017 Transcript",
        "file_type": "pdf",
        "content_type": "earnings_transcript",
        "published_date": "2017-08-24",
        "fiscal_date": "2017-08-24",
        "fiscal_year": 2017,
        "fiscal_quarter": 3,
        "r2_url": "https://pub-2c783279b61043e19fbdadd1bee5153a.r2.dev/HRL/2017-08-24/Hormel%20Foods%20Corporation_2017-08-24_transcript/Hormel%20Foods%20Corporation_2017-08-24_transcript.pdf/Hormel%20Foods%20Corporation_2017-08-24_transcript.pdf",
        "periodicity": "periodic"
    },
    {
        "equity_ticker": "HRL",
        "geography": "US",
        "content_name": "HRL Q2 2017 Transcript",
        "file_type": "pdf",
        "content_type": "earnings_transcript",
        "published_date": "2017-05-25",
        "fiscal_date": "2017-05-25",
        "fiscal_year": 2017,
        "fiscal_quarter": 2,
        "r2_url": "https://pub-2c783279b61043e19fbdadd1bee5153a.r2.dev/HRL/2017-05-25/Hormel%20Foods%20Corporation_2017-05-25_transcript/Hormel%20Foods%20Corporation_2017-05-25_transcript.pdf/Hormel%20Foods%20Corporation_2017-05-25_transcript.pdf",
        "periodicity": "periodic"
    },
    {
        "equity_ticker": "HRL",
        "geography": "US",
        "content_name": "HRL Q1 2017 Transcript",
        "file_type": "pdf",
        "content_type": "earnings_transcript",
        "published_date": "2017-02-23",
        "fiscal_date": "2017-02-23",
        "fiscal_year": 2017,
        "fiscal_quarter": 1,
        "r2_url": "https://pub-2c783279b61043e19fbdadd1bee5153a.r2.dev/HRL/2017-02-23/Hormel%20Foods%20Corporation_2017-02-23_transcript/Hormel%20Foods%20Corporation_2017-02-23_transcript.pdf/Hormel%20Foods%20Corporation_2017-02-23_transcript.pdf",
        "periodicity": "periodic"
    },
    {
        "equity_ticker": "HRL",
        "geography": "US",
        "content_name": "HRL Q4 2016 Transcript",
        "file_type": "pdf",
        "content_type": "earnings_transcript",
        "published_date": "2016-12-21",
        "fiscal_date": "2016-12-21",
        "fiscal_year": 2016,
        "fiscal_quarter": 4,
        "r2_url": "https://pub-2c783279b61043e19fbdadd1bee5153a.r2.dev/HRL/2016-12-21/Hormel%20Foods%20Corporation_2016-12-21_transcript/Hormel%20Foods%20Corporation_2016-12-21_transcript.pdf/Hormel%20Foods%20Corporation_2016-12-21_transcript.pdf",
        "periodicity": "periodic"
    },
    {
        "equity_ticker": "HRL",
        "geography": "US",
        "content_name": "HRL Q4 2016 Press Release",
        "file_type": "pdf",
        "content_type": "annual_report",
        "published_date": "2016-12-21",
        "fiscal_date": "2016-12-21",
        "fiscal_year": 2016,
        "fiscal_quarter": 4,
        "r2_url": "https://pub-2c783279b61043e19fbdadd1bee5153a.r2.dev/HRL/2016-12-21/3c804-2023-09-05-08-09-26/3c804-2023-09-05-08-09-26.pdf/3c804-2023-09-05-08-09-26.pdf",
        "periodicity": "periodic"
    },
    {
        "equity_ticker": "HRL",
        "geography": "US",
        "content_name": "HRL Q3 2016 Transcript",
        "file_type": "pdf",
        "content_type": "earnings_transcript",
        "published_date": "2016-08-18",
        "fiscal_date": "2016-08-18",
        "fiscal_year": 2016,
        "fiscal_quarter": 3,
        "r2_url": "https://pub-2c783279b61043e19fbdadd1bee5153a.r2.dev/HRL/2016-08-18/Hormel%20Foods%20Corporation_2016-08-18_transcript/Hormel%20Foods%20Corporation_2016-08-18_transcript.pdf/Hormel%20Foods%20Corporation_2016-08-18_transcript.pdf",
        "periodicity": "periodic"
    },
    {
        "equity_ticker": "HRL",
        "geography": "US",
        "content_name": "HRL Q2 2016 Transcript",
        "file_type": "pdf",
        "content_type": "earnings_transcript",
        "published_date": "2016-05-18",
        "fiscal_date": "2016-05-18",
        "fiscal_year": 2016,
        "fiscal_quarter": 2,
        "r2_url": "https://pub-2c783279b61043e19fbdadd1bee5153a.r2.dev/HRL/2016-05-18/Hormel%20Foods%20Corporation_2016-05-18_transcript/Hormel%20Foods%20Corporation_2016-05-18_transcript.pdf/Hormel%20Foods%20Corporation_2016-05-18_transcript.pdf",
        "periodicity": "periodic"
    },
    {
        "equity_ticker": "HRL",
        "geography": "US",
        "content_name": "HRL Q1 2016 Transcript",
        "file_type": "pdf",
        "content_type": "earnings_transcript",
        "published_date": "2016-02-16",
        "fiscal_date": "2016-02-16",
        "fiscal_year": 2016,
        "fiscal_quarter": 1,
        "r2_url": "https://pub-2c783279b61043e19fbdadd1bee5153a.r2.dev/HRL/2016-02-16/Hormel%20Foods%20Corporation_2016-02-16_transcript/Hormel%20Foods%20Corporation_2016-02-16_transcript.pdf/Hormel%20Foods%20Corporation_2016-02-16_transcript.pdf",
        "periodicity": "periodic"
    },
    {
        "equity_ticker": "HRL",
        "geography": "US",
        "content_name": "HRL Q4 2015 Transcript",
        "file_type": "pdf",
        "content_type": "earnings_transcript",
        "published_date": "2015-12-16",
        "fiscal_date": "2015-12-16",
        "fiscal_year": 2015,
        "fiscal_quarter": 4,
        "r2_url": "https://pub-2c783279b61043e19fbdadd1bee5153a.r2.dev/HRL/2015-12-16/Hormel%20Foods%20Corporation_2015-12-16_transcript/Hormel%20Foods%20Corporation_2015-12-16_transcript.pdf/Hormel%20Foods%20Corporation_2015-12-16_transcript.pdf",
        "periodicity": "periodic"
    },
    {
        "equity_ticker": "HRL",
        "geography": "US",
        "content_name": "HRL Q4 2015 Press Release",
        "file_type": "pdf",
        "content_type": "annual_report",
        "published_date": "2015-12-16",
        "fiscal_date": "2015-12-16",
        "fiscal_year": 2015,
        "fiscal_quarter": 4,
        "r2_url": "https://pub-2c783279b61043e19fbdadd1bee5153a.r2.dev/HRL/2015-12-16/862a3-2023-09-05-08-17-26/862a3-2023-09-05-08-17-26.pdf/862a3-2023-09-05-08-17-26.pdf",
        "periodicity": "periodic"
    },
    {
        "equity_ticker": "HRL",
        "geography": "US",
        "content_name": "HRL Q3 2015 Transcript",
        "file_type": "pdf",
        "content_type": "earnings_transcript",
        "published_date": "2015-08-19",
        "fiscal_date": "2015-08-19",
        "fiscal_year": 2015,
        "fiscal_quarter": 3,
        "r2_url": "https://pub-2c783279b61043e19fbdadd1bee5153a.r2.dev/HRL/2015-08-19/Hormel%20Foods%20Corporation_2015-08-19_transcript/Hormel%20Foods%20Corporation_2015-08-19_transcript.pdf/Hormel%20Foods%20Corporation_2015-08-19_transcript.pdf",
        "periodicity": "periodic"
    },
    {
        "equity_ticker": "HRL",
        "geography": "US",
        "content_name": "HRL Q2 2015 Transcript",
        "file_type": "pdf",
        "content_type": "earnings_transcript",
        "published_date": "2015-05-20",
        "fiscal_date": "2015-05-20",
        "fiscal_year": 2015,
        "fiscal_quarter": 2,
        "r2_url": "https://pub-2c783279b61043e19fbdadd1bee5153a.r2.dev/HRL/2015-05-20/Hormel%20Foods%20Corporation_2015-05-20_transcript/Hormel%20Foods%20Corporation_2015-05-20_transcript.pdf/Hormel%20Foods%20Corporation_2015-05-20_transcript.pdf",
        "periodicity": "periodic"
    },
    {
        "equity_ticker": "HRL",
        "geography": "US",
        "content_name": "HRL Q1 2015 Transcript",
        "file_type": "pdf",
        "content_type": "earnings_transcript",
        "published_date": "2015-02-19",
        "fiscal_date": "2015-02-19",
        "fiscal_year": 2015,
        "fiscal_quarter": 1,
        "r2_url": "https://pub-2c783279b61043e19fbdadd1bee5153a.r2.dev/HRL/2015-02-19/Hormel%20Foods%20Corporation_2015-02-19_transcript/Hormel%20Foods%20Corporation_2015-02-19_transcript.pdf/Hormel%20Foods%20Corporation_2015-02-19_transcript.pdf",
        "periodicity": "periodic"
    },
    {
        "equity_ticker": "HRL",
        "geography": "US",
        "content_name": "HRL Q4 2014 Transcript",
        "file_type": "pdf",
        "content_type": "earnings_transcript",
        "published_date": "2014-11-25",
        "fiscal_date": "2014-11-25",
        "fiscal_year": 2014,
        "fiscal_quarter": 4,
        "r2_url": "https://pub-2c783279b61043e19fbdadd1bee5153a.r2.dev/HRL/2014-11-25/Hormel%20Foods%20Corporation_2014-11-25_transcript/Hormel%20Foods%20Corporation_2014-11-25_transcript.pdf/Hormel%20Foods%20Corporation_2014-11-25_transcript.pdf",
        "periodicity": "periodic"
    },
    {
        "equity_ticker": "HRL",
        "geography": "US",
        "content_name": "HRL Q3 2014 Transcript",
        "file_type": "pdf",
        "content_type": "earnings_transcript",
        "published_date": "2014-08-21",
        "fiscal_date": "2014-08-21",
        "fiscal_year": 2014,
        "fiscal_quarter": 3,
        "r2_url": "https://pub-2c783279b61043e19fbdadd1bee5153a.r2.dev/HRL/2014-08-21/Hormel%20Foods%20Corporation_2014-08-21_transcript/Hormel%20Foods%20Corporation_2014-08-21_transcript.pdf/Hormel%20Foods%20Corporation_2014-08-21_transcript.pdf",
        "periodicity": "periodic"
    },
    {
        "equity_ticker": "HRL",
        "geography": "US",
        "content_name": "HRL Q2 2014 Transcript",
        "file_type": "pdf",
        "content_type": "earnings_transcript",
        "published_date": "2014-05-21",
        "fiscal_date": "2014-05-21",
        "fiscal_year": 2014,
        "fiscal_quarter": 2,
        "r2_url": "https://pub-2c783279b61043e19fbdadd1bee5153a.r2.dev/HRL/2014-05-21/Hormel%20Foods%20Corporation_2014-05-21_transcript/Hormel%20Foods%20Corporation_2014-05-21_transcript.pdf/Hormel%20Foods%20Corporation_2014-05-21_transcript.pdf",
        "periodicity": "periodic"
    },
    {
        "equity_ticker": "HRL",
        "geography": "US",
        "content_name": "HRL Q1 2014 Transcript",
        "file_type": "pdf",
        "content_type": "earnings_transcript",
        "published_date": "2014-02-20",
        "fiscal_date": "2014-02-20",
        "fiscal_year": 2014,
        "fiscal_quarter": 1,
        "r2_url": "https://pub-2c783279b61043e19fbdadd1bee5153a.r2.dev/HRL/2014-02-20/Hormel%20Foods%20Corporation_2014-02-20_transcript/Hormel%20Foods%20Corporation_2014-02-20_transcript.pdf/Hormel%20Foods%20Corporation_2014-02-20_transcript.pdf",
        "periodicity": "periodic"
    },
    {
        "equity_ticker": "HRL",
        "geography": "US",
        "content_name": "HRL Q4 2013 Transcript",
        "file_type": "pdf",
        "content_type": "earnings_transcript",
        "published_date": "2013-11-26",
        "fiscal_date": "2013-11-26",
        "fiscal_year": 2013,
        "fiscal_quarter": 4,
        "r2_url": "https://pub-2c783279b61043e19fbdadd1bee5153a.r2.dev/HRL/2013-11-26/Hormel%20Foods%20Corporation_2013-11-26_transcript/Hormel%20Foods%20Corporation_2013-11-26_transcript.pdf/Hormel%20Foods%20Corporation_2013-11-26_transcript.pdf",
        "periodicity": "periodic"
    },
    {
        "equity_ticker": "HRL",
        "geography": "US",
        "content_name": "HRL Q3 2013 Transcript",
        "file_type": "pdf",
        "content_type": "earnings_transcript",
        "published_date": "2013-08-22",
        "fiscal_date": "2013-08-22",
        "fiscal_year": 2013,
        "fiscal_quarter": 3,
        "r2_url": "https://pub-2c783279b61043e19fbdadd1bee5153a.r2.dev/HRL/2013-08-22/Hormel%20Foods%20Corporation_2013-08-22_transcript/Hormel%20Foods%20Corporation_2013-08-22_transcript.pdf/Hormel%20Foods%20Corporation_2013-08-22_transcript.pdf",
        "periodicity": "periodic"
    },
    {
        "equity_ticker": "HRL",
        "geography": "US",
        "content_name": "HRL Q2 2013 Transcript",
        "file_type": "pdf",
        "content_type": "earnings_transcript",
        "published_date": "2013-05-23",
        "fiscal_date": "2013-05-23",
        "fiscal_year": 2013,
        "fiscal_quarter": 2,
        "r2_url": "https://pub-2c783279b61043e19fbdadd1bee5153a.r2.dev/HRL/2013-05-23/Hormel%20Foods%20Corporation_2013-05-23_transcript/Hormel%20Foods%20Corporation_2013-05-23_transcript.pdf/Hormel%20Foods%20Corporation_2013-05-23_transcript.pdf",
        "periodicity": "periodic"
    },
    {
        "equity_ticker": "HRL",
        "geography": "US",
        "content_name": "HRL Q1 2013 Transcript",
        "file_type": "pdf",
        "content_type": "earnings_transcript",
        "published_date": "2013-02-21",
        "fiscal_date": "2013-02-21",
        "fiscal_year": 2013,
        "fiscal_quarter": 1,
        "r2_url": "https://pub-2c783279b61043e19fbdadd1bee5153a.r2.dev/HRL/2013-02-21/Hormel%20Foods%20Corporation_2013-02-21_transcript/Hormel%20Foods%20Corporation_2013-02-21_transcript.pdf/Hormel%20Foods%20Corporation_2013-02-21_transcript.pdf",
        "periodicity": "periodic"
    },
    {
        "equity_ticker": "HRL",
        "geography": "US",
        "content_name": "HRL Q4 2012 Transcript",
        "file_type": "pdf",
        "content_type": "earnings_transcript",
        "published_date": "2012-11-20",
        "fiscal_date": "2012-11-20",
        "fiscal_year": 2012,
        "fiscal_quarter": 4,
        "r2_url": "https://pub-2c783279b61043e19fbdadd1bee5153a.r2.dev/HRL/2012-11-20/Hormel%20Foods%20Corporation_2012-11-20_transcript/Hormel%20Foods%20Corporation_2012-11-20_transcript.pdf/Hormel%20Foods%20Corporation_2012-11-20_transcript.pdf",
        "periodicity": "periodic"
    },
    {
        "equity_ticker": "HRL",
        "geography": "US",
        "content_name": "HRL Q3 2012 Transcript",
        "file_type": "pdf",
        "content_type": "earnings_transcript",
        "published_date": "2012-08-23",
        "fiscal_date": "2012-08-23",
        "fiscal_year": 2012,
        "fiscal_quarter": 3,
        "r2_url": "https://pub-2c783279b61043e19fbdadd1bee5153a.r2.dev/HRL/2012-08-23/Hormel%20Foods%20Corporation_2012-08-23_transcript/Hormel%20Foods%20Corporation_2012-08-23_transcript.pdf/Hormel%20Foods%20Corporation_2012-08-23_transcript.pdf",
        "periodicity": "periodic"
    },
    {
        "equity_ticker": "HRL",
        "geography": "US",
        "content_name": "HRL Q2 2012 Transcript",
        "file_type": "pdf",
        "content_type": "earnings_transcript",
        "published_date": "2012-05-23",
        "fiscal_date": "2012-05-23",
        "fiscal_year": 2012,
        "fiscal_quarter": 2,
        "r2_url": "https://pub-2c783279b61043e19fbdadd1bee5153a.r2.dev/HRL/2012-05-23/Hormel%20Foods%20Corporation_2012-05-23_transcript/Hormel%20Foods%20Corporation_2012-05-23_transcript.pdf/Hormel%20Foods%20Corporation_2012-05-23_transcript.pdf",
        "periodicity": "periodic"
    },
    {
        "equity_ticker": "HRL",
        "geography": "US",
        "content_name": "HRL Q1 2012 Transcript",
        "file_type": "pdf",
        "content_type": "earnings_transcript",
        "published_date": "2012-02-23",
        "fiscal_date": "2012-02-23",
        "fiscal_year": 2012,
        "fiscal_quarter": 1,
        "r2_url": "https://pub-2c783279b61043e19fbdadd1bee5153a.r2.dev/HRL/2012-02-23/Hormel%20Foods%20Corporation_2012-02-23_transcript/Hormel%20Foods%20Corporation_2012-02-23_transcript.pdf/Hormel%20Foods%20Corporation_2012-02-23_transcript.pdf",
        "periodicity": "periodic"
    },
    {
        "equity_ticker": "HRL",
        "geography": "US",
        "content_name": "HRL Q4 2011 Transcript",
        "file_type": "pdf",
        "content_type": "earnings_transcript",
        "published_date": "2011-11-22",
        "fiscal_date": "2011-11-22",
        "fiscal_year": 2011,
        "fiscal_quarter": 4,
        "r2_url": "https://pub-2c783279b61043e19fbdadd1bee5153a.r2.dev/HRL/2011-11-22/Hormel%20Foods%20Corporation_2011-11-22_transcript/Hormel%20Foods%20Corporation_2011-11-22_transcript.pdf/Hormel%20Foods%20Corporation_2011-11-22_transcript.pdf",
        "periodicity": "periodic"
    },
    {
        "equity_ticker": "HRL",
        "geography": "US",
        "content_name": "HRL Q3 2011 Transcript",
        "file_type": "pdf",
        "content_type": "earnings_transcript",
        "published_date": "2011-08-25",
        "fiscal_date": "2011-08-25",
        "fiscal_year": 2011,
        "fiscal_quarter": 3,
        "r2_url": "https://pub-2c783279b61043e19fbdadd1bee5153a.r2.dev/HRL/2011-08-25/Hormel%20Foods%20Corporation_2011-08-25_transcript/Hormel%20Foods%20Corporation_2011-08-25_transcript.pdf/Hormel%20Foods%20Corporation_2011-08-25_transcript.pdf",
        "periodicity": "periodic"
    },
    {
        "equity_ticker": "HRL",
        "geography": "US",
        "content_name": "HRL Q2 2011 Transcript",
        "file_type": "pdf",
        "content_type": "earnings_transcript",
        "published_date": "2011-05-25",
        "fiscal_date": "2011-05-25",
        "fiscal_year": 2011,
        "fiscal_quarter": 2,
        "r2_url": "https://pub-2c783279b61043e19fbdadd1bee5153a.r2.dev/HRL/2011-05-25/Hormel%20Foods%20Corporation_2011-05-25_transcript/Hormel%20Foods%20Corporation_2011-05-25_transcript.pdf/Hormel%20Foods%20Corporation_2011-05-25_transcript.pdf",
        "periodicity": "periodic"
    },
    {
        "equity_ticker": "HRL",
        "geography": "US",
        "content_name": "HRL Q1 2011 Transcript",
        "file_type": "pdf",
        "content_type": "earnings_transcript",
        "published_date": "2011-02-22",
        "fiscal_date": "2011-02-22",
        "fiscal_year": 2011,
        "fiscal_quarter": 1,
        "r2_url": "https://pub-2c783279b61043e19fbdadd1bee5153a.r2.dev/HRL/2011-02-22/Hormel%20Foods%20Corporation_2011-02-22_transcript/Hormel%20Foods%20Corporation_2011-02-22_transcript.pdf/Hormel%20Foods%20Corporation_2011-02-22_transcript.pdf",
        "periodicity": "periodic"
    },
    {
        "equity_ticker": "HRL",
        "geography": "US",
        "content_name": "HRL Q4 2010 Transcript",
        "file_type": "pdf",
        "content_type": "earnings_transcript",
        "published_date": "2010-11-23",
        "fiscal_date": "2010-11-23",
        "fiscal_year": 2010,
        "fiscal_quarter": 4,
        "r2_url": "https://pub-2c783279b61043e19fbdadd1bee5153a.r2.dev/HRL/2010-11-23/Hormel%20Foods%20Corporation_2010-11-23_transcript/Hormel%20Foods%20Corporation_2010-11-23_transcript.pdf/Hormel%20Foods%20Corporation_2010-11-23_transcript.pdf",
        "periodicity": "periodic"
    },
    {
        "equity_ticker": "HRL",
        "geography": "US",
        "content_name": "HRL Q2 2010 Transcript",
        "file_type": "pdf",
        "content_type": "earnings_transcript",
        "published_date": "2010-05-19",
        "fiscal_date": "2010-05-19",
        "fiscal_year": 2010,
        "fiscal_quarter": 2,
        "r2_url": "https://pub-2c783279b61043e19fbdadd1bee5153a.r2.dev/HRL/2010-05-19/Hormel%20Foods%20Corporation_2010-05-19_transcript/Hormel%20Foods%20Corporation_2010-05-19_transcript.pdf/Hormel%20Foods%20Corporation_2010-05-19_transcript.pdf",
        "periodicity": "periodic"
    },
    {
        "equity_ticker": "HRL",
        "geography": "US",
        "content_name": "HRL Q1 2010 Transcript",
        "file_type": "pdf",
        "content_type": "earnings_transcript",
        "published_date": "2010-02-18",
        "fiscal_date": "2010-02-18",
        "fiscal_year": 2010,
        "fiscal_quarter": 1,
        "r2_url": "https://pub-2c783279b61043e19fbdadd1bee5153a.r2.dev/HRL/2010-02-18/Hormel%20Foods%20Corporation_2010-02-18_transcript/Hormel%20Foods%20Corporation_2010-02-18_transcript.pdf/Hormel%20Foods%20Corporation_2010-02-18_transcript.pdf",
        "periodicity": "periodic"
    },
    {
        "equity_ticker": "HRL",
        "geography": "US",
        "content_name": "HRL Q4 2009 Transcript",
        "file_type": "pdf",
        "content_type": "earnings_transcript",
        "published_date": "2009-11-24",
        "fiscal_date": "2009-11-24",
        "fiscal_year": 2009,
        "fiscal_quarter": 4,
        "r2_url": "https://pub-2c783279b61043e19fbdadd1bee5153a.r2.dev/HRL/2009-11-24/Hormel%20Foods%20Corporation_2009-11-24_transcript/Hormel%20Foods%20Corporation_2009-11-24_transcript.pdf/Hormel%20Foods%20Corporation_2009-11-24_transcript.pdf",
        "periodicity": "periodic"
    },
    {
        "equity_ticker": "HRL",
        "geography": "US",
        "content_name": "HRL Q3 2009 Transcript",
        "file_type": "pdf",
        "content_type": "earnings_transcript",
        "published_date": "2009-08-20",
        "fiscal_date": "2009-08-20",
        "fiscal_year": 2009,
        "fiscal_quarter": 3,
        "r2_url": "https://pub-2c783279b61043e19fbdadd1bee5153a.r2.dev/HRL/2009-08-20/Hormel%20Foods%20Corporation_2009-08-20_transcript/Hormel%20Foods%20Corporation_2009-08-20_transcript.pdf/Hormel%20Foods%20Corporation_2009-08-20_transcript.pdf",
        "periodicity": "periodic"
    },
    {
        "equity_ticker": "HRL",
        "geography": "US",
        "content_name": "HRL Q2 2009 Transcript",
        "file_type": "pdf",
        "content_type": "earnings_transcript",
        "published_date": "2009-05-21",
        "fiscal_date": "2009-05-21",
        "fiscal_year": 2009,
        "fiscal_quarter": 2,
        "r2_url": "https://pub-2c783279b61043e19fbdadd1bee5153a.r2.dev/HRL/2009-05-21/Hormel%20Foods%20Corporation_2009-05-21_transcript/Hormel%20Foods%20Corporation_2009-05-21_transcript.pdf/Hormel%20Foods%20Corporation_2009-05-21_transcript.pdf",
        "periodicity": "periodic"
    },
    {
        "equity_ticker": "HRL",
        "geography": "US",
        "content_name": "HRL Q1 2009 Transcript",
        "file_type": "pdf",
        "content_type": "earnings_transcript",
        "published_date": "2009-02-19",
        "fiscal_date": "2009-02-19",
        "fiscal_year": 2009,
        "fiscal_quarter": 1,
        "r2_url": "https://pub-2c783279b61043e19fbdadd1bee5153a.r2.dev/HRL/2009-02-19/Hormel%20Foods%20Corporation_2009-02-19_transcript/Hormel%20Foods%20Corporation_2009-02-19_transcript.pdf/Hormel%20Foods%20Corporation_2009-02-19_transcript.pdf",
        "periodicity": "periodic"
    },
    {
        "equity_ticker": "HRL",
        "geography": "US",
        "content_name": "HRL Q4 2008 Transcript",
        "file_type": "pdf",
        "content_type": "earnings_transcript",
        "published_date": "2008-11-25",
        "fiscal_date": "2008-11-25",
        "fiscal_year": 2008,
        "fiscal_quarter": 4,
        "r2_url": "https://pub-2c783279b61043e19fbdadd1bee5153a.r2.dev/HRL/2008-11-25/Hormel%20Foods%20Corporation_2008-11-25_transcript/Hormel%20Foods%20Corporation_2008-11-25_transcript.pdf/Hormel%20Foods%20Corporation_2008-11-25_transcript.pdf",
        "periodicity": "periodic"
    },
    {
        "equity_ticker": "HRL",
        "geography": "US",
        "content_name": "HRL Q3 2008 Transcript",
        "file_type": "pdf",
        "content_type": "earnings_transcript",
        "published_date": "2008-08-21",
        "fiscal_date": "2008-08-21",
        "fiscal_year": 2008,
        "fiscal_quarter": 3,
        "r2_url": "https://pub-2c783279b61043e19fbdadd1bee5153a.r2.dev/HRL/2008-08-21/Hormel%20Foods%20Corporation_2008-08-21_transcript/Hormel%20Foods%20Corporation_2008-08-21_transcript.pdf/Hormel%20Foods%20Corporation_2008-08-21_transcript.pdf",
        "periodicity": "periodic"
    },
    {
        "equity_ticker": "HRL",
        "geography": "US",
        "content_name": "HRL Q1 2008 Transcript",
        "file_type": "pdf",
        "content_type": "earnings_transcript",
        "published_date": "2008-05-28",
        "fiscal_date": "2008-05-28",
        "fiscal_year": 2008,
        "fiscal_quarter": 1,
        "r2_url": "https://pub-2c783279b61043e19fbdadd1bee5153a.r2.dev/HRL/2008-05-28/Hormel%20Foods%20Corporation_2008-05-28_transcript/Hormel%20Foods%20Corporation_2008-05-28_transcript.pdf/Hormel%20Foods%20Corporation_2008-05-28_transcript.pdf",
        "periodicity": "periodic"
    },
    {
        "equity_ticker": "HRL",
        "geography": "US",
        "content_name": "HRL Q4 2007 Transcript",
        "file_type": "pdf",
        "content_type": "earnings_transcript",
        "published_date": "2007-11-20",
        "fiscal_date": "2007-11-20",
        "fiscal_year": 2007,
        "fiscal_quarter": 4,
        "r2_url": "https://pub-2c783279b61043e19fbdadd1bee5153a.r2.dev/HRL/2007-11-20/Hormel%20Foods%20Corporation_2007-11-20_transcript/Hormel%20Foods%20Corporation_2007-11-20_transcript.pdf/Hormel%20Foods%20Corporation_2007-11-20_transcript.pdf",
        "periodicity": "periodic"
    },
    {
        "equity_ticker": "HRL",
        "geography": "US",
        "content_name": "HRL Q3 2007 Transcript",
        "file_type": "pdf",
        "content_type": "earnings_transcript",
        "published_date": "2007-08-23",
        "fiscal_date": "2007-08-23",
        "fiscal_year": 2007,
        "fiscal_quarter": 3,
        "r2_url": "https://pub-2c783279b61043e19fbdadd1bee5153a.r2.dev/HRL/2007-08-23/Hormel%20Foods%20Corporation_2007-08-23_transcript/Hormel%20Foods%20Corporation_2007-08-23_transcript.pdf/Hormel%20Foods%20Corporation_2007-08-23_transcript.pdf",
        "periodicity": "periodic"
    }
]