[
    {
        "equity_ticker": "HSY",
        "geography": "US",
        "content_name": "Consumer Analyst Group of New York Conference 2025 - February 18, 2025",
        "file_type": "pdf",
        "content_type": "industry_conference_transcript",
        "published_date": "2025-02-18",
        "fiscal_date": "2025-02-18",
        "fiscal_year": null,
        "fiscal_quarter": null,
        "r2_url": "https://pub-2c783279b61043e19fbdadd1bee5153a.r2.dev/HSY/2025-02-18/The%20Hershey%20Company_2025-02-18_transcript/The%20Hershey%20Company_2025-02-18_transcript.pdf/The%20Hershey%20Company_2025-02-18_transcript.pdf",
        "periodicity": "non_periodic"
    },
    {
        "equity_ticker": "HSY",
        "geography": "US",
        "content_name": "Consumer Analyst Group of New York Conference 2025 - February 18, 2025",
        "file_type": "pdf",
        "content_type": "industry_conference_presentation",
        "published_date": "2025-02-18",
        "fiscal_date": "2025-02-18",
        "fiscal_year": null,
        "fiscal_quarter": null,
        "r2_url": "https://pub-2c783279b61043e19fbdadd1bee5153a.r2.dev/HSY/2025-02-18/02c5c-2025-02-18-08-00-42/02c5c-2025-02-18-08-00-42.pdf/02c5c-2025-02-18-08-00-42.pdf",
        "periodicity": "non_periodic"
    },
    {
        "equity_ticker": "HSY",
        "geography": "US",
        "content_name": "HSY Q4 2024 Transcript",
        "file_type": "pdf",
        "content_type": "earnings_transcript",
        "published_date": "2025-02-06",
        "fiscal_date": "2025-02-06",
        "fiscal_year": 2024,
        "fiscal_quarter": 4,
        "r2_url": "https://pub-2c783279b61043e19fbdadd1bee5153a.r2.dev/HSY/2025-02-06/The%20Hershey%20Company_2025-02-06_transcript/The%20Hershey%20Company_2025-02-06_transcript.pdf/The%20Hershey%20Company_2025-02-06_transcript.pdf",
        "periodicity": "periodic"
    },
    {
        "equity_ticker": "HSY",
        "geography": "US",
        "content_name": "HSY Q4 2024 Press Release",
        "file_type": "pdf",
        "content_type": "earnings_press_release",
        "published_date": "2025-02-06",
        "fiscal_date": "2025-02-06",
        "fiscal_year": 2024,
        "fiscal_quarter": 4,
        "r2_url": "https://pub-2c783279b61043e19fbdadd1bee5153a.r2.dev/HSY/2025-02-06/d81e5-2025-02-06-11-31-52/d81e5-2025-02-06-11-31-52.pdf/d81e5-2025-02-06-11-31-52.pdf",
        "periodicity": "periodic"
    },
    {
        "equity_ticker": "HSY",
        "geography": "US",
        "content_name": "HSY Q3 2024 Transcript",
        "file_type": "pdf",
        "content_type": "earnings_transcript",
        "published_date": "2024-11-07",
        "fiscal_date": "2024-11-07",
        "fiscal_year": 2024,
        "fiscal_quarter": 3,
        "r2_url": "https://pub-2c783279b61043e19fbdadd1bee5153a.r2.dev/HSY/2024-11-07/The%20Hershey%20Company_2024-11-07_transcript/The%20Hershey%20Company_2024-11-07_transcript.pdf/The%20Hershey%20Company_2024-11-07_transcript.pdf",
        "periodicity": "periodic"
    },
    {
        "equity_ticker": "HSY",
        "geography": "US",
        "content_name": "HSY Q3 2024 Press Release",
        "file_type": "pdf",
        "content_type": "earnings_press_release",
        "published_date": "2024-11-07",
        "fiscal_date": "2024-11-07",
        "fiscal_year": 2024,
        "fiscal_quarter": 3,
        "r2_url": "https://pub-2c783279b61043e19fbdadd1bee5153a.r2.dev/HSY/2024-11-07/f6790-2024-11-07-12-32-05/f6790-2024-11-07-12-32-05.pdf/f6790-2024-11-07-12-32-05.pdf",
        "periodicity": "periodic"
    },
    {
        "equity_ticker": "HSY",
        "geography": "US",
        "content_name": "HSY Q2 2024 Transcript",
        "file_type": "pdf",
        "content_type": "earnings_transcript",
        "published_date": "2024-08-01",
        "fiscal_date": "2024-08-01",
        "fiscal_year": 2024,
        "fiscal_quarter": 2,
        "r2_url": "https://pub-2c783279b61043e19fbdadd1bee5153a.r2.dev/HSY/2024-08-01/The%20Hershey%20Company_2024-08-01_transcript/The%20Hershey%20Company_2024-08-01_transcript.pdf/The%20Hershey%20Company_2024-08-01_transcript.pdf",
        "periodicity": "periodic"
    },
    {
        "equity_ticker": "HSY",
        "geography": "US",
        "content_name": "HSY Q2 2024 Press Release",
        "file_type": "pdf",
        "content_type": "earnings_press_release",
        "published_date": "2024-08-01",
        "fiscal_date": "2024-08-01",
        "fiscal_year": 2024,
        "fiscal_quarter": 2,
        "r2_url": "https://pub-2c783279b61043e19fbdadd1bee5153a.r2.dev/HSY/2024-08-01/1f084-2024-08-01-10-30-52/1f084-2024-08-01-10-30-52.pdf/1f084-2024-08-01-10-30-52.pdf",
        "periodicity": "periodic"
    },
    {
        "equity_ticker": "HSY",
        "geography": "US",
        "content_name": "AGM 2024 - May 6, 2024",
        "file_type": "pdf",
        "content_type": "company_conference_transcript",
        "published_date": "2024-05-06",
        "fiscal_date": "2024-05-06",
        "fiscal_year": null,
        "fiscal_quarter": null,
        "r2_url": "https://pub-2c783279b61043e19fbdadd1bee5153a.r2.dev/HSY/2024-05-06/The%20Hershey%20Company_2024-05-06_transcript/The%20Hershey%20Company_2024-05-06_transcript.pdf/The%20Hershey%20Company_2024-05-06_transcript.pdf",
        "periodicity": "non_periodic"
    },
    {
        "equity_ticker": "HSY",
        "geography": "US",
        "content_name": "HSY Q1 2024 Transcript",
        "file_type": "pdf",
        "content_type": "earnings_transcript",
        "published_date": "2024-05-03",
        "fiscal_date": "2024-05-03",
        "fiscal_year": 2024,
        "fiscal_quarter": 1,
        "r2_url": "https://pub-2c783279b61043e19fbdadd1bee5153a.r2.dev/HSY/2024-05-03/The%20Hershey%20Company_2024-05-03_transcript/The%20Hershey%20Company_2024-05-03_transcript.pdf/The%20Hershey%20Company_2024-05-03_transcript.pdf",
        "periodicity": "periodic"
    },
    {
        "equity_ticker": "HSY",
        "geography": "US",
        "content_name": "HSY Q1 2024 Press Release",
        "file_type": "pdf",
        "content_type": "earnings_press_release",
        "published_date": "2024-05-03",
        "fiscal_date": "2024-05-03",
        "fiscal_year": 2024,
        "fiscal_quarter": 1,
        "r2_url": "https://pub-2c783279b61043e19fbdadd1bee5153a.r2.dev/HSY/2024-05-03/5c0ca-2024-05-03-10-09-53/5c0ca-2024-05-03-10-09-53.pdf/5c0ca-2024-05-03-10-09-53.pdf",
        "periodicity": "periodic"
    },
    {
        "equity_ticker": "HSY",
        "geography": "US",
        "content_name": "CAGNY 2024 Conference - February 20, 2024",
        "file_type": "pdf",
        "content_type": "industry_conference_transcript",
        "published_date": "2024-02-20",
        "fiscal_date": "2024-02-20",
        "fiscal_year": null,
        "fiscal_quarter": null,
        "r2_url": "https://pub-2c783279b61043e19fbdadd1bee5153a.r2.dev/HSY/2024-02-20/The%20Hershey%20Company_2024-02-20_transcript/The%20Hershey%20Company_2024-02-20_transcript.pdf/The%20Hershey%20Company_2024-02-20_transcript.pdf",
        "periodicity": "non_periodic"
    },
    {
        "equity_ticker": "HSY",
        "geography": "US",
        "content_name": "CAGNY 2024 Conference - February 20, 2024",
        "file_type": "pdf",
        "content_type": "industry_conference_presentation",
        "published_date": "2024-02-20",
        "fiscal_date": "2024-02-20",
        "fiscal_year": null,
        "fiscal_quarter": null,
        "r2_url": "https://pub-2c783279b61043e19fbdadd1bee5153a.r2.dev/HSY/2024-02-20/64379-2024-02-20-05-23-08/64379-2024-02-20-05-23-08.pdf/64379-2024-02-20-05-23-08.pdf",
        "periodicity": "non_periodic"
    },
    {
        "equity_ticker": "HSY",
        "geography": "US",
        "content_name": "HSY Q4 2023 Transcript",
        "file_type": "pdf",
        "content_type": "earnings_transcript",
        "published_date": "2024-02-08",
        "fiscal_date": "2024-02-08",
        "fiscal_year": 2023,
        "fiscal_quarter": 4,
        "r2_url": "https://pub-2c783279b61043e19fbdadd1bee5153a.r2.dev/HSY/2024-02-08/The%20Hershey%20Company_2024-02-08_transcript/The%20Hershey%20Company_2024-02-08_transcript.pdf/The%20Hershey%20Company_2024-02-08_transcript.pdf",
        "periodicity": "periodic"
    },
    {
        "equity_ticker": "HSY",
        "geography": "US",
        "content_name": "HSY Q4 2023 Press Release",
        "file_type": "pdf",
        "content_type": "earnings_press_release",
        "published_date": "2024-02-08",
        "fiscal_date": "2024-02-08",
        "fiscal_year": 2023,
        "fiscal_quarter": 4,
        "r2_url": "https://pub-2c783279b61043e19fbdadd1bee5153a.r2.dev/HSY/2024-02-08/fc665-2024-02-08-11-40-52/fc665-2024-02-08-11-40-52.pdf/fc665-2024-02-08-11-40-52.pdf",
        "periodicity": "periodic"
    },
    {
        "equity_ticker": "HSY",
        "geography": "US",
        "content_name": "HSY Q3 2023 Transcript",
        "file_type": "pdf",
        "content_type": "earnings_transcript",
        "published_date": "2023-10-26",
        "fiscal_date": "2023-10-26",
        "fiscal_year": 2023,
        "fiscal_quarter": 3,
        "r2_url": "https://pub-2c783279b61043e19fbdadd1bee5153a.r2.dev/HSY/2023-10-26/The%20Hershey%20Company_2023-10-26_transcript/The%20Hershey%20Company_2023-10-26_transcript.pdf/The%20Hershey%20Company_2023-10-26_transcript.pdf",
        "periodicity": "periodic"
    },
    {
        "equity_ticker": "HSY",
        "geography": "US",
        "content_name": "HSY Q3 2023 Press Release",
        "file_type": "pdf",
        "content_type": "earnings_press_release",
        "published_date": "2023-10-26",
        "fiscal_date": "2023-10-26",
        "fiscal_year": 2023,
        "fiscal_quarter": 3,
        "r2_url": "https://pub-2c783279b61043e19fbdadd1bee5153a.r2.dev/HSY/2023-10-26/b283e-2023-10-26-11-26-02/b283e-2023-10-26-11-26-02.pdf/b283e-2023-10-26-11-26-02.pdf",
        "periodicity": "periodic"
    },
    {
        "equity_ticker": "HSY",
        "geography": "US",
        "content_name": "HSY Q2 2023 Transcript",
        "file_type": "pdf",
        "content_type": "earnings_transcript",
        "published_date": "2023-07-27",
        "fiscal_date": "2023-07-27",
        "fiscal_year": 2023,
        "fiscal_quarter": 2,
        "r2_url": "https://pub-2c783279b61043e19fbdadd1bee5153a.r2.dev/HSY/2023-07-27/The%20Hershey%20Company_2023-07-27_transcript/The%20Hershey%20Company_2023-07-27_transcript.pdf/The%20Hershey%20Company_2023-07-27_transcript.pdf",
        "periodicity": "periodic"
    },
    {
        "equity_ticker": "HSY",
        "geography": "US",
        "content_name": "HSY Q2 2023 Press Release",
        "file_type": "pdf",
        "content_type": "earnings_press_release",
        "published_date": "2023-07-27",
        "fiscal_date": "2023-07-27",
        "fiscal_year": 2023,
        "fiscal_quarter": 2,
        "r2_url": "https://pub-2c783279b61043e19fbdadd1bee5153a.r2.dev/HSY/2023-07-27/988f9-2023-07-27-10-55-53/988f9-2023-07-27-10-55-53.pdf/988f9-2023-07-27-10-55-53.pdf",
        "periodicity": "periodic"
    },
    {
        "equity_ticker": "HSY",
        "geography": "US",
        "content_name": "HSY Q1 2023 Transcript",
        "file_type": "pdf",
        "content_type": "earnings_transcript",
        "published_date": "2023-04-27",
        "fiscal_date": "2023-04-27",
        "fiscal_year": 2023,
        "fiscal_quarter": 1,
        "r2_url": "https://pub-2c783279b61043e19fbdadd1bee5153a.r2.dev/HSY/2023-04-27/The%20Hershey%20Company_2023-04-27_transcript/The%20Hershey%20Company_2023-04-27_transcript.pdf/The%20Hershey%20Company_2023-04-27_transcript.pdf",
        "periodicity": "periodic"
    },
    {
        "equity_ticker": "HSY",
        "geography": "US",
        "content_name": "HSY Q1 2023 Press Release",
        "file_type": "pdf",
        "content_type": "earnings_press_release",
        "published_date": "2023-04-27",
        "fiscal_date": "2023-04-27",
        "fiscal_year": 2023,
        "fiscal_quarter": 1,
        "r2_url": "https://pub-2c783279b61043e19fbdadd1bee5153a.r2.dev/HSY/2023-04-27/327d1-2023-04-27-11-55-06/327d1-2023-04-27-11-55-06.pdf/327d1-2023-04-27-11-55-06.pdf",
        "periodicity": "periodic"
    },
    {
        "equity_ticker": "HSY",
        "geography": "US",
        "content_name": "Investor Day 2023 - March 22, 2023",
        "file_type": "pdf",
        "content_type": "company_conference_transcript",
        "published_date": "2023-03-22",
        "fiscal_date": "2023-03-22",
        "fiscal_year": null,
        "fiscal_quarter": null,
        "r2_url": "https://pub-2c783279b61043e19fbdadd1bee5153a.r2.dev/HSY/2023-03-22/The%20Hershey%20Company_2023-03-22_transcript/The%20Hershey%20Company_2023-03-22_transcript.pdf/The%20Hershey%20Company_2023-03-22_transcript.pdf",
        "periodicity": "non_periodic"
    },
    {
        "equity_ticker": "HSY",
        "geography": "US",
        "content_name": "Investor Day 2023 - March 22, 2023",
        "file_type": "pdf",
        "content_type": "company_conference_presentation",
        "published_date": "2023-03-22",
        "fiscal_date": "2023-03-22",
        "fiscal_year": null,
        "fiscal_quarter": null,
        "r2_url": "https://pub-2c783279b61043e19fbdadd1bee5153a.r2.dev/HSY/2023-03-22/40a76-2023-03-22-05-52-03/40a76-2023-03-22-05-52-03.pdf/40a76-2023-03-22-05-52-03.pdf",
        "periodicity": "non_periodic"
    },
    {
        "equity_ticker": "HSY",
        "geography": "US",
        "content_name": "HSY Q4 2022 Transcript",
        "file_type": "pdf",
        "content_type": "earnings_transcript",
        "published_date": "2023-02-02",
        "fiscal_date": "2023-02-02",
        "fiscal_year": 2022,
        "fiscal_quarter": 4,
        "r2_url": "https://pub-2c783279b61043e19fbdadd1bee5153a.r2.dev/HSY/2023-02-02/The%20Hershey%20Company_2023-02-02_transcript/The%20Hershey%20Company_2023-02-02_transcript.pdf/The%20Hershey%20Company_2023-02-02_transcript.pdf",
        "periodicity": "periodic"
    },
    {
        "equity_ticker": "HSY",
        "geography": "US",
        "content_name": "HSY Q4 2022 Press Release",
        "file_type": "pdf",
        "content_type": "earnings_press_release",
        "published_date": "2023-02-02",
        "fiscal_date": "2023-02-02",
        "fiscal_year": 2022,
        "fiscal_quarter": 4,
        "r2_url": "https://pub-2c783279b61043e19fbdadd1bee5153a.r2.dev/HSY/2023-02-02/dce3a-2023-02-02-11-13-55/dce3a-2023-02-02-11-13-55.pdf/dce3a-2023-02-02-11-13-55.pdf",
        "periodicity": "periodic"
    },
    {
        "equity_ticker": "HSY",
        "geography": "US",
        "content_name": "HSY Q3 2022 Transcript",
        "file_type": "pdf",
        "content_type": "earnings_transcript",
        "published_date": "2022-11-04",
        "fiscal_date": "2022-11-04",
        "fiscal_year": 2022,
        "fiscal_quarter": 3,
        "r2_url": "https://pub-2c783279b61043e19fbdadd1bee5153a.r2.dev/HSY/2022-11-04/The%20Hershey%20Company_2022-11-04_transcript/The%20Hershey%20Company_2022-11-04_transcript.pdf/The%20Hershey%20Company_2022-11-04_transcript.pdf",
        "periodicity": "periodic"
    },
    {
        "equity_ticker": "HSY",
        "geography": "US",
        "content_name": "HSY Q3 2022 Press Release",
        "file_type": "pdf",
        "content_type": "earnings_press_release",
        "published_date": "2022-11-04",
        "fiscal_date": "2022-11-04",
        "fiscal_year": 2022,
        "fiscal_quarter": 3,
        "r2_url": "https://pub-2c783279b61043e19fbdadd1bee5153a.r2.dev/HSY/2022-11-04/61c67-2022-11-04-10-19-52/61c67-2022-11-04-10-19-52.pdf/61c67-2022-11-04-10-19-52.pdf",
        "periodicity": "periodic"
    },
    {
        "equity_ticker": "HSY",
        "geography": "US",
        "content_name": "HSY Q2 2022 Transcript",
        "file_type": "pdf",
        "content_type": "earnings_transcript",
        "published_date": "2022-07-28",
        "fiscal_date": "2022-07-28",
        "fiscal_year": 2022,
        "fiscal_quarter": 2,
        "r2_url": "https://pub-2c783279b61043e19fbdadd1bee5153a.r2.dev/HSY/2022-07-28/The%20Hershey%20Company_2022-07-28_transcript/The%20Hershey%20Company_2022-07-28_transcript.pdf/The%20Hershey%20Company_2022-07-28_transcript.pdf",
        "periodicity": "periodic"
    },
    {
        "equity_ticker": "HSY",
        "geography": "US",
        "content_name": "HSY Q2 2022 Press Release",
        "file_type": "pdf",
        "content_type": "earnings_press_release",
        "published_date": "2022-07-28",
        "fiscal_date": "2022-07-28",
        "fiscal_year": 2022,
        "fiscal_quarter": 2,
        "r2_url": "https://pub-2c783279b61043e19fbdadd1bee5153a.r2.dev/HSY/2022-07-28/8a766-2022-07-28-11-38-21/8a766-2022-07-28-11-38-21.pdf/8a766-2022-07-28-11-38-21.pdf",
        "periodicity": "periodic"
    },
    {
        "equity_ticker": "HSY",
        "geography": "US",
        "content_name": "Q2 2022 - July 28, 2022",
        "file_type": "pdf",
        "content_type": "company_conference_presentation",
        "published_date": "2022-07-28",
        "fiscal_date": "2022-07-28",
        "fiscal_year": null,
        "fiscal_quarter": null,
        "r2_url": "https://pub-2c783279b61043e19fbdadd1bee5153a.r2.dev/HSY/None/6cd34-2022-11-09-09-26-47/6cd34-2022-11-09-09-26-47.pdf/6cd34-2022-11-09-09-26-47.pdf",
        "periodicity": "non_periodic"
    },
    {
        "equity_ticker": "HSY",
        "geography": "US",
        "content_name": "HSY Q1 2022 Transcript",
        "file_type": "pdf",
        "content_type": "earnings_transcript",
        "published_date": "2022-04-28",
        "fiscal_date": "2022-04-28",
        "fiscal_year": 2022,
        "fiscal_quarter": 1,
        "r2_url": "https://pub-2c783279b61043e19fbdadd1bee5153a.r2.dev/HSY/2022-04-28/The%20Hershey%20Company_2022-04-28_transcript/The%20Hershey%20Company_2022-04-28_transcript.pdf/The%20Hershey%20Company_2022-04-28_transcript.pdf",
        "periodicity": "periodic"
    },
    {
        "equity_ticker": "HSY",
        "geography": "US",
        "content_name": "HSY Q1 2022 Press Release",
        "file_type": "pdf",
        "content_type": "earnings_press_release",
        "published_date": "2022-04-28",
        "fiscal_date": "2022-04-28",
        "fiscal_year": 2022,
        "fiscal_quarter": 1,
        "r2_url": "https://pub-2c783279b61043e19fbdadd1bee5153a.r2.dev/HSY/2022-04-28/d46fd-2023-01-25-01-13-18/d46fd-2023-01-25-01-13-18.pdf/d46fd-2023-01-25-01-13-18.pdf",
        "periodicity": "periodic"
    },
    {
        "equity_ticker": "HSY",
        "geography": "US",
        "content_name": "CAGNY 2022 Conference - February 24, 2022",
        "file_type": "pdf",
        "content_type": "industry_conference_transcript",
        "published_date": "2022-02-24",
        "fiscal_date": "2022-02-24",
        "fiscal_year": null,
        "fiscal_quarter": null,
        "r2_url": "https://pub-2c783279b61043e19fbdadd1bee5153a.r2.dev/HSY/2022-02-24/The%20Hershey%20Company_2022-02-24_transcript/The%20Hershey%20Company_2022-02-24_transcript.pdf/The%20Hershey%20Company_2022-02-24_transcript.pdf",
        "periodicity": "non_periodic"
    },
    {
        "equity_ticker": "HSY",
        "geography": "US",
        "content_name": "CAGNY 2022 Conference - February 24, 2022",
        "file_type": "pdf",
        "content_type": "industry_conference_presentation",
        "published_date": "2022-02-24",
        "fiscal_date": "2022-02-24",
        "fiscal_year": null,
        "fiscal_quarter": null,
        "r2_url": "https://pub-2c783279b61043e19fbdadd1bee5153a.r2.dev/HSY/2022-02-24/c17ac-2022-11-09-09-59-48/c17ac-2022-11-09-09-59-48.pdf/c17ac-2022-11-09-09-59-48.pdf",
        "periodicity": "non_periodic"
    },
    {
        "equity_ticker": "HSY",
        "geography": "US",
        "content_name": "HSY Q4 2021 Transcript",
        "file_type": "pdf",
        "content_type": "earnings_transcript",
        "published_date": "2022-02-03",
        "fiscal_date": "2022-02-03",
        "fiscal_year": 2021,
        "fiscal_quarter": 4,
        "r2_url": "https://pub-2c783279b61043e19fbdadd1bee5153a.r2.dev/HSY/2022-02-03/The%20Hershey%20Company_2022-02-03_transcript/The%20Hershey%20Company_2022-02-03_transcript.pdf/The%20Hershey%20Company_2022-02-03_transcript.pdf",
        "periodicity": "periodic"
    },
    {
        "equity_ticker": "HSY",
        "geography": "US",
        "content_name": "HSY Q4 2021 Press Release",
        "file_type": "pdf",
        "content_type": "earnings_press_release",
        "published_date": "2022-02-03",
        "fiscal_date": "2022-02-03",
        "fiscal_year": 2021,
        "fiscal_quarter": 4,
        "r2_url": "https://pub-2c783279b61043e19fbdadd1bee5153a.r2.dev/HSY/2022-02-03/f9354-2023-01-25-12-56-20/f9354-2023-01-25-12-56-20.pdf/f9354-2023-01-25-12-56-20.pdf",
        "periodicity": "periodic"
    },
    {
        "equity_ticker": "HSY",
        "geography": "US",
        "content_name": "Q4 2021 - February 3, 2022",
        "file_type": "pdf",
        "content_type": "company_conference_presentation",
        "published_date": "2022-02-03",
        "fiscal_date": "2022-02-03",
        "fiscal_year": null,
        "fiscal_quarter": null,
        "r2_url": "https://pub-2c783279b61043e19fbdadd1bee5153a.r2.dev/HSY/None/1621b-2022-11-09-09-46-49/1621b-2022-11-09-09-46-49.pdf/1621b-2022-11-09-09-46-49.pdf",
        "periodicity": "non_periodic"
    },
    {
        "equity_ticker": "HSY",
        "geography": "US",
        "content_name": "HSY Q3 2021 Transcript",
        "file_type": "pdf",
        "content_type": "earnings_transcript",
        "published_date": "2021-10-28",
        "fiscal_date": "2021-10-28",
        "fiscal_year": 2021,
        "fiscal_quarter": 3,
        "r2_url": "https://pub-2c783279b61043e19fbdadd1bee5153a.r2.dev/HSY/2021-10-28/The%20Hershey%20Company_2021-10-28_transcript/The%20Hershey%20Company_2021-10-28_transcript.pdf/The%20Hershey%20Company_2021-10-28_transcript.pdf",
        "periodicity": "periodic"
    },
    {
        "equity_ticker": "HSY",
        "geography": "US",
        "content_name": "HSY Q2 2021 Transcript",
        "file_type": "pdf",
        "content_type": "earnings_transcript",
        "published_date": "2021-07-29",
        "fiscal_date": "2021-07-29",
        "fiscal_year": 2021,
        "fiscal_quarter": 2,
        "r2_url": "https://pub-2c783279b61043e19fbdadd1bee5153a.r2.dev/HSY/2021-07-29/The%20Hershey%20Company_2021-07-29_transcript/The%20Hershey%20Company_2021-07-29_transcript.pdf/The%20Hershey%20Company_2021-07-29_transcript.pdf",
        "periodicity": "periodic"
    },
    {
        "equity_ticker": "HSY",
        "geography": "US",
        "content_name": "AGM 2021 - May 17, 2021",
        "file_type": "pdf",
        "content_type": "company_conference_transcript",
        "published_date": "2021-05-17",
        "fiscal_date": "2021-05-17",
        "fiscal_year": null,
        "fiscal_quarter": null,
        "r2_url": "https://pub-2c783279b61043e19fbdadd1bee5153a.r2.dev/HSY/2021-05-17/The%20Hershey%20Company_2021-05-17_transcript/The%20Hershey%20Company_2021-05-17_transcript.pdf/The%20Hershey%20Company_2021-05-17_transcript.pdf",
        "periodicity": "non_periodic"
    },
    {
        "equity_ticker": "HSY",
        "geography": "US",
        "content_name": "AGM 2021 - May 17, 2021",
        "file_type": "pdf",
        "content_type": "company_conference_presentation",
        "published_date": "2021-05-17",
        "fiscal_date": "2021-05-17",
        "fiscal_year": null,
        "fiscal_quarter": null,
        "r2_url": "https://pub-2c783279b61043e19fbdadd1bee5153a.r2.dev/HSY/2021-05-17/050f4-2024-05-03-09-58-21/050f4-2024-05-03-09-58-21.pdf/050f4-2024-05-03-09-58-21.pdf",
        "periodicity": "non_periodic"
    },
    {
        "equity_ticker": "HSY",
        "geography": "US",
        "content_name": "HSY Q1 2021 Transcript",
        "file_type": "pdf",
        "content_type": "earnings_transcript",
        "published_date": "2021-04-29",
        "fiscal_date": "2021-04-29",
        "fiscal_year": 2021,
        "fiscal_quarter": 1,
        "r2_url": "https://pub-2c783279b61043e19fbdadd1bee5153a.r2.dev/HSY/2021-04-29/The%20Hershey%20Company_2021-04-29_transcript/The%20Hershey%20Company_2021-04-29_transcript.pdf/The%20Hershey%20Company_2021-04-29_transcript.pdf",
        "periodicity": "periodic"
    },
    {
        "equity_ticker": "HSY",
        "geography": "US",
        "content_name": "HSY Q1 2021 Press Release",
        "file_type": "pdf",
        "content_type": "quarterly_report",
        "published_date": "2021-04-29",
        "fiscal_date": "2021-04-29",
        "fiscal_year": 2021,
        "fiscal_quarter": 1,
        "r2_url": "https://pub-2c783279b61043e19fbdadd1bee5153a.r2.dev/HSY/2021-04-29/6bc70-2023-01-25-09-03-30/6bc70-2023-01-25-09-03-30.pdf/6bc70-2023-01-25-09-03-30.pdf",
        "periodicity": "periodic"
    },
    {
        "equity_ticker": "HSY",
        "geography": "US",
        "content_name": "HSY Q1 2021 Presentation",
        "file_type": "pdf",
        "content_type": "earnings_presentation",
        "published_date": "2021-04-29",
        "fiscal_date": "2021-04-29",
        "fiscal_year": 2021,
        "fiscal_quarter": 1,
        "r2_url": "https://pub-2c783279b61043e19fbdadd1bee5153a.r2.dev/HSY/2021-04-29/4cdcb-2021-04-29-04-51-30-migrated/4cdcb-2021-04-29-04-51-30-migrated.pdf/4cdcb-2021-04-29-04-51-30-migrated.pdf",
        "periodicity": "periodic"
    },
    {
        "equity_ticker": "HSY",
        "geography": "US",
        "content_name": "HSY Q4 2020 Transcript",
        "file_type": "pdf",
        "content_type": "earnings_transcript",
        "published_date": "2021-02-04",
        "fiscal_date": "2021-02-04",
        "fiscal_year": 2020,
        "fiscal_quarter": 4,
        "r2_url": "https://pub-2c783279b61043e19fbdadd1bee5153a.r2.dev/HSY/2021-02-04/The%20Hershey%20Company_2021-02-04_transcript/The%20Hershey%20Company_2021-02-04_transcript.pdf/The%20Hershey%20Company_2021-02-04_transcript.pdf",
        "periodicity": "periodic"
    },
    {
        "equity_ticker": "HSY",
        "geography": "US",
        "content_name": "HSY Q3 2020 Transcript",
        "file_type": "pdf",
        "content_type": "earnings_transcript",
        "published_date": "2020-11-06",
        "fiscal_date": "2020-11-06",
        "fiscal_year": 2020,
        "fiscal_quarter": 3,
        "r2_url": "https://pub-2c783279b61043e19fbdadd1bee5153a.r2.dev/HSY/2020-11-06/The%20Hershey%20Company_2020-11-06_transcript/The%20Hershey%20Company_2020-11-06_transcript.pdf/The%20Hershey%20Company_2020-11-06_transcript.pdf",
        "periodicity": "periodic"
    },
    {
        "equity_ticker": "HSY",
        "geography": "US",
        "content_name": "HSY Q2 2020 Transcript",
        "file_type": "pdf",
        "content_type": "earnings_transcript",
        "published_date": "2020-07-23",
        "fiscal_date": "2020-07-23",
        "fiscal_year": 2020,
        "fiscal_quarter": 2,
        "r2_url": "https://pub-2c783279b61043e19fbdadd1bee5153a.r2.dev/HSY/2020-07-23/The%20Hershey%20Company_2020-07-23_transcript/The%20Hershey%20Company_2020-07-23_transcript.pdf/The%20Hershey%20Company_2020-07-23_transcript.pdf",
        "periodicity": "periodic"
    },
    {
        "equity_ticker": "HSY",
        "geography": "US",
        "content_name": "HSY Q1 2020 Transcript",
        "file_type": "pdf",
        "content_type": "earnings_transcript",
        "published_date": "2020-04-23",
        "fiscal_date": "2020-04-23",
        "fiscal_year": 2020,
        "fiscal_quarter": 1,
        "r2_url": "https://pub-2c783279b61043e19fbdadd1bee5153a.r2.dev/HSY/2020-04-23/The%20Hershey%20Company_2020-04-23_transcript/The%20Hershey%20Company_2020-04-23_transcript.pdf/The%20Hershey%20Company_2020-04-23_transcript.pdf",
        "periodicity": "periodic"
    },
    {
        "equity_ticker": "HSY",
        "geography": "US",
        "content_name": "HSY Q1 2020 Press Release",
        "file_type": "pdf",
        "content_type": "earnings_press_release",
        "published_date": "2020-04-23",
        "fiscal_date": "2020-04-23",
        "fiscal_year": 2020,
        "fiscal_quarter": 1,
        "r2_url": "https://pub-2c783279b61043e19fbdadd1bee5153a.r2.dev/HSY/2020-04-23/7065c-2024-05-03-09-39-34/7065c-2024-05-03-09-39-34.pdf/7065c-2024-05-03-09-39-34.pdf",
        "periodicity": "periodic"
    },
    {
        "equity_ticker": "HSY",
        "geography": "US",
        "content_name": "HSY Q4 2019 Transcript",
        "file_type": "pdf",
        "content_type": "earnings_transcript",
        "published_date": "2020-01-30",
        "fiscal_date": "2020-01-30",
        "fiscal_year": 2019,
        "fiscal_quarter": 4,
        "r2_url": "https://pub-2c783279b61043e19fbdadd1bee5153a.r2.dev/HSY/2020-01-30/The%20Hershey%20Company_2020-01-30_transcript/The%20Hershey%20Company_2020-01-30_transcript.pdf/The%20Hershey%20Company_2020-01-30_transcript.pdf",
        "periodicity": "periodic"
    },
    {
        "equity_ticker": "HSY",
        "geography": "US",
        "content_name": "HSY Q4 2019 Press Release",
        "file_type": "pdf",
        "content_type": "earnings_press_release",
        "published_date": "2020-01-30",
        "fiscal_date": "2020-01-30",
        "fiscal_year": 2019,
        "fiscal_quarter": 4,
        "r2_url": "https://pub-2c783279b61043e19fbdadd1bee5153a.r2.dev/HSY/2020-01-30/00499-2024-05-06-07-24-26/00499-2024-05-06-07-24-26.pdf/00499-2024-05-06-07-24-26.pdf",
        "periodicity": "periodic"
    },
    {
        "equity_ticker": "HSY",
        "geography": "US",
        "content_name": "HSY Q3 2019 Transcript",
        "file_type": "pdf",
        "content_type": "earnings_transcript",
        "published_date": "2019-10-24",
        "fiscal_date": "2019-10-24",
        "fiscal_year": 2019,
        "fiscal_quarter": 3,
        "r2_url": "https://pub-2c783279b61043e19fbdadd1bee5153a.r2.dev/HSY/2019-10-24/The%20Hershey%20Company_2019-10-24_transcript/The%20Hershey%20Company_2019-10-24_transcript.pdf/The%20Hershey%20Company_2019-10-24_transcript.pdf",
        "periodicity": "periodic"
    },
    {
        "equity_ticker": "HSY",
        "geography": "US",
        "content_name": "HSY Q3 2019 Press Release",
        "file_type": "pdf",
        "content_type": "earnings_press_release",
        "published_date": "2019-10-24",
        "fiscal_date": "2019-10-24",
        "fiscal_year": 2019,
        "fiscal_quarter": 3,
        "r2_url": "https://pub-2c783279b61043e19fbdadd1bee5153a.r2.dev/HSY/2019-10-24/f8975-2024-05-06-07-20-27/f8975-2024-05-06-07-20-27.pdf/f8975-2024-05-06-07-20-27.pdf",
        "periodicity": "periodic"
    },
    {
        "equity_ticker": "HSY",
        "geography": "US",
        "content_name": "HSY Q2 2019 Transcript",
        "file_type": "pdf",
        "content_type": "earnings_transcript",
        "published_date": "2019-07-25",
        "fiscal_date": "2019-07-25",
        "fiscal_year": 2019,
        "fiscal_quarter": 2,
        "r2_url": "https://pub-2c783279b61043e19fbdadd1bee5153a.r2.dev/HSY/2019-07-25/The%20Hershey%20Company_2019-07-25_transcript/The%20Hershey%20Company_2019-07-25_transcript.pdf/The%20Hershey%20Company_2019-07-25_transcript.pdf",
        "periodicity": "periodic"
    },
    {
        "equity_ticker": "HSY",
        "geography": "US",
        "content_name": "HSY Q2 2019 Press Release",
        "file_type": "pdf",
        "content_type": "earnings_press_release",
        "published_date": "2019-07-25",
        "fiscal_date": "2019-07-25",
        "fiscal_year": 2019,
        "fiscal_quarter": 2,
        "r2_url": "https://pub-2c783279b61043e19fbdadd1bee5153a.r2.dev/HSY/2019-07-25/a8c8f-2024-05-06-07-24-28/a8c8f-2024-05-06-07-24-28.pdf/a8c8f-2024-05-06-07-24-28.pdf",
        "periodicity": "periodic"
    },
    {
        "equity_ticker": "HSY",
        "geography": "US",
        "content_name": "HSY Q1 2019 Transcript",
        "file_type": "pdf",
        "content_type": "earnings_transcript",
        "published_date": "2019-04-25",
        "fiscal_date": "2019-04-25",
        "fiscal_year": 2019,
        "fiscal_quarter": 1,
        "r2_url": "https://pub-2c783279b61043e19fbdadd1bee5153a.r2.dev/HSY/2019-04-25/The%20Hershey%20Company_2019-04-25_transcript/The%20Hershey%20Company_2019-04-25_transcript.pdf/The%20Hershey%20Company_2019-04-25_transcript.pdf",
        "periodicity": "periodic"
    },
    {
        "equity_ticker": "HSY",
        "geography": "US",
        "content_name": "HSY Q1 2019 Press Release",
        "file_type": "pdf",
        "content_type": "earnings_press_release",
        "published_date": "2019-04-25",
        "fiscal_date": "2019-04-25",
        "fiscal_year": 2019,
        "fiscal_quarter": 1,
        "r2_url": "https://pub-2c783279b61043e19fbdadd1bee5153a.r2.dev/HSY/2019-04-25/fffb9-2024-05-06-07-10-29/fffb9-2024-05-06-07-10-29.pdf/fffb9-2024-05-06-07-10-29.pdf",
        "periodicity": "periodic"
    },
    {
        "equity_ticker": "HSY",
        "geography": "US",
        "content_name": "HSY Q4 2018 Transcript",
        "file_type": "pdf",
        "content_type": "earnings_transcript",
        "published_date": "2019-01-31",
        "fiscal_date": "2019-01-31",
        "fiscal_year": 2018,
        "fiscal_quarter": 4,
        "r2_url": "https://pub-2c783279b61043e19fbdadd1bee5153a.r2.dev/HSY/2019-01-31/The%20Hershey%20Company_2019-01-31_transcript/The%20Hershey%20Company_2019-01-31_transcript.pdf/The%20Hershey%20Company_2019-01-31_transcript.pdf",
        "periodicity": "periodic"
    },
    {
        "equity_ticker": "HSY",
        "geography": "US",
        "content_name": "HSY Q4 2018 Press Release",
        "file_type": "pdf",
        "content_type": "earnings_press_release",
        "published_date": "2019-01-31",
        "fiscal_date": "2019-01-31",
        "fiscal_year": 2018,
        "fiscal_quarter": 4,
        "r2_url": "https://pub-2c783279b61043e19fbdadd1bee5153a.r2.dev/HSY/2019-01-31/686f1-2024-05-06-07-45-35/686f1-2024-05-06-07-45-35.pdf/686f1-2024-05-06-07-45-35.pdf",
        "periodicity": "periodic"
    },
    {
        "equity_ticker": "HSY",
        "geography": "US",
        "content_name": "HSY Q3 2018 Transcript",
        "file_type": "pdf",
        "content_type": "earnings_transcript",
        "published_date": "2018-10-25",
        "fiscal_date": "2018-10-25",
        "fiscal_year": 2018,
        "fiscal_quarter": 3,
        "r2_url": "https://pub-2c783279b61043e19fbdadd1bee5153a.r2.dev/HSY/2018-10-25/The%20Hershey%20Company_2018-10-25_transcript/The%20Hershey%20Company_2018-10-25_transcript.pdf/The%20Hershey%20Company_2018-10-25_transcript.pdf",
        "periodicity": "periodic"
    },
    {
        "equity_ticker": "HSY",
        "geography": "US",
        "content_name": "HSY Q3 2018 Press Release",
        "file_type": "pdf",
        "content_type": "earnings_press_release",
        "published_date": "2018-10-25",
        "fiscal_date": "2018-10-25",
        "fiscal_year": 2018,
        "fiscal_quarter": 3,
        "r2_url": "https://pub-2c783279b61043e19fbdadd1bee5153a.r2.dev/HSY/2018-10-25/613b9-2024-05-06-07-49-36/613b9-2024-05-06-07-49-36.pdf/613b9-2024-05-06-07-49-36.pdf",
        "periodicity": "periodic"
    },
    {
        "equity_ticker": "HSY",
        "geography": "US",
        "content_name": "Investor Day 2018 - August 28, 2018",
        "file_type": "pdf",
        "content_type": "company_conference_transcript",
        "published_date": "2018-08-28",
        "fiscal_date": "2018-08-28",
        "fiscal_year": null,
        "fiscal_quarter": null,
        "r2_url": "https://pub-2c783279b61043e19fbdadd1bee5153a.r2.dev/HSY/2018-08-28/The%20Hershey%20Company_2018-08-28_transcript/The%20Hershey%20Company_2018-08-28_transcript.pdf/The%20Hershey%20Company_2018-08-28_transcript.pdf",
        "periodicity": "non_periodic"
    },
    {
        "equity_ticker": "HSY",
        "geography": "US",
        "content_name": "Investor Day 2018 - August 28, 2018",
        "file_type": "pdf",
        "content_type": "company_conference_presentation",
        "published_date": "2018-08-28",
        "fiscal_date": "2018-08-28",
        "fiscal_year": null,
        "fiscal_quarter": null,
        "r2_url": "https://pub-2c783279b61043e19fbdadd1bee5153a.r2.dev/HSY/2018-08-28/049cc-2024-05-06-07-00-40/049cc-2024-05-06-07-00-40.pdf/049cc-2024-05-06-07-00-40.pdf",
        "periodicity": "non_periodic"
    },
    {
        "equity_ticker": "HSY",
        "geography": "US",
        "content_name": "HSY Q2 2018 Transcript",
        "file_type": "pdf",
        "content_type": "earnings_transcript",
        "published_date": "2018-07-26",
        "fiscal_date": "2018-07-26",
        "fiscal_year": 2018,
        "fiscal_quarter": 2,
        "r2_url": "https://pub-2c783279b61043e19fbdadd1bee5153a.r2.dev/HSY/2018-07-26/The%20Hershey%20Company_2018-07-26_transcript/The%20Hershey%20Company_2018-07-26_transcript.pdf/The%20Hershey%20Company_2018-07-26_transcript.pdf",
        "periodicity": "periodic"
    },
    {
        "equity_ticker": "HSY",
        "geography": "US",
        "content_name": "HSY Q2 2018 Press Release",
        "file_type": "pdf",
        "content_type": "earnings_press_release",
        "published_date": "2018-07-26",
        "fiscal_date": "2018-07-26",
        "fiscal_year": 2018,
        "fiscal_quarter": 2,
        "r2_url": "https://pub-2c783279b61043e19fbdadd1bee5153a.r2.dev/HSY/2018-07-26/79b50-2024-05-06-07-00-41/79b50-2024-05-06-07-00-41.pdf/79b50-2024-05-06-07-00-41.pdf",
        "periodicity": "periodic"
    },
    {
        "equity_ticker": "HSY",
        "geography": "US",
        "content_name": "HSY Q1 2018 Transcript",
        "file_type": "pdf",
        "content_type": "earnings_transcript",
        "published_date": "2018-04-26",
        "fiscal_date": "2018-04-26",
        "fiscal_year": 2018,
        "fiscal_quarter": 1,
        "r2_url": "https://pub-2c783279b61043e19fbdadd1bee5153a.r2.dev/HSY/2018-04-26/The%20Hershey%20Company_2018-04-26_transcript/The%20Hershey%20Company_2018-04-26_transcript.pdf/The%20Hershey%20Company_2018-04-26_transcript.pdf",
        "periodicity": "periodic"
    },
    {
        "equity_ticker": "HSY",
        "geography": "US",
        "content_name": "HSY Q1 2018 Press Release",
        "file_type": "pdf",
        "content_type": "earnings_press_release",
        "published_date": "2018-04-26",
        "fiscal_date": "2018-04-26",
        "fiscal_year": 2018,
        "fiscal_quarter": 1,
        "r2_url": "https://pub-2c783279b61043e19fbdadd1bee5153a.r2.dev/HSY/2018-04-26/d162f-2024-05-06-07-00-42/d162f-2024-05-06-07-00-42.pdf/d162f-2024-05-06-07-00-42.pdf",
        "periodicity": "periodic"
    },
    {
        "equity_ticker": "HSY",
        "geography": "US",
        "content_name": "HSY Q4 2017 Transcript",
        "file_type": "pdf",
        "content_type": "earnings_transcript",
        "published_date": "2018-02-27",
        "fiscal_date": "2018-02-27",
        "fiscal_year": 2017,
        "fiscal_quarter": 4,
        "r2_url": "https://pub-2c783279b61043e19fbdadd1bee5153a.r2.dev/HSY/2018-02-27/The%20Hershey%20Company_2018-02-27_transcript/The%20Hershey%20Company_2018-02-27_transcript.pdf/The%20Hershey%20Company_2018-02-27_transcript.pdf",
        "periodicity": "periodic"
    },
    {
        "equity_ticker": "HSY",
        "geography": "US",
        "content_name": "HSY Q4 2017 Press Release",
        "file_type": "pdf",
        "content_type": "annual_report",
        "published_date": "2018-02-27",
        "fiscal_date": "2018-02-27",
        "fiscal_year": 2017,
        "fiscal_quarter": 4,
        "r2_url": "https://pub-2c783279b61043e19fbdadd1bee5153a.r2.dev/HSY/2018-02-27/b1900-2023-09-05-02-38-43/b1900-2023-09-05-02-38-43.pdf/b1900-2023-09-05-02-38-43.pdf",
        "periodicity": "periodic"
    },
    {
        "equity_ticker": "HSY",
        "geography": "US",
        "content_name": "HSY Q3 2017 Transcript",
        "file_type": "pdf",
        "content_type": "earnings_transcript",
        "published_date": "2017-10-26",
        "fiscal_date": "2017-10-26",
        "fiscal_year": 2017,
        "fiscal_quarter": 3,
        "r2_url": "https://pub-2c783279b61043e19fbdadd1bee5153a.r2.dev/HSY/2017-10-26/The%20Hershey%20Company_2017-10-26_transcript/The%20Hershey%20Company_2017-10-26_transcript.pdf/The%20Hershey%20Company_2017-10-26_transcript.pdf",
        "periodicity": "periodic"
    },
    {
        "equity_ticker": "HSY",
        "geography": "US",
        "content_name": "HSY Q2 2017 Transcript",
        "file_type": "pdf",
        "content_type": "earnings_transcript",
        "published_date": "2017-07-26",
        "fiscal_date": "2017-07-26",
        "fiscal_year": 2017,
        "fiscal_quarter": 2,
        "r2_url": "https://pub-2c783279b61043e19fbdadd1bee5153a.r2.dev/HSY/2017-07-26/The%20Hershey%20Company_2017-07-26_transcript/The%20Hershey%20Company_2017-07-26_transcript.pdf/The%20Hershey%20Company_2017-07-26_transcript.pdf",
        "periodicity": "periodic"
    },
    {
        "equity_ticker": "HSY",
        "geography": "US",
        "content_name": "HSY Q1 2017 Transcript",
        "file_type": "pdf",
        "content_type": "earnings_transcript",
        "published_date": "2017-04-26",
        "fiscal_date": "2017-04-26",
        "fiscal_year": 2017,
        "fiscal_quarter": 1,
        "r2_url": "https://pub-2c783279b61043e19fbdadd1bee5153a.r2.dev/HSY/2017-04-26/The%20Hershey%20Company_2017-04-26_transcript/The%20Hershey%20Company_2017-04-26_transcript.pdf/The%20Hershey%20Company_2017-04-26_transcript.pdf",
        "periodicity": "periodic"
    },
    {
        "equity_ticker": "HSY",
        "geography": "US",
        "content_name": "HSY Q4 2016 Transcript",
        "file_type": "pdf",
        "content_type": "earnings_transcript",
        "published_date": "2017-02-03",
        "fiscal_date": "2017-02-03",
        "fiscal_year": 2016,
        "fiscal_quarter": 4,
        "r2_url": "https://pub-2c783279b61043e19fbdadd1bee5153a.r2.dev/HSY/2017-02-03/The%20Hershey%20Company_2017-02-03_transcript/The%20Hershey%20Company_2017-02-03_transcript.pdf/The%20Hershey%20Company_2017-02-03_transcript.pdf",
        "periodicity": "periodic"
    },
    {
        "equity_ticker": "HSY",
        "geography": "US",
        "content_name": "HSY Q3 2016 Transcript",
        "file_type": "pdf",
        "content_type": "earnings_transcript",
        "published_date": "2016-10-28",
        "fiscal_date": "2016-10-28",
        "fiscal_year": 2016,
        "fiscal_quarter": 3,
        "r2_url": "https://pub-2c783279b61043e19fbdadd1bee5153a.r2.dev/HSY/2016-10-28/The%20Hershey%20Company_2016-10-28_transcript/The%20Hershey%20Company_2016-10-28_transcript.pdf/The%20Hershey%20Company_2016-10-28_transcript.pdf",
        "periodicity": "periodic"
    },
    {
        "equity_ticker": "HSY",
        "geography": "US",
        "content_name": "HSY Q2 2016 Transcript",
        "file_type": "pdf",
        "content_type": "earnings_transcript",
        "published_date": "2016-07-29",
        "fiscal_date": "2016-07-29",
        "fiscal_year": 2016,
        "fiscal_quarter": 2,
        "r2_url": "https://pub-2c783279b61043e19fbdadd1bee5153a.r2.dev/HSY/2016-07-29/The%20Hershey%20Company_2016-07-29_transcript/The%20Hershey%20Company_2016-07-29_transcript.pdf/The%20Hershey%20Company_2016-07-29_transcript.pdf",
        "periodicity": "periodic"
    },
    {
        "equity_ticker": "HSY",
        "geography": "US",
        "content_name": "HSY Q1 2016 Transcript",
        "file_type": "pdf",
        "content_type": "earnings_transcript",
        "published_date": "2016-04-26",
        "fiscal_date": "2016-04-26",
        "fiscal_year": 2016,
        "fiscal_quarter": 1,
        "r2_url": "https://pub-2c783279b61043e19fbdadd1bee5153a.r2.dev/HSY/2016-04-26/The%20Hershey%20Company_2016-04-26_transcript/The%20Hershey%20Company_2016-04-26_transcript.pdf/The%20Hershey%20Company_2016-04-26_transcript.pdf",
        "periodicity": "periodic"
    },
    {
        "equity_ticker": "HSY",
        "geography": "US",
        "content_name": "HSY Q4 2015 Transcript",
        "file_type": "pdf",
        "content_type": "earnings_transcript",
        "published_date": "2016-01-28",
        "fiscal_date": "2016-01-28",
        "fiscal_year": 2015,
        "fiscal_quarter": 4,
        "r2_url": "https://pub-2c783279b61043e19fbdadd1bee5153a.r2.dev/HSY/2016-01-28/The%20Hershey%20Company_2016-01-28_transcript/The%20Hershey%20Company_2016-01-28_transcript.pdf/The%20Hershey%20Company_2016-01-28_transcript.pdf",
        "periodicity": "periodic"
    },
    {
        "equity_ticker": "HSY",
        "geography": "US",
        "content_name": "HSY Q3 2015 Transcript",
        "file_type": "pdf",
        "content_type": "earnings_transcript",
        "published_date": "2015-10-28",
        "fiscal_date": "2015-10-28",
        "fiscal_year": 2015,
        "fiscal_quarter": 3,
        "r2_url": "https://pub-2c783279b61043e19fbdadd1bee5153a.r2.dev/HSY/2015-10-28/The%20Hershey%20Company_2015-10-28_transcript/The%20Hershey%20Company_2015-10-28_transcript.pdf/The%20Hershey%20Company_2015-10-28_transcript.pdf",
        "periodicity": "periodic"
    },
    {
        "equity_ticker": "HSY",
        "geography": "US",
        "content_name": "HSY Q2 2015 Transcript",
        "file_type": "pdf",
        "content_type": "earnings_transcript",
        "published_date": "2015-08-07",
        "fiscal_date": "2015-08-07",
        "fiscal_year": 2015,
        "fiscal_quarter": 2,
        "r2_url": "https://pub-2c783279b61043e19fbdadd1bee5153a.r2.dev/HSY/2015-08-07/The%20Hershey%20Company_2015-08-07_transcript/The%20Hershey%20Company_2015-08-07_transcript.pdf/The%20Hershey%20Company_2015-08-07_transcript.pdf",
        "periodicity": "periodic"
    },
    {
        "equity_ticker": "HSY",
        "geography": "US",
        "content_name": "HSY Q1 2015 Transcript",
        "file_type": "pdf",
        "content_type": "earnings_transcript",
        "published_date": "2015-04-23",
        "fiscal_date": "2015-04-23",
        "fiscal_year": 2015,
        "fiscal_quarter": 1,
        "r2_url": "https://pub-2c783279b61043e19fbdadd1bee5153a.r2.dev/HSY/2015-04-23/The%20Hershey%20Company_2015-04-23_transcript/The%20Hershey%20Company_2015-04-23_transcript.pdf/The%20Hershey%20Company_2015-04-23_transcript.pdf",
        "periodicity": "periodic"
    },
    {
        "equity_ticker": "HSY",
        "geography": "US",
        "content_name": "HSY Q4 2014 Transcript",
        "file_type": "pdf",
        "content_type": "earnings_transcript",
        "published_date": "2015-01-29",
        "fiscal_date": "2015-01-29",
        "fiscal_year": 2014,
        "fiscal_quarter": 4,
        "r2_url": "https://pub-2c783279b61043e19fbdadd1bee5153a.r2.dev/HSY/2015-01-29/The%20Hershey%20Company_2015-01-29_transcript/The%20Hershey%20Company_2015-01-29_transcript.pdf/The%20Hershey%20Company_2015-01-29_transcript.pdf",
        "periodicity": "periodic"
    },
    {
        "equity_ticker": "HSY",
        "geography": "US",
        "content_name": "HSY Q3 2014 Transcript",
        "file_type": "pdf",
        "content_type": "earnings_transcript",
        "published_date": "2014-10-29",
        "fiscal_date": "2014-10-29",
        "fiscal_year": 2014,
        "fiscal_quarter": 3,
        "r2_url": "https://pub-2c783279b61043e19fbdadd1bee5153a.r2.dev/HSY/2014-10-29/The%20Hershey%20Company_2014-10-29_transcript/The%20Hershey%20Company_2014-10-29_transcript.pdf/The%20Hershey%20Company_2014-10-29_transcript.pdf",
        "periodicity": "periodic"
    },
    {
        "equity_ticker": "HSY",
        "geography": "US",
        "content_name": "HSY Q2 2014 Transcript",
        "file_type": "pdf",
        "content_type": "earnings_transcript",
        "published_date": "2014-07-24",
        "fiscal_date": "2014-07-24",
        "fiscal_year": 2014,
        "fiscal_quarter": 2,
        "r2_url": "https://pub-2c783279b61043e19fbdadd1bee5153a.r2.dev/HSY/2014-07-24/The%20Hershey%20Company_2014-07-24_transcript/The%20Hershey%20Company_2014-07-24_transcript.pdf/The%20Hershey%20Company_2014-07-24_transcript.pdf",
        "periodicity": "periodic"
    },
    {
        "equity_ticker": "HSY",
        "geography": "US",
        "content_name": "HSY Q1 2014 Transcript",
        "file_type": "pdf",
        "content_type": "earnings_transcript",
        "published_date": "2014-04-24",
        "fiscal_date": "2014-04-24",
        "fiscal_year": 2014,
        "fiscal_quarter": 1,
        "r2_url": "https://pub-2c783279b61043e19fbdadd1bee5153a.r2.dev/HSY/2014-04-24/The%20Hershey%20Company_2014-04-24_transcript/The%20Hershey%20Company_2014-04-24_transcript.pdf/The%20Hershey%20Company_2014-04-24_transcript.pdf",
        "periodicity": "periodic"
    },
    {
        "equity_ticker": "HSY",
        "geography": "US",
        "content_name": "HSY Q4 2013 Transcript",
        "file_type": "pdf",
        "content_type": "earnings_transcript",
        "published_date": "2014-01-30",
        "fiscal_date": "2014-01-30",
        "fiscal_year": 2013,
        "fiscal_quarter": 4,
        "r2_url": "https://pub-2c783279b61043e19fbdadd1bee5153a.r2.dev/HSY/2014-01-30/The%20Hershey%20Company_2014-01-30_transcript/The%20Hershey%20Company_2014-01-30_transcript.pdf/The%20Hershey%20Company_2014-01-30_transcript.pdf",
        "periodicity": "periodic"
    },
    {
        "equity_ticker": "HSY",
        "geography": "US",
        "content_name": "HSY Q3 2013 Transcript",
        "file_type": "pdf",
        "content_type": "earnings_transcript",
        "published_date": "2013-10-24",
        "fiscal_date": "2013-10-24",
        "fiscal_year": 2013,
        "fiscal_quarter": 3,
        "r2_url": "https://pub-2c783279b61043e19fbdadd1bee5153a.r2.dev/HSY/2013-10-24/The%20Hershey%20Company_2013-10-24_transcript/The%20Hershey%20Company_2013-10-24_transcript.pdf/The%20Hershey%20Company_2013-10-24_transcript.pdf",
        "periodicity": "periodic"
    },
    {
        "equity_ticker": "HSY",
        "geography": "US",
        "content_name": "HSY Q2 2013 Transcript",
        "file_type": "pdf",
        "content_type": "earnings_transcript",
        "published_date": "2013-07-25",
        "fiscal_date": "2013-07-25",
        "fiscal_year": 2013,
        "fiscal_quarter": 2,
        "r2_url": "https://pub-2c783279b61043e19fbdadd1bee5153a.r2.dev/HSY/2013-07-25/The%20Hershey%20Company_2013-07-25_transcript/The%20Hershey%20Company_2013-07-25_transcript.pdf/The%20Hershey%20Company_2013-07-25_transcript.pdf",
        "periodicity": "periodic"
    },
    {
        "equity_ticker": "HSY",
        "geography": "US",
        "content_name": "HSY Q1 2013 Transcript",
        "file_type": "pdf",
        "content_type": "earnings_transcript",
        "published_date": "2013-04-25",
        "fiscal_date": "2013-04-25",
        "fiscal_year": 2013,
        "fiscal_quarter": 1,
        "r2_url": "https://pub-2c783279b61043e19fbdadd1bee5153a.r2.dev/HSY/2013-04-25/The%20Hershey%20Company_2013-04-25_transcript/The%20Hershey%20Company_2013-04-25_transcript.pdf/The%20Hershey%20Company_2013-04-25_transcript.pdf",
        "periodicity": "periodic"
    },
    {
        "equity_ticker": "HSY",
        "geography": "US",
        "content_name": "HSY Q4 2012 Transcript",
        "file_type": "pdf",
        "content_type": "earnings_transcript",
        "published_date": "2013-01-31",
        "fiscal_date": "2013-01-31",
        "fiscal_year": 2012,
        "fiscal_quarter": 4,
        "r2_url": "https://pub-2c783279b61043e19fbdadd1bee5153a.r2.dev/HSY/2013-01-31/The%20Hershey%20Company_2013-01-31_transcript/The%20Hershey%20Company_2013-01-31_transcript.pdf/The%20Hershey%20Company_2013-01-31_transcript.pdf",
        "periodicity": "periodic"
    },
    {
        "equity_ticker": "HSY",
        "geography": "US",
        "content_name": "HSY Q3 2012 Transcript",
        "file_type": "pdf",
        "content_type": "earnings_transcript",
        "published_date": "2012-10-25",
        "fiscal_date": "2012-10-25",
        "fiscal_year": 2012,
        "fiscal_quarter": 3,
        "r2_url": "https://pub-2c783279b61043e19fbdadd1bee5153a.r2.dev/HSY/2012-10-25/The%20Hershey%20Company_2012-10-25_transcript/The%20Hershey%20Company_2012-10-25_transcript.pdf/The%20Hershey%20Company_2012-10-25_transcript.pdf",
        "periodicity": "periodic"
    },
    {
        "equity_ticker": "HSY",
        "geography": "US",
        "content_name": "HSY Q2 2012 Transcript",
        "file_type": "pdf",
        "content_type": "earnings_transcript",
        "published_date": "2012-07-26",
        "fiscal_date": "2012-07-26",
        "fiscal_year": 2012,
        "fiscal_quarter": 2,
        "r2_url": "https://pub-2c783279b61043e19fbdadd1bee5153a.r2.dev/HSY/2012-07-26/The%20Hershey%20Company_2012-07-26_transcript/The%20Hershey%20Company_2012-07-26_transcript.pdf/The%20Hershey%20Company_2012-07-26_transcript.pdf",
        "periodicity": "periodic"
    },
    {
        "equity_ticker": "HSY",
        "geography": "US",
        "content_name": "HSY Q1 2012 Transcript",
        "file_type": "pdf",
        "content_type": "earnings_transcript",
        "published_date": "2012-04-24",
        "fiscal_date": "2012-04-24",
        "fiscal_year": 2012,
        "fiscal_quarter": 1,
        "r2_url": "https://pub-2c783279b61043e19fbdadd1bee5153a.r2.dev/HSY/2012-04-24/The%20Hershey%20Company_2012-04-24_transcript/The%20Hershey%20Company_2012-04-24_transcript.pdf/The%20Hershey%20Company_2012-04-24_transcript.pdf",
        "periodicity": "periodic"
    },
    {
        "equity_ticker": "HSY",
        "geography": "US",
        "content_name": "HSY Q4 2011 Transcript",
        "file_type": "pdf",
        "content_type": "earnings_transcript",
        "published_date": "2012-02-01",
        "fiscal_date": "2012-02-01",
        "fiscal_year": 2011,
        "fiscal_quarter": 4,
        "r2_url": "https://pub-2c783279b61043e19fbdadd1bee5153a.r2.dev/HSY/2012-02-01/The%20Hershey%20Company_2012-02-01_transcript/The%20Hershey%20Company_2012-02-01_transcript.pdf/The%20Hershey%20Company_2012-02-01_transcript.pdf",
        "periodicity": "periodic"
    },
    {
        "equity_ticker": "HSY",
        "geography": "US",
        "content_name": "HSY Q3 2011 Transcript",
        "file_type": "pdf",
        "content_type": "earnings_transcript",
        "published_date": "2011-10-27",
        "fiscal_date": "2011-10-27",
        "fiscal_year": 2011,
        "fiscal_quarter": 3,
        "r2_url": "https://pub-2c783279b61043e19fbdadd1bee5153a.r2.dev/HSY/2011-10-27/The%20Hershey%20Company_2011-10-27_transcript/The%20Hershey%20Company_2011-10-27_transcript.pdf/The%20Hershey%20Company_2011-10-27_transcript.pdf",
        "periodicity": "periodic"
    },
    {
        "equity_ticker": "HSY",
        "geography": "US",
        "content_name": "HSY Q2 2011 Transcript",
        "file_type": "pdf",
        "content_type": "earnings_transcript",
        "published_date": "2011-07-26",
        "fiscal_date": "2011-07-26",
        "fiscal_year": 2011,
        "fiscal_quarter": 2,
        "r2_url": "https://pub-2c783279b61043e19fbdadd1bee5153a.r2.dev/HSY/2011-07-26/The%20Hershey%20Company_2011-07-26_transcript/The%20Hershey%20Company_2011-07-26_transcript.pdf/The%20Hershey%20Company_2011-07-26_transcript.pdf",
        "periodicity": "periodic"
    },
    {
        "equity_ticker": "HSY",
        "geography": "US",
        "content_name": "HSY Q1 2011 Transcript",
        "file_type": "pdf",
        "content_type": "earnings_transcript",
        "published_date": "2011-04-26",
        "fiscal_date": "2011-04-26",
        "fiscal_year": 2011,
        "fiscal_quarter": 1,
        "r2_url": "https://pub-2c783279b61043e19fbdadd1bee5153a.r2.dev/HSY/2011-04-26/The%20Hershey%20Company_2011-04-26_transcript/The%20Hershey%20Company_2011-04-26_transcript.pdf/The%20Hershey%20Company_2011-04-26_transcript.pdf",
        "periodicity": "periodic"
    },
    {
        "equity_ticker": "HSY",
        "geography": "US",
        "content_name": "HSY Q4 2010 Transcript",
        "file_type": "pdf",
        "content_type": "earnings_transcript",
        "published_date": "2011-02-02",
        "fiscal_date": "2011-02-02",
        "fiscal_year": 2010,
        "fiscal_quarter": 4,
        "r2_url": "https://pub-2c783279b61043e19fbdadd1bee5153a.r2.dev/HSY/2011-02-02/The%20Hershey%20Company_2011-02-02_transcript/The%20Hershey%20Company_2011-02-02_transcript.pdf/The%20Hershey%20Company_2011-02-02_transcript.pdf",
        "periodicity": "periodic"
    },
    {
        "equity_ticker": "HSY",
        "geography": "US",
        "content_name": "HSY Q3 2010 Transcript",
        "file_type": "pdf",
        "content_type": "earnings_transcript",
        "published_date": "2010-10-21",
        "fiscal_date": "2010-10-21",
        "fiscal_year": 2010,
        "fiscal_quarter": 3,
        "r2_url": "https://pub-2c783279b61043e19fbdadd1bee5153a.r2.dev/HSY/2010-10-21/The%20Hershey%20Company_2010-10-21_transcript/The%20Hershey%20Company_2010-10-21_transcript.pdf/The%20Hershey%20Company_2010-10-21_transcript.pdf",
        "periodicity": "periodic"
    },
    {
        "equity_ticker": "HSY",
        "geography": "US",
        "content_name": "HSY Q2 2010 Transcript",
        "file_type": "pdf",
        "content_type": "earnings_transcript",
        "published_date": "2010-07-22",
        "fiscal_date": "2010-07-22",
        "fiscal_year": 2010,
        "fiscal_quarter": 2,
        "r2_url": "https://pub-2c783279b61043e19fbdadd1bee5153a.r2.dev/HSY/2010-07-22/The%20Hershey%20Company_2010-07-22_transcript/The%20Hershey%20Company_2010-07-22_transcript.pdf/The%20Hershey%20Company_2010-07-22_transcript.pdf",
        "periodicity": "periodic"
    },
    {
        "equity_ticker": "HSY",
        "geography": "US",
        "content_name": "HSY Q1 2010 Transcript",
        "file_type": "pdf",
        "content_type": "earnings_transcript",
        "published_date": "2010-04-22",
        "fiscal_date": "2010-04-22",
        "fiscal_year": 2010,
        "fiscal_quarter": 1,
        "r2_url": "https://pub-2c783279b61043e19fbdadd1bee5153a.r2.dev/HSY/2010-04-22/The%20Hershey%20Company_2010-04-22_transcript/The%20Hershey%20Company_2010-04-22_transcript.pdf/The%20Hershey%20Company_2010-04-22_transcript.pdf",
        "periodicity": "periodic"
    },
    {
        "equity_ticker": "HSY",
        "geography": "US",
        "content_name": "HSY Q4 2009 Transcript",
        "file_type": "pdf",
        "content_type": "earnings_transcript",
        "published_date": "2010-02-02",
        "fiscal_date": "2010-02-02",
        "fiscal_year": 2009,
        "fiscal_quarter": 4,
        "r2_url": "https://pub-2c783279b61043e19fbdadd1bee5153a.r2.dev/HSY/2010-02-02/The%20Hershey%20Company_2010-02-02_transcript/The%20Hershey%20Company_2010-02-02_transcript.pdf/The%20Hershey%20Company_2010-02-02_transcript.pdf",
        "periodicity": "periodic"
    },
    {
        "equity_ticker": "HSY",
        "geography": "US",
        "content_name": "HSY Q3 2009 Transcript",
        "file_type": "pdf",
        "content_type": "earnings_transcript",
        "published_date": "2009-10-22",
        "fiscal_date": "2009-10-22",
        "fiscal_year": 2009,
        "fiscal_quarter": 3,
        "r2_url": "https://pub-2c783279b61043e19fbdadd1bee5153a.r2.dev/HSY/2009-10-22/The%20Hershey%20Company_2009-10-22_transcript/The%20Hershey%20Company_2009-10-22_transcript.pdf/The%20Hershey%20Company_2009-10-22_transcript.pdf",
        "periodicity": "periodic"
    },
    {
        "equity_ticker": "HSY",
        "geography": "US",
        "content_name": "HSY Q2 2009 Transcript",
        "file_type": "pdf",
        "content_type": "earnings_transcript",
        "published_date": "2009-07-23",
        "fiscal_date": "2009-07-23",
        "fiscal_year": 2009,
        "fiscal_quarter": 2,
        "r2_url": "https://pub-2c783279b61043e19fbdadd1bee5153a.r2.dev/HSY/2009-07-23/The%20Hershey%20Company_2009-07-23_transcript/The%20Hershey%20Company_2009-07-23_transcript.pdf/The%20Hershey%20Company_2009-07-23_transcript.pdf",
        "periodicity": "periodic"
    },
    {
        "equity_ticker": "HSY",
        "geography": "US",
        "content_name": "HSY Q1 2009 Transcript",
        "file_type": "pdf",
        "content_type": "earnings_transcript",
        "published_date": "2009-04-23",
        "fiscal_date": "2009-04-23",
        "fiscal_year": 2009,
        "fiscal_quarter": 1,
        "r2_url": "https://pub-2c783279b61043e19fbdadd1bee5153a.r2.dev/HSY/2009-04-23/The%20Hershey%20Company_2009-04-23_transcript/The%20Hershey%20Company_2009-04-23_transcript.pdf/The%20Hershey%20Company_2009-04-23_transcript.pdf",
        "periodicity": "periodic"
    },
    {
        "equity_ticker": "HSY",
        "geography": "US",
        "content_name": "HSY Q4 2008 Transcript",
        "file_type": "pdf",
        "content_type": "earnings_transcript",
        "published_date": "2009-01-27",
        "fiscal_date": "2009-01-27",
        "fiscal_year": 2008,
        "fiscal_quarter": 4,
        "r2_url": "https://pub-2c783279b61043e19fbdadd1bee5153a.r2.dev/HSY/2009-01-27/The%20Hershey%20Company_2009-01-27_transcript/The%20Hershey%20Company_2009-01-27_transcript.pdf/The%20Hershey%20Company_2009-01-27_transcript.pdf",
        "periodicity": "periodic"
    },
    {
        "equity_ticker": "HSY",
        "geography": "US",
        "content_name": "HSY Q3 2008 Transcript",
        "file_type": "pdf",
        "content_type": "earnings_transcript",
        "published_date": "2008-10-16",
        "fiscal_date": "2008-10-16",
        "fiscal_year": 2008,
        "fiscal_quarter": 3,
        "r2_url": "https://pub-2c783279b61043e19fbdadd1bee5153a.r2.dev/HSY/2008-10-16/The%20Hershey%20Company_2008-10-16_transcript/The%20Hershey%20Company_2008-10-16_transcript.pdf/The%20Hershey%20Company_2008-10-16_transcript.pdf",
        "periodicity": "periodic"
    },
    {
        "equity_ticker": "HSY",
        "geography": "US",
        "content_name": "HSY Q2 2008 Transcript",
        "file_type": "pdf",
        "content_type": "earnings_transcript",
        "published_date": "2008-07-23",
        "fiscal_date": "2008-07-23",
        "fiscal_year": 2008,
        "fiscal_quarter": 2,
        "r2_url": "https://pub-2c783279b61043e19fbdadd1bee5153a.r2.dev/HSY/2008-07-23/The%20Hershey%20Company_2008-07-23_transcript/The%20Hershey%20Company_2008-07-23_transcript.pdf/The%20Hershey%20Company_2008-07-23_transcript.pdf",
        "periodicity": "periodic"
    },
    {
        "equity_ticker": "HSY",
        "geography": "US",
        "content_name": "HSY Q1 2008 Transcript",
        "file_type": "pdf",
        "content_type": "earnings_transcript",
        "published_date": "2008-04-24",
        "fiscal_date": "2008-04-24",
        "fiscal_year": 2008,
        "fiscal_quarter": 1,
        "r2_url": "https://pub-2c783279b61043e19fbdadd1bee5153a.r2.dev/HSY/2008-04-24/The%20Hershey%20Company_2008-04-24_transcript/The%20Hershey%20Company_2008-04-24_transcript.pdf/The%20Hershey%20Company_2008-04-24_transcript.pdf",
        "periodicity": "periodic"
    },
    {
        "equity_ticker": "HSY",
        "geography": "US",
        "content_name": "HSY Q4 2007 Transcript",
        "file_type": "pdf",
        "content_type": "earnings_transcript",
        "published_date": "2008-01-24",
        "fiscal_date": "2008-01-24",
        "fiscal_year": 2007,
        "fiscal_quarter": 4,
        "r2_url": "https://pub-2c783279b61043e19fbdadd1bee5153a.r2.dev/HSY/2008-01-24/The%20Hershey%20Company_2008-01-24_transcript/The%20Hershey%20Company_2008-01-24_transcript.pdf/The%20Hershey%20Company_2008-01-24_transcript.pdf",
        "periodicity": "periodic"
    },
    {
        "equity_ticker": "HSY",
        "geography": "US",
        "content_name": "HSY Q3 2007 Transcript",
        "file_type": "pdf",
        "content_type": "earnings_transcript",
        "published_date": "2007-10-18",
        "fiscal_date": "2007-10-18",
        "fiscal_year": 2007,
        "fiscal_quarter": 3,
        "r2_url": "https://pub-2c783279b61043e19fbdadd1bee5153a.r2.dev/HSY/2007-10-18/The%20Hershey%20Company_2007-10-18_transcript/The%20Hershey%20Company_2007-10-18_transcript.pdf/The%20Hershey%20Company_2007-10-18_transcript.pdf",
        "periodicity": "periodic"
    },
    {
        "equity_ticker": "HSY",
        "geography": "US",
        "content_name": "HSY Q2 2007 Transcript",
        "file_type": "pdf",
        "content_type": "earnings_transcript",
        "published_date": "2007-07-19",
        "fiscal_date": "2007-07-19",
        "fiscal_year": 2007,
        "fiscal_quarter": 2,
        "r2_url": "https://pub-2c783279b61043e19fbdadd1bee5153a.r2.dev/HSY/2007-07-19/The%20Hershey%20Company_2007-07-19_transcript/The%20Hershey%20Company_2007-07-19_transcript.pdf/The%20Hershey%20Company_2007-07-19_transcript.pdf",
        "periodicity": "periodic"
    }
]