[
    {
        "equity_ticker": "IFF",
        "geography": "US",
        "content_name": "Consumer Analyst Group of New York Conference 2025 - February 20, 2025",
        "file_type": "pdf",
        "content_type": "industry_conference_transcript",
        "published_date": "2025-02-20",
        "fiscal_date": "2025-02-20",
        "fiscal_year": 0,
        "fiscal_quarter": 0,
        "r2_url": "https://pub-2c783279b61043e19fbdadd1bee5153a.r2.dev/IFF/2025-02-20/International%20Flavors%20%26%20Fragrances%20Inc._2025-02-20_transcript/International%20Flavors%20%26%20Fragrances%20Inc._2025-02-20_transcript.pdf/International%20Flavors%20%26%20Fragrances%20Inc._2025-02-20_transcript.pdf",
        "periodicity": "non_periodic"
    },
    {
        "equity_ticker": "IFF",
        "geography": "US",
        "content_name": "Consumer Analyst Group of New York Conference 2025 - February 20, 2025",
        "file_type": "pdf",
        "content_type": "industry_conference_presentation",
        "published_date": "2025-02-20",
        "fiscal_date": "2025-02-20",
        "fiscal_year": 0,
        "fiscal_quarter": 0,
        "r2_url": "https://pub-2c783279b61043e19fbdadd1bee5153a.r2.dev/IFF/2025-02-20/5cc5d-2025-02-20-11-14-51/5cc5d-2025-02-20-11-14-51.pdf/5cc5d-2025-02-20-11-14-51.pdf",
        "periodicity": "non_periodic"
    },
    {
        "equity_ticker": "IFF",
        "geography": "US",
        "content_name": "IFF Q4 2024 Transcript",
        "file_type": "pdf",
        "content_type": "earnings_transcript",
        "published_date": "2025-02-19",
        "fiscal_date": "2025-02-19",
        "fiscal_year": 2024,
        "fiscal_quarter": 4,
        "r2_url": "https://pub-2c783279b61043e19fbdadd1bee5153a.r2.dev/IFF/2025-02-19/International%20Flavors%20%26%20Fragrances%20Inc._2025-02-19_transcript/International%20Flavors%20%26%20Fragrances%20Inc._2025-02-19_transcript.pdf/International%20Flavors%20%26%20Fragrances%20Inc._2025-02-19_transcript.pdf",
        "periodicity": "periodic"
    },
    {
        "equity_ticker": "IFF",
        "geography": "US",
        "content_name": "IFF Q4 2024 Press Release",
        "file_type": "pdf",
        "content_type": "earnings_press_release",
        "published_date": "2025-02-19",
        "fiscal_date": "2025-02-19",
        "fiscal_year": 2024,
        "fiscal_quarter": 4,
        "r2_url": "https://pub-2c783279b61043e19fbdadd1bee5153a.r2.dev/IFF/2025-02-19/faf54-2025-02-18-09-20-30/faf54-2025-02-18-09-20-30.pdf/faf54-2025-02-18-09-20-30.pdf",
        "periodicity": "periodic"
    },
    {
        "equity_ticker": "IFF",
        "geography": "US",
        "content_name": "IFF Q4 2024 Presentation",
        "file_type": "pdf",
        "content_type": "earnings_presentation",
        "published_date": "2025-02-19",
        "fiscal_date": "2025-02-19",
        "fiscal_year": 2024,
        "fiscal_quarter": 4,
        "r2_url": "https://pub-2c783279b61043e19fbdadd1bee5153a.r2.dev/IFF/2025-02-19/1baa0-2025-02-19-01-11-34/1baa0-2025-02-19-01-11-34.pdf/1baa0-2025-02-19-01-11-34.pdf",
        "periodicity": "periodic"
    },
    {
        "equity_ticker": "IFF",
        "geography": "US",
        "content_name": "IFF Q3 2024 Transcript",
        "file_type": "pdf",
        "content_type": "earnings_transcript",
        "published_date": "2024-11-06",
        "fiscal_date": "2024-11-06",
        "fiscal_year": 2024,
        "fiscal_quarter": 3,
        "r2_url": "https://pub-2c783279b61043e19fbdadd1bee5153a.r2.dev/IFF/2024-11-06/International%20Flavors%20%26%20Fragrances%20Inc._2024-11-06_transcript/International%20Flavors%20%26%20Fragrances%20Inc._2024-11-06_transcript.pdf/International%20Flavors%20%26%20Fragrances%20Inc._2024-11-06_transcript.pdf",
        "periodicity": "periodic"
    },
    {
        "equity_ticker": "IFF",
        "geography": "US",
        "content_name": "IFF Q3 2024 Press Release",
        "file_type": "pdf",
        "content_type": "earnings_press_release",
        "published_date": "2024-11-06",
        "fiscal_date": "2024-11-06",
        "fiscal_year": 2024,
        "fiscal_quarter": 3,
        "r2_url": "https://pub-2c783279b61043e19fbdadd1bee5153a.r2.dev/IFF/2024-11-06/f4099-2024-11-05-09-59-32/f4099-2024-11-05-09-59-32.pdf/f4099-2024-11-05-09-59-32.pdf",
        "periodicity": "periodic"
    },
    {
        "equity_ticker": "IFF",
        "geography": "US",
        "content_name": "IFF Q3 2024 Presentation",
        "file_type": "pdf",
        "content_type": "earnings_presentation",
        "published_date": "2024-11-06",
        "fiscal_date": "2024-11-06",
        "fiscal_year": 2024,
        "fiscal_quarter": 3,
        "r2_url": "https://pub-2c783279b61043e19fbdadd1bee5153a.r2.dev/IFF/2024-11-06/6930c-2024-11-06-01-55-03/6930c-2024-11-06-01-55-03.pdf/6930c-2024-11-06-01-55-03.pdf",
        "periodicity": "periodic"
    },
    {
        "equity_ticker": "IFF",
        "geography": "US",
        "content_name": "Barclays 17th Annual Global Consumer Staples Conference - September 5, 2024",
        "file_type": "pdf",
        "content_type": "sellside_conference_transcript",
        "published_date": "2024-09-05",
        "fiscal_date": "2024-09-05",
        "fiscal_year": 0,
        "fiscal_quarter": 0,
        "r2_url": "https://pub-2c783279b61043e19fbdadd1bee5153a.r2.dev/IFF/2024-09-05/International%20Flavors%20%26%20Fragrances%20Inc._2024-09-05_transcript/International%20Flavors%20%26%20Fragrances%20Inc._2024-09-05_transcript.pdf/International%20Flavors%20%26%20Fragrances%20Inc._2024-09-05_transcript.pdf",
        "periodicity": "non_periodic"
    },
    {
        "equity_ticker": "IFF",
        "geography": "US",
        "content_name": "IFF Q2 2024 Transcript",
        "file_type": "pdf",
        "content_type": "earnings_transcript",
        "published_date": "2024-08-07",
        "fiscal_date": "2024-08-07",
        "fiscal_year": 2024,
        "fiscal_quarter": 2,
        "r2_url": "https://pub-2c783279b61043e19fbdadd1bee5153a.r2.dev/IFF/2024-08-07/International%20Flavors%20%26%20Fragrances%20Inc._2024-08-07_transcript/International%20Flavors%20%26%20Fragrances%20Inc._2024-08-07_transcript.pdf/International%20Flavors%20%26%20Fragrances%20Inc._2024-08-07_transcript.pdf",
        "periodicity": "periodic"
    },
    {
        "equity_ticker": "IFF",
        "geography": "US",
        "content_name": "IFF Q2 2024 Press Release",
        "file_type": "pdf",
        "content_type": "earnings_press_release",
        "published_date": "2024-08-07",
        "fiscal_date": "2024-08-07",
        "fiscal_year": 2024,
        "fiscal_quarter": 2,
        "r2_url": "https://pub-2c783279b61043e19fbdadd1bee5153a.r2.dev/IFF/2024-08-07/0cdfe-2024-08-06-08-56-32/0cdfe-2024-08-06-08-56-32.pdf/0cdfe-2024-08-06-08-56-32.pdf",
        "periodicity": "periodic"
    },
    {
        "equity_ticker": "IFF",
        "geography": "US",
        "content_name": "IFF Q2 2024 Presentation",
        "file_type": "pdf",
        "content_type": "earnings_presentation",
        "published_date": "2024-08-07",
        "fiscal_date": "2024-08-07",
        "fiscal_year": 2024,
        "fiscal_quarter": 2,
        "r2_url": "https://pub-2c783279b61043e19fbdadd1bee5153a.r2.dev/IFF/2024-08-07/0a211-2024-08-07-11-03-09/0a211-2024-08-07-11-03-09.pdf/0a211-2024-08-07-11-03-09.pdf",
        "periodicity": "periodic"
    },
    {
        "equity_ticker": "IFF",
        "geography": "US",
        "content_name": "IFF Q1 2024 Transcript",
        "file_type": "pdf",
        "content_type": "earnings_transcript",
        "published_date": "2024-05-07",
        "fiscal_date": "2024-05-07",
        "fiscal_year": 2024,
        "fiscal_quarter": 1,
        "r2_url": "https://pub-2c783279b61043e19fbdadd1bee5153a.r2.dev/IFF/2024-05-07/International%20Flavors%20%26%20Fragrances%20Inc._2024-05-07_transcript/International%20Flavors%20%26%20Fragrances%20Inc._2024-05-07_transcript.pdf/International%20Flavors%20%26%20Fragrances%20Inc._2024-05-07_transcript.pdf",
        "periodicity": "periodic"
    },
    {
        "equity_ticker": "IFF",
        "geography": "US",
        "content_name": "IFF Q1 2024 Press Release",
        "file_type": "pdf",
        "content_type": "earnings_press_release",
        "published_date": "2024-05-07",
        "fiscal_date": "2024-05-07",
        "fiscal_year": 2024,
        "fiscal_quarter": 1,
        "r2_url": "https://pub-2c783279b61043e19fbdadd1bee5153a.r2.dev/IFF/2024-05-07/4fd8c-2024-05-06-08-51-42/4fd8c-2024-05-06-08-51-42.pdf/4fd8c-2024-05-06-08-51-42.pdf",
        "periodicity": "periodic"
    },
    {
        "equity_ticker": "IFF",
        "geography": "US",
        "content_name": "IFF Q1 2024 Presentation",
        "file_type": "pdf",
        "content_type": "earnings_presentation",
        "published_date": "2024-05-07",
        "fiscal_date": "2024-05-07",
        "fiscal_year": 2024,
        "fiscal_quarter": 1,
        "r2_url": "https://pub-2c783279b61043e19fbdadd1bee5153a.r2.dev/IFF/2024-05-07/af3f8-2024-05-07-11-26-08/af3f8-2024-05-07-11-26-08.pdf/af3f8-2024-05-07-11-26-08.pdf",
        "periodicity": "periodic"
    },
    {
        "equity_ticker": "IFF",
        "geography": "US",
        "content_name": "CAGNY 2024 Conference - February 22, 2024",
        "file_type": "pdf",
        "content_type": "industry_conference_transcript",
        "published_date": "2024-02-22",
        "fiscal_date": "2024-02-22",
        "fiscal_year": 0,
        "fiscal_quarter": 0,
        "r2_url": "https://pub-2c783279b61043e19fbdadd1bee5153a.r2.dev/IFF/2024-02-22/International%20Flavors%20%26%20Fragrances%20Inc._2024-02-22_transcript/International%20Flavors%20%26%20Fragrances%20Inc._2024-02-22_transcript.pdf/International%20Flavors%20%26%20Fragrances%20Inc._2024-02-22_transcript.pdf",
        "periodicity": "non_periodic"
    },
    {
        "equity_ticker": "IFF",
        "geography": "US",
        "content_name": "CAGNY 2024 Conference - February 22, 2024",
        "file_type": "pdf",
        "content_type": "industry_conference_presentation",
        "published_date": "2024-02-22",
        "fiscal_date": "2024-02-22",
        "fiscal_year": 0,
        "fiscal_quarter": 0,
        "r2_url": "https://pub-2c783279b61043e19fbdadd1bee5153a.r2.dev/IFF/2024-02-22/fc870-2024-02-23-04-28-56/fc870-2024-02-23-04-28-56.pdf/fc870-2024-02-23-04-28-56.pdf",
        "periodicity": "non_periodic"
    },
    {
        "equity_ticker": "IFF",
        "geography": "US",
        "content_name": "IFF Q4 2023 Transcript",
        "file_type": "pdf",
        "content_type": "earnings_transcript",
        "published_date": "2024-02-21",
        "fiscal_date": "2024-02-21",
        "fiscal_year": 2023,
        "fiscal_quarter": 4,
        "r2_url": "https://pub-2c783279b61043e19fbdadd1bee5153a.r2.dev/IFF/2024-02-21/International%20Flavors%20%26%20Fragrances%20Inc._2024-02-21_transcript/International%20Flavors%20%26%20Fragrances%20Inc._2024-02-21_transcript.pdf/International%20Flavors%20%26%20Fragrances%20Inc._2024-02-21_transcript.pdf",
        "periodicity": "periodic"
    },
    {
        "equity_ticker": "IFF",
        "geography": "US",
        "content_name": "IFF Q4 2023 Press Release",
        "file_type": "pdf",
        "content_type": "earnings_press_release",
        "published_date": "2024-02-21",
        "fiscal_date": "2024-02-21",
        "fiscal_year": 2023,
        "fiscal_quarter": 4,
        "r2_url": "https://pub-2c783279b61043e19fbdadd1bee5153a.r2.dev/IFF/2024-02-21/e9ff7-2024-02-20-09-25-35/e9ff7-2024-02-20-09-25-35.pdf/e9ff7-2024-02-20-09-25-35.pdf",
        "periodicity": "periodic"
    },
    {
        "equity_ticker": "IFF",
        "geography": "US",
        "content_name": "IFF Q4 2023 Presentation",
        "file_type": "pdf",
        "content_type": "earnings_presentation",
        "published_date": "2024-02-21",
        "fiscal_date": "2024-02-21",
        "fiscal_year": 2023,
        "fiscal_quarter": 4,
        "r2_url": "https://pub-2c783279b61043e19fbdadd1bee5153a.r2.dev/IFF/2024-02-21/63130-2024-02-21-12-55-09/63130-2024-02-21-12-55-09.pdf/63130-2024-02-21-12-55-09.pdf",
        "periodicity": "periodic"
    },
    {
        "equity_ticker": "IFF",
        "geography": "US",
        "content_name": "IFF Q3 2023 Transcript",
        "file_type": "pdf",
        "content_type": "earnings_transcript",
        "published_date": "2023-11-07",
        "fiscal_date": "2023-11-07",
        "fiscal_year": 2023,
        "fiscal_quarter": 3,
        "r2_url": "https://pub-2c783279b61043e19fbdadd1bee5153a.r2.dev/IFF/2023-11-07/International%20Flavors%20%26%20Fragrances%20Inc._2023-11-07_transcript/International%20Flavors%20%26%20Fragrances%20Inc._2023-11-07_transcript.pdf/International%20Flavors%20%26%20Fragrances%20Inc._2023-11-07_transcript.pdf",
        "periodicity": "periodic"
    },
    {
        "equity_ticker": "IFF",
        "geography": "US",
        "content_name": "IFF Q3 2023 Press Release",
        "file_type": "pdf",
        "content_type": "earnings_press_release",
        "published_date": "2023-11-07",
        "fiscal_date": "2023-11-07",
        "fiscal_year": 2023,
        "fiscal_quarter": 3,
        "r2_url": "https://pub-2c783279b61043e19fbdadd1bee5153a.r2.dev/IFF/2023-11-07/81202-2023-11-06-09-30-35/81202-2023-11-06-09-30-35.pdf/81202-2023-11-06-09-30-35.pdf",
        "periodicity": "periodic"
    },
    {
        "equity_ticker": "IFF",
        "geography": "US",
        "content_name": "IFF Q3 2023 Presentation",
        "file_type": "pdf",
        "content_type": "earnings_presentation",
        "published_date": "2023-11-07",
        "fiscal_date": "2023-11-07",
        "fiscal_year": 2023,
        "fiscal_quarter": 3,
        "r2_url": "https://pub-2c783279b61043e19fbdadd1bee5153a.r2.dev/IFF/2023-11-07/796cf-2023-11-07-12-34-02/796cf-2023-11-07-12-34-02.pdf/796cf-2023-11-07-12-34-02.pdf",
        "periodicity": "periodic"
    },
    {
        "equity_ticker": "IFF",
        "geography": "US",
        "content_name": "Barclays Global Consumer Staples Conference - September 7, 2023",
        "file_type": "pdf",
        "content_type": "sellside_conference_transcript",
        "published_date": "2023-09-07",
        "fiscal_date": "2023-09-07",
        "fiscal_year": 0,
        "fiscal_quarter": 0,
        "r2_url": "https://pub-2c783279b61043e19fbdadd1bee5153a.r2.dev/IFF/2023-09-07/International%20Flavors%20%26%20Fragrances%20Inc._2023-09-07_transcript/International%20Flavors%20%26%20Fragrances%20Inc._2023-09-07_transcript.pdf/International%20Flavors%20%26%20Fragrances%20Inc._2023-09-07_transcript.pdf",
        "periodicity": "non_periodic"
    },
    {
        "equity_ticker": "IFF",
        "geography": "US",
        "content_name": "IFF Q2 2023 Transcript",
        "file_type": "pdf",
        "content_type": "earnings_transcript",
        "published_date": "2023-08-08",
        "fiscal_date": "2023-08-08",
        "fiscal_year": 2023,
        "fiscal_quarter": 2,
        "r2_url": "https://pub-2c783279b61043e19fbdadd1bee5153a.r2.dev/IFF/2023-08-08/International%20Flavors%20%26%20Fragrances%20Inc._2023-08-08_transcript/International%20Flavors%20%26%20Fragrances%20Inc._2023-08-08_transcript.pdf/International%20Flavors%20%26%20Fragrances%20Inc._2023-08-08_transcript.pdf",
        "periodicity": "periodic"
    },
    {
        "equity_ticker": "IFF",
        "geography": "US",
        "content_name": "IFF Q2 2023 Press Release",
        "file_type": "pdf",
        "content_type": "earnings_press_release",
        "published_date": "2023-08-08",
        "fiscal_date": "2023-08-08",
        "fiscal_year": 2023,
        "fiscal_quarter": 2,
        "r2_url": "https://pub-2c783279b61043e19fbdadd1bee5153a.r2.dev/IFF/2023-08-08/3b920-2023-08-08-11-27-08/3b920-2023-08-08-11-27-08.pdf/3b920-2023-08-08-11-27-08.pdf",
        "periodicity": "periodic"
    },
    {
        "equity_ticker": "IFF",
        "geography": "US",
        "content_name": "IFF Q2 2023 Presentation",
        "file_type": "pdf",
        "content_type": "earnings_presentation",
        "published_date": "2023-08-08",
        "fiscal_date": "2023-08-08",
        "fiscal_year": 2023,
        "fiscal_quarter": 2,
        "r2_url": "https://pub-2c783279b61043e19fbdadd1bee5153a.r2.dev/IFF/2023-08-08/09759-2023-08-08-11-27-08/09759-2023-08-08-11-27-08.pdf/09759-2023-08-08-11-27-08.pdf",
        "periodicity": "periodic"
    },
    {
        "equity_ticker": "IFF",
        "geography": "US",
        "content_name": "ESG Update - May 23, 2023",
        "file_type": "pdf",
        "content_type": "company_conference_transcript",
        "published_date": "2023-05-23",
        "fiscal_date": "2023-05-23",
        "fiscal_year": 0,
        "fiscal_quarter": 0,
        "r2_url": "https://pub-2c783279b61043e19fbdadd1bee5153a.r2.dev/IFF/2023-05-23/International%20Flavors%20%26%20Fragrances%20Inc._2023-05-23_transcript/International%20Flavors%20%26%20Fragrances%20Inc._2023-05-23_transcript.pdf/International%20Flavors%20%26%20Fragrances%20Inc._2023-05-23_transcript.pdf",
        "periodicity": "non_periodic"
    },
    {
        "equity_ticker": "IFF",
        "geography": "US",
        "content_name": "IFF Q1 2023 Transcript",
        "file_type": "pdf",
        "content_type": "earnings_transcript",
        "published_date": "2023-05-09",
        "fiscal_date": "2023-05-09",
        "fiscal_year": 2023,
        "fiscal_quarter": 1,
        "r2_url": "https://pub-2c783279b61043e19fbdadd1bee5153a.r2.dev/IFF/2023-05-09/International%20Flavors%20%26%20Fragrances%20Inc._2023-05-09_transcript/International%20Flavors%20%26%20Fragrances%20Inc._2023-05-09_transcript.pdf/International%20Flavors%20%26%20Fragrances%20Inc._2023-05-09_transcript.pdf",
        "periodicity": "periodic"
    },
    {
        "equity_ticker": "IFF",
        "geography": "US",
        "content_name": "IFF Q1 2023 Press Release",
        "file_type": "pdf",
        "content_type": "earnings_press_release",
        "published_date": "2023-05-09",
        "fiscal_date": "2023-05-09",
        "fiscal_year": 2023,
        "fiscal_quarter": 1,
        "r2_url": "https://pub-2c783279b61043e19fbdadd1bee5153a.r2.dev/IFF/2023-05-09/36f23-2023-05-08-09-25-06/36f23-2023-05-08-09-25-06.pdf/36f23-2023-05-08-09-25-06.pdf",
        "periodicity": "periodic"
    },
    {
        "equity_ticker": "IFF",
        "geography": "US",
        "content_name": "IFF Q1 2023 Presentation",
        "file_type": "pdf",
        "content_type": "earnings_presentation",
        "published_date": "2023-05-09",
        "fiscal_date": "2023-05-09",
        "fiscal_year": 2023,
        "fiscal_quarter": 1,
        "r2_url": "https://pub-2c783279b61043e19fbdadd1bee5153a.r2.dev/IFF/2023-05-09/06be6-2023-05-09-12-41-36/06be6-2023-05-09-12-41-36.pdf/06be6-2023-05-09-12-41-36.pdf",
        "periodicity": "periodic"
    },
    {
        "equity_ticker": "IFF",
        "geography": "US",
        "content_name": "Consumer Analyst Group of New York - February 23, 2023",
        "file_type": "pdf",
        "content_type": "industry_conference_transcript",
        "published_date": "2023-02-23",
        "fiscal_date": "2023-02-23",
        "fiscal_year": 0,
        "fiscal_quarter": 0,
        "r2_url": "https://pub-2c783279b61043e19fbdadd1bee5153a.r2.dev/IFF/2023-02-23/International%20Flavors%20%26%20Fragrances%20Inc._2023-02-23_transcript/International%20Flavors%20%26%20Fragrances%20Inc._2023-02-23_transcript.pdf/International%20Flavors%20%26%20Fragrances%20Inc._2023-02-23_transcript.pdf",
        "periodicity": "non_periodic"
    },
    {
        "equity_ticker": "IFF",
        "geography": "US",
        "content_name": "Consumer Analyst Group of New York - February 23, 2023",
        "file_type": "pdf",
        "content_type": "industry_conference_presentation",
        "published_date": "2023-02-23",
        "fiscal_date": "2023-02-23",
        "fiscal_year": 0,
        "fiscal_quarter": 0,
        "r2_url": "https://pub-2c783279b61043e19fbdadd1bee5153a.r2.dev/IFF/2023-02-23/d4058-2023-02-24-08-00-17/d4058-2023-02-24-08-00-17.pdf/d4058-2023-02-24-08-00-17.pdf",
        "periodicity": "non_periodic"
    },
    {
        "equity_ticker": "IFF",
        "geography": "US",
        "content_name": "IFF Q4 2022 Transcript",
        "file_type": "pdf",
        "content_type": "earnings_transcript",
        "published_date": "2023-02-09",
        "fiscal_date": "2023-02-09",
        "fiscal_year": 2022,
        "fiscal_quarter": 4,
        "r2_url": "https://pub-2c783279b61043e19fbdadd1bee5153a.r2.dev/IFF/2023-02-09/International%20Flavors%20%26%20Fragrances%20Inc._2023-02-09_transcript/International%20Flavors%20%26%20Fragrances%20Inc._2023-02-09_transcript.pdf/International%20Flavors%20%26%20Fragrances%20Inc._2023-02-09_transcript.pdf",
        "periodicity": "periodic"
    },
    {
        "equity_ticker": "IFF",
        "geography": "US",
        "content_name": "IFF Q4 2022 Press Release",
        "file_type": "pdf",
        "content_type": "earnings_press_release",
        "published_date": "2023-02-09",
        "fiscal_date": "2023-02-09",
        "fiscal_year": 2022,
        "fiscal_quarter": 4,
        "r2_url": "https://pub-2c783279b61043e19fbdadd1bee5153a.r2.dev/IFF/2023-02-09/853ef-2023-02-09-09-30-03/853ef-2023-02-09-09-30-03.pdf/853ef-2023-02-09-09-30-03.pdf",
        "periodicity": "periodic"
    },
    {
        "equity_ticker": "IFF",
        "geography": "US",
        "content_name": "IFF Q4 2022 Presentation",
        "file_type": "pdf",
        "content_type": "earnings_presentation",
        "published_date": "2023-02-09",
        "fiscal_date": "2023-02-09",
        "fiscal_year": 2022,
        "fiscal_quarter": 4,
        "r2_url": "https://pub-2c783279b61043e19fbdadd1bee5153a.r2.dev/IFF/2023-02-09/f6cc8-2023-02-09-01-02-20/f6cc8-2023-02-09-01-02-20.pdf/f6cc8-2023-02-09-01-02-20.pdf",
        "periodicity": "periodic"
    },
    {
        "equity_ticker": "IFF",
        "geography": "US",
        "content_name": "Investor Day 2022 - December 7, 2022",
        "file_type": "pdf",
        "content_type": "company_conference_transcript",
        "published_date": "2022-12-07",
        "fiscal_date": "2022-12-07",
        "fiscal_year": 0,
        "fiscal_quarter": 0,
        "r2_url": "https://pub-2c783279b61043e19fbdadd1bee5153a.r2.dev/IFF/2022-12-07/International%20Flavors%20%26%20Fragrances%20Inc._2022-12-07_transcript/International%20Flavors%20%26%20Fragrances%20Inc._2022-12-07_transcript.pdf/International%20Flavors%20%26%20Fragrances%20Inc._2022-12-07_transcript.pdf",
        "periodicity": "non_periodic"
    },
    {
        "equity_ticker": "IFF",
        "geography": "US",
        "content_name": "Investor Day 2022 - December 7, 2022",
        "file_type": "pdf",
        "content_type": "company_conference_presentation",
        "published_date": "2022-12-07",
        "fiscal_date": "2022-12-07",
        "fiscal_year": 0,
        "fiscal_quarter": 0,
        "r2_url": "https://pub-2c783279b61043e19fbdadd1bee5153a.r2.dev/IFF/2022-12-07/dc08a-2022-12-07-07-37-23/dc08a-2022-12-07-07-37-23.pdf/dc08a-2022-12-07-07-37-23.pdf",
        "periodicity": "non_periodic"
    },
    {
        "equity_ticker": "IFF",
        "geography": "US",
        "content_name": "IFF Q3 2022 Transcript",
        "file_type": "pdf",
        "content_type": "earnings_transcript",
        "published_date": "2022-11-08",
        "fiscal_date": "2022-11-08",
        "fiscal_year": 2022,
        "fiscal_quarter": 3,
        "r2_url": "https://pub-2c783279b61043e19fbdadd1bee5153a.r2.dev/IFF/2022-11-08/International%20Flavors%20%26%20Fragrances%20Inc._2022-11-08_transcript/International%20Flavors%20%26%20Fragrances%20Inc._2022-11-08_transcript.pdf/International%20Flavors%20%26%20Fragrances%20Inc._2022-11-08_transcript.pdf",
        "periodicity": "periodic"
    },
    {
        "equity_ticker": "IFF",
        "geography": "US",
        "content_name": "IFF Q3 2022 Press Release",
        "file_type": "pdf",
        "content_type": "earnings_press_release",
        "published_date": "2022-11-08",
        "fiscal_date": "2022-11-08",
        "fiscal_year": 2022,
        "fiscal_quarter": 3,
        "r2_url": "https://pub-2c783279b61043e19fbdadd1bee5153a.r2.dev/IFF/2022-11-08/15123-2022-11-08-12-55-20/15123-2022-11-08-12-55-20.pdf/15123-2022-11-08-12-55-20.pdf",
        "periodicity": "periodic"
    },
    {
        "equity_ticker": "IFF",
        "geography": "US",
        "content_name": "IFF Q3 2022 Presentation",
        "file_type": "pdf",
        "content_type": "earnings_presentation",
        "published_date": "2022-11-08",
        "fiscal_date": "2022-11-08",
        "fiscal_year": 2022,
        "fiscal_quarter": 3,
        "r2_url": "https://pub-2c783279b61043e19fbdadd1bee5153a.r2.dev/IFF/2022-11-08/a387e-2022-11-08-01-45-54/a387e-2022-11-08-01-45-54.pdf/a387e-2022-11-08-01-45-54.pdf",
        "periodicity": "periodic"
    },
    {
        "equity_ticker": "IFF",
        "geography": "US",
        "content_name": "IFF Q2 2022 Transcript",
        "file_type": "pdf",
        "content_type": "earnings_transcript",
        "published_date": "2022-08-09",
        "fiscal_date": "2022-08-09",
        "fiscal_year": 2022,
        "fiscal_quarter": 2,
        "r2_url": "https://pub-2c783279b61043e19fbdadd1bee5153a.r2.dev/IFF/2022-08-09/International%20Flavors%20%26%20Fragrances%20Inc._2022-08-09_transcript/International%20Flavors%20%26%20Fragrances%20Inc._2022-08-09_transcript.pdf/International%20Flavors%20%26%20Fragrances%20Inc._2022-08-09_transcript.pdf",
        "periodicity": "periodic"
    },
    {
        "equity_ticker": "IFF",
        "geography": "US",
        "content_name": "IFF Q2 2022 Press Release",
        "file_type": "pdf",
        "content_type": "quarterly_report",
        "published_date": "2022-08-09",
        "fiscal_date": "2022-08-09",
        "fiscal_year": 2022,
        "fiscal_quarter": 2,
        "r2_url": "https://pub-2c783279b61043e19fbdadd1bee5153a.r2.dev/IFF/2022-08-09/9cc52-2024-08-29-12-53-48/9cc52-2024-08-29-12-53-48.pdf/9cc52-2024-08-29-12-53-48.pdf",
        "periodicity": "periodic"
    },
    {
        "equity_ticker": "IFF",
        "geography": "US",
        "content_name": "IFF Q2 2022 Presentation",
        "file_type": "pdf",
        "content_type": "earnings_presentation",
        "published_date": "2022-08-09",
        "fiscal_date": "2022-08-09",
        "fiscal_year": 2022,
        "fiscal_quarter": 2,
        "r2_url": "https://pub-2c783279b61043e19fbdadd1bee5153a.r2.dev/IFF/2022-08-09/bc0be-2022-08-09-11-40-43/bc0be-2022-08-09-11-40-43.pdf/bc0be-2022-08-09-11-40-43.pdf",
        "periodicity": "periodic"
    },
    {
        "equity_ticker": "IFF",
        "geography": "US",
        "content_name": "ESG Update - June 9, 2022",
        "file_type": "pdf",
        "content_type": "company_conference_transcript",
        "published_date": "2022-06-09",
        "fiscal_date": "2022-06-09",
        "fiscal_year": 0,
        "fiscal_quarter": 0,
        "r2_url": "https://pub-2c783279b61043e19fbdadd1bee5153a.r2.dev/IFF/2022-06-09/International%20Flavors%20%26%20Fragrances%20Inc._2022-06-09_transcript/International%20Flavors%20%26%20Fragrances%20Inc._2022-06-09_transcript.pdf/International%20Flavors%20%26%20Fragrances%20Inc._2022-06-09_transcript.pdf",
        "periodicity": "non_periodic"
    },
    {
        "equity_ticker": "IFF",
        "geography": "US",
        "content_name": "ESG Update - June 9, 2022",
        "file_type": "pdf",
        "content_type": "company_conference_presentation",
        "published_date": "2022-06-09",
        "fiscal_date": "2022-06-09",
        "fiscal_year": 0,
        "fiscal_quarter": 0,
        "r2_url": "https://pub-2c783279b61043e19fbdadd1bee5153a.r2.dev/IFF/2022-06-09/511c0-2024-04-10-11-56-37/511c0-2024-04-10-11-56-37.pdf/511c0-2024-04-10-11-56-37.pdf",
        "periodicity": "non_periodic"
    },
    {
        "equity_ticker": "IFF",
        "geography": "US",
        "content_name": "IFF Q1 2022 Transcript",
        "file_type": "pdf",
        "content_type": "earnings_transcript",
        "published_date": "2022-05-10",
        "fiscal_date": "2022-05-10",
        "fiscal_year": 2022,
        "fiscal_quarter": 1,
        "r2_url": "https://pub-2c783279b61043e19fbdadd1bee5153a.r2.dev/IFF/2022-05-10/International%20Flavors%20%26%20Fragrances%20Inc._2022-05-10_transcript/International%20Flavors%20%26%20Fragrances%20Inc._2022-05-10_transcript.pdf/International%20Flavors%20%26%20Fragrances%20Inc._2022-05-10_transcript.pdf",
        "periodicity": "periodic"
    },
    {
        "equity_ticker": "IFF",
        "geography": "US",
        "content_name": "IFF Q1 2022 Press Release",
        "file_type": "pdf",
        "content_type": "earnings_press_release",
        "published_date": "2022-05-10",
        "fiscal_date": "2022-05-10",
        "fiscal_year": 2022,
        "fiscal_quarter": 1,
        "r2_url": "https://pub-2c783279b61043e19fbdadd1bee5153a.r2.dev/IFF/2022-05-10/59215-2023-01-25-02-32-41/59215-2023-01-25-02-32-41.pdf/59215-2023-01-25-02-32-41.pdf",
        "periodicity": "periodic"
    },
    {
        "equity_ticker": "IFF",
        "geography": "US",
        "content_name": "IFF Q4 2021 Transcript",
        "file_type": "pdf",
        "content_type": "earnings_transcript",
        "published_date": "2022-02-10",
        "fiscal_date": "2022-02-10",
        "fiscal_year": 2021,
        "fiscal_quarter": 4,
        "r2_url": "https://pub-2c783279b61043e19fbdadd1bee5153a.r2.dev/IFF/2022-02-10/International%20Flavors%20%26%20Fragrances%20Inc._2022-02-10_transcript/International%20Flavors%20%26%20Fragrances%20Inc._2022-02-10_transcript.pdf/International%20Flavors%20%26%20Fragrances%20Inc._2022-02-10_transcript.pdf",
        "periodicity": "periodic"
    },
    {
        "equity_ticker": "IFF",
        "geography": "US",
        "content_name": "IFF Q4 2021 Press Release",
        "file_type": "pdf",
        "content_type": "earnings_press_release",
        "published_date": "2022-02-10",
        "fiscal_date": "2022-02-10",
        "fiscal_year": 2021,
        "fiscal_quarter": 4,
        "r2_url": "https://pub-2c783279b61043e19fbdadd1bee5153a.r2.dev/IFF/2022-02-10/b4f4c-2023-01-25-12-00-26/b4f4c-2023-01-25-12-00-26.pdf/b4f4c-2023-01-25-12-00-26.pdf",
        "periodicity": "periodic"
    },
    {
        "equity_ticker": "IFF",
        "geography": "US",
        "content_name": "IFF Q4 2021 Presentation",
        "file_type": "pdf",
        "content_type": "earnings_presentation",
        "published_date": "2022-02-10",
        "fiscal_date": "2022-02-10",
        "fiscal_year": 2021,
        "fiscal_quarter": 4,
        "r2_url": "https://pub-2c783279b61043e19fbdadd1bee5153a.r2.dev/IFF/2022-02-10/5209f-2022-02-10-08-06-56-migrated/5209f-2022-02-10-08-06-56-migrated.pdf/5209f-2022-02-10-08-06-56-migrated.pdf",
        "periodicity": "periodic"
    },
    {
        "equity_ticker": "IFF",
        "geography": "US",
        "content_name": "IFF Q3 2021 Transcript",
        "file_type": "pdf",
        "content_type": "earnings_transcript",
        "published_date": "2021-11-09",
        "fiscal_date": "2021-11-09",
        "fiscal_year": 2021,
        "fiscal_quarter": 3,
        "r2_url": "https://pub-2c783279b61043e19fbdadd1bee5153a.r2.dev/IFF/2021-11-09/International%20Flavors%20%26%20Fragrances%20Inc._2021-11-09_transcript/International%20Flavors%20%26%20Fragrances%20Inc._2021-11-09_transcript.pdf/International%20Flavors%20%26%20Fragrances%20Inc._2021-11-09_transcript.pdf",
        "periodicity": "periodic"
    },
    {
        "equity_ticker": "IFF",
        "geography": "US",
        "content_name": "IFF Q3 2021 Press Release",
        "file_type": "pdf",
        "content_type": "quarterly_report",
        "published_date": "2021-11-09",
        "fiscal_date": "2021-11-09",
        "fiscal_year": 2021,
        "fiscal_quarter": 3,
        "r2_url": "https://pub-2c783279b61043e19fbdadd1bee5153a.r2.dev/IFF/2021-11-09/1ccc9-2024-08-29-12-52-48/1ccc9-2024-08-29-12-52-48.pdf/1ccc9-2024-08-29-12-52-48.pdf",
        "periodicity": "periodic"
    },
    {
        "equity_ticker": "IFF",
        "geography": "US",
        "content_name": "IFF Q3 2021 Presentation",
        "file_type": "pdf",
        "content_type": "earnings_presentation",
        "published_date": "2021-11-09",
        "fiscal_date": "2021-11-09",
        "fiscal_year": 2021,
        "fiscal_quarter": 3,
        "r2_url": "https://pub-2c783279b61043e19fbdadd1bee5153a.r2.dev/IFF/2021-11-09/7a5fc-2021-11-09-12-00-00-migrated/7a5fc-2021-11-09-12-00-00-migrated.pdf/7a5fc-2021-11-09-12-00-00-migrated.pdf",
        "periodicity": "periodic"
    },
    {
        "equity_ticker": "IFF",
        "geography": "US",
        "content_name": "IFF Q2 2021 Transcript",
        "file_type": "pdf",
        "content_type": "earnings_transcript",
        "published_date": "2021-08-06",
        "fiscal_date": "2021-08-06",
        "fiscal_year": 2021,
        "fiscal_quarter": 2,
        "r2_url": "https://pub-2c783279b61043e19fbdadd1bee5153a.r2.dev/IFF/2021-08-06/International%20Flavors%20%26%20Fragrances%20Inc._2021-08-06_transcript/International%20Flavors%20%26%20Fragrances%20Inc._2021-08-06_transcript.pdf/International%20Flavors%20%26%20Fragrances%20Inc._2021-08-06_transcript.pdf",
        "periodicity": "periodic"
    },
    {
        "equity_ticker": "IFF",
        "geography": "US",
        "content_name": "IFF Q2 2021 Press Release",
        "file_type": "pdf",
        "content_type": "earnings_press_release",
        "published_date": "2021-08-06",
        "fiscal_date": "2021-08-06",
        "fiscal_year": 2021,
        "fiscal_quarter": 2,
        "r2_url": "https://pub-2c783279b61043e19fbdadd1bee5153a.r2.dev/IFF/2021-08-06/8edb2-2023-01-25-10-49-15/8edb2-2023-01-25-10-49-15.pdf/8edb2-2023-01-25-10-49-15.pdf",
        "periodicity": "periodic"
    },
    {
        "equity_ticker": "IFF",
        "geography": "US",
        "content_name": "Sustainability Call  - May 20, 2021",
        "file_type": "pdf",
        "content_type": "company_conference_transcript",
        "published_date": "2021-05-20",
        "fiscal_date": "2021-05-20",
        "fiscal_year": 0,
        "fiscal_quarter": 0,
        "r2_url": "https://pub-2c783279b61043e19fbdadd1bee5153a.r2.dev/IFF/2021-05-20/International%20Flavors%20%26%20Fragrances%20Inc._2021-05-20_transcript/International%20Flavors%20%26%20Fragrances%20Inc._2021-05-20_transcript.pdf/International%20Flavors%20%26%20Fragrances%20Inc._2021-05-20_transcript.pdf",
        "periodicity": "non_periodic"
    },
    {
        "equity_ticker": "IFF",
        "geography": "US",
        "content_name": "Sustainability Call  - May 20, 2021",
        "file_type": "pdf",
        "content_type": "company_conference_presentation",
        "published_date": "2021-05-20",
        "fiscal_date": "2021-05-20",
        "fiscal_year": 0,
        "fiscal_quarter": 0,
        "r2_url": "https://pub-2c783279b61043e19fbdadd1bee5153a.r2.dev/IFF/2021-05-20/9357d-2024-04-10-11-55-39/9357d-2024-04-10-11-55-39.pdf/9357d-2024-04-10-11-55-39.pdf",
        "periodicity": "non_periodic"
    },
    {
        "equity_ticker": "IFF",
        "geography": "US",
        "content_name": "IFF Q1 2021 Transcript",
        "file_type": "pdf",
        "content_type": "earnings_transcript",
        "published_date": "2021-05-11",
        "fiscal_date": "2021-05-11",
        "fiscal_year": 2021,
        "fiscal_quarter": 1,
        "r2_url": "https://pub-2c783279b61043e19fbdadd1bee5153a.r2.dev/IFF/2021-05-11/International%20Flavors%20%26%20Fragrances%20Inc._2021-05-11_transcript/International%20Flavors%20%26%20Fragrances%20Inc._2021-05-11_transcript.pdf/International%20Flavors%20%26%20Fragrances%20Inc._2021-05-11_transcript.pdf",
        "periodicity": "periodic"
    },
    {
        "equity_ticker": "IFF",
        "geography": "US",
        "content_name": "IFF Q1 2021 Press Release",
        "file_type": "pdf",
        "content_type": "quarterly_report",
        "published_date": "2021-05-11",
        "fiscal_date": "2021-05-11",
        "fiscal_year": 2021,
        "fiscal_quarter": 1,
        "r2_url": "https://pub-2c783279b61043e19fbdadd1bee5153a.r2.dev/IFF/2021-05-11/54c17-2024-08-29-12-59-48/54c17-2024-08-29-12-59-48.pdf/54c17-2024-08-29-12-59-48.pdf",
        "periodicity": "periodic"
    },
    {
        "equity_ticker": "IFF",
        "geography": "US",
        "content_name": "IFF Q1 2021 Presentation",
        "file_type": "pdf",
        "content_type": "earnings_presentation",
        "published_date": "2021-05-11",
        "fiscal_date": "2021-05-11",
        "fiscal_year": 2021,
        "fiscal_quarter": 1,
        "r2_url": "https://pub-2c783279b61043e19fbdadd1bee5153a.r2.dev/IFF/2021-05-11/c8229-2021-05-11-03-58-17-migrated/c8229-2021-05-11-03-58-17-migrated.pdf/c8229-2021-05-11-03-58-17-migrated.pdf",
        "periodicity": "periodic"
    },
    {
        "equity_ticker": "IFF",
        "geography": "US",
        "content_name": "IFF Q4 2020 Transcript",
        "file_type": "pdf",
        "content_type": "earnings_transcript",
        "published_date": "2021-02-11",
        "fiscal_date": "2021-02-11",
        "fiscal_year": 2020,
        "fiscal_quarter": 4,
        "r2_url": "https://pub-2c783279b61043e19fbdadd1bee5153a.r2.dev/IFF/2021-02-11/International%20Flavors%20%26%20Fragrances%20Inc._2021-02-11_transcript/International%20Flavors%20%26%20Fragrances%20Inc._2021-02-11_transcript.pdf/International%20Flavors%20%26%20Fragrances%20Inc._2021-02-11_transcript.pdf",
        "periodicity": "periodic"
    },
    {
        "equity_ticker": "IFF",
        "geography": "US",
        "content_name": "IFF Q4 2020 Press Release",
        "file_type": "pdf",
        "content_type": "earnings_press_release",
        "published_date": "2021-02-11",
        "fiscal_date": "2021-02-11",
        "fiscal_year": 2020,
        "fiscal_quarter": 4,
        "r2_url": "https://pub-2c783279b61043e19fbdadd1bee5153a.r2.dev/IFF/2021-02-11/f46b9-2023-11-24-09-51-50/f46b9-2023-11-24-09-51-50.pdf/f46b9-2023-11-24-09-51-50.pdf",
        "periodicity": "periodic"
    },
    {
        "equity_ticker": "IFF",
        "geography": "US",
        "content_name": "IFF Q4 2020 Presentation",
        "file_type": "pdf",
        "content_type": "earnings_presentation",
        "published_date": "2021-02-11",
        "fiscal_date": "2021-02-11",
        "fiscal_year": 2020,
        "fiscal_quarter": 4,
        "r2_url": "https://pub-2c783279b61043e19fbdadd1bee5153a.r2.dev/IFF/2021-02-11/29410-2023-11-24-09-51-50/29410-2023-11-24-09-51-50.pdf/29410-2023-11-24-09-51-50.pdf",
        "periodicity": "periodic"
    },
    {
        "equity_ticker": "IFF",
        "geography": "US",
        "content_name": "Investor Update - January 11, 2021",
        "file_type": "pdf",
        "content_type": "company_conference_transcript",
        "published_date": "2021-01-11",
        "fiscal_date": "2021-01-11",
        "fiscal_year": 0,
        "fiscal_quarter": 0,
        "r2_url": "https://pub-2c783279b61043e19fbdadd1bee5153a.r2.dev/IFF/2021-01-11/International%20Flavors%20%26%20Fragrances%20Inc._2021-01-11_transcript/International%20Flavors%20%26%20Fragrances%20Inc._2021-01-11_transcript.pdf/International%20Flavors%20%26%20Fragrances%20Inc._2021-01-11_transcript.pdf",
        "periodicity": "non_periodic"
    },
    {
        "equity_ticker": "IFF",
        "geography": "US",
        "content_name": "Special Shareholder Meeting  - August 27, 2020",
        "file_type": "pdf",
        "content_type": "company_conference_transcript",
        "published_date": "2020-08-27",
        "fiscal_date": "2020-08-27",
        "fiscal_year": 0,
        "fiscal_quarter": 0,
        "r2_url": "https://pub-2c783279b61043e19fbdadd1bee5153a.r2.dev/IFF/2020-08-27/International%20Flavors%20%26%20Fragrances%20Inc._2020-08-27_transcript/International%20Flavors%20%26%20Fragrances%20Inc._2020-08-27_transcript.pdf/International%20Flavors%20%26%20Fragrances%20Inc._2020-08-27_transcript.pdf",
        "periodicity": "non_periodic"
    },
    {
        "equity_ticker": "IFF",
        "geography": "US",
        "content_name": "IFF Q2 2020 Transcript",
        "file_type": "pdf",
        "content_type": "earnings_transcript",
        "published_date": "2020-08-11",
        "fiscal_date": "2020-08-11",
        "fiscal_year": 2020,
        "fiscal_quarter": 2,
        "r2_url": "https://pub-2c783279b61043e19fbdadd1bee5153a.r2.dev/IFF/2020-08-11/International%20Flavors%20%26%20Fragrances%20Inc._2020-08-11_transcript/International%20Flavors%20%26%20Fragrances%20Inc._2020-08-11_transcript.pdf/International%20Flavors%20%26%20Fragrances%20Inc._2020-08-11_transcript.pdf",
        "periodicity": "periodic"
    },
    {
        "equity_ticker": "IFF",
        "geography": "US",
        "content_name": "IFF Q2 2020 Press Release",
        "file_type": "pdf",
        "content_type": "earnings_press_release",
        "published_date": "2020-08-11",
        "fiscal_date": "2020-08-11",
        "fiscal_year": 2020,
        "fiscal_quarter": 2,
        "r2_url": "https://pub-2c783279b61043e19fbdadd1bee5153a.r2.dev/IFF/2020-08-11/bc682-2023-11-24-09-05-52/bc682-2023-11-24-09-05-52.pdf/bc682-2023-11-24-09-05-52.pdf",
        "periodicity": "periodic"
    },
    {
        "equity_ticker": "IFF",
        "geography": "US",
        "content_name": "IFF Q2 2020 Presentation",
        "file_type": "pdf",
        "content_type": "earnings_presentation",
        "published_date": "2020-08-11",
        "fiscal_date": "2020-08-11",
        "fiscal_year": 2020,
        "fiscal_quarter": 2,
        "r2_url": "https://pub-2c783279b61043e19fbdadd1bee5153a.r2.dev/IFF/2020-08-11/58060-2023-11-24-09-05-52/58060-2023-11-24-09-05-52.pdf/58060-2023-11-24-09-05-52.pdf",
        "periodicity": "periodic"
    },
    {
        "equity_ticker": "IFF",
        "geography": "US",
        "content_name": "Status Update - June 30, 2020",
        "file_type": "pdf",
        "content_type": "company_conference_transcript",
        "published_date": "2020-06-30",
        "fiscal_date": "2020-06-30",
        "fiscal_year": 0,
        "fiscal_quarter": 0,
        "r2_url": "https://pub-2c783279b61043e19fbdadd1bee5153a.r2.dev/IFF/2020-06-30/International%20Flavors%20%26%20Fragrances%20Inc._2020-06-30_transcript/International%20Flavors%20%26%20Fragrances%20Inc._2020-06-30_transcript.pdf/International%20Flavors%20%26%20Fragrances%20Inc._2020-06-30_transcript.pdf",
        "periodicity": "non_periodic"
    },
    {
        "equity_ticker": "IFF",
        "geography": "US",
        "content_name": "Status Update - June 30, 2020",
        "file_type": "pdf",
        "content_type": "company_conference_presentation",
        "published_date": "2020-06-30",
        "fiscal_date": "2020-06-30",
        "fiscal_year": 0,
        "fiscal_quarter": 0,
        "r2_url": "https://pub-2c783279b61043e19fbdadd1bee5153a.r2.dev/IFF/2020-06-30/b80e2-2024-04-10-11-18-44/b80e2-2024-04-10-11-18-44.pdf/b80e2-2024-04-10-11-18-44.pdf",
        "periodicity": "non_periodic"
    },
    {
        "equity_ticker": "IFF",
        "geography": "US",
        "content_name": "IFF Q1 2020 Transcript",
        "file_type": "pdf",
        "content_type": "earnings_transcript",
        "published_date": "2020-05-12",
        "fiscal_date": "2020-05-12",
        "fiscal_year": 2020,
        "fiscal_quarter": 1,
        "r2_url": "https://pub-2c783279b61043e19fbdadd1bee5153a.r2.dev/IFF/2020-05-12/International%20Flavors%20%26%20Fragrances%20Inc._2020-05-12_transcript/International%20Flavors%20%26%20Fragrances%20Inc._2020-05-12_transcript.pdf/International%20Flavors%20%26%20Fragrances%20Inc._2020-05-12_transcript.pdf",
        "periodicity": "periodic"
    },
    {
        "equity_ticker": "IFF",
        "geography": "US",
        "content_name": "IFF Q1 2020 Press Release",
        "file_type": "pdf",
        "content_type": "earnings_press_release",
        "published_date": "2020-05-12",
        "fiscal_date": "2020-05-12",
        "fiscal_year": 2020,
        "fiscal_quarter": 1,
        "r2_url": "https://pub-2c783279b61043e19fbdadd1bee5153a.r2.dev/IFF/2020-05-12/5d700-2023-11-24-09-44-52/5d700-2023-11-24-09-44-52.pdf/5d700-2023-11-24-09-44-52.pdf",
        "periodicity": "periodic"
    },
    {
        "equity_ticker": "IFF",
        "geography": "US",
        "content_name": "IFF Q1 2020 Presentation",
        "file_type": "pdf",
        "content_type": "earnings_presentation",
        "published_date": "2020-05-12",
        "fiscal_date": "2020-05-12",
        "fiscal_year": 2020,
        "fiscal_quarter": 1,
        "r2_url": "https://pub-2c783279b61043e19fbdadd1bee5153a.r2.dev/IFF/2020-05-12/00935-2023-11-24-09-45-52/00935-2023-11-24-09-45-52.pdf/00935-2023-11-24-09-45-52.pdf",
        "periodicity": "periodic"
    },
    {
        "equity_ticker": "IFF",
        "geography": "US",
        "content_name": "AGM 2020 - May 6, 2020",
        "file_type": "pdf",
        "content_type": "company_conference_transcript",
        "published_date": "2020-05-06",
        "fiscal_date": "2020-05-06",
        "fiscal_year": 0,
        "fiscal_quarter": 0,
        "r2_url": "https://pub-2c783279b61043e19fbdadd1bee5153a.r2.dev/IFF/2020-05-06/International%20Flavors%20%26%20Fragrances%20Inc._2020-05-06_transcript/International%20Flavors%20%26%20Fragrances%20Inc._2020-05-06_transcript.pdf/International%20Flavors%20%26%20Fragrances%20Inc._2020-05-06_transcript.pdf",
        "periodicity": "non_periodic"
    },
    {
        "equity_ticker": "IFF",
        "geography": "US",
        "content_name": "IFF Q4 2019 Transcript",
        "file_type": "pdf",
        "content_type": "earnings_transcript",
        "published_date": "2020-02-13",
        "fiscal_date": "2020-02-13",
        "fiscal_year": 2019,
        "fiscal_quarter": 4,
        "r2_url": "https://pub-2c783279b61043e19fbdadd1bee5153a.r2.dev/IFF/2020-02-13/International%20Flavors%20%26%20Fragrances%20Inc._2020-02-13_transcript/International%20Flavors%20%26%20Fragrances%20Inc._2020-02-13_transcript.pdf/International%20Flavors%20%26%20Fragrances%20Inc._2020-02-13_transcript.pdf",
        "periodicity": "periodic"
    },
    {
        "equity_ticker": "IFF",
        "geography": "US",
        "content_name": "IFF Q4 2019 Press Release",
        "file_type": "pdf",
        "content_type": "earnings_press_release",
        "published_date": "2020-02-13",
        "fiscal_date": "2020-02-13",
        "fiscal_year": 2019,
        "fiscal_quarter": 4,
        "r2_url": "https://pub-2c783279b61043e19fbdadd1bee5153a.r2.dev/IFF/2020-02-13/dcfc5-2023-11-24-09-29-53/dcfc5-2023-11-24-09-29-53.pdf/dcfc5-2023-11-24-09-29-53.pdf",
        "periodicity": "periodic"
    },
    {
        "equity_ticker": "IFF",
        "geography": "US",
        "content_name": "IFF Q4 2019 Presentation",
        "file_type": "pdf",
        "content_type": "earnings_presentation",
        "published_date": "2020-02-13",
        "fiscal_date": "2020-02-13",
        "fiscal_year": 2019,
        "fiscal_quarter": 4,
        "r2_url": "https://pub-2c783279b61043e19fbdadd1bee5153a.r2.dev/IFF/2020-02-13/35e44-2023-11-24-09-29-53/35e44-2023-11-24-09-29-53.pdf/35e44-2023-11-24-09-29-53.pdf",
        "periodicity": "periodic"
    },
    {
        "equity_ticker": "IFF",
        "geography": "US",
        "content_name": "Business Combination - December 16, 2019",
        "file_type": "pdf",
        "content_type": "company_conference_transcript",
        "published_date": "2019-12-16",
        "fiscal_date": "2019-12-16",
        "fiscal_year": 0,
        "fiscal_quarter": 0,
        "r2_url": "https://pub-2c783279b61043e19fbdadd1bee5153a.r2.dev/IFF/2019-12-16/International%20Flavors%20%26%20Fragrances%20Inc._2019-12-16_transcript/International%20Flavors%20%26%20Fragrances%20Inc._2019-12-16_transcript.pdf/International%20Flavors%20%26%20Fragrances%20Inc._2019-12-16_transcript.pdf",
        "periodicity": "non_periodic"
    },
    {
        "equity_ticker": "IFF",
        "geography": "US",
        "content_name": "Business Combination - December 16, 2019",
        "file_type": "pdf",
        "content_type": "company_conference_press_release",
        "published_date": "2019-12-16",
        "fiscal_date": "2019-12-16",
        "fiscal_year": 0,
        "fiscal_quarter": 0,
        "r2_url": "https://pub-2c783279b61043e19fbdadd1bee5153a.r2.dev/IFF/2019-12-16/2ee6d-2024-04-10-11-14-46/2ee6d-2024-04-10-11-14-46.pdf/2ee6d-2024-04-10-11-14-46.pdf",
        "periodicity": "non_periodic"
    },
    {
        "equity_ticker": "IFF",
        "geography": "US",
        "content_name": "Business Combination - December 16, 2019",
        "file_type": "pdf",
        "content_type": "company_conference_presentation",
        "published_date": "2019-12-16",
        "fiscal_date": "2019-12-16",
        "fiscal_year": 0,
        "fiscal_quarter": 0,
        "r2_url": "https://pub-2c783279b61043e19fbdadd1bee5153a.r2.dev/IFF/2019-12-16/d8a74-2024-04-10-11-14-46/d8a74-2024-04-10-11-14-46.pdf/d8a74-2024-04-10-11-14-46.pdf",
        "periodicity": "non_periodic"
    },
    {
        "equity_ticker": "IFF",
        "geography": "US",
        "content_name": "IFF Q3 2019 Transcript",
        "file_type": "pdf",
        "content_type": "earnings_transcript",
        "published_date": "2019-11-05",
        "fiscal_date": "2019-11-05",
        "fiscal_year": 2019,
        "fiscal_quarter": 3,
        "r2_url": "https://pub-2c783279b61043e19fbdadd1bee5153a.r2.dev/IFF/2019-11-05/International%20Flavors%20%26%20Fragrances%20Inc._2019-11-05_transcript/International%20Flavors%20%26%20Fragrances%20Inc._2019-11-05_transcript.pdf/International%20Flavors%20%26%20Fragrances%20Inc._2019-11-05_transcript.pdf",
        "periodicity": "periodic"
    },
    {
        "equity_ticker": "IFF",
        "geography": "US",
        "content_name": "IFF Q3 2019 Press Release",
        "file_type": "pdf",
        "content_type": "earnings_press_release",
        "published_date": "2019-11-05",
        "fiscal_date": "2019-11-05",
        "fiscal_year": 2019,
        "fiscal_quarter": 3,
        "r2_url": "https://pub-2c783279b61043e19fbdadd1bee5153a.r2.dev/IFF/2019-11-05/a50f4-2023-11-24-09-10-54/a50f4-2023-11-24-09-10-54.pdf/a50f4-2023-11-24-09-10-54.pdf",
        "periodicity": "periodic"
    },
    {
        "equity_ticker": "IFF",
        "geography": "US",
        "content_name": "IFF Q3 2019 Presentation",
        "file_type": "pdf",
        "content_type": "earnings_presentation",
        "published_date": "2019-11-05",
        "fiscal_date": "2019-11-05",
        "fiscal_year": 2019,
        "fiscal_quarter": 3,
        "r2_url": "https://pub-2c783279b61043e19fbdadd1bee5153a.r2.dev/IFF/2019-11-05/41b4a-2023-11-24-09-10-54/41b4a-2023-11-24-09-10-54.pdf/41b4a-2023-11-24-09-10-54.pdf",
        "periodicity": "periodic"
    },
    {
        "equity_ticker": "IFF",
        "geography": "US",
        "content_name": "IFF Q2 2019 Transcript",
        "file_type": "pdf",
        "content_type": "earnings_transcript",
        "published_date": "2019-08-06",
        "fiscal_date": "2019-08-06",
        "fiscal_year": 2019,
        "fiscal_quarter": 2,
        "r2_url": "https://pub-2c783279b61043e19fbdadd1bee5153a.r2.dev/IFF/2019-08-06/International%20Flavors%20%26%20Fragrances%20Inc._2019-08-06_transcript/International%20Flavors%20%26%20Fragrances%20Inc._2019-08-06_transcript.pdf/International%20Flavors%20%26%20Fragrances%20Inc._2019-08-06_transcript.pdf",
        "periodicity": "periodic"
    },
    {
        "equity_ticker": "IFF",
        "geography": "US",
        "content_name": "IFF Q2 2019 Press Release",
        "file_type": "pdf",
        "content_type": "earnings_press_release",
        "published_date": "2019-08-06",
        "fiscal_date": "2019-08-06",
        "fiscal_year": 2019,
        "fiscal_quarter": 2,
        "r2_url": "https://pub-2c783279b61043e19fbdadd1bee5153a.r2.dev/IFF/2019-08-06/549d5-2023-11-24-09-35-55/549d5-2023-11-24-09-35-55.pdf/549d5-2023-11-24-09-35-55.pdf",
        "periodicity": "periodic"
    },
    {
        "equity_ticker": "IFF",
        "geography": "US",
        "content_name": "IFF Q2 2019 Presentation",
        "file_type": "pdf",
        "content_type": "earnings_presentation",
        "published_date": "2019-08-06",
        "fiscal_date": "2019-08-06",
        "fiscal_year": 2019,
        "fiscal_quarter": 2,
        "r2_url": "https://pub-2c783279b61043e19fbdadd1bee5153a.r2.dev/IFF/2019-08-06/95c7f-2023-11-24-09-35-55/95c7f-2023-11-24-09-35-55.pdf/95c7f-2023-11-24-09-35-55.pdf",
        "periodicity": "periodic"
    },
    {
        "equity_ticker": "IFF",
        "geography": "US",
        "content_name": "Investor Day 2019 - June 5, 2019",
        "file_type": "pdf",
        "content_type": "company_conference_transcript",
        "published_date": "2019-06-05",
        "fiscal_date": "2019-06-05",
        "fiscal_year": 0,
        "fiscal_quarter": 0,
        "r2_url": "https://pub-2c783279b61043e19fbdadd1bee5153a.r2.dev/IFF/2019-06-05/International%20Flavors%20%26%20Fragrances%20Inc._2019-06-05_transcript/International%20Flavors%20%26%20Fragrances%20Inc._2019-06-05_transcript.pdf/International%20Flavors%20%26%20Fragrances%20Inc._2019-06-05_transcript.pdf",
        "periodicity": "non_periodic"
    },
    {
        "equity_ticker": "IFF",
        "geography": "US",
        "content_name": "Investor Day 2019 - June 5, 2019",
        "file_type": "pdf",
        "content_type": "company_conference_presentation",
        "published_date": "2019-06-05",
        "fiscal_date": "2019-06-05",
        "fiscal_year": 0,
        "fiscal_quarter": 0,
        "r2_url": "https://pub-2c783279b61043e19fbdadd1bee5153a.r2.dev/IFF/2019-06-05/c4776-2024-04-10-11-16-48/c4776-2024-04-10-11-16-48.pdf/c4776-2024-04-10-11-16-48.pdf",
        "periodicity": "non_periodic"
    },
    {
        "equity_ticker": "IFF",
        "geography": "US",
        "content_name": "IFF Q1 2019 Transcript",
        "file_type": "pdf",
        "content_type": "earnings_transcript",
        "published_date": "2019-05-07",
        "fiscal_date": "2019-05-07",
        "fiscal_year": 2019,
        "fiscal_quarter": 1,
        "r2_url": "https://pub-2c783279b61043e19fbdadd1bee5153a.r2.dev/IFF/2019-05-07/International%20Flavors%20%26%20Fragrances%20Inc._2019-05-07_transcript/International%20Flavors%20%26%20Fragrances%20Inc._2019-05-07_transcript.pdf/International%20Flavors%20%26%20Fragrances%20Inc._2019-05-07_transcript.pdf",
        "periodicity": "periodic"
    },
    {
        "equity_ticker": "IFF",
        "geography": "US",
        "content_name": "IFF Q1 2019 Press Release",
        "file_type": "pdf",
        "content_type": "earnings_press_release",
        "published_date": "2019-05-07",
        "fiscal_date": "2019-05-07",
        "fiscal_year": 2019,
        "fiscal_quarter": 1,
        "r2_url": "https://pub-2c783279b61043e19fbdadd1bee5153a.r2.dev/IFF/2019-05-07/19f95-2023-11-24-09-21-56/19f95-2023-11-24-09-21-56.pdf/19f95-2023-11-24-09-21-56.pdf",
        "periodicity": "periodic"
    },
    {
        "equity_ticker": "IFF",
        "geography": "US",
        "content_name": "IFF Q1 2019 Presentation",
        "file_type": "pdf",
        "content_type": "earnings_presentation",
        "published_date": "2019-05-07",
        "fiscal_date": "2019-05-07",
        "fiscal_year": 2019,
        "fiscal_quarter": 1,
        "r2_url": "https://pub-2c783279b61043e19fbdadd1bee5153a.r2.dev/IFF/2019-05-07/cd2b5-2023-11-24-09-21-56/cd2b5-2023-11-24-09-21-56.pdf/cd2b5-2023-11-24-09-21-56.pdf",
        "periodicity": "periodic"
    },
    {
        "equity_ticker": "IFF",
        "geography": "US",
        "content_name": "IFF Q4 2018 Transcript",
        "file_type": "pdf",
        "content_type": "earnings_transcript",
        "published_date": "2019-02-14",
        "fiscal_date": "2019-02-14",
        "fiscal_year": 2018,
        "fiscal_quarter": 4,
        "r2_url": "https://pub-2c783279b61043e19fbdadd1bee5153a.r2.dev/IFF/2019-02-14/International%20Flavors%20%26%20Fragrances%20Inc._2019-02-14_transcript/International%20Flavors%20%26%20Fragrances%20Inc._2019-02-14_transcript.pdf/International%20Flavors%20%26%20Fragrances%20Inc._2019-02-14_transcript.pdf",
        "periodicity": "periodic"
    },
    {
        "equity_ticker": "IFF",
        "geography": "US",
        "content_name": "IFF Q4 2018 Press Release",
        "file_type": "pdf",
        "content_type": "earnings_press_release",
        "published_date": "2019-02-14",
        "fiscal_date": "2019-02-14",
        "fiscal_year": 2018,
        "fiscal_quarter": 4,
        "r2_url": "https://pub-2c783279b61043e19fbdadd1bee5153a.r2.dev/IFF/2019-02-14/9a935-2023-11-24-09-55-56/9a935-2023-11-24-09-55-56.pdf/9a935-2023-11-24-09-55-56.pdf",
        "periodicity": "periodic"
    },
    {
        "equity_ticker": "IFF",
        "geography": "US",
        "content_name": "IFF Q4 2018 Presentation",
        "file_type": "pdf",
        "content_type": "earnings_presentation",
        "published_date": "2019-02-14",
        "fiscal_date": "2019-02-14",
        "fiscal_year": 2018,
        "fiscal_quarter": 4,
        "r2_url": "https://pub-2c783279b61043e19fbdadd1bee5153a.r2.dev/IFF/2019-02-14/dda64-2023-11-24-09-55-56/dda64-2023-11-24-09-55-56.pdf/dda64-2023-11-24-09-55-56.pdf",
        "periodicity": "periodic"
    },
    {
        "equity_ticker": "IFF",
        "geography": "US",
        "content_name": "IFF Q3 2018 Transcript",
        "file_type": "pdf",
        "content_type": "earnings_transcript",
        "published_date": "2018-11-06",
        "fiscal_date": "2018-11-06",
        "fiscal_year": 2018,
        "fiscal_quarter": 3,
        "r2_url": "https://pub-2c783279b61043e19fbdadd1bee5153a.r2.dev/IFF/2018-11-06/International%20Flavors%20%26%20Fragrances%20Inc._2018-11-06_transcript/International%20Flavors%20%26%20Fragrances%20Inc._2018-11-06_transcript.pdf/International%20Flavors%20%26%20Fragrances%20Inc._2018-11-06_transcript.pdf",
        "periodicity": "periodic"
    },
    {
        "equity_ticker": "IFF",
        "geography": "US",
        "content_name": "IFF Q3 2018 Press Release",
        "file_type": "pdf",
        "content_type": "earnings_press_release",
        "published_date": "2018-11-06",
        "fiscal_date": "2018-11-06",
        "fiscal_year": 2018,
        "fiscal_quarter": 3,
        "r2_url": "https://pub-2c783279b61043e19fbdadd1bee5153a.r2.dev/IFF/2018-11-06/4e37e-2023-11-24-09-30-57/4e37e-2023-11-24-09-30-57.pdf/4e37e-2023-11-24-09-30-57.pdf",
        "periodicity": "periodic"
    },
    {
        "equity_ticker": "IFF",
        "geography": "US",
        "content_name": "IFF Q3 2018 Presentation",
        "file_type": "pdf",
        "content_type": "earnings_presentation",
        "published_date": "2018-11-06",
        "fiscal_date": "2018-11-06",
        "fiscal_year": 2018,
        "fiscal_quarter": 3,
        "r2_url": "https://pub-2c783279b61043e19fbdadd1bee5153a.r2.dev/IFF/2018-11-06/7cb30-2023-11-24-09-30-57/7cb30-2023-11-24-09-30-57.pdf/7cb30-2023-11-24-09-30-57.pdf",
        "periodicity": "periodic"
    },
    {
        "equity_ticker": "IFF",
        "geography": "US",
        "content_name": "IFF Q2 2018 Transcript",
        "file_type": "pdf",
        "content_type": "earnings_transcript",
        "published_date": "2018-08-08",
        "fiscal_date": "2018-08-08",
        "fiscal_year": 2018,
        "fiscal_quarter": 2,
        "r2_url": "https://pub-2c783279b61043e19fbdadd1bee5153a.r2.dev/IFF/2018-08-08/International%20Flavors%20%26%20Fragrances%20Inc._2018-08-08_transcript/International%20Flavors%20%26%20Fragrances%20Inc._2018-08-08_transcript.pdf/International%20Flavors%20%26%20Fragrances%20Inc._2018-08-08_transcript.pdf",
        "periodicity": "periodic"
    },
    {
        "equity_ticker": "IFF",
        "geography": "US",
        "content_name": "IFF Q2 2018 Press Release",
        "file_type": "pdf",
        "content_type": "earnings_press_release",
        "published_date": "2018-08-08",
        "fiscal_date": "2018-08-08",
        "fiscal_year": 2018,
        "fiscal_quarter": 2,
        "r2_url": "https://pub-2c783279b61043e19fbdadd1bee5153a.r2.dev/IFF/2018-08-08/2e2ae-2023-11-24-09-02-58/2e2ae-2023-11-24-09-02-58.pdf/2e2ae-2023-11-24-09-02-58.pdf",
        "periodicity": "periodic"
    },
    {
        "equity_ticker": "IFF",
        "geography": "US",
        "content_name": "IFF Q2 2018 Presentation",
        "file_type": "pdf",
        "content_type": "earnings_presentation",
        "published_date": "2018-08-08",
        "fiscal_date": "2018-08-08",
        "fiscal_year": 2018,
        "fiscal_quarter": 2,
        "r2_url": "https://pub-2c783279b61043e19fbdadd1bee5153a.r2.dev/IFF/2018-08-08/86304-2023-11-24-09-03-58/86304-2023-11-24-09-03-58.pdf/86304-2023-11-24-09-03-58.pdf",
        "periodicity": "periodic"
    },
    {
        "equity_ticker": "IFF",
        "geography": "US",
        "content_name": "Business Combination - May 8, 2018",
        "file_type": "pdf",
        "content_type": "company_conference_transcript",
        "published_date": "2018-05-08",
        "fiscal_date": "2018-05-08",
        "fiscal_year": 0,
        "fiscal_quarter": 0,
        "r2_url": "https://pub-2c783279b61043e19fbdadd1bee5153a.r2.dev/IFF/2018-05-08/International%20Flavors%20%26%20Fragrances%20Inc._2018-05-08_transcript/International%20Flavors%20%26%20Fragrances%20Inc._2018-05-08_transcript.pdf/International%20Flavors%20%26%20Fragrances%20Inc._2018-05-08_transcript.pdf",
        "periodicity": "non_periodic"
    },
    {
        "equity_ticker": "IFF",
        "geography": "US",
        "content_name": "IFF Q1 2018 Transcript",
        "file_type": "pdf",
        "content_type": "earnings_transcript",
        "published_date": "2018-05-07",
        "fiscal_date": "2018-05-07",
        "fiscal_year": 2018,
        "fiscal_quarter": 1,
        "r2_url": "https://pub-2c783279b61043e19fbdadd1bee5153a.r2.dev/IFF/2018-05-07/International%20Flavors%20%26%20Fragrances%20Inc._2018-05-07_transcript/International%20Flavors%20%26%20Fragrances%20Inc._2018-05-07_transcript.pdf/International%20Flavors%20%26%20Fragrances%20Inc._2018-05-07_transcript.pdf",
        "periodicity": "periodic"
    },
    {
        "equity_ticker": "IFF",
        "geography": "US",
        "content_name": "IFF Q1 2018 Press Release",
        "file_type": "pdf",
        "content_type": "quarterly_report",
        "published_date": "2018-05-07",
        "fiscal_date": "2018-05-07",
        "fiscal_year": 2018,
        "fiscal_quarter": 1,
        "r2_url": "https://pub-2c783279b61043e19fbdadd1bee5153a.r2.dev/IFF/2018-05-07/1e55a-2024-08-29-12-31-49/1e55a-2024-08-29-12-31-49.pdf/1e55a-2024-08-29-12-31-49.pdf",
        "periodicity": "periodic"
    },
    {
        "equity_ticker": "IFF",
        "geography": "US",
        "content_name": "IFF Q1 2018 Presentation",
        "file_type": "pdf",
        "content_type": "earnings_presentation",
        "published_date": "2018-05-07",
        "fiscal_date": "2018-05-07",
        "fiscal_year": 2018,
        "fiscal_quarter": 1,
        "r2_url": "https://pub-2c783279b61043e19fbdadd1bee5153a.r2.dev/IFF/2018-05-07/476c5-2023-11-24-09-42-58/476c5-2023-11-24-09-42-58.pdf/476c5-2023-11-24-09-42-58.pdf",
        "periodicity": "periodic"
    },
    {
        "equity_ticker": "IFF",
        "geography": "US",
        "content_name": "IFF Q4 2017 Transcript",
        "file_type": "pdf",
        "content_type": "earnings_transcript",
        "published_date": "2018-02-15",
        "fiscal_date": "2018-02-15",
        "fiscal_year": 2017,
        "fiscal_quarter": 4,
        "r2_url": "https://pub-2c783279b61043e19fbdadd1bee5153a.r2.dev/IFF/2018-02-15/International%20Flavors%20%26%20Fragrances%20Inc._2018-02-15_transcript/International%20Flavors%20%26%20Fragrances%20Inc._2018-02-15_transcript.pdf/International%20Flavors%20%26%20Fragrances%20Inc._2018-02-15_transcript.pdf",
        "periodicity": "periodic"
    },
    {
        "equity_ticker": "IFF",
        "geography": "US",
        "content_name": "IFF Q3 2017 Transcript",
        "file_type": "pdf",
        "content_type": "earnings_transcript",
        "published_date": "2017-11-07",
        "fiscal_date": "2017-11-07",
        "fiscal_year": 2017,
        "fiscal_quarter": 3,
        "r2_url": "https://pub-2c783279b61043e19fbdadd1bee5153a.r2.dev/IFF/2017-11-07/International%20Flavors%20%26%20Fragrances%20Inc._2017-11-07_transcript/International%20Flavors%20%26%20Fragrances%20Inc._2017-11-07_transcript.pdf/International%20Flavors%20%26%20Fragrances%20Inc._2017-11-07_transcript.pdf",
        "periodicity": "periodic"
    },
    {
        "equity_ticker": "IFF",
        "geography": "US",
        "content_name": "IFF Q2 2017 Transcript",
        "file_type": "pdf",
        "content_type": "earnings_transcript",
        "published_date": "2017-08-09",
        "fiscal_date": "2017-08-09",
        "fiscal_year": 2017,
        "fiscal_quarter": 2,
        "r2_url": "https://pub-2c783279b61043e19fbdadd1bee5153a.r2.dev/IFF/2017-08-09/International%20Flavors%20%26%20Fragrances%20Inc._2017-08-09_transcript/International%20Flavors%20%26%20Fragrances%20Inc._2017-08-09_transcript.pdf/International%20Flavors%20%26%20Fragrances%20Inc._2017-08-09_transcript.pdf",
        "periodicity": "periodic"
    },
    {
        "equity_ticker": "IFF",
        "geography": "US",
        "content_name": "IFF Q1 2017 Transcript",
        "file_type": "pdf",
        "content_type": "earnings_transcript",
        "published_date": "2017-05-09",
        "fiscal_date": "2017-05-09",
        "fiscal_year": 2017,
        "fiscal_quarter": 1,
        "r2_url": "https://pub-2c783279b61043e19fbdadd1bee5153a.r2.dev/IFF/2017-05-09/International%20Flavors%20%26%20Fragrances%20Inc._2017-05-09_transcript/International%20Flavors%20%26%20Fragrances%20Inc._2017-05-09_transcript.pdf/International%20Flavors%20%26%20Fragrances%20Inc._2017-05-09_transcript.pdf",
        "periodicity": "periodic"
    },
    {
        "equity_ticker": "IFF",
        "geography": "US",
        "content_name": "IFF Q4 2016 Transcript",
        "file_type": "pdf",
        "content_type": "earnings_transcript",
        "published_date": "2017-02-16",
        "fiscal_date": "2017-02-16",
        "fiscal_year": 2016,
        "fiscal_quarter": 4,
        "r2_url": "https://pub-2c783279b61043e19fbdadd1bee5153a.r2.dev/IFF/2017-02-16/International%20Flavors%20%26%20Fragrances%20Inc._2017-02-16_transcript/International%20Flavors%20%26%20Fragrances%20Inc._2017-02-16_transcript.pdf/International%20Flavors%20%26%20Fragrances%20Inc._2017-02-16_transcript.pdf",
        "periodicity": "periodic"
    },
    {
        "equity_ticker": "IFF",
        "geography": "US",
        "content_name": "IFF Q3 2016 Transcript",
        "file_type": "pdf",
        "content_type": "earnings_transcript",
        "published_date": "2016-11-08",
        "fiscal_date": "2016-11-08",
        "fiscal_year": 2016,
        "fiscal_quarter": 3,
        "r2_url": "https://pub-2c783279b61043e19fbdadd1bee5153a.r2.dev/IFF/2016-11-08/International%20Flavors%20%26%20Fragrances%20Inc._2016-11-08_transcript/International%20Flavors%20%26%20Fragrances%20Inc._2016-11-08_transcript.pdf/International%20Flavors%20%26%20Fragrances%20Inc._2016-11-08_transcript.pdf",
        "periodicity": "periodic"
    },
    {
        "equity_ticker": "IFF",
        "geography": "US",
        "content_name": "IFF Q2 2016 Transcript",
        "file_type": "pdf",
        "content_type": "earnings_transcript",
        "published_date": "2016-08-09",
        "fiscal_date": "2016-08-09",
        "fiscal_year": 2016,
        "fiscal_quarter": 2,
        "r2_url": "https://pub-2c783279b61043e19fbdadd1bee5153a.r2.dev/IFF/2016-08-09/International%20Flavors%20%26%20Fragrances%20Inc._2016-08-09_transcript/International%20Flavors%20%26%20Fragrances%20Inc._2016-08-09_transcript.pdf/International%20Flavors%20%26%20Fragrances%20Inc._2016-08-09_transcript.pdf",
        "periodicity": "periodic"
    },
    {
        "equity_ticker": "IFF",
        "geography": "US",
        "content_name": "IFF Q1 2016 Transcript",
        "file_type": "pdf",
        "content_type": "earnings_transcript",
        "published_date": "2016-05-10",
        "fiscal_date": "2016-05-10",
        "fiscal_year": 2016,
        "fiscal_quarter": 1,
        "r2_url": "https://pub-2c783279b61043e19fbdadd1bee5153a.r2.dev/IFF/2016-05-10/International%20Flavors%20%26%20Fragrances%20Inc._2016-05-10_transcript/International%20Flavors%20%26%20Fragrances%20Inc._2016-05-10_transcript.pdf/International%20Flavors%20%26%20Fragrances%20Inc._2016-05-10_transcript.pdf",
        "periodicity": "periodic"
    },
    {
        "equity_ticker": "IFF",
        "geography": "US",
        "content_name": "IFF Q3 2015 Transcript",
        "file_type": "pdf",
        "content_type": "earnings_transcript",
        "published_date": "2015-11-10",
        "fiscal_date": "2015-11-10",
        "fiscal_year": 2015,
        "fiscal_quarter": 3,
        "r2_url": "https://pub-2c783279b61043e19fbdadd1bee5153a.r2.dev/IFF/2015-11-10/International%20Flavors%20%26%20Fragrances%20Inc._2015-11-10_transcript/International%20Flavors%20%26%20Fragrances%20Inc._2015-11-10_transcript.pdf/International%20Flavors%20%26%20Fragrances%20Inc._2015-11-10_transcript.pdf",
        "periodicity": "periodic"
    },
    {
        "equity_ticker": "IFF",
        "geography": "US",
        "content_name": "IFF Q2 2015 Transcript",
        "file_type": "pdf",
        "content_type": "earnings_transcript",
        "published_date": "2015-08-11",
        "fiscal_date": "2015-08-11",
        "fiscal_year": 2015,
        "fiscal_quarter": 2,
        "r2_url": "https://pub-2c783279b61043e19fbdadd1bee5153a.r2.dev/IFF/2015-08-11/International%20Flavors%20%26%20Fragrances%20Inc._2015-08-11_transcript/International%20Flavors%20%26%20Fragrances%20Inc._2015-08-11_transcript.pdf/International%20Flavors%20%26%20Fragrances%20Inc._2015-08-11_transcript.pdf",
        "periodicity": "periodic"
    },
    {
        "equity_ticker": "IFF",
        "geography": "US",
        "content_name": "IFF Q1 2015 Transcript",
        "file_type": "pdf",
        "content_type": "earnings_transcript",
        "published_date": "2015-05-12",
        "fiscal_date": "2015-05-12",
        "fiscal_year": 2015,
        "fiscal_quarter": 1,
        "r2_url": "https://pub-2c783279b61043e19fbdadd1bee5153a.r2.dev/IFF/2015-05-12/International%20Flavors%20%26%20Fragrances%20Inc._2015-05-12_transcript/International%20Flavors%20%26%20Fragrances%20Inc._2015-05-12_transcript.pdf/International%20Flavors%20%26%20Fragrances%20Inc._2015-05-12_transcript.pdf",
        "periodicity": "periodic"
    },
    {
        "equity_ticker": "IFF",
        "geography": "US",
        "content_name": "IFF Q4 2014 Transcript",
        "file_type": "pdf",
        "content_type": "earnings_transcript",
        "published_date": "2015-02-12",
        "fiscal_date": "2015-02-12",
        "fiscal_year": 2014,
        "fiscal_quarter": 4,
        "r2_url": "https://pub-2c783279b61043e19fbdadd1bee5153a.r2.dev/IFF/2015-02-12/International%20Flavors%20%26%20Fragrances%20Inc._2015-02-12_transcript/International%20Flavors%20%26%20Fragrances%20Inc._2015-02-12_transcript.pdf/International%20Flavors%20%26%20Fragrances%20Inc._2015-02-12_transcript.pdf",
        "periodicity": "periodic"
    },
    {
        "equity_ticker": "IFF",
        "geography": "US",
        "content_name": "IFF Q3 2014 Transcript",
        "file_type": "pdf",
        "content_type": "earnings_transcript",
        "published_date": "2014-11-04",
        "fiscal_date": "2014-11-04",
        "fiscal_year": 2014,
        "fiscal_quarter": 3,
        "r2_url": "https://pub-2c783279b61043e19fbdadd1bee5153a.r2.dev/IFF/2014-11-04/International%20Flavors%20%26%20Fragrances%20Inc._2014-11-04_transcript/International%20Flavors%20%26%20Fragrances%20Inc._2014-11-04_transcript.pdf/International%20Flavors%20%26%20Fragrances%20Inc._2014-11-04_transcript.pdf",
        "periodicity": "periodic"
    },
    {
        "equity_ticker": "IFF",
        "geography": "US",
        "content_name": "IFF Q2 2014 Transcript",
        "file_type": "pdf",
        "content_type": "earnings_transcript",
        "published_date": "2014-08-05",
        "fiscal_date": "2014-08-05",
        "fiscal_year": 2014,
        "fiscal_quarter": 2,
        "r2_url": "https://pub-2c783279b61043e19fbdadd1bee5153a.r2.dev/IFF/2014-08-05/International%20Flavors%20%26%20Fragrances%20Inc._2014-08-05_transcript/International%20Flavors%20%26%20Fragrances%20Inc._2014-08-05_transcript.pdf/International%20Flavors%20%26%20Fragrances%20Inc._2014-08-05_transcript.pdf",
        "periodicity": "periodic"
    },
    {
        "equity_ticker": "IFF",
        "geography": "US",
        "content_name": "IFF Q1 2014 Transcript",
        "file_type": "pdf",
        "content_type": "earnings_transcript",
        "published_date": "2014-05-06",
        "fiscal_date": "2014-05-06",
        "fiscal_year": 2014,
        "fiscal_quarter": 1,
        "r2_url": "https://pub-2c783279b61043e19fbdadd1bee5153a.r2.dev/IFF/2014-05-06/International%20Flavors%20%26%20Fragrances%20Inc._2014-05-06_transcript/International%20Flavors%20%26%20Fragrances%20Inc._2014-05-06_transcript.pdf/International%20Flavors%20%26%20Fragrances%20Inc._2014-05-06_transcript.pdf",
        "periodicity": "periodic"
    },
    {
        "equity_ticker": "IFF",
        "geography": "US",
        "content_name": "IFF Q4 2013 Transcript",
        "file_type": "pdf",
        "content_type": "earnings_transcript",
        "published_date": "2014-02-13",
        "fiscal_date": "2014-02-13",
        "fiscal_year": 2013,
        "fiscal_quarter": 4,
        "r2_url": "https://pub-2c783279b61043e19fbdadd1bee5153a.r2.dev/IFF/2014-02-13/International%20Flavors%20%26%20Fragrances%20Inc._2014-02-13_transcript/International%20Flavors%20%26%20Fragrances%20Inc._2014-02-13_transcript.pdf/International%20Flavors%20%26%20Fragrances%20Inc._2014-02-13_transcript.pdf",
        "periodicity": "periodic"
    },
    {
        "equity_ticker": "IFF",
        "geography": "US",
        "content_name": "IFF Q3 2013 Transcript",
        "file_type": "pdf",
        "content_type": "earnings_transcript",
        "published_date": "2013-11-05",
        "fiscal_date": "2013-11-05",
        "fiscal_year": 2013,
        "fiscal_quarter": 3,
        "r2_url": "https://pub-2c783279b61043e19fbdadd1bee5153a.r2.dev/IFF/2013-11-05/International%20Flavors%20%26%20Fragrances%20Inc._2013-11-05_transcript/International%20Flavors%20%26%20Fragrances%20Inc._2013-11-05_transcript.pdf/International%20Flavors%20%26%20Fragrances%20Inc._2013-11-05_transcript.pdf",
        "periodicity": "periodic"
    },
    {
        "equity_ticker": "IFF",
        "geography": "US",
        "content_name": "IFF Q2 2013 Transcript",
        "file_type": "pdf",
        "content_type": "earnings_transcript",
        "published_date": "2013-08-06",
        "fiscal_date": "2013-08-06",
        "fiscal_year": 2013,
        "fiscal_quarter": 2,
        "r2_url": "https://pub-2c783279b61043e19fbdadd1bee5153a.r2.dev/IFF/2013-08-06/International%20Flavors%20%26%20Fragrances%20Inc._2013-08-06_transcript/International%20Flavors%20%26%20Fragrances%20Inc._2013-08-06_transcript.pdf/International%20Flavors%20%26%20Fragrances%20Inc._2013-08-06_transcript.pdf",
        "periodicity": "periodic"
    },
    {
        "equity_ticker": "IFF",
        "geography": "US",
        "content_name": "IFF Q1 2013 Transcript",
        "file_type": "pdf",
        "content_type": "earnings_transcript",
        "published_date": "2013-05-07",
        "fiscal_date": "2013-05-07",
        "fiscal_year": 2013,
        "fiscal_quarter": 1,
        "r2_url": "https://pub-2c783279b61043e19fbdadd1bee5153a.r2.dev/IFF/2013-05-07/International%20Flavors%20%26%20Fragrances%20Inc._2013-05-07_transcript/International%20Flavors%20%26%20Fragrances%20Inc._2013-05-07_transcript.pdf/International%20Flavors%20%26%20Fragrances%20Inc._2013-05-07_transcript.pdf",
        "periodicity": "periodic"
    },
    {
        "equity_ticker": "IFF",
        "geography": "US",
        "content_name": "IFF Q4 2012 Transcript",
        "file_type": "pdf",
        "content_type": "earnings_transcript",
        "published_date": "2013-02-07",
        "fiscal_date": "2013-02-07",
        "fiscal_year": 2012,
        "fiscal_quarter": 4,
        "r2_url": "https://pub-2c783279b61043e19fbdadd1bee5153a.r2.dev/IFF/2013-02-07/International%20Flavors%20%26%20Fragrances%20Inc._2013-02-07_transcript/International%20Flavors%20%26%20Fragrances%20Inc._2013-02-07_transcript.pdf/International%20Flavors%20%26%20Fragrances%20Inc._2013-02-07_transcript.pdf",
        "periodicity": "periodic"
    },
    {
        "equity_ticker": "IFF",
        "geography": "US",
        "content_name": "IFF Q3 2012 Transcript",
        "file_type": "pdf",
        "content_type": "earnings_transcript",
        "published_date": "2012-11-06",
        "fiscal_date": "2012-11-06",
        "fiscal_year": 2012,
        "fiscal_quarter": 3,
        "r2_url": "https://pub-2c783279b61043e19fbdadd1bee5153a.r2.dev/IFF/2012-11-06/International%20Flavors%20%26%20Fragrances%20Inc._2012-11-06_transcript/International%20Flavors%20%26%20Fragrances%20Inc._2012-11-06_transcript.pdf/International%20Flavors%20%26%20Fragrances%20Inc._2012-11-06_transcript.pdf",
        "periodicity": "periodic"
    },
    {
        "equity_ticker": "IFF",
        "geography": "US",
        "content_name": "IFF Q2 2012 Transcript",
        "file_type": "pdf",
        "content_type": "earnings_transcript",
        "published_date": "2012-08-10",
        "fiscal_date": "2012-08-10",
        "fiscal_year": 2012,
        "fiscal_quarter": 2,
        "r2_url": "https://pub-2c783279b61043e19fbdadd1bee5153a.r2.dev/IFF/2012-08-10/International%20Flavors%20%26%20Fragrances%20Inc._2012-08-10_transcript/International%20Flavors%20%26%20Fragrances%20Inc._2012-08-10_transcript.pdf/International%20Flavors%20%26%20Fragrances%20Inc._2012-08-10_transcript.pdf",
        "periodicity": "periodic"
    },
    {
        "equity_ticker": "IFF",
        "geography": "US",
        "content_name": "IFF Q1 2012 Transcript",
        "file_type": "pdf",
        "content_type": "earnings_transcript",
        "published_date": "2012-05-08",
        "fiscal_date": "2012-05-08",
        "fiscal_year": 2012,
        "fiscal_quarter": 1,
        "r2_url": "https://pub-2c783279b61043e19fbdadd1bee5153a.r2.dev/IFF/2012-05-08/International%20Flavors%20%26%20Fragrances%20Inc._2012-05-08_transcript/International%20Flavors%20%26%20Fragrances%20Inc._2012-05-08_transcript.pdf/International%20Flavors%20%26%20Fragrances%20Inc._2012-05-08_transcript.pdf",
        "periodicity": "periodic"
    },
    {
        "equity_ticker": "IFF",
        "geography": "US",
        "content_name": "IFF Q4 2011 Transcript",
        "file_type": "pdf",
        "content_type": "earnings_transcript",
        "published_date": "2012-02-09",
        "fiscal_date": "2012-02-09",
        "fiscal_year": 2011,
        "fiscal_quarter": 4,
        "r2_url": "https://pub-2c783279b61043e19fbdadd1bee5153a.r2.dev/IFF/2012-02-09/International%20Flavors%20%26%20Fragrances%20Inc._2012-02-09_transcript/International%20Flavors%20%26%20Fragrances%20Inc._2012-02-09_transcript.pdf/International%20Flavors%20%26%20Fragrances%20Inc._2012-02-09_transcript.pdf",
        "periodicity": "periodic"
    },
    {
        "equity_ticker": "IFF",
        "geography": "US",
        "content_name": "IFF Q3 2011 Transcript",
        "file_type": "pdf",
        "content_type": "earnings_transcript",
        "published_date": "2011-11-08",
        "fiscal_date": "2011-11-08",
        "fiscal_year": 2011,
        "fiscal_quarter": 3,
        "r2_url": "https://pub-2c783279b61043e19fbdadd1bee5153a.r2.dev/IFF/2011-11-08/International%20Flavors%20%26%20Fragrances%20Inc._2011-11-08_transcript/International%20Flavors%20%26%20Fragrances%20Inc._2011-11-08_transcript.pdf/International%20Flavors%20%26%20Fragrances%20Inc._2011-11-08_transcript.pdf",
        "periodicity": "periodic"
    },
    {
        "equity_ticker": "IFF",
        "geography": "US",
        "content_name": "IFF Q2 2011 Transcript",
        "file_type": "pdf",
        "content_type": "earnings_transcript",
        "published_date": "2011-08-09",
        "fiscal_date": "2011-08-09",
        "fiscal_year": 2011,
        "fiscal_quarter": 2,
        "r2_url": "https://pub-2c783279b61043e19fbdadd1bee5153a.r2.dev/IFF/2011-08-09/International%20Flavors%20%26%20Fragrances%20Inc._2011-08-09_transcript/International%20Flavors%20%26%20Fragrances%20Inc._2011-08-09_transcript.pdf/International%20Flavors%20%26%20Fragrances%20Inc._2011-08-09_transcript.pdf",
        "periodicity": "periodic"
    },
    {
        "equity_ticker": "IFF",
        "geography": "US",
        "content_name": "IFF Q1 2011 Transcript",
        "file_type": "pdf",
        "content_type": "earnings_transcript",
        "published_date": "2011-05-10",
        "fiscal_date": "2011-05-10",
        "fiscal_year": 2011,
        "fiscal_quarter": 1,
        "r2_url": "https://pub-2c783279b61043e19fbdadd1bee5153a.r2.dev/IFF/2011-05-10/International%20Flavors%20%26%20Fragrances%20Inc._2011-05-10_transcript/International%20Flavors%20%26%20Fragrances%20Inc._2011-05-10_transcript.pdf/International%20Flavors%20%26%20Fragrances%20Inc._2011-05-10_transcript.pdf",
        "periodicity": "periodic"
    },
    {
        "equity_ticker": "IFF",
        "geography": "US",
        "content_name": "IFF Q4 2010 Transcript",
        "file_type": "pdf",
        "content_type": "earnings_transcript",
        "published_date": "2011-02-10",
        "fiscal_date": "2011-02-10",
        "fiscal_year": 2010,
        "fiscal_quarter": 4,
        "r2_url": "https://pub-2c783279b61043e19fbdadd1bee5153a.r2.dev/IFF/2011-02-10/International%20Flavors%20%26%20Fragrances%20Inc._2011-02-10_transcript/International%20Flavors%20%26%20Fragrances%20Inc._2011-02-10_transcript.pdf/International%20Flavors%20%26%20Fragrances%20Inc._2011-02-10_transcript.pdf",
        "periodicity": "periodic"
    },
    {
        "equity_ticker": "IFF",
        "geography": "US",
        "content_name": "IFF Q2 2010 Transcript",
        "file_type": "pdf",
        "content_type": "earnings_transcript",
        "published_date": "2010-08-05",
        "fiscal_date": "2010-08-05",
        "fiscal_year": 2010,
        "fiscal_quarter": 2,
        "r2_url": "https://pub-2c783279b61043e19fbdadd1bee5153a.r2.dev/IFF/2010-08-05/International%20Flavors%20%26%20Fragrances%20Inc._2010-08-05_transcript/International%20Flavors%20%26%20Fragrances%20Inc._2010-08-05_transcript.pdf/International%20Flavors%20%26%20Fragrances%20Inc._2010-08-05_transcript.pdf",
        "periodicity": "periodic"
    },
    {
        "equity_ticker": "IFF",
        "geography": "US",
        "content_name": "IFF Q1 2010 Transcript",
        "file_type": "pdf",
        "content_type": "earnings_transcript",
        "published_date": "2010-05-06",
        "fiscal_date": "2010-05-06",
        "fiscal_year": 2010,
        "fiscal_quarter": 1,
        "r2_url": "https://pub-2c783279b61043e19fbdadd1bee5153a.r2.dev/IFF/2010-05-06/International%20Flavors%20%26%20Fragrances%20Inc._2010-05-06_transcript/International%20Flavors%20%26%20Fragrances%20Inc._2010-05-06_transcript.pdf/International%20Flavors%20%26%20Fragrances%20Inc._2010-05-06_transcript.pdf",
        "periodicity": "periodic"
    },
    {
        "equity_ticker": "IFF",
        "geography": "US",
        "content_name": "IFF Q4 2009 Transcript",
        "file_type": "pdf",
        "content_type": "earnings_transcript",
        "published_date": "2010-02-09",
        "fiscal_date": "2010-02-09",
        "fiscal_year": 2009,
        "fiscal_quarter": 4,
        "r2_url": "https://pub-2c783279b61043e19fbdadd1bee5153a.r2.dev/IFF/2010-02-09/International%20Flavors%20%26%20Fragrances%20Inc._2010-02-09_transcript/International%20Flavors%20%26%20Fragrances%20Inc._2010-02-09_transcript.pdf/International%20Flavors%20%26%20Fragrances%20Inc._2010-02-09_transcript.pdf",
        "periodicity": "periodic"
    },
    {
        "equity_ticker": "IFF",
        "geography": "US",
        "content_name": "IFF Q3 2009 Transcript",
        "file_type": "pdf",
        "content_type": "earnings_transcript",
        "published_date": "2009-11-05",
        "fiscal_date": "2009-11-05",
        "fiscal_year": 2009,
        "fiscal_quarter": 3,
        "r2_url": "https://pub-2c783279b61043e19fbdadd1bee5153a.r2.dev/IFF/2009-11-05/International%20Flavors%20%26%20Fragrances%20Inc._2009-11-05_transcript/International%20Flavors%20%26%20Fragrances%20Inc._2009-11-05_transcript.pdf/International%20Flavors%20%26%20Fragrances%20Inc._2009-11-05_transcript.pdf",
        "periodicity": "periodic"
    },
    {
        "equity_ticker": "IFF",
        "geography": "US",
        "content_name": "IFF Q2 2009 Transcript",
        "file_type": "pdf",
        "content_type": "earnings_transcript",
        "published_date": "2009-08-05",
        "fiscal_date": "2009-08-05",
        "fiscal_year": 2009,
        "fiscal_quarter": 2,
        "r2_url": "https://pub-2c783279b61043e19fbdadd1bee5153a.r2.dev/IFF/2009-08-05/International%20Flavors%20%26%20Fragrances%20Inc._2009-08-05_transcript/International%20Flavors%20%26%20Fragrances%20Inc._2009-08-05_transcript.pdf/International%20Flavors%20%26%20Fragrances%20Inc._2009-08-05_transcript.pdf",
        "periodicity": "periodic"
    },
    {
        "equity_ticker": "IFF",
        "geography": "US",
        "content_name": "IFF Q1 2009 Transcript",
        "file_type": "pdf",
        "content_type": "earnings_transcript",
        "published_date": "2009-04-30",
        "fiscal_date": "2009-04-30",
        "fiscal_year": 2009,
        "fiscal_quarter": 1,
        "r2_url": "https://pub-2c783279b61043e19fbdadd1bee5153a.r2.dev/IFF/2009-04-30/International%20Flavors%20%26%20Fragrances%20Inc._2009-04-30_transcript/International%20Flavors%20%26%20Fragrances%20Inc._2009-04-30_transcript.pdf/International%20Flavors%20%26%20Fragrances%20Inc._2009-04-30_transcript.pdf",
        "periodicity": "periodic"
    },
    {
        "equity_ticker": "IFF",
        "geography": "US",
        "content_name": "IFF Q4 2008 Transcript",
        "file_type": "pdf",
        "content_type": "earnings_transcript",
        "published_date": "2009-02-05",
        "fiscal_date": "2009-02-05",
        "fiscal_year": 2008,
        "fiscal_quarter": 4,
        "r2_url": "https://pub-2c783279b61043e19fbdadd1bee5153a.r2.dev/IFF/2009-02-05/International%20Flavors%20%26%20Fragrances%20Inc._2009-02-05_transcript/International%20Flavors%20%26%20Fragrances%20Inc._2009-02-05_transcript.pdf/International%20Flavors%20%26%20Fragrances%20Inc._2009-02-05_transcript.pdf",
        "periodicity": "periodic"
    },
    {
        "equity_ticker": "IFF",
        "geography": "US",
        "content_name": "IFF Q3 2008 Transcript",
        "file_type": "pdf",
        "content_type": "earnings_transcript",
        "published_date": "2008-10-30",
        "fiscal_date": "2008-10-30",
        "fiscal_year": 2008,
        "fiscal_quarter": 3,
        "r2_url": "https://pub-2c783279b61043e19fbdadd1bee5153a.r2.dev/IFF/2008-10-30/International%20Flavors%20%26%20Fragrances%20Inc._2008-10-30_transcript/International%20Flavors%20%26%20Fragrances%20Inc._2008-10-30_transcript.pdf/International%20Flavors%20%26%20Fragrances%20Inc._2008-10-30_transcript.pdf",
        "periodicity": "periodic"
    },
    {
        "equity_ticker": "IFF",
        "geography": "US",
        "content_name": "IFF Q2 2008 Transcript",
        "file_type": "pdf",
        "content_type": "earnings_transcript",
        "published_date": "2008-08-04",
        "fiscal_date": "2008-08-04",
        "fiscal_year": 2008,
        "fiscal_quarter": 2,
        "r2_url": "https://pub-2c783279b61043e19fbdadd1bee5153a.r2.dev/IFF/2008-08-04/International%20Flavors%20%26%20Fragrances%20Inc._2008-08-04_transcript/International%20Flavors%20%26%20Fragrances%20Inc._2008-08-04_transcript.pdf/International%20Flavors%20%26%20Fragrances%20Inc._2008-08-04_transcript.pdf",
        "periodicity": "periodic"
    },
    {
        "equity_ticker": "IFF",
        "geography": "US",
        "content_name": "IFF Q1 2008 Transcript",
        "file_type": "pdf",
        "content_type": "earnings_transcript",
        "published_date": "2008-05-01",
        "fiscal_date": "2008-05-01",
        "fiscal_year": 2008,
        "fiscal_quarter": 1,
        "r2_url": "https://pub-2c783279b61043e19fbdadd1bee5153a.r2.dev/IFF/2008-05-01/International%20Flavors%20%26%20Fragrances%20Inc._2008-05-01_transcript/International%20Flavors%20%26%20Fragrances%20Inc._2008-05-01_transcript.pdf/International%20Flavors%20%26%20Fragrances%20Inc._2008-05-01_transcript.pdf",
        "periodicity": "periodic"
    },
    {
        "equity_ticker": "IFF",
        "geography": "US",
        "content_name": "IFF Q4 2007 Transcript",
        "file_type": "pdf",
        "content_type": "earnings_transcript",
        "published_date": "2008-02-04",
        "fiscal_date": "2008-02-04",
        "fiscal_year": 2007,
        "fiscal_quarter": 4,
        "r2_url": "https://pub-2c783279b61043e19fbdadd1bee5153a.r2.dev/IFF/2008-02-04/International%20Flavors%20%26%20Fragrances%20Inc._2008-02-04_transcript/International%20Flavors%20%26%20Fragrances%20Inc._2008-02-04_transcript.pdf/International%20Flavors%20%26%20Fragrances%20Inc._2008-02-04_transcript.pdf",
        "periodicity": "periodic"
    },
    {
        "equity_ticker": "IFF",
        "geography": "US",
        "content_name": "IFF Q3 2007 Transcript",
        "file_type": "pdf",
        "content_type": "earnings_transcript",
        "published_date": "2007-10-31",
        "fiscal_date": "2007-10-31",
        "fiscal_year": 2007,
        "fiscal_quarter": 3,
        "r2_url": "https://pub-2c783279b61043e19fbdadd1bee5153a.r2.dev/IFF/2007-10-31/International%20Flavors%20%26%20Fragrances%20Inc._2007-10-31_transcript/International%20Flavors%20%26%20Fragrances%20Inc._2007-10-31_transcript.pdf/International%20Flavors%20%26%20Fragrances%20Inc._2007-10-31_transcript.pdf",
        "periodicity": "periodic"
    },
    {
        "equity_ticker": "IFF",
        "geography": "US",
        "content_name": "IFF Q2 2007 Transcript",
        "file_type": "pdf",
        "content_type": "earnings_transcript",
        "published_date": "2007-08-07",
        "fiscal_date": "2007-08-07",
        "fiscal_year": 2007,
        "fiscal_quarter": 2,
        "r2_url": "https://pub-2c783279b61043e19fbdadd1bee5153a.r2.dev/IFF/2007-08-07/International%20Flavors%20%26%20Fragrances%20Inc._2007-08-07_transcript/International%20Flavors%20%26%20Fragrances%20Inc._2007-08-07_transcript.pdf/International%20Flavors%20%26%20Fragrances%20Inc._2007-08-07_transcript.pdf",
        "periodicity": "periodic"
    }
]