[
    {
        "equity_ticker": "INGR",
        "geography": "US",
        "content_name": "INGR Q4 2024 Transcript",
        "file_type": "pdf",
        "content_type": "earnings_transcript",
        "published_date": "2025-02-04",
        "fiscal_date": "2025-02-04",
        "fiscal_year": 2024,
        "fiscal_quarter": 4,
        "r2_url": "https://pub-2c783279b61043e19fbdadd1bee5153a.r2.dev/INGR/2025-02-04/Ingredion%20Incorporated_2025-02-04_transcript/Ingredion%20Incorporated_2025-02-04_transcript.pdf/Ingredion%20Incorporated_2025-02-04_transcript.pdf",
        "periodicity": "periodic"
    },
    {
        "equity_ticker": "INGR",
        "geography": "US",
        "content_name": "INGR Q4 2024 Press Release",
        "file_type": "pdf",
        "content_type": "earnings_press_release",
        "published_date": "2025-02-04",
        "fiscal_date": "2025-02-04",
        "fiscal_year": 2024,
        "fiscal_quarter": 4,
        "r2_url": "https://pub-2c783279b61043e19fbdadd1bee5153a.r2.dev/INGR/2025-02-04/c2077-2025-02-04-11-23-09/c2077-2025-02-04-11-23-09.pdf/c2077-2025-02-04-11-23-09.pdf",
        "periodicity": "periodic"
    },
    {
        "equity_ticker": "INGR",
        "geography": "US",
        "content_name": "INGR Q4 2024 Presentation",
        "file_type": "pdf",
        "content_type": "earnings_presentation",
        "published_date": "2025-02-04",
        "fiscal_date": "2025-02-04",
        "fiscal_year": 2024,
        "fiscal_quarter": 4,
        "r2_url": "https://pub-2c783279b61043e19fbdadd1bee5153a.r2.dev/INGR/2025-02-04/aa762-2025-02-04-12-03-09/aa762-2025-02-04-12-03-09.pdf/aa762-2025-02-04-12-03-09.pdf",
        "periodicity": "periodic"
    },
    {
        "equity_ticker": "INGR",
        "geography": "US",
        "content_name": "INGR Q3 2024 Transcript",
        "file_type": "pdf",
        "content_type": "earnings_transcript",
        "published_date": "2024-11-05",
        "fiscal_date": "2024-11-05",
        "fiscal_year": 2024,
        "fiscal_quarter": 3,
        "r2_url": "https://pub-2c783279b61043e19fbdadd1bee5153a.r2.dev/INGR/2024-11-05/Ingredion%20Incorporated_2024-11-05_transcript/Ingredion%20Incorporated_2024-11-05_transcript.pdf/Ingredion%20Incorporated_2024-11-05_transcript.pdf",
        "periodicity": "periodic"
    },
    {
        "equity_ticker": "INGR",
        "geography": "US",
        "content_name": "INGR Q3 2024 Press Release",
        "file_type": "pdf",
        "content_type": "earnings_press_release",
        "published_date": "2024-11-05",
        "fiscal_date": "2024-11-05",
        "fiscal_year": 2024,
        "fiscal_quarter": 3,
        "r2_url": "https://pub-2c783279b61043e19fbdadd1bee5153a.r2.dev/INGR/2024-11-05/91843-2024-11-05-11-09-15/91843-2024-11-05-11-09-15.pdf/91843-2024-11-05-11-09-15.pdf",
        "periodicity": "periodic"
    },
    {
        "equity_ticker": "INGR",
        "geography": "US",
        "content_name": "INGR Q3 2024 Presentation",
        "file_type": "pdf",
        "content_type": "earnings_presentation",
        "published_date": "2024-11-05",
        "fiscal_date": "2024-11-05",
        "fiscal_year": 2024,
        "fiscal_quarter": 3,
        "r2_url": "https://pub-2c783279b61043e19fbdadd1bee5153a.r2.dev/INGR/2024-11-05/6e0da-2024-11-05-11-41-16/6e0da-2024-11-05-11-41-16.pdf/6e0da-2024-11-05-11-41-16.pdf",
        "periodicity": "periodic"
    },
    {
        "equity_ticker": "INGR",
        "geography": "US",
        "content_name": "INGR Q2 2024 Transcript",
        "file_type": "pdf",
        "content_type": "earnings_transcript",
        "published_date": "2024-08-06",
        "fiscal_date": "2024-08-06",
        "fiscal_year": 2024,
        "fiscal_quarter": 2,
        "r2_url": "https://pub-2c783279b61043e19fbdadd1bee5153a.r2.dev/INGR/2024-08-06/Ingredion%20Incorporated_2024-08-06_transcript/Ingredion%20Incorporated_2024-08-06_transcript.pdf/Ingredion%20Incorporated_2024-08-06_transcript.pdf",
        "periodicity": "periodic"
    },
    {
        "equity_ticker": "INGR",
        "geography": "US",
        "content_name": "INGR Q2 2024 Press Release",
        "file_type": "pdf",
        "content_type": "earnings_press_release",
        "published_date": "2024-08-06",
        "fiscal_date": "2024-08-06",
        "fiscal_year": 2024,
        "fiscal_quarter": 2,
        "r2_url": "https://pub-2c783279b61043e19fbdadd1bee5153a.r2.dev/INGR/2024-08-06/c026a-2024-08-06-10-29-11/c026a-2024-08-06-10-29-11.pdf/c026a-2024-08-06-10-29-11.pdf",
        "periodicity": "periodic"
    },
    {
        "equity_ticker": "INGR",
        "geography": "US",
        "content_name": "INGR Q2 2024 Presentation",
        "file_type": "pdf",
        "content_type": "earnings_presentation",
        "published_date": "2024-08-06",
        "fiscal_date": "2024-08-06",
        "fiscal_year": 2024,
        "fiscal_quarter": 2,
        "r2_url": "https://pub-2c783279b61043e19fbdadd1bee5153a.r2.dev/INGR/2024-08-06/c8e09-2024-08-06-11-45-37/c8e09-2024-08-06-11-45-37.pdf/c8e09-2024-08-06-11-45-37.pdf",
        "periodicity": "periodic"
    },
    {
        "equity_ticker": "INGR",
        "geography": "US",
        "content_name": "19th Annual Global Farm to Market Conference - May 16, 2024",
        "file_type": "pdf",
        "content_type": "company_conference_transcript",
        "published_date": "2024-05-16",
        "fiscal_date": "2024-05-16",
        "fiscal_year": 0,
        "fiscal_quarter": 0,
        "r2_url": "https://pub-2c783279b61043e19fbdadd1bee5153a.r2.dev/INGR/2024-05-16/Ingredion%20Incorporated_2024-05-16_transcript/Ingredion%20Incorporated_2024-05-16_transcript.pdf/Ingredion%20Incorporated_2024-05-16_transcript.pdf",
        "periodicity": "non_periodic"
    },
    {
        "equity_ticker": "INGR",
        "geography": "US",
        "content_name": "INGR Q1 2024 Transcript",
        "file_type": "pdf",
        "content_type": "earnings_transcript",
        "published_date": "2024-05-08",
        "fiscal_date": "2024-05-08",
        "fiscal_year": 2024,
        "fiscal_quarter": 1,
        "r2_url": "https://pub-2c783279b61043e19fbdadd1bee5153a.r2.dev/INGR/2024-05-08/Ingredion%20Incorporated_2024-05-08_transcript/Ingredion%20Incorporated_2024-05-08_transcript.pdf/Ingredion%20Incorporated_2024-05-08_transcript.pdf",
        "periodicity": "periodic"
    },
    {
        "equity_ticker": "INGR",
        "geography": "US",
        "content_name": "INGR Q1 2024 Press Release",
        "file_type": "pdf",
        "content_type": "earnings_press_release",
        "published_date": "2024-05-08",
        "fiscal_date": "2024-05-08",
        "fiscal_year": 2024,
        "fiscal_quarter": 1,
        "r2_url": "https://pub-2c783279b61043e19fbdadd1bee5153a.r2.dev/INGR/2024-05-08/c9db9-2024-05-08-10-02-19/c9db9-2024-05-08-10-02-19.pdf/c9db9-2024-05-08-10-02-19.pdf",
        "periodicity": "periodic"
    },
    {
        "equity_ticker": "INGR",
        "geography": "US",
        "content_name": "INGR Q1 2024 Presentation",
        "file_type": "pdf",
        "content_type": "earnings_presentation",
        "published_date": "2024-05-08",
        "fiscal_date": "2024-05-08",
        "fiscal_year": 2024,
        "fiscal_quarter": 1,
        "r2_url": "https://pub-2c783279b61043e19fbdadd1bee5153a.r2.dev/INGR/2024-05-08/2395b-2024-05-08-10-43-19/2395b-2024-05-08-10-43-19.pdf/2395b-2024-05-08-10-43-19.pdf",
        "periodicity": "periodic"
    },
    {
        "equity_ticker": "INGR",
        "geography": "US",
        "content_name": "CAGNY 2024 Conference - February 21, 2024",
        "file_type": "pdf",
        "content_type": "industry_conference_transcript",
        "published_date": "2024-02-21",
        "fiscal_date": "2024-02-21",
        "fiscal_year": 0,
        "fiscal_quarter": 0,
        "r2_url": "https://pub-2c783279b61043e19fbdadd1bee5153a.r2.dev/INGR/2024-02-21/Ingredion%20Incorporated_2024-02-21_transcript/Ingredion%20Incorporated_2024-02-21_transcript.pdf/Ingredion%20Incorporated_2024-02-21_transcript.pdf",
        "periodicity": "non_periodic"
    },
    {
        "equity_ticker": "INGR",
        "geography": "US",
        "content_name": "CAGNY 2024 Conference - February 21, 2024",
        "file_type": "pdf",
        "content_type": "industry_conference_presentation",
        "published_date": "2024-02-21",
        "fiscal_date": "2024-02-21",
        "fiscal_year": 0,
        "fiscal_quarter": 0,
        "r2_url": "https://pub-2c783279b61043e19fbdadd1bee5153a.r2.dev/INGR/2024-02-21/85251-2024-02-21-09-14-01/85251-2024-02-21-09-14-01.pdf/85251-2024-02-21-09-14-01.pdf",
        "periodicity": "non_periodic"
    },
    {
        "equity_ticker": "INGR",
        "geography": "US",
        "content_name": "INGR Q4 2023 Transcript",
        "file_type": "pdf",
        "content_type": "earnings_transcript",
        "published_date": "2024-02-06",
        "fiscal_date": "2024-02-06",
        "fiscal_year": 2023,
        "fiscal_quarter": 4,
        "r2_url": "https://pub-2c783279b61043e19fbdadd1bee5153a.r2.dev/INGR/2024-02-06/Ingredion%20Incorporated_2024-02-06_transcript/Ingredion%20Incorporated_2024-02-06_transcript.pdf/Ingredion%20Incorporated_2024-02-06_transcript.pdf",
        "periodicity": "periodic"
    },
    {
        "equity_ticker": "INGR",
        "geography": "US",
        "content_name": "INGR Q4 2023 Press Release",
        "file_type": "pdf",
        "content_type": "earnings_press_release",
        "published_date": "2024-02-06",
        "fiscal_date": "2024-02-06",
        "fiscal_year": 2023,
        "fiscal_quarter": 4,
        "r2_url": "https://pub-2c783279b61043e19fbdadd1bee5153a.r2.dev/INGR/2024-02-06/8f860-2024-02-06-11-23-14/8f860-2024-02-06-11-23-14.pdf/8f860-2024-02-06-11-23-14.pdf",
        "periodicity": "periodic"
    },
    {
        "equity_ticker": "INGR",
        "geography": "US",
        "content_name": "INGR Q4 2023 Presentation",
        "file_type": "pdf",
        "content_type": "earnings_presentation",
        "published_date": "2024-02-06",
        "fiscal_date": "2024-02-06",
        "fiscal_year": 2023,
        "fiscal_quarter": 4,
        "r2_url": "https://pub-2c783279b61043e19fbdadd1bee5153a.r2.dev/INGR/2024-02-06/b059b-2024-02-06-11-25-15/b059b-2024-02-06-11-25-15.pdf/b059b-2024-02-06-11-25-15.pdf",
        "periodicity": "periodic"
    },
    {
        "equity_ticker": "INGR",
        "geography": "US",
        "content_name": "INGR Q3 2023 Transcript",
        "file_type": "pdf",
        "content_type": "earnings_transcript",
        "published_date": "2023-11-07",
        "fiscal_date": "2023-11-07",
        "fiscal_year": 2023,
        "fiscal_quarter": 3,
        "r2_url": "https://pub-2c783279b61043e19fbdadd1bee5153a.r2.dev/INGR/2023-11-07/Ingredion%20Incorporated_2023-11-07_transcript/Ingredion%20Incorporated_2023-11-07_transcript.pdf/Ingredion%20Incorporated_2023-11-07_transcript.pdf",
        "periodicity": "periodic"
    },
    {
        "equity_ticker": "INGR",
        "geography": "US",
        "content_name": "INGR Q3 2023 Press Release",
        "file_type": "pdf",
        "content_type": "earnings_press_release",
        "published_date": "2023-11-07",
        "fiscal_date": "2023-11-07",
        "fiscal_year": 2023,
        "fiscal_quarter": 3,
        "r2_url": "https://pub-2c783279b61043e19fbdadd1bee5153a.r2.dev/INGR/2023-11-07/9321b-2023-11-07-11-16-17/9321b-2023-11-07-11-16-17.pdf/9321b-2023-11-07-11-16-17.pdf",
        "periodicity": "periodic"
    },
    {
        "equity_ticker": "INGR",
        "geography": "US",
        "content_name": "INGR Q3 2023 Presentation",
        "file_type": "pdf",
        "content_type": "earnings_presentation",
        "published_date": "2023-11-07",
        "fiscal_date": "2023-11-07",
        "fiscal_year": 2023,
        "fiscal_quarter": 3,
        "r2_url": "https://pub-2c783279b61043e19fbdadd1bee5153a.r2.dev/INGR/2023-11-07/4023a-2023-11-07-11-01-51/4023a-2023-11-07-11-01-51.pdf/4023a-2023-11-07-11-01-51.pdf",
        "periodicity": "periodic"
    },
    {
        "equity_ticker": "INGR",
        "geography": "US",
        "content_name": "Barclays Global Consumer Staples Conference - September 5, 2023",
        "file_type": "pdf",
        "content_type": "sellside_conference_transcript",
        "published_date": "2023-09-05",
        "fiscal_date": "2023-09-05",
        "fiscal_year": 0,
        "fiscal_quarter": 0,
        "r2_url": "https://pub-2c783279b61043e19fbdadd1bee5153a.r2.dev/INGR/2023-09-05/Ingredion%20Incorporated_2023-09-05_transcript/Ingredion%20Incorporated_2023-09-05_transcript.pdf/Ingredion%20Incorporated_2023-09-05_transcript.pdf",
        "periodicity": "non_periodic"
    },
    {
        "equity_ticker": "INGR",
        "geography": "US",
        "content_name": "Barclays Global Consumer Staples Conference - September 5, 2023",
        "file_type": "pdf",
        "content_type": "sellside_conference_presentation",
        "published_date": "2023-09-05",
        "fiscal_date": "2023-09-05",
        "fiscal_year": 0,
        "fiscal_quarter": 0,
        "r2_url": "https://pub-2c783279b61043e19fbdadd1bee5153a.r2.dev/INGR/2023-09-05/1dc37-2023-09-05-10-17-05/1dc37-2023-09-05-10-17-05.pdf/1dc37-2023-09-05-10-17-05.pdf",
        "periodicity": "non_periodic"
    },
    {
        "equity_ticker": "INGR",
        "geography": "US",
        "content_name": "INGR Q2 2023 Transcript",
        "file_type": "pdf",
        "content_type": "earnings_transcript",
        "published_date": "2023-08-08",
        "fiscal_date": "2023-08-08",
        "fiscal_year": 2023,
        "fiscal_quarter": 2,
        "r2_url": "https://pub-2c783279b61043e19fbdadd1bee5153a.r2.dev/INGR/2023-08-08/Ingredion%20Incorporated_2023-08-08_transcript/Ingredion%20Incorporated_2023-08-08_transcript.pdf/Ingredion%20Incorporated_2023-08-08_transcript.pdf",
        "periodicity": "periodic"
    },
    {
        "equity_ticker": "INGR",
        "geography": "US",
        "content_name": "INGR Q2 2023 Press Release",
        "file_type": "pdf",
        "content_type": "earnings_press_release",
        "published_date": "2023-08-08",
        "fiscal_date": "2023-08-08",
        "fiscal_year": 2023,
        "fiscal_quarter": 2,
        "r2_url": "https://pub-2c783279b61043e19fbdadd1bee5153a.r2.dev/INGR/2023-08-08/3a0e4-2023-08-08-10-32-07/3a0e4-2023-08-08-10-32-07.pdf/3a0e4-2023-08-08-10-32-07.pdf",
        "periodicity": "periodic"
    },
    {
        "equity_ticker": "INGR",
        "geography": "US",
        "content_name": "INGR Q2 2023 Presentation",
        "file_type": "pdf",
        "content_type": "earnings_presentation",
        "published_date": "2023-08-08",
        "fiscal_date": "2023-08-08",
        "fiscal_year": 2023,
        "fiscal_quarter": 2,
        "r2_url": "https://pub-2c783279b61043e19fbdadd1bee5153a.r2.dev/INGR/2023-08-08/f0fff-2023-08-08-11-56-13/f0fff-2023-08-08-11-56-13.pdf/f0fff-2023-08-08-11-56-13.pdf",
        "periodicity": "periodic"
    },
    {
        "equity_ticker": "INGR",
        "geography": "US",
        "content_name": "INGR Q1 2023 Transcript",
        "file_type": "pdf",
        "content_type": "earnings_transcript",
        "published_date": "2023-05-03",
        "fiscal_date": "2023-05-03",
        "fiscal_year": 2023,
        "fiscal_quarter": 1,
        "r2_url": "https://pub-2c783279b61043e19fbdadd1bee5153a.r2.dev/INGR/2023-05-03/Ingredion%20Incorporated_2023-05-03_transcript/Ingredion%20Incorporated_2023-05-03_transcript.pdf/Ingredion%20Incorporated_2023-05-03_transcript.pdf",
        "periodicity": "periodic"
    },
    {
        "equity_ticker": "INGR",
        "geography": "US",
        "content_name": "INGR Q1 2023 Press Release",
        "file_type": "pdf",
        "content_type": "earnings_press_release",
        "published_date": "2023-05-03",
        "fiscal_date": "2023-05-03",
        "fiscal_year": 2023,
        "fiscal_quarter": 1,
        "r2_url": "https://pub-2c783279b61043e19fbdadd1bee5153a.r2.dev/INGR/2023-05-03/9754d-2023-05-03-10-00-11/9754d-2023-05-03-10-00-11.pdf/9754d-2023-05-03-10-00-11.pdf",
        "periodicity": "periodic"
    },
    {
        "equity_ticker": "INGR",
        "geography": "US",
        "content_name": "INGR Q1 2023 Presentation",
        "file_type": "pdf",
        "content_type": "earnings_presentation",
        "published_date": "2023-05-03",
        "fiscal_date": "2023-05-03",
        "fiscal_year": 2023,
        "fiscal_quarter": 1,
        "r2_url": "https://pub-2c783279b61043e19fbdadd1bee5153a.r2.dev/INGR/2023-05-03/e5c59-2023-05-03-10-11-11/e5c59-2023-05-03-10-11-11.pdf/e5c59-2023-05-03-10-11-11.pdf",
        "periodicity": "periodic"
    },
    {
        "equity_ticker": "INGR",
        "geography": "US",
        "content_name": "INGR Q4 2022 Transcript",
        "file_type": "pdf",
        "content_type": "earnings_transcript",
        "published_date": "2023-02-08",
        "fiscal_date": "2023-02-08",
        "fiscal_year": 2022,
        "fiscal_quarter": 4,
        "r2_url": "https://pub-2c783279b61043e19fbdadd1bee5153a.r2.dev/INGR/2023-02-08/Ingredion%20Incorporated_2023-02-08_transcript/Ingredion%20Incorporated_2023-02-08_transcript.pdf/Ingredion%20Incorporated_2023-02-08_transcript.pdf",
        "periodicity": "periodic"
    },
    {
        "equity_ticker": "INGR",
        "geography": "US",
        "content_name": "INGR Q4 2022 Press Release",
        "file_type": "pdf",
        "content_type": "earnings_press_release",
        "published_date": "2023-02-08",
        "fiscal_date": "2023-02-08",
        "fiscal_year": 2022,
        "fiscal_quarter": 4,
        "r2_url": "https://pub-2c783279b61043e19fbdadd1bee5153a.r2.dev/INGR/2023-02-08/f00bc-2023-02-08-12-34-16/f00bc-2023-02-08-12-34-16.pdf/f00bc-2023-02-08-12-34-16.pdf",
        "periodicity": "periodic"
    },
    {
        "equity_ticker": "INGR",
        "geography": "US",
        "content_name": "INGR Q4 2022 Presentation",
        "file_type": "pdf",
        "content_type": "earnings_presentation",
        "published_date": "2023-02-08",
        "fiscal_date": "2023-02-08",
        "fiscal_year": 2022,
        "fiscal_quarter": 4,
        "r2_url": "https://pub-2c783279b61043e19fbdadd1bee5153a.r2.dev/INGR/2023-02-08/03f26-2023-02-08-12-34-16/03f26-2023-02-08-12-34-16.pdf/03f26-2023-02-08-12-34-16.pdf",
        "periodicity": "periodic"
    },
    {
        "equity_ticker": "INGR",
        "geography": "US",
        "content_name": "INGR Q3 2022 Transcript",
        "file_type": "pdf",
        "content_type": "earnings_transcript",
        "published_date": "2022-11-03",
        "fiscal_date": "2022-11-03",
        "fiscal_year": 2022,
        "fiscal_quarter": 3,
        "r2_url": "https://pub-2c783279b61043e19fbdadd1bee5153a.r2.dev/INGR/2022-11-03/Ingredion%20Incorporated_2022-11-03_transcript/Ingredion%20Incorporated_2022-11-03_transcript.pdf/Ingredion%20Incorporated_2022-11-03_transcript.pdf",
        "periodicity": "periodic"
    },
    {
        "equity_ticker": "INGR",
        "geography": "US",
        "content_name": "INGR Q3 2022 Press Release",
        "file_type": "pdf",
        "content_type": "earnings_press_release",
        "published_date": "2022-11-03",
        "fiscal_date": "2022-11-03",
        "fiscal_year": 2022,
        "fiscal_quarter": 3,
        "r2_url": "https://pub-2c783279b61043e19fbdadd1bee5153a.r2.dev/INGR/2022-11-03/9efd8-2022-11-03-11-36-31/9efd8-2022-11-03-11-36-31.pdf/9efd8-2022-11-03-11-36-31.pdf",
        "periodicity": "periodic"
    },
    {
        "equity_ticker": "INGR",
        "geography": "US",
        "content_name": "INGR Q3 2022 Presentation",
        "file_type": "pdf",
        "content_type": "earnings_presentation",
        "published_date": "2022-11-03",
        "fiscal_date": "2022-11-03",
        "fiscal_year": 2022,
        "fiscal_quarter": 3,
        "r2_url": "https://pub-2c783279b61043e19fbdadd1bee5153a.r2.dev/INGR/2022-11-03/98fc7-2022-11-03-11-36-31/98fc7-2022-11-03-11-36-31.pdf/98fc7-2022-11-03-11-36-31.pdf",
        "periodicity": "periodic"
    },
    {
        "equity_ticker": "INGR",
        "geography": "US",
        "content_name": "INGR Q2 2022 Transcript",
        "file_type": "pdf",
        "content_type": "earnings_transcript",
        "published_date": "2022-08-09",
        "fiscal_date": "2022-08-09",
        "fiscal_year": 2022,
        "fiscal_quarter": 2,
        "r2_url": "https://pub-2c783279b61043e19fbdadd1bee5153a.r2.dev/INGR/2022-08-09/Ingredion%20Incorporated_2022-08-09_transcript/Ingredion%20Incorporated_2022-08-09_transcript.pdf/Ingredion%20Incorporated_2022-08-09_transcript.pdf",
        "periodicity": "periodic"
    },
    {
        "equity_ticker": "INGR",
        "geography": "US",
        "content_name": "INGR Q2 2022 Press Release",
        "file_type": "pdf",
        "content_type": "earnings_press_release",
        "published_date": "2022-08-09",
        "fiscal_date": "2022-08-09",
        "fiscal_year": 2022,
        "fiscal_quarter": 2,
        "r2_url": "https://pub-2c783279b61043e19fbdadd1bee5153a.r2.dev/INGR/2022-08-09/4f6f1-2022-08-09-10-26-30/4f6f1-2022-08-09-10-26-30.pdf/4f6f1-2022-08-09-10-26-30.pdf",
        "periodicity": "periodic"
    },
    {
        "equity_ticker": "INGR",
        "geography": "US",
        "content_name": "INGR Q2 2022 Presentation",
        "file_type": "pdf",
        "content_type": "earnings_presentation",
        "published_date": "2022-08-09",
        "fiscal_date": "2022-08-09",
        "fiscal_year": 2022,
        "fiscal_quarter": 2,
        "r2_url": "https://pub-2c783279b61043e19fbdadd1bee5153a.r2.dev/INGR/2022-08-09/18074-2022-08-09-10-26-30/18074-2022-08-09-10-26-30.pdf/18074-2022-08-09-10-26-30.pdf",
        "periodicity": "periodic"
    },
    {
        "equity_ticker": "INGR",
        "geography": "US",
        "content_name": "Investor Day 2022 - June 2, 2022",
        "file_type": "pdf",
        "content_type": "company_conference_transcript",
        "published_date": "2022-06-02",
        "fiscal_date": "2022-06-02",
        "fiscal_year": 0,
        "fiscal_quarter": 0,
        "r2_url": "https://pub-2c783279b61043e19fbdadd1bee5153a.r2.dev/INGR/2022-06-02/Ingredion%20Incorporated_2022-06-02_transcript/Ingredion%20Incorporated_2022-06-02_transcript.pdf/Ingredion%20Incorporated_2022-06-02_transcript.pdf",
        "periodicity": "non_periodic"
    },
    {
        "equity_ticker": "INGR",
        "geography": "US",
        "content_name": "Investor Day 2022 - June 2, 2022",
        "file_type": "pdf",
        "content_type": "company_conference_presentation",
        "published_date": "2022-06-02",
        "fiscal_date": "2022-06-02",
        "fiscal_year": 0,
        "fiscal_quarter": 0,
        "r2_url": "https://pub-2c783279b61043e19fbdadd1bee5153a.r2.dev/INGR/2022-06-02/3e922-2022-06-03-07-18-05/3e922-2022-06-03-07-18-05.pdf/3e922-2022-06-03-07-18-05.pdf",
        "periodicity": "non_periodic"
    },
    {
        "equity_ticker": "INGR",
        "geography": "US",
        "content_name": "INGR Q1 2022 Transcript",
        "file_type": "pdf",
        "content_type": "earnings_transcript",
        "published_date": "2022-05-05",
        "fiscal_date": "2022-05-05",
        "fiscal_year": 2022,
        "fiscal_quarter": 1,
        "r2_url": "https://pub-2c783279b61043e19fbdadd1bee5153a.r2.dev/INGR/2022-05-05/Ingredion%20Incorporated_2022-05-05_transcript/Ingredion%20Incorporated_2022-05-05_transcript.pdf/Ingredion%20Incorporated_2022-05-05_transcript.pdf",
        "periodicity": "periodic"
    },
    {
        "equity_ticker": "INGR",
        "geography": "US",
        "content_name": "INGR Q1 2022 Press Release",
        "file_type": "pdf",
        "content_type": "earnings_press_release",
        "published_date": "2022-05-05",
        "fiscal_date": "2022-05-05",
        "fiscal_year": 2022,
        "fiscal_quarter": 1,
        "r2_url": "https://pub-2c783279b61043e19fbdadd1bee5153a.r2.dev/INGR/2022-05-05/6c2d4-2023-01-25-02-02-34/6c2d4-2023-01-25-02-02-34.pdf/6c2d4-2023-01-25-02-02-34.pdf",
        "periodicity": "periodic"
    },
    {
        "equity_ticker": "INGR",
        "geography": "US",
        "content_name": "INGR Q1 2022 Presentation",
        "file_type": "pdf",
        "content_type": "earnings_presentation",
        "published_date": "2022-05-05",
        "fiscal_date": "2022-05-05",
        "fiscal_year": 2022,
        "fiscal_quarter": 1,
        "r2_url": "https://pub-2c783279b61043e19fbdadd1bee5153a.r2.dev/INGR/2022-05-05/f6bc0-2022-05-05-02-41-22-migrated/f6bc0-2022-05-05-02-41-22-migrated.pdf/f6bc0-2022-05-05-02-41-22-migrated.pdf",
        "periodicity": "periodic"
    },
    {
        "equity_ticker": "INGR",
        "geography": "US",
        "content_name": "INGR Q4 2021 Transcript",
        "file_type": "pdf",
        "content_type": "earnings_transcript",
        "published_date": "2022-02-03",
        "fiscal_date": "2022-02-03",
        "fiscal_year": 2021,
        "fiscal_quarter": 4,
        "r2_url": "https://pub-2c783279b61043e19fbdadd1bee5153a.r2.dev/INGR/2022-02-03/Ingredion%20Incorporated_2022-02-03_transcript/Ingredion%20Incorporated_2022-02-03_transcript.pdf/Ingredion%20Incorporated_2022-02-03_transcript.pdf",
        "periodicity": "periodic"
    },
    {
        "equity_ticker": "INGR",
        "geography": "US",
        "content_name": "INGR Q4 2021 Press Release",
        "file_type": "pdf",
        "content_type": "earnings_press_release",
        "published_date": "2022-02-03",
        "fiscal_date": "2022-02-03",
        "fiscal_year": 2021,
        "fiscal_quarter": 4,
        "r2_url": "https://pub-2c783279b61043e19fbdadd1bee5153a.r2.dev/INGR/2022-02-03/fbb67-2023-01-25-12-41-22/fbb67-2023-01-25-12-41-22.pdf/fbb67-2023-01-25-12-41-22.pdf",
        "periodicity": "periodic"
    },
    {
        "equity_ticker": "INGR",
        "geography": "US",
        "content_name": "INGR Q4 2021 Presentation",
        "file_type": "pdf",
        "content_type": "earnings_presentation",
        "published_date": "2022-02-03",
        "fiscal_date": "2022-02-03",
        "fiscal_year": 2021,
        "fiscal_quarter": 4,
        "r2_url": "https://pub-2c783279b61043e19fbdadd1bee5153a.r2.dev/INGR/2022-02-03/14b50-2022-02-03-07-55-29-migrated/14b50-2022-02-03-07-55-29-migrated.pdf/14b50-2022-02-03-07-55-29-migrated.pdf",
        "periodicity": "periodic"
    },
    {
        "equity_ticker": "INGR",
        "geography": "US",
        "content_name": "INGR Q3 2021 Transcript",
        "file_type": "pdf",
        "content_type": "earnings_transcript",
        "published_date": "2021-11-02",
        "fiscal_date": "2021-11-02",
        "fiscal_year": 2021,
        "fiscal_quarter": 3,
        "r2_url": "https://pub-2c783279b61043e19fbdadd1bee5153a.r2.dev/INGR/2021-11-02/Ingredion%20Incorporated_2021-11-02_transcript/Ingredion%20Incorporated_2021-11-02_transcript.pdf/Ingredion%20Incorporated_2021-11-02_transcript.pdf",
        "periodicity": "periodic"
    },
    {
        "equity_ticker": "INGR",
        "geography": "US",
        "content_name": "INGR Q2 2021 Transcript",
        "file_type": "pdf",
        "content_type": "earnings_transcript",
        "published_date": "2021-08-03",
        "fiscal_date": "2021-08-03",
        "fiscal_year": 2021,
        "fiscal_quarter": 2,
        "r2_url": "https://pub-2c783279b61043e19fbdadd1bee5153a.r2.dev/INGR/2021-08-03/Ingredion%20Incorporated_2021-08-03_transcript/Ingredion%20Incorporated_2021-08-03_transcript.pdf/Ingredion%20Incorporated_2021-08-03_transcript.pdf",
        "periodicity": "periodic"
    },
    {
        "equity_ticker": "INGR",
        "geography": "US",
        "content_name": "INGR Q1 2021 Transcript",
        "file_type": "pdf",
        "content_type": "earnings_transcript",
        "published_date": "2021-05-04",
        "fiscal_date": "2021-05-04",
        "fiscal_year": 2021,
        "fiscal_quarter": 1,
        "r2_url": "https://pub-2c783279b61043e19fbdadd1bee5153a.r2.dev/INGR/2021-05-04/Ingredion%20Incorporated_2021-05-04_transcript/Ingredion%20Incorporated_2021-05-04_transcript.pdf/Ingredion%20Incorporated_2021-05-04_transcript.pdf",
        "periodicity": "periodic"
    },
    {
        "equity_ticker": "INGR",
        "geography": "US",
        "content_name": "INGR Q4 2020 Transcript",
        "file_type": "pdf",
        "content_type": "earnings_transcript",
        "published_date": "2021-02-24",
        "fiscal_date": "2021-02-24",
        "fiscal_year": 2020,
        "fiscal_quarter": 4,
        "r2_url": "https://pub-2c783279b61043e19fbdadd1bee5153a.r2.dev/INGR/2021-02-24/Ingredion%20Incorporated_2021-02-24_transcript/Ingredion%20Incorporated_2021-02-24_transcript.pdf/Ingredion%20Incorporated_2021-02-24_transcript.pdf",
        "periodicity": "periodic"
    },
    {
        "equity_ticker": "INGR",
        "geography": "US",
        "content_name": "INGR Q4 2020 Press Release",
        "file_type": "pdf",
        "content_type": "annual_report",
        "published_date": "2021-02-24",
        "fiscal_date": "2021-02-24",
        "fiscal_year": 2020,
        "fiscal_quarter": 4,
        "r2_url": "https://pub-2c783279b61043e19fbdadd1bee5153a.r2.dev/INGR/2021-02-24/69030-2023-11-23-07-01-24/69030-2023-11-23-07-01-24.pdf/69030-2023-11-23-07-01-24.pdf",
        "periodicity": "periodic"
    },
    {
        "equity_ticker": "INGR",
        "geography": "US",
        "content_name": "INGR Q3 2020 Transcript",
        "file_type": "pdf",
        "content_type": "earnings_transcript",
        "published_date": "2020-11-02",
        "fiscal_date": "2020-11-02",
        "fiscal_year": 2020,
        "fiscal_quarter": 3,
        "r2_url": "https://pub-2c783279b61043e19fbdadd1bee5153a.r2.dev/INGR/2020-11-02/Ingredion%20Incorporated_2020-11-02_transcript/Ingredion%20Incorporated_2020-11-02_transcript.pdf/Ingredion%20Incorporated_2020-11-02_transcript.pdf",
        "periodicity": "periodic"
    },
    {
        "equity_ticker": "INGR",
        "geography": "US",
        "content_name": "INGR Q2 2020 Transcript",
        "file_type": "pdf",
        "content_type": "earnings_transcript",
        "published_date": "2020-08-04",
        "fiscal_date": "2020-08-04",
        "fiscal_year": 2020,
        "fiscal_quarter": 2,
        "r2_url": "https://pub-2c783279b61043e19fbdadd1bee5153a.r2.dev/INGR/2020-08-04/Ingredion%20Incorporated_2020-08-04_transcript/Ingredion%20Incorporated_2020-08-04_transcript.pdf/Ingredion%20Incorporated_2020-08-04_transcript.pdf",
        "periodicity": "periodic"
    },
    {
        "equity_ticker": "INGR",
        "geography": "US",
        "content_name": "INGR Q1 2020 Transcript",
        "file_type": "pdf",
        "content_type": "earnings_transcript",
        "published_date": "2020-05-05",
        "fiscal_date": "2020-05-05",
        "fiscal_year": 2020,
        "fiscal_quarter": 1,
        "r2_url": "https://pub-2c783279b61043e19fbdadd1bee5153a.r2.dev/INGR/2020-05-05/Ingredion%20Incorporated_2020-05-05_transcript/Ingredion%20Incorporated_2020-05-05_transcript.pdf/Ingredion%20Incorporated_2020-05-05_transcript.pdf",
        "periodicity": "periodic"
    },
    {
        "equity_ticker": "INGR",
        "geography": "US",
        "content_name": "INGR Q4 2019 Transcript",
        "file_type": "pdf",
        "content_type": "earnings_transcript",
        "published_date": "2020-02-19",
        "fiscal_date": "2020-02-19",
        "fiscal_year": 2019,
        "fiscal_quarter": 4,
        "r2_url": "https://pub-2c783279b61043e19fbdadd1bee5153a.r2.dev/INGR/2020-02-19/Ingredion%20Incorporated_2020-02-19_transcript/Ingredion%20Incorporated_2020-02-19_transcript.pdf/Ingredion%20Incorporated_2020-02-19_transcript.pdf",
        "periodicity": "periodic"
    },
    {
        "equity_ticker": "INGR",
        "geography": "US",
        "content_name": "INGR Q4 2019 Press Release",
        "file_type": "pdf",
        "content_type": "annual_report",
        "published_date": "2020-02-19",
        "fiscal_date": "2020-02-19",
        "fiscal_year": 2019,
        "fiscal_quarter": 4,
        "r2_url": "https://pub-2c783279b61043e19fbdadd1bee5153a.r2.dev/INGR/2020-02-19/acb8c-2023-11-23-07-10-24/acb8c-2023-11-23-07-10-24.pdf/acb8c-2023-11-23-07-10-24.pdf",
        "periodicity": "periodic"
    },
    {
        "equity_ticker": "INGR",
        "geography": "US",
        "content_name": "INGR Q3 2019 Transcript",
        "file_type": "pdf",
        "content_type": "earnings_transcript",
        "published_date": "2019-10-31",
        "fiscal_date": "2019-10-31",
        "fiscal_year": 2019,
        "fiscal_quarter": 3,
        "r2_url": "https://pub-2c783279b61043e19fbdadd1bee5153a.r2.dev/INGR/2019-10-31/Ingredion%20Incorporated_2019-10-31_transcript/Ingredion%20Incorporated_2019-10-31_transcript.pdf/Ingredion%20Incorporated_2019-10-31_transcript.pdf",
        "periodicity": "periodic"
    },
    {
        "equity_ticker": "INGR",
        "geography": "US",
        "content_name": "INGR Q2 2019 Transcript",
        "file_type": "pdf",
        "content_type": "earnings_transcript",
        "published_date": "2019-08-02",
        "fiscal_date": "2019-08-02",
        "fiscal_year": 2019,
        "fiscal_quarter": 2,
        "r2_url": "https://pub-2c783279b61043e19fbdadd1bee5153a.r2.dev/INGR/2019-08-02/Ingredion%20Incorporated_2019-08-02_transcript/Ingredion%20Incorporated_2019-08-02_transcript.pdf/Ingredion%20Incorporated_2019-08-02_transcript.pdf",
        "periodicity": "periodic"
    },
    {
        "equity_ticker": "INGR",
        "geography": "US",
        "content_name": "INGR Q1 2019 Transcript",
        "file_type": "pdf",
        "content_type": "earnings_transcript",
        "published_date": "2019-05-02",
        "fiscal_date": "2019-05-02",
        "fiscal_year": 2019,
        "fiscal_quarter": 1,
        "r2_url": "https://pub-2c783279b61043e19fbdadd1bee5153a.r2.dev/INGR/2019-05-02/Ingredion%20Incorporated_2019-05-02_transcript/Ingredion%20Incorporated_2019-05-02_transcript.pdf/Ingredion%20Incorporated_2019-05-02_transcript.pdf",
        "periodicity": "periodic"
    },
    {
        "equity_ticker": "INGR",
        "geography": "US",
        "content_name": "INGR Q4 2018 Transcript",
        "file_type": "pdf",
        "content_type": "earnings_transcript",
        "published_date": "2019-02-25",
        "fiscal_date": "2019-02-25",
        "fiscal_year": 2018,
        "fiscal_quarter": 4,
        "r2_url": "https://pub-2c783279b61043e19fbdadd1bee5153a.r2.dev/INGR/2019-02-25/Ingredion%20Incorporated_2019-02-25_transcript/Ingredion%20Incorporated_2019-02-25_transcript.pdf/Ingredion%20Incorporated_2019-02-25_transcript.pdf",
        "periodicity": "periodic"
    },
    {
        "equity_ticker": "INGR",
        "geography": "US",
        "content_name": "INGR Q4 2018 Press Release",
        "file_type": "pdf",
        "content_type": "annual_report",
        "published_date": "2019-02-25",
        "fiscal_date": "2019-02-25",
        "fiscal_year": 2018,
        "fiscal_quarter": 4,
        "r2_url": "https://pub-2c783279b61043e19fbdadd1bee5153a.r2.dev/INGR/2019-02-25/7a7b9-2023-11-23-07-25-24/7a7b9-2023-11-23-07-25-24.pdf/7a7b9-2023-11-23-07-25-24.pdf",
        "periodicity": "periodic"
    },
    {
        "equity_ticker": "INGR",
        "geography": "US",
        "content_name": "INGR Q3 2018 Transcript",
        "file_type": "pdf",
        "content_type": "earnings_transcript",
        "published_date": "2018-11-01",
        "fiscal_date": "2018-11-01",
        "fiscal_year": 2018,
        "fiscal_quarter": 3,
        "r2_url": "https://pub-2c783279b61043e19fbdadd1bee5153a.r2.dev/INGR/2018-11-01/Ingredion%20Incorporated_2018-11-01_transcript/Ingredion%20Incorporated_2018-11-01_transcript.pdf/Ingredion%20Incorporated_2018-11-01_transcript.pdf",
        "periodicity": "periodic"
    },
    {
        "equity_ticker": "INGR",
        "geography": "US",
        "content_name": "INGR Q2 2018 Transcript",
        "file_type": "pdf",
        "content_type": "earnings_transcript",
        "published_date": "2018-08-02",
        "fiscal_date": "2018-08-02",
        "fiscal_year": 2018,
        "fiscal_quarter": 2,
        "r2_url": "https://pub-2c783279b61043e19fbdadd1bee5153a.r2.dev/INGR/2018-08-02/Ingredion%20Incorporated_2018-08-02_transcript/Ingredion%20Incorporated_2018-08-02_transcript.pdf/Ingredion%20Incorporated_2018-08-02_transcript.pdf",
        "periodicity": "periodic"
    },
    {
        "equity_ticker": "INGR",
        "geography": "US",
        "content_name": "INGR Q1 2018 Transcript",
        "file_type": "pdf",
        "content_type": "earnings_transcript",
        "published_date": "2018-05-03",
        "fiscal_date": "2018-05-03",
        "fiscal_year": 2018,
        "fiscal_quarter": 1,
        "r2_url": "https://pub-2c783279b61043e19fbdadd1bee5153a.r2.dev/INGR/2018-05-03/Ingredion%20Incorporated_2018-05-03_transcript/Ingredion%20Incorporated_2018-05-03_transcript.pdf/Ingredion%20Incorporated_2018-05-03_transcript.pdf",
        "periodicity": "periodic"
    },
    {
        "equity_ticker": "INGR",
        "geography": "US",
        "content_name": "INGR Q4 2017 Transcript",
        "file_type": "pdf",
        "content_type": "earnings_transcript",
        "published_date": "2018-02-21",
        "fiscal_date": "2018-02-21",
        "fiscal_year": 2017,
        "fiscal_quarter": 4,
        "r2_url": "https://pub-2c783279b61043e19fbdadd1bee5153a.r2.dev/INGR/2018-02-21/Ingredion%20Incorporated_2018-02-21_transcript/Ingredion%20Incorporated_2018-02-21_transcript.pdf/Ingredion%20Incorporated_2018-02-21_transcript.pdf",
        "periodicity": "periodic"
    },
    {
        "equity_ticker": "INGR",
        "geography": "US",
        "content_name": "INGR Q4 2017 Press Release",
        "file_type": "pdf",
        "content_type": "annual_report",
        "published_date": "2018-02-21",
        "fiscal_date": "2018-02-21",
        "fiscal_year": 2017,
        "fiscal_quarter": 4,
        "r2_url": "https://pub-2c783279b61043e19fbdadd1bee5153a.r2.dev/INGR/2018-02-21/3287f-2023-11-23-07-37-24/3287f-2023-11-23-07-37-24.pdf/3287f-2023-11-23-07-37-24.pdf",
        "periodicity": "periodic"
    },
    {
        "equity_ticker": "INGR",
        "geography": "US",
        "content_name": "INGR Q3 2017 Transcript",
        "file_type": "pdf",
        "content_type": "earnings_transcript",
        "published_date": "2017-11-01",
        "fiscal_date": "2017-11-01",
        "fiscal_year": 2017,
        "fiscal_quarter": 3,
        "r2_url": "https://pub-2c783279b61043e19fbdadd1bee5153a.r2.dev/INGR/2017-11-01/Ingredion%20Incorporated_2017-11-01_transcript/Ingredion%20Incorporated_2017-11-01_transcript.pdf/Ingredion%20Incorporated_2017-11-01_transcript.pdf",
        "periodicity": "periodic"
    },
    {
        "equity_ticker": "INGR",
        "geography": "US",
        "content_name": "INGR Q2 2017 Transcript",
        "file_type": "pdf",
        "content_type": "earnings_transcript",
        "published_date": "2017-08-01",
        "fiscal_date": "2017-08-01",
        "fiscal_year": 2017,
        "fiscal_quarter": 2,
        "r2_url": "https://pub-2c783279b61043e19fbdadd1bee5153a.r2.dev/INGR/2017-08-01/Ingredion%20Incorporated_2017-08-01_transcript/Ingredion%20Incorporated_2017-08-01_transcript.pdf/Ingredion%20Incorporated_2017-08-01_transcript.pdf",
        "periodicity": "periodic"
    },
    {
        "equity_ticker": "INGR",
        "geography": "US",
        "content_name": "INGR Q1 2017 Transcript",
        "file_type": "pdf",
        "content_type": "earnings_transcript",
        "published_date": "2017-05-03",
        "fiscal_date": "2017-05-03",
        "fiscal_year": 2017,
        "fiscal_quarter": 1,
        "r2_url": "https://pub-2c783279b61043e19fbdadd1bee5153a.r2.dev/INGR/2017-05-03/Ingredion%20Incorporated_2017-05-03_transcript/Ingredion%20Incorporated_2017-05-03_transcript.pdf/Ingredion%20Incorporated_2017-05-03_transcript.pdf",
        "periodicity": "periodic"
    },
    {
        "equity_ticker": "INGR",
        "geography": "US",
        "content_name": "INGR Q4 2016 Transcript",
        "file_type": "pdf",
        "content_type": "earnings_transcript",
        "published_date": "2017-02-22",
        "fiscal_date": "2017-02-22",
        "fiscal_year": 2016,
        "fiscal_quarter": 4,
        "r2_url": "https://pub-2c783279b61043e19fbdadd1bee5153a.r2.dev/INGR/2017-02-22/Ingredion%20Incorporated_2017-02-22_transcript/Ingredion%20Incorporated_2017-02-22_transcript.pdf/Ingredion%20Incorporated_2017-02-22_transcript.pdf",
        "periodicity": "periodic"
    },
    {
        "equity_ticker": "INGR",
        "geography": "US",
        "content_name": "INGR Q4 2016 Press Release",
        "file_type": "pdf",
        "content_type": "annual_report",
        "published_date": "2017-02-22",
        "fiscal_date": "2017-02-22",
        "fiscal_year": 2016,
        "fiscal_quarter": 4,
        "r2_url": "https://pub-2c783279b61043e19fbdadd1bee5153a.r2.dev/INGR/2017-02-22/68207-2023-11-23-07-49-24/68207-2023-11-23-07-49-24.pdf/68207-2023-11-23-07-49-24.pdf",
        "periodicity": "periodic"
    },
    {
        "equity_ticker": "INGR",
        "geography": "US",
        "content_name": "INGR Q3 2016 Transcript",
        "file_type": "pdf",
        "content_type": "earnings_transcript",
        "published_date": "2016-11-02",
        "fiscal_date": "2016-11-02",
        "fiscal_year": 2016,
        "fiscal_quarter": 3,
        "r2_url": "https://pub-2c783279b61043e19fbdadd1bee5153a.r2.dev/INGR/2016-11-02/Ingredion%20Incorporated_2016-11-02_transcript/Ingredion%20Incorporated_2016-11-02_transcript.pdf/Ingredion%20Incorporated_2016-11-02_transcript.pdf",
        "periodicity": "periodic"
    },
    {
        "equity_ticker": "INGR",
        "geography": "US",
        "content_name": "INGR Q2 2016 Transcript",
        "file_type": "pdf",
        "content_type": "earnings_transcript",
        "published_date": "2016-07-31",
        "fiscal_date": "2016-07-31",
        "fiscal_year": 2016,
        "fiscal_quarter": 2,
        "r2_url": "https://pub-2c783279b61043e19fbdadd1bee5153a.r2.dev/INGR/2016-07-31/Ingredion%20Incorporated_2016-07-31_transcript/Ingredion%20Incorporated_2016-07-31_transcript.pdf/Ingredion%20Incorporated_2016-07-31_transcript.pdf",
        "periodicity": "periodic"
    },
    {
        "equity_ticker": "INGR",
        "geography": "US",
        "content_name": "INGR Q1 2016 Transcript",
        "file_type": "pdf",
        "content_type": "earnings_transcript",
        "published_date": "2016-05-01",
        "fiscal_date": "2016-05-01",
        "fiscal_year": 2016,
        "fiscal_quarter": 1,
        "r2_url": "https://pub-2c783279b61043e19fbdadd1bee5153a.r2.dev/INGR/2016-05-01/Ingredion%20Incorporated_2016-05-01_transcript/Ingredion%20Incorporated_2016-05-01_transcript.pdf/Ingredion%20Incorporated_2016-05-01_transcript.pdf",
        "periodicity": "periodic"
    },
    {
        "equity_ticker": "INGR",
        "geography": "US",
        "content_name": "INGR Q4 2015 Transcript",
        "file_type": "pdf",
        "content_type": "earnings_transcript",
        "published_date": "2016-02-19",
        "fiscal_date": "2016-02-19",
        "fiscal_year": 2015,
        "fiscal_quarter": 4,
        "r2_url": "https://pub-2c783279b61043e19fbdadd1bee5153a.r2.dev/INGR/2016-02-19/Ingredion%20Incorporated_2016-02-19_transcript/Ingredion%20Incorporated_2016-02-19_transcript.pdf/Ingredion%20Incorporated_2016-02-19_transcript.pdf",
        "periodicity": "periodic"
    },
    {
        "equity_ticker": "INGR",
        "geography": "US",
        "content_name": "INGR Q4 2015 Press Release",
        "file_type": "pdf",
        "content_type": "annual_report",
        "published_date": "2016-02-19",
        "fiscal_date": "2016-02-19",
        "fiscal_year": 2015,
        "fiscal_quarter": 4,
        "r2_url": "https://pub-2c783279b61043e19fbdadd1bee5153a.r2.dev/INGR/2016-02-19/2ff41-2023-11-23-07-52-24/2ff41-2023-11-23-07-52-24.pdf/2ff41-2023-11-23-07-52-24.pdf",
        "periodicity": "periodic"
    },
    {
        "equity_ticker": "INGR",
        "geography": "US",
        "content_name": "INGR Q3 2015 Transcript",
        "file_type": "pdf",
        "content_type": "earnings_transcript",
        "published_date": "2015-10-29",
        "fiscal_date": "2015-10-29",
        "fiscal_year": 2015,
        "fiscal_quarter": 3,
        "r2_url": "https://pub-2c783279b61043e19fbdadd1bee5153a.r2.dev/INGR/2015-10-29/Ingredion%20Incorporated_2015-10-29_transcript/Ingredion%20Incorporated_2015-10-29_transcript.pdf/Ingredion%20Incorporated_2015-10-29_transcript.pdf",
        "periodicity": "periodic"
    },
    {
        "equity_ticker": "INGR",
        "geography": "US",
        "content_name": "INGR Q2 2015 Transcript",
        "file_type": "pdf",
        "content_type": "earnings_transcript",
        "published_date": "2015-08-02",
        "fiscal_date": "2015-08-02",
        "fiscal_year": 2015,
        "fiscal_quarter": 2,
        "r2_url": "https://pub-2c783279b61043e19fbdadd1bee5153a.r2.dev/INGR/2015-08-02/Ingredion%20Incorporated_2015-08-02_transcript/Ingredion%20Incorporated_2015-08-02_transcript.pdf/Ingredion%20Incorporated_2015-08-02_transcript.pdf",
        "periodicity": "periodic"
    },
    {
        "equity_ticker": "INGR",
        "geography": "US",
        "content_name": "INGR Q1 2015 Transcript",
        "file_type": "pdf",
        "content_type": "earnings_transcript",
        "published_date": "2015-04-30",
        "fiscal_date": "2015-04-30",
        "fiscal_year": 2015,
        "fiscal_quarter": 1,
        "r2_url": "https://pub-2c783279b61043e19fbdadd1bee5153a.r2.dev/INGR/2015-04-30/Ingredion%20Incorporated_2015-04-30_transcript/Ingredion%20Incorporated_2015-04-30_transcript.pdf/Ingredion%20Incorporated_2015-04-30_transcript.pdf",
        "periodicity": "periodic"
    },
    {
        "equity_ticker": "INGR",
        "geography": "US",
        "content_name": "INGR Q4 2014 Transcript",
        "file_type": "pdf",
        "content_type": "earnings_transcript",
        "published_date": "2015-02-20",
        "fiscal_date": "2015-02-20",
        "fiscal_year": 2014,
        "fiscal_quarter": 4,
        "r2_url": "https://pub-2c783279b61043e19fbdadd1bee5153a.r2.dev/INGR/2015-02-20/Ingredion%20Incorporated_2015-02-20_transcript/Ingredion%20Incorporated_2015-02-20_transcript.pdf/Ingredion%20Incorporated_2015-02-20_transcript.pdf",
        "periodicity": "periodic"
    },
    {
        "equity_ticker": "INGR",
        "geography": "US",
        "content_name": "INGR Q4 2014 Press Release",
        "file_type": "pdf",
        "content_type": "annual_report",
        "published_date": "2015-02-20",
        "fiscal_date": "2015-02-20",
        "fiscal_year": 2014,
        "fiscal_quarter": 4,
        "r2_url": "https://pub-2c783279b61043e19fbdadd1bee5153a.r2.dev/INGR/2015-02-20/ce9dd-2023-12-01-12-40-24/ce9dd-2023-12-01-12-40-24.pdf/ce9dd-2023-12-01-12-40-24.pdf",
        "periodicity": "periodic"
    },
    {
        "equity_ticker": "INGR",
        "geography": "US",
        "content_name": "INGR Q3 2014 Transcript",
        "file_type": "pdf",
        "content_type": "earnings_transcript",
        "published_date": "2014-10-30",
        "fiscal_date": "2014-10-30",
        "fiscal_year": 2014,
        "fiscal_quarter": 3,
        "r2_url": "https://pub-2c783279b61043e19fbdadd1bee5153a.r2.dev/INGR/2014-10-30/Ingredion%20Incorporated_2014-10-30_transcript/Ingredion%20Incorporated_2014-10-30_transcript.pdf/Ingredion%20Incorporated_2014-10-30_transcript.pdf",
        "periodicity": "periodic"
    },
    {
        "equity_ticker": "INGR",
        "geography": "US",
        "content_name": "INGR Q2 2014 Transcript",
        "file_type": "pdf",
        "content_type": "earnings_transcript",
        "published_date": "2014-07-30",
        "fiscal_date": "2014-07-30",
        "fiscal_year": 2014,
        "fiscal_quarter": 2,
        "r2_url": "https://pub-2c783279b61043e19fbdadd1bee5153a.r2.dev/INGR/2014-07-30/Ingredion%20Incorporated_2014-07-30_transcript/Ingredion%20Incorporated_2014-07-30_transcript.pdf/Ingredion%20Incorporated_2014-07-30_transcript.pdf",
        "periodicity": "periodic"
    },
    {
        "equity_ticker": "INGR",
        "geography": "US",
        "content_name": "INGR Q1 2014 Transcript",
        "file_type": "pdf",
        "content_type": "earnings_transcript",
        "published_date": "2014-04-30",
        "fiscal_date": "2014-04-30",
        "fiscal_year": 2014,
        "fiscal_quarter": 1,
        "r2_url": "https://pub-2c783279b61043e19fbdadd1bee5153a.r2.dev/INGR/2014-04-30/Ingredion%20Incorporated_2014-04-30_transcript/Ingredion%20Incorporated_2014-04-30_transcript.pdf/Ingredion%20Incorporated_2014-04-30_transcript.pdf",
        "periodicity": "periodic"
    },
    {
        "equity_ticker": "INGR",
        "geography": "US",
        "content_name": "INGR Q4 2013 Transcript",
        "file_type": "pdf",
        "content_type": "earnings_transcript",
        "published_date": "2014-02-06",
        "fiscal_date": "2014-02-06",
        "fiscal_year": 2013,
        "fiscal_quarter": 4,
        "r2_url": "https://pub-2c783279b61043e19fbdadd1bee5153a.r2.dev/INGR/2014-02-06/Ingredion%20Incorporated_2014-02-06_transcript/Ingredion%20Incorporated_2014-02-06_transcript.pdf/Ingredion%20Incorporated_2014-02-06_transcript.pdf",
        "periodicity": "periodic"
    },
    {
        "equity_ticker": "INGR",
        "geography": "US",
        "content_name": "INGR Q3 2013 Transcript",
        "file_type": "pdf",
        "content_type": "earnings_transcript",
        "published_date": "2013-10-30",
        "fiscal_date": "2013-10-30",
        "fiscal_year": 2013,
        "fiscal_quarter": 3,
        "r2_url": "https://pub-2c783279b61043e19fbdadd1bee5153a.r2.dev/INGR/2013-10-30/Ingredion%20Incorporated_2013-10-30_transcript/Ingredion%20Incorporated_2013-10-30_transcript.pdf/Ingredion%20Incorporated_2013-10-30_transcript.pdf",
        "periodicity": "periodic"
    },
    {
        "equity_ticker": "INGR",
        "geography": "US",
        "content_name": "INGR Q2 2013 Transcript",
        "file_type": "pdf",
        "content_type": "earnings_transcript",
        "published_date": "2013-07-31",
        "fiscal_date": "2013-07-31",
        "fiscal_year": 2013,
        "fiscal_quarter": 2,
        "r2_url": "https://pub-2c783279b61043e19fbdadd1bee5153a.r2.dev/INGR/2013-07-31/Ingredion%20Incorporated_2013-07-31_transcript/Ingredion%20Incorporated_2013-07-31_transcript.pdf/Ingredion%20Incorporated_2013-07-31_transcript.pdf",
        "periodicity": "periodic"
    },
    {
        "equity_ticker": "INGR",
        "geography": "US",
        "content_name": "INGR Q1 2013 Transcript",
        "file_type": "pdf",
        "content_type": "earnings_transcript",
        "published_date": "2013-05-02",
        "fiscal_date": "2013-05-02",
        "fiscal_year": 2013,
        "fiscal_quarter": 1,
        "r2_url": "https://pub-2c783279b61043e19fbdadd1bee5153a.r2.dev/INGR/2013-05-02/Ingredion%20Incorporated_2013-05-02_transcript/Ingredion%20Incorporated_2013-05-02_transcript.pdf/Ingredion%20Incorporated_2013-05-02_transcript.pdf",
        "periodicity": "periodic"
    },
    {
        "equity_ticker": "INGR",
        "geography": "US",
        "content_name": "INGR Q4 2012 Transcript",
        "file_type": "pdf",
        "content_type": "earnings_transcript",
        "published_date": "2013-02-07",
        "fiscal_date": "2013-02-07",
        "fiscal_year": 2012,
        "fiscal_quarter": 4,
        "r2_url": "https://pub-2c783279b61043e19fbdadd1bee5153a.r2.dev/INGR/2013-02-07/Ingredion%20Incorporated_2013-02-07_transcript/Ingredion%20Incorporated_2013-02-07_transcript.pdf/Ingredion%20Incorporated_2013-02-07_transcript.pdf",
        "periodicity": "periodic"
    },
    {
        "equity_ticker": "INGR",
        "geography": "US",
        "content_name": "INGR Q3 2012 Transcript",
        "file_type": "pdf",
        "content_type": "earnings_transcript",
        "published_date": "2012-10-25",
        "fiscal_date": "2012-10-25",
        "fiscal_year": 2012,
        "fiscal_quarter": 3,
        "r2_url": "https://pub-2c783279b61043e19fbdadd1bee5153a.r2.dev/INGR/2012-10-25/Ingredion%20Incorporated_2012-10-25_transcript/Ingredion%20Incorporated_2012-10-25_transcript.pdf/Ingredion%20Incorporated_2012-10-25_transcript.pdf",
        "periodicity": "periodic"
    },
    {
        "equity_ticker": "INGR",
        "geography": "US",
        "content_name": "INGR Q2 2012 Transcript",
        "file_type": "pdf",
        "content_type": "earnings_transcript",
        "published_date": "2012-07-31",
        "fiscal_date": "2012-07-31",
        "fiscal_year": 2012,
        "fiscal_quarter": 2,
        "r2_url": "https://pub-2c783279b61043e19fbdadd1bee5153a.r2.dev/INGR/2012-07-31/Ingredion%20Incorporated_2012-07-31_transcript/Ingredion%20Incorporated_2012-07-31_transcript.pdf/Ingredion%20Incorporated_2012-07-31_transcript.pdf",
        "periodicity": "periodic"
    },
    {
        "equity_ticker": "INGR",
        "geography": "US",
        "content_name": "INGR Q1 2012 Transcript",
        "file_type": "pdf",
        "content_type": "earnings_transcript",
        "published_date": "2012-05-01",
        "fiscal_date": "2012-05-01",
        "fiscal_year": 2012,
        "fiscal_quarter": 1,
        "r2_url": "https://pub-2c783279b61043e19fbdadd1bee5153a.r2.dev/INGR/2012-05-01/Ingredion%20Incorporated_2012-05-01_transcript/Ingredion%20Incorporated_2012-05-01_transcript.pdf/Ingredion%20Incorporated_2012-05-01_transcript.pdf",
        "periodicity": "periodic"
    },
    {
        "equity_ticker": "INGR",
        "geography": "US",
        "content_name": "INGR Q4 2011 Transcript",
        "file_type": "pdf",
        "content_type": "earnings_transcript",
        "published_date": "2012-02-09",
        "fiscal_date": "2012-02-09",
        "fiscal_year": 2011,
        "fiscal_quarter": 4,
        "r2_url": "https://pub-2c783279b61043e19fbdadd1bee5153a.r2.dev/INGR/2012-02-09/Ingredion%20Incorporated_2012-02-09_transcript/Ingredion%20Incorporated_2012-02-09_transcript.pdf/Ingredion%20Incorporated_2012-02-09_transcript.pdf",
        "periodicity": "periodic"
    },
    {
        "equity_ticker": "INGR",
        "geography": "US",
        "content_name": "INGR Q3 2011 Transcript",
        "file_type": "pdf",
        "content_type": "earnings_transcript",
        "published_date": "2011-10-28",
        "fiscal_date": "2011-10-28",
        "fiscal_year": 2011,
        "fiscal_quarter": 3,
        "r2_url": "https://pub-2c783279b61043e19fbdadd1bee5153a.r2.dev/INGR/2011-10-28/Ingredion%20Incorporated_2011-10-28_transcript/Ingredion%20Incorporated_2011-10-28_transcript.pdf/Ingredion%20Incorporated_2011-10-28_transcript.pdf",
        "periodicity": "periodic"
    },
    {
        "equity_ticker": "INGR",
        "geography": "US",
        "content_name": "INGR Q2 2011 Transcript",
        "file_type": "pdf",
        "content_type": "earnings_transcript",
        "published_date": "2011-07-28",
        "fiscal_date": "2011-07-28",
        "fiscal_year": 2011,
        "fiscal_quarter": 2,
        "r2_url": "https://pub-2c783279b61043e19fbdadd1bee5153a.r2.dev/INGR/2011-07-28/Ingredion%20Incorporated_2011-07-28_transcript/Ingredion%20Incorporated_2011-07-28_transcript.pdf/Ingredion%20Incorporated_2011-07-28_transcript.pdf",
        "periodicity": "periodic"
    },
    {
        "equity_ticker": "INGR",
        "geography": "US",
        "content_name": "INGR Q4 2009 Transcript",
        "file_type": "pdf",
        "content_type": "earnings_transcript",
        "published_date": "2010-02-02",
        "fiscal_date": "2010-02-02",
        "fiscal_year": 2009,
        "fiscal_quarter": 4,
        "r2_url": "https://pub-2c783279b61043e19fbdadd1bee5153a.r2.dev/INGR/2010-02-02/Ingredion%20Incorporated_2010-02-02_transcript/Ingredion%20Incorporated_2010-02-02_transcript.pdf/Ingredion%20Incorporated_2010-02-02_transcript.pdf",
        "periodicity": "periodic"
    },
    {
        "equity_ticker": "INGR",
        "geography": "US",
        "content_name": "INGR Q3 2009 Transcript",
        "file_type": "pdf",
        "content_type": "earnings_transcript",
        "published_date": "2009-10-27",
        "fiscal_date": "2009-10-27",
        "fiscal_year": 2009,
        "fiscal_quarter": 3,
        "r2_url": "https://pub-2c783279b61043e19fbdadd1bee5153a.r2.dev/INGR/2009-10-27/Ingredion%20Incorporated_2009-10-27_transcript/Ingredion%20Incorporated_2009-10-27_transcript.pdf/Ingredion%20Incorporated_2009-10-27_transcript.pdf",
        "periodicity": "periodic"
    },
    {
        "equity_ticker": "INGR",
        "geography": "US",
        "content_name": "INGR Q4 2008 Transcript",
        "file_type": "pdf",
        "content_type": "earnings_transcript",
        "published_date": "2009-02-02",
        "fiscal_date": "2009-02-02",
        "fiscal_year": 2008,
        "fiscal_quarter": 4,
        "r2_url": "https://pub-2c783279b61043e19fbdadd1bee5153a.r2.dev/INGR/2009-02-02/Ingredion%20Incorporated_2009-02-02_transcript/Ingredion%20Incorporated_2009-02-02_transcript.pdf/Ingredion%20Incorporated_2009-02-02_transcript.pdf",
        "periodicity": "periodic"
    },
    {
        "equity_ticker": "INGR",
        "geography": "US",
        "content_name": "INGR Q3 2008 Transcript",
        "file_type": "pdf",
        "content_type": "earnings_transcript",
        "published_date": "2008-10-26",
        "fiscal_date": "2008-10-26",
        "fiscal_year": 2008,
        "fiscal_quarter": 3,
        "r2_url": "https://pub-2c783279b61043e19fbdadd1bee5153a.r2.dev/INGR/2008-10-26/Ingredion%20Incorporated_2008-10-26_transcript/Ingredion%20Incorporated_2008-10-26_transcript.pdf/Ingredion%20Incorporated_2008-10-26_transcript.pdf",
        "periodicity": "periodic"
    },
    {
        "equity_ticker": "INGR",
        "geography": "US",
        "content_name": "INGR Q2 2008 Transcript",
        "file_type": "pdf",
        "content_type": "earnings_transcript",
        "published_date": "2008-07-22",
        "fiscal_date": "2008-07-22",
        "fiscal_year": 2008,
        "fiscal_quarter": 2,
        "r2_url": "https://pub-2c783279b61043e19fbdadd1bee5153a.r2.dev/INGR/2008-07-22/Ingredion%20Incorporated_2008-07-22_transcript/Ingredion%20Incorporated_2008-07-22_transcript.pdf/Ingredion%20Incorporated_2008-07-22_transcript.pdf",
        "periodicity": "periodic"
    },
    {
        "equity_ticker": "INGR",
        "geography": "US",
        "content_name": "INGR Q1 2008 Transcript",
        "file_type": "pdf",
        "content_type": "earnings_transcript",
        "published_date": "2008-04-22",
        "fiscal_date": "2008-04-22",
        "fiscal_year": 2008,
        "fiscal_quarter": 1,
        "r2_url": "https://pub-2c783279b61043e19fbdadd1bee5153a.r2.dev/INGR/2008-04-22/Ingredion%20Incorporated_2008-04-22_transcript/Ingredion%20Incorporated_2008-04-22_transcript.pdf/Ingredion%20Incorporated_2008-04-22_transcript.pdf",
        "periodicity": "periodic"
    },
    {
        "equity_ticker": "INGR",
        "geography": "US",
        "content_name": "INGR Q4 2007 Transcript",
        "file_type": "pdf",
        "content_type": "earnings_transcript",
        "published_date": "2008-02-06",
        "fiscal_date": "2008-02-06",
        "fiscal_year": 2007,
        "fiscal_quarter": 4,
        "r2_url": "https://pub-2c783279b61043e19fbdadd1bee5153a.r2.dev/INGR/2008-02-06/Ingredion%20Incorporated_2008-02-06_transcript/Ingredion%20Incorporated_2008-02-06_transcript.pdf/Ingredion%20Incorporated_2008-02-06_transcript.pdf",
        "periodicity": "periodic"
    },
    {
        "equity_ticker": "INGR",
        "geography": "US",
        "content_name": "INGR Q3 2007 Transcript",
        "file_type": "pdf",
        "content_type": "earnings_transcript",
        "published_date": "2007-10-30",
        "fiscal_date": "2007-10-30",
        "fiscal_year": 2007,
        "fiscal_quarter": 3,
        "r2_url": "https://pub-2c783279b61043e19fbdadd1bee5153a.r2.dev/INGR/2007-10-30/Ingredion%20Incorporated_2007-10-30_transcript/Ingredion%20Incorporated_2007-10-30_transcript.pdf/Ingredion%20Incorporated_2007-10-30_transcript.pdf",
        "periodicity": "periodic"
    },
    {
        "equity_ticker": "INGR",
        "geography": "US",
        "content_name": "INGR Q2 2007 Transcript",
        "file_type": "pdf",
        "content_type": "earnings_transcript",
        "published_date": "2007-07-24",
        "fiscal_date": "2007-07-24",
        "fiscal_year": 2007,
        "fiscal_quarter": 2,
        "r2_url": "https://pub-2c783279b61043e19fbdadd1bee5153a.r2.dev/INGR/2007-07-24/Ingredion%20Incorporated_2007-07-24_transcript/Ingredion%20Incorporated_2007-07-24_transcript.pdf/Ingredion%20Incorporated_2007-07-24_transcript.pdf",
        "periodicity": "periodic"
    }
]