[
    {
        "equity_ticker": "KHC",
        "geography": "US",
        "content_name": "Consumer Analyst Group of New York Conference (CAGNY) 2025 - February 18, 2025",
        "file_type": "pdf",
        "content_type": "industry_conference_transcript",
        "published_date": "2025-02-18",
        "fiscal_date": "2025-02-18",
        "fiscal_year": "0000",
        "fiscal_quarter": "0",
        "r2_url": "https://pub-2c783279b61043e19fbdadd1bee5153a.r2.dev/KHC/2025-02-18/The%20Kraft%20Heinz%20Company_2025-02-18_transcript/The%20Kraft%20Heinz%20Company_2025-02-18_transcript.pdf/The%20Kraft%20Heinz%20Company_2025-02-18_transcript.pdf",
        "periodicity": "non_periodic"
    },
    {
        "equity_ticker": "KHC",
        "geography": "US",
        "content_name": "Consumer Analyst Group of New York Conference (CAGNY) 2025 - February 18, 2025",
        "file_type": "pdf",
        "content_type": "industry_conference_presentation",
        "published_date": "2025-02-18",
        "fiscal_date": "2025-02-18",
        "fiscal_year": "0000",
        "fiscal_quarter": "0",
        "r2_url": "https://pub-2c783279b61043e19fbdadd1bee5153a.r2.dev/KHC/2025-02-18/4baab-2025-02-18-03-48-15/4baab-2025-02-18-03-48-15.pdf/4baab-2025-02-18-03-48-15.pdf",
        "periodicity": "non_periodic"
    },
    {
        "equity_ticker": "KHC",
        "geography": "US",
        "content_name": "KHC Q4 2024 Transcript",
        "file_type": "pdf",
        "content_type": "earnings_transcript",
        "published_date": "2025-02-12",
        "fiscal_date": "2025-02-12",
        "fiscal_year": 2024,
        "fiscal_quarter": 4,
        "r2_url": "https://pub-2c783279b61043e19fbdadd1bee5153a.r2.dev/KHC/2025-02-12/The%20Kraft%20Heinz%20Company_2025-02-12_transcript/The%20Kraft%20Heinz%20Company_2025-02-12_transcript.pdf/The%20Kraft%20Heinz%20Company_2025-02-12_transcript.pdf",
        "periodicity": "periodic"
    },
    {
        "equity_ticker": "KHC",
        "geography": "US",
        "content_name": "KHC Q4 2024 Press Release",
        "file_type": "pdf",
        "content_type": "earnings_press_release",
        "published_date": "2025-02-12",
        "fiscal_date": "2025-02-12",
        "fiscal_year": 2024,
        "fiscal_quarter": 4,
        "r2_url": "https://pub-2c783279b61043e19fbdadd1bee5153a.r2.dev/KHC/2025-02-12/2b96f-2025-02-12-12-19-07/2b96f-2025-02-12-12-19-07.pdf/2b96f-2025-02-12-12-19-07.pdf",
        "periodicity": "periodic"
    },
    {
        "equity_ticker": "KHC",
        "geography": "US",
        "content_name": "KHC Q4 2024 Presentation",
        "file_type": "pdf",
        "content_type": "earnings_presentation",
        "published_date": "2025-02-12",
        "fiscal_date": "2025-02-12",
        "fiscal_year": 2024,
        "fiscal_quarter": 4,
        "r2_url": "https://pub-2c783279b61043e19fbdadd1bee5153a.r2.dev/KHC/2025-02-12/2346b-2025-02-12-12-19-07/2346b-2025-02-12-12-19-07.pdf/2346b-2025-02-12-12-19-07.pdf",
        "periodicity": "periodic"
    },
    {
        "equity_ticker": "KHC",
        "geography": "US",
        "content_name": "KHC Q3 2024 Transcript",
        "file_type": "pdf",
        "content_type": "earnings_transcript",
        "published_date": "2024-10-30",
        "fiscal_date": "2024-10-30",
        "fiscal_year": 2024,
        "fiscal_quarter": 3,
        "r2_url": "https://pub-2c783279b61043e19fbdadd1bee5153a.r2.dev/KHC/2024-10-30/The%20Kraft%20Heinz%20Company_2024-10-30_transcript/The%20Kraft%20Heinz%20Company_2024-10-30_transcript.pdf/The%20Kraft%20Heinz%20Company_2024-10-30_transcript.pdf",
        "periodicity": "periodic"
    },
    {
        "equity_ticker": "KHC",
        "geography": "US",
        "content_name": "KHC Q3 2024 Press Release",
        "file_type": "pdf",
        "content_type": "earnings_press_release",
        "published_date": "2024-10-30",
        "fiscal_date": "2024-10-30",
        "fiscal_year": 2024,
        "fiscal_quarter": 3,
        "r2_url": "https://pub-2c783279b61043e19fbdadd1bee5153a.r2.dev/KHC/2024-10-30/e42ac-2024-10-30-11-20-08/e42ac-2024-10-30-11-20-08.pdf/e42ac-2024-10-30-11-20-08.pdf",
        "periodicity": "periodic"
    },
    {
        "equity_ticker": "KHC",
        "geography": "US",
        "content_name": "Barclays 17th Annual Global Consumer Staples Conference - September 5, 2024",
        "file_type": "pdf",
        "content_type": "sellside_conference_transcript",
        "published_date": "2024-09-05",
        "fiscal_date": "2024-09-05",
        "fiscal_year": "0000",
        "fiscal_quarter": "0",
        "r2_url": "https://pub-2c783279b61043e19fbdadd1bee5153a.r2.dev/KHC/2024-09-05/The%20Kraft%20Heinz%20Company_2024-09-05_transcript/The%20Kraft%20Heinz%20Company_2024-09-05_transcript.pdf/The%20Kraft%20Heinz%20Company_2024-09-05_transcript.pdf",
        "periodicity": "non_periodic"
    },
    {
        "equity_ticker": "KHC",
        "geography": "US",
        "content_name": "KHC Q2 2024 Transcript",
        "file_type": "pdf",
        "content_type": "earnings_transcript",
        "published_date": "2024-07-31",
        "fiscal_date": "2024-07-31",
        "fiscal_year": 2024,
        "fiscal_quarter": 2,
        "r2_url": "https://pub-2c783279b61043e19fbdadd1bee5153a.r2.dev/KHC/2024-07-31/The%20Kraft%20Heinz%20Company_2024-07-31_transcript/The%20Kraft%20Heinz%20Company_2024-07-31_transcript.pdf/The%20Kraft%20Heinz%20Company_2024-07-31_transcript.pdf",
        "periodicity": "periodic"
    },
    {
        "equity_ticker": "KHC",
        "geography": "US",
        "content_name": "KHC Q2 2024 Press Release",
        "file_type": "pdf",
        "content_type": "earnings_press_release",
        "published_date": "2024-07-31",
        "fiscal_date": "2024-07-31",
        "fiscal_year": 2024,
        "fiscal_quarter": 2,
        "r2_url": "https://pub-2c783279b61043e19fbdadd1bee5153a.r2.dev/KHC/2024-07-31/f2e0f-2024-07-31-11-40-02/f2e0f-2024-07-31-11-40-02.pdf/f2e0f-2024-07-31-11-40-02.pdf",
        "periodicity": "periodic"
    },
    {
        "equity_ticker": "KHC",
        "geography": "US",
        "content_name": "KHC Q2 2024 Presentation",
        "file_type": "pdf",
        "content_type": "earnings_presentation",
        "published_date": "2024-07-31",
        "fiscal_date": "2024-07-31",
        "fiscal_year": 2024,
        "fiscal_quarter": 2,
        "r2_url": "https://pub-2c783279b61043e19fbdadd1bee5153a.r2.dev/KHC/2024-07-31/ea0e3-2024-07-31-11-48-09/ea0e3-2024-07-31-11-48-09.pdf/ea0e3-2024-07-31-11-48-09.pdf",
        "periodicity": "periodic"
    },
    {
        "equity_ticker": "KHC",
        "geography": "US",
        "content_name": "Deutsche Bank dbAccess 2024 Global Consumer Conference - June 4, 2024",
        "file_type": "pdf",
        "content_type": "sellside_conference_transcript",
        "published_date": "2024-06-04",
        "fiscal_date": "2024-06-04",
        "fiscal_year": "0000",
        "fiscal_quarter": "0",
        "r2_url": "https://pub-2c783279b61043e19fbdadd1bee5153a.r2.dev/KHC/2024-06-04/The%20Kraft%20Heinz%20Company_2024-06-04_transcript/The%20Kraft%20Heinz%20Company_2024-06-04_transcript.pdf/The%20Kraft%20Heinz%20Company_2024-06-04_transcript.pdf",
        "periodicity": "non_periodic"
    },
    {
        "equity_ticker": "KHC",
        "geography": "US",
        "content_name": "Bernstein\u2019s 40th Annual Strategic Decisions Conference - May 30, 2024",
        "file_type": "pdf",
        "content_type": "company_conference_transcript",
        "published_date": "2024-05-30",
        "fiscal_date": "2024-05-30",
        "fiscal_year": "0000",
        "fiscal_quarter": "0",
        "r2_url": "https://pub-2c783279b61043e19fbdadd1bee5153a.r2.dev/KHC/2024-05-30/The%20Kraft%20Heinz%20Company_2024-05-30_transcript/The%20Kraft%20Heinz%20Company_2024-05-30_transcript.pdf/The%20Kraft%20Heinz%20Company_2024-05-30_transcript.pdf",
        "periodicity": "non_periodic"
    },
    {
        "equity_ticker": "KHC",
        "geography": "US",
        "content_name": "KHC Q1 2024 Transcript",
        "file_type": "pdf",
        "content_type": "earnings_transcript",
        "published_date": "2024-05-01",
        "fiscal_date": "2024-05-01",
        "fiscal_year": 2024,
        "fiscal_quarter": 1,
        "r2_url": "https://pub-2c783279b61043e19fbdadd1bee5153a.r2.dev/KHC/2024-05-01/The%20Kraft%20Heinz%20Company_2024-05-01_transcript/The%20Kraft%20Heinz%20Company_2024-05-01_transcript.pdf/The%20Kraft%20Heinz%20Company_2024-05-01_transcript.pdf",
        "periodicity": "periodic"
    },
    {
        "equity_ticker": "KHC",
        "geography": "US",
        "content_name": "KHC Q1 2024 Press Release",
        "file_type": "pdf",
        "content_type": "earnings_press_release",
        "published_date": "2024-05-01",
        "fiscal_date": "2024-05-01",
        "fiscal_year": 2024,
        "fiscal_quarter": 1,
        "r2_url": "https://pub-2c783279b61043e19fbdadd1bee5153a.r2.dev/KHC/2024-05-01/18a3b-2024-05-01-11-19-07/18a3b-2024-05-01-11-19-07.pdf/18a3b-2024-05-01-11-19-07.pdf",
        "periodicity": "periodic"
    },
    {
        "equity_ticker": "KHC",
        "geography": "US",
        "content_name": "CAGNY 2024 Conference - February 21, 2024",
        "file_type": "pdf",
        "content_type": "industry_conference_transcript",
        "published_date": "2024-02-21",
        "fiscal_date": "2024-02-21",
        "fiscal_year": "0000",
        "fiscal_quarter": "0",
        "r2_url": "https://pub-2c783279b61043e19fbdadd1bee5153a.r2.dev/KHC/2024-02-21/The%20Kraft%20Heinz%20Company_2024-02-21_transcript/The%20Kraft%20Heinz%20Company_2024-02-21_transcript.pdf/The%20Kraft%20Heinz%20Company_2024-02-21_transcript.pdf",
        "periodicity": "non_periodic"
    },
    {
        "equity_ticker": "KHC",
        "geography": "US",
        "content_name": "CAGNY 2024 Conference - February 21, 2024",
        "file_type": "pdf",
        "content_type": "industry_conference_press_release",
        "published_date": "2024-02-21",
        "fiscal_date": "2024-02-21",
        "fiscal_year": "0000",
        "fiscal_quarter": "0",
        "r2_url": "https://pub-2c783279b61043e19fbdadd1bee5153a.r2.dev/KHC/2024-02-21/55d5a-2025-03-21-08-11-57/55d5a-2025-03-21-08-11-57.pdf/55d5a-2025-03-21-08-11-57.pdf",
        "periodicity": "non_periodic"
    },
    {
        "equity_ticker": "KHC",
        "geography": "US",
        "content_name": "KHC Q4 2023 Transcript",
        "file_type": "pdf",
        "content_type": "earnings_transcript",
        "published_date": "2024-02-14",
        "fiscal_date": "2024-02-14",
        "fiscal_year": 2023,
        "fiscal_quarter": 4,
        "r2_url": "https://pub-2c783279b61043e19fbdadd1bee5153a.r2.dev/KHC/2024-02-14/The%20Kraft%20Heinz%20Company_2024-02-14_transcript/The%20Kraft%20Heinz%20Company_2024-02-14_transcript.pdf/The%20Kraft%20Heinz%20Company_2024-02-14_transcript.pdf",
        "periodicity": "periodic"
    },
    {
        "equity_ticker": "KHC",
        "geography": "US",
        "content_name": "KHC Q4 2023 Press Release",
        "file_type": "pdf",
        "content_type": "earnings_press_release",
        "published_date": "2024-02-14",
        "fiscal_date": "2024-02-14",
        "fiscal_year": 2023,
        "fiscal_quarter": 4,
        "r2_url": "https://pub-2c783279b61043e19fbdadd1bee5153a.r2.dev/KHC/2024-02-14/bedab-2024-02-14-12-14-03/bedab-2024-02-14-12-14-03.pdf/bedab-2024-02-14-12-14-03.pdf",
        "periodicity": "periodic"
    },
    {
        "equity_ticker": "KHC",
        "geography": "US",
        "content_name": "KHC Q3 2023 Transcript",
        "file_type": "pdf",
        "content_type": "earnings_transcript",
        "published_date": "2023-11-01",
        "fiscal_date": "2023-11-01",
        "fiscal_year": 2023,
        "fiscal_quarter": 3,
        "r2_url": "https://pub-2c783279b61043e19fbdadd1bee5153a.r2.dev/KHC/2023-11-01/The%20Kraft%20Heinz%20Company_2023-11-01_transcript/The%20Kraft%20Heinz%20Company_2023-11-01_transcript.pdf/The%20Kraft%20Heinz%20Company_2023-11-01_transcript.pdf",
        "periodicity": "periodic"
    },
    {
        "equity_ticker": "KHC",
        "geography": "US",
        "content_name": "KHC Q3 2023 Press Release",
        "file_type": "pdf",
        "content_type": "earnings_press_release",
        "published_date": "2023-11-01",
        "fiscal_date": "2023-11-01",
        "fiscal_year": 2023,
        "fiscal_quarter": 3,
        "r2_url": "https://pub-2c783279b61043e19fbdadd1bee5153a.r2.dev/KHC/2023-11-01/381a2-2023-11-01-11-29-13/381a2-2023-11-01-11-29-13.pdf/381a2-2023-11-01-11-29-13.pdf",
        "periodicity": "periodic"
    },
    {
        "equity_ticker": "KHC",
        "geography": "US",
        "content_name": "2023 Barclays Global Consumer Staples Conference - September 6, 2023",
        "file_type": "pdf",
        "content_type": "sellside_conference_transcript",
        "published_date": "2023-09-06",
        "fiscal_date": "2023-09-06",
        "fiscal_year": "0000",
        "fiscal_quarter": "0",
        "r2_url": "https://pub-2c783279b61043e19fbdadd1bee5153a.r2.dev/KHC/2023-09-06/The%20Kraft%20Heinz%20Company_2023-09-06_transcript/The%20Kraft%20Heinz%20Company_2023-09-06_transcript.pdf/The%20Kraft%20Heinz%20Company_2023-09-06_transcript.pdf",
        "periodicity": "non_periodic"
    },
    {
        "equity_ticker": "KHC",
        "geography": "US",
        "content_name": "KHC Q2 2023 Transcript",
        "file_type": "pdf",
        "content_type": "earnings_transcript",
        "published_date": "2023-08-02",
        "fiscal_date": "2023-08-02",
        "fiscal_year": 2023,
        "fiscal_quarter": 2,
        "r2_url": "https://pub-2c783279b61043e19fbdadd1bee5153a.r2.dev/KHC/2023-08-02/The%20Kraft%20Heinz%20Company_2023-08-02_transcript/The%20Kraft%20Heinz%20Company_2023-08-02_transcript.pdf/The%20Kraft%20Heinz%20Company_2023-08-02_transcript.pdf",
        "periodicity": "periodic"
    },
    {
        "equity_ticker": "KHC",
        "geography": "US",
        "content_name": "KHC Q2 2023 Press Release",
        "file_type": "pdf",
        "content_type": "earnings_press_release",
        "published_date": "2023-08-02",
        "fiscal_date": "2023-08-02",
        "fiscal_year": 2023,
        "fiscal_quarter": 2,
        "r2_url": "https://pub-2c783279b61043e19fbdadd1bee5153a.r2.dev/KHC/2023-08-02/c2f2b-2023-08-02-11-23-05/c2f2b-2023-08-02-11-23-05.pdf/c2f2b-2023-08-02-11-23-05.pdf",
        "periodicity": "periodic"
    },
    {
        "equity_ticker": "KHC",
        "geography": "US",
        "content_name": "KHC Q1 2023 Transcript",
        "file_type": "pdf",
        "content_type": "earnings_transcript",
        "published_date": "2023-05-03",
        "fiscal_date": "2023-05-03",
        "fiscal_year": 2023,
        "fiscal_quarter": 1,
        "r2_url": "https://pub-2c783279b61043e19fbdadd1bee5153a.r2.dev/KHC/2023-05-03/The%20Kraft%20Heinz%20Company_2023-05-03_transcript/The%20Kraft%20Heinz%20Company_2023-05-03_transcript.pdf/The%20Kraft%20Heinz%20Company_2023-05-03_transcript.pdf",
        "periodicity": "periodic"
    },
    {
        "equity_ticker": "KHC",
        "geography": "US",
        "content_name": "KHC Q1 2023 Press Release",
        "file_type": "pdf",
        "content_type": "earnings_press_release",
        "published_date": "2023-05-03",
        "fiscal_date": "2023-05-03",
        "fiscal_year": 2023,
        "fiscal_quarter": 1,
        "r2_url": "https://pub-2c783279b61043e19fbdadd1bee5153a.r2.dev/KHC/2023-05-03/c01ec-2023-06-16-08-08-35/c01ec-2023-06-16-08-08-35.pdf/c01ec-2023-06-16-08-08-35.pdf",
        "periodicity": "periodic"
    },
    {
        "equity_ticker": "KHC",
        "geography": "US",
        "content_name": "KHC Q4 2022 Transcript",
        "file_type": "pdf",
        "content_type": "earnings_transcript",
        "published_date": "2023-02-15",
        "fiscal_date": "2023-02-15",
        "fiscal_year": 2022,
        "fiscal_quarter": 4,
        "r2_url": "https://pub-2c783279b61043e19fbdadd1bee5153a.r2.dev/KHC/2023-02-15/The%20Kraft%20Heinz%20Company_2023-02-15_transcript/The%20Kraft%20Heinz%20Company_2023-02-15_transcript.pdf/The%20Kraft%20Heinz%20Company_2023-02-15_transcript.pdf",
        "periodicity": "periodic"
    },
    {
        "equity_ticker": "KHC",
        "geography": "US",
        "content_name": "KHC Q4 2022 Press Release",
        "file_type": "pdf",
        "content_type": "earnings_press_release",
        "published_date": "2023-02-15",
        "fiscal_date": "2023-02-15",
        "fiscal_year": 2022,
        "fiscal_quarter": 4,
        "r2_url": "https://pub-2c783279b61043e19fbdadd1bee5153a.r2.dev/KHC/2023-02-15/18a01-2023-02-15-12-45-06/18a01-2023-02-15-12-45-06.pdf/18a01-2023-02-15-12-45-06.pdf",
        "periodicity": "periodic"
    },
    {
        "equity_ticker": "KHC",
        "geography": "US",
        "content_name": "KHC Q4 2022 Presentation",
        "file_type": "pdf",
        "content_type": "earnings_presentation",
        "published_date": "2023-02-15",
        "fiscal_date": "2023-02-15",
        "fiscal_year": 2022,
        "fiscal_quarter": 4,
        "r2_url": "https://pub-2c783279b61043e19fbdadd1bee5153a.r2.dev/KHC/2023-02-15/81183-2023-02-15-12-46-06/81183-2023-02-15-12-46-06.pdf/81183-2023-02-15-12-46-06.pdf",
        "periodicity": "periodic"
    },
    {
        "equity_ticker": "KHC",
        "geography": "US",
        "content_name": "KHC Q3 2022 Transcript",
        "file_type": "pdf",
        "content_type": "earnings_transcript",
        "published_date": "2022-10-26",
        "fiscal_date": "2022-10-26",
        "fiscal_year": 2022,
        "fiscal_quarter": 3,
        "r2_url": "https://pub-2c783279b61043e19fbdadd1bee5153a.r2.dev/KHC/2022-10-26/The%20Kraft%20Heinz%20Company_2022-10-26_transcript/The%20Kraft%20Heinz%20Company_2022-10-26_transcript.pdf/The%20Kraft%20Heinz%20Company_2022-10-26_transcript.pdf",
        "periodicity": "periodic"
    },
    {
        "equity_ticker": "KHC",
        "geography": "US",
        "content_name": "KHC Q3 2022 Press Release",
        "file_type": "pdf",
        "content_type": "earnings_press_release",
        "published_date": "2022-10-26",
        "fiscal_date": "2022-10-26",
        "fiscal_year": 2022,
        "fiscal_quarter": 3,
        "r2_url": "https://pub-2c783279b61043e19fbdadd1bee5153a.r2.dev/KHC/2022-10-26/42e2f-2022-10-26-11-07-36/42e2f-2022-10-26-11-07-36.pdf/42e2f-2022-10-26-11-07-36.pdf",
        "periodicity": "periodic"
    },
    {
        "equity_ticker": "KHC",
        "geography": "US",
        "content_name": "KHC Q2 2022 Transcript",
        "file_type": "pdf",
        "content_type": "earnings_transcript",
        "published_date": "2022-07-27",
        "fiscal_date": "2022-07-27",
        "fiscal_year": 2022,
        "fiscal_quarter": 2,
        "r2_url": "https://pub-2c783279b61043e19fbdadd1bee5153a.r2.dev/KHC/2022-07-27/The%20Kraft%20Heinz%20Company_2022-07-27_transcript/The%20Kraft%20Heinz%20Company_2022-07-27_transcript.pdf/The%20Kraft%20Heinz%20Company_2022-07-27_transcript.pdf",
        "periodicity": "periodic"
    },
    {
        "equity_ticker": "KHC",
        "geography": "US",
        "content_name": "KHC Q2 2022 Press Release",
        "file_type": "pdf",
        "content_type": "earnings_press_release",
        "published_date": "2022-07-27",
        "fiscal_date": "2022-07-27",
        "fiscal_year": 2022,
        "fiscal_quarter": 2,
        "r2_url": "https://pub-2c783279b61043e19fbdadd1bee5153a.r2.dev/KHC/2022-07-27/9ec5a-2022-07-27-11-53-37/9ec5a-2022-07-27-11-53-37.pdf/9ec5a-2022-07-27-11-53-37.pdf",
        "periodicity": "periodic"
    },
    {
        "equity_ticker": "KHC",
        "geography": "US",
        "content_name": "KHC Q1 2022 Transcript",
        "file_type": "pdf",
        "content_type": "earnings_transcript",
        "published_date": "2022-04-27",
        "fiscal_date": "2022-04-27",
        "fiscal_year": 2022,
        "fiscal_quarter": 1,
        "r2_url": "https://pub-2c783279b61043e19fbdadd1bee5153a.r2.dev/KHC/2022-04-27/The%20Kraft%20Heinz%20Company_2022-04-27_transcript/The%20Kraft%20Heinz%20Company_2022-04-27_transcript.pdf/The%20Kraft%20Heinz%20Company_2022-04-27_transcript.pdf",
        "periodicity": "periodic"
    },
    {
        "equity_ticker": "KHC",
        "geography": "US",
        "content_name": "KHC Q1 2022 Press Release",
        "file_type": "pdf",
        "content_type": "earnings_press_release",
        "published_date": "2022-04-27",
        "fiscal_date": "2022-04-27",
        "fiscal_year": 2022,
        "fiscal_quarter": 1,
        "r2_url": "https://pub-2c783279b61043e19fbdadd1bee5153a.r2.dev/KHC/2022-04-27/d39f2-2023-01-25-01-25-17/d39f2-2023-01-25-01-25-17.pdf/d39f2-2023-01-25-01-25-17.pdf",
        "periodicity": "periodic"
    },
    {
        "equity_ticker": "KHC",
        "geography": "US",
        "content_name": "KHC Q4 2021 Transcript",
        "file_type": "pdf",
        "content_type": "earnings_transcript",
        "published_date": "2022-02-16",
        "fiscal_date": "2022-02-16",
        "fiscal_year": 2021,
        "fiscal_quarter": 4,
        "r2_url": "https://pub-2c783279b61043e19fbdadd1bee5153a.r2.dev/KHC/2022-02-16/The%20Kraft%20Heinz%20Company_2022-02-16_transcript/The%20Kraft%20Heinz%20Company_2022-02-16_transcript.pdf/The%20Kraft%20Heinz%20Company_2022-02-16_transcript.pdf",
        "periodicity": "periodic"
    },
    {
        "equity_ticker": "KHC",
        "geography": "US",
        "content_name": "KHC Q4 2021 Press Release",
        "file_type": "pdf",
        "content_type": "earnings_press_release",
        "published_date": "2022-02-16",
        "fiscal_date": "2022-02-16",
        "fiscal_year": 2021,
        "fiscal_quarter": 4,
        "r2_url": "https://pub-2c783279b61043e19fbdadd1bee5153a.r2.dev/KHC/2022-02-16/59c1b-2023-01-25-12-02-28/59c1b-2023-01-25-12-02-28.pdf/59c1b-2023-01-25-12-02-28.pdf",
        "periodicity": "periodic"
    },
    {
        "equity_ticker": "KHC",
        "geography": "US",
        "content_name": "KHC Q4 2021 Presentation",
        "file_type": "pdf",
        "content_type": "earnings_presentation",
        "published_date": "2022-02-16",
        "fiscal_date": "2022-02-16",
        "fiscal_year": 2021,
        "fiscal_quarter": 4,
        "r2_url": "https://pub-2c783279b61043e19fbdadd1bee5153a.r2.dev/KHC/2022-02-16/17c9d-2022-02-16-03-51-24-migrated/17c9d-2022-02-16-03-51-24-migrated.pdf/17c9d-2022-02-16-03-51-24-migrated.pdf",
        "periodicity": "periodic"
    },
    {
        "equity_ticker": "KHC",
        "geography": "US",
        "content_name": "KHC Q3 2021 Transcript",
        "file_type": "pdf",
        "content_type": "earnings_transcript",
        "published_date": "2021-10-27",
        "fiscal_date": "2021-10-27",
        "fiscal_year": 2021,
        "fiscal_quarter": 3,
        "r2_url": "https://pub-2c783279b61043e19fbdadd1bee5153a.r2.dev/KHC/2021-10-27/The%20Kraft%20Heinz%20Company_2021-10-27_transcript/The%20Kraft%20Heinz%20Company_2021-10-27_transcript.pdf/The%20Kraft%20Heinz%20Company_2021-10-27_transcript.pdf",
        "periodicity": "periodic"
    },
    {
        "equity_ticker": "KHC",
        "geography": "US",
        "content_name": "KHC Q3 2021 Press Release",
        "file_type": "pdf",
        "content_type": "earnings_press_release",
        "published_date": "2021-10-27",
        "fiscal_date": "2021-10-27",
        "fiscal_year": 2021,
        "fiscal_quarter": 3,
        "r2_url": "https://pub-2c783279b61043e19fbdadd1bee5153a.r2.dev/KHC/2021-10-27/9908e-2023-01-25-10-20-17/9908e-2023-01-25-10-20-17.pdf/9908e-2023-01-25-10-20-17.pdf",
        "periodicity": "periodic"
    },
    {
        "equity_ticker": "KHC",
        "geography": "US",
        "content_name": "KHC Q2 2021 Transcript",
        "file_type": "pdf",
        "content_type": "earnings_transcript",
        "published_date": "2021-08-04",
        "fiscal_date": "2021-08-04",
        "fiscal_year": 2021,
        "fiscal_quarter": 2,
        "r2_url": "https://pub-2c783279b61043e19fbdadd1bee5153a.r2.dev/KHC/2021-08-04/The%20Kraft%20Heinz%20Company_2021-08-04_transcript/The%20Kraft%20Heinz%20Company_2021-08-04_transcript.pdf/The%20Kraft%20Heinz%20Company_2021-08-04_transcript.pdf",
        "periodicity": "periodic"
    },
    {
        "equity_ticker": "KHC",
        "geography": "US",
        "content_name": "KHC Q2 2021 Press Release",
        "file_type": "pdf",
        "content_type": "earnings_press_release",
        "published_date": "2021-08-04",
        "fiscal_date": "2021-08-04",
        "fiscal_year": 2021,
        "fiscal_quarter": 2,
        "r2_url": "https://pub-2c783279b61043e19fbdadd1bee5153a.r2.dev/KHC/2021-08-04/31d02-2023-01-25-08-08-59/31d02-2023-01-25-08-08-59.pdf/31d02-2023-01-25-08-08-59.pdf",
        "periodicity": "periodic"
    },
    {
        "equity_ticker": "KHC",
        "geography": "US",
        "content_name": "KHC Q1 2021 Transcript",
        "file_type": "pdf",
        "content_type": "earnings_transcript",
        "published_date": "2021-04-29",
        "fiscal_date": "2021-04-29",
        "fiscal_year": 2021,
        "fiscal_quarter": 1,
        "r2_url": "https://pub-2c783279b61043e19fbdadd1bee5153a.r2.dev/KHC/2021-04-29/The%20Kraft%20Heinz%20Company_2021-04-29_transcript/The%20Kraft%20Heinz%20Company_2021-04-29_transcript.pdf/The%20Kraft%20Heinz%20Company_2021-04-29_transcript.pdf",
        "periodicity": "periodic"
    },
    {
        "equity_ticker": "KHC",
        "geography": "US",
        "content_name": "KHC Q1 2021 Press Release",
        "file_type": "pdf",
        "content_type": "earnings_press_release",
        "published_date": "2021-04-29",
        "fiscal_date": "2021-04-29",
        "fiscal_year": 2021,
        "fiscal_quarter": 1,
        "r2_url": "https://pub-2c783279b61043e19fbdadd1bee5153a.r2.dev/KHC/2021-04-29/691a6-2023-01-25-09-07-31/691a6-2023-01-25-09-07-31.pdf/691a6-2023-01-25-09-07-31.pdf",
        "periodicity": "periodic"
    },
    {
        "equity_ticker": "KHC",
        "geography": "US",
        "content_name": "M&A Announcement - February 11, 2021",
        "file_type": "pdf",
        "content_type": "company_conference_transcript",
        "published_date": "2021-02-11",
        "fiscal_date": "2021-02-11",
        "fiscal_year": "0000",
        "fiscal_quarter": "0",
        "r2_url": "https://pub-2c783279b61043e19fbdadd1bee5153a.r2.dev/KHC/2021-02-11/The%20Kraft%20Heinz%20Company_2021-02-11_transcript/The%20Kraft%20Heinz%20Company_2021-02-11_transcript.pdf/The%20Kraft%20Heinz%20Company_2021-02-11_transcript.pdf",
        "periodicity": "non_periodic"
    },
    {
        "equity_ticker": "KHC",
        "geography": "US",
        "content_name": "M&A Announcement - February 11, 2021",
        "file_type": "pdf",
        "content_type": "company_conference_press_release",
        "published_date": "2021-02-11",
        "fiscal_date": "2021-02-11",
        "fiscal_year": "0000",
        "fiscal_quarter": "0",
        "r2_url": "https://pub-2c783279b61043e19fbdadd1bee5153a.r2.dev/KHC/2021-02-11/6c454-2022-06-01-11-42-10/6c454-2022-06-01-11-42-10.pdf/6c454-2022-06-01-11-42-10.pdf",
        "periodicity": "non_periodic"
    },
    {
        "equity_ticker": "KHC",
        "geography": "US",
        "content_name": "M&A Announcement - February 11, 2021",
        "file_type": "pdf",
        "content_type": "company_conference_presentation",
        "published_date": "2021-02-11",
        "fiscal_date": "2021-02-11",
        "fiscal_year": "0000",
        "fiscal_quarter": "0",
        "r2_url": "https://pub-2c783279b61043e19fbdadd1bee5153a.r2.dev/KHC/2021-02-11/391d5-2022-06-03-12-27-17/391d5-2022-06-03-12-27-17.pdf/391d5-2022-06-03-12-27-17.pdf",
        "periodicity": "non_periodic"
    },
    {
        "equity_ticker": "KHC",
        "geography": "US",
        "content_name": "KHC Q4 2020 Transcript",
        "file_type": "pdf",
        "content_type": "earnings_transcript",
        "published_date": "2021-02-11",
        "fiscal_date": "2021-02-11",
        "fiscal_year": 2020,
        "fiscal_quarter": 4,
        "r2_url": "https://pub-2c783279b61043e19fbdadd1bee5153a.r2.dev/KHC/2021-02-11/The%20Kraft%20Heinz%20Company_2021-02-11_transcript/The%20Kraft%20Heinz%20Company_2021-02-11_transcript.pdf/The%20Kraft%20Heinz%20Company_2021-02-11_transcript.pdf",
        "periodicity": "periodic"
    },
    {
        "equity_ticker": "KHC",
        "geography": "US",
        "content_name": "KHC Q4 2020 Press Release",
        "file_type": "pdf",
        "content_type": "earnings_press_release",
        "published_date": "2021-02-11",
        "fiscal_date": "2021-02-11",
        "fiscal_year": 2020,
        "fiscal_quarter": 4,
        "r2_url": "https://pub-2c783279b61043e19fbdadd1bee5153a.r2.dev/KHC/2021-02-11/d12cc-2022-06-02-06-22-33/d12cc-2022-06-02-06-22-33.pdf/d12cc-2022-06-02-06-22-33.pdf",
        "periodicity": "periodic"
    },
    {
        "equity_ticker": "KHC",
        "geography": "US",
        "content_name": "KHC Q4 2020 Presentation",
        "file_type": "pdf",
        "content_type": "earnings_presentation",
        "published_date": "2021-02-11",
        "fiscal_date": "2021-02-11",
        "fiscal_year": 2020,
        "fiscal_quarter": 4,
        "r2_url": "https://pub-2c783279b61043e19fbdadd1bee5153a.r2.dev/KHC/2021-02-11/c271a-2022-06-03-12-11-16/c271a-2022-06-03-12-11-16.pdf/c271a-2022-06-03-12-11-16.pdf",
        "periodicity": "periodic"
    },
    {
        "equity_ticker": "KHC",
        "geography": "US",
        "content_name": "KHC Q3 2020 Transcript",
        "file_type": "pdf",
        "content_type": "earnings_transcript",
        "published_date": "2020-10-29",
        "fiscal_date": "2020-10-29",
        "fiscal_year": 2020,
        "fiscal_quarter": 3,
        "r2_url": "https://pub-2c783279b61043e19fbdadd1bee5153a.r2.dev/KHC/2020-10-29/The%20Kraft%20Heinz%20Company_2020-10-29_transcript/The%20Kraft%20Heinz%20Company_2020-10-29_transcript.pdf/The%20Kraft%20Heinz%20Company_2020-10-29_transcript.pdf",
        "periodicity": "periodic"
    },
    {
        "equity_ticker": "KHC",
        "geography": "US",
        "content_name": "KHC Q3 2020 Press Release",
        "file_type": "pdf",
        "content_type": "earnings_press_release",
        "published_date": "2020-10-29",
        "fiscal_date": "2020-10-29",
        "fiscal_year": 2020,
        "fiscal_quarter": 3,
        "r2_url": "https://pub-2c783279b61043e19fbdadd1bee5153a.r2.dev/KHC/2020-10-29/8e747-2022-06-02-06-40-34/8e747-2022-06-02-06-40-34.pdf/8e747-2022-06-02-06-40-34.pdf",
        "periodicity": "periodic"
    },
    {
        "equity_ticker": "KHC",
        "geography": "US",
        "content_name": "KHC Q3 2020 Presentation",
        "file_type": "pdf",
        "content_type": "earnings_presentation",
        "published_date": "2020-10-29",
        "fiscal_date": "2020-10-29",
        "fiscal_year": 2020,
        "fiscal_quarter": 3,
        "r2_url": "https://pub-2c783279b61043e19fbdadd1bee5153a.r2.dev/KHC/2020-10-29/29d0d-2022-06-02-06-40-34/29d0d-2022-06-02-06-40-34.pdf/29d0d-2022-06-02-06-40-34.pdf",
        "periodicity": "periodic"
    },
    {
        "equity_ticker": "KHC",
        "geography": "US",
        "content_name": "KHC Q2 2020 Transcript",
        "file_type": "pdf",
        "content_type": "earnings_transcript",
        "published_date": "2020-07-30",
        "fiscal_date": "2020-07-30",
        "fiscal_year": 2020,
        "fiscal_quarter": 2,
        "r2_url": "https://pub-2c783279b61043e19fbdadd1bee5153a.r2.dev/KHC/2020-07-30/The%20Kraft%20Heinz%20Company_2020-07-30_transcript/The%20Kraft%20Heinz%20Company_2020-07-30_transcript.pdf/The%20Kraft%20Heinz%20Company_2020-07-30_transcript.pdf",
        "periodicity": "periodic"
    },
    {
        "equity_ticker": "KHC",
        "geography": "US",
        "content_name": "KHC Q2 2020 Press Release",
        "file_type": "pdf",
        "content_type": "earnings_press_release",
        "published_date": "2020-07-30",
        "fiscal_date": "2020-07-30",
        "fiscal_year": 2020,
        "fiscal_quarter": 2,
        "r2_url": "https://pub-2c783279b61043e19fbdadd1bee5153a.r2.dev/KHC/2020-07-30/2ac6a-2022-06-02-06-37-36/2ac6a-2022-06-02-06-37-36.pdf/2ac6a-2022-06-02-06-37-36.pdf",
        "periodicity": "periodic"
    },
    {
        "equity_ticker": "KHC",
        "geography": "US",
        "content_name": "KHC Q1 2020 Transcript",
        "file_type": "pdf",
        "content_type": "earnings_transcript",
        "published_date": "2020-04-30",
        "fiscal_date": "2020-04-30",
        "fiscal_year": 2020,
        "fiscal_quarter": 1,
        "r2_url": "https://pub-2c783279b61043e19fbdadd1bee5153a.r2.dev/KHC/2020-04-30/The%20Kraft%20Heinz%20Company_2020-04-30_transcript/The%20Kraft%20Heinz%20Company_2020-04-30_transcript.pdf/The%20Kraft%20Heinz%20Company_2020-04-30_transcript.pdf",
        "periodicity": "periodic"
    },
    {
        "equity_ticker": "KHC",
        "geography": "US",
        "content_name": "KHC Q1 2020 Press Release",
        "file_type": "pdf",
        "content_type": "quarterly_report",
        "published_date": "2020-04-30",
        "fiscal_date": "2020-04-30",
        "fiscal_year": 2020,
        "fiscal_quarter": 1,
        "r2_url": "https://pub-2c783279b61043e19fbdadd1bee5153a.r2.dev/KHC/2020-04-30/d3dda-2024-09-03-05-39-10/d3dda-2024-09-03-05-39-10.pdf/d3dda-2024-09-03-05-39-10.pdf",
        "periodicity": "periodic"
    },
    {
        "equity_ticker": "KHC",
        "geography": "US",
        "content_name": "KHC Q1 2020 Presentation",
        "file_type": "pdf",
        "content_type": "earnings_presentation",
        "published_date": "2020-04-30",
        "fiscal_date": "2020-04-30",
        "fiscal_year": 2020,
        "fiscal_quarter": 1,
        "r2_url": "https://pub-2c783279b61043e19fbdadd1bee5153a.r2.dev/KHC/2020-04-30/c3083-2022-07-14-01-28-36/c3083-2022-07-14-01-28-36.pdf/c3083-2022-07-14-01-28-36.pdf",
        "periodicity": "periodic"
    },
    {
        "equity_ticker": "KHC",
        "geography": "US",
        "content_name": "KHC Q4 2019 Transcript",
        "file_type": "pdf",
        "content_type": "earnings_transcript",
        "published_date": "2020-02-13",
        "fiscal_date": "2020-02-13",
        "fiscal_year": 2019,
        "fiscal_quarter": 4,
        "r2_url": "https://pub-2c783279b61043e19fbdadd1bee5153a.r2.dev/KHC/2020-02-13/The%20Kraft%20Heinz%20Company_2020-02-13_transcript/The%20Kraft%20Heinz%20Company_2020-02-13_transcript.pdf/The%20Kraft%20Heinz%20Company_2020-02-13_transcript.pdf",
        "periodicity": "periodic"
    },
    {
        "equity_ticker": "KHC",
        "geography": "US",
        "content_name": "KHC Q4 2019 Press Release",
        "file_type": "pdf",
        "content_type": "annual_report",
        "published_date": "2020-02-13",
        "fiscal_date": "2020-02-13",
        "fiscal_year": 2019,
        "fiscal_quarter": 4,
        "r2_url": "https://pub-2c783279b61043e19fbdadd1bee5153a.r2.dev/KHC/2020-02-13/59a90-2025-02-21-04-41-55/59a90-2025-02-21-04-41-55.pdf/59a90-2025-02-21-04-41-55.pdf",
        "periodicity": "periodic"
    },
    {
        "equity_ticker": "KHC",
        "geography": "US",
        "content_name": "KHC Q4 2019 Presentation",
        "file_type": "pdf",
        "content_type": "earnings_presentation",
        "published_date": "2020-02-13",
        "fiscal_date": "2020-02-13",
        "fiscal_year": 2019,
        "fiscal_quarter": 4,
        "r2_url": "https://pub-2c783279b61043e19fbdadd1bee5153a.r2.dev/KHC/2020-02-13/aa6cd-2022-07-14-01-01-35/aa6cd-2022-07-14-01-01-35.pdf/aa6cd-2022-07-14-01-01-35.pdf",
        "periodicity": "periodic"
    },
    {
        "equity_ticker": "KHC",
        "geography": "US",
        "content_name": "KHC Q3 2019 Transcript",
        "file_type": "pdf",
        "content_type": "earnings_transcript",
        "published_date": "2019-10-31",
        "fiscal_date": "2019-10-31",
        "fiscal_year": 2019,
        "fiscal_quarter": 3,
        "r2_url": "https://pub-2c783279b61043e19fbdadd1bee5153a.r2.dev/KHC/2019-10-31/The%20Kraft%20Heinz%20Company_2019-10-31_transcript/The%20Kraft%20Heinz%20Company_2019-10-31_transcript.pdf/The%20Kraft%20Heinz%20Company_2019-10-31_transcript.pdf",
        "periodicity": "periodic"
    },
    {
        "equity_ticker": "KHC",
        "geography": "US",
        "content_name": "Q3 2019 - October 31, 2019",
        "file_type": "pdf",
        "content_type": "quarterly_report",
        "published_date": "2019-10-31",
        "fiscal_date": "2019-03-30",
        "fiscal_year": 2019,
        "fiscal_quarter": 3,
        "r2_url": "https://pub-2c783279b61043e19fbdadd1bee5153a.r2.dev/KHC/None/f67f3-2024-04-15-11-27-31/f67f3-2024-04-15-11-27-31.pdf/f67f3-2024-04-15-11-27-31.pdf",
        "periodicity": "periodic"
    },
    {
        "equity_ticker": "KHC",
        "geography": "US",
        "content_name": "KHC Q2 2019 Transcript",
        "file_type": "pdf",
        "content_type": "earnings_transcript",
        "published_date": "2019-08-08",
        "fiscal_date": "2019-08-08",
        "fiscal_year": 2019,
        "fiscal_quarter": 2,
        "r2_url": "https://pub-2c783279b61043e19fbdadd1bee5153a.r2.dev/KHC/2019-08-08/The%20Kraft%20Heinz%20Company_2019-08-08_transcript/The%20Kraft%20Heinz%20Company_2019-08-08_transcript.pdf/The%20Kraft%20Heinz%20Company_2019-08-08_transcript.pdf",
        "periodicity": "periodic"
    },
    {
        "equity_ticker": "KHC",
        "geography": "US",
        "content_name": "KHC Q2 2019 Press Release",
        "file_type": "pdf",
        "content_type": "earnings_press_release",
        "published_date": "2019-08-08",
        "fiscal_date": "2019-08-08",
        "fiscal_year": 2019,
        "fiscal_quarter": 2,
        "r2_url": "https://pub-2c783279b61043e19fbdadd1bee5153a.r2.dev/KHC/2019-08-08/eb392-2024-04-15-11-49-11/eb392-2024-04-15-11-49-11.pdf/eb392-2024-04-15-11-49-11.pdf",
        "periodicity": "periodic"
    },
    {
        "equity_ticker": "KHC",
        "geography": "US",
        "content_name": "KHC Q4 2018 Transcript",
        "file_type": "pdf",
        "content_type": "earnings_transcript",
        "published_date": "2019-02-21",
        "fiscal_date": "2019-02-21",
        "fiscal_year": 2018,
        "fiscal_quarter": 4,
        "r2_url": "https://pub-2c783279b61043e19fbdadd1bee5153a.r2.dev/KHC/2019-02-21/The%20Kraft%20Heinz%20Company_2019-02-21_transcript/The%20Kraft%20Heinz%20Company_2019-02-21_transcript.pdf/The%20Kraft%20Heinz%20Company_2019-02-21_transcript.pdf",
        "periodicity": "periodic"
    },
    {
        "equity_ticker": "KHC",
        "geography": "US",
        "content_name": "KHC Q4 2018 Press Release",
        "file_type": "pdf",
        "content_type": "earnings_press_release",
        "published_date": "2019-02-21",
        "fiscal_date": "2019-02-21",
        "fiscal_year": 2018,
        "fiscal_quarter": 4,
        "r2_url": "https://pub-2c783279b61043e19fbdadd1bee5153a.r2.dev/KHC/2019-02-21/d8990-2024-04-15-11-54-12/d8990-2024-04-15-11-54-12.pdf/d8990-2024-04-15-11-54-12.pdf",
        "periodicity": "periodic"
    },
    {
        "equity_ticker": "KHC",
        "geography": "US",
        "content_name": "KHC Q4 2018 Presentation",
        "file_type": "pdf",
        "content_type": "earnings_presentation",
        "published_date": "2019-02-21",
        "fiscal_date": "2019-02-21",
        "fiscal_year": 2018,
        "fiscal_quarter": 4,
        "r2_url": "https://pub-2c783279b61043e19fbdadd1bee5153a.r2.dev/KHC/2019-02-21/35102-2024-04-15-11-54-12/35102-2024-04-15-11-54-12.pdf/35102-2024-04-15-11-54-12.pdf",
        "periodicity": "periodic"
    },
    {
        "equity_ticker": "KHC",
        "geography": "US",
        "content_name": "KHC Q3 2018 Transcript",
        "file_type": "pdf",
        "content_type": "earnings_transcript",
        "published_date": "2018-11-01",
        "fiscal_date": "2018-11-01",
        "fiscal_year": 2018,
        "fiscal_quarter": 3,
        "r2_url": "https://pub-2c783279b61043e19fbdadd1bee5153a.r2.dev/KHC/2018-11-01/The%20Kraft%20Heinz%20Company_2018-11-01_transcript/The%20Kraft%20Heinz%20Company_2018-11-01_transcript.pdf/The%20Kraft%20Heinz%20Company_2018-11-01_transcript.pdf",
        "periodicity": "periodic"
    },
    {
        "equity_ticker": "KHC",
        "geography": "US",
        "content_name": "KHC Q3 2018 Press Release",
        "file_type": "pdf",
        "content_type": "earnings_press_release",
        "published_date": "2018-11-01",
        "fiscal_date": "2018-11-01",
        "fiscal_year": 2018,
        "fiscal_quarter": 3,
        "r2_url": "https://pub-2c783279b61043e19fbdadd1bee5153a.r2.dev/KHC/2018-11-01/4af28-2024-04-15-11-59-13/4af28-2024-04-15-11-59-13.pdf/4af28-2024-04-15-11-59-13.pdf",
        "periodicity": "periodic"
    },
    {
        "equity_ticker": "KHC",
        "geography": "US",
        "content_name": "KHC Q3 2018 Presentation",
        "file_type": "pdf",
        "content_type": "earnings_presentation",
        "published_date": "2018-11-01",
        "fiscal_date": "2018-11-01",
        "fiscal_year": 2018,
        "fiscal_quarter": 3,
        "r2_url": "https://pub-2c783279b61043e19fbdadd1bee5153a.r2.dev/KHC/2018-11-01/d9036-2024-04-15-11-59-13/d9036-2024-04-15-11-59-13.pdf/d9036-2024-04-15-11-59-13.pdf",
        "periodicity": "periodic"
    },
    {
        "equity_ticker": "KHC",
        "geography": "US",
        "content_name": "KHC Q2 2018 Transcript",
        "file_type": "pdf",
        "content_type": "earnings_transcript",
        "published_date": "2018-08-03",
        "fiscal_date": "2018-08-03",
        "fiscal_year": 2018,
        "fiscal_quarter": 2,
        "r2_url": "https://pub-2c783279b61043e19fbdadd1bee5153a.r2.dev/KHC/2018-08-03/The%20Kraft%20Heinz%20Company_2018-08-03_transcript/The%20Kraft%20Heinz%20Company_2018-08-03_transcript.pdf/The%20Kraft%20Heinz%20Company_2018-08-03_transcript.pdf",
        "periodicity": "periodic"
    },
    {
        "equity_ticker": "KHC",
        "geography": "US",
        "content_name": "KHC Q2 2018 Press Release",
        "file_type": "pdf",
        "content_type": "earnings_press_release",
        "published_date": "2018-08-03",
        "fiscal_date": "2018-08-03",
        "fiscal_year": 2018,
        "fiscal_quarter": 2,
        "r2_url": "https://pub-2c783279b61043e19fbdadd1bee5153a.r2.dev/KHC/2018-08-03/adbcd-2024-04-15-11-21-15/adbcd-2024-04-15-11-21-15.pdf/adbcd-2024-04-15-11-21-15.pdf",
        "periodicity": "periodic"
    },
    {
        "equity_ticker": "KHC",
        "geography": "US",
        "content_name": "KHC Q2 2018 Presentation",
        "file_type": "pdf",
        "content_type": "earnings_presentation",
        "published_date": "2018-08-03",
        "fiscal_date": "2018-08-03",
        "fiscal_year": 2018,
        "fiscal_quarter": 2,
        "r2_url": "https://pub-2c783279b61043e19fbdadd1bee5153a.r2.dev/KHC/2018-08-03/d1c2d-2024-04-15-11-21-15/d1c2d-2024-04-15-11-21-15.pdf/d1c2d-2024-04-15-11-21-15.pdf",
        "periodicity": "periodic"
    },
    {
        "equity_ticker": "KHC",
        "geography": "US",
        "content_name": "KHC Q1 2018 Transcript",
        "file_type": "pdf",
        "content_type": "earnings_transcript",
        "published_date": "2018-05-02",
        "fiscal_date": "2018-05-02",
        "fiscal_year": 2018,
        "fiscal_quarter": 1,
        "r2_url": "https://pub-2c783279b61043e19fbdadd1bee5153a.r2.dev/KHC/2018-05-02/The%20Kraft%20Heinz%20Company_2018-05-02_transcript/The%20Kraft%20Heinz%20Company_2018-05-02_transcript.pdf/The%20Kraft%20Heinz%20Company_2018-05-02_transcript.pdf",
        "periodicity": "periodic"
    },
    {
        "equity_ticker": "KHC",
        "geography": "US",
        "content_name": "KHC Q1 2018 Press Release",
        "file_type": "pdf",
        "content_type": "earnings_press_release",
        "published_date": "2018-05-02",
        "fiscal_date": "2018-05-02",
        "fiscal_year": 2018,
        "fiscal_quarter": 1,
        "r2_url": "https://pub-2c783279b61043e19fbdadd1bee5153a.r2.dev/KHC/2018-05-02/17e1f-2024-04-15-11-38-16/17e1f-2024-04-15-11-38-16.pdf/17e1f-2024-04-15-11-38-16.pdf",
        "periodicity": "periodic"
    },
    {
        "equity_ticker": "KHC",
        "geography": "US",
        "content_name": "KHC Q1 2018 Presentation",
        "file_type": "pdf",
        "content_type": "earnings_presentation",
        "published_date": "2018-05-02",
        "fiscal_date": "2018-05-02",
        "fiscal_year": 2018,
        "fiscal_quarter": 1,
        "r2_url": "https://pub-2c783279b61043e19fbdadd1bee5153a.r2.dev/KHC/2018-05-02/70e4f-2024-04-15-11-38-16/70e4f-2024-04-15-11-38-16.pdf/70e4f-2024-04-15-11-38-16.pdf",
        "periodicity": "periodic"
    },
    {
        "equity_ticker": "KHC",
        "geography": "US",
        "content_name": "KHC Q4 2017 Transcript",
        "file_type": "pdf",
        "content_type": "earnings_transcript",
        "published_date": "2018-02-16",
        "fiscal_date": "2018-02-16",
        "fiscal_year": 2017,
        "fiscal_quarter": 4,
        "r2_url": "https://pub-2c783279b61043e19fbdadd1bee5153a.r2.dev/KHC/2018-02-16/The%20Kraft%20Heinz%20Company_2018-02-16_transcript/The%20Kraft%20Heinz%20Company_2018-02-16_transcript.pdf/The%20Kraft%20Heinz%20Company_2018-02-16_transcript.pdf",
        "periodicity": "periodic"
    },
    {
        "equity_ticker": "KHC",
        "geography": "US",
        "content_name": "KHC Q4 2017 Press Release",
        "file_type": "pdf",
        "content_type": "annual_report",
        "published_date": "2018-02-16",
        "fiscal_date": "2018-02-16",
        "fiscal_year": 2017,
        "fiscal_quarter": 4,
        "r2_url": "https://pub-2c783279b61043e19fbdadd1bee5153a.r2.dev/KHC/2018-02-16/b69b6-2023-08-31-01-23-41/b69b6-2023-08-31-01-23-41.pdf/b69b6-2023-08-31-01-23-41.pdf",
        "periodicity": "periodic"
    },
    {
        "equity_ticker": "KHC",
        "geography": "US",
        "content_name": "KHC Q3 2017 Transcript",
        "file_type": "pdf",
        "content_type": "earnings_transcript",
        "published_date": "2017-11-01",
        "fiscal_date": "2017-11-01",
        "fiscal_year": 2017,
        "fiscal_quarter": 3,
        "r2_url": "https://pub-2c783279b61043e19fbdadd1bee5153a.r2.dev/KHC/2017-11-01/The%20Kraft%20Heinz%20Company_2017-11-01_transcript/The%20Kraft%20Heinz%20Company_2017-11-01_transcript.pdf/The%20Kraft%20Heinz%20Company_2017-11-01_transcript.pdf",
        "periodicity": "periodic"
    },
    {
        "equity_ticker": "KHC",
        "geography": "US",
        "content_name": "KHC Q2 2017 Transcript",
        "file_type": "pdf",
        "content_type": "earnings_transcript",
        "published_date": "2017-08-03",
        "fiscal_date": "2017-08-03",
        "fiscal_year": 2017,
        "fiscal_quarter": 2,
        "r2_url": "https://pub-2c783279b61043e19fbdadd1bee5153a.r2.dev/KHC/2017-08-03/The%20Kraft%20Heinz%20Company_2017-08-03_transcript/The%20Kraft%20Heinz%20Company_2017-08-03_transcript.pdf/The%20Kraft%20Heinz%20Company_2017-08-03_transcript.pdf",
        "periodicity": "periodic"
    },
    {
        "equity_ticker": "KHC",
        "geography": "US",
        "content_name": "KHC Q1 2017 Transcript",
        "file_type": "pdf",
        "content_type": "earnings_transcript",
        "published_date": "2017-05-03",
        "fiscal_date": "2017-05-03",
        "fiscal_year": 2017,
        "fiscal_quarter": 1,
        "r2_url": "https://pub-2c783279b61043e19fbdadd1bee5153a.r2.dev/KHC/2017-05-03/The%20Kraft%20Heinz%20Company_2017-05-03_transcript/The%20Kraft%20Heinz%20Company_2017-05-03_transcript.pdf/The%20Kraft%20Heinz%20Company_2017-05-03_transcript.pdf",
        "periodicity": "periodic"
    },
    {
        "equity_ticker": "KHC",
        "geography": "US",
        "content_name": "KHC Q4 2016 Transcript",
        "file_type": "pdf",
        "content_type": "earnings_transcript",
        "published_date": "2017-02-23",
        "fiscal_date": "2017-02-23",
        "fiscal_year": 2016,
        "fiscal_quarter": 4,
        "r2_url": "https://pub-2c783279b61043e19fbdadd1bee5153a.r2.dev/KHC/2017-02-23/The%20Kraft%20Heinz%20Company_2017-02-23_transcript/The%20Kraft%20Heinz%20Company_2017-02-23_transcript.pdf/The%20Kraft%20Heinz%20Company_2017-02-23_transcript.pdf",
        "periodicity": "periodic"
    },
    {
        "equity_ticker": "KHC",
        "geography": "US",
        "content_name": "KHC Q4 2016 Press Release",
        "file_type": "pdf",
        "content_type": "annual_report",
        "published_date": "2017-02-23",
        "fiscal_date": "2017-02-23",
        "fiscal_year": 2016,
        "fiscal_quarter": 4,
        "r2_url": "https://pub-2c783279b61043e19fbdadd1bee5153a.r2.dev/KHC/2017-02-23/fcc9d-2023-08-31-01-38-41/fcc9d-2023-08-31-01-38-41.pdf/fcc9d-2023-08-31-01-38-41.pdf",
        "periodicity": "periodic"
    },
    {
        "equity_ticker": "KHC",
        "geography": "US",
        "content_name": "KHC Q3 2016 Transcript",
        "file_type": "pdf",
        "content_type": "earnings_transcript",
        "published_date": "2016-11-04",
        "fiscal_date": "2016-11-04",
        "fiscal_year": 2016,
        "fiscal_quarter": 3,
        "r2_url": "https://pub-2c783279b61043e19fbdadd1bee5153a.r2.dev/KHC/2016-11-04/The%20Kraft%20Heinz%20Company_2016-11-04_transcript/The%20Kraft%20Heinz%20Company_2016-11-04_transcript.pdf/The%20Kraft%20Heinz%20Company_2016-11-04_transcript.pdf",
        "periodicity": "periodic"
    },
    {
        "equity_ticker": "KHC",
        "geography": "US",
        "content_name": "KHC Q2 2016 Transcript",
        "file_type": "pdf",
        "content_type": "earnings_transcript",
        "published_date": "2016-08-05",
        "fiscal_date": "2016-08-05",
        "fiscal_year": 2016,
        "fiscal_quarter": 2,
        "r2_url": "https://pub-2c783279b61043e19fbdadd1bee5153a.r2.dev/KHC/2016-08-05/The%20Kraft%20Heinz%20Company_2016-08-05_transcript/The%20Kraft%20Heinz%20Company_2016-08-05_transcript.pdf/The%20Kraft%20Heinz%20Company_2016-08-05_transcript.pdf",
        "periodicity": "periodic"
    },
    {
        "equity_ticker": "KHC",
        "geography": "US",
        "content_name": "KHC Q1 2016 Transcript",
        "file_type": "pdf",
        "content_type": "earnings_transcript",
        "published_date": "2016-05-04",
        "fiscal_date": "2016-05-04",
        "fiscal_year": 2016,
        "fiscal_quarter": 1,
        "r2_url": "https://pub-2c783279b61043e19fbdadd1bee5153a.r2.dev/KHC/2016-05-04/The%20Kraft%20Heinz%20Company_2016-05-04_transcript/The%20Kraft%20Heinz%20Company_2016-05-04_transcript.pdf/The%20Kraft%20Heinz%20Company_2016-05-04_transcript.pdf",
        "periodicity": "periodic"
    },
    {
        "equity_ticker": "KHC",
        "geography": "US",
        "content_name": "KHC Q4 2015 Transcript",
        "file_type": "pdf",
        "content_type": "earnings_transcript",
        "published_date": "2016-03-03",
        "fiscal_date": "2016-03-03",
        "fiscal_year": 2015,
        "fiscal_quarter": 4,
        "r2_url": "https://pub-2c783279b61043e19fbdadd1bee5153a.r2.dev/KHC/2016-03-03/The%20Kraft%20Heinz%20Company_2016-03-03_transcript/The%20Kraft%20Heinz%20Company_2016-03-03_transcript.pdf/The%20Kraft%20Heinz%20Company_2016-03-03_transcript.pdf",
        "periodicity": "periodic"
    },
    {
        "equity_ticker": "KHC",
        "geography": "US",
        "content_name": "KHC Q4 2015 Press Release",
        "file_type": "pdf",
        "content_type": "annual_report",
        "published_date": "2016-03-03",
        "fiscal_date": "2016-03-03",
        "fiscal_year": 2015,
        "fiscal_quarter": 4,
        "r2_url": "https://pub-2c783279b61043e19fbdadd1bee5153a.r2.dev/KHC/2016-03-03/a5e0c-2023-08-31-01-53-41/a5e0c-2023-08-31-01-53-41.pdf/a5e0c-2023-08-31-01-53-41.pdf",
        "periodicity": "periodic"
    },
    {
        "equity_ticker": "KHC",
        "geography": "US",
        "content_name": "KHC Q3 2015 Transcript",
        "file_type": "pdf",
        "content_type": "earnings_transcript",
        "published_date": "2015-11-06",
        "fiscal_date": "2015-11-06",
        "fiscal_year": 2015,
        "fiscal_quarter": 3,
        "r2_url": "https://pub-2c783279b61043e19fbdadd1bee5153a.r2.dev/KHC/2015-11-06/The%20Kraft%20Heinz%20Company_2015-11-06_transcript/The%20Kraft%20Heinz%20Company_2015-11-06_transcript.pdf/The%20Kraft%20Heinz%20Company_2015-11-06_transcript.pdf",
        "periodicity": "periodic"
    },
    {
        "equity_ticker": "KHC",
        "geography": "US",
        "content_name": "KHC Q1 2015 Transcript",
        "file_type": "pdf",
        "content_type": "earnings_transcript",
        "published_date": "2015-08-14",
        "fiscal_date": "2015-08-14",
        "fiscal_year": 2015,
        "fiscal_quarter": 1,
        "r2_url": "https://pub-2c783279b61043e19fbdadd1bee5153a.r2.dev/KHC/2015-08-14/The%20Kraft%20Heinz%20Company_2015-08-14_transcript/The%20Kraft%20Heinz%20Company_2015-08-14_transcript.pdf/The%20Kraft%20Heinz%20Company_2015-08-14_transcript.pdf",
        "periodicity": "periodic"
    },
    {
        "equity_ticker": "KHC",
        "geography": "US",
        "content_name": "KHC Q4 2014 Transcript",
        "file_type": "pdf",
        "content_type": "earnings_transcript",
        "published_date": "2015-02-12",
        "fiscal_date": "2015-02-12",
        "fiscal_year": 2014,
        "fiscal_quarter": 4,
        "r2_url": "https://pub-2c783279b61043e19fbdadd1bee5153a.r2.dev/KHC/2015-02-12/The%20Kraft%20Heinz%20Company_2015-02-12_transcript/The%20Kraft%20Heinz%20Company_2015-02-12_transcript.pdf/The%20Kraft%20Heinz%20Company_2015-02-12_transcript.pdf",
        "periodicity": "periodic"
    },
    {
        "equity_ticker": "KHC",
        "geography": "US",
        "content_name": "KHC Q3 2014 Transcript",
        "file_type": "pdf",
        "content_type": "earnings_transcript",
        "published_date": "2014-10-29",
        "fiscal_date": "2014-10-29",
        "fiscal_year": 2014,
        "fiscal_quarter": 3,
        "r2_url": "https://pub-2c783279b61043e19fbdadd1bee5153a.r2.dev/KHC/2014-10-29/The%20Kraft%20Heinz%20Company_2014-10-29_transcript/The%20Kraft%20Heinz%20Company_2014-10-29_transcript.pdf/The%20Kraft%20Heinz%20Company_2014-10-29_transcript.pdf",
        "periodicity": "periodic"
    },
    {
        "equity_ticker": "KHC",
        "geography": "US",
        "content_name": "KHC Q2 2014 Transcript",
        "file_type": "pdf",
        "content_type": "earnings_transcript",
        "published_date": "2014-07-30",
        "fiscal_date": "2014-07-30",
        "fiscal_year": 2014,
        "fiscal_quarter": 2,
        "r2_url": "https://pub-2c783279b61043e19fbdadd1bee5153a.r2.dev/KHC/2014-07-30/The%20Kraft%20Heinz%20Company_2014-07-30_transcript/The%20Kraft%20Heinz%20Company_2014-07-30_transcript.pdf/The%20Kraft%20Heinz%20Company_2014-07-30_transcript.pdf",
        "periodicity": "periodic"
    },
    {
        "equity_ticker": "KHC",
        "geography": "US",
        "content_name": "KHC Q2 2013 Transcript",
        "file_type": "pdf",
        "content_type": "earnings_transcript",
        "published_date": "2012-11-20",
        "fiscal_date": "2012-11-20",
        "fiscal_year": 2013,
        "fiscal_quarter": 2,
        "r2_url": "https://pub-2c783279b61043e19fbdadd1bee5153a.r2.dev/KHC/2012-11-20/The%20Kraft%20Heinz%20Company_2012-11-20_transcript/The%20Kraft%20Heinz%20Company_2012-11-20_transcript.pdf/The%20Kraft%20Heinz%20Company_2012-11-20_transcript.pdf",
        "periodicity": "periodic"
    },
    {
        "equity_ticker": "KHC",
        "geography": "US",
        "content_name": "KHC Q1 2013 Transcript",
        "file_type": "pdf",
        "content_type": "earnings_transcript",
        "published_date": "2012-08-29",
        "fiscal_date": "2012-08-29",
        "fiscal_year": 2013,
        "fiscal_quarter": 1,
        "r2_url": "https://pub-2c783279b61043e19fbdadd1bee5153a.r2.dev/KHC/2012-08-29/The%20Kraft%20Heinz%20Company_2012-08-29_transcript/The%20Kraft%20Heinz%20Company_2012-08-29_transcript.pdf/The%20Kraft%20Heinz%20Company_2012-08-29_transcript.pdf",
        "periodicity": "periodic"
    },
    {
        "equity_ticker": "KHC",
        "geography": "US",
        "content_name": "KHC Q3 2012 Transcript",
        "file_type": "pdf",
        "content_type": "earnings_transcript",
        "published_date": "2012-02-17",
        "fiscal_date": "2012-02-17",
        "fiscal_year": 2012,
        "fiscal_quarter": 3,
        "r2_url": "https://pub-2c783279b61043e19fbdadd1bee5153a.r2.dev/KHC/2012-02-17/The%20Kraft%20Heinz%20Company_2012-02-17_transcript/The%20Kraft%20Heinz%20Company_2012-02-17_transcript.pdf/The%20Kraft%20Heinz%20Company_2012-02-17_transcript.pdf",
        "periodicity": "periodic"
    },
    {
        "equity_ticker": "KHC",
        "geography": "US",
        "content_name": "KHC Q2 2012 Transcript",
        "file_type": "pdf",
        "content_type": "earnings_transcript",
        "published_date": "2011-11-18",
        "fiscal_date": "2011-11-18",
        "fiscal_year": 2012,
        "fiscal_quarter": 2,
        "r2_url": "https://pub-2c783279b61043e19fbdadd1bee5153a.r2.dev/KHC/2011-11-18/The%20Kraft%20Heinz%20Company_2011-11-18_transcript/The%20Kraft%20Heinz%20Company_2011-11-18_transcript.pdf/The%20Kraft%20Heinz%20Company_2011-11-18_transcript.pdf",
        "periodicity": "periodic"
    },
    {
        "equity_ticker": "KHC",
        "geography": "US",
        "content_name": "KHC Q1 2012 Transcript",
        "file_type": "pdf",
        "content_type": "earnings_transcript",
        "published_date": "2011-08-23",
        "fiscal_date": "2011-08-23",
        "fiscal_year": 2012,
        "fiscal_quarter": 1,
        "r2_url": "https://pub-2c783279b61043e19fbdadd1bee5153a.r2.dev/KHC/2011-08-23/The%20Kraft%20Heinz%20Company_2011-08-23_transcript/The%20Kraft%20Heinz%20Company_2011-08-23_transcript.pdf/The%20Kraft%20Heinz%20Company_2011-08-23_transcript.pdf",
        "periodicity": "periodic"
    },
    {
        "equity_ticker": "KHC",
        "geography": "US",
        "content_name": "KHC Q4 2011 Transcript",
        "file_type": "pdf",
        "content_type": "earnings_transcript",
        "published_date": "2011-06-02",
        "fiscal_date": "2011-06-02",
        "fiscal_year": 2011,
        "fiscal_quarter": 4,
        "r2_url": "https://pub-2c783279b61043e19fbdadd1bee5153a.r2.dev/KHC/2011-06-02/The%20Kraft%20Heinz%20Company_2011-06-02_transcript/The%20Kraft%20Heinz%20Company_2011-06-02_transcript.pdf/The%20Kraft%20Heinz%20Company_2011-06-02_transcript.pdf",
        "periodicity": "periodic"
    },
    {
        "equity_ticker": "KHC",
        "geography": "US",
        "content_name": "KHC Q3 2011 Transcript",
        "file_type": "pdf",
        "content_type": "earnings_transcript",
        "published_date": "2011-03-03",
        "fiscal_date": "2011-03-03",
        "fiscal_year": 2011,
        "fiscal_quarter": 3,
        "r2_url": "https://pub-2c783279b61043e19fbdadd1bee5153a.r2.dev/KHC/2011-03-03/The%20Kraft%20Heinz%20Company_2011-03-03_transcript/The%20Kraft%20Heinz%20Company_2011-03-03_transcript.pdf/The%20Kraft%20Heinz%20Company_2011-03-03_transcript.pdf",
        "periodicity": "periodic"
    },
    {
        "equity_ticker": "KHC",
        "geography": "US",
        "content_name": "KHC Q2 2011 Transcript",
        "file_type": "pdf",
        "content_type": "earnings_transcript",
        "published_date": "2010-11-19",
        "fiscal_date": "2010-11-19",
        "fiscal_year": 2011,
        "fiscal_quarter": 2,
        "r2_url": "https://pub-2c783279b61043e19fbdadd1bee5153a.r2.dev/KHC/2010-11-19/The%20Kraft%20Heinz%20Company_2010-11-19_transcript/The%20Kraft%20Heinz%20Company_2010-11-19_transcript.pdf/The%20Kraft%20Heinz%20Company_2010-11-19_transcript.pdf",
        "periodicity": "periodic"
    },
    {
        "equity_ticker": "KHC",
        "geography": "US",
        "content_name": "KHC Q1 2011 Transcript",
        "file_type": "pdf",
        "content_type": "earnings_transcript",
        "published_date": "2010-09-01",
        "fiscal_date": "2010-09-01",
        "fiscal_year": 2011,
        "fiscal_quarter": 1,
        "r2_url": "https://pub-2c783279b61043e19fbdadd1bee5153a.r2.dev/KHC/2010-09-01/The%20Kraft%20Heinz%20Company_2010-09-01_transcript/The%20Kraft%20Heinz%20Company_2010-09-01_transcript.pdf/The%20Kraft%20Heinz%20Company_2010-09-01_transcript.pdf",
        "periodicity": "periodic"
    },
    {
        "equity_ticker": "KHC",
        "geography": "US",
        "content_name": "KHC Q4 2010 Transcript",
        "file_type": "pdf",
        "content_type": "earnings_transcript",
        "published_date": "2010-05-27",
        "fiscal_date": "2010-05-27",
        "fiscal_year": 2010,
        "fiscal_quarter": 4,
        "r2_url": "https://pub-2c783279b61043e19fbdadd1bee5153a.r2.dev/KHC/2010-05-27/The%20Kraft%20Heinz%20Company_2010-05-27_transcript/The%20Kraft%20Heinz%20Company_2010-05-27_transcript.pdf/The%20Kraft%20Heinz%20Company_2010-05-27_transcript.pdf",
        "periodicity": "periodic"
    },
    {
        "equity_ticker": "KHC",
        "geography": "US",
        "content_name": "KHC Q2 2010 Transcript",
        "file_type": "pdf",
        "content_type": "earnings_transcript",
        "published_date": "2009-11-24",
        "fiscal_date": "2009-11-24",
        "fiscal_year": 2010,
        "fiscal_quarter": 2,
        "r2_url": "https://pub-2c783279b61043e19fbdadd1bee5153a.r2.dev/KHC/2009-11-24/The%20Kraft%20Heinz%20Company_2009-11-24_transcript/The%20Kraft%20Heinz%20Company_2009-11-24_transcript.pdf/The%20Kraft%20Heinz%20Company_2009-11-24_transcript.pdf",
        "periodicity": "periodic"
    },
    {
        "equity_ticker": "KHC",
        "geography": "US",
        "content_name": "KHC Q1 2010 Transcript",
        "file_type": "pdf",
        "content_type": "earnings_transcript",
        "published_date": "2009-08-20",
        "fiscal_date": "2009-08-20",
        "fiscal_year": 2010,
        "fiscal_quarter": 1,
        "r2_url": "https://pub-2c783279b61043e19fbdadd1bee5153a.r2.dev/KHC/2009-08-20/The%20Kraft%20Heinz%20Company_2009-08-20_transcript/The%20Kraft%20Heinz%20Company_2009-08-20_transcript.pdf/The%20Kraft%20Heinz%20Company_2009-08-20_transcript.pdf",
        "periodicity": "periodic"
    },
    {
        "equity_ticker": "KHC",
        "geography": "US",
        "content_name": "KHC Q4 2009 Transcript",
        "file_type": "pdf",
        "content_type": "earnings_transcript",
        "published_date": "2009-05-28",
        "fiscal_date": "2009-05-28",
        "fiscal_year": 2009,
        "fiscal_quarter": 4,
        "r2_url": "https://pub-2c783279b61043e19fbdadd1bee5153a.r2.dev/KHC/2009-05-28/The%20Kraft%20Heinz%20Company_2009-05-28_transcript/The%20Kraft%20Heinz%20Company_2009-05-28_transcript.pdf/The%20Kraft%20Heinz%20Company_2009-05-28_transcript.pdf",
        "periodicity": "periodic"
    },
    {
        "equity_ticker": "KHC",
        "geography": "US",
        "content_name": "KHC Q3 2009 Transcript",
        "file_type": "pdf",
        "content_type": "earnings_transcript",
        "published_date": "2009-02-24",
        "fiscal_date": "2009-02-24",
        "fiscal_year": 2009,
        "fiscal_quarter": 3,
        "r2_url": "https://pub-2c783279b61043e19fbdadd1bee5153a.r2.dev/KHC/2009-02-24/The%20Kraft%20Heinz%20Company_2009-02-24_transcript/The%20Kraft%20Heinz%20Company_2009-02-24_transcript.pdf/The%20Kraft%20Heinz%20Company_2009-02-24_transcript.pdf",
        "periodicity": "periodic"
    },
    {
        "equity_ticker": "KHC",
        "geography": "US",
        "content_name": "KHC Q1 2009 Transcript",
        "file_type": "pdf",
        "content_type": "earnings_transcript",
        "published_date": "2008-08-21",
        "fiscal_date": "2008-08-21",
        "fiscal_year": 2009,
        "fiscal_quarter": 1,
        "r2_url": "https://pub-2c783279b61043e19fbdadd1bee5153a.r2.dev/KHC/2008-08-21/The%20Kraft%20Heinz%20Company_2008-08-21_transcript/The%20Kraft%20Heinz%20Company_2008-08-21_transcript.pdf/The%20Kraft%20Heinz%20Company_2008-08-21_transcript.pdf",
        "periodicity": "periodic"
    },
    {
        "equity_ticker": "KHC",
        "geography": "US",
        "content_name": "KHC Q4 2008 Transcript",
        "file_type": "pdf",
        "content_type": "earnings_transcript",
        "published_date": "2008-05-30",
        "fiscal_date": "2008-05-30",
        "fiscal_year": 2008,
        "fiscal_quarter": 4,
        "r2_url": "https://pub-2c783279b61043e19fbdadd1bee5153a.r2.dev/KHC/2008-05-30/The%20Kraft%20Heinz%20Company_2008-05-30_transcript/The%20Kraft%20Heinz%20Company_2008-05-30_transcript.pdf/The%20Kraft%20Heinz%20Company_2008-05-30_transcript.pdf",
        "periodicity": "periodic"
    },
    {
        "equity_ticker": "KHC",
        "geography": "US",
        "content_name": "KHC Q3 2008 Transcript",
        "file_type": "pdf",
        "content_type": "earnings_transcript",
        "published_date": "2008-02-26",
        "fiscal_date": "2008-02-26",
        "fiscal_year": 2008,
        "fiscal_quarter": 3,
        "r2_url": "https://pub-2c783279b61043e19fbdadd1bee5153a.r2.dev/KHC/2008-02-26/The%20Kraft%20Heinz%20Company_2008-02-26_transcript/The%20Kraft%20Heinz%20Company_2008-02-26_transcript.pdf/The%20Kraft%20Heinz%20Company_2008-02-26_transcript.pdf",
        "periodicity": "periodic"
    },
    {
        "equity_ticker": "KHC",
        "geography": "US",
        "content_name": "KHC Q2 2008 Transcript",
        "file_type": "pdf",
        "content_type": "earnings_transcript",
        "published_date": "2007-11-29",
        "fiscal_date": "2007-11-29",
        "fiscal_year": 2008,
        "fiscal_quarter": 2,
        "r2_url": "https://pub-2c783279b61043e19fbdadd1bee5153a.r2.dev/KHC/2007-11-29/The%20Kraft%20Heinz%20Company_2007-11-29_transcript/The%20Kraft%20Heinz%20Company_2007-11-29_transcript.pdf/The%20Kraft%20Heinz%20Company_2007-11-29_transcript.pdf",
        "periodicity": "periodic"
    },
    {
        "equity_ticker": "KHC",
        "geography": "US",
        "content_name": "KHC Q1 2008 Transcript",
        "file_type": "pdf",
        "content_type": "earnings_transcript",
        "published_date": "2007-09-17",
        "fiscal_date": "2007-09-17",
        "fiscal_year": 2008,
        "fiscal_quarter": 1,
        "r2_url": "https://pub-2c783279b61043e19fbdadd1bee5153a.r2.dev/KHC/2007-09-17/The%20Kraft%20Heinz%20Company_2007-09-17_transcript/The%20Kraft%20Heinz%20Company_2007-09-17_transcript.pdf/The%20Kraft%20Heinz%20Company_2007-09-17_transcript.pdf",
        "periodicity": "periodic"
    }
]