[
    {
        "equity_ticker": "LW",
        "geography": "US",
        "content_name": "LW Q3 2025 Transcript",
        "file_type": "pdf",
        "content_type": "earnings_transcript",
        "published_date": "2025-04-03",
        "fiscal_date": "2025-04-03",
        "fiscal_year": 2025,
        "fiscal_quarter": 3,
        "r2_url": "https://pub-2c783279b61043e19fbdadd1bee5153a.r2.dev/LW/2025-04-03/Lamb%20Weston%20Holdings%2C%20Inc._2025-04-03_transcript/Lamb%20Weston%20Holdings%2C%20Inc._2025-04-03_transcript.pdf/Lamb%20Weston%20Holdings%2C%20Inc._2025-04-03_transcript.pdf",
        "periodicity": "periodic"
    },
    {
        "equity_ticker": "LW",
        "geography": "US",
        "content_name": "LW Q3 2025 Press Release",
        "file_type": "pdf",
        "content_type": "earnings_press_release",
        "published_date": "2025-04-03",
        "fiscal_date": "2025-04-03",
        "fiscal_year": 2025,
        "fiscal_quarter": 3,
        "r2_url": "https://pub-2c783279b61043e19fbdadd1bee5153a.r2.dev/LW/2025-04-03/127c8-2025-04-03-12-25-34/127c8-2025-04-03-12-25-34.pdf/127c8-2025-04-03-12-25-34.pdf",
        "periodicity": "periodic"
    },
    {
        "equity_ticker": "LW",
        "geography": "US",
        "content_name": "LW Q3 2025 Presentation",
        "file_type": "pdf",
        "content_type": "earnings_presentation",
        "published_date": "2025-04-03",
        "fiscal_date": "2025-04-03",
        "fiscal_year": 2025,
        "fiscal_quarter": 3,
        "r2_url": "https://pub-2c783279b61043e19fbdadd1bee5153a.r2.dev/LW/2025-04-03/3a1f6-2025-04-03-12-48-45/3a1f6-2025-04-03-12-48-45.pdf/3a1f6-2025-04-03-12-48-45.pdf",
        "periodicity": "periodic"
    },
    {
        "equity_ticker": "LW",
        "geography": "US",
        "content_name": "LW Q2 2025 Transcript",
        "file_type": "pdf",
        "content_type": "earnings_transcript",
        "published_date": "2024-12-19",
        "fiscal_date": "2024-12-19",
        "fiscal_year": 2025,
        "fiscal_quarter": 2,
        "r2_url": "https://pub-2c783279b61043e19fbdadd1bee5153a.r2.dev/LW/2024-12-19/Lamb%20Weston%20Holdings%2C%20Inc._2024-12-19_transcript/Lamb%20Weston%20Holdings%2C%20Inc._2024-12-19_transcript.pdf/Lamb%20Weston%20Holdings%2C%20Inc._2024-12-19_transcript.pdf",
        "periodicity": "periodic"
    },
    {
        "equity_ticker": "LW",
        "geography": "US",
        "content_name": "LW Q2 2025 Press Release",
        "file_type": "pdf",
        "content_type": "earnings_press_release",
        "published_date": "2024-12-19",
        "fiscal_date": "2024-12-19",
        "fiscal_year": 2025,
        "fiscal_quarter": 2,
        "r2_url": "https://pub-2c783279b61043e19fbdadd1bee5153a.r2.dev/LW/2024-12-19/caa72-2024-12-19-11-29-05/caa72-2024-12-19-11-29-05.pdf/caa72-2024-12-19-11-29-05.pdf",
        "periodicity": "periodic"
    },
    {
        "equity_ticker": "LW",
        "geography": "US",
        "content_name": "LW Q2 2025 Presentation",
        "file_type": "pdf",
        "content_type": "earnings_presentation",
        "published_date": "2024-12-19",
        "fiscal_date": "2024-12-19",
        "fiscal_year": 2025,
        "fiscal_quarter": 2,
        "r2_url": "https://pub-2c783279b61043e19fbdadd1bee5153a.r2.dev/LW/2024-12-19/12934-2024-12-19-02-16-26/12934-2024-12-19-02-16-26.pdf/12934-2024-12-19-02-16-26.pdf",
        "periodicity": "periodic"
    },
    {
        "equity_ticker": "LW",
        "geography": "US",
        "content_name": "LW Q1 2025 Transcript",
        "file_type": "pdf",
        "content_type": "earnings_transcript",
        "published_date": "2024-10-02",
        "fiscal_date": "2024-10-02",
        "fiscal_year": 2025,
        "fiscal_quarter": 1,
        "r2_url": "https://pub-2c783279b61043e19fbdadd1bee5153a.r2.dev/LW/2024-10-02/Lamb%20Weston%20Holdings%2C%20Inc._2024-10-02_transcript/Lamb%20Weston%20Holdings%2C%20Inc._2024-10-02_transcript.pdf/Lamb%20Weston%20Holdings%2C%20Inc._2024-10-02_transcript.pdf",
        "periodicity": "periodic"
    },
    {
        "equity_ticker": "LW",
        "geography": "US",
        "content_name": "LW Q1 2025 Press Release",
        "file_type": "pdf",
        "content_type": "earnings_press_release",
        "published_date": "2024-10-02",
        "fiscal_date": "2024-10-02",
        "fiscal_year": 2025,
        "fiscal_quarter": 1,
        "r2_url": "https://pub-2c783279b61043e19fbdadd1bee5153a.r2.dev/LW/2024-10-02/ef3be-2024-10-02-10-07-39/ef3be-2024-10-02-10-07-39.pdf/ef3be-2024-10-02-10-07-39.pdf",
        "periodicity": "periodic"
    },
    {
        "equity_ticker": "LW",
        "geography": "US",
        "content_name": "LW Q4 2024 Transcript",
        "file_type": "pdf",
        "content_type": "earnings_transcript",
        "published_date": "2024-07-24",
        "fiscal_date": "2024-07-24",
        "fiscal_year": 2024,
        "fiscal_quarter": 4,
        "r2_url": "https://pub-2c783279b61043e19fbdadd1bee5153a.r2.dev/LW/2024-07-24/Lamb%20Weston%20Holdings%2C%20Inc._2024-07-24_transcript/Lamb%20Weston%20Holdings%2C%20Inc._2024-07-24_transcript.pdf/Lamb%20Weston%20Holdings%2C%20Inc._2024-07-24_transcript.pdf",
        "periodicity": "periodic"
    },
    {
        "equity_ticker": "LW",
        "geography": "US",
        "content_name": "LW Q4 2024 Press Release",
        "file_type": "pdf",
        "content_type": "earnings_press_release",
        "published_date": "2024-07-24",
        "fiscal_date": "2024-07-24",
        "fiscal_year": 2024,
        "fiscal_quarter": 4,
        "r2_url": "https://pub-2c783279b61043e19fbdadd1bee5153a.r2.dev/LW/2024-07-24/5bde1-2024-07-24-12-34-34/5bde1-2024-07-24-12-34-34.pdf/5bde1-2024-07-24-12-34-34.pdf",
        "periodicity": "periodic"
    },
    {
        "equity_ticker": "LW",
        "geography": "US",
        "content_name": "LW Q3 2024 Transcript",
        "file_type": "pdf",
        "content_type": "earnings_transcript",
        "published_date": "2024-04-04",
        "fiscal_date": "2024-04-04",
        "fiscal_year": 2024,
        "fiscal_quarter": 3,
        "r2_url": "https://pub-2c783279b61043e19fbdadd1bee5153a.r2.dev/LW/2024-04-04/Lamb%20Weston%20Holdings%2C%20Inc._2024-04-04_transcript/Lamb%20Weston%20Holdings%2C%20Inc._2024-04-04_transcript.pdf/Lamb%20Weston%20Holdings%2C%20Inc._2024-04-04_transcript.pdf",
        "periodicity": "periodic"
    },
    {
        "equity_ticker": "LW",
        "geography": "US",
        "content_name": "LW Q3 2024 Press Release",
        "file_type": "pdf",
        "content_type": "earnings_press_release",
        "published_date": "2024-04-04",
        "fiscal_date": "2024-04-04",
        "fiscal_year": 2024,
        "fiscal_quarter": 3,
        "r2_url": "https://pub-2c783279b61043e19fbdadd1bee5153a.r2.dev/LW/2024-04-04/c615e-2024-04-04-12-58-34/c615e-2024-04-04-12-58-34.pdf/c615e-2024-04-04-12-58-34.pdf",
        "periodicity": "periodic"
    },
    {
        "equity_ticker": "LW",
        "geography": "US",
        "content_name": "LW Q2 2024 Transcript",
        "file_type": "pdf",
        "content_type": "earnings_transcript",
        "published_date": "2024-01-04",
        "fiscal_date": "2024-01-04",
        "fiscal_year": 2024,
        "fiscal_quarter": 2,
        "r2_url": "https://pub-2c783279b61043e19fbdadd1bee5153a.r2.dev/LW/2024-01-04/Lamb%20Weston%20Holdings%2C%20Inc._2024-01-04_transcript/Lamb%20Weston%20Holdings%2C%20Inc._2024-01-04_transcript.pdf/Lamb%20Weston%20Holdings%2C%20Inc._2024-01-04_transcript.pdf",
        "periodicity": "periodic"
    },
    {
        "equity_ticker": "LW",
        "geography": "US",
        "content_name": "LW Q2 2024 Press Release",
        "file_type": "pdf",
        "content_type": "earnings_press_release",
        "published_date": "2024-01-04",
        "fiscal_date": "2024-01-04",
        "fiscal_year": 2024,
        "fiscal_quarter": 2,
        "r2_url": "https://pub-2c783279b61043e19fbdadd1bee5153a.r2.dev/LW/2024-01-04/4f788-2024-01-04-01-15-42/4f788-2024-01-04-01-15-42.pdf/4f788-2024-01-04-01-15-42.pdf",
        "periodicity": "periodic"
    },
    {
        "equity_ticker": "LW",
        "geography": "US",
        "content_name": "Investor Day 2023 - October 11, 2023",
        "file_type": "pdf",
        "content_type": "company_conference_transcript",
        "published_date": "2023-10-11",
        "fiscal_date": "2023-10-11",
        "fiscal_year": 0,
        "fiscal_quarter": 0,
        "r2_url": "https://pub-2c783279b61043e19fbdadd1bee5153a.r2.dev/LW/2023-10-11/Lamb%20Weston%20Holdings%2C%20Inc._2023-10-11_transcript/Lamb%20Weston%20Holdings%2C%20Inc._2023-10-11_transcript.pdf/Lamb%20Weston%20Holdings%2C%20Inc._2023-10-11_transcript.pdf",
        "periodicity": "non_periodic"
    },
    {
        "equity_ticker": "LW",
        "geography": "US",
        "content_name": "Investor Day 2023 - October 11, 2023",
        "file_type": "pdf",
        "content_type": "company_conference_press_release",
        "published_date": "2023-10-11",
        "fiscal_date": "2023-10-11",
        "fiscal_year": 0,
        "fiscal_quarter": 0,
        "r2_url": "https://pub-2c783279b61043e19fbdadd1bee5153a.r2.dev/LW/2023-10-11/30065-2023-10-11-12-00-21/30065-2023-10-11-12-00-21.pdf/30065-2023-10-11-12-00-21.pdf",
        "periodicity": "non_periodic"
    },
    {
        "equity_ticker": "LW",
        "geography": "US",
        "content_name": "LW Q1 2024 Transcript",
        "file_type": "pdf",
        "content_type": "earnings_transcript",
        "published_date": "2023-10-05",
        "fiscal_date": "2023-10-05",
        "fiscal_year": 2024,
        "fiscal_quarter": 1,
        "r2_url": "https://pub-2c783279b61043e19fbdadd1bee5153a.r2.dev/LW/2023-10-05/Lamb%20Weston%20Holdings%2C%20Inc._2023-10-05_transcript/Lamb%20Weston%20Holdings%2C%20Inc._2023-10-05_transcript.pdf/Lamb%20Weston%20Holdings%2C%20Inc._2023-10-05_transcript.pdf",
        "periodicity": "periodic"
    },
    {
        "equity_ticker": "LW",
        "geography": "US",
        "content_name": "LW Q1 2024 Press Release",
        "file_type": "pdf",
        "content_type": "earnings_press_release",
        "published_date": "2023-10-05",
        "fiscal_date": "2023-10-05",
        "fiscal_year": 2024,
        "fiscal_quarter": 1,
        "r2_url": "https://pub-2c783279b61043e19fbdadd1bee5153a.r2.dev/LW/2023-10-05/bb26c-2023-10-05-01-03-19/bb26c-2023-10-05-01-03-19.pdf/bb26c-2023-10-05-01-03-19.pdf",
        "periodicity": "periodic"
    },
    {
        "equity_ticker": "LW",
        "geography": "US",
        "content_name": "LW Q4 2023 Transcript",
        "file_type": "pdf",
        "content_type": "earnings_transcript",
        "published_date": "2023-07-25",
        "fiscal_date": "2023-07-25",
        "fiscal_year": 2023,
        "fiscal_quarter": 4,
        "r2_url": "https://pub-2c783279b61043e19fbdadd1bee5153a.r2.dev/LW/2023-07-25/Lamb%20Weston%20Holdings%2C%20Inc._2023-07-25_transcript/Lamb%20Weston%20Holdings%2C%20Inc._2023-07-25_transcript.pdf/Lamb%20Weston%20Holdings%2C%20Inc._2023-07-25_transcript.pdf",
        "periodicity": "periodic"
    },
    {
        "equity_ticker": "LW",
        "geography": "US",
        "content_name": "LW Q4 2023 Press Release",
        "file_type": "pdf",
        "content_type": "earnings_press_release",
        "published_date": "2023-07-25",
        "fiscal_date": "2023-07-25",
        "fiscal_year": 2023,
        "fiscal_quarter": 4,
        "r2_url": "https://pub-2c783279b61043e19fbdadd1bee5153a.r2.dev/LW/2023-07-25/895e5-2023-07-25-12-49-43/895e5-2023-07-25-12-49-43.pdf/895e5-2023-07-25-12-49-43.pdf",
        "periodicity": "periodic"
    },
    {
        "equity_ticker": "LW",
        "geography": "US",
        "content_name": "LW Q3 2023 Transcript",
        "file_type": "pdf",
        "content_type": "earnings_transcript",
        "published_date": "2023-04-06",
        "fiscal_date": "2023-04-06",
        "fiscal_year": 2023,
        "fiscal_quarter": 3,
        "r2_url": "https://pub-2c783279b61043e19fbdadd1bee5153a.r2.dev/LW/2023-04-06/Lamb%20Weston%20Holdings%2C%20Inc._2023-04-06_transcript/Lamb%20Weston%20Holdings%2C%20Inc._2023-04-06_transcript.pdf/Lamb%20Weston%20Holdings%2C%20Inc._2023-04-06_transcript.pdf",
        "periodicity": "periodic"
    },
    {
        "equity_ticker": "LW",
        "geography": "US",
        "content_name": "LW Q3 2023 Press Release",
        "file_type": "pdf",
        "content_type": "earnings_press_release",
        "published_date": "2023-04-06",
        "fiscal_date": "2023-04-06",
        "fiscal_year": 2023,
        "fiscal_quarter": 3,
        "r2_url": "https://pub-2c783279b61043e19fbdadd1bee5153a.r2.dev/LW/2023-04-06/b25a7-2023-04-06-12-35-38/b25a7-2023-04-06-12-35-38.pdf/b25a7-2023-04-06-12-35-38.pdf",
        "periodicity": "periodic"
    },
    {
        "equity_ticker": "LW",
        "geography": "US",
        "content_name": "LW Q2 2023 Transcript",
        "file_type": "pdf",
        "content_type": "earnings_transcript",
        "published_date": "2023-01-05",
        "fiscal_date": "2023-01-05",
        "fiscal_year": 2023,
        "fiscal_quarter": 2,
        "r2_url": "https://pub-2c783279b61043e19fbdadd1bee5153a.r2.dev/LW/2023-01-05/Lamb%20Weston%20Holdings%2C%20Inc._2023-01-05_transcript/Lamb%20Weston%20Holdings%2C%20Inc._2023-01-05_transcript.pdf/Lamb%20Weston%20Holdings%2C%20Inc._2023-01-05_transcript.pdf",
        "periodicity": "periodic"
    },
    {
        "equity_ticker": "LW",
        "geography": "US",
        "content_name": "LW Q2 2023 Press Release",
        "file_type": "pdf",
        "content_type": "earnings_press_release",
        "published_date": "2023-01-05",
        "fiscal_date": "2023-01-05",
        "fiscal_year": 2023,
        "fiscal_quarter": 2,
        "r2_url": "https://pub-2c783279b61043e19fbdadd1bee5153a.r2.dev/LW/2023-01-05/4e09c-2023-01-05-02-28-25/4e09c-2023-01-05-02-28-25.pdf/4e09c-2023-01-05-02-28-25.pdf",
        "periodicity": "periodic"
    },
    {
        "equity_ticker": "LW",
        "geography": "US",
        "content_name": "M&A Announcement - October 20, 2022",
        "file_type": "pdf",
        "content_type": "company_conference_transcript",
        "published_date": "2022-10-20",
        "fiscal_date": "2022-10-20",
        "fiscal_year": 0,
        "fiscal_quarter": 0,
        "r2_url": "https://pub-2c783279b61043e19fbdadd1bee5153a.r2.dev/LW/2022-10-20/Lamb%20Weston%20Holdings%2C%20Inc._2022-10-20_transcript/Lamb%20Weston%20Holdings%2C%20Inc._2022-10-20_transcript.pdf/Lamb%20Weston%20Holdings%2C%20Inc._2022-10-20_transcript.pdf",
        "periodicity": "non_periodic"
    },
    {
        "equity_ticker": "LW",
        "geography": "US",
        "content_name": "M&A Announcement - October 20, 2022",
        "file_type": "pdf",
        "content_type": "company_conference_press_release",
        "published_date": "2022-10-20",
        "fiscal_date": "2022-10-20",
        "fiscal_year": 0,
        "fiscal_quarter": 0,
        "r2_url": "https://pub-2c783279b61043e19fbdadd1bee5153a.r2.dev/LW/2022-10-20/d71c6-2025-03-03-02-52-24/d71c6-2025-03-03-02-52-24.pdf/d71c6-2025-03-03-02-52-24.pdf",
        "periodicity": "non_periodic"
    },
    {
        "equity_ticker": "LW",
        "geography": "US",
        "content_name": "M&A Announcement - October 20, 2022",
        "file_type": "pdf",
        "content_type": "company_conference_presentation",
        "published_date": "2022-10-20",
        "fiscal_date": "2022-10-20",
        "fiscal_year": 0,
        "fiscal_quarter": 0,
        "r2_url": "https://pub-2c783279b61043e19fbdadd1bee5153a.r2.dev/LW/2022-10-20/011bb-2022-10-23-02-40-58/011bb-2022-10-23-02-40-58.pdf/011bb-2022-10-23-02-40-58.pdf",
        "periodicity": "non_periodic"
    },
    {
        "equity_ticker": "LW",
        "geography": "US",
        "content_name": "LW Q1 2023 Transcript",
        "file_type": "pdf",
        "content_type": "earnings_transcript",
        "published_date": "2022-10-05",
        "fiscal_date": "2022-10-05",
        "fiscal_year": 2023,
        "fiscal_quarter": 1,
        "r2_url": "https://pub-2c783279b61043e19fbdadd1bee5153a.r2.dev/LW/2022-10-05/Lamb%20Weston%20Holdings%2C%20Inc._2022-10-05_transcript/Lamb%20Weston%20Holdings%2C%20Inc._2022-10-05_transcript.pdf/Lamb%20Weston%20Holdings%2C%20Inc._2022-10-05_transcript.pdf",
        "periodicity": "periodic"
    },
    {
        "equity_ticker": "LW",
        "geography": "US",
        "content_name": "LW Q1 2023 Press Release",
        "file_type": "pdf",
        "content_type": "earnings_press_release",
        "published_date": "2022-10-05",
        "fiscal_date": "2022-10-05",
        "fiscal_year": 2023,
        "fiscal_quarter": 1,
        "r2_url": "https://pub-2c783279b61043e19fbdadd1bee5153a.r2.dev/LW/2022-10-05/6542b-2022-10-05-03-35-25/6542b-2022-10-05-03-35-25.pdf/6542b-2022-10-05-03-35-25.pdf",
        "periodicity": "periodic"
    },
    {
        "equity_ticker": "LW",
        "geography": "US",
        "content_name": "LW Q4 2022 Transcript",
        "file_type": "pdf",
        "content_type": "earnings_transcript",
        "published_date": "2022-07-27",
        "fiscal_date": "2022-07-27",
        "fiscal_year": 2022,
        "fiscal_quarter": 4,
        "r2_url": "https://pub-2c783279b61043e19fbdadd1bee5153a.r2.dev/LW/2022-07-27/Lamb%20Weston%20Holdings%2C%20Inc._2022-07-27_transcript/Lamb%20Weston%20Holdings%2C%20Inc._2022-07-27_transcript.pdf/Lamb%20Weston%20Holdings%2C%20Inc._2022-07-27_transcript.pdf",
        "periodicity": "periodic"
    },
    {
        "equity_ticker": "LW",
        "geography": "US",
        "content_name": "LW Q4 2022 Press Release",
        "file_type": "pdf",
        "content_type": "earnings_press_release",
        "published_date": "2022-07-27",
        "fiscal_date": "2022-07-27",
        "fiscal_year": 2022,
        "fiscal_quarter": 4,
        "r2_url": "https://pub-2c783279b61043e19fbdadd1bee5153a.r2.dev/LW/2022-07-27/21701-2022-07-27-12-49-39/21701-2022-07-27-12-49-39.pdf/21701-2022-07-27-12-49-39.pdf",
        "periodicity": "periodic"
    },
    {
        "equity_ticker": "LW",
        "geography": "US",
        "content_name": "LW Q3 2022 Transcript",
        "file_type": "pdf",
        "content_type": "earnings_transcript",
        "published_date": "2022-04-06",
        "fiscal_date": "2022-04-06",
        "fiscal_year": 2022,
        "fiscal_quarter": 3,
        "r2_url": "https://pub-2c783279b61043e19fbdadd1bee5153a.r2.dev/LW/2022-04-06/Lamb%20Weston%20Holdings%2C%20Inc._2022-04-06_transcript/Lamb%20Weston%20Holdings%2C%20Inc._2022-04-06_transcript.pdf/Lamb%20Weston%20Holdings%2C%20Inc._2022-04-06_transcript.pdf",
        "periodicity": "periodic"
    },
    {
        "equity_ticker": "LW",
        "geography": "US",
        "content_name": "LW Q3 2022 Press Release",
        "file_type": "pdf",
        "content_type": "quarterly_report",
        "published_date": "2022-04-06",
        "fiscal_date": "2022-04-06",
        "fiscal_year": 2022,
        "fiscal_quarter": 3,
        "r2_url": "https://pub-2c783279b61043e19fbdadd1bee5153a.r2.dev/LW/2022-04-06/1eaa3-2024-08-29-06-14-34/1eaa3-2024-08-29-06-14-34.pdf/1eaa3-2024-08-29-06-14-34.pdf",
        "periodicity": "periodic"
    },
    {
        "equity_ticker": "LW",
        "geography": "US",
        "content_name": "LW Q2 2022 Transcript",
        "file_type": "pdf",
        "content_type": "earnings_transcript",
        "published_date": "2022-01-06",
        "fiscal_date": "2022-01-06",
        "fiscal_year": 2022,
        "fiscal_quarter": 2,
        "r2_url": "https://pub-2c783279b61043e19fbdadd1bee5153a.r2.dev/LW/2022-01-06/Lamb%20Weston%20Holdings%2C%20Inc._2022-01-06_transcript/Lamb%20Weston%20Holdings%2C%20Inc._2022-01-06_transcript.pdf/Lamb%20Weston%20Holdings%2C%20Inc._2022-01-06_transcript.pdf",
        "periodicity": "periodic"
    },
    {
        "equity_ticker": "LW",
        "geography": "US",
        "content_name": "LW Q2 2022 Press Release",
        "file_type": "pdf",
        "content_type": "earnings_press_release",
        "published_date": "2022-01-06",
        "fiscal_date": "2022-01-06",
        "fiscal_year": 2022,
        "fiscal_quarter": 2,
        "r2_url": "https://pub-2c783279b61043e19fbdadd1bee5153a.r2.dev/LW/2022-01-06/00330-2023-01-25-12-09-10/00330-2023-01-25-12-09-10.pdf/00330-2023-01-25-12-09-10.pdf",
        "periodicity": "periodic"
    },
    {
        "equity_ticker": "LW",
        "geography": "US",
        "content_name": "LW Q1 2022 Transcript",
        "file_type": "pdf",
        "content_type": "earnings_transcript",
        "published_date": "2021-10-07",
        "fiscal_date": "2021-10-07",
        "fiscal_year": 2022,
        "fiscal_quarter": 1,
        "r2_url": "https://pub-2c783279b61043e19fbdadd1bee5153a.r2.dev/LW/2021-10-07/Lamb%20Weston%20Holdings%2C%20Inc._2021-10-07_transcript/Lamb%20Weston%20Holdings%2C%20Inc._2021-10-07_transcript.pdf/Lamb%20Weston%20Holdings%2C%20Inc._2021-10-07_transcript.pdf",
        "periodicity": "periodic"
    },
    {
        "equity_ticker": "LW",
        "geography": "US",
        "content_name": "LW Q1 2022 Press Release",
        "file_type": "pdf",
        "content_type": "quarterly_report",
        "published_date": "2021-10-07",
        "fiscal_date": "2021-10-07",
        "fiscal_year": 2022,
        "fiscal_quarter": 1,
        "r2_url": "https://pub-2c783279b61043e19fbdadd1bee5153a.r2.dev/LW/2021-10-07/cb1a6-2024-08-29-06-23-34/cb1a6-2024-08-29-06-23-34.pdf/cb1a6-2024-08-29-06-23-34.pdf",
        "periodicity": "periodic"
    },
    {
        "equity_ticker": "LW",
        "geography": "US",
        "content_name": "LW Q4 2021 Transcript",
        "file_type": "pdf",
        "content_type": "earnings_transcript",
        "published_date": "2021-07-27",
        "fiscal_date": "2021-07-27",
        "fiscal_year": 2021,
        "fiscal_quarter": 4,
        "r2_url": "https://pub-2c783279b61043e19fbdadd1bee5153a.r2.dev/LW/2021-07-27/Lamb%20Weston%20Holdings%2C%20Inc._2021-07-27_transcript/Lamb%20Weston%20Holdings%2C%20Inc._2021-07-27_transcript.pdf/Lamb%20Weston%20Holdings%2C%20Inc._2021-07-27_transcript.pdf",
        "periodicity": "periodic"
    },
    {
        "equity_ticker": "LW",
        "geography": "US",
        "content_name": "LW Q4 2021 Press Release",
        "file_type": "pdf",
        "content_type": "earnings_press_release",
        "published_date": "2021-07-27",
        "fiscal_date": "2021-07-27",
        "fiscal_year": 2021,
        "fiscal_quarter": 4,
        "r2_url": "https://pub-2c783279b61043e19fbdadd1bee5153a.r2.dev/LW/2021-07-27/d64a0-2023-01-25-09-35-43/d64a0-2023-01-25-09-35-43.pdf/d64a0-2023-01-25-09-35-43.pdf",
        "periodicity": "periodic"
    },
    {
        "equity_ticker": "LW",
        "geography": "US",
        "content_name": "LW Q3 2021 Transcript",
        "file_type": "pdf",
        "content_type": "earnings_transcript",
        "published_date": "2021-04-07",
        "fiscal_date": "2021-04-07",
        "fiscal_year": 2021,
        "fiscal_quarter": 3,
        "r2_url": "https://pub-2c783279b61043e19fbdadd1bee5153a.r2.dev/LW/2021-04-07/Lamb%20Weston%20Holdings%2C%20Inc._2021-04-07_transcript/Lamb%20Weston%20Holdings%2C%20Inc._2021-04-07_transcript.pdf/Lamb%20Weston%20Holdings%2C%20Inc._2021-04-07_transcript.pdf",
        "periodicity": "periodic"
    },
    {
        "equity_ticker": "LW",
        "geography": "US",
        "content_name": "LW Q3 2021 Press Release",
        "file_type": "pdf",
        "content_type": "quarterly_report",
        "published_date": "2021-04-07",
        "fiscal_date": "2021-04-07",
        "fiscal_year": 2021,
        "fiscal_quarter": 3,
        "r2_url": "https://pub-2c783279b61043e19fbdadd1bee5153a.r2.dev/LW/2021-04-07/4cb70-2024-08-29-06-23-34/4cb70-2024-08-29-06-23-34.pdf/4cb70-2024-08-29-06-23-34.pdf",
        "periodicity": "periodic"
    },
    {
        "equity_ticker": "LW",
        "geography": "US",
        "content_name": "LW Q2 2021 Transcript",
        "file_type": "pdf",
        "content_type": "earnings_transcript",
        "published_date": "2021-01-07",
        "fiscal_date": "2021-01-07",
        "fiscal_year": 2021,
        "fiscal_quarter": 2,
        "r2_url": "https://pub-2c783279b61043e19fbdadd1bee5153a.r2.dev/LW/2021-01-07/Lamb%20Weston%20Holdings%2C%20Inc._2021-01-07_transcript/Lamb%20Weston%20Holdings%2C%20Inc._2021-01-07_transcript.pdf/Lamb%20Weston%20Holdings%2C%20Inc._2021-01-07_transcript.pdf",
        "periodicity": "periodic"
    },
    {
        "equity_ticker": "LW",
        "geography": "US",
        "content_name": "LW Q2 2021 Press Release",
        "file_type": "pdf",
        "content_type": "earnings_press_release",
        "published_date": "2021-01-07",
        "fiscal_date": "2021-01-07",
        "fiscal_year": 2021,
        "fiscal_quarter": 2,
        "r2_url": "https://pub-2c783279b61043e19fbdadd1bee5153a.r2.dev/LW/2021-01-07/c157f-2023-09-18-06-23-57/c157f-2023-09-18-06-23-57.pdf/c157f-2023-09-18-06-23-57.pdf",
        "periodicity": "periodic"
    },
    {
        "equity_ticker": "LW",
        "geography": "US",
        "content_name": "LW Q1 2021 Transcript",
        "file_type": "pdf",
        "content_type": "earnings_transcript",
        "published_date": "2020-10-07",
        "fiscal_date": "2020-10-07",
        "fiscal_year": 2021,
        "fiscal_quarter": 1,
        "r2_url": "https://pub-2c783279b61043e19fbdadd1bee5153a.r2.dev/LW/2020-10-07/Lamb%20Weston%20Holdings%2C%20Inc._2020-10-07_transcript/Lamb%20Weston%20Holdings%2C%20Inc._2020-10-07_transcript.pdf/Lamb%20Weston%20Holdings%2C%20Inc._2020-10-07_transcript.pdf",
        "periodicity": "periodic"
    },
    {
        "equity_ticker": "LW",
        "geography": "US",
        "content_name": "LW Q1 2021 Press Release",
        "file_type": "pdf",
        "content_type": "earnings_press_release",
        "published_date": "2020-10-07",
        "fiscal_date": "2020-10-07",
        "fiscal_year": 2021,
        "fiscal_quarter": 1,
        "r2_url": "https://pub-2c783279b61043e19fbdadd1bee5153a.r2.dev/LW/2020-10-07/aced2-2023-09-18-07-07-02/aced2-2023-09-18-07-07-02.pdf/aced2-2023-09-18-07-07-02.pdf",
        "periodicity": "periodic"
    },
    {
        "equity_ticker": "LW",
        "geography": "US",
        "content_name": "LW Q4 2020 Transcript",
        "file_type": "pdf",
        "content_type": "earnings_transcript",
        "published_date": "2020-07-28",
        "fiscal_date": "2020-07-28",
        "fiscal_year": 2020,
        "fiscal_quarter": 4,
        "r2_url": "https://pub-2c783279b61043e19fbdadd1bee5153a.r2.dev/LW/2020-07-28/Lamb%20Weston%20Holdings%2C%20Inc._2020-07-28_transcript/Lamb%20Weston%20Holdings%2C%20Inc._2020-07-28_transcript.pdf/Lamb%20Weston%20Holdings%2C%20Inc._2020-07-28_transcript.pdf",
        "periodicity": "periodic"
    },
    {
        "equity_ticker": "LW",
        "geography": "US",
        "content_name": "LW Q4 2020 Press Release",
        "file_type": "pdf",
        "content_type": "earnings_press_release",
        "published_date": "2020-07-28",
        "fiscal_date": "2020-07-28",
        "fiscal_year": 2020,
        "fiscal_quarter": 4,
        "r2_url": "https://pub-2c783279b61043e19fbdadd1bee5153a.r2.dev/LW/2020-07-28/d791e-2023-09-18-07-48-18/d791e-2023-09-18-07-48-18.pdf/d791e-2023-09-18-07-48-18.pdf",
        "periodicity": "periodic"
    },
    {
        "equity_ticker": "LW",
        "geography": "US",
        "content_name": "LW Q3 2020 Transcript",
        "file_type": "pdf",
        "content_type": "earnings_transcript",
        "published_date": "2020-04-01",
        "fiscal_date": "2020-04-01",
        "fiscal_year": 2020,
        "fiscal_quarter": 3,
        "r2_url": "https://pub-2c783279b61043e19fbdadd1bee5153a.r2.dev/LW/2020-04-01/Lamb%20Weston%20Holdings%2C%20Inc._2020-04-01_transcript/Lamb%20Weston%20Holdings%2C%20Inc._2020-04-01_transcript.pdf/Lamb%20Weston%20Holdings%2C%20Inc._2020-04-01_transcript.pdf",
        "periodicity": "periodic"
    },
    {
        "equity_ticker": "LW",
        "geography": "US",
        "content_name": "LW Q3 2020 Press Release",
        "file_type": "pdf",
        "content_type": "earnings_press_release",
        "published_date": "2020-04-01",
        "fiscal_date": "2020-04-01",
        "fiscal_year": 2020,
        "fiscal_quarter": 3,
        "r2_url": "https://pub-2c783279b61043e19fbdadd1bee5153a.r2.dev/LW/2020-04-01/b269d-2023-09-18-07-12-22/b269d-2023-09-18-07-12-22.pdf/b269d-2023-09-18-07-12-22.pdf",
        "periodicity": "periodic"
    },
    {
        "equity_ticker": "LW",
        "geography": "US",
        "content_name": "LW Q2 2020 Transcript",
        "file_type": "pdf",
        "content_type": "earnings_transcript",
        "published_date": "2020-01-03",
        "fiscal_date": "2020-01-03",
        "fiscal_year": 2020,
        "fiscal_quarter": 2,
        "r2_url": "https://pub-2c783279b61043e19fbdadd1bee5153a.r2.dev/LW/2020-01-03/Lamb%20Weston%20Holdings%2C%20Inc._2020-01-03_transcript/Lamb%20Weston%20Holdings%2C%20Inc._2020-01-03_transcript.pdf/Lamb%20Weston%20Holdings%2C%20Inc._2020-01-03_transcript.pdf",
        "periodicity": "periodic"
    },
    {
        "equity_ticker": "LW",
        "geography": "US",
        "content_name": "LW Q2 2020 Press Release",
        "file_type": "pdf",
        "content_type": "earnings_press_release",
        "published_date": "2020-01-03",
        "fiscal_date": "2020-01-03",
        "fiscal_year": 2020,
        "fiscal_quarter": 2,
        "r2_url": "https://pub-2c783279b61043e19fbdadd1bee5153a.r2.dev/LW/2020-01-03/b5f7c-2023-09-18-07-53-26/b5f7c-2023-09-18-07-53-26.pdf/b5f7c-2023-09-18-07-53-26.pdf",
        "periodicity": "periodic"
    },
    {
        "equity_ticker": "LW",
        "geography": "US",
        "content_name": "LW Q1 2020 Transcript",
        "file_type": "pdf",
        "content_type": "earnings_transcript",
        "published_date": "2019-10-02",
        "fiscal_date": "2019-10-02",
        "fiscal_year": 2020,
        "fiscal_quarter": 1,
        "r2_url": "https://pub-2c783279b61043e19fbdadd1bee5153a.r2.dev/LW/2019-10-02/Lamb%20Weston%20Holdings%2C%20Inc._2019-10-02_transcript/Lamb%20Weston%20Holdings%2C%20Inc._2019-10-02_transcript.pdf/Lamb%20Weston%20Holdings%2C%20Inc._2019-10-02_transcript.pdf",
        "periodicity": "periodic"
    },
    {
        "equity_ticker": "LW",
        "geography": "US",
        "content_name": "LW Q1 2020 Press Release",
        "file_type": "pdf",
        "content_type": "earnings_press_release",
        "published_date": "2019-10-02",
        "fiscal_date": "2019-10-02",
        "fiscal_year": 2020,
        "fiscal_quarter": 1,
        "r2_url": "https://pub-2c783279b61043e19fbdadd1bee5153a.r2.dev/LW/2019-10-02/dae2c-2023-09-18-07-13-31/dae2c-2023-09-18-07-13-31.pdf/dae2c-2023-09-18-07-13-31.pdf",
        "periodicity": "periodic"
    },
    {
        "equity_ticker": "LW",
        "geography": "US",
        "content_name": "LW Q4 2019 Transcript",
        "file_type": "pdf",
        "content_type": "earnings_transcript",
        "published_date": "2019-07-23",
        "fiscal_date": "2019-07-23",
        "fiscal_year": 2019,
        "fiscal_quarter": 4,
        "r2_url": "https://pub-2c783279b61043e19fbdadd1bee5153a.r2.dev/LW/2019-07-23/Lamb%20Weston%20Holdings%2C%20Inc._2019-07-23_transcript/Lamb%20Weston%20Holdings%2C%20Inc._2019-07-23_transcript.pdf/Lamb%20Weston%20Holdings%2C%20Inc._2019-07-23_transcript.pdf",
        "periodicity": "periodic"
    },
    {
        "equity_ticker": "LW",
        "geography": "US",
        "content_name": "LW Q4 2019 Press Release",
        "file_type": "pdf",
        "content_type": "earnings_press_release",
        "published_date": "2019-07-23",
        "fiscal_date": "2019-07-23",
        "fiscal_year": 2019,
        "fiscal_quarter": 4,
        "r2_url": "https://pub-2c783279b61043e19fbdadd1bee5153a.r2.dev/LW/2019-07-23/f8370-2023-09-18-07-18-59/f8370-2023-09-18-07-18-59.pdf/f8370-2023-09-18-07-18-59.pdf",
        "periodicity": "periodic"
    },
    {
        "equity_ticker": "LW",
        "geography": "US",
        "content_name": "LW Q3 2019 Transcript",
        "file_type": "pdf",
        "content_type": "earnings_transcript",
        "published_date": "2019-04-02",
        "fiscal_date": "2019-04-02",
        "fiscal_year": 2019,
        "fiscal_quarter": 3,
        "r2_url": "https://pub-2c783279b61043e19fbdadd1bee5153a.r2.dev/LW/2019-04-02/Lamb%20Weston%20Holdings%2C%20Inc._2019-04-02_transcript/Lamb%20Weston%20Holdings%2C%20Inc._2019-04-02_transcript.pdf/Lamb%20Weston%20Holdings%2C%20Inc._2019-04-02_transcript.pdf",
        "periodicity": "periodic"
    },
    {
        "equity_ticker": "LW",
        "geography": "US",
        "content_name": "LW Q3 2019 Press Release",
        "file_type": "pdf",
        "content_type": "earnings_press_release",
        "published_date": "2019-04-02",
        "fiscal_date": "2019-04-02",
        "fiscal_year": 2019,
        "fiscal_quarter": 3,
        "r2_url": "https://pub-2c783279b61043e19fbdadd1bee5153a.r2.dev/LW/2019-04-02/8ffd8-2023-09-18-08-46-01/8ffd8-2023-09-18-08-46-01.pdf/8ffd8-2023-09-18-08-46-01.pdf",
        "periodicity": "periodic"
    },
    {
        "equity_ticker": "LW",
        "geography": "US",
        "content_name": "LW Q2 2019 Transcript",
        "file_type": "pdf",
        "content_type": "earnings_transcript",
        "published_date": "2019-01-04",
        "fiscal_date": "2019-01-04",
        "fiscal_year": 2019,
        "fiscal_quarter": 2,
        "r2_url": "https://pub-2c783279b61043e19fbdadd1bee5153a.r2.dev/LW/2019-01-04/Lamb%20Weston%20Holdings%2C%20Inc._2019-01-04_transcript/Lamb%20Weston%20Holdings%2C%20Inc._2019-01-04_transcript.pdf/Lamb%20Weston%20Holdings%2C%20Inc._2019-01-04_transcript.pdf",
        "periodicity": "periodic"
    },
    {
        "equity_ticker": "LW",
        "geography": "US",
        "content_name": "LW Q2 2019 Press Release",
        "file_type": "pdf",
        "content_type": "earnings_press_release",
        "published_date": "2019-01-04",
        "fiscal_date": "2019-01-04",
        "fiscal_year": 2019,
        "fiscal_quarter": 2,
        "r2_url": "https://pub-2c783279b61043e19fbdadd1bee5153a.r2.dev/LW/2019-01-04/99b5f-2023-09-18-08-35-06/99b5f-2023-09-18-08-35-06.pdf/99b5f-2023-09-18-08-35-06.pdf",
        "periodicity": "periodic"
    },
    {
        "equity_ticker": "LW",
        "geography": "US",
        "content_name": "LW Q1 2019 Transcript",
        "file_type": "pdf",
        "content_type": "earnings_transcript",
        "published_date": "2018-10-02",
        "fiscal_date": "2018-10-02",
        "fiscal_year": 2019,
        "fiscal_quarter": 1,
        "r2_url": "https://pub-2c783279b61043e19fbdadd1bee5153a.r2.dev/LW/2018-10-02/Lamb%20Weston%20Holdings%2C%20Inc._2018-10-02_transcript/Lamb%20Weston%20Holdings%2C%20Inc._2018-10-02_transcript.pdf/Lamb%20Weston%20Holdings%2C%20Inc._2018-10-02_transcript.pdf",
        "periodicity": "periodic"
    },
    {
        "equity_ticker": "LW",
        "geography": "US",
        "content_name": "LW Q1 2019 Press Release",
        "file_type": "pdf",
        "content_type": "earnings_press_release",
        "published_date": "2018-10-02",
        "fiscal_date": "2018-10-02",
        "fiscal_year": 2019,
        "fiscal_quarter": 1,
        "r2_url": "https://pub-2c783279b61043e19fbdadd1bee5153a.r2.dev/LW/2018-10-02/5f2f9-2023-09-18-08-08-24/5f2f9-2023-09-18-08-08-24.pdf/5f2f9-2023-09-18-08-08-24.pdf",
        "periodicity": "periodic"
    },
    {
        "equity_ticker": "LW",
        "geography": "US",
        "content_name": "LW Q4 2018 Transcript",
        "file_type": "pdf",
        "content_type": "earnings_transcript",
        "published_date": "2018-07-25",
        "fiscal_date": "2018-07-25",
        "fiscal_year": 2018,
        "fiscal_quarter": 4,
        "r2_url": "https://pub-2c783279b61043e19fbdadd1bee5153a.r2.dev/LW/2018-07-25/Lamb%20Weston%20Holdings%2C%20Inc._2018-07-25_transcript/Lamb%20Weston%20Holdings%2C%20Inc._2018-07-25_transcript.pdf/Lamb%20Weston%20Holdings%2C%20Inc._2018-07-25_transcript.pdf",
        "periodicity": "periodic"
    },
    {
        "equity_ticker": "LW",
        "geography": "US",
        "content_name": "LW Q4 2018 Press Release",
        "file_type": "pdf",
        "content_type": "earnings_press_release",
        "published_date": "2018-07-25",
        "fiscal_date": "2018-07-25",
        "fiscal_year": 2018,
        "fiscal_quarter": 4,
        "r2_url": "https://pub-2c783279b61043e19fbdadd1bee5153a.r2.dev/LW/2018-07-25/bbc36-2023-09-18-08-46-34/bbc36-2023-09-18-08-46-34.pdf/bbc36-2023-09-18-08-46-34.pdf",
        "periodicity": "periodic"
    },
    {
        "equity_ticker": "LW",
        "geography": "US",
        "content_name": "LW Q3 2018 Transcript",
        "file_type": "pdf",
        "content_type": "earnings_transcript",
        "published_date": "2018-04-05",
        "fiscal_date": "2018-04-05",
        "fiscal_year": 2018,
        "fiscal_quarter": 3,
        "r2_url": "https://pub-2c783279b61043e19fbdadd1bee5153a.r2.dev/LW/2018-04-05/Lamb%20Weston%20Holdings%2C%20Inc._2018-04-05_transcript/Lamb%20Weston%20Holdings%2C%20Inc._2018-04-05_transcript.pdf/Lamb%20Weston%20Holdings%2C%20Inc._2018-04-05_transcript.pdf",
        "periodicity": "periodic"
    },
    {
        "equity_ticker": "LW",
        "geography": "US",
        "content_name": "LW Q3 2018 Press Release",
        "file_type": "pdf",
        "content_type": "earnings_press_release",
        "published_date": "2018-04-05",
        "fiscal_date": "2018-04-05",
        "fiscal_year": 2018,
        "fiscal_quarter": 3,
        "r2_url": "https://pub-2c783279b61043e19fbdadd1bee5153a.r2.dev/LW/2018-04-05/253ae-2023-09-18-09-12-00/253ae-2023-09-18-09-12-00.pdf/253ae-2023-09-18-09-12-00.pdf",
        "periodicity": "periodic"
    },
    {
        "equity_ticker": "LW",
        "geography": "US",
        "content_name": "LW Q2 2018 Transcript",
        "file_type": "pdf",
        "content_type": "earnings_transcript",
        "published_date": "2018-01-04",
        "fiscal_date": "2018-01-04",
        "fiscal_year": 2018,
        "fiscal_quarter": 2,
        "r2_url": "https://pub-2c783279b61043e19fbdadd1bee5153a.r2.dev/LW/2018-01-04/Lamb%20Weston%20Holdings%2C%20Inc._2018-01-04_transcript/Lamb%20Weston%20Holdings%2C%20Inc._2018-01-04_transcript.pdf/Lamb%20Weston%20Holdings%2C%20Inc._2018-01-04_transcript.pdf",
        "periodicity": "periodic"
    },
    {
        "equity_ticker": "LW",
        "geography": "US",
        "content_name": "LW Q2 2018 Press Release",
        "file_type": "pdf",
        "content_type": "earnings_press_release",
        "published_date": "2018-01-04",
        "fiscal_date": "2018-01-04",
        "fiscal_year": 2018,
        "fiscal_quarter": 2,
        "r2_url": "https://pub-2c783279b61043e19fbdadd1bee5153a.r2.dev/LW/2018-01-04/b4fe4-2023-09-18-09-25-07/b4fe4-2023-09-18-09-25-07.pdf/b4fe4-2023-09-18-09-25-07.pdf",
        "periodicity": "periodic"
    },
    {
        "equity_ticker": "LW",
        "geography": "US",
        "content_name": "LW Q2 2018 Presentation",
        "file_type": "pdf",
        "content_type": "earnings_presentation",
        "published_date": "2018-01-04",
        "fiscal_date": "2018-01-04",
        "fiscal_year": 2018,
        "fiscal_quarter": 2,
        "r2_url": "https://pub-2c783279b61043e19fbdadd1bee5153a.r2.dev/LW/2018-01-04/daea0-2023-09-18-09-25-07/daea0-2023-09-18-09-25-07.pdf/daea0-2023-09-18-09-25-07.pdf",
        "periodicity": "periodic"
    },
    {
        "equity_ticker": "LW",
        "geography": "US",
        "content_name": "LW Q1 2018 Transcript",
        "file_type": "pdf",
        "content_type": "earnings_transcript",
        "published_date": "2017-10-04",
        "fiscal_date": "2017-10-04",
        "fiscal_year": 2018,
        "fiscal_quarter": 1,
        "r2_url": "https://pub-2c783279b61043e19fbdadd1bee5153a.r2.dev/LW/2017-10-04/Lamb%20Weston%20Holdings%2C%20Inc._2017-10-04_transcript/Lamb%20Weston%20Holdings%2C%20Inc._2017-10-04_transcript.pdf/Lamb%20Weston%20Holdings%2C%20Inc._2017-10-04_transcript.pdf",
        "periodicity": "periodic"
    },
    {
        "equity_ticker": "LW",
        "geography": "US",
        "content_name": "LW Q1 2018 Press Release",
        "file_type": "pdf",
        "content_type": "earnings_press_release",
        "published_date": "2017-10-04",
        "fiscal_date": "2017-10-04",
        "fiscal_year": 2018,
        "fiscal_quarter": 1,
        "r2_url": "https://pub-2c783279b61043e19fbdadd1bee5153a.r2.dev/LW/2017-10-04/31833-2023-09-18-09-53-09/31833-2023-09-18-09-53-09.pdf/31833-2023-09-18-09-53-09.pdf",
        "periodicity": "periodic"
    },
    {
        "equity_ticker": "LW",
        "geography": "US",
        "content_name": "LW Q4 2017 Transcript",
        "file_type": "pdf",
        "content_type": "earnings_transcript",
        "published_date": "2017-07-25",
        "fiscal_date": "2017-07-25",
        "fiscal_year": 2017,
        "fiscal_quarter": 4,
        "r2_url": "https://pub-2c783279b61043e19fbdadd1bee5153a.r2.dev/LW/2017-07-25/Lamb%20Weston%20Holdings%2C%20Inc._2017-07-25_transcript/Lamb%20Weston%20Holdings%2C%20Inc._2017-07-25_transcript.pdf/Lamb%20Weston%20Holdings%2C%20Inc._2017-07-25_transcript.pdf",
        "periodicity": "periodic"
    },
    {
        "equity_ticker": "LW",
        "geography": "US",
        "content_name": "LW Q4 2017 Press Release",
        "file_type": "pdf",
        "content_type": "earnings_press_release",
        "published_date": "2017-07-25",
        "fiscal_date": "2017-07-25",
        "fiscal_year": 2017,
        "fiscal_quarter": 4,
        "r2_url": "https://pub-2c783279b61043e19fbdadd1bee5153a.r2.dev/LW/2017-07-25/8a579-2023-09-18-09-44-12/8a579-2023-09-18-09-44-12.pdf/8a579-2023-09-18-09-44-12.pdf",
        "periodicity": "periodic"
    },
    {
        "equity_ticker": "LW",
        "geography": "US",
        "content_name": "LW Q3 2017 Transcript",
        "file_type": "pdf",
        "content_type": "earnings_transcript",
        "published_date": "2017-04-06",
        "fiscal_date": "2017-04-06",
        "fiscal_year": 2017,
        "fiscal_quarter": 3,
        "r2_url": "https://pub-2c783279b61043e19fbdadd1bee5153a.r2.dev/LW/2017-04-06/Lamb%20Weston%20Holdings%2C%20Inc._2017-04-06_transcript/Lamb%20Weston%20Holdings%2C%20Inc._2017-04-06_transcript.pdf/Lamb%20Weston%20Holdings%2C%20Inc._2017-04-06_transcript.pdf",
        "periodicity": "periodic"
    },
    {
        "equity_ticker": "LW",
        "geography": "US",
        "content_name": "LW Q3 2017 Press Release",
        "file_type": "pdf",
        "content_type": "earnings_press_release",
        "published_date": "2017-04-06",
        "fiscal_date": "2017-04-06",
        "fiscal_year": 2017,
        "fiscal_quarter": 3,
        "r2_url": "https://pub-2c783279b61043e19fbdadd1bee5153a.r2.dev/LW/2017-04-06/a408d-2023-09-18-09-50-21/a408d-2023-09-18-09-50-21.pdf/a408d-2023-09-18-09-50-21.pdf",
        "periodicity": "periodic"
    },
    {
        "equity_ticker": "LW",
        "geography": "US",
        "content_name": "LW Q2 2017 Transcript",
        "file_type": "pdf",
        "content_type": "earnings_transcript",
        "published_date": "2017-01-10",
        "fiscal_date": "2017-01-10",
        "fiscal_year": 2017,
        "fiscal_quarter": 2,
        "r2_url": "https://pub-2c783279b61043e19fbdadd1bee5153a.r2.dev/LW/2017-01-10/Lamb%20Weston%20Holdings%2C%20Inc._2017-01-10_transcript/Lamb%20Weston%20Holdings%2C%20Inc._2017-01-10_transcript.pdf/Lamb%20Weston%20Holdings%2C%20Inc._2017-01-10_transcript.pdf",
        "periodicity": "periodic"
    },
    {
        "equity_ticker": "LW",
        "geography": "US",
        "content_name": "LW Q2 2017 Press Release",
        "file_type": "pdf",
        "content_type": "earnings_press_release",
        "published_date": "2017-01-10",
        "fiscal_date": "2017-01-10",
        "fiscal_year": 2017,
        "fiscal_quarter": 2,
        "r2_url": "https://pub-2c783279b61043e19fbdadd1bee5153a.r2.dev/LW/2017-01-10/ad9d0-2023-09-18-09-25-35/ad9d0-2023-09-18-09-25-35.pdf/ad9d0-2023-09-18-09-25-35.pdf",
        "periodicity": "periodic"
    }
]