[
    {
        "equity_ticker": "PFGC",
        "geography": "US",
        "content_name": "PFGC Q2 2025 Transcript",
        "file_type": "pdf",
        "content_type": "earnings_transcript",
        "published_date": "2025-02-05",
        "fiscal_date": "2025-02-05",
        "fiscal_year": 2025,
        "fiscal_quarter": 2,
        "r2_url": "https://pub-2c783279b61043e19fbdadd1bee5153a.r2.dev/PFGC/2025-02-05/Performance%20Food%20Group%20Company_2025-02-05_transcript/Performance%20Food%20Group%20Company_2025-02-05_transcript.pdf/Performance%20Food%20Group%20Company_2025-02-05_transcript.pdf",
        "periodicity": "periodic"
    },
    {
        "equity_ticker": "PFGC",
        "geography": "US",
        "content_name": "PFGC Q2 2025 Press Release",
        "file_type": "pdf",
        "content_type": "earnings_press_release",
        "published_date": "2025-02-05",
        "fiscal_date": "2025-02-05",
        "fiscal_year": 2025,
        "fiscal_quarter": 2,
        "r2_url": "https://pub-2c783279b61043e19fbdadd1bee5153a.r2.dev/PFGC/2025-02-05/e584b-2025-02-05-12-47-31/e584b-2025-02-05-12-47-31.pdf/e584b-2025-02-05-12-47-31.pdf",
        "periodicity": "periodic"
    },
    {
        "equity_ticker": "PFGC",
        "geography": "US",
        "content_name": "Barclays 10th Annual Eat, Sleep, Play, Shop Conference - December 5, 2024",
        "file_type": "pdf",
        "content_type": "sellside_conference_transcript",
        "published_date": "2024-12-05",
        "fiscal_date": "2024-12-05",
        "fiscal_year": 0,
        "fiscal_quarter": 0,
        "r2_url": "https://pub-2c783279b61043e19fbdadd1bee5153a.r2.dev/PFGC/2024-12-05/Performance%20Food%20Group%20Company_2024-12-05_transcript/Performance%20Food%20Group%20Company_2024-12-05_transcript.pdf/Performance%20Food%20Group%20Company_2024-12-05_transcript.pdf",
        "periodicity": "non_periodic"
    },
    {
        "equity_ticker": "PFGC",
        "geography": "US",
        "content_name": "PFGC Q1 2025 Transcript",
        "file_type": "pdf",
        "content_type": "earnings_transcript",
        "published_date": "2024-11-06",
        "fiscal_date": "2024-11-06",
        "fiscal_year": 2025,
        "fiscal_quarter": 1,
        "r2_url": "https://pub-2c783279b61043e19fbdadd1bee5153a.r2.dev/PFGC/2024-11-06/Performance%20Food%20Group%20Company_2024-11-06_transcript/Performance%20Food%20Group%20Company_2024-11-06_transcript.pdf/Performance%20Food%20Group%20Company_2024-11-06_transcript.pdf",
        "periodicity": "periodic"
    },
    {
        "equity_ticker": "PFGC",
        "geography": "US",
        "content_name": "PFGC Q1 2025 Press Release",
        "file_type": "pdf",
        "content_type": "earnings_press_release",
        "published_date": "2024-11-06",
        "fiscal_date": "2024-11-06",
        "fiscal_year": 2025,
        "fiscal_quarter": 1,
        "r2_url": "https://pub-2c783279b61043e19fbdadd1bee5153a.r2.dev/PFGC/2024-11-06/69cd7-2024-11-06-12-27-02/69cd7-2024-11-06-12-27-02.pdf/69cd7-2024-11-06-12-27-02.pdf",
        "periodicity": "periodic"
    },
    {
        "equity_ticker": "PFGC",
        "geography": "US",
        "content_name": "PFGC Q4 2024 Transcript",
        "file_type": "pdf",
        "content_type": "earnings_transcript",
        "published_date": "2024-08-14",
        "fiscal_date": "2024-08-14",
        "fiscal_year": 2024,
        "fiscal_quarter": 4,
        "r2_url": "https://pub-2c783279b61043e19fbdadd1bee5153a.r2.dev/PFGC/2024-08-14/Performance%20Food%20Group%20Company_2024-08-14_transcript/Performance%20Food%20Group%20Company_2024-08-14_transcript.pdf/Performance%20Food%20Group%20Company_2024-08-14_transcript.pdf",
        "periodicity": "periodic"
    },
    {
        "equity_ticker": "PFGC",
        "geography": "US",
        "content_name": "PFGC Q4 2024 Press Release",
        "file_type": "pdf",
        "content_type": "earnings_press_release",
        "published_date": "2024-08-14",
        "fiscal_date": "2024-08-14",
        "fiscal_year": 2024,
        "fiscal_quarter": 4,
        "r2_url": "https://pub-2c783279b61043e19fbdadd1bee5153a.r2.dev/PFGC/2024-08-14/6bd9b-2024-08-14-11-28-02/6bd9b-2024-08-14-11-28-02.pdf/6bd9b-2024-08-14-11-28-02.pdf",
        "periodicity": "periodic"
    },
    {
        "equity_ticker": "PFGC",
        "geography": "US",
        "content_name": "19th Annual Global Farm to Market Conference - May 15, 2024",
        "file_type": "pdf",
        "content_type": "company_conference_transcript",
        "published_date": "2024-05-15",
        "fiscal_date": "2024-05-15",
        "fiscal_year": 0,
        "fiscal_quarter": 0,
        "r2_url": "https://pub-2c783279b61043e19fbdadd1bee5153a.r2.dev/PFGC/2024-05-15/Performance%20Food%20Group%20Company_2024-05-15_transcript/Performance%20Food%20Group%20Company_2024-05-15_transcript.pdf/Performance%20Food%20Group%20Company_2024-05-15_transcript.pdf",
        "periodicity": "non_periodic"
    },
    {
        "equity_ticker": "PFGC",
        "geography": "US",
        "content_name": "PFGC Q3 2024 Transcript",
        "file_type": "pdf",
        "content_type": "earnings_transcript",
        "published_date": "2024-05-08",
        "fiscal_date": "2024-05-08",
        "fiscal_year": 2024,
        "fiscal_quarter": 3,
        "r2_url": "https://pub-2c783279b61043e19fbdadd1bee5153a.r2.dev/PFGC/2024-05-08/Performance%20Food%20Group%20Company_2024-05-08_transcript/Performance%20Food%20Group%20Company_2024-05-08_transcript.pdf/Performance%20Food%20Group%20Company_2024-05-08_transcript.pdf",
        "periodicity": "periodic"
    },
    {
        "equity_ticker": "PFGC",
        "geography": "US",
        "content_name": "PFGC Q3 2024 Press Release",
        "file_type": "pdf",
        "content_type": "earnings_press_release",
        "published_date": "2024-05-08",
        "fiscal_date": "2024-05-08",
        "fiscal_year": 2024,
        "fiscal_quarter": 3,
        "r2_url": "https://pub-2c783279b61043e19fbdadd1bee5153a.r2.dev/PFGC/2024-05-08/d8a52-2024-05-08-11-31-02/d8a52-2024-05-08-11-31-02.pdf/d8a52-2024-05-08-11-31-02.pdf",
        "periodicity": "periodic"
    },
    {
        "equity_ticker": "PFGC",
        "geography": "US",
        "content_name": "PFGC Q2 2024 Transcript",
        "file_type": "pdf",
        "content_type": "earnings_transcript",
        "published_date": "2024-02-07",
        "fiscal_date": "2024-02-07",
        "fiscal_year": 2024,
        "fiscal_quarter": 2,
        "r2_url": "https://pub-2c783279b61043e19fbdadd1bee5153a.r2.dev/PFGC/2024-02-07/Performance%20Food%20Group%20Company_2024-02-07_transcript/Performance%20Food%20Group%20Company_2024-02-07_transcript.pdf/Performance%20Food%20Group%20Company_2024-02-07_transcript.pdf",
        "periodicity": "periodic"
    },
    {
        "equity_ticker": "PFGC",
        "geography": "US",
        "content_name": "PFGC Q2 2024 Press Release",
        "file_type": "pdf",
        "content_type": "earnings_press_release",
        "published_date": "2024-02-07",
        "fiscal_date": "2024-02-07",
        "fiscal_year": 2024,
        "fiscal_quarter": 2,
        "r2_url": "https://pub-2c783279b61043e19fbdadd1bee5153a.r2.dev/PFGC/2024-02-07/3f692-2024-02-07-12-36-01/3f692-2024-02-07-12-36-01.pdf/3f692-2024-02-07-12-36-01.pdf",
        "periodicity": "periodic"
    },
    {
        "equity_ticker": "PFGC",
        "geography": "US",
        "content_name": "PFGC Q1 2024 Transcript",
        "file_type": "pdf",
        "content_type": "earnings_transcript",
        "published_date": "2023-11-08",
        "fiscal_date": "2023-11-08",
        "fiscal_year": 2024,
        "fiscal_quarter": 1,
        "r2_url": "https://pub-2c783279b61043e19fbdadd1bee5153a.r2.dev/PFGC/2023-11-08/Performance%20Food%20Group%20Company_2023-11-08_transcript/Performance%20Food%20Group%20Company_2023-11-08_transcript.pdf/Performance%20Food%20Group%20Company_2023-11-08_transcript.pdf",
        "periodicity": "periodic"
    },
    {
        "equity_ticker": "PFGC",
        "geography": "US",
        "content_name": "PFGC Q1 2024 Press Release",
        "file_type": "pdf",
        "content_type": "earnings_press_release",
        "published_date": "2023-11-08",
        "fiscal_date": "2023-11-08",
        "fiscal_year": 2024,
        "fiscal_quarter": 1,
        "r2_url": "https://pub-2c783279b61043e19fbdadd1bee5153a.r2.dev/PFGC/2023-11-08/69a4a-2023-11-08-12-53-01/69a4a-2023-11-08-12-53-01.pdf/69a4a-2023-11-08-12-53-01.pdf",
        "periodicity": "periodic"
    },
    {
        "equity_ticker": "PFGC",
        "geography": "US",
        "content_name": "PFGC Q4 2023 Transcript",
        "file_type": "pdf",
        "content_type": "earnings_transcript",
        "published_date": "2023-08-16",
        "fiscal_date": "2023-08-16",
        "fiscal_year": 2023,
        "fiscal_quarter": 4,
        "r2_url": "https://pub-2c783279b61043e19fbdadd1bee5153a.r2.dev/PFGC/2023-08-16/Performance%20Food%20Group%20Company_2023-08-16_transcript/Performance%20Food%20Group%20Company_2023-08-16_transcript.pdf/Performance%20Food%20Group%20Company_2023-08-16_transcript.pdf",
        "periodicity": "periodic"
    },
    {
        "equity_ticker": "PFGC",
        "geography": "US",
        "content_name": "PFGC Q4 2023 Press Release",
        "file_type": "pdf",
        "content_type": "earnings_press_release",
        "published_date": "2023-08-16",
        "fiscal_date": "2023-08-16",
        "fiscal_year": 2023,
        "fiscal_quarter": 4,
        "r2_url": "https://pub-2c783279b61043e19fbdadd1bee5153a.r2.dev/PFGC/2023-08-16/f73c7-2025-03-19-01-23-48/f73c7-2025-03-19-01-23-48.pdf/f73c7-2025-03-19-01-23-48.pdf",
        "periodicity": "periodic"
    },
    {
        "equity_ticker": "PFGC",
        "geography": "US",
        "content_name": "PFGC Q3 2023 Transcript",
        "file_type": "pdf",
        "content_type": "earnings_transcript",
        "published_date": "2023-05-10",
        "fiscal_date": "2023-05-10",
        "fiscal_year": 2023,
        "fiscal_quarter": 3,
        "r2_url": "https://pub-2c783279b61043e19fbdadd1bee5153a.r2.dev/PFGC/2023-05-10/Performance%20Food%20Group%20Company_2023-05-10_transcript/Performance%20Food%20Group%20Company_2023-05-10_transcript.pdf/Performance%20Food%20Group%20Company_2023-05-10_transcript.pdf",
        "periodicity": "periodic"
    },
    {
        "equity_ticker": "PFGC",
        "geography": "US",
        "content_name": "PFGC Q3 2023 Press Release",
        "file_type": "pdf",
        "content_type": "earnings_press_release",
        "published_date": "2023-05-10",
        "fiscal_date": "2023-05-10",
        "fiscal_year": 2023,
        "fiscal_quarter": 3,
        "r2_url": "https://pub-2c783279b61043e19fbdadd1bee5153a.r2.dev/PFGC/2023-05-10/ec09e-2023-05-10-11-51-01/ec09e-2023-05-10-11-51-01.pdf/ec09e-2023-05-10-11-51-01.pdf",
        "periodicity": "periodic"
    },
    {
        "equity_ticker": "PFGC",
        "geography": "US",
        "content_name": "PFGC Q2 2023 Transcript",
        "file_type": "pdf",
        "content_type": "earnings_transcript",
        "published_date": "2023-02-08",
        "fiscal_date": "2023-02-08",
        "fiscal_year": 2023,
        "fiscal_quarter": 2,
        "r2_url": "https://pub-2c783279b61043e19fbdadd1bee5153a.r2.dev/PFGC/2023-02-08/Performance%20Food%20Group%20Company_2023-02-08_transcript/Performance%20Food%20Group%20Company_2023-02-08_transcript.pdf/Performance%20Food%20Group%20Company_2023-02-08_transcript.pdf",
        "periodicity": "periodic"
    },
    {
        "equity_ticker": "PFGC",
        "geography": "US",
        "content_name": "PFGC Q2 2023 Press Release",
        "file_type": "pdf",
        "content_type": "earnings_press_release",
        "published_date": "2023-02-08",
        "fiscal_date": "2023-02-08",
        "fiscal_year": 2023,
        "fiscal_quarter": 2,
        "r2_url": "https://pub-2c783279b61043e19fbdadd1bee5153a.r2.dev/PFGC/2023-02-08/8f973-2023-02-08-12-35-19/8f973-2023-02-08-12-35-19.pdf/8f973-2023-02-08-12-35-19.pdf",
        "periodicity": "periodic"
    },
    {
        "equity_ticker": "PFGC",
        "geography": "US",
        "content_name": "ICR Conference - January 9, 2023",
        "file_type": "pdf",
        "content_type": "company_conference_transcript",
        "published_date": "2023-01-09",
        "fiscal_date": "2023-01-09",
        "fiscal_year": 0,
        "fiscal_quarter": 0,
        "r2_url": "https://pub-2c783279b61043e19fbdadd1bee5153a.r2.dev/PFGC/2023-01-09/Performance%20Food%20Group%20Company_2023-01-09_transcript/Performance%20Food%20Group%20Company_2023-01-09_transcript.pdf/Performance%20Food%20Group%20Company_2023-01-09_transcript.pdf",
        "periodicity": "non_periodic"
    },
    {
        "equity_ticker": "PFGC",
        "geography": "US",
        "content_name": "PFGC Q1 2023 Transcript",
        "file_type": "pdf",
        "content_type": "earnings_transcript",
        "published_date": "2022-11-09",
        "fiscal_date": "2022-11-09",
        "fiscal_year": 2023,
        "fiscal_quarter": 1,
        "r2_url": "https://pub-2c783279b61043e19fbdadd1bee5153a.r2.dev/PFGC/2022-11-09/Performance%20Food%20Group%20Company_2022-11-09_transcript/Performance%20Food%20Group%20Company_2022-11-09_transcript.pdf/Performance%20Food%20Group%20Company_2022-11-09_transcript.pdf",
        "periodicity": "periodic"
    },
    {
        "equity_ticker": "PFGC",
        "geography": "US",
        "content_name": "PFGC Q1 2023 Press Release",
        "file_type": "pdf",
        "content_type": "quarterly_report",
        "published_date": "2022-11-09",
        "fiscal_date": "2022-11-09",
        "fiscal_year": 2023,
        "fiscal_quarter": 1,
        "r2_url": "https://pub-2c783279b61043e19fbdadd1bee5153a.r2.dev/PFGC/2022-11-09/564f6-2024-08-30-05-56-10/564f6-2024-08-30-05-56-10.pdf/564f6-2024-08-30-05-56-10.pdf",
        "periodicity": "periodic"
    },
    {
        "equity_ticker": "PFGC",
        "geography": "US",
        "content_name": "PFGC Q4 2022 Transcript",
        "file_type": "pdf",
        "content_type": "earnings_transcript",
        "published_date": "2022-08-17",
        "fiscal_date": "2022-08-17",
        "fiscal_year": 2022,
        "fiscal_quarter": 4,
        "r2_url": "https://pub-2c783279b61043e19fbdadd1bee5153a.r2.dev/PFGC/2022-08-17/Performance%20Food%20Group%20Company_2022-08-17_transcript/Performance%20Food%20Group%20Company_2022-08-17_transcript.pdf/Performance%20Food%20Group%20Company_2022-08-17_transcript.pdf",
        "periodicity": "periodic"
    },
    {
        "equity_ticker": "PFGC",
        "geography": "US",
        "content_name": "PFGC Q4 2022 Press Release",
        "file_type": "pdf",
        "content_type": "earnings_press_release",
        "published_date": "2022-08-17",
        "fiscal_date": "2022-08-17",
        "fiscal_year": 2022,
        "fiscal_quarter": 4,
        "r2_url": "https://pub-2c783279b61043e19fbdadd1bee5153a.r2.dev/PFGC/2022-08-17/4f5da-2025-03-19-01-10-49/4f5da-2025-03-19-01-10-49.pdf/4f5da-2025-03-19-01-10-49.pdf",
        "periodicity": "periodic"
    },
    {
        "equity_ticker": "PFGC",
        "geography": "US",
        "content_name": "Investor Day 2022 - June 29, 2022",
        "file_type": "pdf",
        "content_type": "company_conference_transcript",
        "published_date": "2022-06-29",
        "fiscal_date": "2022-06-29",
        "fiscal_year": 0,
        "fiscal_quarter": 0,
        "r2_url": "https://pub-2c783279b61043e19fbdadd1bee5153a.r2.dev/PFGC/2022-06-29/Performance%20Food%20Group%20Company_2022-06-29_transcript/Performance%20Food%20Group%20Company_2022-06-29_transcript.pdf/Performance%20Food%20Group%20Company_2022-06-29_transcript.pdf",
        "periodicity": "non_periodic"
    },
    {
        "equity_ticker": "PFGC",
        "geography": "US",
        "content_name": "Investor Day 2022 - June 29, 2022",
        "file_type": "pdf",
        "content_type": "company_conference_presentation",
        "published_date": "2022-06-29",
        "fiscal_date": "2022-06-29",
        "fiscal_year": 0,
        "fiscal_quarter": 0,
        "r2_url": "https://pub-2c783279b61043e19fbdadd1bee5153a.r2.dev/PFGC/2022-06-29/40d89-2022-09-22-09-05-16/40d89-2022-09-22-09-05-16.pdf/40d89-2022-09-22-09-05-16.pdf",
        "periodicity": "non_periodic"
    },
    {
        "equity_ticker": "PFGC",
        "geography": "US",
        "content_name": "PFGC Q3 2022 Transcript",
        "file_type": "pdf",
        "content_type": "earnings_transcript",
        "published_date": "2022-05-11",
        "fiscal_date": "2022-05-11",
        "fiscal_year": 2022,
        "fiscal_quarter": 3,
        "r2_url": "https://pub-2c783279b61043e19fbdadd1bee5153a.r2.dev/PFGC/2022-05-11/Performance%20Food%20Group%20Company_2022-05-11_transcript/Performance%20Food%20Group%20Company_2022-05-11_transcript.pdf/Performance%20Food%20Group%20Company_2022-05-11_transcript.pdf",
        "periodicity": "periodic"
    },
    {
        "equity_ticker": "PFGC",
        "geography": "US",
        "content_name": "PFGC Q3 2022 Press Release",
        "file_type": "pdf",
        "content_type": "quarterly_report",
        "published_date": "2022-05-11",
        "fiscal_date": "2022-05-11",
        "fiscal_year": 2022,
        "fiscal_quarter": 3,
        "r2_url": "https://pub-2c783279b61043e19fbdadd1bee5153a.r2.dev/PFGC/2022-05-11/4b1c5-2024-08-30-05-04-11/4b1c5-2024-08-30-05-04-11.pdf/4b1c5-2024-08-30-05-04-11.pdf",
        "periodicity": "periodic"
    },
    {
        "equity_ticker": "PFGC",
        "geography": "US",
        "content_name": "PFGC Q2 2022 Transcript",
        "file_type": "pdf",
        "content_type": "earnings_transcript",
        "published_date": "2022-02-09",
        "fiscal_date": "2022-02-09",
        "fiscal_year": 2022,
        "fiscal_quarter": 2,
        "r2_url": "https://pub-2c783279b61043e19fbdadd1bee5153a.r2.dev/PFGC/2022-02-09/Performance%20Food%20Group%20Company_2022-02-09_transcript/Performance%20Food%20Group%20Company_2022-02-09_transcript.pdf/Performance%20Food%20Group%20Company_2022-02-09_transcript.pdf",
        "periodicity": "periodic"
    },
    {
        "equity_ticker": "PFGC",
        "geography": "US",
        "content_name": "PFGC Q2 2022 Press Release",
        "file_type": "pdf",
        "content_type": "earnings_press_release",
        "published_date": "2022-02-09",
        "fiscal_date": "2022-02-09",
        "fiscal_year": 2022,
        "fiscal_quarter": 2,
        "r2_url": "https://pub-2c783279b61043e19fbdadd1bee5153a.r2.dev/PFGC/2022-02-09/65a53-2023-01-25-12-54-26/65a53-2023-01-25-12-54-26.pdf/65a53-2023-01-25-12-54-26.pdf",
        "periodicity": "periodic"
    },
    {
        "equity_ticker": "PFGC",
        "geography": "US",
        "content_name": "PFGC Q1 2022 Transcript",
        "file_type": "pdf",
        "content_type": "earnings_transcript",
        "published_date": "2021-11-10",
        "fiscal_date": "2021-11-10",
        "fiscal_year": 2022,
        "fiscal_quarter": 1,
        "r2_url": "https://pub-2c783279b61043e19fbdadd1bee5153a.r2.dev/PFGC/2021-11-10/Performance%20Food%20Group%20Company_2021-11-10_transcript/Performance%20Food%20Group%20Company_2021-11-10_transcript.pdf/Performance%20Food%20Group%20Company_2021-11-10_transcript.pdf",
        "periodicity": "periodic"
    },
    {
        "equity_ticker": "PFGC",
        "geography": "US",
        "content_name": "PFGC Q1 2022 Press Release",
        "file_type": "pdf",
        "content_type": "earnings_press_release",
        "published_date": "2021-11-10",
        "fiscal_date": "2021-11-10",
        "fiscal_year": 2022,
        "fiscal_quarter": 1,
        "r2_url": "https://pub-2c783279b61043e19fbdadd1bee5153a.r2.dev/PFGC/2021-11-10/6363a-2023-01-25-12-55-26/6363a-2023-01-25-12-55-26.pdf/6363a-2023-01-25-12-55-26.pdf",
        "periodicity": "periodic"
    },
    {
        "equity_ticker": "PFGC",
        "geography": "US",
        "content_name": "PFGC Q4 2021 Transcript",
        "file_type": "pdf",
        "content_type": "earnings_transcript",
        "published_date": "2021-08-19",
        "fiscal_date": "2021-08-19",
        "fiscal_year": 2021,
        "fiscal_quarter": 4,
        "r2_url": "https://pub-2c783279b61043e19fbdadd1bee5153a.r2.dev/PFGC/2021-08-19/Performance%20Food%20Group%20Company_2021-08-19_transcript/Performance%20Food%20Group%20Company_2021-08-19_transcript.pdf/Performance%20Food%20Group%20Company_2021-08-19_transcript.pdf",
        "periodicity": "periodic"
    },
    {
        "equity_ticker": "PFGC",
        "geography": "US",
        "content_name": "PFGC Q4 2021 Press Release",
        "file_type": "pdf",
        "content_type": "earnings_press_release",
        "published_date": "2021-08-19",
        "fiscal_date": "2021-08-19",
        "fiscal_year": 2021,
        "fiscal_quarter": 4,
        "r2_url": "https://pub-2c783279b61043e19fbdadd1bee5153a.r2.dev/PFGC/2021-08-19/b61d4-2023-01-25-09-44-44/b61d4-2023-01-25-09-44-44.pdf/b61d4-2023-01-25-09-44-44.pdf",
        "periodicity": "periodic"
    },
    {
        "equity_ticker": "PFGC",
        "geography": "US",
        "content_name": "PFGC Q3 2021 Transcript",
        "file_type": "pdf",
        "content_type": "earnings_transcript",
        "published_date": "2021-05-08",
        "fiscal_date": "2021-05-08",
        "fiscal_year": 2021,
        "fiscal_quarter": 3,
        "r2_url": "https://pub-2c783279b61043e19fbdadd1bee5153a.r2.dev/PFGC/2021-05-08/Performance%20Food%20Group%20Company_2021-05-08_transcript/Performance%20Food%20Group%20Company_2021-05-08_transcript.pdf/Performance%20Food%20Group%20Company_2021-05-08_transcript.pdf",
        "periodicity": "periodic"
    },
    {
        "equity_ticker": "PFGC",
        "geography": "US",
        "content_name": "PFGC Q2 2021 Transcript",
        "file_type": "pdf",
        "content_type": "earnings_transcript",
        "published_date": "2021-02-03",
        "fiscal_date": "2021-02-03",
        "fiscal_year": 2021,
        "fiscal_quarter": 2,
        "r2_url": "https://pub-2c783279b61043e19fbdadd1bee5153a.r2.dev/PFGC/2021-02-03/Performance%20Food%20Group%20Company_2021-02-03_transcript/Performance%20Food%20Group%20Company_2021-02-03_transcript.pdf/Performance%20Food%20Group%20Company_2021-02-03_transcript.pdf",
        "periodicity": "periodic"
    },
    {
        "equity_ticker": "PFGC",
        "geography": "US",
        "content_name": "PFGC Q1 2021 Transcript",
        "file_type": "pdf",
        "content_type": "earnings_transcript",
        "published_date": "2020-11-04",
        "fiscal_date": "2020-11-04",
        "fiscal_year": 2021,
        "fiscal_quarter": 1,
        "r2_url": "https://pub-2c783279b61043e19fbdadd1bee5153a.r2.dev/PFGC/2020-11-04/Performance%20Food%20Group%20Company_2020-11-04_transcript/Performance%20Food%20Group%20Company_2020-11-04_transcript.pdf/Performance%20Food%20Group%20Company_2020-11-04_transcript.pdf",
        "periodicity": "periodic"
    },
    {
        "equity_ticker": "PFGC",
        "geography": "US",
        "content_name": "PFGC Q4 2020 Transcript",
        "file_type": "pdf",
        "content_type": "earnings_transcript",
        "published_date": "2020-08-18",
        "fiscal_date": "2020-08-18",
        "fiscal_year": 2020,
        "fiscal_quarter": 4,
        "r2_url": "https://pub-2c783279b61043e19fbdadd1bee5153a.r2.dev/PFGC/2020-08-18/Performance%20Food%20Group%20Company_2020-08-18_transcript/Performance%20Food%20Group%20Company_2020-08-18_transcript.pdf/Performance%20Food%20Group%20Company_2020-08-18_transcript.pdf",
        "periodicity": "periodic"
    },
    {
        "equity_ticker": "PFGC",
        "geography": "US",
        "content_name": "PFGC Q4 2020 Press Release",
        "file_type": "pdf",
        "content_type": "annual_report",
        "published_date": "2020-08-18",
        "fiscal_date": "2020-08-18",
        "fiscal_year": 2020,
        "fiscal_quarter": 4,
        "r2_url": "https://pub-2c783279b61043e19fbdadd1bee5153a.r2.dev/PFGC/2020-08-18/a54f8-2023-09-05-11-52-17/a54f8-2023-09-05-11-52-17.pdf/a54f8-2023-09-05-11-52-17.pdf",
        "periodicity": "periodic"
    },
    {
        "equity_ticker": "PFGC",
        "geography": "US",
        "content_name": "PFGC Q3 2020 Transcript",
        "file_type": "pdf",
        "content_type": "earnings_transcript",
        "published_date": "2020-05-04",
        "fiscal_date": "2020-05-04",
        "fiscal_year": 2020,
        "fiscal_quarter": 3,
        "r2_url": "https://pub-2c783279b61043e19fbdadd1bee5153a.r2.dev/PFGC/2020-05-04/Performance%20Food%20Group%20Company_2020-05-04_transcript/Performance%20Food%20Group%20Company_2020-05-04_transcript.pdf/Performance%20Food%20Group%20Company_2020-05-04_transcript.pdf",
        "periodicity": "periodic"
    },
    {
        "equity_ticker": "PFGC",
        "geography": "US",
        "content_name": "PFGC Q2 2020 Transcript",
        "file_type": "pdf",
        "content_type": "earnings_transcript",
        "published_date": "2020-02-05",
        "fiscal_date": "2020-02-05",
        "fiscal_year": 2020,
        "fiscal_quarter": 2,
        "r2_url": "https://pub-2c783279b61043e19fbdadd1bee5153a.r2.dev/PFGC/2020-02-05/Performance%20Food%20Group%20Company_2020-02-05_transcript/Performance%20Food%20Group%20Company_2020-02-05_transcript.pdf/Performance%20Food%20Group%20Company_2020-02-05_transcript.pdf",
        "periodicity": "periodic"
    },
    {
        "equity_ticker": "PFGC",
        "geography": "US",
        "content_name": "PFGC Q1 2020 Transcript",
        "file_type": "pdf",
        "content_type": "earnings_transcript",
        "published_date": "2019-11-08",
        "fiscal_date": "2019-11-08",
        "fiscal_year": 2020,
        "fiscal_quarter": 1,
        "r2_url": "https://pub-2c783279b61043e19fbdadd1bee5153a.r2.dev/PFGC/2019-11-08/Performance%20Food%20Group%20Company_2019-11-08_transcript/Performance%20Food%20Group%20Company_2019-11-08_transcript.pdf/Performance%20Food%20Group%20Company_2019-11-08_transcript.pdf",
        "periodicity": "periodic"
    },
    {
        "equity_ticker": "PFGC",
        "geography": "US",
        "content_name": "PFGC Q4 2019 Transcript",
        "file_type": "pdf",
        "content_type": "earnings_transcript",
        "published_date": "2019-08-16",
        "fiscal_date": "2019-08-16",
        "fiscal_year": 2019,
        "fiscal_quarter": 4,
        "r2_url": "https://pub-2c783279b61043e19fbdadd1bee5153a.r2.dev/PFGC/2019-08-16/Performance%20Food%20Group%20Company_2019-08-16_transcript/Performance%20Food%20Group%20Company_2019-08-16_transcript.pdf/Performance%20Food%20Group%20Company_2019-08-16_transcript.pdf",
        "periodicity": "periodic"
    },
    {
        "equity_ticker": "PFGC",
        "geography": "US",
        "content_name": "PFGC Q4 2019 Press Release",
        "file_type": "pdf",
        "content_type": "annual_report",
        "published_date": "2019-08-16",
        "fiscal_date": "2019-08-16",
        "fiscal_year": 2019,
        "fiscal_quarter": 4,
        "r2_url": "https://pub-2c783279b61043e19fbdadd1bee5153a.r2.dev/PFGC/2019-08-16/e8d56-2023-09-05-11-11-18/e8d56-2023-09-05-11-11-18.pdf/e8d56-2023-09-05-11-11-18.pdf",
        "periodicity": "periodic"
    },
    {
        "equity_ticker": "PFGC",
        "geography": "US",
        "content_name": "PFGC Q3 2019 Transcript",
        "file_type": "pdf",
        "content_type": "earnings_transcript",
        "published_date": "2019-05-10",
        "fiscal_date": "2019-05-10",
        "fiscal_year": 2019,
        "fiscal_quarter": 3,
        "r2_url": "https://pub-2c783279b61043e19fbdadd1bee5153a.r2.dev/PFGC/2019-05-10/Performance%20Food%20Group%20Company_2019-05-10_transcript/Performance%20Food%20Group%20Company_2019-05-10_transcript.pdf/Performance%20Food%20Group%20Company_2019-05-10_transcript.pdf",
        "periodicity": "periodic"
    },
    {
        "equity_ticker": "PFGC",
        "geography": "US",
        "content_name": "PFGC Q2 2019 Transcript",
        "file_type": "pdf",
        "content_type": "earnings_transcript",
        "published_date": "2019-02-06",
        "fiscal_date": "2019-02-06",
        "fiscal_year": 2019,
        "fiscal_quarter": 2,
        "r2_url": "https://pub-2c783279b61043e19fbdadd1bee5153a.r2.dev/PFGC/2019-02-06/Performance%20Food%20Group%20Company_2019-02-06_transcript/Performance%20Food%20Group%20Company_2019-02-06_transcript.pdf/Performance%20Food%20Group%20Company_2019-02-06_transcript.pdf",
        "periodicity": "periodic"
    },
    {
        "equity_ticker": "PFGC",
        "geography": "US",
        "content_name": "PFGC Q1 2019 Transcript",
        "file_type": "pdf",
        "content_type": "earnings_transcript",
        "published_date": "2018-11-11",
        "fiscal_date": "2018-11-11",
        "fiscal_year": 2019,
        "fiscal_quarter": 1,
        "r2_url": "https://pub-2c783279b61043e19fbdadd1bee5153a.r2.dev/PFGC/2018-11-11/Performance%20Food%20Group%20Company_2018-11-11_transcript/Performance%20Food%20Group%20Company_2018-11-11_transcript.pdf/Performance%20Food%20Group%20Company_2018-11-11_transcript.pdf",
        "periodicity": "periodic"
    },
    {
        "equity_ticker": "PFGC",
        "geography": "US",
        "content_name": "PFGC Q4 2018 Transcript",
        "file_type": "pdf",
        "content_type": "earnings_transcript",
        "published_date": "2018-08-16",
        "fiscal_date": "2018-08-16",
        "fiscal_year": 2018,
        "fiscal_quarter": 4,
        "r2_url": "https://pub-2c783279b61043e19fbdadd1bee5153a.r2.dev/PFGC/2018-08-16/Performance%20Food%20Group%20Company_2018-08-16_transcript/Performance%20Food%20Group%20Company_2018-08-16_transcript.pdf/Performance%20Food%20Group%20Company_2018-08-16_transcript.pdf",
        "periodicity": "periodic"
    },
    {
        "equity_ticker": "PFGC",
        "geography": "US",
        "content_name": "PFGC Q4 2018 Press Release",
        "file_type": "pdf",
        "content_type": "annual_report",
        "published_date": "2018-08-16",
        "fiscal_date": "2018-08-16",
        "fiscal_year": 2018,
        "fiscal_quarter": 4,
        "r2_url": "https://pub-2c783279b61043e19fbdadd1bee5153a.r2.dev/PFGC/2018-08-16/c3c53-2023-09-05-11-28-18/c3c53-2023-09-05-11-28-18.pdf/c3c53-2023-09-05-11-28-18.pdf",
        "periodicity": "periodic"
    },
    {
        "equity_ticker": "PFGC",
        "geography": "US",
        "content_name": "PFGC Q3 2018 Transcript",
        "file_type": "pdf",
        "content_type": "earnings_transcript",
        "published_date": "2018-05-11",
        "fiscal_date": "2018-05-11",
        "fiscal_year": 2018,
        "fiscal_quarter": 3,
        "r2_url": "https://pub-2c783279b61043e19fbdadd1bee5153a.r2.dev/PFGC/2018-05-11/Performance%20Food%20Group%20Company_2018-05-11_transcript/Performance%20Food%20Group%20Company_2018-05-11_transcript.pdf/Performance%20Food%20Group%20Company_2018-05-11_transcript.pdf",
        "periodicity": "periodic"
    },
    {
        "equity_ticker": "PFGC",
        "geography": "US",
        "content_name": "PFGC Q2 2018 Transcript",
        "file_type": "pdf",
        "content_type": "earnings_transcript",
        "published_date": "2018-02-07",
        "fiscal_date": "2018-02-07",
        "fiscal_year": 2018,
        "fiscal_quarter": 2,
        "r2_url": "https://pub-2c783279b61043e19fbdadd1bee5153a.r2.dev/PFGC/2018-02-07/Performance%20Food%20Group%20Company_2018-02-07_transcript/Performance%20Food%20Group%20Company_2018-02-07_transcript.pdf/Performance%20Food%20Group%20Company_2018-02-07_transcript.pdf",
        "periodicity": "periodic"
    },
    {
        "equity_ticker": "PFGC",
        "geography": "US",
        "content_name": "PFGC Q1 2018 Transcript",
        "file_type": "pdf",
        "content_type": "earnings_transcript",
        "published_date": "2017-11-08",
        "fiscal_date": "2017-11-08",
        "fiscal_year": 2018,
        "fiscal_quarter": 1,
        "r2_url": "https://pub-2c783279b61043e19fbdadd1bee5153a.r2.dev/PFGC/2017-11-08/Performance%20Food%20Group%20Company_2017-11-08_transcript/Performance%20Food%20Group%20Company_2017-11-08_transcript.pdf/Performance%20Food%20Group%20Company_2017-11-08_transcript.pdf",
        "periodicity": "periodic"
    },
    {
        "equity_ticker": "PFGC",
        "geography": "US",
        "content_name": "PFGC Q4 2017 Transcript",
        "file_type": "pdf",
        "content_type": "earnings_transcript",
        "published_date": "2017-08-25",
        "fiscal_date": "2017-08-25",
        "fiscal_year": 2017,
        "fiscal_quarter": 4,
        "r2_url": "https://pub-2c783279b61043e19fbdadd1bee5153a.r2.dev/PFGC/2017-08-25/Performance%20Food%20Group%20Company_2017-08-25_transcript/Performance%20Food%20Group%20Company_2017-08-25_transcript.pdf/Performance%20Food%20Group%20Company_2017-08-25_transcript.pdf",
        "periodicity": "periodic"
    },
    {
        "equity_ticker": "PFGC",
        "geography": "US",
        "content_name": "PFGC Q4 2017 Press Release",
        "file_type": "pdf",
        "content_type": "annual_report",
        "published_date": "2017-08-25",
        "fiscal_date": "2017-08-25",
        "fiscal_year": 2017,
        "fiscal_quarter": 4,
        "r2_url": "https://pub-2c783279b61043e19fbdadd1bee5153a.r2.dev/PFGC/2017-08-25/d7e9d-2023-09-05-11-49-18/d7e9d-2023-09-05-11-49-18.pdf/d7e9d-2023-09-05-11-49-18.pdf",
        "periodicity": "periodic"
    },
    {
        "equity_ticker": "PFGC",
        "geography": "US",
        "content_name": "PFGC Q3 2017 Transcript",
        "file_type": "pdf",
        "content_type": "earnings_transcript",
        "published_date": "2017-05-10",
        "fiscal_date": "2017-05-10",
        "fiscal_year": 2017,
        "fiscal_quarter": 3,
        "r2_url": "https://pub-2c783279b61043e19fbdadd1bee5153a.r2.dev/PFGC/2017-05-10/Performance%20Food%20Group%20Company_2017-05-10_transcript/Performance%20Food%20Group%20Company_2017-05-10_transcript.pdf/Performance%20Food%20Group%20Company_2017-05-10_transcript.pdf",
        "periodicity": "periodic"
    },
    {
        "equity_ticker": "PFGC",
        "geography": "US",
        "content_name": "PFGC Q2 2017 Transcript",
        "file_type": "pdf",
        "content_type": "earnings_transcript",
        "published_date": "2017-02-08",
        "fiscal_date": "2017-02-08",
        "fiscal_year": 2017,
        "fiscal_quarter": 2,
        "r2_url": "https://pub-2c783279b61043e19fbdadd1bee5153a.r2.dev/PFGC/2017-02-08/Performance%20Food%20Group%20Company_2017-02-08_transcript/Performance%20Food%20Group%20Company_2017-02-08_transcript.pdf/Performance%20Food%20Group%20Company_2017-02-08_transcript.pdf",
        "periodicity": "periodic"
    },
    {
        "equity_ticker": "PFGC",
        "geography": "US",
        "content_name": "PFGC Q1 2017 Transcript",
        "file_type": "pdf",
        "content_type": "earnings_transcript",
        "published_date": "2016-11-08",
        "fiscal_date": "2016-11-08",
        "fiscal_year": 2017,
        "fiscal_quarter": 1,
        "r2_url": "https://pub-2c783279b61043e19fbdadd1bee5153a.r2.dev/PFGC/2016-11-08/Performance%20Food%20Group%20Company_2016-11-08_transcript/Performance%20Food%20Group%20Company_2016-11-08_transcript.pdf/Performance%20Food%20Group%20Company_2016-11-08_transcript.pdf",
        "periodicity": "periodic"
    },
    {
        "equity_ticker": "PFGC",
        "geography": "US",
        "content_name": "PFGC Q4 2016 Transcript",
        "file_type": "pdf",
        "content_type": "earnings_transcript",
        "published_date": "2016-08-30",
        "fiscal_date": "2016-08-30",
        "fiscal_year": 2016,
        "fiscal_quarter": 4,
        "r2_url": "https://pub-2c783279b61043e19fbdadd1bee5153a.r2.dev/PFGC/2016-08-30/Performance%20Food%20Group%20Company_2016-08-30_transcript/Performance%20Food%20Group%20Company_2016-08-30_transcript.pdf/Performance%20Food%20Group%20Company_2016-08-30_transcript.pdf",
        "periodicity": "periodic"
    },
    {
        "equity_ticker": "PFGC",
        "geography": "US",
        "content_name": "PFGC Q4 2016 Press Release",
        "file_type": "pdf",
        "content_type": "annual_report",
        "published_date": "2016-08-30",
        "fiscal_date": "2016-08-30",
        "fiscal_year": 2016,
        "fiscal_quarter": 4,
        "r2_url": "https://pub-2c783279b61043e19fbdadd1bee5153a.r2.dev/PFGC/2016-08-30/48da0-2023-09-05-11-59-18/48da0-2023-09-05-11-59-18.pdf/48da0-2023-09-05-11-59-18.pdf",
        "periodicity": "periodic"
    },
    {
        "equity_ticker": "PFGC",
        "geography": "US",
        "content_name": "PFGC Q3 2016 Transcript",
        "file_type": "pdf",
        "content_type": "earnings_transcript",
        "published_date": "2016-05-04",
        "fiscal_date": "2016-05-04",
        "fiscal_year": 2016,
        "fiscal_quarter": 3,
        "r2_url": "https://pub-2c783279b61043e19fbdadd1bee5153a.r2.dev/PFGC/2016-05-04/Performance%20Food%20Group%20Company_2016-05-04_transcript/Performance%20Food%20Group%20Company_2016-05-04_transcript.pdf/Performance%20Food%20Group%20Company_2016-05-04_transcript.pdf",
        "periodicity": "periodic"
    },
    {
        "equity_ticker": "PFGC",
        "geography": "US",
        "content_name": "PFGC Q2 2016 Transcript",
        "file_type": "pdf",
        "content_type": "earnings_transcript",
        "published_date": "2016-02-03",
        "fiscal_date": "2016-02-03",
        "fiscal_year": 2016,
        "fiscal_quarter": 2,
        "r2_url": "https://pub-2c783279b61043e19fbdadd1bee5153a.r2.dev/PFGC/2016-02-03/Performance%20Food%20Group%20Company_2016-02-03_transcript/Performance%20Food%20Group%20Company_2016-02-03_transcript.pdf/Performance%20Food%20Group%20Company_2016-02-03_transcript.pdf",
        "periodicity": "periodic"
    },
    {
        "equity_ticker": "PFGC",
        "geography": "US",
        "content_name": "PFGC Q2 2015 Transcript",
        "file_type": "pdf",
        "content_type": "earnings_transcript",
        "published_date": "2015-08-06",
        "fiscal_date": "2015-08-06",
        "fiscal_year": 2015,
        "fiscal_quarter": 2,
        "r2_url": "https://pub-2c783279b61043e19fbdadd1bee5153a.r2.dev/PFGC/2015-08-06/Performance%20Food%20Group%20Company_2015-08-06_transcript/Performance%20Food%20Group%20Company_2015-08-06_transcript.pdf/Performance%20Food%20Group%20Company_2015-08-06_transcript.pdf",
        "periodicity": "periodic"
    },
    {
        "equity_ticker": "PFGC",
        "geography": "US",
        "content_name": "PFGC Q1 2015 Transcript",
        "file_type": "pdf",
        "content_type": "earnings_transcript",
        "published_date": "2015-05-09",
        "fiscal_date": "2015-05-09",
        "fiscal_year": 2015,
        "fiscal_quarter": 1,
        "r2_url": "https://pub-2c783279b61043e19fbdadd1bee5153a.r2.dev/PFGC/2015-05-09/Performance%20Food%20Group%20Company_2015-05-09_transcript/Performance%20Food%20Group%20Company_2015-05-09_transcript.pdf/Performance%20Food%20Group%20Company_2015-05-09_transcript.pdf",
        "periodicity": "periodic"
    },
    {
        "equity_ticker": "PFGC",
        "geography": "US",
        "content_name": "PFGC Q4 2014 Transcript",
        "file_type": "pdf",
        "content_type": "earnings_transcript",
        "published_date": "2015-03-02",
        "fiscal_date": "2015-03-02",
        "fiscal_year": 2014,
        "fiscal_quarter": 4,
        "r2_url": "https://pub-2c783279b61043e19fbdadd1bee5153a.r2.dev/PFGC/2015-03-02/Performance%20Food%20Group%20Company_2015-03-02_transcript/Performance%20Food%20Group%20Company_2015-03-02_transcript.pdf/Performance%20Food%20Group%20Company_2015-03-02_transcript.pdf",
        "periodicity": "periodic"
    },
    {
        "equity_ticker": "PFGC",
        "geography": "US",
        "content_name": "PFGC Q3 2014 Transcript",
        "file_type": "pdf",
        "content_type": "earnings_transcript",
        "published_date": "2014-11-06",
        "fiscal_date": "2014-11-06",
        "fiscal_year": 2014,
        "fiscal_quarter": 3,
        "r2_url": "https://pub-2c783279b61043e19fbdadd1bee5153a.r2.dev/PFGC/2014-11-06/Performance%20Food%20Group%20Company_2014-11-06_transcript/Performance%20Food%20Group%20Company_2014-11-06_transcript.pdf/Performance%20Food%20Group%20Company_2014-11-06_transcript.pdf",
        "periodicity": "periodic"
    },
    {
        "equity_ticker": "PFGC",
        "geography": "US",
        "content_name": "PFGC Q2 2014 Transcript",
        "file_type": "pdf",
        "content_type": "earnings_transcript",
        "published_date": "2014-08-07",
        "fiscal_date": "2014-08-07",
        "fiscal_year": 2014,
        "fiscal_quarter": 2,
        "r2_url": "https://pub-2c783279b61043e19fbdadd1bee5153a.r2.dev/PFGC/2014-08-07/Performance%20Food%20Group%20Company_2014-08-07_transcript/Performance%20Food%20Group%20Company_2014-08-07_transcript.pdf/Performance%20Food%20Group%20Company_2014-08-07_transcript.pdf",
        "periodicity": "periodic"
    },
    {
        "equity_ticker": "PFGC",
        "geography": "US",
        "content_name": "PFGC Q4 2013 Transcript",
        "file_type": "pdf",
        "content_type": "earnings_transcript",
        "published_date": "2014-03-03",
        "fiscal_date": "2014-03-03",
        "fiscal_year": 2013,
        "fiscal_quarter": 4,
        "r2_url": "https://pub-2c783279b61043e19fbdadd1bee5153a.r2.dev/PFGC/2014-03-03/Performance%20Food%20Group%20Company_2014-03-03_transcript/Performance%20Food%20Group%20Company_2014-03-03_transcript.pdf/Performance%20Food%20Group%20Company_2014-03-03_transcript.pdf",
        "periodicity": "periodic"
    },
    {
        "equity_ticker": "PFGC",
        "geography": "US",
        "content_name": "PFGC Q3 2013 Transcript",
        "file_type": "pdf",
        "content_type": "earnings_transcript",
        "published_date": "2013-11-12",
        "fiscal_date": "2013-11-12",
        "fiscal_year": 2013,
        "fiscal_quarter": 3,
        "r2_url": "https://pub-2c783279b61043e19fbdadd1bee5153a.r2.dev/PFGC/2013-11-12/Performance%20Food%20Group%20Company_2013-11-12_transcript/Performance%20Food%20Group%20Company_2013-11-12_transcript.pdf/Performance%20Food%20Group%20Company_2013-11-12_transcript.pdf",
        "periodicity": "periodic"
    },
    {
        "equity_ticker": "PFGC",
        "geography": "US",
        "content_name": "PFGC Q2 2013 Transcript",
        "file_type": "pdf",
        "content_type": "earnings_transcript",
        "published_date": "2013-08-07",
        "fiscal_date": "2013-08-07",
        "fiscal_year": 2013,
        "fiscal_quarter": 2,
        "r2_url": "https://pub-2c783279b61043e19fbdadd1bee5153a.r2.dev/PFGC/2013-08-07/Performance%20Food%20Group%20Company_2013-08-07_transcript/Performance%20Food%20Group%20Company_2013-08-07_transcript.pdf/Performance%20Food%20Group%20Company_2013-08-07_transcript.pdf",
        "periodicity": "periodic"
    },
    {
        "equity_ticker": "PFGC",
        "geography": "US",
        "content_name": "PFGC Q1 2013 Transcript",
        "file_type": "pdf",
        "content_type": "earnings_transcript",
        "published_date": "2013-05-07",
        "fiscal_date": "2013-05-07",
        "fiscal_year": 2013,
        "fiscal_quarter": 1,
        "r2_url": "https://pub-2c783279b61043e19fbdadd1bee5153a.r2.dev/PFGC/2013-05-07/Performance%20Food%20Group%20Company_2013-05-07_transcript/Performance%20Food%20Group%20Company_2013-05-07_transcript.pdf/Performance%20Food%20Group%20Company_2013-05-07_transcript.pdf",
        "periodicity": "periodic"
    },
    {
        "equity_ticker": "PFGC",
        "geography": "US",
        "content_name": "PFGC Q4 2012 Transcript",
        "file_type": "pdf",
        "content_type": "earnings_transcript",
        "published_date": "2013-03-14",
        "fiscal_date": "2013-03-14",
        "fiscal_year": 2012,
        "fiscal_quarter": 4,
        "r2_url": "https://pub-2c783279b61043e19fbdadd1bee5153a.r2.dev/PFGC/2013-03-14/Performance%20Food%20Group%20Company_2013-03-14_transcript/Performance%20Food%20Group%20Company_2013-03-14_transcript.pdf/Performance%20Food%20Group%20Company_2013-03-14_transcript.pdf",
        "periodicity": "periodic"
    },
    {
        "equity_ticker": "PFGC",
        "geography": "US",
        "content_name": "PFGC Q4 2008 Transcript",
        "file_type": "pdf",
        "content_type": "earnings_transcript",
        "published_date": "2009-03-16",
        "fiscal_date": "2009-03-16",
        "fiscal_year": 2008,
        "fiscal_quarter": 4,
        "r2_url": "https://pub-2c783279b61043e19fbdadd1bee5153a.r2.dev/PFGC/2009-03-16/Performance%20Food%20Group%20Company_2009-03-16_transcript/Performance%20Food%20Group%20Company_2009-03-16_transcript.pdf/Performance%20Food%20Group%20Company_2009-03-16_transcript.pdf",
        "periodicity": "periodic"
    },
    {
        "equity_ticker": "PFGC",
        "geography": "US",
        "content_name": "PFGC Q3 2008 Transcript",
        "file_type": "pdf",
        "content_type": "earnings_transcript",
        "published_date": "2008-11-11",
        "fiscal_date": "2008-11-11",
        "fiscal_year": 2008,
        "fiscal_quarter": 3,
        "r2_url": "https://pub-2c783279b61043e19fbdadd1bee5153a.r2.dev/PFGC/2008-11-11/Performance%20Food%20Group%20Company_2008-11-11_transcript/Performance%20Food%20Group%20Company_2008-11-11_transcript.pdf/Performance%20Food%20Group%20Company_2008-11-11_transcript.pdf",
        "periodicity": "periodic"
    },
    {
        "equity_ticker": "PFGC",
        "geography": "US",
        "content_name": "PFGC Q1 2008 Transcript",
        "file_type": "pdf",
        "content_type": "earnings_transcript",
        "published_date": "2008-05-26",
        "fiscal_date": "2008-05-26",
        "fiscal_year": 2008,
        "fiscal_quarter": 1,
        "r2_url": "https://pub-2c783279b61043e19fbdadd1bee5153a.r2.dev/PFGC/2008-05-26/Performance%20Food%20Group%20Company_2008-05-26_transcript/Performance%20Food%20Group%20Company_2008-05-26_transcript.pdf/Performance%20Food%20Group%20Company_2008-05-26_transcript.pdf",
        "periodicity": "periodic"
    },
    {
        "equity_ticker": "PFGC",
        "geography": "US",
        "content_name": "PFGC Q4 2007 Transcript",
        "file_type": "pdf",
        "content_type": "earnings_transcript",
        "published_date": "2008-02-27",
        "fiscal_date": "2008-02-27",
        "fiscal_year": 2007,
        "fiscal_quarter": 4,
        "r2_url": "https://pub-2c783279b61043e19fbdadd1bee5153a.r2.dev/PFGC/2008-02-27/Performance%20Food%20Group%20Company_2008-02-27_transcript/Performance%20Food%20Group%20Company_2008-02-27_transcript.pdf/Performance%20Food%20Group%20Company_2008-02-27_transcript.pdf",
        "periodicity": "periodic"
    },
    {
        "equity_ticker": "PFGC",
        "geography": "US",
        "content_name": "PFGC Q3 2007 Transcript",
        "file_type": "pdf",
        "content_type": "earnings_transcript",
        "published_date": "2007-11-13",
        "fiscal_date": "2007-11-13",
        "fiscal_year": 2007,
        "fiscal_quarter": 3,
        "r2_url": "https://pub-2c783279b61043e19fbdadd1bee5153a.r2.dev/PFGC/2007-11-13/Performance%20Food%20Group%20Company_2007-11-13_transcript/Performance%20Food%20Group%20Company_2007-11-13_transcript.pdf/Performance%20Food%20Group%20Company_2007-11-13_transcript.pdf",
        "periodicity": "periodic"
    }
]