[
    {
        "equity_ticker": "SAM",
        "geography": "US",
        "content_name": "SAM Q4 2024 Transcript",
        "file_type": "pdf",
        "content_type": "earnings_transcript",
        "published_date": "2025-02-25",
        "fiscal_date": "2025-02-25",
        "fiscal_year": 2024,
        "fiscal_quarter": 4,
        "r2_url": "https://pub-2c783279b61043e19fbdadd1bee5153a.r2.dev/SAM/2025-02-25/The%20Boston%20Beer%20Company%2C%20Inc._2025-02-25_transcript/The%20Boston%20Beer%20Company%2C%20Inc._2025-02-25_transcript.pdf/The%20Boston%20Beer%20Company%2C%20Inc._2025-02-25_transcript.pdf",
        "periodicity": "periodic"
    },
    {
        "equity_ticker": "SAM",
        "geography": "US",
        "content_name": "SAM Q4 2024 Press Release",
        "file_type": "pdf",
        "content_type": "earnings_press_release",
        "published_date": "2025-02-25",
        "fiscal_date": "2025-02-25",
        "fiscal_year": 2024,
        "fiscal_quarter": 4,
        "r2_url": "https://pub-2c783279b61043e19fbdadd1bee5153a.r2.dev/SAM/2025-02-25/c88c3-2025-02-25-09-59-24/c88c3-2025-02-25-09-59-24.pdf/c88c3-2025-02-25-09-59-24.pdf",
        "periodicity": "periodic"
    },
    {
        "equity_ticker": "SAM",
        "geography": "US",
        "content_name": "SAM Q3 2024 Transcript",
        "file_type": "pdf",
        "content_type": "earnings_transcript",
        "published_date": "2024-10-24",
        "fiscal_date": "2024-10-24",
        "fiscal_year": 2024,
        "fiscal_quarter": 3,
        "r2_url": "https://pub-2c783279b61043e19fbdadd1bee5153a.r2.dev/SAM/2024-10-24/The%20Boston%20Beer%20Company%2C%20Inc._2024-10-24_transcript/The%20Boston%20Beer%20Company%2C%20Inc._2024-10-24_transcript.pdf/The%20Boston%20Beer%20Company%2C%20Inc._2024-10-24_transcript.pdf",
        "periodicity": "periodic"
    },
    {
        "equity_ticker": "SAM",
        "geography": "US",
        "content_name": "SAM Q3 2024 Press Release",
        "file_type": "pdf",
        "content_type": "earnings_press_release",
        "published_date": "2024-10-24",
        "fiscal_date": "2024-10-24",
        "fiscal_year": 2024,
        "fiscal_quarter": 3,
        "r2_url": "https://pub-2c783279b61043e19fbdadd1bee5153a.r2.dev/SAM/2024-10-24/1e868-2024-10-24-08-44-29/1e868-2024-10-24-08-44-29.pdf/1e868-2024-10-24-08-44-29.pdf",
        "periodicity": "periodic"
    },
    {
        "equity_ticker": "SAM",
        "geography": "US",
        "content_name": "Barclays 17th Annual Global Consumer Staples Conference - September 5, 2024",
        "file_type": "pdf",
        "content_type": "sellside_conference_transcript",
        "published_date": "2024-09-05",
        "fiscal_date": "2024-09-05",
        "fiscal_year": 0,
        "fiscal_quarter": 0,
        "r2_url": "https://pub-2c783279b61043e19fbdadd1bee5153a.r2.dev/SAM/2024-09-05/The%20Boston%20Beer%20Company%2C%20Inc._2024-09-05_transcript/The%20Boston%20Beer%20Company%2C%20Inc._2024-09-05_transcript.pdf/The%20Boston%20Beer%20Company%2C%20Inc._2024-09-05_transcript.pdf",
        "periodicity": "non_periodic"
    },
    {
        "equity_ticker": "SAM",
        "geography": "US",
        "content_name": "SAM Q2 2024 Transcript",
        "file_type": "pdf",
        "content_type": "earnings_transcript",
        "published_date": "2024-07-25",
        "fiscal_date": "2024-07-25",
        "fiscal_year": 2024,
        "fiscal_quarter": 2,
        "r2_url": "https://pub-2c783279b61043e19fbdadd1bee5153a.r2.dev/SAM/2024-07-25/The%20Boston%20Beer%20Company%2C%20Inc._2024-07-25_transcript/The%20Boston%20Beer%20Company%2C%20Inc._2024-07-25_transcript.pdf/The%20Boston%20Beer%20Company%2C%20Inc._2024-07-25_transcript.pdf",
        "periodicity": "periodic"
    },
    {
        "equity_ticker": "SAM",
        "geography": "US",
        "content_name": "SAM Q2 2024 Press Release",
        "file_type": "pdf",
        "content_type": "earnings_press_release",
        "published_date": "2024-07-25",
        "fiscal_date": "2024-07-25",
        "fiscal_year": 2024,
        "fiscal_quarter": 2,
        "r2_url": "https://pub-2c783279b61043e19fbdadd1bee5153a.r2.dev/SAM/2024-07-25/e815d-2024-07-25-08-02-26/e815d-2024-07-25-08-02-26.pdf/e815d-2024-07-25-08-02-26.pdf",
        "periodicity": "periodic"
    },
    {
        "equity_ticker": "SAM",
        "geography": "US",
        "content_name": "Goldman Sachs Global Staples Forum - May 14, 2024",
        "file_type": "pdf",
        "content_type": "company_conference_transcript",
        "published_date": "2024-05-14",
        "fiscal_date": "2024-05-14",
        "fiscal_year": 0,
        "fiscal_quarter": 0,
        "r2_url": "https://pub-2c783279b61043e19fbdadd1bee5153a.r2.dev/SAM/2024-05-14/The%20Boston%20Beer%20Company%2C%20Inc._2024-05-14_transcript/The%20Boston%20Beer%20Company%2C%20Inc._2024-05-14_transcript.pdf/The%20Boston%20Beer%20Company%2C%20Inc._2024-05-14_transcript.pdf",
        "periodicity": "non_periodic"
    },
    {
        "equity_ticker": "SAM",
        "geography": "US",
        "content_name": "SAM Q1 2024 Transcript",
        "file_type": "pdf",
        "content_type": "earnings_transcript",
        "published_date": "2024-04-25",
        "fiscal_date": "2024-04-25",
        "fiscal_year": 2024,
        "fiscal_quarter": 1,
        "r2_url": "https://pub-2c783279b61043e19fbdadd1bee5153a.r2.dev/SAM/2024-04-25/The%20Boston%20Beer%20Company%2C%20Inc._2024-04-25_transcript/The%20Boston%20Beer%20Company%2C%20Inc._2024-04-25_transcript.pdf/The%20Boston%20Beer%20Company%2C%20Inc._2024-04-25_transcript.pdf",
        "periodicity": "periodic"
    },
    {
        "equity_ticker": "SAM",
        "geography": "US",
        "content_name": "SAM Q1 2024 Press Release",
        "file_type": "pdf",
        "content_type": "earnings_press_release",
        "published_date": "2024-04-25",
        "fiscal_date": "2024-04-25",
        "fiscal_year": 2024,
        "fiscal_quarter": 1,
        "r2_url": "https://pub-2c783279b61043e19fbdadd1bee5153a.r2.dev/SAM/2024-04-25/aab8d-2024-04-25-08-18-18/aab8d-2024-04-25-08-18-18.pdf/aab8d-2024-04-25-08-18-18.pdf",
        "periodicity": "periodic"
    },
    {
        "equity_ticker": "SAM",
        "geography": "US",
        "content_name": "SAM Q4 2023 Transcript",
        "file_type": "pdf",
        "content_type": "earnings_transcript",
        "published_date": "2024-02-27",
        "fiscal_date": "2024-02-27",
        "fiscal_year": 2023,
        "fiscal_quarter": 4,
        "r2_url": "https://pub-2c783279b61043e19fbdadd1bee5153a.r2.dev/SAM/2024-02-27/The%20Boston%20Beer%20Company%2C%20Inc._2024-02-27_transcript/The%20Boston%20Beer%20Company%2C%20Inc._2024-02-27_transcript.pdf/The%20Boston%20Beer%20Company%2C%20Inc._2024-02-27_transcript.pdf",
        "periodicity": "periodic"
    },
    {
        "equity_ticker": "SAM",
        "geography": "US",
        "content_name": "SAM Q4 2023 Press Release",
        "file_type": "pdf",
        "content_type": "earnings_press_release",
        "published_date": "2024-02-27",
        "fiscal_date": "2024-02-27",
        "fiscal_year": 2023,
        "fiscal_quarter": 4,
        "r2_url": "https://pub-2c783279b61043e19fbdadd1bee5153a.r2.dev/SAM/2024-02-27/f9e01-2024-02-27-09-42-18/f9e01-2024-02-27-09-42-18.pdf/f9e01-2024-02-27-09-42-18.pdf",
        "periodicity": "periodic"
    },
    {
        "equity_ticker": "SAM",
        "geography": "US",
        "content_name": "SAM Q3 2023 Transcript",
        "file_type": "pdf",
        "content_type": "earnings_transcript",
        "published_date": "2023-10-26",
        "fiscal_date": "2023-10-26",
        "fiscal_year": 2023,
        "fiscal_quarter": 3,
        "r2_url": "https://pub-2c783279b61043e19fbdadd1bee5153a.r2.dev/SAM/2023-10-26/The%20Boston%20Beer%20Company%2C%20Inc._2023-10-26_transcript/The%20Boston%20Beer%20Company%2C%20Inc._2023-10-26_transcript.pdf/The%20Boston%20Beer%20Company%2C%20Inc._2023-10-26_transcript.pdf",
        "periodicity": "periodic"
    },
    {
        "equity_ticker": "SAM",
        "geography": "US",
        "content_name": "SAM Q3 2023 Press Release",
        "file_type": "pdf",
        "content_type": "earnings_press_release",
        "published_date": "2023-10-26",
        "fiscal_date": "2023-10-26",
        "fiscal_year": 2023,
        "fiscal_quarter": 3,
        "r2_url": "https://pub-2c783279b61043e19fbdadd1bee5153a.r2.dev/SAM/2023-10-26/0c708-2023-10-26-08-29-23/0c708-2023-10-26-08-29-23.pdf/0c708-2023-10-26-08-29-23.pdf",
        "periodicity": "periodic"
    },
    {
        "equity_ticker": "SAM",
        "geography": "US",
        "content_name": "SAM Q2 2023 Transcript",
        "file_type": "pdf",
        "content_type": "earnings_transcript",
        "published_date": "2023-07-27",
        "fiscal_date": "2023-07-27",
        "fiscal_year": 2023,
        "fiscal_quarter": 2,
        "r2_url": "https://pub-2c783279b61043e19fbdadd1bee5153a.r2.dev/SAM/2023-07-27/The%20Boston%20Beer%20Company%2C%20Inc._2023-07-27_transcript/The%20Boston%20Beer%20Company%2C%20Inc._2023-07-27_transcript.pdf/The%20Boston%20Beer%20Company%2C%20Inc._2023-07-27_transcript.pdf",
        "periodicity": "periodic"
    },
    {
        "equity_ticker": "SAM",
        "geography": "US",
        "content_name": "SAM Q2 2023 Press Release",
        "file_type": "pdf",
        "content_type": "earnings_press_release",
        "published_date": "2023-07-27",
        "fiscal_date": "2023-07-27",
        "fiscal_year": 2023,
        "fiscal_quarter": 2,
        "r2_url": "https://pub-2c783279b61043e19fbdadd1bee5153a.r2.dev/SAM/2023-07-27/ade4b-2023-07-27-08-18-19/ade4b-2023-07-27-08-18-19.pdf/ade4b-2023-07-27-08-18-19.pdf",
        "periodicity": "periodic"
    },
    {
        "equity_ticker": "SAM",
        "geography": "US",
        "content_name": "SAM Q1 2023 Transcript",
        "file_type": "pdf",
        "content_type": "earnings_transcript",
        "published_date": "2023-04-27",
        "fiscal_date": "2023-04-27",
        "fiscal_year": 2023,
        "fiscal_quarter": 1,
        "r2_url": "https://pub-2c783279b61043e19fbdadd1bee5153a.r2.dev/SAM/2023-04-27/The%20Boston%20Beer%20Company%2C%20Inc._2023-04-27_transcript/The%20Boston%20Beer%20Company%2C%20Inc._2023-04-27_transcript.pdf/The%20Boston%20Beer%20Company%2C%20Inc._2023-04-27_transcript.pdf",
        "periodicity": "periodic"
    },
    {
        "equity_ticker": "SAM",
        "geography": "US",
        "content_name": "SAM Q1 2023 Press Release",
        "file_type": "pdf",
        "content_type": "earnings_press_release",
        "published_date": "2023-04-27",
        "fiscal_date": "2023-04-27",
        "fiscal_year": 2023,
        "fiscal_quarter": 1,
        "r2_url": "https://pub-2c783279b61043e19fbdadd1bee5153a.r2.dev/SAM/2023-04-27/37cef-2023-04-27-08-04-25/37cef-2023-04-27-08-04-25.pdf/37cef-2023-04-27-08-04-25.pdf",
        "periodicity": "periodic"
    },
    {
        "equity_ticker": "SAM",
        "geography": "US",
        "content_name": "SAM Q4 2022 Transcript",
        "file_type": "pdf",
        "content_type": "earnings_transcript",
        "published_date": "2023-02-15",
        "fiscal_date": "2023-02-15",
        "fiscal_year": 2022,
        "fiscal_quarter": 4,
        "r2_url": "https://pub-2c783279b61043e19fbdadd1bee5153a.r2.dev/SAM/2023-02-15/The%20Boston%20Beer%20Company%2C%20Inc._2023-02-15_transcript/The%20Boston%20Beer%20Company%2C%20Inc._2023-02-15_transcript.pdf/The%20Boston%20Beer%20Company%2C%20Inc._2023-02-15_transcript.pdf",
        "periodicity": "periodic"
    },
    {
        "equity_ticker": "SAM",
        "geography": "US",
        "content_name": "SAM Q4 2022 Press Release",
        "file_type": "pdf",
        "content_type": "earnings_press_release",
        "published_date": "2023-02-15",
        "fiscal_date": "2023-02-15",
        "fiscal_year": 2022,
        "fiscal_quarter": 4,
        "r2_url": "https://pub-2c783279b61043e19fbdadd1bee5153a.r2.dev/SAM/2023-02-15/bee79-2024-08-05-07-20-15/bee79-2024-08-05-07-20-15.pdf/bee79-2024-08-05-07-20-15.pdf",
        "periodicity": "periodic"
    },
    {
        "equity_ticker": "SAM",
        "geography": "US",
        "content_name": "SAM Q3 2022 Transcript",
        "file_type": "pdf",
        "content_type": "earnings_transcript",
        "published_date": "2022-10-20",
        "fiscal_date": "2022-10-20",
        "fiscal_year": 2022,
        "fiscal_quarter": 3,
        "r2_url": "https://pub-2c783279b61043e19fbdadd1bee5153a.r2.dev/SAM/2022-10-20/The%20Boston%20Beer%20Company%2C%20Inc._2022-10-20_transcript/The%20Boston%20Beer%20Company%2C%20Inc._2022-10-20_transcript.pdf/The%20Boston%20Beer%20Company%2C%20Inc._2022-10-20_transcript.pdf",
        "periodicity": "periodic"
    },
    {
        "equity_ticker": "SAM",
        "geography": "US",
        "content_name": "SAM Q3 2022 Press Release",
        "file_type": "pdf",
        "content_type": "earnings_press_release",
        "published_date": "2022-10-20",
        "fiscal_date": "2022-10-20",
        "fiscal_year": 2022,
        "fiscal_quarter": 3,
        "r2_url": "https://pub-2c783279b61043e19fbdadd1bee5153a.r2.dev/SAM/2022-10-20/26e6a-2024-08-05-07-02-16/26e6a-2024-08-05-07-02-16.pdf/26e6a-2024-08-05-07-02-16.pdf",
        "periodicity": "periodic"
    },
    {
        "equity_ticker": "SAM",
        "geography": "US",
        "content_name": "SAM Q2 2022 Transcript",
        "file_type": "pdf",
        "content_type": "earnings_transcript",
        "published_date": "2022-07-21",
        "fiscal_date": "2022-07-21",
        "fiscal_year": 2022,
        "fiscal_quarter": 2,
        "r2_url": "https://pub-2c783279b61043e19fbdadd1bee5153a.r2.dev/SAM/2022-07-21/The%20Boston%20Beer%20Company%2C%20Inc._2022-07-21_transcript/The%20Boston%20Beer%20Company%2C%20Inc._2022-07-21_transcript.pdf/The%20Boston%20Beer%20Company%2C%20Inc._2022-07-21_transcript.pdf",
        "periodicity": "periodic"
    },
    {
        "equity_ticker": "SAM",
        "geography": "US",
        "content_name": "SAM Q2 2022 Press Release",
        "file_type": "pdf",
        "content_type": "earnings_press_release",
        "published_date": "2022-07-21",
        "fiscal_date": "2022-07-21",
        "fiscal_year": 2022,
        "fiscal_quarter": 2,
        "r2_url": "https://pub-2c783279b61043e19fbdadd1bee5153a.r2.dev/SAM/2022-07-21/8f1f5-2024-08-05-07-06-17/8f1f5-2024-08-05-07-06-17.pdf/8f1f5-2024-08-05-07-06-17.pdf",
        "periodicity": "periodic"
    },
    {
        "equity_ticker": "SAM",
        "geography": "US",
        "content_name": "SAM Q1 2022 Transcript",
        "file_type": "pdf",
        "content_type": "earnings_transcript",
        "published_date": "2022-04-21",
        "fiscal_date": "2022-04-21",
        "fiscal_year": 2022,
        "fiscal_quarter": 1,
        "r2_url": "https://pub-2c783279b61043e19fbdadd1bee5153a.r2.dev/SAM/2022-04-21/The%20Boston%20Beer%20Company%2C%20Inc._2022-04-21_transcript/The%20Boston%20Beer%20Company%2C%20Inc._2022-04-21_transcript.pdf/The%20Boston%20Beer%20Company%2C%20Inc._2022-04-21_transcript.pdf",
        "periodicity": "periodic"
    },
    {
        "equity_ticker": "SAM",
        "geography": "US",
        "content_name": "SAM Q1 2022 Press Release",
        "file_type": "pdf",
        "content_type": "earnings_press_release",
        "published_date": "2022-04-21",
        "fiscal_date": "2022-04-21",
        "fiscal_year": 2022,
        "fiscal_quarter": 1,
        "r2_url": "https://pub-2c783279b61043e19fbdadd1bee5153a.r2.dev/SAM/2022-04-21/3e204-2024-08-05-07-37-17/3e204-2024-08-05-07-37-17.pdf/3e204-2024-08-05-07-37-17.pdf",
        "periodicity": "periodic"
    },
    {
        "equity_ticker": "SAM",
        "geography": "US",
        "content_name": "SAM Q4 2021 Transcript",
        "file_type": "pdf",
        "content_type": "earnings_transcript",
        "published_date": "2022-02-16",
        "fiscal_date": "2022-02-16",
        "fiscal_year": 2021,
        "fiscal_quarter": 4,
        "r2_url": "https://pub-2c783279b61043e19fbdadd1bee5153a.r2.dev/SAM/2022-02-16/The%20Boston%20Beer%20Company%2C%20Inc._2022-02-16_transcript/The%20Boston%20Beer%20Company%2C%20Inc._2022-02-16_transcript.pdf/The%20Boston%20Beer%20Company%2C%20Inc._2022-02-16_transcript.pdf",
        "periodicity": "periodic"
    },
    {
        "equity_ticker": "SAM",
        "geography": "US",
        "content_name": "SAM Q4 2021 Press Release",
        "file_type": "pdf",
        "content_type": "earnings_press_release",
        "published_date": "2022-02-16",
        "fiscal_date": "2022-02-16",
        "fiscal_year": 2021,
        "fiscal_quarter": 4,
        "r2_url": "https://pub-2c783279b61043e19fbdadd1bee5153a.r2.dev/SAM/2022-02-16/a0c24-2024-08-05-07-07-18/a0c24-2024-08-05-07-07-18.pdf/a0c24-2024-08-05-07-07-18.pdf",
        "periodicity": "periodic"
    },
    {
        "equity_ticker": "SAM",
        "geography": "US",
        "content_name": "SAM Q3 2021 Transcript",
        "file_type": "pdf",
        "content_type": "earnings_transcript",
        "published_date": "2021-10-21",
        "fiscal_date": "2021-10-21",
        "fiscal_year": 2021,
        "fiscal_quarter": 3,
        "r2_url": "https://pub-2c783279b61043e19fbdadd1bee5153a.r2.dev/SAM/2021-10-21/The%20Boston%20Beer%20Company%2C%20Inc._2021-10-21_transcript/The%20Boston%20Beer%20Company%2C%20Inc._2021-10-21_transcript.pdf/The%20Boston%20Beer%20Company%2C%20Inc._2021-10-21_transcript.pdf",
        "periodicity": "periodic"
    },
    {
        "equity_ticker": "SAM",
        "geography": "US",
        "content_name": "SAM Q3 2021 Press Release",
        "file_type": "pdf",
        "content_type": "earnings_press_release",
        "published_date": "2021-10-21",
        "fiscal_date": "2021-10-21",
        "fiscal_year": 2021,
        "fiscal_quarter": 3,
        "r2_url": "https://pub-2c783279b61043e19fbdadd1bee5153a.r2.dev/SAM/2021-10-21/fbef5-2024-08-05-07-40-18/fbef5-2024-08-05-07-40-18.pdf/fbef5-2024-08-05-07-40-18.pdf",
        "periodicity": "periodic"
    },
    {
        "equity_ticker": "SAM",
        "geography": "US",
        "content_name": "SAM Q2 2021 Transcript",
        "file_type": "pdf",
        "content_type": "earnings_transcript",
        "published_date": "2021-07-22",
        "fiscal_date": "2021-07-22",
        "fiscal_year": 2021,
        "fiscal_quarter": 2,
        "r2_url": "https://pub-2c783279b61043e19fbdadd1bee5153a.r2.dev/SAM/2021-07-22/The%20Boston%20Beer%20Company%2C%20Inc._2021-07-22_transcript/The%20Boston%20Beer%20Company%2C%20Inc._2021-07-22_transcript.pdf/The%20Boston%20Beer%20Company%2C%20Inc._2021-07-22_transcript.pdf",
        "periodicity": "periodic"
    },
    {
        "equity_ticker": "SAM",
        "geography": "US",
        "content_name": "SAM Q2 2021 Press Release",
        "file_type": "pdf",
        "content_type": "quarterly_report",
        "published_date": "2021-07-22",
        "fiscal_date": "2021-07-22",
        "fiscal_year": 2021,
        "fiscal_quarter": 2,
        "r2_url": "https://pub-2c783279b61043e19fbdadd1bee5153a.r2.dev/SAM/2021-07-22/9853e-2024-08-29-10-04-40/9853e-2024-08-29-10-04-40.pdf/9853e-2024-08-29-10-04-40.pdf",
        "periodicity": "periodic"
    },
    {
        "equity_ticker": "SAM",
        "geography": "US",
        "content_name": "SAM Q1 2021 Transcript",
        "file_type": "pdf",
        "content_type": "earnings_transcript",
        "published_date": "2021-04-23",
        "fiscal_date": "2021-04-23",
        "fiscal_year": 2021,
        "fiscal_quarter": 1,
        "r2_url": "https://pub-2c783279b61043e19fbdadd1bee5153a.r2.dev/SAM/2021-04-23/The%20Boston%20Beer%20Company%2C%20Inc._2021-04-23_transcript/The%20Boston%20Beer%20Company%2C%20Inc._2021-04-23_transcript.pdf/The%20Boston%20Beer%20Company%2C%20Inc._2021-04-23_transcript.pdf",
        "periodicity": "periodic"
    },
    {
        "equity_ticker": "SAM",
        "geography": "US",
        "content_name": "SAM Q4 2020 Transcript",
        "file_type": "pdf",
        "content_type": "earnings_transcript",
        "published_date": "2021-02-17",
        "fiscal_date": "2021-02-17",
        "fiscal_year": 2020,
        "fiscal_quarter": 4,
        "r2_url": "https://pub-2c783279b61043e19fbdadd1bee5153a.r2.dev/SAM/2021-02-17/The%20Boston%20Beer%20Company%2C%20Inc._2021-02-17_transcript/The%20Boston%20Beer%20Company%2C%20Inc._2021-02-17_transcript.pdf/The%20Boston%20Beer%20Company%2C%20Inc._2021-02-17_transcript.pdf",
        "periodicity": "periodic"
    },
    {
        "equity_ticker": "SAM",
        "geography": "US",
        "content_name": "SAM Q4 2020 Press Release",
        "file_type": "pdf",
        "content_type": "annual_report",
        "published_date": "2021-02-17",
        "fiscal_date": "2021-02-17",
        "fiscal_year": 2020,
        "fiscal_quarter": 4,
        "r2_url": "https://pub-2c783279b61043e19fbdadd1bee5153a.r2.dev/SAM/2021-02-17/a1179-2023-09-05-01-43-54/a1179-2023-09-05-01-43-54.pdf/a1179-2023-09-05-01-43-54.pdf",
        "periodicity": "periodic"
    },
    {
        "equity_ticker": "SAM",
        "geography": "US",
        "content_name": "SAM Q3 2020 Transcript",
        "file_type": "pdf",
        "content_type": "earnings_transcript",
        "published_date": "2020-10-23",
        "fiscal_date": "2020-10-23",
        "fiscal_year": 2020,
        "fiscal_quarter": 3,
        "r2_url": "https://pub-2c783279b61043e19fbdadd1bee5153a.r2.dev/SAM/2020-10-23/The%20Boston%20Beer%20Company%2C%20Inc._2020-10-23_transcript/The%20Boston%20Beer%20Company%2C%20Inc._2020-10-23_transcript.pdf/The%20Boston%20Beer%20Company%2C%20Inc._2020-10-23_transcript.pdf",
        "periodicity": "periodic"
    },
    {
        "equity_ticker": "SAM",
        "geography": "US",
        "content_name": "SAM Q2 2020 Transcript",
        "file_type": "pdf",
        "content_type": "earnings_transcript",
        "published_date": "2020-07-23",
        "fiscal_date": "2020-07-23",
        "fiscal_year": 2020,
        "fiscal_quarter": 2,
        "r2_url": "https://pub-2c783279b61043e19fbdadd1bee5153a.r2.dev/SAM/2020-07-23/The%20Boston%20Beer%20Company%2C%20Inc._2020-07-23_transcript/The%20Boston%20Beer%20Company%2C%20Inc._2020-07-23_transcript.pdf/The%20Boston%20Beer%20Company%2C%20Inc._2020-07-23_transcript.pdf",
        "periodicity": "periodic"
    },
    {
        "equity_ticker": "SAM",
        "geography": "US",
        "content_name": "SAM Q1 2020 Transcript",
        "file_type": "pdf",
        "content_type": "earnings_transcript",
        "published_date": "2020-04-23",
        "fiscal_date": "2020-04-23",
        "fiscal_year": 2020,
        "fiscal_quarter": 1,
        "r2_url": "https://pub-2c783279b61043e19fbdadd1bee5153a.r2.dev/SAM/2020-04-23/The%20Boston%20Beer%20Company%2C%20Inc._2020-04-23_transcript/The%20Boston%20Beer%20Company%2C%20Inc._2020-04-23_transcript.pdf/The%20Boston%20Beer%20Company%2C%20Inc._2020-04-23_transcript.pdf",
        "periodicity": "periodic"
    },
    {
        "equity_ticker": "SAM",
        "geography": "US",
        "content_name": "SAM Q4 2019 Transcript",
        "file_type": "pdf",
        "content_type": "earnings_transcript",
        "published_date": "2020-02-19",
        "fiscal_date": "2020-02-19",
        "fiscal_year": 2019,
        "fiscal_quarter": 4,
        "r2_url": "https://pub-2c783279b61043e19fbdadd1bee5153a.r2.dev/SAM/2020-02-19/The%20Boston%20Beer%20Company%2C%20Inc._2020-02-19_transcript/The%20Boston%20Beer%20Company%2C%20Inc._2020-02-19_transcript.pdf/The%20Boston%20Beer%20Company%2C%20Inc._2020-02-19_transcript.pdf",
        "periodicity": "periodic"
    },
    {
        "equity_ticker": "SAM",
        "geography": "US",
        "content_name": "SAM Q4 2019 Press Release",
        "file_type": "pdf",
        "content_type": "annual_report",
        "published_date": "2020-02-19",
        "fiscal_date": "2020-02-19",
        "fiscal_year": 2019,
        "fiscal_quarter": 4,
        "r2_url": "https://pub-2c783279b61043e19fbdadd1bee5153a.r2.dev/SAM/2020-02-19/63da0-2023-09-05-01-59-54/63da0-2023-09-05-01-59-54.pdf/63da0-2023-09-05-01-59-54.pdf",
        "periodicity": "periodic"
    },
    {
        "equity_ticker": "SAM",
        "geography": "US",
        "content_name": "SAM Q3 2019 Transcript",
        "file_type": "pdf",
        "content_type": "earnings_transcript",
        "published_date": "2019-10-29",
        "fiscal_date": "2019-10-29",
        "fiscal_year": 2019,
        "fiscal_quarter": 3,
        "r2_url": "https://pub-2c783279b61043e19fbdadd1bee5153a.r2.dev/SAM/2019-10-29/The%20Boston%20Beer%20Company%2C%20Inc._2019-10-29_transcript/The%20Boston%20Beer%20Company%2C%20Inc._2019-10-29_transcript.pdf/The%20Boston%20Beer%20Company%2C%20Inc._2019-10-29_transcript.pdf",
        "periodicity": "periodic"
    },
    {
        "equity_ticker": "SAM",
        "geography": "US",
        "content_name": "SAM Q2 2019 Transcript",
        "file_type": "pdf",
        "content_type": "earnings_transcript",
        "published_date": "2019-07-25",
        "fiscal_date": "2019-07-25",
        "fiscal_year": 2019,
        "fiscal_quarter": 2,
        "r2_url": "https://pub-2c783279b61043e19fbdadd1bee5153a.r2.dev/SAM/2019-07-25/The%20Boston%20Beer%20Company%2C%20Inc._2019-07-25_transcript/The%20Boston%20Beer%20Company%2C%20Inc._2019-07-25_transcript.pdf/The%20Boston%20Beer%20Company%2C%20Inc._2019-07-25_transcript.pdf",
        "periodicity": "periodic"
    },
    {
        "equity_ticker": "SAM",
        "geography": "US",
        "content_name": "SAM Q1 2019 Transcript",
        "file_type": "pdf",
        "content_type": "earnings_transcript",
        "published_date": "2019-04-24",
        "fiscal_date": "2019-04-24",
        "fiscal_year": 2019,
        "fiscal_quarter": 1,
        "r2_url": "https://pub-2c783279b61043e19fbdadd1bee5153a.r2.dev/SAM/2019-04-24/The%20Boston%20Beer%20Company%2C%20Inc._2019-04-24_transcript/The%20Boston%20Beer%20Company%2C%20Inc._2019-04-24_transcript.pdf/The%20Boston%20Beer%20Company%2C%20Inc._2019-04-24_transcript.pdf",
        "periodicity": "periodic"
    },
    {
        "equity_ticker": "SAM",
        "geography": "US",
        "content_name": "SAM Q4 2018 Transcript",
        "file_type": "pdf",
        "content_type": "earnings_transcript",
        "published_date": "2019-02-20",
        "fiscal_date": "2019-02-20",
        "fiscal_year": 2018,
        "fiscal_quarter": 4,
        "r2_url": "https://pub-2c783279b61043e19fbdadd1bee5153a.r2.dev/SAM/2019-02-20/The%20Boston%20Beer%20Company%2C%20Inc._2019-02-20_transcript/The%20Boston%20Beer%20Company%2C%20Inc._2019-02-20_transcript.pdf/The%20Boston%20Beer%20Company%2C%20Inc._2019-02-20_transcript.pdf",
        "periodicity": "periodic"
    },
    {
        "equity_ticker": "SAM",
        "geography": "US",
        "content_name": "SAM Q4 2018 Press Release",
        "file_type": "pdf",
        "content_type": "annual_report",
        "published_date": "2019-02-20",
        "fiscal_date": "2019-02-20",
        "fiscal_year": 2018,
        "fiscal_quarter": 4,
        "r2_url": "https://pub-2c783279b61043e19fbdadd1bee5153a.r2.dev/SAM/2019-02-20/24784-2023-09-05-01-14-55/24784-2023-09-05-01-14-55.pdf/24784-2023-09-05-01-14-55.pdf",
        "periodicity": "periodic"
    },
    {
        "equity_ticker": "SAM",
        "geography": "US",
        "content_name": "SAM Q3 2018 Transcript",
        "file_type": "pdf",
        "content_type": "earnings_transcript",
        "published_date": "2018-10-25",
        "fiscal_date": "2018-10-25",
        "fiscal_year": 2018,
        "fiscal_quarter": 3,
        "r2_url": "https://pub-2c783279b61043e19fbdadd1bee5153a.r2.dev/SAM/2018-10-25/The%20Boston%20Beer%20Company%2C%20Inc._2018-10-25_transcript/The%20Boston%20Beer%20Company%2C%20Inc._2018-10-25_transcript.pdf/The%20Boston%20Beer%20Company%2C%20Inc._2018-10-25_transcript.pdf",
        "periodicity": "periodic"
    },
    {
        "equity_ticker": "SAM",
        "geography": "US",
        "content_name": "SAM Q2 2018 Transcript",
        "file_type": "pdf",
        "content_type": "earnings_transcript",
        "published_date": "2018-07-26",
        "fiscal_date": "2018-07-26",
        "fiscal_year": 2018,
        "fiscal_quarter": 2,
        "r2_url": "https://pub-2c783279b61043e19fbdadd1bee5153a.r2.dev/SAM/2018-07-26/The%20Boston%20Beer%20Company%2C%20Inc._2018-07-26_transcript/The%20Boston%20Beer%20Company%2C%20Inc._2018-07-26_transcript.pdf/The%20Boston%20Beer%20Company%2C%20Inc._2018-07-26_transcript.pdf",
        "periodicity": "periodic"
    },
    {
        "equity_ticker": "SAM",
        "geography": "US",
        "content_name": "SAM Q1 2018 Transcript",
        "file_type": "pdf",
        "content_type": "earnings_transcript",
        "published_date": "2018-04-25",
        "fiscal_date": "2018-04-25",
        "fiscal_year": 2018,
        "fiscal_quarter": 1,
        "r2_url": "https://pub-2c783279b61043e19fbdadd1bee5153a.r2.dev/SAM/2018-04-25/The%20Boston%20Beer%20Company%2C%20Inc._2018-04-25_transcript/The%20Boston%20Beer%20Company%2C%20Inc._2018-04-25_transcript.pdf/The%20Boston%20Beer%20Company%2C%20Inc._2018-04-25_transcript.pdf",
        "periodicity": "periodic"
    },
    {
        "equity_ticker": "SAM",
        "geography": "US",
        "content_name": "SAM Q4 2017 Transcript",
        "file_type": "pdf",
        "content_type": "earnings_transcript",
        "published_date": "2018-02-21",
        "fiscal_date": "2018-02-21",
        "fiscal_year": 2017,
        "fiscal_quarter": 4,
        "r2_url": "https://pub-2c783279b61043e19fbdadd1bee5153a.r2.dev/SAM/2018-02-21/The%20Boston%20Beer%20Company%2C%20Inc._2018-02-21_transcript/The%20Boston%20Beer%20Company%2C%20Inc._2018-02-21_transcript.pdf/The%20Boston%20Beer%20Company%2C%20Inc._2018-02-21_transcript.pdf",
        "periodicity": "periodic"
    },
    {
        "equity_ticker": "SAM",
        "geography": "US",
        "content_name": "SAM Q4 2017 Press Release",
        "file_type": "pdf",
        "content_type": "annual_report",
        "published_date": "2018-02-21",
        "fiscal_date": "2018-02-21",
        "fiscal_year": 2017,
        "fiscal_quarter": 4,
        "r2_url": "https://pub-2c783279b61043e19fbdadd1bee5153a.r2.dev/SAM/2018-02-21/01f91-2023-09-05-01-27-55/01f91-2023-09-05-01-27-55.pdf/01f91-2023-09-05-01-27-55.pdf",
        "periodicity": "periodic"
    },
    {
        "equity_ticker": "SAM",
        "geography": "US",
        "content_name": "SAM Q3 2017 Transcript",
        "file_type": "pdf",
        "content_type": "earnings_transcript",
        "published_date": "2017-10-26",
        "fiscal_date": "2017-10-26",
        "fiscal_year": 2017,
        "fiscal_quarter": 3,
        "r2_url": "https://pub-2c783279b61043e19fbdadd1bee5153a.r2.dev/SAM/2017-10-26/The%20Boston%20Beer%20Company%2C%20Inc._2017-10-26_transcript/The%20Boston%20Beer%20Company%2C%20Inc._2017-10-26_transcript.pdf/The%20Boston%20Beer%20Company%2C%20Inc._2017-10-26_transcript.pdf",
        "periodicity": "periodic"
    },
    {
        "equity_ticker": "SAM",
        "geography": "US",
        "content_name": "SAM Q2 2017 Transcript",
        "file_type": "pdf",
        "content_type": "earnings_transcript",
        "published_date": "2017-07-27",
        "fiscal_date": "2017-07-27",
        "fiscal_year": 2017,
        "fiscal_quarter": 2,
        "r2_url": "https://pub-2c783279b61043e19fbdadd1bee5153a.r2.dev/SAM/2017-07-27/The%20Boston%20Beer%20Company%2C%20Inc._2017-07-27_transcript/The%20Boston%20Beer%20Company%2C%20Inc._2017-07-27_transcript.pdf/The%20Boston%20Beer%20Company%2C%20Inc._2017-07-27_transcript.pdf",
        "periodicity": "periodic"
    },
    {
        "equity_ticker": "SAM",
        "geography": "US",
        "content_name": "SAM Q1 2017 Transcript",
        "file_type": "pdf",
        "content_type": "earnings_transcript",
        "published_date": "2017-04-26",
        "fiscal_date": "2017-04-26",
        "fiscal_year": 2017,
        "fiscal_quarter": 1,
        "r2_url": "https://pub-2c783279b61043e19fbdadd1bee5153a.r2.dev/SAM/2017-04-26/The%20Boston%20Beer%20Company%2C%20Inc._2017-04-26_transcript/The%20Boston%20Beer%20Company%2C%20Inc._2017-04-26_transcript.pdf/The%20Boston%20Beer%20Company%2C%20Inc._2017-04-26_transcript.pdf",
        "periodicity": "periodic"
    },
    {
        "equity_ticker": "SAM",
        "geography": "US",
        "content_name": "SAM Q4 2016 Transcript",
        "file_type": "pdf",
        "content_type": "earnings_transcript",
        "published_date": "2017-02-22",
        "fiscal_date": "2017-02-22",
        "fiscal_year": 2016,
        "fiscal_quarter": 4,
        "r2_url": "https://pub-2c783279b61043e19fbdadd1bee5153a.r2.dev/SAM/2017-02-22/The%20Boston%20Beer%20Company%2C%20Inc._2017-02-22_transcript/The%20Boston%20Beer%20Company%2C%20Inc._2017-02-22_transcript.pdf/The%20Boston%20Beer%20Company%2C%20Inc._2017-02-22_transcript.pdf",
        "periodicity": "periodic"
    },
    {
        "equity_ticker": "SAM",
        "geography": "US",
        "content_name": "SAM Q4 2016 Press Release",
        "file_type": "pdf",
        "content_type": "annual_report",
        "published_date": "2017-02-22",
        "fiscal_date": "2017-02-22",
        "fiscal_year": 2016,
        "fiscal_quarter": 4,
        "r2_url": "https://pub-2c783279b61043e19fbdadd1bee5153a.r2.dev/SAM/2017-02-22/d84ab-2023-09-05-01-44-55/d84ab-2023-09-05-01-44-55.pdf/d84ab-2023-09-05-01-44-55.pdf",
        "periodicity": "periodic"
    },
    {
        "equity_ticker": "SAM",
        "geography": "US",
        "content_name": "SAM Q3 2016 Transcript",
        "file_type": "pdf",
        "content_type": "earnings_transcript",
        "published_date": "2016-10-20",
        "fiscal_date": "2016-10-20",
        "fiscal_year": 2016,
        "fiscal_quarter": 3,
        "r2_url": "https://pub-2c783279b61043e19fbdadd1bee5153a.r2.dev/SAM/2016-10-20/The%20Boston%20Beer%20Company%2C%20Inc._2016-10-20_transcript/The%20Boston%20Beer%20Company%2C%20Inc._2016-10-20_transcript.pdf/The%20Boston%20Beer%20Company%2C%20Inc._2016-10-20_transcript.pdf",
        "periodicity": "periodic"
    },
    {
        "equity_ticker": "SAM",
        "geography": "US",
        "content_name": "SAM Q2 2016 Transcript",
        "file_type": "pdf",
        "content_type": "earnings_transcript",
        "published_date": "2016-07-21",
        "fiscal_date": "2016-07-21",
        "fiscal_year": 2016,
        "fiscal_quarter": 2,
        "r2_url": "https://pub-2c783279b61043e19fbdadd1bee5153a.r2.dev/SAM/2016-07-21/The%20Boston%20Beer%20Company%2C%20Inc._2016-07-21_transcript/The%20Boston%20Beer%20Company%2C%20Inc._2016-07-21_transcript.pdf/The%20Boston%20Beer%20Company%2C%20Inc._2016-07-21_transcript.pdf",
        "periodicity": "periodic"
    },
    {
        "equity_ticker": "SAM",
        "geography": "US",
        "content_name": "SAM Q1 2016 Transcript",
        "file_type": "pdf",
        "content_type": "earnings_transcript",
        "published_date": "2016-04-21",
        "fiscal_date": "2016-04-21",
        "fiscal_year": 2016,
        "fiscal_quarter": 1,
        "r2_url": "https://pub-2c783279b61043e19fbdadd1bee5153a.r2.dev/SAM/2016-04-21/The%20Boston%20Beer%20Company%2C%20Inc._2016-04-21_transcript/The%20Boston%20Beer%20Company%2C%20Inc._2016-04-21_transcript.pdf/The%20Boston%20Beer%20Company%2C%20Inc._2016-04-21_transcript.pdf",
        "periodicity": "periodic"
    },
    {
        "equity_ticker": "SAM",
        "geography": "US",
        "content_name": "SAM Q4 2015 Transcript",
        "file_type": "pdf",
        "content_type": "earnings_transcript",
        "published_date": "2016-02-18",
        "fiscal_date": "2016-02-18",
        "fiscal_year": 2015,
        "fiscal_quarter": 4,
        "r2_url": "https://pub-2c783279b61043e19fbdadd1bee5153a.r2.dev/SAM/2016-02-18/The%20Boston%20Beer%20Company%2C%20Inc._2016-02-18_transcript/The%20Boston%20Beer%20Company%2C%20Inc._2016-02-18_transcript.pdf/The%20Boston%20Beer%20Company%2C%20Inc._2016-02-18_transcript.pdf",
        "periodicity": "periodic"
    },
    {
        "equity_ticker": "SAM",
        "geography": "US",
        "content_name": "SAM Q4 2015 Press Release",
        "file_type": "pdf",
        "content_type": "annual_report",
        "published_date": "2016-02-18",
        "fiscal_date": "2016-02-18",
        "fiscal_year": 2015,
        "fiscal_quarter": 4,
        "r2_url": "https://pub-2c783279b61043e19fbdadd1bee5153a.r2.dev/SAM/2016-02-18/f7f9b-2023-09-05-01-59-55/f7f9b-2023-09-05-01-59-55.pdf/f7f9b-2023-09-05-01-59-55.pdf",
        "periodicity": "periodic"
    },
    {
        "equity_ticker": "SAM",
        "geography": "US",
        "content_name": "SAM Q3 2015 Transcript",
        "file_type": "pdf",
        "content_type": "earnings_transcript",
        "published_date": "2015-10-31",
        "fiscal_date": "2015-10-31",
        "fiscal_year": 2015,
        "fiscal_quarter": 3,
        "r2_url": "https://pub-2c783279b61043e19fbdadd1bee5153a.r2.dev/SAM/2015-10-31/The%20Boston%20Beer%20Company%2C%20Inc._2015-10-31_transcript/The%20Boston%20Beer%20Company%2C%20Inc._2015-10-31_transcript.pdf/The%20Boston%20Beer%20Company%2C%20Inc._2015-10-31_transcript.pdf",
        "periodicity": "periodic"
    },
    {
        "equity_ticker": "SAM",
        "geography": "US",
        "content_name": "SAM Q2 2015 Transcript",
        "file_type": "pdf",
        "content_type": "earnings_transcript",
        "published_date": "2015-07-30",
        "fiscal_date": "2015-07-30",
        "fiscal_year": 2015,
        "fiscal_quarter": 2,
        "r2_url": "https://pub-2c783279b61043e19fbdadd1bee5153a.r2.dev/SAM/2015-07-30/The%20Boston%20Beer%20Company%2C%20Inc._2015-07-30_transcript/The%20Boston%20Beer%20Company%2C%20Inc._2015-07-30_transcript.pdf/The%20Boston%20Beer%20Company%2C%20Inc._2015-07-30_transcript.pdf",
        "periodicity": "periodic"
    },
    {
        "equity_ticker": "SAM",
        "geography": "US",
        "content_name": "SAM Q1 2015 Transcript",
        "file_type": "pdf",
        "content_type": "earnings_transcript",
        "published_date": "2015-04-29",
        "fiscal_date": "2015-04-29",
        "fiscal_year": 2015,
        "fiscal_quarter": 1,
        "r2_url": "https://pub-2c783279b61043e19fbdadd1bee5153a.r2.dev/SAM/2015-04-29/The%20Boston%20Beer%20Company%2C%20Inc._2015-04-29_transcript/The%20Boston%20Beer%20Company%2C%20Inc._2015-04-29_transcript.pdf/The%20Boston%20Beer%20Company%2C%20Inc._2015-04-29_transcript.pdf",
        "periodicity": "periodic"
    },
    {
        "equity_ticker": "SAM",
        "geography": "US",
        "content_name": "SAM Q4 2014 Transcript",
        "file_type": "pdf",
        "content_type": "earnings_transcript",
        "published_date": "2015-02-24",
        "fiscal_date": "2015-02-24",
        "fiscal_year": 2014,
        "fiscal_quarter": 4,
        "r2_url": "https://pub-2c783279b61043e19fbdadd1bee5153a.r2.dev/SAM/2015-02-24/The%20Boston%20Beer%20Company%2C%20Inc._2015-02-24_transcript/The%20Boston%20Beer%20Company%2C%20Inc._2015-02-24_transcript.pdf/The%20Boston%20Beer%20Company%2C%20Inc._2015-02-24_transcript.pdf",
        "periodicity": "periodic"
    },
    {
        "equity_ticker": "SAM",
        "geography": "US",
        "content_name": "SAM Q3 2014 Transcript",
        "file_type": "pdf",
        "content_type": "earnings_transcript",
        "published_date": "2014-10-30",
        "fiscal_date": "2014-10-30",
        "fiscal_year": 2014,
        "fiscal_quarter": 3,
        "r2_url": "https://pub-2c783279b61043e19fbdadd1bee5153a.r2.dev/SAM/2014-10-30/The%20Boston%20Beer%20Company%2C%20Inc._2014-10-30_transcript/The%20Boston%20Beer%20Company%2C%20Inc._2014-10-30_transcript.pdf/The%20Boston%20Beer%20Company%2C%20Inc._2014-10-30_transcript.pdf",
        "periodicity": "periodic"
    },
    {
        "equity_ticker": "SAM",
        "geography": "US",
        "content_name": "SAM Q2 2014 Transcript",
        "file_type": "pdf",
        "content_type": "earnings_transcript",
        "published_date": "2014-07-30",
        "fiscal_date": "2014-07-30",
        "fiscal_year": 2014,
        "fiscal_quarter": 2,
        "r2_url": "https://pub-2c783279b61043e19fbdadd1bee5153a.r2.dev/SAM/2014-07-30/The%20Boston%20Beer%20Company%2C%20Inc._2014-07-30_transcript/The%20Boston%20Beer%20Company%2C%20Inc._2014-07-30_transcript.pdf/The%20Boston%20Beer%20Company%2C%20Inc._2014-07-30_transcript.pdf",
        "periodicity": "periodic"
    },
    {
        "equity_ticker": "SAM",
        "geography": "US",
        "content_name": "SAM Q1 2014 Transcript",
        "file_type": "pdf",
        "content_type": "earnings_transcript",
        "published_date": "2014-04-30",
        "fiscal_date": "2014-04-30",
        "fiscal_year": 2014,
        "fiscal_quarter": 1,
        "r2_url": "https://pub-2c783279b61043e19fbdadd1bee5153a.r2.dev/SAM/2014-04-30/The%20Boston%20Beer%20Company%2C%20Inc._2014-04-30_transcript/The%20Boston%20Beer%20Company%2C%20Inc._2014-04-30_transcript.pdf/The%20Boston%20Beer%20Company%2C%20Inc._2014-04-30_transcript.pdf",
        "periodicity": "periodic"
    },
    {
        "equity_ticker": "SAM",
        "geography": "US",
        "content_name": "SAM Q4 2013 Transcript",
        "file_type": "pdf",
        "content_type": "earnings_transcript",
        "published_date": "2014-02-25",
        "fiscal_date": "2014-02-25",
        "fiscal_year": 2013,
        "fiscal_quarter": 4,
        "r2_url": "https://pub-2c783279b61043e19fbdadd1bee5153a.r2.dev/SAM/2014-02-25/The%20Boston%20Beer%20Company%2C%20Inc._2014-02-25_transcript/The%20Boston%20Beer%20Company%2C%20Inc._2014-02-25_transcript.pdf/The%20Boston%20Beer%20Company%2C%20Inc._2014-02-25_transcript.pdf",
        "periodicity": "periodic"
    },
    {
        "equity_ticker": "SAM",
        "geography": "US",
        "content_name": "SAM Q3 2013 Transcript",
        "file_type": "pdf",
        "content_type": "earnings_transcript",
        "published_date": "2013-10-30",
        "fiscal_date": "2013-10-30",
        "fiscal_year": 2013,
        "fiscal_quarter": 3,
        "r2_url": "https://pub-2c783279b61043e19fbdadd1bee5153a.r2.dev/SAM/2013-10-30/The%20Boston%20Beer%20Company%2C%20Inc._2013-10-30_transcript/The%20Boston%20Beer%20Company%2C%20Inc._2013-10-30_transcript.pdf/The%20Boston%20Beer%20Company%2C%20Inc._2013-10-30_transcript.pdf",
        "periodicity": "periodic"
    },
    {
        "equity_ticker": "SAM",
        "geography": "US",
        "content_name": "SAM Q2 2013 Transcript",
        "file_type": "pdf",
        "content_type": "earnings_transcript",
        "published_date": "2013-07-31",
        "fiscal_date": "2013-07-31",
        "fiscal_year": 2013,
        "fiscal_quarter": 2,
        "r2_url": "https://pub-2c783279b61043e19fbdadd1bee5153a.r2.dev/SAM/2013-07-31/The%20Boston%20Beer%20Company%2C%20Inc._2013-07-31_transcript/The%20Boston%20Beer%20Company%2C%20Inc._2013-07-31_transcript.pdf/The%20Boston%20Beer%20Company%2C%20Inc._2013-07-31_transcript.pdf",
        "periodicity": "periodic"
    },
    {
        "equity_ticker": "SAM",
        "geography": "US",
        "content_name": "SAM Q1 2013 Transcript",
        "file_type": "pdf",
        "content_type": "earnings_transcript",
        "published_date": "2013-05-01",
        "fiscal_date": "2013-05-01",
        "fiscal_year": 2013,
        "fiscal_quarter": 1,
        "r2_url": "https://pub-2c783279b61043e19fbdadd1bee5153a.r2.dev/SAM/2013-05-01/The%20Boston%20Beer%20Company%2C%20Inc._2013-05-01_transcript/The%20Boston%20Beer%20Company%2C%20Inc._2013-05-01_transcript.pdf/The%20Boston%20Beer%20Company%2C%20Inc._2013-05-01_transcript.pdf",
        "periodicity": "periodic"
    },
    {
        "equity_ticker": "SAM",
        "geography": "US",
        "content_name": "SAM Q4 2012 Transcript",
        "file_type": "pdf",
        "content_type": "earnings_transcript",
        "published_date": "2013-02-20",
        "fiscal_date": "2013-02-20",
        "fiscal_year": 2012,
        "fiscal_quarter": 4,
        "r2_url": "https://pub-2c783279b61043e19fbdadd1bee5153a.r2.dev/SAM/2013-02-20/The%20Boston%20Beer%20Company%2C%20Inc._2013-02-20_transcript/The%20Boston%20Beer%20Company%2C%20Inc._2013-02-20_transcript.pdf/The%20Boston%20Beer%20Company%2C%20Inc._2013-02-20_transcript.pdf",
        "periodicity": "periodic"
    },
    {
        "equity_ticker": "SAM",
        "geography": "US",
        "content_name": "SAM Q3 2012 Transcript",
        "file_type": "pdf",
        "content_type": "earnings_transcript",
        "published_date": "2012-11-01",
        "fiscal_date": "2012-11-01",
        "fiscal_year": 2012,
        "fiscal_quarter": 3,
        "r2_url": "https://pub-2c783279b61043e19fbdadd1bee5153a.r2.dev/SAM/2012-11-01/The%20Boston%20Beer%20Company%2C%20Inc._2012-11-01_transcript/The%20Boston%20Beer%20Company%2C%20Inc._2012-11-01_transcript.pdf/The%20Boston%20Beer%20Company%2C%20Inc._2012-11-01_transcript.pdf",
        "periodicity": "periodic"
    },
    {
        "equity_ticker": "SAM",
        "geography": "US",
        "content_name": "SAM Q2 2012 Transcript",
        "file_type": "pdf",
        "content_type": "earnings_transcript",
        "published_date": "2012-08-01",
        "fiscal_date": "2012-08-01",
        "fiscal_year": 2012,
        "fiscal_quarter": 2,
        "r2_url": "https://pub-2c783279b61043e19fbdadd1bee5153a.r2.dev/SAM/2012-08-01/The%20Boston%20Beer%20Company%2C%20Inc._2012-08-01_transcript/The%20Boston%20Beer%20Company%2C%20Inc._2012-08-01_transcript.pdf/The%20Boston%20Beer%20Company%2C%20Inc._2012-08-01_transcript.pdf",
        "periodicity": "periodic"
    },
    {
        "equity_ticker": "SAM",
        "geography": "US",
        "content_name": "SAM Q1 2012 Transcript",
        "file_type": "pdf",
        "content_type": "earnings_transcript",
        "published_date": "2012-05-02",
        "fiscal_date": "2012-05-02",
        "fiscal_year": 2012,
        "fiscal_quarter": 1,
        "r2_url": "https://pub-2c783279b61043e19fbdadd1bee5153a.r2.dev/SAM/2012-05-02/The%20Boston%20Beer%20Company%2C%20Inc._2012-05-02_transcript/The%20Boston%20Beer%20Company%2C%20Inc._2012-05-02_transcript.pdf/The%20Boston%20Beer%20Company%2C%20Inc._2012-05-02_transcript.pdf",
        "periodicity": "periodic"
    },
    {
        "equity_ticker": "SAM",
        "geography": "US",
        "content_name": "SAM Q4 2011 Transcript",
        "file_type": "pdf",
        "content_type": "earnings_transcript",
        "published_date": "2012-02-22",
        "fiscal_date": "2012-02-22",
        "fiscal_year": 2011,
        "fiscal_quarter": 4,
        "r2_url": "https://pub-2c783279b61043e19fbdadd1bee5153a.r2.dev/SAM/2012-02-22/The%20Boston%20Beer%20Company%2C%20Inc._2012-02-22_transcript/The%20Boston%20Beer%20Company%2C%20Inc._2012-02-22_transcript.pdf/The%20Boston%20Beer%20Company%2C%20Inc._2012-02-22_transcript.pdf",
        "periodicity": "periodic"
    },
    {
        "equity_ticker": "SAM",
        "geography": "US",
        "content_name": "SAM Q2 2010 Transcript",
        "file_type": "pdf",
        "content_type": "earnings_transcript",
        "published_date": "2010-08-03",
        "fiscal_date": "2010-08-03",
        "fiscal_year": 2010,
        "fiscal_quarter": 2,
        "r2_url": "https://pub-2c783279b61043e19fbdadd1bee5153a.r2.dev/SAM/2010-08-03/The%20Boston%20Beer%20Company%2C%20Inc._2010-08-03_transcript/The%20Boston%20Beer%20Company%2C%20Inc._2010-08-03_transcript.pdf/The%20Boston%20Beer%20Company%2C%20Inc._2010-08-03_transcript.pdf",
        "periodicity": "periodic"
    },
    {
        "equity_ticker": "SAM",
        "geography": "US",
        "content_name": "SAM Q1 2010 Transcript",
        "file_type": "pdf",
        "content_type": "earnings_transcript",
        "published_date": "2010-05-05",
        "fiscal_date": "2010-05-05",
        "fiscal_year": 2010,
        "fiscal_quarter": 1,
        "r2_url": "https://pub-2c783279b61043e19fbdadd1bee5153a.r2.dev/SAM/2010-05-05/The%20Boston%20Beer%20Company%2C%20Inc._2010-05-05_transcript/The%20Boston%20Beer%20Company%2C%20Inc._2010-05-05_transcript.pdf/The%20Boston%20Beer%20Company%2C%20Inc._2010-05-05_transcript.pdf",
        "periodicity": "periodic"
    },
    {
        "equity_ticker": "SAM",
        "geography": "US",
        "content_name": "SAM Q4 2008 Transcript",
        "file_type": "pdf",
        "content_type": "earnings_transcript",
        "published_date": "2009-03-10",
        "fiscal_date": "2009-03-10",
        "fiscal_year": 2008,
        "fiscal_quarter": 4,
        "r2_url": "https://pub-2c783279b61043e19fbdadd1bee5153a.r2.dev/SAM/2009-03-10/The%20Boston%20Beer%20Company%2C%20Inc._2009-03-10_transcript/The%20Boston%20Beer%20Company%2C%20Inc._2009-03-10_transcript.pdf/The%20Boston%20Beer%20Company%2C%20Inc._2009-03-10_transcript.pdf",
        "periodicity": "periodic"
    },
    {
        "equity_ticker": "SAM",
        "geography": "US",
        "content_name": "SAM Q2 2008 Transcript",
        "file_type": "pdf",
        "content_type": "earnings_transcript",
        "published_date": "2008-08-31",
        "fiscal_date": "2008-08-31",
        "fiscal_year": 2008,
        "fiscal_quarter": 2,
        "r2_url": "https://pub-2c783279b61043e19fbdadd1bee5153a.r2.dev/SAM/2008-08-31/The%20Boston%20Beer%20Company%2C%20Inc._2008-08-31_transcript/The%20Boston%20Beer%20Company%2C%20Inc._2008-08-31_transcript.pdf/The%20Boston%20Beer%20Company%2C%20Inc._2008-08-31_transcript.pdf",
        "periodicity": "periodic"
    },
    {
        "equity_ticker": "SAM",
        "geography": "US",
        "content_name": "SAM Q1 2008 Transcript",
        "file_type": "pdf",
        "content_type": "earnings_transcript",
        "published_date": "2008-05-23",
        "fiscal_date": "2008-05-23",
        "fiscal_year": 2008,
        "fiscal_quarter": 1,
        "r2_url": "https://pub-2c783279b61043e19fbdadd1bee5153a.r2.dev/SAM/2008-05-23/The%20Boston%20Beer%20Company%2C%20Inc._2008-05-23_transcript/The%20Boston%20Beer%20Company%2C%20Inc._2008-05-23_transcript.pdf/The%20Boston%20Beer%20Company%2C%20Inc._2008-05-23_transcript.pdf",
        "periodicity": "periodic"
    },
    {
        "equity_ticker": "SAM",
        "geography": "US",
        "content_name": "SAM Q4 2007 Transcript",
        "file_type": "pdf",
        "content_type": "earnings_transcript",
        "published_date": "2008-03-11",
        "fiscal_date": "2008-03-11",
        "fiscal_year": 2007,
        "fiscal_quarter": 4,
        "r2_url": "https://pub-2c783279b61043e19fbdadd1bee5153a.r2.dev/SAM/2008-03-11/The%20Boston%20Beer%20Company%2C%20Inc._2008-03-11_transcript/The%20Boston%20Beer%20Company%2C%20Inc._2008-03-11_transcript.pdf/The%20Boston%20Beer%20Company%2C%20Inc._2008-03-11_transcript.pdf",
        "periodicity": "periodic"
    },
    {
        "equity_ticker": "SAM",
        "geography": "US",
        "content_name": "SAM Q3 2007 Transcript",
        "file_type": "pdf",
        "content_type": "earnings_transcript",
        "published_date": "2007-11-06",
        "fiscal_date": "2007-11-06",
        "fiscal_year": 2007,
        "fiscal_quarter": 3,
        "r2_url": "https://pub-2c783279b61043e19fbdadd1bee5153a.r2.dev/SAM/2007-11-06/The%20Boston%20Beer%20Company%2C%20Inc._2007-11-06_transcript/The%20Boston%20Beer%20Company%2C%20Inc._2007-11-06_transcript.pdf/The%20Boston%20Beer%20Company%2C%20Inc._2007-11-06_transcript.pdf",
        "periodicity": "periodic"
    }
]