[
    {
        "equity_ticker": "SJM",
        "geography": "US",
        "content_name": "BofA Securities Consumer and Retail Conference 2025 - March 11, 2025",
        "file_type": "pdf",
        "content_type": "industry_conference_transcript",
        "published_date": "2025-03-11",
        "fiscal_date": "2025-03-11",
        "fiscal_year": 0,
        "fiscal_quarter": 0,
        "r2_url": "https://pub-2c783279b61043e19fbdadd1bee5153a.r2.dev/SJM/2025-03-11/The%20J.%20M.%20Smucker%20Company_2025-03-11_transcript/The%20J.%20M.%20Smucker%20Company_2025-03-11_transcript.pdf/The%20J.%20M.%20Smucker%20Company_2025-03-11_transcript.pdf",
        "periodicity": "non_periodic"
    },
    {
        "equity_ticker": "SJM",
        "geography": "US",
        "content_name": "SJM Q3 2025 Transcript",
        "file_type": "pdf",
        "content_type": "earnings_transcript",
        "published_date": "2025-02-27",
        "fiscal_date": "2025-02-27",
        "fiscal_year": 2025,
        "fiscal_quarter": 3,
        "r2_url": "https://pub-2c783279b61043e19fbdadd1bee5153a.r2.dev/SJM/2025-02-27/The%20J.%20M.%20Smucker%20Company_2025-02-27_transcript/The%20J.%20M.%20Smucker%20Company_2025-02-27_transcript.pdf/The%20J.%20M.%20Smucker%20Company_2025-02-27_transcript.pdf",
        "periodicity": "periodic"
    },
    {
        "equity_ticker": "SJM",
        "geography": "US",
        "content_name": "SJM Q3 2025 Press Release",
        "file_type": "pdf",
        "content_type": "earnings_press_release",
        "published_date": "2025-02-27",
        "fiscal_date": "2025-02-27",
        "fiscal_year": 2025,
        "fiscal_quarter": 3,
        "r2_url": "https://pub-2c783279b61043e19fbdadd1bee5153a.r2.dev/SJM/2025-02-27/0e5f2-2025-02-27-12-21-30/0e5f2-2025-02-27-12-21-30.pdf/0e5f2-2025-02-27-12-21-30.pdf",
        "periodicity": "periodic"
    },
    {
        "equity_ticker": "SJM",
        "geography": "US",
        "content_name": "SJM Q3 2025 Presentation",
        "file_type": "pdf",
        "content_type": "earnings_presentation",
        "published_date": "2025-02-27",
        "fiscal_date": "2025-02-27",
        "fiscal_year": 2025,
        "fiscal_quarter": 3,
        "r2_url": "https://pub-2c783279b61043e19fbdadd1bee5153a.r2.dev/SJM/2025-02-27/c74be-2025-02-27-12-48-42/c74be-2025-02-27-12-48-42.pdf/c74be-2025-02-27-12-48-42.pdf",
        "periodicity": "periodic"
    },
    {
        "equity_ticker": "SJM",
        "geography": "US",
        "content_name": "Consumer Analyst Group of New York Conference 2025 - February 19, 2025",
        "file_type": "pdf",
        "content_type": "industry_conference_transcript",
        "published_date": "2025-02-19",
        "fiscal_date": "2025-02-19",
        "fiscal_year": 0,
        "fiscal_quarter": 0,
        "r2_url": "https://pub-2c783279b61043e19fbdadd1bee5153a.r2.dev/SJM/2025-02-19/The%20J.%20M.%20Smucker%20Company_2025-02-19_transcript/The%20J.%20M.%20Smucker%20Company_2025-02-19_transcript.pdf/The%20J.%20M.%20Smucker%20Company_2025-02-19_transcript.pdf",
        "periodicity": "non_periodic"
    },
    {
        "equity_ticker": "SJM",
        "geography": "US",
        "content_name": "Consumer Analyst Group of New York Conference 2025 - February 19, 2025",
        "file_type": "pdf",
        "content_type": "industry_conference_presentation",
        "published_date": "2025-02-19",
        "fiscal_date": "2025-02-19",
        "fiscal_year": 0,
        "fiscal_quarter": 0,
        "r2_url": "https://pub-2c783279b61043e19fbdadd1bee5153a.r2.dev/SJM/2025-02-19/55742-2025-02-20-04-37-24/55742-2025-02-20-04-37-24.pdf/55742-2025-02-20-04-37-24.pdf",
        "periodicity": "non_periodic"
    },
    {
        "equity_ticker": "SJM",
        "geography": "US",
        "content_name": "Investor Day 2024 - December 10, 2024",
        "file_type": "pdf",
        "content_type": "company_conference_transcript",
        "published_date": "2024-12-10",
        "fiscal_date": "2024-12-10",
        "fiscal_year": 0,
        "fiscal_quarter": 0,
        "r2_url": "https://pub-2c783279b61043e19fbdadd1bee5153a.r2.dev/SJM/2024-12-10/The%20J.%20M.%20Smucker%20Company_2024-12-10_transcript/The%20J.%20M.%20Smucker%20Company_2024-12-10_transcript.pdf/The%20J.%20M.%20Smucker%20Company_2024-12-10_transcript.pdf",
        "periodicity": "non_periodic"
    },
    {
        "equity_ticker": "SJM",
        "geography": "US",
        "content_name": "SJM Q2 2025 Transcript",
        "file_type": "pdf",
        "content_type": "earnings_transcript",
        "published_date": "2024-11-26",
        "fiscal_date": "2024-11-26",
        "fiscal_year": 2025,
        "fiscal_quarter": 2,
        "r2_url": "https://pub-2c783279b61043e19fbdadd1bee5153a.r2.dev/SJM/2024-11-26/The%20J.%20M.%20Smucker%20Company_2024-11-26_transcript/The%20J.%20M.%20Smucker%20Company_2024-11-26_transcript.pdf/The%20J.%20M.%20Smucker%20Company_2024-11-26_transcript.pdf",
        "periodicity": "periodic"
    },
    {
        "equity_ticker": "SJM",
        "geography": "US",
        "content_name": "SJM Q2 2025 Press Release",
        "file_type": "pdf",
        "content_type": "earnings_press_release",
        "published_date": "2024-11-26",
        "fiscal_date": "2024-11-26",
        "fiscal_year": 2025,
        "fiscal_quarter": 2,
        "r2_url": "https://pub-2c783279b61043e19fbdadd1bee5153a.r2.dev/SJM/2024-11-26/46424-2024-11-26-12-29-04/46424-2024-11-26-12-29-04.pdf/46424-2024-11-26-12-29-04.pdf",
        "periodicity": "periodic"
    },
    {
        "equity_ticker": "SJM",
        "geography": "US",
        "content_name": "SJM Q2 2025 Presentation",
        "file_type": "pdf",
        "content_type": "earnings_presentation",
        "published_date": "2024-11-26",
        "fiscal_date": "2024-11-26",
        "fiscal_year": 2025,
        "fiscal_quarter": 2,
        "r2_url": "https://pub-2c783279b61043e19fbdadd1bee5153a.r2.dev/SJM/2024-11-26/8178b-2024-11-26-12-20-58/8178b-2024-11-26-12-20-58.pdf/8178b-2024-11-26-12-20-58.pdf",
        "periodicity": "periodic"
    },
    {
        "equity_ticker": "SJM",
        "geography": "US",
        "content_name": "Barclays 17th Annual Global Consumer Staples Conference - September 3, 2024",
        "file_type": "pdf",
        "content_type": "sellside_conference_transcript",
        "published_date": "2024-09-03",
        "fiscal_date": "2024-09-03",
        "fiscal_year": 0,
        "fiscal_quarter": 0,
        "r2_url": "https://pub-2c783279b61043e19fbdadd1bee5153a.r2.dev/SJM/2024-09-03/The%20J.%20M.%20Smucker%20Company_2024-09-03_transcript/The%20J.%20M.%20Smucker%20Company_2024-09-03_transcript.pdf/The%20J.%20M.%20Smucker%20Company_2024-09-03_transcript.pdf",
        "periodicity": "non_periodic"
    },
    {
        "equity_ticker": "SJM",
        "geography": "US",
        "content_name": "Barclays 17th Annual Global Consumer Staples Conference - September 3, 2024",
        "file_type": "pdf",
        "content_type": "sellside_conference_presentation",
        "published_date": "2024-09-03",
        "fiscal_date": "2024-09-03",
        "fiscal_year": 0,
        "fiscal_quarter": 0,
        "r2_url": "https://pub-2c783279b61043e19fbdadd1bee5153a.r2.dev/SJM/2024-09-03/428ee-2024-09-27-01-09-44/428ee-2024-09-27-01-09-44.pdf/428ee-2024-09-27-01-09-44.pdf",
        "periodicity": "non_periodic"
    },
    {
        "equity_ticker": "SJM",
        "geography": "US",
        "content_name": "SJM Q1 2025 Transcript",
        "file_type": "pdf",
        "content_type": "earnings_transcript",
        "published_date": "2024-08-28",
        "fiscal_date": "2024-08-28",
        "fiscal_year": 2025,
        "fiscal_quarter": 1,
        "r2_url": "https://pub-2c783279b61043e19fbdadd1bee5153a.r2.dev/SJM/2024-08-28/The%20J.%20M.%20Smucker%20Company_2024-08-28_transcript/The%20J.%20M.%20Smucker%20Company_2024-08-28_transcript.pdf/The%20J.%20M.%20Smucker%20Company_2024-08-28_transcript.pdf",
        "periodicity": "periodic"
    },
    {
        "equity_ticker": "SJM",
        "geography": "US",
        "content_name": "SJM Q1 2025 Press Release",
        "file_type": "pdf",
        "content_type": "earnings_press_release",
        "published_date": "2024-08-28",
        "fiscal_date": "2024-08-28",
        "fiscal_year": 2025,
        "fiscal_quarter": 1,
        "r2_url": "https://pub-2c783279b61043e19fbdadd1bee5153a.r2.dev/SJM/2024-08-28/f2130-2024-08-28-11-34-09/f2130-2024-08-28-11-34-09.pdf/f2130-2024-08-28-11-34-09.pdf",
        "periodicity": "periodic"
    },
    {
        "equity_ticker": "SJM",
        "geography": "US",
        "content_name": "SJM Q1 2025 Presentation",
        "file_type": "pdf",
        "content_type": "earnings_presentation",
        "published_date": "2024-08-28",
        "fiscal_date": "2024-08-28",
        "fiscal_year": 2025,
        "fiscal_quarter": 1,
        "r2_url": "https://pub-2c783279b61043e19fbdadd1bee5153a.r2.dev/SJM/2024-08-28/38a1f-2024-08-28-11-20-11/38a1f-2024-08-28-11-20-11.pdf/38a1f-2024-08-28-11-20-11.pdf",
        "periodicity": "periodic"
    },
    {
        "equity_ticker": "SJM",
        "geography": "US",
        "content_name": "AGM 2024 - August 14, 2024",
        "file_type": "pdf",
        "content_type": "company_conference_transcript",
        "published_date": "2024-08-14",
        "fiscal_date": "2024-08-14",
        "fiscal_year": 0,
        "fiscal_quarter": 0,
        "r2_url": "https://pub-2c783279b61043e19fbdadd1bee5153a.r2.dev/SJM/2024-08-14/The%20J.%20M.%20Smucker%20Company_2024-08-14_transcript/The%20J.%20M.%20Smucker%20Company_2024-08-14_transcript.pdf/The%20J.%20M.%20Smucker%20Company_2024-08-14_transcript.pdf",
        "periodicity": "non_periodic"
    },
    {
        "equity_ticker": "SJM",
        "geography": "US",
        "content_name": "SJM Q4 2024 Transcript",
        "file_type": "pdf",
        "content_type": "earnings_transcript",
        "published_date": "2024-06-06",
        "fiscal_date": "2024-06-06",
        "fiscal_year": 2024,
        "fiscal_quarter": 4,
        "r2_url": "https://pub-2c783279b61043e19fbdadd1bee5153a.r2.dev/SJM/2024-06-06/The%20J.%20M.%20Smucker%20Company_2024-06-06_transcript/The%20J.%20M.%20Smucker%20Company_2024-06-06_transcript.pdf/The%20J.%20M.%20Smucker%20Company_2024-06-06_transcript.pdf",
        "periodicity": "periodic"
    },
    {
        "equity_ticker": "SJM",
        "geography": "US",
        "content_name": "SJM Q4 2024 Press Release",
        "file_type": "pdf",
        "content_type": "earnings_press_release",
        "published_date": "2024-06-06",
        "fiscal_date": "2024-06-06",
        "fiscal_year": 2024,
        "fiscal_quarter": 4,
        "r2_url": "https://pub-2c783279b61043e19fbdadd1bee5153a.r2.dev/SJM/2024-06-06/54a79-2024-06-06-11-30-19/54a79-2024-06-06-11-30-19.pdf/54a79-2024-06-06-11-30-19.pdf",
        "periodicity": "periodic"
    },
    {
        "equity_ticker": "SJM",
        "geography": "US",
        "content_name": "SJM Q4 2024 Presentation",
        "file_type": "pdf",
        "content_type": "earnings_presentation",
        "published_date": "2024-06-06",
        "fiscal_date": "2024-06-06",
        "fiscal_year": 2024,
        "fiscal_quarter": 4,
        "r2_url": "https://pub-2c783279b61043e19fbdadd1bee5153a.r2.dev/SJM/2024-06-06/8a2e9-2024-06-06-11-31-19/8a2e9-2024-06-06-11-31-19.pdf/8a2e9-2024-06-06-11-31-19.pdf",
        "periodicity": "periodic"
    },
    {
        "equity_ticker": "SJM",
        "geography": "US",
        "content_name": "SJM Q3 2024 Transcript",
        "file_type": "pdf",
        "content_type": "earnings_transcript",
        "published_date": "2024-02-27",
        "fiscal_date": "2024-02-27",
        "fiscal_year": 2024,
        "fiscal_quarter": 3,
        "r2_url": "https://pub-2c783279b61043e19fbdadd1bee5153a.r2.dev/SJM/2024-02-27/The%20J.%20M.%20Smucker%20Company_2024-02-27_transcript/The%20J.%20M.%20Smucker%20Company_2024-02-27_transcript.pdf/The%20J.%20M.%20Smucker%20Company_2024-02-27_transcript.pdf",
        "periodicity": "periodic"
    },
    {
        "equity_ticker": "SJM",
        "geography": "US",
        "content_name": "SJM Q3 2024 Press Release",
        "file_type": "pdf",
        "content_type": "earnings_press_release",
        "published_date": "2024-02-27",
        "fiscal_date": "2024-02-27",
        "fiscal_year": 2024,
        "fiscal_quarter": 3,
        "r2_url": "https://pub-2c783279b61043e19fbdadd1bee5153a.r2.dev/SJM/2024-02-27/f4a4c-2024-02-27-12-20-04/f4a4c-2024-02-27-12-20-04.pdf/f4a4c-2024-02-27-12-20-04.pdf",
        "periodicity": "periodic"
    },
    {
        "equity_ticker": "SJM",
        "geography": "US",
        "content_name": "SJM Q3 2024 Presentation",
        "file_type": "pdf",
        "content_type": "earnings_presentation",
        "published_date": "2024-02-27",
        "fiscal_date": "2024-02-27",
        "fiscal_year": 2024,
        "fiscal_quarter": 3,
        "r2_url": "https://pub-2c783279b61043e19fbdadd1bee5153a.r2.dev/SJM/2024-02-27/d30bb-2024-02-27-12-30-14/d30bb-2024-02-27-12-30-14.pdf/d30bb-2024-02-27-12-30-14.pdf",
        "periodicity": "periodic"
    },
    {
        "equity_ticker": "SJM",
        "geography": "US",
        "content_name": "CAGNY 2024 Conference - February 21, 2024",
        "file_type": "pdf",
        "content_type": "industry_conference_transcript",
        "published_date": "2024-02-21",
        "fiscal_date": "2024-02-21",
        "fiscal_year": 0,
        "fiscal_quarter": 0,
        "r2_url": "https://pub-2c783279b61043e19fbdadd1bee5153a.r2.dev/SJM/2024-02-21/The%20J.%20M.%20Smucker%20Company_2024-02-21_transcript/The%20J.%20M.%20Smucker%20Company_2024-02-21_transcript.pdf/The%20J.%20M.%20Smucker%20Company_2024-02-21_transcript.pdf",
        "periodicity": "non_periodic"
    },
    {
        "equity_ticker": "SJM",
        "geography": "US",
        "content_name": "CAGNY 2024 Conference - February 21, 2024",
        "file_type": "pdf",
        "content_type": "industry_conference_presentation",
        "published_date": "2024-02-21",
        "fiscal_date": "2024-02-21",
        "fiscal_year": 0,
        "fiscal_quarter": 0,
        "r2_url": "https://pub-2c783279b61043e19fbdadd1bee5153a.r2.dev/SJM/2024-02-21/3e4d7-2024-02-21-09-48-00/3e4d7-2024-02-21-09-48-00.pdf/3e4d7-2024-02-21-09-48-00.pdf",
        "periodicity": "non_periodic"
    },
    {
        "equity_ticker": "SJM",
        "geography": "US",
        "content_name": "SJM Q2 2024 Transcript",
        "file_type": "pdf",
        "content_type": "earnings_transcript",
        "published_date": "2023-12-05",
        "fiscal_date": "2023-12-05",
        "fiscal_year": 2024,
        "fiscal_quarter": 2,
        "r2_url": "https://pub-2c783279b61043e19fbdadd1bee5153a.r2.dev/SJM/2023-12-05/The%20J.%20M.%20Smucker%20Company_2023-12-05_transcript/The%20J.%20M.%20Smucker%20Company_2023-12-05_transcript.pdf/The%20J.%20M.%20Smucker%20Company_2023-12-05_transcript.pdf",
        "periodicity": "periodic"
    },
    {
        "equity_ticker": "SJM",
        "geography": "US",
        "content_name": "SJM Q2 2024 Press Release",
        "file_type": "pdf",
        "content_type": "earnings_press_release",
        "published_date": "2023-12-05",
        "fiscal_date": "2023-12-05",
        "fiscal_year": 2024,
        "fiscal_quarter": 2,
        "r2_url": "https://pub-2c783279b61043e19fbdadd1bee5153a.r2.dev/SJM/2023-12-05/23d9c-2023-12-05-12-29-05/23d9c-2023-12-05-12-29-05.pdf/23d9c-2023-12-05-12-29-05.pdf",
        "periodicity": "periodic"
    },
    {
        "equity_ticker": "SJM",
        "geography": "US",
        "content_name": "SJM Q2 2024 Presentation",
        "file_type": "pdf",
        "content_type": "earnings_presentation",
        "published_date": "2023-12-05",
        "fiscal_date": "2023-12-05",
        "fiscal_year": 2024,
        "fiscal_quarter": 2,
        "r2_url": "https://pub-2c783279b61043e19fbdadd1bee5153a.r2.dev/SJM/2023-12-05/623d4-2023-12-05-12-29-05/623d4-2023-12-05-12-29-05.pdf/623d4-2023-12-05-12-29-05.pdf",
        "periodicity": "periodic"
    },
    {
        "equity_ticker": "SJM",
        "geography": "US",
        "content_name": "M&A Announcement - September 11, 2023",
        "file_type": "pdf",
        "content_type": "company_conference_transcript",
        "published_date": "2023-09-11",
        "fiscal_date": "2023-09-11",
        "fiscal_year": 0,
        "fiscal_quarter": 0,
        "r2_url": "https://pub-2c783279b61043e19fbdadd1bee5153a.r2.dev/SJM/2023-09-11/The%20J.%20M.%20Smucker%20Company_2023-09-11_transcript/The%20J.%20M.%20Smucker%20Company_2023-09-11_transcript.pdf/The%20J.%20M.%20Smucker%20Company_2023-09-11_transcript.pdf",
        "periodicity": "non_periodic"
    },
    {
        "equity_ticker": "SJM",
        "geography": "US",
        "content_name": "M&A Announcement - September 11, 2023",
        "file_type": "pdf",
        "content_type": "company_conference_press_release",
        "published_date": "2023-09-11",
        "fiscal_date": "2023-09-11",
        "fiscal_year": 0,
        "fiscal_quarter": 0,
        "r2_url": "https://pub-2c783279b61043e19fbdadd1bee5153a.r2.dev/SJM/2023-09-11/dde1a-2023-09-11-12-14-56/dde1a-2023-09-11-12-14-56.pdf/dde1a-2023-09-11-12-14-56.pdf",
        "periodicity": "non_periodic"
    },
    {
        "equity_ticker": "SJM",
        "geography": "US",
        "content_name": "M&A Announcement - September 11, 2023",
        "file_type": "pdf",
        "content_type": "company_conference_presentation",
        "published_date": "2023-09-11",
        "fiscal_date": "2023-09-11",
        "fiscal_year": 0,
        "fiscal_quarter": 0,
        "r2_url": "https://pub-2c783279b61043e19fbdadd1bee5153a.r2.dev/SJM/2023-09-11/de007-2023-09-11-12-15-56/de007-2023-09-11-12-15-56.pdf/de007-2023-09-11-12-15-56.pdf",
        "periodicity": "non_periodic"
    },
    {
        "equity_ticker": "SJM",
        "geography": "US",
        "content_name": "Barclays Global Consumer Staples Conference - September 5, 2023",
        "file_type": "pdf",
        "content_type": "sellside_conference_transcript",
        "published_date": "2023-09-05",
        "fiscal_date": "2023-09-05",
        "fiscal_year": 0,
        "fiscal_quarter": 0,
        "r2_url": "https://pub-2c783279b61043e19fbdadd1bee5153a.r2.dev/SJM/2023-09-05/The%20J.%20M.%20Smucker%20Company_2023-09-05_transcript/The%20J.%20M.%20Smucker%20Company_2023-09-05_transcript.pdf/The%20J.%20M.%20Smucker%20Company_2023-09-05_transcript.pdf",
        "periodicity": "non_periodic"
    },
    {
        "equity_ticker": "SJM",
        "geography": "US",
        "content_name": "Barclays Global Consumer Staples Conference - September 5, 2023",
        "file_type": "pdf",
        "content_type": "sellside_conference_presentation",
        "published_date": "2023-09-05",
        "fiscal_date": "2023-09-05",
        "fiscal_year": 0,
        "fiscal_quarter": 0,
        "r2_url": "https://pub-2c783279b61043e19fbdadd1bee5153a.r2.dev/SJM/2023-09-05/d3add-2023-09-11-11-22-17/d3add-2023-09-11-11-22-17.pdf/d3add-2023-09-11-11-22-17.pdf",
        "periodicity": "non_periodic"
    },
    {
        "equity_ticker": "SJM",
        "geography": "US",
        "content_name": "SJM Q1 2024 Transcript",
        "file_type": "pdf",
        "content_type": "earnings_transcript",
        "published_date": "2023-08-29",
        "fiscal_date": "2023-08-29",
        "fiscal_year": 2024,
        "fiscal_quarter": 1,
        "r2_url": "https://pub-2c783279b61043e19fbdadd1bee5153a.r2.dev/SJM/2023-08-29/The%20J.%20M.%20Smucker%20Company_2023-08-29_transcript/The%20J.%20M.%20Smucker%20Company_2023-08-29_transcript.pdf/The%20J.%20M.%20Smucker%20Company_2023-08-29_transcript.pdf",
        "periodicity": "periodic"
    },
    {
        "equity_ticker": "SJM",
        "geography": "US",
        "content_name": "SJM Q1 2024 Press Release",
        "file_type": "pdf",
        "content_type": "earnings_press_release",
        "published_date": "2023-08-29",
        "fiscal_date": "2023-08-29",
        "fiscal_year": 2024,
        "fiscal_quarter": 1,
        "r2_url": "https://pub-2c783279b61043e19fbdadd1bee5153a.r2.dev/SJM/2023-08-29/6b37c-2023-08-29-11-12-07/6b37c-2023-08-29-11-12-07.pdf/6b37c-2023-08-29-11-12-07.pdf",
        "periodicity": "periodic"
    },
    {
        "equity_ticker": "SJM",
        "geography": "US",
        "content_name": "SJM Q1 2024 Presentation",
        "file_type": "pdf",
        "content_type": "earnings_presentation",
        "published_date": "2023-08-29",
        "fiscal_date": "2023-08-29",
        "fiscal_year": 2024,
        "fiscal_quarter": 1,
        "r2_url": "https://pub-2c783279b61043e19fbdadd1bee5153a.r2.dev/SJM/2023-08-29/9c5b4-2023-08-29-11-12-07/9c5b4-2023-08-29-11-12-07.pdf/9c5b4-2023-08-29-11-12-07.pdf",
        "periodicity": "periodic"
    },
    {
        "equity_ticker": "SJM",
        "geography": "US",
        "content_name": "AGM 2023 - August 16, 2023",
        "file_type": "pdf",
        "content_type": "company_conference_transcript",
        "published_date": "2023-08-16",
        "fiscal_date": "2023-08-16",
        "fiscal_year": 0,
        "fiscal_quarter": 0,
        "r2_url": "https://pub-2c783279b61043e19fbdadd1bee5153a.r2.dev/SJM/2023-08-16/The%20J.%20M.%20Smucker%20Company_2023-08-16_transcript/The%20J.%20M.%20Smucker%20Company_2023-08-16_transcript.pdf/The%20J.%20M.%20Smucker%20Company_2023-08-16_transcript.pdf",
        "periodicity": "non_periodic"
    },
    {
        "equity_ticker": "SJM",
        "geography": "US",
        "content_name": "SJM Q4 2023 Transcript",
        "file_type": "pdf",
        "content_type": "earnings_transcript",
        "published_date": "2023-06-06",
        "fiscal_date": "2023-06-06",
        "fiscal_year": 2023,
        "fiscal_quarter": 4,
        "r2_url": "https://pub-2c783279b61043e19fbdadd1bee5153a.r2.dev/SJM/2023-06-06/The%20J.%20M.%20Smucker%20Company_2023-06-06_transcript/The%20J.%20M.%20Smucker%20Company_2023-06-06_transcript.pdf/The%20J.%20M.%20Smucker%20Company_2023-06-06_transcript.pdf",
        "periodicity": "periodic"
    },
    {
        "equity_ticker": "SJM",
        "geography": "US",
        "content_name": "SJM Q4 2023 Press Release",
        "file_type": "pdf",
        "content_type": "earnings_press_release",
        "published_date": "2023-06-06",
        "fiscal_date": "2023-06-06",
        "fiscal_year": 2023,
        "fiscal_quarter": 4,
        "r2_url": "https://pub-2c783279b61043e19fbdadd1bee5153a.r2.dev/SJM/2023-06-06/3033d-2023-08-29-11-58-32/3033d-2023-08-29-11-58-32.pdf/3033d-2023-08-29-11-58-32.pdf",
        "periodicity": "periodic"
    },
    {
        "equity_ticker": "SJM",
        "geography": "US",
        "content_name": "SJM Q4 2023 Presentation",
        "file_type": "pdf",
        "content_type": "earnings_presentation",
        "published_date": "2023-06-06",
        "fiscal_date": "2023-06-06",
        "fiscal_year": 2023,
        "fiscal_quarter": 4,
        "r2_url": "https://pub-2c783279b61043e19fbdadd1bee5153a.r2.dev/SJM/2023-06-06/ff3eb-2023-08-29-11-59-32/ff3eb-2023-08-29-11-59-32.pdf/ff3eb-2023-08-29-11-59-32.pdf",
        "periodicity": "periodic"
    },
    {
        "equity_ticker": "SJM",
        "geography": "US",
        "content_name": "SJM Q3 2023 Transcript",
        "file_type": "pdf",
        "content_type": "earnings_transcript",
        "published_date": "2023-02-28",
        "fiscal_date": "2023-02-28",
        "fiscal_year": 2023,
        "fiscal_quarter": 3,
        "r2_url": "https://pub-2c783279b61043e19fbdadd1bee5153a.r2.dev/SJM/2023-02-28/The%20J.%20M.%20Smucker%20Company_2023-02-28_transcript/The%20J.%20M.%20Smucker%20Company_2023-02-28_transcript.pdf/The%20J.%20M.%20Smucker%20Company_2023-02-28_transcript.pdf",
        "periodicity": "periodic"
    },
    {
        "equity_ticker": "SJM",
        "geography": "US",
        "content_name": "SJM Q3 2023 Press Release",
        "file_type": "pdf",
        "content_type": "earnings_press_release",
        "published_date": "2023-02-28",
        "fiscal_date": "2023-02-28",
        "fiscal_year": 2023,
        "fiscal_quarter": 3,
        "r2_url": "https://pub-2c783279b61043e19fbdadd1bee5153a.r2.dev/SJM/2023-02-28/66b8c-2023-02-28-12-30-30/66b8c-2023-02-28-12-30-30.pdf/66b8c-2023-02-28-12-30-30.pdf",
        "periodicity": "periodic"
    },
    {
        "equity_ticker": "SJM",
        "geography": "US",
        "content_name": "SJM Q3 2023 Presentation",
        "file_type": "pdf",
        "content_type": "earnings_presentation",
        "published_date": "2023-02-28",
        "fiscal_date": "2023-02-28",
        "fiscal_year": 2023,
        "fiscal_quarter": 3,
        "r2_url": "https://pub-2c783279b61043e19fbdadd1bee5153a.r2.dev/SJM/2023-02-28/176d9-2023-02-28-12-31-30/176d9-2023-02-28-12-31-30.pdf/176d9-2023-02-28-12-31-30.pdf",
        "periodicity": "periodic"
    },
    {
        "equity_ticker": "SJM",
        "geography": "US",
        "content_name": "Investor Day 2022 - December 14, 2022",
        "file_type": "pdf",
        "content_type": "company_conference_transcript",
        "published_date": "2022-12-14",
        "fiscal_date": "2022-12-14",
        "fiscal_year": 0,
        "fiscal_quarter": 0,
        "r2_url": "https://pub-2c783279b61043e19fbdadd1bee5153a.r2.dev/SJM/2022-12-14/The%20J.%20M.%20Smucker%20Company_2022-12-14_transcript/The%20J.%20M.%20Smucker%20Company_2022-12-14_transcript.pdf/The%20J.%20M.%20Smucker%20Company_2022-12-14_transcript.pdf",
        "periodicity": "non_periodic"
    },
    {
        "equity_ticker": "SJM",
        "geography": "US",
        "content_name": "Investor Day 2022 - December 14, 2022",
        "file_type": "pdf",
        "content_type": "company_conference_presentation",
        "published_date": "2022-12-14",
        "fiscal_date": "2022-12-14",
        "fiscal_year": 0,
        "fiscal_quarter": 0,
        "r2_url": "https://pub-2c783279b61043e19fbdadd1bee5153a.r2.dev/SJM/2022-12-14/84b10-2022-12-15-12-17-24/84b10-2022-12-15-12-17-24.pdf/84b10-2022-12-15-12-17-24.pdf",
        "periodicity": "non_periodic"
    },
    {
        "equity_ticker": "SJM",
        "geography": "US",
        "content_name": "SJM Q2 2023 Transcript",
        "file_type": "pdf",
        "content_type": "earnings_transcript",
        "published_date": "2022-11-21",
        "fiscal_date": "2022-11-21",
        "fiscal_year": 2023,
        "fiscal_quarter": 2,
        "r2_url": "https://pub-2c783279b61043e19fbdadd1bee5153a.r2.dev/SJM/2022-11-21/The%20J.%20M.%20Smucker%20Company_2022-11-21_transcript/The%20J.%20M.%20Smucker%20Company_2022-11-21_transcript.pdf/The%20J.%20M.%20Smucker%20Company_2022-11-21_transcript.pdf",
        "periodicity": "periodic"
    },
    {
        "equity_ticker": "SJM",
        "geography": "US",
        "content_name": "SJM Q2 2023 Press Release",
        "file_type": "pdf",
        "content_type": "earnings_press_release",
        "published_date": "2022-11-21",
        "fiscal_date": "2022-11-21",
        "fiscal_year": 2023,
        "fiscal_quarter": 2,
        "r2_url": "https://pub-2c783279b61043e19fbdadd1bee5153a.r2.dev/SJM/2022-11-21/77c82-2022-11-21-12-32-23/77c82-2022-11-21-12-32-23.pdf/77c82-2022-11-21-12-32-23.pdf",
        "periodicity": "periodic"
    },
    {
        "equity_ticker": "SJM",
        "geography": "US",
        "content_name": "SJM Q2 2023 Presentation",
        "file_type": "pdf",
        "content_type": "earnings_presentation",
        "published_date": "2022-11-21",
        "fiscal_date": "2022-11-21",
        "fiscal_year": 2023,
        "fiscal_quarter": 2,
        "r2_url": "https://pub-2c783279b61043e19fbdadd1bee5153a.r2.dev/SJM/2022-11-21/617c5-2022-11-21-12-32-23/617c5-2022-11-21-12-32-23.pdf/617c5-2022-11-21-12-32-23.pdf",
        "periodicity": "periodic"
    },
    {
        "equity_ticker": "SJM",
        "geography": "US",
        "content_name": "SJM Q1 2023 Transcript",
        "file_type": "pdf",
        "content_type": "earnings_transcript",
        "published_date": "2022-08-23",
        "fiscal_date": "2022-08-23",
        "fiscal_year": 2023,
        "fiscal_quarter": 1,
        "r2_url": "https://pub-2c783279b61043e19fbdadd1bee5153a.r2.dev/SJM/2022-08-23/The%20J.%20M.%20Smucker%20Company_2022-08-23_transcript/The%20J.%20M.%20Smucker%20Company_2022-08-23_transcript.pdf/The%20J.%20M.%20Smucker%20Company_2022-08-23_transcript.pdf",
        "periodicity": "periodic"
    },
    {
        "equity_ticker": "SJM",
        "geography": "US",
        "content_name": "SJM Q1 2023 Press Release",
        "file_type": "pdf",
        "content_type": "earnings_press_release",
        "published_date": "2022-08-23",
        "fiscal_date": "2022-08-23",
        "fiscal_year": 2023,
        "fiscal_quarter": 1,
        "r2_url": "https://pub-2c783279b61043e19fbdadd1bee5153a.r2.dev/SJM/2022-08-23/060d3-2022-08-23-11-29-07/060d3-2022-08-23-11-29-07.pdf/060d3-2022-08-23-11-29-07.pdf",
        "periodicity": "periodic"
    },
    {
        "equity_ticker": "SJM",
        "geography": "US",
        "content_name": "SJM Q1 2023 Presentation",
        "file_type": "pdf",
        "content_type": "earnings_presentation",
        "published_date": "2022-08-23",
        "fiscal_date": "2022-08-23",
        "fiscal_year": 2023,
        "fiscal_quarter": 1,
        "r2_url": "https://pub-2c783279b61043e19fbdadd1bee5153a.r2.dev/SJM/2022-08-23/dcdaf-2022-08-23-11-29-07/dcdaf-2022-08-23-11-29-07.pdf/dcdaf-2022-08-23-11-29-07.pdf",
        "periodicity": "periodic"
    },
    {
        "equity_ticker": "SJM",
        "geography": "US",
        "content_name": "SJM Q4 2022 Transcript",
        "file_type": "pdf",
        "content_type": "earnings_transcript",
        "published_date": "2022-06-07",
        "fiscal_date": "2022-06-07",
        "fiscal_year": 2022,
        "fiscal_quarter": 4,
        "r2_url": "https://pub-2c783279b61043e19fbdadd1bee5153a.r2.dev/SJM/2022-06-07/The%20J.%20M.%20Smucker%20Company_2022-06-07_transcript/The%20J.%20M.%20Smucker%20Company_2022-06-07_transcript.pdf/The%20J.%20M.%20Smucker%20Company_2022-06-07_transcript.pdf",
        "periodicity": "periodic"
    },
    {
        "equity_ticker": "SJM",
        "geography": "US",
        "content_name": "SJM Q4 2022 Press Release",
        "file_type": "pdf",
        "content_type": "earnings_press_release",
        "published_date": "2022-06-07",
        "fiscal_date": "2022-06-07",
        "fiscal_year": 2022,
        "fiscal_quarter": 4,
        "r2_url": "https://pub-2c783279b61043e19fbdadd1bee5153a.r2.dev/SJM/2022-06-07/3e210-2022-06-07-11-49-09/3e210-2022-06-07-11-49-09.pdf/3e210-2022-06-07-11-49-09.pdf",
        "periodicity": "periodic"
    },
    {
        "equity_ticker": "SJM",
        "geography": "US",
        "content_name": "SJM Q4 2022 Presentation",
        "file_type": "pdf",
        "content_type": "earnings_presentation",
        "published_date": "2022-06-07",
        "fiscal_date": "2022-06-07",
        "fiscal_year": 2022,
        "fiscal_quarter": 4,
        "r2_url": "https://pub-2c783279b61043e19fbdadd1bee5153a.r2.dev/SJM/2022-06-07/897b6-2022-06-07-11-49-09/897b6-2022-06-07-11-49-09.pdf/897b6-2022-06-07-11-49-09.pdf",
        "periodicity": "periodic"
    },
    {
        "equity_ticker": "SJM",
        "geography": "US",
        "content_name": "SJM Q3 2022 Transcript",
        "file_type": "pdf",
        "content_type": "earnings_transcript",
        "published_date": "2022-03-01",
        "fiscal_date": "2022-03-01",
        "fiscal_year": 2022,
        "fiscal_quarter": 3,
        "r2_url": "https://pub-2c783279b61043e19fbdadd1bee5153a.r2.dev/SJM/2022-03-01/The%20J.%20M.%20Smucker%20Company_2022-03-01_transcript/The%20J.%20M.%20Smucker%20Company_2022-03-01_transcript.pdf/The%20J.%20M.%20Smucker%20Company_2022-03-01_transcript.pdf",
        "periodicity": "periodic"
    },
    {
        "equity_ticker": "SJM",
        "geography": "US",
        "content_name": "SJM Q3 2022 Presentation",
        "file_type": "pdf",
        "content_type": "earnings_presentation",
        "published_date": "2022-03-01",
        "fiscal_date": "2022-03-01",
        "fiscal_year": 2022,
        "fiscal_quarter": 3,
        "r2_url": "https://pub-2c783279b61043e19fbdadd1bee5153a.r2.dev/SJM/2022-03-01/2174e-2022-03-01-10-27-31-migrated/2174e-2022-03-01-10-27-31-migrated.pdf/2174e-2022-03-01-10-27-31-migrated.pdf",
        "periodicity": "periodic"
    },
    {
        "equity_ticker": "SJM",
        "geography": "US",
        "content_name": "SJM Q2 2022 Transcript",
        "file_type": "pdf",
        "content_type": "earnings_transcript",
        "published_date": "2021-11-23",
        "fiscal_date": "2021-11-23",
        "fiscal_year": 2022,
        "fiscal_quarter": 2,
        "r2_url": "https://pub-2c783279b61043e19fbdadd1bee5153a.r2.dev/SJM/2021-11-23/The%20J.%20M.%20Smucker%20Company_2021-11-23_transcript/The%20J.%20M.%20Smucker%20Company_2021-11-23_transcript.pdf/The%20J.%20M.%20Smucker%20Company_2021-11-23_transcript.pdf",
        "periodicity": "periodic"
    },
    {
        "equity_ticker": "SJM",
        "geography": "US",
        "content_name": "SJM Q2 2022 Presentation",
        "file_type": "pdf",
        "content_type": "earnings_presentation",
        "published_date": "2021-11-23",
        "fiscal_date": "2021-11-23",
        "fiscal_year": 2022,
        "fiscal_quarter": 2,
        "r2_url": "https://pub-2c783279b61043e19fbdadd1bee5153a.r2.dev/SJM/2021-11-23/4de63-2021-11-23-12-00-00-migrated/4de63-2021-11-23-12-00-00-migrated.pdf/4de63-2021-11-23-12-00-00-migrated.pdf",
        "periodicity": "periodic"
    },
    {
        "equity_ticker": "SJM",
        "geography": "US",
        "content_name": "SJM Q1 2022 Transcript",
        "file_type": "pdf",
        "content_type": "earnings_transcript",
        "published_date": "2021-08-26",
        "fiscal_date": "2021-08-26",
        "fiscal_year": 2022,
        "fiscal_quarter": 1,
        "r2_url": "https://pub-2c783279b61043e19fbdadd1bee5153a.r2.dev/SJM/2021-08-26/The%20J.%20M.%20Smucker%20Company_2021-08-26_transcript/The%20J.%20M.%20Smucker%20Company_2021-08-26_transcript.pdf/The%20J.%20M.%20Smucker%20Company_2021-08-26_transcript.pdf",
        "periodicity": "periodic"
    },
    {
        "equity_ticker": "SJM",
        "geography": "US",
        "content_name": "SJM Q1 2022 Press Release",
        "file_type": "pdf",
        "content_type": "earnings_press_release",
        "published_date": "2021-08-26",
        "fiscal_date": "2021-08-26",
        "fiscal_year": 2022,
        "fiscal_quarter": 1,
        "r2_url": "https://pub-2c783279b61043e19fbdadd1bee5153a.r2.dev/SJM/2021-08-26/86b48-2023-01-25-09-29-30/86b48-2023-01-25-09-29-30.pdf/86b48-2023-01-25-09-29-30.pdf",
        "periodicity": "periodic"
    },
    {
        "equity_ticker": "SJM",
        "geography": "US",
        "content_name": "SJM Q1 2022 Presentation",
        "file_type": "pdf",
        "content_type": "earnings_presentation",
        "published_date": "2021-08-26",
        "fiscal_date": "2021-08-26",
        "fiscal_year": 2022,
        "fiscal_quarter": 1,
        "r2_url": "https://pub-2c783279b61043e19fbdadd1bee5153a.r2.dev/SJM/2021-08-26/86202-2021-08-26-12-00-00-migrated/86202-2021-08-26-12-00-00-migrated.pdf/86202-2021-08-26-12-00-00-migrated.pdf",
        "periodicity": "periodic"
    },
    {
        "equity_ticker": "SJM",
        "geography": "US",
        "content_name": "SJM Q4 2021 Transcript",
        "file_type": "pdf",
        "content_type": "earnings_transcript",
        "published_date": "2021-06-03",
        "fiscal_date": "2021-06-03",
        "fiscal_year": 2021,
        "fiscal_quarter": 4,
        "r2_url": "https://pub-2c783279b61043e19fbdadd1bee5153a.r2.dev/SJM/2021-06-03/The%20J.%20M.%20Smucker%20Company_2021-06-03_transcript/The%20J.%20M.%20Smucker%20Company_2021-06-03_transcript.pdf/The%20J.%20M.%20Smucker%20Company_2021-06-03_transcript.pdf",
        "periodicity": "periodic"
    },
    {
        "equity_ticker": "SJM",
        "geography": "US",
        "content_name": "SJM Q4 2021 Press Release",
        "file_type": "pdf",
        "content_type": "earnings_press_release",
        "published_date": "2021-06-03",
        "fiscal_date": "2021-06-03",
        "fiscal_year": 2021,
        "fiscal_quarter": 4,
        "r2_url": "https://pub-2c783279b61043e19fbdadd1bee5153a.r2.dev/SJM/2021-06-03/ccb35-2023-01-25-10-47-14/ccb35-2023-01-25-10-47-14.pdf/ccb35-2023-01-25-10-47-14.pdf",
        "periodicity": "periodic"
    },
    {
        "equity_ticker": "SJM",
        "geography": "US",
        "content_name": "SJM Q3 2021 Transcript",
        "file_type": "pdf",
        "content_type": "earnings_transcript",
        "published_date": "2021-02-25",
        "fiscal_date": "2021-02-25",
        "fiscal_year": 2021,
        "fiscal_quarter": 3,
        "r2_url": "https://pub-2c783279b61043e19fbdadd1bee5153a.r2.dev/SJM/2021-02-25/The%20J.%20M.%20Smucker%20Company_2021-02-25_transcript/The%20J.%20M.%20Smucker%20Company_2021-02-25_transcript.pdf/The%20J.%20M.%20Smucker%20Company_2021-02-25_transcript.pdf",
        "periodicity": "periodic"
    },
    {
        "equity_ticker": "SJM",
        "geography": "US",
        "content_name": "SJM Q2 2021 Transcript",
        "file_type": "pdf",
        "content_type": "earnings_transcript",
        "published_date": "2020-11-24",
        "fiscal_date": "2020-11-24",
        "fiscal_year": 2021,
        "fiscal_quarter": 2,
        "r2_url": "https://pub-2c783279b61043e19fbdadd1bee5153a.r2.dev/SJM/2020-11-24/The%20J.%20M.%20Smucker%20Company_2020-11-24_transcript/The%20J.%20M.%20Smucker%20Company_2020-11-24_transcript.pdf/The%20J.%20M.%20Smucker%20Company_2020-11-24_transcript.pdf",
        "periodicity": "periodic"
    },
    {
        "equity_ticker": "SJM",
        "geography": "US",
        "content_name": "SJM Q1 2021 Transcript",
        "file_type": "pdf",
        "content_type": "earnings_transcript",
        "published_date": "2020-08-25",
        "fiscal_date": "2020-08-25",
        "fiscal_year": 2021,
        "fiscal_quarter": 1,
        "r2_url": "https://pub-2c783279b61043e19fbdadd1bee5153a.r2.dev/SJM/2020-08-25/The%20J.%20M.%20Smucker%20Company_2020-08-25_transcript/The%20J.%20M.%20Smucker%20Company_2020-08-25_transcript.pdf/The%20J.%20M.%20Smucker%20Company_2020-08-25_transcript.pdf",
        "periodicity": "periodic"
    },
    {
        "equity_ticker": "SJM",
        "geography": "US",
        "content_name": "SJM Q4 2020 Transcript",
        "file_type": "pdf",
        "content_type": "earnings_transcript",
        "published_date": "2020-06-19",
        "fiscal_date": "2020-06-19",
        "fiscal_year": 2020,
        "fiscal_quarter": 4,
        "r2_url": "https://pub-2c783279b61043e19fbdadd1bee5153a.r2.dev/SJM/2020-06-19/The%20J.%20M.%20Smucker%20Company_2020-06-19_transcript/The%20J.%20M.%20Smucker%20Company_2020-06-19_transcript.pdf/The%20J.%20M.%20Smucker%20Company_2020-06-19_transcript.pdf",
        "periodicity": "periodic"
    },
    {
        "equity_ticker": "SJM",
        "geography": "US",
        "content_name": "SJM Q4 2020 Press Release",
        "file_type": "pdf",
        "content_type": "annual_report",
        "published_date": "2020-06-19",
        "fiscal_date": "2020-06-19",
        "fiscal_year": 2020,
        "fiscal_quarter": 4,
        "r2_url": "https://pub-2c783279b61043e19fbdadd1bee5153a.r2.dev/SJM/2020-06-19/6a5da-2023-09-05-02-03-58/6a5da-2023-09-05-02-03-58.pdf/6a5da-2023-09-05-02-03-58.pdf",
        "periodicity": "periodic"
    },
    {
        "equity_ticker": "SJM",
        "geography": "US",
        "content_name": "SJM Q3 2020 Transcript",
        "file_type": "pdf",
        "content_type": "earnings_transcript",
        "published_date": "2020-02-26",
        "fiscal_date": "2020-02-26",
        "fiscal_year": 2020,
        "fiscal_quarter": 3,
        "r2_url": "https://pub-2c783279b61043e19fbdadd1bee5153a.r2.dev/SJM/2020-02-26/The%20J.%20M.%20Smucker%20Company_2020-02-26_transcript/The%20J.%20M.%20Smucker%20Company_2020-02-26_transcript.pdf/The%20J.%20M.%20Smucker%20Company_2020-02-26_transcript.pdf",
        "periodicity": "periodic"
    },
    {
        "equity_ticker": "SJM",
        "geography": "US",
        "content_name": "SJM Q2 2020 Transcript",
        "file_type": "pdf",
        "content_type": "earnings_transcript",
        "published_date": "2019-11-22",
        "fiscal_date": "2019-11-22",
        "fiscal_year": 2020,
        "fiscal_quarter": 2,
        "r2_url": "https://pub-2c783279b61043e19fbdadd1bee5153a.r2.dev/SJM/2019-11-22/The%20J.%20M.%20Smucker%20Company_2019-11-22_transcript/The%20J.%20M.%20Smucker%20Company_2019-11-22_transcript.pdf/The%20J.%20M.%20Smucker%20Company_2019-11-22_transcript.pdf",
        "periodicity": "periodic"
    },
    {
        "equity_ticker": "SJM",
        "geography": "US",
        "content_name": "SJM Q1 2020 Transcript",
        "file_type": "pdf",
        "content_type": "earnings_transcript",
        "published_date": "2019-08-27",
        "fiscal_date": "2019-08-27",
        "fiscal_year": 2020,
        "fiscal_quarter": 1,
        "r2_url": "https://pub-2c783279b61043e19fbdadd1bee5153a.r2.dev/SJM/2019-08-27/The%20J.%20M.%20Smucker%20Company_2019-08-27_transcript/The%20J.%20M.%20Smucker%20Company_2019-08-27_transcript.pdf/The%20J.%20M.%20Smucker%20Company_2019-08-27_transcript.pdf",
        "periodicity": "periodic"
    },
    {
        "equity_ticker": "SJM",
        "geography": "US",
        "content_name": "SJM Q4 2019 Transcript",
        "file_type": "pdf",
        "content_type": "earnings_transcript",
        "published_date": "2019-06-17",
        "fiscal_date": "2019-06-17",
        "fiscal_year": 2019,
        "fiscal_quarter": 4,
        "r2_url": "https://pub-2c783279b61043e19fbdadd1bee5153a.r2.dev/SJM/2019-06-17/The%20J.%20M.%20Smucker%20Company_2019-06-17_transcript/The%20J.%20M.%20Smucker%20Company_2019-06-17_transcript.pdf/The%20J.%20M.%20Smucker%20Company_2019-06-17_transcript.pdf",
        "periodicity": "periodic"
    },
    {
        "equity_ticker": "SJM",
        "geography": "US",
        "content_name": "SJM Q4 2019 Press Release",
        "file_type": "pdf",
        "content_type": "annual_report",
        "published_date": "2019-06-17",
        "fiscal_date": "2019-06-17",
        "fiscal_year": 2019,
        "fiscal_quarter": 4,
        "r2_url": "https://pub-2c783279b61043e19fbdadd1bee5153a.r2.dev/SJM/2019-06-17/d67c3-2023-09-05-02-05-58/d67c3-2023-09-05-02-05-58.pdf/d67c3-2023-09-05-02-05-58.pdf",
        "periodicity": "periodic"
    },
    {
        "equity_ticker": "SJM",
        "geography": "US",
        "content_name": "SJM Q3 2019 Transcript",
        "file_type": "pdf",
        "content_type": "earnings_transcript",
        "published_date": "2019-02-26",
        "fiscal_date": "2019-02-26",
        "fiscal_year": 2019,
        "fiscal_quarter": 3,
        "r2_url": "https://pub-2c783279b61043e19fbdadd1bee5153a.r2.dev/SJM/2019-02-26/The%20J.%20M.%20Smucker%20Company_2019-02-26_transcript/The%20J.%20M.%20Smucker%20Company_2019-02-26_transcript.pdf/The%20J.%20M.%20Smucker%20Company_2019-02-26_transcript.pdf",
        "periodicity": "periodic"
    },
    {
        "equity_ticker": "SJM",
        "geography": "US",
        "content_name": "SJM Q2 2019 Transcript",
        "file_type": "pdf",
        "content_type": "earnings_transcript",
        "published_date": "2018-11-28",
        "fiscal_date": "2018-11-28",
        "fiscal_year": 2019,
        "fiscal_quarter": 2,
        "r2_url": "https://pub-2c783279b61043e19fbdadd1bee5153a.r2.dev/SJM/2018-11-28/The%20J.%20M.%20Smucker%20Company_2018-11-28_transcript/The%20J.%20M.%20Smucker%20Company_2018-11-28_transcript.pdf/The%20J.%20M.%20Smucker%20Company_2018-11-28_transcript.pdf",
        "periodicity": "periodic"
    },
    {
        "equity_ticker": "SJM",
        "geography": "US",
        "content_name": "SJM Q1 2019 Transcript",
        "file_type": "pdf",
        "content_type": "earnings_transcript",
        "published_date": "2018-08-21",
        "fiscal_date": "2018-08-21",
        "fiscal_year": 2019,
        "fiscal_quarter": 1,
        "r2_url": "https://pub-2c783279b61043e19fbdadd1bee5153a.r2.dev/SJM/2018-08-21/The%20J.%20M.%20Smucker%20Company_2018-08-21_transcript/The%20J.%20M.%20Smucker%20Company_2018-08-21_transcript.pdf/The%20J.%20M.%20Smucker%20Company_2018-08-21_transcript.pdf",
        "periodicity": "periodic"
    },
    {
        "equity_ticker": "SJM",
        "geography": "US",
        "content_name": "SJM Q4 2018 Transcript",
        "file_type": "pdf",
        "content_type": "earnings_transcript",
        "published_date": "2018-06-18",
        "fiscal_date": "2018-06-18",
        "fiscal_year": 2018,
        "fiscal_quarter": 4,
        "r2_url": "https://pub-2c783279b61043e19fbdadd1bee5153a.r2.dev/SJM/2018-06-18/The%20J.%20M.%20Smucker%20Company_2018-06-18_transcript/The%20J.%20M.%20Smucker%20Company_2018-06-18_transcript.pdf/The%20J.%20M.%20Smucker%20Company_2018-06-18_transcript.pdf",
        "periodicity": "periodic"
    },
    {
        "equity_ticker": "SJM",
        "geography": "US",
        "content_name": "SJM Q4 2018 Press Release",
        "file_type": "pdf",
        "content_type": "annual_report",
        "published_date": "2018-06-18",
        "fiscal_date": "2018-06-18",
        "fiscal_year": 2018,
        "fiscal_quarter": 4,
        "r2_url": "https://pub-2c783279b61043e19fbdadd1bee5153a.r2.dev/SJM/2018-06-18/e8f79-2023-09-05-02-26-58/e8f79-2023-09-05-02-26-58.pdf/e8f79-2023-09-05-02-26-58.pdf",
        "periodicity": "periodic"
    },
    {
        "equity_ticker": "SJM",
        "geography": "US",
        "content_name": "SJM Q3 2018 Transcript",
        "file_type": "pdf",
        "content_type": "earnings_transcript",
        "published_date": "2018-02-16",
        "fiscal_date": "2018-02-16",
        "fiscal_year": 2018,
        "fiscal_quarter": 3,
        "r2_url": "https://pub-2c783279b61043e19fbdadd1bee5153a.r2.dev/SJM/2018-02-16/The%20J.%20M.%20Smucker%20Company_2018-02-16_transcript/The%20J.%20M.%20Smucker%20Company_2018-02-16_transcript.pdf/The%20J.%20M.%20Smucker%20Company_2018-02-16_transcript.pdf",
        "periodicity": "periodic"
    },
    {
        "equity_ticker": "SJM",
        "geography": "US",
        "content_name": "SJM Q2 2018 Transcript",
        "file_type": "pdf",
        "content_type": "earnings_transcript",
        "published_date": "2017-11-16",
        "fiscal_date": "2017-11-16",
        "fiscal_year": 2018,
        "fiscal_quarter": 2,
        "r2_url": "https://pub-2c783279b61043e19fbdadd1bee5153a.r2.dev/SJM/2017-11-16/The%20J.%20M.%20Smucker%20Company_2017-11-16_transcript/The%20J.%20M.%20Smucker%20Company_2017-11-16_transcript.pdf/The%20J.%20M.%20Smucker%20Company_2017-11-16_transcript.pdf",
        "periodicity": "periodic"
    },
    {
        "equity_ticker": "SJM",
        "geography": "US",
        "content_name": "SJM Q1 2018 Transcript",
        "file_type": "pdf",
        "content_type": "earnings_transcript",
        "published_date": "2017-08-24",
        "fiscal_date": "2017-08-24",
        "fiscal_year": 2018,
        "fiscal_quarter": 1,
        "r2_url": "https://pub-2c783279b61043e19fbdadd1bee5153a.r2.dev/SJM/2017-08-24/The%20J.%20M.%20Smucker%20Company_2017-08-24_transcript/The%20J.%20M.%20Smucker%20Company_2017-08-24_transcript.pdf/The%20J.%20M.%20Smucker%20Company_2017-08-24_transcript.pdf",
        "periodicity": "periodic"
    },
    {
        "equity_ticker": "SJM",
        "geography": "US",
        "content_name": "SJM Q4 2017 Transcript",
        "file_type": "pdf",
        "content_type": "earnings_transcript",
        "published_date": "2017-06-19",
        "fiscal_date": "2017-06-19",
        "fiscal_year": 2017,
        "fiscal_quarter": 4,
        "r2_url": "https://pub-2c783279b61043e19fbdadd1bee5153a.r2.dev/SJM/2017-06-19/The%20J.%20M.%20Smucker%20Company_2017-06-19_transcript/The%20J.%20M.%20Smucker%20Company_2017-06-19_transcript.pdf/The%20J.%20M.%20Smucker%20Company_2017-06-19_transcript.pdf",
        "periodicity": "periodic"
    },
    {
        "equity_ticker": "SJM",
        "geography": "US",
        "content_name": "SJM Q4 2017 Press Release",
        "file_type": "pdf",
        "content_type": "annual_report",
        "published_date": "2017-06-19",
        "fiscal_date": "2017-06-19",
        "fiscal_year": 2017,
        "fiscal_quarter": 4,
        "r2_url": "https://pub-2c783279b61043e19fbdadd1bee5153a.r2.dev/SJM/2017-06-19/4b70b-2023-09-05-02-35-58/4b70b-2023-09-05-02-35-58.pdf/4b70b-2023-09-05-02-35-58.pdf",
        "periodicity": "periodic"
    },
    {
        "equity_ticker": "SJM",
        "geography": "US",
        "content_name": "SJM Q3 2017 Transcript",
        "file_type": "pdf",
        "content_type": "earnings_transcript",
        "published_date": "2017-02-17",
        "fiscal_date": "2017-02-17",
        "fiscal_year": 2017,
        "fiscal_quarter": 3,
        "r2_url": "https://pub-2c783279b61043e19fbdadd1bee5153a.r2.dev/SJM/2017-02-17/The%20J.%20M.%20Smucker%20Company_2017-02-17_transcript/The%20J.%20M.%20Smucker%20Company_2017-02-17_transcript.pdf/The%20J.%20M.%20Smucker%20Company_2017-02-17_transcript.pdf",
        "periodicity": "periodic"
    },
    {
        "equity_ticker": "SJM",
        "geography": "US",
        "content_name": "SJM Q2 2017 Transcript",
        "file_type": "pdf",
        "content_type": "earnings_transcript",
        "published_date": "2016-11-17",
        "fiscal_date": "2016-11-17",
        "fiscal_year": 2017,
        "fiscal_quarter": 2,
        "r2_url": "https://pub-2c783279b61043e19fbdadd1bee5153a.r2.dev/SJM/2016-11-17/The%20J.%20M.%20Smucker%20Company_2016-11-17_transcript/The%20J.%20M.%20Smucker%20Company_2016-11-17_transcript.pdf/The%20J.%20M.%20Smucker%20Company_2016-11-17_transcript.pdf",
        "periodicity": "periodic"
    },
    {
        "equity_ticker": "SJM",
        "geography": "US",
        "content_name": "SJM Q1 2017 Transcript",
        "file_type": "pdf",
        "content_type": "earnings_transcript",
        "published_date": "2016-08-23",
        "fiscal_date": "2016-08-23",
        "fiscal_year": 2017,
        "fiscal_quarter": 1,
        "r2_url": "https://pub-2c783279b61043e19fbdadd1bee5153a.r2.dev/SJM/2016-08-23/The%20J.%20M.%20Smucker%20Company_2016-08-23_transcript/The%20J.%20M.%20Smucker%20Company_2016-08-23_transcript.pdf/The%20J.%20M.%20Smucker%20Company_2016-08-23_transcript.pdf",
        "periodicity": "periodic"
    },
    {
        "equity_ticker": "SJM",
        "geography": "US",
        "content_name": "SJM Q4 2016 Transcript",
        "file_type": "pdf",
        "content_type": "earnings_transcript",
        "published_date": "2016-06-21",
        "fiscal_date": "2016-06-21",
        "fiscal_year": 2016,
        "fiscal_quarter": 4,
        "r2_url": "https://pub-2c783279b61043e19fbdadd1bee5153a.r2.dev/SJM/2016-06-21/The%20J.%20M.%20Smucker%20Company_2016-06-21_transcript/The%20J.%20M.%20Smucker%20Company_2016-06-21_transcript.pdf/The%20J.%20M.%20Smucker%20Company_2016-06-21_transcript.pdf",
        "periodicity": "periodic"
    },
    {
        "equity_ticker": "SJM",
        "geography": "US",
        "content_name": "SJM Q4 2016 Press Release",
        "file_type": "pdf",
        "content_type": "annual_report",
        "published_date": "2016-06-21",
        "fiscal_date": "2016-06-21",
        "fiscal_year": 2016,
        "fiscal_quarter": 4,
        "r2_url": "https://pub-2c783279b61043e19fbdadd1bee5153a.r2.dev/SJM/2016-06-21/2f2bd-2023-09-05-02-45-58/2f2bd-2023-09-05-02-45-58.pdf/2f2bd-2023-09-05-02-45-58.pdf",
        "periodicity": "periodic"
    },
    {
        "equity_ticker": "SJM",
        "geography": "US",
        "content_name": "SJM Q3 2016 Transcript",
        "file_type": "pdf",
        "content_type": "earnings_transcript",
        "published_date": "2016-02-23",
        "fiscal_date": "2016-02-23",
        "fiscal_year": 2016,
        "fiscal_quarter": 3,
        "r2_url": "https://pub-2c783279b61043e19fbdadd1bee5153a.r2.dev/SJM/2016-02-23/The%20J.%20M.%20Smucker%20Company_2016-02-23_transcript/The%20J.%20M.%20Smucker%20Company_2016-02-23_transcript.pdf/The%20J.%20M.%20Smucker%20Company_2016-02-23_transcript.pdf",
        "periodicity": "periodic"
    },
    {
        "equity_ticker": "SJM",
        "geography": "US",
        "content_name": "SJM Q2 2016 Transcript",
        "file_type": "pdf",
        "content_type": "earnings_transcript",
        "published_date": "2015-11-19",
        "fiscal_date": "2015-11-19",
        "fiscal_year": 2016,
        "fiscal_quarter": 2,
        "r2_url": "https://pub-2c783279b61043e19fbdadd1bee5153a.r2.dev/SJM/2015-11-19/The%20J.%20M.%20Smucker%20Company_2015-11-19_transcript/The%20J.%20M.%20Smucker%20Company_2015-11-19_transcript.pdf/The%20J.%20M.%20Smucker%20Company_2015-11-19_transcript.pdf",
        "periodicity": "periodic"
    },
    {
        "equity_ticker": "SJM",
        "geography": "US",
        "content_name": "SJM Q1 2016 Transcript",
        "file_type": "pdf",
        "content_type": "earnings_transcript",
        "published_date": "2015-08-27",
        "fiscal_date": "2015-08-27",
        "fiscal_year": 2016,
        "fiscal_quarter": 1,
        "r2_url": "https://pub-2c783279b61043e19fbdadd1bee5153a.r2.dev/SJM/2015-08-27/The%20J.%20M.%20Smucker%20Company_2015-08-27_transcript/The%20J.%20M.%20Smucker%20Company_2015-08-27_transcript.pdf/The%20J.%20M.%20Smucker%20Company_2015-08-27_transcript.pdf",
        "periodicity": "periodic"
    },
    {
        "equity_ticker": "SJM",
        "geography": "US",
        "content_name": "SJM Q4 2015 Transcript",
        "file_type": "pdf",
        "content_type": "earnings_transcript",
        "published_date": "2015-06-25",
        "fiscal_date": "2015-06-25",
        "fiscal_year": 2015,
        "fiscal_quarter": 4,
        "r2_url": "https://pub-2c783279b61043e19fbdadd1bee5153a.r2.dev/SJM/2015-06-25/The%20J.%20M.%20Smucker%20Company_2015-06-25_transcript/The%20J.%20M.%20Smucker%20Company_2015-06-25_transcript.pdf/The%20J.%20M.%20Smucker%20Company_2015-06-25_transcript.pdf",
        "periodicity": "periodic"
    },
    {
        "equity_ticker": "SJM",
        "geography": "US",
        "content_name": "SJM Q4 2015 Press Release",
        "file_type": "pdf",
        "content_type": "annual_report",
        "published_date": "2015-06-25",
        "fiscal_date": "2015-06-25",
        "fiscal_year": 2015,
        "fiscal_quarter": 4,
        "r2_url": "https://pub-2c783279b61043e19fbdadd1bee5153a.r2.dev/SJM/2015-06-25/4e610-2023-09-05-02-04-59/4e610-2023-09-05-02-04-59.pdf/4e610-2023-09-05-02-04-59.pdf",
        "periodicity": "periodic"
    },
    {
        "equity_ticker": "SJM",
        "geography": "US",
        "content_name": "SJM Q3 2015 Transcript",
        "file_type": "pdf",
        "content_type": "earnings_transcript",
        "published_date": "2015-02-13",
        "fiscal_date": "2015-02-13",
        "fiscal_year": 2015,
        "fiscal_quarter": 3,
        "r2_url": "https://pub-2c783279b61043e19fbdadd1bee5153a.r2.dev/SJM/2015-02-13/The%20J.%20M.%20Smucker%20Company_2015-02-13_transcript/The%20J.%20M.%20Smucker%20Company_2015-02-13_transcript.pdf/The%20J.%20M.%20Smucker%20Company_2015-02-13_transcript.pdf",
        "periodicity": "periodic"
    },
    {
        "equity_ticker": "SJM",
        "geography": "US",
        "content_name": "SJM Q2 2015 Transcript",
        "file_type": "pdf",
        "content_type": "earnings_transcript",
        "published_date": "2014-11-20",
        "fiscal_date": "2014-11-20",
        "fiscal_year": 2015,
        "fiscal_quarter": 2,
        "r2_url": "https://pub-2c783279b61043e19fbdadd1bee5153a.r2.dev/SJM/2014-11-20/The%20J.%20M.%20Smucker%20Company_2014-11-20_transcript/The%20J.%20M.%20Smucker%20Company_2014-11-20_transcript.pdf/The%20J.%20M.%20Smucker%20Company_2014-11-20_transcript.pdf",
        "periodicity": "periodic"
    },
    {
        "equity_ticker": "SJM",
        "geography": "US",
        "content_name": "SJM Q1 2015 Transcript",
        "file_type": "pdf",
        "content_type": "earnings_transcript",
        "published_date": "2014-08-20",
        "fiscal_date": "2014-08-20",
        "fiscal_year": 2015,
        "fiscal_quarter": 1,
        "r2_url": "https://pub-2c783279b61043e19fbdadd1bee5153a.r2.dev/SJM/2014-08-20/The%20J.%20M.%20Smucker%20Company_2014-08-20_transcript/The%20J.%20M.%20Smucker%20Company_2014-08-20_transcript.pdf/The%20J.%20M.%20Smucker%20Company_2014-08-20_transcript.pdf",
        "periodicity": "periodic"
    },
    {
        "equity_ticker": "SJM",
        "geography": "US",
        "content_name": "SJM Q4 2014 Transcript",
        "file_type": "pdf",
        "content_type": "earnings_transcript",
        "published_date": "2014-06-05",
        "fiscal_date": "2014-06-05",
        "fiscal_year": 2014,
        "fiscal_quarter": 4,
        "r2_url": "https://pub-2c783279b61043e19fbdadd1bee5153a.r2.dev/SJM/2014-06-05/The%20J.%20M.%20Smucker%20Company_2014-06-05_transcript/The%20J.%20M.%20Smucker%20Company_2014-06-05_transcript.pdf/The%20J.%20M.%20Smucker%20Company_2014-06-05_transcript.pdf",
        "periodicity": "periodic"
    },
    {
        "equity_ticker": "SJM",
        "geography": "US",
        "content_name": "SJM Q3 2014 Transcript",
        "file_type": "pdf",
        "content_type": "earnings_transcript",
        "published_date": "2014-02-14",
        "fiscal_date": "2014-02-14",
        "fiscal_year": 2014,
        "fiscal_quarter": 3,
        "r2_url": "https://pub-2c783279b61043e19fbdadd1bee5153a.r2.dev/SJM/2014-02-14/The%20J.%20M.%20Smucker%20Company_2014-02-14_transcript/The%20J.%20M.%20Smucker%20Company_2014-02-14_transcript.pdf/The%20J.%20M.%20Smucker%20Company_2014-02-14_transcript.pdf",
        "periodicity": "periodic"
    },
    {
        "equity_ticker": "SJM",
        "geography": "US",
        "content_name": "SJM Q2 2014 Transcript",
        "file_type": "pdf",
        "content_type": "earnings_transcript",
        "published_date": "2013-11-20",
        "fiscal_date": "2013-11-20",
        "fiscal_year": 2014,
        "fiscal_quarter": 2,
        "r2_url": "https://pub-2c783279b61043e19fbdadd1bee5153a.r2.dev/SJM/2013-11-20/The%20J.%20M.%20Smucker%20Company_2013-11-20_transcript/The%20J.%20M.%20Smucker%20Company_2013-11-20_transcript.pdf/The%20J.%20M.%20Smucker%20Company_2013-11-20_transcript.pdf",
        "periodicity": "periodic"
    },
    {
        "equity_ticker": "SJM",
        "geography": "US",
        "content_name": "SJM Q1 2014 Transcript",
        "file_type": "pdf",
        "content_type": "earnings_transcript",
        "published_date": "2013-08-21",
        "fiscal_date": "2013-08-21",
        "fiscal_year": 2014,
        "fiscal_quarter": 1,
        "r2_url": "https://pub-2c783279b61043e19fbdadd1bee5153a.r2.dev/SJM/2013-08-21/The%20J.%20M.%20Smucker%20Company_2013-08-21_transcript/The%20J.%20M.%20Smucker%20Company_2013-08-21_transcript.pdf/The%20J.%20M.%20Smucker%20Company_2013-08-21_transcript.pdf",
        "periodicity": "periodic"
    },
    {
        "equity_ticker": "SJM",
        "geography": "US",
        "content_name": "SJM Q4 2013 Transcript",
        "file_type": "pdf",
        "content_type": "earnings_transcript",
        "published_date": "2013-06-06",
        "fiscal_date": "2013-06-06",
        "fiscal_year": 2013,
        "fiscal_quarter": 4,
        "r2_url": "https://pub-2c783279b61043e19fbdadd1bee5153a.r2.dev/SJM/2013-06-06/The%20J.%20M.%20Smucker%20Company_2013-06-06_transcript/The%20J.%20M.%20Smucker%20Company_2013-06-06_transcript.pdf/The%20J.%20M.%20Smucker%20Company_2013-06-06_transcript.pdf",
        "periodicity": "periodic"
    },
    {
        "equity_ticker": "SJM",
        "geography": "US",
        "content_name": "SJM Q3 2013 Transcript",
        "file_type": "pdf",
        "content_type": "earnings_transcript",
        "published_date": "2013-02-15",
        "fiscal_date": "2013-02-15",
        "fiscal_year": 2013,
        "fiscal_quarter": 3,
        "r2_url": "https://pub-2c783279b61043e19fbdadd1bee5153a.r2.dev/SJM/2013-02-15/The%20J.%20M.%20Smucker%20Company_2013-02-15_transcript/The%20J.%20M.%20Smucker%20Company_2013-02-15_transcript.pdf/The%20J.%20M.%20Smucker%20Company_2013-02-15_transcript.pdf",
        "periodicity": "periodic"
    },
    {
        "equity_ticker": "SJM",
        "geography": "US",
        "content_name": "SJM Q2 2013 Transcript",
        "file_type": "pdf",
        "content_type": "earnings_transcript",
        "published_date": "2012-11-16",
        "fiscal_date": "2012-11-16",
        "fiscal_year": 2013,
        "fiscal_quarter": 2,
        "r2_url": "https://pub-2c783279b61043e19fbdadd1bee5153a.r2.dev/SJM/2012-11-16/The%20J.%20M.%20Smucker%20Company_2012-11-16_transcript/The%20J.%20M.%20Smucker%20Company_2012-11-16_transcript.pdf/The%20J.%20M.%20Smucker%20Company_2012-11-16_transcript.pdf",
        "periodicity": "periodic"
    },
    {
        "equity_ticker": "SJM",
        "geography": "US",
        "content_name": "SJM Q1 2013 Transcript",
        "file_type": "pdf",
        "content_type": "earnings_transcript",
        "published_date": "2012-08-17",
        "fiscal_date": "2012-08-17",
        "fiscal_year": 2013,
        "fiscal_quarter": 1,
        "r2_url": "https://pub-2c783279b61043e19fbdadd1bee5153a.r2.dev/SJM/2012-08-17/The%20J.%20M.%20Smucker%20Company_2012-08-17_transcript/The%20J.%20M.%20Smucker%20Company_2012-08-17_transcript.pdf/The%20J.%20M.%20Smucker%20Company_2012-08-17_transcript.pdf",
        "periodicity": "periodic"
    },
    {
        "equity_ticker": "SJM",
        "geography": "US",
        "content_name": "SJM Q4 2012 Transcript",
        "file_type": "pdf",
        "content_type": "earnings_transcript",
        "published_date": "2012-06-07",
        "fiscal_date": "2012-06-07",
        "fiscal_year": 2012,
        "fiscal_quarter": 4,
        "r2_url": "https://pub-2c783279b61043e19fbdadd1bee5153a.r2.dev/SJM/2012-06-07/The%20J.%20M.%20Smucker%20Company_2012-06-07_transcript/The%20J.%20M.%20Smucker%20Company_2012-06-07_transcript.pdf/The%20J.%20M.%20Smucker%20Company_2012-06-07_transcript.pdf",
        "periodicity": "periodic"
    },
    {
        "equity_ticker": "SJM",
        "geography": "US",
        "content_name": "SJM Q3 2012 Transcript",
        "file_type": "pdf",
        "content_type": "earnings_transcript",
        "published_date": "2012-02-16",
        "fiscal_date": "2012-02-16",
        "fiscal_year": 2012,
        "fiscal_quarter": 3,
        "r2_url": "https://pub-2c783279b61043e19fbdadd1bee5153a.r2.dev/SJM/2012-02-16/The%20J.%20M.%20Smucker%20Company_2012-02-16_transcript/The%20J.%20M.%20Smucker%20Company_2012-02-16_transcript.pdf/The%20J.%20M.%20Smucker%20Company_2012-02-16_transcript.pdf",
        "periodicity": "periodic"
    },
    {
        "equity_ticker": "SJM",
        "geography": "US",
        "content_name": "SJM Q2 2012 Transcript",
        "file_type": "pdf",
        "content_type": "earnings_transcript",
        "published_date": "2011-11-17",
        "fiscal_date": "2011-11-17",
        "fiscal_year": 2012,
        "fiscal_quarter": 2,
        "r2_url": "https://pub-2c783279b61043e19fbdadd1bee5153a.r2.dev/SJM/2011-11-17/The%20J.%20M.%20Smucker%20Company_2011-11-17_transcript/The%20J.%20M.%20Smucker%20Company_2011-11-17_transcript.pdf/The%20J.%20M.%20Smucker%20Company_2011-11-17_transcript.pdf",
        "periodicity": "periodic"
    },
    {
        "equity_ticker": "SJM",
        "geography": "US",
        "content_name": "SJM Q1 2012 Transcript",
        "file_type": "pdf",
        "content_type": "earnings_transcript",
        "published_date": "2011-08-18",
        "fiscal_date": "2011-08-18",
        "fiscal_year": 2012,
        "fiscal_quarter": 1,
        "r2_url": "https://pub-2c783279b61043e19fbdadd1bee5153a.r2.dev/SJM/2011-08-18/The%20J.%20M.%20Smucker%20Company_2011-08-18_transcript/The%20J.%20M.%20Smucker%20Company_2011-08-18_transcript.pdf/The%20J.%20M.%20Smucker%20Company_2011-08-18_transcript.pdf",
        "periodicity": "periodic"
    },
    {
        "equity_ticker": "SJM",
        "geography": "US",
        "content_name": "SJM Q4 2011 Transcript",
        "file_type": "pdf",
        "content_type": "earnings_transcript",
        "published_date": "2011-06-09",
        "fiscal_date": "2011-06-09",
        "fiscal_year": 2011,
        "fiscal_quarter": 4,
        "r2_url": "https://pub-2c783279b61043e19fbdadd1bee5153a.r2.dev/SJM/2011-06-09/The%20J.%20M.%20Smucker%20Company_2011-06-09_transcript/The%20J.%20M.%20Smucker%20Company_2011-06-09_transcript.pdf/The%20J.%20M.%20Smucker%20Company_2011-06-09_transcript.pdf",
        "periodicity": "periodic"
    },
    {
        "equity_ticker": "SJM",
        "geography": "US",
        "content_name": "SJM Q3 2011 Transcript",
        "file_type": "pdf",
        "content_type": "earnings_transcript",
        "published_date": "2011-02-17",
        "fiscal_date": "2011-02-17",
        "fiscal_year": 2011,
        "fiscal_quarter": 3,
        "r2_url": "https://pub-2c783279b61043e19fbdadd1bee5153a.r2.dev/SJM/2011-02-17/The%20J.%20M.%20Smucker%20Company_2011-02-17_transcript/The%20J.%20M.%20Smucker%20Company_2011-02-17_transcript.pdf/The%20J.%20M.%20Smucker%20Company_2011-02-17_transcript.pdf",
        "periodicity": "periodic"
    },
    {
        "equity_ticker": "SJM",
        "geography": "US",
        "content_name": "SJM Q2 2011 Transcript",
        "file_type": "pdf",
        "content_type": "earnings_transcript",
        "published_date": "2010-11-18",
        "fiscal_date": "2010-11-18",
        "fiscal_year": 2011,
        "fiscal_quarter": 2,
        "r2_url": "https://pub-2c783279b61043e19fbdadd1bee5153a.r2.dev/SJM/2010-11-18/The%20J.%20M.%20Smucker%20Company_2010-11-18_transcript/The%20J.%20M.%20Smucker%20Company_2010-11-18_transcript.pdf/The%20J.%20M.%20Smucker%20Company_2010-11-18_transcript.pdf",
        "periodicity": "periodic"
    },
    {
        "equity_ticker": "SJM",
        "geography": "US",
        "content_name": "SJM Q1 2011 Transcript",
        "file_type": "pdf",
        "content_type": "earnings_transcript",
        "published_date": "2010-06-17",
        "fiscal_date": "2010-06-17",
        "fiscal_year": 2011,
        "fiscal_quarter": 1,
        "r2_url": "https://pub-2c783279b61043e19fbdadd1bee5153a.r2.dev/SJM/2010-06-17/The%20J.%20M.%20Smucker%20Company_2010-06-17_transcript/The%20J.%20M.%20Smucker%20Company_2010-06-17_transcript.pdf/The%20J.%20M.%20Smucker%20Company_2010-06-17_transcript.pdf",
        "periodicity": "periodic"
    },
    {
        "equity_ticker": "SJM",
        "geography": "US",
        "content_name": "SJM Q3 2010 Transcript",
        "file_type": "pdf",
        "content_type": "earnings_transcript",
        "published_date": "2010-02-24",
        "fiscal_date": "2010-02-24",
        "fiscal_year": 2010,
        "fiscal_quarter": 3,
        "r2_url": "https://pub-2c783279b61043e19fbdadd1bee5153a.r2.dev/SJM/2010-02-24/The%20J.%20M.%20Smucker%20Company_2010-02-24_transcript/The%20J.%20M.%20Smucker%20Company_2010-02-24_transcript.pdf/The%20J.%20M.%20Smucker%20Company_2010-02-24_transcript.pdf",
        "periodicity": "periodic"
    },
    {
        "equity_ticker": "SJM",
        "geography": "US",
        "content_name": "SJM Q2 2010 Transcript",
        "file_type": "pdf",
        "content_type": "earnings_transcript",
        "published_date": "2009-11-20",
        "fiscal_date": "2009-11-20",
        "fiscal_year": 2010,
        "fiscal_quarter": 2,
        "r2_url": "https://pub-2c783279b61043e19fbdadd1bee5153a.r2.dev/SJM/2009-11-20/The%20J.%20M.%20Smucker%20Company_2009-11-20_transcript/The%20J.%20M.%20Smucker%20Company_2009-11-20_transcript.pdf/The%20J.%20M.%20Smucker%20Company_2009-11-20_transcript.pdf",
        "periodicity": "periodic"
    },
    {
        "equity_ticker": "SJM",
        "geography": "US",
        "content_name": "SJM Q1 2010 Transcript",
        "file_type": "pdf",
        "content_type": "earnings_transcript",
        "published_date": "2009-08-21",
        "fiscal_date": "2009-08-21",
        "fiscal_year": 2010,
        "fiscal_quarter": 1,
        "r2_url": "https://pub-2c783279b61043e19fbdadd1bee5153a.r2.dev/SJM/2009-08-21/The%20J.%20M.%20Smucker%20Company_2009-08-21_transcript/The%20J.%20M.%20Smucker%20Company_2009-08-21_transcript.pdf/The%20J.%20M.%20Smucker%20Company_2009-08-21_transcript.pdf",
        "periodicity": "periodic"
    },
    {
        "equity_ticker": "SJM",
        "geography": "US",
        "content_name": "SJM Q4 2009 Transcript",
        "file_type": "pdf",
        "content_type": "earnings_transcript",
        "published_date": "2009-06-18",
        "fiscal_date": "2009-06-18",
        "fiscal_year": 2009,
        "fiscal_quarter": 4,
        "r2_url": "https://pub-2c783279b61043e19fbdadd1bee5153a.r2.dev/SJM/2009-06-18/The%20J.%20M.%20Smucker%20Company_2009-06-18_transcript/The%20J.%20M.%20Smucker%20Company_2009-06-18_transcript.pdf/The%20J.%20M.%20Smucker%20Company_2009-06-18_transcript.pdf",
        "periodicity": "periodic"
    },
    {
        "equity_ticker": "SJM",
        "geography": "US",
        "content_name": "SJM Q3 2009 Transcript",
        "file_type": "pdf",
        "content_type": "earnings_transcript",
        "published_date": "2009-02-25",
        "fiscal_date": "2009-02-25",
        "fiscal_year": 2009,
        "fiscal_quarter": 3,
        "r2_url": "https://pub-2c783279b61043e19fbdadd1bee5153a.r2.dev/SJM/2009-02-25/The%20J.%20M.%20Smucker%20Company_2009-02-25_transcript/The%20J.%20M.%20Smucker%20Company_2009-02-25_transcript.pdf/The%20J.%20M.%20Smucker%20Company_2009-02-25_transcript.pdf",
        "periodicity": "periodic"
    },
    {
        "equity_ticker": "SJM",
        "geography": "US",
        "content_name": "SJM Q2 2009 Transcript",
        "file_type": "pdf",
        "content_type": "earnings_transcript",
        "published_date": "2008-11-21",
        "fiscal_date": "2008-11-21",
        "fiscal_year": 2009,
        "fiscal_quarter": 2,
        "r2_url": "https://pub-2c783279b61043e19fbdadd1bee5153a.r2.dev/SJM/2008-11-21/The%20J.%20M.%20Smucker%20Company_2008-11-21_transcript/The%20J.%20M.%20Smucker%20Company_2008-11-21_transcript.pdf/The%20J.%20M.%20Smucker%20Company_2008-11-21_transcript.pdf",
        "periodicity": "periodic"
    },
    {
        "equity_ticker": "SJM",
        "geography": "US",
        "content_name": "SJM Q1 2009 Transcript",
        "file_type": "pdf",
        "content_type": "earnings_transcript",
        "published_date": "2008-08-14",
        "fiscal_date": "2008-08-14",
        "fiscal_year": 2009,
        "fiscal_quarter": 1,
        "r2_url": "https://pub-2c783279b61043e19fbdadd1bee5153a.r2.dev/SJM/2008-08-14/The%20J.%20M.%20Smucker%20Company_2008-08-14_transcript/The%20J.%20M.%20Smucker%20Company_2008-08-14_transcript.pdf/The%20J.%20M.%20Smucker%20Company_2008-08-14_transcript.pdf",
        "periodicity": "periodic"
    },
    {
        "equity_ticker": "SJM",
        "geography": "US",
        "content_name": "SJM Q4 2008 Transcript",
        "file_type": "pdf",
        "content_type": "earnings_transcript",
        "published_date": "2008-06-19",
        "fiscal_date": "2008-06-19",
        "fiscal_year": 2008,
        "fiscal_quarter": 4,
        "r2_url": "https://pub-2c783279b61043e19fbdadd1bee5153a.r2.dev/SJM/2008-06-19/The%20J.%20M.%20Smucker%20Company_2008-06-19_transcript/The%20J.%20M.%20Smucker%20Company_2008-06-19_transcript.pdf/The%20J.%20M.%20Smucker%20Company_2008-06-19_transcript.pdf",
        "periodicity": "periodic"
    },
    {
        "equity_ticker": "SJM",
        "geography": "US",
        "content_name": "SJM Q3 2008 Transcript",
        "file_type": "pdf",
        "content_type": "earnings_transcript",
        "published_date": "2008-02-15",
        "fiscal_date": "2008-02-15",
        "fiscal_year": 2008,
        "fiscal_quarter": 3,
        "r2_url": "https://pub-2c783279b61043e19fbdadd1bee5153a.r2.dev/SJM/2008-02-15/The%20J.%20M.%20Smucker%20Company_2008-02-15_transcript/The%20J.%20M.%20Smucker%20Company_2008-02-15_transcript.pdf/The%20J.%20M.%20Smucker%20Company_2008-02-15_transcript.pdf",
        "periodicity": "periodic"
    },
    {
        "equity_ticker": "SJM",
        "geography": "US",
        "content_name": "SJM Q2 2008 Transcript",
        "file_type": "pdf",
        "content_type": "earnings_transcript",
        "published_date": "2007-11-19",
        "fiscal_date": "2007-11-19",
        "fiscal_year": 2008,
        "fiscal_quarter": 2,
        "r2_url": "https://pub-2c783279b61043e19fbdadd1bee5153a.r2.dev/SJM/2007-11-19/The%20J.%20M.%20Smucker%20Company_2007-11-19_transcript/The%20J.%20M.%20Smucker%20Company_2007-11-19_transcript.pdf/The%20J.%20M.%20Smucker%20Company_2007-11-19_transcript.pdf",
        "periodicity": "periodic"
    },
    {
        "equity_ticker": "SJM",
        "geography": "US",
        "content_name": "SJM Q1 2008 Transcript",
        "file_type": "pdf",
        "content_type": "earnings_transcript",
        "published_date": "2007-08-17",
        "fiscal_date": "2007-08-17",
        "fiscal_year": 2008,
        "fiscal_quarter": 1,
        "r2_url": "https://pub-2c783279b61043e19fbdadd1bee5153a.r2.dev/SJM/2007-08-17/The%20J.%20M.%20Smucker%20Company_2007-08-17_transcript/The%20J.%20M.%20Smucker%20Company_2007-08-17_transcript.pdf/The%20J.%20M.%20Smucker%20Company_2007-08-17_transcript.pdf",
        "periodicity": "periodic"
    }
]