[
    {
        "equity_ticker": "TAP",
        "geography": "US",
        "content_name": "Consumer Analyst Group of New York Conference 2025 - February 19, 2025",
        "file_type": "pdf",
        "content_type": "industry_conference_transcript",
        "published_date": "2025-02-19",
        "fiscal_date": "2025-02-19",
        "fiscal_year": 0,
        "fiscal_quarter": 0,
        "r2_url": "https://pub-2c783279b61043e19fbdadd1bee5153a.r2.dev/TAP/2025-02-19/Molson%20Coors%20Beverage%20Company_2025-02-19_transcript/Molson%20Coors%20Beverage%20Company_2025-02-19_transcript.pdf/Molson%20Coors%20Beverage%20Company_2025-02-19_transcript.pdf",
        "periodicity": "non_periodic"
    },
    {
        "equity_ticker": "TAP",
        "geography": "US",
        "content_name": "TAP Q4 2024 Transcript",
        "file_type": "pdf",
        "content_type": "earnings_transcript",
        "published_date": "2025-02-13",
        "fiscal_date": "2025-02-13",
        "fiscal_year": 2024,
        "fiscal_quarter": 4,
        "r2_url": "https://pub-2c783279b61043e19fbdadd1bee5153a.r2.dev/TAP/2025-02-13/Molson%20Coors%20Beverage%20Company_2025-02-13_transcript/Molson%20Coors%20Beverage%20Company_2025-02-13_transcript.pdf/Molson%20Coors%20Beverage%20Company_2025-02-13_transcript.pdf",
        "periodicity": "periodic"
    },
    {
        "equity_ticker": "TAP",
        "geography": "US",
        "content_name": "TAP Q4 2024 Press Release",
        "file_type": "pdf",
        "content_type": "earnings_press_release",
        "published_date": "2025-02-13",
        "fiscal_date": "2025-02-13",
        "fiscal_year": 2024,
        "fiscal_quarter": 4,
        "r2_url": "https://pub-2c783279b61043e19fbdadd1bee5153a.r2.dev/TAP/2025-02-13/2d02f-2025-02-13-11-49-35/2d02f-2025-02-13-11-49-35.pdf/2d02f-2025-02-13-11-49-35.pdf",
        "periodicity": "periodic"
    },
    {
        "equity_ticker": "TAP",
        "geography": "US",
        "content_name": "TAP Q4 2024 Presentation",
        "file_type": "pdf",
        "content_type": "earnings_presentation",
        "published_date": "2025-02-13",
        "fiscal_date": "2025-02-13",
        "fiscal_year": 2024,
        "fiscal_quarter": 4,
        "r2_url": "https://pub-2c783279b61043e19fbdadd1bee5153a.r2.dev/TAP/2025-02-13/12df5-2025-02-13-12-14-09/12df5-2025-02-13-12-14-09.pdf/12df5-2025-02-13-12-14-09.pdf",
        "periodicity": "periodic"
    },
    {
        "equity_ticker": "TAP",
        "geography": "US",
        "content_name": "Morgan Stanley Global Consumer & Retail Conference - December 3, 2024",
        "file_type": "pdf",
        "content_type": "sellside_conference_transcript",
        "published_date": "2024-12-03",
        "fiscal_date": "2024-12-03",
        "fiscal_year": 0,
        "fiscal_quarter": 0,
        "r2_url": "https://pub-2c783279b61043e19fbdadd1bee5153a.r2.dev/TAP/2024-12-03/Molson%20Coors%20Beverage%20Company_2024-12-03_transcript/Molson%20Coors%20Beverage%20Company_2024-12-03_transcript.pdf/Molson%20Coors%20Beverage%20Company_2024-12-03_transcript.pdf",
        "periodicity": "non_periodic"
    },
    {
        "equity_ticker": "TAP",
        "geography": "US",
        "content_name": "TAP Q3 2024 Transcript",
        "file_type": "pdf",
        "content_type": "earnings_transcript",
        "published_date": "2024-11-07",
        "fiscal_date": "2024-11-07",
        "fiscal_year": 2024,
        "fiscal_quarter": 3,
        "r2_url": "https://pub-2c783279b61043e19fbdadd1bee5153a.r2.dev/TAP/2024-11-07/Molson%20Coors%20Beverage%20Company_2024-11-07_transcript/Molson%20Coors%20Beverage%20Company_2024-11-07_transcript.pdf/Molson%20Coors%20Beverage%20Company_2024-11-07_transcript.pdf",
        "periodicity": "periodic"
    },
    {
        "equity_ticker": "TAP",
        "geography": "US",
        "content_name": "TAP Q3 2024 Press Release",
        "file_type": "pdf",
        "content_type": "earnings_press_release",
        "published_date": "2024-11-07",
        "fiscal_date": "2024-11-07",
        "fiscal_year": 2024,
        "fiscal_quarter": 3,
        "r2_url": "https://pub-2c783279b61043e19fbdadd1bee5153a.r2.dev/TAP/2024-11-07/7d27c-2024-11-07-11-21-36/7d27c-2024-11-07-11-21-36.pdf/7d27c-2024-11-07-11-21-36.pdf",
        "periodicity": "periodic"
    },
    {
        "equity_ticker": "TAP",
        "geography": "US",
        "content_name": "TAP Q3 2024 Presentation",
        "file_type": "pdf",
        "content_type": "earnings_presentation",
        "published_date": "2024-11-07",
        "fiscal_date": "2024-11-07",
        "fiscal_year": 2024,
        "fiscal_quarter": 3,
        "r2_url": "https://pub-2c783279b61043e19fbdadd1bee5153a.r2.dev/TAP/2024-11-07/46756-2024-11-07-11-33-41/46756-2024-11-07-11-33-41.pdf/46756-2024-11-07-11-33-41.pdf",
        "periodicity": "periodic"
    },
    {
        "equity_ticker": "TAP",
        "geography": "US",
        "content_name": "TAP Q2 2024 Transcript",
        "file_type": "pdf",
        "content_type": "earnings_transcript",
        "published_date": "2024-08-06",
        "fiscal_date": "2024-08-06",
        "fiscal_year": 2024,
        "fiscal_quarter": 2,
        "r2_url": "https://pub-2c783279b61043e19fbdadd1bee5153a.r2.dev/TAP/2024-08-06/Molson%20Coors%20Beverage%20Company_2024-08-06_transcript/Molson%20Coors%20Beverage%20Company_2024-08-06_transcript.pdf/Molson%20Coors%20Beverage%20Company_2024-08-06_transcript.pdf",
        "periodicity": "periodic"
    },
    {
        "equity_ticker": "TAP",
        "geography": "US",
        "content_name": "TAP Q2 2024 Press Release",
        "file_type": "pdf",
        "content_type": "earnings_press_release",
        "published_date": "2024-08-06",
        "fiscal_date": "2024-08-06",
        "fiscal_year": 2024,
        "fiscal_quarter": 2,
        "r2_url": "https://pub-2c783279b61043e19fbdadd1bee5153a.r2.dev/TAP/2024-08-06/9c689-2024-08-06-10-16-36/9c689-2024-08-06-10-16-36.pdf/9c689-2024-08-06-10-16-36.pdf",
        "periodicity": "periodic"
    },
    {
        "equity_ticker": "TAP",
        "geography": "US",
        "content_name": "TAP Q2 2024 Presentation",
        "file_type": "pdf",
        "content_type": "earnings_presentation",
        "published_date": "2024-08-06",
        "fiscal_date": "2024-08-06",
        "fiscal_year": 2024,
        "fiscal_quarter": 2,
        "r2_url": "https://pub-2c783279b61043e19fbdadd1bee5153a.r2.dev/TAP/2024-08-06/b8267-2024-08-06-10-48-36/b8267-2024-08-06-10-48-36.pdf/b8267-2024-08-06-10-48-36.pdf",
        "periodicity": "periodic"
    },
    {
        "equity_ticker": "TAP",
        "geography": "US",
        "content_name": "2024 dbAccess Global Consumer Conference - June 5, 2024",
        "file_type": "pdf",
        "content_type": "industry_conference_transcript",
        "published_date": "2024-06-05",
        "fiscal_date": "2024-06-05",
        "fiscal_year": 0,
        "fiscal_quarter": 0,
        "r2_url": "https://pub-2c783279b61043e19fbdadd1bee5153a.r2.dev/TAP/2024-06-05/Molson%20Coors%20Beverage%20Company_2024-06-05_transcript/Molson%20Coors%20Beverage%20Company_2024-06-05_transcript.pdf/Molson%20Coors%20Beverage%20Company_2024-06-05_transcript.pdf",
        "periodicity": "non_periodic"
    },
    {
        "equity_ticker": "TAP",
        "geography": "US",
        "content_name": "TAP Q1 2024 Transcript",
        "file_type": "pdf",
        "content_type": "earnings_transcript",
        "published_date": "2024-04-30",
        "fiscal_date": "2024-04-30",
        "fiscal_year": 2024,
        "fiscal_quarter": 1,
        "r2_url": "https://pub-2c783279b61043e19fbdadd1bee5153a.r2.dev/TAP/2024-04-30/Molson%20Coors%20Beverage%20Company_2024-04-30_transcript/Molson%20Coors%20Beverage%20Company_2024-04-30_transcript.pdf/Molson%20Coors%20Beverage%20Company_2024-04-30_transcript.pdf",
        "periodicity": "periodic"
    },
    {
        "equity_ticker": "TAP",
        "geography": "US",
        "content_name": "TAP Q1 2024 Press Release",
        "file_type": "pdf",
        "content_type": "earnings_press_release",
        "published_date": "2024-04-30",
        "fiscal_date": "2024-04-30",
        "fiscal_year": 2024,
        "fiscal_quarter": 1,
        "r2_url": "https://pub-2c783279b61043e19fbdadd1bee5153a.r2.dev/TAP/2024-04-30/08669-2024-04-30-10-14-59/08669-2024-04-30-10-14-59.pdf/08669-2024-04-30-10-14-59.pdf",
        "periodicity": "periodic"
    },
    {
        "equity_ticker": "TAP",
        "geography": "US",
        "content_name": "TAP Q1 2024 Presentation",
        "file_type": "pdf",
        "content_type": "earnings_presentation",
        "published_date": "2024-04-30",
        "fiscal_date": "2024-04-30",
        "fiscal_year": 2024,
        "fiscal_quarter": 1,
        "r2_url": "https://pub-2c783279b61043e19fbdadd1bee5153a.r2.dev/TAP/2024-04-30/e72c9-2024-04-30-05-19-24/e72c9-2024-04-30-05-19-24.pdf/e72c9-2024-04-30-05-19-24.pdf",
        "periodicity": "periodic"
    },
    {
        "equity_ticker": "TAP",
        "geography": "US",
        "content_name": "Bank of America 2024 Consumer & Retail Conference - March 13, 2024",
        "file_type": "pdf",
        "content_type": "company_conference_transcript",
        "published_date": "2024-03-13",
        "fiscal_date": "2024-03-13",
        "fiscal_year": 0,
        "fiscal_quarter": 0,
        "r2_url": "https://pub-2c783279b61043e19fbdadd1bee5153a.r2.dev/TAP/2024-03-13/Molson%20Coors%20Beverage%20Company_2024-03-13_transcript/Molson%20Coors%20Beverage%20Company_2024-03-13_transcript.pdf/Molson%20Coors%20Beverage%20Company_2024-03-13_transcript.pdf",
        "periodicity": "non_periodic"
    },
    {
        "equity_ticker": "TAP",
        "geography": "US",
        "content_name": "CAGNY 2024 Conference - February 21, 2024",
        "file_type": "pdf",
        "content_type": "industry_conference_transcript",
        "published_date": "2024-02-21",
        "fiscal_date": "2024-02-21",
        "fiscal_year": 0,
        "fiscal_quarter": 0,
        "r2_url": "https://pub-2c783279b61043e19fbdadd1bee5153a.r2.dev/TAP/2024-02-21/Molson%20Coors%20Beverage%20Company_2024-02-21_transcript/Molson%20Coors%20Beverage%20Company_2024-02-21_transcript.pdf/Molson%20Coors%20Beverage%20Company_2024-02-21_transcript.pdf",
        "periodicity": "non_periodic"
    },
    {
        "equity_ticker": "TAP",
        "geography": "US",
        "content_name": "CAGNY 2024 Conference - February 21, 2024",
        "file_type": "pdf",
        "content_type": "industry_conference_presentation",
        "published_date": "2024-02-21",
        "fiscal_date": "2024-02-21",
        "fiscal_year": 0,
        "fiscal_quarter": 0,
        "r2_url": "https://pub-2c783279b61043e19fbdadd1bee5153a.r2.dev/TAP/2024-02-21/11eb2-2024-03-04-01-49-51/11eb2-2024-03-04-01-49-51.pdf/11eb2-2024-03-04-01-49-51.pdf",
        "periodicity": "non_periodic"
    },
    {
        "equity_ticker": "TAP",
        "geography": "US",
        "content_name": "TAP Q4 2023 Transcript",
        "file_type": "pdf",
        "content_type": "earnings_transcript",
        "published_date": "2024-02-13",
        "fiscal_date": "2024-02-13",
        "fiscal_year": 2023,
        "fiscal_quarter": 4,
        "r2_url": "https://pub-2c783279b61043e19fbdadd1bee5153a.r2.dev/TAP/2024-02-13/Molson%20Coors%20Beverage%20Company_2024-02-13_transcript/Molson%20Coors%20Beverage%20Company_2024-02-13_transcript.pdf/Molson%20Coors%20Beverage%20Company_2024-02-13_transcript.pdf",
        "periodicity": "periodic"
    },
    {
        "equity_ticker": "TAP",
        "geography": "US",
        "content_name": "TAP Q4 2023 Press Release",
        "file_type": "pdf",
        "content_type": "earnings_press_release",
        "published_date": "2024-02-13",
        "fiscal_date": "2024-02-13",
        "fiscal_year": 2023,
        "fiscal_quarter": 4,
        "r2_url": "https://pub-2c783279b61043e19fbdadd1bee5153a.r2.dev/TAP/2024-02-13/02da0-2024-02-13-11-02-59/02da0-2024-02-13-11-02-59.pdf/02da0-2024-02-13-11-02-59.pdf",
        "periodicity": "periodic"
    },
    {
        "equity_ticker": "TAP",
        "geography": "US",
        "content_name": "TAP Q4 2023 Presentation",
        "file_type": "pdf",
        "content_type": "earnings_presentation",
        "published_date": "2024-02-13",
        "fiscal_date": "2024-02-13",
        "fiscal_year": 2023,
        "fiscal_quarter": 4,
        "r2_url": "https://pub-2c783279b61043e19fbdadd1bee5153a.r2.dev/TAP/2024-02-13/52b38-2024-02-13-07-24-12/52b38-2024-02-13-07-24-12.pdf/52b38-2024-02-13-07-24-12.pdf",
        "periodicity": "periodic"
    },
    {
        "equity_ticker": "TAP",
        "geography": "US",
        "content_name": "Morgan Stanley Global Consumer & Retail Conference - December 6, 2023",
        "file_type": "pdf",
        "content_type": "sellside_conference_transcript",
        "published_date": "2023-12-06",
        "fiscal_date": "2023-12-06",
        "fiscal_year": 0,
        "fiscal_quarter": 0,
        "r2_url": "https://pub-2c783279b61043e19fbdadd1bee5153a.r2.dev/TAP/2023-12-06/Molson%20Coors%20Beverage%20Company_2023-12-06_transcript/Molson%20Coors%20Beverage%20Company_2023-12-06_transcript.pdf/Molson%20Coors%20Beverage%20Company_2023-12-06_transcript.pdf",
        "periodicity": "non_periodic"
    },
    {
        "equity_ticker": "TAP",
        "geography": "US",
        "content_name": "TAP Q3 2023 Transcript",
        "file_type": "pdf",
        "content_type": "earnings_transcript",
        "published_date": "2023-11-02",
        "fiscal_date": "2023-11-02",
        "fiscal_year": 2023,
        "fiscal_quarter": 3,
        "r2_url": "https://pub-2c783279b61043e19fbdadd1bee5153a.r2.dev/TAP/2023-11-02/Molson%20Coors%20Beverage%20Company_2023-11-02_transcript/Molson%20Coors%20Beverage%20Company_2023-11-02_transcript.pdf/Molson%20Coors%20Beverage%20Company_2023-11-02_transcript.pdf",
        "periodicity": "periodic"
    },
    {
        "equity_ticker": "TAP",
        "geography": "US",
        "content_name": "TAP Q3 2023 Press Release",
        "file_type": "pdf",
        "content_type": "earnings_press_release",
        "published_date": "2023-11-02",
        "fiscal_date": "2023-11-02",
        "fiscal_year": 2023,
        "fiscal_quarter": 3,
        "r2_url": "https://pub-2c783279b61043e19fbdadd1bee5153a.r2.dev/TAP/2023-11-02/33144-2023-11-02-11-52-03/33144-2023-11-02-11-52-03.pdf/33144-2023-11-02-11-52-03.pdf",
        "periodicity": "periodic"
    },
    {
        "equity_ticker": "TAP",
        "geography": "US",
        "content_name": "TAP Q3 2023 Presentation",
        "file_type": "pdf",
        "content_type": "earnings_presentation",
        "published_date": "2023-11-02",
        "fiscal_date": "2023-11-02",
        "fiscal_year": 2023,
        "fiscal_quarter": 3,
        "r2_url": "https://pub-2c783279b61043e19fbdadd1bee5153a.r2.dev/TAP/2023-11-02/dcb11-2023-11-02-07-06-50/dcb11-2023-11-02-07-06-50.pdf/dcb11-2023-11-02-07-06-50.pdf",
        "periodicity": "periodic"
    },
    {
        "equity_ticker": "TAP",
        "geography": "US",
        "content_name": "Strategy Day 2023 - October 3, 2023",
        "file_type": "pdf",
        "content_type": "company_conference_transcript",
        "published_date": "2023-10-03",
        "fiscal_date": "2023-10-03",
        "fiscal_year": 0,
        "fiscal_quarter": 0,
        "r2_url": "https://pub-2c783279b61043e19fbdadd1bee5153a.r2.dev/TAP/2023-10-03/Molson%20Coors%20Beverage%20Company_2023-10-03_transcript/Molson%20Coors%20Beverage%20Company_2023-10-03_transcript.pdf/Molson%20Coors%20Beverage%20Company_2023-10-03_transcript.pdf",
        "periodicity": "non_periodic"
    },
    {
        "equity_ticker": "TAP",
        "geography": "US",
        "content_name": "Barclays Global Consumer Staples Conference - September 6, 2023",
        "file_type": "pdf",
        "content_type": "sellside_conference_transcript",
        "published_date": "2023-09-06",
        "fiscal_date": "2023-09-06",
        "fiscal_year": 0,
        "fiscal_quarter": 0,
        "r2_url": "https://pub-2c783279b61043e19fbdadd1bee5153a.r2.dev/TAP/2023-09-06/Molson%20Coors%20Beverage%20Company_2023-09-06_transcript/Molson%20Coors%20Beverage%20Company_2023-09-06_transcript.pdf/Molson%20Coors%20Beverage%20Company_2023-09-06_transcript.pdf",
        "periodicity": "non_periodic"
    },
    {
        "equity_ticker": "TAP",
        "geography": "US",
        "content_name": "TAP Q2 2023 Transcript",
        "file_type": "pdf",
        "content_type": "earnings_transcript",
        "published_date": "2023-08-01",
        "fiscal_date": "2023-08-01",
        "fiscal_year": 2023,
        "fiscal_quarter": 2,
        "r2_url": "https://pub-2c783279b61043e19fbdadd1bee5153a.r2.dev/TAP/2023-08-01/Molson%20Coors%20Beverage%20Company_2023-08-01_transcript/Molson%20Coors%20Beverage%20Company_2023-08-01_transcript.pdf/Molson%20Coors%20Beverage%20Company_2023-08-01_transcript.pdf",
        "periodicity": "periodic"
    },
    {
        "equity_ticker": "TAP",
        "geography": "US",
        "content_name": "TAP Q2 2023 Press Release",
        "file_type": "pdf",
        "content_type": "earnings_press_release",
        "published_date": "2023-08-01",
        "fiscal_date": "2023-08-01",
        "fiscal_year": 2023,
        "fiscal_quarter": 2,
        "r2_url": "https://pub-2c783279b61043e19fbdadd1bee5153a.r2.dev/TAP/2023-08-01/a1b4d-2023-08-01-11-22-04/a1b4d-2023-08-01-11-22-04.pdf/a1b4d-2023-08-01-11-22-04.pdf",
        "periodicity": "periodic"
    },
    {
        "equity_ticker": "TAP",
        "geography": "US",
        "content_name": "TAP Q2 2023 Presentation",
        "file_type": "pdf",
        "content_type": "earnings_presentation",
        "published_date": "2023-08-01",
        "fiscal_date": "2023-08-01",
        "fiscal_year": 2023,
        "fiscal_quarter": 2,
        "r2_url": "https://pub-2c783279b61043e19fbdadd1bee5153a.r2.dev/TAP/2023-08-01/853fe-2023-08-01-05-58-26/853fe-2023-08-01-05-58-26.pdf/853fe-2023-08-01-05-58-26.pdf",
        "periodicity": "periodic"
    },
    {
        "equity_ticker": "TAP",
        "geography": "US",
        "content_name": "TAP Q1 2023 Transcript",
        "file_type": "pdf",
        "content_type": "earnings_transcript",
        "published_date": "2023-05-02",
        "fiscal_date": "2023-05-02",
        "fiscal_year": 2023,
        "fiscal_quarter": 1,
        "r2_url": "https://pub-2c783279b61043e19fbdadd1bee5153a.r2.dev/TAP/2023-05-02/Molson%20Coors%20Beverage%20Company_2023-05-02_transcript/Molson%20Coors%20Beverage%20Company_2023-05-02_transcript.pdf/Molson%20Coors%20Beverage%20Company_2023-05-02_transcript.pdf",
        "periodicity": "periodic"
    },
    {
        "equity_ticker": "TAP",
        "geography": "US",
        "content_name": "TAP Q1 2023 Press Release",
        "file_type": "pdf",
        "content_type": "earnings_press_release",
        "published_date": "2023-05-02",
        "fiscal_date": "2023-05-02",
        "fiscal_year": 2023,
        "fiscal_quarter": 1,
        "r2_url": "https://pub-2c783279b61043e19fbdadd1bee5153a.r2.dev/TAP/2023-05-02/0d215-2023-05-02-11-50-12/0d215-2023-05-02-11-50-12.pdf/0d215-2023-05-02-11-50-12.pdf",
        "periodicity": "periodic"
    },
    {
        "equity_ticker": "TAP",
        "geography": "US",
        "content_name": "TAP Q1 2023 Presentation",
        "file_type": "pdf",
        "content_type": "earnings_presentation",
        "published_date": "2023-05-02",
        "fiscal_date": "2023-05-02",
        "fiscal_year": 2023,
        "fiscal_quarter": 1,
        "r2_url": "https://pub-2c783279b61043e19fbdadd1bee5153a.r2.dev/TAP/2023-05-02/510ee-2023-05-02-04-50-53/510ee-2023-05-02-04-50-53.pdf/510ee-2023-05-02-04-50-53.pdf",
        "periodicity": "periodic"
    },
    {
        "equity_ticker": "TAP",
        "geography": "US",
        "content_name": "UBS Global Consumer and Retail Conference - March 16, 2023",
        "file_type": "pdf",
        "content_type": "sellside_conference_transcript",
        "published_date": "2023-03-16",
        "fiscal_date": "2023-03-16",
        "fiscal_year": 0,
        "fiscal_quarter": 0,
        "r2_url": "https://pub-2c783279b61043e19fbdadd1bee5153a.r2.dev/TAP/2023-03-16/Molson%20Coors%20Beverage%20Company_2023-03-16_transcript/Molson%20Coors%20Beverage%20Company_2023-03-16_transcript.pdf/Molson%20Coors%20Beverage%20Company_2023-03-16_transcript.pdf",
        "periodicity": "non_periodic"
    },
    {
        "equity_ticker": "TAP",
        "geography": "US",
        "content_name": "TAP Q4 2022 Transcript",
        "file_type": "pdf",
        "content_type": "earnings_transcript",
        "published_date": "2023-02-21",
        "fiscal_date": "2023-02-21",
        "fiscal_year": 2022,
        "fiscal_quarter": 4,
        "r2_url": "https://pub-2c783279b61043e19fbdadd1bee5153a.r2.dev/TAP/2023-02-21/Molson%20Coors%20Beverage%20Company_2023-02-21_transcript/Molson%20Coors%20Beverage%20Company_2023-02-21_transcript.pdf/Molson%20Coors%20Beverage%20Company_2023-02-21_transcript.pdf",
        "periodicity": "periodic"
    },
    {
        "equity_ticker": "TAP",
        "geography": "US",
        "content_name": "TAP Q4 2022 Press Release",
        "file_type": "pdf",
        "content_type": "earnings_press_release",
        "published_date": "2023-02-21",
        "fiscal_date": "2023-02-21",
        "fiscal_year": 2022,
        "fiscal_quarter": 4,
        "r2_url": "https://pub-2c783279b61043e19fbdadd1bee5153a.r2.dev/TAP/2023-02-21/c9f05-2025-02-20-01-18-21/c9f05-2025-02-20-01-18-21.pdf/c9f05-2025-02-20-01-18-21.pdf",
        "periodicity": "periodic"
    },
    {
        "equity_ticker": "TAP",
        "geography": "US",
        "content_name": "TAP Q4 2022 Presentation",
        "file_type": "pdf",
        "content_type": "earnings_presentation",
        "published_date": "2023-02-21",
        "fiscal_date": "2023-02-21",
        "fiscal_year": 2022,
        "fiscal_quarter": 4,
        "r2_url": "https://pub-2c783279b61043e19fbdadd1bee5153a.r2.dev/TAP/2023-02-21/d33b7-2023-02-21-04-11-27/d33b7-2023-02-21-04-11-27.pdf/d33b7-2023-02-21-04-11-27.pdf",
        "periodicity": "periodic"
    },
    {
        "equity_ticker": "TAP",
        "geography": "US",
        "content_name": "TAP Q3 2022 Transcript",
        "file_type": "pdf",
        "content_type": "earnings_transcript",
        "published_date": "2022-11-01",
        "fiscal_date": "2022-11-01",
        "fiscal_year": 2022,
        "fiscal_quarter": 3,
        "r2_url": "https://pub-2c783279b61043e19fbdadd1bee5153a.r2.dev/TAP/2022-11-01/Molson%20Coors%20Beverage%20Company_2022-11-01_transcript/Molson%20Coors%20Beverage%20Company_2022-11-01_transcript.pdf/Molson%20Coors%20Beverage%20Company_2022-11-01_transcript.pdf",
        "periodicity": "periodic"
    },
    {
        "equity_ticker": "TAP",
        "geography": "US",
        "content_name": "TAP Q3 2022 Press Release",
        "file_type": "pdf",
        "content_type": "quarterly_report",
        "published_date": "2022-11-01",
        "fiscal_date": "2022-11-01",
        "fiscal_year": 2022,
        "fiscal_quarter": 3,
        "r2_url": "https://pub-2c783279b61043e19fbdadd1bee5153a.r2.dev/TAP/2022-11-01/12863-2024-08-28-08-11-16/12863-2024-08-28-08-11-16.pdf/12863-2024-08-28-08-11-16.pdf",
        "periodicity": "periodic"
    },
    {
        "equity_ticker": "TAP",
        "geography": "US",
        "content_name": "TAP Q3 2022 Presentation",
        "file_type": "pdf",
        "content_type": "earnings_presentation",
        "published_date": "2022-11-01",
        "fiscal_date": "2022-11-01",
        "fiscal_year": 2022,
        "fiscal_quarter": 3,
        "r2_url": "https://pub-2c783279b61043e19fbdadd1bee5153a.r2.dev/TAP/2022-11-01/21d58-2022-11-01-04-07-32/21d58-2022-11-01-04-07-32.pdf/21d58-2022-11-01-04-07-32.pdf",
        "periodicity": "periodic"
    },
    {
        "equity_ticker": "TAP",
        "geography": "US",
        "content_name": "TAP Q2 2022 Transcript",
        "file_type": "pdf",
        "content_type": "earnings_transcript",
        "published_date": "2022-08-02",
        "fiscal_date": "2022-08-02",
        "fiscal_year": 2022,
        "fiscal_quarter": 2,
        "r2_url": "https://pub-2c783279b61043e19fbdadd1bee5153a.r2.dev/TAP/2022-08-02/Molson%20Coors%20Beverage%20Company_2022-08-02_transcript/Molson%20Coors%20Beverage%20Company_2022-08-02_transcript.pdf/Molson%20Coors%20Beverage%20Company_2022-08-02_transcript.pdf",
        "periodicity": "periodic"
    },
    {
        "equity_ticker": "TAP",
        "geography": "US",
        "content_name": "TAP Q2 2022 Press Release",
        "file_type": "pdf",
        "content_type": "quarterly_report",
        "published_date": "2022-08-02",
        "fiscal_date": "2022-08-02",
        "fiscal_year": 2022,
        "fiscal_quarter": 2,
        "r2_url": "https://pub-2c783279b61043e19fbdadd1bee5153a.r2.dev/TAP/2022-08-02/75873-2024-08-28-08-14-16/75873-2024-08-28-08-14-16.pdf/75873-2024-08-28-08-14-16.pdf",
        "periodicity": "periodic"
    },
    {
        "equity_ticker": "TAP",
        "geography": "US",
        "content_name": "TAP Q2 2022 Presentation",
        "file_type": "pdf",
        "content_type": "earnings_presentation",
        "published_date": "2022-08-02",
        "fiscal_date": "2022-08-02",
        "fiscal_year": 2022,
        "fiscal_quarter": 2,
        "r2_url": "https://pub-2c783279b61043e19fbdadd1bee5153a.r2.dev/TAP/2022-08-02/0cf25-2022-08-02-09-31-00/0cf25-2022-08-02-09-31-00.pdf/0cf25-2022-08-02-09-31-00.pdf",
        "periodicity": "periodic"
    },
    {
        "equity_ticker": "TAP",
        "geography": "US",
        "content_name": "TAP Q1 2022 Transcript",
        "file_type": "pdf",
        "content_type": "earnings_transcript",
        "published_date": "2022-05-03",
        "fiscal_date": "2022-05-03",
        "fiscal_year": 2022,
        "fiscal_quarter": 1,
        "r2_url": "https://pub-2c783279b61043e19fbdadd1bee5153a.r2.dev/TAP/2022-05-03/Molson%20Coors%20Beverage%20Company_2022-05-03_transcript/Molson%20Coors%20Beverage%20Company_2022-05-03_transcript.pdf/Molson%20Coors%20Beverage%20Company_2022-05-03_transcript.pdf",
        "periodicity": "periodic"
    },
    {
        "equity_ticker": "TAP",
        "geography": "US",
        "content_name": "TAP Q1 2022 Press Release",
        "file_type": "pdf",
        "content_type": "quarterly_report",
        "published_date": "2022-05-03",
        "fiscal_date": "2022-05-03",
        "fiscal_year": 2022,
        "fiscal_quarter": 1,
        "r2_url": "https://pub-2c783279b61043e19fbdadd1bee5153a.r2.dev/TAP/2022-05-03/a0b11-2024-08-28-08-04-16/a0b11-2024-08-28-08-04-16.pdf/a0b11-2024-08-28-08-04-16.pdf",
        "periodicity": "periodic"
    },
    {
        "equity_ticker": "TAP",
        "geography": "US",
        "content_name": "TAP Q1 2022 Presentation",
        "file_type": "pdf",
        "content_type": "earnings_presentation",
        "published_date": "2022-05-03",
        "fiscal_date": "2022-05-03",
        "fiscal_year": 2022,
        "fiscal_quarter": 1,
        "r2_url": "https://pub-2c783279b61043e19fbdadd1bee5153a.r2.dev/TAP/2022-05-03/43fa0-2022-05-03-11-20-20-migrated/43fa0-2022-05-03-11-20-20-migrated.pdf/43fa0-2022-05-03-11-20-20-migrated.pdf",
        "periodicity": "periodic"
    },
    {
        "equity_ticker": "TAP",
        "geography": "US",
        "content_name": "TAP Q4 2021 Transcript",
        "file_type": "pdf",
        "content_type": "earnings_transcript",
        "published_date": "2022-02-23",
        "fiscal_date": "2022-02-23",
        "fiscal_year": 2021,
        "fiscal_quarter": 4,
        "r2_url": "https://pub-2c783279b61043e19fbdadd1bee5153a.r2.dev/TAP/2022-02-23/Molson%20Coors%20Beverage%20Company_2022-02-23_transcript/Molson%20Coors%20Beverage%20Company_2022-02-23_transcript.pdf/Molson%20Coors%20Beverage%20Company_2022-02-23_transcript.pdf",
        "periodicity": "periodic"
    },
    {
        "equity_ticker": "TAP",
        "geography": "US",
        "content_name": "TAP Q4 2021 Press Release",
        "file_type": "pdf",
        "content_type": "earnings_press_release",
        "published_date": "2022-02-23",
        "fiscal_date": "2022-02-23",
        "fiscal_year": 2021,
        "fiscal_quarter": 4,
        "r2_url": "https://pub-2c783279b61043e19fbdadd1bee5153a.r2.dev/TAP/2022-02-23/1cd0a-2025-02-20-01-25-18/1cd0a-2025-02-20-01-25-18.pdf/1cd0a-2025-02-20-01-25-18.pdf",
        "periodicity": "periodic"
    },
    {
        "equity_ticker": "TAP",
        "geography": "US",
        "content_name": "TAP Q4 2021 Presentation",
        "file_type": "pdf",
        "content_type": "earnings_presentation",
        "published_date": "2022-02-23",
        "fiscal_date": "2022-02-23",
        "fiscal_year": 2021,
        "fiscal_quarter": 4,
        "r2_url": "https://pub-2c783279b61043e19fbdadd1bee5153a.r2.dev/TAP/2022-02-23/47e16-2022-02-23-12-38-24-migrated/47e16-2022-02-23-12-38-24-migrated.pdf/47e16-2022-02-23-12-38-24-migrated.pdf",
        "periodicity": "periodic"
    },
    {
        "equity_ticker": "TAP",
        "geography": "US",
        "content_name": "TAP Q3 2021 Transcript",
        "file_type": "pdf",
        "content_type": "earnings_transcript",
        "published_date": "2021-10-28",
        "fiscal_date": "2021-10-28",
        "fiscal_year": 2021,
        "fiscal_quarter": 3,
        "r2_url": "https://pub-2c783279b61043e19fbdadd1bee5153a.r2.dev/TAP/2021-10-28/Molson%20Coors%20Beverage%20Company_2021-10-28_transcript/Molson%20Coors%20Beverage%20Company_2021-10-28_transcript.pdf/Molson%20Coors%20Beverage%20Company_2021-10-28_transcript.pdf",
        "periodicity": "periodic"
    },
    {
        "equity_ticker": "TAP",
        "geography": "US",
        "content_name": "TAP Q3 2021 Press Release",
        "file_type": "pdf",
        "content_type": "quarterly_report",
        "published_date": "2021-10-28",
        "fiscal_date": "2021-10-28",
        "fiscal_year": 2021,
        "fiscal_quarter": 3,
        "r2_url": "https://pub-2c783279b61043e19fbdadd1bee5153a.r2.dev/TAP/2021-10-28/59b45-2024-08-28-08-17-16/59b45-2024-08-28-08-17-16.pdf/59b45-2024-08-28-08-17-16.pdf",
        "periodicity": "periodic"
    },
    {
        "equity_ticker": "TAP",
        "geography": "US",
        "content_name": "TAP Q3 2021 Presentation",
        "file_type": "pdf",
        "content_type": "earnings_presentation",
        "published_date": "2021-10-28",
        "fiscal_date": "2021-10-28",
        "fiscal_year": 2021,
        "fiscal_quarter": 3,
        "r2_url": "https://pub-2c783279b61043e19fbdadd1bee5153a.r2.dev/TAP/2021-10-28/a7ef2-2021-10-28-12-00-00-migrated/a7ef2-2021-10-28-12-00-00-migrated.pdf/a7ef2-2021-10-28-12-00-00-migrated.pdf",
        "periodicity": "periodic"
    },
    {
        "equity_ticker": "TAP",
        "geography": "US",
        "content_name": "TAP Q2 2021 Transcript",
        "file_type": "pdf",
        "content_type": "earnings_transcript",
        "published_date": "2021-07-29",
        "fiscal_date": "2021-07-29",
        "fiscal_year": 2021,
        "fiscal_quarter": 2,
        "r2_url": "https://pub-2c783279b61043e19fbdadd1bee5153a.r2.dev/TAP/2021-07-29/Molson%20Coors%20Beverage%20Company_2021-07-29_transcript/Molson%20Coors%20Beverage%20Company_2021-07-29_transcript.pdf/Molson%20Coors%20Beverage%20Company_2021-07-29_transcript.pdf",
        "periodicity": "periodic"
    },
    {
        "equity_ticker": "TAP",
        "geography": "US",
        "content_name": "TAP Q2 2021 Press Release",
        "file_type": "pdf",
        "content_type": "quarterly_report",
        "published_date": "2021-07-29",
        "fiscal_date": "2021-07-29",
        "fiscal_year": 2021,
        "fiscal_quarter": 2,
        "r2_url": "https://pub-2c783279b61043e19fbdadd1bee5153a.r2.dev/TAP/2021-07-29/5e2ca-2024-08-28-08-15-16/5e2ca-2024-08-28-08-15-16.pdf/5e2ca-2024-08-28-08-15-16.pdf",
        "periodicity": "periodic"
    },
    {
        "equity_ticker": "TAP",
        "geography": "US",
        "content_name": "TAP Q2 2021 Presentation",
        "file_type": "pdf",
        "content_type": "earnings_presentation",
        "published_date": "2021-07-29",
        "fiscal_date": "2021-07-29",
        "fiscal_year": 2021,
        "fiscal_quarter": 2,
        "r2_url": "https://pub-2c783279b61043e19fbdadd1bee5153a.r2.dev/TAP/2021-07-29/6f939-2021-07-29-01-00-31-migrated/6f939-2021-07-29-01-00-31-migrated.pdf/6f939-2021-07-29-01-00-31-migrated.pdf",
        "periodicity": "periodic"
    },
    {
        "equity_ticker": "TAP",
        "geography": "US",
        "content_name": "AGM 2021 - May 26, 2021",
        "file_type": "pdf",
        "content_type": "company_conference_transcript",
        "published_date": "2021-05-26",
        "fiscal_date": "2021-05-26",
        "fiscal_year": 0,
        "fiscal_quarter": 0,
        "r2_url": "https://pub-2c783279b61043e19fbdadd1bee5153a.r2.dev/TAP/2021-05-26/Molson%20Coors%20Beverage%20Company_2021-05-26_transcript/Molson%20Coors%20Beverage%20Company_2021-05-26_transcript.pdf/Molson%20Coors%20Beverage%20Company_2021-05-26_transcript.pdf",
        "periodicity": "non_periodic"
    },
    {
        "equity_ticker": "TAP",
        "geography": "US",
        "content_name": "TAP Q1 2021 Transcript",
        "file_type": "pdf",
        "content_type": "earnings_transcript",
        "published_date": "2021-04-29",
        "fiscal_date": "2021-04-29",
        "fiscal_year": 2021,
        "fiscal_quarter": 1,
        "r2_url": "https://pub-2c783279b61043e19fbdadd1bee5153a.r2.dev/TAP/2021-04-29/Molson%20Coors%20Beverage%20Company_2021-04-29_transcript/Molson%20Coors%20Beverage%20Company_2021-04-29_transcript.pdf/Molson%20Coors%20Beverage%20Company_2021-04-29_transcript.pdf",
        "periodicity": "periodic"
    },
    {
        "equity_ticker": "TAP",
        "geography": "US",
        "content_name": "TAP Q1 2021 Press Release",
        "file_type": "pdf",
        "content_type": "quarterly_report",
        "published_date": "2021-04-29",
        "fiscal_date": "2021-04-29",
        "fiscal_year": 2021,
        "fiscal_quarter": 1,
        "r2_url": "https://pub-2c783279b61043e19fbdadd1bee5153a.r2.dev/TAP/2021-04-29/5983a-2024-08-28-08-16-16/5983a-2024-08-28-08-16-16.pdf/5983a-2024-08-28-08-16-16.pdf",
        "periodicity": "periodic"
    },
    {
        "equity_ticker": "TAP",
        "geography": "US",
        "content_name": "TAP Q1 2021 Presentation",
        "file_type": "pdf",
        "content_type": "earnings_presentation",
        "published_date": "2021-04-29",
        "fiscal_date": "2021-04-29",
        "fiscal_year": 2021,
        "fiscal_quarter": 1,
        "r2_url": "https://pub-2c783279b61043e19fbdadd1bee5153a.r2.dev/TAP/2021-04-29/b03c5-2021-04-29-06-00-25-migrated/b03c5-2021-04-29-06-00-25-migrated.pdf/b03c5-2021-04-29-06-00-25-migrated.pdf",
        "periodicity": "periodic"
    },
    {
        "equity_ticker": "TAP",
        "geography": "US",
        "content_name": "TAP Q4 2020 Transcript",
        "file_type": "pdf",
        "content_type": "earnings_transcript",
        "published_date": "2021-02-11",
        "fiscal_date": "2021-02-11",
        "fiscal_year": 2020,
        "fiscal_quarter": 4,
        "r2_url": "https://pub-2c783279b61043e19fbdadd1bee5153a.r2.dev/TAP/2021-02-11/Molson%20Coors%20Beverage%20Company_2021-02-11_transcript/Molson%20Coors%20Beverage%20Company_2021-02-11_transcript.pdf/Molson%20Coors%20Beverage%20Company_2021-02-11_transcript.pdf",
        "periodicity": "periodic"
    },
    {
        "equity_ticker": "TAP",
        "geography": "US",
        "content_name": "TAP Q4 2020 Press Release",
        "file_type": "pdf",
        "content_type": "earnings_press_release",
        "published_date": "2021-02-11",
        "fiscal_date": "2021-02-11",
        "fiscal_year": 2020,
        "fiscal_quarter": 4,
        "r2_url": "https://pub-2c783279b61043e19fbdadd1bee5153a.r2.dev/TAP/2021-02-11/def64-2025-02-20-01-11-20/def64-2025-02-20-01-11-20.pdf/def64-2025-02-20-01-11-20.pdf",
        "periodicity": "periodic"
    },
    {
        "equity_ticker": "TAP",
        "geography": "US",
        "content_name": "TAP Q4 2020 Presentation",
        "file_type": "pdf",
        "content_type": "earnings_presentation",
        "published_date": "2021-02-11",
        "fiscal_date": "2021-02-11",
        "fiscal_year": 2020,
        "fiscal_quarter": 4,
        "r2_url": "https://pub-2c783279b61043e19fbdadd1bee5153a.r2.dev/TAP/2021-02-11/b916d-2022-06-01-02-47-22/b916d-2022-06-01-02-47-22.pdf/b916d-2022-06-01-02-47-22.pdf",
        "periodicity": "periodic"
    },
    {
        "equity_ticker": "TAP",
        "geography": "US",
        "content_name": "TAP Q3 2020 Transcript",
        "file_type": "pdf",
        "content_type": "earnings_transcript",
        "published_date": "2020-10-29",
        "fiscal_date": "2020-10-29",
        "fiscal_year": 2020,
        "fiscal_quarter": 3,
        "r2_url": "https://pub-2c783279b61043e19fbdadd1bee5153a.r2.dev/TAP/2020-10-29/Molson%20Coors%20Beverage%20Company_2020-10-29_transcript/Molson%20Coors%20Beverage%20Company_2020-10-29_transcript.pdf/Molson%20Coors%20Beverage%20Company_2020-10-29_transcript.pdf",
        "periodicity": "periodic"
    },
    {
        "equity_ticker": "TAP",
        "geography": "US",
        "content_name": "TAP Q3 2020 Press Release",
        "file_type": "pdf",
        "content_type": "quarterly_report",
        "published_date": "2020-10-29",
        "fiscal_date": "2020-10-29",
        "fiscal_year": 2020,
        "fiscal_quarter": 3,
        "r2_url": "https://pub-2c783279b61043e19fbdadd1bee5153a.r2.dev/TAP/2020-10-29/6a9d5-2024-08-28-08-21-16/6a9d5-2024-08-28-08-21-16.pdf/6a9d5-2024-08-28-08-21-16.pdf",
        "periodicity": "periodic"
    },
    {
        "equity_ticker": "TAP",
        "geography": "US",
        "content_name": "TAP Q3 2020 Presentation",
        "file_type": "pdf",
        "content_type": "earnings_presentation",
        "published_date": "2020-10-29",
        "fiscal_date": "2020-10-29",
        "fiscal_year": 2020,
        "fiscal_quarter": 3,
        "r2_url": "https://pub-2c783279b61043e19fbdadd1bee5153a.r2.dev/TAP/2020-10-29/99b58-2022-06-01-02-41-26/99b58-2022-06-01-02-41-26.pdf/99b58-2022-06-01-02-41-26.pdf",
        "periodicity": "periodic"
    },
    {
        "equity_ticker": "TAP",
        "geography": "US",
        "content_name": "TAP Q2 2020 Transcript",
        "file_type": "pdf",
        "content_type": "earnings_transcript",
        "published_date": "2020-07-30",
        "fiscal_date": "2020-07-30",
        "fiscal_year": 2020,
        "fiscal_quarter": 2,
        "r2_url": "https://pub-2c783279b61043e19fbdadd1bee5153a.r2.dev/TAP/2020-07-30/Molson%20Coors%20Beverage%20Company_2020-07-30_transcript/Molson%20Coors%20Beverage%20Company_2020-07-30_transcript.pdf/Molson%20Coors%20Beverage%20Company_2020-07-30_transcript.pdf",
        "periodicity": "periodic"
    },
    {
        "equity_ticker": "TAP",
        "geography": "US",
        "content_name": "TAP Q2 2020 Press Release",
        "file_type": "pdf",
        "content_type": "quarterly_report",
        "published_date": "2020-07-30",
        "fiscal_date": "2020-07-30",
        "fiscal_year": 2020,
        "fiscal_quarter": 2,
        "r2_url": "https://pub-2c783279b61043e19fbdadd1bee5153a.r2.dev/TAP/2020-07-30/cea2b-2024-08-28-08-31-16/cea2b-2024-08-28-08-31-16.pdf/cea2b-2024-08-28-08-31-16.pdf",
        "periodicity": "periodic"
    },
    {
        "equity_ticker": "TAP",
        "geography": "US",
        "content_name": "TAP Q2 2020 Presentation",
        "file_type": "pdf",
        "content_type": "earnings_presentation",
        "published_date": "2020-07-30",
        "fiscal_date": "2020-07-30",
        "fiscal_year": 2020,
        "fiscal_quarter": 2,
        "r2_url": "https://pub-2c783279b61043e19fbdadd1bee5153a.r2.dev/TAP/2020-07-30/3bce0-2022-06-01-02-43-28/3bce0-2022-06-01-02-43-28.pdf/3bce0-2022-06-01-02-43-28.pdf",
        "periodicity": "periodic"
    },
    {
        "equity_ticker": "TAP",
        "geography": "US",
        "content_name": "TAP Q1 2020 Transcript",
        "file_type": "pdf",
        "content_type": "earnings_transcript",
        "published_date": "2020-04-30",
        "fiscal_date": "2020-04-30",
        "fiscal_year": 2020,
        "fiscal_quarter": 1,
        "r2_url": "https://pub-2c783279b61043e19fbdadd1bee5153a.r2.dev/TAP/2020-04-30/Molson%20Coors%20Beverage%20Company_2020-04-30_transcript/Molson%20Coors%20Beverage%20Company_2020-04-30_transcript.pdf/Molson%20Coors%20Beverage%20Company_2020-04-30_transcript.pdf",
        "periodicity": "periodic"
    },
    {
        "equity_ticker": "TAP",
        "geography": "US",
        "content_name": "TAP Q4 2019 Transcript",
        "file_type": "pdf",
        "content_type": "earnings_transcript",
        "published_date": "2020-02-12",
        "fiscal_date": "2020-02-12",
        "fiscal_year": 2019,
        "fiscal_quarter": 4,
        "r2_url": "https://pub-2c783279b61043e19fbdadd1bee5153a.r2.dev/TAP/2020-02-12/Molson%20Coors%20Beverage%20Company_2020-02-12_transcript/Molson%20Coors%20Beverage%20Company_2020-02-12_transcript.pdf/Molson%20Coors%20Beverage%20Company_2020-02-12_transcript.pdf",
        "periodicity": "periodic"
    },
    {
        "equity_ticker": "TAP",
        "geography": "US",
        "content_name": "TAP Q4 2019 Press Release",
        "file_type": "pdf",
        "content_type": "annual_report",
        "published_date": "2020-02-12",
        "fiscal_date": "2020-02-12",
        "fiscal_year": 2019,
        "fiscal_quarter": 4,
        "r2_url": "https://pub-2c783279b61043e19fbdadd1bee5153a.r2.dev/TAP/2020-02-12/e2029-2023-08-31-02-43-32/e2029-2023-08-31-02-43-32.pdf/e2029-2023-08-31-02-43-32.pdf",
        "periodicity": "periodic"
    },
    {
        "equity_ticker": "TAP",
        "geography": "US",
        "content_name": "TAP Q3 2019 Transcript",
        "file_type": "pdf",
        "content_type": "earnings_transcript",
        "published_date": "2019-10-30",
        "fiscal_date": "2019-10-30",
        "fiscal_year": 2019,
        "fiscal_quarter": 3,
        "r2_url": "https://pub-2c783279b61043e19fbdadd1bee5153a.r2.dev/TAP/2019-10-30/Molson%20Coors%20Beverage%20Company_2019-10-30_transcript/Molson%20Coors%20Beverage%20Company_2019-10-30_transcript.pdf/Molson%20Coors%20Beverage%20Company_2019-10-30_transcript.pdf",
        "periodicity": "periodic"
    },
    {
        "equity_ticker": "TAP",
        "geography": "US",
        "content_name": "TAP Q2 2019 Transcript",
        "file_type": "pdf",
        "content_type": "earnings_transcript",
        "published_date": "2019-07-31",
        "fiscal_date": "2019-07-31",
        "fiscal_year": 2019,
        "fiscal_quarter": 2,
        "r2_url": "https://pub-2c783279b61043e19fbdadd1bee5153a.r2.dev/TAP/2019-07-31/Molson%20Coors%20Beverage%20Company_2019-07-31_transcript/Molson%20Coors%20Beverage%20Company_2019-07-31_transcript.pdf/Molson%20Coors%20Beverage%20Company_2019-07-31_transcript.pdf",
        "periodicity": "periodic"
    },
    {
        "equity_ticker": "TAP",
        "geography": "US",
        "content_name": "TAP Q1 2019 Transcript",
        "file_type": "pdf",
        "content_type": "earnings_transcript",
        "published_date": "2019-05-01",
        "fiscal_date": "2019-05-01",
        "fiscal_year": 2019,
        "fiscal_quarter": 1,
        "r2_url": "https://pub-2c783279b61043e19fbdadd1bee5153a.r2.dev/TAP/2019-05-01/Molson%20Coors%20Beverage%20Company_2019-05-01_transcript/Molson%20Coors%20Beverage%20Company_2019-05-01_transcript.pdf/Molson%20Coors%20Beverage%20Company_2019-05-01_transcript.pdf",
        "periodicity": "periodic"
    },
    {
        "equity_ticker": "TAP",
        "geography": "US",
        "content_name": "TAP Q4 2018 Transcript",
        "file_type": "pdf",
        "content_type": "earnings_transcript",
        "published_date": "2019-02-12",
        "fiscal_date": "2019-02-12",
        "fiscal_year": 2018,
        "fiscal_quarter": 4,
        "r2_url": "https://pub-2c783279b61043e19fbdadd1bee5153a.r2.dev/TAP/2019-02-12/Molson%20Coors%20Beverage%20Company_2019-02-12_transcript/Molson%20Coors%20Beverage%20Company_2019-02-12_transcript.pdf/Molson%20Coors%20Beverage%20Company_2019-02-12_transcript.pdf",
        "periodicity": "periodic"
    },
    {
        "equity_ticker": "TAP",
        "geography": "US",
        "content_name": "TAP Q4 2018 Press Release",
        "file_type": "pdf",
        "content_type": "annual_report",
        "published_date": "2019-02-12",
        "fiscal_date": "2019-02-12",
        "fiscal_year": 2018,
        "fiscal_quarter": 4,
        "r2_url": "https://pub-2c783279b61043e19fbdadd1bee5153a.r2.dev/TAP/2019-02-12/97245-2023-08-31-02-10-33/97245-2023-08-31-02-10-33.pdf/97245-2023-08-31-02-10-33.pdf",
        "periodicity": "periodic"
    },
    {
        "equity_ticker": "TAP",
        "geography": "US",
        "content_name": "TAP Q3 2018 Transcript",
        "file_type": "pdf",
        "content_type": "earnings_transcript",
        "published_date": "2018-10-31",
        "fiscal_date": "2018-10-31",
        "fiscal_year": 2018,
        "fiscal_quarter": 3,
        "r2_url": "https://pub-2c783279b61043e19fbdadd1bee5153a.r2.dev/TAP/2018-10-31/Molson%20Coors%20Beverage%20Company_2018-10-31_transcript/Molson%20Coors%20Beverage%20Company_2018-10-31_transcript.pdf/Molson%20Coors%20Beverage%20Company_2018-10-31_transcript.pdf",
        "periodicity": "periodic"
    },
    {
        "equity_ticker": "TAP",
        "geography": "US",
        "content_name": "TAP Q2 2018 Transcript",
        "file_type": "pdf",
        "content_type": "earnings_transcript",
        "published_date": "2018-08-01",
        "fiscal_date": "2018-08-01",
        "fiscal_year": 2018,
        "fiscal_quarter": 2,
        "r2_url": "https://pub-2c783279b61043e19fbdadd1bee5153a.r2.dev/TAP/2018-08-01/Molson%20Coors%20Beverage%20Company_2018-08-01_transcript/Molson%20Coors%20Beverage%20Company_2018-08-01_transcript.pdf/Molson%20Coors%20Beverage%20Company_2018-08-01_transcript.pdf",
        "periodicity": "periodic"
    },
    {
        "equity_ticker": "TAP",
        "geography": "US",
        "content_name": "TAP Q1 2018 Transcript",
        "file_type": "pdf",
        "content_type": "earnings_transcript",
        "published_date": "2018-05-02",
        "fiscal_date": "2018-05-02",
        "fiscal_year": 2018,
        "fiscal_quarter": 1,
        "r2_url": "https://pub-2c783279b61043e19fbdadd1bee5153a.r2.dev/TAP/2018-05-02/Molson%20Coors%20Beverage%20Company_2018-05-02_transcript/Molson%20Coors%20Beverage%20Company_2018-05-02_transcript.pdf/Molson%20Coors%20Beverage%20Company_2018-05-02_transcript.pdf",
        "periodicity": "periodic"
    },
    {
        "equity_ticker": "TAP",
        "geography": "US",
        "content_name": "TAP Q4 2017 Transcript",
        "file_type": "pdf",
        "content_type": "earnings_transcript",
        "published_date": "2018-02-14",
        "fiscal_date": "2018-02-14",
        "fiscal_year": 2017,
        "fiscal_quarter": 4,
        "r2_url": "https://pub-2c783279b61043e19fbdadd1bee5153a.r2.dev/TAP/2018-02-14/Molson%20Coors%20Beverage%20Company_2018-02-14_transcript/Molson%20Coors%20Beverage%20Company_2018-02-14_transcript.pdf/Molson%20Coors%20Beverage%20Company_2018-02-14_transcript.pdf",
        "periodicity": "periodic"
    },
    {
        "equity_ticker": "TAP",
        "geography": "US",
        "content_name": "TAP Q4 2017 Press Release",
        "file_type": "pdf",
        "content_type": "annual_report",
        "published_date": "2018-02-14",
        "fiscal_date": "2018-02-14",
        "fiscal_year": 2017,
        "fiscal_quarter": 4,
        "r2_url": "https://pub-2c783279b61043e19fbdadd1bee5153a.r2.dev/TAP/2018-02-14/72d92-2023-08-31-02-42-33/72d92-2023-08-31-02-42-33.pdf/72d92-2023-08-31-02-42-33.pdf",
        "periodicity": "periodic"
    },
    {
        "equity_ticker": "TAP",
        "geography": "US",
        "content_name": "TAP Q3 2017 Transcript",
        "file_type": "pdf",
        "content_type": "earnings_transcript",
        "published_date": "2017-11-01",
        "fiscal_date": "2017-11-01",
        "fiscal_year": 2017,
        "fiscal_quarter": 3,
        "r2_url": "https://pub-2c783279b61043e19fbdadd1bee5153a.r2.dev/TAP/2017-11-01/Molson%20Coors%20Beverage%20Company_2017-11-01_transcript/Molson%20Coors%20Beverage%20Company_2017-11-01_transcript.pdf/Molson%20Coors%20Beverage%20Company_2017-11-01_transcript.pdf",
        "periodicity": "periodic"
    },
    {
        "equity_ticker": "TAP",
        "geography": "US",
        "content_name": "TAP Q2 2017 Transcript",
        "file_type": "pdf",
        "content_type": "earnings_transcript",
        "published_date": "2017-08-02",
        "fiscal_date": "2017-08-02",
        "fiscal_year": 2017,
        "fiscal_quarter": 2,
        "r2_url": "https://pub-2c783279b61043e19fbdadd1bee5153a.r2.dev/TAP/2017-08-02/Molson%20Coors%20Beverage%20Company_2017-08-02_transcript/Molson%20Coors%20Beverage%20Company_2017-08-02_transcript.pdf/Molson%20Coors%20Beverage%20Company_2017-08-02_transcript.pdf",
        "periodicity": "periodic"
    },
    {
        "equity_ticker": "TAP",
        "geography": "US",
        "content_name": "TAP Q1 2017 Transcript",
        "file_type": "pdf",
        "content_type": "earnings_transcript",
        "published_date": "2017-05-06",
        "fiscal_date": "2017-05-06",
        "fiscal_year": 2017,
        "fiscal_quarter": 1,
        "r2_url": "https://pub-2c783279b61043e19fbdadd1bee5153a.r2.dev/TAP/2017-05-06/Molson%20Coors%20Beverage%20Company_2017-05-06_transcript/Molson%20Coors%20Beverage%20Company_2017-05-06_transcript.pdf/Molson%20Coors%20Beverage%20Company_2017-05-06_transcript.pdf",
        "periodicity": "periodic"
    },
    {
        "equity_ticker": "TAP",
        "geography": "US",
        "content_name": "TAP Q4 2016 Transcript",
        "file_type": "pdf",
        "content_type": "earnings_transcript",
        "published_date": "2017-02-14",
        "fiscal_date": "2017-02-14",
        "fiscal_year": 2016,
        "fiscal_quarter": 4,
        "r2_url": "https://pub-2c783279b61043e19fbdadd1bee5153a.r2.dev/TAP/2017-02-14/Molson%20Coors%20Beverage%20Company_2017-02-14_transcript/Molson%20Coors%20Beverage%20Company_2017-02-14_transcript.pdf/Molson%20Coors%20Beverage%20Company_2017-02-14_transcript.pdf",
        "periodicity": "periodic"
    },
    {
        "equity_ticker": "TAP",
        "geography": "US",
        "content_name": "TAP Q4 2016 Press Release",
        "file_type": "pdf",
        "content_type": "annual_report",
        "published_date": "2017-02-14",
        "fiscal_date": "2017-02-14",
        "fiscal_year": 2016,
        "fiscal_quarter": 4,
        "r2_url": "https://pub-2c783279b61043e19fbdadd1bee5153a.r2.dev/TAP/2017-02-14/97ec9-2023-08-31-02-37-33/97ec9-2023-08-31-02-37-33.pdf/97ec9-2023-08-31-02-37-33.pdf",
        "periodicity": "periodic"
    },
    {
        "equity_ticker": "TAP",
        "geography": "US",
        "content_name": "TAP Q3 2016 Transcript",
        "file_type": "pdf",
        "content_type": "earnings_transcript",
        "published_date": "2016-11-01",
        "fiscal_date": "2016-11-01",
        "fiscal_year": 2016,
        "fiscal_quarter": 3,
        "r2_url": "https://pub-2c783279b61043e19fbdadd1bee5153a.r2.dev/TAP/2016-11-01/Molson%20Coors%20Beverage%20Company_2016-11-01_transcript/Molson%20Coors%20Beverage%20Company_2016-11-01_transcript.pdf/Molson%20Coors%20Beverage%20Company_2016-11-01_transcript.pdf",
        "periodicity": "periodic"
    },
    {
        "equity_ticker": "TAP",
        "geography": "US",
        "content_name": "TAP Q2 2016 Transcript",
        "file_type": "pdf",
        "content_type": "earnings_transcript",
        "published_date": "2016-08-02",
        "fiscal_date": "2016-08-02",
        "fiscal_year": 2016,
        "fiscal_quarter": 2,
        "r2_url": "https://pub-2c783279b61043e19fbdadd1bee5153a.r2.dev/TAP/2016-08-02/Molson%20Coors%20Beverage%20Company_2016-08-02_transcript/Molson%20Coors%20Beverage%20Company_2016-08-02_transcript.pdf/Molson%20Coors%20Beverage%20Company_2016-08-02_transcript.pdf",
        "periodicity": "periodic"
    },
    {
        "equity_ticker": "TAP",
        "geography": "US",
        "content_name": "TAP Q1 2016 Transcript",
        "file_type": "pdf",
        "content_type": "earnings_transcript",
        "published_date": "2016-05-03",
        "fiscal_date": "2016-05-03",
        "fiscal_year": 2016,
        "fiscal_quarter": 1,
        "r2_url": "https://pub-2c783279b61043e19fbdadd1bee5153a.r2.dev/TAP/2016-05-03/Molson%20Coors%20Beverage%20Company_2016-05-03_transcript/Molson%20Coors%20Beverage%20Company_2016-05-03_transcript.pdf/Molson%20Coors%20Beverage%20Company_2016-05-03_transcript.pdf",
        "periodicity": "periodic"
    },
    {
        "equity_ticker": "TAP",
        "geography": "US",
        "content_name": "TAP Q4 2015 Transcript",
        "file_type": "pdf",
        "content_type": "earnings_transcript",
        "published_date": "2016-02-11",
        "fiscal_date": "2016-02-11",
        "fiscal_year": 2015,
        "fiscal_quarter": 4,
        "r2_url": "https://pub-2c783279b61043e19fbdadd1bee5153a.r2.dev/TAP/2016-02-11/Molson%20Coors%20Beverage%20Company_2016-02-11_transcript/Molson%20Coors%20Beverage%20Company_2016-02-11_transcript.pdf/Molson%20Coors%20Beverage%20Company_2016-02-11_transcript.pdf",
        "periodicity": "periodic"
    },
    {
        "equity_ticker": "TAP",
        "geography": "US",
        "content_name": "TAP Q4 2015 Press Release",
        "file_type": "pdf",
        "content_type": "annual_report",
        "published_date": "2016-02-11",
        "fiscal_date": "2016-02-11",
        "fiscal_year": 2015,
        "fiscal_quarter": 4,
        "r2_url": "https://pub-2c783279b61043e19fbdadd1bee5153a.r2.dev/TAP/2016-02-11/c86bd-2023-08-31-02-00-34/c86bd-2023-08-31-02-00-34.pdf/c86bd-2023-08-31-02-00-34.pdf",
        "periodicity": "periodic"
    },
    {
        "equity_ticker": "TAP",
        "geography": "US",
        "content_name": "TAP Q3 2015 Transcript",
        "file_type": "pdf",
        "content_type": "earnings_transcript",
        "published_date": "2015-11-05",
        "fiscal_date": "2015-11-05",
        "fiscal_year": 2015,
        "fiscal_quarter": 3,
        "r2_url": "https://pub-2c783279b61043e19fbdadd1bee5153a.r2.dev/TAP/2015-11-05/Molson%20Coors%20Beverage%20Company_2015-11-05_transcript/Molson%20Coors%20Beverage%20Company_2015-11-05_transcript.pdf/Molson%20Coors%20Beverage%20Company_2015-11-05_transcript.pdf",
        "periodicity": "periodic"
    },
    {
        "equity_ticker": "TAP",
        "geography": "US",
        "content_name": "TAP Q2 2015 Transcript",
        "file_type": "pdf",
        "content_type": "earnings_transcript",
        "published_date": "2015-08-06",
        "fiscal_date": "2015-08-06",
        "fiscal_year": 2015,
        "fiscal_quarter": 2,
        "r2_url": "https://pub-2c783279b61043e19fbdadd1bee5153a.r2.dev/TAP/2015-08-06/Molson%20Coors%20Beverage%20Company_2015-08-06_transcript/Molson%20Coors%20Beverage%20Company_2015-08-06_transcript.pdf/Molson%20Coors%20Beverage%20Company_2015-08-06_transcript.pdf",
        "periodicity": "periodic"
    },
    {
        "equity_ticker": "TAP",
        "geography": "US",
        "content_name": "TAP Q1 2015 Transcript",
        "file_type": "pdf",
        "content_type": "earnings_transcript",
        "published_date": "2015-05-07",
        "fiscal_date": "2015-05-07",
        "fiscal_year": 2015,
        "fiscal_quarter": 1,
        "r2_url": "https://pub-2c783279b61043e19fbdadd1bee5153a.r2.dev/TAP/2015-05-07/Molson%20Coors%20Beverage%20Company_2015-05-07_transcript/Molson%20Coors%20Beverage%20Company_2015-05-07_transcript.pdf/Molson%20Coors%20Beverage%20Company_2015-05-07_transcript.pdf",
        "periodicity": "periodic"
    },
    {
        "equity_ticker": "TAP",
        "geography": "US",
        "content_name": "TAP Q4 2014 Transcript",
        "file_type": "pdf",
        "content_type": "earnings_transcript",
        "published_date": "2015-02-12",
        "fiscal_date": "2015-02-12",
        "fiscal_year": 2014,
        "fiscal_quarter": 4,
        "r2_url": "https://pub-2c783279b61043e19fbdadd1bee5153a.r2.dev/TAP/2015-02-12/Molson%20Coors%20Beverage%20Company_2015-02-12_transcript/Molson%20Coors%20Beverage%20Company_2015-02-12_transcript.pdf/Molson%20Coors%20Beverage%20Company_2015-02-12_transcript.pdf",
        "periodicity": "periodic"
    },
    {
        "equity_ticker": "TAP",
        "geography": "US",
        "content_name": "TAP Q4 2014 Press Release",
        "file_type": "pdf",
        "content_type": "annual_report",
        "published_date": "2015-02-12",
        "fiscal_date": "2015-02-12",
        "fiscal_year": 2014,
        "fiscal_quarter": 4,
        "r2_url": "https://pub-2c783279b61043e19fbdadd1bee5153a.r2.dev/TAP/2015-02-12/6a16d-2023-08-31-02-07-34/6a16d-2023-08-31-02-07-34.pdf/6a16d-2023-08-31-02-07-34.pdf",
        "periodicity": "periodic"
    },
    {
        "equity_ticker": "TAP",
        "geography": "US",
        "content_name": "TAP Q3 2014 Transcript",
        "file_type": "pdf",
        "content_type": "earnings_transcript",
        "published_date": "2014-11-06",
        "fiscal_date": "2014-11-06",
        "fiscal_year": 2014,
        "fiscal_quarter": 3,
        "r2_url": "https://pub-2c783279b61043e19fbdadd1bee5153a.r2.dev/TAP/2014-11-06/Molson%20Coors%20Beverage%20Company_2014-11-06_transcript/Molson%20Coors%20Beverage%20Company_2014-11-06_transcript.pdf/Molson%20Coors%20Beverage%20Company_2014-11-06_transcript.pdf",
        "periodicity": "periodic"
    },
    {
        "equity_ticker": "TAP",
        "geography": "US",
        "content_name": "TAP Q2 2014 Transcript",
        "file_type": "pdf",
        "content_type": "earnings_transcript",
        "published_date": "2014-08-06",
        "fiscal_date": "2014-08-06",
        "fiscal_year": 2014,
        "fiscal_quarter": 2,
        "r2_url": "https://pub-2c783279b61043e19fbdadd1bee5153a.r2.dev/TAP/2014-08-06/Molson%20Coors%20Beverage%20Company_2014-08-06_transcript/Molson%20Coors%20Beverage%20Company_2014-08-06_transcript.pdf/Molson%20Coors%20Beverage%20Company_2014-08-06_transcript.pdf",
        "periodicity": "periodic"
    },
    {
        "equity_ticker": "TAP",
        "geography": "US",
        "content_name": "TAP Q1 2014 Transcript",
        "file_type": "pdf",
        "content_type": "earnings_transcript",
        "published_date": "2014-05-07",
        "fiscal_date": "2014-05-07",
        "fiscal_year": 2014,
        "fiscal_quarter": 1,
        "r2_url": "https://pub-2c783279b61043e19fbdadd1bee5153a.r2.dev/TAP/2014-05-07/Molson%20Coors%20Beverage%20Company_2014-05-07_transcript/Molson%20Coors%20Beverage%20Company_2014-05-07_transcript.pdf/Molson%20Coors%20Beverage%20Company_2014-05-07_transcript.pdf",
        "periodicity": "periodic"
    },
    {
        "equity_ticker": "TAP",
        "geography": "US",
        "content_name": "TAP Q4 2013 Transcript",
        "file_type": "pdf",
        "content_type": "earnings_transcript",
        "published_date": "2014-02-13",
        "fiscal_date": "2014-02-13",
        "fiscal_year": 2013,
        "fiscal_quarter": 4,
        "r2_url": "https://pub-2c783279b61043e19fbdadd1bee5153a.r2.dev/TAP/2014-02-13/Molson%20Coors%20Beverage%20Company_2014-02-13_transcript/Molson%20Coors%20Beverage%20Company_2014-02-13_transcript.pdf/Molson%20Coors%20Beverage%20Company_2014-02-13_transcript.pdf",
        "periodicity": "periodic"
    },
    {
        "equity_ticker": "TAP",
        "geography": "US",
        "content_name": "TAP Q3 2013 Transcript",
        "file_type": "pdf",
        "content_type": "earnings_transcript",
        "published_date": "2013-11-06",
        "fiscal_date": "2013-11-06",
        "fiscal_year": 2013,
        "fiscal_quarter": 3,
        "r2_url": "https://pub-2c783279b61043e19fbdadd1bee5153a.r2.dev/TAP/2013-11-06/Molson%20Coors%20Beverage%20Company_2013-11-06_transcript/Molson%20Coors%20Beverage%20Company_2013-11-06_transcript.pdf/Molson%20Coors%20Beverage%20Company_2013-11-06_transcript.pdf",
        "periodicity": "periodic"
    },
    {
        "equity_ticker": "TAP",
        "geography": "US",
        "content_name": "TAP Q2 2013 Transcript",
        "file_type": "pdf",
        "content_type": "earnings_transcript",
        "published_date": "2013-08-06",
        "fiscal_date": "2013-08-06",
        "fiscal_year": 2013,
        "fiscal_quarter": 2,
        "r2_url": "https://pub-2c783279b61043e19fbdadd1bee5153a.r2.dev/TAP/2013-08-06/Molson%20Coors%20Beverage%20Company_2013-08-06_transcript/Molson%20Coors%20Beverage%20Company_2013-08-06_transcript.pdf/Molson%20Coors%20Beverage%20Company_2013-08-06_transcript.pdf",
        "periodicity": "periodic"
    },
    {
        "equity_ticker": "TAP",
        "geography": "US",
        "content_name": "TAP Q1 2013 Transcript",
        "file_type": "pdf",
        "content_type": "earnings_transcript",
        "published_date": "2013-05-07",
        "fiscal_date": "2013-05-07",
        "fiscal_year": 2013,
        "fiscal_quarter": 1,
        "r2_url": "https://pub-2c783279b61043e19fbdadd1bee5153a.r2.dev/TAP/2013-05-07/Molson%20Coors%20Beverage%20Company_2013-05-07_transcript/Molson%20Coors%20Beverage%20Company_2013-05-07_transcript.pdf/Molson%20Coors%20Beverage%20Company_2013-05-07_transcript.pdf",
        "periodicity": "periodic"
    },
    {
        "equity_ticker": "TAP",
        "geography": "US",
        "content_name": "TAP Q4 2012 Transcript",
        "file_type": "pdf",
        "content_type": "earnings_transcript",
        "published_date": "2013-02-14",
        "fiscal_date": "2013-02-14",
        "fiscal_year": 2012,
        "fiscal_quarter": 4,
        "r2_url": "https://pub-2c783279b61043e19fbdadd1bee5153a.r2.dev/TAP/2013-02-14/Molson%20Coors%20Beverage%20Company_2013-02-14_transcript/Molson%20Coors%20Beverage%20Company_2013-02-14_transcript.pdf/Molson%20Coors%20Beverage%20Company_2013-02-14_transcript.pdf",
        "periodicity": "periodic"
    },
    {
        "equity_ticker": "TAP",
        "geography": "US",
        "content_name": "TAP Q3 2012 Transcript",
        "file_type": "pdf",
        "content_type": "earnings_transcript",
        "published_date": "2012-11-07",
        "fiscal_date": "2012-11-07",
        "fiscal_year": 2012,
        "fiscal_quarter": 3,
        "r2_url": "https://pub-2c783279b61043e19fbdadd1bee5153a.r2.dev/TAP/2012-11-07/Molson%20Coors%20Beverage%20Company_2012-11-07_transcript/Molson%20Coors%20Beverage%20Company_2012-11-07_transcript.pdf/Molson%20Coors%20Beverage%20Company_2012-11-07_transcript.pdf",
        "periodicity": "periodic"
    },
    {
        "equity_ticker": "TAP",
        "geography": "US",
        "content_name": "TAP Q2 2012 Transcript",
        "file_type": "pdf",
        "content_type": "earnings_transcript",
        "published_date": "2012-08-07",
        "fiscal_date": "2012-08-07",
        "fiscal_year": 2012,
        "fiscal_quarter": 2,
        "r2_url": "https://pub-2c783279b61043e19fbdadd1bee5153a.r2.dev/TAP/2012-08-07/Molson%20Coors%20Beverage%20Company_2012-08-07_transcript/Molson%20Coors%20Beverage%20Company_2012-08-07_transcript.pdf/Molson%20Coors%20Beverage%20Company_2012-08-07_transcript.pdf",
        "periodicity": "periodic"
    },
    {
        "equity_ticker": "TAP",
        "geography": "US",
        "content_name": "TAP Q1 2012 Transcript",
        "file_type": "pdf",
        "content_type": "earnings_transcript",
        "published_date": "2012-05-08",
        "fiscal_date": "2012-05-08",
        "fiscal_year": 2012,
        "fiscal_quarter": 1,
        "r2_url": "https://pub-2c783279b61043e19fbdadd1bee5153a.r2.dev/TAP/2012-05-08/Molson%20Coors%20Beverage%20Company_2012-05-08_transcript/Molson%20Coors%20Beverage%20Company_2012-05-08_transcript.pdf/Molson%20Coors%20Beverage%20Company_2012-05-08_transcript.pdf",
        "periodicity": "periodic"
    },
    {
        "equity_ticker": "TAP",
        "geography": "US",
        "content_name": "TAP Q4 2011 Transcript",
        "file_type": "pdf",
        "content_type": "earnings_transcript",
        "published_date": "2012-02-16",
        "fiscal_date": "2012-02-16",
        "fiscal_year": 2011,
        "fiscal_quarter": 4,
        "r2_url": "https://pub-2c783279b61043e19fbdadd1bee5153a.r2.dev/TAP/2012-02-16/Molson%20Coors%20Beverage%20Company_2012-02-16_transcript/Molson%20Coors%20Beverage%20Company_2012-02-16_transcript.pdf/Molson%20Coors%20Beverage%20Company_2012-02-16_transcript.pdf",
        "periodicity": "periodic"
    },
    {
        "equity_ticker": "TAP",
        "geography": "US",
        "content_name": "TAP Q3 2011 Transcript",
        "file_type": "pdf",
        "content_type": "earnings_transcript",
        "published_date": "2011-11-02",
        "fiscal_date": "2011-11-02",
        "fiscal_year": 2011,
        "fiscal_quarter": 3,
        "r2_url": "https://pub-2c783279b61043e19fbdadd1bee5153a.r2.dev/TAP/2011-11-02/Molson%20Coors%20Beverage%20Company_2011-11-02_transcript/Molson%20Coors%20Beverage%20Company_2011-11-02_transcript.pdf/Molson%20Coors%20Beverage%20Company_2011-11-02_transcript.pdf",
        "periodicity": "periodic"
    },
    {
        "equity_ticker": "TAP",
        "geography": "US",
        "content_name": "TAP Q2 2011 Transcript",
        "file_type": "pdf",
        "content_type": "earnings_transcript",
        "published_date": "2011-08-02",
        "fiscal_date": "2011-08-02",
        "fiscal_year": 2011,
        "fiscal_quarter": 2,
        "r2_url": "https://pub-2c783279b61043e19fbdadd1bee5153a.r2.dev/TAP/2011-08-02/Molson%20Coors%20Beverage%20Company_2011-08-02_transcript/Molson%20Coors%20Beverage%20Company_2011-08-02_transcript.pdf/Molson%20Coors%20Beverage%20Company_2011-08-02_transcript.pdf",
        "periodicity": "periodic"
    },
    {
        "equity_ticker": "TAP",
        "geography": "US",
        "content_name": "TAP Q1 2011 Transcript",
        "file_type": "pdf",
        "content_type": "earnings_transcript",
        "published_date": "2011-05-03",
        "fiscal_date": "2011-05-03",
        "fiscal_year": 2011,
        "fiscal_quarter": 1,
        "r2_url": "https://pub-2c783279b61043e19fbdadd1bee5153a.r2.dev/TAP/2011-05-03/Molson%20Coors%20Beverage%20Company_2011-05-03_transcript/Molson%20Coors%20Beverage%20Company_2011-05-03_transcript.pdf/Molson%20Coors%20Beverage%20Company_2011-05-03_transcript.pdf",
        "periodicity": "periodic"
    },
    {
        "equity_ticker": "TAP",
        "geography": "US",
        "content_name": "TAP Q4 2010 Transcript",
        "file_type": "pdf",
        "content_type": "earnings_transcript",
        "published_date": "2011-02-10",
        "fiscal_date": "2011-02-10",
        "fiscal_year": 2010,
        "fiscal_quarter": 4,
        "r2_url": "https://pub-2c783279b61043e19fbdadd1bee5153a.r2.dev/TAP/2011-02-10/Molson%20Coors%20Beverage%20Company_2011-02-10_transcript/Molson%20Coors%20Beverage%20Company_2011-02-10_transcript.pdf/Molson%20Coors%20Beverage%20Company_2011-02-10_transcript.pdf",
        "periodicity": "periodic"
    },
    {
        "equity_ticker": "TAP",
        "geography": "US",
        "content_name": "TAP Q1 2010 Transcript",
        "file_type": "pdf",
        "content_type": "earnings_transcript",
        "published_date": "2010-05-04",
        "fiscal_date": "2010-05-04",
        "fiscal_year": 2010,
        "fiscal_quarter": 1,
        "r2_url": "https://pub-2c783279b61043e19fbdadd1bee5153a.r2.dev/TAP/2010-05-04/Molson%20Coors%20Beverage%20Company_2010-05-04_transcript/Molson%20Coors%20Beverage%20Company_2010-05-04_transcript.pdf/Molson%20Coors%20Beverage%20Company_2010-05-04_transcript.pdf",
        "periodicity": "periodic"
    },
    {
        "equity_ticker": "TAP",
        "geography": "US",
        "content_name": "TAP Q4 2009 Transcript",
        "file_type": "pdf",
        "content_type": "earnings_transcript",
        "published_date": "2010-02-09",
        "fiscal_date": "2010-02-09",
        "fiscal_year": 2009,
        "fiscal_quarter": 4,
        "r2_url": "https://pub-2c783279b61043e19fbdadd1bee5153a.r2.dev/TAP/2010-02-09/Molson%20Coors%20Beverage%20Company_2010-02-09_transcript/Molson%20Coors%20Beverage%20Company_2010-02-09_transcript.pdf/Molson%20Coors%20Beverage%20Company_2010-02-09_transcript.pdf",
        "periodicity": "periodic"
    },
    {
        "equity_ticker": "TAP",
        "geography": "US",
        "content_name": "TAP Q3 2009 Transcript",
        "file_type": "pdf",
        "content_type": "earnings_transcript",
        "published_date": "2009-11-04",
        "fiscal_date": "2009-11-04",
        "fiscal_year": 2009,
        "fiscal_quarter": 3,
        "r2_url": "https://pub-2c783279b61043e19fbdadd1bee5153a.r2.dev/TAP/2009-11-04/Molson%20Coors%20Beverage%20Company_2009-11-04_transcript/Molson%20Coors%20Beverage%20Company_2009-11-04_transcript.pdf/Molson%20Coors%20Beverage%20Company_2009-11-04_transcript.pdf",
        "periodicity": "periodic"
    },
    {
        "equity_ticker": "TAP",
        "geography": "US",
        "content_name": "TAP Q2 2009 Transcript",
        "file_type": "pdf",
        "content_type": "earnings_transcript",
        "published_date": "2009-08-03",
        "fiscal_date": "2009-08-03",
        "fiscal_year": 2009,
        "fiscal_quarter": 2,
        "r2_url": "https://pub-2c783279b61043e19fbdadd1bee5153a.r2.dev/TAP/2009-08-03/Molson%20Coors%20Beverage%20Company_2009-08-03_transcript/Molson%20Coors%20Beverage%20Company_2009-08-03_transcript.pdf/Molson%20Coors%20Beverage%20Company_2009-08-03_transcript.pdf",
        "periodicity": "periodic"
    },
    {
        "equity_ticker": "TAP",
        "geography": "US",
        "content_name": "TAP Q1 2009 Transcript",
        "file_type": "pdf",
        "content_type": "earnings_transcript",
        "published_date": "2009-05-05",
        "fiscal_date": "2009-05-05",
        "fiscal_year": 2009,
        "fiscal_quarter": 1,
        "r2_url": "https://pub-2c783279b61043e19fbdadd1bee5153a.r2.dev/TAP/2009-05-05/Molson%20Coors%20Beverage%20Company_2009-05-05_transcript/Molson%20Coors%20Beverage%20Company_2009-05-05_transcript.pdf/Molson%20Coors%20Beverage%20Company_2009-05-05_transcript.pdf",
        "periodicity": "periodic"
    },
    {
        "equity_ticker": "TAP",
        "geography": "US",
        "content_name": "TAP Q4 2008 Transcript",
        "file_type": "pdf",
        "content_type": "earnings_transcript",
        "published_date": "2009-02-10",
        "fiscal_date": "2009-02-10",
        "fiscal_year": 2008,
        "fiscal_quarter": 4,
        "r2_url": "https://pub-2c783279b61043e19fbdadd1bee5153a.r2.dev/TAP/2009-02-10/Molson%20Coors%20Beverage%20Company_2009-02-10_transcript/Molson%20Coors%20Beverage%20Company_2009-02-10_transcript.pdf/Molson%20Coors%20Beverage%20Company_2009-02-10_transcript.pdf",
        "periodicity": "periodic"
    },
    {
        "equity_ticker": "TAP",
        "geography": "US",
        "content_name": "TAP Q3 2008 Transcript",
        "file_type": "pdf",
        "content_type": "earnings_transcript",
        "published_date": "2008-11-05",
        "fiscal_date": "2008-11-05",
        "fiscal_year": 2008,
        "fiscal_quarter": 3,
        "r2_url": "https://pub-2c783279b61043e19fbdadd1bee5153a.r2.dev/TAP/2008-11-05/Molson%20Coors%20Beverage%20Company_2008-11-05_transcript/Molson%20Coors%20Beverage%20Company_2008-11-05_transcript.pdf/Molson%20Coors%20Beverage%20Company_2008-11-05_transcript.pdf",
        "periodicity": "periodic"
    },
    {
        "equity_ticker": "TAP",
        "geography": "US",
        "content_name": "TAP Q2 2008 Transcript",
        "file_type": "pdf",
        "content_type": "earnings_transcript",
        "published_date": "2008-08-05",
        "fiscal_date": "2008-08-05",
        "fiscal_year": 2008,
        "fiscal_quarter": 2,
        "r2_url": "https://pub-2c783279b61043e19fbdadd1bee5153a.r2.dev/TAP/2008-08-05/Molson%20Coors%20Beverage%20Company_2008-08-05_transcript/Molson%20Coors%20Beverage%20Company_2008-08-05_transcript.pdf/Molson%20Coors%20Beverage%20Company_2008-08-05_transcript.pdf",
        "periodicity": "periodic"
    },
    {
        "equity_ticker": "TAP",
        "geography": "US",
        "content_name": "TAP Q1 2008 Transcript",
        "file_type": "pdf",
        "content_type": "earnings_transcript",
        "published_date": "2008-05-06",
        "fiscal_date": "2008-05-06",
        "fiscal_year": 2008,
        "fiscal_quarter": 1,
        "r2_url": "https://pub-2c783279b61043e19fbdadd1bee5153a.r2.dev/TAP/2008-05-06/Molson%20Coors%20Beverage%20Company_2008-05-06_transcript/Molson%20Coors%20Beverage%20Company_2008-05-06_transcript.pdf/Molson%20Coors%20Beverage%20Company_2008-05-06_transcript.pdf",
        "periodicity": "periodic"
    },
    {
        "equity_ticker": "TAP",
        "geography": "US",
        "content_name": "TAP Q4 2007 Transcript",
        "file_type": "pdf",
        "content_type": "earnings_transcript",
        "published_date": "2008-02-12",
        "fiscal_date": "2008-02-12",
        "fiscal_year": 2007,
        "fiscal_quarter": 4,
        "r2_url": "https://pub-2c783279b61043e19fbdadd1bee5153a.r2.dev/TAP/2008-02-12/Molson%20Coors%20Beverage%20Company_2008-02-12_transcript/Molson%20Coors%20Beverage%20Company_2008-02-12_transcript.pdf/Molson%20Coors%20Beverage%20Company_2008-02-12_transcript.pdf",
        "periodicity": "periodic"
    },
    {
        "equity_ticker": "TAP",
        "geography": "US",
        "content_name": "TAP Q3 2007 Transcript",
        "file_type": "pdf",
        "content_type": "earnings_transcript",
        "published_date": "2007-11-06",
        "fiscal_date": "2007-11-06",
        "fiscal_year": 2007,
        "fiscal_quarter": 3,
        "r2_url": "https://pub-2c783279b61043e19fbdadd1bee5153a.r2.dev/TAP/2007-11-06/Molson%20Coors%20Beverage%20Company_2007-11-06_transcript/Molson%20Coors%20Beverage%20Company_2007-11-06_transcript.pdf/Molson%20Coors%20Beverage%20Company_2007-11-06_transcript.pdf",
        "periodicity": "periodic"
    },
    {
        "equity_ticker": "TAP",
        "geography": "US",
        "content_name": "TAP Q2 2007 Transcript",
        "file_type": "pdf",
        "content_type": "earnings_transcript",
        "published_date": "2007-08-08",
        "fiscal_date": "2007-08-08",
        "fiscal_year": 2007,
        "fiscal_quarter": 2,
        "r2_url": "https://pub-2c783279b61043e19fbdadd1bee5153a.r2.dev/TAP/2007-08-08/Molson%20Coors%20Beverage%20Company_2007-08-08_transcript/Molson%20Coors%20Beverage%20Company_2007-08-08_transcript.pdf/Molson%20Coors%20Beverage%20Company_2007-08-08_transcript.pdf",
        "periodicity": "periodic"
    }
]