[
    {
        "equity_ticker": "TSN",
        "geography": "US",
        "content_name": "TSN Q1 2025 Transcript",
        "file_type": "pdf",
        "content_type": "earnings_transcript",
        "published_date": "2025-02-03",
        "fiscal_date": "2025-02-03",
        "fiscal_year": 2025,
        "fiscal_quarter": 1,
        "r2_url": "https://pub-2c783279b61043e19fbdadd1bee5153a.r2.dev/TSN/2025-02-03/Tyson%20Foods%2C%20Inc._2025-02-03_transcript/Tyson%20Foods%2C%20Inc._2025-02-03_transcript.pdf/Tyson%20Foods%2C%20Inc._2025-02-03_transcript.pdf",
        "periodicity": "periodic"
    },
    {
        "equity_ticker": "TSN",
        "geography": "US",
        "content_name": "TSN Q1 2025 Press Release",
        "file_type": "pdf",
        "content_type": "earnings_press_release",
        "published_date": "2025-02-03",
        "fiscal_date": "2025-02-03",
        "fiscal_year": 2025,
        "fiscal_quarter": 1,
        "r2_url": "https://pub-2c783279b61043e19fbdadd1bee5153a.r2.dev/TSN/2025-02-03/ddcf6-2025-02-03-12-01-34/ddcf6-2025-02-03-12-01-34.pdf/ddcf6-2025-02-03-12-01-34.pdf",
        "periodicity": "periodic"
    },
    {
        "equity_ticker": "TSN",
        "geography": "US",
        "content_name": "TSN Q1 2025 Presentation",
        "file_type": "pdf",
        "content_type": "earnings_presentation",
        "published_date": "2025-02-03",
        "fiscal_date": "2025-02-03",
        "fiscal_year": 2025,
        "fiscal_quarter": 1,
        "r2_url": "https://pub-2c783279b61043e19fbdadd1bee5153a.r2.dev/TSN/2025-02-03/42626-2025-02-03-01-03-02/42626-2025-02-03-01-03-02.pdf/42626-2025-02-03-01-03-02.pdf",
        "periodicity": "periodic"
    },
    {
        "equity_ticker": "TSN",
        "geography": "US",
        "content_name": "TSN Q4 2024 Transcript",
        "file_type": "pdf",
        "content_type": "earnings_transcript",
        "published_date": "2024-11-12",
        "fiscal_date": "2024-11-12",
        "fiscal_year": 2024,
        "fiscal_quarter": 4,
        "r2_url": "https://pub-2c783279b61043e19fbdadd1bee5153a.r2.dev/TSN/2024-11-12/Tyson%20Foods%2C%20Inc._2024-11-12_transcript/Tyson%20Foods%2C%20Inc._2024-11-12_transcript.pdf/Tyson%20Foods%2C%20Inc._2024-11-12_transcript.pdf",
        "periodicity": "periodic"
    },
    {
        "equity_ticker": "TSN",
        "geography": "US",
        "content_name": "TSN Q4 2024 Press Release",
        "file_type": "pdf",
        "content_type": "earnings_press_release",
        "published_date": "2024-11-12",
        "fiscal_date": "2024-11-12",
        "fiscal_year": 2024,
        "fiscal_quarter": 4,
        "r2_url": "https://pub-2c783279b61043e19fbdadd1bee5153a.r2.dev/TSN/2024-11-12/ebc3d-2024-11-12-01-10-17/ebc3d-2024-11-12-01-10-17.pdf/ebc3d-2024-11-12-01-10-17.pdf",
        "periodicity": "periodic"
    },
    {
        "equity_ticker": "TSN",
        "geography": "US",
        "content_name": "TSN Q4 2024 Presentation",
        "file_type": "pdf",
        "content_type": "earnings_presentation",
        "published_date": "2024-11-12",
        "fiscal_date": "2024-11-12",
        "fiscal_year": 2024,
        "fiscal_quarter": 4,
        "r2_url": "https://pub-2c783279b61043e19fbdadd1bee5153a.r2.dev/TSN/2024-11-12/8d861-2024-11-12-01-40-51/8d861-2024-11-12-01-40-51.pdf/8d861-2024-11-12-01-40-51.pdf",
        "periodicity": "periodic"
    },
    {
        "equity_ticker": "TSN",
        "geography": "US",
        "content_name": "Barclays 17th Annual Global Consumer Staples Conference - September 5, 2024",
        "file_type": "pdf",
        "content_type": "sellside_conference_transcript",
        "published_date": "2024-09-05",
        "fiscal_date": "2024-09-05",
        "fiscal_year": 0,
        "fiscal_quarter": 0,
        "r2_url": "https://pub-2c783279b61043e19fbdadd1bee5153a.r2.dev/TSN/2024-09-05/Tyson%20Foods%2C%20Inc._2024-09-05_transcript/Tyson%20Foods%2C%20Inc._2024-09-05_transcript.pdf/Tyson%20Foods%2C%20Inc._2024-09-05_transcript.pdf",
        "periodicity": "non_periodic"
    },
    {
        "equity_ticker": "TSN",
        "geography": "US",
        "content_name": "TSN Q3 2024 Transcript",
        "file_type": "pdf",
        "content_type": "earnings_transcript",
        "published_date": "2024-08-05",
        "fiscal_date": "2024-08-05",
        "fiscal_year": 2024,
        "fiscal_quarter": 3,
        "r2_url": "https://pub-2c783279b61043e19fbdadd1bee5153a.r2.dev/TSN/2024-08-05/Tyson%20Foods%2C%20Inc._2024-08-05_transcript/Tyson%20Foods%2C%20Inc._2024-08-05_transcript.pdf/Tyson%20Foods%2C%20Inc._2024-08-05_transcript.pdf",
        "periodicity": "periodic"
    },
    {
        "equity_ticker": "TSN",
        "geography": "US",
        "content_name": "TSN Q3 2024 Press Release",
        "file_type": "pdf",
        "content_type": "earnings_press_release",
        "published_date": "2024-08-05",
        "fiscal_date": "2024-08-05",
        "fiscal_year": 2024,
        "fiscal_quarter": 3,
        "r2_url": "https://pub-2c783279b61043e19fbdadd1bee5153a.r2.dev/TSN/2024-08-05/654b8-2024-08-05-11-27-35/654b8-2024-08-05-11-27-35.pdf/654b8-2024-08-05-11-27-35.pdf",
        "periodicity": "periodic"
    },
    {
        "equity_ticker": "TSN",
        "geography": "US",
        "content_name": "TSN Q3 2024 Presentation",
        "file_type": "pdf",
        "content_type": "earnings_presentation",
        "published_date": "2024-08-05",
        "fiscal_date": "2024-08-05",
        "fiscal_year": 2024,
        "fiscal_quarter": 3,
        "r2_url": "https://pub-2c783279b61043e19fbdadd1bee5153a.r2.dev/TSN/2024-08-05/0054a-2024-08-05-12-11-13/0054a-2024-08-05-12-11-13.pdf/0054a-2024-08-05-12-11-13.pdf",
        "periodicity": "periodic"
    },
    {
        "equity_ticker": "TSN",
        "geography": "US",
        "content_name": "19th Annual BMO Global Farm to Market Conference - May 15, 2024",
        "file_type": "pdf",
        "content_type": "company_conference_transcript",
        "published_date": "2024-05-15",
        "fiscal_date": "2024-05-15",
        "fiscal_year": 0,
        "fiscal_quarter": 0,
        "r2_url": "https://pub-2c783279b61043e19fbdadd1bee5153a.r2.dev/TSN/2024-05-15/Tyson%20Foods%2C%20Inc._2024-05-15_transcript/Tyson%20Foods%2C%20Inc._2024-05-15_transcript.pdf/Tyson%20Foods%2C%20Inc._2024-05-15_transcript.pdf",
        "periodicity": "non_periodic"
    },
    {
        "equity_ticker": "TSN",
        "geography": "US",
        "content_name": "TSN Q2 2024 Transcript",
        "file_type": "pdf",
        "content_type": "earnings_transcript",
        "published_date": "2024-05-06",
        "fiscal_date": "2024-05-06",
        "fiscal_year": 2024,
        "fiscal_quarter": 2,
        "r2_url": "https://pub-2c783279b61043e19fbdadd1bee5153a.r2.dev/TSN/2024-05-06/Tyson%20Foods%2C%20Inc._2024-05-06_transcript/Tyson%20Foods%2C%20Inc._2024-05-06_transcript.pdf/Tyson%20Foods%2C%20Inc._2024-05-06_transcript.pdf",
        "periodicity": "periodic"
    },
    {
        "equity_ticker": "TSN",
        "geography": "US",
        "content_name": "TSN Q2 2024 Press Release",
        "file_type": "pdf",
        "content_type": "earnings_press_release",
        "published_date": "2024-05-06",
        "fiscal_date": "2024-05-06",
        "fiscal_year": 2024,
        "fiscal_quarter": 2,
        "r2_url": "https://pub-2c783279b61043e19fbdadd1bee5153a.r2.dev/TSN/2024-05-06/0fe63-2024-05-06-11-38-33/0fe63-2024-05-06-11-38-33.pdf/0fe63-2024-05-06-11-38-33.pdf",
        "periodicity": "periodic"
    },
    {
        "equity_ticker": "TSN",
        "geography": "US",
        "content_name": "TSN Q2 2024 Presentation",
        "file_type": "pdf",
        "content_type": "earnings_presentation",
        "published_date": "2024-05-06",
        "fiscal_date": "2024-05-06",
        "fiscal_year": 2024,
        "fiscal_quarter": 2,
        "r2_url": "https://pub-2c783279b61043e19fbdadd1bee5153a.r2.dev/TSN/2024-05-06/b7be2-2024-05-06-11-10-35/b7be2-2024-05-06-11-10-35.pdf/b7be2-2024-05-06-11-10-35.pdf",
        "periodicity": "periodic"
    },
    {
        "equity_ticker": "TSN",
        "geography": "US",
        "content_name": "TSN Q1 2024 Transcript",
        "file_type": "pdf",
        "content_type": "earnings_transcript",
        "published_date": "2024-02-05",
        "fiscal_date": "2024-02-05",
        "fiscal_year": 2024,
        "fiscal_quarter": 1,
        "r2_url": "https://pub-2c783279b61043e19fbdadd1bee5153a.r2.dev/TSN/2024-02-05/Tyson%20Foods%2C%20Inc._2024-02-05_transcript/Tyson%20Foods%2C%20Inc._2024-02-05_transcript.pdf/Tyson%20Foods%2C%20Inc._2024-02-05_transcript.pdf",
        "periodicity": "periodic"
    },
    {
        "equity_ticker": "TSN",
        "geography": "US",
        "content_name": "TSN Q1 2024 Press Release",
        "file_type": "pdf",
        "content_type": "earnings_press_release",
        "published_date": "2024-02-05",
        "fiscal_date": "2024-02-05",
        "fiscal_year": 2024,
        "fiscal_quarter": 1,
        "r2_url": "https://pub-2c783279b61043e19fbdadd1bee5153a.r2.dev/TSN/2024-02-05/009c4-2024-02-05-12-54-33/009c4-2024-02-05-12-54-33.pdf/009c4-2024-02-05-12-54-33.pdf",
        "periodicity": "periodic"
    },
    {
        "equity_ticker": "TSN",
        "geography": "US",
        "content_name": "TSN Q1 2024 Presentation",
        "file_type": "pdf",
        "content_type": "earnings_presentation",
        "published_date": "2024-02-05",
        "fiscal_date": "2024-02-05",
        "fiscal_year": 2024,
        "fiscal_quarter": 1,
        "r2_url": "https://pub-2c783279b61043e19fbdadd1bee5153a.r2.dev/TSN/2024-02-05/2a0b9-2024-02-05-12-29-34/2a0b9-2024-02-05-12-29-34.pdf/2a0b9-2024-02-05-12-29-34.pdf",
        "periodicity": "periodic"
    },
    {
        "equity_ticker": "TSN",
        "geography": "US",
        "content_name": "TSN Q4 2023 Transcript",
        "file_type": "pdf",
        "content_type": "earnings_transcript",
        "published_date": "2023-11-13",
        "fiscal_date": "2023-11-13",
        "fiscal_year": 2023,
        "fiscal_quarter": 4,
        "r2_url": "https://pub-2c783279b61043e19fbdadd1bee5153a.r2.dev/TSN/2023-11-13/Tyson%20Foods%2C%20Inc._2023-11-13_transcript/Tyson%20Foods%2C%20Inc._2023-11-13_transcript.pdf/Tyson%20Foods%2C%20Inc._2023-11-13_transcript.pdf",
        "periodicity": "periodic"
    },
    {
        "equity_ticker": "TSN",
        "geography": "US",
        "content_name": "TSN Q4 2023 Press Release",
        "file_type": "pdf",
        "content_type": "earnings_press_release",
        "published_date": "2023-11-13",
        "fiscal_date": "2023-11-13",
        "fiscal_year": 2023,
        "fiscal_quarter": 4,
        "r2_url": "https://pub-2c783279b61043e19fbdadd1bee5153a.r2.dev/TSN/2023-11-13/70624-2023-11-13-12-21-35/70624-2023-11-13-12-21-35.pdf/70624-2023-11-13-12-21-35.pdf",
        "periodicity": "periodic"
    },
    {
        "equity_ticker": "TSN",
        "geography": "US",
        "content_name": "TSN Q4 2023 Presentation",
        "file_type": "pdf",
        "content_type": "earnings_presentation",
        "published_date": "2023-11-13",
        "fiscal_date": "2023-11-13",
        "fiscal_year": 2023,
        "fiscal_quarter": 4,
        "r2_url": "https://pub-2c783279b61043e19fbdadd1bee5153a.r2.dev/TSN/2023-11-13/e6300-2023-11-13-06-47-24/e6300-2023-11-13-06-47-24.pdf/e6300-2023-11-13-06-47-24.pdf",
        "periodicity": "periodic"
    },
    {
        "equity_ticker": "TSN",
        "geography": "US",
        "content_name": "Barclays Global Consumer Staples Conference - September 7, 2023",
        "file_type": "pdf",
        "content_type": "sellside_conference_transcript",
        "published_date": "2023-09-07",
        "fiscal_date": "2023-09-07",
        "fiscal_year": 0,
        "fiscal_quarter": 0,
        "r2_url": "https://pub-2c783279b61043e19fbdadd1bee5153a.r2.dev/TSN/2023-09-07/Tyson%20Foods%2C%20Inc._2023-09-07_transcript/Tyson%20Foods%2C%20Inc._2023-09-07_transcript.pdf/Tyson%20Foods%2C%20Inc._2023-09-07_transcript.pdf",
        "periodicity": "non_periodic"
    },
    {
        "equity_ticker": "TSN",
        "geography": "US",
        "content_name": "TSN Q3 2023 Transcript",
        "file_type": "pdf",
        "content_type": "earnings_transcript",
        "published_date": "2023-08-07",
        "fiscal_date": "2023-08-07",
        "fiscal_year": 2023,
        "fiscal_quarter": 3,
        "r2_url": "https://pub-2c783279b61043e19fbdadd1bee5153a.r2.dev/TSN/2023-08-07/Tyson%20Foods%2C%20Inc._2023-08-07_transcript/Tyson%20Foods%2C%20Inc._2023-08-07_transcript.pdf/Tyson%20Foods%2C%20Inc._2023-08-07_transcript.pdf",
        "periodicity": "periodic"
    },
    {
        "equity_ticker": "TSN",
        "geography": "US",
        "content_name": "TSN Q3 2023 Press Release",
        "file_type": "pdf",
        "content_type": "earnings_press_release",
        "published_date": "2023-08-07",
        "fiscal_date": "2023-08-07",
        "fiscal_year": 2023,
        "fiscal_quarter": 3,
        "r2_url": "https://pub-2c783279b61043e19fbdadd1bee5153a.r2.dev/TSN/2023-08-07/24ae8-2023-08-07-11-30-33/24ae8-2023-08-07-11-30-33.pdf/24ae8-2023-08-07-11-30-33.pdf",
        "periodicity": "periodic"
    },
    {
        "equity_ticker": "TSN",
        "geography": "US",
        "content_name": "TSN Q3 2023 Presentation",
        "file_type": "pdf",
        "content_type": "earnings_presentation",
        "published_date": "2023-08-07",
        "fiscal_date": "2023-08-07",
        "fiscal_year": 2023,
        "fiscal_quarter": 3,
        "r2_url": "https://pub-2c783279b61043e19fbdadd1bee5153a.r2.dev/TSN/2023-08-07/09995-2023-08-07-11-12-53/09995-2023-08-07-11-12-53.pdf/09995-2023-08-07-11-12-53.pdf",
        "periodicity": "periodic"
    },
    {
        "equity_ticker": "TSN",
        "geography": "US",
        "content_name": "TSN Q2 2023 Transcript",
        "file_type": "pdf",
        "content_type": "earnings_transcript",
        "published_date": "2023-05-08",
        "fiscal_date": "2023-05-08",
        "fiscal_year": 2023,
        "fiscal_quarter": 2,
        "r2_url": "https://pub-2c783279b61043e19fbdadd1bee5153a.r2.dev/TSN/2023-05-08/Tyson%20Foods%2C%20Inc._2023-05-08_transcript/Tyson%20Foods%2C%20Inc._2023-05-08_transcript.pdf/Tyson%20Foods%2C%20Inc._2023-05-08_transcript.pdf",
        "periodicity": "periodic"
    },
    {
        "equity_ticker": "TSN",
        "geography": "US",
        "content_name": "TSN Q2 2023 Press Release",
        "file_type": "pdf",
        "content_type": "earnings_press_release",
        "published_date": "2023-05-08",
        "fiscal_date": "2023-05-08",
        "fiscal_year": 2023,
        "fiscal_quarter": 2,
        "r2_url": "https://pub-2c783279b61043e19fbdadd1bee5153a.r2.dev/TSN/2023-05-08/a711d-2023-05-08-11-18-04/a711d-2023-05-08-11-18-04.pdf/a711d-2023-05-08-11-18-04.pdf",
        "periodicity": "periodic"
    },
    {
        "equity_ticker": "TSN",
        "geography": "US",
        "content_name": "TSN Q2 2023 Presentation",
        "file_type": "pdf",
        "content_type": "earnings_presentation",
        "published_date": "2023-05-08",
        "fiscal_date": "2023-05-08",
        "fiscal_year": 2023,
        "fiscal_quarter": 2,
        "r2_url": "https://pub-2c783279b61043e19fbdadd1bee5153a.r2.dev/TSN/2023-05-08/f8a4f-2023-05-08-11-18-04/f8a4f-2023-05-08-11-18-04.pdf/f8a4f-2023-05-08-11-18-04.pdf",
        "periodicity": "periodic"
    },
    {
        "equity_ticker": "TSN",
        "geography": "US",
        "content_name": "TSN Q1 2023 Transcript",
        "file_type": "pdf",
        "content_type": "earnings_transcript",
        "published_date": "2023-02-06",
        "fiscal_date": "2023-02-06",
        "fiscal_year": 2023,
        "fiscal_quarter": 1,
        "r2_url": "https://pub-2c783279b61043e19fbdadd1bee5153a.r2.dev/TSN/2023-02-06/Tyson%20Foods%2C%20Inc._2023-02-06_transcript/Tyson%20Foods%2C%20Inc._2023-02-06_transcript.pdf/Tyson%20Foods%2C%20Inc._2023-02-06_transcript.pdf",
        "periodicity": "periodic"
    },
    {
        "equity_ticker": "TSN",
        "geography": "US",
        "content_name": "TSN Q1 2023 Press Release",
        "file_type": "pdf",
        "content_type": "earnings_press_release",
        "published_date": "2023-02-06",
        "fiscal_date": "2023-02-06",
        "fiscal_year": 2023,
        "fiscal_quarter": 1,
        "r2_url": "https://pub-2c783279b61043e19fbdadd1bee5153a.r2.dev/TSN/2023-02-06/e9738-2023-02-06-12-24-05/e9738-2023-02-06-12-24-05.pdf/e9738-2023-02-06-12-24-05.pdf",
        "periodicity": "periodic"
    },
    {
        "equity_ticker": "TSN",
        "geography": "US",
        "content_name": "TSN Q1 2023 Presentation",
        "file_type": "pdf",
        "content_type": "earnings_presentation",
        "published_date": "2023-02-06",
        "fiscal_date": "2023-02-06",
        "fiscal_year": 2023,
        "fiscal_quarter": 1,
        "r2_url": "https://pub-2c783279b61043e19fbdadd1bee5153a.r2.dev/TSN/2023-02-06/ed2d3-2023-02-06-12-25-05/ed2d3-2023-02-06-12-25-05.pdf/ed2d3-2023-02-06-12-25-05.pdf",
        "periodicity": "periodic"
    },
    {
        "equity_ticker": "TSN",
        "geography": "US",
        "content_name": "TSN Q4 2022 Transcript",
        "file_type": "pdf",
        "content_type": "earnings_transcript",
        "published_date": "2022-11-14",
        "fiscal_date": "2022-11-14",
        "fiscal_year": 2022,
        "fiscal_quarter": 4,
        "r2_url": "https://pub-2c783279b61043e19fbdadd1bee5153a.r2.dev/TSN/2022-11-14/Tyson%20Foods%2C%20Inc._2022-11-14_transcript/Tyson%20Foods%2C%20Inc._2022-11-14_transcript.pdf/Tyson%20Foods%2C%20Inc._2022-11-14_transcript.pdf",
        "periodicity": "periodic"
    },
    {
        "equity_ticker": "TSN",
        "geography": "US",
        "content_name": "TSN Q4 2022 Press Release",
        "file_type": "pdf",
        "content_type": "earnings_press_release",
        "published_date": "2022-11-14",
        "fiscal_date": "2022-11-14",
        "fiscal_year": 2022,
        "fiscal_quarter": 4,
        "r2_url": "https://pub-2c783279b61043e19fbdadd1bee5153a.r2.dev/TSN/2022-11-14/7506d-2022-11-14-12-40-17/7506d-2022-11-14-12-40-17.pdf/7506d-2022-11-14-12-40-17.pdf",
        "periodicity": "periodic"
    },
    {
        "equity_ticker": "TSN",
        "geography": "US",
        "content_name": "TSN Q4 2022 Presentation",
        "file_type": "pdf",
        "content_type": "earnings_presentation",
        "published_date": "2022-11-14",
        "fiscal_date": "2022-11-14",
        "fiscal_year": 2022,
        "fiscal_quarter": 4,
        "r2_url": "https://pub-2c783279b61043e19fbdadd1bee5153a.r2.dev/TSN/2022-11-14/ab1ed-2022-11-14-12-42-17/ab1ed-2022-11-14-12-42-17.pdf/ab1ed-2022-11-14-12-42-17.pdf",
        "periodicity": "periodic"
    },
    {
        "equity_ticker": "TSN",
        "geography": "US",
        "content_name": "TSN Q3 2022 Transcript",
        "file_type": "pdf",
        "content_type": "earnings_transcript",
        "published_date": "2022-08-08",
        "fiscal_date": "2022-08-08",
        "fiscal_year": 2022,
        "fiscal_quarter": 3,
        "r2_url": "https://pub-2c783279b61043e19fbdadd1bee5153a.r2.dev/TSN/2022-08-08/Tyson%20Foods%2C%20Inc._2022-08-08_transcript/Tyson%20Foods%2C%20Inc._2022-08-08_transcript.pdf/Tyson%20Foods%2C%20Inc._2022-08-08_transcript.pdf",
        "periodicity": "periodic"
    },
    {
        "equity_ticker": "TSN",
        "geography": "US",
        "content_name": "TSN Q3 2022 Press Release",
        "file_type": "pdf",
        "content_type": "earnings_press_release",
        "published_date": "2022-08-08",
        "fiscal_date": "2022-08-08",
        "fiscal_year": 2022,
        "fiscal_quarter": 3,
        "r2_url": "https://pub-2c783279b61043e19fbdadd1bee5153a.r2.dev/TSN/2022-08-08/fd88b-2022-08-08-11-28-58/fd88b-2022-08-08-11-28-58.pdf/fd88b-2022-08-08-11-28-58.pdf",
        "periodicity": "periodic"
    },
    {
        "equity_ticker": "TSN",
        "geography": "US",
        "content_name": "TSN Q3 2022 Presentation",
        "file_type": "pdf",
        "content_type": "earnings_presentation",
        "published_date": "2022-08-08",
        "fiscal_date": "2022-08-08",
        "fiscal_year": 2022,
        "fiscal_quarter": 3,
        "r2_url": "https://pub-2c783279b61043e19fbdadd1bee5153a.r2.dev/TSN/2022-08-08/c5319-2022-08-08-11-33-58/c5319-2022-08-08-11-33-58.pdf/c5319-2022-08-08-11-33-58.pdf",
        "periodicity": "periodic"
    },
    {
        "equity_ticker": "TSN",
        "geography": "US",
        "content_name": "TSN Q2 2022 Transcript",
        "file_type": "pdf",
        "content_type": "earnings_transcript",
        "published_date": "2022-05-09",
        "fiscal_date": "2022-05-09",
        "fiscal_year": 2022,
        "fiscal_quarter": 2,
        "r2_url": "https://pub-2c783279b61043e19fbdadd1bee5153a.r2.dev/TSN/2022-05-09/Tyson%20Foods%2C%20Inc._2022-05-09_transcript/Tyson%20Foods%2C%20Inc._2022-05-09_transcript.pdf/Tyson%20Foods%2C%20Inc._2022-05-09_transcript.pdf",
        "periodicity": "periodic"
    },
    {
        "equity_ticker": "TSN",
        "geography": "US",
        "content_name": "TSN Q2 2022 Press Release",
        "file_type": "pdf",
        "content_type": "quarterly_report",
        "published_date": "2022-05-09",
        "fiscal_date": "2022-05-09",
        "fiscal_year": 2022,
        "fiscal_quarter": 2,
        "r2_url": "https://pub-2c783279b61043e19fbdadd1bee5153a.r2.dev/TSN/2022-05-09/7d856-2024-08-29-08-45-28/7d856-2024-08-29-08-45-28.pdf/7d856-2024-08-29-08-45-28.pdf",
        "periodicity": "periodic"
    },
    {
        "equity_ticker": "TSN",
        "geography": "US",
        "content_name": "TSN Q2 2022 Presentation",
        "file_type": "pdf",
        "content_type": "earnings_presentation",
        "published_date": "2022-05-09",
        "fiscal_date": "2022-05-09",
        "fiscal_year": 2022,
        "fiscal_quarter": 2,
        "r2_url": "https://pub-2c783279b61043e19fbdadd1bee5153a.r2.dev/TSN/2022-05-09/d841a-2022-05-09-08-38-43-migrated/d841a-2022-05-09-08-38-43-migrated.pdf/d841a-2022-05-09-08-38-43-migrated.pdf",
        "periodicity": "periodic"
    },
    {
        "equity_ticker": "TSN",
        "geography": "US",
        "content_name": "TSN Q1 2022 Transcript",
        "file_type": "pdf",
        "content_type": "earnings_transcript",
        "published_date": "2022-02-07",
        "fiscal_date": "2022-02-07",
        "fiscal_year": 2022,
        "fiscal_quarter": 1,
        "r2_url": "https://pub-2c783279b61043e19fbdadd1bee5153a.r2.dev/TSN/2022-02-07/Tyson%20Foods%2C%20Inc._2022-02-07_transcript/Tyson%20Foods%2C%20Inc._2022-02-07_transcript.pdf/Tyson%20Foods%2C%20Inc._2022-02-07_transcript.pdf",
        "periodicity": "periodic"
    },
    {
        "equity_ticker": "TSN",
        "geography": "US",
        "content_name": "TSN Q1 2022 Press Release",
        "file_type": "pdf",
        "content_type": "earnings_press_release",
        "published_date": "2022-02-07",
        "fiscal_date": "2022-02-07",
        "fiscal_year": 2022,
        "fiscal_quarter": 1,
        "r2_url": "https://pub-2c783279b61043e19fbdadd1bee5153a.r2.dev/TSN/2022-02-07/97650-2023-01-25-12-52-23/97650-2023-01-25-12-52-23.pdf/97650-2023-01-25-12-52-23.pdf",
        "periodicity": "periodic"
    },
    {
        "equity_ticker": "TSN",
        "geography": "US",
        "content_name": "TSN Q1 2022 Presentation",
        "file_type": "pdf",
        "content_type": "earnings_presentation",
        "published_date": "2022-02-07",
        "fiscal_date": "2022-02-07",
        "fiscal_year": 2022,
        "fiscal_quarter": 1,
        "r2_url": "https://pub-2c783279b61043e19fbdadd1bee5153a.r2.dev/TSN/2022-02-07/584c1-2022-02-07-08-40-32-migrated/584c1-2022-02-07-08-40-32-migrated.pdf/584c1-2022-02-07-08-40-32-migrated.pdf",
        "periodicity": "periodic"
    },
    {
        "equity_ticker": "TSN",
        "geography": "US",
        "content_name": "Investor Day 2021 - December 9, 2021",
        "file_type": "pdf",
        "content_type": "company_conference_transcript",
        "published_date": "2021-12-09",
        "fiscal_date": "2021-12-09",
        "fiscal_year": 0,
        "fiscal_quarter": 0,
        "r2_url": "https://pub-2c783279b61043e19fbdadd1bee5153a.r2.dev/TSN/2021-12-09/Tyson%20Foods%2C%20Inc._2021-12-09_transcript/Tyson%20Foods%2C%20Inc._2021-12-09_transcript.pdf/Tyson%20Foods%2C%20Inc._2021-12-09_transcript.pdf",
        "periodicity": "non_periodic"
    },
    {
        "equity_ticker": "TSN",
        "geography": "US",
        "content_name": "TSN Q4 2021 Transcript",
        "file_type": "pdf",
        "content_type": "earnings_transcript",
        "published_date": "2021-11-15",
        "fiscal_date": "2021-11-15",
        "fiscal_year": 2021,
        "fiscal_quarter": 4,
        "r2_url": "https://pub-2c783279b61043e19fbdadd1bee5153a.r2.dev/TSN/2021-11-15/Tyson%20Foods%2C%20Inc._2021-11-15_transcript/Tyson%20Foods%2C%20Inc._2021-11-15_transcript.pdf/Tyson%20Foods%2C%20Inc._2021-11-15_transcript.pdf",
        "periodicity": "periodic"
    },
    {
        "equity_ticker": "TSN",
        "geography": "US",
        "content_name": "TSN Q4 2021 Press Release",
        "file_type": "pdf",
        "content_type": "earnings_press_release",
        "published_date": "2021-11-15",
        "fiscal_date": "2021-11-15",
        "fiscal_year": 2021,
        "fiscal_quarter": 4,
        "r2_url": "https://pub-2c783279b61043e19fbdadd1bee5153a.r2.dev/TSN/2021-11-15/acf90-2025-03-08-01-01-36/acf90-2025-03-08-01-01-36.pdf/acf90-2025-03-08-01-01-36.pdf",
        "periodicity": "periodic"
    },
    {
        "equity_ticker": "TSN",
        "geography": "US",
        "content_name": "TSN Q4 2021 Presentation",
        "file_type": "pdf",
        "content_type": "earnings_presentation",
        "published_date": "2021-11-15",
        "fiscal_date": "2021-11-15",
        "fiscal_year": 2021,
        "fiscal_quarter": 4,
        "r2_url": "https://pub-2c783279b61043e19fbdadd1bee5153a.r2.dev/TSN/2021-11-15/1fce5-2021-11-15-12-00-00-migrated/1fce5-2021-11-15-12-00-00-migrated.pdf/1fce5-2021-11-15-12-00-00-migrated.pdf",
        "periodicity": "periodic"
    },
    {
        "equity_ticker": "TSN",
        "geography": "US",
        "content_name": "TSN Q3 2021 Transcript",
        "file_type": "pdf",
        "content_type": "earnings_transcript",
        "published_date": "2021-08-09",
        "fiscal_date": "2021-08-09",
        "fiscal_year": 2021,
        "fiscal_quarter": 3,
        "r2_url": "https://pub-2c783279b61043e19fbdadd1bee5153a.r2.dev/TSN/2021-08-09/Tyson%20Foods%2C%20Inc._2021-08-09_transcript/Tyson%20Foods%2C%20Inc._2021-08-09_transcript.pdf/Tyson%20Foods%2C%20Inc._2021-08-09_transcript.pdf",
        "periodicity": "periodic"
    },
    {
        "equity_ticker": "TSN",
        "geography": "US",
        "content_name": "TSN Q3 2021 Press Release",
        "file_type": "pdf",
        "content_type": "earnings_press_release",
        "published_date": "2021-08-09",
        "fiscal_date": "2021-08-09",
        "fiscal_year": 2021,
        "fiscal_quarter": 3,
        "r2_url": "https://pub-2c783279b61043e19fbdadd1bee5153a.r2.dev/TSN/2021-08-09/623e6-2023-01-25-09-10-58/623e6-2023-01-25-09-10-58.pdf/623e6-2023-01-25-09-10-58.pdf",
        "periodicity": "periodic"
    },
    {
        "equity_ticker": "TSN",
        "geography": "US",
        "content_name": "TSN Q3 2021 Presentation",
        "file_type": "pdf",
        "content_type": "earnings_presentation",
        "published_date": "2021-08-09",
        "fiscal_date": "2021-08-09",
        "fiscal_year": 2021,
        "fiscal_quarter": 3,
        "r2_url": "https://pub-2c783279b61043e19fbdadd1bee5153a.r2.dev/TSN/2021-08-09/eaa2c-2021-08-09-02-00-11-migrated/eaa2c-2021-08-09-02-00-11-migrated.pdf/eaa2c-2021-08-09-02-00-11-migrated.pdf",
        "periodicity": "periodic"
    },
    {
        "equity_ticker": "TSN",
        "geography": "US",
        "content_name": "TSN Q2 2021 Transcript",
        "file_type": "pdf",
        "content_type": "earnings_transcript",
        "published_date": "2021-05-10",
        "fiscal_date": "2021-05-10",
        "fiscal_year": 2021,
        "fiscal_quarter": 2,
        "r2_url": "https://pub-2c783279b61043e19fbdadd1bee5153a.r2.dev/TSN/2021-05-10/Tyson%20Foods%2C%20Inc._2021-05-10_transcript/Tyson%20Foods%2C%20Inc._2021-05-10_transcript.pdf/Tyson%20Foods%2C%20Inc._2021-05-10_transcript.pdf",
        "periodicity": "periodic"
    },
    {
        "equity_ticker": "TSN",
        "geography": "US",
        "content_name": "TSN Q2 2021 Press Release",
        "file_type": "pdf",
        "content_type": "earnings_press_release",
        "published_date": "2021-05-10",
        "fiscal_date": "2021-05-10",
        "fiscal_year": 2021,
        "fiscal_quarter": 2,
        "r2_url": "https://pub-2c783279b61043e19fbdadd1bee5153a.r2.dev/TSN/2021-05-10/04bd4-2023-01-25-10-47-15/04bd4-2023-01-25-10-47-15.pdf/04bd4-2023-01-25-10-47-15.pdf",
        "periodicity": "periodic"
    },
    {
        "equity_ticker": "TSN",
        "geography": "US",
        "content_name": "TSN Q1 2021 Transcript",
        "file_type": "pdf",
        "content_type": "earnings_transcript",
        "published_date": "2021-02-11",
        "fiscal_date": "2021-02-11",
        "fiscal_year": 2021,
        "fiscal_quarter": 1,
        "r2_url": "https://pub-2c783279b61043e19fbdadd1bee5153a.r2.dev/TSN/2021-02-11/Tyson%20Foods%2C%20Inc._2021-02-11_transcript/Tyson%20Foods%2C%20Inc._2021-02-11_transcript.pdf/Tyson%20Foods%2C%20Inc._2021-02-11_transcript.pdf",
        "periodicity": "periodic"
    },
    {
        "equity_ticker": "TSN",
        "geography": "US",
        "content_name": "TSN Q4 2020 Transcript",
        "file_type": "pdf",
        "content_type": "earnings_transcript",
        "published_date": "2020-11-16",
        "fiscal_date": "2020-11-16",
        "fiscal_year": 2020,
        "fiscal_quarter": 4,
        "r2_url": "https://pub-2c783279b61043e19fbdadd1bee5153a.r2.dev/TSN/2020-11-16/Tyson%20Foods%2C%20Inc._2020-11-16_transcript/Tyson%20Foods%2C%20Inc._2020-11-16_transcript.pdf/Tyson%20Foods%2C%20Inc._2020-11-16_transcript.pdf",
        "periodicity": "periodic"
    },
    {
        "equity_ticker": "TSN",
        "geography": "US",
        "content_name": "TSN Q4 2020 Press Release",
        "file_type": "pdf",
        "content_type": "annual_report",
        "published_date": "2020-11-16",
        "fiscal_date": "2020-11-16",
        "fiscal_year": 2020,
        "fiscal_quarter": 4,
        "r2_url": "https://pub-2c783279b61043e19fbdadd1bee5153a.r2.dev/TSN/2020-11-16/28e77-2023-09-05-07-03-52/28e77-2023-09-05-07-03-52.pdf/28e77-2023-09-05-07-03-52.pdf",
        "periodicity": "periodic"
    },
    {
        "equity_ticker": "TSN",
        "geography": "US",
        "content_name": "TSN Q3 2020 Transcript",
        "file_type": "pdf",
        "content_type": "earnings_transcript",
        "published_date": "2020-08-03",
        "fiscal_date": "2020-08-03",
        "fiscal_year": 2020,
        "fiscal_quarter": 3,
        "r2_url": "https://pub-2c783279b61043e19fbdadd1bee5153a.r2.dev/TSN/2020-08-03/Tyson%20Foods%2C%20Inc._2020-08-03_transcript/Tyson%20Foods%2C%20Inc._2020-08-03_transcript.pdf/Tyson%20Foods%2C%20Inc._2020-08-03_transcript.pdf",
        "periodicity": "periodic"
    },
    {
        "equity_ticker": "TSN",
        "geography": "US",
        "content_name": "TSN Q2 2020 Transcript",
        "file_type": "pdf",
        "content_type": "earnings_transcript",
        "published_date": "2020-05-04",
        "fiscal_date": "2020-05-04",
        "fiscal_year": 2020,
        "fiscal_quarter": 2,
        "r2_url": "https://pub-2c783279b61043e19fbdadd1bee5153a.r2.dev/TSN/2020-05-04/Tyson%20Foods%2C%20Inc._2020-05-04_transcript/Tyson%20Foods%2C%20Inc._2020-05-04_transcript.pdf/Tyson%20Foods%2C%20Inc._2020-05-04_transcript.pdf",
        "periodicity": "periodic"
    },
    {
        "equity_ticker": "TSN",
        "geography": "US",
        "content_name": "TSN Q1 2020 Transcript",
        "file_type": "pdf",
        "content_type": "earnings_transcript",
        "published_date": "2020-02-06",
        "fiscal_date": "2020-02-06",
        "fiscal_year": 2020,
        "fiscal_quarter": 1,
        "r2_url": "https://pub-2c783279b61043e19fbdadd1bee5153a.r2.dev/TSN/2020-02-06/Tyson%20Foods%2C%20Inc._2020-02-06_transcript/Tyson%20Foods%2C%20Inc._2020-02-06_transcript.pdf/Tyson%20Foods%2C%20Inc._2020-02-06_transcript.pdf",
        "periodicity": "periodic"
    },
    {
        "equity_ticker": "TSN",
        "geography": "US",
        "content_name": "TSN Q4 2019 Transcript",
        "file_type": "pdf",
        "content_type": "earnings_transcript",
        "published_date": "2019-11-12",
        "fiscal_date": "2019-11-12",
        "fiscal_year": 2019,
        "fiscal_quarter": 4,
        "r2_url": "https://pub-2c783279b61043e19fbdadd1bee5153a.r2.dev/TSN/2019-11-12/Tyson%20Foods%2C%20Inc._2019-11-12_transcript/Tyson%20Foods%2C%20Inc._2019-11-12_transcript.pdf/Tyson%20Foods%2C%20Inc._2019-11-12_transcript.pdf",
        "periodicity": "periodic"
    },
    {
        "equity_ticker": "TSN",
        "geography": "US",
        "content_name": "TSN Q4 2019 Press Release",
        "file_type": "pdf",
        "content_type": "annual_report",
        "published_date": "2019-11-12",
        "fiscal_date": "2019-11-12",
        "fiscal_year": 2019,
        "fiscal_quarter": 4,
        "r2_url": "https://pub-2c783279b61043e19fbdadd1bee5153a.r2.dev/TSN/2019-11-12/ddde1-2023-09-05-07-19-52/ddde1-2023-09-05-07-19-52.pdf/ddde1-2023-09-05-07-19-52.pdf",
        "periodicity": "periodic"
    },
    {
        "equity_ticker": "TSN",
        "geography": "US",
        "content_name": "TSN Q3 2019 Transcript",
        "file_type": "pdf",
        "content_type": "earnings_transcript",
        "published_date": "2019-08-05",
        "fiscal_date": "2019-08-05",
        "fiscal_year": 2019,
        "fiscal_quarter": 3,
        "r2_url": "https://pub-2c783279b61043e19fbdadd1bee5153a.r2.dev/TSN/2019-08-05/Tyson%20Foods%2C%20Inc._2019-08-05_transcript/Tyson%20Foods%2C%20Inc._2019-08-05_transcript.pdf/Tyson%20Foods%2C%20Inc._2019-08-05_transcript.pdf",
        "periodicity": "periodic"
    },
    {
        "equity_ticker": "TSN",
        "geography": "US",
        "content_name": "TSN Q2 2019 Transcript",
        "file_type": "pdf",
        "content_type": "earnings_transcript",
        "published_date": "2019-05-06",
        "fiscal_date": "2019-05-06",
        "fiscal_year": 2019,
        "fiscal_quarter": 2,
        "r2_url": "https://pub-2c783279b61043e19fbdadd1bee5153a.r2.dev/TSN/2019-05-06/Tyson%20Foods%2C%20Inc._2019-05-06_transcript/Tyson%20Foods%2C%20Inc._2019-05-06_transcript.pdf/Tyson%20Foods%2C%20Inc._2019-05-06_transcript.pdf",
        "periodicity": "periodic"
    },
    {
        "equity_ticker": "TSN",
        "geography": "US",
        "content_name": "TSN Q1 2019 Transcript",
        "file_type": "pdf",
        "content_type": "earnings_transcript",
        "published_date": "2019-02-07",
        "fiscal_date": "2019-02-07",
        "fiscal_year": 2019,
        "fiscal_quarter": 1,
        "r2_url": "https://pub-2c783279b61043e19fbdadd1bee5153a.r2.dev/TSN/2019-02-07/Tyson%20Foods%2C%20Inc._2019-02-07_transcript/Tyson%20Foods%2C%20Inc._2019-02-07_transcript.pdf/Tyson%20Foods%2C%20Inc._2019-02-07_transcript.pdf",
        "periodicity": "periodic"
    },
    {
        "equity_ticker": "TSN",
        "geography": "US",
        "content_name": "TSN Q4 2018 Transcript",
        "file_type": "pdf",
        "content_type": "earnings_transcript",
        "published_date": "2018-11-13",
        "fiscal_date": "2018-11-13",
        "fiscal_year": 2018,
        "fiscal_quarter": 4,
        "r2_url": "https://pub-2c783279b61043e19fbdadd1bee5153a.r2.dev/TSN/2018-11-13/Tyson%20Foods%2C%20Inc._2018-11-13_transcript/Tyson%20Foods%2C%20Inc._2018-11-13_transcript.pdf/Tyson%20Foods%2C%20Inc._2018-11-13_transcript.pdf",
        "periodicity": "periodic"
    },
    {
        "equity_ticker": "TSN",
        "geography": "US",
        "content_name": "TSN Q4 2018 Press Release",
        "file_type": "pdf",
        "content_type": "annual_report",
        "published_date": "2018-11-13",
        "fiscal_date": "2018-11-13",
        "fiscal_year": 2018,
        "fiscal_quarter": 4,
        "r2_url": "https://pub-2c783279b61043e19fbdadd1bee5153a.r2.dev/TSN/2018-11-13/bb405-2023-09-05-07-33-52/bb405-2023-09-05-07-33-52.pdf/bb405-2023-09-05-07-33-52.pdf",
        "periodicity": "periodic"
    },
    {
        "equity_ticker": "TSN",
        "geography": "US",
        "content_name": "TSN Q3 2018 Transcript",
        "file_type": "pdf",
        "content_type": "earnings_transcript",
        "published_date": "2018-08-06",
        "fiscal_date": "2018-08-06",
        "fiscal_year": 2018,
        "fiscal_quarter": 3,
        "r2_url": "https://pub-2c783279b61043e19fbdadd1bee5153a.r2.dev/TSN/2018-08-06/Tyson%20Foods%2C%20Inc._2018-08-06_transcript/Tyson%20Foods%2C%20Inc._2018-08-06_transcript.pdf/Tyson%20Foods%2C%20Inc._2018-08-06_transcript.pdf",
        "periodicity": "periodic"
    },
    {
        "equity_ticker": "TSN",
        "geography": "US",
        "content_name": "TSN Q2 2018 Transcript",
        "file_type": "pdf",
        "content_type": "earnings_transcript",
        "published_date": "2018-05-07",
        "fiscal_date": "2018-05-07",
        "fiscal_year": 2018,
        "fiscal_quarter": 2,
        "r2_url": "https://pub-2c783279b61043e19fbdadd1bee5153a.r2.dev/TSN/2018-05-07/Tyson%20Foods%2C%20Inc._2018-05-07_transcript/Tyson%20Foods%2C%20Inc._2018-05-07_transcript.pdf/Tyson%20Foods%2C%20Inc._2018-05-07_transcript.pdf",
        "periodicity": "periodic"
    },
    {
        "equity_ticker": "TSN",
        "geography": "US",
        "content_name": "TSN Q1 2018 Transcript",
        "file_type": "pdf",
        "content_type": "earnings_transcript",
        "published_date": "2018-02-08",
        "fiscal_date": "2018-02-08",
        "fiscal_year": 2018,
        "fiscal_quarter": 1,
        "r2_url": "https://pub-2c783279b61043e19fbdadd1bee5153a.r2.dev/TSN/2018-02-08/Tyson%20Foods%2C%20Inc._2018-02-08_transcript/Tyson%20Foods%2C%20Inc._2018-02-08_transcript.pdf/Tyson%20Foods%2C%20Inc._2018-02-08_transcript.pdf",
        "periodicity": "periodic"
    },
    {
        "equity_ticker": "TSN",
        "geography": "US",
        "content_name": "TSN Q4 2017 Transcript",
        "file_type": "pdf",
        "content_type": "earnings_transcript",
        "published_date": "2017-11-13",
        "fiscal_date": "2017-11-13",
        "fiscal_year": 2017,
        "fiscal_quarter": 4,
        "r2_url": "https://pub-2c783279b61043e19fbdadd1bee5153a.r2.dev/TSN/2017-11-13/Tyson%20Foods%2C%20Inc._2017-11-13_transcript/Tyson%20Foods%2C%20Inc._2017-11-13_transcript.pdf/Tyson%20Foods%2C%20Inc._2017-11-13_transcript.pdf",
        "periodicity": "periodic"
    },
    {
        "equity_ticker": "TSN",
        "geography": "US",
        "content_name": "TSN Q4 2017 Press Release",
        "file_type": "pdf",
        "content_type": "annual_report",
        "published_date": "2017-11-13",
        "fiscal_date": "2017-11-13",
        "fiscal_year": 2017,
        "fiscal_quarter": 4,
        "r2_url": "https://pub-2c783279b61043e19fbdadd1bee5153a.r2.dev/TSN/2017-11-13/7e1e3-2023-09-05-07-44-52/7e1e3-2023-09-05-07-44-52.pdf/7e1e3-2023-09-05-07-44-52.pdf",
        "periodicity": "periodic"
    },
    {
        "equity_ticker": "TSN",
        "geography": "US",
        "content_name": "TSN Q3 2017 Transcript",
        "file_type": "pdf",
        "content_type": "earnings_transcript",
        "published_date": "2017-08-07",
        "fiscal_date": "2017-08-07",
        "fiscal_year": 2017,
        "fiscal_quarter": 3,
        "r2_url": "https://pub-2c783279b61043e19fbdadd1bee5153a.r2.dev/TSN/2017-08-07/Tyson%20Foods%2C%20Inc._2017-08-07_transcript/Tyson%20Foods%2C%20Inc._2017-08-07_transcript.pdf/Tyson%20Foods%2C%20Inc._2017-08-07_transcript.pdf",
        "periodicity": "periodic"
    },
    {
        "equity_ticker": "TSN",
        "geography": "US",
        "content_name": "TSN Q2 2017 Transcript",
        "file_type": "pdf",
        "content_type": "earnings_transcript",
        "published_date": "2017-05-08",
        "fiscal_date": "2017-05-08",
        "fiscal_year": 2017,
        "fiscal_quarter": 2,
        "r2_url": "https://pub-2c783279b61043e19fbdadd1bee5153a.r2.dev/TSN/2017-05-08/Tyson%20Foods%2C%20Inc._2017-05-08_transcript/Tyson%20Foods%2C%20Inc._2017-05-08_transcript.pdf/Tyson%20Foods%2C%20Inc._2017-05-08_transcript.pdf",
        "periodicity": "periodic"
    },
    {
        "equity_ticker": "TSN",
        "geography": "US",
        "content_name": "TSN Q1 2017 Transcript",
        "file_type": "pdf",
        "content_type": "earnings_transcript",
        "published_date": "2017-02-06",
        "fiscal_date": "2017-02-06",
        "fiscal_year": 2017,
        "fiscal_quarter": 1,
        "r2_url": "https://pub-2c783279b61043e19fbdadd1bee5153a.r2.dev/TSN/2017-02-06/Tyson%20Foods%2C%20Inc._2017-02-06_transcript/Tyson%20Foods%2C%20Inc._2017-02-06_transcript.pdf/Tyson%20Foods%2C%20Inc._2017-02-06_transcript.pdf",
        "periodicity": "periodic"
    },
    {
        "equity_ticker": "TSN",
        "geography": "US",
        "content_name": "TSN Q4 2016 Transcript",
        "file_type": "pdf",
        "content_type": "earnings_transcript",
        "published_date": "2016-11-21",
        "fiscal_date": "2016-11-21",
        "fiscal_year": 2016,
        "fiscal_quarter": 4,
        "r2_url": "https://pub-2c783279b61043e19fbdadd1bee5153a.r2.dev/TSN/2016-11-21/Tyson%20Foods%2C%20Inc._2016-11-21_transcript/Tyson%20Foods%2C%20Inc._2016-11-21_transcript.pdf/Tyson%20Foods%2C%20Inc._2016-11-21_transcript.pdf",
        "periodicity": "periodic"
    },
    {
        "equity_ticker": "TSN",
        "geography": "US",
        "content_name": "TSN Q4 2016 Press Release",
        "file_type": "pdf",
        "content_type": "annual_report",
        "published_date": "2016-11-21",
        "fiscal_date": "2016-11-21",
        "fiscal_year": 2016,
        "fiscal_quarter": 4,
        "r2_url": "https://pub-2c783279b61043e19fbdadd1bee5153a.r2.dev/TSN/2016-11-21/20484-2023-09-05-07-04-53/20484-2023-09-05-07-04-53.pdf/20484-2023-09-05-07-04-53.pdf",
        "periodicity": "periodic"
    },
    {
        "equity_ticker": "TSN",
        "geography": "US",
        "content_name": "TSN Q3 2016 Transcript",
        "file_type": "pdf",
        "content_type": "earnings_transcript",
        "published_date": "2016-08-08",
        "fiscal_date": "2016-08-08",
        "fiscal_year": 2016,
        "fiscal_quarter": 3,
        "r2_url": "https://pub-2c783279b61043e19fbdadd1bee5153a.r2.dev/TSN/2016-08-08/Tyson%20Foods%2C%20Inc._2016-08-08_transcript/Tyson%20Foods%2C%20Inc._2016-08-08_transcript.pdf/Tyson%20Foods%2C%20Inc._2016-08-08_transcript.pdf",
        "periodicity": "periodic"
    },
    {
        "equity_ticker": "TSN",
        "geography": "US",
        "content_name": "TSN Q2 2016 Transcript",
        "file_type": "pdf",
        "content_type": "earnings_transcript",
        "published_date": "2016-05-09",
        "fiscal_date": "2016-05-09",
        "fiscal_year": 2016,
        "fiscal_quarter": 2,
        "r2_url": "https://pub-2c783279b61043e19fbdadd1bee5153a.r2.dev/TSN/2016-05-09/Tyson%20Foods%2C%20Inc._2016-05-09_transcript/Tyson%20Foods%2C%20Inc._2016-05-09_transcript.pdf/Tyson%20Foods%2C%20Inc._2016-05-09_transcript.pdf",
        "periodicity": "periodic"
    },
    {
        "equity_ticker": "TSN",
        "geography": "US",
        "content_name": "TSN Q1 2016 Transcript",
        "file_type": "pdf",
        "content_type": "earnings_transcript",
        "published_date": "2016-02-05",
        "fiscal_date": "2016-02-05",
        "fiscal_year": 2016,
        "fiscal_quarter": 1,
        "r2_url": "https://pub-2c783279b61043e19fbdadd1bee5153a.r2.dev/TSN/2016-02-05/Tyson%20Foods%2C%20Inc._2016-02-05_transcript/Tyson%20Foods%2C%20Inc._2016-02-05_transcript.pdf/Tyson%20Foods%2C%20Inc._2016-02-05_transcript.pdf",
        "periodicity": "periodic"
    },
    {
        "equity_ticker": "TSN",
        "geography": "US",
        "content_name": "TSN Q4 2015 Transcript",
        "file_type": "pdf",
        "content_type": "earnings_transcript",
        "published_date": "2015-11-23",
        "fiscal_date": "2015-11-23",
        "fiscal_year": 2015,
        "fiscal_quarter": 4,
        "r2_url": "https://pub-2c783279b61043e19fbdadd1bee5153a.r2.dev/TSN/2015-11-23/Tyson%20Foods%2C%20Inc._2015-11-23_transcript/Tyson%20Foods%2C%20Inc._2015-11-23_transcript.pdf/Tyson%20Foods%2C%20Inc._2015-11-23_transcript.pdf",
        "periodicity": "periodic"
    },
    {
        "equity_ticker": "TSN",
        "geography": "US",
        "content_name": "TSN Q4 2015 Press Release",
        "file_type": "pdf",
        "content_type": "annual_report",
        "published_date": "2015-11-23",
        "fiscal_date": "2015-11-23",
        "fiscal_year": 2015,
        "fiscal_quarter": 4,
        "r2_url": "https://pub-2c783279b61043e19fbdadd1bee5153a.r2.dev/TSN/2015-11-23/ebb43-2023-09-05-07-19-53/ebb43-2023-09-05-07-19-53.pdf/ebb43-2023-09-05-07-19-53.pdf",
        "periodicity": "periodic"
    },
    {
        "equity_ticker": "TSN",
        "geography": "US",
        "content_name": "TSN Q3 2015 Transcript",
        "file_type": "pdf",
        "content_type": "earnings_transcript",
        "published_date": "2015-08-03",
        "fiscal_date": "2015-08-03",
        "fiscal_year": 2015,
        "fiscal_quarter": 3,
        "r2_url": "https://pub-2c783279b61043e19fbdadd1bee5153a.r2.dev/TSN/2015-08-03/Tyson%20Foods%2C%20Inc._2015-08-03_transcript/Tyson%20Foods%2C%20Inc._2015-08-03_transcript.pdf/Tyson%20Foods%2C%20Inc._2015-08-03_transcript.pdf",
        "periodicity": "periodic"
    },
    {
        "equity_ticker": "TSN",
        "geography": "US",
        "content_name": "TSN Q2 2015 Transcript",
        "file_type": "pdf",
        "content_type": "earnings_transcript",
        "published_date": "2015-05-04",
        "fiscal_date": "2015-05-04",
        "fiscal_year": 2015,
        "fiscal_quarter": 2,
        "r2_url": "https://pub-2c783279b61043e19fbdadd1bee5153a.r2.dev/TSN/2015-05-04/Tyson%20Foods%2C%20Inc._2015-05-04_transcript/Tyson%20Foods%2C%20Inc._2015-05-04_transcript.pdf/Tyson%20Foods%2C%20Inc._2015-05-04_transcript.pdf",
        "periodicity": "periodic"
    },
    {
        "equity_ticker": "TSN",
        "geography": "US",
        "content_name": "TSN Q1 2015 Transcript",
        "file_type": "pdf",
        "content_type": "earnings_transcript",
        "published_date": "2015-01-30",
        "fiscal_date": "2015-01-30",
        "fiscal_year": 2015,
        "fiscal_quarter": 1,
        "r2_url": "https://pub-2c783279b61043e19fbdadd1bee5153a.r2.dev/TSN/2015-01-30/Tyson%20Foods%2C%20Inc._2015-01-30_transcript/Tyson%20Foods%2C%20Inc._2015-01-30_transcript.pdf/Tyson%20Foods%2C%20Inc._2015-01-30_transcript.pdf",
        "periodicity": "periodic"
    },
    {
        "equity_ticker": "TSN",
        "geography": "US",
        "content_name": "TSN Q4 2014 Transcript",
        "file_type": "pdf",
        "content_type": "earnings_transcript",
        "published_date": "2014-11-17",
        "fiscal_date": "2014-11-17",
        "fiscal_year": 2014,
        "fiscal_quarter": 4,
        "r2_url": "https://pub-2c783279b61043e19fbdadd1bee5153a.r2.dev/TSN/2014-11-17/Tyson%20Foods%2C%20Inc._2014-11-17_transcript/Tyson%20Foods%2C%20Inc._2014-11-17_transcript.pdf/Tyson%20Foods%2C%20Inc._2014-11-17_transcript.pdf",
        "periodicity": "periodic"
    },
    {
        "equity_ticker": "TSN",
        "geography": "US",
        "content_name": "TSN Q3 2014 Transcript",
        "file_type": "pdf",
        "content_type": "earnings_transcript",
        "published_date": "2014-07-28",
        "fiscal_date": "2014-07-28",
        "fiscal_year": 2014,
        "fiscal_quarter": 3,
        "r2_url": "https://pub-2c783279b61043e19fbdadd1bee5153a.r2.dev/TSN/2014-07-28/Tyson%20Foods%2C%20Inc._2014-07-28_transcript/Tyson%20Foods%2C%20Inc._2014-07-28_transcript.pdf/Tyson%20Foods%2C%20Inc._2014-07-28_transcript.pdf",
        "periodicity": "periodic"
    },
    {
        "equity_ticker": "TSN",
        "geography": "US",
        "content_name": "TSN Q2 2014 Transcript",
        "file_type": "pdf",
        "content_type": "earnings_transcript",
        "published_date": "2014-05-05",
        "fiscal_date": "2014-05-05",
        "fiscal_year": 2014,
        "fiscal_quarter": 2,
        "r2_url": "https://pub-2c783279b61043e19fbdadd1bee5153a.r2.dev/TSN/2014-05-05/Tyson%20Foods%2C%20Inc._2014-05-05_transcript/Tyson%20Foods%2C%20Inc._2014-05-05_transcript.pdf/Tyson%20Foods%2C%20Inc._2014-05-05_transcript.pdf",
        "periodicity": "periodic"
    },
    {
        "equity_ticker": "TSN",
        "geography": "US",
        "content_name": "TSN Q1 2014 Transcript",
        "file_type": "pdf",
        "content_type": "earnings_transcript",
        "published_date": "2014-01-31",
        "fiscal_date": "2014-01-31",
        "fiscal_year": 2014,
        "fiscal_quarter": 1,
        "r2_url": "https://pub-2c783279b61043e19fbdadd1bee5153a.r2.dev/TSN/2014-01-31/Tyson%20Foods%2C%20Inc._2014-01-31_transcript/Tyson%20Foods%2C%20Inc._2014-01-31_transcript.pdf/Tyson%20Foods%2C%20Inc._2014-01-31_transcript.pdf",
        "periodicity": "periodic"
    },
    {
        "equity_ticker": "TSN",
        "geography": "US",
        "content_name": "TSN Q4 2013 Transcript",
        "file_type": "pdf",
        "content_type": "earnings_transcript",
        "published_date": "2013-11-18",
        "fiscal_date": "2013-11-18",
        "fiscal_year": 2013,
        "fiscal_quarter": 4,
        "r2_url": "https://pub-2c783279b61043e19fbdadd1bee5153a.r2.dev/TSN/2013-11-18/Tyson%20Foods%2C%20Inc._2013-11-18_transcript/Tyson%20Foods%2C%20Inc._2013-11-18_transcript.pdf/Tyson%20Foods%2C%20Inc._2013-11-18_transcript.pdf",
        "periodicity": "periodic"
    },
    {
        "equity_ticker": "TSN",
        "geography": "US",
        "content_name": "TSN Q3 2013 Transcript",
        "file_type": "pdf",
        "content_type": "earnings_transcript",
        "published_date": "2013-08-05",
        "fiscal_date": "2013-08-05",
        "fiscal_year": 2013,
        "fiscal_quarter": 3,
        "r2_url": "https://pub-2c783279b61043e19fbdadd1bee5153a.r2.dev/TSN/2013-08-05/Tyson%20Foods%2C%20Inc._2013-08-05_transcript/Tyson%20Foods%2C%20Inc._2013-08-05_transcript.pdf/Tyson%20Foods%2C%20Inc._2013-08-05_transcript.pdf",
        "periodicity": "periodic"
    },
    {
        "equity_ticker": "TSN",
        "geography": "US",
        "content_name": "TSN Q2 2013 Transcript",
        "file_type": "pdf",
        "content_type": "earnings_transcript",
        "published_date": "2013-05-06",
        "fiscal_date": "2013-05-06",
        "fiscal_year": 2013,
        "fiscal_quarter": 2,
        "r2_url": "https://pub-2c783279b61043e19fbdadd1bee5153a.r2.dev/TSN/2013-05-06/Tyson%20Foods%2C%20Inc._2013-05-06_transcript/Tyson%20Foods%2C%20Inc._2013-05-06_transcript.pdf/Tyson%20Foods%2C%20Inc._2013-05-06_transcript.pdf",
        "periodicity": "periodic"
    },
    {
        "equity_ticker": "TSN",
        "geography": "US",
        "content_name": "TSN Q1 2013 Transcript",
        "file_type": "pdf",
        "content_type": "earnings_transcript",
        "published_date": "2013-02-01",
        "fiscal_date": "2013-02-01",
        "fiscal_year": 2013,
        "fiscal_quarter": 1,
        "r2_url": "https://pub-2c783279b61043e19fbdadd1bee5153a.r2.dev/TSN/2013-02-01/Tyson%20Foods%2C%20Inc._2013-02-01_transcript/Tyson%20Foods%2C%20Inc._2013-02-01_transcript.pdf/Tyson%20Foods%2C%20Inc._2013-02-01_transcript.pdf",
        "periodicity": "periodic"
    },
    {
        "equity_ticker": "TSN",
        "geography": "US",
        "content_name": "TSN Q4 2012 Transcript",
        "file_type": "pdf",
        "content_type": "earnings_transcript",
        "published_date": "2012-11-19",
        "fiscal_date": "2012-11-19",
        "fiscal_year": 2012,
        "fiscal_quarter": 4,
        "r2_url": "https://pub-2c783279b61043e19fbdadd1bee5153a.r2.dev/TSN/2012-11-19/Tyson%20Foods%2C%20Inc._2012-11-19_transcript/Tyson%20Foods%2C%20Inc._2012-11-19_transcript.pdf/Tyson%20Foods%2C%20Inc._2012-11-19_transcript.pdf",
        "periodicity": "periodic"
    },
    {
        "equity_ticker": "TSN",
        "geography": "US",
        "content_name": "TSN Q3 2012 Transcript",
        "file_type": "pdf",
        "content_type": "earnings_transcript",
        "published_date": "2012-08-06",
        "fiscal_date": "2012-08-06",
        "fiscal_year": 2012,
        "fiscal_quarter": 3,
        "r2_url": "https://pub-2c783279b61043e19fbdadd1bee5153a.r2.dev/TSN/2012-08-06/Tyson%20Foods%2C%20Inc._2012-08-06_transcript/Tyson%20Foods%2C%20Inc._2012-08-06_transcript.pdf/Tyson%20Foods%2C%20Inc._2012-08-06_transcript.pdf",
        "periodicity": "periodic"
    },
    {
        "equity_ticker": "TSN",
        "geography": "US",
        "content_name": "TSN Q2 2012 Transcript",
        "file_type": "pdf",
        "content_type": "earnings_transcript",
        "published_date": "2012-05-07",
        "fiscal_date": "2012-05-07",
        "fiscal_year": 2012,
        "fiscal_quarter": 2,
        "r2_url": "https://pub-2c783279b61043e19fbdadd1bee5153a.r2.dev/TSN/2012-05-07/Tyson%20Foods%2C%20Inc._2012-05-07_transcript/Tyson%20Foods%2C%20Inc._2012-05-07_transcript.pdf/Tyson%20Foods%2C%20Inc._2012-05-07_transcript.pdf",
        "periodicity": "periodic"
    },
    {
        "equity_ticker": "TSN",
        "geography": "US",
        "content_name": "TSN Q1 2012 Transcript",
        "file_type": "pdf",
        "content_type": "earnings_transcript",
        "published_date": "2012-02-03",
        "fiscal_date": "2012-02-03",
        "fiscal_year": 2012,
        "fiscal_quarter": 1,
        "r2_url": "https://pub-2c783279b61043e19fbdadd1bee5153a.r2.dev/TSN/2012-02-03/Tyson%20Foods%2C%20Inc._2012-02-03_transcript/Tyson%20Foods%2C%20Inc._2012-02-03_transcript.pdf/Tyson%20Foods%2C%20Inc._2012-02-03_transcript.pdf",
        "periodicity": "periodic"
    },
    {
        "equity_ticker": "TSN",
        "geography": "US",
        "content_name": "TSN Q4 2011 Transcript",
        "file_type": "pdf",
        "content_type": "earnings_transcript",
        "published_date": "2011-11-21",
        "fiscal_date": "2011-11-21",
        "fiscal_year": 2011,
        "fiscal_quarter": 4,
        "r2_url": "https://pub-2c783279b61043e19fbdadd1bee5153a.r2.dev/TSN/2011-11-21/Tyson%20Foods%2C%20Inc._2011-11-21_transcript/Tyson%20Foods%2C%20Inc._2011-11-21_transcript.pdf/Tyson%20Foods%2C%20Inc._2011-11-21_transcript.pdf",
        "periodicity": "periodic"
    },
    {
        "equity_ticker": "TSN",
        "geography": "US",
        "content_name": "TSN Q3 2011 Transcript",
        "file_type": "pdf",
        "content_type": "earnings_transcript",
        "published_date": "2011-08-08",
        "fiscal_date": "2011-08-08",
        "fiscal_year": 2011,
        "fiscal_quarter": 3,
        "r2_url": "https://pub-2c783279b61043e19fbdadd1bee5153a.r2.dev/TSN/2011-08-08/Tyson%20Foods%2C%20Inc._2011-08-08_transcript/Tyson%20Foods%2C%20Inc._2011-08-08_transcript.pdf/Tyson%20Foods%2C%20Inc._2011-08-08_transcript.pdf",
        "periodicity": "periodic"
    },
    {
        "equity_ticker": "TSN",
        "geography": "US",
        "content_name": "TSN Q2 2011 Transcript",
        "file_type": "pdf",
        "content_type": "earnings_transcript",
        "published_date": "2011-05-09",
        "fiscal_date": "2011-05-09",
        "fiscal_year": 2011,
        "fiscal_quarter": 2,
        "r2_url": "https://pub-2c783279b61043e19fbdadd1bee5153a.r2.dev/TSN/2011-05-09/Tyson%20Foods%2C%20Inc._2011-05-09_transcript/Tyson%20Foods%2C%20Inc._2011-05-09_transcript.pdf/Tyson%20Foods%2C%20Inc._2011-05-09_transcript.pdf",
        "periodicity": "periodic"
    },
    {
        "equity_ticker": "TSN",
        "geography": "US",
        "content_name": "TSN Q1 2011 Transcript",
        "file_type": "pdf",
        "content_type": "earnings_transcript",
        "published_date": "2011-02-04",
        "fiscal_date": "2011-02-04",
        "fiscal_year": 2011,
        "fiscal_quarter": 1,
        "r2_url": "https://pub-2c783279b61043e19fbdadd1bee5153a.r2.dev/TSN/2011-02-04/Tyson%20Foods%2C%20Inc._2011-02-04_transcript/Tyson%20Foods%2C%20Inc._2011-02-04_transcript.pdf/Tyson%20Foods%2C%20Inc._2011-02-04_transcript.pdf",
        "periodicity": "periodic"
    },
    {
        "equity_ticker": "TSN",
        "geography": "US",
        "content_name": "TSN Q2 2010 Transcript",
        "file_type": "pdf",
        "content_type": "earnings_transcript",
        "published_date": "2010-05-10",
        "fiscal_date": "2010-05-10",
        "fiscal_year": 2010,
        "fiscal_quarter": 2,
        "r2_url": "https://pub-2c783279b61043e19fbdadd1bee5153a.r2.dev/TSN/2010-05-10/Tyson%20Foods%2C%20Inc._2010-05-10_transcript/Tyson%20Foods%2C%20Inc._2010-05-10_transcript.pdf/Tyson%20Foods%2C%20Inc._2010-05-10_transcript.pdf",
        "periodicity": "periodic"
    },
    {
        "equity_ticker": "TSN",
        "geography": "US",
        "content_name": "TSN Q1 2010 Transcript",
        "file_type": "pdf",
        "content_type": "earnings_transcript",
        "published_date": "2010-02-12",
        "fiscal_date": "2010-02-12",
        "fiscal_year": 2010,
        "fiscal_quarter": 1,
        "r2_url": "https://pub-2c783279b61043e19fbdadd1bee5153a.r2.dev/TSN/2010-02-12/Tyson%20Foods%2C%20Inc._2010-02-12_transcript/Tyson%20Foods%2C%20Inc._2010-02-12_transcript.pdf/Tyson%20Foods%2C%20Inc._2010-02-12_transcript.pdf",
        "periodicity": "periodic"
    },
    {
        "equity_ticker": "TSN",
        "geography": "US",
        "content_name": "TSN Q4 2009 Transcript",
        "file_type": "pdf",
        "content_type": "earnings_transcript",
        "published_date": "2009-11-23",
        "fiscal_date": "2009-11-23",
        "fiscal_year": 2009,
        "fiscal_quarter": 4,
        "r2_url": "https://pub-2c783279b61043e19fbdadd1bee5153a.r2.dev/TSN/2009-11-23/Tyson%20Foods%2C%20Inc._2009-11-23_transcript/Tyson%20Foods%2C%20Inc._2009-11-23_transcript.pdf/Tyson%20Foods%2C%20Inc._2009-11-23_transcript.pdf",
        "periodicity": "periodic"
    },
    {
        "equity_ticker": "TSN",
        "geography": "US",
        "content_name": "TSN Q3 2009 Transcript",
        "file_type": "pdf",
        "content_type": "earnings_transcript",
        "published_date": "2009-08-03",
        "fiscal_date": "2009-08-03",
        "fiscal_year": 2009,
        "fiscal_quarter": 3,
        "r2_url": "https://pub-2c783279b61043e19fbdadd1bee5153a.r2.dev/TSN/2009-08-03/Tyson%20Foods%2C%20Inc._2009-08-03_transcript/Tyson%20Foods%2C%20Inc._2009-08-03_transcript.pdf/Tyson%20Foods%2C%20Inc._2009-08-03_transcript.pdf",
        "periodicity": "periodic"
    },
    {
        "equity_ticker": "TSN",
        "geography": "US",
        "content_name": "TSN Q2 2009 Transcript",
        "file_type": "pdf",
        "content_type": "earnings_transcript",
        "published_date": "2009-05-04",
        "fiscal_date": "2009-05-04",
        "fiscal_year": 2009,
        "fiscal_quarter": 2,
        "r2_url": "https://pub-2c783279b61043e19fbdadd1bee5153a.r2.dev/TSN/2009-05-04/Tyson%20Foods%2C%20Inc._2009-05-04_transcript/Tyson%20Foods%2C%20Inc._2009-05-04_transcript.pdf/Tyson%20Foods%2C%20Inc._2009-05-04_transcript.pdf",
        "periodicity": "periodic"
    },
    {
        "equity_ticker": "TSN",
        "geography": "US",
        "content_name": "TSN Q1 2009 Transcript",
        "file_type": "pdf",
        "content_type": "earnings_transcript",
        "published_date": "2009-01-26",
        "fiscal_date": "2009-01-26",
        "fiscal_year": 2009,
        "fiscal_quarter": 1,
        "r2_url": "https://pub-2c783279b61043e19fbdadd1bee5153a.r2.dev/TSN/2009-01-26/Tyson%20Foods%2C%20Inc._2009-01-26_transcript/Tyson%20Foods%2C%20Inc._2009-01-26_transcript.pdf/Tyson%20Foods%2C%20Inc._2009-01-26_transcript.pdf",
        "periodicity": "periodic"
    },
    {
        "equity_ticker": "TSN",
        "geography": "US",
        "content_name": "TSN Q4 2008 Transcript",
        "file_type": "pdf",
        "content_type": "earnings_transcript",
        "published_date": "2008-11-10",
        "fiscal_date": "2008-11-10",
        "fiscal_year": 2008,
        "fiscal_quarter": 4,
        "r2_url": "https://pub-2c783279b61043e19fbdadd1bee5153a.r2.dev/TSN/2008-11-10/Tyson%20Foods%2C%20Inc._2008-11-10_transcript/Tyson%20Foods%2C%20Inc._2008-11-10_transcript.pdf/Tyson%20Foods%2C%20Inc._2008-11-10_transcript.pdf",
        "periodicity": "periodic"
    },
    {
        "equity_ticker": "TSN",
        "geography": "US",
        "content_name": "TSN Q3 2008 Transcript",
        "file_type": "pdf",
        "content_type": "earnings_transcript",
        "published_date": "2008-07-28",
        "fiscal_date": "2008-07-28",
        "fiscal_year": 2008,
        "fiscal_quarter": 3,
        "r2_url": "https://pub-2c783279b61043e19fbdadd1bee5153a.r2.dev/TSN/2008-07-28/Tyson%20Foods%2C%20Inc._2008-07-28_transcript/Tyson%20Foods%2C%20Inc._2008-07-28_transcript.pdf/Tyson%20Foods%2C%20Inc._2008-07-28_transcript.pdf",
        "periodicity": "periodic"
    },
    {
        "equity_ticker": "TSN",
        "geography": "US",
        "content_name": "TSN Q2 2008 Transcript",
        "file_type": "pdf",
        "content_type": "earnings_transcript",
        "published_date": "2008-04-29",
        "fiscal_date": "2008-04-29",
        "fiscal_year": 2008,
        "fiscal_quarter": 2,
        "r2_url": "https://pub-2c783279b61043e19fbdadd1bee5153a.r2.dev/TSN/2008-04-29/Tyson%20Foods%2C%20Inc._2008-04-29_transcript/Tyson%20Foods%2C%20Inc._2008-04-29_transcript.pdf/Tyson%20Foods%2C%20Inc._2008-04-29_transcript.pdf",
        "periodicity": "periodic"
    },
    {
        "equity_ticker": "TSN",
        "geography": "US",
        "content_name": "TSN Q1 2008 Transcript",
        "file_type": "pdf",
        "content_type": "earnings_transcript",
        "published_date": "2008-01-28",
        "fiscal_date": "2008-01-28",
        "fiscal_year": 2008,
        "fiscal_quarter": 1,
        "r2_url": "https://pub-2c783279b61043e19fbdadd1bee5153a.r2.dev/TSN/2008-01-28/Tyson%20Foods%2C%20Inc._2008-01-28_transcript/Tyson%20Foods%2C%20Inc._2008-01-28_transcript.pdf/Tyson%20Foods%2C%20Inc._2008-01-28_transcript.pdf",
        "periodicity": "periodic"
    },
    {
        "equity_ticker": "TSN",
        "geography": "US",
        "content_name": "TSN Q4 2007 Transcript",
        "file_type": "pdf",
        "content_type": "earnings_transcript",
        "published_date": "2007-11-12",
        "fiscal_date": "2007-11-12",
        "fiscal_year": 2007,
        "fiscal_quarter": 4,
        "r2_url": "https://pub-2c783279b61043e19fbdadd1bee5153a.r2.dev/TSN/2007-11-12/Tyson%20Foods%2C%20Inc._2007-11-12_transcript/Tyson%20Foods%2C%20Inc._2007-11-12_transcript.pdf/Tyson%20Foods%2C%20Inc._2007-11-12_transcript.pdf",
        "periodicity": "periodic"
    },
    {
        "equity_ticker": "TSN",
        "geography": "US",
        "content_name": "TSN Q3 2007 Transcript",
        "file_type": "pdf",
        "content_type": "earnings_transcript",
        "published_date": "2007-07-30",
        "fiscal_date": "2007-07-30",
        "fiscal_year": 2007,
        "fiscal_quarter": 3,
        "r2_url": "https://pub-2c783279b61043e19fbdadd1bee5153a.r2.dev/TSN/2007-07-30/Tyson%20Foods%2C%20Inc._2007-07-30_transcript/Tyson%20Foods%2C%20Inc._2007-07-30_transcript.pdf/Tyson%20Foods%2C%20Inc._2007-07-30_transcript.pdf",
        "periodicity": "periodic"
    },
    {
        "equity_ticker": "TSN",
        "geography": "US",
        "content_name": "TSN Q2 2006 Transcript",
        "file_type": "pdf",
        "content_type": "earnings_transcript",
        "published_date": "2006-05-01",
        "fiscal_date": "2006-05-01",
        "fiscal_year": 2006,
        "fiscal_quarter": 2,
        "r2_url": "https://pub-2c783279b61043e19fbdadd1bee5153a.r2.dev/TSN/2006-05-01/Tyson%20Foods%2C%20Inc._2006-05-01_transcript/Tyson%20Foods%2C%20Inc._2006-05-01_transcript.pdf/Tyson%20Foods%2C%20Inc._2006-05-01_transcript.pdf",
        "periodicity": "periodic"
    }
]