[
    {
        "equity_ticker": "ABNB",
        "geography": "US",
        "content_name": "ABNB Q4 2024 Transcript",
        "file_type": "pdf",
        "content_type": "earnings_transcript",
        "published_date": "2025-02-13",
        "fiscal_date": "2025-02-13",
        "fiscal_year": 2024,
        "fiscal_quarter": 4,
        "r2_url": "https://pub-2c783279b61043e19fbdadd1bee5153a.r2.dev/ABNB/2025-02-13/Airbnb%2C%20Inc._2025-02-13_transcript/Airbnb%2C%20Inc._2025-02-13_transcript.pdf/Airbnb%2C%20Inc._2025-02-13_transcript.pdf",
        "periodicity": "periodic"
    },
    {
        "equity_ticker": "ABNB",
        "geography": "US",
        "content_name": "ABNB Q4 2024 Press Release",
        "file_type": "pdf",
        "content_type": "earnings_press_release",
        "published_date": "2025-02-13",
        "fiscal_date": "2025-02-13",
        "fiscal_year": 2024,
        "fiscal_quarter": 4,
        "r2_url": "https://pub-2c783279b61043e19fbdadd1bee5153a.r2.dev/ABNB/2025-02-13/bfe20-2025-02-13-09-04-08/bfe20-2025-02-13-09-04-08.pdf/bfe20-2025-02-13-09-04-08.pdf",
        "periodicity": "periodic"
    },
    {
        "equity_ticker": "ABNB",
        "geography": "US",
        "content_name": "ABNB Q3 2024 Transcript",
        "file_type": "pdf",
        "content_type": "earnings_transcript",
        "published_date": "2024-11-07",
        "fiscal_date": "2024-11-07",
        "fiscal_year": 2024,
        "fiscal_quarter": 3,
        "r2_url": "https://pub-2c783279b61043e19fbdadd1bee5153a.r2.dev/ABNB/2024-11-07/Airbnb%2C%20Inc._2024-11-07_transcript/Airbnb%2C%20Inc._2024-11-07_transcript.pdf/Airbnb%2C%20Inc._2024-11-07_transcript.pdf",
        "periodicity": "periodic"
    },
    {
        "equity_ticker": "ABNB",
        "geography": "US",
        "content_name": "ABNB Q3 2024 Press Release",
        "file_type": "pdf",
        "content_type": "quarterly_report",
        "published_date": "2024-11-07",
        "fiscal_date": "2024-11-07",
        "fiscal_year": 2024,
        "fiscal_quarter": 3,
        "r2_url": "https://pub-2c783279b61043e19fbdadd1bee5153a.r2.dev/ABNB/2024-11-07/be25a-2024-11-07-09-00-13/be25a-2024-11-07-09-00-13.pdf/be25a-2024-11-07-09-00-13.pdf",
        "periodicity": "periodic"
    },
    {
        "equity_ticker": "ABNB",
        "geography": "US",
        "content_name": "Goldman Sachs Communacopia + Technology Conference - September 9, 2024",
        "file_type": "pdf",
        "content_type": "sellside_conference_transcript",
        "published_date": "2024-09-09",
        "fiscal_date": "2024-09-09",
        "fiscal_year": null,
        "fiscal_quarter": null,
        "r2_url": "https://pub-2c783279b61043e19fbdadd1bee5153a.r2.dev/ABNB/2024-09-09/Airbnb%2C%20Inc._2024-09-09_transcript/Airbnb%2C%20Inc._2024-09-09_transcript.pdf/Airbnb%2C%20Inc._2024-09-09_transcript.pdf",
        "periodicity": "non_periodic"
    },
    {
        "equity_ticker": "ABNB",
        "geography": "US",
        "content_name": "ABNB Q2 2024 Transcript",
        "file_type": "pdf",
        "content_type": "earnings_transcript",
        "published_date": "2024-08-06",
        "fiscal_date": "2024-08-06",
        "fiscal_year": 2024,
        "fiscal_quarter": 2,
        "r2_url": "https://pub-2c783279b61043e19fbdadd1bee5153a.r2.dev/ABNB/2024-08-06/Airbnb%2C%20Inc._2024-08-06_transcript/Airbnb%2C%20Inc._2024-08-06_transcript.pdf/Airbnb%2C%20Inc._2024-08-06_transcript.pdf",
        "periodicity": "periodic"
    },
    {
        "equity_ticker": "ABNB",
        "geography": "US",
        "content_name": "ABNB Q2 2024 Press Release",
        "file_type": "pdf",
        "content_type": "earnings_press_release",
        "published_date": "2024-08-06",
        "fiscal_date": "2024-08-06",
        "fiscal_year": 2024,
        "fiscal_quarter": 2,
        "r2_url": "https://pub-2c783279b61043e19fbdadd1bee5153a.r2.dev/ABNB/2024-08-06/aaeed-2024-08-06-08-51-14/aaeed-2024-08-06-08-51-14.pdf/aaeed-2024-08-06-08-51-14.pdf",
        "periodicity": "periodic"
    },
    {
        "equity_ticker": "ABNB",
        "geography": "US",
        "content_name": "ABNB Q1 2024 Transcript",
        "file_type": "pdf",
        "content_type": "earnings_transcript",
        "published_date": "2024-05-08",
        "fiscal_date": "2024-05-08",
        "fiscal_year": 2024,
        "fiscal_quarter": 1,
        "r2_url": "https://pub-2c783279b61043e19fbdadd1bee5153a.r2.dev/ABNB/2024-05-08/Airbnb%2C%20Inc._2024-05-08_transcript/Airbnb%2C%20Inc._2024-05-08_transcript.pdf/Airbnb%2C%20Inc._2024-05-08_transcript.pdf",
        "periodicity": "periodic"
    },
    {
        "equity_ticker": "ABNB",
        "geography": "US",
        "content_name": "Morgan Stanley\u2019s Technology, Media & Telecom Conference 2024 - March 4, 2024",
        "file_type": "pdf",
        "content_type": "sellside_conference_transcript",
        "published_date": "2024-03-04",
        "fiscal_date": "2024-03-04",
        "fiscal_year": null,
        "fiscal_quarter": null,
        "r2_url": "https://pub-2c783279b61043e19fbdadd1bee5153a.r2.dev/ABNB/2024-03-04/Airbnb%2C%20Inc._2024-03-04_transcript/Airbnb%2C%20Inc._2024-03-04_transcript.pdf/Airbnb%2C%20Inc._2024-03-04_transcript.pdf",
        "periodicity": "non_periodic"
    },
    {
        "equity_ticker": "ABNB",
        "geography": "US",
        "content_name": "ABNB Q4 2023 Transcript",
        "file_type": "pdf",
        "content_type": "earnings_transcript",
        "published_date": "2024-02-13",
        "fiscal_date": "2024-02-13",
        "fiscal_year": 2023,
        "fiscal_quarter": 4,
        "r2_url": "https://pub-2c783279b61043e19fbdadd1bee5153a.r2.dev/ABNB/2024-02-13/Airbnb%2C%20Inc._2024-02-13_transcript/Airbnb%2C%20Inc._2024-02-13_transcript.pdf/Airbnb%2C%20Inc._2024-02-13_transcript.pdf",
        "periodicity": "periodic"
    },
    {
        "equity_ticker": "ABNB",
        "geography": "US",
        "content_name": "ABNB Q4 2023 Press Release",
        "file_type": "pdf",
        "content_type": "earnings_press_release",
        "published_date": "2024-02-13",
        "fiscal_date": "2024-02-13",
        "fiscal_year": 2023,
        "fiscal_quarter": 4,
        "r2_url": "https://pub-2c783279b61043e19fbdadd1bee5153a.r2.dev/ABNB/2024-02-13/7709e-2024-02-13-09-36-13/7709e-2024-02-13-09-36-13.pdf/7709e-2024-02-13-09-36-13.pdf",
        "periodicity": "periodic"
    },
    {
        "equity_ticker": "ABNB",
        "geography": "US",
        "content_name": "ABNB Q3 2023 Transcript",
        "file_type": "pdf",
        "content_type": "earnings_transcript",
        "published_date": "2023-11-01",
        "fiscal_date": "2023-11-01",
        "fiscal_year": 2023,
        "fiscal_quarter": 3,
        "r2_url": "https://pub-2c783279b61043e19fbdadd1bee5153a.r2.dev/ABNB/2023-11-01/Airbnb%2C%20Inc._2023-11-01_transcript/Airbnb%2C%20Inc._2023-11-01_transcript.pdf/Airbnb%2C%20Inc._2023-11-01_transcript.pdf",
        "periodicity": "periodic"
    },
    {
        "equity_ticker": "ABNB",
        "geography": "US",
        "content_name": "ABNB Q3 2023 Press Release",
        "file_type": "pdf",
        "content_type": "earnings_press_release",
        "published_date": "2023-11-01",
        "fiscal_date": "2023-11-01",
        "fiscal_year": 2023,
        "fiscal_quarter": 3,
        "r2_url": "https://pub-2c783279b61043e19fbdadd1bee5153a.r2.dev/ABNB/2023-11-01/22bd3-2023-11-01-08-18-12/22bd3-2023-11-01-08-18-12.pdf/22bd3-2023-11-01-08-18-12.pdf",
        "periodicity": "periodic"
    },
    {
        "equity_ticker": "ABNB",
        "geography": "US",
        "content_name": "ABNB Q2 2023 Transcript",
        "file_type": "pdf",
        "content_type": "earnings_transcript",
        "published_date": "2023-08-03",
        "fiscal_date": "2023-08-03",
        "fiscal_year": 2023,
        "fiscal_quarter": 2,
        "r2_url": "https://pub-2c783279b61043e19fbdadd1bee5153a.r2.dev/ABNB/2023-08-03/Airbnb%2C%20Inc._2023-08-03_transcript/Airbnb%2C%20Inc._2023-08-03_transcript.pdf/Airbnb%2C%20Inc._2023-08-03_transcript.pdf",
        "periodicity": "periodic"
    },
    {
        "equity_ticker": "ABNB",
        "geography": "US",
        "content_name": "ABNB Q2 2023 Press Release",
        "file_type": "pdf",
        "content_type": "earnings_press_release",
        "published_date": "2023-08-03",
        "fiscal_date": "2023-08-03",
        "fiscal_year": 2023,
        "fiscal_quarter": 2,
        "r2_url": "https://pub-2c783279b61043e19fbdadd1bee5153a.r2.dev/ABNB/2023-08-03/0f04c-2023-08-03-08-45-14/0f04c-2023-08-03-08-45-14.pdf/0f04c-2023-08-03-08-45-14.pdf",
        "periodicity": "periodic"
    },
    {
        "equity_ticker": "ABNB",
        "geography": "US",
        "content_name": "ABNB Q1 2023 Transcript",
        "file_type": "pdf",
        "content_type": "earnings_transcript",
        "published_date": "2023-05-09",
        "fiscal_date": "2023-05-09",
        "fiscal_year": 2023,
        "fiscal_quarter": 1,
        "r2_url": "https://pub-2c783279b61043e19fbdadd1bee5153a.r2.dev/ABNB/2023-05-09/Airbnb%2C%20Inc._2023-05-09_transcript/Airbnb%2C%20Inc._2023-05-09_transcript.pdf/Airbnb%2C%20Inc._2023-05-09_transcript.pdf",
        "periodicity": "periodic"
    },
    {
        "equity_ticker": "ABNB",
        "geography": "US",
        "content_name": "ABNB Q1 2023 Press Release",
        "file_type": "pdf",
        "content_type": "earnings_press_release",
        "published_date": "2023-05-09",
        "fiscal_date": "2023-05-09",
        "fiscal_year": 2023,
        "fiscal_quarter": 1,
        "r2_url": "https://pub-2c783279b61043e19fbdadd1bee5153a.r2.dev/ABNB/2023-05-09/b7562-2023-05-09-08-55-12/b7562-2023-05-09-08-55-12.pdf/b7562-2023-05-09-08-55-12.pdf",
        "periodicity": "periodic"
    },
    {
        "equity_ticker": "ABNB",
        "geography": "US",
        "content_name": "Morgan Stanley Technology, Media & Telecom Conference - March 6, 2023",
        "file_type": "pdf",
        "content_type": "sellside_conference_transcript",
        "published_date": "2023-03-06",
        "fiscal_date": "2023-03-06",
        "fiscal_year": null,
        "fiscal_quarter": null,
        "r2_url": "https://pub-2c783279b61043e19fbdadd1bee5153a.r2.dev/ABNB/2023-03-06/Airbnb%2C%20Inc._2023-03-06_transcript/Airbnb%2C%20Inc._2023-03-06_transcript.pdf/Airbnb%2C%20Inc._2023-03-06_transcript.pdf",
        "periodicity": "non_periodic"
    },
    {
        "equity_ticker": "ABNB",
        "geography": "US",
        "content_name": "ABNB Q4 2022 Transcript",
        "file_type": "pdf",
        "content_type": "earnings_transcript",
        "published_date": "2023-02-14",
        "fiscal_date": "2023-02-14",
        "fiscal_year": 2022,
        "fiscal_quarter": 4,
        "r2_url": "https://pub-2c783279b61043e19fbdadd1bee5153a.r2.dev/ABNB/2023-02-14/Airbnb%2C%20Inc._2023-02-14_transcript/Airbnb%2C%20Inc._2023-02-14_transcript.pdf/Airbnb%2C%20Inc._2023-02-14_transcript.pdf",
        "periodicity": "periodic"
    },
    {
        "equity_ticker": "ABNB",
        "geography": "US",
        "content_name": "ABNB Q4 2022 Press Release",
        "file_type": "pdf",
        "content_type": "earnings_press_release",
        "published_date": "2023-02-14",
        "fiscal_date": "2023-02-14",
        "fiscal_year": 2022,
        "fiscal_quarter": 4,
        "r2_url": "https://pub-2c783279b61043e19fbdadd1bee5153a.r2.dev/ABNB/2023-02-14/4d049-2023-02-16-11-19-17/4d049-2023-02-16-11-19-17.pdf/4d049-2023-02-16-11-19-17.pdf",
        "periodicity": "periodic"
    },
    {
        "equity_ticker": "ABNB",
        "geography": "US",
        "content_name": "ABNB Q3 2022 Transcript",
        "file_type": "pdf",
        "content_type": "earnings_transcript",
        "published_date": "2022-11-01",
        "fiscal_date": "2022-11-01",
        "fiscal_year": 2022,
        "fiscal_quarter": 3,
        "r2_url": "https://pub-2c783279b61043e19fbdadd1bee5153a.r2.dev/ABNB/2022-11-01/Airbnb%2C%20Inc._2022-11-01_transcript/Airbnb%2C%20Inc._2022-11-01_transcript.pdf/Airbnb%2C%20Inc._2022-11-01_transcript.pdf",
        "periodicity": "periodic"
    },
    {
        "equity_ticker": "ABNB",
        "geography": "US",
        "content_name": "ABNB Q3 2022 Press Release",
        "file_type": "pdf",
        "content_type": "earnings_press_release",
        "published_date": "2022-11-01",
        "fiscal_date": "2022-11-01",
        "fiscal_year": 2022,
        "fiscal_quarter": 3,
        "r2_url": "https://pub-2c783279b61043e19fbdadd1bee5153a.r2.dev/ABNB/2022-11-01/eb108-2022-11-01-08-34-15/eb108-2022-11-01-08-34-15.pdf/eb108-2022-11-01-08-34-15.pdf",
        "periodicity": "periodic"
    },
    {
        "equity_ticker": "ABNB",
        "geography": "US",
        "content_name": "ABNB Q2 2022 Transcript",
        "file_type": "pdf",
        "content_type": "earnings_transcript",
        "published_date": "2022-08-02",
        "fiscal_date": "2022-08-02",
        "fiscal_year": 2022,
        "fiscal_quarter": 2,
        "r2_url": "https://pub-2c783279b61043e19fbdadd1bee5153a.r2.dev/ABNB/2022-08-02/Airbnb%2C%20Inc._2022-08-02_transcript/Airbnb%2C%20Inc._2022-08-02_transcript.pdf/Airbnb%2C%20Inc._2022-08-02_transcript.pdf",
        "periodicity": "periodic"
    },
    {
        "equity_ticker": "ABNB",
        "geography": "US",
        "content_name": "ABNB Q2 2022 Press Release",
        "file_type": "pdf",
        "content_type": "earnings_press_release",
        "published_date": "2022-08-02",
        "fiscal_date": "2022-08-02",
        "fiscal_year": 2022,
        "fiscal_quarter": 2,
        "r2_url": "https://pub-2c783279b61043e19fbdadd1bee5153a.r2.dev/ABNB/2022-08-02/b7672-2022-08-02-08-28-11/b7672-2022-08-02-08-28-11.pdf/b7672-2022-08-02-08-28-11.pdf",
        "periodicity": "periodic"
    },
    {
        "equity_ticker": "ABNB",
        "geography": "US",
        "content_name": "ABNB Q1 2022 Transcript",
        "file_type": "pdf",
        "content_type": "earnings_transcript",
        "published_date": "2022-05-03",
        "fiscal_date": "2022-05-03",
        "fiscal_year": 2022,
        "fiscal_quarter": 1,
        "r2_url": "https://pub-2c783279b61043e19fbdadd1bee5153a.r2.dev/ABNB/2022-05-03/Airbnb%2C%20Inc._2022-05-03_transcript/Airbnb%2C%20Inc._2022-05-03_transcript.pdf/Airbnb%2C%20Inc._2022-05-03_transcript.pdf",
        "periodicity": "periodic"
    },
    {
        "equity_ticker": "ABNB",
        "geography": "US",
        "content_name": "ABNB Q1 2022 Press Release",
        "file_type": "pdf",
        "content_type": "earnings_press_release",
        "published_date": "2022-05-03",
        "fiscal_date": "2022-05-03",
        "fiscal_year": 2022,
        "fiscal_quarter": 1,
        "r2_url": "https://pub-2c783279b61043e19fbdadd1bee5153a.r2.dev/ABNB/2022-05-03/81087-2023-01-25-01-58-21/81087-2023-01-25-01-58-21.pdf/81087-2023-01-25-01-58-21.pdf",
        "periodicity": "periodic"
    },
    {
        "equity_ticker": "ABNB",
        "geography": "US",
        "content_name": "ABNB Q4 2021 Transcript",
        "file_type": "pdf",
        "content_type": "earnings_transcript",
        "published_date": "2022-02-15",
        "fiscal_date": "2022-02-15",
        "fiscal_year": 2021,
        "fiscal_quarter": 4,
        "r2_url": "https://pub-2c783279b61043e19fbdadd1bee5153a.r2.dev/ABNB/2022-02-15/Airbnb%2C%20Inc._2022-02-15_transcript/Airbnb%2C%20Inc._2022-02-15_transcript.pdf/Airbnb%2C%20Inc._2022-02-15_transcript.pdf",
        "periodicity": "periodic"
    },
    {
        "equity_ticker": "ABNB",
        "geography": "US",
        "content_name": "ABNB Q4 2021 Press Release",
        "file_type": "pdf",
        "content_type": "earnings_press_release",
        "published_date": "2022-02-15",
        "fiscal_date": "2022-02-15",
        "fiscal_year": 2021,
        "fiscal_quarter": 4,
        "r2_url": "https://pub-2c783279b61043e19fbdadd1bee5153a.r2.dev/ABNB/2022-02-15/68d4a-2023-01-25-12-24-27/68d4a-2023-01-25-12-24-27.pdf/68d4a-2023-01-25-12-24-27.pdf",
        "periodicity": "periodic"
    },
    {
        "equity_ticker": "ABNB",
        "geography": "US",
        "content_name": "ABNB Q3 2021 Transcript",
        "file_type": "pdf",
        "content_type": "earnings_transcript",
        "published_date": "2021-11-04",
        "fiscal_date": "2021-11-04",
        "fiscal_year": 2021,
        "fiscal_quarter": 3,
        "r2_url": "https://pub-2c783279b61043e19fbdadd1bee5153a.r2.dev/ABNB/2021-11-04/Airbnb%2C%20Inc._2021-11-04_transcript/Airbnb%2C%20Inc._2021-11-04_transcript.pdf/Airbnb%2C%20Inc._2021-11-04_transcript.pdf",
        "periodicity": "periodic"
    },
    {
        "equity_ticker": "ABNB",
        "geography": "US",
        "content_name": "ABNB Q3 2021 Press Release",
        "file_type": "pdf",
        "content_type": "earnings_press_release",
        "published_date": "2021-11-04",
        "fiscal_date": "2021-11-04",
        "fiscal_year": 2021,
        "fiscal_quarter": 3,
        "r2_url": "https://pub-2c783279b61043e19fbdadd1bee5153a.r2.dev/ABNB/2021-11-04/6bf4e-2023-01-25-10-24-21/6bf4e-2023-01-25-10-24-21.pdf/6bf4e-2023-01-25-10-24-21.pdf",
        "periodicity": "periodic"
    },
    {
        "equity_ticker": "ABNB",
        "geography": "US",
        "content_name": "ABNB Q2 2021 Transcript",
        "file_type": "pdf",
        "content_type": "earnings_transcript",
        "published_date": "2021-08-12",
        "fiscal_date": "2021-08-12",
        "fiscal_year": 2021,
        "fiscal_quarter": 2,
        "r2_url": "https://pub-2c783279b61043e19fbdadd1bee5153a.r2.dev/ABNB/2021-08-12/Airbnb%2C%20Inc._2021-08-12_transcript/Airbnb%2C%20Inc._2021-08-12_transcript.pdf/Airbnb%2C%20Inc._2021-08-12_transcript.pdf",
        "periodicity": "periodic"
    },
    {
        "equity_ticker": "ABNB",
        "geography": "US",
        "content_name": "ABNB Q2 2021 Press Release",
        "file_type": "pdf",
        "content_type": "earnings_press_release",
        "published_date": "2021-08-12",
        "fiscal_date": "2021-08-12",
        "fiscal_year": 2021,
        "fiscal_quarter": 2,
        "r2_url": "https://pub-2c783279b61043e19fbdadd1bee5153a.r2.dev/ABNB/2021-08-12/6e385-2023-01-25-10-07-12/6e385-2023-01-25-10-07-12.pdf/6e385-2023-01-25-10-07-12.pdf",
        "periodicity": "periodic"
    },
    {
        "equity_ticker": "ABNB",
        "geography": "US",
        "content_name": "ABNB Q1 2021 Transcript",
        "file_type": "pdf",
        "content_type": "earnings_transcript",
        "published_date": "2021-05-12",
        "fiscal_date": "2021-05-12",
        "fiscal_year": 2021,
        "fiscal_quarter": 1,
        "r2_url": "https://pub-2c783279b61043e19fbdadd1bee5153a.r2.dev/ABNB/2021-05-12/Airbnb%2C%20Inc._2021-05-12_transcript/Airbnb%2C%20Inc._2021-05-12_transcript.pdf/Airbnb%2C%20Inc._2021-05-12_transcript.pdf",
        "periodicity": "periodic"
    },
    {
        "equity_ticker": "ABNB",
        "geography": "US",
        "content_name": "ABNB Q1 2021 Press Release",
        "file_type": "pdf",
        "content_type": "earnings_press_release",
        "published_date": "2021-05-12",
        "fiscal_date": "2021-05-12",
        "fiscal_year": 2021,
        "fiscal_quarter": 1,
        "r2_url": "https://pub-2c783279b61043e19fbdadd1bee5153a.r2.dev/ABNB/2021-05-12/eef17-2022-06-19-11-39-44/eef17-2022-06-19-11-39-44.pdf/eef17-2022-06-19-11-39-44.pdf",
        "periodicity": "periodic"
    },
    {
        "equity_ticker": "ABNB",
        "geography": "US",
        "content_name": "ABNB Q4 2020 Transcript",
        "file_type": "pdf",
        "content_type": "earnings_transcript",
        "published_date": "2021-02-25",
        "fiscal_date": "2021-02-25",
        "fiscal_year": 2020,
        "fiscal_quarter": 4,
        "r2_url": "https://pub-2c783279b61043e19fbdadd1bee5153a.r2.dev/ABNB/2021-02-25/Airbnb%2C%20Inc._2021-02-25_transcript/Airbnb%2C%20Inc._2021-02-25_transcript.pdf/Airbnb%2C%20Inc._2021-02-25_transcript.pdf",
        "periodicity": "periodic"
    },
    {
        "equity_ticker": "ABNB",
        "geography": "US",
        "content_name": "ABNB Q4 2020 Press Release",
        "file_type": "pdf",
        "content_type": "earnings_press_release",
        "published_date": "2021-02-25",
        "fiscal_date": "2021-02-25",
        "fiscal_year": 2020,
        "fiscal_quarter": 4,
        "r2_url": "https://pub-2c783279b61043e19fbdadd1bee5153a.r2.dev/ABNB/2021-02-25/54032-2022-06-19-11-57-44/54032-2022-06-19-11-57-44.pdf/54032-2022-06-19-11-57-44.pdf",
        "periodicity": "periodic"
    },
        {
          "equity_ticker": "ABNB",
          "geography": "US",
          "content_name": "ABNB Q4 2024 10-K",
          "file_type": "pdf",
          "content_type": "annual_report",
          "published_date": "2025-02-13",
          "fiscal_date": "2024-12-31",
          "fiscal_year": 2024,
          "fiscal_quarter": 4,
          "r2_url": "https://pub-2c783279b61043e19fbdadd1bee5153a.r2.dev/ABNB/2025-02-13/abnb-20241231.htm/abnb-20241231.pdf",
          "periodicity": "periodic"
        },
        {
          "equity_ticker": "ABNB",
          "geography": "US",
          "content_name": "ABNB Q3 2024 10-Q",
          "file_type": "pdf",
          "content_type": "quarterly_report",
          "published_date": "2024-11-07",
          "fiscal_date": "2024-09-30",
          "fiscal_year": 2024,
          "fiscal_quarter": 3,
          "r2_url": "https://pub-2c783279b61043e19fbdadd1bee5153a.r2.dev/ABNB/2024-11-07/abnb-20240930.htm/abnb-20240930.pdf",
          "periodicity": "periodic"
        },
        {
          "equity_ticker": "ABNB",
          "geography": "US",
          "content_name": "ABNB Q2 2024 10-Q",
          "file_type": "pdf",
          "content_type": "quarterly_report",
          "published_date": "2024-08-06",
          "fiscal_date": "2024-06-30",
          "fiscal_year": 2024,
          "fiscal_quarter": 2,
          "r2_url": "https://pub-2c783279b61043e19fbdadd1bee5153a.r2.dev/ABNB/2024-08-06/abnb-20240630.htm/abnb-20240630.pdf",
          "periodicity": "periodic"
        },
        {
          "equity_ticker": "ABNB",
          "geography": "US",
          "content_name": "ABNB Q1 2024 10-Q",
          "file_type": "pdf",
          "content_type": "quarterly_report",
          "published_date": "2024-05-08",
          "fiscal_date": "2024-03-31",
          "fiscal_year": 2024,
          "fiscal_quarter": 1,
          "r2_url": "https://pub-2c783279b61043e19fbdadd1bee5153a.r2.dev/ABNB/2024-05-08/abnb-20240331.htm/abnb-20240331.pdf",
          "periodicity": "periodic"
        },
        {
          "equity_ticker": "ABNB",
          "geography": "US",
          "content_name": "ABNB Q4 2023 10-K",
          "file_type": "pdf",
          "content_type": "annual_report",
          "published_date": "2024-02-16",
          "fiscal_date": "2023-12-31",
          "fiscal_year": 2023,
          "fiscal_quarter": 4,
          "r2_url": "https://pub-2c783279b61043e19fbdadd1bee5153a.r2.dev/ABNB/2024-02-16/abnb-20231231.htm/abnb-20231231.pdf",
          "periodicity": "periodic"
        },
        {
          "equity_ticker": "ABNB",
          "geography": "US",
          "content_name": "ABNB Q3 2023 10-Q",
          "file_type": "pdf",
          "content_type": "quarterly_report",
          "published_date": "2023-11-01",
          "fiscal_date": "2023-09-30",
          "fiscal_year": 2023,
          "fiscal_quarter": 3,
          "r2_url": "https://pub-2c783279b61043e19fbdadd1bee5153a.r2.dev/ABNB/2023-11-01/abnb-20230930.htm/abnb-20230930.pdf",
          "periodicity": "periodic"
        },
        {
          "equity_ticker": "ABNB",
          "geography": "US",
          "content_name": "ABNB Q2 2023 10-Q",
          "file_type": "pdf",
          "content_type": "quarterly_report",
          "published_date": "2023-08-03",
          "fiscal_date": "2023-06-30",
          "fiscal_year": 2023,
          "fiscal_quarter": 2,
          "r2_url": "https://pub-2c783279b61043e19fbdadd1bee5153a.r2.dev/ABNB/2023-08-03/abnb-20230630.htm/abnb-20230630.pdf",
          "periodicity": "periodic"
        },
        {
          "equity_ticker": "ABNB",
          "geography": "US",
          "content_name": "ABNB Q1 2023 10-Q",
          "file_type": "pdf",
          "content_type": "quarterly_report",
          "published_date": "2023-05-09",
          "fiscal_date": "2023-03-31",
          "fiscal_year": 2023,
          "fiscal_quarter": 1,
          "r2_url": "https://pub-2c783279b61043e19fbdadd1bee5153a.r2.dev/ABNB/2023-05-09/abnb-20230331.htm/abnb-20230331.pdf",
          "periodicity": "periodic"
        },
        {
          "equity_ticker": "ABNB",
          "geography": "US",
          "content_name": "ABNB Q4 2022 10-K",
          "file_type": "pdf",
          "content_type": "annual_report",
          "published_date": "2023-02-17",
          "fiscal_date": "2022-12-31",
          "fiscal_year": 2022,
          "fiscal_quarter": 4,
          "r2_url": "https://pub-2c783279b61043e19fbdadd1bee5153a.r2.dev/ABNB/2023-02-17/abnb-20221231.htm/abnb-20221231.pdf",
          "periodicity": "periodic"
        },
        {
          "equity_ticker": "ABNB",
          "geography": "US",
          "content_name": "ABNB Q2 2022 10-Q",
          "file_type": "pdf",
          "content_type": "quarterly_report",
          "published_date": "2022-08-03",
          "fiscal_date": "2022-06-30",
          "fiscal_year": 2022,
          "fiscal_quarter": 2,
          "r2_url": "https://pub-2c783279b61043e19fbdadd1bee5153a.r2.dev/ABNB/2022-08-03/abnb-20220630.htm/abnb-20220630.pdf",
          "periodicity": "periodic"
        },
        {
          "equity_ticker": "ABNB",
          "geography": "US",
          "content_name": "ABNB Q1 2022 10-Q",
          "file_type": "pdf",
          "content_type": "quarterly_report",
          "published_date": "2022-05-09",
          "fiscal_date": "2022-03-31",
          "fiscal_year": 2022,
          "fiscal_quarter": 1,
          "r2_url": "https://pub-2c783279b61043e19fbdadd1bee5153a.r2.dev/ABNB/2022-05-09/abnb-20220331.htm/abnb-20220331.pdf",
          "periodicity": "periodic"
        },
        {
          "equity_ticker": "ABNB",
          "geography": "US",
          "content_name": "ABNB Q4 2021 10-K",
          "file_type": "pdf",
          "content_type": "annual_report",
          "published_date": "2022-02-25",
          "fiscal_date": "2021-12-31",
          "fiscal_year": 2021,
          "fiscal_quarter": 4,
          "r2_url": "https://pub-2c783279b61043e19fbdadd1bee5153a.r2.dev/ABNB/2022-02-25/abnb-20211231.htm/abnb-20211231.pdf",
          "periodicity": "periodic"
        },
        {
          "equity_ticker": "ABNB",
          "geography": "US",
          "content_name": "ABNB Q3 2021 10-Q",
          "file_type": "pdf",
          "content_type": "quarterly_report",
          "published_date": "2021-11-05",
          "fiscal_date": "2021-09-30",
          "fiscal_year": 2021,
          "fiscal_quarter": 3,
          "r2_url": "https://pub-2c783279b61043e19fbdadd1bee5153a.r2.dev/ABNB/2021-11-05/abnb-20210930.htm/abnb-20210930.pdf",
          "periodicity": "periodic"
        },
        {
          "equity_ticker": "ABNB",
          "geography": "US",
          "content_name": "ABNB Q2 2021 10-Q",
          "file_type": "pdf",
          "content_type": "quarterly_report",
          "published_date": "2021-08-13",
          "fiscal_date": "2021-06-30",
          "fiscal_year": 2021,
          "fiscal_quarter": 2,
          "r2_url": "https://pub-2c783279b61043e19fbdadd1bee5153a.r2.dev/ABNB/2021-08-13/abnb-20210630.htm/abnb-20210630.pdf",
          "periodicity": "periodic"
        },
        {
          "equity_ticker": "ABNB",
          "geography": "US",
          "content_name": "ABNB Q1 2021 10-Q",
          "file_type": "pdf",
          "content_type": "quarterly_report",
          "published_date": "2021-05-14",
          "fiscal_date": "2021-03-31",
          "fiscal_year": 2021,
          "fiscal_quarter": 1,
          "r2_url": "https://pub-2c783279b61043e19fbdadd1bee5153a.r2.dev/ABNB/2021-05-14/abnb-20210331.htm/abnb-20210331.pdf",
          "periodicity": "periodic"
        },
        {
          "equity_ticker": "ABNB",
          "geography": "US",
          "content_name": "ABNB Q4 2020 10-K",
          "file_type": "pdf",
          "content_type": "annual_report",
          "published_date": "2021-02-26",
          "fiscal_date": "2020-12-31",
          "fiscal_year": 2020,
          "fiscal_quarter": 4,
          "r2_url": "https://pub-2c783279b61043e19fbdadd1bee5153a.r2.dev/ABNB/2021-02-26/airbnb-10k.htm/airbnb-10k.pdf",
          "periodicity": "periodic"
        }
]