[
    {
        "equity_ticker": "APTV",
        "geography": "US",
        "content_name": "Barclays 42nd Annual Industrial Select Conference - February 19, 2025",
        "file_type": "pdf",
        "content_type": "sellside_conference_transcript",
        "published_date": "2025-02-19",
        "fiscal_date": "2025-02-19",
        "fiscal_year": null,
        "fiscal_quarter": null,
        "r2_url": "https://pub-2c783279b61043e19fbdadd1bee5153a.r2.dev/APTV/2025-02-19/Aptiv%20PLC_2025-02-19_transcript/Aptiv%20PLC_2025-02-19_transcript.pdf%5CAptiv%20PLC_2025-02-19_transcript.pdf",
        "periodicity": "non_periodic"
    },
    {
        "equity_ticker": "APTV",
        "geography": "US",
        "content_name": "Barclays 42nd Annual Industrial Select Conference - February 19, 2025",
        "file_type": "pdf",
        "content_type": "sellside_conference_presentation",
        "published_date": "2025-02-19",
        "fiscal_date": "2025-02-19",
        "fiscal_year": null,
        "fiscal_quarter": null,
        "r2_url": "https://pub-2c783279b61043e19fbdadd1bee5153a.r2.dev/APTV/2025-02-19/bce46-2025-02-19-02-18-22/bce46-2025-02-19-02-18-22.pdf%5Cbce46-2025-02-19-02-18-22.pdf",
        "periodicity": "non_periodic"
    },
    {
        "equity_ticker": "APTV",
        "geography": "US",
        "content_name": "Wolfe Semiconductor Conference - February 12, 2025",
        "file_type": "pdf",
        "content_type": "company_conference_transcript",
        "published_date": "2025-02-12",
        "fiscal_date": "2025-02-12",
        "fiscal_year": null,
        "fiscal_quarter": null,
        "r2_url": "https://pub-2c783279b61043e19fbdadd1bee5153a.r2.dev/APTV/2025-02-12/Aptiv%20PLC_2025-02-12_transcript/Aptiv%20PLC_2025-02-12_transcript.pdf%5CAptiv%20PLC_2025-02-12_transcript.pdf",
        "periodicity": "non_periodic"
    },
    {
        "equity_ticker": "APTV",
        "geography": "US",
        "content_name": "APTV Q4 2024 Transcript",
        "file_type": "pdf",
        "content_type": "earnings_transcript",
        "published_date": "2025-02-06",
        "fiscal_date": "2025-02-06",
        "fiscal_year": 2024,
        "fiscal_quarter": 4,
        "r2_url": "https://pub-2c783279b61043e19fbdadd1bee5153a.r2.dev/APTV/2025-02-06/Aptiv%20PLC_2025-02-06_transcript/Aptiv%20PLC_2025-02-06_transcript.pdf%5CAptiv%20PLC_2025-02-06_transcript.pdf",
        "periodicity": "periodic"
    },
    {
        "equity_ticker": "APTV",
        "geography": "US",
        "content_name": "APTV Q4 2024 Press Release",
        "file_type": "pdf",
        "content_type": "earnings_press_release",
        "published_date": "2025-02-06",
        "fiscal_date": "2025-02-06",
        "fiscal_year": 2024,
        "fiscal_quarter": 4,
        "r2_url": "https://pub-2c783279b61043e19fbdadd1bee5153a.r2.dev/APTV/2025-02-06/a7db8-2025-02-06-11-47-54/a7db8-2025-02-06-11-47-54.pdf%5Ca7db8-2025-02-06-11-47-54.pdf",
        "periodicity": "periodic"
    },
    {
        "equity_ticker": "APTV",
        "geography": "US",
        "content_name": "APTV Q4 2024 Presentation",
        "file_type": "pdf",
        "content_type": "earnings_presentation",
        "published_date": "2025-02-06",
        "fiscal_date": "2025-02-06",
        "fiscal_year": 2024,
        "fiscal_quarter": 4,
        "r2_url": "https://pub-2c783279b61043e19fbdadd1bee5153a.r2.dev/APTV/2025-02-06/495a5-2025-02-06-12-09-17/495a5-2025-02-06-12-09-17.pdf%5C495a5-2025-02-06-12-09-17.pdf",
        "periodicity": "periodic"
    },
    {
        "equity_ticker": "APTV",
        "geography": "US",
        "content_name": "Status Update - January 22, 2025",
        "file_type": "pdf",
        "content_type": "company_conference_transcript",
        "published_date": "2025-01-22",
        "fiscal_date": "2025-01-22",
        "fiscal_year": null,
        "fiscal_quarter": null,
        "r2_url": "https://pub-2c783279b61043e19fbdadd1bee5153a.r2.dev/APTV/2025-01-22/Aptiv%20PLC_2025-01-22_transcript/Aptiv%20PLC_2025-01-22_transcript.pdf%5CAptiv%20PLC_2025-01-22_transcript.pdf",
        "periodicity": "non_periodic"
    },
    {
        "equity_ticker": "APTV",
        "geography": "US",
        "content_name": "Status Update - January 22, 2025",
        "file_type": "pdf",
        "content_type": "company_conference_press_release",
        "published_date": "2025-01-22",
        "fiscal_date": "2025-01-22",
        "fiscal_year": null,
        "fiscal_quarter": null,
        "r2_url": "https://pub-2c783279b61043e19fbdadd1bee5153a.r2.dev/APTV/2025-01-22/39796-2025-01-22-03-49-00/39796-2025-01-22-03-49-00.pdf%5C39796-2025-01-22-03-49-00.pdf",
        "periodicity": "non_periodic"
    },
    {
        "equity_ticker": "APTV",
        "geography": "US",
        "content_name": "Status Update - January 22, 2025",
        "file_type": "pdf",
        "content_type": "company_conference_presentation",
        "published_date": "2025-01-22",
        "fiscal_date": "2025-01-22",
        "fiscal_year": null,
        "fiscal_quarter": null,
        "r2_url": "https://pub-2c783279b61043e19fbdadd1bee5153a.r2.dev/APTV/2025-01-22/28b64-2025-01-22-01-06-10/28b64-2025-01-22-01-06-10.pdf%5C28b64-2025-01-22-01-06-10.pdf",
        "periodicity": "non_periodic"
    },
    {
        "equity_ticker": "APTV",
        "geography": "US",
        "content_name": "UBS Global Industrials and Transportation Conference - December 4, 2024",
        "file_type": "pdf",
        "content_type": "sellside_conference_transcript",
        "published_date": "2024-12-04",
        "fiscal_date": "2024-12-04",
        "fiscal_year": null,
        "fiscal_quarter": null,
        "r2_url": "https://pub-2c783279b61043e19fbdadd1bee5153a.r2.dev/APTV/2024-12-04/Aptiv%20PLC_2024-12-04_transcript/Aptiv%20PLC_2024-12-04_transcript.pdf%5CAptiv%20PLC_2024-12-04_transcript.pdf",
        "periodicity": "non_periodic"
    },
    {
        "equity_ticker": "APTV",
        "geography": "US",
        "content_name": "Barclays Global Automotive and Mobility Tech Conference - November 21, 2024",
        "file_type": "pdf",
        "content_type": "sellside_conference_transcript",
        "published_date": "2024-11-21",
        "fiscal_date": "2024-11-21",
        "fiscal_year": null,
        "fiscal_quarter": null,
        "r2_url": "https://pub-2c783279b61043e19fbdadd1bee5153a.r2.dev/APTV/2024-11-21/Aptiv%20PLC_2024-11-21_transcript/Aptiv%20PLC_2024-11-21_transcript.pdf%5CAptiv%20PLC_2024-11-21_transcript.pdf",
        "periodicity": "non_periodic"
    },
    {
        "equity_ticker": "APTV",
        "geography": "US",
        "content_name": "APTV Q3 2024 Transcript",
        "file_type": "pdf",
        "content_type": "earnings_transcript",
        "published_date": "2024-10-31",
        "fiscal_date": "2024-10-31",
        "fiscal_year": 2024,
        "fiscal_quarter": 3,
        "r2_url": "https://pub-2c783279b61043e19fbdadd1bee5153a.r2.dev/APTV/2024-10-31/Aptiv%20PLC_2024-10-31_transcript/Aptiv%20PLC_2024-10-31_transcript.pdf%5CAptiv%20PLC_2024-10-31_transcript.pdf",
        "periodicity": "periodic"
    },
    {
        "equity_ticker": "APTV",
        "geography": "US",
        "content_name": "APTV Q3 2024 Press Release",
        "file_type": "pdf",
        "content_type": "earnings_press_release",
        "published_date": "2024-10-31",
        "fiscal_date": "2024-10-31",
        "fiscal_year": 2024,
        "fiscal_quarter": 3,
        "r2_url": "https://pub-2c783279b61043e19fbdadd1bee5153a.r2.dev/APTV/2024-10-31/7fdce-2024-10-31-10-44-56/7fdce-2024-10-31-10-44-56.pdf%5C7fdce-2024-10-31-10-44-56.pdf",
        "periodicity": "periodic"
    },
    {
        "equity_ticker": "APTV",
        "geography": "US",
        "content_name": "APTV Q3 2024 Presentation",
        "file_type": "pdf",
        "content_type": "earnings_presentation",
        "published_date": "2024-10-31",
        "fiscal_date": "2024-10-31",
        "fiscal_year": 2024,
        "fiscal_quarter": 3,
        "r2_url": "https://pub-2c783279b61043e19fbdadd1bee5153a.r2.dev/APTV/2024-10-31/ba60d-2024-10-31-10-40-57/ba60d-2024-10-31-10-40-57.pdf%5Cba60d-2024-10-31-10-40-57.pdf",
        "periodicity": "periodic"
    },
    {
        "equity_ticker": "APTV",
        "geography": "US",
        "content_name": "ADAS Roundtable Discussion - September 30, 2024",
        "file_type": "pdf",
        "content_type": "company_conference_transcript",
        "published_date": "2024-09-30",
        "fiscal_date": "2024-09-30",
        "fiscal_year": null,
        "fiscal_quarter": null,
        "r2_url": "https://pub-2c783279b61043e19fbdadd1bee5153a.r2.dev/APTV/2024-09-30/Aptiv%20PLC_2024-09-30_transcript/Aptiv%20PLC_2024-09-30_transcript.pdf%5CAptiv%20PLC_2024-09-30_transcript.pdf",
        "periodicity": "non_periodic"
    },
    {
        "equity_ticker": "APTV",
        "geography": "US",
        "content_name": "ADAS Roundtable Discussion - September 30, 2024",
        "file_type": "pdf",
        "content_type": "company_conference_presentation",
        "published_date": "2024-09-30",
        "fiscal_date": "2024-09-30",
        "fiscal_year": null,
        "fiscal_quarter": null,
        "r2_url": "https://pub-2c783279b61043e19fbdadd1bee5153a.r2.dev/APTV/2024-09-30/2c1fb-2024-10-04-07-49-38/2c1fb-2024-10-04-07-49-38.pdf%5C2c1fb-2024-10-04-07-49-38.pdf",
        "periodicity": "non_periodic"
    },
    {
        "equity_ticker": "APTV",
        "geography": "US",
        "content_name": "Morgan Stanley\u2018s 12th Annual Laguna Conference - September 11, 2024",
        "file_type": "pdf",
        "content_type": "sellside_conference_transcript",
        "published_date": "2024-09-11",
        "fiscal_date": "2024-09-11",
        "fiscal_year": null,
        "fiscal_quarter": null,
        "r2_url": "https://pub-2c783279b61043e19fbdadd1bee5153a.r2.dev/APTV/2024-09-11/Aptiv%20PLC_2024-09-11_transcript/Aptiv%20PLC_2024-09-11_transcript.pdf%5CAptiv%20PLC_2024-09-11_transcript.pdf",
        "periodicity": "non_periodic"
    },
    {
        "equity_ticker": "APTV",
        "geography": "US",
        "content_name": "Goldman Sachs Communacopia + Technology Conference 2024 - September 10, 2024",
        "file_type": "pdf",
        "content_type": "sellside_conference_transcript",
        "published_date": "2024-09-10",
        "fiscal_date": "2024-09-10",
        "fiscal_year": null,
        "fiscal_quarter": null,
        "r2_url": "https://pub-2c783279b61043e19fbdadd1bee5153a.r2.dev/APTV/2024-09-10/Aptiv%20PLC_2024-09-10_transcript/Aptiv%20PLC_2024-09-10_transcript.pdf%5CAptiv%20PLC_2024-09-10_transcript.pdf",
        "periodicity": "non_periodic"
    },
    {
        "equity_ticker": "APTV",
        "geography": "US",
        "content_name": "JPMorgan Auto Conference - August 7, 2024",
        "file_type": "pdf",
        "content_type": "sellside_conference_transcript",
        "published_date": "2024-08-07",
        "fiscal_date": "2024-08-07",
        "fiscal_year": null,
        "fiscal_quarter": null,
        "r2_url": "https://pub-2c783279b61043e19fbdadd1bee5153a.r2.dev/APTV/2024-08-07/Aptiv%20PLC_2024-08-07_transcript/Aptiv%20PLC_2024-08-07_transcript.pdf%5CAptiv%20PLC_2024-08-07_transcript.pdf",
        "periodicity": "non_periodic"
    },
    {
        "equity_ticker": "APTV",
        "geography": "US",
        "content_name": "APTV Q2 2024 Transcript",
        "file_type": "pdf",
        "content_type": "earnings_transcript",
        "published_date": "2024-08-01",
        "fiscal_date": "2024-08-01",
        "fiscal_year": 2024,
        "fiscal_quarter": 2,
        "r2_url": "https://pub-2c783279b61043e19fbdadd1bee5153a.r2.dev/APTV/2024-08-01/Aptiv%20PLC_2024-08-01_transcript/Aptiv%20PLC_2024-08-01_transcript.pdf%5CAptiv%20PLC_2024-08-01_transcript.pdf",
        "periodicity": "periodic"
    },
    {
        "equity_ticker": "APTV",
        "geography": "US",
        "content_name": "APTV Q2 2024 Press Release",
        "file_type": "pdf",
        "content_type": "earnings_press_release",
        "published_date": "2024-08-01",
        "fiscal_date": "2024-08-01",
        "fiscal_year": 2024,
        "fiscal_quarter": 2,
        "r2_url": "https://pub-2c783279b61043e19fbdadd1bee5153a.r2.dev/APTV/2024-08-01/96eec-2024-08-01-11-56-46/96eec-2024-08-01-11-56-46.pdf%5C96eec-2024-08-01-11-56-46.pdf",
        "periodicity": "periodic"
    },
    {
        "equity_ticker": "APTV",
        "geography": "US",
        "content_name": "APTV Q2 2024 Presentation",
        "file_type": "pdf",
        "content_type": "earnings_presentation",
        "published_date": "2024-08-01",
        "fiscal_date": "2024-08-01",
        "fiscal_year": 2024,
        "fiscal_quarter": 2,
        "r2_url": "https://pub-2c783279b61043e19fbdadd1bee5153a.r2.dev/APTV/2024-08-01/0e765-2024-08-01-11-12-17/0e765-2024-08-01-11-12-17.pdf%5C0e765-2024-08-01-11-12-17.pdf",
        "periodicity": "periodic"
    },
    {
        "equity_ticker": "APTV",
        "geography": "US",
        "content_name": "Deutsche Bank Global Auto Industry Conference - June 11, 2024",
        "file_type": "pdf",
        "content_type": "sellside_conference_transcript",
        "published_date": "2024-06-11",
        "fiscal_date": "2024-06-11",
        "fiscal_year": null,
        "fiscal_quarter": null,
        "r2_url": "https://pub-2c783279b61043e19fbdadd1bee5153a.r2.dev/APTV/2024-06-11/Aptiv%20PLC_2024-06-11_transcript/Aptiv%20PLC_2024-06-11_transcript.pdf%5CAptiv%20PLC_2024-06-11_transcript.pdf",
        "periodicity": "non_periodic"
    },
    {
        "equity_ticker": "APTV",
        "geography": "US",
        "content_name": "Deutsche Bank Global Auto Industry Conference - June 11, 2024",
        "file_type": "pdf",
        "content_type": "sellside_conference_presentation",
        "published_date": "2024-06-11",
        "fiscal_date": "2024-06-11",
        "fiscal_year": null,
        "fiscal_quarter": null,
        "r2_url": "https://pub-2c783279b61043e19fbdadd1bee5153a.r2.dev/APTV/2024-06-11/c0f8b-2024-08-12-07-23-38/c0f8b-2024-08-12-07-23-38.pdf%5Cc0f8b-2024-08-12-07-23-38.pdf",
        "periodicity": "non_periodic"
    },
    {
        "equity_ticker": "APTV",
        "geography": "US",
        "content_name": "APTV Q1 2024 Transcript",
        "file_type": "pdf",
        "content_type": "earnings_transcript",
        "published_date": "2024-05-02",
        "fiscal_date": "2024-05-02",
        "fiscal_year": 2024,
        "fiscal_quarter": 1,
        "r2_url": "https://pub-2c783279b61043e19fbdadd1bee5153a.r2.dev/APTV/2024-05-02/Aptiv%20PLC_2024-05-02_transcript/Aptiv%20PLC_2024-05-02_transcript.pdf%5CAptiv%20PLC_2024-05-02_transcript.pdf",
        "periodicity": "periodic"
    },
    {
        "equity_ticker": "APTV",
        "geography": "US",
        "content_name": "APTV Q1 2024 Press Release",
        "file_type": "pdf",
        "content_type": "earnings_press_release",
        "published_date": "2024-05-02",
        "fiscal_date": "2024-05-02",
        "fiscal_year": 2024,
        "fiscal_quarter": 1,
        "r2_url": "https://pub-2c783279b61043e19fbdadd1bee5153a.r2.dev/APTV/2024-05-02/1956a-2024-05-02-01-44-27/1956a-2024-05-02-01-44-27.pdf%5C1956a-2024-05-02-01-44-27.pdf",
        "periodicity": "periodic"
    },
    {
        "equity_ticker": "APTV",
        "geography": "US",
        "content_name": "Barclays 41st Annual Industrials Select Conference - February 21, 2024",
        "file_type": "pdf",
        "content_type": "sellside_conference_transcript",
        "published_date": "2024-02-21",
        "fiscal_date": "2024-02-21",
        "fiscal_year": null,
        "fiscal_quarter": null,
        "r2_url": "https://pub-2c783279b61043e19fbdadd1bee5153a.r2.dev/APTV/2024-02-21/Aptiv%20PLC_2024-02-21_transcript/Aptiv%20PLC_2024-02-21_transcript.pdf%5CAptiv%20PLC_2024-02-21_transcript.pdf",
        "periodicity": "non_periodic"
    },
    {
        "equity_ticker": "APTV",
        "geography": "US",
        "content_name": "Citi's 2024 Global Industrial Tech and Mobility Conference - February 20, 2024",
        "file_type": "pdf",
        "content_type": "sellside_conference_transcript",
        "published_date": "2024-02-20",
        "fiscal_date": "2024-02-20",
        "fiscal_year": null,
        "fiscal_quarter": null,
        "r2_url": "https://pub-2c783279b61043e19fbdadd1bee5153a.r2.dev/APTV/2024-02-20/Aptiv%20PLC_2024-02-20_transcript/Aptiv%20PLC_2024-02-20_transcript.pdf%5CAptiv%20PLC_2024-02-20_transcript.pdf",
        "periodicity": "non_periodic"
    },
    {
        "equity_ticker": "APTV",
        "geography": "US",
        "content_name": "Wolfe Research Global Auto and Auto Tech Conference 2024 - February 15, 2024",
        "file_type": "pdf",
        "content_type": "company_conference_transcript",
        "published_date": "2024-02-15",
        "fiscal_date": "2024-02-15",
        "fiscal_year": null,
        "fiscal_quarter": null,
        "r2_url": "https://pub-2c783279b61043e19fbdadd1bee5153a.r2.dev/APTV/2024-02-15/Aptiv%20PLC_2024-02-15_transcript/Aptiv%20PLC_2024-02-15_transcript.pdf%5CAptiv%20PLC_2024-02-15_transcript.pdf",
        "periodicity": "non_periodic"
    },
    {
        "equity_ticker": "APTV",
        "geography": "US",
        "content_name": "APTV Q4 2023 Transcript",
        "file_type": "pdf",
        "content_type": "earnings_transcript",
        "published_date": "2024-01-31",
        "fiscal_date": "2024-01-31",
        "fiscal_year": 2023,
        "fiscal_quarter": 4,
        "r2_url": "https://pub-2c783279b61043e19fbdadd1bee5153a.r2.dev/APTV/2024-01-31/Aptiv%20PLC_2024-01-31_transcript/Aptiv%20PLC_2024-01-31_transcript.pdf%5CAptiv%20PLC_2024-01-31_transcript.pdf",
        "periodicity": "periodic"
    },
    {
        "equity_ticker": "APTV",
        "geography": "US",
        "content_name": "APTV Q4 2023 Press Release",
        "file_type": "pdf",
        "content_type": "earnings_press_release",
        "published_date": "2024-01-31",
        "fiscal_date": "2024-01-31",
        "fiscal_year": 2023,
        "fiscal_quarter": 4,
        "r2_url": "https://pub-2c783279b61043e19fbdadd1bee5153a.r2.dev/APTV/2024-01-31/da2c2-2024-02-01-07-47-14/da2c2-2024-02-01-07-47-14.pdf%5Cda2c2-2024-02-01-07-47-14.pdf",
        "periodicity": "periodic"
    },
    {
        "equity_ticker": "APTV",
        "geography": "US",
        "content_name": "APTV Q4 2023 Presentation",
        "file_type": "pdf",
        "content_type": "earnings_presentation",
        "published_date": "2024-01-31",
        "fiscal_date": "2024-01-31",
        "fiscal_year": 2023,
        "fiscal_quarter": 4,
        "r2_url": "https://pub-2c783279b61043e19fbdadd1bee5153a.r2.dev/APTV/2024-01-31/d0e6a-2024-01-31-11-57-58/d0e6a-2024-01-31-11-57-58.pdf%5Cd0e6a-2024-01-31-11-57-58.pdf",
        "periodicity": "periodic"
    },
    {
        "equity_ticker": "APTV",
        "geography": "US",
        "content_name": "Barclays Global Automotive and Mobility Tech Conference - November 30, 2023",
        "file_type": "pdf",
        "content_type": "sellside_conference_transcript",
        "published_date": "2023-11-30",
        "fiscal_date": "2023-11-30",
        "fiscal_year": null,
        "fiscal_quarter": null,
        "r2_url": "https://pub-2c783279b61043e19fbdadd1bee5153a.r2.dev/APTV/2023-11-30/Aptiv%20PLC_2023-11-30_transcript/Aptiv%20PLC_2023-11-30_transcript.pdf%5CAptiv%20PLC_2023-11-30_transcript.pdf",
        "periodicity": "non_periodic"
    },
    {
        "equity_ticker": "APTV",
        "geography": "US",
        "content_name": "APTV Q3 2023 Transcript",
        "file_type": "pdf",
        "content_type": "earnings_transcript",
        "published_date": "2023-11-02",
        "fiscal_date": "2023-11-02",
        "fiscal_year": 2023,
        "fiscal_quarter": 3,
        "r2_url": "https://pub-2c783279b61043e19fbdadd1bee5153a.r2.dev/APTV/2023-11-02/Aptiv%20PLC_2023-11-02_transcript/Aptiv%20PLC_2023-11-02_transcript.pdf%5CAptiv%20PLC_2023-11-02_transcript.pdf",
        "periodicity": "periodic"
    },
    {
        "equity_ticker": "APTV",
        "geography": "US",
        "content_name": "APTV Q3 2023 Press Release",
        "file_type": "pdf",
        "content_type": "earnings_press_release",
        "published_date": "2023-11-02",
        "fiscal_date": "2023-11-02",
        "fiscal_year": 2023,
        "fiscal_quarter": 3,
        "r2_url": "https://pub-2c783279b61043e19fbdadd1bee5153a.r2.dev/APTV/2023-11-02/a4470-2023-11-02-01-44-10/a4470-2023-11-02-01-44-10.pdf%5Ca4470-2023-11-02-01-44-10.pdf",
        "periodicity": "periodic"
    },
    {
        "equity_ticker": "APTV",
        "geography": "US",
        "content_name": "APTV Q3 2023 Presentation",
        "file_type": "pdf",
        "content_type": "earnings_presentation",
        "published_date": "2023-11-02",
        "fiscal_date": "2023-11-02",
        "fiscal_year": 2023,
        "fiscal_quarter": 3,
        "r2_url": "https://pub-2c783279b61043e19fbdadd1bee5153a.r2.dev/APTV/2023-11-02/39d6a-2023-11-02-11-20-04/39d6a-2023-11-02-11-20-04.pdf%5C39d6a-2023-11-02-11-20-04.pdf",
        "periodicity": "periodic"
    },
    {
        "equity_ticker": "APTV",
        "geography": "US",
        "content_name": "Investor Update - September 19, 2023",
        "file_type": "pdf",
        "content_type": "company_conference_transcript",
        "published_date": "2023-09-19",
        "fiscal_date": "2023-09-19",
        "fiscal_year": null,
        "fiscal_quarter": null,
        "r2_url": "https://pub-2c783279b61043e19fbdadd1bee5153a.r2.dev/APTV/2023-09-19/Aptiv%20PLC_2023-09-19_transcript/Aptiv%20PLC_2023-09-19_transcript.pdf%5CAptiv%20PLC_2023-09-19_transcript.pdf",
        "periodicity": "non_periodic"
    },
    {
        "equity_ticker": "APTV",
        "geography": "US",
        "content_name": "Investor Update - September 19, 2023",
        "file_type": "pdf",
        "content_type": "company_conference_presentation",
        "published_date": "2023-09-19",
        "fiscal_date": "2023-09-19",
        "fiscal_year": null,
        "fiscal_quarter": null,
        "r2_url": "https://pub-2c783279b61043e19fbdadd1bee5153a.r2.dev/APTV/2023-09-19/1ae35-2024-08-12-07-13-34/1ae35-2024-08-12-07-13-34.pdf%5C1ae35-2024-08-12-07-13-34.pdf",
        "periodicity": "non_periodic"
    },
    {
        "equity_ticker": "APTV",
        "geography": "US",
        "content_name": "Morgan Stanley 11th Annual Laguna Conference - September 12, 2023",
        "file_type": "pdf",
        "content_type": "sellside_conference_transcript",
        "published_date": "2023-09-12",
        "fiscal_date": "2023-09-12",
        "fiscal_year": null,
        "fiscal_quarter": null,
        "r2_url": "https://pub-2c783279b61043e19fbdadd1bee5153a.r2.dev/APTV/2023-09-12/Aptiv%20PLC_2023-09-12_transcript/Aptiv%20PLC_2023-09-12_transcript.pdf%5CAptiv%20PLC_2023-09-12_transcript.pdf",
        "periodicity": "non_periodic"
    },
    {
        "equity_ticker": "APTV",
        "geography": "US",
        "content_name": "J.P. Morgan Auto Conference - August 9, 2023",
        "file_type": "pdf",
        "content_type": "sellside_conference_transcript",
        "published_date": "2023-08-09",
        "fiscal_date": "2023-08-09",
        "fiscal_year": null,
        "fiscal_quarter": null,
        "r2_url": "https://pub-2c783279b61043e19fbdadd1bee5153a.r2.dev/APTV/2023-08-09/Aptiv%20PLC_2023-08-09_transcript/Aptiv%20PLC_2023-08-09_transcript.pdf%5CAptiv%20PLC_2023-08-09_transcript.pdf",
        "periodicity": "non_periodic"
    },
    {
        "equity_ticker": "APTV",
        "geography": "US",
        "content_name": "APTV Q2 2023 Transcript",
        "file_type": "pdf",
        "content_type": "earnings_transcript",
        "published_date": "2023-08-03",
        "fiscal_date": "2023-08-03",
        "fiscal_year": 2023,
        "fiscal_quarter": 2,
        "r2_url": "https://pub-2c783279b61043e19fbdadd1bee5153a.r2.dev/APTV/2023-08-03/Aptiv%20PLC_2023-08-03_transcript/Aptiv%20PLC_2023-08-03_transcript.pdf%5CAptiv%20PLC_2023-08-03_transcript.pdf",
        "periodicity": "periodic"
    },
    {
        "equity_ticker": "APTV",
        "geography": "US",
        "content_name": "APTV Q2 2023 Press Release",
        "file_type": "pdf",
        "content_type": "earnings_press_release",
        "published_date": "2023-08-03",
        "fiscal_date": "2023-08-03",
        "fiscal_year": 2023,
        "fiscal_quarter": 2,
        "r2_url": "https://pub-2c783279b61043e19fbdadd1bee5153a.r2.dev/APTV/2023-08-03/3f72c-2023-08-04-04-21-40/3f72c-2023-08-04-04-21-40.pdf%5C3f72c-2023-08-04-04-21-40.pdf",
        "periodicity": "periodic"
    },
    {
        "equity_ticker": "APTV",
        "geography": "US",
        "content_name": "APTV Q2 2023 Presentation",
        "file_type": "pdf",
        "content_type": "earnings_presentation",
        "published_date": "2023-08-03",
        "fiscal_date": "2023-08-03",
        "fiscal_year": 2023,
        "fiscal_quarter": 2,
        "r2_url": "https://pub-2c783279b61043e19fbdadd1bee5153a.r2.dev/APTV/2023-08-03/303c4-2023-08-03-11-31-00/303c4-2023-08-03-11-31-00.pdf%5C303c4-2023-08-03-11-31-00.pdf",
        "periodicity": "periodic"
    },
    {
        "equity_ticker": "APTV",
        "geography": "US",
        "content_name": "APTV Q1 2023 Transcript",
        "file_type": "pdf",
        "content_type": "earnings_transcript",
        "published_date": "2023-05-04",
        "fiscal_date": "2023-05-04",
        "fiscal_year": 2023,
        "fiscal_quarter": 1,
        "r2_url": "https://pub-2c783279b61043e19fbdadd1bee5153a.r2.dev/APTV/2023-05-04/Aptiv%20PLC_2023-05-04_transcript/Aptiv%20PLC_2023-05-04_transcript.pdf%5CAptiv%20PLC_2023-05-04_transcript.pdf",
        "periodicity": "periodic"
    },
    {
        "equity_ticker": "APTV",
        "geography": "US",
        "content_name": "APTV Q1 2023 Press Release",
        "file_type": "pdf",
        "content_type": "earnings_press_release",
        "published_date": "2023-05-04",
        "fiscal_date": "2023-05-04",
        "fiscal_year": 2023,
        "fiscal_quarter": 1,
        "r2_url": "https://pub-2c783279b61043e19fbdadd1bee5153a.r2.dev/APTV/2023-05-04/f474e-2023-05-04-02-29-15/f474e-2023-05-04-02-29-15.pdf%5Cf474e-2023-05-04-02-29-15.pdf",
        "periodicity": "periodic"
    },
    {
        "equity_ticker": "APTV",
        "geography": "US",
        "content_name": "APTV Q1 2023 Presentation",
        "file_type": "pdf",
        "content_type": "earnings_presentation",
        "published_date": "2023-05-04",
        "fiscal_date": "2023-05-04",
        "fiscal_year": 2023,
        "fiscal_quarter": 1,
        "r2_url": "https://pub-2c783279b61043e19fbdadd1bee5153a.r2.dev/APTV/2023-05-04/c73f0-2023-05-04-02-29-15/c73f0-2023-05-04-02-29-15.pdf%5Cc73f0-2023-05-04-02-29-15.pdf",
        "periodicity": "periodic"
    },
    {
        "equity_ticker": "APTV",
        "geography": "US",
        "content_name": "Investor Day 2023 - February 14, 2023",
        "file_type": "pdf",
        "content_type": "company_conference_transcript",
        "published_date": "2023-02-14",
        "fiscal_date": "2023-02-14",
        "fiscal_year": null,
        "fiscal_quarter": null,
        "r2_url": "https://pub-2c783279b61043e19fbdadd1bee5153a.r2.dev/APTV/2023-02-14/Aptiv%20PLC_2023-02-14_transcript/Aptiv%20PLC_2023-02-14_transcript.pdf%5CAptiv%20PLC_2023-02-14_transcript.pdf",
        "periodicity": "non_periodic"
    },
    {
        "equity_ticker": "APTV",
        "geography": "US",
        "content_name": "APTV Q4 2022 Transcript",
        "file_type": "pdf",
        "content_type": "earnings_transcript",
        "published_date": "2023-02-02",
        "fiscal_date": "2023-02-02",
        "fiscal_year": 2022,
        "fiscal_quarter": 4,
        "r2_url": "https://pub-2c783279b61043e19fbdadd1bee5153a.r2.dev/APTV/2023-02-02/Aptiv%20PLC_2023-02-02_transcript/Aptiv%20PLC_2023-02-02_transcript.pdf%5CAptiv%20PLC_2023-02-02_transcript.pdf",
        "periodicity": "periodic"
    },
    {
        "equity_ticker": "APTV",
        "geography": "US",
        "content_name": "APTV Q4 2022 Press Release",
        "file_type": "pdf",
        "content_type": "earnings_press_release",
        "published_date": "2023-02-02",
        "fiscal_date": "2023-02-02",
        "fiscal_year": 2022,
        "fiscal_quarter": 4,
        "r2_url": "https://pub-2c783279b61043e19fbdadd1bee5153a.r2.dev/APTV/2023-02-02/59ac5-2023-03-29-02-06-17/59ac5-2023-03-29-02-06-17.pdf%5C59ac5-2023-03-29-02-06-17.pdf",
        "periodicity": "periodic"
    },
    {
        "equity_ticker": "APTV",
        "geography": "US",
        "content_name": "APTV Q4 2022 Presentation",
        "file_type": "pdf",
        "content_type": "earnings_presentation",
        "published_date": "2023-02-02",
        "fiscal_date": "2023-02-02",
        "fiscal_year": 2022,
        "fiscal_quarter": 4,
        "r2_url": "https://pub-2c783279b61043e19fbdadd1bee5153a.r2.dev/APTV/2023-02-02/beb7b-2023-02-02-12-33-06/beb7b-2023-02-02-12-33-06.pdf%5Cbeb7b-2023-02-02-12-33-06.pdf",
        "periodicity": "periodic"
    },
    {
        "equity_ticker": "APTV",
        "geography": "US",
        "content_name": "APTV Q3 2022 Transcript",
        "file_type": "pdf",
        "content_type": "earnings_transcript",
        "published_date": "2022-11-03",
        "fiscal_date": "2022-11-03",
        "fiscal_year": 2022,
        "fiscal_quarter": 3,
        "r2_url": "https://pub-2c783279b61043e19fbdadd1bee5153a.r2.dev/APTV/2022-11-03/Aptiv%20PLC_2022-11-03_transcript/Aptiv%20PLC_2022-11-03_transcript.pdf%5CAptiv%20PLC_2022-11-03_transcript.pdf",
        "periodicity": "periodic"
    },
    {
        "equity_ticker": "APTV",
        "geography": "US",
        "content_name": "APTV Q3 2022 Press Release",
        "file_type": "pdf",
        "content_type": "quarterly_report",
        "published_date": "2022-11-03",
        "fiscal_date": "2022-11-03",
        "fiscal_year": 2022,
        "fiscal_quarter": 3,
        "r2_url": "https://pub-2c783279b61043e19fbdadd1bee5153a.r2.dev/APTV/2022-11-03/80819-2024-08-29-07-30-52/80819-2024-08-29-07-30-52.pdf%5C80819-2024-08-29-07-30-52.pdf",
        "periodicity": "periodic"
    },
    {
        "equity_ticker": "APTV",
        "geography": "US",
        "content_name": "APTV Q3 2022 Presentation",
        "file_type": "pdf",
        "content_type": "earnings_presentation",
        "published_date": "2022-11-03",
        "fiscal_date": "2022-11-03",
        "fiscal_year": 2022,
        "fiscal_quarter": 3,
        "r2_url": "https://pub-2c783279b61043e19fbdadd1bee5153a.r2.dev/APTV/2022-11-03/8fad4-2022-11-07-02-27-27/8fad4-2022-11-07-02-27-27.pdf%5C8fad4-2022-11-07-02-27-27.pdf",
        "periodicity": "periodic"
    },
    {
        "equity_ticker": "APTV",
        "geography": "US",
        "content_name": "APTV Q2 2022 Transcript",
        "file_type": "pdf",
        "content_type": "earnings_transcript",
        "published_date": "2022-08-04",
        "fiscal_date": "2022-08-04",
        "fiscal_year": 2022,
        "fiscal_quarter": 2,
        "r2_url": "https://pub-2c783279b61043e19fbdadd1bee5153a.r2.dev/APTV/2022-08-04/Aptiv%20PLC_2022-08-04_transcript/Aptiv%20PLC_2022-08-04_transcript.pdf%5CAptiv%20PLC_2022-08-04_transcript.pdf",
        "periodicity": "periodic"
    },
    {
        "equity_ticker": "APTV",
        "geography": "US",
        "content_name": "APTV Q2 2022 Press Release",
        "file_type": "pdf",
        "content_type": "quarterly_report",
        "published_date": "2022-08-04",
        "fiscal_date": "2022-08-04",
        "fiscal_year": 2022,
        "fiscal_quarter": 2,
        "r2_url": "https://pub-2c783279b61043e19fbdadd1bee5153a.r2.dev/APTV/2022-08-04/77f45-2024-08-29-07-35-52/77f45-2024-08-29-07-35-52.pdf%5C77f45-2024-08-29-07-35-52.pdf",
        "periodicity": "periodic"
    },
    {
        "equity_ticker": "APTV",
        "geography": "US",
        "content_name": "APTV Q2 2022 Presentation",
        "file_type": "pdf",
        "content_type": "earnings_presentation",
        "published_date": "2022-08-04",
        "fiscal_date": "2022-08-04",
        "fiscal_year": 2022,
        "fiscal_quarter": 2,
        "r2_url": "https://pub-2c783279b61043e19fbdadd1bee5153a.r2.dev/APTV/2022-08-04/c968a-2022-08-05-10-21-23/c968a-2022-08-05-10-21-23.pdf%5Cc968a-2022-08-05-10-21-23.pdf",
        "periodicity": "periodic"
    },
    {
        "equity_ticker": "APTV",
        "geography": "US",
        "content_name": "APTV Q1 2022 Transcript",
        "file_type": "pdf",
        "content_type": "earnings_transcript",
        "published_date": "2022-05-05",
        "fiscal_date": "2022-05-05",
        "fiscal_year": 2022,
        "fiscal_quarter": 1,
        "r2_url": "https://pub-2c783279b61043e19fbdadd1bee5153a.r2.dev/APTV/2022-05-05/Aptiv%20PLC_2022-05-05_transcript/Aptiv%20PLC_2022-05-05_transcript.pdf%5CAptiv%20PLC_2022-05-05_transcript.pdf",
        "periodicity": "periodic"
    },
    {
        "equity_ticker": "APTV",
        "geography": "US",
        "content_name": "APTV Q1 2022 Press Release",
        "file_type": "pdf",
        "content_type": "quarterly_report",
        "published_date": "2022-05-05",
        "fiscal_date": "2022-05-05",
        "fiscal_year": 2022,
        "fiscal_quarter": 1,
        "r2_url": "https://pub-2c783279b61043e19fbdadd1bee5153a.r2.dev/APTV/2022-05-05/9c022-2024-08-29-07-34-52/9c022-2024-08-29-07-34-52.pdf%5C9c022-2024-08-29-07-34-52.pdf",
        "periodicity": "periodic"
    },
    {
        "equity_ticker": "APTV",
        "geography": "US",
        "content_name": "APTV Q1 2022 Presentation",
        "file_type": "pdf",
        "content_type": "earnings_presentation",
        "published_date": "2022-05-05",
        "fiscal_date": "2022-05-05",
        "fiscal_year": 2022,
        "fiscal_quarter": 1,
        "r2_url": "https://pub-2c783279b61043e19fbdadd1bee5153a.r2.dev/APTV/2022-05-05/e2a75-2022-05-05-10-16-49-migrated/e2a75-2022-05-05-10-16-49-migrated.pdf%5Ce2a75-2022-05-05-10-16-49-migrated.pdf",
        "periodicity": "periodic"
    },
    {
        "equity_ticker": "APTV",
        "geography": "US",
        "content_name": "APTV Q4 2021 Transcript",
        "file_type": "pdf",
        "content_type": "earnings_transcript",
        "published_date": "2022-02-03",
        "fiscal_date": "2022-02-03",
        "fiscal_year": 2021,
        "fiscal_quarter": 4,
        "r2_url": "https://pub-2c783279b61043e19fbdadd1bee5153a.r2.dev/APTV/2022-02-03/Aptiv%20PLC_2022-02-03_transcript/Aptiv%20PLC_2022-02-03_transcript.pdf%5CAptiv%20PLC_2022-02-03_transcript.pdf",
        "periodicity": "periodic"
    },
    {
        "equity_ticker": "APTV",
        "geography": "US",
        "content_name": "APTV Q4 2021 Press Release",
        "file_type": "pdf",
        "content_type": "earnings_press_release",
        "published_date": "2022-02-03",
        "fiscal_date": "2022-02-03",
        "fiscal_year": 2021,
        "fiscal_quarter": 4,
        "r2_url": "https://pub-2c783279b61043e19fbdadd1bee5153a.r2.dev/APTV/2022-02-03/553ea-2025-03-05-10-32-11/553ea-2025-03-05-10-32-11.pdf%5C553ea-2025-03-05-10-32-11.pdf",
        "periodicity": "periodic"
    },
    {
        "equity_ticker": "APTV",
        "geography": "US",
        "content_name": "APTV Q4 2021 Presentation",
        "file_type": "pdf",
        "content_type": "earnings_presentation",
        "published_date": "2022-02-03",
        "fiscal_date": "2022-02-03",
        "fiscal_year": 2021,
        "fiscal_quarter": 4,
        "r2_url": "https://pub-2c783279b61043e19fbdadd1bee5153a.r2.dev/APTV/2022-02-03/239bb-2022-02-03-02-02-30-migrated/239bb-2022-02-03-02-02-30-migrated.pdf%5C239bb-2022-02-03-02-02-30-migrated.pdf",
        "periodicity": "periodic"
    },
    {
        "equity_ticker": "APTV",
        "geography": "US",
        "content_name": "M&A Announcement - January 11, 2022",
        "file_type": "pdf",
        "content_type": "company_conference_transcript",
        "published_date": "2022-01-11",
        "fiscal_date": "2022-01-11",
        "fiscal_year": null,
        "fiscal_quarter": null,
        "r2_url": "https://pub-2c783279b61043e19fbdadd1bee5153a.r2.dev/APTV/2022-01-11/Aptiv%20PLC_2022-01-11_transcript/Aptiv%20PLC_2022-01-11_transcript.pdf%5CAptiv%20PLC_2022-01-11_transcript.pdf",
        "periodicity": "non_periodic"
    },
    {
        "equity_ticker": "APTV",
        "geography": "US",
        "content_name": "M&A Announcement - January 11, 2022",
        "file_type": "pdf",
        "content_type": "company_conference_press_release",
        "published_date": "2022-01-11",
        "fiscal_date": "2022-01-11",
        "fiscal_year": null,
        "fiscal_quarter": null,
        "r2_url": "https://pub-2c783279b61043e19fbdadd1bee5153a.r2.dev/APTV/2022-01-11/00be6-2025-03-05-10-13-10/00be6-2025-03-05-10-13-10.pdf%5C00be6-2025-03-05-10-13-10.pdf",
        "periodicity": "non_periodic"
    },
    {
        "equity_ticker": "APTV",
        "geography": "US",
        "content_name": "M&A Announcement - January 11, 2022",
        "file_type": "pdf",
        "content_type": "company_conference_presentation",
        "published_date": "2022-01-11",
        "fiscal_date": "2022-01-11",
        "fiscal_year": null,
        "fiscal_quarter": null,
        "r2_url": "https://pub-2c783279b61043e19fbdadd1bee5153a.r2.dev/APTV/2022-01-11/aed54-2022-01-11-12-00-00-migrated/aed54-2022-01-11-12-00-00-migrated.pdf%5Caed54-2022-01-11-12-00-00-migrated.pdf",
        "periodicity": "non_periodic"
    },
    {
        "equity_ticker": "APTV",
        "geography": "US",
        "content_name": "APTV Q3 2021 Transcript",
        "file_type": "pdf",
        "content_type": "earnings_transcript",
        "published_date": "2021-11-04",
        "fiscal_date": "2021-11-04",
        "fiscal_year": 2021,
        "fiscal_quarter": 3,
        "r2_url": "https://pub-2c783279b61043e19fbdadd1bee5153a.r2.dev/APTV/2021-11-04/Aptiv%20PLC_2021-11-04_transcript/Aptiv%20PLC_2021-11-04_transcript.pdf%5CAptiv%20PLC_2021-11-04_transcript.pdf",
        "periodicity": "periodic"
    },
    {
        "equity_ticker": "APTV",
        "geography": "US",
        "content_name": "APTV Q3 2021 Press Release",
        "file_type": "pdf",
        "content_type": "quarterly_report",
        "published_date": "2021-11-04",
        "fiscal_date": "2021-11-04",
        "fiscal_year": 2021,
        "fiscal_quarter": 3,
        "r2_url": "https://pub-2c783279b61043e19fbdadd1bee5153a.r2.dev/APTV/2021-11-04/7eb71-2024-08-29-07-35-52/7eb71-2024-08-29-07-35-52.pdf%5C7eb71-2024-08-29-07-35-52.pdf",
        "periodicity": "periodic"
    },
    {
        "equity_ticker": "APTV",
        "geography": "US",
        "content_name": "APTV Q3 2021 Presentation",
        "file_type": "pdf",
        "content_type": "earnings_presentation",
        "published_date": "2021-11-04",
        "fiscal_date": "2021-11-04",
        "fiscal_year": 2021,
        "fiscal_quarter": 3,
        "r2_url": "https://pub-2c783279b61043e19fbdadd1bee5153a.r2.dev/APTV/2021-11-04/5184a-2021-11-04-12-00-00-migrated/5184a-2021-11-04-12-00-00-migrated.pdf%5C5184a-2021-11-04-12-00-00-migrated.pdf",
        "periodicity": "periodic"
    },
    {
        "equity_ticker": "APTV",
        "geography": "US",
        "content_name": "APTV Q2 2021 Transcript",
        "file_type": "pdf",
        "content_type": "earnings_transcript",
        "published_date": "2021-08-05",
        "fiscal_date": "2021-08-05",
        "fiscal_year": 2021,
        "fiscal_quarter": 2,
        "r2_url": "https://pub-2c783279b61043e19fbdadd1bee5153a.r2.dev/APTV/2021-08-05/Aptiv%20PLC_2021-08-05_transcript/Aptiv%20PLC_2021-08-05_transcript.pdf%5CAptiv%20PLC_2021-08-05_transcript.pdf",
        "periodicity": "periodic"
    },
    {
        "equity_ticker": "APTV",
        "geography": "US",
        "content_name": "APTV Q2 2021 Press Release",
        "file_type": "pdf",
        "content_type": "quarterly_report",
        "published_date": "2021-08-05",
        "fiscal_date": "2021-08-05",
        "fiscal_year": 2021,
        "fiscal_quarter": 2,
        "r2_url": "https://pub-2c783279b61043e19fbdadd1bee5153a.r2.dev/APTV/2021-08-05/c1938-2024-08-29-07-46-52/c1938-2024-08-29-07-46-52.pdf%5Cc1938-2024-08-29-07-46-52.pdf",
        "periodicity": "periodic"
    },
    {
        "equity_ticker": "APTV",
        "geography": "US",
        "content_name": "APTV Q2 2021 Presentation",
        "file_type": "pdf",
        "content_type": "earnings_presentation",
        "published_date": "2021-08-05",
        "fiscal_date": "2021-08-05",
        "fiscal_year": 2021,
        "fiscal_quarter": 2,
        "r2_url": "https://pub-2c783279b61043e19fbdadd1bee5153a.r2.dev/APTV/2021-08-05/ee632-2021-08-05-12-00-00-migrated/ee632-2021-08-05-12-00-00-migrated.pdf%5Cee632-2021-08-05-12-00-00-migrated.pdf",
        "periodicity": "periodic"
    },
    {
        "equity_ticker": "APTV",
        "geography": "US",
        "content_name": "APTV Q1 2021 Transcript",
        "file_type": "pdf",
        "content_type": "earnings_transcript",
        "published_date": "2021-05-06",
        "fiscal_date": "2021-05-06",
        "fiscal_year": 2021,
        "fiscal_quarter": 1,
        "r2_url": "https://pub-2c783279b61043e19fbdadd1bee5153a.r2.dev/APTV/2021-05-06/Aptiv%20PLC_2021-05-06_transcript/Aptiv%20PLC_2021-05-06_transcript.pdf%5CAptiv%20PLC_2021-05-06_transcript.pdf",
        "periodicity": "periodic"
    },
    {
        "equity_ticker": "APTV",
        "geography": "US",
        "content_name": "APTV Q1 2021 Press Release",
        "file_type": "pdf",
        "content_type": "earnings_press_release",
        "published_date": "2021-05-06",
        "fiscal_date": "2021-05-06",
        "fiscal_year": 2021,
        "fiscal_quarter": 1,
        "r2_url": "https://pub-2c783279b61043e19fbdadd1bee5153a.r2.dev/APTV/2021-05-06/9844b-2023-01-25-09-50-33/9844b-2023-01-25-09-50-33.pdf%5C9844b-2023-01-25-09-50-33.pdf",
        "periodicity": "periodic"
    },
    {
        "equity_ticker": "APTV",
        "geography": "US",
        "content_name": "APTV Q1 2021 Presentation",
        "file_type": "pdf",
        "content_type": "earnings_presentation",
        "published_date": "2021-05-06",
        "fiscal_date": "2021-05-06",
        "fiscal_year": 2021,
        "fiscal_quarter": 1,
        "r2_url": "https://pub-2c783279b61043e19fbdadd1bee5153a.r2.dev/APTV/2021-05-06/10303-2021-05-06-05-17-45-migrated/10303-2021-05-06-05-17-45-migrated.pdf%5C10303-2021-05-06-05-17-45-migrated.pdf",
        "periodicity": "periodic"
    },
    {
        "equity_ticker": "APTV",
        "geography": "US",
        "content_name": "APTV Q4 2020 Transcript",
        "file_type": "pdf",
        "content_type": "earnings_transcript",
        "published_date": "2021-02-08",
        "fiscal_date": "2021-02-08",
        "fiscal_year": 2020,
        "fiscal_quarter": 4,
        "r2_url": "https://pub-2c783279b61043e19fbdadd1bee5153a.r2.dev/APTV/2021-02-08/Aptiv%20PLC_2021-02-08_transcript/Aptiv%20PLC_2021-02-08_transcript.pdf%5CAptiv%20PLC_2021-02-08_transcript.pdf",
        "periodicity": "periodic"
    },
    {
        "equity_ticker": "APTV",
        "geography": "US",
        "content_name": "APTV Q4 2020 Press Release",
        "file_type": "pdf",
        "content_type": "annual_report",
        "published_date": "2021-02-08",
        "fiscal_date": "2021-02-08",
        "fiscal_year": 2020,
        "fiscal_quarter": 4,
        "r2_url": "https://pub-2c783279b61043e19fbdadd1bee5153a.r2.dev/APTV/2021-02-08/f5340-2023-09-05-06-31-29/f5340-2023-09-05-06-31-29.pdf%5Cf5340-2023-09-05-06-31-29.pdf",
        "periodicity": "periodic"
    },
    {
        "equity_ticker": "APTV",
        "geography": "US",
        "content_name": "APTV Q3 2020 Transcript",
        "file_type": "pdf",
        "content_type": "earnings_transcript",
        "published_date": "2020-10-29",
        "fiscal_date": "2020-10-29",
        "fiscal_year": 2020,
        "fiscal_quarter": 3,
        "r2_url": "https://pub-2c783279b61043e19fbdadd1bee5153a.r2.dev/APTV/2020-10-29/Aptiv%20PLC_2020-10-29_transcript/Aptiv%20PLC_2020-10-29_transcript.pdf%5CAptiv%20PLC_2020-10-29_transcript.pdf",
        "periodicity": "periodic"
    },
    {
        "equity_ticker": "APTV",
        "geography": "US",
        "content_name": "APTV Q2 2020 Transcript",
        "file_type": "pdf",
        "content_type": "earnings_transcript",
        "published_date": "2020-07-30",
        "fiscal_date": "2020-07-30",
        "fiscal_year": 2020,
        "fiscal_quarter": 2,
        "r2_url": "https://pub-2c783279b61043e19fbdadd1bee5153a.r2.dev/APTV/2020-07-30/Aptiv%20PLC_2020-07-30_transcript/Aptiv%20PLC_2020-07-30_transcript.pdf%5CAptiv%20PLC_2020-07-30_transcript.pdf",
        "periodicity": "periodic"
    },
    {
        "equity_ticker": "APTV",
        "geography": "US",
        "content_name": "APTV Q1 2020 Transcript",
        "file_type": "pdf",
        "content_type": "earnings_transcript",
        "published_date": "2020-05-05",
        "fiscal_date": "2020-05-05",
        "fiscal_year": 2020,
        "fiscal_quarter": 1,
        "r2_url": "https://pub-2c783279b61043e19fbdadd1bee5153a.r2.dev/APTV/2020-05-05/Aptiv%20PLC_2020-05-05_transcript/Aptiv%20PLC_2020-05-05_transcript.pdf%5CAptiv%20PLC_2020-05-05_transcript.pdf",
        "periodicity": "periodic"
    },
    {
        "equity_ticker": "APTV",
        "geography": "US",
        "content_name": "APTV Q4 2019 Transcript",
        "file_type": "pdf",
        "content_type": "earnings_transcript",
        "published_date": "2020-02-03",
        "fiscal_date": "2020-02-03",
        "fiscal_year": 2019,
        "fiscal_quarter": 4,
        "r2_url": "https://pub-2c783279b61043e19fbdadd1bee5153a.r2.dev/APTV/2020-02-03/Aptiv%20PLC_2020-02-03_transcript/Aptiv%20PLC_2020-02-03_transcript.pdf%5CAptiv%20PLC_2020-02-03_transcript.pdf",
        "periodicity": "periodic"
    },
    {
        "equity_ticker": "APTV",
        "geography": "US",
        "content_name": "APTV Q4 2019 Press Release",
        "file_type": "pdf",
        "content_type": "annual_report",
        "published_date": "2020-02-03",
        "fiscal_date": "2020-02-03",
        "fiscal_year": 2019,
        "fiscal_quarter": 4,
        "r2_url": "https://pub-2c783279b61043e19fbdadd1bee5153a.r2.dev/APTV/2020-02-03/b2176-2023-09-05-06-50-29/b2176-2023-09-05-06-50-29.pdf%5Cb2176-2023-09-05-06-50-29.pdf",
        "periodicity": "periodic"
    },
    {
        "equity_ticker": "APTV",
        "geography": "US",
        "content_name": "APTV Q3 2019 Transcript",
        "file_type": "pdf",
        "content_type": "earnings_transcript",
        "published_date": "2019-10-30",
        "fiscal_date": "2019-10-30",
        "fiscal_year": 2019,
        "fiscal_quarter": 3,
        "r2_url": "https://pub-2c783279b61043e19fbdadd1bee5153a.r2.dev/APTV/2019-10-30/Aptiv%20PLC_2019-10-30_transcript/Aptiv%20PLC_2019-10-30_transcript.pdf%5CAptiv%20PLC_2019-10-30_transcript.pdf",
        "periodicity": "periodic"
    },
    {
        "equity_ticker": "APTV",
        "geography": "US",
        "content_name": "APTV Q2 2019 Transcript",
        "file_type": "pdf",
        "content_type": "earnings_transcript",
        "published_date": "2019-07-31",
        "fiscal_date": "2019-07-31",
        "fiscal_year": 2019,
        "fiscal_quarter": 2,
        "r2_url": "https://pub-2c783279b61043e19fbdadd1bee5153a.r2.dev/APTV/2019-07-31/Aptiv%20PLC_2019-07-31_transcript/Aptiv%20PLC_2019-07-31_transcript.pdf%5CAptiv%20PLC_2019-07-31_transcript.pdf",
        "periodicity": "periodic"
    },
    {
        "equity_ticker": "APTV",
        "geography": "US",
        "content_name": "APTV Q1 2019 Transcript",
        "file_type": "pdf",
        "content_type": "earnings_transcript",
        "published_date": "2019-05-02",
        "fiscal_date": "2019-05-02",
        "fiscal_year": 2019,
        "fiscal_quarter": 1,
        "r2_url": "https://pub-2c783279b61043e19fbdadd1bee5153a.r2.dev/APTV/2019-05-02/Aptiv%20PLC_2019-05-02_transcript/Aptiv%20PLC_2019-05-02_transcript.pdf%5CAptiv%20PLC_2019-05-02_transcript.pdf",
        "periodicity": "periodic"
    },
    {
        "equity_ticker": "APTV",
        "geography": "US",
        "content_name": "APTV Q4 2018 Transcript",
        "file_type": "pdf",
        "content_type": "earnings_transcript",
        "published_date": "2019-02-04",
        "fiscal_date": "2019-02-04",
        "fiscal_year": 2018,
        "fiscal_quarter": 4,
        "r2_url": "https://pub-2c783279b61043e19fbdadd1bee5153a.r2.dev/APTV/2019-02-04/Aptiv%20PLC_2019-02-04_transcript/Aptiv%20PLC_2019-02-04_transcript.pdf%5CAptiv%20PLC_2019-02-04_transcript.pdf",
        "periodicity": "periodic"
    },
    {
        "equity_ticker": "APTV",
        "geography": "US",
        "content_name": "APTV Q4 2018 Press Release",
        "file_type": "pdf",
        "content_type": "annual_report",
        "published_date": "2019-02-04",
        "fiscal_date": "2019-02-04",
        "fiscal_year": 2018,
        "fiscal_quarter": 4,
        "r2_url": "https://pub-2c783279b61043e19fbdadd1bee5153a.r2.dev/APTV/2019-02-04/c6b0f-2023-09-05-06-01-30/c6b0f-2023-09-05-06-01-30.pdf%5Cc6b0f-2023-09-05-06-01-30.pdf",
        "periodicity": "periodic"
    },
    {
        "equity_ticker": "APTV",
        "geography": "US",
        "content_name": "APTV Q3 2018 Transcript",
        "file_type": "pdf",
        "content_type": "earnings_transcript",
        "published_date": "2018-10-31",
        "fiscal_date": "2018-10-31",
        "fiscal_year": 2018,
        "fiscal_quarter": 3,
        "r2_url": "https://pub-2c783279b61043e19fbdadd1bee5153a.r2.dev/APTV/2018-10-31/Aptiv%20PLC_2018-10-31_transcript/Aptiv%20PLC_2018-10-31_transcript.pdf%5CAptiv%20PLC_2018-10-31_transcript.pdf",
        "periodicity": "periodic"
    },
    {
        "equity_ticker": "APTV",
        "geography": "US",
        "content_name": "APTV Q2 2018 Transcript",
        "file_type": "pdf",
        "content_type": "earnings_transcript",
        "published_date": "2018-07-31",
        "fiscal_date": "2018-07-31",
        "fiscal_year": 2018,
        "fiscal_quarter": 2,
        "r2_url": "https://pub-2c783279b61043e19fbdadd1bee5153a.r2.dev/APTV/2018-07-31/Aptiv%20PLC_2018-07-31_transcript/Aptiv%20PLC_2018-07-31_transcript.pdf%5CAptiv%20PLC_2018-07-31_transcript.pdf",
        "periodicity": "periodic"
    },
    {
        "equity_ticker": "APTV",
        "geography": "US",
        "content_name": "APTV Q1 2018 Transcript",
        "file_type": "pdf",
        "content_type": "earnings_transcript",
        "published_date": "2018-05-02",
        "fiscal_date": "2018-05-02",
        "fiscal_year": 2018,
        "fiscal_quarter": 1,
        "r2_url": "https://pub-2c783279b61043e19fbdadd1bee5153a.r2.dev/APTV/2018-05-02/Aptiv%20PLC_2018-05-02_transcript/Aptiv%20PLC_2018-05-02_transcript.pdf%5CAptiv%20PLC_2018-05-02_transcript.pdf",
        "periodicity": "periodic"
    },
    {
        "equity_ticker": "APTV",
        "geography": "US",
        "content_name": "APTV Q4 2017 Transcript",
        "file_type": "pdf",
        "content_type": "earnings_transcript",
        "published_date": "2018-02-05",
        "fiscal_date": "2018-02-05",
        "fiscal_year": 2017,
        "fiscal_quarter": 4,
        "r2_url": "https://pub-2c783279b61043e19fbdadd1bee5153a.r2.dev/APTV/2018-02-05/Aptiv%20PLC_2018-02-05_transcript/Aptiv%20PLC_2018-02-05_transcript.pdf%5CAptiv%20PLC_2018-02-05_transcript.pdf",
        "periodicity": "periodic"
    },
    {
        "equity_ticker": "APTV",
        "geography": "US",
        "content_name": "APTV Q4 2017 Press Release",
        "file_type": "pdf",
        "content_type": "annual_report",
        "published_date": "2018-02-05",
        "fiscal_date": "2018-02-05",
        "fiscal_year": 2017,
        "fiscal_quarter": 4,
        "r2_url": "https://pub-2c783279b61043e19fbdadd1bee5153a.r2.dev/APTV/2018-02-05/073dc-2023-09-05-06-17-30/073dc-2023-09-05-06-17-30.pdf%5C073dc-2023-09-05-06-17-30.pdf",
        "periodicity": "periodic"
    },
    {
        "equity_ticker": "APTV",
        "geography": "US",
        "content_name": "APTV Q3 2017 Transcript",
        "file_type": "pdf",
        "content_type": "earnings_transcript",
        "published_date": "2017-11-02",
        "fiscal_date": "2017-11-02",
        "fiscal_year": 2017,
        "fiscal_quarter": 3,
        "r2_url": "https://pub-2c783279b61043e19fbdadd1bee5153a.r2.dev/APTV/2017-11-02/Aptiv%20PLC_2017-11-02_transcript/Aptiv%20PLC_2017-11-02_transcript.pdf%5CAptiv%20PLC_2017-11-02_transcript.pdf",
        "periodicity": "periodic"
    },
    {
        "equity_ticker": "APTV",
        "geography": "US",
        "content_name": "APTV Q2 2017 Transcript",
        "file_type": "pdf",
        "content_type": "earnings_transcript",
        "published_date": "2017-08-02",
        "fiscal_date": "2017-08-02",
        "fiscal_year": 2017,
        "fiscal_quarter": 2,
        "r2_url": "https://pub-2c783279b61043e19fbdadd1bee5153a.r2.dev/APTV/2017-08-02/Aptiv%20PLC_2017-08-02_transcript/Aptiv%20PLC_2017-08-02_transcript.pdf%5CAptiv%20PLC_2017-08-02_transcript.pdf",
        "periodicity": "periodic"
    },
    {
        "equity_ticker": "APTV",
        "geography": "US",
        "content_name": "APTV Q1 2017 Transcript",
        "file_type": "pdf",
        "content_type": "earnings_transcript",
        "published_date": "2017-05-03",
        "fiscal_date": "2017-05-03",
        "fiscal_year": 2017,
        "fiscal_quarter": 1,
        "r2_url": "https://pub-2c783279b61043e19fbdadd1bee5153a.r2.dev/APTV/2017-05-03/Aptiv%20PLC_2017-05-03_transcript/Aptiv%20PLC_2017-05-03_transcript.pdf%5CAptiv%20PLC_2017-05-03_transcript.pdf",
        "periodicity": "periodic"
    },
    {
        "equity_ticker": "APTV",
        "geography": "US",
        "content_name": "APTV Q4 2024 10-K",
        "file_type": "pdf",
        "content_type": "annual_report",
        "published_date": "2025-02-07",
        "fiscal_date": "2024-12-31",
        "fiscal_year": 2024,
        "fiscal_quarter": 4,
        "r2_url": "https://pub-2c783279b61043e19fbdadd1bee5153a.r2.dev/APTV/2025-02-07/aptv-20241231.htm%5Captv-20241231.pdf",
        "periodicity": "periodic"
      },
      {
        "equity_ticker": "APTV",
        "geography": "US",
        "content_name": "APTV Q3 2024 10-Q",
        "file_type": "pdf",
        "content_type": "quarterly_report",
        "published_date": "2024-10-31",
        "fiscal_date": "2024-09-30",
        "fiscal_year": 2024,
        "fiscal_quarter": 3,
        "r2_url": "https://pub-2c783279b61043e19fbdadd1bee5153a.r2.dev/APTV/2024-10-31/aptv-20240930.htm%5Captv-20240930.pdf",
        "periodicity": "periodic"
      },
      {
        "equity_ticker": "APTV",
        "geography": "US",
        "content_name": "APTV Q2 2024 10-Q",
        "file_type": "pdf",
        "content_type": "quarterly_report",
        "published_date": "2024-08-01",
        "fiscal_date": "2024-06-30",
        "fiscal_year": 2024,
        "fiscal_quarter": 2,
        "r2_url": "https://pub-2c783279b61043e19fbdadd1bee5153a.r2.dev/APTV/2024-08-01/aptv-20240630.htm%5Captv-20240630.pdf",
        "periodicity": "periodic"
      },
      {
        "equity_ticker": "APTV",
        "geography": "US",
        "content_name": "APTV Q1 2024 10-Q",
        "file_type": "pdf",
        "content_type": "quarterly_report",
        "published_date": "2024-05-02",
        "fiscal_date": "2024-03-31",
        "fiscal_year": 2024,
        "fiscal_quarter": 1,
        "r2_url": "https://pub-2c783279b61043e19fbdadd1bee5153a.r2.dev/APTV/2024-05-02/aptv-20240331.htm%5Captv-20240331.pdf",
        "periodicity": "periodic"
      },
      {
        "equity_ticker": "APTV",
        "geography": "US",
        "content_name": "APTV Q4 2023 10-K",
        "file_type": "pdf",
        "content_type": "annual_report",
        "published_date": "2024-02-06",
        "fiscal_date": "2023-12-31",
        "fiscal_year": 2023,
        "fiscal_quarter": 4,
        "r2_url": "https://pub-2c783279b61043e19fbdadd1bee5153a.r2.dev/APTV/2024-02-06/aptv-20231231.htm%5Captv-20231231.pdf",
        "periodicity": "periodic"
      },
      {
        "equity_ticker": "APTV",
        "geography": "US",
        "content_name": "APTV Q3 2023 10-Q",
        "file_type": "pdf",
        "content_type": "quarterly_report",
        "published_date": "2023-11-02",
        "fiscal_date": "2023-09-30",
        "fiscal_year": 2023,
        "fiscal_quarter": 3,
        "r2_url": "https://pub-2c783279b61043e19fbdadd1bee5153a.r2.dev/APTV/2023-11-02/aptv-20230930.htm%5Captv-20230930.pdf",
        "periodicity": "periodic"
      },
      {
        "equity_ticker": "APTV",
        "geography": "US",
        "content_name": "APTV Q2 2023 10-Q",
        "file_type": "pdf",
        "content_type": "quarterly_report",
        "published_date": "2023-08-03",
        "fiscal_date": "2023-06-30",
        "fiscal_year": 2023,
        "fiscal_quarter": 2,
        "r2_url": "https://pub-2c783279b61043e19fbdadd1bee5153a.r2.dev/APTV/2023-08-03/aptv-20230630.htm%5Captv-20230630.pdf",
        "periodicity": "periodic"
      },
      {
        "equity_ticker": "APTV",
        "geography": "US",
        "content_name": "APTV Q1 2023 10-Q",
        "file_type": "pdf",
        "content_type": "quarterly_report",
        "published_date": "2023-05-04",
        "fiscal_date": "2023-03-31",
        "fiscal_year": 2023,
        "fiscal_quarter": 1,
        "r2_url": "https://pub-2c783279b61043e19fbdadd1bee5153a.r2.dev/APTV/2023-05-04/aptv-20230331.htm%5Captv-20230331.pdf",
        "periodicity": "periodic"
      },
      {
        "equity_ticker": "APTV",
        "geography": "US",
        "content_name": "APTV Q4 2022 10-K",
        "file_type": "pdf",
        "content_type": "annual_report",
        "published_date": "2023-02-08",
        "fiscal_date": "2022-12-31",
        "fiscal_year": 2022,
        "fiscal_quarter": 4,
        "r2_url": "https://pub-2c783279b61043e19fbdadd1bee5153a.r2.dev/APTV/2023-02-08/aptv-20221231.htm%5Captv-20221231.pdf",
        "periodicity": "periodic"
      },
      {
        "equity_ticker": "APTV",
        "geography": "US",
        "content_name": "APTV Q3 2022 10-Q",
        "file_type": "pdf",
        "content_type": "quarterly_report",
        "published_date": "2022-11-03",
        "fiscal_date": "2022-09-30",
        "fiscal_year": 2022,
        "fiscal_quarter": 3,
        "r2_url": "https://pub-2c783279b61043e19fbdadd1bee5153a.r2.dev/APTV/2022-11-03/aptv-20220930.htm%5Captv-20220930.pdf",
        "periodicity": "periodic"
      },
      {
        "equity_ticker": "APTV",
        "geography": "US",
        "content_name": "APTV Q2 2022 10-Q",
        "file_type": "pdf",
        "content_type": "quarterly_report",
        "published_date": "2022-08-04",
        "fiscal_date": "2022-06-30",
        "fiscal_year": 2022,
        "fiscal_quarter": 2,
        "r2_url": "https://pub-2c783279b61043e19fbdadd1bee5153a.r2.dev/APTV/2022-08-04/aptv-20220630.htm%5Captv-20220630.pdf",
        "periodicity": "periodic"
      },
      {
        "equity_ticker": "APTV",
        "geography": "US",
        "content_name": "APTV Q1 2022 10-Q",
        "file_type": "pdf",
        "content_type": "quarterly_report",
        "published_date": "2022-05-05",
        "fiscal_date": "2022-03-31",
        "fiscal_year": 2022,
        "fiscal_quarter": 1,
        "r2_url": "https://pub-2c783279b61043e19fbdadd1bee5153a.r2.dev/APTV/2022-05-05/aptv-20220331.htm%5Cix.pdf",
        "periodicity": "periodic"
      },
      {
        "equity_ticker": "APTV",
        "geography": "US",
        "content_name": "APTV Q4 2021 10-K",
        "file_type": "pdf",
        "content_type": "annual_report",
        "published_date": "2022-02-07",
        "fiscal_date": "2021-12-31",
        "fiscal_year": 2021,
        "fiscal_quarter": 4,
        "r2_url": "https://pub-2c783279b61043e19fbdadd1bee5153a.r2.dev/APTV/2022-02-07/aptv-20211231.htm%5Captv-20211231.pdf",
        "periodicity": "periodic"
      },
      {
        "equity_ticker": "APTV",
        "geography": "US",
        "content_name": "APTV Q3 2021 10-Q",
        "file_type": "pdf",
        "content_type": "quarterly_report",
        "published_date": "2021-11-04",
        "fiscal_date": "2021-09-30",
        "fiscal_year": 2021,
        "fiscal_quarter": 3,
        "r2_url": "https://pub-2c783279b61043e19fbdadd1bee5153a.r2.dev/APTV/2021-11-04/aptv-20210930.htm%5Captv-20210930.pdf",
        "periodicity": "periodic"
      },
      {
        "equity_ticker": "APTV",
        "geography": "US",
        "content_name": "APTV Q2 2021 10-Q",
        "file_type": "pdf",
        "content_type": "quarterly_report",
        "published_date": "2021-08-05",
        "fiscal_date": "2021-06-30",
        "fiscal_year": 2021,
        "fiscal_quarter": 2,
        "r2_url": "https://pub-2c783279b61043e19fbdadd1bee5153a.r2.dev/APTV/2021-08-05/aptv-20210630.htm%5Captv-20210630.pdf",
        "periodicity": "periodic"
      },
      {
        "equity_ticker": "APTV",
        "geography": "US",
        "content_name": "APTV Q1 2021 10-Q",
        "file_type": "pdf",
        "content_type": "quarterly_report",
        "published_date": "2021-05-06",
        "fiscal_date": "2021-03-31",
        "fiscal_year": 2021,
        "fiscal_quarter": 1,
        "r2_url": "https://pub-2c783279b61043e19fbdadd1bee5153a.r2.dev/APTV/2021-05-06/aptv-20210331.htm%5Captv-20210331.pdf",
        "periodicity": "periodic"
      },
      {
        "equity_ticker": "APTV",
        "geography": "US",
        "content_name": "APTV Q4 2020 10-K",
        "file_type": "pdf",
        "content_type": "annual_report",
        "published_date": "2021-02-08",
        "fiscal_date": "2020-12-31",
        "fiscal_year": 2020,
        "fiscal_quarter": 4,
        "r2_url": "https://pub-2c783279b61043e19fbdadd1bee5153a.r2.dev/APTV/2021-02-08/aptv-20201231.htm%5Captv-20201231.pdf",
        "periodicity": "periodic"
      },
      {
        "equity_ticker": "APTV",
        "geography": "US",
        "content_name": "APTV Q3 2020 10-Q",
        "file_type": "pdf",
        "content_type": "quarterly_report",
        "published_date": "2020-10-29",
        "fiscal_date": "2020-09-30",
        "fiscal_year": 2020,
        "fiscal_quarter": 3,
        "r2_url": "https://pub-2c783279b61043e19fbdadd1bee5153a.r2.dev/APTV/2020-10-29/aptv-20200930.htm%5Captv-20200930.pdf",
        "periodicity": "periodic"
      },
      {
        "equity_ticker": "APTV",
        "geography": "US",
        "content_name": "APTV Q2 2020 10-Q",
        "file_type": "pdf",
        "content_type": "quarterly_report",
        "published_date": "2020-07-30",
        "fiscal_date": "2020-06-30",
        "fiscal_year": 2020,
        "fiscal_quarter": 2,
        "r2_url": "https://pub-2c783279b61043e19fbdadd1bee5153a.r2.dev/APTV/2020-07-30/aptv-20200630.htm%5Cix.pdf",
        "periodicity": "periodic"
      },
      {
        "equity_ticker": "APTV",
        "geography": "US",
        "content_name": "APTV Q1 2020 10-Q",
        "file_type": "pdf",
        "content_type": "quarterly_report",
        "published_date": "2020-05-05",
        "fiscal_date": "2020-03-31",
        "fiscal_year": 2020,
        "fiscal_quarter": 1,
        "r2_url": "https://pub-2c783279b61043e19fbdadd1bee5153a.r2.dev/APTV/2020-05-05/aptv-20200331.htm%5Cix.pdf",
        "periodicity": "periodic"
      },
      {
        "equity_ticker": "APTV",
        "geography": "US",
        "content_name": "APTV Q4 2019 10-K",
        "file_type": "pdf",
        "content_type": "annual_report",
        "published_date": "2020-02-03",
        "fiscal_date": "2019-12-31",
        "fiscal_year": 2019,
        "fiscal_quarter": 4,
        "r2_url": "https://pub-2c783279b61043e19fbdadd1bee5153a.r2.dev/APTV/2020-02-03/aptv1231201910-k.htm%5Cix.pdf",
        "periodicity": "periodic"
      },
      {
        "equity_ticker": "APTV",
        "geography": "US",
        "content_name": "APTV Q3 2019 10-Q",
        "file_type": "pdf",
        "content_type": "quarterly_report",
        "published_date": "2019-10-30",
        "fiscal_date": "2019-09-30",
        "fiscal_year": 2019,
        "fiscal_quarter": 3,
        "r2_url": "https://pub-2c783279b61043e19fbdadd1bee5153a.r2.dev/APTV/2019-10-30/aptv930201910-q.htm%5Cix.pdf",
        "periodicity": "periodic"
      },
      {
        "equity_ticker": "APTV",
        "geography": "US",
        "content_name": "APTV Q2 2019 10-Q",
        "file_type": "pdf",
        "content_type": "quarterly_report",
        "published_date": "2019-07-31",
        "fiscal_date": "2019-06-30",
        "fiscal_year": 2019,
        "fiscal_quarter": 2,
        "r2_url": "https://pub-2c783279b61043e19fbdadd1bee5153a.r2.dev/APTV/2019-07-31/aptv630201910-q.htm%5Cix.pdf",
        "periodicity": "periodic"
      },
      {
        "equity_ticker": "APTV",
        "geography": "US",
        "content_name": "APTV Q1 2019 10-Q",
        "file_type": "pdf",
        "content_type": "quarterly_report",
        "published_date": "2019-05-02",
        "fiscal_date": "2019-03-31",
        "fiscal_year": 2019,
        "fiscal_quarter": 1,
        "r2_url": "https://pub-2c783279b61043e19fbdadd1bee5153a.r2.dev/APTV/2019-05-02/aptv331201910-q.htm%5Cix.pdf",
        "periodicity": "periodic"
      },
      {
        "equity_ticker": "APTV",
        "geography": "US",
        "content_name": "APTV Q4 2018 10-K",
        "file_type": "pdf",
        "content_type": "annual_report",
        "published_date": "2019-02-04",
        "fiscal_date": "2018-12-31",
        "fiscal_year": 2018,
        "fiscal_quarter": 4,
        "r2_url": "https://pub-2c783279b61043e19fbdadd1bee5153a.r2.dev/APTV/2019-02-04/aptv1231201810k.htm%5Captv1231201810k.pdf",
        "periodicity": "periodic"
      },
      {
        "equity_ticker": "APTV",
        "geography": "US",
        "content_name": "APTV Q3 2018 10-Q",
        "file_type": "pdf",
        "content_type": "quarterly_report",
        "published_date": "2018-10-31",
        "fiscal_date": "2018-09-30",
        "fiscal_year": 2018,
        "fiscal_quarter": 3,
        "r2_url": "https://pub-2c783279b61043e19fbdadd1bee5153a.r2.dev/APTV/2018-10-31/aptv930201810-q.htm%5Captv930201810-q.pdf",
        "periodicity": "periodic"
      },
      {
        "equity_ticker": "APTV",
        "geography": "US",
        "content_name": "APTV Q2 2018 10-Q",
        "file_type": "pdf",
        "content_type": "quarterly_report",
        "published_date": "2018-07-31",
        "fiscal_date": "2018-06-30",
        "fiscal_year": 2018,
        "fiscal_quarter": 2,
        "r2_url": "https://pub-2c783279b61043e19fbdadd1bee5153a.r2.dev/APTV/2018-07-31/aptv630201810-q.htm%5Captv630201810-q.pdf",
        "periodicity": "periodic"
      },
      {
        "equity_ticker": "APTV",
        "geography": "US",
        "content_name": "APTV Q1 2018 10-Q",
        "file_type": "pdf",
        "content_type": "quarterly_report",
        "published_date": "2018-05-02",
        "fiscal_date": "2018-03-31",
        "fiscal_year": 2018,
        "fiscal_quarter": 1,
        "r2_url": "https://pub-2c783279b61043e19fbdadd1bee5153a.r2.dev/APTV/2018-05-02/aptv331201810-q.htm%5Captv331201810-q.pdf",
        "periodicity": "periodic"
      },
      {
        "equity_ticker": "APTV",
        "geography": "US",
        "content_name": "APTV Q4 2018 10-K",
        "file_type": "pdf",
        "content_type": "annual_report",
        "published_date": "2018-02-05",
        "fiscal_date": "2018-02-05",
        "fiscal_year": 2018,
        "fiscal_quarter": 4,
        "r2_url": "https://pub-2c783279b61043e19fbdadd1bee5153a.r2.dev/APTV/2018-02-05/aptv1231201710k.htm%5Captv1231201710k.pdf",
        "periodicity": "periodic"
      },
      {
        "equity_ticker": "APTV",
        "geography": "US",
        "content_name": "APTV Q3 2018 10-Q",
        "file_type": "pdf",
        "content_type": "quarterly_report",
        "published_date": "2017-11-02",
        "fiscal_date": "2017-09-30",
        "fiscal_year": 2018,
        "fiscal_quarter": 3,
        "r2_url": "https://pub-2c783279b61043e19fbdadd1bee5153a.r2.dev/APTV/2017-11-02/dlph930201710q.htm%5Cdlph930201710q.pdf",
        "periodicity": "periodic"
      },
      {
        "equity_ticker": "APTV",
        "geography": "US",
        "content_name": "APTV Q2 2018 10-Q",
        "file_type": "pdf",
        "content_type": "quarterly_report",
        "published_date": "2017-08-02",
        "fiscal_date": "2017-06-30",
        "fiscal_year": 2018,
        "fiscal_quarter": 2,
        "r2_url": "https://pub-2c783279b61043e19fbdadd1bee5153a.r2.dev/APTV/2017-08-02/dlph630201710q.htm%5Cdlph630201710q.pdf",
        "periodicity": "periodic"
      },
      {
        "equity_ticker": "APTV",
        "geography": "US",
        "content_name": "APTV Q1 2018 10-Q",
        "file_type": "pdf",
        "content_type": "quarterly_report",
        "published_date": "2017-05-03",
        "fiscal_date": "2017-03-31",
        "fiscal_year": 2018,
        "fiscal_quarter": 1,
        "r2_url": "https://pub-2c783279b61043e19fbdadd1bee5153a.r2.dev/APTV/2017-05-03/dlph331201710q.htm%5Cdlph331201710q.pdf",
        "periodicity": "periodic"
      },
      {
        "equity_ticker": "APTV",
        "geography": "US",
        "content_name": "APTV Q4 2016 10-K",
        "file_type": "pdf",
        "content_type": "annual_report",
        "published_date": "2017-02-06",
        "fiscal_date": "2016-12-31",
        "fiscal_year": 2016,
        "fiscal_quarter": 4,
        "r2_url": "https://pub-2c783279b61043e19fbdadd1bee5153a.r2.dev/APTV/2017-02-06/dlph1231201610k.htm%5Cdlph1231201610k.pdf",
        "periodicity": "periodic"
      },
      {
        "equity_ticker": "APTV",
        "geography": "US",
        "content_name": "APTV Q3 2016 10-Q",
        "file_type": "pdf",
        "content_type": "quarterly_report",
        "published_date": "2016-11-02",
        "fiscal_date": "2016-09-30",
        "fiscal_year": 2016,
        "fiscal_quarter": 3,
        "r2_url": "https://pub-2c783279b61043e19fbdadd1bee5153a.r2.dev/APTV/2016-11-02/dlph930201610q.htm%5Cdlph930201610q.pdf",
        "periodicity": "periodic"
      },
      {
        "equity_ticker": "APTV",
        "geography": "US",
        "content_name": "APTV Q2 2016 10-Q",
        "file_type": "pdf",
        "content_type": "quarterly_report",
        "published_date": "2016-08-03",
        "fiscal_date": "2016-06-30",
        "fiscal_year": 2016,
        "fiscal_quarter": 2,
        "r2_url": "https://pub-2c783279b61043e19fbdadd1bee5153a.r2.dev/APTV/2016-08-03/dlph630201610q.htm%5Cdlph630201610q.pdf",
        "periodicity": "periodic"
      },
      {
        "equity_ticker": "APTV",
        "geography": "US",
        "content_name": "APTV Q1 2016 10-Q",
        "file_type": "pdf",
        "content_type": "quarterly_report",
        "published_date": "2016-05-04",
        "fiscal_date": "2016-03-31",
        "fiscal_year": 2016,
        "fiscal_quarter": 1,
        "r2_url": "https://pub-2c783279b61043e19fbdadd1bee5153a.r2.dev/APTV/2016-05-04/dlph331201610q.htm%5Cdlph331201610q.pdf",
        "periodicity": "periodic"
      },
      {
        "equity_ticker": "APTV",
        "geography": "US",
        "content_name": "APTV Q4 2015 10-K",
        "file_type": "pdf",
        "content_type": "annual_report",
        "published_date": "2016-02-08",
        "fiscal_date": "2015-12-31",
        "fiscal_year": 2015,
        "fiscal_quarter": 4,
        "r2_url": "https://pub-2c783279b61043e19fbdadd1bee5153a.r2.dev/APTV/2016-02-08/dlph1231201510k.htm%5Cdlph1231201510k.pdf",
        "periodicity": "periodic"
      },
      {
        "equity_ticker": "APTV",
        "geography": "US",
        "content_name": "APTV Q3 2015 10-Q",
        "file_type": "pdf",
        "content_type": "quarterly_report",
        "published_date": "2015-10-29",
        "fiscal_date": "2015-09-30",
        "fiscal_year": 2015,
        "fiscal_quarter": 3,
        "r2_url": "https://pub-2c783279b61043e19fbdadd1bee5153a.r2.dev/APTV/2015-10-29/dlph930201510q.htm%5Cdlph930201510q.pdf",
        "periodicity": "periodic"
      },
      {
        "equity_ticker": "APTV",
        "geography": "US",
        "content_name": "APTV Q2 2015 10-Q",
        "file_type": "pdf",
        "content_type": "quarterly_report",
        "published_date": "2015-07-30",
        "fiscal_date": "2015-06-30",
        "fiscal_year": 2015,
        "fiscal_quarter": 2,
        "r2_url": "https://pub-2c783279b61043e19fbdadd1bee5153a.r2.dev/APTV/2015-07-30/dlph630201510q.htm%5Cdlph630201510q.pdf",
        "periodicity": "periodic"
      },
      {
        "equity_ticker": "APTV",
        "geography": "US",
        "content_name": "APTV Q1 2015 10-Q",
        "file_type": "pdf",
        "content_type": "quarterly_report",
        "published_date": "2015-04-30",
        "fiscal_date": "2015-03-31",
        "fiscal_year": 2015,
        "fiscal_quarter": 1,
        "r2_url": "https://pub-2c783279b61043e19fbdadd1bee5153a.r2.dev/APTV/2015-04-30/dlph331201510q.htm%5Cdlph331201510q.pdf",
        "periodicity": "periodic"
      },
      {
        "equity_ticker": "APTV",
        "geography": "US",
        "content_name": "APTV Q4 2014 10-K",
        "file_type": "pdf",
        "content_type": "annual_report",
        "published_date": "2015-02-09",
        "fiscal_date": "2014-12-31",
        "fiscal_year": 2014,
        "fiscal_quarter": 4,
        "r2_url": "https://pub-2c783279b61043e19fbdadd1bee5153a.r2.dev/APTV/2015-02-09/dlph1231201410k.htm%5Cdlph1231201410k.pdf",
        "periodicity": "periodic"
      },
      {
        "equity_ticker": "APTV",
        "geography": "US",
        "content_name": "APTV Q3 2014 10-Q",
        "file_type": "pdf",
        "content_type": "quarterly_report",
        "published_date": "2014-10-24",
        "fiscal_date": "2014-09-30",
        "fiscal_year": 2014,
        "fiscal_quarter": 3,
        "r2_url": "https://pub-2c783279b61043e19fbdadd1bee5153a.r2.dev/APTV/2014-10-24/dlph930201410q.htm%5Cdlph930201410q.pdf",
        "periodicity": "periodic"
      },
      {
        "equity_ticker": "APTV",
        "geography": "US",
        "content_name": "APTV Q2 2014 10-Q",
        "file_type": "pdf",
        "content_type": "quarterly_report",
        "published_date": "2014-07-31",
        "fiscal_date": "2014-06-30",
        "fiscal_year": 2014,
        "fiscal_quarter": 2,
        "r2_url": "https://pub-2c783279b61043e19fbdadd1bee5153a.r2.dev/APTV/2014-07-31/dlph630201410q.htm%5Cdlph630201410q.pdf",
        "periodicity": "periodic"
      },
      {
        "equity_ticker": "APTV",
        "geography": "US",
        "content_name": "APTV Q1 2014 10-Q",
        "file_type": "pdf",
        "content_type": "quarterly_report",
        "published_date": "2014-04-24",
        "fiscal_date": "2014-03-31",
        "fiscal_year": 2014,
        "fiscal_quarter": 1,
        "r2_url": "https://pub-2c783279b61043e19fbdadd1bee5153a.r2.dev/APTV/2014-04-24/dlph331201410q.htm%5Cdlph331201410q.pdf",
        "periodicity": "periodic"
      },
      {
        "equity_ticker": "APTV",
        "geography": "US",
        "content_name": "APTV Q4 2013 10-K",
        "file_type": "pdf",
        "content_type": "annual_report",
        "published_date": "2014-02-10",
        "fiscal_date": "2013-12-31",
        "fiscal_year": 2013,
        "fiscal_quarter": 4,
        "r2_url": "https://pub-2c783279b61043e19fbdadd1bee5153a.r2.dev/APTV/2014-02-10/dlph1231201310k.htm%5Cdlph1231201310k.pdf",
        "periodicity": "periodic"
      },
      {
        "equity_ticker": "APTV",
        "geography": "US",
        "content_name": "APTV Q3 2013 10-Q",
        "file_type": "pdf",
        "content_type": "quarterly_report",
        "published_date": "2013-11-05",
        "fiscal_date": "2013-09-30",
        "fiscal_year": 2013,
        "fiscal_quarter": 3,
        "r2_url": "https://pub-2c783279b61043e19fbdadd1bee5153a.r2.dev/APTV/2013-11-05/dlph930201310q.htm%5Cdlph930201310q.pdf",
        "periodicity": "periodic"
      },
      {
        "equity_ticker": "APTV",
        "geography": "US",
        "content_name": "APTV Q2 2013 10-Q",
        "file_type": "pdf",
        "content_type": "quarterly_report",
        "published_date": "2013-07-31",
        "fiscal_date": "2013-06-30",
        "fiscal_year": 2013,
        "fiscal_quarter": 2,
        "r2_url": "https://pub-2c783279b61043e19fbdadd1bee5153a.r2.dev/APTV/2013-07-31/dlph630201310q.htm%5Cdlph630201310q.pdf",
        "periodicity": "periodic"
      },
      {
        "equity_ticker": "APTV",
        "geography": "US",
        "content_name": "APTV Q1 2013 10-Q",
        "file_type": "pdf",
        "content_type": "quarterly_report",
        "published_date": "2013-05-01",
        "fiscal_date": "2013-03-31",
        "fiscal_year": 2013,
        "fiscal_quarter": 1,
        "r2_url": "https://pub-2c783279b61043e19fbdadd1bee5153a.r2.dev/APTV/2013-05-01/dlph331201310q.htm%5Cdlph331201310q.pdf",
        "periodicity": "periodic"
      },
      {
        "equity_ticker": "APTV",
        "geography": "US",
        "content_name": "APTV Q4 2012 10-K",
        "file_type": "pdf",
        "content_type": "annual_report",
        "published_date": "2013-02-11",
        "fiscal_date": "2012-12-31",
        "fiscal_year": 2012,
        "fiscal_quarter": 4,
        "r2_url": "https://pub-2c783279b61043e19fbdadd1bee5153a.r2.dev/APTV/2013-02-11/dlph1231201210k.htm%5Cdlph1231201210k.pdf",
        "periodicity": "periodic"
      },
      {
        "equity_ticker": "APTV",
        "geography": "US",
        "content_name": "APTV Q3 2012 10-Q",
        "file_type": "pdf",
        "content_type": "quarterly_report",
        "published_date": "2012-11-01",
        "fiscal_date": "2012-09-30",
        "fiscal_year": 2012,
        "fiscal_quarter": 3,
        "r2_url": "https://pub-2c783279b61043e19fbdadd1bee5153a.r2.dev/APTV/2012-11-01/dlph0930201210q.htm%5Cdlph0930201210q.pdf",
        "periodicity": "periodic"
      },
      {
        "equity_ticker": "APTV",
        "geography": "US",
        "content_name": "APTV Q2 2012 10-Q",
        "file_type": "pdf",
        "content_type": "quarterly_report",
        "published_date": "2012-07-31",
        "fiscal_date": "2012-06-30",
        "fiscal_year": 2012,
        "fiscal_quarter": 2,
        "r2_url": "https://pub-2c783279b61043e19fbdadd1bee5153a.r2.dev/APTV/2012-07-31/dlph0630201210q.htm%5Cdlph0630201210q.pdf",
        "periodicity": "periodic"
      },
      {
        "equity_ticker": "APTV",
        "geography": "US",
        "content_name": "APTV Q1 2012 10-Q",
        "file_type": "pdf",
        "content_type": "quarterly_report",
        "published_date": "2012-04-26",
        "fiscal_date": "2012-03-31",
        "fiscal_year": 2012,
        "fiscal_quarter": 1,
        "r2_url": "https://pub-2c783279b61043e19fbdadd1bee5153a.r2.dev/APTV/2012-04-26/d324504d10q.htm%5Cd324504d10q.pdf",
        "periodicity": "periodic"
      },
      {
        "equity_ticker": "APTV",
        "geography": "US",
        "content_name": "APTV Q4 2011 10-K",
        "file_type": "pdf",
        "content_type": "annual_report",
        "published_date": "2012-02-17",
        "fiscal_date": "2011-12-31",
        "fiscal_year": 2011,
        "fiscal_quarter": 4,
        "r2_url": "https://pub-2c783279b61043e19fbdadd1bee5153a.r2.dev/APTV/2012-02-17/d299912d10k.htm%5Cd299912d10k.pdf",
        "periodicity": "periodic"
      }
]