[
    {
        "equity_ticker": "DASH",
        "geography": "US",
        "content_name": "DASH Q4 2024 10-K",
        "file_type": "pdf",
        "content_type": "annual_report",
        "published_date": "2025-02-14",
        "fiscal_date": "2024-12-31",
        "fiscal_year": 2024,
        "fiscal_quarter": 4,
        "r2_url": "https://pub-2c783279b61043e19fbdadd1bee5153a.r2.dev/DASH/2025-02-14/dash-20241231.htm/dash-20241231.pdf",
        "periodicity": "periodic"
    },
    {
        "equity_ticker": "DASH",
        "geography": "US",
        "content_name": "DASH Q3 2024 10-Q",
        "file_type": "pdf",
        "content_type": "quarterly_report",
        "published_date": "2024-10-30",
        "fiscal_date": "2024-09-30",
        "fiscal_year": 2024,
        "fiscal_quarter": 3,
        "r2_url": "https://pub-2c783279b61043e19fbdadd1bee5153a.r2.dev/DASH/2024-10-30/dash-20240930.htm/dash-20240930.pdf",
        "periodicity": "periodic"
    },
    {
        "equity_ticker": "DASH",
        "geography": "US",
        "content_name": "DASH Q2 2024 10-Q",
        "file_type": "pdf",
        "content_type": "quarterly_report",
        "published_date": "2024-08-01",
        "fiscal_date": "2024-06-30",
        "fiscal_year": 2024,
        "fiscal_quarter": 2,
        "r2_url": "https://pub-2c783279b61043e19fbdadd1bee5153a.r2.dev/DASH/2024-08-01/dash-20240630.htm/dash-20240630.pdf",
        "periodicity": "periodic"
    },
    {
        "equity_ticker": "DASH",
        "geography": "US",
        "content_name": "DASH Q1 2024 10-Q",
        "file_type": "pdf",
        "content_type": "quarterly_report",
        "published_date": "2024-05-01",
        "fiscal_date": "2024-03-31",
        "fiscal_year": 2024,
        "fiscal_quarter": 1,
        "r2_url": "https://pub-2c783279b61043e19fbdadd1bee5153a.r2.dev/DASH/2024-05-01/dash-20240331.htm/dash-20240331.pdf",
        "periodicity": "periodic"
    },
    {
        "equity_ticker": "DASH",
        "geography": "US",
        "content_name": "DASH Q4 2023 10-K",
        "file_type": "pdf",
        "content_type": "annual_report",
        "published_date": "2024-02-20",
        "fiscal_date": "2023-12-31",
        "fiscal_year": 2023,
        "fiscal_quarter": 4,
        "r2_url": "https://pub-2c783279b61043e19fbdadd1bee5153a.r2.dev/DASH/2024-02-20/dash-20231231.htm/dash-20231231.pdf",
        "periodicity": "periodic"
    },
    {
        "equity_ticker": "DASH",
        "geography": "US",
        "content_name": "DASH Q3 2023 10-Q",
        "file_type": "pdf",
        "content_type": "quarterly_report",
        "published_date": "2023-11-01",
        "fiscal_date": "2023-09-30",
        "fiscal_year": 2023,
        "fiscal_quarter": 3,
        "r2_url": "https://pub-2c783279b61043e19fbdadd1bee5153a.r2.dev/DASH/2023-11-01/dash-20230930.htm/dash-20230930.pdf",
        "periodicity": "periodic"
    },
    {
        "equity_ticker": "DASH",
        "geography": "US",
        "content_name": "DASH Q2 2023 10-Q",
        "file_type": "pdf",
        "content_type": "quarterly_report",
        "published_date": "2023-08-02",
        "fiscal_date": "2023-06-30",
        "fiscal_year": 2023,
        "fiscal_quarter": 2,
        "r2_url": "https://pub-2c783279b61043e19fbdadd1bee5153a.r2.dev/DASH/2023-08-02/dash-20230630.htm/dash-20230630.pdf",
        "periodicity": "periodic"
    },
    {
        "equity_ticker": "DASH",
        "geography": "US",
        "content_name": "DASH Q1 2023 10-Q",
        "file_type": "pdf",
        "content_type": "quarterly_report",
        "published_date": "2023-05-05",
        "fiscal_date": "2023-03-31",
        "fiscal_year": 2023,
        "fiscal_quarter": 1,
        "r2_url": "https://pub-2c783279b61043e19fbdadd1bee5153a.r2.dev/DASH/2023-05-05/dash-20230331.htm/dash-20230331.pdf",
        "periodicity": "periodic"
    },
    {
        "equity_ticker": "DASH",
        "geography": "US",
        "content_name": "DASH Q4 2022 10-K",
        "file_type": "pdf",
        "content_type": "annual_report",
        "published_date": "2023-02-24",
        "fiscal_date": "2022-12-31",
        "fiscal_year": 2022,
        "fiscal_quarter": 4,
        "r2_url": "https://pub-2c783279b61043e19fbdadd1bee5153a.r2.dev/DASH/2023-02-24/dash-20221231.htm/dash-20221231.pdf",
        "periodicity": "periodic"
    },
    {
        "equity_ticker": "DASH",
        "geography": "US",
        "content_name": "DASH Q3 2022 10-Q",
        "file_type": "pdf",
        "content_type": "quarterly_report",
        "published_date": "2022-11-04",
        "fiscal_date": "2022-09-30",
        "fiscal_year": 2022,
        "fiscal_quarter": 3,
        "r2_url": "https://pub-2c783279b61043e19fbdadd1bee5153a.r2.dev/DASH/2022-11-04/dash-20220930.htm/dash-20220930.pdf",
        "periodicity": "periodic"
    },
    {
        "equity_ticker": "DASH",
        "geography": "US",
        "content_name": "DASH Q2 2022 10-Q",
        "file_type": "pdf",
        "content_type": "quarterly_report",
        "published_date": "2022-08-05",
        "fiscal_date": "2022-06-30",
        "fiscal_year": 2022,
        "fiscal_quarter": 2,
        "r2_url": "https://pub-2c783279b61043e19fbdadd1bee5153a.r2.dev/DASH/2022-08-05/dash-20220630.htm/dash-20220630.pdf",
        "periodicity": "periodic"
    },
    {
        "equity_ticker": "DASH",
        "geography": "US",
        "content_name": "DASH Q1 2022 10-Q",
        "file_type": "pdf",
        "content_type": "quarterly_report",
        "published_date": "2022-05-06",
        "fiscal_date": "2022-03-31",
        "fiscal_year": 2022,
        "fiscal_quarter": 1,
        "r2_url": "https://pub-2c783279b61043e19fbdadd1bee5153a.r2.dev/DASH/2022-05-06/dash-20220331.htm/dash-20220331.pdf",
        "periodicity": "periodic"
    },
    {
        "equity_ticker": "DASH",
        "geography": "US",
        "content_name": "DASH Q4 2021 10-K",
        "file_type": "pdf",
        "content_type": "annual_report",
        "published_date": "2022-03-01",
        "fiscal_date": "2021-12-31",
        "fiscal_year": 2021,
        "fiscal_quarter": 4,
        "r2_url": "https://pub-2c783279b61043e19fbdadd1bee5153a.r2.dev/DASH/2022-03-01/dash-20211231.htm/dash-20211231.pdf",
        "periodicity": "periodic"
    },
    {
        "equity_ticker": "DASH",
        "geography": "US",
        "content_name": "DASH Q3 2021 10-Q",
        "file_type": "pdf",
        "content_type": "quarterly_report",
        "published_date": "2021-11-10",
        "fiscal_date": "2021-09-30",
        "fiscal_year": 2021,
        "fiscal_quarter": 3,
        "r2_url": "https://pub-2c783279b61043e19fbdadd1bee5153a.r2.dev/DASH/2021-11-10/dash-20210930.htm/dash-20210930.pdf",
        "periodicity": "periodic"
    },
    {
        "equity_ticker": "DASH",
        "geography": "US",
        "content_name": "DASH Q2 2021 10-Q",
        "file_type": "pdf",
        "content_type": "quarterly_report",
        "published_date": "2021-08-13",
        "fiscal_date": "2021-06-30",
        "fiscal_year": 2021,
        "fiscal_quarter": 2,
        "r2_url": "https://pub-2c783279b61043e19fbdadd1bee5153a.r2.dev/DASH/2021-08-13/dash-20210630.htm/dash-20210630.pdf",
        "periodicity": "periodic"
    },
    {
        "equity_ticker": "DASH",
        "geography": "US",
        "content_name": "DASH Q1 2021 10-Q",
        "file_type": "pdf",
        "content_type": "quarterly_report",
        "published_date": "2021-05-14",
        "fiscal_date": "2021-03-31",
        "fiscal_year": 2021,
        "fiscal_quarter": 1,
        "r2_url": "https://pub-2c783279b61043e19fbdadd1bee5153a.r2.dev/DASH/2021-05-14/dash-20210331.htm/dash-20210331.pdf",
        "periodicity": "periodic"
    },
    {
        "equity_ticker": "DASH",
        "geography": "US",
        "content_name": "DASH Q4 2020 10-K",
        "file_type": "pdf",
        "content_type": "annual_report",
        "published_date": "2021-03-05",
        "fiscal_date": "2020-12-31",
        "fiscal_year": 2020,
        "fiscal_quarter": 4,
        "r2_url": "https://pub-2c783279b61043e19fbdadd1bee5153a.r2.dev/DASH/2021-03-05/dash-20201231.htm/dash-20201231.pdf",
        "periodicity": "periodic"
    },
    {
        "equity_ticker": "DASH",
        "geography": "US",
        "content_name": "DASH Q4 2024 Transcript",
        "file_type": "pdf",
        "content_type": "earnings_transcript",
        "published_date": "2025-02-11",
        "fiscal_date": "2025-02-11",
        "fiscal_year": 2024,
        "fiscal_quarter": 4,
        "r2_url": "https://pub-2c783279b61043e19fbdadd1bee5153a.r2.dev/DASH/2025-02-11/DoorDash%2C%20Inc._2025-02-11_transcript/DoorDash%2C%20Inc._2025-02-11_transcript.pdf/DoorDash%2C%20Inc._2025-02-11_transcript.pdf",
        "periodicity": "periodic"
    },
    {
        "equity_ticker": "DASH",
        "geography": "US",
        "content_name": "DASH Q4 2024 Press Release",
        "file_type": "pdf",
        "content_type": "earnings_press_release",
        "published_date": "2025-02-11",
        "fiscal_date": "2025-02-11",
        "fiscal_year": 2024,
        "fiscal_quarter": 4,
        "r2_url": "https://pub-2c783279b61043e19fbdadd1bee5153a.r2.dev/DASH/2025-02-11/4d1fb-2025-02-11-09-37-08/4d1fb-2025-02-11-09-37-08.pdf/4d1fb-2025-02-11-09-37-08.pdf",
        "periodicity": "periodic"
    },
    {
        "equity_ticker": "DASH",
        "geography": "US",
        "content_name": "51st Nasdaq London Investor Conference - December 10, 2024",
        "file_type": "pdf",
        "content_type": "company_conference_transcript",
        "published_date": "2024-12-10",
        "fiscal_date": "2024-12-10",
        "fiscal_year": null,
        "fiscal_quarter": null,
        "r2_url": "https://pub-2c783279b61043e19fbdadd1bee5153a.r2.dev/DASH/2024-12-10/DoorDash%2C%20Inc._2024-12-10_transcript/DoorDash%2C%20Inc._2024-12-10_transcript.pdf/DoorDash%2C%20Inc._2024-12-10_transcript.pdf",
        "periodicity": "non_periodic"
    },
    {
        "equity_ticker": "DASH",
        "geography": "US",
        "content_name": "DASH Q3 2024 Transcript",
        "file_type": "pdf",
        "content_type": "earnings_transcript",
        "published_date": "2024-10-30",
        "fiscal_date": "2024-10-30",
        "fiscal_year": 2024,
        "fiscal_quarter": 3,
        "r2_url": "https://pub-2c783279b61043e19fbdadd1bee5153a.r2.dev/DASH/2024-10-30/DoorDash%2C%20Inc._2024-10-30_transcript/DoorDash%2C%20Inc._2024-10-30_transcript.pdf/DoorDash%2C%20Inc._2024-10-30_transcript.pdf",
        "periodicity": "periodic"
    },
    {
        "equity_ticker": "DASH",
        "geography": "US",
        "content_name": "DASH Q3 2024 Press Release",
        "file_type": "pdf",
        "content_type": "earnings_press_release",
        "published_date": "2024-10-30",
        "fiscal_date": "2024-10-30",
        "fiscal_year": 2024,
        "fiscal_quarter": 3,
        "r2_url": "https://pub-2c783279b61043e19fbdadd1bee5153a.r2.dev/DASH/2024-10-30/f03df-2024-10-30-08-31-20/f03df-2024-10-30-08-31-20.pdf/f03df-2024-10-30-08-31-20.pdf",
        "periodicity": "periodic"
    },
    {
        "equity_ticker": "DASH",
        "geography": "US",
        "content_name": "DASH Q2 2024 Transcript",
        "file_type": "pdf",
        "content_type": "earnings_transcript",
        "published_date": "2024-08-01",
        "fiscal_date": "2024-08-01",
        "fiscal_year": 2024,
        "fiscal_quarter": 2,
        "r2_url": "https://pub-2c783279b61043e19fbdadd1bee5153a.r2.dev/DASH/2024-08-01/DoorDash%2C%20Inc._2024-08-01_transcript/DoorDash%2C%20Inc._2024-08-01_transcript.pdf/DoorDash%2C%20Inc._2024-08-01_transcript.pdf",
        "periodicity": "periodic"
    },
    {
        "equity_ticker": "DASH",
        "geography": "US",
        "content_name": "DASH Q2 2024 Press Release",
        "file_type": "pdf",
        "content_type": "earnings_press_release",
        "published_date": "2024-08-01",
        "fiscal_date": "2024-08-01",
        "fiscal_year": 2024,
        "fiscal_quarter": 2,
        "r2_url": "https://pub-2c783279b61043e19fbdadd1bee5153a.r2.dev/DASH/2024-08-01/b150e-2024-08-01-08-34-07/b150e-2024-08-01-08-34-07.pdf/b150e-2024-08-01-08-34-07.pdf",
        "periodicity": "periodic"
    },
    {
        "equity_ticker": "DASH",
        "geography": "US",
        "content_name": "AGM 2024 - June 20, 2024",
        "file_type": "pdf",
        "content_type": "company_conference_transcript",
        "published_date": "2024-06-20",
        "fiscal_date": "2024-06-20",
        "fiscal_year": null,
        "fiscal_quarter": null,
        "r2_url": "https://pub-2c783279b61043e19fbdadd1bee5153a.r2.dev/DASH/2024-06-20/DoorDash%2C%20Inc._2024-06-20_transcript/DoorDash%2C%20Inc._2024-06-20_transcript.pdf/DoorDash%2C%20Inc._2024-06-20_transcript.pdf",
        "periodicity": "non_periodic"
    },
    {
        "equity_ticker": "DASH",
        "geography": "US",
        "content_name": "DASH Q1 2024 Transcript",
        "file_type": "pdf",
        "content_type": "earnings_transcript",
        "published_date": "2024-05-01",
        "fiscal_date": "2024-05-01",
        "fiscal_year": 2024,
        "fiscal_quarter": 1,
        "r2_url": "https://pub-2c783279b61043e19fbdadd1bee5153a.r2.dev/DASH/2024-05-01/DoorDash%2C%20Inc._2024-05-01_transcript/DoorDash%2C%20Inc._2024-05-01_transcript.pdf/DoorDash%2C%20Inc._2024-05-01_transcript.pdf",
        "periodicity": "periodic"
    },
    {
        "equity_ticker": "DASH",
        "geography": "US",
        "content_name": "DASH Q1 2024 Press Release",
        "file_type": "pdf",
        "content_type": "earnings_press_release",
        "published_date": "2024-05-01",
        "fiscal_date": "2024-05-01",
        "fiscal_year": 2024,
        "fiscal_quarter": 1,
        "r2_url": "https://pub-2c783279b61043e19fbdadd1bee5153a.r2.dev/DASH/2024-05-01/768ce-2024-05-01-08-44-21/768ce-2024-05-01-08-44-21.pdf/768ce-2024-05-01-08-44-21.pdf",
        "periodicity": "periodic"
    },
    {
        "equity_ticker": "DASH",
        "geography": "US",
        "content_name": "DASH Q4 2023 Transcript",
        "file_type": "pdf",
        "content_type": "earnings_transcript",
        "published_date": "2024-02-15",
        "fiscal_date": "2024-02-15",
        "fiscal_year": 2023,
        "fiscal_quarter": 4,
        "r2_url": "https://pub-2c783279b61043e19fbdadd1bee5153a.r2.dev/DASH/2024-02-15/DoorDash%2C%20Inc._2024-02-15_transcript/DoorDash%2C%20Inc._2024-02-15_transcript.pdf/DoorDash%2C%20Inc._2024-02-15_transcript.pdf",
        "periodicity": "periodic"
    },
    {
        "equity_ticker": "DASH",
        "geography": "US",
        "content_name": "DASH Q4 2023 Press Release",
        "file_type": "pdf",
        "content_type": "earnings_press_release",
        "published_date": "2024-02-15",
        "fiscal_date": "2024-02-15",
        "fiscal_year": 2023,
        "fiscal_quarter": 4,
        "r2_url": "https://pub-2c783279b61043e19fbdadd1bee5153a.r2.dev/DASH/2024-02-15/294b5-2024-02-15-09-05-09/294b5-2024-02-15-09-05-09.pdf/294b5-2024-02-15-09-05-09.pdf",
        "periodicity": "periodic"
    },
    {
        "equity_ticker": "DASH",
        "geography": "US",
        "content_name": "DASH Q3 2023 Transcript",
        "file_type": "pdf",
        "content_type": "earnings_transcript",
        "published_date": "2023-11-01",
        "fiscal_date": "2023-11-01",
        "fiscal_year": 2023,
        "fiscal_quarter": 3,
        "r2_url": "https://pub-2c783279b61043e19fbdadd1bee5153a.r2.dev/DASH/2023-11-01/DoorDash%2C%20Inc._2023-11-01_transcript/DoorDash%2C%20Inc._2023-11-01_transcript.pdf/DoorDash%2C%20Inc._2023-11-01_transcript.pdf",
        "periodicity": "periodic"
    },
    {
        "equity_ticker": "DASH",
        "geography": "US",
        "content_name": "DASH Q3 2023 Press Release",
        "file_type": "pdf",
        "content_type": "earnings_press_release",
        "published_date": "2023-11-01",
        "fiscal_date": "2023-11-01",
        "fiscal_year": 2023,
        "fiscal_quarter": 3,
        "r2_url": "https://pub-2c783279b61043e19fbdadd1bee5153a.r2.dev/DASH/2023-11-01/a1f54-2023-11-01-09-37-13/a1f54-2023-11-01-09-37-13.pdf/a1f54-2023-11-01-09-37-13.pdf",
        "periodicity": "periodic"
    },
    {
        "equity_ticker": "DASH",
        "geography": "US",
        "content_name": "DASH Q2 2023 Transcript",
        "file_type": "pdf",
        "content_type": "earnings_transcript",
        "published_date": "2023-08-02",
        "fiscal_date": "2023-08-02",
        "fiscal_year": 2023,
        "fiscal_quarter": 2,
        "r2_url": "https://pub-2c783279b61043e19fbdadd1bee5153a.r2.dev/DASH/2023-08-02/DoorDash%2C%20Inc._2023-08-02_transcript/DoorDash%2C%20Inc._2023-08-02_transcript.pdf/DoorDash%2C%20Inc._2023-08-02_transcript.pdf",
        "periodicity": "periodic"
    },
    {
        "equity_ticker": "DASH",
        "geography": "US",
        "content_name": "DASH Q2 2023 Press Release",
        "file_type": "pdf",
        "content_type": "earnings_press_release",
        "published_date": "2023-08-02",
        "fiscal_date": "2023-08-02",
        "fiscal_year": 2023,
        "fiscal_quarter": 2,
        "r2_url": "https://pub-2c783279b61043e19fbdadd1bee5153a.r2.dev/DASH/2023-08-02/55fa5-2023-08-02-08-08-52/55fa5-2023-08-02-08-08-52.pdf/55fa5-2023-08-02-08-08-52.pdf",
        "periodicity": "periodic"
    },
    {
        "equity_ticker": "DASH",
        "geography": "US",
        "content_name": "DASH Q1 2023 Transcript",
        "file_type": "pdf",
        "content_type": "earnings_transcript",
        "published_date": "2023-05-04",
        "fiscal_date": "2023-05-04",
        "fiscal_year": 2023,
        "fiscal_quarter": 1,
        "r2_url": "https://pub-2c783279b61043e19fbdadd1bee5153a.r2.dev/DASH/2023-05-04/DoorDash%2C%20Inc._2023-05-04_transcript/DoorDash%2C%20Inc._2023-05-04_transcript.pdf/DoorDash%2C%20Inc._2023-05-04_transcript.pdf",
        "periodicity": "periodic"
    },
    {
        "equity_ticker": "DASH",
        "geography": "US",
        "content_name": "DASH Q1 2023 Press Release",
        "file_type": "pdf",
        "content_type": "earnings_press_release",
        "published_date": "2023-05-04",
        "fiscal_date": "2023-05-04",
        "fiscal_year": 2023,
        "fiscal_quarter": 1,
        "r2_url": "https://pub-2c783279b61043e19fbdadd1bee5153a.r2.dev/DASH/2023-05-04/c42cc-2023-05-04-08-28-08/c42cc-2023-05-04-08-28-08.pdf/c42cc-2023-05-04-08-28-08.pdf",
        "periodicity": "periodic"
    },
    {
        "equity_ticker": "DASH",
        "geography": "US",
        "content_name": "DASH Q4 2022 Transcript",
        "file_type": "pdf",
        "content_type": "earnings_transcript",
        "published_date": "2023-02-16",
        "fiscal_date": "2023-02-16",
        "fiscal_year": 2022,
        "fiscal_quarter": 4,
        "r2_url": "https://pub-2c783279b61043e19fbdadd1bee5153a.r2.dev/DASH/2023-02-16/DoorDash%2C%20Inc._2023-02-16_transcript/DoorDash%2C%20Inc._2023-02-16_transcript.pdf/DoorDash%2C%20Inc._2023-02-16_transcript.pdf",
        "periodicity": "periodic"
    },
    {
        "equity_ticker": "DASH",
        "geography": "US",
        "content_name": "DASH Q4 2022 Press Release",
        "file_type": "pdf",
        "content_type": "earnings_press_release",
        "published_date": "2023-02-16",
        "fiscal_date": "2023-02-16",
        "fiscal_year": 2022,
        "fiscal_quarter": 4,
        "r2_url": "https://pub-2c783279b61043e19fbdadd1bee5153a.r2.dev/DASH/2023-02-16/47d9d-2023-02-16-09-17-08/47d9d-2023-02-16-09-17-08.pdf/47d9d-2023-02-16-09-17-08.pdf",
        "periodicity": "periodic"
    },
    {
        "equity_ticker": "DASH",
        "geography": "US",
        "content_name": "DASH Q3 2022 Transcript",
        "file_type": "pdf",
        "content_type": "earnings_transcript",
        "published_date": "2022-11-03",
        "fiscal_date": "2022-11-03",
        "fiscal_year": 2022,
        "fiscal_quarter": 3,
        "r2_url": "https://pub-2c783279b61043e19fbdadd1bee5153a.r2.dev/DASH/2022-11-03/DoorDash%2C%20Inc._2022-11-03_transcript/DoorDash%2C%20Inc._2022-11-03_transcript.pdf/DoorDash%2C%20Inc._2022-11-03_transcript.pdf",
        "periodicity": "periodic"
    },
    {
        "equity_ticker": "DASH",
        "geography": "US",
        "content_name": "DASH Q3 2022 Press Release",
        "file_type": "pdf",
        "content_type": "earnings_press_release",
        "published_date": "2022-11-03",
        "fiscal_date": "2022-11-03",
        "fiscal_year": 2022,
        "fiscal_quarter": 3,
        "r2_url": "https://pub-2c783279b61043e19fbdadd1bee5153a.r2.dev/DASH/2022-11-03/9e3ff-2022-11-03-08-47-11/9e3ff-2022-11-03-08-47-11.pdf/9e3ff-2022-11-03-08-47-11.pdf",
        "periodicity": "periodic"
    },
    {
        "equity_ticker": "DASH",
        "geography": "US",
        "content_name": "DASH Q2 2022 Transcript",
        "file_type": "pdf",
        "content_type": "earnings_transcript",
        "published_date": "2022-08-04",
        "fiscal_date": "2022-08-04",
        "fiscal_year": 2022,
        "fiscal_quarter": 2,
        "r2_url": "https://pub-2c783279b61043e19fbdadd1bee5153a.r2.dev/DASH/2022-08-04/DoorDash%2C%20Inc._2022-08-04_transcript/DoorDash%2C%20Inc._2022-08-04_transcript.pdf/DoorDash%2C%20Inc._2022-08-04_transcript.pdf",
        "periodicity": "periodic"
    },
    {
        "equity_ticker": "DASH",
        "geography": "US",
        "content_name": "DASH Q2 2022 Press Release",
        "file_type": "pdf",
        "content_type": "earnings_press_release",
        "published_date": "2022-08-04",
        "fiscal_date": "2022-08-04",
        "fiscal_year": 2022,
        "fiscal_quarter": 2,
        "r2_url": "https://pub-2c783279b61043e19fbdadd1bee5153a.r2.dev/DASH/2022-08-04/8560c-2022-08-04-08-18-41/8560c-2022-08-04-08-18-41.pdf/8560c-2022-08-04-08-18-41.pdf",
        "periodicity": "periodic"
    },
    {
        "equity_ticker": "DASH",
        "geography": "US",
        "content_name": "DASH Q1 2022 Transcript",
        "file_type": "pdf",
        "content_type": "earnings_transcript",
        "published_date": "2022-05-05",
        "fiscal_date": "2022-05-05",
        "fiscal_year": 2022,
        "fiscal_quarter": 1,
        "r2_url": "https://pub-2c783279b61043e19fbdadd1bee5153a.r2.dev/DASH/2022-05-05/DoorDash%2C%20Inc._2022-05-05_transcript/DoorDash%2C%20Inc._2022-05-05_transcript.pdf/DoorDash%2C%20Inc._2022-05-05_transcript.pdf",
        "periodicity": "periodic"
    },
    {
        "equity_ticker": "DASH",
        "geography": "US",
        "content_name": "DASH Q1 2022 Press Release",
        "file_type": "pdf",
        "content_type": "earnings_press_release",
        "published_date": "2022-05-05",
        "fiscal_date": "2022-05-05",
        "fiscal_year": 2022,
        "fiscal_quarter": 1,
        "r2_url": "https://pub-2c783279b61043e19fbdadd1bee5153a.r2.dev/DASH/2022-05-05/a6e24-2023-01-25-02-36-33/a6e24-2023-01-25-02-36-33.pdf/a6e24-2023-01-25-02-36-33.pdf",
        "periodicity": "periodic"
    },
    {
        "equity_ticker": "DASH",
        "geography": "US",
        "content_name": "DASH Q4 2021 Transcript",
        "file_type": "pdf",
        "content_type": "earnings_transcript",
        "published_date": "2022-02-16",
        "fiscal_date": "2022-02-16",
        "fiscal_year": 2021,
        "fiscal_quarter": 4,
        "r2_url": "https://pub-2c783279b61043e19fbdadd1bee5153a.r2.dev/DASH/2022-02-16/DoorDash%2C%20Inc._2022-02-16_transcript/DoorDash%2C%20Inc._2022-02-16_transcript.pdf/DoorDash%2C%20Inc._2022-02-16_transcript.pdf",
        "periodicity": "periodic"
    },
    {
        "equity_ticker": "DASH",
        "geography": "US",
        "content_name": "DASH Q4 2021 Press Release",
        "file_type": "pdf",
        "content_type": "earnings_press_release",
        "published_date": "2022-02-16",
        "fiscal_date": "2022-02-16",
        "fiscal_year": 2021,
        "fiscal_quarter": 4,
        "r2_url": "https://pub-2c783279b61043e19fbdadd1bee5153a.r2.dev/DASH/2022-02-16/5d08c-2023-01-25-12-47-27/5d08c-2023-01-25-12-47-27.pdf/5d08c-2023-01-25-12-47-27.pdf",
        "periodicity": "periodic"
    },
    {
        "equity_ticker": "DASH",
        "geography": "US",
        "content_name": "DASH Q3 2021 Transcript",
        "file_type": "pdf",
        "content_type": "earnings_transcript",
        "published_date": "2021-11-09",
        "fiscal_date": "2021-11-09",
        "fiscal_year": 2021,
        "fiscal_quarter": 3,
        "r2_url": "https://pub-2c783279b61043e19fbdadd1bee5153a.r2.dev/DASH/2021-11-09/DoorDash%2C%20Inc._2021-11-09_transcript/DoorDash%2C%20Inc._2021-11-09_transcript.pdf/DoorDash%2C%20Inc._2021-11-09_transcript.pdf",
        "periodicity": "periodic"
    },
    {
        "equity_ticker": "DASH",
        "geography": "US",
        "content_name": "DASH Q3 2021 Press Release",
        "file_type": "pdf",
        "content_type": "earnings_press_release",
        "published_date": "2021-11-09",
        "fiscal_date": "2021-11-09",
        "fiscal_year": 2021,
        "fiscal_quarter": 3,
        "r2_url": "https://pub-2c783279b61043e19fbdadd1bee5153a.r2.dev/DASH/2021-11-09/c4c91-2023-01-25-11-39-57/c4c91-2023-01-25-11-39-57.pdf/c4c91-2023-01-25-11-39-57.pdf",
        "periodicity": "periodic"
    },
    {
        "equity_ticker": "DASH",
        "geography": "US",
        "content_name": "DASH Q3 2021 Presentation",
        "file_type": "pdf",
        "content_type": "earnings_presentation",
        "published_date": "2021-11-09",
        "fiscal_date": "2021-11-09",
        "fiscal_year": 2021,
        "fiscal_quarter": 3,
        "r2_url": "https://pub-2c783279b61043e19fbdadd1bee5153a.r2.dev/DASH/2021-11-09/000d8-2021-11-09-12-00-00-migrated/000d8-2021-11-09-12-00-00-migrated.pdf/000d8-2021-11-09-12-00-00-migrated.pdf",
        "periodicity": "periodic"
    },
    {
        "equity_ticker": "DASH",
        "geography": "US",
        "content_name": "DASH Q2 2021 Transcript",
        "file_type": "pdf",
        "content_type": "earnings_transcript",
        "published_date": "2021-08-12",
        "fiscal_date": "2021-08-12",
        "fiscal_year": 2021,
        "fiscal_quarter": 2,
        "r2_url": "https://pub-2c783279b61043e19fbdadd1bee5153a.r2.dev/DASH/2021-08-12/DoorDash%2C%20Inc._2021-08-12_transcript/DoorDash%2C%20Inc._2021-08-12_transcript.pdf/DoorDash%2C%20Inc._2021-08-12_transcript.pdf",
        "periodicity": "periodic"
    },
    {
        "equity_ticker": "DASH",
        "geography": "US",
        "content_name": "DASH Q2 2021 Press Release",
        "file_type": "pdf",
        "content_type": "earnings_press_release",
        "published_date": "2021-08-12",
        "fiscal_date": "2021-08-12",
        "fiscal_year": 2021,
        "fiscal_quarter": 2,
        "r2_url": "https://pub-2c783279b61043e19fbdadd1bee5153a.r2.dev/DASH/2021-08-12/ea7d8-2023-01-25-09-55-54/ea7d8-2023-01-25-09-55-54.pdf/ea7d8-2023-01-25-09-55-54.pdf",
        "periodicity": "periodic"
    },
    {
        "equity_ticker": "DASH",
        "geography": "US",
        "content_name": "DASH Q1 2021 Transcript",
        "file_type": "pdf",
        "content_type": "earnings_transcript",
        "published_date": "2021-05-13",
        "fiscal_date": "2021-05-13",
        "fiscal_year": 2021,
        "fiscal_quarter": 1,
        "r2_url": "https://pub-2c783279b61043e19fbdadd1bee5153a.r2.dev/DASH/2021-05-13/DoorDash%2C%20Inc._2021-05-13_transcript/DoorDash%2C%20Inc._2021-05-13_transcript.pdf/DoorDash%2C%20Inc._2021-05-13_transcript.pdf",
        "periodicity": "periodic"
    },
    {
        "equity_ticker": "DASH",
        "geography": "US",
        "content_name": "DASH Q1 2021 Press Release",
        "file_type": "pdf",
        "content_type": "earnings_press_release",
        "published_date": "2021-05-13",
        "fiscal_date": "2021-05-13",
        "fiscal_year": 2021,
        "fiscal_quarter": 1,
        "r2_url": "https://pub-2c783279b61043e19fbdadd1bee5153a.r2.dev/DASH/2021-05-13/b01a3-2023-01-25-09-44-17/b01a3-2023-01-25-09-44-17.pdf/b01a3-2023-01-25-09-44-17.pdf",
        "periodicity": "periodic"
    },
    {
        "equity_ticker": "DASH",
        "geography": "US",
        "content_name": "DASH Q1 2021 Presentation",
        "file_type": "pdf",
        "content_type": "earnings_presentation",
        "published_date": "2021-05-13",
        "fiscal_date": "2021-05-13",
        "fiscal_year": 2021,
        "fiscal_quarter": 1,
        "r2_url": "https://pub-2c783279b61043e19fbdadd1bee5153a.r2.dev/DASH/2021-05-13/1ee98-2021-05-13-09-48-54-migrated/1ee98-2021-05-13-09-48-54-migrated.pdf/1ee98-2021-05-13-09-48-54-migrated.pdf",
        "periodicity": "periodic"
    },
    {
        "equity_ticker": "DASH",
        "geography": "US",
        "content_name": "DASH Q4 2020 Transcript",
        "file_type": "pdf",
        "content_type": "earnings_transcript",
        "published_date": "2021-02-25",
        "fiscal_date": "2021-02-25",
        "fiscal_year": 2020,
        "fiscal_quarter": 4,
        "r2_url": "https://pub-2c783279b61043e19fbdadd1bee5153a.r2.dev/DASH/2021-02-25/DoorDash%2C%20Inc._2021-02-25_transcript/DoorDash%2C%20Inc._2021-02-25_transcript.pdf/DoorDash%2C%20Inc._2021-02-25_transcript.pdf",
        "periodicity": "periodic"
    },
    {
        "equity_ticker": "DASH",
        "geography": "US",
        "content_name": "DASH Q4 2020 Press Release",
        "file_type": "pdf",
        "content_type": "earnings_press_release",
        "published_date": "2021-02-25",
        "fiscal_date": "2021-02-25",
        "fiscal_year": 2020,
        "fiscal_quarter": 4,
        "r2_url": "https://pub-2c783279b61043e19fbdadd1bee5153a.r2.dev/DASH/2021-02-25/ea6cd-2023-03-21-10-09-16/ea6cd-2023-03-21-10-09-16.pdf/ea6cd-2023-03-21-10-09-16.pdf",
        "periodicity": "periodic"
    }
]