[
    {
        "equity_ticker": "DPZ",
        "geography": "US",
        "content_name": "DPZ Q4 2024 Transcript",
        "file_type": "pdf",
        "content_type": "earnings_transcript",
        "published_date": "2025-02-24",
        "fiscal_date": "2025-02-24",
        "fiscal_year": 2024,
        "fiscal_quarter": 4,
        "r2_url": "https://pub-2c783279b61043e19fbdadd1bee5153a.r2.dev/DPZ/2025-02-24/Domino%27s%20Pizza%2C%20Inc._2025-02-24_transcript/Domino%27s%20Pizza%2C%20Inc._2025-02-24_transcript.pdf%5CDomino%27s%20Pizza%2C%20Inc._2025-02-24_transcript.pdf",
        "periodicity": "periodic"
    },
    {
        "equity_ticker": "DPZ",
        "geography": "US",
        "content_name": "DPZ Q4 2024 Press Release",
        "file_type": "pdf",
        "content_type": "earnings_press_release",
        "published_date": "2025-02-24",
        "fiscal_date": "2025-02-24",
        "fiscal_year": 2024,
        "fiscal_quarter": 4,
        "r2_url": "https://pub-2c783279b61043e19fbdadd1bee5153a.r2.dev/DPZ/2025-02-24/6c8b2-2025-02-24-11-05-07/6c8b2-2025-02-24-11-05-07.pdf%5C6c8b2-2025-02-24-11-05-07.pdf",
        "periodicity": "periodic"
    },
    {
        "equity_ticker": "DPZ",
        "geography": "US",
        "content_name": "DPZ Q3 2024 Transcript",
        "file_type": "pdf",
        "content_type": "earnings_transcript",
        "published_date": "2024-10-10",
        "fiscal_date": "2024-10-10",
        "fiscal_year": 2024,
        "fiscal_quarter": 3,
        "r2_url": "https://pub-2c783279b61043e19fbdadd1bee5153a.r2.dev/DPZ/2024-10-10/Domino%27s%20Pizza%2C%20Inc._2024-10-10_transcript/Domino%27s%20Pizza%2C%20Inc._2024-10-10_transcript.pdf%5CDomino%27s%20Pizza%2C%20Inc._2024-10-10_transcript.pdf",
        "periodicity": "periodic"
    },
    {
        "equity_ticker": "DPZ",
        "geography": "US",
        "content_name": "DPZ Q3 2024 Press Release",
        "file_type": "pdf",
        "content_type": "earnings_press_release",
        "published_date": "2024-10-10",
        "fiscal_date": "2024-10-10",
        "fiscal_year": 2024,
        "fiscal_quarter": 3,
        "r2_url": "https://pub-2c783279b61043e19fbdadd1bee5153a.r2.dev/DPZ/2024-10-10/d5ec8-2024-10-10-10-41-12/d5ec8-2024-10-10-10-41-12.pdf%5Cd5ec8-2024-10-10-10-41-12.pdf",
        "periodicity": "periodic"
    },
    {
        "equity_ticker": "DPZ",
        "geography": "US",
        "content_name": "Piper Sandler Growth Frontiers Conference - September 11, 2024",
        "file_type": "pdf",
        "content_type": "sellside_conference_transcript",
        "published_date": "2024-09-11",
        "fiscal_date": "2024-09-11",
        "fiscal_year": null,
        "fiscal_quarter": null,
        "r2_url": "https://pub-2c783279b61043e19fbdadd1bee5153a.r2.dev/DPZ/2024-09-11/Domino%27s%20Pizza%2C%20Inc._2024-09-11_transcript/Domino%27s%20Pizza%2C%20Inc._2024-09-11_transcript.pdf%5CDomino%27s%20Pizza%2C%20Inc._2024-09-11_transcript.pdf",
        "periodicity": "non_periodic"
    },
    {
        "equity_ticker": "DPZ",
        "geography": "US",
        "content_name": "DPZ Q2 2024 Transcript",
        "file_type": "pdf",
        "content_type": "earnings_transcript",
        "published_date": "2024-07-18",
        "fiscal_date": "2024-07-18",
        "fiscal_year": 2024,
        "fiscal_quarter": 2,
        "r2_url": "https://pub-2c783279b61043e19fbdadd1bee5153a.r2.dev/DPZ/2024-07-18/Domino%27s%20Pizza%2C%20Inc._2024-07-18_transcript/Domino%27s%20Pizza%2C%20Inc._2024-07-18_transcript.pdf%5CDomino%27s%20Pizza%2C%20Inc._2024-07-18_transcript.pdf",
        "periodicity": "periodic"
    },
    {
        "equity_ticker": "DPZ",
        "geography": "US",
        "content_name": "DPZ Q2 2024 Press Release",
        "file_type": "pdf",
        "content_type": "earnings_press_release",
        "published_date": "2024-07-18",
        "fiscal_date": "2024-07-18",
        "fiscal_year": 2024,
        "fiscal_quarter": 2,
        "r2_url": "https://pub-2c783279b61043e19fbdadd1bee5153a.r2.dev/DPZ/2024-07-18/97c29-2024-07-18-10-21-12/97c29-2024-07-18-10-21-12.pdf%5C97c29-2024-07-18-10-21-12.pdf",
        "periodicity": "periodic"
    },
    {
        "equity_ticker": "DPZ",
        "geography": "US",
        "content_name": "Oppenheimer's 24th Annual Virtual Consumer Growth and E-Commerce Conference - June 10, 2024",
        "file_type": "pdf",
        "content_type": "sellside_conference_transcript",
        "published_date": "2024-06-10",
        "fiscal_date": "2024-06-10",
        "fiscal_year": null,
        "fiscal_quarter": null,
        "r2_url": "https://pub-2c783279b61043e19fbdadd1bee5153a.r2.dev/DPZ/2024-06-10/Domino%27s%20Pizza%2C%20Inc._2024-06-10_transcript/Domino%27s%20Pizza%2C%20Inc._2024-06-10_transcript.pdf%5CDomino%27s%20Pizza%2C%20Inc._2024-06-10_transcript.pdf",
        "periodicity": "non_periodic"
    },
    {
        "equity_ticker": "DPZ",
        "geography": "US",
        "content_name": "Bernstein\u2019s 40th Annual Strategic Decisions Conference - May 30, 2024",
        "file_type": "pdf",
        "content_type": "company_conference_transcript",
        "published_date": "2024-05-30",
        "fiscal_date": "2024-05-30",
        "fiscal_year": null,
        "fiscal_quarter": null,
        "r2_url": "https://pub-2c783279b61043e19fbdadd1bee5153a.r2.dev/DPZ/2024-05-30/Domino%27s%20Pizza%2C%20Inc._2024-05-30_transcript/Domino%27s%20Pizza%2C%20Inc._2024-05-30_transcript.pdf%5CDomino%27s%20Pizza%2C%20Inc._2024-05-30_transcript.pdf",
        "periodicity": "non_periodic"
    },
    {
        "equity_ticker": "DPZ",
        "geography": "US",
        "content_name": "DPZ Q1 2024 Transcript",
        "file_type": "pdf",
        "content_type": "earnings_transcript",
        "published_date": "2024-04-29",
        "fiscal_date": "2024-04-29",
        "fiscal_year": 2024,
        "fiscal_quarter": 1,
        "r2_url": "https://pub-2c783279b61043e19fbdadd1bee5153a.r2.dev/DPZ/2024-04-29/Domino%27s%20Pizza%2C%20Inc._2024-04-29_transcript/Domino%27s%20Pizza%2C%20Inc._2024-04-29_transcript.pdf%5CDomino%27s%20Pizza%2C%20Inc._2024-04-29_transcript.pdf",
        "periodicity": "periodic"
    },
    {
        "equity_ticker": "DPZ",
        "geography": "US",
        "content_name": "DPZ Q1 2024 Press Release",
        "file_type": "pdf",
        "content_type": "earnings_press_release",
        "published_date": "2024-04-29",
        "fiscal_date": "2024-04-29",
        "fiscal_year": 2024,
        "fiscal_quarter": 1,
        "r2_url": "https://pub-2c783279b61043e19fbdadd1bee5153a.r2.dev/DPZ/2024-04-29/a512b-2024-04-29-10-29-15/a512b-2024-04-29-10-29-15.pdf%5Ca512b-2024-04-29-10-29-15.pdf",
        "periodicity": "periodic"
    },
    {
        "equity_ticker": "DPZ",
        "geography": "US",
        "content_name": "DPZ Q4 2023 Transcript",
        "file_type": "pdf",
        "content_type": "earnings_transcript",
        "published_date": "2024-02-26",
        "fiscal_date": "2024-02-26",
        "fiscal_year": 2023,
        "fiscal_quarter": 4,
        "r2_url": "https://pub-2c783279b61043e19fbdadd1bee5153a.r2.dev/DPZ/2024-02-26/Domino%27s%20Pizza%2C%20Inc._2024-02-26_transcript/Domino%27s%20Pizza%2C%20Inc._2024-02-26_transcript.pdf%5CDomino%27s%20Pizza%2C%20Inc._2024-02-26_transcript.pdf",
        "periodicity": "periodic"
    },
    {
        "equity_ticker": "DPZ",
        "geography": "US",
        "content_name": "DPZ Q4 2023 Press Release",
        "file_type": "pdf",
        "content_type": "earnings_press_release",
        "published_date": "2024-02-26",
        "fiscal_date": "2024-02-26",
        "fiscal_year": 2023,
        "fiscal_quarter": 4,
        "r2_url": "https://pub-2c783279b61043e19fbdadd1bee5153a.r2.dev/DPZ/2024-02-26/24b88-2024-02-26-11-43-26/24b88-2024-02-26-11-43-26.pdf%5C24b88-2024-02-26-11-43-26.pdf",
        "periodicity": "periodic"
    },
    {
        "equity_ticker": "DPZ",
        "geography": "US",
        "content_name": "ICR Conference 2024 - January 8, 2024",
        "file_type": "pdf",
        "content_type": "company_conference_transcript",
        "published_date": "2024-01-08",
        "fiscal_date": "2024-01-08",
        "fiscal_year": null,
        "fiscal_quarter": null,
        "r2_url": "https://pub-2c783279b61043e19fbdadd1bee5153a.r2.dev/DPZ/2024-01-08/Domino%27s%20Pizza%2C%20Inc._2024-01-08_transcript/Domino%27s%20Pizza%2C%20Inc._2024-01-08_transcript.pdf%5CDomino%27s%20Pizza%2C%20Inc._2024-01-08_transcript.pdf",
        "periodicity": "non_periodic"
    },
    {
        "equity_ticker": "DPZ",
        "geography": "US",
        "content_name": "Investor Day 2023 - December 7, 2023",
        "file_type": "pdf",
        "content_type": "company_conference_transcript",
        "published_date": "2023-12-07",
        "fiscal_date": "2023-12-07",
        "fiscal_year": null,
        "fiscal_quarter": null,
        "r2_url": "https://pub-2c783279b61043e19fbdadd1bee5153a.r2.dev/DPZ/2023-12-07/Domino%27s%20Pizza%2C%20Inc._2023-12-07_transcript/Domino%27s%20Pizza%2C%20Inc._2023-12-07_transcript.pdf%5CDomino%27s%20Pizza%2C%20Inc._2023-12-07_transcript.pdf",
        "periodicity": "non_periodic"
    },
    {
        "equity_ticker": "DPZ",
        "geography": "US",
        "content_name": "DPZ Q3 2023 Transcript",
        "file_type": "pdf",
        "content_type": "earnings_transcript",
        "published_date": "2023-10-12",
        "fiscal_date": "2023-10-12",
        "fiscal_year": 2023,
        "fiscal_quarter": 3,
        "r2_url": "https://pub-2c783279b61043e19fbdadd1bee5153a.r2.dev/DPZ/2023-10-12/Domino%27s%20Pizza%2C%20Inc._2023-10-12_transcript/Domino%27s%20Pizza%2C%20Inc._2023-10-12_transcript.pdf%5CDomino%27s%20Pizza%2C%20Inc._2023-10-12_transcript.pdf",
        "periodicity": "periodic"
    },
    {
        "equity_ticker": "DPZ",
        "geography": "US",
        "content_name": "DPZ Q3 2023 Press Release",
        "file_type": "pdf",
        "content_type": "earnings_press_release",
        "published_date": "2023-10-12",
        "fiscal_date": "2023-10-12",
        "fiscal_year": 2023,
        "fiscal_quarter": 3,
        "r2_url": "https://pub-2c783279b61043e19fbdadd1bee5153a.r2.dev/DPZ/2023-10-12/30592-2023-10-12-10-15-03/30592-2023-10-12-10-15-03.pdf%5C30592-2023-10-12-10-15-03.pdf",
        "periodicity": "periodic"
    },
    {
        "equity_ticker": "DPZ",
        "geography": "US",
        "content_name": "Piper Sandler Growth Frontiers Conference - September 13, 2023",
        "file_type": "pdf",
        "content_type": "sellside_conference_transcript",
        "published_date": "2023-09-13",
        "fiscal_date": "2023-09-13",
        "fiscal_year": null,
        "fiscal_quarter": null,
        "r2_url": "https://pub-2c783279b61043e19fbdadd1bee5153a.r2.dev/DPZ/2023-09-13/Domino%27s%20Pizza%2C%20Inc._2023-09-13_transcript/Domino%27s%20Pizza%2C%20Inc._2023-09-13_transcript.pdf%5CDomino%27s%20Pizza%2C%20Inc._2023-09-13_transcript.pdf",
        "periodicity": "non_periodic"
    },
    {
        "equity_ticker": "DPZ",
        "geography": "US",
        "content_name": "DPZ Q2 2023 Transcript",
        "file_type": "pdf",
        "content_type": "earnings_transcript",
        "published_date": "2023-07-24",
        "fiscal_date": "2023-07-24",
        "fiscal_year": 2023,
        "fiscal_quarter": 2,
        "r2_url": "https://pub-2c783279b61043e19fbdadd1bee5153a.r2.dev/DPZ/2023-07-24/Domino%27s%20Pizza%2C%20Inc._2023-07-24_transcript/Domino%27s%20Pizza%2C%20Inc._2023-07-24_transcript.pdf%5CDomino%27s%20Pizza%2C%20Inc._2023-07-24_transcript.pdf",
        "periodicity": "periodic"
    },
    {
        "equity_ticker": "DPZ",
        "geography": "US",
        "content_name": "DPZ Q2 2023 Press Release",
        "file_type": "pdf",
        "content_type": "earnings_press_release",
        "published_date": "2023-07-24",
        "fiscal_date": "2023-07-24",
        "fiscal_year": 2023,
        "fiscal_quarter": 2,
        "r2_url": "https://pub-2c783279b61043e19fbdadd1bee5153a.r2.dev/DPZ/2023-07-24/086b0-2023-07-24-10-25-08/086b0-2023-07-24-10-25-08.pdf%5C086b0-2023-07-24-10-25-08.pdf",
        "periodicity": "periodic"
    },
    {
        "equity_ticker": "DPZ",
        "geography": "US",
        "content_name": "DPZ Q1 2023 Transcript",
        "file_type": "pdf",
        "content_type": "earnings_transcript",
        "published_date": "2023-04-27",
        "fiscal_date": "2023-04-27",
        "fiscal_year": 2023,
        "fiscal_quarter": 1,
        "r2_url": "https://pub-2c783279b61043e19fbdadd1bee5153a.r2.dev/DPZ/2023-04-27/Domino%27s%20Pizza%2C%20Inc._2023-04-27_transcript/Domino%27s%20Pizza%2C%20Inc._2023-04-27_transcript.pdf%5CDomino%27s%20Pizza%2C%20Inc._2023-04-27_transcript.pdf",
        "periodicity": "periodic"
    },
    {
        "equity_ticker": "DPZ",
        "geography": "US",
        "content_name": "DPZ Q1 2023 Press Release",
        "file_type": "pdf",
        "content_type": "earnings_press_release",
        "published_date": "2023-04-27",
        "fiscal_date": "2023-04-27",
        "fiscal_year": 2023,
        "fiscal_quarter": 1,
        "r2_url": "https://pub-2c783279b61043e19fbdadd1bee5153a.r2.dev/DPZ/2023-04-27/7ea1b-2023-04-27-11-11-51/7ea1b-2023-04-27-11-11-51.pdf%5C7ea1b-2023-04-27-11-11-51.pdf",
        "periodicity": "periodic"
    },
    {
        "equity_ticker": "DPZ",
        "geography": "US",
        "content_name": "DPZ Q4 2022 Transcript",
        "file_type": "pdf",
        "content_type": "earnings_transcript",
        "published_date": "2023-02-23",
        "fiscal_date": "2023-02-23",
        "fiscal_year": 2022,
        "fiscal_quarter": 4,
        "r2_url": "https://pub-2c783279b61043e19fbdadd1bee5153a.r2.dev/DPZ/2023-02-23/Domino%27s%20Pizza%2C%20Inc._2023-02-23_transcript/Domino%27s%20Pizza%2C%20Inc._2023-02-23_transcript.pdf%5CDomino%27s%20Pizza%2C%20Inc._2023-02-23_transcript.pdf",
        "periodicity": "periodic"
    },
    {
        "equity_ticker": "DPZ",
        "geography": "US",
        "content_name": "DPZ Q4 2022 Press Release",
        "file_type": "pdf",
        "content_type": "earnings_press_release",
        "published_date": "2023-02-23",
        "fiscal_date": "2023-02-23",
        "fiscal_year": 2022,
        "fiscal_quarter": 4,
        "r2_url": "https://pub-2c783279b61043e19fbdadd1bee5153a.r2.dev/DPZ/2023-02-23/9b55e-2023-02-23-12-58-42/9b55e-2023-02-23-12-58-42.pdf%5C9b55e-2023-02-23-12-58-42.pdf",
        "periodicity": "periodic"
    },
    {
        "equity_ticker": "DPZ",
        "geography": "US",
        "content_name": "DPZ Q3 2022 Transcript",
        "file_type": "pdf",
        "content_type": "earnings_transcript",
        "published_date": "2022-10-13",
        "fiscal_date": "2022-10-13",
        "fiscal_year": 2022,
        "fiscal_quarter": 3,
        "r2_url": "https://pub-2c783279b61043e19fbdadd1bee5153a.r2.dev/DPZ/2022-10-13/Domino%27s%20Pizza%2C%20Inc._2022-10-13_transcript/Domino%27s%20Pizza%2C%20Inc._2022-10-13_transcript.pdf%5CDomino%27s%20Pizza%2C%20Inc._2022-10-13_transcript.pdf",
        "periodicity": "periodic"
    },
    {
        "equity_ticker": "DPZ",
        "geography": "US",
        "content_name": "DPZ Q3 2022 Press Release",
        "file_type": "pdf",
        "content_type": "earnings_press_release",
        "published_date": "2022-10-13",
        "fiscal_date": "2022-10-13",
        "fiscal_year": 2022,
        "fiscal_quarter": 3,
        "r2_url": "https://pub-2c783279b61043e19fbdadd1bee5153a.r2.dev/DPZ/2022-10-13/35d66-2022-10-13-11-58-35/35d66-2022-10-13-11-58-35.pdf%5C35d66-2022-10-13-11-58-35.pdf",
        "periodicity": "periodic"
    },
    {
        "equity_ticker": "DPZ",
        "geography": "US",
        "content_name": "DPZ Q2 2022 Transcript",
        "file_type": "pdf",
        "content_type": "earnings_transcript",
        "published_date": "2022-07-21",
        "fiscal_date": "2022-07-21",
        "fiscal_year": 2022,
        "fiscal_quarter": 2,
        "r2_url": "https://pub-2c783279b61043e19fbdadd1bee5153a.r2.dev/DPZ/2022-07-21/Domino%27s%20Pizza%2C%20Inc._2022-07-21_transcript/Domino%27s%20Pizza%2C%20Inc._2022-07-21_transcript.pdf%5CDomino%27s%20Pizza%2C%20Inc._2022-07-21_transcript.pdf",
        "periodicity": "periodic"
    },
    {
        "equity_ticker": "DPZ",
        "geography": "US",
        "content_name": "DPZ Q2 2022 Press Release",
        "file_type": "pdf",
        "content_type": "earnings_press_release",
        "published_date": "2022-07-21",
        "fiscal_date": "2022-07-21",
        "fiscal_year": 2022,
        "fiscal_quarter": 2,
        "r2_url": "https://pub-2c783279b61043e19fbdadd1bee5153a.r2.dev/DPZ/2022-07-21/b3116-2022-07-21-12-39-49/b3116-2022-07-21-12-39-49.pdf%5Cb3116-2022-07-21-12-39-49.pdf",
        "periodicity": "periodic"
    },
    {
        "equity_ticker": "DPZ",
        "geography": "US",
        "content_name": "DPZ Q1 2022 Transcript",
        "file_type": "pdf",
        "content_type": "earnings_transcript",
        "published_date": "2022-04-28",
        "fiscal_date": "2022-04-28",
        "fiscal_year": 2022,
        "fiscal_quarter": 1,
        "r2_url": "https://pub-2c783279b61043e19fbdadd1bee5153a.r2.dev/DPZ/2022-04-28/Domino%27s%20Pizza%2C%20Inc._2022-04-28_transcript/Domino%27s%20Pizza%2C%20Inc._2022-04-28_transcript.pdf%5CDomino%27s%20Pizza%2C%20Inc._2022-04-28_transcript.pdf",
        "periodicity": "periodic"
    },
    {
        "equity_ticker": "DPZ",
        "geography": "US",
        "content_name": "DPZ Q1 2022 Press Release",
        "file_type": "pdf",
        "content_type": "earnings_press_release",
        "published_date": "2022-04-28",
        "fiscal_date": "2022-04-28",
        "fiscal_year": 2022,
        "fiscal_quarter": 1,
        "r2_url": "https://pub-2c783279b61043e19fbdadd1bee5153a.r2.dev/DPZ/2022-04-28/7efdd-2023-01-25-01-51-18/7efdd-2023-01-25-01-51-18.pdf%5C7efdd-2023-01-25-01-51-18.pdf",
        "periodicity": "periodic"
    },
    {
        "equity_ticker": "DPZ",
        "geography": "US",
        "content_name": "DPZ Q4 2021 Transcript",
        "file_type": "pdf",
        "content_type": "earnings_transcript",
        "published_date": "2022-03-01",
        "fiscal_date": "2022-03-01",
        "fiscal_year": 2021,
        "fiscal_quarter": 4,
        "r2_url": "https://pub-2c783279b61043e19fbdadd1bee5153a.r2.dev/DPZ/2022-03-01/Domino%27s%20Pizza%2C%20Inc._2022-03-01_transcript/Domino%27s%20Pizza%2C%20Inc._2022-03-01_transcript.pdf%5CDomino%27s%20Pizza%2C%20Inc._2022-03-01_transcript.pdf",
        "periodicity": "periodic"
    },
    {
        "equity_ticker": "DPZ",
        "geography": "US",
        "content_name": "DPZ Q4 2021 Press Release",
        "file_type": "pdf",
        "content_type": "earnings_press_release",
        "published_date": "2022-03-01",
        "fiscal_date": "2022-03-01",
        "fiscal_year": 2021,
        "fiscal_quarter": 4,
        "r2_url": "https://pub-2c783279b61043e19fbdadd1bee5153a.r2.dev/DPZ/2022-03-01/54ec1-2023-01-25-12-09-40/54ec1-2023-01-25-12-09-40.pdf%5C54ec1-2023-01-25-12-09-40.pdf",
        "periodicity": "periodic"
    },
    {
        "equity_ticker": "DPZ",
        "geography": "US",
        "content_name": "DPZ Q4 2021 Presentation",
        "file_type": "pdf",
        "content_type": "earnings_presentation",
        "published_date": "2022-03-01",
        "fiscal_date": "2022-03-01",
        "fiscal_year": 2021,
        "fiscal_quarter": 4,
        "r2_url": "https://pub-2c783279b61043e19fbdadd1bee5153a.r2.dev/DPZ/2022-03-01/417cb-2022-10-14-03-24-26/417cb-2022-10-14-03-24-26.pdf%5C417cb-2022-10-14-03-24-26.pdf",
        "periodicity": "periodic"
    },
    {
        "equity_ticker": "DPZ",
        "geography": "US",
        "content_name": "DPZ Q3 2021 Transcript",
        "file_type": "pdf",
        "content_type": "earnings_transcript",
        "published_date": "2021-10-14",
        "fiscal_date": "2021-10-14",
        "fiscal_year": 2021,
        "fiscal_quarter": 3,
        "r2_url": "https://pub-2c783279b61043e19fbdadd1bee5153a.r2.dev/DPZ/2021-10-14/Domino%27s%20Pizza%2C%20Inc._2021-10-14_transcript/Domino%27s%20Pizza%2C%20Inc._2021-10-14_transcript.pdf%5CDomino%27s%20Pizza%2C%20Inc._2021-10-14_transcript.pdf",
        "periodicity": "periodic"
    },
    {
        "equity_ticker": "DPZ",
        "geography": "US",
        "content_name": "DPZ Q3 2021 Press Release",
        "file_type": "pdf",
        "content_type": "earnings_press_release",
        "published_date": "2021-10-14",
        "fiscal_date": "2021-10-14",
        "fiscal_year": 2021,
        "fiscal_quarter": 3,
        "r2_url": "https://pub-2c783279b61043e19fbdadd1bee5153a.r2.dev/DPZ/2021-10-14/b8f3c-2023-01-25-10-53-07/b8f3c-2023-01-25-10-53-07.pdf%5Cb8f3c-2023-01-25-10-53-07.pdf",
        "periodicity": "periodic"
    },
    {
        "equity_ticker": "DPZ",
        "geography": "US",
        "content_name": "DPZ Q3 2021 Presentation",
        "file_type": "pdf",
        "content_type": "earnings_presentation",
        "published_date": "2021-10-14",
        "fiscal_date": "2021-10-14",
        "fiscal_year": 2021,
        "fiscal_quarter": 3,
        "r2_url": "https://pub-2c783279b61043e19fbdadd1bee5153a.r2.dev/DPZ/2021-10-14/856c3-2021-10-14-12-00-00-migrated/856c3-2021-10-14-12-00-00-migrated.pdf%5C856c3-2021-10-14-12-00-00-migrated.pdf",
        "periodicity": "periodic"
    },
    {
        "equity_ticker": "DPZ",
        "geography": "US",
        "content_name": "DPZ Q2 2021 Transcript",
        "file_type": "pdf",
        "content_type": "earnings_transcript",
        "published_date": "2021-07-22",
        "fiscal_date": "2021-07-22",
        "fiscal_year": 2021,
        "fiscal_quarter": 2,
        "r2_url": "https://pub-2c783279b61043e19fbdadd1bee5153a.r2.dev/DPZ/2021-07-22/Domino%27s%20Pizza%2C%20Inc._2021-07-22_transcript/Domino%27s%20Pizza%2C%20Inc._2021-07-22_transcript.pdf%5CDomino%27s%20Pizza%2C%20Inc._2021-07-22_transcript.pdf",
        "periodicity": "periodic"
    },
    {
        "equity_ticker": "DPZ",
        "geography": "US",
        "content_name": "DPZ Q2 2021 Press Release",
        "file_type": "pdf",
        "content_type": "earnings_press_release",
        "published_date": "2021-07-22",
        "fiscal_date": "2021-07-22",
        "fiscal_year": 2021,
        "fiscal_quarter": 2,
        "r2_url": "https://pub-2c783279b61043e19fbdadd1bee5153a.r2.dev/DPZ/2021-07-22/42a8d-2023-01-25-10-50-08/42a8d-2023-01-25-10-50-08.pdf%5C42a8d-2023-01-25-10-50-08.pdf",
        "periodicity": "periodic"
    },
    {
        "equity_ticker": "DPZ",
        "geography": "US",
        "content_name": "DPZ Q2 2021 Presentation",
        "file_type": "pdf",
        "content_type": "earnings_presentation",
        "published_date": "2021-07-22",
        "fiscal_date": "2021-07-22",
        "fiscal_year": 2021,
        "fiscal_quarter": 2,
        "r2_url": "https://pub-2c783279b61043e19fbdadd1bee5153a.r2.dev/DPZ/2021-07-22/989c7-2021-07-22-05-00-40-migrated/989c7-2021-07-22-05-00-40-migrated.pdf%5C989c7-2021-07-22-05-00-40-migrated.pdf",
        "periodicity": "periodic"
    },
    {
        "equity_ticker": "DPZ",
        "geography": "US",
        "content_name": "DPZ Q1 2021 Transcript",
        "file_type": "pdf",
        "content_type": "earnings_transcript",
        "published_date": "2021-04-29",
        "fiscal_date": "2021-04-29",
        "fiscal_year": 2021,
        "fiscal_quarter": 1,
        "r2_url": "https://pub-2c783279b61043e19fbdadd1bee5153a.r2.dev/DPZ/2021-04-29/Domino%27s%20Pizza%2C%20Inc._2021-04-29_transcript/Domino%27s%20Pizza%2C%20Inc._2021-04-29_transcript.pdf%5CDomino%27s%20Pizza%2C%20Inc._2021-04-29_transcript.pdf",
        "periodicity": "periodic"
    },
    {
        "equity_ticker": "DPZ",
        "geography": "US",
        "content_name": "DPZ Q1 2021 Press Release",
        "file_type": "pdf",
        "content_type": "quarterly_report",
        "published_date": "2021-04-29",
        "fiscal_date": "2021-04-29",
        "fiscal_year": 2021,
        "fiscal_quarter": 1,
        "r2_url": "https://pub-2c783279b61043e19fbdadd1bee5153a.r2.dev/DPZ/2021-04-29/25f5c-2024-08-29-09-11-11/25f5c-2024-08-29-09-11-11.pdf%5C25f5c-2024-08-29-09-11-11.pdf",
        "periodicity": "periodic"
    },
    {
        "equity_ticker": "DPZ",
        "geography": "US",
        "content_name": "DPZ Q4 2020 Transcript",
        "file_type": "pdf",
        "content_type": "earnings_transcript",
        "published_date": "2021-02-25",
        "fiscal_date": "2021-02-25",
        "fiscal_year": 2020,
        "fiscal_quarter": 4,
        "r2_url": "https://pub-2c783279b61043e19fbdadd1bee5153a.r2.dev/DPZ/2021-02-25/Domino%27s%20Pizza%2C%20Inc._2021-02-25_transcript/Domino%27s%20Pizza%2C%20Inc._2021-02-25_transcript.pdf%5CDomino%27s%20Pizza%2C%20Inc._2021-02-25_transcript.pdf",
        "periodicity": "periodic"
    },
    {
        "equity_ticker": "DPZ",
        "geography": "US",
        "content_name": "DPZ Q4 2020 Press Release",
        "file_type": "pdf",
        "content_type": "earnings_press_release",
        "published_date": "2021-02-25",
        "fiscal_date": "2021-02-25",
        "fiscal_year": 2020,
        "fiscal_quarter": 4,
        "r2_url": "https://pub-2c783279b61043e19fbdadd1bee5153a.r2.dev/DPZ/2021-02-25/80895-2022-07-06-08-02-21/80895-2022-07-06-08-02-21.pdf%5C80895-2022-07-06-08-02-21.pdf",
        "periodicity": "periodic"
    },
    {
        "equity_ticker": "DPZ",
        "geography": "US",
        "content_name": "DPZ Q3 2020 Transcript",
        "file_type": "pdf",
        "content_type": "earnings_transcript",
        "published_date": "2020-10-08",
        "fiscal_date": "2020-10-08",
        "fiscal_year": 2020,
        "fiscal_quarter": 3,
        "r2_url": "https://pub-2c783279b61043e19fbdadd1bee5153a.r2.dev/DPZ/2020-10-08/Domino%27s%20Pizza%2C%20Inc._2020-10-08_transcript/Domino%27s%20Pizza%2C%20Inc._2020-10-08_transcript.pdf%5CDomino%27s%20Pizza%2C%20Inc._2020-10-08_transcript.pdf",
        "periodicity": "periodic"
    },
    {
        "equity_ticker": "DPZ",
        "geography": "US",
        "content_name": "DPZ Q3 2020 Press Release",
        "file_type": "pdf",
        "content_type": "earnings_press_release",
        "published_date": "2020-10-08",
        "fiscal_date": "2020-10-08",
        "fiscal_year": 2020,
        "fiscal_quarter": 3,
        "r2_url": "https://pub-2c783279b61043e19fbdadd1bee5153a.r2.dev/DPZ/2020-10-08/e24f2-2022-07-06-08-57-21/e24f2-2022-07-06-08-57-21.pdf%5Ce24f2-2022-07-06-08-57-21.pdf",
        "periodicity": "periodic"
    },
    {
        "equity_ticker": "DPZ",
        "geography": "US",
        "content_name": "DPZ Q2 2020 Transcript",
        "file_type": "pdf",
        "content_type": "earnings_transcript",
        "published_date": "2020-07-16",
        "fiscal_date": "2020-07-16",
        "fiscal_year": 2020,
        "fiscal_quarter": 2,
        "r2_url": "https://pub-2c783279b61043e19fbdadd1bee5153a.r2.dev/DPZ/2020-07-16/Domino%27s%20Pizza%2C%20Inc._2020-07-16_transcript/Domino%27s%20Pizza%2C%20Inc._2020-07-16_transcript.pdf%5CDomino%27s%20Pizza%2C%20Inc._2020-07-16_transcript.pdf",
        "periodicity": "periodic"
    },
    {
        "equity_ticker": "DPZ",
        "geography": "US",
        "content_name": "DPZ Q2 2020 Press Release",
        "file_type": "pdf",
        "content_type": "earnings_press_release",
        "published_date": "2020-07-16",
        "fiscal_date": "2020-07-16",
        "fiscal_year": 2020,
        "fiscal_quarter": 2,
        "r2_url": "https://pub-2c783279b61043e19fbdadd1bee5153a.r2.dev/DPZ/2020-07-16/975d5-2022-07-06-08-50-22/975d5-2022-07-06-08-50-22.pdf%5C975d5-2022-07-06-08-50-22.pdf",
        "periodicity": "periodic"
    },
    {
        "equity_ticker": "DPZ",
        "geography": "US",
        "content_name": "DPZ Q1 2020 Transcript",
        "file_type": "pdf",
        "content_type": "earnings_transcript",
        "published_date": "2020-04-23",
        "fiscal_date": "2020-04-23",
        "fiscal_year": 2020,
        "fiscal_quarter": 1,
        "r2_url": "https://pub-2c783279b61043e19fbdadd1bee5153a.r2.dev/DPZ/2020-04-23/Domino%27s%20Pizza%2C%20Inc._2020-04-23_transcript/Domino%27s%20Pizza%2C%20Inc._2020-04-23_transcript.pdf%5CDomino%27s%20Pizza%2C%20Inc._2020-04-23_transcript.pdf",
        "periodicity": "periodic"
    },
    {
        "equity_ticker": "DPZ",
        "geography": "US",
        "content_name": "DPZ Q1 2020 Press Release",
        "file_type": "pdf",
        "content_type": "earnings_press_release",
        "published_date": "2020-04-23",
        "fiscal_date": "2020-04-23",
        "fiscal_year": 2020,
        "fiscal_quarter": 1,
        "r2_url": "https://pub-2c783279b61043e19fbdadd1bee5153a.r2.dev/DPZ/2020-04-23/92107-2022-07-06-08-36-23/92107-2022-07-06-08-36-23.pdf%5C92107-2022-07-06-08-36-23.pdf",
        "periodicity": "periodic"
    },
    {
        "equity_ticker": "DPZ",
        "geography": "US",
        "content_name": "DPZ Q4 2019 Transcript",
        "file_type": "pdf",
        "content_type": "earnings_transcript",
        "published_date": "2020-02-20",
        "fiscal_date": "2020-02-20",
        "fiscal_year": 2019,
        "fiscal_quarter": 4,
        "r2_url": "https://pub-2c783279b61043e19fbdadd1bee5153a.r2.dev/DPZ/2020-02-20/Domino%27s%20Pizza%2C%20Inc._2020-02-20_transcript/Domino%27s%20Pizza%2C%20Inc._2020-02-20_transcript.pdf%5CDomino%27s%20Pizza%2C%20Inc._2020-02-20_transcript.pdf",
        "periodicity": "periodic"
    },
    {
        "equity_ticker": "DPZ",
        "geography": "US",
        "content_name": "DPZ Q4 2019 Press Release",
        "file_type": "pdf",
        "content_type": "earnings_press_release",
        "published_date": "2020-02-20",
        "fiscal_date": "2020-02-20",
        "fiscal_year": 2019,
        "fiscal_quarter": 4,
        "r2_url": "https://pub-2c783279b61043e19fbdadd1bee5153a.r2.dev/DPZ/2020-02-20/69f1c-2022-07-06-08-20-36/69f1c-2022-07-06-08-20-36.pdf%5C69f1c-2022-07-06-08-20-36.pdf",
        "periodicity": "periodic"
    },
    {
        "equity_ticker": "DPZ",
        "geography": "US",
        "content_name": "DPZ Q3 2019 Transcript",
        "file_type": "pdf",
        "content_type": "earnings_transcript",
        "published_date": "2019-10-08",
        "fiscal_date": "2019-10-08",
        "fiscal_year": 2019,
        "fiscal_quarter": 3,
        "r2_url": "https://pub-2c783279b61043e19fbdadd1bee5153a.r2.dev/DPZ/2019-10-08/Domino%27s%20Pizza%2C%20Inc._2019-10-08_transcript/Domino%27s%20Pizza%2C%20Inc._2019-10-08_transcript.pdf%5CDomino%27s%20Pizza%2C%20Inc._2019-10-08_transcript.pdf",
        "periodicity": "periodic"
    },
    {
        "equity_ticker": "DPZ",
        "geography": "US",
        "content_name": "DPZ Q3 2019 Press Release",
        "file_type": "pdf",
        "content_type": "earnings_press_release",
        "published_date": "2019-10-08",
        "fiscal_date": "2019-10-08",
        "fiscal_year": 2019,
        "fiscal_quarter": 3,
        "r2_url": "https://pub-2c783279b61043e19fbdadd1bee5153a.r2.dev/DPZ/2019-10-08/cd0bb-2022-07-06-08-46-37/cd0bb-2022-07-06-08-46-37.pdf%5Ccd0bb-2022-07-06-08-46-37.pdf",
        "periodicity": "periodic"
    },
    {
        "equity_ticker": "DPZ",
        "geography": "US",
        "content_name": "DPZ Q2 2019 Transcript",
        "file_type": "pdf",
        "content_type": "earnings_transcript",
        "published_date": "2019-07-16",
        "fiscal_date": "2019-07-16",
        "fiscal_year": 2019,
        "fiscal_quarter": 2,
        "r2_url": "https://pub-2c783279b61043e19fbdadd1bee5153a.r2.dev/DPZ/2019-07-16/Domino%27s%20Pizza%2C%20Inc._2019-07-16_transcript/Domino%27s%20Pizza%2C%20Inc._2019-07-16_transcript.pdf%5CDomino%27s%20Pizza%2C%20Inc._2019-07-16_transcript.pdf",
        "periodicity": "periodic"
    },
    {
        "equity_ticker": "DPZ",
        "geography": "US",
        "content_name": "DPZ Q2 2019 Press Release",
        "file_type": "pdf",
        "content_type": "earnings_press_release",
        "published_date": "2019-07-16",
        "fiscal_date": "2019-07-16",
        "fiscal_year": 2019,
        "fiscal_quarter": 2,
        "r2_url": "https://pub-2c783279b61043e19fbdadd1bee5153a.r2.dev/DPZ/2019-07-16/150d1-2022-07-06-08-04-39/150d1-2022-07-06-08-04-39.pdf%5C150d1-2022-07-06-08-04-39.pdf",
        "periodicity": "periodic"
    },
    {
        "equity_ticker": "DPZ",
        "geography": "US",
        "content_name": "DPZ Q2 2019 Presentation",
        "file_type": "pdf",
        "content_type": "earnings_presentation",
        "published_date": "2019-07-16",
        "fiscal_date": "2019-07-16",
        "fiscal_year": 2019,
        "fiscal_quarter": 2,
        "r2_url": "https://pub-2c783279b61043e19fbdadd1bee5153a.r2.dev/DPZ/2019-07-16/12ac0-2022-07-06-08-04-39/12ac0-2022-07-06-08-04-39.pdf%5C12ac0-2022-07-06-08-04-39.pdf",
        "periodicity": "periodic"
    },
    {
        "equity_ticker": "DPZ",
        "geography": "US",
        "content_name": "DPZ Q1 2019 Transcript",
        "file_type": "pdf",
        "content_type": "earnings_transcript",
        "published_date": "2019-04-24",
        "fiscal_date": "2019-04-24",
        "fiscal_year": 2019,
        "fiscal_quarter": 1,
        "r2_url": "https://pub-2c783279b61043e19fbdadd1bee5153a.r2.dev/DPZ/2019-04-24/Domino%27s%20Pizza%2C%20Inc._2019-04-24_transcript/Domino%27s%20Pizza%2C%20Inc._2019-04-24_transcript.pdf%5CDomino%27s%20Pizza%2C%20Inc._2019-04-24_transcript.pdf",
        "periodicity": "periodic"
    },
    {
        "equity_ticker": "DPZ",
        "geography": "US",
        "content_name": "DPZ Q1 2019 Press Release",
        "file_type": "pdf",
        "content_type": "earnings_press_release",
        "published_date": "2019-04-24",
        "fiscal_date": "2019-04-24",
        "fiscal_year": 2019,
        "fiscal_quarter": 1,
        "r2_url": "https://pub-2c783279b61043e19fbdadd1bee5153a.r2.dev/DPZ/2019-04-24/0799f-2022-07-06-08-42-39/0799f-2022-07-06-08-42-39.pdf%5C0799f-2022-07-06-08-42-39.pdf",
        "periodicity": "periodic"
    },
    {
        "equity_ticker": "DPZ",
        "geography": "US",
        "content_name": "DPZ Q4 2018 Transcript",
        "file_type": "pdf",
        "content_type": "earnings_transcript",
        "published_date": "2019-02-21",
        "fiscal_date": "2019-02-21",
        "fiscal_year": 2018,
        "fiscal_quarter": 4,
        "r2_url": "https://pub-2c783279b61043e19fbdadd1bee5153a.r2.dev/DPZ/2019-02-21/Domino%27s%20Pizza%2C%20Inc._2019-02-21_transcript/Domino%27s%20Pizza%2C%20Inc._2019-02-21_transcript.pdf%5CDomino%27s%20Pizza%2C%20Inc._2019-02-21_transcript.pdf",
        "periodicity": "periodic"
    },
    {
        "equity_ticker": "DPZ",
        "geography": "US",
        "content_name": "DPZ Q4 2018 Press Release",
        "file_type": "pdf",
        "content_type": "annual_report",
        "published_date": "2019-02-21",
        "fiscal_date": "2019-02-21",
        "fiscal_year": 2018,
        "fiscal_quarter": 4,
        "r2_url": "https://pub-2c783279b61043e19fbdadd1bee5153a.r2.dev/DPZ/2019-02-21/675db-2023-09-05-09-53-57/675db-2023-09-05-09-53-57.pdf%5C675db-2023-09-05-09-53-57.pdf",
        "periodicity": "periodic"
    },
    {
        "equity_ticker": "DPZ",
        "geography": "US",
        "content_name": "DPZ Q3 2018 Transcript",
        "file_type": "pdf",
        "content_type": "earnings_transcript",
        "published_date": "2018-10-16",
        "fiscal_date": "2018-10-16",
        "fiscal_year": 2018,
        "fiscal_quarter": 3,
        "r2_url": "https://pub-2c783279b61043e19fbdadd1bee5153a.r2.dev/DPZ/2018-10-16/Domino%27s%20Pizza%2C%20Inc._2018-10-16_transcript/Domino%27s%20Pizza%2C%20Inc._2018-10-16_transcript.pdf%5CDomino%27s%20Pizza%2C%20Inc._2018-10-16_transcript.pdf",
        "periodicity": "periodic"
    },
    {
        "equity_ticker": "DPZ",
        "geography": "US",
        "content_name": "DPZ Q2 2018 Transcript",
        "file_type": "pdf",
        "content_type": "earnings_transcript",
        "published_date": "2018-07-19",
        "fiscal_date": "2018-07-19",
        "fiscal_year": 2018,
        "fiscal_quarter": 2,
        "r2_url": "https://pub-2c783279b61043e19fbdadd1bee5153a.r2.dev/DPZ/2018-07-19/Domino%27s%20Pizza%2C%20Inc._2018-07-19_transcript/Domino%27s%20Pizza%2C%20Inc._2018-07-19_transcript.pdf%5CDomino%27s%20Pizza%2C%20Inc._2018-07-19_transcript.pdf",
        "periodicity": "periodic"
    },
    {
        "equity_ticker": "DPZ",
        "geography": "US",
        "content_name": "DPZ Q1 2018 Transcript",
        "file_type": "pdf",
        "content_type": "earnings_transcript",
        "published_date": "2018-04-26",
        "fiscal_date": "2018-04-26",
        "fiscal_year": 2018,
        "fiscal_quarter": 1,
        "r2_url": "https://pub-2c783279b61043e19fbdadd1bee5153a.r2.dev/DPZ/2018-04-26/Domino%27s%20Pizza%2C%20Inc._2018-04-26_transcript/Domino%27s%20Pizza%2C%20Inc._2018-04-26_transcript.pdf%5CDomino%27s%20Pizza%2C%20Inc._2018-04-26_transcript.pdf",
        "periodicity": "periodic"
    },
    {
        "equity_ticker": "DPZ",
        "geography": "US",
        "content_name": "DPZ Q4 2017 Transcript",
        "file_type": "pdf",
        "content_type": "earnings_transcript",
        "published_date": "2018-02-20",
        "fiscal_date": "2018-02-20",
        "fiscal_year": 2017,
        "fiscal_quarter": 4,
        "r2_url": "https://pub-2c783279b61043e19fbdadd1bee5153a.r2.dev/DPZ/2018-02-20/Domino%27s%20Pizza%2C%20Inc._2018-02-20_transcript/Domino%27s%20Pizza%2C%20Inc._2018-02-20_transcript.pdf%5CDomino%27s%20Pizza%2C%20Inc._2018-02-20_transcript.pdf",
        "periodicity": "periodic"
    },
    {
        "equity_ticker": "DPZ",
        "geography": "US",
        "content_name": "DPZ Q4 2017 Press Release",
        "file_type": "pdf",
        "content_type": "annual_report",
        "published_date": "2018-02-20",
        "fiscal_date": "2018-02-20",
        "fiscal_year": 2017,
        "fiscal_quarter": 4,
        "r2_url": "https://pub-2c783279b61043e19fbdadd1bee5153a.r2.dev/DPZ/2018-02-20/69688-2023-09-05-09-07-58/69688-2023-09-05-09-07-58.pdf%5C69688-2023-09-05-09-07-58.pdf",
        "periodicity": "periodic"
    },
    {
        "equity_ticker": "DPZ",
        "geography": "US",
        "content_name": "DPZ Q3 2017 Transcript",
        "file_type": "pdf",
        "content_type": "earnings_transcript",
        "published_date": "2017-10-12",
        "fiscal_date": "2017-10-12",
        "fiscal_year": 2017,
        "fiscal_quarter": 3,
        "r2_url": "https://pub-2c783279b61043e19fbdadd1bee5153a.r2.dev/DPZ/2017-10-12/Domino%27s%20Pizza%2C%20Inc._2017-10-12_transcript/Domino%27s%20Pizza%2C%20Inc._2017-10-12_transcript.pdf%5CDomino%27s%20Pizza%2C%20Inc._2017-10-12_transcript.pdf",
        "periodicity": "periodic"
    },
    {
        "equity_ticker": "DPZ",
        "geography": "US",
        "content_name": "DPZ Q2 2017 Transcript",
        "file_type": "pdf",
        "content_type": "earnings_transcript",
        "published_date": "2017-07-25",
        "fiscal_date": "2017-07-25",
        "fiscal_year": 2017,
        "fiscal_quarter": 2,
        "r2_url": "https://pub-2c783279b61043e19fbdadd1bee5153a.r2.dev/DPZ/2017-07-25/Domino%27s%20Pizza%2C%20Inc._2017-07-25_transcript/Domino%27s%20Pizza%2C%20Inc._2017-07-25_transcript.pdf%5CDomino%27s%20Pizza%2C%20Inc._2017-07-25_transcript.pdf",
        "periodicity": "periodic"
    },
    {
        "equity_ticker": "DPZ",
        "geography": "US",
        "content_name": "DPZ Q1 2017 Transcript",
        "file_type": "pdf",
        "content_type": "earnings_transcript",
        "published_date": "2017-04-27",
        "fiscal_date": "2017-04-27",
        "fiscal_year": 2017,
        "fiscal_quarter": 1,
        "r2_url": "https://pub-2c783279b61043e19fbdadd1bee5153a.r2.dev/DPZ/2017-04-27/Domino%27s%20Pizza%2C%20Inc._2017-04-27_transcript/Domino%27s%20Pizza%2C%20Inc._2017-04-27_transcript.pdf%5CDomino%27s%20Pizza%2C%20Inc._2017-04-27_transcript.pdf",
        "periodicity": "periodic"
    },
    {
        "equity_ticker": "DPZ",
        "geography": "US",
        "content_name": "DPZ Q4 2016 Transcript",
        "file_type": "pdf",
        "content_type": "earnings_transcript",
        "published_date": "2017-02-28",
        "fiscal_date": "2017-02-28",
        "fiscal_year": 2016,
        "fiscal_quarter": 4,
        "r2_url": "https://pub-2c783279b61043e19fbdadd1bee5153a.r2.dev/DPZ/2017-02-28/Domino%27s%20Pizza%2C%20Inc._2017-02-28_transcript/Domino%27s%20Pizza%2C%20Inc._2017-02-28_transcript.pdf%5CDomino%27s%20Pizza%2C%20Inc._2017-02-28_transcript.pdf",
        "periodicity": "periodic"
    },
    {
        "equity_ticker": "DPZ",
        "geography": "US",
        "content_name": "DPZ Q4 2016 Press Release",
        "file_type": "pdf",
        "content_type": "annual_report",
        "published_date": "2017-02-28",
        "fiscal_date": "2017-02-28",
        "fiscal_year": 2016,
        "fiscal_quarter": 4,
        "r2_url": "https://pub-2c783279b61043e19fbdadd1bee5153a.r2.dev/DPZ/2017-02-28/293de-2023-09-05-09-22-58/293de-2023-09-05-09-22-58.pdf%5C293de-2023-09-05-09-22-58.pdf",
        "periodicity": "periodic"
    },
    {
        "equity_ticker": "DPZ",
        "geography": "US",
        "content_name": "DPZ Q3 2016 Transcript",
        "file_type": "pdf",
        "content_type": "earnings_transcript",
        "published_date": "2016-10-18",
        "fiscal_date": "2016-10-18",
        "fiscal_year": 2016,
        "fiscal_quarter": 3,
        "r2_url": "https://pub-2c783279b61043e19fbdadd1bee5153a.r2.dev/DPZ/2016-10-18/Domino%27s%20Pizza%2C%20Inc._2016-10-18_transcript/Domino%27s%20Pizza%2C%20Inc._2016-10-18_transcript.pdf%5CDomino%27s%20Pizza%2C%20Inc._2016-10-18_transcript.pdf",
        "periodicity": "periodic"
    },
    {
        "equity_ticker": "DPZ",
        "geography": "US",
        "content_name": "DPZ Q2 2016 Transcript",
        "file_type": "pdf",
        "content_type": "earnings_transcript",
        "published_date": "2016-07-21",
        "fiscal_date": "2016-07-21",
        "fiscal_year": 2016,
        "fiscal_quarter": 2,
        "r2_url": "https://pub-2c783279b61043e19fbdadd1bee5153a.r2.dev/DPZ/2016-07-21/Domino%27s%20Pizza%2C%20Inc._2016-07-21_transcript/Domino%27s%20Pizza%2C%20Inc._2016-07-21_transcript.pdf%5CDomino%27s%20Pizza%2C%20Inc._2016-07-21_transcript.pdf",
        "periodicity": "periodic"
    },
    {
        "equity_ticker": "DPZ",
        "geography": "US",
        "content_name": "DPZ Q1 2016 Transcript",
        "file_type": "pdf",
        "content_type": "earnings_transcript",
        "published_date": "2016-04-28",
        "fiscal_date": "2016-04-28",
        "fiscal_year": 2016,
        "fiscal_quarter": 1,
        "r2_url": "https://pub-2c783279b61043e19fbdadd1bee5153a.r2.dev/DPZ/2016-04-28/Domino%27s%20Pizza%2C%20Inc._2016-04-28_transcript/Domino%27s%20Pizza%2C%20Inc._2016-04-28_transcript.pdf%5CDomino%27s%20Pizza%2C%20Inc._2016-04-28_transcript.pdf",
        "periodicity": "periodic"
    },
    {
        "equity_ticker": "DPZ",
        "geography": "US",
        "content_name": "DPZ Q4 2015 Transcript",
        "file_type": "pdf",
        "content_type": "earnings_transcript",
        "published_date": "2016-02-25",
        "fiscal_date": "2016-02-25",
        "fiscal_year": 2015,
        "fiscal_quarter": 4,
        "r2_url": "https://pub-2c783279b61043e19fbdadd1bee5153a.r2.dev/DPZ/2016-02-25/Domino%27s%20Pizza%2C%20Inc._2016-02-25_transcript/Domino%27s%20Pizza%2C%20Inc._2016-02-25_transcript.pdf%5CDomino%27s%20Pizza%2C%20Inc._2016-02-25_transcript.pdf",
        "periodicity": "periodic"
    },
    {
        "equity_ticker": "DPZ",
        "geography": "US",
        "content_name": "DPZ Q4 2015 Press Release",
        "file_type": "pdf",
        "content_type": "annual_report",
        "published_date": "2016-02-25",
        "fiscal_date": "2016-02-25",
        "fiscal_year": 2015,
        "fiscal_quarter": 4,
        "r2_url": "https://pub-2c783279b61043e19fbdadd1bee5153a.r2.dev/DPZ/2016-02-25/dd4a6-2023-09-05-09-35-58/dd4a6-2023-09-05-09-35-58.pdf%5Cdd4a6-2023-09-05-09-35-58.pdf",
        "periodicity": "periodic"
    },
    {
        "equity_ticker": "DPZ",
        "geography": "US",
        "content_name": "DPZ Q3 2015 Transcript",
        "file_type": "pdf",
        "content_type": "earnings_transcript",
        "published_date": "2015-10-08",
        "fiscal_date": "2015-10-08",
        "fiscal_year": 2015,
        "fiscal_quarter": 3,
        "r2_url": "https://pub-2c783279b61043e19fbdadd1bee5153a.r2.dev/DPZ/2015-10-08/Domino%27s%20Pizza%2C%20Inc._2015-10-08_transcript/Domino%27s%20Pizza%2C%20Inc._2015-10-08_transcript.pdf%5CDomino%27s%20Pizza%2C%20Inc._2015-10-08_transcript.pdf",
        "periodicity": "periodic"
    },
    {
        "equity_ticker": "DPZ",
        "geography": "US",
        "content_name": "DPZ Q2 2015 Transcript",
        "file_type": "pdf",
        "content_type": "earnings_transcript",
        "published_date": "2015-07-16",
        "fiscal_date": "2015-07-16",
        "fiscal_year": 2015,
        "fiscal_quarter": 2,
        "r2_url": "https://pub-2c783279b61043e19fbdadd1bee5153a.r2.dev/DPZ/2015-07-16/Domino%27s%20Pizza%2C%20Inc._2015-07-16_transcript/Domino%27s%20Pizza%2C%20Inc._2015-07-16_transcript.pdf%5CDomino%27s%20Pizza%2C%20Inc._2015-07-16_transcript.pdf",
        "periodicity": "periodic"
    },
    {
        "equity_ticker": "DPZ",
        "geography": "US",
        "content_name": "DPZ Q1 2015 Transcript",
        "file_type": "pdf",
        "content_type": "earnings_transcript",
        "published_date": "2015-04-23",
        "fiscal_date": "2015-04-23",
        "fiscal_year": 2015,
        "fiscal_quarter": 1,
        "r2_url": "https://pub-2c783279b61043e19fbdadd1bee5153a.r2.dev/DPZ/2015-04-23/Domino%27s%20Pizza%2C%20Inc._2015-04-23_transcript/Domino%27s%20Pizza%2C%20Inc._2015-04-23_transcript.pdf%5CDomino%27s%20Pizza%2C%20Inc._2015-04-23_transcript.pdf",
        "periodicity": "periodic"
    },
    {
        "equity_ticker": "DPZ",
        "geography": "US",
        "content_name": "DPZ Q4 2014 Transcript",
        "file_type": "pdf",
        "content_type": "earnings_transcript",
        "published_date": "2015-02-24",
        "fiscal_date": "2015-02-24",
        "fiscal_year": 2014,
        "fiscal_quarter": 4,
        "r2_url": "https://pub-2c783279b61043e19fbdadd1bee5153a.r2.dev/DPZ/2015-02-24/Domino%27s%20Pizza%2C%20Inc._2015-02-24_transcript/Domino%27s%20Pizza%2C%20Inc._2015-02-24_transcript.pdf%5CDomino%27s%20Pizza%2C%20Inc._2015-02-24_transcript.pdf",
        "periodicity": "periodic"
    },
    {
        "equity_ticker": "DPZ",
        "geography": "US",
        "content_name": "DPZ Q4 2014 Press Release",
        "file_type": "pdf",
        "content_type": "annual_report",
        "published_date": "2015-02-24",
        "fiscal_date": "2015-02-24",
        "fiscal_year": 2014,
        "fiscal_quarter": 4,
        "r2_url": "https://pub-2c783279b61043e19fbdadd1bee5153a.r2.dev/DPZ/2015-02-24/607f4-2023-09-05-09-54-58/607f4-2023-09-05-09-54-58.pdf%5C607f4-2023-09-05-09-54-58.pdf",
        "periodicity": "periodic"
    },
    {
        "equity_ticker": "DPZ",
        "geography": "US",
        "content_name": "DPZ Q3 2014 Transcript",
        "file_type": "pdf",
        "content_type": "earnings_transcript",
        "published_date": "2014-10-14",
        "fiscal_date": "2014-10-14",
        "fiscal_year": 2014,
        "fiscal_quarter": 3,
        "r2_url": "https://pub-2c783279b61043e19fbdadd1bee5153a.r2.dev/DPZ/2014-10-14/Domino%27s%20Pizza%2C%20Inc._2014-10-14_transcript/Domino%27s%20Pizza%2C%20Inc._2014-10-14_transcript.pdf%5CDomino%27s%20Pizza%2C%20Inc._2014-10-14_transcript.pdf",
        "periodicity": "periodic"
    },
    {
        "equity_ticker": "DPZ",
        "geography": "US",
        "content_name": "DPZ Q2 2014 Transcript",
        "file_type": "pdf",
        "content_type": "earnings_transcript",
        "published_date": "2014-07-22",
        "fiscal_date": "2014-07-22",
        "fiscal_year": 2014,
        "fiscal_quarter": 2,
        "r2_url": "https://pub-2c783279b61043e19fbdadd1bee5153a.r2.dev/DPZ/2014-07-22/Domino%27s%20Pizza%2C%20Inc._2014-07-22_transcript/Domino%27s%20Pizza%2C%20Inc._2014-07-22_transcript.pdf%5CDomino%27s%20Pizza%2C%20Inc._2014-07-22_transcript.pdf",
        "periodicity": "periodic"
    },
    {
        "equity_ticker": "DPZ",
        "geography": "US",
        "content_name": "DPZ Q1 2014 Transcript",
        "file_type": "pdf",
        "content_type": "earnings_transcript",
        "published_date": "2014-05-01",
        "fiscal_date": "2014-05-01",
        "fiscal_year": 2014,
        "fiscal_quarter": 1,
        "r2_url": "https://pub-2c783279b61043e19fbdadd1bee5153a.r2.dev/DPZ/2014-05-01/Domino%27s%20Pizza%2C%20Inc._2014-05-01_transcript/Domino%27s%20Pizza%2C%20Inc._2014-05-01_transcript.pdf%5CDomino%27s%20Pizza%2C%20Inc._2014-05-01_transcript.pdf",
        "periodicity": "periodic"
    },
    {
        "equity_ticker": "DPZ",
        "geography": "US",
        "content_name": "DPZ Q4 2013 Transcript",
        "file_type": "pdf",
        "content_type": "earnings_transcript",
        "published_date": "2014-02-25",
        "fiscal_date": "2014-02-25",
        "fiscal_year": 2013,
        "fiscal_quarter": 4,
        "r2_url": "https://pub-2c783279b61043e19fbdadd1bee5153a.r2.dev/DPZ/2014-02-25/Domino%27s%20Pizza%2C%20Inc._2014-02-25_transcript/Domino%27s%20Pizza%2C%20Inc._2014-02-25_transcript.pdf%5CDomino%27s%20Pizza%2C%20Inc._2014-02-25_transcript.pdf",
        "periodicity": "periodic"
    },
    {
        "equity_ticker": "DPZ",
        "geography": "US",
        "content_name": "DPZ Q3 2013 Transcript",
        "file_type": "pdf",
        "content_type": "earnings_transcript",
        "published_date": "2013-10-15",
        "fiscal_date": "2013-10-15",
        "fiscal_year": 2013,
        "fiscal_quarter": 3,
        "r2_url": "https://pub-2c783279b61043e19fbdadd1bee5153a.r2.dev/DPZ/2013-10-15/Domino%27s%20Pizza%2C%20Inc._2013-10-15_transcript/Domino%27s%20Pizza%2C%20Inc._2013-10-15_transcript.pdf%5CDomino%27s%20Pizza%2C%20Inc._2013-10-15_transcript.pdf",
        "periodicity": "periodic"
    },
    {
        "equity_ticker": "DPZ",
        "geography": "US",
        "content_name": "DPZ Q2 2013 Transcript",
        "file_type": "pdf",
        "content_type": "earnings_transcript",
        "published_date": "2013-07-23",
        "fiscal_date": "2013-07-23",
        "fiscal_year": 2013,
        "fiscal_quarter": 2,
        "r2_url": "https://pub-2c783279b61043e19fbdadd1bee5153a.r2.dev/DPZ/2013-07-23/Domino%27s%20Pizza%2C%20Inc._2013-07-23_transcript/Domino%27s%20Pizza%2C%20Inc._2013-07-23_transcript.pdf%5CDomino%27s%20Pizza%2C%20Inc._2013-07-23_transcript.pdf",
        "periodicity": "periodic"
    },
    {
        "equity_ticker": "DPZ",
        "geography": "US",
        "content_name": "DPZ Q1 2013 Transcript",
        "file_type": "pdf",
        "content_type": "earnings_transcript",
        "published_date": "2013-04-30",
        "fiscal_date": "2013-04-30",
        "fiscal_year": 2013,
        "fiscal_quarter": 1,
        "r2_url": "https://pub-2c783279b61043e19fbdadd1bee5153a.r2.dev/DPZ/2013-04-30/Domino%27s%20Pizza%2C%20Inc._2013-04-30_transcript/Domino%27s%20Pizza%2C%20Inc._2013-04-30_transcript.pdf%5CDomino%27s%20Pizza%2C%20Inc._2013-04-30_transcript.pdf",
        "periodicity": "periodic"
    },
    {
        "equity_ticker": "DPZ",
        "geography": "US",
        "content_name": "DPZ Q4 2012 Transcript",
        "file_type": "pdf",
        "content_type": "earnings_transcript",
        "published_date": "2013-02-28",
        "fiscal_date": "2013-02-28",
        "fiscal_year": 2012,
        "fiscal_quarter": 4,
        "r2_url": "https://pub-2c783279b61043e19fbdadd1bee5153a.r2.dev/DPZ/2013-02-28/Domino%27s%20Pizza%2C%20Inc._2013-02-28_transcript/Domino%27s%20Pizza%2C%20Inc._2013-02-28_transcript.pdf%5CDomino%27s%20Pizza%2C%20Inc._2013-02-28_transcript.pdf",
        "periodicity": "periodic"
    },
    {
        "equity_ticker": "DPZ",
        "geography": "US",
        "content_name": "DPZ Q3 2012 Transcript",
        "file_type": "pdf",
        "content_type": "earnings_transcript",
        "published_date": "2012-10-16",
        "fiscal_date": "2012-10-16",
        "fiscal_year": 2012,
        "fiscal_quarter": 3,
        "r2_url": "https://pub-2c783279b61043e19fbdadd1bee5153a.r2.dev/DPZ/2012-10-16/Domino%27s%20Pizza%2C%20Inc._2012-10-16_transcript/Domino%27s%20Pizza%2C%20Inc._2012-10-16_transcript.pdf%5CDomino%27s%20Pizza%2C%20Inc._2012-10-16_transcript.pdf",
        "periodicity": "periodic"
    },
    {
        "equity_ticker": "DPZ",
        "geography": "US",
        "content_name": "DPZ Q2 2012 Transcript",
        "file_type": "pdf",
        "content_type": "earnings_transcript",
        "published_date": "2012-07-24",
        "fiscal_date": "2012-07-24",
        "fiscal_year": 2012,
        "fiscal_quarter": 2,
        "r2_url": "https://pub-2c783279b61043e19fbdadd1bee5153a.r2.dev/DPZ/2012-07-24/Domino%27s%20Pizza%2C%20Inc._2012-07-24_transcript/Domino%27s%20Pizza%2C%20Inc._2012-07-24_transcript.pdf%5CDomino%27s%20Pizza%2C%20Inc._2012-07-24_transcript.pdf",
        "periodicity": "periodic"
    },
    {
        "equity_ticker": "DPZ",
        "geography": "US",
        "content_name": "DPZ Q1 2012 Transcript",
        "file_type": "pdf",
        "content_type": "earnings_transcript",
        "published_date": "2012-05-01",
        "fiscal_date": "2012-05-01",
        "fiscal_year": 2012,
        "fiscal_quarter": 1,
        "r2_url": "https://pub-2c783279b61043e19fbdadd1bee5153a.r2.dev/DPZ/2012-05-01/Domino%27s%20Pizza%2C%20Inc._2012-05-01_transcript/Domino%27s%20Pizza%2C%20Inc._2012-05-01_transcript.pdf%5CDomino%27s%20Pizza%2C%20Inc._2012-05-01_transcript.pdf",
        "periodicity": "periodic"
    },
    {
        "equity_ticker": "DPZ",
        "geography": "US",
        "content_name": "DPZ Q4 2011 Transcript",
        "file_type": "pdf",
        "content_type": "earnings_transcript",
        "published_date": "2012-02-28",
        "fiscal_date": "2012-02-28",
        "fiscal_year": 2011,
        "fiscal_quarter": 4,
        "r2_url": "https://pub-2c783279b61043e19fbdadd1bee5153a.r2.dev/DPZ/2012-02-28/Domino%27s%20Pizza%2C%20Inc._2012-02-28_transcript/Domino%27s%20Pizza%2C%20Inc._2012-02-28_transcript.pdf%5CDomino%27s%20Pizza%2C%20Inc._2012-02-28_transcript.pdf",
        "periodicity": "periodic"
    },
    {
        "equity_ticker": "DPZ",
        "geography": "US",
        "content_name": "DPZ Q3 2009 Transcript",
        "file_type": "pdf",
        "content_type": "earnings_transcript",
        "published_date": "2009-10-13",
        "fiscal_date": "2009-10-13",
        "fiscal_year": 2009,
        "fiscal_quarter": 3,
        "r2_url": "https://pub-2c783279b61043e19fbdadd1bee5153a.r2.dev/DPZ/2009-10-13/Domino%27s%20Pizza%2C%20Inc._2009-10-13_transcript/Domino%27s%20Pizza%2C%20Inc._2009-10-13_transcript.pdf%5CDomino%27s%20Pizza%2C%20Inc._2009-10-13_transcript.pdf",
        "periodicity": "periodic"
    },
    {
        "equity_ticker": "DPZ",
        "geography": "US",
        "content_name": "DPZ Q2 2009 Transcript",
        "file_type": "pdf",
        "content_type": "earnings_transcript",
        "published_date": "2009-07-22",
        "fiscal_date": "2009-07-22",
        "fiscal_year": 2009,
        "fiscal_quarter": 2,
        "r2_url": "https://pub-2c783279b61043e19fbdadd1bee5153a.r2.dev/DPZ/2009-07-22/Domino%27s%20Pizza%2C%20Inc._2009-07-22_transcript/Domino%27s%20Pizza%2C%20Inc._2009-07-22_transcript.pdf%5CDomino%27s%20Pizza%2C%20Inc._2009-07-22_transcript.pdf",
        "periodicity": "periodic"
    },
    {
        "equity_ticker": "DPZ",
        "geography": "US",
        "content_name": "DPZ Q4 2008 Transcript",
        "file_type": "pdf",
        "content_type": "earnings_transcript",
        "published_date": "2009-02-25",
        "fiscal_date": "2009-02-25",
        "fiscal_year": 2008,
        "fiscal_quarter": 4,
        "r2_url": "https://pub-2c783279b61043e19fbdadd1bee5153a.r2.dev/DPZ/2009-02-25/Domino%27s%20Pizza%2C%20Inc._2009-02-25_transcript/Domino%27s%20Pizza%2C%20Inc._2009-02-25_transcript.pdf%5CDomino%27s%20Pizza%2C%20Inc._2009-02-25_transcript.pdf",
        "periodicity": "periodic"
    },
    {
        "equity_ticker": "DPZ",
        "geography": "US",
        "content_name": "DPZ Q3 2008 Transcript",
        "file_type": "pdf",
        "content_type": "earnings_transcript",
        "published_date": "2008-10-14",
        "fiscal_date": "2008-10-14",
        "fiscal_year": 2008,
        "fiscal_quarter": 3,
        "r2_url": "https://pub-2c783279b61043e19fbdadd1bee5153a.r2.dev/DPZ/2008-10-14/Domino%27s%20Pizza%2C%20Inc._2008-10-14_transcript/Domino%27s%20Pizza%2C%20Inc._2008-10-14_transcript.pdf%5CDomino%27s%20Pizza%2C%20Inc._2008-10-14_transcript.pdf",
        "periodicity": "periodic"
    },
    {
        "equity_ticker": "DPZ",
        "geography": "US",
        "content_name": "DPZ Q2 2008 Transcript",
        "file_type": "pdf",
        "content_type": "earnings_transcript",
        "published_date": "2008-09-08",
        "fiscal_date": "2008-09-08",
        "fiscal_year": 2008,
        "fiscal_quarter": 2,
        "r2_url": "https://pub-2c783279b61043e19fbdadd1bee5153a.r2.dev/DPZ/2008-09-08/Domino%27s%20Pizza%2C%20Inc._2008-09-08_transcript/Domino%27s%20Pizza%2C%20Inc._2008-09-08_transcript.pdf%5CDomino%27s%20Pizza%2C%20Inc._2008-09-08_transcript.pdf",
        "periodicity": "periodic"
    },
    {
        "equity_ticker": "DPZ",
        "geography": "US",
        "content_name": "DPZ Q1 2008 Transcript",
        "file_type": "pdf",
        "content_type": "earnings_transcript",
        "published_date": "2008-05-02",
        "fiscal_date": "2008-05-02",
        "fiscal_year": 2008,
        "fiscal_quarter": 1,
        "r2_url": "https://pub-2c783279b61043e19fbdadd1bee5153a.r2.dev/DPZ/2008-05-02/Domino%27s%20Pizza%2C%20Inc._2008-05-02_transcript/Domino%27s%20Pizza%2C%20Inc._2008-05-02_transcript.pdf%5CDomino%27s%20Pizza%2C%20Inc._2008-05-02_transcript.pdf",
        "periodicity": "periodic"
    },
    {
        "equity_ticker": "DPZ",
        "geography": "US",
        "content_name": "DPZ Q4 2007 Transcript",
        "file_type": "pdf",
        "content_type": "earnings_transcript",
        "published_date": "2008-03-03",
        "fiscal_date": "2008-03-03",
        "fiscal_year": 2007,
        "fiscal_quarter": 4,
        "r2_url": "https://pub-2c783279b61043e19fbdadd1bee5153a.r2.dev/DPZ/2008-03-03/Domino%27s%20Pizza%2C%20Inc._2008-03-03_transcript/Domino%27s%20Pizza%2C%20Inc._2008-03-03_transcript.pdf%5CDomino%27s%20Pizza%2C%20Inc._2008-03-03_transcript.pdf",
        "periodicity": "periodic"
    },
    {
        "equity_ticker": "DPZ",
        "geography": "US",
        "content_name": "DPZ Q3 2007 Transcript",
        "file_type": "pdf",
        "content_type": "earnings_transcript",
        "published_date": "2007-10-16",
        "fiscal_date": "2007-10-16",
        "fiscal_year": 2007,
        "fiscal_quarter": 3,
        "r2_url": "https://pub-2c783279b61043e19fbdadd1bee5153a.r2.dev/DPZ/2007-10-16/Domino%27s%20Pizza%2C%20Inc._2007-10-16_transcript/Domino%27s%20Pizza%2C%20Inc._2007-10-16_transcript.pdf%5CDomino%27s%20Pizza%2C%20Inc._2007-10-16_transcript.pdf",
        "periodicity": "periodic"
    },
    {
        "equity_ticker": "DPZ",
        "geography": "US",
        "content_name": "DPZ Q4 2024 10-K",
        "file_type": "pdf",
        "content_type": "annual_report",
        "published_date": "2025-02-24",
        "fiscal_date": "2024-12-29",
        "fiscal_year": 2024,
        "fiscal_quarter": 4,
        "r2_url": "https://pub-2c783279b61043e19fbdadd1bee5153a.r2.dev/DPZ/2025-02-24/dpz-20241229.htm%5Cdpz-20241229.pdf",
        "periodicity": "periodic"
    },
    {
        "equity_ticker": "DPZ",
        "geography": "US",
        "content_name": "DPZ Q3 2024 10-Q",
        "file_type": "pdf",
        "content_type": "quarterly_report",
        "published_date": "2024-10-10",
        "fiscal_date": "2024-09-08",
        "fiscal_year": 2024,
        "fiscal_quarter": 3,
        "r2_url": "https://pub-2c783279b61043e19fbdadd1bee5153a.r2.dev/DPZ/2024-10-10/dpz-20240908.htm%5Cdpz-20240908.pdf",
        "periodicity": "periodic"
    },
    {
        "equity_ticker": "DPZ",
        "geography": "US",
        "content_name": "DPZ Q2 2024 10-Q",
        "file_type": "pdf",
        "content_type": "quarterly_report",
        "published_date": "2024-07-18",
        "fiscal_date": "2024-06-16",
        "fiscal_year": 2024,
        "fiscal_quarter": 2,
        "r2_url": "https://pub-2c783279b61043e19fbdadd1bee5153a.r2.dev/DPZ/2024-07-18/dpz-20240616.htm%5Cdpz-20240616.pdf",
        "periodicity": "periodic"
    },
    {
        "equity_ticker": "DPZ",
        "geography": "US",
        "content_name": "DPZ Q1 2024 10-Q",
        "file_type": "pdf",
        "content_type": "quarterly_report",
        "published_date": "2024-04-29",
        "fiscal_date": "2024-03-24",
        "fiscal_year": 2024,
        "fiscal_quarter": 1,
        "r2_url": "https://pub-2c783279b61043e19fbdadd1bee5153a.r2.dev/DPZ/2024-04-29/dpz-20240324.htm%5Cdpz-20240324.pdf",
        "periodicity": "periodic"
    },
    {
        "equity_ticker": "DPZ",
        "geography": "US",
        "content_name": "DPZ Q4 2023 10-K",
        "file_type": "pdf",
        "content_type": "annual_report",
        "published_date": "2024-02-26",
        "fiscal_date": "2023-12-31",
        "fiscal_year": 2023,
        "fiscal_quarter": 4,
        "r2_url": "https://pub-2c783279b61043e19fbdadd1bee5153a.r2.dev/DPZ/2024-02-26/dpz-20231231.htm%5Cdpz-20231231.pdf",
        "periodicity": "periodic"
    },
    {
        "equity_ticker": "DPZ",
        "geography": "US",
        "content_name": "DPZ Q3 2023 10-Q",
        "file_type": "pdf",
        "content_type": "quarterly_report",
        "published_date": "2023-10-12",
        "fiscal_date": "2023-09-10",
        "fiscal_year": 2023,
        "fiscal_quarter": 3,
        "r2_url": "https://pub-2c783279b61043e19fbdadd1bee5153a.r2.dev/DPZ/2023-10-12/dpz-20230910.htm%5Cdpz-20230910.pdf",
        "periodicity": "periodic"
    },
    {
        "equity_ticker": "DPZ",
        "geography": "US",
        "content_name": "DPZ Q2 2023 10-Q",
        "file_type": "pdf",
        "content_type": "quarterly_report",
        "published_date": "2023-07-24",
        "fiscal_date": "2023-06-18",
        "fiscal_year": 2023,
        "fiscal_quarter": 2,
        "r2_url": "https://pub-2c783279b61043e19fbdadd1bee5153a.r2.dev/DPZ/2023-07-24/dpz-20230618.htm%5Cdpz-20230618.pdf",
        "periodicity": "periodic"
    },
    {
        "equity_ticker": "DPZ",
        "geography": "US",
        "content_name": "DPZ Q1 2023 10-Q",
        "file_type": "pdf",
        "content_type": "quarterly_report",
        "published_date": "2023-04-27",
        "fiscal_date": "2023-03-26",
        "fiscal_year": 2023,
        "fiscal_quarter": 1,
        "r2_url": "https://pub-2c783279b61043e19fbdadd1bee5153a.r2.dev/DPZ/2023-04-27/dpz-20230326.htm%5Cdpz-20230326.pdf",
        "periodicity": "periodic"
    },
    {
        "equity_ticker": "DPZ",
        "geography": "US",
        "content_name": "DPZ Q4 2023 10-K",
        "file_type": "pdf",
        "content_type": "annual_report",
        "published_date": "2023-02-23",
        "fiscal_date": "2023-01-01",
        "fiscal_year": 2023,
        "fiscal_quarter": 4,
        "r2_url": "https://pub-2c783279b61043e19fbdadd1bee5153a.r2.dev/DPZ/2023-02-23/dpz-20230101.htm%5Cdpz-20230101.pdf",
        "periodicity": "periodic"
    },
    {
        "equity_ticker": "DPZ",
        "geography": "US",
        "content_name": "DPZ Q3 2023 10-Q",
        "file_type": "pdf",
        "content_type": "quarterly_report",
        "published_date": "2022-10-13",
        "fiscal_date": "2022-09-11",
        "fiscal_year": 2023,
        "fiscal_quarter": 3,
        "r2_url": "https://pub-2c783279b61043e19fbdadd1bee5153a.r2.dev/DPZ/2022-10-13/dpz-20220911.htm%5Cdpz-20220911.pdf",
        "periodicity": "periodic"
    },
    {
        "equity_ticker": "DPZ",
        "geography": "US",
        "content_name": "DPZ Q2 2023 10-Q",
        "file_type": "pdf",
        "content_type": "quarterly_report",
        "published_date": "2022-07-21",
        "fiscal_date": "2022-06-19",
        "fiscal_year": 2023,
        "fiscal_quarter": 2,
        "r2_url": "https://pub-2c783279b61043e19fbdadd1bee5153a.r2.dev/DPZ/2022-07-21/dpz-20220619.htm%5Cdpz-20220619.pdf",
        "periodicity": "periodic"
    },
    {
        "equity_ticker": "DPZ",
        "geography": "US",
        "content_name": "DPZ Q1 2023 10-Q",
        "file_type": "pdf",
        "content_type": "quarterly_report",
        "published_date": "2022-04-28",
        "fiscal_date": "2022-03-27",
        "fiscal_year": 2023,
        "fiscal_quarter": 1,
        "r2_url": "https://pub-2c783279b61043e19fbdadd1bee5153a.r2.dev/DPZ/2022-04-28/dpz-20220327.htm%5Cdpz-20220327.pdf",
        "periodicity": "periodic"
    },
    {
        "equity_ticker": "DPZ",
        "geography": "US",
        "content_name": "DPZ Q4 2022 10-K",
        "file_type": "pdf",
        "content_type": "annual_report",
        "published_date": "2022-03-01",
        "fiscal_date": "2022-01-02",
        "fiscal_year": 2022,
        "fiscal_quarter": 4,
        "r2_url": "https://pub-2c783279b61043e19fbdadd1bee5153a.r2.dev/DPZ/2022-03-01/dpz-20220102.htm%5Cdpz-20220102.pdf",
        "periodicity": "periodic"
    },
    {
        "equity_ticker": "DPZ",
        "geography": "US",
        "content_name": "DPZ Q3 2022 10-Q",
        "file_type": "pdf",
        "content_type": "quarterly_report",
        "published_date": "2021-10-14",
        "fiscal_date": "2021-09-12",
        "fiscal_year": 2022,
        "fiscal_quarter": 3,
        "r2_url": "https://pub-2c783279b61043e19fbdadd1bee5153a.r2.dev/DPZ/2021-10-14/dpz-20210912.htm%5Cdpz-20210912.pdf",
        "periodicity": "periodic"
    },
    {
        "equity_ticker": "DPZ",
        "geography": "US",
        "content_name": "DPZ Q2 2022 10-Q",
        "file_type": "pdf",
        "content_type": "quarterly_report",
        "published_date": "2021-07-22",
        "fiscal_date": "2021-06-20",
        "fiscal_year": 2022,
        "fiscal_quarter": 2,
        "r2_url": "https://pub-2c783279b61043e19fbdadd1bee5153a.r2.dev/DPZ/2021-07-22/d164949d10q.htm%5Cd164949d10q.pdf",
        "periodicity": "periodic"
    },
    {
        "equity_ticker": "DPZ",
        "geography": "US",
        "content_name": "DPZ Q1 2022 10-Q",
        "file_type": "pdf",
        "content_type": "quarterly_report",
        "published_date": "2021-04-29",
        "fiscal_date": "2021-03-28",
        "fiscal_year": 2022,
        "fiscal_quarter": 1,
        "r2_url": "https://pub-2c783279b61043e19fbdadd1bee5153a.r2.dev/DPZ/2021-04-29/d134634d10q.htm%5Cd134634d10q.pdf",
        "periodicity": "periodic"
    },
    {
        "equity_ticker": "DPZ",
        "geography": "US",
        "content_name": "DPZ Q4 2021 10-K",
        "file_type": "pdf",
        "content_type": "annual_report",
        "published_date": "2021-02-25",
        "fiscal_date": "2021-01-03",
        "fiscal_year": 2021,
        "fiscal_quarter": 4,
        "r2_url": "https://pub-2c783279b61043e19fbdadd1bee5153a.r2.dev/DPZ/2021-02-25/d326373d10k.htm%5Cd326373d10k.pdf",
        "periodicity": "periodic"
    },
    {
        "equity_ticker": "DPZ",
        "geography": "US",
        "content_name": "DPZ Q3 2021 10-Q",
        "file_type": "pdf",
        "content_type": "quarterly_report",
        "published_date": "2020-10-08",
        "fiscal_date": "2020-09-06",
        "fiscal_year": 2021,
        "fiscal_quarter": 3,
        "r2_url": "https://pub-2c783279b61043e19fbdadd1bee5153a.r2.dev/DPZ/2020-10-08/d935823d10q.htm%5Cix.pdf",
        "periodicity": "periodic"
    },
    {
        "equity_ticker": "DPZ",
        "geography": "US",
        "content_name": "DPZ Q2 2021 10-Q",
        "file_type": "pdf",
        "content_type": "quarterly_report",
        "published_date": "2020-07-16",
        "fiscal_date": "2020-06-14",
        "fiscal_year": 2021,
        "fiscal_quarter": 2,
        "r2_url": "https://pub-2c783279b61043e19fbdadd1bee5153a.r2.dev/DPZ/2020-07-16/d21919d10q.htm%5Cix.pdf",
        "periodicity": "periodic"
    },
    {
        "equity_ticker": "DPZ",
        "geography": "US",
        "content_name": "DPZ Q1 2021 10-Q",
        "file_type": "pdf",
        "content_type": "quarterly_report",
        "published_date": "2020-04-23",
        "fiscal_date": "2020-03-22",
        "fiscal_year": 2021,
        "fiscal_quarter": 1,
        "r2_url": "https://pub-2c783279b61043e19fbdadd1bee5153a.r2.dev/DPZ/2020-04-23/d914156d10q.htm%5Cix.pdf",
        "periodicity": "periodic"
    },
    {
        "equity_ticker": "DPZ",
        "geography": "US",
        "content_name": "DPZ Q4 2019 10-K",
        "file_type": "pdf",
        "content_type": "annual_report",
        "published_date": "2020-02-20",
        "fiscal_date": "2019-12-29",
        "fiscal_year": 2019,
        "fiscal_quarter": 4,
        "r2_url": "https://pub-2c783279b61043e19fbdadd1bee5153a.r2.dev/DPZ/2020-02-20/d796357d10k.htm%5Cix.pdf",
        "periodicity": "periodic"
    },
    {
        "equity_ticker": "DPZ",
        "geography": "US",
        "content_name": "DPZ Q3 2019 10-Q",
        "file_type": "pdf",
        "content_type": "quarterly_report",
        "published_date": "2019-10-08",
        "fiscal_date": "2019-09-08",
        "fiscal_year": 2019,
        "fiscal_quarter": 3,
        "r2_url": "https://pub-2c783279b61043e19fbdadd1bee5153a.r2.dev/DPZ/2019-10-08/d813101d10q.htm%5Cix.pdf",
        "periodicity": "periodic"
    },
    {
        "equity_ticker": "DPZ",
        "geography": "US",
        "content_name": "DPZ Q2 2019 10-Q",
        "file_type": "pdf",
        "content_type": "quarterly_report",
        "published_date": "2019-07-16",
        "fiscal_date": "2019-06-16",
        "fiscal_year": 2019,
        "fiscal_quarter": 2,
        "r2_url": "https://pub-2c783279b61043e19fbdadd1bee5153a.r2.dev/DPZ/2019-07-16/d774471d10q.htm%5Cix.pdf",
        "periodicity": "periodic"
    },
    {
        "equity_ticker": "DPZ",
        "geography": "US",
        "content_name": "DPZ Q1 2019 10-Q",
        "file_type": "pdf",
        "content_type": "quarterly_report",
        "published_date": "2019-04-24",
        "fiscal_date": "2019-03-24",
        "fiscal_year": 2019,
        "fiscal_quarter": 1,
        "r2_url": "https://pub-2c783279b61043e19fbdadd1bee5153a.r2.dev/DPZ/2019-04-24/d661429d10q.htm%5Cix.pdf",
        "periodicity": "periodic"
    },
    {
        "equity_ticker": "DPZ",
        "geography": "US",
        "content_name": "DPZ Q4 2018 10-K",
        "file_type": "pdf",
        "content_type": "annual_report",
        "published_date": "2019-02-21",
        "fiscal_date": "2018-12-30",
        "fiscal_year": 2018,
        "fiscal_quarter": 4,
        "r2_url": "https://pub-2c783279b61043e19fbdadd1bee5153a.r2.dev/DPZ/2019-02-21/d696297d10k.htm%5Cd696297d10k.pdf",
        "periodicity": "periodic"
    },
    {
        "equity_ticker": "DPZ",
        "geography": "US",
        "content_name": "DPZ Q3 2018 10-Q",
        "file_type": "pdf",
        "content_type": "quarterly_report",
        "published_date": "2018-10-16",
        "fiscal_date": "2018-09-09",
        "fiscal_year": 2018,
        "fiscal_quarter": 3,
        "r2_url": "https://pub-2c783279b61043e19fbdadd1bee5153a.r2.dev/DPZ/2018-10-16/d632190d10q.htm%5Cd632190d10q.pdf",
        "periodicity": "periodic"
    },
    {
        "equity_ticker": "DPZ",
        "geography": "US",
        "content_name": "DPZ Q2 2018 10-Q",
        "file_type": "pdf",
        "content_type": "quarterly_report",
        "published_date": "2018-07-19",
        "fiscal_date": "2018-06-17",
        "fiscal_year": 2018,
        "fiscal_quarter": 2,
        "r2_url": "https://pub-2c783279b61043e19fbdadd1bee5153a.r2.dev/DPZ/2018-07-19/d513733d10q.htm%5Cd513733d10q.pdf",
        "periodicity": "periodic"
    },
    {
        "equity_ticker": "DPZ",
        "geography": "US",
        "content_name": "DPZ Q1 2018 10-Q",
        "file_type": "pdf",
        "content_type": "quarterly_report",
        "published_date": "2018-04-26",
        "fiscal_date": "2018-03-25",
        "fiscal_year": 2018,
        "fiscal_quarter": 1,
        "r2_url": "https://pub-2c783279b61043e19fbdadd1bee5153a.r2.dev/DPZ/2018-04-26/d573874d10q.htm%5Cd573874d10q.pdf",
        "periodicity": "periodic"
    },
    {
        "equity_ticker": "DPZ",
        "geography": "US",
        "content_name": "DPZ Q4 2017 10-K",
        "file_type": "pdf",
        "content_type": "annual_report",
        "published_date": "2018-02-20",
        "fiscal_date": "2017-12-31",
        "fiscal_year": 2017,
        "fiscal_quarter": 4,
        "r2_url": "https://pub-2c783279b61043e19fbdadd1bee5153a.r2.dev/DPZ/2018-02-20/d531906d10k.htm%5Cd531906d10k.pdf",
        "periodicity": "periodic"
    },
    {
        "equity_ticker": "DPZ",
        "geography": "US",
        "content_name": "DPZ Q3 2017 10-Q",
        "file_type": "pdf",
        "content_type": "quarterly_report",
        "published_date": "2017-10-12",
        "fiscal_date": "2017-09-10",
        "fiscal_year": 2017,
        "fiscal_quarter": 3,
        "r2_url": "https://pub-2c783279b61043e19fbdadd1bee5153a.r2.dev/DPZ/2017-10-12/d457009d10q.htm%5Cd457009d10q.pdf",
        "periodicity": "periodic"
    },
    {
        "equity_ticker": "DPZ",
        "geography": "US",
        "content_name": "DPZ Q2 2017 10-Q",
        "file_type": "pdf",
        "content_type": "quarterly_report",
        "published_date": "2017-07-25",
        "fiscal_date": "2017-06-18",
        "fiscal_year": 2017,
        "fiscal_quarter": 2,
        "r2_url": "https://pub-2c783279b61043e19fbdadd1bee5153a.r2.dev/DPZ/2017-07-25/d422945d10q.htm%5Cd422945d10q.pdf",
        "periodicity": "periodic"
    },
    {
        "equity_ticker": "DPZ",
        "geography": "US",
        "content_name": "DPZ Q1 2017 10-Q",
        "file_type": "pdf",
        "content_type": "quarterly_report",
        "published_date": "2017-04-27",
        "fiscal_date": "2017-03-26",
        "fiscal_year": 2017,
        "fiscal_quarter": 1,
        "r2_url": "https://pub-2c783279b61043e19fbdadd1bee5153a.r2.dev/DPZ/2017-04-27/d378526d10q.htm%5Cd378526d10q.pdf",
        "periodicity": "periodic"
    },
    {
        "equity_ticker": "DPZ",
        "geography": "US",
        "content_name": "DPZ Q4 2017 10-K",
        "file_type": "pdf",
        "content_type": "annual_report",
        "published_date": "2017-02-28",
        "fiscal_date": "2017-01-01",
        "fiscal_year": 2017,
        "fiscal_quarter": 4,
        "r2_url": "https://pub-2c783279b61043e19fbdadd1bee5153a.r2.dev/DPZ/2017-02-28/d350071d10k.htm%5Cd350071d10k.pdf",
        "periodicity": "periodic"
    },
    {
        "equity_ticker": "DPZ",
        "geography": "US",
        "content_name": "DPZ Q3 2017 10-Q",
        "file_type": "pdf",
        "content_type": "quarterly_report",
        "published_date": "2016-10-18",
        "fiscal_date": "2016-09-11",
        "fiscal_year": 2017,
        "fiscal_quarter": 3,
        "r2_url": "https://pub-2c783279b61043e19fbdadd1bee5153a.r2.dev/DPZ/2016-10-18/d236059d10q.htm%5Cd236059d10q.pdf",
        "periodicity": "periodic"
    },
    {
        "equity_ticker": "DPZ",
        "geography": "US",
        "content_name": "DPZ Q2 2017 10-Q",
        "file_type": "pdf",
        "content_type": "quarterly_report",
        "published_date": "2016-07-21",
        "fiscal_date": "2016-06-19",
        "fiscal_year": 2017,
        "fiscal_quarter": 2,
        "r2_url": "https://pub-2c783279b61043e19fbdadd1bee5153a.r2.dev/DPZ/2016-07-21/d210433d10q.htm%5Cd210433d10q.pdf",
        "periodicity": "periodic"
    },
    {
        "equity_ticker": "DPZ",
        "geography": "US",
        "content_name": "DPZ Q1 2017 10-Q",
        "file_type": "pdf",
        "content_type": "quarterly_report",
        "published_date": "2016-04-28",
        "fiscal_date": "2016-03-27",
        "fiscal_year": 2017,
        "fiscal_quarter": 1,
        "r2_url": "https://pub-2c783279b61043e19fbdadd1bee5153a.r2.dev/DPZ/2016-04-28/d159396d10q.htm%5Cd159396d10q.pdf",
        "periodicity": "periodic"
    },
    {
        "equity_ticker": "DPZ",
        "geography": "US",
        "content_name": "DPZ Q4 2016 10-K",
        "file_type": "pdf",
        "content_type": "annual_report",
        "published_date": "2016-02-25",
        "fiscal_date": "2016-01-03",
        "fiscal_year": 2016,
        "fiscal_quarter": 4,
        "r2_url": "https://pub-2c783279b61043e19fbdadd1bee5153a.r2.dev/DPZ/2016-02-25/d128680d10k.htm%5Cd128680d10k.pdf",
        "periodicity": "periodic"
    },
    {
        "equity_ticker": "DPZ",
        "geography": "US",
        "content_name": "DPZ Q3 2016 10-Q",
        "file_type": "pdf",
        "content_type": "quarterly_report",
        "published_date": "2015-10-08",
        "fiscal_date": "2015-09-06",
        "fiscal_year": 2016,
        "fiscal_quarter": 3,
        "r2_url": "https://pub-2c783279b61043e19fbdadd1bee5153a.r2.dev/DPZ/2015-10-08/d67435d10q.htm%5Cd67435d10q.pdf",
        "periodicity": "periodic"
    },
    {
        "equity_ticker": "DPZ",
        "geography": "US",
        "content_name": "DPZ Q2 2016 10-Q",
        "file_type": "pdf",
        "content_type": "quarterly_report",
        "published_date": "2015-07-16",
        "fiscal_date": "2015-06-14",
        "fiscal_year": 2016,
        "fiscal_quarter": 2,
        "r2_url": "https://pub-2c783279b61043e19fbdadd1bee5153a.r2.dev/DPZ/2015-07-16/dpz-10q_20150614.htm%5Cdpz-10q_20150614.pdf",
        "periodicity": "periodic"
    },
    {
        "equity_ticker": "DPZ",
        "geography": "US",
        "content_name": "DPZ Q1 2016 10-Q",
        "file_type": "pdf",
        "content_type": "quarterly_report",
        "published_date": "2015-04-23",
        "fiscal_date": "2015-03-22",
        "fiscal_year": 2016,
        "fiscal_quarter": 1,
        "r2_url": "https://pub-2c783279b61043e19fbdadd1bee5153a.r2.dev/DPZ/2015-04-23/dpz-10q_20150322.htm%5Cdpz-10q_20150322.pdf",
        "periodicity": "periodic"
    },
    {
        "equity_ticker": "DPZ",
        "geography": "US",
        "content_name": "DPZ Q4 2014 10-K",
        "file_type": "pdf",
        "content_type": "annual_report",
        "published_date": "2015-02-24",
        "fiscal_date": "2014-12-28",
        "fiscal_year": 2014,
        "fiscal_quarter": 4,
        "r2_url": "https://pub-2c783279b61043e19fbdadd1bee5153a.r2.dev/DPZ/2015-02-24/d866504d10k.htm%5Cd866504d10k.pdf",
        "periodicity": "periodic"
    },
    {
        "equity_ticker": "DPZ",
        "geography": "US",
        "content_name": "DPZ Q3 2014 10-Q",
        "file_type": "pdf",
        "content_type": "quarterly_report",
        "published_date": "2014-10-14",
        "fiscal_date": "2014-09-07",
        "fiscal_year": 2014,
        "fiscal_quarter": 3,
        "r2_url": "https://pub-2c783279b61043e19fbdadd1bee5153a.r2.dev/DPZ/2014-10-14/d798310d10q.htm%5Cd798310d10q.pdf",
        "periodicity": "periodic"
    },
    {
        "equity_ticker": "DPZ",
        "geography": "US",
        "content_name": "DPZ Q2 2014 10-Q",
        "file_type": "pdf",
        "content_type": "quarterly_report",
        "published_date": "2014-07-22",
        "fiscal_date": "2014-06-15",
        "fiscal_year": 2014,
        "fiscal_quarter": 2,
        "r2_url": "https://pub-2c783279b61043e19fbdadd1bee5153a.r2.dev/DPZ/2014-07-22/d746984d10q.htm%5Cd746984d10q.pdf",
        "periodicity": "periodic"
    },
    {
        "equity_ticker": "DPZ",
        "geography": "US",
        "content_name": "DPZ Q1 2014 10-Q",
        "file_type": "pdf",
        "content_type": "quarterly_report",
        "published_date": "2014-05-01",
        "fiscal_date": "2014-03-23",
        "fiscal_year": 2014,
        "fiscal_quarter": 1,
        "r2_url": "https://pub-2c783279b61043e19fbdadd1bee5153a.r2.dev/DPZ/2014-05-01/d714910d10q.htm%5Cd714910d10q.pdf",
        "periodicity": "periodic"
    },
    {
        "equity_ticker": "DPZ",
        "geography": "US",
        "content_name": "DPZ Q4 2013 10-K",
        "file_type": "pdf",
        "content_type": "annual_report",
        "published_date": "2014-02-25",
        "fiscal_date": "2013-12-29",
        "fiscal_year": 2013,
        "fiscal_quarter": 4,
        "r2_url": "https://pub-2c783279b61043e19fbdadd1bee5153a.r2.dev/DPZ/2014-02-25/d661353d10k.htm%5Cd661353d10k.pdf",
        "periodicity": "periodic"
    },
    {
        "equity_ticker": "DPZ",
        "geography": "US",
        "content_name": "DPZ Q3 2013 10-Q",
        "file_type": "pdf",
        "content_type": "quarterly_report",
        "published_date": "2013-10-15",
        "fiscal_date": "2013-09-08",
        "fiscal_year": 2013,
        "fiscal_quarter": 3,
        "r2_url": "https://pub-2c783279b61043e19fbdadd1bee5153a.r2.dev/DPZ/2013-10-15/d605178d10q.htm%5Cd605178d10q.pdf",
        "periodicity": "periodic"
    },
    {
        "equity_ticker": "DPZ",
        "geography": "US",
        "content_name": "DPZ Q2 2013 10-Q",
        "file_type": "pdf",
        "content_type": "quarterly_report",
        "published_date": "2013-07-23",
        "fiscal_date": "2013-06-16",
        "fiscal_year": 2013,
        "fiscal_quarter": 2,
        "r2_url": "https://pub-2c783279b61043e19fbdadd1bee5153a.r2.dev/DPZ/2013-07-23/d562032d10q.htm%5Cd562032d10q.pdf",
        "periodicity": "periodic"
    },
    {
        "equity_ticker": "DPZ",
        "geography": "US",
        "content_name": "DPZ Q1 2013 10-Q",
        "file_type": "pdf",
        "content_type": "quarterly_report",
        "published_date": "2013-04-30",
        "fiscal_date": "2013-03-24",
        "fiscal_year": 2013,
        "fiscal_quarter": 1,
        "r2_url": "https://pub-2c783279b61043e19fbdadd1bee5153a.r2.dev/DPZ/2013-04-30/d523428d10q.htm%5Cd523428d10q.pdf",
        "periodicity": "periodic"
    },
    {
        "equity_ticker": "DPZ",
        "geography": "US",
        "content_name": "DPZ Q4 2012 10-K",
        "file_type": "pdf",
        "content_type": "annual_report",
        "published_date": "2013-02-28",
        "fiscal_date": "2012-12-30",
        "fiscal_year": 2012,
        "fiscal_quarter": 4,
        "r2_url": "https://pub-2c783279b61043e19fbdadd1bee5153a.r2.dev/DPZ/2013-02-28/d466015d10k.htm%5Cd466015d10k.pdf",
        "periodicity": "periodic"
    },
    {
        "equity_ticker": "DPZ",
        "geography": "US",
        "content_name": "DPZ Q3 2012 10-Q",
        "file_type": "pdf",
        "content_type": "quarterly_report",
        "published_date": "2012-10-16",
        "fiscal_date": "2012-09-09",
        "fiscal_year": 2012,
        "fiscal_quarter": 3,
        "r2_url": "https://pub-2c783279b61043e19fbdadd1bee5153a.r2.dev/DPZ/2012-10-16/d412797d10q.htm%5Cd412797d10q.pdf",
        "periodicity": "periodic"
    },
    {
        "equity_ticker": "DPZ",
        "geography": "US",
        "content_name": "DPZ Q2 2012 10-Q",
        "file_type": "pdf",
        "content_type": "quarterly_report",
        "published_date": "2012-07-24",
        "fiscal_date": "2012-06-17",
        "fiscal_year": 2012,
        "fiscal_quarter": 2,
        "r2_url": "https://pub-2c783279b61043e19fbdadd1bee5153a.r2.dev/DPZ/2012-07-24/d368323d10q.htm%5Cd368323d10q.pdf",
        "periodicity": "periodic"
    },
    {
        "equity_ticker": "DPZ",
        "geography": "US",
        "content_name": "DPZ Q1 2012 10-Q",
        "file_type": "pdf",
        "content_type": "quarterly_report",
        "published_date": "2012-05-01",
        "fiscal_date": "2012-03-25",
        "fiscal_year": 2012,
        "fiscal_quarter": 1,
        "r2_url": "https://pub-2c783279b61043e19fbdadd1bee5153a.r2.dev/DPZ/2012-05-01/d335775d10q.htm%5Cd335775d10q.pdf",
        "periodicity": "periodic"
    },
    {
        "equity_ticker": "DPZ",
        "geography": "US",
        "content_name": "DPZ Q4 2012 10-K",
        "file_type": "pdf",
        "content_type": "annual_report",
        "published_date": "2012-02-28",
        "fiscal_date": "2012-01-01",
        "fiscal_year": 2012,
        "fiscal_quarter": 4,
        "r2_url": "https://pub-2c783279b61043e19fbdadd1bee5153a.r2.dev/DPZ/2012-02-28/d256751d10k.htm%5Cd256751d10k.pdf",
        "periodicity": "periodic"
    },
    {
        "equity_ticker": "DPZ",
        "geography": "US",
        "content_name": "DPZ Q3 2012 10-Q",
        "file_type": "pdf",
        "content_type": "quarterly_report",
        "published_date": "2011-10-18",
        "fiscal_date": "2011-09-11",
        "fiscal_year": 2012,
        "fiscal_quarter": 3,
        "r2_url": "https://pub-2c783279b61043e19fbdadd1bee5153a.r2.dev/DPZ/2011-10-18/d238239d10q.htm%5Cd238239d10q.pdf",
        "periodicity": "periodic"
    },
    {
        "equity_ticker": "DPZ",
        "geography": "US",
        "content_name": "DPZ Q2 2012 10-Q",
        "file_type": "pdf",
        "content_type": "quarterly_report",
        "published_date": "2011-07-26",
        "fiscal_date": "2011-06-19",
        "fiscal_year": 2012,
        "fiscal_quarter": 2,
        "r2_url": "https://pub-2c783279b61043e19fbdadd1bee5153a.r2.dev/DPZ/2011-07-26/d10q.htm%5Cd10q.pdf",
        "periodicity": "periodic"
    },
    {
        "equity_ticker": "DPZ",
        "geography": "US",
        "content_name": "DPZ Q1 2012 10-Q",
        "file_type": "pdf",
        "content_type": "quarterly_report",
        "published_date": "2011-05-05",
        "fiscal_date": "2011-03-27",
        "fiscal_year": 2012,
        "fiscal_quarter": 1,
        "r2_url": "https://pub-2c783279b61043e19fbdadd1bee5153a.r2.dev/DPZ/2011-05-05/d10q.htm%5Cd10q.pdf",
        "periodicity": "periodic"
    },
    {
        "equity_ticker": "DPZ",
        "geography": "US",
        "content_name": "DPZ Q4 2011 10-K",
        "file_type": "pdf",
        "content_type": "annual_report",
        "published_date": "2011-03-01",
        "fiscal_date": "2011-01-02",
        "fiscal_year": 2011,
        "fiscal_quarter": 4,
        "r2_url": "https://pub-2c783279b61043e19fbdadd1bee5153a.r2.dev/DPZ/2011-03-01/d10k.htm%5Cd10k.pdf",
        "periodicity": "periodic"
    },
    {
        "equity_ticker": "DPZ",
        "geography": "US",
        "content_name": "DPZ Q3 2011 10-Q",
        "file_type": "pdf",
        "content_type": "quarterly_report",
        "published_date": "2010-10-19",
        "fiscal_date": "2010-09-12",
        "fiscal_year": 2011,
        "fiscal_quarter": 3,
        "r2_url": "https://pub-2c783279b61043e19fbdadd1bee5153a.r2.dev/DPZ/2010-10-19/d10q.htm%5Cd10q.pdf",
        "periodicity": "periodic"
    },
    {
        "equity_ticker": "DPZ",
        "geography": "US",
        "content_name": "DPZ Q2 2011 10-Q",
        "file_type": "pdf",
        "content_type": "quarterly_report",
        "published_date": "2010-07-27",
        "fiscal_date": "2010-06-20",
        "fiscal_year": 2011,
        "fiscal_quarter": 2,
        "r2_url": "https://pub-2c783279b61043e19fbdadd1bee5153a.r2.dev/DPZ/2010-07-27/d10q.htm%5Cd10q.pdf",
        "periodicity": "periodic"
    },
    {
        "equity_ticker": "DPZ",
        "geography": "US",
        "content_name": "DPZ Q1 2011 10-Q",
        "file_type": "pdf",
        "content_type": "quarterly_report",
        "published_date": "2010-05-04",
        "fiscal_date": "2010-03-28",
        "fiscal_year": 2011,
        "fiscal_quarter": 1,
        "r2_url": "https://pub-2c783279b61043e19fbdadd1bee5153a.r2.dev/DPZ/2010-05-04/d10q.htm%5Cd10q.pdf",
        "periodicity": "periodic"
    },
    {
        "equity_ticker": "DPZ",
        "geography": "US",
        "content_name": "DPZ Q4 2010 10-K",
        "file_type": "pdf",
        "content_type": "annual_report",
        "published_date": "2010-03-02",
        "fiscal_date": "2010-01-03",
        "fiscal_year": 2010,
        "fiscal_quarter": 4,
        "r2_url": "https://pub-2c783279b61043e19fbdadd1bee5153a.r2.dev/DPZ/2010-03-02/d10k.htm%5Cd10k.pdf",
        "periodicity": "periodic"
    },
    {
        "equity_ticker": "DPZ",
        "geography": "US",
        "content_name": "DPZ Q3 2010 10-Q",
        "file_type": "pdf",
        "content_type": "quarterly_report",
        "published_date": "2009-10-13",
        "fiscal_date": "2009-09-06",
        "fiscal_year": 2010,
        "fiscal_quarter": 3,
        "r2_url": "https://pub-2c783279b61043e19fbdadd1bee5153a.r2.dev/DPZ/2009-10-13/d10q.htm%5Cd10q.pdf",
        "periodicity": "periodic"
    },
    {
        "equity_ticker": "DPZ",
        "geography": "US",
        "content_name": "DPZ Q2 2010 10-Q",
        "file_type": "pdf",
        "content_type": "quarterly_report",
        "published_date": "2009-07-22",
        "fiscal_date": "2009-06-14",
        "fiscal_year": 2010,
        "fiscal_quarter": 2,
        "r2_url": "https://pub-2c783279b61043e19fbdadd1bee5153a.r2.dev/DPZ/2009-07-22/d10q.htm%5Cd10q.pdf",
        "periodicity": "periodic"
    },
    {
        "equity_ticker": "DPZ",
        "geography": "US",
        "content_name": "DPZ Q1 2010 10-Q",
        "file_type": "pdf",
        "content_type": "quarterly_report",
        "published_date": "2009-04-30",
        "fiscal_date": "2009-03-22",
        "fiscal_year": 2010,
        "fiscal_quarter": 1,
        "r2_url": "https://pub-2c783279b61043e19fbdadd1bee5153a.r2.dev/DPZ/2009-04-30/d10q.htm%5Cd10q.pdf",
        "periodicity": "periodic"
    },
    {
        "equity_ticker": "DPZ",
        "geography": "US",
        "content_name": "DPZ Q4 2008 10-K",
        "file_type": "pdf",
        "content_type": "annual_report",
        "published_date": "2009-02-24",
        "fiscal_date": "2008-12-28",
        "fiscal_year": 2008,
        "fiscal_quarter": 4,
        "r2_url": "https://pub-2c783279b61043e19fbdadd1bee5153a.r2.dev/DPZ/2009-02-24/d10k.htm%5Cd10k.pdf",
        "periodicity": "periodic"
    },
    {
        "equity_ticker": "DPZ",
        "geography": "US",
        "content_name": "DPZ Q3 2008 10-Q",
        "file_type": "pdf",
        "content_type": "quarterly_report",
        "published_date": "2008-10-14",
        "fiscal_date": "2008-09-07",
        "fiscal_year": 2008,
        "fiscal_quarter": 3,
        "r2_url": "https://pub-2c783279b61043e19fbdadd1bee5153a.r2.dev/DPZ/2008-10-14/d10q.htm%5Cd10q.pdf",
        "periodicity": "periodic"
    },
    {
        "equity_ticker": "DPZ",
        "geography": "US",
        "content_name": "DPZ Q2 2008 10-Q",
        "file_type": "pdf",
        "content_type": "quarterly_report",
        "published_date": "2008-07-22",
        "fiscal_date": "2008-06-15",
        "fiscal_year": 2008,
        "fiscal_quarter": 2,
        "r2_url": "https://pub-2c783279b61043e19fbdadd1bee5153a.r2.dev/DPZ/2008-07-22/d10q.htm%5Cd10q.pdf",
        "periodicity": "periodic"
    },
    {
        "equity_ticker": "DPZ",
        "geography": "US",
        "content_name": "DPZ Q1 2008 10-Q",
        "file_type": "pdf",
        "content_type": "quarterly_report",
        "published_date": "2008-04-29",
        "fiscal_date": "2008-03-23",
        "fiscal_year": 2008,
        "fiscal_quarter": 1,
        "r2_url": "https://pub-2c783279b61043e19fbdadd1bee5153a.r2.dev/DPZ/2008-04-29/d10q.htm%5Cd10q.pdf",
        "periodicity": "periodic"
    },
    {
        "equity_ticker": "DPZ",
        "geography": "US",
        "content_name": "DPZ Q4 2007 10-K",
        "file_type": "pdf",
        "content_type": "annual_report",
        "published_date": "2008-02-26",
        "fiscal_date": "2007-12-30",
        "fiscal_year": 2007,
        "fiscal_quarter": 4,
        "r2_url": "https://pub-2c783279b61043e19fbdadd1bee5153a.r2.dev/DPZ/2008-02-26/d10k.htm%5Cd10k.pdf",
        "periodicity": "periodic"
    },
    {
        "equity_ticker": "DPZ",
        "geography": "US",
        "content_name": "DPZ Q3 2007 10-Q",
        "file_type": "pdf",
        "content_type": "quarterly_report",
        "published_date": "2007-10-16",
        "fiscal_date": "2007-09-09",
        "fiscal_year": 2007,
        "fiscal_quarter": 3,
        "r2_url": "https://pub-2c783279b61043e19fbdadd1bee5153a.r2.dev/DPZ/2007-10-16/d10q.htm%5Cd10q.pdf",
        "periodicity": "periodic"
    },
    {
        "equity_ticker": "DPZ",
        "geography": "US",
        "content_name": "DPZ Q2 2007 10-Q",
        "file_type": "pdf",
        "content_type": "quarterly_report",
        "published_date": "2007-07-24",
        "fiscal_date": "2007-06-17",
        "fiscal_year": 2007,
        "fiscal_quarter": 2,
        "r2_url": "https://pub-2c783279b61043e19fbdadd1bee5153a.r2.dev/DPZ/2007-07-24/d10q.htm%5Cd10q.pdf",
        "periodicity": "periodic"
    },
    {
        "equity_ticker": "DPZ",
        "geography": "US",
        "content_name": "DPZ Q1 2007 10-Q",
        "file_type": "pdf",
        "content_type": "quarterly_report",
        "published_date": "2007-05-02",
        "fiscal_date": "2007-03-25",
        "fiscal_year": 2007,
        "fiscal_quarter": 1,
        "r2_url": "https://pub-2c783279b61043e19fbdadd1bee5153a.r2.dev/DPZ/2007-05-02/d10q.htm%5Cd10q.pdf",
        "periodicity": "periodic"
    },
    {
        "equity_ticker": "DPZ",
        "geography": "US",
        "content_name": "DPZ Q4 2006 10-K",
        "file_type": "pdf",
        "content_type": "annual_report",
        "published_date": "2007-02-23",
        "fiscal_date": "2006-12-31",
        "fiscal_year": 2006,
        "fiscal_quarter": 4,
        "r2_url": "https://pub-2c783279b61043e19fbdadd1bee5153a.r2.dev/DPZ/2007-02-23/d10k.htm%5Cd10k.pdf",
        "periodicity": "periodic"
    },
    {
        "equity_ticker": "DPZ",
        "geography": "US",
        "content_name": "DPZ Q3 2006 10-Q",
        "file_type": "pdf",
        "content_type": "quarterly_report",
        "published_date": "2006-10-12",
        "fiscal_date": "2006-09-10",
        "fiscal_year": 2006,
        "fiscal_quarter": 3,
        "r2_url": "https://pub-2c783279b61043e19fbdadd1bee5153a.r2.dev/DPZ/2006-10-12/d10q.htm%5Cd10q.pdf",
        "periodicity": "periodic"
    },
    {
        "equity_ticker": "DPZ",
        "geography": "US",
        "content_name": "DPZ Q2 2006 10-Q",
        "file_type": "pdf",
        "content_type": "quarterly_report",
        "published_date": "2006-07-20",
        "fiscal_date": "2006-06-18",
        "fiscal_year": 2006,
        "fiscal_quarter": 2,
        "r2_url": "https://pub-2c783279b61043e19fbdadd1bee5153a.r2.dev/DPZ/2006-07-20/d10q.htm%5Cd10q.pdf",
        "periodicity": "periodic"
    },
    {
        "equity_ticker": "DPZ",
        "geography": "US",
        "content_name": "DPZ Q1 2006 10-Q",
        "file_type": "pdf",
        "content_type": "quarterly_report",
        "published_date": "2006-04-27",
        "fiscal_date": "2006-03-26",
        "fiscal_year": 2006,
        "fiscal_quarter": 1,
        "r2_url": "https://pub-2c783279b61043e19fbdadd1bee5153a.r2.dev/DPZ/2006-04-27/d10q.htm%5Cd10q.pdf",
        "periodicity": "periodic"
    },
    {
        "equity_ticker": "DPZ",
        "geography": "US",
        "content_name": "DPZ Q4 2006 10-K",
        "file_type": "pdf",
        "content_type": "annual_report",
        "published_date": "2006-03-03",
        "fiscal_date": "2006-01-01",
        "fiscal_year": 2006,
        "fiscal_quarter": 4,
        "r2_url": "https://pub-2c783279b61043e19fbdadd1bee5153a.r2.dev/DPZ/2006-03-03/d10k.htm%5Cd10k.pdf",
        "periodicity": "periodic"
    },
    {
        "equity_ticker": "DPZ",
        "geography": "US",
        "content_name": "DPZ Q3 2006 10-Q",
        "file_type": "pdf",
        "content_type": "quarterly_report",
        "published_date": "2005-10-25",
        "fiscal_date": "2005-09-11",
        "fiscal_year": 2006,
        "fiscal_quarter": 3,
        "r2_url": "https://pub-2c783279b61043e19fbdadd1bee5153a.r2.dev/DPZ/2005-10-25/d10q.htm%5Cd10q.pdf",
        "periodicity": "periodic"
    },
    {
        "equity_ticker": "DPZ",
        "geography": "US",
        "content_name": "DPZ Q2 2006 10-Q",
        "file_type": "pdf",
        "content_type": "quarterly_report",
        "published_date": "2005-08-03",
        "fiscal_date": "2005-06-19",
        "fiscal_year": 2006,
        "fiscal_quarter": 2,
        "r2_url": "https://pub-2c783279b61043e19fbdadd1bee5153a.r2.dev/DPZ/2005-08-03/d10q.htm%5Cd10q.pdf",
        "periodicity": "periodic"
    },
    {
        "equity_ticker": "DPZ",
        "geography": "US",
        "content_name": "DPZ Q1 2006 10-Q",
        "file_type": "pdf",
        "content_type": "quarterly_report",
        "published_date": "2005-05-10",
        "fiscal_date": "2005-03-27",
        "fiscal_year": 2006,
        "fiscal_quarter": 1,
        "r2_url": "https://pub-2c783279b61043e19fbdadd1bee5153a.r2.dev/DPZ/2005-05-10/d10q.htm%5Cd10q.pdf",
        "periodicity": "periodic"
    },
    {
        "equity_ticker": "DPZ",
        "geography": "US",
        "content_name": "DPZ Q4 2005 10-K",
        "file_type": "pdf",
        "content_type": "annual_report",
        "published_date": "2005-03-17",
        "fiscal_date": "2005-01-02",
        "fiscal_year": 2005,
        "fiscal_quarter": 4,
        "r2_url": "https://pub-2c783279b61043e19fbdadd1bee5153a.r2.dev/DPZ/2005-03-17/d10k.htm%5Cd10k.pdf",
        "periodicity": "periodic"
    },
    {
        "equity_ticker": "DPZ",
        "geography": "US",
        "content_name": "DPZ Q3 2005 10-Q",
        "file_type": "pdf",
        "content_type": "quarterly_report",
        "published_date": "2004-10-19",
        "fiscal_date": "2004-09-05",
        "fiscal_year": 2005,
        "fiscal_quarter": 3,
        "r2_url": "https://pub-2c783279b61043e19fbdadd1bee5153a.r2.dev/DPZ/2004-10-19/d10q.htm%5Cd10q.pdf",
        "periodicity": "periodic"
    },
    {
        "equity_ticker": "DPZ",
        "geography": "US",
        "content_name": "DPZ Q2 2005 10-Q",
        "file_type": "pdf",
        "content_type": "quarterly_report",
        "published_date": "2004-07-27",
        "fiscal_date": "2004-06-13",
        "fiscal_year": 2005,
        "fiscal_quarter": 2,
        "r2_url": "https://pub-2c783279b61043e19fbdadd1bee5153a.r2.dev/DPZ/2004-07-27/d10q.htm%5Cd10q.pdf",
        "periodicity": "periodic"
    }
]