[
    {
        "equity_ticker": "HLT",
        "geography": "US",
        "content_name": "HLT Q4 2024 Transcript",
        "file_type": "pdf",
        "content_type": "earnings_transcript",
        "published_date": "2025-02-06",
        "fiscal_date": "2025-02-06",
        "fiscal_year": 2024,
        "fiscal_quarter": 4,
        "r2_url": "https://pub-2c783279b61043e19fbdadd1bee5153a.r2.dev/HLT/2025-02-06/Hilton%20Worldwide%20Holdings%20Inc._2025-02-06_transcript/Hilton%20Worldwide%20Holdings%20Inc._2025-02-06_transcript.pdf/Hilton%20Worldwide%20Holdings%20Inc._2025-02-06_transcript.pdf",
        "periodicity": "periodic"
    },
    {
        "equity_ticker": "HLT",
        "geography": "US",
        "content_name": "HLT Q4 2024 Press Release",
        "file_type": "pdf",
        "content_type": "earnings_press_release",
        "published_date": "2025-02-06",
        "fiscal_date": "2025-02-06",
        "fiscal_year": 2024,
        "fiscal_quarter": 4,
        "r2_url": "https://pub-2c783279b61043e19fbdadd1bee5153a.r2.dev/HLT/2025-02-06/66c1d-2025-02-06-11-42-04/66c1d-2025-02-06-11-42-04.pdf/66c1d-2025-02-06-11-42-04.pdf",
        "periodicity": "periodic"
    },
    {
        "equity_ticker": "HLT",
        "geography": "US",
        "content_name": "HLT Q3 2024 Transcript",
        "file_type": "pdf",
        "content_type": "earnings_transcript",
        "published_date": "2024-10-23",
        "fiscal_date": "2024-10-23",
        "fiscal_year": 2024,
        "fiscal_quarter": 3,
        "r2_url": "https://pub-2c783279b61043e19fbdadd1bee5153a.r2.dev/HLT/2024-10-23/Hilton%20Worldwide%20Holdings%20Inc._2024-10-23_transcript/Hilton%20Worldwide%20Holdings%20Inc._2024-10-23_transcript.pdf/Hilton%20Worldwide%20Holdings%20Inc._2024-10-23_transcript.pdf",
        "periodicity": "periodic"
    },
    {
        "equity_ticker": "HLT",
        "geography": "US",
        "content_name": "HLT Q3 2024 Press Release",
        "file_type": "pdf",
        "content_type": "earnings_press_release",
        "published_date": "2024-10-23",
        "fiscal_date": "2024-10-23",
        "fiscal_year": 2024,
        "fiscal_quarter": 3,
        "r2_url": "https://pub-2c783279b61043e19fbdadd1bee5153a.r2.dev/HLT/2024-10-23/f3aec-2024-10-23-10-55-04/f3aec-2024-10-23-10-55-04.pdf/f3aec-2024-10-23-10-55-04.pdf",
        "periodicity": "periodic"
    },
    {
        "equity_ticker": "HLT",
        "geography": "US",
        "content_name": "HLT Q2 2024 Transcript",
        "file_type": "pdf",
        "content_type": "earnings_transcript",
        "published_date": "2024-08-07",
        "fiscal_date": "2024-08-07",
        "fiscal_year": 2024,
        "fiscal_quarter": 2,
        "r2_url": "https://pub-2c783279b61043e19fbdadd1bee5153a.r2.dev/HLT/2024-08-07/Hilton%20Worldwide%20Holdings%20Inc._2024-08-07_transcript/Hilton%20Worldwide%20Holdings%20Inc._2024-08-07_transcript.pdf/Hilton%20Worldwide%20Holdings%20Inc._2024-08-07_transcript.pdf",
        "periodicity": "periodic"
    },
    {
        "equity_ticker": "HLT",
        "geography": "US",
        "content_name": "HLT Q2 2024 Press Release",
        "file_type": "pdf",
        "content_type": "earnings_press_release",
        "published_date": "2024-08-07",
        "fiscal_date": "2024-08-07",
        "fiscal_year": 2024,
        "fiscal_quarter": 2,
        "r2_url": "https://pub-2c783279b61043e19fbdadd1bee5153a.r2.dev/HLT/2024-08-07/31530-2024-08-07-10-47-06/31530-2024-08-07-10-47-06.pdf/31530-2024-08-07-10-47-06.pdf",
        "periodicity": "periodic"
    },
    {
        "equity_ticker": "HLT",
        "geography": "US",
        "content_name": "HLT Q1 2024 Transcript",
        "file_type": "pdf",
        "content_type": "earnings_transcript",
        "published_date": "2024-04-24",
        "fiscal_date": "2024-04-24",
        "fiscal_year": 2024,
        "fiscal_quarter": 1,
        "r2_url": "https://pub-2c783279b61043e19fbdadd1bee5153a.r2.dev/HLT/2024-04-24/Hilton%20Worldwide%20Holdings%20Inc._2024-04-24_transcript/Hilton%20Worldwide%20Holdings%20Inc._2024-04-24_transcript.pdf/Hilton%20Worldwide%20Holdings%20Inc._2024-04-24_transcript.pdf",
        "periodicity": "periodic"
    },
    {
        "equity_ticker": "HLT",
        "geography": "US",
        "content_name": "HLT Q1 2024 Press Release",
        "file_type": "pdf",
        "content_type": "earnings_press_release",
        "published_date": "2024-04-24",
        "fiscal_date": "2024-04-24",
        "fiscal_year": 2024,
        "fiscal_quarter": 1,
        "r2_url": "https://pub-2c783279b61043e19fbdadd1bee5153a.r2.dev/HLT/2024-04-24/f3465-2024-04-24-10-32-06/f3465-2024-04-24-10-32-06.pdf/f3465-2024-04-24-10-32-06.pdf",
        "periodicity": "periodic"
    },
    {
        "equity_ticker": "HLT",
        "geography": "US",
        "content_name": "HLT Q4 2023 Transcript",
        "file_type": "pdf",
        "content_type": "earnings_transcript",
        "published_date": "2024-02-07",
        "fiscal_date": "2024-02-07",
        "fiscal_year": 2023,
        "fiscal_quarter": 4,
        "r2_url": "https://pub-2c783279b61043e19fbdadd1bee5153a.r2.dev/HLT/2024-02-07/Hilton%20Worldwide%20Holdings%20Inc._2024-02-07_transcript/Hilton%20Worldwide%20Holdings%20Inc._2024-02-07_transcript.pdf/Hilton%20Worldwide%20Holdings%20Inc._2024-02-07_transcript.pdf",
        "periodicity": "periodic"
    },
    {
        "equity_ticker": "HLT",
        "geography": "US",
        "content_name": "HLT Q4 2023 Press Release",
        "file_type": "pdf",
        "content_type": "earnings_press_release",
        "published_date": "2024-02-07",
        "fiscal_date": "2024-02-07",
        "fiscal_year": 2023,
        "fiscal_quarter": 4,
        "r2_url": "https://pub-2c783279b61043e19fbdadd1bee5153a.r2.dev/HLT/2024-02-07/29bdb-2024-02-07-12-02-05/29bdb-2024-02-07-12-02-05.pdf/29bdb-2024-02-07-12-02-05.pdf",
        "periodicity": "periodic"
    },
    {
        "equity_ticker": "HLT",
        "geography": "US",
        "content_name": "HLT Q3 2023 Transcript",
        "file_type": "pdf",
        "content_type": "earnings_transcript",
        "published_date": "2023-10-25",
        "fiscal_date": "2023-10-25",
        "fiscal_year": 2023,
        "fiscal_quarter": 3,
        "r2_url": "https://pub-2c783279b61043e19fbdadd1bee5153a.r2.dev/HLT/2023-10-25/Hilton%20Worldwide%20Holdings%20Inc._2023-10-25_transcript/Hilton%20Worldwide%20Holdings%20Inc._2023-10-25_transcript.pdf/Hilton%20Worldwide%20Holdings%20Inc._2023-10-25_transcript.pdf",
        "periodicity": "periodic"
    },
    {
        "equity_ticker": "HLT",
        "geography": "US",
        "content_name": "HLT Q3 2023 Press Release",
        "file_type": "pdf",
        "content_type": "earnings_press_release",
        "published_date": "2023-10-25",
        "fiscal_date": "2023-10-25",
        "fiscal_year": 2023,
        "fiscal_quarter": 3,
        "r2_url": "https://pub-2c783279b61043e19fbdadd1bee5153a.r2.dev/HLT/2023-10-25/f8cf4-2023-10-25-10-31-04/f8cf4-2023-10-25-10-31-04.pdf/f8cf4-2023-10-25-10-31-04.pdf",
        "periodicity": "periodic"
    },
    {
        "equity_ticker": "HLT",
        "geography": "US",
        "content_name": "HLT Q2 2023 Transcript",
        "file_type": "pdf",
        "content_type": "earnings_transcript",
        "published_date": "2023-07-26",
        "fiscal_date": "2023-07-26",
        "fiscal_year": 2023,
        "fiscal_quarter": 2,
        "r2_url": "https://pub-2c783279b61043e19fbdadd1bee5153a.r2.dev/HLT/2023-07-26/Hilton%20Worldwide%20Holdings%20Inc._2023-07-26_transcript/Hilton%20Worldwide%20Holdings%20Inc._2023-07-26_transcript.pdf/Hilton%20Worldwide%20Holdings%20Inc._2023-07-26_transcript.pdf",
        "periodicity": "periodic"
    },
    {
        "equity_ticker": "HLT",
        "geography": "US",
        "content_name": "HLT Q2 2023 Press Release",
        "file_type": "pdf",
        "content_type": "earnings_press_release",
        "published_date": "2023-07-26",
        "fiscal_date": "2023-07-26",
        "fiscal_year": 2023,
        "fiscal_quarter": 2,
        "r2_url": "https://pub-2c783279b61043e19fbdadd1bee5153a.r2.dev/HLT/2023-07-26/fc2cc-2023-07-26-10-27-06/fc2cc-2023-07-26-10-27-06.pdf/fc2cc-2023-07-26-10-27-06.pdf",
        "periodicity": "periodic"
    },
    {
        "equity_ticker": "HLT",
        "geography": "US",
        "content_name": "HLT Q1 2023 Transcript",
        "file_type": "pdf",
        "content_type": "earnings_transcript",
        "published_date": "2023-04-26",
        "fiscal_date": "2023-04-26",
        "fiscal_year": 2023,
        "fiscal_quarter": 1,
        "r2_url": "https://pub-2c783279b61043e19fbdadd1bee5153a.r2.dev/HLT/2023-04-26/Hilton%20Worldwide%20Holdings%20Inc._2023-04-26_transcript/Hilton%20Worldwide%20Holdings%20Inc._2023-04-26_transcript.pdf/Hilton%20Worldwide%20Holdings%20Inc._2023-04-26_transcript.pdf",
        "periodicity": "periodic"
    },
    {
        "equity_ticker": "HLT",
        "geography": "US",
        "content_name": "HLT Q1 2023 Press Release",
        "file_type": "pdf",
        "content_type": "earnings_press_release",
        "published_date": "2023-04-26",
        "fiscal_date": "2023-04-26",
        "fiscal_year": 2023,
        "fiscal_quarter": 1,
        "r2_url": "https://pub-2c783279b61043e19fbdadd1bee5153a.r2.dev/HLT/2023-04-26/e6c71-2023-04-26-10-08-56/e6c71-2023-04-26-10-08-56.pdf/e6c71-2023-04-26-10-08-56.pdf",
        "periodicity": "periodic"
    },
    {
        "equity_ticker": "HLT",
        "geography": "US",
        "content_name": "HLT Q4 2022 Transcript",
        "file_type": "pdf",
        "content_type": "earnings_transcript",
        "published_date": "2023-02-09",
        "fiscal_date": "2023-02-09",
        "fiscal_year": 2022,
        "fiscal_quarter": 4,
        "r2_url": "https://pub-2c783279b61043e19fbdadd1bee5153a.r2.dev/HLT/2023-02-09/Hilton%20Worldwide%20Holdings%20Inc._2023-02-09_transcript/Hilton%20Worldwide%20Holdings%20Inc._2023-02-09_transcript.pdf/Hilton%20Worldwide%20Holdings%20Inc._2023-02-09_transcript.pdf",
        "periodicity": "periodic"
    },
    {
        "equity_ticker": "HLT",
        "geography": "US",
        "content_name": "HLT Q4 2022 Press Release",
        "file_type": "pdf",
        "content_type": "earnings_press_release",
        "published_date": "2023-02-09",
        "fiscal_date": "2023-02-09",
        "fiscal_year": 2022,
        "fiscal_quarter": 4,
        "r2_url": "https://pub-2c783279b61043e19fbdadd1bee5153a.r2.dev/HLT/2023-02-09/cc22e-2023-02-09-12-21-27/cc22e-2023-02-09-12-21-27.pdf/cc22e-2023-02-09-12-21-27.pdf",
        "periodicity": "periodic"
    },
    {
        "equity_ticker": "HLT",
        "geography": "US",
        "content_name": "HLT Q3 2022 Transcript",
        "file_type": "pdf",
        "content_type": "earnings_transcript",
        "published_date": "2022-10-26",
        "fiscal_date": "2022-10-26",
        "fiscal_year": 2022,
        "fiscal_quarter": 3,
        "r2_url": "https://pub-2c783279b61043e19fbdadd1bee5153a.r2.dev/HLT/2022-10-26/Hilton%20Worldwide%20Holdings%20Inc._2022-10-26_transcript/Hilton%20Worldwide%20Holdings%20Inc._2022-10-26_transcript.pdf/Hilton%20Worldwide%20Holdings%20Inc._2022-10-26_transcript.pdf",
        "periodicity": "periodic"
    },
    {
        "equity_ticker": "HLT",
        "geography": "US",
        "content_name": "HLT Q3 2022 Press Release",
        "file_type": "pdf",
        "content_type": "earnings_press_release",
        "published_date": "2022-10-26",
        "fiscal_date": "2022-10-26",
        "fiscal_year": 2022,
        "fiscal_quarter": 3,
        "r2_url": "https://pub-2c783279b61043e19fbdadd1bee5153a.r2.dev/HLT/2022-10-26/9db8c-2022-10-26-11-58-35/9db8c-2022-10-26-11-58-35.pdf/9db8c-2022-10-26-11-58-35.pdf",
        "periodicity": "periodic"
    },
    {
        "equity_ticker": "HLT",
        "geography": "US",
        "content_name": "HLT Q2 2022 Transcript",
        "file_type": "pdf",
        "content_type": "earnings_transcript",
        "published_date": "2022-07-27",
        "fiscal_date": "2022-07-27",
        "fiscal_year": 2022,
        "fiscal_quarter": 2,
        "r2_url": "https://pub-2c783279b61043e19fbdadd1bee5153a.r2.dev/HLT/2022-07-27/Hilton%20Worldwide%20Holdings%20Inc._2022-07-27_transcript/Hilton%20Worldwide%20Holdings%20Inc._2022-07-27_transcript.pdf/Hilton%20Worldwide%20Holdings%20Inc._2022-07-27_transcript.pdf",
        "periodicity": "periodic"
    },
    {
        "equity_ticker": "HLT",
        "geography": "US",
        "content_name": "HLT Q2 2022 Press Release",
        "file_type": "pdf",
        "content_type": "earnings_press_release",
        "published_date": "2022-07-27",
        "fiscal_date": "2022-07-27",
        "fiscal_year": 2022,
        "fiscal_quarter": 2,
        "r2_url": "https://pub-2c783279b61043e19fbdadd1bee5153a.r2.dev/HLT/2022-07-27/038fa-2022-07-27-11-34-29/038fa-2022-07-27-11-34-29.pdf/038fa-2022-07-27-11-34-29.pdf",
        "periodicity": "periodic"
    },
    {
        "equity_ticker": "HLT",
        "geography": "US",
        "content_name": "HLT Q1 2022 Transcript",
        "file_type": "pdf",
        "content_type": "earnings_transcript",
        "published_date": "2022-05-03",
        "fiscal_date": "2022-05-03",
        "fiscal_year": 2022,
        "fiscal_quarter": 1,
        "r2_url": "https://pub-2c783279b61043e19fbdadd1bee5153a.r2.dev/HLT/2022-05-03/Hilton%20Worldwide%20Holdings%20Inc._2022-05-03_transcript/Hilton%20Worldwide%20Holdings%20Inc._2022-05-03_transcript.pdf/Hilton%20Worldwide%20Holdings%20Inc._2022-05-03_transcript.pdf",
        "periodicity": "periodic"
    },
    {
        "equity_ticker": "HLT",
        "geography": "US",
        "content_name": "HLT Q1 2022 Press Release",
        "file_type": "pdf",
        "content_type": "earnings_press_release",
        "published_date": "2022-05-03",
        "fiscal_date": "2022-05-03",
        "fiscal_year": 2022,
        "fiscal_quarter": 1,
        "r2_url": "https://pub-2c783279b61043e19fbdadd1bee5153a.r2.dev/HLT/2022-05-03/9a9db-2023-01-25-01-31-22/9a9db-2023-01-25-01-31-22.pdf/9a9db-2023-01-25-01-31-22.pdf",
        "periodicity": "periodic"
    },
    {
        "equity_ticker": "HLT",
        "geography": "US",
        "content_name": "HLT Q4 2021 Transcript",
        "file_type": "pdf",
        "content_type": "earnings_transcript",
        "published_date": "2022-02-16",
        "fiscal_date": "2022-02-16",
        "fiscal_year": 2021,
        "fiscal_quarter": 4,
        "r2_url": "https://pub-2c783279b61043e19fbdadd1bee5153a.r2.dev/HLT/2022-02-16/Hilton%20Worldwide%20Holdings%20Inc._2022-02-16_transcript/Hilton%20Worldwide%20Holdings%20Inc._2022-02-16_transcript.pdf/Hilton%20Worldwide%20Holdings%20Inc._2022-02-16_transcript.pdf",
        "periodicity": "periodic"
    },
    {
        "equity_ticker": "HLT",
        "geography": "US",
        "content_name": "HLT Q4 2021 Press Release",
        "file_type": "pdf",
        "content_type": "earnings_press_release",
        "published_date": "2022-02-16",
        "fiscal_date": "2022-02-16",
        "fiscal_year": 2021,
        "fiscal_quarter": 4,
        "r2_url": "https://pub-2c783279b61043e19fbdadd1bee5153a.r2.dev/HLT/2022-02-16/0d9ea-2023-01-25-12-59-27/0d9ea-2023-01-25-12-59-27.pdf/0d9ea-2023-01-25-12-59-27.pdf",
        "periodicity": "periodic"
    },
    {
        "equity_ticker": "HLT",
        "geography": "US",
        "content_name": "HLT Q3 2021 Transcript",
        "file_type": "pdf",
        "content_type": "earnings_transcript",
        "published_date": "2021-10-27",
        "fiscal_date": "2021-10-27",
        "fiscal_year": 2021,
        "fiscal_quarter": 3,
        "r2_url": "https://pub-2c783279b61043e19fbdadd1bee5153a.r2.dev/HLT/2021-10-27/Hilton%20Worldwide%20Holdings%20Inc._2021-10-27_transcript/Hilton%20Worldwide%20Holdings%20Inc._2021-10-27_transcript.pdf/Hilton%20Worldwide%20Holdings%20Inc._2021-10-27_transcript.pdf",
        "periodicity": "periodic"
    },
    {
        "equity_ticker": "HLT",
        "geography": "US",
        "content_name": "HLT Q3 2021 Press Release",
        "file_type": "pdf",
        "content_type": "quarterly_report",
        "published_date": "2021-10-27",
        "fiscal_date": "2021-10-27",
        "fiscal_year": 2021,
        "fiscal_quarter": 3,
        "r2_url": "https://pub-2c783279b61043e19fbdadd1bee5153a.r2.dev/HLT/2021-10-27/d8aff-2024-08-29-10-20-03/d8aff-2024-08-29-10-20-03.pdf/d8aff-2024-08-29-10-20-03.pdf",
        "periodicity": "periodic"
    },
    {
        "equity_ticker": "HLT",
        "geography": "US",
        "content_name": "HLT Q2 2021 Transcript",
        "file_type": "pdf",
        "content_type": "earnings_transcript",
        "published_date": "2021-07-28",
        "fiscal_date": "2021-07-28",
        "fiscal_year": 2021,
        "fiscal_quarter": 2,
        "r2_url": "https://pub-2c783279b61043e19fbdadd1bee5153a.r2.dev/HLT/2021-07-28/Hilton%20Worldwide%20Holdings%20Inc._2021-07-28_transcript/Hilton%20Worldwide%20Holdings%20Inc._2021-07-28_transcript.pdf/Hilton%20Worldwide%20Holdings%20Inc._2021-07-28_transcript.pdf",
        "periodicity": "periodic"
    },
    {
        "equity_ticker": "HLT",
        "geography": "US",
        "content_name": "HLT Q2 2021 Press Release",
        "file_type": "pdf",
        "content_type": "earnings_press_release",
        "published_date": "2021-07-28",
        "fiscal_date": "2021-07-28",
        "fiscal_year": 2021,
        "fiscal_quarter": 2,
        "r2_url": "https://pub-2c783279b61043e19fbdadd1bee5153a.r2.dev/HLT/2021-07-28/0ef74-2023-01-25-09-23-53/0ef74-2023-01-25-09-23-53.pdf/0ef74-2023-01-25-09-23-53.pdf",
        "periodicity": "periodic"
    },
    {
        "equity_ticker": "HLT",
        "geography": "US",
        "content_name": "HLT Q1 2021 Transcript",
        "file_type": "pdf",
        "content_type": "earnings_transcript",
        "published_date": "2021-05-05",
        "fiscal_date": "2021-05-05",
        "fiscal_year": 2021,
        "fiscal_quarter": 1,
        "r2_url": "https://pub-2c783279b61043e19fbdadd1bee5153a.r2.dev/HLT/2021-05-05/Hilton%20Worldwide%20Holdings%20Inc._2021-05-05_transcript/Hilton%20Worldwide%20Holdings%20Inc._2021-05-05_transcript.pdf/Hilton%20Worldwide%20Holdings%20Inc._2021-05-05_transcript.pdf",
        "periodicity": "periodic"
    },
    {
        "equity_ticker": "HLT",
        "geography": "US",
        "content_name": "HLT Q1 2021 Press Release",
        "file_type": "pdf",
        "content_type": "earnings_press_release",
        "published_date": "2021-05-05",
        "fiscal_date": "2021-05-05",
        "fiscal_year": 2021,
        "fiscal_quarter": 1,
        "r2_url": "https://pub-2c783279b61043e19fbdadd1bee5153a.r2.dev/HLT/2021-05-05/238bf-2023-01-25-09-27-26/238bf-2023-01-25-09-27-26.pdf/238bf-2023-01-25-09-27-26.pdf",
        "periodicity": "periodic"
    },
    {
        "equity_ticker": "HLT",
        "geography": "US",
        "content_name": "HLT Q4 2020 Transcript",
        "file_type": "pdf",
        "content_type": "earnings_transcript",
        "published_date": "2021-02-17",
        "fiscal_date": "2021-02-17",
        "fiscal_year": 2020,
        "fiscal_quarter": 4,
        "r2_url": "https://pub-2c783279b61043e19fbdadd1bee5153a.r2.dev/HLT/2021-02-17/Hilton%20Worldwide%20Holdings%20Inc._2021-02-17_transcript/Hilton%20Worldwide%20Holdings%20Inc._2021-02-17_transcript.pdf/Hilton%20Worldwide%20Holdings%20Inc._2021-02-17_transcript.pdf",
        "periodicity": "periodic"
    },
    {
        "equity_ticker": "HLT",
        "geography": "US",
        "content_name": "HLT Q4 2020 Press Release",
        "file_type": "pdf",
        "content_type": "earnings_press_release",
        "published_date": "2021-02-17",
        "fiscal_date": "2021-02-17",
        "fiscal_year": 2020,
        "fiscal_quarter": 4,
        "r2_url": "https://pub-2c783279b61043e19fbdadd1bee5153a.r2.dev/HLT/2021-02-17/32422-2022-10-07-11-46-11/32422-2022-10-07-11-46-11.pdf/32422-2022-10-07-11-46-11.pdf",
        "periodicity": "periodic"
    },
    {
        "equity_ticker": "HLT",
        "geography": "US",
        "content_name": "HLT Q3 2020 Transcript",
        "file_type": "pdf",
        "content_type": "earnings_transcript",
        "published_date": "2020-11-04",
        "fiscal_date": "2020-11-04",
        "fiscal_year": 2020,
        "fiscal_quarter": 3,
        "r2_url": "https://pub-2c783279b61043e19fbdadd1bee5153a.r2.dev/HLT/2020-11-04/Hilton%20Worldwide%20Holdings%20Inc._2020-11-04_transcript/Hilton%20Worldwide%20Holdings%20Inc._2020-11-04_transcript.pdf/Hilton%20Worldwide%20Holdings%20Inc._2020-11-04_transcript.pdf",
        "periodicity": "periodic"
    },
    {
        "equity_ticker": "HLT",
        "geography": "US",
        "content_name": "HLT Q3 2020 Press Release",
        "file_type": "pdf",
        "content_type": "earnings_press_release",
        "published_date": "2020-11-04",
        "fiscal_date": "2020-11-04",
        "fiscal_year": 2020,
        "fiscal_quarter": 3,
        "r2_url": "https://pub-2c783279b61043e19fbdadd1bee5153a.r2.dev/HLT/2020-11-04/c892a-2022-10-07-11-11-14/c892a-2022-10-07-11-11-14.pdf/c892a-2022-10-07-11-11-14.pdf",
        "periodicity": "periodic"
    },
    {
        "equity_ticker": "HLT",
        "geography": "US",
        "content_name": "HLT Q2 2020 Transcript",
        "file_type": "pdf",
        "content_type": "earnings_transcript",
        "published_date": "2020-08-06",
        "fiscal_date": "2020-08-06",
        "fiscal_year": 2020,
        "fiscal_quarter": 2,
        "r2_url": "https://pub-2c783279b61043e19fbdadd1bee5153a.r2.dev/HLT/2020-08-06/Hilton%20Worldwide%20Holdings%20Inc._2020-08-06_transcript/Hilton%20Worldwide%20Holdings%20Inc._2020-08-06_transcript.pdf/Hilton%20Worldwide%20Holdings%20Inc._2020-08-06_transcript.pdf",
        "periodicity": "periodic"
    },
    {
        "equity_ticker": "HLT",
        "geography": "US",
        "content_name": "HLT Q2 2020 Press Release",
        "file_type": "pdf",
        "content_type": "earnings_press_release",
        "published_date": "2020-08-06",
        "fiscal_date": "2020-08-06",
        "fiscal_year": 2020,
        "fiscal_quarter": 2,
        "r2_url": "https://pub-2c783279b61043e19fbdadd1bee5153a.r2.dev/HLT/2020-08-06/d9a61-2022-10-07-11-11-16/d9a61-2022-10-07-11-11-16.pdf/d9a61-2022-10-07-11-11-16.pdf",
        "periodicity": "periodic"
    },
    {
        "equity_ticker": "HLT",
        "geography": "US",
        "content_name": "HLT Q1 2020 Transcript",
        "file_type": "pdf",
        "content_type": "earnings_transcript",
        "published_date": "2020-05-07",
        "fiscal_date": "2020-05-07",
        "fiscal_year": 2020,
        "fiscal_quarter": 1,
        "r2_url": "https://pub-2c783279b61043e19fbdadd1bee5153a.r2.dev/HLT/2020-05-07/Hilton%20Worldwide%20Holdings%20Inc._2020-05-07_transcript/Hilton%20Worldwide%20Holdings%20Inc._2020-05-07_transcript.pdf/Hilton%20Worldwide%20Holdings%20Inc._2020-05-07_transcript.pdf",
        "periodicity": "periodic"
    },
    {
        "equity_ticker": "HLT",
        "geography": "US",
        "content_name": "HLT Q1 2020 Press Release",
        "file_type": "pdf",
        "content_type": "earnings_press_release",
        "published_date": "2020-05-07",
        "fiscal_date": "2020-05-07",
        "fiscal_year": 2020,
        "fiscal_quarter": 1,
        "r2_url": "https://pub-2c783279b61043e19fbdadd1bee5153a.r2.dev/HLT/2020-05-07/66118-2022-10-07-11-33-18/66118-2022-10-07-11-33-18.pdf/66118-2022-10-07-11-33-18.pdf",
        "periodicity": "periodic"
    },
    {
        "equity_ticker": "HLT",
        "geography": "US",
        "content_name": "HLT Q4 2019 Transcript",
        "file_type": "pdf",
        "content_type": "earnings_transcript",
        "published_date": "2020-02-11",
        "fiscal_date": "2020-02-11",
        "fiscal_year": 2019,
        "fiscal_quarter": 4,
        "r2_url": "https://pub-2c783279b61043e19fbdadd1bee5153a.r2.dev/HLT/2020-02-11/Hilton%20Worldwide%20Holdings%20Inc._2020-02-11_transcript/Hilton%20Worldwide%20Holdings%20Inc._2020-02-11_transcript.pdf/Hilton%20Worldwide%20Holdings%20Inc._2020-02-11_transcript.pdf",
        "periodicity": "periodic"
    },
    {
        "equity_ticker": "HLT",
        "geography": "US",
        "content_name": "HLT Q4 2019 Press Release",
        "file_type": "pdf",
        "content_type": "earnings_press_release",
        "published_date": "2020-02-11",
        "fiscal_date": "2020-02-11",
        "fiscal_year": 2019,
        "fiscal_quarter": 4,
        "r2_url": "https://pub-2c783279b61043e19fbdadd1bee5153a.r2.dev/HLT/2020-02-11/06949-2022-10-07-11-22-21/06949-2022-10-07-11-22-21.pdf/06949-2022-10-07-11-22-21.pdf",
        "periodicity": "periodic"
    },
    {
        "equity_ticker": "HLT",
        "geography": "US",
        "content_name": "HLT Q3 2019 Transcript",
        "file_type": "pdf",
        "content_type": "earnings_transcript",
        "published_date": "2019-10-23",
        "fiscal_date": "2019-10-23",
        "fiscal_year": 2019,
        "fiscal_quarter": 3,
        "r2_url": "https://pub-2c783279b61043e19fbdadd1bee5153a.r2.dev/HLT/2019-10-23/Hilton%20Worldwide%20Holdings%20Inc._2019-10-23_transcript/Hilton%20Worldwide%20Holdings%20Inc._2019-10-23_transcript.pdf/Hilton%20Worldwide%20Holdings%20Inc._2019-10-23_transcript.pdf",
        "periodicity": "periodic"
    },
    {
        "equity_ticker": "HLT",
        "geography": "US",
        "content_name": "HLT Q3 2019 Press Release",
        "file_type": "pdf",
        "content_type": "earnings_press_release",
        "published_date": "2019-10-23",
        "fiscal_date": "2019-10-23",
        "fiscal_year": 2019,
        "fiscal_quarter": 3,
        "r2_url": "https://pub-2c783279b61043e19fbdadd1bee5153a.r2.dev/HLT/2019-10-23/56cbd-2022-10-07-11-27-23/56cbd-2022-10-07-11-27-23.pdf/56cbd-2022-10-07-11-27-23.pdf",
        "periodicity": "periodic"
    },
    {
        "equity_ticker": "HLT",
        "geography": "US",
        "content_name": "HLT Q2 2019 Transcript",
        "file_type": "pdf",
        "content_type": "earnings_transcript",
        "published_date": "2019-07-24",
        "fiscal_date": "2019-07-24",
        "fiscal_year": 2019,
        "fiscal_quarter": 2,
        "r2_url": "https://pub-2c783279b61043e19fbdadd1bee5153a.r2.dev/HLT/2019-07-24/Hilton%20Worldwide%20Holdings%20Inc._2019-07-24_transcript/Hilton%20Worldwide%20Holdings%20Inc._2019-07-24_transcript.pdf/Hilton%20Worldwide%20Holdings%20Inc._2019-07-24_transcript.pdf",
        "periodicity": "periodic"
    },
    {
        "equity_ticker": "HLT",
        "geography": "US",
        "content_name": "HLT Q2 2019 Press Release",
        "file_type": "pdf",
        "content_type": "earnings_press_release",
        "published_date": "2019-07-24",
        "fiscal_date": "2019-07-24",
        "fiscal_year": 2019,
        "fiscal_quarter": 2,
        "r2_url": "https://pub-2c783279b61043e19fbdadd1bee5153a.r2.dev/HLT/2019-07-24/ef244-2022-10-07-11-30-25/ef244-2022-10-07-11-30-25.pdf/ef244-2022-10-07-11-30-25.pdf",
        "periodicity": "periodic"
    },
    {
        "equity_ticker": "HLT",
        "geography": "US",
        "content_name": "HLT Q1 2019 Transcript",
        "file_type": "pdf",
        "content_type": "earnings_transcript",
        "published_date": "2019-05-01",
        "fiscal_date": "2019-05-01",
        "fiscal_year": 2019,
        "fiscal_quarter": 1,
        "r2_url": "https://pub-2c783279b61043e19fbdadd1bee5153a.r2.dev/HLT/2019-05-01/Hilton%20Worldwide%20Holdings%20Inc._2019-05-01_transcript/Hilton%20Worldwide%20Holdings%20Inc._2019-05-01_transcript.pdf/Hilton%20Worldwide%20Holdings%20Inc._2019-05-01_transcript.pdf",
        "periodicity": "periodic"
    },
    {
        "equity_ticker": "HLT",
        "geography": "US",
        "content_name": "HLT Q1 2019 Press Release",
        "file_type": "pdf",
        "content_type": "earnings_press_release",
        "published_date": "2019-05-01",
        "fiscal_date": "2019-05-01",
        "fiscal_year": 2019,
        "fiscal_quarter": 1,
        "r2_url": "https://pub-2c783279b61043e19fbdadd1bee5153a.r2.dev/HLT/2019-05-01/40786-2022-10-07-11-12-28/40786-2022-10-07-11-12-28.pdf/40786-2022-10-07-11-12-28.pdf",
        "periodicity": "periodic"
    },
    {
        "equity_ticker": "HLT",
        "geography": "US",
        "content_name": "HLT Q4 2018 Transcript",
        "file_type": "pdf",
        "content_type": "earnings_transcript",
        "published_date": "2019-02-13",
        "fiscal_date": "2019-02-13",
        "fiscal_year": 2018,
        "fiscal_quarter": 4,
        "r2_url": "https://pub-2c783279b61043e19fbdadd1bee5153a.r2.dev/HLT/2019-02-13/Hilton%20Worldwide%20Holdings%20Inc._2019-02-13_transcript/Hilton%20Worldwide%20Holdings%20Inc._2019-02-13_transcript.pdf/Hilton%20Worldwide%20Holdings%20Inc._2019-02-13_transcript.pdf",
        "periodicity": "periodic"
    },
    {
        "equity_ticker": "HLT",
        "geography": "US",
        "content_name": "HLT Q4 2018 Press Release",
        "file_type": "pdf",
        "content_type": "annual_report",
        "published_date": "2019-02-13",
        "fiscal_date": "2019-02-13",
        "fiscal_year": 2018,
        "fiscal_quarter": 4,
        "r2_url": "https://pub-2c783279b61043e19fbdadd1bee5153a.r2.dev/HLT/2019-02-13/5bb85-2023-09-05-12-43-21/5bb85-2023-09-05-12-43-21.pdf/5bb85-2023-09-05-12-43-21.pdf",
        "periodicity": "periodic"
    },
    {
        "equity_ticker": "HLT",
        "geography": "US",
        "content_name": "HLT Q3 2018 Transcript",
        "file_type": "pdf",
        "content_type": "earnings_transcript",
        "published_date": "2018-10-24",
        "fiscal_date": "2018-10-24",
        "fiscal_year": 2018,
        "fiscal_quarter": 3,
        "r2_url": "https://pub-2c783279b61043e19fbdadd1bee5153a.r2.dev/HLT/2018-10-24/Hilton%20Worldwide%20Holdings%20Inc._2018-10-24_transcript/Hilton%20Worldwide%20Holdings%20Inc._2018-10-24_transcript.pdf/Hilton%20Worldwide%20Holdings%20Inc._2018-10-24_transcript.pdf",
        "periodicity": "periodic"
    },
    {
        "equity_ticker": "HLT",
        "geography": "US",
        "content_name": "HLT Q2 2018 Transcript",
        "file_type": "pdf",
        "content_type": "earnings_transcript",
        "published_date": "2018-07-25",
        "fiscal_date": "2018-07-25",
        "fiscal_year": 2018,
        "fiscal_quarter": 2,
        "r2_url": "https://pub-2c783279b61043e19fbdadd1bee5153a.r2.dev/HLT/2018-07-25/Hilton%20Worldwide%20Holdings%20Inc._2018-07-25_transcript/Hilton%20Worldwide%20Holdings%20Inc._2018-07-25_transcript.pdf/Hilton%20Worldwide%20Holdings%20Inc._2018-07-25_transcript.pdf",
        "periodicity": "periodic"
    },
    {
        "equity_ticker": "HLT",
        "geography": "US",
        "content_name": "HLT Q1 2018 Transcript",
        "file_type": "pdf",
        "content_type": "earnings_transcript",
        "published_date": "2018-04-26",
        "fiscal_date": "2018-04-26",
        "fiscal_year": 2018,
        "fiscal_quarter": 1,
        "r2_url": "https://pub-2c783279b61043e19fbdadd1bee5153a.r2.dev/HLT/2018-04-26/Hilton%20Worldwide%20Holdings%20Inc._2018-04-26_transcript/Hilton%20Worldwide%20Holdings%20Inc._2018-04-26_transcript.pdf/Hilton%20Worldwide%20Holdings%20Inc._2018-04-26_transcript.pdf",
        "periodicity": "periodic"
    },
    {
        "equity_ticker": "HLT",
        "geography": "US",
        "content_name": "HLT Q4 2017 Transcript",
        "file_type": "pdf",
        "content_type": "earnings_transcript",
        "published_date": "2018-02-14",
        "fiscal_date": "2018-02-14",
        "fiscal_year": 2017,
        "fiscal_quarter": 4,
        "r2_url": "https://pub-2c783279b61043e19fbdadd1bee5153a.r2.dev/HLT/2018-02-14/Hilton%20Worldwide%20Holdings%20Inc._2018-02-14_transcript/Hilton%20Worldwide%20Holdings%20Inc._2018-02-14_transcript.pdf/Hilton%20Worldwide%20Holdings%20Inc._2018-02-14_transcript.pdf",
        "periodicity": "periodic"
    },
    {
        "equity_ticker": "HLT",
        "geography": "US",
        "content_name": "HLT Q4 2017 Press Release",
        "file_type": "pdf",
        "content_type": "annual_report",
        "published_date": "2018-02-14",
        "fiscal_date": "2018-02-14",
        "fiscal_year": 2017,
        "fiscal_quarter": 4,
        "r2_url": "https://pub-2c783279b61043e19fbdadd1bee5153a.r2.dev/HLT/2018-02-14/51e47-2023-09-05-12-56-21/51e47-2023-09-05-12-56-21.pdf/51e47-2023-09-05-12-56-21.pdf",
        "periodicity": "periodic"
    },
    {
        "equity_ticker": "HLT",
        "geography": "US",
        "content_name": "HLT Q3 2017 Transcript",
        "file_type": "pdf",
        "content_type": "earnings_transcript",
        "published_date": "2017-10-26",
        "fiscal_date": "2017-10-26",
        "fiscal_year": 2017,
        "fiscal_quarter": 3,
        "r2_url": "https://pub-2c783279b61043e19fbdadd1bee5153a.r2.dev/HLT/2017-10-26/Hilton%20Worldwide%20Holdings%20Inc._2017-10-26_transcript/Hilton%20Worldwide%20Holdings%20Inc._2017-10-26_transcript.pdf/Hilton%20Worldwide%20Holdings%20Inc._2017-10-26_transcript.pdf",
        "periodicity": "periodic"
    },
    {
        "equity_ticker": "HLT",
        "geography": "US",
        "content_name": "HLT Q2 2017 Transcript",
        "file_type": "pdf",
        "content_type": "earnings_transcript",
        "published_date": "2017-07-26",
        "fiscal_date": "2017-07-26",
        "fiscal_year": 2017,
        "fiscal_quarter": 2,
        "r2_url": "https://pub-2c783279b61043e19fbdadd1bee5153a.r2.dev/HLT/2017-07-26/Hilton%20Worldwide%20Holdings%20Inc._2017-07-26_transcript/Hilton%20Worldwide%20Holdings%20Inc._2017-07-26_transcript.pdf/Hilton%20Worldwide%20Holdings%20Inc._2017-07-26_transcript.pdf",
        "periodicity": "periodic"
    },
    {
        "equity_ticker": "HLT",
        "geography": "US",
        "content_name": "HLT Q1 2017 Transcript",
        "file_type": "pdf",
        "content_type": "earnings_transcript",
        "published_date": "2017-05-02",
        "fiscal_date": "2017-05-02",
        "fiscal_year": 2017,
        "fiscal_quarter": 1,
        "r2_url": "https://pub-2c783279b61043e19fbdadd1bee5153a.r2.dev/HLT/2017-05-02/Hilton%20Worldwide%20Holdings%20Inc._2017-05-02_transcript/Hilton%20Worldwide%20Holdings%20Inc._2017-05-02_transcript.pdf/Hilton%20Worldwide%20Holdings%20Inc._2017-05-02_transcript.pdf",
        "periodicity": "periodic"
    },
    {
        "equity_ticker": "HLT",
        "geography": "US",
        "content_name": "HLT Q4 2016 Transcript",
        "file_type": "pdf",
        "content_type": "earnings_transcript",
        "published_date": "2017-02-15",
        "fiscal_date": "2017-02-15",
        "fiscal_year": 2016,
        "fiscal_quarter": 4,
        "r2_url": "https://pub-2c783279b61043e19fbdadd1bee5153a.r2.dev/HLT/2017-02-15/Hilton%20Worldwide%20Holdings%20Inc._2017-02-15_transcript/Hilton%20Worldwide%20Holdings%20Inc._2017-02-15_transcript.pdf/Hilton%20Worldwide%20Holdings%20Inc._2017-02-15_transcript.pdf",
        "periodicity": "periodic"
    },
    {
        "equity_ticker": "HLT",
        "geography": "US",
        "content_name": "HLT Q4 2016 Press Release",
        "file_type": "pdf",
        "content_type": "annual_report",
        "published_date": "2017-02-15",
        "fiscal_date": "2017-02-15",
        "fiscal_year": 2016,
        "fiscal_quarter": 4,
        "r2_url": "https://pub-2c783279b61043e19fbdadd1bee5153a.r2.dev/HLT/2017-02-15/67989-2023-09-05-12-19-22/67989-2023-09-05-12-19-22.pdf/67989-2023-09-05-12-19-22.pdf",
        "periodicity": "periodic"
    },
    {
        "equity_ticker": "HLT",
        "geography": "US",
        "content_name": "HLT Q3 2016 Transcript",
        "file_type": "pdf",
        "content_type": "earnings_transcript",
        "published_date": "2016-10-26",
        "fiscal_date": "2016-10-26",
        "fiscal_year": 2016,
        "fiscal_quarter": 3,
        "r2_url": "https://pub-2c783279b61043e19fbdadd1bee5153a.r2.dev/HLT/2016-10-26/Hilton%20Worldwide%20Holdings%20Inc._2016-10-26_transcript/Hilton%20Worldwide%20Holdings%20Inc._2016-10-26_transcript.pdf/Hilton%20Worldwide%20Holdings%20Inc._2016-10-26_transcript.pdf",
        "periodicity": "periodic"
    },
    {
        "equity_ticker": "HLT",
        "geography": "US",
        "content_name": "HLT Q2 2016 Transcript",
        "file_type": "pdf",
        "content_type": "earnings_transcript",
        "published_date": "2016-07-27",
        "fiscal_date": "2016-07-27",
        "fiscal_year": 2016,
        "fiscal_quarter": 2,
        "r2_url": "https://pub-2c783279b61043e19fbdadd1bee5153a.r2.dev/HLT/2016-07-27/Hilton%20Worldwide%20Holdings%20Inc._2016-07-27_transcript/Hilton%20Worldwide%20Holdings%20Inc._2016-07-27_transcript.pdf/Hilton%20Worldwide%20Holdings%20Inc._2016-07-27_transcript.pdf",
        "periodicity": "periodic"
    },
    {
        "equity_ticker": "HLT",
        "geography": "US",
        "content_name": "HLT Q1 2016 Transcript",
        "file_type": "pdf",
        "content_type": "earnings_transcript",
        "published_date": "2016-04-28",
        "fiscal_date": "2016-04-28",
        "fiscal_year": 2016,
        "fiscal_quarter": 1,
        "r2_url": "https://pub-2c783279b61043e19fbdadd1bee5153a.r2.dev/HLT/2016-04-28/Hilton%20Worldwide%20Holdings%20Inc._2016-04-28_transcript/Hilton%20Worldwide%20Holdings%20Inc._2016-04-28_transcript.pdf/Hilton%20Worldwide%20Holdings%20Inc._2016-04-28_transcript.pdf",
        "periodicity": "periodic"
    },
    {
        "equity_ticker": "HLT",
        "geography": "US",
        "content_name": "HLT Q4 2015 Transcript",
        "file_type": "pdf",
        "content_type": "earnings_transcript",
        "published_date": "2016-02-26",
        "fiscal_date": "2016-02-26",
        "fiscal_year": 2015,
        "fiscal_quarter": 4,
        "r2_url": "https://pub-2c783279b61043e19fbdadd1bee5153a.r2.dev/HLT/2016-02-26/Hilton%20Worldwide%20Holdings%20Inc._2016-02-26_transcript/Hilton%20Worldwide%20Holdings%20Inc._2016-02-26_transcript.pdf/Hilton%20Worldwide%20Holdings%20Inc._2016-02-26_transcript.pdf",
        "periodicity": "periodic"
    },
    {
        "equity_ticker": "HLT",
        "geography": "US",
        "content_name": "HLT Q4 2015 Press Release",
        "file_type": "pdf",
        "content_type": "annual_report",
        "published_date": "2016-02-26",
        "fiscal_date": "2016-02-26",
        "fiscal_year": 2015,
        "fiscal_quarter": 4,
        "r2_url": "https://pub-2c783279b61043e19fbdadd1bee5153a.r2.dev/HLT/2016-02-26/b9c61-2023-09-05-12-31-22/b9c61-2023-09-05-12-31-22.pdf/b9c61-2023-09-05-12-31-22.pdf",
        "periodicity": "periodic"
    },
    {
        "equity_ticker": "HLT",
        "geography": "US",
        "content_name": "HLT Q3 2015 Transcript",
        "file_type": "pdf",
        "content_type": "earnings_transcript",
        "published_date": "2015-10-28",
        "fiscal_date": "2015-10-28",
        "fiscal_year": 2015,
        "fiscal_quarter": 3,
        "r2_url": "https://pub-2c783279b61043e19fbdadd1bee5153a.r2.dev/HLT/2015-10-28/Hilton%20Worldwide%20Holdings%20Inc._2015-10-28_transcript/Hilton%20Worldwide%20Holdings%20Inc._2015-10-28_transcript.pdf/Hilton%20Worldwide%20Holdings%20Inc._2015-10-28_transcript.pdf",
        "periodicity": "periodic"
    },
    {
        "equity_ticker": "HLT",
        "geography": "US",
        "content_name": "HLT Q2 2015 Transcript",
        "file_type": "pdf",
        "content_type": "earnings_transcript",
        "published_date": "2015-07-29",
        "fiscal_date": "2015-07-29",
        "fiscal_year": 2015,
        "fiscal_quarter": 2,
        "r2_url": "https://pub-2c783279b61043e19fbdadd1bee5153a.r2.dev/HLT/2015-07-29/Hilton%20Worldwide%20Holdings%20Inc._2015-07-29_transcript/Hilton%20Worldwide%20Holdings%20Inc._2015-07-29_transcript.pdf/Hilton%20Worldwide%20Holdings%20Inc._2015-07-29_transcript.pdf",
        "periodicity": "periodic"
    },
    {
        "equity_ticker": "HLT",
        "geography": "US",
        "content_name": "HLT Q1 2015 Transcript",
        "file_type": "pdf",
        "content_type": "earnings_transcript",
        "published_date": "2015-04-29",
        "fiscal_date": "2015-04-29",
        "fiscal_year": 2015,
        "fiscal_quarter": 1,
        "r2_url": "https://pub-2c783279b61043e19fbdadd1bee5153a.r2.dev/HLT/2015-04-29/Hilton%20Worldwide%20Holdings%20Inc._2015-04-29_transcript/Hilton%20Worldwide%20Holdings%20Inc._2015-04-29_transcript.pdf/Hilton%20Worldwide%20Holdings%20Inc._2015-04-29_transcript.pdf",
        "periodicity": "periodic"
    },
    {
        "equity_ticker": "HLT",
        "geography": "US",
        "content_name": "HLT Q4 2014 Transcript",
        "file_type": "pdf",
        "content_type": "earnings_transcript",
        "published_date": "2015-02-18",
        "fiscal_date": "2015-02-18",
        "fiscal_year": 2014,
        "fiscal_quarter": 4,
        "r2_url": "https://pub-2c783279b61043e19fbdadd1bee5153a.r2.dev/HLT/2015-02-18/Hilton%20Worldwide%20Holdings%20Inc._2015-02-18_transcript/Hilton%20Worldwide%20Holdings%20Inc._2015-02-18_transcript.pdf/Hilton%20Worldwide%20Holdings%20Inc._2015-02-18_transcript.pdf",
        "periodicity": "periodic"
    },
    {
        "equity_ticker": "HLT",
        "geography": "US",
        "content_name": "HLT Q4 2014 Press Release",
        "file_type": "pdf",
        "content_type": "annual_report",
        "published_date": "2015-02-18",
        "fiscal_date": "2015-02-18",
        "fiscal_year": 2014,
        "fiscal_quarter": 4,
        "r2_url": "https://pub-2c783279b61043e19fbdadd1bee5153a.r2.dev/HLT/2015-02-18/5364e-2023-09-05-12-44-22/5364e-2023-09-05-12-44-22.pdf/5364e-2023-09-05-12-44-22.pdf",
        "periodicity": "periodic"
    },
    {
        "equity_ticker": "HLT",
        "geography": "US",
        "content_name": "HLT Q3 2014 Transcript",
        "file_type": "pdf",
        "content_type": "earnings_transcript",
        "published_date": "2014-10-31",
        "fiscal_date": "2014-10-31",
        "fiscal_year": 2014,
        "fiscal_quarter": 3,
        "r2_url": "https://pub-2c783279b61043e19fbdadd1bee5153a.r2.dev/HLT/2014-10-31/Hilton%20Worldwide%20Holdings%20Inc._2014-10-31_transcript/Hilton%20Worldwide%20Holdings%20Inc._2014-10-31_transcript.pdf/Hilton%20Worldwide%20Holdings%20Inc._2014-10-31_transcript.pdf",
        "periodicity": "periodic"
    },
    {
        "equity_ticker": "HLT",
        "geography": "US",
        "content_name": "HLT Q2 2014 Transcript",
        "file_type": "pdf",
        "content_type": "earnings_transcript",
        "published_date": "2014-08-01",
        "fiscal_date": "2014-08-01",
        "fiscal_year": 2014,
        "fiscal_quarter": 2,
        "r2_url": "https://pub-2c783279b61043e19fbdadd1bee5153a.r2.dev/HLT/2014-08-01/Hilton%20Worldwide%20Holdings%20Inc._2014-08-01_transcript/Hilton%20Worldwide%20Holdings%20Inc._2014-08-01_transcript.pdf/Hilton%20Worldwide%20Holdings%20Inc._2014-08-01_transcript.pdf",
        "periodicity": "periodic"
    },
    {
        "equity_ticker": "HLT",
        "geography": "US",
        "content_name": "HLT Q1 2014 Transcript",
        "file_type": "pdf",
        "content_type": "earnings_transcript",
        "published_date": "2014-05-09",
        "fiscal_date": "2014-05-09",
        "fiscal_year": 2014,
        "fiscal_quarter": 1,
        "r2_url": "https://pub-2c783279b61043e19fbdadd1bee5153a.r2.dev/HLT/2014-05-09/Hilton%20Worldwide%20Holdings%20Inc._2014-05-09_transcript/Hilton%20Worldwide%20Holdings%20Inc._2014-05-09_transcript.pdf/Hilton%20Worldwide%20Holdings%20Inc._2014-05-09_transcript.pdf",
        "periodicity": "periodic"
    },
    {
        "equity_ticker": "HLT",
        "geography": "US",
        "content_name": "HLT Q4 2013 Transcript",
        "file_type": "pdf",
        "content_type": "earnings_transcript",
        "published_date": "2014-02-27",
        "fiscal_date": "2014-02-27",
        "fiscal_year": 2013,
        "fiscal_quarter": 4,
        "r2_url": "https://pub-2c783279b61043e19fbdadd1bee5153a.r2.dev/HLT/2014-02-27/Hilton%20Worldwide%20Holdings%20Inc._2014-02-27_transcript/Hilton%20Worldwide%20Holdings%20Inc._2014-02-27_transcript.pdf/Hilton%20Worldwide%20Holdings%20Inc._2014-02-27_transcript.pdf",
        "periodicity": "periodic"
    },
    {
        "equity_ticker": "HLT",
        "geography": "US",
        "content_name": "HLT Q1 2007 Transcript",
        "file_type": "pdf",
        "content_type": "earnings_transcript",
        "published_date": "2007-04-30",
        "fiscal_date": "2007-04-30",
        "fiscal_year": 2007,
        "fiscal_quarter": 1,
        "r2_url": "https://pub-2c783279b61043e19fbdadd1bee5153a.r2.dev/HLT/2007-04-30/Hilton%20Worldwide%20Holdings%20Inc._2007-04-30_transcript/Hilton%20Worldwide%20Holdings%20Inc._2007-04-30_transcript.pdf/Hilton%20Worldwide%20Holdings%20Inc._2007-04-30_transcript.pdf",
        "periodicity": "periodic"
    },
    {
        "equity_ticker": "HLT",
        "geography": "US",
        "content_name": "HLT Q4 2006 Transcript",
        "file_type": "pdf",
        "content_type": "earnings_transcript",
        "published_date": "2007-01-31",
        "fiscal_date": "2007-01-31",
        "fiscal_year": 2006,
        "fiscal_quarter": 4,
        "r2_url": "https://pub-2c783279b61043e19fbdadd1bee5153a.r2.dev/HLT/2007-01-31/Hilton%20Worldwide%20Holdings%20Inc._2007-01-31_transcript/Hilton%20Worldwide%20Holdings%20Inc._2007-01-31_transcript.pdf/Hilton%20Worldwide%20Holdings%20Inc._2007-01-31_transcript.pdf",
        "periodicity": "periodic"
    },
    {
        "equity_ticker": "HLT",
        "geography": "US",
        "content_name": "HLT Q4 2024 10-K",
        "file_type": "pdf",
        "content_type": "annual_report",
        "published_date": "2025-02-06",
        "fiscal_date": "2024-12-31",
        "fiscal_year": 2024,
        "fiscal_quarter": 4,
        "r2_url": "https://pub-2c783279b61043e19fbdadd1bee5153a.r2.dev/HLT/2025-02-06/hlt-20241231.htm/hlt-20241231.pdf",
        "periodicity": "periodic"
      },
      {
        "equity_ticker": "HLT",
        "geography": "US",
        "content_name": "HLT Q3 2024 10-Q",
        "file_type": "pdf",
        "content_type": "quarterly_report",
        "published_date": "2024-10-23",
        "fiscal_date": "2024-09-30",
        "fiscal_year": 2024,
        "fiscal_quarter": 3,
        "r2_url": "https://pub-2c783279b61043e19fbdadd1bee5153a.r2.dev/HLT/2024-10-23/hlt-20240930.htm/hlt-20240930.pdf",
        "periodicity": "periodic"
      },
      {
        "equity_ticker": "HLT",
        "geography": "US",
        "content_name": "HLT Q2 2024 10-Q",
        "file_type": "pdf",
        "content_type": "quarterly_report",
        "published_date": "2024-08-07",
        "fiscal_date": "2024-06-30",
        "fiscal_year": 2024,
        "fiscal_quarter": 2,
        "r2_url": "https://pub-2c783279b61043e19fbdadd1bee5153a.r2.dev/HLT/2024-08-07/hlt-20240630.htm/hlt-20240630.pdf",
        "periodicity": "periodic"
      },
      {
        "equity_ticker": "HLT",
        "geography": "US",
        "content_name": "HLT Q1 2024 10-Q",
        "file_type": "pdf",
        "content_type": "quarterly_report",
        "published_date": "2024-04-24",
        "fiscal_date": "2024-03-31",
        "fiscal_year": 2024,
        "fiscal_quarter": 1,
        "r2_url": "https://pub-2c783279b61043e19fbdadd1bee5153a.r2.dev/HLT/2024-04-24/hlt-20240331.htm/hlt-20240331.pdf",
        "periodicity": "periodic"
      },
      {
        "equity_ticker": "HLT",
        "geography": "US",
        "content_name": "HLT Q4 2023 10-K",
        "file_type": "pdf",
        "content_type": "annual_report",
        "published_date": "2024-02-07",
        "fiscal_date": "2023-12-31",
        "fiscal_year": 2023,
        "fiscal_quarter": 4,
        "r2_url": "https://pub-2c783279b61043e19fbdadd1bee5153a.r2.dev/HLT/2024-02-07/hlt-20231231.htm/hlt-20231231.pdf",
        "periodicity": "periodic"
      },
      {
        "equity_ticker": "HLT",
        "geography": "US",
        "content_name": "HLT Q3 2023 10-Q",
        "file_type": "pdf",
        "content_type": "quarterly_report",
        "published_date": "2023-10-25",
        "fiscal_date": "2023-09-30",
        "fiscal_year": 2023,
        "fiscal_quarter": 3,
        "r2_url": "https://pub-2c783279b61043e19fbdadd1bee5153a.r2.dev/HLT/2023-10-25/hlt-20230930.htm/hlt-20230930.pdf",
        "periodicity": "periodic"
      },
      {
        "equity_ticker": "HLT",
        "geography": "US",
        "content_name": "HLT Q2 2023 10-Q",
        "file_type": "pdf",
        "content_type": "quarterly_report",
        "published_date": "2023-07-26",
        "fiscal_date": "2023-06-30",
        "fiscal_year": 2023,
        "fiscal_quarter": 2,
        "r2_url": "https://pub-2c783279b61043e19fbdadd1bee5153a.r2.dev/HLT/2023-07-26/hlt-20230630.htm/hlt-20230630.pdf",
        "periodicity": "periodic"
      },
      {
        "equity_ticker": "HLT",
        "geography": "US",
        "content_name": "HLT Q1 2023 10-Q",
        "file_type": "pdf",
        "content_type": "quarterly_report",
        "published_date": "2023-04-26",
        "fiscal_date": "2023-03-31",
        "fiscal_year": 2023,
        "fiscal_quarter": 1,
        "r2_url": "https://pub-2c783279b61043e19fbdadd1bee5153a.r2.dev/HLT/2023-04-26/hlt-20230331.htm/hlt-20230331.pdf",
        "periodicity": "periodic"
      },
      {
        "equity_ticker": "HLT",
        "geography": "US",
        "content_name": "HLT Q4 2022 10-K",
        "file_type": "pdf",
        "content_type": "annual_report",
        "published_date": "2023-02-09",
        "fiscal_date": "2022-12-31",
        "fiscal_year": 2022,
        "fiscal_quarter": 4,
        "r2_url": "https://pub-2c783279b61043e19fbdadd1bee5153a.r2.dev/HLT/2023-02-09/hlt-20221231.htm/hlt-20221231.pdf",
        "periodicity": "periodic"
      },
      {
        "equity_ticker": "HLT",
        "geography": "US",
        "content_name": "HLT Q3 2022 10-Q",
        "file_type": "pdf",
        "content_type": "quarterly_report",
        "published_date": "2022-10-26",
        "fiscal_date": "2022-09-30",
        "fiscal_year": 2022,
        "fiscal_quarter": 3,
        "r2_url": "https://pub-2c783279b61043e19fbdadd1bee5153a.r2.dev/HLT/2022-10-26/hlt-20220930.htm/hlt-20220930.pdf",
        "periodicity": "periodic"
      },
      {
        "equity_ticker": "HLT",
        "geography": "US",
        "content_name": "HLT Q2 2022 10-Q",
        "file_type": "pdf",
        "content_type": "quarterly_report",
        "published_date": "2022-07-27",
        "fiscal_date": "2022-06-30",
        "fiscal_year": 2022,
        "fiscal_quarter": 2,
        "r2_url": "https://pub-2c783279b61043e19fbdadd1bee5153a.r2.dev/HLT/2022-07-27/hlt-20220630.htm/hlt-20220630.pdf",
        "periodicity": "periodic"
      },
      {
        "equity_ticker": "HLT",
        "geography": "US",
        "content_name": "HLT Q1 2022 10-Q",
        "file_type": "pdf",
        "content_type": "quarterly_report",
        "published_date": "2022-05-03",
        "fiscal_date": "2022-03-31",
        "fiscal_year": 2022,
        "fiscal_quarter": 1,
        "r2_url": "https://pub-2c783279b61043e19fbdadd1bee5153a.r2.dev/HLT/2022-05-03/hlt-20220331.htm/hlt-20220331.pdf",
        "periodicity": "periodic"
      },
      {
        "equity_ticker": "HLT",
        "geography": "US",
        "content_name": "HLT Q4 2021 10-K",
        "file_type": "pdf",
        "content_type": "annual_report",
        "published_date": "2022-02-16",
        "fiscal_date": "2021-12-31",
        "fiscal_year": 2021,
        "fiscal_quarter": 4,
        "r2_url": "https://pub-2c783279b61043e19fbdadd1bee5153a.r2.dev/HLT/2022-02-16/hlt-20211231.htm/hlt-20211231.pdf",
        "periodicity": "periodic"
      },
      {
        "equity_ticker": "HLT",
        "geography": "US",
        "content_name": "HLT Q3 2021 10-Q",
        "file_type": "pdf",
        "content_type": "quarterly_report",
        "published_date": "2021-10-27",
        "fiscal_date": "2021-09-30",
        "fiscal_year": 2021,
        "fiscal_quarter": 3,
        "r2_url": "https://pub-2c783279b61043e19fbdadd1bee5153a.r2.dev/HLT/2021-10-27/hlt-20210930.htm/hlt-20210930.pdf",
        "periodicity": "periodic"
      },
      {
        "equity_ticker": "HLT",
        "geography": "US",
        "content_name": "HLT Q2 2021 10-Q",
        "file_type": "pdf",
        "content_type": "quarterly_report",
        "published_date": "2021-07-29",
        "fiscal_date": "2021-06-30",
        "fiscal_year": 2021,
        "fiscal_quarter": 2,
        "r2_url": "https://pub-2c783279b61043e19fbdadd1bee5153a.r2.dev/HLT/2021-07-29/hlt-20210630.htm/hlt-20210630.pdf",
        "periodicity": "periodic"
      },
      {
        "equity_ticker": "HLT",
        "geography": "US",
        "content_name": "HLT Q1 2021 10-Q",
        "file_type": "pdf",
        "content_type": "quarterly_report",
        "published_date": "2021-05-05",
        "fiscal_date": "2021-03-31",
        "fiscal_year": 2021,
        "fiscal_quarter": 1,
        "r2_url": "https://pub-2c783279b61043e19fbdadd1bee5153a.r2.dev/HLT/2021-05-05/hlt-20210331.htm/hlt-20210331.pdf",
        "periodicity": "periodic"
      },
      {
        "equity_ticker": "HLT",
        "geography": "US",
        "content_name": "HLT Q4 2020 10-K",
        "file_type": "pdf",
        "content_type": "annual_report",
        "published_date": "2021-02-17",
        "fiscal_date": "2020-12-31",
        "fiscal_year": 2020,
        "fiscal_quarter": 4,
        "r2_url": "https://pub-2c783279b61043e19fbdadd1bee5153a.r2.dev/HLT/2021-02-17/hlt-20201231.htm/hlt-20201231.pdf",
        "periodicity": "periodic"
      },
      {
        "equity_ticker": "HLT",
        "geography": "US",
        "content_name": "HLT Q3 2020 10-Q",
        "file_type": "pdf",
        "content_type": "quarterly_report",
        "published_date": "2020-11-04",
        "fiscal_date": "2020-09-30",
        "fiscal_year": 2020,
        "fiscal_quarter": 3,
        "r2_url": "https://pub-2c783279b61043e19fbdadd1bee5153a.r2.dev/HLT/2020-11-04/hlt-20200930.htm/hlt-20200930.pdf",
        "periodicity": "periodic"
      },
      {
        "equity_ticker": "HLT",
        "geography": "US",
        "content_name": "HLT Q1 2020 10-Q",
        "file_type": "pdf",
        "content_type": "quarterly_report",
        "published_date": "2020-05-07",
        "fiscal_date": "2020-03-31",
        "fiscal_year": 2020,
        "fiscal_quarter": 1,
        "r2_url": "https://pub-2c783279b61043e19fbdadd1bee5153a.r2.dev/HLT/2020-05-07/hlt-20200331.htm/ix.pdf",
        "periodicity": "periodic"
      },
      {
        "equity_ticker": "HLT",
        "geography": "US",
        "content_name": "HLT Q4 2019 10-K",
        "file_type": "pdf",
        "content_type": "annual_report",
        "published_date": "2020-02-11",
        "fiscal_date": "2019-12-31",
        "fiscal_year": 2019,
        "fiscal_quarter": 4,
        "r2_url": "https://pub-2c783279b61043e19fbdadd1bee5153a.r2.dev/HLT/2020-02-11/hlt-20191231.htm/ix.pdf",
        "periodicity": "periodic"
      },
      {
        "equity_ticker": "HLT",
        "geography": "US",
        "content_name": "HLT Q3 2019 10-Q",
        "file_type": "pdf",
        "content_type": "quarterly_report",
        "published_date": "2019-10-23",
        "fiscal_date": "2019-09-30",
        "fiscal_year": 2019,
        "fiscal_quarter": 3,
        "r2_url": "https://pub-2c783279b61043e19fbdadd1bee5153a.r2.dev/HLT/2019-10-23/hlt-20190930.htm/ix.pdf",
        "periodicity": "periodic"
      },
      {
        "equity_ticker": "HLT",
        "geography": "US",
        "content_name": "HLT Q2 2019 10-Q",
        "file_type": "pdf",
        "content_type": "quarterly_report",
        "published_date": "2019-07-24",
        "fiscal_date": "2019-06-30",
        "fiscal_year": 2019,
        "fiscal_quarter": 2,
        "r2_url": "https://pub-2c783279b61043e19fbdadd1bee5153a.r2.dev/HLT/2019-07-24/q22019hwhfsandmda.htm/ix.pdf",
        "periodicity": "periodic"
      },
      {
        "equity_ticker": "HLT",
        "geography": "US",
        "content_name": "HLT Q1 2019 10-Q",
        "file_type": "pdf",
        "content_type": "quarterly_report",
        "published_date": "2019-05-01",
        "fiscal_date": "2019-03-31",
        "fiscal_year": 2019,
        "fiscal_quarter": 1,
        "r2_url": "https://pub-2c783279b61043e19fbdadd1bee5153a.r2.dev/HLT/2019-05-01/q12019hwhfsandmda.htm/q12019hwhfsandmda.pdf",
        "periodicity": "periodic"
      },
      {
        "equity_ticker": "HLT",
        "geography": "US",
        "content_name": "HLT Q4 2018 10-K",
        "file_type": "pdf",
        "content_type": "annual_report",
        "published_date": "2019-02-13",
        "fiscal_date": "2018-12-31",
        "fiscal_year": 2018,
        "fiscal_quarter": 4,
        "r2_url": "https://pub-2c783279b61043e19fbdadd1bee5153a.r2.dev/HLT/2019-02-13/q42018hwh10-k.htm/q42018hwh10-k.pdf",
        "periodicity": "periodic"
      },
      {
        "equity_ticker": "HLT",
        "geography": "US",
        "content_name": "HLT Q3 2018 10-Q",
        "file_type": "pdf",
        "content_type": "quarterly_report",
        "published_date": "2018-10-24",
        "fiscal_date": "2018-09-30",
        "fiscal_year": 2018,
        "fiscal_quarter": 3,
        "r2_url": "https://pub-2c783279b61043e19fbdadd1bee5153a.r2.dev/HLT/2018-10-24/q32018hwhfsandmda.htm/q32018hwhfsandmda.pdf",
        "periodicity": "periodic"
      },
      {
        "equity_ticker": "HLT",
        "geography": "US",
        "content_name": "HLT Q2 2018 10-Q",
        "file_type": "pdf",
        "content_type": "quarterly_report",
        "published_date": "2018-07-25",
        "fiscal_date": "2018-06-30",
        "fiscal_year": 2018,
        "fiscal_quarter": 2,
        "r2_url": "https://pub-2c783279b61043e19fbdadd1bee5153a.r2.dev/HLT/2018-07-25/q22018hwhfsandmda.htm/q22018hwhfsandmda.pdf",
        "periodicity": "periodic"
      },
      {
        "equity_ticker": "HLT",
        "geography": "US",
        "content_name": "HLT Q1 2018 10-Q",
        "file_type": "pdf",
        "content_type": "quarterly_report",
        "published_date": "2018-04-26",
        "fiscal_date": "2018-03-31",
        "fiscal_year": 2018,
        "fiscal_quarter": 1,
        "r2_url": "https://pub-2c783279b61043e19fbdadd1bee5153a.r2.dev/HLT/2018-04-26/q12018hwhfsandmda.htm/q12018hwhfsandmda.pdf",
        "periodicity": "periodic"
      },
      {
        "equity_ticker": "HLT",
        "geography": "US",
        "content_name": "HLT Q4 2017 10-K",
        "file_type": "pdf",
        "content_type": "annual_report",
        "published_date": "2018-02-14",
        "fiscal_date": "2017-12-31",
        "fiscal_year": 2017,
        "fiscal_quarter": 4,
        "r2_url": "https://pub-2c783279b61043e19fbdadd1bee5153a.r2.dev/HLT/2018-02-14/a2017hwh10-k.htm/a2017hwh10-k.pdf",
        "periodicity": "periodic"
      },
      {
        "equity_ticker": "HLT",
        "geography": "US",
        "content_name": "HLT Q3 2017 10-Q",
        "file_type": "pdf",
        "content_type": "quarterly_report",
        "published_date": "2017-10-26",
        "fiscal_date": "2017-09-30",
        "fiscal_year": 2017,
        "fiscal_quarter": 3,
        "r2_url": "https://pub-2c783279b61043e19fbdadd1bee5153a.r2.dev/HLT/2017-10-26/q32017hwhfsandmda-10q.htm/q32017hwhfsandmda-10q.pdf",
        "periodicity": "periodic"
      },
      {
        "equity_ticker": "HLT",
        "geography": "US",
        "content_name": "HLT Q2 2017 10-Q",
        "file_type": "pdf",
        "content_type": "quarterly_report",
        "published_date": "2017-07-26",
        "fiscal_date": "2017-06-30",
        "fiscal_year": 2017,
        "fiscal_quarter": 2,
        "r2_url": "https://pub-2c783279b61043e19fbdadd1bee5153a.r2.dev/HLT/2017-07-26/q22017hwhfsandmda-10q.htm/q22017hwhfsandmda-10q.pdf",
        "periodicity": "periodic"
      },
      {
        "equity_ticker": "HLT",
        "geography": "US",
        "content_name": "HLT Q1 2017 10-Q",
        "file_type": "pdf",
        "content_type": "quarterly_report",
        "published_date": "2017-05-02",
        "fiscal_date": "2017-03-31",
        "fiscal_year": 2017,
        "fiscal_quarter": 1,
        "r2_url": "https://pub-2c783279b61043e19fbdadd1bee5153a.r2.dev/HLT/2017-05-02/q12017hwhfsandmda-10q.htm/q12017hwhfsandmda-10q.pdf",
        "periodicity": "periodic"
      },
      {
        "equity_ticker": "HLT",
        "geography": "US",
        "content_name": "HLT Q4 2016 10-K",
        "file_type": "pdf",
        "content_type": "annual_report",
        "published_date": "2017-02-15",
        "fiscal_date": "2016-12-31",
        "fiscal_year": 2016,
        "fiscal_quarter": 4,
        "r2_url": "https://pub-2c783279b61043e19fbdadd1bee5153a.r2.dev/HLT/2017-02-15/a2016hwh10-knospin.htm/a2016hwh10-knospin.pdf",
        "periodicity": "periodic"
      },
      {
        "equity_ticker": "HLT",
        "geography": "US",
        "content_name": "HLT Q3 2016 10-Q",
        "file_type": "pdf",
        "content_type": "quarterly_report",
        "published_date": "2016-10-26",
        "fiscal_date": "2016-09-30",
        "fiscal_year": 2016,
        "fiscal_quarter": 3,
        "r2_url": "https://pub-2c783279b61043e19fbdadd1bee5153a.r2.dev/HLT/2016-10-26/q32016hwhfsandmda.htm/q32016hwhfsandmda.pdf",
        "periodicity": "periodic"
      },
      {
        "equity_ticker": "HLT",
        "geography": "US",
        "content_name": "HLT Q2 2016 10-Q",
        "file_type": "pdf",
        "content_type": "quarterly_report",
        "published_date": "2016-07-27",
        "fiscal_date": "2016-06-30",
        "fiscal_year": 2016,
        "fiscal_quarter": 2,
        "r2_url": "https://pub-2c783279b61043e19fbdadd1bee5153a.r2.dev/HLT/2016-07-27/q22016hwhfsandmda.htm/q22016hwhfsandmda.pdf",
        "periodicity": "periodic"
      },
      {
        "equity_ticker": "HLT",
        "geography": "US",
        "content_name": "HLT Q1 2016 10-Q",
        "file_type": "pdf",
        "content_type": "quarterly_report",
        "published_date": "2016-04-27",
        "fiscal_date": "2016-03-31",
        "fiscal_year": 2016,
        "fiscal_quarter": 1,
        "r2_url": "https://pub-2c783279b61043e19fbdadd1bee5153a.r2.dev/HLT/2016-04-27/q12016hwhfsandmda.htm/q12016hwhfsandmda.pdf",
        "periodicity": "periodic"
      },
      {
        "equity_ticker": "HLT",
        "geography": "US",
        "content_name": "HLT Q4 2015 10-K",
        "file_type": "pdf",
        "content_type": "annual_report",
        "published_date": "2016-02-26",
        "fiscal_date": "2015-12-31",
        "fiscal_year": 2015,
        "fiscal_quarter": 4,
        "r2_url": "https://pub-2c783279b61043e19fbdadd1bee5153a.r2.dev/HLT/2016-02-26/a2015hwh10-k.htm/a2015hwh10-k.pdf",
        "periodicity": "periodic"
      },
      {
        "equity_ticker": "HLT",
        "geography": "US",
        "content_name": "HLT Q3 2015 10-Q",
        "file_type": "pdf",
        "content_type": "quarterly_report",
        "published_date": "2015-10-28",
        "fiscal_date": "2015-09-30",
        "fiscal_year": 2015,
        "fiscal_quarter": 3,
        "r2_url": "https://pub-2c783279b61043e19fbdadd1bee5153a.r2.dev/HLT/2015-10-28/q32015hwhfsandmda.htm/q32015hwhfsandmda.pdf",
        "periodicity": "periodic"
      },
      {
        "equity_ticker": "HLT",
        "geography": "US",
        "content_name": "HLT Q2 2015 10-Q",
        "file_type": "pdf",
        "content_type": "quarterly_report",
        "published_date": "2015-07-29",
        "fiscal_date": "2015-06-30",
        "fiscal_year": 2015,
        "fiscal_quarter": 2,
        "r2_url": "https://pub-2c783279b61043e19fbdadd1bee5153a.r2.dev/HLT/2015-07-29/q22015hwhfsandmda.htm/q22015hwhfsandmda.pdf",
        "periodicity": "periodic"
      },
      {
        "equity_ticker": "HLT",
        "geography": "US",
        "content_name": "HLT Q1 2015 10-Q",
        "file_type": "pdf",
        "content_type": "quarterly_report",
        "published_date": "2015-04-29",
        "fiscal_date": "2015-03-31",
        "fiscal_year": 2015,
        "fiscal_quarter": 1,
        "r2_url": "https://pub-2c783279b61043e19fbdadd1bee5153a.r2.dev/HLT/2015-04-29/q12015hwhfsandmda.htm/q12015hwhfsandmda.pdf",
        "periodicity": "periodic"
      },
      {
        "equity_ticker": "HLT",
        "geography": "US",
        "content_name": "HLT Q4 2014 10-K",
        "file_type": "pdf",
        "content_type": "annual_report",
        "published_date": "2015-02-18",
        "fiscal_date": "2014-12-31",
        "fiscal_year": 2014,
        "fiscal_quarter": 4,
        "r2_url": "https://pub-2c783279b61043e19fbdadd1bee5153a.r2.dev/HLT/2015-02-18/a2014hwh10-k.htm/a2014hwh10-k.pdf",
        "periodicity": "periodic"
      },
      {
        "equity_ticker": "HLT",
        "geography": "US",
        "content_name": "HLT Q3 2014 10-Q",
        "file_type": "pdf",
        "content_type": "quarterly_report",
        "published_date": "2014-10-31",
        "fiscal_date": "2014-09-30",
        "fiscal_year": 2014,
        "fiscal_quarter": 3,
        "r2_url": "https://pub-2c783279b61043e19fbdadd1bee5153a.r2.dev/HLT/2014-10-31/q32014hwhfsandmda.htm/q32014hwhfsandmda.pdf",
        "periodicity": "periodic"
      },
      {
        "equity_ticker": "HLT",
        "geography": "US",
        "content_name": "HLT Q2 2014 10-Q",
        "file_type": "pdf",
        "content_type": "quarterly_report",
        "published_date": "2014-08-01",
        "fiscal_date": "2014-06-30",
        "fiscal_year": 2014,
        "fiscal_quarter": 2,
        "r2_url": "https://pub-2c783279b61043e19fbdadd1bee5153a.r2.dev/HLT/2014-08-01/q22014hwhfsandmda.htm/q22014hwhfsandmda.pdf",
        "periodicity": "periodic"
      },
      {
        "equity_ticker": "HLT",
        "geography": "US",
        "content_name": "HLT Q1 2014 10-Q",
        "file_type": "pdf",
        "content_type": "quarterly_report",
        "published_date": "2014-05-09",
        "fiscal_date": "2014-03-31",
        "fiscal_year": 2014,
        "fiscal_quarter": 1,
        "r2_url": "https://pub-2c783279b61043e19fbdadd1bee5153a.r2.dev/HLT/2014-05-09/q12014hwhfsandmda.htm/q12014hwhfsandmda.pdf",
        "periodicity": "periodic"
      },
      {
        "equity_ticker": "HLT",
        "geography": "US",
        "content_name": "HLT Q4 2013 10-K",
        "file_type": "pdf",
        "content_type": "annual_report",
        "published_date": "2014-02-27",
        "fiscal_date": "2013-12-31",
        "fiscal_year": 2013,
        "fiscal_quarter": 4,
        "r2_url": "https://pub-2c783279b61043e19fbdadd1bee5153a.r2.dev/HLT/2014-02-27/a2013hwh10-k.htm/a2013hwh10-k.pdf",
        "periodicity": "periodic"
      },
      {
        "equity_ticker": "HLT",
        "geography": "US",
        "content_name": "HLT Q3 2013 10-Q",
        "file_type": "pdf",
        "content_type": "quarterly_report",
        "published_date": "2007-08-07",
        "fiscal_date": "2007-06-30",
        "fiscal_year": 2013,
        "fiscal_quarter": 3,
        "r2_url": "https://pub-2c783279b61043e19fbdadd1bee5153a.r2.dev/HLT/2007-08-07/a07-18750_110q.htm/a07-18750_110q.pdf",
        "periodicity": "periodic"
      },
      {
        "equity_ticker": "HLT",
        "geography": "US",
        "content_name": "HLT Q2 2013 10-Q",
        "file_type": "pdf",
        "content_type": "quarterly_report",
        "published_date": "2007-05-09",
        "fiscal_date": "2007-03-31",
        "fiscal_year": 2013,
        "fiscal_quarter": 2,
        "r2_url": "https://pub-2c783279b61043e19fbdadd1bee5153a.r2.dev/HLT/2007-05-09/a07-10691_210q.htm/a07-10691_210q.pdf",
        "periodicity": "periodic"
      },
      {
        "equity_ticker": "HLT",
        "geography": "US",
        "content_name": "HLT Q1 2013 10-K",
        "file_type": "pdf",
        "content_type": "annual_report",
        "published_date": "2007-02-28",
        "fiscal_date": "2006-12-31",
        "fiscal_year": 2013,
        "fiscal_quarter": 1,
        "r2_url": "https://pub-2c783279b61043e19fbdadd1bee5153a.r2.dev/HLT/2007-02-28/a07-4941_110k.htm/a07-4941_110k.pdf",
        "periodicity": "periodic"
      },
      {
        "equity_ticker": "HLT",
        "geography": "US",
        "content_name": "HLT Q4 2006 10-Q",
        "file_type": "pdf",
        "content_type": "quarterly_report",
        "published_date": "2006-11-08",
        "fiscal_date": "2006-09-30",
        "fiscal_year": 2006,
        "fiscal_quarter": 4,
        "r2_url": "https://pub-2c783279b61043e19fbdadd1bee5153a.r2.dev/HLT/2006-11-08/a06-21538_110q.htm/a06-21538_110q.pdf",
        "periodicity": "periodic"
      },
      {
        "equity_ticker": "HLT",
        "geography": "US",
        "content_name": "HLT Q3 2006 10-Q",
        "file_type": "pdf",
        "content_type": "quarterly_report",
        "published_date": "2006-08-09",
        "fiscal_date": "2006-06-30",
        "fiscal_year": 2006,
        "fiscal_quarter": 3,
        "r2_url": "https://pub-2c783279b61043e19fbdadd1bee5153a.r2.dev/HLT/2006-08-09/a06-15184_110q.htm/a06-15184_110q.pdf",
        "periodicity": "periodic"
      },
      {
        "equity_ticker": "HLT",
        "geography": "US",
        "content_name": "HLT Q2 2006 10-Q",
        "file_type": "pdf",
        "content_type": "quarterly_report",
        "published_date": "2006-05-10",
        "fiscal_date": "2006-03-31",
        "fiscal_year": 2006,
        "fiscal_quarter": 2,
        "r2_url": "https://pub-2c783279b61043e19fbdadd1bee5153a.r2.dev/HLT/2006-05-10/a06-9246_110q.htm/a06-9246_110q.pdf",
        "periodicity": "periodic"
      },
      {
        "equity_ticker": "HLT",
        "geography": "US",
        "content_name": "HLT Q1 2006 10-K",
        "file_type": "pdf",
        "content_type": "annual_report",
        "published_date": "2006-03-14",
        "fiscal_date": "2005-12-31",
        "fiscal_year": 2006,
        "fiscal_quarter": 1,
        "r2_url": "https://pub-2c783279b61043e19fbdadd1bee5153a.r2.dev/HLT/2006-03-14/a06-2283_110k.htm/a06-2283_110k.pdf",
        "periodicity": "periodic"
      },
      {
        "equity_ticker": "HLT",
        "geography": "US",
        "content_name": "HLT Q4 2005 10-Q",
        "file_type": "pdf",
        "content_type": "quarterly_report",
        "published_date": "2005-11-02",
        "fiscal_date": "2005-09-30",
        "fiscal_year": 2005,
        "fiscal_quarter": 4,
        "r2_url": "https://pub-2c783279b61043e19fbdadd1bee5153a.r2.dev/HLT/2005-11-02/a05-17942_110q.htm/a05-17942_110q.pdf",
        "periodicity": "periodic"
      },
      {
        "equity_ticker": "HLT",
        "geography": "US",
        "content_name": "HLT Q3 2005 10-Q",
        "file_type": "pdf",
        "content_type": "quarterly_report",
        "published_date": "2005-08-02",
        "fiscal_date": "2005-06-30",
        "fiscal_year": 2005,
        "fiscal_quarter": 3,
        "r2_url": "https://pub-2c783279b61043e19fbdadd1bee5153a.r2.dev/HLT/2005-08-02/a05-12555_110q.htm/a05-12555_110q.pdf",
        "periodicity": "periodic"
      },
      {
        "equity_ticker": "HLT",
        "geography": "US",
        "content_name": "HLT Q2 2005 10-Q",
        "file_type": "pdf",
        "content_type": "quarterly_report",
        "published_date": "2005-05-03",
        "fiscal_date": "2005-03-31",
        "fiscal_year": 2005,
        "fiscal_quarter": 2,
        "r2_url": "https://pub-2c783279b61043e19fbdadd1bee5153a.r2.dev/HLT/2005-05-03/a05-7689_110q.htm/a05-7689_110q.pdf",
        "periodicity": "periodic"
      },
      {
        "equity_ticker": "HLT",
        "geography": "US",
        "content_name": "HLT Q1 2005 10-K",
        "file_type": "pdf",
        "content_type": "annual_report",
        "published_date": "2005-03-10",
        "fiscal_date": "2004-12-31",
        "fiscal_year": 2005,
        "fiscal_quarter": 1,
        "r2_url": "https://pub-2c783279b61043e19fbdadd1bee5153a.r2.dev/HLT/2005-03-10/a05-3894_110k.htm/a05-3894_110k.pdf",
        "periodicity": "periodic"
      },
      {
        "equity_ticker": "HLT",
        "geography": "US",
        "content_name": "HLT Q4 2004 10-Q",
        "file_type": "pdf",
        "content_type": "quarterly_report",
        "published_date": "2004-11-05",
        "fiscal_date": "2004-09-30",
        "fiscal_year": 2004,
        "fiscal_quarter": 4,
        "r2_url": "https://pub-2c783279b61043e19fbdadd1bee5153a.r2.dev/HLT/2004-11-05/a04-12335_110q.htm/a04-12335_110q.pdf",
        "periodicity": "periodic"
      },
      {
        "equity_ticker": "HLT",
        "geography": "US",
        "content_name": "HLT Q3 2004 10-Q",
        "file_type": "pdf",
        "content_type": "quarterly_report",
        "published_date": "2004-08-05",
        "fiscal_date": "2004-06-30",
        "fiscal_year": 2004,
        "fiscal_quarter": 3,
        "r2_url": "https://pub-2c783279b61043e19fbdadd1bee5153a.r2.dev/HLT/2004-08-05/a04-8807_210q.htm/a04-8807_210q.pdf",
        "periodicity": "periodic"
      },
      {
        "equity_ticker": "HLT",
        "geography": "US",
        "content_name": "HLT Q2 2004 10-Q",
        "file_type": "pdf",
        "content_type": "quarterly_report",
        "published_date": "2004-05-07",
        "fiscal_date": "2004-03-31",
        "fiscal_year": 2004,
        "fiscal_quarter": 2,
        "r2_url": "https://pub-2c783279b61043e19fbdadd1bee5153a.r2.dev/HLT/2004-05-07/a04-5463_110q.htm/a04-5463_110q.pdf",
        "periodicity": "periodic"
      },
      {
        "equity_ticker": "HLT",
        "geography": "US",
        "content_name": "HLT Q1 2004 10-K",
        "file_type": "pdf",
        "content_type": "annual_report",
        "published_date": "2004-03-11",
        "fiscal_date": "2003-12-31",
        "fiscal_year": 2004,
        "fiscal_quarter": 1,
        "r2_url": "https://pub-2c783279b61043e19fbdadd1bee5153a.r2.dev/HLT/2004-03-11/a2128996z10-k.htm/a2128996z10-k.pdf",
        "periodicity": "periodic"
      },
      {
        "equity_ticker": "HLT",
        "geography": "US",
        "content_name": "HLT Q4 2003 10-Q",
        "file_type": "pdf",
        "content_type": "quarterly_report",
        "published_date": "2003-10-30",
        "fiscal_date": "2003-09-30",
        "fiscal_year": 2003,
        "fiscal_quarter": 4,
        "r2_url": "https://pub-2c783279b61043e19fbdadd1bee5153a.r2.dev/HLT/2003-10-30/a03-4335_110q.htm/a03-4335_110q.pdf",
        "periodicity": "periodic"
      },
      {
        "equity_ticker": "HLT",
        "geography": "US",
        "content_name": "HLT Q3 2003 10-Q",
        "file_type": "pdf",
        "content_type": "quarterly_report",
        "published_date": "2003-08-13",
        "fiscal_date": "2003-06-30",
        "fiscal_year": 2003,
        "fiscal_quarter": 3,
        "r2_url": "https://pub-2c783279b61043e19fbdadd1bee5153a.r2.dev/HLT/2003-08-13/a03-2526_110q.htm/a03-2526_110q.pdf",
        "periodicity": "periodic"
      },
      {
        "equity_ticker": "HLT",
        "geography": "US",
        "content_name": "HLT Q2 2003 10-Q",
        "file_type": "pdf",
        "content_type": "quarterly_report",
        "published_date": "2003-05-05",
        "fiscal_date": "2003-03-31",
        "fiscal_year": 2003,
        "fiscal_quarter": 2,
        "r2_url": "https://pub-2c783279b61043e19fbdadd1bee5153a.r2.dev/HLT/2003-05-05/j0018_10q.htm/j0018_10q.pdf",
        "periodicity": "periodic"
      },
      {
        "equity_ticker": "HLT",
        "geography": "US",
        "content_name": "HLT Q1 2003 10-K",
        "file_type": "pdf",
        "content_type": "annual_report",
        "published_date": "2003-03-28",
        "fiscal_date": "2002-12-31",
        "fiscal_year": 2003,
        "fiscal_quarter": 1,
        "r2_url": "https://pub-2c783279b61043e19fbdadd1bee5153a.r2.dev/HLT/2003-03-28/a2105660z10-k.htm/a2105660z10-k.pdf",
        "periodicity": "periodic"
      },
      {
        "equity_ticker": "HLT",
        "geography": "US",
        "content_name": "HLT Q4 2002 10-Q",
        "file_type": "pdf",
        "content_type": "quarterly_report",
        "published_date": "2002-11-12",
        "fiscal_date": "2002-09-30",
        "fiscal_year": 2002,
        "fiscal_quarter": 4,
        "r2_url": "https://pub-2c783279b61043e19fbdadd1bee5153a.r2.dev/HLT/2002-11-12/a2092995z10-q.htm/a2092995z10-q.pdf",
        "periodicity": "periodic"
      },
      {
        "equity_ticker": "HLT",
        "geography": "US",
        "content_name": "HLT Q3 2002 10-Q",
        "file_type": "pdf",
        "content_type": "quarterly_report",
        "published_date": "2002-08-02",
        "fiscal_date": "2002-06-30",
        "fiscal_year": 2002,
        "fiscal_quarter": 3,
        "r2_url": "https://pub-2c783279b61043e19fbdadd1bee5153a.r2.dev/HLT/2002-08-02/a2085728z10-q.htm/a2085728z10-q.pdf",
        "periodicity": "periodic"
      },
      {
        "equity_ticker": "HLT",
        "geography": "US",
        "content_name": "HLT Q2 2002 10-Q",
        "file_type": "pdf",
        "content_type": "quarterly_report",
        "published_date": "2002-05-06",
        "fiscal_date": "2002-03-31",
        "fiscal_year": 2002,
        "fiscal_quarter": 2,
        "r2_url": "https://pub-2c783279b61043e19fbdadd1bee5153a.r2.dev/HLT/2002-05-06/a2078968z10-q.htm/a2078968z10-q.pdf",
        "periodicity": "periodic"
      },
      {
        "equity_ticker": "HLT",
        "geography": "US",
        "content_name": "HLT Q1 2002 10-Q",
        "file_type": "pdf",
        "content_type": "quarterly_report",
        "published_date": "2001-11-13",
        "fiscal_date": "2001-09-30",
        "fiscal_year": 2002,
        "fiscal_quarter": 1,
        "r2_url": "https://pub-2c783279b61043e19fbdadd1bee5153a.r2.dev/HLT/2001-11-13/a2062755z10-q.htm/a2062755z10-q.pdf",
        "periodicity": "periodic"
      },
      {
        "equity_ticker": "HLT",
        "geography": "US",
        "content_name": "HLT Q4 2001 10-Q",
        "file_type": "pdf",
        "content_type": "quarterly_report",
        "published_date": "2001-08-09",
        "fiscal_date": "2001-06-30",
        "fiscal_year": 2001,
        "fiscal_quarter": 4,
        "r2_url": "https://pub-2c783279b61043e19fbdadd1bee5153a.r2.dev/HLT/2001-08-09/a2055586z10-q.htm/a2055586z10-q.pdf",
        "periodicity": "periodic"
      },
      {
        "equity_ticker": "HLT",
        "geography": "US",
        "content_name": "HLT Q3 2001 10-Q",
        "file_type": "pdf",
        "content_type": "quarterly_report",
        "published_date": "2001-05-14",
        "fiscal_date": "2001-03-31",
        "fiscal_year": 2001,
        "fiscal_quarter": 3,
        "r2_url": "https://pub-2c783279b61043e19fbdadd1bee5153a.r2.dev/HLT/2001-05-14/a2049017z10-q.htm/a2049017z10-q.pdf",
        "periodicity": "periodic"
      },
      {
        "equity_ticker": "HLT",
        "geography": "US",
        "content_name": "HLT Q2 2001 10-K",
        "file_type": "pdf",
        "content_type": "annual_report",
        "published_date": "2001-03-28",
        "fiscal_date": "2000-12-31",
        "fiscal_year": 2001,
        "fiscal_quarter": 2,
        "r2_url": "https://pub-2c783279b61043e19fbdadd1bee5153a.r2.dev/HLT/2001-03-28/a2041534z10-k.htm/a2041534z10-k.pdf",
        "periodicity": "periodic"
      },
      {
        "equity_ticker": "HLT",
        "geography": "US",
        "content_name": "HLT Q1 2001 10-Q",
        "file_type": "pdf",
        "content_type": "quarterly_report",
        "published_date": "2000-11-13",
        "fiscal_date": "2000-09-30",
        "fiscal_year": 2001,
        "fiscal_quarter": 1,
        "r2_url": "https://pub-2c783279b61043e19fbdadd1bee5153a.r2.dev/HLT/2000-11-13/a2029122z10-q.txt/a2029122z10-q.pdf",
        "periodicity": "periodic"
      },
      {
        "equity_ticker": "HLT",
        "geography": "US",
        "content_name": "HLT Q4 2000 10-Q",
        "file_type": "pdf",
        "content_type": "quarterly_report",
        "published_date": "2000-08-11",
        "fiscal_date": "2000-06-30",
        "fiscal_year": 2000,
        "fiscal_quarter": 4,
        "r2_url": "https://pub-2c783279b61043e19fbdadd1bee5153a.r2.dev/HLT/2000-08-11/a10-q.txt/a10-q.pdf",
        "periodicity": "periodic"
      },
      {
        "equity_ticker": "HLT",
        "geography": "US",
        "content_name": "HLT Q3 2000 10-Q",
        "file_type": "pdf",
        "content_type": "quarterly_report",
        "published_date": "2000-05-12",
        "fiscal_date": "2000-03-31",
        "fiscal_year": 2000,
        "fiscal_quarter": 3,
        "r2_url": "https://pub-2c783279b61043e19fbdadd1bee5153a.r2.dev/HLT/2000-05-12/.pdf",
        "periodicity": "periodic"
      },
      {
        "equity_ticker": "HLT",
        "geography": "US",
        "content_name": "HLT Q4 1999 10-Q",
        "file_type": "pdf",
        "content_type": "quarterly_report",
        "published_date": "1999-05-14",
        "fiscal_date": "1999-03-31",
        "fiscal_year": 1999,
        "fiscal_quarter": 4,
        "r2_url": "https://pub-2c783279b61043e19fbdadd1bee5153a.r2.dev/HLT/1999-05-14/.pdf",
        "periodicity": "periodic"
      },
      {
        "equity_ticker": "HLT",
        "geography": "US",
        "content_name": "HLT Q3 1999 10-Q",
        "file_type": "pdf",
        "content_type": "quarterly_report",
        "published_date": "1998-11-02",
        "fiscal_date": "1998-09-30",
        "fiscal_year": 1999,
        "fiscal_quarter": 3,
        "r2_url": "https://pub-2c783279b61043e19fbdadd1bee5153a.r2.dev/HLT/1998-11-02/.pdf",
        "periodicity": "periodic"
      },
      {
        "equity_ticker": "HLT",
        "geography": "US",
        "content_name": "HLT Q2 1999 10-Q",
        "file_type": "pdf",
        "content_type": "quarterly_report",
        "published_date": "1998-08-05",
        "fiscal_date": "1998-06-30",
        "fiscal_year": 1999,
        "fiscal_quarter": 2,
        "r2_url": "https://pub-2c783279b61043e19fbdadd1bee5153a.r2.dev/HLT/1998-08-05/.pdf",
        "periodicity": "periodic"
      },
      {
        "equity_ticker": "HLT",
        "geography": "US",
        "content_name": "HLT Q1 1999 10-Q",
        "file_type": "pdf",
        "content_type": "quarterly_report",
        "published_date": "1998-05-15",
        "fiscal_date": "1998-03-31",
        "fiscal_year": 1999,
        "fiscal_quarter": 1,
        "r2_url": "https://pub-2c783279b61043e19fbdadd1bee5153a.r2.dev/HLT/1998-05-15/.pdf",
        "periodicity": "periodic"
      },
      {
        "equity_ticker": "HLT",
        "geography": "US",
        "content_name": "HLT Q4 1997 10-K",
        "file_type": "pdf",
        "content_type": "annual_report",
        "published_date": "1998-03-27",
        "fiscal_date": "1997-12-31",
        "fiscal_year": 1997,
        "fiscal_quarter": 4,
        "r2_url": "https://pub-2c783279b61043e19fbdadd1bee5153a.r2.dev/HLT/1998-03-27/.pdf",
        "periodicity": "periodic"
      },
      {
        "equity_ticker": "HLT",
        "geography": "US",
        "content_name": "HLT Q3 1997 10-Q",
        "file_type": "pdf",
        "content_type": "quarterly_report",
        "published_date": "1997-11-12",
        "fiscal_date": "1997-09-30",
        "fiscal_year": 1997,
        "fiscal_quarter": 3,
        "r2_url": "https://pub-2c783279b61043e19fbdadd1bee5153a.r2.dev/HLT/1997-11-12/.pdf",
        "periodicity": "periodic"
      },
      {
        "equity_ticker": "HLT",
        "geography": "US",
        "content_name": "HLT Q2 1997 10-Q",
        "file_type": "pdf",
        "content_type": "quarterly_report",
        "published_date": "1997-08-08",
        "fiscal_date": "1997-06-30",
        "fiscal_year": 1997,
        "fiscal_quarter": 2,
        "r2_url": "https://pub-2c783279b61043e19fbdadd1bee5153a.r2.dev/HLT/1997-08-08/.pdf",
        "periodicity": "periodic"
      },
      {
        "equity_ticker": "HLT",
        "geography": "US",
        "content_name": "HLT Q1 1997 10-Q",
        "file_type": "pdf",
        "content_type": "quarterly_report",
        "published_date": "1997-05-14",
        "fiscal_date": "1997-03-31",
        "fiscal_year": 1997,
        "fiscal_quarter": 1,
        "r2_url": "https://pub-2c783279b61043e19fbdadd1bee5153a.r2.dev/HLT/1997-05-14/.pdf",
        "periodicity": "periodic"
      },
      {
        "equity_ticker": "HLT",
        "geography": "US",
        "content_name": "HLT Q4 1996 10-K",
        "file_type": "pdf",
        "content_type": "annual_report",
        "published_date": "1997-03-21",
        "fiscal_date": "1996-12-31",
        "fiscal_year": 1996,
        "fiscal_quarter": 4,
        "r2_url": "https://pub-2c783279b61043e19fbdadd1bee5153a.r2.dev/HLT/1997-03-21/.pdf",
        "periodicity": "periodic"
      },
      {
        "equity_ticker": "HLT",
        "geography": "US",
        "content_name": "HLT Q3 1996 10-Q",
        "file_type": "pdf",
        "content_type": "quarterly_report",
        "published_date": "1996-11-12",
        "fiscal_date": "1996-09-30",
        "fiscal_year": 1996,
        "fiscal_quarter": 3,
        "r2_url": "https://pub-2c783279b61043e19fbdadd1bee5153a.r2.dev/HLT/1996-11-12/.pdf",
        "periodicity": "periodic"
      },
      {
        "equity_ticker": "HLT",
        "geography": "US",
        "content_name": "HLT Q2 1996 10-Q",
        "file_type": "pdf",
        "content_type": "quarterly_report",
        "published_date": "1996-08-07",
        "fiscal_date": "1996-06-30",
        "fiscal_year": 1996,
        "fiscal_quarter": 2,
        "r2_url": "https://pub-2c783279b61043e19fbdadd1bee5153a.r2.dev/HLT/1996-08-07/.pdf",
        "periodicity": "periodic"
      },
      {
        "equity_ticker": "HLT",
        "geography": "US",
        "content_name": "HLT Q1 1996 10-Q",
        "file_type": "pdf",
        "content_type": "quarterly_report",
        "published_date": "1996-05-07",
        "fiscal_date": "1996-03-31",
        "fiscal_year": 1996,
        "fiscal_quarter": 1,
        "r2_url": "https://pub-2c783279b61043e19fbdadd1bee5153a.r2.dev/HLT/1996-05-07/.pdf",
        "periodicity": "periodic"
      },
      {
        "equity_ticker": "HLT",
        "geography": "US",
        "content_name": "HLT Q4 1995 10-K",
        "file_type": "pdf",
        "content_type": "annual_report",
        "published_date": "1996-03-22",
        "fiscal_date": "1995-12-31",
        "fiscal_year": 1995,
        "fiscal_quarter": 4,
        "r2_url": "https://pub-2c783279b61043e19fbdadd1bee5153a.r2.dev/HLT/1996-03-22/.pdf",
        "periodicity": "periodic"
      },
      {
        "equity_ticker": "HLT",
        "geography": "US",
        "content_name": "HLT Q3 1995 10-Q",
        "file_type": "pdf",
        "content_type": "quarterly_report",
        "published_date": "1995-11-09",
        "fiscal_date": "1995-09-30",
        "fiscal_year": 1995,
        "fiscal_quarter": 3,
        "r2_url": "https://pub-2c783279b61043e19fbdadd1bee5153a.r2.dev/HLT/1995-11-09/.pdf",
        "periodicity": "periodic"
      },
      {
        "equity_ticker": "HLT",
        "geography": "US",
        "content_name": "HLT Q2 1995 10-Q",
        "file_type": "pdf",
        "content_type": "quarterly_report",
        "published_date": "1995-08-10",
        "fiscal_date": "1995-06-30",
        "fiscal_year": 1995,
        "fiscal_quarter": 2,
        "r2_url": "https://pub-2c783279b61043e19fbdadd1bee5153a.r2.dev/HLT/1995-08-10/.pdf",
        "periodicity": "periodic"
      },
      {
        "equity_ticker": "HLT",
        "geography": "US",
        "content_name": "HLT Q1 1995 10-Q",
        "file_type": "pdf",
        "content_type": "quarterly_report",
        "published_date": "1995-05-09",
        "fiscal_date": "1995-03-31",
        "fiscal_year": 1995,
        "fiscal_quarter": 1,
        "r2_url": "https://pub-2c783279b61043e19fbdadd1bee5153a.r2.dev/HLT/1995-05-09/.pdf",
        "periodicity": "periodic"
      },
      {
        "equity_ticker": "HLT",
        "geography": "US",
        "content_name": "HLT Q4 1994 10-Q",
        "file_type": "pdf",
        "content_type": "quarterly_report",
        "published_date": "1994-11-10",
        "fiscal_date": "1994-09-30",
        "fiscal_year": 1994,
        "fiscal_quarter": 4,
        "r2_url": "https://pub-2c783279b61043e19fbdadd1bee5153a.r2.dev/HLT/1994-11-10/.pdf",
        "periodicity": "periodic"
      },
      {
        "equity_ticker": "HLT",
        "geography": "US",
        "content_name": "HLT Q3 1994 10-Q",
        "file_type": "pdf",
        "content_type": "quarterly_report",
        "published_date": "1994-08-05",
        "fiscal_date": "1994-06-30",
        "fiscal_year": 1994,
        "fiscal_quarter": 3,
        "r2_url": "https://pub-2c783279b61043e19fbdadd1bee5153a.r2.dev/HLT/1994-08-05/.pdf",
        "periodicity": "periodic"
      },
      {
        "equity_ticker": "HLT",
        "geography": "US",
        "content_name": "HLT Q2 1994 10-Q",
        "file_type": "pdf",
        "content_type": "quarterly_report",
        "published_date": "1994-05-11",
        "fiscal_date": "1994-03-31",
        "fiscal_year": 1994,
        "fiscal_quarter": 2,
        "r2_url": "https://pub-2c783279b61043e19fbdadd1bee5153a.r2.dev/HLT/1994-05-11/.pdf",
        "periodicity": "periodic"
      },
      {
        "equity_ticker": "HLT",
        "geography": "US",
        "content_name": "HLT Q1 1994 10-K",
        "file_type": "pdf",
        "content_type": "annual_report",
        "published_date": "1994-03-29",
        "fiscal_date": "1993-12-31",
        "fiscal_year": 1994,
        "fiscal_quarter": 1,
        "r2_url": "https://pub-2c783279b61043e19fbdadd1bee5153a.r2.dev/HLT/1994-03-29/.pdf",
        "periodicity": "periodic"
      }
]