[
    {
        "equity_ticker": "LULU",
        "geography": "US",
        "content_name": "LULU Q4 2025 Transcript",
        "file_type": "pdf",
        "content_type": "earnings_transcript",
        "published_date": "2025-03-27",
        "fiscal_date": "2025-03-27",
        "fiscal_year": 2025,
        "fiscal_quarter": 4,
        "r2_url": "https://pub-2c783279b61043e19fbdadd1bee5153a.r2.dev/LULU/2025-03-27/lululemon%20athletica%20inc._2025-03-27_transcript/lululemon%20athletica%20inc._2025-03-27_transcript.pdf%5Clululemon%20athletica%20inc._2025-03-27_transcript.pdf",
        "periodicity": "periodic"
    },
    {
        "equity_ticker": "LULU",
        "geography": "US",
        "content_name": "LULU Q4 2025 Press Release",
        "file_type": "pdf",
        "content_type": "earnings_press_release",
        "published_date": "2025-03-27",
        "fiscal_date": "2025-03-27",
        "fiscal_year": 2025,
        "fiscal_quarter": 4,
        "r2_url": "https://pub-2c783279b61043e19fbdadd1bee5153a.r2.dev/LULU/2025-03-27/62350-2025-03-27-08-22-12/62350-2025-03-27-08-22-12.pdf%5C62350-2025-03-27-08-22-12.pdf",
        "periodicity": "periodic"
    },
    {
        "equity_ticker": "LULU",
        "geography": "US",
        "content_name": "LULU Q4 2025 Presentation",
        "file_type": "pdf",
        "content_type": "earnings_presentation",
        "published_date": "2025-03-27",
        "fiscal_date": "2025-03-27",
        "fiscal_year": 2025,
        "fiscal_quarter": 4,
        "r2_url": "https://pub-2c783279b61043e19fbdadd1bee5153a.r2.dev/LULU/2025-03-27/af0ad-2025-03-27-09-35-22/af0ad-2025-03-27-09-35-22.pdf%5Caf0ad-2025-03-27-09-35-22.pdf",
        "periodicity": "periodic"
    },
    {
        "equity_ticker": "LULU",
        "geography": "US",
        "content_name": "LULU Q3 2025 Transcript",
        "file_type": "pdf",
        "content_type": "earnings_transcript",
        "published_date": "2024-12-05",
        "fiscal_date": "2024-12-05",
        "fiscal_year": 2025,
        "fiscal_quarter": 3,
        "r2_url": "https://pub-2c783279b61043e19fbdadd1bee5153a.r2.dev/LULU/2024-12-05/lululemon%20athletica%20inc._2024-12-05_transcript/lululemon%20athletica%20inc._2024-12-05_transcript.pdf%5Clululemon%20athletica%20inc._2024-12-05_transcript.pdf",
        "periodicity": "periodic"
    },
    {
        "equity_ticker": "LULU",
        "geography": "US",
        "content_name": "LULU Q3 2025 Press Release",
        "file_type": "pdf",
        "content_type": "earnings_press_release",
        "published_date": "2024-12-05",
        "fiscal_date": "2024-12-05",
        "fiscal_year": 2025,
        "fiscal_quarter": 3,
        "r2_url": "https://pub-2c783279b61043e19fbdadd1bee5153a.r2.dev/LULU/2024-12-05/0ce39-2024-12-05-09-19-13/0ce39-2024-12-05-09-19-13.pdf%5C0ce39-2024-12-05-09-19-13.pdf",
        "periodicity": "periodic"
    },
    {
        "equity_ticker": "LULU",
        "geography": "US",
        "content_name": "LULU Q3 2025 Presentation",
        "file_type": "pdf",
        "content_type": "earnings_presentation",
        "published_date": "2024-12-05",
        "fiscal_date": "2024-12-05",
        "fiscal_year": 2025,
        "fiscal_quarter": 3,
        "r2_url": "https://pub-2c783279b61043e19fbdadd1bee5153a.r2.dev/LULU/2024-12-05/4a62b-2024-12-05-09-19-13/4a62b-2024-12-05-09-19-13.pdf%5C4a62b-2024-12-05-09-19-13.pdf",
        "periodicity": "periodic"
    },
    {
        "equity_ticker": "LULU",
        "geography": "US",
        "content_name": "Shanghai Analyst Meeting 2024 - October 10, 2024",
        "file_type": "pdf",
        "content_type": "company_conference_transcript",
        "published_date": "2024-10-10",
        "fiscal_date": "2024-10-10",
        "fiscal_year": null,
        "fiscal_quarter": null,
        "r2_url": "https://pub-2c783279b61043e19fbdadd1bee5153a.r2.dev/LULU/2024-10-10/lululemon%20athletica%20inc._2024-10-10_transcript/lululemon%20athletica%20inc._2024-10-10_transcript.pdf%5Clululemon%20athletica%20inc._2024-10-10_transcript.pdf",
        "periodicity": "non_periodic"
    },
    {
        "equity_ticker": "LULU",
        "geography": "US",
        "content_name": "LULU Q2 2025 Transcript",
        "file_type": "pdf",
        "content_type": "earnings_transcript",
        "published_date": "2024-08-29",
        "fiscal_date": "2024-08-29",
        "fiscal_year": 2025,
        "fiscal_quarter": 2,
        "r2_url": "https://pub-2c783279b61043e19fbdadd1bee5153a.r2.dev/LULU/2024-08-29/lululemon%20athletica%20inc._2024-08-29_transcript/lululemon%20athletica%20inc._2024-08-29_transcript.pdf%5Clululemon%20athletica%20inc._2024-08-29_transcript.pdf",
        "periodicity": "periodic"
    },
    {
        "equity_ticker": "LULU",
        "geography": "US",
        "content_name": "LULU Q2 2025 Press Release",
        "file_type": "pdf",
        "content_type": "earnings_press_release",
        "published_date": "2024-08-29",
        "fiscal_date": "2024-08-29",
        "fiscal_year": 2025,
        "fiscal_quarter": 2,
        "r2_url": "https://pub-2c783279b61043e19fbdadd1bee5153a.r2.dev/LULU/2024-08-29/25ee0-2024-08-29-08-19-15/25ee0-2024-08-29-08-19-15.pdf%5C25ee0-2024-08-29-08-19-15.pdf",
        "periodicity": "periodic"
    },
    {
        "equity_ticker": "LULU",
        "geography": "US",
        "content_name": "LULU Q2 2025 Presentation",
        "file_type": "pdf",
        "content_type": "earnings_presentation",
        "published_date": "2024-08-29",
        "fiscal_date": "2024-08-29",
        "fiscal_year": 2025,
        "fiscal_quarter": 2,
        "r2_url": "https://pub-2c783279b61043e19fbdadd1bee5153a.r2.dev/LULU/2024-08-29/35308-2024-08-30-08-42-07/35308-2024-08-30-08-42-07.pdf%5C35308-2024-08-30-08-42-07.pdf",
        "periodicity": "periodic"
    },
    {
        "equity_ticker": "LULU",
        "geography": "US",
        "content_name": "LULU Q1 2025 Transcript",
        "file_type": "pdf",
        "content_type": "earnings_transcript",
        "published_date": "2024-06-05",
        "fiscal_date": "2024-06-05",
        "fiscal_year": 2025,
        "fiscal_quarter": 1,
        "r2_url": "https://pub-2c783279b61043e19fbdadd1bee5153a.r2.dev/LULU/2024-06-05/lululemon%20athletica%20inc._2024-06-05_transcript/lululemon%20athletica%20inc._2024-06-05_transcript.pdf%5Clululemon%20athletica%20inc._2024-06-05_transcript.pdf",
        "periodicity": "periodic"
    },
    {
        "equity_ticker": "LULU",
        "geography": "US",
        "content_name": "LULU Q1 2025 Press Release",
        "file_type": "pdf",
        "content_type": "earnings_press_release",
        "published_date": "2024-06-05",
        "fiscal_date": "2024-06-05",
        "fiscal_year": 2025,
        "fiscal_quarter": 1,
        "r2_url": "https://pub-2c783279b61043e19fbdadd1bee5153a.r2.dev/LULU/2024-06-05/3bd0e-2024-06-05-08-11-11/3bd0e-2024-06-05-08-11-11.pdf%5C3bd0e-2024-06-05-08-11-11.pdf",
        "periodicity": "periodic"
    },
    {
        "equity_ticker": "LULU",
        "geography": "US",
        "content_name": "LULU Q1 2025 Presentation",
        "file_type": "pdf",
        "content_type": "earnings_presentation",
        "published_date": "2024-06-05",
        "fiscal_date": "2024-06-05",
        "fiscal_year": 2025,
        "fiscal_quarter": 1,
        "r2_url": "https://pub-2c783279b61043e19fbdadd1bee5153a.r2.dev/LULU/2024-06-05/90607-2024-06-05-09-24-33/90607-2024-06-05-09-24-33.pdf%5C90607-2024-06-05-09-24-33.pdf",
        "periodicity": "periodic"
    },
    {
        "equity_ticker": "LULU",
        "geography": "US",
        "content_name": "LULU Q4 2024 Transcript",
        "file_type": "pdf",
        "content_type": "earnings_transcript",
        "published_date": "2024-03-21",
        "fiscal_date": "2024-03-21",
        "fiscal_year": 2024,
        "fiscal_quarter": 4,
        "r2_url": "https://pub-2c783279b61043e19fbdadd1bee5153a.r2.dev/LULU/2024-03-21/lululemon%20athletica%20inc._2024-03-21_transcript/lululemon%20athletica%20inc._2024-03-21_transcript.pdf%5Clululemon%20athletica%20inc._2024-03-21_transcript.pdf",
        "periodicity": "periodic"
    },
    {
        "equity_ticker": "LULU",
        "geography": "US",
        "content_name": "LULU Q4 2024 Press Release",
        "file_type": "pdf",
        "content_type": "earnings_press_release",
        "published_date": "2024-03-21",
        "fiscal_date": "2024-03-21",
        "fiscal_year": 2024,
        "fiscal_quarter": 4,
        "r2_url": "https://pub-2c783279b61043e19fbdadd1bee5153a.r2.dev/LULU/2024-03-21/25671-2024-03-21-08-09-10/25671-2024-03-21-08-09-10.pdf%5C25671-2024-03-21-08-09-10.pdf",
        "periodicity": "periodic"
    },
    {
        "equity_ticker": "LULU",
        "geography": "US",
        "content_name": "LULU Q4 2024 Presentation",
        "file_type": "pdf",
        "content_type": "earnings_presentation",
        "published_date": "2024-03-21",
        "fiscal_date": "2024-03-21",
        "fiscal_year": 2024,
        "fiscal_quarter": 4,
        "r2_url": "https://pub-2c783279b61043e19fbdadd1bee5153a.r2.dev/LULU/2024-03-21/33f65-2024-03-22-07-24-16/33f65-2024-03-22-07-24-16.pdf%5C33f65-2024-03-22-07-24-16.pdf",
        "periodicity": "periodic"
    },
    {
        "equity_ticker": "LULU",
        "geography": "US",
        "content_name": "LULU Q3 2024 Transcript",
        "file_type": "pdf",
        "content_type": "earnings_transcript",
        "published_date": "2023-12-07",
        "fiscal_date": "2023-12-07",
        "fiscal_year": 2024,
        "fiscal_quarter": 3,
        "r2_url": "https://pub-2c783279b61043e19fbdadd1bee5153a.r2.dev/LULU/2023-12-07/lululemon%20athletica%20inc._2023-12-07_transcript/lululemon%20athletica%20inc._2023-12-07_transcript.pdf%5Clululemon%20athletica%20inc._2023-12-07_transcript.pdf",
        "periodicity": "periodic"
    },
    {
        "equity_ticker": "LULU",
        "geography": "US",
        "content_name": "LULU Q3 2024 Press Release",
        "file_type": "pdf",
        "content_type": "earnings_press_release",
        "published_date": "2023-12-07",
        "fiscal_date": "2023-12-07",
        "fiscal_year": 2024,
        "fiscal_quarter": 3,
        "r2_url": "https://pub-2c783279b61043e19fbdadd1bee5153a.r2.dev/LULU/2023-12-07/6272e-2023-12-07-09-23-11/6272e-2023-12-07-09-23-11.pdf%5C6272e-2023-12-07-09-23-11.pdf",
        "periodicity": "periodic"
    },
    {
        "equity_ticker": "LULU",
        "geography": "US",
        "content_name": "LULU Q3 2024 Presentation",
        "file_type": "pdf",
        "content_type": "earnings_presentation",
        "published_date": "2023-12-07",
        "fiscal_date": "2023-12-07",
        "fiscal_year": 2024,
        "fiscal_quarter": 3,
        "r2_url": "https://pub-2c783279b61043e19fbdadd1bee5153a.r2.dev/LULU/2023-12-07/38a6f-2023-12-08-06-11-06/38a6f-2023-12-08-06-11-06.pdf%5C38a6f-2023-12-08-06-11-06.pdf",
        "periodicity": "periodic"
    },
    {
        "equity_ticker": "LULU",
        "geography": "US",
        "content_name": "Goldman Sachs 30th Annual Global Retailing Conference - September 12, 2023",
        "file_type": "pdf",
        "content_type": "sellside_conference_transcript",
        "published_date": "2023-09-12",
        "fiscal_date": "2023-09-12",
        "fiscal_year": null,
        "fiscal_quarter": null,
        "r2_url": "https://pub-2c783279b61043e19fbdadd1bee5153a.r2.dev/LULU/2023-09-12/lululemon%20athletica%20inc._2023-09-12_transcript/lululemon%20athletica%20inc._2023-09-12_transcript.pdf%5Clululemon%20athletica%20inc._2023-09-12_transcript.pdf",
        "periodicity": "non_periodic"
    },
    {
        "equity_ticker": "LULU",
        "geography": "US",
        "content_name": "LULU Q2 2024 Transcript",
        "file_type": "pdf",
        "content_type": "earnings_transcript",
        "published_date": "2023-08-31",
        "fiscal_date": "2023-08-31",
        "fiscal_year": 2024,
        "fiscal_quarter": 2,
        "r2_url": "https://pub-2c783279b61043e19fbdadd1bee5153a.r2.dev/LULU/2023-08-31/lululemon%20athletica%20inc._2023-08-31_transcript/lululemon%20athletica%20inc._2023-08-31_transcript.pdf%5Clululemon%20athletica%20inc._2023-08-31_transcript.pdf",
        "periodicity": "periodic"
    },
    {
        "equity_ticker": "LULU",
        "geography": "US",
        "content_name": "LULU Q2 2024 Press Release",
        "file_type": "pdf",
        "content_type": "earnings_press_release",
        "published_date": "2023-08-31",
        "fiscal_date": "2023-08-31",
        "fiscal_year": 2024,
        "fiscal_quarter": 2,
        "r2_url": "https://pub-2c783279b61043e19fbdadd1bee5153a.r2.dev/LULU/2023-08-31/ffa1a-2023-08-31-08-37-09/ffa1a-2023-08-31-08-37-09.pdf%5Cffa1a-2023-08-31-08-37-09.pdf",
        "periodicity": "periodic"
    },
    {
        "equity_ticker": "LULU",
        "geography": "US",
        "content_name": "LULU Q2 2024 Presentation",
        "file_type": "pdf",
        "content_type": "earnings_presentation",
        "published_date": "2023-08-31",
        "fiscal_date": "2023-08-31",
        "fiscal_year": 2024,
        "fiscal_quarter": 2,
        "r2_url": "https://pub-2c783279b61043e19fbdadd1bee5153a.r2.dev/LULU/2023-08-31/0820c-2023-08-31-08-15-24/0820c-2023-08-31-08-15-24.pdf%5C0820c-2023-08-31-08-15-24.pdf",
        "periodicity": "periodic"
    },
    {
        "equity_ticker": "LULU",
        "geography": "US",
        "content_name": "LULU Q1 2024 Transcript",
        "file_type": "pdf",
        "content_type": "earnings_transcript",
        "published_date": "2023-06-01",
        "fiscal_date": "2023-06-01",
        "fiscal_year": 2024,
        "fiscal_quarter": 1,
        "r2_url": "https://pub-2c783279b61043e19fbdadd1bee5153a.r2.dev/LULU/2023-06-01/lululemon%20athletica%20inc._2023-06-01_transcript/lululemon%20athletica%20inc._2023-06-01_transcript.pdf%5Clululemon%20athletica%20inc._2023-06-01_transcript.pdf",
        "periodicity": "periodic"
    },
    {
        "equity_ticker": "LULU",
        "geography": "US",
        "content_name": "LULU Q1 2024 Press Release",
        "file_type": "pdf",
        "content_type": "earnings_press_release",
        "published_date": "2023-06-01",
        "fiscal_date": "2023-06-01",
        "fiscal_year": 2024,
        "fiscal_quarter": 1,
        "r2_url": "https://pub-2c783279b61043e19fbdadd1bee5153a.r2.dev/LULU/2023-06-01/46fec-2023-06-01-08-17-08/46fec-2023-06-01-08-17-08.pdf%5C46fec-2023-06-01-08-17-08.pdf",
        "periodicity": "periodic"
    },
    {
        "equity_ticker": "LULU",
        "geography": "US",
        "content_name": "LULU Q1 2024 Presentation",
        "file_type": "pdf",
        "content_type": "earnings_presentation",
        "published_date": "2023-06-01",
        "fiscal_date": "2023-06-01",
        "fiscal_year": 2024,
        "fiscal_quarter": 1,
        "r2_url": "https://pub-2c783279b61043e19fbdadd1bee5153a.r2.dev/LULU/2023-06-01/7f1a8-2023-06-01-08-27-41/7f1a8-2023-06-01-08-27-41.pdf%5C7f1a8-2023-06-01-08-27-41.pdf",
        "periodicity": "periodic"
    },
    {
        "equity_ticker": "LULU",
        "geography": "US",
        "content_name": "LULU Q4 2023 Transcript",
        "file_type": "pdf",
        "content_type": "earnings_transcript",
        "published_date": "2023-03-28",
        "fiscal_date": "2023-03-28",
        "fiscal_year": 2023,
        "fiscal_quarter": 4,
        "r2_url": "https://pub-2c783279b61043e19fbdadd1bee5153a.r2.dev/LULU/2023-03-28/lululemon%20athletica%20inc._2023-03-28_transcript/lululemon%20athletica%20inc._2023-03-28_transcript.pdf%5Clululemon%20athletica%20inc._2023-03-28_transcript.pdf",
        "periodicity": "periodic"
    },
    {
        "equity_ticker": "LULU",
        "geography": "US",
        "content_name": "LULU Q4 2023 Press Release",
        "file_type": "pdf",
        "content_type": "earnings_press_release",
        "published_date": "2023-03-28",
        "fiscal_date": "2023-03-28",
        "fiscal_year": 2023,
        "fiscal_quarter": 4,
        "r2_url": "https://pub-2c783279b61043e19fbdadd1bee5153a.r2.dev/LULU/2023-03-28/a2b2c-2023-03-28-08-03-16/a2b2c-2023-03-28-08-03-16.pdf%5Ca2b2c-2023-03-28-08-03-16.pdf",
        "periodicity": "periodic"
    },
    {
        "equity_ticker": "LULU",
        "geography": "US",
        "content_name": "LULU Q4 2023 Presentation",
        "file_type": "pdf",
        "content_type": "earnings_presentation",
        "published_date": "2023-03-28",
        "fiscal_date": "2023-03-28",
        "fiscal_year": 2023,
        "fiscal_quarter": 4,
        "r2_url": "https://pub-2c783279b61043e19fbdadd1bee5153a.r2.dev/LULU/2023-03-28/5fd06-2023-03-30-10-34-42/5fd06-2023-03-30-10-34-42.pdf%5C5fd06-2023-03-30-10-34-42.pdf",
        "periodicity": "periodic"
    },
    {
        "equity_ticker": "LULU",
        "geography": "US",
        "content_name": "LULU Q3 2023 Transcript",
        "file_type": "pdf",
        "content_type": "earnings_transcript",
        "published_date": "2022-12-08",
        "fiscal_date": "2022-12-08",
        "fiscal_year": 2023,
        "fiscal_quarter": 3,
        "r2_url": "https://pub-2c783279b61043e19fbdadd1bee5153a.r2.dev/LULU/2022-12-08/lululemon%20athletica%20inc._2022-12-08_transcript/lululemon%20athletica%20inc._2022-12-08_transcript.pdf%5Clululemon%20athletica%20inc._2022-12-08_transcript.pdf",
        "periodicity": "periodic"
    },
    {
        "equity_ticker": "LULU",
        "geography": "US",
        "content_name": "LULU Q3 2023 Press Release",
        "file_type": "pdf",
        "content_type": "quarterly_report",
        "published_date": "2022-12-08",
        "fiscal_date": "2022-12-08",
        "fiscal_year": 2023,
        "fiscal_quarter": 3,
        "r2_url": "https://pub-2c783279b61043e19fbdadd1bee5153a.r2.dev/LULU/2022-12-08/483e2-2024-08-28-09-45-51/483e2-2024-08-28-09-45-51.pdf%5C483e2-2024-08-28-09-45-51.pdf",
        "periodicity": "periodic"
    },
    {
        "equity_ticker": "LULU",
        "geography": "US",
        "content_name": "LULU Q3 2023 Presentation",
        "file_type": "pdf",
        "content_type": "earnings_presentation",
        "published_date": "2022-12-08",
        "fiscal_date": "2022-12-08",
        "fiscal_year": 2023,
        "fiscal_quarter": 3,
        "r2_url": "https://pub-2c783279b61043e19fbdadd1bee5153a.r2.dev/LULU/2022-12-08/3ee3b-2022-12-08-11-11-17/3ee3b-2022-12-08-11-11-17.pdf%5C3ee3b-2022-12-08-11-11-17.pdf",
        "periodicity": "periodic"
    },
    {
        "equity_ticker": "LULU",
        "geography": "US",
        "content_name": "LULU Q2 2023 Transcript",
        "file_type": "pdf",
        "content_type": "earnings_transcript",
        "published_date": "2022-09-01",
        "fiscal_date": "2022-09-01",
        "fiscal_year": 2023,
        "fiscal_quarter": 2,
        "r2_url": "https://pub-2c783279b61043e19fbdadd1bee5153a.r2.dev/LULU/2022-09-01/lululemon%20athletica%20inc._2022-09-01_transcript/lululemon%20athletica%20inc._2022-09-01_transcript.pdf%5Clululemon%20athletica%20inc._2022-09-01_transcript.pdf",
        "periodicity": "periodic"
    },
    {
        "equity_ticker": "LULU",
        "geography": "US",
        "content_name": "LULU Q2 2023 Press Release",
        "file_type": "pdf",
        "content_type": "earnings_press_release",
        "published_date": "2022-09-01",
        "fiscal_date": "2022-09-01",
        "fiscal_year": 2023,
        "fiscal_quarter": 2,
        "r2_url": "https://pub-2c783279b61043e19fbdadd1bee5153a.r2.dev/LULU/2022-09-01/b1291-2022-09-01-08-15-28/b1291-2022-09-01-08-15-28.pdf%5Cb1291-2022-09-01-08-15-28.pdf",
        "periodicity": "periodic"
    },
    {
        "equity_ticker": "LULU",
        "geography": "US",
        "content_name": "LULU Q2 2023 Presentation",
        "file_type": "pdf",
        "content_type": "earnings_presentation",
        "published_date": "2022-09-01",
        "fiscal_date": "2022-09-01",
        "fiscal_year": 2023,
        "fiscal_quarter": 2,
        "r2_url": "https://pub-2c783279b61043e19fbdadd1bee5153a.r2.dev/LULU/2022-09-01/9045c-2023-02-19-07-17-32/9045c-2023-02-19-07-17-32.pdf%5C9045c-2023-02-19-07-17-32.pdf",
        "periodicity": "periodic"
    },
    {
        "equity_ticker": "LULU",
        "geography": "US",
        "content_name": "LULU Q1 2023 Transcript",
        "file_type": "pdf",
        "content_type": "earnings_transcript",
        "published_date": "2022-06-02",
        "fiscal_date": "2022-06-02",
        "fiscal_year": 2023,
        "fiscal_quarter": 1,
        "r2_url": "https://pub-2c783279b61043e19fbdadd1bee5153a.r2.dev/LULU/2022-06-02/lululemon%20athletica%20inc._2022-06-02_transcript/lululemon%20athletica%20inc._2022-06-02_transcript.pdf%5Clululemon%20athletica%20inc._2022-06-02_transcript.pdf",
        "periodicity": "periodic"
    },
    {
        "equity_ticker": "LULU",
        "geography": "US",
        "content_name": "LULU Q1 2023 Press Release",
        "file_type": "pdf",
        "content_type": "earnings_press_release",
        "published_date": "2022-06-02",
        "fiscal_date": "2022-06-02",
        "fiscal_year": 2023,
        "fiscal_quarter": 1,
        "r2_url": "https://pub-2c783279b61043e19fbdadd1bee5153a.r2.dev/LULU/2022-06-02/91669-2022-06-02-08-11-07/91669-2022-06-02-08-11-07.pdf%5C91669-2022-06-02-08-11-07.pdf",
        "periodicity": "periodic"
    },
    {
        "equity_ticker": "LULU",
        "geography": "US",
        "content_name": "LULU Q1 2023 Presentation",
        "file_type": "pdf",
        "content_type": "earnings_presentation",
        "published_date": "2022-06-02",
        "fiscal_date": "2022-06-02",
        "fiscal_year": 2023,
        "fiscal_quarter": 1,
        "r2_url": "https://pub-2c783279b61043e19fbdadd1bee5153a.r2.dev/LULU/2022-06-02/73a98-2023-02-19-07-34-32/73a98-2023-02-19-07-34-32.pdf%5C73a98-2023-02-19-07-34-32.pdf",
        "periodicity": "periodic"
    },
    {
        "equity_ticker": "LULU",
        "geography": "US",
        "content_name": "Analyst Day 2022 - April 20, 2022",
        "file_type": "pdf",
        "content_type": "company_conference_transcript",
        "published_date": "2022-04-20",
        "fiscal_date": "2022-04-20",
        "fiscal_year": null,
        "fiscal_quarter": null,
        "r2_url": "https://pub-2c783279b61043e19fbdadd1bee5153a.r2.dev/LULU/2022-04-20/lululemon%20athletica%20inc._2022-04-20_transcript/lululemon%20athletica%20inc._2022-04-20_transcript.pdf%5Clululemon%20athletica%20inc._2022-04-20_transcript.pdf",
        "periodicity": "non_periodic"
    },
    {
        "equity_ticker": "LULU",
        "geography": "US",
        "content_name": "Analyst Day 2022 - April 20, 2022",
        "file_type": "pdf",
        "content_type": "company_conference_press_release",
        "published_date": "2022-04-20",
        "fiscal_date": "2022-04-20",
        "fiscal_year": null,
        "fiscal_quarter": null,
        "r2_url": "https://pub-2c783279b61043e19fbdadd1bee5153a.r2.dev/LULU/2022-04-20/e7ee0-2023-01-25-12-49-58/e7ee0-2023-01-25-12-49-58.pdf%5Ce7ee0-2023-01-25-12-49-58.pdf",
        "periodicity": "non_periodic"
    },
    {
        "equity_ticker": "LULU",
        "geography": "US",
        "content_name": "LULU Q4 2022 Transcript",
        "file_type": "pdf",
        "content_type": "earnings_transcript",
        "published_date": "2022-03-29",
        "fiscal_date": "2022-03-29",
        "fiscal_year": 2022,
        "fiscal_quarter": 4,
        "r2_url": "https://pub-2c783279b61043e19fbdadd1bee5153a.r2.dev/LULU/2022-03-29/lululemon%20athletica%20inc._2022-03-29_transcript/lululemon%20athletica%20inc._2022-03-29_transcript.pdf%5Clululemon%20athletica%20inc._2022-03-29_transcript.pdf",
        "periodicity": "periodic"
    },
    {
        "equity_ticker": "LULU",
        "geography": "US",
        "content_name": "LULU Q4 2022 Press Release",
        "file_type": "pdf",
        "content_type": "earnings_press_release",
        "published_date": "2022-03-29",
        "fiscal_date": "2022-03-29",
        "fiscal_year": 2022,
        "fiscal_quarter": 4,
        "r2_url": "https://pub-2c783279b61043e19fbdadd1bee5153a.r2.dev/LULU/2022-03-29/93328-2023-01-25-12-52-53/93328-2023-01-25-12-52-53.pdf%5C93328-2023-01-25-12-52-53.pdf",
        "periodicity": "periodic"
    },
    {
        "equity_ticker": "LULU",
        "geography": "US",
        "content_name": "LULU Q4 2022 Presentation",
        "file_type": "pdf",
        "content_type": "earnings_presentation",
        "published_date": "2022-03-29",
        "fiscal_date": "2022-03-29",
        "fiscal_year": 2022,
        "fiscal_quarter": 4,
        "r2_url": "https://pub-2c783279b61043e19fbdadd1bee5153a.r2.dev/LULU/2022-03-29/60a41-2023-02-19-07-05-33/60a41-2023-02-19-07-05-33.pdf%5C60a41-2023-02-19-07-05-33.pdf",
        "periodicity": "periodic"
    },
    {
        "equity_ticker": "LULU",
        "geography": "US",
        "content_name": "LULU Q3 2022 Transcript",
        "file_type": "pdf",
        "content_type": "earnings_transcript",
        "published_date": "2021-12-09",
        "fiscal_date": "2021-12-09",
        "fiscal_year": 2022,
        "fiscal_quarter": 3,
        "r2_url": "https://pub-2c783279b61043e19fbdadd1bee5153a.r2.dev/LULU/2021-12-09/lululemon%20athletica%20inc._2021-12-09_transcript/lululemon%20athletica%20inc._2021-12-09_transcript.pdf%5Clululemon%20athletica%20inc._2021-12-09_transcript.pdf",
        "periodicity": "periodic"
    },
    {
        "equity_ticker": "LULU",
        "geography": "US",
        "content_name": "LULU Q3 2022 Press Release",
        "file_type": "pdf",
        "content_type": "quarterly_report",
        "published_date": "2021-12-09",
        "fiscal_date": "2021-12-09",
        "fiscal_year": 2022,
        "fiscal_quarter": 3,
        "r2_url": "https://pub-2c783279b61043e19fbdadd1bee5153a.r2.dev/LULU/2021-12-09/52d82-2024-08-28-09-18-52/52d82-2024-08-28-09-18-52.pdf%5C52d82-2024-08-28-09-18-52.pdf",
        "periodicity": "periodic"
    },
    {
        "equity_ticker": "LULU",
        "geography": "US",
        "content_name": "LULU Q3 2022 Presentation",
        "file_type": "pdf",
        "content_type": "earnings_presentation",
        "published_date": "2021-12-09",
        "fiscal_date": "2021-12-09",
        "fiscal_year": 2022,
        "fiscal_quarter": 3,
        "r2_url": "https://pub-2c783279b61043e19fbdadd1bee5153a.r2.dev/LULU/2021-12-09/8591c-2021-12-09-12-00-00-migrated/8591c-2021-12-09-12-00-00-migrated.pdf%5C8591c-2021-12-09-12-00-00-migrated.pdf",
        "periodicity": "periodic"
    },
    {
        "equity_ticker": "LULU",
        "geography": "US",
        "content_name": "LULU Q2 2022 Transcript",
        "file_type": "pdf",
        "content_type": "earnings_transcript",
        "published_date": "2021-09-08",
        "fiscal_date": "2021-09-08",
        "fiscal_year": 2022,
        "fiscal_quarter": 2,
        "r2_url": "https://pub-2c783279b61043e19fbdadd1bee5153a.r2.dev/LULU/2021-09-08/lululemon%20athletica%20inc._2021-09-08_transcript/lululemon%20athletica%20inc._2021-09-08_transcript.pdf%5Clululemon%20athletica%20inc._2021-09-08_transcript.pdf",
        "periodicity": "periodic"
    },
    {
        "equity_ticker": "LULU",
        "geography": "US",
        "content_name": "LULU Q2 2022 Press Release",
        "file_type": "pdf",
        "content_type": "quarterly_report",
        "published_date": "2021-09-08",
        "fiscal_date": "2021-09-08",
        "fiscal_year": 2022,
        "fiscal_quarter": 2,
        "r2_url": "https://pub-2c783279b61043e19fbdadd1bee5153a.r2.dev/LULU/2021-09-08/e7777-2024-08-28-09-31-52/e7777-2024-08-28-09-31-52.pdf%5Ce7777-2024-08-28-09-31-52.pdf",
        "periodicity": "periodic"
    },
    {
        "equity_ticker": "LULU",
        "geography": "US",
        "content_name": "LULU Q2 2022 Presentation",
        "file_type": "pdf",
        "content_type": "earnings_presentation",
        "published_date": "2021-09-08",
        "fiscal_date": "2021-09-08",
        "fiscal_year": 2022,
        "fiscal_quarter": 2,
        "r2_url": "https://pub-2c783279b61043e19fbdadd1bee5153a.r2.dev/LULU/2021-09-08/a19b9-2021-09-08-12-00-00-migrated/a19b9-2021-09-08-12-00-00-migrated.pdf%5Ca19b9-2021-09-08-12-00-00-migrated.pdf",
        "periodicity": "periodic"
    },
    {
        "equity_ticker": "LULU",
        "geography": "US",
        "content_name": "LULU Q1 2022 Transcript",
        "file_type": "pdf",
        "content_type": "earnings_transcript",
        "published_date": "2021-06-03",
        "fiscal_date": "2021-06-03",
        "fiscal_year": 2022,
        "fiscal_quarter": 1,
        "r2_url": "https://pub-2c783279b61043e19fbdadd1bee5153a.r2.dev/LULU/2021-06-03/lululemon%20athletica%20inc._2021-06-03_transcript/lululemon%20athletica%20inc._2021-06-03_transcript.pdf%5Clululemon%20athletica%20inc._2021-06-03_transcript.pdf",
        "periodicity": "periodic"
    },
    {
        "equity_ticker": "LULU",
        "geography": "US",
        "content_name": "LULU Q1 2022 Press Release",
        "file_type": "pdf",
        "content_type": "quarterly_report",
        "published_date": "2021-06-03",
        "fiscal_date": "2021-06-03",
        "fiscal_year": 2022,
        "fiscal_quarter": 1,
        "r2_url": "https://pub-2c783279b61043e19fbdadd1bee5153a.r2.dev/LULU/2021-06-03/a75e8-2024-08-28-09-38-52/a75e8-2024-08-28-09-38-52.pdf%5Ca75e8-2024-08-28-09-38-52.pdf",
        "periodicity": "periodic"
    },
    {
        "equity_ticker": "LULU",
        "geography": "US",
        "content_name": "LULU Q1 2022 Presentation",
        "file_type": "pdf",
        "content_type": "earnings_presentation",
        "published_date": "2021-06-03",
        "fiscal_date": "2021-06-03",
        "fiscal_year": 2022,
        "fiscal_quarter": 1,
        "r2_url": "https://pub-2c783279b61043e19fbdadd1bee5153a.r2.dev/LULU/2021-06-03/970df-2021-06-03-08-00-00-migrated/970df-2021-06-03-08-00-00-migrated.pdf%5C970df-2021-06-03-08-00-00-migrated.pdf",
        "periodicity": "periodic"
    },
    {
        "equity_ticker": "LULU",
        "geography": "US",
        "content_name": "LULU Q4 2021 Transcript",
        "file_type": "pdf",
        "content_type": "earnings_transcript",
        "published_date": "2021-03-30",
        "fiscal_date": "2021-03-30",
        "fiscal_year": 2021,
        "fiscal_quarter": 4,
        "r2_url": "https://pub-2c783279b61043e19fbdadd1bee5153a.r2.dev/LULU/2021-03-30/lululemon%20athletica%20inc._2021-03-30_transcript/lululemon%20athletica%20inc._2021-03-30_transcript.pdf%5Clululemon%20athletica%20inc._2021-03-30_transcript.pdf",
        "periodicity": "periodic"
    },
    {
        "equity_ticker": "LULU",
        "geography": "US",
        "content_name": "LULU Q4 2021 Press Release",
        "file_type": "pdf",
        "content_type": "earnings_press_release",
        "published_date": "2021-03-30",
        "fiscal_date": "2021-03-30",
        "fiscal_year": 2021,
        "fiscal_quarter": 4,
        "r2_url": "https://pub-2c783279b61043e19fbdadd1bee5153a.r2.dev/LULU/2021-03-30/b9e90-2023-01-25-09-42-07/b9e90-2023-01-25-09-42-07.pdf%5Cb9e90-2023-01-25-09-42-07.pdf",
        "periodicity": "periodic"
    },
    {
        "equity_ticker": "LULU",
        "geography": "US",
        "content_name": "LULU Q4 2021 Presentation",
        "file_type": "pdf",
        "content_type": "earnings_presentation",
        "published_date": "2021-03-30",
        "fiscal_date": "2021-03-30",
        "fiscal_year": 2021,
        "fiscal_quarter": 4,
        "r2_url": "https://pub-2c783279b61043e19fbdadd1bee5153a.r2.dev/LULU/2021-03-30/5ee41-2021-03-30-01-00-47-migrated/5ee41-2021-03-30-01-00-47-migrated.pdf%5C5ee41-2021-03-30-01-00-47-migrated.pdf",
        "periodicity": "periodic"
    },
    {
        "equity_ticker": "LULU",
        "geography": "US",
        "content_name": "LULU Q3 2021 Transcript",
        "file_type": "pdf",
        "content_type": "earnings_transcript",
        "published_date": "2020-12-10",
        "fiscal_date": "2020-12-10",
        "fiscal_year": 2021,
        "fiscal_quarter": 3,
        "r2_url": "https://pub-2c783279b61043e19fbdadd1bee5153a.r2.dev/LULU/2020-12-10/lululemon%20athletica%20inc._2020-12-10_transcript/lululemon%20athletica%20inc._2020-12-10_transcript.pdf%5Clululemon%20athletica%20inc._2020-12-10_transcript.pdf",
        "periodicity": "periodic"
    },
    {
        "equity_ticker": "LULU",
        "geography": "US",
        "content_name": "LULU Q3 2021 Press Release",
        "file_type": "pdf",
        "content_type": "quarterly_report",
        "published_date": "2020-12-10",
        "fiscal_date": "2020-12-10",
        "fiscal_year": 2021,
        "fiscal_quarter": 3,
        "r2_url": "https://pub-2c783279b61043e19fbdadd1bee5153a.r2.dev/LULU/2020-12-10/db36d-2024-08-28-09-41-52/db36d-2024-08-28-09-41-52.pdf%5Cdb36d-2024-08-28-09-41-52.pdf",
        "periodicity": "periodic"
    },
    {
        "equity_ticker": "LULU",
        "geography": "US",
        "content_name": "LULU Q3 2021 Presentation",
        "file_type": "pdf",
        "content_type": "earnings_presentation",
        "published_date": "2020-12-10",
        "fiscal_date": "2020-12-10",
        "fiscal_year": 2021,
        "fiscal_quarter": 3,
        "r2_url": "https://pub-2c783279b61043e19fbdadd1bee5153a.r2.dev/LULU/2020-12-10/530a1-2023-02-19-07-46-34/530a1-2023-02-19-07-46-34.pdf%5C530a1-2023-02-19-07-46-34.pdf",
        "periodicity": "periodic"
    },
    {
        "equity_ticker": "LULU",
        "geography": "US",
        "content_name": "LULU Q2 2021 Transcript",
        "file_type": "pdf",
        "content_type": "earnings_transcript",
        "published_date": "2020-09-08",
        "fiscal_date": "2020-09-08",
        "fiscal_year": 2021,
        "fiscal_quarter": 2,
        "r2_url": "https://pub-2c783279b61043e19fbdadd1bee5153a.r2.dev/LULU/2020-09-08/lululemon%20athletica%20inc._2020-09-08_transcript/lululemon%20athletica%20inc._2020-09-08_transcript.pdf%5Clululemon%20athletica%20inc._2020-09-08_transcript.pdf",
        "periodicity": "periodic"
    },
    {
        "equity_ticker": "LULU",
        "geography": "US",
        "content_name": "LULU Q2 2021 Press Release",
        "file_type": "pdf",
        "content_type": "quarterly_report",
        "published_date": "2020-09-08",
        "fiscal_date": "2020-09-08",
        "fiscal_year": 2021,
        "fiscal_quarter": 2,
        "r2_url": "https://pub-2c783279b61043e19fbdadd1bee5153a.r2.dev/LULU/2020-09-08/ec9c1-2024-08-28-09-53-52/ec9c1-2024-08-28-09-53-52.pdf%5Cec9c1-2024-08-28-09-53-52.pdf",
        "periodicity": "periodic"
    },
    {
        "equity_ticker": "LULU",
        "geography": "US",
        "content_name": "LULU Q2 2021 Presentation",
        "file_type": "pdf",
        "content_type": "earnings_presentation",
        "published_date": "2020-09-08",
        "fiscal_date": "2020-09-08",
        "fiscal_year": 2021,
        "fiscal_quarter": 2,
        "r2_url": "https://pub-2c783279b61043e19fbdadd1bee5153a.r2.dev/LULU/2020-09-08/43c9d-2022-07-06-09-44-35/43c9d-2022-07-06-09-44-35.pdf%5C43c9d-2022-07-06-09-44-35.pdf",
        "periodicity": "periodic"
    },
    {
        "equity_ticker": "LULU",
        "geography": "US",
        "content_name": "M&A Announcement - June 29, 2020",
        "file_type": "pdf",
        "content_type": "company_conference_transcript",
        "published_date": "2020-06-29",
        "fiscal_date": "2020-06-29",
        "fiscal_year": null,
        "fiscal_quarter": null,
        "r2_url": "https://pub-2c783279b61043e19fbdadd1bee5153a.r2.dev/LULU/2020-06-29/lululemon%20athletica%20inc._2020-06-29_transcript/lululemon%20athletica%20inc._2020-06-29_transcript.pdf%5Clululemon%20athletica%20inc._2020-06-29_transcript.pdf",
        "periodicity": "non_periodic"
    },
    {
        "equity_ticker": "LULU",
        "geography": "US",
        "content_name": "M&A Announcement - June 29, 2020",
        "file_type": "pdf",
        "content_type": "company_conference_press_release",
        "published_date": "2020-06-29",
        "fiscal_date": "2020-06-29",
        "fiscal_year": null,
        "fiscal_quarter": null,
        "r2_url": "https://pub-2c783279b61043e19fbdadd1bee5153a.r2.dev/LULU/2020-06-29/50819-2023-10-06-12-31-14/50819-2023-10-06-12-31-14.pdf%5C50819-2023-10-06-12-31-14.pdf",
        "periodicity": "non_periodic"
    },
    {
        "equity_ticker": "LULU",
        "geography": "US",
        "content_name": "LULU Q1 2021 Transcript",
        "file_type": "pdf",
        "content_type": "earnings_transcript",
        "published_date": "2020-06-11",
        "fiscal_date": "2020-06-11",
        "fiscal_year": 2021,
        "fiscal_quarter": 1,
        "r2_url": "https://pub-2c783279b61043e19fbdadd1bee5153a.r2.dev/LULU/2020-06-11/lululemon%20athletica%20inc._2020-06-11_transcript/lululemon%20athletica%20inc._2020-06-11_transcript.pdf%5Clululemon%20athletica%20inc._2020-06-11_transcript.pdf",
        "periodicity": "periodic"
    },
    {
        "equity_ticker": "LULU",
        "geography": "US",
        "content_name": "LULU Q1 2021 Press Release",
        "file_type": "pdf",
        "content_type": "quarterly_report",
        "published_date": "2020-06-11",
        "fiscal_date": "2020-06-11",
        "fiscal_year": 2021,
        "fiscal_quarter": 1,
        "r2_url": "https://pub-2c783279b61043e19fbdadd1bee5153a.r2.dev/LULU/2020-06-11/d27d0-2024-08-28-09-04-53/d27d0-2024-08-28-09-04-53.pdf%5Cd27d0-2024-08-28-09-04-53.pdf",
        "periodicity": "periodic"
    },
    {
        "equity_ticker": "LULU",
        "geography": "US",
        "content_name": "LULU Q1 2021 Presentation",
        "file_type": "pdf",
        "content_type": "earnings_presentation",
        "published_date": "2020-06-11",
        "fiscal_date": "2020-06-11",
        "fiscal_year": 2021,
        "fiscal_quarter": 1,
        "r2_url": "https://pub-2c783279b61043e19fbdadd1bee5153a.r2.dev/LULU/2020-06-11/e4f31-2023-02-19-07-03-35/e4f31-2023-02-19-07-03-35.pdf%5Ce4f31-2023-02-19-07-03-35.pdf",
        "periodicity": "periodic"
    },
    {
        "equity_ticker": "LULU",
        "geography": "US",
        "content_name": "LULU Q4 2020 Transcript",
        "file_type": "pdf",
        "content_type": "earnings_transcript",
        "published_date": "2020-03-26",
        "fiscal_date": "2020-03-26",
        "fiscal_year": 2020,
        "fiscal_quarter": 4,
        "r2_url": "https://pub-2c783279b61043e19fbdadd1bee5153a.r2.dev/LULU/2020-03-26/lululemon%20athletica%20inc._2020-03-26_transcript/lululemon%20athletica%20inc._2020-03-26_transcript.pdf%5Clululemon%20athletica%20inc._2020-03-26_transcript.pdf",
        "periodicity": "periodic"
    },
    {
        "equity_ticker": "LULU",
        "geography": "US",
        "content_name": "LULU Q4 2020 Press Release",
        "file_type": "pdf",
        "content_type": "earnings_press_release",
        "published_date": "2020-03-26",
        "fiscal_date": "2020-03-26",
        "fiscal_year": 2020,
        "fiscal_quarter": 4,
        "r2_url": "https://pub-2c783279b61043e19fbdadd1bee5153a.r2.dev/LULU/2020-03-26/2e3d2-2025-03-03-10-18-50/2e3d2-2025-03-03-10-18-50.pdf%5C2e3d2-2025-03-03-10-18-50.pdf",
        "periodicity": "periodic"
    },
    {
        "equity_ticker": "LULU",
        "geography": "US",
        "content_name": "LULU Q4 2020 Presentation",
        "file_type": "pdf",
        "content_type": "earnings_presentation",
        "published_date": "2020-03-26",
        "fiscal_date": "2020-03-26",
        "fiscal_year": 2020,
        "fiscal_quarter": 4,
        "r2_url": "https://pub-2c783279b61043e19fbdadd1bee5153a.r2.dev/LULU/2020-03-26/c3473-2022-07-06-09-10-38/c3473-2022-07-06-09-10-38.pdf%5Cc3473-2022-07-06-09-10-38.pdf",
        "periodicity": "periodic"
    },
    {
        "equity_ticker": "LULU",
        "geography": "US",
        "content_name": "LULU Q3 2020 Transcript",
        "file_type": "pdf",
        "content_type": "earnings_transcript",
        "published_date": "2019-12-11",
        "fiscal_date": "2019-12-11",
        "fiscal_year": 2020,
        "fiscal_quarter": 3,
        "r2_url": "https://pub-2c783279b61043e19fbdadd1bee5153a.r2.dev/LULU/2019-12-11/lululemon%20athletica%20inc._2019-12-11_transcript/lululemon%20athletica%20inc._2019-12-11_transcript.pdf%5Clululemon%20athletica%20inc._2019-12-11_transcript.pdf",
        "periodicity": "periodic"
    },
    {
        "equity_ticker": "LULU",
        "geography": "US",
        "content_name": "LULU Q3 2020 Press Release",
        "file_type": "pdf",
        "content_type": "quarterly_report",
        "published_date": "2019-12-11",
        "fiscal_date": "2019-12-11",
        "fiscal_year": 2020,
        "fiscal_quarter": 3,
        "r2_url": "https://pub-2c783279b61043e19fbdadd1bee5153a.r2.dev/LULU/2019-12-11/14438-2024-08-28-09-14-53/14438-2024-08-28-09-14-53.pdf%5C14438-2024-08-28-09-14-53.pdf",
        "periodicity": "periodic"
    },
    {
        "equity_ticker": "LULU",
        "geography": "US",
        "content_name": "LULU Q3 2020 Presentation",
        "file_type": "pdf",
        "content_type": "earnings_presentation",
        "published_date": "2019-12-11",
        "fiscal_date": "2019-12-11",
        "fiscal_year": 2020,
        "fiscal_quarter": 3,
        "r2_url": "https://pub-2c783279b61043e19fbdadd1bee5153a.r2.dev/LULU/2019-12-11/f6870-2023-02-19-07-58-35/f6870-2023-02-19-07-58-35.pdf%5Cf6870-2023-02-19-07-58-35.pdf",
        "periodicity": "periodic"
    },
    {
        "equity_ticker": "LULU",
        "geography": "US",
        "content_name": "LULU Q2 2020 Transcript",
        "file_type": "pdf",
        "content_type": "earnings_transcript",
        "published_date": "2019-09-05",
        "fiscal_date": "2019-09-05",
        "fiscal_year": 2020,
        "fiscal_quarter": 2,
        "r2_url": "https://pub-2c783279b61043e19fbdadd1bee5153a.r2.dev/LULU/2019-09-05/lululemon%20athletica%20inc._2019-09-05_transcript/lululemon%20athletica%20inc._2019-09-05_transcript.pdf%5Clululemon%20athletica%20inc._2019-09-05_transcript.pdf",
        "periodicity": "periodic"
    },
    {
        "equity_ticker": "LULU",
        "geography": "US",
        "content_name": "LULU Q2 2020 Press Release",
        "file_type": "pdf",
        "content_type": "quarterly_report",
        "published_date": "2019-09-05",
        "fiscal_date": "2019-09-05",
        "fiscal_year": 2020,
        "fiscal_quarter": 2,
        "r2_url": "https://pub-2c783279b61043e19fbdadd1bee5153a.r2.dev/LULU/2019-09-05/82d6b-2024-08-28-09-31-53/82d6b-2024-08-28-09-31-53.pdf%5C82d6b-2024-08-28-09-31-53.pdf",
        "periodicity": "periodic"
    },
    {
        "equity_ticker": "LULU",
        "geography": "US",
        "content_name": "LULU Q2 2020 Presentation",
        "file_type": "pdf",
        "content_type": "earnings_presentation",
        "published_date": "2019-09-05",
        "fiscal_date": "2019-09-05",
        "fiscal_year": 2020,
        "fiscal_quarter": 2,
        "r2_url": "https://pub-2c783279b61043e19fbdadd1bee5153a.r2.dev/LULU/2019-09-05/e852b-2023-02-19-07-15-36/e852b-2023-02-19-07-15-36.pdf%5Ce852b-2023-02-19-07-15-36.pdf",
        "periodicity": "periodic"
    },
    {
        "equity_ticker": "LULU",
        "geography": "US",
        "content_name": "LULU Q1 2020 Transcript",
        "file_type": "pdf",
        "content_type": "earnings_transcript",
        "published_date": "2019-06-12",
        "fiscal_date": "2019-06-12",
        "fiscal_year": 2020,
        "fiscal_quarter": 1,
        "r2_url": "https://pub-2c783279b61043e19fbdadd1bee5153a.r2.dev/LULU/2019-06-12/lululemon%20athletica%20inc._2019-06-12_transcript/lululemon%20athletica%20inc._2019-06-12_transcript.pdf%5Clululemon%20athletica%20inc._2019-06-12_transcript.pdf",
        "periodicity": "periodic"
    },
    {
        "equity_ticker": "LULU",
        "geography": "US",
        "content_name": "LULU Q1 2020 Press Release",
        "file_type": "pdf",
        "content_type": "quarterly_report",
        "published_date": "2019-06-12",
        "fiscal_date": "2019-06-12",
        "fiscal_year": 2020,
        "fiscal_quarter": 1,
        "r2_url": "https://pub-2c783279b61043e19fbdadd1bee5153a.r2.dev/LULU/2019-06-12/79568-2024-08-28-09-41-53/79568-2024-08-28-09-41-53.pdf%5C79568-2024-08-28-09-41-53.pdf",
        "periodicity": "periodic"
    },
    {
        "equity_ticker": "LULU",
        "geography": "US",
        "content_name": "LULU Q1 2020 Presentation",
        "file_type": "pdf",
        "content_type": "earnings_presentation",
        "published_date": "2019-06-12",
        "fiscal_date": "2019-06-12",
        "fiscal_year": 2020,
        "fiscal_quarter": 1,
        "r2_url": "https://pub-2c783279b61043e19fbdadd1bee5153a.r2.dev/LULU/2019-06-12/3641b-2023-02-19-07-32-36/3641b-2023-02-19-07-32-36.pdf%5C3641b-2023-02-19-07-32-36.pdf",
        "periodicity": "periodic"
    },
    {
        "equity_ticker": "LULU",
        "geography": "US",
        "content_name": "Analyst Day 2019 - April 24, 2019",
        "file_type": "pdf",
        "content_type": "company_conference_transcript",
        "published_date": "2019-04-24",
        "fiscal_date": "2019-04-24",
        "fiscal_year": null,
        "fiscal_quarter": null,
        "r2_url": "https://pub-2c783279b61043e19fbdadd1bee5153a.r2.dev/LULU/2019-04-24/lululemon%20athletica%20inc._2019-04-24_transcript/lululemon%20athletica%20inc._2019-04-24_transcript.pdf%5Clululemon%20athletica%20inc._2019-04-24_transcript.pdf",
        "periodicity": "non_periodic"
    },
    {
        "equity_ticker": "LULU",
        "geography": "US",
        "content_name": "Analyst Day 2019 - April 24, 2019",
        "file_type": "pdf",
        "content_type": "company_conference_press_release",
        "published_date": "2019-04-24",
        "fiscal_date": "2019-04-24",
        "fiscal_year": null,
        "fiscal_quarter": null,
        "r2_url": "https://pub-2c783279b61043e19fbdadd1bee5153a.r2.dev/LULU/2019-04-24/c2659-2023-10-06-12-02-27/c2659-2023-10-06-12-02-27.pdf%5Cc2659-2023-10-06-12-02-27.pdf",
        "periodicity": "non_periodic"
    },
    {
        "equity_ticker": "LULU",
        "geography": "US",
        "content_name": "LULU Q4 2019 Transcript",
        "file_type": "pdf",
        "content_type": "earnings_transcript",
        "published_date": "2019-03-27",
        "fiscal_date": "2019-03-27",
        "fiscal_year": 2019,
        "fiscal_quarter": 4,
        "r2_url": "https://pub-2c783279b61043e19fbdadd1bee5153a.r2.dev/LULU/2019-03-27/lululemon%20athletica%20inc._2019-03-27_transcript/lululemon%20athletica%20inc._2019-03-27_transcript.pdf%5Clululemon%20athletica%20inc._2019-03-27_transcript.pdf",
        "periodicity": "periodic"
    },
    {
        "equity_ticker": "LULU",
        "geography": "US",
        "content_name": "LULU Q4 2019 Press Release",
        "file_type": "pdf",
        "content_type": "earnings_press_release",
        "published_date": "2019-03-27",
        "fiscal_date": "2019-03-27",
        "fiscal_year": 2019,
        "fiscal_quarter": 4,
        "r2_url": "https://pub-2c783279b61043e19fbdadd1bee5153a.r2.dev/LULU/2019-03-27/4cb7b-2024-09-11-10-12-18/4cb7b-2024-09-11-10-12-18.pdf%5C4cb7b-2024-09-11-10-12-18.pdf",
        "periodicity": "periodic"
    },
    {
        "equity_ticker": "LULU",
        "geography": "US",
        "content_name": "LULU Q4 2019 Presentation",
        "file_type": "pdf",
        "content_type": "earnings_presentation",
        "published_date": "2019-03-27",
        "fiscal_date": "2019-03-27",
        "fiscal_year": 2019,
        "fiscal_quarter": 4,
        "r2_url": "https://pub-2c783279b61043e19fbdadd1bee5153a.r2.dev/LULU/2019-03-27/c3329-2024-09-11-10-11-43/c3329-2024-09-11-10-11-43.pdf%5Cc3329-2024-09-11-10-11-43.pdf",
        "periodicity": "periodic"
    },
    {
        "equity_ticker": "LULU",
        "geography": "US",
        "content_name": "LULU Q3 2019 Transcript",
        "file_type": "pdf",
        "content_type": "earnings_transcript",
        "published_date": "2018-12-06",
        "fiscal_date": "2018-12-06",
        "fiscal_year": 2019,
        "fiscal_quarter": 3,
        "r2_url": "https://pub-2c783279b61043e19fbdadd1bee5153a.r2.dev/LULU/2018-12-06/lululemon%20athletica%20inc._2018-12-06_transcript/lululemon%20athletica%20inc._2018-12-06_transcript.pdf%5Clululemon%20athletica%20inc._2018-12-06_transcript.pdf",
        "periodicity": "periodic"
    },
    {
        "equity_ticker": "LULU",
        "geography": "US",
        "content_name": "LULU Q3 2019 Press Release",
        "file_type": "pdf",
        "content_type": "earnings_press_release",
        "published_date": "2018-12-06",
        "fiscal_date": "2018-12-06",
        "fiscal_year": 2019,
        "fiscal_quarter": 3,
        "r2_url": "https://pub-2c783279b61043e19fbdadd1bee5153a.r2.dev/LULU/2018-12-06/3b7f0-2024-09-11-10-08-19/3b7f0-2024-09-11-10-08-19.pdf%5C3b7f0-2024-09-11-10-08-19.pdf",
        "periodicity": "periodic"
    },
    {
        "equity_ticker": "LULU",
        "geography": "US",
        "content_name": "LULU Q3 2019 Presentation",
        "file_type": "pdf",
        "content_type": "earnings_presentation",
        "published_date": "2018-12-06",
        "fiscal_date": "2018-12-06",
        "fiscal_year": 2019,
        "fiscal_quarter": 3,
        "r2_url": "https://pub-2c783279b61043e19fbdadd1bee5153a.r2.dev/LULU/2018-12-06/036c8-2024-09-11-10-32-43/036c8-2024-09-11-10-32-43.pdf%5C036c8-2024-09-11-10-32-43.pdf",
        "periodicity": "periodic"
    },
    {
        "equity_ticker": "LULU",
        "geography": "US",
        "content_name": "LULU Q2 2019 Transcript",
        "file_type": "pdf",
        "content_type": "earnings_transcript",
        "published_date": "2018-08-30",
        "fiscal_date": "2018-08-30",
        "fiscal_year": 2019,
        "fiscal_quarter": 2,
        "r2_url": "https://pub-2c783279b61043e19fbdadd1bee5153a.r2.dev/LULU/2018-08-30/lululemon%20athletica%20inc._2018-08-30_transcript/lululemon%20athletica%20inc._2018-08-30_transcript.pdf%5Clululemon%20athletica%20inc._2018-08-30_transcript.pdf",
        "periodicity": "periodic"
    },
    {
        "equity_ticker": "LULU",
        "geography": "US",
        "content_name": "LULU Q2 2019 Press Release",
        "file_type": "pdf",
        "content_type": "earnings_press_release",
        "published_date": "2018-08-30",
        "fiscal_date": "2018-08-30",
        "fiscal_year": 2019,
        "fiscal_quarter": 2,
        "r2_url": "https://pub-2c783279b61043e19fbdadd1bee5153a.r2.dev/LULU/2018-08-30/46a05-2024-09-11-10-58-19/46a05-2024-09-11-10-58-19.pdf%5C46a05-2024-09-11-10-58-19.pdf",
        "periodicity": "periodic"
    },
    {
        "equity_ticker": "LULU",
        "geography": "US",
        "content_name": "LULU Q2 2019 Presentation",
        "file_type": "pdf",
        "content_type": "earnings_presentation",
        "published_date": "2018-08-30",
        "fiscal_date": "2018-08-30",
        "fiscal_year": 2019,
        "fiscal_quarter": 2,
        "r2_url": "https://pub-2c783279b61043e19fbdadd1bee5153a.r2.dev/LULU/2018-08-30/ddbbd-2024-09-11-10-58-43/ddbbd-2024-09-11-10-58-43.pdf%5Cddbbd-2024-09-11-10-58-43.pdf",
        "periodicity": "periodic"
    },
    {
        "equity_ticker": "LULU",
        "geography": "US",
        "content_name": "AGM 2018 - June 6, 2018",
        "file_type": "pdf",
        "content_type": "company_conference_transcript",
        "published_date": "2018-06-06",
        "fiscal_date": "2018-06-06",
        "fiscal_year": null,
        "fiscal_quarter": null,
        "r2_url": "https://pub-2c783279b61043e19fbdadd1bee5153a.r2.dev/LULU/2018-06-06/lululemon%20athletica%20inc._2018-06-06_transcript/lululemon%20athletica%20inc._2018-06-06_transcript.pdf%5Clululemon%20athletica%20inc._2018-06-06_transcript.pdf",
        "periodicity": "non_periodic"
    },
    {
        "equity_ticker": "LULU",
        "geography": "US",
        "content_name": "LULU Q1 2019 Transcript",
        "file_type": "pdf",
        "content_type": "earnings_transcript",
        "published_date": "2018-05-31",
        "fiscal_date": "2018-05-31",
        "fiscal_year": 2019,
        "fiscal_quarter": 1,
        "r2_url": "https://pub-2c783279b61043e19fbdadd1bee5153a.r2.dev/LULU/2018-05-31/lululemon%20athletica%20inc._2018-05-31_transcript/lululemon%20athletica%20inc._2018-05-31_transcript.pdf%5Clululemon%20athletica%20inc._2018-05-31_transcript.pdf",
        "periodicity": "periodic"
    },
    {
        "equity_ticker": "LULU",
        "geography": "US",
        "content_name": "LULU Q1 2019 Press Release",
        "file_type": "pdf",
        "content_type": "earnings_press_release",
        "published_date": "2018-05-31",
        "fiscal_date": "2018-05-31",
        "fiscal_year": 2019,
        "fiscal_quarter": 1,
        "r2_url": "https://pub-2c783279b61043e19fbdadd1bee5153a.r2.dev/LULU/2018-05-31/8f6d8-2024-09-11-10-32-23/8f6d8-2024-09-11-10-32-23.pdf%5C8f6d8-2024-09-11-10-32-23.pdf",
        "periodicity": "periodic"
    },
    {
        "equity_ticker": "LULU",
        "geography": "US",
        "content_name": "LULU Q1 2019 Presentation",
        "file_type": "pdf",
        "content_type": "earnings_presentation",
        "published_date": "2018-05-31",
        "fiscal_date": "2018-05-31",
        "fiscal_year": 2019,
        "fiscal_quarter": 1,
        "r2_url": "https://pub-2c783279b61043e19fbdadd1bee5153a.r2.dev/LULU/2018-05-31/60c6f-2024-09-11-10-29-44/60c6f-2024-09-11-10-29-44.pdf%5C60c6f-2024-09-11-10-29-44.pdf",
        "periodicity": "periodic"
    },
    {
        "equity_ticker": "LULU",
        "geography": "US",
        "content_name": "LULU Q4 2018 Transcript",
        "file_type": "pdf",
        "content_type": "earnings_transcript",
        "published_date": "2018-03-27",
        "fiscal_date": "2018-03-27",
        "fiscal_year": 2018,
        "fiscal_quarter": 4,
        "r2_url": "https://pub-2c783279b61043e19fbdadd1bee5153a.r2.dev/LULU/2018-03-27/lululemon%20athletica%20inc._2018-03-27_transcript/lululemon%20athletica%20inc._2018-03-27_transcript.pdf%5Clululemon%20athletica%20inc._2018-03-27_transcript.pdf",
        "periodicity": "periodic"
    },
    {
        "equity_ticker": "LULU",
        "geography": "US",
        "content_name": "LULU Q4 2018 Press Release",
        "file_type": "pdf",
        "content_type": "earnings_press_release",
        "published_date": "2018-03-27",
        "fiscal_date": "2018-03-27",
        "fiscal_year": 2018,
        "fiscal_quarter": 4,
        "r2_url": "https://pub-2c783279b61043e19fbdadd1bee5153a.r2.dev/LULU/2018-03-27/b5133-2024-09-11-10-48-24/b5133-2024-09-11-10-48-24.pdf%5Cb5133-2024-09-11-10-48-24.pdf",
        "periodicity": "periodic"
    },
    {
        "equity_ticker": "LULU",
        "geography": "US",
        "content_name": "LULU Q3 2018 Transcript",
        "file_type": "pdf",
        "content_type": "earnings_transcript",
        "published_date": "2017-12-06",
        "fiscal_date": "2017-12-06",
        "fiscal_year": 2018,
        "fiscal_quarter": 3,
        "r2_url": "https://pub-2c783279b61043e19fbdadd1bee5153a.r2.dev/LULU/2017-12-06/lululemon%20athletica%20inc._2017-12-06_transcript/lululemon%20athletica%20inc._2017-12-06_transcript.pdf%5Clululemon%20athletica%20inc._2017-12-06_transcript.pdf",
        "periodicity": "periodic"
    },
    {
        "equity_ticker": "LULU",
        "geography": "US",
        "content_name": "LULU Q3 2018 Press Release",
        "file_type": "pdf",
        "content_type": "earnings_press_release",
        "published_date": "2017-12-06",
        "fiscal_date": "2017-12-06",
        "fiscal_year": 2018,
        "fiscal_quarter": 3,
        "r2_url": "https://pub-2c783279b61043e19fbdadd1bee5153a.r2.dev/LULU/2017-12-06/cb5df-2024-09-11-10-41-25/cb5df-2024-09-11-10-41-25.pdf%5Ccb5df-2024-09-11-10-41-25.pdf",
        "periodicity": "periodic"
    },
    {
        "equity_ticker": "LULU",
        "geography": "US",
        "content_name": "LULU Q2 2018 Transcript",
        "file_type": "pdf",
        "content_type": "earnings_transcript",
        "published_date": "2017-08-31",
        "fiscal_date": "2017-08-31",
        "fiscal_year": 2018,
        "fiscal_quarter": 2,
        "r2_url": "https://pub-2c783279b61043e19fbdadd1bee5153a.r2.dev/LULU/2017-08-31/lululemon%20athletica%20inc._2017-08-31_transcript/lululemon%20athletica%20inc._2017-08-31_transcript.pdf%5Clululemon%20athletica%20inc._2017-08-31_transcript.pdf",
        "periodicity": "periodic"
    },
    {
        "equity_ticker": "LULU",
        "geography": "US",
        "content_name": "LULU Q2 2018 Press Release",
        "file_type": "pdf",
        "content_type": "earnings_press_release",
        "published_date": "2017-08-31",
        "fiscal_date": "2017-08-31",
        "fiscal_year": 2018,
        "fiscal_quarter": 2,
        "r2_url": "https://pub-2c783279b61043e19fbdadd1bee5153a.r2.dev/LULU/2017-08-31/3ecba-2024-09-11-10-26-26/3ecba-2024-09-11-10-26-26.pdf%5C3ecba-2024-09-11-10-26-26.pdf",
        "periodicity": "periodic"
    },
    {
        "equity_ticker": "LULU",
        "geography": "US",
        "content_name": "LULU Q1 2018 Transcript",
        "file_type": "pdf",
        "content_type": "earnings_transcript",
        "published_date": "2017-06-01",
        "fiscal_date": "2017-06-01",
        "fiscal_year": 2018,
        "fiscal_quarter": 1,
        "r2_url": "https://pub-2c783279b61043e19fbdadd1bee5153a.r2.dev/LULU/2017-06-01/lululemon%20athletica%20inc._2017-06-01_transcript/lululemon%20athletica%20inc._2017-06-01_transcript.pdf%5Clululemon%20athletica%20inc._2017-06-01_transcript.pdf",
        "periodicity": "periodic"
    },
    {
        "equity_ticker": "LULU",
        "geography": "US",
        "content_name": "LULU Q1 2018 Press Release",
        "file_type": "pdf",
        "content_type": "earnings_press_release",
        "published_date": "2017-06-01",
        "fiscal_date": "2017-06-01",
        "fiscal_year": 2018,
        "fiscal_quarter": 1,
        "r2_url": "https://pub-2c783279b61043e19fbdadd1bee5153a.r2.dev/LULU/2017-06-01/7db18-2024-09-11-10-16-27/7db18-2024-09-11-10-16-27.pdf%5C7db18-2024-09-11-10-16-27.pdf",
        "periodicity": "periodic"
    },
    {
        "equity_ticker": "LULU",
        "geography": "US",
        "content_name": "LULU Q4 2017 Transcript",
        "file_type": "pdf",
        "content_type": "earnings_transcript",
        "published_date": "2017-03-29",
        "fiscal_date": "2017-03-29",
        "fiscal_year": 2017,
        "fiscal_quarter": 4,
        "r2_url": "https://pub-2c783279b61043e19fbdadd1bee5153a.r2.dev/LULU/2017-03-29/lululemon%20athletica%20inc._2017-03-29_transcript/lululemon%20athletica%20inc._2017-03-29_transcript.pdf%5Clululemon%20athletica%20inc._2017-03-29_transcript.pdf",
        "periodicity": "periodic"
    },
    {
        "equity_ticker": "LULU",
        "geography": "US",
        "content_name": "LULU Q4 2017 Press Release",
        "file_type": "pdf",
        "content_type": "earnings_press_release",
        "published_date": "2017-03-29",
        "fiscal_date": "2017-03-29",
        "fiscal_year": 2017,
        "fiscal_quarter": 4,
        "r2_url": "https://pub-2c783279b61043e19fbdadd1bee5153a.r2.dev/LULU/2017-03-29/34628-2024-09-11-10-44-45/34628-2024-09-11-10-44-45.pdf%5C34628-2024-09-11-10-44-45.pdf",
        "periodicity": "periodic"
    },
    {
        "equity_ticker": "LULU",
        "geography": "US",
        "content_name": "LULU Q3 2017 Transcript",
        "file_type": "pdf",
        "content_type": "earnings_transcript",
        "published_date": "2016-12-07",
        "fiscal_date": "2016-12-07",
        "fiscal_year": 2017,
        "fiscal_quarter": 3,
        "r2_url": "https://pub-2c783279b61043e19fbdadd1bee5153a.r2.dev/LULU/2016-12-07/lululemon%20athletica%20inc._2016-12-07_transcript/lululemon%20athletica%20inc._2016-12-07_transcript.pdf%5Clululemon%20athletica%20inc._2016-12-07_transcript.pdf",
        "periodicity": "periodic"
    },
    {
        "equity_ticker": "LULU",
        "geography": "US",
        "content_name": "LULU Q3 2017 Press Release",
        "file_type": "pdf",
        "content_type": "earnings_press_release",
        "published_date": "2016-12-07",
        "fiscal_date": "2016-12-07",
        "fiscal_year": 2017,
        "fiscal_quarter": 3,
        "r2_url": "https://pub-2c783279b61043e19fbdadd1bee5153a.r2.dev/LULU/2016-12-07/b0b53-2024-09-11-10-34-46/b0b53-2024-09-11-10-34-46.pdf%5Cb0b53-2024-09-11-10-34-46.pdf",
        "periodicity": "periodic"
    },
    {
        "equity_ticker": "LULU",
        "geography": "US",
        "content_name": "LULU Q2 2017 Transcript",
        "file_type": "pdf",
        "content_type": "earnings_transcript",
        "published_date": "2016-09-01",
        "fiscal_date": "2016-09-01",
        "fiscal_year": 2017,
        "fiscal_quarter": 2,
        "r2_url": "https://pub-2c783279b61043e19fbdadd1bee5153a.r2.dev/LULU/2016-09-01/lululemon%20athletica%20inc._2016-09-01_transcript/lululemon%20athletica%20inc._2016-09-01_transcript.pdf%5Clululemon%20athletica%20inc._2016-09-01_transcript.pdf",
        "periodicity": "periodic"
    },
    {
        "equity_ticker": "LULU",
        "geography": "US",
        "content_name": "LULU Q2 2017 Press Release",
        "file_type": "pdf",
        "content_type": "earnings_press_release",
        "published_date": "2016-09-01",
        "fiscal_date": "2016-09-01",
        "fiscal_year": 2017,
        "fiscal_quarter": 2,
        "r2_url": "https://pub-2c783279b61043e19fbdadd1bee5153a.r2.dev/LULU/2016-09-01/67664-2024-09-11-10-15-47/67664-2024-09-11-10-15-47.pdf%5C67664-2024-09-11-10-15-47.pdf",
        "periodicity": "periodic"
    },
    {
        "equity_ticker": "LULU",
        "geography": "US",
        "content_name": "LULU Q1 2017 Transcript",
        "file_type": "pdf",
        "content_type": "earnings_transcript",
        "published_date": "2016-06-08",
        "fiscal_date": "2016-06-08",
        "fiscal_year": 2017,
        "fiscal_quarter": 1,
        "r2_url": "https://pub-2c783279b61043e19fbdadd1bee5153a.r2.dev/LULU/2016-06-08/lululemon%20athletica%20inc._2016-06-08_transcript/lululemon%20athletica%20inc._2016-06-08_transcript.pdf%5Clululemon%20athletica%20inc._2016-06-08_transcript.pdf",
        "periodicity": "periodic"
    },
    {
        "equity_ticker": "LULU",
        "geography": "US",
        "content_name": "LULU Q1 2017 Press Release",
        "file_type": "pdf",
        "content_type": "earnings_press_release",
        "published_date": "2016-06-08",
        "fiscal_date": "2016-06-08",
        "fiscal_year": 2017,
        "fiscal_quarter": 1,
        "r2_url": "https://pub-2c783279b61043e19fbdadd1bee5153a.r2.dev/LULU/2016-06-08/b0c02-2024-09-11-10-03-48/b0c02-2024-09-11-10-03-48.pdf%5Cb0c02-2024-09-11-10-03-48.pdf",
        "periodicity": "periodic"
    },
    {
        "equity_ticker": "LULU",
        "geography": "US",
        "content_name": "LULU Q4 2016 Transcript",
        "file_type": "pdf",
        "content_type": "earnings_transcript",
        "published_date": "2016-03-30",
        "fiscal_date": "2016-03-30",
        "fiscal_year": 2016,
        "fiscal_quarter": 4,
        "r2_url": "https://pub-2c783279b61043e19fbdadd1bee5153a.r2.dev/LULU/2016-03-30/lululemon%20athletica%20inc._2016-03-30_transcript/lululemon%20athletica%20inc._2016-03-30_transcript.pdf%5Clululemon%20athletica%20inc._2016-03-30_transcript.pdf",
        "periodicity": "periodic"
    },
    {
        "equity_ticker": "LULU",
        "geography": "US",
        "content_name": "LULU Q4 2016 Press Release",
        "file_type": "pdf",
        "content_type": "earnings_press_release",
        "published_date": "2016-03-30",
        "fiscal_date": "2016-03-30",
        "fiscal_year": 2016,
        "fiscal_quarter": 4,
        "r2_url": "https://pub-2c783279b61043e19fbdadd1bee5153a.r2.dev/LULU/2016-03-30/5af71-2024-09-11-10-46-48/5af71-2024-09-11-10-46-48.pdf%5C5af71-2024-09-11-10-46-48.pdf",
        "periodicity": "periodic"
    },
    {
        "equity_ticker": "LULU",
        "geography": "US",
        "content_name": "LULU Q3 2016 Transcript",
        "file_type": "pdf",
        "content_type": "earnings_transcript",
        "published_date": "2015-12-09",
        "fiscal_date": "2015-12-09",
        "fiscal_year": 2016,
        "fiscal_quarter": 3,
        "r2_url": "https://pub-2c783279b61043e19fbdadd1bee5153a.r2.dev/LULU/2015-12-09/lululemon%20athletica%20inc._2015-12-09_transcript/lululemon%20athletica%20inc._2015-12-09_transcript.pdf%5Clululemon%20athletica%20inc._2015-12-09_transcript.pdf",
        "periodicity": "periodic"
    },
    {
        "equity_ticker": "LULU",
        "geography": "US",
        "content_name": "LULU Q3 2016 Press Release",
        "file_type": "pdf",
        "content_type": "earnings_press_release",
        "published_date": "2015-12-09",
        "fiscal_date": "2015-12-09",
        "fiscal_year": 2016,
        "fiscal_quarter": 3,
        "r2_url": "https://pub-2c783279b61043e19fbdadd1bee5153a.r2.dev/LULU/2015-12-09/beaaf-2024-09-11-10-30-49/beaaf-2024-09-11-10-30-49.pdf%5Cbeaaf-2024-09-11-10-30-49.pdf",
        "periodicity": "periodic"
    },
    {
        "equity_ticker": "LULU",
        "geography": "US",
        "content_name": "LULU Q2 2016 Transcript",
        "file_type": "pdf",
        "content_type": "earnings_transcript",
        "published_date": "2015-09-10",
        "fiscal_date": "2015-09-10",
        "fiscal_year": 2016,
        "fiscal_quarter": 2,
        "r2_url": "https://pub-2c783279b61043e19fbdadd1bee5153a.r2.dev/LULU/2015-09-10/lululemon%20athletica%20inc._2015-09-10_transcript/lululemon%20athletica%20inc._2015-09-10_transcript.pdf%5Clululemon%20athletica%20inc._2015-09-10_transcript.pdf",
        "periodicity": "periodic"
    },
    {
        "equity_ticker": "LULU",
        "geography": "US",
        "content_name": "LULU Q2 2016 Press Release",
        "file_type": "pdf",
        "content_type": "earnings_press_release",
        "published_date": "2015-09-10",
        "fiscal_date": "2015-09-10",
        "fiscal_year": 2016,
        "fiscal_quarter": 2,
        "r2_url": "https://pub-2c783279b61043e19fbdadd1bee5153a.r2.dev/LULU/2015-09-10/884bd-2024-09-11-10-12-50/884bd-2024-09-11-10-12-50.pdf%5C884bd-2024-09-11-10-12-50.pdf",
        "periodicity": "periodic"
    },
    {
        "equity_ticker": "LULU",
        "geography": "US",
        "content_name": "LULU Q1 2016 Transcript",
        "file_type": "pdf",
        "content_type": "earnings_transcript",
        "published_date": "2015-06-09",
        "fiscal_date": "2015-06-09",
        "fiscal_year": 2016,
        "fiscal_quarter": 1,
        "r2_url": "https://pub-2c783279b61043e19fbdadd1bee5153a.r2.dev/LULU/2015-06-09/lululemon%20athletica%20inc._2015-06-09_transcript/lululemon%20athletica%20inc._2015-06-09_transcript.pdf%5Clululemon%20athletica%20inc._2015-06-09_transcript.pdf",
        "periodicity": "periodic"
    },
    {
        "equity_ticker": "LULU",
        "geography": "US",
        "content_name": "LULU Q1 2016 Press Release",
        "file_type": "pdf",
        "content_type": "earnings_press_release",
        "published_date": "2015-06-09",
        "fiscal_date": "2015-06-09",
        "fiscal_year": 2016,
        "fiscal_quarter": 1,
        "r2_url": "https://pub-2c783279b61043e19fbdadd1bee5153a.r2.dev/LULU/2015-06-09/25844-2024-09-11-10-02-51/25844-2024-09-11-10-02-51.pdf%5C25844-2024-09-11-10-02-51.pdf",
        "periodicity": "periodic"
    },
    {
        "equity_ticker": "LULU",
        "geography": "US",
        "content_name": "LULU Q4 2015 Transcript",
        "file_type": "pdf",
        "content_type": "earnings_transcript",
        "published_date": "2015-03-26",
        "fiscal_date": "2015-03-26",
        "fiscal_year": 2015,
        "fiscal_quarter": 4,
        "r2_url": "https://pub-2c783279b61043e19fbdadd1bee5153a.r2.dev/LULU/2015-03-26/lululemon%20athletica%20inc._2015-03-26_transcript/lululemon%20athletica%20inc._2015-03-26_transcript.pdf%5Clululemon%20athletica%20inc._2015-03-26_transcript.pdf",
        "periodicity": "periodic"
    },
    {
        "equity_ticker": "LULU",
        "geography": "US",
        "content_name": "LULU Q4 2015 Press Release",
        "file_type": "pdf",
        "content_type": "earnings_press_release",
        "published_date": "2015-03-26",
        "fiscal_date": "2015-03-26",
        "fiscal_year": 2015,
        "fiscal_quarter": 4,
        "r2_url": "https://pub-2c783279b61043e19fbdadd1bee5153a.r2.dev/LULU/2015-03-26/bd5f2-2024-09-11-10-01-52/bd5f2-2024-09-11-10-01-52.pdf%5Cbd5f2-2024-09-11-10-01-52.pdf",
        "periodicity": "periodic"
    },
    {
        "equity_ticker": "LULU",
        "geography": "US",
        "content_name": "LULU Q3 2015 Transcript",
        "file_type": "pdf",
        "content_type": "earnings_transcript",
        "published_date": "2014-12-11",
        "fiscal_date": "2014-12-11",
        "fiscal_year": 2015,
        "fiscal_quarter": 3,
        "r2_url": "https://pub-2c783279b61043e19fbdadd1bee5153a.r2.dev/LULU/2014-12-11/lululemon%20athletica%20inc._2014-12-11_transcript/lululemon%20athletica%20inc._2014-12-11_transcript.pdf%5Clululemon%20athletica%20inc._2014-12-11_transcript.pdf",
        "periodicity": "periodic"
    },
    {
        "equity_ticker": "LULU",
        "geography": "US",
        "content_name": "LULU Q3 2015 Press Release",
        "file_type": "pdf",
        "content_type": "earnings_press_release",
        "published_date": "2014-12-11",
        "fiscal_date": "2014-12-11",
        "fiscal_year": 2015,
        "fiscal_quarter": 3,
        "r2_url": "https://pub-2c783279b61043e19fbdadd1bee5153a.r2.dev/LULU/2014-12-11/abe3f-2024-09-11-10-46-52/abe3f-2024-09-11-10-46-52.pdf%5Cabe3f-2024-09-11-10-46-52.pdf",
        "periodicity": "periodic"
    },
    {
        "equity_ticker": "LULU",
        "geography": "US",
        "content_name": "LULU Q2 2015 Transcript",
        "file_type": "pdf",
        "content_type": "earnings_transcript",
        "published_date": "2014-09-11",
        "fiscal_date": "2014-09-11",
        "fiscal_year": 2015,
        "fiscal_quarter": 2,
        "r2_url": "https://pub-2c783279b61043e19fbdadd1bee5153a.r2.dev/LULU/2014-09-11/lululemon%20athletica%20inc._2014-09-11_transcript/lululemon%20athletica%20inc._2014-09-11_transcript.pdf%5Clululemon%20athletica%20inc._2014-09-11_transcript.pdf",
        "periodicity": "periodic"
    },
    {
        "equity_ticker": "LULU",
        "geography": "US",
        "content_name": "LULU Q2 2015 Press Release",
        "file_type": "pdf",
        "content_type": "earnings_press_release",
        "published_date": "2014-09-11",
        "fiscal_date": "2014-09-11",
        "fiscal_year": 2015,
        "fiscal_quarter": 2,
        "r2_url": "https://pub-2c783279b61043e19fbdadd1bee5153a.r2.dev/LULU/2014-09-11/62c6f-2024-09-11-10-50-53/62c6f-2024-09-11-10-50-53.pdf%5C62c6f-2024-09-11-10-50-53.pdf",
        "periodicity": "periodic"
    },
    {
        "equity_ticker": "LULU",
        "geography": "US",
        "content_name": "LULU Q1 2015 Transcript",
        "file_type": "pdf",
        "content_type": "earnings_transcript",
        "published_date": "2014-06-12",
        "fiscal_date": "2014-06-12",
        "fiscal_year": 2015,
        "fiscal_quarter": 1,
        "r2_url": "https://pub-2c783279b61043e19fbdadd1bee5153a.r2.dev/LULU/2014-06-12/lululemon%20athletica%20inc._2014-06-12_transcript/lululemon%20athletica%20inc._2014-06-12_transcript.pdf%5Clululemon%20athletica%20inc._2014-06-12_transcript.pdf",
        "periodicity": "periodic"
    },
    {
        "equity_ticker": "LULU",
        "geography": "US",
        "content_name": "LULU Q1 2015 Press Release",
        "file_type": "pdf",
        "content_type": "earnings_press_release",
        "published_date": "2014-06-12",
        "fiscal_date": "2014-06-12",
        "fiscal_year": 2015,
        "fiscal_quarter": 1,
        "r2_url": "https://pub-2c783279b61043e19fbdadd1bee5153a.r2.dev/LULU/2014-06-12/eb4b6-2024-09-11-10-11-55/eb4b6-2024-09-11-10-11-55.pdf%5Ceb4b6-2024-09-11-10-11-55.pdf",
        "periodicity": "periodic"
    },
    {
        "equity_ticker": "LULU",
        "geography": "US",
        "content_name": "Investor Day 2014 - April 17, 2014",
        "file_type": "pdf",
        "content_type": "company_conference_transcript",
        "published_date": "2014-04-17",
        "fiscal_date": "2014-04-17",
        "fiscal_year": null,
        "fiscal_quarter": null,
        "r2_url": "https://pub-2c783279b61043e19fbdadd1bee5153a.r2.dev/LULU/2014-04-17/lululemon%20athletica%20inc._2014-04-17_transcript/lululemon%20athletica%20inc._2014-04-17_transcript.pdf%5Clululemon%20athletica%20inc._2014-04-17_transcript.pdf",
        "periodicity": "non_periodic"
    },
    {
        "equity_ticker": "LULU",
        "geography": "US",
        "content_name": "Investor Day 2014 - April 17, 2014",
        "file_type": "pdf",
        "content_type": "company_conference_presentation",
        "published_date": "2014-04-17",
        "fiscal_date": "2014-04-17",
        "fiscal_year": null,
        "fiscal_quarter": null,
        "r2_url": "https://pub-2c783279b61043e19fbdadd1bee5153a.r2.dev/LULU/2014-04-17/38ea1-2024-09-11-10-56-56/38ea1-2024-09-11-10-56-56.pdf%5C38ea1-2024-09-11-10-56-56.pdf",
        "periodicity": "non_periodic"
    },
    {
        "equity_ticker": "LULU",
        "geography": "US",
        "content_name": "LULU Q4 2014 Transcript",
        "file_type": "pdf",
        "content_type": "earnings_transcript",
        "published_date": "2014-03-27",
        "fiscal_date": "2014-03-27",
        "fiscal_year": 2014,
        "fiscal_quarter": 4,
        "r2_url": "https://pub-2c783279b61043e19fbdadd1bee5153a.r2.dev/LULU/2014-03-27/lululemon%20athletica%20inc._2014-03-27_transcript/lululemon%20athletica%20inc._2014-03-27_transcript.pdf%5Clululemon%20athletica%20inc._2014-03-27_transcript.pdf",
        "periodicity": "periodic"
    },
    {
        "equity_ticker": "LULU",
        "geography": "US",
        "content_name": "LULU Q4 2014 Press Release",
        "file_type": "pdf",
        "content_type": "earnings_press_release",
        "published_date": "2014-03-27",
        "fiscal_date": "2014-03-27",
        "fiscal_year": 2014,
        "fiscal_quarter": 4,
        "r2_url": "https://pub-2c783279b61043e19fbdadd1bee5153a.r2.dev/LULU/2014-03-27/aa6ee-2024-09-11-10-42-59/aa6ee-2024-09-11-10-42-59.pdf%5Caa6ee-2024-09-11-10-42-59.pdf",
        "periodicity": "periodic"
    },
    {
        "equity_ticker": "LULU",
        "geography": "US",
        "content_name": "LULU Q3 2014 Transcript",
        "file_type": "pdf",
        "content_type": "earnings_transcript",
        "published_date": "2013-12-12",
        "fiscal_date": "2013-12-12",
        "fiscal_year": 2014,
        "fiscal_quarter": 3,
        "r2_url": "https://pub-2c783279b61043e19fbdadd1bee5153a.r2.dev/LULU/2013-12-12/lululemon%20athletica%20inc._2013-12-12_transcript/lululemon%20athletica%20inc._2013-12-12_transcript.pdf%5Clululemon%20athletica%20inc._2013-12-12_transcript.pdf",
        "periodicity": "periodic"
    },
    {
        "equity_ticker": "LULU",
        "geography": "US",
        "content_name": "LULU Q3 2014 Press Release",
        "file_type": "pdf",
        "content_type": "earnings_press_release",
        "published_date": "2013-12-12",
        "fiscal_date": "2013-12-12",
        "fiscal_year": 2014,
        "fiscal_quarter": 3,
        "r2_url": "https://pub-2c783279b61043e19fbdadd1bee5153a.r2.dev/LULU/2013-12-12/eec83-2024-09-11-11-39-00/eec83-2024-09-11-11-39-00.pdf%5Ceec83-2024-09-11-11-39-00.pdf",
        "periodicity": "periodic"
    },
    {
        "equity_ticker": "LULU",
        "geography": "US",
        "content_name": "Status Update - December 10, 2013",
        "file_type": "pdf",
        "content_type": "company_conference_transcript",
        "published_date": "2013-12-10",
        "fiscal_date": "2013-12-10",
        "fiscal_year": null,
        "fiscal_quarter": null,
        "r2_url": "https://pub-2c783279b61043e19fbdadd1bee5153a.r2.dev/LULU/2013-12-10/lululemon%20athletica%20inc._2013-12-10_transcript/lululemon%20athletica%20inc._2013-12-10_transcript.pdf%5Clululemon%20athletica%20inc._2013-12-10_transcript.pdf",
        "periodicity": "non_periodic"
    },
    {
        "equity_ticker": "LULU",
        "geography": "US",
        "content_name": "Status Update - December 10, 2013",
        "file_type": "pdf",
        "content_type": "company_conference_press_release",
        "published_date": "2013-12-10",
        "fiscal_date": "2013-12-10",
        "fiscal_year": null,
        "fiscal_quarter": null,
        "r2_url": "https://pub-2c783279b61043e19fbdadd1bee5153a.r2.dev/LULU/2013-12-10/84ff0-2024-09-11-11-51-01/84ff0-2024-09-11-11-51-01.pdf%5C84ff0-2024-09-11-11-51-01.pdf",
        "periodicity": "non_periodic"
    },
    {
        "equity_ticker": "LULU",
        "geography": "US",
        "content_name": "LULU Q2 2014 Transcript",
        "file_type": "pdf",
        "content_type": "earnings_transcript",
        "published_date": "2013-09-12",
        "fiscal_date": "2013-09-12",
        "fiscal_year": 2014,
        "fiscal_quarter": 2,
        "r2_url": "https://pub-2c783279b61043e19fbdadd1bee5153a.r2.dev/LULU/2013-09-12/lululemon%20athletica%20inc._2013-09-12_transcript/lululemon%20athletica%20inc._2013-09-12_transcript.pdf%5Clululemon%20athletica%20inc._2013-09-12_transcript.pdf",
        "periodicity": "periodic"
    },
    {
        "equity_ticker": "LULU",
        "geography": "US",
        "content_name": "LULU Q2 2014 Press Release",
        "file_type": "pdf",
        "content_type": "earnings_press_release",
        "published_date": "2013-09-12",
        "fiscal_date": "2013-09-12",
        "fiscal_year": 2014,
        "fiscal_quarter": 2,
        "r2_url": "https://pub-2c783279b61043e19fbdadd1bee5153a.r2.dev/LULU/2013-09-12/167b5-2024-09-11-11-52-02/167b5-2024-09-11-11-52-02.pdf%5C167b5-2024-09-11-11-52-02.pdf",
        "periodicity": "periodic"
    },
    {
        "equity_ticker": "LULU",
        "geography": "US",
        "content_name": "LULU Q1 2014 Transcript",
        "file_type": "pdf",
        "content_type": "earnings_transcript",
        "published_date": "2013-06-10",
        "fiscal_date": "2013-06-10",
        "fiscal_year": 2014,
        "fiscal_quarter": 1,
        "r2_url": "https://pub-2c783279b61043e19fbdadd1bee5153a.r2.dev/LULU/2013-06-10/lululemon%20athletica%20inc._2013-06-10_transcript/lululemon%20athletica%20inc._2013-06-10_transcript.pdf%5Clululemon%20athletica%20inc._2013-06-10_transcript.pdf",
        "periodicity": "periodic"
    },
    {
        "equity_ticker": "LULU",
        "geography": "US",
        "content_name": "LULU Q1 2014 Press Release",
        "file_type": "pdf",
        "content_type": "earnings_press_release",
        "published_date": "2013-06-10",
        "fiscal_date": "2013-06-10",
        "fiscal_year": 2014,
        "fiscal_quarter": 1,
        "r2_url": "https://pub-2c783279b61043e19fbdadd1bee5153a.r2.dev/LULU/2013-06-10/a337f-2024-09-11-11-42-03/a337f-2024-09-11-11-42-03.pdf%5Ca337f-2024-09-11-11-42-03.pdf",
        "periodicity": "periodic"
    },
    {
        "equity_ticker": "LULU",
        "geography": "US",
        "content_name": "LULU Q4 2013 Transcript",
        "file_type": "pdf",
        "content_type": "earnings_transcript",
        "published_date": "2013-03-21",
        "fiscal_date": "2013-03-21",
        "fiscal_year": 2013,
        "fiscal_quarter": 4,
        "r2_url": "https://pub-2c783279b61043e19fbdadd1bee5153a.r2.dev/LULU/2013-03-21/lululemon%20athletica%20inc._2013-03-21_transcript/lululemon%20athletica%20inc._2013-03-21_transcript.pdf%5Clululemon%20athletica%20inc._2013-03-21_transcript.pdf",
        "periodicity": "periodic"
    },
    {
        "equity_ticker": "LULU",
        "geography": "US",
        "content_name": "LULU Q4 2013 Press Release",
        "file_type": "pdf",
        "content_type": "earnings_press_release",
        "published_date": "2013-03-21",
        "fiscal_date": "2013-03-21",
        "fiscal_year": 2013,
        "fiscal_quarter": 4,
        "r2_url": "https://pub-2c783279b61043e19fbdadd1bee5153a.r2.dev/LULU/2013-03-21/fe3cc-2024-09-11-11-22-07/fe3cc-2024-09-11-11-22-07.pdf%5Cfe3cc-2024-09-11-11-22-07.pdf",
        "periodicity": "periodic"
    },
    {
        "equity_ticker": "LULU",
        "geography": "US",
        "content_name": "LULU Q4 2012 Transcript",
        "file_type": "pdf",
        "content_type": "earnings_transcript",
        "published_date": "2013-03-21",
        "fiscal_date": "2013-03-21",
        "fiscal_year": 2012,
        "fiscal_quarter": 4,
        "r2_url": "https://pub-2c783279b61043e19fbdadd1bee5153a.r2.dev/LULU/2013-03-21/lululemon%20athletica%20inc._2013-03-21_transcript/lululemon%20athletica%20inc._2013-03-21_transcript.pdf%5Clululemon%20athletica%20inc._2013-03-21_transcript.pdf",
        "periodicity": "periodic"
    },
    {
        "equity_ticker": "LULU",
        "geography": "US",
        "content_name": "LULU Q3 2013 Transcript",
        "file_type": "pdf",
        "content_type": "earnings_transcript",
        "published_date": "2012-12-06",
        "fiscal_date": "2012-12-06",
        "fiscal_year": 2013,
        "fiscal_quarter": 3,
        "r2_url": "https://pub-2c783279b61043e19fbdadd1bee5153a.r2.dev/LULU/2012-12-06/lululemon%20athletica%20inc._2012-12-06_transcript/lululemon%20athletica%20inc._2012-12-06_transcript.pdf%5Clululemon%20athletica%20inc._2012-12-06_transcript.pdf",
        "periodicity": "periodic"
    },
    {
        "equity_ticker": "LULU",
        "geography": "US",
        "content_name": "LULU Q3 2013 Press Release",
        "file_type": "pdf",
        "content_type": "earnings_press_release",
        "published_date": "2012-12-06",
        "fiscal_date": "2012-12-06",
        "fiscal_year": 2013,
        "fiscal_quarter": 3,
        "r2_url": "https://pub-2c783279b61043e19fbdadd1bee5153a.r2.dev/LULU/2012-12-06/15839-2024-09-11-11-13-08/15839-2024-09-11-11-13-08.pdf%5C15839-2024-09-11-11-13-08.pdf",
        "periodicity": "periodic"
    },
    {
        "equity_ticker": "LULU",
        "geography": "US",
        "content_name": "LULU Q3 2012 Transcript",
        "file_type": "pdf",
        "content_type": "earnings_transcript",
        "published_date": "2012-12-06",
        "fiscal_date": "2012-12-06",
        "fiscal_year": 2012,
        "fiscal_quarter": 3,
        "r2_url": "https://pub-2c783279b61043e19fbdadd1bee5153a.r2.dev/LULU/2012-12-06/lululemon%20athletica%20inc._2012-12-06_transcript/lululemon%20athletica%20inc._2012-12-06_transcript.pdf%5Clululemon%20athletica%20inc._2012-12-06_transcript.pdf",
        "periodicity": "periodic"
    },
    {
        "equity_ticker": "LULU",
        "geography": "US",
        "content_name": "LULU Q2 2013 Transcript",
        "file_type": "pdf",
        "content_type": "earnings_transcript",
        "published_date": "2012-09-07",
        "fiscal_date": "2012-09-07",
        "fiscal_year": 2013,
        "fiscal_quarter": 2,
        "r2_url": "https://pub-2c783279b61043e19fbdadd1bee5153a.r2.dev/LULU/2012-09-07/lululemon%20athletica%20inc._2012-09-07_transcript/lululemon%20athletica%20inc._2012-09-07_transcript.pdf%5Clululemon%20athletica%20inc._2012-09-07_transcript.pdf",
        "periodicity": "periodic"
    },
    {
        "equity_ticker": "LULU",
        "geography": "US",
        "content_name": "LULU Q2 2013 Press Release",
        "file_type": "pdf",
        "content_type": "earnings_press_release",
        "published_date": "2012-09-07",
        "fiscal_date": "2012-09-07",
        "fiscal_year": 2013,
        "fiscal_quarter": 2,
        "r2_url": "https://pub-2c783279b61043e19fbdadd1bee5153a.r2.dev/LULU/2012-09-07/51956-2024-09-11-11-08-09/51956-2024-09-11-11-08-09.pdf%5C51956-2024-09-11-11-08-09.pdf",
        "periodicity": "periodic"
    },
    {
        "equity_ticker": "LULU",
        "geography": "US",
        "content_name": "LULU Q2 2012 Transcript",
        "file_type": "pdf",
        "content_type": "earnings_transcript",
        "published_date": "2012-09-07",
        "fiscal_date": "2012-09-07",
        "fiscal_year": 2012,
        "fiscal_quarter": 2,
        "r2_url": "https://pub-2c783279b61043e19fbdadd1bee5153a.r2.dev/LULU/2012-09-07/lululemon%20athletica%20inc._2012-09-07_transcript/lululemon%20athletica%20inc._2012-09-07_transcript.pdf%5Clululemon%20athletica%20inc._2012-09-07_transcript.pdf",
        "periodicity": "periodic"
    },
    {
        "equity_ticker": "LULU",
        "geography": "US",
        "content_name": "LULU Q1 2013 Transcript",
        "file_type": "pdf",
        "content_type": "earnings_transcript",
        "published_date": "2012-06-07",
        "fiscal_date": "2012-06-07",
        "fiscal_year": 2013,
        "fiscal_quarter": 1,
        "r2_url": "https://pub-2c783279b61043e19fbdadd1bee5153a.r2.dev/LULU/2012-06-07/lululemon%20athletica%20inc._2012-06-07_transcript/lululemon%20athletica%20inc._2012-06-07_transcript.pdf%5Clululemon%20athletica%20inc._2012-06-07_transcript.pdf",
        "periodicity": "periodic"
    },
    {
        "equity_ticker": "LULU",
        "geography": "US",
        "content_name": "LULU Q1 2013 Press Release",
        "file_type": "pdf",
        "content_type": "earnings_press_release",
        "published_date": "2012-06-07",
        "fiscal_date": "2012-06-07",
        "fiscal_year": 2013,
        "fiscal_quarter": 1,
        "r2_url": "https://pub-2c783279b61043e19fbdadd1bee5153a.r2.dev/LULU/2012-06-07/35f30-2024-09-11-11-53-09/35f30-2024-09-11-11-53-09.pdf%5C35f30-2024-09-11-11-53-09.pdf",
        "periodicity": "periodic"
    },
    {
        "equity_ticker": "LULU",
        "geography": "US",
        "content_name": "LULU Q1 2012 Transcript",
        "file_type": "pdf",
        "content_type": "earnings_transcript",
        "published_date": "2012-06-07",
        "fiscal_date": "2012-06-07",
        "fiscal_year": 2012,
        "fiscal_quarter": 1,
        "r2_url": "https://pub-2c783279b61043e19fbdadd1bee5153a.r2.dev/LULU/2012-06-07/lululemon%20athletica%20inc._2012-06-07_transcript/lululemon%20athletica%20inc._2012-06-07_transcript.pdf%5Clululemon%20athletica%20inc._2012-06-07_transcript.pdf",
        "periodicity": "periodic"
    },
    {
        "equity_ticker": "LULU",
        "geography": "US",
        "content_name": "LULU Q4 2011 Transcript",
        "file_type": "pdf",
        "content_type": "earnings_transcript",
        "published_date": "2012-03-22",
        "fiscal_date": "2012-03-22",
        "fiscal_year": 2011,
        "fiscal_quarter": 4,
        "r2_url": "https://pub-2c783279b61043e19fbdadd1bee5153a.r2.dev/LULU/2012-03-22/lululemon%20athletica%20inc._2012-03-22_transcript/lululemon%20athletica%20inc._2012-03-22_transcript.pdf%5Clululemon%20athletica%20inc._2012-03-22_transcript.pdf",
        "periodicity": "periodic"
    },
    {
        "equity_ticker": "LULU",
        "geography": "US",
        "content_name": "LULU Q2 2011 Transcript",
        "file_type": "pdf",
        "content_type": "earnings_transcript",
        "published_date": "2011-09-09",
        "fiscal_date": "2011-09-09",
        "fiscal_year": 2011,
        "fiscal_quarter": 2,
        "r2_url": "https://pub-2c783279b61043e19fbdadd1bee5153a.r2.dev/LULU/2011-09-09/lululemon%20athletica%20inc._2011-09-09_transcript/lululemon%20athletica%20inc._2011-09-09_transcript.pdf%5Clululemon%20athletica%20inc._2011-09-09_transcript.pdf",
        "periodicity": "periodic"
    },
    {
        "equity_ticker": "LULU",
        "geography": "US",
        "content_name": "LULU Q1 2011 Transcript",
        "file_type": "pdf",
        "content_type": "earnings_transcript",
        "published_date": "2011-06-10",
        "fiscal_date": "2011-06-10",
        "fiscal_year": 2011,
        "fiscal_quarter": 1,
        "r2_url": "https://pub-2c783279b61043e19fbdadd1bee5153a.r2.dev/LULU/2011-06-10/lululemon%20athletica%20inc._2011-06-10_transcript/lululemon%20athletica%20inc._2011-06-10_transcript.pdf%5Clululemon%20athletica%20inc._2011-06-10_transcript.pdf",
        "periodicity": "periodic"
    },
    {
        "equity_ticker": "LULU",
        "geography": "US",
        "content_name": "LULU Q4 2010 Transcript",
        "file_type": "pdf",
        "content_type": "earnings_transcript",
        "published_date": "2011-03-17",
        "fiscal_date": "2011-03-17",
        "fiscal_year": 2010,
        "fiscal_quarter": 4,
        "r2_url": "https://pub-2c783279b61043e19fbdadd1bee5153a.r2.dev/LULU/2011-03-17/lululemon%20athletica%20inc._2011-03-17_transcript/lululemon%20athletica%20inc._2011-03-17_transcript.pdf%5Clululemon%20athletica%20inc._2011-03-17_transcript.pdf",
        "periodicity": "periodic"
    },
    {
        "equity_ticker": "LULU",
        "geography": "US",
        "content_name": "LULU Q3 2010 Transcript",
        "file_type": "pdf",
        "content_type": "earnings_transcript",
        "published_date": "2010-12-09",
        "fiscal_date": "2010-12-09",
        "fiscal_year": 2010,
        "fiscal_quarter": 3,
        "r2_url": "https://pub-2c783279b61043e19fbdadd1bee5153a.r2.dev/LULU/2010-12-09/lululemon%20athletica%20inc._2010-12-09_transcript/lululemon%20athletica%20inc._2010-12-09_transcript.pdf%5Clululemon%20athletica%20inc._2010-12-09_transcript.pdf",
        "periodicity": "periodic"
    },
    {
        "equity_ticker": "LULU",
        "geography": "US",
        "content_name": "LULU Q1 2010 Transcript",
        "file_type": "pdf",
        "content_type": "earnings_transcript",
        "published_date": "2010-06-10",
        "fiscal_date": "2010-06-10",
        "fiscal_year": 2010,
        "fiscal_quarter": 1,
        "r2_url": "https://pub-2c783279b61043e19fbdadd1bee5153a.r2.dev/LULU/2010-06-10/lululemon%20athletica%20inc._2010-06-10_transcript/lululemon%20athletica%20inc._2010-06-10_transcript.pdf%5Clululemon%20athletica%20inc._2010-06-10_transcript.pdf",
        "periodicity": "periodic"
    },
    {
        "equity_ticker": "LULU",
        "geography": "US",
        "content_name": "LULU Q4 2009 Transcript",
        "file_type": "pdf",
        "content_type": "earnings_transcript",
        "published_date": "2010-03-25",
        "fiscal_date": "2010-03-25",
        "fiscal_year": 2009,
        "fiscal_quarter": 4,
        "r2_url": "https://pub-2c783279b61043e19fbdadd1bee5153a.r2.dev/LULU/2010-03-25/lululemon%20athletica%20inc._2010-03-25_transcript/lululemon%20athletica%20inc._2010-03-25_transcript.pdf%5Clululemon%20athletica%20inc._2010-03-25_transcript.pdf",
        "periodicity": "periodic"
    },
    {
        "equity_ticker": "LULU",
        "geography": "US",
        "content_name": "LULU Q3 2009 Transcript",
        "file_type": "pdf",
        "content_type": "earnings_transcript",
        "published_date": "2009-12-09",
        "fiscal_date": "2009-12-09",
        "fiscal_year": 2009,
        "fiscal_quarter": 3,
        "r2_url": "https://pub-2c783279b61043e19fbdadd1bee5153a.r2.dev/LULU/2009-12-09/lululemon%20athletica%20inc._2009-12-09_transcript/lululemon%20athletica%20inc._2009-12-09_transcript.pdf%5Clululemon%20athletica%20inc._2009-12-09_transcript.pdf",
        "periodicity": "periodic"
    },
    {
        "equity_ticker": "LULU",
        "geography": "US",
        "content_name": "LULU Q2 2009 Transcript",
        "file_type": "pdf",
        "content_type": "earnings_transcript",
        "published_date": "2009-09-10",
        "fiscal_date": "2009-09-10",
        "fiscal_year": 2009,
        "fiscal_quarter": 2,
        "r2_url": "https://pub-2c783279b61043e19fbdadd1bee5153a.r2.dev/LULU/2009-09-10/lululemon%20athletica%20inc._2009-09-10_transcript/lululemon%20athletica%20inc._2009-09-10_transcript.pdf%5Clululemon%20athletica%20inc._2009-09-10_transcript.pdf",
        "periodicity": "periodic"
    },
    {
        "equity_ticker": "LULU",
        "geography": "US",
        "content_name": "LULU Q1 2009 Transcript",
        "file_type": "pdf",
        "content_type": "earnings_transcript",
        "published_date": "2009-06-11",
        "fiscal_date": "2009-06-11",
        "fiscal_year": 2009,
        "fiscal_quarter": 1,
        "r2_url": "https://pub-2c783279b61043e19fbdadd1bee5153a.r2.dev/LULU/2009-06-11/lululemon%20athletica%20inc._2009-06-11_transcript/lululemon%20athletica%20inc._2009-06-11_transcript.pdf%5Clululemon%20athletica%20inc._2009-06-11_transcript.pdf",
        "periodicity": "periodic"
    },
    {
        "equity_ticker": "LULU",
        "geography": "US",
        "content_name": "LULU Q4 2008 Transcript",
        "file_type": "pdf",
        "content_type": "earnings_transcript",
        "published_date": "2009-03-26",
        "fiscal_date": "2009-03-26",
        "fiscal_year": 2008,
        "fiscal_quarter": 4,
        "r2_url": "https://pub-2c783279b61043e19fbdadd1bee5153a.r2.dev/LULU/2009-03-26/lululemon%20athletica%20inc._2009-03-26_transcript/lululemon%20athletica%20inc._2009-03-26_transcript.pdf%5Clululemon%20athletica%20inc._2009-03-26_transcript.pdf",
        "periodicity": "periodic"
    },
    {
        "equity_ticker": "LULU",
        "geography": "US",
        "content_name": "LULU Q3 2008 Transcript",
        "file_type": "pdf",
        "content_type": "earnings_transcript",
        "published_date": "2008-12-11",
        "fiscal_date": "2008-12-11",
        "fiscal_year": 2008,
        "fiscal_quarter": 3,
        "r2_url": "https://pub-2c783279b61043e19fbdadd1bee5153a.r2.dev/LULU/2008-12-11/lululemon%20athletica%20inc._2008-12-11_transcript/lululemon%20athletica%20inc._2008-12-11_transcript.pdf%5Clululemon%20athletica%20inc._2008-12-11_transcript.pdf",
        "periodicity": "periodic"
    },
    {
        "equity_ticker": "LULU",
        "geography": "US",
        "content_name": "LULU Q2 2008 Transcript",
        "file_type": "pdf",
        "content_type": "earnings_transcript",
        "published_date": "2008-09-11",
        "fiscal_date": "2008-09-11",
        "fiscal_year": 2008,
        "fiscal_quarter": 2,
        "r2_url": "https://pub-2c783279b61043e19fbdadd1bee5153a.r2.dev/LULU/2008-09-11/lululemon%20athletica%20inc._2008-09-11_transcript/lululemon%20athletica%20inc._2008-09-11_transcript.pdf%5Clululemon%20athletica%20inc._2008-09-11_transcript.pdf",
        "periodicity": "periodic"
    },
    {
        "equity_ticker": "LULU",
        "geography": "US",
        "content_name": "LULU Q1 2008 Transcript",
        "file_type": "pdf",
        "content_type": "earnings_transcript",
        "published_date": "2008-06-02",
        "fiscal_date": "2008-06-02",
        "fiscal_year": 2008,
        "fiscal_quarter": 1,
        "r2_url": "https://pub-2c783279b61043e19fbdadd1bee5153a.r2.dev/LULU/2008-06-02/lululemon%20athletica%20inc._2008-06-02_transcript/lululemon%20athletica%20inc._2008-06-02_transcript.pdf%5Clululemon%20athletica%20inc._2008-06-02_transcript.pdf",
        "periodicity": "periodic"
    },
    {
        "equity_ticker": "LULU",
        "geography": "US",
        "content_name": "LULU Q3 2007 Transcript",
        "file_type": "pdf",
        "content_type": "earnings_transcript",
        "published_date": "2007-11-29",
        "fiscal_date": "2007-11-29",
        "fiscal_year": 2007,
        "fiscal_quarter": 3,
        "r2_url": "https://pub-2c783279b61043e19fbdadd1bee5153a.r2.dev/LULU/2007-11-29/lululemon%20athletica%20inc._2007-11-29_transcript/lululemon%20athletica%20inc._2007-11-29_transcript.pdf%5Clululemon%20athletica%20inc._2007-11-29_transcript.pdf",
        "periodicity": "periodic"
    }
]