[
    {
        "equity_ticker": "NCLH",
        "geography": "US",
        "content_name": "NCLH Q4 2024 Transcript",
        "file_type": "pdf",
        "content_type": "earnings_transcript",
        "published_date": "2025-02-27",
        "fiscal_date": "2025-02-27",
        "fiscal_year": 2024,
        "fiscal_quarter": 4,
        "r2_url": "https://pub-2c783279b61043e19fbdadd1bee5153a.r2.dev/NCLH/2025-02-27/Norwegian%20Cruise%20Line%20Holdings%20Ltd._2025-02-27_transcript/Norwegian%20Cruise%20Line%20Holdings%20Ltd._2025-02-27_transcript.pdf%5CNorwegian%20Cruise%20Line%20Holdings%20Ltd._2025-02-27_transcript.pdf",
        "periodicity": "periodic"
    },
    {
        "equity_ticker": "NCLH",
        "geography": "US",
        "content_name": "NCLH Q4 2024 Press Release",
        "file_type": "pdf",
        "content_type": "earnings_press_release",
        "published_date": "2025-02-27",
        "fiscal_date": "2025-02-27",
        "fiscal_year": 2024,
        "fiscal_quarter": 4,
        "r2_url": "https://pub-2c783279b61043e19fbdadd1bee5153a.r2.dev/NCLH/2025-02-27/d6da7-2025-02-27-11-13-42/d6da7-2025-02-27-11-13-42.pdf%5Cd6da7-2025-02-27-11-13-42.pdf",
        "periodicity": "periodic"
    },
    {
        "equity_ticker": "NCLH",
        "geography": "US",
        "content_name": "NCLH Q4 2024 Presentation",
        "file_type": "pdf",
        "content_type": "earnings_presentation",
        "published_date": "2025-02-27",
        "fiscal_date": "2025-02-27",
        "fiscal_year": 2024,
        "fiscal_quarter": 4,
        "r2_url": "https://pub-2c783279b61043e19fbdadd1bee5153a.r2.dev/NCLH/2025-02-27/02fad-2025-02-27-11-17-42/02fad-2025-02-27-11-17-42.pdf%5C02fad-2025-02-27-11-17-42.pdf",
        "periodicity": "periodic"
    },
    {
        "equity_ticker": "NCLH",
        "geography": "US",
        "content_name": "NCLH Q3 2024 Transcript",
        "file_type": "pdf",
        "content_type": "earnings_transcript",
        "published_date": "2024-10-31",
        "fiscal_date": "2024-10-31",
        "fiscal_year": 2024,
        "fiscal_quarter": 3,
        "r2_url": "https://pub-2c783279b61043e19fbdadd1bee5153a.r2.dev/NCLH/2024-10-31/Norwegian%20Cruise%20Line%20Holdings%20Ltd._2024-10-31_transcript/Norwegian%20Cruise%20Line%20Holdings%20Ltd._2024-10-31_transcript.pdf%5CNorwegian%20Cruise%20Line%20Holdings%20Ltd._2024-10-31_transcript.pdf",
        "periodicity": "periodic"
    },
    {
        "equity_ticker": "NCLH",
        "geography": "US",
        "content_name": "NCLH Q3 2024 Press Release",
        "file_type": "pdf",
        "content_type": "earnings_press_release",
        "published_date": "2024-10-31",
        "fiscal_date": "2024-10-31",
        "fiscal_year": 2024,
        "fiscal_quarter": 3,
        "r2_url": "https://pub-2c783279b61043e19fbdadd1bee5153a.r2.dev/NCLH/2024-10-31/08f88-2024-10-31-11-57-06/08f88-2024-10-31-11-57-06.pdf%5C08f88-2024-10-31-11-57-06.pdf",
        "periodicity": "periodic"
    },
    {
        "equity_ticker": "NCLH",
        "geography": "US",
        "content_name": "NCLH Q3 2024 Presentation",
        "file_type": "pdf",
        "content_type": "earnings_presentation",
        "published_date": "2024-10-31",
        "fiscal_date": "2024-10-31",
        "fiscal_year": 2024,
        "fiscal_quarter": 3,
        "r2_url": "https://pub-2c783279b61043e19fbdadd1bee5153a.r2.dev/NCLH/2024-10-31/23371-2024-10-31-11-57-06/23371-2024-10-31-11-57-06.pdf%5C23371-2024-10-31-11-57-06.pdf",
        "periodicity": "periodic"
    },
    {
        "equity_ticker": "NCLH",
        "geography": "US",
        "content_name": "NCLH Q2 2024 Transcript",
        "file_type": "pdf",
        "content_type": "earnings_transcript",
        "published_date": "2024-07-31",
        "fiscal_date": "2024-07-31",
        "fiscal_year": 2024,
        "fiscal_quarter": 2,
        "r2_url": "https://pub-2c783279b61043e19fbdadd1bee5153a.r2.dev/NCLH/2024-07-31/Norwegian%20Cruise%20Line%20Holdings%20Ltd._2024-07-31_transcript/Norwegian%20Cruise%20Line%20Holdings%20Ltd._2024-07-31_transcript.pdf%5CNorwegian%20Cruise%20Line%20Holdings%20Ltd._2024-07-31_transcript.pdf",
        "periodicity": "periodic"
    },
    {
        "equity_ticker": "NCLH",
        "geography": "US",
        "content_name": "NCLH Q2 2024 Press Release",
        "file_type": "pdf",
        "content_type": "earnings_press_release",
        "published_date": "2024-07-31",
        "fiscal_date": "2024-07-31",
        "fiscal_year": 2024,
        "fiscal_quarter": 2,
        "r2_url": "https://pub-2c783279b61043e19fbdadd1bee5153a.r2.dev/NCLH/2024-07-31/98358-2024-07-31-11-29-34/98358-2024-07-31-11-29-34.pdf%5C98358-2024-07-31-11-29-34.pdf",
        "periodicity": "periodic"
    },
    {
        "equity_ticker": "NCLH",
        "geography": "US",
        "content_name": "NCLH Q2 2024 Presentation",
        "file_type": "pdf",
        "content_type": "earnings_presentation",
        "published_date": "2024-07-31",
        "fiscal_date": "2024-07-31",
        "fiscal_year": 2024,
        "fiscal_quarter": 2,
        "r2_url": "https://pub-2c783279b61043e19fbdadd1bee5153a.r2.dev/NCLH/2024-07-31/420de-2024-07-31-12-55-50/420de-2024-07-31-12-55-50.pdf%5C420de-2024-07-31-12-55-50.pdf",
        "periodicity": "periodic"
    },
    {
        "equity_ticker": "NCLH",
        "geography": "US",
        "content_name": "Investor Day 2024 - May 20, 2024",
        "file_type": "pdf",
        "content_type": "company_conference_transcript",
        "published_date": "2024-05-20",
        "fiscal_date": "2024-05-20",
        "fiscal_year": null,
        "fiscal_quarter": null,
        "r2_url": "https://pub-2c783279b61043e19fbdadd1bee5153a.r2.dev/NCLH/2024-05-20/Norwegian%20Cruise%20Line%20Holdings%20Ltd._2024-05-20_transcript/Norwegian%20Cruise%20Line%20Holdings%20Ltd._2024-05-20_transcript.pdf%5CNorwegian%20Cruise%20Line%20Holdings%20Ltd._2024-05-20_transcript.pdf",
        "periodicity": "non_periodic"
    },
    {
        "equity_ticker": "NCLH",
        "geography": "US",
        "content_name": "Investor Day 2024 - May 20, 2024",
        "file_type": "pdf",
        "content_type": "company_conference_presentation",
        "published_date": "2024-05-20",
        "fiscal_date": "2024-05-20",
        "fiscal_year": null,
        "fiscal_quarter": null,
        "r2_url": "https://pub-2c783279b61043e19fbdadd1bee5153a.r2.dev/NCLH/2024-05-20/aceca-2024-05-20-02-31-58/aceca-2024-05-20-02-31-58.pdf%5Caceca-2024-05-20-02-31-58.pdf",
        "periodicity": "non_periodic"
    },
    {
        "equity_ticker": "NCLH",
        "geography": "US",
        "content_name": "NCLH Q1 2024 Transcript",
        "file_type": "pdf",
        "content_type": "earnings_transcript",
        "published_date": "2024-05-01",
        "fiscal_date": "2024-05-01",
        "fiscal_year": 2024,
        "fiscal_quarter": 1,
        "r2_url": "https://pub-2c783279b61043e19fbdadd1bee5153a.r2.dev/NCLH/2024-05-01/Norwegian%20Cruise%20Line%20Holdings%20Ltd._2024-05-01_transcript/Norwegian%20Cruise%20Line%20Holdings%20Ltd._2024-05-01_transcript.pdf%5CNorwegian%20Cruise%20Line%20Holdings%20Ltd._2024-05-01_transcript.pdf",
        "periodicity": "periodic"
    },
    {
        "equity_ticker": "NCLH",
        "geography": "US",
        "content_name": "NCLH Q1 2024 Press Release",
        "file_type": "pdf",
        "content_type": "earnings_press_release",
        "published_date": "2024-05-01",
        "fiscal_date": "2024-05-01",
        "fiscal_year": 2024,
        "fiscal_quarter": 1,
        "r2_url": "https://pub-2c783279b61043e19fbdadd1bee5153a.r2.dev/NCLH/2024-05-01/62368-2024-05-01-11-42-33/62368-2024-05-01-11-42-33.pdf%5C62368-2024-05-01-11-42-33.pdf",
        "periodicity": "periodic"
    },
    {
        "equity_ticker": "NCLH",
        "geography": "US",
        "content_name": "NCLH Q1 2024 Presentation",
        "file_type": "pdf",
        "content_type": "earnings_presentation",
        "published_date": "2024-05-01",
        "fiscal_date": "2024-05-01",
        "fiscal_year": 2024,
        "fiscal_quarter": 1,
        "r2_url": "https://pub-2c783279b61043e19fbdadd1bee5153a.r2.dev/NCLH/2024-05-01/f5733-2024-05-01-11-42-33/f5733-2024-05-01-11-42-33.pdf%5Cf5733-2024-05-01-11-42-33.pdf",
        "periodicity": "periodic"
    },
    {
        "equity_ticker": "NCLH",
        "geography": "US",
        "content_name": "Status Update - April 9, 2024",
        "file_type": "pdf",
        "content_type": "company_conference_transcript",
        "published_date": "2024-04-09",
        "fiscal_date": "2024-04-09",
        "fiscal_year": null,
        "fiscal_quarter": null,
        "r2_url": "https://pub-2c783279b61043e19fbdadd1bee5153a.r2.dev/NCLH/2024-04-09/Norwegian%20Cruise%20Line%20Holdings%20Ltd._2024-04-09_transcript/Norwegian%20Cruise%20Line%20Holdings%20Ltd._2024-04-09_transcript.pdf%5CNorwegian%20Cruise%20Line%20Holdings%20Ltd._2024-04-09_transcript.pdf",
        "periodicity": "non_periodic"
    },
    {
        "equity_ticker": "NCLH",
        "geography": "US",
        "content_name": "Status Update - April 9, 2024",
        "file_type": "pdf",
        "content_type": "company_conference_press_release",
        "published_date": "2024-04-09",
        "fiscal_date": "2024-04-09",
        "fiscal_year": null,
        "fiscal_quarter": null,
        "r2_url": "https://pub-2c783279b61043e19fbdadd1bee5153a.r2.dev/NCLH/2024-04-09/03ae8-2024-04-09-06-47-07/03ae8-2024-04-09-06-47-07.pdf%5C03ae8-2024-04-09-06-47-07.pdf",
        "periodicity": "non_periodic"
    },
    {
        "equity_ticker": "NCLH",
        "geography": "US",
        "content_name": "Status Update - April 9, 2024",
        "file_type": "pdf",
        "content_type": "company_conference_presentation",
        "published_date": "2024-04-09",
        "fiscal_date": "2024-04-09",
        "fiscal_year": null,
        "fiscal_quarter": null,
        "r2_url": "https://pub-2c783279b61043e19fbdadd1bee5153a.r2.dev/NCLH/2024-04-09/00575-2024-04-09-06-51-07/00575-2024-04-09-06-51-07.pdf%5C00575-2024-04-09-06-51-07.pdf",
        "periodicity": "non_periodic"
    },
    {
        "equity_ticker": "NCLH",
        "geography": "US",
        "content_name": "NCLH Q4 2023 Transcript",
        "file_type": "pdf",
        "content_type": "earnings_transcript",
        "published_date": "2024-02-27",
        "fiscal_date": "2024-02-27",
        "fiscal_year": 2023,
        "fiscal_quarter": 4,
        "r2_url": "https://pub-2c783279b61043e19fbdadd1bee5153a.r2.dev/NCLH/2024-02-27/Norwegian%20Cruise%20Line%20Holdings%20Ltd._2024-02-27_transcript/Norwegian%20Cruise%20Line%20Holdings%20Ltd._2024-02-27_transcript.pdf%5CNorwegian%20Cruise%20Line%20Holdings%20Ltd._2024-02-27_transcript.pdf",
        "periodicity": "periodic"
    },
    {
        "equity_ticker": "NCLH",
        "geography": "US",
        "content_name": "NCLH Q4 2023 Press Release",
        "file_type": "pdf",
        "content_type": "earnings_press_release",
        "published_date": "2024-02-27",
        "fiscal_date": "2024-02-27",
        "fiscal_year": 2023,
        "fiscal_quarter": 4,
        "r2_url": "https://pub-2c783279b61043e19fbdadd1bee5153a.r2.dev/NCLH/2024-02-27/3a55d-2024-02-27-12-08-39/3a55d-2024-02-27-12-08-39.pdf%5C3a55d-2024-02-27-12-08-39.pdf",
        "periodicity": "periodic"
    },
    {
        "equity_ticker": "NCLH",
        "geography": "US",
        "content_name": "NCLH Q4 2023 Presentation",
        "file_type": "pdf",
        "content_type": "earnings_presentation",
        "published_date": "2024-02-27",
        "fiscal_date": "2024-02-27",
        "fiscal_year": 2023,
        "fiscal_quarter": 4,
        "r2_url": "https://pub-2c783279b61043e19fbdadd1bee5153a.r2.dev/NCLH/2024-02-27/0fe50-2024-02-27-12-08-39/0fe50-2024-02-27-12-08-39.pdf%5C0fe50-2024-02-27-12-08-39.pdf",
        "periodicity": "periodic"
    },
    {
        "equity_ticker": "NCLH",
        "geography": "US",
        "content_name": "NCLH Q3 2023 Transcript",
        "file_type": "pdf",
        "content_type": "earnings_transcript",
        "published_date": "2023-11-01",
        "fiscal_date": "2023-11-01",
        "fiscal_year": 2023,
        "fiscal_quarter": 3,
        "r2_url": "https://pub-2c783279b61043e19fbdadd1bee5153a.r2.dev/NCLH/2023-11-01/Norwegian%20Cruise%20Line%20Holdings%20Ltd._2023-11-01_transcript/Norwegian%20Cruise%20Line%20Holdings%20Ltd._2023-11-01_transcript.pdf%5CNorwegian%20Cruise%20Line%20Holdings%20Ltd._2023-11-01_transcript.pdf",
        "periodicity": "periodic"
    },
    {
        "equity_ticker": "NCLH",
        "geography": "US",
        "content_name": "NCLH Q3 2023 Press Release",
        "file_type": "pdf",
        "content_type": "earnings_press_release",
        "published_date": "2023-11-01",
        "fiscal_date": "2023-11-01",
        "fiscal_year": 2023,
        "fiscal_quarter": 3,
        "r2_url": "https://pub-2c783279b61043e19fbdadd1bee5153a.r2.dev/NCLH/2023-11-01/8ab53-2023-11-01-11-15-36/8ab53-2023-11-01-11-15-36.pdf%5C8ab53-2023-11-01-11-15-36.pdf",
        "periodicity": "periodic"
    },
    {
        "equity_ticker": "NCLH",
        "geography": "US",
        "content_name": "NCLH Q3 2023 Presentation",
        "file_type": "pdf",
        "content_type": "earnings_presentation",
        "published_date": "2023-11-01",
        "fiscal_date": "2023-11-01",
        "fiscal_year": 2023,
        "fiscal_quarter": 3,
        "r2_url": "https://pub-2c783279b61043e19fbdadd1bee5153a.r2.dev/NCLH/2023-11-01/82896-2023-11-01-11-16-36/82896-2023-11-01-11-16-36.pdf%5C82896-2023-11-01-11-16-36.pdf",
        "periodicity": "periodic"
    },
    {
        "equity_ticker": "NCLH",
        "geography": "US",
        "content_name": "NCLH Q2 2023 Transcript",
        "file_type": "pdf",
        "content_type": "earnings_transcript",
        "published_date": "2023-08-01",
        "fiscal_date": "2023-08-01",
        "fiscal_year": 2023,
        "fiscal_quarter": 2,
        "r2_url": "https://pub-2c783279b61043e19fbdadd1bee5153a.r2.dev/NCLH/2023-08-01/Norwegian%20Cruise%20Line%20Holdings%20Ltd._2023-08-01_transcript/Norwegian%20Cruise%20Line%20Holdings%20Ltd._2023-08-01_transcript.pdf%5CNorwegian%20Cruise%20Line%20Holdings%20Ltd._2023-08-01_transcript.pdf",
        "periodicity": "periodic"
    },
    {
        "equity_ticker": "NCLH",
        "geography": "US",
        "content_name": "NCLH Q2 2023 Press Release",
        "file_type": "pdf",
        "content_type": "earnings_press_release",
        "published_date": "2023-08-01",
        "fiscal_date": "2023-08-01",
        "fiscal_year": 2023,
        "fiscal_quarter": 2,
        "r2_url": "https://pub-2c783279b61043e19fbdadd1bee5153a.r2.dev/NCLH/2023-08-01/16527-2023-08-01-11-52-31/16527-2023-08-01-11-52-31.pdf%5C16527-2023-08-01-11-52-31.pdf",
        "periodicity": "periodic"
    },
    {
        "equity_ticker": "NCLH",
        "geography": "US",
        "content_name": "NCLH Q2 2023 Presentation",
        "file_type": "pdf",
        "content_type": "earnings_presentation",
        "published_date": "2023-08-01",
        "fiscal_date": "2023-08-01",
        "fiscal_year": 2023,
        "fiscal_quarter": 2,
        "r2_url": "https://pub-2c783279b61043e19fbdadd1bee5153a.r2.dev/NCLH/2023-08-01/ab106-2023-08-01-11-40-31/ab106-2023-08-01-11-40-31.pdf%5Cab106-2023-08-01-11-40-31.pdf",
        "periodicity": "periodic"
    },
    {
        "equity_ticker": "NCLH",
        "geography": "US",
        "content_name": "NCLH Q1 2023 Transcript",
        "file_type": "pdf",
        "content_type": "earnings_transcript",
        "published_date": "2023-05-01",
        "fiscal_date": "2023-05-01",
        "fiscal_year": 2023,
        "fiscal_quarter": 1,
        "r2_url": "https://pub-2c783279b61043e19fbdadd1bee5153a.r2.dev/NCLH/2023-05-01/Norwegian%20Cruise%20Line%20Holdings%20Ltd._2023-05-01_transcript/Norwegian%20Cruise%20Line%20Holdings%20Ltd._2023-05-01_transcript.pdf%5CNorwegian%20Cruise%20Line%20Holdings%20Ltd._2023-05-01_transcript.pdf",
        "periodicity": "periodic"
    },
    {
        "equity_ticker": "NCLH",
        "geography": "US",
        "content_name": "NCLH Q1 2023 Press Release",
        "file_type": "pdf",
        "content_type": "earnings_press_release",
        "published_date": "2023-05-01",
        "fiscal_date": "2023-05-01",
        "fiscal_year": 2023,
        "fiscal_quarter": 1,
        "r2_url": "https://pub-2c783279b61043e19fbdadd1bee5153a.r2.dev/NCLH/2023-05-01/b0032-2023-05-01-12-27-19/b0032-2023-05-01-12-27-19.pdf%5Cb0032-2023-05-01-12-27-19.pdf",
        "periodicity": "periodic"
    },
    {
        "equity_ticker": "NCLH",
        "geography": "US",
        "content_name": "NCLH Q1 2023 Presentation",
        "file_type": "pdf",
        "content_type": "earnings_presentation",
        "published_date": "2023-05-01",
        "fiscal_date": "2023-05-01",
        "fiscal_year": 2023,
        "fiscal_quarter": 1,
        "r2_url": "https://pub-2c783279b61043e19fbdadd1bee5153a.r2.dev/NCLH/2023-05-01/8c4dc-2023-05-01-12-28-19/8c4dc-2023-05-01-12-28-19.pdf%5C8c4dc-2023-05-01-12-28-19.pdf",
        "periodicity": "periodic"
    },
    {
        "equity_ticker": "NCLH",
        "geography": "US",
        "content_name": "NCLH Q4 2022 Transcript",
        "file_type": "pdf",
        "content_type": "earnings_transcript",
        "published_date": "2023-02-28",
        "fiscal_date": "2023-02-28",
        "fiscal_year": 2022,
        "fiscal_quarter": 4,
        "r2_url": "https://pub-2c783279b61043e19fbdadd1bee5153a.r2.dev/NCLH/2023-02-28/Norwegian%20Cruise%20Line%20Holdings%20Ltd._2023-02-28_transcript/Norwegian%20Cruise%20Line%20Holdings%20Ltd._2023-02-28_transcript.pdf%5CNorwegian%20Cruise%20Line%20Holdings%20Ltd._2023-02-28_transcript.pdf",
        "periodicity": "periodic"
    },
    {
        "equity_ticker": "NCLH",
        "geography": "US",
        "content_name": "NCLH Q4 2022 Press Release",
        "file_type": "pdf",
        "content_type": "earnings_press_release",
        "published_date": "2023-02-28",
        "fiscal_date": "2023-02-28",
        "fiscal_year": 2022,
        "fiscal_quarter": 4,
        "r2_url": "https://pub-2c783279b61043e19fbdadd1bee5153a.r2.dev/NCLH/2023-02-28/cb5f5-2023-02-28-12-17-20/cb5f5-2023-02-28-12-17-20.pdf%5Ccb5f5-2023-02-28-12-17-20.pdf",
        "periodicity": "periodic"
    },
    {
        "equity_ticker": "NCLH",
        "geography": "US",
        "content_name": "NCLH Q4 2022 Presentation",
        "file_type": "pdf",
        "content_type": "earnings_presentation",
        "published_date": "2023-02-28",
        "fiscal_date": "2023-02-28",
        "fiscal_year": 2022,
        "fiscal_quarter": 4,
        "r2_url": "https://pub-2c783279b61043e19fbdadd1bee5153a.r2.dev/NCLH/2023-02-28/fac8f-2023-02-28-12-17-20/fac8f-2023-02-28-12-17-20.pdf%5Cfac8f-2023-02-28-12-17-20.pdf",
        "periodicity": "periodic"
    },
    {
        "equity_ticker": "NCLH",
        "geography": "US",
        "content_name": "NCLH Q3 2022 Transcript",
        "file_type": "pdf",
        "content_type": "earnings_transcript",
        "published_date": "2022-11-08",
        "fiscal_date": "2022-11-08",
        "fiscal_year": 2022,
        "fiscal_quarter": 3,
        "r2_url": "https://pub-2c783279b61043e19fbdadd1bee5153a.r2.dev/NCLH/2022-11-08/Norwegian%20Cruise%20Line%20Holdings%20Ltd._2022-11-08_transcript/Norwegian%20Cruise%20Line%20Holdings%20Ltd._2022-11-08_transcript.pdf%5CNorwegian%20Cruise%20Line%20Holdings%20Ltd._2022-11-08_transcript.pdf",
        "periodicity": "periodic"
    },
    {
        "equity_ticker": "NCLH",
        "geography": "US",
        "content_name": "NCLH Q3 2022 Press Release",
        "file_type": "pdf",
        "content_type": "earnings_press_release",
        "published_date": "2022-11-08",
        "fiscal_date": "2022-11-08",
        "fiscal_year": 2022,
        "fiscal_quarter": 3,
        "r2_url": "https://pub-2c783279b61043e19fbdadd1bee5153a.r2.dev/NCLH/2022-11-08/f3cbc-2022-11-08-01-46-17/f3cbc-2022-11-08-01-46-17.pdf%5Cf3cbc-2022-11-08-01-46-17.pdf",
        "periodicity": "periodic"
    },
    {
        "equity_ticker": "NCLH",
        "geography": "US",
        "content_name": "NCLH Q3 2022 Presentation",
        "file_type": "pdf",
        "content_type": "earnings_presentation",
        "published_date": "2022-11-08",
        "fiscal_date": "2022-11-08",
        "fiscal_year": 2022,
        "fiscal_quarter": 3,
        "r2_url": "https://pub-2c783279b61043e19fbdadd1bee5153a.r2.dev/NCLH/2022-11-08/ccfaf-2022-11-08-01-48-17/ccfaf-2022-11-08-01-48-17.pdf%5Cccfaf-2022-11-08-01-48-17.pdf",
        "periodicity": "periodic"
    },
    {
        "equity_ticker": "NCLH",
        "geography": "US",
        "content_name": "Status Update - October 6, 2022",
        "file_type": "pdf",
        "content_type": "company_conference_transcript",
        "published_date": "2022-10-06",
        "fiscal_date": "2022-10-06",
        "fiscal_year": null,
        "fiscal_quarter": null,
        "r2_url": "https://pub-2c783279b61043e19fbdadd1bee5153a.r2.dev/NCLH/2022-10-06/Norwegian%20Cruise%20Line%20Holdings%20Ltd._2022-10-06_transcript/Norwegian%20Cruise%20Line%20Holdings%20Ltd._2022-10-06_transcript.pdf%5CNorwegian%20Cruise%20Line%20Holdings%20Ltd._2022-10-06_transcript.pdf",
        "periodicity": "non_periodic"
    },
    {
        "equity_ticker": "NCLH",
        "geography": "US",
        "content_name": "Status Update - October 6, 2022",
        "file_type": "pdf",
        "content_type": "company_conference_presentation",
        "published_date": "2022-10-06",
        "fiscal_date": "2022-10-06",
        "fiscal_year": null,
        "fiscal_quarter": null,
        "r2_url": "https://pub-2c783279b61043e19fbdadd1bee5153a.r2.dev/NCLH/2022-10-06/3c36b-2022-10-08-12-07-35/3c36b-2022-10-08-12-07-35.pdf%5C3c36b-2022-10-08-12-07-35.pdf",
        "periodicity": "non_periodic"
    },
    {
        "equity_ticker": "NCLH",
        "geography": "US",
        "content_name": "NCLH Q2 2022 Transcript",
        "file_type": "pdf",
        "content_type": "earnings_transcript",
        "published_date": "2022-08-09",
        "fiscal_date": "2022-08-09",
        "fiscal_year": 2022,
        "fiscal_quarter": 2,
        "r2_url": "https://pub-2c783279b61043e19fbdadd1bee5153a.r2.dev/NCLH/2022-08-09/Norwegian%20Cruise%20Line%20Holdings%20Ltd._2022-08-09_transcript/Norwegian%20Cruise%20Line%20Holdings%20Ltd._2022-08-09_transcript.pdf%5CNorwegian%20Cruise%20Line%20Holdings%20Ltd._2022-08-09_transcript.pdf",
        "periodicity": "periodic"
    },
    {
        "equity_ticker": "NCLH",
        "geography": "US",
        "content_name": "NCLH Q2 2022 Press Release",
        "file_type": "pdf",
        "content_type": "earnings_press_release",
        "published_date": "2022-08-09",
        "fiscal_date": "2022-08-09",
        "fiscal_year": 2022,
        "fiscal_quarter": 2,
        "r2_url": "https://pub-2c783279b61043e19fbdadd1bee5153a.r2.dev/NCLH/2022-08-09/e5d7a-2022-08-09-12-22-24/e5d7a-2022-08-09-12-22-24.pdf%5Ce5d7a-2022-08-09-12-22-24.pdf",
        "periodicity": "periodic"
    },
    {
        "equity_ticker": "NCLH",
        "geography": "US",
        "content_name": "NCLH Q2 2022 Presentation",
        "file_type": "pdf",
        "content_type": "earnings_presentation",
        "published_date": "2022-08-09",
        "fiscal_date": "2022-08-09",
        "fiscal_year": 2022,
        "fiscal_quarter": 2,
        "r2_url": "https://pub-2c783279b61043e19fbdadd1bee5153a.r2.dev/NCLH/2022-08-09/11957-2022-08-09-12-22-24/11957-2022-08-09-12-22-24.pdf%5C11957-2022-08-09-12-22-24.pdf",
        "periodicity": "periodic"
    },
    {
        "equity_ticker": "NCLH",
        "geography": "US",
        "content_name": "NCLH Q1 2022 Transcript",
        "file_type": "pdf",
        "content_type": "earnings_transcript",
        "published_date": "2022-05-10",
        "fiscal_date": "2022-05-10",
        "fiscal_year": 2022,
        "fiscal_quarter": 1,
        "r2_url": "https://pub-2c783279b61043e19fbdadd1bee5153a.r2.dev/NCLH/2022-05-10/Norwegian%20Cruise%20Line%20Holdings%20Ltd._2022-05-10_transcript/Norwegian%20Cruise%20Line%20Holdings%20Ltd._2022-05-10_transcript.pdf%5CNorwegian%20Cruise%20Line%20Holdings%20Ltd._2022-05-10_transcript.pdf",
        "periodicity": "periodic"
    },
    {
        "equity_ticker": "NCLH",
        "geography": "US",
        "content_name": "NCLH Q1 2022 Press Release",
        "file_type": "pdf",
        "content_type": "earnings_press_release",
        "published_date": "2022-05-10",
        "fiscal_date": "2022-05-10",
        "fiscal_year": 2022,
        "fiscal_quarter": 1,
        "r2_url": "https://pub-2c783279b61043e19fbdadd1bee5153a.r2.dev/NCLH/2022-05-10/7adee-2023-01-25-02-36-50/7adee-2023-01-25-02-36-50.pdf%5C7adee-2023-01-25-02-36-50.pdf",
        "periodicity": "periodic"
    },
    {
        "equity_ticker": "NCLH",
        "geography": "US",
        "content_name": "NCLH Q1 2022 Presentation",
        "file_type": "pdf",
        "content_type": "earnings_presentation",
        "published_date": "2022-05-10",
        "fiscal_date": "2022-05-10",
        "fiscal_year": 2022,
        "fiscal_quarter": 1,
        "r2_url": "https://pub-2c783279b61043e19fbdadd1bee5153a.r2.dev/NCLH/2022-05-10/17cb7-2022-05-10-06-02-21-migrated/17cb7-2022-05-10-06-02-21-migrated.pdf%5C17cb7-2022-05-10-06-02-21-migrated.pdf",
        "periodicity": "periodic"
    },
    {
        "equity_ticker": "NCLH",
        "geography": "US",
        "content_name": "NCLH Q4 2021 Transcript",
        "file_type": "pdf",
        "content_type": "earnings_transcript",
        "published_date": "2022-02-24",
        "fiscal_date": "2022-02-24",
        "fiscal_year": 2021,
        "fiscal_quarter": 4,
        "r2_url": "https://pub-2c783279b61043e19fbdadd1bee5153a.r2.dev/NCLH/2022-02-24/Norwegian%20Cruise%20Line%20Holdings%20Ltd._2022-02-24_transcript/Norwegian%20Cruise%20Line%20Holdings%20Ltd._2022-02-24_transcript.pdf%5CNorwegian%20Cruise%20Line%20Holdings%20Ltd._2022-02-24_transcript.pdf",
        "periodicity": "periodic"
    },
    {
        "equity_ticker": "NCLH",
        "geography": "US",
        "content_name": "NCLH Q4 2021 Press Release",
        "file_type": "pdf",
        "content_type": "earnings_press_release",
        "published_date": "2022-02-24",
        "fiscal_date": "2022-02-24",
        "fiscal_year": 2021,
        "fiscal_quarter": 4,
        "r2_url": "https://pub-2c783279b61043e19fbdadd1bee5153a.r2.dev/NCLH/2022-02-24/17aaf-2023-01-25-12-14-41/17aaf-2023-01-25-12-14-41.pdf%5C17aaf-2023-01-25-12-14-41.pdf",
        "periodicity": "periodic"
    },
    {
        "equity_ticker": "NCLH",
        "geography": "US",
        "content_name": "NCLH Q4 2021 Presentation",
        "file_type": "pdf",
        "content_type": "earnings_presentation",
        "published_date": "2022-02-24",
        "fiscal_date": "2022-02-24",
        "fiscal_year": 2021,
        "fiscal_quarter": 4,
        "r2_url": "https://pub-2c783279b61043e19fbdadd1bee5153a.r2.dev/NCLH/2022-02-24/898b8-2022-02-24-01-22-11-migrated/898b8-2022-02-24-01-22-11-migrated.pdf%5C898b8-2022-02-24-01-22-11-migrated.pdf",
        "periodicity": "periodic"
    },
    {
        "equity_ticker": "NCLH",
        "geography": "US",
        "content_name": "NCLH Q3 2021 Transcript",
        "file_type": "pdf",
        "content_type": "earnings_transcript",
        "published_date": "2021-11-03",
        "fiscal_date": "2021-11-03",
        "fiscal_year": 2021,
        "fiscal_quarter": 3,
        "r2_url": "https://pub-2c783279b61043e19fbdadd1bee5153a.r2.dev/NCLH/2021-11-03/Norwegian%20Cruise%20Line%20Holdings%20Ltd._2021-11-03_transcript/Norwegian%20Cruise%20Line%20Holdings%20Ltd._2021-11-03_transcript.pdf%5CNorwegian%20Cruise%20Line%20Holdings%20Ltd._2021-11-03_transcript.pdf",
        "periodicity": "periodic"
    },
    {
        "equity_ticker": "NCLH",
        "geography": "US",
        "content_name": "NCLH Q3 2021 Press Release",
        "file_type": "pdf",
        "content_type": "earnings_press_release",
        "published_date": "2021-11-03",
        "fiscal_date": "2021-11-03",
        "fiscal_year": 2021,
        "fiscal_quarter": 3,
        "r2_url": "https://pub-2c783279b61043e19fbdadd1bee5153a.r2.dev/NCLH/2021-11-03/b527e-2023-01-25-11-09-56/b527e-2023-01-25-11-09-56.pdf%5Cb527e-2023-01-25-11-09-56.pdf",
        "periodicity": "periodic"
    },
    {
        "equity_ticker": "NCLH",
        "geography": "US",
        "content_name": "NCLH Q3 2021 Presentation",
        "file_type": "pdf",
        "content_type": "earnings_presentation",
        "published_date": "2021-11-03",
        "fiscal_date": "2021-11-03",
        "fiscal_year": 2021,
        "fiscal_quarter": 3,
        "r2_url": "https://pub-2c783279b61043e19fbdadd1bee5153a.r2.dev/NCLH/2021-11-03/4e39f-2021-11-03-12-00-00-migrated/4e39f-2021-11-03-12-00-00-migrated.pdf%5C4e39f-2021-11-03-12-00-00-migrated.pdf",
        "periodicity": "periodic"
    },
    {
        "equity_ticker": "NCLH",
        "geography": "US",
        "content_name": "NCLH Q2 2021 Transcript",
        "file_type": "pdf",
        "content_type": "earnings_transcript",
        "published_date": "2021-08-06",
        "fiscal_date": "2021-08-06",
        "fiscal_year": 2021,
        "fiscal_quarter": 2,
        "r2_url": "https://pub-2c783279b61043e19fbdadd1bee5153a.r2.dev/NCLH/2021-08-06/Norwegian%20Cruise%20Line%20Holdings%20Ltd._2021-08-06_transcript/Norwegian%20Cruise%20Line%20Holdings%20Ltd._2021-08-06_transcript.pdf%5CNorwegian%20Cruise%20Line%20Holdings%20Ltd._2021-08-06_transcript.pdf",
        "periodicity": "periodic"
    },
    {
        "equity_ticker": "NCLH",
        "geography": "US",
        "content_name": "NCLH Q2 2021 Press Release",
        "file_type": "pdf",
        "content_type": "earnings_press_release",
        "published_date": "2021-08-06",
        "fiscal_date": "2021-08-06",
        "fiscal_year": 2021,
        "fiscal_quarter": 2,
        "r2_url": "https://pub-2c783279b61043e19fbdadd1bee5153a.r2.dev/NCLH/2021-08-06/4d5df-2023-01-25-10-25-00/4d5df-2023-01-25-10-25-00.pdf%5C4d5df-2023-01-25-10-25-00.pdf",
        "periodicity": "periodic"
    },
    {
        "equity_ticker": "NCLH",
        "geography": "US",
        "content_name": "NCLH Q2 2021 Presentation",
        "file_type": "pdf",
        "content_type": "earnings_presentation",
        "published_date": "2021-08-06",
        "fiscal_date": "2021-08-06",
        "fiscal_year": 2021,
        "fiscal_quarter": 2,
        "r2_url": "https://pub-2c783279b61043e19fbdadd1bee5153a.r2.dev/NCLH/2021-08-06/a2d4d-2021-08-06-04-00-26-migrated/a2d4d-2021-08-06-04-00-26-migrated.pdf%5Ca2d4d-2021-08-06-04-00-26-migrated.pdf",
        "periodicity": "periodic"
    },
    {
        "equity_ticker": "NCLH",
        "geography": "US",
        "content_name": "NCLH Q1 2021 Transcript",
        "file_type": "pdf",
        "content_type": "earnings_transcript",
        "published_date": "2021-05-05",
        "fiscal_date": "2021-05-05",
        "fiscal_year": 2021,
        "fiscal_quarter": 1,
        "r2_url": "https://pub-2c783279b61043e19fbdadd1bee5153a.r2.dev/NCLH/2021-05-05/Norwegian%20Cruise%20Line%20Holdings%20Ltd._2021-05-05_transcript/Norwegian%20Cruise%20Line%20Holdings%20Ltd._2021-05-05_transcript.pdf%5CNorwegian%20Cruise%20Line%20Holdings%20Ltd._2021-05-05_transcript.pdf",
        "periodicity": "periodic"
    },
    {
        "equity_ticker": "NCLH",
        "geography": "US",
        "content_name": "NCLH Q1 2021 Press Release",
        "file_type": "pdf",
        "content_type": "earnings_press_release",
        "published_date": "2021-05-05",
        "fiscal_date": "2021-05-05",
        "fiscal_year": 2021,
        "fiscal_quarter": 1,
        "r2_url": "https://pub-2c783279b61043e19fbdadd1bee5153a.r2.dev/NCLH/2021-05-05/b62b2-2023-01-25-09-43-22/b62b2-2023-01-25-09-43-22.pdf%5Cb62b2-2023-01-25-09-43-22.pdf",
        "periodicity": "periodic"
    },
    {
        "equity_ticker": "NCLH",
        "geography": "US",
        "content_name": "NCLH Q1 2021 Presentation",
        "file_type": "pdf",
        "content_type": "earnings_presentation",
        "published_date": "2021-05-05",
        "fiscal_date": "2021-05-05",
        "fiscal_year": 2021,
        "fiscal_quarter": 1,
        "r2_url": "https://pub-2c783279b61043e19fbdadd1bee5153a.r2.dev/NCLH/2021-05-05/75605-2021-05-05-10-00-37-migrated/75605-2021-05-05-10-00-37-migrated.pdf%5C75605-2021-05-05-10-00-37-migrated.pdf",
        "periodicity": "periodic"
    },
    {
        "equity_ticker": "NCLH",
        "geography": "US",
        "content_name": "NCLH Q4 2020 Transcript",
        "file_type": "pdf",
        "content_type": "earnings_transcript",
        "published_date": "2021-02-26",
        "fiscal_date": "2021-02-26",
        "fiscal_year": 2020,
        "fiscal_quarter": 4,
        "r2_url": "https://pub-2c783279b61043e19fbdadd1bee5153a.r2.dev/NCLH/2021-02-26/Norwegian%20Cruise%20Line%20Holdings%20Ltd._2021-02-26_transcript/Norwegian%20Cruise%20Line%20Holdings%20Ltd._2021-02-26_transcript.pdf%5CNorwegian%20Cruise%20Line%20Holdings%20Ltd._2021-02-26_transcript.pdf",
        "periodicity": "periodic"
    },
    {
        "equity_ticker": "NCLH",
        "geography": "US",
        "content_name": "NCLH Q4 2020 Press Release",
        "file_type": "pdf",
        "content_type": "annual_report",
        "published_date": "2021-02-26",
        "fiscal_date": "2021-02-26",
        "fiscal_year": 2020,
        "fiscal_quarter": 4,
        "r2_url": "https://pub-2c783279b61043e19fbdadd1bee5153a.r2.dev/NCLH/2021-02-26/c5428-2023-09-05-10-56-06/c5428-2023-09-05-10-56-06.pdf%5Cc5428-2023-09-05-10-56-06.pdf",
        "periodicity": "periodic"
    },
    {
        "equity_ticker": "NCLH",
        "geography": "US",
        "content_name": "NCLH Q3 2020 Transcript",
        "file_type": "pdf",
        "content_type": "earnings_transcript",
        "published_date": "2020-11-10",
        "fiscal_date": "2020-11-10",
        "fiscal_year": 2020,
        "fiscal_quarter": 3,
        "r2_url": "https://pub-2c783279b61043e19fbdadd1bee5153a.r2.dev/NCLH/2020-11-10/Norwegian%20Cruise%20Line%20Holdings%20Ltd._2020-11-10_transcript/Norwegian%20Cruise%20Line%20Holdings%20Ltd._2020-11-10_transcript.pdf%5CNorwegian%20Cruise%20Line%20Holdings%20Ltd._2020-11-10_transcript.pdf",
        "periodicity": "periodic"
    },
    {
        "equity_ticker": "NCLH",
        "geography": "US",
        "content_name": "NCLH Q2 2020 Transcript",
        "file_type": "pdf",
        "content_type": "earnings_transcript",
        "published_date": "2020-08-06",
        "fiscal_date": "2020-08-06",
        "fiscal_year": 2020,
        "fiscal_quarter": 2,
        "r2_url": "https://pub-2c783279b61043e19fbdadd1bee5153a.r2.dev/NCLH/2020-08-06/Norwegian%20Cruise%20Line%20Holdings%20Ltd._2020-08-06_transcript/Norwegian%20Cruise%20Line%20Holdings%20Ltd._2020-08-06_transcript.pdf%5CNorwegian%20Cruise%20Line%20Holdings%20Ltd._2020-08-06_transcript.pdf",
        "periodicity": "periodic"
    },
    {
        "equity_ticker": "NCLH",
        "geography": "US",
        "content_name": "NCLH Q1 2020 Transcript",
        "file_type": "pdf",
        "content_type": "earnings_transcript",
        "published_date": "2020-05-14",
        "fiscal_date": "2020-05-14",
        "fiscal_year": 2020,
        "fiscal_quarter": 1,
        "r2_url": "https://pub-2c783279b61043e19fbdadd1bee5153a.r2.dev/NCLH/2020-05-14/Norwegian%20Cruise%20Line%20Holdings%20Ltd._2020-05-14_transcript/Norwegian%20Cruise%20Line%20Holdings%20Ltd._2020-05-14_transcript.pdf%5CNorwegian%20Cruise%20Line%20Holdings%20Ltd._2020-05-14_transcript.pdf",
        "periodicity": "periodic"
    },
    {
        "equity_ticker": "NCLH",
        "geography": "US",
        "content_name": "NCLH Q4 2019 Transcript",
        "file_type": "pdf",
        "content_type": "earnings_transcript",
        "published_date": "2020-02-27",
        "fiscal_date": "2020-02-27",
        "fiscal_year": 2019,
        "fiscal_quarter": 4,
        "r2_url": "https://pub-2c783279b61043e19fbdadd1bee5153a.r2.dev/NCLH/2020-02-27/Norwegian%20Cruise%20Line%20Holdings%20Ltd._2020-02-27_transcript/Norwegian%20Cruise%20Line%20Holdings%20Ltd._2020-02-27_transcript.pdf%5CNorwegian%20Cruise%20Line%20Holdings%20Ltd._2020-02-27_transcript.pdf",
        "periodicity": "periodic"
    },
    {
        "equity_ticker": "NCLH",
        "geography": "US",
        "content_name": "NCLH Q4 2019 Press Release",
        "file_type": "pdf",
        "content_type": "annual_report",
        "published_date": "2020-02-27",
        "fiscal_date": "2020-02-27",
        "fiscal_year": 2019,
        "fiscal_quarter": 4,
        "r2_url": "https://pub-2c783279b61043e19fbdadd1bee5153a.r2.dev/NCLH/2020-02-27/aebb2-2023-09-05-10-13-07/aebb2-2023-09-05-10-13-07.pdf%5Caebb2-2023-09-05-10-13-07.pdf",
        "periodicity": "periodic"
    },
    {
        "equity_ticker": "NCLH",
        "geography": "US",
        "content_name": "NCLH Q3 2019 Transcript",
        "file_type": "pdf",
        "content_type": "earnings_transcript",
        "published_date": "2019-11-07",
        "fiscal_date": "2019-11-07",
        "fiscal_year": 2019,
        "fiscal_quarter": 3,
        "r2_url": "https://pub-2c783279b61043e19fbdadd1bee5153a.r2.dev/NCLH/2019-11-07/Norwegian%20Cruise%20Line%20Holdings%20Ltd._2019-11-07_transcript/Norwegian%20Cruise%20Line%20Holdings%20Ltd._2019-11-07_transcript.pdf%5CNorwegian%20Cruise%20Line%20Holdings%20Ltd._2019-11-07_transcript.pdf",
        "periodicity": "periodic"
    },
    {
        "equity_ticker": "NCLH",
        "geography": "US",
        "content_name": "NCLH Q2 2019 Transcript",
        "file_type": "pdf",
        "content_type": "earnings_transcript",
        "published_date": "2019-08-08",
        "fiscal_date": "2019-08-08",
        "fiscal_year": 2019,
        "fiscal_quarter": 2,
        "r2_url": "https://pub-2c783279b61043e19fbdadd1bee5153a.r2.dev/NCLH/2019-08-08/Norwegian%20Cruise%20Line%20Holdings%20Ltd._2019-08-08_transcript/Norwegian%20Cruise%20Line%20Holdings%20Ltd._2019-08-08_transcript.pdf%5CNorwegian%20Cruise%20Line%20Holdings%20Ltd._2019-08-08_transcript.pdf",
        "periodicity": "periodic"
    },
    {
        "equity_ticker": "NCLH",
        "geography": "US",
        "content_name": "NCLH Q1 2019 Transcript",
        "file_type": "pdf",
        "content_type": "earnings_transcript",
        "published_date": "2019-05-09",
        "fiscal_date": "2019-05-09",
        "fiscal_year": 2019,
        "fiscal_quarter": 1,
        "r2_url": "https://pub-2c783279b61043e19fbdadd1bee5153a.r2.dev/NCLH/2019-05-09/Norwegian%20Cruise%20Line%20Holdings%20Ltd._2019-05-09_transcript/Norwegian%20Cruise%20Line%20Holdings%20Ltd._2019-05-09_transcript.pdf%5CNorwegian%20Cruise%20Line%20Holdings%20Ltd._2019-05-09_transcript.pdf",
        "periodicity": "periodic"
    },
    {
        "equity_ticker": "NCLH",
        "geography": "US",
        "content_name": "NCLH Q4 2018 Transcript",
        "file_type": "pdf",
        "content_type": "earnings_transcript",
        "published_date": "2019-02-27",
        "fiscal_date": "2019-02-27",
        "fiscal_year": 2018,
        "fiscal_quarter": 4,
        "r2_url": "https://pub-2c783279b61043e19fbdadd1bee5153a.r2.dev/NCLH/2019-02-27/Norwegian%20Cruise%20Line%20Holdings%20Ltd._2019-02-27_transcript/Norwegian%20Cruise%20Line%20Holdings%20Ltd._2019-02-27_transcript.pdf%5CNorwegian%20Cruise%20Line%20Holdings%20Ltd._2019-02-27_transcript.pdf",
        "periodicity": "periodic"
    },
    {
        "equity_ticker": "NCLH",
        "geography": "US",
        "content_name": "NCLH Q4 2018 Press Release",
        "file_type": "pdf",
        "content_type": "annual_report",
        "published_date": "2019-02-27",
        "fiscal_date": "2019-02-27",
        "fiscal_year": 2018,
        "fiscal_quarter": 4,
        "r2_url": "https://pub-2c783279b61043e19fbdadd1bee5153a.r2.dev/NCLH/2019-02-27/bf3a7-2023-09-05-10-23-07/bf3a7-2023-09-05-10-23-07.pdf%5Cbf3a7-2023-09-05-10-23-07.pdf",
        "periodicity": "periodic"
    },
    {
        "equity_ticker": "NCLH",
        "geography": "US",
        "content_name": "NCLH Q3 2018 Transcript",
        "file_type": "pdf",
        "content_type": "earnings_transcript",
        "published_date": "2018-11-08",
        "fiscal_date": "2018-11-08",
        "fiscal_year": 2018,
        "fiscal_quarter": 3,
        "r2_url": "https://pub-2c783279b61043e19fbdadd1bee5153a.r2.dev/NCLH/2018-11-08/Norwegian%20Cruise%20Line%20Holdings%20Ltd._2018-11-08_transcript/Norwegian%20Cruise%20Line%20Holdings%20Ltd._2018-11-08_transcript.pdf%5CNorwegian%20Cruise%20Line%20Holdings%20Ltd._2018-11-08_transcript.pdf",
        "periodicity": "periodic"
    },
    {
        "equity_ticker": "NCLH",
        "geography": "US",
        "content_name": "NCLH Q2 2018 Transcript",
        "file_type": "pdf",
        "content_type": "earnings_transcript",
        "published_date": "2018-08-09",
        "fiscal_date": "2018-08-09",
        "fiscal_year": 2018,
        "fiscal_quarter": 2,
        "r2_url": "https://pub-2c783279b61043e19fbdadd1bee5153a.r2.dev/NCLH/2018-08-09/Norwegian%20Cruise%20Line%20Holdings%20Ltd._2018-08-09_transcript/Norwegian%20Cruise%20Line%20Holdings%20Ltd._2018-08-09_transcript.pdf%5CNorwegian%20Cruise%20Line%20Holdings%20Ltd._2018-08-09_transcript.pdf",
        "periodicity": "periodic"
    },
    {
        "equity_ticker": "NCLH",
        "geography": "US",
        "content_name": "NCLH Q1 2018 Transcript",
        "file_type": "pdf",
        "content_type": "earnings_transcript",
        "published_date": "2018-05-02",
        "fiscal_date": "2018-05-02",
        "fiscal_year": 2018,
        "fiscal_quarter": 1,
        "r2_url": "https://pub-2c783279b61043e19fbdadd1bee5153a.r2.dev/NCLH/2018-05-02/Norwegian%20Cruise%20Line%20Holdings%20Ltd._2018-05-02_transcript/Norwegian%20Cruise%20Line%20Holdings%20Ltd._2018-05-02_transcript.pdf%5CNorwegian%20Cruise%20Line%20Holdings%20Ltd._2018-05-02_transcript.pdf",
        "periodicity": "periodic"
    },
    {
        "equity_ticker": "NCLH",
        "geography": "US",
        "content_name": "NCLH Q4 2017 Transcript",
        "file_type": "pdf",
        "content_type": "earnings_transcript",
        "published_date": "2018-02-27",
        "fiscal_date": "2018-02-27",
        "fiscal_year": 2017,
        "fiscal_quarter": 4,
        "r2_url": "https://pub-2c783279b61043e19fbdadd1bee5153a.r2.dev/NCLH/2018-02-27/Norwegian%20Cruise%20Line%20Holdings%20Ltd._2018-02-27_transcript/Norwegian%20Cruise%20Line%20Holdings%20Ltd._2018-02-27_transcript.pdf%5CNorwegian%20Cruise%20Line%20Holdings%20Ltd._2018-02-27_transcript.pdf",
        "periodicity": "periodic"
    },
    {
        "equity_ticker": "NCLH",
        "geography": "US",
        "content_name": "NCLH Q4 2017 Press Release",
        "file_type": "pdf",
        "content_type": "annual_report",
        "published_date": "2018-02-27",
        "fiscal_date": "2018-02-27",
        "fiscal_year": 2017,
        "fiscal_quarter": 4,
        "r2_url": "https://pub-2c783279b61043e19fbdadd1bee5153a.r2.dev/NCLH/2018-02-27/ae1cb-2023-09-05-10-41-07/ae1cb-2023-09-05-10-41-07.pdf%5Cae1cb-2023-09-05-10-41-07.pdf",
        "periodicity": "periodic"
    },
    {
        "equity_ticker": "NCLH",
        "geography": "US",
        "content_name": "NCLH Q3 2017 Transcript",
        "file_type": "pdf",
        "content_type": "earnings_transcript",
        "published_date": "2017-11-11",
        "fiscal_date": "2017-11-11",
        "fiscal_year": 2017,
        "fiscal_quarter": 3,
        "r2_url": "https://pub-2c783279b61043e19fbdadd1bee5153a.r2.dev/NCLH/2017-11-11/Norwegian%20Cruise%20Line%20Holdings%20Ltd._2017-11-11_transcript/Norwegian%20Cruise%20Line%20Holdings%20Ltd._2017-11-11_transcript.pdf%5CNorwegian%20Cruise%20Line%20Holdings%20Ltd._2017-11-11_transcript.pdf",
        "periodicity": "periodic"
    },
    {
        "equity_ticker": "NCLH",
        "geography": "US",
        "content_name": "NCLH Q2 2017 Transcript",
        "file_type": "pdf",
        "content_type": "earnings_transcript",
        "published_date": "2017-08-08",
        "fiscal_date": "2017-08-08",
        "fiscal_year": 2017,
        "fiscal_quarter": 2,
        "r2_url": "https://pub-2c783279b61043e19fbdadd1bee5153a.r2.dev/NCLH/2017-08-08/Norwegian%20Cruise%20Line%20Holdings%20Ltd._2017-08-08_transcript/Norwegian%20Cruise%20Line%20Holdings%20Ltd._2017-08-08_transcript.pdf%5CNorwegian%20Cruise%20Line%20Holdings%20Ltd._2017-08-08_transcript.pdf",
        "periodicity": "periodic"
    },
    {
        "equity_ticker": "NCLH",
        "geography": "US",
        "content_name": "NCLH Q1 2017 Transcript",
        "file_type": "pdf",
        "content_type": "earnings_transcript",
        "published_date": "2017-05-10",
        "fiscal_date": "2017-05-10",
        "fiscal_year": 2017,
        "fiscal_quarter": 1,
        "r2_url": "https://pub-2c783279b61043e19fbdadd1bee5153a.r2.dev/NCLH/2017-05-10/Norwegian%20Cruise%20Line%20Holdings%20Ltd._2017-05-10_transcript/Norwegian%20Cruise%20Line%20Holdings%20Ltd._2017-05-10_transcript.pdf%5CNorwegian%20Cruise%20Line%20Holdings%20Ltd._2017-05-10_transcript.pdf",
        "periodicity": "periodic"
    },
    {
        "equity_ticker": "NCLH",
        "geography": "US",
        "content_name": "NCLH Q4 2016 Transcript",
        "file_type": "pdf",
        "content_type": "earnings_transcript",
        "published_date": "2017-02-27",
        "fiscal_date": "2017-02-27",
        "fiscal_year": 2016,
        "fiscal_quarter": 4,
        "r2_url": "https://pub-2c783279b61043e19fbdadd1bee5153a.r2.dev/NCLH/2017-02-27/Norwegian%20Cruise%20Line%20Holdings%20Ltd._2017-02-27_transcript/Norwegian%20Cruise%20Line%20Holdings%20Ltd._2017-02-27_transcript.pdf%5CNorwegian%20Cruise%20Line%20Holdings%20Ltd._2017-02-27_transcript.pdf",
        "periodicity": "periodic"
    },
    {
        "equity_ticker": "NCLH",
        "geography": "US",
        "content_name": "NCLH Q4 2016 Press Release",
        "file_type": "pdf",
        "content_type": "annual_report",
        "published_date": "2017-02-27",
        "fiscal_date": "2017-02-27",
        "fiscal_year": 2016,
        "fiscal_quarter": 4,
        "r2_url": "https://pub-2c783279b61043e19fbdadd1bee5153a.r2.dev/NCLH/2017-02-27/53596-2023-09-05-10-54-07/53596-2023-09-05-10-54-07.pdf%5C53596-2023-09-05-10-54-07.pdf",
        "periodicity": "periodic"
    },
    {
        "equity_ticker": "NCLH",
        "geography": "US",
        "content_name": "NCLH Q3 2016 Transcript",
        "file_type": "pdf",
        "content_type": "earnings_transcript",
        "published_date": "2016-11-09",
        "fiscal_date": "2016-11-09",
        "fiscal_year": 2016,
        "fiscal_quarter": 3,
        "r2_url": "https://pub-2c783279b61043e19fbdadd1bee5153a.r2.dev/NCLH/2016-11-09/Norwegian%20Cruise%20Line%20Holdings%20Ltd._2016-11-09_transcript/Norwegian%20Cruise%20Line%20Holdings%20Ltd._2016-11-09_transcript.pdf%5CNorwegian%20Cruise%20Line%20Holdings%20Ltd._2016-11-09_transcript.pdf",
        "periodicity": "periodic"
    },
    {
        "equity_ticker": "NCLH",
        "geography": "US",
        "content_name": "NCLH Q2 2016 Transcript",
        "file_type": "pdf",
        "content_type": "earnings_transcript",
        "published_date": "2016-08-09",
        "fiscal_date": "2016-08-09",
        "fiscal_year": 2016,
        "fiscal_quarter": 2,
        "r2_url": "https://pub-2c783279b61043e19fbdadd1bee5153a.r2.dev/NCLH/2016-08-09/Norwegian%20Cruise%20Line%20Holdings%20Ltd._2016-08-09_transcript/Norwegian%20Cruise%20Line%20Holdings%20Ltd._2016-08-09_transcript.pdf%5CNorwegian%20Cruise%20Line%20Holdings%20Ltd._2016-08-09_transcript.pdf",
        "periodicity": "periodic"
    },
    {
        "equity_ticker": "NCLH",
        "geography": "US",
        "content_name": "NCLH Q1 2016 Transcript",
        "file_type": "pdf",
        "content_type": "earnings_transcript",
        "published_date": "2016-05-10",
        "fiscal_date": "2016-05-10",
        "fiscal_year": 2016,
        "fiscal_quarter": 1,
        "r2_url": "https://pub-2c783279b61043e19fbdadd1bee5153a.r2.dev/NCLH/2016-05-10/Norwegian%20Cruise%20Line%20Holdings%20Ltd._2016-05-10_transcript/Norwegian%20Cruise%20Line%20Holdings%20Ltd._2016-05-10_transcript.pdf%5CNorwegian%20Cruise%20Line%20Holdings%20Ltd._2016-05-10_transcript.pdf",
        "periodicity": "periodic"
    },
    {
        "equity_ticker": "NCLH",
        "geography": "US",
        "content_name": "NCLH Q4 2015 Transcript",
        "file_type": "pdf",
        "content_type": "earnings_transcript",
        "published_date": "2016-02-29",
        "fiscal_date": "2016-02-29",
        "fiscal_year": 2015,
        "fiscal_quarter": 4,
        "r2_url": "https://pub-2c783279b61043e19fbdadd1bee5153a.r2.dev/NCLH/2016-02-29/Norwegian%20Cruise%20Line%20Holdings%20Ltd._2016-02-29_transcript/Norwegian%20Cruise%20Line%20Holdings%20Ltd._2016-02-29_transcript.pdf%5CNorwegian%20Cruise%20Line%20Holdings%20Ltd._2016-02-29_transcript.pdf",
        "periodicity": "periodic"
    },
    {
        "equity_ticker": "NCLH",
        "geography": "US",
        "content_name": "NCLH Q4 2015 Press Release",
        "file_type": "pdf",
        "content_type": "annual_report",
        "published_date": "2016-02-29",
        "fiscal_date": "2016-02-29",
        "fiscal_year": 2015,
        "fiscal_quarter": 4,
        "r2_url": "https://pub-2c783279b61043e19fbdadd1bee5153a.r2.dev/NCLH/2016-02-29/7225f-2023-09-05-10-12-08/7225f-2023-09-05-10-12-08.pdf%5C7225f-2023-09-05-10-12-08.pdf",
        "periodicity": "periodic"
    },
    {
        "equity_ticker": "NCLH",
        "geography": "US",
        "content_name": "NCLH Q3 2015 Transcript",
        "file_type": "pdf",
        "content_type": "earnings_transcript",
        "published_date": "2015-11-03",
        "fiscal_date": "2015-11-03",
        "fiscal_year": 2015,
        "fiscal_quarter": 3,
        "r2_url": "https://pub-2c783279b61043e19fbdadd1bee5153a.r2.dev/NCLH/2015-11-03/Norwegian%20Cruise%20Line%20Holdings%20Ltd._2015-11-03_transcript/Norwegian%20Cruise%20Line%20Holdings%20Ltd._2015-11-03_transcript.pdf%5CNorwegian%20Cruise%20Line%20Holdings%20Ltd._2015-11-03_transcript.pdf",
        "periodicity": "periodic"
    },
    {
        "equity_ticker": "NCLH",
        "geography": "US",
        "content_name": "NCLH Q2 2015 Transcript",
        "file_type": "pdf",
        "content_type": "earnings_transcript",
        "published_date": "2015-08-04",
        "fiscal_date": "2015-08-04",
        "fiscal_year": 2015,
        "fiscal_quarter": 2,
        "r2_url": "https://pub-2c783279b61043e19fbdadd1bee5153a.r2.dev/NCLH/2015-08-04/Norwegian%20Cruise%20Line%20Holdings%20Ltd._2015-08-04_transcript/Norwegian%20Cruise%20Line%20Holdings%20Ltd._2015-08-04_transcript.pdf%5CNorwegian%20Cruise%20Line%20Holdings%20Ltd._2015-08-04_transcript.pdf",
        "periodicity": "periodic"
    },
    {
        "equity_ticker": "NCLH",
        "geography": "US",
        "content_name": "NCLH Q1 2015 Transcript",
        "file_type": "pdf",
        "content_type": "earnings_transcript",
        "published_date": "2015-05-10",
        "fiscal_date": "2015-05-10",
        "fiscal_year": 2015,
        "fiscal_quarter": 1,
        "r2_url": "https://pub-2c783279b61043e19fbdadd1bee5153a.r2.dev/NCLH/2015-05-10/Norwegian%20Cruise%20Line%20Holdings%20Ltd._2015-05-10_transcript/Norwegian%20Cruise%20Line%20Holdings%20Ltd._2015-05-10_transcript.pdf%5CNorwegian%20Cruise%20Line%20Holdings%20Ltd._2015-05-10_transcript.pdf",
        "periodicity": "periodic"
    },
    {
        "equity_ticker": "NCLH",
        "geography": "US",
        "content_name": "NCLH Q4 2014 Transcript",
        "file_type": "pdf",
        "content_type": "earnings_transcript",
        "published_date": "2015-02-27",
        "fiscal_date": "2015-02-27",
        "fiscal_year": 2014,
        "fiscal_quarter": 4,
        "r2_url": "https://pub-2c783279b61043e19fbdadd1bee5153a.r2.dev/NCLH/2015-02-27/Norwegian%20Cruise%20Line%20Holdings%20Ltd._2015-02-27_transcript/Norwegian%20Cruise%20Line%20Holdings%20Ltd._2015-02-27_transcript.pdf%5CNorwegian%20Cruise%20Line%20Holdings%20Ltd._2015-02-27_transcript.pdf",
        "periodicity": "periodic"
    },
    {
        "equity_ticker": "NCLH",
        "geography": "US",
        "content_name": "NCLH Q4 2014 Press Release",
        "file_type": "pdf",
        "content_type": "annual_report",
        "published_date": "2015-02-27",
        "fiscal_date": "2015-02-27",
        "fiscal_year": 2014,
        "fiscal_quarter": 4,
        "r2_url": "https://pub-2c783279b61043e19fbdadd1bee5153a.r2.dev/NCLH/2015-02-27/e09a9-2023-09-05-10-26-08/e09a9-2023-09-05-10-26-08.pdf%5Ce09a9-2023-09-05-10-26-08.pdf",
        "periodicity": "periodic"
    },
    {
        "equity_ticker": "NCLH",
        "geography": "US",
        "content_name": "NCLH Q3 2014 Transcript",
        "file_type": "pdf",
        "content_type": "earnings_transcript",
        "published_date": "2014-11-02",
        "fiscal_date": "2014-11-02",
        "fiscal_year": 2014,
        "fiscal_quarter": 3,
        "r2_url": "https://pub-2c783279b61043e19fbdadd1bee5153a.r2.dev/NCLH/2014-11-02/Norwegian%20Cruise%20Line%20Holdings%20Ltd._2014-11-02_transcript/Norwegian%20Cruise%20Line%20Holdings%20Ltd._2014-11-02_transcript.pdf%5CNorwegian%20Cruise%20Line%20Holdings%20Ltd._2014-11-02_transcript.pdf",
        "periodicity": "periodic"
    },
    {
        "equity_ticker": "NCLH",
        "geography": "US",
        "content_name": "NCLH Q2 2014 Transcript",
        "file_type": "pdf",
        "content_type": "earnings_transcript",
        "published_date": "2014-08-03",
        "fiscal_date": "2014-08-03",
        "fiscal_year": 2014,
        "fiscal_quarter": 2,
        "r2_url": "https://pub-2c783279b61043e19fbdadd1bee5153a.r2.dev/NCLH/2014-08-03/Norwegian%20Cruise%20Line%20Holdings%20Ltd._2014-08-03_transcript/Norwegian%20Cruise%20Line%20Holdings%20Ltd._2014-08-03_transcript.pdf%5CNorwegian%20Cruise%20Line%20Holdings%20Ltd._2014-08-03_transcript.pdf",
        "periodicity": "periodic"
    },
    {
        "equity_ticker": "NCLH",
        "geography": "US",
        "content_name": "NCLH Q1 2014 Transcript",
        "file_type": "pdf",
        "content_type": "earnings_transcript",
        "published_date": "2014-04-29",
        "fiscal_date": "2014-04-29",
        "fiscal_year": 2014,
        "fiscal_quarter": 1,
        "r2_url": "https://pub-2c783279b61043e19fbdadd1bee5153a.r2.dev/NCLH/2014-04-29/Norwegian%20Cruise%20Line%20Holdings%20Ltd._2014-04-29_transcript/Norwegian%20Cruise%20Line%20Holdings%20Ltd._2014-04-29_transcript.pdf%5CNorwegian%20Cruise%20Line%20Holdings%20Ltd._2014-04-29_transcript.pdf",
        "periodicity": "periodic"
    },
    {
        "equity_ticker": "NCLH",
        "geography": "US",
        "content_name": "NCLH Q4 2013 Transcript",
        "file_type": "pdf",
        "content_type": "earnings_transcript",
        "published_date": "2014-02-18",
        "fiscal_date": "2014-02-18",
        "fiscal_year": 2013,
        "fiscal_quarter": 4,
        "r2_url": "https://pub-2c783279b61043e19fbdadd1bee5153a.r2.dev/NCLH/2014-02-18/Norwegian%20Cruise%20Line%20Holdings%20Ltd._2014-02-18_transcript/Norwegian%20Cruise%20Line%20Holdings%20Ltd._2014-02-18_transcript.pdf%5CNorwegian%20Cruise%20Line%20Holdings%20Ltd._2014-02-18_transcript.pdf",
        "periodicity": "periodic"
    },
    {
        "equity_ticker": "NCLH",
        "geography": "US",
        "content_name": "NCLH Q3 2013 Transcript",
        "file_type": "pdf",
        "content_type": "earnings_transcript",
        "published_date": "2013-10-29",
        "fiscal_date": "2013-10-29",
        "fiscal_year": 2013,
        "fiscal_quarter": 3,
        "r2_url": "https://pub-2c783279b61043e19fbdadd1bee5153a.r2.dev/NCLH/2013-10-29/Norwegian%20Cruise%20Line%20Holdings%20Ltd._2013-10-29_transcript/Norwegian%20Cruise%20Line%20Holdings%20Ltd._2013-10-29_transcript.pdf%5CNorwegian%20Cruise%20Line%20Holdings%20Ltd._2013-10-29_transcript.pdf",
        "periodicity": "periodic"
    },
    {
        "equity_ticker": "NCLH",
        "geography": "US",
        "content_name": "NCLH Q2 2013 Transcript",
        "file_type": "pdf",
        "content_type": "earnings_transcript",
        "published_date": "2013-07-29",
        "fiscal_date": "2013-07-29",
        "fiscal_year": 2013,
        "fiscal_quarter": 2,
        "r2_url": "https://pub-2c783279b61043e19fbdadd1bee5153a.r2.dev/NCLH/2013-07-29/Norwegian%20Cruise%20Line%20Holdings%20Ltd._2013-07-29_transcript/Norwegian%20Cruise%20Line%20Holdings%20Ltd._2013-07-29_transcript.pdf%5CNorwegian%20Cruise%20Line%20Holdings%20Ltd._2013-07-29_transcript.pdf",
        "periodicity": "periodic"
    },
    {
        "equity_ticker": "NCLH",
        "geography": "US",
        "content_name": "NCLH Q1 2013 Transcript",
        "file_type": "pdf",
        "content_type": "earnings_transcript",
        "published_date": "2013-05-08",
        "fiscal_date": "2013-05-08",
        "fiscal_year": 2013,
        "fiscal_quarter": 1,
        "r2_url": "https://pub-2c783279b61043e19fbdadd1bee5153a.r2.dev/NCLH/2013-05-08/Norwegian%20Cruise%20Line%20Holdings%20Ltd._2013-05-08_transcript/Norwegian%20Cruise%20Line%20Holdings%20Ltd._2013-05-08_transcript.pdf%5CNorwegian%20Cruise%20Line%20Holdings%20Ltd._2013-05-08_transcript.pdf",
        "periodicity": "periodic"
    },
    {
        "equity_ticker": "NCLH",
        "geography": "US",
        "content_name": "NCLH Q4 2024 10-K",
        "file_type": "pdf",
        "content_type": "annual_report",
        "published_date": "2025-02-27",
        "fiscal_date": "2024-12-31",
        "fiscal_year": 2024,
        "fiscal_quarter": 4,
        "r2_url": "https://pub-2c783279b61043e19fbdadd1bee5153a.r2.dev/NCLH/2025-02-27/nclh-20241231x10k.htm%5Cnclh-20241231x10k.pdf",
        "periodicity": "periodic"
    },
    {
        "equity_ticker": "NCLH",
        "geography": "US",
        "content_name": "NCLH Q3 2024 10-Q",
        "file_type": "pdf",
        "content_type": "quarterly_report",
        "published_date": "2024-11-07",
        "fiscal_date": "2024-09-30",
        "fiscal_year": 2024,
        "fiscal_quarter": 3,
        "r2_url": "https://pub-2c783279b61043e19fbdadd1bee5153a.r2.dev/NCLH/2024-11-07/nclh-20240930x10q.htm%5Cnclh-20240930x10q.pdf",
        "periodicity": "periodic"
    },
    {
        "equity_ticker": "NCLH",
        "geography": "US",
        "content_name": "NCLH Q2 2024 10-Q",
        "file_type": "pdf",
        "content_type": "quarterly_report",
        "published_date": "2024-08-08",
        "fiscal_date": "2024-06-30",
        "fiscal_year": 2024,
        "fiscal_quarter": 2,
        "r2_url": "https://pub-2c783279b61043e19fbdadd1bee5153a.r2.dev/NCLH/2024-08-08/nclh-20240630x10q.htm%5Cnclh-20240630x10q.pdf",
        "periodicity": "periodic"
    },
    {
        "equity_ticker": "NCLH",
        "geography": "US",
        "content_name": "NCLH Q1 2024 10-Q",
        "file_type": "pdf",
        "content_type": "quarterly_report",
        "published_date": "2024-05-07",
        "fiscal_date": "2024-03-31",
        "fiscal_year": 2024,
        "fiscal_quarter": 1,
        "r2_url": "https://pub-2c783279b61043e19fbdadd1bee5153a.r2.dev/NCLH/2024-05-07/nclh-20240331x10q.htm%5Cnclh-20240331x10q.pdf",
        "periodicity": "periodic"
    },
    {
        "equity_ticker": "NCLH",
        "geography": "US",
        "content_name": "NCLH Q4 2023 10-K",
        "file_type": "pdf",
        "content_type": "annual_report",
        "published_date": "2024-02-28",
        "fiscal_date": "2023-12-31",
        "fiscal_year": 2023,
        "fiscal_quarter": 4,
        "r2_url": "https://pub-2c783279b61043e19fbdadd1bee5153a.r2.dev/NCLH/2024-02-28/nclh-20231231x10k.htm%5Cnclh-20231231x10k.pdf",
        "periodicity": "periodic"
    },
    {
        "equity_ticker": "NCLH",
        "geography": "US",
        "content_name": "NCLH Q3 2023 10-Q",
        "file_type": "pdf",
        "content_type": "quarterly_report",
        "published_date": "2023-11-08",
        "fiscal_date": "2023-09-30",
        "fiscal_year": 2023,
        "fiscal_quarter": 3,
        "r2_url": "https://pub-2c783279b61043e19fbdadd1bee5153a.r2.dev/NCLH/2023-11-08/nclh-20230930x10q.htm%5Cnclh-20230930x10q.pdf",
        "periodicity": "periodic"
    },
    {
        "equity_ticker": "NCLH",
        "geography": "US",
        "content_name": "NCLH Q2 2023 10-Q",
        "file_type": "pdf",
        "content_type": "quarterly_report",
        "published_date": "2023-08-08",
        "fiscal_date": "2023-06-30",
        "fiscal_year": 2023,
        "fiscal_quarter": 2,
        "r2_url": "https://pub-2c783279b61043e19fbdadd1bee5153a.r2.dev/NCLH/2023-08-08/nclh-20230630x10q.htm%5Cnclh-20230630x10q.pdf",
        "periodicity": "periodic"
    },
    {
        "equity_ticker": "NCLH",
        "geography": "US",
        "content_name": "NCLH Q1 2023 10-Q",
        "file_type": "pdf",
        "content_type": "quarterly_report",
        "published_date": "2023-05-05",
        "fiscal_date": "2023-03-31",
        "fiscal_year": 2023,
        "fiscal_quarter": 1,
        "r2_url": "https://pub-2c783279b61043e19fbdadd1bee5153a.r2.dev/NCLH/2023-05-05/nclh-20230331x10q.htm%5Cnclh-20230331x10q.pdf",
        "periodicity": "periodic"
    },
    {
        "equity_ticker": "NCLH",
        "geography": "US",
        "content_name": "NCLH Q4 2022 10-K",
        "file_type": "pdf",
        "content_type": "annual_report",
        "published_date": "2023-02-28",
        "fiscal_date": "2022-12-31",
        "fiscal_year": 2022,
        "fiscal_quarter": 4,
        "r2_url": "https://pub-2c783279b61043e19fbdadd1bee5153a.r2.dev/NCLH/2023-02-28/nclh-20221231x10k.htm%5Cnclh-20221231x10k.pdf",
        "periodicity": "periodic"
    },
    {
        "equity_ticker": "NCLH",
        "geography": "US",
        "content_name": "NCLH Q3 2022 10-Q",
        "file_type": "pdf",
        "content_type": "quarterly_report",
        "published_date": "2022-11-08",
        "fiscal_date": "2022-09-30",
        "fiscal_year": 2022,
        "fiscal_quarter": 3,
        "r2_url": "https://pub-2c783279b61043e19fbdadd1bee5153a.r2.dev/NCLH/2022-11-08/nclh-20220930x10q.htm%5Cnclh-20220930x10q.pdf",
        "periodicity": "periodic"
    },
    {
        "equity_ticker": "NCLH",
        "geography": "US",
        "content_name": "NCLH Q2 2022 10-Q",
        "file_type": "pdf",
        "content_type": "quarterly_report",
        "published_date": "2022-08-09",
        "fiscal_date": "2022-06-30",
        "fiscal_year": 2022,
        "fiscal_quarter": 2,
        "r2_url": "https://pub-2c783279b61043e19fbdadd1bee5153a.r2.dev/NCLH/2022-08-09/nclh-20220630x10q.htm%5Cnclh-20220630x10q.pdf",
        "periodicity": "periodic"
    },
    {
        "equity_ticker": "NCLH",
        "geography": "US",
        "content_name": "NCLH Q1 2022 10-Q",
        "file_type": "pdf",
        "content_type": "quarterly_report",
        "published_date": "2022-05-10",
        "fiscal_date": "2022-03-31",
        "fiscal_year": 2022,
        "fiscal_quarter": 1,
        "r2_url": "https://pub-2c783279b61043e19fbdadd1bee5153a.r2.dev/NCLH/2022-05-10/nclh-20220331x10q.htm%5Cnclh-20220331x10q.pdf",
        "periodicity": "periodic"
    },
    {
        "equity_ticker": "NCLH",
        "geography": "US",
        "content_name": "NCLH Q4 2021 10-K",
        "file_type": "pdf",
        "content_type": "annual_report",
        "published_date": "2022-03-01",
        "fiscal_date": "2021-12-31",
        "fiscal_year": 2021,
        "fiscal_quarter": 4,
        "r2_url": "https://pub-2c783279b61043e19fbdadd1bee5153a.r2.dev/NCLH/2022-03-01/nclh-20211231x10k.htm%5Cnclh-20211231x10k.pdf",
        "periodicity": "periodic"
    },
    {
        "equity_ticker": "NCLH",
        "geography": "US",
        "content_name": "NCLH Q3 2021 10-Q",
        "file_type": "pdf",
        "content_type": "quarterly_report",
        "published_date": "2021-11-09",
        "fiscal_date": "2021-09-30",
        "fiscal_year": 2021,
        "fiscal_quarter": 3,
        "r2_url": "https://pub-2c783279b61043e19fbdadd1bee5153a.r2.dev/NCLH/2021-11-09/nclh-20210930x10q.htm%5Cnclh-20210930x10q.pdf",
        "periodicity": "periodic"
    },
    {
        "equity_ticker": "NCLH",
        "geography": "US",
        "content_name": "NCLH Q2 2021 10-Q",
        "file_type": "pdf",
        "content_type": "quarterly_report",
        "published_date": "2021-08-09",
        "fiscal_date": "2021-06-30",
        "fiscal_year": 2021,
        "fiscal_quarter": 2,
        "r2_url": "https://pub-2c783279b61043e19fbdadd1bee5153a.r2.dev/NCLH/2021-08-09/nclh-20210630x10q.htm%5Cnclh-20210630x10q.pdf",
        "periodicity": "periodic"
    },
    {
        "equity_ticker": "NCLH",
        "geography": "US",
        "content_name": "NCLH Q1 2021 10-Q",
        "file_type": "pdf",
        "content_type": "quarterly_report",
        "published_date": "2021-05-10",
        "fiscal_date": "2021-03-31",
        "fiscal_year": 2021,
        "fiscal_quarter": 1,
        "r2_url": "https://pub-2c783279b61043e19fbdadd1bee5153a.r2.dev/NCLH/2021-05-10/nclh-20210331x10q.htm%5Cnclh-20210331x10q.pdf",
        "periodicity": "periodic"
    },
    {
        "equity_ticker": "NCLH",
        "geography": "US",
        "content_name": "NCLH Q4 2020 10-K",
        "file_type": "pdf",
        "content_type": "annual_report",
        "published_date": "2021-02-26",
        "fiscal_date": "2020-12-31",
        "fiscal_year": 2020,
        "fiscal_quarter": 4,
        "r2_url": "https://pub-2c783279b61043e19fbdadd1bee5153a.r2.dev/NCLH/2021-02-26/nclh-20201231x10k.htm%5Cnclh-20201231x10k.pdf",
        "periodicity": "periodic"
    },
    {
        "equity_ticker": "NCLH",
        "geography": "US",
        "content_name": "NCLH Q3 2020 10-Q",
        "file_type": "pdf",
        "content_type": "quarterly_report",
        "published_date": "2020-11-09",
        "fiscal_date": "2020-09-30",
        "fiscal_year": 2020,
        "fiscal_quarter": 3,
        "r2_url": "https://pub-2c783279b61043e19fbdadd1bee5153a.r2.dev/NCLH/2020-11-09/nclh-20200930x10q.htm%5Cnclh-20200930x10q.pdf",
        "periodicity": "periodic"
    },
    {
        "equity_ticker": "NCLH",
        "geography": "US",
        "content_name": "NCLH Q2 2020 10-Q",
        "file_type": "pdf",
        "content_type": "quarterly_report",
        "published_date": "2020-08-10",
        "fiscal_date": "2020-06-30",
        "fiscal_year": 2020,
        "fiscal_quarter": 2,
        "r2_url": "https://pub-2c783279b61043e19fbdadd1bee5153a.r2.dev/NCLH/2020-08-10/nclh-20200630x10q.htm%5Cix.pdf",
        "periodicity": "periodic"
    },
    {
        "equity_ticker": "NCLH",
        "geography": "US",
        "content_name": "NCLH Q1 2020 10-Q",
        "file_type": "pdf",
        "content_type": "quarterly_report",
        "published_date": "2020-05-15",
        "fiscal_date": "2020-03-31",
        "fiscal_year": 2020,
        "fiscal_quarter": 1,
        "r2_url": "https://pub-2c783279b61043e19fbdadd1bee5153a.r2.dev/NCLH/2020-05-15/nclh-20200515x10q.htm%5Cix.pdf",
        "periodicity": "periodic"
    },
    {
        "equity_ticker": "NCLH",
        "geography": "US",
        "content_name": "NCLH Q4 2019 10-K",
        "file_type": "pdf",
        "content_type": "annual_report",
        "published_date": "2020-02-27",
        "fiscal_date": "2019-12-31",
        "fiscal_year": 2019,
        "fiscal_quarter": 4,
        "r2_url": "https://pub-2c783279b61043e19fbdadd1bee5153a.r2.dev/NCLH/2020-02-27/nclh-20191231x10kc19a9c.htm%5Cix.pdf",
        "periodicity": "periodic"
    },
    {
        "equity_ticker": "NCLH",
        "geography": "US",
        "content_name": "NCLH Q3 2019 10-Q",
        "file_type": "pdf",
        "content_type": "quarterly_report",
        "published_date": "2019-11-08",
        "fiscal_date": "2019-09-30",
        "fiscal_year": 2019,
        "fiscal_quarter": 3,
        "r2_url": "https://pub-2c783279b61043e19fbdadd1bee5153a.r2.dev/NCLH/2019-11-08/nclh-20190930x10qf6d484.htm%5Cix.pdf",
        "periodicity": "periodic"
    },
    {
        "equity_ticker": "NCLH",
        "geography": "US",
        "content_name": "NCLH Q2 2019 10-Q",
        "file_type": "pdf",
        "content_type": "quarterly_report",
        "published_date": "2019-08-08",
        "fiscal_date": "2019-06-30",
        "fiscal_year": 2019,
        "fiscal_quarter": 2,
        "r2_url": "https://pub-2c783279b61043e19fbdadd1bee5153a.r2.dev/NCLH/2019-08-08/nclh-20190630x10q.htm%5Cix.pdf",
        "periodicity": "periodic"
    },
    {
        "equity_ticker": "NCLH",
        "geography": "US",
        "content_name": "NCLH Q1 2019 10-Q",
        "file_type": "pdf",
        "content_type": "quarterly_report",
        "published_date": "2019-05-10",
        "fiscal_date": "2019-03-31",
        "fiscal_year": 2019,
        "fiscal_quarter": 1,
        "r2_url": "https://pub-2c783279b61043e19fbdadd1bee5153a.r2.dev/NCLH/2019-05-10/tv519991_10q.htm%5Ctv519991_10q.pdf",
        "periodicity": "periodic"
    },
    {
        "equity_ticker": "NCLH",
        "geography": "US",
        "content_name": "NCLH Q4 2018 10-K",
        "file_type": "pdf",
        "content_type": "annual_report",
        "published_date": "2019-02-27",
        "fiscal_date": "2018-12-31",
        "fiscal_year": 2018,
        "fiscal_quarter": 4,
        "r2_url": "https://pub-2c783279b61043e19fbdadd1bee5153a.r2.dev/NCLH/2019-02-27/tv513897_10k.htm%5Ctv513897_10k.pdf",
        "periodicity": "periodic"
    },
    {
        "equity_ticker": "NCLH",
        "geography": "US",
        "content_name": "NCLH Q3 2018 10-Q",
        "file_type": "pdf",
        "content_type": "quarterly_report",
        "published_date": "2018-11-09",
        "fiscal_date": "2018-09-30",
        "fiscal_year": 2018,
        "fiscal_quarter": 3,
        "r2_url": "https://pub-2c783279b61043e19fbdadd1bee5153a.r2.dev/NCLH/2018-11-09/tv505805_10q.htm%5Ctv505805_10q.pdf",
        "periodicity": "periodic"
    },
    {
        "equity_ticker": "NCLH",
        "geography": "US",
        "content_name": "NCLH Q2 2018 10-Q",
        "file_type": "pdf",
        "content_type": "quarterly_report",
        "published_date": "2018-08-09",
        "fiscal_date": "2018-06-30",
        "fiscal_year": 2018,
        "fiscal_quarter": 2,
        "r2_url": "https://pub-2c783279b61043e19fbdadd1bee5153a.r2.dev/NCLH/2018-08-09/tv499867_10q.htm%5Ctv499867_10q.pdf",
        "periodicity": "periodic"
    },
    {
        "equity_ticker": "NCLH",
        "geography": "US",
        "content_name": "NCLH Q1 2018 10-Q",
        "file_type": "pdf",
        "content_type": "quarterly_report",
        "published_date": "2018-05-07",
        "fiscal_date": "2018-03-31",
        "fiscal_year": 2018,
        "fiscal_quarter": 1,
        "r2_url": "https://pub-2c783279b61043e19fbdadd1bee5153a.r2.dev/NCLH/2018-05-07/tv492517_10q.htm%5Ctv492517_10q.pdf",
        "periodicity": "periodic"
    },
    {
        "equity_ticker": "NCLH",
        "geography": "US",
        "content_name": "NCLH Q4 2017 10-K",
        "file_type": "pdf",
        "content_type": "annual_report",
        "published_date": "2018-02-27",
        "fiscal_date": "2017-12-31",
        "fiscal_year": 2017,
        "fiscal_quarter": 4,
        "r2_url": "https://pub-2c783279b61043e19fbdadd1bee5153a.r2.dev/NCLH/2018-02-27/tv486495_10k.htm%5Ctv486495_10k.pdf",
        "periodicity": "periodic"
    },
    {
        "equity_ticker": "NCLH",
        "geography": "US",
        "content_name": "NCLH Q3 2017 10-Q",
        "file_type": "pdf",
        "content_type": "quarterly_report",
        "published_date": "2017-11-09",
        "fiscal_date": "2017-09-30",
        "fiscal_year": 2017,
        "fiscal_quarter": 3,
        "r2_url": "https://pub-2c783279b61043e19fbdadd1bee5153a.r2.dev/NCLH/2017-11-09/tv478195_10q.htm%5Ctv478195_10q.pdf",
        "periodicity": "periodic"
    },
    {
        "equity_ticker": "NCLH",
        "geography": "US",
        "content_name": "NCLH Q2 2017 10-Q",
        "file_type": "pdf",
        "content_type": "quarterly_report",
        "published_date": "2017-08-09",
        "fiscal_date": "2017-06-30",
        "fiscal_year": 2017,
        "fiscal_quarter": 2,
        "r2_url": "https://pub-2c783279b61043e19fbdadd1bee5153a.r2.dev/NCLH/2017-08-09/t1702271_10q.htm%5Ct1702271_10q.pdf",
        "periodicity": "periodic"
    },
    {
        "equity_ticker": "NCLH",
        "geography": "US",
        "content_name": "NCLH Q1 2017 10-Q",
        "file_type": "pdf",
        "content_type": "quarterly_report",
        "published_date": "2017-05-10",
        "fiscal_date": "2017-03-31",
        "fiscal_year": 2017,
        "fiscal_quarter": 1,
        "r2_url": "https://pub-2c783279b61043e19fbdadd1bee5153a.r2.dev/NCLH/2017-05-10/t1701379_10q.htm%5Ct1701379_10q.pdf",
        "periodicity": "periodic"
    },
    {
        "equity_ticker": "NCLH",
        "geography": "US",
        "content_name": "NCLH Q4 2016 10-K",
        "file_type": "pdf",
        "content_type": "annual_report",
        "published_date": "2017-02-27",
        "fiscal_date": "2016-12-31",
        "fiscal_year": 2016,
        "fiscal_quarter": 4,
        "r2_url": "https://pub-2c783279b61043e19fbdadd1bee5153a.r2.dev/NCLH/2017-02-27/t1700165_10k.htm%5Ct1700165_10k.pdf",
        "periodicity": "periodic"
    },
    {
        "equity_ticker": "NCLH",
        "geography": "US",
        "content_name": "NCLH Q3 2016 10-Q",
        "file_type": "pdf",
        "content_type": "quarterly_report",
        "published_date": "2016-11-09",
        "fiscal_date": "2016-09-30",
        "fiscal_year": 2016,
        "fiscal_quarter": 3,
        "r2_url": "https://pub-2c783279b61043e19fbdadd1bee5153a.r2.dev/NCLH/2016-11-09/t1602589_10q.htm%5Ct1602589_10q.pdf",
        "periodicity": "periodic"
    },
    {
        "equity_ticker": "NCLH",
        "geography": "US",
        "content_name": "NCLH Q2 2016 10-Q",
        "file_type": "pdf",
        "content_type": "quarterly_report",
        "published_date": "2016-08-09",
        "fiscal_date": "2016-06-30",
        "fiscal_year": 2016,
        "fiscal_quarter": 2,
        "r2_url": "https://pub-2c783279b61043e19fbdadd1bee5153a.r2.dev/NCLH/2016-08-09/t1601915_10q.htm%5Ct1601915_10q.pdf",
        "periodicity": "periodic"
    },
    {
        "equity_ticker": "NCLH",
        "geography": "US",
        "content_name": "NCLH Q1 2016 10-Q",
        "file_type": "pdf",
        "content_type": "quarterly_report",
        "published_date": "2016-05-10",
        "fiscal_date": "2016-03-31",
        "fiscal_year": 2016,
        "fiscal_quarter": 1,
        "r2_url": "https://pub-2c783279b61043e19fbdadd1bee5153a.r2.dev/NCLH/2016-05-10/t1601208_10q.htm%5Ct1601208_10q.pdf",
        "periodicity": "periodic"
    },
    {
        "equity_ticker": "NCLH",
        "geography": "US",
        "content_name": "NCLH Q4 2015 10-K",
        "file_type": "pdf",
        "content_type": "annual_report",
        "published_date": "2016-02-29",
        "fiscal_date": "2015-12-31",
        "fiscal_year": 2015,
        "fiscal_quarter": 4,
        "r2_url": "https://pub-2c783279b61043e19fbdadd1bee5153a.r2.dev/NCLH/2016-02-29/t1600485_10k.htm%5Ct1600485_10k.pdf",
        "periodicity": "periodic"
    },
    {
        "equity_ticker": "NCLH",
        "geography": "US",
        "content_name": "NCLH Q3 2015 10-Q",
        "file_type": "pdf",
        "content_type": "quarterly_report",
        "published_date": "2015-11-04",
        "fiscal_date": "2015-09-30",
        "fiscal_year": 2015,
        "fiscal_quarter": 3,
        "r2_url": "https://pub-2c783279b61043e19fbdadd1bee5153a.r2.dev/NCLH/2015-11-04/t1502450_10q.htm%5Ct1502450_10q.pdf",
        "periodicity": "periodic"
    },
    {
        "equity_ticker": "NCLH",
        "geography": "US",
        "content_name": "NCLH Q2 2015 10-Q",
        "file_type": "pdf",
        "content_type": "quarterly_report",
        "published_date": "2015-08-07",
        "fiscal_date": "2015-06-30",
        "fiscal_year": 2015,
        "fiscal_quarter": 2,
        "r2_url": "https://pub-2c783279b61043e19fbdadd1bee5153a.r2.dev/NCLH/2015-08-07/t1501698_10q.htm%5Ct1501698_10q.pdf",
        "periodicity": "periodic"
    },
    {
        "equity_ticker": "NCLH",
        "geography": "US",
        "content_name": "NCLH Q1 2015 10-Q",
        "file_type": "pdf",
        "content_type": "quarterly_report",
        "published_date": "2015-05-08",
        "fiscal_date": "2015-03-31",
        "fiscal_year": 2015,
        "fiscal_quarter": 1,
        "r2_url": "https://pub-2c783279b61043e19fbdadd1bee5153a.r2.dev/NCLH/2015-05-08/t1500927_10q.htm%5Ct1500927_10q.pdf",
        "periodicity": "periodic"
    },
    {
        "equity_ticker": "NCLH",
        "geography": "US",
        "content_name": "NCLH Q4 2014 10-K",
        "file_type": "pdf",
        "content_type": "annual_report",
        "published_date": "2015-02-27",
        "fiscal_date": "2014-12-31",
        "fiscal_year": 2014,
        "fiscal_quarter": 4,
        "r2_url": "https://pub-2c783279b61043e19fbdadd1bee5153a.r2.dev/NCLH/2015-02-27/t1500098_10k.htm%5Ct1500098_10k.pdf",
        "periodicity": "periodic"
    },
    {
        "equity_ticker": "NCLH",
        "geography": "US",
        "content_name": "NCLH Q3 2014 10-Q",
        "file_type": "pdf",
        "content_type": "quarterly_report",
        "published_date": "2014-10-31",
        "fiscal_date": "2014-09-30",
        "fiscal_year": 2014,
        "fiscal_quarter": 3,
        "r2_url": "https://pub-2c783279b61043e19fbdadd1bee5153a.r2.dev/NCLH/2014-10-31/t1402007_10q.htm%5Ct1402007_10q.pdf",
        "periodicity": "periodic"
    },
    {
        "equity_ticker": "NCLH",
        "geography": "US",
        "content_name": "NCLH Q2 2014 10-Q",
        "file_type": "pdf",
        "content_type": "quarterly_report",
        "published_date": "2014-07-31",
        "fiscal_date": "2014-06-30",
        "fiscal_year": 2014,
        "fiscal_quarter": 2,
        "r2_url": "https://pub-2c783279b61043e19fbdadd1bee5153a.r2.dev/NCLH/2014-07-31/t1401324_10q.htm%5Ct1401324_10q.pdf",
        "periodicity": "periodic"
    },
    {
        "equity_ticker": "NCLH",
        "geography": "US",
        "content_name": "NCLH Q1 2014 10-Q",
        "file_type": "pdf",
        "content_type": "quarterly_report",
        "published_date": "2014-05-01",
        "fiscal_date": "2014-03-31",
        "fiscal_year": 2014,
        "fiscal_quarter": 1,
        "r2_url": "https://pub-2c783279b61043e19fbdadd1bee5153a.r2.dev/NCLH/2014-05-01/d712723d10q.htm%5Cd712723d10q.pdf",
        "periodicity": "periodic"
    },
    {
        "equity_ticker": "NCLH",
        "geography": "US",
        "content_name": "NCLH Q4 2013 10-K",
        "file_type": "pdf",
        "content_type": "annual_report",
        "published_date": "2014-02-21",
        "fiscal_date": "2013-12-31",
        "fiscal_year": 2013,
        "fiscal_quarter": 4,
        "r2_url": "https://pub-2c783279b61043e19fbdadd1bee5153a.r2.dev/NCLH/2014-02-21/d662798d10k.htm%5Cd662798d10k.pdf",
        "periodicity": "periodic"
    },
    {
        "equity_ticker": "NCLH",
        "geography": "US",
        "content_name": "NCLH Q3 2013 10-Q",
        "file_type": "pdf",
        "content_type": "quarterly_report",
        "published_date": "2013-10-31",
        "fiscal_date": "2013-09-30",
        "fiscal_year": 2013,
        "fiscal_quarter": 3,
        "r2_url": "https://pub-2c783279b61043e19fbdadd1bee5153a.r2.dev/NCLH/2013-10-31/d609673d10q.htm%5Cd609673d10q.pdf",
        "periodicity": "periodic"
    },
    {
        "equity_ticker": "NCLH",
        "geography": "US",
        "content_name": "NCLH Q2 2013 10-Q",
        "file_type": "pdf",
        "content_type": "quarterly_report",
        "published_date": "2013-07-30",
        "fiscal_date": "2013-06-30",
        "fiscal_year": 2013,
        "fiscal_quarter": 2,
        "r2_url": "https://pub-2c783279b61043e19fbdadd1bee5153a.r2.dev/NCLH/2013-07-30/d549923d10q.htm%5Cd549923d10q.pdf",
        "periodicity": "periodic"
    },
    {
        "equity_ticker": "NCLH",
        "geography": "US",
        "content_name": "NCLH Q1 2013 10-Q",
        "file_type": "pdf",
        "content_type": "quarterly_report",
        "published_date": "2013-05-08",
        "fiscal_date": "2013-03-31",
        "fiscal_year": 2013,
        "fiscal_quarter": 1,
        "r2_url": "https://pub-2c783279b61043e19fbdadd1bee5153a.r2.dev/NCLH/2013-05-08/d518339d10q.htm%5Cd518339d10q.pdf",
        "periodicity": "periodic"
    },
    {
        "equity_ticker": "NCLH",
        "geography": "US",
        "content_name": "NCLH Q4 2012 10-K",
        "file_type": "pdf",
        "content_type": "annual_report",
        "published_date": "2013-02-20",
        "fiscal_date": "2012-12-31",
        "fiscal_year": 2012,
        "fiscal_quarter": 4,
        "r2_url": "https://pub-2c783279b61043e19fbdadd1bee5153a.r2.dev/NCLH/2013-02-20/d488060d10k.htm%5Cd488060d10k.pdf",
        "periodicity": "periodic"
    }
]