[
  {
    "equity_ticker": "PHM",
    "geography": "US",
    "content_name": "PHM Q4 2024 10-K",
    "file_type": "pdf",
    "content_type": "annual_report",
    "published_date": "2025-02-06",
    "fiscal_date": "2024-12-31",
    "fiscal_year": 2024,
    "fiscal_quarter": 4,
    "r2_url": "https://pub-2c783279b61043e19fbdadd1bee5153a.r2.dev/PHM/2025-02-06/phm-20241231.htm/phm-20241231.pdf",
    "periodicity": "periodic"
  },
  {
    "equity_ticker": "PHM",
    "geography": "US",
    "content_name": "PHM Q3 2024 10-Q",
    "file_type": "pdf",
    "content_type": "quarterly_report",
    "published_date": "2024-10-22",
    "fiscal_date": "2024-09-30",
    "fiscal_year": 2024,
    "fiscal_quarter": 3,
    "r2_url": "https://pub-2c783279b61043e19fbdadd1bee5153a.r2.dev/PHM/2024-10-22/phm-20240930.htm/phm-20240930.pdf",
    "periodicity": "periodic"
  },
  {
    "equity_ticker": "PHM",
    "geography": "US",
    "content_name": "PHM Q2 2024 10-Q",
    "file_type": "pdf",
    "content_type": "quarterly_report",
    "published_date": "2024-07-23",
    "fiscal_date": "2024-06-30",
    "fiscal_year": 2024,
    "fiscal_quarter": 2,
    "r2_url": "https://pub-2c783279b61043e19fbdadd1bee5153a.r2.dev/PHM/2024-07-23/phm-20240630.htm/phm-20240630.pdf",
    "periodicity": "periodic"
  },
  {
    "equity_ticker": "PHM",
    "geography": "US",
    "content_name": "PHM Q1 2024 10-Q",
    "file_type": "pdf",
    "content_type": "quarterly_report",
    "published_date": "2024-04-23",
    "fiscal_date": "2024-03-31",
    "fiscal_year": 2024,
    "fiscal_quarter": 1,
    "r2_url": "https://pub-2c783279b61043e19fbdadd1bee5153a.r2.dev/PHM/2024-04-23/phm-20240331.htm/phm-20240331.pdf",
    "periodicity": "periodic"
  },
  {
    "equity_ticker": "PHM",
    "geography": "US",
    "content_name": "PHM Q4 2023 10-K",
    "file_type": "pdf",
    "content_type": "annual_report",
    "published_date": "2024-02-05",
    "fiscal_date": "2023-12-31",
    "fiscal_year": 2023,
    "fiscal_quarter": 4,
    "r2_url": "https://pub-2c783279b61043e19fbdadd1bee5153a.r2.dev/PHM/2024-02-05/phm-20231231.htm/phm-20231231.pdf",
    "periodicity": "periodic"
  },
  {
    "equity_ticker": "PHM",
    "geography": "US",
    "content_name": "PHM Q3 2023 10-Q",
    "file_type": "pdf",
    "content_type": "quarterly_report",
    "published_date": "2023-10-24",
    "fiscal_date": "2023-09-30",
    "fiscal_year": 2023,
    "fiscal_quarter": 3,
    "r2_url": "https://pub-2c783279b61043e19fbdadd1bee5153a.r2.dev/PHM/2023-10-24/phm-20230930.htm/phm-20230930.pdf",
    "periodicity": "periodic"
  },
  {
    "equity_ticker": "PHM",
    "geography": "US",
    "content_name": "PHM Q2 2023 10-Q",
    "file_type": "pdf",
    "content_type": "quarterly_report",
    "published_date": "2023-07-25",
    "fiscal_date": "2023-06-30",
    "fiscal_year": 2023,
    "fiscal_quarter": 2,
    "r2_url": "https://pub-2c783279b61043e19fbdadd1bee5153a.r2.dev/PHM/2023-07-25/phm-20230630.htm/phm-20230630.pdf",
    "periodicity": "periodic"
  },
  {
    "equity_ticker": "PHM",
    "geography": "US",
    "content_name": "PHM Q1 2023 10-Q",
    "file_type": "pdf",
    "content_type": "quarterly_report",
    "published_date": "2023-04-25",
    "fiscal_date": "2023-03-31",
    "fiscal_year": 2023,
    "fiscal_quarter": 1,
    "r2_url": "https://pub-2c783279b61043e19fbdadd1bee5153a.r2.dev/PHM/2023-04-25/phm-20230331.htm/phm-20230331.pdf",
    "periodicity": "periodic"
  },
  {
    "equity_ticker": "PHM",
    "geography": "US",
    "content_name": "PHM Q4 2022 10-K",
    "file_type": "pdf",
    "content_type": "annual_report",
    "published_date": "2023-02-06",
    "fiscal_date": "2022-12-31",
    "fiscal_year": 2022,
    "fiscal_quarter": 4,
    "r2_url": "https://pub-2c783279b61043e19fbdadd1bee5153a.r2.dev/PHM/2023-02-06/phm-20221231.htm/phm-20221231.pdf",
    "periodicity": "periodic"
  },
  {
    "equity_ticker": "PHM",
    "geography": "US",
    "content_name": "PHM Q3 2022 10-Q",
    "file_type": "pdf",
    "content_type": "quarterly_report",
    "published_date": "2022-10-25",
    "fiscal_date": "2022-09-30",
    "fiscal_year": 2022,
    "fiscal_quarter": 3,
    "r2_url": "https://pub-2c783279b61043e19fbdadd1bee5153a.r2.dev/PHM/2022-10-25/phm-20220930.htm/phm-20220930.pdf",
    "periodicity": "periodic"
  },
  {
    "equity_ticker": "PHM",
    "geography": "US",
    "content_name": "PHM Q2 2022 10-Q",
    "file_type": "pdf",
    "content_type": "quarterly_report",
    "published_date": "2022-07-26",
    "fiscal_date": "2022-06-30",
    "fiscal_year": 2022,
    "fiscal_quarter": 2,
    "r2_url": "https://pub-2c783279b61043e19fbdadd1bee5153a.r2.dev/PHM/2022-07-26/phm-20220630.htm/phm-20220630.pdf",
    "periodicity": "periodic"
  },
  {
    "equity_ticker": "PHM",
    "geography": "US",
    "content_name": "PHM Q1 2022 10-Q",
    "file_type": "pdf",
    "content_type": "quarterly_report",
    "published_date": "2022-04-28",
    "fiscal_date": "2022-03-31",
    "fiscal_year": 2022,
    "fiscal_quarter": 1,
    "r2_url": "https://pub-2c783279b61043e19fbdadd1bee5153a.r2.dev/PHM/2022-04-28/phm-20220331.htm/phm-20220331.pdf",
    "periodicity": "periodic"
  },
  {
    "equity_ticker": "PHM",
    "geography": "US",
    "content_name": "PHM Q4 2021 10-K",
    "file_type": "pdf",
    "content_type": "annual_report",
    "published_date": "2022-02-07",
    "fiscal_date": "2021-12-31",
    "fiscal_year": 2021,
    "fiscal_quarter": 4,
    "r2_url": "https://pub-2c783279b61043e19fbdadd1bee5153a.r2.dev/PHM/2022-02-07/phm-20211231.htm/phm-20211231.pdf",
    "periodicity": "periodic"
  },
  {
    "equity_ticker": "PHM",
    "geography": "US",
    "content_name": "PHM Q3 2021 10-Q",
    "file_type": "pdf",
    "content_type": "quarterly_report",
    "published_date": "2021-10-26",
    "fiscal_date": "2021-09-30",
    "fiscal_year": 2021,
    "fiscal_quarter": 3,
    "r2_url": "https://pub-2c783279b61043e19fbdadd1bee5153a.r2.dev/PHM/2021-10-26/phm-20210930.htm/phm-20210930.pdf",
    "periodicity": "periodic"
  },
  {
    "equity_ticker": "PHM",
    "geography": "US",
    "content_name": "PHM Q2 2021 10-Q",
    "file_type": "pdf",
    "content_type": "quarterly_report",
    "published_date": "2021-07-27",
    "fiscal_date": "2021-06-30",
    "fiscal_year": 2021,
    "fiscal_quarter": 2,
    "r2_url": "https://pub-2c783279b61043e19fbdadd1bee5153a.r2.dev/PHM/2021-07-27/phm-20210630.htm/phm-20210630.pdf",
    "periodicity": "periodic"
  },
  {
    "equity_ticker": "PHM",
    "geography": "US",
    "content_name": "PHM Q1 2021 10-Q",
    "file_type": "pdf",
    "content_type": "quarterly_report",
    "published_date": "2021-04-27",
    "fiscal_date": "2021-03-31",
    "fiscal_year": 2021,
    "fiscal_quarter": 1,
    "r2_url": "https://pub-2c783279b61043e19fbdadd1bee5153a.r2.dev/PHM/2021-04-27/phm-20210331.htm/phm-20210331.pdf",
    "periodicity": "periodic"
  },
  {
    "equity_ticker": "PHM",
    "geography": "US",
    "content_name": "PHM Q4 2020 10-K",
    "file_type": "pdf",
    "content_type": "annual_report",
    "published_date": "2021-02-02",
    "fiscal_date": "2020-12-31",
    "fiscal_year": 2020,
    "fiscal_quarter": 4,
    "r2_url": "https://pub-2c783279b61043e19fbdadd1bee5153a.r2.dev/PHM/2021-02-02/phm-20201231.htm/phm-20201231.pdf",
    "periodicity": "periodic"
  },
  {
    "equity_ticker": "PHM",
    "geography": "US",
    "content_name": "PHM Q3 2020 10-Q",
    "file_type": "pdf",
    "content_type": "quarterly_report",
    "published_date": "2020-10-22",
    "fiscal_date": "2020-09-30",
    "fiscal_year": 2020,
    "fiscal_quarter": 3,
    "r2_url": "https://pub-2c783279b61043e19fbdadd1bee5153a.r2.dev/PHM/2020-10-22/phm930202010-q.htm/phm930202010-q.pdf",
    "periodicity": "periodic"
  },
  {
    "equity_ticker": "PHM",
    "geography": "US",
    "content_name": "PHM Q2 2020 10-Q",
    "file_type": "pdf",
    "content_type": "quarterly_report",
    "published_date": "2020-07-23",
    "fiscal_date": "2020-06-30",
    "fiscal_year": 2020,
    "fiscal_quarter": 2,
    "r2_url": "https://pub-2c783279b61043e19fbdadd1bee5153a.r2.dev/PHM/2020-07-23/phm630202010-q.htm/ix.pdf",
    "periodicity": "periodic"
  },
  {
    "equity_ticker": "PHM",
    "geography": "US",
    "content_name": "PHM Q1 2020 10-Q",
    "file_type": "pdf",
    "content_type": "quarterly_report",
    "published_date": "2020-04-23",
    "fiscal_date": "2020-03-31",
    "fiscal_year": 2020,
    "fiscal_quarter": 1,
    "r2_url": "https://pub-2c783279b61043e19fbdadd1bee5153a.r2.dev/PHM/2020-04-23/phm331202010-q.htm/ix.pdf",
    "periodicity": "periodic"
  },
  {
    "equity_ticker": "PHM",
    "geography": "US",
    "content_name": "PHM Q4 2019 10-K",
    "file_type": "pdf",
    "content_type": "annual_report",
    "published_date": "2020-01-30",
    "fiscal_date": "2019-12-31",
    "fiscal_year": 2019,
    "fiscal_quarter": 4,
    "r2_url": "https://pub-2c783279b61043e19fbdadd1bee5153a.r2.dev/PHM/2020-01-30/a201910-k.htm/ix.pdf",
    "periodicity": "periodic"
  },
  {
    "equity_ticker": "PHM",
    "geography": "US",
    "content_name": "PHM Q3 2019 10-Q",
    "file_type": "pdf",
    "content_type": "quarterly_report",
    "published_date": "2019-10-22",
    "fiscal_date": "2019-09-30",
    "fiscal_year": 2019,
    "fiscal_quarter": 3,
    "r2_url": "https://pub-2c783279b61043e19fbdadd1bee5153a.r2.dev/PHM/2019-10-22/phm930201910-q.htm/ix.pdf",
    "periodicity": "periodic"
  },
  {
    "equity_ticker": "PHM",
    "geography": "US",
    "content_name": "PHM Q2 2019 10-Q",
    "file_type": "pdf",
    "content_type": "quarterly_report",
    "published_date": "2019-07-23",
    "fiscal_date": "2019-06-30",
    "fiscal_year": 2019,
    "fiscal_quarter": 2,
    "r2_url": "https://pub-2c783279b61043e19fbdadd1bee5153a.r2.dev/PHM/2019-07-23/phm630201910-q.htm/ix.pdf",
    "periodicity": "periodic"
  },
  {
    "equity_ticker": "PHM",
    "geography": "US",
    "content_name": "PHM Q1 2019 10-Q",
    "file_type": "pdf",
    "content_type": "quarterly_report",
    "published_date": "2019-04-23",
    "fiscal_date": "2019-03-31",
    "fiscal_year": 2019,
    "fiscal_quarter": 1,
    "r2_url": "https://pub-2c783279b61043e19fbdadd1bee5153a.r2.dev/PHM/2019-04-23/phm331201910-q.htm/ix.pdf",
    "periodicity": "periodic"
  },
  {
    "equity_ticker": "PHM",
    "geography": "US",
    "content_name": "PHM Q4 2018 10-K",
    "file_type": "pdf",
    "content_type": "annual_report",
    "published_date": "2019-01-31",
    "fiscal_date": "2018-12-31",
    "fiscal_year": 2018,
    "fiscal_quarter": 4,
    "r2_url": "https://pub-2c783279b61043e19fbdadd1bee5153a.r2.dev/PHM/2019-01-31/a201810-k.htm/ix.pdf",
    "periodicity": "periodic"
  },
  {
    "equity_ticker": "PHM",
    "geography": "US",
    "content_name": "PHM Q3 2018 10-Q",
    "file_type": "pdf",
    "content_type": "quarterly_report",
    "published_date": "2018-10-23",
    "fiscal_date": "2018-09-30",
    "fiscal_year": 2018,
    "fiscal_quarter": 3,
    "r2_url": "https://pub-2c783279b61043e19fbdadd1bee5153a.r2.dev/PHM/2018-10-23/phm930201810-q.htm/ix.pdf",
    "periodicity": "periodic"
  },
  {
    "equity_ticker": "PHM",
    "geography": "US",
    "content_name": "PHM Q2 2018 10-Q",
    "file_type": "pdf",
    "content_type": "quarterly_report",
    "published_date": "2018-07-26",
    "fiscal_date": "2018-06-30",
    "fiscal_year": 2018,
    "fiscal_quarter": 2,
    "r2_url": "https://pub-2c783279b61043e19fbdadd1bee5153a.r2.dev/PHM/2018-07-26/phm630201810-q.htm/ix.pdf",
    "periodicity": "periodic"
  },
  {
    "equity_ticker": "PHM",
    "geography": "US",
    "content_name": "PHM Q1 2018 10-Q",
    "file_type": "pdf",
    "content_type": "quarterly_report",
    "published_date": "2018-04-24",
    "fiscal_date": "2018-03-31",
    "fiscal_year": 2018,
    "fiscal_quarter": 1,
    "r2_url": "https://pub-2c783279b61043e19fbdadd1bee5153a.r2.dev/PHM/2018-04-24/phm331201810-q.htm/phm331201810-q.pdf",
    "periodicity": "periodic"
  },
  {
    "equity_ticker": "PHM",
    "geography": "US",
    "content_name": "PHM Q4 2017 10-K",
    "file_type": "pdf",
    "content_type": "annual_report",
    "published_date": "2018-02-07",
    "fiscal_date": "2017-12-31",
    "fiscal_year": 2017,
    "fiscal_quarter": 4,
    "r2_url": "https://pub-2c783279b61043e19fbdadd1bee5153a.r2.dev/PHM/2018-02-07/a201710-k.htm/a201710-k.pdf",
    "periodicity": "periodic"
  },
  {
    "equity_ticker": "PHM",
    "geography": "US",
    "content_name": "PHM Q3 2017 10-Q",
    "file_type": "pdf",
    "content_type": "quarterly_report",
    "published_date": "2017-10-24",
    "fiscal_date": "2017-09-30",
    "fiscal_year": 2017,
    "fiscal_quarter": 3,
    "r2_url": "https://pub-2c783279b61043e19fbdadd1bee5153a.r2.dev/PHM/2017-10-24/phm930201710-q.htm/phm930201710-q.pdf",
    "periodicity": "periodic"
  },
  {
    "equity_ticker": "PHM",
    "geography": "US",
    "content_name": "PHM Q2 2017 10-Q",
    "file_type": "pdf",
    "content_type": "quarterly_report",
    "published_date": "2017-07-25",
    "fiscal_date": "2017-06-30",
    "fiscal_year": 2017,
    "fiscal_quarter": 2,
    "r2_url": "https://pub-2c783279b61043e19fbdadd1bee5153a.r2.dev/PHM/2017-07-25/phm630201710-q.htm/phm630201710-q.pdf",
    "periodicity": "periodic"
  },
  {
    "equity_ticker": "PHM",
    "geography": "US",
    "content_name": "PHM Q1 2017 10-Q",
    "file_type": "pdf",
    "content_type": "quarterly_report",
    "published_date": "2017-04-25",
    "fiscal_date": "2017-03-31",
    "fiscal_year": 2017,
    "fiscal_quarter": 1,
    "r2_url": "https://pub-2c783279b61043e19fbdadd1bee5153a.r2.dev/PHM/2017-04-25/phm331201710-q.htm/phm331201710-q.pdf",
    "periodicity": "periodic"
  },
  {
    "equity_ticker": "PHM",
    "geography": "US",
    "content_name": "PHM Q4 2016 10-K",
    "file_type": "pdf",
    "content_type": "annual_report",
    "published_date": "2017-02-01",
    "fiscal_date": "2016-12-31",
    "fiscal_year": 2016,
    "fiscal_quarter": 4,
    "r2_url": "https://pub-2c783279b61043e19fbdadd1bee5153a.r2.dev/PHM/2017-02-01/a201610-k.htm/a201610-k.pdf",
    "periodicity": "periodic"
  },
  {
    "equity_ticker": "PHM",
    "geography": "US",
    "content_name": "PHM Q3 2016 10-Q",
    "file_type": "pdf",
    "content_type": "quarterly_report",
    "published_date": "2016-10-20",
    "fiscal_date": "2016-09-30",
    "fiscal_year": 2016,
    "fiscal_quarter": 3,
    "r2_url": "https://pub-2c783279b61043e19fbdadd1bee5153a.r2.dev/PHM/2016-10-20/phm0930201610-q.htm/phm0930201610-q.pdf",
    "periodicity": "periodic"
  },
  {
    "equity_ticker": "PHM",
    "geography": "US",
    "content_name": "PHM Q2 2016 10-Q",
    "file_type": "pdf",
    "content_type": "quarterly_report",
    "published_date": "2016-07-21",
    "fiscal_date": "2016-06-30",
    "fiscal_year": 2016,
    "fiscal_quarter": 2,
    "r2_url": "https://pub-2c783279b61043e19fbdadd1bee5153a.r2.dev/PHM/2016-07-21/phm0630201610-q.htm/phm0630201610-q.pdf",
    "periodicity": "periodic"
  },
  {
    "equity_ticker": "PHM",
    "geography": "US",
    "content_name": "PHM Q1 2016 10-Q",
    "file_type": "pdf",
    "content_type": "quarterly_report",
    "published_date": "2016-04-21",
    "fiscal_date": "2016-03-31",
    "fiscal_year": 2016,
    "fiscal_quarter": 1,
    "r2_url": "https://pub-2c783279b61043e19fbdadd1bee5153a.r2.dev/PHM/2016-04-21/phm0331201610-q.htm/phm0331201610-q.pdf",
    "periodicity": "periodic"
  },
  {
    "equity_ticker": "PHM",
    "geography": "US",
    "content_name": "PHM Q4 2015 10-K",
    "file_type": "pdf",
    "content_type": "annual_report",
    "published_date": "2016-02-08",
    "fiscal_date": "2015-12-31",
    "fiscal_year": 2015,
    "fiscal_quarter": 4,
    "r2_url": "https://pub-2c783279b61043e19fbdadd1bee5153a.r2.dev/PHM/2016-02-08/a201510-k.htm/a201510-k.pdf",
    "periodicity": "periodic"
  },
  {
    "equity_ticker": "PHM",
    "geography": "US",
    "content_name": "PHM Q3 2015 10-Q",
    "file_type": "pdf",
    "content_type": "quarterly_report",
    "published_date": "2015-10-22",
    "fiscal_date": "2015-09-30",
    "fiscal_year": 2015,
    "fiscal_quarter": 3,
    "r2_url": "https://pub-2c783279b61043e19fbdadd1bee5153a.r2.dev/PHM/2015-10-22/phm0930201510-q.htm/phm0930201510-q.pdf",
    "periodicity": "periodic"
  },
  {
    "equity_ticker": "PHM",
    "geography": "US",
    "content_name": "PHM Q2 2015 10-Q",
    "file_type": "pdf",
    "content_type": "quarterly_report",
    "published_date": "2015-07-23",
    "fiscal_date": "2015-06-30",
    "fiscal_year": 2015,
    "fiscal_quarter": 2,
    "r2_url": "https://pub-2c783279b61043e19fbdadd1bee5153a.r2.dev/PHM/2015-07-23/phm0630201510-q.htm/phm0630201510-q.pdf",
    "periodicity": "periodic"
  },
  {
    "equity_ticker": "PHM",
    "geography": "US",
    "content_name": "PHM Q1 2015 10-Q",
    "file_type": "pdf",
    "content_type": "quarterly_report",
    "published_date": "2015-04-23",
    "fiscal_date": "2015-03-31",
    "fiscal_year": 2015,
    "fiscal_quarter": 1,
    "r2_url": "https://pub-2c783279b61043e19fbdadd1bee5153a.r2.dev/PHM/2015-04-23/phm0331201510-q.htm/phm0331201510-q.pdf",
    "periodicity": "periodic"
  },
  {
    "equity_ticker": "PHM",
    "geography": "US",
    "content_name": "PHM Q4 2014 10-K",
    "file_type": "pdf",
    "content_type": "annual_report",
    "published_date": "2015-02-04",
    "fiscal_date": "2014-12-31",
    "fiscal_year": 2014,
    "fiscal_quarter": 4,
    "r2_url": "https://pub-2c783279b61043e19fbdadd1bee5153a.r2.dev/PHM/2015-02-04/a201410-k.htm/a201410-k.pdf",
    "periodicity": "periodic"
  },
  {
    "equity_ticker": "PHM",
    "geography": "US",
    "content_name": "PHM Q3 2014 10-Q",
    "file_type": "pdf",
    "content_type": "quarterly_report",
    "published_date": "2014-10-23",
    "fiscal_date": "2014-09-30",
    "fiscal_year": 2014,
    "fiscal_quarter": 3,
    "r2_url": "https://pub-2c783279b61043e19fbdadd1bee5153a.r2.dev/PHM/2014-10-23/phm0930201410-q.htm/phm0930201410-q.pdf",
    "periodicity": "periodic"
  },
  {
    "equity_ticker": "PHM",
    "geography": "US",
    "content_name": "PHM Q2 2014 10-Q",
    "file_type": "pdf",
    "content_type": "quarterly_report",
    "published_date": "2014-07-24",
    "fiscal_date": "2014-06-30",
    "fiscal_year": 2014,
    "fiscal_quarter": 2,
    "r2_url": "https://pub-2c783279b61043e19fbdadd1bee5153a.r2.dev/PHM/2014-07-24/phm0630201410-q.htm/phm0630201410-q.pdf",
    "periodicity": "periodic"
  },
  {
    "equity_ticker": "PHM",
    "geography": "US",
    "content_name": "PHM Q1 2014 10-Q",
    "file_type": "pdf",
    "content_type": "quarterly_report",
    "published_date": "2014-04-24",
    "fiscal_date": "2014-03-31",
    "fiscal_year": 2014,
    "fiscal_quarter": 1,
    "r2_url": "https://pub-2c783279b61043e19fbdadd1bee5153a.r2.dev/PHM/2014-04-24/phm0331201410-q.htm/phm0331201410-q.pdf",
    "periodicity": "periodic"
  },
  {
    "equity_ticker": "PHM",
    "geography": "US",
    "content_name": "PHM Q4 2013 10-K",
    "file_type": "pdf",
    "content_type": "annual_report",
    "published_date": "2014-02-05",
    "fiscal_date": "2013-12-31",
    "fiscal_year": 2013,
    "fiscal_quarter": 4,
    "r2_url": "https://pub-2c783279b61043e19fbdadd1bee5153a.r2.dev/PHM/2014-02-05/a201310-k.htm/a201310-k.pdf",
    "periodicity": "periodic"
  },
  {
    "equity_ticker": "PHM",
    "geography": "US",
    "content_name": "PHM Q3 2013 10-Q",
    "file_type": "pdf",
    "content_type": "quarterly_report",
    "published_date": "2013-10-24",
    "fiscal_date": "2013-09-30",
    "fiscal_year": 2013,
    "fiscal_quarter": 3,
    "r2_url": "https://pub-2c783279b61043e19fbdadd1bee5153a.r2.dev/PHM/2013-10-24/phm0930201310-q.htm/phm0930201310-q.pdf",
    "periodicity": "periodic"
  },
  {
    "equity_ticker": "PHM",
    "geography": "US",
    "content_name": "PHM Q2 2013 10-Q",
    "file_type": "pdf",
    "content_type": "quarterly_report",
    "published_date": "2013-07-25",
    "fiscal_date": "2013-06-30",
    "fiscal_year": 2013,
    "fiscal_quarter": 2,
    "r2_url": "https://pub-2c783279b61043e19fbdadd1bee5153a.r2.dev/PHM/2013-07-25/phm0630201310-q.htm/phm0630201310-q.pdf",
    "periodicity": "periodic"
  },
  {
    "equity_ticker": "PHM",
    "geography": "US",
    "content_name": "PHM Q1 2013 10-Q",
    "file_type": "pdf",
    "content_type": "quarterly_report",
    "published_date": "2013-04-25",
    "fiscal_date": "2013-03-31",
    "fiscal_year": 2013,
    "fiscal_quarter": 1,
    "r2_url": "https://pub-2c783279b61043e19fbdadd1bee5153a.r2.dev/PHM/2013-04-25/phm0331201310-q.htm/phm0331201310-q.pdf",
    "periodicity": "periodic"
  },
  {
    "equity_ticker": "PHM",
    "geography": "US",
    "content_name": "PHM Q4 2012 10-K",
    "file_type": "pdf",
    "content_type": "annual_report",
    "published_date": "2013-02-06",
    "fiscal_date": "2012-12-31",
    "fiscal_year": 2012,
    "fiscal_quarter": 4,
    "r2_url": "https://pub-2c783279b61043e19fbdadd1bee5153a.r2.dev/PHM/2013-02-06/a201210-k.htm/a201210-k.pdf",
    "periodicity": "periodic"
  },
  {
    "equity_ticker": "PHM",
    "geography": "US",
    "content_name": "PHM Q3 2012 10-Q",
    "file_type": "pdf",
    "content_type": "quarterly_report",
    "published_date": "2012-10-25",
    "fiscal_date": "2012-09-30",
    "fiscal_year": 2012,
    "fiscal_quarter": 3,
    "r2_url": "https://pub-2c783279b61043e19fbdadd1bee5153a.r2.dev/PHM/2012-10-25/phm0930201210-q.htm/phm0930201210-q.pdf",
    "periodicity": "periodic"
  },
  {
    "equity_ticker": "PHM",
    "geography": "US",
    "content_name": "PHM Q2 2012 10-Q",
    "file_type": "pdf",
    "content_type": "quarterly_report",
    "published_date": "2012-07-26",
    "fiscal_date": "2012-06-30",
    "fiscal_year": 2012,
    "fiscal_quarter": 2,
    "r2_url": "https://pub-2c783279b61043e19fbdadd1bee5153a.r2.dev/PHM/2012-07-26/phm0630201210-q.htm/phm0630201210-q.pdf",
    "periodicity": "periodic"
  },
  {
    "equity_ticker": "PHM",
    "geography": "US",
    "content_name": "PHM Q1 2012 10-Q",
    "file_type": "pdf",
    "content_type": "quarterly_report",
    "published_date": "2012-04-26",
    "fiscal_date": "2012-03-31",
    "fiscal_year": 2012,
    "fiscal_quarter": 1,
    "r2_url": "https://pub-2c783279b61043e19fbdadd1bee5153a.r2.dev/PHM/2012-04-26/phm0331201210-q.htm/phm0331201210-q.pdf",
    "periodicity": "periodic"
  },
  {
    "equity_ticker": "PHM",
    "geography": "US",
    "content_name": "PHM Q4 2011 10-K",
    "file_type": "pdf",
    "content_type": "annual_report",
    "published_date": "2012-02-09",
    "fiscal_date": "2011-12-31",
    "fiscal_year": 2011,
    "fiscal_quarter": 4,
    "r2_url": "https://pub-2c783279b61043e19fbdadd1bee5153a.r2.dev/PHM/2012-02-09/phm-12312011x10k.htm/phm-12312011x10k.pdf",
    "periodicity": "periodic"
  },
  {
    "equity_ticker": "PHM",
    "geography": "US",
    "content_name": "PHM Q3 2011 10-Q",
    "file_type": "pdf",
    "content_type": "quarterly_report",
    "published_date": "2011-10-28",
    "fiscal_date": "2011-09-30",
    "fiscal_year": 2011,
    "fiscal_quarter": 3,
    "r2_url": "https://pub-2c783279b61043e19fbdadd1bee5153a.r2.dev/PHM/2011-10-28/d232572d10q.htm/d232572d10q.pdf",
    "periodicity": "periodic"
  },
  {
    "equity_ticker": "PHM",
    "geography": "US",
    "content_name": "PHM Q2 2011 10-Q",
    "file_type": "pdf",
    "content_type": "quarterly_report",
    "published_date": "2011-08-01",
    "fiscal_date": "2011-06-30",
    "fiscal_year": 2011,
    "fiscal_quarter": 2,
    "r2_url": "https://pub-2c783279b61043e19fbdadd1bee5153a.r2.dev/PHM/2011-08-01/d10q.htm/d10q.pdf",
    "periodicity": "periodic"
  },
  {
    "equity_ticker": "PHM",
    "geography": "US",
    "content_name": "PHM Q1 2011 10-Q",
    "file_type": "pdf",
    "content_type": "quarterly_report",
    "published_date": "2011-04-28",
    "fiscal_date": "2011-03-31",
    "fiscal_year": 2011,
    "fiscal_quarter": 1,
    "r2_url": "https://pub-2c783279b61043e19fbdadd1bee5153a.r2.dev/PHM/2011-04-28/d10q.htm/d10q.pdf",
    "periodicity": "periodic"
  },
  {
    "equity_ticker": "PHM",
    "geography": "US",
    "content_name": "PHM Q4 2010 10-K",
    "file_type": "pdf",
    "content_type": "annual_report",
    "published_date": "2011-02-10",
    "fiscal_date": "2010-12-31",
    "fiscal_year": 2010,
    "fiscal_quarter": 4,
    "r2_url": "https://pub-2c783279b61043e19fbdadd1bee5153a.r2.dev/PHM/2011-02-10/d10k.htm/d10k.pdf",
    "periodicity": "periodic"
  },
  {
    "equity_ticker": "PHM",
    "geography": "US",
    "content_name": "PHM Q3 2010 10-Q",
    "file_type": "pdf",
    "content_type": "quarterly_report",
    "published_date": "2010-11-05",
    "fiscal_date": "2010-09-30",
    "fiscal_year": 2010,
    "fiscal_quarter": 3,
    "r2_url": "https://pub-2c783279b61043e19fbdadd1bee5153a.r2.dev/PHM/2010-11-05/d10q.htm/d10q.pdf",
    "periodicity": "periodic"
  },
  {
    "equity_ticker": "PHM",
    "geography": "US",
    "content_name": "PHM Q2 2010 10-Q",
    "file_type": "pdf",
    "content_type": "quarterly_report",
    "published_date": "2010-08-05",
    "fiscal_date": "2010-06-30",
    "fiscal_year": 2010,
    "fiscal_quarter": 2,
    "r2_url": "https://pub-2c783279b61043e19fbdadd1bee5153a.r2.dev/PHM/2010-08-05/d10q.htm/d10q.pdf",
    "periodicity": "periodic"
  },
  {
    "equity_ticker": "PHM",
    "geography": "US",
    "content_name": "PHM Q1 2010 10-Q",
    "file_type": "pdf",
    "content_type": "quarterly_report",
    "published_date": "2010-05-06",
    "fiscal_date": "2010-03-31",
    "fiscal_year": 2010,
    "fiscal_quarter": 1,
    "r2_url": "https://pub-2c783279b61043e19fbdadd1bee5153a.r2.dev/PHM/2010-05-06/d10q.htm/d10q.pdf",
    "periodicity": "periodic"
  },
  {
    "equity_ticker": "PHM",
    "geography": "US",
    "content_name": "PHM Q4 2009 10-K",
    "file_type": "pdf",
    "content_type": "annual_report",
    "published_date": "2010-02-18",
    "fiscal_date": "2009-12-31",
    "fiscal_year": 2009,
    "fiscal_quarter": 4,
    "r2_url": "https://pub-2c783279b61043e19fbdadd1bee5153a.r2.dev/PHM/2010-02-18/d10k.htm/d10k.pdf",
    "periodicity": "periodic"
  },
  {
    "equity_ticker": "PHM",
    "geography": "US",
    "content_name": "PHM Q3 2009 10-Q",
    "file_type": "pdf",
    "content_type": "quarterly_report",
    "published_date": "2009-11-06",
    "fiscal_date": "2009-09-30",
    "fiscal_year": 2009,
    "fiscal_quarter": 3,
    "r2_url": "https://pub-2c783279b61043e19fbdadd1bee5153a.r2.dev/PHM/2009-11-06/d10q.htm/d10q.pdf",
    "periodicity": "periodic"
  },
  {
    "equity_ticker": "PHM",
    "geography": "US",
    "content_name": "PHM Q2 2009 10-Q",
    "file_type": "pdf",
    "content_type": "quarterly_report",
    "published_date": "2009-08-06",
    "fiscal_date": "2009-06-30",
    "fiscal_year": 2009,
    "fiscal_quarter": 2,
    "r2_url": "https://pub-2c783279b61043e19fbdadd1bee5153a.r2.dev/PHM/2009-08-06/d10q.htm/d10q.pdf",
    "periodicity": "periodic"
  },
  {
    "equity_ticker": "PHM",
    "geography": "US",
    "content_name": "PHM Q1 2009 10-Q",
    "file_type": "pdf",
    "content_type": "quarterly_report",
    "published_date": "2009-05-07",
    "fiscal_date": "2009-03-31",
    "fiscal_year": 2009,
    "fiscal_quarter": 1,
    "r2_url": "https://pub-2c783279b61043e19fbdadd1bee5153a.r2.dev/PHM/2009-05-07/d10q.htm/d10q.pdf",
    "periodicity": "periodic"
  },
  {
    "equity_ticker": "PHM",
    "geography": "US",
    "content_name": "PHM Q4 2008 10-K",
    "file_type": "pdf",
    "content_type": "annual_report",
    "published_date": "2009-02-26",
    "fiscal_date": "2008-12-31",
    "fiscal_year": 2008,
    "fiscal_quarter": 4,
    "r2_url": "https://pub-2c783279b61043e19fbdadd1bee5153a.r2.dev/PHM/2009-02-26/d10k.htm/d10k.pdf",
    "periodicity": "periodic"
  },
  {
    "equity_ticker": "PHM",
    "geography": "US",
    "content_name": "PHM Q3 2008 10-Q",
    "file_type": "pdf",
    "content_type": "quarterly_report",
    "published_date": "2008-11-05",
    "fiscal_date": "2008-09-30",
    "fiscal_year": 2008,
    "fiscal_quarter": 3,
    "r2_url": "https://pub-2c783279b61043e19fbdadd1bee5153a.r2.dev/PHM/2008-11-05/d10q.htm/d10q.pdf",
    "periodicity": "periodic"
  },
  {
    "equity_ticker": "PHM",
    "geography": "US",
    "content_name": "PHM Q2 2008 10-Q",
    "file_type": "pdf",
    "content_type": "quarterly_report",
    "published_date": "2008-08-06",
    "fiscal_date": "2008-06-30",
    "fiscal_year": 2008,
    "fiscal_quarter": 2,
    "r2_url": "https://pub-2c783279b61043e19fbdadd1bee5153a.r2.dev/PHM/2008-08-06/k34367e10vq.htm/k34367e10vq.pdf",
    "periodicity": "periodic"
  },
  {
    "equity_ticker": "PHM",
    "geography": "US",
    "content_name": "PHM Q1 2008 10-Q",
    "file_type": "pdf",
    "content_type": "quarterly_report",
    "published_date": "2008-05-07",
    "fiscal_date": "2008-03-31",
    "fiscal_year": 2008,
    "fiscal_quarter": 1,
    "r2_url": "https://pub-2c783279b61043e19fbdadd1bee5153a.r2.dev/PHM/2008-05-07/k26518e10vq.htm/k26518e10vq.pdf",
    "periodicity": "periodic"
  },
  {
    "equity_ticker": "PHM",
    "geography": "US",
    "content_name": "PHM Q4 2007 10-K",
    "file_type": "pdf",
    "content_type": "annual_report",
    "published_date": "2008-02-25",
    "fiscal_date": "2007-12-31",
    "fiscal_year": 2007,
    "fiscal_quarter": 4,
    "r2_url": "https://pub-2c783279b61043e19fbdadd1bee5153a.r2.dev/PHM/2008-02-25/k24131e10vk.htm/k24131e10vk.pdf",
    "periodicity": "periodic"
  },
  {
    "equity_ticker": "PHM",
    "geography": "US",
    "content_name": "PHM Q3 2007 10-Q",
    "file_type": "pdf",
    "content_type": "quarterly_report",
    "published_date": "2007-11-06",
    "fiscal_date": "2007-09-30",
    "fiscal_year": 2007,
    "fiscal_quarter": 3,
    "r2_url": "https://pub-2c783279b61043e19fbdadd1bee5153a.r2.dev/PHM/2007-11-06/k21272e10vq.htm/k21272e10vq.pdf",
    "periodicity": "periodic"
  },
  {
    "equity_ticker": "PHM",
    "geography": "US",
    "content_name": "PHM Q2 2007 10-Q",
    "file_type": "pdf",
    "content_type": "quarterly_report",
    "published_date": "2007-08-07",
    "fiscal_date": "2007-06-30",
    "fiscal_year": 2007,
    "fiscal_quarter": 2,
    "r2_url": "https://pub-2c783279b61043e19fbdadd1bee5153a.r2.dev/PHM/2007-08-07/k17527e10vq.htm/k17527e10vq.pdf",
    "periodicity": "periodic"
  },
  {
    "equity_ticker": "PHM",
    "geography": "US",
    "content_name": "PHM Q1 2007 10-Q",
    "file_type": "pdf",
    "content_type": "quarterly_report",
    "published_date": "2007-05-08",
    "fiscal_date": "2007-03-31",
    "fiscal_year": 2007,
    "fiscal_quarter": 1,
    "r2_url": "https://pub-2c783279b61043e19fbdadd1bee5153a.r2.dev/PHM/2007-05-08/k14993e10vq.htm/k14993e10vq.pdf",
    "periodicity": "periodic"
  },
  {
    "equity_ticker": "PHM",
    "geography": "US",
    "content_name": "PHM Q4 2006 10-K",
    "file_type": "pdf",
    "content_type": "annual_report",
    "published_date": "2007-02-23",
    "fiscal_date": "2006-12-31",
    "fiscal_year": 2006,
    "fiscal_quarter": 4,
    "r2_url": "https://pub-2c783279b61043e19fbdadd1bee5153a.r2.dev/PHM/2007-02-23/k12634e10vk.htm/k12634e10vk.pdf",
    "periodicity": "periodic"
  },
  {
    "equity_ticker": "PHM",
    "geography": "US",
    "content_name": "PHM Q3 2006 10-Q",
    "file_type": "pdf",
    "content_type": "quarterly_report",
    "published_date": "2006-11-07",
    "fiscal_date": "2006-09-30",
    "fiscal_year": 2006,
    "fiscal_quarter": 3,
    "r2_url": "https://pub-2c783279b61043e19fbdadd1bee5153a.r2.dev/PHM/2006-11-07/k09762e10vq.htm/k09762e10vq.pdf",
    "periodicity": "periodic"
  },
  {
    "equity_ticker": "PHM",
    "geography": "US",
    "content_name": "PHM Q2 2006 10-Q",
    "file_type": "pdf",
    "content_type": "quarterly_report",
    "published_date": "2006-08-04",
    "fiscal_date": "2006-06-30",
    "fiscal_year": 2006,
    "fiscal_quarter": 2,
    "r2_url": "https://pub-2c783279b61043e19fbdadd1bee5153a.r2.dev/PHM/2006-08-04/k07420e10vq.htm/k07420e10vq.pdf",
    "periodicity": "periodic"
  },
  {
    "equity_ticker": "PHM",
    "geography": "US",
    "content_name": "PHM Q1 2006 10-Q",
    "file_type": "pdf",
    "content_type": "quarterly_report",
    "published_date": "2006-05-05",
    "fiscal_date": "2006-03-31",
    "fiscal_year": 2006,
    "fiscal_quarter": 1,
    "r2_url": "https://pub-2c783279b61043e19fbdadd1bee5153a.r2.dev/PHM/2006-05-05/k04976e10vq.htm/k04976e10vq.pdf",
    "periodicity": "periodic"
  },
  {
    "equity_ticker": "PHM",
    "geography": "US",
    "content_name": "PHM Q4 2005 10-K",
    "file_type": "pdf",
    "content_type": "annual_report",
    "published_date": "2006-03-10",
    "fiscal_date": "2005-12-31",
    "fiscal_year": 2005,
    "fiscal_quarter": 4,
    "r2_url": "https://pub-2c783279b61043e19fbdadd1bee5153a.r2.dev/PHM/2006-03-10/k02502e10vk.htm/k02502e10vk.pdf",
    "periodicity": "periodic"
  },
  {
    "equity_ticker": "PHM",
    "geography": "US",
    "content_name": "PHM Q3 2005 10-Q",
    "file_type": "pdf",
    "content_type": "quarterly_report",
    "published_date": "2005-11-04",
    "fiscal_date": "2005-09-30",
    "fiscal_year": 2005,
    "fiscal_quarter": 3,
    "r2_url": "https://pub-2c783279b61043e19fbdadd1bee5153a.r2.dev/PHM/2005-11-04/k99357e10vq.htm/k99357e10vq.pdf",
    "periodicity": "periodic"
  },
  {
    "equity_ticker": "PHM",
    "geography": "US",
    "content_name": "PHM Q2 2005 10-Q",
    "file_type": "pdf",
    "content_type": "quarterly_report",
    "published_date": "2005-08-04",
    "fiscal_date": "2005-06-30",
    "fiscal_year": 2005,
    "fiscal_quarter": 2,
    "r2_url": "https://pub-2c783279b61043e19fbdadd1bee5153a.r2.dev/PHM/2005-08-04/k96945e10vq.htm/k96945e10vq.pdf",
    "periodicity": "periodic"
  },
  {
    "equity_ticker": "PHM",
    "geography": "US",
    "content_name": "PHM Q1 2005 10-Q",
    "file_type": "pdf",
    "content_type": "quarterly_report",
    "published_date": "2005-05-06",
    "fiscal_date": "2005-03-31",
    "fiscal_year": 2005,
    "fiscal_quarter": 1,
    "r2_url": "https://pub-2c783279b61043e19fbdadd1bee5153a.r2.dev/PHM/2005-05-06/k94826e10vq.htm/k94826e10vq.pdf",
    "periodicity": "periodic"
  },
  {
    "equity_ticker": "PHM",
    "geography": "US",
    "content_name": "PHM Q4 2004 10-K",
    "file_type": "pdf",
    "content_type": "annual_report",
    "published_date": "2005-03-10",
    "fiscal_date": "2004-12-31",
    "fiscal_year": 2004,
    "fiscal_quarter": 4,
    "r2_url": "https://pub-2c783279b61043e19fbdadd1bee5153a.r2.dev/PHM/2005-03-10/k91896e10vk.htm/k91896e10vk.pdf",
    "periodicity": "periodic"
  },
  {
    "equity_ticker": "PHM",
    "geography": "US",
    "content_name": "PHM Q3 2004 10-Q",
    "file_type": "pdf",
    "content_type": "quarterly_report",
    "published_date": "2004-11-03",
    "fiscal_date": "2004-09-30",
    "fiscal_year": 2004,
    "fiscal_quarter": 3,
    "r2_url": "https://pub-2c783279b61043e19fbdadd1bee5153a.r2.dev/PHM/2004-11-03/k88687e10vq.htm/k88687e10vq.pdf",
    "periodicity": "periodic"
  },
  {
    "equity_ticker": "PHM",
    "geography": "US",
    "content_name": "PHM Q2 2004 10-Q",
    "file_type": "pdf",
    "content_type": "quarterly_report",
    "published_date": "2004-08-04",
    "fiscal_date": "2004-06-30",
    "fiscal_year": 2004,
    "fiscal_quarter": 2,
    "r2_url": "https://pub-2c783279b61043e19fbdadd1bee5153a.r2.dev/PHM/2004-08-04/k86650e10vq.htm/k86650e10vq.pdf",
    "periodicity": "periodic"
  },
  {
    "equity_ticker": "PHM",
    "geography": "US",
    "content_name": "PHM Q1 2004 10-Q",
    "file_type": "pdf",
    "content_type": "quarterly_report",
    "published_date": "2004-05-06",
    "fiscal_date": "2004-03-31",
    "fiscal_year": 2004,
    "fiscal_quarter": 1,
    "r2_url": "https://pub-2c783279b61043e19fbdadd1bee5153a.r2.dev/PHM/2004-05-06/k84930e10vq.htm/k84930e10vq.pdf",
    "periodicity": "periodic"
  },
  {
    "equity_ticker": "PHM",
    "geography": "US",
    "content_name": "PHM Q4 2003 10-K",
    "file_type": "pdf",
    "content_type": "annual_report",
    "published_date": "2004-02-27",
    "fiscal_date": "2003-12-31",
    "fiscal_year": 2003,
    "fiscal_quarter": 4,
    "r2_url": "https://pub-2c783279b61043e19fbdadd1bee5153a.r2.dev/PHM/2004-02-27/k82512e10vk.htm/k82512e10vk.pdf",
    "periodicity": "periodic"
  },
  {
    "equity_ticker": "PHM",
    "geography": "US",
    "content_name": "PHM Q3 2003 10-Q",
    "file_type": "pdf",
    "content_type": "quarterly_report",
    "published_date": "2003-11-05",
    "fiscal_date": "2003-09-30",
    "fiscal_year": 2003,
    "fiscal_quarter": 3,
    "r2_url": "https://pub-2c783279b61043e19fbdadd1bee5153a.r2.dev/PHM/2003-11-05/k80549e10vq.htm/k80549e10vq.pdf",
    "periodicity": "periodic"
  },
  {
    "equity_ticker": "PHM",
    "geography": "US",
    "content_name": "PHM Q2 2003 10-Q",
    "file_type": "pdf",
    "content_type": "quarterly_report",
    "published_date": "2003-08-06",
    "fiscal_date": "2003-06-30",
    "fiscal_year": 2003,
    "fiscal_quarter": 2,
    "r2_url": "https://pub-2c783279b61043e19fbdadd1bee5153a.r2.dev/PHM/2003-08-06/k78714e10vq.htm/k78714e10vq.pdf",
    "periodicity": "periodic"
  },
  {
    "equity_ticker": "PHM",
    "geography": "US",
    "content_name": "PHM Q1 2003 10-Q",
    "file_type": "pdf",
    "content_type": "quarterly_report",
    "published_date": "2003-05-12",
    "fiscal_date": "2003-03-31",
    "fiscal_year": 2003,
    "fiscal_quarter": 1,
    "r2_url": "https://pub-2c783279b61043e19fbdadd1bee5153a.r2.dev/PHM/2003-05-12/k76820e10vq.htm/k76820e10vq.pdf",
    "periodicity": "periodic"
  },
  {
    "equity_ticker": "PHM",
    "geography": "US",
    "content_name": "PHM Q4 2002 10-K",
    "file_type": "pdf",
    "content_type": "annual_report",
    "published_date": "2003-03-11",
    "fiscal_date": "2002-12-31",
    "fiscal_year": 2002,
    "fiscal_quarter": 4,
    "r2_url": "https://pub-2c783279b61043e19fbdadd1bee5153a.r2.dev/PHM/2003-03-11/k74376e10vk.htm/k74376e10vk.pdf",
    "periodicity": "periodic"
  },
  {
    "equity_ticker": "PHM",
    "geography": "US",
    "content_name": "PHM Q3 2002 10-Q",
    "file_type": "pdf",
    "content_type": "quarterly_report",
    "published_date": "2002-11-13",
    "fiscal_date": "2002-09-30",
    "fiscal_year": 2002,
    "fiscal_quarter": 3,
    "r2_url": "https://pub-2c783279b61043e19fbdadd1bee5153a.r2.dev/PHM/2002-11-13/k72418e10vq.htm/k72418e10vq.pdf",
    "periodicity": "periodic"
  },
  {
    "equity_ticker": "PHM",
    "geography": "US",
    "content_name": "PHM Q2 2002 10-Q",
    "file_type": "pdf",
    "content_type": "quarterly_report",
    "published_date": "2002-08-14",
    "fiscal_date": "2002-06-30",
    "fiscal_year": 2002,
    "fiscal_quarter": 2,
    "r2_url": "https://pub-2c783279b61043e19fbdadd1bee5153a.r2.dev/PHM/2002-08-14/k71333e10vq.htm/k71333e10vq.pdf",
    "periodicity": "periodic"
  },
  {
    "equity_ticker": "PHM",
    "geography": "US",
    "content_name": "PHM Q1 2002 10-Q",
    "file_type": "pdf",
    "content_type": "quarterly_report",
    "published_date": "2002-05-09",
    "fiscal_date": "2002-03-31",
    "fiscal_year": 2002,
    "fiscal_quarter": 1,
    "r2_url": "https://pub-2c783279b61043e19fbdadd1bee5153a.r2.dev/PHM/2002-05-09/k69441e10-q.htm/k69441e10-q.pdf",
    "periodicity": "periodic"
  },
  {
    "equity_ticker": "PHM",
    "geography": "US",
    "content_name": "PHM Q4 2001 10-K",
    "file_type": "pdf",
    "content_type": "annual_report",
    "published_date": "2002-03-08",
    "fiscal_date": "2001-12-31",
    "fiscal_year": 2001,
    "fiscal_quarter": 4,
    "r2_url": "https://pub-2c783279b61043e19fbdadd1bee5153a.r2.dev/PHM/2002-03-08/k67605e10-k.htm/k67605e10-k.pdf",
    "periodicity": "periodic"
  },
  {
    "equity_ticker": "PHM",
    "geography": "US",
    "content_name": "PHM Q3 2001 10-Q",
    "file_type": "pdf",
    "content_type": "quarterly_report",
    "published_date": "2001-11-14",
    "fiscal_date": "2001-09-30",
    "fiscal_year": 2001,
    "fiscal_quarter": 3,
    "r2_url": "https://pub-2c783279b61043e19fbdadd1bee5153a.r2.dev/PHM/2001-11-14/k66124e10-q.htm/k66124e10-q.pdf",
    "periodicity": "periodic"
  },
  {
    "equity_ticker": "PHM",
    "geography": "US",
    "content_name": "PHM Q2 2001 10-Q",
    "file_type": "pdf",
    "content_type": "quarterly_report",
    "published_date": "2001-08-14",
    "fiscal_date": "2001-06-30",
    "fiscal_year": 2001,
    "fiscal_quarter": 2,
    "r2_url": "https://pub-2c783279b61043e19fbdadd1bee5153a.r2.dev/PHM/2001-08-14/k64570e10-q.htm/k64570e10-q.pdf",
    "periodicity": "periodic"
  },
  {
    "equity_ticker": "PHM",
    "geography": "US",
    "content_name": "PHM Q1 2001 10-Q",
    "file_type": "pdf",
    "content_type": "quarterly_report",
    "published_date": "2001-05-15",
    "fiscal_date": "2001-03-31",
    "fiscal_year": 2001,
    "fiscal_quarter": 1,
    "r2_url": "https://pub-2c783279b61043e19fbdadd1bee5153a.r2.dev/PHM/2001-05-15/k62537e10-q.htm/k62537e10-q.pdf",
    "periodicity": "periodic"
  },
  {
    "equity_ticker": "PHM",
    "geography": "US",
    "content_name": "PHM Q4 2000 10-Q",
    "file_type": "pdf",
    "content_type": "quarterly_report",
    "published_date": "2000-11-14",
    "fiscal_date": "2000-09-30",
    "fiscal_year": 2000,
    "fiscal_quarter": 4,
    "r2_url": "https://pub-2c783279b61043e19fbdadd1bee5153a.r2.dev/PHM/2000-11-14/k58518e10-q.txt/k58518e10-q.pdf",
    "periodicity": "periodic"
  },
  {
    "equity_ticker": "PHM",
    "geography": "US",
    "content_name": "PHM Q3 2000 10-Q",
    "file_type": "pdf",
    "content_type": "quarterly_report",
    "published_date": "2000-08-14",
    "fiscal_date": "2000-06-30",
    "fiscal_year": 2000,
    "fiscal_quarter": 3,
    "r2_url": "https://pub-2c783279b61043e19fbdadd1bee5153a.r2.dev/PHM/2000-08-14/e10-q.txt/e10-q.pdf",
    "periodicity": "periodic"
  },
  {
    "equity_ticker": "PHM",
    "geography": "US",
    "content_name": "PHM Q2 2000 10-Q",
    "file_type": "pdf",
    "content_type": "quarterly_report",
    "published_date": "2000-05-15",
    "fiscal_date": "2000-03-31",
    "fiscal_year": 2000,
    "fiscal_quarter": 2,
    "r2_url": "https://pub-2c783279b61043e19fbdadd1bee5153a.r2.dev/PHM/2000-05-15/.pdf",
    "periodicity": "periodic"
  },
  {
    "equity_ticker": "PHM",
    "geography": "US",
    "content_name": "PHM Q1 2000 10-K",
    "file_type": "pdf",
    "content_type": "annual_report",
    "published_date": "2000-03-02",
    "fiscal_date": "1999-12-31",
    "fiscal_year": 2000,
    "fiscal_quarter": 1,
    "r2_url": "https://pub-2c783279b61043e19fbdadd1bee5153a.r2.dev/PHM/2000-03-02/.pdf",
    "periodicity": "periodic"
  },
  {
    "equity_ticker": "PHM",
    "geography": "US",
    "content_name": "PHM Q4 1999 10-Q",
    "file_type": "pdf",
    "content_type": "quarterly_report",
    "published_date": "1999-11-12",
    "fiscal_date": "1999-09-30",
    "fiscal_year": 1999,
    "fiscal_quarter": 4,
    "r2_url": "https://pub-2c783279b61043e19fbdadd1bee5153a.r2.dev/PHM/1999-11-12/.pdf",
    "periodicity": "periodic"
  },
  {
    "equity_ticker": "PHM",
    "geography": "US",
    "content_name": "PHM Q3 1999 10-Q",
    "file_type": "pdf",
    "content_type": "quarterly_report",
    "published_date": "1999-08-16",
    "fiscal_date": "1999-06-30",
    "fiscal_year": 1999,
    "fiscal_quarter": 3,
    "r2_url": "https://pub-2c783279b61043e19fbdadd1bee5153a.r2.dev/PHM/1999-08-16/.pdf",
    "periodicity": "periodic"
  },
  {
    "equity_ticker": "PHM",
    "geography": "US",
    "content_name": "PHM Q2 1999 10-Q",
    "file_type": "pdf",
    "content_type": "quarterly_report",
    "published_date": "1999-05-11",
    "fiscal_date": "1999-03-31",
    "fiscal_year": 1999,
    "fiscal_quarter": 2,
    "r2_url": "https://pub-2c783279b61043e19fbdadd1bee5153a.r2.dev/PHM/1999-05-11/.pdf",
    "periodicity": "periodic"
  },
  {
    "equity_ticker": "PHM",
    "geography": "US",
    "content_name": "PHM Q1 1999 10-K",
    "file_type": "pdf",
    "content_type": "annual_report",
    "published_date": "1999-03-12",
    "fiscal_date": "1998-12-31",
    "fiscal_year": 1999,
    "fiscal_quarter": 1,
    "r2_url": "https://pub-2c783279b61043e19fbdadd1bee5153a.r2.dev/PHM/1999-03-12/.pdf",
    "periodicity": "periodic"
  },
  {
    "equity_ticker": "PHM",
    "geography": "US",
    "content_name": "PHM Q4 1998 10-Q",
    "file_type": "pdf",
    "content_type": "quarterly_report",
    "published_date": "1998-11-13",
    "fiscal_date": "1998-09-30",
    "fiscal_year": 1998,
    "fiscal_quarter": 4,
    "r2_url": "https://pub-2c783279b61043e19fbdadd1bee5153a.r2.dev/PHM/1998-11-13/.pdf",
    "periodicity": "periodic"
  },
  {
    "equity_ticker": "PHM",
    "geography": "US",
    "content_name": "PHM Q3 1998 10-Q",
    "file_type": "pdf",
    "content_type": "quarterly_report",
    "published_date": "1998-08-13",
    "fiscal_date": "1998-06-30",
    "fiscal_year": 1998,
    "fiscal_quarter": 3,
    "r2_url": "https://pub-2c783279b61043e19fbdadd1bee5153a.r2.dev/PHM/1998-08-13/.pdf",
    "periodicity": "periodic"
  },
  {
    "equity_ticker": "PHM",
    "geography": "US",
    "content_name": "PHM Q2 1998 10-Q",
    "file_type": "pdf",
    "content_type": "quarterly_report",
    "published_date": "1998-05-15",
    "fiscal_date": "1998-03-31",
    "fiscal_year": 1998,
    "fiscal_quarter": 2,
    "r2_url": "https://pub-2c783279b61043e19fbdadd1bee5153a.r2.dev/PHM/1998-05-15/.pdf",
    "periodicity": "periodic"
  },
  {
    "equity_ticker": "PHM",
    "geography": "US",
    "content_name": "PHM Q1 1998 10-K",
    "file_type": "pdf",
    "content_type": "annual_report",
    "published_date": "1998-03-13",
    "fiscal_date": "1997-12-31",
    "fiscal_year": 1998,
    "fiscal_quarter": 1,
    "r2_url": "https://pub-2c783279b61043e19fbdadd1bee5153a.r2.dev/PHM/1998-03-13/.pdf",
    "periodicity": "periodic"
  },
  {
    "equity_ticker": "PHM",
    "geography": "US",
    "content_name": "PHM Q4 1997 10-Q",
    "file_type": "pdf",
    "content_type": "quarterly_report",
    "published_date": "1997-11-14",
    "fiscal_date": "1997-09-30",
    "fiscal_year": 1997,
    "fiscal_quarter": 4,
    "r2_url": "https://pub-2c783279b61043e19fbdadd1bee5153a.r2.dev/PHM/1997-11-14/.pdf",
    "periodicity": "periodic"
  },
  {
    "equity_ticker": "PHM",
    "geography": "US",
    "content_name": "PHM Q3 1997 10-Q",
    "file_type": "pdf",
    "content_type": "quarterly_report",
    "published_date": "1997-08-13",
    "fiscal_date": "1997-06-30",
    "fiscal_year": 1997,
    "fiscal_quarter": 3,
    "r2_url": "https://pub-2c783279b61043e19fbdadd1bee5153a.r2.dev/PHM/1997-08-13/.pdf",
    "periodicity": "periodic"
  },
  {
    "equity_ticker": "PHM",
    "geography": "US",
    "content_name": "PHM Q2 1997 10-Q",
    "file_type": "pdf",
    "content_type": "quarterly_report",
    "published_date": "1997-05-06",
    "fiscal_date": "1997-03-31",
    "fiscal_year": 1997,
    "fiscal_quarter": 2,
    "r2_url": "https://pub-2c783279b61043e19fbdadd1bee5153a.r2.dev/PHM/1997-05-06/.pdf",
    "periodicity": "periodic"
  },
  {
    "equity_ticker": "PHM",
    "geography": "US",
    "content_name": "PHM Q1 1997 10-K",
    "file_type": "pdf",
    "content_type": "annual_report",
    "published_date": "1997-03-06",
    "fiscal_date": "1996-12-31",
    "fiscal_year": 1997,
    "fiscal_quarter": 1,
    "r2_url": "https://pub-2c783279b61043e19fbdadd1bee5153a.r2.dev/PHM/1997-03-06/.pdf",
    "periodicity": "periodic"
  },
  {
    "equity_ticker": "PHM",
    "geography": "US",
    "content_name": "PHM Q4 1996 10-Q",
    "file_type": "pdf",
    "content_type": "quarterly_report",
    "published_date": "1996-11-13",
    "fiscal_date": "1996-09-30",
    "fiscal_year": 1996,
    "fiscal_quarter": 4,
    "r2_url": "https://pub-2c783279b61043e19fbdadd1bee5153a.r2.dev/PHM/1996-11-13/.pdf",
    "periodicity": "periodic"
  },
  {
    "equity_ticker": "PHM",
    "geography": "US",
    "content_name": "PHM Q3 1996 10-Q",
    "file_type": "pdf",
    "content_type": "quarterly_report",
    "published_date": "1996-08-13",
    "fiscal_date": "1996-06-30",
    "fiscal_year": 1996,
    "fiscal_quarter": 3,
    "r2_url": "https://pub-2c783279b61043e19fbdadd1bee5153a.r2.dev/PHM/1996-08-13/.pdf",
    "periodicity": "periodic"
  },
  {
    "equity_ticker": "PHM",
    "geography": "US",
    "content_name": "PHM Q2 1996 10-Q",
    "file_type": "pdf",
    "content_type": "quarterly_report",
    "published_date": "1996-05-14",
    "fiscal_date": "1996-03-31",
    "fiscal_year": 1996,
    "fiscal_quarter": 2,
    "r2_url": "https://pub-2c783279b61043e19fbdadd1bee5153a.r2.dev/PHM/1996-05-14/.pdf",
    "periodicity": "periodic"
  }
]