[
    {
        "equity_ticker": "ULTA",
        "geography": "US",
        "content_name": "Annual Retail Round Up Conference - April 3, 2025",
        "file_type": "pdf",
        "content_type": "company_conference_transcript",
        "published_date": "2025-04-03",
        "fiscal_date": "2025-04-03",
        "fiscal_year": null,
        "fiscal_quarter": null,
        "r2_url": "https://pub-2c783279b61043e19fbdadd1bee5153a.r2.dev/ULTA/2025-04-03/Ulta%20Beauty%2C%20Inc._2025-04-03_transcript/Ulta%20Beauty%2C%20Inc._2025-04-03_transcript.pdf%5CUlta%20Beauty%2C%20Inc._2025-04-03_transcript.pdf",
        "periodicity": "non_periodic"
    },
    {
        "equity_ticker": "ULTA",
        "geography": "US",
        "content_name": "ULTA Q4 2025 Transcript",
        "file_type": "pdf",
        "content_type": "earnings_transcript",
        "published_date": "2025-03-13",
        "fiscal_date": "2025-03-13",
        "fiscal_year": 2025,
        "fiscal_quarter": 4,
        "r2_url": "https://pub-2c783279b61043e19fbdadd1bee5153a.r2.dev/ULTA/2025-03-13/Ulta%20Beauty%2C%20Inc._2025-03-13_transcript/Ulta%20Beauty%2C%20Inc._2025-03-13_transcript.pdf%5CUlta%20Beauty%2C%20Inc._2025-03-13_transcript.pdf",
        "periodicity": "periodic"
    },
    {
        "equity_ticker": "ULTA",
        "geography": "US",
        "content_name": "ULTA Q4 2025 Press Release",
        "file_type": "pdf",
        "content_type": "earnings_press_release",
        "published_date": "2025-03-13",
        "fiscal_date": "2025-03-13",
        "fiscal_year": 2025,
        "fiscal_quarter": 4,
        "r2_url": "https://pub-2c783279b61043e19fbdadd1bee5153a.r2.dev/ULTA/2025-03-13/3af39-2025-03-13-08-24-08/3af39-2025-03-13-08-24-08.pdf%5C3af39-2025-03-13-08-24-08.pdf",
        "periodicity": "periodic"
    },
    {
        "equity_ticker": "ULTA",
        "geography": "US",
        "content_name": "Raymond James 2024 TMT & Consumer Conference - December 11, 2024",
        "file_type": "pdf",
        "content_type": "sellside_conference_transcript",
        "published_date": "2024-12-11",
        "fiscal_date": "2024-12-11",
        "fiscal_year": null,
        "fiscal_quarter": null,
        "r2_url": "https://pub-2c783279b61043e19fbdadd1bee5153a.r2.dev/ULTA/2024-12-11/Ulta%20Beauty%2C%20Inc._2024-12-11_transcript/Ulta%20Beauty%2C%20Inc._2024-12-11_transcript.pdf%5CUlta%20Beauty%2C%20Inc._2024-12-11_transcript.pdf",
        "periodicity": "non_periodic"
    },
    {
        "equity_ticker": "ULTA",
        "geography": "US",
        "content_name": "ULTA Q3 2025 Transcript",
        "file_type": "pdf",
        "content_type": "earnings_transcript",
        "published_date": "2024-12-05",
        "fiscal_date": "2024-12-05",
        "fiscal_year": 2025,
        "fiscal_quarter": 3,
        "r2_url": "https://pub-2c783279b61043e19fbdadd1bee5153a.r2.dev/ULTA/2024-12-05/Ulta%20Beauty%2C%20Inc._2024-12-05_transcript/Ulta%20Beauty%2C%20Inc._2024-12-05_transcript.pdf%5CUlta%20Beauty%2C%20Inc._2024-12-05_transcript.pdf",
        "periodicity": "periodic"
    },
    {
        "equity_ticker": "ULTA",
        "geography": "US",
        "content_name": "ULTA Q3 2025 Press Release",
        "file_type": "pdf",
        "content_type": "earnings_press_release",
        "published_date": "2024-12-05",
        "fiscal_date": "2024-12-05",
        "fiscal_year": 2025,
        "fiscal_quarter": 3,
        "r2_url": "https://pub-2c783279b61043e19fbdadd1bee5153a.r2.dev/ULTA/2024-12-05/0245c-2024-12-05-09-42-08/0245c-2024-12-05-09-42-08.pdf%5C0245c-2024-12-05-09-42-08.pdf",
        "periodicity": "periodic"
    },
    {
        "equity_ticker": "ULTA",
        "geography": "US",
        "content_name": "Investor Day 2024 - October 16, 2024",
        "file_type": "pdf",
        "content_type": "company_conference_transcript",
        "published_date": "2024-10-16",
        "fiscal_date": "2024-10-16",
        "fiscal_year": null,
        "fiscal_quarter": null,
        "r2_url": "https://pub-2c783279b61043e19fbdadd1bee5153a.r2.dev/ULTA/2024-10-16/Ulta%20Beauty%2C%20Inc._2024-10-16_transcript/Ulta%20Beauty%2C%20Inc._2024-10-16_transcript.pdf%5CUlta%20Beauty%2C%20Inc._2024-10-16_transcript.pdf",
        "periodicity": "non_periodic"
    },
    {
        "equity_ticker": "ULTA",
        "geography": "US",
        "content_name": "ULTA Q2 2025 Transcript",
        "file_type": "pdf",
        "content_type": "earnings_transcript",
        "published_date": "2024-08-29",
        "fiscal_date": "2024-08-29",
        "fiscal_year": 2025,
        "fiscal_quarter": 2,
        "r2_url": "https://pub-2c783279b61043e19fbdadd1bee5153a.r2.dev/ULTA/2024-08-29/Ulta%20Beauty%2C%20Inc._2024-08-29_transcript/Ulta%20Beauty%2C%20Inc._2024-08-29_transcript.pdf%5CUlta%20Beauty%2C%20Inc._2024-08-29_transcript.pdf",
        "periodicity": "periodic"
    },
    {
        "equity_ticker": "ULTA",
        "geography": "US",
        "content_name": "ULTA Q2 2025 Press Release",
        "file_type": "pdf",
        "content_type": "earnings_press_release",
        "published_date": "2024-08-29",
        "fiscal_date": "2024-08-29",
        "fiscal_year": 2025,
        "fiscal_quarter": 2,
        "r2_url": "https://pub-2c783279b61043e19fbdadd1bee5153a.r2.dev/ULTA/2024-08-29/c0a5a-2024-08-29-08-01-07/c0a5a-2024-08-29-08-01-07.pdf%5Cc0a5a-2024-08-29-08-01-07.pdf",
        "periodicity": "periodic"
    },
    {
        "equity_ticker": "ULTA",
        "geography": "US",
        "content_name": "Oppenheimer\u2019s 24th Annual Consumer Growth & E-Commerce Conference - June 12, 2024",
        "file_type": "pdf",
        "content_type": "sellside_conference_transcript",
        "published_date": "2024-06-12",
        "fiscal_date": "2024-06-12",
        "fiscal_year": null,
        "fiscal_quarter": null,
        "r2_url": "https://pub-2c783279b61043e19fbdadd1bee5153a.r2.dev/ULTA/2024-06-12/Ulta%20Beauty%2C%20Inc._2024-06-12_transcript/Ulta%20Beauty%2C%20Inc._2024-06-12_transcript.pdf%5CUlta%20Beauty%2C%20Inc._2024-06-12_transcript.pdf",
        "periodicity": "non_periodic"
    },
    {
        "equity_ticker": "ULTA",
        "geography": "US",
        "content_name": "The 44th Annual William Blair Growth Stock Conference - June 4, 2024",
        "file_type": "pdf",
        "content_type": "company_conference_transcript",
        "published_date": "2024-06-04",
        "fiscal_date": "2024-06-04",
        "fiscal_year": null,
        "fiscal_quarter": null,
        "r2_url": "https://pub-2c783279b61043e19fbdadd1bee5153a.r2.dev/ULTA/2024-06-04/Ulta%20Beauty%2C%20Inc._2024-06-04_transcript/Ulta%20Beauty%2C%20Inc._2024-06-04_transcript.pdf%5CUlta%20Beauty%2C%20Inc._2024-06-04_transcript.pdf",
        "periodicity": "non_periodic"
    },
    {
        "equity_ticker": "ULTA",
        "geography": "US",
        "content_name": "ULTA Q1 2025 Transcript",
        "file_type": "pdf",
        "content_type": "earnings_transcript",
        "published_date": "2024-05-30",
        "fiscal_date": "2024-05-30",
        "fiscal_year": 2025,
        "fiscal_quarter": 1,
        "r2_url": "https://pub-2c783279b61043e19fbdadd1bee5153a.r2.dev/ULTA/2024-05-30/Ulta%20Beauty%2C%20Inc._2024-05-30_transcript/Ulta%20Beauty%2C%20Inc._2024-05-30_transcript.pdf%5CUlta%20Beauty%2C%20Inc._2024-05-30_transcript.pdf",
        "periodicity": "periodic"
    },
    {
        "equity_ticker": "ULTA",
        "geography": "US",
        "content_name": "ULTA Q1 2025 Press Release",
        "file_type": "pdf",
        "content_type": "earnings_press_release",
        "published_date": "2024-05-30",
        "fiscal_date": "2024-05-30",
        "fiscal_year": 2025,
        "fiscal_quarter": 1,
        "r2_url": "https://pub-2c783279b61043e19fbdadd1bee5153a.r2.dev/ULTA/2024-05-30/5de15-2024-05-30-08-46-06/5de15-2024-05-30-08-46-06.pdf%5C5de15-2024-05-30-08-46-06.pdf",
        "periodicity": "periodic"
    },
    {
        "equity_ticker": "ULTA",
        "geography": "US",
        "content_name": "J. P. Morgan 10th Annual Retail Round Up - April 3, 2024",
        "file_type": "pdf",
        "content_type": "sellside_conference_transcript",
        "published_date": "2024-04-03",
        "fiscal_date": "2024-04-03",
        "fiscal_year": null,
        "fiscal_quarter": null,
        "r2_url": "https://pub-2c783279b61043e19fbdadd1bee5153a.r2.dev/ULTA/2024-04-03/Ulta%20Beauty%2C%20Inc._2024-04-03_transcript/Ulta%20Beauty%2C%20Inc._2024-04-03_transcript.pdf%5CUlta%20Beauty%2C%20Inc._2024-04-03_transcript.pdf",
        "periodicity": "non_periodic"
    },
    {
        "equity_ticker": "ULTA",
        "geography": "US",
        "content_name": "ULTA Q4 2024 Transcript",
        "file_type": "pdf",
        "content_type": "earnings_transcript",
        "published_date": "2024-03-14",
        "fiscal_date": "2024-03-14",
        "fiscal_year": 2024,
        "fiscal_quarter": 4,
        "r2_url": "https://pub-2c783279b61043e19fbdadd1bee5153a.r2.dev/ULTA/2024-03-14/Ulta%20Beauty%2C%20Inc._2024-03-14_transcript/Ulta%20Beauty%2C%20Inc._2024-03-14_transcript.pdf%5CUlta%20Beauty%2C%20Inc._2024-03-14_transcript.pdf",
        "periodicity": "periodic"
    },
    {
        "equity_ticker": "ULTA",
        "geography": "US",
        "content_name": "ULTA Q4 2024 Press Release",
        "file_type": "pdf",
        "content_type": "earnings_press_release",
        "published_date": "2024-03-14",
        "fiscal_date": "2024-03-14",
        "fiscal_year": 2024,
        "fiscal_quarter": 4,
        "r2_url": "https://pub-2c783279b61043e19fbdadd1bee5153a.r2.dev/ULTA/2024-03-14/14d94-2024-03-14-08-52-07/14d94-2024-03-14-08-52-07.pdf%5C14d94-2024-03-14-08-52-07.pdf",
        "periodicity": "periodic"
    },
    {
        "equity_ticker": "ULTA",
        "geography": "US",
        "content_name": "Morgan Stanley Global Consumer & Retail Conference - December 5, 2023",
        "file_type": "pdf",
        "content_type": "sellside_conference_transcript",
        "published_date": "2023-12-05",
        "fiscal_date": "2023-12-05",
        "fiscal_year": null,
        "fiscal_quarter": null,
        "r2_url": "https://pub-2c783279b61043e19fbdadd1bee5153a.r2.dev/ULTA/2023-12-05/Ulta%20Beauty%2C%20Inc._2023-12-05_transcript/Ulta%20Beauty%2C%20Inc._2023-12-05_transcript.pdf%5CUlta%20Beauty%2C%20Inc._2023-12-05_transcript.pdf",
        "periodicity": "non_periodic"
    },
    {
        "equity_ticker": "ULTA",
        "geography": "US",
        "content_name": "Raymond James TMT and Consumer Conference - December 4, 2023",
        "file_type": "pdf",
        "content_type": "sellside_conference_transcript",
        "published_date": "2023-12-04",
        "fiscal_date": "2023-12-04",
        "fiscal_year": null,
        "fiscal_quarter": null,
        "r2_url": "https://pub-2c783279b61043e19fbdadd1bee5153a.r2.dev/ULTA/2023-12-04/Ulta%20Beauty%2C%20Inc._2023-12-04_transcript/Ulta%20Beauty%2C%20Inc._2023-12-04_transcript.pdf%5CUlta%20Beauty%2C%20Inc._2023-12-04_transcript.pdf",
        "periodicity": "non_periodic"
    },
    {
        "equity_ticker": "ULTA",
        "geography": "US",
        "content_name": "ULTA Q3 2024 Transcript",
        "file_type": "pdf",
        "content_type": "earnings_transcript",
        "published_date": "2023-11-30",
        "fiscal_date": "2023-11-30",
        "fiscal_year": 2024,
        "fiscal_quarter": 3,
        "r2_url": "https://pub-2c783279b61043e19fbdadd1bee5153a.r2.dev/ULTA/2023-11-30/Ulta%20Beauty%2C%20Inc._2023-11-30_transcript/Ulta%20Beauty%2C%20Inc._2023-11-30_transcript.pdf%5CUlta%20Beauty%2C%20Inc._2023-11-30_transcript.pdf",
        "periodicity": "periodic"
    },
    {
        "equity_ticker": "ULTA",
        "geography": "US",
        "content_name": "ULTA Q3 2024 Press Release",
        "file_type": "pdf",
        "content_type": "earnings_press_release",
        "published_date": "2023-11-30",
        "fiscal_date": "2023-11-30",
        "fiscal_year": 2024,
        "fiscal_quarter": 3,
        "r2_url": "https://pub-2c783279b61043e19fbdadd1bee5153a.r2.dev/ULTA/2023-11-30/b7464-2023-11-30-09-08-10/b7464-2023-11-30-09-08-10.pdf%5Cb7464-2023-11-30-09-08-10.pdf",
        "periodicity": "periodic"
    },
    {
        "equity_ticker": "ULTA",
        "geography": "US",
        "content_name": "ULTA Q2 2024 Transcript",
        "file_type": "pdf",
        "content_type": "earnings_transcript",
        "published_date": "2023-08-24",
        "fiscal_date": "2023-08-24",
        "fiscal_year": 2024,
        "fiscal_quarter": 2,
        "r2_url": "https://pub-2c783279b61043e19fbdadd1bee5153a.r2.dev/ULTA/2023-08-24/Ulta%20Beauty%2C%20Inc._2023-08-24_transcript/Ulta%20Beauty%2C%20Inc._2023-08-24_transcript.pdf%5CUlta%20Beauty%2C%20Inc._2023-08-24_transcript.pdf",
        "periodicity": "periodic"
    },
    {
        "equity_ticker": "ULTA",
        "geography": "US",
        "content_name": "ULTA Q2 2024 Press Release",
        "file_type": "pdf",
        "content_type": "earnings_press_release",
        "published_date": "2023-08-24",
        "fiscal_date": "2023-08-24",
        "fiscal_year": 2024,
        "fiscal_quarter": 2,
        "r2_url": "https://pub-2c783279b61043e19fbdadd1bee5153a.r2.dev/ULTA/2023-08-24/594f9-2023-08-24-08-51-09/594f9-2023-08-24-08-51-09.pdf%5C594f9-2023-08-24-08-51-09.pdf",
        "periodicity": "periodic"
    },
    {
        "equity_ticker": "ULTA",
        "geography": "US",
        "content_name": "ULTA Q1 2024 Transcript",
        "file_type": "pdf",
        "content_type": "earnings_transcript",
        "published_date": "2023-05-25",
        "fiscal_date": "2023-05-25",
        "fiscal_year": 2024,
        "fiscal_quarter": 1,
        "r2_url": "https://pub-2c783279b61043e19fbdadd1bee5153a.r2.dev/ULTA/2023-05-25/Ulta%20Beauty%2C%20Inc._2023-05-25_transcript/Ulta%20Beauty%2C%20Inc._2023-05-25_transcript.pdf%5CUlta%20Beauty%2C%20Inc._2023-05-25_transcript.pdf",
        "periodicity": "periodic"
    },
    {
        "equity_ticker": "ULTA",
        "geography": "US",
        "content_name": "ULTA Q1 2024 Press Release",
        "file_type": "pdf",
        "content_type": "earnings_press_release",
        "published_date": "2023-05-25",
        "fiscal_date": "2023-05-25",
        "fiscal_year": 2024,
        "fiscal_quarter": 1,
        "r2_url": "https://pub-2c783279b61043e19fbdadd1bee5153a.r2.dev/ULTA/2023-05-25/ad089-2023-05-25-08-06-12/ad089-2023-05-25-08-06-12.pdf%5Cad089-2023-05-25-08-06-12.pdf",
        "periodicity": "periodic"
    },
    {
        "equity_ticker": "ULTA",
        "geography": "US",
        "content_name": "JPMorgan Retail Round-Up - March 29, 2023",
        "file_type": "pdf",
        "content_type": "sellside_conference_transcript",
        "published_date": "2023-03-29",
        "fiscal_date": "2023-03-29",
        "fiscal_year": null,
        "fiscal_quarter": null,
        "r2_url": "https://pub-2c783279b61043e19fbdadd1bee5153a.r2.dev/ULTA/2023-03-29/Ulta%20Beauty%2C%20Inc._2023-03-29_transcript/Ulta%20Beauty%2C%20Inc._2023-03-29_transcript.pdf%5CUlta%20Beauty%2C%20Inc._2023-03-29_transcript.pdf",
        "periodicity": "non_periodic"
    },
    {
        "equity_ticker": "ULTA",
        "geography": "US",
        "content_name": "ULTA Q4 2023 Transcript",
        "file_type": "pdf",
        "content_type": "earnings_transcript",
        "published_date": "2023-03-09",
        "fiscal_date": "2023-03-09",
        "fiscal_year": 2023,
        "fiscal_quarter": 4,
        "r2_url": "https://pub-2c783279b61043e19fbdadd1bee5153a.r2.dev/ULTA/2023-03-09/Ulta%20Beauty%2C%20Inc._2023-03-09_transcript/Ulta%20Beauty%2C%20Inc._2023-03-09_transcript.pdf%5CUlta%20Beauty%2C%20Inc._2023-03-09_transcript.pdf",
        "periodicity": "periodic"
    },
    {
        "equity_ticker": "ULTA",
        "geography": "US",
        "content_name": "ULTA Q4 2023 Press Release",
        "file_type": "pdf",
        "content_type": "earnings_press_release",
        "published_date": "2023-03-09",
        "fiscal_date": "2023-03-09",
        "fiscal_year": 2023,
        "fiscal_quarter": 4,
        "r2_url": "https://pub-2c783279b61043e19fbdadd1bee5153a.r2.dev/ULTA/2023-03-09/22553-2023-03-09-09-08-41/22553-2023-03-09-09-08-41.pdf%5C22553-2023-03-09-09-08-41.pdf",
        "periodicity": "periodic"
    },
    {
        "equity_ticker": "ULTA",
        "geography": "US",
        "content_name": "ULTA Q3 2023 Transcript",
        "file_type": "pdf",
        "content_type": "earnings_transcript",
        "published_date": "2022-12-01",
        "fiscal_date": "2022-12-01",
        "fiscal_year": 2023,
        "fiscal_quarter": 3,
        "r2_url": "https://pub-2c783279b61043e19fbdadd1bee5153a.r2.dev/ULTA/2022-12-01/Ulta%20Beauty%2C%20Inc._2022-12-01_transcript/Ulta%20Beauty%2C%20Inc._2022-12-01_transcript.pdf%5CUlta%20Beauty%2C%20Inc._2022-12-01_transcript.pdf",
        "periodicity": "periodic"
    },
    {
        "equity_ticker": "ULTA",
        "geography": "US",
        "content_name": "ULTA Q3 2023 Press Release",
        "file_type": "pdf",
        "content_type": "earnings_press_release",
        "published_date": "2022-12-01",
        "fiscal_date": "2022-12-01",
        "fiscal_year": 2023,
        "fiscal_quarter": 3,
        "r2_url": "https://pub-2c783279b61043e19fbdadd1bee5153a.r2.dev/ULTA/2022-12-01/8d1aa-2022-12-01-09-30-06/8d1aa-2022-12-01-09-30-06.pdf%5C8d1aa-2022-12-01-09-30-06.pdf",
        "periodicity": "periodic"
    },
    {
        "equity_ticker": "ULTA",
        "geography": "US",
        "content_name": "ULTA Q2 2023 Transcript",
        "file_type": "pdf",
        "content_type": "earnings_transcript",
        "published_date": "2022-08-25",
        "fiscal_date": "2022-08-25",
        "fiscal_year": 2023,
        "fiscal_quarter": 2,
        "r2_url": "https://pub-2c783279b61043e19fbdadd1bee5153a.r2.dev/ULTA/2022-08-25/Ulta%20Beauty%2C%20Inc._2022-08-25_transcript/Ulta%20Beauty%2C%20Inc._2022-08-25_transcript.pdf%5CUlta%20Beauty%2C%20Inc._2022-08-25_transcript.pdf",
        "periodicity": "periodic"
    },
    {
        "equity_ticker": "ULTA",
        "geography": "US",
        "content_name": "ULTA Q2 2023 Press Release",
        "file_type": "pdf",
        "content_type": "earnings_press_release",
        "published_date": "2022-08-25",
        "fiscal_date": "2022-08-25",
        "fiscal_year": 2023,
        "fiscal_quarter": 2,
        "r2_url": "https://pub-2c783279b61043e19fbdadd1bee5153a.r2.dev/ULTA/2022-08-25/cefda-2022-08-25-08-55-06/cefda-2022-08-25-08-55-06.pdf%5Ccefda-2022-08-25-08-55-06.pdf",
        "periodicity": "periodic"
    },
    {
        "equity_ticker": "ULTA",
        "geography": "US",
        "content_name": "ULTA Q1 2023 Transcript",
        "file_type": "pdf",
        "content_type": "earnings_transcript",
        "published_date": "2022-05-26",
        "fiscal_date": "2022-05-26",
        "fiscal_year": 2023,
        "fiscal_quarter": 1,
        "r2_url": "https://pub-2c783279b61043e19fbdadd1bee5153a.r2.dev/ULTA/2022-05-26/Ulta%20Beauty%2C%20Inc._2022-05-26_transcript/Ulta%20Beauty%2C%20Inc._2022-05-26_transcript.pdf%5CUlta%20Beauty%2C%20Inc._2022-05-26_transcript.pdf",
        "periodicity": "periodic"
    },
    {
        "equity_ticker": "ULTA",
        "geography": "US",
        "content_name": "ULTA Q1 2023 Press Release",
        "file_type": "pdf",
        "content_type": "earnings_press_release",
        "published_date": "2022-05-26",
        "fiscal_date": "2022-05-26",
        "fiscal_year": 2023,
        "fiscal_quarter": 1,
        "r2_url": "https://pub-2c783279b61043e19fbdadd1bee5153a.r2.dev/ULTA/2022-05-26/776d0-2022-05-26-08-00-09/776d0-2022-05-26-08-00-09.pdf%5C776d0-2022-05-26-08-00-09.pdf",
        "periodicity": "periodic"
    },
    {
        "equity_ticker": "ULTA",
        "geography": "US",
        "content_name": "ULTA Q4 2022 Transcript",
        "file_type": "pdf",
        "content_type": "earnings_transcript",
        "published_date": "2022-03-10",
        "fiscal_date": "2022-03-10",
        "fiscal_year": 2022,
        "fiscal_quarter": 4,
        "r2_url": "https://pub-2c783279b61043e19fbdadd1bee5153a.r2.dev/ULTA/2022-03-10/Ulta%20Beauty%2C%20Inc._2022-03-10_transcript/Ulta%20Beauty%2C%20Inc._2022-03-10_transcript.pdf%5CUlta%20Beauty%2C%20Inc._2022-03-10_transcript.pdf",
        "periodicity": "periodic"
    },
    {
        "equity_ticker": "ULTA",
        "geography": "US",
        "content_name": "ULTA Q4 2022 Press Release",
        "file_type": "pdf",
        "content_type": "earnings_press_release",
        "published_date": "2022-03-10",
        "fiscal_date": "2022-03-10",
        "fiscal_year": 2022,
        "fiscal_quarter": 4,
        "r2_url": "https://pub-2c783279b61043e19fbdadd1bee5153a.r2.dev/ULTA/2022-03-10/c9e56-2023-01-25-12-54-42/c9e56-2023-01-25-12-54-42.pdf%5Cc9e56-2023-01-25-12-54-42.pdf",
        "periodicity": "periodic"
    },
    {
        "equity_ticker": "ULTA",
        "geography": "US",
        "content_name": "ULTA Q3 2022 Transcript",
        "file_type": "pdf",
        "content_type": "earnings_transcript",
        "published_date": "2021-12-02",
        "fiscal_date": "2021-12-02",
        "fiscal_year": 2022,
        "fiscal_quarter": 3,
        "r2_url": "https://pub-2c783279b61043e19fbdadd1bee5153a.r2.dev/ULTA/2021-12-02/Ulta%20Beauty%2C%20Inc._2021-12-02_transcript/Ulta%20Beauty%2C%20Inc._2021-12-02_transcript.pdf%5CUlta%20Beauty%2C%20Inc._2021-12-02_transcript.pdf",
        "periodicity": "periodic"
    },
    {
        "equity_ticker": "ULTA",
        "geography": "US",
        "content_name": "ULTA Q3 2022 Press Release",
        "file_type": "pdf",
        "content_type": "earnings_press_release",
        "published_date": "2021-12-02",
        "fiscal_date": "2021-12-02",
        "fiscal_year": 2022,
        "fiscal_quarter": 3,
        "r2_url": "https://pub-2c783279b61043e19fbdadd1bee5153a.r2.dev/ULTA/2021-12-02/ed9e5-2023-01-25-12-02-05/ed9e5-2023-01-25-12-02-05.pdf%5Ced9e5-2023-01-25-12-02-05.pdf",
        "periodicity": "periodic"
    },
    {
        "equity_ticker": "ULTA",
        "geography": "US",
        "content_name": "ULTA Q3 2021 Transcript",
        "file_type": "pdf",
        "content_type": "earnings_transcript",
        "published_date": "2021-12-02",
        "fiscal_date": "2021-12-02",
        "fiscal_year": 2021,
        "fiscal_quarter": 3,
        "r2_url": "https://pub-2c783279b61043e19fbdadd1bee5153a.r2.dev/ULTA/2021-12-02/Ulta%20Beauty%2C%20Inc._2021-12-02_transcript/Ulta%20Beauty%2C%20Inc._2021-12-02_transcript.pdf%5CUlta%20Beauty%2C%20Inc._2021-12-02_transcript.pdf",
        "periodicity": "periodic"
    },
    {
        "equity_ticker": "ULTA",
        "geography": "US",
        "content_name": "ULTA Q2 2022 Transcript",
        "file_type": "pdf",
        "content_type": "earnings_transcript",
        "published_date": "2021-08-25",
        "fiscal_date": "2021-08-25",
        "fiscal_year": 2022,
        "fiscal_quarter": 2,
        "r2_url": "https://pub-2c783279b61043e19fbdadd1bee5153a.r2.dev/ULTA/2021-08-25/Ulta%20Beauty%2C%20Inc._2021-08-25_transcript/Ulta%20Beauty%2C%20Inc._2021-08-25_transcript.pdf%5CUlta%20Beauty%2C%20Inc._2021-08-25_transcript.pdf",
        "periodicity": "periodic"
    },
    {
        "equity_ticker": "ULTA",
        "geography": "US",
        "content_name": "ULTA Q2 2022 Press Release",
        "file_type": "pdf",
        "content_type": "earnings_press_release",
        "published_date": "2021-08-25",
        "fiscal_date": "2021-08-25",
        "fiscal_year": 2022,
        "fiscal_quarter": 2,
        "r2_url": "https://pub-2c783279b61043e19fbdadd1bee5153a.r2.dev/ULTA/2021-08-25/186b4-2023-01-25-10-34-01/186b4-2023-01-25-10-34-01.pdf%5C186b4-2023-01-25-10-34-01.pdf",
        "periodicity": "periodic"
    },
    {
        "equity_ticker": "ULTA",
        "geography": "US",
        "content_name": "ULTA Q2 2021 Transcript",
        "file_type": "pdf",
        "content_type": "earnings_transcript",
        "published_date": "2021-08-25",
        "fiscal_date": "2021-08-25",
        "fiscal_year": 2021,
        "fiscal_quarter": 2,
        "r2_url": "https://pub-2c783279b61043e19fbdadd1bee5153a.r2.dev/ULTA/2021-08-25/Ulta%20Beauty%2C%20Inc._2021-08-25_transcript/Ulta%20Beauty%2C%20Inc._2021-08-25_transcript.pdf%5CUlta%20Beauty%2C%20Inc._2021-08-25_transcript.pdf",
        "periodicity": "periodic"
    },
    {
        "equity_ticker": "ULTA",
        "geography": "US",
        "content_name": "ULTA Q1 2022 Transcript",
        "file_type": "pdf",
        "content_type": "earnings_transcript",
        "published_date": "2021-05-27",
        "fiscal_date": "2021-05-27",
        "fiscal_year": 2022,
        "fiscal_quarter": 1,
        "r2_url": "https://pub-2c783279b61043e19fbdadd1bee5153a.r2.dev/ULTA/2021-05-27/Ulta%20Beauty%2C%20Inc._2021-05-27_transcript/Ulta%20Beauty%2C%20Inc._2021-05-27_transcript.pdf%5CUlta%20Beauty%2C%20Inc._2021-05-27_transcript.pdf",
        "periodicity": "periodic"
    },
    {
        "equity_ticker": "ULTA",
        "geography": "US",
        "content_name": "ULTA Q1 2022 Press Release",
        "file_type": "pdf",
        "content_type": "earnings_press_release",
        "published_date": "2021-05-27",
        "fiscal_date": "2021-05-27",
        "fiscal_year": 2022,
        "fiscal_quarter": 1,
        "r2_url": "https://pub-2c783279b61043e19fbdadd1bee5153a.r2.dev/ULTA/2021-05-27/a1345-2023-01-25-09-07-52/a1345-2023-01-25-09-07-52.pdf%5Ca1345-2023-01-25-09-07-52.pdf",
        "periodicity": "periodic"
    },
    {
        "equity_ticker": "ULTA",
        "geography": "US",
        "content_name": "ULTA Q1 2021 Transcript",
        "file_type": "pdf",
        "content_type": "earnings_transcript",
        "published_date": "2021-05-27",
        "fiscal_date": "2021-05-27",
        "fiscal_year": 2021,
        "fiscal_quarter": 1,
        "r2_url": "https://pub-2c783279b61043e19fbdadd1bee5153a.r2.dev/ULTA/2021-05-27/Ulta%20Beauty%2C%20Inc._2021-05-27_transcript/Ulta%20Beauty%2C%20Inc._2021-05-27_transcript.pdf%5CUlta%20Beauty%2C%20Inc._2021-05-27_transcript.pdf",
        "periodicity": "periodic"
    },
    {
        "equity_ticker": "ULTA",
        "geography": "US",
        "content_name": "ULTA Q4 2021 Transcript",
        "file_type": "pdf",
        "content_type": "earnings_transcript",
        "published_date": "2021-03-26",
        "fiscal_date": "2021-03-26",
        "fiscal_year": 2021,
        "fiscal_quarter": 4,
        "r2_url": "https://pub-2c783279b61043e19fbdadd1bee5153a.r2.dev/ULTA/2021-03-26/Ulta%20Beauty%2C%20Inc._2021-03-26_transcript/Ulta%20Beauty%2C%20Inc._2021-03-26_transcript.pdf%5CUlta%20Beauty%2C%20Inc._2021-03-26_transcript.pdf",
        "periodicity": "periodic"
    },
    {
        "equity_ticker": "ULTA",
        "geography": "US",
        "content_name": "ULTA Q4 2021 Press Release",
        "file_type": "pdf",
        "content_type": "annual_report",
        "published_date": "2021-03-26",
        "fiscal_date": "2021-03-26",
        "fiscal_year": 2021,
        "fiscal_quarter": 4,
        "r2_url": "https://pub-2c783279b61043e19fbdadd1bee5153a.r2.dev/ULTA/2021-03-26/d7e51-2023-09-06-02-45-51/d7e51-2023-09-06-02-45-51.pdf%5Cd7e51-2023-09-06-02-45-51.pdf",
        "periodicity": "periodic"
    },
    {
        "equity_ticker": "ULTA",
        "geography": "US",
        "content_name": "ULTA Q3 2020 Transcript",
        "file_type": "pdf",
        "content_type": "earnings_transcript",
        "published_date": "2020-12-03",
        "fiscal_date": "2020-12-03",
        "fiscal_year": 2020,
        "fiscal_quarter": 3,
        "r2_url": "https://pub-2c783279b61043e19fbdadd1bee5153a.r2.dev/ULTA/2020-12-03/Ulta%20Beauty%2C%20Inc._2020-12-03_transcript/Ulta%20Beauty%2C%20Inc._2020-12-03_transcript.pdf%5CUlta%20Beauty%2C%20Inc._2020-12-03_transcript.pdf",
        "periodicity": "periodic"
    },
    {
        "equity_ticker": "ULTA",
        "geography": "US",
        "content_name": "ULTA Q2 2020 Transcript",
        "file_type": "pdf",
        "content_type": "earnings_transcript",
        "published_date": "2020-08-27",
        "fiscal_date": "2020-08-27",
        "fiscal_year": 2020,
        "fiscal_quarter": 2,
        "r2_url": "https://pub-2c783279b61043e19fbdadd1bee5153a.r2.dev/ULTA/2020-08-27/Ulta%20Beauty%2C%20Inc._2020-08-27_transcript/Ulta%20Beauty%2C%20Inc._2020-08-27_transcript.pdf%5CUlta%20Beauty%2C%20Inc._2020-08-27_transcript.pdf",
        "periodicity": "periodic"
    },
    {
        "equity_ticker": "ULTA",
        "geography": "US",
        "content_name": "ULTA Q1 2020 Transcript",
        "file_type": "pdf",
        "content_type": "earnings_transcript",
        "published_date": "2020-05-28",
        "fiscal_date": "2020-05-28",
        "fiscal_year": 2020,
        "fiscal_quarter": 1,
        "r2_url": "https://pub-2c783279b61043e19fbdadd1bee5153a.r2.dev/ULTA/2020-05-28/Ulta%20Beauty%2C%20Inc._2020-05-28_transcript/Ulta%20Beauty%2C%20Inc._2020-05-28_transcript.pdf%5CUlta%20Beauty%2C%20Inc._2020-05-28_transcript.pdf",
        "periodicity": "periodic"
    },
    {
        "equity_ticker": "ULTA",
        "geography": "US",
        "content_name": "ULTA Q4 2020 Transcript",
        "file_type": "pdf",
        "content_type": "earnings_transcript",
        "published_date": "2020-03-27",
        "fiscal_date": "2020-03-27",
        "fiscal_year": 2020,
        "fiscal_quarter": 4,
        "r2_url": "https://pub-2c783279b61043e19fbdadd1bee5153a.r2.dev/ULTA/2020-03-27/Ulta%20Beauty%2C%20Inc._2020-03-27_transcript/Ulta%20Beauty%2C%20Inc._2020-03-27_transcript.pdf%5CUlta%20Beauty%2C%20Inc._2020-03-27_transcript.pdf",
        "periodicity": "periodic"
    },
    {
        "equity_ticker": "ULTA",
        "geography": "US",
        "content_name": "ULTA Q4 2020 Press Release",
        "file_type": "pdf",
        "content_type": "annual_report",
        "published_date": "2020-03-27",
        "fiscal_date": "2020-03-27",
        "fiscal_year": 2020,
        "fiscal_quarter": 4,
        "r2_url": "https://pub-2c783279b61043e19fbdadd1bee5153a.r2.dev/ULTA/2020-03-27/ae5e6-2023-09-06-02-58-51/ae5e6-2023-09-06-02-58-51.pdf%5Cae5e6-2023-09-06-02-58-51.pdf",
        "periodicity": "periodic"
    },
    {
        "equity_ticker": "ULTA",
        "geography": "US",
        "content_name": "ULTA Q3 2019 Transcript",
        "file_type": "pdf",
        "content_type": "earnings_transcript",
        "published_date": "2019-12-05",
        "fiscal_date": "2019-12-05",
        "fiscal_year": 2019,
        "fiscal_quarter": 3,
        "r2_url": "https://pub-2c783279b61043e19fbdadd1bee5153a.r2.dev/ULTA/2019-12-05/Ulta%20Beauty%2C%20Inc._2019-12-05_transcript/Ulta%20Beauty%2C%20Inc._2019-12-05_transcript.pdf%5CUlta%20Beauty%2C%20Inc._2019-12-05_transcript.pdf",
        "periodicity": "periodic"
    },
    {
        "equity_ticker": "ULTA",
        "geography": "US",
        "content_name": "ULTA Q2 2019 Transcript",
        "file_type": "pdf",
        "content_type": "earnings_transcript",
        "published_date": "2019-08-29",
        "fiscal_date": "2019-08-29",
        "fiscal_year": 2019,
        "fiscal_quarter": 2,
        "r2_url": "https://pub-2c783279b61043e19fbdadd1bee5153a.r2.dev/ULTA/2019-08-29/Ulta%20Beauty%2C%20Inc._2019-08-29_transcript/Ulta%20Beauty%2C%20Inc._2019-08-29_transcript.pdf%5CUlta%20Beauty%2C%20Inc._2019-08-29_transcript.pdf",
        "periodicity": "periodic"
    },
    {
        "equity_ticker": "ULTA",
        "geography": "US",
        "content_name": "ULTA Q1 2019 Transcript",
        "file_type": "pdf",
        "content_type": "earnings_transcript",
        "published_date": "2019-05-30",
        "fiscal_date": "2019-05-30",
        "fiscal_year": 2019,
        "fiscal_quarter": 1,
        "r2_url": "https://pub-2c783279b61043e19fbdadd1bee5153a.r2.dev/ULTA/2019-05-30/Ulta%20Beauty%2C%20Inc._2019-05-30_transcript/Ulta%20Beauty%2C%20Inc._2019-05-30_transcript.pdf%5CUlta%20Beauty%2C%20Inc._2019-05-30_transcript.pdf",
        "periodicity": "periodic"
    },
    {
        "equity_ticker": "ULTA",
        "geography": "US",
        "content_name": "ULTA Q4 2019 Transcript",
        "file_type": "pdf",
        "content_type": "earnings_transcript",
        "published_date": "2019-04-02",
        "fiscal_date": "2019-04-02",
        "fiscal_year": 2019,
        "fiscal_quarter": 4,
        "r2_url": "https://pub-2c783279b61043e19fbdadd1bee5153a.r2.dev/ULTA/2019-04-02/Ulta%20Beauty%2C%20Inc._2019-04-02_transcript/Ulta%20Beauty%2C%20Inc._2019-04-02_transcript.pdf%5CUlta%20Beauty%2C%20Inc._2019-04-02_transcript.pdf",
        "periodicity": "periodic"
    },
    {
        "equity_ticker": "ULTA",
        "geography": "US",
        "content_name": "ULTA Q4 2019 Press Release",
        "file_type": "pdf",
        "content_type": "earnings_press_release",
        "published_date": "2019-04-02",
        "fiscal_date": "2019-04-02",
        "fiscal_year": 2019,
        "fiscal_quarter": 4,
        "r2_url": "https://pub-2c783279b61043e19fbdadd1bee5153a.r2.dev/ULTA/2019-04-02/3c762-2023-09-06-02-15-52/3c762-2023-09-06-02-15-52.pdf%5C3c762-2023-09-06-02-15-52.pdf",
        "periodicity": "periodic"
    },
    {
        "equity_ticker": "ULTA",
        "geography": "US",
        "content_name": "ULTA Q3 2018 Transcript",
        "file_type": "pdf",
        "content_type": "earnings_transcript",
        "published_date": "2018-12-06",
        "fiscal_date": "2018-12-06",
        "fiscal_year": 2018,
        "fiscal_quarter": 3,
        "r2_url": "https://pub-2c783279b61043e19fbdadd1bee5153a.r2.dev/ULTA/2018-12-06/Ulta%20Beauty%2C%20Inc._2018-12-06_transcript/Ulta%20Beauty%2C%20Inc._2018-12-06_transcript.pdf%5CUlta%20Beauty%2C%20Inc._2018-12-06_transcript.pdf",
        "periodicity": "periodic"
    },
    {
        "equity_ticker": "ULTA",
        "geography": "US",
        "content_name": "ULTA Q2 2018 Transcript",
        "file_type": "pdf",
        "content_type": "earnings_transcript",
        "published_date": "2018-08-30",
        "fiscal_date": "2018-08-30",
        "fiscal_year": 2018,
        "fiscal_quarter": 2,
        "r2_url": "https://pub-2c783279b61043e19fbdadd1bee5153a.r2.dev/ULTA/2018-08-30/Ulta%20Beauty%2C%20Inc._2018-08-30_transcript/Ulta%20Beauty%2C%20Inc._2018-08-30_transcript.pdf%5CUlta%20Beauty%2C%20Inc._2018-08-30_transcript.pdf",
        "periodicity": "periodic"
    },
    {
        "equity_ticker": "ULTA",
        "geography": "US",
        "content_name": "ULTA Q1 2018 Transcript",
        "file_type": "pdf",
        "content_type": "earnings_transcript",
        "published_date": "2018-05-31",
        "fiscal_date": "2018-05-31",
        "fiscal_year": 2018,
        "fiscal_quarter": 1,
        "r2_url": "https://pub-2c783279b61043e19fbdadd1bee5153a.r2.dev/ULTA/2018-05-31/Ulta%20Beauty%2C%20Inc._2018-05-31_transcript/Ulta%20Beauty%2C%20Inc._2018-05-31_transcript.pdf%5CUlta%20Beauty%2C%20Inc._2018-05-31_transcript.pdf",
        "periodicity": "periodic"
    },
    {
        "equity_ticker": "ULTA",
        "geography": "US",
        "content_name": "ULTA Q4 2018 Transcript",
        "file_type": "pdf",
        "content_type": "earnings_transcript",
        "published_date": "2018-04-03",
        "fiscal_date": "2018-04-03",
        "fiscal_year": 2018,
        "fiscal_quarter": 4,
        "r2_url": "https://pub-2c783279b61043e19fbdadd1bee5153a.r2.dev/ULTA/2018-04-03/Ulta%20Beauty%2C%20Inc._2018-04-03_transcript/Ulta%20Beauty%2C%20Inc._2018-04-03_transcript.pdf%5CUlta%20Beauty%2C%20Inc._2018-04-03_transcript.pdf",
        "periodicity": "periodic"
    },
    {
        "equity_ticker": "ULTA",
        "geography": "US",
        "content_name": "ULTA Q4 2018 Press Release",
        "file_type": "pdf",
        "content_type": "earnings_press_release",
        "published_date": "2018-04-03",
        "fiscal_date": "2018-04-03",
        "fiscal_year": 2018,
        "fiscal_quarter": 4,
        "r2_url": "https://pub-2c783279b61043e19fbdadd1bee5153a.r2.dev/ULTA/2018-04-03/799c4-2023-09-06-02-29-52/799c4-2023-09-06-02-29-52.pdf%5C799c4-2023-09-06-02-29-52.pdf",
        "periodicity": "periodic"
    },
    {
        "equity_ticker": "ULTA",
        "geography": "US",
        "content_name": "ULTA Q3 2017 Transcript",
        "file_type": "pdf",
        "content_type": "earnings_transcript",
        "published_date": "2017-11-30",
        "fiscal_date": "2017-11-30",
        "fiscal_year": 2017,
        "fiscal_quarter": 3,
        "r2_url": "https://pub-2c783279b61043e19fbdadd1bee5153a.r2.dev/ULTA/2017-11-30/Ulta%20Beauty%2C%20Inc._2017-11-30_transcript/Ulta%20Beauty%2C%20Inc._2017-11-30_transcript.pdf%5CUlta%20Beauty%2C%20Inc._2017-11-30_transcript.pdf",
        "periodicity": "periodic"
    },
    {
        "equity_ticker": "ULTA",
        "geography": "US",
        "content_name": "ULTA Q2 2017 Transcript",
        "file_type": "pdf",
        "content_type": "earnings_transcript",
        "published_date": "2017-08-24",
        "fiscal_date": "2017-08-24",
        "fiscal_year": 2017,
        "fiscal_quarter": 2,
        "r2_url": "https://pub-2c783279b61043e19fbdadd1bee5153a.r2.dev/ULTA/2017-08-24/Ulta%20Beauty%2C%20Inc._2017-08-24_transcript/Ulta%20Beauty%2C%20Inc._2017-08-24_transcript.pdf%5CUlta%20Beauty%2C%20Inc._2017-08-24_transcript.pdf",
        "periodicity": "periodic"
    },
    {
        "equity_ticker": "ULTA",
        "geography": "US",
        "content_name": "ULTA Q1 2017 Transcript",
        "file_type": "pdf",
        "content_type": "earnings_transcript",
        "published_date": "2017-05-25",
        "fiscal_date": "2017-05-25",
        "fiscal_year": 2017,
        "fiscal_quarter": 1,
        "r2_url": "https://pub-2c783279b61043e19fbdadd1bee5153a.r2.dev/ULTA/2017-05-25/Ulta%20Beauty%2C%20Inc._2017-05-25_transcript/Ulta%20Beauty%2C%20Inc._2017-05-25_transcript.pdf%5CUlta%20Beauty%2C%20Inc._2017-05-25_transcript.pdf",
        "periodicity": "periodic"
    },
    {
        "equity_ticker": "ULTA",
        "geography": "US",
        "content_name": "ULTA Q4 2017 Transcript",
        "file_type": "pdf",
        "content_type": "earnings_transcript",
        "published_date": "2017-03-28",
        "fiscal_date": "2017-03-28",
        "fiscal_year": 2017,
        "fiscal_quarter": 4,
        "r2_url": "https://pub-2c783279b61043e19fbdadd1bee5153a.r2.dev/ULTA/2017-03-28/Ulta%20Beauty%2C%20Inc._2017-03-28_transcript/Ulta%20Beauty%2C%20Inc._2017-03-28_transcript.pdf%5CUlta%20Beauty%2C%20Inc._2017-03-28_transcript.pdf",
        "periodicity": "periodic"
    },
    {
        "equity_ticker": "ULTA",
        "geography": "US",
        "content_name": "ULTA Q4 2017 Press Release",
        "file_type": "pdf",
        "content_type": "annual_report",
        "published_date": "2017-03-28",
        "fiscal_date": "2017-03-28",
        "fiscal_year": 2017,
        "fiscal_quarter": 4,
        "r2_url": "https://pub-2c783279b61043e19fbdadd1bee5153a.r2.dev/ULTA/2017-03-28/53d8b-2023-09-06-02-48-52/53d8b-2023-09-06-02-48-52.pdf%5C53d8b-2023-09-06-02-48-52.pdf",
        "periodicity": "periodic"
    },
    {
        "equity_ticker": "ULTA",
        "geography": "US",
        "content_name": "ULTA Q3 2016 Transcript",
        "file_type": "pdf",
        "content_type": "earnings_transcript",
        "published_date": "2016-12-01",
        "fiscal_date": "2016-12-01",
        "fiscal_year": 2016,
        "fiscal_quarter": 3,
        "r2_url": "https://pub-2c783279b61043e19fbdadd1bee5153a.r2.dev/ULTA/2016-12-01/Ulta%20Beauty%2C%20Inc._2016-12-01_transcript/Ulta%20Beauty%2C%20Inc._2016-12-01_transcript.pdf%5CUlta%20Beauty%2C%20Inc._2016-12-01_transcript.pdf",
        "periodicity": "periodic"
    },
    {
        "equity_ticker": "ULTA",
        "geography": "US",
        "content_name": "ULTA Q2 2016 Transcript",
        "file_type": "pdf",
        "content_type": "earnings_transcript",
        "published_date": "2016-08-25",
        "fiscal_date": "2016-08-25",
        "fiscal_year": 2016,
        "fiscal_quarter": 2,
        "r2_url": "https://pub-2c783279b61043e19fbdadd1bee5153a.r2.dev/ULTA/2016-08-25/Ulta%20Beauty%2C%20Inc._2016-08-25_transcript/Ulta%20Beauty%2C%20Inc._2016-08-25_transcript.pdf%5CUlta%20Beauty%2C%20Inc._2016-08-25_transcript.pdf",
        "periodicity": "periodic"
    },
    {
        "equity_ticker": "ULTA",
        "geography": "US",
        "content_name": "ULTA Q1 2016 Transcript",
        "file_type": "pdf",
        "content_type": "earnings_transcript",
        "published_date": "2016-05-26",
        "fiscal_date": "2016-05-26",
        "fiscal_year": 2016,
        "fiscal_quarter": 1,
        "r2_url": "https://pub-2c783279b61043e19fbdadd1bee5153a.r2.dev/ULTA/2016-05-26/Ulta%20Beauty%2C%20Inc._2016-05-26_transcript/Ulta%20Beauty%2C%20Inc._2016-05-26_transcript.pdf%5CUlta%20Beauty%2C%20Inc._2016-05-26_transcript.pdf",
        "periodicity": "periodic"
    },
    {
        "equity_ticker": "ULTA",
        "geography": "US",
        "content_name": "ULTA Q4 2016 Transcript",
        "file_type": "pdf",
        "content_type": "earnings_transcript",
        "published_date": "2016-03-30",
        "fiscal_date": "2016-03-30",
        "fiscal_year": 2016,
        "fiscal_quarter": 4,
        "r2_url": "https://pub-2c783279b61043e19fbdadd1bee5153a.r2.dev/ULTA/2016-03-30/Ulta%20Beauty%2C%20Inc._2016-03-30_transcript/Ulta%20Beauty%2C%20Inc._2016-03-30_transcript.pdf%5CUlta%20Beauty%2C%20Inc._2016-03-30_transcript.pdf",
        "periodicity": "periodic"
    },
    {
        "equity_ticker": "ULTA",
        "geography": "US",
        "content_name": "ULTA Q4 2016 Press Release",
        "file_type": "pdf",
        "content_type": "annual_report",
        "published_date": "2016-03-30",
        "fiscal_date": "2016-03-30",
        "fiscal_year": 2016,
        "fiscal_quarter": 4,
        "r2_url": "https://pub-2c783279b61043e19fbdadd1bee5153a.r2.dev/ULTA/2016-03-30/91900-2023-09-06-02-01-53/91900-2023-09-06-02-01-53.pdf%5C91900-2023-09-06-02-01-53.pdf",
        "periodicity": "periodic"
    },
    {
        "equity_ticker": "ULTA",
        "geography": "US",
        "content_name": "ULTA Q3 2015 Transcript",
        "file_type": "pdf",
        "content_type": "earnings_transcript",
        "published_date": "2015-12-03",
        "fiscal_date": "2015-12-03",
        "fiscal_year": 2015,
        "fiscal_quarter": 3,
        "r2_url": "https://pub-2c783279b61043e19fbdadd1bee5153a.r2.dev/ULTA/2015-12-03/Ulta%20Beauty%2C%20Inc._2015-12-03_transcript/Ulta%20Beauty%2C%20Inc._2015-12-03_transcript.pdf%5CUlta%20Beauty%2C%20Inc._2015-12-03_transcript.pdf",
        "periodicity": "periodic"
    },
    {
        "equity_ticker": "ULTA",
        "geography": "US",
        "content_name": "ULTA Q2 2015 Transcript",
        "file_type": "pdf",
        "content_type": "earnings_transcript",
        "published_date": "2015-08-27",
        "fiscal_date": "2015-08-27",
        "fiscal_year": 2015,
        "fiscal_quarter": 2,
        "r2_url": "https://pub-2c783279b61043e19fbdadd1bee5153a.r2.dev/ULTA/2015-08-27/Ulta%20Beauty%2C%20Inc._2015-08-27_transcript/Ulta%20Beauty%2C%20Inc._2015-08-27_transcript.pdf%5CUlta%20Beauty%2C%20Inc._2015-08-27_transcript.pdf",
        "periodicity": "periodic"
    },
    {
        "equity_ticker": "ULTA",
        "geography": "US",
        "content_name": "ULTA Q1 2015 Transcript",
        "file_type": "pdf",
        "content_type": "earnings_transcript",
        "published_date": "2015-05-28",
        "fiscal_date": "2015-05-28",
        "fiscal_year": 2015,
        "fiscal_quarter": 1,
        "r2_url": "https://pub-2c783279b61043e19fbdadd1bee5153a.r2.dev/ULTA/2015-05-28/Ulta%20Beauty%2C%20Inc._2015-05-28_transcript/Ulta%20Beauty%2C%20Inc._2015-05-28_transcript.pdf%5CUlta%20Beauty%2C%20Inc._2015-05-28_transcript.pdf",
        "periodicity": "periodic"
    },
    {
        "equity_ticker": "ULTA",
        "geography": "US",
        "content_name": "ULTA Q4 2015 Transcript",
        "file_type": "pdf",
        "content_type": "earnings_transcript",
        "published_date": "2015-04-01",
        "fiscal_date": "2015-04-01",
        "fiscal_year": 2015,
        "fiscal_quarter": 4,
        "r2_url": "https://pub-2c783279b61043e19fbdadd1bee5153a.r2.dev/ULTA/2015-04-01/Ulta%20Beauty%2C%20Inc._2015-04-01_transcript/Ulta%20Beauty%2C%20Inc._2015-04-01_transcript.pdf%5CUlta%20Beauty%2C%20Inc._2015-04-01_transcript.pdf",
        "periodicity": "periodic"
    },
    {
        "equity_ticker": "ULTA",
        "geography": "US",
        "content_name": "ULTA Q4 2015 Press Release",
        "file_type": "pdf",
        "content_type": "annual_report",
        "published_date": "2015-04-01",
        "fiscal_date": "2015-04-01",
        "fiscal_year": 2015,
        "fiscal_quarter": 4,
        "r2_url": "https://pub-2c783279b61043e19fbdadd1bee5153a.r2.dev/ULTA/2015-04-01/8cbf3-2023-09-06-02-17-53/8cbf3-2023-09-06-02-17-53.pdf%5C8cbf3-2023-09-06-02-17-53.pdf",
        "periodicity": "periodic"
    },
    {
        "equity_ticker": "ULTA",
        "geography": "US",
        "content_name": "ULTA Q4 2014 Transcript",
        "file_type": "pdf",
        "content_type": "earnings_transcript",
        "published_date": "2015-03-12",
        "fiscal_date": "2015-03-12",
        "fiscal_year": 2014,
        "fiscal_quarter": 4,
        "r2_url": "https://pub-2c783279b61043e19fbdadd1bee5153a.r2.dev/ULTA/2015-03-12/Ulta%20Beauty%2C%20Inc._2015-03-12_transcript/Ulta%20Beauty%2C%20Inc._2015-03-12_transcript.pdf%5CUlta%20Beauty%2C%20Inc._2015-03-12_transcript.pdf",
        "periodicity": "periodic"
    },
    {
        "equity_ticker": "ULTA",
        "geography": "US",
        "content_name": "ULTA Q3 2014 Transcript",
        "file_type": "pdf",
        "content_type": "earnings_transcript",
        "published_date": "2014-12-04",
        "fiscal_date": "2014-12-04",
        "fiscal_year": 2014,
        "fiscal_quarter": 3,
        "r2_url": "https://pub-2c783279b61043e19fbdadd1bee5153a.r2.dev/ULTA/2014-12-04/Ulta%20Beauty%2C%20Inc._2014-12-04_transcript/Ulta%20Beauty%2C%20Inc._2014-12-04_transcript.pdf%5CUlta%20Beauty%2C%20Inc._2014-12-04_transcript.pdf",
        "periodicity": "periodic"
    },
    {
        "equity_ticker": "ULTA",
        "geography": "US",
        "content_name": "ULTA Q2 2014 Transcript",
        "file_type": "pdf",
        "content_type": "earnings_transcript",
        "published_date": "2014-09-11",
        "fiscal_date": "2014-09-11",
        "fiscal_year": 2014,
        "fiscal_quarter": 2,
        "r2_url": "https://pub-2c783279b61043e19fbdadd1bee5153a.r2.dev/ULTA/2014-09-11/Ulta%20Beauty%2C%20Inc._2014-09-11_transcript/Ulta%20Beauty%2C%20Inc._2014-09-11_transcript.pdf%5CUlta%20Beauty%2C%20Inc._2014-09-11_transcript.pdf",
        "periodicity": "periodic"
    },
    {
        "equity_ticker": "ULTA",
        "geography": "US",
        "content_name": "ULTA Q1 2014 Transcript",
        "file_type": "pdf",
        "content_type": "earnings_transcript",
        "published_date": "2014-06-10",
        "fiscal_date": "2014-06-10",
        "fiscal_year": 2014,
        "fiscal_quarter": 1,
        "r2_url": "https://pub-2c783279b61043e19fbdadd1bee5153a.r2.dev/ULTA/2014-06-10/Ulta%20Beauty%2C%20Inc._2014-06-10_transcript/Ulta%20Beauty%2C%20Inc._2014-06-10_transcript.pdf%5CUlta%20Beauty%2C%20Inc._2014-06-10_transcript.pdf",
        "periodicity": "periodic"
    },
    {
        "equity_ticker": "ULTA",
        "geography": "US",
        "content_name": "ULTA Q4 2013 Transcript",
        "file_type": "pdf",
        "content_type": "earnings_transcript",
        "published_date": "2014-03-13",
        "fiscal_date": "2014-03-13",
        "fiscal_year": 2013,
        "fiscal_quarter": 4,
        "r2_url": "https://pub-2c783279b61043e19fbdadd1bee5153a.r2.dev/ULTA/2014-03-13/Ulta%20Beauty%2C%20Inc._2014-03-13_transcript/Ulta%20Beauty%2C%20Inc._2014-03-13_transcript.pdf%5CUlta%20Beauty%2C%20Inc._2014-03-13_transcript.pdf",
        "periodicity": "periodic"
    },
    {
        "equity_ticker": "ULTA",
        "geography": "US",
        "content_name": "ULTA Q3 2013 Transcript",
        "file_type": "pdf",
        "content_type": "earnings_transcript",
        "published_date": "2013-12-05",
        "fiscal_date": "2013-12-05",
        "fiscal_year": 2013,
        "fiscal_quarter": 3,
        "r2_url": "https://pub-2c783279b61043e19fbdadd1bee5153a.r2.dev/ULTA/2013-12-05/Ulta%20Beauty%2C%20Inc._2013-12-05_transcript/Ulta%20Beauty%2C%20Inc._2013-12-05_transcript.pdf%5CUlta%20Beauty%2C%20Inc._2013-12-05_transcript.pdf",
        "periodicity": "periodic"
    },
    {
        "equity_ticker": "ULTA",
        "geography": "US",
        "content_name": "ULTA Q2 2013 Transcript",
        "file_type": "pdf",
        "content_type": "earnings_transcript",
        "published_date": "2013-09-12",
        "fiscal_date": "2013-09-12",
        "fiscal_year": 2013,
        "fiscal_quarter": 2,
        "r2_url": "https://pub-2c783279b61043e19fbdadd1bee5153a.r2.dev/ULTA/2013-09-12/Ulta%20Beauty%2C%20Inc._2013-09-12_transcript/Ulta%20Beauty%2C%20Inc._2013-09-12_transcript.pdf%5CUlta%20Beauty%2C%20Inc._2013-09-12_transcript.pdf",
        "periodicity": "periodic"
    },
    {
        "equity_ticker": "ULTA",
        "geography": "US",
        "content_name": "ULTA Q1 2013 Transcript",
        "file_type": "pdf",
        "content_type": "earnings_transcript",
        "published_date": "2013-06-11",
        "fiscal_date": "2013-06-11",
        "fiscal_year": 2013,
        "fiscal_quarter": 1,
        "r2_url": "https://pub-2c783279b61043e19fbdadd1bee5153a.r2.dev/ULTA/2013-06-11/Ulta%20Beauty%2C%20Inc._2013-06-11_transcript/Ulta%20Beauty%2C%20Inc._2013-06-11_transcript.pdf%5CUlta%20Beauty%2C%20Inc._2013-06-11_transcript.pdf",
        "periodicity": "periodic"
    },
    {
        "equity_ticker": "ULTA",
        "geography": "US",
        "content_name": "ULTA Q4 2012 Transcript",
        "file_type": "pdf",
        "content_type": "earnings_transcript",
        "published_date": "2013-03-14",
        "fiscal_date": "2013-03-14",
        "fiscal_year": 2012,
        "fiscal_quarter": 4,
        "r2_url": "https://pub-2c783279b61043e19fbdadd1bee5153a.r2.dev/ULTA/2013-03-14/Ulta%20Beauty%2C%20Inc._2013-03-14_transcript/Ulta%20Beauty%2C%20Inc._2013-03-14_transcript.pdf%5CUlta%20Beauty%2C%20Inc._2013-03-14_transcript.pdf",
        "periodicity": "periodic"
    },
    {
        "equity_ticker": "ULTA",
        "geography": "US",
        "content_name": "ULTA Q3 2012 Transcript",
        "file_type": "pdf",
        "content_type": "earnings_transcript",
        "published_date": "2012-11-29",
        "fiscal_date": "2012-11-29",
        "fiscal_year": 2012,
        "fiscal_quarter": 3,
        "r2_url": "https://pub-2c783279b61043e19fbdadd1bee5153a.r2.dev/ULTA/2012-11-29/Ulta%20Beauty%2C%20Inc._2012-11-29_transcript/Ulta%20Beauty%2C%20Inc._2012-11-29_transcript.pdf%5CUlta%20Beauty%2C%20Inc._2012-11-29_transcript.pdf",
        "periodicity": "periodic"
    },
    {
        "equity_ticker": "ULTA",
        "geography": "US",
        "content_name": "ULTA Q2 2012 Transcript",
        "file_type": "pdf",
        "content_type": "earnings_transcript",
        "published_date": "2012-09-06",
        "fiscal_date": "2012-09-06",
        "fiscal_year": 2012,
        "fiscal_quarter": 2,
        "r2_url": "https://pub-2c783279b61043e19fbdadd1bee5153a.r2.dev/ULTA/2012-09-06/Ulta%20Beauty%2C%20Inc._2012-09-06_transcript/Ulta%20Beauty%2C%20Inc._2012-09-06_transcript.pdf%5CUlta%20Beauty%2C%20Inc._2012-09-06_transcript.pdf",
        "periodicity": "periodic"
    },
    {
        "equity_ticker": "ULTA",
        "geography": "US",
        "content_name": "ULTA Q1 2012 Transcript",
        "file_type": "pdf",
        "content_type": "earnings_transcript",
        "published_date": "2012-06-05",
        "fiscal_date": "2012-06-05",
        "fiscal_year": 2012,
        "fiscal_quarter": 1,
        "r2_url": "https://pub-2c783279b61043e19fbdadd1bee5153a.r2.dev/ULTA/2012-06-05/Ulta%20Beauty%2C%20Inc._2012-06-05_transcript/Ulta%20Beauty%2C%20Inc._2012-06-05_transcript.pdf%5CUlta%20Beauty%2C%20Inc._2012-06-05_transcript.pdf",
        "periodicity": "periodic"
    },
    {
        "equity_ticker": "ULTA",
        "geography": "US",
        "content_name": "ULTA Q4 2011 Transcript",
        "file_type": "pdf",
        "content_type": "earnings_transcript",
        "published_date": "2012-03-08",
        "fiscal_date": "2012-03-08",
        "fiscal_year": 2011,
        "fiscal_quarter": 4,
        "r2_url": "https://pub-2c783279b61043e19fbdadd1bee5153a.r2.dev/ULTA/2012-03-08/Ulta%20Beauty%2C%20Inc._2012-03-08_transcript/Ulta%20Beauty%2C%20Inc._2012-03-08_transcript.pdf%5CUlta%20Beauty%2C%20Inc._2012-03-08_transcript.pdf",
        "periodicity": "periodic"
    },
    {
        "equity_ticker": "ULTA",
        "geography": "US",
        "content_name": "ULTA Q3 2011 Transcript",
        "file_type": "pdf",
        "content_type": "earnings_transcript",
        "published_date": "2011-12-01",
        "fiscal_date": "2011-12-01",
        "fiscal_year": 2011,
        "fiscal_quarter": 3,
        "r2_url": "https://pub-2c783279b61043e19fbdadd1bee5153a.r2.dev/ULTA/2011-12-01/Ulta%20Beauty%2C%20Inc._2011-12-01_transcript/Ulta%20Beauty%2C%20Inc._2011-12-01_transcript.pdf%5CUlta%20Beauty%2C%20Inc._2011-12-01_transcript.pdf",
        "periodicity": "periodic"
    },
    {
        "equity_ticker": "ULTA",
        "geography": "US",
        "content_name": "ULTA Q2 2011 Transcript",
        "file_type": "pdf",
        "content_type": "earnings_transcript",
        "published_date": "2011-09-08",
        "fiscal_date": "2011-09-08",
        "fiscal_year": 2011,
        "fiscal_quarter": 2,
        "r2_url": "https://pub-2c783279b61043e19fbdadd1bee5153a.r2.dev/ULTA/2011-09-08/Ulta%20Beauty%2C%20Inc._2011-09-08_transcript/Ulta%20Beauty%2C%20Inc._2011-09-08_transcript.pdf%5CUlta%20Beauty%2C%20Inc._2011-09-08_transcript.pdf",
        "periodicity": "periodic"
    },
    {
        "equity_ticker": "ULTA",
        "geography": "US",
        "content_name": "ULTA Q3 2009 Transcript",
        "file_type": "pdf",
        "content_type": "earnings_transcript",
        "published_date": "2009-12-03",
        "fiscal_date": "2009-12-03",
        "fiscal_year": 2009,
        "fiscal_quarter": 3,
        "r2_url": "https://pub-2c783279b61043e19fbdadd1bee5153a.r2.dev/ULTA/2009-12-03/Ulta%20Beauty%2C%20Inc._2009-12-03_transcript/Ulta%20Beauty%2C%20Inc._2009-12-03_transcript.pdf%5CUlta%20Beauty%2C%20Inc._2009-12-03_transcript.pdf",
        "periodicity": "periodic"
    },
    {
        "equity_ticker": "ULTA",
        "geography": "US",
        "content_name": "ULTA Q2 2009 Transcript",
        "file_type": "pdf",
        "content_type": "earnings_transcript",
        "published_date": "2009-09-04",
        "fiscal_date": "2009-09-04",
        "fiscal_year": 2009,
        "fiscal_quarter": 2,
        "r2_url": "https://pub-2c783279b61043e19fbdadd1bee5153a.r2.dev/ULTA/2009-09-04/Ulta%20Beauty%2C%20Inc._2009-09-04_transcript/Ulta%20Beauty%2C%20Inc._2009-09-04_transcript.pdf%5CUlta%20Beauty%2C%20Inc._2009-09-04_transcript.pdf",
        "periodicity": "periodic"
    },
    {
        "equity_ticker": "ULTA",
        "geography": "US",
        "content_name": "ULTA Q4 2008 Transcript",
        "file_type": "pdf",
        "content_type": "earnings_transcript",
        "published_date": "2009-03-19",
        "fiscal_date": "2009-03-19",
        "fiscal_year": 2008,
        "fiscal_quarter": 4,
        "r2_url": "https://pub-2c783279b61043e19fbdadd1bee5153a.r2.dev/ULTA/2009-03-19/Ulta%20Beauty%2C%20Inc._2009-03-19_transcript/Ulta%20Beauty%2C%20Inc._2009-03-19_transcript.pdf%5CUlta%20Beauty%2C%20Inc._2009-03-19_transcript.pdf",
        "periodicity": "periodic"
    },
    {
        "equity_ticker": "ULTA",
        "geography": "US",
        "content_name": "ULTA Q3 2008 Transcript",
        "file_type": "pdf",
        "content_type": "earnings_transcript",
        "published_date": "2008-12-04",
        "fiscal_date": "2008-12-04",
        "fiscal_year": 2008,
        "fiscal_quarter": 3,
        "r2_url": "https://pub-2c783279b61043e19fbdadd1bee5153a.r2.dev/ULTA/2008-12-04/Ulta%20Beauty%2C%20Inc._2008-12-04_transcript/Ulta%20Beauty%2C%20Inc._2008-12-04_transcript.pdf%5CUlta%20Beauty%2C%20Inc._2008-12-04_transcript.pdf",
        "periodicity": "periodic"
    },
    {
        "equity_ticker": "ULTA",
        "geography": "US",
        "content_name": "ULTA Q2 2008 Transcript",
        "file_type": "pdf",
        "content_type": "earnings_transcript",
        "published_date": "2008-09-04",
        "fiscal_date": "2008-09-04",
        "fiscal_year": 2008,
        "fiscal_quarter": 2,
        "r2_url": "https://pub-2c783279b61043e19fbdadd1bee5153a.r2.dev/ULTA/2008-09-04/Ulta%20Beauty%2C%20Inc._2008-09-04_transcript/Ulta%20Beauty%2C%20Inc._2008-09-04_transcript.pdf%5CUlta%20Beauty%2C%20Inc._2008-09-04_transcript.pdf",
        "periodicity": "periodic"
    },
    {
        "equity_ticker": "ULTA",
        "geography": "US",
        "content_name": "ULTA Q1 2008 Transcript",
        "file_type": "pdf",
        "content_type": "earnings_transcript",
        "published_date": "2008-06-04",
        "fiscal_date": "2008-06-04",
        "fiscal_year": 2008,
        "fiscal_quarter": 1,
        "r2_url": "https://pub-2c783279b61043e19fbdadd1bee5153a.r2.dev/ULTA/2008-06-04/Ulta%20Beauty%2C%20Inc._2008-06-04_transcript/Ulta%20Beauty%2C%20Inc._2008-06-04_transcript.pdf%5CUlta%20Beauty%2C%20Inc._2008-06-04_transcript.pdf",
        "periodicity": "periodic"
    },
    {
        "equity_ticker": "ULTA",
        "geography": "US",
        "content_name": "ULTA Q4 2007 Transcript",
        "file_type": "pdf",
        "content_type": "earnings_transcript",
        "published_date": "2008-03-24",
        "fiscal_date": "2008-03-24",
        "fiscal_year": 2007,
        "fiscal_quarter": 4,
        "r2_url": "https://pub-2c783279b61043e19fbdadd1bee5153a.r2.dev/ULTA/2008-03-24/Ulta%20Beauty%2C%20Inc._2008-03-24_transcript/Ulta%20Beauty%2C%20Inc._2008-03-24_transcript.pdf%5CUlta%20Beauty%2C%20Inc._2008-03-24_transcript.pdf",
        "periodicity": "periodic"
    },
    {
        "equity_ticker": "ULTA",
        "geography": "US",
        "content_name": "ULTA Q3 2007 Transcript",
        "file_type": "pdf",
        "content_type": "earnings_transcript",
        "published_date": "2007-12-11",
        "fiscal_date": "2007-12-11",
        "fiscal_year": 2007,
        "fiscal_quarter": 3,
        "r2_url": "https://pub-2c783279b61043e19fbdadd1bee5153a.r2.dev/ULTA/2007-12-11/Ulta%20Beauty%2C%20Inc._2007-12-11_transcript/Ulta%20Beauty%2C%20Inc._2007-12-11_transcript.pdf%5CUlta%20Beauty%2C%20Inc._2007-12-11_transcript.pdf",
        "periodicity": "periodic"
    },
    {
        "equity_ticker": "ULTA",
        "geography": "US",
        "content_name": "ULTA Q4 2025 10-K",
        "file_type": "pdf",
        "content_type": "annual_report",
        "published_date": "2025-03-27",
        "fiscal_date": "2025-02-01",
        "fiscal_year": 2025,
        "fiscal_quarter": 4,
        "r2_url": "https://pub-2c783279b61043e19fbdadd1bee5153a.r2.dev/ULTA/2025-03-27/ulta-20250201x10k.htm%5Culta-20250201x10k.pdf",
        "periodicity": "periodic"
      },
      {
        "equity_ticker": "ULTA",
        "geography": "US",
        "content_name": "ULTA Q3 2025 10-Q",
        "file_type": "pdf",
        "content_type": "quarterly_report",
        "published_date": "2024-12-05",
        "fiscal_date": "2024-11-02",
        "fiscal_year": 2025,
        "fiscal_quarter": 3,
        "r2_url": "https://pub-2c783279b61043e19fbdadd1bee5153a.r2.dev/ULTA/2024-12-05/ulta-20241102x10q.htm%5Culta-20241102x10q.pdf",
        "periodicity": "periodic"
      },
      {
        "equity_ticker": "ULTA",
        "geography": "US",
        "content_name": "ULTA Q2 2025 10-Q",
        "file_type": "pdf",
        "content_type": "quarterly_report",
        "published_date": "2024-08-29",
        "fiscal_date": "2024-08-03",
        "fiscal_year": 2025,
        "fiscal_quarter": 2,
        "r2_url": "https://pub-2c783279b61043e19fbdadd1bee5153a.r2.dev/ULTA/2024-08-29/ulta-20240803x10q.htm%5Culta-20240803x10q.pdf",
        "periodicity": "periodic"
      },
      {
        "equity_ticker": "ULTA",
        "geography": "US",
        "content_name": "ULTA Q1 2025 10-Q",
        "file_type": "pdf",
        "content_type": "quarterly_report",
        "published_date": "2024-05-30",
        "fiscal_date": "2024-05-04",
        "fiscal_year": 2025,
        "fiscal_quarter": 1,
        "r2_url": "https://pub-2c783279b61043e19fbdadd1bee5153a.r2.dev/ULTA/2024-05-30/ulta-20240504x10q.htm%5Culta-20240504x10q.pdf",
        "periodicity": "periodic"
      },
      {
        "equity_ticker": "ULTA",
        "geography": "US",
        "content_name": "ULTA Q4 2024 10-K",
        "file_type": "pdf",
        "content_type": "annual_report",
        "published_date": "2024-03-26",
        "fiscal_date": "2024-02-03",
        "fiscal_year": 2024,
        "fiscal_quarter": 4,
        "r2_url": "https://pub-2c783279b61043e19fbdadd1bee5153a.r2.dev/ULTA/2024-03-26/ulta-20240203x10k.htm%5Culta-20240203x10k.pdf",
        "periodicity": "periodic"
      },
      {
        "equity_ticker": "ULTA",
        "geography": "US",
        "content_name": "ULTA Q3 2024 10-Q",
        "file_type": "pdf",
        "content_type": "quarterly_report",
        "published_date": "2023-11-30",
        "fiscal_date": "2023-10-28",
        "fiscal_year": 2024,
        "fiscal_quarter": 3,
        "r2_url": "https://pub-2c783279b61043e19fbdadd1bee5153a.r2.dev/ULTA/2023-11-30/ulta-20231028x10q.htm%5Culta-20231028x10q.pdf",
        "periodicity": "periodic"
      },
      {
        "equity_ticker": "ULTA",
        "geography": "US",
        "content_name": "ULTA Q2 2024 10-Q",
        "file_type": "pdf",
        "content_type": "quarterly_report",
        "published_date": "2023-08-24",
        "fiscal_date": "2023-07-29",
        "fiscal_year": 2024,
        "fiscal_quarter": 2,
        "r2_url": "https://pub-2c783279b61043e19fbdadd1bee5153a.r2.dev/ULTA/2023-08-24/ulta-20230729x10q.htm%5Culta-20230729x10q.pdf",
        "periodicity": "periodic"
      },
      {
        "equity_ticker": "ULTA",
        "geography": "US",
        "content_name": "ULTA Q1 2024 10-Q",
        "file_type": "pdf",
        "content_type": "quarterly_report",
        "published_date": "2023-05-25",
        "fiscal_date": "2023-04-29",
        "fiscal_year": 2024,
        "fiscal_quarter": 1,
        "r2_url": "https://pub-2c783279b61043e19fbdadd1bee5153a.r2.dev/ULTA/2023-05-25/ulta-20230429x10q.htm%5Culta-20230429x10q.pdf",
        "periodicity": "periodic"
      },
      {
        "equity_ticker": "ULTA",
        "geography": "US",
        "content_name": "ULTA Q4 2023 10-K",
        "file_type": "pdf",
        "content_type": "annual_report",
        "published_date": "2023-03-24",
        "fiscal_date": "2023-01-28",
        "fiscal_year": 2023,
        "fiscal_quarter": 4,
        "r2_url": "https://pub-2c783279b61043e19fbdadd1bee5153a.r2.dev/ULTA/2023-03-24/ulta-20230128x10k.htm%5Culta-20230128x10k.pdf",
        "periodicity": "periodic"
      },
      {
        "equity_ticker": "ULTA",
        "geography": "US",
        "content_name": "ULTA Q3 2023 10-Q",
        "file_type": "pdf",
        "content_type": "quarterly_report",
        "published_date": "2022-12-01",
        "fiscal_date": "2022-10-29",
        "fiscal_year": 2023,
        "fiscal_quarter": 3,
        "r2_url": "https://pub-2c783279b61043e19fbdadd1bee5153a.r2.dev/ULTA/2022-12-01/ulta-20221029x10q.htm%5Culta-20221029x10q.pdf",
        "periodicity": "periodic"
      },
      {
        "equity_ticker": "ULTA",
        "geography": "US",
        "content_name": "ULTA Q2 2023 10-Q",
        "file_type": "pdf",
        "content_type": "quarterly_report",
        "published_date": "2022-08-25",
        "fiscal_date": "2022-07-30",
        "fiscal_year": 2023,
        "fiscal_quarter": 2,
        "r2_url": "https://pub-2c783279b61043e19fbdadd1bee5153a.r2.dev/ULTA/2022-08-25/ulta-20220730x10q.htm%5Culta-20220730x10q.pdf",
        "periodicity": "periodic"
      },
      {
        "equity_ticker": "ULTA",
        "geography": "US",
        "content_name": "ULTA Q1 2023 10-Q",
        "file_type": "pdf",
        "content_type": "quarterly_report",
        "published_date": "2022-05-26",
        "fiscal_date": "2022-04-30",
        "fiscal_year": 2023,
        "fiscal_quarter": 1,
        "r2_url": "https://pub-2c783279b61043e19fbdadd1bee5153a.r2.dev/ULTA/2022-05-26/ulta-20220430x10q.htm%5Culta-20220430x10q.pdf",
        "periodicity": "periodic"
      },
      {
        "equity_ticker": "ULTA",
        "geography": "US",
        "content_name": "ULTA Q4 2022 10-K",
        "file_type": "pdf",
        "content_type": "annual_report",
        "published_date": "2022-03-25",
        "fiscal_date": "2022-01-29",
        "fiscal_year": 2022,
        "fiscal_quarter": 4,
        "r2_url": "https://pub-2c783279b61043e19fbdadd1bee5153a.r2.dev/ULTA/2022-03-25/ulta-20220129x10k.htm%5Culta-20220129x10k.pdf",
        "periodicity": "periodic"
      },
      {
        "equity_ticker": "ULTA",
        "geography": "US",
        "content_name": "ULTA Q3 2022 10-Q",
        "file_type": "pdf",
        "content_type": "quarterly_report",
        "published_date": "2021-12-02",
        "fiscal_date": "2021-10-30",
        "fiscal_year": 2022,
        "fiscal_quarter": 3,
        "r2_url": "https://pub-2c783279b61043e19fbdadd1bee5153a.r2.dev/ULTA/2021-12-02/ulta-20211030x10q.htm%5Culta-20211030x10q.pdf",
        "periodicity": "periodic"
      },
      {
        "equity_ticker": "ULTA",
        "geography": "US",
        "content_name": "ULTA Q2 2022 10-Q",
        "file_type": "pdf",
        "content_type": "quarterly_report",
        "published_date": "2021-08-25",
        "fiscal_date": "2021-07-31",
        "fiscal_year": 2022,
        "fiscal_quarter": 2,
        "r2_url": "https://pub-2c783279b61043e19fbdadd1bee5153a.r2.dev/ULTA/2021-08-25/ulta-20210731x10q.htm%5Culta-20210731x10q.pdf",
        "periodicity": "periodic"
      },
      {
        "equity_ticker": "ULTA",
        "geography": "US",
        "content_name": "ULTA Q1 2022 10-Q",
        "file_type": "pdf",
        "content_type": "quarterly_report",
        "published_date": "2021-05-27",
        "fiscal_date": "2021-05-01",
        "fiscal_year": 2022,
        "fiscal_quarter": 1,
        "r2_url": "https://pub-2c783279b61043e19fbdadd1bee5153a.r2.dev/ULTA/2021-05-27/ulta-20210501x10q.htm%5Culta-20210501x10q.pdf",
        "periodicity": "periodic"
      },
      {
        "equity_ticker": "ULTA",
        "geography": "US",
        "content_name": "ULTA Q4 2021 10-K",
        "file_type": "pdf",
        "content_type": "annual_report",
        "published_date": "2021-03-26",
        "fiscal_date": "2021-01-30",
        "fiscal_year": 2021,
        "fiscal_quarter": 4,
        "r2_url": "https://pub-2c783279b61043e19fbdadd1bee5153a.r2.dev/ULTA/2021-03-26/ulta-20210130x10k.htm%5Culta-20210130x10k.pdf",
        "periodicity": "periodic"
      },
      {
        "equity_ticker": "ULTA",
        "geography": "US",
        "content_name": "ULTA Q3 2021 10-Q",
        "file_type": "pdf",
        "content_type": "quarterly_report",
        "published_date": "2020-12-03",
        "fiscal_date": "2020-10-31",
        "fiscal_year": 2021,
        "fiscal_quarter": 3,
        "r2_url": "https://pub-2c783279b61043e19fbdadd1bee5153a.r2.dev/ULTA/2020-12-03/ulta-20201031x10q.htm%5Culta-20201031x10q.pdf",
        "periodicity": "periodic"
      },
      {
        "equity_ticker": "ULTA",
        "geography": "US",
        "content_name": "ULTA Q2 2021 10-Q",
        "file_type": "pdf",
        "content_type": "quarterly_report",
        "published_date": "2020-08-27",
        "fiscal_date": "2020-08-01",
        "fiscal_year": 2021,
        "fiscal_quarter": 2,
        "r2_url": "https://pub-2c783279b61043e19fbdadd1bee5153a.r2.dev/ULTA/2020-08-27/ulta-20200801x10q.htm%5Cix.pdf",
        "periodicity": "periodic"
      },
      {
        "equity_ticker": "ULTA",
        "geography": "US",
        "content_name": "ULTA Q1 2021 10-Q",
        "file_type": "pdf",
        "content_type": "quarterly_report",
        "published_date": "2020-05-28",
        "fiscal_date": "2020-05-02",
        "fiscal_year": 2021,
        "fiscal_quarter": 1,
        "r2_url": "https://pub-2c783279b61043e19fbdadd1bee5153a.r2.dev/ULTA/2020-05-28/ulta-20200528x10q.htm%5Cix.pdf",
        "periodicity": "periodic"
      },
      {
        "equity_ticker": "ULTA",
        "geography": "US",
        "content_name": "ULTA Q4 2020 10-K",
        "file_type": "pdf",
        "content_type": "annual_report",
        "published_date": "2020-03-27",
        "fiscal_date": "2020-02-01",
        "fiscal_year": 2020,
        "fiscal_quarter": 4,
        "r2_url": "https://pub-2c783279b61043e19fbdadd1bee5153a.r2.dev/ULTA/2020-03-27/ulta-20200201x10k11b4b7.htm%5Cix.pdf",
        "periodicity": "periodic"
      },
      {
        "equity_ticker": "ULTA",
        "geography": "US",
        "content_name": "ULTA Q3 2020 10-Q",
        "file_type": "pdf",
        "content_type": "quarterly_report",
        "published_date": "2019-12-05",
        "fiscal_date": "2019-11-02",
        "fiscal_year": 2020,
        "fiscal_quarter": 3,
        "r2_url": "https://pub-2c783279b61043e19fbdadd1bee5153a.r2.dev/ULTA/2019-12-05/ulta-20191102x10qdf6081.htm%5Cix.pdf",
        "periodicity": "periodic"
      },
      {
        "equity_ticker": "ULTA",
        "geography": "US",
        "content_name": "ULTA Q2 2020 10-Q",
        "file_type": "pdf",
        "content_type": "quarterly_report",
        "published_date": "2019-08-29",
        "fiscal_date": "2019-08-03",
        "fiscal_year": 2020,
        "fiscal_quarter": 2,
        "r2_url": "https://pub-2c783279b61043e19fbdadd1bee5153a.r2.dev/ULTA/2019-08-29/ulta-20190803x10q.htm%5Cix.pdf",
        "periodicity": "periodic"
      },
      {
        "equity_ticker": "ULTA",
        "geography": "US",
        "content_name": "ULTA Q1 2020 10-Q",
        "file_type": "pdf",
        "content_type": "quarterly_report",
        "published_date": "2019-05-30",
        "fiscal_date": "2019-05-04",
        "fiscal_year": 2020,
        "fiscal_quarter": 1,
        "r2_url": "https://pub-2c783279b61043e19fbdadd1bee5153a.r2.dev/ULTA/2019-05-30/ulta-20190504x10q.htm%5Culta-20190504x10q.pdf",
        "periodicity": "periodic"
      },
      {
        "equity_ticker": "ULTA",
        "geography": "US",
        "content_name": "ULTA Q4 2019 10-K",
        "file_type": "pdf",
        "content_type": "annual_report",
        "published_date": "2019-04-02",
        "fiscal_date": "2019-02-02",
        "fiscal_year": 2019,
        "fiscal_quarter": 4,
        "r2_url": "https://pub-2c783279b61043e19fbdadd1bee5153a.r2.dev/ULTA/2019-04-02/ulta-20190202x10k.htm%5Culta-20190202x10k.pdf",
        "periodicity": "periodic"
      },
      {
        "equity_ticker": "ULTA",
        "geography": "US",
        "content_name": "ULTA Q3 2019 10-Q",
        "file_type": "pdf",
        "content_type": "quarterly_report",
        "published_date": "2018-12-06",
        "fiscal_date": "2018-11-03",
        "fiscal_year": 2019,
        "fiscal_quarter": 3,
        "r2_url": "https://pub-2c783279b61043e19fbdadd1bee5153a.r2.dev/ULTA/2018-12-06/ulta-20181103x10q.htm%5Culta-20181103x10q.pdf",
        "periodicity": "periodic"
      },
      {
        "equity_ticker": "ULTA",
        "geography": "US",
        "content_name": "ULTA Q2 2019 10-Q",
        "file_type": "pdf",
        "content_type": "quarterly_report",
        "published_date": "2018-08-30",
        "fiscal_date": "2018-08-04",
        "fiscal_year": 2019,
        "fiscal_quarter": 2,
        "r2_url": "https://pub-2c783279b61043e19fbdadd1bee5153a.r2.dev/ULTA/2018-08-30/ulta-20180804x10q.htm%5Culta-20180804x10q.pdf",
        "periodicity": "periodic"
      },
      {
        "equity_ticker": "ULTA",
        "geography": "US",
        "content_name": "ULTA Q1 2019 10-Q",
        "file_type": "pdf",
        "content_type": "quarterly_report",
        "published_date": "2018-06-01",
        "fiscal_date": "2018-05-05",
        "fiscal_year": 2019,
        "fiscal_quarter": 1,
        "r2_url": "https://pub-2c783279b61043e19fbdadd1bee5153a.r2.dev/ULTA/2018-06-01/ulta-20180505x10q.htm%5Culta-20180505x10q.pdf",
        "periodicity": "periodic"
      },
      {
        "equity_ticker": "ULTA",
        "geography": "US",
        "content_name": "ULTA Q4 2018 10-K",
        "file_type": "pdf",
        "content_type": "annual_report",
        "published_date": "2018-04-03",
        "fiscal_date": "2018-02-03",
        "fiscal_year": 2018,
        "fiscal_quarter": 4,
        "r2_url": "https://pub-2c783279b61043e19fbdadd1bee5153a.r2.dev/ULTA/2018-04-03/ulta-20180203x10k.htm%5Culta-20180203x10k.pdf",
        "periodicity": "periodic"
      },
      {
        "equity_ticker": "ULTA",
        "geography": "US",
        "content_name": "ULTA Q3 2018 10-Q",
        "file_type": "pdf",
        "content_type": "quarterly_report",
        "published_date": "2017-11-30",
        "fiscal_date": "2017-10-28",
        "fiscal_year": 2018,
        "fiscal_quarter": 3,
        "r2_url": "https://pub-2c783279b61043e19fbdadd1bee5153a.r2.dev/ULTA/2017-11-30/ulta-20171028x10q.htm%5Culta-20171028x10q.pdf",
        "periodicity": "periodic"
      },
      {
        "equity_ticker": "ULTA",
        "geography": "US",
        "content_name": "ULTA Q2 2018 10-Q",
        "file_type": "pdf",
        "content_type": "quarterly_report",
        "published_date": "2017-08-31",
        "fiscal_date": "2017-07-29",
        "fiscal_year": 2018,
        "fiscal_quarter": 2,
        "r2_url": "https://pub-2c783279b61043e19fbdadd1bee5153a.r2.dev/ULTA/2017-08-31/d377957d10q.htm%5Cd377957d10q.pdf",
        "periodicity": "periodic"
      },
      {
        "equity_ticker": "ULTA",
        "geography": "US",
        "content_name": "ULTA Q1 2018 10-Q",
        "file_type": "pdf",
        "content_type": "quarterly_report",
        "published_date": "2017-06-01",
        "fiscal_date": "2017-04-29",
        "fiscal_year": 2018,
        "fiscal_quarter": 1,
        "r2_url": "https://pub-2c783279b61043e19fbdadd1bee5153a.r2.dev/ULTA/2017-06-01/d383633d10q.htm%5Cd383633d10q.pdf",
        "periodicity": "periodic"
      },
      {
        "equity_ticker": "ULTA",
        "geography": "US",
        "content_name": "ULTA Q4 2017 10-K",
        "file_type": "pdf",
        "content_type": "annual_report",
        "published_date": "2017-03-28",
        "fiscal_date": "2017-01-28",
        "fiscal_year": 2017,
        "fiscal_quarter": 4,
        "r2_url": "https://pub-2c783279b61043e19fbdadd1bee5153a.r2.dev/ULTA/2017-03-28/d329810d10k.htm%5Cd329810d10k.pdf",
        "periodicity": "periodic"
      },
      {
        "equity_ticker": "ULTA",
        "geography": "US",
        "content_name": "ULTA Q3 2017 10-Q",
        "file_type": "pdf",
        "content_type": "quarterly_report",
        "published_date": "2016-12-01",
        "fiscal_date": "2016-10-29",
        "fiscal_year": 2017,
        "fiscal_quarter": 3,
        "r2_url": "https://pub-2c783279b61043e19fbdadd1bee5153a.r2.dev/ULTA/2016-12-01/d287538d10q.htm%5Cd287538d10q.pdf",
        "periodicity": "periodic"
      },
      {
        "equity_ticker": "ULTA",
        "geography": "US",
        "content_name": "ULTA Q2 2017 10-Q",
        "file_type": "pdf",
        "content_type": "quarterly_report",
        "published_date": "2016-08-25",
        "fiscal_date": "2016-07-30",
        "fiscal_year": 2017,
        "fiscal_quarter": 2,
        "r2_url": "https://pub-2c783279b61043e19fbdadd1bee5153a.r2.dev/ULTA/2016-08-25/d208916d10q.htm%5Cd208916d10q.pdf",
        "periodicity": "periodic"
      },
      {
        "equity_ticker": "ULTA",
        "geography": "US",
        "content_name": "ULTA Q1 2017 10-Q",
        "file_type": "pdf",
        "content_type": "quarterly_report",
        "published_date": "2016-06-02",
        "fiscal_date": "2016-04-30",
        "fiscal_year": 2017,
        "fiscal_quarter": 1,
        "r2_url": "https://pub-2c783279b61043e19fbdadd1bee5153a.r2.dev/ULTA/2016-06-02/d194350d10q.htm%5Cd194350d10q.pdf",
        "periodicity": "periodic"
      },
      {
        "equity_ticker": "ULTA",
        "geography": "US",
        "content_name": "ULTA Q4 2016 10-K",
        "file_type": "pdf",
        "content_type": "annual_report",
        "published_date": "2016-03-30",
        "fiscal_date": "2016-01-30",
        "fiscal_year": 2016,
        "fiscal_quarter": 4,
        "r2_url": "https://pub-2c783279b61043e19fbdadd1bee5153a.r2.dev/ULTA/2016-03-30/d101485d10k.htm%5Cd101485d10k.pdf",
        "periodicity": "periodic"
      },
      {
        "equity_ticker": "ULTA",
        "geography": "US",
        "content_name": "ULTA Q3 2016 10-Q",
        "file_type": "pdf",
        "content_type": "quarterly_report",
        "published_date": "2015-12-03",
        "fiscal_date": "2015-10-31",
        "fiscal_year": 2016,
        "fiscal_quarter": 3,
        "r2_url": "https://pub-2c783279b61043e19fbdadd1bee5153a.r2.dev/ULTA/2015-12-03/d26958d10q.htm%5Cd26958d10q.pdf",
        "periodicity": "periodic"
      },
      {
        "equity_ticker": "ULTA",
        "geography": "US",
        "content_name": "ULTA Q2 2016 10-Q",
        "file_type": "pdf",
        "content_type": "quarterly_report",
        "published_date": "2015-09-03",
        "fiscal_date": "2015-08-01",
        "fiscal_year": 2016,
        "fiscal_quarter": 2,
        "r2_url": "https://pub-2c783279b61043e19fbdadd1bee5153a.r2.dev/ULTA/2015-09-03/d67045d10q.htm%5Cd67045d10q.pdf",
        "periodicity": "periodic"
      },
      {
        "equity_ticker": "ULTA",
        "geography": "US",
        "content_name": "ULTA Q1 2016 10-Q",
        "file_type": "pdf",
        "content_type": "quarterly_report",
        "published_date": "2015-06-04",
        "fiscal_date": "2015-05-02",
        "fiscal_year": 2016,
        "fiscal_quarter": 1,
        "r2_url": "https://pub-2c783279b61043e19fbdadd1bee5153a.r2.dev/ULTA/2015-06-04/d914024d10q.htm%5Cd914024d10q.pdf",
        "periodicity": "periodic"
      },
      {
        "equity_ticker": "ULTA",
        "geography": "US",
        "content_name": "ULTA Q4 2015 10-K",
        "file_type": "pdf",
        "content_type": "annual_report",
        "published_date": "2015-04-01",
        "fiscal_date": "2015-01-31",
        "fiscal_year": 2015,
        "fiscal_quarter": 4,
        "r2_url": "https://pub-2c783279b61043e19fbdadd1bee5153a.r2.dev/ULTA/2015-04-01/d842591d10k.htm%5Cd842591d10k.pdf",
        "periodicity": "periodic"
      },
      {
        "equity_ticker": "ULTA",
        "geography": "US",
        "content_name": "ULTA Q3 2015 10-Q",
        "file_type": "pdf",
        "content_type": "quarterly_report",
        "published_date": "2014-12-04",
        "fiscal_date": "2014-11-01",
        "fiscal_year": 2015,
        "fiscal_quarter": 3,
        "r2_url": "https://pub-2c783279b61043e19fbdadd1bee5153a.r2.dev/ULTA/2014-12-04/d823754d10q.htm%5Cd823754d10q.pdf",
        "periodicity": "periodic"
      },
      {
        "equity_ticker": "ULTA",
        "geography": "US",
        "content_name": "ULTA Q2 2015 10-Q",
        "file_type": "pdf",
        "content_type": "quarterly_report",
        "published_date": "2014-09-11",
        "fiscal_date": "2014-08-02",
        "fiscal_year": 2015,
        "fiscal_quarter": 2,
        "r2_url": "https://pub-2c783279b61043e19fbdadd1bee5153a.r2.dev/ULTA/2014-09-11/d779314d10q.htm%5Cd779314d10q.pdf",
        "periodicity": "periodic"
      },
      {
        "equity_ticker": "ULTA",
        "geography": "US",
        "content_name": "ULTA Q1 2015 10-Q",
        "file_type": "pdf",
        "content_type": "quarterly_report",
        "published_date": "2014-06-10",
        "fiscal_date": "2014-05-03",
        "fiscal_year": 2015,
        "fiscal_quarter": 1,
        "r2_url": "https://pub-2c783279b61043e19fbdadd1bee5153a.r2.dev/ULTA/2014-06-10/d725605d10q.htm%5Cd725605d10q.pdf",
        "periodicity": "periodic"
      },
      {
        "equity_ticker": "ULTA",
        "geography": "US",
        "content_name": "ULTA Q4 2014 10-K",
        "file_type": "pdf",
        "content_type": "annual_report",
        "published_date": "2014-04-02",
        "fiscal_date": "2014-02-01",
        "fiscal_year": 2014,
        "fiscal_quarter": 4,
        "r2_url": "https://pub-2c783279b61043e19fbdadd1bee5153a.r2.dev/ULTA/2014-04-02/d661459d10k.htm%5Cd661459d10k.pdf",
        "periodicity": "periodic"
      },
      {
        "equity_ticker": "ULTA",
        "geography": "US",
        "content_name": "ULTA Q3 2014 10-Q",
        "file_type": "pdf",
        "content_type": "quarterly_report",
        "published_date": "2013-12-05",
        "fiscal_date": "2013-11-02",
        "fiscal_year": 2014,
        "fiscal_quarter": 3,
        "r2_url": "https://pub-2c783279b61043e19fbdadd1bee5153a.r2.dev/ULTA/2013-12-05/d623534d10q.htm%5Cd623534d10q.pdf",
        "periodicity": "periodic"
      },
      {
        "equity_ticker": "ULTA",
        "geography": "US",
        "content_name": "ULTA Q2 2014 10-Q",
        "file_type": "pdf",
        "content_type": "quarterly_report",
        "published_date": "2013-09-12",
        "fiscal_date": "2013-08-03",
        "fiscal_year": 2014,
        "fiscal_quarter": 2,
        "r2_url": "https://pub-2c783279b61043e19fbdadd1bee5153a.r2.dev/ULTA/2013-09-12/d582936d10q.htm%5Cd582936d10q.pdf",
        "periodicity": "periodic"
      },
      {
        "equity_ticker": "ULTA",
        "geography": "US",
        "content_name": "ULTA Q1 2014 10-Q",
        "file_type": "pdf",
        "content_type": "quarterly_report",
        "published_date": "2013-06-11",
        "fiscal_date": "2013-05-04",
        "fiscal_year": 2014,
        "fiscal_quarter": 1,
        "r2_url": "https://pub-2c783279b61043e19fbdadd1bee5153a.r2.dev/ULTA/2013-06-11/d535909d10q.htm%5Cd535909d10q.pdf",
        "periodicity": "periodic"
      },
      {
        "equity_ticker": "ULTA",
        "geography": "US",
        "content_name": "ULTA Q4 2013 10-K",
        "file_type": "pdf",
        "content_type": "annual_report",
        "published_date": "2013-04-03",
        "fiscal_date": "2013-02-02",
        "fiscal_year": 2013,
        "fiscal_quarter": 4,
        "r2_url": "https://pub-2c783279b61043e19fbdadd1bee5153a.r2.dev/ULTA/2013-04-03/d466694d10k.htm%5Cd466694d10k.pdf",
        "periodicity": "periodic"
      },
      {
        "equity_ticker": "ULTA",
        "geography": "US",
        "content_name": "ULTA Q3 2013 10-Q",
        "file_type": "pdf",
        "content_type": "quarterly_report",
        "published_date": "2012-11-29",
        "fiscal_date": "2012-10-27",
        "fiscal_year": 2013,
        "fiscal_quarter": 3,
        "r2_url": "https://pub-2c783279b61043e19fbdadd1bee5153a.r2.dev/ULTA/2012-11-29/d418173d10q.htm%5Cd418173d10q.pdf",
        "periodicity": "periodic"
      },
      {
        "equity_ticker": "ULTA",
        "geography": "US",
        "content_name": "ULTA Q2 2013 10-Q",
        "file_type": "pdf",
        "content_type": "quarterly_report",
        "published_date": "2012-09-06",
        "fiscal_date": "2012-07-28",
        "fiscal_year": 2013,
        "fiscal_quarter": 2,
        "r2_url": "https://pub-2c783279b61043e19fbdadd1bee5153a.r2.dev/ULTA/2012-09-06/d380346d10q.htm%5Cd380346d10q.pdf",
        "periodicity": "periodic"
      },
      {
        "equity_ticker": "ULTA",
        "geography": "US",
        "content_name": "ULTA Q1 2013 10-Q",
        "file_type": "pdf",
        "content_type": "quarterly_report",
        "published_date": "2012-06-05",
        "fiscal_date": "2012-04-28",
        "fiscal_year": 2013,
        "fiscal_quarter": 1,
        "r2_url": "https://pub-2c783279b61043e19fbdadd1bee5153a.r2.dev/ULTA/2012-06-05/d354441d10q.htm%5Cd354441d10q.pdf",
        "periodicity": "periodic"
      },
      {
        "equity_ticker": "ULTA",
        "geography": "US",
        "content_name": "ULTA Q4 2012 10-K",
        "file_type": "pdf",
        "content_type": "annual_report",
        "published_date": "2012-03-28",
        "fiscal_date": "2012-01-28",
        "fiscal_year": 2012,
        "fiscal_quarter": 4,
        "r2_url": "https://pub-2c783279b61043e19fbdadd1bee5153a.r2.dev/ULTA/2012-03-28/d265737d10k.htm%5Cd265737d10k.pdf",
        "periodicity": "periodic"
      },
      {
        "equity_ticker": "ULTA",
        "geography": "US",
        "content_name": "ULTA Q3 2012 10-Q",
        "file_type": "pdf",
        "content_type": "quarterly_report",
        "published_date": "2011-12-01",
        "fiscal_date": "2011-10-29",
        "fiscal_year": 2012,
        "fiscal_quarter": 3,
        "r2_url": "https://pub-2c783279b61043e19fbdadd1bee5153a.r2.dev/ULTA/2011-12-01/d237357d10q.htm%5Cd237357d10q.pdf",
        "periodicity": "periodic"
      },
      {
        "equity_ticker": "ULTA",
        "geography": "US",
        "content_name": "ULTA Q2 2012 10-Q",
        "file_type": "pdf",
        "content_type": "quarterly_report",
        "published_date": "2011-09-08",
        "fiscal_date": "2011-07-30",
        "fiscal_year": 2012,
        "fiscal_quarter": 2,
        "r2_url": "https://pub-2c783279b61043e19fbdadd1bee5153a.r2.dev/ULTA/2011-09-08/c65431e10vq.htm%5Cc65431e10vq.pdf",
        "periodicity": "periodic"
      },
      {
        "equity_ticker": "ULTA",
        "geography": "US",
        "content_name": "ULTA Q1 2012 10-Q",
        "file_type": "pdf",
        "content_type": "quarterly_report",
        "published_date": "2011-06-07",
        "fiscal_date": "2011-04-30",
        "fiscal_year": 2012,
        "fiscal_quarter": 1,
        "r2_url": "https://pub-2c783279b61043e19fbdadd1bee5153a.r2.dev/ULTA/2011-06-07/c64344e10vq.htm%5Cc64344e10vq.pdf",
        "periodicity": "periodic"
      },
      {
        "equity_ticker": "ULTA",
        "geography": "US",
        "content_name": "ULTA Q4 2011 10-K",
        "file_type": "pdf",
        "content_type": "annual_report",
        "published_date": "2011-03-30",
        "fiscal_date": "2011-01-29",
        "fiscal_year": 2011,
        "fiscal_quarter": 4,
        "r2_url": "https://pub-2c783279b61043e19fbdadd1bee5153a.r2.dev/ULTA/2011-03-30/c63694e10vk.htm%5Cc63694e10vk.pdf",
        "periodicity": "periodic"
      },
      {
        "equity_ticker": "ULTA",
        "geography": "US",
        "content_name": "ULTA Q3 2011 10-Q",
        "file_type": "pdf",
        "content_type": "quarterly_report",
        "published_date": "2010-12-02",
        "fiscal_date": "2010-10-30",
        "fiscal_year": 2011,
        "fiscal_quarter": 3,
        "r2_url": "https://pub-2c783279b61043e19fbdadd1bee5153a.r2.dev/ULTA/2010-12-02/c61584e10vq.htm%5Cc61584e10vq.pdf",
        "periodicity": "periodic"
      },
      {
        "equity_ticker": "ULTA",
        "geography": "US",
        "content_name": "ULTA Q2 2011 10-Q",
        "file_type": "pdf",
        "content_type": "quarterly_report",
        "published_date": "2010-09-02",
        "fiscal_date": "2010-07-31",
        "fiscal_year": 2011,
        "fiscal_quarter": 2,
        "r2_url": "https://pub-2c783279b61043e19fbdadd1bee5153a.r2.dev/ULTA/2010-09-02/c60062e10vq.htm%5Cc60062e10vq.pdf",
        "periodicity": "periodic"
      },
      {
        "equity_ticker": "ULTA",
        "geography": "US",
        "content_name": "ULTA Q1 2011 10-Q",
        "file_type": "pdf",
        "content_type": "quarterly_report",
        "published_date": "2010-06-03",
        "fiscal_date": "2010-05-01",
        "fiscal_year": 2011,
        "fiscal_quarter": 1,
        "r2_url": "https://pub-2c783279b61043e19fbdadd1bee5153a.r2.dev/ULTA/2010-06-03/c58527e10vq.htm%5Cc58527e10vq.pdf",
        "periodicity": "periodic"
      },
      {
        "equity_ticker": "ULTA",
        "geography": "US",
        "content_name": "ULTA Q4 2010 10-K",
        "file_type": "pdf",
        "content_type": "annual_report",
        "published_date": "2010-03-31",
        "fiscal_date": "2010-01-30",
        "fiscal_year": 2010,
        "fiscal_quarter": 4,
        "r2_url": "https://pub-2c783279b61043e19fbdadd1bee5153a.r2.dev/ULTA/2010-03-31/c57102e10vk.htm%5Cc57102e10vk.pdf",
        "periodicity": "periodic"
      },
      {
        "equity_ticker": "ULTA",
        "geography": "US",
        "content_name": "ULTA Q3 2010 10-Q",
        "file_type": "pdf",
        "content_type": "quarterly_report",
        "published_date": "2009-12-10",
        "fiscal_date": "2009-10-31",
        "fiscal_year": 2010,
        "fiscal_quarter": 3,
        "r2_url": "https://pub-2c783279b61043e19fbdadd1bee5153a.r2.dev/ULTA/2009-12-10/c55038e10vq.htm%5Cc55038e10vq.pdf",
        "periodicity": "periodic"
      },
      {
        "equity_ticker": "ULTA",
        "geography": "US",
        "content_name": "ULTA Q2 2010 10-Q",
        "file_type": "pdf",
        "content_type": "quarterly_report",
        "published_date": "2009-09-10",
        "fiscal_date": "2009-08-01",
        "fiscal_year": 2010,
        "fiscal_quarter": 2,
        "r2_url": "https://pub-2c783279b61043e19fbdadd1bee5153a.r2.dev/ULTA/2009-09-10/c53520e10vq.htm%5Cc53520e10vq.pdf",
        "periodicity": "periodic"
      },
      {
        "equity_ticker": "ULTA",
        "geography": "US",
        "content_name": "ULTA Q1 2010 10-Q",
        "file_type": "pdf",
        "content_type": "quarterly_report",
        "published_date": "2009-06-11",
        "fiscal_date": "2009-05-02",
        "fiscal_year": 2010,
        "fiscal_quarter": 1,
        "r2_url": "https://pub-2c783279b61043e19fbdadd1bee5153a.r2.dev/ULTA/2009-06-11/c51798e10vq.htm%5Cc51798e10vq.pdf",
        "periodicity": "periodic"
      },
      {
        "equity_ticker": "ULTA",
        "geography": "US",
        "content_name": "ULTA Q4 2009 10-K",
        "file_type": "pdf",
        "content_type": "annual_report",
        "published_date": "2009-04-02",
        "fiscal_date": "2009-01-31",
        "fiscal_year": 2009,
        "fiscal_quarter": 4,
        "r2_url": "https://pub-2c783279b61043e19fbdadd1bee5153a.r2.dev/ULTA/2009-04-02/c50340e10vk.htm%5Cc50340e10vk.pdf",
        "periodicity": "periodic"
      },
      {
        "equity_ticker": "ULTA",
        "geography": "US",
        "content_name": "ULTA Q3 2009 10-Q",
        "file_type": "pdf",
        "content_type": "quarterly_report",
        "published_date": "2008-12-10",
        "fiscal_date": "2008-11-01",
        "fiscal_year": 2009,
        "fiscal_quarter": 3,
        "r2_url": "https://pub-2c783279b61043e19fbdadd1bee5153a.r2.dev/ULTA/2008-12-10/c48130e10vq.htm%5Cc48130e10vq.pdf",
        "periodicity": "periodic"
      },
      {
        "equity_ticker": "ULTA",
        "geography": "US",
        "content_name": "ULTA Q2 2009 10-Q",
        "file_type": "pdf",
        "content_type": "quarterly_report",
        "published_date": "2008-09-10",
        "fiscal_date": "2008-08-02",
        "fiscal_year": 2009,
        "fiscal_quarter": 2,
        "r2_url": "https://pub-2c783279b61043e19fbdadd1bee5153a.r2.dev/ULTA/2008-09-10/c35421e10vq.htm%5Cc35421e10vq.pdf",
        "periodicity": "periodic"
      },
      {
        "equity_ticker": "ULTA",
        "geography": "US",
        "content_name": "ULTA Q1 2009 10-Q",
        "file_type": "pdf",
        "content_type": "quarterly_report",
        "published_date": "2008-06-16",
        "fiscal_date": "2008-05-03",
        "fiscal_year": 2009,
        "fiscal_quarter": 1,
        "r2_url": "https://pub-2c783279b61043e19fbdadd1bee5153a.r2.dev/ULTA/2008-06-16/c27351e10vq.htm%5Cc27351e10vq.pdf",
        "periodicity": "periodic"
      },
      {
        "equity_ticker": "ULTA",
        "geography": "US",
        "content_name": "ULTA Q4 2008 10-K",
        "file_type": "pdf",
        "content_type": "annual_report",
        "published_date": "2008-04-16",
        "fiscal_date": "2008-02-02",
        "fiscal_year": 2008,
        "fiscal_quarter": 4,
        "r2_url": "https://pub-2c783279b61043e19fbdadd1bee5153a.r2.dev/ULTA/2008-04-16/c25684e10vk.htm%5Cc25684e10vk.pdf",
        "periodicity": "periodic"
      },
      {
        "equity_ticker": "ULTA",
        "geography": "US",
        "content_name": "ULTA Q3 2008 10-Q",
        "file_type": "pdf",
        "content_type": "quarterly_report",
        "published_date": "2007-12-13",
        "fiscal_date": "2007-11-03",
        "fiscal_year": 2008,
        "fiscal_quarter": 3,
        "r2_url": "https://pub-2c783279b61043e19fbdadd1bee5153a.r2.dev/ULTA/2007-12-13/c22245e10vq.htm%5Cc22245e10vq.pdf",
        "periodicity": "periodic"
      }
]