[
  {
    "equity_ticker": "ACI",
    "geography": "US",
    "content_name": "ACI Q3 2025 10-Q",
    "file_type": "pdf",
    "content_type": "quarterly_report",
    "published_date": "2025-01-08",
    "fiscal_date": "2024-11-30",
    "fiscal_year": 2025,
    "fiscal_quarter": 3,
    "r2_url": "https://pub-2c783279b61043e19fbdadd1bee5153a.r2.dev/ACI/2025-01-08/aci-20241130.htm/aci-20241130.pdf",
    "periodicity": "periodic"
  },
  {
    "equity_ticker": "ACI",
    "geography": "US",
    "content_name": "ACI Q2 2025 10-Q",
    "file_type": "pdf",
    "content_type": "quarterly_report",
    "published_date": "2024-10-15",
    "fiscal_date": "2024-09-07",
    "fiscal_year": 2025,
    "fiscal_quarter": 2,
    "r2_url": "https://pub-2c783279b61043e19fbdadd1bee5153a.r2.dev/ACI/2024-10-15/aci-20240907.htm/aci-20240907.pdf",
    "periodicity": "periodic"
  },
  {
    "equity_ticker": "ACI",
    "geography": "US",
    "content_name": "ACI Q1 2025 10-Q",
    "file_type": "pdf",
    "content_type": "quarterly_report",
    "published_date": "2024-07-23",
    "fiscal_date": "2024-06-15",
    "fiscal_year": 2025,
    "fiscal_quarter": 1,
    "r2_url": "https://pub-2c783279b61043e19fbdadd1bee5153a.r2.dev/ACI/2024-07-23/aci-20240615.htm/aci-20240615.pdf",
    "periodicity": "periodic"
  },
  {
    "equity_ticker": "ACI",
    "geography": "US",
    "content_name": "ACI Q4 2024 10-K",
    "file_type": "pdf",
    "content_type": "annual_report",
    "published_date": "2024-04-22",
    "fiscal_date": "2024-02-24",
    "fiscal_year": 2024,
    "fiscal_quarter": 4,
    "r2_url": "https://pub-2c783279b61043e19fbdadd1bee5153a.r2.dev/ACI/2024-04-22/aci-20240224.htm/aci-20240224.pdf",
    "periodicity": "periodic"
  },
  {
    "equity_ticker": "ACI",
    "geography": "US",
    "content_name": "ACI Q3 2024 10-Q",
    "file_type": "pdf",
    "content_type": "quarterly_report",
    "published_date": "2024-01-09",
    "fiscal_date": "2023-12-02",
    "fiscal_year": 2024,
    "fiscal_quarter": 3,
    "r2_url": "https://pub-2c783279b61043e19fbdadd1bee5153a.r2.dev/ACI/2024-01-09/aci-20231202.htm/aci-20231202.pdf",
    "periodicity": "periodic"
  },
  {
    "equity_ticker": "ACI",
    "geography": "US",
    "content_name": "ACI Q2 2024 10-Q",
    "file_type": "pdf",
    "content_type": "quarterly_report",
    "published_date": "2023-10-17",
    "fiscal_date": "2023-09-09",
    "fiscal_year": 2024,
    "fiscal_quarter": 2,
    "r2_url": "https://pub-2c783279b61043e19fbdadd1bee5153a.r2.dev/ACI/2023-10-17/aci-20230909.htm/aci-20230909.pdf",
    "periodicity": "periodic"
  },
  {
    "equity_ticker": "ACI",
    "geography": "US",
    "content_name": "ACI Q1 2024 10-Q",
    "file_type": "pdf",
    "content_type": "quarterly_report",
    "published_date": "2023-07-25",
    "fiscal_date": "2023-06-17",
    "fiscal_year": 2024,
    "fiscal_quarter": 1,
    "r2_url": "https://pub-2c783279b61043e19fbdadd1bee5153a.r2.dev/ACI/2023-07-25/aci-20230617.htm/aci-20230617.pdf",
    "periodicity": "periodic"
  },
  {
    "equity_ticker": "ACI",
    "geography": "US",
    "content_name": "ACI Q4 2023 10-K",
    "file_type": "pdf",
    "content_type": "annual_report",
    "published_date": "2023-04-25",
    "fiscal_date": "2023-02-25",
    "fiscal_year": 2023,
    "fiscal_quarter": 4,
    "r2_url": "https://pub-2c783279b61043e19fbdadd1bee5153a.r2.dev/ACI/2023-04-25/aci-20230225.htm/aci-20230225.pdf",
    "periodicity": "periodic"
  },
  {
    "equity_ticker": "ACI",
    "geography": "US",
    "content_name": "ACI Q3 2023 10-Q",
    "file_type": "pdf",
    "content_type": "quarterly_report",
    "published_date": "2023-01-10",
    "fiscal_date": "2022-12-03",
    "fiscal_year": 2023,
    "fiscal_quarter": 3,
    "r2_url": "https://pub-2c783279b61043e19fbdadd1bee5153a.r2.dev/ACI/2023-01-10/aci-20221203.htm/aci-20221203.pdf",
    "periodicity": "periodic"
  },
  {
    "equity_ticker": "ACI",
    "geography": "US",
    "content_name": "ACI Q2 2023 10-Q",
    "file_type": "pdf",
    "content_type": "quarterly_report",
    "published_date": "2022-10-18",
    "fiscal_date": "2022-09-10",
    "fiscal_year": 2023,
    "fiscal_quarter": 2,
    "r2_url": "https://pub-2c783279b61043e19fbdadd1bee5153a.r2.dev/ACI/2022-10-18/aci-20220910.htm/aci-20220910.pdf",
    "periodicity": "periodic"
  },
  {
    "equity_ticker": "ACI",
    "geography": "US",
    "content_name": "ACI Q1 2023 10-Q",
    "file_type": "pdf",
    "content_type": "quarterly_report",
    "published_date": "2022-07-26",
    "fiscal_date": "2022-06-18",
    "fiscal_year": 2023,
    "fiscal_quarter": 1,
    "r2_url": "https://pub-2c783279b61043e19fbdadd1bee5153a.r2.dev/ACI/2022-07-26/aci-20220618.htm/aci-20220618.pdf",
    "periodicity": "periodic"
  },
  {
    "equity_ticker": "ACI",
    "geography": "US",
    "content_name": "ACI Q4 2022 10-K",
    "file_type": "pdf",
    "content_type": "annual_report",
    "published_date": "2022-04-26",
    "fiscal_date": "2022-02-26",
    "fiscal_year": 2022,
    "fiscal_quarter": 4,
    "r2_url": "https://pub-2c783279b61043e19fbdadd1bee5153a.r2.dev/ACI/2022-04-26/aci-20220226.htm/aci-20220226.pdf",
    "periodicity": "periodic"
  },
  {
    "equity_ticker": "ACI",
    "geography": "US",
    "content_name": "ACI Q3 2022 10-Q",
    "file_type": "pdf",
    "content_type": "quarterly_report",
    "published_date": "2022-01-12",
    "fiscal_date": "2021-12-04",
    "fiscal_year": 2022,
    "fiscal_quarter": 3,
    "r2_url": "https://pub-2c783279b61043e19fbdadd1bee5153a.r2.dev/ACI/2022-01-12/aci-20211204.htm/aci-20211204.pdf",
    "periodicity": "periodic"
  },
  {
    "equity_ticker": "ACI",
    "geography": "US",
    "content_name": "ACI Q2 2022 10-Q",
    "file_type": "pdf",
    "content_type": "quarterly_report",
    "published_date": "2021-10-20",
    "fiscal_date": "2021-09-11",
    "fiscal_year": 2022,
    "fiscal_quarter": 2,
    "r2_url": "https://pub-2c783279b61043e19fbdadd1bee5153a.r2.dev/ACI/2021-10-20/aci-20210911.htm/aci-20210911.pdf",
    "periodicity": "periodic"
  },
  {
    "equity_ticker": "ACI",
    "geography": "US",
    "content_name": "ACI Q1 2022 10-Q",
    "file_type": "pdf",
    "content_type": "quarterly_report",
    "published_date": "2021-07-29",
    "fiscal_date": "2021-06-19",
    "fiscal_year": 2022,
    "fiscal_quarter": 1,
    "r2_url": "https://pub-2c783279b61043e19fbdadd1bee5153a.r2.dev/ACI/2021-07-29/aci-20210619.htm/aci-20210619.pdf",
    "periodicity": "periodic"
  },
  {
    "equity_ticker": "ACI",
    "geography": "US",
    "content_name": "ACI Q4 2021 10-K",
    "file_type": "pdf",
    "content_type": "annual_report",
    "published_date": "2021-04-28",
    "fiscal_date": "2021-02-27",
    "fiscal_year": 2021,
    "fiscal_quarter": 4,
    "r2_url": "https://pub-2c783279b61043e19fbdadd1bee5153a.r2.dev/ACI/2021-04-28/aci-20210227.htm/aci-20210227.pdf",
    "periodicity": "periodic"
  },
  {
    "equity_ticker": "ACI",
    "geography": "US",
    "content_name": "ACI Q3 2021 10-Q",
    "file_type": "pdf",
    "content_type": "quarterly_report",
    "published_date": "2021-01-13",
    "fiscal_date": "2020-12-05",
    "fiscal_year": 2021,
    "fiscal_quarter": 3,
    "r2_url": "https://pub-2c783279b61043e19fbdadd1bee5153a.r2.dev/ACI/2021-01-13/aci-20201205.htm/aci-20201205.pdf",
    "periodicity": "periodic"
  },
  {
    "equity_ticker": "ACI",
    "geography": "US",
    "content_name": "ACI Q2 2021 10-Q",
    "file_type": "pdf",
    "content_type": "quarterly_report",
    "published_date": "2020-10-21",
    "fiscal_date": "2020-09-12",
    "fiscal_year": 2021,
    "fiscal_quarter": 2,
    "r2_url": "https://pub-2c783279b61043e19fbdadd1bee5153a.r2.dev/ACI/2020-10-21/aci-20200912.htm/aci-20200912.pdf",
    "periodicity": "periodic"
  },
  {
    "equity_ticker": "ACI",
    "geography": "US",
    "content_name": "ACI Q1 2021 10-Q",
    "file_type": "pdf",
    "content_type": "quarterly_report",
    "published_date": "2020-08-04",
    "fiscal_date": "2020-06-20",
    "fiscal_year": 2021,
    "fiscal_quarter": 1,
    "r2_url": "https://pub-2c783279b61043e19fbdadd1bee5153a.r2.dev/ACI/2020-08-04/aciq1-2010xq.htm/ix.pdf",
    "periodicity": "periodic"
  },
  {
    "equity_ticker": "ACI",
    "geography": "US",
    "content_name": "ACI Q4 2020 10-K",
    "file_type": "pdf",
    "content_type": "annual_report",
    "published_date": "2020-05-13",
    "fiscal_date": "2020-02-29",
    "fiscal_year": 2020,
    "fiscal_quarter": 4,
    "r2_url": "https://pub-2c783279b61043e19fbdadd1bee5153a.r2.dev/ACI/2020-05-13/acify1910-k.htm/ix.pdf",
    "periodicity": "periodic"
  },
  {
    "equity_ticker": "ACI",
    "geography": "US",
    "content_name": "ACI Q3 2020 10-Q",
    "file_type": "pdf",
    "content_type": "quarterly_report",
    "published_date": "2020-01-08",
    "fiscal_date": "2019-11-30",
    "fiscal_year": 2020,
    "fiscal_quarter": 3,
    "r2_url": "https://pub-2c783279b61043e19fbdadd1bee5153a.r2.dev/ACI/2020-01-08/aciq3-1910xq.htm/ix.pdf",
    "periodicity": "periodic"
  },
  {
    "equity_ticker": "ACI",
    "geography": "US",
    "content_name": "ACI Q2 2020 10-Q",
    "file_type": "pdf",
    "content_type": "quarterly_report",
    "published_date": "2019-10-16",
    "fiscal_date": "2019-09-07",
    "fiscal_year": 2020,
    "fiscal_quarter": 2,
    "r2_url": "https://pub-2c783279b61043e19fbdadd1bee5153a.r2.dev/ACI/2019-10-16/aciq2-1910xq.htm/ix.pdf",
    "periodicity": "periodic"
  },
  {
    "equity_ticker": "ACI",
    "geography": "US",
    "content_name": "ACI Q1 2020 10-Q",
    "file_type": "pdf",
    "content_type": "quarterly_report",
    "published_date": "2019-07-24",
    "fiscal_date": "2019-06-15",
    "fiscal_year": 2020,
    "fiscal_quarter": 1,
    "r2_url": "https://pub-2c783279b61043e19fbdadd1bee5153a.r2.dev/ACI/2019-07-24/aciq1-1910xq.htm/ix.pdf",
    "periodicity": "periodic"
  },
  {
    "equity_ticker": "ACI",
    "geography": "US",
    "content_name": "ACI Q4 2019 10-K",
    "file_type": "pdf",
    "content_type": "annual_report",
    "published_date": "2019-04-24",
    "fiscal_date": "2019-02-23",
    "fiscal_year": 2019,
    "fiscal_quarter": 4,
    "r2_url": "https://pub-2c783279b61043e19fbdadd1bee5153a.r2.dev/ACI/2019-04-24/acify1810-k.htm/ix.pdf",
    "periodicity": "periodic"
  },
  {
    "equity_ticker": "ACI",
    "geography": "US",
    "content_name": "ACI Q3 2019 10-Q",
    "file_type": "pdf",
    "content_type": "quarterly_report",
    "published_date": "2019-01-14",
    "fiscal_date": "2018-12-01",
    "fiscal_year": 2019,
    "fiscal_quarter": 3,
    "r2_url": "https://pub-2c783279b61043e19fbdadd1bee5153a.r2.dev/ACI/2019-01-14/aciq3-1810xq.htm/ix.pdf",
    "periodicity": "periodic"
  },
  {
    "equity_ticker": "ACI",
    "geography": "US",
    "content_name": "ACI Q2 2019 10-Q",
    "file_type": "pdf",
    "content_type": "quarterly_report",
    "published_date": "2018-10-18",
    "fiscal_date": "2018-09-08",
    "fiscal_year": 2019,
    "fiscal_quarter": 2,
    "r2_url": "https://pub-2c783279b61043e19fbdadd1bee5153a.r2.dev/ACI/2018-10-18/aciq2-1810xq.htm/ix.pdf",
    "periodicity": "periodic"
  },
  {
    "equity_ticker": "ACI",
    "geography": "US",
    "content_name": "ACI Q1 2019 10-Q",
    "file_type": "pdf",
    "content_type": "quarterly_report",
    "published_date": "2018-07-25",
    "fiscal_date": "2018-06-16",
    "fiscal_year": 2019,
    "fiscal_quarter": 1,
    "r2_url": "https://pub-2c783279b61043e19fbdadd1bee5153a.r2.dev/ACI/2018-07-25/aciq1-18stmt.htm/aciq1-18stmt.pdf",
    "periodicity": "periodic"
  },
  {
    "equity_ticker": "ACI",
    "geography": "US",
    "content_name": "ACI Q4 2018 10-K",
    "file_type": "pdf",
    "content_type": "annual_report",
    "published_date": "2018-05-11",
    "fiscal_date": "2018-02-24",
    "fiscal_year": 2018,
    "fiscal_quarter": 4,
    "r2_url": "https://pub-2c783279b61043e19fbdadd1bee5153a.r2.dev/ACI/2018-05-11/acify1710-k.htm/acify1710-k.pdf",
    "periodicity": "periodic"
  },
  {
    "equity_ticker": "ACI",
    "geography": "US",
    "content_name": "ACI Q4 2025 Transcript",
    "file_type": "pdf",
    "content_type": "earnings_transcript",
    "published_date": "2025-04-15",
    "fiscal_date": "2025-04-15",
    "fiscal_year": 2025,
    "fiscal_quarter": 4,
    "r2_url": "https://pub-2c783279b61043e19fbdadd1bee5153a.r2.dev/ACI/2025-04-15/Albertsons%20Companies%2C%20Inc._2025-04-15_transcript/Albertsons%20Companies%2C%20Inc._2025-04-15_transcript.pdf/Albertsons%20Companies%2C%20Inc._2025-04-15_transcript.pdf",
    "periodicity": "periodic"
  },
  {
    "equity_ticker": "ACI",
    "geography": "US",
    "content_name": "ACI Q4 2025 Press Release",
    "file_type": "pdf",
    "content_type": "earnings_press_release",
    "published_date": "2025-04-15",
    "fiscal_date": "2025-04-15",
    "fiscal_year": 2025,
    "fiscal_quarter": 4,
    "r2_url": "https://pub-2c783279b61043e19fbdadd1bee5153a.r2.dev/ACI/2025-04-15/09bd0-2025-04-15-11-24-32/09bd0-2025-04-15-11-24-32.pdf/09bd0-2025-04-15-11-24-32.pdf",
    "periodicity": "periodic"
  },
  {
    "equity_ticker": "ACI",
    "geography": "US",
    "content_name": "ACI Q3 2024 Transcript",
    "file_type": "pdf",
    "content_type": "earnings_transcript",
    "published_date": "2025-01-08",
    "fiscal_date": "2025-01-08",
    "fiscal_year": 2024,
    "fiscal_quarter": 3,
    "r2_url": "https://pub-2c783279b61043e19fbdadd1bee5153a.r2.dev/ACI/2025-01-08/Albertsons%20Companies%2C%20Inc._2025-01-08_transcript/Albertsons%20Companies%2C%20Inc._2025-01-08_transcript.pdf/Albertsons%20Companies%2C%20Inc._2025-01-08_transcript.pdf",
    "periodicity": "periodic"
  },
  {
    "equity_ticker": "ACI",
    "geography": "US",
    "content_name": "ACI Q3 2024 Press Release",
    "file_type": "pdf",
    "content_type": "earnings_press_release",
    "published_date": "2025-01-08",
    "fiscal_date": "2025-01-08",
    "fiscal_year": 2024,
    "fiscal_quarter": 3,
    "r2_url": "https://pub-2c783279b61043e19fbdadd1bee5153a.r2.dev/ACI/2025-01-08/6ef6c-2025-01-08-12-24-33/6ef6c-2025-01-08-12-24-33.pdf/6ef6c-2025-01-08-12-24-33.pdf",
    "periodicity": "periodic"
  },
  {
    "equity_ticker": "ACI",
    "geography": "US",
    "content_name": "ACI Q4 2024 Transcript",
    "file_type": "pdf",
    "content_type": "earnings_transcript",
    "published_date": "2024-04-22",
    "fiscal_date": "2024-04-22",
    "fiscal_year": 2024,
    "fiscal_quarter": 4,
    "r2_url": "https://pub-2c783279b61043e19fbdadd1bee5153a.r2.dev/ACI/2024-04-22/Albertsons%20Companies%2C%20Inc._2024-04-22_transcript/Albertsons%20Companies%2C%20Inc._2024-04-22_transcript.pdf/Albertsons%20Companies%2C%20Inc._2024-04-22_transcript.pdf",
    "periodicity": "periodic"
  },
  {
    "equity_ticker": "ACI",
    "geography": "US",
    "content_name": "ACI Q4 2024 Press Release",
    "file_type": "pdf",
    "content_type": "annual_report",
    "published_date": "2024-04-22",
    "fiscal_date": "2024-04-22",
    "fiscal_year": 2024,
    "fiscal_quarter": 4,
    "r2_url": "https://pub-2c783279b61043e19fbdadd1bee5153a.r2.dev/ACI/2024-04-22/2a239-2024-04-22-12-24-37/2a239-2024-04-22-12-24-37.pdf/2a239-2024-04-22-12-24-37.pdf",
    "periodicity": "periodic"
  },
  {
    "equity_ticker": "ACI",
    "geography": "US",
    "content_name": "ACI Q1 2023 Transcript",
    "file_type": "pdf",
    "content_type": "earnings_transcript",
    "published_date": "2023-07-25",
    "fiscal_date": "2023-07-25",
    "fiscal_year": 2023,
    "fiscal_quarter": 1,
    "r2_url": "https://pub-2c783279b61043e19fbdadd1bee5153a.r2.dev/ACI/2023-07-25/Albertsons%20Companies%2C%20Inc._2023-07-25_transcript/Albertsons%20Companies%2C%20Inc._2023-07-25_transcript.pdf/Albertsons%20Companies%2C%20Inc._2023-07-25_transcript.pdf",
    "periodicity": "periodic"
  },
  {
    "equity_ticker": "ACI",
    "geography": "US",
    "content_name": "ACI Q1 2023 Press Release",
    "file_type": "pdf",
    "content_type": "earnings_press_release",
    "published_date": "2023-07-25",
    "fiscal_date": "2023-07-25",
    "fiscal_year": 2023,
    "fiscal_quarter": 1,
    "r2_url": "https://pub-2c783279b61043e19fbdadd1bee5153a.r2.dev/ACI/2023-07-25/174da-2023-07-25-12-53-33/174da-2023-07-25-12-53-33.pdf/174da-2023-07-25-12-53-33.pdf",
    "periodicity": "periodic"
  },
  {
    "equity_ticker": "ACI",
    "geography": "US",
    "content_name": "ACI Q4 2022 Transcript",
    "file_type": "pdf",
    "content_type": "earnings_transcript",
    "published_date": "2023-04-11",
    "fiscal_date": "2023-04-11",
    "fiscal_year": 2022,
    "fiscal_quarter": 4,
    "r2_url": "https://pub-2c783279b61043e19fbdadd1bee5153a.r2.dev/ACI/2023-04-11/Albertsons%20Companies%2C%20Inc._2023-04-11_transcript/Albertsons%20Companies%2C%20Inc._2023-04-11_transcript.pdf/Albertsons%20Companies%2C%20Inc._2023-04-11_transcript.pdf",
    "periodicity": "periodic"
  },
  {
    "equity_ticker": "ACI",
    "geography": "US",
    "content_name": "ACI Q4 2022 Press Release",
    "file_type": "pdf",
    "content_type": "earnings_press_release",
    "published_date": "2023-04-11",
    "fiscal_date": "2023-04-11",
    "fiscal_year": 2022,
    "fiscal_quarter": 4,
    "r2_url": "https://pub-2c783279b61043e19fbdadd1bee5153a.r2.dev/ACI/2023-04-11/1b52b-2023-06-15-05-41-14/1b52b-2023-06-15-05-41-14.pdf/1b52b-2023-06-15-05-41-14.pdf",
    "periodicity": "periodic"
  },
  {
    "equity_ticker": "ACI",
    "geography": "US",
    "content_name": "ACI Q3 2022 Transcript",
    "file_type": "pdf",
    "content_type": "earnings_transcript",
    "published_date": "2023-01-10",
    "fiscal_date": "2023-01-10",
    "fiscal_year": 2022,
    "fiscal_quarter": 3,
    "r2_url": "https://pub-2c783279b61043e19fbdadd1bee5153a.r2.dev/ACI/2023-01-10/Albertsons%20Companies%2C%20Inc._2023-01-10_transcript/Albertsons%20Companies%2C%20Inc._2023-01-10_transcript.pdf/Albertsons%20Companies%2C%20Inc._2023-01-10_transcript.pdf",
    "periodicity": "periodic"
  },
  {
    "equity_ticker": "ACI",
    "geography": "US",
    "content_name": "ACI Q3 2022 Press Release",
    "file_type": "pdf",
    "content_type": "earnings_press_release",
    "published_date": "2023-01-10",
    "fiscal_date": "2023-01-10",
    "fiscal_year": 2022,
    "fiscal_quarter": 3,
    "r2_url": "https://pub-2c783279b61043e19fbdadd1bee5153a.r2.dev/ACI/2023-01-10/f9c1e-2023-03-29-10-54-54/f9c1e-2023-03-29-10-54-54.pdf/f9c1e-2023-03-29-10-54-54.pdf",
    "periodicity": "periodic"
  },
  {
    "equity_ticker": "ACI",
    "geography": "US",
    "content_name": "ACI Q2 2022 Transcript",
    "file_type": "pdf",
    "content_type": "earnings_transcript",
    "published_date": "2022-10-18",
    "fiscal_date": "2022-10-18",
    "fiscal_year": 2022,
    "fiscal_quarter": 2,
    "r2_url": "https://pub-2c783279b61043e19fbdadd1bee5153a.r2.dev/ACI/2022-10-18/Albertsons%20Companies%2C%20Inc._2022-10-18_transcript/Albertsons%20Companies%2C%20Inc._2022-10-18_transcript.pdf/Albertsons%20Companies%2C%20Inc._2022-10-18_transcript.pdf",
    "periodicity": "periodic"
  },
  {
    "equity_ticker": "ACI",
    "geography": "US",
    "content_name": "ACI Q2 2022 Press Release",
    "file_type": "pdf",
    "content_type": "quarterly_report",
    "published_date": "2022-10-18",
    "fiscal_date": "2022-10-18",
    "fiscal_year": 2022,
    "fiscal_quarter": 2,
    "r2_url": "https://pub-2c783279b61043e19fbdadd1bee5153a.r2.dev/ACI/2022-10-18/190e0-2024-08-30-05-18-24/190e0-2024-08-30-05-18-24.pdf/190e0-2024-08-30-05-18-24.pdf",
    "periodicity": "periodic"
  },
  {
    "equity_ticker": "ACI",
    "geography": "US",
    "content_name": "M&A Announcement - October 14, 2022",
    "file_type": "pdf",
    "content_type": "company_conference_transcript",
    "published_date": "2022-10-14",
    "fiscal_date": "2022-10-14",
    "fiscal_year": null,
    "fiscal_quarter": null,
    "r2_url": "https://pub-2c783279b61043e19fbdadd1bee5153a.r2.dev/ACI/2022-10-14/Albertsons%20Companies%2C%20Inc._2022-10-14_transcript/Albertsons%20Companies%2C%20Inc._2022-10-14_transcript.pdf/Albertsons%20Companies%2C%20Inc._2022-10-14_transcript.pdf",
    "periodicity": "non_periodic"
  },
  {
    "equity_ticker": "ACI",
    "geography": "US",
    "content_name": "M&A Announcement - October 14, 2022",
    "file_type": "pdf",
    "content_type": "company_conference_presentation",
    "published_date": "2022-10-14",
    "fiscal_date": "2022-10-14",
    "fiscal_year": null,
    "fiscal_quarter": null,
    "r2_url": "https://pub-2c783279b61043e19fbdadd1bee5153a.r2.dev/ACI/2022-10-14/7dffb-2024-07-04-09-04-17/7dffb-2024-07-04-09-04-17.pdf/7dffb-2024-07-04-09-04-17.pdf",
    "periodicity": "non_periodic"
  },
  {
    "equity_ticker": "ACI",
    "geography": "US",
    "content_name": "ACI Q1 2022 Transcript",
    "file_type": "pdf",
    "content_type": "earnings_transcript",
    "published_date": "2022-07-26",
    "fiscal_date": "2022-07-26",
    "fiscal_year": 2022,
    "fiscal_quarter": 1,
    "r2_url": "https://pub-2c783279b61043e19fbdadd1bee5153a.r2.dev/ACI/2022-07-26/Albertsons%20Companies%2C%20Inc._2022-07-26_transcript/Albertsons%20Companies%2C%20Inc._2022-07-26_transcript.pdf/Albertsons%20Companies%2C%20Inc._2022-07-26_transcript.pdf",
    "periodicity": "periodic"
  },
  {
    "equity_ticker": "ACI",
    "geography": "US",
    "content_name": "ACI Q1 2022 Press Release",
    "file_type": "pdf",
    "content_type": "quarterly_report",
    "published_date": "2022-07-26",
    "fiscal_date": "2022-07-26",
    "fiscal_year": 2022,
    "fiscal_quarter": 1,
    "r2_url": "https://pub-2c783279b61043e19fbdadd1bee5153a.r2.dev/ACI/2022-07-26/b725d-2024-08-30-05-25-24/b725d-2024-08-30-05-25-24.pdf/b725d-2024-08-30-05-25-24.pdf",
    "periodicity": "periodic"
  },
  {
    "equity_ticker": "ACI",
    "geography": "US",
    "content_name": "ACI Q1 2022 Presentation",
    "file_type": "pdf",
    "content_type": "earnings_presentation",
    "published_date": "2022-07-26",
    "fiscal_date": "2022-07-26",
    "fiscal_year": 2022,
    "fiscal_quarter": 1,
    "r2_url": "https://pub-2c783279b61043e19fbdadd1bee5153a.r2.dev/ACI/2022-07-26/c7f79-2022-07-26-11-32-47/c7f79-2022-07-26-11-32-47.pdf/c7f79-2022-07-26-11-32-47.pdf",
    "periodicity": "periodic"
  },
  {
    "equity_ticker": "ACI",
    "geography": "US",
    "content_name": "Bernstein 38th Annual Strategic Decisions Conference - June 2, 2022",
    "file_type": "pdf",
    "content_type": "company_conference_transcript",
    "published_date": "2022-06-02",
    "fiscal_date": "2022-06-02",
    "fiscal_year": null,
    "fiscal_quarter": null,
    "r2_url": "https://pub-2c783279b61043e19fbdadd1bee5153a.r2.dev/ACI/2022-06-02/Albertsons%20Companies%2C%20Inc._2022-06-02_transcript/Albertsons%20Companies%2C%20Inc._2022-06-02_transcript.pdf/Albertsons%20Companies%2C%20Inc._2022-06-02_transcript.pdf",
    "periodicity": "non_periodic"
  },
  {
    "equity_ticker": "ACI",
    "geography": "US",
    "content_name": "ACI Q4 2021 Transcript",
    "file_type": "pdf",
    "content_type": "earnings_transcript",
    "published_date": "2022-04-12",
    "fiscal_date": "2022-04-12",
    "fiscal_year": 2021,
    "fiscal_quarter": 4,
    "r2_url": "https://pub-2c783279b61043e19fbdadd1bee5153a.r2.dev/ACI/2022-04-12/Albertsons%20Companies%2C%20Inc._2022-04-12_transcript/Albertsons%20Companies%2C%20Inc._2022-04-12_transcript.pdf/Albertsons%20Companies%2C%20Inc._2022-04-12_transcript.pdf",
    "periodicity": "periodic"
  },
  {
    "equity_ticker": "ACI",
    "geography": "US",
    "content_name": "ACI Q4 2021 Presentation",
    "file_type": "pdf",
    "content_type": "earnings_presentation",
    "published_date": "2022-04-12",
    "fiscal_date": "2022-04-12",
    "fiscal_year": 2021,
    "fiscal_quarter": 4,
    "r2_url": "https://pub-2c783279b61043e19fbdadd1bee5153a.r2.dev/ACI/2022-04-12/d7879-2022-04-12-12-06-13-migrated/d7879-2022-04-12-12-06-13-migrated.pdf/d7879-2022-04-12-12-06-13-migrated.pdf",
    "periodicity": "periodic"
  },
  {
    "equity_ticker": "ACI",
    "geography": "US",
    "content_name": "ACI Q3 2021 Transcript",
    "file_type": "pdf",
    "content_type": "earnings_transcript",
    "published_date": "2022-01-11",
    "fiscal_date": "2022-01-11",
    "fiscal_year": 2021,
    "fiscal_quarter": 3,
    "r2_url": "https://pub-2c783279b61043e19fbdadd1bee5153a.r2.dev/ACI/2022-01-11/Albertsons%20Companies%2C%20Inc._2022-01-11_transcript/Albertsons%20Companies%2C%20Inc._2022-01-11_transcript.pdf/Albertsons%20Companies%2C%20Inc._2022-01-11_transcript.pdf",
    "periodicity": "periodic"
  },
  {
    "equity_ticker": "ACI",
    "geography": "US",
    "content_name": "ACI Q3 2021 Press Release",
    "file_type": "pdf",
    "content_type": "quarterly_report",
    "published_date": "2022-01-11",
    "fiscal_date": "2022-01-11",
    "fiscal_year": 2021,
    "fiscal_quarter": 3,
    "r2_url": "https://pub-2c783279b61043e19fbdadd1bee5153a.r2.dev/ACI/2022-01-11/2ee43-2024-08-30-05-22-24/2ee43-2024-08-30-05-22-24.pdf/2ee43-2024-08-30-05-22-24.pdf",
    "periodicity": "periodic"
  },
  {
    "equity_ticker": "ACI",
    "geography": "US",
    "content_name": "ACI Q2 2021 Transcript",
    "file_type": "pdf",
    "content_type": "earnings_transcript",
    "published_date": "2021-10-18",
    "fiscal_date": "2021-10-18",
    "fiscal_year": 2021,
    "fiscal_quarter": 2,
    "r2_url": "https://pub-2c783279b61043e19fbdadd1bee5153a.r2.dev/ACI/2021-10-18/Albertsons%20Companies%2C%20Inc._2021-10-18_transcript/Albertsons%20Companies%2C%20Inc._2021-10-18_transcript.pdf/Albertsons%20Companies%2C%20Inc._2021-10-18_transcript.pdf",
    "periodicity": "periodic"
  },
  {
    "equity_ticker": "ACI",
    "geography": "US",
    "content_name": "ACI Q2 2021 Press Release",
    "file_type": "pdf",
    "content_type": "earnings_press_release",
    "published_date": "2021-10-18",
    "fiscal_date": "2021-10-18",
    "fiscal_year": 2021,
    "fiscal_quarter": 2,
    "r2_url": "https://pub-2c783279b61043e19fbdadd1bee5153a.r2.dev/ACI/2021-10-18/69dc2-2023-01-25-09-18-53/69dc2-2023-01-25-09-18-53.pdf/69dc2-2023-01-25-09-18-53.pdf",
    "periodicity": "periodic"
  },
  {
    "equity_ticker": "ACI",
    "geography": "US",
    "content_name": "ACI Q2 2021 Presentation",
    "file_type": "pdf",
    "content_type": "earnings_presentation",
    "published_date": "2021-10-18",
    "fiscal_date": "2021-10-18",
    "fiscal_year": 2021,
    "fiscal_quarter": 2,
    "r2_url": "https://pub-2c783279b61043e19fbdadd1bee5153a.r2.dev/ACI/2021-10-18/8e72d-2021-10-18-12-00-00-migrated/8e72d-2021-10-18-12-00-00-migrated.pdf/8e72d-2021-10-18-12-00-00-migrated.pdf",
    "periodicity": "periodic"
  },
  {
    "equity_ticker": "ACI",
    "geography": "US",
    "content_name": "Goldman Sachs 28th Annual Global Retailing Conference - September 10, 2021",
    "file_type": "pdf",
    "content_type": "sellside_conference_transcript",
    "published_date": "2021-09-10",
    "fiscal_date": "2021-09-10",
    "fiscal_year": null,
    "fiscal_quarter": null,
    "r2_url": "https://pub-2c783279b61043e19fbdadd1bee5153a.r2.dev/ACI/2021-09-10/Albertsons%20Companies%2C%20Inc._2021-09-10_transcript/Albertsons%20Companies%2C%20Inc._2021-09-10_transcript.pdf/Albertsons%20Companies%2C%20Inc._2021-09-10_transcript.pdf",
    "periodicity": "non_periodic"
  },
  {
    "equity_ticker": "ACI",
    "geography": "US",
    "content_name": "ACI Q1 2021 Transcript",
    "file_type": "pdf",
    "content_type": "earnings_transcript",
    "published_date": "2021-07-29",
    "fiscal_date": "2021-07-29",
    "fiscal_year": 2021,
    "fiscal_quarter": 1,
    "r2_url": "https://pub-2c783279b61043e19fbdadd1bee5153a.r2.dev/ACI/2021-07-29/Albertsons%20Companies%2C%20Inc._2021-07-29_transcript/Albertsons%20Companies%2C%20Inc._2021-07-29_transcript.pdf/Albertsons%20Companies%2C%20Inc._2021-07-29_transcript.pdf",
    "periodicity": "periodic"
  },
  {
    "equity_ticker": "ACI",
    "geography": "US",
    "content_name": "ACI Q1 2021 Press Release",
    "file_type": "pdf",
    "content_type": "earnings_press_release",
    "published_date": "2021-07-29",
    "fiscal_date": "2021-07-29",
    "fiscal_year": 2021,
    "fiscal_quarter": 1,
    "r2_url": "https://pub-2c783279b61043e19fbdadd1bee5153a.r2.dev/ACI/2021-07-29/384b6-2024-07-04-09-59-32/384b6-2024-07-04-09-59-32.pdf/384b6-2024-07-04-09-59-32.pdf",
    "periodicity": "periodic"
  },
  {
    "equity_ticker": "ACI",
    "geography": "US",
    "content_name": "Oppenheimer\u2019s 21st Annual Consumer Growth and E-Commerce Conference - June 15, 2021",
    "file_type": "pdf",
    "content_type": "sellside_conference_transcript",
    "published_date": "2021-06-15",
    "fiscal_date": "2021-06-15",
    "fiscal_year": null,
    "fiscal_quarter": null,
    "r2_url": "https://pub-2c783279b61043e19fbdadd1bee5153a.r2.dev/ACI/2021-06-15/Albertsons%20Companies%2C%20Inc._2021-06-15_transcript/Albertsons%20Companies%2C%20Inc._2021-06-15_transcript.pdf/Albertsons%20Companies%2C%20Inc._2021-06-15_transcript.pdf",
    "periodicity": "non_periodic"
  },
  {
    "equity_ticker": "ACI",
    "geography": "US",
    "content_name": "Evercore ISI Consumer & Retail Summit - June 15, 2021",
    "file_type": "pdf",
    "content_type": "company_conference_transcript",
    "published_date": "2021-06-15",
    "fiscal_date": "2021-06-15",
    "fiscal_year": null,
    "fiscal_quarter": null,
    "r2_url": "https://pub-2c783279b61043e19fbdadd1bee5153a.r2.dev/ACI/2021-06-15/Albertsons%20Companies%2C%20Inc._2021-06-15_transcript/Albertsons%20Companies%2C%20Inc._2021-06-15_transcript.pdf/Albertsons%20Companies%2C%20Inc._2021-06-15_transcript.pdf",
    "periodicity": "non_periodic"
  },
  {
    "equity_ticker": "ACI",
    "geography": "US",
    "content_name": " Bernstein\u2019s 37th Annual Strategic Decisions Conference - June 3, 2021",
    "file_type": "pdf",
    "content_type": "company_conference_transcript",
    "published_date": "2021-06-03",
    "fiscal_date": "2021-06-03",
    "fiscal_year": null,
    "fiscal_quarter": null,
    "r2_url": "https://pub-2c783279b61043e19fbdadd1bee5153a.r2.dev/ACI/2021-06-03/Albertsons%20Companies%2C%20Inc._2021-06-03_transcript/Albertsons%20Companies%2C%20Inc._2021-06-03_transcript.pdf/Albertsons%20Companies%2C%20Inc._2021-06-03_transcript.pdf",
    "periodicity": "non_periodic"
  },
  {
    "equity_ticker": "ACI",
    "geography": "US",
    "content_name": " Bernstein\u2019s 37th Annual Strategic Decisions Conference - June 3, 2021",
    "file_type": "pdf",
    "content_type": "company_conference_presentation",
    "published_date": "2021-06-03",
    "fiscal_date": "2021-06-03",
    "fiscal_year": null,
    "fiscal_quarter": null,
    "r2_url": "https://pub-2c783279b61043e19fbdadd1bee5153a.r2.dev/ACI/2021-06-03/8f35a-2024-07-04-09-53-22/8f35a-2024-07-04-09-53-22.pdf/8f35a-2024-07-04-09-53-22.pdf",
    "periodicity": "non_periodic"
  },
  {
    "equity_ticker": "ACI",
    "geography": "US",
    "content_name": "RBC Global Consumer and Retail Conference - June 3, 2021",
    "file_type": "pdf",
    "content_type": "company_conference_transcript",
    "published_date": "2021-06-03",
    "fiscal_date": "2021-06-03",
    "fiscal_year": null,
    "fiscal_quarter": null,
    "r2_url": "https://pub-2c783279b61043e19fbdadd1bee5153a.r2.dev/ACI/2021-06-03/Albertsons%20Companies%2C%20Inc._2021-06-03_transcript/Albertsons%20Companies%2C%20Inc._2021-06-03_transcript.pdf/Albertsons%20Companies%2C%20Inc._2021-06-03_transcript.pdf",
    "periodicity": "non_periodic"
  },
  {
    "equity_ticker": "ACI",
    "geography": "US",
    "content_name": "BMO Capital Markets Virtual 16th Annual Farm to Market Conference - May 19, 2021",
    "file_type": "pdf",
    "content_type": "company_conference_transcript",
    "published_date": "2021-05-19",
    "fiscal_date": "2021-05-19",
    "fiscal_year": null,
    "fiscal_quarter": null,
    "r2_url": "https://pub-2c783279b61043e19fbdadd1bee5153a.r2.dev/ACI/2021-05-19/Albertsons%20Companies%2C%20Inc._2021-05-19_transcript/Albertsons%20Companies%2C%20Inc._2021-05-19_transcript.pdf/Albertsons%20Companies%2C%20Inc._2021-05-19_transcript.pdf",
    "periodicity": "non_periodic"
  },
  {
    "equity_ticker": "ACI",
    "geography": "US",
    "content_name": "Citi's 2021 Retail Madness Virtual Day - March 19, 2021",
    "file_type": "pdf",
    "content_type": "sellside_conference_transcript",
    "published_date": "2021-03-19",
    "fiscal_date": "2021-03-19",
    "fiscal_year": null,
    "fiscal_quarter": null,
    "r2_url": "https://pub-2c783279b61043e19fbdadd1bee5153a.r2.dev/ACI/2021-03-19/Albertsons%20Companies%2C%20Inc._2021-03-19_transcript/Albertsons%20Companies%2C%20Inc._2021-03-19_transcript.pdf/Albertsons%20Companies%2C%20Inc._2021-03-19_transcript.pdf",
    "periodicity": "non_periodic"
  },
  {
    "equity_ticker": "ACI",
    "geography": "US",
    "content_name": "ACI Q4 2020 Transcript",
    "file_type": "pdf",
    "content_type": "earnings_transcript",
    "published_date": "2020-05-13",
    "fiscal_date": "2020-05-13",
    "fiscal_year": 2020,
    "fiscal_quarter": 4,
    "r2_url": "https://pub-2c783279b61043e19fbdadd1bee5153a.r2.dev/ACI/2020-05-13/Albertsons%20Companies%2C%20Inc._2020-05-13_transcript/Albertsons%20Companies%2C%20Inc._2020-05-13_transcript.pdf/Albertsons%20Companies%2C%20Inc._2020-05-13_transcript.pdf",
    "periodicity": "periodic"
  },
  {
    "equity_ticker": "ACI",
    "geography": "US",
    "content_name": "ACI Q4 2020 Press Release",
    "file_type": "pdf",
    "content_type": "annual_report",
    "published_date": "2020-05-13",
    "fiscal_date": "2020-05-13",
    "fiscal_year": 2020,
    "fiscal_quarter": 4,
    "r2_url": "https://pub-2c783279b61043e19fbdadd1bee5153a.r2.dev/ACI/2020-05-13/c4f05-2023-09-05-11-00-54/c4f05-2023-09-05-11-00-54.pdf/c4f05-2023-09-05-11-00-54.pdf",
    "periodicity": "periodic"
  },
  {
    "equity_ticker": "ACI",
    "geography": "US",
    "content_name": "ACI Q3 2020 Transcript",
    "file_type": "pdf",
    "content_type": "earnings_transcript",
    "published_date": "2020-01-07",
    "fiscal_date": "2020-01-07",
    "fiscal_year": 2020,
    "fiscal_quarter": 3,
    "r2_url": "https://pub-2c783279b61043e19fbdadd1bee5153a.r2.dev/ACI/2020-01-07/Albertsons%20Companies%2C%20Inc._2020-01-07_transcript/Albertsons%20Companies%2C%20Inc._2020-01-07_transcript.pdf/Albertsons%20Companies%2C%20Inc._2020-01-07_transcript.pdf",
    "periodicity": "periodic"
  },
  {
    "equity_ticker": "ACI",
    "geography": "US",
    "content_name": "ACI Q2 2020 Transcript",
    "file_type": "pdf",
    "content_type": "earnings_transcript",
    "published_date": "2019-10-16",
    "fiscal_date": "2019-10-16",
    "fiscal_year": 2020,
    "fiscal_quarter": 2,
    "r2_url": "https://pub-2c783279b61043e19fbdadd1bee5153a.r2.dev/ACI/2019-10-16/Albertsons%20Companies%2C%20Inc._2019-10-16_transcript/Albertsons%20Companies%2C%20Inc._2019-10-16_transcript.pdf/Albertsons%20Companies%2C%20Inc._2019-10-16_transcript.pdf",
    "periodicity": "periodic"
  },
  {
    "equity_ticker": "ACI",
    "geography": "US",
    "content_name": "ACI Q1 2020 Transcript",
    "file_type": "pdf",
    "content_type": "earnings_transcript",
    "published_date": "2019-07-24",
    "fiscal_date": "2019-07-24",
    "fiscal_year": 2020,
    "fiscal_quarter": 1,
    "r2_url": "https://pub-2c783279b61043e19fbdadd1bee5153a.r2.dev/ACI/2019-07-24/Albertsons%20Companies%2C%20Inc._2019-07-24_transcript/Albertsons%20Companies%2C%20Inc._2019-07-24_transcript.pdf/Albertsons%20Companies%2C%20Inc._2019-07-24_transcript.pdf",
    "periodicity": "periodic"
  }
]