[
    {
        "equity_ticker": "BFB",
        "geography": "US",
        "content_name": "UBS Global Consumer and Retail Conference - March 12, 2025",
        "file_type": "pdf",
        "content_type": "sellside_conference_transcript",
        "published_date": "2025-03-12",
        "fiscal_date": "2025-03-12",
        "fiscal_year": null,
        "fiscal_quarter": null,
        "r2_url": "https://pub-2c783279b61043e19fbdadd1bee5153a.r2.dev/BFB/2025-03-12/Brown-Forman%20Corporation_2025-03-12_transcript/Brown-Forman%20Corporation_2025-03-12_transcript.pdf/Brown-Forman%20Corporation_2025-03-12_transcript.pdf",
        "periodicity": "non_periodic"
    },
    {
        "equity_ticker": "BFB",
        "geography": "US",
        "content_name": "BFB Q3 2025 Transcript",
        "file_type": "pdf",
        "content_type": "earnings_transcript",
        "published_date": "2025-03-05",
        "fiscal_date": "2025-03-05",
        "fiscal_year": 2025,
        "fiscal_quarter": 3,
        "r2_url": "https://pub-2c783279b61043e19fbdadd1bee5153a.r2.dev/BFB/2025-03-05/Brown-Forman%20Corporation_2025-03-05_transcript/Brown-Forman%20Corporation_2025-03-05_transcript.pdf/Brown-Forman%20Corporation_2025-03-05_transcript.pdf",
        "periodicity": "periodic"
    },
    {
        "equity_ticker": "BFB",
        "geography": "US",
        "content_name": "BFB Q3 2025 Press Release",
        "file_type": "pdf",
        "content_type": "earnings_press_release",
        "published_date": "2025-03-05",
        "fiscal_date": "2025-03-05",
        "fiscal_year": 2025,
        "fiscal_quarter": 3,
        "r2_url": "https://pub-2c783279b61043e19fbdadd1bee5153a.r2.dev/BFB/2025-03-05/bfdcb-2025-03-05-01-10-18/bfdcb-2025-03-05-01-10-18.pdf/bfdcb-2025-03-05-01-10-18.pdf",
        "periodicity": "periodic"
    },
    {
        "equity_ticker": "BFB",
        "geography": "US",
        "content_name": "BFB Q2 2025 Transcript",
        "file_type": "pdf",
        "content_type": "earnings_transcript",
        "published_date": "2024-12-05",
        "fiscal_date": "2024-12-05",
        "fiscal_year": 2025,
        "fiscal_quarter": 2,
        "r2_url": "https://pub-2c783279b61043e19fbdadd1bee5153a.r2.dev/BFB/2024-12-05/Brown-Forman%20Corporation_2024-12-05_transcript/Brown-Forman%20Corporation_2024-12-05_transcript.pdf/Brown-Forman%20Corporation_2024-12-05_transcript.pdf",
        "periodicity": "periodic"
    },
    {
        "equity_ticker": "BFB",
        "geography": "US",
        "content_name": "BFB Q2 2025 Press Release",
        "file_type": "pdf",
        "content_type": "earnings_press_release",
        "published_date": "2024-12-05",
        "fiscal_date": "2024-12-05",
        "fiscal_year": 2025,
        "fiscal_quarter": 2,
        "r2_url": "https://pub-2c783279b61043e19fbdadd1bee5153a.r2.dev/BFB/2024-12-05/5e361-2024-12-05-01-44-06/5e361-2024-12-05-01-44-06.pdf/5e361-2024-12-05-01-44-06.pdf",
        "periodicity": "periodic"
    },
    {
        "equity_ticker": "BFB",
        "geography": "US",
        "content_name": "TD Cowen's 2nd Annual Sip, Snack & Scrub Summit 2024 - September 17, 2024",
        "file_type": "pdf",
        "content_type": "company_conference_transcript",
        "published_date": "2024-09-17",
        "fiscal_date": "2024-09-17",
        "fiscal_year": null,
        "fiscal_quarter": null,
        "r2_url": "https://pub-2c783279b61043e19fbdadd1bee5153a.r2.dev/BFB/2024-09-17/Brown-Forman%20Corporation_2024-09-17_transcript/Brown-Forman%20Corporation_2024-09-17_transcript.pdf/Brown-Forman%20Corporation_2024-09-17_transcript.pdf",
        "periodicity": "non_periodic"
    },
    {
        "equity_ticker": "BFB",
        "geography": "US",
        "content_name": "Barclays 17th Annual Global Consumer Staples Conference - September 4, 2024",
        "file_type": "pdf",
        "content_type": "sellside_conference_transcript",
        "published_date": "2024-09-04",
        "fiscal_date": "2024-09-04",
        "fiscal_year": null,
        "fiscal_quarter": null,
        "r2_url": "https://pub-2c783279b61043e19fbdadd1bee5153a.r2.dev/BFB/2024-09-04/Brown-Forman%20Corporation_2024-09-04_transcript/Brown-Forman%20Corporation_2024-09-04_transcript.pdf/Brown-Forman%20Corporation_2024-09-04_transcript.pdf",
        "periodicity": "non_periodic"
    },
    {
        "equity_ticker": "BFB",
        "geography": "US",
        "content_name": "BFB Q1 2025 Transcript",
        "file_type": "pdf",
        "content_type": "earnings_transcript",
        "published_date": "2024-08-29",
        "fiscal_date": "2024-08-29",
        "fiscal_year": 2025,
        "fiscal_quarter": 1,
        "r2_url": "https://pub-2c783279b61043e19fbdadd1bee5153a.r2.dev/BFB/2024-08-29/Brown-Forman%20Corporation_2024-08-29_transcript/Brown-Forman%20Corporation_2024-08-29_transcript.pdf/Brown-Forman%20Corporation_2024-08-29_transcript.pdf",
        "periodicity": "periodic"
    },
    {
        "equity_ticker": "BFB",
        "geography": "US",
        "content_name": "BFB Q1 2025 Press Release",
        "file_type": "pdf",
        "content_type": "earnings_press_release",
        "published_date": "2024-08-29",
        "fiscal_date": "2024-08-29",
        "fiscal_year": 2025,
        "fiscal_quarter": 1,
        "r2_url": "https://pub-2c783279b61043e19fbdadd1bee5153a.r2.dev/BFB/2024-08-29/5b96c-2024-08-29-12-03-06/5b96c-2024-08-29-12-03-06.pdf/5b96c-2024-08-29-12-03-06.pdf",
        "periodicity": "periodic"
    },
    {
        "equity_ticker": "BFB",
        "geography": "US",
        "content_name": "BFB Q4 2024 Transcript",
        "file_type": "pdf",
        "content_type": "earnings_transcript",
        "published_date": "2024-06-05",
        "fiscal_date": "2024-06-05",
        "fiscal_year": 2024,
        "fiscal_quarter": 4,
        "r2_url": "https://pub-2c783279b61043e19fbdadd1bee5153a.r2.dev/BFB/2024-06-05/Brown-Forman%20Corporation_2024-06-05_transcript/Brown-Forman%20Corporation_2024-06-05_transcript.pdf/Brown-Forman%20Corporation_2024-06-05_transcript.pdf",
        "periodicity": "periodic"
    },
    {
        "equity_ticker": "BFB",
        "geography": "US",
        "content_name": "BFB Q4 2024 Press Release",
        "file_type": "pdf",
        "content_type": "earnings_press_release",
        "published_date": "2024-06-05",
        "fiscal_date": "2024-06-05",
        "fiscal_year": 2024,
        "fiscal_quarter": 4,
        "r2_url": "https://pub-2c783279b61043e19fbdadd1bee5153a.r2.dev/BFB/2024-06-05/ff91f-2024-06-05-12-34-07/ff91f-2024-06-05-12-34-07.pdf/ff91f-2024-06-05-12-34-07.pdf",
        "periodicity": "periodic"
    },
    {
        "equity_ticker": "BFB",
        "geography": "US",
        "content_name": "Investor Day 2024 - March 20, 2024",
        "file_type": "pdf",
        "content_type": "company_conference_transcript",
        "published_date": "2024-03-20",
        "fiscal_date": "2024-03-20",
        "fiscal_year": null,
        "fiscal_quarter": null,
        "r2_url": "https://pub-2c783279b61043e19fbdadd1bee5153a.r2.dev/BFB/2024-03-20/Brown-Forman%20Corporation_2024-03-20_transcript/Brown-Forman%20Corporation_2024-03-20_transcript.pdf/Brown-Forman%20Corporation_2024-03-20_transcript.pdf",
        "periodicity": "non_periodic"
    },
    {
        "equity_ticker": "BFB",
        "geography": "US",
        "content_name": "BFB Q3 2024 Transcript",
        "file_type": "pdf",
        "content_type": "earnings_transcript",
        "published_date": "2024-03-06",
        "fiscal_date": "2024-03-06",
        "fiscal_year": 2024,
        "fiscal_quarter": 3,
        "r2_url": "https://pub-2c783279b61043e19fbdadd1bee5153a.r2.dev/BFB/2024-03-06/Brown-Forman%20Corporation_2024-03-06_transcript/Brown-Forman%20Corporation_2024-03-06_transcript.pdf/Brown-Forman%20Corporation_2024-03-06_transcript.pdf",
        "periodicity": "periodic"
    },
    {
        "equity_ticker": "BFB",
        "geography": "US",
        "content_name": "BFB Q3 2024 Press Release",
        "file_type": "pdf",
        "content_type": "earnings_press_release",
        "published_date": "2024-03-06",
        "fiscal_date": "2024-03-06",
        "fiscal_year": 2024,
        "fiscal_quarter": 3,
        "r2_url": "https://pub-2c783279b61043e19fbdadd1bee5153a.r2.dev/BFB/2024-03-06/5f5c6-2024-03-06-01-39-11/5f5c6-2024-03-06-01-39-11.pdf/5f5c6-2024-03-06-01-39-11.pdf",
        "periodicity": "periodic"
    },
    {
        "equity_ticker": "BFB",
        "geography": "US",
        "content_name": "BFB Q2 2024 Transcript",
        "file_type": "pdf",
        "content_type": "earnings_transcript",
        "published_date": "2023-12-06",
        "fiscal_date": "2023-12-06",
        "fiscal_year": 2024,
        "fiscal_quarter": 2,
        "r2_url": "https://pub-2c783279b61043e19fbdadd1bee5153a.r2.dev/BFB/2023-12-06/Brown-Forman%20Corporation_2023-12-06_transcript/Brown-Forman%20Corporation_2023-12-06_transcript.pdf/Brown-Forman%20Corporation_2023-12-06_transcript.pdf",
        "periodicity": "periodic"
    },
    {
        "equity_ticker": "BFB",
        "geography": "US",
        "content_name": "BFB Q2 2024 Press Release",
        "file_type": "pdf",
        "content_type": "earnings_press_release",
        "published_date": "2023-12-06",
        "fiscal_date": "2023-12-06",
        "fiscal_year": 2024,
        "fiscal_quarter": 2,
        "r2_url": "https://pub-2c783279b61043e19fbdadd1bee5153a.r2.dev/BFB/2023-12-06/78d4a-2023-12-06-01-25-10/78d4a-2023-12-06-01-25-10.pdf/78d4a-2023-12-06-01-25-10.pdf",
        "periodicity": "periodic"
    },
    {
        "equity_ticker": "BFB",
        "geography": "US",
        "content_name": "2023 Barclays Global Consumer Staples Conference - September 6, 2023",
        "file_type": "pdf",
        "content_type": "sellside_conference_transcript",
        "published_date": "2023-09-06",
        "fiscal_date": "2023-09-06",
        "fiscal_year": null,
        "fiscal_quarter": null,
        "r2_url": "https://pub-2c783279b61043e19fbdadd1bee5153a.r2.dev/BFB/2023-09-06/Brown-Forman%20Corporation_2023-09-06_transcript/Brown-Forman%20Corporation_2023-09-06_transcript.pdf/Brown-Forman%20Corporation_2023-09-06_transcript.pdf",
        "periodicity": "non_periodic"
    },
    {
        "equity_ticker": "BFB",
        "geography": "US",
        "content_name": "BFB Q1 2024 Transcript",
        "file_type": "pdf",
        "content_type": "earnings_transcript",
        "published_date": "2023-08-30",
        "fiscal_date": "2023-08-30",
        "fiscal_year": 2024,
        "fiscal_quarter": 1,
        "r2_url": "https://pub-2c783279b61043e19fbdadd1bee5153a.r2.dev/BFB/2023-08-30/Brown-Forman%20Corporation_2023-08-30_transcript/Brown-Forman%20Corporation_2023-08-30_transcript.pdf/Brown-Forman%20Corporation_2023-08-30_transcript.pdf",
        "periodicity": "periodic"
    },
    {
        "equity_ticker": "BFB",
        "geography": "US",
        "content_name": "BFB Q1 2024 Press Release",
        "file_type": "pdf",
        "content_type": "earnings_press_release",
        "published_date": "2023-08-30",
        "fiscal_date": "2023-08-30",
        "fiscal_year": 2024,
        "fiscal_quarter": 1,
        "r2_url": "https://pub-2c783279b61043e19fbdadd1bee5153a.r2.dev/BFB/2023-08-30/95c64-2023-08-30-12-47-25/95c64-2023-08-30-12-47-25.pdf/95c64-2023-08-30-12-47-25.pdf",
        "periodicity": "periodic"
    },
    {
        "equity_ticker": "BFB",
        "geography": "US",
        "content_name": "AGM 2023 - July 27, 2023",
        "file_type": "pdf",
        "content_type": "company_conference_transcript",
        "published_date": "2023-07-27",
        "fiscal_date": "2023-07-27",
        "fiscal_year": null,
        "fiscal_quarter": null,
        "r2_url": "https://pub-2c783279b61043e19fbdadd1bee5153a.r2.dev/BFB/2023-07-27/Brown-Forman%20Corporation_2023-07-27_transcript/Brown-Forman%20Corporation_2023-07-27_transcript.pdf/Brown-Forman%20Corporation_2023-07-27_transcript.pdf",
        "periodicity": "non_periodic"
    },
    {
        "equity_ticker": "BFB",
        "geography": "US",
        "content_name": "BFB Q4 2023 Transcript",
        "file_type": "pdf",
        "content_type": "earnings_transcript",
        "published_date": "2023-06-07",
        "fiscal_date": "2023-06-07",
        "fiscal_year": 2023,
        "fiscal_quarter": 4,
        "r2_url": "https://pub-2c783279b61043e19fbdadd1bee5153a.r2.dev/BFB/2023-06-07/Brown-Forman%20Corporation_2023-06-07_transcript/Brown-Forman%20Corporation_2023-06-07_transcript.pdf/Brown-Forman%20Corporation_2023-06-07_transcript.pdf",
        "periodicity": "periodic"
    },
    {
        "equity_ticker": "BFB",
        "geography": "US",
        "content_name": "BFB Q3 2023 Transcript",
        "file_type": "pdf",
        "content_type": "earnings_transcript",
        "published_date": "2023-03-08",
        "fiscal_date": "2023-03-08",
        "fiscal_year": 2023,
        "fiscal_quarter": 3,
        "r2_url": "https://pub-2c783279b61043e19fbdadd1bee5153a.r2.dev/BFB/2023-03-08/Brown-Forman%20Corporation_2023-03-08_transcript/Brown-Forman%20Corporation_2023-03-08_transcript.pdf/Brown-Forman%20Corporation_2023-03-08_transcript.pdf",
        "periodicity": "periodic"
    },
    {
        "equity_ticker": "BFB",
        "geography": "US",
        "content_name": "BFB Q2 2023 Transcript",
        "file_type": "pdf",
        "content_type": "earnings_transcript",
        "published_date": "2022-12-07",
        "fiscal_date": "2022-12-07",
        "fiscal_year": 2023,
        "fiscal_quarter": 2,
        "r2_url": "https://pub-2c783279b61043e19fbdadd1bee5153a.r2.dev/BFB/2022-12-07/Brown-Forman%20Corporation_2022-12-07_transcript/Brown-Forman%20Corporation_2022-12-07_transcript.pdf/Brown-Forman%20Corporation_2022-12-07_transcript.pdf",
        "periodicity": "periodic"
    },
    {
        "equity_ticker": "BFB",
        "geography": "US",
        "content_name": "BFB Q1 2023 Transcript",
        "file_type": "pdf",
        "content_type": "earnings_transcript",
        "published_date": "2022-08-31",
        "fiscal_date": "2022-08-31",
        "fiscal_year": 2023,
        "fiscal_quarter": 1,
        "r2_url": "https://pub-2c783279b61043e19fbdadd1bee5153a.r2.dev/BFB/2022-08-31/Brown-Forman%20Corporation_2022-08-31_transcript/Brown-Forman%20Corporation_2022-08-31_transcript.pdf/Brown-Forman%20Corporation_2022-08-31_transcript.pdf",
        "periodicity": "periodic"
    },
    {
        "equity_ticker": "BFB",
        "geography": "US",
        "content_name": "BFB Q4 2022 Transcript",
        "file_type": "pdf",
        "content_type": "earnings_transcript",
        "published_date": "2022-06-08",
        "fiscal_date": "2022-06-08",
        "fiscal_year": 2022,
        "fiscal_quarter": 4,
        "r2_url": "https://pub-2c783279b61043e19fbdadd1bee5153a.r2.dev/BFB/2022-06-08/Brown-Forman%20Corporation_2022-06-08_transcript/Brown-Forman%20Corporation_2022-06-08_transcript.pdf/Brown-Forman%20Corporation_2022-06-08_transcript.pdf",
        "periodicity": "periodic"
    },
    {
        "equity_ticker": "BFB",
        "geography": "US",
        "content_name": "BFB Q3 2022 Transcript",
        "file_type": "pdf",
        "content_type": "earnings_transcript",
        "published_date": "2022-03-03",
        "fiscal_date": "2022-03-03",
        "fiscal_year": 2022,
        "fiscal_quarter": 3,
        "r2_url": "https://pub-2c783279b61043e19fbdadd1bee5153a.r2.dev/BFB/2022-03-03/Brown-Forman%20Corporation_2022-03-03_transcript/Brown-Forman%20Corporation_2022-03-03_transcript.pdf/Brown-Forman%20Corporation_2022-03-03_transcript.pdf",
        "periodicity": "periodic"
    },
    {
        "equity_ticker": "BFB",
        "geography": "US",
        "content_name": "BFB Q2 2022 Transcript",
        "file_type": "pdf",
        "content_type": "earnings_transcript",
        "published_date": "2021-12-08",
        "fiscal_date": "2021-12-08",
        "fiscal_year": 2022,
        "fiscal_quarter": 2,
        "r2_url": "https://pub-2c783279b61043e19fbdadd1bee5153a.r2.dev/BFB/2021-12-08/Brown-Forman%20Corporation_2021-12-08_transcript/Brown-Forman%20Corporation_2021-12-08_transcript.pdf/Brown-Forman%20Corporation_2021-12-08_transcript.pdf",
        "periodicity": "periodic"
    },
    {
        "equity_ticker": "BFB",
        "geography": "US",
        "content_name": "Investor Day 2021 - September 2, 2021",
        "file_type": "pdf",
        "content_type": "company_conference_transcript",
        "published_date": "2021-09-02",
        "fiscal_date": "2021-09-02",
        "fiscal_year": null,
        "fiscal_quarter": null,
        "r2_url": "https://pub-2c783279b61043e19fbdadd1bee5153a.r2.dev/BFB/2021-09-02/Brown-Forman%20Corporation_2021-09-02_transcript/Brown-Forman%20Corporation_2021-09-02_transcript.pdf/Brown-Forman%20Corporation_2021-09-02_transcript.pdf",
        "periodicity": "non_periodic"
    },
    {
        "equity_ticker": "BFB",
        "geography": "US",
        "content_name": "BFB Q1 2022 Transcript",
        "file_type": "pdf",
        "content_type": "earnings_transcript",
        "published_date": "2021-09-01",
        "fiscal_date": "2021-09-01",
        "fiscal_year": 2022,
        "fiscal_quarter": 1,
        "r2_url": "https://pub-2c783279b61043e19fbdadd1bee5153a.r2.dev/BFB/2021-09-01/Brown-Forman%20Corporation_2021-09-01_transcript/Brown-Forman%20Corporation_2021-09-01_transcript.pdf/Brown-Forman%20Corporation_2021-09-01_transcript.pdf",
        "periodicity": "periodic"
    },
    {
        "equity_ticker": "BFB",
        "geography": "US",
        "content_name": "BFB Q4 2021 Transcript",
        "file_type": "pdf",
        "content_type": "earnings_transcript",
        "published_date": "2021-06-09",
        "fiscal_date": "2021-06-09",
        "fiscal_year": 2021,
        "fiscal_quarter": 4,
        "r2_url": "https://pub-2c783279b61043e19fbdadd1bee5153a.r2.dev/BFB/2021-06-09/Brown-Forman%20Corporation_2021-06-09_transcript/Brown-Forman%20Corporation_2021-06-09_transcript.pdf/Brown-Forman%20Corporation_2021-06-09_transcript.pdf",
        "periodicity": "periodic"
    },
    {
        "equity_ticker": "BFB",
        "geography": "US",
        "content_name": "BFB Q3 2021 Transcript",
        "file_type": "pdf",
        "content_type": "earnings_transcript",
        "published_date": "2021-03-03",
        "fiscal_date": "2021-03-03",
        "fiscal_year": 2021,
        "fiscal_quarter": 3,
        "r2_url": "https://pub-2c783279b61043e19fbdadd1bee5153a.r2.dev/BFB/2021-03-03/Brown-Forman%20Corporation_2021-03-03_transcript/Brown-Forman%20Corporation_2021-03-03_transcript.pdf/Brown-Forman%20Corporation_2021-03-03_transcript.pdf",
        "periodicity": "periodic"
    },
    {
        "equity_ticker": "BFB",
        "geography": "US",
        "content_name": "BFB Q2 2021 Transcript",
        "file_type": "pdf",
        "content_type": "earnings_transcript",
        "published_date": "2020-12-08",
        "fiscal_date": "2020-12-08",
        "fiscal_year": 2021,
        "fiscal_quarter": 2,
        "r2_url": "https://pub-2c783279b61043e19fbdadd1bee5153a.r2.dev/BFB/2020-12-08/Brown-Forman%20Corporation_2020-12-08_transcript/Brown-Forman%20Corporation_2020-12-08_transcript.pdf/Brown-Forman%20Corporation_2020-12-08_transcript.pdf",
        "periodicity": "periodic"
    },
    {
        "equity_ticker": "BFB",
        "geography": "US",
        "content_name": "BFB Q1 2021 Transcript",
        "file_type": "pdf",
        "content_type": "earnings_transcript",
        "published_date": "2020-09-02",
        "fiscal_date": "2020-09-02",
        "fiscal_year": 2021,
        "fiscal_quarter": 1,
        "r2_url": "https://pub-2c783279b61043e19fbdadd1bee5153a.r2.dev/BFB/2020-09-02/Brown-Forman%20Corporation_2020-09-02_transcript/Brown-Forman%20Corporation_2020-09-02_transcript.pdf/Brown-Forman%20Corporation_2020-09-02_transcript.pdf",
        "periodicity": "periodic"
    },
    {
        "equity_ticker": "BFB",
        "geography": "US",
        "content_name": "AGM 2020 - July 30, 2020",
        "file_type": "pdf",
        "content_type": "company_conference_transcript",
        "published_date": "2020-07-30",
        "fiscal_date": "2020-07-30",
        "fiscal_year": null,
        "fiscal_quarter": null,
        "r2_url": "https://pub-2c783279b61043e19fbdadd1bee5153a.r2.dev/BFB/2020-07-30/Brown-Forman%20Corporation_2020-07-30_transcript/Brown-Forman%20Corporation_2020-07-30_transcript.pdf/Brown-Forman%20Corporation_2020-07-30_transcript.pdf",
        "periodicity": "non_periodic"
    },
    {
        "equity_ticker": "BFB",
        "geography": "US",
        "content_name": "BFB Q4 2020 Transcript",
        "file_type": "pdf",
        "content_type": "earnings_transcript",
        "published_date": "2020-06-09",
        "fiscal_date": "2020-06-09",
        "fiscal_year": 2020,
        "fiscal_quarter": 4,
        "r2_url": "https://pub-2c783279b61043e19fbdadd1bee5153a.r2.dev/BFB/2020-06-09/Brown-Forman%20Corporation_2020-06-09_transcript/Brown-Forman%20Corporation_2020-06-09_transcript.pdf/Brown-Forman%20Corporation_2020-06-09_transcript.pdf",
        "periodicity": "periodic"
    },
    {
        "equity_ticker": "BFB",
        "geography": "US",
        "content_name": "BFB Q3 2020 Transcript",
        "file_type": "pdf",
        "content_type": "earnings_transcript",
        "published_date": "2020-03-04",
        "fiscal_date": "2020-03-04",
        "fiscal_year": 2020,
        "fiscal_quarter": 3,
        "r2_url": "https://pub-2c783279b61043e19fbdadd1bee5153a.r2.dev/BFB/2020-03-04/Brown-Forman%20Corporation_2020-03-04_transcript/Brown-Forman%20Corporation_2020-03-04_transcript.pdf/Brown-Forman%20Corporation_2020-03-04_transcript.pdf",
        "periodicity": "periodic"
    },
    {
        "equity_ticker": "BFB",
        "geography": "US",
        "content_name": "BFB Q2 2020 Transcript",
        "file_type": "pdf",
        "content_type": "earnings_transcript",
        "published_date": "2019-12-05",
        "fiscal_date": "2019-12-05",
        "fiscal_year": 2020,
        "fiscal_quarter": 2,
        "r2_url": "https://pub-2c783279b61043e19fbdadd1bee5153a.r2.dev/BFB/2019-12-05/Brown-Forman%20Corporation_2019-12-05_transcript/Brown-Forman%20Corporation_2019-12-05_transcript.pdf/Brown-Forman%20Corporation_2019-12-05_transcript.pdf",
        "periodicity": "periodic"
    },
    {
        "equity_ticker": "BFB",
        "geography": "US",
        "content_name": "BFB Q1 2020 Transcript",
        "file_type": "pdf",
        "content_type": "earnings_transcript",
        "published_date": "2019-08-28",
        "fiscal_date": "2019-08-28",
        "fiscal_year": 2020,
        "fiscal_quarter": 1,
        "r2_url": "https://pub-2c783279b61043e19fbdadd1bee5153a.r2.dev/BFB/2019-08-28/Brown-Forman%20Corporation_2019-08-28_transcript/Brown-Forman%20Corporation_2019-08-28_transcript.pdf/Brown-Forman%20Corporation_2019-08-28_transcript.pdf",
        "periodicity": "periodic"
    },
    {
        "equity_ticker": "BFB",
        "geography": "US",
        "content_name": "BFB Q4 2019 Transcript",
        "file_type": "pdf",
        "content_type": "earnings_transcript",
        "published_date": "2019-06-05",
        "fiscal_date": "2019-06-05",
        "fiscal_year": 2019,
        "fiscal_quarter": 4,
        "r2_url": "https://pub-2c783279b61043e19fbdadd1bee5153a.r2.dev/BFB/2019-06-05/Brown-Forman%20Corporation_2019-06-05_transcript/Brown-Forman%20Corporation_2019-06-05_transcript.pdf/Brown-Forman%20Corporation_2019-06-05_transcript.pdf",
        "periodicity": "periodic"
    },
    {
        "equity_ticker": "BFB",
        "geography": "US",
        "content_name": "BFB Q3 2019 Transcript",
        "file_type": "pdf",
        "content_type": "earnings_transcript",
        "published_date": "2019-03-06",
        "fiscal_date": "2019-03-06",
        "fiscal_year": 2019,
        "fiscal_quarter": 3,
        "r2_url": "https://pub-2c783279b61043e19fbdadd1bee5153a.r2.dev/BFB/2019-03-06/Brown-Forman%20Corporation_2019-03-06_transcript/Brown-Forman%20Corporation_2019-03-06_transcript.pdf/Brown-Forman%20Corporation_2019-03-06_transcript.pdf",
        "periodicity": "periodic"
    },
    {
        "equity_ticker": "BFB",
        "geography": "US",
        "content_name": "Investor Day 2018 - December 12, 2018",
        "file_type": "pdf",
        "content_type": "company_conference_transcript",
        "published_date": "2018-12-12",
        "fiscal_date": "2018-12-12",
        "fiscal_year": null,
        "fiscal_quarter": null,
        "r2_url": "https://pub-2c783279b61043e19fbdadd1bee5153a.r2.dev/BFB/2018-12-12/Brown-Forman%20Corporation_2018-12-12_transcript/Brown-Forman%20Corporation_2018-12-12_transcript.pdf/Brown-Forman%20Corporation_2018-12-12_transcript.pdf",
        "periodicity": "non_periodic"
    },
    {
        "equity_ticker": "BFB",
        "geography": "US",
        "content_name": "BFB Q2 2019 Transcript",
        "file_type": "pdf",
        "content_type": "earnings_transcript",
        "published_date": "2018-12-05",
        "fiscal_date": "2018-12-05",
        "fiscal_year": 2019,
        "fiscal_quarter": 2,
        "r2_url": "https://pub-2c783279b61043e19fbdadd1bee5153a.r2.dev/BFB/2018-12-05/Brown-Forman%20Corporation_2018-12-05_transcript/Brown-Forman%20Corporation_2018-12-05_transcript.pdf/Brown-Forman%20Corporation_2018-12-05_transcript.pdf",
        "periodicity": "periodic"
    },
    {
        "equity_ticker": "BFB",
        "geography": "US",
        "content_name": "BFB Q1 2019 Transcript",
        "file_type": "pdf",
        "content_type": "earnings_transcript",
        "published_date": "2018-08-29",
        "fiscal_date": "2018-08-29",
        "fiscal_year": 2019,
        "fiscal_quarter": 1,
        "r2_url": "https://pub-2c783279b61043e19fbdadd1bee5153a.r2.dev/BFB/2018-08-29/Brown-Forman%20Corporation_2018-08-29_transcript/Brown-Forman%20Corporation_2018-08-29_transcript.pdf/Brown-Forman%20Corporation_2018-08-29_transcript.pdf",
        "periodicity": "periodic"
    },
    {
        "equity_ticker": "BFB",
        "geography": "US",
        "content_name": "AGM 2018 - July 26, 2018",
        "file_type": "pdf",
        "content_type": "company_conference_transcript",
        "published_date": "2018-07-26",
        "fiscal_date": "2018-07-26",
        "fiscal_year": null,
        "fiscal_quarter": null,
        "r2_url": "https://pub-2c783279b61043e19fbdadd1bee5153a.r2.dev/BFB/2018-07-26/Brown-Forman%20Corporation_2018-07-26_transcript/Brown-Forman%20Corporation_2018-07-26_transcript.pdf/Brown-Forman%20Corporation_2018-07-26_transcript.pdf",
        "periodicity": "non_periodic"
    },
    {
        "equity_ticker": "BFB",
        "geography": "US",
        "content_name": "BFB Q4 2018 Transcript",
        "file_type": "pdf",
        "content_type": "earnings_transcript",
        "published_date": "2018-06-06",
        "fiscal_date": "2018-06-06",
        "fiscal_year": 2018,
        "fiscal_quarter": 4,
        "r2_url": "https://pub-2c783279b61043e19fbdadd1bee5153a.r2.dev/BFB/2018-06-06/Brown-Forman%20Corporation_2018-06-06_transcript/Brown-Forman%20Corporation_2018-06-06_transcript.pdf/Brown-Forman%20Corporation_2018-06-06_transcript.pdf",
        "periodicity": "periodic"
    },
    {
        "equity_ticker": "BFB",
        "geography": "US",
        "content_name": "BFB Q3 2018 Transcript",
        "file_type": "pdf",
        "content_type": "earnings_transcript",
        "published_date": "2018-03-07",
        "fiscal_date": "2018-03-07",
        "fiscal_year": 2018,
        "fiscal_quarter": 3,
        "r2_url": "https://pub-2c783279b61043e19fbdadd1bee5153a.r2.dev/BFB/2018-03-07/Brown-Forman%20Corporation_2018-03-07_transcript/Brown-Forman%20Corporation_2018-03-07_transcript.pdf/Brown-Forman%20Corporation_2018-03-07_transcript.pdf",
        "periodicity": "periodic"
    },
    {
        "equity_ticker": "BFB",
        "geography": "US",
        "content_name": "BFB Q2 2018 Transcript",
        "file_type": "pdf",
        "content_type": "earnings_transcript",
        "published_date": "2017-12-06",
        "fiscal_date": "2017-12-06",
        "fiscal_year": 2018,
        "fiscal_quarter": 2,
        "r2_url": "https://pub-2c783279b61043e19fbdadd1bee5153a.r2.dev/BFB/2017-12-06/Brown-Forman%20Corporation_2017-12-06_transcript/Brown-Forman%20Corporation_2017-12-06_transcript.pdf/Brown-Forman%20Corporation_2017-12-06_transcript.pdf",
        "periodicity": "periodic"
    },
    {
        "equity_ticker": "BFB",
        "geography": "US",
        "content_name": "BFB Q1 2018 Transcript",
        "file_type": "pdf",
        "content_type": "earnings_transcript",
        "published_date": "2017-08-30",
        "fiscal_date": "2017-08-30",
        "fiscal_year": 2018,
        "fiscal_quarter": 1,
        "r2_url": "https://pub-2c783279b61043e19fbdadd1bee5153a.r2.dev/BFB/2017-08-30/Brown-Forman%20Corporation_2017-08-30_transcript/Brown-Forman%20Corporation_2017-08-30_transcript.pdf/Brown-Forman%20Corporation_2017-08-30_transcript.pdf",
        "periodicity": "periodic"
    },
    {
        "equity_ticker": "BFB",
        "geography": "US",
        "content_name": "BFB Q4 2017 Transcript",
        "file_type": "pdf",
        "content_type": "earnings_transcript",
        "published_date": "2017-06-07",
        "fiscal_date": "2017-06-07",
        "fiscal_year": 2017,
        "fiscal_quarter": 4,
        "r2_url": "https://pub-2c783279b61043e19fbdadd1bee5153a.r2.dev/BFB/2017-06-07/Brown-Forman%20Corporation_2017-06-07_transcript/Brown-Forman%20Corporation_2017-06-07_transcript.pdf/Brown-Forman%20Corporation_2017-06-07_transcript.pdf",
        "periodicity": "periodic"
    },
    {
        "equity_ticker": "BFB",
        "geography": "US",
        "content_name": "BFB Q3 2017 Transcript",
        "file_type": "pdf",
        "content_type": "earnings_transcript",
        "published_date": "2017-03-07",
        "fiscal_date": "2017-03-07",
        "fiscal_year": 2017,
        "fiscal_quarter": 3,
        "r2_url": "https://pub-2c783279b61043e19fbdadd1bee5153a.r2.dev/BFB/2017-03-07/Brown-Forman%20Corporation_2017-03-07_transcript/Brown-Forman%20Corporation_2017-03-07_transcript.pdf/Brown-Forman%20Corporation_2017-03-07_transcript.pdf",
        "periodicity": "periodic"
    },
    {
        "equity_ticker": "BFB",
        "geography": "US",
        "content_name": "Investor Day 2016 - December 14, 2016",
        "file_type": "pdf",
        "content_type": "company_conference_transcript",
        "published_date": "2016-12-14",
        "fiscal_date": "2016-12-14",
        "fiscal_year": null,
        "fiscal_quarter": null,
        "r2_url": "https://pub-2c783279b61043e19fbdadd1bee5153a.r2.dev/BFB/2016-12-14/Brown-Forman%20Corporation_2016-12-14_transcript/Brown-Forman%20Corporation_2016-12-14_transcript.pdf/Brown-Forman%20Corporation_2016-12-14_transcript.pdf",
        "periodicity": "non_periodic"
    },
    {
        "equity_ticker": "BFB",
        "geography": "US",
        "content_name": "BFB Q2 2017 Transcript",
        "file_type": "pdf",
        "content_type": "earnings_transcript",
        "published_date": "2016-12-07",
        "fiscal_date": "2016-12-07",
        "fiscal_year": 2017,
        "fiscal_quarter": 2,
        "r2_url": "https://pub-2c783279b61043e19fbdadd1bee5153a.r2.dev/BFB/2016-12-07/Brown-Forman%20Corporation_2016-12-07_transcript/Brown-Forman%20Corporation_2016-12-07_transcript.pdf/Brown-Forman%20Corporation_2016-12-07_transcript.pdf",
        "periodicity": "periodic"
    },
    {
        "equity_ticker": "BFB",
        "geography": "US",
        "content_name": "BFB Q1 2017 Transcript",
        "file_type": "pdf",
        "content_type": "earnings_transcript",
        "published_date": "2016-08-31",
        "fiscal_date": "2016-08-31",
        "fiscal_year": 2017,
        "fiscal_quarter": 1,
        "r2_url": "https://pub-2c783279b61043e19fbdadd1bee5153a.r2.dev/BFB/2016-08-31/Brown-Forman%20Corporation_2016-08-31_transcript/Brown-Forman%20Corporation_2016-08-31_transcript.pdf/Brown-Forman%20Corporation_2016-08-31_transcript.pdf",
        "periodicity": "periodic"
    },
    {
        "equity_ticker": "BFB",
        "geography": "US",
        "content_name": "AGM 2016 - July 28, 2016",
        "file_type": "pdf",
        "content_type": "company_conference_transcript",
        "published_date": "2016-07-28",
        "fiscal_date": "2016-07-28",
        "fiscal_year": null,
        "fiscal_quarter": null,
        "r2_url": "https://pub-2c783279b61043e19fbdadd1bee5153a.r2.dev/BFB/2016-07-28/Brown-Forman%20Corporation_2016-07-28_transcript/Brown-Forman%20Corporation_2016-07-28_transcript.pdf/Brown-Forman%20Corporation_2016-07-28_transcript.pdf",
        "periodicity": "non_periodic"
    },
    {
        "equity_ticker": "BFB",
        "geography": "US",
        "content_name": "BFB Q4 2016 Transcript",
        "file_type": "pdf",
        "content_type": "earnings_transcript",
        "published_date": "2016-06-08",
        "fiscal_date": "2016-06-08",
        "fiscal_year": 2016,
        "fiscal_quarter": 4,
        "r2_url": "https://pub-2c783279b61043e19fbdadd1bee5153a.r2.dev/BFB/2016-06-08/Brown-Forman%20Corporation_2016-06-08_transcript/Brown-Forman%20Corporation_2016-06-08_transcript.pdf/Brown-Forman%20Corporation_2016-06-08_transcript.pdf",
        "periodicity": "periodic"
    },
    {
        "equity_ticker": "BFB",
        "geography": "US",
        "content_name": "BFB Q3 2016 Transcript",
        "file_type": "pdf",
        "content_type": "earnings_transcript",
        "published_date": "2016-03-02",
        "fiscal_date": "2016-03-02",
        "fiscal_year": 2016,
        "fiscal_quarter": 3,
        "r2_url": "https://pub-2c783279b61043e19fbdadd1bee5153a.r2.dev/BFB/2016-03-02/Brown-Forman%20Corporation_2016-03-02_transcript/Brown-Forman%20Corporation_2016-03-02_transcript.pdf/Brown-Forman%20Corporation_2016-03-02_transcript.pdf",
        "periodicity": "periodic"
    },
    {
        "equity_ticker": "BFB",
        "geography": "US",
        "content_name": "BFB Q2 2016 Transcript",
        "file_type": "pdf",
        "content_type": "earnings_transcript",
        "published_date": "2015-12-02",
        "fiscal_date": "2015-12-02",
        "fiscal_year": 2016,
        "fiscal_quarter": 2,
        "r2_url": "https://pub-2c783279b61043e19fbdadd1bee5153a.r2.dev/BFB/2015-12-02/Brown-Forman%20Corporation_2015-12-02_transcript/Brown-Forman%20Corporation_2015-12-02_transcript.pdf/Brown-Forman%20Corporation_2015-12-02_transcript.pdf",
        "periodicity": "periodic"
    },
    {
        "equity_ticker": "BFB",
        "geography": "US",
        "content_name": "BFB Q1 2016 Transcript",
        "file_type": "pdf",
        "content_type": "earnings_transcript",
        "published_date": "2015-08-26",
        "fiscal_date": "2015-08-26",
        "fiscal_year": 2016,
        "fiscal_quarter": 1,
        "r2_url": "https://pub-2c783279b61043e19fbdadd1bee5153a.r2.dev/BFB/2015-08-26/Brown-Forman%20Corporation_2015-08-26_transcript/Brown-Forman%20Corporation_2015-08-26_transcript.pdf/Brown-Forman%20Corporation_2015-08-26_transcript.pdf",
        "periodicity": "periodic"
    },
    {
        "equity_ticker": "BFB",
        "geography": "US",
        "content_name": "AGM 2015 - July 23, 2015",
        "file_type": "pdf",
        "content_type": "company_conference_transcript",
        "published_date": "2015-07-23",
        "fiscal_date": "2015-07-23",
        "fiscal_year": null,
        "fiscal_quarter": null,
        "r2_url": "https://pub-2c783279b61043e19fbdadd1bee5153a.r2.dev/BFB/2015-07-23/Brown-Forman%20Corporation_2015-07-23_transcript/Brown-Forman%20Corporation_2015-07-23_transcript.pdf/Brown-Forman%20Corporation_2015-07-23_transcript.pdf",
        "periodicity": "non_periodic"
    },
    {
        "equity_ticker": "BFB",
        "geography": "US",
        "content_name": "BFB Q4 2015 Transcript",
        "file_type": "pdf",
        "content_type": "earnings_transcript",
        "published_date": "2015-06-03",
        "fiscal_date": "2015-06-03",
        "fiscal_year": 2015,
        "fiscal_quarter": 4,
        "r2_url": "https://pub-2c783279b61043e19fbdadd1bee5153a.r2.dev/BFB/2015-06-03/Brown-Forman%20Corporation_2015-06-03_transcript/Brown-Forman%20Corporation_2015-06-03_transcript.pdf/Brown-Forman%20Corporation_2015-06-03_transcript.pdf",
        "periodicity": "periodic"
    },
    {
        "equity_ticker": "BFB",
        "geography": "US",
        "content_name": "BFB Q3 2015 Transcript",
        "file_type": "pdf",
        "content_type": "earnings_transcript",
        "published_date": "2015-03-04",
        "fiscal_date": "2015-03-04",
        "fiscal_year": 2015,
        "fiscal_quarter": 3,
        "r2_url": "https://pub-2c783279b61043e19fbdadd1bee5153a.r2.dev/BFB/2015-03-04/Brown-Forman%20Corporation_2015-03-04_transcript/Brown-Forman%20Corporation_2015-03-04_transcript.pdf/Brown-Forman%20Corporation_2015-03-04_transcript.pdf",
        "periodicity": "periodic"
    },
    {
        "equity_ticker": "BFB",
        "geography": "US",
        "content_name": "Investor Day 2014 - December 10, 2014",
        "file_type": "pdf",
        "content_type": "company_conference_transcript",
        "published_date": "2014-12-10",
        "fiscal_date": "2014-12-10",
        "fiscal_year": null,
        "fiscal_quarter": null,
        "r2_url": "https://pub-2c783279b61043e19fbdadd1bee5153a.r2.dev/BFB/2014-12-10/Brown-Forman%20Corporation_2014-12-10_transcript/Brown-Forman%20Corporation_2014-12-10_transcript.pdf/Brown-Forman%20Corporation_2014-12-10_transcript.pdf",
        "periodicity": "non_periodic"
    },
    {
        "equity_ticker": "BFB",
        "geography": "US",
        "content_name": "BFB Q2 2015 Transcript",
        "file_type": "pdf",
        "content_type": "earnings_transcript",
        "published_date": "2014-12-03",
        "fiscal_date": "2014-12-03",
        "fiscal_year": 2015,
        "fiscal_quarter": 2,
        "r2_url": "https://pub-2c783279b61043e19fbdadd1bee5153a.r2.dev/BFB/2014-12-03/Brown-Forman%20Corporation_2014-12-03_transcript/Brown-Forman%20Corporation_2014-12-03_transcript.pdf/Brown-Forman%20Corporation_2014-12-03_transcript.pdf",
        "periodicity": "periodic"
    },
    {
        "equity_ticker": "BFB",
        "geography": "US",
        "content_name": "BFB Q1 2015 Transcript",
        "file_type": "pdf",
        "content_type": "earnings_transcript",
        "published_date": "2014-08-27",
        "fiscal_date": "2014-08-27",
        "fiscal_year": 2015,
        "fiscal_quarter": 1,
        "r2_url": "https://pub-2c783279b61043e19fbdadd1bee5153a.r2.dev/BFB/2014-08-27/Brown-Forman%20Corporation_2014-08-27_transcript/Brown-Forman%20Corporation_2014-08-27_transcript.pdf/Brown-Forman%20Corporation_2014-08-27_transcript.pdf",
        "periodicity": "periodic"
    },
    {
        "equity_ticker": "BFB",
        "geography": "US",
        "content_name": "AGM 2014 - July 24, 2014",
        "file_type": "pdf",
        "content_type": "company_conference_transcript",
        "published_date": "2014-07-24",
        "fiscal_date": "2014-07-24",
        "fiscal_year": null,
        "fiscal_quarter": null,
        "r2_url": "https://pub-2c783279b61043e19fbdadd1bee5153a.r2.dev/BFB/2014-07-24/Brown-Forman%20Corporation_2014-07-24_transcript/Brown-Forman%20Corporation_2014-07-24_transcript.pdf/Brown-Forman%20Corporation_2014-07-24_transcript.pdf",
        "periodicity": "non_periodic"
    },
    {
        "equity_ticker": "BFB",
        "geography": "US",
        "content_name": "BFB Q4 2014 Transcript",
        "file_type": "pdf",
        "content_type": "earnings_transcript",
        "published_date": "2014-06-04",
        "fiscal_date": "2014-06-04",
        "fiscal_year": 2014,
        "fiscal_quarter": 4,
        "r2_url": "https://pub-2c783279b61043e19fbdadd1bee5153a.r2.dev/BFB/2014-06-04/Brown-Forman%20Corporation_2014-06-04_transcript/Brown-Forman%20Corporation_2014-06-04_transcript.pdf/Brown-Forman%20Corporation_2014-06-04_transcript.pdf",
        "periodicity": "periodic"
    },
    {
        "equity_ticker": "BFB",
        "geography": "US",
        "content_name": "BFB Q3 2014 Transcript",
        "file_type": "pdf",
        "content_type": "earnings_transcript",
        "published_date": "2014-03-05",
        "fiscal_date": "2014-03-05",
        "fiscal_year": 2014,
        "fiscal_quarter": 3,
        "r2_url": "https://pub-2c783279b61043e19fbdadd1bee5153a.r2.dev/BFB/2014-03-05/Brown-Forman%20Corporation_2014-03-05_transcript/Brown-Forman%20Corporation_2014-03-05_transcript.pdf/Brown-Forman%20Corporation_2014-03-05_transcript.pdf",
        "periodicity": "periodic"
    },
    {
        "equity_ticker": "BFB",
        "geography": "US",
        "content_name": "BFB Q2 2014 Transcript",
        "file_type": "pdf",
        "content_type": "earnings_transcript",
        "published_date": "2013-12-04",
        "fiscal_date": "2013-12-04",
        "fiscal_year": 2014,
        "fiscal_quarter": 2,
        "r2_url": "https://pub-2c783279b61043e19fbdadd1bee5153a.r2.dev/BFB/2013-12-04/Brown-Forman%20Corporation_2013-12-04_transcript/Brown-Forman%20Corporation_2013-12-04_transcript.pdf/Brown-Forman%20Corporation_2013-12-04_transcript.pdf",
        "periodicity": "periodic"
    },
    {
        "equity_ticker": "BFB",
        "geography": "US",
        "content_name": "BFB Q1 2014 Transcript",
        "file_type": "pdf",
        "content_type": "earnings_transcript",
        "published_date": "2013-08-28",
        "fiscal_date": "2013-08-28",
        "fiscal_year": 2014,
        "fiscal_quarter": 1,
        "r2_url": "https://pub-2c783279b61043e19fbdadd1bee5153a.r2.dev/BFB/2013-08-28/Brown-Forman%20Corporation_2013-08-28_transcript/Brown-Forman%20Corporation_2013-08-28_transcript.pdf/Brown-Forman%20Corporation_2013-08-28_transcript.pdf",
        "periodicity": "periodic"
    },
    {
        "equity_ticker": "BFB",
        "geography": "US",
        "content_name": "AGM 2013 - July 25, 2013",
        "file_type": "pdf",
        "content_type": "company_conference_transcript",
        "published_date": "2013-07-25",
        "fiscal_date": "2013-07-25",
        "fiscal_year": null,
        "fiscal_quarter": null,
        "r2_url": "https://pub-2c783279b61043e19fbdadd1bee5153a.r2.dev/BFB/2013-07-25/Brown-Forman%20Corporation_2013-07-25_transcript/Brown-Forman%20Corporation_2013-07-25_transcript.pdf/Brown-Forman%20Corporation_2013-07-25_transcript.pdf",
        "periodicity": "non_periodic"
    },
    {
        "equity_ticker": "BFB",
        "geography": "US",
        "content_name": "BFB Q4 2013 Transcript",
        "file_type": "pdf",
        "content_type": "earnings_transcript",
        "published_date": "2013-06-05",
        "fiscal_date": "2013-06-05",
        "fiscal_year": 2013,
        "fiscal_quarter": 4,
        "r2_url": "https://pub-2c783279b61043e19fbdadd1bee5153a.r2.dev/BFB/2013-06-05/Brown-Forman%20Corporation_2013-06-05_transcript/Brown-Forman%20Corporation_2013-06-05_transcript.pdf/Brown-Forman%20Corporation_2013-06-05_transcript.pdf",
        "periodicity": "periodic"
    },
    {
        "equity_ticker": "BFB",
        "geography": "US",
        "content_name": "BFB Q3 2013 Transcript",
        "file_type": "pdf",
        "content_type": "earnings_transcript",
        "published_date": "2013-03-06",
        "fiscal_date": "2013-03-06",
        "fiscal_year": 2013,
        "fiscal_quarter": 3,
        "r2_url": "https://pub-2c783279b61043e19fbdadd1bee5153a.r2.dev/BFB/2013-03-06/Brown-Forman%20Corporation_2013-03-06_transcript/Brown-Forman%20Corporation_2013-03-06_transcript.pdf/Brown-Forman%20Corporation_2013-03-06_transcript.pdf",
        "periodicity": "periodic"
    },
    {
        "equity_ticker": "BFB",
        "geography": "US",
        "content_name": "Investor Day 2012 - December 12, 2012",
        "file_type": "pdf",
        "content_type": "company_conference_transcript",
        "published_date": "2012-12-12",
        "fiscal_date": "2012-12-12",
        "fiscal_year": null,
        "fiscal_quarter": null,
        "r2_url": "https://pub-2c783279b61043e19fbdadd1bee5153a.r2.dev/BFB/2012-12-12/Brown-Forman%20Corporation_2012-12-12_transcript/Brown-Forman%20Corporation_2012-12-12_transcript.pdf/Brown-Forman%20Corporation_2012-12-12_transcript.pdf",
        "periodicity": "non_periodic"
    },
    {
        "equity_ticker": "BFB",
        "geography": "US",
        "content_name": "BFB Q2 2013 Transcript",
        "file_type": "pdf",
        "content_type": "earnings_transcript",
        "published_date": "2012-12-05",
        "fiscal_date": "2012-12-05",
        "fiscal_year": 2013,
        "fiscal_quarter": 2,
        "r2_url": "https://pub-2c783279b61043e19fbdadd1bee5153a.r2.dev/BFB/2012-12-05/Brown-Forman%20Corporation_2012-12-05_transcript/Brown-Forman%20Corporation_2012-12-05_transcript.pdf/Brown-Forman%20Corporation_2012-12-05_transcript.pdf",
        "periodicity": "periodic"
    },
    {
        "equity_ticker": "BFB",
        "geography": "US",
        "content_name": "BFB Q1 2013 Transcript",
        "file_type": "pdf",
        "content_type": "earnings_transcript",
        "published_date": "2012-08-29",
        "fiscal_date": "2012-08-29",
        "fiscal_year": 2013,
        "fiscal_quarter": 1,
        "r2_url": "https://pub-2c783279b61043e19fbdadd1bee5153a.r2.dev/BFB/2012-08-29/Brown-Forman%20Corporation_2012-08-29_transcript/Brown-Forman%20Corporation_2012-08-29_transcript.pdf/Brown-Forman%20Corporation_2012-08-29_transcript.pdf",
        "periodicity": "periodic"
    },
    {
        "equity_ticker": "BFB",
        "geography": "US",
        "content_name": "AGM 2012 - July 26, 2012",
        "file_type": "pdf",
        "content_type": "company_conference_transcript",
        "published_date": "2012-07-26",
        "fiscal_date": "2012-07-26",
        "fiscal_year": null,
        "fiscal_quarter": null,
        "r2_url": "https://pub-2c783279b61043e19fbdadd1bee5153a.r2.dev/BFB/2012-07-26/Brown-Forman%20Corporation_2012-07-26_transcript/Brown-Forman%20Corporation_2012-07-26_transcript.pdf/Brown-Forman%20Corporation_2012-07-26_transcript.pdf",
        "periodicity": "non_periodic"
    },
    {
        "equity_ticker": "BFB",
        "geography": "US",
        "content_name": "BFB Q4 2012 Transcript",
        "file_type": "pdf",
        "content_type": "earnings_transcript",
        "published_date": "2012-06-06",
        "fiscal_date": "2012-06-06",
        "fiscal_year": 2012,
        "fiscal_quarter": 4,
        "r2_url": "https://pub-2c783279b61043e19fbdadd1bee5153a.r2.dev/BFB/2012-06-06/Brown-Forman%20Corporation_2012-06-06_transcript/Brown-Forman%20Corporation_2012-06-06_transcript.pdf/Brown-Forman%20Corporation_2012-06-06_transcript.pdf",
        "periodicity": "periodic"
    },
    {
        "equity_ticker": "BFB",
        "geography": "US",
        "content_name": "BFB Q3 2012 Transcript",
        "file_type": "pdf",
        "content_type": "earnings_transcript",
        "published_date": "2012-03-07",
        "fiscal_date": "2012-03-07",
        "fiscal_year": 2012,
        "fiscal_quarter": 3,
        "r2_url": "https://pub-2c783279b61043e19fbdadd1bee5153a.r2.dev/BFB/2012-03-07/Brown-Forman%20Corporation_2012-03-07_transcript/Brown-Forman%20Corporation_2012-03-07_transcript.pdf/Brown-Forman%20Corporation_2012-03-07_transcript.pdf",
        "periodicity": "periodic"
    },
    {
        "equity_ticker": "BFB",
        "geography": "US",
        "content_name": "BFB Q2 2012 Transcript",
        "file_type": "pdf",
        "content_type": "earnings_transcript",
        "published_date": "2011-12-08",
        "fiscal_date": "2011-12-08",
        "fiscal_year": 2012,
        "fiscal_quarter": 2,
        "r2_url": "https://pub-2c783279b61043e19fbdadd1bee5153a.r2.dev/BFB/2011-12-08/Brown-Forman%20Corporation_2011-12-08_transcript/Brown-Forman%20Corporation_2011-12-08_transcript.pdf/Brown-Forman%20Corporation_2011-12-08_transcript.pdf",
        "periodicity": "periodic"
    },
    {
        "equity_ticker": "BFB",
        "geography": "US",
        "content_name": "BFB Q1 2012 Transcript",
        "file_type": "pdf",
        "content_type": "earnings_transcript",
        "published_date": "2011-08-31",
        "fiscal_date": "2011-08-31",
        "fiscal_year": 2012,
        "fiscal_quarter": 1,
        "r2_url": "https://pub-2c783279b61043e19fbdadd1bee5153a.r2.dev/BFB/2011-08-31/Brown-Forman%20Corporation_2011-08-31_transcript/Brown-Forman%20Corporation_2011-08-31_transcript.pdf/Brown-Forman%20Corporation_2011-08-31_transcript.pdf",
        "periodicity": "periodic"
    },
    {
        "equity_ticker": "BFB",
        "geography": "US",
        "content_name": "BFB Q4 2011 Transcript",
        "file_type": "pdf",
        "content_type": "earnings_transcript",
        "published_date": "2011-06-09",
        "fiscal_date": "2011-06-09",
        "fiscal_year": 2011,
        "fiscal_quarter": 4,
        "r2_url": "https://pub-2c783279b61043e19fbdadd1bee5153a.r2.dev/BFB/2011-06-09/Brown-Forman%20Corporation_2011-06-09_transcript/Brown-Forman%20Corporation_2011-06-09_transcript.pdf/Brown-Forman%20Corporation_2011-06-09_transcript.pdf",
        "periodicity": "periodic"
    },
    {
        "equity_ticker": "BFB",
        "geography": "US",
        "content_name": "BFB Q3 2011 Transcript",
        "file_type": "pdf",
        "content_type": "earnings_transcript",
        "published_date": "2011-03-08",
        "fiscal_date": "2011-03-08",
        "fiscal_year": 2011,
        "fiscal_quarter": 3,
        "r2_url": "https://pub-2c783279b61043e19fbdadd1bee5153a.r2.dev/BFB/2011-03-08/Brown-Forman%20Corporation_2011-03-08_transcript/Brown-Forman%20Corporation_2011-03-08_transcript.pdf/Brown-Forman%20Corporation_2011-03-08_transcript.pdf",
        "periodicity": "periodic"
    },
    {
        "equity_ticker": "BFB",
        "geography": "US",
        "content_name": "BFB Q2 2011 Transcript",
        "file_type": "pdf",
        "content_type": "earnings_transcript",
        "published_date": "2010-12-09",
        "fiscal_date": "2010-12-09",
        "fiscal_year": 2011,
        "fiscal_quarter": 2,
        "r2_url": "https://pub-2c783279b61043e19fbdadd1bee5153a.r2.dev/BFB/2010-12-09/Brown-Forman%20Corporation_2010-12-09_transcript/Brown-Forman%20Corporation_2010-12-09_transcript.pdf/Brown-Forman%20Corporation_2010-12-09_transcript.pdf",
        "periodicity": "periodic"
    },
    {
        "equity_ticker": "BFB",
        "geography": "US",
        "content_name": "BFB Q1 2011 Transcript",
        "file_type": "pdf",
        "content_type": "earnings_transcript",
        "published_date": "2010-09-01",
        "fiscal_date": "2010-09-01",
        "fiscal_year": 2011,
        "fiscal_quarter": 1,
        "r2_url": "https://pub-2c783279b61043e19fbdadd1bee5153a.r2.dev/BFB/2010-09-01/Brown-Forman%20Corporation_2010-09-01_transcript/Brown-Forman%20Corporation_2010-09-01_transcript.pdf/Brown-Forman%20Corporation_2010-09-01_transcript.pdf",
        "periodicity": "periodic"
    },
    {
        "equity_ticker": "BFB",
        "geography": "US",
        "content_name": "BFB Q4 2010 Transcript",
        "file_type": "pdf",
        "content_type": "earnings_transcript",
        "published_date": "2010-06-09",
        "fiscal_date": "2010-06-09",
        "fiscal_year": 2010,
        "fiscal_quarter": 4,
        "r2_url": "https://pub-2c783279b61043e19fbdadd1bee5153a.r2.dev/BFB/2010-06-09/Brown-Forman%20Corporation_2010-06-09_transcript/Brown-Forman%20Corporation_2010-06-09_transcript.pdf/Brown-Forman%20Corporation_2010-06-09_transcript.pdf",
        "periodicity": "periodic"
    }
]