[
  {
    "equity_ticker": "BG",
    "geography": "US",
    "content_name": "BG Q4 2024 10-K",
    "file_type": "pdf",
    "content_type": "annual_report",
    "published_date": "2025-02-20",
    "fiscal_date": "2024-12-31",
    "fiscal_year": 2024,
    "fiscal_quarter": 4,
    "r2_url": "https://pub-2c783279b61043e19fbdadd1bee5153a.r2.dev/BG/2025-02-20/bg-20241231.htm/bg-20241231.pdf",
    "periodicity": "periodic"
  },
  {
    "equity_ticker": "BG",
    "geography": "US",
    "content_name": "BG Q3 2024 10-Q",
    "file_type": "pdf",
    "content_type": "quarterly_report",
    "published_date": "2024-10-30",
    "fiscal_date": "2024-09-30",
    "fiscal_year": 2024,
    "fiscal_quarter": 3,
    "r2_url": "https://pub-2c783279b61043e19fbdadd1bee5153a.r2.dev/BG/2024-10-30/bg-20240930.htm/bg-20240930.pdf",
    "periodicity": "periodic"
  },
  {
    "equity_ticker": "BG",
    "geography": "US",
    "content_name": "BG Q2 2024 10-Q",
    "file_type": "pdf",
    "content_type": "quarterly_report",
    "published_date": "2024-08-01",
    "fiscal_date": "2024-06-30",
    "fiscal_year": 2024,
    "fiscal_quarter": 2,
    "r2_url": "https://pub-2c783279b61043e19fbdadd1bee5153a.r2.dev/BG/2024-08-01/bg-20240630.htm/bg-20240630.pdf",
    "periodicity": "periodic"
  },
  {
    "equity_ticker": "BG",
    "geography": "US",
    "content_name": "BG Q1 2024 10-Q",
    "file_type": "pdf",
    "content_type": "quarterly_report",
    "published_date": "2024-04-24",
    "fiscal_date": "2024-03-31",
    "fiscal_year": 2024,
    "fiscal_quarter": 1,
    "r2_url": "https://pub-2c783279b61043e19fbdadd1bee5153a.r2.dev/BG/2024-04-24/bg-20240331.htm/bg-20240331.pdf",
    "periodicity": "periodic"
  },
  {
    "equity_ticker": "BG",
    "geography": "US",
    "content_name": "BG Q4 2023 10-K",
    "file_type": "pdf",
    "content_type": "annual_report",
    "published_date": "2024-02-22",
    "fiscal_date": "2023-12-31",
    "fiscal_year": 2023,
    "fiscal_quarter": 4,
    "r2_url": "https://pub-2c783279b61043e19fbdadd1bee5153a.r2.dev/BG/2024-02-22/bg-20231231.htm/bg-20231231.pdf",
    "periodicity": "periodic"
  },
  {
    "equity_ticker": "BG",
    "geography": "US",
    "content_name": "BG Q3 2023 10-Q",
    "file_type": "pdf",
    "content_type": "quarterly_report",
    "published_date": "2023-10-26",
    "fiscal_date": "2023-09-30",
    "fiscal_year": 2023,
    "fiscal_quarter": 3,
    "r2_url": "https://pub-2c783279b61043e19fbdadd1bee5153a.r2.dev/BG/2023-10-26/bg-20230930.htm/bg-20230930.pdf",
    "periodicity": "periodic"
  },
  {
    "equity_ticker": "BG",
    "geography": "US",
    "content_name": "BG Q2 2023 10-Q",
    "file_type": "pdf",
    "content_type": "quarterly_report",
    "published_date": "2023-08-09",
    "fiscal_date": "2023-06-30",
    "fiscal_year": 2023,
    "fiscal_quarter": 2,
    "r2_url": "https://pub-2c783279b61043e19fbdadd1bee5153a.r2.dev/BG/2023-08-09/bg-20230630.htm/bg-20230630.pdf",
    "periodicity": "periodic"
  },
  {
    "equity_ticker": "BG",
    "geography": "US",
    "content_name": "BG Q1 2023 10-Q",
    "file_type": "pdf",
    "content_type": "quarterly_report",
    "published_date": "2023-05-03",
    "fiscal_date": "2023-03-31",
    "fiscal_year": 2023,
    "fiscal_quarter": 1,
    "r2_url": "https://pub-2c783279b61043e19fbdadd1bee5153a.r2.dev/BG/2023-05-03/bg-20230331.htm/bg-20230331.pdf",
    "periodicity": "periodic"
  },
  {
    "equity_ticker": "BG",
    "geography": "US",
    "content_name": "BG Q4 2022 10-K",
    "file_type": "pdf",
    "content_type": "annual_report",
    "published_date": "2023-02-24",
    "fiscal_date": "2022-12-31",
    "fiscal_year": 2022,
    "fiscal_quarter": 4,
    "r2_url": "https://pub-2c783279b61043e19fbdadd1bee5153a.r2.dev/BG/2023-02-24/bg-20221231.htm/bg-20221231.pdf",
    "periodicity": "periodic"
  },
  {
    "equity_ticker": "BG",
    "geography": "US",
    "content_name": "BG Q3 2022 10-Q",
    "file_type": "pdf",
    "content_type": "quarterly_report",
    "published_date": "2022-10-26",
    "fiscal_date": "2022-09-30",
    "fiscal_year": 2022,
    "fiscal_quarter": 3,
    "r2_url": "https://pub-2c783279b61043e19fbdadd1bee5153a.r2.dev/BG/2022-10-26/bg-20220930.htm/bg-20220930.pdf",
    "periodicity": "periodic"
  },
  {
    "equity_ticker": "BG",
    "geography": "US",
    "content_name": "BG Q2 2022 10-Q",
    "file_type": "pdf",
    "content_type": "quarterly_report",
    "published_date": "2022-07-27",
    "fiscal_date": "2022-06-30",
    "fiscal_year": 2022,
    "fiscal_quarter": 2,
    "r2_url": "https://pub-2c783279b61043e19fbdadd1bee5153a.r2.dev/BG/2022-07-27/bg-20220630.htm/bg-20220630.pdf",
    "periodicity": "periodic"
  },
  {
    "equity_ticker": "BG",
    "geography": "US",
    "content_name": "BG Q1 2022 10-Q",
    "file_type": "pdf",
    "content_type": "quarterly_report",
    "published_date": "2022-04-27",
    "fiscal_date": "2022-03-31",
    "fiscal_year": 2022,
    "fiscal_quarter": 1,
    "r2_url": "https://pub-2c783279b61043e19fbdadd1bee5153a.r2.dev/BG/2022-04-27/bg-20220331.htm/bg-20220331.pdf",
    "periodicity": "periodic"
  },
  {
    "equity_ticker": "BG",
    "geography": "US",
    "content_name": "BG Q4 2021 10-K",
    "file_type": "pdf",
    "content_type": "annual_report",
    "published_date": "2022-02-24",
    "fiscal_date": "2021-12-31",
    "fiscal_year": 2021,
    "fiscal_quarter": 4,
    "r2_url": "https://pub-2c783279b61043e19fbdadd1bee5153a.r2.dev/BG/2022-02-24/bg-20211231.htm/bg-20211231.pdf",
    "periodicity": "periodic"
  },
  {
    "equity_ticker": "BG",
    "geography": "US",
    "content_name": "BG Q3 2021 10-Q",
    "file_type": "pdf",
    "content_type": "quarterly_report",
    "published_date": "2021-10-27",
    "fiscal_date": "2021-09-30",
    "fiscal_year": 2021,
    "fiscal_quarter": 3,
    "r2_url": "https://pub-2c783279b61043e19fbdadd1bee5153a.r2.dev/BG/2021-10-27/bg-20210930.htm/bg-20210930.pdf",
    "periodicity": "periodic"
  },
  {
    "equity_ticker": "BG",
    "geography": "US",
    "content_name": "BG Q2 2021 10-Q",
    "file_type": "pdf",
    "content_type": "quarterly_report",
    "published_date": "2021-07-28",
    "fiscal_date": "2021-06-30",
    "fiscal_year": 2021,
    "fiscal_quarter": 2,
    "r2_url": "https://pub-2c783279b61043e19fbdadd1bee5153a.r2.dev/BG/2021-07-28/bg-20210630.htm/bg-20210630.pdf",
    "periodicity": "periodic"
  },
  {
    "equity_ticker": "BG",
    "geography": "US",
    "content_name": "BG Q1 2021 10-Q",
    "file_type": "pdf",
    "content_type": "quarterly_report",
    "published_date": "2021-05-04",
    "fiscal_date": "2021-03-31",
    "fiscal_year": 2021,
    "fiscal_quarter": 1,
    "r2_url": "https://pub-2c783279b61043e19fbdadd1bee5153a.r2.dev/BG/2021-05-04/bg-20210331.htm/bg-20210331.pdf",
    "periodicity": "periodic"
  },
  {
    "equity_ticker": "BG",
    "geography": "US",
    "content_name": "BG Q4 2020 10-K",
    "file_type": "pdf",
    "content_type": "annual_report",
    "published_date": "2021-02-19",
    "fiscal_date": "2020-12-31",
    "fiscal_year": 2020,
    "fiscal_quarter": 4,
    "r2_url": "https://pub-2c783279b61043e19fbdadd1bee5153a.r2.dev/BG/2021-02-19/bg-20201231.htm/bg-20201231.pdf",
    "periodicity": "periodic"
  },
  {
    "equity_ticker": "BG",
    "geography": "US",
    "content_name": "BG Q3 2020 10-Q",
    "file_type": "pdf",
    "content_type": "quarterly_report",
    "published_date": "2020-10-28",
    "fiscal_date": "2020-09-30",
    "fiscal_year": 2020,
    "fiscal_quarter": 3,
    "r2_url": "https://pub-2c783279b61043e19fbdadd1bee5153a.r2.dev/BG/2020-10-28/bg-20200930.htm/bg-20200930.pdf",
    "periodicity": "periodic"
  },
  {
    "equity_ticker": "BG",
    "geography": "US",
    "content_name": "BG Q2 2020 10-Q",
    "file_type": "pdf",
    "content_type": "quarterly_report",
    "published_date": "2020-07-29",
    "fiscal_date": "2020-06-30",
    "fiscal_year": 2020,
    "fiscal_quarter": 2,
    "r2_url": "https://pub-2c783279b61043e19fbdadd1bee5153a.r2.dev/BG/2020-07-29/bg-20200630.htm/ix.pdf",
    "periodicity": "periodic"
  },
  {
    "equity_ticker": "BG",
    "geography": "US",
    "content_name": "BG Q1 2020 10-Q",
    "file_type": "pdf",
    "content_type": "quarterly_report",
    "published_date": "2020-05-06",
    "fiscal_date": "2020-03-31",
    "fiscal_year": 2020,
    "fiscal_quarter": 1,
    "r2_url": "https://pub-2c783279b61043e19fbdadd1bee5153a.r2.dev/BG/2020-05-06/bg-03312020x10q.htm/ix.pdf",
    "periodicity": "periodic"
  },
  {
    "equity_ticker": "BG",
    "geography": "US",
    "content_name": "BG Q4 2019 10-K",
    "file_type": "pdf",
    "content_type": "annual_report",
    "published_date": "2020-02-21",
    "fiscal_date": "2019-12-31",
    "fiscal_year": 2019,
    "fiscal_quarter": 4,
    "r2_url": "https://pub-2c783279b61043e19fbdadd1bee5153a.r2.dev/BG/2020-02-21/bg-12312019x10k.htm/ix.pdf",
    "periodicity": "periodic"
  },
  {
    "equity_ticker": "BG",
    "geography": "US",
    "content_name": "BG Q3 2019 10-Q",
    "file_type": "pdf",
    "content_type": "quarterly_report",
    "published_date": "2019-10-30",
    "fiscal_date": "2019-09-30",
    "fiscal_year": 2019,
    "fiscal_quarter": 3,
    "r2_url": "https://pub-2c783279b61043e19fbdadd1bee5153a.r2.dev/BG/2019-10-30/bg-09302019x10q.htm/ix.pdf",
    "periodicity": "periodic"
  },
  {
    "equity_ticker": "BG",
    "geography": "US",
    "content_name": "BG Q2 2019 10-Q",
    "file_type": "pdf",
    "content_type": "quarterly_report",
    "published_date": "2019-07-31",
    "fiscal_date": "2019-06-30",
    "fiscal_year": 2019,
    "fiscal_quarter": 2,
    "r2_url": "https://pub-2c783279b61043e19fbdadd1bee5153a.r2.dev/BG/2019-07-31/bg-06302019x10q.htm/ix.pdf",
    "periodicity": "periodic"
  },
  {
    "equity_ticker": "BG",
    "geography": "US",
    "content_name": "BG Q1 2019 10-Q",
    "file_type": "pdf",
    "content_type": "quarterly_report",
    "published_date": "2019-05-08",
    "fiscal_date": "2019-03-31",
    "fiscal_year": 2019,
    "fiscal_quarter": 1,
    "r2_url": "https://pub-2c783279b61043e19fbdadd1bee5153a.r2.dev/BG/2019-05-08/bg-03312019x10q.htm/bg-03312019x10q.pdf",
    "periodicity": "periodic"
  },
  {
    "equity_ticker": "BG",
    "geography": "US",
    "content_name": "BG Q4 2018 10-K",
    "file_type": "pdf",
    "content_type": "annual_report",
    "published_date": "2019-02-22",
    "fiscal_date": "2018-12-31",
    "fiscal_year": 2018,
    "fiscal_quarter": 4,
    "r2_url": "https://pub-2c783279b61043e19fbdadd1bee5153a.r2.dev/BG/2019-02-22/bg-12312018x10k.htm/bg-12312018x10k.pdf",
    "periodicity": "periodic"
  },
  {
    "equity_ticker": "BG",
    "geography": "US",
    "content_name": "BG Q3 2018 10-Q",
    "file_type": "pdf",
    "content_type": "quarterly_report",
    "published_date": "2018-10-31",
    "fiscal_date": "2018-09-30",
    "fiscal_year": 2018,
    "fiscal_quarter": 3,
    "r2_url": "https://pub-2c783279b61043e19fbdadd1bee5153a.r2.dev/BG/2018-10-31/bg-9302018x10q.htm/bg-9302018x10q.pdf",
    "periodicity": "periodic"
  },
  {
    "equity_ticker": "BG",
    "geography": "US",
    "content_name": "BG Q2 2018 10-Q",
    "file_type": "pdf",
    "content_type": "quarterly_report",
    "published_date": "2018-08-01",
    "fiscal_date": "2018-06-30",
    "fiscal_year": 2018,
    "fiscal_quarter": 2,
    "r2_url": "https://pub-2c783279b61043e19fbdadd1bee5153a.r2.dev/BG/2018-08-01/bg-6302018x10q.htm/bg-6302018x10q.pdf",
    "periodicity": "periodic"
  },
  {
    "equity_ticker": "BG",
    "geography": "US",
    "content_name": "BG Q1 2018 10-Q",
    "file_type": "pdf",
    "content_type": "quarterly_report",
    "published_date": "2018-05-02",
    "fiscal_date": "2018-03-31",
    "fiscal_year": 2018,
    "fiscal_quarter": 1,
    "r2_url": "https://pub-2c783279b61043e19fbdadd1bee5153a.r2.dev/BG/2018-05-02/bg-3312018x10q.htm/bg-3312018x10q.pdf",
    "periodicity": "periodic"
  },
  {
    "equity_ticker": "BG",
    "geography": "US",
    "content_name": "BG Q4 2017 10-K",
    "file_type": "pdf",
    "content_type": "annual_report",
    "published_date": "2018-02-23",
    "fiscal_date": "2017-12-31",
    "fiscal_year": 2017,
    "fiscal_quarter": 4,
    "r2_url": "https://pub-2c783279b61043e19fbdadd1bee5153a.r2.dev/BG/2018-02-23/bg-12312017x10k.htm/bg-12312017x10k.pdf",
    "periodicity": "periodic"
  },
  {
    "equity_ticker": "BG",
    "geography": "US",
    "content_name": "BG Q3 2017 10-Q",
    "file_type": "pdf",
    "content_type": "quarterly_report",
    "published_date": "2017-11-01",
    "fiscal_date": "2017-09-30",
    "fiscal_year": 2017,
    "fiscal_quarter": 3,
    "r2_url": "https://pub-2c783279b61043e19fbdadd1bee5153a.r2.dev/BG/2017-11-01/bg-9302017x10q.htm/bg-9302017x10q.pdf",
    "periodicity": "periodic"
  },
  {
    "equity_ticker": "BG",
    "geography": "US",
    "content_name": "BG Q2 2017 10-Q",
    "file_type": "pdf",
    "content_type": "quarterly_report",
    "published_date": "2017-08-02",
    "fiscal_date": "2017-06-30",
    "fiscal_year": 2017,
    "fiscal_quarter": 2,
    "r2_url": "https://pub-2c783279b61043e19fbdadd1bee5153a.r2.dev/BG/2017-08-02/a17-13282_110q.htm/a17-13282_110q.pdf",
    "periodicity": "periodic"
  },
  {
    "equity_ticker": "BG",
    "geography": "US",
    "content_name": "BG Q1 2017 10-Q",
    "file_type": "pdf",
    "content_type": "quarterly_report",
    "published_date": "2017-05-03",
    "fiscal_date": "2017-03-31",
    "fiscal_year": 2017,
    "fiscal_quarter": 1,
    "r2_url": "https://pub-2c783279b61043e19fbdadd1bee5153a.r2.dev/BG/2017-05-03/a17-8814_110q.htm/a17-8814_110q.pdf",
    "periodicity": "periodic"
  },
  {
    "equity_ticker": "BG",
    "geography": "US",
    "content_name": "BG Q4 2016 10-K",
    "file_type": "pdf",
    "content_type": "annual_report",
    "published_date": "2017-02-28",
    "fiscal_date": "2016-12-31",
    "fiscal_year": 2016,
    "fiscal_quarter": 4,
    "r2_url": "https://pub-2c783279b61043e19fbdadd1bee5153a.r2.dev/BG/2017-02-28/a2230755z10-k.htm/a2230755z10-k.pdf",
    "periodicity": "periodic"
  },
  {
    "equity_ticker": "BG",
    "geography": "US",
    "content_name": "BG Q3 2016 10-Q",
    "file_type": "pdf",
    "content_type": "quarterly_report",
    "published_date": "2016-11-02",
    "fiscal_date": "2016-09-30",
    "fiscal_year": 2016,
    "fiscal_quarter": 3,
    "r2_url": "https://pub-2c783279b61043e19fbdadd1bee5153a.r2.dev/BG/2016-11-02/a16-17104_110q.htm/a16-17104_110q.pdf",
    "periodicity": "periodic"
  },
  {
    "equity_ticker": "BG",
    "geography": "US",
    "content_name": "BG Q2 2016 10-Q",
    "file_type": "pdf",
    "content_type": "quarterly_report",
    "published_date": "2016-07-28",
    "fiscal_date": "2016-06-30",
    "fiscal_year": 2016,
    "fiscal_quarter": 2,
    "r2_url": "https://pub-2c783279b61043e19fbdadd1bee5153a.r2.dev/BG/2016-07-28/a16-11229_110q.htm/a16-11229_110q.pdf",
    "periodicity": "periodic"
  },
  {
    "equity_ticker": "BG",
    "geography": "US",
    "content_name": "BG Q1 2016 10-Q",
    "file_type": "pdf",
    "content_type": "quarterly_report",
    "published_date": "2016-04-28",
    "fiscal_date": "2016-03-31",
    "fiscal_year": 2016,
    "fiscal_quarter": 1,
    "r2_url": "https://pub-2c783279b61043e19fbdadd1bee5153a.r2.dev/BG/2016-04-28/a16-6538_110q.htm/a16-6538_110q.pdf",
    "periodicity": "periodic"
  },
  {
    "equity_ticker": "BG",
    "geography": "US",
    "content_name": "BG Q4 2015 10-K",
    "file_type": "pdf",
    "content_type": "annual_report",
    "published_date": "2016-02-25",
    "fiscal_date": "2015-12-31",
    "fiscal_year": 2015,
    "fiscal_quarter": 4,
    "r2_url": "https://pub-2c783279b61043e19fbdadd1bee5153a.r2.dev/BG/2016-02-25/a2227431z10-k.htm/a2227431z10-k.pdf",
    "periodicity": "periodic"
  },
  {
    "equity_ticker": "BG",
    "geography": "US",
    "content_name": "BG Q3 2015 10-Q",
    "file_type": "pdf",
    "content_type": "quarterly_report",
    "published_date": "2015-11-06",
    "fiscal_date": "2015-09-30",
    "fiscal_year": 2015,
    "fiscal_quarter": 3,
    "r2_url": "https://pub-2c783279b61043e19fbdadd1bee5153a.r2.dev/BG/2015-11-06/a15-17887_110q.htm/a15-17887_110q.pdf",
    "periodicity": "periodic"
  },
  {
    "equity_ticker": "BG",
    "geography": "US",
    "content_name": "BG Q2 2015 10-Q",
    "file_type": "pdf",
    "content_type": "quarterly_report",
    "published_date": "2015-07-31",
    "fiscal_date": "2015-06-30",
    "fiscal_year": 2015,
    "fiscal_quarter": 2,
    "r2_url": "https://pub-2c783279b61043e19fbdadd1bee5153a.r2.dev/BG/2015-07-31/a15-11965_110q.htm/a15-11965_110q.pdf",
    "periodicity": "periodic"
  },
  {
    "equity_ticker": "BG",
    "geography": "US",
    "content_name": "BG Q1 2015 10-Q",
    "file_type": "pdf",
    "content_type": "quarterly_report",
    "published_date": "2015-04-30",
    "fiscal_date": "2015-03-31",
    "fiscal_year": 2015,
    "fiscal_quarter": 1,
    "r2_url": "https://pub-2c783279b61043e19fbdadd1bee5153a.r2.dev/BG/2015-04-30/a15-7182_110q.htm/a15-7182_110q.pdf",
    "periodicity": "periodic"
  },
  {
    "equity_ticker": "BG",
    "geography": "US",
    "content_name": "BG Q4 2014 10-K",
    "file_type": "pdf",
    "content_type": "annual_report",
    "published_date": "2015-03-02",
    "fiscal_date": "2014-12-31",
    "fiscal_year": 2014,
    "fiscal_quarter": 4,
    "r2_url": "https://pub-2c783279b61043e19fbdadd1bee5153a.r2.dev/BG/2015-03-02/a2223279z10-k.htm/a2223279z10-k.pdf",
    "periodicity": "periodic"
  },
  {
    "equity_ticker": "BG",
    "geography": "US",
    "content_name": "BG Q3 2014 10-Q",
    "file_type": "pdf",
    "content_type": "quarterly_report",
    "published_date": "2014-11-07",
    "fiscal_date": "2014-09-30",
    "fiscal_year": 2014,
    "fiscal_quarter": 3,
    "r2_url": "https://pub-2c783279b61043e19fbdadd1bee5153a.r2.dev/BG/2014-11-07/a14-18938_110q.htm/a14-18938_110q.pdf",
    "periodicity": "periodic"
  },
  {
    "equity_ticker": "BG",
    "geography": "US",
    "content_name": "BG Q2 2014 10-Q",
    "file_type": "pdf",
    "content_type": "quarterly_report",
    "published_date": "2014-07-31",
    "fiscal_date": "2014-06-30",
    "fiscal_year": 2014,
    "fiscal_quarter": 2,
    "r2_url": "https://pub-2c783279b61043e19fbdadd1bee5153a.r2.dev/BG/2014-07-31/a14-13892_110q.htm/a14-13892_110q.pdf",
    "periodicity": "periodic"
  },
  {
    "equity_ticker": "BG",
    "geography": "US",
    "content_name": "BG Q1 2014 10-Q",
    "file_type": "pdf",
    "content_type": "quarterly_report",
    "published_date": "2014-05-06",
    "fiscal_date": "2014-03-31",
    "fiscal_year": 2014,
    "fiscal_quarter": 1,
    "r2_url": "https://pub-2c783279b61043e19fbdadd1bee5153a.r2.dev/BG/2014-05-06/a14-8495_110q.htm/a14-8495_110q.pdf",
    "periodicity": "periodic"
  },
  {
    "equity_ticker": "BG",
    "geography": "US",
    "content_name": "BG Q4 2013 10-K",
    "file_type": "pdf",
    "content_type": "annual_report",
    "published_date": "2014-02-28",
    "fiscal_date": "2013-12-31",
    "fiscal_year": 2013,
    "fiscal_quarter": 4,
    "r2_url": "https://pub-2c783279b61043e19fbdadd1bee5153a.r2.dev/BG/2014-02-28/a2218521z10-k.htm/a2218521z10-k.pdf",
    "periodicity": "periodic"
  },
  {
    "equity_ticker": "BG",
    "geography": "US",
    "content_name": "BG Q3 2013 10-Q",
    "file_type": "pdf",
    "content_type": "quarterly_report",
    "published_date": "2013-11-08",
    "fiscal_date": "2013-09-30",
    "fiscal_year": 2013,
    "fiscal_quarter": 3,
    "r2_url": "https://pub-2c783279b61043e19fbdadd1bee5153a.r2.dev/BG/2013-11-08/a13-19609_110q.htm/a13-19609_110q.pdf",
    "periodicity": "periodic"
  },
  {
    "equity_ticker": "BG",
    "geography": "US",
    "content_name": "BG Q2 2013 10-Q",
    "file_type": "pdf",
    "content_type": "quarterly_report",
    "published_date": "2013-08-05",
    "fiscal_date": "2013-06-30",
    "fiscal_year": 2013,
    "fiscal_quarter": 2,
    "r2_url": "https://pub-2c783279b61043e19fbdadd1bee5153a.r2.dev/BG/2013-08-05/a13-13725_110q.htm/a13-13725_110q.pdf",
    "periodicity": "periodic"
  },
  {
    "equity_ticker": "BG",
    "geography": "US",
    "content_name": "BG Q1 2013 10-Q",
    "file_type": "pdf",
    "content_type": "quarterly_report",
    "published_date": "2013-05-03",
    "fiscal_date": "2013-03-31",
    "fiscal_year": 2013,
    "fiscal_quarter": 1,
    "r2_url": "https://pub-2c783279b61043e19fbdadd1bee5153a.r2.dev/BG/2013-05-03/a13-8390_110q.htm/a13-8390_110q.pdf",
    "periodicity": "periodic"
  },
  {
    "equity_ticker": "BG",
    "geography": "US",
    "content_name": "BG Q4 2012 10-K",
    "file_type": "pdf",
    "content_type": "annual_report",
    "published_date": "2013-03-01",
    "fiscal_date": "2012-12-31",
    "fiscal_year": 2012,
    "fiscal_quarter": 4,
    "r2_url": "https://pub-2c783279b61043e19fbdadd1bee5153a.r2.dev/BG/2013-03-01/a2213025z10-k.htm/a2213025z10-k.pdf",
    "periodicity": "periodic"
  },
  {
    "equity_ticker": "BG",
    "geography": "US",
    "content_name": "BG Q3 2012 10-Q",
    "file_type": "pdf",
    "content_type": "quarterly_report",
    "published_date": "2012-11-06",
    "fiscal_date": "2012-09-30",
    "fiscal_year": 2012,
    "fiscal_quarter": 3,
    "r2_url": "https://pub-2c783279b61043e19fbdadd1bee5153a.r2.dev/BG/2012-11-06/a12-19842_110q.htm/a12-19842_110q.pdf",
    "periodicity": "periodic"
  },
  {
    "equity_ticker": "BG",
    "geography": "US",
    "content_name": "BG Q2 2012 10-Q",
    "file_type": "pdf",
    "content_type": "quarterly_report",
    "published_date": "2012-08-01",
    "fiscal_date": "2012-06-30",
    "fiscal_year": 2012,
    "fiscal_quarter": 2,
    "r2_url": "https://pub-2c783279b61043e19fbdadd1bee5153a.r2.dev/BG/2012-08-01/a12-12379_110q.htm/a12-12379_110q.pdf",
    "periodicity": "periodic"
  },
  {
    "equity_ticker": "BG",
    "geography": "US",
    "content_name": "BG Q1 2012 10-Q",
    "file_type": "pdf",
    "content_type": "quarterly_report",
    "published_date": "2012-05-07",
    "fiscal_date": "2012-03-31",
    "fiscal_year": 2012,
    "fiscal_quarter": 1,
    "r2_url": "https://pub-2c783279b61043e19fbdadd1bee5153a.r2.dev/BG/2012-05-07/a12-7279_110q.htm/a12-7279_110q.pdf",
    "periodicity": "periodic"
  },
  {
    "equity_ticker": "BG",
    "geography": "US",
    "content_name": "BG Q4 2011 10-K",
    "file_type": "pdf",
    "content_type": "annual_report",
    "published_date": "2012-02-27",
    "fiscal_date": "2011-12-31",
    "fiscal_year": 2011,
    "fiscal_quarter": 4,
    "r2_url": "https://pub-2c783279b61043e19fbdadd1bee5153a.r2.dev/BG/2012-02-27/a2207393z10-k.htm/a2207393z10-k.pdf",
    "periodicity": "periodic"
  },
  {
    "equity_ticker": "BG",
    "geography": "US",
    "content_name": "BG Q3 2011 10-Q",
    "file_type": "pdf",
    "content_type": "quarterly_report",
    "published_date": "2011-11-09",
    "fiscal_date": "2011-09-30",
    "fiscal_year": 2011,
    "fiscal_quarter": 3,
    "r2_url": "https://pub-2c783279b61043e19fbdadd1bee5153a.r2.dev/BG/2011-11-09/a11-25387_110q.htm/a11-25387_110q.pdf",
    "periodicity": "periodic"
  },
  {
    "equity_ticker": "BG",
    "geography": "US",
    "content_name": "BG Q2 2011 10-Q",
    "file_type": "pdf",
    "content_type": "quarterly_report",
    "published_date": "2011-08-09",
    "fiscal_date": "2011-06-30",
    "fiscal_year": 2011,
    "fiscal_quarter": 2,
    "r2_url": "https://pub-2c783279b61043e19fbdadd1bee5153a.r2.dev/BG/2011-08-09/a11-13908_110q.htm/a11-13908_110q.pdf",
    "periodicity": "periodic"
  },
  {
    "equity_ticker": "BG",
    "geography": "US",
    "content_name": "BG Q1 2011 10-Q",
    "file_type": "pdf",
    "content_type": "quarterly_report",
    "published_date": "2011-05-10",
    "fiscal_date": "2011-03-31",
    "fiscal_year": 2011,
    "fiscal_quarter": 1,
    "r2_url": "https://pub-2c783279b61043e19fbdadd1bee5153a.r2.dev/BG/2011-05-10/a11-9271_110q.htm/a11-9271_110q.pdf",
    "periodicity": "periodic"
  },
  {
    "equity_ticker": "BG",
    "geography": "US",
    "content_name": "BG Q4 2010 10-K",
    "file_type": "pdf",
    "content_type": "annual_report",
    "published_date": "2011-03-01",
    "fiscal_date": "2010-12-31",
    "fiscal_year": 2010,
    "fiscal_quarter": 4,
    "r2_url": "https://pub-2c783279b61043e19fbdadd1bee5153a.r2.dev/BG/2011-03-01/a2202154z10-k.htm/a2202154z10-k.pdf",
    "periodicity": "periodic"
  },
  {
    "equity_ticker": "BG",
    "geography": "US",
    "content_name": "BG Q3 2010 10-Q",
    "file_type": "pdf",
    "content_type": "quarterly_report",
    "published_date": "2010-11-09",
    "fiscal_date": "2010-09-30",
    "fiscal_year": 2010,
    "fiscal_quarter": 3,
    "r2_url": "https://pub-2c783279b61043e19fbdadd1bee5153a.r2.dev/BG/2010-11-09/a10-17279_110q.htm/a10-17279_110q.pdf",
    "periodicity": "periodic"
  },
  {
    "equity_ticker": "BG",
    "geography": "US",
    "content_name": "BG Q2 2010 10-Q",
    "file_type": "pdf",
    "content_type": "quarterly_report",
    "published_date": "2010-08-09",
    "fiscal_date": "2010-06-30",
    "fiscal_year": 2010,
    "fiscal_quarter": 2,
    "r2_url": "https://pub-2c783279b61043e19fbdadd1bee5153a.r2.dev/BG/2010-08-09/a10-12617_110q.htm/a10-12617_110q.pdf",
    "periodicity": "periodic"
  },
  {
    "equity_ticker": "BG",
    "geography": "US",
    "content_name": "BG Q1 2010 10-Q",
    "file_type": "pdf",
    "content_type": "quarterly_report",
    "published_date": "2010-05-10",
    "fiscal_date": "2010-03-31",
    "fiscal_year": 2010,
    "fiscal_quarter": 1,
    "r2_url": "https://pub-2c783279b61043e19fbdadd1bee5153a.r2.dev/BG/2010-05-10/a10-5744_110q.htm/a10-5744_110q.pdf",
    "periodicity": "periodic"
  },
  {
    "equity_ticker": "BG",
    "geography": "US",
    "content_name": "BG Q4 2009 10-K",
    "file_type": "pdf",
    "content_type": "annual_report",
    "published_date": "2010-03-01",
    "fiscal_date": "2009-12-31",
    "fiscal_year": 2009,
    "fiscal_quarter": 4,
    "r2_url": "https://pub-2c783279b61043e19fbdadd1bee5153a.r2.dev/BG/2010-03-01/a2196752z10-k.htm/a2196752z10-k.pdf",
    "periodicity": "periodic"
  },
  {
    "equity_ticker": "BG",
    "geography": "US",
    "content_name": "BG Q3 2009 10-Q",
    "file_type": "pdf",
    "content_type": "quarterly_report",
    "published_date": "2009-11-09",
    "fiscal_date": "2009-09-30",
    "fiscal_year": 2009,
    "fiscal_quarter": 3,
    "r2_url": "https://pub-2c783279b61043e19fbdadd1bee5153a.r2.dev/BG/2009-11-09/a09-30768_110q.htm/a09-30768_110q.pdf",
    "periodicity": "periodic"
  },
  {
    "equity_ticker": "BG",
    "geography": "US",
    "content_name": "BG Q2 2009 10-Q",
    "file_type": "pdf",
    "content_type": "quarterly_report",
    "published_date": "2009-08-10",
    "fiscal_date": "2009-06-30",
    "fiscal_year": 2009,
    "fiscal_quarter": 2,
    "r2_url": "https://pub-2c783279b61043e19fbdadd1bee5153a.r2.dev/BG/2009-08-10/a09-17259_110q.htm/a09-17259_110q.pdf",
    "periodicity": "periodic"
  },
  {
    "equity_ticker": "BG",
    "geography": "US",
    "content_name": "BG Q1 2009 10-Q",
    "file_type": "pdf",
    "content_type": "quarterly_report",
    "published_date": "2009-05-11",
    "fiscal_date": "2009-03-31",
    "fiscal_year": 2009,
    "fiscal_quarter": 1,
    "r2_url": "https://pub-2c783279b61043e19fbdadd1bee5153a.r2.dev/BG/2009-05-11/a09-11508_110q.htm/a09-11508_110q.pdf",
    "periodicity": "periodic"
  },
  {
    "equity_ticker": "BG",
    "geography": "US",
    "content_name": "BG Q4 2008 10-K",
    "file_type": "pdf",
    "content_type": "annual_report",
    "published_date": "2009-03-02",
    "fiscal_date": "2008-12-31",
    "fiscal_year": 2008,
    "fiscal_quarter": 4,
    "r2_url": "https://pub-2c783279b61043e19fbdadd1bee5153a.r2.dev/BG/2009-03-02/a2190837z10-k.htm/a2190837z10-k.pdf",
    "periodicity": "periodic"
  },
  {
    "equity_ticker": "BG",
    "geography": "US",
    "content_name": "BG Q3 2008 10-Q",
    "file_type": "pdf",
    "content_type": "quarterly_report",
    "published_date": "2008-11-10",
    "fiscal_date": "2008-09-30",
    "fiscal_year": 2008,
    "fiscal_quarter": 3,
    "r2_url": "https://pub-2c783279b61043e19fbdadd1bee5153a.r2.dev/BG/2008-11-10/a08-25902_210q.htm/a08-25902_210q.pdf",
    "periodicity": "periodic"
  },
  {
    "equity_ticker": "BG",
    "geography": "US",
    "content_name": "BG Q2 2008 10-Q",
    "file_type": "pdf",
    "content_type": "quarterly_report",
    "published_date": "2008-08-11",
    "fiscal_date": "2008-06-30",
    "fiscal_year": 2008,
    "fiscal_quarter": 2,
    "r2_url": "https://pub-2c783279b61043e19fbdadd1bee5153a.r2.dev/BG/2008-08-11/a08-21372_110q.htm/a08-21372_110q.pdf",
    "periodicity": "periodic"
  },
  {
    "equity_ticker": "BG",
    "geography": "US",
    "content_name": "BG Q1 2008 10-Q",
    "file_type": "pdf",
    "content_type": "quarterly_report",
    "published_date": "2008-05-12",
    "fiscal_date": "2008-03-31",
    "fiscal_year": 2008,
    "fiscal_quarter": 1,
    "r2_url": "https://pub-2c783279b61043e19fbdadd1bee5153a.r2.dev/BG/2008-05-12/a2185664z10-q.htm/a2185664z10-q.pdf",
    "periodicity": "periodic"
  },
  {
    "equity_ticker": "BG",
    "geography": "US",
    "content_name": "BG Q4 2007 10-K",
    "file_type": "pdf",
    "content_type": "annual_report",
    "published_date": "2008-03-03",
    "fiscal_date": "2007-12-31",
    "fiscal_year": 2007,
    "fiscal_quarter": 4,
    "r2_url": "https://pub-2c783279b61043e19fbdadd1bee5153a.r2.dev/BG/2008-03-03/a2183015z10-k.htm/a2183015z10-k.pdf",
    "periodicity": "periodic"
  },
  {
    "equity_ticker": "BG",
    "geography": "US",
    "content_name": "BG Q3 2007 10-Q",
    "file_type": "pdf",
    "content_type": "quarterly_report",
    "published_date": "2007-11-09",
    "fiscal_date": "2007-09-30",
    "fiscal_year": 2007,
    "fiscal_quarter": 3,
    "r2_url": "https://pub-2c783279b61043e19fbdadd1bee5153a.r2.dev/BG/2007-11-09/a2180920z10-q.htm/a2180920z10-q.pdf",
    "periodicity": "periodic"
  },
  {
    "equity_ticker": "BG",
    "geography": "US",
    "content_name": "BG Q2 2007 10-Q",
    "file_type": "pdf",
    "content_type": "quarterly_report",
    "published_date": "2007-08-09",
    "fiscal_date": "2007-06-30",
    "fiscal_year": 2007,
    "fiscal_quarter": 2,
    "r2_url": "https://pub-2c783279b61043e19fbdadd1bee5153a.r2.dev/BG/2007-08-09/a2179231z10-q.htm/a2179231z10-q.pdf",
    "periodicity": "periodic"
  },
  {
    "equity_ticker": "BG",
    "geography": "US",
    "content_name": "BG Q1 2007 10-Q",
    "file_type": "pdf",
    "content_type": "quarterly_report",
    "published_date": "2007-05-10",
    "fiscal_date": "2007-03-31",
    "fiscal_year": 2007,
    "fiscal_quarter": 1,
    "r2_url": "https://pub-2c783279b61043e19fbdadd1bee5153a.r2.dev/BG/2007-05-10/a2177759z10-q.htm/a2177759z10-q.pdf",
    "periodicity": "periodic"
  },
  {
    "equity_ticker": "BG",
    "geography": "US",
    "content_name": "BG Q4 2006 10-K",
    "file_type": "pdf",
    "content_type": "annual_report",
    "published_date": "2007-03-01",
    "fiscal_date": "2006-12-31",
    "fiscal_year": 2006,
    "fiscal_quarter": 4,
    "r2_url": "https://pub-2c783279b61043e19fbdadd1bee5153a.r2.dev/BG/2007-03-01/a07-5412_110k.htm/a07-5412_110k.pdf",
    "periodicity": "periodic"
  },
  {
    "equity_ticker": "BG",
    "geography": "US",
    "content_name": "BG Q3 2006 10-Q",
    "file_type": "pdf",
    "content_type": "quarterly_report",
    "published_date": "2006-11-09",
    "fiscal_date": "2006-09-30",
    "fiscal_year": 2006,
    "fiscal_quarter": 3,
    "r2_url": "https://pub-2c783279b61043e19fbdadd1bee5153a.r2.dev/BG/2006-11-09/a2174355z10-q.htm/a2174355z10-q.pdf",
    "periodicity": "periodic"
  },
  {
    "equity_ticker": "BG",
    "geography": "US",
    "content_name": "BG Q2 2006 10-Q",
    "file_type": "pdf",
    "content_type": "quarterly_report",
    "published_date": "2006-08-09",
    "fiscal_date": "2006-06-30",
    "fiscal_year": 2006,
    "fiscal_quarter": 2,
    "r2_url": "https://pub-2c783279b61043e19fbdadd1bee5153a.r2.dev/BG/2006-08-09/a2172491z10-q.htm/a2172491z10-q.pdf",
    "periodicity": "periodic"
  },
  {
    "equity_ticker": "BG",
    "geography": "US",
    "content_name": "BG Q1 2006 10-Q",
    "file_type": "pdf",
    "content_type": "quarterly_report",
    "published_date": "2006-05-10",
    "fiscal_date": "2006-03-31",
    "fiscal_year": 2006,
    "fiscal_quarter": 1,
    "r2_url": "https://pub-2c783279b61043e19fbdadd1bee5153a.r2.dev/BG/2006-05-10/a2170198z10-q.htm/a2170198z10-q.pdf",
    "periodicity": "periodic"
  },
  {
    "equity_ticker": "BG",
    "geography": "US",
    "content_name": "BG Q4 2005 10-K",
    "file_type": "pdf",
    "content_type": "annual_report",
    "published_date": "2006-03-15",
    "fiscal_date": "2005-12-31",
    "fiscal_year": 2005,
    "fiscal_quarter": 4,
    "r2_url": "https://pub-2c783279b61043e19fbdadd1bee5153a.r2.dev/BG/2006-03-15/a06-6603_110k.htm/a06-6603_110k.pdf",
    "periodicity": "periodic"
  },
  {
    "equity_ticker": "BG",
    "geography": "US",
    "content_name": "BG Q3 2005 10-Q",
    "file_type": "pdf",
    "content_type": "quarterly_report",
    "published_date": "2005-11-09",
    "fiscal_date": "2005-09-30",
    "fiscal_year": 2005,
    "fiscal_quarter": 3,
    "r2_url": "https://pub-2c783279b61043e19fbdadd1bee5153a.r2.dev/BG/2005-11-09/a2164857z10-q.htm/a2164857z10-q.pdf",
    "periodicity": "periodic"
  },
  {
    "equity_ticker": "BG",
    "geography": "US",
    "content_name": "BG Q2 2005 10-Q",
    "file_type": "pdf",
    "content_type": "quarterly_report",
    "published_date": "2005-08-09",
    "fiscal_date": "2005-06-30",
    "fiscal_year": 2005,
    "fiscal_quarter": 2,
    "r2_url": "https://pub-2c783279b61043e19fbdadd1bee5153a.r2.dev/BG/2005-08-09/a2161887z10-q.htm/a2161887z10-q.pdf",
    "periodicity": "periodic"
  },
  {
    "equity_ticker": "BG",
    "geography": "US",
    "content_name": "BG Q1 2005 10-Q",
    "file_type": "pdf",
    "content_type": "quarterly_report",
    "published_date": "2005-05-10",
    "fiscal_date": "2005-03-31",
    "fiscal_year": 2005,
    "fiscal_quarter": 1,
    "r2_url": "https://pub-2c783279b61043e19fbdadd1bee5153a.r2.dev/BG/2005-05-10/a2157783z10-q.htm/a2157783z10-q.pdf",
    "periodicity": "periodic"
  },
  {
    "equity_ticker": "BG",
    "geography": "US",
    "content_name": "BG Q4 2004 10-K",
    "file_type": "pdf",
    "content_type": "annual_report",
    "published_date": "2005-03-16",
    "fiscal_date": "2004-12-31",
    "fiscal_year": 2004,
    "fiscal_quarter": 4,
    "r2_url": "https://pub-2c783279b61043e19fbdadd1bee5153a.r2.dev/BG/2005-03-16/a2153218z10-k.htm/a2153218z10-k.pdf",
    "periodicity": "periodic"
  },
  {
    "equity_ticker": "BG",
    "geography": "US",
    "content_name": "BG Q3 2004 10-Q",
    "file_type": "pdf",
    "content_type": "quarterly_report",
    "published_date": "2004-11-09",
    "fiscal_date": "2004-09-30",
    "fiscal_year": 2004,
    "fiscal_quarter": 3,
    "r2_url": "https://pub-2c783279b61043e19fbdadd1bee5153a.r2.dev/BG/2004-11-09/a2146265z10-q.htm/a2146265z10-q.pdf",
    "periodicity": "periodic"
  },
  {
    "equity_ticker": "BG",
    "geography": "US",
    "content_name": "BG Q2 2004 10-Q",
    "file_type": "pdf",
    "content_type": "quarterly_report",
    "published_date": "2004-08-09",
    "fiscal_date": "2004-06-30",
    "fiscal_year": 2004,
    "fiscal_quarter": 2,
    "r2_url": "https://pub-2c783279b61043e19fbdadd1bee5153a.r2.dev/BG/2004-08-09/a2141534z10-q.htm/a2141534z10-q.pdf",
    "periodicity": "periodic"
  },
  {
    "equity_ticker": "BG",
    "geography": "US",
    "content_name": "BG Q1 2004 10-Q",
    "file_type": "pdf",
    "content_type": "quarterly_report",
    "published_date": "2004-07-27",
    "fiscal_date": "2004-03-31",
    "fiscal_year": 2004,
    "fiscal_quarter": 1,
    "r2_url": "https://pub-2c783279b61043e19fbdadd1bee5153a.r2.dev/BG/2004-07-27/a2140426z10-q.htm/a2140426z10-q.pdf",
    "periodicity": "periodic"
  },
  {
    "equity_ticker": "BG",
    "geography": "US",
    "content_name": "BG Q4 2003 10-K",
    "file_type": "pdf",
    "content_type": "annual_report",
    "published_date": "2004-07-27",
    "fiscal_date": "2003-12-31",
    "fiscal_year": 2003,
    "fiscal_quarter": 4,
    "r2_url": "https://pub-2c783279b61043e19fbdadd1bee5153a.r2.dev/BG/2004-07-27/a2140404z10-k.htm/a2140404z10-k.pdf",
    "periodicity": "periodic"
  },
  {
    "equity_ticker": "BG",
    "geography": "US",
    "content_name": "BG Q4 2024 Transcript",
    "file_type": "pdf",
    "content_type": "earnings_transcript",
    "published_date": "2025-02-05",
    "fiscal_date": "2025-02-05",
    "fiscal_year": 2024,
    "fiscal_quarter": 4,
    "r2_url": "https://pub-2c783279b61043e19fbdadd1bee5153a.r2.dev/BG/2025-02-05/Bunge%20Global%20SA_2025-02-05_transcript/Bunge%20Global%20SA_2025-02-05_transcript.pdf/Bunge%20Global%20SA_2025-02-05_transcript.pdf",
    "periodicity": "periodic"
  },
  {
    "equity_ticker": "BG",
    "geography": "US",
    "content_name": "BG Q4 2024 Press Release",
    "file_type": "pdf",
    "content_type": "earnings_press_release",
    "published_date": "2025-02-05",
    "fiscal_date": "2025-02-05",
    "fiscal_year": 2024,
    "fiscal_quarter": 4,
    "r2_url": "https://pub-2c783279b61043e19fbdadd1bee5153a.r2.dev/BG/2025-02-05/eedfc-2025-02-05-12-01-04/eedfc-2025-02-05-12-01-04.pdf/eedfc-2025-02-05-12-01-04.pdf",
    "periodicity": "periodic"
  },
  {
    "equity_ticker": "BG",
    "geography": "US",
    "content_name": "BG Q4 2024 Presentation",
    "file_type": "pdf",
    "content_type": "earnings_presentation",
    "published_date": "2025-02-05",
    "fiscal_date": "2025-02-05",
    "fiscal_year": 2024,
    "fiscal_quarter": 4,
    "r2_url": "https://pub-2c783279b61043e19fbdadd1bee5153a.r2.dev/BG/2025-02-05/8c73b-2025-02-05-12-03-13/8c73b-2025-02-05-12-03-13.pdf/8c73b-2025-02-05-12-03-13.pdf",
    "periodicity": "periodic"
  },
  {
    "equity_ticker": "BG",
    "geography": "US",
    "content_name": "BG Q3 2024 Transcript",
    "file_type": "pdf",
    "content_type": "earnings_transcript",
    "published_date": "2024-10-30",
    "fiscal_date": "2024-10-30",
    "fiscal_year": 2024,
    "fiscal_quarter": 3,
    "r2_url": "https://pub-2c783279b61043e19fbdadd1bee5153a.r2.dev/BG/2024-10-30/Bunge%20Global%20SA_2024-10-30_transcript/Bunge%20Global%20SA_2024-10-30_transcript.pdf/Bunge%20Global%20SA_2024-10-30_transcript.pdf",
    "periodicity": "periodic"
  },
  {
    "equity_ticker": "BG",
    "geography": "US",
    "content_name": "BG Q3 2024 Press Release",
    "file_type": "pdf",
    "content_type": "earnings_press_release",
    "published_date": "2024-10-30",
    "fiscal_date": "2024-10-30",
    "fiscal_year": 2024,
    "fiscal_quarter": 3,
    "r2_url": "https://pub-2c783279b61043e19fbdadd1bee5153a.r2.dev/BG/2024-10-30/1ce1b-2024-10-30-11-39-05/1ce1b-2024-10-30-11-39-05.pdf/1ce1b-2024-10-30-11-39-05.pdf",
    "periodicity": "periodic"
  },
  {
    "equity_ticker": "BG",
    "geography": "US",
    "content_name": "BG Q3 2024 Presentation",
    "file_type": "pdf",
    "content_type": "earnings_presentation",
    "published_date": "2024-10-30",
    "fiscal_date": "2024-10-30",
    "fiscal_year": 2024,
    "fiscal_quarter": 3,
    "r2_url": "https://pub-2c783279b61043e19fbdadd1bee5153a.r2.dev/BG/2024-10-30/aba39-2024-10-30-11-54-12/aba39-2024-10-30-11-54-12.pdf/aba39-2024-10-30-11-54-12.pdf",
    "periodicity": "periodic"
  },
  {
    "equity_ticker": "BG",
    "geography": "US",
    "content_name": "BG Q2 2024 Transcript",
    "file_type": "pdf",
    "content_type": "earnings_transcript",
    "published_date": "2024-07-31",
    "fiscal_date": "2024-07-31",
    "fiscal_year": 2024,
    "fiscal_quarter": 2,
    "r2_url": "https://pub-2c783279b61043e19fbdadd1bee5153a.r2.dev/BG/2024-07-31/Bunge%20Global%20SA_2024-07-31_transcript/Bunge%20Global%20SA_2024-07-31_transcript.pdf/Bunge%20Global%20SA_2024-07-31_transcript.pdf",
    "periodicity": "periodic"
  },
  {
    "equity_ticker": "BG",
    "geography": "US",
    "content_name": "BG Q2 2024 Press Release",
    "file_type": "pdf",
    "content_type": "earnings_press_release",
    "published_date": "2024-07-31",
    "fiscal_date": "2024-07-31",
    "fiscal_year": 2024,
    "fiscal_quarter": 2,
    "r2_url": "https://pub-2c783279b61043e19fbdadd1bee5153a.r2.dev/BG/2024-07-31/53107-2024-07-31-11-42-07/53107-2024-07-31-11-42-07.pdf/53107-2024-07-31-11-42-07.pdf",
    "periodicity": "periodic"
  },
  {
    "equity_ticker": "BG",
    "geography": "US",
    "content_name": "BG Q2 2024 Presentation",
    "file_type": "pdf",
    "content_type": "earnings_presentation",
    "published_date": "2024-07-31",
    "fiscal_date": "2024-07-31",
    "fiscal_year": 2024,
    "fiscal_quarter": 2,
    "r2_url": "https://pub-2c783279b61043e19fbdadd1bee5153a.r2.dev/BG/2024-07-31/f3d55-2024-07-31-11-58-07/f3d55-2024-07-31-11-58-07.pdf/f3d55-2024-07-31-11-58-07.pdf",
    "periodicity": "periodic"
  },
  {
    "equity_ticker": "BG",
    "geography": "US",
    "content_name": "BG Q1 2024 Transcript",
    "file_type": "pdf",
    "content_type": "earnings_transcript",
    "published_date": "2024-04-24",
    "fiscal_date": "2024-04-24",
    "fiscal_year": 2024,
    "fiscal_quarter": 1,
    "r2_url": "https://pub-2c783279b61043e19fbdadd1bee5153a.r2.dev/BG/2024-04-24/Bunge%20Global%20SA_2024-04-24_transcript/Bunge%20Global%20SA_2024-04-24_transcript.pdf/Bunge%20Global%20SA_2024-04-24_transcript.pdf",
    "periodicity": "periodic"
  },
  {
    "equity_ticker": "BG",
    "geography": "US",
    "content_name": "BG Q1 2024 Press Release",
    "file_type": "pdf",
    "content_type": "earnings_press_release",
    "published_date": "2024-04-24",
    "fiscal_date": "2024-04-24",
    "fiscal_year": 2024,
    "fiscal_quarter": 1,
    "r2_url": "https://pub-2c783279b61043e19fbdadd1bee5153a.r2.dev/BG/2024-04-24/e27cf-2024-04-24-10-51-17/e27cf-2024-04-24-10-51-17.pdf/e27cf-2024-04-24-10-51-17.pdf",
    "periodicity": "periodic"
  },
  {
    "equity_ticker": "BG",
    "geography": "US",
    "content_name": "BG Q1 2024 Presentation",
    "file_type": "pdf",
    "content_type": "earnings_presentation",
    "published_date": "2024-04-24",
    "fiscal_date": "2024-04-24",
    "fiscal_year": 2024,
    "fiscal_quarter": 1,
    "r2_url": "https://pub-2c783279b61043e19fbdadd1bee5153a.r2.dev/BG/2024-04-24/11e8c-2024-04-24-10-51-17/11e8c-2024-04-24-10-51-17.pdf/11e8c-2024-04-24-10-51-17.pdf",
    "periodicity": "periodic"
  },
  {
    "equity_ticker": "BG",
    "geography": "US",
    "content_name": "BG Q4 2023 Transcript",
    "file_type": "pdf",
    "content_type": "earnings_transcript",
    "published_date": "2024-02-07",
    "fiscal_date": "2024-02-07",
    "fiscal_year": 2023,
    "fiscal_quarter": 4,
    "r2_url": "https://pub-2c783279b61043e19fbdadd1bee5153a.r2.dev/BG/2024-02-07/Bunge%20Global%20SA_2024-02-07_transcript/Bunge%20Global%20SA_2024-02-07_transcript.pdf/Bunge%20Global%20SA_2024-02-07_transcript.pdf",
    "periodicity": "periodic"
  },
  {
    "equity_ticker": "BG",
    "geography": "US",
    "content_name": "BG Q4 2023 Press Release",
    "file_type": "pdf",
    "content_type": "earnings_press_release",
    "published_date": "2024-02-07",
    "fiscal_date": "2024-02-07",
    "fiscal_year": 2023,
    "fiscal_quarter": 4,
    "r2_url": "https://pub-2c783279b61043e19fbdadd1bee5153a.r2.dev/BG/2024-02-07/d0ba7-2024-02-07-12-42-00/d0ba7-2024-02-07-12-42-00.pdf/d0ba7-2024-02-07-12-42-00.pdf",
    "periodicity": "periodic"
  },
  {
    "equity_ticker": "BG",
    "geography": "US",
    "content_name": "BG Q4 2023 Presentation",
    "file_type": "pdf",
    "content_type": "earnings_presentation",
    "published_date": "2024-02-07",
    "fiscal_date": "2024-02-07",
    "fiscal_year": 2023,
    "fiscal_quarter": 4,
    "r2_url": "https://pub-2c783279b61043e19fbdadd1bee5153a.r2.dev/BG/2024-02-07/89cdf-2024-02-07-12-43-00/89cdf-2024-02-07-12-43-00.pdf/89cdf-2024-02-07-12-43-00.pdf",
    "periodicity": "periodic"
  },
  {
    "equity_ticker": "BG",
    "geography": "US",
    "content_name": "BG Q3 2023 Transcript",
    "file_type": "pdf",
    "content_type": "earnings_transcript",
    "published_date": "2023-10-26",
    "fiscal_date": "2023-10-26",
    "fiscal_year": 2023,
    "fiscal_quarter": 3,
    "r2_url": "https://pub-2c783279b61043e19fbdadd1bee5153a.r2.dev/BG/2023-10-26/Bunge%20Global%20SA_2023-10-26_transcript/Bunge%20Global%20SA_2023-10-26_transcript.pdf/Bunge%20Global%20SA_2023-10-26_transcript.pdf",
    "periodicity": "periodic"
  },
  {
    "equity_ticker": "BG",
    "geography": "US",
    "content_name": "BG Q3 2023 Press Release",
    "file_type": "pdf",
    "content_type": "earnings_press_release",
    "published_date": "2023-10-26",
    "fiscal_date": "2023-10-26",
    "fiscal_year": 2023,
    "fiscal_quarter": 3,
    "r2_url": "https://pub-2c783279b61043e19fbdadd1bee5153a.r2.dev/BG/2023-10-26/e4c24-2023-10-26-10-34-39/e4c24-2023-10-26-10-34-39.pdf/e4c24-2023-10-26-10-34-39.pdf",
    "periodicity": "periodic"
  },
  {
    "equity_ticker": "BG",
    "geography": "US",
    "content_name": "BG Q3 2023 Presentation",
    "file_type": "pdf",
    "content_type": "earnings_presentation",
    "published_date": "2023-10-26",
    "fiscal_date": "2023-10-26",
    "fiscal_year": 2023,
    "fiscal_quarter": 3,
    "r2_url": "https://pub-2c783279b61043e19fbdadd1bee5153a.r2.dev/BG/2023-10-26/ac1b4-2023-10-26-11-47-15/ac1b4-2023-10-26-11-47-15.pdf/ac1b4-2023-10-26-11-47-15.pdf",
    "periodicity": "periodic"
  },
  {
    "equity_ticker": "BG",
    "geography": "US",
    "content_name": "BG Q2 2023 Transcript",
    "file_type": "pdf",
    "content_type": "earnings_transcript",
    "published_date": "2023-08-02",
    "fiscal_date": "2023-08-02",
    "fiscal_year": 2023,
    "fiscal_quarter": 2,
    "r2_url": "https://pub-2c783279b61043e19fbdadd1bee5153a.r2.dev/BG/2023-08-02/Bunge%20Global%20SA_2023-08-02_transcript/Bunge%20Global%20SA_2023-08-02_transcript.pdf/Bunge%20Global%20SA_2023-08-02_transcript.pdf",
    "periodicity": "periodic"
  },
  {
    "equity_ticker": "BG",
    "geography": "US",
    "content_name": "BG Q2 2023 Press Release",
    "file_type": "pdf",
    "content_type": "earnings_press_release",
    "published_date": "2023-08-02",
    "fiscal_date": "2023-08-02",
    "fiscal_year": 2023,
    "fiscal_quarter": 2,
    "r2_url": "https://pub-2c783279b61043e19fbdadd1bee5153a.r2.dev/BG/2023-08-02/c8f79-2023-08-02-10-56-22/c8f79-2023-08-02-10-56-22.pdf/c8f79-2023-08-02-10-56-22.pdf",
    "periodicity": "periodic"
  },
  {
    "equity_ticker": "BG",
    "geography": "US",
    "content_name": "BG Q2 2023 Presentation",
    "file_type": "pdf",
    "content_type": "earnings_presentation",
    "published_date": "2023-08-02",
    "fiscal_date": "2023-08-02",
    "fiscal_year": 2023,
    "fiscal_quarter": 2,
    "r2_url": "https://pub-2c783279b61043e19fbdadd1bee5153a.r2.dev/BG/2023-08-02/f8b4c-2023-08-02-10-26-57/f8b4c-2023-08-02-10-26-57.pdf/f8b4c-2023-08-02-10-26-57.pdf",
    "periodicity": "periodic"
  },
  {
    "equity_ticker": "BG",
    "geography": "US",
    "content_name": "M&A Announcement - June 13, 2023",
    "file_type": "pdf",
    "content_type": "company_conference_transcript",
    "published_date": "2023-06-13",
    "fiscal_date": "2023-06-13",
    "fiscal_year": null,
    "fiscal_quarter": null,
    "r2_url": "https://pub-2c783279b61043e19fbdadd1bee5153a.r2.dev/BG/2023-06-13/Bunge%20Global%20SA_2023-06-13_transcript/Bunge%20Global%20SA_2023-06-13_transcript.pdf/Bunge%20Global%20SA_2023-06-13_transcript.pdf",
    "periodicity": "non_periodic"
  },
  {
    "equity_ticker": "BG",
    "geography": "US",
    "content_name": "M&A Announcement - June 13, 2023",
    "file_type": "pdf",
    "content_type": "company_conference_press_release",
    "published_date": "2023-06-13",
    "fiscal_date": "2023-06-13",
    "fiscal_year": null,
    "fiscal_quarter": null,
    "r2_url": "https://pub-2c783279b61043e19fbdadd1bee5153a.r2.dev/BG/2023-06-13/f7f2e-2023-10-06-10-15-49/f7f2e-2023-10-06-10-15-49.pdf/f7f2e-2023-10-06-10-15-49.pdf",
    "periodicity": "non_periodic"
  },
  {
    "equity_ticker": "BG",
    "geography": "US",
    "content_name": "M&A Announcement - June 13, 2023",
    "file_type": "pdf",
    "content_type": "company_conference_presentation",
    "published_date": "2023-06-13",
    "fiscal_date": "2023-06-13",
    "fiscal_year": null,
    "fiscal_quarter": null,
    "r2_url": "https://pub-2c783279b61043e19fbdadd1bee5153a.r2.dev/BG/2023-06-13/d9ce6-2023-06-17-11-00-45/d9ce6-2023-06-17-11-00-45.pdf/d9ce6-2023-06-17-11-00-45.pdf",
    "periodicity": "non_periodic"
  },
  {
    "equity_ticker": "BG",
    "geography": "US",
    "content_name": "BG Q1 2023 Transcript",
    "file_type": "pdf",
    "content_type": "earnings_transcript",
    "published_date": "2023-05-03",
    "fiscal_date": "2023-05-03",
    "fiscal_year": 2023,
    "fiscal_quarter": 1,
    "r2_url": "https://pub-2c783279b61043e19fbdadd1bee5153a.r2.dev/BG/2023-05-03/Bunge%20Global%20SA_2023-05-03_transcript/Bunge%20Global%20SA_2023-05-03_transcript.pdf/Bunge%20Global%20SA_2023-05-03_transcript.pdf",
    "periodicity": "periodic"
  },
  {
    "equity_ticker": "BG",
    "geography": "US",
    "content_name": "BG Q1 2023 Press Release",
    "file_type": "pdf",
    "content_type": "earnings_press_release",
    "published_date": "2023-05-03",
    "fiscal_date": "2023-05-03",
    "fiscal_year": 2023,
    "fiscal_quarter": 1,
    "r2_url": "https://pub-2c783279b61043e19fbdadd1bee5153a.r2.dev/BG/2023-05-03/66e9f-2023-05-03-11-17-02/66e9f-2023-05-03-11-17-02.pdf/66e9f-2023-05-03-11-17-02.pdf",
    "periodicity": "periodic"
  },
  {
    "equity_ticker": "BG",
    "geography": "US",
    "content_name": "BG Q1 2023 Presentation",
    "file_type": "pdf",
    "content_type": "earnings_presentation",
    "published_date": "2023-05-03",
    "fiscal_date": "2023-05-03",
    "fiscal_year": 2023,
    "fiscal_quarter": 1,
    "r2_url": "https://pub-2c783279b61043e19fbdadd1bee5153a.r2.dev/BG/2023-05-03/b9320-2023-05-03-11-18-02/b9320-2023-05-03-11-18-02.pdf/b9320-2023-05-03-11-18-02.pdf",
    "periodicity": "periodic"
  },
  {
    "equity_ticker": "BG",
    "geography": "US",
    "content_name": "BG Q4 2022 Transcript",
    "file_type": "pdf",
    "content_type": "earnings_transcript",
    "published_date": "2023-02-08",
    "fiscal_date": "2023-02-08",
    "fiscal_year": 2022,
    "fiscal_quarter": 4,
    "r2_url": "https://pub-2c783279b61043e19fbdadd1bee5153a.r2.dev/BG/2023-02-08/Bunge%20Global%20SA_2023-02-08_transcript/Bunge%20Global%20SA_2023-02-08_transcript.pdf/Bunge%20Global%20SA_2023-02-08_transcript.pdf",
    "periodicity": "periodic"
  },
  {
    "equity_ticker": "BG",
    "geography": "US",
    "content_name": "BG Q4 2022 Press Release",
    "file_type": "pdf",
    "content_type": "earnings_press_release",
    "published_date": "2023-02-08",
    "fiscal_date": "2023-02-08",
    "fiscal_year": 2022,
    "fiscal_quarter": 4,
    "r2_url": "https://pub-2c783279b61043e19fbdadd1bee5153a.r2.dev/BG/2023-02-08/49613-2023-02-08-12-04-11/49613-2023-02-08-12-04-11.pdf/49613-2023-02-08-12-04-11.pdf",
    "periodicity": "periodic"
  },
  {
    "equity_ticker": "BG",
    "geography": "US",
    "content_name": "BG Q4 2022 Presentation",
    "file_type": "pdf",
    "content_type": "earnings_presentation",
    "published_date": "2023-02-08",
    "fiscal_date": "2023-02-08",
    "fiscal_year": 2022,
    "fiscal_quarter": 4,
    "r2_url": "https://pub-2c783279b61043e19fbdadd1bee5153a.r2.dev/BG/2023-02-08/f2f77-2023-02-08-12-04-11/f2f77-2023-02-08-12-04-11.pdf/f2f77-2023-02-08-12-04-11.pdf",
    "periodicity": "periodic"
  },
  {
    "equity_ticker": "BG",
    "geography": "US",
    "content_name": "BG Q3 2022 Transcript",
    "file_type": "pdf",
    "content_type": "earnings_transcript",
    "published_date": "2022-10-26",
    "fiscal_date": "2022-10-26",
    "fiscal_year": 2022,
    "fiscal_quarter": 3,
    "r2_url": "https://pub-2c783279b61043e19fbdadd1bee5153a.r2.dev/BG/2022-10-26/Bunge%20Global%20SA_2022-10-26_transcript/Bunge%20Global%20SA_2022-10-26_transcript.pdf/Bunge%20Global%20SA_2022-10-26_transcript.pdf",
    "periodicity": "periodic"
  },
  {
    "equity_ticker": "BG",
    "geography": "US",
    "content_name": "BG Q3 2022 Press Release",
    "file_type": "pdf",
    "content_type": "quarterly_report",
    "published_date": "2022-10-26",
    "fiscal_date": "2022-10-26",
    "fiscal_year": 2022,
    "fiscal_quarter": 3,
    "r2_url": "https://pub-2c783279b61043e19fbdadd1bee5153a.r2.dev/BG/2022-10-26/434a1-2024-08-30-10-53-02/434a1-2024-08-30-10-53-02.pdf/434a1-2024-08-30-10-53-02.pdf",
    "periodicity": "periodic"
  },
  {
    "equity_ticker": "BG",
    "geography": "US",
    "content_name": "BG Q3 2022 Presentation",
    "file_type": "pdf",
    "content_type": "earnings_presentation",
    "published_date": "2022-10-26",
    "fiscal_date": "2022-10-26",
    "fiscal_year": 2022,
    "fiscal_quarter": 3,
    "r2_url": "https://pub-2c783279b61043e19fbdadd1bee5153a.r2.dev/BG/2022-10-26/84b69-2022-10-26-10-08-42/84b69-2022-10-26-10-08-42.pdf/84b69-2022-10-26-10-08-42.pdf",
    "periodicity": "periodic"
  },
  {
    "equity_ticker": "BG",
    "geography": "US",
    "content_name": "BG Q2 2022 Transcript",
    "file_type": "pdf",
    "content_type": "earnings_transcript",
    "published_date": "2022-07-27",
    "fiscal_date": "2022-07-27",
    "fiscal_year": 2022,
    "fiscal_quarter": 2,
    "r2_url": "https://pub-2c783279b61043e19fbdadd1bee5153a.r2.dev/BG/2022-07-27/Bunge%20Global%20SA_2022-07-27_transcript/Bunge%20Global%20SA_2022-07-27_transcript.pdf/Bunge%20Global%20SA_2022-07-27_transcript.pdf",
    "periodicity": "periodic"
  },
  {
    "equity_ticker": "BG",
    "geography": "US",
    "content_name": "BG Q2 2022 Press Release",
    "file_type": "pdf",
    "content_type": "earnings_press_release",
    "published_date": "2022-07-27",
    "fiscal_date": "2022-07-27",
    "fiscal_year": 2022,
    "fiscal_quarter": 2,
    "r2_url": "https://pub-2c783279b61043e19fbdadd1bee5153a.r2.dev/BG/2022-07-27/b0a0b-2022-07-27-11-45-04/b0a0b-2022-07-27-11-45-04.pdf/b0a0b-2022-07-27-11-45-04.pdf",
    "periodicity": "periodic"
  },
  {
    "equity_ticker": "BG",
    "geography": "US",
    "content_name": "BG Q2 2022 Presentation",
    "file_type": "pdf",
    "content_type": "earnings_presentation",
    "published_date": "2022-07-27",
    "fiscal_date": "2022-07-27",
    "fiscal_year": 2022,
    "fiscal_quarter": 2,
    "r2_url": "https://pub-2c783279b61043e19fbdadd1bee5153a.r2.dev/BG/2022-07-27/a97b8-2022-07-27-11-45-04/a97b8-2022-07-27-11-45-04.pdf/a97b8-2022-07-27-11-45-04.pdf",
    "periodicity": "periodic"
  },
  {
    "equity_ticker": "BG",
    "geography": "US",
    "content_name": "BG Q1 2022 Transcript",
    "file_type": "pdf",
    "content_type": "earnings_transcript",
    "published_date": "2022-04-27",
    "fiscal_date": "2022-04-27",
    "fiscal_year": 2022,
    "fiscal_quarter": 1,
    "r2_url": "https://pub-2c783279b61043e19fbdadd1bee5153a.r2.dev/BG/2022-04-27/Bunge%20Global%20SA_2022-04-27_transcript/Bunge%20Global%20SA_2022-04-27_transcript.pdf/Bunge%20Global%20SA_2022-04-27_transcript.pdf",
    "periodicity": "periodic"
  },
  {
    "equity_ticker": "BG",
    "geography": "US",
    "content_name": "BG Q1 2022 Press Release",
    "file_type": "pdf",
    "content_type": "quarterly_report",
    "published_date": "2022-04-27",
    "fiscal_date": "2022-04-27",
    "fiscal_year": 2022,
    "fiscal_quarter": 1,
    "r2_url": "https://pub-2c783279b61043e19fbdadd1bee5153a.r2.dev/BG/2022-04-27/700e3-2024-08-30-10-53-02/700e3-2024-08-30-10-53-02.pdf/700e3-2024-08-30-10-53-02.pdf",
    "periodicity": "periodic"
  },
  {
    "equity_ticker": "BG",
    "geography": "US",
    "content_name": "BG Q1 2022 Presentation",
    "file_type": "pdf",
    "content_type": "earnings_presentation",
    "published_date": "2022-04-27",
    "fiscal_date": "2022-04-27",
    "fiscal_year": 2022,
    "fiscal_quarter": 1,
    "r2_url": "https://pub-2c783279b61043e19fbdadd1bee5153a.r2.dev/BG/2022-04-27/bebaf-2022-04-27-12-05-55-migrated/bebaf-2022-04-27-12-05-55-migrated.pdf/bebaf-2022-04-27-12-05-55-migrated.pdf",
    "periodicity": "periodic"
  },
  {
    "equity_ticker": "BG",
    "geography": "US",
    "content_name": "BG Q4 2021 Transcript",
    "file_type": "pdf",
    "content_type": "earnings_transcript",
    "published_date": "2022-02-09",
    "fiscal_date": "2022-02-09",
    "fiscal_year": 2021,
    "fiscal_quarter": 4,
    "r2_url": "https://pub-2c783279b61043e19fbdadd1bee5153a.r2.dev/BG/2022-02-09/Bunge%20Global%20SA_2022-02-09_transcript/Bunge%20Global%20SA_2022-02-09_transcript.pdf/Bunge%20Global%20SA_2022-02-09_transcript.pdf",
    "periodicity": "periodic"
  },
  {
    "equity_ticker": "BG",
    "geography": "US",
    "content_name": "BG Q4 2021 Press Release",
    "file_type": "pdf",
    "content_type": "earnings_press_release",
    "published_date": "2022-02-09",
    "fiscal_date": "2022-02-09",
    "fiscal_year": 2021,
    "fiscal_quarter": 4,
    "r2_url": "https://pub-2c783279b61043e19fbdadd1bee5153a.r2.dev/BG/2022-02-09/10cdb-2023-01-25-12-03-26/10cdb-2023-01-25-12-03-26.pdf/10cdb-2023-01-25-12-03-26.pdf",
    "periodicity": "periodic"
  },
  {
    "equity_ticker": "BG",
    "geography": "US",
    "content_name": "BG Q4 2021 Presentation",
    "file_type": "pdf",
    "content_type": "earnings_presentation",
    "published_date": "2022-02-09",
    "fiscal_date": "2022-02-09",
    "fiscal_year": 2021,
    "fiscal_quarter": 4,
    "r2_url": "https://pub-2c783279b61043e19fbdadd1bee5153a.r2.dev/BG/2022-02-09/8712f-2022-02-09-10-28-15-migrated/8712f-2022-02-09-10-28-15-migrated.pdf/8712f-2022-02-09-10-28-15-migrated.pdf",
    "periodicity": "periodic"
  },
  {
    "equity_ticker": "BG",
    "geography": "US",
    "content_name": "BG Q3 2021 Transcript",
    "file_type": "pdf",
    "content_type": "earnings_transcript",
    "published_date": "2021-10-27",
    "fiscal_date": "2021-10-27",
    "fiscal_year": 2021,
    "fiscal_quarter": 3,
    "r2_url": "https://pub-2c783279b61043e19fbdadd1bee5153a.r2.dev/BG/2021-10-27/Bunge%20Global%20SA_2021-10-27_transcript/Bunge%20Global%20SA_2021-10-27_transcript.pdf/Bunge%20Global%20SA_2021-10-27_transcript.pdf",
    "periodicity": "periodic"
  },
  {
    "equity_ticker": "BG",
    "geography": "US",
    "content_name": "BG Q3 2021 Press Release",
    "file_type": "pdf",
    "content_type": "quarterly_report",
    "published_date": "2021-10-27",
    "fiscal_date": "2021-10-27",
    "fiscal_year": 2021,
    "fiscal_quarter": 3,
    "r2_url": "https://pub-2c783279b61043e19fbdadd1bee5153a.r2.dev/BG/2021-10-27/c980a-2024-08-30-10-06-03/c980a-2024-08-30-10-06-03.pdf/c980a-2024-08-30-10-06-03.pdf",
    "periodicity": "periodic"
  },
  {
    "equity_ticker": "BG",
    "geography": "US",
    "content_name": "BG Q3 2021 Presentation",
    "file_type": "pdf",
    "content_type": "earnings_presentation",
    "published_date": "2021-10-27",
    "fiscal_date": "2021-10-27",
    "fiscal_year": 2021,
    "fiscal_quarter": 3,
    "r2_url": "https://pub-2c783279b61043e19fbdadd1bee5153a.r2.dev/BG/2021-10-27/906fa-2021-10-27-12-00-00-migrated/906fa-2021-10-27-12-00-00-migrated.pdf/906fa-2021-10-27-12-00-00-migrated.pdf",
    "periodicity": "periodic"
  },
  {
    "equity_ticker": "BG",
    "geography": "US",
    "content_name": "BG Q2 2021 Transcript",
    "file_type": "pdf",
    "content_type": "earnings_transcript",
    "published_date": "2021-07-28",
    "fiscal_date": "2021-07-28",
    "fiscal_year": 2021,
    "fiscal_quarter": 2,
    "r2_url": "https://pub-2c783279b61043e19fbdadd1bee5153a.r2.dev/BG/2021-07-28/Bunge%20Global%20SA_2021-07-28_transcript/Bunge%20Global%20SA_2021-07-28_transcript.pdf/Bunge%20Global%20SA_2021-07-28_transcript.pdf",
    "periodicity": "periodic"
  },
  {
    "equity_ticker": "BG",
    "geography": "US",
    "content_name": "BG Q2 2021 Press Release",
    "file_type": "pdf",
    "content_type": "earnings_press_release",
    "published_date": "2021-07-28",
    "fiscal_date": "2021-07-28",
    "fiscal_year": 2021,
    "fiscal_quarter": 2,
    "r2_url": "https://pub-2c783279b61043e19fbdadd1bee5153a.r2.dev/BG/2021-07-28/d92eb-2022-10-17-07-42-27/d92eb-2022-10-17-07-42-27.pdf/d92eb-2022-10-17-07-42-27.pdf",
    "periodicity": "periodic"
  },
  {
    "equity_ticker": "BG",
    "geography": "US",
    "content_name": "BG Q2 2021 Presentation",
    "file_type": "pdf",
    "content_type": "earnings_presentation",
    "published_date": "2021-07-28",
    "fiscal_date": "2021-07-28",
    "fiscal_year": 2021,
    "fiscal_quarter": 2,
    "r2_url": "https://pub-2c783279b61043e19fbdadd1bee5153a.r2.dev/BG/2021-07-28/559d7-2022-10-17-07-53-27/559d7-2022-10-17-07-53-27.pdf/559d7-2022-10-17-07-53-27.pdf",
    "periodicity": "periodic"
  },
  {
    "equity_ticker": "BG",
    "geography": "US",
    "content_name": "BG Q1 2021 Transcript",
    "file_type": "pdf",
    "content_type": "earnings_transcript",
    "published_date": "2021-05-04",
    "fiscal_date": "2021-05-04",
    "fiscal_year": 2021,
    "fiscal_quarter": 1,
    "r2_url": "https://pub-2c783279b61043e19fbdadd1bee5153a.r2.dev/BG/2021-05-04/Bunge%20Global%20SA_2021-05-04_transcript/Bunge%20Global%20SA_2021-05-04_transcript.pdf/Bunge%20Global%20SA_2021-05-04_transcript.pdf",
    "periodicity": "periodic"
  },
  {
    "equity_ticker": "BG",
    "geography": "US",
    "content_name": "BG Q1 2021 Press Release",
    "file_type": "pdf",
    "content_type": "earnings_press_release",
    "published_date": "2021-05-04",
    "fiscal_date": "2021-05-04",
    "fiscal_year": 2021,
    "fiscal_quarter": 1,
    "r2_url": "https://pub-2c783279b61043e19fbdadd1bee5153a.r2.dev/BG/2021-05-04/ab91f-2022-10-17-07-08-31/ab91f-2022-10-17-07-08-31.pdf/ab91f-2022-10-17-07-08-31.pdf",
    "periodicity": "periodic"
  },
  {
    "equity_ticker": "BG",
    "geography": "US",
    "content_name": "BG Q1 2021 Presentation",
    "file_type": "pdf",
    "content_type": "earnings_presentation",
    "published_date": "2021-05-04",
    "fiscal_date": "2021-05-04",
    "fiscal_year": 2021,
    "fiscal_quarter": 1,
    "r2_url": "https://pub-2c783279b61043e19fbdadd1bee5153a.r2.dev/BG/2021-05-04/68b55-2022-10-17-07-12-31/68b55-2022-10-17-07-12-31.pdf/68b55-2022-10-17-07-12-31.pdf",
    "periodicity": "periodic"
  },
  {
    "equity_ticker": "BG",
    "geography": "US",
    "content_name": "BG Q4 2020 Transcript",
    "file_type": "pdf",
    "content_type": "earnings_transcript",
    "published_date": "2021-02-10",
    "fiscal_date": "2021-02-10",
    "fiscal_year": 2020,
    "fiscal_quarter": 4,
    "r2_url": "https://pub-2c783279b61043e19fbdadd1bee5153a.r2.dev/BG/2021-02-10/Bunge%20Global%20SA_2021-02-10_transcript/Bunge%20Global%20SA_2021-02-10_transcript.pdf/Bunge%20Global%20SA_2021-02-10_transcript.pdf",
    "periodicity": "periodic"
  },
  {
    "equity_ticker": "BG",
    "geography": "US",
    "content_name": "BG Q4 2020 Press Release",
    "file_type": "pdf",
    "content_type": "earnings_press_release",
    "published_date": "2021-02-10",
    "fiscal_date": "2021-02-10",
    "fiscal_year": 2020,
    "fiscal_quarter": 4,
    "r2_url": "https://pub-2c783279b61043e19fbdadd1bee5153a.r2.dev/BG/2021-02-10/20973-2022-10-17-07-49-33/20973-2022-10-17-07-49-33.pdf/20973-2022-10-17-07-49-33.pdf",
    "periodicity": "periodic"
  },
  {
    "equity_ticker": "BG",
    "geography": "US",
    "content_name": "BG Q4 2020 Presentation",
    "file_type": "pdf",
    "content_type": "earnings_presentation",
    "published_date": "2021-02-10",
    "fiscal_date": "2021-02-10",
    "fiscal_year": 2020,
    "fiscal_quarter": 4,
    "r2_url": "https://pub-2c783279b61043e19fbdadd1bee5153a.r2.dev/BG/2021-02-10/e7059-2022-10-17-07-52-33/e7059-2022-10-17-07-52-33.pdf/e7059-2022-10-17-07-52-33.pdf",
    "periodicity": "periodic"
  },
  {
    "equity_ticker": "BG",
    "geography": "US",
    "content_name": "BG Q3 2020 Transcript",
    "file_type": "pdf",
    "content_type": "earnings_transcript",
    "published_date": "2020-10-28",
    "fiscal_date": "2020-10-28",
    "fiscal_year": 2020,
    "fiscal_quarter": 3,
    "r2_url": "https://pub-2c783279b61043e19fbdadd1bee5153a.r2.dev/BG/2020-10-28/Bunge%20Global%20SA_2020-10-28_transcript/Bunge%20Global%20SA_2020-10-28_transcript.pdf/Bunge%20Global%20SA_2020-10-28_transcript.pdf",
    "periodicity": "periodic"
  },
  {
    "equity_ticker": "BG",
    "geography": "US",
    "content_name": "BG Q3 2020 Press Release",
    "file_type": "pdf",
    "content_type": "earnings_press_release",
    "published_date": "2020-10-28",
    "fiscal_date": "2020-10-28",
    "fiscal_year": 2020,
    "fiscal_quarter": 3,
    "r2_url": "https://pub-2c783279b61043e19fbdadd1bee5153a.r2.dev/BG/2020-10-28/2128c-2022-10-17-07-11-37/2128c-2022-10-17-07-11-37.pdf/2128c-2022-10-17-07-11-37.pdf",
    "periodicity": "periodic"
  },
  {
    "equity_ticker": "BG",
    "geography": "US",
    "content_name": "BG Q3 2020 Presentation",
    "file_type": "pdf",
    "content_type": "earnings_presentation",
    "published_date": "2020-10-28",
    "fiscal_date": "2020-10-28",
    "fiscal_year": 2020,
    "fiscal_quarter": 3,
    "r2_url": "https://pub-2c783279b61043e19fbdadd1bee5153a.r2.dev/BG/2020-10-28/0bb89-2022-10-17-07-12-37/0bb89-2022-10-17-07-12-37.pdf/0bb89-2022-10-17-07-12-37.pdf",
    "periodicity": "periodic"
  },
  {
    "equity_ticker": "BG",
    "geography": "US",
    "content_name": "BG Q2 2020 Transcript",
    "file_type": "pdf",
    "content_type": "earnings_transcript",
    "published_date": "2020-07-29",
    "fiscal_date": "2020-07-29",
    "fiscal_year": 2020,
    "fiscal_quarter": 2,
    "r2_url": "https://pub-2c783279b61043e19fbdadd1bee5153a.r2.dev/BG/2020-07-29/Bunge%20Global%20SA_2020-07-29_transcript/Bunge%20Global%20SA_2020-07-29_transcript.pdf/Bunge%20Global%20SA_2020-07-29_transcript.pdf",
    "periodicity": "periodic"
  },
  {
    "equity_ticker": "BG",
    "geography": "US",
    "content_name": "BG Q2 2020 Press Release",
    "file_type": "pdf",
    "content_type": "earnings_press_release",
    "published_date": "2020-07-29",
    "fiscal_date": "2020-07-29",
    "fiscal_year": 2020,
    "fiscal_quarter": 2,
    "r2_url": "https://pub-2c783279b61043e19fbdadd1bee5153a.r2.dev/BG/2020-07-29/18fac-2022-10-17-07-01-40/18fac-2022-10-17-07-01-40.pdf/18fac-2022-10-17-07-01-40.pdf",
    "periodicity": "periodic"
  },
  {
    "equity_ticker": "BG",
    "geography": "US",
    "content_name": "BG Q2 2020 Presentation",
    "file_type": "pdf",
    "content_type": "earnings_presentation",
    "published_date": "2020-07-29",
    "fiscal_date": "2020-07-29",
    "fiscal_year": 2020,
    "fiscal_quarter": 2,
    "r2_url": "https://pub-2c783279b61043e19fbdadd1bee5153a.r2.dev/BG/2020-07-29/9be22-2022-10-17-07-01-40/9be22-2022-10-17-07-01-40.pdf/9be22-2022-10-17-07-01-40.pdf",
    "periodicity": "periodic"
  },
  {
    "equity_ticker": "BG",
    "geography": "US",
    "content_name": "Status Update - June 24, 2020",
    "file_type": "pdf",
    "content_type": "company_conference_transcript",
    "published_date": "2020-06-24",
    "fiscal_date": "2020-06-24",
    "fiscal_year": null,
    "fiscal_quarter": null,
    "r2_url": "https://pub-2c783279b61043e19fbdadd1bee5153a.r2.dev/BG/2020-06-24/Bunge%20Global%20SA_2020-06-24_transcript/Bunge%20Global%20SA_2020-06-24_transcript.pdf/Bunge%20Global%20SA_2020-06-24_transcript.pdf",
    "periodicity": "non_periodic"
  },
  {
    "equity_ticker": "BG",
    "geography": "US",
    "content_name": "Status Update - June 24, 2020",
    "file_type": "pdf",
    "content_type": "company_conference_press_release",
    "published_date": "2020-06-24",
    "fiscal_date": "2020-06-24",
    "fiscal_year": null,
    "fiscal_quarter": null,
    "r2_url": "https://pub-2c783279b61043e19fbdadd1bee5153a.r2.dev/BG/2020-06-24/356ff-2022-10-17-07-09-58/356ff-2022-10-17-07-09-58.pdf/356ff-2022-10-17-07-09-58.pdf",
    "periodicity": "non_periodic"
  },
  {
    "equity_ticker": "BG",
    "geography": "US",
    "content_name": "Status Update - June 24, 2020",
    "file_type": "pdf",
    "content_type": "company_conference_presentation",
    "published_date": "2020-06-24",
    "fiscal_date": "2020-06-24",
    "fiscal_year": null,
    "fiscal_quarter": null,
    "r2_url": "https://pub-2c783279b61043e19fbdadd1bee5153a.r2.dev/BG/2020-06-24/53f85-2022-10-17-07-15-58/53f85-2022-10-17-07-15-58.pdf/53f85-2022-10-17-07-15-58.pdf",
    "periodicity": "non_periodic"
  },
  {
    "equity_ticker": "BG",
    "geography": "US",
    "content_name": "BG Q1 2020 Transcript",
    "file_type": "pdf",
    "content_type": "earnings_transcript",
    "published_date": "2020-05-06",
    "fiscal_date": "2020-05-06",
    "fiscal_year": 2020,
    "fiscal_quarter": 1,
    "r2_url": "https://pub-2c783279b61043e19fbdadd1bee5153a.r2.dev/BG/2020-05-06/Bunge%20Global%20SA_2020-05-06_transcript/Bunge%20Global%20SA_2020-05-06_transcript.pdf/Bunge%20Global%20SA_2020-05-06_transcript.pdf",
    "periodicity": "periodic"
  },
  {
    "equity_ticker": "BG",
    "geography": "US",
    "content_name": "BG Q1 2020 Press Release",
    "file_type": "pdf",
    "content_type": "earnings_press_release",
    "published_date": "2020-05-06",
    "fiscal_date": "2020-05-06",
    "fiscal_year": 2020,
    "fiscal_quarter": 1,
    "r2_url": "https://pub-2c783279b61043e19fbdadd1bee5153a.r2.dev/BG/2020-05-06/2e00f-2022-10-17-07-45-42/2e00f-2022-10-17-07-45-42.pdf/2e00f-2022-10-17-07-45-42.pdf",
    "periodicity": "periodic"
  },
  {
    "equity_ticker": "BG",
    "geography": "US",
    "content_name": "BG Q1 2020 Presentation",
    "file_type": "pdf",
    "content_type": "earnings_presentation",
    "published_date": "2020-05-06",
    "fiscal_date": "2020-05-06",
    "fiscal_year": 2020,
    "fiscal_quarter": 1,
    "r2_url": "https://pub-2c783279b61043e19fbdadd1bee5153a.r2.dev/BG/2020-05-06/75311-2022-10-17-07-45-42/75311-2022-10-17-07-45-42.pdf/75311-2022-10-17-07-45-42.pdf",
    "periodicity": "periodic"
  },
  {
    "equity_ticker": "BG",
    "geography": "US",
    "content_name": "BG Q4 2019 Transcript",
    "file_type": "pdf",
    "content_type": "earnings_transcript",
    "published_date": "2020-02-12",
    "fiscal_date": "2020-02-12",
    "fiscal_year": 2019,
    "fiscal_quarter": 4,
    "r2_url": "https://pub-2c783279b61043e19fbdadd1bee5153a.r2.dev/BG/2020-02-12/Bunge%20Global%20SA_2020-02-12_transcript/Bunge%20Global%20SA_2020-02-12_transcript.pdf/Bunge%20Global%20SA_2020-02-12_transcript.pdf",
    "periodicity": "periodic"
  },
  {
    "equity_ticker": "BG",
    "geography": "US",
    "content_name": "BG Q4 2019 Press Release",
    "file_type": "pdf",
    "content_type": "earnings_press_release",
    "published_date": "2020-02-12",
    "fiscal_date": "2020-02-12",
    "fiscal_year": 2019,
    "fiscal_quarter": 4,
    "r2_url": "https://pub-2c783279b61043e19fbdadd1bee5153a.r2.dev/BG/2020-02-12/55e1f-2022-10-17-07-48-44/55e1f-2022-10-17-07-48-44.pdf/55e1f-2022-10-17-07-48-44.pdf",
    "periodicity": "periodic"
  },
  {
    "equity_ticker": "BG",
    "geography": "US",
    "content_name": "BG Q4 2019 Presentation",
    "file_type": "pdf",
    "content_type": "earnings_presentation",
    "published_date": "2020-02-12",
    "fiscal_date": "2020-02-12",
    "fiscal_year": 2019,
    "fiscal_quarter": 4,
    "r2_url": "https://pub-2c783279b61043e19fbdadd1bee5153a.r2.dev/BG/2020-02-12/46ceb-2022-10-17-07-48-44/46ceb-2022-10-17-07-48-44.pdf/46ceb-2022-10-17-07-48-44.pdf",
    "periodicity": "periodic"
  },
  {
    "equity_ticker": "BG",
    "geography": "US",
    "content_name": "BG Q3 2019 Transcript",
    "file_type": "pdf",
    "content_type": "earnings_transcript",
    "published_date": "2019-10-30",
    "fiscal_date": "2019-10-30",
    "fiscal_year": 2019,
    "fiscal_quarter": 3,
    "r2_url": "https://pub-2c783279b61043e19fbdadd1bee5153a.r2.dev/BG/2019-10-30/Bunge%20Global%20SA_2019-10-30_transcript/Bunge%20Global%20SA_2019-10-30_transcript.pdf/Bunge%20Global%20SA_2019-10-30_transcript.pdf",
    "periodicity": "periodic"
  },
  {
    "equity_ticker": "BG",
    "geography": "US",
    "content_name": "BG Q3 2019 Press Release",
    "file_type": "pdf",
    "content_type": "earnings_press_release",
    "published_date": "2019-10-30",
    "fiscal_date": "2019-10-30",
    "fiscal_year": 2019,
    "fiscal_quarter": 3,
    "r2_url": "https://pub-2c783279b61043e19fbdadd1bee5153a.r2.dev/BG/2019-10-30/bea26-2022-10-17-07-57-46/bea26-2022-10-17-07-57-46.pdf/bea26-2022-10-17-07-57-46.pdf",
    "periodicity": "periodic"
  },
  {
    "equity_ticker": "BG",
    "geography": "US",
    "content_name": "BG Q3 2019 Presentation",
    "file_type": "pdf",
    "content_type": "earnings_presentation",
    "published_date": "2019-10-30",
    "fiscal_date": "2019-10-30",
    "fiscal_year": 2019,
    "fiscal_quarter": 3,
    "r2_url": "https://pub-2c783279b61043e19fbdadd1bee5153a.r2.dev/BG/2019-10-30/40255-2022-10-17-07-56-46/40255-2022-10-17-07-56-46.pdf/40255-2022-10-17-07-56-46.pdf",
    "periodicity": "periodic"
  },
  {
    "equity_ticker": "BG",
    "geography": "US",
    "content_name": "BG Q2 2019 Transcript",
    "file_type": "pdf",
    "content_type": "earnings_transcript",
    "published_date": "2019-07-31",
    "fiscal_date": "2019-07-31",
    "fiscal_year": 2019,
    "fiscal_quarter": 2,
    "r2_url": "https://pub-2c783279b61043e19fbdadd1bee5153a.r2.dev/BG/2019-07-31/Bunge%20Global%20SA_2019-07-31_transcript/Bunge%20Global%20SA_2019-07-31_transcript.pdf/Bunge%20Global%20SA_2019-07-31_transcript.pdf",
    "periodicity": "periodic"
  },
  {
    "equity_ticker": "BG",
    "geography": "US",
    "content_name": "BG Q2 2019 Press Release",
    "file_type": "pdf",
    "content_type": "earnings_press_release",
    "published_date": "2019-07-31",
    "fiscal_date": "2019-07-31",
    "fiscal_year": 2019,
    "fiscal_quarter": 2,
    "r2_url": "https://pub-2c783279b61043e19fbdadd1bee5153a.r2.dev/BG/2019-07-31/3afe2-2022-10-17-07-08-49/3afe2-2022-10-17-07-08-49.pdf/3afe2-2022-10-17-07-08-49.pdf",
    "periodicity": "periodic"
  },
  {
    "equity_ticker": "BG",
    "geography": "US",
    "content_name": "BG Q2 2019 Presentation",
    "file_type": "pdf",
    "content_type": "earnings_presentation",
    "published_date": "2019-07-31",
    "fiscal_date": "2019-07-31",
    "fiscal_year": 2019,
    "fiscal_quarter": 2,
    "r2_url": "https://pub-2c783279b61043e19fbdadd1bee5153a.r2.dev/BG/2019-07-31/bf5fa-2022-10-17-07-08-49/bf5fa-2022-10-17-07-08-49.pdf/bf5fa-2022-10-17-07-08-49.pdf",
    "periodicity": "periodic"
  },
  {
    "equity_ticker": "BG",
    "geography": "US",
    "content_name": "BG Q1 2019 Transcript",
    "file_type": "pdf",
    "content_type": "earnings_transcript",
    "published_date": "2019-05-08",
    "fiscal_date": "2019-05-08",
    "fiscal_year": 2019,
    "fiscal_quarter": 1,
    "r2_url": "https://pub-2c783279b61043e19fbdadd1bee5153a.r2.dev/BG/2019-05-08/Bunge%20Global%20SA_2019-05-08_transcript/Bunge%20Global%20SA_2019-05-08_transcript.pdf/Bunge%20Global%20SA_2019-05-08_transcript.pdf",
    "periodicity": "periodic"
  },
  {
    "equity_ticker": "BG",
    "geography": "US",
    "content_name": "BG Q1 2019 Press Release",
    "file_type": "pdf",
    "content_type": "earnings_press_release",
    "published_date": "2019-05-08",
    "fiscal_date": "2019-05-08",
    "fiscal_year": 2019,
    "fiscal_quarter": 1,
    "r2_url": "https://pub-2c783279b61043e19fbdadd1bee5153a.r2.dev/BG/2019-05-08/7d5f6-2022-10-17-07-39-51/7d5f6-2022-10-17-07-39-51.pdf/7d5f6-2022-10-17-07-39-51.pdf",
    "periodicity": "periodic"
  },
  {
    "equity_ticker": "BG",
    "geography": "US",
    "content_name": "BG Q1 2019 Presentation",
    "file_type": "pdf",
    "content_type": "earnings_presentation",
    "published_date": "2019-05-08",
    "fiscal_date": "2019-05-08",
    "fiscal_year": 2019,
    "fiscal_quarter": 1,
    "r2_url": "https://pub-2c783279b61043e19fbdadd1bee5153a.r2.dev/BG/2019-05-08/09bac-2022-10-17-07-41-51/09bac-2022-10-17-07-41-51.pdf/09bac-2022-10-17-07-41-51.pdf",
    "periodicity": "periodic"
  },
  {
    "equity_ticker": "BG",
    "geography": "US",
    "content_name": "BG Q4 2018 Transcript",
    "file_type": "pdf",
    "content_type": "earnings_transcript",
    "published_date": "2019-02-22",
    "fiscal_date": "2019-02-22",
    "fiscal_year": 2018,
    "fiscal_quarter": 4,
    "r2_url": "https://pub-2c783279b61043e19fbdadd1bee5153a.r2.dev/BG/2019-02-22/Bunge%20Global%20SA_2019-02-22_transcript/Bunge%20Global%20SA_2019-02-22_transcript.pdf/Bunge%20Global%20SA_2019-02-22_transcript.pdf",
    "periodicity": "periodic"
  },
  {
    "equity_ticker": "BG",
    "geography": "US",
    "content_name": "BG Q4 2018 Press Release",
    "file_type": "pdf",
    "content_type": "annual_report",
    "published_date": "2019-02-22",
    "fiscal_date": "2019-02-22",
    "fiscal_year": 2018,
    "fiscal_quarter": 4,
    "r2_url": "https://pub-2c783279b61043e19fbdadd1bee5153a.r2.dev/BG/2019-02-22/3c527-2023-09-12-09-51-27/3c527-2023-09-12-09-51-27.pdf/3c527-2023-09-12-09-51-27.pdf",
    "periodicity": "periodic"
  },
  {
    "equity_ticker": "BG",
    "geography": "US",
    "content_name": "BG Q3 2018 Transcript",
    "file_type": "pdf",
    "content_type": "earnings_transcript",
    "published_date": "2018-10-31",
    "fiscal_date": "2018-10-31",
    "fiscal_year": 2018,
    "fiscal_quarter": 3,
    "r2_url": "https://pub-2c783279b61043e19fbdadd1bee5153a.r2.dev/BG/2018-10-31/Bunge%20Global%20SA_2018-10-31_transcript/Bunge%20Global%20SA_2018-10-31_transcript.pdf/Bunge%20Global%20SA_2018-10-31_transcript.pdf",
    "periodicity": "periodic"
  },
  {
    "equity_ticker": "BG",
    "geography": "US",
    "content_name": "BG Q2 2018 Transcript",
    "file_type": "pdf",
    "content_type": "earnings_transcript",
    "published_date": "2018-08-01",
    "fiscal_date": "2018-08-01",
    "fiscal_year": 2018,
    "fiscal_quarter": 2,
    "r2_url": "https://pub-2c783279b61043e19fbdadd1bee5153a.r2.dev/BG/2018-08-01/Bunge%20Global%20SA_2018-08-01_transcript/Bunge%20Global%20SA_2018-08-01_transcript.pdf/Bunge%20Global%20SA_2018-08-01_transcript.pdf",
    "periodicity": "periodic"
  },
  {
    "equity_ticker": "BG",
    "geography": "US",
    "content_name": "BG Q1 2018 Transcript",
    "file_type": "pdf",
    "content_type": "earnings_transcript",
    "published_date": "2018-05-02",
    "fiscal_date": "2018-05-02",
    "fiscal_year": 2018,
    "fiscal_quarter": 1,
    "r2_url": "https://pub-2c783279b61043e19fbdadd1bee5153a.r2.dev/BG/2018-05-02/Bunge%20Global%20SA_2018-05-02_transcript/Bunge%20Global%20SA_2018-05-02_transcript.pdf/Bunge%20Global%20SA_2018-05-02_transcript.pdf",
    "periodicity": "periodic"
  },
  {
    "equity_ticker": "BG",
    "geography": "US",
    "content_name": "BG Q4 2017 Transcript",
    "file_type": "pdf",
    "content_type": "earnings_transcript",
    "published_date": "2018-02-23",
    "fiscal_date": "2018-02-23",
    "fiscal_year": 2017,
    "fiscal_quarter": 4,
    "r2_url": "https://pub-2c783279b61043e19fbdadd1bee5153a.r2.dev/BG/2018-02-23/Bunge%20Global%20SA_2018-02-23_transcript/Bunge%20Global%20SA_2018-02-23_transcript.pdf/Bunge%20Global%20SA_2018-02-23_transcript.pdf",
    "periodicity": "periodic"
  },
  {
    "equity_ticker": "BG",
    "geography": "US",
    "content_name": "BG Q4 2017 Press Release",
    "file_type": "pdf",
    "content_type": "annual_report",
    "published_date": "2018-02-23",
    "fiscal_date": "2018-02-23",
    "fiscal_year": 2017,
    "fiscal_quarter": 4,
    "r2_url": "https://pub-2c783279b61043e19fbdadd1bee5153a.r2.dev/BG/2018-02-23/4a9fc-2023-09-12-09-10-28/4a9fc-2023-09-12-09-10-28.pdf/4a9fc-2023-09-12-09-10-28.pdf",
    "periodicity": "periodic"
  },
  {
    "equity_ticker": "BG",
    "geography": "US",
    "content_name": "BG Q3 2017 Transcript",
    "file_type": "pdf",
    "content_type": "earnings_transcript",
    "published_date": "2017-11-01",
    "fiscal_date": "2017-11-01",
    "fiscal_year": 2017,
    "fiscal_quarter": 3,
    "r2_url": "https://pub-2c783279b61043e19fbdadd1bee5153a.r2.dev/BG/2017-11-01/Bunge%20Global%20SA_2017-11-01_transcript/Bunge%20Global%20SA_2017-11-01_transcript.pdf/Bunge%20Global%20SA_2017-11-01_transcript.pdf",
    "periodicity": "periodic"
  },
  {
    "equity_ticker": "BG",
    "geography": "US",
    "content_name": "BG Q2 2017 Transcript",
    "file_type": "pdf",
    "content_type": "earnings_transcript",
    "published_date": "2017-08-02",
    "fiscal_date": "2017-08-02",
    "fiscal_year": 2017,
    "fiscal_quarter": 2,
    "r2_url": "https://pub-2c783279b61043e19fbdadd1bee5153a.r2.dev/BG/2017-08-02/Bunge%20Global%20SA_2017-08-02_transcript/Bunge%20Global%20SA_2017-08-02_transcript.pdf/Bunge%20Global%20SA_2017-08-02_transcript.pdf",
    "periodicity": "periodic"
  },
  {
    "equity_ticker": "BG",
    "geography": "US",
    "content_name": "BG Q1 2017 Transcript",
    "file_type": "pdf",
    "content_type": "earnings_transcript",
    "published_date": "2017-05-03",
    "fiscal_date": "2017-05-03",
    "fiscal_year": 2017,
    "fiscal_quarter": 1,
    "r2_url": "https://pub-2c783279b61043e19fbdadd1bee5153a.r2.dev/BG/2017-05-03/Bunge%20Global%20SA_2017-05-03_transcript/Bunge%20Global%20SA_2017-05-03_transcript.pdf/Bunge%20Global%20SA_2017-05-03_transcript.pdf",
    "periodicity": "periodic"
  },
  {
    "equity_ticker": "BG",
    "geography": "US",
    "content_name": "BG Q4 2016 Transcript",
    "file_type": "pdf",
    "content_type": "earnings_transcript",
    "published_date": "2017-02-28",
    "fiscal_date": "2017-02-28",
    "fiscal_year": 2016,
    "fiscal_quarter": 4,
    "r2_url": "https://pub-2c783279b61043e19fbdadd1bee5153a.r2.dev/BG/2017-02-28/Bunge%20Global%20SA_2017-02-28_transcript/Bunge%20Global%20SA_2017-02-28_transcript.pdf/Bunge%20Global%20SA_2017-02-28_transcript.pdf",
    "periodicity": "periodic"
  },
  {
    "equity_ticker": "BG",
    "geography": "US",
    "content_name": "BG Q4 2016 Press Release",
    "file_type": "pdf",
    "content_type": "annual_report",
    "published_date": "2017-02-28",
    "fiscal_date": "2017-02-28",
    "fiscal_year": 2016,
    "fiscal_quarter": 4,
    "r2_url": "https://pub-2c783279b61043e19fbdadd1bee5153a.r2.dev/BG/2017-02-28/fa960-2023-09-12-09-26-28/fa960-2023-09-12-09-26-28.pdf/fa960-2023-09-12-09-26-28.pdf",
    "periodicity": "periodic"
  },
  {
    "equity_ticker": "BG",
    "geography": "US",
    "content_name": "BG Q3 2016 Transcript",
    "file_type": "pdf",
    "content_type": "earnings_transcript",
    "published_date": "2016-11-02",
    "fiscal_date": "2016-11-02",
    "fiscal_year": 2016,
    "fiscal_quarter": 3,
    "r2_url": "https://pub-2c783279b61043e19fbdadd1bee5153a.r2.dev/BG/2016-11-02/Bunge%20Global%20SA_2016-11-02_transcript/Bunge%20Global%20SA_2016-11-02_transcript.pdf/Bunge%20Global%20SA_2016-11-02_transcript.pdf",
    "periodicity": "periodic"
  },
  {
    "equity_ticker": "BG",
    "geography": "US",
    "content_name": "BG Q2 2016 Transcript",
    "file_type": "pdf",
    "content_type": "earnings_transcript",
    "published_date": "2016-07-28",
    "fiscal_date": "2016-07-28",
    "fiscal_year": 2016,
    "fiscal_quarter": 2,
    "r2_url": "https://pub-2c783279b61043e19fbdadd1bee5153a.r2.dev/BG/2016-07-28/Bunge%20Global%20SA_2016-07-28_transcript/Bunge%20Global%20SA_2016-07-28_transcript.pdf/Bunge%20Global%20SA_2016-07-28_transcript.pdf",
    "periodicity": "periodic"
  },
  {
    "equity_ticker": "BG",
    "geography": "US",
    "content_name": "BG Q1 2016 Transcript",
    "file_type": "pdf",
    "content_type": "earnings_transcript",
    "published_date": "2016-05-01",
    "fiscal_date": "2016-05-01",
    "fiscal_year": 2016,
    "fiscal_quarter": 1,
    "r2_url": "https://pub-2c783279b61043e19fbdadd1bee5153a.r2.dev/BG/2016-05-01/Bunge%20Global%20SA_2016-05-01_transcript/Bunge%20Global%20SA_2016-05-01_transcript.pdf/Bunge%20Global%20SA_2016-05-01_transcript.pdf",
    "periodicity": "periodic"
  },
  {
    "equity_ticker": "BG",
    "geography": "US",
    "content_name": "BG Q4 2015 Transcript",
    "file_type": "pdf",
    "content_type": "earnings_transcript",
    "published_date": "2016-02-11",
    "fiscal_date": "2016-02-11",
    "fiscal_year": 2015,
    "fiscal_quarter": 4,
    "r2_url": "https://pub-2c783279b61043e19fbdadd1bee5153a.r2.dev/BG/2016-02-11/Bunge%20Global%20SA_2016-02-11_transcript/Bunge%20Global%20SA_2016-02-11_transcript.pdf/Bunge%20Global%20SA_2016-02-11_transcript.pdf",
    "periodicity": "periodic"
  },
  {
    "equity_ticker": "BG",
    "geography": "US",
    "content_name": "BG Q3 2015 Transcript",
    "file_type": "pdf",
    "content_type": "earnings_transcript",
    "published_date": "2015-10-29",
    "fiscal_date": "2015-10-29",
    "fiscal_year": 2015,
    "fiscal_quarter": 3,
    "r2_url": "https://pub-2c783279b61043e19fbdadd1bee5153a.r2.dev/BG/2015-10-29/Bunge%20Global%20SA_2015-10-29_transcript/Bunge%20Global%20SA_2015-10-29_transcript.pdf/Bunge%20Global%20SA_2015-10-29_transcript.pdf",
    "periodicity": "periodic"
  },
  {
    "equity_ticker": "BG",
    "geography": "US",
    "content_name": "BG Q2 2015 Transcript",
    "file_type": "pdf",
    "content_type": "earnings_transcript",
    "published_date": "2015-07-30",
    "fiscal_date": "2015-07-30",
    "fiscal_year": 2015,
    "fiscal_quarter": 2,
    "r2_url": "https://pub-2c783279b61043e19fbdadd1bee5153a.r2.dev/BG/2015-07-30/Bunge%20Global%20SA_2015-07-30_transcript/Bunge%20Global%20SA_2015-07-30_transcript.pdf/Bunge%20Global%20SA_2015-07-30_transcript.pdf",
    "periodicity": "periodic"
  },
  {
    "equity_ticker": "BG",
    "geography": "US",
    "content_name": "BG Q1 2015 Transcript",
    "file_type": "pdf",
    "content_type": "earnings_transcript",
    "published_date": "2015-04-30",
    "fiscal_date": "2015-04-30",
    "fiscal_year": 2015,
    "fiscal_quarter": 1,
    "r2_url": "https://pub-2c783279b61043e19fbdadd1bee5153a.r2.dev/BG/2015-04-30/Bunge%20Global%20SA_2015-04-30_transcript/Bunge%20Global%20SA_2015-04-30_transcript.pdf/Bunge%20Global%20SA_2015-04-30_transcript.pdf",
    "periodicity": "periodic"
  },
  {
    "equity_ticker": "BG",
    "geography": "US",
    "content_name": "BG Q4 2014 Transcript",
    "file_type": "pdf",
    "content_type": "earnings_transcript",
    "published_date": "2015-02-12",
    "fiscal_date": "2015-02-12",
    "fiscal_year": 2014,
    "fiscal_quarter": 4,
    "r2_url": "https://pub-2c783279b61043e19fbdadd1bee5153a.r2.dev/BG/2015-02-12/Bunge%20Global%20SA_2015-02-12_transcript/Bunge%20Global%20SA_2015-02-12_transcript.pdf/Bunge%20Global%20SA_2015-02-12_transcript.pdf",
    "periodicity": "periodic"
  },
  {
    "equity_ticker": "BG",
    "geography": "US",
    "content_name": "BG Q3 2014 Transcript",
    "file_type": "pdf",
    "content_type": "earnings_transcript",
    "published_date": "2014-10-30",
    "fiscal_date": "2014-10-30",
    "fiscal_year": 2014,
    "fiscal_quarter": 3,
    "r2_url": "https://pub-2c783279b61043e19fbdadd1bee5153a.r2.dev/BG/2014-10-30/Bunge%20Global%20SA_2014-10-30_transcript/Bunge%20Global%20SA_2014-10-30_transcript.pdf/Bunge%20Global%20SA_2014-10-30_transcript.pdf",
    "periodicity": "periodic"
  },
  {
    "equity_ticker": "BG",
    "geography": "US",
    "content_name": "BG Q2 2014 Transcript",
    "file_type": "pdf",
    "content_type": "earnings_transcript",
    "published_date": "2014-07-31",
    "fiscal_date": "2014-07-31",
    "fiscal_year": 2014,
    "fiscal_quarter": 2,
    "r2_url": "https://pub-2c783279b61043e19fbdadd1bee5153a.r2.dev/BG/2014-07-31/Bunge%20Global%20SA_2014-07-31_transcript/Bunge%20Global%20SA_2014-07-31_transcript.pdf/Bunge%20Global%20SA_2014-07-31_transcript.pdf",
    "periodicity": "periodic"
  },
  {
    "equity_ticker": "BG",
    "geography": "US",
    "content_name": "BG Q1 2014 Transcript",
    "file_type": "pdf",
    "content_type": "earnings_transcript",
    "published_date": "2014-05-01",
    "fiscal_date": "2014-05-01",
    "fiscal_year": 2014,
    "fiscal_quarter": 1,
    "r2_url": "https://pub-2c783279b61043e19fbdadd1bee5153a.r2.dev/BG/2014-05-01/Bunge%20Global%20SA_2014-05-01_transcript/Bunge%20Global%20SA_2014-05-01_transcript.pdf/Bunge%20Global%20SA_2014-05-01_transcript.pdf",
    "periodicity": "periodic"
  },
  {
    "equity_ticker": "BG",
    "geography": "US",
    "content_name": "BG Q4 2013 Transcript",
    "file_type": "pdf",
    "content_type": "earnings_transcript",
    "published_date": "2014-02-13",
    "fiscal_date": "2014-02-13",
    "fiscal_year": 2013,
    "fiscal_quarter": 4,
    "r2_url": "https://pub-2c783279b61043e19fbdadd1bee5153a.r2.dev/BG/2014-02-13/Bunge%20Global%20SA_2014-02-13_transcript/Bunge%20Global%20SA_2014-02-13_transcript.pdf/Bunge%20Global%20SA_2014-02-13_transcript.pdf",
    "periodicity": "periodic"
  },
  {
    "equity_ticker": "BG",
    "geography": "US",
    "content_name": "BG Q3 2013 Transcript",
    "file_type": "pdf",
    "content_type": "earnings_transcript",
    "published_date": "2013-10-24",
    "fiscal_date": "2013-10-24",
    "fiscal_year": 2013,
    "fiscal_quarter": 3,
    "r2_url": "https://pub-2c783279b61043e19fbdadd1bee5153a.r2.dev/BG/2013-10-24/Bunge%20Global%20SA_2013-10-24_transcript/Bunge%20Global%20SA_2013-10-24_transcript.pdf/Bunge%20Global%20SA_2013-10-24_transcript.pdf",
    "periodicity": "periodic"
  },
  {
    "equity_ticker": "BG",
    "geography": "US",
    "content_name": "BG Q2 2013 Transcript",
    "file_type": "pdf",
    "content_type": "earnings_transcript",
    "published_date": "2013-07-25",
    "fiscal_date": "2013-07-25",
    "fiscal_year": 2013,
    "fiscal_quarter": 2,
    "r2_url": "https://pub-2c783279b61043e19fbdadd1bee5153a.r2.dev/BG/2013-07-25/Bunge%20Global%20SA_2013-07-25_transcript/Bunge%20Global%20SA_2013-07-25_transcript.pdf/Bunge%20Global%20SA_2013-07-25_transcript.pdf",
    "periodicity": "periodic"
  },
  {
    "equity_ticker": "BG",
    "geography": "US",
    "content_name": "BG Q1 2013 Transcript",
    "file_type": "pdf",
    "content_type": "earnings_transcript",
    "published_date": "2013-04-25",
    "fiscal_date": "2013-04-25",
    "fiscal_year": 2013,
    "fiscal_quarter": 1,
    "r2_url": "https://pub-2c783279b61043e19fbdadd1bee5153a.r2.dev/BG/2013-04-25/Bunge%20Global%20SA_2013-04-25_transcript/Bunge%20Global%20SA_2013-04-25_transcript.pdf/Bunge%20Global%20SA_2013-04-25_transcript.pdf",
    "periodicity": "periodic"
  },
  {
    "equity_ticker": "BG",
    "geography": "US",
    "content_name": "BG Q4 2012 Transcript",
    "file_type": "pdf",
    "content_type": "earnings_transcript",
    "published_date": "2013-02-07",
    "fiscal_date": "2013-02-07",
    "fiscal_year": 2012,
    "fiscal_quarter": 4,
    "r2_url": "https://pub-2c783279b61043e19fbdadd1bee5153a.r2.dev/BG/2013-02-07/Bunge%20Global%20SA_2013-02-07_transcript/Bunge%20Global%20SA_2013-02-07_transcript.pdf/Bunge%20Global%20SA_2013-02-07_transcript.pdf",
    "periodicity": "periodic"
  },
  {
    "equity_ticker": "BG",
    "geography": "US",
    "content_name": "BG Q3 2012 Transcript",
    "file_type": "pdf",
    "content_type": "earnings_transcript",
    "published_date": "2012-10-25",
    "fiscal_date": "2012-10-25",
    "fiscal_year": 2012,
    "fiscal_quarter": 3,
    "r2_url": "https://pub-2c783279b61043e19fbdadd1bee5153a.r2.dev/BG/2012-10-25/Bunge%20Global%20SA_2012-10-25_transcript/Bunge%20Global%20SA_2012-10-25_transcript.pdf/Bunge%20Global%20SA_2012-10-25_transcript.pdf",
    "periodicity": "periodic"
  },
  {
    "equity_ticker": "BG",
    "geography": "US",
    "content_name": "BG Q2 2012 Transcript",
    "file_type": "pdf",
    "content_type": "earnings_transcript",
    "published_date": "2012-07-26",
    "fiscal_date": "2012-07-26",
    "fiscal_year": 2012,
    "fiscal_quarter": 2,
    "r2_url": "https://pub-2c783279b61043e19fbdadd1bee5153a.r2.dev/BG/2012-07-26/Bunge%20Global%20SA_2012-07-26_transcript/Bunge%20Global%20SA_2012-07-26_transcript.pdf/Bunge%20Global%20SA_2012-07-26_transcript.pdf",
    "periodicity": "periodic"
  },
  {
    "equity_ticker": "BG",
    "geography": "US",
    "content_name": "BG Q1 2012 Transcript",
    "file_type": "pdf",
    "content_type": "earnings_transcript",
    "published_date": "2012-04-26",
    "fiscal_date": "2012-04-26",
    "fiscal_year": 2012,
    "fiscal_quarter": 1,
    "r2_url": "https://pub-2c783279b61043e19fbdadd1bee5153a.r2.dev/BG/2012-04-26/Bunge%20Global%20SA_2012-04-26_transcript/Bunge%20Global%20SA_2012-04-26_transcript.pdf/Bunge%20Global%20SA_2012-04-26_transcript.pdf",
    "periodicity": "periodic"
  },
  {
    "equity_ticker": "BG",
    "geography": "US",
    "content_name": "BG Q4 2011 Transcript",
    "file_type": "pdf",
    "content_type": "earnings_transcript",
    "published_date": "2012-02-09",
    "fiscal_date": "2012-02-09",
    "fiscal_year": 2011,
    "fiscal_quarter": 4,
    "r2_url": "https://pub-2c783279b61043e19fbdadd1bee5153a.r2.dev/BG/2012-02-09/Bunge%20Global%20SA_2012-02-09_transcript/Bunge%20Global%20SA_2012-02-09_transcript.pdf/Bunge%20Global%20SA_2012-02-09_transcript.pdf",
    "periodicity": "periodic"
  },
  {
    "equity_ticker": "BG",
    "geography": "US",
    "content_name": "BG Q3 2011 Transcript",
    "file_type": "pdf",
    "content_type": "earnings_transcript",
    "published_date": "2011-10-27",
    "fiscal_date": "2011-10-27",
    "fiscal_year": 2011,
    "fiscal_quarter": 3,
    "r2_url": "https://pub-2c783279b61043e19fbdadd1bee5153a.r2.dev/BG/2011-10-27/Bunge%20Global%20SA_2011-10-27_transcript/Bunge%20Global%20SA_2011-10-27_transcript.pdf/Bunge%20Global%20SA_2011-10-27_transcript.pdf",
    "periodicity": "periodic"
  },
  {
    "equity_ticker": "BG",
    "geography": "US",
    "content_name": "BG Q2 2011 Transcript",
    "file_type": "pdf",
    "content_type": "earnings_transcript",
    "published_date": "2011-07-28",
    "fiscal_date": "2011-07-28",
    "fiscal_year": 2011,
    "fiscal_quarter": 2,
    "r2_url": "https://pub-2c783279b61043e19fbdadd1bee5153a.r2.dev/BG/2011-07-28/Bunge%20Global%20SA_2011-07-28_transcript/Bunge%20Global%20SA_2011-07-28_transcript.pdf/Bunge%20Global%20SA_2011-07-28_transcript.pdf",
    "periodicity": "periodic"
  },
  {
    "equity_ticker": "BG",
    "geography": "US",
    "content_name": "BG Q4 2009 Transcript",
    "file_type": "pdf",
    "content_type": "earnings_transcript",
    "published_date": "2010-02-04",
    "fiscal_date": "2010-02-04",
    "fiscal_year": 2009,
    "fiscal_quarter": 4,
    "r2_url": "https://pub-2c783279b61043e19fbdadd1bee5153a.r2.dev/BG/2010-02-04/Bunge%20Global%20SA_2010-02-04_transcript/Bunge%20Global%20SA_2010-02-04_transcript.pdf/Bunge%20Global%20SA_2010-02-04_transcript.pdf",
    "periodicity": "periodic"
  },
  {
    "equity_ticker": "BG",
    "geography": "US",
    "content_name": "BG Q2 2009 Transcript",
    "file_type": "pdf",
    "content_type": "earnings_transcript",
    "published_date": "2009-07-23",
    "fiscal_date": "2009-07-23",
    "fiscal_year": 2009,
    "fiscal_quarter": 2,
    "r2_url": "https://pub-2c783279b61043e19fbdadd1bee5153a.r2.dev/BG/2009-07-23/Bunge%20Global%20SA_2009-07-23_transcript/Bunge%20Global%20SA_2009-07-23_transcript.pdf/Bunge%20Global%20SA_2009-07-23_transcript.pdf",
    "periodicity": "periodic"
  },
  {
    "equity_ticker": "BG",
    "geography": "US",
    "content_name": "BG Q1 2009 Transcript",
    "file_type": "pdf",
    "content_type": "earnings_transcript",
    "published_date": "2009-04-23",
    "fiscal_date": "2009-04-23",
    "fiscal_year": 2009,
    "fiscal_quarter": 1,
    "r2_url": "https://pub-2c783279b61043e19fbdadd1bee5153a.r2.dev/BG/2009-04-23/Bunge%20Global%20SA_2009-04-23_transcript/Bunge%20Global%20SA_2009-04-23_transcript.pdf/Bunge%20Global%20SA_2009-04-23_transcript.pdf",
    "periodicity": "periodic"
  },
  {
    "equity_ticker": "BG",
    "geography": "US",
    "content_name": "BG Q4 2008 Transcript",
    "file_type": "pdf",
    "content_type": "earnings_transcript",
    "published_date": "2009-02-11",
    "fiscal_date": "2009-02-11",
    "fiscal_year": 2008,
    "fiscal_quarter": 4,
    "r2_url": "https://pub-2c783279b61043e19fbdadd1bee5153a.r2.dev/BG/2009-02-11/Bunge%20Global%20SA_2009-02-11_transcript/Bunge%20Global%20SA_2009-02-11_transcript.pdf/Bunge%20Global%20SA_2009-02-11_transcript.pdf",
    "periodicity": "periodic"
  },
  {
    "equity_ticker": "BG",
    "geography": "US",
    "content_name": "BG Q3 2008 Transcript",
    "file_type": "pdf",
    "content_type": "earnings_transcript",
    "published_date": "2008-10-23",
    "fiscal_date": "2008-10-23",
    "fiscal_year": 2008,
    "fiscal_quarter": 3,
    "r2_url": "https://pub-2c783279b61043e19fbdadd1bee5153a.r2.dev/BG/2008-10-23/Bunge%20Global%20SA_2008-10-23_transcript/Bunge%20Global%20SA_2008-10-23_transcript.pdf/Bunge%20Global%20SA_2008-10-23_transcript.pdf",
    "periodicity": "periodic"
  },
  {
    "equity_ticker": "BG",
    "geography": "US",
    "content_name": "BG Q2 2008 Transcript",
    "file_type": "pdf",
    "content_type": "earnings_transcript",
    "published_date": "2008-07-24",
    "fiscal_date": "2008-07-24",
    "fiscal_year": 2008,
    "fiscal_quarter": 2,
    "r2_url": "https://pub-2c783279b61043e19fbdadd1bee5153a.r2.dev/BG/2008-07-24/Bunge%20Global%20SA_2008-07-24_transcript/Bunge%20Global%20SA_2008-07-24_transcript.pdf/Bunge%20Global%20SA_2008-07-24_transcript.pdf",
    "periodicity": "periodic"
  },
  {
    "equity_ticker": "BG",
    "geography": "US",
    "content_name": "BG Q1 2008 Transcript",
    "file_type": "pdf",
    "content_type": "earnings_transcript",
    "published_date": "2008-04-27",
    "fiscal_date": "2008-04-27",
    "fiscal_year": 2008,
    "fiscal_quarter": 1,
    "r2_url": "https://pub-2c783279b61043e19fbdadd1bee5153a.r2.dev/BG/2008-04-27/Bunge%20Global%20SA_2008-04-27_transcript/Bunge%20Global%20SA_2008-04-27_transcript.pdf/Bunge%20Global%20SA_2008-04-27_transcript.pdf",
    "periodicity": "periodic"
  },
  {
    "equity_ticker": "BG",
    "geography": "US",
    "content_name": "BG Q4 2007 Transcript",
    "file_type": "pdf",
    "content_type": "earnings_transcript",
    "published_date": "2008-02-13",
    "fiscal_date": "2008-02-13",
    "fiscal_year": 2007,
    "fiscal_quarter": 4,
    "r2_url": "https://pub-2c783279b61043e19fbdadd1bee5153a.r2.dev/BG/2008-02-13/Bunge%20Global%20SA_2008-02-13_transcript/Bunge%20Global%20SA_2008-02-13_transcript.pdf/Bunge%20Global%20SA_2008-02-13_transcript.pdf",
    "periodicity": "periodic"
  },
  {
    "equity_ticker": "BG",
    "geography": "US",
    "content_name": "BG Q3 2007 Transcript",
    "file_type": "pdf",
    "content_type": "earnings_transcript",
    "published_date": "2007-10-26",
    "fiscal_date": "2007-10-26",
    "fiscal_year": 2007,
    "fiscal_quarter": 3,
    "r2_url": "https://pub-2c783279b61043e19fbdadd1bee5153a.r2.dev/BG/2007-10-26/Bunge%20Global%20SA_2007-10-26_transcript/Bunge%20Global%20SA_2007-10-26_transcript.pdf/Bunge%20Global%20SA_2007-10-26_transcript.pdf",
    "periodicity": "periodic"
  }
]