[
    {
        "equity_ticker": "BRBR",
        "geography": "US",
        "content_name": "BRBR Q1 2025 10-Q",
        "file_type": "pdf",
        "content_type": "quarterly_report",
        "published_date": "2025-02-04",
        "fiscal_date": "2024-12-31",
        "fiscal_year": 2025,
        "fiscal_quarter": 1,
        "r2_url": "https://pub-2c783279b61043e19fbdadd1bee5153a.r2.dev/BRBR/2025-02-04/brbr-20241231.htm/brbr-20241231.pdf",
        "periodicity": "periodic"
    },
    {
        "equity_ticker": "BRBR",
        "geography": "US",
        "content_name": "BRBR Q4 2024 10-K",
        "file_type": "pdf",
        "content_type": "annual_report",
        "published_date": "2024-11-19",
        "fiscal_date": "2024-09-30",
        "fiscal_year": 2024,
        "fiscal_quarter": 4,
        "r2_url": "https://pub-2c783279b61043e19fbdadd1bee5153a.r2.dev/BRBR/2024-11-19/brbr-20240930.htm/brbr-20240930.pdf",
        "periodicity": "periodic"
    },
    {
        "equity_ticker": "BRBR",
        "geography": "US",
        "content_name": "BRBR Q3 2024 10-Q",
        "file_type": "pdf",
        "content_type": "quarterly_report",
        "published_date": "2024-08-06",
        "fiscal_date": "2024-06-30",
        "fiscal_year": 2024,
        "fiscal_quarter": 3,
        "r2_url": "https://pub-2c783279b61043e19fbdadd1bee5153a.r2.dev/BRBR/2024-08-06/brbr-20240630.htm/brbr-20240630.pdf",
        "periodicity": "periodic"
    },
    {
        "equity_ticker": "BRBR",
        "geography": "US",
        "content_name": "BRBR Q2 2024 10-Q",
        "file_type": "pdf",
        "content_type": "quarterly_report",
        "published_date": "2024-05-07",
        "fiscal_date": "2024-03-31",
        "fiscal_year": 2024,
        "fiscal_quarter": 2,
        "r2_url": "https://pub-2c783279b61043e19fbdadd1bee5153a.r2.dev/BRBR/2024-05-07/brbr-20240331.htm/brbr-20240331.pdf",
        "periodicity": "periodic"
    },
    {
        "equity_ticker": "BRBR",
        "geography": "US",
        "content_name": "BRBR Q1 2024 10-Q",
        "file_type": "pdf",
        "content_type": "quarterly_report",
        "published_date": "2024-02-06",
        "fiscal_date": "2023-12-31",
        "fiscal_year": 2024,
        "fiscal_quarter": 1,
        "r2_url": "https://pub-2c783279b61043e19fbdadd1bee5153a.r2.dev/BRBR/2024-02-06/brbr-20231231.htm/brbr-20231231.pdf",
        "periodicity": "periodic"
    },
    {
        "equity_ticker": "BRBR",
        "geography": "US",
        "content_name": "BRBR Q4 2023 10-K",
        "file_type": "pdf",
        "content_type": "annual_report",
        "published_date": "2023-11-21",
        "fiscal_date": "2023-09-30",
        "fiscal_year": 2023,
        "fiscal_quarter": 4,
        "r2_url": "https://pub-2c783279b61043e19fbdadd1bee5153a.r2.dev/BRBR/2023-11-21/brbr-20230930.htm/brbr-20230930.pdf",
        "periodicity": "periodic"
    },
    {
        "equity_ticker": "BRBR",
        "geography": "US",
        "content_name": "BRBR Q3 2023 10-Q",
        "file_type": "pdf",
        "content_type": "quarterly_report",
        "published_date": "2023-08-08",
        "fiscal_date": "2023-06-30",
        "fiscal_year": 2023,
        "fiscal_quarter": 3,
        "r2_url": "https://pub-2c783279b61043e19fbdadd1bee5153a.r2.dev/BRBR/2023-08-08/brbr-20230630.htm/brbr-20230630.pdf",
        "periodicity": "periodic"
    },
    {
        "equity_ticker": "BRBR",
        "geography": "US",
        "content_name": "BRBR Q2 2023 10-Q",
        "file_type": "pdf",
        "content_type": "quarterly_report",
        "published_date": "2023-05-09",
        "fiscal_date": "2023-03-31",
        "fiscal_year": 2023,
        "fiscal_quarter": 2,
        "r2_url": "https://pub-2c783279b61043e19fbdadd1bee5153a.r2.dev/BRBR/2023-05-09/brbr-20230331.htm/brbr-20230331.pdf",
        "periodicity": "periodic"
    },
    {
        "equity_ticker": "BRBR",
        "geography": "US",
        "content_name": "BRBR Q1 2023 10-Q",
        "file_type": "pdf",
        "content_type": "quarterly_report",
        "published_date": "2023-02-07",
        "fiscal_date": "2022-12-31",
        "fiscal_year": 2023,
        "fiscal_quarter": 1,
        "r2_url": "https://pub-2c783279b61043e19fbdadd1bee5153a.r2.dev/BRBR/2023-02-07/brbr-20221231.htm/brbr-20221231.pdf",
        "periodicity": "periodic"
    },
    {
        "equity_ticker": "BRBR",
        "geography": "US",
        "content_name": "BRBR Q4 2022 10-K",
        "file_type": "pdf",
        "content_type": "annual_report",
        "published_date": "2022-11-17",
        "fiscal_date": "2022-09-30",
        "fiscal_year": 2022,
        "fiscal_quarter": 4,
        "r2_url": "https://pub-2c783279b61043e19fbdadd1bee5153a.r2.dev/BRBR/2022-11-17/brbr-20220930.htm/brbr-20220930.pdf",
        "periodicity": "periodic"
    },
    {
        "equity_ticker": "BRBR",
        "geography": "US",
        "content_name": "BRBR Q3 2022 10-Q",
        "file_type": "pdf",
        "content_type": "quarterly_report",
        "published_date": "2022-08-05",
        "fiscal_date": "2022-06-30",
        "fiscal_year": 2022,
        "fiscal_quarter": 3,
        "r2_url": "https://pub-2c783279b61043e19fbdadd1bee5153a.r2.dev/BRBR/2022-08-05/brbr-20220630.htm/brbr-20220630.pdf",
        "periodicity": "periodic"
    },
    {
        "equity_ticker": "BRBR",
        "geography": "US",
        "content_name": "BRBR Q2 2022 10-Q",
        "file_type": "pdf",
        "content_type": "quarterly_report",
        "published_date": "2022-05-06",
        "fiscal_date": "2022-03-31",
        "fiscal_year": 2022,
        "fiscal_quarter": 2,
        "r2_url": "https://pub-2c783279b61043e19fbdadd1bee5153a.r2.dev/BRBR/2022-05-06/brbr-20220331.htm/brbr-20220331.pdf",
        "periodicity": "periodic"
    },
    {
        "equity_ticker": "BRBR",
        "geography": "US",
        "content_name": "BRBR Q1 2022 10-Q",
        "file_type": "pdf",
        "content_type": "quarterly_report",
        "published_date": "2022-02-04",
        "fiscal_date": "2021-12-31",
        "fiscal_year": 2022,
        "fiscal_quarter": 1,
        "r2_url": "https://pub-2c783279b61043e19fbdadd1bee5153a.r2.dev/BRBR/2022-02-04/brbr-20211231.htm/brbr-20211231.pdf",
        "periodicity": "periodic"
    },
    {
        "equity_ticker": "BRBR",
        "geography": "US",
        "content_name": "BRBR Q4 2021 10-K",
        "file_type": "pdf",
        "content_type": "annual_report",
        "published_date": "2021-11-19",
        "fiscal_date": "2021-09-30",
        "fiscal_year": 2021,
        "fiscal_quarter": 4,
        "r2_url": "https://pub-2c783279b61043e19fbdadd1bee5153a.r2.dev/BRBR/2021-11-19/brbr-20210930.htm/brbr-20210930.pdf",
        "periodicity": "periodic"
    },
    {
        "equity_ticker": "BRBR",
        "geography": "US",
        "content_name": "BRBR Q3 2021 10-Q",
        "file_type": "pdf",
        "content_type": "quarterly_report",
        "published_date": "2021-08-06",
        "fiscal_date": "2021-06-30",
        "fiscal_year": 2021,
        "fiscal_quarter": 3,
        "r2_url": "https://pub-2c783279b61043e19fbdadd1bee5153a.r2.dev/BRBR/2021-08-06/brbr-20210630.htm/brbr-20210630.pdf",
        "periodicity": "periodic"
    },
    {
        "equity_ticker": "BRBR",
        "geography": "US",
        "content_name": "BRBR Q2 2021 10-Q",
        "file_type": "pdf",
        "content_type": "quarterly_report",
        "published_date": "2021-05-07",
        "fiscal_date": "2021-03-31",
        "fiscal_year": 2021,
        "fiscal_quarter": 2,
        "r2_url": "https://pub-2c783279b61043e19fbdadd1bee5153a.r2.dev/BRBR/2021-05-07/brbr-20210331.htm/brbr-20210331.pdf",
        "periodicity": "periodic"
    },
    {
        "equity_ticker": "BRBR",
        "geography": "US",
        "content_name": "BRBR Q1 2021 10-Q",
        "file_type": "pdf",
        "content_type": "quarterly_report",
        "published_date": "2021-02-05",
        "fiscal_date": "2020-12-31",
        "fiscal_year": 2021,
        "fiscal_quarter": 1,
        "r2_url": "https://pub-2c783279b61043e19fbdadd1bee5153a.r2.dev/BRBR/2021-02-05/brbr-20201231.htm/brbr-20201231.pdf",
        "periodicity": "periodic"
    },
    {
        "equity_ticker": "BRBR",
        "geography": "US",
        "content_name": "BRBR Q4 2020 10-K",
        "file_type": "pdf",
        "content_type": "annual_report",
        "published_date": "2020-11-20",
        "fiscal_date": "2020-09-30",
        "fiscal_year": 2020,
        "fiscal_quarter": 4,
        "r2_url": "https://pub-2c783279b61043e19fbdadd1bee5153a.r2.dev/BRBR/2020-11-20/brbr-20200930.htm/brbr-20200930.pdf",
        "periodicity": "periodic"
    },
    {
        "equity_ticker": "BRBR",
        "geography": "US",
        "content_name": "BRBR Q3 2020 10-Q",
        "file_type": "pdf",
        "content_type": "quarterly_report",
        "published_date": "2020-08-07",
        "fiscal_date": "2020-06-30",
        "fiscal_year": 2020,
        "fiscal_quarter": 3,
        "r2_url": "https://pub-2c783279b61043e19fbdadd1bee5153a.r2.dev/BRBR/2020-08-07/brbr-20200630.htm/ix.pdf",
        "periodicity": "periodic"
    },
    {
        "equity_ticker": "BRBR",
        "geography": "US",
        "content_name": "BRBR Q2 2020 10-Q",
        "file_type": "pdf",
        "content_type": "quarterly_report",
        "published_date": "2020-05-08",
        "fiscal_date": "2020-03-31",
        "fiscal_year": 2020,
        "fiscal_quarter": 2,
        "r2_url": "https://pub-2c783279b61043e19fbdadd1bee5153a.r2.dev/BRBR/2020-05-08/brbr-20200331.htm/ix.pdf",
        "periodicity": "periodic"
    },
    {
        "equity_ticker": "BRBR",
        "geography": "US",
        "content_name": "BRBR Q1 2020 10-Q",
        "file_type": "pdf",
        "content_type": "quarterly_report",
        "published_date": "2020-02-07",
        "fiscal_date": "2019-12-31",
        "fiscal_year": 2020,
        "fiscal_quarter": 1,
        "r2_url": "https://pub-2c783279b61043e19fbdadd1bee5153a.r2.dev/BRBR/2020-02-07/brbrq1202010-q.htm/ix.pdf",
        "periodicity": "periodic"
    },
    {
        "equity_ticker": "BRBR",
        "geography": "US",
        "content_name": "BRBR Q1 2025 Transcript",
        "file_type": "pdf",
        "content_type": "earnings_transcript",
        "published_date": "2025-02-04",
        "fiscal_date": "2025-02-04",
        "fiscal_year": 2025,
        "fiscal_quarter": 1,
        "r2_url": "https://pub-2c783279b61043e19fbdadd1bee5153a.r2.dev/BRBR/2025-02-04/BellRing%20Brands%2C%20Inc._2025-02-04_transcript/BellRing%20Brands%2C%20Inc._2025-02-04_transcript.pdf/BellRing%20Brands%2C%20Inc._2025-02-04_transcript.pdf",
        "periodicity": "periodic"
    },
    {
        "equity_ticker": "BRBR",
        "geography": "US",
        "content_name": "BRBR Q1 2025 Press Release",
        "file_type": "pdf",
        "content_type": "earnings_press_release",
        "published_date": "2025-02-04",
        "fiscal_date": "2025-02-04",
        "fiscal_year": 2025,
        "fiscal_quarter": 1,
        "r2_url": "https://pub-2c783279b61043e19fbdadd1bee5153a.r2.dev/BRBR/2025-02-04/d2851-2025-02-03-10-44-26/d2851-2025-02-03-10-44-26.pdf/d2851-2025-02-03-10-44-26.pdf",
        "periodicity": "periodic"
    },
    {
        "equity_ticker": "BRBR",
        "geography": "US",
        "content_name": "BRBR Q1 2025 Presentation",
        "file_type": "pdf",
        "content_type": "earnings_presentation",
        "published_date": "2025-02-04",
        "fiscal_date": "2025-02-04",
        "fiscal_year": 2025,
        "fiscal_quarter": 1,
        "r2_url": "https://pub-2c783279b61043e19fbdadd1bee5153a.r2.dev/BRBR/2025-02-04/5fa96-2025-02-03-11-48-44/5fa96-2025-02-03-11-48-44.pdf/5fa96-2025-02-03-11-48-44.pdf",
        "periodicity": "periodic"
    },
    {
        "equity_ticker": "BRBR",
        "geography": "US",
        "content_name": "BRBR Q4 2024 Transcript",
        "file_type": "pdf",
        "content_type": "earnings_transcript",
        "published_date": "2024-11-19",
        "fiscal_date": "2024-11-19",
        "fiscal_year": 2024,
        "fiscal_quarter": 4,
        "r2_url": "https://pub-2c783279b61043e19fbdadd1bee5153a.r2.dev/BRBR/2024-11-19/BellRing%20Brands%2C%20Inc._2024-11-19_transcript/BellRing%20Brands%2C%20Inc._2024-11-19_transcript.pdf/BellRing%20Brands%2C%20Inc._2024-11-19_transcript.pdf",
        "periodicity": "periodic"
    },
    {
        "equity_ticker": "BRBR",
        "geography": "US",
        "content_name": "BRBR Q4 2024 Press Release",
        "file_type": "pdf",
        "content_type": "earnings_press_release",
        "published_date": "2024-11-19",
        "fiscal_date": "2024-11-19",
        "fiscal_year": 2024,
        "fiscal_quarter": 4,
        "r2_url": "https://pub-2c783279b61043e19fbdadd1bee5153a.r2.dev/BRBR/2024-11-19/ad689-2024-11-18-10-26-12/ad689-2024-11-18-10-26-12.pdf/ad689-2024-11-18-10-26-12.pdf",
        "periodicity": "periodic"
    },
    {
        "equity_ticker": "BRBR",
        "geography": "US",
        "content_name": "BRBR Q4 2024 Presentation",
        "file_type": "pdf",
        "content_type": "earnings_presentation",
        "published_date": "2024-11-19",
        "fiscal_date": "2024-11-19",
        "fiscal_year": 2024,
        "fiscal_quarter": 4,
        "r2_url": "https://pub-2c783279b61043e19fbdadd1bee5153a.r2.dev/BRBR/2024-11-19/deb7e-2024-11-18-10-20-29/deb7e-2024-11-18-10-20-29.pdf/deb7e-2024-11-18-10-20-29.pdf",
        "periodicity": "periodic"
    },
    {
        "equity_ticker": "BRBR",
        "geography": "US",
        "content_name": "BRBR Q3 2024 Transcript",
        "file_type": "pdf",
        "content_type": "earnings_transcript",
        "published_date": "2024-08-06",
        "fiscal_date": "2024-08-06",
        "fiscal_year": 2024,
        "fiscal_quarter": 3,
        "r2_url": "https://pub-2c783279b61043e19fbdadd1bee5153a.r2.dev/BRBR/2024-08-06/BellRing%20Brands%2C%20Inc._2024-08-06_transcript/BellRing%20Brands%2C%20Inc._2024-08-06_transcript.pdf/BellRing%20Brands%2C%20Inc._2024-08-06_transcript.pdf",
        "periodicity": "periodic"
    },
    {
        "equity_ticker": "BRBR",
        "geography": "US",
        "content_name": "BRBR Q3 2024 Press Release",
        "file_type": "pdf",
        "content_type": "earnings_press_release",
        "published_date": "2024-08-06",
        "fiscal_date": "2024-08-06",
        "fiscal_year": 2024,
        "fiscal_quarter": 3,
        "r2_url": "https://pub-2c783279b61043e19fbdadd1bee5153a.r2.dev/BRBR/2024-08-06/a598b-2024-08-05-09-34-03/a598b-2024-08-05-09-34-03.pdf/a598b-2024-08-05-09-34-03.pdf",
        "periodicity": "periodic"
    },
    {
        "equity_ticker": "BRBR",
        "geography": "US",
        "content_name": "BRBR Q3 2024 Presentation",
        "file_type": "pdf",
        "content_type": "earnings_presentation",
        "published_date": "2024-08-06",
        "fiscal_date": "2024-08-06",
        "fiscal_year": 2024,
        "fiscal_quarter": 3,
        "r2_url": "https://pub-2c783279b61043e19fbdadd1bee5153a.r2.dev/BRBR/2024-08-06/cfef1-2024-08-05-09-11-42/cfef1-2024-08-05-09-11-42.pdf/cfef1-2024-08-05-09-11-42.pdf",
        "periodicity": "periodic"
    },
    {
        "equity_ticker": "BRBR",
        "geography": "US",
        "content_name": "BRBR Q2 2024 Transcript",
        "file_type": "pdf",
        "content_type": "earnings_transcript",
        "published_date": "2024-05-07",
        "fiscal_date": "2024-05-07",
        "fiscal_year": 2024,
        "fiscal_quarter": 2,
        "r2_url": "https://pub-2c783279b61043e19fbdadd1bee5153a.r2.dev/BRBR/2024-05-07/BellRing%20Brands%2C%20Inc._2024-05-07_transcript/BellRing%20Brands%2C%20Inc._2024-05-07_transcript.pdf/BellRing%20Brands%2C%20Inc._2024-05-07_transcript.pdf",
        "periodicity": "periodic"
    },
    {
        "equity_ticker": "BRBR",
        "geography": "US",
        "content_name": "BRBR Q2 2024 Press Release",
        "file_type": "pdf",
        "content_type": "earnings_press_release",
        "published_date": "2024-05-07",
        "fiscal_date": "2024-05-07",
        "fiscal_year": 2024,
        "fiscal_quarter": 2,
        "r2_url": "https://pub-2c783279b61043e19fbdadd1bee5153a.r2.dev/BRBR/2024-05-07/46117-2024-05-06-09-11-04/46117-2024-05-06-09-11-04.pdf/46117-2024-05-06-09-11-04.pdf",
        "periodicity": "periodic"
    },
    {
        "equity_ticker": "BRBR",
        "geography": "US",
        "content_name": "BRBR Q2 2024 Presentation",
        "file_type": "pdf",
        "content_type": "earnings_presentation",
        "published_date": "2024-05-07",
        "fiscal_date": "2024-05-07",
        "fiscal_year": 2024,
        "fiscal_quarter": 2,
        "r2_url": "https://pub-2c783279b61043e19fbdadd1bee5153a.r2.dev/BRBR/2024-05-07/41f52-2024-05-07-08-02-18/41f52-2024-05-07-08-02-18.pdf/41f52-2024-05-07-08-02-18.pdf",
        "periodicity": "periodic"
    },
    {
        "equity_ticker": "BRBR",
        "geography": "US",
        "content_name": "BRBR Q1 2024 Transcript",
        "file_type": "pdf",
        "content_type": "earnings_transcript",
        "published_date": "2024-02-06",
        "fiscal_date": "2024-02-06",
        "fiscal_year": 2024,
        "fiscal_quarter": 1,
        "r2_url": "https://pub-2c783279b61043e19fbdadd1bee5153a.r2.dev/BRBR/2024-02-06/BellRing%20Brands%2C%20Inc._2024-02-06_transcript/BellRing%20Brands%2C%20Inc._2024-02-06_transcript.pdf/BellRing%20Brands%2C%20Inc._2024-02-06_transcript.pdf",
        "periodicity": "periodic"
    },
    {
        "equity_ticker": "BRBR",
        "geography": "US",
        "content_name": "BRBR Q1 2024 Press Release",
        "file_type": "pdf",
        "content_type": "earnings_press_release",
        "published_date": "2024-02-06",
        "fiscal_date": "2024-02-06",
        "fiscal_year": 2024,
        "fiscal_quarter": 1,
        "r2_url": "https://pub-2c783279b61043e19fbdadd1bee5153a.r2.dev/BRBR/2024-02-06/f563c-2024-02-05-10-58-02/f563c-2024-02-05-10-58-02.pdf/f563c-2024-02-05-10-58-02.pdf",
        "periodicity": "periodic"
    },
    {
        "equity_ticker": "BRBR",
        "geography": "US",
        "content_name": "BRBR Q1 2024 Presentation",
        "file_type": "pdf",
        "content_type": "earnings_presentation",
        "published_date": "2024-02-06",
        "fiscal_date": "2024-02-06",
        "fiscal_year": 2024,
        "fiscal_quarter": 1,
        "r2_url": "https://pub-2c783279b61043e19fbdadd1bee5153a.r2.dev/BRBR/2024-02-06/cae40-2024-02-06-12-18-11/cae40-2024-02-06-12-18-11.pdf/cae40-2024-02-06-12-18-11.pdf",
        "periodicity": "periodic"
    },
    {
        "equity_ticker": "BRBR",
        "geography": "US",
        "content_name": "BRBR Q4 2023 Transcript",
        "file_type": "pdf",
        "content_type": "earnings_transcript",
        "published_date": "2023-11-21",
        "fiscal_date": "2023-11-21",
        "fiscal_year": 2023,
        "fiscal_quarter": 4,
        "r2_url": "https://pub-2c783279b61043e19fbdadd1bee5153a.r2.dev/BRBR/2023-11-21/BellRing%20Brands%2C%20Inc._2023-11-21_transcript/BellRing%20Brands%2C%20Inc._2023-11-21_transcript.pdf/BellRing%20Brands%2C%20Inc._2023-11-21_transcript.pdf",
        "periodicity": "periodic"
    },
    {
        "equity_ticker": "BRBR",
        "geography": "US",
        "content_name": "BRBR Q4 2023 Press Release",
        "file_type": "pdf",
        "content_type": "earnings_press_release",
        "published_date": "2023-11-21",
        "fiscal_date": "2023-11-21",
        "fiscal_year": 2023,
        "fiscal_quarter": 4,
        "r2_url": "https://pub-2c783279b61043e19fbdadd1bee5153a.r2.dev/BRBR/2023-11-21/e3db8-2023-11-20-10-03-06/e3db8-2023-11-20-10-03-06.pdf/e3db8-2023-11-20-10-03-06.pdf",
        "periodicity": "periodic"
    },
    {
        "equity_ticker": "BRBR",
        "geography": "US",
        "content_name": "BRBR Q4 2023 Presentation",
        "file_type": "pdf",
        "content_type": "earnings_presentation",
        "published_date": "2023-11-21",
        "fiscal_date": "2023-11-21",
        "fiscal_year": 2023,
        "fiscal_quarter": 4,
        "r2_url": "https://pub-2c783279b61043e19fbdadd1bee5153a.r2.dev/BRBR/2023-11-21/bbdbd-2023-11-21-11-11-59/bbdbd-2023-11-21-11-11-59.pdf/bbdbd-2023-11-21-11-11-59.pdf",
        "periodicity": "periodic"
    },
    {
        "equity_ticker": "BRBR",
        "geography": "US",
        "content_name": "BRBR Q3 2023 Transcript",
        "file_type": "pdf",
        "content_type": "earnings_transcript",
        "published_date": "2023-08-08",
        "fiscal_date": "2023-08-08",
        "fiscal_year": 2023,
        "fiscal_quarter": 3,
        "r2_url": "https://pub-2c783279b61043e19fbdadd1bee5153a.r2.dev/BRBR/2023-08-08/BellRing%20Brands%2C%20Inc._2023-08-08_transcript/BellRing%20Brands%2C%20Inc._2023-08-08_transcript.pdf/BellRing%20Brands%2C%20Inc._2023-08-08_transcript.pdf",
        "periodicity": "periodic"
    },
    {
        "equity_ticker": "BRBR",
        "geography": "US",
        "content_name": "BRBR Q3 2023 Press Release",
        "file_type": "pdf",
        "content_type": "earnings_press_release",
        "published_date": "2023-08-08",
        "fiscal_date": "2023-08-08",
        "fiscal_year": 2023,
        "fiscal_quarter": 3,
        "r2_url": "https://pub-2c783279b61043e19fbdadd1bee5153a.r2.dev/BRBR/2023-08-08/f0d4e-2023-08-08-11-42-05/f0d4e-2023-08-08-11-42-05.pdf/f0d4e-2023-08-08-11-42-05.pdf",
        "periodicity": "periodic"
    },
    {
        "equity_ticker": "BRBR",
        "geography": "US",
        "content_name": "BRBR Q3 2023 Presentation",
        "file_type": "pdf",
        "content_type": "earnings_presentation",
        "published_date": "2023-08-08",
        "fiscal_date": "2023-08-08",
        "fiscal_year": 2023,
        "fiscal_quarter": 3,
        "r2_url": "https://pub-2c783279b61043e19fbdadd1bee5153a.r2.dev/BRBR/2023-08-08/513af-2023-08-08-11-28-34/513af-2023-08-08-11-28-34.pdf/513af-2023-08-08-11-28-34.pdf",
        "periodicity": "periodic"
    },
    {
        "equity_ticker": "BRBR",
        "geography": "US",
        "content_name": "BRBR Q2 2023 Transcript",
        "file_type": "pdf",
        "content_type": "earnings_transcript",
        "published_date": "2023-05-09",
        "fiscal_date": "2023-05-09",
        "fiscal_year": 2023,
        "fiscal_quarter": 2,
        "r2_url": "https://pub-2c783279b61043e19fbdadd1bee5153a.r2.dev/BRBR/2023-05-09/BellRing%20Brands%2C%20Inc._2023-05-09_transcript/BellRing%20Brands%2C%20Inc._2023-05-09_transcript.pdf/BellRing%20Brands%2C%20Inc._2023-05-09_transcript.pdf",
        "periodicity": "periodic"
    },
    {
        "equity_ticker": "BRBR",
        "geography": "US",
        "content_name": "BRBR Q2 2023 Press Release",
        "file_type": "pdf",
        "content_type": "earnings_press_release",
        "published_date": "2023-05-09",
        "fiscal_date": "2023-05-09",
        "fiscal_year": 2023,
        "fiscal_quarter": 2,
        "r2_url": "https://pub-2c783279b61043e19fbdadd1bee5153a.r2.dev/BRBR/2023-05-09/4ea66-2023-05-09-10-19-53/4ea66-2023-05-09-10-19-53.pdf/4ea66-2023-05-09-10-19-53.pdf",
        "periodicity": "periodic"
    },
    {
        "equity_ticker": "BRBR",
        "geography": "US",
        "content_name": "BRBR Q2 2023 Presentation",
        "file_type": "pdf",
        "content_type": "earnings_presentation",
        "published_date": "2023-05-09",
        "fiscal_date": "2023-05-09",
        "fiscal_year": 2023,
        "fiscal_quarter": 2,
        "r2_url": "https://pub-2c783279b61043e19fbdadd1bee5153a.r2.dev/BRBR/2023-05-09/3bf18-2023-05-09-10-45-53/3bf18-2023-05-09-10-45-53.pdf/3bf18-2023-05-09-10-45-53.pdf",
        "periodicity": "periodic"
    },
    {
        "equity_ticker": "BRBR",
        "geography": "US",
        "content_name": "BRBR Q1 2023 Transcript",
        "file_type": "pdf",
        "content_type": "earnings_transcript",
        "published_date": "2023-02-07",
        "fiscal_date": "2023-02-07",
        "fiscal_year": 2023,
        "fiscal_quarter": 1,
        "r2_url": "https://pub-2c783279b61043e19fbdadd1bee5153a.r2.dev/BRBR/2023-02-07/BellRing%20Brands%2C%20Inc._2023-02-07_transcript/BellRing%20Brands%2C%20Inc._2023-02-07_transcript.pdf/BellRing%20Brands%2C%20Inc._2023-02-07_transcript.pdf",
        "periodicity": "periodic"
    },
    {
        "equity_ticker": "BRBR",
        "geography": "US",
        "content_name": "BRBR Q1 2023 Press Release",
        "file_type": "pdf",
        "content_type": "earnings_press_release",
        "published_date": "2023-02-07",
        "fiscal_date": "2023-02-07",
        "fiscal_year": 2023,
        "fiscal_quarter": 1,
        "r2_url": "https://pub-2c783279b61043e19fbdadd1bee5153a.r2.dev/BRBR/2023-02-07/d3497-2023-03-21-03-13-30/d3497-2023-03-21-03-13-30.pdf/d3497-2023-03-21-03-13-30.pdf",
        "periodicity": "periodic"
    },
    {
        "equity_ticker": "BRBR",
        "geography": "US",
        "content_name": "BRBR Q1 2023 Presentation",
        "file_type": "pdf",
        "content_type": "earnings_presentation",
        "published_date": "2023-02-07",
        "fiscal_date": "2023-02-07",
        "fiscal_year": 2023,
        "fiscal_quarter": 1,
        "r2_url": "https://pub-2c783279b61043e19fbdadd1bee5153a.r2.dev/BRBR/2023-02-07/43600-2023-02-07-12-04-46/43600-2023-02-07-12-04-46.pdf/43600-2023-02-07-12-04-46.pdf",
        "periodicity": "periodic"
    },
    {
        "equity_ticker": "BRBR",
        "geography": "US",
        "content_name": "BRBR Q4 2022 Transcript",
        "file_type": "pdf",
        "content_type": "earnings_transcript",
        "published_date": "2022-11-18",
        "fiscal_date": "2022-11-18",
        "fiscal_year": 2022,
        "fiscal_quarter": 4,
        "r2_url": "https://pub-2c783279b61043e19fbdadd1bee5153a.r2.dev/BRBR/2022-11-18/BellRing%20Brands%2C%20Inc._2022-11-18_transcript/BellRing%20Brands%2C%20Inc._2022-11-18_transcript.pdf/BellRing%20Brands%2C%20Inc._2022-11-18_transcript.pdf",
        "periodicity": "periodic"
    },
    {
        "equity_ticker": "BRBR",
        "geography": "US",
        "content_name": "BRBR Q4 2022 Press Release",
        "file_type": "pdf",
        "content_type": "earnings_press_release",
        "published_date": "2022-11-18",
        "fiscal_date": "2022-11-18",
        "fiscal_year": 2022,
        "fiscal_quarter": 4,
        "r2_url": "https://pub-2c783279b61043e19fbdadd1bee5153a.r2.dev/BRBR/2022-11-18/b89d3-2023-03-21-03-06-30/b89d3-2023-03-21-03-06-30.pdf/b89d3-2023-03-21-03-06-30.pdf",
        "periodicity": "periodic"
    },
    {
        "equity_ticker": "BRBR",
        "geography": "US",
        "content_name": "BRBR Q4 2022 Presentation",
        "file_type": "pdf",
        "content_type": "earnings_presentation",
        "published_date": "2022-11-18",
        "fiscal_date": "2022-11-18",
        "fiscal_year": 2022,
        "fiscal_quarter": 4,
        "r2_url": "https://pub-2c783279b61043e19fbdadd1bee5153a.r2.dev/BRBR/2022-11-18/67e83-2022-11-18-12-33-16/67e83-2022-11-18-12-33-16.pdf/67e83-2022-11-18-12-33-16.pdf",
        "periodicity": "periodic"
    },
    {
        "equity_ticker": "BRBR",
        "geography": "US",
        "content_name": "BRBR Q3 2022 Transcript",
        "file_type": "pdf",
        "content_type": "earnings_transcript",
        "published_date": "2022-08-05",
        "fiscal_date": "2022-08-05",
        "fiscal_year": 2022,
        "fiscal_quarter": 3,
        "r2_url": "https://pub-2c783279b61043e19fbdadd1bee5153a.r2.dev/BRBR/2022-08-05/BellRing%20Brands%2C%20Inc._2022-08-05_transcript/BellRing%20Brands%2C%20Inc._2022-08-05_transcript.pdf/BellRing%20Brands%2C%20Inc._2022-08-05_transcript.pdf",
        "periodicity": "periodic"
    },
    {
        "equity_ticker": "BRBR",
        "geography": "US",
        "content_name": "BRBR Q3 2022 Press Release",
        "file_type": "pdf",
        "content_type": "earnings_press_release",
        "published_date": "2022-08-05",
        "fiscal_date": "2022-08-05",
        "fiscal_year": 2022,
        "fiscal_quarter": 3,
        "r2_url": "https://pub-2c783279b61043e19fbdadd1bee5153a.r2.dev/BRBR/2022-08-05/c98f1-2023-03-21-03-50-30/c98f1-2023-03-21-03-50-30.pdf/c98f1-2023-03-21-03-50-30.pdf",
        "periodicity": "periodic"
    },
    {
        "equity_ticker": "BRBR",
        "geography": "US",
        "content_name": "BRBR Q3 2022 Presentation",
        "file_type": "pdf",
        "content_type": "earnings_presentation",
        "published_date": "2022-08-05",
        "fiscal_date": "2022-08-05",
        "fiscal_year": 2022,
        "fiscal_quarter": 3,
        "r2_url": "https://pub-2c783279b61043e19fbdadd1bee5153a.r2.dev/BRBR/2022-08-05/a56e6-2022-08-07-12-57-01/a56e6-2022-08-07-12-57-01.pdf/a56e6-2022-08-07-12-57-01.pdf",
        "periodicity": "periodic"
    },
    {
        "equity_ticker": "BRBR",
        "geography": "US",
        "content_name": "BRBR Q2 2022 Transcript",
        "file_type": "pdf",
        "content_type": "earnings_transcript",
        "published_date": "2022-05-06",
        "fiscal_date": "2022-05-06",
        "fiscal_year": 2022,
        "fiscal_quarter": 2,
        "r2_url": "https://pub-2c783279b61043e19fbdadd1bee5153a.r2.dev/BRBR/2022-05-06/BellRing%20Brands%2C%20Inc._2022-05-06_transcript/BellRing%20Brands%2C%20Inc._2022-05-06_transcript.pdf/BellRing%20Brands%2C%20Inc._2022-05-06_transcript.pdf",
        "periodicity": "periodic"
    },
    {
        "equity_ticker": "BRBR",
        "geography": "US",
        "content_name": "BRBR Q2 2022 Press Release",
        "file_type": "pdf",
        "content_type": "earnings_press_release",
        "published_date": "2022-05-06",
        "fiscal_date": "2022-05-06",
        "fiscal_year": 2022,
        "fiscal_quarter": 2,
        "r2_url": "https://pub-2c783279b61043e19fbdadd1bee5153a.r2.dev/BRBR/2022-05-06/8db30-2023-03-21-03-37-31/8db30-2023-03-21-03-37-31.pdf/8db30-2023-03-21-03-37-31.pdf",
        "periodicity": "periodic"
    },
    {
        "equity_ticker": "BRBR",
        "geography": "US",
        "content_name": "BRBR Q2 2022 Presentation",
        "file_type": "pdf",
        "content_type": "earnings_presentation",
        "published_date": "2022-05-06",
        "fiscal_date": "2022-05-06",
        "fiscal_year": 2022,
        "fiscal_quarter": 2,
        "r2_url": "https://pub-2c783279b61043e19fbdadd1bee5153a.r2.dev/BRBR/2022-05-06/da316-2022-05-06-10-33-56-migrated/da316-2022-05-06-10-33-56-migrated.pdf/da316-2022-05-06-10-33-56-migrated.pdf",
        "periodicity": "periodic"
    },
    {
        "equity_ticker": "BRBR",
        "geography": "US",
        "content_name": "BRBR Q1 2022 Transcript",
        "file_type": "pdf",
        "content_type": "earnings_transcript",
        "published_date": "2022-02-04",
        "fiscal_date": "2022-02-04",
        "fiscal_year": 2022,
        "fiscal_quarter": 1,
        "r2_url": "https://pub-2c783279b61043e19fbdadd1bee5153a.r2.dev/BRBR/2022-02-04/BellRing%20Brands%2C%20Inc._2022-02-04_transcript/BellRing%20Brands%2C%20Inc._2022-02-04_transcript.pdf/BellRing%20Brands%2C%20Inc._2022-02-04_transcript.pdf",
        "periodicity": "periodic"
    },
    {
        "equity_ticker": "BRBR",
        "geography": "US",
        "content_name": "BRBR Q1 2022 Press Release",
        "file_type": "pdf",
        "content_type": "earnings_press_release",
        "published_date": "2022-02-04",
        "fiscal_date": "2022-02-04",
        "fiscal_year": 2022,
        "fiscal_quarter": 1,
        "r2_url": "https://pub-2c783279b61043e19fbdadd1bee5153a.r2.dev/BRBR/2022-02-04/9ad16-2023-03-21-03-24-32/9ad16-2023-03-21-03-24-32.pdf/9ad16-2023-03-21-03-24-32.pdf",
        "periodicity": "periodic"
    },
    {
        "equity_ticker": "BRBR",
        "geography": "US",
        "content_name": "BRBR Q1 2022 Presentation",
        "file_type": "pdf",
        "content_type": "earnings_presentation",
        "published_date": "2022-02-04",
        "fiscal_date": "2022-02-04",
        "fiscal_year": 2022,
        "fiscal_quarter": 1,
        "r2_url": "https://pub-2c783279b61043e19fbdadd1bee5153a.r2.dev/BRBR/2022-02-04/b15fb-2022-02-04-02-57-50-migrated/b15fb-2022-02-04-02-57-50-migrated.pdf/b15fb-2022-02-04-02-57-50-migrated.pdf",
        "periodicity": "periodic"
    },
    {
        "equity_ticker": "BRBR",
        "geography": "US",
        "content_name": "BRBR Q4 2021 Transcript",
        "file_type": "pdf",
        "content_type": "earnings_transcript",
        "published_date": "2021-11-19",
        "fiscal_date": "2021-11-19",
        "fiscal_year": 2021,
        "fiscal_quarter": 4,
        "r2_url": "https://pub-2c783279b61043e19fbdadd1bee5153a.r2.dev/BRBR/2021-11-19/BellRing%20Brands%2C%20Inc._2021-11-19_transcript/BellRing%20Brands%2C%20Inc._2021-11-19_transcript.pdf/BellRing%20Brands%2C%20Inc._2021-11-19_transcript.pdf",
        "periodicity": "periodic"
    },
    {
        "equity_ticker": "BRBR",
        "geography": "US",
        "content_name": "BRBR Q4 2021 Press Release",
        "file_type": "pdf",
        "content_type": "earnings_press_release",
        "published_date": "2021-11-19",
        "fiscal_date": "2021-11-19",
        "fiscal_year": 2021,
        "fiscal_quarter": 4,
        "r2_url": "https://pub-2c783279b61043e19fbdadd1bee5153a.r2.dev/BRBR/2021-11-19/9717e-2025-03-07-09-25-11/9717e-2025-03-07-09-25-11.pdf/9717e-2025-03-07-09-25-11.pdf",
        "periodicity": "periodic"
    },
    {
        "equity_ticker": "BRBR",
        "geography": "US",
        "content_name": "BRBR Q4 2021 Presentation",
        "file_type": "pdf",
        "content_type": "earnings_presentation",
        "published_date": "2021-11-19",
        "fiscal_date": "2021-11-19",
        "fiscal_year": 2021,
        "fiscal_quarter": 4,
        "r2_url": "https://pub-2c783279b61043e19fbdadd1bee5153a.r2.dev/BRBR/2021-11-19/4a6cd-2021-11-19-12-00-00-migrated/4a6cd-2021-11-19-12-00-00-migrated.pdf/4a6cd-2021-11-19-12-00-00-migrated.pdf",
        "periodicity": "periodic"
    },
    {
        "equity_ticker": "BRBR",
        "geography": "US",
        "content_name": "BRBR Q3 2021 Transcript",
        "file_type": "pdf",
        "content_type": "earnings_transcript",
        "published_date": "2021-08-06",
        "fiscal_date": "2021-08-06",
        "fiscal_year": 2021,
        "fiscal_quarter": 3,
        "r2_url": "https://pub-2c783279b61043e19fbdadd1bee5153a.r2.dev/BRBR/2021-08-06/BellRing%20Brands%2C%20Inc._2021-08-06_transcript/BellRing%20Brands%2C%20Inc._2021-08-06_transcript.pdf/BellRing%20Brands%2C%20Inc._2021-08-06_transcript.pdf",
        "periodicity": "periodic"
    },
    {
        "equity_ticker": "BRBR",
        "geography": "US",
        "content_name": "BRBR Q3 2021 Press Release",
        "file_type": "pdf",
        "content_type": "earnings_press_release",
        "published_date": "2021-08-06",
        "fiscal_date": "2021-08-06",
        "fiscal_year": 2021,
        "fiscal_quarter": 3,
        "r2_url": "https://pub-2c783279b61043e19fbdadd1bee5153a.r2.dev/BRBR/2021-08-06/b75f2-2023-07-12-01-05-21/b75f2-2023-07-12-01-05-21.pdf/b75f2-2023-07-12-01-05-21.pdf",
        "periodicity": "periodic"
    },
    {
        "equity_ticker": "BRBR",
        "geography": "US",
        "content_name": "BRBR Q2 2021 Transcript",
        "file_type": "pdf",
        "content_type": "earnings_transcript",
        "published_date": "2021-05-07",
        "fiscal_date": "2021-05-07",
        "fiscal_year": 2021,
        "fiscal_quarter": 2,
        "r2_url": "https://pub-2c783279b61043e19fbdadd1bee5153a.r2.dev/BRBR/2021-05-07/BellRing%20Brands%2C%20Inc._2021-05-07_transcript/BellRing%20Brands%2C%20Inc._2021-05-07_transcript.pdf/BellRing%20Brands%2C%20Inc._2021-05-07_transcript.pdf",
        "periodicity": "periodic"
    },
    {
        "equity_ticker": "BRBR",
        "geography": "US",
        "content_name": "BRBR Q2 2021 Presentation",
        "file_type": "pdf",
        "content_type": "earnings_presentation",
        "published_date": "2021-05-07",
        "fiscal_date": "2021-05-07",
        "fiscal_year": 2021,
        "fiscal_quarter": 2,
        "r2_url": "https://pub-2c783279b61043e19fbdadd1bee5153a.r2.dev/BRBR/2021-05-07/44411-2021-05-07-02-50-12-migrated/44411-2021-05-07-02-50-12-migrated.pdf/44411-2021-05-07-02-50-12-migrated.pdf",
        "periodicity": "periodic"
    },
    {
        "equity_ticker": "BRBR",
        "geography": "US",
        "content_name": "AGM 2021 - March 3, 2021",
        "file_type": "pdf",
        "content_type": "company_conference_transcript",
        "published_date": "2021-03-03",
        "fiscal_date": "2021-03-03",
        "fiscal_year": null,
        "fiscal_quarter": null,
        "r2_url": "https://pub-2c783279b61043e19fbdadd1bee5153a.r2.dev/BRBR/2021-03-03/BellRing%20Brands%2C%20Inc._2021-03-03_transcript/BellRing%20Brands%2C%20Inc._2021-03-03_transcript.pdf/BellRing%20Brands%2C%20Inc._2021-03-03_transcript.pdf",
        "periodicity": "non_periodic"
    },
    {
        "equity_ticker": "BRBR",
        "geography": "US",
        "content_name": "BRBR Q1 2021 Transcript",
        "file_type": "pdf",
        "content_type": "earnings_transcript",
        "published_date": "2021-02-05",
        "fiscal_date": "2021-02-05",
        "fiscal_year": 2021,
        "fiscal_quarter": 1,
        "r2_url": "https://pub-2c783279b61043e19fbdadd1bee5153a.r2.dev/BRBR/2021-02-05/BellRing%20Brands%2C%20Inc._2021-02-05_transcript/BellRing%20Brands%2C%20Inc._2021-02-05_transcript.pdf/BellRing%20Brands%2C%20Inc._2021-02-05_transcript.pdf",
        "periodicity": "periodic"
    },
    {
        "equity_ticker": "BRBR",
        "geography": "US",
        "content_name": "BRBR Q1 2021 Press Release",
        "file_type": "pdf",
        "content_type": "earnings_press_release",
        "published_date": "2021-02-05",
        "fiscal_date": "2021-02-05",
        "fiscal_year": 2021,
        "fiscal_quarter": 1,
        "r2_url": "https://pub-2c783279b61043e19fbdadd1bee5153a.r2.dev/BRBR/2021-02-05/8a339-2024-03-25-11-10-57/8a339-2024-03-25-11-10-57.pdf/8a339-2024-03-25-11-10-57.pdf",
        "periodicity": "periodic"
    },
    {
        "equity_ticker": "BRBR",
        "geography": "US",
        "content_name": "BRBR Q1 2021 Presentation",
        "file_type": "pdf",
        "content_type": "earnings_presentation",
        "published_date": "2021-02-05",
        "fiscal_date": "2021-02-05",
        "fiscal_year": 2021,
        "fiscal_quarter": 1,
        "r2_url": "https://pub-2c783279b61043e19fbdadd1bee5153a.r2.dev/BRBR/2021-02-05/9b3bd-2024-03-25-11-10-57/9b3bd-2024-03-25-11-10-57.pdf/9b3bd-2024-03-25-11-10-57.pdf",
        "periodicity": "periodic"
    },
    {
        "equity_ticker": "BRBR",
        "geography": "US",
        "content_name": "BRBR Q4 2020 Transcript",
        "file_type": "pdf",
        "content_type": "earnings_transcript",
        "published_date": "2020-11-20",
        "fiscal_date": "2020-11-20",
        "fiscal_year": 2020,
        "fiscal_quarter": 4,
        "r2_url": "https://pub-2c783279b61043e19fbdadd1bee5153a.r2.dev/BRBR/2020-11-20/BellRing%20Brands%2C%20Inc._2020-11-20_transcript/BellRing%20Brands%2C%20Inc._2020-11-20_transcript.pdf/BellRing%20Brands%2C%20Inc._2020-11-20_transcript.pdf",
        "periodicity": "periodic"
    },
    {
        "equity_ticker": "BRBR",
        "geography": "US",
        "content_name": "BRBR Q4 2020 Press Release",
        "file_type": "pdf",
        "content_type": "earnings_press_release",
        "published_date": "2020-11-20",
        "fiscal_date": "2020-11-20",
        "fiscal_year": 2020,
        "fiscal_quarter": 4,
        "r2_url": "https://pub-2c783279b61043e19fbdadd1bee5153a.r2.dev/BRBR/2020-11-20/62e2c-2024-03-25-11-00-58/62e2c-2024-03-25-11-00-58.pdf/62e2c-2024-03-25-11-00-58.pdf",
        "periodicity": "periodic"
    },
    {
        "equity_ticker": "BRBR",
        "geography": "US",
        "content_name": "BRBR Q4 2020 Presentation",
        "file_type": "pdf",
        "content_type": "earnings_presentation",
        "published_date": "2020-11-20",
        "fiscal_date": "2020-11-20",
        "fiscal_year": 2020,
        "fiscal_quarter": 4,
        "r2_url": "https://pub-2c783279b61043e19fbdadd1bee5153a.r2.dev/BRBR/2020-11-20/f7c03-2024-03-25-11-00-58/f7c03-2024-03-25-11-00-58.pdf/f7c03-2024-03-25-11-00-58.pdf",
        "periodicity": "periodic"
    },
    {
        "equity_ticker": "BRBR",
        "geography": "US",
        "content_name": "BRBR Q3 2020 Transcript",
        "file_type": "pdf",
        "content_type": "earnings_transcript",
        "published_date": "2020-08-07",
        "fiscal_date": "2020-08-07",
        "fiscal_year": 2020,
        "fiscal_quarter": 3,
        "r2_url": "https://pub-2c783279b61043e19fbdadd1bee5153a.r2.dev/BRBR/2020-08-07/BellRing%20Brands%2C%20Inc._2020-08-07_transcript/BellRing%20Brands%2C%20Inc._2020-08-07_transcript.pdf/BellRing%20Brands%2C%20Inc._2020-08-07_transcript.pdf",
        "periodicity": "periodic"
    },
    {
        "equity_ticker": "BRBR",
        "geography": "US",
        "content_name": "BRBR Q3 2020 Press Release",
        "file_type": "pdf",
        "content_type": "earnings_press_release",
        "published_date": "2020-08-07",
        "fiscal_date": "2020-08-07",
        "fiscal_year": 2020,
        "fiscal_quarter": 3,
        "r2_url": "https://pub-2c783279b61043e19fbdadd1bee5153a.r2.dev/BRBR/2020-08-07/76f3c-2024-03-25-12-29-01/76f3c-2024-03-25-12-29-01.pdf/76f3c-2024-03-25-12-29-01.pdf",
        "periodicity": "periodic"
    },
    {
        "equity_ticker": "BRBR",
        "geography": "US",
        "content_name": "BRBR Q2 2020 Transcript",
        "file_type": "pdf",
        "content_type": "earnings_transcript",
        "published_date": "2020-05-08",
        "fiscal_date": "2020-05-08",
        "fiscal_year": 2020,
        "fiscal_quarter": 2,
        "r2_url": "https://pub-2c783279b61043e19fbdadd1bee5153a.r2.dev/BRBR/2020-05-08/BellRing%20Brands%2C%20Inc._2020-05-08_transcript/BellRing%20Brands%2C%20Inc._2020-05-08_transcript.pdf/BellRing%20Brands%2C%20Inc._2020-05-08_transcript.pdf",
        "periodicity": "periodic"
    },
    {
        "equity_ticker": "BRBR",
        "geography": "US",
        "content_name": "BRBR Q2 2020 Press Release",
        "file_type": "pdf",
        "content_type": "earnings_press_release",
        "published_date": "2020-05-08",
        "fiscal_date": "2020-05-08",
        "fiscal_year": 2020,
        "fiscal_quarter": 2,
        "r2_url": "https://pub-2c783279b61043e19fbdadd1bee5153a.r2.dev/BRBR/2020-05-08/c0a92-2024-03-25-12-35-02/c0a92-2024-03-25-12-35-02.pdf/c0a92-2024-03-25-12-35-02.pdf",
        "periodicity": "periodic"
    },
    {
        "equity_ticker": "BRBR",
        "geography": "US",
        "content_name": "BRBR Q1 2020 Transcript",
        "file_type": "pdf",
        "content_type": "earnings_transcript",
        "published_date": "2020-02-07",
        "fiscal_date": "2020-02-07",
        "fiscal_year": 2020,
        "fiscal_quarter": 1,
        "r2_url": "https://pub-2c783279b61043e19fbdadd1bee5153a.r2.dev/BRBR/2020-02-07/BellRing%20Brands%2C%20Inc._2020-02-07_transcript/BellRing%20Brands%2C%20Inc._2020-02-07_transcript.pdf/BellRing%20Brands%2C%20Inc._2020-02-07_transcript.pdf",
        "periodicity": "periodic"
    },
    {
        "equity_ticker": "BRBR",
        "geography": "US",
        "content_name": "BRBR Q1 2020 Press Release",
        "file_type": "pdf",
        "content_type": "earnings_press_release",
        "published_date": "2020-02-07",
        "fiscal_date": "2020-02-07",
        "fiscal_year": 2020,
        "fiscal_quarter": 1,
        "r2_url": "https://pub-2c783279b61043e19fbdadd1bee5153a.r2.dev/BRBR/2020-02-07/2e0c4-2024-03-25-12-29-03/2e0c4-2024-03-25-12-29-03.pdf/2e0c4-2024-03-25-12-29-03.pdf",
        "periodicity": "periodic"
    },
    {
        "equity_ticker": "BRBR",
        "geography": "US",
        "content_name": "BRBR Q4 2019 Transcript",
        "file_type": "pdf",
        "content_type": "earnings_transcript",
        "published_date": "2019-11-22",
        "fiscal_date": "2019-11-22",
        "fiscal_year": 2019,
        "fiscal_quarter": 4,
        "r2_url": "https://pub-2c783279b61043e19fbdadd1bee5153a.r2.dev/BRBR/2019-11-22/BellRing%20Brands%2C%20Inc._2019-11-22_transcript/BellRing%20Brands%2C%20Inc._2019-11-22_transcript.pdf/BellRing%20Brands%2C%20Inc._2019-11-22_transcript.pdf",
        "periodicity": "periodic"
    },
    {
        "equity_ticker": "BRBR",
        "geography": "US",
        "content_name": "BRBR Q4 2019 Press Release",
        "file_type": "pdf",
        "content_type": "earnings_press_release",
        "published_date": "2019-11-22",
        "fiscal_date": "2019-11-22",
        "fiscal_year": 2019,
        "fiscal_quarter": 4,
        "r2_url": "https://pub-2c783279b61043e19fbdadd1bee5153a.r2.dev/BRBR/2019-11-22/a3a28-2024-03-25-12-21-04/a3a28-2024-03-25-12-21-04.pdf/a3a28-2024-03-25-12-21-04.pdf",
        "periodicity": "periodic"
    }
]