[
  {
    "equity_ticker": "CELH",
    "geography": "US",
    "content_name": "CELH Q4 2024 10-K",
    "file_type": "pdf",
    "content_type": "annual_report",
    "published_date": "2025-03-03",
    "fiscal_date": "2024-12-31",
    "fiscal_year": 2024,
    "fiscal_quarter": 4,
    "r2_url": "https://pub-2c783279b61043e19fbdadd1bee5153a.r2.dev/CELH/2025-03-03/celh-20241231.htm/celh-20241231.pdf",
    "periodicity": "periodic"
  },
  {
    "equity_ticker": "CELH",
    "geography": "US",
    "content_name": "CELH Q3 2024 10-Q",
    "file_type": "pdf",
    "content_type": "quarterly_report",
    "published_date": "2024-11-05",
    "fiscal_date": "2024-09-30",
    "fiscal_year": 2024,
    "fiscal_quarter": 3,
    "r2_url": "https://pub-2c783279b61043e19fbdadd1bee5153a.r2.dev/CELH/2024-11-05/celh-20240930.htm/celh-20240930.pdf",
    "periodicity": "periodic"
  },
  {
    "equity_ticker": "CELH",
    "geography": "US",
    "content_name": "CELH Q2 2024 10-Q",
    "file_type": "pdf",
    "content_type": "quarterly_report",
    "published_date": "2024-08-05",
    "fiscal_date": "2024-06-30",
    "fiscal_year": 2024,
    "fiscal_quarter": 2,
    "r2_url": "https://pub-2c783279b61043e19fbdadd1bee5153a.r2.dev/CELH/2024-08-05/celh-20240630.htm/celh-20240630.pdf",
    "periodicity": "periodic"
  },
  {
    "equity_ticker": "CELH",
    "geography": "US",
    "content_name": "CELH Q1 2024 10-Q",
    "file_type": "pdf",
    "content_type": "quarterly_report",
    "published_date": "2024-05-06",
    "fiscal_date": "2024-03-31",
    "fiscal_year": 2024,
    "fiscal_quarter": 1,
    "r2_url": "https://pub-2c783279b61043e19fbdadd1bee5153a.r2.dev/CELH/2024-05-06/celh-20240331.htm/celh-20240331.pdf",
    "periodicity": "periodic"
  },
  {
    "equity_ticker": "CELH",
    "geography": "US",
    "content_name": "CELH Q4 2023 10-K",
    "file_type": "pdf",
    "content_type": "annual_report",
    "published_date": "2024-02-28",
    "fiscal_date": "2023-12-31",
    "fiscal_year": 2023,
    "fiscal_quarter": 4,
    "r2_url": "https://pub-2c783279b61043e19fbdadd1bee5153a.r2.dev/CELH/2024-02-28/celh-20231231.htm/celh-20231231.pdf",
    "periodicity": "periodic"
  },
  {
    "equity_ticker": "CELH",
    "geography": "US",
    "content_name": "CELH Q3 2023 10-Q",
    "file_type": "pdf",
    "content_type": "quarterly_report",
    "published_date": "2023-11-06",
    "fiscal_date": "2023-09-30",
    "fiscal_year": 2023,
    "fiscal_quarter": 3,
    "r2_url": "https://pub-2c783279b61043e19fbdadd1bee5153a.r2.dev/CELH/2023-11-06/celh-20230930.htm/celh-20230930.pdf",
    "periodicity": "periodic"
  },
  {
    "equity_ticker": "CELH",
    "geography": "US",
    "content_name": "CELH Q2 2023 10-Q",
    "file_type": "pdf",
    "content_type": "quarterly_report",
    "published_date": "2023-08-08",
    "fiscal_date": "2023-06-30",
    "fiscal_year": 2023,
    "fiscal_quarter": 2,
    "r2_url": "https://pub-2c783279b61043e19fbdadd1bee5153a.r2.dev/CELH/2023-08-08/celh-20230630.htm/celh-20230630.pdf",
    "periodicity": "periodic"
  },
  {
    "equity_ticker": "CELH",
    "geography": "US",
    "content_name": "CELH Q1 2023 10-Q",
    "file_type": "pdf",
    "content_type": "quarterly_report",
    "published_date": "2023-05-09",
    "fiscal_date": "2023-03-31",
    "fiscal_year": 2023,
    "fiscal_quarter": 1,
    "r2_url": "https://pub-2c783279b61043e19fbdadd1bee5153a.r2.dev/CELH/2023-05-09/celh-20230331.htm/celh-20230331.pdf",
    "periodicity": "periodic"
  },
  {
    "equity_ticker": "CELH",
    "geography": "US",
    "content_name": "CELH Q4 2022 10-K",
    "file_type": "pdf",
    "content_type": "annual_report",
    "published_date": "2023-03-01",
    "fiscal_date": "2022-12-31",
    "fiscal_year": 2022,
    "fiscal_quarter": 4,
    "r2_url": "https://pub-2c783279b61043e19fbdadd1bee5153a.r2.dev/CELH/2023-03-01/celh-20221231.htm/celh-20221231.pdf",
    "periodicity": "periodic"
  },
  {
    "equity_ticker": "CELH",
    "geography": "US",
    "content_name": "CELH Q3 2022 10-Q",
    "file_type": "pdf",
    "content_type": "quarterly_report",
    "published_date": "2022-11-09",
    "fiscal_date": "2022-09-30",
    "fiscal_year": 2022,
    "fiscal_quarter": 3,
    "r2_url": "https://pub-2c783279b61043e19fbdadd1bee5153a.r2.dev/CELH/2022-11-09/celh-20220930.htm/celh-20220930.pdf",
    "periodicity": "periodic"
  },
  {
    "equity_ticker": "CELH",
    "geography": "US",
    "content_name": "CELH Q2 2022 10-Q",
    "file_type": "pdf",
    "content_type": "quarterly_report",
    "published_date": "2022-08-09",
    "fiscal_date": "2022-06-30",
    "fiscal_year": 2022,
    "fiscal_quarter": 2,
    "r2_url": "https://pub-2c783279b61043e19fbdadd1bee5153a.r2.dev/CELH/2022-08-09/celh-20220630.htm/celh-20220630.pdf",
    "periodicity": "periodic"
  },
  {
    "equity_ticker": "CELH",
    "geography": "US",
    "content_name": "CELH Q1 2022 10-Q",
    "file_type": "pdf",
    "content_type": "quarterly_report",
    "published_date": "2022-05-10",
    "fiscal_date": "2022-03-31",
    "fiscal_year": 2022,
    "fiscal_quarter": 1,
    "r2_url": "https://pub-2c783279b61043e19fbdadd1bee5153a.r2.dev/CELH/2022-05-10/celh-20220331.htm/celh-20220331.pdf",
    "periodicity": "periodic"
  },
  {
    "equity_ticker": "CELH",
    "geography": "US",
    "content_name": "CELH Q4 2021 10-K",
    "file_type": "pdf",
    "content_type": "annual_report",
    "published_date": "2022-03-16",
    "fiscal_date": "2021-12-31",
    "fiscal_year": 2021,
    "fiscal_quarter": 4,
    "r2_url": "https://pub-2c783279b61043e19fbdadd1bee5153a.r2.dev/CELH/2022-03-16/celh-20211231.htm/celh-20211231.pdf",
    "periodicity": "periodic"
  },
  {
    "equity_ticker": "CELH",
    "geography": "US",
    "content_name": "CELH Q3 2021 10-Q",
    "file_type": "pdf",
    "content_type": "quarterly_report",
    "published_date": "2021-11-12",
    "fiscal_date": "2021-09-30",
    "fiscal_year": 2021,
    "fiscal_quarter": 3,
    "r2_url": "https://pub-2c783279b61043e19fbdadd1bee5153a.r2.dev/CELH/2021-11-12/celsiusholdings_10q.htm/celsiusholdings_10q.pdf",
    "periodicity": "periodic"
  },
  {
    "equity_ticker": "CELH",
    "geography": "US",
    "content_name": "CELH Q2 2021 10-Q",
    "file_type": "pdf",
    "content_type": "quarterly_report",
    "published_date": "2021-08-12",
    "fiscal_date": "2021-06-30",
    "fiscal_year": 2021,
    "fiscal_quarter": 2,
    "r2_url": "https://pub-2c783279b61043e19fbdadd1bee5153a.r2.dev/CELH/2021-08-12/celsiusholdings_10q.htm/celsiusholdings_10q.pdf",
    "periodicity": "periodic"
  },
  {
    "equity_ticker": "CELH",
    "geography": "US",
    "content_name": "CELH Q1 2021 10-Q",
    "file_type": "pdf",
    "content_type": "quarterly_report",
    "published_date": "2021-05-13",
    "fiscal_date": "2021-03-31",
    "fiscal_year": 2021,
    "fiscal_quarter": 1,
    "r2_url": "https://pub-2c783279b61043e19fbdadd1bee5153a.r2.dev/CELH/2021-05-13/celsiusholdings_10q.htm/celsiusholdings_10q.pdf",
    "periodicity": "periodic"
  },
  {
    "equity_ticker": "CELH",
    "geography": "US",
    "content_name": "CELH Q4 2020 10-K",
    "file_type": "pdf",
    "content_type": "annual_report",
    "published_date": "2021-03-11",
    "fiscal_date": "2020-12-31",
    "fiscal_year": 2020,
    "fiscal_quarter": 4,
    "r2_url": "https://pub-2c783279b61043e19fbdadd1bee5153a.r2.dev/CELH/2021-03-11/celsiusholdings_10k.htm/celsiusholdings_10k.pdf",
    "periodicity": "periodic"
  },
  {
    "equity_ticker": "CELH",
    "geography": "US",
    "content_name": "CELH Q3 2020 10-Q",
    "file_type": "pdf",
    "content_type": "quarterly_report",
    "published_date": "2020-11-12",
    "fiscal_date": "2020-09-30",
    "fiscal_year": 2020,
    "fiscal_quarter": 3,
    "r2_url": "https://pub-2c783279b61043e19fbdadd1bee5153a.r2.dev/CELH/2020-11-12/f10q0920_celsiusholdings.htm/f10q0920_celsiusholdings.pdf",
    "periodicity": "periodic"
  },
  {
    "equity_ticker": "CELH",
    "geography": "US",
    "content_name": "CELH Q2 2020 10-Q",
    "file_type": "pdf",
    "content_type": "quarterly_report",
    "published_date": "2020-08-06",
    "fiscal_date": "2020-06-30",
    "fiscal_year": 2020,
    "fiscal_quarter": 2,
    "r2_url": "https://pub-2c783279b61043e19fbdadd1bee5153a.r2.dev/CELH/2020-08-06/f10q0620_celsiusholding.htm/f10q0620_celsiusholding.pdf",
    "periodicity": "periodic"
  },
  {
    "equity_ticker": "CELH",
    "geography": "US",
    "content_name": "CELH Q1 2020 10-Q",
    "file_type": "pdf",
    "content_type": "quarterly_report",
    "published_date": "2020-05-12",
    "fiscal_date": "2020-03-31",
    "fiscal_year": 2020,
    "fiscal_quarter": 1,
    "r2_url": "https://pub-2c783279b61043e19fbdadd1bee5153a.r2.dev/CELH/2020-05-12/f10q0320_celsiusholdings.htm/f10q0320_celsiusholdings.pdf",
    "periodicity": "periodic"
  },
  {
    "equity_ticker": "CELH",
    "geography": "US",
    "content_name": "CELH Q4 2019 10-K",
    "file_type": "pdf",
    "content_type": "annual_report",
    "published_date": "2020-03-12",
    "fiscal_date": "2019-12-31",
    "fiscal_year": 2019,
    "fiscal_quarter": 4,
    "r2_url": "https://pub-2c783279b61043e19fbdadd1bee5153a.r2.dev/CELH/2020-03-12/f10k2019_celsiusholdingsinc.htm/f10k2019_celsiusholdingsinc.pdf",
    "periodicity": "periodic"
  },
  {
    "equity_ticker": "CELH",
    "geography": "US",
    "content_name": "CELH Q3 2019 10-Q",
    "file_type": "pdf",
    "content_type": "quarterly_report",
    "published_date": "2019-11-07",
    "fiscal_date": "2019-09-30",
    "fiscal_year": 2019,
    "fiscal_quarter": 3,
    "r2_url": "https://pub-2c783279b61043e19fbdadd1bee5153a.r2.dev/CELH/2019-11-07/f10q0919_celsiusholdings.htm/f10q0919_celsiusholdings.pdf",
    "periodicity": "periodic"
  },
  {
    "equity_ticker": "CELH",
    "geography": "US",
    "content_name": "CELH Q2 2019 10-Q",
    "file_type": "pdf",
    "content_type": "quarterly_report",
    "published_date": "2019-08-08",
    "fiscal_date": "2019-06-30",
    "fiscal_year": 2019,
    "fiscal_quarter": 2,
    "r2_url": "https://pub-2c783279b61043e19fbdadd1bee5153a.r2.dev/CELH/2019-08-08/f10q0619_celsiusholdings.htm/f10q0619_celsiusholdings.pdf",
    "periodicity": "periodic"
  },
  {
    "equity_ticker": "CELH",
    "geography": "US",
    "content_name": "CELH Q1 2019 10-Q",
    "file_type": "pdf",
    "content_type": "quarterly_report",
    "published_date": "2019-05-09",
    "fiscal_date": "2019-03-31",
    "fiscal_year": 2019,
    "fiscal_quarter": 1,
    "r2_url": "https://pub-2c783279b61043e19fbdadd1bee5153a.r2.dev/CELH/2019-05-09/s118043_10q.htm/s118043_10q.pdf",
    "periodicity": "periodic"
  },
  {
    "equity_ticker": "CELH",
    "geography": "US",
    "content_name": "CELH Q4 2018 10-K",
    "file_type": "pdf",
    "content_type": "annual_report",
    "published_date": "2019-03-14",
    "fiscal_date": "2018-12-31",
    "fiscal_year": 2018,
    "fiscal_quarter": 4,
    "r2_url": "https://pub-2c783279b61043e19fbdadd1bee5153a.r2.dev/CELH/2019-03-14/s116616_10k.htm/s116616_10k.pdf",
    "periodicity": "periodic"
  },
  {
    "equity_ticker": "CELH",
    "geography": "US",
    "content_name": "CELH Q3 2018 10-Q",
    "file_type": "pdf",
    "content_type": "quarterly_report",
    "published_date": "2018-11-08",
    "fiscal_date": "2018-09-30",
    "fiscal_year": 2018,
    "fiscal_quarter": 3,
    "r2_url": "https://pub-2c783279b61043e19fbdadd1bee5153a.r2.dev/CELH/2018-11-08/s113852_10q.htm/s113852_10q.pdf",
    "periodicity": "periodic"
  },
  {
    "equity_ticker": "CELH",
    "geography": "US",
    "content_name": "CELH Q2 2018 10-Q",
    "file_type": "pdf",
    "content_type": "quarterly_report",
    "published_date": "2018-08-09",
    "fiscal_date": "2018-06-30",
    "fiscal_year": 2018,
    "fiscal_quarter": 2,
    "r2_url": "https://pub-2c783279b61043e19fbdadd1bee5153a.r2.dev/CELH/2018-08-09/s111924_10q.htm/s111924_10q.pdf",
    "periodicity": "periodic"
  },
  {
    "equity_ticker": "CELH",
    "geography": "US",
    "content_name": "CELH Q1 2018 10-Q",
    "file_type": "pdf",
    "content_type": "quarterly_report",
    "published_date": "2018-05-10",
    "fiscal_date": "2018-03-31",
    "fiscal_year": 2018,
    "fiscal_quarter": 1,
    "r2_url": "https://pub-2c783279b61043e19fbdadd1bee5153a.r2.dev/CELH/2018-05-10/s110007_10q.htm/s110007_10q.pdf",
    "periodicity": "periodic"
  },
  {
    "equity_ticker": "CELH",
    "geography": "US",
    "content_name": "CELH Q4 2017 10-K",
    "file_type": "pdf",
    "content_type": "annual_report",
    "published_date": "2018-03-08",
    "fiscal_date": "2017-12-31",
    "fiscal_year": 2017,
    "fiscal_quarter": 4,
    "r2_url": "https://pub-2c783279b61043e19fbdadd1bee5153a.r2.dev/CELH/2018-03-08/s109237_10k.htm/s109237_10k.pdf",
    "periodicity": "periodic"
  },
  {
    "equity_ticker": "CELH",
    "geography": "US",
    "content_name": "CELH Q3 2017 10-Q",
    "file_type": "pdf",
    "content_type": "quarterly_report",
    "published_date": "2017-11-08",
    "fiscal_date": "2017-09-30",
    "fiscal_year": 2017,
    "fiscal_quarter": 3,
    "r2_url": "https://pub-2c783279b61043e19fbdadd1bee5153a.r2.dev/CELH/2017-11-08/s108003_10q.htm/s108003_10q.pdf",
    "periodicity": "periodic"
  },
  {
    "equity_ticker": "CELH",
    "geography": "US",
    "content_name": "CELH Q2 2017 10-Q",
    "file_type": "pdf",
    "content_type": "quarterly_report",
    "published_date": "2017-08-09",
    "fiscal_date": "2017-06-30",
    "fiscal_year": 2017,
    "fiscal_quarter": 2,
    "r2_url": "https://pub-2c783279b61043e19fbdadd1bee5153a.r2.dev/CELH/2017-08-09/s107069_10q.htm/s107069_10q.pdf",
    "periodicity": "periodic"
  },
  {
    "equity_ticker": "CELH",
    "geography": "US",
    "content_name": "CELH Q1 2017 10-Q",
    "file_type": "pdf",
    "content_type": "quarterly_report",
    "published_date": "2017-05-11",
    "fiscal_date": "2017-03-31",
    "fiscal_year": 2017,
    "fiscal_quarter": 1,
    "r2_url": "https://pub-2c783279b61043e19fbdadd1bee5153a.r2.dev/CELH/2017-05-11/s106122_10q.htm/s106122_10q.pdf",
    "periodicity": "periodic"
  },
  {
    "equity_ticker": "CELH",
    "geography": "US",
    "content_name": "CELH Q4 2016 10-K",
    "file_type": "pdf",
    "content_type": "annual_report",
    "published_date": "2017-03-30",
    "fiscal_date": "2016-12-31",
    "fiscal_year": 2016,
    "fiscal_quarter": 4,
    "r2_url": "https://pub-2c783279b61043e19fbdadd1bee5153a.r2.dev/CELH/2017-03-30/s105632_10k.htm/s105632_10k.pdf",
    "periodicity": "periodic"
  },
  {
    "equity_ticker": "CELH",
    "geography": "US",
    "content_name": "CELH Q3 2016 10-Q",
    "file_type": "pdf",
    "content_type": "quarterly_report",
    "published_date": "2016-11-10",
    "fiscal_date": "2016-09-30",
    "fiscal_year": 2016,
    "fiscal_quarter": 3,
    "r2_url": "https://pub-2c783279b61043e19fbdadd1bee5153a.r2.dev/CELH/2016-11-10/s104563_10q.htm/s104563_10q.pdf",
    "periodicity": "periodic"
  },
  {
    "equity_ticker": "CELH",
    "geography": "US",
    "content_name": "CELH Q2 2016 10-Q",
    "file_type": "pdf",
    "content_type": "quarterly_report",
    "published_date": "2011-05-10",
    "fiscal_date": "2011-03-31",
    "fiscal_year": 2016,
    "fiscal_quarter": 2,
    "r2_url": "https://pub-2c783279b61043e19fbdadd1bee5153a.r2.dev/CELH/2011-05-10/f10q0311_celsius.htm/f10q0311_celsius.pdf",
    "periodicity": "periodic"
  },
  {
    "equity_ticker": "CELH",
    "geography": "US",
    "content_name": "CELH Q1 2016 10-K",
    "file_type": "pdf",
    "content_type": "annual_report",
    "published_date": "2011-03-31",
    "fiscal_date": "2010-12-31",
    "fiscal_year": 2016,
    "fiscal_quarter": 1,
    "r2_url": "https://pub-2c783279b61043e19fbdadd1bee5153a.r2.dev/CELH/2011-03-31/f10k2010_celsius.htm/f10k2010_celsius.pdf",
    "periodicity": "periodic"
  },
  {
    "equity_ticker": "CELH",
    "geography": "US",
    "content_name": "CELH Q4 2010 10-Q",
    "file_type": "pdf",
    "content_type": "quarterly_report",
    "published_date": "2010-11-10",
    "fiscal_date": "2010-09-30",
    "fiscal_year": 2010,
    "fiscal_quarter": 4,
    "r2_url": "https://pub-2c783279b61043e19fbdadd1bee5153a.r2.dev/CELH/2010-11-10/f10q0910_celsius.htm/f10q0910_celsius.pdf",
    "periodicity": "periodic"
  },
  {
    "equity_ticker": "CELH",
    "geography": "US",
    "content_name": "CELH Q3 2010 10-Q",
    "file_type": "pdf",
    "content_type": "quarterly_report",
    "published_date": "2010-08-12",
    "fiscal_date": "2010-06-30",
    "fiscal_year": 2010,
    "fiscal_quarter": 3,
    "r2_url": "https://pub-2c783279b61043e19fbdadd1bee5153a.r2.dev/CELH/2010-08-12/f10q0610_celsius.htm/f10q0610_celsius.pdf",
    "periodicity": "periodic"
  },
  {
    "equity_ticker": "CELH",
    "geography": "US",
    "content_name": "CELH Q2 2010 10-Q",
    "file_type": "pdf",
    "content_type": "quarterly_report",
    "published_date": "2010-05-13",
    "fiscal_date": "2010-03-31",
    "fiscal_year": 2010,
    "fiscal_quarter": 2,
    "r2_url": "https://pub-2c783279b61043e19fbdadd1bee5153a.r2.dev/CELH/2010-05-13/f10q0310_celsius.htm/f10q0310_celsius.pdf",
    "periodicity": "periodic"
  },
  {
    "equity_ticker": "CELH",
    "geography": "US",
    "content_name": "CELH Q1 2010 10-K",
    "file_type": "pdf",
    "content_type": "annual_report",
    "published_date": "2010-03-10",
    "fiscal_date": "2009-12-31",
    "fiscal_year": 2010,
    "fiscal_quarter": 1,
    "r2_url": "https://pub-2c783279b61043e19fbdadd1bee5153a.r2.dev/CELH/2010-03-10/f10k2009_celsius.htm/f10k2009_celsius.pdf",
    "periodicity": "periodic"
  },
  {
    "equity_ticker": "CELH",
    "geography": "US",
    "content_name": "CELH Q4 2009 10-Q",
    "file_type": "pdf",
    "content_type": "quarterly_report",
    "published_date": "2009-11-06",
    "fiscal_date": "2009-09-30",
    "fiscal_year": 2009,
    "fiscal_quarter": 4,
    "r2_url": "https://pub-2c783279b61043e19fbdadd1bee5153a.r2.dev/CELH/2009-11-06/f10q0909_celsius.htm/f10q0909_celsius.pdf",
    "periodicity": "periodic"
  },
  {
    "equity_ticker": "CELH",
    "geography": "US",
    "content_name": "CELH Q3 2009 10-Q",
    "file_type": "pdf",
    "content_type": "quarterly_report",
    "published_date": "2009-08-05",
    "fiscal_date": "2009-06-30",
    "fiscal_year": 2009,
    "fiscal_quarter": 3,
    "r2_url": "https://pub-2c783279b61043e19fbdadd1bee5153a.r2.dev/CELH/2009-08-05/f10q0609_celsius.htm/f10q0609_celsius.pdf",
    "periodicity": "periodic"
  },
  {
    "equity_ticker": "CELH",
    "geography": "US",
    "content_name": "CELH Q2 2009 10-Q",
    "file_type": "pdf",
    "content_type": "quarterly_report",
    "published_date": "2009-05-06",
    "fiscal_date": "2009-03-31",
    "fiscal_year": 2009,
    "fiscal_quarter": 2,
    "r2_url": "https://pub-2c783279b61043e19fbdadd1bee5153a.r2.dev/CELH/2009-05-06/f10q0309_celsius.htm/f10q0309_celsius.pdf",
    "periodicity": "periodic"
  },
  {
    "equity_ticker": "CELH",
    "geography": "US",
    "content_name": "CELH Q4 2008 10-Q",
    "file_type": "pdf",
    "content_type": "quarterly_report",
    "published_date": "2008-11-05",
    "fiscal_date": "2008-09-30",
    "fiscal_year": 2008,
    "fiscal_quarter": 4,
    "r2_url": "https://pub-2c783279b61043e19fbdadd1bee5153a.r2.dev/CELH/2008-11-05/f10q0908_celsius.htm/f10q0908_celsius.pdf",
    "periodicity": "periodic"
  },
  {
    "equity_ticker": "CELH",
    "geography": "US",
    "content_name": "CELH Q3 2008 10-Q",
    "file_type": "pdf",
    "content_type": "quarterly_report",
    "published_date": "2008-08-11",
    "fiscal_date": "2008-06-30",
    "fiscal_year": 2008,
    "fiscal_quarter": 3,
    "r2_url": "https://pub-2c783279b61043e19fbdadd1bee5153a.r2.dev/CELH/2008-08-11/f10q0608_celsius.htm/f10q0608_celsius.pdf",
    "periodicity": "periodic"
  },
  {
    "equity_ticker": "CELH",
    "geography": "US",
    "content_name": "CELH Q2 2008 10-Q",
    "file_type": "pdf",
    "content_type": "quarterly_report",
    "published_date": "2008-04-29",
    "fiscal_date": "2008-03-31",
    "fiscal_year": 2008,
    "fiscal_quarter": 2,
    "r2_url": "https://pub-2c783279b61043e19fbdadd1bee5153a.r2.dev/CELH/2008-04-29/f10q0308_celsius.htm/f10q0308_celsius.pdf",
    "periodicity": "periodic"
  },
  {
    "equity_ticker": "CELH",
    "geography": "US",
    "content_name": "UBS Global Consumer and Retail Conference 2025 - March 12, 2025",
    "file_type": "pdf",
    "content_type": "sellside_conference_transcript",
    "published_date": "2025-03-12",
    "fiscal_date": "2025-03-12",
    "fiscal_year": null,
    "fiscal_quarter": null,
    "r2_url": "https://pub-2c783279b61043e19fbdadd1bee5153a.r2.dev/CELH/2025-03-12/Celsius%20Holdings%2C%20Inc._2025-03-12_transcript/Celsius%20Holdings%2C%20Inc._2025-03-12_transcript.pdf/Celsius%20Holdings%2C%20Inc._2025-03-12_transcript.pdf",
    "periodicity": "non_periodic"
  },
  {
    "equity_ticker": "CELH",
    "geography": "US",
    "content_name": "Consumer Analyst Group of New York Conference (CAGNY) 2025 - February 21, 2025",
    "file_type": "pdf",
    "content_type": "industry_conference_transcript",
    "published_date": "2025-02-21",
    "fiscal_date": "2025-02-21",
    "fiscal_year": null,
    "fiscal_quarter": null,
    "r2_url": "https://pub-2c783279b61043e19fbdadd1bee5153a.r2.dev/CELH/2025-02-21/Celsius%20Holdings%2C%20Inc._2025-02-21_transcript/Celsius%20Holdings%2C%20Inc._2025-02-21_transcript.pdf/Celsius%20Holdings%2C%20Inc._2025-02-21_transcript.pdf",
    "periodicity": "non_periodic"
  },
  {
    "equity_ticker": "CELH",
    "geography": "US",
    "content_name": "Consumer Analyst Group of New York Conference (CAGNY) 2025 - February 21, 2025",
    "file_type": "pdf",
    "content_type": "industry_conference_presentation",
    "published_date": "2025-02-21",
    "fiscal_date": "2025-02-21",
    "fiscal_year": null,
    "fiscal_quarter": null,
    "r2_url": "https://pub-2c783279b61043e19fbdadd1bee5153a.r2.dev/CELH/2025-02-21/afb50-2025-03-25-09-05-12/afb50-2025-03-25-09-05-12.pdf/afb50-2025-03-25-09-05-12.pdf",
    "periodicity": "non_periodic"
  },
  {
    "equity_ticker": "CELH",
    "geography": "US",
    "content_name": "CELH Q4 2024 Transcript",
    "file_type": "pdf",
    "content_type": "earnings_transcript",
    "published_date": "2025-02-20",
    "fiscal_date": "2025-02-20",
    "fiscal_year": 2024,
    "fiscal_quarter": 4,
    "r2_url": "https://pub-2c783279b61043e19fbdadd1bee5153a.r2.dev/CELH/2025-02-20/Celsius%20Holdings%2C%20Inc._2025-02-20_transcript/Celsius%20Holdings%2C%20Inc._2025-02-20_transcript.pdf/Celsius%20Holdings%2C%20Inc._2025-02-20_transcript.pdf",
    "periodicity": "periodic"
  },
  {
    "equity_ticker": "CELH",
    "geography": "US",
    "content_name": "CELH Q4 2024 Press Release",
    "file_type": "pdf",
    "content_type": "earnings_press_release",
    "published_date": "2025-02-20",
    "fiscal_date": "2025-02-20",
    "fiscal_year": 2024,
    "fiscal_quarter": 4,
    "r2_url": "https://pub-2c783279b61043e19fbdadd1bee5153a.r2.dev/CELH/2025-02-20/830a8-2025-02-20-09-42-43/830a8-2025-02-20-09-42-43.pdf/830a8-2025-02-20-09-42-43.pdf",
    "periodicity": "periodic"
  },
  {
    "equity_ticker": "CELH",
    "geography": "US",
    "content_name": "CELH Q4 2024 Presentation",
    "file_type": "pdf",
    "content_type": "earnings_presentation",
    "published_date": "2025-02-20",
    "fiscal_date": "2025-02-20",
    "fiscal_year": 2024,
    "fiscal_quarter": 4,
    "r2_url": "https://pub-2c783279b61043e19fbdadd1bee5153a.r2.dev/CELH/2025-02-20/e2931-2025-02-20-10-43-04/e2931-2025-02-20-10-43-04.pdf/e2931-2025-02-20-10-43-04.pdf",
    "periodicity": "periodic"
  },
  {
    "equity_ticker": "CELH",
    "geography": "US",
    "content_name": "Morgan Stanley Global Consumer & Retail Conference - December 3, 2024",
    "file_type": "pdf",
    "content_type": "sellside_conference_transcript",
    "published_date": "2024-12-03",
    "fiscal_date": "2024-12-03",
    "fiscal_year": null,
    "fiscal_quarter": null,
    "r2_url": "https://pub-2c783279b61043e19fbdadd1bee5153a.r2.dev/CELH/2024-12-03/Celsius%20Holdings%2C%20Inc._2024-12-03_transcript/Celsius%20Holdings%2C%20Inc._2024-12-03_transcript.pdf/Celsius%20Holdings%2C%20Inc._2024-12-03_transcript.pdf",
    "periodicity": "non_periodic"
  },
  {
    "equity_ticker": "CELH",
    "geography": "US",
    "content_name": "CELH Q3 2024 Transcript",
    "file_type": "pdf",
    "content_type": "earnings_transcript",
    "published_date": "2024-11-06",
    "fiscal_date": "2024-11-06",
    "fiscal_year": 2024,
    "fiscal_quarter": 3,
    "r2_url": "https://pub-2c783279b61043e19fbdadd1bee5153a.r2.dev/CELH/2024-11-06/Celsius%20Holdings%2C%20Inc._2024-11-06_transcript/Celsius%20Holdings%2C%20Inc._2024-11-06_transcript.pdf/Celsius%20Holdings%2C%20Inc._2024-11-06_transcript.pdf",
    "periodicity": "periodic"
  },
  {
    "equity_ticker": "CELH",
    "geography": "US",
    "content_name": "CELH Q3 2024 Press Release",
    "file_type": "pdf",
    "content_type": "earnings_press_release",
    "published_date": "2024-11-06",
    "fiscal_date": "2024-11-06",
    "fiscal_year": 2024,
    "fiscal_quarter": 3,
    "r2_url": "https://pub-2c783279b61043e19fbdadd1bee5153a.r2.dev/CELH/2024-11-06/2d85e-2024-11-06-11-15-03/2d85e-2024-11-06-11-15-03.pdf/2d85e-2024-11-06-11-15-03.pdf",
    "periodicity": "periodic"
  },
  {
    "equity_ticker": "CELH",
    "geography": "US",
    "content_name": "CELH Q3 2024 Presentation",
    "file_type": "pdf",
    "content_type": "earnings_presentation",
    "published_date": "2024-11-06",
    "fiscal_date": "2024-11-06",
    "fiscal_year": 2024,
    "fiscal_quarter": 3,
    "r2_url": "https://pub-2c783279b61043e19fbdadd1bee5153a.r2.dev/CELH/2024-11-06/66e5a-2024-11-06-11-10-17/66e5a-2024-11-06-11-10-17.pdf/66e5a-2024-11-06-11-10-17.pdf",
    "periodicity": "periodic"
  },
  {
    "equity_ticker": "CELH",
    "geography": "US",
    "content_name": "Piper Sandler Growth Frontiers Conference - September 10, 2024",
    "file_type": "pdf",
    "content_type": "company_conference_transcript",
    "published_date": "2024-09-10",
    "fiscal_date": "2024-09-10",
    "fiscal_year": null,
    "fiscal_quarter": null,
    "r2_url": "https://pub-2c783279b61043e19fbdadd1bee5153a.r2.dev/CELH/2024-09-10/Celsius%20Holdings%2C%20Inc._2024-09-10_transcript/Celsius%20Holdings%2C%20Inc._2024-09-10_transcript.pdf/Celsius%20Holdings%2C%20Inc._2024-09-10_transcript.pdf",
    "periodicity": "non_periodic"
  },
  {
    "equity_ticker": "CELH",
    "geography": "US",
    "content_name": "Barclays 17th Annual Global Consumer Staples Conference - September 4, 2024",
    "file_type": "pdf",
    "content_type": "sellside_conference_transcript",
    "published_date": "2024-09-04",
    "fiscal_date": "2024-09-04",
    "fiscal_year": null,
    "fiscal_quarter": null,
    "r2_url": "https://pub-2c783279b61043e19fbdadd1bee5153a.r2.dev/CELH/2024-09-04/Celsius%20Holdings%2C%20Inc._2024-09-04_transcript/Celsius%20Holdings%2C%20Inc._2024-09-04_transcript.pdf/Celsius%20Holdings%2C%20Inc._2024-09-04_transcript.pdf",
    "periodicity": "non_periodic"
  },
  {
    "equity_ticker": "CELH",
    "geography": "US",
    "content_name": "CELH Q2 2024 Transcript",
    "file_type": "pdf",
    "content_type": "earnings_transcript",
    "published_date": "2024-08-06",
    "fiscal_date": "2024-08-06",
    "fiscal_year": 2024,
    "fiscal_quarter": 2,
    "r2_url": "https://pub-2c783279b61043e19fbdadd1bee5153a.r2.dev/CELH/2024-08-06/Celsius%20Holdings%2C%20Inc._2024-08-06_transcript/Celsius%20Holdings%2C%20Inc._2024-08-06_transcript.pdf/Celsius%20Holdings%2C%20Inc._2024-08-06_transcript.pdf",
    "periodicity": "periodic"
  },
  {
    "equity_ticker": "CELH",
    "geography": "US",
    "content_name": "CELH Q2 2024 Press Release",
    "file_type": "pdf",
    "content_type": "earnings_press_release",
    "published_date": "2024-08-06",
    "fiscal_date": "2024-08-06",
    "fiscal_year": 2024,
    "fiscal_quarter": 2,
    "r2_url": "https://pub-2c783279b61043e19fbdadd1bee5153a.r2.dev/CELH/2024-08-06/f11fb-2024-08-06-10-39-05/f11fb-2024-08-06-10-39-05.pdf/f11fb-2024-08-06-10-39-05.pdf",
    "periodicity": "periodic"
  },
  {
    "equity_ticker": "CELH",
    "geography": "US",
    "content_name": "CELH Q2 2024 Presentation",
    "file_type": "pdf",
    "content_type": "earnings_presentation",
    "published_date": "2024-08-06",
    "fiscal_date": "2024-08-06",
    "fiscal_year": 2024,
    "fiscal_quarter": 2,
    "r2_url": "https://pub-2c783279b61043e19fbdadd1bee5153a.r2.dev/CELH/2024-08-06/915be-2024-08-06-12-16-01/915be-2024-08-06-12-16-01.pdf/915be-2024-08-06-12-16-01.pdf",
    "periodicity": "periodic"
  },
  {
    "equity_ticker": "CELH",
    "geography": "US",
    "content_name": "Evercore ISI Consumer and Retail Conference 2024 - June 11, 2024",
    "file_type": "pdf",
    "content_type": "company_conference_transcript",
    "published_date": "2024-06-11",
    "fiscal_date": "2024-06-11",
    "fiscal_year": null,
    "fiscal_quarter": null,
    "r2_url": "https://pub-2c783279b61043e19fbdadd1bee5153a.r2.dev/CELH/2024-06-11/Celsius%20Holdings%2C%20Inc._2024-06-11_transcript/Celsius%20Holdings%2C%20Inc._2024-06-11_transcript.pdf/Celsius%20Holdings%2C%20Inc._2024-06-11_transcript.pdf",
    "periodicity": "non_periodic"
  },
  {
    "equity_ticker": "CELH",
    "geography": "US",
    "content_name": "The 44th Annual William Blair Growth Stock Conference - June 4, 2024",
    "file_type": "pdf",
    "content_type": "company_conference_transcript",
    "published_date": "2024-06-04",
    "fiscal_date": "2024-06-04",
    "fiscal_year": null,
    "fiscal_quarter": null,
    "r2_url": "https://pub-2c783279b61043e19fbdadd1bee5153a.r2.dev/CELH/2024-06-04/Celsius%20Holdings%2C%20Inc._2024-06-04_transcript/Celsius%20Holdings%2C%20Inc._2024-06-04_transcript.pdf/Celsius%20Holdings%2C%20Inc._2024-06-04_transcript.pdf",
    "periodicity": "non_periodic"
  },
  {
    "equity_ticker": "CELH",
    "geography": "US",
    "content_name": "Goldman Sachs Global Staples Forum - May 14, 2024",
    "file_type": "pdf",
    "content_type": "company_conference_transcript",
    "published_date": "2024-05-14",
    "fiscal_date": "2024-05-14",
    "fiscal_year": null,
    "fiscal_quarter": null,
    "r2_url": "https://pub-2c783279b61043e19fbdadd1bee5153a.r2.dev/CELH/2024-05-14/Celsius%20Holdings%2C%20Inc._2024-05-14_transcript/Celsius%20Holdings%2C%20Inc._2024-05-14_transcript.pdf/Celsius%20Holdings%2C%20Inc._2024-05-14_transcript.pdf",
    "periodicity": "non_periodic"
  },
  {
    "equity_ticker": "CELH",
    "geography": "US",
    "content_name": "CELH Q1 2024 Transcript",
    "file_type": "pdf",
    "content_type": "earnings_transcript",
    "published_date": "2024-05-07",
    "fiscal_date": "2024-05-07",
    "fiscal_year": 2024,
    "fiscal_quarter": 1,
    "r2_url": "https://pub-2c783279b61043e19fbdadd1bee5153a.r2.dev/CELH/2024-05-07/Celsius%20Holdings%2C%20Inc._2024-05-07_transcript/Celsius%20Holdings%2C%20Inc._2024-05-07_transcript.pdf/Celsius%20Holdings%2C%20Inc._2024-05-07_transcript.pdf",
    "periodicity": "periodic"
  },
  {
    "equity_ticker": "CELH",
    "geography": "US",
    "content_name": "CELH Q1 2024 Press Release",
    "file_type": "pdf",
    "content_type": "earnings_press_release",
    "published_date": "2024-05-07",
    "fiscal_date": "2024-05-07",
    "fiscal_year": 2024,
    "fiscal_quarter": 1,
    "r2_url": "https://pub-2c783279b61043e19fbdadd1bee5153a.r2.dev/CELH/2024-05-07/bede8-2024-05-07-11-18-01/bede8-2024-05-07-11-18-01.pdf/bede8-2024-05-07-11-18-01.pdf",
    "periodicity": "periodic"
  },
  {
    "equity_ticker": "CELH",
    "geography": "US",
    "content_name": "CELH Q1 2024 Presentation",
    "file_type": "pdf",
    "content_type": "earnings_presentation",
    "published_date": "2024-05-07",
    "fiscal_date": "2024-05-07",
    "fiscal_year": 2024,
    "fiscal_quarter": 1,
    "r2_url": "https://pub-2c783279b61043e19fbdadd1bee5153a.r2.dev/CELH/2024-05-07/ead12-2024-09-22-09-12-07/ead12-2024-09-22-09-12-07.pdf/ead12-2024-09-22-09-12-07.pdf",
    "periodicity": "periodic"
  },
  {
    "equity_ticker": "CELH",
    "geography": "US",
    "content_name": "UBS Global Consumer and Retail Conference 2024 - March 14, 2024",
    "file_type": "pdf",
    "content_type": "sellside_conference_transcript",
    "published_date": "2024-03-14",
    "fiscal_date": "2024-03-14",
    "fiscal_year": null,
    "fiscal_quarter": null,
    "r2_url": "https://pub-2c783279b61043e19fbdadd1bee5153a.r2.dev/CELH/2024-03-14/Celsius%20Holdings%2C%20Inc._2024-03-14_transcript/Celsius%20Holdings%2C%20Inc._2024-03-14_transcript.pdf/Celsius%20Holdings%2C%20Inc._2024-03-14_transcript.pdf",
    "periodicity": "non_periodic"
  },
  {
    "equity_ticker": "CELH",
    "geography": "US",
    "content_name": "CELH Q4 2023 Transcript",
    "file_type": "pdf",
    "content_type": "earnings_transcript",
    "published_date": "2024-02-29",
    "fiscal_date": "2024-02-29",
    "fiscal_year": 2023,
    "fiscal_quarter": 4,
    "r2_url": "https://pub-2c783279b61043e19fbdadd1bee5153a.r2.dev/CELH/2024-02-29/Celsius%20Holdings%2C%20Inc._2024-02-29_transcript/Celsius%20Holdings%2C%20Inc._2024-02-29_transcript.pdf/Celsius%20Holdings%2C%20Inc._2024-02-29_transcript.pdf",
    "periodicity": "periodic"
  },
  {
    "equity_ticker": "CELH",
    "geography": "US",
    "content_name": "CELH Q4 2023 Press Release",
    "file_type": "pdf",
    "content_type": "earnings_press_release",
    "published_date": "2024-02-29",
    "fiscal_date": "2024-02-29",
    "fiscal_year": 2023,
    "fiscal_quarter": 4,
    "r2_url": "https://pub-2c783279b61043e19fbdadd1bee5153a.r2.dev/CELH/2024-02-29/75119-2024-02-29-11-11-35/75119-2024-02-29-11-11-35.pdf/75119-2024-02-29-11-11-35.pdf",
    "periodicity": "periodic"
  },
  {
    "equity_ticker": "CELH",
    "geography": "US",
    "content_name": "Morgan Stanley Global Consumer & Retail Conference - December 6, 2023",
    "file_type": "pdf",
    "content_type": "sellside_conference_transcript",
    "published_date": "2023-12-06",
    "fiscal_date": "2023-12-06",
    "fiscal_year": null,
    "fiscal_quarter": null,
    "r2_url": "https://pub-2c783279b61043e19fbdadd1bee5153a.r2.dev/CELH/2023-12-06/Celsius%20Holdings%2C%20Inc._2023-12-06_transcript/Celsius%20Holdings%2C%20Inc._2023-12-06_transcript.pdf/Celsius%20Holdings%2C%20Inc._2023-12-06_transcript.pdf",
    "periodicity": "non_periodic"
  },
  {
    "equity_ticker": "CELH",
    "geography": "US",
    "content_name": "Stephens Annual Investment Conference | NASH 2023 - November 15, 2023",
    "file_type": "pdf",
    "content_type": "company_conference_transcript",
    "published_date": "2023-11-15",
    "fiscal_date": "2023-11-15",
    "fiscal_year": null,
    "fiscal_quarter": null,
    "r2_url": "https://pub-2c783279b61043e19fbdadd1bee5153a.r2.dev/CELH/2023-11-15/Celsius%20Holdings%2C%20Inc._2023-11-15_transcript/Celsius%20Holdings%2C%20Inc._2023-11-15_transcript.pdf/Celsius%20Holdings%2C%20Inc._2023-11-15_transcript.pdf",
    "periodicity": "non_periodic"
  },
  {
    "equity_ticker": "CELH",
    "geography": "US",
    "content_name": "CELH Q3 2023 Transcript",
    "file_type": "pdf",
    "content_type": "earnings_transcript",
    "published_date": "2023-11-07",
    "fiscal_date": "2023-11-07",
    "fiscal_year": 2023,
    "fiscal_quarter": 3,
    "r2_url": "https://pub-2c783279b61043e19fbdadd1bee5153a.r2.dev/CELH/2023-11-07/Celsius%20Holdings%2C%20Inc._2023-11-07_transcript/Celsius%20Holdings%2C%20Inc._2023-11-07_transcript.pdf/Celsius%20Holdings%2C%20Inc._2023-11-07_transcript.pdf",
    "periodicity": "periodic"
  },
  {
    "equity_ticker": "CELH",
    "geography": "US",
    "content_name": "CELH Q3 2023 Press Release",
    "file_type": "pdf",
    "content_type": "earnings_press_release",
    "published_date": "2023-11-07",
    "fiscal_date": "2023-11-07",
    "fiscal_year": 2023,
    "fiscal_quarter": 3,
    "r2_url": "https://pub-2c783279b61043e19fbdadd1bee5153a.r2.dev/CELH/2023-11-07/8fb38-2023-11-07-11-18-04/8fb38-2023-11-07-11-18-04.pdf/8fb38-2023-11-07-11-18-04.pdf",
    "periodicity": "periodic"
  },
  {
    "equity_ticker": "CELH",
    "geography": "US",
    "content_name": "Piper Sandler Growth Frontiers Conference - September 13, 2023",
    "file_type": "pdf",
    "content_type": "company_conference_transcript",
    "published_date": "2023-09-13",
    "fiscal_date": "2023-09-13",
    "fiscal_year": null,
    "fiscal_quarter": null,
    "r2_url": "https://pub-2c783279b61043e19fbdadd1bee5153a.r2.dev/CELH/2023-09-13/Celsius%20Holdings%2C%20Inc._2023-09-13_transcript/Celsius%20Holdings%2C%20Inc._2023-09-13_transcript.pdf/Celsius%20Holdings%2C%20Inc._2023-09-13_transcript.pdf",
    "periodicity": "non_periodic"
  },
  {
    "equity_ticker": "CELH",
    "geography": "US",
    "content_name": "Barclays Global Consumer Staples Conference 2023 - September 7, 2023",
    "file_type": "pdf",
    "content_type": "sellside_conference_transcript",
    "published_date": "2023-09-07",
    "fiscal_date": "2023-09-07",
    "fiscal_year": null,
    "fiscal_quarter": null,
    "r2_url": "https://pub-2c783279b61043e19fbdadd1bee5153a.r2.dev/CELH/2023-09-07/Celsius%20Holdings%2C%20Inc._2023-09-07_transcript/Celsius%20Holdings%2C%20Inc._2023-09-07_transcript.pdf/Celsius%20Holdings%2C%20Inc._2023-09-07_transcript.pdf",
    "periodicity": "non_periodic"
  },
  {
    "equity_ticker": "CELH",
    "geography": "US",
    "content_name": "CELH Q2 2023 Transcript",
    "file_type": "pdf",
    "content_type": "earnings_transcript",
    "published_date": "2023-08-08",
    "fiscal_date": "2023-08-08",
    "fiscal_year": 2023,
    "fiscal_quarter": 2,
    "r2_url": "https://pub-2c783279b61043e19fbdadd1bee5153a.r2.dev/CELH/2023-08-08/Celsius%20Holdings%2C%20Inc._2023-08-08_transcript/Celsius%20Holdings%2C%20Inc._2023-08-08_transcript.pdf/Celsius%20Holdings%2C%20Inc._2023-08-08_transcript.pdf",
    "periodicity": "periodic"
  },
  {
    "equity_ticker": "CELH",
    "geography": "US",
    "content_name": "CELH Q2 2023 Press Release",
    "file_type": "pdf",
    "content_type": "earnings_press_release",
    "published_date": "2023-08-08",
    "fiscal_date": "2023-08-08",
    "fiscal_year": 2023,
    "fiscal_quarter": 2,
    "r2_url": "https://pub-2c783279b61043e19fbdadd1bee5153a.r2.dev/CELH/2023-08-08/a4b06-2023-08-08-08-12-03/a4b06-2023-08-08-08-12-03.pdf/a4b06-2023-08-08-08-12-03.pdf",
    "periodicity": "periodic"
  },
  {
    "equity_ticker": "CELH",
    "geography": "US",
    "content_name": "AGM 2023 - June 1, 2023",
    "file_type": "pdf",
    "content_type": "company_conference_transcript",
    "published_date": "2023-06-01",
    "fiscal_date": "2023-06-01",
    "fiscal_year": null,
    "fiscal_quarter": null,
    "r2_url": "https://pub-2c783279b61043e19fbdadd1bee5153a.r2.dev/CELH/2023-06-01/Celsius%20Holdings%2C%20Inc._2023-06-01_transcript/Celsius%20Holdings%2C%20Inc._2023-06-01_transcript.pdf/Celsius%20Holdings%2C%20Inc._2023-06-01_transcript.pdf",
    "periodicity": "non_periodic"
  },
  {
    "equity_ticker": "CELH",
    "geography": "US",
    "content_name": "Goldman Sachs European Staples Forum - May 16, 2023",
    "file_type": "pdf",
    "content_type": "company_conference_transcript",
    "published_date": "2023-05-16",
    "fiscal_date": "2023-05-16",
    "fiscal_year": null,
    "fiscal_quarter": null,
    "r2_url": "https://pub-2c783279b61043e19fbdadd1bee5153a.r2.dev/CELH/2023-05-16/Celsius%20Holdings%2C%20Inc._2023-05-16_transcript/Celsius%20Holdings%2C%20Inc._2023-05-16_transcript.pdf/Celsius%20Holdings%2C%20Inc._2023-05-16_transcript.pdf",
    "periodicity": "non_periodic"
  },
  {
    "equity_ticker": "CELH",
    "geography": "US",
    "content_name": "CELH Q1 2023 Transcript",
    "file_type": "pdf",
    "content_type": "earnings_transcript",
    "published_date": "2023-05-09",
    "fiscal_date": "2023-05-09",
    "fiscal_year": 2023,
    "fiscal_quarter": 1,
    "r2_url": "https://pub-2c783279b61043e19fbdadd1bee5153a.r2.dev/CELH/2023-05-09/Celsius%20Holdings%2C%20Inc._2023-05-09_transcript/Celsius%20Holdings%2C%20Inc._2023-05-09_transcript.pdf/Celsius%20Holdings%2C%20Inc._2023-05-09_transcript.pdf",
    "periodicity": "periodic"
  },
  {
    "equity_ticker": "CELH",
    "geography": "US",
    "content_name": "CELH Q1 2023 Press Release",
    "file_type": "pdf",
    "content_type": "earnings_press_release",
    "published_date": "2023-05-09",
    "fiscal_date": "2023-05-09",
    "fiscal_year": 2023,
    "fiscal_quarter": 1,
    "r2_url": "https://pub-2c783279b61043e19fbdadd1bee5153a.r2.dev/CELH/2023-05-09/f84c7-2023-05-09-08-01-28/f84c7-2023-05-09-08-01-28.pdf/f84c7-2023-05-09-08-01-28.pdf",
    "periodicity": "periodic"
  },
  {
    "equity_ticker": "CELH",
    "geography": "US",
    "content_name": "UBS Global Consumer and Retail Conference - March 16, 2023",
    "file_type": "pdf",
    "content_type": "sellside_conference_transcript",
    "published_date": "2023-03-16",
    "fiscal_date": "2023-03-16",
    "fiscal_year": null,
    "fiscal_quarter": null,
    "r2_url": "https://pub-2c783279b61043e19fbdadd1bee5153a.r2.dev/CELH/2023-03-16/Celsius%20Holdings%2C%20Inc._2023-03-16_transcript/Celsius%20Holdings%2C%20Inc._2023-03-16_transcript.pdf/Celsius%20Holdings%2C%20Inc._2023-03-16_transcript.pdf",
    "periodicity": "non_periodic"
  },
  {
    "equity_ticker": "CELH",
    "geography": "US",
    "content_name": "CELH Q4 2022 Transcript",
    "file_type": "pdf",
    "content_type": "earnings_transcript",
    "published_date": "2023-03-01",
    "fiscal_date": "2023-03-01",
    "fiscal_year": 2022,
    "fiscal_quarter": 4,
    "r2_url": "https://pub-2c783279b61043e19fbdadd1bee5153a.r2.dev/CELH/2023-03-01/Celsius%20Holdings%2C%20Inc._2023-03-01_transcript/Celsius%20Holdings%2C%20Inc._2023-03-01_transcript.pdf/Celsius%20Holdings%2C%20Inc._2023-03-01_transcript.pdf",
    "periodicity": "periodic"
  },
  {
    "equity_ticker": "CELH",
    "geography": "US",
    "content_name": "CELH Q4 2022 Press Release",
    "file_type": "pdf",
    "content_type": "earnings_press_release",
    "published_date": "2023-03-01",
    "fiscal_date": "2023-03-01",
    "fiscal_year": 2022,
    "fiscal_quarter": 4,
    "r2_url": "https://pub-2c783279b61043e19fbdadd1bee5153a.r2.dev/CELH/2023-03-01/8c425-2023-03-01-09-36-15/8c425-2023-03-01-09-36-15.pdf/8c425-2023-03-01-09-36-15.pdf",
    "periodicity": "periodic"
  },
  {
    "equity_ticker": "CELH",
    "geography": "US",
    "content_name": "Q4 2022 - March 1, 2023",
    "file_type": "pdf",
    "content_type": "company_conference_presentation",
    "published_date": "2023-03-01",
    "fiscal_date": "2023-03-01",
    "fiscal_year": null,
    "fiscal_quarter": null,
    "r2_url": "https://pub-2c783279b61043e19fbdadd1bee5153a.r2.dev/CELH/None/555c3-2023-03-17-06-55-53/555c3-2023-03-17-06-55-53.pdf/555c3-2023-03-17-06-55-53.pdf",
    "periodicity": "non_periodic"
  },
  {
    "equity_ticker": "CELH",
    "geography": "US",
    "content_name": "CELH Q3 2022 Transcript",
    "file_type": "pdf",
    "content_type": "earnings_transcript",
    "published_date": "2022-11-09",
    "fiscal_date": "2022-11-09",
    "fiscal_year": 2022,
    "fiscal_quarter": 3,
    "r2_url": "https://pub-2c783279b61043e19fbdadd1bee5153a.r2.dev/CELH/2022-11-09/Celsius%20Holdings%2C%20Inc._2022-11-09_transcript/Celsius%20Holdings%2C%20Inc._2022-11-09_transcript.pdf/Celsius%20Holdings%2C%20Inc._2022-11-09_transcript.pdf",
    "periodicity": "periodic"
  },
  {
    "equity_ticker": "CELH",
    "geography": "US",
    "content_name": "CELH Q3 2022 Press Release",
    "file_type": "pdf",
    "content_type": "earnings_press_release",
    "published_date": "2022-11-09",
    "fiscal_date": "2022-11-09",
    "fiscal_year": 2022,
    "fiscal_quarter": 3,
    "r2_url": "https://pub-2c783279b61043e19fbdadd1bee5153a.r2.dev/CELH/2022-11-09/4984b-2022-11-09-09-34-18/4984b-2022-11-09-09-34-18.pdf/4984b-2022-11-09-09-34-18.pdf",
    "periodicity": "periodic"
  },
  {
    "equity_ticker": "CELH",
    "geography": "US",
    "content_name": "CELH Q2 2022 Transcript",
    "file_type": "pdf",
    "content_type": "earnings_transcript",
    "published_date": "2022-08-09",
    "fiscal_date": "2022-08-09",
    "fiscal_year": 2022,
    "fiscal_quarter": 2,
    "r2_url": "https://pub-2c783279b61043e19fbdadd1bee5153a.r2.dev/CELH/2022-08-09/Celsius%20Holdings%2C%20Inc._2022-08-09_transcript/Celsius%20Holdings%2C%20Inc._2022-08-09_transcript.pdf/Celsius%20Holdings%2C%20Inc._2022-08-09_transcript.pdf",
    "periodicity": "periodic"
  },
  {
    "equity_ticker": "CELH",
    "geography": "US",
    "content_name": "CELH Q2 2022 Press Release",
    "file_type": "pdf",
    "content_type": "earnings_press_release",
    "published_date": "2022-08-09",
    "fiscal_date": "2022-08-09",
    "fiscal_year": 2022,
    "fiscal_quarter": 2,
    "r2_url": "https://pub-2c783279b61043e19fbdadd1bee5153a.r2.dev/CELH/2022-08-09/15861-2022-08-09-08-35-21/15861-2022-08-09-08-35-21.pdf/15861-2022-08-09-08-35-21.pdf",
    "periodicity": "periodic"
  },
  {
    "equity_ticker": "CELH",
    "geography": "US",
    "content_name": "Partnership - August 1, 2022",
    "file_type": "pdf",
    "content_type": "company_conference_transcript",
    "published_date": "2022-08-01",
    "fiscal_date": "2022-08-01",
    "fiscal_year": null,
    "fiscal_quarter": null,
    "r2_url": "https://pub-2c783279b61043e19fbdadd1bee5153a.r2.dev/CELH/2022-08-01/Celsius%20Holdings%2C%20Inc._2022-08-01_transcript/Celsius%20Holdings%2C%20Inc._2022-08-01_transcript.pdf/Celsius%20Holdings%2C%20Inc._2022-08-01_transcript.pdf",
    "periodicity": "non_periodic"
  },
  {
    "equity_ticker": "CELH",
    "geography": "US",
    "content_name": "Partnership - August 1, 2022",
    "file_type": "pdf",
    "content_type": "company_conference_press_release",
    "published_date": "2022-08-01",
    "fiscal_date": "2022-08-01",
    "fiscal_year": null,
    "fiscal_quarter": null,
    "r2_url": "https://pub-2c783279b61043e19fbdadd1bee5153a.r2.dev/CELH/2022-08-01/1ea15-2025-02-19-09-03-38/1ea15-2025-02-19-09-03-38.pdf/1ea15-2025-02-19-09-03-38.pdf",
    "periodicity": "non_periodic"
  },
  {
    "equity_ticker": "CELH",
    "geography": "US",
    "content_name": "Partnership - August 1, 2022",
    "file_type": "pdf",
    "content_type": "company_conference_presentation",
    "published_date": "2022-08-01",
    "fiscal_date": "2022-08-01",
    "fiscal_year": null,
    "fiscal_quarter": null,
    "r2_url": "https://pub-2c783279b61043e19fbdadd1bee5153a.r2.dev/CELH/2022-08-01/a3d45-2022-08-01-07-12-02/a3d45-2022-08-01-07-12-02.pdf/a3d45-2022-08-01-07-12-02.pdf",
    "periodicity": "non_periodic"
  },
  {
    "equity_ticker": "CELH",
    "geography": "US",
    "content_name": "AGM 2022 - June 2, 2022",
    "file_type": "pdf",
    "content_type": "company_conference_transcript",
    "published_date": "2022-06-02",
    "fiscal_date": "2022-06-02",
    "fiscal_year": null,
    "fiscal_quarter": null,
    "r2_url": "https://pub-2c783279b61043e19fbdadd1bee5153a.r2.dev/CELH/2022-06-02/Celsius%20Holdings%2C%20Inc._2022-06-02_transcript/Celsius%20Holdings%2C%20Inc._2022-06-02_transcript.pdf/Celsius%20Holdings%2C%20Inc._2022-06-02_transcript.pdf",
    "periodicity": "non_periodic"
  },
  {
    "equity_ticker": "CELH",
    "geography": "US",
    "content_name": "CELH Q1 2022 Transcript",
    "file_type": "pdf",
    "content_type": "earnings_transcript",
    "published_date": "2022-05-10",
    "fiscal_date": "2022-05-10",
    "fiscal_year": 2022,
    "fiscal_quarter": 1,
    "r2_url": "https://pub-2c783279b61043e19fbdadd1bee5153a.r2.dev/CELH/2022-05-10/Celsius%20Holdings%2C%20Inc._2022-05-10_transcript/Celsius%20Holdings%2C%20Inc._2022-05-10_transcript.pdf/Celsius%20Holdings%2C%20Inc._2022-05-10_transcript.pdf",
    "periodicity": "periodic"
  },
  {
    "equity_ticker": "CELH",
    "geography": "US",
    "content_name": "CELH Q1 2022 Press Release",
    "file_type": "pdf",
    "content_type": "earnings_press_release",
    "published_date": "2022-05-10",
    "fiscal_date": "2022-05-10",
    "fiscal_year": 2022,
    "fiscal_quarter": 1,
    "r2_url": "https://pub-2c783279b61043e19fbdadd1bee5153a.r2.dev/CELH/2022-05-10/a6c85-2023-01-25-02-49-41/a6c85-2023-01-25-02-49-41.pdf/a6c85-2023-01-25-02-49-41.pdf",
    "periodicity": "periodic"
  },
  {
    "equity_ticker": "CELH",
    "geography": "US",
    "content_name": "CELH Q4 2021 Transcript",
    "file_type": "pdf",
    "content_type": "earnings_transcript",
    "published_date": "2022-03-01",
    "fiscal_date": "2022-03-01",
    "fiscal_year": 2021,
    "fiscal_quarter": 4,
    "r2_url": "https://pub-2c783279b61043e19fbdadd1bee5153a.r2.dev/CELH/2022-03-01/Celsius%20Holdings%2C%20Inc._2022-03-01_transcript/Celsius%20Holdings%2C%20Inc._2022-03-01_transcript.pdf/Celsius%20Holdings%2C%20Inc._2022-03-01_transcript.pdf",
    "periodicity": "periodic"
  },
  {
    "equity_ticker": "CELH",
    "geography": "US",
    "content_name": "CELH Q4 2021 Press Release",
    "file_type": "pdf",
    "content_type": "earnings_press_release",
    "published_date": "2022-03-01",
    "fiscal_date": "2022-03-01",
    "fiscal_year": 2021,
    "fiscal_quarter": 4,
    "r2_url": "https://pub-2c783279b61043e19fbdadd1bee5153a.r2.dev/CELH/2022-03-01/146c5-2023-01-25-12-03-42/146c5-2023-01-25-12-03-42.pdf/146c5-2023-01-25-12-03-42.pdf",
    "periodicity": "periodic"
  },
  {
    "equity_ticker": "CELH",
    "geography": "US",
    "content_name": "CELH Q3 2021 Transcript",
    "file_type": "pdf",
    "content_type": "earnings_transcript",
    "published_date": "2021-11-11",
    "fiscal_date": "2021-11-11",
    "fiscal_year": 2021,
    "fiscal_quarter": 3,
    "r2_url": "https://pub-2c783279b61043e19fbdadd1bee5153a.r2.dev/CELH/2021-11-11/Celsius%20Holdings%2C%20Inc._2021-11-11_transcript/Celsius%20Holdings%2C%20Inc._2021-11-11_transcript.pdf/Celsius%20Holdings%2C%20Inc._2021-11-11_transcript.pdf",
    "periodicity": "periodic"
  },
  {
    "equity_ticker": "CELH",
    "geography": "US",
    "content_name": "CELH Q3 2021 Press Release",
    "file_type": "pdf",
    "content_type": "earnings_press_release",
    "published_date": "2021-11-11",
    "fiscal_date": "2021-11-11",
    "fiscal_year": 2021,
    "fiscal_quarter": 3,
    "r2_url": "https://pub-2c783279b61043e19fbdadd1bee5153a.r2.dev/CELH/2021-11-11/bc930-2023-01-25-12-08-42/bc930-2023-01-25-12-08-42.pdf/bc930-2023-01-25-12-08-42.pdf",
    "periodicity": "periodic"
  },
  {
    "equity_ticker": "CELH",
    "geography": "US",
    "content_name": "CELH Q2 2021 Transcript",
    "file_type": "pdf",
    "content_type": "earnings_transcript",
    "published_date": "2021-08-12",
    "fiscal_date": "2021-08-12",
    "fiscal_year": 2021,
    "fiscal_quarter": 2,
    "r2_url": "https://pub-2c783279b61043e19fbdadd1bee5153a.r2.dev/CELH/2021-08-12/Celsius%20Holdings%2C%20Inc._2021-08-12_transcript/Celsius%20Holdings%2C%20Inc._2021-08-12_transcript.pdf/Celsius%20Holdings%2C%20Inc._2021-08-12_transcript.pdf",
    "periodicity": "periodic"
  },
  {
    "equity_ticker": "CELH",
    "geography": "US",
    "content_name": "CELH Q2 2021 Press Release",
    "file_type": "pdf",
    "content_type": "earnings_press_release",
    "published_date": "2021-08-12",
    "fiscal_date": "2021-08-12",
    "fiscal_year": 2021,
    "fiscal_quarter": 2,
    "r2_url": "https://pub-2c783279b61043e19fbdadd1bee5153a.r2.dev/CELH/2021-08-12/3b926-2023-01-25-08-03-57/3b926-2023-01-25-08-03-57.pdf/3b926-2023-01-25-08-03-57.pdf",
    "periodicity": "periodic"
  },
  {
    "equity_ticker": "CELH",
    "geography": "US",
    "content_name": "CELH Q1 2021 Transcript",
    "file_type": "pdf",
    "content_type": "earnings_transcript",
    "published_date": "2021-05-13",
    "fiscal_date": "2021-05-13",
    "fiscal_year": 2021,
    "fiscal_quarter": 1,
    "r2_url": "https://pub-2c783279b61043e19fbdadd1bee5153a.r2.dev/CELH/2021-05-13/Celsius%20Holdings%2C%20Inc._2021-05-13_transcript/Celsius%20Holdings%2C%20Inc._2021-05-13_transcript.pdf/Celsius%20Holdings%2C%20Inc._2021-05-13_transcript.pdf",
    "periodicity": "periodic"
  },
  {
    "equity_ticker": "CELH",
    "geography": "US",
    "content_name": "CELH Q1 2021 Press Release",
    "file_type": "pdf",
    "content_type": "earnings_press_release",
    "published_date": "2021-05-13",
    "fiscal_date": "2021-05-13",
    "fiscal_year": 2021,
    "fiscal_quarter": 1,
    "r2_url": "https://pub-2c783279b61043e19fbdadd1bee5153a.r2.dev/CELH/2021-05-13/1e5f6-2023-01-25-09-40-38/1e5f6-2023-01-25-09-40-38.pdf/1e5f6-2023-01-25-09-40-38.pdf",
    "periodicity": "periodic"
  },
  {
    "equity_ticker": "CELH",
    "geography": "US",
    "content_name": "CELH Q4 2020 Transcript",
    "file_type": "pdf",
    "content_type": "earnings_transcript",
    "published_date": "2021-03-11",
    "fiscal_date": "2021-03-11",
    "fiscal_year": 2020,
    "fiscal_quarter": 4,
    "r2_url": "https://pub-2c783279b61043e19fbdadd1bee5153a.r2.dev/CELH/2021-03-11/Celsius%20Holdings%2C%20Inc._2021-03-11_transcript/Celsius%20Holdings%2C%20Inc._2021-03-11_transcript.pdf/Celsius%20Holdings%2C%20Inc._2021-03-11_transcript.pdf",
    "periodicity": "periodic"
  },
  {
    "equity_ticker": "CELH",
    "geography": "US",
    "content_name": "CELH Q4 2020 Press Release",
    "file_type": "pdf",
    "content_type": "earnings_press_release",
    "published_date": "2021-03-11",
    "fiscal_date": "2021-03-11",
    "fiscal_year": 2020,
    "fiscal_quarter": 4,
    "r2_url": "https://pub-2c783279b61043e19fbdadd1bee5153a.r2.dev/CELH/2021-03-11/c6028-2022-09-13-12-49-24/c6028-2022-09-13-12-49-24.pdf/c6028-2022-09-13-12-49-24.pdf",
    "periodicity": "periodic"
  },
  {
    "equity_ticker": "CELH",
    "geography": "US",
    "content_name": "CELH Q3 2020 Transcript",
    "file_type": "pdf",
    "content_type": "earnings_transcript",
    "published_date": "2020-11-12",
    "fiscal_date": "2020-11-12",
    "fiscal_year": 2020,
    "fiscal_quarter": 3,
    "r2_url": "https://pub-2c783279b61043e19fbdadd1bee5153a.r2.dev/CELH/2020-11-12/Celsius%20Holdings%2C%20Inc._2020-11-12_transcript/Celsius%20Holdings%2C%20Inc._2020-11-12_transcript.pdf/Celsius%20Holdings%2C%20Inc._2020-11-12_transcript.pdf",
    "periodicity": "periodic"
  },
  {
    "equity_ticker": "CELH",
    "geography": "US",
    "content_name": "CELH Q3 2020 Press Release",
    "file_type": "pdf",
    "content_type": "quarterly_report",
    "published_date": "2020-11-12",
    "fiscal_date": "2020-11-12",
    "fiscal_year": 2020,
    "fiscal_quarter": 3,
    "r2_url": "https://pub-2c783279b61043e19fbdadd1bee5153a.r2.dev/CELH/2020-11-12/f83a4-2024-08-28-06-15-36/f83a4-2024-08-28-06-15-36.pdf/f83a4-2024-08-28-06-15-36.pdf",
    "periodicity": "periodic"
  },
  {
    "equity_ticker": "CELH",
    "geography": "US",
    "content_name": "CELH Q2 2020 Transcript",
    "file_type": "pdf",
    "content_type": "earnings_transcript",
    "published_date": "2020-08-06",
    "fiscal_date": "2020-08-06",
    "fiscal_year": 2020,
    "fiscal_quarter": 2,
    "r2_url": "https://pub-2c783279b61043e19fbdadd1bee5153a.r2.dev/CELH/2020-08-06/Celsius%20Holdings%2C%20Inc._2020-08-06_transcript/Celsius%20Holdings%2C%20Inc._2020-08-06_transcript.pdf/Celsius%20Holdings%2C%20Inc._2020-08-06_transcript.pdf",
    "periodicity": "periodic"
  },
  {
    "equity_ticker": "CELH",
    "geography": "US",
    "content_name": "CELH Q2 2020 Press Release",
    "file_type": "pdf",
    "content_type": "quarterly_report",
    "published_date": "2020-08-06",
    "fiscal_date": "2020-08-06",
    "fiscal_year": 2020,
    "fiscal_quarter": 2,
    "r2_url": "https://pub-2c783279b61043e19fbdadd1bee5153a.r2.dev/CELH/2020-08-06/95ed0-2024-08-28-06-22-36/95ed0-2024-08-28-06-22-36.pdf/95ed0-2024-08-28-06-22-36.pdf",
    "periodicity": "periodic"
  },
  {
    "equity_ticker": "CELH",
    "geography": "US",
    "content_name": "AGM 2020 - July 30, 2020",
    "file_type": "pdf",
    "content_type": "company_conference_transcript",
    "published_date": "2020-07-30",
    "fiscal_date": "2020-07-30",
    "fiscal_year": null,
    "fiscal_quarter": null,
    "r2_url": "https://pub-2c783279b61043e19fbdadd1bee5153a.r2.dev/CELH/2020-07-30/Celsius%20Holdings%2C%20Inc._2020-07-30_transcript/Celsius%20Holdings%2C%20Inc._2020-07-30_transcript.pdf/Celsius%20Holdings%2C%20Inc._2020-07-30_transcript.pdf",
    "periodicity": "non_periodic"
  },
  {
    "equity_ticker": "CELH",
    "geography": "US",
    "content_name": "CELH Q1 2020 Transcript",
    "file_type": "pdf",
    "content_type": "earnings_transcript",
    "published_date": "2020-05-12",
    "fiscal_date": "2020-05-12",
    "fiscal_year": 2020,
    "fiscal_quarter": 1,
    "r2_url": "https://pub-2c783279b61043e19fbdadd1bee5153a.r2.dev/CELH/2020-05-12/Celsius%20Holdings%2C%20Inc._2020-05-12_transcript/Celsius%20Holdings%2C%20Inc._2020-05-12_transcript.pdf/Celsius%20Holdings%2C%20Inc._2020-05-12_transcript.pdf",
    "periodicity": "periodic"
  },
  {
    "equity_ticker": "CELH",
    "geography": "US",
    "content_name": "CELH Q1 2020 Press Release",
    "file_type": "pdf",
    "content_type": "quarterly_report",
    "published_date": "2020-05-12",
    "fiscal_date": "2020-05-12",
    "fiscal_year": 2020,
    "fiscal_quarter": 1,
    "r2_url": "https://pub-2c783279b61043e19fbdadd1bee5153a.r2.dev/CELH/2020-05-12/21b09-2024-08-28-06-30-36/21b09-2024-08-28-06-30-36.pdf/21b09-2024-08-28-06-30-36.pdf",
    "periodicity": "periodic"
  },
  {
    "equity_ticker": "CELH",
    "geography": "US",
    "content_name": "Status Update - April 21, 2020",
    "file_type": "pdf",
    "content_type": "company_conference_transcript",
    "published_date": "2020-04-21",
    "fiscal_date": "2020-04-21",
    "fiscal_year": null,
    "fiscal_quarter": null,
    "r2_url": "https://pub-2c783279b61043e19fbdadd1bee5153a.r2.dev/CELH/2020-04-21/Celsius%20Holdings%2C%20Inc._2020-04-21_transcript/Celsius%20Holdings%2C%20Inc._2020-04-21_transcript.pdf/Celsius%20Holdings%2C%20Inc._2020-04-21_transcript.pdf",
    "periodicity": "non_periodic"
  },
  {
    "equity_ticker": "CELH",
    "geography": "US",
    "content_name": "CELH Q4 2019 Transcript",
    "file_type": "pdf",
    "content_type": "earnings_transcript",
    "published_date": "2020-03-12",
    "fiscal_date": "2020-03-12",
    "fiscal_year": 2019,
    "fiscal_quarter": 4,
    "r2_url": "https://pub-2c783279b61043e19fbdadd1bee5153a.r2.dev/CELH/2020-03-12/Celsius%20Holdings%2C%20Inc._2020-03-12_transcript/Celsius%20Holdings%2C%20Inc._2020-03-12_transcript.pdf/Celsius%20Holdings%2C%20Inc._2020-03-12_transcript.pdf",
    "periodicity": "periodic"
  },
  {
    "equity_ticker": "CELH",
    "geography": "US",
    "content_name": "CELH Q4 2019 Press Release",
    "file_type": "pdf",
    "content_type": "earnings_press_release",
    "published_date": "2020-03-12",
    "fiscal_date": "2020-03-12",
    "fiscal_year": 2019,
    "fiscal_quarter": 4,
    "r2_url": "https://pub-2c783279b61043e19fbdadd1bee5153a.r2.dev/CELH/2020-03-12/5d2ae-2025-02-19-09-33-26/5d2ae-2025-02-19-09-33-26.pdf/5d2ae-2025-02-19-09-33-26.pdf",
    "periodicity": "periodic"
  },
  {
    "equity_ticker": "CELH",
    "geography": "US",
    "content_name": "CELH Q3 2019 Transcript",
    "file_type": "pdf",
    "content_type": "earnings_transcript",
    "published_date": "2019-11-07",
    "fiscal_date": "2019-11-07",
    "fiscal_year": 2019,
    "fiscal_quarter": 3,
    "r2_url": "https://pub-2c783279b61043e19fbdadd1bee5153a.r2.dev/CELH/2019-11-07/Celsius%20Holdings%2C%20Inc._2019-11-07_transcript/Celsius%20Holdings%2C%20Inc._2019-11-07_transcript.pdf/Celsius%20Holdings%2C%20Inc._2019-11-07_transcript.pdf",
    "periodicity": "periodic"
  },
  {
    "equity_ticker": "CELH",
    "geography": "US",
    "content_name": "CELH Q3 2019 Press Release",
    "file_type": "pdf",
    "content_type": "quarterly_report",
    "published_date": "2019-11-07",
    "fiscal_date": "2019-11-07",
    "fiscal_year": 2019,
    "fiscal_quarter": 3,
    "r2_url": "https://pub-2c783279b61043e19fbdadd1bee5153a.r2.dev/CELH/2019-11-07/921e0-2024-08-28-06-34-36/921e0-2024-08-28-06-34-36.pdf/921e0-2024-08-28-06-34-36.pdf",
    "periodicity": "periodic"
  },
  {
    "equity_ticker": "CELH",
    "geography": "US",
    "content_name": "CELH Q2 2019 Transcript",
    "file_type": "pdf",
    "content_type": "earnings_transcript",
    "published_date": "2019-08-08",
    "fiscal_date": "2019-08-08",
    "fiscal_year": 2019,
    "fiscal_quarter": 2,
    "r2_url": "https://pub-2c783279b61043e19fbdadd1bee5153a.r2.dev/CELH/2019-08-08/Celsius%20Holdings%2C%20Inc._2019-08-08_transcript/Celsius%20Holdings%2C%20Inc._2019-08-08_transcript.pdf/Celsius%20Holdings%2C%20Inc._2019-08-08_transcript.pdf",
    "periodicity": "periodic"
  },
  {
    "equity_ticker": "CELH",
    "geography": "US",
    "content_name": "CELH Q2 2019 Press Release",
    "file_type": "pdf",
    "content_type": "quarterly_report",
    "published_date": "2019-08-08",
    "fiscal_date": "2019-08-08",
    "fiscal_year": 2019,
    "fiscal_quarter": 2,
    "r2_url": "https://pub-2c783279b61043e19fbdadd1bee5153a.r2.dev/CELH/2019-08-08/3f295-2024-08-28-06-40-36/3f295-2024-08-28-06-40-36.pdf/3f295-2024-08-28-06-40-36.pdf",
    "periodicity": "periodic"
  },
  {
    "equity_ticker": "CELH",
    "geography": "US",
    "content_name": "CELH Q1 2019 Transcript",
    "file_type": "pdf",
    "content_type": "earnings_transcript",
    "published_date": "2019-05-09",
    "fiscal_date": "2019-05-09",
    "fiscal_year": 2019,
    "fiscal_quarter": 1,
    "r2_url": "https://pub-2c783279b61043e19fbdadd1bee5153a.r2.dev/CELH/2019-05-09/Celsius%20Holdings%2C%20Inc._2019-05-09_transcript/Celsius%20Holdings%2C%20Inc._2019-05-09_transcript.pdf/Celsius%20Holdings%2C%20Inc._2019-05-09_transcript.pdf",
    "periodicity": "periodic"
  },
  {
    "equity_ticker": "CELH",
    "geography": "US",
    "content_name": "CELH Q1 2019 Press Release",
    "file_type": "pdf",
    "content_type": "quarterly_report",
    "published_date": "2019-05-09",
    "fiscal_date": "2019-05-09",
    "fiscal_year": 2019,
    "fiscal_quarter": 1,
    "r2_url": "https://pub-2c783279b61043e19fbdadd1bee5153a.r2.dev/CELH/2019-05-09/05db4-2024-08-28-06-42-36/05db4-2024-08-28-06-42-36.pdf/05db4-2024-08-28-06-42-36.pdf",
    "periodicity": "periodic"
  },
  {
    "equity_ticker": "CELH",
    "geography": "US",
    "content_name": "CELH Q4 2018 Transcript",
    "file_type": "pdf",
    "content_type": "earnings_transcript",
    "published_date": "2019-03-14",
    "fiscal_date": "2019-03-14",
    "fiscal_year": 2018,
    "fiscal_quarter": 4,
    "r2_url": "https://pub-2c783279b61043e19fbdadd1bee5153a.r2.dev/CELH/2019-03-14/Celsius%20Holdings%2C%20Inc._2019-03-14_transcript/Celsius%20Holdings%2C%20Inc._2019-03-14_transcript.pdf/Celsius%20Holdings%2C%20Inc._2019-03-14_transcript.pdf",
    "periodicity": "periodic"
  },
  {
    "equity_ticker": "CELH",
    "geography": "US",
    "content_name": "CELH Q4 2018 Press Release",
    "file_type": "pdf",
    "content_type": "earnings_press_release",
    "published_date": "2019-03-14",
    "fiscal_date": "2019-03-14",
    "fiscal_year": 2018,
    "fiscal_quarter": 4,
    "r2_url": "https://pub-2c783279b61043e19fbdadd1bee5153a.r2.dev/CELH/2019-03-14/9d263-2023-07-18-07-57-57/9d263-2023-07-18-07-57-57.pdf/9d263-2023-07-18-07-57-57.pdf",
    "periodicity": "periodic"
  },
  {
    "equity_ticker": "CELH",
    "geography": "US",
    "content_name": "CELH Q3 2018 Transcript",
    "file_type": "pdf",
    "content_type": "earnings_transcript",
    "published_date": "2018-11-08",
    "fiscal_date": "2018-11-08",
    "fiscal_year": 2018,
    "fiscal_quarter": 3,
    "r2_url": "https://pub-2c783279b61043e19fbdadd1bee5153a.r2.dev/CELH/2018-11-08/Celsius%20Holdings%2C%20Inc._2018-11-08_transcript/Celsius%20Holdings%2C%20Inc._2018-11-08_transcript.pdf/Celsius%20Holdings%2C%20Inc._2018-11-08_transcript.pdf",
    "periodicity": "periodic"
  },
  {
    "equity_ticker": "CELH",
    "geography": "US",
    "content_name": "CELH Q3 2018 Press Release",
    "file_type": "pdf",
    "content_type": "earnings_press_release",
    "published_date": "2018-11-08",
    "fiscal_date": "2018-11-08",
    "fiscal_year": 2018,
    "fiscal_quarter": 3,
    "r2_url": "https://pub-2c783279b61043e19fbdadd1bee5153a.r2.dev/CELH/2018-11-08/eb3af-2023-07-18-07-49-58/eb3af-2023-07-18-07-49-58.pdf/eb3af-2023-07-18-07-49-58.pdf",
    "periodicity": "periodic"
  },
  {
    "equity_ticker": "CELH",
    "geography": "US",
    "content_name": "CELH Q2 2018 Transcript",
    "file_type": "pdf",
    "content_type": "earnings_transcript",
    "published_date": "2018-08-09",
    "fiscal_date": "2018-08-09",
    "fiscal_year": 2018,
    "fiscal_quarter": 2,
    "r2_url": "https://pub-2c783279b61043e19fbdadd1bee5153a.r2.dev/CELH/2018-08-09/Celsius%20Holdings%2C%20Inc._2018-08-09_transcript/Celsius%20Holdings%2C%20Inc._2018-08-09_transcript.pdf/Celsius%20Holdings%2C%20Inc._2018-08-09_transcript.pdf",
    "periodicity": "periodic"
  },
  {
    "equity_ticker": "CELH",
    "geography": "US",
    "content_name": "CELH Q2 2018 Press Release",
    "file_type": "pdf",
    "content_type": "earnings_press_release",
    "published_date": "2018-08-09",
    "fiscal_date": "2018-08-09",
    "fiscal_year": 2018,
    "fiscal_quarter": 2,
    "r2_url": "https://pub-2c783279b61043e19fbdadd1bee5153a.r2.dev/CELH/2018-08-09/41350-2023-07-18-08-02-00/41350-2023-07-18-08-02-00.pdf/41350-2023-07-18-08-02-00.pdf",
    "periodicity": "periodic"
  },
  {
    "equity_ticker": "CELH",
    "geography": "US",
    "content_name": "CELH Q1 2018 Transcript",
    "file_type": "pdf",
    "content_type": "earnings_transcript",
    "published_date": "2018-05-10",
    "fiscal_date": "2018-05-10",
    "fiscal_year": 2018,
    "fiscal_quarter": 1,
    "r2_url": "https://pub-2c783279b61043e19fbdadd1bee5153a.r2.dev/CELH/2018-05-10/Celsius%20Holdings%2C%20Inc._2018-05-10_transcript/Celsius%20Holdings%2C%20Inc._2018-05-10_transcript.pdf/Celsius%20Holdings%2C%20Inc._2018-05-10_transcript.pdf",
    "periodicity": "periodic"
  },
  {
    "equity_ticker": "CELH",
    "geography": "US",
    "content_name": "CELH Q1 2018 Press Release",
    "file_type": "pdf",
    "content_type": "earnings_press_release",
    "published_date": "2018-05-10",
    "fiscal_date": "2018-05-10",
    "fiscal_year": 2018,
    "fiscal_quarter": 1,
    "r2_url": "https://pub-2c783279b61043e19fbdadd1bee5153a.r2.dev/CELH/2018-05-10/7868e-2023-07-18-08-11-01/7868e-2023-07-18-08-11-01.pdf/7868e-2023-07-18-08-11-01.pdf",
    "periodicity": "periodic"
  },
  {
    "equity_ticker": "CELH",
    "geography": "US",
    "content_name": "CELH Q4 2017 Transcript",
    "file_type": "pdf",
    "content_type": "earnings_transcript",
    "published_date": "2018-03-08",
    "fiscal_date": "2018-03-08",
    "fiscal_year": 2017,
    "fiscal_quarter": 4,
    "r2_url": "https://pub-2c783279b61043e19fbdadd1bee5153a.r2.dev/CELH/2018-03-08/Celsius%20Holdings%2C%20Inc._2018-03-08_transcript/Celsius%20Holdings%2C%20Inc._2018-03-08_transcript.pdf/Celsius%20Holdings%2C%20Inc._2018-03-08_transcript.pdf",
    "periodicity": "periodic"
  },
  {
    "equity_ticker": "CELH",
    "geography": "US",
    "content_name": "CELH Q4 2017 Press Release",
    "file_type": "pdf",
    "content_type": "earnings_press_release",
    "published_date": "2018-03-08",
    "fiscal_date": "2018-03-08",
    "fiscal_year": 2017,
    "fiscal_quarter": 4,
    "r2_url": "https://pub-2c783279b61043e19fbdadd1bee5153a.r2.dev/CELH/2018-03-08/5bdd8-2023-07-26-02-31-00/5bdd8-2023-07-26-02-31-00.pdf/5bdd8-2023-07-26-02-31-00.pdf",
    "periodicity": "periodic"
  },
  {
    "equity_ticker": "CELH",
    "geography": "US",
    "content_name": "CELH Q3 2017 Transcript",
    "file_type": "pdf",
    "content_type": "earnings_transcript",
    "published_date": "2017-11-08",
    "fiscal_date": "2017-11-08",
    "fiscal_year": 2017,
    "fiscal_quarter": 3,
    "r2_url": "https://pub-2c783279b61043e19fbdadd1bee5153a.r2.dev/CELH/2017-11-08/Celsius%20Holdings%2C%20Inc._2017-11-08_transcript/Celsius%20Holdings%2C%20Inc._2017-11-08_transcript.pdf/Celsius%20Holdings%2C%20Inc._2017-11-08_transcript.pdf",
    "periodicity": "periodic"
  },
  {
    "equity_ticker": "CELH",
    "geography": "US",
    "content_name": "CELH Q3 2017 Press Release",
    "file_type": "pdf",
    "content_type": "earnings_press_release",
    "published_date": "2017-11-08",
    "fiscal_date": "2017-11-08",
    "fiscal_year": 2017,
    "fiscal_quarter": 3,
    "r2_url": "https://pub-2c783279b61043e19fbdadd1bee5153a.r2.dev/CELH/2017-11-08/85ff6-2023-07-26-01-48-59/85ff6-2023-07-26-01-48-59.pdf/85ff6-2023-07-26-01-48-59.pdf",
    "periodicity": "periodic"
  },
  {
    "equity_ticker": "CELH",
    "geography": "US",
    "content_name": "CELH Q2 2017 Transcript",
    "file_type": "pdf",
    "content_type": "earnings_transcript",
    "published_date": "2017-08-09",
    "fiscal_date": "2017-08-09",
    "fiscal_year": 2017,
    "fiscal_quarter": 2,
    "r2_url": "https://pub-2c783279b61043e19fbdadd1bee5153a.r2.dev/CELH/2017-08-09/Celsius%20Holdings%2C%20Inc._2017-08-09_transcript/Celsius%20Holdings%2C%20Inc._2017-08-09_transcript.pdf/Celsius%20Holdings%2C%20Inc._2017-08-09_transcript.pdf",
    "periodicity": "periodic"
  },
  {
    "equity_ticker": "CELH",
    "geography": "US",
    "content_name": "CELH Q2 2017 Press Release",
    "file_type": "pdf",
    "content_type": "earnings_press_release",
    "published_date": "2017-08-09",
    "fiscal_date": "2017-08-09",
    "fiscal_year": 2017,
    "fiscal_quarter": 2,
    "r2_url": "https://pub-2c783279b61043e19fbdadd1bee5153a.r2.dev/CELH/2017-08-09/20335-2023-07-18-08-55-06/20335-2023-07-18-08-55-06.pdf/20335-2023-07-18-08-55-06.pdf",
    "periodicity": "periodic"
  },
  {
    "equity_ticker": "CELH",
    "geography": "US",
    "content_name": "CELH Q1 2017 Transcript",
    "file_type": "pdf",
    "content_type": "earnings_transcript",
    "published_date": "2017-05-11",
    "fiscal_date": "2017-05-11",
    "fiscal_year": 2017,
    "fiscal_quarter": 1,
    "r2_url": "https://pub-2c783279b61043e19fbdadd1bee5153a.r2.dev/CELH/2017-05-11/Celsius%20Holdings%2C%20Inc._2017-05-11_transcript/Celsius%20Holdings%2C%20Inc._2017-05-11_transcript.pdf/Celsius%20Holdings%2C%20Inc._2017-05-11_transcript.pdf",
    "periodicity": "periodic"
  },
  {
    "equity_ticker": "CELH",
    "geography": "US",
    "content_name": "CELH Q1 2017 Press Release",
    "file_type": "pdf",
    "content_type": "earnings_press_release",
    "published_date": "2017-05-11",
    "fiscal_date": "2017-05-11",
    "fiscal_year": 2017,
    "fiscal_quarter": 1,
    "r2_url": "https://pub-2c783279b61043e19fbdadd1bee5153a.r2.dev/CELH/2017-05-11/19ee9-2023-07-18-08-54-07/19ee9-2023-07-18-08-54-07.pdf/19ee9-2023-07-18-08-54-07.pdf",
    "periodicity": "periodic"
  },
  {
    "equity_ticker": "CELH",
    "geography": "US",
    "content_name": "CELH Q4 2016 Transcript",
    "file_type": "pdf",
    "content_type": "earnings_transcript",
    "published_date": "2017-03-30",
    "fiscal_date": "2017-03-30",
    "fiscal_year": 2016,
    "fiscal_quarter": 4,
    "r2_url": "https://pub-2c783279b61043e19fbdadd1bee5153a.r2.dev/CELH/2017-03-30/Celsius%20Holdings%2C%20Inc._2017-03-30_transcript/Celsius%20Holdings%2C%20Inc._2017-03-30_transcript.pdf/Celsius%20Holdings%2C%20Inc._2017-03-30_transcript.pdf",
    "periodicity": "periodic"
  },
  {
    "equity_ticker": "CELH",
    "geography": "US",
    "content_name": "CELH Q4 2016 Press Release",
    "file_type": "pdf",
    "content_type": "earnings_press_release",
    "published_date": "2017-03-30",
    "fiscal_date": "2017-03-30",
    "fiscal_year": 2016,
    "fiscal_quarter": 4,
    "r2_url": "https://pub-2c783279b61043e19fbdadd1bee5153a.r2.dev/CELH/2017-03-30/ca8b2-2023-07-18-08-58-08/ca8b2-2023-07-18-08-58-08.pdf/ca8b2-2023-07-18-08-58-08.pdf",
    "periodicity": "periodic"
  },
  {
    "equity_ticker": "CELH",
    "geography": "US",
    "content_name": "CELH Q3 2016 Transcript",
    "file_type": "pdf",
    "content_type": "earnings_transcript",
    "published_date": "2016-11-11",
    "fiscal_date": "2016-11-11",
    "fiscal_year": 2016,
    "fiscal_quarter": 3,
    "r2_url": "https://pub-2c783279b61043e19fbdadd1bee5153a.r2.dev/CELH/2016-11-11/Celsius%20Holdings%2C%20Inc._2016-11-11_transcript/Celsius%20Holdings%2C%20Inc._2016-11-11_transcript.pdf/Celsius%20Holdings%2C%20Inc._2016-11-11_transcript.pdf",
    "periodicity": "periodic"
  },
  {
    "equity_ticker": "CELH",
    "geography": "US",
    "content_name": "CELH Q3 2010 Transcript",
    "file_type": "pdf",
    "content_type": "earnings_transcript",
    "published_date": "2010-11-11",
    "fiscal_date": "2010-11-11",
    "fiscal_year": 2010,
    "fiscal_quarter": 3,
    "r2_url": "https://pub-2c783279b61043e19fbdadd1bee5153a.r2.dev/CELH/2010-11-11/Celsius%20Holdings%2C%20Inc._2010-11-11_transcript/Celsius%20Holdings%2C%20Inc._2010-11-11_transcript.pdf/Celsius%20Holdings%2C%20Inc._2010-11-11_transcript.pdf",
    "periodicity": "periodic"
  },
  {
    "equity_ticker": "CELH",
    "geography": "US",
    "content_name": "CELH Q1 2010 Transcript",
    "file_type": "pdf",
    "content_type": "earnings_transcript",
    "published_date": "2010-05-18",
    "fiscal_date": "2010-05-18",
    "fiscal_year": 2010,
    "fiscal_quarter": 1,
    "r2_url": "https://pub-2c783279b61043e19fbdadd1bee5153a.r2.dev/CELH/2010-05-18/Celsius%20Holdings%2C%20Inc._2010-05-18_transcript/Celsius%20Holdings%2C%20Inc._2010-05-18_transcript.pdf/Celsius%20Holdings%2C%20Inc._2010-05-18_transcript.pdf",
    "periodicity": "periodic"
  }
]