[
  {
    "equity_ticker": "COR",
    "geography": "US",
    "content_name": "COR Q1 2025 10-Q",
    "file_type": "pdf",
    "content_type": "quarterly_report",
    "published_date": "2025-02-05",
    "fiscal_date": "2024-12-31",
    "fiscal_year": 2025,
    "fiscal_quarter": 1,
    "r2_url": "https://pub-2c783279b61043e19fbdadd1bee5153a.r2.dev/COR/2025-02-05/cor-20241231.htm/cor-20241231.pdf",
    "periodicity": "periodic"
  },
  {
    "equity_ticker": "COR",
    "geography": "US",
    "content_name": "COR Q4 2024 10-K",
    "file_type": "pdf",
    "content_type": "annual_report",
    "published_date": "2024-11-26",
    "fiscal_date": "2024-09-30",
    "fiscal_year": 2024,
    "fiscal_quarter": 4,
    "r2_url": "https://pub-2c783279b61043e19fbdadd1bee5153a.r2.dev/COR/2024-11-26/cor-20240930.htm/cor-20240930.pdf",
    "periodicity": "periodic"
  },
  {
    "equity_ticker": "COR",
    "geography": "US",
    "content_name": "COR Q3 2024 10-Q",
    "file_type": "pdf",
    "content_type": "quarterly_report",
    "published_date": "2024-07-31",
    "fiscal_date": "2024-06-30",
    "fiscal_year": 2024,
    "fiscal_quarter": 3,
    "r2_url": "https://pub-2c783279b61043e19fbdadd1bee5153a.r2.dev/COR/2024-07-31/cor-20240630.htm/cor-20240630.pdf",
    "periodicity": "periodic"
  },
  {
    "equity_ticker": "COR",
    "geography": "US",
    "content_name": "COR Q2 2024 10-Q",
    "file_type": "pdf",
    "content_type": "quarterly_report",
    "published_date": "2024-05-01",
    "fiscal_date": "2024-03-31",
    "fiscal_year": 2024,
    "fiscal_quarter": 2,
    "r2_url": "https://pub-2c783279b61043e19fbdadd1bee5153a.r2.dev/COR/2024-05-01/cor-20240331.htm/cor-20240331.pdf",
    "periodicity": "periodic"
  },
  {
    "equity_ticker": "COR",
    "geography": "US",
    "content_name": "COR Q1 2024 10-Q",
    "file_type": "pdf",
    "content_type": "quarterly_report",
    "published_date": "2024-01-31",
    "fiscal_date": "2023-12-31",
    "fiscal_year": 2024,
    "fiscal_quarter": 1,
    "r2_url": "https://pub-2c783279b61043e19fbdadd1bee5153a.r2.dev/COR/2024-01-31/cor-20231231.htm/cor-20231231.pdf",
    "periodicity": "periodic"
  },
  {
    "equity_ticker": "COR",
    "geography": "US",
    "content_name": "COR Q4 2023 10-K",
    "file_type": "pdf",
    "content_type": "annual_report",
    "published_date": "2023-11-21",
    "fiscal_date": "2023-09-30",
    "fiscal_year": 2023,
    "fiscal_quarter": 4,
    "r2_url": "https://pub-2c783279b61043e19fbdadd1bee5153a.r2.dev/COR/2023-11-21/cor-20230930.htm/cor-20230930.pdf",
    "periodicity": "periodic"
  },
  {
    "equity_ticker": "COR",
    "geography": "US",
    "content_name": "COR Q3 2023 10-Q",
    "file_type": "pdf",
    "content_type": "quarterly_report",
    "published_date": "2023-08-02",
    "fiscal_date": "2023-06-30",
    "fiscal_year": 2023,
    "fiscal_quarter": 3,
    "r2_url": "https://pub-2c783279b61043e19fbdadd1bee5153a.r2.dev/COR/2023-08-02/abc-20230630.htm/abc-20230630.pdf",
    "periodicity": "periodic"
  },
  {
    "equity_ticker": "COR",
    "geography": "US",
    "content_name": "COR Q2 2023 10-Q",
    "file_type": "pdf",
    "content_type": "quarterly_report",
    "published_date": "2023-05-02",
    "fiscal_date": "2023-03-31",
    "fiscal_year": 2023,
    "fiscal_quarter": 2,
    "r2_url": "https://pub-2c783279b61043e19fbdadd1bee5153a.r2.dev/COR/2023-05-02/abc-20230331.htm/abc-20230331.pdf",
    "periodicity": "periodic"
  },
  {
    "equity_ticker": "COR",
    "geography": "US",
    "content_name": "COR Q1 2023 10-Q",
    "file_type": "pdf",
    "content_type": "quarterly_report",
    "published_date": "2023-02-01",
    "fiscal_date": "2022-12-31",
    "fiscal_year": 2023,
    "fiscal_quarter": 1,
    "r2_url": "https://pub-2c783279b61043e19fbdadd1bee5153a.r2.dev/COR/2023-02-01/abc-20221231.htm/abc-20221231.pdf",
    "periodicity": "periodic"
  },
  {
    "equity_ticker": "COR",
    "geography": "US",
    "content_name": "COR Q4 2022 10-K",
    "file_type": "pdf",
    "content_type": "annual_report",
    "published_date": "2022-11-22",
    "fiscal_date": "2022-09-30",
    "fiscal_year": 2022,
    "fiscal_quarter": 4,
    "r2_url": "https://pub-2c783279b61043e19fbdadd1bee5153a.r2.dev/COR/2022-11-22/abc-20220930.htm/abc-20220930.pdf",
    "periodicity": "periodic"
  },
  {
    "equity_ticker": "COR",
    "geography": "US",
    "content_name": "COR Q3 2022 10-Q",
    "file_type": "pdf",
    "content_type": "quarterly_report",
    "published_date": "2022-08-03",
    "fiscal_date": "2022-06-30",
    "fiscal_year": 2022,
    "fiscal_quarter": 3,
    "r2_url": "https://pub-2c783279b61043e19fbdadd1bee5153a.r2.dev/COR/2022-08-03/abc-20220630.htm/abc-20220630.pdf",
    "periodicity": "periodic"
  },
  {
    "equity_ticker": "COR",
    "geography": "US",
    "content_name": "COR Q2 2022 10-Q",
    "file_type": "pdf",
    "content_type": "quarterly_report",
    "published_date": "2022-05-04",
    "fiscal_date": "2022-03-31",
    "fiscal_year": 2022,
    "fiscal_quarter": 2,
    "r2_url": "https://pub-2c783279b61043e19fbdadd1bee5153a.r2.dev/COR/2022-05-04/abc-20220331.htm/abc-20220331.pdf",
    "periodicity": "periodic"
  },
  {
    "equity_ticker": "COR",
    "geography": "US",
    "content_name": "COR Q1 2022 10-Q",
    "file_type": "pdf",
    "content_type": "quarterly_report",
    "published_date": "2022-02-02",
    "fiscal_date": "2021-12-31",
    "fiscal_year": 2022,
    "fiscal_quarter": 1,
    "r2_url": "https://pub-2c783279b61043e19fbdadd1bee5153a.r2.dev/COR/2022-02-02/abc-20211231.htm/abc-20211231.pdf",
    "periodicity": "periodic"
  },
  {
    "equity_ticker": "COR",
    "geography": "US",
    "content_name": "COR Q4 2021 10-K",
    "file_type": "pdf",
    "content_type": "annual_report",
    "published_date": "2021-11-23",
    "fiscal_date": "2021-09-30",
    "fiscal_year": 2021,
    "fiscal_quarter": 4,
    "r2_url": "https://pub-2c783279b61043e19fbdadd1bee5153a.r2.dev/COR/2021-11-23/abc-20210930.htm/abc-20210930.pdf",
    "periodicity": "periodic"
  },
  {
    "equity_ticker": "COR",
    "geography": "US",
    "content_name": "COR Q3 2021 10-Q",
    "file_type": "pdf",
    "content_type": "quarterly_report",
    "published_date": "2021-10-29",
    "fiscal_date": "2021-09-30",
    "fiscal_year": 2021,
    "fiscal_quarter": 3,
    "r2_url": "https://pub-2c783279b61043e19fbdadd1bee5153a.r2.dev/COR/2021-10-29/cor-20210930x10q.htm/cor-20210930x10q.pdf",
    "periodicity": "periodic"
  },
  {
    "equity_ticker": "COR",
    "geography": "US",
    "content_name": "COR Q2 2021 10-Q",
    "file_type": "pdf",
    "content_type": "quarterly_report",
    "published_date": "2021-08-04",
    "fiscal_date": "2021-06-30",
    "fiscal_year": 2021,
    "fiscal_quarter": 2,
    "r2_url": "https://pub-2c783279b61043e19fbdadd1bee5153a.r2.dev/COR/2021-08-04/abc-20210630.htm/abc-20210630.pdf",
    "periodicity": "periodic"
  },
  {
    "equity_ticker": "COR",
    "geography": "US",
    "content_name": "COR Q1 2021 10-Q",
    "file_type": "pdf",
    "content_type": "quarterly_report",
    "published_date": "2021-07-30",
    "fiscal_date": "2021-06-30",
    "fiscal_year": 2021,
    "fiscal_quarter": 1,
    "r2_url": "https://pub-2c783279b61043e19fbdadd1bee5153a.r2.dev/COR/2021-07-30/cor-20210630x10q.htm/cor-20210630x10q.pdf",
    "periodicity": "periodic"
  },
  {
    "equity_ticker": "COR",
    "geography": "US",
    "content_name": "COR Q4 2021 10-Q",
    "file_type": "pdf",
    "content_type": "quarterly_report",
    "published_date": "2021-05-05",
    "fiscal_date": "2021-03-31",
    "fiscal_year": 2021,
    "fiscal_quarter": 4,
    "r2_url": "https://pub-2c783279b61043e19fbdadd1bee5153a.r2.dev/COR/2021-05-05/abc-20210331.htm/abc-20210331.pdf",
    "periodicity": "periodic"
  },
  {
    "equity_ticker": "COR",
    "geography": "US",
    "content_name": "COR Q3 2021 10-Q",
    "file_type": "pdf",
    "content_type": "quarterly_report",
    "published_date": "2021-04-30",
    "fiscal_date": "2021-03-31",
    "fiscal_year": 2021,
    "fiscal_quarter": 3,
    "r2_url": "https://pub-2c783279b61043e19fbdadd1bee5153a.r2.dev/COR/2021-04-30/cor-20210331x10q.htm/cor-20210331x10q.pdf",
    "periodicity": "periodic"
  },
  {
    "equity_ticker": "COR",
    "geography": "US",
    "content_name": "COR Q2 2021 10-K",
    "file_type": "pdf",
    "content_type": "annual_report",
    "published_date": "2021-02-05",
    "fiscal_date": "2020-12-31",
    "fiscal_year": 2021,
    "fiscal_quarter": 2,
    "r2_url": "https://pub-2c783279b61043e19fbdadd1bee5153a.r2.dev/COR/2021-02-05/cor-20201231x10k.htm/cor-20201231x10k.pdf",
    "periodicity": "periodic"
  },
  {
    "equity_ticker": "COR",
    "geography": "US",
    "content_name": "COR Q1 2021 10-Q",
    "file_type": "pdf",
    "content_type": "quarterly_report",
    "published_date": "2021-02-04",
    "fiscal_date": "2020-12-31",
    "fiscal_year": 2021,
    "fiscal_quarter": 1,
    "r2_url": "https://pub-2c783279b61043e19fbdadd1bee5153a.r2.dev/COR/2021-02-04/abc-20201231.htm/abc-20201231.pdf",
    "periodicity": "periodic"
  },
  {
    "equity_ticker": "COR",
    "geography": "US",
    "content_name": "COR Q4 2020 10-K",
    "file_type": "pdf",
    "content_type": "annual_report",
    "published_date": "2020-11-19",
    "fiscal_date": "2020-09-30",
    "fiscal_year": 2020,
    "fiscal_quarter": 4,
    "r2_url": "https://pub-2c783279b61043e19fbdadd1bee5153a.r2.dev/COR/2020-11-19/abc-20200930.htm/abc-20200930.pdf",
    "periodicity": "periodic"
  },
  {
    "equity_ticker": "COR",
    "geography": "US",
    "content_name": "COR Q3 2020 10-Q",
    "file_type": "pdf",
    "content_type": "quarterly_report",
    "published_date": "2020-10-30",
    "fiscal_date": "2020-09-30",
    "fiscal_year": 2020,
    "fiscal_quarter": 3,
    "r2_url": "https://pub-2c783279b61043e19fbdadd1bee5153a.r2.dev/COR/2020-10-30/cor-20200930x10q.htm/cor-20200930x10q.pdf",
    "periodicity": "periodic"
  },
  {
    "equity_ticker": "COR",
    "geography": "US",
    "content_name": "COR Q2 2020 10-Q",
    "file_type": "pdf",
    "content_type": "quarterly_report",
    "published_date": "2020-08-05",
    "fiscal_date": "2020-06-30",
    "fiscal_year": 2020,
    "fiscal_quarter": 2,
    "r2_url": "https://pub-2c783279b61043e19fbdadd1bee5153a.r2.dev/COR/2020-08-05/abc-20200630.htm/ix.pdf",
    "periodicity": "periodic"
  },
  {
    "equity_ticker": "COR",
    "geography": "US",
    "content_name": "COR Q1 2020 10-Q",
    "file_type": "pdf",
    "content_type": "quarterly_report",
    "published_date": "2020-07-31",
    "fiscal_date": "2020-06-30",
    "fiscal_year": 2020,
    "fiscal_quarter": 1,
    "r2_url": "https://pub-2c783279b61043e19fbdadd1bee5153a.r2.dev/COR/2020-07-31/cor-20200630x10q.htm/ix.pdf",
    "periodicity": "periodic"
  },
  {
    "equity_ticker": "COR",
    "geography": "US",
    "content_name": "COR Q4 2020 10-Q",
    "file_type": "pdf",
    "content_type": "quarterly_report",
    "published_date": "2020-05-07",
    "fiscal_date": "2020-03-31",
    "fiscal_year": 2020,
    "fiscal_quarter": 4,
    "r2_url": "https://pub-2c783279b61043e19fbdadd1bee5153a.r2.dev/COR/2020-05-07/a10-qxq22020.htm/ix.pdf",
    "periodicity": "periodic"
  },
  {
    "equity_ticker": "COR",
    "geography": "US",
    "content_name": "COR Q3 2020 10-Q",
    "file_type": "pdf",
    "content_type": "quarterly_report",
    "published_date": "2020-05-01",
    "fiscal_date": "2020-03-31",
    "fiscal_year": 2020,
    "fiscal_quarter": 3,
    "r2_url": "https://pub-2c783279b61043e19fbdadd1bee5153a.r2.dev/COR/2020-05-01/cor-20200501x10q.htm/ix.pdf",
    "periodicity": "periodic"
  },
  {
    "equity_ticker": "COR",
    "geography": "US",
    "content_name": "COR Q2 2020 10-K",
    "file_type": "pdf",
    "content_type": "annual_report",
    "published_date": "2020-02-07",
    "fiscal_date": "2019-12-31",
    "fiscal_year": 2020,
    "fiscal_quarter": 2,
    "r2_url": "https://pub-2c783279b61043e19fbdadd1bee5153a.r2.dev/COR/2020-02-07/cor-20191231x10k0cf293.htm/ix.pdf",
    "periodicity": "periodic"
  },
  {
    "equity_ticker": "COR",
    "geography": "US",
    "content_name": "COR Q1 2020 10-Q",
    "file_type": "pdf",
    "content_type": "quarterly_report",
    "published_date": "2020-01-30",
    "fiscal_date": "2019-12-31",
    "fiscal_year": 2020,
    "fiscal_quarter": 1,
    "r2_url": "https://pub-2c783279b61043e19fbdadd1bee5153a.r2.dev/COR/2020-01-30/a10-qxq12020.htm/ix.pdf",
    "periodicity": "periodic"
  },
  {
    "equity_ticker": "COR",
    "geography": "US",
    "content_name": "COR Q4 2019 10-K",
    "file_type": "pdf",
    "content_type": "annual_report",
    "published_date": "2019-11-19",
    "fiscal_date": "2019-09-30",
    "fiscal_year": 2019,
    "fiscal_quarter": 4,
    "r2_url": "https://pub-2c783279b61043e19fbdadd1bee5153a.r2.dev/COR/2019-11-19/a10-kx9302019.htm/ix.pdf",
    "periodicity": "periodic"
  },
  {
    "equity_ticker": "COR",
    "geography": "US",
    "content_name": "COR Q3 2019 10-Q",
    "file_type": "pdf",
    "content_type": "quarterly_report",
    "published_date": "2019-11-01",
    "fiscal_date": "2019-09-30",
    "fiscal_year": 2019,
    "fiscal_quarter": 3,
    "r2_url": "https://pub-2c783279b61043e19fbdadd1bee5153a.r2.dev/COR/2019-11-01/cor-20190930x10q52e74e.htm/ix.pdf",
    "periodicity": "periodic"
  },
  {
    "equity_ticker": "COR",
    "geography": "US",
    "content_name": "COR Q2 2019 10-Q",
    "file_type": "pdf",
    "content_type": "quarterly_report",
    "published_date": "2019-08-01",
    "fiscal_date": "2019-06-30",
    "fiscal_year": 2019,
    "fiscal_quarter": 2,
    "r2_url": "https://pub-2c783279b61043e19fbdadd1bee5153a.r2.dev/COR/2019-08-01/a10-qxq32019.htm/ix.pdf",
    "periodicity": "periodic"
  },
  {
    "equity_ticker": "COR",
    "geography": "US",
    "content_name": "COR Q1 2019 10-Q",
    "file_type": "pdf",
    "content_type": "quarterly_report",
    "published_date": "2019-07-26",
    "fiscal_date": "2019-06-30",
    "fiscal_year": 2019,
    "fiscal_quarter": 1,
    "r2_url": "https://pub-2c783279b61043e19fbdadd1bee5153a.r2.dev/COR/2019-07-26/cor-20190630x10q.htm/ix.pdf",
    "periodicity": "periodic"
  },
  {
    "equity_ticker": "COR",
    "geography": "US",
    "content_name": "COR Q4 2019 10-Q",
    "file_type": "pdf",
    "content_type": "quarterly_report",
    "published_date": "2019-05-02",
    "fiscal_date": "2019-03-31",
    "fiscal_year": 2019,
    "fiscal_quarter": 4,
    "r2_url": "https://pub-2c783279b61043e19fbdadd1bee5153a.r2.dev/COR/2019-05-02/a10-qxq22019.htm/a10-qxq22019.pdf",
    "periodicity": "periodic"
  },
  {
    "equity_ticker": "COR",
    "geography": "US",
    "content_name": "COR Q3 2019 10-Q",
    "file_type": "pdf",
    "content_type": "quarterly_report",
    "published_date": "2019-04-26",
    "fiscal_date": "2019-03-31",
    "fiscal_year": 2019,
    "fiscal_quarter": 3,
    "r2_url": "https://pub-2c783279b61043e19fbdadd1bee5153a.r2.dev/COR/2019-04-26/cor-20190331x10q.htm/cor-20190331x10q.pdf",
    "periodicity": "periodic"
  },
  {
    "equity_ticker": "COR",
    "geography": "US",
    "content_name": "COR Q2 2019 10-K",
    "file_type": "pdf",
    "content_type": "annual_report",
    "published_date": "2019-02-08",
    "fiscal_date": "2018-12-31",
    "fiscal_year": 2019,
    "fiscal_quarter": 2,
    "r2_url": "https://pub-2c783279b61043e19fbdadd1bee5153a.r2.dev/COR/2019-02-08/cor-20181231x10k.htm/cor-20181231x10k.pdf",
    "periodicity": "periodic"
  },
  {
    "equity_ticker": "COR",
    "geography": "US",
    "content_name": "COR Q1 2019 10-Q",
    "file_type": "pdf",
    "content_type": "quarterly_report",
    "published_date": "2019-01-31",
    "fiscal_date": "2018-12-31",
    "fiscal_year": 2019,
    "fiscal_quarter": 1,
    "r2_url": "https://pub-2c783279b61043e19fbdadd1bee5153a.r2.dev/COR/2019-01-31/a10-qxq12019.htm/a10-qxq12019.pdf",
    "periodicity": "periodic"
  },
  {
    "equity_ticker": "COR",
    "geography": "US",
    "content_name": "COR Q4 2018 10-K",
    "file_type": "pdf",
    "content_type": "annual_report",
    "published_date": "2018-11-20",
    "fiscal_date": "2018-09-30",
    "fiscal_year": 2018,
    "fiscal_quarter": 4,
    "r2_url": "https://pub-2c783279b61043e19fbdadd1bee5153a.r2.dev/COR/2018-11-20/a10-kx9302018.htm/a10-kx9302018.pdf",
    "periodicity": "periodic"
  },
  {
    "equity_ticker": "COR",
    "geography": "US",
    "content_name": "COR Q3 2018 10-Q",
    "file_type": "pdf",
    "content_type": "quarterly_report",
    "published_date": "2018-10-26",
    "fiscal_date": "2018-09-30",
    "fiscal_year": 2018,
    "fiscal_quarter": 3,
    "r2_url": "https://pub-2c783279b61043e19fbdadd1bee5153a.r2.dev/COR/2018-10-26/cor-20180930x10q.htm/cor-20180930x10q.pdf",
    "periodicity": "periodic"
  },
  {
    "equity_ticker": "COR",
    "geography": "US",
    "content_name": "COR Q2 2018 10-Q",
    "file_type": "pdf",
    "content_type": "quarterly_report",
    "published_date": "2018-08-02",
    "fiscal_date": "2018-06-30",
    "fiscal_year": 2018,
    "fiscal_quarter": 2,
    "r2_url": "https://pub-2c783279b61043e19fbdadd1bee5153a.r2.dev/COR/2018-08-02/a10-qxq32018.htm/a10-qxq32018.pdf",
    "periodicity": "periodic"
  },
  {
    "equity_ticker": "COR",
    "geography": "US",
    "content_name": "COR Q1 2018 10-Q",
    "file_type": "pdf",
    "content_type": "quarterly_report",
    "published_date": "2018-07-27",
    "fiscal_date": "2018-06-30",
    "fiscal_year": 2018,
    "fiscal_quarter": 1,
    "r2_url": "https://pub-2c783279b61043e19fbdadd1bee5153a.r2.dev/COR/2018-07-27/cor-20180630x10q.htm/cor-20180630x10q.pdf",
    "periodicity": "periodic"
  },
  {
    "equity_ticker": "COR",
    "geography": "US",
    "content_name": "COR Q4 2018 10-Q",
    "file_type": "pdf",
    "content_type": "quarterly_report",
    "published_date": "2018-05-02",
    "fiscal_date": "2018-03-31",
    "fiscal_year": 2018,
    "fiscal_quarter": 4,
    "r2_url": "https://pub-2c783279b61043e19fbdadd1bee5153a.r2.dev/COR/2018-05-02/a10-qxq22018.htm/a10-qxq22018.pdf",
    "periodicity": "periodic"
  },
  {
    "equity_ticker": "COR",
    "geography": "US",
    "content_name": "COR Q3 2018 10-Q",
    "file_type": "pdf",
    "content_type": "quarterly_report",
    "published_date": "2018-04-27",
    "fiscal_date": "2018-03-31",
    "fiscal_year": 2018,
    "fiscal_quarter": 3,
    "r2_url": "https://pub-2c783279b61043e19fbdadd1bee5153a.r2.dev/COR/2018-04-27/cor-20180331x10q.htm/cor-20180331x10q.pdf",
    "periodicity": "periodic"
  },
  {
    "equity_ticker": "COR",
    "geography": "US",
    "content_name": "COR Q2 2018 10-K",
    "file_type": "pdf",
    "content_type": "annual_report",
    "published_date": "2018-02-09",
    "fiscal_date": "2017-12-31",
    "fiscal_year": 2018,
    "fiscal_quarter": 2,
    "r2_url": "https://pub-2c783279b61043e19fbdadd1bee5153a.r2.dev/COR/2018-02-09/cor-20171231x10k.htm/cor-20171231x10k.pdf",
    "periodicity": "periodic"
  },
  {
    "equity_ticker": "COR",
    "geography": "US",
    "content_name": "COR Q1 2018 10-Q",
    "file_type": "pdf",
    "content_type": "quarterly_report",
    "published_date": "2018-02-06",
    "fiscal_date": "2017-12-31",
    "fiscal_year": 2018,
    "fiscal_quarter": 1,
    "r2_url": "https://pub-2c783279b61043e19fbdadd1bee5153a.r2.dev/COR/2018-02-06/a10-qxq12018.htm/a10-qxq12018.pdf",
    "periodicity": "periodic"
  },
  {
    "equity_ticker": "COR",
    "geography": "US",
    "content_name": "COR Q4 2017 10-K",
    "file_type": "pdf",
    "content_type": "annual_report",
    "published_date": "2017-11-21",
    "fiscal_date": "2017-09-30",
    "fiscal_year": 2017,
    "fiscal_quarter": 4,
    "r2_url": "https://pub-2c783279b61043e19fbdadd1bee5153a.r2.dev/COR/2017-11-21/abc10-kxseptember302017.htm/abc10-kxseptember302017.pdf",
    "periodicity": "periodic"
  },
  {
    "equity_ticker": "COR",
    "geography": "US",
    "content_name": "COR Q3 2017 10-Q",
    "file_type": "pdf",
    "content_type": "quarterly_report",
    "published_date": "2017-10-27",
    "fiscal_date": "2017-09-30",
    "fiscal_year": 2017,
    "fiscal_quarter": 3,
    "r2_url": "https://pub-2c783279b61043e19fbdadd1bee5153a.r2.dev/COR/2017-10-27/cor-20170930x10q.htm/cor-20170930x10q.pdf",
    "periodicity": "periodic"
  },
  {
    "equity_ticker": "COR",
    "geography": "US",
    "content_name": "COR Q2 2017 10-Q",
    "file_type": "pdf",
    "content_type": "quarterly_report",
    "published_date": "2017-08-03",
    "fiscal_date": "2017-06-30",
    "fiscal_year": 2017,
    "fiscal_quarter": 2,
    "r2_url": "https://pub-2c783279b61043e19fbdadd1bee5153a.r2.dev/COR/2017-08-03/abc10-qx6302017.htm/abc10-qx6302017.pdf",
    "periodicity": "periodic"
  },
  {
    "equity_ticker": "COR",
    "geography": "US",
    "content_name": "COR Q1 2017 10-Q",
    "file_type": "pdf",
    "content_type": "quarterly_report",
    "published_date": "2017-07-28",
    "fiscal_date": "2017-06-30",
    "fiscal_year": 2017,
    "fiscal_quarter": 1,
    "r2_url": "https://pub-2c783279b61043e19fbdadd1bee5153a.r2.dev/COR/2017-07-28/cor-20170630x10q.htm/cor-20170630x10q.pdf",
    "periodicity": "periodic"
  },
  {
    "equity_ticker": "COR",
    "geography": "US",
    "content_name": "COR Q4 2017 10-Q",
    "file_type": "pdf",
    "content_type": "quarterly_report",
    "published_date": "2017-05-04",
    "fiscal_date": "2017-03-31",
    "fiscal_year": 2017,
    "fiscal_quarter": 4,
    "r2_url": "https://pub-2c783279b61043e19fbdadd1bee5153a.r2.dev/COR/2017-05-04/abc10-qx3312017.htm/abc10-qx3312017.pdf",
    "periodicity": "periodic"
  },
  {
    "equity_ticker": "COR",
    "geography": "US",
    "content_name": "COR Q3 2017 10-Q",
    "file_type": "pdf",
    "content_type": "quarterly_report",
    "published_date": "2017-04-28",
    "fiscal_date": "2017-03-31",
    "fiscal_year": 2017,
    "fiscal_quarter": 3,
    "r2_url": "https://pub-2c783279b61043e19fbdadd1bee5153a.r2.dev/COR/2017-04-28/cor-20170331x10q.htm/cor-20170331x10q.pdf",
    "periodicity": "periodic"
  },
  {
    "equity_ticker": "COR",
    "geography": "US",
    "content_name": "COR Q2 2017 10-K",
    "file_type": "pdf",
    "content_type": "annual_report",
    "published_date": "2017-02-10",
    "fiscal_date": "2016-12-31",
    "fiscal_year": 2017,
    "fiscal_quarter": 2,
    "r2_url": "https://pub-2c783279b61043e19fbdadd1bee5153a.r2.dev/COR/2017-02-10/cor-20161231x10k.htm/cor-20161231x10k.pdf",
    "periodicity": "periodic"
  },
  {
    "equity_ticker": "COR",
    "geography": "US",
    "content_name": "COR Q1 2017 10-Q",
    "file_type": "pdf",
    "content_type": "quarterly_report",
    "published_date": "2017-01-31",
    "fiscal_date": "2016-12-31",
    "fiscal_year": 2017,
    "fiscal_quarter": 1,
    "r2_url": "https://pub-2c783279b61043e19fbdadd1bee5153a.r2.dev/COR/2017-01-31/abc-20161231x10q.htm/abc-20161231x10q.pdf",
    "periodicity": "periodic"
  },
  {
    "equity_ticker": "COR",
    "geography": "US",
    "content_name": "COR Q4 2016 10-K",
    "file_type": "pdf",
    "content_type": "annual_report",
    "published_date": "2016-11-22",
    "fiscal_date": "2016-09-30",
    "fiscal_year": 2016,
    "fiscal_quarter": 4,
    "r2_url": "https://pub-2c783279b61043e19fbdadd1bee5153a.r2.dev/COR/2016-11-22/abc10-kxseptember302016.htm/abc10-kxseptember302016.pdf",
    "periodicity": "periodic"
  },
  {
    "equity_ticker": "COR",
    "geography": "US",
    "content_name": "COR Q3 2016 10-Q",
    "file_type": "pdf",
    "content_type": "quarterly_report",
    "published_date": "2016-10-28",
    "fiscal_date": "2016-09-30",
    "fiscal_year": 2016,
    "fiscal_quarter": 3,
    "r2_url": "https://pub-2c783279b61043e19fbdadd1bee5153a.r2.dev/COR/2016-10-28/cor-20160930x10q.htm/cor-20160930x10q.pdf",
    "periodicity": "periodic"
  },
  {
    "equity_ticker": "COR",
    "geography": "US",
    "content_name": "COR Q2 2016 10-Q",
    "file_type": "pdf",
    "content_type": "quarterly_report",
    "published_date": "2016-08-02",
    "fiscal_date": "2016-06-30",
    "fiscal_year": 2016,
    "fiscal_quarter": 2,
    "r2_url": "https://pub-2c783279b61043e19fbdadd1bee5153a.r2.dev/COR/2016-08-02/abc-20160630x10q.htm/abc-20160630x10q.pdf",
    "periodicity": "periodic"
  },
  {
    "equity_ticker": "COR",
    "geography": "US",
    "content_name": "COR Q1 2016 10-Q",
    "file_type": "pdf",
    "content_type": "quarterly_report",
    "published_date": "2016-07-29",
    "fiscal_date": "2016-06-30",
    "fiscal_year": 2016,
    "fiscal_quarter": 1,
    "r2_url": "https://pub-2c783279b61043e19fbdadd1bee5153a.r2.dev/COR/2016-07-29/a16-11636_110q.htm/a16-11636_110q.pdf",
    "periodicity": "periodic"
  },
  {
    "equity_ticker": "COR",
    "geography": "US",
    "content_name": "COR Q4 2016 10-Q",
    "file_type": "pdf",
    "content_type": "quarterly_report",
    "published_date": "2016-05-05",
    "fiscal_date": "2016-03-31",
    "fiscal_year": 2016,
    "fiscal_quarter": 4,
    "r2_url": "https://pub-2c783279b61043e19fbdadd1bee5153a.r2.dev/COR/2016-05-05/a16-6920_110q.htm/a16-6920_110q.pdf",
    "periodicity": "periodic"
  },
  {
    "equity_ticker": "COR",
    "geography": "US",
    "content_name": "COR Q3 2016 10-Q",
    "file_type": "pdf",
    "content_type": "quarterly_report",
    "published_date": "2016-04-29",
    "fiscal_date": "2016-03-31",
    "fiscal_year": 2016,
    "fiscal_quarter": 3,
    "r2_url": "https://pub-2c783279b61043e19fbdadd1bee5153a.r2.dev/COR/2016-04-29/a16-6542_110q.htm/a16-6542_110q.pdf",
    "periodicity": "periodic"
  },
  {
    "equity_ticker": "COR",
    "geography": "US",
    "content_name": "COR Q2 2016 10-K",
    "file_type": "pdf",
    "content_type": "annual_report",
    "published_date": "2016-02-12",
    "fiscal_date": "2015-12-31",
    "fiscal_year": 2016,
    "fiscal_quarter": 2,
    "r2_url": "https://pub-2c783279b61043e19fbdadd1bee5153a.r2.dev/COR/2016-02-12/a2227284z10-k.htm/a2227284z10-k.pdf",
    "periodicity": "periodic"
  },
  {
    "equity_ticker": "COR",
    "geography": "US",
    "content_name": "COR Q1 2016 10-Q",
    "file_type": "pdf",
    "content_type": "quarterly_report",
    "published_date": "2016-02-04",
    "fiscal_date": "2015-12-31",
    "fiscal_year": 2016,
    "fiscal_quarter": 1,
    "r2_url": "https://pub-2c783279b61043e19fbdadd1bee5153a.r2.dev/COR/2016-02-04/a15-24181_110q.htm/a15-24181_110q.pdf",
    "periodicity": "periodic"
  },
  {
    "equity_ticker": "COR",
    "geography": "US",
    "content_name": "COR Q4 2015 10-K",
    "file_type": "pdf",
    "content_type": "annual_report",
    "published_date": "2015-11-24",
    "fiscal_date": "2015-09-30",
    "fiscal_year": 2015,
    "fiscal_quarter": 4,
    "r2_url": "https://pub-2c783279b61043e19fbdadd1bee5153a.r2.dev/COR/2015-11-24/a2226704z10-k.htm/a2226704z10-k.pdf",
    "periodicity": "periodic"
  },
  {
    "equity_ticker": "COR",
    "geography": "US",
    "content_name": "COR Q3 2015 10-Q",
    "file_type": "pdf",
    "content_type": "quarterly_report",
    "published_date": "2015-10-23",
    "fiscal_date": "2015-09-30",
    "fiscal_year": 2015,
    "fiscal_quarter": 3,
    "r2_url": "https://pub-2c783279b61043e19fbdadd1bee5153a.r2.dev/COR/2015-10-23/a15-17892_110q.htm/a15-17892_110q.pdf",
    "periodicity": "periodic"
  },
  {
    "equity_ticker": "COR",
    "geography": "US",
    "content_name": "COR Q2 2015 10-Q",
    "file_type": "pdf",
    "content_type": "quarterly_report",
    "published_date": "2015-08-06",
    "fiscal_date": "2015-06-30",
    "fiscal_year": 2015,
    "fiscal_quarter": 2,
    "r2_url": "https://pub-2c783279b61043e19fbdadd1bee5153a.r2.dev/COR/2015-08-06/a15-11846_110q.htm/a15-11846_110q.pdf",
    "periodicity": "periodic"
  },
  {
    "equity_ticker": "COR",
    "geography": "US",
    "content_name": "COR Q1 2015 10-Q",
    "file_type": "pdf",
    "content_type": "quarterly_report",
    "published_date": "2015-07-24",
    "fiscal_date": "2015-06-30",
    "fiscal_year": 2015,
    "fiscal_quarter": 1,
    "r2_url": "https://pub-2c783279b61043e19fbdadd1bee5153a.r2.dev/COR/2015-07-24/a15-11971_110q.htm/a15-11971_110q.pdf",
    "periodicity": "periodic"
  },
  {
    "equity_ticker": "COR",
    "geography": "US",
    "content_name": "COR Q4 2015 10-Q",
    "file_type": "pdf",
    "content_type": "quarterly_report",
    "published_date": "2015-05-08",
    "fiscal_date": "2015-03-31",
    "fiscal_year": 2015,
    "fiscal_quarter": 4,
    "r2_url": "https://pub-2c783279b61043e19fbdadd1bee5153a.r2.dev/COR/2015-05-08/a15-5951_110q.htm/a15-5951_110q.pdf",
    "periodicity": "periodic"
  },
  {
    "equity_ticker": "COR",
    "geography": "US",
    "content_name": "COR Q3 2015 10-Q",
    "file_type": "pdf",
    "content_type": "quarterly_report",
    "published_date": "2015-04-24",
    "fiscal_date": "2015-03-31",
    "fiscal_year": 2015,
    "fiscal_quarter": 3,
    "r2_url": "https://pub-2c783279b61043e19fbdadd1bee5153a.r2.dev/COR/2015-04-24/a15-7197_110q.htm/a15-7197_110q.pdf",
    "periodicity": "periodic"
  },
  {
    "equity_ticker": "COR",
    "geography": "US",
    "content_name": "COR Q2 2015 10-K",
    "file_type": "pdf",
    "content_type": "annual_report",
    "published_date": "2015-02-13",
    "fiscal_date": "2014-12-31",
    "fiscal_year": 2015,
    "fiscal_quarter": 2,
    "r2_url": "https://pub-2c783279b61043e19fbdadd1bee5153a.r2.dev/COR/2015-02-13/a2222961z10-k.htm/a2222961z10-k.pdf",
    "periodicity": "periodic"
  },
  {
    "equity_ticker": "COR",
    "geography": "US",
    "content_name": "COR Q1 2015 10-Q",
    "file_type": "pdf",
    "content_type": "quarterly_report",
    "published_date": "2015-02-06",
    "fiscal_date": "2014-12-31",
    "fiscal_year": 2015,
    "fiscal_quarter": 1,
    "r2_url": "https://pub-2c783279b61043e19fbdadd1bee5153a.r2.dev/COR/2015-02-06/a15-3703_110q.htm/a15-3703_110q.pdf",
    "periodicity": "periodic"
  },
  {
    "equity_ticker": "COR",
    "geography": "US",
    "content_name": "COR Q4 2014 10-K",
    "file_type": "pdf",
    "content_type": "annual_report",
    "published_date": "2014-11-25",
    "fiscal_date": "2014-09-30",
    "fiscal_year": 2014,
    "fiscal_quarter": 4,
    "r2_url": "https://pub-2c783279b61043e19fbdadd1bee5153a.r2.dev/COR/2014-11-25/a2222308z10-k.htm/a2222308z10-k.pdf",
    "periodicity": "periodic"
  },
  {
    "equity_ticker": "COR",
    "geography": "US",
    "content_name": "COR Q3 2014 10-Q",
    "file_type": "pdf",
    "content_type": "quarterly_report",
    "published_date": "2014-10-31",
    "fiscal_date": "2014-09-30",
    "fiscal_year": 2014,
    "fiscal_quarter": 3,
    "r2_url": "https://pub-2c783279b61043e19fbdadd1bee5153a.r2.dev/COR/2014-10-31/a14-19731_110q.htm/a14-19731_110q.pdf",
    "periodicity": "periodic"
  },
  {
    "equity_ticker": "COR",
    "geography": "US",
    "content_name": "COR Q2 2014 10-Q",
    "file_type": "pdf",
    "content_type": "quarterly_report",
    "published_date": "2014-08-07",
    "fiscal_date": "2014-06-30",
    "fiscal_year": 2014,
    "fiscal_quarter": 2,
    "r2_url": "https://pub-2c783279b61043e19fbdadd1bee5153a.r2.dev/COR/2014-08-07/a14-14233_110q.htm/a14-14233_110q.pdf",
    "periodicity": "periodic"
  },
  {
    "equity_ticker": "COR",
    "geography": "US",
    "content_name": "COR Q1 2014 10-Q",
    "file_type": "pdf",
    "content_type": "quarterly_report",
    "published_date": "2014-07-24",
    "fiscal_date": "2014-06-30",
    "fiscal_year": 2014,
    "fiscal_quarter": 1,
    "r2_url": "https://pub-2c783279b61043e19fbdadd1bee5153a.r2.dev/COR/2014-07-24/a14-14001_110q.htm/a14-14001_110q.pdf",
    "periodicity": "periodic"
  },
  {
    "equity_ticker": "COR",
    "geography": "US",
    "content_name": "COR Q4 2014 10-Q",
    "file_type": "pdf",
    "content_type": "quarterly_report",
    "published_date": "2014-05-07",
    "fiscal_date": "2014-03-31",
    "fiscal_year": 2014,
    "fiscal_quarter": 4,
    "r2_url": "https://pub-2c783279b61043e19fbdadd1bee5153a.r2.dev/COR/2014-05-07/a14-11897_110q.htm/a14-11897_110q.pdf",
    "periodicity": "periodic"
  },
  {
    "equity_ticker": "COR",
    "geography": "US",
    "content_name": "COR Q3 2014 10-Q",
    "file_type": "pdf",
    "content_type": "quarterly_report",
    "published_date": "2014-04-25",
    "fiscal_date": "2014-03-31",
    "fiscal_year": 2014,
    "fiscal_quarter": 3,
    "r2_url": "https://pub-2c783279b61043e19fbdadd1bee5153a.r2.dev/COR/2014-04-25/a14-9470_110q.htm/a14-9470_110q.pdf",
    "periodicity": "periodic"
  },
  {
    "equity_ticker": "COR",
    "geography": "US",
    "content_name": "COR Q2 2014 10-K",
    "file_type": "pdf",
    "content_type": "annual_report",
    "published_date": "2014-02-14",
    "fiscal_date": "2013-12-31",
    "fiscal_year": 2014,
    "fiscal_quarter": 2,
    "r2_url": "https://pub-2c783279b61043e19fbdadd1bee5153a.r2.dev/COR/2014-02-14/a2218228z10-k.htm/a2218228z10-k.pdf",
    "periodicity": "periodic"
  },
  {
    "equity_ticker": "COR",
    "geography": "US",
    "content_name": "COR Q1 2014 10-Q",
    "file_type": "pdf",
    "content_type": "quarterly_report",
    "published_date": "2014-02-07",
    "fiscal_date": "2013-12-31",
    "fiscal_year": 2014,
    "fiscal_quarter": 1,
    "r2_url": "https://pub-2c783279b61043e19fbdadd1bee5153a.r2.dev/COR/2014-02-07/a14-5082_110q.htm/a14-5082_110q.pdf",
    "periodicity": "periodic"
  },
  {
    "equity_ticker": "COR",
    "geography": "US",
    "content_name": "COR Q4 2013 10-K",
    "file_type": "pdf",
    "content_type": "annual_report",
    "published_date": "2013-11-26",
    "fiscal_date": "2013-09-30",
    "fiscal_year": 2013,
    "fiscal_quarter": 4,
    "r2_url": "https://pub-2c783279b61043e19fbdadd1bee5153a.r2.dev/COR/2013-11-26/a2217371z10-k.htm/a2217371z10-k.pdf",
    "periodicity": "periodic"
  },
  {
    "equity_ticker": "COR",
    "geography": "US",
    "content_name": "COR Q3 2013 10-Q",
    "file_type": "pdf",
    "content_type": "quarterly_report",
    "published_date": "2013-11-01",
    "fiscal_date": "2013-09-30",
    "fiscal_year": 2013,
    "fiscal_quarter": 3,
    "r2_url": "https://pub-2c783279b61043e19fbdadd1bee5153a.r2.dev/COR/2013-11-01/a13-18872_110q.htm/a13-18872_110q.pdf",
    "periodicity": "periodic"
  },
  {
    "equity_ticker": "COR",
    "geography": "US",
    "content_name": "COR Q2 2013 10-Q",
    "file_type": "pdf",
    "content_type": "quarterly_report",
    "published_date": "2013-08-07",
    "fiscal_date": "2013-06-30",
    "fiscal_year": 2013,
    "fiscal_quarter": 2,
    "r2_url": "https://pub-2c783279b61043e19fbdadd1bee5153a.r2.dev/COR/2013-08-07/a13-14011_110q.htm/a13-14011_110q.pdf",
    "periodicity": "periodic"
  },
  {
    "equity_ticker": "COR",
    "geography": "US",
    "content_name": "COR Q1 2013 10-Q",
    "file_type": "pdf",
    "content_type": "quarterly_report",
    "published_date": "2013-07-26",
    "fiscal_date": "2013-06-30",
    "fiscal_year": 2013,
    "fiscal_quarter": 1,
    "r2_url": "https://pub-2c783279b61043e19fbdadd1bee5153a.r2.dev/COR/2013-07-26/a13-13708_110q.htm/a13-13708_110q.pdf",
    "periodicity": "periodic"
  },
  {
    "equity_ticker": "COR",
    "geography": "US",
    "content_name": "COR Q4 2013 10-Q",
    "file_type": "pdf",
    "content_type": "quarterly_report",
    "published_date": "2013-05-09",
    "fiscal_date": "2013-03-31",
    "fiscal_year": 2013,
    "fiscal_quarter": 4,
    "r2_url": "https://pub-2c783279b61043e19fbdadd1bee5153a.r2.dev/COR/2013-05-09/a13-11730_110q.htm/a13-11730_110q.pdf",
    "periodicity": "periodic"
  },
  {
    "equity_ticker": "COR",
    "geography": "US",
    "content_name": "COR Q3 2013 10-Q",
    "file_type": "pdf",
    "content_type": "quarterly_report",
    "published_date": "2013-04-25",
    "fiscal_date": "2013-03-31",
    "fiscal_year": 2013,
    "fiscal_quarter": 3,
    "r2_url": "https://pub-2c783279b61043e19fbdadd1bee5153a.r2.dev/COR/2013-04-25/a13-8364_110q.htm/a13-8364_110q.pdf",
    "periodicity": "periodic"
  },
  {
    "equity_ticker": "COR",
    "geography": "US",
    "content_name": "COR Q2 2013 10-K",
    "file_type": "pdf",
    "content_type": "annual_report",
    "published_date": "2013-02-25",
    "fiscal_date": "2012-12-31",
    "fiscal_year": 2013,
    "fiscal_quarter": 2,
    "r2_url": "https://pub-2c783279b61043e19fbdadd1bee5153a.r2.dev/COR/2013-02-25/a12-28649_110k.htm/a12-28649_110k.pdf",
    "periodicity": "periodic"
  },
  {
    "equity_ticker": "COR",
    "geography": "US",
    "content_name": "COR Q1 2013 10-Q",
    "file_type": "pdf",
    "content_type": "quarterly_report",
    "published_date": "2013-02-08",
    "fiscal_date": "2012-12-31",
    "fiscal_year": 2013,
    "fiscal_quarter": 1,
    "r2_url": "https://pub-2c783279b61043e19fbdadd1bee5153a.r2.dev/COR/2013-02-08/a13-4539_110q.htm/a13-4539_110q.pdf",
    "periodicity": "periodic"
  },
  {
    "equity_ticker": "COR",
    "geography": "US",
    "content_name": "COR Q4 2012 10-K",
    "file_type": "pdf",
    "content_type": "annual_report",
    "published_date": "2012-11-27",
    "fiscal_date": "2012-09-30",
    "fiscal_year": 2012,
    "fiscal_quarter": 4,
    "r2_url": "https://pub-2c783279b61043e19fbdadd1bee5153a.r2.dev/COR/2012-11-27/a2211951z10-k.htm/a2211951z10-k.pdf",
    "periodicity": "periodic"
  },
  {
    "equity_ticker": "COR",
    "geography": "US",
    "content_name": "COR Q3 2012 10-Q",
    "file_type": "pdf",
    "content_type": "quarterly_report",
    "published_date": "2012-11-02",
    "fiscal_date": "2012-09-30",
    "fiscal_year": 2012,
    "fiscal_quarter": 3,
    "r2_url": "https://pub-2c783279b61043e19fbdadd1bee5153a.r2.dev/COR/2012-11-02/a12-19569_110q.htm/a12-19569_110q.pdf",
    "periodicity": "periodic"
  },
  {
    "equity_ticker": "COR",
    "geography": "US",
    "content_name": "COR Q2 2012 10-Q",
    "file_type": "pdf",
    "content_type": "quarterly_report",
    "published_date": "2012-08-09",
    "fiscal_date": "2012-06-30",
    "fiscal_year": 2012,
    "fiscal_quarter": 2,
    "r2_url": "https://pub-2c783279b61043e19fbdadd1bee5153a.r2.dev/COR/2012-08-09/a12-14047_110q.htm/a12-14047_110q.pdf",
    "periodicity": "periodic"
  },
  {
    "equity_ticker": "COR",
    "geography": "US",
    "content_name": "COR Q1 2012 10-Q",
    "file_type": "pdf",
    "content_type": "quarterly_report",
    "published_date": "2012-07-27",
    "fiscal_date": "2012-06-30",
    "fiscal_year": 2012,
    "fiscal_quarter": 1,
    "r2_url": "https://pub-2c783279b61043e19fbdadd1bee5153a.r2.dev/COR/2012-07-27/a12-16491_110q.htm/a12-16491_110q.pdf",
    "periodicity": "periodic"
  },
  {
    "equity_ticker": "COR",
    "geography": "US",
    "content_name": "COR Q4 2012 10-Q",
    "file_type": "pdf",
    "content_type": "quarterly_report",
    "published_date": "2012-05-10",
    "fiscal_date": "2012-03-31",
    "fiscal_year": 2012,
    "fiscal_quarter": 4,
    "r2_url": "https://pub-2c783279b61043e19fbdadd1bee5153a.r2.dev/COR/2012-05-10/a12-11044_110q.htm/a12-11044_110q.pdf",
    "periodicity": "periodic"
  },
  {
    "equity_ticker": "COR",
    "geography": "US",
    "content_name": "COR Q3 2012 10-Q",
    "file_type": "pdf",
    "content_type": "quarterly_report",
    "published_date": "2012-04-27",
    "fiscal_date": "2012-03-31",
    "fiscal_year": 2012,
    "fiscal_quarter": 3,
    "r2_url": "https://pub-2c783279b61043e19fbdadd1bee5153a.r2.dev/COR/2012-04-27/d338420d10q.htm/d338420d10q.pdf",
    "periodicity": "periodic"
  },
  {
    "equity_ticker": "COR",
    "geography": "US",
    "content_name": "COR Q2 2012 10-K",
    "file_type": "pdf",
    "content_type": "annual_report",
    "published_date": "2012-02-24",
    "fiscal_date": "2011-12-31",
    "fiscal_year": 2012,
    "fiscal_quarter": 2,
    "r2_url": "https://pub-2c783279b61043e19fbdadd1bee5153a.r2.dev/COR/2012-02-24/d286427d10k.htm/d286427d10k.pdf",
    "periodicity": "periodic"
  },
  {
    "equity_ticker": "COR",
    "geography": "US",
    "content_name": "COR Q1 2012 10-Q",
    "file_type": "pdf",
    "content_type": "quarterly_report",
    "published_date": "2012-02-07",
    "fiscal_date": "2011-12-31",
    "fiscal_year": 2012,
    "fiscal_quarter": 1,
    "r2_url": "https://pub-2c783279b61043e19fbdadd1bee5153a.r2.dev/COR/2012-02-07/d281970d10q.htm/d281970d10q.pdf",
    "periodicity": "periodic"
  },
  {
    "equity_ticker": "COR",
    "geography": "US",
    "content_name": "COR Q4 2011 10-K",
    "file_type": "pdf",
    "content_type": "annual_report",
    "published_date": "2011-11-22",
    "fiscal_date": "2011-09-30",
    "fiscal_year": 2011,
    "fiscal_quarter": 4,
    "r2_url": "https://pub-2c783279b61043e19fbdadd1bee5153a.r2.dev/COR/2011-11-22/c24915e10vk.htm/c24915e10vk.pdf",
    "periodicity": "periodic"
  },
  {
    "equity_ticker": "COR",
    "geography": "US",
    "content_name": "COR Q3 2011 10-Q",
    "file_type": "pdf",
    "content_type": "quarterly_report",
    "published_date": "2011-11-04",
    "fiscal_date": "2011-09-30",
    "fiscal_year": 2011,
    "fiscal_quarter": 3,
    "r2_url": "https://pub-2c783279b61043e19fbdadd1bee5153a.r2.dev/COR/2011-11-04/c23744e10vq.htm/c23744e10vq.pdf",
    "periodicity": "periodic"
  },
  {
    "equity_ticker": "COR",
    "geography": "US",
    "content_name": "COR Q2 2011 10-Q",
    "file_type": "pdf",
    "content_type": "quarterly_report",
    "published_date": "2011-08-08",
    "fiscal_date": "2011-06-30",
    "fiscal_year": 2011,
    "fiscal_quarter": 2,
    "r2_url": "https://pub-2c783279b61043e19fbdadd1bee5153a.r2.dev/COR/2011-08-08/c20345e10vq.htm/c20345e10vq.pdf",
    "periodicity": "periodic"
  },
  {
    "equity_ticker": "COR",
    "geography": "US",
    "content_name": "COR Q1 2011 10-Q",
    "file_type": "pdf",
    "content_type": "quarterly_report",
    "published_date": "2011-08-05",
    "fiscal_date": "2011-06-30",
    "fiscal_year": 2011,
    "fiscal_quarter": 1,
    "r2_url": "https://pub-2c783279b61043e19fbdadd1bee5153a.r2.dev/COR/2011-08-05/c18777e10vq.htm/c18777e10vq.pdf",
    "periodicity": "periodic"
  },
  {
    "equity_ticker": "COR",
    "geography": "US",
    "content_name": "COR Q4 2011 10-Q",
    "file_type": "pdf",
    "content_type": "quarterly_report",
    "published_date": "2011-05-06",
    "fiscal_date": "2011-03-31",
    "fiscal_year": 2011,
    "fiscal_quarter": 4,
    "r2_url": "https://pub-2c783279b61043e19fbdadd1bee5153a.r2.dev/COR/2011-05-06/c15948e10vq.htm/c15948e10vq.pdf",
    "periodicity": "periodic"
  },
  {
    "equity_ticker": "COR",
    "geography": "US",
    "content_name": "COR Q3 2011 10-Q",
    "file_type": "pdf",
    "content_type": "quarterly_report",
    "published_date": "2011-05-06",
    "fiscal_date": "2011-03-31",
    "fiscal_year": 2011,
    "fiscal_quarter": 3,
    "r2_url": "https://pub-2c783279b61043e19fbdadd1bee5153a.r2.dev/COR/2011-05-06/c16425e10vq.htm/c16425e10vq.pdf",
    "periodicity": "periodic"
  },
  {
    "equity_ticker": "COR",
    "geography": "US",
    "content_name": "COR Q2 2011 10-K",
    "file_type": "pdf",
    "content_type": "annual_report",
    "published_date": "2011-03-11",
    "fiscal_date": "2010-12-31",
    "fiscal_year": 2011,
    "fiscal_quarter": 2,
    "r2_url": "https://pub-2c783279b61043e19fbdadd1bee5153a.r2.dev/COR/2011-03-11/c13842e10vk.htm/c13842e10vk.pdf",
    "periodicity": "periodic"
  },
  {
    "equity_ticker": "COR",
    "geography": "US",
    "content_name": "COR Q1 2011 10-Q",
    "file_type": "pdf",
    "content_type": "quarterly_report",
    "published_date": "2011-02-08",
    "fiscal_date": "2010-12-31",
    "fiscal_year": 2011,
    "fiscal_quarter": 1,
    "r2_url": "https://pub-2c783279b61043e19fbdadd1bee5153a.r2.dev/COR/2011-02-08/c11931e10vq.htm/c11931e10vq.pdf",
    "periodicity": "periodic"
  },
  {
    "equity_ticker": "COR",
    "geography": "US",
    "content_name": "COR Q4 2010 10-K",
    "file_type": "pdf",
    "content_type": "annual_report",
    "published_date": "2010-11-23",
    "fiscal_date": "2010-09-30",
    "fiscal_year": 2010,
    "fiscal_quarter": 4,
    "r2_url": "https://pub-2c783279b61043e19fbdadd1bee5153a.r2.dev/COR/2010-11-23/c07197e10vk.htm/c07197e10vk.pdf",
    "periodicity": "periodic"
  },
  {
    "equity_ticker": "COR",
    "geography": "US",
    "content_name": "COR Q3 2010 10-Q",
    "file_type": "pdf",
    "content_type": "quarterly_report",
    "published_date": "2010-11-12",
    "fiscal_date": "2010-09-30",
    "fiscal_year": 2010,
    "fiscal_quarter": 3,
    "r2_url": "https://pub-2c783279b61043e19fbdadd1bee5153a.r2.dev/COR/2010-11-12/c08136e10vq.htm/c08136e10vq.pdf",
    "periodicity": "periodic"
  },
  {
    "equity_ticker": "COR",
    "geography": "US",
    "content_name": "COR Q2 2010 10-Q",
    "file_type": "pdf",
    "content_type": "quarterly_report",
    "published_date": "2010-08-03",
    "fiscal_date": "2010-06-30",
    "fiscal_year": 2010,
    "fiscal_quarter": 2,
    "r2_url": "https://pub-2c783279b61043e19fbdadd1bee5153a.r2.dev/COR/2010-08-03/c04100e10vq.htm/c04100e10vq.pdf",
    "periodicity": "periodic"
  },
  {
    "equity_ticker": "COR",
    "geography": "US",
    "content_name": "COR Q1 2010 10-Q",
    "file_type": "pdf",
    "content_type": "quarterly_report",
    "published_date": "2010-05-07",
    "fiscal_date": "2010-03-31",
    "fiscal_year": 2010,
    "fiscal_quarter": 1,
    "r2_url": "https://pub-2c783279b61043e19fbdadd1bee5153a.r2.dev/COR/2010-05-07/c96105e10vq.htm/c96105e10vq.pdf",
    "periodicity": "periodic"
  },
  {
    "equity_ticker": "COR",
    "geography": "US",
    "content_name": "COR Q4 2009 10-Q",
    "file_type": "pdf",
    "content_type": "quarterly_report",
    "published_date": "2010-02-05",
    "fiscal_date": "2009-12-31",
    "fiscal_year": 2009,
    "fiscal_quarter": 4,
    "r2_url": "https://pub-2c783279b61043e19fbdadd1bee5153a.r2.dev/COR/2010-02-05/c95601e10vq.htm/c95601e10vq.pdf",
    "periodicity": "periodic"
  },
  {
    "equity_ticker": "COR",
    "geography": "US",
    "content_name": "COR Q3 2009 10-K",
    "file_type": "pdf",
    "content_type": "annual_report",
    "published_date": "2009-11-25",
    "fiscal_date": "2009-09-30",
    "fiscal_year": 2009,
    "fiscal_quarter": 3,
    "r2_url": "https://pub-2c783279b61043e19fbdadd1bee5153a.r2.dev/COR/2009-11-25/c92934e10vk.htm/c92934e10vk.pdf",
    "periodicity": "periodic"
  },
  {
    "equity_ticker": "COR",
    "geography": "US",
    "content_name": "COR Q2 2009 10-Q",
    "file_type": "pdf",
    "content_type": "quarterly_report",
    "published_date": "2009-08-06",
    "fiscal_date": "2009-06-30",
    "fiscal_year": 2009,
    "fiscal_quarter": 2,
    "r2_url": "https://pub-2c783279b61043e19fbdadd1bee5153a.r2.dev/COR/2009-08-06/c88560e10vq.htm/c88560e10vq.pdf",
    "periodicity": "periodic"
  },
  {
    "equity_ticker": "COR",
    "geography": "US",
    "content_name": "COR Q1 2009 10-Q",
    "file_type": "pdf",
    "content_type": "quarterly_report",
    "published_date": "2009-05-08",
    "fiscal_date": "2009-03-31",
    "fiscal_year": 2009,
    "fiscal_quarter": 1,
    "r2_url": "https://pub-2c783279b61043e19fbdadd1bee5153a.r2.dev/COR/2009-05-08/c85006e10vq.htm/c85006e10vq.pdf",
    "periodicity": "periodic"
  },
  {
    "equity_ticker": "COR",
    "geography": "US",
    "content_name": "COR Q4 2008 10-Q",
    "file_type": "pdf",
    "content_type": "quarterly_report",
    "published_date": "2009-02-05",
    "fiscal_date": "2008-12-31",
    "fiscal_year": 2008,
    "fiscal_quarter": 4,
    "r2_url": "https://pub-2c783279b61043e19fbdadd1bee5153a.r2.dev/COR/2009-02-05/c79892e10vq.htm/c79892e10vq.pdf",
    "periodicity": "periodic"
  },
  {
    "equity_ticker": "COR",
    "geography": "US",
    "content_name": "COR Q3 2008 10-K",
    "file_type": "pdf",
    "content_type": "annual_report",
    "published_date": "2008-11-25",
    "fiscal_date": "2008-09-30",
    "fiscal_year": 2008,
    "fiscal_quarter": 3,
    "r2_url": "https://pub-2c783279b61043e19fbdadd1bee5153a.r2.dev/COR/2008-11-25/d10k.htm/d10k.pdf",
    "periodicity": "periodic"
  },
  {
    "equity_ticker": "COR",
    "geography": "US",
    "content_name": "COR Q2 2008 10-Q",
    "file_type": "pdf",
    "content_type": "quarterly_report",
    "published_date": "2008-08-06",
    "fiscal_date": "2008-06-30",
    "fiscal_year": 2008,
    "fiscal_quarter": 2,
    "r2_url": "https://pub-2c783279b61043e19fbdadd1bee5153a.r2.dev/COR/2008-08-06/d10q.htm/d10q.pdf",
    "periodicity": "periodic"
  },
  {
    "equity_ticker": "COR",
    "geography": "US",
    "content_name": "COR Q1 2008 10-Q",
    "file_type": "pdf",
    "content_type": "quarterly_report",
    "published_date": "2008-05-07",
    "fiscal_date": "2008-03-31",
    "fiscal_year": 2008,
    "fiscal_quarter": 1,
    "r2_url": "https://pub-2c783279b61043e19fbdadd1bee5153a.r2.dev/COR/2008-05-07/d10q.htm/d10q.pdf",
    "periodicity": "periodic"
  },
  {
    "equity_ticker": "COR",
    "geography": "US",
    "content_name": "COR Q4 2007 10-Q",
    "file_type": "pdf",
    "content_type": "quarterly_report",
    "published_date": "2008-02-08",
    "fiscal_date": "2007-12-31",
    "fiscal_year": 2007,
    "fiscal_quarter": 4,
    "r2_url": "https://pub-2c783279b61043e19fbdadd1bee5153a.r2.dev/COR/2008-02-08/d10q.htm/d10q.pdf",
    "periodicity": "periodic"
  },
  {
    "equity_ticker": "COR",
    "geography": "US",
    "content_name": "COR Q3 2007 10-K",
    "file_type": "pdf",
    "content_type": "annual_report",
    "published_date": "2007-11-28",
    "fiscal_date": "2007-09-30",
    "fiscal_year": 2007,
    "fiscal_quarter": 3,
    "r2_url": "https://pub-2c783279b61043e19fbdadd1bee5153a.r2.dev/COR/2007-11-28/d10k.htm/d10k.pdf",
    "periodicity": "periodic"
  },
  {
    "equity_ticker": "COR",
    "geography": "US",
    "content_name": "COR Q2 2007 10-Q",
    "file_type": "pdf",
    "content_type": "quarterly_report",
    "published_date": "2007-08-08",
    "fiscal_date": "2007-06-30",
    "fiscal_year": 2007,
    "fiscal_quarter": 2,
    "r2_url": "https://pub-2c783279b61043e19fbdadd1bee5153a.r2.dev/COR/2007-08-08/d10q.htm/d10q.pdf",
    "periodicity": "periodic"
  },
  {
    "equity_ticker": "COR",
    "geography": "US",
    "content_name": "COR Q1 2007 10-Q",
    "file_type": "pdf",
    "content_type": "quarterly_report",
    "published_date": "2007-05-08",
    "fiscal_date": "2007-03-31",
    "fiscal_year": 2007,
    "fiscal_quarter": 1,
    "r2_url": "https://pub-2c783279b61043e19fbdadd1bee5153a.r2.dev/COR/2007-05-08/d10q.htm/d10q.pdf",
    "periodicity": "periodic"
  },
  {
    "equity_ticker": "COR",
    "geography": "US",
    "content_name": "COR Q4 2006 10-Q",
    "file_type": "pdf",
    "content_type": "quarterly_report",
    "published_date": "2007-02-07",
    "fiscal_date": "2006-12-31",
    "fiscal_year": 2006,
    "fiscal_quarter": 4,
    "r2_url": "https://pub-2c783279b61043e19fbdadd1bee5153a.r2.dev/COR/2007-02-07/d10q.htm/d10q.pdf",
    "periodicity": "periodic"
  },
  {
    "equity_ticker": "COR",
    "geography": "US",
    "content_name": "COR Q3 2006 10-K",
    "file_type": "pdf",
    "content_type": "annual_report",
    "published_date": "2006-12-08",
    "fiscal_date": "2006-09-30",
    "fiscal_year": 2006,
    "fiscal_quarter": 3,
    "r2_url": "https://pub-2c783279b61043e19fbdadd1bee5153a.r2.dev/COR/2006-12-08/d10k.htm/d10k.pdf",
    "periodicity": "periodic"
  },
  {
    "equity_ticker": "COR",
    "geography": "US",
    "content_name": "COR Q2 2006 10-Q",
    "file_type": "pdf",
    "content_type": "quarterly_report",
    "published_date": "2006-08-08",
    "fiscal_date": "2006-06-30",
    "fiscal_year": 2006,
    "fiscal_quarter": 2,
    "r2_url": "https://pub-2c783279b61043e19fbdadd1bee5153a.r2.dev/COR/2006-08-08/d10q.htm/d10q.pdf",
    "periodicity": "periodic"
  },
  {
    "equity_ticker": "COR",
    "geography": "US",
    "content_name": "COR Q1 2006 10-Q",
    "file_type": "pdf",
    "content_type": "quarterly_report",
    "published_date": "2006-05-08",
    "fiscal_date": "2006-03-31",
    "fiscal_year": 2006,
    "fiscal_quarter": 1,
    "r2_url": "https://pub-2c783279b61043e19fbdadd1bee5153a.r2.dev/COR/2006-05-08/d10q.htm/d10q.pdf",
    "periodicity": "periodic"
  },
  {
    "equity_ticker": "COR",
    "geography": "US",
    "content_name": "COR Q4 2005 10-Q",
    "file_type": "pdf",
    "content_type": "quarterly_report",
    "published_date": "2006-02-09",
    "fiscal_date": "2005-12-31",
    "fiscal_year": 2005,
    "fiscal_quarter": 4,
    "r2_url": "https://pub-2c783279b61043e19fbdadd1bee5153a.r2.dev/COR/2006-02-09/d10q.htm/d10q.pdf",
    "periodicity": "periodic"
  },
  {
    "equity_ticker": "COR",
    "geography": "US",
    "content_name": "COR Q3 2005 10-K",
    "file_type": "pdf",
    "content_type": "annual_report",
    "published_date": "2005-12-09",
    "fiscal_date": "2005-09-30",
    "fiscal_year": 2005,
    "fiscal_quarter": 3,
    "r2_url": "https://pub-2c783279b61043e19fbdadd1bee5153a.r2.dev/COR/2005-12-09/d10k.htm/d10k.pdf",
    "periodicity": "periodic"
  },
  {
    "equity_ticker": "COR",
    "geography": "US",
    "content_name": "COR Q2 2005 10-Q",
    "file_type": "pdf",
    "content_type": "quarterly_report",
    "published_date": "2005-08-05",
    "fiscal_date": "2005-06-30",
    "fiscal_year": 2005,
    "fiscal_quarter": 2,
    "r2_url": "https://pub-2c783279b61043e19fbdadd1bee5153a.r2.dev/COR/2005-08-05/d10q.htm/d10q.pdf",
    "periodicity": "periodic"
  },
  {
    "equity_ticker": "COR",
    "geography": "US",
    "content_name": "COR Q1 2005 10-Q",
    "file_type": "pdf",
    "content_type": "quarterly_report",
    "published_date": "2005-05-09",
    "fiscal_date": "2005-03-31",
    "fiscal_year": 2005,
    "fiscal_quarter": 1,
    "r2_url": "https://pub-2c783279b61043e19fbdadd1bee5153a.r2.dev/COR/2005-05-09/d10q.htm/d10q.pdf",
    "periodicity": "periodic"
  },
  {
    "equity_ticker": "COR",
    "geography": "US",
    "content_name": "COR Q4 2004 10-Q",
    "file_type": "pdf",
    "content_type": "quarterly_report",
    "published_date": "2005-02-07",
    "fiscal_date": "2004-12-31",
    "fiscal_year": 2004,
    "fiscal_quarter": 4,
    "r2_url": "https://pub-2c783279b61043e19fbdadd1bee5153a.r2.dev/COR/2005-02-07/d10q.htm/d10q.pdf",
    "periodicity": "periodic"
  },
  {
    "equity_ticker": "COR",
    "geography": "US",
    "content_name": "COR Q3 2004 10-K",
    "file_type": "pdf",
    "content_type": "annual_report",
    "published_date": "2004-12-10",
    "fiscal_date": "2004-09-30",
    "fiscal_year": 2004,
    "fiscal_quarter": 3,
    "r2_url": "https://pub-2c783279b61043e19fbdadd1bee5153a.r2.dev/COR/2004-12-10/d10k.htm/d10k.pdf",
    "periodicity": "periodic"
  },
  {
    "equity_ticker": "COR",
    "geography": "US",
    "content_name": "COR Q2 2004 10-Q",
    "file_type": "pdf",
    "content_type": "quarterly_report",
    "published_date": "2004-08-13",
    "fiscal_date": "2004-06-30",
    "fiscal_year": 2004,
    "fiscal_quarter": 2,
    "r2_url": "https://pub-2c783279b61043e19fbdadd1bee5153a.r2.dev/COR/2004-08-13/d10q.htm/d10q.pdf",
    "periodicity": "periodic"
  },
  {
    "equity_ticker": "COR",
    "geography": "US",
    "content_name": "COR Q1 2004 10-Q",
    "file_type": "pdf",
    "content_type": "quarterly_report",
    "published_date": "2004-05-12",
    "fiscal_date": "2004-03-31",
    "fiscal_year": 2004,
    "fiscal_quarter": 1,
    "r2_url": "https://pub-2c783279b61043e19fbdadd1bee5153a.r2.dev/COR/2004-05-12/d10q.htm/d10q.pdf",
    "periodicity": "periodic"
  },
  {
    "equity_ticker": "COR",
    "geography": "US",
    "content_name": "COR Q4 2003 10-Q",
    "file_type": "pdf",
    "content_type": "quarterly_report",
    "published_date": "2004-02-12",
    "fiscal_date": "2003-12-31",
    "fiscal_year": 2003,
    "fiscal_quarter": 4,
    "r2_url": "https://pub-2c783279b61043e19fbdadd1bee5153a.r2.dev/COR/2004-02-12/d10q.htm/d10q.pdf",
    "periodicity": "periodic"
  },
  {
    "equity_ticker": "COR",
    "geography": "US",
    "content_name": "COR Q3 2003 10-K",
    "file_type": "pdf",
    "content_type": "annual_report",
    "published_date": "2003-12-19",
    "fiscal_date": "2003-09-30",
    "fiscal_year": 2003,
    "fiscal_quarter": 3,
    "r2_url": "https://pub-2c783279b61043e19fbdadd1bee5153a.r2.dev/COR/2003-12-19/d10k.htm/d10k.pdf",
    "periodicity": "periodic"
  },
  {
    "equity_ticker": "COR",
    "geography": "US",
    "content_name": "COR Q2 2003 10-Q",
    "file_type": "pdf",
    "content_type": "quarterly_report",
    "published_date": "2003-08-13",
    "fiscal_date": "2003-06-30",
    "fiscal_year": 2003,
    "fiscal_quarter": 2,
    "r2_url": "https://pub-2c783279b61043e19fbdadd1bee5153a.r2.dev/COR/2003-08-13/d10q.htm/d10q.pdf",
    "periodicity": "periodic"
  },
  {
    "equity_ticker": "COR",
    "geography": "US",
    "content_name": "COR Q1 2003 10-Q",
    "file_type": "pdf",
    "content_type": "quarterly_report",
    "published_date": "2003-05-12",
    "fiscal_date": "2003-03-31",
    "fiscal_year": 2003,
    "fiscal_quarter": 1,
    "r2_url": "https://pub-2c783279b61043e19fbdadd1bee5153a.r2.dev/COR/2003-05-12/d10q.htm/d10q.pdf",
    "periodicity": "periodic"
  },
  {
    "equity_ticker": "COR",
    "geography": "US",
    "content_name": "COR Q4 2002 10-Q",
    "file_type": "pdf",
    "content_type": "quarterly_report",
    "published_date": "2003-02-13",
    "fiscal_date": "2002-12-31",
    "fiscal_year": 2002,
    "fiscal_quarter": 4,
    "r2_url": "https://pub-2c783279b61043e19fbdadd1bee5153a.r2.dev/COR/2003-02-13/d10q.txt/d10q.pdf",
    "periodicity": "periodic"
  },
  {
    "equity_ticker": "COR",
    "geography": "US",
    "content_name": "COR Q3 2002 10-K",
    "file_type": "pdf",
    "content_type": "annual_report",
    "published_date": "2002-12-23",
    "fiscal_date": "2002-09-30",
    "fiscal_year": 2002,
    "fiscal_quarter": 3,
    "r2_url": "https://pub-2c783279b61043e19fbdadd1bee5153a.r2.dev/COR/2002-12-23/d10k.htm/d10k.pdf",
    "periodicity": "periodic"
  },
  {
    "equity_ticker": "COR",
    "geography": "US",
    "content_name": "COR Q2 2002 10-Q",
    "file_type": "pdf",
    "content_type": "quarterly_report",
    "published_date": "2002-08-14",
    "fiscal_date": "2002-06-30",
    "fiscal_year": 2002,
    "fiscal_quarter": 2,
    "r2_url": "https://pub-2c783279b61043e19fbdadd1bee5153a.r2.dev/COR/2002-08-14/jun02q.htm/jun02q.pdf",
    "periodicity": "periodic"
  },
  {
    "equity_ticker": "COR",
    "geography": "US",
    "content_name": "COR Q1 2002 10-Q",
    "file_type": "pdf",
    "content_type": "quarterly_report",
    "published_date": "2002-05-14",
    "fiscal_date": "2002-03-31",
    "fiscal_year": 2002,
    "fiscal_quarter": 1,
    "r2_url": "https://pub-2c783279b61043e19fbdadd1bee5153a.r2.dev/COR/2002-05-14/mar02q.htm/mar02q.pdf",
    "periodicity": "periodic"
  },
  {
    "equity_ticker": "COR",
    "geography": "US",
    "content_name": "COR Q4 2001 10-Q",
    "file_type": "pdf",
    "content_type": "quarterly_report",
    "published_date": "2002-02-14",
    "fiscal_date": "2001-12-31",
    "fiscal_year": 2001,
    "fiscal_quarter": 4,
    "r2_url": "https://pub-2c783279b61043e19fbdadd1bee5153a.r2.dev/COR/2002-02-14/dec01q.htm/dec01q.pdf",
    "periodicity": "periodic"
  },
  {
    "equity_ticker": "COR",
    "geography": "US",
    "content_name": "COR Q3 2001 10-K",
    "file_type": "pdf",
    "content_type": "annual_report",
    "published_date": "2001-12-28",
    "fiscal_date": "2001-09-30",
    "fiscal_year": 2001,
    "fiscal_quarter": 3,
    "r2_url": "https://pub-2c783279b61043e19fbdadd1bee5153a.r2.dev/COR/2001-12-28/abcform10k.htm/abcform10k.pdf",
    "periodicity": "periodic"
  }
]