[
    {
        "equity_ticker": "COR",
        "geography": "US",
        "content_name": "Leerink\u2019s Global Healthcare Conference 2025 - March 10, 2025",
        "file_type": "pdf",
        "content_type": "company_conference_transcript",
        "published_date": "2025-03-10",
        "fiscal_date": "2025-03-10",
        "fiscal_year": null,
        "fiscal_quarter": null,
        "r2_url": "https://pub-2c783279b61043e19fbdadd1bee5153a.r2.dev/COR/2025-03-10/Cencora%2C%20Inc._2025-03-10_transcript/Cencora%2C%20Inc._2025-03-10_transcript.pdf/Cencora%2C%20Inc._2025-03-10_transcript.pdf",
        "periodicity": "non_periodic"
    },
    {
        "equity_ticker": "COR",
        "geography": "US",
        "content_name": "COR Q1 2025 Transcript",
        "file_type": "pdf",
        "content_type": "earnings_transcript",
        "published_date": "2025-02-05",
        "fiscal_date": "2025-02-05",
        "fiscal_year": 2025,
        "fiscal_quarter": 1,
        "r2_url": "https://pub-2c783279b61043e19fbdadd1bee5153a.r2.dev/COR/2025-02-05/Cencora%2C%20Inc._2025-02-05_transcript/Cencora%2C%20Inc._2025-02-05_transcript.pdf/Cencora%2C%20Inc._2025-02-05_transcript.pdf",
        "periodicity": "periodic"
    },
    {
        "equity_ticker": "COR",
        "geography": "US",
        "content_name": "COR Q1 2025 Press Release",
        "file_type": "pdf",
        "content_type": "earnings_press_release",
        "published_date": "2025-02-05",
        "fiscal_date": "2025-02-05",
        "fiscal_year": 2025,
        "fiscal_quarter": 1,
        "r2_url": "https://pub-2c783279b61043e19fbdadd1bee5153a.r2.dev/COR/2025-02-05/e59f0-2025-02-05-12-18-06/e59f0-2025-02-05-12-18-06.pdf/e59f0-2025-02-05-12-18-06.pdf",
        "periodicity": "periodic"
    },
    {
        "equity_ticker": "COR",
        "geography": "US",
        "content_name": "COR Q1 2025 Presentation",
        "file_type": "pdf",
        "content_type": "earnings_presentation",
        "published_date": "2025-02-05",
        "fiscal_date": "2025-02-05",
        "fiscal_year": 2025,
        "fiscal_quarter": 1,
        "r2_url": "https://pub-2c783279b61043e19fbdadd1bee5153a.r2.dev/COR/2025-02-05/1946e-2025-02-05-12-33-16/1946e-2025-02-05-12-33-16.pdf/1946e-2025-02-05-12-33-16.pdf",
        "periodicity": "periodic"
    },
    {
        "equity_ticker": "COR",
        "geography": "US",
        "content_name": "43rd Annual J.P. Morgan Healthcare Conference - January 13, 2025",
        "file_type": "pdf",
        "content_type": "sellside_conference_transcript",
        "published_date": "2025-01-13",
        "fiscal_date": "2025-01-13",
        "fiscal_year": null,
        "fiscal_quarter": null,
        "r2_url": "https://pub-2c783279b61043e19fbdadd1bee5153a.r2.dev/COR/2025-01-13/Cencora%2C%20Inc._2025-01-13_transcript/Cencora%2C%20Inc._2025-01-13_transcript.pdf/Cencora%2C%20Inc._2025-01-13_transcript.pdf",
        "periodicity": "non_periodic"
    },
    {
        "equity_ticker": "COR",
        "geography": "US",
        "content_name": "43rd Annual J.P. Morgan Healthcare Conference - January 13, 2025",
        "file_type": "pdf",
        "content_type": "sellside_conference_presentation",
        "published_date": "2025-01-13",
        "fiscal_date": "2025-01-13",
        "fiscal_year": null,
        "fiscal_quarter": null,
        "r2_url": "https://pub-2c783279b61043e19fbdadd1bee5153a.r2.dev/COR/2025-01-13/797a5-2025-01-14-12-12-45/797a5-2025-01-14-12-12-45.pdf/797a5-2025-01-14-12-12-45.pdf",
        "periodicity": "non_periodic"
    },
    {
        "equity_ticker": "COR",
        "geography": "US",
        "content_name": "7th Annual Evercore ISI HealthCONx Healthcare Conference - December 5, 2024",
        "file_type": "pdf",
        "content_type": "company_conference_transcript",
        "published_date": "2024-12-05",
        "fiscal_date": "2024-12-05",
        "fiscal_year": null,
        "fiscal_quarter": null,
        "r2_url": "https://pub-2c783279b61043e19fbdadd1bee5153a.r2.dev/COR/2024-12-05/Cencora%2C%20Inc._2024-12-05_transcript/Cencora%2C%20Inc._2024-12-05_transcript.pdf/Cencora%2C%20Inc._2024-12-05_transcript.pdf",
        "periodicity": "non_periodic"
    },
    {
        "equity_ticker": "COR",
        "geography": "US",
        "content_name": "Citi's 2024 Global Healthcare Conference - December 4, 2024",
        "file_type": "pdf",
        "content_type": "company_conference_transcript",
        "published_date": "2024-12-04",
        "fiscal_date": "2024-12-04",
        "fiscal_year": null,
        "fiscal_quarter": null,
        "r2_url": "https://pub-2c783279b61043e19fbdadd1bee5153a.r2.dev/COR/2024-12-04/Cencora%2C%20Inc._2024-12-04_transcript/Cencora%2C%20Inc._2024-12-04_transcript.pdf/Cencora%2C%20Inc._2024-12-04_transcript.pdf",
        "periodicity": "non_periodic"
    },
    {
        "equity_ticker": "COR",
        "geography": "US",
        "content_name": "COR Q4 2024 Transcript",
        "file_type": "pdf",
        "content_type": "earnings_transcript",
        "published_date": "2024-11-06",
        "fiscal_date": "2024-11-06",
        "fiscal_year": 2024,
        "fiscal_quarter": 4,
        "r2_url": "https://pub-2c783279b61043e19fbdadd1bee5153a.r2.dev/COR/2024-11-06/Cencora%2C%20Inc._2024-11-06_transcript/Cencora%2C%20Inc._2024-11-06_transcript.pdf/Cencora%2C%20Inc._2024-11-06_transcript.pdf",
        "periodicity": "periodic"
    },
    {
        "equity_ticker": "COR",
        "geography": "US",
        "content_name": "COR Q4 2024 Press Release",
        "file_type": "pdf",
        "content_type": "earnings_press_release",
        "published_date": "2024-11-06",
        "fiscal_date": "2024-11-06",
        "fiscal_year": 2024,
        "fiscal_quarter": 4,
        "r2_url": "https://pub-2c783279b61043e19fbdadd1bee5153a.r2.dev/COR/2024-11-06/c0921-2024-11-06-11-18-42/c0921-2024-11-06-11-18-42.pdf/c0921-2024-11-06-11-18-42.pdf",
        "periodicity": "periodic"
    },
    {
        "equity_ticker": "COR",
        "geography": "US",
        "content_name": "COR Q4 2024 Presentation",
        "file_type": "pdf",
        "content_type": "earnings_presentation",
        "published_date": "2024-11-06",
        "fiscal_date": "2024-11-06",
        "fiscal_year": 2024,
        "fiscal_quarter": 4,
        "r2_url": "https://pub-2c783279b61043e19fbdadd1bee5153a.r2.dev/COR/2024-11-06/75562-2024-11-06-12-34-08/75562-2024-11-06-12-34-08.pdf/75562-2024-11-06-12-34-08.pdf",
        "periodicity": "periodic"
    },
    {
        "equity_ticker": "COR",
        "geography": "US",
        "content_name": "Baird's 2024 Global Healthcare Conference - September 11, 2024",
        "file_type": "pdf",
        "content_type": "company_conference_transcript",
        "published_date": "2024-09-11",
        "fiscal_date": "2024-09-11",
        "fiscal_year": null,
        "fiscal_quarter": null,
        "r2_url": "https://pub-2c783279b61043e19fbdadd1bee5153a.r2.dev/COR/2024-09-11/Cencora%2C%20Inc._2024-09-11_transcript/Cencora%2C%20Inc._2024-09-11_transcript.pdf/Cencora%2C%20Inc._2024-09-11_transcript.pdf",
        "periodicity": "non_periodic"
    },
    {
        "equity_ticker": "COR",
        "geography": "US",
        "content_name": "Wells Fargo 2024 Healthcare Conference - September 6, 2024",
        "file_type": "pdf",
        "content_type": "company_conference_transcript",
        "published_date": "2024-09-06",
        "fiscal_date": "2024-09-06",
        "fiscal_year": null,
        "fiscal_quarter": null,
        "r2_url": "https://pub-2c783279b61043e19fbdadd1bee5153a.r2.dev/COR/2024-09-06/Cencora%2C%20Inc._2024-09-06_transcript/Cencora%2C%20Inc._2024-09-06_transcript.pdf/Cencora%2C%20Inc._2024-09-06_transcript.pdf",
        "periodicity": "non_periodic"
    },
    {
        "equity_ticker": "COR",
        "geography": "US",
        "content_name": "Morgan Stanley 22nd Annual Global Healthcare Conference - September 5, 2024",
        "file_type": "pdf",
        "content_type": "sellside_conference_transcript",
        "published_date": "2024-09-05",
        "fiscal_date": "2024-09-05",
        "fiscal_year": null,
        "fiscal_quarter": null,
        "r2_url": "https://pub-2c783279b61043e19fbdadd1bee5153a.r2.dev/COR/2024-09-05/Cencora%2C%20Inc._2024-09-05_transcript/Cencora%2C%20Inc._2024-09-05_transcript.pdf/Cencora%2C%20Inc._2024-09-05_transcript.pdf",
        "periodicity": "non_periodic"
    },
    {
        "equity_ticker": "COR",
        "geography": "US",
        "content_name": "COR Q3 2024 Transcript",
        "file_type": "pdf",
        "content_type": "earnings_transcript",
        "published_date": "2024-07-31",
        "fiscal_date": "2024-07-31",
        "fiscal_year": 2024,
        "fiscal_quarter": 3,
        "r2_url": "https://pub-2c783279b61043e19fbdadd1bee5153a.r2.dev/COR/2024-07-31/Cencora%2C%20Inc._2024-07-31_transcript/Cencora%2C%20Inc._2024-07-31_transcript.pdf/Cencora%2C%20Inc._2024-07-31_transcript.pdf",
        "periodicity": "periodic"
    },
    {
        "equity_ticker": "COR",
        "geography": "US",
        "content_name": "COR Q3 2024 Press Release",
        "file_type": "pdf",
        "content_type": "earnings_press_release",
        "published_date": "2024-07-31",
        "fiscal_date": "2024-07-31",
        "fiscal_year": 2024,
        "fiscal_quarter": 3,
        "r2_url": "https://pub-2c783279b61043e19fbdadd1bee5153a.r2.dev/COR/2024-07-31/a4753-2024-07-31-10-55-34/a4753-2024-07-31-10-55-34.pdf/a4753-2024-07-31-10-55-34.pdf",
        "periodicity": "periodic"
    },
    {
        "equity_ticker": "COR",
        "geography": "US",
        "content_name": "COR Q3 2024 Presentation",
        "file_type": "pdf",
        "content_type": "earnings_presentation",
        "published_date": "2024-07-31",
        "fiscal_date": "2024-07-31",
        "fiscal_year": 2024,
        "fiscal_quarter": 3,
        "r2_url": "https://pub-2c783279b61043e19fbdadd1bee5153a.r2.dev/COR/2024-07-31/c6810-2024-07-31-11-50-25/c6810-2024-07-31-11-50-25.pdf/c6810-2024-07-31-11-50-25.pdf",
        "periodicity": "periodic"
    },
    {
        "equity_ticker": "COR",
        "geography": "US",
        "content_name": "2024 Leerink Partners Healthcare Crossroads Conference - May 30, 2024",
        "file_type": "pdf",
        "content_type": "company_conference_transcript",
        "published_date": "2024-05-30",
        "fiscal_date": "2024-05-30",
        "fiscal_year": null,
        "fiscal_quarter": null,
        "r2_url": "https://pub-2c783279b61043e19fbdadd1bee5153a.r2.dev/COR/2024-05-30/Cencora%2C%20Inc._2024-05-30_transcript/Cencora%2C%20Inc._2024-05-30_transcript.pdf/Cencora%2C%20Inc._2024-05-30_transcript.pdf",
        "periodicity": "non_periodic"
    },
    {
        "equity_ticker": "COR",
        "geography": "US",
        "content_name": "COR Q2 2024 Transcript",
        "file_type": "pdf",
        "content_type": "earnings_transcript",
        "published_date": "2024-05-01",
        "fiscal_date": "2024-05-01",
        "fiscal_year": 2024,
        "fiscal_quarter": 2,
        "r2_url": "https://pub-2c783279b61043e19fbdadd1bee5153a.r2.dev/COR/2024-05-01/Cencora%2C%20Inc._2024-05-01_transcript/Cencora%2C%20Inc._2024-05-01_transcript.pdf/Cencora%2C%20Inc._2024-05-01_transcript.pdf",
        "periodicity": "periodic"
    },
    {
        "equity_ticker": "COR",
        "geography": "US",
        "content_name": "COR Q2 2024 Press Release",
        "file_type": "pdf",
        "content_type": "earnings_press_release",
        "published_date": "2024-05-01",
        "fiscal_date": "2024-05-01",
        "fiscal_year": 2024,
        "fiscal_quarter": 2,
        "r2_url": "https://pub-2c783279b61043e19fbdadd1bee5153a.r2.dev/COR/2024-05-01/3d7c1-2024-05-01-10-38-33/3d7c1-2024-05-01-10-38-33.pdf/3d7c1-2024-05-01-10-38-33.pdf",
        "periodicity": "periodic"
    },
    {
        "equity_ticker": "COR",
        "geography": "US",
        "content_name": "COR Q2 2024 Presentation",
        "file_type": "pdf",
        "content_type": "earnings_presentation",
        "published_date": "2024-05-01",
        "fiscal_date": "2024-05-01",
        "fiscal_year": 2024,
        "fiscal_quarter": 2,
        "r2_url": "https://pub-2c783279b61043e19fbdadd1bee5153a.r2.dev/COR/2024-05-01/32651-2024-05-01-10-04-36/32651-2024-05-01-10-04-36.pdf/32651-2024-05-01-10-04-36.pdf",
        "periodicity": "periodic"
    },
    {
        "equity_ticker": "COR",
        "geography": "US",
        "content_name": "Barclays 26th Annual Global Healthcare Conference 2024 - March 14, 2024",
        "file_type": "pdf",
        "content_type": "sellside_conference_transcript",
        "published_date": "2024-03-14",
        "fiscal_date": "2024-03-14",
        "fiscal_year": null,
        "fiscal_quarter": null,
        "r2_url": "https://pub-2c783279b61043e19fbdadd1bee5153a.r2.dev/COR/2024-03-14/Cencora%2C%20Inc._2024-03-14_transcript/Cencora%2C%20Inc._2024-03-14_transcript.pdf/Cencora%2C%20Inc._2024-03-14_transcript.pdf",
        "periodicity": "non_periodic"
    },
    {
        "equity_ticker": "COR",
        "geography": "US",
        "content_name": "COR Q1 2024 Transcript",
        "file_type": "pdf",
        "content_type": "earnings_transcript",
        "published_date": "2024-01-31",
        "fiscal_date": "2024-01-31",
        "fiscal_year": 2024,
        "fiscal_quarter": 1,
        "r2_url": "https://pub-2c783279b61043e19fbdadd1bee5153a.r2.dev/COR/2024-01-31/Cencora%2C%20Inc._2024-01-31_transcript/Cencora%2C%20Inc._2024-01-31_transcript.pdf/Cencora%2C%20Inc._2024-01-31_transcript.pdf",
        "periodicity": "periodic"
    },
    {
        "equity_ticker": "COR",
        "geography": "US",
        "content_name": "COR Q1 2024 Press Release",
        "file_type": "pdf",
        "content_type": "earnings_press_release",
        "published_date": "2024-01-31",
        "fiscal_date": "2024-01-31",
        "fiscal_year": 2024,
        "fiscal_quarter": 1,
        "r2_url": "https://pub-2c783279b61043e19fbdadd1bee5153a.r2.dev/COR/2024-01-31/7aa35-2024-01-31-12-12-04/7aa35-2024-01-31-12-12-04.pdf/7aa35-2024-01-31-12-12-04.pdf",
        "periodicity": "periodic"
    },
    {
        "equity_ticker": "COR",
        "geography": "US",
        "content_name": "COR Q1 2024 Presentation",
        "file_type": "pdf",
        "content_type": "earnings_presentation",
        "published_date": "2024-01-31",
        "fiscal_date": "2024-01-31",
        "fiscal_year": 2024,
        "fiscal_quarter": 1,
        "r2_url": "https://pub-2c783279b61043e19fbdadd1bee5153a.r2.dev/COR/2024-01-31/df859-2024-01-31-12-11-56/df859-2024-01-31-12-11-56.pdf/df859-2024-01-31-12-11-56.pdf",
        "periodicity": "periodic"
    },
    {
        "equity_ticker": "COR",
        "geography": "US",
        "content_name": "J.P. Morgan 42nd Annual Healthcare Conference 2024 - January 8, 2024",
        "file_type": "pdf",
        "content_type": "sellside_conference_transcript",
        "published_date": "2024-01-08",
        "fiscal_date": "2024-01-08",
        "fiscal_year": null,
        "fiscal_quarter": null,
        "r2_url": "https://pub-2c783279b61043e19fbdadd1bee5153a.r2.dev/COR/2024-01-08/Cencora%2C%20Inc._2024-01-08_transcript/Cencora%2C%20Inc._2024-01-08_transcript.pdf/Cencora%2C%20Inc._2024-01-08_transcript.pdf",
        "periodicity": "non_periodic"
    },
    {
        "equity_ticker": "COR",
        "geography": "US",
        "content_name": "J.P. Morgan 42nd Annual Healthcare Conference 2024 - January 8, 2024",
        "file_type": "pdf",
        "content_type": "sellside_conference_presentation",
        "published_date": "2024-01-08",
        "fiscal_date": "2024-01-08",
        "fiscal_year": null,
        "fiscal_quarter": null,
        "r2_url": "https://pub-2c783279b61043e19fbdadd1bee5153a.r2.dev/COR/2024-01-08/30de9-2024-01-09-10-06-14/30de9-2024-01-09-10-06-14.pdf/30de9-2024-01-09-10-06-14.pdf",
        "periodicity": "non_periodic"
    },
    {
        "equity_ticker": "COR",
        "geography": "US",
        "content_name": "COR Q4 2023 Transcript",
        "file_type": "pdf",
        "content_type": "earnings_transcript",
        "published_date": "2023-11-02",
        "fiscal_date": "2023-11-02",
        "fiscal_year": 2023,
        "fiscal_quarter": 4,
        "r2_url": "https://pub-2c783279b61043e19fbdadd1bee5153a.r2.dev/COR/2023-11-02/Cencora%2C%20Inc._2023-11-02_transcript/Cencora%2C%20Inc._2023-11-02_transcript.pdf/Cencora%2C%20Inc._2023-11-02_transcript.pdf",
        "periodicity": "periodic"
    },
    {
        "equity_ticker": "COR",
        "geography": "US",
        "content_name": "COR Q4 2023 Press Release",
        "file_type": "pdf",
        "content_type": "earnings_press_release",
        "published_date": "2023-11-02",
        "fiscal_date": "2023-11-02",
        "fiscal_year": 2023,
        "fiscal_quarter": 4,
        "r2_url": "https://pub-2c783279b61043e19fbdadd1bee5153a.r2.dev/COR/2023-11-02/dceb1-2023-11-02-10-14-37/dceb1-2023-11-02-10-14-37.pdf/dceb1-2023-11-02-10-14-37.pdf",
        "periodicity": "periodic"
    },
    {
        "equity_ticker": "COR",
        "geography": "US",
        "content_name": "COR Q4 2023 Presentation",
        "file_type": "pdf",
        "content_type": "earnings_presentation",
        "published_date": "2023-11-02",
        "fiscal_date": "2023-11-02",
        "fiscal_year": 2023,
        "fiscal_quarter": 4,
        "r2_url": "https://pub-2c783279b61043e19fbdadd1bee5153a.r2.dev/COR/2023-11-02/f4316-2023-11-02-11-36-32/f4316-2023-11-02-11-36-32.pdf/f4316-2023-11-02-11-36-32.pdf",
        "periodicity": "periodic"
    },
    {
        "equity_ticker": "COR",
        "geography": "US",
        "content_name": "Baird's Global Healthcare Conference 2023 - September 12, 2023",
        "file_type": "pdf",
        "content_type": "company_conference_transcript",
        "published_date": "2023-09-12",
        "fiscal_date": "2023-09-12",
        "fiscal_year": null,
        "fiscal_quarter": null,
        "r2_url": "https://pub-2c783279b61043e19fbdadd1bee5153a.r2.dev/COR/2023-09-12/Cencora%2C%20Inc._2023-09-12_transcript/Cencora%2C%20Inc._2023-09-12_transcript.pdf/Cencora%2C%20Inc._2023-09-12_transcript.pdf",
        "periodicity": "non_periodic"
    },
    {
        "equity_ticker": "COR",
        "geography": "US",
        "content_name": "Morgan Stanley 21st Annual Global Healthcare Conference 2023 - September 11, 2023",
        "file_type": "pdf",
        "content_type": "sellside_conference_transcript",
        "published_date": "2023-09-11",
        "fiscal_date": "2023-09-11",
        "fiscal_year": null,
        "fiscal_quarter": null,
        "r2_url": "https://pub-2c783279b61043e19fbdadd1bee5153a.r2.dev/COR/2023-09-11/Cencora%2C%20Inc._2023-09-11_transcript/Cencora%2C%20Inc._2023-09-11_transcript.pdf/Cencora%2C%20Inc._2023-09-11_transcript.pdf",
        "periodicity": "non_periodic"
    },
    {
        "equity_ticker": "COR",
        "geography": "US",
        "content_name": "COR Q3 2023 Transcript",
        "file_type": "pdf",
        "content_type": "earnings_transcript",
        "published_date": "2023-08-02",
        "fiscal_date": "2023-08-02",
        "fiscal_year": 2023,
        "fiscal_quarter": 3,
        "r2_url": "https://pub-2c783279b61043e19fbdadd1bee5153a.r2.dev/COR/2023-08-02/Cencora%2C%20Inc._2023-08-02_transcript/Cencora%2C%20Inc._2023-08-02_transcript.pdf/Cencora%2C%20Inc._2023-08-02_transcript.pdf",
        "periodicity": "periodic"
    },
    {
        "equity_ticker": "COR",
        "geography": "US",
        "content_name": "COR Q3 2023 Press Release",
        "file_type": "pdf",
        "content_type": "earnings_press_release",
        "published_date": "2023-08-02",
        "fiscal_date": "2023-08-02",
        "fiscal_year": 2023,
        "fiscal_quarter": 3,
        "r2_url": "https://pub-2c783279b61043e19fbdadd1bee5153a.r2.dev/COR/2023-08-02/5607c-2023-08-02-10-12-36/5607c-2023-08-02-10-12-36.pdf/5607c-2023-08-02-10-12-36.pdf",
        "periodicity": "periodic"
    },
    {
        "equity_ticker": "COR",
        "geography": "US",
        "content_name": "COR Q3 2023 Presentation",
        "file_type": "pdf",
        "content_type": "earnings_presentation",
        "published_date": "2023-08-02",
        "fiscal_date": "2023-08-02",
        "fiscal_year": 2023,
        "fiscal_quarter": 3,
        "r2_url": "https://pub-2c783279b61043e19fbdadd1bee5153a.r2.dev/COR/2023-08-02/4ee1c-2023-08-02-11-47-02/4ee1c-2023-08-02-11-47-02.pdf/4ee1c-2023-08-02-11-47-02.pdf",
        "periodicity": "periodic"
    },
    {
        "equity_ticker": "COR",
        "geography": "US",
        "content_name": "Bank of America Global Healthcare Conference - May 10, 2023",
        "file_type": "pdf",
        "content_type": "company_conference_transcript",
        "published_date": "2023-05-10",
        "fiscal_date": "2023-05-10",
        "fiscal_year": null,
        "fiscal_quarter": null,
        "r2_url": "https://pub-2c783279b61043e19fbdadd1bee5153a.r2.dev/COR/2023-05-10/Cencora%2C%20Inc._2023-05-10_transcript/Cencora%2C%20Inc._2023-05-10_transcript.pdf/Cencora%2C%20Inc._2023-05-10_transcript.pdf",
        "periodicity": "non_periodic"
    },
    {
        "equity_ticker": "COR",
        "geography": "US",
        "content_name": "COR Q2 2023 Transcript",
        "file_type": "pdf",
        "content_type": "earnings_transcript",
        "published_date": "2023-05-02",
        "fiscal_date": "2023-05-02",
        "fiscal_year": 2023,
        "fiscal_quarter": 2,
        "r2_url": "https://pub-2c783279b61043e19fbdadd1bee5153a.r2.dev/COR/2023-05-02/Cencora%2C%20Inc._2023-05-02_transcript/Cencora%2C%20Inc._2023-05-02_transcript.pdf/Cencora%2C%20Inc._2023-05-02_transcript.pdf",
        "periodicity": "periodic"
    },
    {
        "equity_ticker": "COR",
        "geography": "US",
        "content_name": "COR Q2 2023 Press Release",
        "file_type": "pdf",
        "content_type": "earnings_press_release",
        "published_date": "2023-05-02",
        "fiscal_date": "2023-05-02",
        "fiscal_year": 2023,
        "fiscal_quarter": 2,
        "r2_url": "https://pub-2c783279b61043e19fbdadd1bee5153a.r2.dev/COR/2023-05-02/51e63-2023-05-02-11-09-05/51e63-2023-05-02-11-09-05.pdf/51e63-2023-05-02-11-09-05.pdf",
        "periodicity": "periodic"
    },
    {
        "equity_ticker": "COR",
        "geography": "US",
        "content_name": "COR Q2 2023 Presentation",
        "file_type": "pdf",
        "content_type": "earnings_presentation",
        "published_date": "2023-05-02",
        "fiscal_date": "2023-05-02",
        "fiscal_year": 2023,
        "fiscal_quarter": 2,
        "r2_url": "https://pub-2c783279b61043e19fbdadd1bee5153a.r2.dev/COR/2023-05-02/d3c7a-2023-05-02-11-21-05/d3c7a-2023-05-02-11-21-05.pdf/d3c7a-2023-05-02-11-21-05.pdf",
        "periodicity": "periodic"
    },
    {
        "equity_ticker": "COR",
        "geography": "US",
        "content_name": "Barclays Global Healthcare Conference - March 14, 2023",
        "file_type": "pdf",
        "content_type": "sellside_conference_transcript",
        "published_date": "2023-03-14",
        "fiscal_date": "2023-03-14",
        "fiscal_year": null,
        "fiscal_quarter": null,
        "r2_url": "https://pub-2c783279b61043e19fbdadd1bee5153a.r2.dev/COR/2023-03-14/Cencora%2C%20Inc._2023-03-14_transcript/Cencora%2C%20Inc._2023-03-14_transcript.pdf/Cencora%2C%20Inc._2023-03-14_transcript.pdf",
        "periodicity": "non_periodic"
    },
    {
        "equity_ticker": "COR",
        "geography": "US",
        "content_name": "COR Q1 2023 Transcript",
        "file_type": "pdf",
        "content_type": "earnings_transcript",
        "published_date": "2023-02-01",
        "fiscal_date": "2023-02-01",
        "fiscal_year": 2023,
        "fiscal_quarter": 1,
        "r2_url": "https://pub-2c783279b61043e19fbdadd1bee5153a.r2.dev/COR/2023-02-01/Cencora%2C%20Inc._2023-02-01_transcript/Cencora%2C%20Inc._2023-02-01_transcript.pdf/Cencora%2C%20Inc._2023-02-01_transcript.pdf",
        "periodicity": "periodic"
    },
    {
        "equity_ticker": "COR",
        "geography": "US",
        "content_name": "COR Q1 2023 Press Release",
        "file_type": "pdf",
        "content_type": "earnings_press_release",
        "published_date": "2023-02-01",
        "fiscal_date": "2023-02-01",
        "fiscal_year": 2023,
        "fiscal_quarter": 1,
        "r2_url": "https://pub-2c783279b61043e19fbdadd1bee5153a.r2.dev/COR/2023-02-01/1306f-2023-02-01-12-07-12/1306f-2023-02-01-12-07-12.pdf/1306f-2023-02-01-12-07-12.pdf",
        "periodicity": "periodic"
    },
    {
        "equity_ticker": "COR",
        "geography": "US",
        "content_name": "COR Q1 2023 Presentation",
        "file_type": "pdf",
        "content_type": "earnings_presentation",
        "published_date": "2023-02-01",
        "fiscal_date": "2023-02-01",
        "fiscal_year": 2023,
        "fiscal_quarter": 1,
        "r2_url": "https://pub-2c783279b61043e19fbdadd1bee5153a.r2.dev/COR/2023-02-01/dce78-2023-02-01-12-08-12/dce78-2023-02-01-12-08-12.pdf/dce78-2023-02-01-12-08-12.pdf",
        "periodicity": "periodic"
    },
    {
        "equity_ticker": "COR",
        "geography": "US",
        "content_name": "JPMorgan Healthcare Conference - January 9, 2023",
        "file_type": "pdf",
        "content_type": "sellside_conference_transcript",
        "published_date": "2023-01-09",
        "fiscal_date": "2023-01-09",
        "fiscal_year": null,
        "fiscal_quarter": null,
        "r2_url": "https://pub-2c783279b61043e19fbdadd1bee5153a.r2.dev/COR/2023-01-09/Cencora%2C%20Inc._2023-01-09_transcript/Cencora%2C%20Inc._2023-01-09_transcript.pdf/Cencora%2C%20Inc._2023-01-09_transcript.pdf",
        "periodicity": "non_periodic"
    },
    {
        "equity_ticker": "COR",
        "geography": "US",
        "content_name": "JPMorgan Healthcare Conference - January 9, 2023",
        "file_type": "pdf",
        "content_type": "sellside_conference_presentation",
        "published_date": "2023-01-09",
        "fiscal_date": "2023-01-09",
        "fiscal_year": null,
        "fiscal_quarter": null,
        "r2_url": "https://pub-2c783279b61043e19fbdadd1bee5153a.r2.dev/COR/2023-01-09/184b8-2023-01-24-02-23-25/184b8-2023-01-24-02-23-25.pdf/184b8-2023-01-24-02-23-25.pdf",
        "periodicity": "non_periodic"
    },
    {
        "equity_ticker": "COR",
        "geography": "US",
        "content_name": "COR Q4 2022 Transcript",
        "file_type": "pdf",
        "content_type": "earnings_transcript",
        "published_date": "2022-11-03",
        "fiscal_date": "2022-11-03",
        "fiscal_year": 2022,
        "fiscal_quarter": 4,
        "r2_url": "https://pub-2c783279b61043e19fbdadd1bee5153a.r2.dev/COR/2022-11-03/Cencora%2C%20Inc._2022-11-03_transcript/Cencora%2C%20Inc._2022-11-03_transcript.pdf/Cencora%2C%20Inc._2022-11-03_transcript.pdf",
        "periodicity": "periodic"
    },
    {
        "equity_ticker": "COR",
        "geography": "US",
        "content_name": "COR Q4 2022 Press Release",
        "file_type": "pdf",
        "content_type": "earnings_press_release",
        "published_date": "2022-11-03",
        "fiscal_date": "2022-11-03",
        "fiscal_year": 2022,
        "fiscal_quarter": 4,
        "r2_url": "https://pub-2c783279b61043e19fbdadd1bee5153a.r2.dev/COR/2022-11-03/8d6cc-2022-11-03-11-09-13/8d6cc-2022-11-03-11-09-13.pdf/8d6cc-2022-11-03-11-09-13.pdf",
        "periodicity": "periodic"
    },
    {
        "equity_ticker": "COR",
        "geography": "US",
        "content_name": "COR Q4 2022 Presentation",
        "file_type": "pdf",
        "content_type": "earnings_presentation",
        "published_date": "2022-11-03",
        "fiscal_date": "2022-11-03",
        "fiscal_year": 2022,
        "fiscal_quarter": 4,
        "r2_url": "https://pub-2c783279b61043e19fbdadd1bee5153a.r2.dev/COR/2022-11-03/78e61-2022-11-03-11-09-13/78e61-2022-11-03-11-09-13.pdf/78e61-2022-11-03-11-09-13.pdf",
        "periodicity": "periodic"
    },
    {
        "equity_ticker": "COR",
        "geography": "US",
        "content_name": "COR Q3 2022 Transcript",
        "file_type": "pdf",
        "content_type": "earnings_transcript",
        "published_date": "2022-08-03",
        "fiscal_date": "2022-08-03",
        "fiscal_year": 2022,
        "fiscal_quarter": 3,
        "r2_url": "https://pub-2c783279b61043e19fbdadd1bee5153a.r2.dev/COR/2022-08-03/Cencora%2C%20Inc._2022-08-03_transcript/Cencora%2C%20Inc._2022-08-03_transcript.pdf/Cencora%2C%20Inc._2022-08-03_transcript.pdf",
        "periodicity": "periodic"
    },
    {
        "equity_ticker": "COR",
        "geography": "US",
        "content_name": "COR Q3 2022 Press Release",
        "file_type": "pdf",
        "content_type": "earnings_press_release",
        "published_date": "2022-08-03",
        "fiscal_date": "2022-08-03",
        "fiscal_year": 2022,
        "fiscal_quarter": 3,
        "r2_url": "https://pub-2c783279b61043e19fbdadd1bee5153a.r2.dev/COR/2022-08-03/c0835-2022-08-03-11-33-16/c0835-2022-08-03-11-33-16.pdf/c0835-2022-08-03-11-33-16.pdf",
        "periodicity": "periodic"
    },
    {
        "equity_ticker": "COR",
        "geography": "US",
        "content_name": "COR Q3 2022 Presentation",
        "file_type": "pdf",
        "content_type": "earnings_presentation",
        "published_date": "2022-08-03",
        "fiscal_date": "2022-08-03",
        "fiscal_year": 2022,
        "fiscal_quarter": 3,
        "r2_url": "https://pub-2c783279b61043e19fbdadd1bee5153a.r2.dev/COR/2022-08-03/8d001-2022-08-03-11-33-16/8d001-2022-08-03-11-33-16.pdf/8d001-2022-08-03-11-33-16.pdf",
        "periodicity": "periodic"
    },
    {
        "equity_ticker": "COR",
        "geography": "US",
        "content_name": "Investor Day 2022 - June 1, 2022",
        "file_type": "pdf",
        "content_type": "company_conference_transcript",
        "published_date": "2022-06-01",
        "fiscal_date": "2022-06-01",
        "fiscal_year": null,
        "fiscal_quarter": null,
        "r2_url": "https://pub-2c783279b61043e19fbdadd1bee5153a.r2.dev/COR/2022-06-01/Cencora%2C%20Inc._2022-06-01_transcript/Cencora%2C%20Inc._2022-06-01_transcript.pdf/Cencora%2C%20Inc._2022-06-01_transcript.pdf",
        "periodicity": "non_periodic"
    },
    {
        "equity_ticker": "COR",
        "geography": "US",
        "content_name": "Investor Day 2022 - June 1, 2022",
        "file_type": "pdf",
        "content_type": "company_conference_press_release",
        "published_date": "2022-06-01",
        "fiscal_date": "2022-06-01",
        "fiscal_year": null,
        "fiscal_quarter": null,
        "r2_url": "https://pub-2c783279b61043e19fbdadd1bee5153a.r2.dev/COR/2022-06-01/34cd9-2022-06-01-07-59-42/34cd9-2022-06-01-07-59-42.pdf/34cd9-2022-06-01-07-59-42.pdf",
        "periodicity": "non_periodic"
    },
    {
        "equity_ticker": "COR",
        "geography": "US",
        "content_name": "Investor Day 2022 - June 1, 2022",
        "file_type": "pdf",
        "content_type": "company_conference_presentation",
        "published_date": "2022-06-01",
        "fiscal_date": "2022-06-01",
        "fiscal_year": null,
        "fiscal_quarter": null,
        "r2_url": "https://pub-2c783279b61043e19fbdadd1bee5153a.r2.dev/COR/2022-06-01/80f55-2022-06-01-07-59-42/80f55-2022-06-01-07-59-42.pdf/80f55-2022-06-01-07-59-42.pdf",
        "periodicity": "non_periodic"
    },
    {
        "equity_ticker": "COR",
        "geography": "US",
        "content_name": "COR Q2 2022 Transcript",
        "file_type": "pdf",
        "content_type": "earnings_transcript",
        "published_date": "2022-05-04",
        "fiscal_date": "2022-05-04",
        "fiscal_year": 2022,
        "fiscal_quarter": 2,
        "r2_url": "https://pub-2c783279b61043e19fbdadd1bee5153a.r2.dev/COR/2022-05-04/Cencora%2C%20Inc._2022-05-04_transcript/Cencora%2C%20Inc._2022-05-04_transcript.pdf/Cencora%2C%20Inc._2022-05-04_transcript.pdf",
        "periodicity": "periodic"
    },
    {
        "equity_ticker": "COR",
        "geography": "US",
        "content_name": "COR Q2 2022 Press Release",
        "file_type": "pdf",
        "content_type": "earnings_press_release",
        "published_date": "2022-05-04",
        "fiscal_date": "2022-05-04",
        "fiscal_year": 2022,
        "fiscal_quarter": 2,
        "r2_url": "https://pub-2c783279b61043e19fbdadd1bee5153a.r2.dev/COR/2022-05-04/4d9a1-2023-01-25-01-07-23/4d9a1-2023-01-25-01-07-23.pdf/4d9a1-2023-01-25-01-07-23.pdf",
        "periodicity": "periodic"
    },
    {
        "equity_ticker": "COR",
        "geography": "US",
        "content_name": "COR Q2 2022 Presentation",
        "file_type": "pdf",
        "content_type": "earnings_presentation",
        "published_date": "2022-05-04",
        "fiscal_date": "2022-05-04",
        "fiscal_year": 2022,
        "fiscal_quarter": 2,
        "r2_url": "https://pub-2c783279b61043e19fbdadd1bee5153a.r2.dev/COR/2022-05-04/45f47-2022-05-04-09-39-14-migrated/45f47-2022-05-04-09-39-14-migrated.pdf/45f47-2022-05-04-09-39-14-migrated.pdf",
        "periodicity": "periodic"
    },
    {
        "equity_ticker": "COR",
        "geography": "US",
        "content_name": "COR Q1 2022 Transcript",
        "file_type": "pdf",
        "content_type": "earnings_transcript",
        "published_date": "2022-02-02",
        "fiscal_date": "2022-02-02",
        "fiscal_year": 2022,
        "fiscal_quarter": 1,
        "r2_url": "https://pub-2c783279b61043e19fbdadd1bee5153a.r2.dev/COR/2022-02-02/Cencora%2C%20Inc._2022-02-02_transcript/Cencora%2C%20Inc._2022-02-02_transcript.pdf/Cencora%2C%20Inc._2022-02-02_transcript.pdf",
        "periodicity": "periodic"
    },
    {
        "equity_ticker": "COR",
        "geography": "US",
        "content_name": "COR Q1 2022 Press Release",
        "file_type": "pdf",
        "content_type": "earnings_press_release",
        "published_date": "2022-02-02",
        "fiscal_date": "2022-02-02",
        "fiscal_year": 2022,
        "fiscal_quarter": 1,
        "r2_url": "https://pub-2c783279b61043e19fbdadd1bee5153a.r2.dev/COR/2022-02-02/1f2c8-2023-01-25-12-19-21/1f2c8-2023-01-25-12-19-21.pdf/1f2c8-2023-01-25-12-19-21.pdf",
        "periodicity": "periodic"
    },
    {
        "equity_ticker": "COR",
        "geography": "US",
        "content_name": "COR Q1 2022 Presentation",
        "file_type": "pdf",
        "content_type": "earnings_presentation",
        "published_date": "2022-02-02",
        "fiscal_date": "2022-02-02",
        "fiscal_year": 2022,
        "fiscal_quarter": 1,
        "r2_url": "https://pub-2c783279b61043e19fbdadd1bee5153a.r2.dev/COR/2022-02-02/f7b8e-2022-06-12-02-08-42/f7b8e-2022-06-12-02-08-42.pdf/f7b8e-2022-06-12-02-08-42.pdf",
        "periodicity": "periodic"
    },
    {
        "equity_ticker": "COR",
        "geography": "US",
        "content_name": "COR Q4 2021 Transcript",
        "file_type": "pdf",
        "content_type": "earnings_transcript",
        "published_date": "2021-11-04",
        "fiscal_date": "2021-11-04",
        "fiscal_year": 2021,
        "fiscal_quarter": 4,
        "r2_url": "https://pub-2c783279b61043e19fbdadd1bee5153a.r2.dev/COR/2021-11-04/Cencora%2C%20Inc._2021-11-04_transcript/Cencora%2C%20Inc._2021-11-04_transcript.pdf/Cencora%2C%20Inc._2021-11-04_transcript.pdf",
        "periodicity": "periodic"
    },
    {
        "equity_ticker": "COR",
        "geography": "US",
        "content_name": "COR Q4 2021 Press Release",
        "file_type": "pdf",
        "content_type": "earnings_press_release",
        "published_date": "2021-11-04",
        "fiscal_date": "2021-11-04",
        "fiscal_year": 2021,
        "fiscal_quarter": 4,
        "r2_url": "https://pub-2c783279b61043e19fbdadd1bee5153a.r2.dev/COR/2021-11-04/70811-2023-01-25-10-17-22/70811-2023-01-25-10-17-22.pdf/70811-2023-01-25-10-17-22.pdf",
        "periodicity": "periodic"
    },
    {
        "equity_ticker": "COR",
        "geography": "US",
        "content_name": "COR Q4 2021 Presentation",
        "file_type": "pdf",
        "content_type": "earnings_presentation",
        "published_date": "2021-11-04",
        "fiscal_date": "2021-11-04",
        "fiscal_year": 2021,
        "fiscal_quarter": 4,
        "r2_url": "https://pub-2c783279b61043e19fbdadd1bee5153a.r2.dev/COR/2021-11-04/da79c-2021-11-04-12-00-00-migrated/da79c-2021-11-04-12-00-00-migrated.pdf/da79c-2021-11-04-12-00-00-migrated.pdf",
        "periodicity": "periodic"
    },
    {
        "equity_ticker": "COR",
        "geography": "US",
        "content_name": "COR Q3 2021 Transcript",
        "file_type": "pdf",
        "content_type": "earnings_transcript",
        "published_date": "2021-08-04",
        "fiscal_date": "2021-08-04",
        "fiscal_year": 2021,
        "fiscal_quarter": 3,
        "r2_url": "https://pub-2c783279b61043e19fbdadd1bee5153a.r2.dev/COR/2021-08-04/Cencora%2C%20Inc._2021-08-04_transcript/Cencora%2C%20Inc._2021-08-04_transcript.pdf/Cencora%2C%20Inc._2021-08-04_transcript.pdf",
        "periodicity": "periodic"
    },
    {
        "equity_ticker": "COR",
        "geography": "US",
        "content_name": "COR Q3 2021 Press Release",
        "file_type": "pdf",
        "content_type": "earnings_press_release",
        "published_date": "2021-08-04",
        "fiscal_date": "2021-08-04",
        "fiscal_year": 2021,
        "fiscal_quarter": 3,
        "r2_url": "https://pub-2c783279b61043e19fbdadd1bee5153a.r2.dev/COR/2021-08-04/7c098-2023-01-25-09-47-41/7c098-2023-01-25-09-47-41.pdf/7c098-2023-01-25-09-47-41.pdf",
        "periodicity": "periodic"
    },
    {
        "equity_ticker": "COR",
        "geography": "US",
        "content_name": "COR Q3 2021 Presentation",
        "file_type": "pdf",
        "content_type": "earnings_presentation",
        "published_date": "2021-08-04",
        "fiscal_date": "2021-08-04",
        "fiscal_year": 2021,
        "fiscal_quarter": 3,
        "r2_url": "https://pub-2c783279b61043e19fbdadd1bee5153a.r2.dev/COR/2021-08-04/172df-2022-06-12-02-58-43/172df-2022-06-12-02-58-43.pdf/172df-2022-06-12-02-58-43.pdf",
        "periodicity": "periodic"
    },
    {
        "equity_ticker": "COR",
        "geography": "US",
        "content_name": "COR Q2 2021 Transcript",
        "file_type": "pdf",
        "content_type": "earnings_transcript",
        "published_date": "2021-05-05",
        "fiscal_date": "2021-05-05",
        "fiscal_year": 2021,
        "fiscal_quarter": 2,
        "r2_url": "https://pub-2c783279b61043e19fbdadd1bee5153a.r2.dev/COR/2021-05-05/Cencora%2C%20Inc._2021-05-05_transcript/Cencora%2C%20Inc._2021-05-05_transcript.pdf/Cencora%2C%20Inc._2021-05-05_transcript.pdf",
        "periodicity": "periodic"
    },
    {
        "equity_ticker": "COR",
        "geography": "US",
        "content_name": "COR Q2 2021 Press Release",
        "file_type": "pdf",
        "content_type": "earnings_press_release",
        "published_date": "2021-05-05",
        "fiscal_date": "2021-05-05",
        "fiscal_year": 2021,
        "fiscal_quarter": 2,
        "r2_url": "https://pub-2c783279b61043e19fbdadd1bee5153a.r2.dev/COR/2021-05-05/1ae35-2023-01-25-09-13-47/1ae35-2023-01-25-09-13-47.pdf/1ae35-2023-01-25-09-13-47.pdf",
        "periodicity": "periodic"
    },
    {
        "equity_ticker": "COR",
        "geography": "US",
        "content_name": "COR Q2 2021 Presentation",
        "file_type": "pdf",
        "content_type": "earnings_presentation",
        "published_date": "2021-05-05",
        "fiscal_date": "2021-05-05",
        "fiscal_year": 2021,
        "fiscal_quarter": 2,
        "r2_url": "https://pub-2c783279b61043e19fbdadd1bee5153a.r2.dev/COR/2021-05-05/1c231-2021-05-05-06-16-02-migrated/1c231-2021-05-05-06-16-02-migrated.pdf/1c231-2021-05-05-06-16-02-migrated.pdf",
        "periodicity": "periodic"
    },
    {
        "equity_ticker": "COR",
        "geography": "US",
        "content_name": "AGM 2021 - March 11, 2021",
        "file_type": "pdf",
        "content_type": "company_conference_transcript",
        "published_date": "2021-03-11",
        "fiscal_date": "2021-03-11",
        "fiscal_year": null,
        "fiscal_quarter": null,
        "r2_url": "https://pub-2c783279b61043e19fbdadd1bee5153a.r2.dev/COR/2021-03-11/Cencora%2C%20Inc._2021-03-11_transcript/Cencora%2C%20Inc._2021-03-11_transcript.pdf/Cencora%2C%20Inc._2021-03-11_transcript.pdf",
        "periodicity": "non_periodic"
    },
    {
        "equity_ticker": "COR",
        "geography": "US",
        "content_name": "COR Q1 2021 Transcript",
        "file_type": "pdf",
        "content_type": "earnings_transcript",
        "published_date": "2021-02-04",
        "fiscal_date": "2021-02-04",
        "fiscal_year": 2021,
        "fiscal_quarter": 1,
        "r2_url": "https://pub-2c783279b61043e19fbdadd1bee5153a.r2.dev/COR/2021-02-04/Cencora%2C%20Inc._2021-02-04_transcript/Cencora%2C%20Inc._2021-02-04_transcript.pdf/Cencora%2C%20Inc._2021-02-04_transcript.pdf",
        "periodicity": "periodic"
    },
    {
        "equity_ticker": "COR",
        "geography": "US",
        "content_name": "COR Q1 2021 Press Release",
        "file_type": "pdf",
        "content_type": "earnings_press_release",
        "published_date": "2021-02-04",
        "fiscal_date": "2021-02-04",
        "fiscal_year": 2021,
        "fiscal_quarter": 1,
        "r2_url": "https://pub-2c783279b61043e19fbdadd1bee5153a.r2.dev/COR/2021-02-04/1e766-2024-03-27-12-12-09/1e766-2024-03-27-12-12-09.pdf/1e766-2024-03-27-12-12-09.pdf",
        "periodicity": "periodic"
    },
    {
        "equity_ticker": "COR",
        "geography": "US",
        "content_name": "COR Q1 2021 Presentation",
        "file_type": "pdf",
        "content_type": "earnings_presentation",
        "published_date": "2021-02-04",
        "fiscal_date": "2021-02-04",
        "fiscal_year": 2021,
        "fiscal_quarter": 1,
        "r2_url": "https://pub-2c783279b61043e19fbdadd1bee5153a.r2.dev/COR/2021-02-04/24222-2024-03-27-12-12-09/24222-2024-03-27-12-12-09.pdf/24222-2024-03-27-12-12-09.pdf",
        "periodicity": "periodic"
    },
    {
        "equity_ticker": "COR",
        "geography": "US",
        "content_name": "M&A Announcement - January 6, 2021",
        "file_type": "pdf",
        "content_type": "company_conference_transcript",
        "published_date": "2021-01-06",
        "fiscal_date": "2021-01-06",
        "fiscal_year": null,
        "fiscal_quarter": null,
        "r2_url": "https://pub-2c783279b61043e19fbdadd1bee5153a.r2.dev/COR/2021-01-06/Cencora%2C%20Inc._2021-01-06_transcript/Cencora%2C%20Inc._2021-01-06_transcript.pdf/Cencora%2C%20Inc._2021-01-06_transcript.pdf",
        "periodicity": "non_periodic"
    },
    {
        "equity_ticker": "COR",
        "geography": "US",
        "content_name": "M&A Announcement - January 6, 2021",
        "file_type": "pdf",
        "content_type": "company_conference_press_release",
        "published_date": "2021-01-06",
        "fiscal_date": "2021-01-06",
        "fiscal_year": null,
        "fiscal_quarter": null,
        "r2_url": "https://pub-2c783279b61043e19fbdadd1bee5153a.r2.dev/COR/2021-01-06/82a33-2024-03-27-01-13-48/82a33-2024-03-27-01-13-48.pdf/82a33-2024-03-27-01-13-48.pdf",
        "periodicity": "non_periodic"
    },
    {
        "equity_ticker": "COR",
        "geography": "US",
        "content_name": "M&A Announcement - January 6, 2021",
        "file_type": "pdf",
        "content_type": "company_conference_presentation",
        "published_date": "2021-01-06",
        "fiscal_date": "2021-01-06",
        "fiscal_year": null,
        "fiscal_quarter": null,
        "r2_url": "https://pub-2c783279b61043e19fbdadd1bee5153a.r2.dev/COR/2021-01-06/2bb14-2024-03-27-01-13-48/2bb14-2024-03-27-01-13-48.pdf/2bb14-2024-03-27-01-13-48.pdf",
        "periodicity": "non_periodic"
    },
    {
        "equity_ticker": "COR",
        "geography": "US",
        "content_name": "COR Q4 2020 Transcript",
        "file_type": "pdf",
        "content_type": "earnings_transcript",
        "published_date": "2020-11-05",
        "fiscal_date": "2020-11-05",
        "fiscal_year": 2020,
        "fiscal_quarter": 4,
        "r2_url": "https://pub-2c783279b61043e19fbdadd1bee5153a.r2.dev/COR/2020-11-05/Cencora%2C%20Inc._2020-11-05_transcript/Cencora%2C%20Inc._2020-11-05_transcript.pdf/Cencora%2C%20Inc._2020-11-05_transcript.pdf",
        "periodicity": "periodic"
    },
    {
        "equity_ticker": "COR",
        "geography": "US",
        "content_name": "COR Q4 2020 Press Release",
        "file_type": "pdf",
        "content_type": "earnings_press_release",
        "published_date": "2020-11-05",
        "fiscal_date": "2020-11-05",
        "fiscal_year": 2020,
        "fiscal_quarter": 4,
        "r2_url": "https://pub-2c783279b61043e19fbdadd1bee5153a.r2.dev/COR/2020-11-05/71c86-2024-03-27-12-54-10/71c86-2024-03-27-12-54-10.pdf/71c86-2024-03-27-12-54-10.pdf",
        "periodicity": "periodic"
    },
    {
        "equity_ticker": "COR",
        "geography": "US",
        "content_name": "COR Q4 2020 Presentation",
        "file_type": "pdf",
        "content_type": "earnings_presentation",
        "published_date": "2020-11-05",
        "fiscal_date": "2020-11-05",
        "fiscal_year": 2020,
        "fiscal_quarter": 4,
        "r2_url": "https://pub-2c783279b61043e19fbdadd1bee5153a.r2.dev/COR/2020-11-05/9ca9b-2024-03-27-12-54-10/9ca9b-2024-03-27-12-54-10.pdf/9ca9b-2024-03-27-12-54-10.pdf",
        "periodicity": "periodic"
    },
    {
        "equity_ticker": "COR",
        "geography": "US",
        "content_name": "COR Q3 2020 Transcript",
        "file_type": "pdf",
        "content_type": "earnings_transcript",
        "published_date": "2020-08-05",
        "fiscal_date": "2020-08-05",
        "fiscal_year": 2020,
        "fiscal_quarter": 3,
        "r2_url": "https://pub-2c783279b61043e19fbdadd1bee5153a.r2.dev/COR/2020-08-05/Cencora%2C%20Inc._2020-08-05_transcript/Cencora%2C%20Inc._2020-08-05_transcript.pdf/Cencora%2C%20Inc._2020-08-05_transcript.pdf",
        "periodicity": "periodic"
    },
    {
        "equity_ticker": "COR",
        "geography": "US",
        "content_name": "COR Q3 2020 Press Release",
        "file_type": "pdf",
        "content_type": "earnings_press_release",
        "published_date": "2020-08-05",
        "fiscal_date": "2020-08-05",
        "fiscal_year": 2020,
        "fiscal_quarter": 3,
        "r2_url": "https://pub-2c783279b61043e19fbdadd1bee5153a.r2.dev/COR/2020-08-05/d520e-2024-03-27-12-14-13/d520e-2024-03-27-12-14-13.pdf/d520e-2024-03-27-12-14-13.pdf",
        "periodicity": "periodic"
    },
    {
        "equity_ticker": "COR",
        "geography": "US",
        "content_name": "COR Q3 2020 Presentation",
        "file_type": "pdf",
        "content_type": "earnings_presentation",
        "published_date": "2020-08-05",
        "fiscal_date": "2020-08-05",
        "fiscal_year": 2020,
        "fiscal_quarter": 3,
        "r2_url": "https://pub-2c783279b61043e19fbdadd1bee5153a.r2.dev/COR/2020-08-05/62033-2024-03-27-12-14-13/62033-2024-03-27-12-14-13.pdf/62033-2024-03-27-12-14-13.pdf",
        "periodicity": "periodic"
    },
    {
        "equity_ticker": "COR",
        "geography": "US",
        "content_name": "COR Q2 2020 Transcript",
        "file_type": "pdf",
        "content_type": "earnings_transcript",
        "published_date": "2020-05-07",
        "fiscal_date": "2020-05-07",
        "fiscal_year": 2020,
        "fiscal_quarter": 2,
        "r2_url": "https://pub-2c783279b61043e19fbdadd1bee5153a.r2.dev/COR/2020-05-07/Cencora%2C%20Inc._2020-05-07_transcript/Cencora%2C%20Inc._2020-05-07_transcript.pdf/Cencora%2C%20Inc._2020-05-07_transcript.pdf",
        "periodicity": "periodic"
    },
    {
        "equity_ticker": "COR",
        "geography": "US",
        "content_name": "COR Q2 2020 Press Release",
        "file_type": "pdf",
        "content_type": "earnings_press_release",
        "published_date": "2020-05-07",
        "fiscal_date": "2020-05-07",
        "fiscal_year": 2020,
        "fiscal_quarter": 2,
        "r2_url": "https://pub-2c783279b61043e19fbdadd1bee5153a.r2.dev/COR/2020-05-07/81c62-2024-03-27-12-48-14/81c62-2024-03-27-12-48-14.pdf/81c62-2024-03-27-12-48-14.pdf",
        "periodicity": "periodic"
    },
    {
        "equity_ticker": "COR",
        "geography": "US",
        "content_name": "COR Q2 2020 Presentation",
        "file_type": "pdf",
        "content_type": "earnings_presentation",
        "published_date": "2020-05-07",
        "fiscal_date": "2020-05-07",
        "fiscal_year": 2020,
        "fiscal_quarter": 2,
        "r2_url": "https://pub-2c783279b61043e19fbdadd1bee5153a.r2.dev/COR/2020-05-07/00bcb-2024-03-27-12-48-14/00bcb-2024-03-27-12-48-14.pdf/00bcb-2024-03-27-12-48-14.pdf",
        "periodicity": "periodic"
    },
    {
        "equity_ticker": "COR",
        "geography": "US",
        "content_name": "COR Q1 2020 Transcript",
        "file_type": "pdf",
        "content_type": "earnings_transcript",
        "published_date": "2020-01-30",
        "fiscal_date": "2020-01-30",
        "fiscal_year": 2020,
        "fiscal_quarter": 1,
        "r2_url": "https://pub-2c783279b61043e19fbdadd1bee5153a.r2.dev/COR/2020-01-30/Cencora%2C%20Inc._2020-01-30_transcript/Cencora%2C%20Inc._2020-01-30_transcript.pdf/Cencora%2C%20Inc._2020-01-30_transcript.pdf",
        "periodicity": "periodic"
    },
    {
        "equity_ticker": "COR",
        "geography": "US",
        "content_name": "COR Q1 2020 Press Release",
        "file_type": "pdf",
        "content_type": "earnings_press_release",
        "published_date": "2020-01-30",
        "fiscal_date": "2020-01-30",
        "fiscal_year": 2020,
        "fiscal_quarter": 1,
        "r2_url": "https://pub-2c783279b61043e19fbdadd1bee5153a.r2.dev/COR/2020-01-30/02504-2024-03-27-12-20-16/02504-2024-03-27-12-20-16.pdf/02504-2024-03-27-12-20-16.pdf",
        "periodicity": "periodic"
    },
    {
        "equity_ticker": "COR",
        "geography": "US",
        "content_name": "COR Q1 2020 Presentation",
        "file_type": "pdf",
        "content_type": "earnings_presentation",
        "published_date": "2020-01-30",
        "fiscal_date": "2020-01-30",
        "fiscal_year": 2020,
        "fiscal_quarter": 1,
        "r2_url": "https://pub-2c783279b61043e19fbdadd1bee5153a.r2.dev/COR/2020-01-30/b8534-2024-03-27-12-20-16/b8534-2024-03-27-12-20-16.pdf/b8534-2024-03-27-12-20-16.pdf",
        "periodicity": "periodic"
    },
    {
        "equity_ticker": "COR",
        "geography": "US",
        "content_name": "COR Q4 2019 Transcript",
        "file_type": "pdf",
        "content_type": "earnings_transcript",
        "published_date": "2019-11-07",
        "fiscal_date": "2019-11-07",
        "fiscal_year": 2019,
        "fiscal_quarter": 4,
        "r2_url": "https://pub-2c783279b61043e19fbdadd1bee5153a.r2.dev/COR/2019-11-07/Cencora%2C%20Inc._2019-11-07_transcript/Cencora%2C%20Inc._2019-11-07_transcript.pdf/Cencora%2C%20Inc._2019-11-07_transcript.pdf",
        "periodicity": "periodic"
    },
    {
        "equity_ticker": "COR",
        "geography": "US",
        "content_name": "COR Q4 2019 Press Release",
        "file_type": "pdf",
        "content_type": "earnings_press_release",
        "published_date": "2019-11-07",
        "fiscal_date": "2019-11-07",
        "fiscal_year": 2019,
        "fiscal_quarter": 4,
        "r2_url": "https://pub-2c783279b61043e19fbdadd1bee5153a.r2.dev/COR/2019-11-07/12bd1-2024-03-27-12-49-17/12bd1-2024-03-27-12-49-17.pdf/12bd1-2024-03-27-12-49-17.pdf",
        "periodicity": "periodic"
    },
    {
        "equity_ticker": "COR",
        "geography": "US",
        "content_name": "COR Q4 2019 Presentation",
        "file_type": "pdf",
        "content_type": "earnings_presentation",
        "published_date": "2019-11-07",
        "fiscal_date": "2019-11-07",
        "fiscal_year": 2019,
        "fiscal_quarter": 4,
        "r2_url": "https://pub-2c783279b61043e19fbdadd1bee5153a.r2.dev/COR/2019-11-07/3dbdd-2024-03-27-12-49-17/3dbdd-2024-03-27-12-49-17.pdf/3dbdd-2024-03-27-12-49-17.pdf",
        "periodicity": "periodic"
    },
    {
        "equity_ticker": "COR",
        "geography": "US",
        "content_name": "COR Q3 2019 Transcript",
        "file_type": "pdf",
        "content_type": "earnings_transcript",
        "published_date": "2019-08-01",
        "fiscal_date": "2019-08-01",
        "fiscal_year": 2019,
        "fiscal_quarter": 3,
        "r2_url": "https://pub-2c783279b61043e19fbdadd1bee5153a.r2.dev/COR/2019-08-01/Cencora%2C%20Inc._2019-08-01_transcript/Cencora%2C%20Inc._2019-08-01_transcript.pdf/Cencora%2C%20Inc._2019-08-01_transcript.pdf",
        "periodicity": "periodic"
    },
    {
        "equity_ticker": "COR",
        "geography": "US",
        "content_name": "COR Q3 2019 Press Release",
        "file_type": "pdf",
        "content_type": "earnings_press_release",
        "published_date": "2019-08-01",
        "fiscal_date": "2019-08-01",
        "fiscal_year": 2019,
        "fiscal_quarter": 3,
        "r2_url": "https://pub-2c783279b61043e19fbdadd1bee5153a.r2.dev/COR/2019-08-01/0aa30-2024-03-27-12-10-20/0aa30-2024-03-27-12-10-20.pdf/0aa30-2024-03-27-12-10-20.pdf",
        "periodicity": "periodic"
    },
    {
        "equity_ticker": "COR",
        "geography": "US",
        "content_name": "COR Q3 2019 Presentation",
        "file_type": "pdf",
        "content_type": "earnings_presentation",
        "published_date": "2019-08-01",
        "fiscal_date": "2019-08-01",
        "fiscal_year": 2019,
        "fiscal_quarter": 3,
        "r2_url": "https://pub-2c783279b61043e19fbdadd1bee5153a.r2.dev/COR/2019-08-01/4cd8b-2024-03-27-12-10-20/4cd8b-2024-03-27-12-10-20.pdf/4cd8b-2024-03-27-12-10-20.pdf",
        "periodicity": "periodic"
    },
    {
        "equity_ticker": "COR",
        "geography": "US",
        "content_name": "COR Q2 2019 Transcript",
        "file_type": "pdf",
        "content_type": "earnings_transcript",
        "published_date": "2019-05-02",
        "fiscal_date": "2019-05-02",
        "fiscal_year": 2019,
        "fiscal_quarter": 2,
        "r2_url": "https://pub-2c783279b61043e19fbdadd1bee5153a.r2.dev/COR/2019-05-02/Cencora%2C%20Inc._2019-05-02_transcript/Cencora%2C%20Inc._2019-05-02_transcript.pdf/Cencora%2C%20Inc._2019-05-02_transcript.pdf",
        "periodicity": "periodic"
    },
    {
        "equity_ticker": "COR",
        "geography": "US",
        "content_name": "COR Q2 2019 Press Release",
        "file_type": "pdf",
        "content_type": "earnings_press_release",
        "published_date": "2019-05-02",
        "fiscal_date": "2019-05-02",
        "fiscal_year": 2019,
        "fiscal_quarter": 2,
        "r2_url": "https://pub-2c783279b61043e19fbdadd1bee5153a.r2.dev/COR/2019-05-02/82ac9-2024-03-27-12-42-21/82ac9-2024-03-27-12-42-21.pdf/82ac9-2024-03-27-12-42-21.pdf",
        "periodicity": "periodic"
    },
    {
        "equity_ticker": "COR",
        "geography": "US",
        "content_name": "COR Q2 2019 Presentation",
        "file_type": "pdf",
        "content_type": "earnings_presentation",
        "published_date": "2019-05-02",
        "fiscal_date": "2019-05-02",
        "fiscal_year": 2019,
        "fiscal_quarter": 2,
        "r2_url": "https://pub-2c783279b61043e19fbdadd1bee5153a.r2.dev/COR/2019-05-02/cbdba-2024-03-27-12-43-21/cbdba-2024-03-27-12-43-21.pdf/cbdba-2024-03-27-12-43-21.pdf",
        "periodicity": "periodic"
    },
    {
        "equity_ticker": "COR",
        "geography": "US",
        "content_name": "COR Q1 2019 Transcript",
        "file_type": "pdf",
        "content_type": "earnings_transcript",
        "published_date": "2019-01-31",
        "fiscal_date": "2019-01-31",
        "fiscal_year": 2019,
        "fiscal_quarter": 1,
        "r2_url": "https://pub-2c783279b61043e19fbdadd1bee5153a.r2.dev/COR/2019-01-31/Cencora%2C%20Inc._2019-01-31_transcript/Cencora%2C%20Inc._2019-01-31_transcript.pdf/Cencora%2C%20Inc._2019-01-31_transcript.pdf",
        "periodicity": "periodic"
    },
    {
        "equity_ticker": "COR",
        "geography": "US",
        "content_name": "COR Q1 2019 Press Release",
        "file_type": "pdf",
        "content_type": "earnings_press_release",
        "published_date": "2019-01-31",
        "fiscal_date": "2019-01-31",
        "fiscal_year": 2019,
        "fiscal_quarter": 1,
        "r2_url": "https://pub-2c783279b61043e19fbdadd1bee5153a.r2.dev/COR/2019-01-31/4f71c-2024-03-27-12-09-23/4f71c-2024-03-27-12-09-23.pdf/4f71c-2024-03-27-12-09-23.pdf",
        "periodicity": "periodic"
    },
    {
        "equity_ticker": "COR",
        "geography": "US",
        "content_name": "COR Q1 2019 Presentation",
        "file_type": "pdf",
        "content_type": "earnings_presentation",
        "published_date": "2019-01-31",
        "fiscal_date": "2019-01-31",
        "fiscal_year": 2019,
        "fiscal_quarter": 1,
        "r2_url": "https://pub-2c783279b61043e19fbdadd1bee5153a.r2.dev/COR/2019-01-31/18987-2024-03-27-12-09-23/18987-2024-03-27-12-09-23.pdf/18987-2024-03-27-12-09-23.pdf",
        "periodicity": "periodic"
    },
    {
        "equity_ticker": "COR",
        "geography": "US",
        "content_name": "COR Q4 2018 Transcript",
        "file_type": "pdf",
        "content_type": "earnings_transcript",
        "published_date": "2018-11-06",
        "fiscal_date": "2018-11-06",
        "fiscal_year": 2018,
        "fiscal_quarter": 4,
        "r2_url": "https://pub-2c783279b61043e19fbdadd1bee5153a.r2.dev/COR/2018-11-06/Cencora%2C%20Inc._2018-11-06_transcript/Cencora%2C%20Inc._2018-11-06_transcript.pdf/Cencora%2C%20Inc._2018-11-06_transcript.pdf",
        "periodicity": "periodic"
    },
    {
        "equity_ticker": "COR",
        "geography": "US",
        "content_name": "COR Q4 2018 Press Release",
        "file_type": "pdf",
        "content_type": "earnings_press_release",
        "published_date": "2018-11-06",
        "fiscal_date": "2018-11-06",
        "fiscal_year": 2018,
        "fiscal_quarter": 4,
        "r2_url": "https://pub-2c783279b61043e19fbdadd1bee5153a.r2.dev/COR/2018-11-06/a9e54-2024-03-27-12-26-24/a9e54-2024-03-27-12-26-24.pdf/a9e54-2024-03-27-12-26-24.pdf",
        "periodicity": "periodic"
    },
    {
        "equity_ticker": "COR",
        "geography": "US",
        "content_name": "COR Q4 2018 Presentation",
        "file_type": "pdf",
        "content_type": "earnings_presentation",
        "published_date": "2018-11-06",
        "fiscal_date": "2018-11-06",
        "fiscal_year": 2018,
        "fiscal_quarter": 4,
        "r2_url": "https://pub-2c783279b61043e19fbdadd1bee5153a.r2.dev/COR/2018-11-06/0f6c9-2024-03-27-12-26-24/0f6c9-2024-03-27-12-26-24.pdf/0f6c9-2024-03-27-12-26-24.pdf",
        "periodicity": "periodic"
    },
    {
        "equity_ticker": "COR",
        "geography": "US",
        "content_name": "COR Q3 2018 Transcript",
        "file_type": "pdf",
        "content_type": "earnings_transcript",
        "published_date": "2018-08-02",
        "fiscal_date": "2018-08-02",
        "fiscal_year": 2018,
        "fiscal_quarter": 3,
        "r2_url": "https://pub-2c783279b61043e19fbdadd1bee5153a.r2.dev/COR/2018-08-02/Cencora%2C%20Inc._2018-08-02_transcript/Cencora%2C%20Inc._2018-08-02_transcript.pdf/Cencora%2C%20Inc._2018-08-02_transcript.pdf",
        "periodicity": "periodic"
    },
    {
        "equity_ticker": "COR",
        "geography": "US",
        "content_name": "COR Q3 2018 Press Release",
        "file_type": "pdf",
        "content_type": "earnings_press_release",
        "published_date": "2018-08-02",
        "fiscal_date": "2018-08-02",
        "fiscal_year": 2018,
        "fiscal_quarter": 3,
        "r2_url": "https://pub-2c783279b61043e19fbdadd1bee5153a.r2.dev/COR/2018-08-02/088b3-2024-03-27-12-05-26/088b3-2024-03-27-12-05-26.pdf/088b3-2024-03-27-12-05-26.pdf",
        "periodicity": "periodic"
    },
    {
        "equity_ticker": "COR",
        "geography": "US",
        "content_name": "COR Q3 2018 Presentation",
        "file_type": "pdf",
        "content_type": "earnings_presentation",
        "published_date": "2018-08-02",
        "fiscal_date": "2018-08-02",
        "fiscal_year": 2018,
        "fiscal_quarter": 3,
        "r2_url": "https://pub-2c783279b61043e19fbdadd1bee5153a.r2.dev/COR/2018-08-02/2864f-2024-03-27-12-05-26/2864f-2024-03-27-12-05-26.pdf/2864f-2024-03-27-12-05-26.pdf",
        "periodicity": "periodic"
    },
    {
        "equity_ticker": "COR",
        "geography": "US",
        "content_name": "COR Q2 2018 Transcript",
        "file_type": "pdf",
        "content_type": "earnings_transcript",
        "published_date": "2018-05-02",
        "fiscal_date": "2018-05-02",
        "fiscal_year": 2018,
        "fiscal_quarter": 2,
        "r2_url": "https://pub-2c783279b61043e19fbdadd1bee5153a.r2.dev/COR/2018-05-02/Cencora%2C%20Inc._2018-05-02_transcript/Cencora%2C%20Inc._2018-05-02_transcript.pdf/Cencora%2C%20Inc._2018-05-02_transcript.pdf",
        "periodicity": "periodic"
    },
    {
        "equity_ticker": "COR",
        "geography": "US",
        "content_name": "COR Q2 2018 Press Release",
        "file_type": "pdf",
        "content_type": "earnings_press_release",
        "published_date": "2018-05-02",
        "fiscal_date": "2018-05-02",
        "fiscal_year": 2018,
        "fiscal_quarter": 2,
        "r2_url": "https://pub-2c783279b61043e19fbdadd1bee5153a.r2.dev/COR/2018-05-02/b5548-2024-03-27-12-16-28/b5548-2024-03-27-12-16-28.pdf/b5548-2024-03-27-12-16-28.pdf",
        "periodicity": "periodic"
    },
    {
        "equity_ticker": "COR",
        "geography": "US",
        "content_name": "COR Q2 2018 Presentation",
        "file_type": "pdf",
        "content_type": "earnings_presentation",
        "published_date": "2018-05-02",
        "fiscal_date": "2018-05-02",
        "fiscal_year": 2018,
        "fiscal_quarter": 2,
        "r2_url": "https://pub-2c783279b61043e19fbdadd1bee5153a.r2.dev/COR/2018-05-02/21388-2024-03-27-12-16-28/21388-2024-03-27-12-16-28.pdf/21388-2024-03-27-12-16-28.pdf",
        "periodicity": "periodic"
    },
    {
        "equity_ticker": "COR",
        "geography": "US",
        "content_name": "COR Q1 2018 Transcript",
        "file_type": "pdf",
        "content_type": "earnings_transcript",
        "published_date": "2018-02-06",
        "fiscal_date": "2018-02-06",
        "fiscal_year": 2018,
        "fiscal_quarter": 1,
        "r2_url": "https://pub-2c783279b61043e19fbdadd1bee5153a.r2.dev/COR/2018-02-06/Cencora%2C%20Inc._2018-02-06_transcript/Cencora%2C%20Inc._2018-02-06_transcript.pdf/Cencora%2C%20Inc._2018-02-06_transcript.pdf",
        "periodicity": "periodic"
    },
    {
        "equity_ticker": "COR",
        "geography": "US",
        "content_name": "COR Q1 2018 Press Release",
        "file_type": "pdf",
        "content_type": "earnings_press_release",
        "published_date": "2018-02-06",
        "fiscal_date": "2018-02-06",
        "fiscal_year": 2018,
        "fiscal_quarter": 1,
        "r2_url": "https://pub-2c783279b61043e19fbdadd1bee5153a.r2.dev/COR/2018-02-06/02cfc-2024-03-27-12-38-29/02cfc-2024-03-27-12-38-29.pdf/02cfc-2024-03-27-12-38-29.pdf",
        "periodicity": "periodic"
    },
    {
        "equity_ticker": "COR",
        "geography": "US",
        "content_name": "COR Q1 2018 Presentation",
        "file_type": "pdf",
        "content_type": "earnings_presentation",
        "published_date": "2018-02-06",
        "fiscal_date": "2018-02-06",
        "fiscal_year": 2018,
        "fiscal_quarter": 1,
        "r2_url": "https://pub-2c783279b61043e19fbdadd1bee5153a.r2.dev/COR/2018-02-06/cfc40-2024-03-27-12-38-29/cfc40-2024-03-27-12-38-29.pdf/cfc40-2024-03-27-12-38-29.pdf",
        "periodicity": "periodic"
    },
    {
        "equity_ticker": "COR",
        "geography": "US",
        "content_name": "COR Q4 2017 Transcript",
        "file_type": "pdf",
        "content_type": "earnings_transcript",
        "published_date": "2017-11-21",
        "fiscal_date": "2017-11-21",
        "fiscal_year": 2017,
        "fiscal_quarter": 4,
        "r2_url": "https://pub-2c783279b61043e19fbdadd1bee5153a.r2.dev/COR/2017-11-21/Cencora%2C%20Inc._2017-11-21_transcript/Cencora%2C%20Inc._2017-11-21_transcript.pdf/Cencora%2C%20Inc._2017-11-21_transcript.pdf",
        "periodicity": "periodic"
    },
    {
        "equity_ticker": "COR",
        "geography": "US",
        "content_name": "COR Q4 2017 Press Release",
        "file_type": "pdf",
        "content_type": "annual_report",
        "published_date": "2017-11-21",
        "fiscal_date": "2017-11-21",
        "fiscal_year": 2017,
        "fiscal_quarter": 4,
        "r2_url": "https://pub-2c783279b61043e19fbdadd1bee5153a.r2.dev/COR/2017-11-21/28050-2023-09-05-09-23-32/28050-2023-09-05-09-23-32.pdf/28050-2023-09-05-09-23-32.pdf",
        "periodicity": "periodic"
    },
    {
        "equity_ticker": "COR",
        "geography": "US",
        "content_name": "COR Q3 2017 Transcript",
        "file_type": "pdf",
        "content_type": "earnings_transcript",
        "published_date": "2017-10-26",
        "fiscal_date": "2017-10-26",
        "fiscal_year": 2017,
        "fiscal_quarter": 3,
        "r2_url": "https://pub-2c783279b61043e19fbdadd1bee5153a.r2.dev/COR/2017-10-26/Cencora%2C%20Inc._2017-10-26_transcript/Cencora%2C%20Inc._2017-10-26_transcript.pdf/Cencora%2C%20Inc._2017-10-26_transcript.pdf",
        "periodicity": "periodic"
    },
    {
        "equity_ticker": "COR",
        "geography": "US",
        "content_name": "COR Q2 2017 Transcript",
        "file_type": "pdf",
        "content_type": "earnings_transcript",
        "published_date": "2017-07-27",
        "fiscal_date": "2017-07-27",
        "fiscal_year": 2017,
        "fiscal_quarter": 2,
        "r2_url": "https://pub-2c783279b61043e19fbdadd1bee5153a.r2.dev/COR/2017-07-27/Cencora%2C%20Inc._2017-07-27_transcript/Cencora%2C%20Inc._2017-07-27_transcript.pdf/Cencora%2C%20Inc._2017-07-27_transcript.pdf",
        "periodicity": "periodic"
    },
    {
        "equity_ticker": "COR",
        "geography": "US",
        "content_name": "COR Q1 2017 Transcript",
        "file_type": "pdf",
        "content_type": "earnings_transcript",
        "published_date": "2017-04-27",
        "fiscal_date": "2017-04-27",
        "fiscal_year": 2017,
        "fiscal_quarter": 1,
        "r2_url": "https://pub-2c783279b61043e19fbdadd1bee5153a.r2.dev/COR/2017-04-27/Cencora%2C%20Inc._2017-04-27_transcript/Cencora%2C%20Inc._2017-04-27_transcript.pdf/Cencora%2C%20Inc._2017-04-27_transcript.pdf",
        "periodicity": "periodic"
    },
    {
        "equity_ticker": "COR",
        "geography": "US",
        "content_name": "COR Q4 2016 Transcript",
        "file_type": "pdf",
        "content_type": "earnings_transcript",
        "published_date": "2016-11-22",
        "fiscal_date": "2016-11-22",
        "fiscal_year": 2016,
        "fiscal_quarter": 4,
        "r2_url": "https://pub-2c783279b61043e19fbdadd1bee5153a.r2.dev/COR/2016-11-22/Cencora%2C%20Inc._2016-11-22_transcript/Cencora%2C%20Inc._2016-11-22_transcript.pdf/Cencora%2C%20Inc._2016-11-22_transcript.pdf",
        "periodicity": "periodic"
    },
    {
        "equity_ticker": "COR",
        "geography": "US",
        "content_name": "COR Q4 2016 Press Release",
        "file_type": "pdf",
        "content_type": "annual_report",
        "published_date": "2016-11-22",
        "fiscal_date": "2016-11-22",
        "fiscal_year": 2016,
        "fiscal_quarter": 4,
        "r2_url": "https://pub-2c783279b61043e19fbdadd1bee5153a.r2.dev/COR/2016-11-22/5d22f-2023-09-05-09-45-32/5d22f-2023-09-05-09-45-32.pdf/5d22f-2023-09-05-09-45-32.pdf",
        "periodicity": "periodic"
    },
    {
        "equity_ticker": "COR",
        "geography": "US",
        "content_name": "COR Q3 2016 Transcript",
        "file_type": "pdf",
        "content_type": "earnings_transcript",
        "published_date": "2016-10-27",
        "fiscal_date": "2016-10-27",
        "fiscal_year": 2016,
        "fiscal_quarter": 3,
        "r2_url": "https://pub-2c783279b61043e19fbdadd1bee5153a.r2.dev/COR/2016-10-27/Cencora%2C%20Inc._2016-10-27_transcript/Cencora%2C%20Inc._2016-10-27_transcript.pdf/Cencora%2C%20Inc._2016-10-27_transcript.pdf",
        "periodicity": "periodic"
    },
    {
        "equity_ticker": "COR",
        "geography": "US",
        "content_name": "COR Q2 2016 Transcript",
        "file_type": "pdf",
        "content_type": "earnings_transcript",
        "published_date": "2016-07-28",
        "fiscal_date": "2016-07-28",
        "fiscal_year": 2016,
        "fiscal_quarter": 2,
        "r2_url": "https://pub-2c783279b61043e19fbdadd1bee5153a.r2.dev/COR/2016-07-28/Cencora%2C%20Inc._2016-07-28_transcript/Cencora%2C%20Inc._2016-07-28_transcript.pdf/Cencora%2C%20Inc._2016-07-28_transcript.pdf",
        "periodicity": "periodic"
    },
    {
        "equity_ticker": "COR",
        "geography": "US",
        "content_name": "COR Q1 2016 Transcript",
        "file_type": "pdf",
        "content_type": "earnings_transcript",
        "published_date": "2016-04-29",
        "fiscal_date": "2016-04-29",
        "fiscal_year": 2016,
        "fiscal_quarter": 1,
        "r2_url": "https://pub-2c783279b61043e19fbdadd1bee5153a.r2.dev/COR/2016-04-29/Cencora%2C%20Inc._2016-04-29_transcript/Cencora%2C%20Inc._2016-04-29_transcript.pdf/Cencora%2C%20Inc._2016-04-29_transcript.pdf",
        "periodicity": "periodic"
    },
    {
        "equity_ticker": "COR",
        "geography": "US",
        "content_name": "COR Q4 2015 Transcript",
        "file_type": "pdf",
        "content_type": "earnings_transcript",
        "published_date": "2015-11-24",
        "fiscal_date": "2015-11-24",
        "fiscal_year": 2015,
        "fiscal_quarter": 4,
        "r2_url": "https://pub-2c783279b61043e19fbdadd1bee5153a.r2.dev/COR/2015-11-24/Cencora%2C%20Inc._2015-11-24_transcript/Cencora%2C%20Inc._2015-11-24_transcript.pdf/Cencora%2C%20Inc._2015-11-24_transcript.pdf",
        "periodicity": "periodic"
    },
    {
        "equity_ticker": "COR",
        "geography": "US",
        "content_name": "COR Q4 2015 Press Release",
        "file_type": "pdf",
        "content_type": "annual_report",
        "published_date": "2015-11-24",
        "fiscal_date": "2015-11-24",
        "fiscal_year": 2015,
        "fiscal_quarter": 4,
        "r2_url": "https://pub-2c783279b61043e19fbdadd1bee5153a.r2.dev/COR/2015-11-24/10f0a-2023-09-05-09-48-32/10f0a-2023-09-05-09-48-32.pdf/10f0a-2023-09-05-09-48-32.pdf",
        "periodicity": "periodic"
    },
    {
        "equity_ticker": "COR",
        "geography": "US",
        "content_name": "COR Q3 2015 Transcript",
        "file_type": "pdf",
        "content_type": "earnings_transcript",
        "published_date": "2015-10-22",
        "fiscal_date": "2015-10-22",
        "fiscal_year": 2015,
        "fiscal_quarter": 3,
        "r2_url": "https://pub-2c783279b61043e19fbdadd1bee5153a.r2.dev/COR/2015-10-22/Cencora%2C%20Inc._2015-10-22_transcript/Cencora%2C%20Inc._2015-10-22_transcript.pdf/Cencora%2C%20Inc._2015-10-22_transcript.pdf",
        "periodicity": "periodic"
    },
    {
        "equity_ticker": "COR",
        "geography": "US",
        "content_name": "COR Q2 2015 Transcript",
        "file_type": "pdf",
        "content_type": "earnings_transcript",
        "published_date": "2015-07-24",
        "fiscal_date": "2015-07-24",
        "fiscal_year": 2015,
        "fiscal_quarter": 2,
        "r2_url": "https://pub-2c783279b61043e19fbdadd1bee5153a.r2.dev/COR/2015-07-24/Cencora%2C%20Inc._2015-07-24_transcript/Cencora%2C%20Inc._2015-07-24_transcript.pdf/Cencora%2C%20Inc._2015-07-24_transcript.pdf",
        "periodicity": "periodic"
    },
    {
        "equity_ticker": "COR",
        "geography": "US",
        "content_name": "COR Q1 2015 Transcript",
        "file_type": "pdf",
        "content_type": "earnings_transcript",
        "published_date": "2015-04-23",
        "fiscal_date": "2015-04-23",
        "fiscal_year": 2015,
        "fiscal_quarter": 1,
        "r2_url": "https://pub-2c783279b61043e19fbdadd1bee5153a.r2.dev/COR/2015-04-23/Cencora%2C%20Inc._2015-04-23_transcript/Cencora%2C%20Inc._2015-04-23_transcript.pdf/Cencora%2C%20Inc._2015-04-23_transcript.pdf",
        "periodicity": "periodic"
    },
    {
        "equity_ticker": "COR",
        "geography": "US",
        "content_name": "COR Q4 2014 Transcript",
        "file_type": "pdf",
        "content_type": "earnings_transcript",
        "published_date": "2015-02-13",
        "fiscal_date": "2015-02-13",
        "fiscal_year": 2014,
        "fiscal_quarter": 4,
        "r2_url": "https://pub-2c783279b61043e19fbdadd1bee5153a.r2.dev/COR/2015-02-13/Cencora%2C%20Inc._2015-02-13_transcript/Cencora%2C%20Inc._2015-02-13_transcript.pdf/Cencora%2C%20Inc._2015-02-13_transcript.pdf",
        "periodicity": "periodic"
    },
    {
        "equity_ticker": "COR",
        "geography": "US",
        "content_name": "COR Q3 2014 Transcript",
        "file_type": "pdf",
        "content_type": "earnings_transcript",
        "published_date": "2014-10-30",
        "fiscal_date": "2014-10-30",
        "fiscal_year": 2014,
        "fiscal_quarter": 3,
        "r2_url": "https://pub-2c783279b61043e19fbdadd1bee5153a.r2.dev/COR/2014-10-30/Cencora%2C%20Inc._2014-10-30_transcript/Cencora%2C%20Inc._2014-10-30_transcript.pdf/Cencora%2C%20Inc._2014-10-30_transcript.pdf",
        "periodicity": "periodic"
    },
    {
        "equity_ticker": "COR",
        "geography": "US",
        "content_name": "COR Q2 2014 Transcript",
        "file_type": "pdf",
        "content_type": "earnings_transcript",
        "published_date": "2014-07-23",
        "fiscal_date": "2014-07-23",
        "fiscal_year": 2014,
        "fiscal_quarter": 2,
        "r2_url": "https://pub-2c783279b61043e19fbdadd1bee5153a.r2.dev/COR/2014-07-23/Cencora%2C%20Inc._2014-07-23_transcript/Cencora%2C%20Inc._2014-07-23_transcript.pdf/Cencora%2C%20Inc._2014-07-23_transcript.pdf",
        "periodicity": "periodic"
    },
    {
        "equity_ticker": "COR",
        "geography": "US",
        "content_name": "COR Q1 2014 Transcript",
        "file_type": "pdf",
        "content_type": "earnings_transcript",
        "published_date": "2014-04-24",
        "fiscal_date": "2014-04-24",
        "fiscal_year": 2014,
        "fiscal_quarter": 1,
        "r2_url": "https://pub-2c783279b61043e19fbdadd1bee5153a.r2.dev/COR/2014-04-24/Cencora%2C%20Inc._2014-04-24_transcript/Cencora%2C%20Inc._2014-04-24_transcript.pdf/Cencora%2C%20Inc._2014-04-24_transcript.pdf",
        "periodicity": "periodic"
    },
    {
        "equity_ticker": "COR",
        "geography": "US",
        "content_name": "COR Q4 2013 Transcript",
        "file_type": "pdf",
        "content_type": "earnings_transcript",
        "published_date": "2014-02-13",
        "fiscal_date": "2014-02-13",
        "fiscal_year": 2013,
        "fiscal_quarter": 4,
        "r2_url": "https://pub-2c783279b61043e19fbdadd1bee5153a.r2.dev/COR/2014-02-13/Cencora%2C%20Inc._2014-02-13_transcript/Cencora%2C%20Inc._2014-02-13_transcript.pdf/Cencora%2C%20Inc._2014-02-13_transcript.pdf",
        "periodicity": "periodic"
    },
    {
        "equity_ticker": "COR",
        "geography": "US",
        "content_name": "COR Q3 2013 Transcript",
        "file_type": "pdf",
        "content_type": "earnings_transcript",
        "published_date": "2013-10-31",
        "fiscal_date": "2013-10-31",
        "fiscal_year": 2013,
        "fiscal_quarter": 3,
        "r2_url": "https://pub-2c783279b61043e19fbdadd1bee5153a.r2.dev/COR/2013-10-31/Cencora%2C%20Inc._2013-10-31_transcript/Cencora%2C%20Inc._2013-10-31_transcript.pdf/Cencora%2C%20Inc._2013-10-31_transcript.pdf",
        "periodicity": "periodic"
    },
    {
        "equity_ticker": "COR",
        "geography": "US",
        "content_name": "COR Q2 2013 Transcript",
        "file_type": "pdf",
        "content_type": "earnings_transcript",
        "published_date": "2013-07-25",
        "fiscal_date": "2013-07-25",
        "fiscal_year": 2013,
        "fiscal_quarter": 2,
        "r2_url": "https://pub-2c783279b61043e19fbdadd1bee5153a.r2.dev/COR/2013-07-25/Cencora%2C%20Inc._2013-07-25_transcript/Cencora%2C%20Inc._2013-07-25_transcript.pdf/Cencora%2C%20Inc._2013-07-25_transcript.pdf",
        "periodicity": "periodic"
    },
    {
        "equity_ticker": "COR",
        "geography": "US",
        "content_name": "COR Q1 2013 Transcript",
        "file_type": "pdf",
        "content_type": "earnings_transcript",
        "published_date": "2013-04-24",
        "fiscal_date": "2013-04-24",
        "fiscal_year": 2013,
        "fiscal_quarter": 1,
        "r2_url": "https://pub-2c783279b61043e19fbdadd1bee5153a.r2.dev/COR/2013-04-24/Cencora%2C%20Inc._2013-04-24_transcript/Cencora%2C%20Inc._2013-04-24_transcript.pdf/Cencora%2C%20Inc._2013-04-24_transcript.pdf",
        "periodicity": "periodic"
    },
    {
        "equity_ticker": "COR",
        "geography": "US",
        "content_name": "COR Q4 2012 Transcript",
        "file_type": "pdf",
        "content_type": "earnings_transcript",
        "published_date": "2013-02-22",
        "fiscal_date": "2013-02-22",
        "fiscal_year": 2012,
        "fiscal_quarter": 4,
        "r2_url": "https://pub-2c783279b61043e19fbdadd1bee5153a.r2.dev/COR/2013-02-22/Cencora%2C%20Inc._2013-02-22_transcript/Cencora%2C%20Inc._2013-02-22_transcript.pdf/Cencora%2C%20Inc._2013-02-22_transcript.pdf",
        "periodicity": "periodic"
    },
    {
        "equity_ticker": "COR",
        "geography": "US",
        "content_name": "COR Q3 2012 Transcript",
        "file_type": "pdf",
        "content_type": "earnings_transcript",
        "published_date": "2012-11-01",
        "fiscal_date": "2012-11-01",
        "fiscal_year": 2012,
        "fiscal_quarter": 3,
        "r2_url": "https://pub-2c783279b61043e19fbdadd1bee5153a.r2.dev/COR/2012-11-01/Cencora%2C%20Inc._2012-11-01_transcript/Cencora%2C%20Inc._2012-11-01_transcript.pdf/Cencora%2C%20Inc._2012-11-01_transcript.pdf",
        "periodicity": "periodic"
    },
    {
        "equity_ticker": "COR",
        "geography": "US",
        "content_name": "COR Q2 2012 Transcript",
        "file_type": "pdf",
        "content_type": "earnings_transcript",
        "published_date": "2012-04-26",
        "fiscal_date": "2012-04-26",
        "fiscal_year": 2012,
        "fiscal_quarter": 2,
        "r2_url": "https://pub-2c783279b61043e19fbdadd1bee5153a.r2.dev/COR/2012-04-26/Cencora%2C%20Inc._2012-04-26_transcript/Cencora%2C%20Inc._2012-04-26_transcript.pdf/Cencora%2C%20Inc._2012-04-26_transcript.pdf",
        "periodicity": "periodic"
    },
    {
        "equity_ticker": "COR",
        "geography": "US",
        "content_name": "COR Q1 2012 Transcript",
        "file_type": "pdf",
        "content_type": "earnings_transcript",
        "published_date": "2012-01-26",
        "fiscal_date": "2012-01-26",
        "fiscal_year": 2012,
        "fiscal_quarter": 1,
        "r2_url": "https://pub-2c783279b61043e19fbdadd1bee5153a.r2.dev/COR/2012-01-26/Cencora%2C%20Inc._2012-01-26_transcript/Cencora%2C%20Inc._2012-01-26_transcript.pdf/Cencora%2C%20Inc._2012-01-26_transcript.pdf",
        "periodicity": "periodic"
    }
]