[
    {
        "equity_ticker": "CTVA",
        "geography": "US",
        "content_name": "Bank of America 2025 Global Agriculture and Materials Conference - February 26, 2025",
        "file_type": "pdf",
        "content_type": "sellside_conference_transcript",
        "published_date": "2025-02-26",
        "fiscal_date": "2025-02-26",
        "fiscal_year": null,
        "fiscal_quarter": null,
        "r2_url": "https://pub-2c783279b61043e19fbdadd1bee5153a.r2.dev/CTVA/2025-02-26/Corteva%2C%20Inc._2025-02-26_transcript/Corteva%2C%20Inc._2025-02-26_transcript.pdf/Corteva%2C%20Inc._2025-02-26_transcript.pdf",
        "periodicity": "non_periodic"
    },
    {
        "equity_ticker": "CTVA",
        "geography": "US",
        "content_name": "CTVA Q4 2024 Transcript",
        "file_type": "pdf",
        "content_type": "earnings_transcript",
        "published_date": "2025-02-06",
        "fiscal_date": "2025-02-06",
        "fiscal_year": 2024,
        "fiscal_quarter": 4,
        "r2_url": "https://pub-2c783279b61043e19fbdadd1bee5153a.r2.dev/CTVA/2025-02-06/Corteva%2C%20Inc._2025-02-06_transcript/Corteva%2C%20Inc._2025-02-06_transcript.pdf/Corteva%2C%20Inc._2025-02-06_transcript.pdf",
        "periodicity": "periodic"
    },
    {
        "equity_ticker": "CTVA",
        "geography": "US",
        "content_name": "CTVA Q4 2024 Press Release",
        "file_type": "pdf",
        "content_type": "earnings_press_release",
        "published_date": "2025-02-06",
        "fiscal_date": "2025-02-06",
        "fiscal_year": 2024,
        "fiscal_quarter": 4,
        "r2_url": "https://pub-2c783279b61043e19fbdadd1bee5153a.r2.dev/CTVA/2025-02-06/badd3-2025-02-11-04-25-55/badd3-2025-02-11-04-25-55.pdf/badd3-2025-02-11-04-25-55.pdf",
        "periodicity": "periodic"
    },
    {
        "equity_ticker": "CTVA",
        "geography": "US",
        "content_name": "CTVA Q4 2024 Presentation",
        "file_type": "pdf",
        "content_type": "earnings_presentation",
        "published_date": "2025-02-06",
        "fiscal_date": "2025-02-06",
        "fiscal_year": 2024,
        "fiscal_quarter": 4,
        "r2_url": "https://pub-2c783279b61043e19fbdadd1bee5153a.r2.dev/CTVA/2025-02-06/7fd25-2025-02-05-10-30-40/7fd25-2025-02-05-10-30-40.pdf/7fd25-2025-02-05-10-30-40.pdf",
        "periodicity": "periodic"
    },
    {
        "equity_ticker": "CTVA",
        "geography": "US",
        "content_name": "Investor Day 2024 - November 19, 2024",
        "file_type": "pdf",
        "content_type": "company_conference_transcript",
        "published_date": "2024-11-19",
        "fiscal_date": "2024-11-19",
        "fiscal_year": null,
        "fiscal_quarter": null,
        "r2_url": "https://pub-2c783279b61043e19fbdadd1bee5153a.r2.dev/CTVA/2024-11-19/Corteva%2C%20Inc._2024-11-19_transcript/Corteva%2C%20Inc._2024-11-19_transcript.pdf/Corteva%2C%20Inc._2024-11-19_transcript.pdf",
        "periodicity": "non_periodic"
    },
    {
        "equity_ticker": "CTVA",
        "geography": "US",
        "content_name": "Investor Day 2024 - November 19, 2024",
        "file_type": "pdf",
        "content_type": "company_conference_presentation",
        "published_date": "2024-11-19",
        "fiscal_date": "2024-11-19",
        "fiscal_year": null,
        "fiscal_quarter": null,
        "r2_url": "https://pub-2c783279b61043e19fbdadd1bee5153a.r2.dev/CTVA/2024-11-19/4437f-2024-11-19-01-54-35/4437f-2024-11-19-01-54-35.pdf/4437f-2024-11-19-01-54-35.pdf",
        "periodicity": "non_periodic"
    },
    {
        "equity_ticker": "CTVA",
        "geography": "US",
        "content_name": "CTVA Q3 2024 Transcript",
        "file_type": "pdf",
        "content_type": "earnings_transcript",
        "published_date": "2024-11-07",
        "fiscal_date": "2024-11-07",
        "fiscal_year": 2024,
        "fiscal_quarter": 3,
        "r2_url": "https://pub-2c783279b61043e19fbdadd1bee5153a.r2.dev/CTVA/2024-11-07/Corteva%2C%20Inc._2024-11-07_transcript/Corteva%2C%20Inc._2024-11-07_transcript.pdf/Corteva%2C%20Inc._2024-11-07_transcript.pdf",
        "periodicity": "periodic"
    },
    {
        "equity_ticker": "CTVA",
        "geography": "US",
        "content_name": "CTVA Q3 2024 Press Release",
        "file_type": "pdf",
        "content_type": "earnings_press_release",
        "published_date": "2024-11-07",
        "fiscal_date": "2024-11-07",
        "fiscal_year": 2024,
        "fiscal_quarter": 3,
        "r2_url": "https://pub-2c783279b61043e19fbdadd1bee5153a.r2.dev/CTVA/2024-11-07/51525-2024-11-06-09-58-30/51525-2024-11-06-09-58-30.pdf/51525-2024-11-06-09-58-30.pdf",
        "periodicity": "periodic"
    },
    {
        "equity_ticker": "CTVA",
        "geography": "US",
        "content_name": "CTVA Q3 2024 Presentation",
        "file_type": "pdf",
        "content_type": "earnings_presentation",
        "published_date": "2024-11-07",
        "fiscal_date": "2024-11-07",
        "fiscal_year": 2024,
        "fiscal_quarter": 3,
        "r2_url": "https://pub-2c783279b61043e19fbdadd1bee5153a.r2.dev/CTVA/2024-11-07/217ad-2024-11-06-11-07-11/217ad-2024-11-06-11-07-11.pdf/217ad-2024-11-06-11-07-11.pdf",
        "periodicity": "periodic"
    },
    {
        "equity_ticker": "CTVA",
        "geography": "US",
        "content_name": "BMO Ag-Apalooza Conference - September 24, 2024",
        "file_type": "pdf",
        "content_type": "company_conference_transcript",
        "published_date": "2024-09-24",
        "fiscal_date": "2024-09-24",
        "fiscal_year": null,
        "fiscal_quarter": null,
        "r2_url": "https://pub-2c783279b61043e19fbdadd1bee5153a.r2.dev/CTVA/2024-09-24/Corteva%2C%20Inc._2024-09-24_transcript/Corteva%2C%20Inc._2024-09-24_transcript.pdf/Corteva%2C%20Inc._2024-09-24_transcript.pdf",
        "periodicity": "non_periodic"
    },
    {
        "equity_ticker": "CTVA",
        "geography": "US",
        "content_name": "CTVA Q2 2024 Transcript",
        "file_type": "pdf",
        "content_type": "earnings_transcript",
        "published_date": "2024-08-01",
        "fiscal_date": "2024-08-01",
        "fiscal_year": 2024,
        "fiscal_quarter": 2,
        "r2_url": "https://pub-2c783279b61043e19fbdadd1bee5153a.r2.dev/CTVA/2024-08-01/Corteva%2C%20Inc._2024-08-01_transcript/Corteva%2C%20Inc._2024-08-01_transcript.pdf/Corteva%2C%20Inc._2024-08-01_transcript.pdf",
        "periodicity": "periodic"
    },
    {
        "equity_ticker": "CTVA",
        "geography": "US",
        "content_name": "CTVA Q2 2024 Press Release",
        "file_type": "pdf",
        "content_type": "earnings_press_release",
        "published_date": "2024-08-01",
        "fiscal_date": "2024-08-01",
        "fiscal_year": 2024,
        "fiscal_quarter": 2,
        "r2_url": "https://pub-2c783279b61043e19fbdadd1bee5153a.r2.dev/CTVA/2024-08-01/80177-2024-07-31-08-48-43/80177-2024-07-31-08-48-43.pdf/80177-2024-07-31-08-48-43.pdf",
        "periodicity": "periodic"
    },
    {
        "equity_ticker": "CTVA",
        "geography": "US",
        "content_name": "CTVA Q2 2024 Presentation",
        "file_type": "pdf",
        "content_type": "earnings_presentation",
        "published_date": "2024-08-01",
        "fiscal_date": "2024-08-01",
        "fiscal_year": 2024,
        "fiscal_quarter": 2,
        "r2_url": "https://pub-2c783279b61043e19fbdadd1bee5153a.r2.dev/CTVA/2024-08-01/7fe1c-2024-07-31-10-43-57/7fe1c-2024-07-31-10-43-57.pdf/7fe1c-2024-07-31-10-43-57.pdf",
        "periodicity": "periodic"
    },
    {
        "equity_ticker": "CTVA",
        "geography": "US",
        "content_name": "Wells Fargo 2024 Industrials Conference - June 11, 2024",
        "file_type": "pdf",
        "content_type": "sellside_conference_transcript",
        "published_date": "2024-06-11",
        "fiscal_date": "2024-06-11",
        "fiscal_year": null,
        "fiscal_quarter": null,
        "r2_url": "https://pub-2c783279b61043e19fbdadd1bee5153a.r2.dev/CTVA/2024-06-11/Corteva%2C%20Inc._2024-06-11_transcript/Corteva%2C%20Inc._2024-06-11_transcript.pdf/Corteva%2C%20Inc._2024-06-11_transcript.pdf",
        "periodicity": "non_periodic"
    },
    {
        "equity_ticker": "CTVA",
        "geography": "US",
        "content_name": "19th Annual Global Farm to Market Conference - May 15, 2024",
        "file_type": "pdf",
        "content_type": "company_conference_transcript",
        "published_date": "2024-05-15",
        "fiscal_date": "2024-05-15",
        "fiscal_year": null,
        "fiscal_quarter": null,
        "r2_url": "https://pub-2c783279b61043e19fbdadd1bee5153a.r2.dev/CTVA/2024-05-15/Corteva%2C%20Inc._2024-05-15_transcript/Corteva%2C%20Inc._2024-05-15_transcript.pdf/Corteva%2C%20Inc._2024-05-15_transcript.pdf",
        "periodicity": "non_periodic"
    },
    {
        "equity_ticker": "CTVA",
        "geography": "US",
        "content_name": "CTVA Q1 2024 Transcript",
        "file_type": "pdf",
        "content_type": "earnings_transcript",
        "published_date": "2024-05-02",
        "fiscal_date": "2024-05-02",
        "fiscal_year": 2024,
        "fiscal_quarter": 1,
        "r2_url": "https://pub-2c783279b61043e19fbdadd1bee5153a.r2.dev/CTVA/2024-05-02/Corteva%2C%20Inc._2024-05-02_transcript/Corteva%2C%20Inc._2024-05-02_transcript.pdf/Corteva%2C%20Inc._2024-05-02_transcript.pdf",
        "periodicity": "periodic"
    },
    {
        "equity_ticker": "CTVA",
        "geography": "US",
        "content_name": "CTVA Q1 2024 Press Release",
        "file_type": "pdf",
        "content_type": "earnings_press_release",
        "published_date": "2024-05-02",
        "fiscal_date": "2024-05-02",
        "fiscal_year": 2024,
        "fiscal_quarter": 1,
        "r2_url": "https://pub-2c783279b61043e19fbdadd1bee5153a.r2.dev/CTVA/2024-05-02/53bfc-2024-05-01-09-38-13/53bfc-2024-05-01-09-38-13.pdf/53bfc-2024-05-01-09-38-13.pdf",
        "periodicity": "periodic"
    },
    {
        "equity_ticker": "CTVA",
        "geography": "US",
        "content_name": "CTVA Q1 2024 Presentation",
        "file_type": "pdf",
        "content_type": "earnings_presentation",
        "published_date": "2024-05-02",
        "fiscal_date": "2024-05-02",
        "fiscal_year": 2024,
        "fiscal_quarter": 1,
        "r2_url": "https://pub-2c783279b61043e19fbdadd1bee5153a.r2.dev/CTVA/2024-05-02/e9eac-2024-05-01-09-07-26/e9eac-2024-05-01-09-07-26.pdf/e9eac-2024-05-01-09-07-26.pdf",
        "periodicity": "periodic"
    },
    {
        "equity_ticker": "CTVA",
        "geography": "US",
        "content_name": "Bank of America Securities 2024 Global Agriculture and Materials Conference - February 28, 2024",
        "file_type": "pdf",
        "content_type": "sellside_conference_transcript",
        "published_date": "2024-02-28",
        "fiscal_date": "2024-02-28",
        "fiscal_year": null,
        "fiscal_quarter": null,
        "r2_url": "https://pub-2c783279b61043e19fbdadd1bee5153a.r2.dev/CTVA/2024-02-28/Corteva%2C%20Inc._2024-02-28_transcript/Corteva%2C%20Inc._2024-02-28_transcript.pdf/Corteva%2C%20Inc._2024-02-28_transcript.pdf",
        "periodicity": "non_periodic"
    },
    {
        "equity_ticker": "CTVA",
        "geography": "US",
        "content_name": "CTVA Q4 2023 Transcript",
        "file_type": "pdf",
        "content_type": "earnings_transcript",
        "published_date": "2024-02-01",
        "fiscal_date": "2024-02-01",
        "fiscal_year": 2023,
        "fiscal_quarter": 4,
        "r2_url": "https://pub-2c783279b61043e19fbdadd1bee5153a.r2.dev/CTVA/2024-02-01/Corteva%2C%20Inc._2024-02-01_transcript/Corteva%2C%20Inc._2024-02-01_transcript.pdf/Corteva%2C%20Inc._2024-02-01_transcript.pdf",
        "periodicity": "periodic"
    },
    {
        "equity_ticker": "CTVA",
        "geography": "US",
        "content_name": "CTVA Q4 2023 Press Release",
        "file_type": "pdf",
        "content_type": "earnings_press_release",
        "published_date": "2024-02-01",
        "fiscal_date": "2024-02-01",
        "fiscal_year": 2023,
        "fiscal_quarter": 4,
        "r2_url": "https://pub-2c783279b61043e19fbdadd1bee5153a.r2.dev/CTVA/2024-02-01/df7db-2024-01-31-10-42-06/df7db-2024-01-31-10-42-06.pdf/df7db-2024-01-31-10-42-06.pdf",
        "periodicity": "periodic"
    },
    {
        "equity_ticker": "CTVA",
        "geography": "US",
        "content_name": "CTVA Q4 2023 Presentation",
        "file_type": "pdf",
        "content_type": "earnings_presentation",
        "published_date": "2024-02-01",
        "fiscal_date": "2024-02-01",
        "fiscal_year": 2023,
        "fiscal_quarter": 4,
        "r2_url": "https://pub-2c783279b61043e19fbdadd1bee5153a.r2.dev/CTVA/2024-02-01/846cc-2024-01-31-10-31-11/846cc-2024-01-31-10-31-11.pdf/846cc-2024-01-31-10-31-11.pdf",
        "periodicity": "periodic"
    },
    {
        "equity_ticker": "CTVA",
        "geography": "US",
        "content_name": "CTVA Q3 2023 Transcript",
        "file_type": "pdf",
        "content_type": "earnings_transcript",
        "published_date": "2023-11-09",
        "fiscal_date": "2023-11-09",
        "fiscal_year": 2023,
        "fiscal_quarter": 3,
        "r2_url": "https://pub-2c783279b61043e19fbdadd1bee5153a.r2.dev/CTVA/2023-11-09/Corteva%2C%20Inc._2023-11-09_transcript/Corteva%2C%20Inc._2023-11-09_transcript.pdf/Corteva%2C%20Inc._2023-11-09_transcript.pdf",
        "periodicity": "periodic"
    },
    {
        "equity_ticker": "CTVA",
        "geography": "US",
        "content_name": "CTVA Q3 2023 Press Release",
        "file_type": "pdf",
        "content_type": "earnings_press_release",
        "published_date": "2023-11-09",
        "fiscal_date": "2023-11-09",
        "fiscal_year": 2023,
        "fiscal_quarter": 3,
        "r2_url": "https://pub-2c783279b61043e19fbdadd1bee5153a.r2.dev/CTVA/2023-11-09/08c7f-2023-11-08-09-49-33/08c7f-2023-11-08-09-49-33.pdf/08c7f-2023-11-08-09-49-33.pdf",
        "periodicity": "periodic"
    },
    {
        "equity_ticker": "CTVA",
        "geography": "US",
        "content_name": "CTVA Q3 2023 Presentation",
        "file_type": "pdf",
        "content_type": "earnings_presentation",
        "published_date": "2023-11-09",
        "fiscal_date": "2023-11-09",
        "fiscal_year": 2023,
        "fiscal_quarter": 3,
        "r2_url": "https://pub-2c783279b61043e19fbdadd1bee5153a.r2.dev/CTVA/2023-11-09/a5f65-2023-11-09-01-04-17/a5f65-2023-11-09-01-04-17.pdf/a5f65-2023-11-09-01-04-17.pdf",
        "periodicity": "periodic"
    },
    {
        "equity_ticker": "CTVA",
        "geography": "US",
        "content_name": "Morgan Stanley\u2019s 11th Annual Laguna Conference - September 12, 2023",
        "file_type": "pdf",
        "content_type": "sellside_conference_transcript",
        "published_date": "2023-09-12",
        "fiscal_date": "2023-09-12",
        "fiscal_year": null,
        "fiscal_quarter": null,
        "r2_url": "https://pub-2c783279b61043e19fbdadd1bee5153a.r2.dev/CTVA/2023-09-12/Corteva%2C%20Inc._2023-09-12_transcript/Corteva%2C%20Inc._2023-09-12_transcript.pdf/Corteva%2C%20Inc._2023-09-12_transcript.pdf",
        "periodicity": "non_periodic"
    },
    {
        "equity_ticker": "CTVA",
        "geography": "US",
        "content_name": "CTVA Q2 2023 Transcript",
        "file_type": "pdf",
        "content_type": "earnings_transcript",
        "published_date": "2023-08-04",
        "fiscal_date": "2023-08-04",
        "fiscal_year": 2023,
        "fiscal_quarter": 2,
        "r2_url": "https://pub-2c783279b61043e19fbdadd1bee5153a.r2.dev/CTVA/2023-08-04/Corteva%2C%20Inc._2023-08-04_transcript/Corteva%2C%20Inc._2023-08-04_transcript.pdf/Corteva%2C%20Inc._2023-08-04_transcript.pdf",
        "periodicity": "periodic"
    },
    {
        "equity_ticker": "CTVA",
        "geography": "US",
        "content_name": "CTVA Q2 2023 Press Release",
        "file_type": "pdf",
        "content_type": "earnings_press_release",
        "published_date": "2023-08-04",
        "fiscal_date": "2023-08-04",
        "fiscal_year": 2023,
        "fiscal_quarter": 2,
        "r2_url": "https://pub-2c783279b61043e19fbdadd1bee5153a.r2.dev/CTVA/2023-08-04/bf32f-2023-08-03-09-57-07/bf32f-2023-08-03-09-57-07.pdf/bf32f-2023-08-03-09-57-07.pdf",
        "periodicity": "periodic"
    },
    {
        "equity_ticker": "CTVA",
        "geography": "US",
        "content_name": "CTVA Q2 2023 Presentation",
        "file_type": "pdf",
        "content_type": "earnings_presentation",
        "published_date": "2023-08-04",
        "fiscal_date": "2023-08-04",
        "fiscal_year": 2023,
        "fiscal_quarter": 2,
        "r2_url": "https://pub-2c783279b61043e19fbdadd1bee5153a.r2.dev/CTVA/2023-08-04/4e8b1-2023-08-04-10-27-38/4e8b1-2023-08-04-10-27-38.pdf/4e8b1-2023-08-04-10-27-38.pdf",
        "periodicity": "periodic"
    },
    {
        "equity_ticker": "CTVA",
        "geography": "US",
        "content_name": "CTVA Q1 2023 Transcript",
        "file_type": "pdf",
        "content_type": "earnings_transcript",
        "published_date": "2023-05-04",
        "fiscal_date": "2023-05-04",
        "fiscal_year": 2023,
        "fiscal_quarter": 1,
        "r2_url": "https://pub-2c783279b61043e19fbdadd1bee5153a.r2.dev/CTVA/2023-05-04/Corteva%2C%20Inc._2023-05-04_transcript/Corteva%2C%20Inc._2023-05-04_transcript.pdf/Corteva%2C%20Inc._2023-05-04_transcript.pdf",
        "periodicity": "periodic"
    },
    {
        "equity_ticker": "CTVA",
        "geography": "US",
        "content_name": "CTVA Q1 2023 Press Release",
        "file_type": "pdf",
        "content_type": "earnings_press_release",
        "published_date": "2023-05-04",
        "fiscal_date": "2023-05-04",
        "fiscal_year": 2023,
        "fiscal_quarter": 1,
        "r2_url": "https://pub-2c783279b61043e19fbdadd1bee5153a.r2.dev/CTVA/2023-05-04/962ef-2023-05-03-09-08-05/962ef-2023-05-03-09-08-05.pdf/962ef-2023-05-03-09-08-05.pdf",
        "periodicity": "periodic"
    },
    {
        "equity_ticker": "CTVA",
        "geography": "US",
        "content_name": "CTVA Q1 2023 Presentation",
        "file_type": "pdf",
        "content_type": "earnings_presentation",
        "published_date": "2023-05-04",
        "fiscal_date": "2023-05-04",
        "fiscal_year": 2023,
        "fiscal_quarter": 1,
        "r2_url": "https://pub-2c783279b61043e19fbdadd1bee5153a.r2.dev/CTVA/2023-05-04/c90e9-2023-05-03-09-39-06/c90e9-2023-05-03-09-39-06.pdf/c90e9-2023-05-03-09-39-06.pdf",
        "periodicity": "periodic"
    },
    {
        "equity_ticker": "CTVA",
        "geography": "US",
        "content_name": "Bank of America Global Agriculture and Materials Conference - March 1, 2023",
        "file_type": "pdf",
        "content_type": "sellside_conference_transcript",
        "published_date": "2023-03-01",
        "fiscal_date": "2023-03-01",
        "fiscal_year": null,
        "fiscal_quarter": null,
        "r2_url": "https://pub-2c783279b61043e19fbdadd1bee5153a.r2.dev/CTVA/2023-03-01/Corteva%2C%20Inc._2023-03-01_transcript/Corteva%2C%20Inc._2023-03-01_transcript.pdf/Corteva%2C%20Inc._2023-03-01_transcript.pdf",
        "periodicity": "non_periodic"
    },
    {
        "equity_ticker": "CTVA",
        "geography": "US",
        "content_name": "CTVA Q4 2022 Transcript",
        "file_type": "pdf",
        "content_type": "earnings_transcript",
        "published_date": "2023-02-02",
        "fiscal_date": "2023-02-02",
        "fiscal_year": 2022,
        "fiscal_quarter": 4,
        "r2_url": "https://pub-2c783279b61043e19fbdadd1bee5153a.r2.dev/CTVA/2023-02-02/Corteva%2C%20Inc._2023-02-02_transcript/Corteva%2C%20Inc._2023-02-02_transcript.pdf/Corteva%2C%20Inc._2023-02-02_transcript.pdf",
        "periodicity": "periodic"
    },
    {
        "equity_ticker": "CTVA",
        "geography": "US",
        "content_name": "CTVA Q4 2022 Press Release",
        "file_type": "pdf",
        "content_type": "earnings_press_release",
        "published_date": "2023-02-02",
        "fiscal_date": "2023-02-02",
        "fiscal_year": 2022,
        "fiscal_quarter": 4,
        "r2_url": "https://pub-2c783279b61043e19fbdadd1bee5153a.r2.dev/CTVA/2023-02-02/4adf8-2023-02-01-10-09-53/4adf8-2023-02-01-10-09-53.pdf/4adf8-2023-02-01-10-09-53.pdf",
        "periodicity": "periodic"
    },
    {
        "equity_ticker": "CTVA",
        "geography": "US",
        "content_name": "CTVA Q4 2022 Presentation",
        "file_type": "pdf",
        "content_type": "earnings_presentation",
        "published_date": "2023-02-02",
        "fiscal_date": "2023-02-02",
        "fiscal_year": 2022,
        "fiscal_quarter": 4,
        "r2_url": "https://pub-2c783279b61043e19fbdadd1bee5153a.r2.dev/CTVA/2023-02-02/75794-2023-02-01-10-09-53/75794-2023-02-01-10-09-53.pdf/75794-2023-02-01-10-09-53.pdf",
        "periodicity": "periodic"
    },
    {
        "equity_ticker": "CTVA",
        "geography": "US",
        "content_name": "M&A Announcement - December 5, 2022",
        "file_type": "pdf",
        "content_type": "company_conference_transcript",
        "published_date": "2022-12-05",
        "fiscal_date": "2022-12-05",
        "fiscal_year": null,
        "fiscal_quarter": null,
        "r2_url": "https://pub-2c783279b61043e19fbdadd1bee5153a.r2.dev/CTVA/2022-12-05/Corteva%2C%20Inc._2022-12-05_transcript/Corteva%2C%20Inc._2022-12-05_transcript.pdf/Corteva%2C%20Inc._2022-12-05_transcript.pdf",
        "periodicity": "non_periodic"
    },
    {
        "equity_ticker": "CTVA",
        "geography": "US",
        "content_name": "M&A Announcement - December 5, 2022",
        "file_type": "pdf",
        "content_type": "company_conference_press_release",
        "published_date": "2022-12-05",
        "fiscal_date": "2022-12-05",
        "fiscal_year": null,
        "fiscal_quarter": null,
        "r2_url": "https://pub-2c783279b61043e19fbdadd1bee5153a.r2.dev/CTVA/2022-12-05/a0bf1-2022-12-05-12-53-07/a0bf1-2022-12-05-12-53-07.pdf/a0bf1-2022-12-05-12-53-07.pdf",
        "periodicity": "non_periodic"
    },
    {
        "equity_ticker": "CTVA",
        "geography": "US",
        "content_name": "M&A Announcement - December 5, 2022",
        "file_type": "pdf",
        "content_type": "company_conference_presentation",
        "published_date": "2022-12-05",
        "fiscal_date": "2022-12-05",
        "fiscal_year": null,
        "fiscal_quarter": null,
        "r2_url": "https://pub-2c783279b61043e19fbdadd1bee5153a.r2.dev/CTVA/2022-12-05/4877e-2022-12-05-04-18-09/4877e-2022-12-05-04-18-09.pdf/4877e-2022-12-05-04-18-09.pdf",
        "periodicity": "non_periodic"
    },
    {
        "equity_ticker": "CTVA",
        "geography": "US",
        "content_name": "CTVA Q3 2022 Transcript",
        "file_type": "pdf",
        "content_type": "earnings_transcript",
        "published_date": "2022-11-04",
        "fiscal_date": "2022-11-04",
        "fiscal_year": 2022,
        "fiscal_quarter": 3,
        "r2_url": "https://pub-2c783279b61043e19fbdadd1bee5153a.r2.dev/CTVA/2022-11-04/Corteva%2C%20Inc._2022-11-04_transcript/Corteva%2C%20Inc._2022-11-04_transcript.pdf/Corteva%2C%20Inc._2022-11-04_transcript.pdf",
        "periodicity": "periodic"
    },
    {
        "equity_ticker": "CTVA",
        "geography": "US",
        "content_name": "CTVA Q3 2022 Press Release",
        "file_type": "pdf",
        "content_type": "earnings_press_release",
        "published_date": "2022-11-04",
        "fiscal_date": "2022-11-04",
        "fiscal_year": 2022,
        "fiscal_quarter": 3,
        "r2_url": "https://pub-2c783279b61043e19fbdadd1bee5153a.r2.dev/CTVA/2022-11-04/77e78-2022-11-04-12-08-24/77e78-2022-11-04-12-08-24.pdf/77e78-2022-11-04-12-08-24.pdf",
        "periodicity": "periodic"
    },
    {
        "equity_ticker": "CTVA",
        "geography": "US",
        "content_name": "CTVA Q3 2022 Presentation",
        "file_type": "pdf",
        "content_type": "earnings_presentation",
        "published_date": "2022-11-04",
        "fiscal_date": "2022-11-04",
        "fiscal_year": 2022,
        "fiscal_quarter": 3,
        "r2_url": "https://pub-2c783279b61043e19fbdadd1bee5153a.r2.dev/CTVA/2022-11-04/7ce93-2022-11-04-12-08-24/7ce93-2022-11-04-12-08-24.pdf/7ce93-2022-11-04-12-08-24.pdf",
        "periodicity": "periodic"
    },
    {
        "equity_ticker": "CTVA",
        "geography": "US",
        "content_name": "Investor Day 2022 - September 13, 2022",
        "file_type": "pdf",
        "content_type": "company_conference_transcript",
        "published_date": "2022-09-13",
        "fiscal_date": "2022-09-13",
        "fiscal_year": null,
        "fiscal_quarter": null,
        "r2_url": "https://pub-2c783279b61043e19fbdadd1bee5153a.r2.dev/CTVA/2022-09-13/Corteva%2C%20Inc._2022-09-13_transcript/Corteva%2C%20Inc._2022-09-13_transcript.pdf/Corteva%2C%20Inc._2022-09-13_transcript.pdf",
        "periodicity": "non_periodic"
    },
    {
        "equity_ticker": "CTVA",
        "geography": "US",
        "content_name": "Investor Day 2022 - September 13, 2022",
        "file_type": "pdf",
        "content_type": "company_conference_press_release",
        "published_date": "2022-09-13",
        "fiscal_date": "2022-09-13",
        "fiscal_year": null,
        "fiscal_quarter": null,
        "r2_url": "https://pub-2c783279b61043e19fbdadd1bee5153a.r2.dev/CTVA/2022-09-13/4420f-2024-04-22-06-21-36/4420f-2024-04-22-06-21-36.pdf/4420f-2024-04-22-06-21-36.pdf",
        "periodicity": "non_periodic"
    },
    {
        "equity_ticker": "CTVA",
        "geography": "US",
        "content_name": "CTVA Q2 2022 Transcript",
        "file_type": "pdf",
        "content_type": "earnings_transcript",
        "published_date": "2022-08-05",
        "fiscal_date": "2022-08-05",
        "fiscal_year": 2022,
        "fiscal_quarter": 2,
        "r2_url": "https://pub-2c783279b61043e19fbdadd1bee5153a.r2.dev/CTVA/2022-08-05/Corteva%2C%20Inc._2022-08-05_transcript/Corteva%2C%20Inc._2022-08-05_transcript.pdf/Corteva%2C%20Inc._2022-08-05_transcript.pdf",
        "periodicity": "periodic"
    },
    {
        "equity_ticker": "CTVA",
        "geography": "US",
        "content_name": "CTVA Q2 2022 Press Release",
        "file_type": "pdf",
        "content_type": "earnings_press_release",
        "published_date": "2022-08-05",
        "fiscal_date": "2022-08-05",
        "fiscal_year": 2022,
        "fiscal_quarter": 2,
        "r2_url": "https://pub-2c783279b61043e19fbdadd1bee5153a.r2.dev/CTVA/2022-08-05/72110-2022-08-05-12-14-29/72110-2022-08-05-12-14-29.pdf/72110-2022-08-05-12-14-29.pdf",
        "periodicity": "periodic"
    },
    {
        "equity_ticker": "CTVA",
        "geography": "US",
        "content_name": "CTVA Q2 2022 Presentation",
        "file_type": "pdf",
        "content_type": "earnings_presentation",
        "published_date": "2022-08-05",
        "fiscal_date": "2022-08-05",
        "fiscal_year": 2022,
        "fiscal_quarter": 2,
        "r2_url": "https://pub-2c783279b61043e19fbdadd1bee5153a.r2.dev/CTVA/2022-08-05/e44b6-2022-08-05-12-15-29/e44b6-2022-08-05-12-15-29.pdf/e44b6-2022-08-05-12-15-29.pdf",
        "periodicity": "periodic"
    },
    {
        "equity_ticker": "CTVA",
        "geography": "US",
        "content_name": "CTVA Q1 2022 Transcript",
        "file_type": "pdf",
        "content_type": "earnings_transcript",
        "published_date": "2022-05-05",
        "fiscal_date": "2022-05-05",
        "fiscal_year": 2022,
        "fiscal_quarter": 1,
        "r2_url": "https://pub-2c783279b61043e19fbdadd1bee5153a.r2.dev/CTVA/2022-05-05/Corteva%2C%20Inc._2022-05-05_transcript/Corteva%2C%20Inc._2022-05-05_transcript.pdf/Corteva%2C%20Inc._2022-05-05_transcript.pdf",
        "periodicity": "periodic"
    },
    {
        "equity_ticker": "CTVA",
        "geography": "US",
        "content_name": "CTVA Q1 2022 Press Release",
        "file_type": "pdf",
        "content_type": "earnings_press_release",
        "published_date": "2022-05-05",
        "fiscal_date": "2022-05-05",
        "fiscal_year": 2022,
        "fiscal_quarter": 1,
        "r2_url": "https://pub-2c783279b61043e19fbdadd1bee5153a.r2.dev/CTVA/2022-05-05/a08bc-2023-01-25-02-12-33/a08bc-2023-01-25-02-12-33.pdf/a08bc-2023-01-25-02-12-33.pdf",
        "periodicity": "periodic"
    },
    {
        "equity_ticker": "CTVA",
        "geography": "US",
        "content_name": "CTVA Q1 2022 Presentation",
        "file_type": "pdf",
        "content_type": "earnings_presentation",
        "published_date": "2022-05-05",
        "fiscal_date": "2022-05-05",
        "fiscal_year": 2022,
        "fiscal_quarter": 1,
        "r2_url": "https://pub-2c783279b61043e19fbdadd1bee5153a.r2.dev/CTVA/2022-05-05/d0fd4-2022-05-05-01-08-09-migrated/d0fd4-2022-05-05-01-08-09-migrated.pdf/d0fd4-2022-05-05-01-08-09-migrated.pdf",
        "periodicity": "periodic"
    },
    {
        "equity_ticker": "CTVA",
        "geography": "US",
        "content_name": "CTVA Q4 2021 Transcript",
        "file_type": "pdf",
        "content_type": "earnings_transcript",
        "published_date": "2022-02-03",
        "fiscal_date": "2022-02-03",
        "fiscal_year": 2021,
        "fiscal_quarter": 4,
        "r2_url": "https://pub-2c783279b61043e19fbdadd1bee5153a.r2.dev/CTVA/2022-02-03/Corteva%2C%20Inc._2022-02-03_transcript/Corteva%2C%20Inc._2022-02-03_transcript.pdf/Corteva%2C%20Inc._2022-02-03_transcript.pdf",
        "periodicity": "periodic"
    },
    {
        "equity_ticker": "CTVA",
        "geography": "US",
        "content_name": "CTVA Q4 2021 Press Release",
        "file_type": "pdf",
        "content_type": "earnings_press_release",
        "published_date": "2022-02-03",
        "fiscal_date": "2022-02-03",
        "fiscal_year": 2021,
        "fiscal_quarter": 4,
        "r2_url": "https://pub-2c783279b61043e19fbdadd1bee5153a.r2.dev/CTVA/2022-02-03/6db94-2023-01-25-12-53-21/6db94-2023-01-25-12-53-21.pdf/6db94-2023-01-25-12-53-21.pdf",
        "periodicity": "periodic"
    },
    {
        "equity_ticker": "CTVA",
        "geography": "US",
        "content_name": "CTVA Q4 2021 Presentation",
        "file_type": "pdf",
        "content_type": "earnings_presentation",
        "published_date": "2022-02-03",
        "fiscal_date": "2022-02-03",
        "fiscal_year": 2021,
        "fiscal_quarter": 4,
        "r2_url": "https://pub-2c783279b61043e19fbdadd1bee5153a.r2.dev/CTVA/2022-02-03/268ae-2022-02-03-02-26-36-migrated/268ae-2022-02-03-02-26-36-migrated.pdf/268ae-2022-02-03-02-26-36-migrated.pdf",
        "periodicity": "periodic"
    },
    {
        "equity_ticker": "CTVA",
        "geography": "US",
        "content_name": "CTVA Q3 2021 Transcript",
        "file_type": "pdf",
        "content_type": "earnings_transcript",
        "published_date": "2021-11-04",
        "fiscal_date": "2021-11-04",
        "fiscal_year": 2021,
        "fiscal_quarter": 3,
        "r2_url": "https://pub-2c783279b61043e19fbdadd1bee5153a.r2.dev/CTVA/2021-11-04/Corteva%2C%20Inc._2021-11-04_transcript/Corteva%2C%20Inc._2021-11-04_transcript.pdf/Corteva%2C%20Inc._2021-11-04_transcript.pdf",
        "periodicity": "periodic"
    },
    {
        "equity_ticker": "CTVA",
        "geography": "US",
        "content_name": "CTVA Q3 2021 Press Release",
        "file_type": "pdf",
        "content_type": "earnings_press_release",
        "published_date": "2021-11-04",
        "fiscal_date": "2021-11-04",
        "fiscal_year": 2021,
        "fiscal_quarter": 3,
        "r2_url": "https://pub-2c783279b61043e19fbdadd1bee5153a.r2.dev/CTVA/2021-11-04/25d9b-2023-01-25-11-54-53/25d9b-2023-01-25-11-54-53.pdf/25d9b-2023-01-25-11-54-53.pdf",
        "periodicity": "periodic"
    },
    {
        "equity_ticker": "CTVA",
        "geography": "US",
        "content_name": "CTVA Q3 2021 Presentation",
        "file_type": "pdf",
        "content_type": "earnings_presentation",
        "published_date": "2021-11-04",
        "fiscal_date": "2021-11-04",
        "fiscal_year": 2021,
        "fiscal_quarter": 3,
        "r2_url": "https://pub-2c783279b61043e19fbdadd1bee5153a.r2.dev/CTVA/2021-11-04/8c9db-2021-11-04-12-00-00-migrated/8c9db-2021-11-04-12-00-00-migrated.pdf/8c9db-2021-11-04-12-00-00-migrated.pdf",
        "periodicity": "periodic"
    },
    {
        "equity_ticker": "CTVA",
        "geography": "US",
        "content_name": "CTVA Q2 2021 Transcript",
        "file_type": "pdf",
        "content_type": "earnings_transcript",
        "published_date": "2021-08-06",
        "fiscal_date": "2021-08-06",
        "fiscal_year": 2021,
        "fiscal_quarter": 2,
        "r2_url": "https://pub-2c783279b61043e19fbdadd1bee5153a.r2.dev/CTVA/2021-08-06/Corteva%2C%20Inc._2021-08-06_transcript/Corteva%2C%20Inc._2021-08-06_transcript.pdf/Corteva%2C%20Inc._2021-08-06_transcript.pdf",
        "periodicity": "periodic"
    },
    {
        "equity_ticker": "CTVA",
        "geography": "US",
        "content_name": "CTVA Q2 2021 Press Release",
        "file_type": "pdf",
        "content_type": "earnings_press_release",
        "published_date": "2021-08-06",
        "fiscal_date": "2021-08-06",
        "fiscal_year": 2021,
        "fiscal_quarter": 2,
        "r2_url": "https://pub-2c783279b61043e19fbdadd1bee5153a.r2.dev/CTVA/2021-08-06/ab2f2-2023-01-25-09-00-21/ab2f2-2023-01-25-09-00-21.pdf/ab2f2-2023-01-25-09-00-21.pdf",
        "periodicity": "periodic"
    },
    {
        "equity_ticker": "CTVA",
        "geography": "US",
        "content_name": "CTVA Q2 2021 Presentation",
        "file_type": "pdf",
        "content_type": "earnings_presentation",
        "published_date": "2021-08-06",
        "fiscal_date": "2021-08-06",
        "fiscal_year": 2021,
        "fiscal_quarter": 2,
        "r2_url": "https://pub-2c783279b61043e19fbdadd1bee5153a.r2.dev/CTVA/2021-08-06/cf1cf-2021-08-06-04-00-23-migrated/cf1cf-2021-08-06-04-00-23-migrated.pdf/cf1cf-2021-08-06-04-00-23-migrated.pdf",
        "periodicity": "periodic"
    },
    {
        "equity_ticker": "CTVA",
        "geography": "US",
        "content_name": "AGM 2021 - May 7, 2021",
        "file_type": "pdf",
        "content_type": "company_conference_transcript",
        "published_date": "2021-05-07",
        "fiscal_date": "2021-05-07",
        "fiscal_year": null,
        "fiscal_quarter": null,
        "r2_url": "https://pub-2c783279b61043e19fbdadd1bee5153a.r2.dev/CTVA/2021-05-07/Corteva%2C%20Inc._2021-05-07_transcript/Corteva%2C%20Inc._2021-05-07_transcript.pdf/Corteva%2C%20Inc._2021-05-07_transcript.pdf",
        "periodicity": "non_periodic"
    },
    {
        "equity_ticker": "CTVA",
        "geography": "US",
        "content_name": "CTVA Q1 2021 Transcript",
        "file_type": "pdf",
        "content_type": "earnings_transcript",
        "published_date": "2021-05-05",
        "fiscal_date": "2021-05-05",
        "fiscal_year": 2021,
        "fiscal_quarter": 1,
        "r2_url": "https://pub-2c783279b61043e19fbdadd1bee5153a.r2.dev/CTVA/2021-05-05/Corteva%2C%20Inc._2021-05-05_transcript/Corteva%2C%20Inc._2021-05-05_transcript.pdf/Corteva%2C%20Inc._2021-05-05_transcript.pdf",
        "periodicity": "periodic"
    },
    {
        "equity_ticker": "CTVA",
        "geography": "US",
        "content_name": "CTVA Q1 2021 Press Release",
        "file_type": "pdf",
        "content_type": "earnings_press_release",
        "published_date": "2021-05-05",
        "fiscal_date": "2021-05-05",
        "fiscal_year": 2021,
        "fiscal_quarter": 1,
        "r2_url": "https://pub-2c783279b61043e19fbdadd1bee5153a.r2.dev/CTVA/2021-05-05/27096-2023-01-25-09-35-31/27096-2023-01-25-09-35-31.pdf/27096-2023-01-25-09-35-31.pdf",
        "periodicity": "periodic"
    },
    {
        "equity_ticker": "CTVA",
        "geography": "US",
        "content_name": "CTVA Q1 2021 Presentation",
        "file_type": "pdf",
        "content_type": "earnings_presentation",
        "published_date": "2021-05-05",
        "fiscal_date": "2021-05-05",
        "fiscal_year": 2021,
        "fiscal_quarter": 1,
        "r2_url": "https://pub-2c783279b61043e19fbdadd1bee5153a.r2.dev/CTVA/2021-05-05/437f5-2021-05-05-11-00-05-migrated/437f5-2021-05-05-11-00-05-migrated.pdf/437f5-2021-05-05-11-00-05-migrated.pdf",
        "periodicity": "periodic"
    },
    {
        "equity_ticker": "CTVA",
        "geography": "US",
        "content_name": "CTVA Q4 2020 Transcript",
        "file_type": "pdf",
        "content_type": "earnings_transcript",
        "published_date": "2021-02-04",
        "fiscal_date": "2021-02-04",
        "fiscal_year": 2020,
        "fiscal_quarter": 4,
        "r2_url": "https://pub-2c783279b61043e19fbdadd1bee5153a.r2.dev/CTVA/2021-02-04/Corteva%2C%20Inc._2021-02-04_transcript/Corteva%2C%20Inc._2021-02-04_transcript.pdf/Corteva%2C%20Inc._2021-02-04_transcript.pdf",
        "periodicity": "periodic"
    },
    {
        "equity_ticker": "CTVA",
        "geography": "US",
        "content_name": "CTVA Q4 2020 Press Release",
        "file_type": "pdf",
        "content_type": "earnings_press_release",
        "published_date": "2021-02-04",
        "fiscal_date": "2021-02-04",
        "fiscal_year": 2020,
        "fiscal_quarter": 4,
        "r2_url": "https://pub-2c783279b61043e19fbdadd1bee5153a.r2.dev/CTVA/2021-02-04/d45b2-2024-03-19-08-58-43/d45b2-2024-03-19-08-58-43.pdf/d45b2-2024-03-19-08-58-43.pdf",
        "periodicity": "periodic"
    },
    {
        "equity_ticker": "CTVA",
        "geography": "US",
        "content_name": "CTVA Q4 2020 Presentation",
        "file_type": "pdf",
        "content_type": "earnings_presentation",
        "published_date": "2021-02-04",
        "fiscal_date": "2021-02-04",
        "fiscal_year": 2020,
        "fiscal_quarter": 4,
        "r2_url": "https://pub-2c783279b61043e19fbdadd1bee5153a.r2.dev/CTVA/2021-02-04/d9a48-2024-03-19-08-58-43/d9a48-2024-03-19-08-58-43.pdf/d9a48-2024-03-19-08-58-43.pdf",
        "periodicity": "periodic"
    },
    {
        "equity_ticker": "CTVA",
        "geography": "US",
        "content_name": "CTVA Q3 2020 Transcript",
        "file_type": "pdf",
        "content_type": "earnings_transcript",
        "published_date": "2020-11-05",
        "fiscal_date": "2020-11-05",
        "fiscal_year": 2020,
        "fiscal_quarter": 3,
        "r2_url": "https://pub-2c783279b61043e19fbdadd1bee5153a.r2.dev/CTVA/2020-11-05/Corteva%2C%20Inc._2020-11-05_transcript/Corteva%2C%20Inc._2020-11-05_transcript.pdf/Corteva%2C%20Inc._2020-11-05_transcript.pdf",
        "periodicity": "periodic"
    },
    {
        "equity_ticker": "CTVA",
        "geography": "US",
        "content_name": "CTVA Q3 2020 Press Release",
        "file_type": "pdf",
        "content_type": "earnings_press_release",
        "published_date": "2020-11-05",
        "fiscal_date": "2020-11-05",
        "fiscal_year": 2020,
        "fiscal_quarter": 3,
        "r2_url": "https://pub-2c783279b61043e19fbdadd1bee5153a.r2.dev/CTVA/2020-11-05/23097-2024-03-20-04-22-18/23097-2024-03-20-04-22-18.pdf/23097-2024-03-20-04-22-18.pdf",
        "periodicity": "periodic"
    },
    {
        "equity_ticker": "CTVA",
        "geography": "US",
        "content_name": "CTVA Q3 2020 Presentation",
        "file_type": "pdf",
        "content_type": "earnings_presentation",
        "published_date": "2020-11-05",
        "fiscal_date": "2020-11-05",
        "fiscal_year": 2020,
        "fiscal_quarter": 3,
        "r2_url": "https://pub-2c783279b61043e19fbdadd1bee5153a.r2.dev/CTVA/2020-11-05/e6757-2024-03-20-04-22-18/e6757-2024-03-20-04-22-18.pdf/e6757-2024-03-20-04-22-18.pdf",
        "periodicity": "periodic"
    },
    {
        "equity_ticker": "CTVA",
        "geography": "US",
        "content_name": "Investor Update - August 17, 2020",
        "file_type": "pdf",
        "content_type": "company_conference_transcript",
        "published_date": "2020-08-17",
        "fiscal_date": "2020-08-17",
        "fiscal_year": null,
        "fiscal_quarter": null,
        "r2_url": "https://pub-2c783279b61043e19fbdadd1bee5153a.r2.dev/CTVA/2020-08-17/Corteva%2C%20Inc._2020-08-17_transcript/Corteva%2C%20Inc._2020-08-17_transcript.pdf/Corteva%2C%20Inc._2020-08-17_transcript.pdf",
        "periodicity": "non_periodic"
    },
    {
        "equity_ticker": "CTVA",
        "geography": "US",
        "content_name": "Investor Update - August 17, 2020",
        "file_type": "pdf",
        "content_type": "company_conference_presentation",
        "published_date": "2020-08-17",
        "fiscal_date": "2020-08-17",
        "fiscal_year": null,
        "fiscal_quarter": null,
        "r2_url": "https://pub-2c783279b61043e19fbdadd1bee5153a.r2.dev/CTVA/2020-08-17/5a67e-2024-03-20-04-40-19/5a67e-2024-03-20-04-40-19.pdf/5a67e-2024-03-20-04-40-19.pdf",
        "periodicity": "non_periodic"
    },
    {
        "equity_ticker": "CTVA",
        "geography": "US",
        "content_name": "CTVA Q2 2020 Transcript",
        "file_type": "pdf",
        "content_type": "earnings_transcript",
        "published_date": "2020-08-06",
        "fiscal_date": "2020-08-06",
        "fiscal_year": 2020,
        "fiscal_quarter": 2,
        "r2_url": "https://pub-2c783279b61043e19fbdadd1bee5153a.r2.dev/CTVA/2020-08-06/Corteva%2C%20Inc._2020-08-06_transcript/Corteva%2C%20Inc._2020-08-06_transcript.pdf/Corteva%2C%20Inc._2020-08-06_transcript.pdf",
        "periodicity": "periodic"
    },
    {
        "equity_ticker": "CTVA",
        "geography": "US",
        "content_name": "CTVA Q2 2020 Press Release",
        "file_type": "pdf",
        "content_type": "earnings_press_release",
        "published_date": "2020-08-06",
        "fiscal_date": "2020-08-06",
        "fiscal_year": 2020,
        "fiscal_quarter": 2,
        "r2_url": "https://pub-2c783279b61043e19fbdadd1bee5153a.r2.dev/CTVA/2020-08-06/34658-2024-03-20-04-34-24/34658-2024-03-20-04-34-24.pdf/34658-2024-03-20-04-34-24.pdf",
        "periodicity": "periodic"
    },
    {
        "equity_ticker": "CTVA",
        "geography": "US",
        "content_name": "CTVA Q2 2020 Presentation",
        "file_type": "pdf",
        "content_type": "earnings_presentation",
        "published_date": "2020-08-06",
        "fiscal_date": "2020-08-06",
        "fiscal_year": 2020,
        "fiscal_quarter": 2,
        "r2_url": "https://pub-2c783279b61043e19fbdadd1bee5153a.r2.dev/CTVA/2020-08-06/26c1e-2024-03-20-04-34-24/26c1e-2024-03-20-04-34-24.pdf/26c1e-2024-03-20-04-34-24.pdf",
        "periodicity": "periodic"
    },
    {
        "equity_ticker": "CTVA",
        "geography": "US",
        "content_name": "CTVA Q1 2020 Transcript",
        "file_type": "pdf",
        "content_type": "earnings_transcript",
        "published_date": "2020-05-07",
        "fiscal_date": "2020-05-07",
        "fiscal_year": 2020,
        "fiscal_quarter": 1,
        "r2_url": "https://pub-2c783279b61043e19fbdadd1bee5153a.r2.dev/CTVA/2020-05-07/Corteva%2C%20Inc._2020-05-07_transcript/Corteva%2C%20Inc._2020-05-07_transcript.pdf/Corteva%2C%20Inc._2020-05-07_transcript.pdf",
        "periodicity": "periodic"
    },
    {
        "equity_ticker": "CTVA",
        "geography": "US",
        "content_name": "CTVA Q1 2020 Press Release",
        "file_type": "pdf",
        "content_type": "earnings_press_release",
        "published_date": "2020-05-07",
        "fiscal_date": "2020-05-07",
        "fiscal_year": 2020,
        "fiscal_quarter": 1,
        "r2_url": "https://pub-2c783279b61043e19fbdadd1bee5153a.r2.dev/CTVA/2020-05-07/bff7f-2024-03-20-04-23-26/bff7f-2024-03-20-04-23-26.pdf/bff7f-2024-03-20-04-23-26.pdf",
        "periodicity": "periodic"
    },
    {
        "equity_ticker": "CTVA",
        "geography": "US",
        "content_name": "CTVA Q1 2020 Presentation",
        "file_type": "pdf",
        "content_type": "earnings_presentation",
        "published_date": "2020-05-07",
        "fiscal_date": "2020-05-07",
        "fiscal_year": 2020,
        "fiscal_quarter": 1,
        "r2_url": "https://pub-2c783279b61043e19fbdadd1bee5153a.r2.dev/CTVA/2020-05-07/282ee-2024-03-20-04-23-26/282ee-2024-03-20-04-23-26.pdf/282ee-2024-03-20-04-23-26.pdf",
        "periodicity": "periodic"
    },
    {
        "equity_ticker": "CTVA",
        "geography": "US",
        "content_name": "AGM 2020 - April 28, 2020",
        "file_type": "pdf",
        "content_type": "company_conference_transcript",
        "published_date": "2020-04-28",
        "fiscal_date": "2020-04-28",
        "fiscal_year": null,
        "fiscal_quarter": null,
        "r2_url": "https://pub-2c783279b61043e19fbdadd1bee5153a.r2.dev/CTVA/2020-04-28/Corteva%2C%20Inc._2020-04-28_transcript/Corteva%2C%20Inc._2020-04-28_transcript.pdf/Corteva%2C%20Inc._2020-04-28_transcript.pdf",
        "periodicity": "non_periodic"
    },
    {
        "equity_ticker": "CTVA",
        "geography": "US",
        "content_name": "CTVA Q4 2019 Transcript",
        "file_type": "pdf",
        "content_type": "earnings_transcript",
        "published_date": "2020-01-30",
        "fiscal_date": "2020-01-30",
        "fiscal_year": 2019,
        "fiscal_quarter": 4,
        "r2_url": "https://pub-2c783279b61043e19fbdadd1bee5153a.r2.dev/CTVA/2020-01-30/Corteva%2C%20Inc._2020-01-30_transcript/Corteva%2C%20Inc._2020-01-30_transcript.pdf/Corteva%2C%20Inc._2020-01-30_transcript.pdf",
        "periodicity": "periodic"
    },
    {
        "equity_ticker": "CTVA",
        "geography": "US",
        "content_name": "CTVA Q4 2019 Press Release",
        "file_type": "pdf",
        "content_type": "earnings_press_release",
        "published_date": "2020-01-30",
        "fiscal_date": "2020-01-30",
        "fiscal_year": 2019,
        "fiscal_quarter": 4,
        "r2_url": "https://pub-2c783279b61043e19fbdadd1bee5153a.r2.dev/CTVA/2020-01-30/0e122-2024-03-20-04-58-33/0e122-2024-03-20-04-58-33.pdf/0e122-2024-03-20-04-58-33.pdf",
        "periodicity": "periodic"
    },
    {
        "equity_ticker": "CTVA",
        "geography": "US",
        "content_name": "CTVA Q4 2019 Presentation",
        "file_type": "pdf",
        "content_type": "earnings_presentation",
        "published_date": "2020-01-30",
        "fiscal_date": "2020-01-30",
        "fiscal_year": 2019,
        "fiscal_quarter": 4,
        "r2_url": "https://pub-2c783279b61043e19fbdadd1bee5153a.r2.dev/CTVA/2020-01-30/02724-2024-03-20-04-58-33/02724-2024-03-20-04-58-33.pdf/02724-2024-03-20-04-58-33.pdf",
        "periodicity": "periodic"
    },
    {
        "equity_ticker": "CTVA",
        "geography": "US",
        "content_name": "CTVA Q3 2019 Transcript",
        "file_type": "pdf",
        "content_type": "earnings_transcript",
        "published_date": "2019-10-31",
        "fiscal_date": "2019-10-31",
        "fiscal_year": 2019,
        "fiscal_quarter": 3,
        "r2_url": "https://pub-2c783279b61043e19fbdadd1bee5153a.r2.dev/CTVA/2019-10-31/Corteva%2C%20Inc._2019-10-31_transcript/Corteva%2C%20Inc._2019-10-31_transcript.pdf/Corteva%2C%20Inc._2019-10-31_transcript.pdf",
        "periodicity": "periodic"
    },
    {
        "equity_ticker": "CTVA",
        "geography": "US",
        "content_name": "CTVA Q3 2019 Press Release",
        "file_type": "pdf",
        "content_type": "earnings_press_release",
        "published_date": "2019-10-31",
        "fiscal_date": "2019-10-31",
        "fiscal_year": 2019,
        "fiscal_quarter": 3,
        "r2_url": "https://pub-2c783279b61043e19fbdadd1bee5153a.r2.dev/CTVA/2019-10-31/2bc9e-2024-03-20-05-00-04/2bc9e-2024-03-20-05-00-04.pdf/2bc9e-2024-03-20-05-00-04.pdf",
        "periodicity": "periodic"
    },
    {
        "equity_ticker": "CTVA",
        "geography": "US",
        "content_name": "CTVA Q3 2019 Presentation",
        "file_type": "pdf",
        "content_type": "earnings_presentation",
        "published_date": "2019-10-31",
        "fiscal_date": "2019-10-31",
        "fiscal_year": 2019,
        "fiscal_quarter": 3,
        "r2_url": "https://pub-2c783279b61043e19fbdadd1bee5153a.r2.dev/CTVA/2019-10-31/02ad8-2024-03-20-05-00-04/02ad8-2024-03-20-05-00-04.pdf/02ad8-2024-03-20-05-00-04.pdf",
        "periodicity": "periodic"
    },
    {
        "equity_ticker": "CTVA",
        "geography": "US",
        "content_name": "Guidance - August 15, 2019",
        "file_type": "pdf",
        "content_type": "company_conference_transcript",
        "published_date": "2019-08-15",
        "fiscal_date": "2019-08-15",
        "fiscal_year": null,
        "fiscal_quarter": null,
        "r2_url": "https://pub-2c783279b61043e19fbdadd1bee5153a.r2.dev/CTVA/2019-08-15/Corteva%2C%20Inc._2019-08-15_transcript/Corteva%2C%20Inc._2019-08-15_transcript.pdf/Corteva%2C%20Inc._2019-08-15_transcript.pdf",
        "periodicity": "non_periodic"
    },
    {
        "equity_ticker": "CTVA",
        "geography": "US",
        "content_name": "Guidance - August 15, 2019",
        "file_type": "pdf",
        "content_type": "company_conference_presentation",
        "published_date": "2019-08-15",
        "fiscal_date": "2019-08-15",
        "fiscal_year": null,
        "fiscal_quarter": null,
        "r2_url": "https://pub-2c783279b61043e19fbdadd1bee5153a.r2.dev/CTVA/2019-08-15/cb0f4-2024-03-20-05-48-20/cb0f4-2024-03-20-05-48-20.pdf/cb0f4-2024-03-20-05-48-20.pdf",
        "periodicity": "non_periodic"
    },
    {
        "equity_ticker": "CTVA",
        "geography": "US",
        "content_name": "CTVA Q2 2019 Transcript",
        "file_type": "pdf",
        "content_type": "earnings_transcript",
        "published_date": "2019-08-01",
        "fiscal_date": "2019-08-01",
        "fiscal_year": 2019,
        "fiscal_quarter": 2,
        "r2_url": "https://pub-2c783279b61043e19fbdadd1bee5153a.r2.dev/CTVA/2019-08-01/Corteva%2C%20Inc._2019-08-01_transcript/Corteva%2C%20Inc._2019-08-01_transcript.pdf/Corteva%2C%20Inc._2019-08-01_transcript.pdf",
        "periodicity": "periodic"
    },
    {
        "equity_ticker": "CTVA",
        "geography": "US",
        "content_name": "CTVA Q2 2019 Press Release",
        "file_type": "pdf",
        "content_type": "earnings_press_release",
        "published_date": "2019-08-01",
        "fiscal_date": "2019-08-01",
        "fiscal_year": 2019,
        "fiscal_quarter": 2,
        "r2_url": "https://pub-2c783279b61043e19fbdadd1bee5153a.r2.dev/CTVA/2019-08-01/b9d1e-2024-03-20-05-35-25/b9d1e-2024-03-20-05-35-25.pdf/b9d1e-2024-03-20-05-35-25.pdf",
        "periodicity": "periodic"
    },
    {
        "equity_ticker": "CTVA",
        "geography": "US",
        "content_name": "CTVA Q2 2019 Presentation",
        "file_type": "pdf",
        "content_type": "earnings_presentation",
        "published_date": "2019-08-01",
        "fiscal_date": "2019-08-01",
        "fiscal_year": 2019,
        "fiscal_quarter": 2,
        "r2_url": "https://pub-2c783279b61043e19fbdadd1bee5153a.r2.dev/CTVA/2019-08-01/93f89-2024-03-20-05-36-25/93f89-2024-03-20-05-36-25.pdf/93f89-2024-03-20-05-36-25.pdf",
        "periodicity": "periodic"
    },
    {
        "equity_ticker": "CTVA",
        "geography": "US",
        "content_name": "Investor Day 2019 - May 9, 2019",
        "file_type": "pdf",
        "content_type": "company_conference_transcript",
        "published_date": "2019-05-09",
        "fiscal_date": "2019-05-09",
        "fiscal_year": null,
        "fiscal_quarter": null,
        "r2_url": "https://pub-2c783279b61043e19fbdadd1bee5153a.r2.dev/CTVA/2019-05-09/Corteva%2C%20Inc._2019-05-09_transcript/Corteva%2C%20Inc._2019-05-09_transcript.pdf/Corteva%2C%20Inc._2019-05-09_transcript.pdf",
        "periodicity": "non_periodic"
    },
    {
        "equity_ticker": "CTVA",
        "geography": "US",
        "content_name": "Investor Day 2019 - May 9, 2019",
        "file_type": "pdf",
        "content_type": "company_conference_presentation",
        "published_date": "2019-05-09",
        "fiscal_date": "2019-05-09",
        "fiscal_year": null,
        "fiscal_quarter": null,
        "r2_url": "https://pub-2c783279b61043e19fbdadd1bee5153a.r2.dev/CTVA/2019-05-09/20984-2024-03-20-06-52-09/20984-2024-03-20-06-52-09.pdf/20984-2024-03-20-06-52-09.pdf",
        "periodicity": "non_periodic"
    },
    {
        "equity_ticker": "CTVA",
        "geography": "US",
        "content_name": "CTVA Q4 2024 10-K",
        "file_type": "pdf",
        "content_type": "annual_report",
        "published_date": "2025-02-14",
        "fiscal_date": "2024-12-31",
        "fiscal_year": 2024,
        "fiscal_quarter": 4,
        "r2_url": "https://pub-2c783279b61043e19fbdadd1bee5153a.r2.dev/CTVA/2025-02-14/ctva-20241231.htm/ctva-20241231.pdf",
        "periodicity": "periodic"
      },
      {
        "equity_ticker": "CTVA",
        "geography": "US",
        "content_name": "CTVA Q3 2024 10-Q",
        "file_type": "pdf",
        "content_type": "quarterly_report",
        "published_date": "2024-11-07",
        "fiscal_date": "2024-09-30",
        "fiscal_year": 2024,
        "fiscal_quarter": 3,
        "r2_url": "https://pub-2c783279b61043e19fbdadd1bee5153a.r2.dev/CTVA/2024-11-07/ctva-20240930.htm/ctva-20240930.pdf",
        "periodicity": "periodic"
      },
      {
        "equity_ticker": "CTVA",
        "geography": "US",
        "content_name": "CTVA Q2 2024 10-Q",
        "file_type": "pdf",
        "content_type": "quarterly_report",
        "published_date": "2024-08-01",
        "fiscal_date": "2024-06-30",
        "fiscal_year": 2024,
        "fiscal_quarter": 2,
        "r2_url": "https://pub-2c783279b61043e19fbdadd1bee5153a.r2.dev/CTVA/2024-08-01/ctva-20240630.htm/ctva-20240630.pdf",
        "periodicity": "periodic"
      },
      {
        "equity_ticker": "CTVA",
        "geography": "US",
        "content_name": "CTVA Q1 2024 10-Q",
        "file_type": "pdf",
        "content_type": "quarterly_report",
        "published_date": "2024-05-02",
        "fiscal_date": "2024-03-31",
        "fiscal_year": 2024,
        "fiscal_quarter": 1,
        "r2_url": "https://pub-2c783279b61043e19fbdadd1bee5153a.r2.dev/CTVA/2024-05-02/ctva-20240331.htm/ctva-20240331.pdf",
        "periodicity": "periodic"
      },
      {
        "equity_ticker": "CTVA",
        "geography": "US",
        "content_name": "CTVA Q4 2023 10-K",
        "file_type": "pdf",
        "content_type": "annual_report",
        "published_date": "2024-02-08",
        "fiscal_date": "2023-12-31",
        "fiscal_year": 2023,
        "fiscal_quarter": 4,
        "r2_url": "https://pub-2c783279b61043e19fbdadd1bee5153a.r2.dev/CTVA/2024-02-08/ctva-20231231.htm/ctva-20231231.pdf",
        "periodicity": "periodic"
      },
      {
        "equity_ticker": "CTVA",
        "geography": "US",
        "content_name": "CTVA Q3 2023 10-Q",
        "file_type": "pdf",
        "content_type": "quarterly_report",
        "published_date": "2023-11-09",
        "fiscal_date": "2023-09-30",
        "fiscal_year": 2023,
        "fiscal_quarter": 3,
        "r2_url": "https://pub-2c783279b61043e19fbdadd1bee5153a.r2.dev/CTVA/2023-11-09/ctva-20230930.htm/ctva-20230930.pdf",
        "periodicity": "periodic"
      },
      {
        "equity_ticker": "CTVA",
        "geography": "US",
        "content_name": "CTVA Q2 2023 10-Q",
        "file_type": "pdf",
        "content_type": "quarterly_report",
        "published_date": "2023-08-04",
        "fiscal_date": "2023-06-30",
        "fiscal_year": 2023,
        "fiscal_quarter": 2,
        "r2_url": "https://pub-2c783279b61043e19fbdadd1bee5153a.r2.dev/CTVA/2023-08-04/ctva-20230630.htm/ctva-20230630.pdf",
        "periodicity": "periodic"
      },
      {
        "equity_ticker": "CTVA",
        "geography": "US",
        "content_name": "CTVA Q1 2023 10-Q",
        "file_type": "pdf",
        "content_type": "quarterly_report",
        "published_date": "2023-05-04",
        "fiscal_date": "2023-03-31",
        "fiscal_year": 2023,
        "fiscal_quarter": 1,
        "r2_url": "https://pub-2c783279b61043e19fbdadd1bee5153a.r2.dev/CTVA/2023-05-04/ctva-20230331.htm/ctva-20230331.pdf",
        "periodicity": "periodic"
      },
      {
        "equity_ticker": "CTVA",
        "geography": "US",
        "content_name": "CTVA Q4 2022 10-K",
        "file_type": "pdf",
        "content_type": "annual_report",
        "published_date": "2023-02-09",
        "fiscal_date": "2022-12-31",
        "fiscal_year": 2022,
        "fiscal_quarter": 4,
        "r2_url": "https://pub-2c783279b61043e19fbdadd1bee5153a.r2.dev/CTVA/2023-02-09/ctva-20221231.htm/ctva-20221231.pdf",
        "periodicity": "periodic"
      },
      {
        "equity_ticker": "CTVA",
        "geography": "US",
        "content_name": "CTVA Q3 2022 10-Q",
        "file_type": "pdf",
        "content_type": "quarterly_report",
        "published_date": "2022-11-04",
        "fiscal_date": "2022-09-30",
        "fiscal_year": 2022,
        "fiscal_quarter": 3,
        "r2_url": "https://pub-2c783279b61043e19fbdadd1bee5153a.r2.dev/CTVA/2022-11-04/ctva-20220930.htm/ctva-20220930.pdf",
        "periodicity": "periodic"
      },
      {
        "equity_ticker": "CTVA",
        "geography": "US",
        "content_name": "CTVA Q2 2022 10-Q",
        "file_type": "pdf",
        "content_type": "quarterly_report",
        "published_date": "2022-08-05",
        "fiscal_date": "2022-06-30",
        "fiscal_year": 2022,
        "fiscal_quarter": 2,
        "r2_url": "https://pub-2c783279b61043e19fbdadd1bee5153a.r2.dev/CTVA/2022-08-05/dd-20220630.htm/dd-20220630.pdf",
        "periodicity": "periodic"
      },
      {
        "equity_ticker": "CTVA",
        "geography": "US",
        "content_name": "CTVA Q1 2022 10-Q",
        "file_type": "pdf",
        "content_type": "quarterly_report",
        "published_date": "2022-05-05",
        "fiscal_date": "2022-03-31",
        "fiscal_year": 2022,
        "fiscal_quarter": 1,
        "r2_url": "https://pub-2c783279b61043e19fbdadd1bee5153a.r2.dev/CTVA/2022-05-05/dd-20220331.htm/ix.pdf",
        "periodicity": "periodic"
      },
      {
        "equity_ticker": "CTVA",
        "geography": "US",
        "content_name": "CTVA Q4 2021 10-K",
        "file_type": "pdf",
        "content_type": "annual_report",
        "published_date": "2022-02-10",
        "fiscal_date": "2021-12-31",
        "fiscal_year": 2021,
        "fiscal_quarter": 4,
        "r2_url": "https://pub-2c783279b61043e19fbdadd1bee5153a.r2.dev/CTVA/2022-02-10/ctva-20211231.htm/ctva-20211231.pdf",
        "periodicity": "periodic"
      },
      {
        "equity_ticker": "CTVA",
        "geography": "US",
        "content_name": "CTVA Q3 2021 10-Q",
        "file_type": "pdf",
        "content_type": "quarterly_report",
        "published_date": "2021-11-04",
        "fiscal_date": "2021-09-30",
        "fiscal_year": 2021,
        "fiscal_quarter": 3,
        "r2_url": "https://pub-2c783279b61043e19fbdadd1bee5153a.r2.dev/CTVA/2021-11-04/dd-20210930.htm/dd-20210930.pdf",
        "periodicity": "periodic"
      },
      {
        "equity_ticker": "CTVA",
        "geography": "US",
        "content_name": "CTVA Q2 2021 10-Q",
        "file_type": "pdf",
        "content_type": "quarterly_report",
        "published_date": "2021-08-06",
        "fiscal_date": "2021-06-30",
        "fiscal_year": 2021,
        "fiscal_quarter": 2,
        "r2_url": "https://pub-2c783279b61043e19fbdadd1bee5153a.r2.dev/CTVA/2021-08-06/dd-20210630.htm/dd-20210630.pdf",
        "periodicity": "periodic"
      },
      {
        "equity_ticker": "CTVA",
        "geography": "US",
        "content_name": "CTVA Q1 2021 10-Q",
        "file_type": "pdf",
        "content_type": "quarterly_report",
        "published_date": "2021-05-05",
        "fiscal_date": "2021-03-31",
        "fiscal_year": 2021,
        "fiscal_quarter": 1,
        "r2_url": "https://pub-2c783279b61043e19fbdadd1bee5153a.r2.dev/CTVA/2021-05-05/dd-20210331.htm/dd-20210331.pdf",
        "periodicity": "periodic"
      },
      {
        "equity_ticker": "CTVA",
        "geography": "US",
        "content_name": "CTVA Q4 2020 10-K",
        "file_type": "pdf",
        "content_type": "annual_report",
        "published_date": "2021-02-11",
        "fiscal_date": "2020-12-31",
        "fiscal_year": 2020,
        "fiscal_quarter": 4,
        "r2_url": "https://pub-2c783279b61043e19fbdadd1bee5153a.r2.dev/CTVA/2021-02-11/ctva-20201231.htm/ctva-20201231.pdf",
        "periodicity": "periodic"
      },
      {
        "equity_ticker": "CTVA",
        "geography": "US",
        "content_name": "CTVA Q3 2020 10-Q",
        "file_type": "pdf",
        "content_type": "quarterly_report",
        "published_date": "2020-11-05",
        "fiscal_date": "2020-09-30",
        "fiscal_year": 2020,
        "fiscal_quarter": 3,
        "r2_url": "https://pub-2c783279b61043e19fbdadd1bee5153a.r2.dev/CTVA/2020-11-05/dd-20200930.htm/dd-20200930.pdf",
        "periodicity": "periodic"
      },
      {
        "equity_ticker": "CTVA",
        "geography": "US",
        "content_name": "CTVA Q2 2020 10-Q",
        "file_type": "pdf",
        "content_type": "quarterly_report",
        "published_date": "2020-08-06",
        "fiscal_date": "2020-06-30",
        "fiscal_year": 2020,
        "fiscal_quarter": 2,
        "r2_url": "https://pub-2c783279b61043e19fbdadd1bee5153a.r2.dev/CTVA/2020-08-06/corteva-630202010xq.htm/ix.pdf",
        "periodicity": "periodic"
      },
      {
        "equity_ticker": "CTVA",
        "geography": "US",
        "content_name": "CTVA Q1 2020 10-Q",
        "file_type": "pdf",
        "content_type": "quarterly_report",
        "published_date": "2020-05-07",
        "fiscal_date": "2020-03-31",
        "fiscal_year": 2020,
        "fiscal_quarter": 1,
        "r2_url": "https://pub-2c783279b61043e19fbdadd1bee5153a.r2.dev/CTVA/2020-05-07/corteva-331202010xq.htm/ix.pdf",
        "periodicity": "periodic"
      },
      {
        "equity_ticker": "CTVA",
        "geography": "US",
        "content_name": "CTVA Q4 2019 10-K",
        "file_type": "pdf",
        "content_type": "annual_report",
        "published_date": "2020-02-14",
        "fiscal_date": "2019-12-31",
        "fiscal_year": 2019,
        "fiscal_quarter": 4,
        "r2_url": "https://pub-2c783279b61043e19fbdadd1bee5153a.r2.dev/CTVA/2020-02-14/ctva-12x31x201910xk.htm/ix.pdf",
        "periodicity": "periodic"
      },
      {
        "equity_ticker": "CTVA",
        "geography": "US",
        "content_name": "CTVA Q3 2019 10-Q",
        "file_type": "pdf",
        "content_type": "quarterly_report",
        "published_date": "2019-10-31",
        "fiscal_date": "2019-09-30",
        "fiscal_year": 2019,
        "fiscal_quarter": 3,
        "r2_url": "https://pub-2c783279b61043e19fbdadd1bee5153a.r2.dev/CTVA/2019-10-31/corteva-930201910xq.htm/ix.pdf",
        "periodicity": "periodic"
      },
      {
        "equity_ticker": "CTVA",
        "geography": "US",
        "content_name": "CTVA Q2 2019 10-Q",
        "file_type": "pdf",
        "content_type": "quarterly_report",
        "published_date": "2019-08-06",
        "fiscal_date": "2019-06-30",
        "fiscal_year": 2019,
        "fiscal_quarter": 2,
        "r2_url": "https://pub-2c783279b61043e19fbdadd1bee5153a.r2.dev/CTVA/2019-08-06/corteva-630201910xquse.htm/ix.pdf",
        "periodicity": "periodic"
      },
      {
        "equity_ticker": "CTVA",
        "geography": "US",
        "content_name": "CTVA Q1 2019 10-Q",
        "file_type": "pdf",
        "content_type": "quarterly_report",
        "published_date": "2019-05-31",
        "fiscal_date": "2019-03-31",
        "fiscal_year": 2019,
        "fiscal_quarter": 1,
        "r2_url": "https://pub-2c783279b61043e19fbdadd1bee5153a.r2.dev/CTVA/2019-05-31/ctva-331201910xq.htm/ctva-331201910xq.pdf",
        "periodicity": "periodic"
      }
]