[
  {
    "equity_ticker": "CVS",
    "geography": "US",
    "content_name": "CVS Q4 2024 10-K",
    "file_type": "pdf",
    "content_type": "annual_report",
    "published_date": "2025-02-12",
    "fiscal_date": "2024-12-31",
    "fiscal_year": 2024,
    "fiscal_quarter": 4,
    "r2_url": "https://pub-2c783279b61043e19fbdadd1bee5153a.r2.dev/CVS/2025-02-12/cvs-20241231.htm/cvs-20241231.pdf",
    "periodicity": "periodic"
  },
  {
    "equity_ticker": "CVS",
    "geography": "US",
    "content_name": "CVS Q3 2024 10-Q",
    "file_type": "pdf",
    "content_type": "quarterly_report",
    "published_date": "2024-11-06",
    "fiscal_date": "2024-09-30",
    "fiscal_year": 2024,
    "fiscal_quarter": 3,
    "r2_url": "https://pub-2c783279b61043e19fbdadd1bee5153a.r2.dev/CVS/2024-11-06/cvs-20240930.htm/cvs-20240930.pdf",
    "periodicity": "periodic"
  },
  {
    "equity_ticker": "CVS",
    "geography": "US",
    "content_name": "CVS Q2 2024 10-Q",
    "file_type": "pdf",
    "content_type": "quarterly_report",
    "published_date": "2024-08-07",
    "fiscal_date": "2024-06-30",
    "fiscal_year": 2024,
    "fiscal_quarter": 2,
    "r2_url": "https://pub-2c783279b61043e19fbdadd1bee5153a.r2.dev/CVS/2024-08-07/cvs-20240630.htm/cvs-20240630.pdf",
    "periodicity": "periodic"
  },
  {
    "equity_ticker": "CVS",
    "geography": "US",
    "content_name": "CVS Q1 2024 10-Q",
    "file_type": "pdf",
    "content_type": "quarterly_report",
    "published_date": "2024-05-01",
    "fiscal_date": "2024-03-31",
    "fiscal_year": 2024,
    "fiscal_quarter": 1,
    "r2_url": "https://pub-2c783279b61043e19fbdadd1bee5153a.r2.dev/CVS/2024-05-01/cvs-20240331.htm/cvs-20240331.pdf",
    "periodicity": "periodic"
  },
  {
    "equity_ticker": "CVS",
    "geography": "US",
    "content_name": "CVS Q4 2023 10-K",
    "file_type": "pdf",
    "content_type": "annual_report",
    "published_date": "2024-02-07",
    "fiscal_date": "2023-12-31",
    "fiscal_year": 2023,
    "fiscal_quarter": 4,
    "r2_url": "https://pub-2c783279b61043e19fbdadd1bee5153a.r2.dev/CVS/2024-02-07/cvs-20231231.htm/cvs-20231231.pdf",
    "periodicity": "periodic"
  },
  {
    "equity_ticker": "CVS",
    "geography": "US",
    "content_name": "CVS Q3 2023 10-Q",
    "file_type": "pdf",
    "content_type": "quarterly_report",
    "published_date": "2023-11-01",
    "fiscal_date": "2023-09-30",
    "fiscal_year": 2023,
    "fiscal_quarter": 3,
    "r2_url": "https://pub-2c783279b61043e19fbdadd1bee5153a.r2.dev/CVS/2023-11-01/cvs-20230930.htm/cvs-20230930.pdf",
    "periodicity": "periodic"
  },
  {
    "equity_ticker": "CVS",
    "geography": "US",
    "content_name": "CVS Q2 2023 10-Q",
    "file_type": "pdf",
    "content_type": "quarterly_report",
    "published_date": "2023-08-02",
    "fiscal_date": "2023-06-30",
    "fiscal_year": 2023,
    "fiscal_quarter": 2,
    "r2_url": "https://pub-2c783279b61043e19fbdadd1bee5153a.r2.dev/CVS/2023-08-02/cvs-20230630.htm/cvs-20230630.pdf",
    "periodicity": "periodic"
  },
  {
    "equity_ticker": "CVS",
    "geography": "US",
    "content_name": "CVS Q1 2023 10-Q",
    "file_type": "pdf",
    "content_type": "quarterly_report",
    "published_date": "2023-05-03",
    "fiscal_date": "2023-03-31",
    "fiscal_year": 2023,
    "fiscal_quarter": 1,
    "r2_url": "https://pub-2c783279b61043e19fbdadd1bee5153a.r2.dev/CVS/2023-05-03/cvs-20230331.htm/cvs-20230331.pdf",
    "periodicity": "periodic"
  },
  {
    "equity_ticker": "CVS",
    "geography": "US",
    "content_name": "CVS Q4 2022 10-K",
    "file_type": "pdf",
    "content_type": "annual_report",
    "published_date": "2023-02-08",
    "fiscal_date": "2022-12-31",
    "fiscal_year": 2022,
    "fiscal_quarter": 4,
    "r2_url": "https://pub-2c783279b61043e19fbdadd1bee5153a.r2.dev/CVS/2023-02-08/cvs-20221231.htm/cvs-20221231.pdf",
    "periodicity": "periodic"
  },
  {
    "equity_ticker": "CVS",
    "geography": "US",
    "content_name": "CVS Q3 2022 10-Q",
    "file_type": "pdf",
    "content_type": "quarterly_report",
    "published_date": "2022-11-02",
    "fiscal_date": "2022-09-30",
    "fiscal_year": 2022,
    "fiscal_quarter": 3,
    "r2_url": "https://pub-2c783279b61043e19fbdadd1bee5153a.r2.dev/CVS/2022-11-02/cvs-20220930.htm/cvs-20220930.pdf",
    "periodicity": "periodic"
  },
  {
    "equity_ticker": "CVS",
    "geography": "US",
    "content_name": "CVS Q2 2022 10-Q",
    "file_type": "pdf",
    "content_type": "quarterly_report",
    "published_date": "2022-08-03",
    "fiscal_date": "2022-06-30",
    "fiscal_year": 2022,
    "fiscal_quarter": 2,
    "r2_url": "https://pub-2c783279b61043e19fbdadd1bee5153a.r2.dev/CVS/2022-08-03/cvs-20220630.htm/cvs-20220630.pdf",
    "periodicity": "periodic"
  },
  {
    "equity_ticker": "CVS",
    "geography": "US",
    "content_name": "CVS Q1 2022 10-Q",
    "file_type": "pdf",
    "content_type": "quarterly_report",
    "published_date": "2022-05-04",
    "fiscal_date": "2022-03-31",
    "fiscal_year": 2022,
    "fiscal_quarter": 1,
    "r2_url": "https://pub-2c783279b61043e19fbdadd1bee5153a.r2.dev/CVS/2022-05-04/cvs-20220331.htm/cvs-20220331.pdf",
    "periodicity": "periodic"
  },
  {
    "equity_ticker": "CVS",
    "geography": "US",
    "content_name": "CVS Q4 2021 10-K",
    "file_type": "pdf",
    "content_type": "annual_report",
    "published_date": "2022-02-09",
    "fiscal_date": "2021-12-31",
    "fiscal_year": 2021,
    "fiscal_quarter": 4,
    "r2_url": "https://pub-2c783279b61043e19fbdadd1bee5153a.r2.dev/CVS/2022-02-09/cvs-20211231.htm/cvs-20211231.pdf",
    "periodicity": "periodic"
  },
  {
    "equity_ticker": "CVS",
    "geography": "US",
    "content_name": "CVS Q3 2021 10-Q",
    "file_type": "pdf",
    "content_type": "quarterly_report",
    "published_date": "2021-11-03",
    "fiscal_date": "2021-09-30",
    "fiscal_year": 2021,
    "fiscal_quarter": 3,
    "r2_url": "https://pub-2c783279b61043e19fbdadd1bee5153a.r2.dev/CVS/2021-11-03/cvs-20210930.htm/cvs-20210930.pdf",
    "periodicity": "periodic"
  },
  {
    "equity_ticker": "CVS",
    "geography": "US",
    "content_name": "CVS Q2 2021 10-Q",
    "file_type": "pdf",
    "content_type": "quarterly_report",
    "published_date": "2021-08-04",
    "fiscal_date": "2021-06-30",
    "fiscal_year": 2021,
    "fiscal_quarter": 2,
    "r2_url": "https://pub-2c783279b61043e19fbdadd1bee5153a.r2.dev/CVS/2021-08-04/cvs-20210630.htm/cvs-20210630.pdf",
    "periodicity": "periodic"
  },
  {
    "equity_ticker": "CVS",
    "geography": "US",
    "content_name": "CVS Q1 2021 10-Q",
    "file_type": "pdf",
    "content_type": "quarterly_report",
    "published_date": "2021-05-04",
    "fiscal_date": "2021-03-31",
    "fiscal_year": 2021,
    "fiscal_quarter": 1,
    "r2_url": "https://pub-2c783279b61043e19fbdadd1bee5153a.r2.dev/CVS/2021-05-04/cvs-20210331.htm/cvs-20210331.pdf",
    "periodicity": "periodic"
  },
  {
    "equity_ticker": "CVS",
    "geography": "US",
    "content_name": "CVS Q4 2020 10-K",
    "file_type": "pdf",
    "content_type": "annual_report",
    "published_date": "2021-02-16",
    "fiscal_date": "2020-12-31",
    "fiscal_year": 2020,
    "fiscal_quarter": 4,
    "r2_url": "https://pub-2c783279b61043e19fbdadd1bee5153a.r2.dev/CVS/2021-02-16/cvs-20201231.htm/cvs-20201231.pdf",
    "periodicity": "periodic"
  },
  {
    "equity_ticker": "CVS",
    "geography": "US",
    "content_name": "CVS Q3 2020 10-Q",
    "file_type": "pdf",
    "content_type": "quarterly_report",
    "published_date": "2020-11-06",
    "fiscal_date": "2020-09-30",
    "fiscal_year": 2020,
    "fiscal_quarter": 3,
    "r2_url": "https://pub-2c783279b61043e19fbdadd1bee5153a.r2.dev/CVS/2020-11-06/cvs-20200930.htm/cvs-20200930.pdf",
    "periodicity": "periodic"
  },
  {
    "equity_ticker": "CVS",
    "geography": "US",
    "content_name": "CVS Q2 2020 10-Q",
    "file_type": "pdf",
    "content_type": "quarterly_report",
    "published_date": "2020-08-05",
    "fiscal_date": "2020-06-30",
    "fiscal_year": 2020,
    "fiscal_quarter": 2,
    "r2_url": "https://pub-2c783279b61043e19fbdadd1bee5153a.r2.dev/CVS/2020-08-05/a0630202010-q.htm/ix.pdf",
    "periodicity": "periodic"
  },
  {
    "equity_ticker": "CVS",
    "geography": "US",
    "content_name": "CVS Q1 2020 10-Q",
    "file_type": "pdf",
    "content_type": "quarterly_report",
    "published_date": "2020-05-06",
    "fiscal_date": "2020-03-31",
    "fiscal_year": 2020,
    "fiscal_quarter": 1,
    "r2_url": "https://pub-2c783279b61043e19fbdadd1bee5153a.r2.dev/CVS/2020-05-06/a0331202010-q.htm/ix.pdf",
    "periodicity": "periodic"
  },
  {
    "equity_ticker": "CVS",
    "geography": "US",
    "content_name": "CVS Q4 2019 10-K",
    "file_type": "pdf",
    "content_type": "annual_report",
    "published_date": "2020-02-18",
    "fiscal_date": "2019-12-31",
    "fiscal_year": 2019,
    "fiscal_quarter": 4,
    "r2_url": "https://pub-2c783279b61043e19fbdadd1bee5153a.r2.dev/CVS/2020-02-18/a2019form10-k.htm/ix.pdf",
    "periodicity": "periodic"
  },
  {
    "equity_ticker": "CVS",
    "geography": "US",
    "content_name": "CVS Q3 2019 10-Q",
    "file_type": "pdf",
    "content_type": "quarterly_report",
    "published_date": "2019-11-06",
    "fiscal_date": "2019-09-30",
    "fiscal_year": 2019,
    "fiscal_quarter": 3,
    "r2_url": "https://pub-2c783279b61043e19fbdadd1bee5153a.r2.dev/CVS/2019-11-06/a0930201910-q.htm/ix.pdf",
    "periodicity": "periodic"
  },
  {
    "equity_ticker": "CVS",
    "geography": "US",
    "content_name": "CVS Q2 2019 10-Q",
    "file_type": "pdf",
    "content_type": "quarterly_report",
    "published_date": "2019-08-07",
    "fiscal_date": "2019-06-30",
    "fiscal_year": 2019,
    "fiscal_quarter": 2,
    "r2_url": "https://pub-2c783279b61043e19fbdadd1bee5153a.r2.dev/CVS/2019-08-07/a0630201910-q.htm/ix.pdf",
    "periodicity": "periodic"
  },
  {
    "equity_ticker": "CVS",
    "geography": "US",
    "content_name": "CVS Q1 2019 10-Q",
    "file_type": "pdf",
    "content_type": "quarterly_report",
    "published_date": "2019-05-01",
    "fiscal_date": "2019-03-31",
    "fiscal_year": 2019,
    "fiscal_quarter": 1,
    "r2_url": "https://pub-2c783279b61043e19fbdadd1bee5153a.r2.dev/CVS/2019-05-01/cvs-20190331x10q.htm/cvs-20190331x10q.pdf",
    "periodicity": "periodic"
  },
  {
    "equity_ticker": "CVS",
    "geography": "US",
    "content_name": "CVS Q4 2018 10-K",
    "file_type": "pdf",
    "content_type": "annual_report",
    "published_date": "2019-02-28",
    "fiscal_date": "2018-12-31",
    "fiscal_year": 2018,
    "fiscal_quarter": 4,
    "r2_url": "https://pub-2c783279b61043e19fbdadd1bee5153a.r2.dev/CVS/2019-02-28/cvs-2018231x10k.htm/cvs-2018231x10k.pdf",
    "periodicity": "periodic"
  },
  {
    "equity_ticker": "CVS",
    "geography": "US",
    "content_name": "CVS Q3 2018 10-Q",
    "file_type": "pdf",
    "content_type": "quarterly_report",
    "published_date": "2018-11-06",
    "fiscal_date": "2018-09-30",
    "fiscal_year": 2018,
    "fiscal_quarter": 3,
    "r2_url": "https://pub-2c783279b61043e19fbdadd1bee5153a.r2.dev/CVS/2018-11-06/cvs-20180930x10q.htm/cvs-20180930x10q.pdf",
    "periodicity": "periodic"
  },
  {
    "equity_ticker": "CVS",
    "geography": "US",
    "content_name": "CVS Q2 2018 10-Q",
    "file_type": "pdf",
    "content_type": "quarterly_report",
    "published_date": "2018-08-08",
    "fiscal_date": "2018-06-30",
    "fiscal_year": 2018,
    "fiscal_quarter": 2,
    "r2_url": "https://pub-2c783279b61043e19fbdadd1bee5153a.r2.dev/CVS/2018-08-08/cvs-20180630x10q.htm/cvs-20180630x10q.pdf",
    "periodicity": "periodic"
  },
  {
    "equity_ticker": "CVS",
    "geography": "US",
    "content_name": "CVS Q1 2018 10-Q",
    "file_type": "pdf",
    "content_type": "quarterly_report",
    "published_date": "2018-05-02",
    "fiscal_date": "2018-03-31",
    "fiscal_year": 2018,
    "fiscal_quarter": 1,
    "r2_url": "https://pub-2c783279b61043e19fbdadd1bee5153a.r2.dev/CVS/2018-05-02/cvs-20180331x10q.htm/cvs-20180331x10q.pdf",
    "periodicity": "periodic"
  },
  {
    "equity_ticker": "CVS",
    "geography": "US",
    "content_name": "CVS Q4 2017 10-K",
    "file_type": "pdf",
    "content_type": "annual_report",
    "published_date": "2018-02-14",
    "fiscal_date": "2017-12-31",
    "fiscal_year": 2017,
    "fiscal_quarter": 4,
    "r2_url": "https://pub-2c783279b61043e19fbdadd1bee5153a.r2.dev/CVS/2018-02-14/cvs-20171231x10k.htm/cvs-20171231x10k.pdf",
    "periodicity": "periodic"
  },
  {
    "equity_ticker": "CVS",
    "geography": "US",
    "content_name": "CVS Q3 2017 10-Q",
    "file_type": "pdf",
    "content_type": "quarterly_report",
    "published_date": "2017-11-06",
    "fiscal_date": "2017-09-30",
    "fiscal_year": 2017,
    "fiscal_quarter": 3,
    "r2_url": "https://pub-2c783279b61043e19fbdadd1bee5153a.r2.dev/CVS/2017-11-06/cvs-20170930x10q.htm/cvs-20170930x10q.pdf",
    "periodicity": "periodic"
  },
  {
    "equity_ticker": "CVS",
    "geography": "US",
    "content_name": "CVS Q2 2017 10-Q",
    "file_type": "pdf",
    "content_type": "quarterly_report",
    "published_date": "2017-08-08",
    "fiscal_date": "2017-06-30",
    "fiscal_year": 2017,
    "fiscal_quarter": 2,
    "r2_url": "https://pub-2c783279b61043e19fbdadd1bee5153a.r2.dev/CVS/2017-08-08/cvs-20170630x10q.htm/cvs-20170630x10q.pdf",
    "periodicity": "periodic"
  },
  {
    "equity_ticker": "CVS",
    "geography": "US",
    "content_name": "CVS Q1 2017 10-Q",
    "file_type": "pdf",
    "content_type": "quarterly_report",
    "published_date": "2017-05-02",
    "fiscal_date": "2017-03-31",
    "fiscal_year": 2017,
    "fiscal_quarter": 1,
    "r2_url": "https://pub-2c783279b61043e19fbdadd1bee5153a.r2.dev/CVS/2017-05-02/cvs-20170331x10q.htm/cvs-20170331x10q.pdf",
    "periodicity": "periodic"
  },
  {
    "equity_ticker": "CVS",
    "geography": "US",
    "content_name": "CVS Q4 2016 10-K",
    "file_type": "pdf",
    "content_type": "annual_report",
    "published_date": "2017-02-09",
    "fiscal_date": "2016-12-31",
    "fiscal_year": 2016,
    "fiscal_quarter": 4,
    "r2_url": "https://pub-2c783279b61043e19fbdadd1bee5153a.r2.dev/CVS/2017-02-09/cvs-20161231x10k.htm/cvs-20161231x10k.pdf",
    "periodicity": "periodic"
  },
  {
    "equity_ticker": "CVS",
    "geography": "US",
    "content_name": "CVS Q3 2016 10-Q",
    "file_type": "pdf",
    "content_type": "quarterly_report",
    "published_date": "2016-11-08",
    "fiscal_date": "2016-09-30",
    "fiscal_year": 2016,
    "fiscal_quarter": 3,
    "r2_url": "https://pub-2c783279b61043e19fbdadd1bee5153a.r2.dev/CVS/2016-11-08/cvs20160930-10q.htm/cvs20160930-10q.pdf",
    "periodicity": "periodic"
  },
  {
    "equity_ticker": "CVS",
    "geography": "US",
    "content_name": "CVS Q2 2016 10-Q",
    "file_type": "pdf",
    "content_type": "quarterly_report",
    "published_date": "2016-08-02",
    "fiscal_date": "2016-06-30",
    "fiscal_year": 2016,
    "fiscal_quarter": 2,
    "r2_url": "https://pub-2c783279b61043e19fbdadd1bee5153a.r2.dev/CVS/2016-08-02/cvs20160630-10q.htm/cvs20160630-10q.pdf",
    "periodicity": "periodic"
  },
  {
    "equity_ticker": "CVS",
    "geography": "US",
    "content_name": "CVS Q1 2016 10-Q",
    "file_type": "pdf",
    "content_type": "quarterly_report",
    "published_date": "2016-05-03",
    "fiscal_date": "2016-03-31",
    "fiscal_year": 2016,
    "fiscal_quarter": 1,
    "r2_url": "https://pub-2c783279b61043e19fbdadd1bee5153a.r2.dev/CVS/2016-05-03/cvs20160331-10q.htm/cvs20160331-10q.pdf",
    "periodicity": "periodic"
  },
  {
    "equity_ticker": "CVS",
    "geography": "US",
    "content_name": "CVS Q4 2015 10-K",
    "file_type": "pdf",
    "content_type": "annual_report",
    "published_date": "2016-02-09",
    "fiscal_date": "2015-12-31",
    "fiscal_year": 2015,
    "fiscal_quarter": 4,
    "r2_url": "https://pub-2c783279b61043e19fbdadd1bee5153a.r2.dev/CVS/2016-02-09/cvs-20151231x10k.htm/cvs-20151231x10k.pdf",
    "periodicity": "periodic"
  },
  {
    "equity_ticker": "CVS",
    "geography": "US",
    "content_name": "CVS Q3 2015 10-Q",
    "file_type": "pdf",
    "content_type": "quarterly_report",
    "published_date": "2015-10-30",
    "fiscal_date": "2015-09-30",
    "fiscal_year": 2015,
    "fiscal_quarter": 3,
    "r2_url": "https://pub-2c783279b61043e19fbdadd1bee5153a.r2.dev/CVS/2015-10-30/cvs20150930-10q.htm/cvs20150930-10q.pdf",
    "periodicity": "periodic"
  },
  {
    "equity_ticker": "CVS",
    "geography": "US",
    "content_name": "CVS Q2 2015 10-Q",
    "file_type": "pdf",
    "content_type": "quarterly_report",
    "published_date": "2015-08-04",
    "fiscal_date": "2015-06-30",
    "fiscal_year": 2015,
    "fiscal_quarter": 2,
    "r2_url": "https://pub-2c783279b61043e19fbdadd1bee5153a.r2.dev/CVS/2015-08-04/cvs20150630-10q.htm/cvs20150630-10q.pdf",
    "periodicity": "periodic"
  },
  {
    "equity_ticker": "CVS",
    "geography": "US",
    "content_name": "CVS Q1 2015 10-Q",
    "file_type": "pdf",
    "content_type": "quarterly_report",
    "published_date": "2015-05-01",
    "fiscal_date": "2015-03-31",
    "fiscal_year": 2015,
    "fiscal_quarter": 1,
    "r2_url": "https://pub-2c783279b61043e19fbdadd1bee5153a.r2.dev/CVS/2015-05-01/cvs20150331-10q.htm/cvs20150331-10q.pdf",
    "periodicity": "periodic"
  },
  {
    "equity_ticker": "CVS",
    "geography": "US",
    "content_name": "CVS Q4 2014 10-K",
    "file_type": "pdf",
    "content_type": "annual_report",
    "published_date": "2015-02-10",
    "fiscal_date": "2014-12-31",
    "fiscal_year": 2014,
    "fiscal_quarter": 4,
    "r2_url": "https://pub-2c783279b61043e19fbdadd1bee5153a.r2.dev/CVS/2015-02-10/cvs-20141231x10k.htm/cvs-20141231x10k.pdf",
    "periodicity": "periodic"
  },
  {
    "equity_ticker": "CVS",
    "geography": "US",
    "content_name": "CVS Q3 2014 10-Q",
    "file_type": "pdf",
    "content_type": "quarterly_report",
    "published_date": "2014-11-04",
    "fiscal_date": "2014-09-30",
    "fiscal_year": 2014,
    "fiscal_quarter": 3,
    "r2_url": "https://pub-2c783279b61043e19fbdadd1bee5153a.r2.dev/CVS/2014-11-04/cvs20140930-10q.htm/cvs20140930-10q.pdf",
    "periodicity": "periodic"
  },
  {
    "equity_ticker": "CVS",
    "geography": "US",
    "content_name": "CVS Q2 2014 10-Q",
    "file_type": "pdf",
    "content_type": "quarterly_report",
    "published_date": "2014-08-05",
    "fiscal_date": "2014-06-30",
    "fiscal_year": 2014,
    "fiscal_quarter": 2,
    "r2_url": "https://pub-2c783279b61043e19fbdadd1bee5153a.r2.dev/CVS/2014-08-05/cvs20140630-10q.htm/cvs20140630-10q.pdf",
    "periodicity": "periodic"
  },
  {
    "equity_ticker": "CVS",
    "geography": "US",
    "content_name": "CVS Q1 2014 10-Q",
    "file_type": "pdf",
    "content_type": "quarterly_report",
    "published_date": "2014-05-02",
    "fiscal_date": "2014-03-31",
    "fiscal_year": 2014,
    "fiscal_quarter": 1,
    "r2_url": "https://pub-2c783279b61043e19fbdadd1bee5153a.r2.dev/CVS/2014-05-02/cvs20140331-10q.htm/cvs20140331-10q.pdf",
    "periodicity": "periodic"
  },
  {
    "equity_ticker": "CVS",
    "geography": "US",
    "content_name": "CVS Q4 2013 10-K",
    "file_type": "pdf",
    "content_type": "annual_report",
    "published_date": "2014-02-11",
    "fiscal_date": "2013-12-31",
    "fiscal_year": 2013,
    "fiscal_quarter": 4,
    "r2_url": "https://pub-2c783279b61043e19fbdadd1bee5153a.r2.dev/CVS/2014-02-11/cvs-20131231x10k.htm/cvs-20131231x10k.pdf",
    "periodicity": "periodic"
  },
  {
    "equity_ticker": "CVS",
    "geography": "US",
    "content_name": "CVS Q3 2013 10-Q",
    "file_type": "pdf",
    "content_type": "quarterly_report",
    "published_date": "2013-11-05",
    "fiscal_date": "2013-09-30",
    "fiscal_year": 2013,
    "fiscal_quarter": 3,
    "r2_url": "https://pub-2c783279b61043e19fbdadd1bee5153a.r2.dev/CVS/2013-11-05/cvs20130930-10q.htm/cvs20130930-10q.pdf",
    "periodicity": "periodic"
  },
  {
    "equity_ticker": "CVS",
    "geography": "US",
    "content_name": "CVS Q2 2013 10-Q",
    "file_type": "pdf",
    "content_type": "quarterly_report",
    "published_date": "2013-08-06",
    "fiscal_date": "2013-06-30",
    "fiscal_year": 2013,
    "fiscal_quarter": 2,
    "r2_url": "https://pub-2c783279b61043e19fbdadd1bee5153a.r2.dev/CVS/2013-08-06/cvs20130630-10q.htm/cvs20130630-10q.pdf",
    "periodicity": "periodic"
  },
  {
    "equity_ticker": "CVS",
    "geography": "US",
    "content_name": "CVS Q1 2013 10-Q",
    "file_type": "pdf",
    "content_type": "quarterly_report",
    "published_date": "2013-05-01",
    "fiscal_date": "2013-03-31",
    "fiscal_year": 2013,
    "fiscal_quarter": 1,
    "r2_url": "https://pub-2c783279b61043e19fbdadd1bee5153a.r2.dev/CVS/2013-05-01/cvs20130331-10q.htm/cvs20130331-10q.pdf",
    "periodicity": "periodic"
  },
  {
    "equity_ticker": "CVS",
    "geography": "US",
    "content_name": "CVS Q4 2012 10-K",
    "file_type": "pdf",
    "content_type": "annual_report",
    "published_date": "2013-02-15",
    "fiscal_date": "2012-12-31",
    "fiscal_year": 2012,
    "fiscal_quarter": 4,
    "r2_url": "https://pub-2c783279b61043e19fbdadd1bee5153a.r2.dev/CVS/2013-02-15/a12-28799_110k.htm/a12-28799_110k.pdf",
    "periodicity": "periodic"
  },
  {
    "equity_ticker": "CVS",
    "geography": "US",
    "content_name": "CVS Q3 2012 10-Q",
    "file_type": "pdf",
    "content_type": "quarterly_report",
    "published_date": "2012-11-06",
    "fiscal_date": "2012-09-30",
    "fiscal_year": 2012,
    "fiscal_quarter": 3,
    "r2_url": "https://pub-2c783279b61043e19fbdadd1bee5153a.r2.dev/CVS/2012-11-06/a12-19979_110q.htm/a12-19979_110q.pdf",
    "periodicity": "periodic"
  },
  {
    "equity_ticker": "CVS",
    "geography": "US",
    "content_name": "CVS Q2 2012 10-Q",
    "file_type": "pdf",
    "content_type": "quarterly_report",
    "published_date": "2012-08-07",
    "fiscal_date": "2012-06-30",
    "fiscal_year": 2012,
    "fiscal_quarter": 2,
    "r2_url": "https://pub-2c783279b61043e19fbdadd1bee5153a.r2.dev/CVS/2012-08-07/a12-13824_110q.htm/a12-13824_110q.pdf",
    "periodicity": "periodic"
  },
  {
    "equity_ticker": "CVS",
    "geography": "US",
    "content_name": "CVS Q1 2012 10-Q",
    "file_type": "pdf",
    "content_type": "quarterly_report",
    "published_date": "2012-05-02",
    "fiscal_date": "2012-03-31",
    "fiscal_year": 2012,
    "fiscal_quarter": 1,
    "r2_url": "https://pub-2c783279b61043e19fbdadd1bee5153a.r2.dev/CVS/2012-05-02/a12-8646_110q.htm/a12-8646_110q.pdf",
    "periodicity": "periodic"
  },
  {
    "equity_ticker": "CVS",
    "geography": "US",
    "content_name": "CVS Q4 2011 10-K",
    "file_type": "pdf",
    "content_type": "annual_report",
    "published_date": "2012-02-17",
    "fiscal_date": "2011-12-31",
    "fiscal_year": 2011,
    "fiscal_quarter": 4,
    "r2_url": "https://pub-2c783279b61043e19fbdadd1bee5153a.r2.dev/CVS/2012-02-17/a11-31657_310k.htm/a11-31657_310k.pdf",
    "periodicity": "periodic"
  },
  {
    "equity_ticker": "CVS",
    "geography": "US",
    "content_name": "CVS Q3 2011 10-Q",
    "file_type": "pdf",
    "content_type": "quarterly_report",
    "published_date": "2011-11-03",
    "fiscal_date": "2011-09-30",
    "fiscal_year": 2011,
    "fiscal_quarter": 3,
    "r2_url": "https://pub-2c783279b61043e19fbdadd1bee5153a.r2.dev/CVS/2011-11-03/a11-25650_110q.htm/a11-25650_110q.pdf",
    "periodicity": "periodic"
  },
  {
    "equity_ticker": "CVS",
    "geography": "US",
    "content_name": "CVS Q2 2011 10-Q",
    "file_type": "pdf",
    "content_type": "quarterly_report",
    "published_date": "2011-08-04",
    "fiscal_date": "2011-06-30",
    "fiscal_year": 2011,
    "fiscal_quarter": 2,
    "r2_url": "https://pub-2c783279b61043e19fbdadd1bee5153a.r2.dev/CVS/2011-08-04/a11-13834_110q.htm/a11-13834_110q.pdf",
    "periodicity": "periodic"
  },
  {
    "equity_ticker": "CVS",
    "geography": "US",
    "content_name": "CVS Q1 2011 10-Q",
    "file_type": "pdf",
    "content_type": "quarterly_report",
    "published_date": "2011-05-05",
    "fiscal_date": "2011-03-31",
    "fiscal_year": 2011,
    "fiscal_quarter": 1,
    "r2_url": "https://pub-2c783279b61043e19fbdadd1bee5153a.r2.dev/CVS/2011-05-05/a11-8716_110q.htm/a11-8716_110q.pdf",
    "periodicity": "periodic"
  },
  {
    "equity_ticker": "CVS",
    "geography": "US",
    "content_name": "CVS Q4 2010 10-K",
    "file_type": "pdf",
    "content_type": "annual_report",
    "published_date": "2011-02-18",
    "fiscal_date": "2010-12-31",
    "fiscal_year": 2010,
    "fiscal_quarter": 4,
    "r2_url": "https://pub-2c783279b61043e19fbdadd1bee5153a.r2.dev/CVS/2011-02-18/d10k.htm/d10k.pdf",
    "periodicity": "periodic"
  },
  {
    "equity_ticker": "CVS",
    "geography": "US",
    "content_name": "CVS Q3 2010 10-Q",
    "file_type": "pdf",
    "content_type": "quarterly_report",
    "published_date": "2010-11-03",
    "fiscal_date": "2010-09-30",
    "fiscal_year": 2010,
    "fiscal_quarter": 3,
    "r2_url": "https://pub-2c783279b61043e19fbdadd1bee5153a.r2.dev/CVS/2010-11-03/d10q.htm/d10q.pdf",
    "periodicity": "periodic"
  },
  {
    "equity_ticker": "CVS",
    "geography": "US",
    "content_name": "CVS Q2 2010 10-Q",
    "file_type": "pdf",
    "content_type": "quarterly_report",
    "published_date": "2010-07-28",
    "fiscal_date": "2010-06-30",
    "fiscal_year": 2010,
    "fiscal_quarter": 2,
    "r2_url": "https://pub-2c783279b61043e19fbdadd1bee5153a.r2.dev/CVS/2010-07-28/d10q.htm/d10q.pdf",
    "periodicity": "periodic"
  },
  {
    "equity_ticker": "CVS",
    "geography": "US",
    "content_name": "CVS Q1 2010 10-Q",
    "file_type": "pdf",
    "content_type": "quarterly_report",
    "published_date": "2010-05-04",
    "fiscal_date": "2010-03-31",
    "fiscal_year": 2010,
    "fiscal_quarter": 1,
    "r2_url": "https://pub-2c783279b61043e19fbdadd1bee5153a.r2.dev/CVS/2010-05-04/d10q.htm/d10q.pdf",
    "periodicity": "periodic"
  },
  {
    "equity_ticker": "CVS",
    "geography": "US",
    "content_name": "CVS Q4 2009 10-K",
    "file_type": "pdf",
    "content_type": "annual_report",
    "published_date": "2010-02-26",
    "fiscal_date": "2009-12-31",
    "fiscal_year": 2009,
    "fiscal_quarter": 4,
    "r2_url": "https://pub-2c783279b61043e19fbdadd1bee5153a.r2.dev/CVS/2010-02-26/d10k.htm/d10k.pdf",
    "periodicity": "periodic"
  },
  {
    "equity_ticker": "CVS",
    "geography": "US",
    "content_name": "CVS Q3 2009 10-Q",
    "file_type": "pdf",
    "content_type": "quarterly_report",
    "published_date": "2009-11-05",
    "fiscal_date": "2009-09-30",
    "fiscal_year": 2009,
    "fiscal_quarter": 3,
    "r2_url": "https://pub-2c783279b61043e19fbdadd1bee5153a.r2.dev/CVS/2009-11-05/d10q.htm/d10q.pdf",
    "periodicity": "periodic"
  },
  {
    "equity_ticker": "CVS",
    "geography": "US",
    "content_name": "CVS Q2 2009 10-Q",
    "file_type": "pdf",
    "content_type": "quarterly_report",
    "published_date": "2009-08-04",
    "fiscal_date": "2009-06-30",
    "fiscal_year": 2009,
    "fiscal_quarter": 2,
    "r2_url": "https://pub-2c783279b61043e19fbdadd1bee5153a.r2.dev/CVS/2009-08-04/d10q.htm/d10q.pdf",
    "periodicity": "periodic"
  },
  {
    "equity_ticker": "CVS",
    "geography": "US",
    "content_name": "CVS Q1 2009 10-Q",
    "file_type": "pdf",
    "content_type": "quarterly_report",
    "published_date": "2009-05-05",
    "fiscal_date": "2009-03-31",
    "fiscal_year": 2009,
    "fiscal_quarter": 1,
    "r2_url": "https://pub-2c783279b61043e19fbdadd1bee5153a.r2.dev/CVS/2009-05-05/d10q.htm/d10q.pdf",
    "periodicity": "periodic"
  },
  {
    "equity_ticker": "CVS",
    "geography": "US",
    "content_name": "CVS Q4 2008 10-K",
    "file_type": "pdf",
    "content_type": "annual_report",
    "published_date": "2009-02-27",
    "fiscal_date": "2008-12-31",
    "fiscal_year": 2008,
    "fiscal_quarter": 4,
    "r2_url": "https://pub-2c783279b61043e19fbdadd1bee5153a.r2.dev/CVS/2009-02-27/d10k.htm/d10k.pdf",
    "periodicity": "periodic"
  },
  {
    "equity_ticker": "CVS",
    "geography": "US",
    "content_name": "CVS Q3 2008 10-Q",
    "file_type": "pdf",
    "content_type": "quarterly_report",
    "published_date": "2008-10-31",
    "fiscal_date": "2008-09-27",
    "fiscal_year": 2008,
    "fiscal_quarter": 3,
    "r2_url": "https://pub-2c783279b61043e19fbdadd1bee5153a.r2.dev/CVS/2008-10-31/d10q.htm/d10q.pdf",
    "periodicity": "periodic"
  },
  {
    "equity_ticker": "CVS",
    "geography": "US",
    "content_name": "CVS Q2 2008 10-Q",
    "file_type": "pdf",
    "content_type": "quarterly_report",
    "published_date": "2008-07-31",
    "fiscal_date": "2008-06-28",
    "fiscal_year": 2008,
    "fiscal_quarter": 2,
    "r2_url": "https://pub-2c783279b61043e19fbdadd1bee5153a.r2.dev/CVS/2008-07-31/d10q.htm/d10q.pdf",
    "periodicity": "periodic"
  },
  {
    "equity_ticker": "CVS",
    "geography": "US",
    "content_name": "CVS Q1 2008 10-Q",
    "file_type": "pdf",
    "content_type": "quarterly_report",
    "published_date": "2008-05-01",
    "fiscal_date": "2008-03-29",
    "fiscal_year": 2008,
    "fiscal_quarter": 1,
    "r2_url": "https://pub-2c783279b61043e19fbdadd1bee5153a.r2.dev/CVS/2008-05-01/d10q.htm/d10q.pdf",
    "periodicity": "periodic"
  },
  {
    "equity_ticker": "CVS",
    "geography": "US",
    "content_name": "CVS Q4 2007 10-K",
    "file_type": "pdf",
    "content_type": "annual_report",
    "published_date": "2008-02-27",
    "fiscal_date": "2007-12-29",
    "fiscal_year": 2007,
    "fiscal_quarter": 4,
    "r2_url": "https://pub-2c783279b61043e19fbdadd1bee5153a.r2.dev/CVS/2008-02-27/d10k.htm/d10k.pdf",
    "periodicity": "periodic"
  },
  {
    "equity_ticker": "CVS",
    "geography": "US",
    "content_name": "CVS Q3 2007 10-Q",
    "file_type": "pdf",
    "content_type": "quarterly_report",
    "published_date": "2007-11-01",
    "fiscal_date": "2007-09-29",
    "fiscal_year": 2007,
    "fiscal_quarter": 3,
    "r2_url": "https://pub-2c783279b61043e19fbdadd1bee5153a.r2.dev/CVS/2007-11-01/d10q.htm/d10q.pdf",
    "periodicity": "periodic"
  },
  {
    "equity_ticker": "CVS",
    "geography": "US",
    "content_name": "CVS Q2 2007 10-Q",
    "file_type": "pdf",
    "content_type": "quarterly_report",
    "published_date": "2007-08-08",
    "fiscal_date": "2007-06-30",
    "fiscal_year": 2007,
    "fiscal_quarter": 2,
    "r2_url": "https://pub-2c783279b61043e19fbdadd1bee5153a.r2.dev/CVS/2007-08-08/d10q.htm/d10q.pdf",
    "periodicity": "periodic"
  },
  {
    "equity_ticker": "CVS",
    "geography": "US",
    "content_name": "CVS Q1 2007 10-Q",
    "file_type": "pdf",
    "content_type": "quarterly_report",
    "published_date": "2007-05-08",
    "fiscal_date": "2007-03-31",
    "fiscal_year": 2007,
    "fiscal_quarter": 1,
    "r2_url": "https://pub-2c783279b61043e19fbdadd1bee5153a.r2.dev/CVS/2007-05-08/d10q.htm/d10q.pdf",
    "periodicity": "periodic"
  },
  {
    "equity_ticker": "CVS",
    "geography": "US",
    "content_name": "CVS Q4 2006 10-K",
    "file_type": "pdf",
    "content_type": "annual_report",
    "published_date": "2007-02-27",
    "fiscal_date": "2006-12-30",
    "fiscal_year": 2006,
    "fiscal_quarter": 4,
    "r2_url": "https://pub-2c783279b61043e19fbdadd1bee5153a.r2.dev/CVS/2007-02-27/a07-4967_110k.htm/a07-4967_110k.pdf",
    "periodicity": "periodic"
  },
  {
    "equity_ticker": "CVS",
    "geography": "US",
    "content_name": "CVS Q3 2006 10-Q",
    "file_type": "pdf",
    "content_type": "quarterly_report",
    "published_date": "2006-11-03",
    "fiscal_date": "2006-09-30",
    "fiscal_year": 2006,
    "fiscal_quarter": 3,
    "r2_url": "https://pub-2c783279b61043e19fbdadd1bee5153a.r2.dev/CVS/2006-11-03/d10q.htm/d10q.pdf",
    "periodicity": "periodic"
  },
  {
    "equity_ticker": "CVS",
    "geography": "US",
    "content_name": "CVS Q2 2006 10-Q",
    "file_type": "pdf",
    "content_type": "quarterly_report",
    "published_date": "2006-08-08",
    "fiscal_date": "2006-07-01",
    "fiscal_year": 2006,
    "fiscal_quarter": 2,
    "r2_url": "https://pub-2c783279b61043e19fbdadd1bee5153a.r2.dev/CVS/2006-08-08/d10q.htm/d10q.pdf",
    "periodicity": "periodic"
  },
  {
    "equity_ticker": "CVS",
    "geography": "US",
    "content_name": "CVS Q1 2006 10-Q",
    "file_type": "pdf",
    "content_type": "quarterly_report",
    "published_date": "2006-05-09",
    "fiscal_date": "2006-04-01",
    "fiscal_year": 2006,
    "fiscal_quarter": 1,
    "r2_url": "https://pub-2c783279b61043e19fbdadd1bee5153a.r2.dev/CVS/2006-05-09/d10q.htm/d10q.pdf",
    "periodicity": "periodic"
  },
  {
    "equity_ticker": "CVS",
    "geography": "US",
    "content_name": "CVS Q4 2005 10-K",
    "file_type": "pdf",
    "content_type": "annual_report",
    "published_date": "2006-03-14",
    "fiscal_date": "2005-12-31",
    "fiscal_year": 2005,
    "fiscal_quarter": 4,
    "r2_url": "https://pub-2c783279b61043e19fbdadd1bee5153a.r2.dev/CVS/2006-03-14/d10k.htm/d10k.pdf",
    "periodicity": "periodic"
  },
  {
    "equity_ticker": "CVS",
    "geography": "US",
    "content_name": "CVS Q3 2005 10-Q",
    "file_type": "pdf",
    "content_type": "quarterly_report",
    "published_date": "2005-11-03",
    "fiscal_date": "2005-10-01",
    "fiscal_year": 2005,
    "fiscal_quarter": 3,
    "r2_url": "https://pub-2c783279b61043e19fbdadd1bee5153a.r2.dev/CVS/2005-11-03/d10q.htm/d10q.pdf",
    "periodicity": "periodic"
  },
  {
    "equity_ticker": "CVS",
    "geography": "US",
    "content_name": "CVS Q2 2005 10-Q",
    "file_type": "pdf",
    "content_type": "quarterly_report",
    "published_date": "2005-08-09",
    "fiscal_date": "2005-07-02",
    "fiscal_year": 2005,
    "fiscal_quarter": 2,
    "r2_url": "https://pub-2c783279b61043e19fbdadd1bee5153a.r2.dev/CVS/2005-08-09/d10q.htm/d10q.pdf",
    "periodicity": "periodic"
  },
  {
    "equity_ticker": "CVS",
    "geography": "US",
    "content_name": "CVS Q1 2005 10-Q",
    "file_type": "pdf",
    "content_type": "quarterly_report",
    "published_date": "2005-05-09",
    "fiscal_date": "2005-04-02",
    "fiscal_year": 2005,
    "fiscal_quarter": 1,
    "r2_url": "https://pub-2c783279b61043e19fbdadd1bee5153a.r2.dev/CVS/2005-05-09/a05-8874_110q.htm/a05-8874_110q.pdf",
    "periodicity": "periodic"
  },
  {
    "equity_ticker": "CVS",
    "geography": "US",
    "content_name": "CVS Q4 2005 10-K",
    "file_type": "pdf",
    "content_type": "annual_report",
    "published_date": "2005-03-16",
    "fiscal_date": "2005-01-01",
    "fiscal_year": 2005,
    "fiscal_quarter": 4,
    "r2_url": "https://pub-2c783279b61043e19fbdadd1bee5153a.r2.dev/CVS/2005-03-16/d10k.htm/d10k.pdf",
    "periodicity": "periodic"
  },
  {
    "equity_ticker": "CVS",
    "geography": "US",
    "content_name": "CVS Q3 2005 10-Q",
    "file_type": "pdf",
    "content_type": "quarterly_report",
    "published_date": "2004-11-10",
    "fiscal_date": "2004-10-02",
    "fiscal_year": 2005,
    "fiscal_quarter": 3,
    "r2_url": "https://pub-2c783279b61043e19fbdadd1bee5153a.r2.dev/CVS/2004-11-10/d10q.htm/d10q.pdf",
    "periodicity": "periodic"
  },
  {
    "equity_ticker": "CVS",
    "geography": "US",
    "content_name": "CVS Q2 2005 10-Q",
    "file_type": "pdf",
    "content_type": "quarterly_report",
    "published_date": "2004-08-12",
    "fiscal_date": "2004-07-03",
    "fiscal_year": 2005,
    "fiscal_quarter": 2,
    "r2_url": "https://pub-2c783279b61043e19fbdadd1bee5153a.r2.dev/CVS/2004-08-12/a2139489z10-q.htm/a2139489z10-q.pdf",
    "periodicity": "periodic"
  },
  {
    "equity_ticker": "CVS",
    "geography": "US",
    "content_name": "CVS Q1 2005 10-Q",
    "file_type": "pdf",
    "content_type": "quarterly_report",
    "published_date": "2004-05-13",
    "fiscal_date": "2004-04-03",
    "fiscal_year": 2005,
    "fiscal_quarter": 1,
    "r2_url": "https://pub-2c783279b61043e19fbdadd1bee5153a.r2.dev/CVS/2004-05-13/d10q.htm/d10q.pdf",
    "periodicity": "periodic"
  },
  {
    "equity_ticker": "CVS",
    "geography": "US",
    "content_name": "CVS Q4 2004 10-K",
    "file_type": "pdf",
    "content_type": "annual_report",
    "published_date": "2004-03-12",
    "fiscal_date": "2004-01-03",
    "fiscal_year": 2004,
    "fiscal_quarter": 4,
    "r2_url": "https://pub-2c783279b61043e19fbdadd1bee5153a.r2.dev/CVS/2004-03-12/d10k.htm/d10k.pdf",
    "periodicity": "periodic"
  },
  {
    "equity_ticker": "CVS",
    "geography": "US",
    "content_name": "CVS Q3 2004 10-Q",
    "file_type": "pdf",
    "content_type": "quarterly_report",
    "published_date": "2003-11-10",
    "fiscal_date": "2003-09-27",
    "fiscal_year": 2004,
    "fiscal_quarter": 3,
    "r2_url": "https://pub-2c783279b61043e19fbdadd1bee5153a.r2.dev/CVS/2003-11-10/d10q.htm/d10q.pdf",
    "periodicity": "periodic"
  },
  {
    "equity_ticker": "CVS",
    "geography": "US",
    "content_name": "CVS Q2 2004 10-Q",
    "file_type": "pdf",
    "content_type": "quarterly_report",
    "published_date": "2003-08-08",
    "fiscal_date": "2003-06-28",
    "fiscal_year": 2004,
    "fiscal_quarter": 2,
    "r2_url": "https://pub-2c783279b61043e19fbdadd1bee5153a.r2.dev/CVS/2003-08-08/d10q.htm/d10q.pdf",
    "periodicity": "periodic"
  },
  {
    "equity_ticker": "CVS",
    "geography": "US",
    "content_name": "CVS Q1 2004 10-Q",
    "file_type": "pdf",
    "content_type": "quarterly_report",
    "published_date": "2003-05-12",
    "fiscal_date": "2003-03-29",
    "fiscal_year": 2004,
    "fiscal_quarter": 1,
    "r2_url": "https://pub-2c783279b61043e19fbdadd1bee5153a.r2.dev/CVS/2003-05-12/d10q.htm/d10q.pdf",
    "periodicity": "periodic"
  },
  {
    "equity_ticker": "CVS",
    "geography": "US",
    "content_name": "CVS Q4 2002 10-K",
    "file_type": "pdf",
    "content_type": "annual_report",
    "published_date": "2003-03-18",
    "fiscal_date": "2002-12-28",
    "fiscal_year": 2002,
    "fiscal_quarter": 4,
    "r2_url": "https://pub-2c783279b61043e19fbdadd1bee5153a.r2.dev/CVS/2003-03-18/j8483_10k.htm/j8483_10k.pdf",
    "periodicity": "periodic"
  },
  {
    "equity_ticker": "CVS",
    "geography": "US",
    "content_name": "CVS Q3 2002 10-Q",
    "file_type": "pdf",
    "content_type": "quarterly_report",
    "published_date": "2002-11-12",
    "fiscal_date": "2002-09-28",
    "fiscal_year": 2002,
    "fiscal_quarter": 3,
    "r2_url": "https://pub-2c783279b61043e19fbdadd1bee5153a.r2.dev/CVS/2002-11-12/d10q.txt/d10q.pdf",
    "periodicity": "periodic"
  },
  {
    "equity_ticker": "CVS",
    "geography": "US",
    "content_name": "CVS Q2 2002 10-Q",
    "file_type": "pdf",
    "content_type": "quarterly_report",
    "published_date": "2002-08-09",
    "fiscal_date": "2002-06-29",
    "fiscal_year": 2002,
    "fiscal_quarter": 2,
    "r2_url": "https://pub-2c783279b61043e19fbdadd1bee5153a.r2.dev/CVS/2002-08-09/d10q.txt/d10q.pdf",
    "periodicity": "periodic"
  },
  {
    "equity_ticker": "CVS",
    "geography": "US",
    "content_name": "CVS Q1 2002 10-Q",
    "file_type": "pdf",
    "content_type": "quarterly_report",
    "published_date": "2002-05-14",
    "fiscal_date": "2002-03-30",
    "fiscal_year": 2002,
    "fiscal_quarter": 1,
    "r2_url": "https://pub-2c783279b61043e19fbdadd1bee5153a.r2.dev/CVS/2002-05-14/d10q.txt/d10q.pdf",
    "periodicity": "periodic"
  },
  {
    "equity_ticker": "CVS",
    "geography": "US",
    "content_name": "CVS Q4 2001 10-Q",
    "file_type": "pdf",
    "content_type": "quarterly_report",
    "published_date": "2001-11-09",
    "fiscal_date": "2001-09-29",
    "fiscal_year": 2001,
    "fiscal_quarter": 4,
    "r2_url": "https://pub-2c783279b61043e19fbdadd1bee5153a.r2.dev/CVS/2001-11-09/d10q.txt/d10q.pdf",
    "periodicity": "periodic"
  },
  {
    "equity_ticker": "CVS",
    "geography": "US",
    "content_name": "CVS Q3 2001 10-Q",
    "file_type": "pdf",
    "content_type": "quarterly_report",
    "published_date": "2001-08-14",
    "fiscal_date": "2001-06-30",
    "fiscal_year": 2001,
    "fiscal_quarter": 3,
    "r2_url": "https://pub-2c783279b61043e19fbdadd1bee5153a.r2.dev/CVS/2001-08-14/j0972_10q.htm/j0972_10q.pdf",
    "periodicity": "periodic"
  },
  {
    "equity_ticker": "CVS",
    "geography": "US",
    "content_name": "CVS Q2 2001 10-Q",
    "file_type": "pdf",
    "content_type": "quarterly_report",
    "published_date": "2001-05-11",
    "fiscal_date": "2001-03-31",
    "fiscal_year": 2001,
    "fiscal_quarter": 2,
    "r2_url": "https://pub-2c783279b61043e19fbdadd1bee5153a.r2.dev/CVS/2001-05-11/a2048629z10-q.txt/a2048629z10-q.pdf",
    "periodicity": "periodic"
  },
  {
    "equity_ticker": "CVS",
    "geography": "US",
    "content_name": "CVS Q1 2001 10-K",
    "file_type": "pdf",
    "content_type": "annual_report",
    "published_date": "2001-03-19",
    "fiscal_date": "2000-12-30",
    "fiscal_year": 2001,
    "fiscal_quarter": 1,
    "r2_url": "https://pub-2c783279b61043e19fbdadd1bee5153a.r2.dev/CVS/2001-03-19/a2041427z10-k.txt/a2041427z10-k.pdf",
    "periodicity": "periodic"
  },
  {
    "equity_ticker": "CVS",
    "geography": "US",
    "content_name": "CVS Q4 2000 10-Q",
    "file_type": "pdf",
    "content_type": "quarterly_report",
    "published_date": "2000-11-14",
    "fiscal_date": "2000-09-30",
    "fiscal_year": 2000,
    "fiscal_quarter": 4,
    "r2_url": "https://pub-2c783279b61043e19fbdadd1bee5153a.r2.dev/CVS/2000-11-14/a2030349z10-q.txt/a2030349z10-q.pdf",
    "periodicity": "periodic"
  },
  {
    "equity_ticker": "CVS",
    "geography": "US",
    "content_name": "CVS Q3 2000 10-Q",
    "file_type": "pdf",
    "content_type": "quarterly_report",
    "published_date": "2000-08-15",
    "fiscal_date": "2000-07-01",
    "fiscal_year": 2000,
    "fiscal_quarter": 3,
    "r2_url": "https://pub-2c783279b61043e19fbdadd1bee5153a.r2.dev/CVS/2000-08-15/a10-q.txt/a10-q.pdf",
    "periodicity": "periodic"
  },
  {
    "equity_ticker": "CVS",
    "geography": "US",
    "content_name": "CVS Q2 2000 10-Q",
    "file_type": "pdf",
    "content_type": "quarterly_report",
    "published_date": "2000-05-15",
    "fiscal_date": "2000-04-01",
    "fiscal_year": 2000,
    "fiscal_quarter": 2,
    "r2_url": "https://pub-2c783279b61043e19fbdadd1bee5153a.r2.dev/CVS/2000-05-15/.pdf",
    "periodicity": "periodic"
  },
  {
    "equity_ticker": "CVS",
    "geography": "US",
    "content_name": "CVS Q1 2000 10-K",
    "file_type": "pdf",
    "content_type": "annual_report",
    "published_date": "2000-03-31",
    "fiscal_date": "2000-01-01",
    "fiscal_year": 2000,
    "fiscal_quarter": 1,
    "r2_url": "https://pub-2c783279b61043e19fbdadd1bee5153a.r2.dev/CVS/2000-03-31/.pdf",
    "periodicity": "periodic"
  },
  {
    "equity_ticker": "CVS",
    "geography": "US",
    "content_name": "CVS Q4 1999 10-Q",
    "file_type": "pdf",
    "content_type": "quarterly_report",
    "published_date": "1999-11-05",
    "fiscal_date": "1999-09-25",
    "fiscal_year": 1999,
    "fiscal_quarter": 4,
    "r2_url": "https://pub-2c783279b61043e19fbdadd1bee5153a.r2.dev/CVS/1999-11-05/.pdf",
    "periodicity": "periodic"
  },
  {
    "equity_ticker": "CVS",
    "geography": "US",
    "content_name": "CVS Q3 1999 10-Q",
    "file_type": "pdf",
    "content_type": "quarterly_report",
    "published_date": "1999-08-10",
    "fiscal_date": "1999-06-26",
    "fiscal_year": 1999,
    "fiscal_quarter": 3,
    "r2_url": "https://pub-2c783279b61043e19fbdadd1bee5153a.r2.dev/CVS/1999-08-10/.pdf",
    "periodicity": "periodic"
  },
  {
    "equity_ticker": "CVS",
    "geography": "US",
    "content_name": "CVS Q2 1999 10-Q",
    "file_type": "pdf",
    "content_type": "quarterly_report",
    "published_date": "1999-05-11",
    "fiscal_date": "1999-03-27",
    "fiscal_year": 1999,
    "fiscal_quarter": 2,
    "r2_url": "https://pub-2c783279b61043e19fbdadd1bee5153a.r2.dev/CVS/1999-05-11/.pdf",
    "periodicity": "periodic"
  },
  {
    "equity_ticker": "CVS",
    "geography": "US",
    "content_name": "CVS Q1 1999 10-K",
    "file_type": "pdf",
    "content_type": "annual_report",
    "published_date": "1999-03-31",
    "fiscal_date": "1998-12-31",
    "fiscal_year": 1999,
    "fiscal_quarter": 1,
    "r2_url": "https://pub-2c783279b61043e19fbdadd1bee5153a.r2.dev/CVS/1999-03-31/.pdf",
    "periodicity": "periodic"
  },
  {
    "equity_ticker": "CVS",
    "geography": "US",
    "content_name": "CVS Q4 1998 10-Q",
    "file_type": "pdf",
    "content_type": "quarterly_report",
    "published_date": "1998-11-06",
    "fiscal_date": "1998-09-26",
    "fiscal_year": 1998,
    "fiscal_quarter": 4,
    "r2_url": "https://pub-2c783279b61043e19fbdadd1bee5153a.r2.dev/CVS/1998-11-06/.pdf",
    "periodicity": "periodic"
  },
  {
    "equity_ticker": "CVS",
    "geography": "US",
    "content_name": "CVS Q3 1998 10-Q",
    "file_type": "pdf",
    "content_type": "quarterly_report",
    "published_date": "1998-08-11",
    "fiscal_date": "1998-06-27",
    "fiscal_year": 1998,
    "fiscal_quarter": 3,
    "r2_url": "https://pub-2c783279b61043e19fbdadd1bee5153a.r2.dev/CVS/1998-08-11/.pdf",
    "periodicity": "periodic"
  },
  {
    "equity_ticker": "CVS",
    "geography": "US",
    "content_name": "CVS Q2 1998 10-Q",
    "file_type": "pdf",
    "content_type": "quarterly_report",
    "published_date": "1998-05-12",
    "fiscal_date": "1998-03-28",
    "fiscal_year": 1998,
    "fiscal_quarter": 2,
    "r2_url": "https://pub-2c783279b61043e19fbdadd1bee5153a.r2.dev/CVS/1998-05-12/.pdf",
    "periodicity": "periodic"
  },
  {
    "equity_ticker": "CVS",
    "geography": "US",
    "content_name": "CVS Q1 1998 10-Q",
    "file_type": "pdf",
    "content_type": "quarterly_report",
    "published_date": "1997-11-06",
    "fiscal_date": "1997-09-27",
    "fiscal_year": 1998,
    "fiscal_quarter": 1,
    "r2_url": "https://pub-2c783279b61043e19fbdadd1bee5153a.r2.dev/CVS/1997-11-06/.pdf",
    "periodicity": "periodic"
  },
  {
    "equity_ticker": "CVS",
    "geography": "US",
    "content_name": "CVS Q4 1997 10-Q",
    "file_type": "pdf",
    "content_type": "quarterly_report",
    "published_date": "1997-08-08",
    "fiscal_date": "1997-06-28",
    "fiscal_year": 1997,
    "fiscal_quarter": 4,
    "r2_url": "https://pub-2c783279b61043e19fbdadd1bee5153a.r2.dev/CVS/1997-08-08/.pdf",
    "periodicity": "periodic"
  },
  {
    "equity_ticker": "CVS",
    "geography": "US",
    "content_name": "CVS Q3 1997 10-Q",
    "file_type": "pdf",
    "content_type": "quarterly_report",
    "published_date": "1997-05-12",
    "fiscal_date": "1997-03-29",
    "fiscal_year": 1997,
    "fiscal_quarter": 3,
    "r2_url": "https://pub-2c783279b61043e19fbdadd1bee5153a.r2.dev/CVS/1997-05-12/.pdf",
    "periodicity": "periodic"
  },
  {
    "equity_ticker": "CVS",
    "geography": "US",
    "content_name": "CVS Q2 1997 10-Q",
    "file_type": "pdf",
    "content_type": "quarterly_report",
    "published_date": "1996-11-08",
    "fiscal_date": "1996-09-28",
    "fiscal_year": 1997,
    "fiscal_quarter": 2,
    "r2_url": "https://pub-2c783279b61043e19fbdadd1bee5153a.r2.dev/CVS/1996-11-08/.pdf",
    "periodicity": "periodic"
  },
  {
    "equity_ticker": "CVS",
    "geography": "US",
    "content_name": "CVS Q1 1997 10-Q",
    "file_type": "pdf",
    "content_type": "quarterly_report",
    "published_date": "1996-08-09",
    "fiscal_date": "1996-06-29",
    "fiscal_year": 1997,
    "fiscal_quarter": 1,
    "r2_url": "https://pub-2c783279b61043e19fbdadd1bee5153a.r2.dev/CVS/1996-08-09/.pdf",
    "periodicity": "periodic"
  },
  {
    "equity_ticker": "CVS",
    "geography": "US",
    "content_name": "CVS Q4 1996 10-Q",
    "file_type": "pdf",
    "content_type": "quarterly_report",
    "published_date": "1996-05-14",
    "fiscal_date": "1996-05-13",
    "fiscal_year": 1996,
    "fiscal_quarter": 4,
    "r2_url": "https://pub-2c783279b61043e19fbdadd1bee5153a.r2.dev/CVS/1996-05-14/.pdf",
    "periodicity": "periodic"
  },
  {
    "equity_ticker": "CVS",
    "geography": "US",
    "content_name": "CVS Q3 1996 10-K",
    "file_type": "pdf",
    "content_type": "annual_report",
    "published_date": "1996-03-29",
    "fiscal_date": "1995-12-31",
    "fiscal_year": 1996,
    "fiscal_quarter": 3,
    "r2_url": "https://pub-2c783279b61043e19fbdadd1bee5153a.r2.dev/CVS/1996-03-29/.pdf",
    "periodicity": "periodic"
  },
  {
    "equity_ticker": "CVS",
    "geography": "US",
    "content_name": "CVS Q2 1996 10-Q",
    "file_type": "pdf",
    "content_type": "quarterly_report",
    "published_date": "1995-11-14",
    "fiscal_date": "1995-09-30",
    "fiscal_year": 1996,
    "fiscal_quarter": 2,
    "r2_url": "https://pub-2c783279b61043e19fbdadd1bee5153a.r2.dev/CVS/1995-11-14/.pdf",
    "periodicity": "periodic"
  },
  {
    "equity_ticker": "CVS",
    "geography": "US",
    "content_name": "CVS Q1 1996 10-Q",
    "file_type": "pdf",
    "content_type": "quarterly_report",
    "published_date": "1995-08-15",
    "fiscal_date": "1995-07-01",
    "fiscal_year": 1996,
    "fiscal_quarter": 1,
    "r2_url": "https://pub-2c783279b61043e19fbdadd1bee5153a.r2.dev/CVS/1995-08-15/.pdf",
    "periodicity": "periodic"
  },
  {
    "equity_ticker": "CVS",
    "geography": "US",
    "content_name": "CVS Q3 1995 10-K",
    "file_type": "pdf",
    "content_type": "annual_report",
    "published_date": "1995-03-29",
    "fiscal_date": "1994-12-31",
    "fiscal_year": 1995,
    "fiscal_quarter": 3,
    "r2_url": "https://pub-2c783279b61043e19fbdadd1bee5153a.r2.dev/CVS/1995-03-29/.pdf",
    "periodicity": "periodic"
  },
  {
    "equity_ticker": "CVS",
    "geography": "US",
    "content_name": "CVS Q2 1995 10-Q",
    "file_type": "pdf",
    "content_type": "quarterly_report",
    "published_date": "1994-11-15",
    "fiscal_date": "1994-10-01",
    "fiscal_year": 1995,
    "fiscal_quarter": 2,
    "r2_url": "https://pub-2c783279b61043e19fbdadd1bee5153a.r2.dev/CVS/1994-11-15/.pdf",
    "periodicity": "periodic"
  },
  {
    "equity_ticker": "CVS",
    "geography": "US",
    "content_name": "CVS Q1 1995 10-Q",
    "file_type": "pdf",
    "content_type": "quarterly_report",
    "published_date": "1994-08-12",
    "fiscal_date": "1994-06-30",
    "fiscal_year": 1995,
    "fiscal_quarter": 1,
    "r2_url": "https://pub-2c783279b61043e19fbdadd1bee5153a.r2.dev/CVS/1994-08-12/.pdf",
    "periodicity": "periodic"
  },
  {
    "equity_ticker": "CVS",
    "geography": "US",
    "content_name": "CVS Q4 1994 10-Q",
    "file_type": "pdf",
    "content_type": "quarterly_report",
    "published_date": "1994-05-16",
    "fiscal_date": "1994-03-31",
    "fiscal_year": 1994,
    "fiscal_quarter": 4,
    "r2_url": "https://pub-2c783279b61043e19fbdadd1bee5153a.r2.dev/CVS/1994-05-16/.pdf",
    "periodicity": "periodic"
  },
  {
    "equity_ticker": "CVS",
    "geography": "US",
    "content_name": "CVS Q3 1994 10-K",
    "file_type": "pdf",
    "content_type": "annual_report",
    "published_date": "1994-03-31",
    "fiscal_date": "1993-12-31",
    "fiscal_year": 1994,
    "fiscal_quarter": 3,
    "r2_url": "https://pub-2c783279b61043e19fbdadd1bee5153a.r2.dev/CVS/1994-03-31/.pdf",
    "periodicity": "periodic"
  }
]