[
  {
    "equity_ticker": "INTC",
    "geography": "US",
    "content_name": "INTC Q4 2024 10-K",
    "file_type": "pdf",
    "content_type": "annual_report",
    "published_date": "2025-01-31",
    "fiscal_date": "2024-12-28",
    "fiscal_year": 2024,
    "fiscal_quarter": 4,
    "r2_url": "https://pub-2c783279b61043e19fbdadd1bee5153a.r2.dev/INTC/2025-01-31/intc-20241228.htm/intc-20241228.pdf",
    "periodicity": "periodic"
  },
  {
    "equity_ticker": "INTC",
    "geography": "US",
    "content_name": "INTC Q3 2024 10-Q",
    "file_type": "pdf",
    "content_type": "quarterly_report",
    "published_date": "2024-10-31",
    "fiscal_date": "2024-09-28",
    "fiscal_year": 2024,
    "fiscal_quarter": 3,
    "r2_url": "https://pub-2c783279b61043e19fbdadd1bee5153a.r2.dev/INTC/2024-10-31/intc-20240928.htm/intc-20240928.pdf",
    "periodicity": "periodic"
  },
  {
    "equity_ticker": "INTC",
    "geography": "US",
    "content_name": "INTC Q2 2024 10-Q",
    "file_type": "pdf",
    "content_type": "quarterly_report",
    "published_date": "2024-08-01",
    "fiscal_date": "2024-06-29",
    "fiscal_year": 2024,
    "fiscal_quarter": 2,
    "r2_url": "https://pub-2c783279b61043e19fbdadd1bee5153a.r2.dev/INTC/2024-08-01/intc-20240629.htm/intc-20240629.pdf",
    "periodicity": "periodic"
  },
  {
    "equity_ticker": "INTC",
    "geography": "US",
    "content_name": "INTC Q1 2024 10-Q",
    "file_type": "pdf",
    "content_type": "quarterly_report",
    "published_date": "2024-04-25",
    "fiscal_date": "2024-03-30",
    "fiscal_year": 2024,
    "fiscal_quarter": 1,
    "r2_url": "https://pub-2c783279b61043e19fbdadd1bee5153a.r2.dev/INTC/2024-04-25/intc-20240330.htm/intc-20240330.pdf",
    "periodicity": "periodic"
  },
  {
    "equity_ticker": "INTC",
    "geography": "US",
    "content_name": "INTC Q4 2023 10-K",
    "file_type": "pdf",
    "content_type": "annual_report",
    "published_date": "2024-01-25",
    "fiscal_date": "2023-12-30",
    "fiscal_year": 2023,
    "fiscal_quarter": 4,
    "r2_url": "https://pub-2c783279b61043e19fbdadd1bee5153a.r2.dev/INTC/2024-01-25/intc-20231230.htm/intc-20231230.pdf",
    "periodicity": "periodic"
  },
  {
    "equity_ticker": "INTC",
    "geography": "US",
    "content_name": "INTC Q3 2023 10-Q",
    "file_type": "pdf",
    "content_type": "quarterly_report",
    "published_date": "2023-10-26",
    "fiscal_date": "2023-09-30",
    "fiscal_year": 2023,
    "fiscal_quarter": 3,
    "r2_url": "https://pub-2c783279b61043e19fbdadd1bee5153a.r2.dev/INTC/2023-10-26/intc-20230930.htm/intc-20230930.pdf",
    "periodicity": "periodic"
  },
  {
    "equity_ticker": "INTC",
    "geography": "US",
    "content_name": "INTC Q2 2023 10-Q",
    "file_type": "pdf",
    "content_type": "quarterly_report",
    "published_date": "2023-07-27",
    "fiscal_date": "2023-07-01",
    "fiscal_year": 2023,
    "fiscal_quarter": 2,
    "r2_url": "https://pub-2c783279b61043e19fbdadd1bee5153a.r2.dev/INTC/2023-07-27/intc-20230701.htm/intc-20230701.pdf",
    "periodicity": "periodic"
  },
  {
    "equity_ticker": "INTC",
    "geography": "US",
    "content_name": "INTC Q1 2023 10-Q",
    "file_type": "pdf",
    "content_type": "quarterly_report",
    "published_date": "2023-04-27",
    "fiscal_date": "2023-04-01",
    "fiscal_year": 2023,
    "fiscal_quarter": 1,
    "r2_url": "https://pub-2c783279b61043e19fbdadd1bee5153a.r2.dev/INTC/2023-04-27/intc-20230401.htm/intc-20230401.pdf",
    "periodicity": "periodic"
  },
  {
    "equity_ticker": "INTC",
    "geography": "US",
    "content_name": "INTC Q4 2022 10-K",
    "file_type": "pdf",
    "content_type": "annual_report",
    "published_date": "2023-01-26",
    "fiscal_date": "2022-12-31",
    "fiscal_year": 2022,
    "fiscal_quarter": 4,
    "r2_url": "https://pub-2c783279b61043e19fbdadd1bee5153a.r2.dev/INTC/2023-01-26/intc-20221231.htm/intc-20221231.pdf",
    "periodicity": "periodic"
  },
  {
    "equity_ticker": "INTC",
    "geography": "US",
    "content_name": "INTC Q3 2022 10-Q",
    "file_type": "pdf",
    "content_type": "quarterly_report",
    "published_date": "2022-10-27",
    "fiscal_date": "2022-10-01",
    "fiscal_year": 2022,
    "fiscal_quarter": 3,
    "r2_url": "https://pub-2c783279b61043e19fbdadd1bee5153a.r2.dev/INTC/2022-10-27/intc-20221001.htm/intc-20221001.pdf",
    "periodicity": "periodic"
  },
  {
    "equity_ticker": "INTC",
    "geography": "US",
    "content_name": "INTC Q2 2022 10-Q",
    "file_type": "pdf",
    "content_type": "quarterly_report",
    "published_date": "2022-07-28",
    "fiscal_date": "2022-07-02",
    "fiscal_year": 2022,
    "fiscal_quarter": 2,
    "r2_url": "https://pub-2c783279b61043e19fbdadd1bee5153a.r2.dev/INTC/2022-07-28/intc-20220702.htm/intc-20220702.pdf",
    "periodicity": "periodic"
  },
  {
    "equity_ticker": "INTC",
    "geography": "US",
    "content_name": "INTC Q1 2022 10-Q",
    "file_type": "pdf",
    "content_type": "quarterly_report",
    "published_date": "2022-04-28",
    "fiscal_date": "2022-04-02",
    "fiscal_year": 2022,
    "fiscal_quarter": 1,
    "r2_url": "https://pub-2c783279b61043e19fbdadd1bee5153a.r2.dev/INTC/2022-04-28/intc-20220402.htm/intc-20220402.pdf",
    "periodicity": "periodic"
  },
  {
    "equity_ticker": "INTC",
    "geography": "US",
    "content_name": "INTC Q4 2021 10-K",
    "file_type": "pdf",
    "content_type": "annual_report",
    "published_date": "2022-01-26",
    "fiscal_date": "2021-12-25",
    "fiscal_year": 2021,
    "fiscal_quarter": 4,
    "r2_url": "https://pub-2c783279b61043e19fbdadd1bee5153a.r2.dev/INTC/2022-01-26/intc-20211225.htm/intc-20211225.pdf",
    "periodicity": "periodic"
  },
  {
    "equity_ticker": "INTC",
    "geography": "US",
    "content_name": "INTC Q3 2021 10-Q",
    "file_type": "pdf",
    "content_type": "quarterly_report",
    "published_date": "2021-10-21",
    "fiscal_date": "2021-09-25",
    "fiscal_year": 2021,
    "fiscal_quarter": 3,
    "r2_url": "https://pub-2c783279b61043e19fbdadd1bee5153a.r2.dev/INTC/2021-10-21/intc-20210925.htm/intc-20210925.pdf",
    "periodicity": "periodic"
  },
  {
    "equity_ticker": "INTC",
    "geography": "US",
    "content_name": "INTC Q2 2021 10-Q",
    "file_type": "pdf",
    "content_type": "quarterly_report",
    "published_date": "2021-07-22",
    "fiscal_date": "2021-06-26",
    "fiscal_year": 2021,
    "fiscal_quarter": 2,
    "r2_url": "https://pub-2c783279b61043e19fbdadd1bee5153a.r2.dev/INTC/2021-07-22/intc-20210626.htm/intc-20210626.pdf",
    "periodicity": "periodic"
  },
  {
    "equity_ticker": "INTC",
    "geography": "US",
    "content_name": "INTC Q1 2021 10-Q",
    "file_type": "pdf",
    "content_type": "quarterly_report",
    "published_date": "2021-04-22",
    "fiscal_date": "2021-03-27",
    "fiscal_year": 2021,
    "fiscal_quarter": 1,
    "r2_url": "https://pub-2c783279b61043e19fbdadd1bee5153a.r2.dev/INTC/2021-04-22/intc-20210327.htm/intc-20210327.pdf",
    "periodicity": "periodic"
  },
  {
    "equity_ticker": "INTC",
    "geography": "US",
    "content_name": "INTC Q4 2020 10-K",
    "file_type": "pdf",
    "content_type": "annual_report",
    "published_date": "2021-01-21",
    "fiscal_date": "2020-12-26",
    "fiscal_year": 2020,
    "fiscal_quarter": 4,
    "r2_url": "https://pub-2c783279b61043e19fbdadd1bee5153a.r2.dev/INTC/2021-01-21/intc-20201226.htm/intc-20201226.pdf",
    "periodicity": "periodic"
  },
  {
    "equity_ticker": "INTC",
    "geography": "US",
    "content_name": "INTC Q3 2020 10-Q",
    "file_type": "pdf",
    "content_type": "quarterly_report",
    "published_date": "2020-10-22",
    "fiscal_date": "2020-09-26",
    "fiscal_year": 2020,
    "fiscal_quarter": 3,
    "r2_url": "https://pub-2c783279b61043e19fbdadd1bee5153a.r2.dev/INTC/2020-10-22/intc-20200926.htm/intc-20200926.pdf",
    "periodicity": "periodic"
  },
  {
    "equity_ticker": "INTC",
    "geography": "US",
    "content_name": "INTC Q2 2020 10-Q",
    "file_type": "pdf",
    "content_type": "quarterly_report",
    "published_date": "2020-07-23",
    "fiscal_date": "2020-06-27",
    "fiscal_year": 2020,
    "fiscal_quarter": 2,
    "r2_url": "https://pub-2c783279b61043e19fbdadd1bee5153a.r2.dev/INTC/2020-07-23/intc-20200627.htm/ix.pdf",
    "periodicity": "periodic"
  },
  {
    "equity_ticker": "INTC",
    "geography": "US",
    "content_name": "INTC Q1 2020 10-Q",
    "file_type": "pdf",
    "content_type": "quarterly_report",
    "published_date": "2020-04-23",
    "fiscal_date": "2020-03-28",
    "fiscal_year": 2020,
    "fiscal_quarter": 1,
    "r2_url": "https://pub-2c783279b61043e19fbdadd1bee5153a.r2.dev/INTC/2020-04-23/a0328202010qdocument-u.htm/ix.pdf",
    "periodicity": "periodic"
  },
  {
    "equity_ticker": "INTC",
    "geography": "US",
    "content_name": "INTC Q4 2019 10-K",
    "file_type": "pdf",
    "content_type": "annual_report",
    "published_date": "2020-01-23",
    "fiscal_date": "2019-12-28",
    "fiscal_year": 2019,
    "fiscal_quarter": 4,
    "r2_url": "https://pub-2c783279b61043e19fbdadd1bee5153a.r2.dev/INTC/2020-01-23/a12282019q4-10kdocument.htm/ix.pdf",
    "periodicity": "periodic"
  },
  {
    "equity_ticker": "INTC",
    "geography": "US",
    "content_name": "INTC Q3 2019 10-Q",
    "file_type": "pdf",
    "content_type": "quarterly_report",
    "published_date": "2019-10-24",
    "fiscal_date": "2019-09-28",
    "fiscal_year": 2019,
    "fiscal_quarter": 3,
    "r2_url": "https://pub-2c783279b61043e19fbdadd1bee5153a.r2.dev/INTC/2019-10-24/a0928201910qdocument.htm/ix.pdf",
    "periodicity": "periodic"
  },
  {
    "equity_ticker": "INTC",
    "geography": "US",
    "content_name": "INTC Q2 2019 10-Q",
    "file_type": "pdf",
    "content_type": "quarterly_report",
    "published_date": "2019-07-25",
    "fiscal_date": "2019-06-29",
    "fiscal_year": 2019,
    "fiscal_quarter": 2,
    "r2_url": "https://pub-2c783279b61043e19fbdadd1bee5153a.r2.dev/INTC/2019-07-25/a0629201910qdocument.htm/ix.pdf",
    "periodicity": "periodic"
  },
  {
    "equity_ticker": "INTC",
    "geography": "US",
    "content_name": "INTC Q1 2019 10-Q",
    "file_type": "pdf",
    "content_type": "quarterly_report",
    "published_date": "2019-04-25",
    "fiscal_date": "2019-03-30",
    "fiscal_year": 2019,
    "fiscal_quarter": 1,
    "r2_url": "https://pub-2c783279b61043e19fbdadd1bee5153a.r2.dev/INTC/2019-04-25/a0330201910qdocument.htm/ix.pdf",
    "periodicity": "periodic"
  },
  {
    "equity_ticker": "INTC",
    "geography": "US",
    "content_name": "INTC Q4 2018 10-K",
    "file_type": "pdf",
    "content_type": "annual_report",
    "published_date": "2019-02-01",
    "fiscal_date": "2018-12-29",
    "fiscal_year": 2018,
    "fiscal_quarter": 4,
    "r2_url": "https://pub-2c783279b61043e19fbdadd1bee5153a.r2.dev/INTC/2019-02-01/a12292018q4-10kdocument.htm/a12292018q4-10kdocument.pdf",
    "periodicity": "periodic"
  },
  {
    "equity_ticker": "INTC",
    "geography": "US",
    "content_name": "INTC Q3 2018 10-Q",
    "file_type": "pdf",
    "content_type": "quarterly_report",
    "published_date": "2018-10-25",
    "fiscal_date": "2018-09-29",
    "fiscal_year": 2018,
    "fiscal_quarter": 3,
    "r2_url": "https://pub-2c783279b61043e19fbdadd1bee5153a.r2.dev/INTC/2018-10-25/a0929201810qdocument.htm/a0929201810qdocument.pdf",
    "periodicity": "periodic"
  },
  {
    "equity_ticker": "INTC",
    "geography": "US",
    "content_name": "INTC Q2 2018 10-Q",
    "file_type": "pdf",
    "content_type": "quarterly_report",
    "published_date": "2018-07-26",
    "fiscal_date": "2018-06-30",
    "fiscal_year": 2018,
    "fiscal_quarter": 2,
    "r2_url": "https://pub-2c783279b61043e19fbdadd1bee5153a.r2.dev/INTC/2018-07-26/a0630201810qdocument.htm/a0630201810qdocument.pdf",
    "periodicity": "periodic"
  },
  {
    "equity_ticker": "INTC",
    "geography": "US",
    "content_name": "INTC Q1 2018 10-Q",
    "file_type": "pdf",
    "content_type": "quarterly_report",
    "published_date": "2018-04-26",
    "fiscal_date": "2018-03-31",
    "fiscal_year": 2018,
    "fiscal_quarter": 1,
    "r2_url": "https://pub-2c783279b61043e19fbdadd1bee5153a.r2.dev/INTC/2018-04-26/a0331201810qdocument.htm/a0331201810qdocument.pdf",
    "periodicity": "periodic"
  },
  {
    "equity_ticker": "INTC",
    "geography": "US",
    "content_name": "INTC Q4 2017 10-K",
    "file_type": "pdf",
    "content_type": "annual_report",
    "published_date": "2018-02-16",
    "fiscal_date": "2017-12-30",
    "fiscal_year": 2017,
    "fiscal_quarter": 4,
    "r2_url": "https://pub-2c783279b61043e19fbdadd1bee5153a.r2.dev/INTC/2018-02-16/a12302017q4-10kdocument.htm/a12302017q4-10kdocument.pdf",
    "periodicity": "periodic"
  },
  {
    "equity_ticker": "INTC",
    "geography": "US",
    "content_name": "INTC Q3 2017 10-Q",
    "file_type": "pdf",
    "content_type": "quarterly_report",
    "published_date": "2017-10-26",
    "fiscal_date": "2017-09-30",
    "fiscal_year": 2017,
    "fiscal_quarter": 3,
    "r2_url": "https://pub-2c783279b61043e19fbdadd1bee5153a.r2.dev/INTC/2017-10-26/a2017q3-10qdocument.htm/a2017q3-10qdocument.pdf",
    "periodicity": "periodic"
  },
  {
    "equity_ticker": "INTC",
    "geography": "US",
    "content_name": "INTC Q2 2017 10-Q",
    "file_type": "pdf",
    "content_type": "quarterly_report",
    "published_date": "2017-07-27",
    "fiscal_date": "2017-07-01",
    "fiscal_year": 2017,
    "fiscal_quarter": 2,
    "r2_url": "https://pub-2c783279b61043e19fbdadd1bee5153a.r2.dev/INTC/2017-07-27/new10qdocument07012017.htm/new10qdocument07012017.pdf",
    "periodicity": "periodic"
  },
  {
    "equity_ticker": "INTC",
    "geography": "US",
    "content_name": "INTC Q1 2017 10-Q",
    "file_type": "pdf",
    "content_type": "quarterly_report",
    "published_date": "2017-04-27",
    "fiscal_date": "2017-04-01",
    "fiscal_year": 2017,
    "fiscal_quarter": 1,
    "r2_url": "https://pub-2c783279b61043e19fbdadd1bee5153a.r2.dev/INTC/2017-04-27/a10qdocument04012017.htm/a10qdocument04012017.pdf",
    "periodicity": "periodic"
  },
  {
    "equity_ticker": "INTC",
    "geography": "US",
    "content_name": "INTC Q4 2016 10-K",
    "file_type": "pdf",
    "content_type": "annual_report",
    "published_date": "2017-02-17",
    "fiscal_date": "2016-12-31",
    "fiscal_year": 2016,
    "fiscal_quarter": 4,
    "r2_url": "https://pub-2c783279b61043e19fbdadd1bee5153a.r2.dev/INTC/2017-02-17/a10kdocument12312016q4.htm/a10kdocument12312016q4.pdf",
    "periodicity": "periodic"
  },
  {
    "equity_ticker": "INTC",
    "geography": "US",
    "content_name": "INTC Q3 2016 10-Q",
    "file_type": "pdf",
    "content_type": "quarterly_report",
    "published_date": "2016-10-31",
    "fiscal_date": "2016-10-01",
    "fiscal_year": 2016,
    "fiscal_quarter": 3,
    "r2_url": "https://pub-2c783279b61043e19fbdadd1bee5153a.r2.dev/INTC/2016-10-31/a10qdocument10012016.htm/a10qdocument10012016.pdf",
    "periodicity": "periodic"
  },
  {
    "equity_ticker": "INTC",
    "geography": "US",
    "content_name": "INTC Q2 2016 10-Q",
    "file_type": "pdf",
    "content_type": "quarterly_report",
    "published_date": "2016-08-01",
    "fiscal_date": "2016-07-02",
    "fiscal_year": 2016,
    "fiscal_quarter": 2,
    "r2_url": "https://pub-2c783279b61043e19fbdadd1bee5153a.r2.dev/INTC/2016-08-01/a10qdocument07022016.htm/a10qdocument07022016.pdf",
    "periodicity": "periodic"
  },
  {
    "equity_ticker": "INTC",
    "geography": "US",
    "content_name": "INTC Q1 2016 10-Q",
    "file_type": "pdf",
    "content_type": "quarterly_report",
    "published_date": "2016-05-02",
    "fiscal_date": "2016-04-02",
    "fiscal_year": 2016,
    "fiscal_quarter": 1,
    "r2_url": "https://pub-2c783279b61043e19fbdadd1bee5153a.r2.dev/INTC/2016-05-02/a10qdocument04022016.htm/a10qdocument04022016.pdf",
    "periodicity": "periodic"
  },
  {
    "equity_ticker": "INTC",
    "geography": "US",
    "content_name": "INTC Q4 2015 10-K",
    "file_type": "pdf",
    "content_type": "annual_report",
    "published_date": "2016-02-12",
    "fiscal_date": "2015-12-26",
    "fiscal_year": 2015,
    "fiscal_quarter": 4,
    "r2_url": "https://pub-2c783279b61043e19fbdadd1bee5153a.r2.dev/INTC/2016-02-12/a10kdocument12262015q4.htm/a10kdocument12262015q4.pdf",
    "periodicity": "periodic"
  },
  {
    "equity_ticker": "INTC",
    "geography": "US",
    "content_name": "INTC Q3 2015 10-Q",
    "file_type": "pdf",
    "content_type": "quarterly_report",
    "published_date": "2015-10-28",
    "fiscal_date": "2015-09-26",
    "fiscal_year": 2015,
    "fiscal_quarter": 3,
    "r2_url": "https://pub-2c783279b61043e19fbdadd1bee5153a.r2.dev/INTC/2015-10-28/a10qdocument9262015.htm/a10qdocument9262015.pdf",
    "periodicity": "periodic"
  },
  {
    "equity_ticker": "INTC",
    "geography": "US",
    "content_name": "INTC Q2 2015 10-Q",
    "file_type": "pdf",
    "content_type": "quarterly_report",
    "published_date": "2015-07-27",
    "fiscal_date": "2015-06-27",
    "fiscal_year": 2015,
    "fiscal_quarter": 2,
    "r2_url": "https://pub-2c783279b61043e19fbdadd1bee5153a.r2.dev/INTC/2015-07-27/a10qdocument6272015.htm/a10qdocument6272015.pdf",
    "periodicity": "periodic"
  },
  {
    "equity_ticker": "INTC",
    "geography": "US",
    "content_name": "INTC Q1 2015 10-Q",
    "file_type": "pdf",
    "content_type": "quarterly_report",
    "published_date": "2015-04-27",
    "fiscal_date": "2015-03-28",
    "fiscal_year": 2015,
    "fiscal_quarter": 1,
    "r2_url": "https://pub-2c783279b61043e19fbdadd1bee5153a.r2.dev/INTC/2015-04-27/a10qdocument3282015.htm/a10qdocument3282015.pdf",
    "periodicity": "periodic"
  },
  {
    "equity_ticker": "INTC",
    "geography": "US",
    "content_name": "INTC Q4 2014 10-K",
    "file_type": "pdf",
    "content_type": "annual_report",
    "published_date": "2015-02-13",
    "fiscal_date": "2014-12-27",
    "fiscal_year": 2014,
    "fiscal_quarter": 4,
    "r2_url": "https://pub-2c783279b61043e19fbdadd1bee5153a.r2.dev/INTC/2015-02-13/a10kdocument12272014.htm/a10kdocument12272014.pdf",
    "periodicity": "periodic"
  },
  {
    "equity_ticker": "INTC",
    "geography": "US",
    "content_name": "INTC Q3 2014 10-Q",
    "file_type": "pdf",
    "content_type": "quarterly_report",
    "published_date": "2014-10-29",
    "fiscal_date": "2014-09-27",
    "fiscal_year": 2014,
    "fiscal_quarter": 3,
    "r2_url": "https://pub-2c783279b61043e19fbdadd1bee5153a.r2.dev/INTC/2014-10-29/a10qdocument9272014.htm/a10qdocument9272014.pdf",
    "periodicity": "periodic"
  },
  {
    "equity_ticker": "INTC",
    "geography": "US",
    "content_name": "INTC Q2 2014 10-Q",
    "file_type": "pdf",
    "content_type": "quarterly_report",
    "published_date": "2014-07-25",
    "fiscal_date": "2014-06-28",
    "fiscal_year": 2014,
    "fiscal_quarter": 2,
    "r2_url": "https://pub-2c783279b61043e19fbdadd1bee5153a.r2.dev/INTC/2014-07-25/a10qdocument6282014.htm/a10qdocument6282014.pdf",
    "periodicity": "periodic"
  },
  {
    "equity_ticker": "INTC",
    "geography": "US",
    "content_name": "INTC Q1 2014 10-Q",
    "file_type": "pdf",
    "content_type": "quarterly_report",
    "published_date": "2014-04-25",
    "fiscal_date": "2014-03-29",
    "fiscal_year": 2014,
    "fiscal_quarter": 1,
    "r2_url": "https://pub-2c783279b61043e19fbdadd1bee5153a.r2.dev/INTC/2014-04-25/a10qdocument3292014.htm/a10qdocument3292014.pdf",
    "periodicity": "periodic"
  },
  {
    "equity_ticker": "INTC",
    "geography": "US",
    "content_name": "INTC Q4 2013 10-K",
    "file_type": "pdf",
    "content_type": "annual_report",
    "published_date": "2014-02-14",
    "fiscal_date": "2013-12-28",
    "fiscal_year": 2013,
    "fiscal_quarter": 4,
    "r2_url": "https://pub-2c783279b61043e19fbdadd1bee5153a.r2.dev/INTC/2014-02-14/a10kdocument12282013.htm/a10kdocument12282013.pdf",
    "periodicity": "periodic"
  },
  {
    "equity_ticker": "INTC",
    "geography": "US",
    "content_name": "INTC Q3 2013 10-Q",
    "file_type": "pdf",
    "content_type": "quarterly_report",
    "published_date": "2013-10-28",
    "fiscal_date": "2013-09-28",
    "fiscal_year": 2013,
    "fiscal_quarter": 3,
    "r2_url": "https://pub-2c783279b61043e19fbdadd1bee5153a.r2.dev/INTC/2013-10-28/a10qdocument9282013.htm/a10qdocument9282013.pdf",
    "periodicity": "periodic"
  },
  {
    "equity_ticker": "INTC",
    "geography": "US",
    "content_name": "INTC Q2 2013 10-Q",
    "file_type": "pdf",
    "content_type": "quarterly_report",
    "published_date": "2013-07-29",
    "fiscal_date": "2013-06-29",
    "fiscal_year": 2013,
    "fiscal_quarter": 2,
    "r2_url": "https://pub-2c783279b61043e19fbdadd1bee5153a.r2.dev/INTC/2013-07-29/a10qdocument6292013.htm/a10qdocument6292013.pdf",
    "periodicity": "periodic"
  },
  {
    "equity_ticker": "INTC",
    "geography": "US",
    "content_name": "INTC Q1 2013 10-Q",
    "file_type": "pdf",
    "content_type": "quarterly_report",
    "published_date": "2013-04-29",
    "fiscal_date": "2013-03-30",
    "fiscal_year": 2013,
    "fiscal_quarter": 1,
    "r2_url": "https://pub-2c783279b61043e19fbdadd1bee5153a.r2.dev/INTC/2013-04-29/a10qdocument3302013.htm/a10qdocument3302013.pdf",
    "periodicity": "periodic"
  },
  {
    "equity_ticker": "INTC",
    "geography": "US",
    "content_name": "INTC Q4 2012 10-K",
    "file_type": "pdf",
    "content_type": "annual_report",
    "published_date": "2013-02-19",
    "fiscal_date": "2012-12-29",
    "fiscal_year": 2012,
    "fiscal_quarter": 4,
    "r2_url": "https://pub-2c783279b61043e19fbdadd1bee5153a.r2.dev/INTC/2013-02-19/d424446d10k.htm/d424446d10k.pdf",
    "periodicity": "periodic"
  },
  {
    "equity_ticker": "INTC",
    "geography": "US",
    "content_name": "INTC Q3 2012 10-Q",
    "file_type": "pdf",
    "content_type": "quarterly_report",
    "published_date": "2012-10-31",
    "fiscal_date": "2012-09-29",
    "fiscal_year": 2012,
    "fiscal_quarter": 3,
    "r2_url": "https://pub-2c783279b61043e19fbdadd1bee5153a.r2.dev/INTC/2012-10-31/d427493d10q.htm/d427493d10q.pdf",
    "periodicity": "periodic"
  },
  {
    "equity_ticker": "INTC",
    "geography": "US",
    "content_name": "INTC Q2 2012 10-Q",
    "file_type": "pdf",
    "content_type": "quarterly_report",
    "published_date": "2012-08-01",
    "fiscal_date": "2012-06-30",
    "fiscal_year": 2012,
    "fiscal_quarter": 2,
    "r2_url": "https://pub-2c783279b61043e19fbdadd1bee5153a.r2.dev/INTC/2012-08-01/d386477d10q.htm/d386477d10q.pdf",
    "periodicity": "periodic"
  },
  {
    "equity_ticker": "INTC",
    "geography": "US",
    "content_name": "INTC Q1 2012 10-Q",
    "file_type": "pdf",
    "content_type": "quarterly_report",
    "published_date": "2012-05-04",
    "fiscal_date": "2012-03-31",
    "fiscal_year": 2012,
    "fiscal_quarter": 1,
    "r2_url": "https://pub-2c783279b61043e19fbdadd1bee5153a.r2.dev/INTC/2012-05-04/d320644d10q.htm/d320644d10q.pdf",
    "periodicity": "periodic"
  },
  {
    "equity_ticker": "INTC",
    "geography": "US",
    "content_name": "INTC Q4 2011 10-K",
    "file_type": "pdf",
    "content_type": "annual_report",
    "published_date": "2012-02-23",
    "fiscal_date": "2011-12-31",
    "fiscal_year": 2011,
    "fiscal_quarter": 4,
    "r2_url": "https://pub-2c783279b61043e19fbdadd1bee5153a.r2.dev/INTC/2012-02-23/d302695d10k.htm/d302695d10k.pdf",
    "periodicity": "periodic"
  },
  {
    "equity_ticker": "INTC",
    "geography": "US",
    "content_name": "INTC Q3 2011 10-Q",
    "file_type": "pdf",
    "content_type": "quarterly_report",
    "published_date": "2011-11-04",
    "fiscal_date": "2011-10-01",
    "fiscal_year": 2011,
    "fiscal_quarter": 3,
    "r2_url": "https://pub-2c783279b61043e19fbdadd1bee5153a.r2.dev/INTC/2011-11-04/d250787d10q.htm/d250787d10q.pdf",
    "periodicity": "periodic"
  },
  {
    "equity_ticker": "INTC",
    "geography": "US",
    "content_name": "INTC Q2 2011 10-Q",
    "file_type": "pdf",
    "content_type": "quarterly_report",
    "published_date": "2011-08-08",
    "fiscal_date": "2011-07-02",
    "fiscal_year": 2011,
    "fiscal_quarter": 2,
    "r2_url": "https://pub-2c783279b61043e19fbdadd1bee5153a.r2.dev/INTC/2011-08-08/f59247e10vq.htm/f59247e10vq.pdf",
    "periodicity": "periodic"
  },
  {
    "equity_ticker": "INTC",
    "geography": "US",
    "content_name": "INTC Q1 2011 10-Q",
    "file_type": "pdf",
    "content_type": "quarterly_report",
    "published_date": "2011-05-09",
    "fiscal_date": "2011-04-02",
    "fiscal_year": 2011,
    "fiscal_quarter": 1,
    "r2_url": "https://pub-2c783279b61043e19fbdadd1bee5153a.r2.dev/INTC/2011-05-09/f58500e10vq.htm/f58500e10vq.pdf",
    "periodicity": "periodic"
  },
  {
    "equity_ticker": "INTC",
    "geography": "US",
    "content_name": "INTC Q4 2010 10-K",
    "file_type": "pdf",
    "content_type": "annual_report",
    "published_date": "2011-02-18",
    "fiscal_date": "2010-12-25",
    "fiscal_year": 2010,
    "fiscal_quarter": 4,
    "r2_url": "https://pub-2c783279b61043e19fbdadd1bee5153a.r2.dev/INTC/2011-02-18/f56033e10vk.htm/f56033e10vk.pdf",
    "periodicity": "periodic"
  },
  {
    "equity_ticker": "INTC",
    "geography": "US",
    "content_name": "INTC Q3 2010 10-Q",
    "file_type": "pdf",
    "content_type": "quarterly_report",
    "published_date": "2010-11-02",
    "fiscal_date": "2010-09-25",
    "fiscal_year": 2010,
    "fiscal_quarter": 3,
    "r2_url": "https://pub-2c783279b61043e19fbdadd1bee5153a.r2.dev/INTC/2010-11-02/f56770e10vq.htm/f56770e10vq.pdf",
    "periodicity": "periodic"
  },
  {
    "equity_ticker": "INTC",
    "geography": "US",
    "content_name": "INTC Q2 2010 10-Q",
    "file_type": "pdf",
    "content_type": "quarterly_report",
    "published_date": "2010-07-30",
    "fiscal_date": "2010-06-26",
    "fiscal_year": 2010,
    "fiscal_quarter": 2,
    "r2_url": "https://pub-2c783279b61043e19fbdadd1bee5153a.r2.dev/INTC/2010-07-30/f56011e10vq.htm/f56011e10vq.pdf",
    "periodicity": "periodic"
  },
  {
    "equity_ticker": "INTC",
    "geography": "US",
    "content_name": "INTC Q1 2010 10-Q",
    "file_type": "pdf",
    "content_type": "quarterly_report",
    "published_date": "2010-05-03",
    "fiscal_date": "2010-03-27",
    "fiscal_year": 2010,
    "fiscal_quarter": 1,
    "r2_url": "https://pub-2c783279b61043e19fbdadd1bee5153a.r2.dev/INTC/2010-05-03/f55272e10vq.htm/f55272e10vq.pdf",
    "periodicity": "periodic"
  },
  {
    "equity_ticker": "INTC",
    "geography": "US",
    "content_name": "INTC Q4 2009 10-K",
    "file_type": "pdf",
    "content_type": "annual_report",
    "published_date": "2010-02-22",
    "fiscal_date": "2009-12-26",
    "fiscal_year": 2009,
    "fiscal_quarter": 4,
    "r2_url": "https://pub-2c783279b61043e19fbdadd1bee5153a.r2.dev/INTC/2010-02-22/f54119e10vk.htm/f54119e10vk.pdf",
    "periodicity": "periodic"
  },
  {
    "equity_ticker": "INTC",
    "geography": "US",
    "content_name": "INTC Q3 2009 10-Q",
    "file_type": "pdf",
    "content_type": "quarterly_report",
    "published_date": "2009-11-02",
    "fiscal_date": "2009-09-26",
    "fiscal_year": 2009,
    "fiscal_quarter": 3,
    "r2_url": "https://pub-2c783279b61043e19fbdadd1bee5153a.r2.dev/INTC/2009-11-02/f53311e10vq.htm/f53311e10vq.pdf",
    "periodicity": "periodic"
  },
  {
    "equity_ticker": "INTC",
    "geography": "US",
    "content_name": "INTC Q2 2009 10-Q",
    "file_type": "pdf",
    "content_type": "quarterly_report",
    "published_date": "2009-08-03",
    "fiscal_date": "2009-06-27",
    "fiscal_year": 2009,
    "fiscal_quarter": 2,
    "r2_url": "https://pub-2c783279b61043e19fbdadd1bee5153a.r2.dev/INTC/2009-08-03/f53036e10vq.htm/f53036e10vq.pdf",
    "periodicity": "periodic"
  },
  {
    "equity_ticker": "INTC",
    "geography": "US",
    "content_name": "INTC Q1 2009 10-Q",
    "file_type": "pdf",
    "content_type": "quarterly_report",
    "published_date": "2009-04-29",
    "fiscal_date": "2009-03-28",
    "fiscal_year": 2009,
    "fiscal_quarter": 1,
    "r2_url": "https://pub-2c783279b61043e19fbdadd1bee5153a.r2.dev/INTC/2009-04-29/f52211e10vq.htm/f52211e10vq.pdf",
    "periodicity": "periodic"
  },
  {
    "equity_ticker": "INTC",
    "geography": "US",
    "content_name": "INTC Q4 2008 10-K",
    "file_type": "pdf",
    "content_type": "annual_report",
    "published_date": "2009-02-20",
    "fiscal_date": "2008-12-27",
    "fiscal_year": 2008,
    "fiscal_quarter": 4,
    "r2_url": "https://pub-2c783279b61043e19fbdadd1bee5153a.r2.dev/INTC/2009-02-20/f50771e10vk.htm/f50771e10vk.pdf",
    "periodicity": "periodic"
  },
  {
    "equity_ticker": "INTC",
    "geography": "US",
    "content_name": "INTC Q3 2008 10-Q",
    "file_type": "pdf",
    "content_type": "quarterly_report",
    "published_date": "2008-10-30",
    "fiscal_date": "2008-09-27",
    "fiscal_year": 2008,
    "fiscal_quarter": 3,
    "r2_url": "https://pub-2c783279b61043e19fbdadd1bee5153a.r2.dev/INTC/2008-10-30/f50051e10vq.htm/f50051e10vq.pdf",
    "periodicity": "periodic"
  },
  {
    "equity_ticker": "INTC",
    "geography": "US",
    "content_name": "INTC Q2 2008 10-Q",
    "file_type": "pdf",
    "content_type": "quarterly_report",
    "published_date": "2008-07-31",
    "fiscal_date": "2008-06-28",
    "fiscal_year": 2008,
    "fiscal_quarter": 2,
    "r2_url": "https://pub-2c783279b61043e19fbdadd1bee5153a.r2.dev/INTC/2008-07-31/f42344e10vq.htm/f42344e10vq.pdf",
    "periodicity": "periodic"
  },
  {
    "equity_ticker": "INTC",
    "geography": "US",
    "content_name": "INTC Q1 2008 10-Q",
    "file_type": "pdf",
    "content_type": "quarterly_report",
    "published_date": "2008-05-01",
    "fiscal_date": "2008-03-29",
    "fiscal_year": 2008,
    "fiscal_quarter": 1,
    "r2_url": "https://pub-2c783279b61043e19fbdadd1bee5153a.r2.dev/INTC/2008-05-01/f40150e10vq.htm/f40150e10vq.pdf",
    "periodicity": "periodic"
  },
  {
    "equity_ticker": "INTC",
    "geography": "US",
    "content_name": "INTC Q4 2007 10-K",
    "file_type": "pdf",
    "content_type": "annual_report",
    "published_date": "2008-02-19",
    "fiscal_date": "2007-12-29",
    "fiscal_year": 2007,
    "fiscal_quarter": 4,
    "r2_url": "https://pub-2c783279b61043e19fbdadd1bee5153a.r2.dev/INTC/2008-02-19/f36442e10vk.htm/f36442e10vk.pdf",
    "periodicity": "periodic"
  },
  {
    "equity_ticker": "INTC",
    "geography": "US",
    "content_name": "INTC Q3 2007 10-Q",
    "file_type": "pdf",
    "content_type": "quarterly_report",
    "published_date": "2007-11-01",
    "fiscal_date": "2007-09-29",
    "fiscal_year": 2007,
    "fiscal_quarter": 3,
    "r2_url": "https://pub-2c783279b61043e19fbdadd1bee5153a.r2.dev/INTC/2007-11-01/f34863e10vq.htm/f34863e10vq.pdf",
    "periodicity": "periodic"
  },
  {
    "equity_ticker": "INTC",
    "geography": "US",
    "content_name": "INTC Q2 2007 10-Q",
    "file_type": "pdf",
    "content_type": "quarterly_report",
    "published_date": "2007-08-03",
    "fiscal_date": "2007-06-30",
    "fiscal_year": 2007,
    "fiscal_quarter": 2,
    "r2_url": "https://pub-2c783279b61043e19fbdadd1bee5153a.r2.dev/INTC/2007-08-03/f32127e10vq.htm/f32127e10vq.pdf",
    "periodicity": "periodic"
  },
  {
    "equity_ticker": "INTC",
    "geography": "US",
    "content_name": "INTC Q1 2007 10-Q",
    "file_type": "pdf",
    "content_type": "quarterly_report",
    "published_date": "2007-05-02",
    "fiscal_date": "2007-03-31",
    "fiscal_year": 2007,
    "fiscal_quarter": 1,
    "r2_url": "https://pub-2c783279b61043e19fbdadd1bee5153a.r2.dev/INTC/2007-05-02/f29491e10vq.htm/f29491e10vq.pdf",
    "periodicity": "periodic"
  },
  {
    "equity_ticker": "INTC",
    "geography": "US",
    "content_name": "INTC Q4 2006 10-K",
    "file_type": "pdf",
    "content_type": "annual_report",
    "published_date": "2007-02-23",
    "fiscal_date": "2006-12-30",
    "fiscal_year": 2006,
    "fiscal_quarter": 4,
    "r2_url": "https://pub-2c783279b61043e19fbdadd1bee5153a.r2.dev/INTC/2007-02-23/f23627e10vk.htm/f23627e10vk.pdf",
    "periodicity": "periodic"
  },
  {
    "equity_ticker": "INTC",
    "geography": "US",
    "content_name": "INTC Q3 2006 10-Q",
    "file_type": "pdf",
    "content_type": "quarterly_report",
    "published_date": "2006-11-02",
    "fiscal_date": "2006-09-30",
    "fiscal_year": 2006,
    "fiscal_quarter": 3,
    "r2_url": "https://pub-2c783279b61043e19fbdadd1bee5153a.r2.dev/INTC/2006-11-02/f23624e10vq.htm/f23624e10vq.pdf",
    "periodicity": "periodic"
  },
  {
    "equity_ticker": "INTC",
    "geography": "US",
    "content_name": "INTC Q2 2006 10-Q",
    "file_type": "pdf",
    "content_type": "quarterly_report",
    "published_date": "2006-08-01",
    "fiscal_date": "2006-07-01",
    "fiscal_year": 2006,
    "fiscal_quarter": 2,
    "r2_url": "https://pub-2c783279b61043e19fbdadd1bee5153a.r2.dev/INTC/2006-08-01/f22070e10vq.htm/f22070e10vq.pdf",
    "periodicity": "periodic"
  },
  {
    "equity_ticker": "INTC",
    "geography": "US",
    "content_name": "INTC Q1 2006 10-Q",
    "file_type": "pdf",
    "content_type": "quarterly_report",
    "published_date": "2006-05-05",
    "fiscal_date": "2006-04-01",
    "fiscal_year": 2006,
    "fiscal_quarter": 1,
    "r2_url": "https://pub-2c783279b61043e19fbdadd1bee5153a.r2.dev/INTC/2006-05-05/f19747e10vq.htm/f19747e10vq.pdf",
    "periodicity": "periodic"
  },
  {
    "equity_ticker": "INTC",
    "geography": "US",
    "content_name": "INTC Q4 2005 10-K",
    "file_type": "pdf",
    "content_type": "annual_report",
    "published_date": "2006-02-24",
    "fiscal_date": "2005-12-31",
    "fiscal_year": 2005,
    "fiscal_quarter": 4,
    "r2_url": "https://pub-2c783279b61043e19fbdadd1bee5153a.r2.dev/INTC/2006-02-24/f12963e10vk.htm/f12963e10vk.pdf",
    "periodicity": "periodic"
  },
  {
    "equity_ticker": "INTC",
    "geography": "US",
    "content_name": "INTC Q3 2005 10-Q",
    "file_type": "pdf",
    "content_type": "quarterly_report",
    "published_date": "2005-10-31",
    "fiscal_date": "2005-10-01",
    "fiscal_year": 2005,
    "fiscal_quarter": 3,
    "r2_url": "https://pub-2c783279b61043e19fbdadd1bee5153a.r2.dev/INTC/2005-10-31/f12965e10vq.htm/f12965e10vq.pdf",
    "periodicity": "periodic"
  },
  {
    "equity_ticker": "INTC",
    "geography": "US",
    "content_name": "INTC Q2 2005 10-Q",
    "file_type": "pdf",
    "content_type": "quarterly_report",
    "published_date": "2005-08-05",
    "fiscal_date": "2005-07-02",
    "fiscal_year": 2005,
    "fiscal_quarter": 2,
    "r2_url": "https://pub-2c783279b61043e19fbdadd1bee5153a.r2.dev/INTC/2005-08-05/d10q.htm/d10q.pdf",
    "periodicity": "periodic"
  },
  {
    "equity_ticker": "INTC",
    "geography": "US",
    "content_name": "INTC Q1 2005 10-Q",
    "file_type": "pdf",
    "content_type": "quarterly_report",
    "published_date": "2005-05-10",
    "fiscal_date": "2005-04-02",
    "fiscal_year": 2005,
    "fiscal_quarter": 1,
    "r2_url": "https://pub-2c783279b61043e19fbdadd1bee5153a.r2.dev/INTC/2005-05-10/d10q.htm/d10q.pdf",
    "periodicity": "periodic"
  },
  {
    "equity_ticker": "INTC",
    "geography": "US",
    "content_name": "INTC Q4 2004 10-K",
    "file_type": "pdf",
    "content_type": "annual_report",
    "published_date": "2005-02-18",
    "fiscal_date": "2004-12-25",
    "fiscal_year": 2004,
    "fiscal_quarter": 4,
    "r2_url": "https://pub-2c783279b61043e19fbdadd1bee5153a.r2.dev/INTC/2005-02-18/d10k.htm/d10k.pdf",
    "periodicity": "periodic"
  },
  {
    "equity_ticker": "INTC",
    "geography": "US",
    "content_name": "INTC Q3 2004 10-Q",
    "file_type": "pdf",
    "content_type": "quarterly_report",
    "published_date": "2004-11-03",
    "fiscal_date": "2004-09-25",
    "fiscal_year": 2004,
    "fiscal_quarter": 3,
    "r2_url": "https://pub-2c783279b61043e19fbdadd1bee5153a.r2.dev/INTC/2004-11-03/d10q.htm/d10q.pdf",
    "periodicity": "periodic"
  },
  {
    "equity_ticker": "INTC",
    "geography": "US",
    "content_name": "INTC Q2 2004 10-Q",
    "file_type": "pdf",
    "content_type": "quarterly_report",
    "published_date": "2004-07-30",
    "fiscal_date": "2004-06-26",
    "fiscal_year": 2004,
    "fiscal_quarter": 2,
    "r2_url": "https://pub-2c783279b61043e19fbdadd1bee5153a.r2.dev/INTC/2004-07-30/d10q.htm/d10q.pdf",
    "periodicity": "periodic"
  },
  {
    "equity_ticker": "INTC",
    "geography": "US",
    "content_name": "INTC Q1 2004 10-Q",
    "file_type": "pdf",
    "content_type": "quarterly_report",
    "published_date": "2004-04-30",
    "fiscal_date": "2004-03-27",
    "fiscal_year": 2004,
    "fiscal_quarter": 1,
    "r2_url": "https://pub-2c783279b61043e19fbdadd1bee5153a.r2.dev/INTC/2004-04-30/d10q.htm/d10q.pdf",
    "periodicity": "periodic"
  },
  {
    "equity_ticker": "INTC",
    "geography": "US",
    "content_name": "INTC Q4 2003 10-K",
    "file_type": "pdf",
    "content_type": "annual_report",
    "published_date": "2004-02-20",
    "fiscal_date": "2003-12-27",
    "fiscal_year": 2003,
    "fiscal_quarter": 4,
    "r2_url": "https://pub-2c783279b61043e19fbdadd1bee5153a.r2.dev/INTC/2004-02-20/d10k.htm/d10k.pdf",
    "periodicity": "periodic"
  },
  {
    "equity_ticker": "INTC",
    "geography": "US",
    "content_name": "INTC Q3 2003 10-Q",
    "file_type": "pdf",
    "content_type": "quarterly_report",
    "published_date": "2003-11-04",
    "fiscal_date": "2003-09-27",
    "fiscal_year": 2003,
    "fiscal_quarter": 3,
    "r2_url": "https://pub-2c783279b61043e19fbdadd1bee5153a.r2.dev/INTC/2003-11-04/d10q.htm/d10q.pdf",
    "periodicity": "periodic"
  },
  {
    "equity_ticker": "INTC",
    "geography": "US",
    "content_name": "INTC Q2 2003 10-Q",
    "file_type": "pdf",
    "content_type": "quarterly_report",
    "published_date": "2003-08-06",
    "fiscal_date": "2003-06-28",
    "fiscal_year": 2003,
    "fiscal_quarter": 2,
    "r2_url": "https://pub-2c783279b61043e19fbdadd1bee5153a.r2.dev/INTC/2003-08-06/a03-1769_110q.htm/a03-1769_110q.pdf",
    "periodicity": "periodic"
  },
  {
    "equity_ticker": "INTC",
    "geography": "US",
    "content_name": "INTC Q1 2003 10-Q",
    "file_type": "pdf",
    "content_type": "quarterly_report",
    "published_date": "2003-05-06",
    "fiscal_date": "2003-03-29",
    "fiscal_year": 2003,
    "fiscal_quarter": 1,
    "r2_url": "https://pub-2c783279b61043e19fbdadd1bee5153a.r2.dev/INTC/2003-05-06/j9952_10q.htm/j9952_10q.pdf",
    "periodicity": "periodic"
  },
  {
    "equity_ticker": "INTC",
    "geography": "US",
    "content_name": "INTC Q4 2002 10-K",
    "file_type": "pdf",
    "content_type": "annual_report",
    "published_date": "2003-03-10",
    "fiscal_date": "2002-12-28",
    "fiscal_year": 2002,
    "fiscal_quarter": 4,
    "r2_url": "https://pub-2c783279b61043e19fbdadd1bee5153a.r2.dev/INTC/2003-03-10/a2104280z10-k.htm/a2104280z10-k.pdf",
    "periodicity": "periodic"
  },
  {
    "equity_ticker": "INTC",
    "geography": "US",
    "content_name": "INTC Q3 2002 10-Q",
    "file_type": "pdf",
    "content_type": "quarterly_report",
    "published_date": "2002-11-05",
    "fiscal_date": "2002-09-28",
    "fiscal_year": 2002,
    "fiscal_quarter": 3,
    "r2_url": "https://pub-2c783279b61043e19fbdadd1bee5153a.r2.dev/INTC/2002-11-05/q30210q.htm/q30210q.pdf",
    "periodicity": "periodic"
  },
  {
    "equity_ticker": "INTC",
    "geography": "US",
    "content_name": "INTC Q2 2002 10-Q",
    "file_type": "pdf",
    "content_type": "quarterly_report",
    "published_date": "2002-08-07",
    "fiscal_date": "2002-06-29",
    "fiscal_year": 2002,
    "fiscal_quarter": 2,
    "r2_url": "https://pub-2c783279b61043e19fbdadd1bee5153a.r2.dev/INTC/2002-08-07/q20210qcomplete.htm/q20210qcomplete.pdf",
    "periodicity": "periodic"
  },
  {
    "equity_ticker": "INTC",
    "geography": "US",
    "content_name": "INTC Q1 2002 10-Q",
    "file_type": "pdf",
    "content_type": "quarterly_report",
    "published_date": "2002-05-07",
    "fiscal_date": "2002-03-30",
    "fiscal_year": 2002,
    "fiscal_quarter": 1,
    "r2_url": "https://pub-2c783279b61043e19fbdadd1bee5153a.r2.dev/INTC/2002-05-07/q10210qcomplete.htm/q10210qcomplete.pdf",
    "periodicity": "periodic"
  },
  {
    "equity_ticker": "INTC",
    "geography": "US",
    "content_name": "INTC Q4 2001 10-K",
    "file_type": "pdf",
    "content_type": "annual_report",
    "published_date": "2002-03-13",
    "fiscal_date": "2001-12-29",
    "fiscal_year": 2001,
    "fiscal_quarter": 4,
    "r2_url": "https://pub-2c783279b61043e19fbdadd1bee5153a.r2.dev/INTC/2002-03-13/a2072777z10-k.htm/a2072777z10-k.pdf",
    "periodicity": "periodic"
  },
  {
    "equity_ticker": "INTC",
    "geography": "US",
    "content_name": "INTC Q3 2001 10-Q",
    "file_type": "pdf",
    "content_type": "quarterly_report",
    "published_date": "2001-11-07",
    "fiscal_date": "2001-09-29",
    "fiscal_year": 2001,
    "fiscal_quarter": 3,
    "r2_url": "https://pub-2c783279b61043e19fbdadd1bee5153a.r2.dev/INTC/2001-11-07/q30110qfinal.htm/q30110qfinal.pdf",
    "periodicity": "periodic"
  },
  {
    "equity_ticker": "INTC",
    "geography": "US",
    "content_name": "INTC Q2 2001 10-Q",
    "file_type": "pdf",
    "content_type": "quarterly_report",
    "published_date": "2001-08-08",
    "fiscal_date": "2001-06-30",
    "fiscal_year": 2001,
    "fiscal_quarter": 2,
    "r2_url": "https://pub-2c783279b61043e19fbdadd1bee5153a.r2.dev/INTC/2001-08-08/q20110qt.htm/q20110qt.pdf",
    "periodicity": "periodic"
  },
  {
    "equity_ticker": "INTC",
    "geography": "US",
    "content_name": "INTC Q1 2001 10-Q",
    "file_type": "pdf",
    "content_type": "quarterly_report",
    "published_date": "2001-05-09",
    "fiscal_date": "2001-03-31",
    "fiscal_year": 2001,
    "fiscal_quarter": 1,
    "r2_url": "https://pub-2c783279b61043e19fbdadd1bee5153a.r2.dev/INTC/2001-05-09/q10110qfnl.htm/q10110qfnl.pdf",
    "periodicity": "periodic"
  },
  {
    "equity_ticker": "INTC",
    "geography": "US",
    "content_name": "INTC Q4 2000 10-K",
    "file_type": "pdf",
    "content_type": "annual_report",
    "published_date": "2001-03-13",
    "fiscal_date": "2000-12-30",
    "fiscal_year": 2000,
    "fiscal_quarter": 4,
    "r2_url": "https://pub-2c783279b61043e19fbdadd1bee5153a.r2.dev/INTC/2001-03-13/a2040883z10-k.htm/a2040883z10-k.pdf",
    "periodicity": "periodic"
  },
  {
    "equity_ticker": "INTC",
    "geography": "US",
    "content_name": "INTC Q3 2000 10-Q",
    "file_type": "pdf",
    "content_type": "quarterly_report",
    "published_date": "2000-11-14",
    "fiscal_date": "2000-09-30",
    "fiscal_year": 2000,
    "fiscal_quarter": 3,
    "r2_url": "https://pub-2c783279b61043e19fbdadd1bee5153a.r2.dev/INTC/2000-11-14/0000050863-00-000130-0001.txt/0000050863-00-000130-0001.pdf",
    "periodicity": "periodic"
  },
  {
    "equity_ticker": "INTC",
    "geography": "US",
    "content_name": "INTC Q2 2000 10-Q",
    "file_type": "pdf",
    "content_type": "quarterly_report",
    "published_date": "2000-08-14",
    "fiscal_date": "2000-07-01",
    "fiscal_year": 2000,
    "fiscal_quarter": 2,
    "r2_url": "https://pub-2c783279b61043e19fbdadd1bee5153a.r2.dev/INTC/2000-08-14/0000050863-00-000115-0001.txt/0000050863-00-000115-0001.pdf",
    "periodicity": "periodic"
  },
  {
    "equity_ticker": "INTC",
    "geography": "US",
    "content_name": "INTC Q1 2000 10-Q",
    "file_type": "pdf",
    "content_type": "quarterly_report",
    "published_date": "2000-05-16",
    "fiscal_date": "2000-04-01",
    "fiscal_year": 2000,
    "fiscal_quarter": 1,
    "r2_url": "https://pub-2c783279b61043e19fbdadd1bee5153a.r2.dev/INTC/2000-05-16/.pdf",
    "periodicity": "periodic"
  },
  {
    "equity_ticker": "INTC",
    "geography": "US",
    "content_name": "INTC Q4 1999 10-K",
    "file_type": "pdf",
    "content_type": "annual_report",
    "published_date": "2000-03-23",
    "fiscal_date": "1999-12-25",
    "fiscal_year": 1999,
    "fiscal_quarter": 4,
    "r2_url": "https://pub-2c783279b61043e19fbdadd1bee5153a.r2.dev/INTC/2000-03-23/.pdf",
    "periodicity": "periodic"
  },
  {
    "equity_ticker": "INTC",
    "geography": "US",
    "content_name": "INTC Q3 1999 10-Q",
    "file_type": "pdf",
    "content_type": "quarterly_report",
    "published_date": "1999-11-09",
    "fiscal_date": "1999-09-25",
    "fiscal_year": 1999,
    "fiscal_quarter": 3,
    "r2_url": "https://pub-2c783279b61043e19fbdadd1bee5153a.r2.dev/INTC/1999-11-09/.pdf",
    "periodicity": "periodic"
  },
  {
    "equity_ticker": "INTC",
    "geography": "US",
    "content_name": "INTC Q2 1999 10-Q",
    "file_type": "pdf",
    "content_type": "quarterly_report",
    "published_date": "1999-08-02",
    "fiscal_date": "1999-06-26",
    "fiscal_year": 1999,
    "fiscal_quarter": 2,
    "r2_url": "https://pub-2c783279b61043e19fbdadd1bee5153a.r2.dev/INTC/1999-08-02/.pdf",
    "periodicity": "periodic"
  },
  {
    "equity_ticker": "INTC",
    "geography": "US",
    "content_name": "INTC Q1 1999 10-Q",
    "file_type": "pdf",
    "content_type": "quarterly_report",
    "published_date": "1999-05-10",
    "fiscal_date": "1999-03-27",
    "fiscal_year": 1999,
    "fiscal_quarter": 1,
    "r2_url": "https://pub-2c783279b61043e19fbdadd1bee5153a.r2.dev/INTC/1999-05-10/.pdf",
    "periodicity": "periodic"
  },
  {
    "equity_ticker": "INTC",
    "geography": "US",
    "content_name": "INTC Q4 1998 10-K",
    "file_type": "pdf",
    "content_type": "annual_report",
    "published_date": "1999-03-26",
    "fiscal_date": "1998-12-26",
    "fiscal_year": 1998,
    "fiscal_quarter": 4,
    "r2_url": "https://pub-2c783279b61043e19fbdadd1bee5153a.r2.dev/INTC/1999-03-26/.pdf",
    "periodicity": "periodic"
  },
  {
    "equity_ticker": "INTC",
    "geography": "US",
    "content_name": "INTC Q3 1998 10-Q",
    "file_type": "pdf",
    "content_type": "quarterly_report",
    "published_date": "1998-11-10",
    "fiscal_date": "1998-09-26",
    "fiscal_year": 1998,
    "fiscal_quarter": 3,
    "r2_url": "https://pub-2c783279b61043e19fbdadd1bee5153a.r2.dev/INTC/1998-11-10/.pdf",
    "periodicity": "periodic"
  },
  {
    "equity_ticker": "INTC",
    "geography": "US",
    "content_name": "INTC Q2 1998 10-Q",
    "file_type": "pdf",
    "content_type": "quarterly_report",
    "published_date": "1998-08-11",
    "fiscal_date": "1998-06-27",
    "fiscal_year": 1998,
    "fiscal_quarter": 2,
    "r2_url": "https://pub-2c783279b61043e19fbdadd1bee5153a.r2.dev/INTC/1998-08-11/.pdf",
    "periodicity": "periodic"
  },
  {
    "equity_ticker": "INTC",
    "geography": "US",
    "content_name": "INTC Q1 1998 10-Q",
    "file_type": "pdf",
    "content_type": "quarterly_report",
    "published_date": "1998-05-12",
    "fiscal_date": "1998-03-28",
    "fiscal_year": 1998,
    "fiscal_quarter": 1,
    "r2_url": "https://pub-2c783279b61043e19fbdadd1bee5153a.r2.dev/INTC/1998-05-12/.pdf",
    "periodicity": "periodic"
  },
  {
    "equity_ticker": "INTC",
    "geography": "US",
    "content_name": "INTC Q4 1997 10-K",
    "file_type": "pdf",
    "content_type": "annual_report",
    "published_date": "1998-03-27",
    "fiscal_date": "1997-12-27",
    "fiscal_year": 1997,
    "fiscal_quarter": 4,
    "r2_url": "https://pub-2c783279b61043e19fbdadd1bee5153a.r2.dev/INTC/1998-03-27/.pdf",
    "periodicity": "periodic"
  },
  {
    "equity_ticker": "INTC",
    "geography": "US",
    "content_name": "INTC Q3 1997 10-Q",
    "file_type": "pdf",
    "content_type": "quarterly_report",
    "published_date": "1997-11-10",
    "fiscal_date": "1997-09-27",
    "fiscal_year": 1997,
    "fiscal_quarter": 3,
    "r2_url": "https://pub-2c783279b61043e19fbdadd1bee5153a.r2.dev/INTC/1997-11-10/.pdf",
    "periodicity": "periodic"
  },
  {
    "equity_ticker": "INTC",
    "geography": "US",
    "content_name": "INTC Q2 1997 10-Q",
    "file_type": "pdf",
    "content_type": "quarterly_report",
    "published_date": "1997-08-11",
    "fiscal_date": "1997-06-28",
    "fiscal_year": 1997,
    "fiscal_quarter": 2,
    "r2_url": "https://pub-2c783279b61043e19fbdadd1bee5153a.r2.dev/INTC/1997-08-11/.pdf",
    "periodicity": "periodic"
  },
  {
    "equity_ticker": "INTC",
    "geography": "US",
    "content_name": "INTC Q1 1997 10-Q",
    "file_type": "pdf",
    "content_type": "quarterly_report",
    "published_date": "1997-05-13",
    "fiscal_date": "1997-03-29",
    "fiscal_year": 1997,
    "fiscal_quarter": 1,
    "r2_url": "https://pub-2c783279b61043e19fbdadd1bee5153a.r2.dev/INTC/1997-05-13/.pdf",
    "periodicity": "periodic"
  },
  {
    "equity_ticker": "INTC",
    "geography": "US",
    "content_name": "INTC Q4 1996 10-K",
    "file_type": "pdf",
    "content_type": "annual_report",
    "published_date": "1997-03-28",
    "fiscal_date": "1996-12-28",
    "fiscal_year": 1996,
    "fiscal_quarter": 4,
    "r2_url": "https://pub-2c783279b61043e19fbdadd1bee5153a.r2.dev/INTC/1997-03-28/.pdf",
    "periodicity": "periodic"
  },
  {
    "equity_ticker": "INTC",
    "geography": "US",
    "content_name": "INTC Q3 1996 10-Q",
    "file_type": "pdf",
    "content_type": "quarterly_report",
    "published_date": "1996-11-12",
    "fiscal_date": "1996-09-28",
    "fiscal_year": 1996,
    "fiscal_quarter": 3,
    "r2_url": "https://pub-2c783279b61043e19fbdadd1bee5153a.r2.dev/INTC/1996-11-12/.pdf",
    "periodicity": "periodic"
  },
  {
    "equity_ticker": "INTC",
    "geography": "US",
    "content_name": "INTC Q2 1996 10-Q",
    "file_type": "pdf",
    "content_type": "quarterly_report",
    "published_date": "1996-08-13",
    "fiscal_date": "1996-06-29",
    "fiscal_year": 1996,
    "fiscal_quarter": 2,
    "r2_url": "https://pub-2c783279b61043e19fbdadd1bee5153a.r2.dev/INTC/1996-08-13/.pdf",
    "periodicity": "periodic"
  },
  {
    "equity_ticker": "INTC",
    "geography": "US",
    "content_name": "INTC Q1 1996 10-Q",
    "file_type": "pdf",
    "content_type": "quarterly_report",
    "published_date": "1996-05-14",
    "fiscal_date": "1996-03-30",
    "fiscal_year": 1996,
    "fiscal_quarter": 1,
    "r2_url": "https://pub-2c783279b61043e19fbdadd1bee5153a.r2.dev/INTC/1996-05-14/.pdf",
    "periodicity": "periodic"
  },
  {
    "equity_ticker": "INTC",
    "geography": "US",
    "content_name": "INTC Q4 1995 10-K",
    "file_type": "pdf",
    "content_type": "annual_report",
    "published_date": "1996-03-29",
    "fiscal_date": "1995-12-30",
    "fiscal_year": 1995,
    "fiscal_quarter": 4,
    "r2_url": "https://pub-2c783279b61043e19fbdadd1bee5153a.r2.dev/INTC/1996-03-29/.pdf",
    "periodicity": "periodic"
  },
  {
    "equity_ticker": "INTC",
    "geography": "US",
    "content_name": "INTC Q3 1995 10-Q",
    "file_type": "pdf",
    "content_type": "quarterly_report",
    "published_date": "1995-11-14",
    "fiscal_date": "1995-09-30",
    "fiscal_year": 1995,
    "fiscal_quarter": 3,
    "r2_url": "https://pub-2c783279b61043e19fbdadd1bee5153a.r2.dev/INTC/1995-11-14/.pdf",
    "periodicity": "periodic"
  },
  {
    "equity_ticker": "INTC",
    "geography": "US",
    "content_name": "INTC Q2 1995 10-Q",
    "file_type": "pdf",
    "content_type": "quarterly_report",
    "published_date": "1995-08-15",
    "fiscal_date": "1995-07-01",
    "fiscal_year": 1995,
    "fiscal_quarter": 2,
    "r2_url": "https://pub-2c783279b61043e19fbdadd1bee5153a.r2.dev/INTC/1995-08-15/.pdf",
    "periodicity": "periodic"
  },
  {
    "equity_ticker": "INTC",
    "geography": "US",
    "content_name": "INTC Q1 1995 10-Q",
    "file_type": "pdf",
    "content_type": "quarterly_report",
    "published_date": "1995-05-16",
    "fiscal_date": "1995-04-01",
    "fiscal_year": 1995,
    "fiscal_quarter": 1,
    "r2_url": "https://pub-2c783279b61043e19fbdadd1bee5153a.r2.dev/INTC/1995-05-16/.pdf",
    "periodicity": "periodic"
  },
  {
    "equity_ticker": "INTC",
    "geography": "US",
    "content_name": "INTC Q4 1994 10-K",
    "file_type": "pdf",
    "content_type": "annual_report",
    "published_date": "1995-03-28",
    "fiscal_date": "1994-12-31",
    "fiscal_year": 1994,
    "fiscal_quarter": 4,
    "r2_url": "https://pub-2c783279b61043e19fbdadd1bee5153a.r2.dev/INTC/1995-03-28/.pdf",
    "periodicity": "periodic"
  },
  {
    "equity_ticker": "INTC",
    "geography": "US",
    "content_name": "INTC Q3 1994 10-Q",
    "file_type": "pdf",
    "content_type": "quarterly_report",
    "published_date": "1994-11-10",
    "fiscal_date": "1994-10-01",
    "fiscal_year": 1994,
    "fiscal_quarter": 3,
    "r2_url": "https://pub-2c783279b61043e19fbdadd1bee5153a.r2.dev/INTC/1994-11-10/.pdf",
    "periodicity": "periodic"
  },
  {
    "equity_ticker": "INTC",
    "geography": "US",
    "content_name": "INTC Q2 1994 10-Q",
    "file_type": "pdf",
    "content_type": "quarterly_report",
    "published_date": "1994-08-15",
    "fiscal_date": "1994-07-02",
    "fiscal_year": 1994,
    "fiscal_quarter": 2,
    "r2_url": "https://pub-2c783279b61043e19fbdadd1bee5153a.r2.dev/INTC/1994-08-15/.pdf",
    "periodicity": "periodic"
  },
  {
    "equity_ticker": "INTC",
    "geography": "US",
    "content_name": "INTC Q1 1994 10-Q",
    "file_type": "pdf",
    "content_type": "quarterly_report",
    "published_date": "1994-05-16",
    "fiscal_date": "1994-04-02",
    "fiscal_year": 1994,
    "fiscal_quarter": 1,
    "r2_url": "https://pub-2c783279b61043e19fbdadd1bee5153a.r2.dev/INTC/1994-05-16/.pdf",
    "periodicity": "periodic"
  },
  {
    "equity_ticker": "INTC",
    "geography": "US",
    "content_name": "INTC Q4 1993 10-K",
    "file_type": "pdf",
    "content_type": "annual_report",
    "published_date": "1994-03-25",
    "fiscal_date": "1993-12-25",
    "fiscal_year": 1993,
    "fiscal_quarter": 4,
    "r2_url": "https://pub-2c783279b61043e19fbdadd1bee5153a.r2.dev/INTC/1994-03-25/.pdf",
    "periodicity": "periodic"
  }
]