[
    {
        "equity_ticker": "KDP",
        "geography": "US",
        "content_name": "KDP Q4 2024 Transcript",
        "file_type": "pdf",
        "content_type": "earnings_transcript",
        "published_date": "2025-02-25",
        "fiscal_date": "2025-02-25",
        "fiscal_year": 2024,
        "fiscal_quarter": 4,
        "r2_url": "https://pub-2c783279b61043e19fbdadd1bee5153a.r2.dev/KDP/2025-02-25/Keurig%20Dr%20Pepper%20Inc._2025-02-25_transcript/Keurig%20Dr%20Pepper%20Inc._2025-02-25_transcript.pdf/Keurig%20Dr%20Pepper%20Inc._2025-02-25_transcript.pdf",
        "periodicity": "periodic"
    },
    {
        "equity_ticker": "KDP",
        "geography": "US",
        "content_name": "KDP Q4 2024 Press Release",
        "file_type": "pdf",
        "content_type": "earnings_press_release",
        "published_date": "2025-02-25",
        "fiscal_date": "2025-02-25",
        "fiscal_year": 2024,
        "fiscal_quarter": 4,
        "r2_url": "https://pub-2c783279b61043e19fbdadd1bee5153a.r2.dev/KDP/2025-02-25/376c4-2025-02-25-12-21-04/376c4-2025-02-25-12-21-04.pdf/376c4-2025-02-25-12-21-04.pdf",
        "periodicity": "periodic"
    },
    {
        "equity_ticker": "KDP",
        "geography": "US",
        "content_name": "Morgan Stanley Global Consumer & Retail Conference - December 4, 2024",
        "file_type": "pdf",
        "content_type": "sellside_conference_transcript",
        "published_date": "2024-12-04",
        "fiscal_date": "2024-12-04",
        "fiscal_year": null,
        "fiscal_quarter": null,
        "r2_url": "https://pub-2c783279b61043e19fbdadd1bee5153a.r2.dev/KDP/2024-12-04/Keurig%20Dr%20Pepper%20Inc._2024-12-04_transcript/Keurig%20Dr%20Pepper%20Inc._2024-12-04_transcript.pdf/Keurig%20Dr%20Pepper%20Inc._2024-12-04_transcript.pdf",
        "periodicity": "non_periodic"
    },
    {
        "equity_ticker": "KDP",
        "geography": "US",
        "content_name": "KDP Q3 2024 Transcript",
        "file_type": "pdf",
        "content_type": "earnings_transcript",
        "published_date": "2024-10-24",
        "fiscal_date": "2024-10-24",
        "fiscal_year": 2024,
        "fiscal_quarter": 3,
        "r2_url": "https://pub-2c783279b61043e19fbdadd1bee5153a.r2.dev/KDP/2024-10-24/Keurig%20Dr%20Pepper%20Inc._2024-10-24_transcript/Keurig%20Dr%20Pepper%20Inc._2024-10-24_transcript.pdf/Keurig%20Dr%20Pepper%20Inc._2024-10-24_transcript.pdf",
        "periodicity": "periodic"
    },
    {
        "equity_ticker": "KDP",
        "geography": "US",
        "content_name": "KDP Q3 2024 Press Release",
        "file_type": "pdf",
        "content_type": "earnings_press_release",
        "published_date": "2024-10-24",
        "fiscal_date": "2024-10-24",
        "fiscal_year": 2024,
        "fiscal_quarter": 3,
        "r2_url": "https://pub-2c783279b61043e19fbdadd1bee5153a.r2.dev/KDP/2024-10-24/3a2c3-2024-10-24-11-56-01/3a2c3-2024-10-24-11-56-01.pdf/3a2c3-2024-10-24-11-56-01.pdf",
        "periodicity": "periodic"
    },
    {
        "equity_ticker": "KDP",
        "geography": "US",
        "content_name": "Barclays 17th Annual Global Consumer Staples Conference - September 4, 2024",
        "file_type": "pdf",
        "content_type": "sellside_conference_transcript",
        "published_date": "2024-09-04",
        "fiscal_date": "2024-09-04",
        "fiscal_year": null,
        "fiscal_quarter": null,
        "r2_url": "https://pub-2c783279b61043e19fbdadd1bee5153a.r2.dev/KDP/2024-09-04/Keurig%20Dr%20Pepper%20Inc._2024-09-04_transcript/Keurig%20Dr%20Pepper%20Inc._2024-09-04_transcript.pdf/Keurig%20Dr%20Pepper%20Inc._2024-09-04_transcript.pdf",
        "periodicity": "non_periodic"
    },
    {
        "equity_ticker": "KDP",
        "geography": "US",
        "content_name": "KDP Q2 2024 Transcript",
        "file_type": "pdf",
        "content_type": "earnings_transcript",
        "published_date": "2024-07-25",
        "fiscal_date": "2024-07-25",
        "fiscal_year": 2024,
        "fiscal_quarter": 2,
        "r2_url": "https://pub-2c783279b61043e19fbdadd1bee5153a.r2.dev/KDP/2024-07-25/Keurig%20Dr%20Pepper%20Inc._2024-07-25_transcript/Keurig%20Dr%20Pepper%20Inc._2024-07-25_transcript.pdf/Keurig%20Dr%20Pepper%20Inc._2024-07-25_transcript.pdf",
        "periodicity": "periodic"
    },
    {
        "equity_ticker": "KDP",
        "geography": "US",
        "content_name": "KDP Q2 2024 Press Release",
        "file_type": "pdf",
        "content_type": "earnings_press_release",
        "published_date": "2024-07-25",
        "fiscal_date": "2024-07-25",
        "fiscal_year": 2024,
        "fiscal_quarter": 2,
        "r2_url": "https://pub-2c783279b61043e19fbdadd1bee5153a.r2.dev/KDP/2024-07-25/89c48-2024-07-25-11-00-05/89c48-2024-07-25-11-00-05.pdf/89c48-2024-07-25-11-00-05.pdf",
        "periodicity": "periodic"
    },
    {
        "equity_ticker": "KDP",
        "geography": "US",
        "content_name": "AGM 2024 - June 10, 2024",
        "file_type": "pdf",
        "content_type": "company_conference_transcript",
        "published_date": "2024-06-10",
        "fiscal_date": "2024-06-10",
        "fiscal_year": null,
        "fiscal_quarter": null,
        "r2_url": "https://pub-2c783279b61043e19fbdadd1bee5153a.r2.dev/KDP/2024-06-10/Keurig%20Dr%20Pepper%20Inc._2024-06-10_transcript/Keurig%20Dr%20Pepper%20Inc._2024-06-10_transcript.pdf/Keurig%20Dr%20Pepper%20Inc._2024-06-10_transcript.pdf",
        "periodicity": "non_periodic"
    },
    {
        "equity_ticker": "KDP",
        "geography": "US",
        "content_name": "2024 dbAccess Global Consumer Conference - June 5, 2024",
        "file_type": "pdf",
        "content_type": "company_conference_transcript",
        "published_date": "2024-06-05",
        "fiscal_date": "2024-06-05",
        "fiscal_year": null,
        "fiscal_quarter": null,
        "r2_url": "https://pub-2c783279b61043e19fbdadd1bee5153a.r2.dev/KDP/2024-06-05/Keurig%20Dr%20Pepper%20Inc._2024-06-05_transcript/Keurig%20Dr%20Pepper%20Inc._2024-06-05_transcript.pdf/Keurig%20Dr%20Pepper%20Inc._2024-06-05_transcript.pdf",
        "periodicity": "non_periodic"
    },
    {
        "equity_ticker": "KDP",
        "geography": "US",
        "content_name": "KDP Q1 2024 Transcript",
        "file_type": "pdf",
        "content_type": "earnings_transcript",
        "published_date": "2024-04-25",
        "fiscal_date": "2024-04-25",
        "fiscal_year": 2024,
        "fiscal_quarter": 1,
        "r2_url": "https://pub-2c783279b61043e19fbdadd1bee5153a.r2.dev/KDP/2024-04-25/Keurig%20Dr%20Pepper%20Inc._2024-04-25_transcript/Keurig%20Dr%20Pepper%20Inc._2024-04-25_transcript.pdf/Keurig%20Dr%20Pepper%20Inc._2024-04-25_transcript.pdf",
        "periodicity": "periodic"
    },
    {
        "equity_ticker": "KDP",
        "geography": "US",
        "content_name": "KDP Q1 2024 Press Release",
        "file_type": "pdf",
        "content_type": "earnings_press_release",
        "published_date": "2024-04-25",
        "fiscal_date": "2024-04-25",
        "fiscal_year": 2024,
        "fiscal_quarter": 1,
        "r2_url": "https://pub-2c783279b61043e19fbdadd1bee5153a.r2.dev/KDP/2024-04-25/c66b0-2024-04-25-11-00-01/c66b0-2024-04-25-11-00-01.pdf/c66b0-2024-04-25-11-00-01.pdf",
        "periodicity": "periodic"
    },
    {
        "equity_ticker": "KDP",
        "geography": "US",
        "content_name": "Investor Update - March 19, 2024",
        "file_type": "pdf",
        "content_type": "company_conference_transcript",
        "published_date": "2024-03-19",
        "fiscal_date": "2024-03-19",
        "fiscal_year": null,
        "fiscal_quarter": null,
        "r2_url": "https://pub-2c783279b61043e19fbdadd1bee5153a.r2.dev/KDP/2024-03-19/Keurig%20Dr%20Pepper%20Inc._2024-03-19_transcript/Keurig%20Dr%20Pepper%20Inc._2024-03-19_transcript.pdf/Keurig%20Dr%20Pepper%20Inc._2024-03-19_transcript.pdf",
        "periodicity": "non_periodic"
    },
    {
        "equity_ticker": "KDP",
        "geography": "US",
        "content_name": "Investor Update - March 19, 2024",
        "file_type": "pdf",
        "content_type": "company_conference_presentation",
        "published_date": "2024-03-19",
        "fiscal_date": "2024-03-19",
        "fiscal_year": null,
        "fiscal_quarter": null,
        "r2_url": "https://pub-2c783279b61043e19fbdadd1bee5153a.r2.dev/KDP/2024-03-19/20b5b-2024-03-20-08-49-23/20b5b-2024-03-20-08-49-23.pdf/20b5b-2024-03-20-08-49-23.pdf",
        "periodicity": "non_periodic"
    },
    {
        "equity_ticker": "KDP",
        "geography": "US",
        "content_name": "KDP Q4 2023 Transcript",
        "file_type": "pdf",
        "content_type": "earnings_transcript",
        "published_date": "2024-02-22",
        "fiscal_date": "2024-02-22",
        "fiscal_year": 2023,
        "fiscal_quarter": 4,
        "r2_url": "https://pub-2c783279b61043e19fbdadd1bee5153a.r2.dev/KDP/2024-02-22/Keurig%20Dr%20Pepper%20Inc._2024-02-22_transcript/Keurig%20Dr%20Pepper%20Inc._2024-02-22_transcript.pdf/Keurig%20Dr%20Pepper%20Inc._2024-02-22_transcript.pdf",
        "periodicity": "periodic"
    },
    {
        "equity_ticker": "KDP",
        "geography": "US",
        "content_name": "KDP Q4 2023 Press Release",
        "file_type": "pdf",
        "content_type": "earnings_press_release",
        "published_date": "2024-02-22",
        "fiscal_date": "2024-02-22",
        "fiscal_year": 2023,
        "fiscal_quarter": 4,
        "r2_url": "https://pub-2c783279b61043e19fbdadd1bee5153a.r2.dev/KDP/2024-02-22/44812-2024-02-22-12-05-02/44812-2024-02-22-12-05-02.pdf/44812-2024-02-22-12-05-02.pdf",
        "periodicity": "periodic"
    },
    {
        "equity_ticker": "KDP",
        "geography": "US",
        "content_name": "Morgan Stanley Global Consumer & Retail Conference - December 5, 2023",
        "file_type": "pdf",
        "content_type": "sellside_conference_transcript",
        "published_date": "2023-12-05",
        "fiscal_date": "2023-12-05",
        "fiscal_year": null,
        "fiscal_quarter": null,
        "r2_url": "https://pub-2c783279b61043e19fbdadd1bee5153a.r2.dev/KDP/2023-12-05/Keurig%20Dr%20Pepper%20Inc._2023-12-05_transcript/Keurig%20Dr%20Pepper%20Inc._2023-12-05_transcript.pdf/Keurig%20Dr%20Pepper%20Inc._2023-12-05_transcript.pdf",
        "periodicity": "non_periodic"
    },
    {
        "equity_ticker": "KDP",
        "geography": "US",
        "content_name": "KDP Q3 2023 Transcript",
        "file_type": "pdf",
        "content_type": "earnings_transcript",
        "published_date": "2023-10-26",
        "fiscal_date": "2023-10-26",
        "fiscal_year": 2023,
        "fiscal_quarter": 3,
        "r2_url": "https://pub-2c783279b61043e19fbdadd1bee5153a.r2.dev/KDP/2023-10-26/Keurig%20Dr%20Pepper%20Inc._2023-10-26_transcript/Keurig%20Dr%20Pepper%20Inc._2023-10-26_transcript.pdf/Keurig%20Dr%20Pepper%20Inc._2023-10-26_transcript.pdf",
        "periodicity": "periodic"
    },
    {
        "equity_ticker": "KDP",
        "geography": "US",
        "content_name": "KDP Q3 2023 Press Release",
        "file_type": "pdf",
        "content_type": "earnings_press_release",
        "published_date": "2023-10-26",
        "fiscal_date": "2023-10-26",
        "fiscal_year": 2023,
        "fiscal_quarter": 3,
        "r2_url": "https://pub-2c783279b61043e19fbdadd1bee5153a.r2.dev/KDP/2023-10-26/ff953-2023-10-26-11-57-03/ff953-2023-10-26-11-57-03.pdf/ff953-2023-10-26-11-57-03.pdf",
        "periodicity": "periodic"
    },
    {
        "equity_ticker": "KDP",
        "geography": "US",
        "content_name": "Barclays Global Consumer Staples Conference - September 6, 2023",
        "file_type": "pdf",
        "content_type": "sellside_conference_transcript",
        "published_date": "2023-09-06",
        "fiscal_date": "2023-09-06",
        "fiscal_year": null,
        "fiscal_quarter": null,
        "r2_url": "https://pub-2c783279b61043e19fbdadd1bee5153a.r2.dev/KDP/2023-09-06/Keurig%20Dr%20Pepper%20Inc._2023-09-06_transcript/Keurig%20Dr%20Pepper%20Inc._2023-09-06_transcript.pdf/Keurig%20Dr%20Pepper%20Inc._2023-09-06_transcript.pdf",
        "periodicity": "non_periodic"
    },
    {
        "equity_ticker": "KDP",
        "geography": "US",
        "content_name": "KDP Q2 2023 Transcript",
        "file_type": "pdf",
        "content_type": "earnings_transcript",
        "published_date": "2023-07-27",
        "fiscal_date": "2023-07-27",
        "fiscal_year": 2023,
        "fiscal_quarter": 2,
        "r2_url": "https://pub-2c783279b61043e19fbdadd1bee5153a.r2.dev/KDP/2023-07-27/Keurig%20Dr%20Pepper%20Inc._2023-07-27_transcript/Keurig%20Dr%20Pepper%20Inc._2023-07-27_transcript.pdf/Keurig%20Dr%20Pepper%20Inc._2023-07-27_transcript.pdf",
        "periodicity": "periodic"
    },
    {
        "equity_ticker": "KDP",
        "geography": "US",
        "content_name": "KDP Q2 2023 Press Release",
        "file_type": "pdf",
        "content_type": "earnings_press_release",
        "published_date": "2023-07-27",
        "fiscal_date": "2023-07-27",
        "fiscal_year": 2023,
        "fiscal_quarter": 2,
        "r2_url": "https://pub-2c783279b61043e19fbdadd1bee5153a.r2.dev/KDP/2023-07-27/4fb08-2023-07-27-11-07-01/4fb08-2023-07-27-11-07-01.pdf/4fb08-2023-07-27-11-07-01.pdf",
        "periodicity": "periodic"
    },
    {
        "equity_ticker": "KDP",
        "geography": "US",
        "content_name": "KDP Q1 2023 Transcript",
        "file_type": "pdf",
        "content_type": "earnings_transcript",
        "published_date": "2023-04-27",
        "fiscal_date": "2023-04-27",
        "fiscal_year": 2023,
        "fiscal_quarter": 1,
        "r2_url": "https://pub-2c783279b61043e19fbdadd1bee5153a.r2.dev/KDP/2023-04-27/Keurig%20Dr%20Pepper%20Inc._2023-04-27_transcript/Keurig%20Dr%20Pepper%20Inc._2023-04-27_transcript.pdf/Keurig%20Dr%20Pepper%20Inc._2023-04-27_transcript.pdf",
        "periodicity": "periodic"
    },
    {
        "equity_ticker": "KDP",
        "geography": "US",
        "content_name": "KDP Q1 2023 Press Release",
        "file_type": "pdf",
        "content_type": "earnings_press_release",
        "published_date": "2023-04-27",
        "fiscal_date": "2023-04-27",
        "fiscal_year": 2023,
        "fiscal_quarter": 1,
        "r2_url": "https://pub-2c783279b61043e19fbdadd1bee5153a.r2.dev/KDP/2023-04-27/eecc0-2023-04-27-11-02-07/eecc0-2023-04-27-11-02-07.pdf/eecc0-2023-04-27-11-02-07.pdf",
        "periodicity": "periodic"
    },
    {
        "equity_ticker": "KDP",
        "geography": "US",
        "content_name": "KDP Q4 2022 Transcript",
        "file_type": "pdf",
        "content_type": "earnings_transcript",
        "published_date": "2023-02-23",
        "fiscal_date": "2023-02-23",
        "fiscal_year": 2022,
        "fiscal_quarter": 4,
        "r2_url": "https://pub-2c783279b61043e19fbdadd1bee5153a.r2.dev/KDP/2023-02-23/Keurig%20Dr%20Pepper%20Inc._2023-02-23_transcript/Keurig%20Dr%20Pepper%20Inc._2023-02-23_transcript.pdf/Keurig%20Dr%20Pepper%20Inc._2023-02-23_transcript.pdf",
        "periodicity": "periodic"
    },
    {
        "equity_ticker": "KDP",
        "geography": "US",
        "content_name": "KDP Q4 2022 Press Release",
        "file_type": "pdf",
        "content_type": "earnings_press_release",
        "published_date": "2023-02-23",
        "fiscal_date": "2023-02-23",
        "fiscal_year": 2022,
        "fiscal_quarter": 4,
        "r2_url": "https://pub-2c783279b61043e19fbdadd1bee5153a.r2.dev/KDP/2023-02-23/dc2fa-2023-02-23-12-53-14/dc2fa-2023-02-23-12-53-14.pdf/dc2fa-2023-02-23-12-53-14.pdf",
        "periodicity": "periodic"
    },
    {
        "equity_ticker": "KDP",
        "geography": "US",
        "content_name": "KDP Q3 2022 Transcript",
        "file_type": "pdf",
        "content_type": "earnings_transcript",
        "published_date": "2022-10-27",
        "fiscal_date": "2022-10-27",
        "fiscal_year": 2022,
        "fiscal_quarter": 3,
        "r2_url": "https://pub-2c783279b61043e19fbdadd1bee5153a.r2.dev/KDP/2022-10-27/Keurig%20Dr%20Pepper%20Inc._2022-10-27_transcript/Keurig%20Dr%20Pepper%20Inc._2022-10-27_transcript.pdf/Keurig%20Dr%20Pepper%20Inc._2022-10-27_transcript.pdf",
        "periodicity": "periodic"
    },
    {
        "equity_ticker": "KDP",
        "geography": "US",
        "content_name": "KDP Q3 2022 Press Release",
        "file_type": "pdf",
        "content_type": "earnings_press_release",
        "published_date": "2022-10-27",
        "fiscal_date": "2022-10-27",
        "fiscal_year": 2022,
        "fiscal_quarter": 3,
        "r2_url": "https://pub-2c783279b61043e19fbdadd1bee5153a.r2.dev/KDP/2022-10-27/2e858-2022-10-27-11-44-13/2e858-2022-10-27-11-44-13.pdf/2e858-2022-10-27-11-44-13.pdf",
        "periodicity": "periodic"
    },
    {
        "equity_ticker": "KDP",
        "geography": "US",
        "content_name": "KDP Q2 2022 Transcript",
        "file_type": "pdf",
        "content_type": "earnings_transcript",
        "published_date": "2022-07-27",
        "fiscal_date": "2022-07-27",
        "fiscal_year": 2022,
        "fiscal_quarter": 2,
        "r2_url": "https://pub-2c783279b61043e19fbdadd1bee5153a.r2.dev/KDP/2022-07-27/Keurig%20Dr%20Pepper%20Inc._2022-07-27_transcript/Keurig%20Dr%20Pepper%20Inc._2022-07-27_transcript.pdf/Keurig%20Dr%20Pepper%20Inc._2022-07-27_transcript.pdf",
        "periodicity": "periodic"
    },
    {
        "equity_ticker": "KDP",
        "geography": "US",
        "content_name": "KDP Q2 2022 Press Release",
        "file_type": "pdf",
        "content_type": "earnings_press_release",
        "published_date": "2022-07-27",
        "fiscal_date": "2022-07-27",
        "fiscal_year": 2022,
        "fiscal_quarter": 2,
        "r2_url": "https://pub-2c783279b61043e19fbdadd1bee5153a.r2.dev/KDP/2022-07-27/13daa-2022-07-28-11-47-13/13daa-2022-07-28-11-47-13.pdf/13daa-2022-07-28-11-47-13.pdf",
        "periodicity": "periodic"
    },
    {
        "equity_ticker": "KDP",
        "geography": "US",
        "content_name": "KDP Q1 2022 Transcript",
        "file_type": "pdf",
        "content_type": "earnings_transcript",
        "published_date": "2022-04-28",
        "fiscal_date": "2022-04-28",
        "fiscal_year": 2022,
        "fiscal_quarter": 1,
        "r2_url": "https://pub-2c783279b61043e19fbdadd1bee5153a.r2.dev/KDP/2022-04-28/Keurig%20Dr%20Pepper%20Inc._2022-04-28_transcript/Keurig%20Dr%20Pepper%20Inc._2022-04-28_transcript.pdf/Keurig%20Dr%20Pepper%20Inc._2022-04-28_transcript.pdf",
        "periodicity": "periodic"
    },
    {
        "equity_ticker": "KDP",
        "geography": "US",
        "content_name": "KDP Q1 2022 Press Release",
        "file_type": "pdf",
        "content_type": "earnings_press_release",
        "published_date": "2022-04-28",
        "fiscal_date": "2022-04-28",
        "fiscal_year": 2022,
        "fiscal_quarter": 1,
        "r2_url": "https://pub-2c783279b61043e19fbdadd1bee5153a.r2.dev/KDP/2022-04-28/c01e0-2023-01-25-01-20-18/c01e0-2023-01-25-01-20-18.pdf/c01e0-2023-01-25-01-20-18.pdf",
        "periodicity": "periodic"
    },
    {
        "equity_ticker": "KDP",
        "geography": "US",
        "content_name": "KDP Q4 2021 Transcript",
        "file_type": "pdf",
        "content_type": "earnings_transcript",
        "published_date": "2022-02-24",
        "fiscal_date": "2022-02-24",
        "fiscal_year": 2021,
        "fiscal_quarter": 4,
        "r2_url": "https://pub-2c783279b61043e19fbdadd1bee5153a.r2.dev/KDP/2022-02-24/Keurig%20Dr%20Pepper%20Inc._2022-02-24_transcript/Keurig%20Dr%20Pepper%20Inc._2022-02-24_transcript.pdf/Keurig%20Dr%20Pepper%20Inc._2022-02-24_transcript.pdf",
        "periodicity": "periodic"
    },
    {
        "equity_ticker": "KDP",
        "geography": "US",
        "content_name": "KDP Q3 2021 Transcript",
        "file_type": "pdf",
        "content_type": "earnings_transcript",
        "published_date": "2021-10-28",
        "fiscal_date": "2021-10-28",
        "fiscal_year": 2021,
        "fiscal_quarter": 3,
        "r2_url": "https://pub-2c783279b61043e19fbdadd1bee5153a.r2.dev/KDP/2021-10-28/Keurig%20Dr%20Pepper%20Inc._2021-10-28_transcript/Keurig%20Dr%20Pepper%20Inc._2021-10-28_transcript.pdf/Keurig%20Dr%20Pepper%20Inc._2021-10-28_transcript.pdf",
        "periodicity": "periodic"
    },
    {
        "equity_ticker": "KDP",
        "geography": "US",
        "content_name": "KDP Q3 2021 Press Release",
        "file_type": "pdf",
        "content_type": "quarterly_report",
        "published_date": "2021-10-28",
        "fiscal_date": "2021-10-28",
        "fiscal_year": 2021,
        "fiscal_quarter": 3,
        "r2_url": "https://pub-2c783279b61043e19fbdadd1bee5153a.r2.dev/KDP/2021-10-28/028a1-2024-08-29-11-30-30/028a1-2024-08-29-11-30-30.pdf/028a1-2024-08-29-11-30-30.pdf",
        "periodicity": "periodic"
    },
    {
        "equity_ticker": "KDP",
        "geography": "US",
        "content_name": "Investor Day 2021 - October 1, 2021",
        "file_type": "pdf",
        "content_type": "company_conference_transcript",
        "published_date": "2021-10-01",
        "fiscal_date": "2021-10-01",
        "fiscal_year": null,
        "fiscal_quarter": null,
        "r2_url": "https://pub-2c783279b61043e19fbdadd1bee5153a.r2.dev/KDP/2021-10-01/Keurig%20Dr%20Pepper%20Inc._2021-10-01_transcript/Keurig%20Dr%20Pepper%20Inc._2021-10-01_transcript.pdf/Keurig%20Dr%20Pepper%20Inc._2021-10-01_transcript.pdf",
        "periodicity": "non_periodic"
    },
    {
        "equity_ticker": "KDP",
        "geography": "US",
        "content_name": "Investor Day 2021 - October 1, 2021",
        "file_type": "pdf",
        "content_type": "company_conference_presentation",
        "published_date": "2021-10-01",
        "fiscal_date": "2021-10-01",
        "fiscal_year": null,
        "fiscal_quarter": null,
        "r2_url": "https://pub-2c783279b61043e19fbdadd1bee5153a.r2.dev/KDP/2021-10-01/5117d-2021-10-01-12-00-00-migrated/5117d-2021-10-01-12-00-00-migrated.pdf/5117d-2021-10-01-12-00-00-migrated.pdf",
        "periodicity": "non_periodic"
    },
    {
        "equity_ticker": "KDP",
        "geography": "US",
        "content_name": "KDP Q2 2021 Transcript",
        "file_type": "pdf",
        "content_type": "earnings_transcript",
        "published_date": "2021-07-29",
        "fiscal_date": "2021-07-29",
        "fiscal_year": 2021,
        "fiscal_quarter": 2,
        "r2_url": "https://pub-2c783279b61043e19fbdadd1bee5153a.r2.dev/KDP/2021-07-29/Keurig%20Dr%20Pepper%20Inc._2021-07-29_transcript/Keurig%20Dr%20Pepper%20Inc._2021-07-29_transcript.pdf/Keurig%20Dr%20Pepper%20Inc._2021-07-29_transcript.pdf",
        "periodicity": "periodic"
    },
    {
        "equity_ticker": "KDP",
        "geography": "US",
        "content_name": "KDP Q2 2021 Press Release",
        "file_type": "pdf",
        "content_type": "earnings_press_release",
        "published_date": "2021-07-29",
        "fiscal_date": "2021-07-29",
        "fiscal_year": 2021,
        "fiscal_quarter": 2,
        "r2_url": "https://pub-2c783279b61043e19fbdadd1bee5153a.r2.dev/KDP/2021-07-29/f1928-2023-01-25-09-55-32/f1928-2023-01-25-09-55-32.pdf/f1928-2023-01-25-09-55-32.pdf",
        "periodicity": "periodic"
    },
    {
        "equity_ticker": "KDP",
        "geography": "US",
        "content_name": "KDP Q1 2021 Transcript",
        "file_type": "pdf",
        "content_type": "earnings_transcript",
        "published_date": "2021-04-29",
        "fiscal_date": "2021-04-29",
        "fiscal_year": 2021,
        "fiscal_quarter": 1,
        "r2_url": "https://pub-2c783279b61043e19fbdadd1bee5153a.r2.dev/KDP/2021-04-29/Keurig%20Dr%20Pepper%20Inc._2021-04-29_transcript/Keurig%20Dr%20Pepper%20Inc._2021-04-29_transcript.pdf/Keurig%20Dr%20Pepper%20Inc._2021-04-29_transcript.pdf",
        "periodicity": "periodic"
    },
    {
        "equity_ticker": "KDP",
        "geography": "US",
        "content_name": "KDP Q4 2020 Transcript",
        "file_type": "pdf",
        "content_type": "earnings_transcript",
        "published_date": "2021-02-25",
        "fiscal_date": "2021-02-25",
        "fiscal_year": 2020,
        "fiscal_quarter": 4,
        "r2_url": "https://pub-2c783279b61043e19fbdadd1bee5153a.r2.dev/KDP/2021-02-25/Keurig%20Dr%20Pepper%20Inc._2021-02-25_transcript/Keurig%20Dr%20Pepper%20Inc._2021-02-25_transcript.pdf/Keurig%20Dr%20Pepper%20Inc._2021-02-25_transcript.pdf",
        "periodicity": "periodic"
    },
    {
        "equity_ticker": "KDP",
        "geography": "US",
        "content_name": "KDP Q4 2020 Press Release",
        "file_type": "pdf",
        "content_type": "annual_report",
        "published_date": "2021-02-25",
        "fiscal_date": "2021-02-25",
        "fiscal_year": 2020,
        "fiscal_quarter": 4,
        "r2_url": "https://pub-2c783279b61043e19fbdadd1bee5153a.r2.dev/KDP/2021-02-25/7d1a2-2023-09-05-04-45-09/7d1a2-2023-09-05-04-45-09.pdf/7d1a2-2023-09-05-04-45-09.pdf",
        "periodicity": "periodic"
    },
    {
        "equity_ticker": "KDP",
        "geography": "US",
        "content_name": "KDP Q3 2020 Transcript",
        "file_type": "pdf",
        "content_type": "earnings_transcript",
        "published_date": "2020-10-29",
        "fiscal_date": "2020-10-29",
        "fiscal_year": 2020,
        "fiscal_quarter": 3,
        "r2_url": "https://pub-2c783279b61043e19fbdadd1bee5153a.r2.dev/KDP/2020-10-29/Keurig%20Dr%20Pepper%20Inc._2020-10-29_transcript/Keurig%20Dr%20Pepper%20Inc._2020-10-29_transcript.pdf/Keurig%20Dr%20Pepper%20Inc._2020-10-29_transcript.pdf",
        "periodicity": "periodic"
    },
    {
        "equity_ticker": "KDP",
        "geography": "US",
        "content_name": "KDP Q2 2020 Transcript",
        "file_type": "pdf",
        "content_type": "earnings_transcript",
        "published_date": "2020-07-30",
        "fiscal_date": "2020-07-30",
        "fiscal_year": 2020,
        "fiscal_quarter": 2,
        "r2_url": "https://pub-2c783279b61043e19fbdadd1bee5153a.r2.dev/KDP/2020-07-30/Keurig%20Dr%20Pepper%20Inc._2020-07-30_transcript/Keurig%20Dr%20Pepper%20Inc._2020-07-30_transcript.pdf/Keurig%20Dr%20Pepper%20Inc._2020-07-30_transcript.pdf",
        "periodicity": "periodic"
    },
    {
        "equity_ticker": "KDP",
        "geography": "US",
        "content_name": "KDP Q1 2020 Transcript",
        "file_type": "pdf",
        "content_type": "earnings_transcript",
        "published_date": "2020-04-27",
        "fiscal_date": "2020-04-27",
        "fiscal_year": 2020,
        "fiscal_quarter": 1,
        "r2_url": "https://pub-2c783279b61043e19fbdadd1bee5153a.r2.dev/KDP/2020-04-27/Keurig%20Dr%20Pepper%20Inc._2020-04-27_transcript/Keurig%20Dr%20Pepper%20Inc._2020-04-27_transcript.pdf/Keurig%20Dr%20Pepper%20Inc._2020-04-27_transcript.pdf",
        "periodicity": "periodic"
    },
    {
        "equity_ticker": "KDP",
        "geography": "US",
        "content_name": "KDP Q4 2019 Transcript",
        "file_type": "pdf",
        "content_type": "earnings_transcript",
        "published_date": "2020-02-27",
        "fiscal_date": "2020-02-27",
        "fiscal_year": 2019,
        "fiscal_quarter": 4,
        "r2_url": "https://pub-2c783279b61043e19fbdadd1bee5153a.r2.dev/KDP/2020-02-27/Keurig%20Dr%20Pepper%20Inc._2020-02-27_transcript/Keurig%20Dr%20Pepper%20Inc._2020-02-27_transcript.pdf/Keurig%20Dr%20Pepper%20Inc._2020-02-27_transcript.pdf",
        "periodicity": "periodic"
    },
    {
        "equity_ticker": "KDP",
        "geography": "US",
        "content_name": "KDP Q4 2019 Press Release",
        "file_type": "pdf",
        "content_type": "annual_report",
        "published_date": "2020-02-27",
        "fiscal_date": "2020-02-27",
        "fiscal_year": 2019,
        "fiscal_quarter": 4,
        "r2_url": "https://pub-2c783279b61043e19fbdadd1bee5153a.r2.dev/KDP/2020-02-27/385f3-2023-09-05-04-00-10/385f3-2023-09-05-04-00-10.pdf/385f3-2023-09-05-04-00-10.pdf",
        "periodicity": "periodic"
    },
    {
        "equity_ticker": "KDP",
        "geography": "US",
        "content_name": "KDP Q3 2019 Transcript",
        "file_type": "pdf",
        "content_type": "earnings_transcript",
        "published_date": "2019-11-07",
        "fiscal_date": "2019-11-07",
        "fiscal_year": 2019,
        "fiscal_quarter": 3,
        "r2_url": "https://pub-2c783279b61043e19fbdadd1bee5153a.r2.dev/KDP/2019-11-07/Keurig%20Dr%20Pepper%20Inc._2019-11-07_transcript/Keurig%20Dr%20Pepper%20Inc._2019-11-07_transcript.pdf/Keurig%20Dr%20Pepper%20Inc._2019-11-07_transcript.pdf",
        "periodicity": "periodic"
    },
    {
        "equity_ticker": "KDP",
        "geography": "US",
        "content_name": "KDP Q2 2019 Transcript",
        "file_type": "pdf",
        "content_type": "earnings_transcript",
        "published_date": "2019-08-08",
        "fiscal_date": "2019-08-08",
        "fiscal_year": 2019,
        "fiscal_quarter": 2,
        "r2_url": "https://pub-2c783279b61043e19fbdadd1bee5153a.r2.dev/KDP/2019-08-08/Keurig%20Dr%20Pepper%20Inc._2019-08-08_transcript/Keurig%20Dr%20Pepper%20Inc._2019-08-08_transcript.pdf/Keurig%20Dr%20Pepper%20Inc._2019-08-08_transcript.pdf",
        "periodicity": "periodic"
    },
    {
        "equity_ticker": "KDP",
        "geography": "US",
        "content_name": "KDP Q1 2019 Transcript",
        "file_type": "pdf",
        "content_type": "earnings_transcript",
        "published_date": "2019-05-09",
        "fiscal_date": "2019-05-09",
        "fiscal_year": 2019,
        "fiscal_quarter": 1,
        "r2_url": "https://pub-2c783279b61043e19fbdadd1bee5153a.r2.dev/KDP/2019-05-09/Keurig%20Dr%20Pepper%20Inc._2019-05-09_transcript/Keurig%20Dr%20Pepper%20Inc._2019-05-09_transcript.pdf/Keurig%20Dr%20Pepper%20Inc._2019-05-09_transcript.pdf",
        "periodicity": "periodic"
    },
    {
        "equity_ticker": "KDP",
        "geography": "US",
        "content_name": "KDP Q4 2018 Transcript",
        "file_type": "pdf",
        "content_type": "earnings_transcript",
        "published_date": "2019-02-28",
        "fiscal_date": "2019-02-28",
        "fiscal_year": 2018,
        "fiscal_quarter": 4,
        "r2_url": "https://pub-2c783279b61043e19fbdadd1bee5153a.r2.dev/KDP/2019-02-28/Keurig%20Dr%20Pepper%20Inc._2019-02-28_transcript/Keurig%20Dr%20Pepper%20Inc._2019-02-28_transcript.pdf/Keurig%20Dr%20Pepper%20Inc._2019-02-28_transcript.pdf",
        "periodicity": "periodic"
    },
    {
        "equity_ticker": "KDP",
        "geography": "US",
        "content_name": "KDP Q4 2018 Press Release",
        "file_type": "pdf",
        "content_type": "annual_report",
        "published_date": "2019-02-28",
        "fiscal_date": "2019-02-28",
        "fiscal_year": 2018,
        "fiscal_quarter": 4,
        "r2_url": "https://pub-2c783279b61043e19fbdadd1bee5153a.r2.dev/KDP/2019-02-28/2c4a4-2023-09-05-04-17-10/2c4a4-2023-09-05-04-17-10.pdf/2c4a4-2023-09-05-04-17-10.pdf",
        "periodicity": "periodic"
    },
    {
        "equity_ticker": "KDP",
        "geography": "US",
        "content_name": "KDP Q3 2018 Transcript",
        "file_type": "pdf",
        "content_type": "earnings_transcript",
        "published_date": "2018-11-07",
        "fiscal_date": "2018-11-07",
        "fiscal_year": 2018,
        "fiscal_quarter": 3,
        "r2_url": "https://pub-2c783279b61043e19fbdadd1bee5153a.r2.dev/KDP/2018-11-07/Keurig%20Dr%20Pepper%20Inc._2018-11-07_transcript/Keurig%20Dr%20Pepper%20Inc._2018-11-07_transcript.pdf/Keurig%20Dr%20Pepper%20Inc._2018-11-07_transcript.pdf",
        "periodicity": "periodic"
    },
    {
        "equity_ticker": "KDP",
        "geography": "US",
        "content_name": "KDP Q4 2024 10-K",
        "file_type": "pdf",
        "content_type": "annual_report",
        "published_date": "2025-02-25",
        "fiscal_date": "2024-12-31",
        "fiscal_year": 2024,
        "fiscal_quarter": 4,
        "r2_url": "https://pub-2c783279b61043e19fbdadd1bee5153a.r2.dev/KDP/2025-02-25/kdp-20241231.htm/kdp-20241231.pdf",
        "periodicity": "periodic"
      },
      {
        "equity_ticker": "KDP",
        "geography": "US",
        "content_name": "KDP Q3 2024 10-Q",
        "file_type": "pdf",
        "content_type": "quarterly_report",
        "published_date": "2024-10-24",
        "fiscal_date": "2024-09-30",
        "fiscal_year": 2024,
        "fiscal_quarter": 3,
        "r2_url": "https://pub-2c783279b61043e19fbdadd1bee5153a.r2.dev/KDP/2024-10-24/kdp-20240930.htm/kdp-20240930.pdf",
        "periodicity": "periodic"
      },
      {
        "equity_ticker": "KDP",
        "geography": "US",
        "content_name": "KDP Q2 2024 10-Q",
        "file_type": "pdf",
        "content_type": "quarterly_report",
        "published_date": "2024-07-25",
        "fiscal_date": "2024-06-30",
        "fiscal_year": 2024,
        "fiscal_quarter": 2,
        "r2_url": "https://pub-2c783279b61043e19fbdadd1bee5153a.r2.dev/KDP/2024-07-25/kdp-20240630.htm/kdp-20240630.pdf",
        "periodicity": "periodic"
      },
      {
        "equity_ticker": "KDP",
        "geography": "US",
        "content_name": "KDP Q1 2024 10-Q",
        "file_type": "pdf",
        "content_type": "quarterly_report",
        "published_date": "2024-04-25",
        "fiscal_date": "2024-03-31",
        "fiscal_year": 2024,
        "fiscal_quarter": 1,
        "r2_url": "https://pub-2c783279b61043e19fbdadd1bee5153a.r2.dev/KDP/2024-04-25/kdp-20240331.htm/kdp-20240331.pdf",
        "periodicity": "periodic"
      },
      {
        "equity_ticker": "KDP",
        "geography": "US",
        "content_name": "KDP Q4 2023 10-K",
        "file_type": "pdf",
        "content_type": "annual_report",
        "published_date": "2024-02-22",
        "fiscal_date": "2023-12-31",
        "fiscal_year": 2023,
        "fiscal_quarter": 4,
        "r2_url": "https://pub-2c783279b61043e19fbdadd1bee5153a.r2.dev/KDP/2024-02-22/kdp-20231231.htm/kdp-20231231.pdf",
        "periodicity": "periodic"
      },
      {
        "equity_ticker": "KDP",
        "geography": "US",
        "content_name": "KDP Q3 2023 10-Q",
        "file_type": "pdf",
        "content_type": "quarterly_report",
        "published_date": "2023-10-26",
        "fiscal_date": "2023-09-30",
        "fiscal_year": 2023,
        "fiscal_quarter": 3,
        "r2_url": "https://pub-2c783279b61043e19fbdadd1bee5153a.r2.dev/KDP/2023-10-26/kdp-20230930.htm/kdp-20230930.pdf",
        "periodicity": "periodic"
      },
      {
        "equity_ticker": "KDP",
        "geography": "US",
        "content_name": "KDP Q2 2023 10-Q",
        "file_type": "pdf",
        "content_type": "quarterly_report",
        "published_date": "2023-07-27",
        "fiscal_date": "2023-06-30",
        "fiscal_year": 2023,
        "fiscal_quarter": 2,
        "r2_url": "https://pub-2c783279b61043e19fbdadd1bee5153a.r2.dev/KDP/2023-07-27/kdp-20230630.htm/kdp-20230630.pdf",
        "periodicity": "periodic"
      },
      {
        "equity_ticker": "KDP",
        "geography": "US",
        "content_name": "KDP Q1 2023 10-Q",
        "file_type": "pdf",
        "content_type": "quarterly_report",
        "published_date": "2023-04-27",
        "fiscal_date": "2023-03-31",
        "fiscal_year": 2023,
        "fiscal_quarter": 1,
        "r2_url": "https://pub-2c783279b61043e19fbdadd1bee5153a.r2.dev/KDP/2023-04-27/kdp-20230331.htm/kdp-20230331.pdf",
        "periodicity": "periodic"
      },
      {
        "equity_ticker": "KDP",
        "geography": "US",
        "content_name": "KDP Q4 2022 10-K",
        "file_type": "pdf",
        "content_type": "annual_report",
        "published_date": "2023-02-23",
        "fiscal_date": "2022-12-31",
        "fiscal_year": 2022,
        "fiscal_quarter": 4,
        "r2_url": "https://pub-2c783279b61043e19fbdadd1bee5153a.r2.dev/KDP/2023-02-23/kdp-20221231.htm/kdp-20221231.pdf",
        "periodicity": "periodic"
      },
      {
        "equity_ticker": "KDP",
        "geography": "US",
        "content_name": "KDP Q3 2022 10-Q",
        "file_type": "pdf",
        "content_type": "quarterly_report",
        "published_date": "2022-10-27",
        "fiscal_date": "2022-09-30",
        "fiscal_year": 2022,
        "fiscal_quarter": 3,
        "r2_url": "https://pub-2c783279b61043e19fbdadd1bee5153a.r2.dev/KDP/2022-10-27/kdp-20220930.htm/kdp-20220930.pdf",
        "periodicity": "periodic"
      },
      {
        "equity_ticker": "KDP",
        "geography": "US",
        "content_name": "KDP Q2 2022 10-Q",
        "file_type": "pdf",
        "content_type": "quarterly_report",
        "published_date": "2022-07-28",
        "fiscal_date": "2022-06-30",
        "fiscal_year": 2022,
        "fiscal_quarter": 2,
        "r2_url": "https://pub-2c783279b61043e19fbdadd1bee5153a.r2.dev/KDP/2022-07-28/kdp-20220630.htm/kdp-20220630.pdf",
        "periodicity": "periodic"
      },
      {
        "equity_ticker": "KDP",
        "geography": "US",
        "content_name": "KDP Q1 2022 10-Q",
        "file_type": "pdf",
        "content_type": "quarterly_report",
        "published_date": "2022-04-28",
        "fiscal_date": "2022-03-31",
        "fiscal_year": 2022,
        "fiscal_quarter": 1,
        "r2_url": "https://pub-2c783279b61043e19fbdadd1bee5153a.r2.dev/KDP/2022-04-28/kdp-20220331.htm/kdp-20220331.pdf",
        "periodicity": "periodic"
      },
      {
        "equity_ticker": "KDP",
        "geography": "US",
        "content_name": "KDP Q4 2021 10-K",
        "file_type": "pdf",
        "content_type": "annual_report",
        "published_date": "2022-02-24",
        "fiscal_date": "2021-12-31",
        "fiscal_year": 2021,
        "fiscal_quarter": 4,
        "r2_url": "https://pub-2c783279b61043e19fbdadd1bee5153a.r2.dev/KDP/2022-02-24/kdp-20211231.htm/kdp-20211231.pdf",
        "periodicity": "periodic"
      },
      {
        "equity_ticker": "KDP",
        "geography": "US",
        "content_name": "KDP Q3 2021 10-Q",
        "file_type": "pdf",
        "content_type": "quarterly_report",
        "published_date": "2021-10-28",
        "fiscal_date": "2021-09-30",
        "fiscal_year": 2021,
        "fiscal_quarter": 3,
        "r2_url": "https://pub-2c783279b61043e19fbdadd1bee5153a.r2.dev/KDP/2021-10-28/kdp-20210930.htm/kdp-20210930.pdf",
        "periodicity": "periodic"
      },
      {
        "equity_ticker": "KDP",
        "geography": "US",
        "content_name": "KDP Q2 2021 10-Q",
        "file_type": "pdf",
        "content_type": "quarterly_report",
        "published_date": "2021-07-29",
        "fiscal_date": "2021-06-30",
        "fiscal_year": 2021,
        "fiscal_quarter": 2,
        "r2_url": "https://pub-2c783279b61043e19fbdadd1bee5153a.r2.dev/KDP/2021-07-29/kdp-20210630.htm/kdp-20210630.pdf",
        "periodicity": "periodic"
      },
      {
        "equity_ticker": "KDP",
        "geography": "US",
        "content_name": "KDP Q1 2021 10-Q",
        "file_type": "pdf",
        "content_type": "quarterly_report",
        "published_date": "2021-04-29",
        "fiscal_date": "2021-03-31",
        "fiscal_year": 2021,
        "fiscal_quarter": 1,
        "r2_url": "https://pub-2c783279b61043e19fbdadd1bee5153a.r2.dev/KDP/2021-04-29/kdp-20210331.htm/kdp-20210331.pdf",
        "periodicity": "periodic"
      },
      {
        "equity_ticker": "KDP",
        "geography": "US",
        "content_name": "KDP Q4 2020 10-K",
        "file_type": "pdf",
        "content_type": "annual_report",
        "published_date": "2021-02-25",
        "fiscal_date": "2020-12-31",
        "fiscal_year": 2020,
        "fiscal_quarter": 4,
        "r2_url": "https://pub-2c783279b61043e19fbdadd1bee5153a.r2.dev/KDP/2021-02-25/kdp-20201231.htm/kdp-20201231.pdf",
        "periodicity": "periodic"
      },
      {
        "equity_ticker": "KDP",
        "geography": "US",
        "content_name": "KDP Q3 2020 10-Q",
        "file_type": "pdf",
        "content_type": "quarterly_report",
        "published_date": "2020-10-29",
        "fiscal_date": "2020-09-30",
        "fiscal_year": 2020,
        "fiscal_quarter": 3,
        "r2_url": "https://pub-2c783279b61043e19fbdadd1bee5153a.r2.dev/KDP/2020-10-29/kdp-10qx93020.htm/kdp-10qx93020.pdf",
        "periodicity": "periodic"
      },
      {
        "equity_ticker": "KDP",
        "geography": "US",
        "content_name": "KDP Q2 2020 10-Q",
        "file_type": "pdf",
        "content_type": "quarterly_report",
        "published_date": "2020-07-30",
        "fiscal_date": "2020-06-30",
        "fiscal_year": 2020,
        "fiscal_quarter": 2,
        "r2_url": "https://pub-2c783279b61043e19fbdadd1bee5153a.r2.dev/KDP/2020-07-30/kdp-10qx63020.htm/ix.pdf",
        "periodicity": "periodic"
      },
      {
        "equity_ticker": "KDP",
        "geography": "US",
        "content_name": "KDP Q1 2020 10-Q",
        "file_type": "pdf",
        "content_type": "quarterly_report",
        "published_date": "2020-04-30",
        "fiscal_date": "2020-03-31",
        "fiscal_year": 2020,
        "fiscal_quarter": 1,
        "r2_url": "https://pub-2c783279b61043e19fbdadd1bee5153a.r2.dev/KDP/2020-04-30/kdp-10qx33120.htm/ix.pdf",
        "periodicity": "periodic"
      },
      {
        "equity_ticker": "KDP",
        "geography": "US",
        "content_name": "KDP Q4 2019 10-K",
        "file_type": "pdf",
        "content_type": "annual_report",
        "published_date": "2020-02-27",
        "fiscal_date": "2019-12-31",
        "fiscal_year": 2019,
        "fiscal_quarter": 4,
        "r2_url": "https://pub-2c783279b61043e19fbdadd1bee5153a.r2.dev/KDP/2020-02-27/kdp-10kx12312019.htm/ix.pdf",
        "periodicity": "periodic"
      },
      {
        "equity_ticker": "KDP",
        "geography": "US",
        "content_name": "KDP Q3 2019 10-Q",
        "file_type": "pdf",
        "content_type": "quarterly_report",
        "published_date": "2019-11-07",
        "fiscal_date": "2019-09-30",
        "fiscal_year": 2019,
        "fiscal_quarter": 3,
        "r2_url": "https://pub-2c783279b61043e19fbdadd1bee5153a.r2.dev/KDP/2019-11-07/kdp-10qx93019.htm/ix.pdf",
        "periodicity": "periodic"
      },
      {
        "equity_ticker": "KDP",
        "geography": "US",
        "content_name": "KDP Q2 2019 10-Q",
        "file_type": "pdf",
        "content_type": "quarterly_report",
        "published_date": "2019-08-08",
        "fiscal_date": "2019-06-30",
        "fiscal_year": 2019,
        "fiscal_quarter": 2,
        "r2_url": "https://pub-2c783279b61043e19fbdadd1bee5153a.r2.dev/KDP/2019-08-08/kdp-10qx63019.htm/ix.pdf",
        "periodicity": "periodic"
      },
      {
        "equity_ticker": "KDP",
        "geography": "US",
        "content_name": "KDP Q1 2019 10-Q",
        "file_type": "pdf",
        "content_type": "quarterly_report",
        "published_date": "2019-05-09",
        "fiscal_date": "2019-03-31",
        "fiscal_year": 2019,
        "fiscal_quarter": 1,
        "r2_url": "https://pub-2c783279b61043e19fbdadd1bee5153a.r2.dev/KDP/2019-05-09/kdp-10qx3312019.htm/kdp-10qx3312019.pdf",
        "periodicity": "periodic"
      },
      {
        "equity_ticker": "KDP",
        "geography": "US",
        "content_name": "KDP Q4 2018 10-K",
        "file_type": "pdf",
        "content_type": "annual_report",
        "published_date": "2019-02-28",
        "fiscal_date": "2018-12-31",
        "fiscal_year": 2018,
        "fiscal_quarter": 4,
        "r2_url": "https://pub-2c783279b61043e19fbdadd1bee5153a.r2.dev/KDP/2019-02-28/kdp-10kx12312018.htm/kdp-10kx12312018.pdf",
        "periodicity": "periodic"
      },
      {
        "equity_ticker": "KDP",
        "geography": "US",
        "content_name": "KDP Q3 2018 10-Q",
        "file_type": "pdf",
        "content_type": "quarterly_report",
        "published_date": "2018-11-07",
        "fiscal_date": "2018-09-30",
        "fiscal_year": 2018,
        "fiscal_quarter": 3,
        "r2_url": "https://pub-2c783279b61043e19fbdadd1bee5153a.r2.dev/KDP/2018-11-07/kdp-10qx09302018.htm/kdp-10qx09302018.pdf",
        "periodicity": "periodic"
      },
      {
        "equity_ticker": "KDP",
        "geography": "US",
        "content_name": "KDP Q2 2018 10-Q",
        "file_type": "pdf",
        "content_type": "quarterly_report",
        "published_date": "2018-08-08",
        "fiscal_date": "2018-06-30",
        "fiscal_year": 2018,
        "fiscal_quarter": 2,
        "r2_url": "https://pub-2c783279b61043e19fbdadd1bee5153a.r2.dev/KDP/2018-08-08/dps-10qx063018.htm/dps-10qx063018.pdf",
        "periodicity": "periodic"
      },
      {
        "equity_ticker": "KDP",
        "geography": "US",
        "content_name": "KDP Q1 2018 10-Q",
        "file_type": "pdf",
        "content_type": "quarterly_report",
        "published_date": "2018-04-25",
        "fiscal_date": "2018-03-31",
        "fiscal_year": 2018,
        "fiscal_quarter": 1,
        "r2_url": "https://pub-2c783279b61043e19fbdadd1bee5153a.r2.dev/KDP/2018-04-25/dps-10qx033118.htm/dps-10qx033118.pdf",
        "periodicity": "periodic"
      },
      {
        "equity_ticker": "KDP",
        "geography": "US",
        "content_name": "KDP Q4 2017 10-K",
        "file_type": "pdf",
        "content_type": "annual_report",
        "published_date": "2018-02-14",
        "fiscal_date": "2017-12-31",
        "fiscal_year": 2017,
        "fiscal_quarter": 4,
        "r2_url": "https://pub-2c783279b61043e19fbdadd1bee5153a.r2.dev/KDP/2018-02-14/dps-10kx123117.htm/dps-10kx123117.pdf",
        "periodicity": "periodic"
      },
      {
        "equity_ticker": "KDP",
        "geography": "US",
        "content_name": "KDP Q3 2017 10-Q",
        "file_type": "pdf",
        "content_type": "quarterly_report",
        "published_date": "2017-10-25",
        "fiscal_date": "2017-09-30",
        "fiscal_year": 2017,
        "fiscal_quarter": 3,
        "r2_url": "https://pub-2c783279b61043e19fbdadd1bee5153a.r2.dev/KDP/2017-10-25/dps-10qx093017.htm/dps-10qx093017.pdf",
        "periodicity": "periodic"
      },
      {
        "equity_ticker": "KDP",
        "geography": "US",
        "content_name": "KDP Q2 2017 10-Q",
        "file_type": "pdf",
        "content_type": "quarterly_report",
        "published_date": "2017-07-27",
        "fiscal_date": "2017-06-30",
        "fiscal_year": 2017,
        "fiscal_quarter": 2,
        "r2_url": "https://pub-2c783279b61043e19fbdadd1bee5153a.r2.dev/KDP/2017-07-27/dps-10qx063017.htm/dps-10qx063017.pdf",
        "periodicity": "periodic"
      },
      {
        "equity_ticker": "KDP",
        "geography": "US",
        "content_name": "KDP Q1 2017 10-Q",
        "file_type": "pdf",
        "content_type": "quarterly_report",
        "published_date": "2017-04-26",
        "fiscal_date": "2017-03-31",
        "fiscal_year": 2017,
        "fiscal_quarter": 1,
        "r2_url": "https://pub-2c783279b61043e19fbdadd1bee5153a.r2.dev/KDP/2017-04-26/dps-10qx033117.htm/dps-10qx033117.pdf",
        "periodicity": "periodic"
      },
      {
        "equity_ticker": "KDP",
        "geography": "US",
        "content_name": "KDP Q4 2016 10-K",
        "file_type": "pdf",
        "content_type": "annual_report",
        "published_date": "2017-02-14",
        "fiscal_date": "2016-12-31",
        "fiscal_year": 2016,
        "fiscal_quarter": 4,
        "r2_url": "https://pub-2c783279b61043e19fbdadd1bee5153a.r2.dev/KDP/2017-02-14/dps-10kx123116.htm/dps-10kx123116.pdf",
        "periodicity": "periodic"
      },
      {
        "equity_ticker": "KDP",
        "geography": "US",
        "content_name": "KDP Q3 2016 10-Q",
        "file_type": "pdf",
        "content_type": "quarterly_report",
        "published_date": "2016-10-27",
        "fiscal_date": "2016-09-30",
        "fiscal_year": 2016,
        "fiscal_quarter": 3,
        "r2_url": "https://pub-2c783279b61043e19fbdadd1bee5153a.r2.dev/KDP/2016-10-27/dps-10qx093016.htm/dps-10qx093016.pdf",
        "periodicity": "periodic"
      },
      {
        "equity_ticker": "KDP",
        "geography": "US",
        "content_name": "KDP Q2 2016 10-Q",
        "file_type": "pdf",
        "content_type": "quarterly_report",
        "published_date": "2016-07-27",
        "fiscal_date": "2016-06-30",
        "fiscal_year": 2016,
        "fiscal_quarter": 2,
        "r2_url": "https://pub-2c783279b61043e19fbdadd1bee5153a.r2.dev/KDP/2016-07-27/dps-10qx063016.htm/dps-10qx063016.pdf",
        "periodicity": "periodic"
      },
      {
        "equity_ticker": "KDP",
        "geography": "US",
        "content_name": "KDP Q1 2016 10-Q",
        "file_type": "pdf",
        "content_type": "quarterly_report",
        "published_date": "2016-04-27",
        "fiscal_date": "2016-03-31",
        "fiscal_year": 2016,
        "fiscal_quarter": 1,
        "r2_url": "https://pub-2c783279b61043e19fbdadd1bee5153a.r2.dev/KDP/2016-04-27/dps-10qx033116.htm/dps-10qx033116.pdf",
        "periodicity": "periodic"
      },
      {
        "equity_ticker": "KDP",
        "geography": "US",
        "content_name": "KDP Q4 2015 10-K",
        "file_type": "pdf",
        "content_type": "annual_report",
        "published_date": "2016-02-23",
        "fiscal_date": "2015-12-31",
        "fiscal_year": 2015,
        "fiscal_quarter": 4,
        "r2_url": "https://pub-2c783279b61043e19fbdadd1bee5153a.r2.dev/KDP/2016-02-23/dps-10kx123115.htm/dps-10kx123115.pdf",
        "periodicity": "periodic"
      },
      {
        "equity_ticker": "KDP",
        "geography": "US",
        "content_name": "KDP Q3 2015 10-Q",
        "file_type": "pdf",
        "content_type": "quarterly_report",
        "published_date": "2015-10-22",
        "fiscal_date": "2015-09-30",
        "fiscal_year": 2015,
        "fiscal_quarter": 3,
        "r2_url": "https://pub-2c783279b61043e19fbdadd1bee5153a.r2.dev/KDP/2015-10-22/dps-10qx093015.htm/dps-10qx093015.pdf",
        "periodicity": "periodic"
      },
      {
        "equity_ticker": "KDP",
        "geography": "US",
        "content_name": "KDP Q2 2015 10-Q",
        "file_type": "pdf",
        "content_type": "quarterly_report",
        "published_date": "2015-07-23",
        "fiscal_date": "2015-06-30",
        "fiscal_year": 2015,
        "fiscal_quarter": 2,
        "r2_url": "https://pub-2c783279b61043e19fbdadd1bee5153a.r2.dev/KDP/2015-07-23/dps-10qx063015.htm/dps-10qx063015.pdf",
        "periodicity": "periodic"
      },
      {
        "equity_ticker": "KDP",
        "geography": "US",
        "content_name": "KDP Q1 2015 10-Q",
        "file_type": "pdf",
        "content_type": "quarterly_report",
        "published_date": "2015-04-23",
        "fiscal_date": "2015-03-31",
        "fiscal_year": 2015,
        "fiscal_quarter": 1,
        "r2_url": "https://pub-2c783279b61043e19fbdadd1bee5153a.r2.dev/KDP/2015-04-23/dps-10qx033115.htm/dps-10qx033115.pdf",
        "periodicity": "periodic"
      },
      {
        "equity_ticker": "KDP",
        "geography": "US",
        "content_name": "KDP Q4 2014 10-K",
        "file_type": "pdf",
        "content_type": "annual_report",
        "published_date": "2015-02-19",
        "fiscal_date": "2014-12-31",
        "fiscal_year": 2014,
        "fiscal_quarter": 4,
        "r2_url": "https://pub-2c783279b61043e19fbdadd1bee5153a.r2.dev/KDP/2015-02-19/dps-10kx123114.htm/dps-10kx123114.pdf",
        "periodicity": "periodic"
      },
      {
        "equity_ticker": "KDP",
        "geography": "US",
        "content_name": "KDP Q3 2014 10-Q",
        "file_type": "pdf",
        "content_type": "quarterly_report",
        "published_date": "2014-10-23",
        "fiscal_date": "2014-09-30",
        "fiscal_year": 2014,
        "fiscal_quarter": 3,
        "r2_url": "https://pub-2c783279b61043e19fbdadd1bee5153a.r2.dev/KDP/2014-10-23/dps-10qx093014.htm/dps-10qx093014.pdf",
        "periodicity": "periodic"
      },
      {
        "equity_ticker": "KDP",
        "geography": "US",
        "content_name": "KDP Q2 2014 10-Q",
        "file_type": "pdf",
        "content_type": "quarterly_report",
        "published_date": "2014-07-24",
        "fiscal_date": "2014-06-30",
        "fiscal_year": 2014,
        "fiscal_quarter": 2,
        "r2_url": "https://pub-2c783279b61043e19fbdadd1bee5153a.r2.dev/KDP/2014-07-24/dps-10qx063014.htm/dps-10qx063014.pdf",
        "periodicity": "periodic"
      },
      {
        "equity_ticker": "KDP",
        "geography": "US",
        "content_name": "KDP Q1 2014 10-Q",
        "file_type": "pdf",
        "content_type": "quarterly_report",
        "published_date": "2014-04-23",
        "fiscal_date": "2014-03-31",
        "fiscal_year": 2014,
        "fiscal_quarter": 1,
        "r2_url": "https://pub-2c783279b61043e19fbdadd1bee5153a.r2.dev/KDP/2014-04-23/dps-10qx033114.htm/dps-10qx033114.pdf",
        "periodicity": "periodic"
      },
      {
        "equity_ticker": "KDP",
        "geography": "US",
        "content_name": "KDP Q4 2013 10-K",
        "file_type": "pdf",
        "content_type": "annual_report",
        "published_date": "2014-02-19",
        "fiscal_date": "2013-12-31",
        "fiscal_year": 2013,
        "fiscal_quarter": 4,
        "r2_url": "https://pub-2c783279b61043e19fbdadd1bee5153a.r2.dev/KDP/2014-02-19/dps-10kx123113.htm/dps-10kx123113.pdf",
        "periodicity": "periodic"
      },
      {
        "equity_ticker": "KDP",
        "geography": "US",
        "content_name": "KDP Q3 2013 10-Q",
        "file_type": "pdf",
        "content_type": "quarterly_report",
        "published_date": "2013-10-24",
        "fiscal_date": "2013-09-30",
        "fiscal_year": 2013,
        "fiscal_quarter": 3,
        "r2_url": "https://pub-2c783279b61043e19fbdadd1bee5153a.r2.dev/KDP/2013-10-24/dps-10qx93013.htm/dps-10qx93013.pdf",
        "periodicity": "periodic"
      },
      {
        "equity_ticker": "KDP",
        "geography": "US",
        "content_name": "KDP Q2 2013 10-Q",
        "file_type": "pdf",
        "content_type": "quarterly_report",
        "published_date": "2013-07-24",
        "fiscal_date": "2013-06-30",
        "fiscal_year": 2013,
        "fiscal_quarter": 2,
        "r2_url": "https://pub-2c783279b61043e19fbdadd1bee5153a.r2.dev/KDP/2013-07-24/dps-10qx63013.htm/dps-10qx63013.pdf",
        "periodicity": "periodic"
      },
      {
        "equity_ticker": "KDP",
        "geography": "US",
        "content_name": "KDP Q1 2013 10-Q",
        "file_type": "pdf",
        "content_type": "quarterly_report",
        "published_date": "2013-04-24",
        "fiscal_date": "2013-03-31",
        "fiscal_year": 2013,
        "fiscal_quarter": 1,
        "r2_url": "https://pub-2c783279b61043e19fbdadd1bee5153a.r2.dev/KDP/2013-04-24/dps-10qx33113.htm/dps-10qx33113.pdf",
        "periodicity": "periodic"
      },
      {
        "equity_ticker": "KDP",
        "geography": "US",
        "content_name": "KDP Q4 2012 10-K",
        "file_type": "pdf",
        "content_type": "annual_report",
        "published_date": "2013-02-20",
        "fiscal_date": "2012-12-31",
        "fiscal_year": 2012,
        "fiscal_quarter": 4,
        "r2_url": "https://pub-2c783279b61043e19fbdadd1bee5153a.r2.dev/KDP/2013-02-20/dps-10kx123112.htm/dps-10kx123112.pdf",
        "periodicity": "periodic"
      },
      {
        "equity_ticker": "KDP",
        "geography": "US",
        "content_name": "KDP Q3 2012 10-Q",
        "file_type": "pdf",
        "content_type": "quarterly_report",
        "published_date": "2012-10-24",
        "fiscal_date": "2012-09-30",
        "fiscal_year": 2012,
        "fiscal_quarter": 3,
        "r2_url": "https://pub-2c783279b61043e19fbdadd1bee5153a.r2.dev/KDP/2012-10-24/dps-10qx93012.htm/dps-10qx93012.pdf",
        "periodicity": "periodic"
      },
      {
        "equity_ticker": "KDP",
        "geography": "US",
        "content_name": "KDP Q2 2012 10-Q",
        "file_type": "pdf",
        "content_type": "quarterly_report",
        "published_date": "2012-07-26",
        "fiscal_date": "2012-06-30",
        "fiscal_year": 2012,
        "fiscal_quarter": 2,
        "r2_url": "https://pub-2c783279b61043e19fbdadd1bee5153a.r2.dev/KDP/2012-07-26/dps-10qx63012.htm/dps-10qx63012.pdf",
        "periodicity": "periodic"
      },
      {
        "equity_ticker": "KDP",
        "geography": "US",
        "content_name": "KDP Q1 2012 10-Q",
        "file_type": "pdf",
        "content_type": "quarterly_report",
        "published_date": "2012-04-25",
        "fiscal_date": "2012-03-31",
        "fiscal_year": 2012,
        "fiscal_quarter": 1,
        "r2_url": "https://pub-2c783279b61043e19fbdadd1bee5153a.r2.dev/KDP/2012-04-25/dps-10qx33112.htm/dps-10qx33112.pdf",
        "periodicity": "periodic"
      },
      {
        "equity_ticker": "KDP",
        "geography": "US",
        "content_name": "KDP Q4 2011 10-K",
        "file_type": "pdf",
        "content_type": "annual_report",
        "published_date": "2012-02-22",
        "fiscal_date": "2011-12-31",
        "fiscal_year": 2011,
        "fiscal_quarter": 4,
        "r2_url": "https://pub-2c783279b61043e19fbdadd1bee5153a.r2.dev/KDP/2012-02-22/dps-20111231x10k.htm/dps-20111231x10k.pdf",
        "periodicity": "periodic"
      },
      {
        "equity_ticker": "KDP",
        "geography": "US",
        "content_name": "KDP Q3 2011 10-Q",
        "file_type": "pdf",
        "content_type": "quarterly_report",
        "published_date": "2011-10-26",
        "fiscal_date": "2011-09-30",
        "fiscal_year": 2011,
        "fiscal_quarter": 3,
        "r2_url": "https://pub-2c783279b61043e19fbdadd1bee5153a.r2.dev/KDP/2011-10-26/dps-10qx93011.htm/dps-10qx93011.pdf",
        "periodicity": "periodic"
      },
      {
        "equity_ticker": "KDP",
        "geography": "US",
        "content_name": "KDP Q2 2011 10-Q",
        "file_type": "pdf",
        "content_type": "quarterly_report",
        "published_date": "2011-07-27",
        "fiscal_date": "2011-06-30",
        "fiscal_year": 2011,
        "fiscal_quarter": 2,
        "r2_url": "https://pub-2c783279b61043e19fbdadd1bee5153a.r2.dev/KDP/2011-07-27/dps-10qx63011.htm/dps-10qx63011.pdf",
        "periodicity": "periodic"
      },
      {
        "equity_ticker": "KDP",
        "geography": "US",
        "content_name": "KDP Q1 2011 10-Q",
        "file_type": "pdf",
        "content_type": "quarterly_report",
        "published_date": "2011-04-27",
        "fiscal_date": "2011-03-31",
        "fiscal_year": 2011,
        "fiscal_quarter": 1,
        "r2_url": "https://pub-2c783279b61043e19fbdadd1bee5153a.r2.dev/KDP/2011-04-27/dps10q33111.htm/dps10q33111.pdf",
        "periodicity": "periodic"
      },
      {
        "equity_ticker": "KDP",
        "geography": "US",
        "content_name": "KDP Q4 2010 10-K",
        "file_type": "pdf",
        "content_type": "annual_report",
        "published_date": "2011-02-22",
        "fiscal_date": "2010-12-31",
        "fiscal_year": 2010,
        "fiscal_quarter": 4,
        "r2_url": "https://pub-2c783279b61043e19fbdadd1bee5153a.r2.dev/KDP/2011-02-22/dps2010123110k.htm/dps2010123110k.pdf",
        "periodicity": "periodic"
      },
      {
        "equity_ticker": "KDP",
        "geography": "US",
        "content_name": "KDP Q3 2010 10-Q",
        "file_type": "pdf",
        "content_type": "quarterly_report",
        "published_date": "2010-10-27",
        "fiscal_date": "2010-09-30",
        "fiscal_year": 2010,
        "fiscal_quarter": 3,
        "r2_url": "https://pub-2c783279b61043e19fbdadd1bee5153a.r2.dev/KDP/2010-10-27/d76487e10vq.htm/d76487e10vq.pdf",
        "periodicity": "periodic"
      },
      {
        "equity_ticker": "KDP",
        "geography": "US",
        "content_name": "KDP Q2 2010 10-Q",
        "file_type": "pdf",
        "content_type": "quarterly_report",
        "published_date": "2010-07-29",
        "fiscal_date": "2010-06-30",
        "fiscal_year": 2010,
        "fiscal_quarter": 2,
        "r2_url": "https://pub-2c783279b61043e19fbdadd1bee5153a.r2.dev/KDP/2010-07-29/d73118e10vq.htm/d73118e10vq.pdf",
        "periodicity": "periodic"
      },
      {
        "equity_ticker": "KDP",
        "geography": "US",
        "content_name": "KDP Q1 2010 10-Q",
        "file_type": "pdf",
        "content_type": "quarterly_report",
        "published_date": "2010-05-06",
        "fiscal_date": "2010-03-31",
        "fiscal_year": 2010,
        "fiscal_quarter": 1,
        "r2_url": "https://pub-2c783279b61043e19fbdadd1bee5153a.r2.dev/KDP/2010-05-06/d72288e10vq.htm/d72288e10vq.pdf",
        "periodicity": "periodic"
      },
      {
        "equity_ticker": "KDP",
        "geography": "US",
        "content_name": "KDP Q4 2009 10-K",
        "file_type": "pdf",
        "content_type": "annual_report",
        "published_date": "2010-02-26",
        "fiscal_date": "2009-12-31",
        "fiscal_year": 2009,
        "fiscal_quarter": 4,
        "r2_url": "https://pub-2c783279b61043e19fbdadd1bee5153a.r2.dev/KDP/2010-02-26/d70873e10vk.htm/d70873e10vk.pdf",
        "periodicity": "periodic"
      },
      {
        "equity_ticker": "KDP",
        "geography": "US",
        "content_name": "KDP Q3 2009 10-Q",
        "file_type": "pdf",
        "content_type": "quarterly_report",
        "published_date": "2009-11-05",
        "fiscal_date": "2009-09-30",
        "fiscal_year": 2009,
        "fiscal_quarter": 3,
        "r2_url": "https://pub-2c783279b61043e19fbdadd1bee5153a.r2.dev/KDP/2009-11-05/d69848e10vq.htm/d69848e10vq.pdf",
        "periodicity": "periodic"
      },
      {
        "equity_ticker": "KDP",
        "geography": "US",
        "content_name": "KDP Q2 2009 10-Q",
        "file_type": "pdf",
        "content_type": "quarterly_report",
        "published_date": "2009-08-13",
        "fiscal_date": "2009-06-30",
        "fiscal_year": 2009,
        "fiscal_quarter": 2,
        "r2_url": "https://pub-2c783279b61043e19fbdadd1bee5153a.r2.dev/KDP/2009-08-13/d68778e10vq.htm/d68778e10vq.pdf",
        "periodicity": "periodic"
      },
      {
        "equity_ticker": "KDP",
        "geography": "US",
        "content_name": "KDP Q1 2009 10-Q",
        "file_type": "pdf",
        "content_type": "quarterly_report",
        "published_date": "2009-05-13",
        "fiscal_date": "2009-03-31",
        "fiscal_year": 2009,
        "fiscal_quarter": 1,
        "r2_url": "https://pub-2c783279b61043e19fbdadd1bee5153a.r2.dev/KDP/2009-05-13/d67416e10vq.htm/d67416e10vq.pdf",
        "periodicity": "periodic"
      },
      {
        "equity_ticker": "KDP",
        "geography": "US",
        "content_name": "KDP Q4 2008 10-K",
        "file_type": "pdf",
        "content_type": "annual_report",
        "published_date": "2009-03-26",
        "fiscal_date": "2008-12-31",
        "fiscal_year": 2008,
        "fiscal_quarter": 4,
        "r2_url": "https://pub-2c783279b61043e19fbdadd1bee5153a.r2.dev/KDP/2009-03-26/d66682e10vk.htm/d66682e10vk.pdf",
        "periodicity": "periodic"
      },
      {
        "equity_ticker": "KDP",
        "geography": "US",
        "content_name": "KDP Q3 2008 10-Q",
        "file_type": "pdf",
        "content_type": "quarterly_report",
        "published_date": "2008-11-13",
        "fiscal_date": "2008-09-30",
        "fiscal_year": 2008,
        "fiscal_quarter": 3,
        "r2_url": "https://pub-2c783279b61043e19fbdadd1bee5153a.r2.dev/KDP/2008-11-13/d65131e10vq.htm/d65131e10vq.pdf",
        "periodicity": "periodic"
      },
      {
        "equity_ticker": "KDP",
        "geography": "US",
        "content_name": "KDP Q2 2008 10-Q",
        "file_type": "pdf",
        "content_type": "quarterly_report",
        "published_date": "2008-08-13",
        "fiscal_date": "2008-06-30",
        "fiscal_year": 2008,
        "fiscal_quarter": 2,
        "r2_url": "https://pub-2c783279b61043e19fbdadd1bee5153a.r2.dev/KDP/2008-08-13/d59032e10vq.htm/d59032e10vq.pdf",
        "periodicity": "periodic"
      },
      {
        "equity_ticker": "KDP",
        "geography": "US",
        "content_name": "KDP Q1 2008 10-Q",
        "file_type": "pdf",
        "content_type": "quarterly_report",
        "published_date": "2008-06-05",
        "fiscal_date": "2008-03-31",
        "fiscal_year": 2008,
        "fiscal_quarter": 1,
        "r2_url": "https://pub-2c783279b61043e19fbdadd1bee5153a.r2.dev/KDP/2008-06-05/d57097e10vq.htm/d57097e10vq.pdf",
        "periodicity": "periodic"
      }
]