[
  {
    "equity_ticker": "KLAC",
    "geography": "US",
    "content_name": "KLAC Q2 2025 10-Q",
    "file_type": "pdf",
    "content_type": "quarterly_report",
    "published_date": "2025-01-31",
    "fiscal_date": "2024-12-31",
    "fiscal_year": 2025,
    "fiscal_quarter": 2,
    "r2_url": "https://pub-2c783279b61043e19fbdadd1bee5153a.r2.dev/KLAC/2025-01-31/klac-20241231.htm/klac-20241231.pdf",
    "periodicity": "periodic"
  },
  {
    "equity_ticker": "KLAC",
    "geography": "US",
    "content_name": "KLAC Q1 2025 10-Q",
    "file_type": "pdf",
    "content_type": "quarterly_report",
    "published_date": "2024-10-31",
    "fiscal_date": "2024-09-30",
    "fiscal_year": 2025,
    "fiscal_quarter": 1,
    "r2_url": "https://pub-2c783279b61043e19fbdadd1bee5153a.r2.dev/KLAC/2024-10-31/klac-20240930.htm/klac-20240930.pdf",
    "periodicity": "periodic"
  },
  {
    "equity_ticker": "KLAC",
    "geography": "US",
    "content_name": "KLAC Q4 2024 10-K",
    "file_type": "pdf",
    "content_type": "annual_report",
    "published_date": "2024-08-05",
    "fiscal_date": "2024-06-30",
    "fiscal_year": 2024,
    "fiscal_quarter": 4,
    "r2_url": "https://pub-2c783279b61043e19fbdadd1bee5153a.r2.dev/KLAC/2024-08-05/klac-20240630.htm/klac-20240630.pdf",
    "periodicity": "periodic"
  },
  {
    "equity_ticker": "KLAC",
    "geography": "US",
    "content_name": "KLAC Q3 2024 10-Q",
    "file_type": "pdf",
    "content_type": "quarterly_report",
    "published_date": "2024-04-26",
    "fiscal_date": "2024-03-31",
    "fiscal_year": 2024,
    "fiscal_quarter": 3,
    "r2_url": "https://pub-2c783279b61043e19fbdadd1bee5153a.r2.dev/KLAC/2024-04-26/klac-20240331.htm/klac-20240331.pdf",
    "periodicity": "periodic"
  },
  {
    "equity_ticker": "KLAC",
    "geography": "US",
    "content_name": "KLAC Q2 2024 10-Q",
    "file_type": "pdf",
    "content_type": "quarterly_report",
    "published_date": "2024-01-26",
    "fiscal_date": "2023-12-31",
    "fiscal_year": 2024,
    "fiscal_quarter": 2,
    "r2_url": "https://pub-2c783279b61043e19fbdadd1bee5153a.r2.dev/KLAC/2024-01-26/klac-20231231.htm/klac-20231231.pdf",
    "periodicity": "periodic"
  },
  {
    "equity_ticker": "KLAC",
    "geography": "US",
    "content_name": "KLAC Q1 2024 10-Q",
    "file_type": "pdf",
    "content_type": "quarterly_report",
    "published_date": "2023-10-27",
    "fiscal_date": "2023-09-30",
    "fiscal_year": 2024,
    "fiscal_quarter": 1,
    "r2_url": "https://pub-2c783279b61043e19fbdadd1bee5153a.r2.dev/KLAC/2023-10-27/klac-20230930.htm/klac-20230930.pdf",
    "periodicity": "periodic"
  },
  {
    "equity_ticker": "KLAC",
    "geography": "US",
    "content_name": "KLAC Q4 2023 10-K",
    "file_type": "pdf",
    "content_type": "annual_report",
    "published_date": "2023-08-04",
    "fiscal_date": "2023-06-30",
    "fiscal_year": 2023,
    "fiscal_quarter": 4,
    "r2_url": "https://pub-2c783279b61043e19fbdadd1bee5153a.r2.dev/KLAC/2023-08-04/klac-20230630.htm/klac-20230630.pdf",
    "periodicity": "periodic"
  },
  {
    "equity_ticker": "KLAC",
    "geography": "US",
    "content_name": "KLAC Q3 2023 10-Q",
    "file_type": "pdf",
    "content_type": "quarterly_report",
    "published_date": "2023-04-28",
    "fiscal_date": "2023-03-31",
    "fiscal_year": 2023,
    "fiscal_quarter": 3,
    "r2_url": "https://pub-2c783279b61043e19fbdadd1bee5153a.r2.dev/KLAC/2023-04-28/klac-20230331.htm/klac-20230331.pdf",
    "periodicity": "periodic"
  },
  {
    "equity_ticker": "KLAC",
    "geography": "US",
    "content_name": "KLAC Q2 2023 10-Q",
    "file_type": "pdf",
    "content_type": "quarterly_report",
    "published_date": "2023-01-27",
    "fiscal_date": "2022-12-31",
    "fiscal_year": 2023,
    "fiscal_quarter": 2,
    "r2_url": "https://pub-2c783279b61043e19fbdadd1bee5153a.r2.dev/KLAC/2023-01-27/klac-20221231.htm/klac-20221231.pdf",
    "periodicity": "periodic"
  },
  {
    "equity_ticker": "KLAC",
    "geography": "US",
    "content_name": "KLAC Q1 2023 10-Q",
    "file_type": "pdf",
    "content_type": "quarterly_report",
    "published_date": "2022-10-28",
    "fiscal_date": "2022-09-30",
    "fiscal_year": 2023,
    "fiscal_quarter": 1,
    "r2_url": "https://pub-2c783279b61043e19fbdadd1bee5153a.r2.dev/KLAC/2022-10-28/klac-20220930.htm/klac-20220930.pdf",
    "periodicity": "periodic"
  },
  {
    "equity_ticker": "KLAC",
    "geography": "US",
    "content_name": "KLAC Q4 2022 10-K",
    "file_type": "pdf",
    "content_type": "annual_report",
    "published_date": "2022-08-05",
    "fiscal_date": "2022-06-30",
    "fiscal_year": 2022,
    "fiscal_quarter": 4,
    "r2_url": "https://pub-2c783279b61043e19fbdadd1bee5153a.r2.dev/KLAC/2022-08-05/klac-20220630.htm/klac-20220630.pdf",
    "periodicity": "periodic"
  },
  {
    "equity_ticker": "KLAC",
    "geography": "US",
    "content_name": "KLAC Q3 2022 10-Q",
    "file_type": "pdf",
    "content_type": "quarterly_report",
    "published_date": "2022-04-29",
    "fiscal_date": "2022-03-31",
    "fiscal_year": 2022,
    "fiscal_quarter": 3,
    "r2_url": "https://pub-2c783279b61043e19fbdadd1bee5153a.r2.dev/KLAC/2022-04-29/klac-20220331.htm/klac-20220331.pdf",
    "periodicity": "periodic"
  },
  {
    "equity_ticker": "KLAC",
    "geography": "US",
    "content_name": "KLAC Q2 2022 10-Q",
    "file_type": "pdf",
    "content_type": "quarterly_report",
    "published_date": "2022-01-28",
    "fiscal_date": "2021-12-31",
    "fiscal_year": 2022,
    "fiscal_quarter": 2,
    "r2_url": "https://pub-2c783279b61043e19fbdadd1bee5153a.r2.dev/KLAC/2022-01-28/klac-20211231.htm/klac-20211231.pdf",
    "periodicity": "periodic"
  },
  {
    "equity_ticker": "KLAC",
    "geography": "US",
    "content_name": "KLAC Q1 2022 10-Q",
    "file_type": "pdf",
    "content_type": "quarterly_report",
    "published_date": "2021-10-28",
    "fiscal_date": "2021-09-30",
    "fiscal_year": 2022,
    "fiscal_quarter": 1,
    "r2_url": "https://pub-2c783279b61043e19fbdadd1bee5153a.r2.dev/KLAC/2021-10-28/klac-20210930.htm/klac-20210930.pdf",
    "periodicity": "periodic"
  },
  {
    "equity_ticker": "KLAC",
    "geography": "US",
    "content_name": "KLAC Q4 2021 10-K",
    "file_type": "pdf",
    "content_type": "annual_report",
    "published_date": "2021-08-06",
    "fiscal_date": "2021-06-30",
    "fiscal_year": 2021,
    "fiscal_quarter": 4,
    "r2_url": "https://pub-2c783279b61043e19fbdadd1bee5153a.r2.dev/KLAC/2021-08-06/klac-20210630.htm/klac-20210630.pdf",
    "periodicity": "periodic"
  },
  {
    "equity_ticker": "KLAC",
    "geography": "US",
    "content_name": "KLAC Q3 2021 10-Q",
    "file_type": "pdf",
    "content_type": "quarterly_report",
    "published_date": "2021-04-30",
    "fiscal_date": "2021-03-31",
    "fiscal_year": 2021,
    "fiscal_quarter": 3,
    "r2_url": "https://pub-2c783279b61043e19fbdadd1bee5153a.r2.dev/KLAC/2021-04-30/klac-20210331.htm/klac-20210331.pdf",
    "periodicity": "periodic"
  },
  {
    "equity_ticker": "KLAC",
    "geography": "US",
    "content_name": "KLAC Q2 2021 10-Q",
    "file_type": "pdf",
    "content_type": "quarterly_report",
    "published_date": "2021-02-04",
    "fiscal_date": "2020-12-31",
    "fiscal_year": 2021,
    "fiscal_quarter": 2,
    "r2_url": "https://pub-2c783279b61043e19fbdadd1bee5153a.r2.dev/KLAC/2021-02-04/klac-20201231.htm/klac-20201231.pdf",
    "periodicity": "periodic"
  },
  {
    "equity_ticker": "KLAC",
    "geography": "US",
    "content_name": "KLAC Q1 2021 10-Q",
    "file_type": "pdf",
    "content_type": "quarterly_report",
    "published_date": "2020-10-30",
    "fiscal_date": "2020-09-30",
    "fiscal_year": 2021,
    "fiscal_quarter": 1,
    "r2_url": "https://pub-2c783279b61043e19fbdadd1bee5153a.r2.dev/KLAC/2020-10-30/klac-20200930.htm/klac-20200930.pdf",
    "periodicity": "periodic"
  },
  {
    "equity_ticker": "KLAC",
    "geography": "US",
    "content_name": "KLAC Q4 2020 10-K",
    "file_type": "pdf",
    "content_type": "annual_report",
    "published_date": "2020-08-07",
    "fiscal_date": "2020-06-30",
    "fiscal_year": 2020,
    "fiscal_quarter": 4,
    "r2_url": "https://pub-2c783279b61043e19fbdadd1bee5153a.r2.dev/KLAC/2020-08-07/klac-20200630.htm/ix.pdf",
    "periodicity": "periodic"
  },
  {
    "equity_ticker": "KLAC",
    "geography": "US",
    "content_name": "KLAC Q3 2020 10-Q",
    "file_type": "pdf",
    "content_type": "quarterly_report",
    "published_date": "2020-05-06",
    "fiscal_date": "2020-03-31",
    "fiscal_year": 2020,
    "fiscal_quarter": 3,
    "r2_url": "https://pub-2c783279b61043e19fbdadd1bee5153a.r2.dev/KLAC/2020-05-06/klac10q033120.htm/ix.pdf",
    "periodicity": "periodic"
  },
  {
    "equity_ticker": "KLAC",
    "geography": "US",
    "content_name": "KLAC Q2 2020 10-Q",
    "file_type": "pdf",
    "content_type": "quarterly_report",
    "published_date": "2020-02-05",
    "fiscal_date": "2019-12-31",
    "fiscal_year": 2020,
    "fiscal_quarter": 2,
    "r2_url": "https://pub-2c783279b61043e19fbdadd1bee5153a.r2.dev/KLAC/2020-02-05/klac10q123119.htm/ix.pdf",
    "periodicity": "periodic"
  },
  {
    "equity_ticker": "KLAC",
    "geography": "US",
    "content_name": "KLAC Q1 2020 10-Q",
    "file_type": "pdf",
    "content_type": "quarterly_report",
    "published_date": "2019-10-31",
    "fiscal_date": "2019-09-30",
    "fiscal_year": 2020,
    "fiscal_quarter": 1,
    "r2_url": "https://pub-2c783279b61043e19fbdadd1bee5153a.r2.dev/KLAC/2019-10-31/klac10q093019.htm/ix.pdf",
    "periodicity": "periodic"
  },
  {
    "equity_ticker": "KLAC",
    "geography": "US",
    "content_name": "KLAC Q4 2019 10-K",
    "file_type": "pdf",
    "content_type": "annual_report",
    "published_date": "2019-08-16",
    "fiscal_date": "2019-06-30",
    "fiscal_year": 2019,
    "fiscal_quarter": 4,
    "r2_url": "https://pub-2c783279b61043e19fbdadd1bee5153a.r2.dev/KLAC/2019-08-16/klac10k2019.htm/klac10k2019.pdf",
    "periodicity": "periodic"
  },
  {
    "equity_ticker": "KLAC",
    "geography": "US",
    "content_name": "KLAC Q3 2019 10-Q",
    "file_type": "pdf",
    "content_type": "quarterly_report",
    "published_date": "2019-05-08",
    "fiscal_date": "2019-03-31",
    "fiscal_year": 2019,
    "fiscal_quarter": 3,
    "r2_url": "https://pub-2c783279b61043e19fbdadd1bee5153a.r2.dev/KLAC/2019-05-08/klac10q033119.htm/klac10q033119.pdf",
    "periodicity": "periodic"
  },
  {
    "equity_ticker": "KLAC",
    "geography": "US",
    "content_name": "KLAC Q2 2019 10-Q",
    "file_type": "pdf",
    "content_type": "quarterly_report",
    "published_date": "2019-01-29",
    "fiscal_date": "2018-12-31",
    "fiscal_year": 2019,
    "fiscal_quarter": 2,
    "r2_url": "https://pub-2c783279b61043e19fbdadd1bee5153a.r2.dev/KLAC/2019-01-29/klac10q123118.htm/klac10q123118.pdf",
    "periodicity": "periodic"
  },
  {
    "equity_ticker": "KLAC",
    "geography": "US",
    "content_name": "KLAC Q1 2019 10-Q",
    "file_type": "pdf",
    "content_type": "quarterly_report",
    "published_date": "2018-10-31",
    "fiscal_date": "2018-09-30",
    "fiscal_year": 2019,
    "fiscal_quarter": 1,
    "r2_url": "https://pub-2c783279b61043e19fbdadd1bee5153a.r2.dev/KLAC/2018-10-31/klac10q093018.htm/klac10q093018.pdf",
    "periodicity": "periodic"
  },
  {
    "equity_ticker": "KLAC",
    "geography": "US",
    "content_name": "KLAC Q4 2018 10-K",
    "file_type": "pdf",
    "content_type": "annual_report",
    "published_date": "2018-08-06",
    "fiscal_date": "2018-06-30",
    "fiscal_year": 2018,
    "fiscal_quarter": 4,
    "r2_url": "https://pub-2c783279b61043e19fbdadd1bee5153a.r2.dev/KLAC/2018-08-06/klac10k2018.htm/klac10k2018.pdf",
    "periodicity": "periodic"
  },
  {
    "equity_ticker": "KLAC",
    "geography": "US",
    "content_name": "KLAC Q3 2018 10-Q",
    "file_type": "pdf",
    "content_type": "quarterly_report",
    "published_date": "2018-04-26",
    "fiscal_date": "2018-03-31",
    "fiscal_year": 2018,
    "fiscal_quarter": 3,
    "r2_url": "https://pub-2c783279b61043e19fbdadd1bee5153a.r2.dev/KLAC/2018-04-26/klac10q033118.htm/klac10q033118.pdf",
    "periodicity": "periodic"
  },
  {
    "equity_ticker": "KLAC",
    "geography": "US",
    "content_name": "KLAC Q2 2018 10-Q",
    "file_type": "pdf",
    "content_type": "quarterly_report",
    "published_date": "2018-01-25",
    "fiscal_date": "2017-12-31",
    "fiscal_year": 2018,
    "fiscal_quarter": 2,
    "r2_url": "https://pub-2c783279b61043e19fbdadd1bee5153a.r2.dev/KLAC/2018-01-25/klac10q123117.htm/klac10q123117.pdf",
    "periodicity": "periodic"
  },
  {
    "equity_ticker": "KLAC",
    "geography": "US",
    "content_name": "KLAC Q1 2018 10-Q",
    "file_type": "pdf",
    "content_type": "quarterly_report",
    "published_date": "2017-10-26",
    "fiscal_date": "2017-09-30",
    "fiscal_year": 2018,
    "fiscal_quarter": 1,
    "r2_url": "https://pub-2c783279b61043e19fbdadd1bee5153a.r2.dev/KLAC/2017-10-26/klac10q93017.htm/klac10q93017.pdf",
    "periodicity": "periodic"
  },
  {
    "equity_ticker": "KLAC",
    "geography": "US",
    "content_name": "KLAC Q4 2017 10-K",
    "file_type": "pdf",
    "content_type": "annual_report",
    "published_date": "2017-08-04",
    "fiscal_date": "2017-06-30",
    "fiscal_year": 2017,
    "fiscal_quarter": 4,
    "r2_url": "https://pub-2c783279b61043e19fbdadd1bee5153a.r2.dev/KLAC/2017-08-04/klac10k2017.htm/klac10k2017.pdf",
    "periodicity": "periodic"
  },
  {
    "equity_ticker": "KLAC",
    "geography": "US",
    "content_name": "KLAC Q3 2017 10-Q",
    "file_type": "pdf",
    "content_type": "quarterly_report",
    "published_date": "2017-04-27",
    "fiscal_date": "2017-03-31",
    "fiscal_year": 2017,
    "fiscal_quarter": 3,
    "r2_url": "https://pub-2c783279b61043e19fbdadd1bee5153a.r2.dev/KLAC/2017-04-27/klac10q33117.htm/klac10q33117.pdf",
    "periodicity": "periodic"
  },
  {
    "equity_ticker": "KLAC",
    "geography": "US",
    "content_name": "KLAC Q2 2017 10-Q",
    "file_type": "pdf",
    "content_type": "quarterly_report",
    "published_date": "2017-01-26",
    "fiscal_date": "2016-12-31",
    "fiscal_year": 2017,
    "fiscal_quarter": 2,
    "r2_url": "https://pub-2c783279b61043e19fbdadd1bee5153a.r2.dev/KLAC/2017-01-26/klac10q123116.htm/klac10q123116.pdf",
    "periodicity": "periodic"
  },
  {
    "equity_ticker": "KLAC",
    "geography": "US",
    "content_name": "KLAC Q1 2017 10-Q",
    "file_type": "pdf",
    "content_type": "quarterly_report",
    "published_date": "2016-10-20",
    "fiscal_date": "2016-09-30",
    "fiscal_year": 2017,
    "fiscal_quarter": 1,
    "r2_url": "https://pub-2c783279b61043e19fbdadd1bee5153a.r2.dev/KLAC/2016-10-20/klac10q93016.htm/klac10q93016.pdf",
    "periodicity": "periodic"
  },
  {
    "equity_ticker": "KLAC",
    "geography": "US",
    "content_name": "KLAC Q4 2016 10-K",
    "file_type": "pdf",
    "content_type": "annual_report",
    "published_date": "2016-08-05",
    "fiscal_date": "2016-06-30",
    "fiscal_year": 2016,
    "fiscal_quarter": 4,
    "r2_url": "https://pub-2c783279b61043e19fbdadd1bee5153a.r2.dev/KLAC/2016-08-05/klac10k2016.htm/klac10k2016.pdf",
    "periodicity": "periodic"
  },
  {
    "equity_ticker": "KLAC",
    "geography": "US",
    "content_name": "KLAC Q3 2016 10-Q",
    "file_type": "pdf",
    "content_type": "quarterly_report",
    "published_date": "2016-04-26",
    "fiscal_date": "2016-03-31",
    "fiscal_year": 2016,
    "fiscal_quarter": 3,
    "r2_url": "https://pub-2c783279b61043e19fbdadd1bee5153a.r2.dev/KLAC/2016-04-26/klac10q33116.htm/klac10q33116.pdf",
    "periodicity": "periodic"
  },
  {
    "equity_ticker": "KLAC",
    "geography": "US",
    "content_name": "KLAC Q2 2016 10-Q",
    "file_type": "pdf",
    "content_type": "quarterly_report",
    "published_date": "2016-01-28",
    "fiscal_date": "2015-12-31",
    "fiscal_year": 2016,
    "fiscal_quarter": 2,
    "r2_url": "https://pub-2c783279b61043e19fbdadd1bee5153a.r2.dev/KLAC/2016-01-28/klac10q123115.htm/klac10q123115.pdf",
    "periodicity": "periodic"
  },
  {
    "equity_ticker": "KLAC",
    "geography": "US",
    "content_name": "KLAC Q1 2016 10-Q",
    "file_type": "pdf",
    "content_type": "quarterly_report",
    "published_date": "2015-10-22",
    "fiscal_date": "2015-09-30",
    "fiscal_year": 2016,
    "fiscal_quarter": 1,
    "r2_url": "https://pub-2c783279b61043e19fbdadd1bee5153a.r2.dev/KLAC/2015-10-22/klac10q93015.htm/klac10q93015.pdf",
    "periodicity": "periodic"
  },
  {
    "equity_ticker": "KLAC",
    "geography": "US",
    "content_name": "KLAC Q4 2015 10-K",
    "file_type": "pdf",
    "content_type": "annual_report",
    "published_date": "2015-08-07",
    "fiscal_date": "2015-06-30",
    "fiscal_year": 2015,
    "fiscal_quarter": 4,
    "r2_url": "https://pub-2c783279b61043e19fbdadd1bee5153a.r2.dev/KLAC/2015-08-07/klac10k2015.htm/klac10k2015.pdf",
    "periodicity": "periodic"
  },
  {
    "equity_ticker": "KLAC",
    "geography": "US",
    "content_name": "KLAC Q3 2015 10-Q",
    "file_type": "pdf",
    "content_type": "quarterly_report",
    "published_date": "2015-04-23",
    "fiscal_date": "2015-03-31",
    "fiscal_year": 2015,
    "fiscal_quarter": 3,
    "r2_url": "https://pub-2c783279b61043e19fbdadd1bee5153a.r2.dev/KLAC/2015-04-23/klac10q33115.htm/klac10q33115.pdf",
    "periodicity": "periodic"
  },
  {
    "equity_ticker": "KLAC",
    "geography": "US",
    "content_name": "KLAC Q2 2015 10-Q",
    "file_type": "pdf",
    "content_type": "quarterly_report",
    "published_date": "2015-01-22",
    "fiscal_date": "2014-12-31",
    "fiscal_year": 2015,
    "fiscal_quarter": 2,
    "r2_url": "https://pub-2c783279b61043e19fbdadd1bee5153a.r2.dev/KLAC/2015-01-22/klac10q123114.htm/klac10q123114.pdf",
    "periodicity": "periodic"
  },
  {
    "equity_ticker": "KLAC",
    "geography": "US",
    "content_name": "KLAC Q1 2015 10-Q",
    "file_type": "pdf",
    "content_type": "quarterly_report",
    "published_date": "2014-10-23",
    "fiscal_date": "2014-09-30",
    "fiscal_year": 2015,
    "fiscal_quarter": 1,
    "r2_url": "https://pub-2c783279b61043e19fbdadd1bee5153a.r2.dev/KLAC/2014-10-23/klac10q93014.htm/klac10q93014.pdf",
    "periodicity": "periodic"
  },
  {
    "equity_ticker": "KLAC",
    "geography": "US",
    "content_name": "KLAC Q4 2014 10-K",
    "file_type": "pdf",
    "content_type": "annual_report",
    "published_date": "2014-08-08",
    "fiscal_date": "2014-06-30",
    "fiscal_year": 2014,
    "fiscal_quarter": 4,
    "r2_url": "https://pub-2c783279b61043e19fbdadd1bee5153a.r2.dev/KLAC/2014-08-08/klac10k2014.htm/klac10k2014.pdf",
    "periodicity": "periodic"
  },
  {
    "equity_ticker": "KLAC",
    "geography": "US",
    "content_name": "KLAC Q3 2014 10-Q",
    "file_type": "pdf",
    "content_type": "quarterly_report",
    "published_date": "2014-04-24",
    "fiscal_date": "2014-03-31",
    "fiscal_year": 2014,
    "fiscal_quarter": 3,
    "r2_url": "https://pub-2c783279b61043e19fbdadd1bee5153a.r2.dev/KLAC/2014-04-24/klac10q33114.htm/klac10q33114.pdf",
    "periodicity": "periodic"
  },
  {
    "equity_ticker": "KLAC",
    "geography": "US",
    "content_name": "KLAC Q2 2014 10-Q",
    "file_type": "pdf",
    "content_type": "quarterly_report",
    "published_date": "2014-01-23",
    "fiscal_date": "2013-12-31",
    "fiscal_year": 2014,
    "fiscal_quarter": 2,
    "r2_url": "https://pub-2c783279b61043e19fbdadd1bee5153a.r2.dev/KLAC/2014-01-23/klac10q123113.htm/klac10q123113.pdf",
    "periodicity": "periodic"
  },
  {
    "equity_ticker": "KLAC",
    "geography": "US",
    "content_name": "KLAC Q1 2014 10-Q",
    "file_type": "pdf",
    "content_type": "quarterly_report",
    "published_date": "2013-10-24",
    "fiscal_date": "2013-09-30",
    "fiscal_year": 2014,
    "fiscal_quarter": 1,
    "r2_url": "https://pub-2c783279b61043e19fbdadd1bee5153a.r2.dev/KLAC/2013-10-24/klac10q93013.htm/klac10q93013.pdf",
    "periodicity": "periodic"
  },
  {
    "equity_ticker": "KLAC",
    "geography": "US",
    "content_name": "KLAC Q4 2013 10-K",
    "file_type": "pdf",
    "content_type": "annual_report",
    "published_date": "2013-08-08",
    "fiscal_date": "2013-06-30",
    "fiscal_year": 2013,
    "fiscal_quarter": 4,
    "r2_url": "https://pub-2c783279b61043e19fbdadd1bee5153a.r2.dev/KLAC/2013-08-08/klac10k2013.htm/klac10k2013.pdf",
    "periodicity": "periodic"
  },
  {
    "equity_ticker": "KLAC",
    "geography": "US",
    "content_name": "KLAC Q3 2013 10-Q",
    "file_type": "pdf",
    "content_type": "quarterly_report",
    "published_date": "2013-04-25",
    "fiscal_date": "2013-03-31",
    "fiscal_year": 2013,
    "fiscal_quarter": 3,
    "r2_url": "https://pub-2c783279b61043e19fbdadd1bee5153a.r2.dev/KLAC/2013-04-25/klac10q33113.htm/klac10q33113.pdf",
    "periodicity": "periodic"
  },
  {
    "equity_ticker": "KLAC",
    "geography": "US",
    "content_name": "KLAC Q2 2013 10-Q",
    "file_type": "pdf",
    "content_type": "quarterly_report",
    "published_date": "2013-01-24",
    "fiscal_date": "2012-12-31",
    "fiscal_year": 2013,
    "fiscal_quarter": 2,
    "r2_url": "https://pub-2c783279b61043e19fbdadd1bee5153a.r2.dev/KLAC/2013-01-24/klac10q123112.htm/klac10q123112.pdf",
    "periodicity": "periodic"
  },
  {
    "equity_ticker": "KLAC",
    "geography": "US",
    "content_name": "KLAC Q1 2013 10-Q",
    "file_type": "pdf",
    "content_type": "quarterly_report",
    "published_date": "2012-10-25",
    "fiscal_date": "2012-09-30",
    "fiscal_year": 2013,
    "fiscal_quarter": 1,
    "r2_url": "https://pub-2c783279b61043e19fbdadd1bee5153a.r2.dev/KLAC/2012-10-25/klac10q093012.htm/klac10q093012.pdf",
    "periodicity": "periodic"
  },
  {
    "equity_ticker": "KLAC",
    "geography": "US",
    "content_name": "KLAC Q4 2012 10-K",
    "file_type": "pdf",
    "content_type": "annual_report",
    "published_date": "2012-08-06",
    "fiscal_date": "2012-06-30",
    "fiscal_year": 2012,
    "fiscal_quarter": 4,
    "r2_url": "https://pub-2c783279b61043e19fbdadd1bee5153a.r2.dev/KLAC/2012-08-06/klac10k2012.htm/klac10k2012.pdf",
    "periodicity": "periodic"
  },
  {
    "equity_ticker": "KLAC",
    "geography": "US",
    "content_name": "KLAC Q3 2012 10-Q",
    "file_type": "pdf",
    "content_type": "quarterly_report",
    "published_date": "2012-04-26",
    "fiscal_date": "2012-03-31",
    "fiscal_year": 2012,
    "fiscal_quarter": 3,
    "r2_url": "https://pub-2c783279b61043e19fbdadd1bee5153a.r2.dev/KLAC/2012-04-26/klac10q033112.htm/klac10q033112.pdf",
    "periodicity": "periodic"
  },
  {
    "equity_ticker": "KLAC",
    "geography": "US",
    "content_name": "KLAC Q2 2012 10-Q",
    "file_type": "pdf",
    "content_type": "quarterly_report",
    "published_date": "2012-01-26",
    "fiscal_date": "2011-12-31",
    "fiscal_year": 2012,
    "fiscal_quarter": 2,
    "r2_url": "https://pub-2c783279b61043e19fbdadd1bee5153a.r2.dev/KLAC/2012-01-26/klac10q123111.htm/klac10q123111.pdf",
    "periodicity": "periodic"
  },
  {
    "equity_ticker": "KLAC",
    "geography": "US",
    "content_name": "KLAC Q1 2012 10-Q",
    "file_type": "pdf",
    "content_type": "quarterly_report",
    "published_date": "2011-10-27",
    "fiscal_date": "2011-09-30",
    "fiscal_year": 2012,
    "fiscal_quarter": 1,
    "r2_url": "https://pub-2c783279b61043e19fbdadd1bee5153a.r2.dev/KLAC/2011-10-27/klac10q093011.htm/klac10q093011.pdf",
    "periodicity": "periodic"
  },
  {
    "equity_ticker": "KLAC",
    "geography": "US",
    "content_name": "KLAC Q4 2011 10-K",
    "file_type": "pdf",
    "content_type": "annual_report",
    "published_date": "2011-08-05",
    "fiscal_date": "2011-06-30",
    "fiscal_year": 2011,
    "fiscal_quarter": 4,
    "r2_url": "https://pub-2c783279b61043e19fbdadd1bee5153a.r2.dev/KLAC/2011-08-05/klac10k2011.htm/klac10k2011.pdf",
    "periodicity": "periodic"
  },
  {
    "equity_ticker": "KLAC",
    "geography": "US",
    "content_name": "KLAC Q3 2011 10-Q",
    "file_type": "pdf",
    "content_type": "quarterly_report",
    "published_date": "2011-04-28",
    "fiscal_date": "2011-03-31",
    "fiscal_year": 2011,
    "fiscal_quarter": 3,
    "r2_url": "https://pub-2c783279b61043e19fbdadd1bee5153a.r2.dev/KLAC/2011-04-28/klac10q33111.htm/klac10q33111.pdf",
    "periodicity": "periodic"
  },
  {
    "equity_ticker": "KLAC",
    "geography": "US",
    "content_name": "KLAC Q2 2011 10-Q",
    "file_type": "pdf",
    "content_type": "quarterly_report",
    "published_date": "2011-01-27",
    "fiscal_date": "2010-12-31",
    "fiscal_year": 2011,
    "fiscal_quarter": 2,
    "r2_url": "https://pub-2c783279b61043e19fbdadd1bee5153a.r2.dev/KLAC/2011-01-27/d10q.htm/d10q.pdf",
    "periodicity": "periodic"
  },
  {
    "equity_ticker": "KLAC",
    "geography": "US",
    "content_name": "KLAC Q1 2011 10-Q",
    "file_type": "pdf",
    "content_type": "quarterly_report",
    "published_date": "2010-10-28",
    "fiscal_date": "2010-09-30",
    "fiscal_year": 2011,
    "fiscal_quarter": 1,
    "r2_url": "https://pub-2c783279b61043e19fbdadd1bee5153a.r2.dev/KLAC/2010-10-28/d10q.htm/d10q.pdf",
    "periodicity": "periodic"
  },
  {
    "equity_ticker": "KLAC",
    "geography": "US",
    "content_name": "KLAC Q4 2010 10-K",
    "file_type": "pdf",
    "content_type": "annual_report",
    "published_date": "2010-08-05",
    "fiscal_date": "2010-06-30",
    "fiscal_year": 2010,
    "fiscal_quarter": 4,
    "r2_url": "https://pub-2c783279b61043e19fbdadd1bee5153a.r2.dev/KLAC/2010-08-05/d10k.htm/d10k.pdf",
    "periodicity": "periodic"
  },
  {
    "equity_ticker": "KLAC",
    "geography": "US",
    "content_name": "KLAC Q3 2010 10-Q",
    "file_type": "pdf",
    "content_type": "quarterly_report",
    "published_date": "2010-04-29",
    "fiscal_date": "2010-03-31",
    "fiscal_year": 2010,
    "fiscal_quarter": 3,
    "r2_url": "https://pub-2c783279b61043e19fbdadd1bee5153a.r2.dev/KLAC/2010-04-29/d10q.htm/d10q.pdf",
    "periodicity": "periodic"
  },
  {
    "equity_ticker": "KLAC",
    "geography": "US",
    "content_name": "KLAC Q2 2010 10-Q",
    "file_type": "pdf",
    "content_type": "quarterly_report",
    "published_date": "2010-01-28",
    "fiscal_date": "2009-12-31",
    "fiscal_year": 2010,
    "fiscal_quarter": 2,
    "r2_url": "https://pub-2c783279b61043e19fbdadd1bee5153a.r2.dev/KLAC/2010-01-28/d10q.htm/d10q.pdf",
    "periodicity": "periodic"
  },
  {
    "equity_ticker": "KLAC",
    "geography": "US",
    "content_name": "KLAC Q1 2010 10-Q",
    "file_type": "pdf",
    "content_type": "quarterly_report",
    "published_date": "2009-10-29",
    "fiscal_date": "2009-09-30",
    "fiscal_year": 2010,
    "fiscal_quarter": 1,
    "r2_url": "https://pub-2c783279b61043e19fbdadd1bee5153a.r2.dev/KLAC/2009-10-29/d10q.htm/d10q.pdf",
    "periodicity": "periodic"
  },
  {
    "equity_ticker": "KLAC",
    "geography": "US",
    "content_name": "KLAC Q4 2009 10-K",
    "file_type": "pdf",
    "content_type": "annual_report",
    "published_date": "2009-08-06",
    "fiscal_date": "2009-06-30",
    "fiscal_year": 2009,
    "fiscal_quarter": 4,
    "r2_url": "https://pub-2c783279b61043e19fbdadd1bee5153a.r2.dev/KLAC/2009-08-06/d10k.htm/d10k.pdf",
    "periodicity": "periodic"
  },
  {
    "equity_ticker": "KLAC",
    "geography": "US",
    "content_name": "KLAC Q3 2009 10-Q",
    "file_type": "pdf",
    "content_type": "quarterly_report",
    "published_date": "2009-04-23",
    "fiscal_date": "2009-03-31",
    "fiscal_year": 2009,
    "fiscal_quarter": 3,
    "r2_url": "https://pub-2c783279b61043e19fbdadd1bee5153a.r2.dev/KLAC/2009-04-23/d10q.htm/d10q.pdf",
    "periodicity": "periodic"
  },
  {
    "equity_ticker": "KLAC",
    "geography": "US",
    "content_name": "KLAC Q2 2009 10-Q",
    "file_type": "pdf",
    "content_type": "quarterly_report",
    "published_date": "2009-01-29",
    "fiscal_date": "2008-12-31",
    "fiscal_year": 2009,
    "fiscal_quarter": 2,
    "r2_url": "https://pub-2c783279b61043e19fbdadd1bee5153a.r2.dev/KLAC/2009-01-29/d10q.htm/d10q.pdf",
    "periodicity": "periodic"
  },
  {
    "equity_ticker": "KLAC",
    "geography": "US",
    "content_name": "KLAC Q1 2009 10-Q",
    "file_type": "pdf",
    "content_type": "quarterly_report",
    "published_date": "2008-10-31",
    "fiscal_date": "2008-09-30",
    "fiscal_year": 2009,
    "fiscal_quarter": 1,
    "r2_url": "https://pub-2c783279b61043e19fbdadd1bee5153a.r2.dev/KLAC/2008-10-31/d10q.htm/d10q.pdf",
    "periodicity": "periodic"
  },
  {
    "equity_ticker": "KLAC",
    "geography": "US",
    "content_name": "KLAC Q4 2008 10-K",
    "file_type": "pdf",
    "content_type": "annual_report",
    "published_date": "2008-08-07",
    "fiscal_date": "2008-06-30",
    "fiscal_year": 2008,
    "fiscal_quarter": 4,
    "r2_url": "https://pub-2c783279b61043e19fbdadd1bee5153a.r2.dev/KLAC/2008-08-07/d10k.htm/d10k.pdf",
    "periodicity": "periodic"
  },
  {
    "equity_ticker": "KLAC",
    "geography": "US",
    "content_name": "KLAC Q3 2008 10-Q",
    "file_type": "pdf",
    "content_type": "quarterly_report",
    "published_date": "2008-04-28",
    "fiscal_date": "2008-03-31",
    "fiscal_year": 2008,
    "fiscal_quarter": 3,
    "r2_url": "https://pub-2c783279b61043e19fbdadd1bee5153a.r2.dev/KLAC/2008-04-28/d10q.htm/d10q.pdf",
    "periodicity": "periodic"
  },
  {
    "equity_ticker": "KLAC",
    "geography": "US",
    "content_name": "KLAC Q2 2008 10-Q",
    "file_type": "pdf",
    "content_type": "quarterly_report",
    "published_date": "2008-01-28",
    "fiscal_date": "2007-12-31",
    "fiscal_year": 2008,
    "fiscal_quarter": 2,
    "r2_url": "https://pub-2c783279b61043e19fbdadd1bee5153a.r2.dev/KLAC/2008-01-28/d10q.htm/d10q.pdf",
    "periodicity": "periodic"
  },
  {
    "equity_ticker": "KLAC",
    "geography": "US",
    "content_name": "KLAC Q1 2008 10-Q",
    "file_type": "pdf",
    "content_type": "quarterly_report",
    "published_date": "2007-10-31",
    "fiscal_date": "2007-09-30",
    "fiscal_year": 2008,
    "fiscal_quarter": 1,
    "r2_url": "https://pub-2c783279b61043e19fbdadd1bee5153a.r2.dev/KLAC/2007-10-31/d10q.htm/d10q.pdf",
    "periodicity": "periodic"
  },
  {
    "equity_ticker": "KLAC",
    "geography": "US",
    "content_name": "KLAC Q4 2007 10-K",
    "file_type": "pdf",
    "content_type": "annual_report",
    "published_date": "2007-08-17",
    "fiscal_date": "2007-06-30",
    "fiscal_year": 2007,
    "fiscal_quarter": 4,
    "r2_url": "https://pub-2c783279b61043e19fbdadd1bee5153a.r2.dev/KLAC/2007-08-17/d10k.htm/d10k.pdf",
    "periodicity": "periodic"
  },
  {
    "equity_ticker": "KLAC",
    "geography": "US",
    "content_name": "KLAC Q3 2007 10-Q",
    "file_type": "pdf",
    "content_type": "quarterly_report",
    "published_date": "2007-05-07",
    "fiscal_date": "2007-03-31",
    "fiscal_year": 2007,
    "fiscal_quarter": 3,
    "r2_url": "https://pub-2c783279b61043e19fbdadd1bee5153a.r2.dev/KLAC/2007-05-07/d10q.htm/d10q.pdf",
    "periodicity": "periodic"
  },
  {
    "equity_ticker": "KLAC",
    "geography": "US",
    "content_name": "KLAC Q2 2007 10-Q",
    "file_type": "pdf",
    "content_type": "quarterly_report",
    "published_date": "2007-02-09",
    "fiscal_date": "2006-12-31",
    "fiscal_year": 2007,
    "fiscal_quarter": 2,
    "r2_url": "https://pub-2c783279b61043e19fbdadd1bee5153a.r2.dev/KLAC/2007-02-09/d10q.htm/d10q.pdf",
    "periodicity": "periodic"
  },
  {
    "equity_ticker": "KLAC",
    "geography": "US",
    "content_name": "KLAC Q1 2007 10-Q",
    "file_type": "pdf",
    "content_type": "quarterly_report",
    "published_date": "2007-01-29",
    "fiscal_date": "2006-09-30",
    "fiscal_year": 2007,
    "fiscal_quarter": 1,
    "r2_url": "https://pub-2c783279b61043e19fbdadd1bee5153a.r2.dev/KLAC/2007-01-29/d10q.htm/d10q.pdf",
    "periodicity": "periodic"
  },
  {
    "equity_ticker": "KLAC",
    "geography": "US",
    "content_name": "KLAC Q4 2006 10-K",
    "file_type": "pdf",
    "content_type": "annual_report",
    "published_date": "2007-01-29",
    "fiscal_date": "2006-06-30",
    "fiscal_year": 2006,
    "fiscal_quarter": 4,
    "r2_url": "https://pub-2c783279b61043e19fbdadd1bee5153a.r2.dev/KLAC/2007-01-29/d10k.htm/d10k.pdf",
    "periodicity": "periodic"
  },
  {
    "equity_ticker": "KLAC",
    "geography": "US",
    "content_name": "KLAC Q3 2006 10-Q",
    "file_type": "pdf",
    "content_type": "quarterly_report",
    "published_date": "2006-05-04",
    "fiscal_date": "2006-03-31",
    "fiscal_year": 2006,
    "fiscal_quarter": 3,
    "r2_url": "https://pub-2c783279b61043e19fbdadd1bee5153a.r2.dev/KLAC/2006-05-04/kt125871.htm/kt125871.pdf",
    "periodicity": "periodic"
  },
  {
    "equity_ticker": "KLAC",
    "geography": "US",
    "content_name": "KLAC Q2 2006 10-Q",
    "file_type": "pdf",
    "content_type": "quarterly_report",
    "published_date": "2006-02-01",
    "fiscal_date": "2005-12-31",
    "fiscal_year": 2006,
    "fiscal_quarter": 2,
    "r2_url": "https://pub-2c783279b61043e19fbdadd1bee5153a.r2.dev/KLAC/2006-02-01/kt120335.htm/kt120335.pdf",
    "periodicity": "periodic"
  },
  {
    "equity_ticker": "KLAC",
    "geography": "US",
    "content_name": "KLAC Q1 2006 10-Q",
    "file_type": "pdf",
    "content_type": "quarterly_report",
    "published_date": "2005-11-07",
    "fiscal_date": "2005-09-30",
    "fiscal_year": 2006,
    "fiscal_quarter": 1,
    "r2_url": "https://pub-2c783279b61043e19fbdadd1bee5153a.r2.dev/KLAC/2005-11-07/kl108032.htm/kl108032.pdf",
    "periodicity": "periodic"
  },
  {
    "equity_ticker": "KLAC",
    "geography": "US",
    "content_name": "KLAC Q4 2005 10-K",
    "file_type": "pdf",
    "content_type": "annual_report",
    "published_date": "2005-09-02",
    "fiscal_date": "2005-06-30",
    "fiscal_year": 2005,
    "fiscal_quarter": 4,
    "r2_url": "https://pub-2c783279b61043e19fbdadd1bee5153a.r2.dev/KLAC/2005-09-02/kt71640.htm/kt71640.pdf",
    "periodicity": "periodic"
  },
  {
    "equity_ticker": "KLAC",
    "geography": "US",
    "content_name": "KLAC Q3 2005 10-Q",
    "file_type": "pdf",
    "content_type": "quarterly_report",
    "published_date": "2005-05-09",
    "fiscal_date": "2005-03-31",
    "fiscal_year": 2005,
    "fiscal_quarter": 3,
    "r2_url": "https://pub-2c783279b61043e19fbdadd1bee5153a.r2.dev/KLAC/2005-05-09/kl71491.htm/kl71491.pdf",
    "periodicity": "periodic"
  },
  {
    "equity_ticker": "KLAC",
    "geography": "US",
    "content_name": "KLAC Q2 2005 10-Q",
    "file_type": "pdf",
    "content_type": "quarterly_report",
    "published_date": "2005-02-03",
    "fiscal_date": "2004-12-31",
    "fiscal_year": 2005,
    "fiscal_quarter": 2,
    "r2_url": "https://pub-2c783279b61043e19fbdadd1bee5153a.r2.dev/KLAC/2005-02-03/kl71400.htm/kl71400.pdf",
    "periodicity": "periodic"
  },
  {
    "equity_ticker": "KLAC",
    "geography": "US",
    "content_name": "KLAC Q1 2005 10-Q",
    "file_type": "pdf",
    "content_type": "quarterly_report",
    "published_date": "2004-11-03",
    "fiscal_date": "2004-09-30",
    "fiscal_year": 2005,
    "fiscal_quarter": 1,
    "r2_url": "https://pub-2c783279b61043e19fbdadd1bee5153a.r2.dev/KLAC/2004-11-03/kt71320.htm/kt71320.pdf",
    "periodicity": "periodic"
  },
  {
    "equity_ticker": "KLAC",
    "geography": "US",
    "content_name": "KLAC Q4 2004 10-K",
    "file_type": "pdf",
    "content_type": "annual_report",
    "published_date": "2004-08-30",
    "fiscal_date": "2004-06-30",
    "fiscal_year": 2004,
    "fiscal_quarter": 4,
    "r2_url": "https://pub-2c783279b61043e19fbdadd1bee5153a.r2.dev/KLAC/2004-08-30/kl71293.htm/kl71293.pdf",
    "periodicity": "periodic"
  },
  {
    "equity_ticker": "KLAC",
    "geography": "US",
    "content_name": "KLAC Q3 2004 10-Q",
    "file_type": "pdf",
    "content_type": "quarterly_report",
    "published_date": "2004-05-05",
    "fiscal_date": "2004-03-31",
    "fiscal_year": 2004,
    "fiscal_quarter": 3,
    "r2_url": "https://pub-2c783279b61043e19fbdadd1bee5153a.r2.dev/KLAC/2004-05-05/kla123456.htm/kla123456.pdf",
    "periodicity": "periodic"
  },
  {
    "equity_ticker": "KLAC",
    "geography": "US",
    "content_name": "KLAC Q2 2004 10-Q",
    "file_type": "pdf",
    "content_type": "quarterly_report",
    "published_date": "2004-02-06",
    "fiscal_date": "2003-12-31",
    "fiscal_year": 2004,
    "fiscal_quarter": 2,
    "r2_url": "https://pub-2c783279b61043e19fbdadd1bee5153a.r2.dev/KLAC/2004-02-06/kl906262.htm/kl906262.pdf",
    "periodicity": "periodic"
  },
  {
    "equity_ticker": "KLAC",
    "geography": "US",
    "content_name": "KLAC Q1 2004 10-Q",
    "file_type": "pdf",
    "content_type": "quarterly_report",
    "published_date": "2003-11-06",
    "fiscal_date": "2003-09-30",
    "fiscal_year": 2004,
    "fiscal_quarter": 1,
    "r2_url": "https://pub-2c783279b61043e19fbdadd1bee5153a.r2.dev/KLAC/2003-11-06/d13511.htm/d13511.pdf",
    "periodicity": "periodic"
  },
  {
    "equity_ticker": "KLAC",
    "geography": "US",
    "content_name": "KLAC Q4 2003 10-K",
    "file_type": "pdf",
    "content_type": "annual_report",
    "published_date": "2003-09-15",
    "fiscal_date": "2003-06-30",
    "fiscal_year": 2003,
    "fiscal_quarter": 4,
    "r2_url": "https://pub-2c783279b61043e19fbdadd1bee5153a.r2.dev/KLAC/2003-09-15/fy2003kla10k.htm/fy2003kla10k.pdf",
    "periodicity": "periodic"
  },
  {
    "equity_ticker": "KLAC",
    "geography": "US",
    "content_name": "KLAC Q3 2003 10-Q",
    "file_type": "pdf",
    "content_type": "quarterly_report",
    "published_date": "2003-05-14",
    "fiscal_date": "2003-03-31",
    "fiscal_year": 2003,
    "fiscal_quarter": 3,
    "r2_url": "https://pub-2c783279b61043e19fbdadd1bee5153a.r2.dev/KLAC/2003-05-14/q3fy2003kla10q.htm/q3fy2003kla10q.pdf",
    "periodicity": "periodic"
  },
  {
    "equity_ticker": "KLAC",
    "geography": "US",
    "content_name": "KLAC Q2 2003 10-Q",
    "file_type": "pdf",
    "content_type": "quarterly_report",
    "published_date": "2003-02-12",
    "fiscal_date": "2002-12-31",
    "fiscal_year": 2003,
    "fiscal_quarter": 2,
    "r2_url": "https://pub-2c783279b61043e19fbdadd1bee5153a.r2.dev/KLAC/2003-02-12/q2fy2003kla.txt/q2fy2003kla.pdf",
    "periodicity": "periodic"
  },
  {
    "equity_ticker": "KLAC",
    "geography": "US",
    "content_name": "KLAC Q1 2003 10-Q",
    "file_type": "pdf",
    "content_type": "quarterly_report",
    "published_date": "2002-11-12",
    "fiscal_date": "2002-09-30",
    "fiscal_year": 2003,
    "fiscal_quarter": 1,
    "r2_url": "https://pub-2c783279b61043e19fbdadd1bee5153a.r2.dev/KLAC/2002-11-12/q1fy2003kla.txt/q1fy2003kla.pdf",
    "periodicity": "periodic"
  },
  {
    "equity_ticker": "KLAC",
    "geography": "US",
    "content_name": "KLAC Q4 2002 10-K",
    "file_type": "pdf",
    "content_type": "annual_report",
    "published_date": "2002-09-20",
    "fiscal_date": "2002-06-30",
    "fiscal_year": 2002,
    "fiscal_quarter": 4,
    "r2_url": "https://pub-2c783279b61043e19fbdadd1bee5153a.r2.dev/KLAC/2002-09-20/fy02_10k0920.txt/fy02_10k0920.pdf",
    "periodicity": "periodic"
  },
  {
    "equity_ticker": "KLAC",
    "geography": "US",
    "content_name": "KLAC Q3 2002 10-Q",
    "file_type": "pdf",
    "content_type": "quarterly_report",
    "published_date": "2002-05-13",
    "fiscal_date": "2002-03-31",
    "fiscal_year": 2002,
    "fiscal_quarter": 3,
    "r2_url": "https://pub-2c783279b61043e19fbdadd1bee5153a.r2.dev/KLAC/2002-05-13/f81544e10-q.htm/f81544e10-q.pdf",
    "periodicity": "periodic"
  },
  {
    "equity_ticker": "KLAC",
    "geography": "US",
    "content_name": "KLAC Q2 2002 10-Q",
    "file_type": "pdf",
    "content_type": "quarterly_report",
    "published_date": "2002-02-13",
    "fiscal_date": "2001-12-31",
    "fiscal_year": 2002,
    "fiscal_quarter": 2,
    "r2_url": "https://pub-2c783279b61043e19fbdadd1bee5153a.r2.dev/KLAC/2002-02-13/f79118e10-q.txt/f79118e10-q.pdf",
    "periodicity": "periodic"
  },
  {
    "equity_ticker": "KLAC",
    "geography": "US",
    "content_name": "KLAC Q1 2002 10-Q",
    "file_type": "pdf",
    "content_type": "quarterly_report",
    "published_date": "2001-11-14",
    "fiscal_date": "2001-09-30",
    "fiscal_year": 2002,
    "fiscal_quarter": 1,
    "r2_url": "https://pub-2c783279b61043e19fbdadd1bee5153a.r2.dev/KLAC/2001-11-14/f77237e10-q.txt/f77237e10-q.pdf",
    "periodicity": "periodic"
  },
  {
    "equity_ticker": "KLAC",
    "geography": "US",
    "content_name": "KLAC Q4 2001 10-K",
    "file_type": "pdf",
    "content_type": "annual_report",
    "published_date": "2001-09-21",
    "fiscal_date": "2001-06-30",
    "fiscal_year": 2001,
    "fiscal_quarter": 4,
    "r2_url": "https://pub-2c783279b61043e19fbdadd1bee5153a.r2.dev/KLAC/2001-09-21/f75863e10-k.txt/f75863e10-k.pdf",
    "periodicity": "periodic"
  },
  {
    "equity_ticker": "KLAC",
    "geography": "US",
    "content_name": "KLAC Q3 2001 10-Q",
    "file_type": "pdf",
    "content_type": "quarterly_report",
    "published_date": "2001-05-14",
    "fiscal_date": "2001-03-31",
    "fiscal_year": 2001,
    "fiscal_quarter": 3,
    "r2_url": "https://pub-2c783279b61043e19fbdadd1bee5153a.r2.dev/KLAC/2001-05-14/f72712e10-q.txt/f72712e10-q.pdf",
    "periodicity": "periodic"
  },
  {
    "equity_ticker": "KLAC",
    "geography": "US",
    "content_name": "KLAC Q2 2001 10-Q",
    "file_type": "pdf",
    "content_type": "quarterly_report",
    "published_date": "2001-02-14",
    "fiscal_date": "2000-12-31",
    "fiscal_year": 2001,
    "fiscal_quarter": 2,
    "r2_url": "https://pub-2c783279b61043e19fbdadd1bee5153a.r2.dev/KLAC/2001-02-14/f69522e10-q.txt/f69522e10-q.pdf",
    "periodicity": "periodic"
  },
  {
    "equity_ticker": "KLAC",
    "geography": "US",
    "content_name": "KLAC Q1 2001 10-Q",
    "file_type": "pdf",
    "content_type": "quarterly_report",
    "published_date": "2000-11-14",
    "fiscal_date": "2000-09-30",
    "fiscal_year": 2001,
    "fiscal_quarter": 1,
    "r2_url": "https://pub-2c783279b61043e19fbdadd1bee5153a.r2.dev/KLAC/2000-11-14/f66982e10-q.txt/f66982e10-q.pdf",
    "periodicity": "periodic"
  },
  {
    "equity_ticker": "KLAC",
    "geography": "US",
    "content_name": "KLAC Q4 2000 10-K",
    "file_type": "pdf",
    "content_type": "annual_report",
    "published_date": "2000-09-28",
    "fiscal_date": "2000-06-30",
    "fiscal_year": 2000,
    "fiscal_quarter": 4,
    "r2_url": "https://pub-2c783279b61043e19fbdadd1bee5153a.r2.dev/KLAC/2000-09-28/f65839e10-k.txt/f65839e10-k.pdf",
    "periodicity": "periodic"
  },
  {
    "equity_ticker": "KLAC",
    "geography": "US",
    "content_name": "KLAC Q3 2000 10-Q",
    "file_type": "pdf",
    "content_type": "quarterly_report",
    "published_date": "2000-05-15",
    "fiscal_date": "2000-03-31",
    "fiscal_year": 2000,
    "fiscal_quarter": 3,
    "r2_url": "https://pub-2c783279b61043e19fbdadd1bee5153a.r2.dev/KLAC/2000-05-15/.pdf",
    "periodicity": "periodic"
  },
  {
    "equity_ticker": "KLAC",
    "geography": "US",
    "content_name": "KLAC Q2 2000 10-Q",
    "file_type": "pdf",
    "content_type": "quarterly_report",
    "published_date": "2000-02-14",
    "fiscal_date": "1999-12-31",
    "fiscal_year": 2000,
    "fiscal_quarter": 2,
    "r2_url": "https://pub-2c783279b61043e19fbdadd1bee5153a.r2.dev/KLAC/2000-02-14/.pdf",
    "periodicity": "periodic"
  },
  {
    "equity_ticker": "KLAC",
    "geography": "US",
    "content_name": "KLAC Q1 2000 10-Q",
    "file_type": "pdf",
    "content_type": "quarterly_report",
    "published_date": "1999-11-12",
    "fiscal_date": "1999-09-30",
    "fiscal_year": 2000,
    "fiscal_quarter": 1,
    "r2_url": "https://pub-2c783279b61043e19fbdadd1bee5153a.r2.dev/KLAC/1999-11-12/.pdf",
    "periodicity": "periodic"
  },
  {
    "equity_ticker": "KLAC",
    "geography": "US",
    "content_name": "KLAC Q4 1999 10-K",
    "file_type": "pdf",
    "content_type": "annual_report",
    "published_date": "1999-09-28",
    "fiscal_date": "1999-06-30",
    "fiscal_year": 1999,
    "fiscal_quarter": 4,
    "r2_url": "https://pub-2c783279b61043e19fbdadd1bee5153a.r2.dev/KLAC/1999-09-28/.pdf",
    "periodicity": "periodic"
  },
  {
    "equity_ticker": "KLAC",
    "geography": "US",
    "content_name": "KLAC Q3 1999 10-Q",
    "file_type": "pdf",
    "content_type": "quarterly_report",
    "published_date": "1999-05-10",
    "fiscal_date": "1999-03-31",
    "fiscal_year": 1999,
    "fiscal_quarter": 3,
    "r2_url": "https://pub-2c783279b61043e19fbdadd1bee5153a.r2.dev/KLAC/1999-05-10/.pdf",
    "periodicity": "periodic"
  },
  {
    "equity_ticker": "KLAC",
    "geography": "US",
    "content_name": "KLAC Q2 1999 10-Q",
    "file_type": "pdf",
    "content_type": "quarterly_report",
    "published_date": "1999-02-10",
    "fiscal_date": "1998-12-31",
    "fiscal_year": 1999,
    "fiscal_quarter": 2,
    "r2_url": "https://pub-2c783279b61043e19fbdadd1bee5153a.r2.dev/KLAC/1999-02-10/.pdf",
    "periodicity": "periodic"
  },
  {
    "equity_ticker": "KLAC",
    "geography": "US",
    "content_name": "KLAC Q1 1999 10-Q",
    "file_type": "pdf",
    "content_type": "quarterly_report",
    "published_date": "1998-11-16",
    "fiscal_date": "1998-09-30",
    "fiscal_year": 1999,
    "fiscal_quarter": 1,
    "r2_url": "https://pub-2c783279b61043e19fbdadd1bee5153a.r2.dev/KLAC/1998-11-16/.pdf",
    "periodicity": "periodic"
  },
  {
    "equity_ticker": "KLAC",
    "geography": "US",
    "content_name": "KLAC Q4 1998 10-K",
    "file_type": "pdf",
    "content_type": "annual_report",
    "published_date": "1998-09-28",
    "fiscal_date": "1998-06-30",
    "fiscal_year": 1998,
    "fiscal_quarter": 4,
    "r2_url": "https://pub-2c783279b61043e19fbdadd1bee5153a.r2.dev/KLAC/1998-09-28/.pdf",
    "periodicity": "periodic"
  },
  {
    "equity_ticker": "KLAC",
    "geography": "US",
    "content_name": "KLAC Q3 1998 10-Q",
    "file_type": "pdf",
    "content_type": "quarterly_report",
    "published_date": "1998-05-11",
    "fiscal_date": "1998-03-31",
    "fiscal_year": 1998,
    "fiscal_quarter": 3,
    "r2_url": "https://pub-2c783279b61043e19fbdadd1bee5153a.r2.dev/KLAC/1998-05-11/.pdf",
    "periodicity": "periodic"
  },
  {
    "equity_ticker": "KLAC",
    "geography": "US",
    "content_name": "KLAC Q2 1998 10-Q",
    "file_type": "pdf",
    "content_type": "quarterly_report",
    "published_date": "1998-02-12",
    "fiscal_date": "1997-12-31",
    "fiscal_year": 1998,
    "fiscal_quarter": 2,
    "r2_url": "https://pub-2c783279b61043e19fbdadd1bee5153a.r2.dev/KLAC/1998-02-12/.pdf",
    "periodicity": "periodic"
  },
  {
    "equity_ticker": "KLAC",
    "geography": "US",
    "content_name": "KLAC Q1 1998 10-Q",
    "file_type": "pdf",
    "content_type": "quarterly_report",
    "published_date": "1997-11-13",
    "fiscal_date": "1997-09-30",
    "fiscal_year": 1998,
    "fiscal_quarter": 1,
    "r2_url": "https://pub-2c783279b61043e19fbdadd1bee5153a.r2.dev/KLAC/1997-11-13/.pdf",
    "periodicity": "periodic"
  },
  {
    "equity_ticker": "KLAC",
    "geography": "US",
    "content_name": "KLAC Q4 1997 10-K",
    "file_type": "pdf",
    "content_type": "annual_report",
    "published_date": "1997-09-29",
    "fiscal_date": "1997-06-30",
    "fiscal_year": 1997,
    "fiscal_quarter": 4,
    "r2_url": "https://pub-2c783279b61043e19fbdadd1bee5153a.r2.dev/KLAC/1997-09-29/.pdf",
    "periodicity": "periodic"
  },
  {
    "equity_ticker": "KLAC",
    "geography": "US",
    "content_name": "KLAC Q3 1997 10-Q",
    "file_type": "pdf",
    "content_type": "quarterly_report",
    "published_date": "1997-05-14",
    "fiscal_date": "1997-03-31",
    "fiscal_year": 1997,
    "fiscal_quarter": 3,
    "r2_url": "https://pub-2c783279b61043e19fbdadd1bee5153a.r2.dev/KLAC/1997-05-14/.pdf",
    "periodicity": "periodic"
  },
  {
    "equity_ticker": "KLAC",
    "geography": "US",
    "content_name": "KLAC Q2 1997 10-Q",
    "file_type": "pdf",
    "content_type": "quarterly_report",
    "published_date": "1997-02-12",
    "fiscal_date": "1996-12-31",
    "fiscal_year": 1997,
    "fiscal_quarter": 2,
    "r2_url": "https://pub-2c783279b61043e19fbdadd1bee5153a.r2.dev/KLAC/1997-02-12/.pdf",
    "periodicity": "periodic"
  },
  {
    "equity_ticker": "KLAC",
    "geography": "US",
    "content_name": "KLAC Q1 1997 10-Q",
    "file_type": "pdf",
    "content_type": "quarterly_report",
    "published_date": "1996-11-12",
    "fiscal_date": "1996-09-30",
    "fiscal_year": 1997,
    "fiscal_quarter": 1,
    "r2_url": "https://pub-2c783279b61043e19fbdadd1bee5153a.r2.dev/KLAC/1996-11-12/.pdf",
    "periodicity": "periodic"
  },
  {
    "equity_ticker": "KLAC",
    "geography": "US",
    "content_name": "KLAC Q4 1996 10-K",
    "file_type": "pdf",
    "content_type": "annual_report",
    "published_date": "1996-09-27",
    "fiscal_date": "1996-06-30",
    "fiscal_year": 1996,
    "fiscal_quarter": 4,
    "r2_url": "https://pub-2c783279b61043e19fbdadd1bee5153a.r2.dev/KLAC/1996-09-27/.pdf",
    "periodicity": "periodic"
  },
  {
    "equity_ticker": "KLAC",
    "geography": "US",
    "content_name": "KLAC Q3 1996 10-Q",
    "file_type": "pdf",
    "content_type": "quarterly_report",
    "published_date": "1996-05-15",
    "fiscal_date": "1996-03-31",
    "fiscal_year": 1996,
    "fiscal_quarter": 3,
    "r2_url": "https://pub-2c783279b61043e19fbdadd1bee5153a.r2.dev/KLAC/1996-05-15/.pdf",
    "periodicity": "periodic"
  },
  {
    "equity_ticker": "KLAC",
    "geography": "US",
    "content_name": "KLAC Q2 1996 10-Q",
    "file_type": "pdf",
    "content_type": "quarterly_report",
    "published_date": "1996-02-13",
    "fiscal_date": "1995-12-31",
    "fiscal_year": 1996,
    "fiscal_quarter": 2,
    "r2_url": "https://pub-2c783279b61043e19fbdadd1bee5153a.r2.dev/KLAC/1996-02-13/.pdf",
    "periodicity": "periodic"
  },
  {
    "equity_ticker": "KLAC",
    "geography": "US",
    "content_name": "KLAC Q1 1996 10-Q",
    "file_type": "pdf",
    "content_type": "quarterly_report",
    "published_date": "1995-10-27",
    "fiscal_date": "1995-09-30",
    "fiscal_year": 1996,
    "fiscal_quarter": 1,
    "r2_url": "https://pub-2c783279b61043e19fbdadd1bee5153a.r2.dev/KLAC/1995-10-27/.pdf",
    "periodicity": "periodic"
  },
  {
    "equity_ticker": "KLAC",
    "geography": "US",
    "content_name": "KLAC Q4 1995 10-K",
    "file_type": "pdf",
    "content_type": "annual_report",
    "published_date": "1995-09-27",
    "fiscal_date": "1995-06-30",
    "fiscal_year": 1995,
    "fiscal_quarter": 4,
    "r2_url": "https://pub-2c783279b61043e19fbdadd1bee5153a.r2.dev/KLAC/1995-09-27/.pdf",
    "periodicity": "periodic"
  },
  {
    "equity_ticker": "KLAC",
    "geography": "US",
    "content_name": "KLAC Q3 1995 10-Q",
    "file_type": "pdf",
    "content_type": "quarterly_report",
    "published_date": "1995-05-11",
    "fiscal_date": "1995-03-31",
    "fiscal_year": 1995,
    "fiscal_quarter": 3,
    "r2_url": "https://pub-2c783279b61043e19fbdadd1bee5153a.r2.dev/KLAC/1995-05-11/.pdf",
    "periodicity": "periodic"
  },
  {
    "equity_ticker": "KLAC",
    "geography": "US",
    "content_name": "KLAC Q2 1995 10-Q",
    "file_type": "pdf",
    "content_type": "quarterly_report",
    "published_date": "1995-02-14",
    "fiscal_date": "1994-12-31",
    "fiscal_year": 1995,
    "fiscal_quarter": 2,
    "r2_url": "https://pub-2c783279b61043e19fbdadd1bee5153a.r2.dev/KLAC/1995-02-14/.pdf",
    "periodicity": "periodic"
  },
  {
    "equity_ticker": "KLAC",
    "geography": "US",
    "content_name": "KLAC Q1 1995 10-Q",
    "file_type": "pdf",
    "content_type": "quarterly_report",
    "published_date": "1994-11-14",
    "fiscal_date": "1994-09-30",
    "fiscal_year": 1995,
    "fiscal_quarter": 1,
    "r2_url": "https://pub-2c783279b61043e19fbdadd1bee5153a.r2.dev/KLAC/1994-11-14/.pdf",
    "periodicity": "periodic"
  },
  {
    "equity_ticker": "KLAC",
    "geography": "US",
    "content_name": "KLAC Q4 1994 10-K",
    "file_type": "pdf",
    "content_type": "annual_report",
    "published_date": "1994-09-28",
    "fiscal_date": "1994-06-30",
    "fiscal_year": 1994,
    "fiscal_quarter": 4,
    "r2_url": "https://pub-2c783279b61043e19fbdadd1bee5153a.r2.dev/KLAC/1994-09-28/.pdf",
    "periodicity": "periodic"
  },
  {
    "equity_ticker": "KLAC",
    "geography": "US",
    "content_name": "KLAC Q3 1994 10-Q",
    "file_type": "pdf",
    "content_type": "quarterly_report",
    "published_date": "1994-05-13",
    "fiscal_date": "1994-03-31",
    "fiscal_year": 1994,
    "fiscal_quarter": 3,
    "r2_url": "https://pub-2c783279b61043e19fbdadd1bee5153a.r2.dev/KLAC/1994-05-13/.pdf",
    "periodicity": "periodic"
  },
  {
    "equity_ticker": "KLAC",
    "geography": "US",
    "content_name": "KLAC Q2 1994 10-Q",
    "file_type": "pdf",
    "content_type": "quarterly_report",
    "published_date": "1994-02-14",
    "fiscal_date": "1993-12-31",
    "fiscal_year": 1994,
    "fiscal_quarter": 2,
    "r2_url": "https://pub-2c783279b61043e19fbdadd1bee5153a.r2.dev/KLAC/1994-02-14/.pdf",
    "periodicity": "periodic"
  }
]