[
    {
        "equity_ticker": "KMB",
        "geography": "US",
        "content_name": "KMB Q4 2024 Transcript",
        "file_type": "pdf",
        "content_type": "earnings_transcript",
        "published_date": "2025-01-28",
        "fiscal_date": "2025-01-28",
        "fiscal_year": 2024,
        "fiscal_quarter": 4,
        "r2_url": "https://pub-2c783279b61043e19fbdadd1bee5153a.r2.dev/KMB/2025-01-28/Kimberly-Clark%20Corporation_2025-01-28_transcript/Kimberly-Clark%20Corporation_2025-01-28_transcript.pdf/Kimberly-Clark%20Corporation_2025-01-28_transcript.pdf",
        "periodicity": "periodic"
    },
    {
        "equity_ticker": "KMB",
        "geography": "US",
        "content_name": "KMB Q4 2024 Press Release",
        "file_type": "pdf",
        "content_type": "earnings_press_release",
        "published_date": "2025-01-28",
        "fiscal_date": "2025-01-28",
        "fiscal_year": 2024,
        "fiscal_quarter": 4,
        "r2_url": "https://pub-2c783279b61043e19fbdadd1bee5153a.r2.dev/KMB/2025-01-28/b416a-2025-01-28-11-22-52/b416a-2025-01-28-11-22-52.pdf/b416a-2025-01-28-11-22-52.pdf",
        "periodicity": "periodic"
    },
    {
        "equity_ticker": "KMB",
        "geography": "US",
        "content_name": "KMB Q4 2024 Presentation",
        "file_type": "pdf",
        "content_type": "earnings_presentation",
        "published_date": "2025-01-28",
        "fiscal_date": "2025-01-28",
        "fiscal_year": 2024,
        "fiscal_quarter": 4,
        "r2_url": "https://pub-2c783279b61043e19fbdadd1bee5153a.r2.dev/KMB/2025-01-28/a56e2-2025-01-28-11-22-52/a56e2-2025-01-28-11-22-52.pdf/a56e2-2025-01-28-11-22-52.pdf",
        "periodicity": "periodic"
    },
    {
        "equity_ticker": "KMB",
        "geography": "US",
        "content_name": "Morgan Stanley Global Consumer & Retail Conference - December 3, 2024",
        "file_type": "pdf",
        "content_type": "sellside_conference_transcript",
        "published_date": "2024-12-03",
        "fiscal_date": "2024-12-03",
        "fiscal_year": null,
        "fiscal_quarter": null,
        "r2_url": "https://pub-2c783279b61043e19fbdadd1bee5153a.r2.dev/KMB/2024-12-03/Kimberly-Clark%20Corporation_2024-12-03_transcript/Kimberly-Clark%20Corporation_2024-12-03_transcript.pdf/Kimberly-Clark%20Corporation_2024-12-03_transcript.pdf",
        "periodicity": "non_periodic"
    },
    {
        "equity_ticker": "KMB",
        "geography": "US",
        "content_name": "KMB Q3 2024 Transcript",
        "file_type": "pdf",
        "content_type": "earnings_transcript",
        "published_date": "2024-10-22",
        "fiscal_date": "2024-10-22",
        "fiscal_year": 2024,
        "fiscal_quarter": 3,
        "r2_url": "https://pub-2c783279b61043e19fbdadd1bee5153a.r2.dev/KMB/2024-10-22/Kimberly-Clark%20Corporation_2024-10-22_transcript/Kimberly-Clark%20Corporation_2024-10-22_transcript.pdf/Kimberly-Clark%20Corporation_2024-10-22_transcript.pdf",
        "periodicity": "periodic"
    },
    {
        "equity_ticker": "KMB",
        "geography": "US",
        "content_name": "KMB Q3 2024 Press Release",
        "file_type": "pdf",
        "content_type": "earnings_press_release",
        "published_date": "2024-10-22",
        "fiscal_date": "2024-10-22",
        "fiscal_year": 2024,
        "fiscal_quarter": 3,
        "r2_url": "https://pub-2c783279b61043e19fbdadd1bee5153a.r2.dev/KMB/2024-10-22/481ff-2024-10-22-11-52-02/481ff-2024-10-22-11-52-02.pdf/481ff-2024-10-22-11-52-02.pdf",
        "periodicity": "periodic"
    },
    {
        "equity_ticker": "KMB",
        "geography": "US",
        "content_name": "KMB Q3 2024 Presentation",
        "file_type": "pdf",
        "content_type": "earnings_presentation",
        "published_date": "2024-10-22",
        "fiscal_date": "2024-10-22",
        "fiscal_year": 2024,
        "fiscal_quarter": 3,
        "r2_url": "https://pub-2c783279b61043e19fbdadd1bee5153a.r2.dev/KMB/2024-10-22/ce5d9-2024-10-22-11-14-23/ce5d9-2024-10-22-11-14-23.pdf/ce5d9-2024-10-22-11-14-23.pdf",
        "periodicity": "periodic"
    },
    {
        "equity_ticker": "KMB",
        "geography": "US",
        "content_name": "Barclays 17th Annual Global Consumer Staples Conference - September 4, 2024",
        "file_type": "pdf",
        "content_type": "sellside_conference_transcript",
        "published_date": "2024-09-04",
        "fiscal_date": "2024-09-04",
        "fiscal_year": null,
        "fiscal_quarter": null,
        "r2_url": "https://pub-2c783279b61043e19fbdadd1bee5153a.r2.dev/KMB/2024-09-04/Kimberly-Clark%20Corporation_2024-09-04_transcript/Kimberly-Clark%20Corporation_2024-09-04_transcript.pdf/Kimberly-Clark%20Corporation_2024-09-04_transcript.pdf",
        "periodicity": "non_periodic"
    },
    {
        "equity_ticker": "KMB",
        "geography": "US",
        "content_name": "KMB Q2 2024 Transcript",
        "file_type": "pdf",
        "content_type": "earnings_transcript",
        "published_date": "2024-07-23",
        "fiscal_date": "2024-07-23",
        "fiscal_year": 2024,
        "fiscal_quarter": 2,
        "r2_url": "https://pub-2c783279b61043e19fbdadd1bee5153a.r2.dev/KMB/2024-07-23/Kimberly-Clark%20Corporation_2024-07-23_transcript/Kimberly-Clark%20Corporation_2024-07-23_transcript.pdf/Kimberly-Clark%20Corporation_2024-07-23_transcript.pdf",
        "periodicity": "periodic"
    },
    {
        "equity_ticker": "KMB",
        "geography": "US",
        "content_name": "KMB Q2 2024 Press Release",
        "file_type": "pdf",
        "content_type": "earnings_press_release",
        "published_date": "2024-07-23",
        "fiscal_date": "2024-07-23",
        "fiscal_year": 2024,
        "fiscal_quarter": 2,
        "r2_url": "https://pub-2c783279b61043e19fbdadd1bee5153a.r2.dev/KMB/2024-07-23/73a8f-2024-07-23-10-34-37/73a8f-2024-07-23-10-34-37.pdf/73a8f-2024-07-23-10-34-37.pdf",
        "periodicity": "periodic"
    },
    {
        "equity_ticker": "KMB",
        "geography": "US",
        "content_name": "KMB Q2 2024 Presentation",
        "file_type": "pdf",
        "content_type": "earnings_presentation",
        "published_date": "2024-07-23",
        "fiscal_date": "2024-07-23",
        "fiscal_year": 2024,
        "fiscal_quarter": 2,
        "r2_url": "https://pub-2c783279b61043e19fbdadd1bee5153a.r2.dev/KMB/2024-07-23/54f14-2024-07-23-11-01-07/54f14-2024-07-23-11-01-07.pdf/54f14-2024-07-23-11-01-07.pdf",
        "periodicity": "periodic"
    },
    {
        "equity_ticker": "KMB",
        "geography": "US",
        "content_name": "Deutsche Bank dbAccess 2024 Global Consumer Conference - June 4, 2024",
        "file_type": "pdf",
        "content_type": "sellside_conference_transcript",
        "published_date": "2024-06-04",
        "fiscal_date": "2024-06-04",
        "fiscal_year": null,
        "fiscal_quarter": null,
        "r2_url": "https://pub-2c783279b61043e19fbdadd1bee5153a.r2.dev/KMB/2024-06-04/Kimberly-Clark%20Corporation_2024-06-04_transcript/Kimberly-Clark%20Corporation_2024-06-04_transcript.pdf/Kimberly-Clark%20Corporation_2024-06-04_transcript.pdf",
        "periodicity": "non_periodic"
    },
    {
        "equity_ticker": "KMB",
        "geography": "US",
        "content_name": "Deutsche Bank dbAccess 2024 Global Consumer Conference - June 4, 2024",
        "file_type": "pdf",
        "content_type": "sellside_conference_presentation",
        "published_date": "2024-06-04",
        "fiscal_date": "2024-06-04",
        "fiscal_year": null,
        "fiscal_quarter": null,
        "r2_url": "https://pub-2c783279b61043e19fbdadd1bee5153a.r2.dev/KMB/2024-06-04/f093c-2024-06-07-08-06-32/f093c-2024-06-07-08-06-32.pdf/f093c-2024-06-07-08-06-32.pdf",
        "periodicity": "non_periodic"
    },
    {
        "equity_ticker": "KMB",
        "geography": "US",
        "content_name": "Bernstein\u2019s 40th Annual Strategic Decisions Conference - May 30, 2024",
        "file_type": "pdf",
        "content_type": "company_conference_transcript",
        "published_date": "2024-05-30",
        "fiscal_date": "2024-05-30",
        "fiscal_year": null,
        "fiscal_quarter": null,
        "r2_url": "https://pub-2c783279b61043e19fbdadd1bee5153a.r2.dev/KMB/2024-05-30/Kimberly-Clark%20Corporation_2024-05-30_transcript/Kimberly-Clark%20Corporation_2024-05-30_transcript.pdf/Kimberly-Clark%20Corporation_2024-05-30_transcript.pdf",
        "periodicity": "non_periodic"
    },
    {
        "equity_ticker": "KMB",
        "geography": "US",
        "content_name": "Bernstein\u2019s 40th Annual Strategic Decisions Conference - May 30, 2024",
        "file_type": "pdf",
        "content_type": "company_conference_presentation",
        "published_date": "2024-05-30",
        "fiscal_date": "2024-05-30",
        "fiscal_year": null,
        "fiscal_quarter": null,
        "r2_url": "https://pub-2c783279b61043e19fbdadd1bee5153a.r2.dev/KMB/2024-05-30/3c545-2024-05-30-02-09-22/3c545-2024-05-30-02-09-22.pdf/3c545-2024-05-30-02-09-22.pdf",
        "periodicity": "non_periodic"
    },
    {
        "equity_ticker": "KMB",
        "geography": "US",
        "content_name": "AGM 2024 - May 2, 2024",
        "file_type": "pdf",
        "content_type": "company_conference_transcript",
        "published_date": "2024-05-02",
        "fiscal_date": "2024-05-02",
        "fiscal_year": null,
        "fiscal_quarter": null,
        "r2_url": "https://pub-2c783279b61043e19fbdadd1bee5153a.r2.dev/KMB/2024-05-02/Kimberly-Clark%20Corporation_2024-05-02_transcript/Kimberly-Clark%20Corporation_2024-05-02_transcript.pdf/Kimberly-Clark%20Corporation_2024-05-02_transcript.pdf",
        "periodicity": "non_periodic"
    },
    {
        "equity_ticker": "KMB",
        "geography": "US",
        "content_name": "KMB Q1 2024 Transcript",
        "file_type": "pdf",
        "content_type": "earnings_transcript",
        "published_date": "2024-04-23",
        "fiscal_date": "2024-04-23",
        "fiscal_year": 2024,
        "fiscal_quarter": 1,
        "r2_url": "https://pub-2c783279b61043e19fbdadd1bee5153a.r2.dev/KMB/2024-04-23/Kimberly-Clark%20Corporation_2024-04-23_transcript/Kimberly-Clark%20Corporation_2024-04-23_transcript.pdf/Kimberly-Clark%20Corporation_2024-04-23_transcript.pdf",
        "periodicity": "periodic"
    },
    {
        "equity_ticker": "KMB",
        "geography": "US",
        "content_name": "KMB Q1 2024 Press Release",
        "file_type": "pdf",
        "content_type": "earnings_press_release",
        "published_date": "2024-04-23",
        "fiscal_date": "2024-04-23",
        "fiscal_year": 2024,
        "fiscal_quarter": 1,
        "r2_url": "https://pub-2c783279b61043e19fbdadd1bee5153a.r2.dev/KMB/2024-04-23/c9b97-2024-04-23-11-20-04/c9b97-2024-04-23-11-20-04.pdf/c9b97-2024-04-23-11-20-04.pdf",
        "periodicity": "periodic"
    },
    {
        "equity_ticker": "KMB",
        "geography": "US",
        "content_name": "KMB Q1 2024 Presentation",
        "file_type": "pdf",
        "content_type": "earnings_presentation",
        "published_date": "2024-04-23",
        "fiscal_date": "2024-04-23",
        "fiscal_year": 2024,
        "fiscal_quarter": 1,
        "r2_url": "https://pub-2c783279b61043e19fbdadd1bee5153a.r2.dev/KMB/2024-04-23/d93a5-2024-04-23-11-52-11/d93a5-2024-04-23-11-52-11.pdf/d93a5-2024-04-23-11-52-11.pdf",
        "periodicity": "periodic"
    },
    {
        "equity_ticker": "KMB",
        "geography": "US",
        "content_name": "Investor Day 2024 - March 27, 2024",
        "file_type": "pdf",
        "content_type": "company_conference_transcript",
        "published_date": "2024-03-27",
        "fiscal_date": "2024-03-27",
        "fiscal_year": null,
        "fiscal_quarter": null,
        "r2_url": "https://pub-2c783279b61043e19fbdadd1bee5153a.r2.dev/KMB/2024-03-27/Kimberly-Clark%20Corporation_2024-03-27_transcript/Kimberly-Clark%20Corporation_2024-03-27_transcript.pdf/Kimberly-Clark%20Corporation_2024-03-27_transcript.pdf",
        "periodicity": "non_periodic"
    },
    {
        "equity_ticker": "KMB",
        "geography": "US",
        "content_name": "Investor Day 2024 - March 27, 2024",
        "file_type": "pdf",
        "content_type": "company_conference_press_release",
        "published_date": "2024-03-27",
        "fiscal_date": "2024-03-27",
        "fiscal_year": null,
        "fiscal_quarter": null,
        "r2_url": "https://pub-2c783279b61043e19fbdadd1bee5153a.r2.dev/KMB/2024-03-27/79940-2024-03-27-11-25-07/79940-2024-03-27-11-25-07.pdf/79940-2024-03-27-11-25-07.pdf",
        "periodicity": "non_periodic"
    },
    {
        "equity_ticker": "KMB",
        "geography": "US",
        "content_name": "KMB Q4 2023 Transcript",
        "file_type": "pdf",
        "content_type": "earnings_transcript",
        "published_date": "2024-01-24",
        "fiscal_date": "2024-01-24",
        "fiscal_year": 2023,
        "fiscal_quarter": 4,
        "r2_url": "https://pub-2c783279b61043e19fbdadd1bee5153a.r2.dev/KMB/2024-01-24/Kimberly-Clark%20Corporation_2024-01-24_transcript/Kimberly-Clark%20Corporation_2024-01-24_transcript.pdf/Kimberly-Clark%20Corporation_2024-01-24_transcript.pdf",
        "periodicity": "periodic"
    },
    {
        "equity_ticker": "KMB",
        "geography": "US",
        "content_name": "KMB Q4 2023 Press Release",
        "file_type": "pdf",
        "content_type": "earnings_press_release",
        "published_date": "2024-01-24",
        "fiscal_date": "2024-01-24",
        "fiscal_year": 2023,
        "fiscal_quarter": 4,
        "r2_url": "https://pub-2c783279b61043e19fbdadd1bee5153a.r2.dev/KMB/2024-01-24/a0a07-2024-01-24-12-32-01/a0a07-2024-01-24-12-32-01.pdf/a0a07-2024-01-24-12-32-01.pdf",
        "periodicity": "periodic"
    },
    {
        "equity_ticker": "KMB",
        "geography": "US",
        "content_name": "KMB Q4 2023 Presentation",
        "file_type": "pdf",
        "content_type": "earnings_presentation",
        "published_date": "2024-01-24",
        "fiscal_date": "2024-01-24",
        "fiscal_year": 2023,
        "fiscal_quarter": 4,
        "r2_url": "https://pub-2c783279b61043e19fbdadd1bee5153a.r2.dev/KMB/2024-01-24/64be7-2024-01-28-10-30-56/64be7-2024-01-28-10-30-56.pdf/64be7-2024-01-28-10-30-56.pdf",
        "periodicity": "periodic"
    },
    {
        "equity_ticker": "KMB",
        "geography": "US",
        "content_name": "KMB Q3 2023 Transcript",
        "file_type": "pdf",
        "content_type": "earnings_transcript",
        "published_date": "2023-10-24",
        "fiscal_date": "2023-10-24",
        "fiscal_year": 2023,
        "fiscal_quarter": 3,
        "r2_url": "https://pub-2c783279b61043e19fbdadd1bee5153a.r2.dev/KMB/2023-10-24/Kimberly-Clark%20Corporation_2023-10-24_transcript/Kimberly-Clark%20Corporation_2023-10-24_transcript.pdf/Kimberly-Clark%20Corporation_2023-10-24_transcript.pdf",
        "periodicity": "periodic"
    },
    {
        "equity_ticker": "KMB",
        "geography": "US",
        "content_name": "KMB Q3 2023 Press Release",
        "file_type": "pdf",
        "content_type": "earnings_press_release",
        "published_date": "2023-10-24",
        "fiscal_date": "2023-10-24",
        "fiscal_year": 2023,
        "fiscal_quarter": 3,
        "r2_url": "https://pub-2c783279b61043e19fbdadd1bee5153a.r2.dev/KMB/2023-10-24/38bcd-2023-10-24-11-12-05/38bcd-2023-10-24-11-12-05.pdf/38bcd-2023-10-24-11-12-05.pdf",
        "periodicity": "periodic"
    },
    {
        "equity_ticker": "KMB",
        "geography": "US",
        "content_name": "KMB Q3 2023 Presentation",
        "file_type": "pdf",
        "content_type": "earnings_presentation",
        "published_date": "2023-10-24",
        "fiscal_date": "2023-10-24",
        "fiscal_year": 2023,
        "fiscal_quarter": 3,
        "r2_url": "https://pub-2c783279b61043e19fbdadd1bee5153a.r2.dev/KMB/2023-10-24/17888-2023-10-24-03-18-20/17888-2023-10-24-03-18-20.pdf/17888-2023-10-24-03-18-20.pdf",
        "periodicity": "periodic"
    },
    {
        "equity_ticker": "KMB",
        "geography": "US",
        "content_name": "Barclays Global Consumer Staples Conference - September 6, 2023",
        "file_type": "pdf",
        "content_type": "sellside_conference_transcript",
        "published_date": "2023-09-06",
        "fiscal_date": "2023-09-06",
        "fiscal_year": null,
        "fiscal_quarter": null,
        "r2_url": "https://pub-2c783279b61043e19fbdadd1bee5153a.r2.dev/KMB/2023-09-06/Kimberly-Clark%20Corporation_2023-09-06_transcript/Kimberly-Clark%20Corporation_2023-09-06_transcript.pdf/Kimberly-Clark%20Corporation_2023-09-06_transcript.pdf",
        "periodicity": "non_periodic"
    },
    {
        "equity_ticker": "KMB",
        "geography": "US",
        "content_name": "KMB Q2 2023 Transcript",
        "file_type": "pdf",
        "content_type": "earnings_transcript",
        "published_date": "2023-07-25",
        "fiscal_date": "2023-07-25",
        "fiscal_year": 2023,
        "fiscal_quarter": 2,
        "r2_url": "https://pub-2c783279b61043e19fbdadd1bee5153a.r2.dev/KMB/2023-07-25/Kimberly-Clark%20Corporation_2023-07-25_transcript/Kimberly-Clark%20Corporation_2023-07-25_transcript.pdf/Kimberly-Clark%20Corporation_2023-07-25_transcript.pdf",
        "periodicity": "periodic"
    },
    {
        "equity_ticker": "KMB",
        "geography": "US",
        "content_name": "KMB Q2 2023 Press Release",
        "file_type": "pdf",
        "content_type": "earnings_press_release",
        "published_date": "2023-07-25",
        "fiscal_date": "2023-07-25",
        "fiscal_year": 2023,
        "fiscal_quarter": 2,
        "r2_url": "https://pub-2c783279b61043e19fbdadd1bee5153a.r2.dev/KMB/2023-07-25/1890c-2023-07-25-11-24-14/1890c-2023-07-25-11-24-14.pdf/1890c-2023-07-25-11-24-14.pdf",
        "periodicity": "periodic"
    },
    {
        "equity_ticker": "KMB",
        "geography": "US",
        "content_name": "KMB Q2 2023 Presentation",
        "file_type": "pdf",
        "content_type": "earnings_presentation",
        "published_date": "2023-07-25",
        "fiscal_date": "2023-07-25",
        "fiscal_year": 2023,
        "fiscal_quarter": 2,
        "r2_url": "https://pub-2c783279b61043e19fbdadd1bee5153a.r2.dev/KMB/2023-07-25/1414c-2023-07-25-03-54-08/1414c-2023-07-25-03-54-08.pdf/1414c-2023-07-25-03-54-08.pdf",
        "periodicity": "periodic"
    },
    {
        "equity_ticker": "KMB",
        "geography": "US",
        "content_name": "KMB Q1 2023 Transcript",
        "file_type": "pdf",
        "content_type": "earnings_transcript",
        "published_date": "2023-04-25",
        "fiscal_date": "2023-04-25",
        "fiscal_year": 2023,
        "fiscal_quarter": 1,
        "r2_url": "https://pub-2c783279b61043e19fbdadd1bee5153a.r2.dev/KMB/2023-04-25/Kimberly-Clark%20Corporation_2023-04-25_transcript/Kimberly-Clark%20Corporation_2023-04-25_transcript.pdf/Kimberly-Clark%20Corporation_2023-04-25_transcript.pdf",
        "periodicity": "periodic"
    },
    {
        "equity_ticker": "KMB",
        "geography": "US",
        "content_name": "KMB Q1 2023 Press Release",
        "file_type": "pdf",
        "content_type": "earnings_press_release",
        "published_date": "2023-04-25",
        "fiscal_date": "2023-04-25",
        "fiscal_year": 2023,
        "fiscal_quarter": 1,
        "r2_url": "https://pub-2c783279b61043e19fbdadd1bee5153a.r2.dev/KMB/2023-04-25/f0032-2023-04-25-12-50-02/f0032-2023-04-25-12-50-02.pdf/f0032-2023-04-25-12-50-02.pdf",
        "periodicity": "periodic"
    },
    {
        "equity_ticker": "KMB",
        "geography": "US",
        "content_name": "KMB Q1 2023 Presentation",
        "file_type": "pdf",
        "content_type": "earnings_presentation",
        "published_date": "2023-04-25",
        "fiscal_date": "2023-04-25",
        "fiscal_year": 2023,
        "fiscal_quarter": 1,
        "r2_url": "https://pub-2c783279b61043e19fbdadd1bee5153a.r2.dev/KMB/2023-04-25/e77a6-2023-04-25-12-20-14/e77a6-2023-04-25-12-20-14.pdf/e77a6-2023-04-25-12-20-14.pdf",
        "periodicity": "periodic"
    },
    {
        "equity_ticker": "KMB",
        "geography": "US",
        "content_name": "AGM 2023 - April 20, 2023",
        "file_type": "pdf",
        "content_type": "company_conference_transcript",
        "published_date": "2023-04-20",
        "fiscal_date": "2023-04-20",
        "fiscal_year": null,
        "fiscal_quarter": null,
        "r2_url": "https://pub-2c783279b61043e19fbdadd1bee5153a.r2.dev/KMB/2023-04-20/Kimberly-Clark%20Corporation_2023-04-20_transcript/Kimberly-Clark%20Corporation_2023-04-20_transcript.pdf/Kimberly-Clark%20Corporation_2023-04-20_transcript.pdf",
        "periodicity": "non_periodic"
    },
    {
        "equity_ticker": "KMB",
        "geography": "US",
        "content_name": "KMB Q4 2022 Transcript",
        "file_type": "pdf",
        "content_type": "earnings_transcript",
        "published_date": "2023-01-25",
        "fiscal_date": "2023-01-25",
        "fiscal_year": 2022,
        "fiscal_quarter": 4,
        "r2_url": "https://pub-2c783279b61043e19fbdadd1bee5153a.r2.dev/KMB/2023-01-25/Kimberly-Clark%20Corporation_2023-01-25_transcript/Kimberly-Clark%20Corporation_2023-01-25_transcript.pdf/Kimberly-Clark%20Corporation_2023-01-25_transcript.pdf",
        "periodicity": "periodic"
    },
    {
        "equity_ticker": "KMB",
        "geography": "US",
        "content_name": "KMB Q4 2022 Press Release",
        "file_type": "pdf",
        "content_type": "earnings_press_release",
        "published_date": "2023-01-25",
        "fiscal_date": "2023-01-25",
        "fiscal_year": 2022,
        "fiscal_quarter": 4,
        "r2_url": "https://pub-2c783279b61043e19fbdadd1bee5153a.r2.dev/KMB/2023-01-25/c4f98-2023-01-25-01-51-02/c4f98-2023-01-25-01-51-02.pdf/c4f98-2023-01-25-01-51-02.pdf",
        "periodicity": "periodic"
    },
    {
        "equity_ticker": "KMB",
        "geography": "US",
        "content_name": "KMB Q3 2022 Transcript",
        "file_type": "pdf",
        "content_type": "earnings_transcript",
        "published_date": "2022-10-25",
        "fiscal_date": "2022-10-25",
        "fiscal_year": 2022,
        "fiscal_quarter": 3,
        "r2_url": "https://pub-2c783279b61043e19fbdadd1bee5153a.r2.dev/KMB/2022-10-25/Kimberly-Clark%20Corporation_2022-10-25_transcript/Kimberly-Clark%20Corporation_2022-10-25_transcript.pdf/Kimberly-Clark%20Corporation_2022-10-25_transcript.pdf",
        "periodicity": "periodic"
    },
    {
        "equity_ticker": "KMB",
        "geography": "US",
        "content_name": "KMB Q3 2022 Press Release",
        "file_type": "pdf",
        "content_type": "earnings_press_release",
        "published_date": "2022-10-25",
        "fiscal_date": "2022-10-25",
        "fiscal_year": 2022,
        "fiscal_quarter": 3,
        "r2_url": "https://pub-2c783279b61043e19fbdadd1bee5153a.r2.dev/KMB/2022-10-25/34f5f-2022-10-25-12-21-12/34f5f-2022-10-25-12-21-12.pdf/34f5f-2022-10-25-12-21-12.pdf",
        "periodicity": "periodic"
    },
    {
        "equity_ticker": "KMB",
        "geography": "US",
        "content_name": "Barclays Global Consumer Staples Conference - October 7, 2022",
        "file_type": "pdf",
        "content_type": "sellside_conference_transcript",
        "published_date": "2022-10-07",
        "fiscal_date": "2022-10-07",
        "fiscal_year": null,
        "fiscal_quarter": null,
        "r2_url": "https://pub-2c783279b61043e19fbdadd1bee5153a.r2.dev/KMB/2022-10-07/Kimberly-Clark%20Corporation_2022-10-07_transcript/Kimberly-Clark%20Corporation_2022-10-07_transcript.pdf/Kimberly-Clark%20Corporation_2022-10-07_transcript.pdf",
        "periodicity": "non_periodic"
    },
    {
        "equity_ticker": "KMB",
        "geography": "US",
        "content_name": "Barclays Global Consumer Staples Conference - October 7, 2022",
        "file_type": "pdf",
        "content_type": "sellside_conference_presentation",
        "published_date": "2022-10-07",
        "fiscal_date": "2022-10-07",
        "fiscal_year": null,
        "fiscal_quarter": null,
        "r2_url": "https://pub-2c783279b61043e19fbdadd1bee5153a.r2.dev/KMB/2022-10-07/ad677-2023-04-04-01-12-01/ad677-2023-04-04-01-12-01.pdf/ad677-2023-04-04-01-12-01.pdf",
        "periodicity": "non_periodic"
    },
    {
        "equity_ticker": "KMB",
        "geography": "US",
        "content_name": "KMB Q2 2022 Transcript",
        "file_type": "pdf",
        "content_type": "earnings_transcript",
        "published_date": "2022-07-26",
        "fiscal_date": "2022-07-26",
        "fiscal_year": 2022,
        "fiscal_quarter": 2,
        "r2_url": "https://pub-2c783279b61043e19fbdadd1bee5153a.r2.dev/KMB/2022-07-26/Kimberly-Clark%20Corporation_2022-07-26_transcript/Kimberly-Clark%20Corporation_2022-07-26_transcript.pdf/Kimberly-Clark%20Corporation_2022-07-26_transcript.pdf",
        "periodicity": "periodic"
    },
    {
        "equity_ticker": "KMB",
        "geography": "US",
        "content_name": "KMB Q2 2022 Press Release",
        "file_type": "pdf",
        "content_type": "earnings_press_release",
        "published_date": "2022-07-26",
        "fiscal_date": "2022-07-26",
        "fiscal_year": 2022,
        "fiscal_quarter": 2,
        "r2_url": "https://pub-2c783279b61043e19fbdadd1bee5153a.r2.dev/KMB/2022-07-26/7f8b6-2022-07-26-11-14-36/7f8b6-2022-07-26-11-14-36.pdf/7f8b6-2022-07-26-11-14-36.pdf",
        "periodicity": "periodic"
    },
    {
        "equity_ticker": "KMB",
        "geography": "US",
        "content_name": "KMB Q1 2022 Transcript",
        "file_type": "pdf",
        "content_type": "earnings_transcript",
        "published_date": "2022-04-22",
        "fiscal_date": "2022-04-22",
        "fiscal_year": 2022,
        "fiscal_quarter": 1,
        "r2_url": "https://pub-2c783279b61043e19fbdadd1bee5153a.r2.dev/KMB/2022-04-22/Kimberly-Clark%20Corporation_2022-04-22_transcript/Kimberly-Clark%20Corporation_2022-04-22_transcript.pdf/Kimberly-Clark%20Corporation_2022-04-22_transcript.pdf",
        "periodicity": "periodic"
    },
    {
        "equity_ticker": "KMB",
        "geography": "US",
        "content_name": "KMB Q1 2022 Press Release",
        "file_type": "pdf",
        "content_type": "earnings_press_release",
        "published_date": "2022-04-22",
        "fiscal_date": "2022-04-22",
        "fiscal_year": 2022,
        "fiscal_quarter": 1,
        "r2_url": "https://pub-2c783279b61043e19fbdadd1bee5153a.r2.dev/KMB/2022-04-22/f03e9-2023-01-25-12-00-59/f03e9-2023-01-25-12-00-59.pdf/f03e9-2023-01-25-12-00-59.pdf",
        "periodicity": "periodic"
    },
    {
        "equity_ticker": "KMB",
        "geography": "US",
        "content_name": "2022 CAGNY Conference - February 25, 2022",
        "file_type": "pdf",
        "content_type": "industry_conference_transcript",
        "published_date": "2022-02-25",
        "fiscal_date": "2022-02-25",
        "fiscal_year": null,
        "fiscal_quarter": null,
        "r2_url": "https://pub-2c783279b61043e19fbdadd1bee5153a.r2.dev/KMB/2022-02-25/Kimberly-Clark%20Corporation_2022-02-25_transcript/Kimberly-Clark%20Corporation_2022-02-25_transcript.pdf/Kimberly-Clark%20Corporation_2022-02-25_transcript.pdf",
        "periodicity": "non_periodic"
    },
    {
        "equity_ticker": "KMB",
        "geography": "US",
        "content_name": "2022 CAGNY Conference - February 25, 2022",
        "file_type": "pdf",
        "content_type": "industry_conference_presentation",
        "published_date": "2022-02-25",
        "fiscal_date": "2022-02-25",
        "fiscal_year": null,
        "fiscal_quarter": null,
        "r2_url": "https://pub-2c783279b61043e19fbdadd1bee5153a.r2.dev/KMB/2022-02-25/cc481-2022-10-25-07-32-19/cc481-2022-10-25-07-32-19.pdf/cc481-2022-10-25-07-32-19.pdf",
        "periodicity": "non_periodic"
    },
    {
        "equity_ticker": "KMB",
        "geography": "US",
        "content_name": "KMB Q4 2021 Transcript",
        "file_type": "pdf",
        "content_type": "earnings_transcript",
        "published_date": "2022-01-26",
        "fiscal_date": "2022-01-26",
        "fiscal_year": 2021,
        "fiscal_quarter": 4,
        "r2_url": "https://pub-2c783279b61043e19fbdadd1bee5153a.r2.dev/KMB/2022-01-26/Kimberly-Clark%20Corporation_2022-01-26_transcript/Kimberly-Clark%20Corporation_2022-01-26_transcript.pdf/Kimberly-Clark%20Corporation_2022-01-26_transcript.pdf",
        "periodicity": "periodic"
    },
    {
        "equity_ticker": "KMB",
        "geography": "US",
        "content_name": "KMB Q4 2021 Press Release",
        "file_type": "pdf",
        "content_type": "earnings_press_release",
        "published_date": "2022-01-26",
        "fiscal_date": "2022-01-26",
        "fiscal_year": 2021,
        "fiscal_quarter": 4,
        "r2_url": "https://pub-2c783279b61043e19fbdadd1bee5153a.r2.dev/KMB/2022-01-26/cc4fa-2023-01-25-12-04-17/cc4fa-2023-01-25-12-04-17.pdf/cc4fa-2023-01-25-12-04-17.pdf",
        "periodicity": "periodic"
    },
    {
        "equity_ticker": "KMB",
        "geography": "US",
        "content_name": "KMB Q3 2021 Transcript",
        "file_type": "pdf",
        "content_type": "earnings_transcript",
        "published_date": "2021-10-25",
        "fiscal_date": "2021-10-25",
        "fiscal_year": 2021,
        "fiscal_quarter": 3,
        "r2_url": "https://pub-2c783279b61043e19fbdadd1bee5153a.r2.dev/KMB/2021-10-25/Kimberly-Clark%20Corporation_2021-10-25_transcript/Kimberly-Clark%20Corporation_2021-10-25_transcript.pdf/Kimberly-Clark%20Corporation_2021-10-25_transcript.pdf",
        "periodicity": "periodic"
    },
    {
        "equity_ticker": "KMB",
        "geography": "US",
        "content_name": "KMB Q3 2021 Press Release",
        "file_type": "pdf",
        "content_type": "earnings_press_release",
        "published_date": "2021-10-25",
        "fiscal_date": "2021-10-25",
        "fiscal_year": 2021,
        "fiscal_quarter": 3,
        "r2_url": "https://pub-2c783279b61043e19fbdadd1bee5153a.r2.dev/KMB/2021-10-25/97bda-2023-01-25-10-12-17/97bda-2023-01-25-10-12-17.pdf/97bda-2023-01-25-10-12-17.pdf",
        "periodicity": "periodic"
    },
    {
        "equity_ticker": "KMB",
        "geography": "US",
        "content_name": "KMB Q2 2021 Transcript",
        "file_type": "pdf",
        "content_type": "earnings_transcript",
        "published_date": "2021-07-23",
        "fiscal_date": "2021-07-23",
        "fiscal_year": 2021,
        "fiscal_quarter": 2,
        "r2_url": "https://pub-2c783279b61043e19fbdadd1bee5153a.r2.dev/KMB/2021-07-23/Kimberly-Clark%20Corporation_2021-07-23_transcript/Kimberly-Clark%20Corporation_2021-07-23_transcript.pdf/Kimberly-Clark%20Corporation_2021-07-23_transcript.pdf",
        "periodicity": "periodic"
    },
    {
        "equity_ticker": "KMB",
        "geography": "US",
        "content_name": "KMB Q2 2021 Press Release",
        "file_type": "pdf",
        "content_type": "earnings_press_release",
        "published_date": "2021-07-23",
        "fiscal_date": "2021-07-23",
        "fiscal_year": 2021,
        "fiscal_quarter": 2,
        "r2_url": "https://pub-2c783279b61043e19fbdadd1bee5153a.r2.dev/KMB/2021-07-23/2a80d-2023-01-25-09-52-09/2a80d-2023-01-25-09-52-09.pdf/2a80d-2023-01-25-09-52-09.pdf",
        "periodicity": "periodic"
    },
    {
        "equity_ticker": "KMB",
        "geography": "US",
        "content_name": "KMB Q1 2021 Transcript",
        "file_type": "pdf",
        "content_type": "earnings_transcript",
        "published_date": "2021-04-23",
        "fiscal_date": "2021-04-23",
        "fiscal_year": 2021,
        "fiscal_quarter": 1,
        "r2_url": "https://pub-2c783279b61043e19fbdadd1bee5153a.r2.dev/KMB/2021-04-23/Kimberly-Clark%20Corporation_2021-04-23_transcript/Kimberly-Clark%20Corporation_2021-04-23_transcript.pdf/Kimberly-Clark%20Corporation_2021-04-23_transcript.pdf",
        "periodicity": "periodic"
    },
    {
        "equity_ticker": "KMB",
        "geography": "US",
        "content_name": "KMB Q1 2021 Press Release",
        "file_type": "pdf",
        "content_type": "quarterly_report",
        "published_date": "2021-04-23",
        "fiscal_date": "2021-04-23",
        "fiscal_year": 2021,
        "fiscal_quarter": 1,
        "r2_url": "https://pub-2c783279b61043e19fbdadd1bee5153a.r2.dev/KMB/2021-04-23/28c81-2024-08-29-04-53-42/28c81-2024-08-29-04-53-42.pdf/28c81-2024-08-29-04-53-42.pdf",
        "periodicity": "periodic"
    },
    {
        "equity_ticker": "KMB",
        "geography": "US",
        "content_name": "KMB Q4 2020 Transcript",
        "file_type": "pdf",
        "content_type": "earnings_transcript",
        "published_date": "2021-02-11",
        "fiscal_date": "2021-02-11",
        "fiscal_year": 2020,
        "fiscal_quarter": 4,
        "r2_url": "https://pub-2c783279b61043e19fbdadd1bee5153a.r2.dev/KMB/2021-02-11/Kimberly-Clark%20Corporation_2021-02-11_transcript/Kimberly-Clark%20Corporation_2021-02-11_transcript.pdf/Kimberly-Clark%20Corporation_2021-02-11_transcript.pdf",
        "periodicity": "periodic"
    },
    {
        "equity_ticker": "KMB",
        "geography": "US",
        "content_name": "KMB Q4 2020 Press Release",
        "file_type": "pdf",
        "content_type": "annual_report",
        "published_date": "2021-02-11",
        "fiscal_date": "2021-02-11",
        "fiscal_year": 2020,
        "fiscal_quarter": 4,
        "r2_url": "https://pub-2c783279b61043e19fbdadd1bee5153a.r2.dev/KMB/2021-02-11/e3a3a-2023-09-04-11-55-59/e3a3a-2023-09-04-11-55-59.pdf/e3a3a-2023-09-04-11-55-59.pdf",
        "periodicity": "periodic"
    },
    {
        "equity_ticker": "KMB",
        "geography": "US",
        "content_name": "KMB Q3 2020 Transcript",
        "file_type": "pdf",
        "content_type": "earnings_transcript",
        "published_date": "2020-10-22",
        "fiscal_date": "2020-10-22",
        "fiscal_year": 2020,
        "fiscal_quarter": 3,
        "r2_url": "https://pub-2c783279b61043e19fbdadd1bee5153a.r2.dev/KMB/2020-10-22/Kimberly-Clark%20Corporation_2020-10-22_transcript/Kimberly-Clark%20Corporation_2020-10-22_transcript.pdf/Kimberly-Clark%20Corporation_2020-10-22_transcript.pdf",
        "periodicity": "periodic"
    },
    {
        "equity_ticker": "KMB",
        "geography": "US",
        "content_name": "KMB Q2 2020 Transcript",
        "file_type": "pdf",
        "content_type": "earnings_transcript",
        "published_date": "2020-07-23",
        "fiscal_date": "2020-07-23",
        "fiscal_year": 2020,
        "fiscal_quarter": 2,
        "r2_url": "https://pub-2c783279b61043e19fbdadd1bee5153a.r2.dev/KMB/2020-07-23/Kimberly-Clark%20Corporation_2020-07-23_transcript/Kimberly-Clark%20Corporation_2020-07-23_transcript.pdf/Kimberly-Clark%20Corporation_2020-07-23_transcript.pdf",
        "periodicity": "periodic"
    },
    {
        "equity_ticker": "KMB",
        "geography": "US",
        "content_name": "KMB Q1 2020 Transcript",
        "file_type": "pdf",
        "content_type": "earnings_transcript",
        "published_date": "2020-04-22",
        "fiscal_date": "2020-04-22",
        "fiscal_year": 2020,
        "fiscal_quarter": 1,
        "r2_url": "https://pub-2c783279b61043e19fbdadd1bee5153a.r2.dev/KMB/2020-04-22/Kimberly-Clark%20Corporation_2020-04-22_transcript/Kimberly-Clark%20Corporation_2020-04-22_transcript.pdf/Kimberly-Clark%20Corporation_2020-04-22_transcript.pdf",
        "periodicity": "periodic"
    },
    {
        "equity_ticker": "KMB",
        "geography": "US",
        "content_name": "KMB Q4 2019 Transcript",
        "file_type": "pdf",
        "content_type": "earnings_transcript",
        "published_date": "2020-02-13",
        "fiscal_date": "2020-02-13",
        "fiscal_year": 2019,
        "fiscal_quarter": 4,
        "r2_url": "https://pub-2c783279b61043e19fbdadd1bee5153a.r2.dev/KMB/2020-02-13/Kimberly-Clark%20Corporation_2020-02-13_transcript/Kimberly-Clark%20Corporation_2020-02-13_transcript.pdf/Kimberly-Clark%20Corporation_2020-02-13_transcript.pdf",
        "periodicity": "periodic"
    },
    {
        "equity_ticker": "KMB",
        "geography": "US",
        "content_name": "KMB Q4 2019 Press Release",
        "file_type": "pdf",
        "content_type": "annual_report",
        "published_date": "2020-02-13",
        "fiscal_date": "2020-02-13",
        "fiscal_year": 2019,
        "fiscal_quarter": 4,
        "r2_url": "https://pub-2c783279b61043e19fbdadd1bee5153a.r2.dev/KMB/2020-02-13/0849c-2023-09-05-12-12-00/0849c-2023-09-05-12-12-00.pdf/0849c-2023-09-05-12-12-00.pdf",
        "periodicity": "periodic"
    },
    {
        "equity_ticker": "KMB",
        "geography": "US",
        "content_name": "KMB Q3 2019 Transcript",
        "file_type": "pdf",
        "content_type": "earnings_transcript",
        "published_date": "2019-10-22",
        "fiscal_date": "2019-10-22",
        "fiscal_year": 2019,
        "fiscal_quarter": 3,
        "r2_url": "https://pub-2c783279b61043e19fbdadd1bee5153a.r2.dev/KMB/2019-10-22/Kimberly-Clark%20Corporation_2019-10-22_transcript/Kimberly-Clark%20Corporation_2019-10-22_transcript.pdf/Kimberly-Clark%20Corporation_2019-10-22_transcript.pdf",
        "periodicity": "periodic"
    },
    {
        "equity_ticker": "KMB",
        "geography": "US",
        "content_name": "KMB Q2 2019 Transcript",
        "file_type": "pdf",
        "content_type": "earnings_transcript",
        "published_date": "2019-07-23",
        "fiscal_date": "2019-07-23",
        "fiscal_year": 2019,
        "fiscal_quarter": 2,
        "r2_url": "https://pub-2c783279b61043e19fbdadd1bee5153a.r2.dev/KMB/2019-07-23/Kimberly-Clark%20Corporation_2019-07-23_transcript/Kimberly-Clark%20Corporation_2019-07-23_transcript.pdf/Kimberly-Clark%20Corporation_2019-07-23_transcript.pdf",
        "periodicity": "periodic"
    },
    {
        "equity_ticker": "KMB",
        "geography": "US",
        "content_name": "KMB Q1 2019 Transcript",
        "file_type": "pdf",
        "content_type": "earnings_transcript",
        "published_date": "2019-04-22",
        "fiscal_date": "2019-04-22",
        "fiscal_year": 2019,
        "fiscal_quarter": 1,
        "r2_url": "https://pub-2c783279b61043e19fbdadd1bee5153a.r2.dev/KMB/2019-04-22/Kimberly-Clark%20Corporation_2019-04-22_transcript/Kimberly-Clark%20Corporation_2019-04-22_transcript.pdf/Kimberly-Clark%20Corporation_2019-04-22_transcript.pdf",
        "periodicity": "periodic"
    },
    {
        "equity_ticker": "KMB",
        "geography": "US",
        "content_name": "KMB Q4 2018 Transcript",
        "file_type": "pdf",
        "content_type": "earnings_transcript",
        "published_date": "2019-02-07",
        "fiscal_date": "2019-02-07",
        "fiscal_year": 2018,
        "fiscal_quarter": 4,
        "r2_url": "https://pub-2c783279b61043e19fbdadd1bee5153a.r2.dev/KMB/2019-02-07/Kimberly-Clark%20Corporation_2019-02-07_transcript/Kimberly-Clark%20Corporation_2019-02-07_transcript.pdf/Kimberly-Clark%20Corporation_2019-02-07_transcript.pdf",
        "periodicity": "periodic"
    },
    {
        "equity_ticker": "KMB",
        "geography": "US",
        "content_name": "KMB Q4 2018 Press Release",
        "file_type": "pdf",
        "content_type": "annual_report",
        "published_date": "2019-02-07",
        "fiscal_date": "2019-02-07",
        "fiscal_year": 2018,
        "fiscal_quarter": 4,
        "r2_url": "https://pub-2c783279b61043e19fbdadd1bee5153a.r2.dev/KMB/2019-02-07/9f882-2023-09-05-12-27-00/9f882-2023-09-05-12-27-00.pdf/9f882-2023-09-05-12-27-00.pdf",
        "periodicity": "periodic"
    },
    {
        "equity_ticker": "KMB",
        "geography": "US",
        "content_name": "KMB Q3 2018 Transcript",
        "file_type": "pdf",
        "content_type": "earnings_transcript",
        "published_date": "2018-10-22",
        "fiscal_date": "2018-10-22",
        "fiscal_year": 2018,
        "fiscal_quarter": 3,
        "r2_url": "https://pub-2c783279b61043e19fbdadd1bee5153a.r2.dev/KMB/2018-10-22/Kimberly-Clark%20Corporation_2018-10-22_transcript/Kimberly-Clark%20Corporation_2018-10-22_transcript.pdf/Kimberly-Clark%20Corporation_2018-10-22_transcript.pdf",
        "periodicity": "periodic"
    },
    {
        "equity_ticker": "KMB",
        "geography": "US",
        "content_name": "KMB Q2 2018 Transcript",
        "file_type": "pdf",
        "content_type": "earnings_transcript",
        "published_date": "2018-07-24",
        "fiscal_date": "2018-07-24",
        "fiscal_year": 2018,
        "fiscal_quarter": 2,
        "r2_url": "https://pub-2c783279b61043e19fbdadd1bee5153a.r2.dev/KMB/2018-07-24/Kimberly-Clark%20Corporation_2018-07-24_transcript/Kimberly-Clark%20Corporation_2018-07-24_transcript.pdf/Kimberly-Clark%20Corporation_2018-07-24_transcript.pdf",
        "periodicity": "periodic"
    },
    {
        "equity_ticker": "KMB",
        "geography": "US",
        "content_name": "KMB Q1 2018 Transcript",
        "file_type": "pdf",
        "content_type": "earnings_transcript",
        "published_date": "2018-04-23",
        "fiscal_date": "2018-04-23",
        "fiscal_year": 2018,
        "fiscal_quarter": 1,
        "r2_url": "https://pub-2c783279b61043e19fbdadd1bee5153a.r2.dev/KMB/2018-04-23/Kimberly-Clark%20Corporation_2018-04-23_transcript/Kimberly-Clark%20Corporation_2018-04-23_transcript.pdf/Kimberly-Clark%20Corporation_2018-04-23_transcript.pdf",
        "periodicity": "periodic"
    },
    {
        "equity_ticker": "KMB",
        "geography": "US",
        "content_name": "KMB Q4 2017 Transcript",
        "file_type": "pdf",
        "content_type": "earnings_transcript",
        "published_date": "2018-02-08",
        "fiscal_date": "2018-02-08",
        "fiscal_year": 2017,
        "fiscal_quarter": 4,
        "r2_url": "https://pub-2c783279b61043e19fbdadd1bee5153a.r2.dev/KMB/2018-02-08/Kimberly-Clark%20Corporation_2018-02-08_transcript/Kimberly-Clark%20Corporation_2018-02-08_transcript.pdf/Kimberly-Clark%20Corporation_2018-02-08_transcript.pdf",
        "periodicity": "periodic"
    },
    {
        "equity_ticker": "KMB",
        "geography": "US",
        "content_name": "KMB Q4 2017 Press Release",
        "file_type": "pdf",
        "content_type": "annual_report",
        "published_date": "2018-02-08",
        "fiscal_date": "2018-02-08",
        "fiscal_year": 2017,
        "fiscal_quarter": 4,
        "r2_url": "https://pub-2c783279b61043e19fbdadd1bee5153a.r2.dev/KMB/2018-02-08/e1acd-2023-09-05-12-39-00/e1acd-2023-09-05-12-39-00.pdf/e1acd-2023-09-05-12-39-00.pdf",
        "periodicity": "periodic"
    },
    {
        "equity_ticker": "KMB",
        "geography": "US",
        "content_name": "KMB Q3 2017 Transcript",
        "file_type": "pdf",
        "content_type": "earnings_transcript",
        "published_date": "2017-10-23",
        "fiscal_date": "2017-10-23",
        "fiscal_year": 2017,
        "fiscal_quarter": 3,
        "r2_url": "https://pub-2c783279b61043e19fbdadd1bee5153a.r2.dev/KMB/2017-10-23/Kimberly-Clark%20Corporation_2017-10-23_transcript/Kimberly-Clark%20Corporation_2017-10-23_transcript.pdf/Kimberly-Clark%20Corporation_2017-10-23_transcript.pdf",
        "periodicity": "periodic"
    },
    {
        "equity_ticker": "KMB",
        "geography": "US",
        "content_name": "KMB Q2 2017 Transcript",
        "file_type": "pdf",
        "content_type": "earnings_transcript",
        "published_date": "2017-07-25",
        "fiscal_date": "2017-07-25",
        "fiscal_year": 2017,
        "fiscal_quarter": 2,
        "r2_url": "https://pub-2c783279b61043e19fbdadd1bee5153a.r2.dev/KMB/2017-07-25/Kimberly-Clark%20Corporation_2017-07-25_transcript/Kimberly-Clark%20Corporation_2017-07-25_transcript.pdf/Kimberly-Clark%20Corporation_2017-07-25_transcript.pdf",
        "periodicity": "periodic"
    },
    {
        "equity_ticker": "KMB",
        "geography": "US",
        "content_name": "KMB Q1 2017 Transcript",
        "file_type": "pdf",
        "content_type": "earnings_transcript",
        "published_date": "2017-04-24",
        "fiscal_date": "2017-04-24",
        "fiscal_year": 2017,
        "fiscal_quarter": 1,
        "r2_url": "https://pub-2c783279b61043e19fbdadd1bee5153a.r2.dev/KMB/2017-04-24/Kimberly-Clark%20Corporation_2017-04-24_transcript/Kimberly-Clark%20Corporation_2017-04-24_transcript.pdf/Kimberly-Clark%20Corporation_2017-04-24_transcript.pdf",
        "periodicity": "periodic"
    },
    {
        "equity_ticker": "KMB",
        "geography": "US",
        "content_name": "KMB Q4 2016 Transcript",
        "file_type": "pdf",
        "content_type": "earnings_transcript",
        "published_date": "2017-02-08",
        "fiscal_date": "2017-02-08",
        "fiscal_year": 2016,
        "fiscal_quarter": 4,
        "r2_url": "https://pub-2c783279b61043e19fbdadd1bee5153a.r2.dev/KMB/2017-02-08/Kimberly-Clark%20Corporation_2017-02-08_transcript/Kimberly-Clark%20Corporation_2017-02-08_transcript.pdf/Kimberly-Clark%20Corporation_2017-02-08_transcript.pdf",
        "periodicity": "periodic"
    },
    {
        "equity_ticker": "KMB",
        "geography": "US",
        "content_name": "KMB Q4 2016 Press Release",
        "file_type": "pdf",
        "content_type": "annual_report",
        "published_date": "2017-02-08",
        "fiscal_date": "2017-02-08",
        "fiscal_year": 2016,
        "fiscal_quarter": 4,
        "r2_url": "https://pub-2c783279b61043e19fbdadd1bee5153a.r2.dev/KMB/2017-02-08/103dd-2023-09-05-12-56-00/103dd-2023-09-05-12-56-00.pdf/103dd-2023-09-05-12-56-00.pdf",
        "periodicity": "periodic"
    },
    {
        "equity_ticker": "KMB",
        "geography": "US",
        "content_name": "KMB Q3 2016 Transcript",
        "file_type": "pdf",
        "content_type": "earnings_transcript",
        "published_date": "2016-10-24",
        "fiscal_date": "2016-10-24",
        "fiscal_year": 2016,
        "fiscal_quarter": 3,
        "r2_url": "https://pub-2c783279b61043e19fbdadd1bee5153a.r2.dev/KMB/2016-10-24/Kimberly-Clark%20Corporation_2016-10-24_transcript/Kimberly-Clark%20Corporation_2016-10-24_transcript.pdf/Kimberly-Clark%20Corporation_2016-10-24_transcript.pdf",
        "periodicity": "periodic"
    },
    {
        "equity_ticker": "KMB",
        "geography": "US",
        "content_name": "KMB Q2 2016 Transcript",
        "file_type": "pdf",
        "content_type": "earnings_transcript",
        "published_date": "2016-07-25",
        "fiscal_date": "2016-07-25",
        "fiscal_year": 2016,
        "fiscal_quarter": 2,
        "r2_url": "https://pub-2c783279b61043e19fbdadd1bee5153a.r2.dev/KMB/2016-07-25/Kimberly-Clark%20Corporation_2016-07-25_transcript/Kimberly-Clark%20Corporation_2016-07-25_transcript.pdf/Kimberly-Clark%20Corporation_2016-07-25_transcript.pdf",
        "periodicity": "periodic"
    },
    {
        "equity_ticker": "KMB",
        "geography": "US",
        "content_name": "KMB Q1 2016 Transcript",
        "file_type": "pdf",
        "content_type": "earnings_transcript",
        "published_date": "2016-04-22",
        "fiscal_date": "2016-04-22",
        "fiscal_year": 2016,
        "fiscal_quarter": 1,
        "r2_url": "https://pub-2c783279b61043e19fbdadd1bee5153a.r2.dev/KMB/2016-04-22/Kimberly-Clark%20Corporation_2016-04-22_transcript/Kimberly-Clark%20Corporation_2016-04-22_transcript.pdf/Kimberly-Clark%20Corporation_2016-04-22_transcript.pdf",
        "periodicity": "periodic"
    },
    {
        "equity_ticker": "KMB",
        "geography": "US",
        "content_name": "KMB Q4 2015 Transcript",
        "file_type": "pdf",
        "content_type": "earnings_transcript",
        "published_date": "2016-02-11",
        "fiscal_date": "2016-02-11",
        "fiscal_year": 2015,
        "fiscal_quarter": 4,
        "r2_url": "https://pub-2c783279b61043e19fbdadd1bee5153a.r2.dev/KMB/2016-02-11/Kimberly-Clark%20Corporation_2016-02-11_transcript/Kimberly-Clark%20Corporation_2016-02-11_transcript.pdf/Kimberly-Clark%20Corporation_2016-02-11_transcript.pdf",
        "periodicity": "periodic"
    },
    {
        "equity_ticker": "KMB",
        "geography": "US",
        "content_name": "KMB Q4 2015 Press Release",
        "file_type": "pdf",
        "content_type": "annual_report",
        "published_date": "2016-02-11",
        "fiscal_date": "2016-02-11",
        "fiscal_year": 2015,
        "fiscal_quarter": 4,
        "r2_url": "https://pub-2c783279b61043e19fbdadd1bee5153a.r2.dev/KMB/2016-02-11/f39e4-2023-09-05-12-12-01/f39e4-2023-09-05-12-12-01.pdf/f39e4-2023-09-05-12-12-01.pdf",
        "periodicity": "periodic"
    },
    {
        "equity_ticker": "KMB",
        "geography": "US",
        "content_name": "KMB Q3 2015 Transcript",
        "file_type": "pdf",
        "content_type": "earnings_transcript",
        "published_date": "2015-10-21",
        "fiscal_date": "2015-10-21",
        "fiscal_year": 2015,
        "fiscal_quarter": 3,
        "r2_url": "https://pub-2c783279b61043e19fbdadd1bee5153a.r2.dev/KMB/2015-10-21/Kimberly-Clark%20Corporation_2015-10-21_transcript/Kimberly-Clark%20Corporation_2015-10-21_transcript.pdf/Kimberly-Clark%20Corporation_2015-10-21_transcript.pdf",
        "periodicity": "periodic"
    },
    {
        "equity_ticker": "KMB",
        "geography": "US",
        "content_name": "KMB Q2 2015 Transcript",
        "file_type": "pdf",
        "content_type": "earnings_transcript",
        "published_date": "2015-07-23",
        "fiscal_date": "2015-07-23",
        "fiscal_year": 2015,
        "fiscal_quarter": 2,
        "r2_url": "https://pub-2c783279b61043e19fbdadd1bee5153a.r2.dev/KMB/2015-07-23/Kimberly-Clark%20Corporation_2015-07-23_transcript/Kimberly-Clark%20Corporation_2015-07-23_transcript.pdf/Kimberly-Clark%20Corporation_2015-07-23_transcript.pdf",
        "periodicity": "periodic"
    },
    {
        "equity_ticker": "KMB",
        "geography": "US",
        "content_name": "KMB Q1 2015 Transcript",
        "file_type": "pdf",
        "content_type": "earnings_transcript",
        "published_date": "2015-04-21",
        "fiscal_date": "2015-04-21",
        "fiscal_year": 2015,
        "fiscal_quarter": 1,
        "r2_url": "https://pub-2c783279b61043e19fbdadd1bee5153a.r2.dev/KMB/2015-04-21/Kimberly-Clark%20Corporation_2015-04-21_transcript/Kimberly-Clark%20Corporation_2015-04-21_transcript.pdf/Kimberly-Clark%20Corporation_2015-04-21_transcript.pdf",
        "periodicity": "periodic"
    },
    {
        "equity_ticker": "KMB",
        "geography": "US",
        "content_name": "KMB Q4 2014 Transcript",
        "file_type": "pdf",
        "content_type": "earnings_transcript",
        "published_date": "2015-02-18",
        "fiscal_date": "2015-02-18",
        "fiscal_year": 2014,
        "fiscal_quarter": 4,
        "r2_url": "https://pub-2c783279b61043e19fbdadd1bee5153a.r2.dev/KMB/2015-02-18/Kimberly-Clark%20Corporation_2015-02-18_transcript/Kimberly-Clark%20Corporation_2015-02-18_transcript.pdf/Kimberly-Clark%20Corporation_2015-02-18_transcript.pdf",
        "periodicity": "periodic"
    },
    {
        "equity_ticker": "KMB",
        "geography": "US",
        "content_name": "KMB Q4 2014 Press Release",
        "file_type": "pdf",
        "content_type": "annual_report",
        "published_date": "2015-02-18",
        "fiscal_date": "2015-02-18",
        "fiscal_year": 2014,
        "fiscal_quarter": 4,
        "r2_url": "https://pub-2c783279b61043e19fbdadd1bee5153a.r2.dev/KMB/2015-02-18/7e55e-2023-09-05-12-24-01/7e55e-2023-09-05-12-24-01.pdf/7e55e-2023-09-05-12-24-01.pdf",
        "periodicity": "periodic"
    },
    {
        "equity_ticker": "KMB",
        "geography": "US",
        "content_name": "KMB Q3 2014 Transcript",
        "file_type": "pdf",
        "content_type": "earnings_transcript",
        "published_date": "2014-10-21",
        "fiscal_date": "2014-10-21",
        "fiscal_year": 2014,
        "fiscal_quarter": 3,
        "r2_url": "https://pub-2c783279b61043e19fbdadd1bee5153a.r2.dev/KMB/2014-10-21/Kimberly-Clark%20Corporation_2014-10-21_transcript/Kimberly-Clark%20Corporation_2014-10-21_transcript.pdf/Kimberly-Clark%20Corporation_2014-10-21_transcript.pdf",
        "periodicity": "periodic"
    },
    {
        "equity_ticker": "KMB",
        "geography": "US",
        "content_name": "KMB Q2 2014 Transcript",
        "file_type": "pdf",
        "content_type": "earnings_transcript",
        "published_date": "2014-07-22",
        "fiscal_date": "2014-07-22",
        "fiscal_year": 2014,
        "fiscal_quarter": 2,
        "r2_url": "https://pub-2c783279b61043e19fbdadd1bee5153a.r2.dev/KMB/2014-07-22/Kimberly-Clark%20Corporation_2014-07-22_transcript/Kimberly-Clark%20Corporation_2014-07-22_transcript.pdf/Kimberly-Clark%20Corporation_2014-07-22_transcript.pdf",
        "periodicity": "periodic"
    },
    {
        "equity_ticker": "KMB",
        "geography": "US",
        "content_name": "KMB Q1 2014 Transcript",
        "file_type": "pdf",
        "content_type": "earnings_transcript",
        "published_date": "2014-04-21",
        "fiscal_date": "2014-04-21",
        "fiscal_year": 2014,
        "fiscal_quarter": 1,
        "r2_url": "https://pub-2c783279b61043e19fbdadd1bee5153a.r2.dev/KMB/2014-04-21/Kimberly-Clark%20Corporation_2014-04-21_transcript/Kimberly-Clark%20Corporation_2014-04-21_transcript.pdf/Kimberly-Clark%20Corporation_2014-04-21_transcript.pdf",
        "periodicity": "periodic"
    },
    {
        "equity_ticker": "KMB",
        "geography": "US",
        "content_name": "KMB Q4 2013 Transcript",
        "file_type": "pdf",
        "content_type": "earnings_transcript",
        "published_date": "2014-01-24",
        "fiscal_date": "2014-01-24",
        "fiscal_year": 2013,
        "fiscal_quarter": 4,
        "r2_url": "https://pub-2c783279b61043e19fbdadd1bee5153a.r2.dev/KMB/2014-01-24/Kimberly-Clark%20Corporation_2014-01-24_transcript/Kimberly-Clark%20Corporation_2014-01-24_transcript.pdf/Kimberly-Clark%20Corporation_2014-01-24_transcript.pdf",
        "periodicity": "periodic"
    },
    {
        "equity_ticker": "KMB",
        "geography": "US",
        "content_name": "KMB Q3 2013 Transcript",
        "file_type": "pdf",
        "content_type": "earnings_transcript",
        "published_date": "2013-10-22",
        "fiscal_date": "2013-10-22",
        "fiscal_year": 2013,
        "fiscal_quarter": 3,
        "r2_url": "https://pub-2c783279b61043e19fbdadd1bee5153a.r2.dev/KMB/2013-10-22/Kimberly-Clark%20Corporation_2013-10-22_transcript/Kimberly-Clark%20Corporation_2013-10-22_transcript.pdf/Kimberly-Clark%20Corporation_2013-10-22_transcript.pdf",
        "periodicity": "periodic"
    },
    {
        "equity_ticker": "KMB",
        "geography": "US",
        "content_name": "KMB Q2 2013 Transcript",
        "file_type": "pdf",
        "content_type": "earnings_transcript",
        "published_date": "2013-07-22",
        "fiscal_date": "2013-07-22",
        "fiscal_year": 2013,
        "fiscal_quarter": 2,
        "r2_url": "https://pub-2c783279b61043e19fbdadd1bee5153a.r2.dev/KMB/2013-07-22/Kimberly-Clark%20Corporation_2013-07-22_transcript/Kimberly-Clark%20Corporation_2013-07-22_transcript.pdf/Kimberly-Clark%20Corporation_2013-07-22_transcript.pdf",
        "periodicity": "periodic"
    },
    {
        "equity_ticker": "KMB",
        "geography": "US",
        "content_name": "KMB Q1 2013 Transcript",
        "file_type": "pdf",
        "content_type": "earnings_transcript",
        "published_date": "2013-04-19",
        "fiscal_date": "2013-04-19",
        "fiscal_year": 2013,
        "fiscal_quarter": 1,
        "r2_url": "https://pub-2c783279b61043e19fbdadd1bee5153a.r2.dev/KMB/2013-04-19/Kimberly-Clark%20Corporation_2013-04-19_transcript/Kimberly-Clark%20Corporation_2013-04-19_transcript.pdf/Kimberly-Clark%20Corporation_2013-04-19_transcript.pdf",
        "periodicity": "periodic"
    },
    {
        "equity_ticker": "KMB",
        "geography": "US",
        "content_name": "KMB Q4 2012 Transcript",
        "file_type": "pdf",
        "content_type": "earnings_transcript",
        "published_date": "2013-01-25",
        "fiscal_date": "2013-01-25",
        "fiscal_year": 2012,
        "fiscal_quarter": 4,
        "r2_url": "https://pub-2c783279b61043e19fbdadd1bee5153a.r2.dev/KMB/2013-01-25/Kimberly-Clark%20Corporation_2013-01-25_transcript/Kimberly-Clark%20Corporation_2013-01-25_transcript.pdf/Kimberly-Clark%20Corporation_2013-01-25_transcript.pdf",
        "periodicity": "periodic"
    },
    {
        "equity_ticker": "KMB",
        "geography": "US",
        "content_name": "KMB Q3 2012 Transcript",
        "file_type": "pdf",
        "content_type": "earnings_transcript",
        "published_date": "2012-10-24",
        "fiscal_date": "2012-10-24",
        "fiscal_year": 2012,
        "fiscal_quarter": 3,
        "r2_url": "https://pub-2c783279b61043e19fbdadd1bee5153a.r2.dev/KMB/2012-10-24/Kimberly-Clark%20Corporation_2012-10-24_transcript/Kimberly-Clark%20Corporation_2012-10-24_transcript.pdf/Kimberly-Clark%20Corporation_2012-10-24_transcript.pdf",
        "periodicity": "periodic"
    },
    {
        "equity_ticker": "KMB",
        "geography": "US",
        "content_name": "KMB Q2 2012 Transcript",
        "file_type": "pdf",
        "content_type": "earnings_transcript",
        "published_date": "2012-07-26",
        "fiscal_date": "2012-07-26",
        "fiscal_year": 2012,
        "fiscal_quarter": 2,
        "r2_url": "https://pub-2c783279b61043e19fbdadd1bee5153a.r2.dev/KMB/2012-07-26/Kimberly-Clark%20Corporation_2012-07-26_transcript/Kimberly-Clark%20Corporation_2012-07-26_transcript.pdf/Kimberly-Clark%20Corporation_2012-07-26_transcript.pdf",
        "periodicity": "periodic"
    },
    {
        "equity_ticker": "KMB",
        "geography": "US",
        "content_name": "KMB Q1 2012 Transcript",
        "file_type": "pdf",
        "content_type": "earnings_transcript",
        "published_date": "2012-04-20",
        "fiscal_date": "2012-04-20",
        "fiscal_year": 2012,
        "fiscal_quarter": 1,
        "r2_url": "https://pub-2c783279b61043e19fbdadd1bee5153a.r2.dev/KMB/2012-04-20/Kimberly-Clark%20Corporation_2012-04-20_transcript/Kimberly-Clark%20Corporation_2012-04-20_transcript.pdf/Kimberly-Clark%20Corporation_2012-04-20_transcript.pdf",
        "periodicity": "periodic"
    },
    {
        "equity_ticker": "KMB",
        "geography": "US",
        "content_name": "KMB Q4 2011 Transcript",
        "file_type": "pdf",
        "content_type": "earnings_transcript",
        "published_date": "2012-01-24",
        "fiscal_date": "2012-01-24",
        "fiscal_year": 2011,
        "fiscal_quarter": 4,
        "r2_url": "https://pub-2c783279b61043e19fbdadd1bee5153a.r2.dev/KMB/2012-01-24/Kimberly-Clark%20Corporation_2012-01-24_transcript/Kimberly-Clark%20Corporation_2012-01-24_transcript.pdf/Kimberly-Clark%20Corporation_2012-01-24_transcript.pdf",
        "periodicity": "periodic"
    },
    {
        "equity_ticker": "KMB",
        "geography": "US",
        "content_name": "KMB Q3 2011 Transcript",
        "file_type": "pdf",
        "content_type": "earnings_transcript",
        "published_date": "2011-10-24",
        "fiscal_date": "2011-10-24",
        "fiscal_year": 2011,
        "fiscal_quarter": 3,
        "r2_url": "https://pub-2c783279b61043e19fbdadd1bee5153a.r2.dev/KMB/2011-10-24/Kimberly-Clark%20Corporation_2011-10-24_transcript/Kimberly-Clark%20Corporation_2011-10-24_transcript.pdf/Kimberly-Clark%20Corporation_2011-10-24_transcript.pdf",
        "periodicity": "periodic"
    },
    {
        "equity_ticker": "KMB",
        "geography": "US",
        "content_name": "KMB Q2 2011 Transcript",
        "file_type": "pdf",
        "content_type": "earnings_transcript",
        "published_date": "2011-07-25",
        "fiscal_date": "2011-07-25",
        "fiscal_year": 2011,
        "fiscal_quarter": 2,
        "r2_url": "https://pub-2c783279b61043e19fbdadd1bee5153a.r2.dev/KMB/2011-07-25/Kimberly-Clark%20Corporation_2011-07-25_transcript/Kimberly-Clark%20Corporation_2011-07-25_transcript.pdf/Kimberly-Clark%20Corporation_2011-07-25_transcript.pdf",
        "periodicity": "periodic"
    },
    {
        "equity_ticker": "KMB",
        "geography": "US",
        "content_name": "KMB Q1 2011 Transcript",
        "file_type": "pdf",
        "content_type": "earnings_transcript",
        "published_date": "2011-04-25",
        "fiscal_date": "2011-04-25",
        "fiscal_year": 2011,
        "fiscal_quarter": 1,
        "r2_url": "https://pub-2c783279b61043e19fbdadd1bee5153a.r2.dev/KMB/2011-04-25/Kimberly-Clark%20Corporation_2011-04-25_transcript/Kimberly-Clark%20Corporation_2011-04-25_transcript.pdf/Kimberly-Clark%20Corporation_2011-04-25_transcript.pdf",
        "periodicity": "periodic"
    },
    {
        "equity_ticker": "KMB",
        "geography": "US",
        "content_name": "KMB Q4 2010 Transcript",
        "file_type": "pdf",
        "content_type": "earnings_transcript",
        "published_date": "2011-01-25",
        "fiscal_date": "2011-01-25",
        "fiscal_year": 2010,
        "fiscal_quarter": 4,
        "r2_url": "https://pub-2c783279b61043e19fbdadd1bee5153a.r2.dev/KMB/2011-01-25/Kimberly-Clark%20Corporation_2011-01-25_transcript/Kimberly-Clark%20Corporation_2011-01-25_transcript.pdf/Kimberly-Clark%20Corporation_2011-01-25_transcript.pdf",
        "periodicity": "periodic"
    },
    {
        "equity_ticker": "KMB",
        "geography": "US",
        "content_name": "KMB Q3 2010 Transcript",
        "file_type": "pdf",
        "content_type": "earnings_transcript",
        "published_date": "2010-10-26",
        "fiscal_date": "2010-10-26",
        "fiscal_year": 2010,
        "fiscal_quarter": 3,
        "r2_url": "https://pub-2c783279b61043e19fbdadd1bee5153a.r2.dev/KMB/2010-10-26/Kimberly-Clark%20Corporation_2010-10-26_transcript/Kimberly-Clark%20Corporation_2010-10-26_transcript.pdf/Kimberly-Clark%20Corporation_2010-10-26_transcript.pdf",
        "periodicity": "periodic"
    },
    {
        "equity_ticker": "KMB",
        "geography": "US",
        "content_name": "KMB Q2 2010 Transcript",
        "file_type": "pdf",
        "content_type": "earnings_transcript",
        "published_date": "2010-07-23",
        "fiscal_date": "2010-07-23",
        "fiscal_year": 2010,
        "fiscal_quarter": 2,
        "r2_url": "https://pub-2c783279b61043e19fbdadd1bee5153a.r2.dev/KMB/2010-07-23/Kimberly-Clark%20Corporation_2010-07-23_transcript/Kimberly-Clark%20Corporation_2010-07-23_transcript.pdf/Kimberly-Clark%20Corporation_2010-07-23_transcript.pdf",
        "periodicity": "periodic"
    },
    {
        "equity_ticker": "KMB",
        "geography": "US",
        "content_name": "KMB Q1 2010 Transcript",
        "file_type": "pdf",
        "content_type": "earnings_transcript",
        "published_date": "2010-04-22",
        "fiscal_date": "2010-04-22",
        "fiscal_year": 2010,
        "fiscal_quarter": 1,
        "r2_url": "https://pub-2c783279b61043e19fbdadd1bee5153a.r2.dev/KMB/2010-04-22/Kimberly-Clark%20Corporation_2010-04-22_transcript/Kimberly-Clark%20Corporation_2010-04-22_transcript.pdf/Kimberly-Clark%20Corporation_2010-04-22_transcript.pdf",
        "periodicity": "periodic"
    },
    {
        "equity_ticker": "KMB",
        "geography": "US",
        "content_name": "KMB Q4 2009 Transcript",
        "file_type": "pdf",
        "content_type": "earnings_transcript",
        "published_date": "2010-01-22",
        "fiscal_date": "2010-01-22",
        "fiscal_year": 2009,
        "fiscal_quarter": 4,
        "r2_url": "https://pub-2c783279b61043e19fbdadd1bee5153a.r2.dev/KMB/2010-01-22/Kimberly-Clark%20Corporation_2010-01-22_transcript/Kimberly-Clark%20Corporation_2010-01-22_transcript.pdf/Kimberly-Clark%20Corporation_2010-01-22_transcript.pdf",
        "periodicity": "periodic"
    },
    {
        "equity_ticker": "KMB",
        "geography": "US",
        "content_name": "KMB Q3 2009 Transcript",
        "file_type": "pdf",
        "content_type": "earnings_transcript",
        "published_date": "2009-10-22",
        "fiscal_date": "2009-10-22",
        "fiscal_year": 2009,
        "fiscal_quarter": 3,
        "r2_url": "https://pub-2c783279b61043e19fbdadd1bee5153a.r2.dev/KMB/2009-10-22/Kimberly-Clark%20Corporation_2009-10-22_transcript/Kimberly-Clark%20Corporation_2009-10-22_transcript.pdf/Kimberly-Clark%20Corporation_2009-10-22_transcript.pdf",
        "periodicity": "periodic"
    },
    {
        "equity_ticker": "KMB",
        "geography": "US",
        "content_name": "KMB Q2 2009 Transcript",
        "file_type": "pdf",
        "content_type": "earnings_transcript",
        "published_date": "2009-07-23",
        "fiscal_date": "2009-07-23",
        "fiscal_year": 2009,
        "fiscal_quarter": 2,
        "r2_url": "https://pub-2c783279b61043e19fbdadd1bee5153a.r2.dev/KMB/2009-07-23/Kimberly-Clark%20Corporation_2009-07-23_transcript/Kimberly-Clark%20Corporation_2009-07-23_transcript.pdf/Kimberly-Clark%20Corporation_2009-07-23_transcript.pdf",
        "periodicity": "periodic"
    },
    {
        "equity_ticker": "KMB",
        "geography": "US",
        "content_name": "KMB Q1 2009 Transcript",
        "file_type": "pdf",
        "content_type": "earnings_transcript",
        "published_date": "2009-04-22",
        "fiscal_date": "2009-04-22",
        "fiscal_year": 2009,
        "fiscal_quarter": 1,
        "r2_url": "https://pub-2c783279b61043e19fbdadd1bee5153a.r2.dev/KMB/2009-04-22/Kimberly-Clark%20Corporation_2009-04-22_transcript/Kimberly-Clark%20Corporation_2009-04-22_transcript.pdf/Kimberly-Clark%20Corporation_2009-04-22_transcript.pdf",
        "periodicity": "periodic"
    },
    {
        "equity_ticker": "KMB",
        "geography": "US",
        "content_name": "KMB Q4 2008 Transcript",
        "file_type": "pdf",
        "content_type": "earnings_transcript",
        "published_date": "2009-01-26",
        "fiscal_date": "2009-01-26",
        "fiscal_year": 2008,
        "fiscal_quarter": 4,
        "r2_url": "https://pub-2c783279b61043e19fbdadd1bee5153a.r2.dev/KMB/2009-01-26/Kimberly-Clark%20Corporation_2009-01-26_transcript/Kimberly-Clark%20Corporation_2009-01-26_transcript.pdf/Kimberly-Clark%20Corporation_2009-01-26_transcript.pdf",
        "periodicity": "periodic"
    },
    {
        "equity_ticker": "KMB",
        "geography": "US",
        "content_name": "KMB Q3 2008 Transcript",
        "file_type": "pdf",
        "content_type": "earnings_transcript",
        "published_date": "2008-10-23",
        "fiscal_date": "2008-10-23",
        "fiscal_year": 2008,
        "fiscal_quarter": 3,
        "r2_url": "https://pub-2c783279b61043e19fbdadd1bee5153a.r2.dev/KMB/2008-10-23/Kimberly-Clark%20Corporation_2008-10-23_transcript/Kimberly-Clark%20Corporation_2008-10-23_transcript.pdf/Kimberly-Clark%20Corporation_2008-10-23_transcript.pdf",
        "periodicity": "periodic"
    },
    {
        "equity_ticker": "KMB",
        "geography": "US",
        "content_name": "KMB Q2 2008 Transcript",
        "file_type": "pdf",
        "content_type": "earnings_transcript",
        "published_date": "2008-07-24",
        "fiscal_date": "2008-07-24",
        "fiscal_year": 2008,
        "fiscal_quarter": 2,
        "r2_url": "https://pub-2c783279b61043e19fbdadd1bee5153a.r2.dev/KMB/2008-07-24/Kimberly-Clark%20Corporation_2008-07-24_transcript/Kimberly-Clark%20Corporation_2008-07-24_transcript.pdf/Kimberly-Clark%20Corporation_2008-07-24_transcript.pdf",
        "periodicity": "periodic"
    },
    {
        "equity_ticker": "KMB",
        "geography": "US",
        "content_name": "KMB Q1 2008 Transcript",
        "file_type": "pdf",
        "content_type": "earnings_transcript",
        "published_date": "2008-04-22",
        "fiscal_date": "2008-04-22",
        "fiscal_year": 2008,
        "fiscal_quarter": 1,
        "r2_url": "https://pub-2c783279b61043e19fbdadd1bee5153a.r2.dev/KMB/2008-04-22/Kimberly-Clark%20Corporation_2008-04-22_transcript/Kimberly-Clark%20Corporation_2008-04-22_transcript.pdf/Kimberly-Clark%20Corporation_2008-04-22_transcript.pdf",
        "periodicity": "periodic"
    },
    {
        "equity_ticker": "KMB",
        "geography": "US",
        "content_name": "KMB Q4 2007 Transcript",
        "file_type": "pdf",
        "content_type": "earnings_transcript",
        "published_date": "2008-01-24",
        "fiscal_date": "2008-01-24",
        "fiscal_year": 2007,
        "fiscal_quarter": 4,
        "r2_url": "https://pub-2c783279b61043e19fbdadd1bee5153a.r2.dev/KMB/2008-01-24/Kimberly-Clark%20Corporation_2008-01-24_transcript/Kimberly-Clark%20Corporation_2008-01-24_transcript.pdf/Kimberly-Clark%20Corporation_2008-01-24_transcript.pdf",
        "periodicity": "periodic"
    },
    {
        "equity_ticker": "KMB",
        "geography": "US",
        "content_name": "KMB Q3 2007 Transcript",
        "file_type": "pdf",
        "content_type": "earnings_transcript",
        "published_date": "2007-10-22",
        "fiscal_date": "2007-10-22",
        "fiscal_year": 2007,
        "fiscal_quarter": 3,
        "r2_url": "https://pub-2c783279b61043e19fbdadd1bee5153a.r2.dev/KMB/2007-10-22/Kimberly-Clark%20Corporation_2007-10-22_transcript/Kimberly-Clark%20Corporation_2007-10-22_transcript.pdf/Kimberly-Clark%20Corporation_2007-10-22_transcript.pdf",
        "periodicity": "periodic"
    },
    {
        "equity_ticker": "KMB",
        "geography": "US",
        "content_name": "KMB Q2 2007 Transcript",
        "file_type": "pdf",
        "content_type": "earnings_transcript",
        "published_date": "2007-07-24",
        "fiscal_date": "2007-07-24",
        "fiscal_year": 2007,
        "fiscal_quarter": 2,
        "r2_url": "https://pub-2c783279b61043e19fbdadd1bee5153a.r2.dev/KMB/2007-07-24/Kimberly-Clark%20Corporation_2007-07-24_transcript/Kimberly-Clark%20Corporation_2007-07-24_transcript.pdf/Kimberly-Clark%20Corporation_2007-07-24_transcript.pdf",
        "periodicity": "periodic"
    }
]