[
  {
    "equity_ticker": "KMB",
    "geography": "US",
    "content_name": "KMB Q4 2024 10-K",
    "file_type": "pdf",
    "content_type": "annual_report",
    "published_date": "2025-02-13",
    "fiscal_date": "2024-12-31",
    "fiscal_year": 2024,
    "fiscal_quarter": 4,
    "r2_url": "https://pub-2c783279b61043e19fbdadd1bee5153a.r2.dev/KMB/2025-02-13/kmb-20241231.htm/kmb-20241231.pdf",
    "periodicity": "periodic"
  },
  {
    "equity_ticker": "KMB",
    "geography": "US",
    "content_name": "KMB Q3 2024 10-Q",
    "file_type": "pdf",
    "content_type": "quarterly_report",
    "published_date": "2024-10-22",
    "fiscal_date": "2024-09-30",
    "fiscal_year": 2024,
    "fiscal_quarter": 3,
    "r2_url": "https://pub-2c783279b61043e19fbdadd1bee5153a.r2.dev/KMB/2024-10-22/kmb-20240930.htm/kmb-20240930.pdf",
    "periodicity": "periodic"
  },
  {
    "equity_ticker": "KMB",
    "geography": "US",
    "content_name": "KMB Q2 2024 10-Q",
    "file_type": "pdf",
    "content_type": "quarterly_report",
    "published_date": "2024-07-23",
    "fiscal_date": "2024-06-30",
    "fiscal_year": 2024,
    "fiscal_quarter": 2,
    "r2_url": "https://pub-2c783279b61043e19fbdadd1bee5153a.r2.dev/KMB/2024-07-23/kmb-20240630.htm/kmb-20240630.pdf",
    "periodicity": "periodic"
  },
  {
    "equity_ticker": "KMB",
    "geography": "US",
    "content_name": "KMB Q1 2024 10-Q",
    "file_type": "pdf",
    "content_type": "quarterly_report",
    "published_date": "2024-04-23",
    "fiscal_date": "2024-03-31",
    "fiscal_year": 2024,
    "fiscal_quarter": 1,
    "r2_url": "https://pub-2c783279b61043e19fbdadd1bee5153a.r2.dev/KMB/2024-04-23/kmb-20240331.htm/kmb-20240331.pdf",
    "periodicity": "periodic"
  },
  {
    "equity_ticker": "KMB",
    "geography": "US",
    "content_name": "KMB Q4 2023 10-K",
    "file_type": "pdf",
    "content_type": "annual_report",
    "published_date": "2024-02-08",
    "fiscal_date": "2023-12-31",
    "fiscal_year": 2023,
    "fiscal_quarter": 4,
    "r2_url": "https://pub-2c783279b61043e19fbdadd1bee5153a.r2.dev/KMB/2024-02-08/kmb-20231231.htm/kmb-20231231.pdf",
    "periodicity": "periodic"
  },
  {
    "equity_ticker": "KMB",
    "geography": "US",
    "content_name": "KMB Q3 2023 10-Q",
    "file_type": "pdf",
    "content_type": "quarterly_report",
    "published_date": "2023-10-24",
    "fiscal_date": "2023-09-30",
    "fiscal_year": 2023,
    "fiscal_quarter": 3,
    "r2_url": "https://pub-2c783279b61043e19fbdadd1bee5153a.r2.dev/KMB/2023-10-24/kmb-20230930.htm/kmb-20230930.pdf",
    "periodicity": "periodic"
  },
  {
    "equity_ticker": "KMB",
    "geography": "US",
    "content_name": "KMB Q2 2023 10-Q",
    "file_type": "pdf",
    "content_type": "quarterly_report",
    "published_date": "2023-07-25",
    "fiscal_date": "2023-06-30",
    "fiscal_year": 2023,
    "fiscal_quarter": 2,
    "r2_url": "https://pub-2c783279b61043e19fbdadd1bee5153a.r2.dev/KMB/2023-07-25/kmb-20230630.htm/kmb-20230630.pdf",
    "periodicity": "periodic"
  },
  {
    "equity_ticker": "KMB",
    "geography": "US",
    "content_name": "KMB Q1 2023 10-Q",
    "file_type": "pdf",
    "content_type": "quarterly_report",
    "published_date": "2023-04-25",
    "fiscal_date": "2023-03-31",
    "fiscal_year": 2023,
    "fiscal_quarter": 1,
    "r2_url": "https://pub-2c783279b61043e19fbdadd1bee5153a.r2.dev/KMB/2023-04-25/kmb-20230331.htm/kmb-20230331.pdf",
    "periodicity": "periodic"
  },
  {
    "equity_ticker": "KMB",
    "geography": "US",
    "content_name": "KMB Q4 2022 10-K",
    "file_type": "pdf",
    "content_type": "annual_report",
    "published_date": "2023-02-09",
    "fiscal_date": "2022-12-31",
    "fiscal_year": 2022,
    "fiscal_quarter": 4,
    "r2_url": "https://pub-2c783279b61043e19fbdadd1bee5153a.r2.dev/KMB/2023-02-09/kmb-20221231.htm/kmb-20221231.pdf",
    "periodicity": "periodic"
  },
  {
    "equity_ticker": "KMB",
    "geography": "US",
    "content_name": "KMB Q3 2022 10-Q",
    "file_type": "pdf",
    "content_type": "quarterly_report",
    "published_date": "2022-10-25",
    "fiscal_date": "2022-09-30",
    "fiscal_year": 2022,
    "fiscal_quarter": 3,
    "r2_url": "https://pub-2c783279b61043e19fbdadd1bee5153a.r2.dev/KMB/2022-10-25/kmb-20220930.htm/kmb-20220930.pdf",
    "periodicity": "periodic"
  },
  {
    "equity_ticker": "KMB",
    "geography": "US",
    "content_name": "KMB Q2 2022 10-Q",
    "file_type": "pdf",
    "content_type": "quarterly_report",
    "published_date": "2022-07-26",
    "fiscal_date": "2022-06-30",
    "fiscal_year": 2022,
    "fiscal_quarter": 2,
    "r2_url": "https://pub-2c783279b61043e19fbdadd1bee5153a.r2.dev/KMB/2022-07-26/kmb-20220630.htm/kmb-20220630.pdf",
    "periodicity": "periodic"
  },
  {
    "equity_ticker": "KMB",
    "geography": "US",
    "content_name": "KMB Q1 2022 10-Q",
    "file_type": "pdf",
    "content_type": "quarterly_report",
    "published_date": "2022-04-22",
    "fiscal_date": "2022-03-31",
    "fiscal_year": 2022,
    "fiscal_quarter": 1,
    "r2_url": "https://pub-2c783279b61043e19fbdadd1bee5153a.r2.dev/KMB/2022-04-22/kmb-20220331.htm/kmb-20220331.pdf",
    "periodicity": "periodic"
  },
  {
    "equity_ticker": "KMB",
    "geography": "US",
    "content_name": "KMB Q4 2021 10-K",
    "file_type": "pdf",
    "content_type": "annual_report",
    "published_date": "2022-02-10",
    "fiscal_date": "2021-12-31",
    "fiscal_year": 2021,
    "fiscal_quarter": 4,
    "r2_url": "https://pub-2c783279b61043e19fbdadd1bee5153a.r2.dev/KMB/2022-02-10/kmb-20211231.htm/kmb-20211231.pdf",
    "periodicity": "periodic"
  },
  {
    "equity_ticker": "KMB",
    "geography": "US",
    "content_name": "KMB Q3 2021 10-Q",
    "file_type": "pdf",
    "content_type": "quarterly_report",
    "published_date": "2021-10-25",
    "fiscal_date": "2021-09-30",
    "fiscal_year": 2021,
    "fiscal_quarter": 3,
    "r2_url": "https://pub-2c783279b61043e19fbdadd1bee5153a.r2.dev/KMB/2021-10-25/kmb-20210930.htm/kmb-20210930.pdf",
    "periodicity": "periodic"
  },
  {
    "equity_ticker": "KMB",
    "geography": "US",
    "content_name": "KMB Q2 2021 10-Q",
    "file_type": "pdf",
    "content_type": "quarterly_report",
    "published_date": "2021-07-23",
    "fiscal_date": "2021-06-30",
    "fiscal_year": 2021,
    "fiscal_quarter": 2,
    "r2_url": "https://pub-2c783279b61043e19fbdadd1bee5153a.r2.dev/KMB/2021-07-23/kmb-20210630.htm/kmb-20210630.pdf",
    "periodicity": "periodic"
  },
  {
    "equity_ticker": "KMB",
    "geography": "US",
    "content_name": "KMB Q1 2021 10-Q",
    "file_type": "pdf",
    "content_type": "quarterly_report",
    "published_date": "2021-04-23",
    "fiscal_date": "2021-03-31",
    "fiscal_year": 2021,
    "fiscal_quarter": 1,
    "r2_url": "https://pub-2c783279b61043e19fbdadd1bee5153a.r2.dev/KMB/2021-04-23/kmb-20210331.htm/kmb-20210331.pdf",
    "periodicity": "periodic"
  },
  {
    "equity_ticker": "KMB",
    "geography": "US",
    "content_name": "KMB Q4 2020 10-K",
    "file_type": "pdf",
    "content_type": "annual_report",
    "published_date": "2021-02-11",
    "fiscal_date": "2020-12-31",
    "fiscal_year": 2020,
    "fiscal_quarter": 4,
    "r2_url": "https://pub-2c783279b61043e19fbdadd1bee5153a.r2.dev/KMB/2021-02-11/kmb-20201231.htm/kmb-20201231.pdf",
    "periodicity": "periodic"
  },
  {
    "equity_ticker": "KMB",
    "geography": "US",
    "content_name": "KMB Q3 2020 10-Q",
    "file_type": "pdf",
    "content_type": "quarterly_report",
    "published_date": "2020-10-22",
    "fiscal_date": "2020-09-30",
    "fiscal_year": 2020,
    "fiscal_quarter": 3,
    "r2_url": "https://pub-2c783279b61043e19fbdadd1bee5153a.r2.dev/KMB/2020-10-22/kmb-20200930.htm/kmb-20200930.pdf",
    "periodicity": "periodic"
  },
  {
    "equity_ticker": "KMB",
    "geography": "US",
    "content_name": "KMB Q2 2020 10-Q",
    "file_type": "pdf",
    "content_type": "quarterly_report",
    "published_date": "2020-07-23",
    "fiscal_date": "2020-06-30",
    "fiscal_year": 2020,
    "fiscal_quarter": 2,
    "r2_url": "https://pub-2c783279b61043e19fbdadd1bee5153a.r2.dev/KMB/2020-07-23/kmb-20200630.htm/ix.pdf",
    "periodicity": "periodic"
  },
  {
    "equity_ticker": "KMB",
    "geography": "US",
    "content_name": "KMB Q1 2020 10-Q",
    "file_type": "pdf",
    "content_type": "quarterly_report",
    "published_date": "2020-04-22",
    "fiscal_date": "2020-03-31",
    "fiscal_year": 2020,
    "fiscal_quarter": 1,
    "r2_url": "https://pub-2c783279b61043e19fbdadd1bee5153a.r2.dev/KMB/2020-04-22/kmb-20200331.htm/ix.pdf",
    "periodicity": "periodic"
  },
  {
    "equity_ticker": "KMB",
    "geography": "US",
    "content_name": "KMB Q4 2019 10-K",
    "file_type": "pdf",
    "content_type": "annual_report",
    "published_date": "2020-02-13",
    "fiscal_date": "2019-12-31",
    "fiscal_year": 2019,
    "fiscal_quarter": 4,
    "r2_url": "https://pub-2c783279b61043e19fbdadd1bee5153a.r2.dev/KMB/2020-02-13/kmb2019form10k.htm/ix.pdf",
    "periodicity": "periodic"
  },
  {
    "equity_ticker": "KMB",
    "geography": "US",
    "content_name": "KMB Q3 2019 10-Q",
    "file_type": "pdf",
    "content_type": "quarterly_report",
    "published_date": "2019-10-22",
    "fiscal_date": "2019-09-30",
    "fiscal_year": 2019,
    "fiscal_quarter": 3,
    "r2_url": "https://pub-2c783279b61043e19fbdadd1bee5153a.r2.dev/KMB/2019-10-22/kmb10q2019q3.htm/ix.pdf",
    "periodicity": "periodic"
  },
  {
    "equity_ticker": "KMB",
    "geography": "US",
    "content_name": "KMB Q2 2019 10-Q",
    "file_type": "pdf",
    "content_type": "quarterly_report",
    "published_date": "2019-07-23",
    "fiscal_date": "2019-06-30",
    "fiscal_year": 2019,
    "fiscal_quarter": 2,
    "r2_url": "https://pub-2c783279b61043e19fbdadd1bee5153a.r2.dev/KMB/2019-07-23/kmb10q2019q2.htm/ix.pdf",
    "periodicity": "periodic"
  },
  {
    "equity_ticker": "KMB",
    "geography": "US",
    "content_name": "KMB Q1 2019 10-Q",
    "file_type": "pdf",
    "content_type": "quarterly_report",
    "published_date": "2019-04-22",
    "fiscal_date": "2019-03-31",
    "fiscal_year": 2019,
    "fiscal_quarter": 1,
    "r2_url": "https://pub-2c783279b61043e19fbdadd1bee5153a.r2.dev/KMB/2019-04-22/kmb10q2019q1.htm/ix.pdf",
    "periodicity": "periodic"
  },
  {
    "equity_ticker": "KMB",
    "geography": "US",
    "content_name": "KMB Q4 2018 10-K",
    "file_type": "pdf",
    "content_type": "annual_report",
    "published_date": "2019-02-07",
    "fiscal_date": "2018-12-31",
    "fiscal_year": 2018,
    "fiscal_quarter": 4,
    "r2_url": "https://pub-2c783279b61043e19fbdadd1bee5153a.r2.dev/KMB/2019-02-07/kmb_2018xformx10k.htm/kmb_2018xformx10k.pdf",
    "periodicity": "periodic"
  },
  {
    "equity_ticker": "KMB",
    "geography": "US",
    "content_name": "KMB Q3 2018 10-Q",
    "file_type": "pdf",
    "content_type": "quarterly_report",
    "published_date": "2018-10-22",
    "fiscal_date": "2018-09-30",
    "fiscal_year": 2018,
    "fiscal_quarter": 3,
    "r2_url": "https://pub-2c783279b61043e19fbdadd1bee5153a.r2.dev/KMB/2018-10-22/kmb_10qx2018xq3.htm/kmb_10qx2018xq3.pdf",
    "periodicity": "periodic"
  },
  {
    "equity_ticker": "KMB",
    "geography": "US",
    "content_name": "KMB Q2 2018 10-Q",
    "file_type": "pdf",
    "content_type": "quarterly_report",
    "published_date": "2018-07-24",
    "fiscal_date": "2018-06-30",
    "fiscal_year": 2018,
    "fiscal_quarter": 2,
    "r2_url": "https://pub-2c783279b61043e19fbdadd1bee5153a.r2.dev/KMB/2018-07-24/kmb_10qx2018xq2.htm/kmb_10qx2018xq2.pdf",
    "periodicity": "periodic"
  },
  {
    "equity_ticker": "KMB",
    "geography": "US",
    "content_name": "KMB Q1 2018 10-Q",
    "file_type": "pdf",
    "content_type": "quarterly_report",
    "published_date": "2018-04-23",
    "fiscal_date": "2018-03-31",
    "fiscal_year": 2018,
    "fiscal_quarter": 1,
    "r2_url": "https://pub-2c783279b61043e19fbdadd1bee5153a.r2.dev/KMB/2018-04-23/kmb_10qx2018xq1.htm/kmb_10qx2018xq1.pdf",
    "periodicity": "periodic"
  },
  {
    "equity_ticker": "KMB",
    "geography": "US",
    "content_name": "KMB Q4 2017 10-K",
    "file_type": "pdf",
    "content_type": "annual_report",
    "published_date": "2018-02-08",
    "fiscal_date": "2017-12-31",
    "fiscal_year": 2017,
    "fiscal_quarter": 4,
    "r2_url": "https://pub-2c783279b61043e19fbdadd1bee5153a.r2.dev/KMB/2018-02-08/kmb_2017xformx10k.htm/kmb_2017xformx10k.pdf",
    "periodicity": "periodic"
  },
  {
    "equity_ticker": "KMB",
    "geography": "US",
    "content_name": "KMB Q3 2017 10-Q",
    "file_type": "pdf",
    "content_type": "quarterly_report",
    "published_date": "2017-10-23",
    "fiscal_date": "2017-09-30",
    "fiscal_year": 2017,
    "fiscal_quarter": 3,
    "r2_url": "https://pub-2c783279b61043e19fbdadd1bee5153a.r2.dev/KMB/2017-10-23/kmb_10qx2017xq3.htm/kmb_10qx2017xq3.pdf",
    "periodicity": "periodic"
  },
  {
    "equity_ticker": "KMB",
    "geography": "US",
    "content_name": "KMB Q2 2017 10-Q",
    "file_type": "pdf",
    "content_type": "quarterly_report",
    "published_date": "2017-07-25",
    "fiscal_date": "2017-06-30",
    "fiscal_year": 2017,
    "fiscal_quarter": 2,
    "r2_url": "https://pub-2c783279b61043e19fbdadd1bee5153a.r2.dev/KMB/2017-07-25/kmb_10qx2017xq2.htm/kmb_10qx2017xq2.pdf",
    "periodicity": "periodic"
  },
  {
    "equity_ticker": "KMB",
    "geography": "US",
    "content_name": "KMB Q1 2017 10-Q",
    "file_type": "pdf",
    "content_type": "quarterly_report",
    "published_date": "2017-04-24",
    "fiscal_date": "2017-03-31",
    "fiscal_year": 2017,
    "fiscal_quarter": 1,
    "r2_url": "https://pub-2c783279b61043e19fbdadd1bee5153a.r2.dev/KMB/2017-04-24/kmb_10qx2017xq1.htm/kmb_10qx2017xq1.pdf",
    "periodicity": "periodic"
  },
  {
    "equity_ticker": "KMB",
    "geography": "US",
    "content_name": "KMB Q4 2016 10-K",
    "file_type": "pdf",
    "content_type": "annual_report",
    "published_date": "2017-02-08",
    "fiscal_date": "2016-12-31",
    "fiscal_year": 2016,
    "fiscal_quarter": 4,
    "r2_url": "https://pub-2c783279b61043e19fbdadd1bee5153a.r2.dev/KMB/2017-02-08/kmb_2016xformx10k.htm/kmb_2016xformx10k.pdf",
    "periodicity": "periodic"
  },
  {
    "equity_ticker": "KMB",
    "geography": "US",
    "content_name": "KMB Q3 2016 10-Q",
    "file_type": "pdf",
    "content_type": "quarterly_report",
    "published_date": "2016-10-24",
    "fiscal_date": "2016-09-30",
    "fiscal_year": 2016,
    "fiscal_quarter": 3,
    "r2_url": "https://pub-2c783279b61043e19fbdadd1bee5153a.r2.dev/KMB/2016-10-24/kmb_10qx2016xq3.htm/kmb_10qx2016xq3.pdf",
    "periodicity": "periodic"
  },
  {
    "equity_ticker": "KMB",
    "geography": "US",
    "content_name": "KMB Q2 2016 10-Q",
    "file_type": "pdf",
    "content_type": "quarterly_report",
    "published_date": "2016-07-25",
    "fiscal_date": "2016-06-30",
    "fiscal_year": 2016,
    "fiscal_quarter": 2,
    "r2_url": "https://pub-2c783279b61043e19fbdadd1bee5153a.r2.dev/KMB/2016-07-25/kmb_10qx2016xq2.htm/kmb_10qx2016xq2.pdf",
    "periodicity": "periodic"
  },
  {
    "equity_ticker": "KMB",
    "geography": "US",
    "content_name": "KMB Q1 2016 10-Q",
    "file_type": "pdf",
    "content_type": "quarterly_report",
    "published_date": "2016-04-22",
    "fiscal_date": "2016-04-22",
    "fiscal_year": 2016,
    "fiscal_quarter": 1,
    "r2_url": "https://pub-2c783279b61043e19fbdadd1bee5153a.r2.dev/KMB/2016-04-22/kmb_10qx2016xq1.htm/kmb_10qx2016xq1.pdf",
    "periodicity": "periodic"
  },
  {
    "equity_ticker": "KMB",
    "geography": "US",
    "content_name": "KMB Q4 2015 10-K",
    "file_type": "pdf",
    "content_type": "annual_report",
    "published_date": "2016-02-11",
    "fiscal_date": "2015-12-31",
    "fiscal_year": 2015,
    "fiscal_quarter": 4,
    "r2_url": "https://pub-2c783279b61043e19fbdadd1bee5153a.r2.dev/KMB/2016-02-11/kmb_2015x10k.htm/kmb_2015x10k.pdf",
    "periodicity": "periodic"
  },
  {
    "equity_ticker": "KMB",
    "geography": "US",
    "content_name": "KMB Q3 2015 10-Q",
    "file_type": "pdf",
    "content_type": "quarterly_report",
    "published_date": "2015-10-21",
    "fiscal_date": "2015-09-30",
    "fiscal_year": 2015,
    "fiscal_quarter": 3,
    "r2_url": "https://pub-2c783279b61043e19fbdadd1bee5153a.r2.dev/KMB/2015-10-21/kmb_10qx2015xq3.htm/kmb_10qx2015xq3.pdf",
    "periodicity": "periodic"
  },
  {
    "equity_ticker": "KMB",
    "geography": "US",
    "content_name": "KMB Q2 2015 10-Q",
    "file_type": "pdf",
    "content_type": "quarterly_report",
    "published_date": "2015-07-23",
    "fiscal_date": "2015-06-30",
    "fiscal_year": 2015,
    "fiscal_quarter": 2,
    "r2_url": "https://pub-2c783279b61043e19fbdadd1bee5153a.r2.dev/KMB/2015-07-23/kmb_10qx2015xq2.htm/kmb_10qx2015xq2.pdf",
    "periodicity": "periodic"
  },
  {
    "equity_ticker": "KMB",
    "geography": "US",
    "content_name": "KMB Q1 2015 10-Q",
    "file_type": "pdf",
    "content_type": "quarterly_report",
    "published_date": "2015-04-21",
    "fiscal_date": "2015-03-31",
    "fiscal_year": 2015,
    "fiscal_quarter": 1,
    "r2_url": "https://pub-2c783279b61043e19fbdadd1bee5153a.r2.dev/KMB/2015-04-21/kmb_10qx2015xq1.htm/kmb_10qx2015xq1.pdf",
    "periodicity": "periodic"
  },
  {
    "equity_ticker": "KMB",
    "geography": "US",
    "content_name": "KMB Q4 2014 10-K",
    "file_type": "pdf",
    "content_type": "annual_report",
    "published_date": "2015-02-18",
    "fiscal_date": "2014-12-31",
    "fiscal_year": 2014,
    "fiscal_quarter": 4,
    "r2_url": "https://pub-2c783279b61043e19fbdadd1bee5153a.r2.dev/KMB/2015-02-18/kmb_201410k.htm/kmb_201410k.pdf",
    "periodicity": "periodic"
  },
  {
    "equity_ticker": "KMB",
    "geography": "US",
    "content_name": "KMB Q3 2014 10-Q",
    "file_type": "pdf",
    "content_type": "quarterly_report",
    "published_date": "2014-10-21",
    "fiscal_date": "2014-09-30",
    "fiscal_year": 2014,
    "fiscal_quarter": 3,
    "r2_url": "https://pub-2c783279b61043e19fbdadd1bee5153a.r2.dev/KMB/2014-10-21/kmb_3q10qx2014.htm/kmb_3q10qx2014.pdf",
    "periodicity": "periodic"
  },
  {
    "equity_ticker": "KMB",
    "geography": "US",
    "content_name": "KMB Q2 2014 10-Q",
    "file_type": "pdf",
    "content_type": "quarterly_report",
    "published_date": "2014-07-22",
    "fiscal_date": "2014-06-30",
    "fiscal_year": 2014,
    "fiscal_quarter": 2,
    "r2_url": "https://pub-2c783279b61043e19fbdadd1bee5153a.r2.dev/KMB/2014-07-22/kmb_2q10qx2014.htm/kmb_2q10qx2014.pdf",
    "periodicity": "periodic"
  },
  {
    "equity_ticker": "KMB",
    "geography": "US",
    "content_name": "KMB Q1 2014 10-Q",
    "file_type": "pdf",
    "content_type": "quarterly_report",
    "published_date": "2014-04-21",
    "fiscal_date": "2014-03-31",
    "fiscal_year": 2014,
    "fiscal_quarter": 1,
    "r2_url": "https://pub-2c783279b61043e19fbdadd1bee5153a.r2.dev/KMB/2014-04-21/kmb_1q10qx2014.htm/kmb_1q10qx2014.pdf",
    "periodicity": "periodic"
  },
  {
    "equity_ticker": "KMB",
    "geography": "US",
    "content_name": "KMB Q4 2013 10-K",
    "file_type": "pdf",
    "content_type": "annual_report",
    "published_date": "2014-02-14",
    "fiscal_date": "2013-12-31",
    "fiscal_year": 2013,
    "fiscal_quarter": 4,
    "r2_url": "https://pub-2c783279b61043e19fbdadd1bee5153a.r2.dev/KMB/2014-02-14/kmb_10k2013.htm/kmb_10k2013.pdf",
    "periodicity": "periodic"
  },
  {
    "equity_ticker": "KMB",
    "geography": "US",
    "content_name": "KMB Q3 2013 10-Q",
    "file_type": "pdf",
    "content_type": "quarterly_report",
    "published_date": "2013-11-01",
    "fiscal_date": "2013-09-30",
    "fiscal_year": 2013,
    "fiscal_quarter": 3,
    "r2_url": "https://pub-2c783279b61043e19fbdadd1bee5153a.r2.dev/KMB/2013-11-01/kmb_3q10qx2013.htm/kmb_3q10qx2013.pdf",
    "periodicity": "periodic"
  },
  {
    "equity_ticker": "KMB",
    "geography": "US",
    "content_name": "KMB Q2 2013 10-Q",
    "file_type": "pdf",
    "content_type": "quarterly_report",
    "published_date": "2013-08-02",
    "fiscal_date": "2013-06-30",
    "fiscal_year": 2013,
    "fiscal_quarter": 2,
    "r2_url": "https://pub-2c783279b61043e19fbdadd1bee5153a.r2.dev/KMB/2013-08-02/kmb_2q10qx2013.htm/kmb_2q10qx2013.pdf",
    "periodicity": "periodic"
  },
  {
    "equity_ticker": "KMB",
    "geography": "US",
    "content_name": "KMB Q1 2013 10-Q",
    "file_type": "pdf",
    "content_type": "quarterly_report",
    "published_date": "2013-05-02",
    "fiscal_date": "2013-05-02",
    "fiscal_year": 2013,
    "fiscal_quarter": 1,
    "r2_url": "https://pub-2c783279b61043e19fbdadd1bee5153a.r2.dev/KMB/2013-05-02/kmb_1q10qx2013.htm/kmb_1q10qx2013.pdf",
    "periodicity": "periodic"
  },
  {
    "equity_ticker": "KMB",
    "geography": "US",
    "content_name": "KMB Q4 2012 10-K",
    "file_type": "pdf",
    "content_type": "annual_report",
    "published_date": "2013-02-22",
    "fiscal_date": "2012-12-31",
    "fiscal_year": 2012,
    "fiscal_quarter": 4,
    "r2_url": "https://pub-2c783279b61043e19fbdadd1bee5153a.r2.dev/KMB/2013-02-22/kmb_2012x10k.htm/kmb_2012x10k.pdf",
    "periodicity": "periodic"
  },
  {
    "equity_ticker": "KMB",
    "geography": "US",
    "content_name": "KMB Q3 2012 10-Q",
    "file_type": "pdf",
    "content_type": "quarterly_report",
    "published_date": "2012-11-05",
    "fiscal_date": "2012-09-30",
    "fiscal_year": 2012,
    "fiscal_quarter": 3,
    "r2_url": "https://pub-2c783279b61043e19fbdadd1bee5153a.r2.dev/KMB/2012-11-05/kmb_2012x3q10q.htm/kmb_2012x3q10q.pdf",
    "periodicity": "periodic"
  },
  {
    "equity_ticker": "KMB",
    "geography": "US",
    "content_name": "KMB Q2 2012 10-Q",
    "file_type": "pdf",
    "content_type": "quarterly_report",
    "published_date": "2012-08-03",
    "fiscal_date": "2012-06-30",
    "fiscal_year": 2012,
    "fiscal_quarter": 2,
    "r2_url": "https://pub-2c783279b61043e19fbdadd1bee5153a.r2.dev/KMB/2012-08-03/kmb_2012x2q10q.htm/kmb_2012x2q10q.pdf",
    "periodicity": "periodic"
  },
  {
    "equity_ticker": "KMB",
    "geography": "US",
    "content_name": "KMB Q1 2012 10-Q",
    "file_type": "pdf",
    "content_type": "quarterly_report",
    "published_date": "2012-05-04",
    "fiscal_date": "2012-03-31",
    "fiscal_year": 2012,
    "fiscal_quarter": 1,
    "r2_url": "https://pub-2c783279b61043e19fbdadd1bee5153a.r2.dev/KMB/2012-05-04/kmb_2012x1q10q.htm/kmb_2012x1q10q.pdf",
    "periodicity": "periodic"
  },
  {
    "equity_ticker": "KMB",
    "geography": "US",
    "content_name": "KMB Q4 2011 10-K",
    "file_type": "pdf",
    "content_type": "annual_report",
    "published_date": "2012-02-29",
    "fiscal_date": "2011-12-31",
    "fiscal_year": 2011,
    "fiscal_quarter": 4,
    "r2_url": "https://pub-2c783279b61043e19fbdadd1bee5153a.r2.dev/KMB/2012-02-29/kmb_2011x10k.htm/kmb_2011x10k.pdf",
    "periodicity": "periodic"
  },
  {
    "equity_ticker": "KMB",
    "geography": "US",
    "content_name": "KMB Q3 2011 10-Q",
    "file_type": "pdf",
    "content_type": "quarterly_report",
    "published_date": "2011-11-04",
    "fiscal_date": "2011-09-30",
    "fiscal_year": 2011,
    "fiscal_quarter": 3,
    "r2_url": "https://pub-2c783279b61043e19fbdadd1bee5153a.r2.dev/KMB/2011-11-04/kmb_10qx09302011.htm/kmb_10qx09302011.pdf",
    "periodicity": "periodic"
  },
  {
    "equity_ticker": "KMB",
    "geography": "US",
    "content_name": "KMB Q2 2011 10-Q",
    "file_type": "pdf",
    "content_type": "quarterly_report",
    "published_date": "2011-08-05",
    "fiscal_date": "2011-06-30",
    "fiscal_year": 2011,
    "fiscal_quarter": 2,
    "r2_url": "https://pub-2c783279b61043e19fbdadd1bee5153a.r2.dev/KMB/2011-08-05/d10q.htm/d10q.pdf",
    "periodicity": "periodic"
  },
  {
    "equity_ticker": "KMB",
    "geography": "US",
    "content_name": "KMB Q1 2011 10-Q",
    "file_type": "pdf",
    "content_type": "quarterly_report",
    "published_date": "2011-05-09",
    "fiscal_date": "2011-03-31",
    "fiscal_year": 2011,
    "fiscal_quarter": 1,
    "r2_url": "https://pub-2c783279b61043e19fbdadd1bee5153a.r2.dev/KMB/2011-05-09/d10q.htm/d10q.pdf",
    "periodicity": "periodic"
  },
  {
    "equity_ticker": "KMB",
    "geography": "US",
    "content_name": "KMB Q4 2010 10-K",
    "file_type": "pdf",
    "content_type": "annual_report",
    "published_date": "2011-02-23",
    "fiscal_date": "2010-12-31",
    "fiscal_year": 2010,
    "fiscal_quarter": 4,
    "r2_url": "https://pub-2c783279b61043e19fbdadd1bee5153a.r2.dev/KMB/2011-02-23/d10k.htm/d10k.pdf",
    "periodicity": "periodic"
  },
  {
    "equity_ticker": "KMB",
    "geography": "US",
    "content_name": "KMB Q3 2010 10-Q",
    "file_type": "pdf",
    "content_type": "quarterly_report",
    "published_date": "2010-11-08",
    "fiscal_date": "2010-09-30",
    "fiscal_year": 2010,
    "fiscal_quarter": 3,
    "r2_url": "https://pub-2c783279b61043e19fbdadd1bee5153a.r2.dev/KMB/2010-11-08/d10q.htm/d10q.pdf",
    "periodicity": "periodic"
  },
  {
    "equity_ticker": "KMB",
    "geography": "US",
    "content_name": "KMB Q2 2010 10-Q",
    "file_type": "pdf",
    "content_type": "quarterly_report",
    "published_date": "2010-08-09",
    "fiscal_date": "2010-06-30",
    "fiscal_year": 2010,
    "fiscal_quarter": 2,
    "r2_url": "https://pub-2c783279b61043e19fbdadd1bee5153a.r2.dev/KMB/2010-08-09/d10q.htm/d10q.pdf",
    "periodicity": "periodic"
  },
  {
    "equity_ticker": "KMB",
    "geography": "US",
    "content_name": "KMB Q1 2010 10-Q",
    "file_type": "pdf",
    "content_type": "quarterly_report",
    "published_date": "2010-05-07",
    "fiscal_date": "2010-03-31",
    "fiscal_year": 2010,
    "fiscal_quarter": 1,
    "r2_url": "https://pub-2c783279b61043e19fbdadd1bee5153a.r2.dev/KMB/2010-05-07/kc_10q-1q10.htm/kc_10q-1q10.pdf",
    "periodicity": "periodic"
  },
  {
    "equity_ticker": "KMB",
    "geography": "US",
    "content_name": "KMB Q4 2009 10-K",
    "file_type": "pdf",
    "content_type": "annual_report",
    "published_date": "2010-02-24",
    "fiscal_date": "2009-12-31",
    "fiscal_year": 2009,
    "fiscal_quarter": 4,
    "r2_url": "https://pub-2c783279b61043e19fbdadd1bee5153a.r2.dev/KMB/2010-02-24/d10k.htm/d10k.pdf",
    "periodicity": "periodic"
  },
  {
    "equity_ticker": "KMB",
    "geography": "US",
    "content_name": "KMB Q3 2009 10-Q",
    "file_type": "pdf",
    "content_type": "quarterly_report",
    "published_date": "2009-11-06",
    "fiscal_date": "2009-09-30",
    "fiscal_year": 2009,
    "fiscal_quarter": 3,
    "r2_url": "https://pub-2c783279b61043e19fbdadd1bee5153a.r2.dev/KMB/2009-11-06/kc_10q-3q09.htm/kc_10q-3q09.pdf",
    "periodicity": "periodic"
  },
  {
    "equity_ticker": "KMB",
    "geography": "US",
    "content_name": "KMB Q2 2009 10-Q",
    "file_type": "pdf",
    "content_type": "quarterly_report",
    "published_date": "2009-08-07",
    "fiscal_date": "2009-06-30",
    "fiscal_year": 2009,
    "fiscal_quarter": 2,
    "r2_url": "https://pub-2c783279b61043e19fbdadd1bee5153a.r2.dev/KMB/2009-08-07/kc_10q-2q09.htm/kc_10q-2q09.pdf",
    "periodicity": "periodic"
  },
  {
    "equity_ticker": "KMB",
    "geography": "US",
    "content_name": "KMB Q1 2009 10-Q",
    "file_type": "pdf",
    "content_type": "quarterly_report",
    "published_date": "2009-05-08",
    "fiscal_date": "2009-03-31",
    "fiscal_year": 2009,
    "fiscal_quarter": 1,
    "r2_url": "https://pub-2c783279b61043e19fbdadd1bee5153a.r2.dev/KMB/2009-05-08/kc_10q-1q09.htm/kc_10q-1q09.pdf",
    "periodicity": "periodic"
  },
  {
    "equity_ticker": "KMB",
    "geography": "US",
    "content_name": "KMB Q4 2008 10-K",
    "file_type": "pdf",
    "content_type": "annual_report",
    "published_date": "2009-02-27",
    "fiscal_date": "2008-12-31",
    "fiscal_year": 2008,
    "fiscal_quarter": 4,
    "r2_url": "https://pub-2c783279b61043e19fbdadd1bee5153a.r2.dev/KMB/2009-02-27/d10k.htm/d10k.pdf",
    "periodicity": "periodic"
  },
  {
    "equity_ticker": "KMB",
    "geography": "US",
    "content_name": "KMB Q3 2008 10-Q",
    "file_type": "pdf",
    "content_type": "quarterly_report",
    "published_date": "2008-11-07",
    "fiscal_date": "2008-09-30",
    "fiscal_year": 2008,
    "fiscal_quarter": 3,
    "r2_url": "https://pub-2c783279b61043e19fbdadd1bee5153a.r2.dev/KMB/2008-11-07/kc_10q-3q08.htm/kc_10q-3q08.pdf",
    "periodicity": "periodic"
  },
  {
    "equity_ticker": "KMB",
    "geography": "US",
    "content_name": "KMB Q2 2008 10-Q",
    "file_type": "pdf",
    "content_type": "quarterly_report",
    "published_date": "2008-08-08",
    "fiscal_date": "2008-06-30",
    "fiscal_year": 2008,
    "fiscal_quarter": 2,
    "r2_url": "https://pub-2c783279b61043e19fbdadd1bee5153a.r2.dev/KMB/2008-08-08/kc_10q-2q08.htm/kc_10q-2q08.pdf",
    "periodicity": "periodic"
  },
  {
    "equity_ticker": "KMB",
    "geography": "US",
    "content_name": "KMB Q1 2008 10-Q",
    "file_type": "pdf",
    "content_type": "quarterly_report",
    "published_date": "2008-05-09",
    "fiscal_date": "2008-05-09",
    "fiscal_year": 2008,
    "fiscal_quarter": 1,
    "r2_url": "https://pub-2c783279b61043e19fbdadd1bee5153a.r2.dev/KMB/2008-05-09/kc_10q-1q08.htm/kc_10q-1q08.pdf",
    "periodicity": "periodic"
  },
  {
    "equity_ticker": "KMB",
    "geography": "US",
    "content_name": "KMB Q4 2007 10-K",
    "file_type": "pdf",
    "content_type": "annual_report",
    "published_date": "2008-02-22",
    "fiscal_date": "2007-12-31",
    "fiscal_year": 2007,
    "fiscal_quarter": 4,
    "r2_url": "https://pub-2c783279b61043e19fbdadd1bee5153a.r2.dev/KMB/2008-02-22/d10k.htm/d10k.pdf",
    "periodicity": "periodic"
  },
  {
    "equity_ticker": "KMB",
    "geography": "US",
    "content_name": "KMB Q3 2007 10-Q",
    "file_type": "pdf",
    "content_type": "quarterly_report",
    "published_date": "2007-11-08",
    "fiscal_date": "2007-11-08",
    "fiscal_year": 2007,
    "fiscal_quarter": 3,
    "r2_url": "https://pub-2c783279b61043e19fbdadd1bee5153a.r2.dev/KMB/2007-11-08/kc_10q-3q07.htm/kc_10q-3q07.pdf",
    "periodicity": "periodic"
  },
  {
    "equity_ticker": "KMB",
    "geography": "US",
    "content_name": "KMB Q2 2007 10-Q",
    "file_type": "pdf",
    "content_type": "quarterly_report",
    "published_date": "2007-08-08",
    "fiscal_date": "2007-08-08",
    "fiscal_year": 2007,
    "fiscal_quarter": 2,
    "r2_url": "https://pub-2c783279b61043e19fbdadd1bee5153a.r2.dev/KMB/2007-08-08/kc_10q-2q07.htm/kc_10q-2q07.pdf",
    "periodicity": "periodic"
  },
  {
    "equity_ticker": "KMB",
    "geography": "US",
    "content_name": "KMB Q1 2007 10-Q",
    "file_type": "pdf",
    "content_type": "quarterly_report",
    "published_date": "2007-05-09",
    "fiscal_date": "2007-05-09",
    "fiscal_year": 2007,
    "fiscal_quarter": 1,
    "r2_url": "https://pub-2c783279b61043e19fbdadd1bee5153a.r2.dev/KMB/2007-05-09/kc_10q-1q07.htm/kc_10q-1q07.pdf",
    "periodicity": "periodic"
  },
  {
    "equity_ticker": "KMB",
    "geography": "US",
    "content_name": "KMB Q4 2006 10-K",
    "file_type": "pdf",
    "content_type": "annual_report",
    "published_date": "2007-02-22",
    "fiscal_date": "2006-12-31",
    "fiscal_year": 2006,
    "fiscal_quarter": 4,
    "r2_url": "https://pub-2c783279b61043e19fbdadd1bee5153a.r2.dev/KMB/2007-02-22/d10k.htm/d10k.pdf",
    "periodicity": "periodic"
  },
  {
    "equity_ticker": "KMB",
    "geography": "US",
    "content_name": "KMB Q3 2006 10-Q",
    "file_type": "pdf",
    "content_type": "quarterly_report",
    "published_date": "2006-11-07",
    "fiscal_date": "2006-11-07",
    "fiscal_year": 2006,
    "fiscal_quarter": 3,
    "r2_url": "https://pub-2c783279b61043e19fbdadd1bee5153a.r2.dev/KMB/2006-11-07/kc_10q3q2006.htm/kc_10q3q2006.pdf",
    "periodicity": "periodic"
  },
  {
    "equity_ticker": "KMB",
    "geography": "US",
    "content_name": "KMB Q2 2006 10-Q",
    "file_type": "pdf",
    "content_type": "quarterly_report",
    "published_date": "2006-08-08",
    "fiscal_date": "2006-08-08",
    "fiscal_year": 2006,
    "fiscal_quarter": 2,
    "r2_url": "https://pub-2c783279b61043e19fbdadd1bee5153a.r2.dev/KMB/2006-08-08/kc_10-q2q06.htm/kc_10-q2q06.pdf",
    "periodicity": "periodic"
  },
  {
    "equity_ticker": "KMB",
    "geography": "US",
    "content_name": "KMB Q1 2006 10-Q",
    "file_type": "pdf",
    "content_type": "quarterly_report",
    "published_date": "2006-05-05",
    "fiscal_date": "2006-05-05",
    "fiscal_year": 2006,
    "fiscal_quarter": 1,
    "r2_url": "https://pub-2c783279b61043e19fbdadd1bee5153a.r2.dev/KMB/2006-05-05/kc_10q1q06.htm/kc_10q1q06.pdf",
    "periodicity": "periodic"
  },
  {
    "equity_ticker": "KMB",
    "geography": "US",
    "content_name": "KMB Q4 2005 10-K",
    "file_type": "pdf",
    "content_type": "annual_report",
    "published_date": "2006-02-23",
    "fiscal_date": "2005-12-31",
    "fiscal_year": 2005,
    "fiscal_quarter": 4,
    "r2_url": "https://pub-2c783279b61043e19fbdadd1bee5153a.r2.dev/KMB/2006-02-23/d10k.htm/d10k.pdf",
    "periodicity": "periodic"
  },
  {
    "equity_ticker": "KMB",
    "geography": "US",
    "content_name": "KMB Q3 2005 10-Q",
    "file_type": "pdf",
    "content_type": "quarterly_report",
    "published_date": "2005-11-04",
    "fiscal_date": "2005-09-30",
    "fiscal_year": 2005,
    "fiscal_quarter": 3,
    "r2_url": "https://pub-2c783279b61043e19fbdadd1bee5153a.r2.dev/KMB/2005-11-04/kc_q32005-10q.htm/kc_q32005-10q.pdf",
    "periodicity": "periodic"
  },
  {
    "equity_ticker": "KMB",
    "geography": "US",
    "content_name": "KMB Q2 2005 10-Q",
    "file_type": "pdf",
    "content_type": "quarterly_report",
    "published_date": "2005-08-04",
    "fiscal_date": "2005-06-30",
    "fiscal_year": 2005,
    "fiscal_quarter": 2,
    "r2_url": "https://pub-2c783279b61043e19fbdadd1bee5153a.r2.dev/KMB/2005-08-04/kc_10q-2q05.htm/kc_10q-2q05.pdf",
    "periodicity": "periodic"
  },
  {
    "equity_ticker": "KMB",
    "geography": "US",
    "content_name": "KMB Q1 2005 10-Q",
    "file_type": "pdf",
    "content_type": "quarterly_report",
    "published_date": "2005-05-05",
    "fiscal_date": "2005-03-31",
    "fiscal_year": 2005,
    "fiscal_quarter": 1,
    "r2_url": "https://pub-2c783279b61043e19fbdadd1bee5153a.r2.dev/KMB/2005-05-05/kc_10q-1q05.htm/kc_10q-1q05.pdf",
    "periodicity": "periodic"
  },
  {
    "equity_ticker": "KMB",
    "geography": "US",
    "content_name": "KMB Q4 2004 10-K",
    "file_type": "pdf",
    "content_type": "annual_report",
    "published_date": "2005-02-24",
    "fiscal_date": "2004-12-31",
    "fiscal_year": 2004,
    "fiscal_quarter": 4,
    "r2_url": "https://pub-2c783279b61043e19fbdadd1bee5153a.r2.dev/KMB/2005-02-24/d10k.htm/d10k.pdf",
    "periodicity": "periodic"
  },
  {
    "equity_ticker": "KMB",
    "geography": "US",
    "content_name": "KMB Q3 2004 10-Q",
    "file_type": "pdf",
    "content_type": "quarterly_report",
    "published_date": "2004-11-09",
    "fiscal_date": "2004-09-30",
    "fiscal_year": 2004,
    "fiscal_quarter": 3,
    "r2_url": "https://pub-2c783279b61043e19fbdadd1bee5153a.r2.dev/KMB/2004-11-09/kc_10q-3q04.htm/kc_10q-3q04.pdf",
    "periodicity": "periodic"
  },
  {
    "equity_ticker": "KMB",
    "geography": "US",
    "content_name": "KMB Q2 2004 10-Q",
    "file_type": "pdf",
    "content_type": "quarterly_report",
    "published_date": "2004-08-06",
    "fiscal_date": "2004-06-30",
    "fiscal_year": 2004,
    "fiscal_quarter": 2,
    "r2_url": "https://pub-2c783279b61043e19fbdadd1bee5153a.r2.dev/KMB/2004-08-06/kc_10q-2q04.htm/kc_10q-2q04.pdf",
    "periodicity": "periodic"
  },
  {
    "equity_ticker": "KMB",
    "geography": "US",
    "content_name": "KMB Q1 2004 10-Q",
    "file_type": "pdf",
    "content_type": "quarterly_report",
    "published_date": "2004-05-07",
    "fiscal_date": "2004-03-31",
    "fiscal_year": 2004,
    "fiscal_quarter": 1,
    "r2_url": "https://pub-2c783279b61043e19fbdadd1bee5153a.r2.dev/KMB/2004-05-07/kc_10q-1q04.htm/kc_10q-1q04.pdf",
    "periodicity": "periodic"
  },
  {
    "equity_ticker": "KMB",
    "geography": "US",
    "content_name": "KMB Q4 2003 10-K",
    "file_type": "pdf",
    "content_type": "annual_report",
    "published_date": "2004-02-26",
    "fiscal_date": "2003-12-31",
    "fiscal_year": 2003,
    "fiscal_quarter": 4,
    "r2_url": "https://pub-2c783279b61043e19fbdadd1bee5153a.r2.dev/KMB/2004-02-26/d10k.htm/d10k.pdf",
    "periodicity": "periodic"
  },
  {
    "equity_ticker": "KMB",
    "geography": "US",
    "content_name": "KMB Q3 2003 10-Q",
    "file_type": "pdf",
    "content_type": "quarterly_report",
    "published_date": "2003-11-06",
    "fiscal_date": "2003-09-30",
    "fiscal_year": 2003,
    "fiscal_quarter": 3,
    "r2_url": "https://pub-2c783279b61043e19fbdadd1bee5153a.r2.dev/KMB/2003-11-06/q30310q.txt/q30310q.pdf",
    "periodicity": "periodic"
  },
  {
    "equity_ticker": "KMB",
    "geography": "US",
    "content_name": "KMB Q2 2003 10-Q",
    "file_type": "pdf",
    "content_type": "quarterly_report",
    "published_date": "2003-08-07",
    "fiscal_date": "2003-06-30",
    "fiscal_year": 2003,
    "fiscal_quarter": 2,
    "r2_url": "https://pub-2c783279b61043e19fbdadd1bee5153a.r2.dev/KMB/2003-08-07/q10q0203.txt/q10q0203.pdf",
    "periodicity": "periodic"
  },
  {
    "equity_ticker": "KMB",
    "geography": "US",
    "content_name": "KMB Q1 2003 10-Q",
    "file_type": "pdf",
    "content_type": "quarterly_report",
    "published_date": "2003-05-08",
    "fiscal_date": "2003-03-31",
    "fiscal_year": 2003,
    "fiscal_quarter": 1,
    "r2_url": "https://pub-2c783279b61043e19fbdadd1bee5153a.r2.dev/KMB/2003-05-08/q100103.txt/q100103.pdf",
    "periodicity": "periodic"
  },
  {
    "equity_ticker": "KMB",
    "geography": "US",
    "content_name": "KMB Q4 2002 10-K",
    "file_type": "pdf",
    "content_type": "annual_report",
    "published_date": "2003-03-14",
    "fiscal_date": "2002-12-31",
    "fiscal_year": 2002,
    "fiscal_quarter": 4,
    "r2_url": "https://pub-2c783279b61043e19fbdadd1bee5153a.r2.dev/KMB/2003-03-14/form10k.txt/form10k.pdf",
    "periodicity": "periodic"
  },
  {
    "equity_ticker": "KMB",
    "geography": "US",
    "content_name": "KMB Q3 2002 10-Q",
    "file_type": "pdf",
    "content_type": "quarterly_report",
    "published_date": "2002-11-07",
    "fiscal_date": "2002-09-30",
    "fiscal_year": 2002,
    "fiscal_quarter": 3,
    "r2_url": "https://pub-2c783279b61043e19fbdadd1bee5153a.r2.dev/KMB/2002-11-07/q10q0302.txt/q10q0302.pdf",
    "periodicity": "periodic"
  },
  {
    "equity_ticker": "KMB",
    "geography": "US",
    "content_name": "KMB Q2 2002 10-Q",
    "file_type": "pdf",
    "content_type": "quarterly_report",
    "published_date": "2002-08-08",
    "fiscal_date": "2002-06-30",
    "fiscal_year": 2002,
    "fiscal_quarter": 2,
    "r2_url": "https://pub-2c783279b61043e19fbdadd1bee5153a.r2.dev/KMB/2002-08-08/q10q0202.txt/q10q0202.pdf",
    "periodicity": "periodic"
  },
  {
    "equity_ticker": "KMB",
    "geography": "US",
    "content_name": "KMB Q1 2002 10-Q",
    "file_type": "pdf",
    "content_type": "quarterly_report",
    "published_date": "2002-05-09",
    "fiscal_date": "2002-03-31",
    "fiscal_year": 2002,
    "fiscal_quarter": 1,
    "r2_url": "https://pub-2c783279b61043e19fbdadd1bee5153a.r2.dev/KMB/2002-05-09/q10q102.txt/q10q102.pdf",
    "periodicity": "periodic"
  },
  {
    "equity_ticker": "KMB",
    "geography": "US",
    "content_name": "KMB Q4 2001 10-K",
    "file_type": "pdf",
    "content_type": "annual_report",
    "published_date": "2002-03-18",
    "fiscal_date": "2001-12-31",
    "fiscal_year": 2001,
    "fiscal_quarter": 4,
    "r2_url": "https://pub-2c783279b61043e19fbdadd1bee5153a.r2.dev/KMB/2002-03-18/k10k2001.txt/k10k2001.pdf",
    "periodicity": "periodic"
  },
  {
    "equity_ticker": "KMB",
    "geography": "US",
    "content_name": "KMB Q3 2001 10-Q",
    "file_type": "pdf",
    "content_type": "quarterly_report",
    "published_date": "2001-11-08",
    "fiscal_date": "2001-09-30",
    "fiscal_year": 2001,
    "fiscal_quarter": 3,
    "r2_url": "https://pub-2c783279b61043e19fbdadd1bee5153a.r2.dev/KMB/2001-11-08/p201q03.txt/p201q03.pdf",
    "periodicity": "periodic"
  },
  {
    "equity_ticker": "KMB",
    "geography": "US",
    "content_name": "KMB Q2 2001 10-Q",
    "file_type": "pdf",
    "content_type": "quarterly_report",
    "published_date": "2001-08-09",
    "fiscal_date": "2001-06-30",
    "fiscal_year": 2001,
    "fiscal_quarter": 2,
    "r2_url": "https://pub-2c783279b61043e19fbdadd1bee5153a.r2.dev/KMB/2001-08-09/p201q02.txt/p201q02.pdf",
    "periodicity": "periodic"
  },
  {
    "equity_ticker": "KMB",
    "geography": "US",
    "content_name": "KMB Q1 2001 10-Q",
    "file_type": "pdf",
    "content_type": "quarterly_report",
    "published_date": "2001-05-09",
    "fiscal_date": "2001-03-31",
    "fiscal_year": 2001,
    "fiscal_quarter": 1,
    "r2_url": "https://pub-2c783279b61043e19fbdadd1bee5153a.r2.dev/KMB/2001-05-09/q101q01.txt/q101q01.pdf",
    "periodicity": "periodic"
  },
  {
    "equity_ticker": "KMB",
    "geography": "US",
    "content_name": "KMB Q4 2000 10-K",
    "file_type": "pdf",
    "content_type": "annual_report",
    "published_date": "2001-03-23",
    "fiscal_date": "2000-12-31",
    "fiscal_year": 2000,
    "fiscal_quarter": 4,
    "r2_url": "https://pub-2c783279b61043e19fbdadd1bee5153a.r2.dev/KMB/2001-03-23/0000055785-01-000003-0001.txt/0000055785-01-000003-0001.pdf",
    "periodicity": "periodic"
  },
  {
    "equity_ticker": "KMB",
    "geography": "US",
    "content_name": "KMB Q3 2000 10-Q",
    "file_type": "pdf",
    "content_type": "quarterly_report",
    "published_date": "2000-11-09",
    "fiscal_date": "2000-09-30",
    "fiscal_year": 2000,
    "fiscal_quarter": 3,
    "r2_url": "https://pub-2c783279b61043e19fbdadd1bee5153a.r2.dev/KMB/2000-11-09/0000055785-00-000012-0001.txt/0000055785-00-000012-0001.pdf",
    "periodicity": "periodic"
  },
  {
    "equity_ticker": "KMB",
    "geography": "US",
    "content_name": "KMB Q2 2000 10-Q",
    "file_type": "pdf",
    "content_type": "quarterly_report",
    "published_date": "2000-08-10",
    "fiscal_date": "2000-06-30",
    "fiscal_year": 2000,
    "fiscal_quarter": 2,
    "r2_url": "https://pub-2c783279b61043e19fbdadd1bee5153a.r2.dev/KMB/2000-08-10/0000055785-00-000010-0001.txt/0000055785-00-000010-0001.pdf",
    "periodicity": "periodic"
  },
  {
    "equity_ticker": "KMB",
    "geography": "US",
    "content_name": "KMB Q1 2000 10-Q",
    "file_type": "pdf",
    "content_type": "quarterly_report",
    "published_date": "2000-05-10",
    "fiscal_date": "2000-03-31",
    "fiscal_year": 2000,
    "fiscal_quarter": 1,
    "r2_url": "https://pub-2c783279b61043e19fbdadd1bee5153a.r2.dev/KMB/2000-05-10/.pdf",
    "periodicity": "periodic"
  },
  {
    "equity_ticker": "KMB",
    "geography": "US",
    "content_name": "KMB Q4 1999 10-K",
    "file_type": "pdf",
    "content_type": "annual_report",
    "published_date": "2000-03-24",
    "fiscal_date": "1999-12-31",
    "fiscal_year": 1999,
    "fiscal_quarter": 4,
    "r2_url": "https://pub-2c783279b61043e19fbdadd1bee5153a.r2.dev/KMB/2000-03-24/.pdf",
    "periodicity": "periodic"
  },
  {
    "equity_ticker": "KMB",
    "geography": "US",
    "content_name": "KMB Q3 1999 10-Q",
    "file_type": "pdf",
    "content_type": "quarterly_report",
    "published_date": "1999-11-12",
    "fiscal_date": "1999-09-30",
    "fiscal_year": 1999,
    "fiscal_quarter": 3,
    "r2_url": "https://pub-2c783279b61043e19fbdadd1bee5153a.r2.dev/KMB/1999-11-12/.pdf",
    "periodicity": "periodic"
  },
  {
    "equity_ticker": "KMB",
    "geography": "US",
    "content_name": "KMB Q2 1999 10-Q",
    "file_type": "pdf",
    "content_type": "quarterly_report",
    "published_date": "1999-08-11",
    "fiscal_date": "1999-06-30",
    "fiscal_year": 1999,
    "fiscal_quarter": 2,
    "r2_url": "https://pub-2c783279b61043e19fbdadd1bee5153a.r2.dev/KMB/1999-08-11/.pdf",
    "periodicity": "periodic"
  },
  {
    "equity_ticker": "KMB",
    "geography": "US",
    "content_name": "KMB Q1 1999 10-Q",
    "file_type": "pdf",
    "content_type": "quarterly_report",
    "published_date": "1999-05-12",
    "fiscal_date": "1999-03-31",
    "fiscal_year": 1999,
    "fiscal_quarter": 1,
    "r2_url": "https://pub-2c783279b61043e19fbdadd1bee5153a.r2.dev/KMB/1999-05-12/.pdf",
    "periodicity": "periodic"
  },
  {
    "equity_ticker": "KMB",
    "geography": "US",
    "content_name": "KMB Q4 1998 10-K",
    "file_type": "pdf",
    "content_type": "annual_report",
    "published_date": "1999-03-26",
    "fiscal_date": "1998-12-31",
    "fiscal_year": 1998,
    "fiscal_quarter": 4,
    "r2_url": "https://pub-2c783279b61043e19fbdadd1bee5153a.r2.dev/KMB/1999-03-26/.pdf",
    "periodicity": "periodic"
  },
  {
    "equity_ticker": "KMB",
    "geography": "US",
    "content_name": "KMB Q3 1998 10-Q",
    "file_type": "pdf",
    "content_type": "quarterly_report",
    "published_date": "1998-11-09",
    "fiscal_date": "1998-09-30",
    "fiscal_year": 1998,
    "fiscal_quarter": 3,
    "r2_url": "https://pub-2c783279b61043e19fbdadd1bee5153a.r2.dev/KMB/1998-11-09/.pdf",
    "periodicity": "periodic"
  },
  {
    "equity_ticker": "KMB",
    "geography": "US",
    "content_name": "KMB Q2 1998 10-Q",
    "file_type": "pdf",
    "content_type": "quarterly_report",
    "published_date": "1998-08-10",
    "fiscal_date": "1998-06-30",
    "fiscal_year": 1998,
    "fiscal_quarter": 2,
    "r2_url": "https://pub-2c783279b61043e19fbdadd1bee5153a.r2.dev/KMB/1998-08-10/.pdf",
    "periodicity": "periodic"
  },
  {
    "equity_ticker": "KMB",
    "geography": "US",
    "content_name": "KMB Q1 1998 10-Q",
    "file_type": "pdf",
    "content_type": "quarterly_report",
    "published_date": "1998-05-12",
    "fiscal_date": "1998-03-31",
    "fiscal_year": 1998,
    "fiscal_quarter": 1,
    "r2_url": "https://pub-2c783279b61043e19fbdadd1bee5153a.r2.dev/KMB/1998-05-12/.pdf",
    "periodicity": "periodic"
  },
  {
    "equity_ticker": "KMB",
    "geography": "US",
    "content_name": "KMB Q4 1997 10-K",
    "file_type": "pdf",
    "content_type": "annual_report",
    "published_date": "1998-03-26",
    "fiscal_date": "1997-12-31",
    "fiscal_year": 1997,
    "fiscal_quarter": 4,
    "r2_url": "https://pub-2c783279b61043e19fbdadd1bee5153a.r2.dev/KMB/1998-03-26/.pdf",
    "periodicity": "periodic"
  },
  {
    "equity_ticker": "KMB",
    "geography": "US",
    "content_name": "KMB Q3 1997 10-Q",
    "file_type": "pdf",
    "content_type": "quarterly_report",
    "published_date": "1997-11-07",
    "fiscal_date": "1997-09-30",
    "fiscal_year": 1997,
    "fiscal_quarter": 3,
    "r2_url": "https://pub-2c783279b61043e19fbdadd1bee5153a.r2.dev/KMB/1997-11-07/.pdf",
    "periodicity": "periodic"
  },
  {
    "equity_ticker": "KMB",
    "geography": "US",
    "content_name": "KMB Q2 1997 10-Q",
    "file_type": "pdf",
    "content_type": "quarterly_report",
    "published_date": "1997-08-07",
    "fiscal_date": "1997-06-30",
    "fiscal_year": 1997,
    "fiscal_quarter": 2,
    "r2_url": "https://pub-2c783279b61043e19fbdadd1bee5153a.r2.dev/KMB/1997-08-07/.pdf",
    "periodicity": "periodic"
  },
  {
    "equity_ticker": "KMB",
    "geography": "US",
    "content_name": "KMB Q1 1997 10-Q",
    "file_type": "pdf",
    "content_type": "quarterly_report",
    "published_date": "1997-05-09",
    "fiscal_date": "1997-03-31",
    "fiscal_year": 1997,
    "fiscal_quarter": 1,
    "r2_url": "https://pub-2c783279b61043e19fbdadd1bee5153a.r2.dev/KMB/1997-05-09/.pdf",
    "periodicity": "periodic"
  },
  {
    "equity_ticker": "KMB",
    "geography": "US",
    "content_name": "KMB Q4 1996 10-K",
    "file_type": "pdf",
    "content_type": "annual_report",
    "published_date": "1997-03-21",
    "fiscal_date": "1996-12-31",
    "fiscal_year": 1996,
    "fiscal_quarter": 4,
    "r2_url": "https://pub-2c783279b61043e19fbdadd1bee5153a.r2.dev/KMB/1997-03-21/.pdf",
    "periodicity": "periodic"
  },
  {
    "equity_ticker": "KMB",
    "geography": "US",
    "content_name": "KMB Q3 1996 10-Q",
    "file_type": "pdf",
    "content_type": "quarterly_report",
    "published_date": "1996-11-07",
    "fiscal_date": "1996-09-30",
    "fiscal_year": 1996,
    "fiscal_quarter": 3,
    "r2_url": "https://pub-2c783279b61043e19fbdadd1bee5153a.r2.dev/KMB/1996-11-07/.pdf",
    "periodicity": "periodic"
  },
  {
    "equity_ticker": "KMB",
    "geography": "US",
    "content_name": "KMB Q2 1996 10-Q",
    "file_type": "pdf",
    "content_type": "quarterly_report",
    "published_date": "1996-08-09",
    "fiscal_date": "1996-06-30",
    "fiscal_year": 1996,
    "fiscal_quarter": 2,
    "r2_url": "https://pub-2c783279b61043e19fbdadd1bee5153a.r2.dev/KMB/1996-08-09/.pdf",
    "periodicity": "periodic"
  },
  {
    "equity_ticker": "KMB",
    "geography": "US",
    "content_name": "KMB Q1 1996 10-Q",
    "file_type": "pdf",
    "content_type": "quarterly_report",
    "published_date": "1996-05-10",
    "fiscal_date": "1996-03-31",
    "fiscal_year": 1996,
    "fiscal_quarter": 1,
    "r2_url": "https://pub-2c783279b61043e19fbdadd1bee5153a.r2.dev/KMB/1996-05-10/.pdf",
    "periodicity": "periodic"
  },
  {
    "equity_ticker": "KMB",
    "geography": "US",
    "content_name": "KMB Q4 1995 10-K",
    "file_type": "pdf",
    "content_type": "annual_report",
    "published_date": "1996-03-26",
    "fiscal_date": "1995-12-31",
    "fiscal_year": 1995,
    "fiscal_quarter": 4,
    "r2_url": "https://pub-2c783279b61043e19fbdadd1bee5153a.r2.dev/KMB/1996-03-26/.pdf",
    "periodicity": "periodic"
  },
  {
    "equity_ticker": "KMB",
    "geography": "US",
    "content_name": "KMB Q3 1995 10-Q",
    "file_type": "pdf",
    "content_type": "quarterly_report",
    "published_date": "1995-11-13",
    "fiscal_date": "1995-09-30",
    "fiscal_year": 1995,
    "fiscal_quarter": 3,
    "r2_url": "https://pub-2c783279b61043e19fbdadd1bee5153a.r2.dev/KMB/1995-11-13/.pdf",
    "periodicity": "periodic"
  },
  {
    "equity_ticker": "KMB",
    "geography": "US",
    "content_name": "KMB Q2 1995 10-Q",
    "file_type": "pdf",
    "content_type": "quarterly_report",
    "published_date": "1995-08-10",
    "fiscal_date": "1995-06-30",
    "fiscal_year": 1995,
    "fiscal_quarter": 2,
    "r2_url": "https://pub-2c783279b61043e19fbdadd1bee5153a.r2.dev/KMB/1995-08-10/.pdf",
    "periodicity": "periodic"
  },
  {
    "equity_ticker": "KMB",
    "geography": "US",
    "content_name": "KMB Q1 1995 10-Q",
    "file_type": "pdf",
    "content_type": "quarterly_report",
    "published_date": "1995-05-05",
    "fiscal_date": "1995-03-31",
    "fiscal_year": 1995,
    "fiscal_quarter": 1,
    "r2_url": "https://pub-2c783279b61043e19fbdadd1bee5153a.r2.dev/KMB/1995-05-05/.pdf",
    "periodicity": "periodic"
  },
  {
    "equity_ticker": "KMB",
    "geography": "US",
    "content_name": "KMB Q4 1994 10-K",
    "file_type": "pdf",
    "content_type": "annual_report",
    "published_date": "1995-03-24",
    "fiscal_date": "1994-12-31",
    "fiscal_year": 1994,
    "fiscal_quarter": 4,
    "r2_url": "https://pub-2c783279b61043e19fbdadd1bee5153a.r2.dev/KMB/1995-03-24/.pdf",
    "periodicity": "periodic"
  },
  {
    "equity_ticker": "KMB",
    "geography": "US",
    "content_name": "KMB Q3 1994 10-Q",
    "file_type": "pdf",
    "content_type": "quarterly_report",
    "published_date": "1994-11-10",
    "fiscal_date": "1994-09-30",
    "fiscal_year": 1994,
    "fiscal_quarter": 3,
    "r2_url": "https://pub-2c783279b61043e19fbdadd1bee5153a.r2.dev/KMB/1994-11-10/.pdf",
    "periodicity": "periodic"
  },
  {
    "equity_ticker": "KMB",
    "geography": "US",
    "content_name": "KMB Q2 1994 10-Q",
    "file_type": "pdf",
    "content_type": "quarterly_report",
    "published_date": "1994-08-10",
    "fiscal_date": "1994-06-30",
    "fiscal_year": 1994,
    "fiscal_quarter": 2,
    "r2_url": "https://pub-2c783279b61043e19fbdadd1bee5153a.r2.dev/KMB/1994-08-10/.pdf",
    "periodicity": "periodic"
  },
  {
    "equity_ticker": "KMB",
    "geography": "US",
    "content_name": "KMB Q1 1994 10-Q",
    "file_type": "pdf",
    "content_type": "quarterly_report",
    "published_date": "1994-05-11",
    "fiscal_date": "1994-03-31",
    "fiscal_year": 1994,
    "fiscal_quarter": 1,
    "r2_url": "https://pub-2c783279b61043e19fbdadd1bee5153a.r2.dev/KMB/1994-05-11/.pdf",
    "periodicity": "periodic"
  },
  {
    "equity_ticker": "KMB",
    "geography": "US",
    "content_name": "KMB Q4 1993 10-K",
    "file_type": "pdf",
    "content_type": "annual_report",
    "published_date": "1994-03-24",
    "fiscal_date": "1993-12-31",
    "fiscal_year": 1993,
    "fiscal_quarter": 4,
    "r2_url": "https://pub-2c783279b61043e19fbdadd1bee5153a.r2.dev/KMB/1994-03-24/.pdf",
    "periodicity": "periodic"
  }
]