[
    {
        "equity_ticker": "KVUE",
        "geography": "US",
        "content_name": "Consumer Analyst Group of New York Conference (CAGNY) 2025 - February 19, 2025",
        "file_type": "pdf",
        "content_type": "industry_conference_transcript",
        "published_date": "2025-02-19",
        "fiscal_date": "2025-02-19",
        "fiscal_year": null,
        "fiscal_quarter": null,
        "r2_url": "https://pub-2c783279b61043e19fbdadd1bee5153a.r2.dev/KVUE/2025-02-19/Kenvue%20Inc._2025-02-19_transcript/Kenvue%20Inc._2025-02-19_transcript.pdf/Kenvue%20Inc._2025-02-19_transcript.pdf",
        "periodicity": "non_periodic"
    },
    {
        "equity_ticker": "KVUE",
        "geography": "US",
        "content_name": "Consumer Analyst Group of New York Conference (CAGNY) 2025 - February 19, 2025",
        "file_type": "pdf",
        "content_type": "industry_conference_presentation",
        "published_date": "2025-02-19",
        "fiscal_date": "2025-02-19",
        "fiscal_year": null,
        "fiscal_quarter": null,
        "r2_url": "https://pub-2c783279b61043e19fbdadd1bee5153a.r2.dev/KVUE/2025-02-19/46b25-2025-03-25-09-10-10/46b25-2025-03-25-09-10-10.pdf/46b25-2025-03-25-09-10-10.pdf",
        "periodicity": "non_periodic"
    },
    {
        "equity_ticker": "KVUE",
        "geography": "US",
        "content_name": "KVUE Q4 2024 Transcript",
        "file_type": "pdf",
        "content_type": "earnings_transcript",
        "published_date": "2025-02-06",
        "fiscal_date": "2025-02-06",
        "fiscal_year": 2024,
        "fiscal_quarter": 4,
        "r2_url": "https://pub-2c783279b61043e19fbdadd1bee5153a.r2.dev/KVUE/2025-02-06/Kenvue%20Inc._2025-02-06_transcript/Kenvue%20Inc._2025-02-06_transcript.pdf/Kenvue%20Inc._2025-02-06_transcript.pdf",
        "periodicity": "periodic"
    },
    {
        "equity_ticker": "KVUE",
        "geography": "US",
        "content_name": "KVUE Q4 2024 Press Release",
        "file_type": "pdf",
        "content_type": "earnings_press_release",
        "published_date": "2025-02-06",
        "fiscal_date": "2025-02-06",
        "fiscal_year": 2024,
        "fiscal_quarter": 4,
        "r2_url": "https://pub-2c783279b61043e19fbdadd1bee5153a.r2.dev/KVUE/2025-02-06/b6a87-2025-02-06-11-20-51/b6a87-2025-02-06-11-20-51.pdf/b6a87-2025-02-06-11-20-51.pdf",
        "periodicity": "periodic"
    },
    {
        "equity_ticker": "KVUE",
        "geography": "US",
        "content_name": "KVUE Q4 2024 Presentation",
        "file_type": "pdf",
        "content_type": "earnings_presentation",
        "published_date": "2025-02-06",
        "fiscal_date": "2025-02-06",
        "fiscal_year": 2024,
        "fiscal_quarter": 4,
        "r2_url": "https://pub-2c783279b61043e19fbdadd1bee5153a.r2.dev/KVUE/2025-02-06/8788d-2025-02-06-11-43-49/8788d-2025-02-06-11-43-49.pdf/8788d-2025-02-06-11-43-49.pdf",
        "periodicity": "periodic"
    },
    {
        "equity_ticker": "KVUE",
        "geography": "US",
        "content_name": "Morgan Stanley Global Consumer & Retail Conference - December 4, 2024",
        "file_type": "pdf",
        "content_type": "sellside_conference_transcript",
        "published_date": "2024-12-04",
        "fiscal_date": "2024-12-04",
        "fiscal_year": null,
        "fiscal_quarter": null,
        "r2_url": "https://pub-2c783279b61043e19fbdadd1bee5153a.r2.dev/KVUE/2024-12-04/Kenvue%20Inc._2024-12-04_transcript/Kenvue%20Inc._2024-12-04_transcript.pdf/Kenvue%20Inc._2024-12-04_transcript.pdf",
        "periodicity": "non_periodic"
    },
    {
        "equity_ticker": "KVUE",
        "geography": "US",
        "content_name": "KVUE Q3 2024 Transcript",
        "file_type": "pdf",
        "content_type": "earnings_transcript",
        "published_date": "2024-11-07",
        "fiscal_date": "2024-11-07",
        "fiscal_year": 2024,
        "fiscal_quarter": 3,
        "r2_url": "https://pub-2c783279b61043e19fbdadd1bee5153a.r2.dev/KVUE/2024-11-07/Kenvue%20Inc._2024-11-07_transcript/Kenvue%20Inc._2024-11-07_transcript.pdf/Kenvue%20Inc._2024-11-07_transcript.pdf",
        "periodicity": "periodic"
    },
    {
        "equity_ticker": "KVUE",
        "geography": "US",
        "content_name": "KVUE Q3 2024 Press Release",
        "file_type": "pdf",
        "content_type": "earnings_press_release",
        "published_date": "2024-11-07",
        "fiscal_date": "2024-11-07",
        "fiscal_year": 2024,
        "fiscal_quarter": 3,
        "r2_url": "https://pub-2c783279b61043e19fbdadd1bee5153a.r2.dev/KVUE/2024-11-07/87ac8-2024-11-07-11-39-52/87ac8-2024-11-07-11-39-52.pdf/87ac8-2024-11-07-11-39-52.pdf",
        "periodicity": "periodic"
    },
    {
        "equity_ticker": "KVUE",
        "geography": "US",
        "content_name": "KVUE Q3 2024 Presentation",
        "file_type": "pdf",
        "content_type": "earnings_presentation",
        "published_date": "2024-11-07",
        "fiscal_date": "2024-11-07",
        "fiscal_year": 2024,
        "fiscal_quarter": 3,
        "r2_url": "https://pub-2c783279b61043e19fbdadd1bee5153a.r2.dev/KVUE/2024-11-07/d9b0c-2024-11-07-01-32-04/d9b0c-2024-11-07-01-32-04.pdf/d9b0c-2024-11-07-01-32-04.pdf",
        "periodicity": "periodic"
    },
    {
        "equity_ticker": "KVUE",
        "geography": "US",
        "content_name": "Barclays 17th Annual Global Consumer Staples Conference - September 5, 2024",
        "file_type": "pdf",
        "content_type": "sellside_conference_transcript",
        "published_date": "2024-09-05",
        "fiscal_date": "2024-09-05",
        "fiscal_year": null,
        "fiscal_quarter": null,
        "r2_url": "https://pub-2c783279b61043e19fbdadd1bee5153a.r2.dev/KVUE/2024-09-05/Kenvue%20Inc._2024-09-05_transcript/Kenvue%20Inc._2024-09-05_transcript.pdf/Kenvue%20Inc._2024-09-05_transcript.pdf",
        "periodicity": "non_periodic"
    },
    {
        "equity_ticker": "KVUE",
        "geography": "US",
        "content_name": "KVUE Q2 2024 Transcript",
        "file_type": "pdf",
        "content_type": "earnings_transcript",
        "published_date": "2024-08-06",
        "fiscal_date": "2024-08-06",
        "fiscal_year": 2024,
        "fiscal_quarter": 2,
        "r2_url": "https://pub-2c783279b61043e19fbdadd1bee5153a.r2.dev/KVUE/2024-08-06/Kenvue%20Inc._2024-08-06_transcript/Kenvue%20Inc._2024-08-06_transcript.pdf/Kenvue%20Inc._2024-08-06_transcript.pdf",
        "periodicity": "periodic"
    },
    {
        "equity_ticker": "KVUE",
        "geography": "US",
        "content_name": "KVUE Q2 2024 Press Release",
        "file_type": "pdf",
        "content_type": "earnings_press_release",
        "published_date": "2024-08-06",
        "fiscal_date": "2024-08-06",
        "fiscal_year": 2024,
        "fiscal_quarter": 2,
        "r2_url": "https://pub-2c783279b61043e19fbdadd1bee5153a.r2.dev/KVUE/2024-08-06/344fe-2024-08-06-10-49-49/344fe-2024-08-06-10-49-49.pdf/344fe-2024-08-06-10-49-49.pdf",
        "periodicity": "periodic"
    },
    {
        "equity_ticker": "KVUE",
        "geography": "US",
        "content_name": "KVUE Q2 2024 Presentation",
        "file_type": "pdf",
        "content_type": "earnings_presentation",
        "published_date": "2024-08-06",
        "fiscal_date": "2024-08-06",
        "fiscal_year": 2024,
        "fiscal_quarter": 2,
        "r2_url": "https://pub-2c783279b61043e19fbdadd1bee5153a.r2.dev/KVUE/2024-08-06/4668b-2024-08-06-12-07-41/4668b-2024-08-06-12-07-41.pdf/4668b-2024-08-06-12-07-41.pdf",
        "periodicity": "periodic"
    },
    {
        "equity_ticker": "KVUE",
        "geography": "US",
        "content_name": "2024 Deutsche Bank dbAccess Global Consumer Conference - June 4, 2024",
        "file_type": "pdf",
        "content_type": "sellside_conference_transcript",
        "published_date": "2024-06-04",
        "fiscal_date": "2024-06-04",
        "fiscal_year": null,
        "fiscal_quarter": null,
        "r2_url": "https://pub-2c783279b61043e19fbdadd1bee5153a.r2.dev/KVUE/2024-06-04/Kenvue%20Inc._2024-06-04_transcript/Kenvue%20Inc._2024-06-04_transcript.pdf/Kenvue%20Inc._2024-06-04_transcript.pdf",
        "periodicity": "non_periodic"
    },
    {
        "equity_ticker": "KVUE",
        "geography": "US",
        "content_name": "KVUE Q1 2024 Transcript",
        "file_type": "pdf",
        "content_type": "earnings_transcript",
        "published_date": "2024-05-07",
        "fiscal_date": "2024-05-07",
        "fiscal_year": 2024,
        "fiscal_quarter": 1,
        "r2_url": "https://pub-2c783279b61043e19fbdadd1bee5153a.r2.dev/KVUE/2024-05-07/Kenvue%20Inc._2024-05-07_transcript/Kenvue%20Inc._2024-05-07_transcript.pdf/Kenvue%20Inc._2024-05-07_transcript.pdf",
        "periodicity": "periodic"
    },
    {
        "equity_ticker": "KVUE",
        "geography": "US",
        "content_name": "KVUE Q1 2024 Press Release",
        "file_type": "pdf",
        "content_type": "earnings_press_release",
        "published_date": "2024-05-07",
        "fiscal_date": "2024-05-07",
        "fiscal_year": 2024,
        "fiscal_quarter": 1,
        "r2_url": "https://pub-2c783279b61043e19fbdadd1bee5153a.r2.dev/KVUE/2024-05-07/3070b-2024-05-07-10-55-51/3070b-2024-05-07-10-55-51.pdf/3070b-2024-05-07-10-55-51.pdf",
        "periodicity": "periodic"
    },
    {
        "equity_ticker": "KVUE",
        "geography": "US",
        "content_name": "KVUE Q1 2024 Presentation",
        "file_type": "pdf",
        "content_type": "earnings_presentation",
        "published_date": "2024-05-07",
        "fiscal_date": "2024-05-07",
        "fiscal_year": 2024,
        "fiscal_quarter": 1,
        "r2_url": "https://pub-2c783279b61043e19fbdadd1bee5153a.r2.dev/KVUE/2024-05-07/e0d95-2024-05-07-05-42-42/e0d95-2024-05-07-05-42-42.pdf/e0d95-2024-05-07-05-42-42.pdf",
        "periodicity": "periodic"
    },
    {
        "equity_ticker": "KVUE",
        "geography": "US",
        "content_name": "2024 Consumer Analyst Group of New York Conference - February 23, 2024",
        "file_type": "pdf",
        "content_type": "industry_conference_transcript",
        "published_date": "2024-02-23",
        "fiscal_date": "2024-02-23",
        "fiscal_year": null,
        "fiscal_quarter": null,
        "r2_url": "https://pub-2c783279b61043e19fbdadd1bee5153a.r2.dev/KVUE/2024-02-23/Kenvue%20Inc._2024-02-23_transcript/Kenvue%20Inc._2024-02-23_transcript.pdf/Kenvue%20Inc._2024-02-23_transcript.pdf",
        "periodicity": "non_periodic"
    },
    {
        "equity_ticker": "KVUE",
        "geography": "US",
        "content_name": "KVUE Q4 2023 Transcript",
        "file_type": "pdf",
        "content_type": "earnings_transcript",
        "published_date": "2024-02-08",
        "fiscal_date": "2024-02-08",
        "fiscal_year": 2023,
        "fiscal_quarter": 4,
        "r2_url": "https://pub-2c783279b61043e19fbdadd1bee5153a.r2.dev/KVUE/2024-02-08/Kenvue%20Inc._2024-02-08_transcript/Kenvue%20Inc._2024-02-08_transcript.pdf/Kenvue%20Inc._2024-02-08_transcript.pdf",
        "periodicity": "periodic"
    },
    {
        "equity_ticker": "KVUE",
        "geography": "US",
        "content_name": "KVUE Q4 2023 Press Release",
        "file_type": "pdf",
        "content_type": "earnings_press_release",
        "published_date": "2024-02-08",
        "fiscal_date": "2024-02-08",
        "fiscal_year": 2023,
        "fiscal_quarter": 4,
        "r2_url": "https://pub-2c783279b61043e19fbdadd1bee5153a.r2.dev/KVUE/2024-02-08/e8a78-2024-02-08-12-28-01/e8a78-2024-02-08-12-28-01.pdf/e8a78-2024-02-08-12-28-01.pdf",
        "periodicity": "periodic"
    },
    {
        "equity_ticker": "KVUE",
        "geography": "US",
        "content_name": "KVUE Q4 2023 Presentation",
        "file_type": "pdf",
        "content_type": "earnings_presentation",
        "published_date": "2024-02-08",
        "fiscal_date": "2024-02-08",
        "fiscal_year": 2023,
        "fiscal_quarter": 4,
        "r2_url": "https://pub-2c783279b61043e19fbdadd1bee5153a.r2.dev/KVUE/2024-02-08/456d7-2024-02-08-02-26-11/456d7-2024-02-08-02-26-11.pdf/456d7-2024-02-08-02-26-11.pdf",
        "periodicity": "periodic"
    },
    {
        "equity_ticker": "KVUE",
        "geography": "US",
        "content_name": "Morgan Stanley Global Consumer & Retail Conference - December 6, 2023",
        "file_type": "pdf",
        "content_type": "sellside_conference_transcript",
        "published_date": "2023-12-06",
        "fiscal_date": "2023-12-06",
        "fiscal_year": null,
        "fiscal_quarter": null,
        "r2_url": "https://pub-2c783279b61043e19fbdadd1bee5153a.r2.dev/KVUE/2023-12-06/Kenvue%20Inc._2023-12-06_transcript/Kenvue%20Inc._2023-12-06_transcript.pdf/Kenvue%20Inc._2023-12-06_transcript.pdf",
        "periodicity": "non_periodic"
    },
    {
        "equity_ticker": "KVUE",
        "geography": "US",
        "content_name": "KVUE Q3 2023 Transcript",
        "file_type": "pdf",
        "content_type": "earnings_transcript",
        "published_date": "2023-10-26",
        "fiscal_date": "2023-10-26",
        "fiscal_year": 2023,
        "fiscal_quarter": 3,
        "r2_url": "https://pub-2c783279b61043e19fbdadd1bee5153a.r2.dev/KVUE/2023-10-26/Kenvue%20Inc._2023-10-26_transcript/Kenvue%20Inc._2023-10-26_transcript.pdf/Kenvue%20Inc._2023-10-26_transcript.pdf",
        "periodicity": "periodic"
    },
    {
        "equity_ticker": "KVUE",
        "geography": "US",
        "content_name": "KVUE Q3 2023 Press Release",
        "file_type": "pdf",
        "content_type": "earnings_press_release",
        "published_date": "2023-10-26",
        "fiscal_date": "2023-10-26",
        "fiscal_year": 2023,
        "fiscal_quarter": 3,
        "r2_url": "https://pub-2c783279b61043e19fbdadd1bee5153a.r2.dev/KVUE/2023-10-26/cf2da-2023-10-26-10-46-36/cf2da-2023-10-26-10-46-36.pdf/cf2da-2023-10-26-10-46-36.pdf",
        "periodicity": "periodic"
    },
    {
        "equity_ticker": "KVUE",
        "geography": "US",
        "content_name": "KVUE Q3 2023 Presentation",
        "file_type": "pdf",
        "content_type": "earnings_presentation",
        "published_date": "2023-10-26",
        "fiscal_date": "2023-10-26",
        "fiscal_year": 2023,
        "fiscal_quarter": 3,
        "r2_url": "https://pub-2c783279b61043e19fbdadd1bee5153a.r2.dev/KVUE/2023-10-26/4ed0d-2023-10-26-03-31-05/4ed0d-2023-10-26-03-31-05.pdf/4ed0d-2023-10-26-03-31-05.pdf",
        "periodicity": "periodic"
    },
    {
        "equity_ticker": "KVUE",
        "geography": "US",
        "content_name": "KVUE Q2 2023 Transcript",
        "file_type": "pdf",
        "content_type": "earnings_transcript",
        "published_date": "2023-07-20",
        "fiscal_date": "2023-07-20",
        "fiscal_year": 2023,
        "fiscal_quarter": 2,
        "r2_url": "https://pub-2c783279b61043e19fbdadd1bee5153a.r2.dev/KVUE/2023-07-20/Kenvue%20Inc._2023-07-20_transcript/Kenvue%20Inc._2023-07-20_transcript.pdf/Kenvue%20Inc._2023-07-20_transcript.pdf",
        "periodicity": "periodic"
    },
    {
        "equity_ticker": "KVUE",
        "geography": "US",
        "content_name": "KVUE Q2 2023 Press Release",
        "file_type": "pdf",
        "content_type": "earnings_press_release",
        "published_date": "2023-07-20",
        "fiscal_date": "2023-07-20",
        "fiscal_year": 2023,
        "fiscal_quarter": 2,
        "r2_url": "https://pub-2c783279b61043e19fbdadd1bee5153a.r2.dev/KVUE/2023-07-20/e9627-2023-09-02-06-54-44/e9627-2023-09-02-06-54-44.pdf/e9627-2023-09-02-06-54-44.pdf",
        "periodicity": "periodic"
    },
    {
        "equity_ticker": "KVUE",
        "geography": "US",
        "content_name": "KVUE Q2 2023 Presentation",
        "file_type": "pdf",
        "content_type": "earnings_presentation",
        "published_date": "2023-07-20",
        "fiscal_date": "2023-07-20",
        "fiscal_year": 2023,
        "fiscal_quarter": 2,
        "r2_url": "https://pub-2c783279b61043e19fbdadd1bee5153a.r2.dev/KVUE/2023-07-20/7d21e-2023-07-20-11-01-43/7d21e-2023-07-20-11-01-43.pdf/7d21e-2023-07-20-11-01-43.pdf",
        "periodicity": "periodic"
    },
    {
        "equity_ticker": "KVUE",
        "geography": "US",
        "content_name": "KVUE Q4 2024 10-K",
        "file_type": "pdf",
        "content_type": "annual_report",
        "published_date": "2025-02-24",
        "fiscal_date": "2024-12-29",
        "fiscal_year": 2024,
        "fiscal_quarter": 4,
        "r2_url": "https://pub-2c783279b61043e19fbdadd1bee5153a.r2.dev/KVUE/2025-02-24/kvue-20241229.htm/kvue-20241229.pdf",
        "periodicity": "periodic"
    },
    {
        "equity_ticker": "KVUE",
        "geography": "US",
        "content_name": "KVUE Q3 2024 10-Q",
        "file_type": "pdf",
        "content_type": "quarterly_report",
        "published_date": "2024-11-07",
        "fiscal_date": "2024-09-29",
        "fiscal_year": 2024,
        "fiscal_quarter": 3,
        "r2_url": "https://pub-2c783279b61043e19fbdadd1bee5153a.r2.dev/KVUE/2024-11-07/kvue-20240929.htm/kvue-20240929.pdf",
        "periodicity": "periodic"
    },
    {
        "equity_ticker": "KVUE",
        "geography": "US",
        "content_name": "KVUE Q2 2024 10-Q",
        "file_type": "pdf",
        "content_type": "quarterly_report",
        "published_date": "2024-08-06",
        "fiscal_date": "2024-06-30",
        "fiscal_year": 2024,
        "fiscal_quarter": 2,
        "r2_url": "https://pub-2c783279b61043e19fbdadd1bee5153a.r2.dev/KVUE/2024-08-06/kvue-20240630.htm/kvue-20240630.pdf",
        "periodicity": "periodic"
    },
    {
        "equity_ticker": "KVUE",
        "geography": "US",
        "content_name": "KVUE Q1 2024 10-Q",
        "file_type": "pdf",
        "content_type": "quarterly_report",
        "published_date": "2024-05-09",
        "fiscal_date": "2024-03-31",
        "fiscal_year": 2024,
        "fiscal_quarter": 1,
        "r2_url": "https://pub-2c783279b61043e19fbdadd1bee5153a.r2.dev/KVUE/2024-05-09/kvue-20240331.htm/kvue-20240331.pdf",
        "periodicity": "periodic"
    },
    {
        "equity_ticker": "KVUE",
        "geography": "US",
        "content_name": "KVUE Q4 2023 10-K",
        "file_type": "pdf",
        "content_type": "annual_report",
        "published_date": "2024-03-01",
        "fiscal_date": "2023-12-31",
        "fiscal_year": 2023,
        "fiscal_quarter": 4,
        "r2_url": "https://pub-2c783279b61043e19fbdadd1bee5153a.r2.dev/KVUE/2024-03-01/kvue-20231231.htm/kvue-20231231.pdf",
        "periodicity": "periodic"
    },
    {
        "equity_ticker": "KVUE",
        "geography": "US",
        "content_name": "KVUE Q3 2023 10-Q",
        "file_type": "pdf",
        "content_type": "quarterly_report",
        "published_date": "2023-11-03",
        "fiscal_date": "2023-10-01",
        "fiscal_year": 2023,
        "fiscal_quarter": 3,
        "r2_url": "https://pub-2c783279b61043e19fbdadd1bee5153a.r2.dev/KVUE/2023-11-03/kvue-20231001.htm/kvue-20231001.pdf",
        "periodicity": "periodic"
    },
    {
        "equity_ticker": "KVUE",
        "geography": "US",
        "content_name": "KVUE Q2 2023 10-Q",
        "file_type": "pdf",
        "content_type": "quarterly_report",
        "published_date": "2023-08-02",
        "fiscal_date": "2023-07-02",
        "fiscal_year": 2023,
        "fiscal_quarter": 2,
        "r2_url": "https://pub-2c783279b61043e19fbdadd1bee5153a.r2.dev/KVUE/2023-08-02/kvue-20230702.htm/kvue-20230702.pdf",
        "periodicity": "periodic"
    },
    {
        "equity_ticker": "KVUE",
        "geography": "US",
        "content_name": "KVUE Q1 2023 10-Q",
        "file_type": "pdf",
        "content_type": "quarterly_report",
        "published_date": "2023-06-02",
        "fiscal_date": "2023-04-02",
        "fiscal_year": 2023,
        "fiscal_quarter": 1,
        "r2_url": "https://pub-2c783279b61043e19fbdadd1bee5153a.r2.dev/KVUE/2023-06-02/kvue-20230402.htm/kvue-20230402.pdf",
        "periodicity": "periodic"
    }
]