[
  {
    "equity_ticker": "MCK",
    "geography": "US",
    "content_name": "MCK Q3 2025 10-Q",
    "file_type": "pdf",
    "content_type": "quarterly_report",
    "published_date": "2025-02-05",
    "fiscal_date": "2024-12-31",
    "fiscal_year": 2025,
    "fiscal_quarter": 3,
    "r2_url": "https://pub-2c783279b61043e19fbdadd1bee5153a.r2.dev/MCK/2025-02-05/mck-20241231.htm/mck-20241231.pdf",
    "periodicity": "periodic"
  },
  {
    "equity_ticker": "MCK",
    "geography": "US",
    "content_name": "MCK Q2 2025 10-Q",
    "file_type": "pdf",
    "content_type": "quarterly_report",
    "published_date": "2024-11-07",
    "fiscal_date": "2024-09-30",
    "fiscal_year": 2025,
    "fiscal_quarter": 2,
    "r2_url": "https://pub-2c783279b61043e19fbdadd1bee5153a.r2.dev/MCK/2024-11-07/mck-20240930.htm/mck-20240930.pdf",
    "periodicity": "periodic"
  },
  {
    "equity_ticker": "MCK",
    "geography": "US",
    "content_name": "MCK Q1 2025 10-Q",
    "file_type": "pdf",
    "content_type": "quarterly_report",
    "published_date": "2024-08-07",
    "fiscal_date": "2024-06-30",
    "fiscal_year": 2025,
    "fiscal_quarter": 1,
    "r2_url": "https://pub-2c783279b61043e19fbdadd1bee5153a.r2.dev/MCK/2024-08-07/mck-20240630.htm/mck-20240630.pdf",
    "periodicity": "periodic"
  },
  {
    "equity_ticker": "MCK",
    "geography": "US",
    "content_name": "MCK Q4 2024 10-K",
    "file_type": "pdf",
    "content_type": "annual_report",
    "published_date": "2024-05-07",
    "fiscal_date": "2024-03-31",
    "fiscal_year": 2024,
    "fiscal_quarter": 4,
    "r2_url": "https://pub-2c783279b61043e19fbdadd1bee5153a.r2.dev/MCK/2024-05-07/mck-20240331.htm/mck-20240331.pdf",
    "periodicity": "periodic"
  },
  {
    "equity_ticker": "MCK",
    "geography": "US",
    "content_name": "MCK Q3 2024 10-Q",
    "file_type": "pdf",
    "content_type": "quarterly_report",
    "published_date": "2024-02-07",
    "fiscal_date": "2023-12-31",
    "fiscal_year": 2024,
    "fiscal_quarter": 3,
    "r2_url": "https://pub-2c783279b61043e19fbdadd1bee5153a.r2.dev/MCK/2024-02-07/mck-20231231.htm/mck-20231231.pdf",
    "periodicity": "periodic"
  },
  {
    "equity_ticker": "MCK",
    "geography": "US",
    "content_name": "MCK Q2 2024 10-Q",
    "file_type": "pdf",
    "content_type": "quarterly_report",
    "published_date": "2023-11-01",
    "fiscal_date": "2023-09-30",
    "fiscal_year": 2024,
    "fiscal_quarter": 2,
    "r2_url": "https://pub-2c783279b61043e19fbdadd1bee5153a.r2.dev/MCK/2023-11-01/mck-20230930.htm/mck-20230930.pdf",
    "periodicity": "periodic"
  },
  {
    "equity_ticker": "MCK",
    "geography": "US",
    "content_name": "MCK Q1 2024 10-Q",
    "file_type": "pdf",
    "content_type": "quarterly_report",
    "published_date": "2023-08-02",
    "fiscal_date": "2023-06-30",
    "fiscal_year": 2024,
    "fiscal_quarter": 1,
    "r2_url": "https://pub-2c783279b61043e19fbdadd1bee5153a.r2.dev/MCK/2023-08-02/mck-20230630.htm/mck-20230630.pdf",
    "periodicity": "periodic"
  },
  {
    "equity_ticker": "MCK",
    "geography": "US",
    "content_name": "MCK Q4 2023 10-K",
    "file_type": "pdf",
    "content_type": "annual_report",
    "published_date": "2023-05-08",
    "fiscal_date": "2023-03-31",
    "fiscal_year": 2023,
    "fiscal_quarter": 4,
    "r2_url": "https://pub-2c783279b61043e19fbdadd1bee5153a.r2.dev/MCK/2023-05-08/mck-20230331.htm/mck-20230331.pdf",
    "periodicity": "periodic"
  },
  {
    "equity_ticker": "MCK",
    "geography": "US",
    "content_name": "MCK Q3 2023 10-Q",
    "file_type": "pdf",
    "content_type": "quarterly_report",
    "published_date": "2023-02-01",
    "fiscal_date": "2022-12-31",
    "fiscal_year": 2023,
    "fiscal_quarter": 3,
    "r2_url": "https://pub-2c783279b61043e19fbdadd1bee5153a.r2.dev/MCK/2023-02-01/mck-20221231.htm/mck-20221231.pdf",
    "periodicity": "periodic"
  },
  {
    "equity_ticker": "MCK",
    "geography": "US",
    "content_name": "MCK Q2 2023 10-Q",
    "file_type": "pdf",
    "content_type": "quarterly_report",
    "published_date": "2022-11-01",
    "fiscal_date": "2022-09-30",
    "fiscal_year": 2023,
    "fiscal_quarter": 2,
    "r2_url": "https://pub-2c783279b61043e19fbdadd1bee5153a.r2.dev/MCK/2022-11-01/mck-20220930.htm/mck-20220930.pdf",
    "periodicity": "periodic"
  },
  {
    "equity_ticker": "MCK",
    "geography": "US",
    "content_name": "MCK Q1 2023 10-Q",
    "file_type": "pdf",
    "content_type": "quarterly_report",
    "published_date": "2022-08-03",
    "fiscal_date": "2022-06-30",
    "fiscal_year": 2023,
    "fiscal_quarter": 1,
    "r2_url": "https://pub-2c783279b61043e19fbdadd1bee5153a.r2.dev/MCK/2022-08-03/mck-20220630.htm/mck-20220630.pdf",
    "periodicity": "periodic"
  },
  {
    "equity_ticker": "MCK",
    "geography": "US",
    "content_name": "MCK Q4 2022 10-K",
    "file_type": "pdf",
    "content_type": "annual_report",
    "published_date": "2022-05-09",
    "fiscal_date": "2022-03-31",
    "fiscal_year": 2022,
    "fiscal_quarter": 4,
    "r2_url": "https://pub-2c783279b61043e19fbdadd1bee5153a.r2.dev/MCK/2022-05-09/mck-20220331.htm/mck-20220331.pdf",
    "periodicity": "periodic"
  },
  {
    "equity_ticker": "MCK",
    "geography": "US",
    "content_name": "MCK Q3 2022 10-Q",
    "file_type": "pdf",
    "content_type": "quarterly_report",
    "published_date": "2022-02-02",
    "fiscal_date": "2021-12-31",
    "fiscal_year": 2022,
    "fiscal_quarter": 3,
    "r2_url": "https://pub-2c783279b61043e19fbdadd1bee5153a.r2.dev/MCK/2022-02-02/mck-20211231.htm/mck-20211231.pdf",
    "periodicity": "periodic"
  },
  {
    "equity_ticker": "MCK",
    "geography": "US",
    "content_name": "MCK Q2 2022 10-Q",
    "file_type": "pdf",
    "content_type": "quarterly_report",
    "published_date": "2021-11-01",
    "fiscal_date": "2021-09-30",
    "fiscal_year": 2022,
    "fiscal_quarter": 2,
    "r2_url": "https://pub-2c783279b61043e19fbdadd1bee5153a.r2.dev/MCK/2021-11-01/mck-20210930.htm/mck-20210930.pdf",
    "periodicity": "periodic"
  },
  {
    "equity_ticker": "MCK",
    "geography": "US",
    "content_name": "MCK Q1 2022 10-Q",
    "file_type": "pdf",
    "content_type": "quarterly_report",
    "published_date": "2021-08-04",
    "fiscal_date": "2021-06-30",
    "fiscal_year": 2022,
    "fiscal_quarter": 1,
    "r2_url": "https://pub-2c783279b61043e19fbdadd1bee5153a.r2.dev/MCK/2021-08-04/mck-20210630.htm/mck-20210630.pdf",
    "periodicity": "periodic"
  },
  {
    "equity_ticker": "MCK",
    "geography": "US",
    "content_name": "MCK Q4 2021 10-K",
    "file_type": "pdf",
    "content_type": "annual_report",
    "published_date": "2021-05-12",
    "fiscal_date": "2021-03-31",
    "fiscal_year": 2021,
    "fiscal_quarter": 4,
    "r2_url": "https://pub-2c783279b61043e19fbdadd1bee5153a.r2.dev/MCK/2021-05-12/mck-20210331.htm/mck-20210331.pdf",
    "periodicity": "periodic"
  },
  {
    "equity_ticker": "MCK",
    "geography": "US",
    "content_name": "MCK Q3 2021 10-Q",
    "file_type": "pdf",
    "content_type": "quarterly_report",
    "published_date": "2021-02-02",
    "fiscal_date": "2020-12-31",
    "fiscal_year": 2021,
    "fiscal_quarter": 3,
    "r2_url": "https://pub-2c783279b61043e19fbdadd1bee5153a.r2.dev/MCK/2021-02-02/mck-20201231.htm/mck-20201231.pdf",
    "periodicity": "periodic"
  },
  {
    "equity_ticker": "MCK",
    "geography": "US",
    "content_name": "MCK Q2 2021 10-Q",
    "file_type": "pdf",
    "content_type": "quarterly_report",
    "published_date": "2020-11-03",
    "fiscal_date": "2020-09-30",
    "fiscal_year": 2021,
    "fiscal_quarter": 2,
    "r2_url": "https://pub-2c783279b61043e19fbdadd1bee5153a.r2.dev/MCK/2020-11-03/mck-20200930.htm/mck-20200930.pdf",
    "periodicity": "periodic"
  },
  {
    "equity_ticker": "MCK",
    "geography": "US",
    "content_name": "MCK Q1 2021 10-Q",
    "file_type": "pdf",
    "content_type": "quarterly_report",
    "published_date": "2020-08-03",
    "fiscal_date": "2020-06-30",
    "fiscal_year": 2021,
    "fiscal_quarter": 1,
    "r2_url": "https://pub-2c783279b61043e19fbdadd1bee5153a.r2.dev/MCK/2020-08-03/mck-20200630.htm/ix.pdf",
    "periodicity": "periodic"
  },
  {
    "equity_ticker": "MCK",
    "geography": "US",
    "content_name": "MCK Q4 2020 10-K",
    "file_type": "pdf",
    "content_type": "annual_report",
    "published_date": "2020-05-22",
    "fiscal_date": "2020-03-31",
    "fiscal_year": 2020,
    "fiscal_quarter": 4,
    "r2_url": "https://pub-2c783279b61043e19fbdadd1bee5153a.r2.dev/MCK/2020-05-22/mck10k3312020.htm/ix.pdf",
    "periodicity": "periodic"
  },
  {
    "equity_ticker": "MCK",
    "geography": "US",
    "content_name": "MCK Q3 2020 10-Q",
    "file_type": "pdf",
    "content_type": "quarterly_report",
    "published_date": "2020-02-04",
    "fiscal_date": "2019-12-31",
    "fiscal_year": 2020,
    "fiscal_quarter": 3,
    "r2_url": "https://pub-2c783279b61043e19fbdadd1bee5153a.r2.dev/MCK/2020-02-04/mck10q12312019.htm/ix.pdf",
    "periodicity": "periodic"
  },
  {
    "equity_ticker": "MCK",
    "geography": "US",
    "content_name": "MCK Q2 2020 10-Q",
    "file_type": "pdf",
    "content_type": "quarterly_report",
    "published_date": "2019-10-30",
    "fiscal_date": "2019-09-30",
    "fiscal_year": 2020,
    "fiscal_quarter": 2,
    "r2_url": "https://pub-2c783279b61043e19fbdadd1bee5153a.r2.dev/MCK/2019-10-30/mck10q09302019.htm/ix.pdf",
    "periodicity": "periodic"
  },
  {
    "equity_ticker": "MCK",
    "geography": "US",
    "content_name": "MCK Q1 2020 10-Q",
    "file_type": "pdf",
    "content_type": "quarterly_report",
    "published_date": "2019-07-31",
    "fiscal_date": "2019-06-30",
    "fiscal_year": 2020,
    "fiscal_quarter": 1,
    "r2_url": "https://pub-2c783279b61043e19fbdadd1bee5153a.r2.dev/MCK/2019-07-31/mck10q06302019.htm/ix.pdf",
    "periodicity": "periodic"
  },
  {
    "equity_ticker": "MCK",
    "geography": "US",
    "content_name": "MCK Q4 2019 10-K",
    "file_type": "pdf",
    "content_type": "annual_report",
    "published_date": "2019-05-15",
    "fiscal_date": "2019-03-31",
    "fiscal_year": 2019,
    "fiscal_quarter": 4,
    "r2_url": "https://pub-2c783279b61043e19fbdadd1bee5153a.r2.dev/MCK/2019-05-15/mck_10kx3312019.htm/mck_10kx3312019.pdf",
    "periodicity": "periodic"
  },
  {
    "equity_ticker": "MCK",
    "geography": "US",
    "content_name": "MCK Q3 2019 10-Q",
    "file_type": "pdf",
    "content_type": "quarterly_report",
    "published_date": "2019-01-31",
    "fiscal_date": "2018-12-31",
    "fiscal_year": 2019,
    "fiscal_quarter": 3,
    "r2_url": "https://pub-2c783279b61043e19fbdadd1bee5153a.r2.dev/MCK/2019-01-31/mck_10qx12312018.htm/mck_10qx12312018.pdf",
    "periodicity": "periodic"
  },
  {
    "equity_ticker": "MCK",
    "geography": "US",
    "content_name": "MCK Q2 2019 10-Q",
    "file_type": "pdf",
    "content_type": "quarterly_report",
    "published_date": "2018-10-25",
    "fiscal_date": "2018-09-30",
    "fiscal_year": 2019,
    "fiscal_quarter": 2,
    "r2_url": "https://pub-2c783279b61043e19fbdadd1bee5153a.r2.dev/MCK/2018-10-25/mck_10qx09302018.htm/mck_10qx09302018.pdf",
    "periodicity": "periodic"
  },
  {
    "equity_ticker": "MCK",
    "geography": "US",
    "content_name": "MCK Q1 2019 10-Q",
    "file_type": "pdf",
    "content_type": "quarterly_report",
    "published_date": "2018-07-26",
    "fiscal_date": "2018-06-30",
    "fiscal_year": 2019,
    "fiscal_quarter": 1,
    "r2_url": "https://pub-2c783279b61043e19fbdadd1bee5153a.r2.dev/MCK/2018-07-26/mck_10qx06302018.htm/mck_10qx06302018.pdf",
    "periodicity": "periodic"
  },
  {
    "equity_ticker": "MCK",
    "geography": "US",
    "content_name": "MCK Q4 2018 10-K",
    "file_type": "pdf",
    "content_type": "annual_report",
    "published_date": "2018-05-24",
    "fiscal_date": "2018-03-31",
    "fiscal_year": 2018,
    "fiscal_quarter": 4,
    "r2_url": "https://pub-2c783279b61043e19fbdadd1bee5153a.r2.dev/MCK/2018-05-24/mck_10kx3312018.htm/mck_10kx3312018.pdf",
    "periodicity": "periodic"
  },
  {
    "equity_ticker": "MCK",
    "geography": "US",
    "content_name": "MCK Q3 2018 10-Q",
    "file_type": "pdf",
    "content_type": "quarterly_report",
    "published_date": "2018-02-01",
    "fiscal_date": "2017-12-31",
    "fiscal_year": 2018,
    "fiscal_quarter": 3,
    "r2_url": "https://pub-2c783279b61043e19fbdadd1bee5153a.r2.dev/MCK/2018-02-01/mck_10qx12312017.htm/mck_10qx12312017.pdf",
    "periodicity": "periodic"
  },
  {
    "equity_ticker": "MCK",
    "geography": "US",
    "content_name": "MCK Q2 2018 10-Q",
    "file_type": "pdf",
    "content_type": "quarterly_report",
    "published_date": "2017-10-27",
    "fiscal_date": "2017-09-30",
    "fiscal_year": 2018,
    "fiscal_quarter": 2,
    "r2_url": "https://pub-2c783279b61043e19fbdadd1bee5153a.r2.dev/MCK/2017-10-27/mck_10qx09302017.htm/mck_10qx09302017.pdf",
    "periodicity": "periodic"
  },
  {
    "equity_ticker": "MCK",
    "geography": "US",
    "content_name": "MCK Q1 2018 10-Q",
    "file_type": "pdf",
    "content_type": "quarterly_report",
    "published_date": "2017-07-27",
    "fiscal_date": "2017-06-30",
    "fiscal_year": 2018,
    "fiscal_quarter": 1,
    "r2_url": "https://pub-2c783279b61043e19fbdadd1bee5153a.r2.dev/MCK/2017-07-27/mck_10qx06302017.htm/mck_10qx06302017.pdf",
    "periodicity": "periodic"
  },
  {
    "equity_ticker": "MCK",
    "geography": "US",
    "content_name": "MCK Q4 2017 10-K",
    "file_type": "pdf",
    "content_type": "annual_report",
    "published_date": "2017-05-22",
    "fiscal_date": "2017-03-31",
    "fiscal_year": 2017,
    "fiscal_quarter": 4,
    "r2_url": "https://pub-2c783279b61043e19fbdadd1bee5153a.r2.dev/MCK/2017-05-22/mck_10kx3312017.htm/mck_10kx3312017.pdf",
    "periodicity": "periodic"
  },
  {
    "equity_ticker": "MCK",
    "geography": "US",
    "content_name": "MCK Q3 2017 10-Q",
    "file_type": "pdf",
    "content_type": "quarterly_report",
    "published_date": "2017-01-26",
    "fiscal_date": "2016-12-31",
    "fiscal_year": 2017,
    "fiscal_quarter": 3,
    "r2_url": "https://pub-2c783279b61043e19fbdadd1bee5153a.r2.dev/MCK/2017-01-26/mck_10qx12312016.htm/mck_10qx12312016.pdf",
    "periodicity": "periodic"
  },
  {
    "equity_ticker": "MCK",
    "geography": "US",
    "content_name": "MCK Q2 2017 10-Q",
    "file_type": "pdf",
    "content_type": "quarterly_report",
    "published_date": "2016-10-27",
    "fiscal_date": "2016-09-30",
    "fiscal_year": 2017,
    "fiscal_quarter": 2,
    "r2_url": "https://pub-2c783279b61043e19fbdadd1bee5153a.r2.dev/MCK/2016-10-27/mck_10qx09302016.htm/mck_10qx09302016.pdf",
    "periodicity": "periodic"
  },
  {
    "equity_ticker": "MCK",
    "geography": "US",
    "content_name": "MCK Q1 2017 10-Q",
    "file_type": "pdf",
    "content_type": "quarterly_report",
    "published_date": "2016-07-27",
    "fiscal_date": "2016-06-30",
    "fiscal_year": 2017,
    "fiscal_quarter": 1,
    "r2_url": "https://pub-2c783279b61043e19fbdadd1bee5153a.r2.dev/MCK/2016-07-27/mck_10qx06302016.htm/mck_10qx06302016.pdf",
    "periodicity": "periodic"
  },
  {
    "equity_ticker": "MCK",
    "geography": "US",
    "content_name": "MCK Q4 2016 10-K",
    "file_type": "pdf",
    "content_type": "annual_report",
    "published_date": "2016-05-05",
    "fiscal_date": "2016-03-31",
    "fiscal_year": 2016,
    "fiscal_quarter": 4,
    "r2_url": "https://pub-2c783279b61043e19fbdadd1bee5153a.r2.dev/MCK/2016-05-05/mck_10kx3312016.htm/mck_10kx3312016.pdf",
    "periodicity": "periodic"
  },
  {
    "equity_ticker": "MCK",
    "geography": "US",
    "content_name": "MCK Q3 2016 10-Q",
    "file_type": "pdf",
    "content_type": "quarterly_report",
    "published_date": "2016-01-27",
    "fiscal_date": "2015-12-31",
    "fiscal_year": 2016,
    "fiscal_quarter": 3,
    "r2_url": "https://pub-2c783279b61043e19fbdadd1bee5153a.r2.dev/MCK/2016-01-27/mck_10qx12312015.htm/mck_10qx12312015.pdf",
    "periodicity": "periodic"
  },
  {
    "equity_ticker": "MCK",
    "geography": "US",
    "content_name": "MCK Q2 2016 10-Q",
    "file_type": "pdf",
    "content_type": "quarterly_report",
    "published_date": "2015-10-29",
    "fiscal_date": "2015-09-30",
    "fiscal_year": 2016,
    "fiscal_quarter": 2,
    "r2_url": "https://pub-2c783279b61043e19fbdadd1bee5153a.r2.dev/MCK/2015-10-29/mck_10qx09302015.htm/mck_10qx09302015.pdf",
    "periodicity": "periodic"
  },
  {
    "equity_ticker": "MCK",
    "geography": "US",
    "content_name": "MCK Q1 2016 10-Q",
    "file_type": "pdf",
    "content_type": "quarterly_report",
    "published_date": "2015-07-29",
    "fiscal_date": "2015-06-30",
    "fiscal_year": 2016,
    "fiscal_quarter": 1,
    "r2_url": "https://pub-2c783279b61043e19fbdadd1bee5153a.r2.dev/MCK/2015-07-29/mck_10qx06302015.htm/mck_10qx06302015.pdf",
    "periodicity": "periodic"
  },
  {
    "equity_ticker": "MCK",
    "geography": "US",
    "content_name": "MCK Q4 2015 10-K",
    "file_type": "pdf",
    "content_type": "annual_report",
    "published_date": "2015-05-12",
    "fiscal_date": "2015-03-31",
    "fiscal_year": 2015,
    "fiscal_quarter": 4,
    "r2_url": "https://pub-2c783279b61043e19fbdadd1bee5153a.r2.dev/MCK/2015-05-12/mck_10kx3312015.htm/mck_10kx3312015.pdf",
    "periodicity": "periodic"
  },
  {
    "equity_ticker": "MCK",
    "geography": "US",
    "content_name": "MCK Q3 2015 10-Q",
    "file_type": "pdf",
    "content_type": "quarterly_report",
    "published_date": "2015-02-05",
    "fiscal_date": "2014-12-31",
    "fiscal_year": 2015,
    "fiscal_quarter": 3,
    "r2_url": "https://pub-2c783279b61043e19fbdadd1bee5153a.r2.dev/MCK/2015-02-05/mck_10qx12312014.htm/mck_10qx12312014.pdf",
    "periodicity": "periodic"
  },
  {
    "equity_ticker": "MCK",
    "geography": "US",
    "content_name": "MCK Q2 2015 10-Q",
    "file_type": "pdf",
    "content_type": "quarterly_report",
    "published_date": "2014-10-28",
    "fiscal_date": "2014-09-30",
    "fiscal_year": 2015,
    "fiscal_quarter": 2,
    "r2_url": "https://pub-2c783279b61043e19fbdadd1bee5153a.r2.dev/MCK/2014-10-28/mck_10qx09302014.htm/mck_10qx09302014.pdf",
    "periodicity": "periodic"
  },
  {
    "equity_ticker": "MCK",
    "geography": "US",
    "content_name": "MCK Q1 2015 10-Q",
    "file_type": "pdf",
    "content_type": "quarterly_report",
    "published_date": "2014-07-31",
    "fiscal_date": "2014-06-30",
    "fiscal_year": 2015,
    "fiscal_quarter": 1,
    "r2_url": "https://pub-2c783279b61043e19fbdadd1bee5153a.r2.dev/MCK/2014-07-31/mck_10qx06302014.htm/mck_10qx06302014.pdf",
    "periodicity": "periodic"
  },
  {
    "equity_ticker": "MCK",
    "geography": "US",
    "content_name": "MCK Q4 2014 10-K",
    "file_type": "pdf",
    "content_type": "annual_report",
    "published_date": "2014-05-13",
    "fiscal_date": "2014-03-31",
    "fiscal_year": 2014,
    "fiscal_quarter": 4,
    "r2_url": "https://pub-2c783279b61043e19fbdadd1bee5153a.r2.dev/MCK/2014-05-13/mck_10kx3312014.htm/mck_10kx3312014.pdf",
    "periodicity": "periodic"
  },
  {
    "equity_ticker": "MCK",
    "geography": "US",
    "content_name": "MCK Q3 2014 10-Q",
    "file_type": "pdf",
    "content_type": "quarterly_report",
    "published_date": "2014-01-30",
    "fiscal_date": "2013-12-31",
    "fiscal_year": 2014,
    "fiscal_quarter": 3,
    "r2_url": "https://pub-2c783279b61043e19fbdadd1bee5153a.r2.dev/MCK/2014-01-30/mck_10qx12312013.htm/mck_10qx12312013.pdf",
    "periodicity": "periodic"
  },
  {
    "equity_ticker": "MCK",
    "geography": "US",
    "content_name": "MCK Q2 2014 10-Q",
    "file_type": "pdf",
    "content_type": "quarterly_report",
    "published_date": "2013-10-24",
    "fiscal_date": "2013-09-30",
    "fiscal_year": 2014,
    "fiscal_quarter": 2,
    "r2_url": "https://pub-2c783279b61043e19fbdadd1bee5153a.r2.dev/MCK/2013-10-24/mck_10qx09302013.htm/mck_10qx09302013.pdf",
    "periodicity": "periodic"
  },
  {
    "equity_ticker": "MCK",
    "geography": "US",
    "content_name": "MCK Q1 2014 10-Q",
    "file_type": "pdf",
    "content_type": "quarterly_report",
    "published_date": "2013-07-25",
    "fiscal_date": "2013-06-30",
    "fiscal_year": 2014,
    "fiscal_quarter": 1,
    "r2_url": "https://pub-2c783279b61043e19fbdadd1bee5153a.r2.dev/MCK/2013-07-25/mck_10qx06302013.htm/mck_10qx06302013.pdf",
    "periodicity": "periodic"
  },
  {
    "equity_ticker": "MCK",
    "geography": "US",
    "content_name": "MCK Q4 2013 10-K",
    "file_type": "pdf",
    "content_type": "annual_report",
    "published_date": "2013-05-07",
    "fiscal_date": "2013-03-31",
    "fiscal_year": 2013,
    "fiscal_quarter": 4,
    "r2_url": "https://pub-2c783279b61043e19fbdadd1bee5153a.r2.dev/MCK/2013-05-07/mck_10kx3312013.htm/mck_10kx3312013.pdf",
    "periodicity": "periodic"
  },
  {
    "equity_ticker": "MCK",
    "geography": "US",
    "content_name": "MCK Q3 2013 10-Q",
    "file_type": "pdf",
    "content_type": "quarterly_report",
    "published_date": "2013-01-31",
    "fiscal_date": "2012-12-31",
    "fiscal_year": 2013,
    "fiscal_quarter": 3,
    "r2_url": "https://pub-2c783279b61043e19fbdadd1bee5153a.r2.dev/MCK/2013-01-31/mck_10qx12312012.htm/mck_10qx12312012.pdf",
    "periodicity": "periodic"
  },
  {
    "equity_ticker": "MCK",
    "geography": "US",
    "content_name": "MCK Q2 2013 10-Q",
    "file_type": "pdf",
    "content_type": "quarterly_report",
    "published_date": "2012-10-25",
    "fiscal_date": "2012-09-30",
    "fiscal_year": 2013,
    "fiscal_quarter": 2,
    "r2_url": "https://pub-2c783279b61043e19fbdadd1bee5153a.r2.dev/MCK/2012-10-25/mck_10qx9302012.htm/mck_10qx9302012.pdf",
    "periodicity": "periodic"
  },
  {
    "equity_ticker": "MCK",
    "geography": "US",
    "content_name": "MCK Q1 2013 10-Q",
    "file_type": "pdf",
    "content_type": "quarterly_report",
    "published_date": "2012-07-26",
    "fiscal_date": "2012-06-30",
    "fiscal_year": 2013,
    "fiscal_quarter": 1,
    "r2_url": "https://pub-2c783279b61043e19fbdadd1bee5153a.r2.dev/MCK/2012-07-26/d371102d10q.htm/d371102d10q.pdf",
    "periodicity": "periodic"
  },
  {
    "equity_ticker": "MCK",
    "geography": "US",
    "content_name": "MCK Q4 2012 10-K",
    "file_type": "pdf",
    "content_type": "annual_report",
    "published_date": "2012-05-02",
    "fiscal_date": "2012-03-31",
    "fiscal_year": 2012,
    "fiscal_quarter": 4,
    "r2_url": "https://pub-2c783279b61043e19fbdadd1bee5153a.r2.dev/MCK/2012-05-02/d318930d10k.htm/d318930d10k.pdf",
    "periodicity": "periodic"
  },
  {
    "equity_ticker": "MCK",
    "geography": "US",
    "content_name": "MCK Q3 2012 10-Q",
    "file_type": "pdf",
    "content_type": "quarterly_report",
    "published_date": "2012-01-30",
    "fiscal_date": "2011-12-31",
    "fiscal_year": 2012,
    "fiscal_quarter": 3,
    "r2_url": "https://pub-2c783279b61043e19fbdadd1bee5153a.r2.dev/MCK/2012-01-30/d280827d10q.htm/d280827d10q.pdf",
    "periodicity": "periodic"
  },
  {
    "equity_ticker": "MCK",
    "geography": "US",
    "content_name": "MCK Q2 2012 10-Q",
    "file_type": "pdf",
    "content_type": "quarterly_report",
    "published_date": "2011-10-25",
    "fiscal_date": "2011-09-30",
    "fiscal_year": 2012,
    "fiscal_quarter": 2,
    "r2_url": "https://pub-2c783279b61043e19fbdadd1bee5153a.r2.dev/MCK/2011-10-25/d241473d10q.htm/d241473d10q.pdf",
    "periodicity": "periodic"
  },
  {
    "equity_ticker": "MCK",
    "geography": "US",
    "content_name": "MCK Q1 2012 10-Q",
    "file_type": "pdf",
    "content_type": "quarterly_report",
    "published_date": "2011-07-28",
    "fiscal_date": "2011-06-30",
    "fiscal_year": 2012,
    "fiscal_quarter": 1,
    "r2_url": "https://pub-2c783279b61043e19fbdadd1bee5153a.r2.dev/MCK/2011-07-28/f59251e10vq.htm/f59251e10vq.pdf",
    "periodicity": "periodic"
  },
  {
    "equity_ticker": "MCK",
    "geography": "US",
    "content_name": "MCK Q4 2011 10-K",
    "file_type": "pdf",
    "content_type": "annual_report",
    "published_date": "2011-05-05",
    "fiscal_date": "2011-03-31",
    "fiscal_year": 2011,
    "fiscal_quarter": 4,
    "r2_url": "https://pub-2c783279b61043e19fbdadd1bee5153a.r2.dev/MCK/2011-05-05/f56549e10vk.htm/f56549e10vk.pdf",
    "periodicity": "periodic"
  },
  {
    "equity_ticker": "MCK",
    "geography": "US",
    "content_name": "MCK Q3 2011 10-Q",
    "file_type": "pdf",
    "content_type": "quarterly_report",
    "published_date": "2011-02-01",
    "fiscal_date": "2010-12-31",
    "fiscal_year": 2011,
    "fiscal_quarter": 3,
    "r2_url": "https://pub-2c783279b61043e19fbdadd1bee5153a.r2.dev/MCK/2011-02-01/f57361e10vq.htm/f57361e10vq.pdf",
    "periodicity": "periodic"
  },
  {
    "equity_ticker": "MCK",
    "geography": "US",
    "content_name": "MCK Q2 2011 10-Q",
    "file_type": "pdf",
    "content_type": "quarterly_report",
    "published_date": "2010-10-26",
    "fiscal_date": "2010-09-30",
    "fiscal_year": 2011,
    "fiscal_quarter": 2,
    "r2_url": "https://pub-2c783279b61043e19fbdadd1bee5153a.r2.dev/MCK/2010-10-26/f56548e10vq.htm/f56548e10vq.pdf",
    "periodicity": "periodic"
  },
  {
    "equity_ticker": "MCK",
    "geography": "US",
    "content_name": "MCK Q1 2011 10-Q",
    "file_type": "pdf",
    "content_type": "quarterly_report",
    "published_date": "2010-07-30",
    "fiscal_date": "2010-06-30",
    "fiscal_year": 2011,
    "fiscal_quarter": 1,
    "r2_url": "https://pub-2c783279b61043e19fbdadd1bee5153a.r2.dev/MCK/2010-07-30/f56102e10vq.htm/f56102e10vq.pdf",
    "periodicity": "periodic"
  },
  {
    "equity_ticker": "MCK",
    "geography": "US",
    "content_name": "MCK Q4 2010 10-K",
    "file_type": "pdf",
    "content_type": "annual_report",
    "published_date": "2010-05-04",
    "fiscal_date": "2010-03-31",
    "fiscal_year": 2010,
    "fiscal_quarter": 4,
    "r2_url": "https://pub-2c783279b61043e19fbdadd1bee5153a.r2.dev/MCK/2010-05-04/f54765e10vk.htm/f54765e10vk.pdf",
    "periodicity": "periodic"
  },
  {
    "equity_ticker": "MCK",
    "geography": "US",
    "content_name": "MCK Q3 2010 10-Q",
    "file_type": "pdf",
    "content_type": "quarterly_report",
    "published_date": "2010-01-26",
    "fiscal_date": "2009-12-31",
    "fiscal_year": 2010,
    "fiscal_quarter": 3,
    "r2_url": "https://pub-2c783279b61043e19fbdadd1bee5153a.r2.dev/MCK/2010-01-26/f54087e10vq.htm/f54087e10vq.pdf",
    "periodicity": "periodic"
  },
  {
    "equity_ticker": "MCK",
    "geography": "US",
    "content_name": "MCK Q2 2010 10-Q",
    "file_type": "pdf",
    "content_type": "quarterly_report",
    "published_date": "2009-10-27",
    "fiscal_date": "2009-09-30",
    "fiscal_year": 2010,
    "fiscal_quarter": 2,
    "r2_url": "https://pub-2c783279b61043e19fbdadd1bee5153a.r2.dev/MCK/2009-10-27/f53314e10vq.htm/f53314e10vq.pdf",
    "periodicity": "periodic"
  },
  {
    "equity_ticker": "MCK",
    "geography": "US",
    "content_name": "MCK Q1 2010 10-Q",
    "file_type": "pdf",
    "content_type": "quarterly_report",
    "published_date": "2009-07-28",
    "fiscal_date": "2009-06-30",
    "fiscal_year": 2010,
    "fiscal_quarter": 1,
    "r2_url": "https://pub-2c783279b61043e19fbdadd1bee5153a.r2.dev/MCK/2009-07-28/f53016e10vq.htm/f53016e10vq.pdf",
    "periodicity": "periodic"
  },
  {
    "equity_ticker": "MCK",
    "geography": "US",
    "content_name": "MCK Q4 2009 10-K",
    "file_type": "pdf",
    "content_type": "annual_report",
    "published_date": "2009-05-05",
    "fiscal_date": "2009-03-31",
    "fiscal_year": 2009,
    "fiscal_quarter": 4,
    "r2_url": "https://pub-2c783279b61043e19fbdadd1bee5153a.r2.dev/MCK/2009-05-05/f52248e10vk.htm/f52248e10vk.pdf",
    "periodicity": "periodic"
  },
  {
    "equity_ticker": "MCK",
    "geography": "US",
    "content_name": "MCK Q3 2009 10-Q",
    "file_type": "pdf",
    "content_type": "quarterly_report",
    "published_date": "2009-01-27",
    "fiscal_date": "2008-12-31",
    "fiscal_year": 2009,
    "fiscal_quarter": 3,
    "r2_url": "https://pub-2c783279b61043e19fbdadd1bee5153a.r2.dev/MCK/2009-01-27/f51204e10vq.htm/f51204e10vq.pdf",
    "periodicity": "periodic"
  },
  {
    "equity_ticker": "MCK",
    "geography": "US",
    "content_name": "MCK Q2 2009 10-Q",
    "file_type": "pdf",
    "content_type": "quarterly_report",
    "published_date": "2008-10-29",
    "fiscal_date": "2008-09-30",
    "fiscal_year": 2009,
    "fiscal_quarter": 2,
    "r2_url": "https://pub-2c783279b61043e19fbdadd1bee5153a.r2.dev/MCK/2008-10-29/f50020e10vq.htm/f50020e10vq.pdf",
    "periodicity": "periodic"
  },
  {
    "equity_ticker": "MCK",
    "geography": "US",
    "content_name": "MCK Q1 2009 10-Q",
    "file_type": "pdf",
    "content_type": "quarterly_report",
    "published_date": "2008-07-24",
    "fiscal_date": "2008-06-30",
    "fiscal_year": 2009,
    "fiscal_quarter": 1,
    "r2_url": "https://pub-2c783279b61043e19fbdadd1bee5153a.r2.dev/MCK/2008-07-24/f42380e10vq.htm/f42380e10vq.pdf",
    "periodicity": "periodic"
  },
  {
    "equity_ticker": "MCK",
    "geography": "US",
    "content_name": "MCK Q4 2008 10-K",
    "file_type": "pdf",
    "content_type": "annual_report",
    "published_date": "2008-05-07",
    "fiscal_date": "2008-03-31",
    "fiscal_year": 2008,
    "fiscal_quarter": 4,
    "r2_url": "https://pub-2c783279b61043e19fbdadd1bee5153a.r2.dev/MCK/2008-05-07/f39986e10vk.htm/f39986e10vk.pdf",
    "periodicity": "periodic"
  },
  {
    "equity_ticker": "MCK",
    "geography": "US",
    "content_name": "MCK Q3 2008 10-Q",
    "file_type": "pdf",
    "content_type": "quarterly_report",
    "published_date": "2008-02-01",
    "fiscal_date": "2007-12-31",
    "fiscal_year": 2008,
    "fiscal_quarter": 3,
    "r2_url": "https://pub-2c783279b61043e19fbdadd1bee5153a.r2.dev/MCK/2008-02-01/f37535e10vq.htm/f37535e10vq.pdf",
    "periodicity": "periodic"
  },
  {
    "equity_ticker": "MCK",
    "geography": "US",
    "content_name": "MCK Q2 2008 10-Q",
    "file_type": "pdf",
    "content_type": "quarterly_report",
    "published_date": "2007-10-31",
    "fiscal_date": "2007-09-30",
    "fiscal_year": 2008,
    "fiscal_quarter": 2,
    "r2_url": "https://pub-2c783279b61043e19fbdadd1bee5153a.r2.dev/MCK/2007-10-31/f34826e10vq.htm/f34826e10vq.pdf",
    "periodicity": "periodic"
  },
  {
    "equity_ticker": "MCK",
    "geography": "US",
    "content_name": "MCK Q1 2008 10-Q",
    "file_type": "pdf",
    "content_type": "quarterly_report",
    "published_date": "2007-07-30",
    "fiscal_date": "2007-06-30",
    "fiscal_year": 2008,
    "fiscal_quarter": 1,
    "r2_url": "https://pub-2c783279b61043e19fbdadd1bee5153a.r2.dev/MCK/2007-07-30/f32249e10vq.htm/f32249e10vq.pdf",
    "periodicity": "periodic"
  },
  {
    "equity_ticker": "MCK",
    "geography": "US",
    "content_name": "MCK Q4 2007 10-K",
    "file_type": "pdf",
    "content_type": "annual_report",
    "published_date": "2007-05-09",
    "fiscal_date": "2007-03-31",
    "fiscal_year": 2007,
    "fiscal_quarter": 4,
    "r2_url": "https://pub-2c783279b61043e19fbdadd1bee5153a.r2.dev/MCK/2007-05-09/f29988e10vk.htm/f29988e10vk.pdf",
    "periodicity": "periodic"
  },
  {
    "equity_ticker": "MCK",
    "geography": "US",
    "content_name": "MCK Q3 2007 10-Q",
    "file_type": "pdf",
    "content_type": "quarterly_report",
    "published_date": "2007-01-30",
    "fiscal_date": "2006-12-31",
    "fiscal_year": 2007,
    "fiscal_quarter": 3,
    "r2_url": "https://pub-2c783279b61043e19fbdadd1bee5153a.r2.dev/MCK/2007-01-30/f26770e10vq.htm/f26770e10vq.pdf",
    "periodicity": "periodic"
  },
  {
    "equity_ticker": "MCK",
    "geography": "US",
    "content_name": "MCK Q2 2007 10-Q",
    "file_type": "pdf",
    "content_type": "quarterly_report",
    "published_date": "2006-11-01",
    "fiscal_date": "2006-09-30",
    "fiscal_year": 2007,
    "fiscal_quarter": 2,
    "r2_url": "https://pub-2c783279b61043e19fbdadd1bee5153a.r2.dev/MCK/2006-11-01/f24507e10vq.htm/f24507e10vq.pdf",
    "periodicity": "periodic"
  },
  {
    "equity_ticker": "MCK",
    "geography": "US",
    "content_name": "MCK Q1 2007 10-Q",
    "file_type": "pdf",
    "content_type": "quarterly_report",
    "published_date": "2006-07-31",
    "fiscal_date": "2006-06-30",
    "fiscal_year": 2007,
    "fiscal_quarter": 1,
    "r2_url": "https://pub-2c783279b61043e19fbdadd1bee5153a.r2.dev/MCK/2006-07-31/f22491e10vq.htm/f22491e10vq.pdf",
    "periodicity": "periodic"
  },
  {
    "equity_ticker": "MCK",
    "geography": "US",
    "content_name": "MCK Q4 2006 10-K",
    "file_type": "pdf",
    "content_type": "annual_report",
    "published_date": "2006-05-16",
    "fiscal_date": "2006-03-31",
    "fiscal_year": 2006,
    "fiscal_quarter": 4,
    "r2_url": "https://pub-2c783279b61043e19fbdadd1bee5153a.r2.dev/MCK/2006-05-16/f20234e10vk.htm/f20234e10vk.pdf",
    "periodicity": "periodic"
  },
  {
    "equity_ticker": "MCK",
    "geography": "US",
    "content_name": "MCK Q3 2006 10-Q",
    "file_type": "pdf",
    "content_type": "quarterly_report",
    "published_date": "2006-01-31",
    "fiscal_date": "2005-12-31",
    "fiscal_year": 2006,
    "fiscal_quarter": 3,
    "r2_url": "https://pub-2c783279b61043e19fbdadd1bee5153a.r2.dev/MCK/2006-01-31/f16322e10vq.htm/f16322e10vq.pdf",
    "periodicity": "periodic"
  },
  {
    "equity_ticker": "MCK",
    "geography": "US",
    "content_name": "MCK Q2 2006 10-Q",
    "file_type": "pdf",
    "content_type": "quarterly_report",
    "published_date": "2005-11-09",
    "fiscal_date": "2005-09-30",
    "fiscal_year": 2006,
    "fiscal_quarter": 2,
    "r2_url": "https://pub-2c783279b61043e19fbdadd1bee5153a.r2.dev/MCK/2005-11-09/f14301e10vq.htm/f14301e10vq.pdf",
    "periodicity": "periodic"
  },
  {
    "equity_ticker": "MCK",
    "geography": "US",
    "content_name": "MCK Q1 2006 10-Q",
    "file_type": "pdf",
    "content_type": "quarterly_report",
    "published_date": "2005-08-01",
    "fiscal_date": "2005-06-30",
    "fiscal_year": 2006,
    "fiscal_quarter": 1,
    "r2_url": "https://pub-2c783279b61043e19fbdadd1bee5153a.r2.dev/MCK/2005-08-01/f11147e10vq.htm/f11147e10vq.pdf",
    "periodicity": "periodic"
  },
  {
    "equity_ticker": "MCK",
    "geography": "US",
    "content_name": "MCK Q4 2005 10-K",
    "file_type": "pdf",
    "content_type": "annual_report",
    "published_date": "2005-05-12",
    "fiscal_date": "2005-03-31",
    "fiscal_year": 2005,
    "fiscal_quarter": 4,
    "r2_url": "https://pub-2c783279b61043e19fbdadd1bee5153a.r2.dev/MCK/2005-05-12/f08078e10vk.htm/f08078e10vk.pdf",
    "periodicity": "periodic"
  },
  {
    "equity_ticker": "MCK",
    "geography": "US",
    "content_name": "MCK Q3 2005 10-Q",
    "file_type": "pdf",
    "content_type": "quarterly_report",
    "published_date": "2005-02-01",
    "fiscal_date": "2004-12-31",
    "fiscal_year": 2005,
    "fiscal_quarter": 3,
    "r2_url": "https://pub-2c783279b61043e19fbdadd1bee5153a.r2.dev/MCK/2005-02-01/f04975e10vq.htm/f04975e10vq.pdf",
    "periodicity": "periodic"
  },
  {
    "equity_ticker": "MCK",
    "geography": "US",
    "content_name": "MCK Q2 2005 10-Q",
    "file_type": "pdf",
    "content_type": "quarterly_report",
    "published_date": "2004-11-01",
    "fiscal_date": "2004-09-30",
    "fiscal_year": 2005,
    "fiscal_quarter": 2,
    "r2_url": "https://pub-2c783279b61043e19fbdadd1bee5153a.r2.dev/MCK/2004-11-01/f02820e10vq.htm/f02820e10vq.pdf",
    "periodicity": "periodic"
  },
  {
    "equity_ticker": "MCK",
    "geography": "US",
    "content_name": "MCK Q1 2005 10-Q",
    "file_type": "pdf",
    "content_type": "quarterly_report",
    "published_date": "2004-07-29",
    "fiscal_date": "2004-06-30",
    "fiscal_year": 2005,
    "fiscal_quarter": 1,
    "r2_url": "https://pub-2c783279b61043e19fbdadd1bee5153a.r2.dev/MCK/2004-07-29/f00511e10vq.htm/f00511e10vq.pdf",
    "periodicity": "periodic"
  },
  {
    "equity_ticker": "MCK",
    "geography": "US",
    "content_name": "MCK Q4 2004 10-K",
    "file_type": "pdf",
    "content_type": "annual_report",
    "published_date": "2004-06-10",
    "fiscal_date": "2004-03-31",
    "fiscal_year": 2004,
    "fiscal_quarter": 4,
    "r2_url": "https://pub-2c783279b61043e19fbdadd1bee5153a.r2.dev/MCK/2004-06-10/f99032e10vk.htm/f99032e10vk.pdf",
    "periodicity": "periodic"
  },
  {
    "equity_ticker": "MCK",
    "geography": "US",
    "content_name": "MCK Q3 2004 10-Q",
    "file_type": "pdf",
    "content_type": "quarterly_report",
    "published_date": "2004-01-29",
    "fiscal_date": "2003-12-31",
    "fiscal_year": 2004,
    "fiscal_quarter": 3,
    "r2_url": "https://pub-2c783279b61043e19fbdadd1bee5153a.r2.dev/MCK/2004-01-29/f95994e10vq.htm/f95994e10vq.pdf",
    "periodicity": "periodic"
  },
  {
    "equity_ticker": "MCK",
    "geography": "US",
    "content_name": "MCK Q2 2004 10-Q",
    "file_type": "pdf",
    "content_type": "quarterly_report",
    "published_date": "2003-10-30",
    "fiscal_date": "2003-09-30",
    "fiscal_year": 2004,
    "fiscal_quarter": 2,
    "r2_url": "https://pub-2c783279b61043e19fbdadd1bee5153a.r2.dev/MCK/2003-10-30/f93287e10vq.htm/f93287e10vq.pdf",
    "periodicity": "periodic"
  },
  {
    "equity_ticker": "MCK",
    "geography": "US",
    "content_name": "MCK Q1 2004 10-Q",
    "file_type": "pdf",
    "content_type": "quarterly_report",
    "published_date": "2003-07-31",
    "fiscal_date": "2003-06-30",
    "fiscal_year": 2004,
    "fiscal_quarter": 1,
    "r2_url": "https://pub-2c783279b61043e19fbdadd1bee5153a.r2.dev/MCK/2003-07-31/f91913e10vq.htm/f91913e10vq.pdf",
    "periodicity": "periodic"
  },
  {
    "equity_ticker": "MCK",
    "geography": "US",
    "content_name": "MCK Q4 2003 10-K",
    "file_type": "pdf",
    "content_type": "annual_report",
    "published_date": "2003-06-05",
    "fiscal_date": "2003-03-31",
    "fiscal_year": 2003,
    "fiscal_quarter": 4,
    "r2_url": "https://pub-2c783279b61043e19fbdadd1bee5153a.r2.dev/MCK/2003-06-05/f90251e10vk.htm/f90251e10vk.pdf",
    "periodicity": "periodic"
  },
  {
    "equity_ticker": "MCK",
    "geography": "US",
    "content_name": "MCK Q3 2003 10-Q",
    "file_type": "pdf",
    "content_type": "quarterly_report",
    "published_date": "2003-02-13",
    "fiscal_date": "2002-12-31",
    "fiscal_year": 2003,
    "fiscal_quarter": 3,
    "r2_url": "https://pub-2c783279b61043e19fbdadd1bee5153a.r2.dev/MCK/2003-02-13/f87627e10vq.htm/f87627e10vq.pdf",
    "periodicity": "periodic"
  },
  {
    "equity_ticker": "MCK",
    "geography": "US",
    "content_name": "MCK Q2 2003 10-Q",
    "file_type": "pdf",
    "content_type": "quarterly_report",
    "published_date": "2002-11-12",
    "fiscal_date": "2002-09-30",
    "fiscal_year": 2003,
    "fiscal_quarter": 2,
    "r2_url": "https://pub-2c783279b61043e19fbdadd1bee5153a.r2.dev/MCK/2002-11-12/f85481e10vq.htm/f85481e10vq.pdf",
    "periodicity": "periodic"
  },
  {
    "equity_ticker": "MCK",
    "geography": "US",
    "content_name": "MCK Q1 2003 10-Q",
    "file_type": "pdf",
    "content_type": "quarterly_report",
    "published_date": "2002-08-09",
    "fiscal_date": "2002-06-30",
    "fiscal_year": 2003,
    "fiscal_quarter": 1,
    "r2_url": "https://pub-2c783279b61043e19fbdadd1bee5153a.r2.dev/MCK/2002-08-09/f83291e10vq.htm/f83291e10vq.pdf",
    "periodicity": "periodic"
  },
  {
    "equity_ticker": "MCK",
    "geography": "US",
    "content_name": "MCK Q4 2002 10-K",
    "file_type": "pdf",
    "content_type": "annual_report",
    "published_date": "2002-06-12",
    "fiscal_date": "2002-03-31",
    "fiscal_year": 2002,
    "fiscal_quarter": 4,
    "r2_url": "https://pub-2c783279b61043e19fbdadd1bee5153a.r2.dev/MCK/2002-06-12/f82011e10vk.htm/f82011e10vk.pdf",
    "periodicity": "periodic"
  },
  {
    "equity_ticker": "MCK",
    "geography": "US",
    "content_name": "MCK Q3 2002 10-Q",
    "file_type": "pdf",
    "content_type": "quarterly_report",
    "published_date": "2002-02-14",
    "fiscal_date": "2001-12-31",
    "fiscal_year": 2002,
    "fiscal_quarter": 3,
    "r2_url": "https://pub-2c783279b61043e19fbdadd1bee5153a.r2.dev/MCK/2002-02-14/f78929e10-q.htm/f78929e10-q.pdf",
    "periodicity": "periodic"
  },
  {
    "equity_ticker": "MCK",
    "geography": "US",
    "content_name": "MCK Q2 2002 10-Q",
    "file_type": "pdf",
    "content_type": "quarterly_report",
    "published_date": "2001-11-02",
    "fiscal_date": "2001-09-30",
    "fiscal_year": 2002,
    "fiscal_quarter": 2,
    "r2_url": "https://pub-2c783279b61043e19fbdadd1bee5153a.r2.dev/MCK/2001-11-02/f76619e10-q.htm/f76619e10-q.pdf",
    "periodicity": "periodic"
  },
  {
    "equity_ticker": "MCK",
    "geography": "US",
    "content_name": "MCK Q1 2002 10-Q",
    "file_type": "pdf",
    "content_type": "quarterly_report",
    "published_date": "2001-08-10",
    "fiscal_date": "2001-06-30",
    "fiscal_year": 2002,
    "fiscal_quarter": 1,
    "r2_url": "https://pub-2c783279b61043e19fbdadd1bee5153a.r2.dev/MCK/2001-08-10/f74659e10-q.htm/f74659e10-q.pdf",
    "periodicity": "periodic"
  },
  {
    "equity_ticker": "MCK",
    "geography": "US",
    "content_name": "MCK Q4 2001 10-K",
    "file_type": "pdf",
    "content_type": "annual_report",
    "published_date": "2001-06-01",
    "fiscal_date": "2001-03-31",
    "fiscal_year": 2001,
    "fiscal_quarter": 4,
    "r2_url": "https://pub-2c783279b61043e19fbdadd1bee5153a.r2.dev/MCK/2001-06-01/f72121e10-k.txt/f72121e10-k.pdf",
    "periodicity": "periodic"
  },
  {
    "equity_ticker": "MCK",
    "geography": "US",
    "content_name": "MCK Q3 2001 10-Q",
    "file_type": "pdf",
    "content_type": "quarterly_report",
    "published_date": "2001-02-01",
    "fiscal_date": "2000-12-31",
    "fiscal_year": 2001,
    "fiscal_quarter": 3,
    "r2_url": "https://pub-2c783279b61043e19fbdadd1bee5153a.r2.dev/MCK/2001-02-01/0000929624-01-000145-0001.txt/0000929624-01-000145-0001.pdf",
    "periodicity": "periodic"
  },
  {
    "equity_ticker": "MCK",
    "geography": "US",
    "content_name": "MCK Q2 2001 10-Q",
    "file_type": "pdf",
    "content_type": "quarterly_report",
    "published_date": "2000-11-06",
    "fiscal_date": "2000-09-30",
    "fiscal_year": 2001,
    "fiscal_quarter": 2,
    "r2_url": "https://pub-2c783279b61043e19fbdadd1bee5153a.r2.dev/MCK/2000-11-06/0000929624-00-001526-0001.txt/0000929624-00-001526-0001.pdf",
    "periodicity": "periodic"
  },
  {
    "equity_ticker": "MCK",
    "geography": "US",
    "content_name": "MCK Q1 2001 10-Q",
    "file_type": "pdf",
    "content_type": "quarterly_report",
    "published_date": "2000-08-03",
    "fiscal_date": "2000-06-30",
    "fiscal_year": 2001,
    "fiscal_quarter": 1,
    "r2_url": "https://pub-2c783279b61043e19fbdadd1bee5153a.r2.dev/MCK/2000-08-03/0000929624-00-001056-0001.txt/0000929624-00-001056-0001.pdf",
    "periodicity": "periodic"
  },
  {
    "equity_ticker": "MCK",
    "geography": "US",
    "content_name": "MCK Q4 2000 10-K",
    "file_type": "pdf",
    "content_type": "annual_report",
    "published_date": "2000-06-13",
    "fiscal_date": "2000-03-31",
    "fiscal_year": 2000,
    "fiscal_quarter": 4,
    "r2_url": "https://pub-2c783279b61043e19fbdadd1bee5153a.r2.dev/MCK/2000-06-13/0000929624-00-000832-0001.txt/0000929624-00-000832-0001.pdf",
    "periodicity": "periodic"
  },
  {
    "equity_ticker": "MCK",
    "geography": "US",
    "content_name": "MCK Q3 2000 10-Q",
    "file_type": "pdf",
    "content_type": "quarterly_report",
    "published_date": "2000-02-14",
    "fiscal_date": "1999-12-31",
    "fiscal_year": 2000,
    "fiscal_quarter": 3,
    "r2_url": "https://pub-2c783279b61043e19fbdadd1bee5153a.r2.dev/MCK/2000-02-14/.pdf",
    "periodicity": "periodic"
  },
  {
    "equity_ticker": "MCK",
    "geography": "US",
    "content_name": "MCK Q2 2000 10-Q",
    "file_type": "pdf",
    "content_type": "quarterly_report",
    "published_date": "1999-11-15",
    "fiscal_date": "1999-09-30",
    "fiscal_year": 2000,
    "fiscal_quarter": 2,
    "r2_url": "https://pub-2c783279b61043e19fbdadd1bee5153a.r2.dev/MCK/1999-11-15/.pdf",
    "periodicity": "periodic"
  },
  {
    "equity_ticker": "MCK",
    "geography": "US",
    "content_name": "MCK Q1 2000 10-Q",
    "file_type": "pdf",
    "content_type": "quarterly_report",
    "published_date": "1999-08-13",
    "fiscal_date": "1999-06-30",
    "fiscal_year": 2000,
    "fiscal_quarter": 1,
    "r2_url": "https://pub-2c783279b61043e19fbdadd1bee5153a.r2.dev/MCK/1999-08-13/.pdf",
    "periodicity": "periodic"
  },
  {
    "equity_ticker": "MCK",
    "geography": "US",
    "content_name": "MCK Q4 1998 10-Q",
    "file_type": "pdf",
    "content_type": "quarterly_report",
    "published_date": "1999-02-12",
    "fiscal_date": "1998-12-31",
    "fiscal_year": 1998,
    "fiscal_quarter": 4,
    "r2_url": "https://pub-2c783279b61043e19fbdadd1bee5153a.r2.dev/MCK/1999-02-12/.pdf",
    "periodicity": "periodic"
  },
  {
    "equity_ticker": "MCK",
    "geography": "US",
    "content_name": "MCK Q3 1998 10-Q",
    "file_type": "pdf",
    "content_type": "quarterly_report",
    "published_date": "1998-10-30",
    "fiscal_date": "1998-09-30",
    "fiscal_year": 1998,
    "fiscal_quarter": 3,
    "r2_url": "https://pub-2c783279b61043e19fbdadd1bee5153a.r2.dev/MCK/1998-10-30/.pdf",
    "periodicity": "periodic"
  },
  {
    "equity_ticker": "MCK",
    "geography": "US",
    "content_name": "MCK Q2 1998 10-Q",
    "file_type": "pdf",
    "content_type": "quarterly_report",
    "published_date": "1998-08-10",
    "fiscal_date": "1998-06-30",
    "fiscal_year": 1998,
    "fiscal_quarter": 2,
    "r2_url": "https://pub-2c783279b61043e19fbdadd1bee5153a.r2.dev/MCK/1998-08-10/.pdf",
    "periodicity": "periodic"
  },
  {
    "equity_ticker": "MCK",
    "geography": "US",
    "content_name": "MCK Q1 1998 10-Q",
    "file_type": "pdf",
    "content_type": "quarterly_report",
    "published_date": "1998-02-11",
    "fiscal_date": "1997-12-31",
    "fiscal_year": 1998,
    "fiscal_quarter": 1,
    "r2_url": "https://pub-2c783279b61043e19fbdadd1bee5153a.r2.dev/MCK/1998-02-11/.pdf",
    "periodicity": "periodic"
  },
  {
    "equity_ticker": "MCK",
    "geography": "US",
    "content_name": "MCK Q4 1997 10-Q",
    "file_type": "pdf",
    "content_type": "quarterly_report",
    "published_date": "1997-11-07",
    "fiscal_date": "1997-09-30",
    "fiscal_year": 1997,
    "fiscal_quarter": 4,
    "r2_url": "https://pub-2c783279b61043e19fbdadd1bee5153a.r2.dev/MCK/1997-11-07/.pdf",
    "periodicity": "periodic"
  },
  {
    "equity_ticker": "MCK",
    "geography": "US",
    "content_name": "MCK Q3 1997 10-Q",
    "file_type": "pdf",
    "content_type": "quarterly_report",
    "published_date": "1997-08-13",
    "fiscal_date": "1997-06-30",
    "fiscal_year": 1997,
    "fiscal_quarter": 3,
    "r2_url": "https://pub-2c783279b61043e19fbdadd1bee5153a.r2.dev/MCK/1997-08-13/.pdf",
    "periodicity": "periodic"
  },
  {
    "equity_ticker": "MCK",
    "geography": "US",
    "content_name": "MCK Q2 1997 10-K",
    "file_type": "pdf",
    "content_type": "annual_report",
    "published_date": "1997-06-19",
    "fiscal_date": "1997-03-31",
    "fiscal_year": 1997,
    "fiscal_quarter": 2,
    "r2_url": "https://pub-2c783279b61043e19fbdadd1bee5153a.r2.dev/MCK/1997-06-19/.pdf",
    "periodicity": "periodic"
  },
  {
    "equity_ticker": "MCK",
    "geography": "US",
    "content_name": "MCK Q1 1997 10-Q",
    "file_type": "pdf",
    "content_type": "quarterly_report",
    "published_date": "1997-02-05",
    "fiscal_date": "1996-12-31",
    "fiscal_year": 1997,
    "fiscal_quarter": 1,
    "r2_url": "https://pub-2c783279b61043e19fbdadd1bee5153a.r2.dev/MCK/1997-02-05/.pdf",
    "periodicity": "periodic"
  },
  {
    "equity_ticker": "MCK",
    "geography": "US",
    "content_name": "MCK Q4 1996 10-Q",
    "file_type": "pdf",
    "content_type": "quarterly_report",
    "published_date": "1996-11-13",
    "fiscal_date": "1996-09-30",
    "fiscal_year": 1996,
    "fiscal_quarter": 4,
    "r2_url": "https://pub-2c783279b61043e19fbdadd1bee5153a.r2.dev/MCK/1996-11-13/.pdf",
    "periodicity": "periodic"
  },
  {
    "equity_ticker": "MCK",
    "geography": "US",
    "content_name": "MCK Q3 1996 10-Q",
    "file_type": "pdf",
    "content_type": "quarterly_report",
    "published_date": "1996-08-14",
    "fiscal_date": "1996-06-30",
    "fiscal_year": 1996,
    "fiscal_quarter": 3,
    "r2_url": "https://pub-2c783279b61043e19fbdadd1bee5153a.r2.dev/MCK/1996-08-14/.pdf",
    "periodicity": "periodic"
  },
  {
    "equity_ticker": "MCK",
    "geography": "US",
    "content_name": "MCK Q2 1996 10-K",
    "file_type": "pdf",
    "content_type": "annual_report",
    "published_date": "1996-06-19",
    "fiscal_date": "1996-03-31",
    "fiscal_year": 1996,
    "fiscal_quarter": 2,
    "r2_url": "https://pub-2c783279b61043e19fbdadd1bee5153a.r2.dev/MCK/1996-06-19/.pdf",
    "periodicity": "periodic"
  },
  {
    "equity_ticker": "MCK",
    "geography": "US",
    "content_name": "MCK Q1 1996 10-Q",
    "file_type": "pdf",
    "content_type": "quarterly_report",
    "published_date": "1996-02-13",
    "fiscal_date": "1995-12-31",
    "fiscal_year": 1996,
    "fiscal_quarter": 1,
    "r2_url": "https://pub-2c783279b61043e19fbdadd1bee5153a.r2.dev/MCK/1996-02-13/.pdf",
    "periodicity": "periodic"
  },
  {
    "equity_ticker": "MCK",
    "geography": "US",
    "content_name": "MCK Q4 1995 10-Q",
    "file_type": "pdf",
    "content_type": "quarterly_report",
    "published_date": "1995-11-13",
    "fiscal_date": "1995-09-30",
    "fiscal_year": 1995,
    "fiscal_quarter": 4,
    "r2_url": "https://pub-2c783279b61043e19fbdadd1bee5153a.r2.dev/MCK/1995-11-13/.pdf",
    "periodicity": "periodic"
  },
  {
    "equity_ticker": "MCK",
    "geography": "US",
    "content_name": "MCK Q3 1995 10-Q",
    "file_type": "pdf",
    "content_type": "quarterly_report",
    "published_date": "1995-08-04",
    "fiscal_date": "1995-06-30",
    "fiscal_year": 1995,
    "fiscal_quarter": 3,
    "r2_url": "https://pub-2c783279b61043e19fbdadd1bee5153a.r2.dev/MCK/1995-08-04/.pdf",
    "periodicity": "periodic"
  },
  {
    "equity_ticker": "MCK",
    "geography": "US",
    "content_name": "MCK Q2 1995 10-Q",
    "file_type": "pdf",
    "content_type": "quarterly_report",
    "published_date": "1995-02-13",
    "fiscal_date": "1994-12-31",
    "fiscal_year": 1995,
    "fiscal_quarter": 2,
    "r2_url": "https://pub-2c783279b61043e19fbdadd1bee5153a.r2.dev/MCK/1995-02-13/.pdf",
    "periodicity": "periodic"
  }
]