[
  {
    "equity_ticker": "MDLZ",
    "geography": "US",
    "content_name": "MDLZ Q4 2024 10-K",
    "file_type": "pdf",
    "content_type": "annual_report",
    "published_date": "2025-02-05",
    "fiscal_date": "2024-12-31",
    "fiscal_year": 2024,
    "fiscal_quarter": 4,
    "r2_url": "https://pub-2c783279b61043e19fbdadd1bee5153a.r2.dev/MDLZ/2025-02-05/mdlz-20241231.htm/mdlz-20241231.pdf",
    "periodicity": "periodic"
  },
  {
    "equity_ticker": "MDLZ",
    "geography": "US",
    "content_name": "MDLZ Q3 2024 10-Q",
    "file_type": "pdf",
    "content_type": "quarterly_report",
    "published_date": "2024-10-29",
    "fiscal_date": "2024-09-30",
    "fiscal_year": 2024,
    "fiscal_quarter": 3,
    "r2_url": "https://pub-2c783279b61043e19fbdadd1bee5153a.r2.dev/MDLZ/2024-10-29/mdlz-20240930.htm/mdlz-20240930.pdf",
    "periodicity": "periodic"
  },
  {
    "equity_ticker": "MDLZ",
    "geography": "US",
    "content_name": "MDLZ Q2 2024 10-Q",
    "file_type": "pdf",
    "content_type": "quarterly_report",
    "published_date": "2024-07-30",
    "fiscal_date": "2024-06-30",
    "fiscal_year": 2024,
    "fiscal_quarter": 2,
    "r2_url": "https://pub-2c783279b61043e19fbdadd1bee5153a.r2.dev/MDLZ/2024-07-30/mdlz-20240630.htm/mdlz-20240630.pdf",
    "periodicity": "periodic"
  },
  {
    "equity_ticker": "MDLZ",
    "geography": "US",
    "content_name": "MDLZ Q1 2024 10-Q",
    "file_type": "pdf",
    "content_type": "quarterly_report",
    "published_date": "2024-04-30",
    "fiscal_date": "2024-03-31",
    "fiscal_year": 2024,
    "fiscal_quarter": 1,
    "r2_url": "https://pub-2c783279b61043e19fbdadd1bee5153a.r2.dev/MDLZ/2024-04-30/mdlz-20240331.htm/mdlz-20240331.pdf",
    "periodicity": "periodic"
  },
  {
    "equity_ticker": "MDLZ",
    "geography": "US",
    "content_name": "MDLZ Q4 2023 10-K",
    "file_type": "pdf",
    "content_type": "annual_report",
    "published_date": "2024-02-02",
    "fiscal_date": "2023-12-31",
    "fiscal_year": 2023,
    "fiscal_quarter": 4,
    "r2_url": "https://pub-2c783279b61043e19fbdadd1bee5153a.r2.dev/MDLZ/2024-02-02/mdlz-20231231.htm/mdlz-20231231.pdf",
    "periodicity": "periodic"
  },
  {
    "equity_ticker": "MDLZ",
    "geography": "US",
    "content_name": "MDLZ Q3 2023 10-Q",
    "file_type": "pdf",
    "content_type": "quarterly_report",
    "published_date": "2023-11-01",
    "fiscal_date": "2023-09-30",
    "fiscal_year": 2023,
    "fiscal_quarter": 3,
    "r2_url": "https://pub-2c783279b61043e19fbdadd1bee5153a.r2.dev/MDLZ/2023-11-01/mdlz-20230930.htm/mdlz-20230930.pdf",
    "periodicity": "periodic"
  },
  {
    "equity_ticker": "MDLZ",
    "geography": "US",
    "content_name": "MDLZ Q2 2023 10-Q",
    "file_type": "pdf",
    "content_type": "quarterly_report",
    "published_date": "2023-07-27",
    "fiscal_date": "2023-06-30",
    "fiscal_year": 2023,
    "fiscal_quarter": 2,
    "r2_url": "https://pub-2c783279b61043e19fbdadd1bee5153a.r2.dev/MDLZ/2023-07-27/mdlz-20230630.htm/mdlz-20230630.pdf",
    "periodicity": "periodic"
  },
  {
    "equity_ticker": "MDLZ",
    "geography": "US",
    "content_name": "MDLZ Q1 2023 10-Q",
    "file_type": "pdf",
    "content_type": "quarterly_report",
    "published_date": "2023-04-27",
    "fiscal_date": "2023-03-31",
    "fiscal_year": 2023,
    "fiscal_quarter": 1,
    "r2_url": "https://pub-2c783279b61043e19fbdadd1bee5153a.r2.dev/MDLZ/2023-04-27/mdlz-20230331.htm/mdlz-20230331.pdf",
    "periodicity": "periodic"
  },
  {
    "equity_ticker": "MDLZ",
    "geography": "US",
    "content_name": "MDLZ Q4 2022 10-K",
    "file_type": "pdf",
    "content_type": "annual_report",
    "published_date": "2023-02-03",
    "fiscal_date": "2022-12-31",
    "fiscal_year": 2022,
    "fiscal_quarter": 4,
    "r2_url": "https://pub-2c783279b61043e19fbdadd1bee5153a.r2.dev/MDLZ/2023-02-03/mdlz-20221231.htm/mdlz-20221231.pdf",
    "periodicity": "periodic"
  },
  {
    "equity_ticker": "MDLZ",
    "geography": "US",
    "content_name": "MDLZ Q3 2022 10-Q",
    "file_type": "pdf",
    "content_type": "quarterly_report",
    "published_date": "2022-11-01",
    "fiscal_date": "2022-09-30",
    "fiscal_year": 2022,
    "fiscal_quarter": 3,
    "r2_url": "https://pub-2c783279b61043e19fbdadd1bee5153a.r2.dev/MDLZ/2022-11-01/mdlz-20220930.htm/mdlz-20220930.pdf",
    "periodicity": "periodic"
  },
  {
    "equity_ticker": "MDLZ",
    "geography": "US",
    "content_name": "MDLZ Q2 2022 10-Q",
    "file_type": "pdf",
    "content_type": "quarterly_report",
    "published_date": "2022-07-26",
    "fiscal_date": "2022-06-30",
    "fiscal_year": 2022,
    "fiscal_quarter": 2,
    "r2_url": "https://pub-2c783279b61043e19fbdadd1bee5153a.r2.dev/MDLZ/2022-07-26/mdlz-20220630.htm/mdlz-20220630.pdf",
    "periodicity": "periodic"
  },
  {
    "equity_ticker": "MDLZ",
    "geography": "US",
    "content_name": "MDLZ Q1 2022 10-Q",
    "file_type": "pdf",
    "content_type": "quarterly_report",
    "published_date": "2022-04-26",
    "fiscal_date": "2022-03-31",
    "fiscal_year": 2022,
    "fiscal_quarter": 1,
    "r2_url": "https://pub-2c783279b61043e19fbdadd1bee5153a.r2.dev/MDLZ/2022-04-26/mdlz-20220331.htm/mdlz-20220331.pdf",
    "periodicity": "periodic"
  },
  {
    "equity_ticker": "MDLZ",
    "geography": "US",
    "content_name": "MDLZ Q4 2021 10-K",
    "file_type": "pdf",
    "content_type": "annual_report",
    "published_date": "2022-02-04",
    "fiscal_date": "2021-12-31",
    "fiscal_year": 2021,
    "fiscal_quarter": 4,
    "r2_url": "https://pub-2c783279b61043e19fbdadd1bee5153a.r2.dev/MDLZ/2022-02-04/mdlz-20211231.htm/mdlz-20211231.pdf",
    "periodicity": "periodic"
  },
  {
    "equity_ticker": "MDLZ",
    "geography": "US",
    "content_name": "MDLZ Q3 2021 10-Q",
    "file_type": "pdf",
    "content_type": "quarterly_report",
    "published_date": "2021-11-02",
    "fiscal_date": "2021-09-30",
    "fiscal_year": 2021,
    "fiscal_quarter": 3,
    "r2_url": "https://pub-2c783279b61043e19fbdadd1bee5153a.r2.dev/MDLZ/2021-11-02/mdlz-20210930.htm/mdlz-20210930.pdf",
    "periodicity": "periodic"
  },
  {
    "equity_ticker": "MDLZ",
    "geography": "US",
    "content_name": "MDLZ Q2 2021 10-Q",
    "file_type": "pdf",
    "content_type": "quarterly_report",
    "published_date": "2021-07-27",
    "fiscal_date": "2021-06-30",
    "fiscal_year": 2021,
    "fiscal_quarter": 2,
    "r2_url": "https://pub-2c783279b61043e19fbdadd1bee5153a.r2.dev/MDLZ/2021-07-27/mdlz-20210630.htm/mdlz-20210630.pdf",
    "periodicity": "periodic"
  },
  {
    "equity_ticker": "MDLZ",
    "geography": "US",
    "content_name": "MDLZ Q1 2021 10-Q",
    "file_type": "pdf",
    "content_type": "quarterly_report",
    "published_date": "2021-04-27",
    "fiscal_date": "2021-03-31",
    "fiscal_year": 2021,
    "fiscal_quarter": 1,
    "r2_url": "https://pub-2c783279b61043e19fbdadd1bee5153a.r2.dev/MDLZ/2021-04-27/mdlz-20210331.htm/mdlz-20210331.pdf",
    "periodicity": "periodic"
  },
  {
    "equity_ticker": "MDLZ",
    "geography": "US",
    "content_name": "MDLZ Q4 2020 10-K",
    "file_type": "pdf",
    "content_type": "annual_report",
    "published_date": "2021-02-05",
    "fiscal_date": "2020-12-31",
    "fiscal_year": 2020,
    "fiscal_quarter": 4,
    "r2_url": "https://pub-2c783279b61043e19fbdadd1bee5153a.r2.dev/MDLZ/2021-02-05/mdlz-20201231.htm/mdlz-20201231.pdf",
    "periodicity": "periodic"
  },
  {
    "equity_ticker": "MDLZ",
    "geography": "US",
    "content_name": "MDLZ Q3 2020 10-Q",
    "file_type": "pdf",
    "content_type": "quarterly_report",
    "published_date": "2020-11-02",
    "fiscal_date": "2020-09-30",
    "fiscal_year": 2020,
    "fiscal_quarter": 3,
    "r2_url": "https://pub-2c783279b61043e19fbdadd1bee5153a.r2.dev/MDLZ/2020-11-02/mdlz-20200930.htm/mdlz-20200930.pdf",
    "periodicity": "periodic"
  },
  {
    "equity_ticker": "MDLZ",
    "geography": "US",
    "content_name": "MDLZ Q2 2020 10-Q",
    "file_type": "pdf",
    "content_type": "quarterly_report",
    "published_date": "2020-07-28",
    "fiscal_date": "2020-06-30",
    "fiscal_year": 2020,
    "fiscal_quarter": 2,
    "r2_url": "https://pub-2c783279b61043e19fbdadd1bee5153a.r2.dev/MDLZ/2020-07-28/a2020q210-qdocument.htm/ix.pdf",
    "periodicity": "periodic"
  },
  {
    "equity_ticker": "MDLZ",
    "geography": "US",
    "content_name": "MDLZ Q1 2020 10-Q",
    "file_type": "pdf",
    "content_type": "quarterly_report",
    "published_date": "2020-04-28",
    "fiscal_date": "2020-03-31",
    "fiscal_year": 2020,
    "fiscal_quarter": 1,
    "r2_url": "https://pub-2c783279b61043e19fbdadd1bee5153a.r2.dev/MDLZ/2020-04-28/a2020q110-qdocument.htm/ix.pdf",
    "periodicity": "periodic"
  },
  {
    "equity_ticker": "MDLZ",
    "geography": "US",
    "content_name": "MDLZ Q4 2019 10-K",
    "file_type": "pdf",
    "content_type": "annual_report",
    "published_date": "2020-02-07",
    "fiscal_date": "2019-12-31",
    "fiscal_year": 2019,
    "fiscal_quarter": 4,
    "r2_url": "https://pub-2c783279b61043e19fbdadd1bee5153a.r2.dev/MDLZ/2020-02-07/mdlz10k123119document1.htm/ix.pdf",
    "periodicity": "periodic"
  },
  {
    "equity_ticker": "MDLZ",
    "geography": "US",
    "content_name": "MDLZ Q3 2019 10-Q",
    "file_type": "pdf",
    "content_type": "quarterly_report",
    "published_date": "2019-10-29",
    "fiscal_date": "2019-09-30",
    "fiscal_year": 2019,
    "fiscal_quarter": 3,
    "r2_url": "https://pub-2c783279b61043e19fbdadd1bee5153a.r2.dev/MDLZ/2019-10-29/a2019q310-qdocument.htm/ix.pdf",
    "periodicity": "periodic"
  },
  {
    "equity_ticker": "MDLZ",
    "geography": "US",
    "content_name": "MDLZ Q2 2019 10-Q",
    "file_type": "pdf",
    "content_type": "quarterly_report",
    "published_date": "2019-07-30",
    "fiscal_date": "2019-06-30",
    "fiscal_year": 2019,
    "fiscal_quarter": 2,
    "r2_url": "https://pub-2c783279b61043e19fbdadd1bee5153a.r2.dev/MDLZ/2019-07-30/a2019q210-qdocument.htm/ix.pdf",
    "periodicity": "periodic"
  },
  {
    "equity_ticker": "MDLZ",
    "geography": "US",
    "content_name": "MDLZ Q1 2019 10-Q",
    "file_type": "pdf",
    "content_type": "quarterly_report",
    "published_date": "2019-04-30",
    "fiscal_date": "2019-03-31",
    "fiscal_year": 2019,
    "fiscal_quarter": 1,
    "r2_url": "https://pub-2c783279b61043e19fbdadd1bee5153a.r2.dev/MDLZ/2019-04-30/a2019q110-qdocument.htm/ix.pdf",
    "periodicity": "periodic"
  },
  {
    "equity_ticker": "MDLZ",
    "geography": "US",
    "content_name": "MDLZ Q4 2018 10-K",
    "file_type": "pdf",
    "content_type": "annual_report",
    "published_date": "2019-02-08",
    "fiscal_date": "2018-12-31",
    "fiscal_year": 2018,
    "fiscal_quarter": 4,
    "r2_url": "https://pub-2c783279b61043e19fbdadd1bee5153a.r2.dev/MDLZ/2019-02-08/mdlz10k123118document.htm/ix.pdf",
    "periodicity": "periodic"
  },
  {
    "equity_ticker": "MDLZ",
    "geography": "US",
    "content_name": "MDLZ Q3 2018 10-Q",
    "file_type": "pdf",
    "content_type": "quarterly_report",
    "published_date": "2018-10-29",
    "fiscal_date": "2018-09-30",
    "fiscal_year": 2018,
    "fiscal_quarter": 3,
    "r2_url": "https://pub-2c783279b61043e19fbdadd1bee5153a.r2.dev/MDLZ/2018-10-29/a2018q310-qdocument.htm/ix.pdf",
    "periodicity": "periodic"
  },
  {
    "equity_ticker": "MDLZ",
    "geography": "US",
    "content_name": "MDLZ Q2 2018 10-Q",
    "file_type": "pdf",
    "content_type": "quarterly_report",
    "published_date": "2018-07-25",
    "fiscal_date": "2018-06-30",
    "fiscal_year": 2018,
    "fiscal_quarter": 2,
    "r2_url": "https://pub-2c783279b61043e19fbdadd1bee5153a.r2.dev/MDLZ/2018-07-25/q2-201810qdocument.htm/q2-201810qdocument.pdf",
    "periodicity": "periodic"
  },
  {
    "equity_ticker": "MDLZ",
    "geography": "US",
    "content_name": "MDLZ Q1 2018 10-Q",
    "file_type": "pdf",
    "content_type": "quarterly_report",
    "published_date": "2018-05-02",
    "fiscal_date": "2018-03-31",
    "fiscal_year": 2018,
    "fiscal_quarter": 1,
    "r2_url": "https://pub-2c783279b61043e19fbdadd1bee5153a.r2.dev/MDLZ/2018-05-02/mdlz10q33118doc.htm/mdlz10q33118doc.pdf",
    "periodicity": "periodic"
  },
  {
    "equity_ticker": "MDLZ",
    "geography": "US",
    "content_name": "MDLZ Q4 2017 10-K",
    "file_type": "pdf",
    "content_type": "annual_report",
    "published_date": "2018-02-09",
    "fiscal_date": "2017-12-31",
    "fiscal_year": 2017,
    "fiscal_quarter": 4,
    "r2_url": "https://pub-2c783279b61043e19fbdadd1bee5153a.r2.dev/MDLZ/2018-02-09/d466496d10k.htm/d466496d10k.pdf",
    "periodicity": "periodic"
  },
  {
    "equity_ticker": "MDLZ",
    "geography": "US",
    "content_name": "MDLZ Q3 2017 10-Q",
    "file_type": "pdf",
    "content_type": "quarterly_report",
    "published_date": "2017-10-31",
    "fiscal_date": "2017-09-30",
    "fiscal_year": 2017,
    "fiscal_quarter": 3,
    "r2_url": "https://pub-2c783279b61043e19fbdadd1bee5153a.r2.dev/MDLZ/2017-10-31/d456152d10q.htm/d456152d10q.pdf",
    "periodicity": "periodic"
  },
  {
    "equity_ticker": "MDLZ",
    "geography": "US",
    "content_name": "MDLZ Q2 2017 10-Q",
    "file_type": "pdf",
    "content_type": "quarterly_report",
    "published_date": "2017-08-02",
    "fiscal_date": "2017-06-30",
    "fiscal_year": 2017,
    "fiscal_quarter": 2,
    "r2_url": "https://pub-2c783279b61043e19fbdadd1bee5153a.r2.dev/MDLZ/2017-08-02/d412472d10q.htm/d412472d10q.pdf",
    "periodicity": "periodic"
  },
  {
    "equity_ticker": "MDLZ",
    "geography": "US",
    "content_name": "MDLZ Q1 2017 10-Q",
    "file_type": "pdf",
    "content_type": "quarterly_report",
    "published_date": "2017-05-03",
    "fiscal_date": "2017-03-31",
    "fiscal_year": 2017,
    "fiscal_quarter": 1,
    "r2_url": "https://pub-2c783279b61043e19fbdadd1bee5153a.r2.dev/MDLZ/2017-05-03/d346910d10q.htm/d346910d10q.pdf",
    "periodicity": "periodic"
  },
  {
    "equity_ticker": "MDLZ",
    "geography": "US",
    "content_name": "MDLZ Q4 2016 10-K",
    "file_type": "pdf",
    "content_type": "annual_report",
    "published_date": "2017-02-24",
    "fiscal_date": "2016-12-31",
    "fiscal_year": 2016,
    "fiscal_quarter": 4,
    "r2_url": "https://pub-2c783279b61043e19fbdadd1bee5153a.r2.dev/MDLZ/2017-02-24/d288385d10k.htm/d288385d10k.pdf",
    "periodicity": "periodic"
  },
  {
    "equity_ticker": "MDLZ",
    "geography": "US",
    "content_name": "MDLZ Q3 2016 10-Q",
    "file_type": "pdf",
    "content_type": "quarterly_report",
    "published_date": "2016-10-26",
    "fiscal_date": "2016-09-30",
    "fiscal_year": 2016,
    "fiscal_quarter": 3,
    "r2_url": "https://pub-2c783279b61043e19fbdadd1bee5153a.r2.dev/MDLZ/2016-10-26/d252200d10q.htm/d252200d10q.pdf",
    "periodicity": "periodic"
  },
  {
    "equity_ticker": "MDLZ",
    "geography": "US",
    "content_name": "MDLZ Q2 2016 10-Q",
    "file_type": "pdf",
    "content_type": "quarterly_report",
    "published_date": "2016-07-27",
    "fiscal_date": "2016-06-30",
    "fiscal_year": 2016,
    "fiscal_quarter": 2,
    "r2_url": "https://pub-2c783279b61043e19fbdadd1bee5153a.r2.dev/MDLZ/2016-07-27/d395636d10q.htm/d395636d10q.pdf",
    "periodicity": "periodic"
  },
  {
    "equity_ticker": "MDLZ",
    "geography": "US",
    "content_name": "MDLZ Q1 2016 10-Q",
    "file_type": "pdf",
    "content_type": "quarterly_report",
    "published_date": "2016-04-28",
    "fiscal_date": "2016-03-31",
    "fiscal_year": 2016,
    "fiscal_quarter": 1,
    "r2_url": "https://pub-2c783279b61043e19fbdadd1bee5153a.r2.dev/MDLZ/2016-04-28/d149717d10q.htm/d149717d10q.pdf",
    "periodicity": "periodic"
  },
  {
    "equity_ticker": "MDLZ",
    "geography": "US",
    "content_name": "MDLZ Q4 2015 10-K",
    "file_type": "pdf",
    "content_type": "annual_report",
    "published_date": "2016-02-19",
    "fiscal_date": "2015-12-31",
    "fiscal_year": 2015,
    "fiscal_quarter": 4,
    "r2_url": "https://pub-2c783279b61043e19fbdadd1bee5153a.r2.dev/MDLZ/2016-02-19/d51394d10k.htm/d51394d10k.pdf",
    "periodicity": "periodic"
  },
  {
    "equity_ticker": "MDLZ",
    "geography": "US",
    "content_name": "MDLZ Q3 2015 10-Q",
    "file_type": "pdf",
    "content_type": "quarterly_report",
    "published_date": "2015-10-29",
    "fiscal_date": "2015-09-30",
    "fiscal_year": 2015,
    "fiscal_quarter": 3,
    "r2_url": "https://pub-2c783279b61043e19fbdadd1bee5153a.r2.dev/MDLZ/2015-10-29/d94335d10q.htm/d94335d10q.pdf",
    "periodicity": "periodic"
  },
  {
    "equity_ticker": "MDLZ",
    "geography": "US",
    "content_name": "MDLZ Q2 2015 10-Q",
    "file_type": "pdf",
    "content_type": "quarterly_report",
    "published_date": "2015-07-31",
    "fiscal_date": "2015-06-30",
    "fiscal_year": 2015,
    "fiscal_quarter": 2,
    "r2_url": "https://pub-2c783279b61043e19fbdadd1bee5153a.r2.dev/MDLZ/2015-07-31/d940616d10q.htm/d940616d10q.pdf",
    "periodicity": "periodic"
  },
  {
    "equity_ticker": "MDLZ",
    "geography": "US",
    "content_name": "MDLZ Q1 2015 10-Q",
    "file_type": "pdf",
    "content_type": "quarterly_report",
    "published_date": "2015-04-30",
    "fiscal_date": "2015-03-31",
    "fiscal_year": 2015,
    "fiscal_quarter": 1,
    "r2_url": "https://pub-2c783279b61043e19fbdadd1bee5153a.r2.dev/MDLZ/2015-04-30/d893461d10q.htm/d893461d10q.pdf",
    "periodicity": "periodic"
  },
  {
    "equity_ticker": "MDLZ",
    "geography": "US",
    "content_name": "MDLZ Q4 2014 10-K",
    "file_type": "pdf",
    "content_type": "annual_report",
    "published_date": "2015-02-20",
    "fiscal_date": "2014-12-31",
    "fiscal_year": 2014,
    "fiscal_quarter": 4,
    "r2_url": "https://pub-2c783279b61043e19fbdadd1bee5153a.r2.dev/MDLZ/2015-02-20/d840894d10k.htm/d840894d10k.pdf",
    "periodicity": "periodic"
  },
  {
    "equity_ticker": "MDLZ",
    "geography": "US",
    "content_name": "MDLZ Q3 2014 10-Q",
    "file_type": "pdf",
    "content_type": "quarterly_report",
    "published_date": "2014-11-06",
    "fiscal_date": "2014-09-30",
    "fiscal_year": 2014,
    "fiscal_quarter": 3,
    "r2_url": "https://pub-2c783279b61043e19fbdadd1bee5153a.r2.dev/MDLZ/2014-11-06/d780145d10q.htm/d780145d10q.pdf",
    "periodicity": "periodic"
  },
  {
    "equity_ticker": "MDLZ",
    "geography": "US",
    "content_name": "MDLZ Q2 2014 10-Q",
    "file_type": "pdf",
    "content_type": "quarterly_report",
    "published_date": "2014-08-08",
    "fiscal_date": "2014-06-30",
    "fiscal_year": 2014,
    "fiscal_quarter": 2,
    "r2_url": "https://pub-2c783279b61043e19fbdadd1bee5153a.r2.dev/MDLZ/2014-08-08/d744588d10q.htm/d744588d10q.pdf",
    "periodicity": "periodic"
  },
  {
    "equity_ticker": "MDLZ",
    "geography": "US",
    "content_name": "MDLZ Q1 2014 10-Q",
    "file_type": "pdf",
    "content_type": "quarterly_report",
    "published_date": "2014-05-08",
    "fiscal_date": "2014-03-31",
    "fiscal_year": 2014,
    "fiscal_quarter": 1,
    "r2_url": "https://pub-2c783279b61043e19fbdadd1bee5153a.r2.dev/MDLZ/2014-05-08/d704360d10q.htm/d704360d10q.pdf",
    "periodicity": "periodic"
  },
  {
    "equity_ticker": "MDLZ",
    "geography": "US",
    "content_name": "MDLZ Q4 2013 10-K",
    "file_type": "pdf",
    "content_type": "annual_report",
    "published_date": "2014-03-03",
    "fiscal_date": "2013-12-31",
    "fiscal_year": 2013,
    "fiscal_quarter": 4,
    "r2_url": "https://pub-2c783279b61043e19fbdadd1bee5153a.r2.dev/MDLZ/2014-03-03/d645322d10k.htm/d645322d10k.pdf",
    "periodicity": "periodic"
  },
  {
    "equity_ticker": "MDLZ",
    "geography": "US",
    "content_name": "MDLZ Q3 2013 10-Q",
    "file_type": "pdf",
    "content_type": "quarterly_report",
    "published_date": "2013-11-07",
    "fiscal_date": "2013-09-30",
    "fiscal_year": 2013,
    "fiscal_quarter": 3,
    "r2_url": "https://pub-2c783279b61043e19fbdadd1bee5153a.r2.dev/MDLZ/2013-11-07/d601967d10q.htm/d601967d10q.pdf",
    "periodicity": "periodic"
  },
  {
    "equity_ticker": "MDLZ",
    "geography": "US",
    "content_name": "MDLZ Q2 2013 10-Q",
    "file_type": "pdf",
    "content_type": "quarterly_report",
    "published_date": "2013-08-08",
    "fiscal_date": "2013-06-30",
    "fiscal_year": 2013,
    "fiscal_quarter": 2,
    "r2_url": "https://pub-2c783279b61043e19fbdadd1bee5153a.r2.dev/MDLZ/2013-08-08/d549456d10q.htm/d549456d10q.pdf",
    "periodicity": "periodic"
  },
  {
    "equity_ticker": "MDLZ",
    "geography": "US",
    "content_name": "MDLZ Q1 2013 10-Q",
    "file_type": "pdf",
    "content_type": "quarterly_report",
    "published_date": "2013-05-08",
    "fiscal_date": "2013-03-31",
    "fiscal_year": 2013,
    "fiscal_quarter": 1,
    "r2_url": "https://pub-2c783279b61043e19fbdadd1bee5153a.r2.dev/MDLZ/2013-05-08/d512925d10q.htm/d512925d10q.pdf",
    "periodicity": "periodic"
  },
  {
    "equity_ticker": "MDLZ",
    "geography": "US",
    "content_name": "MDLZ Q4 2012 10-K",
    "file_type": "pdf",
    "content_type": "annual_report",
    "published_date": "2013-02-25",
    "fiscal_date": "2012-12-31",
    "fiscal_year": 2012,
    "fiscal_quarter": 4,
    "r2_url": "https://pub-2c783279b61043e19fbdadd1bee5153a.r2.dev/MDLZ/2013-02-25/d456052d10k.htm/d456052d10k.pdf",
    "periodicity": "periodic"
  },
  {
    "equity_ticker": "MDLZ",
    "geography": "US",
    "content_name": "MDLZ Q3 2012 10-Q",
    "file_type": "pdf",
    "content_type": "quarterly_report",
    "published_date": "2012-11-08",
    "fiscal_date": "2012-09-30",
    "fiscal_year": 2012,
    "fiscal_quarter": 3,
    "r2_url": "https://pub-2c783279b61043e19fbdadd1bee5153a.r2.dev/MDLZ/2012-11-08/d404272d10q.htm/d404272d10q.pdf",
    "periodicity": "periodic"
  },
  {
    "equity_ticker": "MDLZ",
    "geography": "US",
    "content_name": "MDLZ Q2 2012 10-Q",
    "file_type": "pdf",
    "content_type": "quarterly_report",
    "published_date": "2012-08-03",
    "fiscal_date": "2012-06-30",
    "fiscal_year": 2012,
    "fiscal_quarter": 2,
    "r2_url": "https://pub-2c783279b61043e19fbdadd1bee5153a.r2.dev/MDLZ/2012-08-03/d366993d10q.htm/d366993d10q.pdf",
    "periodicity": "periodic"
  },
  {
    "equity_ticker": "MDLZ",
    "geography": "US",
    "content_name": "MDLZ Q1 2012 10-Q",
    "file_type": "pdf",
    "content_type": "quarterly_report",
    "published_date": "2012-05-04",
    "fiscal_date": "2012-03-31",
    "fiscal_year": 2012,
    "fiscal_quarter": 1,
    "r2_url": "https://pub-2c783279b61043e19fbdadd1bee5153a.r2.dev/MDLZ/2012-05-04/d314276d10q.htm/d314276d10q.pdf",
    "periodicity": "periodic"
  },
  {
    "equity_ticker": "MDLZ",
    "geography": "US",
    "content_name": "MDLZ Q4 2011 10-K",
    "file_type": "pdf",
    "content_type": "annual_report",
    "published_date": "2012-02-27",
    "fiscal_date": "2011-12-31",
    "fiscal_year": 2011,
    "fiscal_quarter": 4,
    "r2_url": "https://pub-2c783279b61043e19fbdadd1bee5153a.r2.dev/MDLZ/2012-02-27/d277353d10k.htm/d277353d10k.pdf",
    "periodicity": "periodic"
  },
  {
    "equity_ticker": "MDLZ",
    "geography": "US",
    "content_name": "MDLZ Q3 2011 10-Q",
    "file_type": "pdf",
    "content_type": "quarterly_report",
    "published_date": "2011-11-04",
    "fiscal_date": "2011-09-30",
    "fiscal_year": 2011,
    "fiscal_quarter": 3,
    "r2_url": "https://pub-2c783279b61043e19fbdadd1bee5153a.r2.dev/MDLZ/2011-11-04/d233422d10q.htm/d233422d10q.pdf",
    "periodicity": "periodic"
  },
  {
    "equity_ticker": "MDLZ",
    "geography": "US",
    "content_name": "MDLZ Q2 2011 10-Q",
    "file_type": "pdf",
    "content_type": "quarterly_report",
    "published_date": "2011-08-05",
    "fiscal_date": "2011-06-30",
    "fiscal_year": 2011,
    "fiscal_quarter": 2,
    "r2_url": "https://pub-2c783279b61043e19fbdadd1bee5153a.r2.dev/MDLZ/2011-08-05/d10q.htm/d10q.pdf",
    "periodicity": "periodic"
  },
  {
    "equity_ticker": "MDLZ",
    "geography": "US",
    "content_name": "MDLZ Q1 2011 10-Q",
    "file_type": "pdf",
    "content_type": "quarterly_report",
    "published_date": "2011-05-06",
    "fiscal_date": "2011-03-31",
    "fiscal_year": 2011,
    "fiscal_quarter": 1,
    "r2_url": "https://pub-2c783279b61043e19fbdadd1bee5153a.r2.dev/MDLZ/2011-05-06/d10q.htm/d10q.pdf",
    "periodicity": "periodic"
  },
  {
    "equity_ticker": "MDLZ",
    "geography": "US",
    "content_name": "MDLZ Q4 2010 10-K",
    "file_type": "pdf",
    "content_type": "annual_report",
    "published_date": "2011-02-28",
    "fiscal_date": "2010-12-31",
    "fiscal_year": 2010,
    "fiscal_quarter": 4,
    "r2_url": "https://pub-2c783279b61043e19fbdadd1bee5153a.r2.dev/MDLZ/2011-02-28/d10k.htm/d10k.pdf",
    "periodicity": "periodic"
  },
  {
    "equity_ticker": "MDLZ",
    "geography": "US",
    "content_name": "MDLZ Q3 2010 10-Q",
    "file_type": "pdf",
    "content_type": "quarterly_report",
    "published_date": "2010-11-05",
    "fiscal_date": "2010-09-30",
    "fiscal_year": 2010,
    "fiscal_quarter": 3,
    "r2_url": "https://pub-2c783279b61043e19fbdadd1bee5153a.r2.dev/MDLZ/2010-11-05/d10q.htm/d10q.pdf",
    "periodicity": "periodic"
  },
  {
    "equity_ticker": "MDLZ",
    "geography": "US",
    "content_name": "MDLZ Q2 2010 10-Q",
    "file_type": "pdf",
    "content_type": "quarterly_report",
    "published_date": "2010-08-06",
    "fiscal_date": "2010-06-30",
    "fiscal_year": 2010,
    "fiscal_quarter": 2,
    "r2_url": "https://pub-2c783279b61043e19fbdadd1bee5153a.r2.dev/MDLZ/2010-08-06/d10q.htm/d10q.pdf",
    "periodicity": "periodic"
  },
  {
    "equity_ticker": "MDLZ",
    "geography": "US",
    "content_name": "MDLZ Q1 2010 10-Q",
    "file_type": "pdf",
    "content_type": "quarterly_report",
    "published_date": "2010-05-07",
    "fiscal_date": "2010-03-31",
    "fiscal_year": 2010,
    "fiscal_quarter": 1,
    "r2_url": "https://pub-2c783279b61043e19fbdadd1bee5153a.r2.dev/MDLZ/2010-05-07/d10q.htm/d10q.pdf",
    "periodicity": "periodic"
  },
  {
    "equity_ticker": "MDLZ",
    "geography": "US",
    "content_name": "MDLZ Q4 2009 10-K",
    "file_type": "pdf",
    "content_type": "annual_report",
    "published_date": "2010-02-25",
    "fiscal_date": "2009-12-31",
    "fiscal_year": 2009,
    "fiscal_quarter": 4,
    "r2_url": "https://pub-2c783279b61043e19fbdadd1bee5153a.r2.dev/MDLZ/2010-02-25/d10k.htm/d10k.pdf",
    "periodicity": "periodic"
  },
  {
    "equity_ticker": "MDLZ",
    "geography": "US",
    "content_name": "MDLZ Q3 2009 10-Q",
    "file_type": "pdf",
    "content_type": "quarterly_report",
    "published_date": "2009-11-03",
    "fiscal_date": "2009-09-30",
    "fiscal_year": 2009,
    "fiscal_quarter": 3,
    "r2_url": "https://pub-2c783279b61043e19fbdadd1bee5153a.r2.dev/MDLZ/2009-11-03/d10q.htm/d10q.pdf",
    "periodicity": "periodic"
  },
  {
    "equity_ticker": "MDLZ",
    "geography": "US",
    "content_name": "MDLZ Q2 2009 10-Q",
    "file_type": "pdf",
    "content_type": "quarterly_report",
    "published_date": "2009-08-05",
    "fiscal_date": "2009-06-30",
    "fiscal_year": 2009,
    "fiscal_quarter": 2,
    "r2_url": "https://pub-2c783279b61043e19fbdadd1bee5153a.r2.dev/MDLZ/2009-08-05/d10q.htm/d10q.pdf",
    "periodicity": "periodic"
  },
  {
    "equity_ticker": "MDLZ",
    "geography": "US",
    "content_name": "MDLZ Q1 2009 10-Q",
    "file_type": "pdf",
    "content_type": "quarterly_report",
    "published_date": "2009-05-05",
    "fiscal_date": "2009-03-31",
    "fiscal_year": 2009,
    "fiscal_quarter": 1,
    "r2_url": "https://pub-2c783279b61043e19fbdadd1bee5153a.r2.dev/MDLZ/2009-05-05/d10q.htm/d10q.pdf",
    "periodicity": "periodic"
  },
  {
    "equity_ticker": "MDLZ",
    "geography": "US",
    "content_name": "MDLZ Q4 2008 10-K",
    "file_type": "pdf",
    "content_type": "annual_report",
    "published_date": "2009-02-27",
    "fiscal_date": "2008-12-31",
    "fiscal_year": 2008,
    "fiscal_quarter": 4,
    "r2_url": "https://pub-2c783279b61043e19fbdadd1bee5153a.r2.dev/MDLZ/2009-02-27/d10k.htm/d10k.pdf",
    "periodicity": "periodic"
  },
  {
    "equity_ticker": "MDLZ",
    "geography": "US",
    "content_name": "MDLZ Q3 2008 10-Q",
    "file_type": "pdf",
    "content_type": "quarterly_report",
    "published_date": "2008-10-31",
    "fiscal_date": "2008-09-30",
    "fiscal_year": 2008,
    "fiscal_quarter": 3,
    "r2_url": "https://pub-2c783279b61043e19fbdadd1bee5153a.r2.dev/MDLZ/2008-10-31/d10q.htm/d10q.pdf",
    "periodicity": "periodic"
  },
  {
    "equity_ticker": "MDLZ",
    "geography": "US",
    "content_name": "MDLZ Q2 2008 10-Q",
    "file_type": "pdf",
    "content_type": "quarterly_report",
    "published_date": "2008-08-01",
    "fiscal_date": "2008-06-30",
    "fiscal_year": 2008,
    "fiscal_quarter": 2,
    "r2_url": "https://pub-2c783279b61043e19fbdadd1bee5153a.r2.dev/MDLZ/2008-08-01/d10q.htm/d10q.pdf",
    "periodicity": "periodic"
  },
  {
    "equity_ticker": "MDLZ",
    "geography": "US",
    "content_name": "MDLZ Q1 2008 10-Q",
    "file_type": "pdf",
    "content_type": "quarterly_report",
    "published_date": "2008-05-02",
    "fiscal_date": "2008-03-31",
    "fiscal_year": 2008,
    "fiscal_quarter": 1,
    "r2_url": "https://pub-2c783279b61043e19fbdadd1bee5153a.r2.dev/MDLZ/2008-05-02/d10q.htm/d10q.pdf",
    "periodicity": "periodic"
  },
  {
    "equity_ticker": "MDLZ",
    "geography": "US",
    "content_name": "MDLZ Q4 2007 10-K",
    "file_type": "pdf",
    "content_type": "annual_report",
    "published_date": "2008-02-25",
    "fiscal_date": "2007-12-31",
    "fiscal_year": 2007,
    "fiscal_quarter": 4,
    "r2_url": "https://pub-2c783279b61043e19fbdadd1bee5153a.r2.dev/MDLZ/2008-02-25/d10k.htm/d10k.pdf",
    "periodicity": "periodic"
  },
  {
    "equity_ticker": "MDLZ",
    "geography": "US",
    "content_name": "MDLZ Q3 2007 10-Q",
    "file_type": "pdf",
    "content_type": "quarterly_report",
    "published_date": "2007-11-02",
    "fiscal_date": "2007-09-30",
    "fiscal_year": 2007,
    "fiscal_quarter": 3,
    "r2_url": "https://pub-2c783279b61043e19fbdadd1bee5153a.r2.dev/MDLZ/2007-11-02/d10q.htm/d10q.pdf",
    "periodicity": "periodic"
  },
  {
    "equity_ticker": "MDLZ",
    "geography": "US",
    "content_name": "MDLZ Q2 2007 10-Q",
    "file_type": "pdf",
    "content_type": "quarterly_report",
    "published_date": "2007-08-03",
    "fiscal_date": "2007-06-30",
    "fiscal_year": 2007,
    "fiscal_quarter": 2,
    "r2_url": "https://pub-2c783279b61043e19fbdadd1bee5153a.r2.dev/MDLZ/2007-08-03/c17231e10vq.htm/c17231e10vq.pdf",
    "periodicity": "periodic"
  },
  {
    "equity_ticker": "MDLZ",
    "geography": "US",
    "content_name": "MDLZ Q1 2007 10-Q",
    "file_type": "pdf",
    "content_type": "quarterly_report",
    "published_date": "2007-05-09",
    "fiscal_date": "2007-03-31",
    "fiscal_year": 2007,
    "fiscal_quarter": 1,
    "r2_url": "https://pub-2c783279b61043e19fbdadd1bee5153a.r2.dev/MDLZ/2007-05-09/c14835e10vq.htm/c14835e10vq.pdf",
    "periodicity": "periodic"
  },
  {
    "equity_ticker": "MDLZ",
    "geography": "US",
    "content_name": "MDLZ Q4 2006 10-K",
    "file_type": "pdf",
    "content_type": "annual_report",
    "published_date": "2007-03-01",
    "fiscal_date": "2006-12-31",
    "fiscal_year": 2006,
    "fiscal_quarter": 4,
    "r2_url": "https://pub-2c783279b61043e19fbdadd1bee5153a.r2.dev/MDLZ/2007-03-01/a2176027z10-k.htm/a2176027z10-k.pdf",
    "periodicity": "periodic"
  },
  {
    "equity_ticker": "MDLZ",
    "geography": "US",
    "content_name": "MDLZ Q3 2006 10-Q",
    "file_type": "pdf",
    "content_type": "quarterly_report",
    "published_date": "2006-11-09",
    "fiscal_date": "2006-09-30",
    "fiscal_year": 2006,
    "fiscal_quarter": 3,
    "r2_url": "https://pub-2c783279b61043e19fbdadd1bee5153a.r2.dev/MDLZ/2006-11-09/a06-21892_110q.htm/a06-21892_110q.pdf",
    "periodicity": "periodic"
  },
  {
    "equity_ticker": "MDLZ",
    "geography": "US",
    "content_name": "MDLZ Q2 2006 10-Q",
    "file_type": "pdf",
    "content_type": "quarterly_report",
    "published_date": "2006-08-08",
    "fiscal_date": "2006-06-30",
    "fiscal_year": 2006,
    "fiscal_quarter": 2,
    "r2_url": "https://pub-2c783279b61043e19fbdadd1bee5153a.r2.dev/MDLZ/2006-08-08/a06-15579_110q.htm/a06-15579_110q.pdf",
    "periodicity": "periodic"
  },
  {
    "equity_ticker": "MDLZ",
    "geography": "US",
    "content_name": "MDLZ Q1 2006 10-Q",
    "file_type": "pdf",
    "content_type": "quarterly_report",
    "published_date": "2006-05-09",
    "fiscal_date": "2006-03-31",
    "fiscal_year": 2006,
    "fiscal_quarter": 1,
    "r2_url": "https://pub-2c783279b61043e19fbdadd1bee5153a.r2.dev/MDLZ/2006-05-09/a06-9721_110q.htm/a06-9721_110q.pdf",
    "periodicity": "periodic"
  },
  {
    "equity_ticker": "MDLZ",
    "geography": "US",
    "content_name": "MDLZ Q4 2005 10-K",
    "file_type": "pdf",
    "content_type": "annual_report",
    "published_date": "2006-03-10",
    "fiscal_date": "2005-12-31",
    "fiscal_year": 2005,
    "fiscal_quarter": 4,
    "r2_url": "https://pub-2c783279b61043e19fbdadd1bee5153a.r2.dev/MDLZ/2006-03-10/a2168110z10-k.htm/a2168110z10-k.pdf",
    "periodicity": "periodic"
  },
  {
    "equity_ticker": "MDLZ",
    "geography": "US",
    "content_name": "MDLZ Q3 2005 10-Q",
    "file_type": "pdf",
    "content_type": "quarterly_report",
    "published_date": "2005-11-09",
    "fiscal_date": "2005-09-30",
    "fiscal_year": 2005,
    "fiscal_quarter": 3,
    "r2_url": "https://pub-2c783279b61043e19fbdadd1bee5153a.r2.dev/MDLZ/2005-11-09/a05-18510_110q.htm/a05-18510_110q.pdf",
    "periodicity": "periodic"
  },
  {
    "equity_ticker": "MDLZ",
    "geography": "US",
    "content_name": "MDLZ Q2 2005 10-Q",
    "file_type": "pdf",
    "content_type": "quarterly_report",
    "published_date": "2005-08-05",
    "fiscal_date": "2005-06-30",
    "fiscal_year": 2005,
    "fiscal_quarter": 2,
    "r2_url": "https://pub-2c783279b61043e19fbdadd1bee5153a.r2.dev/MDLZ/2005-08-05/a05-14123_110q.htm/a05-14123_110q.pdf",
    "periodicity": "periodic"
  },
  {
    "equity_ticker": "MDLZ",
    "geography": "US",
    "content_name": "MDLZ Q1 2005 10-Q",
    "file_type": "pdf",
    "content_type": "quarterly_report",
    "published_date": "2005-05-06",
    "fiscal_date": "2005-03-31",
    "fiscal_year": 2005,
    "fiscal_quarter": 1,
    "r2_url": "https://pub-2c783279b61043e19fbdadd1bee5153a.r2.dev/MDLZ/2005-05-06/a2157556z10-q.htm/a2157556z10-q.pdf",
    "periodicity": "periodic"
  },
  {
    "equity_ticker": "MDLZ",
    "geography": "US",
    "content_name": "MDLZ Q4 2004 10-K",
    "file_type": "pdf",
    "content_type": "annual_report",
    "published_date": "2005-03-11",
    "fiscal_date": "2004-12-31",
    "fiscal_year": 2004,
    "fiscal_quarter": 4,
    "r2_url": "https://pub-2c783279b61043e19fbdadd1bee5153a.r2.dev/MDLZ/2005-03-11/a2152234z10-k.htm/a2152234z10-k.pdf",
    "periodicity": "periodic"
  },
  {
    "equity_ticker": "MDLZ",
    "geography": "US",
    "content_name": "MDLZ Q3 2004 10-Q",
    "file_type": "pdf",
    "content_type": "quarterly_report",
    "published_date": "2004-11-05",
    "fiscal_date": "2004-09-30",
    "fiscal_year": 2004,
    "fiscal_quarter": 3,
    "r2_url": "https://pub-2c783279b61043e19fbdadd1bee5153a.r2.dev/MDLZ/2004-11-05/a2146084z10-q.htm/a2146084z10-q.pdf",
    "periodicity": "periodic"
  },
  {
    "equity_ticker": "MDLZ",
    "geography": "US",
    "content_name": "MDLZ Q2 2004 10-Q",
    "file_type": "pdf",
    "content_type": "quarterly_report",
    "published_date": "2004-08-06",
    "fiscal_date": "2004-06-30",
    "fiscal_year": 2004,
    "fiscal_quarter": 2,
    "r2_url": "https://pub-2c783279b61043e19fbdadd1bee5153a.r2.dev/MDLZ/2004-08-06/a2141487z10-q.htm/a2141487z10-q.pdf",
    "periodicity": "periodic"
  },
  {
    "equity_ticker": "MDLZ",
    "geography": "US",
    "content_name": "MDLZ Q1 2004 10-Q",
    "file_type": "pdf",
    "content_type": "quarterly_report",
    "published_date": "2004-05-10",
    "fiscal_date": "2004-03-31",
    "fiscal_year": 2004,
    "fiscal_quarter": 1,
    "r2_url": "https://pub-2c783279b61043e19fbdadd1bee5153a.r2.dev/MDLZ/2004-05-10/a2135826z10-q.htm/a2135826z10-q.pdf",
    "periodicity": "periodic"
  },
  {
    "equity_ticker": "MDLZ",
    "geography": "US",
    "content_name": "MDLZ Q4 2003 10-K",
    "file_type": "pdf",
    "content_type": "annual_report",
    "published_date": "2004-03-12",
    "fiscal_date": "2003-12-31",
    "fiscal_year": 2003,
    "fiscal_quarter": 4,
    "r2_url": "https://pub-2c783279b61043e19fbdadd1bee5153a.r2.dev/MDLZ/2004-03-12/a2129292z10-k.htm/a2129292z10-k.pdf",
    "periodicity": "periodic"
  },
  {
    "equity_ticker": "MDLZ",
    "geography": "US",
    "content_name": "MDLZ Q3 2003 10-Q",
    "file_type": "pdf",
    "content_type": "quarterly_report",
    "published_date": "2003-11-13",
    "fiscal_date": "2003-09-30",
    "fiscal_year": 2003,
    "fiscal_quarter": 3,
    "r2_url": "https://pub-2c783279b61043e19fbdadd1bee5153a.r2.dev/MDLZ/2003-11-13/a2122198z10-q.htm/a2122198z10-q.pdf",
    "periodicity": "periodic"
  },
  {
    "equity_ticker": "MDLZ",
    "geography": "US",
    "content_name": "MDLZ Q2 2003 10-Q",
    "file_type": "pdf",
    "content_type": "quarterly_report",
    "published_date": "2003-08-13",
    "fiscal_date": "2003-06-30",
    "fiscal_year": 2003,
    "fiscal_quarter": 2,
    "r2_url": "https://pub-2c783279b61043e19fbdadd1bee5153a.r2.dev/MDLZ/2003-08-13/a2116254z10-q.htm/a2116254z10-q.pdf",
    "periodicity": "periodic"
  },
  {
    "equity_ticker": "MDLZ",
    "geography": "US",
    "content_name": "MDLZ Q1 2003 10-Q",
    "file_type": "pdf",
    "content_type": "quarterly_report",
    "published_date": "2003-05-14",
    "fiscal_date": "2003-03-31",
    "fiscal_year": 2003,
    "fiscal_quarter": 1,
    "r2_url": "https://pub-2c783279b61043e19fbdadd1bee5153a.r2.dev/MDLZ/2003-05-14/a2110635z10-q.htm/a2110635z10-q.pdf",
    "periodicity": "periodic"
  },
  {
    "equity_ticker": "MDLZ",
    "geography": "US",
    "content_name": "MDLZ Q4 2002 10-K",
    "file_type": "pdf",
    "content_type": "annual_report",
    "published_date": "2003-03-25",
    "fiscal_date": "2002-12-31",
    "fiscal_year": 2002,
    "fiscal_quarter": 4,
    "r2_url": "https://pub-2c783279b61043e19fbdadd1bee5153a.r2.dev/MDLZ/2003-03-25/a2105346z10-k.htm/a2105346z10-k.pdf",
    "periodicity": "periodic"
  },
  {
    "equity_ticker": "MDLZ",
    "geography": "US",
    "content_name": "MDLZ Q3 2002 10-Q",
    "file_type": "pdf",
    "content_type": "quarterly_report",
    "published_date": "2002-11-13",
    "fiscal_date": "2002-09-30",
    "fiscal_year": 2002,
    "fiscal_quarter": 3,
    "r2_url": "https://pub-2c783279b61043e19fbdadd1bee5153a.r2.dev/MDLZ/2002-11-13/a33670.txt/a33670.pdf",
    "periodicity": "periodic"
  },
  {
    "equity_ticker": "MDLZ",
    "geography": "US",
    "content_name": "MDLZ Q2 2002 10-Q",
    "file_type": "pdf",
    "content_type": "quarterly_report",
    "published_date": "2002-08-13",
    "fiscal_date": "2002-06-30",
    "fiscal_year": 2002,
    "fiscal_quarter": 2,
    "r2_url": "https://pub-2c783279b61043e19fbdadd1bee5153a.r2.dev/MDLZ/2002-08-13/a33134.txt/a33134.pdf",
    "periodicity": "periodic"
  },
  {
    "equity_ticker": "MDLZ",
    "geography": "US",
    "content_name": "MDLZ Q1 2002 10-Q",
    "file_type": "pdf",
    "content_type": "quarterly_report",
    "published_date": "2002-05-13",
    "fiscal_date": "2002-03-31",
    "fiscal_year": 2002,
    "fiscal_quarter": 1,
    "r2_url": "https://pub-2c783279b61043e19fbdadd1bee5153a.r2.dev/MDLZ/2002-05-13/a32611.txt/a32611.pdf",
    "periodicity": "periodic"
  },
  {
    "equity_ticker": "MDLZ",
    "geography": "US",
    "content_name": "MDLZ Q4 2001 10-K",
    "file_type": "pdf",
    "content_type": "annual_report",
    "published_date": "2002-03-14",
    "fiscal_date": "2001-12-31",
    "fiscal_year": 2001,
    "fiscal_quarter": 4,
    "r2_url": "https://pub-2c783279b61043e19fbdadd1bee5153a.r2.dev/MDLZ/2002-03-14/y57670e10-k.txt/y57670e10-k.pdf",
    "periodicity": "periodic"
  },
  {
    "equity_ticker": "MDLZ",
    "geography": "US",
    "content_name": "MDLZ Q3 2001 10-Q",
    "file_type": "pdf",
    "content_type": "quarterly_report",
    "published_date": "2001-11-13",
    "fiscal_date": "2001-09-30",
    "fiscal_year": 2001,
    "fiscal_quarter": 3,
    "r2_url": "https://pub-2c783279b61043e19fbdadd1bee5153a.r2.dev/MDLZ/2001-11-13/a31583.txt/a31583.pdf",
    "periodicity": "periodic"
  },
  {
    "equity_ticker": "MDLZ",
    "geography": "US",
    "content_name": "MDLZ Q2 2001 10-Q",
    "file_type": "pdf",
    "content_type": "quarterly_report",
    "published_date": "2001-08-13",
    "fiscal_date": "2001-06-30",
    "fiscal_year": 2001,
    "fiscal_quarter": 2,
    "r2_url": "https://pub-2c783279b61043e19fbdadd1bee5153a.r2.dev/MDLZ/2001-08-13/a31142.txt/a31142.pdf",
    "periodicity": "periodic"
  }
]