[
    {
        "equity_ticker": "MNST",
        "geography": "US",
        "content_name": "MNST Q4 2024 Transcript",
        "file_type": "pdf",
        "content_type": "earnings_transcript",
        "published_date": "2025-02-27",
        "fiscal_date": "2025-02-27",
        "fiscal_year": 2024,
        "fiscal_quarter": 4,
        "r2_url": "https://pub-2c783279b61043e19fbdadd1bee5153a.r2.dev/MNST/2025-02-27/Monster%20Beverage%20Corporation_2025-02-27_transcript/Monster%20Beverage%20Corporation_2025-02-27_transcript.pdf/Monster%20Beverage%20Corporation_2025-02-27_transcript.pdf",
        "periodicity": "periodic"
    },
    {
        "equity_ticker": "MNST",
        "geography": "US",
        "content_name": "MNST Q4 2024 Press Release",
        "file_type": "pdf",
        "content_type": "earnings_press_release",
        "published_date": "2025-02-27",
        "fiscal_date": "2025-02-27",
        "fiscal_year": 2024,
        "fiscal_quarter": 4,
        "r2_url": "https://pub-2c783279b61043e19fbdadd1bee5153a.r2.dev/MNST/2025-02-27/a4684-2025-02-27-09-46-14/a4684-2025-02-27-09-46-14.pdf/a4684-2025-02-27-09-46-14.pdf",
        "periodicity": "periodic"
    },
    {
        "equity_ticker": "MNST",
        "geography": "US",
        "content_name": "Investor Update - January 21, 2025",
        "file_type": "pdf",
        "content_type": "company_conference_transcript",
        "published_date": "2025-01-21",
        "fiscal_date": "2025-01-21",
        "fiscal_year": null,
        "fiscal_quarter": null,
        "r2_url": "https://pub-2c783279b61043e19fbdadd1bee5153a.r2.dev/MNST/2025-01-21/Monster%20Beverage%20Corporation_2025-01-21_transcript/Monster%20Beverage%20Corporation_2025-01-21_transcript.pdf/Monster%20Beverage%20Corporation_2025-01-21_transcript.pdf",
        "periodicity": "non_periodic"
    },
    {
        "equity_ticker": "MNST",
        "geography": "US",
        "content_name": "MNST Q3 2024 Transcript",
        "file_type": "pdf",
        "content_type": "earnings_transcript",
        "published_date": "2024-11-07",
        "fiscal_date": "2024-11-07",
        "fiscal_year": 2024,
        "fiscal_quarter": 3,
        "r2_url": "https://pub-2c783279b61043e19fbdadd1bee5153a.r2.dev/MNST/2024-11-07/Monster%20Beverage%20Corporation_2024-11-07_transcript/Monster%20Beverage%20Corporation_2024-11-07_transcript.pdf/Monster%20Beverage%20Corporation_2024-11-07_transcript.pdf",
        "periodicity": "periodic"
    },
    {
        "equity_ticker": "MNST",
        "geography": "US",
        "content_name": "MNST Q3 2024 Press Release",
        "file_type": "pdf",
        "content_type": "earnings_press_release",
        "published_date": "2024-11-07",
        "fiscal_date": "2024-11-07",
        "fiscal_year": 2024,
        "fiscal_quarter": 3,
        "r2_url": "https://pub-2c783279b61043e19fbdadd1bee5153a.r2.dev/MNST/2024-11-07/e2599-2024-11-07-09-53-22/e2599-2024-11-07-09-53-22.pdf/e2599-2024-11-07-09-53-22.pdf",
        "periodicity": "periodic"
    },
    {
        "equity_ticker": "MNST",
        "geography": "US",
        "content_name": "MNST Q2 2024 Transcript",
        "file_type": "pdf",
        "content_type": "earnings_transcript",
        "published_date": "2024-08-07",
        "fiscal_date": "2024-08-07",
        "fiscal_year": 2024,
        "fiscal_quarter": 2,
        "r2_url": "https://pub-2c783279b61043e19fbdadd1bee5153a.r2.dev/MNST/2024-08-07/Monster%20Beverage%20Corporation_2024-08-07_transcript/Monster%20Beverage%20Corporation_2024-08-07_transcript.pdf/Monster%20Beverage%20Corporation_2024-08-07_transcript.pdf",
        "periodicity": "periodic"
    },
    {
        "equity_ticker": "MNST",
        "geography": "US",
        "content_name": "MNST Q2 2024 Press Release",
        "file_type": "pdf",
        "content_type": "earnings_press_release",
        "published_date": "2024-08-07",
        "fiscal_date": "2024-08-07",
        "fiscal_year": 2024,
        "fiscal_quarter": 2,
        "r2_url": "https://pub-2c783279b61043e19fbdadd1bee5153a.r2.dev/MNST/2024-08-07/b769f-2024-08-07-08-36-24/b769f-2024-08-07-08-36-24.pdf/b769f-2024-08-07-08-36-24.pdf",
        "periodicity": "periodic"
    },
    {
        "equity_ticker": "MNST",
        "geography": "US",
        "content_name": "AGM 2024 - June 13, 2024",
        "file_type": "pdf",
        "content_type": "company_conference_transcript",
        "published_date": "2024-06-13",
        "fiscal_date": "2024-06-13",
        "fiscal_year": null,
        "fiscal_quarter": null,
        "r2_url": "https://pub-2c783279b61043e19fbdadd1bee5153a.r2.dev/MNST/2024-06-13/Monster%20Beverage%20Corporation_2024-06-13_transcript/Monster%20Beverage%20Corporation_2024-06-13_transcript.pdf/Monster%20Beverage%20Corporation_2024-06-13_transcript.pdf",
        "periodicity": "non_periodic"
    },
    {
        "equity_ticker": "MNST",
        "geography": "US",
        "content_name": "MNST Q1 2024 Transcript",
        "file_type": "pdf",
        "content_type": "earnings_transcript",
        "published_date": "2024-05-02",
        "fiscal_date": "2024-05-02",
        "fiscal_year": 2024,
        "fiscal_quarter": 1,
        "r2_url": "https://pub-2c783279b61043e19fbdadd1bee5153a.r2.dev/MNST/2024-05-02/Monster%20Beverage%20Corporation_2024-05-02_transcript/Monster%20Beverage%20Corporation_2024-05-02_transcript.pdf/Monster%20Beverage%20Corporation_2024-05-02_transcript.pdf",
        "periodicity": "periodic"
    },
    {
        "equity_ticker": "MNST",
        "geography": "US",
        "content_name": "MNST Q1 2024 Press Release",
        "file_type": "pdf",
        "content_type": "earnings_press_release",
        "published_date": "2024-05-02",
        "fiscal_date": "2024-05-02",
        "fiscal_year": 2024,
        "fiscal_quarter": 1,
        "r2_url": "https://pub-2c783279b61043e19fbdadd1bee5153a.r2.dev/MNST/2024-05-02/53c74-2024-05-02-08-38-04/53c74-2024-05-02-08-38-04.pdf/53c74-2024-05-02-08-38-04.pdf",
        "periodicity": "periodic"
    },
    {
        "equity_ticker": "MNST",
        "geography": "US",
        "content_name": "MNST Q4 2023 Transcript",
        "file_type": "pdf",
        "content_type": "earnings_transcript",
        "published_date": "2024-02-28",
        "fiscal_date": "2024-02-28",
        "fiscal_year": 2023,
        "fiscal_quarter": 4,
        "r2_url": "https://pub-2c783279b61043e19fbdadd1bee5153a.r2.dev/MNST/2024-02-28/Monster%20Beverage%20Corporation_2024-02-28_transcript/Monster%20Beverage%20Corporation_2024-02-28_transcript.pdf/Monster%20Beverage%20Corporation_2024-02-28_transcript.pdf",
        "periodicity": "periodic"
    },
    {
        "equity_ticker": "MNST",
        "geography": "US",
        "content_name": "MNST Q4 2023 Press Release",
        "file_type": "pdf",
        "content_type": "earnings_press_release",
        "published_date": "2024-02-28",
        "fiscal_date": "2024-02-28",
        "fiscal_year": 2023,
        "fiscal_quarter": 4,
        "r2_url": "https://pub-2c783279b61043e19fbdadd1bee5153a.r2.dev/MNST/2024-02-28/21269-2024-02-28-09-50-17/21269-2024-02-28-09-50-17.pdf/21269-2024-02-28-09-50-17.pdf",
        "periodicity": "periodic"
    },
    {
        "equity_ticker": "MNST",
        "geography": "US",
        "content_name": "Investor Update - January 16, 2024",
        "file_type": "pdf",
        "content_type": "company_conference_transcript",
        "published_date": "2024-01-16",
        "fiscal_date": "2024-01-16",
        "fiscal_year": null,
        "fiscal_quarter": null,
        "r2_url": "https://pub-2c783279b61043e19fbdadd1bee5153a.r2.dev/MNST/2024-01-16/Monster%20Beverage%20Corporation_2024-01-16_transcript/Monster%20Beverage%20Corporation_2024-01-16_transcript.pdf/Monster%20Beverage%20Corporation_2024-01-16_transcript.pdf",
        "periodicity": "non_periodic"
    },
    {
        "equity_ticker": "MNST",
        "geography": "US",
        "content_name": "MNST Q3 2023 Transcript",
        "file_type": "pdf",
        "content_type": "earnings_transcript",
        "published_date": "2023-11-02",
        "fiscal_date": "2023-11-02",
        "fiscal_year": 2023,
        "fiscal_quarter": 3,
        "r2_url": "https://pub-2c783279b61043e19fbdadd1bee5153a.r2.dev/MNST/2023-11-02/Monster%20Beverage%20Corporation_2023-11-02_transcript/Monster%20Beverage%20Corporation_2023-11-02_transcript.pdf/Monster%20Beverage%20Corporation_2023-11-02_transcript.pdf",
        "periodicity": "periodic"
    },
    {
        "equity_ticker": "MNST",
        "geography": "US",
        "content_name": "MNST Q3 2023 Press Release",
        "file_type": "pdf",
        "content_type": "earnings_press_release",
        "published_date": "2023-11-02",
        "fiscal_date": "2023-11-02",
        "fiscal_year": 2023,
        "fiscal_quarter": 3,
        "r2_url": "https://pub-2c783279b61043e19fbdadd1bee5153a.r2.dev/MNST/2023-11-02/38be4-2023-11-02-08-26-16/38be4-2023-11-02-08-26-16.pdf/38be4-2023-11-02-08-26-16.pdf",
        "periodicity": "periodic"
    },
    {
        "equity_ticker": "MNST",
        "geography": "US",
        "content_name": "MNST Q2 2023 Transcript",
        "file_type": "pdf",
        "content_type": "earnings_transcript",
        "published_date": "2023-08-03",
        "fiscal_date": "2023-08-03",
        "fiscal_year": 2023,
        "fiscal_quarter": 2,
        "r2_url": "https://pub-2c783279b61043e19fbdadd1bee5153a.r2.dev/MNST/2023-08-03/Monster%20Beverage%20Corporation_2023-08-03_transcript/Monster%20Beverage%20Corporation_2023-08-03_transcript.pdf/Monster%20Beverage%20Corporation_2023-08-03_transcript.pdf",
        "periodicity": "periodic"
    },
    {
        "equity_ticker": "MNST",
        "geography": "US",
        "content_name": "MNST Q2 2023 Press Release",
        "file_type": "pdf",
        "content_type": "earnings_press_release",
        "published_date": "2023-08-03",
        "fiscal_date": "2023-08-03",
        "fiscal_year": 2023,
        "fiscal_quarter": 2,
        "r2_url": "https://pub-2c783279b61043e19fbdadd1bee5153a.r2.dev/MNST/2023-08-03/c377f-2023-08-03-08-48-13/c377f-2023-08-03-08-48-13.pdf/c377f-2023-08-03-08-48-13.pdf",
        "periodicity": "periodic"
    },
    {
        "equity_ticker": "MNST",
        "geography": "US",
        "content_name": "AGM 2023 - June 22, 2023",
        "file_type": "pdf",
        "content_type": "company_conference_transcript",
        "published_date": "2023-06-22",
        "fiscal_date": "2023-06-22",
        "fiscal_year": null,
        "fiscal_quarter": null,
        "r2_url": "https://pub-2c783279b61043e19fbdadd1bee5153a.r2.dev/MNST/2023-06-22/Monster%20Beverage%20Corporation_2023-06-22_transcript/Monster%20Beverage%20Corporation_2023-06-22_transcript.pdf/Monster%20Beverage%20Corporation_2023-06-22_transcript.pdf",
        "periodicity": "non_periodic"
    },
    {
        "equity_ticker": "MNST",
        "geography": "US",
        "content_name": "MNST Q1 2023 Transcript",
        "file_type": "pdf",
        "content_type": "earnings_transcript",
        "published_date": "2023-05-04",
        "fiscal_date": "2023-05-04",
        "fiscal_year": 2023,
        "fiscal_quarter": 1,
        "r2_url": "https://pub-2c783279b61043e19fbdadd1bee5153a.r2.dev/MNST/2023-05-04/Monster%20Beverage%20Corporation_2023-05-04_transcript/Monster%20Beverage%20Corporation_2023-05-04_transcript.pdf/Monster%20Beverage%20Corporation_2023-05-04_transcript.pdf",
        "periodicity": "periodic"
    },
    {
        "equity_ticker": "MNST",
        "geography": "US",
        "content_name": "MNST Q1 2023 Press Release",
        "file_type": "pdf",
        "content_type": "earnings_press_release",
        "published_date": "2023-05-04",
        "fiscal_date": "2023-05-04",
        "fiscal_year": 2023,
        "fiscal_quarter": 1,
        "r2_url": "https://pub-2c783279b61043e19fbdadd1bee5153a.r2.dev/MNST/2023-05-04/1cbd8-2023-05-04-08-38-11/1cbd8-2023-05-04-08-38-11.pdf/1cbd8-2023-05-04-08-38-11.pdf",
        "periodicity": "periodic"
    },
    {
        "equity_ticker": "MNST",
        "geography": "US",
        "content_name": "MNST Q4 2022 Transcript",
        "file_type": "pdf",
        "content_type": "earnings_transcript",
        "published_date": "2023-02-28",
        "fiscal_date": "2023-02-28",
        "fiscal_year": 2022,
        "fiscal_quarter": 4,
        "r2_url": "https://pub-2c783279b61043e19fbdadd1bee5153a.r2.dev/MNST/2023-02-28/Monster%20Beverage%20Corporation_2023-02-28_transcript/Monster%20Beverage%20Corporation_2023-02-28_transcript.pdf/Monster%20Beverage%20Corporation_2023-02-28_transcript.pdf",
        "periodicity": "periodic"
    },
    {
        "equity_ticker": "MNST",
        "geography": "US",
        "content_name": "MNST Q4 2022 Press Release",
        "file_type": "pdf",
        "content_type": "earnings_press_release",
        "published_date": "2023-02-28",
        "fiscal_date": "2023-02-28",
        "fiscal_year": 2022,
        "fiscal_quarter": 4,
        "r2_url": "https://pub-2c783279b61043e19fbdadd1bee5153a.r2.dev/MNST/2023-02-28/0740a-2023-02-28-09-08-20/0740a-2023-02-28-09-08-20.pdf/0740a-2023-02-28-09-08-20.pdf",
        "periodicity": "periodic"
    },
    {
        "equity_ticker": "MNST",
        "geography": "US",
        "content_name": "Investor Update - January 17, 2023",
        "file_type": "pdf",
        "content_type": "company_conference_transcript",
        "published_date": "2023-01-17",
        "fiscal_date": "2023-01-17",
        "fiscal_year": null,
        "fiscal_quarter": null,
        "r2_url": "https://pub-2c783279b61043e19fbdadd1bee5153a.r2.dev/MNST/2023-01-17/Monster%20Beverage%20Corporation_2023-01-17_transcript/Monster%20Beverage%20Corporation_2023-01-17_transcript.pdf/Monster%20Beverage%20Corporation_2023-01-17_transcript.pdf",
        "periodicity": "non_periodic"
    },
    {
        "equity_ticker": "MNST",
        "geography": "US",
        "content_name": "Investor Update - January 17, 2023",
        "file_type": "pdf",
        "content_type": "company_conference_presentation",
        "published_date": "2023-01-17",
        "fiscal_date": "2023-01-17",
        "fiscal_year": null,
        "fiscal_quarter": null,
        "r2_url": "https://pub-2c783279b61043e19fbdadd1bee5153a.r2.dev/MNST/2023-01-17/c972c-2023-01-17-08-49-28/c972c-2023-01-17-08-49-28.pdf/c972c-2023-01-17-08-49-28.pdf",
        "periodicity": "non_periodic"
    },
    {
        "equity_ticker": "MNST",
        "geography": "US",
        "content_name": "MNST Q3 2022 Transcript",
        "file_type": "pdf",
        "content_type": "earnings_transcript",
        "published_date": "2022-11-03",
        "fiscal_date": "2022-11-03",
        "fiscal_year": 2022,
        "fiscal_quarter": 3,
        "r2_url": "https://pub-2c783279b61043e19fbdadd1bee5153a.r2.dev/MNST/2022-11-03/Monster%20Beverage%20Corporation_2022-11-03_transcript/Monster%20Beverage%20Corporation_2022-11-03_transcript.pdf/Monster%20Beverage%20Corporation_2022-11-03_transcript.pdf",
        "periodicity": "periodic"
    },
    {
        "equity_ticker": "MNST",
        "geography": "US",
        "content_name": "MNST Q3 2022 Press Release",
        "file_type": "pdf",
        "content_type": "earnings_press_release",
        "published_date": "2022-11-03",
        "fiscal_date": "2022-11-03",
        "fiscal_year": 2022,
        "fiscal_quarter": 3,
        "r2_url": "https://pub-2c783279b61043e19fbdadd1bee5153a.r2.dev/MNST/2022-11-03/8f53a-2022-11-03-08-26-20/8f53a-2022-11-03-08-26-20.pdf/8f53a-2022-11-03-08-26-20.pdf",
        "periodicity": "periodic"
    },
    {
        "equity_ticker": "MNST",
        "geography": "US",
        "content_name": "MNST Q2 2022 Transcript",
        "file_type": "pdf",
        "content_type": "earnings_transcript",
        "published_date": "2022-08-04",
        "fiscal_date": "2022-08-04",
        "fiscal_year": 2022,
        "fiscal_quarter": 2,
        "r2_url": "https://pub-2c783279b61043e19fbdadd1bee5153a.r2.dev/MNST/2022-08-04/Monster%20Beverage%20Corporation_2022-08-04_transcript/Monster%20Beverage%20Corporation_2022-08-04_transcript.pdf/Monster%20Beverage%20Corporation_2022-08-04_transcript.pdf",
        "periodicity": "periodic"
    },
    {
        "equity_ticker": "MNST",
        "geography": "US",
        "content_name": "MNST Q2 2022 Press Release",
        "file_type": "pdf",
        "content_type": "earnings_press_release",
        "published_date": "2022-08-04",
        "fiscal_date": "2022-08-04",
        "fiscal_year": 2022,
        "fiscal_quarter": 2,
        "r2_url": "https://pub-2c783279b61043e19fbdadd1bee5153a.r2.dev/MNST/2022-08-04/05404-2022-08-04-08-31-49/05404-2022-08-04-08-31-49.pdf/05404-2022-08-04-08-31-49.pdf",
        "periodicity": "periodic"
    },
    {
        "equity_ticker": "MNST",
        "geography": "US",
        "content_name": "MNST Q1 2022 Transcript",
        "file_type": "pdf",
        "content_type": "earnings_transcript",
        "published_date": "2022-05-05",
        "fiscal_date": "2022-05-05",
        "fiscal_year": 2022,
        "fiscal_quarter": 1,
        "r2_url": "https://pub-2c783279b61043e19fbdadd1bee5153a.r2.dev/MNST/2022-05-05/Monster%20Beverage%20Corporation_2022-05-05_transcript/Monster%20Beverage%20Corporation_2022-05-05_transcript.pdf/Monster%20Beverage%20Corporation_2022-05-05_transcript.pdf",
        "periodicity": "periodic"
    },
    {
        "equity_ticker": "MNST",
        "geography": "US",
        "content_name": "MNST Q1 2022 Press Release",
        "file_type": "pdf",
        "content_type": "earnings_press_release",
        "published_date": "2022-05-05",
        "fiscal_date": "2022-05-05",
        "fiscal_year": 2022,
        "fiscal_quarter": 1,
        "r2_url": "https://pub-2c783279b61043e19fbdadd1bee5153a.r2.dev/MNST/2022-05-05/6b3e7-2023-01-25-02-03-35/6b3e7-2023-01-25-02-03-35.pdf/6b3e7-2023-01-25-02-03-35.pdf",
        "periodicity": "periodic"
    },
    {
        "equity_ticker": "MNST",
        "geography": "US",
        "content_name": "MNST Q4 2021 Transcript",
        "file_type": "pdf",
        "content_type": "earnings_transcript",
        "published_date": "2022-02-24",
        "fiscal_date": "2022-02-24",
        "fiscal_year": 2021,
        "fiscal_quarter": 4,
        "r2_url": "https://pub-2c783279b61043e19fbdadd1bee5153a.r2.dev/MNST/2022-02-24/Monster%20Beverage%20Corporation_2022-02-24_transcript/Monster%20Beverage%20Corporation_2022-02-24_transcript.pdf/Monster%20Beverage%20Corporation_2022-02-24_transcript.pdf",
        "periodicity": "periodic"
    },
    {
        "equity_ticker": "MNST",
        "geography": "US",
        "content_name": "MNST Q4 2021 Press Release",
        "file_type": "pdf",
        "content_type": "earnings_press_release",
        "published_date": "2022-02-24",
        "fiscal_date": "2022-02-24",
        "fiscal_year": 2021,
        "fiscal_quarter": 4,
        "r2_url": "https://pub-2c783279b61043e19fbdadd1bee5153a.r2.dev/MNST/2022-02-24/61130-2023-01-25-12-21-41/61130-2023-01-25-12-21-41.pdf/61130-2023-01-25-12-21-41.pdf",
        "periodicity": "periodic"
    },
    {
        "equity_ticker": "MNST",
        "geography": "US",
        "content_name": "Investor Update - January 13, 2022",
        "file_type": "pdf",
        "content_type": "company_conference_transcript",
        "published_date": "2022-01-13",
        "fiscal_date": "2022-01-13",
        "fiscal_year": null,
        "fiscal_quarter": null,
        "r2_url": "https://pub-2c783279b61043e19fbdadd1bee5153a.r2.dev/MNST/2022-01-13/Monster%20Beverage%20Corporation_2022-01-13_transcript/Monster%20Beverage%20Corporation_2022-01-13_transcript.pdf/Monster%20Beverage%20Corporation_2022-01-13_transcript.pdf",
        "periodicity": "non_periodic"
    },
    {
        "equity_ticker": "MNST",
        "geography": "US",
        "content_name": "Investor Update - January 13, 2022",
        "file_type": "pdf",
        "content_type": "company_conference_presentation",
        "published_date": "2022-01-13",
        "fiscal_date": "2022-01-13",
        "fiscal_year": null,
        "fiscal_quarter": null,
        "r2_url": "https://pub-2c783279b61043e19fbdadd1bee5153a.r2.dev/MNST/2022-01-13/17c45-2022-11-05-10-25-40/17c45-2022-11-05-10-25-40.pdf/17c45-2022-11-05-10-25-40.pdf",
        "periodicity": "non_periodic"
    },
    {
        "equity_ticker": "MNST",
        "geography": "US",
        "content_name": "MNST Q3 2021 Transcript",
        "file_type": "pdf",
        "content_type": "earnings_transcript",
        "published_date": "2021-11-04",
        "fiscal_date": "2021-11-04",
        "fiscal_year": 2021,
        "fiscal_quarter": 3,
        "r2_url": "https://pub-2c783279b61043e19fbdadd1bee5153a.r2.dev/MNST/2021-11-04/Monster%20Beverage%20Corporation_2021-11-04_transcript/Monster%20Beverage%20Corporation_2021-11-04_transcript.pdf/Monster%20Beverage%20Corporation_2021-11-04_transcript.pdf",
        "periodicity": "periodic"
    },
    {
        "equity_ticker": "MNST",
        "geography": "US",
        "content_name": "MNST Q3 2021 Press Release",
        "file_type": "pdf",
        "content_type": "earnings_press_release",
        "published_date": "2021-11-04",
        "fiscal_date": "2021-11-04",
        "fiscal_year": 2021,
        "fiscal_quarter": 3,
        "r2_url": "https://pub-2c783279b61043e19fbdadd1bee5153a.r2.dev/MNST/2021-11-04/0b01b-2023-01-25-11-33-55/0b01b-2023-01-25-11-33-55.pdf/0b01b-2023-01-25-11-33-55.pdf",
        "periodicity": "periodic"
    },
    {
        "equity_ticker": "MNST",
        "geography": "US",
        "content_name": "MNST Q2 2021 Transcript",
        "file_type": "pdf",
        "content_type": "earnings_transcript",
        "published_date": "2021-08-05",
        "fiscal_date": "2021-08-05",
        "fiscal_year": 2021,
        "fiscal_quarter": 2,
        "r2_url": "https://pub-2c783279b61043e19fbdadd1bee5153a.r2.dev/MNST/2021-08-05/Monster%20Beverage%20Corporation_2021-08-05_transcript/Monster%20Beverage%20Corporation_2021-08-05_transcript.pdf/Monster%20Beverage%20Corporation_2021-08-05_transcript.pdf",
        "periodicity": "periodic"
    },
    {
        "equity_ticker": "MNST",
        "geography": "US",
        "content_name": "MNST Q2 2021 Press Release",
        "file_type": "pdf",
        "content_type": "earnings_press_release",
        "published_date": "2021-08-05",
        "fiscal_date": "2021-08-05",
        "fiscal_year": 2021,
        "fiscal_quarter": 2,
        "r2_url": "https://pub-2c783279b61043e19fbdadd1bee5153a.r2.dev/MNST/2021-08-05/c4df1-2023-01-25-08-14-59/c4df1-2023-01-25-08-14-59.pdf/c4df1-2023-01-25-08-14-59.pdf",
        "periodicity": "periodic"
    },
    {
        "equity_ticker": "MNST",
        "geography": "US",
        "content_name": "MNST Q1 2021 Transcript",
        "file_type": "pdf",
        "content_type": "earnings_transcript",
        "published_date": "2021-05-06",
        "fiscal_date": "2021-05-06",
        "fiscal_year": 2021,
        "fiscal_quarter": 1,
        "r2_url": "https://pub-2c783279b61043e19fbdadd1bee5153a.r2.dev/MNST/2021-05-06/Monster%20Beverage%20Corporation_2021-05-06_transcript/Monster%20Beverage%20Corporation_2021-05-06_transcript.pdf/Monster%20Beverage%20Corporation_2021-05-06_transcript.pdf",
        "periodicity": "periodic"
    },
    {
        "equity_ticker": "MNST",
        "geography": "US",
        "content_name": "MNST Q1 2021 Press Release",
        "file_type": "pdf",
        "content_type": "earnings_press_release",
        "published_date": "2021-05-06",
        "fiscal_date": "2021-05-06",
        "fiscal_year": 2021,
        "fiscal_quarter": 1,
        "r2_url": "https://pub-2c783279b61043e19fbdadd1bee5153a.r2.dev/MNST/2021-05-06/e54a7-2023-01-25-09-43-25/e54a7-2023-01-25-09-43-25.pdf/e54a7-2023-01-25-09-43-25.pdf",
        "periodicity": "periodic"
    },
    {
        "equity_ticker": "MNST",
        "geography": "US",
        "content_name": "MNST Q4 2020 Transcript",
        "file_type": "pdf",
        "content_type": "earnings_transcript",
        "published_date": "2021-02-25",
        "fiscal_date": "2021-02-25",
        "fiscal_year": 2020,
        "fiscal_quarter": 4,
        "r2_url": "https://pub-2c783279b61043e19fbdadd1bee5153a.r2.dev/MNST/2021-02-25/Monster%20Beverage%20Corporation_2021-02-25_transcript/Monster%20Beverage%20Corporation_2021-02-25_transcript.pdf/Monster%20Beverage%20Corporation_2021-02-25_transcript.pdf",
        "periodicity": "periodic"
    },
    {
        "equity_ticker": "MNST",
        "geography": "US",
        "content_name": "MNST Q4 2020 Press Release",
        "file_type": "pdf",
        "content_type": "earnings_press_release",
        "published_date": "2021-02-25",
        "fiscal_date": "2021-02-25",
        "fiscal_year": 2020,
        "fiscal_quarter": 4,
        "r2_url": "https://pub-2c783279b61043e19fbdadd1bee5153a.r2.dev/MNST/2021-02-25/b13be-2023-09-29-10-03-44/b13be-2023-09-29-10-03-44.pdf/b13be-2023-09-29-10-03-44.pdf",
        "periodicity": "periodic"
    },
    {
        "equity_ticker": "MNST",
        "geography": "US",
        "content_name": "Investor Update - January 14, 2021",
        "file_type": "pdf",
        "content_type": "company_conference_transcript",
        "published_date": "2021-01-14",
        "fiscal_date": "2021-01-14",
        "fiscal_year": null,
        "fiscal_quarter": null,
        "r2_url": "https://pub-2c783279b61043e19fbdadd1bee5153a.r2.dev/MNST/2021-01-14/Monster%20Beverage%20Corporation_2021-01-14_transcript/Monster%20Beverage%20Corporation_2021-01-14_transcript.pdf/Monster%20Beverage%20Corporation_2021-01-14_transcript.pdf",
        "periodicity": "non_periodic"
    },
    {
        "equity_ticker": "MNST",
        "geography": "US",
        "content_name": "Investor Update - January 14, 2021",
        "file_type": "pdf",
        "content_type": "company_conference_presentation",
        "published_date": "2021-01-14",
        "fiscal_date": "2021-01-14",
        "fiscal_year": null,
        "fiscal_quarter": null,
        "r2_url": "https://pub-2c783279b61043e19fbdadd1bee5153a.r2.dev/MNST/2021-01-14/47e7f-2023-09-29-11-09-20/47e7f-2023-09-29-11-09-20.pdf/47e7f-2023-09-29-11-09-20.pdf",
        "periodicity": "non_periodic"
    },
    {
        "equity_ticker": "MNST",
        "geography": "US",
        "content_name": "MNST Q3 2020 Transcript",
        "file_type": "pdf",
        "content_type": "earnings_transcript",
        "published_date": "2020-11-05",
        "fiscal_date": "2020-11-05",
        "fiscal_year": 2020,
        "fiscal_quarter": 3,
        "r2_url": "https://pub-2c783279b61043e19fbdadd1bee5153a.r2.dev/MNST/2020-11-05/Monster%20Beverage%20Corporation_2020-11-05_transcript/Monster%20Beverage%20Corporation_2020-11-05_transcript.pdf/Monster%20Beverage%20Corporation_2020-11-05_transcript.pdf",
        "periodicity": "periodic"
    },
    {
        "equity_ticker": "MNST",
        "geography": "US",
        "content_name": "MNST Q3 2020 Press Release",
        "file_type": "pdf",
        "content_type": "earnings_press_release",
        "published_date": "2020-11-05",
        "fiscal_date": "2020-11-05",
        "fiscal_year": 2020,
        "fiscal_quarter": 3,
        "r2_url": "https://pub-2c783279b61043e19fbdadd1bee5153a.r2.dev/MNST/2020-11-05/bf73b-2023-09-29-10-27-45/bf73b-2023-09-29-10-27-45.pdf/bf73b-2023-09-29-10-27-45.pdf",
        "periodicity": "periodic"
    },
    {
        "equity_ticker": "MNST",
        "geography": "US",
        "content_name": "MNST Q2 2020 Transcript",
        "file_type": "pdf",
        "content_type": "earnings_transcript",
        "published_date": "2020-08-04",
        "fiscal_date": "2020-08-04",
        "fiscal_year": 2020,
        "fiscal_quarter": 2,
        "r2_url": "https://pub-2c783279b61043e19fbdadd1bee5153a.r2.dev/MNST/2020-08-04/Monster%20Beverage%20Corporation_2020-08-04_transcript/Monster%20Beverage%20Corporation_2020-08-04_transcript.pdf/Monster%20Beverage%20Corporation_2020-08-04_transcript.pdf",
        "periodicity": "periodic"
    },
    {
        "equity_ticker": "MNST",
        "geography": "US",
        "content_name": "MNST Q2 2020 Press Release",
        "file_type": "pdf",
        "content_type": "earnings_press_release",
        "published_date": "2020-08-04",
        "fiscal_date": "2020-08-04",
        "fiscal_year": 2020,
        "fiscal_quarter": 2,
        "r2_url": "https://pub-2c783279b61043e19fbdadd1bee5153a.r2.dev/MNST/2020-08-04/1ef45-2023-09-29-10-22-50/1ef45-2023-09-29-10-22-50.pdf/1ef45-2023-09-29-10-22-50.pdf",
        "periodicity": "periodic"
    },
    {
        "equity_ticker": "MNST",
        "geography": "US",
        "content_name": "MNST Q1 2020 Transcript",
        "file_type": "pdf",
        "content_type": "earnings_transcript",
        "published_date": "2020-05-07",
        "fiscal_date": "2020-05-07",
        "fiscal_year": 2020,
        "fiscal_quarter": 1,
        "r2_url": "https://pub-2c783279b61043e19fbdadd1bee5153a.r2.dev/MNST/2020-05-07/Monster%20Beverage%20Corporation_2020-05-07_transcript/Monster%20Beverage%20Corporation_2020-05-07_transcript.pdf/Monster%20Beverage%20Corporation_2020-05-07_transcript.pdf",
        "periodicity": "periodic"
    },
    {
        "equity_ticker": "MNST",
        "geography": "US",
        "content_name": "MNST Q1 2020 Press Release",
        "file_type": "pdf",
        "content_type": "earnings_press_release",
        "published_date": "2020-05-07",
        "fiscal_date": "2020-05-07",
        "fiscal_year": 2020,
        "fiscal_quarter": 1,
        "r2_url": "https://pub-2c783279b61043e19fbdadd1bee5153a.r2.dev/MNST/2020-05-07/4ccac-2023-09-29-10-40-53/4ccac-2023-09-29-10-40-53.pdf/4ccac-2023-09-29-10-40-53.pdf",
        "periodicity": "periodic"
    },
    {
        "equity_ticker": "MNST",
        "geography": "US",
        "content_name": "MNST Q4 2019 Transcript",
        "file_type": "pdf",
        "content_type": "earnings_transcript",
        "published_date": "2020-02-27",
        "fiscal_date": "2020-02-27",
        "fiscal_year": 2019,
        "fiscal_quarter": 4,
        "r2_url": "https://pub-2c783279b61043e19fbdadd1bee5153a.r2.dev/MNST/2020-02-27/Monster%20Beverage%20Corporation_2020-02-27_transcript/Monster%20Beverage%20Corporation_2020-02-27_transcript.pdf/Monster%20Beverage%20Corporation_2020-02-27_transcript.pdf",
        "periodicity": "periodic"
    },
    {
        "equity_ticker": "MNST",
        "geography": "US",
        "content_name": "MNST Q4 2019 Press Release",
        "file_type": "pdf",
        "content_type": "earnings_press_release",
        "published_date": "2020-02-27",
        "fiscal_date": "2020-02-27",
        "fiscal_year": 2019,
        "fiscal_quarter": 4,
        "r2_url": "https://pub-2c783279b61043e19fbdadd1bee5153a.r2.dev/MNST/2020-02-27/3d644-2023-09-29-10-25-57/3d644-2023-09-29-10-25-57.pdf/3d644-2023-09-29-10-25-57.pdf",
        "periodicity": "periodic"
    },
    {
        "equity_ticker": "MNST",
        "geography": "US",
        "content_name": "Investor Update - January 9, 2020",
        "file_type": "pdf",
        "content_type": "company_conference_transcript",
        "published_date": "2020-01-09",
        "fiscal_date": "2020-01-09",
        "fiscal_year": null,
        "fiscal_quarter": null,
        "r2_url": "https://pub-2c783279b61043e19fbdadd1bee5153a.r2.dev/MNST/2020-01-09/Monster%20Beverage%20Corporation_2020-01-09_transcript/Monster%20Beverage%20Corporation_2020-01-09_transcript.pdf/Monster%20Beverage%20Corporation_2020-01-09_transcript.pdf",
        "periodicity": "non_periodic"
    },
    {
        "equity_ticker": "MNST",
        "geography": "US",
        "content_name": "Investor Update - January 9, 2020",
        "file_type": "pdf",
        "content_type": "company_conference_presentation",
        "published_date": "2020-01-09",
        "fiscal_date": "2020-01-09",
        "fiscal_year": null,
        "fiscal_quarter": null,
        "r2_url": "https://pub-2c783279b61043e19fbdadd1bee5153a.r2.dev/MNST/2020-01-09/2180d-2023-09-29-11-13-31/2180d-2023-09-29-11-13-31.pdf/2180d-2023-09-29-11-13-31.pdf",
        "periodicity": "non_periodic"
    },
    {
        "equity_ticker": "MNST",
        "geography": "US",
        "content_name": "MNST Q3 2019 Transcript",
        "file_type": "pdf",
        "content_type": "earnings_transcript",
        "published_date": "2019-11-07",
        "fiscal_date": "2019-11-07",
        "fiscal_year": 2019,
        "fiscal_quarter": 3,
        "r2_url": "https://pub-2c783279b61043e19fbdadd1bee5153a.r2.dev/MNST/2019-11-07/Monster%20Beverage%20Corporation_2019-11-07_transcript/Monster%20Beverage%20Corporation_2019-11-07_transcript.pdf/Monster%20Beverage%20Corporation_2019-11-07_transcript.pdf",
        "periodicity": "periodic"
    },
    {
        "equity_ticker": "MNST",
        "geography": "US",
        "content_name": "MNST Q3 2019 Press Release",
        "file_type": "pdf",
        "content_type": "earnings_press_release",
        "published_date": "2019-11-07",
        "fiscal_date": "2019-11-07",
        "fiscal_year": 2019,
        "fiscal_quarter": 3,
        "r2_url": "https://pub-2c783279b61043e19fbdadd1bee5153a.r2.dev/MNST/2019-11-07/d3f5e-2023-09-29-11-38-02/d3f5e-2023-09-29-11-38-02.pdf/d3f5e-2023-09-29-11-38-02.pdf",
        "periodicity": "periodic"
    },
    {
        "equity_ticker": "MNST",
        "geography": "US",
        "content_name": "MNST Q2 2019 Transcript",
        "file_type": "pdf",
        "content_type": "earnings_transcript",
        "published_date": "2019-08-07",
        "fiscal_date": "2019-08-07",
        "fiscal_year": 2019,
        "fiscal_quarter": 2,
        "r2_url": "https://pub-2c783279b61043e19fbdadd1bee5153a.r2.dev/MNST/2019-08-07/Monster%20Beverage%20Corporation_2019-08-07_transcript/Monster%20Beverage%20Corporation_2019-08-07_transcript.pdf/Monster%20Beverage%20Corporation_2019-08-07_transcript.pdf",
        "periodicity": "periodic"
    },
    {
        "equity_ticker": "MNST",
        "geography": "US",
        "content_name": "MNST Q2 2019 Press Release",
        "file_type": "pdf",
        "content_type": "earnings_press_release",
        "published_date": "2019-08-07",
        "fiscal_date": "2019-08-07",
        "fiscal_year": 2019,
        "fiscal_quarter": 2,
        "r2_url": "https://pub-2c783279b61043e19fbdadd1bee5153a.r2.dev/MNST/2019-08-07/a6139-2023-09-29-11-40-03/a6139-2023-09-29-11-40-03.pdf/a6139-2023-09-29-11-40-03.pdf",
        "periodicity": "periodic"
    },
    {
        "equity_ticker": "MNST",
        "geography": "US",
        "content_name": "MNST Q1 2019 Transcript",
        "file_type": "pdf",
        "content_type": "earnings_transcript",
        "published_date": "2019-05-02",
        "fiscal_date": "2019-05-02",
        "fiscal_year": 2019,
        "fiscal_quarter": 1,
        "r2_url": "https://pub-2c783279b61043e19fbdadd1bee5153a.r2.dev/MNST/2019-05-02/Monster%20Beverage%20Corporation_2019-05-02_transcript/Monster%20Beverage%20Corporation_2019-05-02_transcript.pdf/Monster%20Beverage%20Corporation_2019-05-02_transcript.pdf",
        "periodicity": "periodic"
    },
    {
        "equity_ticker": "MNST",
        "geography": "US",
        "content_name": "MNST Q1 2019 Press Release",
        "file_type": "pdf",
        "content_type": "earnings_press_release",
        "published_date": "2019-05-02",
        "fiscal_date": "2019-05-02",
        "fiscal_year": 2019,
        "fiscal_quarter": 1,
        "r2_url": "https://pub-2c783279b61043e19fbdadd1bee5153a.r2.dev/MNST/2019-05-02/9ba78-2023-09-29-11-27-07/9ba78-2023-09-29-11-27-07.pdf/9ba78-2023-09-29-11-27-07.pdf",
        "periodicity": "periodic"
    },
    {
        "equity_ticker": "MNST",
        "geography": "US",
        "content_name": "MNST Q4 2018 Transcript",
        "file_type": "pdf",
        "content_type": "earnings_transcript",
        "published_date": "2019-02-28",
        "fiscal_date": "2019-02-28",
        "fiscal_year": 2018,
        "fiscal_quarter": 4,
        "r2_url": "https://pub-2c783279b61043e19fbdadd1bee5153a.r2.dev/MNST/2019-02-28/Monster%20Beverage%20Corporation_2019-02-28_transcript/Monster%20Beverage%20Corporation_2019-02-28_transcript.pdf/Monster%20Beverage%20Corporation_2019-02-28_transcript.pdf",
        "periodicity": "periodic"
    },
    {
        "equity_ticker": "MNST",
        "geography": "US",
        "content_name": "MNST Q4 2018 Press Release",
        "file_type": "pdf",
        "content_type": "annual_report",
        "published_date": "2019-02-28",
        "fiscal_date": "2019-02-28",
        "fiscal_year": 2018,
        "fiscal_quarter": 4,
        "r2_url": "https://pub-2c783279b61043e19fbdadd1bee5153a.r2.dev/MNST/2019-02-28/4fb75-2023-08-31-01-41-54/4fb75-2023-08-31-01-41-54.pdf/4fb75-2023-08-31-01-41-54.pdf",
        "periodicity": "periodic"
    },
    {
        "equity_ticker": "MNST",
        "geography": "US",
        "content_name": "MNST Q3 2018 Transcript",
        "file_type": "pdf",
        "content_type": "earnings_transcript",
        "published_date": "2018-11-07",
        "fiscal_date": "2018-11-07",
        "fiscal_year": 2018,
        "fiscal_quarter": 3,
        "r2_url": "https://pub-2c783279b61043e19fbdadd1bee5153a.r2.dev/MNST/2018-11-07/Monster%20Beverage%20Corporation_2018-11-07_transcript/Monster%20Beverage%20Corporation_2018-11-07_transcript.pdf/Monster%20Beverage%20Corporation_2018-11-07_transcript.pdf",
        "periodicity": "periodic"
    },
    {
        "equity_ticker": "MNST",
        "geography": "US",
        "content_name": "MNST Q2 2018 Transcript",
        "file_type": "pdf",
        "content_type": "earnings_transcript",
        "published_date": "2018-08-08",
        "fiscal_date": "2018-08-08",
        "fiscal_year": 2018,
        "fiscal_quarter": 2,
        "r2_url": "https://pub-2c783279b61043e19fbdadd1bee5153a.r2.dev/MNST/2018-08-08/Monster%20Beverage%20Corporation_2018-08-08_transcript/Monster%20Beverage%20Corporation_2018-08-08_transcript.pdf/Monster%20Beverage%20Corporation_2018-08-08_transcript.pdf",
        "periodicity": "periodic"
    },
    {
        "equity_ticker": "MNST",
        "geography": "US",
        "content_name": "MNST Q1 2018 Transcript",
        "file_type": "pdf",
        "content_type": "earnings_transcript",
        "published_date": "2018-05-08",
        "fiscal_date": "2018-05-08",
        "fiscal_year": 2018,
        "fiscal_quarter": 1,
        "r2_url": "https://pub-2c783279b61043e19fbdadd1bee5153a.r2.dev/MNST/2018-05-08/Monster%20Beverage%20Corporation_2018-05-08_transcript/Monster%20Beverage%20Corporation_2018-05-08_transcript.pdf/Monster%20Beverage%20Corporation_2018-05-08_transcript.pdf",
        "periodicity": "periodic"
    },
    {
        "equity_ticker": "MNST",
        "geography": "US",
        "content_name": "MNST Q4 2017 Transcript",
        "file_type": "pdf",
        "content_type": "earnings_transcript",
        "published_date": "2018-03-01",
        "fiscal_date": "2018-03-01",
        "fiscal_year": 2017,
        "fiscal_quarter": 4,
        "r2_url": "https://pub-2c783279b61043e19fbdadd1bee5153a.r2.dev/MNST/2018-03-01/Monster%20Beverage%20Corporation_2018-03-01_transcript/Monster%20Beverage%20Corporation_2018-03-01_transcript.pdf/Monster%20Beverage%20Corporation_2018-03-01_transcript.pdf",
        "periodicity": "periodic"
    },
    {
        "equity_ticker": "MNST",
        "geography": "US",
        "content_name": "MNST Q4 2017 Press Release",
        "file_type": "pdf",
        "content_type": "annual_report",
        "published_date": "2018-03-01",
        "fiscal_date": "2018-03-01",
        "fiscal_year": 2017,
        "fiscal_quarter": 4,
        "r2_url": "https://pub-2c783279b61043e19fbdadd1bee5153a.r2.dev/MNST/2018-03-01/b7b80-2023-08-31-01-56-54/b7b80-2023-08-31-01-56-54.pdf/b7b80-2023-08-31-01-56-54.pdf",
        "periodicity": "periodic"
    },
    {
        "equity_ticker": "MNST",
        "geography": "US",
        "content_name": "MNST Q3 2017 Transcript",
        "file_type": "pdf",
        "content_type": "earnings_transcript",
        "published_date": "2017-11-08",
        "fiscal_date": "2017-11-08",
        "fiscal_year": 2017,
        "fiscal_quarter": 3,
        "r2_url": "https://pub-2c783279b61043e19fbdadd1bee5153a.r2.dev/MNST/2017-11-08/Monster%20Beverage%20Corporation_2017-11-08_transcript/Monster%20Beverage%20Corporation_2017-11-08_transcript.pdf/Monster%20Beverage%20Corporation_2017-11-08_transcript.pdf",
        "periodicity": "periodic"
    },
    {
        "equity_ticker": "MNST",
        "geography": "US",
        "content_name": "MNST Q2 2017 Transcript",
        "file_type": "pdf",
        "content_type": "earnings_transcript",
        "published_date": "2017-08-08",
        "fiscal_date": "2017-08-08",
        "fiscal_year": 2017,
        "fiscal_quarter": 2,
        "r2_url": "https://pub-2c783279b61043e19fbdadd1bee5153a.r2.dev/MNST/2017-08-08/Monster%20Beverage%20Corporation_2017-08-08_transcript/Monster%20Beverage%20Corporation_2017-08-08_transcript.pdf/Monster%20Beverage%20Corporation_2017-08-08_transcript.pdf",
        "periodicity": "periodic"
    },
    {
        "equity_ticker": "MNST",
        "geography": "US",
        "content_name": "MNST Q1 2017 Transcript",
        "file_type": "pdf",
        "content_type": "earnings_transcript",
        "published_date": "2017-05-04",
        "fiscal_date": "2017-05-04",
        "fiscal_year": 2017,
        "fiscal_quarter": 1,
        "r2_url": "https://pub-2c783279b61043e19fbdadd1bee5153a.r2.dev/MNST/2017-05-04/Monster%20Beverage%20Corporation_2017-05-04_transcript/Monster%20Beverage%20Corporation_2017-05-04_transcript.pdf/Monster%20Beverage%20Corporation_2017-05-04_transcript.pdf",
        "periodicity": "periodic"
    },
    {
        "equity_ticker": "MNST",
        "geography": "US",
        "content_name": "MNST Q4 2016 Transcript",
        "file_type": "pdf",
        "content_type": "earnings_transcript",
        "published_date": "2017-03-01",
        "fiscal_date": "2017-03-01",
        "fiscal_year": 2016,
        "fiscal_quarter": 4,
        "r2_url": "https://pub-2c783279b61043e19fbdadd1bee5153a.r2.dev/MNST/2017-03-01/Monster%20Beverage%20Corporation_2017-03-01_transcript/Monster%20Beverage%20Corporation_2017-03-01_transcript.pdf/Monster%20Beverage%20Corporation_2017-03-01_transcript.pdf",
        "periodicity": "periodic"
    },
    {
        "equity_ticker": "MNST",
        "geography": "US",
        "content_name": "MNST Q4 2016 Press Release",
        "file_type": "pdf",
        "content_type": "annual_report",
        "published_date": "2017-03-01",
        "fiscal_date": "2017-03-01",
        "fiscal_year": 2016,
        "fiscal_quarter": 4,
        "r2_url": "https://pub-2c783279b61043e19fbdadd1bee5153a.r2.dev/MNST/2017-03-01/a1bf7-2023-08-31-01-10-55/a1bf7-2023-08-31-01-10-55.pdf/a1bf7-2023-08-31-01-10-55.pdf",
        "periodicity": "periodic"
    },
    {
        "equity_ticker": "MNST",
        "geography": "US",
        "content_name": "MNST Q3 2016 Transcript",
        "file_type": "pdf",
        "content_type": "earnings_transcript",
        "published_date": "2016-11-03",
        "fiscal_date": "2016-11-03",
        "fiscal_year": 2016,
        "fiscal_quarter": 3,
        "r2_url": "https://pub-2c783279b61043e19fbdadd1bee5153a.r2.dev/MNST/2016-11-03/Monster%20Beverage%20Corporation_2016-11-03_transcript/Monster%20Beverage%20Corporation_2016-11-03_transcript.pdf/Monster%20Beverage%20Corporation_2016-11-03_transcript.pdf",
        "periodicity": "periodic"
    },
    {
        "equity_ticker": "MNST",
        "geography": "US",
        "content_name": "MNST Q2 2016 Transcript",
        "file_type": "pdf",
        "content_type": "earnings_transcript",
        "published_date": "2016-08-05",
        "fiscal_date": "2016-08-05",
        "fiscal_year": 2016,
        "fiscal_quarter": 2,
        "r2_url": "https://pub-2c783279b61043e19fbdadd1bee5153a.r2.dev/MNST/2016-08-05/Monster%20Beverage%20Corporation_2016-08-05_transcript/Monster%20Beverage%20Corporation_2016-08-05_transcript.pdf/Monster%20Beverage%20Corporation_2016-08-05_transcript.pdf",
        "periodicity": "periodic"
    },
    {
        "equity_ticker": "MNST",
        "geography": "US",
        "content_name": "MNST Q1 2016 Transcript",
        "file_type": "pdf",
        "content_type": "earnings_transcript",
        "published_date": "2016-04-29",
        "fiscal_date": "2016-04-29",
        "fiscal_year": 2016,
        "fiscal_quarter": 1,
        "r2_url": "https://pub-2c783279b61043e19fbdadd1bee5153a.r2.dev/MNST/2016-04-29/Monster%20Beverage%20Corporation_2016-04-29_transcript/Monster%20Beverage%20Corporation_2016-04-29_transcript.pdf/Monster%20Beverage%20Corporation_2016-04-29_transcript.pdf",
        "periodicity": "periodic"
    },
    {
        "equity_ticker": "MNST",
        "geography": "US",
        "content_name": "MNST Q4 2015 Transcript",
        "file_type": "pdf",
        "content_type": "earnings_transcript",
        "published_date": "2016-02-29",
        "fiscal_date": "2016-02-29",
        "fiscal_year": 2015,
        "fiscal_quarter": 4,
        "r2_url": "https://pub-2c783279b61043e19fbdadd1bee5153a.r2.dev/MNST/2016-02-29/Monster%20Beverage%20Corporation_2016-02-29_transcript/Monster%20Beverage%20Corporation_2016-02-29_transcript.pdf/Monster%20Beverage%20Corporation_2016-02-29_transcript.pdf",
        "periodicity": "periodic"
    },
    {
        "equity_ticker": "MNST",
        "geography": "US",
        "content_name": "MNST Q4 2015 Press Release",
        "file_type": "pdf",
        "content_type": "annual_report",
        "published_date": "2016-02-29",
        "fiscal_date": "2016-02-29",
        "fiscal_year": 2015,
        "fiscal_quarter": 4,
        "r2_url": "https://pub-2c783279b61043e19fbdadd1bee5153a.r2.dev/MNST/2016-02-29/0ec80-2023-08-31-01-29-55/0ec80-2023-08-31-01-29-55.pdf/0ec80-2023-08-31-01-29-55.pdf",
        "periodicity": "periodic"
    },
    {
        "equity_ticker": "MNST",
        "geography": "US",
        "content_name": "MNST Q3 2015 Transcript",
        "file_type": "pdf",
        "content_type": "earnings_transcript",
        "published_date": "2015-11-05",
        "fiscal_date": "2015-11-05",
        "fiscal_year": 2015,
        "fiscal_quarter": 3,
        "r2_url": "https://pub-2c783279b61043e19fbdadd1bee5153a.r2.dev/MNST/2015-11-05/Monster%20Beverage%20Corporation_2015-11-05_transcript/Monster%20Beverage%20Corporation_2015-11-05_transcript.pdf/Monster%20Beverage%20Corporation_2015-11-05_transcript.pdf",
        "periodicity": "periodic"
    },
    {
        "equity_ticker": "MNST",
        "geography": "US",
        "content_name": "MNST Q2 2015 Transcript",
        "file_type": "pdf",
        "content_type": "earnings_transcript",
        "published_date": "2015-08-06",
        "fiscal_date": "2015-08-06",
        "fiscal_year": 2015,
        "fiscal_quarter": 2,
        "r2_url": "https://pub-2c783279b61043e19fbdadd1bee5153a.r2.dev/MNST/2015-08-06/Monster%20Beverage%20Corporation_2015-08-06_transcript/Monster%20Beverage%20Corporation_2015-08-06_transcript.pdf/Monster%20Beverage%20Corporation_2015-08-06_transcript.pdf",
        "periodicity": "periodic"
    },
    {
        "equity_ticker": "MNST",
        "geography": "US",
        "content_name": "MNST Q1 2015 Transcript",
        "file_type": "pdf",
        "content_type": "earnings_transcript",
        "published_date": "2015-05-07",
        "fiscal_date": "2015-05-07",
        "fiscal_year": 2015,
        "fiscal_quarter": 1,
        "r2_url": "https://pub-2c783279b61043e19fbdadd1bee5153a.r2.dev/MNST/2015-05-07/Monster%20Beverage%20Corporation_2015-05-07_transcript/Monster%20Beverage%20Corporation_2015-05-07_transcript.pdf/Monster%20Beverage%20Corporation_2015-05-07_transcript.pdf",
        "periodicity": "periodic"
    },
    {
        "equity_ticker": "MNST",
        "geography": "US",
        "content_name": "MNST Q4 2014 Transcript",
        "file_type": "pdf",
        "content_type": "earnings_transcript",
        "published_date": "2015-03-02",
        "fiscal_date": "2015-03-02",
        "fiscal_year": 2014,
        "fiscal_quarter": 4,
        "r2_url": "https://pub-2c783279b61043e19fbdadd1bee5153a.r2.dev/MNST/2015-03-02/Monster%20Beverage%20Corporation_2015-03-02_transcript/Monster%20Beverage%20Corporation_2015-03-02_transcript.pdf/Monster%20Beverage%20Corporation_2015-03-02_transcript.pdf",
        "periodicity": "periodic"
    },
    {
        "equity_ticker": "MNST",
        "geography": "US",
        "content_name": "MNST Q4 2014 Press Release",
        "file_type": "pdf",
        "content_type": "annual_report",
        "published_date": "2015-03-02",
        "fiscal_date": "2015-03-02",
        "fiscal_year": 2014,
        "fiscal_quarter": 4,
        "r2_url": "https://pub-2c783279b61043e19fbdadd1bee5153a.r2.dev/MNST/2015-03-02/0d3a5-2023-08-31-01-43-55/0d3a5-2023-08-31-01-43-55.pdf/0d3a5-2023-08-31-01-43-55.pdf",
        "periodicity": "periodic"
    },
    {
        "equity_ticker": "MNST",
        "geography": "US",
        "content_name": "MNST Q3 2014 Transcript",
        "file_type": "pdf",
        "content_type": "earnings_transcript",
        "published_date": "2014-11-06",
        "fiscal_date": "2014-11-06",
        "fiscal_year": 2014,
        "fiscal_quarter": 3,
        "r2_url": "https://pub-2c783279b61043e19fbdadd1bee5153a.r2.dev/MNST/2014-11-06/Monster%20Beverage%20Corporation_2014-11-06_transcript/Monster%20Beverage%20Corporation_2014-11-06_transcript.pdf/Monster%20Beverage%20Corporation_2014-11-06_transcript.pdf",
        "periodicity": "periodic"
    },
    {
        "equity_ticker": "MNST",
        "geography": "US",
        "content_name": "MNST Q2 2014 Transcript",
        "file_type": "pdf",
        "content_type": "earnings_transcript",
        "published_date": "2014-08-07",
        "fiscal_date": "2014-08-07",
        "fiscal_year": 2014,
        "fiscal_quarter": 2,
        "r2_url": "https://pub-2c783279b61043e19fbdadd1bee5153a.r2.dev/MNST/2014-08-07/Monster%20Beverage%20Corporation_2014-08-07_transcript/Monster%20Beverage%20Corporation_2014-08-07_transcript.pdf/Monster%20Beverage%20Corporation_2014-08-07_transcript.pdf",
        "periodicity": "periodic"
    },
    {
        "equity_ticker": "MNST",
        "geography": "US",
        "content_name": "MNST Q1 2014 Transcript",
        "file_type": "pdf",
        "content_type": "earnings_transcript",
        "published_date": "2014-05-08",
        "fiscal_date": "2014-05-08",
        "fiscal_year": 2014,
        "fiscal_quarter": 1,
        "r2_url": "https://pub-2c783279b61043e19fbdadd1bee5153a.r2.dev/MNST/2014-05-08/Monster%20Beverage%20Corporation_2014-05-08_transcript/Monster%20Beverage%20Corporation_2014-05-08_transcript.pdf/Monster%20Beverage%20Corporation_2014-05-08_transcript.pdf",
        "periodicity": "periodic"
    },
    {
        "equity_ticker": "MNST",
        "geography": "US",
        "content_name": "MNST Q4 2013 Transcript",
        "file_type": "pdf",
        "content_type": "earnings_transcript",
        "published_date": "2014-02-28",
        "fiscal_date": "2014-02-28",
        "fiscal_year": 2013,
        "fiscal_quarter": 4,
        "r2_url": "https://pub-2c783279b61043e19fbdadd1bee5153a.r2.dev/MNST/2014-02-28/Monster%20Beverage%20Corporation_2014-02-28_transcript/Monster%20Beverage%20Corporation_2014-02-28_transcript.pdf/Monster%20Beverage%20Corporation_2014-02-28_transcript.pdf",
        "periodicity": "periodic"
    },
    {
        "equity_ticker": "MNST",
        "geography": "US",
        "content_name": "MNST Q3 2013 Transcript",
        "file_type": "pdf",
        "content_type": "earnings_transcript",
        "published_date": "2013-11-07",
        "fiscal_date": "2013-11-07",
        "fiscal_year": 2013,
        "fiscal_quarter": 3,
        "r2_url": "https://pub-2c783279b61043e19fbdadd1bee5153a.r2.dev/MNST/2013-11-07/Monster%20Beverage%20Corporation_2013-11-07_transcript/Monster%20Beverage%20Corporation_2013-11-07_transcript.pdf/Monster%20Beverage%20Corporation_2013-11-07_transcript.pdf",
        "periodicity": "periodic"
    },
    {
        "equity_ticker": "MNST",
        "geography": "US",
        "content_name": "MNST Q2 2013 Transcript",
        "file_type": "pdf",
        "content_type": "earnings_transcript",
        "published_date": "2013-08-08",
        "fiscal_date": "2013-08-08",
        "fiscal_year": 2013,
        "fiscal_quarter": 2,
        "r2_url": "https://pub-2c783279b61043e19fbdadd1bee5153a.r2.dev/MNST/2013-08-08/Monster%20Beverage%20Corporation_2013-08-08_transcript/Monster%20Beverage%20Corporation_2013-08-08_transcript.pdf/Monster%20Beverage%20Corporation_2013-08-08_transcript.pdf",
        "periodicity": "periodic"
    },
    {
        "equity_ticker": "MNST",
        "geography": "US",
        "content_name": "MNST Q1 2013 Transcript",
        "file_type": "pdf",
        "content_type": "earnings_transcript",
        "published_date": "2013-05-08",
        "fiscal_date": "2013-05-08",
        "fiscal_year": 2013,
        "fiscal_quarter": 1,
        "r2_url": "https://pub-2c783279b61043e19fbdadd1bee5153a.r2.dev/MNST/2013-05-08/Monster%20Beverage%20Corporation_2013-05-08_transcript/Monster%20Beverage%20Corporation_2013-05-08_transcript.pdf/Monster%20Beverage%20Corporation_2013-05-08_transcript.pdf",
        "periodicity": "periodic"
    },
    {
        "equity_ticker": "MNST",
        "geography": "US",
        "content_name": "MNST Q4 2012 Transcript",
        "file_type": "pdf",
        "content_type": "earnings_transcript",
        "published_date": "2013-02-27",
        "fiscal_date": "2013-02-27",
        "fiscal_year": 2012,
        "fiscal_quarter": 4,
        "r2_url": "https://pub-2c783279b61043e19fbdadd1bee5153a.r2.dev/MNST/2013-02-27/Monster%20Beverage%20Corporation_2013-02-27_transcript/Monster%20Beverage%20Corporation_2013-02-27_transcript.pdf/Monster%20Beverage%20Corporation_2013-02-27_transcript.pdf",
        "periodicity": "periodic"
    },
    {
        "equity_ticker": "MNST",
        "geography": "US",
        "content_name": "MNST Q3 2012 Transcript",
        "file_type": "pdf",
        "content_type": "earnings_transcript",
        "published_date": "2012-11-08",
        "fiscal_date": "2012-11-08",
        "fiscal_year": 2012,
        "fiscal_quarter": 3,
        "r2_url": "https://pub-2c783279b61043e19fbdadd1bee5153a.r2.dev/MNST/2012-11-08/Monster%20Beverage%20Corporation_2012-11-08_transcript/Monster%20Beverage%20Corporation_2012-11-08_transcript.pdf/Monster%20Beverage%20Corporation_2012-11-08_transcript.pdf",
        "periodicity": "periodic"
    },
    {
        "equity_ticker": "MNST",
        "geography": "US",
        "content_name": "MNST Q2 2012 Transcript",
        "file_type": "pdf",
        "content_type": "earnings_transcript",
        "published_date": "2012-08-08",
        "fiscal_date": "2012-08-08",
        "fiscal_year": 2012,
        "fiscal_quarter": 2,
        "r2_url": "https://pub-2c783279b61043e19fbdadd1bee5153a.r2.dev/MNST/2012-08-08/Monster%20Beverage%20Corporation_2012-08-08_transcript/Monster%20Beverage%20Corporation_2012-08-08_transcript.pdf/Monster%20Beverage%20Corporation_2012-08-08_transcript.pdf",
        "periodicity": "periodic"
    },
    {
        "equity_ticker": "MNST",
        "geography": "US",
        "content_name": "MNST Q1 2012 Transcript",
        "file_type": "pdf",
        "content_type": "earnings_transcript",
        "published_date": "2012-05-09",
        "fiscal_date": "2012-05-09",
        "fiscal_year": 2012,
        "fiscal_quarter": 1,
        "r2_url": "https://pub-2c783279b61043e19fbdadd1bee5153a.r2.dev/MNST/2012-05-09/Monster%20Beverage%20Corporation_2012-05-09_transcript/Monster%20Beverage%20Corporation_2012-05-09_transcript.pdf/Monster%20Beverage%20Corporation_2012-05-09_transcript.pdf",
        "periodicity": "periodic"
    },
    {
        "equity_ticker": "MNST",
        "geography": "US",
        "content_name": "MNST Q4 2011 Transcript",
        "file_type": "pdf",
        "content_type": "earnings_transcript",
        "published_date": "2012-02-23",
        "fiscal_date": "2012-02-23",
        "fiscal_year": 2011,
        "fiscal_quarter": 4,
        "r2_url": "https://pub-2c783279b61043e19fbdadd1bee5153a.r2.dev/MNST/2012-02-23/Monster%20Beverage%20Corporation_2012-02-23_transcript/Monster%20Beverage%20Corporation_2012-02-23_transcript.pdf/Monster%20Beverage%20Corporation_2012-02-23_transcript.pdf",
        "periodicity": "periodic"
    },
    {
        "equity_ticker": "MNST",
        "geography": "US",
        "content_name": "MNST Q3 2011 Transcript",
        "file_type": "pdf",
        "content_type": "earnings_transcript",
        "published_date": "2011-11-03",
        "fiscal_date": "2011-11-03",
        "fiscal_year": 2011,
        "fiscal_quarter": 3,
        "r2_url": "https://pub-2c783279b61043e19fbdadd1bee5153a.r2.dev/MNST/2011-11-03/Monster%20Beverage%20Corporation_2011-11-03_transcript/Monster%20Beverage%20Corporation_2011-11-03_transcript.pdf/Monster%20Beverage%20Corporation_2011-11-03_transcript.pdf",
        "periodicity": "periodic"
    },
    {
        "equity_ticker": "MNST",
        "geography": "US",
        "content_name": "MNST Q2 2011 Transcript",
        "file_type": "pdf",
        "content_type": "earnings_transcript",
        "published_date": "2011-08-04",
        "fiscal_date": "2011-08-04",
        "fiscal_year": 2011,
        "fiscal_quarter": 2,
        "r2_url": "https://pub-2c783279b61043e19fbdadd1bee5153a.r2.dev/MNST/2011-08-04/Monster%20Beverage%20Corporation_2011-08-04_transcript/Monster%20Beverage%20Corporation_2011-08-04_transcript.pdf/Monster%20Beverage%20Corporation_2011-08-04_transcript.pdf",
        "periodicity": "periodic"
    },
    {
        "equity_ticker": "MNST",
        "geography": "US",
        "content_name": "MNST Q1 2011 Transcript",
        "file_type": "pdf",
        "content_type": "earnings_transcript",
        "published_date": "2011-05-05",
        "fiscal_date": "2011-05-05",
        "fiscal_year": 2011,
        "fiscal_quarter": 1,
        "r2_url": "https://pub-2c783279b61043e19fbdadd1bee5153a.r2.dev/MNST/2011-05-05/Monster%20Beverage%20Corporation_2011-05-05_transcript/Monster%20Beverage%20Corporation_2011-05-05_transcript.pdf/Monster%20Beverage%20Corporation_2011-05-05_transcript.pdf",
        "periodicity": "periodic"
    },
    {
        "equity_ticker": "MNST",
        "geography": "US",
        "content_name": "MNST Q4 2010 Transcript",
        "file_type": "pdf",
        "content_type": "earnings_transcript",
        "published_date": "2011-02-24",
        "fiscal_date": "2011-02-24",
        "fiscal_year": 2010,
        "fiscal_quarter": 4,
        "r2_url": "https://pub-2c783279b61043e19fbdadd1bee5153a.r2.dev/MNST/2011-02-24/Monster%20Beverage%20Corporation_2011-02-24_transcript/Monster%20Beverage%20Corporation_2011-02-24_transcript.pdf/Monster%20Beverage%20Corporation_2011-02-24_transcript.pdf",
        "periodicity": "periodic"
    },
    {
        "equity_ticker": "MNST",
        "geography": "US",
        "content_name": "MNST Q3 2010 Transcript",
        "file_type": "pdf",
        "content_type": "earnings_transcript",
        "published_date": "2010-11-04",
        "fiscal_date": "2010-11-04",
        "fiscal_year": 2010,
        "fiscal_quarter": 3,
        "r2_url": "https://pub-2c783279b61043e19fbdadd1bee5153a.r2.dev/MNST/2010-11-04/Monster%20Beverage%20Corporation_2010-11-04_transcript/Monster%20Beverage%20Corporation_2010-11-04_transcript.pdf/Monster%20Beverage%20Corporation_2010-11-04_transcript.pdf",
        "periodicity": "periodic"
    },
    {
        "equity_ticker": "MNST",
        "geography": "US",
        "content_name": "MNST Q2 2010 Transcript",
        "file_type": "pdf",
        "content_type": "earnings_transcript",
        "published_date": "2010-08-05",
        "fiscal_date": "2010-08-05",
        "fiscal_year": 2010,
        "fiscal_quarter": 2,
        "r2_url": "https://pub-2c783279b61043e19fbdadd1bee5153a.r2.dev/MNST/2010-08-05/Monster%20Beverage%20Corporation_2010-08-05_transcript/Monster%20Beverage%20Corporation_2010-08-05_transcript.pdf/Monster%20Beverage%20Corporation_2010-08-05_transcript.pdf",
        "periodicity": "periodic"
    },
    {
        "equity_ticker": "MNST",
        "geography": "US",
        "content_name": "MNST Q1 2010 Transcript",
        "file_type": "pdf",
        "content_type": "earnings_transcript",
        "published_date": "2010-05-06",
        "fiscal_date": "2010-05-06",
        "fiscal_year": 2010,
        "fiscal_quarter": 1,
        "r2_url": "https://pub-2c783279b61043e19fbdadd1bee5153a.r2.dev/MNST/2010-05-06/Monster%20Beverage%20Corporation_2010-05-06_transcript/Monster%20Beverage%20Corporation_2010-05-06_transcript.pdf/Monster%20Beverage%20Corporation_2010-05-06_transcript.pdf",
        "periodicity": "periodic"
    },
    {
        "equity_ticker": "MNST",
        "geography": "US",
        "content_name": "MNST Q4 2009 Transcript",
        "file_type": "pdf",
        "content_type": "earnings_transcript",
        "published_date": "2010-02-25",
        "fiscal_date": "2010-02-25",
        "fiscal_year": 2009,
        "fiscal_quarter": 4,
        "r2_url": "https://pub-2c783279b61043e19fbdadd1bee5153a.r2.dev/MNST/2010-02-25/Monster%20Beverage%20Corporation_2010-02-25_transcript/Monster%20Beverage%20Corporation_2010-02-25_transcript.pdf/Monster%20Beverage%20Corporation_2010-02-25_transcript.pdf",
        "periodicity": "periodic"
    },
    {
        "equity_ticker": "MNST",
        "geography": "US",
        "content_name": "MNST Q3 2009 Transcript",
        "file_type": "pdf",
        "content_type": "earnings_transcript",
        "published_date": "2009-11-07",
        "fiscal_date": "2009-11-07",
        "fiscal_year": 2009,
        "fiscal_quarter": 3,
        "r2_url": "https://pub-2c783279b61043e19fbdadd1bee5153a.r2.dev/MNST/2009-11-07/Monster%20Beverage%20Corporation_2009-11-07_transcript/Monster%20Beverage%20Corporation_2009-11-07_transcript.pdf/Monster%20Beverage%20Corporation_2009-11-07_transcript.pdf",
        "periodicity": "periodic"
    },
    {
        "equity_ticker": "MNST",
        "geography": "US",
        "content_name": "MNST Q2 2009 Transcript",
        "file_type": "pdf",
        "content_type": "earnings_transcript",
        "published_date": "2009-08-06",
        "fiscal_date": "2009-08-06",
        "fiscal_year": 2009,
        "fiscal_quarter": 2,
        "r2_url": "https://pub-2c783279b61043e19fbdadd1bee5153a.r2.dev/MNST/2009-08-06/Monster%20Beverage%20Corporation_2009-08-06_transcript/Monster%20Beverage%20Corporation_2009-08-06_transcript.pdf/Monster%20Beverage%20Corporation_2009-08-06_transcript.pdf",
        "periodicity": "periodic"
    },
    {
        "equity_ticker": "MNST",
        "geography": "US",
        "content_name": "MNST Q4 2008 Transcript",
        "file_type": "pdf",
        "content_type": "earnings_transcript",
        "published_date": "2009-02-26",
        "fiscal_date": "2009-02-26",
        "fiscal_year": 2008,
        "fiscal_quarter": 4,
        "r2_url": "https://pub-2c783279b61043e19fbdadd1bee5153a.r2.dev/MNST/2009-02-26/Monster%20Beverage%20Corporation_2009-02-26_transcript/Monster%20Beverage%20Corporation_2009-02-26_transcript.pdf/Monster%20Beverage%20Corporation_2009-02-26_transcript.pdf",
        "periodicity": "periodic"
    },
    {
        "equity_ticker": "MNST",
        "geography": "US",
        "content_name": "MNST Q3 2008 Transcript",
        "file_type": "pdf",
        "content_type": "earnings_transcript",
        "published_date": "2008-11-06",
        "fiscal_date": "2008-11-06",
        "fiscal_year": 2008,
        "fiscal_quarter": 3,
        "r2_url": "https://pub-2c783279b61043e19fbdadd1bee5153a.r2.dev/MNST/2008-11-06/Monster%20Beverage%20Corporation_2008-11-06_transcript/Monster%20Beverage%20Corporation_2008-11-06_transcript.pdf/Monster%20Beverage%20Corporation_2008-11-06_transcript.pdf",
        "periodicity": "periodic"
    },
    {
        "equity_ticker": "MNST",
        "geography": "US",
        "content_name": "MNST Q2 2008 Transcript",
        "file_type": "pdf",
        "content_type": "earnings_transcript",
        "published_date": "2008-08-08",
        "fiscal_date": "2008-08-08",
        "fiscal_year": 2008,
        "fiscal_quarter": 2,
        "r2_url": "https://pub-2c783279b61043e19fbdadd1bee5153a.r2.dev/MNST/2008-08-08/Monster%20Beverage%20Corporation_2008-08-08_transcript/Monster%20Beverage%20Corporation_2008-08-08_transcript.pdf/Monster%20Beverage%20Corporation_2008-08-08_transcript.pdf",
        "periodicity": "periodic"
    },
    {
        "equity_ticker": "MNST",
        "geography": "US",
        "content_name": "MNST Q1 2008 Transcript",
        "file_type": "pdf",
        "content_type": "earnings_transcript",
        "published_date": "2008-05-07",
        "fiscal_date": "2008-05-07",
        "fiscal_year": 2008,
        "fiscal_quarter": 1,
        "r2_url": "https://pub-2c783279b61043e19fbdadd1bee5153a.r2.dev/MNST/2008-05-07/Monster%20Beverage%20Corporation_2008-05-07_transcript/Monster%20Beverage%20Corporation_2008-05-07_transcript.pdf/Monster%20Beverage%20Corporation_2008-05-07_transcript.pdf",
        "periodicity": "periodic"
    },
    {
        "equity_ticker": "MNST",
        "geography": "US",
        "content_name": "MNST Q4 2007 Transcript",
        "file_type": "pdf",
        "content_type": "earnings_transcript",
        "published_date": "2008-03-04",
        "fiscal_date": "2008-03-04",
        "fiscal_year": 2007,
        "fiscal_quarter": 4,
        "r2_url": "https://pub-2c783279b61043e19fbdadd1bee5153a.r2.dev/MNST/2008-03-04/Monster%20Beverage%20Corporation_2008-03-04_transcript/Monster%20Beverage%20Corporation_2008-03-04_transcript.pdf/Monster%20Beverage%20Corporation_2008-03-04_transcript.pdf",
        "periodicity": "periodic"
    },
    {
        "equity_ticker": "MNST",
        "geography": "US",
        "content_name": "MNST Q3 2007 Transcript",
        "file_type": "pdf",
        "content_type": "earnings_transcript",
        "published_date": "2007-11-09",
        "fiscal_date": "2007-11-09",
        "fiscal_year": 2007,
        "fiscal_quarter": 3,
        "r2_url": "https://pub-2c783279b61043e19fbdadd1bee5153a.r2.dev/MNST/2007-11-09/Monster%20Beverage%20Corporation_2007-11-09_transcript/Monster%20Beverage%20Corporation_2007-11-09_transcript.pdf/Monster%20Beverage%20Corporation_2007-11-09_transcript.pdf",
        "periodicity": "periodic"
    },
    {
        "equity_ticker": "MNST",
        "geography": "US",
        "content_name": "MNST Q2 2007 Transcript",
        "file_type": "pdf",
        "content_type": "earnings_transcript",
        "published_date": "2007-08-09",
        "fiscal_date": "2007-08-09",
        "fiscal_year": 2007,
        "fiscal_quarter": 2,
        "r2_url": "https://pub-2c783279b61043e19fbdadd1bee5153a.r2.dev/MNST/2007-08-09/Monster%20Beverage%20Corporation_2007-08-09_transcript/Monster%20Beverage%20Corporation_2007-08-09_transcript.pdf/Monster%20Beverage%20Corporation_2007-08-09_transcript.pdf",
        "periodicity": "periodic"
    }
]