[
  {
    "equity_ticker": "MNST",
    "geography": "US",
    "content_name": "MNST Q4 2024 10-K",
    "file_type": "pdf",
    "content_type": "annual_report",
    "published_date": "2025-02-28",
    "fiscal_date": "2024-12-31",
    "fiscal_year": 2024,
    "fiscal_quarter": 4,
    "r2_url": "https://pub-2c783279b61043e19fbdadd1bee5153a.r2.dev/MNST/2025-02-28/mnst-20241231x10k.htm/mnst-20241231x10k.pdf",
    "periodicity": "periodic"
  },
  {
    "equity_ticker": "MNST",
    "geography": "US",
    "content_name": "MNST Q3 2024 10-Q",
    "file_type": "pdf",
    "content_type": "quarterly_report",
    "published_date": "2024-11-07",
    "fiscal_date": "2024-09-30",
    "fiscal_year": 2024,
    "fiscal_quarter": 3,
    "r2_url": "https://pub-2c783279b61043e19fbdadd1bee5153a.r2.dev/MNST/2024-11-07/mnst-20240930x10q.htm/mnst-20240930x10q.pdf",
    "periodicity": "periodic"
  },
  {
    "equity_ticker": "MNST",
    "geography": "US",
    "content_name": "MNST Q2 2024 10-Q",
    "file_type": "pdf",
    "content_type": "quarterly_report",
    "published_date": "2024-08-08",
    "fiscal_date": "2024-06-30",
    "fiscal_year": 2024,
    "fiscal_quarter": 2,
    "r2_url": "https://pub-2c783279b61043e19fbdadd1bee5153a.r2.dev/MNST/2024-08-08/mnst-20240630x10q.htm/mnst-20240630x10q.pdf",
    "periodicity": "periodic"
  },
  {
    "equity_ticker": "MNST",
    "geography": "US",
    "content_name": "MNST Q1 2024 10-Q",
    "file_type": "pdf",
    "content_type": "quarterly_report",
    "published_date": "2024-05-07",
    "fiscal_date": "2024-03-31",
    "fiscal_year": 2024,
    "fiscal_quarter": 1,
    "r2_url": "https://pub-2c783279b61043e19fbdadd1bee5153a.r2.dev/MNST/2024-05-07/mnst-20240331x10q.htm/mnst-20240331x10q.pdf",
    "periodicity": "periodic"
  },
  {
    "equity_ticker": "MNST",
    "geography": "US",
    "content_name": "MNST Q4 2023 10-K",
    "file_type": "pdf",
    "content_type": "annual_report",
    "published_date": "2024-02-29",
    "fiscal_date": "2023-12-31",
    "fiscal_year": 2023,
    "fiscal_quarter": 4,
    "r2_url": "https://pub-2c783279b61043e19fbdadd1bee5153a.r2.dev/MNST/2024-02-29/mnst-20231231x10k.htm/mnst-20231231x10k.pdf",
    "periodicity": "periodic"
  },
  {
    "equity_ticker": "MNST",
    "geography": "US",
    "content_name": "MNST Q3 2023 10-Q",
    "file_type": "pdf",
    "content_type": "quarterly_report",
    "published_date": "2023-11-06",
    "fiscal_date": "2023-09-30",
    "fiscal_year": 2023,
    "fiscal_quarter": 3,
    "r2_url": "https://pub-2c783279b61043e19fbdadd1bee5153a.r2.dev/MNST/2023-11-06/mnst-20230930x10q.htm/mnst-20230930x10q.pdf",
    "periodicity": "periodic"
  },
  {
    "equity_ticker": "MNST",
    "geography": "US",
    "content_name": "MNST Q2 2023 10-Q",
    "file_type": "pdf",
    "content_type": "quarterly_report",
    "published_date": "2023-08-04",
    "fiscal_date": "2023-06-30",
    "fiscal_year": 2023,
    "fiscal_quarter": 2,
    "r2_url": "https://pub-2c783279b61043e19fbdadd1bee5153a.r2.dev/MNST/2023-08-04/mnst-20230630x10q.htm/mnst-20230630x10q.pdf",
    "periodicity": "periodic"
  },
  {
    "equity_ticker": "MNST",
    "geography": "US",
    "content_name": "MNST Q1 2023 10-Q",
    "file_type": "pdf",
    "content_type": "quarterly_report",
    "published_date": "2023-05-05",
    "fiscal_date": "2023-03-31",
    "fiscal_year": 2023,
    "fiscal_quarter": 1,
    "r2_url": "https://pub-2c783279b61043e19fbdadd1bee5153a.r2.dev/MNST/2023-05-05/mnst-20230331x10q.htm/mnst-20230331x10q.pdf",
    "periodicity": "periodic"
  },
  {
    "equity_ticker": "MNST",
    "geography": "US",
    "content_name": "MNST Q4 2022 10-K",
    "file_type": "pdf",
    "content_type": "annual_report",
    "published_date": "2023-03-01",
    "fiscal_date": "2022-12-31",
    "fiscal_year": 2022,
    "fiscal_quarter": 4,
    "r2_url": "https://pub-2c783279b61043e19fbdadd1bee5153a.r2.dev/MNST/2023-03-01/mnst-20221231x10k.htm/mnst-20221231x10k.pdf",
    "periodicity": "periodic"
  },
  {
    "equity_ticker": "MNST",
    "geography": "US",
    "content_name": "MNST Q3 2022 10-Q",
    "file_type": "pdf",
    "content_type": "quarterly_report",
    "published_date": "2022-11-04",
    "fiscal_date": "2022-09-30",
    "fiscal_year": 2022,
    "fiscal_quarter": 3,
    "r2_url": "https://pub-2c783279b61043e19fbdadd1bee5153a.r2.dev/MNST/2022-11-04/mnst-20220930x10q.htm/mnst-20220930x10q.pdf",
    "periodicity": "periodic"
  },
  {
    "equity_ticker": "MNST",
    "geography": "US",
    "content_name": "MNST Q2 2022 10-Q",
    "file_type": "pdf",
    "content_type": "quarterly_report",
    "published_date": "2022-08-05",
    "fiscal_date": "2022-06-30",
    "fiscal_year": 2022,
    "fiscal_quarter": 2,
    "r2_url": "https://pub-2c783279b61043e19fbdadd1bee5153a.r2.dev/MNST/2022-08-05/mnst-20220630x10q.htm/mnst-20220630x10q.pdf",
    "periodicity": "periodic"
  },
  {
    "equity_ticker": "MNST",
    "geography": "US",
    "content_name": "MNST Q1 2022 10-Q",
    "file_type": "pdf",
    "content_type": "quarterly_report",
    "published_date": "2022-05-06",
    "fiscal_date": "2022-03-31",
    "fiscal_year": 2022,
    "fiscal_quarter": 1,
    "r2_url": "https://pub-2c783279b61043e19fbdadd1bee5153a.r2.dev/MNST/2022-05-06/mnst-20220331x10q.htm/mnst-20220331x10q.pdf",
    "periodicity": "periodic"
  },
  {
    "equity_ticker": "MNST",
    "geography": "US",
    "content_name": "MNST Q4 2021 10-K",
    "file_type": "pdf",
    "content_type": "annual_report",
    "published_date": "2022-02-28",
    "fiscal_date": "2021-12-31",
    "fiscal_year": 2021,
    "fiscal_quarter": 4,
    "r2_url": "https://pub-2c783279b61043e19fbdadd1bee5153a.r2.dev/MNST/2022-02-28/mnst-20211231x10k.htm/mnst-20211231x10k.pdf",
    "periodicity": "periodic"
  },
  {
    "equity_ticker": "MNST",
    "geography": "US",
    "content_name": "MNST Q3 2021 10-Q",
    "file_type": "pdf",
    "content_type": "quarterly_report",
    "published_date": "2021-11-05",
    "fiscal_date": "2021-09-30",
    "fiscal_year": 2021,
    "fiscal_quarter": 3,
    "r2_url": "https://pub-2c783279b61043e19fbdadd1bee5153a.r2.dev/MNST/2021-11-05/mnst-20210930x10q.htm/mnst-20210930x10q.pdf",
    "periodicity": "periodic"
  },
  {
    "equity_ticker": "MNST",
    "geography": "US",
    "content_name": "MNST Q2 2021 10-Q",
    "file_type": "pdf",
    "content_type": "quarterly_report",
    "published_date": "2021-08-06",
    "fiscal_date": "2021-06-30",
    "fiscal_year": 2021,
    "fiscal_quarter": 2,
    "r2_url": "https://pub-2c783279b61043e19fbdadd1bee5153a.r2.dev/MNST/2021-08-06/mnst-20210630x10q.htm/mnst-20210630x10q.pdf",
    "periodicity": "periodic"
  },
  {
    "equity_ticker": "MNST",
    "geography": "US",
    "content_name": "MNST Q1 2021 10-Q",
    "file_type": "pdf",
    "content_type": "quarterly_report",
    "published_date": "2021-05-07",
    "fiscal_date": "2021-03-31",
    "fiscal_year": 2021,
    "fiscal_quarter": 1,
    "r2_url": "https://pub-2c783279b61043e19fbdadd1bee5153a.r2.dev/MNST/2021-05-07/mnst-20210331x10q.htm/mnst-20210331x10q.pdf",
    "periodicity": "periodic"
  },
  {
    "equity_ticker": "MNST",
    "geography": "US",
    "content_name": "MNST Q4 2020 10-K",
    "file_type": "pdf",
    "content_type": "annual_report",
    "published_date": "2021-03-01",
    "fiscal_date": "2020-12-31",
    "fiscal_year": 2020,
    "fiscal_quarter": 4,
    "r2_url": "https://pub-2c783279b61043e19fbdadd1bee5153a.r2.dev/MNST/2021-03-01/mnst-20201231x10k.htm/mnst-20201231x10k.pdf",
    "periodicity": "periodic"
  },
  {
    "equity_ticker": "MNST",
    "geography": "US",
    "content_name": "MNST Q3 2020 10-Q",
    "file_type": "pdf",
    "content_type": "quarterly_report",
    "published_date": "2020-11-06",
    "fiscal_date": "2020-09-30",
    "fiscal_year": 2020,
    "fiscal_quarter": 3,
    "r2_url": "https://pub-2c783279b61043e19fbdadd1bee5153a.r2.dev/MNST/2020-11-06/mnst-20200930x10q.htm/mnst-20200930x10q.pdf",
    "periodicity": "periodic"
  },
  {
    "equity_ticker": "MNST",
    "geography": "US",
    "content_name": "MNST Q2 2020 10-Q",
    "file_type": "pdf",
    "content_type": "quarterly_report",
    "published_date": "2020-08-06",
    "fiscal_date": "2020-06-30",
    "fiscal_year": 2020,
    "fiscal_quarter": 2,
    "r2_url": "https://pub-2c783279b61043e19fbdadd1bee5153a.r2.dev/MNST/2020-08-06/mnst-20200630x10q.htm/ix.pdf",
    "periodicity": "periodic"
  },
  {
    "equity_ticker": "MNST",
    "geography": "US",
    "content_name": "MNST Q1 2020 10-Q",
    "file_type": "pdf",
    "content_type": "quarterly_report",
    "published_date": "2020-05-08",
    "fiscal_date": "2020-03-31",
    "fiscal_year": 2020,
    "fiscal_quarter": 1,
    "r2_url": "https://pub-2c783279b61043e19fbdadd1bee5153a.r2.dev/MNST/2020-05-08/mnst-20200331x10q.htm/ix.pdf",
    "periodicity": "periodic"
  },
  {
    "equity_ticker": "MNST",
    "geography": "US",
    "content_name": "MNST Q4 2019 10-K",
    "file_type": "pdf",
    "content_type": "annual_report",
    "published_date": "2020-02-28",
    "fiscal_date": "2019-12-31",
    "fiscal_year": 2019,
    "fiscal_quarter": 4,
    "r2_url": "https://pub-2c783279b61043e19fbdadd1bee5153a.r2.dev/MNST/2020-02-28/mnst-20191231x10kb9432b.htm/ix.pdf",
    "periodicity": "periodic"
  },
  {
    "equity_ticker": "MNST",
    "geography": "US",
    "content_name": "MNST Q3 2019 10-Q",
    "file_type": "pdf",
    "content_type": "quarterly_report",
    "published_date": "2019-11-07",
    "fiscal_date": "2019-09-30",
    "fiscal_year": 2019,
    "fiscal_quarter": 3,
    "r2_url": "https://pub-2c783279b61043e19fbdadd1bee5153a.r2.dev/MNST/2019-11-07/mnst-20190930x10qd1f63d.htm/ix.pdf",
    "periodicity": "periodic"
  },
  {
    "equity_ticker": "MNST",
    "geography": "US",
    "content_name": "MNST Q2 2019 10-Q",
    "file_type": "pdf",
    "content_type": "quarterly_report",
    "published_date": "2019-08-08",
    "fiscal_date": "2019-06-30",
    "fiscal_year": 2019,
    "fiscal_quarter": 2,
    "r2_url": "https://pub-2c783279b61043e19fbdadd1bee5153a.r2.dev/MNST/2019-08-08/mnst-20190630x10q.htm/ix.pdf",
    "periodicity": "periodic"
  },
  {
    "equity_ticker": "MNST",
    "geography": "US",
    "content_name": "MNST Q1 2019 10-Q",
    "file_type": "pdf",
    "content_type": "quarterly_report",
    "published_date": "2019-05-03",
    "fiscal_date": "2019-03-31",
    "fiscal_year": 2019,
    "fiscal_quarter": 1,
    "r2_url": "https://pub-2c783279b61043e19fbdadd1bee5153a.r2.dev/MNST/2019-05-03/a19-7742_110q.htm/a19-7742_110q.pdf",
    "periodicity": "periodic"
  },
  {
    "equity_ticker": "MNST",
    "geography": "US",
    "content_name": "MNST Q4 2018 10-K",
    "file_type": "pdf",
    "content_type": "annual_report",
    "published_date": "2019-02-28",
    "fiscal_date": "2018-12-31",
    "fiscal_year": 2018,
    "fiscal_quarter": 4,
    "r2_url": "https://pub-2c783279b61043e19fbdadd1bee5153a.r2.dev/MNST/2019-02-28/a19-30117_110k.htm/a19-30117_110k.pdf",
    "periodicity": "periodic"
  },
  {
    "equity_ticker": "MNST",
    "geography": "US",
    "content_name": "MNST Q3 2018 10-Q",
    "file_type": "pdf",
    "content_type": "quarterly_report",
    "published_date": "2018-11-08",
    "fiscal_date": "2018-09-30",
    "fiscal_year": 2018,
    "fiscal_quarter": 3,
    "r2_url": "https://pub-2c783279b61043e19fbdadd1bee5153a.r2.dev/MNST/2018-11-08/a18-19036_110q.htm/a18-19036_110q.pdf",
    "periodicity": "periodic"
  },
  {
    "equity_ticker": "MNST",
    "geography": "US",
    "content_name": "MNST Q2 2018 10-Q",
    "file_type": "pdf",
    "content_type": "quarterly_report",
    "published_date": "2018-08-09",
    "fiscal_date": "2018-06-30",
    "fiscal_year": 2018,
    "fiscal_quarter": 2,
    "r2_url": "https://pub-2c783279b61043e19fbdadd1bee5153a.r2.dev/MNST/2018-08-09/a18-14096_110q.htm/a18-14096_110q.pdf",
    "periodicity": "periodic"
  },
  {
    "equity_ticker": "MNST",
    "geography": "US",
    "content_name": "MNST Q1 2018 10-Q",
    "file_type": "pdf",
    "content_type": "quarterly_report",
    "published_date": "2018-05-10",
    "fiscal_date": "2018-03-31",
    "fiscal_year": 2018,
    "fiscal_quarter": 1,
    "r2_url": "https://pub-2c783279b61043e19fbdadd1bee5153a.r2.dev/MNST/2018-05-10/a18-8672_110q.htm/a18-8672_110q.pdf",
    "periodicity": "periodic"
  },
  {
    "equity_ticker": "MNST",
    "geography": "US",
    "content_name": "MNST Q4 2017 10-K",
    "file_type": "pdf",
    "content_type": "annual_report",
    "published_date": "2018-03-01",
    "fiscal_date": "2017-12-31",
    "fiscal_year": 2017,
    "fiscal_quarter": 4,
    "r2_url": "https://pub-2c783279b61043e19fbdadd1bee5153a.r2.dev/MNST/2018-03-01/a18-1123_110k.htm/a18-1123_110k.pdf",
    "periodicity": "periodic"
  },
  {
    "equity_ticker": "MNST",
    "geography": "US",
    "content_name": "MNST Q3 2017 10-Q",
    "file_type": "pdf",
    "content_type": "quarterly_report",
    "published_date": "2017-11-08",
    "fiscal_date": "2017-09-30",
    "fiscal_year": 2017,
    "fiscal_quarter": 3,
    "r2_url": "https://pub-2c783279b61043e19fbdadd1bee5153a.r2.dev/MNST/2017-11-08/a17-20652_110q.htm/a17-20652_110q.pdf",
    "periodicity": "periodic"
  },
  {
    "equity_ticker": "MNST",
    "geography": "US",
    "content_name": "MNST Q2 2017 10-Q",
    "file_type": "pdf",
    "content_type": "quarterly_report",
    "published_date": "2017-08-08",
    "fiscal_date": "2017-06-30",
    "fiscal_year": 2017,
    "fiscal_quarter": 2,
    "r2_url": "https://pub-2c783279b61043e19fbdadd1bee5153a.r2.dev/MNST/2017-08-08/a17-13376_110q.htm/a17-13376_110q.pdf",
    "periodicity": "periodic"
  },
  {
    "equity_ticker": "MNST",
    "geography": "US",
    "content_name": "MNST Q1 2017 10-Q",
    "file_type": "pdf",
    "content_type": "quarterly_report",
    "published_date": "2017-05-05",
    "fiscal_date": "2017-03-31",
    "fiscal_year": 2017,
    "fiscal_quarter": 1,
    "r2_url": "https://pub-2c783279b61043e19fbdadd1bee5153a.r2.dev/MNST/2017-05-05/a17-8936_110q.htm/a17-8936_110q.pdf",
    "periodicity": "periodic"
  },
  {
    "equity_ticker": "MNST",
    "geography": "US",
    "content_name": "MNST Q4 2016 10-K",
    "file_type": "pdf",
    "content_type": "annual_report",
    "published_date": "2017-03-01",
    "fiscal_date": "2016-12-31",
    "fiscal_year": 2016,
    "fiscal_quarter": 4,
    "r2_url": "https://pub-2c783279b61043e19fbdadd1bee5153a.r2.dev/MNST/2017-03-01/a17-4132_110k.htm/a17-4132_110k.pdf",
    "periodicity": "periodic"
  },
  {
    "equity_ticker": "MNST",
    "geography": "US",
    "content_name": "MNST Q3 2016 10-Q",
    "file_type": "pdf",
    "content_type": "quarterly_report",
    "published_date": "2016-11-07",
    "fiscal_date": "2016-09-30",
    "fiscal_year": 2016,
    "fiscal_quarter": 3,
    "r2_url": "https://pub-2c783279b61043e19fbdadd1bee5153a.r2.dev/MNST/2016-11-07/a16-20895_110q.htm/a16-20895_110q.pdf",
    "periodicity": "periodic"
  },
  {
    "equity_ticker": "MNST",
    "geography": "US",
    "content_name": "MNST Q2 2016 10-Q",
    "file_type": "pdf",
    "content_type": "quarterly_report",
    "published_date": "2016-08-05",
    "fiscal_date": "2016-06-30",
    "fiscal_year": 2016,
    "fiscal_quarter": 2,
    "r2_url": "https://pub-2c783279b61043e19fbdadd1bee5153a.r2.dev/MNST/2016-08-05/a16-15122_110q.htm/a16-15122_110q.pdf",
    "periodicity": "periodic"
  },
  {
    "equity_ticker": "MNST",
    "geography": "US",
    "content_name": "MNST Q1 2016 10-Q",
    "file_type": "pdf",
    "content_type": "quarterly_report",
    "published_date": "2016-04-29",
    "fiscal_date": "2016-03-31",
    "fiscal_year": 2016,
    "fiscal_quarter": 1,
    "r2_url": "https://pub-2c783279b61043e19fbdadd1bee5153a.r2.dev/MNST/2016-04-29/a16-8977_110q.htm/a16-8977_110q.pdf",
    "periodicity": "periodic"
  },
  {
    "equity_ticker": "MNST",
    "geography": "US",
    "content_name": "MNST Q4 2015 10-K",
    "file_type": "pdf",
    "content_type": "annual_report",
    "published_date": "2016-02-29",
    "fiscal_date": "2015-12-31",
    "fiscal_year": 2015,
    "fiscal_quarter": 4,
    "r2_url": "https://pub-2c783279b61043e19fbdadd1bee5153a.r2.dev/MNST/2016-02-29/a15-23471_110k.htm/a15-23471_110k.pdf",
    "periodicity": "periodic"
  },
  {
    "equity_ticker": "MNST",
    "geography": "US",
    "content_name": "MNST Q3 2015 10-Q",
    "file_type": "pdf",
    "content_type": "quarterly_report",
    "published_date": "2015-11-06",
    "fiscal_date": "2015-09-30",
    "fiscal_year": 2015,
    "fiscal_quarter": 3,
    "r2_url": "https://pub-2c783279b61043e19fbdadd1bee5153a.r2.dev/MNST/2015-11-06/a15-17885_110q.htm/a15-17885_110q.pdf",
    "periodicity": "periodic"
  },
  {
    "equity_ticker": "MNST",
    "geography": "US",
    "content_name": "MNST Q2 2015 10-Q",
    "file_type": "pdf",
    "content_type": "quarterly_report",
    "published_date": "2015-08-10",
    "fiscal_date": "2015-06-30",
    "fiscal_year": 2015,
    "fiscal_quarter": 2,
    "r2_url": "https://pub-2c783279b61043e19fbdadd1bee5153a.r2.dev/MNST/2015-08-10/a15-11963_110q.htm/a15-11963_110q.pdf",
    "periodicity": "periodic"
  },
  {
    "equity_ticker": "MNST",
    "geography": "US",
    "content_name": "MNST Q1 2015 10-Q",
    "file_type": "pdf",
    "content_type": "quarterly_report",
    "published_date": "2015-05-11",
    "fiscal_date": "2015-03-31",
    "fiscal_year": 2015,
    "fiscal_quarter": 1,
    "r2_url": "https://pub-2c783279b61043e19fbdadd1bee5153a.r2.dev/MNST/2015-05-11/a15-7180_110q.htm/a15-7180_110q.pdf",
    "periodicity": "periodic"
  },
  {
    "equity_ticker": "MNST",
    "geography": "US",
    "content_name": "MNST Q4 2014 10-K",
    "file_type": "pdf",
    "content_type": "annual_report",
    "published_date": "2015-03-02",
    "fiscal_date": "2014-12-31",
    "fiscal_year": 2014,
    "fiscal_quarter": 4,
    "r2_url": "https://pub-2c783279b61043e19fbdadd1bee5153a.r2.dev/MNST/2015-03-02/a14-25746_110k.htm/a14-25746_110k.pdf",
    "periodicity": "periodic"
  },
  {
    "equity_ticker": "MNST",
    "geography": "US",
    "content_name": "MNST Q3 2014 10-Q",
    "file_type": "pdf",
    "content_type": "quarterly_report",
    "published_date": "2014-11-07",
    "fiscal_date": "2014-09-30",
    "fiscal_year": 2014,
    "fiscal_quarter": 3,
    "r2_url": "https://pub-2c783279b61043e19fbdadd1bee5153a.r2.dev/MNST/2014-11-07/a14-19746_110q.htm/a14-19746_110q.pdf",
    "periodicity": "periodic"
  },
  {
    "equity_ticker": "MNST",
    "geography": "US",
    "content_name": "MNST Q2 2014 10-Q",
    "file_type": "pdf",
    "content_type": "quarterly_report",
    "published_date": "2014-08-08",
    "fiscal_date": "2014-06-30",
    "fiscal_year": 2014,
    "fiscal_quarter": 2,
    "r2_url": "https://pub-2c783279b61043e19fbdadd1bee5153a.r2.dev/MNST/2014-08-08/a14-14019_110q.htm/a14-14019_110q.pdf",
    "periodicity": "periodic"
  },
  {
    "equity_ticker": "MNST",
    "geography": "US",
    "content_name": "MNST Q1 2014 10-Q",
    "file_type": "pdf",
    "content_type": "quarterly_report",
    "published_date": "2014-05-09",
    "fiscal_date": "2014-03-31",
    "fiscal_year": 2014,
    "fiscal_quarter": 1,
    "r2_url": "https://pub-2c783279b61043e19fbdadd1bee5153a.r2.dev/MNST/2014-05-09/a14-9556_110q.htm/a14-9556_110q.pdf",
    "periodicity": "periodic"
  },
  {
    "equity_ticker": "MNST",
    "geography": "US",
    "content_name": "MNST Q4 2013 10-K",
    "file_type": "pdf",
    "content_type": "annual_report",
    "published_date": "2014-03-03",
    "fiscal_date": "2013-12-31",
    "fiscal_year": 2013,
    "fiscal_quarter": 4,
    "r2_url": "https://pub-2c783279b61043e19fbdadd1bee5153a.r2.dev/MNST/2014-03-03/a14-2841_110k.htm/a14-2841_110k.pdf",
    "periodicity": "periodic"
  },
  {
    "equity_ticker": "MNST",
    "geography": "US",
    "content_name": "MNST Q3 2013 10-Q",
    "file_type": "pdf",
    "content_type": "quarterly_report",
    "published_date": "2013-11-08",
    "fiscal_date": "2013-09-30",
    "fiscal_year": 2013,
    "fiscal_quarter": 3,
    "r2_url": "https://pub-2c783279b61043e19fbdadd1bee5153a.r2.dev/MNST/2013-11-08/a13-18878_110q.htm/a13-18878_110q.pdf",
    "periodicity": "periodic"
  },
  {
    "equity_ticker": "MNST",
    "geography": "US",
    "content_name": "MNST Q2 2013 10-Q",
    "file_type": "pdf",
    "content_type": "quarterly_report",
    "published_date": "2013-08-09",
    "fiscal_date": "2013-06-30",
    "fiscal_year": 2013,
    "fiscal_quarter": 2,
    "r2_url": "https://pub-2c783279b61043e19fbdadd1bee5153a.r2.dev/MNST/2013-08-09/a13-13793_110q.htm/a13-13793_110q.pdf",
    "periodicity": "periodic"
  },
  {
    "equity_ticker": "MNST",
    "geography": "US",
    "content_name": "MNST Q1 2013 10-Q",
    "file_type": "pdf",
    "content_type": "quarterly_report",
    "published_date": "2013-05-10",
    "fiscal_date": "2013-03-31",
    "fiscal_year": 2013,
    "fiscal_quarter": 1,
    "r2_url": "https://pub-2c783279b61043e19fbdadd1bee5153a.r2.dev/MNST/2013-05-10/a13-8475_110q.htm/a13-8475_110q.pdf",
    "periodicity": "periodic"
  },
  {
    "equity_ticker": "MNST",
    "geography": "US",
    "content_name": "MNST Q4 2012 10-K",
    "file_type": "pdf",
    "content_type": "annual_report",
    "published_date": "2013-03-01",
    "fiscal_date": "2012-12-31",
    "fiscal_year": 2012,
    "fiscal_quarter": 4,
    "r2_url": "https://pub-2c783279b61043e19fbdadd1bee5153a.r2.dev/MNST/2013-03-01/a12-27759_110k.htm/a12-27759_110k.pdf",
    "periodicity": "periodic"
  },
  {
    "equity_ticker": "MNST",
    "geography": "US",
    "content_name": "MNST Q3 2012 10-Q",
    "file_type": "pdf",
    "content_type": "quarterly_report",
    "published_date": "2012-11-09",
    "fiscal_date": "2012-09-30",
    "fiscal_year": 2012,
    "fiscal_quarter": 3,
    "r2_url": "https://pub-2c783279b61043e19fbdadd1bee5153a.r2.dev/MNST/2012-11-09/a12-19968_110q.htm/a12-19968_110q.pdf",
    "periodicity": "periodic"
  },
  {
    "equity_ticker": "MNST",
    "geography": "US",
    "content_name": "MNST Q2 2012 10-Q",
    "file_type": "pdf",
    "content_type": "quarterly_report",
    "published_date": "2012-08-09",
    "fiscal_date": "2012-06-30",
    "fiscal_year": 2012,
    "fiscal_quarter": 2,
    "r2_url": "https://pub-2c783279b61043e19fbdadd1bee5153a.r2.dev/MNST/2012-08-09/a12-13809_110q.htm/a12-13809_110q.pdf",
    "periodicity": "periodic"
  },
  {
    "equity_ticker": "MNST",
    "geography": "US",
    "content_name": "MNST Q1 2012 10-Q",
    "file_type": "pdf",
    "content_type": "quarterly_report",
    "published_date": "2012-05-10",
    "fiscal_date": "2012-03-31",
    "fiscal_year": 2012,
    "fiscal_quarter": 1,
    "r2_url": "https://pub-2c783279b61043e19fbdadd1bee5153a.r2.dev/MNST/2012-05-10/a12-8615_110q.htm/a12-8615_110q.pdf",
    "periodicity": "periodic"
  },
  {
    "equity_ticker": "MNST",
    "geography": "US",
    "content_name": "MNST Q4 2011 10-K",
    "file_type": "pdf",
    "content_type": "annual_report",
    "published_date": "2012-02-29",
    "fiscal_date": "2011-12-31",
    "fiscal_year": 2011,
    "fiscal_quarter": 4,
    "r2_url": "https://pub-2c783279b61043e19fbdadd1bee5153a.r2.dev/MNST/2012-02-29/a12-1309_110k.htm/a12-1309_110k.pdf",
    "periodicity": "periodic"
  },
  {
    "equity_ticker": "MNST",
    "geography": "US",
    "content_name": "MNST Q3 2011 10-Q",
    "file_type": "pdf",
    "content_type": "quarterly_report",
    "published_date": "2011-11-09",
    "fiscal_date": "2011-09-30",
    "fiscal_year": 2011,
    "fiscal_quarter": 3,
    "r2_url": "https://pub-2c783279b61043e19fbdadd1bee5153a.r2.dev/MNST/2011-11-09/a11-25577_110q.htm/a11-25577_110q.pdf",
    "periodicity": "periodic"
  },
  {
    "equity_ticker": "MNST",
    "geography": "US",
    "content_name": "MNST Q2 2011 10-Q",
    "file_type": "pdf",
    "content_type": "quarterly_report",
    "published_date": "2011-08-09",
    "fiscal_date": "2011-06-30",
    "fiscal_year": 2011,
    "fiscal_quarter": 2,
    "r2_url": "https://pub-2c783279b61043e19fbdadd1bee5153a.r2.dev/MNST/2011-08-09/a11-12791_110q.htm/a11-12791_110q.pdf",
    "periodicity": "periodic"
  },
  {
    "equity_ticker": "MNST",
    "geography": "US",
    "content_name": "MNST Q1 2011 10-Q",
    "file_type": "pdf",
    "content_type": "quarterly_report",
    "published_date": "2011-05-10",
    "fiscal_date": "2011-03-31",
    "fiscal_year": 2011,
    "fiscal_quarter": 1,
    "r2_url": "https://pub-2c783279b61043e19fbdadd1bee5153a.r2.dev/MNST/2011-05-10/a11-8410_110q.htm/a11-8410_110q.pdf",
    "periodicity": "periodic"
  },
  {
    "equity_ticker": "MNST",
    "geography": "US",
    "content_name": "MNST Q4 2010 10-K",
    "file_type": "pdf",
    "content_type": "annual_report",
    "published_date": "2011-03-01",
    "fiscal_date": "2010-12-31",
    "fiscal_year": 2010,
    "fiscal_quarter": 4,
    "r2_url": "https://pub-2c783279b61043e19fbdadd1bee5153a.r2.dev/MNST/2011-03-01/a11-2375_110k.htm/a11-2375_110k.pdf",
    "periodicity": "periodic"
  },
  {
    "equity_ticker": "MNST",
    "geography": "US",
    "content_name": "MNST Q3 2010 10-Q",
    "file_type": "pdf",
    "content_type": "quarterly_report",
    "published_date": "2010-11-09",
    "fiscal_date": "2010-09-30",
    "fiscal_year": 2010,
    "fiscal_quarter": 3,
    "r2_url": "https://pub-2c783279b61043e19fbdadd1bee5153a.r2.dev/MNST/2010-11-09/a10-17255_110q.htm/a10-17255_110q.pdf",
    "periodicity": "periodic"
  },
  {
    "equity_ticker": "MNST",
    "geography": "US",
    "content_name": "MNST Q2 2010 10-Q",
    "file_type": "pdf",
    "content_type": "quarterly_report",
    "published_date": "2010-08-09",
    "fiscal_date": "2010-06-30",
    "fiscal_year": 2010,
    "fiscal_quarter": 2,
    "r2_url": "https://pub-2c783279b61043e19fbdadd1bee5153a.r2.dev/MNST/2010-08-09/a10-12411_110q.htm/a10-12411_110q.pdf",
    "periodicity": "periodic"
  },
  {
    "equity_ticker": "MNST",
    "geography": "US",
    "content_name": "MNST Q1 2010 10-Q",
    "file_type": "pdf",
    "content_type": "quarterly_report",
    "published_date": "2010-05-10",
    "fiscal_date": "2010-03-31",
    "fiscal_year": 2010,
    "fiscal_quarter": 1,
    "r2_url": "https://pub-2c783279b61043e19fbdadd1bee5153a.r2.dev/MNST/2010-05-10/a10-6054_110q.htm/a10-6054_110q.pdf",
    "periodicity": "periodic"
  },
  {
    "equity_ticker": "MNST",
    "geography": "US",
    "content_name": "MNST Q4 2009 10-K",
    "file_type": "pdf",
    "content_type": "annual_report",
    "published_date": "2010-03-01",
    "fiscal_date": "2009-12-31",
    "fiscal_year": 2009,
    "fiscal_quarter": 4,
    "r2_url": "https://pub-2c783279b61043e19fbdadd1bee5153a.r2.dev/MNST/2010-03-01/a10-1407_110k.htm/a10-1407_110k.pdf",
    "periodicity": "periodic"
  },
  {
    "equity_ticker": "MNST",
    "geography": "US",
    "content_name": "MNST Q3 2009 10-Q",
    "file_type": "pdf",
    "content_type": "quarterly_report",
    "published_date": "2009-11-09",
    "fiscal_date": "2009-09-30",
    "fiscal_year": 2009,
    "fiscal_quarter": 3,
    "r2_url": "https://pub-2c783279b61043e19fbdadd1bee5153a.r2.dev/MNST/2009-11-09/a09-31120_110q.htm/a09-31120_110q.pdf",
    "periodicity": "periodic"
  },
  {
    "equity_ticker": "MNST",
    "geography": "US",
    "content_name": "MNST Q2 2009 10-Q",
    "file_type": "pdf",
    "content_type": "quarterly_report",
    "published_date": "2009-08-10",
    "fiscal_date": "2009-06-30",
    "fiscal_year": 2009,
    "fiscal_quarter": 2,
    "r2_url": "https://pub-2c783279b61043e19fbdadd1bee5153a.r2.dev/MNST/2009-08-10/a09-18791_110q.htm/a09-18791_110q.pdf",
    "periodicity": "periodic"
  },
  {
    "equity_ticker": "MNST",
    "geography": "US",
    "content_name": "MNST Q1 2009 10-Q",
    "file_type": "pdf",
    "content_type": "quarterly_report",
    "published_date": "2009-05-11",
    "fiscal_date": "2009-03-31",
    "fiscal_year": 2009,
    "fiscal_quarter": 1,
    "r2_url": "https://pub-2c783279b61043e19fbdadd1bee5153a.r2.dev/MNST/2009-05-11/a09-11457_110q.htm/a09-11457_110q.pdf",
    "periodicity": "periodic"
  },
  {
    "equity_ticker": "MNST",
    "geography": "US",
    "content_name": "MNST Q4 2008 10-K",
    "file_type": "pdf",
    "content_type": "annual_report",
    "published_date": "2009-03-02",
    "fiscal_date": "2008-12-31",
    "fiscal_year": 2008,
    "fiscal_quarter": 4,
    "r2_url": "https://pub-2c783279b61043e19fbdadd1bee5153a.r2.dev/MNST/2009-03-02/a09-6007_110k.htm/a09-6007_110k.pdf",
    "periodicity": "periodic"
  },
  {
    "equity_ticker": "MNST",
    "geography": "US",
    "content_name": "MNST Q3 2008 10-Q",
    "file_type": "pdf",
    "content_type": "quarterly_report",
    "published_date": "2008-11-10",
    "fiscal_date": "2008-09-30",
    "fiscal_year": 2008,
    "fiscal_quarter": 3,
    "r2_url": "https://pub-2c783279b61043e19fbdadd1bee5153a.r2.dev/MNST/2008-11-10/a08-25817_110q.htm/a08-25817_110q.pdf",
    "periodicity": "periodic"
  },
  {
    "equity_ticker": "MNST",
    "geography": "US",
    "content_name": "MNST Q2 2008 10-Q",
    "file_type": "pdf",
    "content_type": "quarterly_report",
    "published_date": "2008-08-11",
    "fiscal_date": "2008-06-30",
    "fiscal_year": 2008,
    "fiscal_quarter": 2,
    "r2_url": "https://pub-2c783279b61043e19fbdadd1bee5153a.r2.dev/MNST/2008-08-11/a08-19215_110q.htm/a08-19215_110q.pdf",
    "periodicity": "periodic"
  },
  {
    "equity_ticker": "MNST",
    "geography": "US",
    "content_name": "MNST Q1 2008 10-Q",
    "file_type": "pdf",
    "content_type": "quarterly_report",
    "published_date": "2008-05-12",
    "fiscal_date": "2008-03-31",
    "fiscal_year": 2008,
    "fiscal_quarter": 1,
    "r2_url": "https://pub-2c783279b61043e19fbdadd1bee5153a.r2.dev/MNST/2008-05-12/a08-14015_210q.htm/a08-14015_210q.pdf",
    "periodicity": "periodic"
  },
  {
    "equity_ticker": "MNST",
    "geography": "US",
    "content_name": "MNST Q4 2007 10-K",
    "file_type": "pdf",
    "content_type": "annual_report",
    "published_date": "2008-02-29",
    "fiscal_date": "2007-12-31",
    "fiscal_year": 2007,
    "fiscal_quarter": 4,
    "r2_url": "https://pub-2c783279b61043e19fbdadd1bee5153a.r2.dev/MNST/2008-02-29/k123107a.htm/k123107a.pdf",
    "periodicity": "periodic"
  },
  {
    "equity_ticker": "MNST",
    "geography": "US",
    "content_name": "MNST Q3 2007 10-Q",
    "file_type": "pdf",
    "content_type": "quarterly_report",
    "published_date": "2007-11-09",
    "fiscal_date": "2007-09-30",
    "fiscal_year": 2007,
    "fiscal_quarter": 3,
    "r2_url": "https://pub-2c783279b61043e19fbdadd1bee5153a.r2.dev/MNST/2007-11-09/q093007.htm/q093007.pdf",
    "periodicity": "periodic"
  },
  {
    "equity_ticker": "MNST",
    "geography": "US",
    "content_name": "MNST Q2 2007 10-Q",
    "file_type": "pdf",
    "content_type": "quarterly_report",
    "published_date": "2007-08-09",
    "fiscal_date": "2007-06-30",
    "fiscal_year": 2007,
    "fiscal_quarter": 2,
    "r2_url": "https://pub-2c783279b61043e19fbdadd1bee5153a.r2.dev/MNST/2007-08-09/q063007.htm/q063007.pdf",
    "periodicity": "periodic"
  },
  {
    "equity_ticker": "MNST",
    "geography": "US",
    "content_name": "MNST Q1 2007 10-Q",
    "file_type": "pdf",
    "content_type": "quarterly_report",
    "published_date": "2007-06-19",
    "fiscal_date": "2007-03-31",
    "fiscal_year": 2007,
    "fiscal_quarter": 1,
    "r2_url": "https://pub-2c783279b61043e19fbdadd1bee5153a.r2.dev/MNST/2007-06-19/q033107.htm/q033107.pdf",
    "periodicity": "periodic"
  },
  {
    "equity_ticker": "MNST",
    "geography": "US",
    "content_name": "MNST Q4 2006 10-K",
    "file_type": "pdf",
    "content_type": "annual_report",
    "published_date": "2007-06-06",
    "fiscal_date": "2006-12-31",
    "fiscal_year": 2006,
    "fiscal_quarter": 4,
    "r2_url": "https://pub-2c783279b61043e19fbdadd1bee5153a.r2.dev/MNST/2007-06-06/a07-15843_110k.htm/a07-15843_110k.pdf",
    "periodicity": "periodic"
  },
  {
    "equity_ticker": "MNST",
    "geography": "US",
    "content_name": "MNST Q3 2006 10-Q",
    "file_type": "pdf",
    "content_type": "quarterly_report",
    "published_date": "2007-05-14",
    "fiscal_date": "2006-09-30",
    "fiscal_year": 2006,
    "fiscal_quarter": 3,
    "r2_url": "https://pub-2c783279b61043e19fbdadd1bee5153a.r2.dev/MNST/2007-05-14/q093006.htm/q093006.pdf",
    "periodicity": "periodic"
  },
  {
    "equity_ticker": "MNST",
    "geography": "US",
    "content_name": "MNST Q2 2006 10-Q",
    "file_type": "pdf",
    "content_type": "quarterly_report",
    "published_date": "2006-08-09",
    "fiscal_date": "2006-06-30",
    "fiscal_year": 2006,
    "fiscal_quarter": 2,
    "r2_url": "https://pub-2c783279b61043e19fbdadd1bee5153a.r2.dev/MNST/2006-08-09/q63006c.htm/q63006c.pdf",
    "periodicity": "periodic"
  },
  {
    "equity_ticker": "MNST",
    "geography": "US",
    "content_name": "MNST Q1 2006 10-Q",
    "file_type": "pdf",
    "content_type": "quarterly_report",
    "published_date": "2006-05-10",
    "fiscal_date": "2006-03-31",
    "fiscal_year": 2006,
    "fiscal_quarter": 1,
    "r2_url": "https://pub-2c783279b61043e19fbdadd1bee5153a.r2.dev/MNST/2006-05-10/q033106.htm/q033106.pdf",
    "periodicity": "periodic"
  },
  {
    "equity_ticker": "MNST",
    "geography": "US",
    "content_name": "MNST Q4 2005 10-K",
    "file_type": "pdf",
    "content_type": "annual_report",
    "published_date": "2006-03-15",
    "fiscal_date": "2005-12-31",
    "fiscal_year": 2005,
    "fiscal_quarter": 4,
    "r2_url": "https://pub-2c783279b61043e19fbdadd1bee5153a.r2.dev/MNST/2006-03-15/k123005b.txt/k123005b.pdf",
    "periodicity": "periodic"
  },
  {
    "equity_ticker": "MNST",
    "geography": "US",
    "content_name": "MNST Q3 2005 10-Q",
    "file_type": "pdf",
    "content_type": "quarterly_report",
    "published_date": "2005-11-09",
    "fiscal_date": "2005-09-30",
    "fiscal_year": 2005,
    "fiscal_quarter": 3,
    "r2_url": "https://pub-2c783279b61043e19fbdadd1bee5153a.r2.dev/MNST/2005-11-09/q093005.txt/q093005.pdf",
    "periodicity": "periodic"
  },
  {
    "equity_ticker": "MNST",
    "geography": "US",
    "content_name": "MNST Q2 2005 10-Q",
    "file_type": "pdf",
    "content_type": "quarterly_report",
    "published_date": "2005-08-09",
    "fiscal_date": "2005-06-30",
    "fiscal_year": 2005,
    "fiscal_quarter": 2,
    "r2_url": "https://pub-2c783279b61043e19fbdadd1bee5153a.r2.dev/MNST/2005-08-09/q063005.txt/q063005.pdf",
    "periodicity": "periodic"
  },
  {
    "equity_ticker": "MNST",
    "geography": "US",
    "content_name": "MNST Q1 2005 10-Q",
    "file_type": "pdf",
    "content_type": "quarterly_report",
    "published_date": "2005-05-10",
    "fiscal_date": "2005-03-31",
    "fiscal_year": 2005,
    "fiscal_quarter": 1,
    "r2_url": "https://pub-2c783279b61043e19fbdadd1bee5153a.r2.dev/MNST/2005-05-10/q033105.txt/q033105.pdf",
    "periodicity": "periodic"
  },
  {
    "equity_ticker": "MNST",
    "geography": "US",
    "content_name": "MNST Q4 2004 10-K",
    "file_type": "pdf",
    "content_type": "annual_report",
    "published_date": "2005-03-16",
    "fiscal_date": "2004-12-31",
    "fiscal_year": 2004,
    "fiscal_quarter": 4,
    "r2_url": "https://pub-2c783279b61043e19fbdadd1bee5153a.r2.dev/MNST/2005-03-16/k123104.txt/k123104.pdf",
    "periodicity": "periodic"
  },
  {
    "equity_ticker": "MNST",
    "geography": "US",
    "content_name": "MNST Q3 2004 10-Q",
    "file_type": "pdf",
    "content_type": "quarterly_report",
    "published_date": "2004-11-15",
    "fiscal_date": "2004-09-30",
    "fiscal_year": 2004,
    "fiscal_quarter": 3,
    "r2_url": "https://pub-2c783279b61043e19fbdadd1bee5153a.r2.dev/MNST/2004-11-15/q093004.txt/q093004.pdf",
    "periodicity": "periodic"
  },
  {
    "equity_ticker": "MNST",
    "geography": "US",
    "content_name": "MNST Q2 2004 10-Q",
    "file_type": "pdf",
    "content_type": "quarterly_report",
    "published_date": "2004-08-13",
    "fiscal_date": "2004-06-30",
    "fiscal_year": 2004,
    "fiscal_quarter": 2,
    "r2_url": "https://pub-2c783279b61043e19fbdadd1bee5153a.r2.dev/MNST/2004-08-13/qdocument063004.txt/qdocument063004.pdf",
    "periodicity": "periodic"
  },
  {
    "equity_ticker": "MNST",
    "geography": "US",
    "content_name": "MNST Q1 2004 10-Q",
    "file_type": "pdf",
    "content_type": "quarterly_report",
    "published_date": "2004-05-14",
    "fiscal_date": "2004-03-31",
    "fiscal_year": 2004,
    "fiscal_quarter": 1,
    "r2_url": "https://pub-2c783279b61043e19fbdadd1bee5153a.r2.dev/MNST/2004-05-14/q10033104.txt/q10033104.pdf",
    "periodicity": "periodic"
  },
  {
    "equity_ticker": "MNST",
    "geography": "US",
    "content_name": "MNST Q4 2003 10-K",
    "file_type": "pdf",
    "content_type": "annual_report",
    "published_date": "2004-03-30",
    "fiscal_date": "2003-12-31",
    "fiscal_year": 2003,
    "fiscal_quarter": 4,
    "r2_url": "https://pub-2c783279b61043e19fbdadd1bee5153a.r2.dev/MNST/2004-03-30/k123103.txt/k123103.pdf",
    "periodicity": "periodic"
  },
  {
    "equity_ticker": "MNST",
    "geography": "US",
    "content_name": "MNST Q3 2003 10-Q",
    "file_type": "pdf",
    "content_type": "quarterly_report",
    "published_date": "2003-11-14",
    "fiscal_date": "2003-09-30",
    "fiscal_year": 2003,
    "fiscal_quarter": 3,
    "r2_url": "https://pub-2c783279b61043e19fbdadd1bee5153a.r2.dev/MNST/2003-11-14/q093003.txt/q093003.pdf",
    "periodicity": "periodic"
  },
  {
    "equity_ticker": "MNST",
    "geography": "US",
    "content_name": "MNST Q2 2003 10-Q",
    "file_type": "pdf",
    "content_type": "quarterly_report",
    "published_date": "2003-08-14",
    "fiscal_date": "2003-06-30",
    "fiscal_year": 2003,
    "fiscal_quarter": 2,
    "r2_url": "https://pub-2c783279b61043e19fbdadd1bee5153a.r2.dev/MNST/2003-08-14/q063003a.txt/q063003a.pdf",
    "periodicity": "periodic"
  },
  {
    "equity_ticker": "MNST",
    "geography": "US",
    "content_name": "MNST Q1 2003 10-Q",
    "file_type": "pdf",
    "content_type": "quarterly_report",
    "published_date": "2003-05-14",
    "fiscal_date": "2003-03-31",
    "fiscal_year": 2003,
    "fiscal_quarter": 1,
    "r2_url": "https://pub-2c783279b61043e19fbdadd1bee5153a.r2.dev/MNST/2003-05-14/q033103.txt/q033103.pdf",
    "periodicity": "periodic"
  },
  {
    "equity_ticker": "MNST",
    "geography": "US",
    "content_name": "MNST Q4 2002 10-K",
    "file_type": "pdf",
    "content_type": "annual_report",
    "published_date": "2003-03-31",
    "fiscal_date": "2002-12-31",
    "fiscal_year": 2002,
    "fiscal_quarter": 4,
    "r2_url": "https://pub-2c783279b61043e19fbdadd1bee5153a.r2.dev/MNST/2003-03-31/k10.txt/k10.pdf",
    "periodicity": "periodic"
  },
  {
    "equity_ticker": "MNST",
    "geography": "US",
    "content_name": "MNST Q3 2002 10-Q",
    "file_type": "pdf",
    "content_type": "quarterly_report",
    "published_date": "2002-11-14",
    "fiscal_date": "2002-09-30",
    "fiscal_year": 2002,
    "fiscal_quarter": 3,
    "r2_url": "https://pub-2c783279b61043e19fbdadd1bee5153a.r2.dev/MNST/2002-11-14/q093002.txt/q093002.pdf",
    "periodicity": "periodic"
  },
  {
    "equity_ticker": "MNST",
    "geography": "US",
    "content_name": "MNST Q2 2002 10-Q",
    "file_type": "pdf",
    "content_type": "quarterly_report",
    "published_date": "2002-08-14",
    "fiscal_date": "2002-06-30",
    "fiscal_year": 2002,
    "fiscal_quarter": 2,
    "r2_url": "https://pub-2c783279b61043e19fbdadd1bee5153a.r2.dev/MNST/2002-08-14/q063002.txt/q063002.pdf",
    "periodicity": "periodic"
  },
  {
    "equity_ticker": "MNST",
    "geography": "US",
    "content_name": "MNST Q1 2002 10-Q",
    "file_type": "pdf",
    "content_type": "quarterly_report",
    "published_date": "2002-05-15",
    "fiscal_date": "2002-03-31",
    "fiscal_year": 2002,
    "fiscal_quarter": 1,
    "r2_url": "https://pub-2c783279b61043e19fbdadd1bee5153a.r2.dev/MNST/2002-05-15/q033102.txt/q033102.pdf",
    "periodicity": "periodic"
  },
  {
    "equity_ticker": "MNST",
    "geography": "US",
    "content_name": "MNST Q4 2001 10-K",
    "file_type": "pdf",
    "content_type": "annual_report",
    "published_date": "2002-03-29",
    "fiscal_date": "2001-12-31",
    "fiscal_year": 2001,
    "fiscal_quarter": 4,
    "r2_url": "https://pub-2c783279b61043e19fbdadd1bee5153a.r2.dev/MNST/2002-03-29/fs123101a.txt/fs123101a.pdf",
    "periodicity": "periodic"
  },
  {
    "equity_ticker": "MNST",
    "geography": "US",
    "content_name": "MNST Q3 2001 10-Q",
    "file_type": "pdf",
    "content_type": "quarterly_report",
    "published_date": "2001-11-09",
    "fiscal_date": "2001-09-30",
    "fiscal_year": 2001,
    "fiscal_quarter": 3,
    "r2_url": "https://pub-2c783279b61043e19fbdadd1bee5153a.r2.dev/MNST/2001-11-09/q093001.txt/q093001.pdf",
    "periodicity": "periodic"
  },
  {
    "equity_ticker": "MNST",
    "geography": "US",
    "content_name": "MNST Q2 2001 10-Q",
    "file_type": "pdf",
    "content_type": "quarterly_report",
    "published_date": "2001-08-14",
    "fiscal_date": "2001-06-30",
    "fiscal_year": 2001,
    "fiscal_quarter": 2,
    "r2_url": "https://pub-2c783279b61043e19fbdadd1bee5153a.r2.dev/MNST/2001-08-14/q063001.txt/q063001.pdf",
    "periodicity": "periodic"
  },
  {
    "equity_ticker": "MNST",
    "geography": "US",
    "content_name": "MNST Q1 2001 10-Q",
    "file_type": "pdf",
    "content_type": "quarterly_report",
    "published_date": "2001-05-09",
    "fiscal_date": "2001-03-31",
    "fiscal_year": 2001,
    "fiscal_quarter": 1,
    "r2_url": "https://pub-2c783279b61043e19fbdadd1bee5153a.r2.dev/MNST/2001-05-09/q033101a.txt/q033101a.pdf",
    "periodicity": "periodic"
  },
  {
    "equity_ticker": "MNST",
    "geography": "US",
    "content_name": "MNST Q4 2000 10-K",
    "file_type": "pdf",
    "content_type": "annual_report",
    "published_date": "2001-03-30",
    "fiscal_date": "2000-12-31",
    "fiscal_year": 2000,
    "fiscal_quarter": 4,
    "r2_url": "https://pub-2c783279b61043e19fbdadd1bee5153a.r2.dev/MNST/2001-03-30/0000865752-01-000004-0001.txt/0000865752-01-000004-0001.pdf",
    "periodicity": "periodic"
  },
  {
    "equity_ticker": "MNST",
    "geography": "US",
    "content_name": "MNST Q3 2000 10-Q",
    "file_type": "pdf",
    "content_type": "quarterly_report",
    "published_date": "2000-11-09",
    "fiscal_date": "2000-09-30",
    "fiscal_year": 2000,
    "fiscal_quarter": 3,
    "r2_url": "https://pub-2c783279b61043e19fbdadd1bee5153a.r2.dev/MNST/2000-11-09/0000865752-00-000018-0001.txt/0000865752-00-000018-0001.pdf",
    "periodicity": "periodic"
  },
  {
    "equity_ticker": "MNST",
    "geography": "US",
    "content_name": "MNST Q2 2000 10-Q",
    "file_type": "pdf",
    "content_type": "quarterly_report",
    "published_date": "2000-08-09",
    "fiscal_date": "2000-06-30",
    "fiscal_year": 2000,
    "fiscal_quarter": 2,
    "r2_url": "https://pub-2c783279b61043e19fbdadd1bee5153a.r2.dev/MNST/2000-08-09/0000865752-00-000007-0001.txt/0000865752-00-000007-0001.pdf",
    "periodicity": "periodic"
  },
  {
    "equity_ticker": "MNST",
    "geography": "US",
    "content_name": "MNST Q1 2000 10-Q",
    "file_type": "pdf",
    "content_type": "quarterly_report",
    "published_date": "2000-05-15",
    "fiscal_date": "2000-03-31",
    "fiscal_year": 2000,
    "fiscal_quarter": 1,
    "r2_url": "https://pub-2c783279b61043e19fbdadd1bee5153a.r2.dev/MNST/2000-05-15/.pdf",
    "periodicity": "periodic"
  },
  {
    "equity_ticker": "MNST",
    "geography": "US",
    "content_name": "MNST Q4 1999 10-K",
    "file_type": "pdf",
    "content_type": "annual_report",
    "published_date": "2000-03-30",
    "fiscal_date": "1999-12-31",
    "fiscal_year": 1999,
    "fiscal_quarter": 4,
    "r2_url": "https://pub-2c783279b61043e19fbdadd1bee5153a.r2.dev/MNST/2000-03-30/.pdf",
    "periodicity": "periodic"
  },
  {
    "equity_ticker": "MNST",
    "geography": "US",
    "content_name": "MNST Q3 1999 10-Q",
    "file_type": "pdf",
    "content_type": "quarterly_report",
    "published_date": "1999-11-15",
    "fiscal_date": "1999-09-30",
    "fiscal_year": 1999,
    "fiscal_quarter": 3,
    "r2_url": "https://pub-2c783279b61043e19fbdadd1bee5153a.r2.dev/MNST/1999-11-15/.pdf",
    "periodicity": "periodic"
  },
  {
    "equity_ticker": "MNST",
    "geography": "US",
    "content_name": "MNST Q2 1999 10-Q",
    "file_type": "pdf",
    "content_type": "quarterly_report",
    "published_date": "1999-08-16",
    "fiscal_date": "1999-06-30",
    "fiscal_year": 1999,
    "fiscal_quarter": 2,
    "r2_url": "https://pub-2c783279b61043e19fbdadd1bee5153a.r2.dev/MNST/1999-08-16/.pdf",
    "periodicity": "periodic"
  },
  {
    "equity_ticker": "MNST",
    "geography": "US",
    "content_name": "MNST Q1 1999 10-Q",
    "file_type": "pdf",
    "content_type": "quarterly_report",
    "published_date": "1999-05-10",
    "fiscal_date": "1999-03-31",
    "fiscal_year": 1999,
    "fiscal_quarter": 1,
    "r2_url": "https://pub-2c783279b61043e19fbdadd1bee5153a.r2.dev/MNST/1999-05-10/.pdf",
    "periodicity": "periodic"
  },
  {
    "equity_ticker": "MNST",
    "geography": "US",
    "content_name": "MNST Q4 1998 10-K",
    "file_type": "pdf",
    "content_type": "annual_report",
    "published_date": "1999-03-31",
    "fiscal_date": "1998-12-31",
    "fiscal_year": 1998,
    "fiscal_quarter": 4,
    "r2_url": "https://pub-2c783279b61043e19fbdadd1bee5153a.r2.dev/MNST/1999-03-31/.pdf",
    "periodicity": "periodic"
  },
  {
    "equity_ticker": "MNST",
    "geography": "US",
    "content_name": "MNST Q3 1998 10-Q",
    "file_type": "pdf",
    "content_type": "quarterly_report",
    "published_date": "1998-11-16",
    "fiscal_date": "1998-09-30",
    "fiscal_year": 1998,
    "fiscal_quarter": 3,
    "r2_url": "https://pub-2c783279b61043e19fbdadd1bee5153a.r2.dev/MNST/1998-11-16/.pdf",
    "periodicity": "periodic"
  },
  {
    "equity_ticker": "MNST",
    "geography": "US",
    "content_name": "MNST Q2 1998 10-Q",
    "file_type": "pdf",
    "content_type": "quarterly_report",
    "published_date": "1998-08-14",
    "fiscal_date": "1998-06-30",
    "fiscal_year": 1998,
    "fiscal_quarter": 2,
    "r2_url": "https://pub-2c783279b61043e19fbdadd1bee5153a.r2.dev/MNST/1998-08-14/.pdf",
    "periodicity": "periodic"
  },
  {
    "equity_ticker": "MNST",
    "geography": "US",
    "content_name": "MNST Q1 1998 10-Q",
    "file_type": "pdf",
    "content_type": "quarterly_report",
    "published_date": "1998-05-13",
    "fiscal_date": "1998-03-31",
    "fiscal_year": 1998,
    "fiscal_quarter": 1,
    "r2_url": "https://pub-2c783279b61043e19fbdadd1bee5153a.r2.dev/MNST/1998-05-13/.pdf",
    "periodicity": "periodic"
  },
  {
    "equity_ticker": "MNST",
    "geography": "US",
    "content_name": "MNST Q4 1997 10-K",
    "file_type": "pdf",
    "content_type": "annual_report",
    "published_date": "1998-03-31",
    "fiscal_date": "1997-12-31",
    "fiscal_year": 1997,
    "fiscal_quarter": 4,
    "r2_url": "https://pub-2c783279b61043e19fbdadd1bee5153a.r2.dev/MNST/1998-03-31/.pdf",
    "periodicity": "periodic"
  },
  {
    "equity_ticker": "MNST",
    "geography": "US",
    "content_name": "MNST Q3 1997 10-Q",
    "file_type": "pdf",
    "content_type": "quarterly_report",
    "published_date": "1997-11-13",
    "fiscal_date": "1997-09-30",
    "fiscal_year": 1997,
    "fiscal_quarter": 3,
    "r2_url": "https://pub-2c783279b61043e19fbdadd1bee5153a.r2.dev/MNST/1997-11-13/.pdf",
    "periodicity": "periodic"
  },
  {
    "equity_ticker": "MNST",
    "geography": "US",
    "content_name": "MNST Q2 1997 10-Q",
    "file_type": "pdf",
    "content_type": "quarterly_report",
    "published_date": "1997-08-12",
    "fiscal_date": "1997-06-30",
    "fiscal_year": 1997,
    "fiscal_quarter": 2,
    "r2_url": "https://pub-2c783279b61043e19fbdadd1bee5153a.r2.dev/MNST/1997-08-12/.pdf",
    "periodicity": "periodic"
  },
  {
    "equity_ticker": "MNST",
    "geography": "US",
    "content_name": "MNST Q1 1997 10-Q",
    "file_type": "pdf",
    "content_type": "quarterly_report",
    "published_date": "1997-05-15",
    "fiscal_date": "1997-03-31",
    "fiscal_year": 1997,
    "fiscal_quarter": 1,
    "r2_url": "https://pub-2c783279b61043e19fbdadd1bee5153a.r2.dev/MNST/1997-05-15/.pdf",
    "periodicity": "periodic"
  },
  {
    "equity_ticker": "MNST",
    "geography": "US",
    "content_name": "MNST Q4 1996 10-K",
    "file_type": "pdf",
    "content_type": "annual_report",
    "published_date": "1997-03-31",
    "fiscal_date": "1996-12-31",
    "fiscal_year": 1996,
    "fiscal_quarter": 4,
    "r2_url": "https://pub-2c783279b61043e19fbdadd1bee5153a.r2.dev/MNST/1997-03-31/.pdf",
    "periodicity": "periodic"
  },
  {
    "equity_ticker": "MNST",
    "geography": "US",
    "content_name": "MNST Q3 1996 10-Q",
    "file_type": "pdf",
    "content_type": "quarterly_report",
    "published_date": "1996-11-13",
    "fiscal_date": "1996-09-30",
    "fiscal_year": 1996,
    "fiscal_quarter": 3,
    "r2_url": "https://pub-2c783279b61043e19fbdadd1bee5153a.r2.dev/MNST/1996-11-13/.pdf",
    "periodicity": "periodic"
  },
  {
    "equity_ticker": "MNST",
    "geography": "US",
    "content_name": "MNST Q2 1996 10-Q",
    "file_type": "pdf",
    "content_type": "quarterly_report",
    "published_date": "1996-08-12",
    "fiscal_date": "1996-06-30",
    "fiscal_year": 1996,
    "fiscal_quarter": 2,
    "r2_url": "https://pub-2c783279b61043e19fbdadd1bee5153a.r2.dev/MNST/1996-08-12/.pdf",
    "periodicity": "periodic"
  },
  {
    "equity_ticker": "MNST",
    "geography": "US",
    "content_name": "MNST Q1 1996 10-Q",
    "file_type": "pdf",
    "content_type": "quarterly_report",
    "published_date": "1996-05-10",
    "fiscal_date": "1996-03-31",
    "fiscal_year": 1996,
    "fiscal_quarter": 1,
    "r2_url": "https://pub-2c783279b61043e19fbdadd1bee5153a.r2.dev/MNST/1996-05-10/.pdf",
    "periodicity": "periodic"
  }
]