[
  {
    "equity_ticker": "MPWR",
    "geography": "US",
    "content_name": "MPWR Q4 2024 10-K",
    "file_type": "pdf",
    "content_type": "annual_report",
    "published_date": "2025-03-03",
    "fiscal_date": "2024-12-31",
    "fiscal_year": 2024,
    "fiscal_quarter": 4,
    "r2_url": "https://pub-2c783279b61043e19fbdadd1bee5153a.r2.dev/MPWR/2025-03-03/mpwr20241231_10k.htm/mpwr20241231_10k.pdf",
    "periodicity": "periodic"
  },
  {
    "equity_ticker": "MPWR",
    "geography": "US",
    "content_name": "MPWR Q3 2024 10-Q",
    "file_type": "pdf",
    "content_type": "quarterly_report",
    "published_date": "2024-11-06",
    "fiscal_date": "2024-09-30",
    "fiscal_year": 2024,
    "fiscal_quarter": 3,
    "r2_url": "https://pub-2c783279b61043e19fbdadd1bee5153a.r2.dev/MPWR/2024-11-06/mpwr20240930_10q.htm/mpwr20240930_10q.pdf",
    "periodicity": "periodic"
  },
  {
    "equity_ticker": "MPWR",
    "geography": "US",
    "content_name": "MPWR Q2 2024 10-Q",
    "file_type": "pdf",
    "content_type": "quarterly_report",
    "published_date": "2024-08-02",
    "fiscal_date": "2024-06-30",
    "fiscal_year": 2024,
    "fiscal_quarter": 2,
    "r2_url": "https://pub-2c783279b61043e19fbdadd1bee5153a.r2.dev/MPWR/2024-08-02/mpwr20240630_10q.htm/mpwr20240630_10q.pdf",
    "periodicity": "periodic"
  },
  {
    "equity_ticker": "MPWR",
    "geography": "US",
    "content_name": "MPWR Q1 2024 10-Q",
    "file_type": "pdf",
    "content_type": "quarterly_report",
    "published_date": "2024-05-03",
    "fiscal_date": "2024-03-31",
    "fiscal_year": 2024,
    "fiscal_quarter": 1,
    "r2_url": "https://pub-2c783279b61043e19fbdadd1bee5153a.r2.dev/MPWR/2024-05-03/mpwr20240331_10q.htm/mpwr20240331_10q.pdf",
    "periodicity": "periodic"
  },
  {
    "equity_ticker": "MPWR",
    "geography": "US",
    "content_name": "MPWR Q4 2023 10-K",
    "file_type": "pdf",
    "content_type": "annual_report",
    "published_date": "2024-02-29",
    "fiscal_date": "2023-12-31",
    "fiscal_year": 2023,
    "fiscal_quarter": 4,
    "r2_url": "https://pub-2c783279b61043e19fbdadd1bee5153a.r2.dev/MPWR/2024-02-29/mpwr20231231_10k.htm/mpwr20231231_10k.pdf",
    "periodicity": "periodic"
  },
  {
    "equity_ticker": "MPWR",
    "geography": "US",
    "content_name": "MPWR Q3 2023 10-Q",
    "file_type": "pdf",
    "content_type": "quarterly_report",
    "published_date": "2023-11-08",
    "fiscal_date": "2023-09-30",
    "fiscal_year": 2023,
    "fiscal_quarter": 3,
    "r2_url": "https://pub-2c783279b61043e19fbdadd1bee5153a.r2.dev/MPWR/2023-11-08/mpwr20230930_10q.htm/mpwr20230930_10q.pdf",
    "periodicity": "periodic"
  },
  {
    "equity_ticker": "MPWR",
    "geography": "US",
    "content_name": "MPWR Q2 2023 10-Q",
    "file_type": "pdf",
    "content_type": "quarterly_report",
    "published_date": "2023-08-04",
    "fiscal_date": "2023-06-30",
    "fiscal_year": 2023,
    "fiscal_quarter": 2,
    "r2_url": "https://pub-2c783279b61043e19fbdadd1bee5153a.r2.dev/MPWR/2023-08-04/mpwr20230630_10q.htm/mpwr20230630_10q.pdf",
    "periodicity": "periodic"
  },
  {
    "equity_ticker": "MPWR",
    "geography": "US",
    "content_name": "MPWR Q1 2023 10-Q",
    "file_type": "pdf",
    "content_type": "quarterly_report",
    "published_date": "2023-05-05",
    "fiscal_date": "2023-03-31",
    "fiscal_year": 2023,
    "fiscal_quarter": 1,
    "r2_url": "https://pub-2c783279b61043e19fbdadd1bee5153a.r2.dev/MPWR/2023-05-05/mpwr20230331_10q.htm/mpwr20230331_10q.pdf",
    "periodicity": "periodic"
  },
  {
    "equity_ticker": "MPWR",
    "geography": "US",
    "content_name": "MPWR Q4 2022 10-K",
    "file_type": "pdf",
    "content_type": "annual_report",
    "published_date": "2023-02-24",
    "fiscal_date": "2022-12-31",
    "fiscal_year": 2022,
    "fiscal_quarter": 4,
    "r2_url": "https://pub-2c783279b61043e19fbdadd1bee5153a.r2.dev/MPWR/2023-02-24/mpwr20221231_10k.htm/mpwr20221231_10k.pdf",
    "periodicity": "periodic"
  },
  {
    "equity_ticker": "MPWR",
    "geography": "US",
    "content_name": "MPWR Q3 2022 10-Q",
    "file_type": "pdf",
    "content_type": "quarterly_report",
    "published_date": "2022-11-09",
    "fiscal_date": "2022-09-30",
    "fiscal_year": 2022,
    "fiscal_quarter": 3,
    "r2_url": "https://pub-2c783279b61043e19fbdadd1bee5153a.r2.dev/MPWR/2022-11-09/mpwr20220930_10q.htm/mpwr20220930_10q.pdf",
    "periodicity": "periodic"
  },
  {
    "equity_ticker": "MPWR",
    "geography": "US",
    "content_name": "MPWR Q2 2022 10-Q",
    "file_type": "pdf",
    "content_type": "quarterly_report",
    "published_date": "2022-08-05",
    "fiscal_date": "2022-06-30",
    "fiscal_year": 2022,
    "fiscal_quarter": 2,
    "r2_url": "https://pub-2c783279b61043e19fbdadd1bee5153a.r2.dev/MPWR/2022-08-05/mpwr20220630_10q.htm/mpwr20220630_10q.pdf",
    "periodicity": "periodic"
  },
  {
    "equity_ticker": "MPWR",
    "geography": "US",
    "content_name": "MPWR Q1 2022 10-Q",
    "file_type": "pdf",
    "content_type": "quarterly_report",
    "published_date": "2022-05-10",
    "fiscal_date": "2022-03-31",
    "fiscal_year": 2022,
    "fiscal_quarter": 1,
    "r2_url": "https://pub-2c783279b61043e19fbdadd1bee5153a.r2.dev/MPWR/2022-05-10/mpwr20220331_10q.htm/mpwr20220331_10q.pdf",
    "periodicity": "periodic"
  },
  {
    "equity_ticker": "MPWR",
    "geography": "US",
    "content_name": "MPWR Q4 2021 10-K",
    "file_type": "pdf",
    "content_type": "annual_report",
    "published_date": "2022-02-25",
    "fiscal_date": "2021-12-31",
    "fiscal_year": 2021,
    "fiscal_quarter": 4,
    "r2_url": "https://pub-2c783279b61043e19fbdadd1bee5153a.r2.dev/MPWR/2022-02-25/mpwr20211231_10k.htm/mpwr20211231_10k.pdf",
    "periodicity": "periodic"
  },
  {
    "equity_ticker": "MPWR",
    "geography": "US",
    "content_name": "MPWR Q3 2021 10-Q",
    "file_type": "pdf",
    "content_type": "quarterly_report",
    "published_date": "2021-11-08",
    "fiscal_date": "2021-09-30",
    "fiscal_year": 2021,
    "fiscal_quarter": 3,
    "r2_url": "https://pub-2c783279b61043e19fbdadd1bee5153a.r2.dev/MPWR/2021-11-08/mpwr20210930_10q.htm/mpwr20210930_10q.pdf",
    "periodicity": "periodic"
  },
  {
    "equity_ticker": "MPWR",
    "geography": "US",
    "content_name": "MPWR Q2 2021 10-Q",
    "file_type": "pdf",
    "content_type": "quarterly_report",
    "published_date": "2021-08-09",
    "fiscal_date": "2021-06-30",
    "fiscal_year": 2021,
    "fiscal_quarter": 2,
    "r2_url": "https://pub-2c783279b61043e19fbdadd1bee5153a.r2.dev/MPWR/2021-08-09/mpwr20210630_10q.htm/mpwr20210630_10q.pdf",
    "periodicity": "periodic"
  },
  {
    "equity_ticker": "MPWR",
    "geography": "US",
    "content_name": "MPWR Q1 2021 10-Q",
    "file_type": "pdf",
    "content_type": "quarterly_report",
    "published_date": "2021-05-10",
    "fiscal_date": "2021-03-31",
    "fiscal_year": 2021,
    "fiscal_quarter": 1,
    "r2_url": "https://pub-2c783279b61043e19fbdadd1bee5153a.r2.dev/MPWR/2021-05-10/mpwr20210331_10q.htm/mpwr20210331_10q.pdf",
    "periodicity": "periodic"
  },
  {
    "equity_ticker": "MPWR",
    "geography": "US",
    "content_name": "MPWR Q4 2020 10-K",
    "file_type": "pdf",
    "content_type": "annual_report",
    "published_date": "2021-03-01",
    "fiscal_date": "2020-12-31",
    "fiscal_year": 2020,
    "fiscal_quarter": 4,
    "r2_url": "https://pub-2c783279b61043e19fbdadd1bee5153a.r2.dev/MPWR/2021-03-01/mpwr20201231_10k.htm/mpwr20201231_10k.pdf",
    "periodicity": "periodic"
  },
  {
    "equity_ticker": "MPWR",
    "geography": "US",
    "content_name": "MPWR Q3 2020 10-Q",
    "file_type": "pdf",
    "content_type": "quarterly_report",
    "published_date": "2020-11-06",
    "fiscal_date": "2020-09-30",
    "fiscal_year": 2020,
    "fiscal_quarter": 3,
    "r2_url": "https://pub-2c783279b61043e19fbdadd1bee5153a.r2.dev/MPWR/2020-11-06/mpwr20200930_10q.htm/mpwr20200930_10q.pdf",
    "periodicity": "periodic"
  },
  {
    "equity_ticker": "MPWR",
    "geography": "US",
    "content_name": "MPWR Q2 2020 10-Q",
    "file_type": "pdf",
    "content_type": "quarterly_report",
    "published_date": "2020-08-03",
    "fiscal_date": "2020-06-30",
    "fiscal_year": 2020,
    "fiscal_quarter": 2,
    "r2_url": "https://pub-2c783279b61043e19fbdadd1bee5153a.r2.dev/MPWR/2020-08-03/mpwr20200630_10q.htm/ix.pdf",
    "periodicity": "periodic"
  },
  {
    "equity_ticker": "MPWR",
    "geography": "US",
    "content_name": "MPWR Q1 2020 10-Q",
    "file_type": "pdf",
    "content_type": "quarterly_report",
    "published_date": "2020-05-11",
    "fiscal_date": "2020-03-31",
    "fiscal_year": 2020,
    "fiscal_quarter": 1,
    "r2_url": "https://pub-2c783279b61043e19fbdadd1bee5153a.r2.dev/MPWR/2020-05-11/mpwr20200331_10q.htm/ix.pdf",
    "periodicity": "periodic"
  },
  {
    "equity_ticker": "MPWR",
    "geography": "US",
    "content_name": "MPWR Q4 2019 10-K",
    "file_type": "pdf",
    "content_type": "annual_report",
    "published_date": "2020-02-28",
    "fiscal_date": "2019-12-31",
    "fiscal_year": 2019,
    "fiscal_quarter": 4,
    "r2_url": "https://pub-2c783279b61043e19fbdadd1bee5153a.r2.dev/MPWR/2020-02-28/mpwr20191231_10k.htm/ix.pdf",
    "periodicity": "periodic"
  },
  {
    "equity_ticker": "MPWR",
    "geography": "US",
    "content_name": "MPWR Q3 2019 10-Q",
    "file_type": "pdf",
    "content_type": "quarterly_report",
    "published_date": "2019-11-01",
    "fiscal_date": "2019-09-30",
    "fiscal_year": 2019,
    "fiscal_quarter": 3,
    "r2_url": "https://pub-2c783279b61043e19fbdadd1bee5153a.r2.dev/MPWR/2019-11-01/mpwr20190930_10q.htm/ix.pdf",
    "periodicity": "periodic"
  },
  {
    "equity_ticker": "MPWR",
    "geography": "US",
    "content_name": "MPWR Q2 2019 10-Q",
    "file_type": "pdf",
    "content_type": "quarterly_report",
    "published_date": "2019-08-02",
    "fiscal_date": "2019-06-30",
    "fiscal_year": 2019,
    "fiscal_quarter": 2,
    "r2_url": "https://pub-2c783279b61043e19fbdadd1bee5153a.r2.dev/MPWR/2019-08-02/mpwr20190630_10q.htm/ix.pdf",
    "periodicity": "periodic"
  },
  {
    "equity_ticker": "MPWR",
    "geography": "US",
    "content_name": "MPWR Q1 2019 10-Q",
    "file_type": "pdf",
    "content_type": "quarterly_report",
    "published_date": "2019-05-10",
    "fiscal_date": "2019-03-31",
    "fiscal_year": 2019,
    "fiscal_quarter": 1,
    "r2_url": "https://pub-2c783279b61043e19fbdadd1bee5153a.r2.dev/MPWR/2019-05-10/mpwr20190331_10q.htm/mpwr20190331_10q.pdf",
    "periodicity": "periodic"
  },
  {
    "equity_ticker": "MPWR",
    "geography": "US",
    "content_name": "MPWR Q4 2018 10-K",
    "file_type": "pdf",
    "content_type": "annual_report",
    "published_date": "2019-03-01",
    "fiscal_date": "2018-12-31",
    "fiscal_year": 2018,
    "fiscal_quarter": 4,
    "r2_url": "https://pub-2c783279b61043e19fbdadd1bee5153a.r2.dev/MPWR/2019-03-01/mpwr20181231_10k.htm/mpwr20181231_10k.pdf",
    "periodicity": "periodic"
  },
  {
    "equity_ticker": "MPWR",
    "geography": "US",
    "content_name": "MPWR Q3 2018 10-Q",
    "file_type": "pdf",
    "content_type": "quarterly_report",
    "published_date": "2018-11-02",
    "fiscal_date": "2018-09-30",
    "fiscal_year": 2018,
    "fiscal_quarter": 3,
    "r2_url": "https://pub-2c783279b61043e19fbdadd1bee5153a.r2.dev/MPWR/2018-11-02/mpwr20180930_10q.htm/mpwr20180930_10q.pdf",
    "periodicity": "periodic"
  },
  {
    "equity_ticker": "MPWR",
    "geography": "US",
    "content_name": "MPWR Q2 2018 10-Q",
    "file_type": "pdf",
    "content_type": "quarterly_report",
    "published_date": "2018-08-01",
    "fiscal_date": "2018-06-30",
    "fiscal_year": 2018,
    "fiscal_quarter": 2,
    "r2_url": "https://pub-2c783279b61043e19fbdadd1bee5153a.r2.dev/MPWR/2018-08-01/mpwr20180630_10q.htm/mpwr20180630_10q.pdf",
    "periodicity": "periodic"
  },
  {
    "equity_ticker": "MPWR",
    "geography": "US",
    "content_name": "MPWR Q1 2018 10-Q",
    "file_type": "pdf",
    "content_type": "quarterly_report",
    "published_date": "2018-05-08",
    "fiscal_date": "2018-03-31",
    "fiscal_year": 2018,
    "fiscal_quarter": 1,
    "r2_url": "https://pub-2c783279b61043e19fbdadd1bee5153a.r2.dev/MPWR/2018-05-08/mpwr20180331_10q.htm/mpwr20180331_10q.pdf",
    "periodicity": "periodic"
  },
  {
    "equity_ticker": "MPWR",
    "geography": "US",
    "content_name": "MPWR Q4 2017 10-K",
    "file_type": "pdf",
    "content_type": "annual_report",
    "published_date": "2018-03-01",
    "fiscal_date": "2017-12-31",
    "fiscal_year": 2017,
    "fiscal_quarter": 4,
    "r2_url": "https://pub-2c783279b61043e19fbdadd1bee5153a.r2.dev/MPWR/2018-03-01/mpwr20171231_10k.htm/mpwr20171231_10k.pdf",
    "periodicity": "periodic"
  },
  {
    "equity_ticker": "MPWR",
    "geography": "US",
    "content_name": "MPWR Q3 2017 10-Q",
    "file_type": "pdf",
    "content_type": "quarterly_report",
    "published_date": "2017-11-03",
    "fiscal_date": "2017-09-30",
    "fiscal_year": 2017,
    "fiscal_quarter": 3,
    "r2_url": "https://pub-2c783279b61043e19fbdadd1bee5153a.r2.dev/MPWR/2017-11-03/mpwr20170930_10q.htm/mpwr20170930_10q.pdf",
    "periodicity": "periodic"
  },
  {
    "equity_ticker": "MPWR",
    "geography": "US",
    "content_name": "MPWR Q2 2017 10-Q",
    "file_type": "pdf",
    "content_type": "quarterly_report",
    "published_date": "2017-07-31",
    "fiscal_date": "2017-06-30",
    "fiscal_year": 2017,
    "fiscal_quarter": 2,
    "r2_url": "https://pub-2c783279b61043e19fbdadd1bee5153a.r2.dev/MPWR/2017-07-31/mpwr20170630_10q.htm/mpwr20170630_10q.pdf",
    "periodicity": "periodic"
  },
  {
    "equity_ticker": "MPWR",
    "geography": "US",
    "content_name": "MPWR Q1 2017 10-Q",
    "file_type": "pdf",
    "content_type": "quarterly_report",
    "published_date": "2017-05-05",
    "fiscal_date": "2017-03-31",
    "fiscal_year": 2017,
    "fiscal_quarter": 1,
    "r2_url": "https://pub-2c783279b61043e19fbdadd1bee5153a.r2.dev/MPWR/2017-05-05/mpwr20170331_10q.htm/mpwr20170331_10q.pdf",
    "periodicity": "periodic"
  },
  {
    "equity_ticker": "MPWR",
    "geography": "US",
    "content_name": "MPWR Q4 2016 10-K",
    "file_type": "pdf",
    "content_type": "annual_report",
    "published_date": "2017-03-01",
    "fiscal_date": "2016-12-31",
    "fiscal_year": 2016,
    "fiscal_quarter": 4,
    "r2_url": "https://pub-2c783279b61043e19fbdadd1bee5153a.r2.dev/MPWR/2017-03-01/mpwr20161231_10k.htm/mpwr20161231_10k.pdf",
    "periodicity": "periodic"
  },
  {
    "equity_ticker": "MPWR",
    "geography": "US",
    "content_name": "MPWR Q3 2016 10-Q",
    "file_type": "pdf",
    "content_type": "quarterly_report",
    "published_date": "2016-11-03",
    "fiscal_date": "2016-09-30",
    "fiscal_year": 2016,
    "fiscal_quarter": 3,
    "r2_url": "https://pub-2c783279b61043e19fbdadd1bee5153a.r2.dev/MPWR/2016-11-03/mpwr20160817_10q.htm/mpwr20160817_10q.pdf",
    "periodicity": "periodic"
  },
  {
    "equity_ticker": "MPWR",
    "geography": "US",
    "content_name": "MPWR Q2 2016 10-Q",
    "file_type": "pdf",
    "content_type": "quarterly_report",
    "published_date": "2016-07-29",
    "fiscal_date": "2016-06-30",
    "fiscal_year": 2016,
    "fiscal_quarter": 2,
    "r2_url": "https://pub-2c783279b61043e19fbdadd1bee5153a.r2.dev/MPWR/2016-07-29/mpwr20160531_10q.htm/mpwr20160531_10q.pdf",
    "periodicity": "periodic"
  },
  {
    "equity_ticker": "MPWR",
    "geography": "US",
    "content_name": "MPWR Q1 2016 10-Q",
    "file_type": "pdf",
    "content_type": "quarterly_report",
    "published_date": "2016-05-06",
    "fiscal_date": "2016-03-31",
    "fiscal_year": 2016,
    "fiscal_quarter": 1,
    "r2_url": "https://pub-2c783279b61043e19fbdadd1bee5153a.r2.dev/MPWR/2016-05-06/mpwr20160330_10q.htm/mpwr20160330_10q.pdf",
    "periodicity": "periodic"
  },
  {
    "equity_ticker": "MPWR",
    "geography": "US",
    "content_name": "MPWR Q4 2015 10-K",
    "file_type": "pdf",
    "content_type": "annual_report",
    "published_date": "2016-02-29",
    "fiscal_date": "2015-12-31",
    "fiscal_year": 2015,
    "fiscal_quarter": 4,
    "r2_url": "https://pub-2c783279b61043e19fbdadd1bee5153a.r2.dev/MPWR/2016-02-29/mpwr20151119_10k.htm/mpwr20151119_10k.pdf",
    "periodicity": "periodic"
  },
  {
    "equity_ticker": "MPWR",
    "geography": "US",
    "content_name": "MPWR Q3 2015 10-Q",
    "file_type": "pdf",
    "content_type": "quarterly_report",
    "published_date": "2015-10-28",
    "fiscal_date": "2015-09-30",
    "fiscal_year": 2015,
    "fiscal_quarter": 3,
    "r2_url": "https://pub-2c783279b61043e19fbdadd1bee5153a.r2.dev/MPWR/2015-10-28/mpwr20150831_10q.htm/mpwr20150831_10q.pdf",
    "periodicity": "periodic"
  },
  {
    "equity_ticker": "MPWR",
    "geography": "US",
    "content_name": "MPWR Q2 2015 10-Q",
    "file_type": "pdf",
    "content_type": "quarterly_report",
    "published_date": "2015-07-31",
    "fiscal_date": "2015-06-30",
    "fiscal_year": 2015,
    "fiscal_quarter": 2,
    "r2_url": "https://pub-2c783279b61043e19fbdadd1bee5153a.r2.dev/MPWR/2015-07-31/mpwr20150630_10q.htm/mpwr20150630_10q.pdf",
    "periodicity": "periodic"
  },
  {
    "equity_ticker": "MPWR",
    "geography": "US",
    "content_name": "MPWR Q1 2015 10-Q",
    "file_type": "pdf",
    "content_type": "quarterly_report",
    "published_date": "2015-05-06",
    "fiscal_date": "2015-03-31",
    "fiscal_year": 2015,
    "fiscal_quarter": 1,
    "r2_url": "https://pub-2c783279b61043e19fbdadd1bee5153a.r2.dev/MPWR/2015-05-06/mpwr20150331_10q.htm/mpwr20150331_10q.pdf",
    "periodicity": "periodic"
  },
  {
    "equity_ticker": "MPWR",
    "geography": "US",
    "content_name": "MPWR Q4 2014 10-K",
    "file_type": "pdf",
    "content_type": "annual_report",
    "published_date": "2015-03-02",
    "fiscal_date": "2014-12-31",
    "fiscal_year": 2014,
    "fiscal_quarter": 4,
    "r2_url": "https://pub-2c783279b61043e19fbdadd1bee5153a.r2.dev/MPWR/2015-03-02/mpwr20141231_10k.htm/mpwr20141231_10k.pdf",
    "periodicity": "periodic"
  },
  {
    "equity_ticker": "MPWR",
    "geography": "US",
    "content_name": "MPWR Q3 2014 10-Q",
    "file_type": "pdf",
    "content_type": "quarterly_report",
    "published_date": "2014-10-30",
    "fiscal_date": "2014-09-30",
    "fiscal_year": 2014,
    "fiscal_quarter": 3,
    "r2_url": "https://pub-2c783279b61043e19fbdadd1bee5153a.r2.dev/MPWR/2014-10-30/mpwr20140930_10q.htm/mpwr20140930_10q.pdf",
    "periodicity": "periodic"
  },
  {
    "equity_ticker": "MPWR",
    "geography": "US",
    "content_name": "MPWR Q2 2014 10-Q",
    "file_type": "pdf",
    "content_type": "quarterly_report",
    "published_date": "2014-07-29",
    "fiscal_date": "2014-06-30",
    "fiscal_year": 2014,
    "fiscal_quarter": 2,
    "r2_url": "https://pub-2c783279b61043e19fbdadd1bee5153a.r2.dev/MPWR/2014-07-29/mpwr20140630_10q.htm/mpwr20140630_10q.pdf",
    "periodicity": "periodic"
  },
  {
    "equity_ticker": "MPWR",
    "geography": "US",
    "content_name": "MPWR Q1 2014 10-Q",
    "file_type": "pdf",
    "content_type": "quarterly_report",
    "published_date": "2014-05-01",
    "fiscal_date": "2014-03-31",
    "fiscal_year": 2014,
    "fiscal_quarter": 1,
    "r2_url": "https://pub-2c783279b61043e19fbdadd1bee5153a.r2.dev/MPWR/2014-05-01/mpwr20140331_10q.htm/mpwr20140331_10q.pdf",
    "periodicity": "periodic"
  },
  {
    "equity_ticker": "MPWR",
    "geography": "US",
    "content_name": "MPWR Q4 2013 10-K",
    "file_type": "pdf",
    "content_type": "annual_report",
    "published_date": "2014-03-10",
    "fiscal_date": "2013-12-31",
    "fiscal_year": 2013,
    "fiscal_quarter": 4,
    "r2_url": "https://pub-2c783279b61043e19fbdadd1bee5153a.r2.dev/MPWR/2014-03-10/mpwr20131231_10k.htm/mpwr20131231_10k.pdf",
    "periodicity": "periodic"
  },
  {
    "equity_ticker": "MPWR",
    "geography": "US",
    "content_name": "MPWR Q3 2013 10-Q",
    "file_type": "pdf",
    "content_type": "quarterly_report",
    "published_date": "2013-10-28",
    "fiscal_date": "2013-09-30",
    "fiscal_year": 2013,
    "fiscal_quarter": 3,
    "r2_url": "https://pub-2c783279b61043e19fbdadd1bee5153a.r2.dev/MPWR/2013-10-28/mpwr20131020_10q.htm/mpwr20131020_10q.pdf",
    "periodicity": "periodic"
  },
  {
    "equity_ticker": "MPWR",
    "geography": "US",
    "content_name": "MPWR Q2 2013 10-Q",
    "file_type": "pdf",
    "content_type": "quarterly_report",
    "published_date": "2013-08-06",
    "fiscal_date": "2013-06-30",
    "fiscal_year": 2013,
    "fiscal_quarter": 2,
    "r2_url": "https://pub-2c783279b61043e19fbdadd1bee5153a.r2.dev/MPWR/2013-08-06/mpwr20130630_10q.htm/mpwr20130630_10q.pdf",
    "periodicity": "periodic"
  },
  {
    "equity_ticker": "MPWR",
    "geography": "US",
    "content_name": "MPWR Q1 2013 10-Q",
    "file_type": "pdf",
    "content_type": "quarterly_report",
    "published_date": "2013-05-02",
    "fiscal_date": "2013-03-31",
    "fiscal_year": 2013,
    "fiscal_quarter": 1,
    "r2_url": "https://pub-2c783279b61043e19fbdadd1bee5153a.r2.dev/MPWR/2013-05-02/mpwr_10q-033113.htm/mpwr_10q-033113.pdf",
    "periodicity": "periodic"
  },
  {
    "equity_ticker": "MPWR",
    "geography": "US",
    "content_name": "MPWR Q4 2012 10-K",
    "file_type": "pdf",
    "content_type": "annual_report",
    "published_date": "2013-03-05",
    "fiscal_date": "2012-12-31",
    "fiscal_year": 2012,
    "fiscal_quarter": 4,
    "r2_url": "https://pub-2c783279b61043e19fbdadd1bee5153a.r2.dev/MPWR/2013-03-05/monolithic_10k-123112.htm/monolithic_10k-123112.pdf",
    "periodicity": "periodic"
  },
  {
    "equity_ticker": "MPWR",
    "geography": "US",
    "content_name": "MPWR Q3 2012 10-Q",
    "file_type": "pdf",
    "content_type": "quarterly_report",
    "published_date": "2012-11-05",
    "fiscal_date": "2012-09-30",
    "fiscal_year": 2012,
    "fiscal_quarter": 3,
    "r2_url": "https://pub-2c783279b61043e19fbdadd1bee5153a.r2.dev/MPWR/2012-11-05/mpwr20121022_10q.htm/mpwr20121022_10q.pdf",
    "periodicity": "periodic"
  },
  {
    "equity_ticker": "MPWR",
    "geography": "US",
    "content_name": "MPWR Q2 2012 10-Q",
    "file_type": "pdf",
    "content_type": "quarterly_report",
    "published_date": "2012-07-30",
    "fiscal_date": "2012-06-30",
    "fiscal_year": 2012,
    "fiscal_quarter": 2,
    "r2_url": "https://pub-2c783279b61043e19fbdadd1bee5153a.r2.dev/MPWR/2012-07-30/mpsi_10q-063012.htm/mpsi_10q-063012.pdf",
    "periodicity": "periodic"
  },
  {
    "equity_ticker": "MPWR",
    "geography": "US",
    "content_name": "MPWR Q1 2012 10-Q",
    "file_type": "pdf",
    "content_type": "quarterly_report",
    "published_date": "2012-05-08",
    "fiscal_date": "2012-03-31",
    "fiscal_year": 2012,
    "fiscal_quarter": 1,
    "r2_url": "https://pub-2c783279b61043e19fbdadd1bee5153a.r2.dev/MPWR/2012-05-08/mpsi_10q-033112.htm/mpsi_10q-033112.pdf",
    "periodicity": "periodic"
  },
  {
    "equity_ticker": "MPWR",
    "geography": "US",
    "content_name": "MPWR Q4 2011 10-K",
    "file_type": "pdf",
    "content_type": "annual_report",
    "published_date": "2012-03-12",
    "fiscal_date": "2011-12-31",
    "fiscal_year": 2011,
    "fiscal_quarter": 4,
    "r2_url": "https://pub-2c783279b61043e19fbdadd1bee5153a.r2.dev/MPWR/2012-03-12/mps_10k-123111.htm/mps_10k-123111.pdf",
    "periodicity": "periodic"
  },
  {
    "equity_ticker": "MPWR",
    "geography": "US",
    "content_name": "MPWR Q3 2011 10-Q",
    "file_type": "pdf",
    "content_type": "quarterly_report",
    "published_date": "2011-10-27",
    "fiscal_date": "2011-09-30",
    "fiscal_year": 2011,
    "fiscal_quarter": 3,
    "r2_url": "https://pub-2c783279b61043e19fbdadd1bee5153a.r2.dev/MPWR/2011-10-27/mono_10q-093011.htm/mono_10q-093011.pdf",
    "periodicity": "periodic"
  },
  {
    "equity_ticker": "MPWR",
    "geography": "US",
    "content_name": "MPWR Q2 2011 10-Q",
    "file_type": "pdf",
    "content_type": "quarterly_report",
    "published_date": "2011-08-09",
    "fiscal_date": "2011-06-30",
    "fiscal_year": 2011,
    "fiscal_quarter": 2,
    "r2_url": "https://pub-2c783279b61043e19fbdadd1bee5153a.r2.dev/MPWR/2011-08-09/monolithicpower_10q-063111.htm/monolithicpower_10q-063111.pdf",
    "periodicity": "periodic"
  },
  {
    "equity_ticker": "MPWR",
    "geography": "US",
    "content_name": "MPWR Q1 2011 10-Q",
    "file_type": "pdf",
    "content_type": "quarterly_report",
    "published_date": "2011-04-28",
    "fiscal_date": "2011-03-31",
    "fiscal_year": 2011,
    "fiscal_quarter": 1,
    "r2_url": "https://pub-2c783279b61043e19fbdadd1bee5153a.r2.dev/MPWR/2011-04-28/monolithic_10q-033111.htm/monolithic_10q-033111.pdf",
    "periodicity": "periodic"
  },
  {
    "equity_ticker": "MPWR",
    "geography": "US",
    "content_name": "MPWR Q4 2010 10-K",
    "file_type": "pdf",
    "content_type": "annual_report",
    "published_date": "2011-03-04",
    "fiscal_date": "2010-12-31",
    "fiscal_year": 2010,
    "fiscal_quarter": 4,
    "r2_url": "https://pub-2c783279b61043e19fbdadd1bee5153a.r2.dev/MPWR/2011-03-04/monolithic_10k-123110.htm/monolithic_10k-123110.pdf",
    "periodicity": "periodic"
  },
  {
    "equity_ticker": "MPWR",
    "geography": "US",
    "content_name": "MPWR Q3 2010 10-Q",
    "file_type": "pdf",
    "content_type": "quarterly_report",
    "published_date": "2010-11-03",
    "fiscal_date": "2010-09-30",
    "fiscal_year": 2010,
    "fiscal_quarter": 3,
    "r2_url": "https://pub-2c783279b61043e19fbdadd1bee5153a.r2.dev/MPWR/2010-11-03/monolithic_10q-093010.htm/monolithic_10q-093010.pdf",
    "periodicity": "periodic"
  },
  {
    "equity_ticker": "MPWR",
    "geography": "US",
    "content_name": "MPWR Q2 2010 10-Q",
    "file_type": "pdf",
    "content_type": "quarterly_report",
    "published_date": "2010-07-28",
    "fiscal_date": "2010-06-30",
    "fiscal_year": 2010,
    "fiscal_quarter": 2,
    "r2_url": "https://pub-2c783279b61043e19fbdadd1bee5153a.r2.dev/MPWR/2010-07-28/d10q.htm/d10q.pdf",
    "periodicity": "periodic"
  },
  {
    "equity_ticker": "MPWR",
    "geography": "US",
    "content_name": "MPWR Q1 2010 10-Q",
    "file_type": "pdf",
    "content_type": "quarterly_report",
    "published_date": "2010-04-29",
    "fiscal_date": "2010-03-31",
    "fiscal_year": 2010,
    "fiscal_quarter": 1,
    "r2_url": "https://pub-2c783279b61043e19fbdadd1bee5153a.r2.dev/MPWR/2010-04-29/d10q.htm/d10q.pdf",
    "periodicity": "periodic"
  },
  {
    "equity_ticker": "MPWR",
    "geography": "US",
    "content_name": "MPWR Q4 2009 10-K",
    "file_type": "pdf",
    "content_type": "annual_report",
    "published_date": "2010-02-12",
    "fiscal_date": "2009-12-31",
    "fiscal_year": 2009,
    "fiscal_quarter": 4,
    "r2_url": "https://pub-2c783279b61043e19fbdadd1bee5153a.r2.dev/MPWR/2010-02-12/d10k.htm/d10k.pdf",
    "periodicity": "periodic"
  },
  {
    "equity_ticker": "MPWR",
    "geography": "US",
    "content_name": "MPWR Q3 2009 10-Q",
    "file_type": "pdf",
    "content_type": "quarterly_report",
    "published_date": "2009-10-22",
    "fiscal_date": "2009-09-30",
    "fiscal_year": 2009,
    "fiscal_quarter": 3,
    "r2_url": "https://pub-2c783279b61043e19fbdadd1bee5153a.r2.dev/MPWR/2009-10-22/d10q.htm/d10q.pdf",
    "periodicity": "periodic"
  },
  {
    "equity_ticker": "MPWR",
    "geography": "US",
    "content_name": "MPWR Q2 2009 10-Q",
    "file_type": "pdf",
    "content_type": "quarterly_report",
    "published_date": "2009-07-30",
    "fiscal_date": "2009-06-30",
    "fiscal_year": 2009,
    "fiscal_quarter": 2,
    "r2_url": "https://pub-2c783279b61043e19fbdadd1bee5153a.r2.dev/MPWR/2009-07-30/d10q.htm/d10q.pdf",
    "periodicity": "periodic"
  },
  {
    "equity_ticker": "MPWR",
    "geography": "US",
    "content_name": "MPWR Q1 2009 10-Q",
    "file_type": "pdf",
    "content_type": "quarterly_report",
    "published_date": "2009-04-28",
    "fiscal_date": "2009-03-31",
    "fiscal_year": 2009,
    "fiscal_quarter": 1,
    "r2_url": "https://pub-2c783279b61043e19fbdadd1bee5153a.r2.dev/MPWR/2009-04-28/d10q.htm/d10q.pdf",
    "periodicity": "periodic"
  },
  {
    "equity_ticker": "MPWR",
    "geography": "US",
    "content_name": "MPWR Q4 2008 10-K",
    "file_type": "pdf",
    "content_type": "annual_report",
    "published_date": "2009-02-27",
    "fiscal_date": "2008-12-31",
    "fiscal_year": 2008,
    "fiscal_quarter": 4,
    "r2_url": "https://pub-2c783279b61043e19fbdadd1bee5153a.r2.dev/MPWR/2009-02-27/d10k.htm/d10k.pdf",
    "periodicity": "periodic"
  },
  {
    "equity_ticker": "MPWR",
    "geography": "US",
    "content_name": "MPWR Q3 2008 10-Q",
    "file_type": "pdf",
    "content_type": "quarterly_report",
    "published_date": "2008-10-23",
    "fiscal_date": "2008-09-30",
    "fiscal_year": 2008,
    "fiscal_quarter": 3,
    "r2_url": "https://pub-2c783279b61043e19fbdadd1bee5153a.r2.dev/MPWR/2008-10-23/d10q.htm/d10q.pdf",
    "periodicity": "periodic"
  },
  {
    "equity_ticker": "MPWR",
    "geography": "US",
    "content_name": "MPWR Q2 2008 10-Q",
    "file_type": "pdf",
    "content_type": "quarterly_report",
    "published_date": "2008-07-31",
    "fiscal_date": "2008-06-30",
    "fiscal_year": 2008,
    "fiscal_quarter": 2,
    "r2_url": "https://pub-2c783279b61043e19fbdadd1bee5153a.r2.dev/MPWR/2008-07-31/d10q.htm/d10q.pdf",
    "periodicity": "periodic"
  },
  {
    "equity_ticker": "MPWR",
    "geography": "US",
    "content_name": "MPWR Q1 2008 10-Q",
    "file_type": "pdf",
    "content_type": "quarterly_report",
    "published_date": "2008-05-14",
    "fiscal_date": "2008-03-31",
    "fiscal_year": 2008,
    "fiscal_quarter": 1,
    "r2_url": "https://pub-2c783279b61043e19fbdadd1bee5153a.r2.dev/MPWR/2008-05-14/d10q.htm/d10q.pdf",
    "periodicity": "periodic"
  },
  {
    "equity_ticker": "MPWR",
    "geography": "US",
    "content_name": "MPWR Q4 2007 10-K",
    "file_type": "pdf",
    "content_type": "annual_report",
    "published_date": "2008-03-11",
    "fiscal_date": "2007-12-31",
    "fiscal_year": 2007,
    "fiscal_quarter": 4,
    "r2_url": "https://pub-2c783279b61043e19fbdadd1bee5153a.r2.dev/MPWR/2008-03-11/d10k.htm/d10k.pdf",
    "periodicity": "periodic"
  },
  {
    "equity_ticker": "MPWR",
    "geography": "US",
    "content_name": "MPWR Q3 2007 10-Q",
    "file_type": "pdf",
    "content_type": "quarterly_report",
    "published_date": "2007-10-31",
    "fiscal_date": "2007-09-30",
    "fiscal_year": 2007,
    "fiscal_quarter": 3,
    "r2_url": "https://pub-2c783279b61043e19fbdadd1bee5153a.r2.dev/MPWR/2007-10-31/d10q.htm/d10q.pdf",
    "periodicity": "periodic"
  },
  {
    "equity_ticker": "MPWR",
    "geography": "US",
    "content_name": "MPWR Q2 2007 10-Q",
    "file_type": "pdf",
    "content_type": "quarterly_report",
    "published_date": "2007-08-01",
    "fiscal_date": "2007-06-30",
    "fiscal_year": 2007,
    "fiscal_quarter": 2,
    "r2_url": "https://pub-2c783279b61043e19fbdadd1bee5153a.r2.dev/MPWR/2007-08-01/d10q.htm/d10q.pdf",
    "periodicity": "periodic"
  },
  {
    "equity_ticker": "MPWR",
    "geography": "US",
    "content_name": "MPWR Q1 2007 10-Q",
    "file_type": "pdf",
    "content_type": "quarterly_report",
    "published_date": "2007-04-27",
    "fiscal_date": "2007-03-31",
    "fiscal_year": 2007,
    "fiscal_quarter": 1,
    "r2_url": "https://pub-2c783279b61043e19fbdadd1bee5153a.r2.dev/MPWR/2007-04-27/d10q.htm/d10q.pdf",
    "periodicity": "periodic"
  },
  {
    "equity_ticker": "MPWR",
    "geography": "US",
    "content_name": "MPWR Q4 2006 10-K",
    "file_type": "pdf",
    "content_type": "annual_report",
    "published_date": "2007-03-16",
    "fiscal_date": "2006-12-31",
    "fiscal_year": 2006,
    "fiscal_quarter": 4,
    "r2_url": "https://pub-2c783279b61043e19fbdadd1bee5153a.r2.dev/MPWR/2007-03-16/d10k.htm/d10k.pdf",
    "periodicity": "periodic"
  },
  {
    "equity_ticker": "MPWR",
    "geography": "US",
    "content_name": "MPWR Q3 2006 10-Q",
    "file_type": "pdf",
    "content_type": "quarterly_report",
    "published_date": "2006-11-06",
    "fiscal_date": "2006-09-30",
    "fiscal_year": 2006,
    "fiscal_quarter": 3,
    "r2_url": "https://pub-2c783279b61043e19fbdadd1bee5153a.r2.dev/MPWR/2006-11-06/d10q.htm/d10q.pdf",
    "periodicity": "periodic"
  },
  {
    "equity_ticker": "MPWR",
    "geography": "US",
    "content_name": "MPWR Q2 2006 10-Q",
    "file_type": "pdf",
    "content_type": "quarterly_report",
    "published_date": "2006-08-04",
    "fiscal_date": "2006-06-30",
    "fiscal_year": 2006,
    "fiscal_quarter": 2,
    "r2_url": "https://pub-2c783279b61043e19fbdadd1bee5153a.r2.dev/MPWR/2006-08-04/d10q.htm/d10q.pdf",
    "periodicity": "periodic"
  },
  {
    "equity_ticker": "MPWR",
    "geography": "US",
    "content_name": "MPWR Q1 2006 10-Q",
    "file_type": "pdf",
    "content_type": "quarterly_report",
    "published_date": "2006-05-09",
    "fiscal_date": "2006-03-31",
    "fiscal_year": 2006,
    "fiscal_quarter": 1,
    "r2_url": "https://pub-2c783279b61043e19fbdadd1bee5153a.r2.dev/MPWR/2006-05-09/d10q.htm/d10q.pdf",
    "periodicity": "periodic"
  },
  {
    "equity_ticker": "MPWR",
    "geography": "US",
    "content_name": "MPWR Q4 2005 10-K",
    "file_type": "pdf",
    "content_type": "annual_report",
    "published_date": "2006-03-28",
    "fiscal_date": "2005-12-31",
    "fiscal_year": 2005,
    "fiscal_quarter": 4,
    "r2_url": "https://pub-2c783279b61043e19fbdadd1bee5153a.r2.dev/MPWR/2006-03-28/d10k.htm/d10k.pdf",
    "periodicity": "periodic"
  },
  {
    "equity_ticker": "MPWR",
    "geography": "US",
    "content_name": "MPWR Q3 2005 10-Q",
    "file_type": "pdf",
    "content_type": "quarterly_report",
    "published_date": "2006-03-10",
    "fiscal_date": "2005-09-30",
    "fiscal_year": 2005,
    "fiscal_quarter": 3,
    "r2_url": "https://pub-2c783279b61043e19fbdadd1bee5153a.r2.dev/MPWR/2006-03-10/d10q.htm/d10q.pdf",
    "periodicity": "periodic"
  },
  {
    "equity_ticker": "MPWR",
    "geography": "US",
    "content_name": "MPWR Q2 2005 10-Q",
    "file_type": "pdf",
    "content_type": "quarterly_report",
    "published_date": "2005-08-15",
    "fiscal_date": "2005-06-30",
    "fiscal_year": 2005,
    "fiscal_quarter": 2,
    "r2_url": "https://pub-2c783279b61043e19fbdadd1bee5153a.r2.dev/MPWR/2005-08-15/d10q.htm/d10q.pdf",
    "periodicity": "periodic"
  },
  {
    "equity_ticker": "MPWR",
    "geography": "US",
    "content_name": "MPWR Q1 2005 10-Q",
    "file_type": "pdf",
    "content_type": "quarterly_report",
    "published_date": "2005-05-13",
    "fiscal_date": "2005-03-31",
    "fiscal_year": 2005,
    "fiscal_quarter": 1,
    "r2_url": "https://pub-2c783279b61043e19fbdadd1bee5153a.r2.dev/MPWR/2005-05-13/d10q.htm/d10q.pdf",
    "periodicity": "periodic"
  },
  {
    "equity_ticker": "MPWR",
    "geography": "US",
    "content_name": "MPWR Q4 2004 10-K",
    "file_type": "pdf",
    "content_type": "annual_report",
    "published_date": "2005-03-31",
    "fiscal_date": "2004-12-31",
    "fiscal_year": 2004,
    "fiscal_quarter": 4,
    "r2_url": "https://pub-2c783279b61043e19fbdadd1bee5153a.r2.dev/MPWR/2005-03-31/d10k.htm/d10k.pdf",
    "periodicity": "periodic"
  },
  {
    "equity_ticker": "MPWR",
    "geography": "US",
    "content_name": "MPWR Q4 2000 10-K",
    "file_type": "pdf",
    "content_type": "annual_report",
    "published_date": "2001-03-08",
    "fiscal_date": "2000-12-31",
    "fiscal_year": 2000,
    "fiscal_quarter": 4,
    "r2_url": "https://pub-2c783279b61043e19fbdadd1bee5153a.r2.dev/MPWR/2001-03-08/y46002e10-k.txt/y46002e10-k.pdf",
    "periodicity": "periodic"
  },
  {
    "equity_ticker": "MPWR",
    "geography": "US",
    "content_name": "MPWR Q3 2000 10-Q",
    "file_type": "pdf",
    "content_type": "quarterly_report",
    "published_date": "2000-11-14",
    "fiscal_date": "2000-09-30",
    "fiscal_year": 2000,
    "fiscal_quarter": 3,
    "r2_url": "https://pub-2c783279b61043e19fbdadd1bee5153a.r2.dev/MPWR/2000-11-14/y42591e10-q.txt/y42591e10-q.pdf",
    "periodicity": "periodic"
  },
  {
    "equity_ticker": "MPWR",
    "geography": "US",
    "content_name": "MPWR Q2 2000 10-Q",
    "file_type": "pdf",
    "content_type": "quarterly_report",
    "published_date": "2000-08-14",
    "fiscal_date": "2000-06-30",
    "fiscal_year": 2000,
    "fiscal_quarter": 2,
    "r2_url": "https://pub-2c783279b61043e19fbdadd1bee5153a.r2.dev/MPWR/2000-08-14/e10-q.txt/e10-q.pdf",
    "periodicity": "periodic"
  },
  {
    "equity_ticker": "MPWR",
    "geography": "US",
    "content_name": "MPWR Q4 1999 10-K",
    "file_type": "pdf",
    "content_type": "annual_report",
    "published_date": "2000-03-30",
    "fiscal_date": "1999-12-31",
    "fiscal_year": 1999,
    "fiscal_quarter": 4,
    "r2_url": "https://pub-2c783279b61043e19fbdadd1bee5153a.r2.dev/MPWR/2000-03-30/.pdf",
    "periodicity": "periodic"
  },
  {
    "equity_ticker": "MPWR",
    "geography": "US",
    "content_name": "MPWR Q1 1999 10-Q",
    "file_type": "pdf",
    "content_type": "quarterly_report",
    "published_date": "1999-05-17",
    "fiscal_date": "1999-03-31",
    "fiscal_year": 1999,
    "fiscal_quarter": 1,
    "r2_url": "https://pub-2c783279b61043e19fbdadd1bee5153a.r2.dev/MPWR/1999-05-17/.pdf",
    "periodicity": "periodic"
  },
  {
    "equity_ticker": "MPWR",
    "geography": "US",
    "content_name": "MPWR Q4 1998 10-K",
    "file_type": "pdf",
    "content_type": "annual_report",
    "published_date": "1999-03-24",
    "fiscal_date": "1998-12-31",
    "fiscal_year": 1998,
    "fiscal_quarter": 4,
    "r2_url": "https://pub-2c783279b61043e19fbdadd1bee5153a.r2.dev/MPWR/1999-03-24/.pdf",
    "periodicity": "periodic"
  },
  {
    "equity_ticker": "MPWR",
    "geography": "US",
    "content_name": "MPWR Q3 1998 10-Q",
    "file_type": "pdf",
    "content_type": "quarterly_report",
    "published_date": "1998-11-13",
    "fiscal_date": "1998-09-30",
    "fiscal_year": 1998,
    "fiscal_quarter": 3,
    "r2_url": "https://pub-2c783279b61043e19fbdadd1bee5153a.r2.dev/MPWR/1998-11-13/.pdf",
    "periodicity": "periodic"
  },
  {
    "equity_ticker": "MPWR",
    "geography": "US",
    "content_name": "MPWR Q2 1998 10-Q",
    "file_type": "pdf",
    "content_type": "quarterly_report",
    "published_date": "1998-08-14",
    "fiscal_date": "1998-06-30",
    "fiscal_year": 1998,
    "fiscal_quarter": 2,
    "r2_url": "https://pub-2c783279b61043e19fbdadd1bee5153a.r2.dev/MPWR/1998-08-14/.pdf",
    "periodicity": "periodic"
  },
  {
    "equity_ticker": "MPWR",
    "geography": "US",
    "content_name": "MPWR Q1 1998 10-Q",
    "file_type": "pdf",
    "content_type": "quarterly_report",
    "published_date": "1998-05-12",
    "fiscal_date": "1998-03-31",
    "fiscal_year": 1998,
    "fiscal_quarter": 1,
    "r2_url": "https://pub-2c783279b61043e19fbdadd1bee5153a.r2.dev/MPWR/1998-05-12/.pdf",
    "periodicity": "periodic"
  },
  {
    "equity_ticker": "MPWR",
    "geography": "US",
    "content_name": "MPWR Q4 1997 10-Q",
    "file_type": "pdf",
    "content_type": "quarterly_report",
    "published_date": "1997-11-20",
    "fiscal_date": "1997-09-30",
    "fiscal_year": 1997,
    "fiscal_quarter": 4,
    "r2_url": "https://pub-2c783279b61043e19fbdadd1bee5153a.r2.dev/MPWR/1997-11-20/.pdf",
    "periodicity": "periodic"
  },
  {
    "equity_ticker": "MPWR",
    "geography": "US",
    "content_name": "Investor Day 2025 - March 20, 2025",
    "file_type": "pdf",
    "content_type": "company_conference_transcript",
    "published_date": "2025-03-20",
    "fiscal_date": "2025-03-20",
    "fiscal_year": null,
    "fiscal_quarter": null,
    "r2_url": "https://pub-2c783279b61043e19fbdadd1bee5153a.r2.dev/MPWR/2025-03-20/Monolithic%20Power%20Systems%2C%20Inc._2025-03-20_transcript/Monolithic%20Power%20Systems%2C%20Inc._2025-03-20_transcript.pdf/Monolithic%20Power%20Systems%2C%20Inc._2025-03-20_transcript.pdf",
    "periodicity": "non_periodic"
  },
  {
    "equity_ticker": "MPWR",
    "geography": "US",
    "content_name": "Investor Day 2025 - March 20, 2025",
    "file_type": "pdf",
    "content_type": "company_conference_presentation",
    "published_date": "2025-03-20",
    "fiscal_date": "2025-03-20",
    "fiscal_year": null,
    "fiscal_quarter": null,
    "r2_url": "https://pub-2c783279b61043e19fbdadd1bee5153a.r2.dev/MPWR/2025-03-20/dd29b-2025-03-21-09-45-34/dd29b-2025-03-21-09-45-34.pdf/dd29b-2025-03-21-09-45-34.pdf",
    "periodicity": "non_periodic"
  },
  {
    "equity_ticker": "MPWR",
    "geography": "US",
    "content_name": "MPWR Q4 2024 Transcript",
    "file_type": "pdf",
    "content_type": "earnings_transcript",
    "published_date": "2025-02-06",
    "fiscal_date": "2025-02-06",
    "fiscal_year": 2024,
    "fiscal_quarter": 4,
    "r2_url": "https://pub-2c783279b61043e19fbdadd1bee5153a.r2.dev/MPWR/2025-02-06/Monolithic%20Power%20Systems%2C%20Inc._2025-02-06_transcript/Monolithic%20Power%20Systems%2C%20Inc._2025-02-06_transcript.pdf/Monolithic%20Power%20Systems%2C%20Inc._2025-02-06_transcript.pdf",
    "periodicity": "periodic"
  },
  {
    "equity_ticker": "MPWR",
    "geography": "US",
    "content_name": "MPWR Q4 2024 Press Release",
    "file_type": "pdf",
    "content_type": "earnings_press_release",
    "published_date": "2025-02-06",
    "fiscal_date": "2025-02-06",
    "fiscal_year": 2024,
    "fiscal_quarter": 4,
    "r2_url": "https://pub-2c783279b61043e19fbdadd1bee5153a.r2.dev/MPWR/2025-02-06/bce62-2025-02-06-09-30-03/bce62-2025-02-06-09-30-03.pdf/bce62-2025-02-06-09-30-03.pdf",
    "periodicity": "periodic"
  },
  {
    "equity_ticker": "MPWR",
    "geography": "US",
    "content_name": "MPWR Q3 2024 Transcript",
    "file_type": "pdf",
    "content_type": "earnings_transcript",
    "published_date": "2024-10-30",
    "fiscal_date": "2024-10-30",
    "fiscal_year": 2024,
    "fiscal_quarter": 3,
    "r2_url": "https://pub-2c783279b61043e19fbdadd1bee5153a.r2.dev/MPWR/2024-10-30/Monolithic%20Power%20Systems%2C%20Inc._2024-10-30_transcript/Monolithic%20Power%20Systems%2C%20Inc._2024-10-30_transcript.pdf/Monolithic%20Power%20Systems%2C%20Inc._2024-10-30_transcript.pdf",
    "periodicity": "periodic"
  },
  {
    "equity_ticker": "MPWR",
    "geography": "US",
    "content_name": "MPWR Q3 2024 Press Release",
    "file_type": "pdf",
    "content_type": "earnings_press_release",
    "published_date": "2024-10-30",
    "fiscal_date": "2024-10-30",
    "fiscal_year": 2024,
    "fiscal_quarter": 3,
    "r2_url": "https://pub-2c783279b61043e19fbdadd1bee5153a.r2.dev/MPWR/2024-10-30/d16aa-2024-10-30-08-49-02/d16aa-2024-10-30-08-49-02.pdf/d16aa-2024-10-30-08-49-02.pdf",
    "periodicity": "periodic"
  },
  {
    "equity_ticker": "MPWR",
    "geography": "US",
    "content_name": "MPWR Q2 2024 Transcript",
    "file_type": "pdf",
    "content_type": "earnings_transcript",
    "published_date": "2024-08-01",
    "fiscal_date": "2024-08-01",
    "fiscal_year": 2024,
    "fiscal_quarter": 2,
    "r2_url": "https://pub-2c783279b61043e19fbdadd1bee5153a.r2.dev/MPWR/2024-08-01/Monolithic%20Power%20Systems%2C%20Inc._2024-08-01_transcript/Monolithic%20Power%20Systems%2C%20Inc._2024-08-01_transcript.pdf/Monolithic%20Power%20Systems%2C%20Inc._2024-08-01_transcript.pdf",
    "periodicity": "periodic"
  },
  {
    "equity_ticker": "MPWR",
    "geography": "US",
    "content_name": "MPWR Q2 2024 Press Release",
    "file_type": "pdf",
    "content_type": "earnings_press_release",
    "published_date": "2024-08-01",
    "fiscal_date": "2024-08-01",
    "fiscal_year": 2024,
    "fiscal_quarter": 2,
    "r2_url": "https://pub-2c783279b61043e19fbdadd1bee5153a.r2.dev/MPWR/2024-08-01/f6680-2024-08-01-08-01-04/f6680-2024-08-01-08-01-04.pdf/f6680-2024-08-01-08-01-04.pdf",
    "periodicity": "periodic"
  },
  {
    "equity_ticker": "MPWR",
    "geography": "US",
    "content_name": "AGM 2024 - June 13, 2024",
    "file_type": "pdf",
    "content_type": "company_conference_transcript",
    "published_date": "2024-06-13",
    "fiscal_date": "2024-06-13",
    "fiscal_year": null,
    "fiscal_quarter": null,
    "r2_url": "https://pub-2c783279b61043e19fbdadd1bee5153a.r2.dev/MPWR/2024-06-13/Monolithic%20Power%20Systems%2C%20Inc._2024-06-13_transcript/Monolithic%20Power%20Systems%2C%20Inc._2024-06-13_transcript.pdf/Monolithic%20Power%20Systems%2C%20Inc._2024-06-13_transcript.pdf",
    "periodicity": "non_periodic"
  },
  {
    "equity_ticker": "MPWR",
    "geography": "US",
    "content_name": "MPWR Q1 2024 Transcript",
    "file_type": "pdf",
    "content_type": "earnings_transcript",
    "published_date": "2024-05-01",
    "fiscal_date": "2024-05-01",
    "fiscal_year": 2024,
    "fiscal_quarter": 1,
    "r2_url": "https://pub-2c783279b61043e19fbdadd1bee5153a.r2.dev/MPWR/2024-05-01/Monolithic%20Power%20Systems%2C%20Inc._2024-05-01_transcript/Monolithic%20Power%20Systems%2C%20Inc._2024-05-01_transcript.pdf/Monolithic%20Power%20Systems%2C%20Inc._2024-05-01_transcript.pdf",
    "periodicity": "periodic"
  },
  {
    "equity_ticker": "MPWR",
    "geography": "US",
    "content_name": "MPWR Q1 2024 Press Release",
    "file_type": "pdf",
    "content_type": "earnings_press_release",
    "published_date": "2024-05-01",
    "fiscal_date": "2024-05-01",
    "fiscal_year": 2024,
    "fiscal_quarter": 1,
    "r2_url": "https://pub-2c783279b61043e19fbdadd1bee5153a.r2.dev/MPWR/2024-05-01/4a115-2024-05-01-08-07-04/4a115-2024-05-01-08-07-04.pdf/4a115-2024-05-01-08-07-04.pdf",
    "periodicity": "periodic"
  },
  {
    "equity_ticker": "MPWR",
    "geography": "US",
    "content_name": "MPWR Q4 2023 Transcript",
    "file_type": "pdf",
    "content_type": "earnings_transcript",
    "published_date": "2024-02-07",
    "fiscal_date": "2024-02-07",
    "fiscal_year": 2023,
    "fiscal_quarter": 4,
    "r2_url": "https://pub-2c783279b61043e19fbdadd1bee5153a.r2.dev/MPWR/2024-02-07/Monolithic%20Power%20Systems%2C%20Inc._2024-02-07_transcript/Monolithic%20Power%20Systems%2C%20Inc._2024-02-07_transcript.pdf/Monolithic%20Power%20Systems%2C%20Inc._2024-02-07_transcript.pdf",
    "periodicity": "periodic"
  },
  {
    "equity_ticker": "MPWR",
    "geography": "US",
    "content_name": "MPWR Q4 2023 Press Release",
    "file_type": "pdf",
    "content_type": "earnings_press_release",
    "published_date": "2024-02-07",
    "fiscal_date": "2024-02-07",
    "fiscal_year": 2023,
    "fiscal_quarter": 4,
    "r2_url": "https://pub-2c783279b61043e19fbdadd1bee5153a.r2.dev/MPWR/2024-02-07/a38a1-2024-02-07-09-19-03/a38a1-2024-02-07-09-19-03.pdf/a38a1-2024-02-07-09-19-03.pdf",
    "periodicity": "periodic"
  },
  {
    "equity_ticker": "MPWR",
    "geography": "US",
    "content_name": "Status Update - January 17, 2024",
    "file_type": "pdf",
    "content_type": "company_conference_transcript",
    "published_date": "2024-01-17",
    "fiscal_date": "2024-01-17",
    "fiscal_year": null,
    "fiscal_quarter": null,
    "r2_url": "https://pub-2c783279b61043e19fbdadd1bee5153a.r2.dev/MPWR/2024-01-17/Monolithic%20Power%20Systems%2C%20Inc._2024-01-17_transcript/Monolithic%20Power%20Systems%2C%20Inc._2024-01-17_transcript.pdf/Monolithic%20Power%20Systems%2C%20Inc._2024-01-17_transcript.pdf",
    "periodicity": "non_periodic"
  },
  {
    "equity_ticker": "MPWR",
    "geography": "US",
    "content_name": "MPWR Q3 2023 Transcript",
    "file_type": "pdf",
    "content_type": "earnings_transcript",
    "published_date": "2023-10-30",
    "fiscal_date": "2023-10-30",
    "fiscal_year": 2023,
    "fiscal_quarter": 3,
    "r2_url": "https://pub-2c783279b61043e19fbdadd1bee5153a.r2.dev/MPWR/2023-10-30/Monolithic%20Power%20Systems%2C%20Inc._2023-10-30_transcript/Monolithic%20Power%20Systems%2C%20Inc._2023-10-30_transcript.pdf/Monolithic%20Power%20Systems%2C%20Inc._2023-10-30_transcript.pdf",
    "periodicity": "periodic"
  },
  {
    "equity_ticker": "MPWR",
    "geography": "US",
    "content_name": "MPWR Q3 2023 Press Release",
    "file_type": "pdf",
    "content_type": "earnings_press_release",
    "published_date": "2023-10-30",
    "fiscal_date": "2023-10-30",
    "fiscal_year": 2023,
    "fiscal_quarter": 3,
    "r2_url": "https://pub-2c783279b61043e19fbdadd1bee5153a.r2.dev/MPWR/2023-10-30/7cdc5-2023-10-30-08-59-02/7cdc5-2023-10-30-08-59-02.pdf/7cdc5-2023-10-30-08-59-02.pdf",
    "periodicity": "periodic"
  },
  {
    "equity_ticker": "MPWR",
    "geography": "US",
    "content_name": "MPWR Q2 2023 Transcript",
    "file_type": "pdf",
    "content_type": "earnings_transcript",
    "published_date": "2023-07-31",
    "fiscal_date": "2023-07-31",
    "fiscal_year": 2023,
    "fiscal_quarter": 2,
    "r2_url": "https://pub-2c783279b61043e19fbdadd1bee5153a.r2.dev/MPWR/2023-07-31/Monolithic%20Power%20Systems%2C%20Inc._2023-07-31_transcript/Monolithic%20Power%20Systems%2C%20Inc._2023-07-31_transcript.pdf/Monolithic%20Power%20Systems%2C%20Inc._2023-07-31_transcript.pdf",
    "periodicity": "periodic"
  },
  {
    "equity_ticker": "MPWR",
    "geography": "US",
    "content_name": "MPWR Q2 2023 Press Release",
    "file_type": "pdf",
    "content_type": "earnings_press_release",
    "published_date": "2023-07-31",
    "fiscal_date": "2023-07-31",
    "fiscal_year": 2023,
    "fiscal_quarter": 2,
    "r2_url": "https://pub-2c783279b61043e19fbdadd1bee5153a.r2.dev/MPWR/2023-07-31/e078e-2023-07-31-08-30-03/e078e-2023-07-31-08-30-03.pdf/e078e-2023-07-31-08-30-03.pdf",
    "periodicity": "periodic"
  },
  {
    "equity_ticker": "MPWR",
    "geography": "US",
    "content_name": "AGM 2023 - June 15, 2023",
    "file_type": "pdf",
    "content_type": "company_conference_transcript",
    "published_date": "2023-06-15",
    "fiscal_date": "2023-06-15",
    "fiscal_year": null,
    "fiscal_quarter": null,
    "r2_url": "https://pub-2c783279b61043e19fbdadd1bee5153a.r2.dev/MPWR/2023-06-15/Monolithic%20Power%20Systems%2C%20Inc._2023-06-15_transcript/Monolithic%20Power%20Systems%2C%20Inc._2023-06-15_transcript.pdf/Monolithic%20Power%20Systems%2C%20Inc._2023-06-15_transcript.pdf",
    "periodicity": "non_periodic"
  },
  {
    "equity_ticker": "MPWR",
    "geography": "US",
    "content_name": "MPWR Q1 2023 Transcript",
    "file_type": "pdf",
    "content_type": "earnings_transcript",
    "published_date": "2023-05-04",
    "fiscal_date": "2023-05-04",
    "fiscal_year": 2023,
    "fiscal_quarter": 1,
    "r2_url": "https://pub-2c783279b61043e19fbdadd1bee5153a.r2.dev/MPWR/2023-05-04/Monolithic%20Power%20Systems%2C%20Inc._2023-05-04_transcript/Monolithic%20Power%20Systems%2C%20Inc._2023-05-04_transcript.pdf/Monolithic%20Power%20Systems%2C%20Inc._2023-05-04_transcript.pdf",
    "periodicity": "periodic"
  },
  {
    "equity_ticker": "MPWR",
    "geography": "US",
    "content_name": "MPWR Q1 2023 Press Release",
    "file_type": "pdf",
    "content_type": "earnings_press_release",
    "published_date": "2023-05-04",
    "fiscal_date": "2023-05-04",
    "fiscal_year": 2023,
    "fiscal_quarter": 1,
    "r2_url": "https://pub-2c783279b61043e19fbdadd1bee5153a.r2.dev/MPWR/2023-05-04/be0ad-2023-05-04-08-10-30/be0ad-2023-05-04-08-10-30.pdf/be0ad-2023-05-04-08-10-30.pdf",
    "periodicity": "periodic"
  },
  {
    "equity_ticker": "MPWR",
    "geography": "US",
    "content_name": "MPWR Q4 2022 Transcript",
    "file_type": "pdf",
    "content_type": "earnings_transcript",
    "published_date": "2023-02-08",
    "fiscal_date": "2023-02-08",
    "fiscal_year": 2022,
    "fiscal_quarter": 4,
    "r2_url": "https://pub-2c783279b61043e19fbdadd1bee5153a.r2.dev/MPWR/2023-02-08/Monolithic%20Power%20Systems%2C%20Inc._2023-02-08_transcript/Monolithic%20Power%20Systems%2C%20Inc._2023-02-08_transcript.pdf/Monolithic%20Power%20Systems%2C%20Inc._2023-02-08_transcript.pdf",
    "periodicity": "periodic"
  },
  {
    "equity_ticker": "MPWR",
    "geography": "US",
    "content_name": "MPWR Q4 2022 Press Release",
    "file_type": "pdf",
    "content_type": "earnings_press_release",
    "published_date": "2023-02-08",
    "fiscal_date": "2023-02-08",
    "fiscal_year": 2022,
    "fiscal_quarter": 4,
    "r2_url": "https://pub-2c783279b61043e19fbdadd1bee5153a.r2.dev/MPWR/2023-02-08/aa50b-2023-02-08-09-04-14/aa50b-2023-02-08-09-04-14.pdf/aa50b-2023-02-08-09-04-14.pdf",
    "periodicity": "periodic"
  },
  {
    "equity_ticker": "MPWR",
    "geography": "US",
    "content_name": "MPWR Q3 2022 Transcript",
    "file_type": "pdf",
    "content_type": "earnings_transcript",
    "published_date": "2022-10-27",
    "fiscal_date": "2022-10-27",
    "fiscal_year": 2022,
    "fiscal_quarter": 3,
    "r2_url": "https://pub-2c783279b61043e19fbdadd1bee5153a.r2.dev/MPWR/2022-10-27/Monolithic%20Power%20Systems%2C%20Inc._2022-10-27_transcript/Monolithic%20Power%20Systems%2C%20Inc._2022-10-27_transcript.pdf/Monolithic%20Power%20Systems%2C%20Inc._2022-10-27_transcript.pdf",
    "periodicity": "periodic"
  },
  {
    "equity_ticker": "MPWR",
    "geography": "US",
    "content_name": "MPWR Q3 2022 Press Release",
    "file_type": "pdf",
    "content_type": "earnings_press_release",
    "published_date": "2022-10-27",
    "fiscal_date": "2022-10-27",
    "fiscal_year": 2022,
    "fiscal_quarter": 3,
    "r2_url": "https://pub-2c783279b61043e19fbdadd1bee5153a.r2.dev/MPWR/2022-10-27/d4c29-2022-10-27-08-12-03/d4c29-2022-10-27-08-12-03.pdf/d4c29-2022-10-27-08-12-03.pdf",
    "periodicity": "periodic"
  },
  {
    "equity_ticker": "MPWR",
    "geography": "US",
    "content_name": "MPWR Q2 2022 Transcript",
    "file_type": "pdf",
    "content_type": "earnings_transcript",
    "published_date": "2022-08-01",
    "fiscal_date": "2022-08-01",
    "fiscal_year": 2022,
    "fiscal_quarter": 2,
    "r2_url": "https://pub-2c783279b61043e19fbdadd1bee5153a.r2.dev/MPWR/2022-08-01/Monolithic%20Power%20Systems%2C%20Inc._2022-08-01_transcript/Monolithic%20Power%20Systems%2C%20Inc._2022-08-01_transcript.pdf/Monolithic%20Power%20Systems%2C%20Inc._2022-08-01_transcript.pdf",
    "periodicity": "periodic"
  },
  {
    "equity_ticker": "MPWR",
    "geography": "US",
    "content_name": "MPWR Q2 2022 Press Release",
    "file_type": "pdf",
    "content_type": "earnings_press_release",
    "published_date": "2022-08-01",
    "fiscal_date": "2022-08-01",
    "fiscal_year": 2022,
    "fiscal_quarter": 2,
    "r2_url": "https://pub-2c783279b61043e19fbdadd1bee5153a.r2.dev/MPWR/2022-08-01/053ff-2022-08-01-08-07-10/053ff-2022-08-01-08-07-10.pdf/053ff-2022-08-01-08-07-10.pdf",
    "periodicity": "periodic"
  },
  {
    "equity_ticker": "MPWR",
    "geography": "US",
    "content_name": "AGM 2022 - June 16, 2022",
    "file_type": "pdf",
    "content_type": "company_conference_transcript",
    "published_date": "2022-06-16",
    "fiscal_date": "2022-06-16",
    "fiscal_year": null,
    "fiscal_quarter": null,
    "r2_url": "https://pub-2c783279b61043e19fbdadd1bee5153a.r2.dev/MPWR/2022-06-16/Monolithic%20Power%20Systems%2C%20Inc._2022-06-16_transcript/Monolithic%20Power%20Systems%2C%20Inc._2022-06-16_transcript.pdf/Monolithic%20Power%20Systems%2C%20Inc._2022-06-16_transcript.pdf",
    "periodicity": "non_periodic"
  },
  {
    "equity_ticker": "MPWR",
    "geography": "US",
    "content_name": "MPWR Q1 2022 Transcript",
    "file_type": "pdf",
    "content_type": "earnings_transcript",
    "published_date": "2022-05-02",
    "fiscal_date": "2022-05-02",
    "fiscal_year": 2022,
    "fiscal_quarter": 1,
    "r2_url": "https://pub-2c783279b61043e19fbdadd1bee5153a.r2.dev/MPWR/2022-05-02/Monolithic%20Power%20Systems%2C%20Inc._2022-05-02_transcript/Monolithic%20Power%20Systems%2C%20Inc._2022-05-02_transcript.pdf/Monolithic%20Power%20Systems%2C%20Inc._2022-05-02_transcript.pdf",
    "periodicity": "periodic"
  },
  {
    "equity_ticker": "MPWR",
    "geography": "US",
    "content_name": "MPWR Q1 2022 Press Release",
    "file_type": "pdf",
    "content_type": "earnings_press_release",
    "published_date": "2022-05-02",
    "fiscal_date": "2022-05-02",
    "fiscal_year": 2022,
    "fiscal_quarter": 1,
    "r2_url": "https://pub-2c783279b61043e19fbdadd1bee5153a.r2.dev/MPWR/2022-05-02/75a67-2023-01-25-01-48-21/75a67-2023-01-25-01-48-21.pdf/75a67-2023-01-25-01-48-21.pdf",
    "periodicity": "periodic"
  },
  {
    "equity_ticker": "MPWR",
    "geography": "US",
    "content_name": "MPWR Q4 2021 Transcript",
    "file_type": "pdf",
    "content_type": "earnings_transcript",
    "published_date": "2022-02-10",
    "fiscal_date": "2022-02-10",
    "fiscal_year": 2021,
    "fiscal_quarter": 4,
    "r2_url": "https://pub-2c783279b61043e19fbdadd1bee5153a.r2.dev/MPWR/2022-02-10/Monolithic%20Power%20Systems%2C%20Inc._2022-02-10_transcript/Monolithic%20Power%20Systems%2C%20Inc._2022-02-10_transcript.pdf/Monolithic%20Power%20Systems%2C%20Inc._2022-02-10_transcript.pdf",
    "periodicity": "periodic"
  },
  {
    "equity_ticker": "MPWR",
    "geography": "US",
    "content_name": "MPWR Q4 2021 Press Release",
    "file_type": "pdf",
    "content_type": "earnings_press_release",
    "published_date": "2022-02-10",
    "fiscal_date": "2022-02-10",
    "fiscal_year": 2021,
    "fiscal_quarter": 4,
    "r2_url": "https://pub-2c783279b61043e19fbdadd1bee5153a.r2.dev/MPWR/2022-02-10/be491-2023-01-25-12-44-25/be491-2023-01-25-12-44-25.pdf/be491-2023-01-25-12-44-25.pdf",
    "periodicity": "periodic"
  },
  {
    "equity_ticker": "MPWR",
    "geography": "US",
    "content_name": "MPWR Q4 2021 Presentation",
    "file_type": "pdf",
    "content_type": "earnings_presentation",
    "published_date": "2022-02-10",
    "fiscal_date": "2022-02-10",
    "fiscal_year": 2021,
    "fiscal_quarter": 4,
    "r2_url": "https://pub-2c783279b61043e19fbdadd1bee5153a.r2.dev/MPWR/2022-02-10/57e2b-2022-02-10-09-22-25-migrated/57e2b-2022-02-10-09-22-25-migrated.pdf/57e2b-2022-02-10-09-22-25-migrated.pdf",
    "periodicity": "periodic"
  },
  {
    "equity_ticker": "MPWR",
    "geography": "US",
    "content_name": "MPWR Q3 2021 Transcript",
    "file_type": "pdf",
    "content_type": "earnings_transcript",
    "published_date": "2021-10-28",
    "fiscal_date": "2021-10-28",
    "fiscal_year": 2021,
    "fiscal_quarter": 3,
    "r2_url": "https://pub-2c783279b61043e19fbdadd1bee5153a.r2.dev/MPWR/2021-10-28/Monolithic%20Power%20Systems%2C%20Inc._2021-10-28_transcript/Monolithic%20Power%20Systems%2C%20Inc._2021-10-28_transcript.pdf/Monolithic%20Power%20Systems%2C%20Inc._2021-10-28_transcript.pdf",
    "periodicity": "periodic"
  },
  {
    "equity_ticker": "MPWR",
    "geography": "US",
    "content_name": "MPWR Q3 2021 Press Release",
    "file_type": "pdf",
    "content_type": "earnings_press_release",
    "published_date": "2021-10-28",
    "fiscal_date": "2021-10-28",
    "fiscal_year": 2021,
    "fiscal_quarter": 3,
    "r2_url": "https://pub-2c783279b61043e19fbdadd1bee5153a.r2.dev/MPWR/2021-10-28/90379-2023-01-25-10-01-18/90379-2023-01-25-10-01-18.pdf/90379-2023-01-25-10-01-18.pdf",
    "periodicity": "periodic"
  },
  {
    "equity_ticker": "MPWR",
    "geography": "US",
    "content_name": "MPWR Q3 2021 Presentation",
    "file_type": "pdf",
    "content_type": "earnings_presentation",
    "published_date": "2021-10-28",
    "fiscal_date": "2021-10-28",
    "fiscal_year": 2021,
    "fiscal_quarter": 3,
    "r2_url": "https://pub-2c783279b61043e19fbdadd1bee5153a.r2.dev/MPWR/2021-10-28/b6419-2023-03-08-03-42-24/b6419-2023-03-08-03-42-24.pdf/b6419-2023-03-08-03-42-24.pdf",
    "periodicity": "periodic"
  },
  {
    "equity_ticker": "MPWR",
    "geography": "US",
    "content_name": "MPWR Q2 2021 Transcript",
    "file_type": "pdf",
    "content_type": "earnings_transcript",
    "published_date": "2021-07-27",
    "fiscal_date": "2021-07-27",
    "fiscal_year": 2021,
    "fiscal_quarter": 2,
    "r2_url": "https://pub-2c783279b61043e19fbdadd1bee5153a.r2.dev/MPWR/2021-07-27/Monolithic%20Power%20Systems%2C%20Inc._2021-07-27_transcript/Monolithic%20Power%20Systems%2C%20Inc._2021-07-27_transcript.pdf/Monolithic%20Power%20Systems%2C%20Inc._2021-07-27_transcript.pdf",
    "periodicity": "periodic"
  },
  {
    "equity_ticker": "MPWR",
    "geography": "US",
    "content_name": "MPWR Q2 2021 Press Release",
    "file_type": "pdf",
    "content_type": "earnings_press_release",
    "published_date": "2021-07-27",
    "fiscal_date": "2021-07-27",
    "fiscal_year": 2021,
    "fiscal_quarter": 2,
    "r2_url": "https://pub-2c783279b61043e19fbdadd1bee5153a.r2.dev/MPWR/2021-07-27/a5a9a-2023-01-25-09-42-58/a5a9a-2023-01-25-09-42-58.pdf/a5a9a-2023-01-25-09-42-58.pdf",
    "periodicity": "periodic"
  },
  {
    "equity_ticker": "MPWR",
    "geography": "US",
    "content_name": "AGM 2021 - June 10, 2021",
    "file_type": "pdf",
    "content_type": "company_conference_transcript",
    "published_date": "2021-06-10",
    "fiscal_date": "2021-06-10",
    "fiscal_year": null,
    "fiscal_quarter": null,
    "r2_url": "https://pub-2c783279b61043e19fbdadd1bee5153a.r2.dev/MPWR/2021-06-10/Monolithic%20Power%20Systems%2C%20Inc._2021-06-10_transcript/Monolithic%20Power%20Systems%2C%20Inc._2021-06-10_transcript.pdf/Monolithic%20Power%20Systems%2C%20Inc._2021-06-10_transcript.pdf",
    "periodicity": "non_periodic"
  },
  {
    "equity_ticker": "MPWR",
    "geography": "US",
    "content_name": "MPWR Q1 2021 Transcript",
    "file_type": "pdf",
    "content_type": "earnings_transcript",
    "published_date": "2021-05-04",
    "fiscal_date": "2021-05-04",
    "fiscal_year": 2021,
    "fiscal_quarter": 1,
    "r2_url": "https://pub-2c783279b61043e19fbdadd1bee5153a.r2.dev/MPWR/2021-05-04/Monolithic%20Power%20Systems%2C%20Inc._2021-05-04_transcript/Monolithic%20Power%20Systems%2C%20Inc._2021-05-04_transcript.pdf/Monolithic%20Power%20Systems%2C%20Inc._2021-05-04_transcript.pdf",
    "periodicity": "periodic"
  },
  {
    "equity_ticker": "MPWR",
    "geography": "US",
    "content_name": "MPWR Q1 2021 Press Release",
    "file_type": "pdf",
    "content_type": "earnings_press_release",
    "published_date": "2021-05-04",
    "fiscal_date": "2021-05-04",
    "fiscal_year": 2021,
    "fiscal_quarter": 1,
    "r2_url": "https://pub-2c783279b61043e19fbdadd1bee5153a.r2.dev/MPWR/2021-05-04/2a9a3-2023-01-25-09-58-21/2a9a3-2023-01-25-09-58-21.pdf/2a9a3-2023-01-25-09-58-21.pdf",
    "periodicity": "periodic"
  },
  {
    "equity_ticker": "MPWR",
    "geography": "US",
    "content_name": "MPWR Q4 2020 Transcript",
    "file_type": "pdf",
    "content_type": "earnings_transcript",
    "published_date": "2021-02-04",
    "fiscal_date": "2021-02-04",
    "fiscal_year": 2020,
    "fiscal_quarter": 4,
    "r2_url": "https://pub-2c783279b61043e19fbdadd1bee5153a.r2.dev/MPWR/2021-02-04/Monolithic%20Power%20Systems%2C%20Inc._2021-02-04_transcript/Monolithic%20Power%20Systems%2C%20Inc._2021-02-04_transcript.pdf/Monolithic%20Power%20Systems%2C%20Inc._2021-02-04_transcript.pdf",
    "periodicity": "periodic"
  },
  {
    "equity_ticker": "MPWR",
    "geography": "US",
    "content_name": "MPWR Q4 2020 Press Release",
    "file_type": "pdf",
    "content_type": "earnings_press_release",
    "published_date": "2021-02-04",
    "fiscal_date": "2021-02-04",
    "fiscal_year": 2020,
    "fiscal_quarter": 4,
    "r2_url": "https://pub-2c783279b61043e19fbdadd1bee5153a.r2.dev/MPWR/2021-02-04/2d179-2023-12-05-09-50-59/2d179-2023-12-05-09-50-59.pdf/2d179-2023-12-05-09-50-59.pdf",
    "periodicity": "periodic"
  },
  {
    "equity_ticker": "MPWR",
    "geography": "US",
    "content_name": "MPWR Q3 2020 Transcript",
    "file_type": "pdf",
    "content_type": "earnings_transcript",
    "published_date": "2020-10-29",
    "fiscal_date": "2020-10-29",
    "fiscal_year": 2020,
    "fiscal_quarter": 3,
    "r2_url": "https://pub-2c783279b61043e19fbdadd1bee5153a.r2.dev/MPWR/2020-10-29/Monolithic%20Power%20Systems%2C%20Inc._2020-10-29_transcript/Monolithic%20Power%20Systems%2C%20Inc._2020-10-29_transcript.pdf/Monolithic%20Power%20Systems%2C%20Inc._2020-10-29_transcript.pdf",
    "periodicity": "periodic"
  },
  {
    "equity_ticker": "MPWR",
    "geography": "US",
    "content_name": "MPWR Q3 2020 Press Release",
    "file_type": "pdf",
    "content_type": "earnings_press_release",
    "published_date": "2020-10-29",
    "fiscal_date": "2020-10-29",
    "fiscal_year": 2020,
    "fiscal_quarter": 3,
    "r2_url": "https://pub-2c783279b61043e19fbdadd1bee5153a.r2.dev/MPWR/2020-10-29/23d7a-2023-12-05-10-27-00/23d7a-2023-12-05-10-27-00.pdf/23d7a-2023-12-05-10-27-00.pdf",
    "periodicity": "periodic"
  },
  {
    "equity_ticker": "MPWR",
    "geography": "US",
    "content_name": "MPWR Q2 2020 Transcript",
    "file_type": "pdf",
    "content_type": "earnings_transcript",
    "published_date": "2020-07-28",
    "fiscal_date": "2020-07-28",
    "fiscal_year": 2020,
    "fiscal_quarter": 2,
    "r2_url": "https://pub-2c783279b61043e19fbdadd1bee5153a.r2.dev/MPWR/2020-07-28/Monolithic%20Power%20Systems%2C%20Inc._2020-07-28_transcript/Monolithic%20Power%20Systems%2C%20Inc._2020-07-28_transcript.pdf/Monolithic%20Power%20Systems%2C%20Inc._2020-07-28_transcript.pdf",
    "periodicity": "periodic"
  },
  {
    "equity_ticker": "MPWR",
    "geography": "US",
    "content_name": "MPWR Q2 2020 Press Release",
    "file_type": "pdf",
    "content_type": "earnings_press_release",
    "published_date": "2020-07-28",
    "fiscal_date": "2020-07-28",
    "fiscal_year": 2020,
    "fiscal_quarter": 2,
    "r2_url": "https://pub-2c783279b61043e19fbdadd1bee5153a.r2.dev/MPWR/2020-07-28/1c4c1-2023-12-05-10-04-01/1c4c1-2023-12-05-10-04-01.pdf/1c4c1-2023-12-05-10-04-01.pdf",
    "periodicity": "periodic"
  },
  {
    "equity_ticker": "MPWR",
    "geography": "US",
    "content_name": "AGM 2020 - June 11, 2020",
    "file_type": "pdf",
    "content_type": "company_conference_transcript",
    "published_date": "2020-06-11",
    "fiscal_date": "2020-06-11",
    "fiscal_year": null,
    "fiscal_quarter": null,
    "r2_url": "https://pub-2c783279b61043e19fbdadd1bee5153a.r2.dev/MPWR/2020-06-11/Monolithic%20Power%20Systems%2C%20Inc._2020-06-11_transcript/Monolithic%20Power%20Systems%2C%20Inc._2020-06-11_transcript.pdf/Monolithic%20Power%20Systems%2C%20Inc._2020-06-11_transcript.pdf",
    "periodicity": "non_periodic"
  },
  {
    "equity_ticker": "MPWR",
    "geography": "US",
    "content_name": "MPWR Q1 2020 Transcript",
    "file_type": "pdf",
    "content_type": "earnings_transcript",
    "published_date": "2020-04-28",
    "fiscal_date": "2020-04-28",
    "fiscal_year": 2020,
    "fiscal_quarter": 1,
    "r2_url": "https://pub-2c783279b61043e19fbdadd1bee5153a.r2.dev/MPWR/2020-04-28/Monolithic%20Power%20Systems%2C%20Inc._2020-04-28_transcript/Monolithic%20Power%20Systems%2C%20Inc._2020-04-28_transcript.pdf/Monolithic%20Power%20Systems%2C%20Inc._2020-04-28_transcript.pdf",
    "periodicity": "periodic"
  },
  {
    "equity_ticker": "MPWR",
    "geography": "US",
    "content_name": "MPWR Q1 2020 Press Release",
    "file_type": "pdf",
    "content_type": "earnings_press_release",
    "published_date": "2020-04-28",
    "fiscal_date": "2020-04-28",
    "fiscal_year": 2020,
    "fiscal_quarter": 1,
    "r2_url": "https://pub-2c783279b61043e19fbdadd1bee5153a.r2.dev/MPWR/2020-04-28/d1030-2023-12-05-10-05-02/d1030-2023-12-05-10-05-02.pdf/d1030-2023-12-05-10-05-02.pdf",
    "periodicity": "periodic"
  },
  {
    "equity_ticker": "MPWR",
    "geography": "US",
    "content_name": "MPWR Q4 2019 Transcript",
    "file_type": "pdf",
    "content_type": "earnings_transcript",
    "published_date": "2020-02-05",
    "fiscal_date": "2020-02-05",
    "fiscal_year": 2019,
    "fiscal_quarter": 4,
    "r2_url": "https://pub-2c783279b61043e19fbdadd1bee5153a.r2.dev/MPWR/2020-02-05/Monolithic%20Power%20Systems%2C%20Inc._2020-02-05_transcript/Monolithic%20Power%20Systems%2C%20Inc._2020-02-05_transcript.pdf/Monolithic%20Power%20Systems%2C%20Inc._2020-02-05_transcript.pdf",
    "periodicity": "periodic"
  },
  {
    "equity_ticker": "MPWR",
    "geography": "US",
    "content_name": "MPWR Q4 2019 Press Release",
    "file_type": "pdf",
    "content_type": "earnings_press_release",
    "published_date": "2020-02-05",
    "fiscal_date": "2020-02-05",
    "fiscal_year": 2019,
    "fiscal_quarter": 4,
    "r2_url": "https://pub-2c783279b61043e19fbdadd1bee5153a.r2.dev/MPWR/2020-02-05/f097c-2023-12-05-10-57-03/f097c-2023-12-05-10-57-03.pdf/f097c-2023-12-05-10-57-03.pdf",
    "periodicity": "periodic"
  },
  {
    "equity_ticker": "MPWR",
    "geography": "US",
    "content_name": "MPWR Q3 2019 Transcript",
    "file_type": "pdf",
    "content_type": "earnings_transcript",
    "published_date": "2019-10-22",
    "fiscal_date": "2019-10-22",
    "fiscal_year": 2019,
    "fiscal_quarter": 3,
    "r2_url": "https://pub-2c783279b61043e19fbdadd1bee5153a.r2.dev/MPWR/2019-10-22/Monolithic%20Power%20Systems%2C%20Inc._2019-10-22_transcript/Monolithic%20Power%20Systems%2C%20Inc._2019-10-22_transcript.pdf/Monolithic%20Power%20Systems%2C%20Inc._2019-10-22_transcript.pdf",
    "periodicity": "periodic"
  },
  {
    "equity_ticker": "MPWR",
    "geography": "US",
    "content_name": "MPWR Q3 2019 Press Release",
    "file_type": "pdf",
    "content_type": "earnings_press_release",
    "published_date": "2019-10-22",
    "fiscal_date": "2019-10-22",
    "fiscal_year": 2019,
    "fiscal_quarter": 3,
    "r2_url": "https://pub-2c783279b61043e19fbdadd1bee5153a.r2.dev/MPWR/2019-10-22/b78a1-2023-12-05-10-37-04/b78a1-2023-12-05-10-37-04.pdf/b78a1-2023-12-05-10-37-04.pdf",
    "periodicity": "periodic"
  },
  {
    "equity_ticker": "MPWR",
    "geography": "US",
    "content_name": "MPWR Q2 2019 Transcript",
    "file_type": "pdf",
    "content_type": "earnings_transcript",
    "published_date": "2019-07-31",
    "fiscal_date": "2019-07-31",
    "fiscal_year": 2019,
    "fiscal_quarter": 2,
    "r2_url": "https://pub-2c783279b61043e19fbdadd1bee5153a.r2.dev/MPWR/2019-07-31/Monolithic%20Power%20Systems%2C%20Inc._2019-07-31_transcript/Monolithic%20Power%20Systems%2C%20Inc._2019-07-31_transcript.pdf/Monolithic%20Power%20Systems%2C%20Inc._2019-07-31_transcript.pdf",
    "periodicity": "periodic"
  },
  {
    "equity_ticker": "MPWR",
    "geography": "US",
    "content_name": "MPWR Q2 2019 Press Release",
    "file_type": "pdf",
    "content_type": "earnings_press_release",
    "published_date": "2019-07-31",
    "fiscal_date": "2019-07-31",
    "fiscal_year": 2019,
    "fiscal_quarter": 2,
    "r2_url": "https://pub-2c783279b61043e19fbdadd1bee5153a.r2.dev/MPWR/2019-07-31/4dfd3-2023-12-05-10-20-05/4dfd3-2023-12-05-10-20-05.pdf/4dfd3-2023-12-05-10-20-05.pdf",
    "periodicity": "periodic"
  },
  {
    "equity_ticker": "MPWR",
    "geography": "US",
    "content_name": "MPWR Q1 2019 Transcript",
    "file_type": "pdf",
    "content_type": "earnings_transcript",
    "published_date": "2019-05-02",
    "fiscal_date": "2019-05-02",
    "fiscal_year": 2019,
    "fiscal_quarter": 1,
    "r2_url": "https://pub-2c783279b61043e19fbdadd1bee5153a.r2.dev/MPWR/2019-05-02/Monolithic%20Power%20Systems%2C%20Inc._2019-05-02_transcript/Monolithic%20Power%20Systems%2C%20Inc._2019-05-02_transcript.pdf/Monolithic%20Power%20Systems%2C%20Inc._2019-05-02_transcript.pdf",
    "periodicity": "periodic"
  },
  {
    "equity_ticker": "MPWR",
    "geography": "US",
    "content_name": "MPWR Q1 2019 Press Release",
    "file_type": "pdf",
    "content_type": "earnings_press_release",
    "published_date": "2019-05-02",
    "fiscal_date": "2019-05-02",
    "fiscal_year": 2019,
    "fiscal_quarter": 1,
    "r2_url": "https://pub-2c783279b61043e19fbdadd1bee5153a.r2.dev/MPWR/2019-05-02/ccd64-2023-12-05-10-54-05/ccd64-2023-12-05-10-54-05.pdf/ccd64-2023-12-05-10-54-05.pdf",
    "periodicity": "periodic"
  },
  {
    "equity_ticker": "MPWR",
    "geography": "US",
    "content_name": "MPWR Q4 2018 Transcript",
    "file_type": "pdf",
    "content_type": "earnings_transcript",
    "published_date": "2019-02-12",
    "fiscal_date": "2019-02-12",
    "fiscal_year": 2018,
    "fiscal_quarter": 4,
    "r2_url": "https://pub-2c783279b61043e19fbdadd1bee5153a.r2.dev/MPWR/2019-02-12/Monolithic%20Power%20Systems%2C%20Inc._2019-02-12_transcript/Monolithic%20Power%20Systems%2C%20Inc._2019-02-12_transcript.pdf/Monolithic%20Power%20Systems%2C%20Inc._2019-02-12_transcript.pdf",
    "periodicity": "periodic"
  },
  {
    "equity_ticker": "MPWR",
    "geography": "US",
    "content_name": "MPWR Q3 2018 Transcript",
    "file_type": "pdf",
    "content_type": "earnings_transcript",
    "published_date": "2018-10-25",
    "fiscal_date": "2018-10-25",
    "fiscal_year": 2018,
    "fiscal_quarter": 3,
    "r2_url": "https://pub-2c783279b61043e19fbdadd1bee5153a.r2.dev/MPWR/2018-10-25/Monolithic%20Power%20Systems%2C%20Inc._2018-10-25_transcript/Monolithic%20Power%20Systems%2C%20Inc._2018-10-25_transcript.pdf/Monolithic%20Power%20Systems%2C%20Inc._2018-10-25_transcript.pdf",
    "periodicity": "periodic"
  },
  {
    "equity_ticker": "MPWR",
    "geography": "US",
    "content_name": "MPWR Q3 2018 Press Release",
    "file_type": "pdf",
    "content_type": "earnings_press_release",
    "published_date": "2018-10-25",
    "fiscal_date": "2018-10-25",
    "fiscal_year": 2018,
    "fiscal_quarter": 3,
    "r2_url": "https://pub-2c783279b61043e19fbdadd1bee5153a.r2.dev/MPWR/2018-10-25/14592-2023-12-05-10-11-07/14592-2023-12-05-10-11-07.pdf/14592-2023-12-05-10-11-07.pdf",
    "periodicity": "periodic"
  },
  {
    "equity_ticker": "MPWR",
    "geography": "US",
    "content_name": "MPWR Q2 2018 Transcript",
    "file_type": "pdf",
    "content_type": "earnings_transcript",
    "published_date": "2018-07-25",
    "fiscal_date": "2018-07-25",
    "fiscal_year": 2018,
    "fiscal_quarter": 2,
    "r2_url": "https://pub-2c783279b61043e19fbdadd1bee5153a.r2.dev/MPWR/2018-07-25/Monolithic%20Power%20Systems%2C%20Inc._2018-07-25_transcript/Monolithic%20Power%20Systems%2C%20Inc._2018-07-25_transcript.pdf/Monolithic%20Power%20Systems%2C%20Inc._2018-07-25_transcript.pdf",
    "periodicity": "periodic"
  },
  {
    "equity_ticker": "MPWR",
    "geography": "US",
    "content_name": "MPWR Q2 2018 Press Release",
    "file_type": "pdf",
    "content_type": "earnings_press_release",
    "published_date": "2018-07-25",
    "fiscal_date": "2018-07-25",
    "fiscal_year": 2018,
    "fiscal_quarter": 2,
    "r2_url": "https://pub-2c783279b61043e19fbdadd1bee5153a.r2.dev/MPWR/2018-07-25/1ea04-2023-12-05-10-55-07/1ea04-2023-12-05-10-55-07.pdf/1ea04-2023-12-05-10-55-07.pdf",
    "periodicity": "periodic"
  },
  {
    "equity_ticker": "MPWR",
    "geography": "US",
    "content_name": "Investor/Analyst Day 2018 - June 7, 2018",
    "file_type": "pdf",
    "content_type": "company_conference_transcript",
    "published_date": "2018-06-07",
    "fiscal_date": "2018-06-07",
    "fiscal_year": null,
    "fiscal_quarter": null,
    "r2_url": "https://pub-2c783279b61043e19fbdadd1bee5153a.r2.dev/MPWR/2018-06-07/Monolithic%20Power%20Systems%2C%20Inc._2018-06-07_transcript/Monolithic%20Power%20Systems%2C%20Inc._2018-06-07_transcript.pdf/Monolithic%20Power%20Systems%2C%20Inc._2018-06-07_transcript.pdf",
    "periodicity": "non_periodic"
  },
  {
    "equity_ticker": "MPWR",
    "geography": "US",
    "content_name": "MPWR Q1 2018 Transcript",
    "file_type": "pdf",
    "content_type": "earnings_transcript",
    "published_date": "2018-04-30",
    "fiscal_date": "2018-04-30",
    "fiscal_year": 2018,
    "fiscal_quarter": 1,
    "r2_url": "https://pub-2c783279b61043e19fbdadd1bee5153a.r2.dev/MPWR/2018-04-30/Monolithic%20Power%20Systems%2C%20Inc._2018-04-30_transcript/Monolithic%20Power%20Systems%2C%20Inc._2018-04-30_transcript.pdf/Monolithic%20Power%20Systems%2C%20Inc._2018-04-30_transcript.pdf",
    "periodicity": "periodic"
  },
  {
    "equity_ticker": "MPWR",
    "geography": "US",
    "content_name": "MPWR Q1 2018 Press Release",
    "file_type": "pdf",
    "content_type": "earnings_press_release",
    "published_date": "2018-04-30",
    "fiscal_date": "2018-04-30",
    "fiscal_year": 2018,
    "fiscal_quarter": 1,
    "r2_url": "https://pub-2c783279b61043e19fbdadd1bee5153a.r2.dev/MPWR/2018-04-30/22ea9-2023-12-05-10-39-09/22ea9-2023-12-05-10-39-09.pdf/22ea9-2023-12-05-10-39-09.pdf",
    "periodicity": "periodic"
  },
  {
    "equity_ticker": "MPWR",
    "geography": "US",
    "content_name": "MPWR Q4 2017 Transcript",
    "file_type": "pdf",
    "content_type": "earnings_transcript",
    "published_date": "2018-03-01",
    "fiscal_date": "2018-03-01",
    "fiscal_year": 2017,
    "fiscal_quarter": 4,
    "r2_url": "https://pub-2c783279b61043e19fbdadd1bee5153a.r2.dev/MPWR/2018-03-01/Monolithic%20Power%20Systems%2C%20Inc._2018-03-01_transcript/Monolithic%20Power%20Systems%2C%20Inc._2018-03-01_transcript.pdf/Monolithic%20Power%20Systems%2C%20Inc._2018-03-01_transcript.pdf",
    "periodicity": "periodic"
  },
  {
    "equity_ticker": "MPWR",
    "geography": "US",
    "content_name": "MPWR Q4 2017 Press Release",
    "file_type": "pdf",
    "content_type": "annual_report",
    "published_date": "2018-03-01",
    "fiscal_date": "2018-03-01",
    "fiscal_year": 2017,
    "fiscal_quarter": 4,
    "r2_url": "https://pub-2c783279b61043e19fbdadd1bee5153a.r2.dev/MPWR/2018-03-01/dd0a6-2023-09-05-09-21-34/dd0a6-2023-09-05-09-21-34.pdf/dd0a6-2023-09-05-09-21-34.pdf",
    "periodicity": "periodic"
  },
  {
    "equity_ticker": "MPWR",
    "geography": "US",
    "content_name": "MPWR Q3 2017 Transcript",
    "file_type": "pdf",
    "content_type": "earnings_transcript",
    "published_date": "2017-10-28",
    "fiscal_date": "2017-10-28",
    "fiscal_year": 2017,
    "fiscal_quarter": 3,
    "r2_url": "https://pub-2c783279b61043e19fbdadd1bee5153a.r2.dev/MPWR/2017-10-28/Monolithic%20Power%20Systems%2C%20Inc._2017-10-28_transcript/Monolithic%20Power%20Systems%2C%20Inc._2017-10-28_transcript.pdf/Monolithic%20Power%20Systems%2C%20Inc._2017-10-28_transcript.pdf",
    "periodicity": "periodic"
  },
  {
    "equity_ticker": "MPWR",
    "geography": "US",
    "content_name": "MPWR Q2 2017 Transcript",
    "file_type": "pdf",
    "content_type": "earnings_transcript",
    "published_date": "2017-07-26",
    "fiscal_date": "2017-07-26",
    "fiscal_year": 2017,
    "fiscal_quarter": 2,
    "r2_url": "https://pub-2c783279b61043e19fbdadd1bee5153a.r2.dev/MPWR/2017-07-26/Monolithic%20Power%20Systems%2C%20Inc._2017-07-26_transcript/Monolithic%20Power%20Systems%2C%20Inc._2017-07-26_transcript.pdf/Monolithic%20Power%20Systems%2C%20Inc._2017-07-26_transcript.pdf",
    "periodicity": "periodic"
  },
  {
    "equity_ticker": "MPWR",
    "geography": "US",
    "content_name": "MPWR Q1 2017 Transcript",
    "file_type": "pdf",
    "content_type": "earnings_transcript",
    "published_date": "2017-04-26",
    "fiscal_date": "2017-04-26",
    "fiscal_year": 2017,
    "fiscal_quarter": 1,
    "r2_url": "https://pub-2c783279b61043e19fbdadd1bee5153a.r2.dev/MPWR/2017-04-26/Monolithic%20Power%20Systems%2C%20Inc._2017-04-26_transcript/Monolithic%20Power%20Systems%2C%20Inc._2017-04-26_transcript.pdf/Monolithic%20Power%20Systems%2C%20Inc._2017-04-26_transcript.pdf",
    "periodicity": "periodic"
  },
  {
    "equity_ticker": "MPWR",
    "geography": "US",
    "content_name": "MPWR Q4 2016 Transcript",
    "file_type": "pdf",
    "content_type": "earnings_transcript",
    "published_date": "2017-03-01",
    "fiscal_date": "2017-03-01",
    "fiscal_year": 2016,
    "fiscal_quarter": 4,
    "r2_url": "https://pub-2c783279b61043e19fbdadd1bee5153a.r2.dev/MPWR/2017-03-01/Monolithic%20Power%20Systems%2C%20Inc._2017-03-01_transcript/Monolithic%20Power%20Systems%2C%20Inc._2017-03-01_transcript.pdf/Monolithic%20Power%20Systems%2C%20Inc._2017-03-01_transcript.pdf",
    "periodicity": "periodic"
  },
  {
    "equity_ticker": "MPWR",
    "geography": "US",
    "content_name": "MPWR Q4 2016 Press Release",
    "file_type": "pdf",
    "content_type": "annual_report",
    "published_date": "2017-03-01",
    "fiscal_date": "2017-03-01",
    "fiscal_year": 2016,
    "fiscal_quarter": 4,
    "r2_url": "https://pub-2c783279b61043e19fbdadd1bee5153a.r2.dev/MPWR/2017-03-01/25a6c-2023-09-05-09-37-34/25a6c-2023-09-05-09-37-34.pdf/25a6c-2023-09-05-09-37-34.pdf",
    "periodicity": "periodic"
  },
  {
    "equity_ticker": "MPWR",
    "geography": "US",
    "content_name": "MPWR Q3 2016 Transcript",
    "file_type": "pdf",
    "content_type": "earnings_transcript",
    "published_date": "2016-10-31",
    "fiscal_date": "2016-10-31",
    "fiscal_year": 2016,
    "fiscal_quarter": 3,
    "r2_url": "https://pub-2c783279b61043e19fbdadd1bee5153a.r2.dev/MPWR/2016-10-31/Monolithic%20Power%20Systems%2C%20Inc._2016-10-31_transcript/Monolithic%20Power%20Systems%2C%20Inc._2016-10-31_transcript.pdf/Monolithic%20Power%20Systems%2C%20Inc._2016-10-31_transcript.pdf",
    "periodicity": "periodic"
  },
  {
    "equity_ticker": "MPWR",
    "geography": "US",
    "content_name": "MPWR Q2 2016 Transcript",
    "file_type": "pdf",
    "content_type": "earnings_transcript",
    "published_date": "2016-07-25",
    "fiscal_date": "2016-07-25",
    "fiscal_year": 2016,
    "fiscal_quarter": 2,
    "r2_url": "https://pub-2c783279b61043e19fbdadd1bee5153a.r2.dev/MPWR/2016-07-25/Monolithic%20Power%20Systems%2C%20Inc._2016-07-25_transcript/Monolithic%20Power%20Systems%2C%20Inc._2016-07-25_transcript.pdf/Monolithic%20Power%20Systems%2C%20Inc._2016-07-25_transcript.pdf",
    "periodicity": "periodic"
  },
  {
    "equity_ticker": "MPWR",
    "geography": "US",
    "content_name": "MPWR Q1 2016 Transcript",
    "file_type": "pdf",
    "content_type": "earnings_transcript",
    "published_date": "2016-05-02",
    "fiscal_date": "2016-05-02",
    "fiscal_year": 2016,
    "fiscal_quarter": 1,
    "r2_url": "https://pub-2c783279b61043e19fbdadd1bee5153a.r2.dev/MPWR/2016-05-02/Monolithic%20Power%20Systems%2C%20Inc._2016-05-02_transcript/Monolithic%20Power%20Systems%2C%20Inc._2016-05-02_transcript.pdf/Monolithic%20Power%20Systems%2C%20Inc._2016-05-02_transcript.pdf",
    "periodicity": "periodic"
  },
  {
    "equity_ticker": "MPWR",
    "geography": "US",
    "content_name": "MPWR Q4 2015 Transcript",
    "file_type": "pdf",
    "content_type": "earnings_transcript",
    "published_date": "2016-02-29",
    "fiscal_date": "2016-02-29",
    "fiscal_year": 2015,
    "fiscal_quarter": 4,
    "r2_url": "https://pub-2c783279b61043e19fbdadd1bee5153a.r2.dev/MPWR/2016-02-29/Monolithic%20Power%20Systems%2C%20Inc._2016-02-29_transcript/Monolithic%20Power%20Systems%2C%20Inc._2016-02-29_transcript.pdf/Monolithic%20Power%20Systems%2C%20Inc._2016-02-29_transcript.pdf",
    "periodicity": "periodic"
  },
  {
    "equity_ticker": "MPWR",
    "geography": "US",
    "content_name": "MPWR Q4 2015 Press Release",
    "file_type": "pdf",
    "content_type": "annual_report",
    "published_date": "2016-02-29",
    "fiscal_date": "2016-02-29",
    "fiscal_year": 2015,
    "fiscal_quarter": 4,
    "r2_url": "https://pub-2c783279b61043e19fbdadd1bee5153a.r2.dev/MPWR/2016-02-29/2c0f9-2023-09-05-09-49-34/2c0f9-2023-09-05-09-49-34.pdf/2c0f9-2023-09-05-09-49-34.pdf",
    "periodicity": "periodic"
  },
  {
    "equity_ticker": "MPWR",
    "geography": "US",
    "content_name": "MPWR Q3 2015 Transcript",
    "file_type": "pdf",
    "content_type": "earnings_transcript",
    "published_date": "2015-10-26",
    "fiscal_date": "2015-10-26",
    "fiscal_year": 2015,
    "fiscal_quarter": 3,
    "r2_url": "https://pub-2c783279b61043e19fbdadd1bee5153a.r2.dev/MPWR/2015-10-26/Monolithic%20Power%20Systems%2C%20Inc._2015-10-26_transcript/Monolithic%20Power%20Systems%2C%20Inc._2015-10-26_transcript.pdf/Monolithic%20Power%20Systems%2C%20Inc._2015-10-26_transcript.pdf",
    "periodicity": "periodic"
  },
  {
    "equity_ticker": "MPWR",
    "geography": "US",
    "content_name": "MPWR Q2 2015 Transcript",
    "file_type": "pdf",
    "content_type": "earnings_transcript",
    "published_date": "2015-07-27",
    "fiscal_date": "2015-07-27",
    "fiscal_year": 2015,
    "fiscal_quarter": 2,
    "r2_url": "https://pub-2c783279b61043e19fbdadd1bee5153a.r2.dev/MPWR/2015-07-27/Monolithic%20Power%20Systems%2C%20Inc._2015-07-27_transcript/Monolithic%20Power%20Systems%2C%20Inc._2015-07-27_transcript.pdf/Monolithic%20Power%20Systems%2C%20Inc._2015-07-27_transcript.pdf",
    "periodicity": "periodic"
  },
  {
    "equity_ticker": "MPWR",
    "geography": "US",
    "content_name": "MPWR Q1 2015 Transcript",
    "file_type": "pdf",
    "content_type": "earnings_transcript",
    "published_date": "2015-04-22",
    "fiscal_date": "2015-04-22",
    "fiscal_year": 2015,
    "fiscal_quarter": 1,
    "r2_url": "https://pub-2c783279b61043e19fbdadd1bee5153a.r2.dev/MPWR/2015-04-22/Monolithic%20Power%20Systems%2C%20Inc._2015-04-22_transcript/Monolithic%20Power%20Systems%2C%20Inc._2015-04-22_transcript.pdf/Monolithic%20Power%20Systems%2C%20Inc._2015-04-22_transcript.pdf",
    "periodicity": "periodic"
  },
  {
    "equity_ticker": "MPWR",
    "geography": "US",
    "content_name": "MPWR Q4 2014 Transcript",
    "file_type": "pdf",
    "content_type": "earnings_transcript",
    "published_date": "2015-02-04",
    "fiscal_date": "2015-02-04",
    "fiscal_year": 2014,
    "fiscal_quarter": 4,
    "r2_url": "https://pub-2c783279b61043e19fbdadd1bee5153a.r2.dev/MPWR/2015-02-04/Monolithic%20Power%20Systems%2C%20Inc._2015-02-04_transcript/Monolithic%20Power%20Systems%2C%20Inc._2015-02-04_transcript.pdf/Monolithic%20Power%20Systems%2C%20Inc._2015-02-04_transcript.pdf",
    "periodicity": "periodic"
  },
  {
    "equity_ticker": "MPWR",
    "geography": "US",
    "content_name": "MPWR Q3 2014 Transcript",
    "file_type": "pdf",
    "content_type": "earnings_transcript",
    "published_date": "2014-10-27",
    "fiscal_date": "2014-10-27",
    "fiscal_year": 2014,
    "fiscal_quarter": 3,
    "r2_url": "https://pub-2c783279b61043e19fbdadd1bee5153a.r2.dev/MPWR/2014-10-27/Monolithic%20Power%20Systems%2C%20Inc._2014-10-27_transcript/Monolithic%20Power%20Systems%2C%20Inc._2014-10-27_transcript.pdf/Monolithic%20Power%20Systems%2C%20Inc._2014-10-27_transcript.pdf",
    "periodicity": "periodic"
  },
  {
    "equity_ticker": "MPWR",
    "geography": "US",
    "content_name": "MPWR Q2 2014 Transcript",
    "file_type": "pdf",
    "content_type": "earnings_transcript",
    "published_date": "2014-07-24",
    "fiscal_date": "2014-07-24",
    "fiscal_year": 2014,
    "fiscal_quarter": 2,
    "r2_url": "https://pub-2c783279b61043e19fbdadd1bee5153a.r2.dev/MPWR/2014-07-24/Monolithic%20Power%20Systems%2C%20Inc._2014-07-24_transcript/Monolithic%20Power%20Systems%2C%20Inc._2014-07-24_transcript.pdf/Monolithic%20Power%20Systems%2C%20Inc._2014-07-24_transcript.pdf",
    "periodicity": "periodic"
  },
  {
    "equity_ticker": "MPWR",
    "geography": "US",
    "content_name": "MPWR Q1 2014 Transcript",
    "file_type": "pdf",
    "content_type": "earnings_transcript",
    "published_date": "2014-04-24",
    "fiscal_date": "2014-04-24",
    "fiscal_year": 2014,
    "fiscal_quarter": 1,
    "r2_url": "https://pub-2c783279b61043e19fbdadd1bee5153a.r2.dev/MPWR/2014-04-24/Monolithic%20Power%20Systems%2C%20Inc._2014-04-24_transcript/Monolithic%20Power%20Systems%2C%20Inc._2014-04-24_transcript.pdf/Monolithic%20Power%20Systems%2C%20Inc._2014-04-24_transcript.pdf",
    "periodicity": "periodic"
  },
  {
    "equity_ticker": "MPWR",
    "geography": "US",
    "content_name": "MPWR Q4 2013 Transcript",
    "file_type": "pdf",
    "content_type": "earnings_transcript",
    "published_date": "2014-02-06",
    "fiscal_date": "2014-02-06",
    "fiscal_year": 2013,
    "fiscal_quarter": 4,
    "r2_url": "https://pub-2c783279b61043e19fbdadd1bee5153a.r2.dev/MPWR/2014-02-06/Monolithic%20Power%20Systems%2C%20Inc._2014-02-06_transcript/Monolithic%20Power%20Systems%2C%20Inc._2014-02-06_transcript.pdf/Monolithic%20Power%20Systems%2C%20Inc._2014-02-06_transcript.pdf",
    "periodicity": "periodic"
  },
  {
    "equity_ticker": "MPWR",
    "geography": "US",
    "content_name": "MPWR Q3 2013 Transcript",
    "file_type": "pdf",
    "content_type": "earnings_transcript",
    "published_date": "2013-10-24",
    "fiscal_date": "2013-10-24",
    "fiscal_year": 2013,
    "fiscal_quarter": 3,
    "r2_url": "https://pub-2c783279b61043e19fbdadd1bee5153a.r2.dev/MPWR/2013-10-24/Monolithic%20Power%20Systems%2C%20Inc._2013-10-24_transcript/Monolithic%20Power%20Systems%2C%20Inc._2013-10-24_transcript.pdf/Monolithic%20Power%20Systems%2C%20Inc._2013-10-24_transcript.pdf",
    "periodicity": "periodic"
  },
  {
    "equity_ticker": "MPWR",
    "geography": "US",
    "content_name": "MPWR Q2 2013 Transcript",
    "file_type": "pdf",
    "content_type": "earnings_transcript",
    "published_date": "2013-08-06",
    "fiscal_date": "2013-08-06",
    "fiscal_year": 2013,
    "fiscal_quarter": 2,
    "r2_url": "https://pub-2c783279b61043e19fbdadd1bee5153a.r2.dev/MPWR/2013-08-06/Monolithic%20Power%20Systems%2C%20Inc._2013-08-06_transcript/Monolithic%20Power%20Systems%2C%20Inc._2013-08-06_transcript.pdf/Monolithic%20Power%20Systems%2C%20Inc._2013-08-06_transcript.pdf",
    "periodicity": "periodic"
  },
  {
    "equity_ticker": "MPWR",
    "geography": "US",
    "content_name": "MPWR Q1 2013 Transcript",
    "file_type": "pdf",
    "content_type": "earnings_transcript",
    "published_date": "2013-04-29",
    "fiscal_date": "2013-04-29",
    "fiscal_year": 2013,
    "fiscal_quarter": 1,
    "r2_url": "https://pub-2c783279b61043e19fbdadd1bee5153a.r2.dev/MPWR/2013-04-29/Monolithic%20Power%20Systems%2C%20Inc._2013-04-29_transcript/Monolithic%20Power%20Systems%2C%20Inc._2013-04-29_transcript.pdf/Monolithic%20Power%20Systems%2C%20Inc._2013-04-29_transcript.pdf",
    "periodicity": "periodic"
  },
  {
    "equity_ticker": "MPWR",
    "geography": "US",
    "content_name": "MPWR Q4 2012 Transcript",
    "file_type": "pdf",
    "content_type": "earnings_transcript",
    "published_date": "2013-02-06",
    "fiscal_date": "2013-02-06",
    "fiscal_year": 2012,
    "fiscal_quarter": 4,
    "r2_url": "https://pub-2c783279b61043e19fbdadd1bee5153a.r2.dev/MPWR/2013-02-06/Monolithic%20Power%20Systems%2C%20Inc._2013-02-06_transcript/Monolithic%20Power%20Systems%2C%20Inc._2013-02-06_transcript.pdf/Monolithic%20Power%20Systems%2C%20Inc._2013-02-06_transcript.pdf",
    "periodicity": "periodic"
  },
  {
    "equity_ticker": "MPWR",
    "geography": "US",
    "content_name": "MPWR Q3 2012 Transcript",
    "file_type": "pdf",
    "content_type": "earnings_transcript",
    "published_date": "2012-11-01",
    "fiscal_date": "2012-11-01",
    "fiscal_year": 2012,
    "fiscal_quarter": 3,
    "r2_url": "https://pub-2c783279b61043e19fbdadd1bee5153a.r2.dev/MPWR/2012-11-01/Monolithic%20Power%20Systems%2C%20Inc._2012-11-01_transcript/Monolithic%20Power%20Systems%2C%20Inc._2012-11-01_transcript.pdf/Monolithic%20Power%20Systems%2C%20Inc._2012-11-01_transcript.pdf",
    "periodicity": "periodic"
  },
  {
    "equity_ticker": "MPWR",
    "geography": "US",
    "content_name": "MPWR Q2 2012 Transcript",
    "file_type": "pdf",
    "content_type": "earnings_transcript",
    "published_date": "2012-07-30",
    "fiscal_date": "2012-07-30",
    "fiscal_year": 2012,
    "fiscal_quarter": 2,
    "r2_url": "https://pub-2c783279b61043e19fbdadd1bee5153a.r2.dev/MPWR/2012-07-30/Monolithic%20Power%20Systems%2C%20Inc._2012-07-30_transcript/Monolithic%20Power%20Systems%2C%20Inc._2012-07-30_transcript.pdf/Monolithic%20Power%20Systems%2C%20Inc._2012-07-30_transcript.pdf",
    "periodicity": "periodic"
  },
  {
    "equity_ticker": "MPWR",
    "geography": "US",
    "content_name": "MPWR Q1 2012 Transcript",
    "file_type": "pdf",
    "content_type": "earnings_transcript",
    "published_date": "2012-04-30",
    "fiscal_date": "2012-04-30",
    "fiscal_year": 2012,
    "fiscal_quarter": 1,
    "r2_url": "https://pub-2c783279b61043e19fbdadd1bee5153a.r2.dev/MPWR/2012-04-30/Monolithic%20Power%20Systems%2C%20Inc._2012-04-30_transcript/Monolithic%20Power%20Systems%2C%20Inc._2012-04-30_transcript.pdf/Monolithic%20Power%20Systems%2C%20Inc._2012-04-30_transcript.pdf",
    "periodicity": "periodic"
  },
  {
    "equity_ticker": "MPWR",
    "geography": "US",
    "content_name": "MPWR Q4 2011 Transcript",
    "file_type": "pdf",
    "content_type": "earnings_transcript",
    "published_date": "2012-02-09",
    "fiscal_date": "2012-02-09",
    "fiscal_year": 2011,
    "fiscal_quarter": 4,
    "r2_url": "https://pub-2c783279b61043e19fbdadd1bee5153a.r2.dev/MPWR/2012-02-09/Monolithic%20Power%20Systems%2C%20Inc._2012-02-09_transcript/Monolithic%20Power%20Systems%2C%20Inc._2012-02-09_transcript.pdf/Monolithic%20Power%20Systems%2C%20Inc._2012-02-09_transcript.pdf",
    "periodicity": "periodic"
  },
  {
    "equity_ticker": "MPWR",
    "geography": "US",
    "content_name": "MPWR Q3 2010 Transcript",
    "file_type": "pdf",
    "content_type": "earnings_transcript",
    "published_date": "2010-11-03",
    "fiscal_date": "2010-11-03",
    "fiscal_year": 2010,
    "fiscal_quarter": 3,
    "r2_url": "https://pub-2c783279b61043e19fbdadd1bee5153a.r2.dev/MPWR/2010-11-03/Monolithic%20Power%20Systems%2C%20Inc._2010-11-03_transcript/Monolithic%20Power%20Systems%2C%20Inc._2010-11-03_transcript.pdf/Monolithic%20Power%20Systems%2C%20Inc._2010-11-03_transcript.pdf",
    "periodicity": "periodic"
  },
  {
    "equity_ticker": "MPWR",
    "geography": "US",
    "content_name": "MPWR Q2 2010 Transcript",
    "file_type": "pdf",
    "content_type": "earnings_transcript",
    "published_date": "2010-07-28",
    "fiscal_date": "2010-07-28",
    "fiscal_year": 2010,
    "fiscal_quarter": 2,
    "r2_url": "https://pub-2c783279b61043e19fbdadd1bee5153a.r2.dev/MPWR/2010-07-28/Monolithic%20Power%20Systems%2C%20Inc._2010-07-28_transcript/Monolithic%20Power%20Systems%2C%20Inc._2010-07-28_transcript.pdf/Monolithic%20Power%20Systems%2C%20Inc._2010-07-28_transcript.pdf",
    "periodicity": "periodic"
  },
  {
    "equity_ticker": "MPWR",
    "geography": "US",
    "content_name": "MPWR Q1 2010 Transcript",
    "file_type": "pdf",
    "content_type": "earnings_transcript",
    "published_date": "2010-05-04",
    "fiscal_date": "2010-05-04",
    "fiscal_year": 2010,
    "fiscal_quarter": 1,
    "r2_url": "https://pub-2c783279b61043e19fbdadd1bee5153a.r2.dev/MPWR/2010-05-04/Monolithic%20Power%20Systems%2C%20Inc._2010-05-04_transcript/Monolithic%20Power%20Systems%2C%20Inc._2010-05-04_transcript.pdf/Monolithic%20Power%20Systems%2C%20Inc._2010-05-04_transcript.pdf",
    "periodicity": "periodic"
  },
  {
    "equity_ticker": "MPWR",
    "geography": "US",
    "content_name": "MPWR Q4 2009 Transcript",
    "file_type": "pdf",
    "content_type": "earnings_transcript",
    "published_date": "2010-02-05",
    "fiscal_date": "2010-02-05",
    "fiscal_year": 2009,
    "fiscal_quarter": 4,
    "r2_url": "https://pub-2c783279b61043e19fbdadd1bee5153a.r2.dev/MPWR/2010-02-05/Monolithic%20Power%20Systems%2C%20Inc._2010-02-05_transcript/Monolithic%20Power%20Systems%2C%20Inc._2010-02-05_transcript.pdf/Monolithic%20Power%20Systems%2C%20Inc._2010-02-05_transcript.pdf",
    "periodicity": "periodic"
  },
  {
    "equity_ticker": "MPWR",
    "geography": "US",
    "content_name": "MPWR Q3 2009 Transcript",
    "file_type": "pdf",
    "content_type": "earnings_transcript",
    "published_date": "2009-10-22",
    "fiscal_date": "2009-10-22",
    "fiscal_year": 2009,
    "fiscal_quarter": 3,
    "r2_url": "https://pub-2c783279b61043e19fbdadd1bee5153a.r2.dev/MPWR/2009-10-22/Monolithic%20Power%20Systems%2C%20Inc._2009-10-22_transcript/Monolithic%20Power%20Systems%2C%20Inc._2009-10-22_transcript.pdf/Monolithic%20Power%20Systems%2C%20Inc._2009-10-22_transcript.pdf",
    "periodicity": "periodic"
  },
  {
    "equity_ticker": "MPWR",
    "geography": "US",
    "content_name": "MPWR Q2 2009 Transcript",
    "file_type": "pdf",
    "content_type": "earnings_transcript",
    "published_date": "2009-07-30",
    "fiscal_date": "2009-07-30",
    "fiscal_year": 2009,
    "fiscal_quarter": 2,
    "r2_url": "https://pub-2c783279b61043e19fbdadd1bee5153a.r2.dev/MPWR/2009-07-30/Monolithic%20Power%20Systems%2C%20Inc._2009-07-30_transcript/Monolithic%20Power%20Systems%2C%20Inc._2009-07-30_transcript.pdf/Monolithic%20Power%20Systems%2C%20Inc._2009-07-30_transcript.pdf",
    "periodicity": "periodic"
  },
  {
    "equity_ticker": "MPWR",
    "geography": "US",
    "content_name": "MPWR Q1 2009 Transcript",
    "file_type": "pdf",
    "content_type": "earnings_transcript",
    "published_date": "2009-04-28",
    "fiscal_date": "2009-04-28",
    "fiscal_year": 2009,
    "fiscal_quarter": 1,
    "r2_url": "https://pub-2c783279b61043e19fbdadd1bee5153a.r2.dev/MPWR/2009-04-28/Monolithic%20Power%20Systems%2C%20Inc._2009-04-28_transcript/Monolithic%20Power%20Systems%2C%20Inc._2009-04-28_transcript.pdf/Monolithic%20Power%20Systems%2C%20Inc._2009-04-28_transcript.pdf",
    "periodicity": "periodic"
  },
  {
    "equity_ticker": "MPWR",
    "geography": "US",
    "content_name": "MPWR Q4 2008 Transcript",
    "file_type": "pdf",
    "content_type": "earnings_transcript",
    "published_date": "2009-02-12",
    "fiscal_date": "2009-02-12",
    "fiscal_year": 2008,
    "fiscal_quarter": 4,
    "r2_url": "https://pub-2c783279b61043e19fbdadd1bee5153a.r2.dev/MPWR/2009-02-12/Monolithic%20Power%20Systems%2C%20Inc._2009-02-12_transcript/Monolithic%20Power%20Systems%2C%20Inc._2009-02-12_transcript.pdf/Monolithic%20Power%20Systems%2C%20Inc._2009-02-12_transcript.pdf",
    "periodicity": "periodic"
  },
  {
    "equity_ticker": "MPWR",
    "geography": "US",
    "content_name": "MPWR Q3 2008 Transcript",
    "file_type": "pdf",
    "content_type": "earnings_transcript",
    "published_date": "2008-10-25",
    "fiscal_date": "2008-10-25",
    "fiscal_year": 2008,
    "fiscal_quarter": 3,
    "r2_url": "https://pub-2c783279b61043e19fbdadd1bee5153a.r2.dev/MPWR/2008-10-25/Monolithic%20Power%20Systems%2C%20Inc._2008-10-25_transcript/Monolithic%20Power%20Systems%2C%20Inc._2008-10-25_transcript.pdf/Monolithic%20Power%20Systems%2C%20Inc._2008-10-25_transcript.pdf",
    "periodicity": "periodic"
  },
  {
    "equity_ticker": "MPWR",
    "geography": "US",
    "content_name": "MPWR Q2 2008 Transcript",
    "file_type": "pdf",
    "content_type": "earnings_transcript",
    "published_date": "2008-09-18",
    "fiscal_date": "2008-09-18",
    "fiscal_year": 2008,
    "fiscal_quarter": 2,
    "r2_url": "https://pub-2c783279b61043e19fbdadd1bee5153a.r2.dev/MPWR/2008-09-18/Monolithic%20Power%20Systems%2C%20Inc._2008-09-18_transcript/Monolithic%20Power%20Systems%2C%20Inc._2008-09-18_transcript.pdf/Monolithic%20Power%20Systems%2C%20Inc._2008-09-18_transcript.pdf",
    "periodicity": "periodic"
  },
  {
    "equity_ticker": "MPWR",
    "geography": "US",
    "content_name": "MPWR Q3 2007 Transcript",
    "file_type": "pdf",
    "content_type": "earnings_transcript",
    "published_date": "2007-10-30",
    "fiscal_date": "2007-10-30",
    "fiscal_year": 2007,
    "fiscal_quarter": 3,
    "r2_url": "https://pub-2c783279b61043e19fbdadd1bee5153a.r2.dev/MPWR/2007-10-30/Monolithic%20Power%20Systems%2C%20Inc._2007-10-30_transcript/Monolithic%20Power%20Systems%2C%20Inc._2007-10-30_transcript.pdf/Monolithic%20Power%20Systems%2C%20Inc._2007-10-30_transcript.pdf",
    "periodicity": "periodic"
  }
]