[
  {
    "equity_ticker": "NXPI",
    "geography": "US",
    "content_name": "Morgan Stanley Technology, Media & Telecom Conference - March 5, 2025",
    "file_type": "pdf",
    "content_type": "sellside_conference_transcript",
    "published_date": "2025-03-05",
    "fiscal_date": "2025-03-05",
    "fiscal_year": null,
    "fiscal_quarter": null,
    "r2_url": "https://pub-2c783279b61043e19fbdadd1bee5153a.r2.dev/NXPI/2025-03-05/NXP%20Semiconductors%20N.V._2025-03-05_transcript/NXP%20Semiconductors%20N.V._2025-03-05_transcript.pdf/NXP%20Semiconductors%20N.V._2025-03-05_transcript.pdf",
    "periodicity": "non_periodic"
  },
  {
    "equity_ticker": "NXPI",
    "geography": "US",
    "content_name": "NXPI Q4 2024 Transcript",
    "file_type": "pdf",
    "content_type": "earnings_transcript",
    "published_date": "2025-02-04",
    "fiscal_date": "2025-02-04",
    "fiscal_year": 2024,
    "fiscal_quarter": 4,
    "r2_url": "https://pub-2c783279b61043e19fbdadd1bee5153a.r2.dev/NXPI/2025-02-04/NXP%20Semiconductors%20N.V._2025-02-04_transcript/NXP%20Semiconductors%20N.V._2025-02-04_transcript.pdf/NXP%20Semiconductors%20N.V._2025-02-04_transcript.pdf",
    "periodicity": "periodic"
  },
  {
    "equity_ticker": "NXPI",
    "geography": "US",
    "content_name": "NXPI Q4 2024 Press Release",
    "file_type": "pdf",
    "content_type": "earnings_press_release",
    "published_date": "2025-02-04",
    "fiscal_date": "2025-02-04",
    "fiscal_year": 2024,
    "fiscal_quarter": 4,
    "r2_url": "https://pub-2c783279b61043e19fbdadd1bee5153a.r2.dev/NXPI/2025-02-04/91aad-2025-02-03-09-07-34/91aad-2025-02-03-09-07-34.pdf/91aad-2025-02-03-09-07-34.pdf",
    "periodicity": "periodic"
  },
  {
    "equity_ticker": "NXPI",
    "geography": "US",
    "content_name": "NXPI Q4 2024 Presentation",
    "file_type": "pdf",
    "content_type": "earnings_presentation",
    "published_date": "2025-02-04",
    "fiscal_date": "2025-02-04",
    "fiscal_year": 2024,
    "fiscal_quarter": 4,
    "r2_url": "https://pub-2c783279b61043e19fbdadd1bee5153a.r2.dev/NXPI/2025-02-04/98394-2025-02-03-09-07-34/98394-2025-02-03-09-07-34.pdf/98394-2025-02-03-09-07-34.pdf",
    "periodicity": "periodic"
  },
  {
    "equity_ticker": "NXPI",
    "geography": "US",
    "content_name": "NXPI Q3 2024 Transcript",
    "file_type": "pdf",
    "content_type": "earnings_transcript",
    "published_date": "2024-11-05",
    "fiscal_date": "2024-11-05",
    "fiscal_year": 2024,
    "fiscal_quarter": 3,
    "r2_url": "https://pub-2c783279b61043e19fbdadd1bee5153a.r2.dev/NXPI/2024-11-05/NXP%20Semiconductors%20N.V._2024-11-05_transcript/NXP%20Semiconductors%20N.V._2024-11-05_transcript.pdf/NXP%20Semiconductors%20N.V._2024-11-05_transcript.pdf",
    "periodicity": "periodic"
  },
  {
    "equity_ticker": "NXPI",
    "geography": "US",
    "content_name": "NXPI Q3 2024 Press Release",
    "file_type": "pdf",
    "content_type": "earnings_press_release",
    "published_date": "2024-11-05",
    "fiscal_date": "2024-11-05",
    "fiscal_year": 2024,
    "fiscal_quarter": 3,
    "r2_url": "https://pub-2c783279b61043e19fbdadd1bee5153a.r2.dev/NXPI/2024-11-05/a7f68-2024-11-05-11-22-06/a7f68-2024-11-05-11-22-06.pdf/a7f68-2024-11-05-11-22-06.pdf",
    "periodicity": "periodic"
  },
  {
    "equity_ticker": "NXPI",
    "geography": "US",
    "content_name": "NXPI Q3 2024 Presentation",
    "file_type": "pdf",
    "content_type": "earnings_presentation",
    "published_date": "2024-11-05",
    "fiscal_date": "2024-11-05",
    "fiscal_year": 2024,
    "fiscal_quarter": 3,
    "r2_url": "https://pub-2c783279b61043e19fbdadd1bee5153a.r2.dev/NXPI/2024-11-05/8eff1-2024-11-05-08-37-30/8eff1-2024-11-05-08-37-30.pdf/8eff1-2024-11-05-08-37-30.pdf",
    "periodicity": "periodic"
  },
  {
    "equity_ticker": "NXPI",
    "geography": "US",
    "content_name": "Goldman Sachs Communacopia + Technology Conference - September 10, 2024",
    "file_type": "pdf",
    "content_type": "sellside_conference_transcript",
    "published_date": "2024-09-10",
    "fiscal_date": "2024-09-10",
    "fiscal_year": null,
    "fiscal_quarter": null,
    "r2_url": "https://pub-2c783279b61043e19fbdadd1bee5153a.r2.dev/NXPI/2024-09-10/NXP%20Semiconductors%20N.V._2024-09-10_transcript/NXP%20Semiconductors%20N.V._2024-09-10_transcript.pdf/NXP%20Semiconductors%20N.V._2024-09-10_transcript.pdf",
    "periodicity": "non_periodic"
  },
  {
    "equity_ticker": "NXPI",
    "geography": "US",
    "content_name": "NXPI Q2 2024 Transcript",
    "file_type": "pdf",
    "content_type": "earnings_transcript",
    "published_date": "2024-07-23",
    "fiscal_date": "2024-07-23",
    "fiscal_year": 2024,
    "fiscal_quarter": 2,
    "r2_url": "https://pub-2c783279b61043e19fbdadd1bee5153a.r2.dev/NXPI/2024-07-23/NXP%20Semiconductors%20N.V._2024-07-23_transcript/NXP%20Semiconductors%20N.V._2024-07-23_transcript.pdf/NXP%20Semiconductors%20N.V._2024-07-23_transcript.pdf",
    "periodicity": "periodic"
  },
  {
    "equity_ticker": "NXPI",
    "geography": "US",
    "content_name": "NXPI Q2 2024 Press Release",
    "file_type": "pdf",
    "content_type": "earnings_press_release",
    "published_date": "2024-07-23",
    "fiscal_date": "2024-07-23",
    "fiscal_year": 2024,
    "fiscal_quarter": 2,
    "r2_url": "https://pub-2c783279b61043e19fbdadd1bee5153a.r2.dev/NXPI/2024-07-23/23dd1-2024-07-22-08-39-54/23dd1-2024-07-22-08-39-54.pdf/23dd1-2024-07-22-08-39-54.pdf",
    "periodicity": "periodic"
  },
  {
    "equity_ticker": "NXPI",
    "geography": "US",
    "content_name": "NXPI Q2 2024 Presentation",
    "file_type": "pdf",
    "content_type": "earnings_presentation",
    "published_date": "2024-07-23",
    "fiscal_date": "2024-07-23",
    "fiscal_year": 2024,
    "fiscal_quarter": 2,
    "r2_url": "https://pub-2c783279b61043e19fbdadd1bee5153a.r2.dev/NXPI/2024-07-23/ca201-2024-07-23-07-35-54/ca201-2024-07-23-07-35-54.pdf/ca201-2024-07-23-07-35-54.pdf",
    "periodicity": "periodic"
  },
  {
    "equity_ticker": "NXPI",
    "geography": "US",
    "content_name": "NXPI Q1 2024 Transcript",
    "file_type": "pdf",
    "content_type": "earnings_transcript",
    "published_date": "2024-04-30",
    "fiscal_date": "2024-04-30",
    "fiscal_year": 2024,
    "fiscal_quarter": 1,
    "r2_url": "https://pub-2c783279b61043e19fbdadd1bee5153a.r2.dev/NXPI/2024-04-30/NXP%20Semiconductors%20N.V._2024-04-30_transcript/NXP%20Semiconductors%20N.V._2024-04-30_transcript.pdf/NXP%20Semiconductors%20N.V._2024-04-30_transcript.pdf",
    "periodicity": "periodic"
  },
  {
    "equity_ticker": "NXPI",
    "geography": "US",
    "content_name": "NXPI Q1 2024 Press Release",
    "file_type": "pdf",
    "content_type": "earnings_press_release",
    "published_date": "2024-04-30",
    "fiscal_date": "2024-04-30",
    "fiscal_year": 2024,
    "fiscal_quarter": 1,
    "r2_url": "https://pub-2c783279b61043e19fbdadd1bee5153a.r2.dev/NXPI/2024-04-30/23d35-2024-04-29-09-53-13/23d35-2024-04-29-09-53-13.pdf/23d35-2024-04-29-09-53-13.pdf",
    "periodicity": "periodic"
  },
  {
    "equity_ticker": "NXPI",
    "geography": "US",
    "content_name": "NXPI Q1 2024 Presentation",
    "file_type": "pdf",
    "content_type": "earnings_presentation",
    "published_date": "2024-04-30",
    "fiscal_date": "2024-04-30",
    "fiscal_year": 2024,
    "fiscal_quarter": 1,
    "r2_url": "https://pub-2c783279b61043e19fbdadd1bee5153a.r2.dev/NXPI/2024-04-30/14d85-2024-04-29-09-25-14/14d85-2024-04-29-09-25-14.pdf/14d85-2024-04-29-09-25-14.pdf",
    "periodicity": "periodic"
  },
  {
    "equity_ticker": "NXPI",
    "geography": "US",
    "content_name": "Morgan Stanley\u2019s Technology, Media & Telecom Conference 2024 - March 5, 2024",
    "file_type": "pdf",
    "content_type": "sellside_conference_transcript",
    "published_date": "2024-03-05",
    "fiscal_date": "2024-03-05",
    "fiscal_year": null,
    "fiscal_quarter": null,
    "r2_url": "https://pub-2c783279b61043e19fbdadd1bee5153a.r2.dev/NXPI/2024-03-05/NXP%20Semiconductors%20N.V._2024-03-05_transcript/NXP%20Semiconductors%20N.V._2024-03-05_transcript.pdf/NXP%20Semiconductors%20N.V._2024-03-05_transcript.pdf",
    "periodicity": "non_periodic"
  },
  {
    "equity_ticker": "NXPI",
    "geography": "US",
    "content_name": "NXPI Q4 2023 Transcript",
    "file_type": "pdf",
    "content_type": "earnings_transcript",
    "published_date": "2024-02-06",
    "fiscal_date": "2024-02-06",
    "fiscal_year": 2023,
    "fiscal_quarter": 4,
    "r2_url": "https://pub-2c783279b61043e19fbdadd1bee5153a.r2.dev/NXPI/2024-02-06/NXP%20Semiconductors%20N.V._2024-02-06_transcript/NXP%20Semiconductors%20N.V._2024-02-06_transcript.pdf/NXP%20Semiconductors%20N.V._2024-02-06_transcript.pdf",
    "periodicity": "periodic"
  },
  {
    "equity_ticker": "NXPI",
    "geography": "US",
    "content_name": "NXPI Q4 2023 Press Release",
    "file_type": "pdf",
    "content_type": "earnings_press_release",
    "published_date": "2024-02-06",
    "fiscal_date": "2024-02-06",
    "fiscal_year": 2023,
    "fiscal_quarter": 4,
    "r2_url": "https://pub-2c783279b61043e19fbdadd1bee5153a.r2.dev/NXPI/2024-02-06/66224-2024-02-06-11-53-09/66224-2024-02-06-11-53-09.pdf/66224-2024-02-06-11-53-09.pdf",
    "periodicity": "periodic"
  },
  {
    "equity_ticker": "NXPI",
    "geography": "US",
    "content_name": "NXPI Q4 2023 Presentation",
    "file_type": "pdf",
    "content_type": "earnings_presentation",
    "published_date": "2024-02-06",
    "fiscal_date": "2024-02-06",
    "fiscal_year": 2023,
    "fiscal_quarter": 4,
    "r2_url": "https://pub-2c783279b61043e19fbdadd1bee5153a.r2.dev/NXPI/2024-02-06/e34a1-2024-02-06-11-42-10/e34a1-2024-02-06-11-42-10.pdf/e34a1-2024-02-06-11-42-10.pdf",
    "periodicity": "periodic"
  },
  {
    "equity_ticker": "NXPI",
    "geography": "US",
    "content_name": "Wells Fargo 7th Annual TMT Summit 2023 - November 29, 2023",
    "file_type": "pdf",
    "content_type": "sellside_conference_transcript",
    "published_date": "2023-11-29",
    "fiscal_date": "2023-11-29",
    "fiscal_year": null,
    "fiscal_quarter": null,
    "r2_url": "https://pub-2c783279b61043e19fbdadd1bee5153a.r2.dev/NXPI/2023-11-29/NXP%20Semiconductors%20N.V._2023-11-29_transcript/NXP%20Semiconductors%20N.V._2023-11-29_transcript.pdf/NXP%20Semiconductors%20N.V._2023-11-29_transcript.pdf",
    "periodicity": "non_periodic"
  },
  {
    "equity_ticker": "NXPI",
    "geography": "US",
    "content_name": "2023 UBS Global Technology Conference - November 28, 2023",
    "file_type": "pdf",
    "content_type": "sellside_conference_transcript",
    "published_date": "2023-11-28",
    "fiscal_date": "2023-11-28",
    "fiscal_year": null,
    "fiscal_quarter": null,
    "r2_url": "https://pub-2c783279b61043e19fbdadd1bee5153a.r2.dev/NXPI/2023-11-28/NXP%20Semiconductors%20N.V._2023-11-28_transcript/NXP%20Semiconductors%20N.V._2023-11-28_transcript.pdf/NXP%20Semiconductors%20N.V._2023-11-28_transcript.pdf",
    "periodicity": "non_periodic"
  },
  {
    "equity_ticker": "NXPI",
    "geography": "US",
    "content_name": "NXPI Q3 2023 Transcript",
    "file_type": "pdf",
    "content_type": "earnings_transcript",
    "published_date": "2023-11-07",
    "fiscal_date": "2023-11-07",
    "fiscal_year": 2023,
    "fiscal_quarter": 3,
    "r2_url": "https://pub-2c783279b61043e19fbdadd1bee5153a.r2.dev/NXPI/2023-11-07/NXP%20Semiconductors%20N.V._2023-11-07_transcript/NXP%20Semiconductors%20N.V._2023-11-07_transcript.pdf/NXP%20Semiconductors%20N.V._2023-11-07_transcript.pdf",
    "periodicity": "periodic"
  },
  {
    "equity_ticker": "NXPI",
    "geography": "US",
    "content_name": "NXPI Q3 2023 Press Release",
    "file_type": "pdf",
    "content_type": "earnings_press_release",
    "published_date": "2023-11-07",
    "fiscal_date": "2023-11-07",
    "fiscal_year": 2023,
    "fiscal_quarter": 3,
    "r2_url": "https://pub-2c783279b61043e19fbdadd1bee5153a.r2.dev/NXPI/2023-11-07/4d1b2-2023-11-06-11-31-15/4d1b2-2023-11-06-11-31-15.pdf/4d1b2-2023-11-06-11-31-15.pdf",
    "periodicity": "periodic"
  },
  {
    "equity_ticker": "NXPI",
    "geography": "US",
    "content_name": "NXPI Q3 2023 Presentation",
    "file_type": "pdf",
    "content_type": "earnings_presentation",
    "published_date": "2023-11-07",
    "fiscal_date": "2023-11-07",
    "fiscal_year": 2023,
    "fiscal_quarter": 3,
    "r2_url": "https://pub-2c783279b61043e19fbdadd1bee5153a.r2.dev/NXPI/2023-11-07/0d878-2023-11-06-11-31-15/0d878-2023-11-06-11-31-15.pdf/0d878-2023-11-06-11-31-15.pdf",
    "periodicity": "periodic"
  },
  {
    "equity_ticker": "NXPI",
    "geography": "US",
    "content_name": "Citi Global Technology Conference 2023 - September 7, 2023",
    "file_type": "pdf",
    "content_type": "sellside_conference_transcript",
    "published_date": "2023-09-07",
    "fiscal_date": "2023-09-07",
    "fiscal_year": null,
    "fiscal_quarter": null,
    "r2_url": "https://pub-2c783279b61043e19fbdadd1bee5153a.r2.dev/NXPI/2023-09-07/NXP%20Semiconductors%20N.V._2023-09-07_transcript/NXP%20Semiconductors%20N.V._2023-09-07_transcript.pdf/NXP%20Semiconductors%20N.V._2023-09-07_transcript.pdf",
    "periodicity": "non_periodic"
  },
  {
    "equity_ticker": "NXPI",
    "geography": "US",
    "content_name": "Goldman Sachs Communacopia + Technology Conference 2023 - September 5, 2023",
    "file_type": "pdf",
    "content_type": "sellside_conference_transcript",
    "published_date": "2023-09-05",
    "fiscal_date": "2023-09-05",
    "fiscal_year": null,
    "fiscal_quarter": null,
    "r2_url": "https://pub-2c783279b61043e19fbdadd1bee5153a.r2.dev/NXPI/2023-09-05/NXP%20Semiconductors%20N.V._2023-09-05_transcript/NXP%20Semiconductors%20N.V._2023-09-05_transcript.pdf/NXP%20Semiconductors%20N.V._2023-09-05_transcript.pdf",
    "periodicity": "non_periodic"
  },
  {
    "equity_ticker": "NXPI",
    "geography": "US",
    "content_name": "Deutsche Bank's 2023 Technology Conference - August 30, 2023",
    "file_type": "pdf",
    "content_type": "sellside_conference_transcript",
    "published_date": "2023-08-30",
    "fiscal_date": "2023-08-30",
    "fiscal_year": null,
    "fiscal_quarter": null,
    "r2_url": "https://pub-2c783279b61043e19fbdadd1bee5153a.r2.dev/NXPI/2023-08-30/NXP%20Semiconductors%20N.V._2023-08-30_transcript/NXP%20Semiconductors%20N.V._2023-08-30_transcript.pdf/NXP%20Semiconductors%20N.V._2023-08-30_transcript.pdf",
    "periodicity": "non_periodic"
  },
  {
    "equity_ticker": "NXPI",
    "geography": "US",
    "content_name": "NXPI Q2 2023 Transcript",
    "file_type": "pdf",
    "content_type": "earnings_transcript",
    "published_date": "2023-07-25",
    "fiscal_date": "2023-07-25",
    "fiscal_year": 2023,
    "fiscal_quarter": 2,
    "r2_url": "https://pub-2c783279b61043e19fbdadd1bee5153a.r2.dev/NXPI/2023-07-25/NXP%20Semiconductors%20N.V._2023-07-25_transcript/NXP%20Semiconductors%20N.V._2023-07-25_transcript.pdf/NXP%20Semiconductors%20N.V._2023-07-25_transcript.pdf",
    "periodicity": "periodic"
  },
  {
    "equity_ticker": "NXPI",
    "geography": "US",
    "content_name": "NXPI Q2 2023 Press Release",
    "file_type": "pdf",
    "content_type": "earnings_press_release",
    "published_date": "2023-07-25",
    "fiscal_date": "2023-07-25",
    "fiscal_year": 2023,
    "fiscal_quarter": 2,
    "r2_url": "https://pub-2c783279b61043e19fbdadd1bee5153a.r2.dev/NXPI/2023-07-25/9ba0f-2023-07-25-10-00-10/9ba0f-2023-07-25-10-00-10.pdf/9ba0f-2023-07-25-10-00-10.pdf",
    "periodicity": "periodic"
  },
  {
    "equity_ticker": "NXPI",
    "geography": "US",
    "content_name": "NXPI Q2 2023 Presentation",
    "file_type": "pdf",
    "content_type": "earnings_presentation",
    "published_date": "2023-07-25",
    "fiscal_date": "2023-07-25",
    "fiscal_year": 2023,
    "fiscal_quarter": 2,
    "r2_url": "https://pub-2c783279b61043e19fbdadd1bee5153a.r2.dev/NXPI/2023-07-25/8f1ad-2023-07-25-11-14-46/8f1ad-2023-07-25-11-14-46.pdf/8f1ad-2023-07-25-11-14-46.pdf",
    "periodicity": "periodic"
  },
  {
    "equity_ticker": "NXPI",
    "geography": "US",
    "content_name": "51st Annual J.P. Morgan\u2019s Global Technology, Media and Communications Conference - May 22, 2023",
    "file_type": "pdf",
    "content_type": "sellside_conference_transcript",
    "published_date": "2023-05-22",
    "fiscal_date": "2023-05-22",
    "fiscal_year": null,
    "fiscal_quarter": null,
    "r2_url": "https://pub-2c783279b61043e19fbdadd1bee5153a.r2.dev/NXPI/2023-05-22/NXP%20Semiconductors%20N.V._2023-05-22_transcript/NXP%20Semiconductors%20N.V._2023-05-22_transcript.pdf/NXP%20Semiconductors%20N.V._2023-05-22_transcript.pdf",
    "periodicity": "non_periodic"
  },
  {
    "equity_ticker": "NXPI",
    "geography": "US",
    "content_name": "NXPI Q1 2023 Transcript",
    "file_type": "pdf",
    "content_type": "earnings_transcript",
    "published_date": "2023-05-02",
    "fiscal_date": "2023-05-02",
    "fiscal_year": 2023,
    "fiscal_quarter": 1,
    "r2_url": "https://pub-2c783279b61043e19fbdadd1bee5153a.r2.dev/NXPI/2023-05-02/NXP%20Semiconductors%20N.V._2023-05-02_transcript/NXP%20Semiconductors%20N.V._2023-05-02_transcript.pdf/NXP%20Semiconductors%20N.V._2023-05-02_transcript.pdf",
    "periodicity": "periodic"
  },
  {
    "equity_ticker": "NXPI",
    "geography": "US",
    "content_name": "NXPI Q1 2023 Press Release",
    "file_type": "pdf",
    "content_type": "earnings_press_release",
    "published_date": "2023-05-02",
    "fiscal_date": "2023-05-02",
    "fiscal_year": 2023,
    "fiscal_quarter": 1,
    "r2_url": "https://pub-2c783279b61043e19fbdadd1bee5153a.r2.dev/NXPI/2023-05-02/4436c-2023-05-01-08-44-29/4436c-2023-05-01-08-44-29.pdf/4436c-2023-05-01-08-44-29.pdf",
    "periodicity": "periodic"
  },
  {
    "equity_ticker": "NXPI",
    "geography": "US",
    "content_name": "NXPI Q1 2023 Presentation",
    "file_type": "pdf",
    "content_type": "earnings_presentation",
    "published_date": "2023-05-02",
    "fiscal_date": "2023-05-02",
    "fiscal_year": 2023,
    "fiscal_quarter": 1,
    "r2_url": "https://pub-2c783279b61043e19fbdadd1bee5153a.r2.dev/NXPI/2023-05-02/77794-2023-05-02-11-27-00/77794-2023-05-02-11-27-00.pdf/77794-2023-05-02-11-27-00.pdf",
    "periodicity": "periodic"
  },
  {
    "equity_ticker": "NXPI",
    "geography": "US",
    "content_name": "NXPI Q4 2022 Transcript",
    "file_type": "pdf",
    "content_type": "earnings_transcript",
    "published_date": "2023-01-31",
    "fiscal_date": "2023-01-31",
    "fiscal_year": 2022,
    "fiscal_quarter": 4,
    "r2_url": "https://pub-2c783279b61043e19fbdadd1bee5153a.r2.dev/NXPI/2023-01-31/NXP%20Semiconductors%20N.V._2023-01-31_transcript/NXP%20Semiconductors%20N.V._2023-01-31_transcript.pdf/NXP%20Semiconductors%20N.V._2023-01-31_transcript.pdf",
    "periodicity": "periodic"
  },
  {
    "equity_ticker": "NXPI",
    "geography": "US",
    "content_name": "NXPI Q4 2022 Press Release",
    "file_type": "pdf",
    "content_type": "earnings_press_release",
    "published_date": "2023-01-31",
    "fiscal_date": "2023-01-31",
    "fiscal_year": 2022,
    "fiscal_quarter": 4,
    "r2_url": "https://pub-2c783279b61043e19fbdadd1bee5153a.r2.dev/NXPI/2023-01-31/22d93-2023-01-31-12-37-01/22d93-2023-01-31-12-37-01.pdf/22d93-2023-01-31-12-37-01.pdf",
    "periodicity": "periodic"
  },
  {
    "equity_ticker": "NXPI",
    "geography": "US",
    "content_name": "NXPI Q4 2022 Presentation",
    "file_type": "pdf",
    "content_type": "earnings_presentation",
    "published_date": "2023-01-31",
    "fiscal_date": "2023-01-31",
    "fiscal_year": 2022,
    "fiscal_quarter": 4,
    "r2_url": "https://pub-2c783279b61043e19fbdadd1bee5153a.r2.dev/NXPI/2023-01-31/b83a8-2023-01-31-12-37-01/b83a8-2023-01-31-12-37-01.pdf/b83a8-2023-01-31-12-37-01.pdf",
    "periodicity": "periodic"
  },
  {
    "equity_ticker": "NXPI",
    "geography": "US",
    "content_name": "NXPI Q3 2022 Transcript",
    "file_type": "pdf",
    "content_type": "earnings_transcript",
    "published_date": "2022-11-01",
    "fiscal_date": "2022-11-01",
    "fiscal_year": 2022,
    "fiscal_quarter": 3,
    "r2_url": "https://pub-2c783279b61043e19fbdadd1bee5153a.r2.dev/NXPI/2022-11-01/NXP%20Semiconductors%20N.V._2022-11-01_transcript/NXP%20Semiconductors%20N.V._2022-11-01_transcript.pdf/NXP%20Semiconductors%20N.V._2022-11-01_transcript.pdf",
    "periodicity": "periodic"
  },
  {
    "equity_ticker": "NXPI",
    "geography": "US",
    "content_name": "NXPI Q3 2022 Press Release",
    "file_type": "pdf",
    "content_type": "earnings_press_release",
    "published_date": "2022-11-01",
    "fiscal_date": "2022-11-01",
    "fiscal_year": 2022,
    "fiscal_quarter": 3,
    "r2_url": "https://pub-2c783279b61043e19fbdadd1bee5153a.r2.dev/NXPI/2022-11-01/2540e-2022-11-01-01-00-20/2540e-2022-11-01-01-00-20.pdf/2540e-2022-11-01-01-00-20.pdf",
    "periodicity": "periodic"
  },
  {
    "equity_ticker": "NXPI",
    "geography": "US",
    "content_name": "NXPI Q3 2022 Presentation",
    "file_type": "pdf",
    "content_type": "earnings_presentation",
    "published_date": "2022-11-01",
    "fiscal_date": "2022-11-01",
    "fiscal_year": 2022,
    "fiscal_quarter": 3,
    "r2_url": "https://pub-2c783279b61043e19fbdadd1bee5153a.r2.dev/NXPI/2022-11-01/177b9-2022-11-01-01-00-20/177b9-2022-11-01-01-00-20.pdf/177b9-2022-11-01-01-00-20.pdf",
    "periodicity": "periodic"
  },
  {
    "equity_ticker": "NXPI",
    "geography": "US",
    "content_name": "NXPI Q2 2022 Transcript",
    "file_type": "pdf",
    "content_type": "earnings_transcript",
    "published_date": "2022-07-26",
    "fiscal_date": "2022-07-26",
    "fiscal_year": 2022,
    "fiscal_quarter": 2,
    "r2_url": "https://pub-2c783279b61043e19fbdadd1bee5153a.r2.dev/NXPI/2022-07-26/NXP%20Semiconductors%20N.V._2022-07-26_transcript/NXP%20Semiconductors%20N.V._2022-07-26_transcript.pdf/NXP%20Semiconductors%20N.V._2022-07-26_transcript.pdf",
    "periodicity": "periodic"
  },
  {
    "equity_ticker": "NXPI",
    "geography": "US",
    "content_name": "NXPI Q2 2022 Press Release",
    "file_type": "pdf",
    "content_type": "earnings_press_release",
    "published_date": "2022-07-26",
    "fiscal_date": "2022-07-26",
    "fiscal_year": 2022,
    "fiscal_quarter": 2,
    "r2_url": "https://pub-2c783279b61043e19fbdadd1bee5153a.r2.dev/NXPI/2022-07-26/d22f1-2022-07-26-11-37-04/d22f1-2022-07-26-11-37-04.pdf/d22f1-2022-07-26-11-37-04.pdf",
    "periodicity": "periodic"
  },
  {
    "equity_ticker": "NXPI",
    "geography": "US",
    "content_name": "NXPI Q2 2022 Presentation",
    "file_type": "pdf",
    "content_type": "earnings_presentation",
    "published_date": "2022-07-26",
    "fiscal_date": "2022-07-26",
    "fiscal_year": 2022,
    "fiscal_quarter": 2,
    "r2_url": "https://pub-2c783279b61043e19fbdadd1bee5153a.r2.dev/NXPI/2022-07-26/c0cb1-2022-07-26-11-37-04/c0cb1-2022-07-26-11-37-04.pdf/c0cb1-2022-07-26-11-37-04.pdf",
    "periodicity": "periodic"
  },
  {
    "equity_ticker": "NXPI",
    "geography": "US",
    "content_name": "NXPI Q1 2022 Transcript",
    "file_type": "pdf",
    "content_type": "earnings_transcript",
    "published_date": "2022-06-06",
    "fiscal_date": "2022-06-06",
    "fiscal_year": 2022,
    "fiscal_quarter": 1,
    "r2_url": "https://pub-2c783279b61043e19fbdadd1bee5153a.r2.dev/NXPI/2022-06-06/NXP%20Semiconductors%20N.V._2022-06-06_transcript/NXP%20Semiconductors%20N.V._2022-06-06_transcript.pdf/NXP%20Semiconductors%20N.V._2022-06-06_transcript.pdf",
    "periodicity": "periodic"
  },
  {
    "equity_ticker": "NXPI",
    "geography": "US",
    "content_name": "NXPI Q1 2022 Press Release",
    "file_type": "pdf",
    "content_type": "earnings_press_release",
    "published_date": "2022-06-06",
    "fiscal_date": "2022-06-06",
    "fiscal_year": 2022,
    "fiscal_quarter": 1,
    "r2_url": "https://pub-2c783279b61043e19fbdadd1bee5153a.r2.dev/NXPI/2022-06-06/5def7-2022-06-07-12-39-00/5def7-2022-06-07-12-39-00.pdf/5def7-2022-06-07-12-39-00.pdf",
    "periodicity": "periodic"
  },
  {
    "equity_ticker": "NXPI",
    "geography": "US",
    "content_name": "NXPI Q1 2022 Presentation",
    "file_type": "pdf",
    "content_type": "earnings_presentation",
    "published_date": "2022-06-06",
    "fiscal_date": "2022-06-06",
    "fiscal_year": 2022,
    "fiscal_quarter": 1,
    "r2_url": "https://pub-2c783279b61043e19fbdadd1bee5153a.r2.dev/NXPI/2022-06-06/64a9e-2022-06-07-12-40-00/64a9e-2022-06-07-12-40-00.pdf/64a9e-2022-06-07-12-40-00.pdf",
    "periodicity": "periodic"
  },
  {
    "equity_ticker": "NXPI",
    "geography": "US",
    "content_name": "NXPI Q4 2021 Transcript",
    "file_type": "pdf",
    "content_type": "earnings_transcript",
    "published_date": "2022-02-02",
    "fiscal_date": "2022-02-02",
    "fiscal_year": 2021,
    "fiscal_quarter": 4,
    "r2_url": "https://pub-2c783279b61043e19fbdadd1bee5153a.r2.dev/NXPI/2022-02-02/NXP%20Semiconductors%20N.V._2022-02-02_transcript/NXP%20Semiconductors%20N.V._2022-02-02_transcript.pdf/NXP%20Semiconductors%20N.V._2022-02-02_transcript.pdf",
    "periodicity": "periodic"
  },
  {
    "equity_ticker": "NXPI",
    "geography": "US",
    "content_name": "NXPI Q4 2021 Press Release",
    "file_type": "pdf",
    "content_type": "earnings_press_release",
    "published_date": "2022-02-02",
    "fiscal_date": "2022-02-02",
    "fiscal_year": 2021,
    "fiscal_quarter": 4,
    "r2_url": "https://pub-2c783279b61043e19fbdadd1bee5153a.r2.dev/NXPI/2022-02-02/6a704-2023-01-25-12-02-23/6a704-2023-01-25-12-02-23.pdf/6a704-2023-01-25-12-02-23.pdf",
    "periodicity": "periodic"
  },
  {
    "equity_ticker": "NXPI",
    "geography": "US",
    "content_name": "NXPI Q4 2021 Presentation",
    "file_type": "pdf",
    "content_type": "earnings_presentation",
    "published_date": "2022-02-02",
    "fiscal_date": "2022-02-02",
    "fiscal_year": 2021,
    "fiscal_quarter": 4,
    "r2_url": "https://pub-2c783279b61043e19fbdadd1bee5153a.r2.dev/NXPI/2022-02-02/4500b-2022-02-02-01-17-12-migrated/4500b-2022-02-02-01-17-12-migrated.pdf/4500b-2022-02-02-01-17-12-migrated.pdf",
    "periodicity": "periodic"
  },
  {
    "equity_ticker": "NXPI",
    "geography": "US",
    "content_name": "NXPI Q2 2021 Transcript",
    "file_type": "pdf",
    "content_type": "earnings_transcript",
    "published_date": "2021-08-03",
    "fiscal_date": "2021-08-03",
    "fiscal_year": 2021,
    "fiscal_quarter": 2,
    "r2_url": "https://pub-2c783279b61043e19fbdadd1bee5153a.r2.dev/NXPI/2021-08-03/NXP%20Semiconductors%20N.V._2021-08-03_transcript/NXP%20Semiconductors%20N.V._2021-08-03_transcript.pdf/NXP%20Semiconductors%20N.V._2021-08-03_transcript.pdf",
    "periodicity": "periodic"
  },
  {
    "equity_ticker": "NXPI",
    "geography": "US",
    "content_name": "NXPI Q2 2021 Press Release",
    "file_type": "pdf",
    "content_type": "earnings_press_release",
    "published_date": "2021-08-03",
    "fiscal_date": "2021-08-03",
    "fiscal_year": 2021,
    "fiscal_quarter": 2,
    "r2_url": "https://pub-2c783279b61043e19fbdadd1bee5153a.r2.dev/NXPI/2021-08-03/73f0d-2023-01-25-09-42-55/73f0d-2023-01-25-09-42-55.pdf/73f0d-2023-01-25-09-42-55.pdf",
    "periodicity": "periodic"
  },
  {
    "equity_ticker": "NXPI",
    "geography": "US",
    "content_name": "NXPI Q2 2021 Presentation",
    "file_type": "pdf",
    "content_type": "earnings_presentation",
    "published_date": "2021-08-03",
    "fiscal_date": "2021-08-03",
    "fiscal_year": 2021,
    "fiscal_quarter": 2,
    "r2_url": "https://pub-2c783279b61043e19fbdadd1bee5153a.r2.dev/NXPI/2021-08-03/c6c9d-2022-06-07-12-26-02/c6c9d-2022-06-07-12-26-02.pdf/c6c9d-2022-06-07-12-26-02.pdf",
    "periodicity": "periodic"
  },
  {
    "equity_ticker": "NXPI",
    "geography": "US",
    "content_name": "NXPI Q1 2021 Transcript",
    "file_type": "pdf",
    "content_type": "earnings_transcript",
    "published_date": "2021-04-27",
    "fiscal_date": "2021-04-27",
    "fiscal_year": 2021,
    "fiscal_quarter": 1,
    "r2_url": "https://pub-2c783279b61043e19fbdadd1bee5153a.r2.dev/NXPI/2021-04-27/NXP%20Semiconductors%20N.V._2021-04-27_transcript/NXP%20Semiconductors%20N.V._2021-04-27_transcript.pdf/NXP%20Semiconductors%20N.V._2021-04-27_transcript.pdf",
    "periodicity": "periodic"
  },
  {
    "equity_ticker": "NXPI",
    "geography": "US",
    "content_name": "NXPI Q1 2021 Press Release",
    "file_type": "pdf",
    "content_type": "quarterly_report",
    "published_date": "2021-04-27",
    "fiscal_date": "2021-04-27",
    "fiscal_year": 2021,
    "fiscal_quarter": 1,
    "r2_url": "https://pub-2c783279b61043e19fbdadd1bee5153a.r2.dev/NXPI/2021-04-27/c7fcd-2024-08-30-06-29-47/c7fcd-2024-08-30-06-29-47.pdf/c7fcd-2024-08-30-06-29-47.pdf",
    "periodicity": "periodic"
  },
  {
    "equity_ticker": "NXPI",
    "geography": "US",
    "content_name": "NXPI Q1 2021 Presentation",
    "file_type": "pdf",
    "content_type": "earnings_presentation",
    "published_date": "2021-04-27",
    "fiscal_date": "2021-04-27",
    "fiscal_year": 2021,
    "fiscal_quarter": 1,
    "r2_url": null,
    "periodicity": "periodic"
  },
  {
    "equity_ticker": "NXPI",
    "geography": "US",
    "content_name": "NXPI Q1 2020 Transcript",
    "file_type": "pdf",
    "content_type": "earnings_transcript",
    "published_date": "2020-04-28",
    "fiscal_date": "2020-04-28",
    "fiscal_year": 2020,
    "fiscal_quarter": 1,
    "r2_url": "https://pub-2c783279b61043e19fbdadd1bee5153a.r2.dev/NXPI/2020-04-28/NXP%20Semiconductors%20N.V._2020-04-28_transcript/NXP%20Semiconductors%20N.V._2020-04-28_transcript.pdf/NXP%20Semiconductors%20N.V._2020-04-28_transcript.pdf",
    "periodicity": "periodic"
  },
  {
    "equity_ticker": "NXPI",
    "geography": "US",
    "content_name": "NXPI Q1 2020 Press Release",
    "file_type": "pdf",
    "content_type": "earnings_press_release",
    "published_date": "2020-04-28",
    "fiscal_date": "2020-04-28",
    "fiscal_year": 2020,
    "fiscal_quarter": 1,
    "r2_url": "https://pub-2c783279b61043e19fbdadd1bee5153a.r2.dev/NXPI/2020-04-28/dc806-2023-08-16-01-14-53/dc806-2023-08-16-01-14-53.pdf/dc806-2023-08-16-01-14-53.pdf",
    "periodicity": "periodic"
  },
  {
    "equity_ticker": "NXPI",
    "geography": "US",
    "content_name": "NXPI Q1 2020 Presentation",
    "file_type": "pdf",
    "content_type": "earnings_presentation",
    "published_date": "2020-04-28",
    "fiscal_date": "2020-04-28",
    "fiscal_year": 2020,
    "fiscal_quarter": 1,
    "r2_url": "https://pub-2c783279b61043e19fbdadd1bee5153a.r2.dev/NXPI/2020-04-28/8920a-2023-08-16-01-14-53/8920a-2023-08-16-01-14-53.pdf/8920a-2023-08-16-01-14-53.pdf",
    "periodicity": "periodic"
  },
  {
    "equity_ticker": "NXPI",
    "geography": "US",
    "content_name": "NXPI Q4 2019 Transcript",
    "file_type": "pdf",
    "content_type": "earnings_transcript",
    "published_date": "2020-02-04",
    "fiscal_date": "2020-02-04",
    "fiscal_year": 2019,
    "fiscal_quarter": 4,
    "r2_url": "https://pub-2c783279b61043e19fbdadd1bee5153a.r2.dev/NXPI/2020-02-04/NXP%20Semiconductors%20N.V._2020-02-04_transcript/NXP%20Semiconductors%20N.V._2020-02-04_transcript.pdf/NXP%20Semiconductors%20N.V._2020-02-04_transcript.pdf",
    "periodicity": "periodic"
  },
  {
    "equity_ticker": "NXPI",
    "geography": "US",
    "content_name": "NXPI Q4 2019 Press Release",
    "file_type": "pdf",
    "content_type": "earnings_press_release",
    "published_date": "2020-02-04",
    "fiscal_date": "2020-02-04",
    "fiscal_year": 2019,
    "fiscal_quarter": 4,
    "r2_url": "https://pub-2c783279b61043e19fbdadd1bee5153a.r2.dev/NXPI/2020-02-04/184b0-2023-08-16-02-24-15/184b0-2023-08-16-02-24-15.pdf/184b0-2023-08-16-02-24-15.pdf",
    "periodicity": "periodic"
  },
  {
    "equity_ticker": "NXPI",
    "geography": "US",
    "content_name": "NXPI Q4 2019 Presentation",
    "file_type": "pdf",
    "content_type": "earnings_presentation",
    "published_date": "2020-02-04",
    "fiscal_date": "2020-02-04",
    "fiscal_year": 2019,
    "fiscal_quarter": 4,
    "r2_url": "https://pub-2c783279b61043e19fbdadd1bee5153a.r2.dev/NXPI/2020-02-04/5ff4d-2023-08-16-02-24-15/5ff4d-2023-08-16-02-24-15.pdf/5ff4d-2023-08-16-02-24-15.pdf",
    "periodicity": "periodic"
  },
  {
    "equity_ticker": "NXPI",
    "geography": "US",
    "content_name": "NXPI Q3 2019 Transcript",
    "file_type": "pdf",
    "content_type": "earnings_transcript",
    "published_date": "2019-10-29",
    "fiscal_date": "2019-10-29",
    "fiscal_year": 2019,
    "fiscal_quarter": 3,
    "r2_url": "https://pub-2c783279b61043e19fbdadd1bee5153a.r2.dev/NXPI/2019-10-29/NXP%20Semiconductors%20N.V._2019-10-29_transcript/NXP%20Semiconductors%20N.V._2019-10-29_transcript.pdf/NXP%20Semiconductors%20N.V._2019-10-29_transcript.pdf",
    "periodicity": "periodic"
  },
  {
    "equity_ticker": "NXPI",
    "geography": "US",
    "content_name": "NXPI Q3 2019 Press Release",
    "file_type": "pdf",
    "content_type": "earnings_press_release",
    "published_date": "2019-10-29",
    "fiscal_date": "2019-10-29",
    "fiscal_year": 2019,
    "fiscal_quarter": 3,
    "r2_url": "https://pub-2c783279b61043e19fbdadd1bee5153a.r2.dev/NXPI/2019-10-29/9d84d-2023-08-16-02-02-55/9d84d-2023-08-16-02-02-55.pdf/9d84d-2023-08-16-02-02-55.pdf",
    "periodicity": "periodic"
  },
  {
    "equity_ticker": "NXPI",
    "geography": "US",
    "content_name": "NXPI Q3 2019 Presentation",
    "file_type": "pdf",
    "content_type": "earnings_presentation",
    "published_date": "2019-10-29",
    "fiscal_date": "2019-10-29",
    "fiscal_year": 2019,
    "fiscal_quarter": 3,
    "r2_url": "https://pub-2c783279b61043e19fbdadd1bee5153a.r2.dev/NXPI/2019-10-29/0ab60-2023-08-16-02-02-55/0ab60-2023-08-16-02-02-55.pdf/0ab60-2023-08-16-02-02-55.pdf",
    "periodicity": "periodic"
  },
  {
    "equity_ticker": "NXPI",
    "geography": "US",
    "content_name": "NXPI Q2 2019 Transcript",
    "file_type": "pdf",
    "content_type": "earnings_transcript",
    "published_date": "2019-07-30",
    "fiscal_date": "2019-07-30",
    "fiscal_year": 2019,
    "fiscal_quarter": 2,
    "r2_url": "https://pub-2c783279b61043e19fbdadd1bee5153a.r2.dev/NXPI/2019-07-30/NXP%20Semiconductors%20N.V._2019-07-30_transcript/NXP%20Semiconductors%20N.V._2019-07-30_transcript.pdf/NXP%20Semiconductors%20N.V._2019-07-30_transcript.pdf",
    "periodicity": "periodic"
  },
  {
    "equity_ticker": "NXPI",
    "geography": "US",
    "content_name": "NXPI Q2 2019 Press Release",
    "file_type": "pdf",
    "content_type": "earnings_press_release",
    "published_date": "2019-07-30",
    "fiscal_date": "2019-07-30",
    "fiscal_year": 2019,
    "fiscal_quarter": 2,
    "r2_url": "https://pub-2c783279b61043e19fbdadd1bee5153a.r2.dev/NXPI/2019-07-30/dbf7d-2023-08-16-03-37-20/dbf7d-2023-08-16-03-37-20.pdf/dbf7d-2023-08-16-03-37-20.pdf",
    "periodicity": "periodic"
  },
  {
    "equity_ticker": "NXPI",
    "geography": "US",
    "content_name": "NXPI Q2 2019 Presentation",
    "file_type": "pdf",
    "content_type": "earnings_presentation",
    "published_date": "2019-07-30",
    "fiscal_date": "2019-07-30",
    "fiscal_year": 2019,
    "fiscal_quarter": 2,
    "r2_url": "https://pub-2c783279b61043e19fbdadd1bee5153a.r2.dev/NXPI/2019-07-30/c0c97-2023-08-16-03-37-20/c0c97-2023-08-16-03-37-20.pdf/c0c97-2023-08-16-03-37-20.pdf",
    "periodicity": "periodic"
  },
  {
    "equity_ticker": "NXPI",
    "geography": "US",
    "content_name": "NXPI Q1 2019 Transcript",
    "file_type": "pdf",
    "content_type": "earnings_transcript",
    "published_date": "2019-04-30",
    "fiscal_date": "2019-04-30",
    "fiscal_year": 2019,
    "fiscal_quarter": 1,
    "r2_url": "https://pub-2c783279b61043e19fbdadd1bee5153a.r2.dev/NXPI/2019-04-30/NXP%20Semiconductors%20N.V._2019-04-30_transcript/NXP%20Semiconductors%20N.V._2019-04-30_transcript.pdf/NXP%20Semiconductors%20N.V._2019-04-30_transcript.pdf",
    "periodicity": "periodic"
  },
  {
    "equity_ticker": "NXPI",
    "geography": "US",
    "content_name": "NXPI Q1 2019 Press Release",
    "file_type": "pdf",
    "content_type": "earnings_press_release",
    "published_date": "2019-04-30",
    "fiscal_date": "2019-04-30",
    "fiscal_year": 2019,
    "fiscal_quarter": 1,
    "r2_url": "https://pub-2c783279b61043e19fbdadd1bee5153a.r2.dev/NXPI/2019-04-30/c3558-2023-08-16-03-02-40/c3558-2023-08-16-03-02-40.pdf/c3558-2023-08-16-03-02-40.pdf",
    "periodicity": "periodic"
  },
  {
    "equity_ticker": "NXPI",
    "geography": "US",
    "content_name": "NXPI Q1 2019 Presentation",
    "file_type": "pdf",
    "content_type": "earnings_presentation",
    "published_date": "2019-04-30",
    "fiscal_date": "2019-04-30",
    "fiscal_year": 2019,
    "fiscal_quarter": 1,
    "r2_url": "https://pub-2c783279b61043e19fbdadd1bee5153a.r2.dev/NXPI/2019-04-30/22149-2023-08-16-03-02-40/22149-2023-08-16-03-02-40.pdf/22149-2023-08-16-03-02-40.pdf",
    "periodicity": "periodic"
  },
  {
    "equity_ticker": "NXPI",
    "geography": "US",
    "content_name": "NXPI Q4 2018 Transcript",
    "file_type": "pdf",
    "content_type": "earnings_transcript",
    "published_date": "2019-02-07",
    "fiscal_date": "2019-02-07",
    "fiscal_year": 2018,
    "fiscal_quarter": 4,
    "r2_url": "https://pub-2c783279b61043e19fbdadd1bee5153a.r2.dev/NXPI/2019-02-07/NXP%20Semiconductors%20N.V._2019-02-07_transcript/NXP%20Semiconductors%20N.V._2019-02-07_transcript.pdf/NXP%20Semiconductors%20N.V._2019-02-07_transcript.pdf",
    "periodicity": "periodic"
  },
  {
    "equity_ticker": "NXPI",
    "geography": "US",
    "content_name": "NXPI Q4 2018 Press Release",
    "file_type": "pdf",
    "content_type": "earnings_press_release",
    "published_date": "2019-02-07",
    "fiscal_date": "2019-02-07",
    "fiscal_year": 2018,
    "fiscal_quarter": 4,
    "r2_url": "https://pub-2c783279b61043e19fbdadd1bee5153a.r2.dev/NXPI/2019-02-07/8c2e8-2023-08-16-03-07-58/8c2e8-2023-08-16-03-07-58.pdf/8c2e8-2023-08-16-03-07-58.pdf",
    "periodicity": "periodic"
  },
  {
    "equity_ticker": "NXPI",
    "geography": "US",
    "content_name": "NXPI Q4 2018 Presentation",
    "file_type": "pdf",
    "content_type": "earnings_presentation",
    "published_date": "2019-02-07",
    "fiscal_date": "2019-02-07",
    "fiscal_year": 2018,
    "fiscal_quarter": 4,
    "r2_url": "https://pub-2c783279b61043e19fbdadd1bee5153a.r2.dev/NXPI/2019-02-07/f2c31-2023-08-16-03-56-57/f2c31-2023-08-16-03-56-57.pdf/f2c31-2023-08-16-03-56-57.pdf",
    "periodicity": "periodic"
  },
  {
    "equity_ticker": "NXPI",
    "geography": "US",
    "content_name": "NXPI Q3 2018 Transcript",
    "file_type": "pdf",
    "content_type": "earnings_transcript",
    "published_date": "2018-11-01",
    "fiscal_date": "2018-11-01",
    "fiscal_year": 2018,
    "fiscal_quarter": 3,
    "r2_url": "https://pub-2c783279b61043e19fbdadd1bee5153a.r2.dev/NXPI/2018-11-01/NXP%20Semiconductors%20N.V._2018-11-01_transcript/NXP%20Semiconductors%20N.V._2018-11-01_transcript.pdf/NXP%20Semiconductors%20N.V._2018-11-01_transcript.pdf",
    "periodicity": "periodic"
  },
  {
    "equity_ticker": "NXPI",
    "geography": "US",
    "content_name": "NXPI Q3 2018 Press Release",
    "file_type": "pdf",
    "content_type": "earnings_press_release",
    "published_date": "2018-11-01",
    "fiscal_date": "2018-11-01",
    "fiscal_year": 2018,
    "fiscal_quarter": 3,
    "r2_url": "https://pub-2c783279b61043e19fbdadd1bee5153a.r2.dev/NXPI/2018-11-01/94033-2023-08-16-04-04-40/94033-2023-08-16-04-04-40.pdf/94033-2023-08-16-04-04-40.pdf",
    "periodicity": "periodic"
  },
  {
    "equity_ticker": "NXPI",
    "geography": "US",
    "content_name": "NXPI Q3 2018 Presentation",
    "file_type": "pdf",
    "content_type": "earnings_presentation",
    "published_date": "2018-11-01",
    "fiscal_date": "2018-11-01",
    "fiscal_year": 2018,
    "fiscal_quarter": 3,
    "r2_url": "https://pub-2c783279b61043e19fbdadd1bee5153a.r2.dev/NXPI/2018-11-01/1633d-2023-08-16-04-04-40/1633d-2023-08-16-04-04-40.pdf/1633d-2023-08-16-04-04-40.pdf",
    "periodicity": "periodic"
  },
  {
    "equity_ticker": "NXPI",
    "geography": "US",
    "content_name": "NXPI Q2 2018 Transcript",
    "file_type": "pdf",
    "content_type": "earnings_transcript",
    "published_date": "2018-07-26",
    "fiscal_date": "2018-07-26",
    "fiscal_year": 2018,
    "fiscal_quarter": 2,
    "r2_url": "https://pub-2c783279b61043e19fbdadd1bee5153a.r2.dev/NXPI/2018-07-26/NXP%20Semiconductors%20N.V._2018-07-26_transcript/NXP%20Semiconductors%20N.V._2018-07-26_transcript.pdf/NXP%20Semiconductors%20N.V._2018-07-26_transcript.pdf",
    "periodicity": "periodic"
  },
  {
    "equity_ticker": "NXPI",
    "geography": "US",
    "content_name": "NXPI Q2 2018 Press Release",
    "file_type": "pdf",
    "content_type": "earnings_press_release",
    "published_date": "2018-07-26",
    "fiscal_date": "2018-07-26",
    "fiscal_year": 2018,
    "fiscal_quarter": 2,
    "r2_url": "https://pub-2c783279b61043e19fbdadd1bee5153a.r2.dev/NXPI/2018-07-26/079ac-2023-08-16-04-55-45/079ac-2023-08-16-04-55-45.pdf/079ac-2023-08-16-04-55-45.pdf",
    "periodicity": "periodic"
  },
  {
    "equity_ticker": "NXPI",
    "geography": "US",
    "content_name": "NXPI Q2 2018 Presentation",
    "file_type": "pdf",
    "content_type": "earnings_presentation",
    "published_date": "2018-07-26",
    "fiscal_date": "2018-07-26",
    "fiscal_year": 2018,
    "fiscal_quarter": 2,
    "r2_url": "https://pub-2c783279b61043e19fbdadd1bee5153a.r2.dev/NXPI/2018-07-26/d9b9f-2023-08-16-04-55-45/d9b9f-2023-08-16-04-55-45.pdf/d9b9f-2023-08-16-04-55-45.pdf",
    "periodicity": "periodic"
  },
  {
    "equity_ticker": "NXPI",
    "geography": "US",
    "content_name": "NXPI Q3 2016 Transcript",
    "file_type": "pdf",
    "content_type": "earnings_transcript",
    "published_date": "2016-10-27",
    "fiscal_date": "2016-10-27",
    "fiscal_year": 2016,
    "fiscal_quarter": 3,
    "r2_url": "https://pub-2c783279b61043e19fbdadd1bee5153a.r2.dev/NXPI/2016-10-27/NXP%20Semiconductors%20N.V._2016-10-27_transcript/NXP%20Semiconductors%20N.V._2016-10-27_transcript.pdf/NXP%20Semiconductors%20N.V._2016-10-27_transcript.pdf",
    "periodicity": "periodic"
  },
  {
    "equity_ticker": "NXPI",
    "geography": "US",
    "content_name": "NXPI Q3 2016 Press Release",
    "file_type": "pdf",
    "content_type": "earnings_press_release",
    "published_date": "2016-10-27",
    "fiscal_date": "2016-10-27",
    "fiscal_year": 2016,
    "fiscal_quarter": 3,
    "r2_url": "https://pub-2c783279b61043e19fbdadd1bee5153a.r2.dev/NXPI/2016-10-27/18513-2023-08-16-04-25-49/18513-2023-08-16-04-25-49.pdf/18513-2023-08-16-04-25-49.pdf",
    "periodicity": "periodic"
  },
  {
    "equity_ticker": "NXPI",
    "geography": "US",
    "content_name": "NXPI Q3 2016 Presentation",
    "file_type": "pdf",
    "content_type": "earnings_presentation",
    "published_date": "2016-10-27",
    "fiscal_date": "2016-10-27",
    "fiscal_year": 2016,
    "fiscal_quarter": 3,
    "r2_url": "https://pub-2c783279b61043e19fbdadd1bee5153a.r2.dev/NXPI/2016-10-27/20f72-2023-08-16-04-22-49/20f72-2023-08-16-04-22-49.pdf/20f72-2023-08-16-04-22-49.pdf",
    "periodicity": "periodic"
  },
  {
    "equity_ticker": "NXPI",
    "geography": "US",
    "content_name": "NXPI Q2 2016 Transcript",
    "file_type": "pdf",
    "content_type": "earnings_transcript",
    "published_date": "2016-07-28",
    "fiscal_date": "2016-07-28",
    "fiscal_year": 2016,
    "fiscal_quarter": 2,
    "r2_url": "https://pub-2c783279b61043e19fbdadd1bee5153a.r2.dev/NXPI/2016-07-28/NXP%20Semiconductors%20N.V._2016-07-28_transcript/NXP%20Semiconductors%20N.V._2016-07-28_transcript.pdf/NXP%20Semiconductors%20N.V._2016-07-28_transcript.pdf",
    "periodicity": "periodic"
  },
  {
    "equity_ticker": "NXPI",
    "geography": "US",
    "content_name": "NXPI Q2 2016 Press Release",
    "file_type": "pdf",
    "content_type": "earnings_press_release",
    "published_date": "2016-07-28",
    "fiscal_date": "2016-07-28",
    "fiscal_year": 2016,
    "fiscal_quarter": 2,
    "r2_url": "https://pub-2c783279b61043e19fbdadd1bee5153a.r2.dev/NXPI/2016-07-28/3aa13-2023-08-16-07-16-31/3aa13-2023-08-16-07-16-31.pdf/3aa13-2023-08-16-07-16-31.pdf",
    "periodicity": "periodic"
  },
  {
    "equity_ticker": "NXPI",
    "geography": "US",
    "content_name": "NXPI Q2 2016 Presentation",
    "file_type": "pdf",
    "content_type": "earnings_presentation",
    "published_date": "2016-07-28",
    "fiscal_date": "2016-07-28",
    "fiscal_year": 2016,
    "fiscal_quarter": 2,
    "r2_url": "https://pub-2c783279b61043e19fbdadd1bee5153a.r2.dev/NXPI/2016-07-28/d3974-2023-08-16-07-16-31/d3974-2023-08-16-07-16-31.pdf/d3974-2023-08-16-07-16-31.pdf",
    "periodicity": "periodic"
  },
  {
    "equity_ticker": "NXPI",
    "geography": "US",
    "content_name": "NXPI Q1 2016 Transcript",
    "file_type": "pdf",
    "content_type": "earnings_transcript",
    "published_date": "2016-04-26",
    "fiscal_date": "2016-04-26",
    "fiscal_year": 2016,
    "fiscal_quarter": 1,
    "r2_url": "https://pub-2c783279b61043e19fbdadd1bee5153a.r2.dev/NXPI/2016-04-26/NXP%20Semiconductors%20N.V._2016-04-26_transcript/NXP%20Semiconductors%20N.V._2016-04-26_transcript.pdf/NXP%20Semiconductors%20N.V._2016-04-26_transcript.pdf",
    "periodicity": "periodic"
  },
  {
    "equity_ticker": "NXPI",
    "geography": "US",
    "content_name": "NXPI Q1 2016 Press Release",
    "file_type": "pdf",
    "content_type": "earnings_press_release",
    "published_date": "2016-04-26",
    "fiscal_date": "2016-04-26",
    "fiscal_year": 2016,
    "fiscal_quarter": 1,
    "r2_url": "https://pub-2c783279b61043e19fbdadd1bee5153a.r2.dev/NXPI/2016-04-26/28138-2023-08-16-07-33-35/28138-2023-08-16-07-33-35.pdf/28138-2023-08-16-07-33-35.pdf",
    "periodicity": "periodic"
  },
  {
    "equity_ticker": "NXPI",
    "geography": "US",
    "content_name": "NXPI Q1 2016 Presentation",
    "file_type": "pdf",
    "content_type": "earnings_presentation",
    "published_date": "2016-04-26",
    "fiscal_date": "2016-04-26",
    "fiscal_year": 2016,
    "fiscal_quarter": 1,
    "r2_url": "https://pub-2c783279b61043e19fbdadd1bee5153a.r2.dev/NXPI/2016-04-26/d0842-2023-08-16-07-31-35/d0842-2023-08-16-07-31-35.pdf/d0842-2023-08-16-07-31-35.pdf",
    "periodicity": "periodic"
  },
  {
    "equity_ticker": "NXPI",
    "geography": "US",
    "content_name": "NXPI Q4 2015 Transcript",
    "file_type": "pdf",
    "content_type": "earnings_transcript",
    "published_date": "2016-02-04",
    "fiscal_date": "2016-02-04",
    "fiscal_year": 2015,
    "fiscal_quarter": 4,
    "r2_url": "https://pub-2c783279b61043e19fbdadd1bee5153a.r2.dev/NXPI/2016-02-04/NXP%20Semiconductors%20N.V._2016-02-04_transcript/NXP%20Semiconductors%20N.V._2016-02-04_transcript.pdf/NXP%20Semiconductors%20N.V._2016-02-04_transcript.pdf",
    "periodicity": "periodic"
  },
  {
    "equity_ticker": "NXPI",
    "geography": "US",
    "content_name": "NXPI Q3 2015 Transcript",
    "file_type": "pdf",
    "content_type": "earnings_transcript",
    "published_date": "2015-10-29",
    "fiscal_date": "2015-10-29",
    "fiscal_year": 2015,
    "fiscal_quarter": 3,
    "r2_url": "https://pub-2c783279b61043e19fbdadd1bee5153a.r2.dev/NXPI/2015-10-29/NXP%20Semiconductors%20N.V._2015-10-29_transcript/NXP%20Semiconductors%20N.V._2015-10-29_transcript.pdf/NXP%20Semiconductors%20N.V._2015-10-29_transcript.pdf",
    "periodicity": "periodic"
  },
  {
    "equity_ticker": "NXPI",
    "geography": "US",
    "content_name": "NXPI Q2 2015 Transcript",
    "file_type": "pdf",
    "content_type": "earnings_transcript",
    "published_date": "2015-07-30",
    "fiscal_date": "2015-07-30",
    "fiscal_year": 2015,
    "fiscal_quarter": 2,
    "r2_url": "https://pub-2c783279b61043e19fbdadd1bee5153a.r2.dev/NXPI/2015-07-30/NXP%20Semiconductors%20N.V._2015-07-30_transcript/NXP%20Semiconductors%20N.V._2015-07-30_transcript.pdf/NXP%20Semiconductors%20N.V._2015-07-30_transcript.pdf",
    "periodicity": "periodic"
  },
  {
    "equity_ticker": "NXPI",
    "geography": "US",
    "content_name": "NXPI Q1 2015 Transcript",
    "file_type": "pdf",
    "content_type": "earnings_transcript",
    "published_date": "2015-04-30",
    "fiscal_date": "2015-04-30",
    "fiscal_year": 2015,
    "fiscal_quarter": 1,
    "r2_url": "https://pub-2c783279b61043e19fbdadd1bee5153a.r2.dev/NXPI/2015-04-30/NXP%20Semiconductors%20N.V._2015-04-30_transcript/NXP%20Semiconductors%20N.V._2015-04-30_transcript.pdf/NXP%20Semiconductors%20N.V._2015-04-30_transcript.pdf",
    "periodicity": "periodic"
  },
  {
    "equity_ticker": "NXPI",
    "geography": "US",
    "content_name": "NXPI Q4 2014 Transcript",
    "file_type": "pdf",
    "content_type": "earnings_transcript",
    "published_date": "2015-02-05",
    "fiscal_date": "2015-02-05",
    "fiscal_year": 2014,
    "fiscal_quarter": 4,
    "r2_url": "https://pub-2c783279b61043e19fbdadd1bee5153a.r2.dev/NXPI/2015-02-05/NXP%20Semiconductors%20N.V._2015-02-05_transcript/NXP%20Semiconductors%20N.V._2015-02-05_transcript.pdf/NXP%20Semiconductors%20N.V._2015-02-05_transcript.pdf",
    "periodicity": "periodic"
  },
  {
    "equity_ticker": "NXPI",
    "geography": "US",
    "content_name": "NXPI Q3 2014 Transcript",
    "file_type": "pdf",
    "content_type": "earnings_transcript",
    "published_date": "2014-10-23",
    "fiscal_date": "2014-10-23",
    "fiscal_year": 2014,
    "fiscal_quarter": 3,
    "r2_url": "https://pub-2c783279b61043e19fbdadd1bee5153a.r2.dev/NXPI/2014-10-23/NXP%20Semiconductors%20N.V._2014-10-23_transcript/NXP%20Semiconductors%20N.V._2014-10-23_transcript.pdf/NXP%20Semiconductors%20N.V._2014-10-23_transcript.pdf",
    "periodicity": "periodic"
  },
  {
    "equity_ticker": "NXPI",
    "geography": "US",
    "content_name": "NXPI Q2 2014 Transcript",
    "file_type": "pdf",
    "content_type": "earnings_transcript",
    "published_date": "2014-07-24",
    "fiscal_date": "2014-07-24",
    "fiscal_year": 2014,
    "fiscal_quarter": 2,
    "r2_url": "https://pub-2c783279b61043e19fbdadd1bee5153a.r2.dev/NXPI/2014-07-24/NXP%20Semiconductors%20N.V._2014-07-24_transcript/NXP%20Semiconductors%20N.V._2014-07-24_transcript.pdf/NXP%20Semiconductors%20N.V._2014-07-24_transcript.pdf",
    "periodicity": "periodic"
  },
  {
    "equity_ticker": "NXPI",
    "geography": "US",
    "content_name": "NXPI Q1 2014 Transcript",
    "file_type": "pdf",
    "content_type": "earnings_transcript",
    "published_date": "2014-04-24",
    "fiscal_date": "2014-04-24",
    "fiscal_year": 2014,
    "fiscal_quarter": 1,
    "r2_url": "https://pub-2c783279b61043e19fbdadd1bee5153a.r2.dev/NXPI/2014-04-24/NXP%20Semiconductors%20N.V._2014-04-24_transcript/NXP%20Semiconductors%20N.V._2014-04-24_transcript.pdf/NXP%20Semiconductors%20N.V._2014-04-24_transcript.pdf",
    "periodicity": "periodic"
  },
  {
    "equity_ticker": "NXPI",
    "geography": "US",
    "content_name": "NXPI Q4 2013 Transcript",
    "file_type": "pdf",
    "content_type": "earnings_transcript",
    "published_date": "2014-02-06",
    "fiscal_date": "2014-02-06",
    "fiscal_year": 2013,
    "fiscal_quarter": 4,
    "r2_url": "https://pub-2c783279b61043e19fbdadd1bee5153a.r2.dev/NXPI/2014-02-06/NXP%20Semiconductors%20N.V._2014-02-06_transcript/NXP%20Semiconductors%20N.V._2014-02-06_transcript.pdf/NXP%20Semiconductors%20N.V._2014-02-06_transcript.pdf",
    "periodicity": "periodic"
  },
  {
    "equity_ticker": "NXPI",
    "geography": "US",
    "content_name": "NXPI Q3 2013 Transcript",
    "file_type": "pdf",
    "content_type": "earnings_transcript",
    "published_date": "2013-10-25",
    "fiscal_date": "2013-10-25",
    "fiscal_year": 2013,
    "fiscal_quarter": 3,
    "r2_url": "https://pub-2c783279b61043e19fbdadd1bee5153a.r2.dev/NXPI/2013-10-25/NXP%20Semiconductors%20N.V._2013-10-25_transcript/NXP%20Semiconductors%20N.V._2013-10-25_transcript.pdf/NXP%20Semiconductors%20N.V._2013-10-25_transcript.pdf",
    "periodicity": "periodic"
  },
  {
    "equity_ticker": "NXPI",
    "geography": "US",
    "content_name": "NXPI Q2 2013 Transcript",
    "file_type": "pdf",
    "content_type": "earnings_transcript",
    "published_date": "2013-08-01",
    "fiscal_date": "2013-08-01",
    "fiscal_year": 2013,
    "fiscal_quarter": 2,
    "r2_url": "https://pub-2c783279b61043e19fbdadd1bee5153a.r2.dev/NXPI/2013-08-01/NXP%20Semiconductors%20N.V._2013-08-01_transcript/NXP%20Semiconductors%20N.V._2013-08-01_transcript.pdf/NXP%20Semiconductors%20N.V._2013-08-01_transcript.pdf",
    "periodicity": "periodic"
  },
  {
    "equity_ticker": "NXPI",
    "geography": "US",
    "content_name": "NXPI Q1 2013 Transcript",
    "file_type": "pdf",
    "content_type": "earnings_transcript",
    "published_date": "2013-04-23",
    "fiscal_date": "2013-04-23",
    "fiscal_year": 2013,
    "fiscal_quarter": 1,
    "r2_url": "https://pub-2c783279b61043e19fbdadd1bee5153a.r2.dev/NXPI/2013-04-23/NXP%20Semiconductors%20N.V._2013-04-23_transcript/NXP%20Semiconductors%20N.V._2013-04-23_transcript.pdf/NXP%20Semiconductors%20N.V._2013-04-23_transcript.pdf",
    "periodicity": "periodic"
  },
  {
    "equity_ticker": "NXPI",
    "geography": "US",
    "content_name": "NXPI Q4 2012 Transcript",
    "file_type": "pdf",
    "content_type": "earnings_transcript",
    "published_date": "2013-01-31",
    "fiscal_date": "2013-01-31",
    "fiscal_year": 2012,
    "fiscal_quarter": 4,
    "r2_url": "https://pub-2c783279b61043e19fbdadd1bee5153a.r2.dev/NXPI/2013-01-31/NXP%20Semiconductors%20N.V._2013-01-31_transcript/NXP%20Semiconductors%20N.V._2013-01-31_transcript.pdf/NXP%20Semiconductors%20N.V._2013-01-31_transcript.pdf",
    "periodicity": "periodic"
  },
  {
    "equity_ticker": "NXPI",
    "geography": "US",
    "content_name": "NXPI Q3 2012 Transcript",
    "file_type": "pdf",
    "content_type": "earnings_transcript",
    "published_date": "2012-10-25",
    "fiscal_date": "2012-10-25",
    "fiscal_year": 2012,
    "fiscal_quarter": 3,
    "r2_url": "https://pub-2c783279b61043e19fbdadd1bee5153a.r2.dev/NXPI/2012-10-25/NXP%20Semiconductors%20N.V._2012-10-25_transcript/NXP%20Semiconductors%20N.V._2012-10-25_transcript.pdf/NXP%20Semiconductors%20N.V._2012-10-25_transcript.pdf",
    "periodicity": "periodic"
  },
  {
    "equity_ticker": "NXPI",
    "geography": "US",
    "content_name": "NXPI Q2 2012 Transcript",
    "file_type": "pdf",
    "content_type": "earnings_transcript",
    "published_date": "2012-07-24",
    "fiscal_date": "2012-07-24",
    "fiscal_year": 2012,
    "fiscal_quarter": 2,
    "r2_url": "https://pub-2c783279b61043e19fbdadd1bee5153a.r2.dev/NXPI/2012-07-24/NXP%20Semiconductors%20N.V._2012-07-24_transcript/NXP%20Semiconductors%20N.V._2012-07-24_transcript.pdf/NXP%20Semiconductors%20N.V._2012-07-24_transcript.pdf",
    "periodicity": "periodic"
  },
  {
    "equity_ticker": "NXPI",
    "geography": "US",
    "content_name": "NXPI Q1 2012 Transcript",
    "file_type": "pdf",
    "content_type": "earnings_transcript",
    "published_date": "2012-04-26",
    "fiscal_date": "2012-04-26",
    "fiscal_year": 2012,
    "fiscal_quarter": 1,
    "r2_url": "https://pub-2c783279b61043e19fbdadd1bee5153a.r2.dev/NXPI/2012-04-26/NXP%20Semiconductors%20N.V._2012-04-26_transcript/NXP%20Semiconductors%20N.V._2012-04-26_transcript.pdf/NXP%20Semiconductors%20N.V._2012-04-26_transcript.pdf",
    "periodicity": "periodic"
  },
  {
    "equity_ticker": "NXPI",
    "geography": "US",
    "content_name": "NXPI Q4 2024 10-K",
    "file_type": "pdf",
    "content_type": "annual_report",
    "published_date": "2025-02-20",
    "fiscal_date": "2024-12-31",
    "fiscal_year": 2024,
    "fiscal_quarter": 4,
    "r2_url": "https://pub-2c783279b61043e19fbdadd1bee5153a.r2.dev/NXPI/2025-02-20/nxpi-20241231.htm/nxpi-20241231.pdf",
    "periodicity": "periodic"
  },
  {
    "equity_ticker": "NXPI",
    "geography": "US",
    "content_name": "NXPI Q3 2024 10-Q",
    "file_type": "pdf",
    "content_type": "quarterly_report",
    "published_date": "2024-11-05",
    "fiscal_date": "2024-09-29",
    "fiscal_year": 2024,
    "fiscal_quarter": 3,
    "r2_url": "https://pub-2c783279b61043e19fbdadd1bee5153a.r2.dev/NXPI/2024-11-05/nxpi-20240929.htm/nxpi-20240929.pdf",
    "periodicity": "periodic"
  },
  {
    "equity_ticker": "NXPI",
    "geography": "US",
    "content_name": "NXPI Q2 2024 10-Q",
    "file_type": "pdf",
    "content_type": "quarterly_report",
    "published_date": "2024-07-23",
    "fiscal_date": "2024-06-30",
    "fiscal_year": 2024,
    "fiscal_quarter": 2,
    "r2_url": "https://pub-2c783279b61043e19fbdadd1bee5153a.r2.dev/NXPI/2024-07-23/nxpi-20240630.htm/nxpi-20240630.pdf",
    "periodicity": "periodic"
  },
  {
    "equity_ticker": "NXPI",
    "geography": "US",
    "content_name": "NXPI Q1 2024 10-Q",
    "file_type": "pdf",
    "content_type": "quarterly_report",
    "published_date": "2024-04-30",
    "fiscal_date": "2024-03-31",
    "fiscal_year": 2024,
    "fiscal_quarter": 1,
    "r2_url": "https://pub-2c783279b61043e19fbdadd1bee5153a.r2.dev/NXPI/2024-04-30/nxpi-20240331.htm/nxpi-20240331.pdf",
    "periodicity": "periodic"
  },
  {
    "equity_ticker": "NXPI",
    "geography": "US",
    "content_name": "NXPI Q4 2023 10-K",
    "file_type": "pdf",
    "content_type": "annual_report",
    "published_date": "2024-02-22",
    "fiscal_date": "2023-12-31",
    "fiscal_year": 2023,
    "fiscal_quarter": 4,
    "r2_url": "https://pub-2c783279b61043e19fbdadd1bee5153a.r2.dev/NXPI/2024-02-22/nxpi-20231231.htm/nxpi-20231231.pdf",
    "periodicity": "periodic"
  },
  {
    "equity_ticker": "NXPI",
    "geography": "US",
    "content_name": "NXPI Q3 2023 10-Q",
    "file_type": "pdf",
    "content_type": "quarterly_report",
    "published_date": "2023-11-07",
    "fiscal_date": "2023-10-01",
    "fiscal_year": 2023,
    "fiscal_quarter": 3,
    "r2_url": "https://pub-2c783279b61043e19fbdadd1bee5153a.r2.dev/NXPI/2023-11-07/nxpi-20231001.htm/nxpi-20231001.pdf",
    "periodicity": "periodic"
  },
  {
    "equity_ticker": "NXPI",
    "geography": "US",
    "content_name": "NXPI Q2 2023 10-Q",
    "file_type": "pdf",
    "content_type": "quarterly_report",
    "published_date": "2023-07-25",
    "fiscal_date": "2023-07-02",
    "fiscal_year": 2023,
    "fiscal_quarter": 2,
    "r2_url": "https://pub-2c783279b61043e19fbdadd1bee5153a.r2.dev/NXPI/2023-07-25/nxpi-20230702.htm/nxpi-20230702.pdf",
    "periodicity": "periodic"
  },
  {
    "equity_ticker": "NXPI",
    "geography": "US",
    "content_name": "NXPI Q1 2023 10-Q",
    "file_type": "pdf",
    "content_type": "quarterly_report",
    "published_date": "2023-05-02",
    "fiscal_date": "2023-04-02",
    "fiscal_year": 2023,
    "fiscal_quarter": 1,
    "r2_url": "https://pub-2c783279b61043e19fbdadd1bee5153a.r2.dev/NXPI/2023-05-02/nxpi-20230402.htm/nxpi-20230402.pdf",
    "periodicity": "periodic"
  },
  {
    "equity_ticker": "NXPI",
    "geography": "US",
    "content_name": "NXPI Q4 2022 10-K",
    "file_type": "pdf",
    "content_type": "annual_report",
    "published_date": "2023-03-01",
    "fiscal_date": "2022-12-31",
    "fiscal_year": 2022,
    "fiscal_quarter": 4,
    "r2_url": "https://pub-2c783279b61043e19fbdadd1bee5153a.r2.dev/NXPI/2023-03-01/nxpi-20221231.htm/nxpi-20221231.pdf",
    "periodicity": "periodic"
  },
  {
    "equity_ticker": "NXPI",
    "geography": "US",
    "content_name": "NXPI Q3 2022 10-Q",
    "file_type": "pdf",
    "content_type": "quarterly_report",
    "published_date": "2022-11-01",
    "fiscal_date": "2022-10-02",
    "fiscal_year": 2022,
    "fiscal_quarter": 3,
    "r2_url": "https://pub-2c783279b61043e19fbdadd1bee5153a.r2.dev/NXPI/2022-11-01/nxpi-20221002.htm/nxpi-20221002.pdf",
    "periodicity": "periodic"
  },
  {
    "equity_ticker": "NXPI",
    "geography": "US",
    "content_name": "NXPI Q2 2022 10-Q",
    "file_type": "pdf",
    "content_type": "quarterly_report",
    "published_date": "2022-07-26",
    "fiscal_date": "2022-07-03",
    "fiscal_year": 2022,
    "fiscal_quarter": 2,
    "r2_url": "https://pub-2c783279b61043e19fbdadd1bee5153a.r2.dev/NXPI/2022-07-26/nxpi-20220703.htm/nxpi-20220703.pdf",
    "periodicity": "periodic"
  },
  {
    "equity_ticker": "NXPI",
    "geography": "US",
    "content_name": "NXPI Q1 2022 10-Q",
    "file_type": "pdf",
    "content_type": "quarterly_report",
    "published_date": "2022-05-03",
    "fiscal_date": "2022-04-03",
    "fiscal_year": 2022,
    "fiscal_quarter": 1,
    "r2_url": "https://pub-2c783279b61043e19fbdadd1bee5153a.r2.dev/NXPI/2022-05-03/nxpi-20220403.htm/nxpi-20220403.pdf",
    "periodicity": "periodic"
  },
  {
    "equity_ticker": "NXPI",
    "geography": "US",
    "content_name": "NXPI Q4 2021 10-K",
    "file_type": "pdf",
    "content_type": "annual_report",
    "published_date": "2022-02-24",
    "fiscal_date": "2021-12-31",
    "fiscal_year": 2021,
    "fiscal_quarter": 4,
    "r2_url": "https://pub-2c783279b61043e19fbdadd1bee5153a.r2.dev/NXPI/2022-02-24/nxpi-20211231.htm/nxpi-20211231.pdf",
    "periodicity": "periodic"
  },
  {
    "equity_ticker": "NXPI",
    "geography": "US",
    "content_name": "NXPI Q3 2021 10-Q",
    "file_type": "pdf",
    "content_type": "quarterly_report",
    "published_date": "2021-11-02",
    "fiscal_date": "2021-10-03",
    "fiscal_year": 2021,
    "fiscal_quarter": 3,
    "r2_url": "https://pub-2c783279b61043e19fbdadd1bee5153a.r2.dev/NXPI/2021-11-02/nxpi-20211003.htm/nxpi-20211003.pdf",
    "periodicity": "periodic"
  },
  {
    "equity_ticker": "NXPI",
    "geography": "US",
    "content_name": "NXPI Q2 2021 10-Q",
    "file_type": "pdf",
    "content_type": "quarterly_report",
    "published_date": "2021-08-03",
    "fiscal_date": "2021-07-04",
    "fiscal_year": 2021,
    "fiscal_quarter": 2,
    "r2_url": "https://pub-2c783279b61043e19fbdadd1bee5153a.r2.dev/NXPI/2021-08-03/nxpi-20210704.htm/nxpi-20210704.pdf",
    "periodicity": "periodic"
  },
  {
    "equity_ticker": "NXPI",
    "geography": "US",
    "content_name": "NXPI Q1 2021 10-Q",
    "file_type": "pdf",
    "content_type": "quarterly_report",
    "published_date": "2021-04-27",
    "fiscal_date": "2021-04-04",
    "fiscal_year": 2021,
    "fiscal_quarter": 1,
    "r2_url": "https://pub-2c783279b61043e19fbdadd1bee5153a.r2.dev/NXPI/2021-04-27/nxpi-20210404.htm/nxpi-20210404.pdf",
    "periodicity": "periodic"
  },
  {
    "equity_ticker": "NXPI",
    "geography": "US",
    "content_name": "NXPI Q4 2020 10-K",
    "file_type": "pdf",
    "content_type": "annual_report",
    "published_date": "2021-02-25",
    "fiscal_date": "2020-12-31",
    "fiscal_year": 2020,
    "fiscal_quarter": 4,
    "r2_url": "https://pub-2c783279b61043e19fbdadd1bee5153a.r2.dev/NXPI/2021-02-25/nxpi-20201231.htm/nxpi-20201231.pdf",
    "periodicity": "periodic"
  },
  {
    "equity_ticker": "NXPI",
    "geography": "US",
    "content_name": "NXPI Q3 2020 10-Q",
    "file_type": "pdf",
    "content_type": "quarterly_report",
    "published_date": "2020-10-27",
    "fiscal_date": "2020-09-27",
    "fiscal_year": 2020,
    "fiscal_quarter": 3,
    "r2_url": "https://pub-2c783279b61043e19fbdadd1bee5153a.r2.dev/NXPI/2020-10-27/nxpi-20200927.htm/nxpi-20200927.pdf",
    "periodicity": "periodic"
  },
  {
    "equity_ticker": "NXPI",
    "geography": "US",
    "content_name": "NXPI Q2 2020 10-Q",
    "file_type": "pdf",
    "content_type": "quarterly_report",
    "published_date": "2020-07-28",
    "fiscal_date": "2020-06-28",
    "fiscal_year": 2020,
    "fiscal_quarter": 2,
    "r2_url": "https://pub-2c783279b61043e19fbdadd1bee5153a.r2.dev/NXPI/2020-07-28/nxpi-20200628.htm/ix.pdf",
    "periodicity": "periodic"
  },
  {
    "equity_ticker": "NXPI",
    "geography": "US",
    "content_name": "NXPI Q1 2020 10-Q",
    "file_type": "pdf",
    "content_type": "quarterly_report",
    "published_date": "2020-04-28",
    "fiscal_date": "2020-03-29",
    "fiscal_year": 2020,
    "fiscal_quarter": 1,
    "r2_url": "https://pub-2c783279b61043e19fbdadd1bee5153a.r2.dev/NXPI/2020-04-28/nxp1q20form10-q.htm/ix.pdf",
    "periodicity": "periodic"
  },
  {
    "equity_ticker": "NXPI",
    "geography": "US",
    "content_name": "NXPI Q4 2019 10-K",
    "file_type": "pdf",
    "content_type": "annual_report",
    "published_date": "2020-02-27",
    "fiscal_date": "2019-12-31",
    "fiscal_year": 2019,
    "fiscal_quarter": 4,
    "r2_url": "https://pub-2c783279b61043e19fbdadd1bee5153a.r2.dev/NXPI/2020-02-27/nxp10-k.htm/ix.pdf",
    "periodicity": "periodic"
  },
  {
    "equity_ticker": "NXPI",
    "geography": "US",
    "content_name": "NXPI Q3 2019 10-Q",
    "file_type": "pdf",
    "content_type": "quarterly_report",
    "published_date": "2019-10-29",
    "fiscal_date": "2019-09-29",
    "fiscal_year": 2019,
    "fiscal_quarter": 3,
    "r2_url": "https://pub-2c783279b61043e19fbdadd1bee5153a.r2.dev/NXPI/2019-10-29/nxp3q19form10-q.htm/ix.pdf",
    "periodicity": "periodic"
  }
]