[
    {
        "equity_ticker": "PFGC",
        "geography": "US",
        "content_name": "PFGC Q2 2025 10-Q",
        "file_type": "pdf",
        "content_type": "quarterly_report",
        "published_date": "2025-02-05",
        "fiscal_date": "2024-12-28",
        "fiscal_year": 2025,
        "fiscal_quarter": 2,
        "r2_url": "https://pub-2c783279b61043e19fbdadd1bee5153a.r2.dev/PFGC/2025-02-05/pfgc-20241228.htm/pfgc-20241228.pdf",
        "periodicity": "periodic"
    },
    {
        "equity_ticker": "PFGC",
        "geography": "US",
        "content_name": "PFGC Q1 2025 10-Q",
        "file_type": "pdf",
        "content_type": "quarterly_report",
        "published_date": "2024-11-06",
        "fiscal_date": "2024-09-28",
        "fiscal_year": 2025,
        "fiscal_quarter": 1,
        "r2_url": "https://pub-2c783279b61043e19fbdadd1bee5153a.r2.dev/PFGC/2024-11-06/pfgc-20240928.htm/pfgc-20240928.pdf",
        "periodicity": "periodic"
    },
    {
        "equity_ticker": "PFGC",
        "geography": "US",
        "content_name": "PFGC Q4 2024 10-K",
        "file_type": "pdf",
        "content_type": "annual_report",
        "published_date": "2024-08-14",
        "fiscal_date": "2024-06-29",
        "fiscal_year": 2024,
        "fiscal_quarter": 4,
        "r2_url": "https://pub-2c783279b61043e19fbdadd1bee5153a.r2.dev/PFGC/2024-08-14/pfgc-20240629.htm/pfgc-20240629.pdf",
        "periodicity": "periodic"
    },
    {
        "equity_ticker": "PFGC",
        "geography": "US",
        "content_name": "PFGC Q3 2024 10-Q",
        "file_type": "pdf",
        "content_type": "quarterly_report",
        "published_date": "2024-05-08",
        "fiscal_date": "2024-03-30",
        "fiscal_year": 2024,
        "fiscal_quarter": 3,
        "r2_url": "https://pub-2c783279b61043e19fbdadd1bee5153a.r2.dev/PFGC/2024-05-08/pfgc-20240330.htm/pfgc-20240330.pdf",
        "periodicity": "periodic"
    },
    {
        "equity_ticker": "PFGC",
        "geography": "US",
        "content_name": "PFGC Q2 2024 10-Q",
        "file_type": "pdf",
        "content_type": "quarterly_report",
        "published_date": "2024-02-07",
        "fiscal_date": "2023-12-30",
        "fiscal_year": 2024,
        "fiscal_quarter": 2,
        "r2_url": "https://pub-2c783279b61043e19fbdadd1bee5153a.r2.dev/PFGC/2024-02-07/pfgc-20231230.htm/pfgc-20231230.pdf",
        "periodicity": "periodic"
    },
    {
        "equity_ticker": "PFGC",
        "geography": "US",
        "content_name": "PFGC Q1 2024 10-Q",
        "file_type": "pdf",
        "content_type": "quarterly_report",
        "published_date": "2023-11-08",
        "fiscal_date": "2023-09-30",
        "fiscal_year": 2024,
        "fiscal_quarter": 1,
        "r2_url": "https://pub-2c783279b61043e19fbdadd1bee5153a.r2.dev/PFGC/2023-11-08/pfgc-20230930.htm/pfgc-20230930.pdf",
        "periodicity": "periodic"
    },
    {
        "equity_ticker": "PFGC",
        "geography": "US",
        "content_name": "PFGC Q4 2023 10-K",
        "file_type": "pdf",
        "content_type": "annual_report",
        "published_date": "2023-08-16",
        "fiscal_date": "2023-07-01",
        "fiscal_year": 2023,
        "fiscal_quarter": 4,
        "r2_url": "https://pub-2c783279b61043e19fbdadd1bee5153a.r2.dev/PFGC/2023-08-16/pfgc-20230701.htm/pfgc-20230701.pdf",
        "periodicity": "periodic"
    },
    {
        "equity_ticker": "PFGC",
        "geography": "US",
        "content_name": "PFGC Q3 2023 10-Q",
        "file_type": "pdf",
        "content_type": "quarterly_report",
        "published_date": "2023-05-11",
        "fiscal_date": "2023-04-01",
        "fiscal_year": 2023,
        "fiscal_quarter": 3,
        "r2_url": "https://pub-2c783279b61043e19fbdadd1bee5153a.r2.dev/PFGC/2023-05-11/pfgc-20230401.htm/pfgc-20230401.pdf",
        "periodicity": "periodic"
    },
    {
        "equity_ticker": "PFGC",
        "geography": "US",
        "content_name": "PFGC Q2 2023 10-Q",
        "file_type": "pdf",
        "content_type": "quarterly_report",
        "published_date": "2023-02-08",
        "fiscal_date": "2022-12-31",
        "fiscal_year": 2023,
        "fiscal_quarter": 2,
        "r2_url": "https://pub-2c783279b61043e19fbdadd1bee5153a.r2.dev/PFGC/2023-02-08/pfgc-20221231.htm/pfgc-20221231.pdf",
        "periodicity": "periodic"
    },
    {
        "equity_ticker": "PFGC",
        "geography": "US",
        "content_name": "PFGC Q1 2023 10-Q",
        "file_type": "pdf",
        "content_type": "quarterly_report",
        "published_date": "2022-11-09",
        "fiscal_date": "2022-10-01",
        "fiscal_year": 2023,
        "fiscal_quarter": 1,
        "r2_url": "https://pub-2c783279b61043e19fbdadd1bee5153a.r2.dev/PFGC/2022-11-09/pfgc-20221001.htm/pfgc-20221001.pdf",
        "periodicity": "periodic"
    },
    {
        "equity_ticker": "PFGC",
        "geography": "US",
        "content_name": "PFGC Q4 2022 10-K",
        "file_type": "pdf",
        "content_type": "annual_report",
        "published_date": "2022-08-19",
        "fiscal_date": "2022-07-02",
        "fiscal_year": 2022,
        "fiscal_quarter": 4,
        "r2_url": "https://pub-2c783279b61043e19fbdadd1bee5153a.r2.dev/PFGC/2022-08-19/pfgc-20220702.htm/pfgc-20220702.pdf",
        "periodicity": "periodic"
    },
    {
        "equity_ticker": "PFGC",
        "geography": "US",
        "content_name": "PFGC Q3 2022 10-Q",
        "file_type": "pdf",
        "content_type": "quarterly_report",
        "published_date": "2022-05-11",
        "fiscal_date": "2022-04-02",
        "fiscal_year": 2022,
        "fiscal_quarter": 3,
        "r2_url": "https://pub-2c783279b61043e19fbdadd1bee5153a.r2.dev/PFGC/2022-05-11/pfgc-20220402.htm/pfgc-20220402.pdf",
        "periodicity": "periodic"
    },
    {
        "equity_ticker": "PFGC",
        "geography": "US",
        "content_name": "PFGC Q2 2022 10-Q",
        "file_type": "pdf",
        "content_type": "quarterly_report",
        "published_date": "2022-02-09",
        "fiscal_date": "2022-01-01",
        "fiscal_year": 2022,
        "fiscal_quarter": 2,
        "r2_url": "https://pub-2c783279b61043e19fbdadd1bee5153a.r2.dev/PFGC/2022-02-09/pfgc-20220101.htm/pfgc-20220101.pdf",
        "periodicity": "periodic"
    },
    {
        "equity_ticker": "PFGC",
        "geography": "US",
        "content_name": "PFGC Q1 2022 10-Q",
        "file_type": "pdf",
        "content_type": "quarterly_report",
        "published_date": "2021-11-10",
        "fiscal_date": "2021-10-02",
        "fiscal_year": 2022,
        "fiscal_quarter": 1,
        "r2_url": "https://pub-2c783279b61043e19fbdadd1bee5153a.r2.dev/PFGC/2021-11-10/pfgc-10q_20211002.htm/pfgc-10q_20211002.pdf",
        "periodicity": "periodic"
    },
    {
        "equity_ticker": "PFGC",
        "geography": "US",
        "content_name": "PFGC Q4 2021 10-K",
        "file_type": "pdf",
        "content_type": "annual_report",
        "published_date": "2021-08-23",
        "fiscal_date": "2021-07-03",
        "fiscal_year": 2021,
        "fiscal_quarter": 4,
        "r2_url": "https://pub-2c783279b61043e19fbdadd1bee5153a.r2.dev/PFGC/2021-08-23/pfgc-10k_20210703.htm/pfgc-10k_20210703.pdf",
        "periodicity": "periodic"
    },
    {
        "equity_ticker": "PFGC",
        "geography": "US",
        "content_name": "PFGC Q3 2021 10-Q",
        "file_type": "pdf",
        "content_type": "quarterly_report",
        "published_date": "2021-05-05",
        "fiscal_date": "2021-03-27",
        "fiscal_year": 2021,
        "fiscal_quarter": 3,
        "r2_url": "https://pub-2c783279b61043e19fbdadd1bee5153a.r2.dev/PFGC/2021-05-05/pfgc-10q_20210327.htm/pfgc-10q_20210327.pdf",
        "periodicity": "periodic"
    },
    {
        "equity_ticker": "PFGC",
        "geography": "US",
        "content_name": "PFGC Q2 2021 10-Q",
        "file_type": "pdf",
        "content_type": "quarterly_report",
        "published_date": "2021-02-03",
        "fiscal_date": "2020-12-26",
        "fiscal_year": 2021,
        "fiscal_quarter": 2,
        "r2_url": "https://pub-2c783279b61043e19fbdadd1bee5153a.r2.dev/PFGC/2021-02-03/pfgc-10q_20201226.htm/pfgc-10q_20201226.pdf",
        "periodicity": "periodic"
    },
    {
        "equity_ticker": "PFGC",
        "geography": "US",
        "content_name": "PFGC Q1 2021 10-Q",
        "file_type": "pdf",
        "content_type": "quarterly_report",
        "published_date": "2020-11-04",
        "fiscal_date": "2020-09-26",
        "fiscal_year": 2021,
        "fiscal_quarter": 1,
        "r2_url": "https://pub-2c783279b61043e19fbdadd1bee5153a.r2.dev/PFGC/2020-11-04/pfgc-10q_20200926.htm/pfgc-10q_20200926.pdf",
        "periodicity": "periodic"
    },
    {
        "equity_ticker": "PFGC",
        "geography": "US",
        "content_name": "PFGC Q4 2020 10-K",
        "file_type": "pdf",
        "content_type": "annual_report",
        "published_date": "2020-08-17",
        "fiscal_date": "2020-06-27",
        "fiscal_year": 2020,
        "fiscal_quarter": 4,
        "r2_url": "https://pub-2c783279b61043e19fbdadd1bee5153a.r2.dev/PFGC/2020-08-17/pfgc-10k_20200627.htm/ix.pdf",
        "periodicity": "periodic"
    },
    {
        "equity_ticker": "PFGC",
        "geography": "US",
        "content_name": "PFGC Q3 2020 10-Q",
        "file_type": "pdf",
        "content_type": "quarterly_report",
        "published_date": "2020-05-04",
        "fiscal_date": "2020-03-28",
        "fiscal_year": 2020,
        "fiscal_quarter": 3,
        "r2_url": "https://pub-2c783279b61043e19fbdadd1bee5153a.r2.dev/PFGC/2020-05-04/pfgc-10q_20200328.htm/ix.pdf",
        "periodicity": "periodic"
    },
    {
        "equity_ticker": "PFGC",
        "geography": "US",
        "content_name": "PFGC Q2 2020 10-Q",
        "file_type": "pdf",
        "content_type": "quarterly_report",
        "published_date": "2020-02-05",
        "fiscal_date": "2019-12-28",
        "fiscal_year": 2020,
        "fiscal_quarter": 2,
        "r2_url": "https://pub-2c783279b61043e19fbdadd1bee5153a.r2.dev/PFGC/2020-02-05/pfgc-10q_20191228.htm/ix.pdf",
        "periodicity": "periodic"
    },
    {
        "equity_ticker": "PFGC",
        "geography": "US",
        "content_name": "PFGC Q1 2020 10-Q",
        "file_type": "pdf",
        "content_type": "quarterly_report",
        "published_date": "2019-11-06",
        "fiscal_date": "2019-09-28",
        "fiscal_year": 2020,
        "fiscal_quarter": 1,
        "r2_url": "https://pub-2c783279b61043e19fbdadd1bee5153a.r2.dev/PFGC/2019-11-06/pfgc-10q_20190928.htm/ix.pdf",
        "periodicity": "periodic"
    },
    {
        "equity_ticker": "PFGC",
        "geography": "US",
        "content_name": "PFGC Q4 2019 10-K",
        "file_type": "pdf",
        "content_type": "annual_report",
        "published_date": "2019-08-16",
        "fiscal_date": "2019-06-29",
        "fiscal_year": 2019,
        "fiscal_quarter": 4,
        "r2_url": "https://pub-2c783279b61043e19fbdadd1bee5153a.r2.dev/PFGC/2019-08-16/pfgc-10k_20190629.htm/ix.pdf",
        "periodicity": "periodic"
    },
    {
        "equity_ticker": "PFGC",
        "geography": "US",
        "content_name": "PFGC Q3 2019 10-Q",
        "file_type": "pdf",
        "content_type": "quarterly_report",
        "published_date": "2019-05-08",
        "fiscal_date": "2019-03-30",
        "fiscal_year": 2019,
        "fiscal_quarter": 3,
        "r2_url": "https://pub-2c783279b61043e19fbdadd1bee5153a.r2.dev/PFGC/2019-05-08/pfgc-10q_20190330.htm/pfgc-10q_20190330.pdf",
        "periodicity": "periodic"
    },
    {
        "equity_ticker": "PFGC",
        "geography": "US",
        "content_name": "PFGC Q2 2019 10-Q",
        "file_type": "pdf",
        "content_type": "quarterly_report",
        "published_date": "2019-02-06",
        "fiscal_date": "2018-12-29",
        "fiscal_year": 2019,
        "fiscal_quarter": 2,
        "r2_url": "https://pub-2c783279b61043e19fbdadd1bee5153a.r2.dev/PFGC/2019-02-06/pfgc-10q_20181229.htm/pfgc-10q_20181229.pdf",
        "periodicity": "periodic"
    },
    {
        "equity_ticker": "PFGC",
        "geography": "US",
        "content_name": "PFGC Q1 2019 10-Q",
        "file_type": "pdf",
        "content_type": "quarterly_report",
        "published_date": "2018-11-07",
        "fiscal_date": "2018-09-29",
        "fiscal_year": 2019,
        "fiscal_quarter": 1,
        "r2_url": "https://pub-2c783279b61043e19fbdadd1bee5153a.r2.dev/PFGC/2018-11-07/pfgc-10q_20180929.htm/pfgc-10q_20180929.pdf",
        "periodicity": "periodic"
    },
    {
        "equity_ticker": "PFGC",
        "geography": "US",
        "content_name": "PFGC Q4 2018 10-K",
        "file_type": "pdf",
        "content_type": "annual_report",
        "published_date": "2018-08-16",
        "fiscal_date": "2018-06-30",
        "fiscal_year": 2018,
        "fiscal_quarter": 4,
        "r2_url": "https://pub-2c783279b61043e19fbdadd1bee5153a.r2.dev/PFGC/2018-08-16/pfgc-10k_20180630.htm/pfgc-10k_20180630.pdf",
        "periodicity": "periodic"
    },
    {
        "equity_ticker": "PFGC",
        "geography": "US",
        "content_name": "PFGC Q3 2018 10-Q",
        "file_type": "pdf",
        "content_type": "quarterly_report",
        "published_date": "2018-05-09",
        "fiscal_date": "2018-03-31",
        "fiscal_year": 2018,
        "fiscal_quarter": 3,
        "r2_url": "https://pub-2c783279b61043e19fbdadd1bee5153a.r2.dev/PFGC/2018-05-09/d541664d10q.htm/d541664d10q.pdf",
        "periodicity": "periodic"
    },
    {
        "equity_ticker": "PFGC",
        "geography": "US",
        "content_name": "PFGC Q2 2018 10-Q",
        "file_type": "pdf",
        "content_type": "quarterly_report",
        "published_date": "2018-02-07",
        "fiscal_date": "2017-12-30",
        "fiscal_year": 2018,
        "fiscal_quarter": 2,
        "r2_url": "https://pub-2c783279b61043e19fbdadd1bee5153a.r2.dev/PFGC/2018-02-07/d502100d10q.htm/d502100d10q.pdf",
        "periodicity": "periodic"
    },
    {
        "equity_ticker": "PFGC",
        "geography": "US",
        "content_name": "PFGC Q1 2018 10-Q",
        "file_type": "pdf",
        "content_type": "quarterly_report",
        "published_date": "2017-11-08",
        "fiscal_date": "2017-09-30",
        "fiscal_year": 2018,
        "fiscal_quarter": 1,
        "r2_url": "https://pub-2c783279b61043e19fbdadd1bee5153a.r2.dev/PFGC/2017-11-08/d449809d10q.htm/d449809d10q.pdf",
        "periodicity": "periodic"
    },
    {
        "equity_ticker": "PFGC",
        "geography": "US",
        "content_name": "PFGC Q4 2017 10-K",
        "file_type": "pdf",
        "content_type": "annual_report",
        "published_date": "2017-08-25",
        "fiscal_date": "2017-07-01",
        "fiscal_year": 2017,
        "fiscal_quarter": 4,
        "r2_url": "https://pub-2c783279b61043e19fbdadd1bee5153a.r2.dev/PFGC/2017-08-25/d410913d10k.htm/d410913d10k.pdf",
        "periodicity": "periodic"
    },
    {
        "equity_ticker": "PFGC",
        "geography": "US",
        "content_name": "PFGC Q3 2017 10-Q",
        "file_type": "pdf",
        "content_type": "quarterly_report",
        "published_date": "2017-05-10",
        "fiscal_date": "2017-04-01",
        "fiscal_year": 2017,
        "fiscal_quarter": 3,
        "r2_url": "https://pub-2c783279b61043e19fbdadd1bee5153a.r2.dev/PFGC/2017-05-10/d356639d10q.htm/d356639d10q.pdf",
        "periodicity": "periodic"
    },
    {
        "equity_ticker": "PFGC",
        "geography": "US",
        "content_name": "PFGC Q2 2017 10-Q",
        "file_type": "pdf",
        "content_type": "quarterly_report",
        "published_date": "2017-02-08",
        "fiscal_date": "2016-12-31",
        "fiscal_year": 2017,
        "fiscal_quarter": 2,
        "r2_url": "https://pub-2c783279b61043e19fbdadd1bee5153a.r2.dev/PFGC/2017-02-08/d283169d10q.htm/d283169d10q.pdf",
        "periodicity": "periodic"
    },
    {
        "equity_ticker": "PFGC",
        "geography": "US",
        "content_name": "PFGC Q1 2017 10-Q",
        "file_type": "pdf",
        "content_type": "quarterly_report",
        "published_date": "2016-11-08",
        "fiscal_date": "2016-10-01",
        "fiscal_year": 2017,
        "fiscal_quarter": 1,
        "r2_url": "https://pub-2c783279b61043e19fbdadd1bee5153a.r2.dev/PFGC/2016-11-08/d265325d10q.htm/d265325d10q.pdf",
        "periodicity": "periodic"
    },
    {
        "equity_ticker": "PFGC",
        "geography": "US",
        "content_name": "PFGC Q4 2016 10-K",
        "file_type": "pdf",
        "content_type": "annual_report",
        "published_date": "2016-08-30",
        "fiscal_date": "2016-07-02",
        "fiscal_year": 2016,
        "fiscal_quarter": 4,
        "r2_url": "https://pub-2c783279b61043e19fbdadd1bee5153a.r2.dev/PFGC/2016-08-30/d187247d10k.htm/d187247d10k.pdf",
        "periodicity": "periodic"
    },
    {
        "equity_ticker": "PFGC",
        "geography": "US",
        "content_name": "PFGC Q3 2016 10-Q",
        "file_type": "pdf",
        "content_type": "quarterly_report",
        "published_date": "2016-05-04",
        "fiscal_date": "2016-03-26",
        "fiscal_year": 2016,
        "fiscal_quarter": 3,
        "r2_url": "https://pub-2c783279b61043e19fbdadd1bee5153a.r2.dev/PFGC/2016-05-04/d186024d10q.htm/d186024d10q.pdf",
        "periodicity": "periodic"
    },
    {
        "equity_ticker": "PFGC",
        "geography": "US",
        "content_name": "PFGC Q2 2016 10-Q",
        "file_type": "pdf",
        "content_type": "quarterly_report",
        "published_date": "2016-02-03",
        "fiscal_date": "2015-12-26",
        "fiscal_year": 2016,
        "fiscal_quarter": 2,
        "r2_url": "https://pub-2c783279b61043e19fbdadd1bee5153a.r2.dev/PFGC/2016-02-03/d125556d10q.htm/d125556d10q.pdf",
        "periodicity": "periodic"
    },
    {
        "equity_ticker": "PFGC",
        "geography": "US",
        "content_name": "PFGC Q1 2016 10-Q",
        "file_type": "pdf",
        "content_type": "quarterly_report",
        "published_date": "2015-11-04",
        "fiscal_date": "2015-09-26",
        "fiscal_year": 2016,
        "fiscal_quarter": 1,
        "r2_url": "https://pub-2c783279b61043e19fbdadd1bee5153a.r2.dev/PFGC/2015-11-04/d60085d10q.htm/d60085d10q.pdf",
        "periodicity": "periodic"
    },
    {
        "equity_ticker": "PFGC",
        "geography": "US",
        "content_name": "PFGC Q4 2008 10-Q",
        "file_type": "pdf",
        "content_type": "quarterly_report",
        "published_date": "2008-05-06",
        "fiscal_date": "2008-03-29",
        "fiscal_year": 2008,
        "fiscal_quarter": 4,
        "r2_url": "https://pub-2c783279b61043e19fbdadd1bee5153a.r2.dev/PFGC/2008-05-06/g13238e10vq.htm/g13238e10vq.pdf",
        "periodicity": "periodic"
    },
    {
        "equity_ticker": "PFGC",
        "geography": "US",
        "content_name": "PFGC Q3 2008 10-K",
        "file_type": "pdf",
        "content_type": "annual_report",
        "published_date": "2008-02-26",
        "fiscal_date": "2007-12-29",
        "fiscal_year": 2008,
        "fiscal_quarter": 3,
        "r2_url": "https://pub-2c783279b61043e19fbdadd1bee5153a.r2.dev/PFGC/2008-02-26/g11929e10vk.htm/g11929e10vk.pdf",
        "periodicity": "periodic"
    },
    {
        "equity_ticker": "PFGC",
        "geography": "US",
        "content_name": "PFGC Q2 2008 10-Q",
        "file_type": "pdf",
        "content_type": "quarterly_report",
        "published_date": "2007-11-06",
        "fiscal_date": "2007-09-29",
        "fiscal_year": 2008,
        "fiscal_quarter": 2,
        "r2_url": "https://pub-2c783279b61043e19fbdadd1bee5153a.r2.dev/PFGC/2007-11-06/g10343e10vq.htm/g10343e10vq.pdf",
        "periodicity": "periodic"
    },
    {
        "equity_ticker": "PFGC",
        "geography": "US",
        "content_name": "PFGC Q1 2008 10-Q",
        "file_type": "pdf",
        "content_type": "quarterly_report",
        "published_date": "2007-08-07",
        "fiscal_date": "2007-06-30",
        "fiscal_year": 2008,
        "fiscal_quarter": 1,
        "r2_url": "https://pub-2c783279b61043e19fbdadd1bee5153a.r2.dev/PFGC/2007-08-07/g08795e10vq.htm/g08795e10vq.pdf",
        "periodicity": "periodic"
    },
    {
        "equity_ticker": "PFGC",
        "geography": "US",
        "content_name": "PFGC Q4 2007 10-Q",
        "file_type": "pdf",
        "content_type": "quarterly_report",
        "published_date": "2007-05-08",
        "fiscal_date": "2007-03-31",
        "fiscal_year": 2007,
        "fiscal_quarter": 4,
        "r2_url": "https://pub-2c783279b61043e19fbdadd1bee5153a.r2.dev/PFGC/2007-05-08/g07193e10vq.htm/g07193e10vq.pdf",
        "periodicity": "periodic"
    },
    {
        "equity_ticker": "PFGC",
        "geography": "US",
        "content_name": "PFGC Q3 2007 10-K",
        "file_type": "pdf",
        "content_type": "annual_report",
        "published_date": "2007-02-27",
        "fiscal_date": "2006-12-30",
        "fiscal_year": 2007,
        "fiscal_quarter": 3,
        "r2_url": "https://pub-2c783279b61043e19fbdadd1bee5153a.r2.dev/PFGC/2007-02-27/g05720e10vk.htm/g05720e10vk.pdf",
        "periodicity": "periodic"
    },
    {
        "equity_ticker": "PFGC",
        "geography": "US",
        "content_name": "PFGC Q2 2007 10-Q",
        "file_type": "pdf",
        "content_type": "quarterly_report",
        "published_date": "2006-11-07",
        "fiscal_date": "2006-09-30",
        "fiscal_year": 2007,
        "fiscal_quarter": 2,
        "r2_url": "https://pub-2c783279b61043e19fbdadd1bee5153a.r2.dev/PFGC/2006-11-07/g04152e10vq.htm/g04152e10vq.pdf",
        "periodicity": "periodic"
    },
    {
        "equity_ticker": "PFGC",
        "geography": "US",
        "content_name": "PFGC Q1 2007 10-Q",
        "file_type": "pdf",
        "content_type": "quarterly_report",
        "published_date": "2006-08-07",
        "fiscal_date": "2006-07-01",
        "fiscal_year": 2007,
        "fiscal_quarter": 1,
        "r2_url": "https://pub-2c783279b61043e19fbdadd1bee5153a.r2.dev/PFGC/2006-08-07/g02759e10vq.htm/g02759e10vq.pdf",
        "periodicity": "periodic"
    },
    {
        "equity_ticker": "PFGC",
        "geography": "US",
        "content_name": "PFGC Q4 2006 10-Q",
        "file_type": "pdf",
        "content_type": "quarterly_report",
        "published_date": "2006-05-10",
        "fiscal_date": "2006-04-01",
        "fiscal_year": 2006,
        "fiscal_quarter": 4,
        "r2_url": "https://pub-2c783279b61043e19fbdadd1bee5153a.r2.dev/PFGC/2006-05-10/g01426e10vq.htm/g01426e10vq.pdf",
        "periodicity": "periodic"
    },
    {
        "equity_ticker": "PFGC",
        "geography": "US",
        "content_name": "PFGC Q3 2006 10-K",
        "file_type": "pdf",
        "content_type": "annual_report",
        "published_date": "2006-03-06",
        "fiscal_date": "2005-12-31",
        "fiscal_year": 2006,
        "fiscal_quarter": 3,
        "r2_url": "https://pub-2c783279b61043e19fbdadd1bee5153a.r2.dev/PFGC/2006-03-06/g99905e10vk.htm/g99905e10vk.pdf",
        "periodicity": "periodic"
    },
    {
        "equity_ticker": "PFGC",
        "geography": "US",
        "content_name": "PFGC Q2 2006 10-Q",
        "file_type": "pdf",
        "content_type": "quarterly_report",
        "published_date": "2005-11-10",
        "fiscal_date": "2005-10-01",
        "fiscal_year": 2006,
        "fiscal_quarter": 2,
        "r2_url": "https://pub-2c783279b61043e19fbdadd1bee5153a.r2.dev/PFGC/2005-11-10/g98203e10vq.htm/g98203e10vq.pdf",
        "periodicity": "periodic"
    },
    {
        "equity_ticker": "PFGC",
        "geography": "US",
        "content_name": "PFGC Q1 2006 10-Q",
        "file_type": "pdf",
        "content_type": "quarterly_report",
        "published_date": "2005-08-11",
        "fiscal_date": "2005-07-02",
        "fiscal_year": 2006,
        "fiscal_quarter": 1,
        "r2_url": "https://pub-2c783279b61043e19fbdadd1bee5153a.r2.dev/PFGC/2005-08-11/g96855e10vq.htm/g96855e10vq.pdf",
        "periodicity": "periodic"
    },
    {
        "equity_ticker": "PFGC",
        "geography": "US",
        "content_name": "PFGC Q4 2005 10-Q",
        "file_type": "pdf",
        "content_type": "quarterly_report",
        "published_date": "2005-05-12",
        "fiscal_date": "2005-04-02",
        "fiscal_year": 2005,
        "fiscal_quarter": 4,
        "r2_url": "https://pub-2c783279b61043e19fbdadd1bee5153a.r2.dev/PFGC/2005-05-12/g95175e10vq.htm/g95175e10vq.pdf",
        "periodicity": "periodic"
    },
    {
        "equity_ticker": "PFGC",
        "geography": "US",
        "content_name": "PFGC Q3 2005 10-K",
        "file_type": "pdf",
        "content_type": "annual_report",
        "published_date": "2005-03-17",
        "fiscal_date": "2005-01-01",
        "fiscal_year": 2005,
        "fiscal_quarter": 3,
        "r2_url": "https://pub-2c783279b61043e19fbdadd1bee5153a.r2.dev/PFGC/2005-03-17/g93815e10vk.htm/g93815e10vk.pdf",
        "periodicity": "periodic"
    },
    {
        "equity_ticker": "PFGC",
        "geography": "US",
        "content_name": "PFGC Q2 2005 10-Q",
        "file_type": "pdf",
        "content_type": "quarterly_report",
        "published_date": "2004-11-12",
        "fiscal_date": "2004-10-02",
        "fiscal_year": 2005,
        "fiscal_quarter": 2,
        "r2_url": "https://pub-2c783279b61043e19fbdadd1bee5153a.r2.dev/PFGC/2004-11-12/pfgc3q2004_10q.htm/pfgc3q2004_10q.pdf",
        "periodicity": "periodic"
    },
    {
        "equity_ticker": "PFGC",
        "geography": "US",
        "content_name": "PFGC Q1 2005 10-Q",
        "file_type": "pdf",
        "content_type": "quarterly_report",
        "published_date": "2004-08-11",
        "fiscal_date": "2004-07-03",
        "fiscal_year": 2005,
        "fiscal_quarter": 1,
        "r2_url": "https://pub-2c783279b61043e19fbdadd1bee5153a.r2.dev/PFGC/2004-08-11/pfgc2q2004_10q.htm/pfgc2q2004_10q.pdf",
        "periodicity": "periodic"
    },
    {
        "equity_ticker": "PFGC",
        "geography": "US",
        "content_name": "PFGC Q4 2004 10-Q",
        "file_type": "pdf",
        "content_type": "quarterly_report",
        "published_date": "2004-05-12",
        "fiscal_date": "2004-04-03",
        "fiscal_year": 2004,
        "fiscal_quarter": 4,
        "r2_url": "https://pub-2c783279b61043e19fbdadd1bee5153a.r2.dev/PFGC/2004-05-12/pfgc10q_1q2004.htm/pfgc10q_1q2004.pdf",
        "periodicity": "periodic"
    },
    {
        "equity_ticker": "PFGC",
        "geography": "US",
        "content_name": "PFGC Q3 2004 10-K",
        "file_type": "pdf",
        "content_type": "annual_report",
        "published_date": "2004-03-18",
        "fiscal_date": "2004-01-03",
        "fiscal_year": 2004,
        "fiscal_quarter": 3,
        "r2_url": "https://pub-2c783279b61043e19fbdadd1bee5153a.r2.dev/PFGC/2004-03-18/pfgc2003_10k.htm/pfgc2003_10k.pdf",
        "periodicity": "periodic"
    },
    {
        "equity_ticker": "PFGC",
        "geography": "US",
        "content_name": "PFGC Q2 2004 10-Q",
        "file_type": "pdf",
        "content_type": "quarterly_report",
        "published_date": "2003-11-12",
        "fiscal_date": "2003-09-27",
        "fiscal_year": 2004,
        "fiscal_quarter": 2,
        "r2_url": "https://pub-2c783279b61043e19fbdadd1bee5153a.r2.dev/PFGC/2003-11-12/pfgc3q2003_10q.htm/pfgc3q2003_10q.pdf",
        "periodicity": "periodic"
    },
    {
        "equity_ticker": "PFGC",
        "geography": "US",
        "content_name": "PFGC Q1 2004 10-Q",
        "file_type": "pdf",
        "content_type": "quarterly_report",
        "published_date": "2003-08-12",
        "fiscal_date": "2003-06-28",
        "fiscal_year": 2004,
        "fiscal_quarter": 1,
        "r2_url": "https://pub-2c783279b61043e19fbdadd1bee5153a.r2.dev/PFGC/2003-08-12/pfgc2q2003_10q.htm/pfgc2q2003_10q.pdf",
        "periodicity": "periodic"
    },
    {
        "equity_ticker": "PFGC",
        "geography": "US",
        "content_name": "PFGC Q4 2003 10-Q",
        "file_type": "pdf",
        "content_type": "quarterly_report",
        "published_date": "2003-05-13",
        "fiscal_date": "2003-03-29",
        "fiscal_year": 2003,
        "fiscal_quarter": 4,
        "r2_url": "https://pub-2c783279b61043e19fbdadd1bee5153a.r2.dev/PFGC/2003-05-13/pfgc10q_1q2003.htm/pfgc10q_1q2003.pdf",
        "periodicity": "periodic"
    },
    {
        "equity_ticker": "PFGC",
        "geography": "US",
        "content_name": "PFGC Q3 2003 10-K",
        "file_type": "pdf",
        "content_type": "annual_report",
        "published_date": "2003-03-17",
        "fiscal_date": "2002-12-28",
        "fiscal_year": 2003,
        "fiscal_quarter": 3,
        "r2_url": "https://pub-2c783279b61043e19fbdadd1bee5153a.r2.dev/PFGC/2003-03-17/pfgc10_k.htm/pfgc10_k.pdf",
        "periodicity": "periodic"
    },
    {
        "equity_ticker": "PFGC",
        "geography": "US",
        "content_name": "PFGC Q2 2003 10-Q",
        "file_type": "pdf",
        "content_type": "quarterly_report",
        "published_date": "2002-11-12",
        "fiscal_date": "2002-09-28",
        "fiscal_year": 2003,
        "fiscal_quarter": 2,
        "r2_url": "https://pub-2c783279b61043e19fbdadd1bee5153a.r2.dev/PFGC/2002-11-12/pfgc3q10q.htm/pfgc3q10q.pdf",
        "periodicity": "periodic"
    },
    {
        "equity_ticker": "PFGC",
        "geography": "US",
        "content_name": "PFGC Q1 2003 10-Q",
        "file_type": "pdf",
        "content_type": "quarterly_report",
        "published_date": "2002-08-13",
        "fiscal_date": "2002-06-29",
        "fiscal_year": 2003,
        "fiscal_quarter": 1,
        "r2_url": "https://pub-2c783279b61043e19fbdadd1bee5153a.r2.dev/PFGC/2002-08-13/pfgc2q2002_10q.htm/pfgc2q2002_10q.pdf",
        "periodicity": "periodic"
    },
    {
        "equity_ticker": "PFGC",
        "geography": "US",
        "content_name": "PFGC Q4 2002 10-Q",
        "file_type": "pdf",
        "content_type": "quarterly_report",
        "published_date": "2002-05-14",
        "fiscal_date": "2002-03-30",
        "fiscal_year": 2002,
        "fiscal_quarter": 4,
        "r2_url": "https://pub-2c783279b61043e19fbdadd1bee5153a.r2.dev/PFGC/2002-05-14/pfgc1q2002_10q.htm/pfgc1q2002_10q.pdf",
        "periodicity": "periodic"
    },
    {
        "equity_ticker": "PFGC",
        "geography": "US",
        "content_name": "PFGC Q3 2002 10-K",
        "file_type": "pdf",
        "content_type": "annual_report",
        "published_date": "2002-03-29",
        "fiscal_date": "2001-12-29",
        "fiscal_year": 2002,
        "fiscal_quarter": 3,
        "r2_url": "https://pub-2c783279b61043e19fbdadd1bee5153a.r2.dev/PFGC/2002-03-29/g75069e10-k.txt/g75069e10-k.pdf",
        "periodicity": "periodic"
    },
    {
        "equity_ticker": "PFGC",
        "geography": "US",
        "content_name": "PFGC Q2 2002 10-Q",
        "file_type": "pdf",
        "content_type": "quarterly_report",
        "published_date": "2001-11-13",
        "fiscal_date": "2001-09-29",
        "fiscal_year": 2002,
        "fiscal_quarter": 2,
        "r2_url": "https://pub-2c783279b61043e19fbdadd1bee5153a.r2.dev/PFGC/2001-11-13/pfgc10q_3q2001.htm/pfgc10q_3q2001.pdf",
        "periodicity": "periodic"
    },
    {
        "equity_ticker": "PFGC",
        "geography": "US",
        "content_name": "PFGC Q1 2002 10-Q",
        "file_type": "pdf",
        "content_type": "quarterly_report",
        "published_date": "2001-08-14",
        "fiscal_date": "2001-06-30",
        "fiscal_year": 2002,
        "fiscal_quarter": 1,
        "r2_url": "https://pub-2c783279b61043e19fbdadd1bee5153a.r2.dev/PFGC/2001-08-14/pfgc10q2q_2001.htm/pfgc10q2q_2001.pdf",
        "periodicity": "periodic"
    },
    {
        "equity_ticker": "PFGC",
        "geography": "US",
        "content_name": "PFGC Q4 2001 10-Q",
        "file_type": "pdf",
        "content_type": "quarterly_report",
        "published_date": "2001-05-15",
        "fiscal_date": "2001-03-31",
        "fiscal_year": 2001,
        "fiscal_quarter": 4,
        "r2_url": "https://pub-2c783279b61043e19fbdadd1bee5153a.r2.dev/PFGC/2001-05-15/pfgc10q_1q2001.htm/pfgc10q_1q2001.pdf",
        "periodicity": "periodic"
    },
    {
        "equity_ticker": "PFGC",
        "geography": "US",
        "content_name": "PFGC Q3 2001 10-K",
        "file_type": "pdf",
        "content_type": "annual_report",
        "published_date": "2001-03-29",
        "fiscal_date": "2000-12-30",
        "fiscal_year": 2001,
        "fiscal_quarter": 3,
        "r2_url": "https://pub-2c783279b61043e19fbdadd1bee5153a.r2.dev/PFGC/2001-03-29/0000908254-01-000004-0001.txt/0000908254-01-000004-0001.pdf",
        "periodicity": "periodic"
    },
    {
        "equity_ticker": "PFGC",
        "geography": "US",
        "content_name": "PFGC Q2 2001 10-Q",
        "file_type": "pdf",
        "content_type": "quarterly_report",
        "published_date": "2000-11-14",
        "fiscal_date": "2000-09-30",
        "fiscal_year": 2001,
        "fiscal_quarter": 2,
        "r2_url": "https://pub-2c783279b61043e19fbdadd1bee5153a.r2.dev/PFGC/2000-11-14/0000908254-00-000014-0001.txt/0000908254-00-000014-0001.pdf",
        "periodicity": "periodic"
    },
    {
        "equity_ticker": "PFGC",
        "geography": "US",
        "content_name": "PFGC Q1 2001 10-Q",
        "file_type": "pdf",
        "content_type": "quarterly_report",
        "published_date": "2000-08-15",
        "fiscal_date": "2000-07-01",
        "fiscal_year": 2001,
        "fiscal_quarter": 1,
        "r2_url": "https://pub-2c783279b61043e19fbdadd1bee5153a.r2.dev/PFGC/2000-08-15/0000908254-00-000011-0001.txt/0000908254-00-000011-0001.pdf",
        "periodicity": "periodic"
    },
    {
        "equity_ticker": "PFGC",
        "geography": "US",
        "content_name": "PFGC Q4 2000 10-Q",
        "file_type": "pdf",
        "content_type": "quarterly_report",
        "published_date": "2000-05-15",
        "fiscal_date": "2000-04-01",
        "fiscal_year": 2000,
        "fiscal_quarter": 4,
        "r2_url": "https://pub-2c783279b61043e19fbdadd1bee5153a.r2.dev/PFGC/2000-05-15/.pdf",
        "periodicity": "periodic"
    },
    {
        "equity_ticker": "PFGC",
        "geography": "US",
        "content_name": "PFGC Q3 2000 10-K",
        "file_type": "pdf",
        "content_type": "annual_report",
        "published_date": "2000-03-31",
        "fiscal_date": "2000-01-01",
        "fiscal_year": 2000,
        "fiscal_quarter": 3,
        "r2_url": "https://pub-2c783279b61043e19fbdadd1bee5153a.r2.dev/PFGC/2000-03-31/.pdf",
        "periodicity": "periodic"
    },
    {
        "equity_ticker": "PFGC",
        "geography": "US",
        "content_name": "PFGC Q2 2000 10-Q",
        "file_type": "pdf",
        "content_type": "quarterly_report",
        "published_date": "1999-11-16",
        "fiscal_date": "1999-10-02",
        "fiscal_year": 2000,
        "fiscal_quarter": 2,
        "r2_url": "https://pub-2c783279b61043e19fbdadd1bee5153a.r2.dev/PFGC/1999-11-16/.pdf",
        "periodicity": "periodic"
    },
    {
        "equity_ticker": "PFGC",
        "geography": "US",
        "content_name": "PFGC Q1 2000 10-Q",
        "file_type": "pdf",
        "content_type": "quarterly_report",
        "published_date": "1999-08-16",
        "fiscal_date": "1999-07-03",
        "fiscal_year": 2000,
        "fiscal_quarter": 1,
        "r2_url": "https://pub-2c783279b61043e19fbdadd1bee5153a.r2.dev/PFGC/1999-08-16/.pdf",
        "periodicity": "periodic"
    },
    {
        "equity_ticker": "PFGC",
        "geography": "US",
        "content_name": "PFGC Q4 1999 10-Q",
        "file_type": "pdf",
        "content_type": "quarterly_report",
        "published_date": "1999-05-18",
        "fiscal_date": "1999-04-03",
        "fiscal_year": 1999,
        "fiscal_quarter": 4,
        "r2_url": "https://pub-2c783279b61043e19fbdadd1bee5153a.r2.dev/PFGC/1999-05-18/.pdf",
        "periodicity": "periodic"
    },
    {
        "equity_ticker": "PFGC",
        "geography": "US",
        "content_name": "PFGC Q3 1999 10-K",
        "file_type": "pdf",
        "content_type": "annual_report",
        "published_date": "1999-04-01",
        "fiscal_date": "1999-01-02",
        "fiscal_year": 1999,
        "fiscal_quarter": 3,
        "r2_url": "https://pub-2c783279b61043e19fbdadd1bee5153a.r2.dev/PFGC/1999-04-01/.pdf",
        "periodicity": "periodic"
    },
    {
        "equity_ticker": "PFGC",
        "geography": "US",
        "content_name": "PFGC Q2 1999 10-Q",
        "file_type": "pdf",
        "content_type": "quarterly_report",
        "published_date": "1998-11-09",
        "fiscal_date": "1998-09-26",
        "fiscal_year": 1999,
        "fiscal_quarter": 2,
        "r2_url": "https://pub-2c783279b61043e19fbdadd1bee5153a.r2.dev/PFGC/1998-11-09/.pdf",
        "periodicity": "periodic"
    },
    {
        "equity_ticker": "PFGC",
        "geography": "US",
        "content_name": "PFGC Q1 1999 10-Q",
        "file_type": "pdf",
        "content_type": "quarterly_report",
        "published_date": "1998-08-11",
        "fiscal_date": "1998-06-27",
        "fiscal_year": 1999,
        "fiscal_quarter": 1,
        "r2_url": "https://pub-2c783279b61043e19fbdadd1bee5153a.r2.dev/PFGC/1998-08-11/.pdf",
        "periodicity": "periodic"
    },
    {
        "equity_ticker": "PFGC",
        "geography": "US",
        "content_name": "PFGC Q4 1998 10-Q",
        "file_type": "pdf",
        "content_type": "quarterly_report",
        "published_date": "1998-05-11",
        "fiscal_date": "1998-03-28",
        "fiscal_year": 1998,
        "fiscal_quarter": 4,
        "r2_url": "https://pub-2c783279b61043e19fbdadd1bee5153a.r2.dev/PFGC/1998-05-11/.pdf",
        "periodicity": "periodic"
    },
    {
        "equity_ticker": "PFGC",
        "geography": "US",
        "content_name": "PFGC Q3 1998 10-K",
        "file_type": "pdf",
        "content_type": "annual_report",
        "published_date": "1998-03-26",
        "fiscal_date": "1997-12-27",
        "fiscal_year": 1998,
        "fiscal_quarter": 3,
        "r2_url": "https://pub-2c783279b61043e19fbdadd1bee5153a.r2.dev/PFGC/1998-03-26/.pdf",
        "periodicity": "periodic"
    },
    {
        "equity_ticker": "PFGC",
        "geography": "US",
        "content_name": "PFGC Q2 1998 10-Q",
        "file_type": "pdf",
        "content_type": "quarterly_report",
        "published_date": "1997-11-10",
        "fiscal_date": "1997-09-27",
        "fiscal_year": 1998,
        "fiscal_quarter": 2,
        "r2_url": "https://pub-2c783279b61043e19fbdadd1bee5153a.r2.dev/PFGC/1997-11-10/.pdf",
        "periodicity": "periodic"
    },
    {
        "equity_ticker": "PFGC",
        "geography": "US",
        "content_name": "PFGC Q1 1998 10-Q",
        "file_type": "pdf",
        "content_type": "quarterly_report",
        "published_date": "1997-08-11",
        "fiscal_date": "1997-06-28",
        "fiscal_year": 1998,
        "fiscal_quarter": 1,
        "r2_url": "https://pub-2c783279b61043e19fbdadd1bee5153a.r2.dev/PFGC/1997-08-11/.pdf",
        "periodicity": "periodic"
    },
    {
        "equity_ticker": "PFGC",
        "geography": "US",
        "content_name": "PFGC Q4 1997 10-Q",
        "file_type": "pdf",
        "content_type": "quarterly_report",
        "published_date": "1997-05-12",
        "fiscal_date": "1997-03-29",
        "fiscal_year": 1997,
        "fiscal_quarter": 4,
        "r2_url": "https://pub-2c783279b61043e19fbdadd1bee5153a.r2.dev/PFGC/1997-05-12/.pdf",
        "periodicity": "periodic"
    },
    {
        "equity_ticker": "PFGC",
        "geography": "US",
        "content_name": "PFGC Q3 1997 10-K",
        "file_type": "pdf",
        "content_type": "annual_report",
        "published_date": "1997-03-27",
        "fiscal_date": "1996-12-28",
        "fiscal_year": 1997,
        "fiscal_quarter": 3,
        "r2_url": "https://pub-2c783279b61043e19fbdadd1bee5153a.r2.dev/PFGC/1997-03-27/.pdf",
        "periodicity": "periodic"
    },
    {
        "equity_ticker": "PFGC",
        "geography": "US",
        "content_name": "PFGC Q2 1997 10-Q",
        "file_type": "pdf",
        "content_type": "quarterly_report",
        "published_date": "1996-11-12",
        "fiscal_date": "1996-09-28",
        "fiscal_year": 1997,
        "fiscal_quarter": 2,
        "r2_url": "https://pub-2c783279b61043e19fbdadd1bee5153a.r2.dev/PFGC/1996-11-12/.pdf",
        "periodicity": "periodic"
    },
    {
        "equity_ticker": "PFGC",
        "geography": "US",
        "content_name": "PFGC Q1 1997 10-Q",
        "file_type": "pdf",
        "content_type": "quarterly_report",
        "published_date": "1996-08-05",
        "fiscal_date": "1996-06-29",
        "fiscal_year": 1997,
        "fiscal_quarter": 1,
        "r2_url": "https://pub-2c783279b61043e19fbdadd1bee5153a.r2.dev/PFGC/1996-08-05/.pdf",
        "periodicity": "periodic"
    },
    {
        "equity_ticker": "PFGC",
        "geography": "US",
        "content_name": "PFGC Q2 2025 Transcript",
        "file_type": "pdf",
        "content_type": "earnings_transcript",
        "published_date": "2025-02-05",
        "fiscal_date": "2025-02-05",
        "fiscal_year": 2025,
        "fiscal_quarter": 2,
        "r2_url": "https://pub-2c783279b61043e19fbdadd1bee5153a.r2.dev/PFGC/2025-02-05/Performance%20Food%20Group%20Company_2025-02-05_transcript/Performance%20Food%20Group%20Company_2025-02-05_transcript.pdf/Performance%20Food%20Group%20Company_2025-02-05_transcript.pdf",
        "periodicity": "periodic"
    },
    {
        "equity_ticker": "PFGC",
        "geography": "US",
        "content_name": "PFGC Q2 2025 Press Release",
        "file_type": "pdf",
        "content_type": "earnings_press_release",
        "published_date": "2025-02-05",
        "fiscal_date": "2025-02-05",
        "fiscal_year": 2025,
        "fiscal_quarter": 2,
        "r2_url": "https://pub-2c783279b61043e19fbdadd1bee5153a.r2.dev/PFGC/2025-02-05/e584b-2025-02-05-12-47-31/e584b-2025-02-05-12-47-31.pdf/e584b-2025-02-05-12-47-31.pdf",
        "periodicity": "periodic"
    },
    {
        "equity_ticker": "PFGC",
        "geography": "US",
        "content_name": "Barclays 10th Annual Eat, Sleep, Play, Shop Conference - December 5, 2024",
        "file_type": "pdf",
        "content_type": "sellside_conference_transcript",
        "published_date": "2024-12-05",
        "fiscal_date": "2024-12-05",
        "fiscal_year": null,
        "fiscal_quarter": null,
        "r2_url": "https://pub-2c783279b61043e19fbdadd1bee5153a.r2.dev/PFGC/2024-12-05/Performance%20Food%20Group%20Company_2024-12-05_transcript/Performance%20Food%20Group%20Company_2024-12-05_transcript.pdf/Performance%20Food%20Group%20Company_2024-12-05_transcript.pdf",
        "periodicity": "non_periodic"
    },
    {
        "equity_ticker": "PFGC",
        "geography": "US",
        "content_name": "PFGC Q1 2025 Transcript",
        "file_type": "pdf",
        "content_type": "earnings_transcript",
        "published_date": "2024-11-06",
        "fiscal_date": "2024-11-06",
        "fiscal_year": 2025,
        "fiscal_quarter": 1,
        "r2_url": "https://pub-2c783279b61043e19fbdadd1bee5153a.r2.dev/PFGC/2024-11-06/Performance%20Food%20Group%20Company_2024-11-06_transcript/Performance%20Food%20Group%20Company_2024-11-06_transcript.pdf/Performance%20Food%20Group%20Company_2024-11-06_transcript.pdf",
        "periodicity": "periodic"
    },
    {
        "equity_ticker": "PFGC",
        "geography": "US",
        "content_name": "PFGC Q1 2025 Press Release",
        "file_type": "pdf",
        "content_type": "earnings_press_release",
        "published_date": "2024-11-06",
        "fiscal_date": "2024-11-06",
        "fiscal_year": 2025,
        "fiscal_quarter": 1,
        "r2_url": "https://pub-2c783279b61043e19fbdadd1bee5153a.r2.dev/PFGC/2024-11-06/69cd7-2024-11-06-12-27-02/69cd7-2024-11-06-12-27-02.pdf/69cd7-2024-11-06-12-27-02.pdf",
        "periodicity": "periodic"
    },
    {
        "equity_ticker": "PFGC",
        "geography": "US",
        "content_name": "PFGC Q4 2024 Transcript",
        "file_type": "pdf",
        "content_type": "earnings_transcript",
        "published_date": "2024-08-14",
        "fiscal_date": "2024-08-14",
        "fiscal_year": 2024,
        "fiscal_quarter": 4,
        "r2_url": "https://pub-2c783279b61043e19fbdadd1bee5153a.r2.dev/PFGC/2024-08-14/Performance%20Food%20Group%20Company_2024-08-14_transcript/Performance%20Food%20Group%20Company_2024-08-14_transcript.pdf/Performance%20Food%20Group%20Company_2024-08-14_transcript.pdf",
        "periodicity": "periodic"
    },
    {
        "equity_ticker": "PFGC",
        "geography": "US",
        "content_name": "PFGC Q4 2024 Press Release",
        "file_type": "pdf",
        "content_type": "earnings_press_release",
        "published_date": "2024-08-14",
        "fiscal_date": "2024-08-14",
        "fiscal_year": 2024,
        "fiscal_quarter": 4,
        "r2_url": "https://pub-2c783279b61043e19fbdadd1bee5153a.r2.dev/PFGC/2024-08-14/6bd9b-2024-08-14-11-28-02/6bd9b-2024-08-14-11-28-02.pdf/6bd9b-2024-08-14-11-28-02.pdf",
        "periodicity": "periodic"
    },
    {
        "equity_ticker": "PFGC",
        "geography": "US",
        "content_name": "19th Annual Global Farm to Market Conference - May 15, 2024",
        "file_type": "pdf",
        "content_type": "company_conference_transcript",
        "published_date": "2024-05-15",
        "fiscal_date": "2024-05-15",
        "fiscal_year": null,
        "fiscal_quarter": null,
        "r2_url": "https://pub-2c783279b61043e19fbdadd1bee5153a.r2.dev/PFGC/2024-05-15/Performance%20Food%20Group%20Company_2024-05-15_transcript/Performance%20Food%20Group%20Company_2024-05-15_transcript.pdf/Performance%20Food%20Group%20Company_2024-05-15_transcript.pdf",
        "periodicity": "non_periodic"
    },
    {
        "equity_ticker": "PFGC",
        "geography": "US",
        "content_name": "PFGC Q3 2024 Transcript",
        "file_type": "pdf",
        "content_type": "earnings_transcript",
        "published_date": "2024-05-08",
        "fiscal_date": "2024-05-08",
        "fiscal_year": 2024,
        "fiscal_quarter": 3,
        "r2_url": "https://pub-2c783279b61043e19fbdadd1bee5153a.r2.dev/PFGC/2024-05-08/Performance%20Food%20Group%20Company_2024-05-08_transcript/Performance%20Food%20Group%20Company_2024-05-08_transcript.pdf/Performance%20Food%20Group%20Company_2024-05-08_transcript.pdf",
        "periodicity": "periodic"
    },
    {
        "equity_ticker": "PFGC",
        "geography": "US",
        "content_name": "PFGC Q3 2024 Press Release",
        "file_type": "pdf",
        "content_type": "earnings_press_release",
        "published_date": "2024-05-08",
        "fiscal_date": "2024-05-08",
        "fiscal_year": 2024,
        "fiscal_quarter": 3,
        "r2_url": "https://pub-2c783279b61043e19fbdadd1bee5153a.r2.dev/PFGC/2024-05-08/d8a52-2024-05-08-11-31-02/d8a52-2024-05-08-11-31-02.pdf/d8a52-2024-05-08-11-31-02.pdf",
        "periodicity": "periodic"
    },
    {
        "equity_ticker": "PFGC",
        "geography": "US",
        "content_name": "PFGC Q2 2024 Transcript",
        "file_type": "pdf",
        "content_type": "earnings_transcript",
        "published_date": "2024-02-07",
        "fiscal_date": "2024-02-07",
        "fiscal_year": 2024,
        "fiscal_quarter": 2,
        "r2_url": "https://pub-2c783279b61043e19fbdadd1bee5153a.r2.dev/PFGC/2024-02-07/Performance%20Food%20Group%20Company_2024-02-07_transcript/Performance%20Food%20Group%20Company_2024-02-07_transcript.pdf/Performance%20Food%20Group%20Company_2024-02-07_transcript.pdf",
        "periodicity": "periodic"
    },
    {
        "equity_ticker": "PFGC",
        "geography": "US",
        "content_name": "PFGC Q2 2024 Press Release",
        "file_type": "pdf",
        "content_type": "earnings_press_release",
        "published_date": "2024-02-07",
        "fiscal_date": "2024-02-07",
        "fiscal_year": 2024,
        "fiscal_quarter": 2,
        "r2_url": "https://pub-2c783279b61043e19fbdadd1bee5153a.r2.dev/PFGC/2024-02-07/3f692-2024-02-07-12-36-01/3f692-2024-02-07-12-36-01.pdf/3f692-2024-02-07-12-36-01.pdf",
        "periodicity": "periodic"
    },
    {
        "equity_ticker": "PFGC",
        "geography": "US",
        "content_name": "PFGC Q1 2024 Transcript",
        "file_type": "pdf",
        "content_type": "earnings_transcript",
        "published_date": "2023-11-08",
        "fiscal_date": "2023-11-08",
        "fiscal_year": 2024,
        "fiscal_quarter": 1,
        "r2_url": "https://pub-2c783279b61043e19fbdadd1bee5153a.r2.dev/PFGC/2023-11-08/Performance%20Food%20Group%20Company_2023-11-08_transcript/Performance%20Food%20Group%20Company_2023-11-08_transcript.pdf/Performance%20Food%20Group%20Company_2023-11-08_transcript.pdf",
        "periodicity": "periodic"
    },
    {
        "equity_ticker": "PFGC",
        "geography": "US",
        "content_name": "PFGC Q1 2024 Press Release",
        "file_type": "pdf",
        "content_type": "earnings_press_release",
        "published_date": "2023-11-08",
        "fiscal_date": "2023-11-08",
        "fiscal_year": 2024,
        "fiscal_quarter": 1,
        "r2_url": "https://pub-2c783279b61043e19fbdadd1bee5153a.r2.dev/PFGC/2023-11-08/69a4a-2023-11-08-12-53-01/69a4a-2023-11-08-12-53-01.pdf/69a4a-2023-11-08-12-53-01.pdf",
        "periodicity": "periodic"
    },
    {
        "equity_ticker": "PFGC",
        "geography": "US",
        "content_name": "PFGC Q4 2023 Transcript",
        "file_type": "pdf",
        "content_type": "earnings_transcript",
        "published_date": "2023-08-16",
        "fiscal_date": "2023-08-16",
        "fiscal_year": 2023,
        "fiscal_quarter": 4,
        "r2_url": "https://pub-2c783279b61043e19fbdadd1bee5153a.r2.dev/PFGC/2023-08-16/Performance%20Food%20Group%20Company_2023-08-16_transcript/Performance%20Food%20Group%20Company_2023-08-16_transcript.pdf/Performance%20Food%20Group%20Company_2023-08-16_transcript.pdf",
        "periodicity": "periodic"
    },
    {
        "equity_ticker": "PFGC",
        "geography": "US",
        "content_name": "PFGC Q4 2023 Press Release",
        "file_type": "pdf",
        "content_type": "earnings_press_release",
        "published_date": "2023-08-16",
        "fiscal_date": "2023-08-16",
        "fiscal_year": 2023,
        "fiscal_quarter": 4,
        "r2_url": "https://pub-2c783279b61043e19fbdadd1bee5153a.r2.dev/PFGC/2023-08-16/f73c7-2025-03-19-01-23-48/f73c7-2025-03-19-01-23-48.pdf/f73c7-2025-03-19-01-23-48.pdf",
        "periodicity": "periodic"
    },
    {
        "equity_ticker": "PFGC",
        "geography": "US",
        "content_name": "PFGC Q3 2023 Transcript",
        "file_type": "pdf",
        "content_type": "earnings_transcript",
        "published_date": "2023-05-10",
        "fiscal_date": "2023-05-10",
        "fiscal_year": 2023,
        "fiscal_quarter": 3,
        "r2_url": "https://pub-2c783279b61043e19fbdadd1bee5153a.r2.dev/PFGC/2023-05-10/Performance%20Food%20Group%20Company_2023-05-10_transcript/Performance%20Food%20Group%20Company_2023-05-10_transcript.pdf/Performance%20Food%20Group%20Company_2023-05-10_transcript.pdf",
        "periodicity": "periodic"
    },
    {
        "equity_ticker": "PFGC",
        "geography": "US",
        "content_name": "PFGC Q3 2023 Press Release",
        "file_type": "pdf",
        "content_type": "earnings_press_release",
        "published_date": "2023-05-10",
        "fiscal_date": "2023-05-10",
        "fiscal_year": 2023,
        "fiscal_quarter": 3,
        "r2_url": "https://pub-2c783279b61043e19fbdadd1bee5153a.r2.dev/PFGC/2023-05-10/ec09e-2023-05-10-11-51-01/ec09e-2023-05-10-11-51-01.pdf/ec09e-2023-05-10-11-51-01.pdf",
        "periodicity": "periodic"
    },
    {
        "equity_ticker": "PFGC",
        "geography": "US",
        "content_name": "PFGC Q2 2023 Transcript",
        "file_type": "pdf",
        "content_type": "earnings_transcript",
        "published_date": "2023-02-08",
        "fiscal_date": "2023-02-08",
        "fiscal_year": 2023,
        "fiscal_quarter": 2,
        "r2_url": "https://pub-2c783279b61043e19fbdadd1bee5153a.r2.dev/PFGC/2023-02-08/Performance%20Food%20Group%20Company_2023-02-08_transcript/Performance%20Food%20Group%20Company_2023-02-08_transcript.pdf/Performance%20Food%20Group%20Company_2023-02-08_transcript.pdf",
        "periodicity": "periodic"
    },
    {
        "equity_ticker": "PFGC",
        "geography": "US",
        "content_name": "PFGC Q2 2023 Press Release",
        "file_type": "pdf",
        "content_type": "earnings_press_release",
        "published_date": "2023-02-08",
        "fiscal_date": "2023-02-08",
        "fiscal_year": 2023,
        "fiscal_quarter": 2,
        "r2_url": "https://pub-2c783279b61043e19fbdadd1bee5153a.r2.dev/PFGC/2023-02-08/8f973-2023-02-08-12-35-19/8f973-2023-02-08-12-35-19.pdf/8f973-2023-02-08-12-35-19.pdf",
        "periodicity": "periodic"
    },
    {
        "equity_ticker": "PFGC",
        "geography": "US",
        "content_name": "ICR Conference - January 9, 2023",
        "file_type": "pdf",
        "content_type": "company_conference_transcript",
        "published_date": "2023-01-09",
        "fiscal_date": "2023-01-09",
        "fiscal_year": null,
        "fiscal_quarter": null,
        "r2_url": "https://pub-2c783279b61043e19fbdadd1bee5153a.r2.dev/PFGC/2023-01-09/Performance%20Food%20Group%20Company_2023-01-09_transcript/Performance%20Food%20Group%20Company_2023-01-09_transcript.pdf/Performance%20Food%20Group%20Company_2023-01-09_transcript.pdf",
        "periodicity": "non_periodic"
    },
    {
        "equity_ticker": "PFGC",
        "geography": "US",
        "content_name": "PFGC Q1 2023 Transcript",
        "file_type": "pdf",
        "content_type": "earnings_transcript",
        "published_date": "2022-11-09",
        "fiscal_date": "2022-11-09",
        "fiscal_year": 2023,
        "fiscal_quarter": 1,
        "r2_url": "https://pub-2c783279b61043e19fbdadd1bee5153a.r2.dev/PFGC/2022-11-09/Performance%20Food%20Group%20Company_2022-11-09_transcript/Performance%20Food%20Group%20Company_2022-11-09_transcript.pdf/Performance%20Food%20Group%20Company_2022-11-09_transcript.pdf",
        "periodicity": "periodic"
    },
    {
        "equity_ticker": "PFGC",
        "geography": "US",
        "content_name": "PFGC Q4 2022 Transcript",
        "file_type": "pdf",
        "content_type": "earnings_transcript",
        "published_date": "2022-08-17",
        "fiscal_date": "2022-08-17",
        "fiscal_year": 2022,
        "fiscal_quarter": 4,
        "r2_url": "https://pub-2c783279b61043e19fbdadd1bee5153a.r2.dev/PFGC/2022-08-17/Performance%20Food%20Group%20Company_2022-08-17_transcript/Performance%20Food%20Group%20Company_2022-08-17_transcript.pdf/Performance%20Food%20Group%20Company_2022-08-17_transcript.pdf",
        "periodicity": "periodic"
    },
    {
        "equity_ticker": "PFGC",
        "geography": "US",
        "content_name": "PFGC Q4 2022 Press Release",
        "file_type": "pdf",
        "content_type": "earnings_press_release",
        "published_date": "2022-08-17",
        "fiscal_date": "2022-08-17",
        "fiscal_year": 2022,
        "fiscal_quarter": 4,
        "r2_url": "https://pub-2c783279b61043e19fbdadd1bee5153a.r2.dev/PFGC/2022-08-17/4f5da-2025-03-19-01-10-49/4f5da-2025-03-19-01-10-49.pdf/4f5da-2025-03-19-01-10-49.pdf",
        "periodicity": "periodic"
    },
    {
        "equity_ticker": "PFGC",
        "geography": "US",
        "content_name": "Investor Day 2022 - June 29, 2022",
        "file_type": "pdf",
        "content_type": "company_conference_transcript",
        "published_date": "2022-06-29",
        "fiscal_date": "2022-06-29",
        "fiscal_year": null,
        "fiscal_quarter": null,
        "r2_url": "https://pub-2c783279b61043e19fbdadd1bee5153a.r2.dev/PFGC/2022-06-29/Performance%20Food%20Group%20Company_2022-06-29_transcript/Performance%20Food%20Group%20Company_2022-06-29_transcript.pdf/Performance%20Food%20Group%20Company_2022-06-29_transcript.pdf",
        "periodicity": "non_periodic"
    },
    {
        "equity_ticker": "PFGC",
        "geography": "US",
        "content_name": "Investor Day 2022 - June 29, 2022",
        "file_type": "pdf",
        "content_type": "company_conference_presentation",
        "published_date": "2022-06-29",
        "fiscal_date": "2022-06-29",
        "fiscal_year": null,
        "fiscal_quarter": null,
        "r2_url": "https://pub-2c783279b61043e19fbdadd1bee5153a.r2.dev/PFGC/2022-06-29/40d89-2022-09-22-09-05-16/40d89-2022-09-22-09-05-16.pdf/40d89-2022-09-22-09-05-16.pdf",
        "periodicity": "non_periodic"
    },
    {
        "equity_ticker": "PFGC",
        "geography": "US",
        "content_name": "PFGC Q3 2022 Transcript",
        "file_type": "pdf",
        "content_type": "earnings_transcript",
        "published_date": "2022-05-11",
        "fiscal_date": "2022-05-11",
        "fiscal_year": 2022,
        "fiscal_quarter": 3,
        "r2_url": "https://pub-2c783279b61043e19fbdadd1bee5153a.r2.dev/PFGC/2022-05-11/Performance%20Food%20Group%20Company_2022-05-11_transcript/Performance%20Food%20Group%20Company_2022-05-11_transcript.pdf/Performance%20Food%20Group%20Company_2022-05-11_transcript.pdf",
        "periodicity": "periodic"
    },
    {
        "equity_ticker": "PFGC",
        "geography": "US",
        "content_name": "PFGC Q2 2022 Transcript",
        "file_type": "pdf",
        "content_type": "earnings_transcript",
        "published_date": "2022-02-09",
        "fiscal_date": "2022-02-09",
        "fiscal_year": 2022,
        "fiscal_quarter": 2,
        "r2_url": "https://pub-2c783279b61043e19fbdadd1bee5153a.r2.dev/PFGC/2022-02-09/Performance%20Food%20Group%20Company_2022-02-09_transcript/Performance%20Food%20Group%20Company_2022-02-09_transcript.pdf/Performance%20Food%20Group%20Company_2022-02-09_transcript.pdf",
        "periodicity": "periodic"
    },
    {
        "equity_ticker": "PFGC",
        "geography": "US",
        "content_name": "PFGC Q2 2022 Press Release",
        "file_type": "pdf",
        "content_type": "earnings_press_release",
        "published_date": "2022-02-09",
        "fiscal_date": "2022-02-09",
        "fiscal_year": 2022,
        "fiscal_quarter": 2,
        "r2_url": "https://pub-2c783279b61043e19fbdadd1bee5153a.r2.dev/PFGC/2022-02-09/65a53-2023-01-25-12-54-26/65a53-2023-01-25-12-54-26.pdf/65a53-2023-01-25-12-54-26.pdf",
        "periodicity": "periodic"
    },
    {
        "equity_ticker": "PFGC",
        "geography": "US",
        "content_name": "PFGC Q1 2022 Transcript",
        "file_type": "pdf",
        "content_type": "earnings_transcript",
        "published_date": "2021-11-10",
        "fiscal_date": "2021-11-10",
        "fiscal_year": 2022,
        "fiscal_quarter": 1,
        "r2_url": "https://pub-2c783279b61043e19fbdadd1bee5153a.r2.dev/PFGC/2021-11-10/Performance%20Food%20Group%20Company_2021-11-10_transcript/Performance%20Food%20Group%20Company_2021-11-10_transcript.pdf/Performance%20Food%20Group%20Company_2021-11-10_transcript.pdf",
        "periodicity": "periodic"
    },
    {
        "equity_ticker": "PFGC",
        "geography": "US",
        "content_name": "PFGC Q1 2022 Press Release",
        "file_type": "pdf",
        "content_type": "earnings_press_release",
        "published_date": "2021-11-10",
        "fiscal_date": "2021-11-10",
        "fiscal_year": 2022,
        "fiscal_quarter": 1,
        "r2_url": "https://pub-2c783279b61043e19fbdadd1bee5153a.r2.dev/PFGC/2021-11-10/6363a-2023-01-25-12-55-26/6363a-2023-01-25-12-55-26.pdf/6363a-2023-01-25-12-55-26.pdf",
        "periodicity": "periodic"
    },
    {
        "equity_ticker": "PFGC",
        "geography": "US",
        "content_name": "PFGC Q4 2021 Transcript",
        "file_type": "pdf",
        "content_type": "earnings_transcript",
        "published_date": "2021-08-19",
        "fiscal_date": "2021-08-19",
        "fiscal_year": 2021,
        "fiscal_quarter": 4,
        "r2_url": "https://pub-2c783279b61043e19fbdadd1bee5153a.r2.dev/PFGC/2021-08-19/Performance%20Food%20Group%20Company_2021-08-19_transcript/Performance%20Food%20Group%20Company_2021-08-19_transcript.pdf/Performance%20Food%20Group%20Company_2021-08-19_transcript.pdf",
        "periodicity": "periodic"
    },
    {
        "equity_ticker": "PFGC",
        "geography": "US",
        "content_name": "PFGC Q4 2021 Press Release",
        "file_type": "pdf",
        "content_type": "earnings_press_release",
        "published_date": "2021-08-19",
        "fiscal_date": "2021-08-19",
        "fiscal_year": 2021,
        "fiscal_quarter": 4,
        "r2_url": "https://pub-2c783279b61043e19fbdadd1bee5153a.r2.dev/PFGC/2021-08-19/b61d4-2023-01-25-09-44-44/b61d4-2023-01-25-09-44-44.pdf/b61d4-2023-01-25-09-44-44.pdf",
        "periodicity": "periodic"
    },
    {
        "equity_ticker": "PFGC",
        "geography": "US",
        "content_name": "PFGC Q3 2021 Transcript",
        "file_type": "pdf",
        "content_type": "earnings_transcript",
        "published_date": "2021-05-08",
        "fiscal_date": "2021-05-08",
        "fiscal_year": 2021,
        "fiscal_quarter": 3,
        "r2_url": "https://pub-2c783279b61043e19fbdadd1bee5153a.r2.dev/PFGC/2021-05-08/Performance%20Food%20Group%20Company_2021-05-08_transcript/Performance%20Food%20Group%20Company_2021-05-08_transcript.pdf/Performance%20Food%20Group%20Company_2021-05-08_transcript.pdf",
        "periodicity": "periodic"
    },
    {
        "equity_ticker": "PFGC",
        "geography": "US",
        "content_name": "PFGC Q2 2021 Transcript",
        "file_type": "pdf",
        "content_type": "earnings_transcript",
        "published_date": "2021-02-03",
        "fiscal_date": "2021-02-03",
        "fiscal_year": 2021,
        "fiscal_quarter": 2,
        "r2_url": "https://pub-2c783279b61043e19fbdadd1bee5153a.r2.dev/PFGC/2021-02-03/Performance%20Food%20Group%20Company_2021-02-03_transcript/Performance%20Food%20Group%20Company_2021-02-03_transcript.pdf/Performance%20Food%20Group%20Company_2021-02-03_transcript.pdf",
        "periodicity": "periodic"
    },
    {
        "equity_ticker": "PFGC",
        "geography": "US",
        "content_name": "PFGC Q1 2021 Transcript",
        "file_type": "pdf",
        "content_type": "earnings_transcript",
        "published_date": "2020-11-04",
        "fiscal_date": "2020-11-04",
        "fiscal_year": 2021,
        "fiscal_quarter": 1,
        "r2_url": "https://pub-2c783279b61043e19fbdadd1bee5153a.r2.dev/PFGC/2020-11-04/Performance%20Food%20Group%20Company_2020-11-04_transcript/Performance%20Food%20Group%20Company_2020-11-04_transcript.pdf/Performance%20Food%20Group%20Company_2020-11-04_transcript.pdf",
        "periodicity": "periodic"
    },
    {
        "equity_ticker": "PFGC",
        "geography": "US",
        "content_name": "PFGC Q4 2020 Transcript",
        "file_type": "pdf",
        "content_type": "earnings_transcript",
        "published_date": "2020-08-18",
        "fiscal_date": "2020-08-18",
        "fiscal_year": 2020,
        "fiscal_quarter": 4,
        "r2_url": "https://pub-2c783279b61043e19fbdadd1bee5153a.r2.dev/PFGC/2020-08-18/Performance%20Food%20Group%20Company_2020-08-18_transcript/Performance%20Food%20Group%20Company_2020-08-18_transcript.pdf/Performance%20Food%20Group%20Company_2020-08-18_transcript.pdf",
        "periodicity": "periodic"
    },
    {
        "equity_ticker": "PFGC",
        "geography": "US",
        "content_name": "PFGC Q3 2020 Transcript",
        "file_type": "pdf",
        "content_type": "earnings_transcript",
        "published_date": "2020-05-04",
        "fiscal_date": "2020-05-04",
        "fiscal_year": 2020,
        "fiscal_quarter": 3,
        "r2_url": "https://pub-2c783279b61043e19fbdadd1bee5153a.r2.dev/PFGC/2020-05-04/Performance%20Food%20Group%20Company_2020-05-04_transcript/Performance%20Food%20Group%20Company_2020-05-04_transcript.pdf/Performance%20Food%20Group%20Company_2020-05-04_transcript.pdf",
        "periodicity": "periodic"
    },
    {
        "equity_ticker": "PFGC",
        "geography": "US",
        "content_name": "PFGC Q2 2020 Transcript",
        "file_type": "pdf",
        "content_type": "earnings_transcript",
        "published_date": "2020-02-05",
        "fiscal_date": "2020-02-05",
        "fiscal_year": 2020,
        "fiscal_quarter": 2,
        "r2_url": "https://pub-2c783279b61043e19fbdadd1bee5153a.r2.dev/PFGC/2020-02-05/Performance%20Food%20Group%20Company_2020-02-05_transcript/Performance%20Food%20Group%20Company_2020-02-05_transcript.pdf/Performance%20Food%20Group%20Company_2020-02-05_transcript.pdf",
        "periodicity": "periodic"
    },
    {
        "equity_ticker": "PFGC",
        "geography": "US",
        "content_name": "PFGC Q1 2020 Transcript",
        "file_type": "pdf",
        "content_type": "earnings_transcript",
        "published_date": "2019-11-08",
        "fiscal_date": "2019-11-08",
        "fiscal_year": 2020,
        "fiscal_quarter": 1,
        "r2_url": "https://pub-2c783279b61043e19fbdadd1bee5153a.r2.dev/PFGC/2019-11-08/Performance%20Food%20Group%20Company_2019-11-08_transcript/Performance%20Food%20Group%20Company_2019-11-08_transcript.pdf/Performance%20Food%20Group%20Company_2019-11-08_transcript.pdf",
        "periodicity": "periodic"
    },
    {
        "equity_ticker": "PFGC",
        "geography": "US",
        "content_name": "PFGC Q4 2019 Transcript",
        "file_type": "pdf",
        "content_type": "earnings_transcript",
        "published_date": "2019-08-16",
        "fiscal_date": "2019-08-16",
        "fiscal_year": 2019,
        "fiscal_quarter": 4,
        "r2_url": "https://pub-2c783279b61043e19fbdadd1bee5153a.r2.dev/PFGC/2019-08-16/Performance%20Food%20Group%20Company_2019-08-16_transcript/Performance%20Food%20Group%20Company_2019-08-16_transcript.pdf/Performance%20Food%20Group%20Company_2019-08-16_transcript.pdf",
        "periodicity": "periodic"
    },
    {
        "equity_ticker": "PFGC",
        "geography": "US",
        "content_name": "PFGC Q3 2019 Transcript",
        "file_type": "pdf",
        "content_type": "earnings_transcript",
        "published_date": "2019-05-10",
        "fiscal_date": "2019-05-10",
        "fiscal_year": 2019,
        "fiscal_quarter": 3,
        "r2_url": "https://pub-2c783279b61043e19fbdadd1bee5153a.r2.dev/PFGC/2019-05-10/Performance%20Food%20Group%20Company_2019-05-10_transcript/Performance%20Food%20Group%20Company_2019-05-10_transcript.pdf/Performance%20Food%20Group%20Company_2019-05-10_transcript.pdf",
        "periodicity": "periodic"
    },
    {
        "equity_ticker": "PFGC",
        "geography": "US",
        "content_name": "PFGC Q2 2019 Transcript",
        "file_type": "pdf",
        "content_type": "earnings_transcript",
        "published_date": "2019-02-06",
        "fiscal_date": "2019-02-06",
        "fiscal_year": 2019,
        "fiscal_quarter": 2,
        "r2_url": "https://pub-2c783279b61043e19fbdadd1bee5153a.r2.dev/PFGC/2019-02-06/Performance%20Food%20Group%20Company_2019-02-06_transcript/Performance%20Food%20Group%20Company_2019-02-06_transcript.pdf/Performance%20Food%20Group%20Company_2019-02-06_transcript.pdf",
        "periodicity": "periodic"
    },
    {
        "equity_ticker": "PFGC",
        "geography": "US",
        "content_name": "PFGC Q1 2019 Transcript",
        "file_type": "pdf",
        "content_type": "earnings_transcript",
        "published_date": "2018-11-11",
        "fiscal_date": "2018-11-11",
        "fiscal_year": 2019,
        "fiscal_quarter": 1,
        "r2_url": "https://pub-2c783279b61043e19fbdadd1bee5153a.r2.dev/PFGC/2018-11-11/Performance%20Food%20Group%20Company_2018-11-11_transcript/Performance%20Food%20Group%20Company_2018-11-11_transcript.pdf/Performance%20Food%20Group%20Company_2018-11-11_transcript.pdf",
        "periodicity": "periodic"
    },
    {
        "equity_ticker": "PFGC",
        "geography": "US",
        "content_name": "PFGC Q4 2018 Transcript",
        "file_type": "pdf",
        "content_type": "earnings_transcript",
        "published_date": "2018-08-16",
        "fiscal_date": "2018-08-16",
        "fiscal_year": 2018,
        "fiscal_quarter": 4,
        "r2_url": "https://pub-2c783279b61043e19fbdadd1bee5153a.r2.dev/PFGC/2018-08-16/Performance%20Food%20Group%20Company_2018-08-16_transcript/Performance%20Food%20Group%20Company_2018-08-16_transcript.pdf/Performance%20Food%20Group%20Company_2018-08-16_transcript.pdf",
        "periodicity": "periodic"
    },
    {
        "equity_ticker": "PFGC",
        "geography": "US",
        "content_name": "PFGC Q3 2018 Transcript",
        "file_type": "pdf",
        "content_type": "earnings_transcript",
        "published_date": "2018-05-11",
        "fiscal_date": "2018-05-11",
        "fiscal_year": 2018,
        "fiscal_quarter": 3,
        "r2_url": "https://pub-2c783279b61043e19fbdadd1bee5153a.r2.dev/PFGC/2018-05-11/Performance%20Food%20Group%20Company_2018-05-11_transcript/Performance%20Food%20Group%20Company_2018-05-11_transcript.pdf/Performance%20Food%20Group%20Company_2018-05-11_transcript.pdf",
        "periodicity": "periodic"
    },
    {
        "equity_ticker": "PFGC",
        "geography": "US",
        "content_name": "PFGC Q2 2018 Transcript",
        "file_type": "pdf",
        "content_type": "earnings_transcript",
        "published_date": "2018-02-07",
        "fiscal_date": "2018-02-07",
        "fiscal_year": 2018,
        "fiscal_quarter": 2,
        "r2_url": "https://pub-2c783279b61043e19fbdadd1bee5153a.r2.dev/PFGC/2018-02-07/Performance%20Food%20Group%20Company_2018-02-07_transcript/Performance%20Food%20Group%20Company_2018-02-07_transcript.pdf/Performance%20Food%20Group%20Company_2018-02-07_transcript.pdf",
        "periodicity": "periodic"
    },
    {
        "equity_ticker": "PFGC",
        "geography": "US",
        "content_name": "PFGC Q1 2018 Transcript",
        "file_type": "pdf",
        "content_type": "earnings_transcript",
        "published_date": "2017-11-08",
        "fiscal_date": "2017-11-08",
        "fiscal_year": 2018,
        "fiscal_quarter": 1,
        "r2_url": "https://pub-2c783279b61043e19fbdadd1bee5153a.r2.dev/PFGC/2017-11-08/Performance%20Food%20Group%20Company_2017-11-08_transcript/Performance%20Food%20Group%20Company_2017-11-08_transcript.pdf/Performance%20Food%20Group%20Company_2017-11-08_transcript.pdf",
        "periodicity": "periodic"
    },
    {
        "equity_ticker": "PFGC",
        "geography": "US",
        "content_name": "PFGC Q4 2017 Transcript",
        "file_type": "pdf",
        "content_type": "earnings_transcript",
        "published_date": "2017-08-25",
        "fiscal_date": "2017-08-25",
        "fiscal_year": 2017,
        "fiscal_quarter": 4,
        "r2_url": "https://pub-2c783279b61043e19fbdadd1bee5153a.r2.dev/PFGC/2017-08-25/Performance%20Food%20Group%20Company_2017-08-25_transcript/Performance%20Food%20Group%20Company_2017-08-25_transcript.pdf/Performance%20Food%20Group%20Company_2017-08-25_transcript.pdf",
        "periodicity": "periodic"
    },
    {
        "equity_ticker": "PFGC",
        "geography": "US",
        "content_name": "PFGC Q3 2017 Transcript",
        "file_type": "pdf",
        "content_type": "earnings_transcript",
        "published_date": "2017-05-10",
        "fiscal_date": "2017-05-10",
        "fiscal_year": 2017,
        "fiscal_quarter": 3,
        "r2_url": "https://pub-2c783279b61043e19fbdadd1bee5153a.r2.dev/PFGC/2017-05-10/Performance%20Food%20Group%20Company_2017-05-10_transcript/Performance%20Food%20Group%20Company_2017-05-10_transcript.pdf/Performance%20Food%20Group%20Company_2017-05-10_transcript.pdf",
        "periodicity": "periodic"
    },
    {
        "equity_ticker": "PFGC",
        "geography": "US",
        "content_name": "PFGC Q2 2017 Transcript",
        "file_type": "pdf",
        "content_type": "earnings_transcript",
        "published_date": "2017-02-08",
        "fiscal_date": "2017-02-08",
        "fiscal_year": 2017,
        "fiscal_quarter": 2,
        "r2_url": "https://pub-2c783279b61043e19fbdadd1bee5153a.r2.dev/PFGC/2017-02-08/Performance%20Food%20Group%20Company_2017-02-08_transcript/Performance%20Food%20Group%20Company_2017-02-08_transcript.pdf/Performance%20Food%20Group%20Company_2017-02-08_transcript.pdf",
        "periodicity": "periodic"
    },
    {
        "equity_ticker": "PFGC",
        "geography": "US",
        "content_name": "PFGC Q1 2017 Transcript",
        "file_type": "pdf",
        "content_type": "earnings_transcript",
        "published_date": "2016-11-08",
        "fiscal_date": "2016-11-08",
        "fiscal_year": 2017,
        "fiscal_quarter": 1,
        "r2_url": "https://pub-2c783279b61043e19fbdadd1bee5153a.r2.dev/PFGC/2016-11-08/Performance%20Food%20Group%20Company_2016-11-08_transcript/Performance%20Food%20Group%20Company_2016-11-08_transcript.pdf/Performance%20Food%20Group%20Company_2016-11-08_transcript.pdf",
        "periodicity": "periodic"
    },
    {
        "equity_ticker": "PFGC",
        "geography": "US",
        "content_name": "PFGC Q4 2016 Transcript",
        "file_type": "pdf",
        "content_type": "earnings_transcript",
        "published_date": "2016-08-30",
        "fiscal_date": "2016-08-30",
        "fiscal_year": 2016,
        "fiscal_quarter": 4,
        "r2_url": "https://pub-2c783279b61043e19fbdadd1bee5153a.r2.dev/PFGC/2016-08-30/Performance%20Food%20Group%20Company_2016-08-30_transcript/Performance%20Food%20Group%20Company_2016-08-30_transcript.pdf/Performance%20Food%20Group%20Company_2016-08-30_transcript.pdf",
        "periodicity": "periodic"
    },
    {
        "equity_ticker": "PFGC",
        "geography": "US",
        "content_name": "PFGC Q3 2016 Transcript",
        "file_type": "pdf",
        "content_type": "earnings_transcript",
        "published_date": "2016-05-04",
        "fiscal_date": "2016-05-04",
        "fiscal_year": 2016,
        "fiscal_quarter": 3,
        "r2_url": "https://pub-2c783279b61043e19fbdadd1bee5153a.r2.dev/PFGC/2016-05-04/Performance%20Food%20Group%20Company_2016-05-04_transcript/Performance%20Food%20Group%20Company_2016-05-04_transcript.pdf/Performance%20Food%20Group%20Company_2016-05-04_transcript.pdf",
        "periodicity": "periodic"
    },
    {
        "equity_ticker": "PFGC",
        "geography": "US",
        "content_name": "PFGC Q2 2016 Transcript",
        "file_type": "pdf",
        "content_type": "earnings_transcript",
        "published_date": "2016-02-03",
        "fiscal_date": "2016-02-03",
        "fiscal_year": 2016,
        "fiscal_quarter": 2,
        "r2_url": "https://pub-2c783279b61043e19fbdadd1bee5153a.r2.dev/PFGC/2016-02-03/Performance%20Food%20Group%20Company_2016-02-03_transcript/Performance%20Food%20Group%20Company_2016-02-03_transcript.pdf/Performance%20Food%20Group%20Company_2016-02-03_transcript.pdf",
        "periodicity": "periodic"
    },
    {
        "equity_ticker": "PFGC",
        "geography": "US",
        "content_name": "PFGC Q2 2015 Transcript",
        "file_type": "pdf",
        "content_type": "earnings_transcript",
        "published_date": "2015-08-06",
        "fiscal_date": "2015-08-06",
        "fiscal_year": 2015,
        "fiscal_quarter": 2,
        "r2_url": "https://pub-2c783279b61043e19fbdadd1bee5153a.r2.dev/PFGC/2015-08-06/Performance%20Food%20Group%20Company_2015-08-06_transcript/Performance%20Food%20Group%20Company_2015-08-06_transcript.pdf/Performance%20Food%20Group%20Company_2015-08-06_transcript.pdf",
        "periodicity": "periodic"
    },
    {
        "equity_ticker": "PFGC",
        "geography": "US",
        "content_name": "PFGC Q1 2015 Transcript",
        "file_type": "pdf",
        "content_type": "earnings_transcript",
        "published_date": "2015-05-09",
        "fiscal_date": "2015-05-09",
        "fiscal_year": 2015,
        "fiscal_quarter": 1,
        "r2_url": "https://pub-2c783279b61043e19fbdadd1bee5153a.r2.dev/PFGC/2015-05-09/Performance%20Food%20Group%20Company_2015-05-09_transcript/Performance%20Food%20Group%20Company_2015-05-09_transcript.pdf/Performance%20Food%20Group%20Company_2015-05-09_transcript.pdf",
        "periodicity": "periodic"
    },
    {
        "equity_ticker": "PFGC",
        "geography": "US",
        "content_name": "PFGC Q4 2014 Transcript",
        "file_type": "pdf",
        "content_type": "earnings_transcript",
        "published_date": "2015-03-02",
        "fiscal_date": "2015-03-02",
        "fiscal_year": 2014,
        "fiscal_quarter": 4,
        "r2_url": "https://pub-2c783279b61043e19fbdadd1bee5153a.r2.dev/PFGC/2015-03-02/Performance%20Food%20Group%20Company_2015-03-02_transcript/Performance%20Food%20Group%20Company_2015-03-02_transcript.pdf/Performance%20Food%20Group%20Company_2015-03-02_transcript.pdf",
        "periodicity": "periodic"
    },
    {
        "equity_ticker": "PFGC",
        "geography": "US",
        "content_name": "PFGC Q3 2014 Transcript",
        "file_type": "pdf",
        "content_type": "earnings_transcript",
        "published_date": "2014-11-06",
        "fiscal_date": "2014-11-06",
        "fiscal_year": 2014,
        "fiscal_quarter": 3,
        "r2_url": "https://pub-2c783279b61043e19fbdadd1bee5153a.r2.dev/PFGC/2014-11-06/Performance%20Food%20Group%20Company_2014-11-06_transcript/Performance%20Food%20Group%20Company_2014-11-06_transcript.pdf/Performance%20Food%20Group%20Company_2014-11-06_transcript.pdf",
        "periodicity": "periodic"
    },
    {
        "equity_ticker": "PFGC",
        "geography": "US",
        "content_name": "PFGC Q2 2014 Transcript",
        "file_type": "pdf",
        "content_type": "earnings_transcript",
        "published_date": "2014-08-07",
        "fiscal_date": "2014-08-07",
        "fiscal_year": 2014,
        "fiscal_quarter": 2,
        "r2_url": "https://pub-2c783279b61043e19fbdadd1bee5153a.r2.dev/PFGC/2014-08-07/Performance%20Food%20Group%20Company_2014-08-07_transcript/Performance%20Food%20Group%20Company_2014-08-07_transcript.pdf/Performance%20Food%20Group%20Company_2014-08-07_transcript.pdf",
        "periodicity": "periodic"
    },
    {
        "equity_ticker": "PFGC",
        "geography": "US",
        "content_name": "PFGC Q4 2013 Transcript",
        "file_type": "pdf",
        "content_type": "earnings_transcript",
        "published_date": "2014-03-03",
        "fiscal_date": "2014-03-03",
        "fiscal_year": 2013,
        "fiscal_quarter": 4,
        "r2_url": "https://pub-2c783279b61043e19fbdadd1bee5153a.r2.dev/PFGC/2014-03-03/Performance%20Food%20Group%20Company_2014-03-03_transcript/Performance%20Food%20Group%20Company_2014-03-03_transcript.pdf/Performance%20Food%20Group%20Company_2014-03-03_transcript.pdf",
        "periodicity": "periodic"
    },
    {
        "equity_ticker": "PFGC",
        "geography": "US",
        "content_name": "PFGC Q3 2013 Transcript",
        "file_type": "pdf",
        "content_type": "earnings_transcript",
        "published_date": "2013-11-12",
        "fiscal_date": "2013-11-12",
        "fiscal_year": 2013,
        "fiscal_quarter": 3,
        "r2_url": "https://pub-2c783279b61043e19fbdadd1bee5153a.r2.dev/PFGC/2013-11-12/Performance%20Food%20Group%20Company_2013-11-12_transcript/Performance%20Food%20Group%20Company_2013-11-12_transcript.pdf/Performance%20Food%20Group%20Company_2013-11-12_transcript.pdf",
        "periodicity": "periodic"
    },
    {
        "equity_ticker": "PFGC",
        "geography": "US",
        "content_name": "PFGC Q2 2013 Transcript",
        "file_type": "pdf",
        "content_type": "earnings_transcript",
        "published_date": "2013-08-07",
        "fiscal_date": "2013-08-07",
        "fiscal_year": 2013,
        "fiscal_quarter": 2,
        "r2_url": "https://pub-2c783279b61043e19fbdadd1bee5153a.r2.dev/PFGC/2013-08-07/Performance%20Food%20Group%20Company_2013-08-07_transcript/Performance%20Food%20Group%20Company_2013-08-07_transcript.pdf/Performance%20Food%20Group%20Company_2013-08-07_transcript.pdf",
        "periodicity": "periodic"
    },
    {
        "equity_ticker": "PFGC",
        "geography": "US",
        "content_name": "PFGC Q1 2013 Transcript",
        "file_type": "pdf",
        "content_type": "earnings_transcript",
        "published_date": "2013-05-07",
        "fiscal_date": "2013-05-07",
        "fiscal_year": 2013,
        "fiscal_quarter": 1,
        "r2_url": "https://pub-2c783279b61043e19fbdadd1bee5153a.r2.dev/PFGC/2013-05-07/Performance%20Food%20Group%20Company_2013-05-07_transcript/Performance%20Food%20Group%20Company_2013-05-07_transcript.pdf/Performance%20Food%20Group%20Company_2013-05-07_transcript.pdf",
        "periodicity": "periodic"
    },
    {
        "equity_ticker": "PFGC",
        "geography": "US",
        "content_name": "PFGC Q4 2012 Transcript",
        "file_type": "pdf",
        "content_type": "earnings_transcript",
        "published_date": "2013-03-14",
        "fiscal_date": "2013-03-14",
        "fiscal_year": 2012,
        "fiscal_quarter": 4,
        "r2_url": "https://pub-2c783279b61043e19fbdadd1bee5153a.r2.dev/PFGC/2013-03-14/Performance%20Food%20Group%20Company_2013-03-14_transcript/Performance%20Food%20Group%20Company_2013-03-14_transcript.pdf/Performance%20Food%20Group%20Company_2013-03-14_transcript.pdf",
        "periodicity": "periodic"
    },
    {
        "equity_ticker": "PFGC",
        "geography": "US",
        "content_name": "PFGC Q4 2008 Transcript",
        "file_type": "pdf",
        "content_type": "earnings_transcript",
        "published_date": "2009-03-16",
        "fiscal_date": "2009-03-16",
        "fiscal_year": 2008,
        "fiscal_quarter": 4,
        "r2_url": "https://pub-2c783279b61043e19fbdadd1bee5153a.r2.dev/PFGC/2009-03-16/Performance%20Food%20Group%20Company_2009-03-16_transcript/Performance%20Food%20Group%20Company_2009-03-16_transcript.pdf/Performance%20Food%20Group%20Company_2009-03-16_transcript.pdf",
        "periodicity": "periodic"
    },
    {
        "equity_ticker": "PFGC",
        "geography": "US",
        "content_name": "PFGC Q3 2008 Transcript",
        "file_type": "pdf",
        "content_type": "earnings_transcript",
        "published_date": "2008-11-11",
        "fiscal_date": "2008-11-11",
        "fiscal_year": 2008,
        "fiscal_quarter": 3,
        "r2_url": "https://pub-2c783279b61043e19fbdadd1bee5153a.r2.dev/PFGC/2008-11-11/Performance%20Food%20Group%20Company_2008-11-11_transcript/Performance%20Food%20Group%20Company_2008-11-11_transcript.pdf/Performance%20Food%20Group%20Company_2008-11-11_transcript.pdf",
        "periodicity": "periodic"
    },
    {
        "equity_ticker": "PFGC",
        "geography": "US",
        "content_name": "PFGC Q1 2008 Transcript",
        "file_type": "pdf",
        "content_type": "earnings_transcript",
        "published_date": "2008-05-26",
        "fiscal_date": "2008-05-26",
        "fiscal_year": 2008,
        "fiscal_quarter": 1,
        "r2_url": "https://pub-2c783279b61043e19fbdadd1bee5153a.r2.dev/PFGC/2008-05-26/Performance%20Food%20Group%20Company_2008-05-26_transcript/Performance%20Food%20Group%20Company_2008-05-26_transcript.pdf/Performance%20Food%20Group%20Company_2008-05-26_transcript.pdf",
        "periodicity": "periodic"
    },
    {
        "equity_ticker": "PFGC",
        "geography": "US",
        "content_name": "PFGC Q4 2007 Transcript",
        "file_type": "pdf",
        "content_type": "earnings_transcript",
        "published_date": "2008-02-27",
        "fiscal_date": "2008-02-27",
        "fiscal_year": 2007,
        "fiscal_quarter": 4,
        "r2_url": "https://pub-2c783279b61043e19fbdadd1bee5153a.r2.dev/PFGC/2008-02-27/Performance%20Food%20Group%20Company_2008-02-27_transcript/Performance%20Food%20Group%20Company_2008-02-27_transcript.pdf/Performance%20Food%20Group%20Company_2008-02-27_transcript.pdf",
        "periodicity": "periodic"
    },
    {
        "equity_ticker": "PFGC",
        "geography": "US",
        "content_name": "PFGC Q3 2007 Transcript",
        "file_type": "pdf",
        "content_type": "earnings_transcript",
        "published_date": "2007-11-13",
        "fiscal_date": "2007-11-13",
        "fiscal_year": 2007,
        "fiscal_quarter": 3,
        "r2_url": "https://pub-2c783279b61043e19fbdadd1bee5153a.r2.dev/PFGC/2007-11-13/Performance%20Food%20Group%20Company_2007-11-13_transcript/Performance%20Food%20Group%20Company_2007-11-13_transcript.pdf/Performance%20Food%20Group%20Company_2007-11-13_transcript.pdf",
        "periodicity": "periodic"
    }
]