[
    {
        "equity_ticker": "POST",
        "geography": "US",
        "content_name": "POST Q1 2025 10-Q",
        "file_type": "pdf",
        "content_type": "quarterly_report",
        "published_date": "2025-02-07",
        "fiscal_date": "2024-12-31",
        "fiscal_year": 2025,
        "fiscal_quarter": 1,
        "r2_url": "https://pub-2c783279b61043e19fbdadd1bee5153a.r2.dev/POST/2025-02-07/post-20241231.htm/post-20241231.pdf",
        "periodicity": "periodic"
    },
    {
        "equity_ticker": "POST",
        "geography": "US",
        "content_name": "POST Q4 2024 10-K",
        "file_type": "pdf",
        "content_type": "annual_report",
        "published_date": "2024-11-15",
        "fiscal_date": "2024-09-30",
        "fiscal_year": 2024,
        "fiscal_quarter": 4,
        "r2_url": "https://pub-2c783279b61043e19fbdadd1bee5153a.r2.dev/POST/2024-11-15/post-20240930.htm/post-20240930.pdf",
        "periodicity": "periodic"
    },
    {
        "equity_ticker": "POST",
        "geography": "US",
        "content_name": "POST Q3 2024 10-Q",
        "file_type": "pdf",
        "content_type": "quarterly_report",
        "published_date": "2024-08-02",
        "fiscal_date": "2024-06-30",
        "fiscal_year": 2024,
        "fiscal_quarter": 3,
        "r2_url": "https://pub-2c783279b61043e19fbdadd1bee5153a.r2.dev/POST/2024-08-02/post-20240630.htm/post-20240630.pdf",
        "periodicity": "periodic"
    },
    {
        "equity_ticker": "POST",
        "geography": "US",
        "content_name": "POST Q2 2024 10-Q",
        "file_type": "pdf",
        "content_type": "quarterly_report",
        "published_date": "2024-05-03",
        "fiscal_date": "2024-03-31",
        "fiscal_year": 2024,
        "fiscal_quarter": 2,
        "r2_url": "https://pub-2c783279b61043e19fbdadd1bee5153a.r2.dev/POST/2024-05-03/post-20240331.htm/post-20240331.pdf",
        "periodicity": "periodic"
    },
    {
        "equity_ticker": "POST",
        "geography": "US",
        "content_name": "POST Q1 2024 10-Q",
        "file_type": "pdf",
        "content_type": "quarterly_report",
        "published_date": "2024-02-02",
        "fiscal_date": "2023-12-31",
        "fiscal_year": 2024,
        "fiscal_quarter": 1,
        "r2_url": "https://pub-2c783279b61043e19fbdadd1bee5153a.r2.dev/POST/2024-02-02/post-20231231.htm/post-20231231.pdf",
        "periodicity": "periodic"
    },
    {
        "equity_ticker": "POST",
        "geography": "US",
        "content_name": "POST Q4 2023 10-K",
        "file_type": "pdf",
        "content_type": "annual_report",
        "published_date": "2023-11-17",
        "fiscal_date": "2023-09-30",
        "fiscal_year": 2023,
        "fiscal_quarter": 4,
        "r2_url": "https://pub-2c783279b61043e19fbdadd1bee5153a.r2.dev/POST/2023-11-17/post-20230930.htm/post-20230930.pdf",
        "periodicity": "periodic"
    },
    {
        "equity_ticker": "POST",
        "geography": "US",
        "content_name": "POST Q3 2023 10-Q",
        "file_type": "pdf",
        "content_type": "quarterly_report",
        "published_date": "2023-08-04",
        "fiscal_date": "2023-06-30",
        "fiscal_year": 2023,
        "fiscal_quarter": 3,
        "r2_url": "https://pub-2c783279b61043e19fbdadd1bee5153a.r2.dev/POST/2023-08-04/post-20230630.htm/post-20230630.pdf",
        "periodicity": "periodic"
    },
    {
        "equity_ticker": "POST",
        "geography": "US",
        "content_name": "POST Q2 2023 10-Q",
        "file_type": "pdf",
        "content_type": "quarterly_report",
        "published_date": "2023-05-05",
        "fiscal_date": "2023-03-31",
        "fiscal_year": 2023,
        "fiscal_quarter": 2,
        "r2_url": "https://pub-2c783279b61043e19fbdadd1bee5153a.r2.dev/POST/2023-05-05/post-20230331.htm/post-20230331.pdf",
        "periodicity": "periodic"
    },
    {
        "equity_ticker": "POST",
        "geography": "US",
        "content_name": "POST Q1 2023 10-Q",
        "file_type": "pdf",
        "content_type": "quarterly_report",
        "published_date": "2023-02-03",
        "fiscal_date": "2022-12-31",
        "fiscal_year": 2023,
        "fiscal_quarter": 1,
        "r2_url": "https://pub-2c783279b61043e19fbdadd1bee5153a.r2.dev/POST/2023-02-03/post-20221231.htm/post-20221231.pdf",
        "periodicity": "periodic"
    },
    {
        "equity_ticker": "POST",
        "geography": "US",
        "content_name": "POST Q4 2022 10-K",
        "file_type": "pdf",
        "content_type": "annual_report",
        "published_date": "2022-11-17",
        "fiscal_date": "2022-09-30",
        "fiscal_year": 2022,
        "fiscal_quarter": 4,
        "r2_url": "https://pub-2c783279b61043e19fbdadd1bee5153a.r2.dev/POST/2022-11-17/post-20220930.htm/post-20220930.pdf",
        "periodicity": "periodic"
    },
    {
        "equity_ticker": "POST",
        "geography": "US",
        "content_name": "POST Q3 2022 10-Q",
        "file_type": "pdf",
        "content_type": "quarterly_report",
        "published_date": "2022-08-05",
        "fiscal_date": "2022-06-30",
        "fiscal_year": 2022,
        "fiscal_quarter": 3,
        "r2_url": "https://pub-2c783279b61043e19fbdadd1bee5153a.r2.dev/POST/2022-08-05/post-20220630.htm/post-20220630.pdf",
        "periodicity": "periodic"
    },
    {
        "equity_ticker": "POST",
        "geography": "US",
        "content_name": "POST Q2 2022 10-Q",
        "file_type": "pdf",
        "content_type": "quarterly_report",
        "published_date": "2022-05-06",
        "fiscal_date": "2022-03-31",
        "fiscal_year": 2022,
        "fiscal_quarter": 2,
        "r2_url": "https://pub-2c783279b61043e19fbdadd1bee5153a.r2.dev/POST/2022-05-06/post-20220331.htm/post-20220331.pdf",
        "periodicity": "periodic"
    },
    {
        "equity_ticker": "POST",
        "geography": "US",
        "content_name": "POST Q1 2022 10-Q",
        "file_type": "pdf",
        "content_type": "quarterly_report",
        "published_date": "2022-02-04",
        "fiscal_date": "2021-12-31",
        "fiscal_year": 2022,
        "fiscal_quarter": 1,
        "r2_url": "https://pub-2c783279b61043e19fbdadd1bee5153a.r2.dev/POST/2022-02-04/post-20211231.htm/post-20211231.pdf",
        "periodicity": "periodic"
    },
    {
        "equity_ticker": "POST",
        "geography": "US",
        "content_name": "POST Q4 2021 10-K",
        "file_type": "pdf",
        "content_type": "annual_report",
        "published_date": "2021-11-19",
        "fiscal_date": "2021-09-30",
        "fiscal_year": 2021,
        "fiscal_quarter": 4,
        "r2_url": "https://pub-2c783279b61043e19fbdadd1bee5153a.r2.dev/POST/2021-11-19/post-20210930.htm/post-20210930.pdf",
        "periodicity": "periodic"
    },
    {
        "equity_ticker": "POST",
        "geography": "US",
        "content_name": "POST Q3 2021 10-Q",
        "file_type": "pdf",
        "content_type": "quarterly_report",
        "published_date": "2021-08-06",
        "fiscal_date": "2021-06-30",
        "fiscal_year": 2021,
        "fiscal_quarter": 3,
        "r2_url": "https://pub-2c783279b61043e19fbdadd1bee5153a.r2.dev/POST/2021-08-06/post-20210630.htm/post-20210630.pdf",
        "periodicity": "periodic"
    },
    {
        "equity_ticker": "POST",
        "geography": "US",
        "content_name": "POST Q2 2021 10-Q",
        "file_type": "pdf",
        "content_type": "quarterly_report",
        "published_date": "2021-05-07",
        "fiscal_date": "2021-03-31",
        "fiscal_year": 2021,
        "fiscal_quarter": 2,
        "r2_url": "https://pub-2c783279b61043e19fbdadd1bee5153a.r2.dev/POST/2021-05-07/post-20210331.htm/post-20210331.pdf",
        "periodicity": "periodic"
    },
    {
        "equity_ticker": "POST",
        "geography": "US",
        "content_name": "POST Q1 2021 10-Q",
        "file_type": "pdf",
        "content_type": "quarterly_report",
        "published_date": "2021-02-05",
        "fiscal_date": "2020-12-31",
        "fiscal_year": 2021,
        "fiscal_quarter": 1,
        "r2_url": "https://pub-2c783279b61043e19fbdadd1bee5153a.r2.dev/POST/2021-02-05/post-20201231.htm/post-20201231.pdf",
        "periodicity": "periodic"
    },
    {
        "equity_ticker": "POST",
        "geography": "US",
        "content_name": "POST Q4 2020 10-K",
        "file_type": "pdf",
        "content_type": "annual_report",
        "published_date": "2020-11-20",
        "fiscal_date": "2020-09-30",
        "fiscal_year": 2020,
        "fiscal_quarter": 4,
        "r2_url": "https://pub-2c783279b61043e19fbdadd1bee5153a.r2.dev/POST/2020-11-20/post-20200930.htm/post-20200930.pdf",
        "periodicity": "periodic"
    },
    {
        "equity_ticker": "POST",
        "geography": "US",
        "content_name": "POST Q3 2020 10-Q",
        "file_type": "pdf",
        "content_type": "quarterly_report",
        "published_date": "2020-08-07",
        "fiscal_date": "2020-06-30",
        "fiscal_year": 2020,
        "fiscal_quarter": 3,
        "r2_url": "https://pub-2c783279b61043e19fbdadd1bee5153a.r2.dev/POST/2020-08-07/post-20200630.htm/ix.pdf",
        "periodicity": "periodic"
    },
    {
        "equity_ticker": "POST",
        "geography": "US",
        "content_name": "POST Q2 2020 10-Q",
        "file_type": "pdf",
        "content_type": "quarterly_report",
        "published_date": "2020-05-08",
        "fiscal_date": "2020-03-31",
        "fiscal_year": 2020,
        "fiscal_quarter": 2,
        "r2_url": "https://pub-2c783279b61043e19fbdadd1bee5153a.r2.dev/POST/2020-05-08/post-33120x10xq.htm/ix.pdf",
        "periodicity": "periodic"
    },
    {
        "equity_ticker": "POST",
        "geography": "US",
        "content_name": "POST Q1 2020 10-Q",
        "file_type": "pdf",
        "content_type": "quarterly_report",
        "published_date": "2020-02-07",
        "fiscal_date": "2019-12-31",
        "fiscal_year": 2020,
        "fiscal_quarter": 1,
        "r2_url": "https://pub-2c783279b61043e19fbdadd1bee5153a.r2.dev/POST/2020-02-07/post-123119x10xq.htm/ix.pdf",
        "periodicity": "periodic"
    },
    {
        "equity_ticker": "POST",
        "geography": "US",
        "content_name": "POST Q4 2019 10-K",
        "file_type": "pdf",
        "content_type": "annual_report",
        "published_date": "2019-11-22",
        "fiscal_date": "2019-09-30",
        "fiscal_year": 2019,
        "fiscal_quarter": 4,
        "r2_url": "https://pub-2c783279b61043e19fbdadd1bee5153a.r2.dev/POST/2019-11-22/postfy201910-k.htm/ix.pdf",
        "periodicity": "periodic"
    },
    {
        "equity_ticker": "POST",
        "geography": "US",
        "content_name": "POST Q3 2019 10-Q",
        "file_type": "pdf",
        "content_type": "quarterly_report",
        "published_date": "2019-08-02",
        "fiscal_date": "2019-06-30",
        "fiscal_year": 2019,
        "fiscal_quarter": 3,
        "r2_url": "https://pub-2c783279b61043e19fbdadd1bee5153a.r2.dev/POST/2019-08-02/post-63019x10xq.htm/ix.pdf",
        "periodicity": "periodic"
    },
    {
        "equity_ticker": "POST",
        "geography": "US",
        "content_name": "POST Q2 2019 10-Q",
        "file_type": "pdf",
        "content_type": "quarterly_report",
        "published_date": "2019-05-03",
        "fiscal_date": "2019-03-31",
        "fiscal_year": 2019,
        "fiscal_quarter": 2,
        "r2_url": "https://pub-2c783279b61043e19fbdadd1bee5153a.r2.dev/POST/2019-05-03/post-33119x10xq.htm/post-33119x10xq.pdf",
        "periodicity": "periodic"
    },
    {
        "equity_ticker": "POST",
        "geography": "US",
        "content_name": "POST Q1 2019 10-Q",
        "file_type": "pdf",
        "content_type": "quarterly_report",
        "published_date": "2019-02-01",
        "fiscal_date": "2018-12-31",
        "fiscal_year": 2019,
        "fiscal_quarter": 1,
        "r2_url": "https://pub-2c783279b61043e19fbdadd1bee5153a.r2.dev/POST/2019-02-01/post-123118x10xq.htm/post-123118x10xq.pdf",
        "periodicity": "periodic"
    },
    {
        "equity_ticker": "POST",
        "geography": "US",
        "content_name": "POST Q4 2018 10-K",
        "file_type": "pdf",
        "content_type": "annual_report",
        "published_date": "2018-11-16",
        "fiscal_date": "2018-09-30",
        "fiscal_year": 2018,
        "fiscal_quarter": 4,
        "r2_url": "https://pub-2c783279b61043e19fbdadd1bee5153a.r2.dev/POST/2018-11-16/postfy201810-k.htm/postfy201810-k.pdf",
        "periodicity": "periodic"
    },
    {
        "equity_ticker": "POST",
        "geography": "US",
        "content_name": "POST Q3 2018 10-Q",
        "file_type": "pdf",
        "content_type": "quarterly_report",
        "published_date": "2018-08-03",
        "fiscal_date": "2018-06-30",
        "fiscal_year": 2018,
        "fiscal_quarter": 3,
        "r2_url": "https://pub-2c783279b61043e19fbdadd1bee5153a.r2.dev/POST/2018-08-03/post-63018x10xq.htm/post-63018x10xq.pdf",
        "periodicity": "periodic"
    },
    {
        "equity_ticker": "POST",
        "geography": "US",
        "content_name": "POST Q2 2018 10-Q",
        "file_type": "pdf",
        "content_type": "quarterly_report",
        "published_date": "2018-05-04",
        "fiscal_date": "2018-03-31",
        "fiscal_year": 2018,
        "fiscal_quarter": 2,
        "r2_url": "https://pub-2c783279b61043e19fbdadd1bee5153a.r2.dev/POST/2018-05-04/post-33118x10xq.htm/post-33118x10xq.pdf",
        "periodicity": "periodic"
    },
    {
        "equity_ticker": "POST",
        "geography": "US",
        "content_name": "POST Q1 2018 10-Q",
        "file_type": "pdf",
        "content_type": "quarterly_report",
        "published_date": "2018-02-02",
        "fiscal_date": "2017-12-31",
        "fiscal_year": 2018,
        "fiscal_quarter": 1,
        "r2_url": "https://pub-2c783279b61043e19fbdadd1bee5153a.r2.dev/POST/2018-02-02/post-123117x10xq.htm/post-123117x10xq.pdf",
        "periodicity": "periodic"
    },
    {
        "equity_ticker": "POST",
        "geography": "US",
        "content_name": "POST Q4 2017 10-K",
        "file_type": "pdf",
        "content_type": "annual_report",
        "published_date": "2017-11-17",
        "fiscal_date": "2017-09-30",
        "fiscal_year": 2017,
        "fiscal_quarter": 4,
        "r2_url": "https://pub-2c783279b61043e19fbdadd1bee5153a.r2.dev/POST/2017-11-17/postfy201710-k.htm/postfy201710-k.pdf",
        "periodicity": "periodic"
    },
    {
        "equity_ticker": "POST",
        "geography": "US",
        "content_name": "POST Q3 2017 10-Q",
        "file_type": "pdf",
        "content_type": "quarterly_report",
        "published_date": "2017-08-04",
        "fiscal_date": "2017-06-30",
        "fiscal_year": 2017,
        "fiscal_quarter": 3,
        "r2_url": "https://pub-2c783279b61043e19fbdadd1bee5153a.r2.dev/POST/2017-08-04/post-63017x10xq.htm/post-63017x10xq.pdf",
        "periodicity": "periodic"
    },
    {
        "equity_ticker": "POST",
        "geography": "US",
        "content_name": "POST Q2 2017 10-Q",
        "file_type": "pdf",
        "content_type": "quarterly_report",
        "published_date": "2017-05-09",
        "fiscal_date": "2017-03-31",
        "fiscal_year": 2017,
        "fiscal_quarter": 2,
        "r2_url": "https://pub-2c783279b61043e19fbdadd1bee5153a.r2.dev/POST/2017-05-09/post-33117x10xq.htm/post-33117x10xq.pdf",
        "periodicity": "periodic"
    },
    {
        "equity_ticker": "POST",
        "geography": "US",
        "content_name": "POST Q1 2017 10-Q",
        "file_type": "pdf",
        "content_type": "quarterly_report",
        "published_date": "2017-02-03",
        "fiscal_date": "2016-12-31",
        "fiscal_year": 2017,
        "fiscal_quarter": 1,
        "r2_url": "https://pub-2c783279b61043e19fbdadd1bee5153a.r2.dev/POST/2017-02-03/post-123116x10xq.htm/post-123116x10xq.pdf",
        "periodicity": "periodic"
    },
    {
        "equity_ticker": "POST",
        "geography": "US",
        "content_name": "POST Q4 2016 10-K",
        "file_type": "pdf",
        "content_type": "annual_report",
        "published_date": "2016-11-18",
        "fiscal_date": "2016-09-30",
        "fiscal_year": 2016,
        "fiscal_quarter": 4,
        "r2_url": "https://pub-2c783279b61043e19fbdadd1bee5153a.r2.dev/POST/2016-11-18/postfy201610-k.htm/postfy201610-k.pdf",
        "periodicity": "periodic"
    },
    {
        "equity_ticker": "POST",
        "geography": "US",
        "content_name": "POST Q3 2016 10-Q",
        "file_type": "pdf",
        "content_type": "quarterly_report",
        "published_date": "2016-08-05",
        "fiscal_date": "2016-06-30",
        "fiscal_year": 2016,
        "fiscal_quarter": 3,
        "r2_url": "https://pub-2c783279b61043e19fbdadd1bee5153a.r2.dev/POST/2016-08-05/post-63016x10xq.htm/post-63016x10xq.pdf",
        "periodicity": "periodic"
    },
    {
        "equity_ticker": "POST",
        "geography": "US",
        "content_name": "POST Q2 2016 10-Q",
        "file_type": "pdf",
        "content_type": "quarterly_report",
        "published_date": "2016-05-06",
        "fiscal_date": "2016-03-31",
        "fiscal_year": 2016,
        "fiscal_quarter": 2,
        "r2_url": "https://pub-2c783279b61043e19fbdadd1bee5153a.r2.dev/POST/2016-05-06/post-33116x10xq.htm/post-33116x10xq.pdf",
        "periodicity": "periodic"
    },
    {
        "equity_ticker": "POST",
        "geography": "US",
        "content_name": "POST Q1 2016 10-Q",
        "file_type": "pdf",
        "content_type": "quarterly_report",
        "published_date": "2016-02-05",
        "fiscal_date": "2015-12-31",
        "fiscal_year": 2016,
        "fiscal_quarter": 1,
        "r2_url": "https://pub-2c783279b61043e19fbdadd1bee5153a.r2.dev/POST/2016-02-05/post-123115x10xq.htm/post-123115x10xq.pdf",
        "periodicity": "periodic"
    },
    {
        "equity_ticker": "POST",
        "geography": "US",
        "content_name": "POST Q4 2015 10-K",
        "file_type": "pdf",
        "content_type": "annual_report",
        "published_date": "2015-11-25",
        "fiscal_date": "2015-09-30",
        "fiscal_year": 2015,
        "fiscal_quarter": 4,
        "r2_url": "https://pub-2c783279b61043e19fbdadd1bee5153a.r2.dev/POST/2015-11-25/postfy201510-k.htm/postfy201510-k.pdf",
        "periodicity": "periodic"
    },
    {
        "equity_ticker": "POST",
        "geography": "US",
        "content_name": "POST Q3 2015 10-Q",
        "file_type": "pdf",
        "content_type": "quarterly_report",
        "published_date": "2015-08-07",
        "fiscal_date": "2015-06-30",
        "fiscal_year": 2015,
        "fiscal_quarter": 3,
        "r2_url": "https://pub-2c783279b61043e19fbdadd1bee5153a.r2.dev/POST/2015-08-07/post-63015x10xq.htm/post-63015x10xq.pdf",
        "periodicity": "periodic"
    },
    {
        "equity_ticker": "POST",
        "geography": "US",
        "content_name": "POST Q2 2015 10-Q",
        "file_type": "pdf",
        "content_type": "quarterly_report",
        "published_date": "2015-05-08",
        "fiscal_date": "2015-03-31",
        "fiscal_year": 2015,
        "fiscal_quarter": 2,
        "r2_url": "https://pub-2c783279b61043e19fbdadd1bee5153a.r2.dev/POST/2015-05-08/post-2015331x10xq.htm/post-2015331x10xq.pdf",
        "periodicity": "periodic"
    },
    {
        "equity_ticker": "POST",
        "geography": "US",
        "content_name": "POST Q1 2015 10-Q",
        "file_type": "pdf",
        "content_type": "quarterly_report",
        "published_date": "2015-02-06",
        "fiscal_date": "2014-12-31",
        "fiscal_year": 2015,
        "fiscal_quarter": 1,
        "r2_url": "https://pub-2c783279b61043e19fbdadd1bee5153a.r2.dev/POST/2015-02-06/post-20141231x10xq.htm/post-20141231x10xq.pdf",
        "periodicity": "periodic"
    },
    {
        "equity_ticker": "POST",
        "geography": "US",
        "content_name": "POST Q4 2014 10-K",
        "file_type": "pdf",
        "content_type": "annual_report",
        "published_date": "2014-11-26",
        "fiscal_date": "2014-09-30",
        "fiscal_year": 2014,
        "fiscal_quarter": 4,
        "r2_url": "https://pub-2c783279b61043e19fbdadd1bee5153a.r2.dev/POST/2014-11-26/postfy201410-k.htm/postfy201410-k.pdf",
        "periodicity": "periodic"
    },
    {
        "equity_ticker": "POST",
        "geography": "US",
        "content_name": "POST Q3 2014 10-Q",
        "file_type": "pdf",
        "content_type": "quarterly_report",
        "published_date": "2014-08-08",
        "fiscal_date": "2014-06-30",
        "fiscal_year": 2014,
        "fiscal_quarter": 3,
        "r2_url": "https://pub-2c783279b61043e19fbdadd1bee5153a.r2.dev/POST/2014-08-08/post-2014630x10xq.htm/post-2014630x10xq.pdf",
        "periodicity": "periodic"
    },
    {
        "equity_ticker": "POST",
        "geography": "US",
        "content_name": "POST Q2 2014 10-Q",
        "file_type": "pdf",
        "content_type": "quarterly_report",
        "published_date": "2014-05-09",
        "fiscal_date": "2014-03-31",
        "fiscal_year": 2014,
        "fiscal_quarter": 2,
        "r2_url": "https://pub-2c783279b61043e19fbdadd1bee5153a.r2.dev/POST/2014-05-09/post-2014331x10xq.htm/post-2014331x10xq.pdf",
        "periodicity": "periodic"
    },
    {
        "equity_ticker": "POST",
        "geography": "US",
        "content_name": "POST Q1 2014 10-Q",
        "file_type": "pdf",
        "content_type": "quarterly_report",
        "published_date": "2014-02-07",
        "fiscal_date": "2013-12-31",
        "fiscal_year": 2014,
        "fiscal_quarter": 1,
        "r2_url": "https://pub-2c783279b61043e19fbdadd1bee5153a.r2.dev/POST/2014-02-07/post-20131231x10xq.htm/post-20131231x10xq.pdf",
        "periodicity": "periodic"
    },
    {
        "equity_ticker": "POST",
        "geography": "US",
        "content_name": "POST Q4 2013 10-K",
        "file_type": "pdf",
        "content_type": "annual_report",
        "published_date": "2013-11-27",
        "fiscal_date": "2013-09-30",
        "fiscal_year": 2013,
        "fiscal_quarter": 4,
        "r2_url": "https://pub-2c783279b61043e19fbdadd1bee5153a.r2.dev/POST/2013-11-27/postfy201310-k.htm/postfy201310-k.pdf",
        "periodicity": "periodic"
    },
    {
        "equity_ticker": "POST",
        "geography": "US",
        "content_name": "POST Q3 2013 10-Q",
        "file_type": "pdf",
        "content_type": "quarterly_report",
        "published_date": "2013-08-08",
        "fiscal_date": "2013-06-30",
        "fiscal_year": 2013,
        "fiscal_quarter": 3,
        "r2_url": "https://pub-2c783279b61043e19fbdadd1bee5153a.r2.dev/POST/2013-08-08/post-2013630x10xq.htm/post-2013630x10xq.pdf",
        "periodicity": "periodic"
    },
    {
        "equity_ticker": "POST",
        "geography": "US",
        "content_name": "POST Q2 2013 10-Q",
        "file_type": "pdf",
        "content_type": "quarterly_report",
        "published_date": "2013-05-13",
        "fiscal_date": "2013-03-31",
        "fiscal_year": 2013,
        "fiscal_quarter": 2,
        "r2_url": "https://pub-2c783279b61043e19fbdadd1bee5153a.r2.dev/POST/2013-05-13/post-2013331x10xq.htm/post-2013331x10xq.pdf",
        "periodicity": "periodic"
    },
    {
        "equity_ticker": "POST",
        "geography": "US",
        "content_name": "POST Q1 2013 10-Q",
        "file_type": "pdf",
        "content_type": "quarterly_report",
        "published_date": "2013-02-07",
        "fiscal_date": "2012-12-31",
        "fiscal_year": 2013,
        "fiscal_quarter": 1,
        "r2_url": "https://pub-2c783279b61043e19fbdadd1bee5153a.r2.dev/POST/2013-02-07/post-20121231x10xq.htm/post-20121231x10xq.pdf",
        "periodicity": "periodic"
    },
    {
        "equity_ticker": "POST",
        "geography": "US",
        "content_name": "POST Q4 2012 10-K",
        "file_type": "pdf",
        "content_type": "annual_report",
        "published_date": "2012-12-13",
        "fiscal_date": "2012-09-30",
        "fiscal_year": 2012,
        "fiscal_quarter": 4,
        "r2_url": "https://pub-2c783279b61043e19fbdadd1bee5153a.r2.dev/POST/2012-12-13/postfy201210-k.htm/postfy201210-k.pdf",
        "periodicity": "periodic"
    },
    {
        "equity_ticker": "POST",
        "geography": "US",
        "content_name": "POST Q3 2012 10-Q",
        "file_type": "pdf",
        "content_type": "quarterly_report",
        "published_date": "2012-09-14",
        "fiscal_date": "2012-06-30",
        "fiscal_year": 2012,
        "fiscal_quarter": 3,
        "r2_url": "https://pub-2c783279b61043e19fbdadd1bee5153a.r2.dev/POST/2012-09-14/post-2012630x10q.htm/post-2012630x10q.pdf",
        "periodicity": "periodic"
    },
    {
        "equity_ticker": "POST",
        "geography": "US",
        "content_name": "POST Q2 2012 10-Q",
        "file_type": "pdf",
        "content_type": "quarterly_report",
        "published_date": "2012-09-14",
        "fiscal_date": "2012-03-31",
        "fiscal_year": 2012,
        "fiscal_quarter": 2,
        "r2_url": "https://pub-2c783279b61043e19fbdadd1bee5153a.r2.dev/POST/2012-09-14/post-2012331x10q.htm/post-2012331x10q.pdf",
        "periodicity": "periodic"
    },
    {
        "equity_ticker": "POST",
        "geography": "US",
        "content_name": "POST Q1 2012 10-Q",
        "file_type": "pdf",
        "content_type": "quarterly_report",
        "published_date": "2012-03-08",
        "fiscal_date": "2011-12-31",
        "fiscal_year": 2012,
        "fiscal_quarter": 1,
        "r2_url": "https://pub-2c783279b61043e19fbdadd1bee5153a.r2.dev/POST/2012-03-08/post-20111231x10q.htm/post-20111231x10q.pdf",
        "periodicity": "periodic"
    },
    {
        "equity_ticker": "POST",
        "geography": "US",
        "content_name": "POST Q1 2025 Transcript",
        "file_type": "pdf",
        "content_type": "earnings_transcript",
        "published_date": "2025-02-07",
        "fiscal_date": "2025-02-07",
        "fiscal_year": 2025,
        "fiscal_quarter": 1,
        "r2_url": "https://pub-2c783279b61043e19fbdadd1bee5153a.r2.dev/POST/2025-02-07/Post%20Holdings%2C%20Inc._2025-02-07_transcript/Post%20Holdings%2C%20Inc._2025-02-07_transcript.pdf/Post%20Holdings%2C%20Inc._2025-02-07_transcript.pdf",
        "periodicity": "periodic"
    },
    {
        "equity_ticker": "POST",
        "geography": "US",
        "content_name": "POST Q1 2025 Press Release",
        "file_type": "pdf",
        "content_type": "earnings_press_release",
        "published_date": "2025-02-07",
        "fiscal_date": "2025-02-07",
        "fiscal_year": 2025,
        "fiscal_quarter": 1,
        "r2_url": "https://pub-2c783279b61043e19fbdadd1bee5153a.r2.dev/POST/2025-02-07/d39bd-2025-02-06-10-51-09/d39bd-2025-02-06-10-51-09.pdf/d39bd-2025-02-06-10-51-09.pdf",
        "periodicity": "periodic"
    },
    {
        "equity_ticker": "POST",
        "geography": "US",
        "content_name": "POST Q4 2024 Transcript",
        "file_type": "pdf",
        "content_type": "earnings_transcript",
        "published_date": "2024-11-15",
        "fiscal_date": "2024-11-15",
        "fiscal_year": 2024,
        "fiscal_quarter": 4,
        "r2_url": "https://pub-2c783279b61043e19fbdadd1bee5153a.r2.dev/POST/2024-11-15/Post%20Holdings%2C%20Inc._2024-11-15_transcript/Post%20Holdings%2C%20Inc._2024-11-15_transcript.pdf/Post%20Holdings%2C%20Inc._2024-11-15_transcript.pdf",
        "periodicity": "periodic"
    },
    {
        "equity_ticker": "POST",
        "geography": "US",
        "content_name": "POST Q4 2024 Press Release",
        "file_type": "pdf",
        "content_type": "earnings_press_release",
        "published_date": "2024-11-15",
        "fiscal_date": "2024-11-15",
        "fiscal_year": 2024,
        "fiscal_quarter": 4,
        "r2_url": "https://pub-2c783279b61043e19fbdadd1bee5153a.r2.dev/POST/2024-11-15/876cf-2024-11-14-10-54-09/876cf-2024-11-14-10-54-09.pdf/876cf-2024-11-14-10-54-09.pdf",
        "periodicity": "periodic"
    },
    {
        "equity_ticker": "POST",
        "geography": "US",
        "content_name": "POST Q3 2024 Transcript",
        "file_type": "pdf",
        "content_type": "earnings_transcript",
        "published_date": "2024-08-02",
        "fiscal_date": "2024-08-02",
        "fiscal_year": 2024,
        "fiscal_quarter": 3,
        "r2_url": "https://pub-2c783279b61043e19fbdadd1bee5153a.r2.dev/POST/2024-08-02/Post%20Holdings%2C%20Inc._2024-08-02_transcript/Post%20Holdings%2C%20Inc._2024-08-02_transcript.pdf/Post%20Holdings%2C%20Inc._2024-08-02_transcript.pdf",
        "periodicity": "periodic"
    },
    {
        "equity_ticker": "POST",
        "geography": "US",
        "content_name": "POST Q3 2024 Press Release",
        "file_type": "pdf",
        "content_type": "earnings_press_release",
        "published_date": "2024-08-02",
        "fiscal_date": "2024-08-02",
        "fiscal_year": 2024,
        "fiscal_quarter": 3,
        "r2_url": "https://pub-2c783279b61043e19fbdadd1bee5153a.r2.dev/POST/2024-08-02/954c4-2024-08-01-09-37-12/954c4-2024-08-01-09-37-12.pdf/954c4-2024-08-01-09-37-12.pdf",
        "periodicity": "periodic"
    },
    {
        "equity_ticker": "POST",
        "geography": "US",
        "content_name": "POST Q2 2024 Transcript",
        "file_type": "pdf",
        "content_type": "earnings_transcript",
        "published_date": "2024-05-03",
        "fiscal_date": "2024-05-03",
        "fiscal_year": 2024,
        "fiscal_quarter": 2,
        "r2_url": "https://pub-2c783279b61043e19fbdadd1bee5153a.r2.dev/POST/2024-05-03/Post%20Holdings%2C%20Inc._2024-05-03_transcript/Post%20Holdings%2C%20Inc._2024-05-03_transcript.pdf/Post%20Holdings%2C%20Inc._2024-05-03_transcript.pdf",
        "periodicity": "periodic"
    },
    {
        "equity_ticker": "POST",
        "geography": "US",
        "content_name": "POST Q2 2024 Press Release",
        "file_type": "pdf",
        "content_type": "earnings_press_release",
        "published_date": "2024-05-03",
        "fiscal_date": "2024-05-03",
        "fiscal_year": 2024,
        "fiscal_quarter": 2,
        "r2_url": "https://pub-2c783279b61043e19fbdadd1bee5153a.r2.dev/POST/2024-05-03/9e6c7-2024-05-02-09-14-09/9e6c7-2024-05-02-09-14-09.pdf/9e6c7-2024-05-02-09-14-09.pdf",
        "periodicity": "periodic"
    },
    {
        "equity_ticker": "POST",
        "geography": "US",
        "content_name": "POST Q1 2024 Transcript",
        "file_type": "pdf",
        "content_type": "earnings_transcript",
        "published_date": "2024-02-02",
        "fiscal_date": "2024-02-02",
        "fiscal_year": 2024,
        "fiscal_quarter": 1,
        "r2_url": "https://pub-2c783279b61043e19fbdadd1bee5153a.r2.dev/POST/2024-02-02/Post%20Holdings%2C%20Inc._2024-02-02_transcript/Post%20Holdings%2C%20Inc._2024-02-02_transcript.pdf/Post%20Holdings%2C%20Inc._2024-02-02_transcript.pdf",
        "periodicity": "periodic"
    },
    {
        "equity_ticker": "POST",
        "geography": "US",
        "content_name": "POST Q1 2024 Press Release",
        "file_type": "pdf",
        "content_type": "earnings_press_release",
        "published_date": "2024-02-02",
        "fiscal_date": "2024-02-02",
        "fiscal_year": 2024,
        "fiscal_quarter": 1,
        "r2_url": "https://pub-2c783279b61043e19fbdadd1bee5153a.r2.dev/POST/2024-02-02/6374e-2024-02-01-10-19-03/6374e-2024-02-01-10-19-03.pdf/6374e-2024-02-01-10-19-03.pdf",
        "periodicity": "periodic"
    },
    {
        "equity_ticker": "POST",
        "geography": "US",
        "content_name": "POST Q4 2023 Transcript",
        "file_type": "pdf",
        "content_type": "earnings_transcript",
        "published_date": "2023-11-17",
        "fiscal_date": "2023-11-17",
        "fiscal_year": 2023,
        "fiscal_quarter": 4,
        "r2_url": "https://pub-2c783279b61043e19fbdadd1bee5153a.r2.dev/POST/2023-11-17/Post%20Holdings%2C%20Inc._2023-11-17_transcript/Post%20Holdings%2C%20Inc._2023-11-17_transcript.pdf/Post%20Holdings%2C%20Inc._2023-11-17_transcript.pdf",
        "periodicity": "periodic"
    },
    {
        "equity_ticker": "POST",
        "geography": "US",
        "content_name": "POST Q4 2023 Press Release",
        "file_type": "pdf",
        "content_type": "earnings_press_release",
        "published_date": "2023-11-17",
        "fiscal_date": "2023-11-17",
        "fiscal_year": 2023,
        "fiscal_quarter": 4,
        "r2_url": "https://pub-2c783279b61043e19fbdadd1bee5153a.r2.dev/POST/2023-11-17/9448a-2023-11-16-10-14-10/9448a-2023-11-16-10-14-10.pdf/9448a-2023-11-16-10-14-10.pdf",
        "periodicity": "periodic"
    },
    {
        "equity_ticker": "POST",
        "geography": "US",
        "content_name": "Q4 2023 - November 17, 2023",
        "file_type": "pdf",
        "content_type": "company_conference_press_release",
        "published_date": "2023-11-17",
        "fiscal_date": "2023-11-17",
        "fiscal_year": null,
        "fiscal_quarter": null,
        "r2_url": "https://pub-2c783279b61043e19fbdadd1bee5153a.r2.dev/POST/None/7f04e-2023-11-06-01-36-09/7f04e-2023-11-06-01-36-09.pdf/7f04e-2023-11-06-01-36-09.pdf",
        "periodicity": "non_periodic"
    },
    {
        "equity_ticker": "POST",
        "geography": "US",
        "content_name": "POST Q3 2023 Transcript",
        "file_type": "pdf",
        "content_type": "earnings_transcript",
        "published_date": "2023-08-04",
        "fiscal_date": "2023-08-04",
        "fiscal_year": 2023,
        "fiscal_quarter": 3,
        "r2_url": "https://pub-2c783279b61043e19fbdadd1bee5153a.r2.dev/POST/2023-08-04/Post%20Holdings%2C%20Inc._2023-08-04_transcript/Post%20Holdings%2C%20Inc._2023-08-04_transcript.pdf/Post%20Holdings%2C%20Inc._2023-08-04_transcript.pdf",
        "periodicity": "periodic"
    },
    {
        "equity_ticker": "POST",
        "geography": "US",
        "content_name": "POST Q3 2023 Press Release",
        "file_type": "pdf",
        "content_type": "earnings_press_release",
        "published_date": "2023-08-04",
        "fiscal_date": "2023-08-04",
        "fiscal_year": 2023,
        "fiscal_quarter": 3,
        "r2_url": "https://pub-2c783279b61043e19fbdadd1bee5153a.r2.dev/POST/2023-08-04/df28f-2023-08-03-09-15-07/df28f-2023-08-03-09-15-07.pdf/df28f-2023-08-03-09-15-07.pdf",
        "periodicity": "periodic"
    },
    {
        "equity_ticker": "POST",
        "geography": "US",
        "content_name": "POST Q2 2023 Transcript",
        "file_type": "pdf",
        "content_type": "earnings_transcript",
        "published_date": "2023-05-05",
        "fiscal_date": "2023-05-05",
        "fiscal_year": 2023,
        "fiscal_quarter": 2,
        "r2_url": "https://pub-2c783279b61043e19fbdadd1bee5153a.r2.dev/POST/2023-05-05/Post%20Holdings%2C%20Inc._2023-05-05_transcript/Post%20Holdings%2C%20Inc._2023-05-05_transcript.pdf/Post%20Holdings%2C%20Inc._2023-05-05_transcript.pdf",
        "periodicity": "periodic"
    },
    {
        "equity_ticker": "POST",
        "geography": "US",
        "content_name": "POST Q2 2023 Press Release",
        "file_type": "pdf",
        "content_type": "earnings_press_release",
        "published_date": "2023-05-05",
        "fiscal_date": "2023-05-05",
        "fiscal_year": 2023,
        "fiscal_quarter": 2,
        "r2_url": "https://pub-2c783279b61043e19fbdadd1bee5153a.r2.dev/POST/2023-05-05/a5ec3-2023-05-05-05-25-46/a5ec3-2023-05-05-05-25-46.pdf/a5ec3-2023-05-05-05-25-46.pdf",
        "periodicity": "periodic"
    },
    {
        "equity_ticker": "POST",
        "geography": "US",
        "content_name": "POST Q1 2023 Transcript",
        "file_type": "pdf",
        "content_type": "earnings_transcript",
        "published_date": "2023-02-03",
        "fiscal_date": "2023-02-03",
        "fiscal_year": 2023,
        "fiscal_quarter": 1,
        "r2_url": "https://pub-2c783279b61043e19fbdadd1bee5153a.r2.dev/POST/2023-02-03/Post%20Holdings%2C%20Inc._2023-02-03_transcript/Post%20Holdings%2C%20Inc._2023-02-03_transcript.pdf/Post%20Holdings%2C%20Inc._2023-02-03_transcript.pdf",
        "periodicity": "periodic"
    },
    {
        "equity_ticker": "POST",
        "geography": "US",
        "content_name": "POST Q1 2023 Press Release",
        "file_type": "pdf",
        "content_type": "earnings_press_release",
        "published_date": "2023-02-03",
        "fiscal_date": "2023-02-03",
        "fiscal_year": 2023,
        "fiscal_quarter": 1,
        "r2_url": "https://pub-2c783279b61043e19fbdadd1bee5153a.r2.dev/POST/2023-02-03/d769c-2023-02-02-10-06-26/d769c-2023-02-02-10-06-26.pdf/d769c-2023-02-02-10-06-26.pdf",
        "periodicity": "periodic"
    },
    {
        "equity_ticker": "POST",
        "geography": "US",
        "content_name": "POST Q4 2022 Transcript",
        "file_type": "pdf",
        "content_type": "earnings_transcript",
        "published_date": "2022-11-18",
        "fiscal_date": "2022-11-18",
        "fiscal_year": 2022,
        "fiscal_quarter": 4,
        "r2_url": "https://pub-2c783279b61043e19fbdadd1bee5153a.r2.dev/POST/2022-11-18/Post%20Holdings%2C%20Inc._2022-11-18_transcript/Post%20Holdings%2C%20Inc._2022-11-18_transcript.pdf/Post%20Holdings%2C%20Inc._2022-11-18_transcript.pdf",
        "periodicity": "periodic"
    },
    {
        "equity_ticker": "POST",
        "geography": "US",
        "content_name": "POST Q4 2022 Press Release",
        "file_type": "pdf",
        "content_type": "earnings_press_release",
        "published_date": "2022-11-18",
        "fiscal_date": "2022-11-18",
        "fiscal_year": 2022,
        "fiscal_quarter": 4,
        "r2_url": "https://pub-2c783279b61043e19fbdadd1bee5153a.r2.dev/POST/2022-11-18/15471-2022-11-23-09-39-33/15471-2022-11-23-09-39-33.pdf/15471-2022-11-23-09-39-33.pdf",
        "periodicity": "periodic"
    },
    {
        "equity_ticker": "POST",
        "geography": "US",
        "content_name": "POST Q3 2022 Transcript",
        "file_type": "pdf",
        "content_type": "earnings_transcript",
        "published_date": "2022-08-05",
        "fiscal_date": "2022-08-05",
        "fiscal_year": 2022,
        "fiscal_quarter": 3,
        "r2_url": "https://pub-2c783279b61043e19fbdadd1bee5153a.r2.dev/POST/2022-08-05/Post%20Holdings%2C%20Inc._2022-08-05_transcript/Post%20Holdings%2C%20Inc._2022-08-05_transcript.pdf/Post%20Holdings%2C%20Inc._2022-08-05_transcript.pdf",
        "periodicity": "periodic"
    },
    {
        "equity_ticker": "POST",
        "geography": "US",
        "content_name": "POST Q3 2022 Press Release",
        "file_type": "pdf",
        "content_type": "earnings_press_release",
        "published_date": "2022-08-05",
        "fiscal_date": "2022-08-05",
        "fiscal_year": 2022,
        "fiscal_quarter": 3,
        "r2_url": "https://pub-2c783279b61043e19fbdadd1bee5153a.r2.dev/POST/2022-08-05/ddef6-2022-08-05-12-15-38/ddef6-2022-08-05-12-15-38.pdf/ddef6-2022-08-05-12-15-38.pdf",
        "periodicity": "periodic"
    },
    {
        "equity_ticker": "POST",
        "geography": "US",
        "content_name": "POST Q2 2022 Transcript",
        "file_type": "pdf",
        "content_type": "earnings_transcript",
        "published_date": "2022-05-06",
        "fiscal_date": "2022-05-06",
        "fiscal_year": 2022,
        "fiscal_quarter": 2,
        "r2_url": "https://pub-2c783279b61043e19fbdadd1bee5153a.r2.dev/POST/2022-05-06/Post%20Holdings%2C%20Inc._2022-05-06_transcript/Post%20Holdings%2C%20Inc._2022-05-06_transcript.pdf/Post%20Holdings%2C%20Inc._2022-05-06_transcript.pdf",
        "periodicity": "periodic"
    },
    {
        "equity_ticker": "POST",
        "geography": "US",
        "content_name": "POST Q1 2022 Transcript",
        "file_type": "pdf",
        "content_type": "earnings_transcript",
        "published_date": "2022-02-04",
        "fiscal_date": "2022-02-04",
        "fiscal_year": 2022,
        "fiscal_quarter": 1,
        "r2_url": "https://pub-2c783279b61043e19fbdadd1bee5153a.r2.dev/POST/2022-02-04/Post%20Holdings%2C%20Inc._2022-02-04_transcript/Post%20Holdings%2C%20Inc._2022-02-04_transcript.pdf/Post%20Holdings%2C%20Inc._2022-02-04_transcript.pdf",
        "periodicity": "periodic"
    },
    {
        "equity_ticker": "POST",
        "geography": "US",
        "content_name": "POST Q4 2021 Transcript",
        "file_type": "pdf",
        "content_type": "earnings_transcript",
        "published_date": "2021-11-19",
        "fiscal_date": "2021-11-19",
        "fiscal_year": 2021,
        "fiscal_quarter": 4,
        "r2_url": "https://pub-2c783279b61043e19fbdadd1bee5153a.r2.dev/POST/2021-11-19/Post%20Holdings%2C%20Inc._2021-11-19_transcript/Post%20Holdings%2C%20Inc._2021-11-19_transcript.pdf/Post%20Holdings%2C%20Inc._2021-11-19_transcript.pdf",
        "periodicity": "periodic"
    },
    {
        "equity_ticker": "POST",
        "geography": "US",
        "content_name": "POST Q4 2021 Press Release",
        "file_type": "pdf",
        "content_type": "earnings_press_release",
        "published_date": "2021-11-19",
        "fiscal_date": "2021-11-19",
        "fiscal_year": 2021,
        "fiscal_quarter": 4,
        "r2_url": "https://pub-2c783279b61043e19fbdadd1bee5153a.r2.dev/POST/2021-11-19/a1f87-2025-03-12-02-23-20/a1f87-2025-03-12-02-23-20.pdf/a1f87-2025-03-12-02-23-20.pdf",
        "periodicity": "periodic"
    },
    {
        "equity_ticker": "POST",
        "geography": "US",
        "content_name": "POST Q3 2021 Transcript",
        "file_type": "pdf",
        "content_type": "earnings_transcript",
        "published_date": "2021-08-06",
        "fiscal_date": "2021-08-06",
        "fiscal_year": 2021,
        "fiscal_quarter": 3,
        "r2_url": "https://pub-2c783279b61043e19fbdadd1bee5153a.r2.dev/POST/2021-08-06/Post%20Holdings%2C%20Inc._2021-08-06_transcript/Post%20Holdings%2C%20Inc._2021-08-06_transcript.pdf/Post%20Holdings%2C%20Inc._2021-08-06_transcript.pdf",
        "periodicity": "periodic"
    },
    {
        "equity_ticker": "POST",
        "geography": "US",
        "content_name": "POST Q3 2021 Press Release",
        "file_type": "pdf",
        "content_type": "earnings_press_release",
        "published_date": "2021-08-06",
        "fiscal_date": "2021-08-06",
        "fiscal_year": 2021,
        "fiscal_quarter": 3,
        "r2_url": "https://pub-2c783279b61043e19fbdadd1bee5153a.r2.dev/POST/2021-08-06/69cc9-2024-04-16-02-07-05/69cc9-2024-04-16-02-07-05.pdf/69cc9-2024-04-16-02-07-05.pdf",
        "periodicity": "periodic"
    },
    {
        "equity_ticker": "POST",
        "geography": "US",
        "content_name": "POST Q2 2021 Transcript",
        "file_type": "pdf",
        "content_type": "earnings_transcript",
        "published_date": "2021-05-07",
        "fiscal_date": "2021-05-07",
        "fiscal_year": 2021,
        "fiscal_quarter": 2,
        "r2_url": "https://pub-2c783279b61043e19fbdadd1bee5153a.r2.dev/POST/2021-05-07/Post%20Holdings%2C%20Inc._2021-05-07_transcript/Post%20Holdings%2C%20Inc._2021-05-07_transcript.pdf/Post%20Holdings%2C%20Inc._2021-05-07_transcript.pdf",
        "periodicity": "periodic"
    },
    {
        "equity_ticker": "POST",
        "geography": "US",
        "content_name": "POST Q2 2021 Press Release",
        "file_type": "pdf",
        "content_type": "earnings_press_release",
        "published_date": "2021-05-07",
        "fiscal_date": "2021-05-07",
        "fiscal_year": 2021,
        "fiscal_quarter": 2,
        "r2_url": "https://pub-2c783279b61043e19fbdadd1bee5153a.r2.dev/POST/2021-05-07/1418a-2024-04-16-02-53-06/1418a-2024-04-16-02-53-06.pdf/1418a-2024-04-16-02-53-06.pdf",
        "periodicity": "periodic"
    },
    {
        "equity_ticker": "POST",
        "geography": "US",
        "content_name": "POST Q1 2021 Transcript",
        "file_type": "pdf",
        "content_type": "earnings_transcript",
        "published_date": "2021-02-05",
        "fiscal_date": "2021-02-05",
        "fiscal_year": 2021,
        "fiscal_quarter": 1,
        "r2_url": "https://pub-2c783279b61043e19fbdadd1bee5153a.r2.dev/POST/2021-02-05/Post%20Holdings%2C%20Inc._2021-02-05_transcript/Post%20Holdings%2C%20Inc._2021-02-05_transcript.pdf/Post%20Holdings%2C%20Inc._2021-02-05_transcript.pdf",
        "periodicity": "periodic"
    },
    {
        "equity_ticker": "POST",
        "geography": "US",
        "content_name": "POST Q1 2021 Press Release",
        "file_type": "pdf",
        "content_type": "earnings_press_release",
        "published_date": "2021-02-05",
        "fiscal_date": "2021-02-05",
        "fiscal_year": 2021,
        "fiscal_quarter": 1,
        "r2_url": "https://pub-2c783279b61043e19fbdadd1bee5153a.r2.dev/POST/2021-02-05/80a1e-2024-04-16-02-42-09/80a1e-2024-04-16-02-42-09.pdf/80a1e-2024-04-16-02-42-09.pdf",
        "periodicity": "periodic"
    },
    {
        "equity_ticker": "POST",
        "geography": "US",
        "content_name": "POST Q4 2020 Transcript",
        "file_type": "pdf",
        "content_type": "earnings_transcript",
        "published_date": "2020-11-20",
        "fiscal_date": "2020-11-20",
        "fiscal_year": 2020,
        "fiscal_quarter": 4,
        "r2_url": "https://pub-2c783279b61043e19fbdadd1bee5153a.r2.dev/POST/2020-11-20/Post%20Holdings%2C%20Inc._2020-11-20_transcript/Post%20Holdings%2C%20Inc._2020-11-20_transcript.pdf/Post%20Holdings%2C%20Inc._2020-11-20_transcript.pdf",
        "periodicity": "periodic"
    },
    {
        "equity_ticker": "POST",
        "geography": "US",
        "content_name": "POST Q4 2020 Press Release",
        "file_type": "pdf",
        "content_type": "earnings_press_release",
        "published_date": "2020-11-20",
        "fiscal_date": "2020-11-20",
        "fiscal_year": 2020,
        "fiscal_quarter": 4,
        "r2_url": "https://pub-2c783279b61043e19fbdadd1bee5153a.r2.dev/POST/2020-11-20/e340a-2024-04-16-02-30-11/e340a-2024-04-16-02-30-11.pdf/e340a-2024-04-16-02-30-11.pdf",
        "periodicity": "periodic"
    },
    {
        "equity_ticker": "POST",
        "geography": "US",
        "content_name": "POST Q3 2020 Transcript",
        "file_type": "pdf",
        "content_type": "earnings_transcript",
        "published_date": "2020-08-07",
        "fiscal_date": "2020-08-07",
        "fiscal_year": 2020,
        "fiscal_quarter": 3,
        "r2_url": "https://pub-2c783279b61043e19fbdadd1bee5153a.r2.dev/POST/2020-08-07/Post%20Holdings%2C%20Inc._2020-08-07_transcript/Post%20Holdings%2C%20Inc._2020-08-07_transcript.pdf/Post%20Holdings%2C%20Inc._2020-08-07_transcript.pdf",
        "periodicity": "periodic"
    },
    {
        "equity_ticker": "POST",
        "geography": "US",
        "content_name": "POST Q3 2020 Press Release",
        "file_type": "pdf",
        "content_type": "earnings_press_release",
        "published_date": "2020-08-07",
        "fiscal_date": "2020-08-07",
        "fiscal_year": 2020,
        "fiscal_quarter": 3,
        "r2_url": "https://pub-2c783279b61043e19fbdadd1bee5153a.r2.dev/POST/2020-08-07/eff59-2024-04-16-02-31-12/eff59-2024-04-16-02-31-12.pdf/eff59-2024-04-16-02-31-12.pdf",
        "periodicity": "periodic"
    },
    {
        "equity_ticker": "POST",
        "geography": "US",
        "content_name": "POST Q2 2020 Transcript",
        "file_type": "pdf",
        "content_type": "earnings_transcript",
        "published_date": "2020-05-08",
        "fiscal_date": "2020-05-08",
        "fiscal_year": 2020,
        "fiscal_quarter": 2,
        "r2_url": "https://pub-2c783279b61043e19fbdadd1bee5153a.r2.dev/POST/2020-05-08/Post%20Holdings%2C%20Inc._2020-05-08_transcript/Post%20Holdings%2C%20Inc._2020-05-08_transcript.pdf/Post%20Holdings%2C%20Inc._2020-05-08_transcript.pdf",
        "periodicity": "periodic"
    },
    {
        "equity_ticker": "POST",
        "geography": "US",
        "content_name": "POST Q2 2020 Press Release",
        "file_type": "pdf",
        "content_type": "earnings_press_release",
        "published_date": "2020-05-08",
        "fiscal_date": "2020-05-08",
        "fiscal_year": 2020,
        "fiscal_quarter": 2,
        "r2_url": "https://pub-2c783279b61043e19fbdadd1bee5153a.r2.dev/POST/2020-05-08/cd99f-2024-04-16-02-36-13/cd99f-2024-04-16-02-36-13.pdf/cd99f-2024-04-16-02-36-13.pdf",
        "periodicity": "periodic"
    },
    {
        "equity_ticker": "POST",
        "geography": "US",
        "content_name": "POST Q1 2020 Transcript",
        "file_type": "pdf",
        "content_type": "earnings_transcript",
        "published_date": "2020-02-07",
        "fiscal_date": "2020-02-07",
        "fiscal_year": 2020,
        "fiscal_quarter": 1,
        "r2_url": "https://pub-2c783279b61043e19fbdadd1bee5153a.r2.dev/POST/2020-02-07/Post%20Holdings%2C%20Inc._2020-02-07_transcript/Post%20Holdings%2C%20Inc._2020-02-07_transcript.pdf/Post%20Holdings%2C%20Inc._2020-02-07_transcript.pdf",
        "periodicity": "periodic"
    },
    {
        "equity_ticker": "POST",
        "geography": "US",
        "content_name": "POST Q1 2020 Press Release",
        "file_type": "pdf",
        "content_type": "earnings_press_release",
        "published_date": "2020-02-07",
        "fiscal_date": "2020-02-07",
        "fiscal_year": 2020,
        "fiscal_quarter": 1,
        "r2_url": "https://pub-2c783279b61043e19fbdadd1bee5153a.r2.dev/POST/2020-02-07/ead96-2024-04-16-02-54-15/ead96-2024-04-16-02-54-15.pdf/ead96-2024-04-16-02-54-15.pdf",
        "periodicity": "periodic"
    },
    {
        "equity_ticker": "POST",
        "geography": "US",
        "content_name": "POST Q4 2019 Transcript",
        "file_type": "pdf",
        "content_type": "earnings_transcript",
        "published_date": "2019-11-22",
        "fiscal_date": "2019-11-22",
        "fiscal_year": 2019,
        "fiscal_quarter": 4,
        "r2_url": "https://pub-2c783279b61043e19fbdadd1bee5153a.r2.dev/POST/2019-11-22/Post%20Holdings%2C%20Inc._2019-11-22_transcript/Post%20Holdings%2C%20Inc._2019-11-22_transcript.pdf/Post%20Holdings%2C%20Inc._2019-11-22_transcript.pdf",
        "periodicity": "periodic"
    },
    {
        "equity_ticker": "POST",
        "geography": "US",
        "content_name": "POST Q4 2019 Press Release",
        "file_type": "pdf",
        "content_type": "earnings_press_release",
        "published_date": "2019-11-22",
        "fiscal_date": "2019-11-22",
        "fiscal_year": 2019,
        "fiscal_quarter": 4,
        "r2_url": "https://pub-2c783279b61043e19fbdadd1bee5153a.r2.dev/POST/2019-11-22/d2858-2024-04-16-02-40-16/d2858-2024-04-16-02-40-16.pdf/d2858-2024-04-16-02-40-16.pdf",
        "periodicity": "periodic"
    },
    {
        "equity_ticker": "POST",
        "geography": "US",
        "content_name": "POST Q3 2019 Transcript",
        "file_type": "pdf",
        "content_type": "earnings_transcript",
        "published_date": "2019-08-02",
        "fiscal_date": "2019-08-02",
        "fiscal_year": 2019,
        "fiscal_quarter": 3,
        "r2_url": "https://pub-2c783279b61043e19fbdadd1bee5153a.r2.dev/POST/2019-08-02/Post%20Holdings%2C%20Inc._2019-08-02_transcript/Post%20Holdings%2C%20Inc._2019-08-02_transcript.pdf/Post%20Holdings%2C%20Inc._2019-08-02_transcript.pdf",
        "periodicity": "periodic"
    },
    {
        "equity_ticker": "POST",
        "geography": "US",
        "content_name": "POST Q3 2019 Press Release",
        "file_type": "pdf",
        "content_type": "earnings_press_release",
        "published_date": "2019-08-02",
        "fiscal_date": "2019-08-02",
        "fiscal_year": 2019,
        "fiscal_quarter": 3,
        "r2_url": "https://pub-2c783279b61043e19fbdadd1bee5153a.r2.dev/POST/2019-08-02/35b87-2024-04-16-02-47-17/35b87-2024-04-16-02-47-17.pdf/35b87-2024-04-16-02-47-17.pdf",
        "periodicity": "periodic"
    },
    {
        "equity_ticker": "POST",
        "geography": "US",
        "content_name": "POST Q2 2019 Transcript",
        "file_type": "pdf",
        "content_type": "earnings_transcript",
        "published_date": "2019-05-03",
        "fiscal_date": "2019-05-03",
        "fiscal_year": 2019,
        "fiscal_quarter": 2,
        "r2_url": "https://pub-2c783279b61043e19fbdadd1bee5153a.r2.dev/POST/2019-05-03/Post%20Holdings%2C%20Inc._2019-05-03_transcript/Post%20Holdings%2C%20Inc._2019-05-03_transcript.pdf/Post%20Holdings%2C%20Inc._2019-05-03_transcript.pdf",
        "periodicity": "periodic"
    },
    {
        "equity_ticker": "POST",
        "geography": "US",
        "content_name": "POST Q2 2019 Press Release",
        "file_type": "pdf",
        "content_type": "earnings_press_release",
        "published_date": "2019-05-03",
        "fiscal_date": "2019-05-03",
        "fiscal_year": 2019,
        "fiscal_quarter": 2,
        "r2_url": "https://pub-2c783279b61043e19fbdadd1bee5153a.r2.dev/POST/2019-05-03/9c3a0-2024-04-16-02-38-18/9c3a0-2024-04-16-02-38-18.pdf/9c3a0-2024-04-16-02-38-18.pdf",
        "periodicity": "periodic"
    },
    {
        "equity_ticker": "POST",
        "geography": "US",
        "content_name": "POST Q1 2019 Transcript",
        "file_type": "pdf",
        "content_type": "earnings_transcript",
        "published_date": "2019-02-01",
        "fiscal_date": "2019-02-01",
        "fiscal_year": 2019,
        "fiscal_quarter": 1,
        "r2_url": "https://pub-2c783279b61043e19fbdadd1bee5153a.r2.dev/POST/2019-02-01/Post%20Holdings%2C%20Inc._2019-02-01_transcript/Post%20Holdings%2C%20Inc._2019-02-01_transcript.pdf/Post%20Holdings%2C%20Inc._2019-02-01_transcript.pdf",
        "periodicity": "periodic"
    },
    {
        "equity_ticker": "POST",
        "geography": "US",
        "content_name": "POST Q1 2019 Press Release",
        "file_type": "pdf",
        "content_type": "earnings_press_release",
        "published_date": "2019-02-01",
        "fiscal_date": "2019-02-01",
        "fiscal_year": 2019,
        "fiscal_quarter": 1,
        "r2_url": "https://pub-2c783279b61043e19fbdadd1bee5153a.r2.dev/POST/2019-02-01/58a0e-2024-04-16-02-18-19/58a0e-2024-04-16-02-18-19.pdf/58a0e-2024-04-16-02-18-19.pdf",
        "periodicity": "periodic"
    },
    {
        "equity_ticker": "POST",
        "geography": "US",
        "content_name": "Investor Update - November 19, 2018",
        "file_type": "pdf",
        "content_type": "company_conference_transcript",
        "published_date": "2018-11-19",
        "fiscal_date": "2018-11-19",
        "fiscal_year": null,
        "fiscal_quarter": null,
        "r2_url": "https://pub-2c783279b61043e19fbdadd1bee5153a.r2.dev/POST/2018-11-19/Post%20Holdings%2C%20Inc._2018-11-19_transcript/Post%20Holdings%2C%20Inc._2018-11-19_transcript.pdf/Post%20Holdings%2C%20Inc._2018-11-19_transcript.pdf",
        "periodicity": "non_periodic"
    },
    {
        "equity_ticker": "POST",
        "geography": "US",
        "content_name": "Investor Update - November 19, 2018",
        "file_type": "pdf",
        "content_type": "company_conference_press_release",
        "published_date": "2018-11-19",
        "fiscal_date": "2018-11-19",
        "fiscal_year": null,
        "fiscal_quarter": null,
        "r2_url": "https://pub-2c783279b61043e19fbdadd1bee5153a.r2.dev/POST/2018-11-19/69f99-2024-04-16-02-13-29/69f99-2024-04-16-02-13-29.pdf/69f99-2024-04-16-02-13-29.pdf",
        "periodicity": "non_periodic"
    },
    {
        "equity_ticker": "POST",
        "geography": "US",
        "content_name": "POST Q4 2018 Transcript",
        "file_type": "pdf",
        "content_type": "earnings_transcript",
        "published_date": "2018-11-16",
        "fiscal_date": "2018-11-16",
        "fiscal_year": 2018,
        "fiscal_quarter": 4,
        "r2_url": "https://pub-2c783279b61043e19fbdadd1bee5153a.r2.dev/POST/2018-11-16/Post%20Holdings%2C%20Inc._2018-11-16_transcript/Post%20Holdings%2C%20Inc._2018-11-16_transcript.pdf/Post%20Holdings%2C%20Inc._2018-11-16_transcript.pdf",
        "periodicity": "periodic"
    },
    {
        "equity_ticker": "POST",
        "geography": "US",
        "content_name": "POST Q4 2018 Press Release",
        "file_type": "pdf",
        "content_type": "earnings_press_release",
        "published_date": "2018-11-16",
        "fiscal_date": "2018-11-16",
        "fiscal_year": 2018,
        "fiscal_quarter": 4,
        "r2_url": "https://pub-2c783279b61043e19fbdadd1bee5153a.r2.dev/POST/2018-11-16/0d860-2024-04-16-02-28-32/0d860-2024-04-16-02-28-32.pdf/0d860-2024-04-16-02-28-32.pdf",
        "periodicity": "periodic"
    },
    {
        "equity_ticker": "POST",
        "geography": "US",
        "content_name": "POST Q3 2018 Transcript",
        "file_type": "pdf",
        "content_type": "earnings_transcript",
        "published_date": "2018-08-03",
        "fiscal_date": "2018-08-03",
        "fiscal_year": 2018,
        "fiscal_quarter": 3,
        "r2_url": "https://pub-2c783279b61043e19fbdadd1bee5153a.r2.dev/POST/2018-08-03/Post%20Holdings%2C%20Inc._2018-08-03_transcript/Post%20Holdings%2C%20Inc._2018-08-03_transcript.pdf/Post%20Holdings%2C%20Inc._2018-08-03_transcript.pdf",
        "periodicity": "periodic"
    },
    {
        "equity_ticker": "POST",
        "geography": "US",
        "content_name": "POST Q3 2018 Press Release",
        "file_type": "pdf",
        "content_type": "earnings_press_release",
        "published_date": "2018-08-03",
        "fiscal_date": "2018-08-03",
        "fiscal_year": 2018,
        "fiscal_quarter": 3,
        "r2_url": "https://pub-2c783279b61043e19fbdadd1bee5153a.r2.dev/POST/2018-08-03/a9133-2024-04-16-02-59-33/a9133-2024-04-16-02-59-33.pdf/a9133-2024-04-16-02-59-33.pdf",
        "periodicity": "periodic"
    },
    {
        "equity_ticker": "POST",
        "geography": "US",
        "content_name": "POST Q3 2018 Presentation",
        "file_type": "pdf",
        "content_type": "earnings_presentation",
        "published_date": "2018-08-03",
        "fiscal_date": "2018-08-03",
        "fiscal_year": 2018,
        "fiscal_quarter": 3,
        "r2_url": "https://pub-2c783279b61043e19fbdadd1bee5153a.r2.dev/POST/2018-08-03/0a3af-2024-04-16-02-59-33/0a3af-2024-04-16-02-59-33.pdf/0a3af-2024-04-16-02-59-33.pdf",
        "periodicity": "periodic"
    },
    {
        "equity_ticker": "POST",
        "geography": "US",
        "content_name": "POST Q2 2018 Transcript",
        "file_type": "pdf",
        "content_type": "earnings_transcript",
        "published_date": "2018-05-04",
        "fiscal_date": "2018-05-04",
        "fiscal_year": 2018,
        "fiscal_quarter": 2,
        "r2_url": "https://pub-2c783279b61043e19fbdadd1bee5153a.r2.dev/POST/2018-05-04/Post%20Holdings%2C%20Inc._2018-05-04_transcript/Post%20Holdings%2C%20Inc._2018-05-04_transcript.pdf/Post%20Holdings%2C%20Inc._2018-05-04_transcript.pdf",
        "periodicity": "periodic"
    },
    {
        "equity_ticker": "POST",
        "geography": "US",
        "content_name": "POST Q2 2018 Press Release",
        "file_type": "pdf",
        "content_type": "earnings_press_release",
        "published_date": "2018-05-04",
        "fiscal_date": "2018-05-04",
        "fiscal_year": 2018,
        "fiscal_quarter": 2,
        "r2_url": "https://pub-2c783279b61043e19fbdadd1bee5153a.r2.dev/POST/2018-05-04/0303b-2024-04-16-02-49-35/0303b-2024-04-16-02-49-35.pdf/0303b-2024-04-16-02-49-35.pdf",
        "periodicity": "periodic"
    },
    {
        "equity_ticker": "POST",
        "geography": "US",
        "content_name": "POST Q1 2018 Transcript",
        "file_type": "pdf",
        "content_type": "earnings_transcript",
        "published_date": "2018-02-02",
        "fiscal_date": "2018-02-02",
        "fiscal_year": 2018,
        "fiscal_quarter": 1,
        "r2_url": "https://pub-2c783279b61043e19fbdadd1bee5153a.r2.dev/POST/2018-02-02/Post%20Holdings%2C%20Inc._2018-02-02_transcript/Post%20Holdings%2C%20Inc._2018-02-02_transcript.pdf/Post%20Holdings%2C%20Inc._2018-02-02_transcript.pdf",
        "periodicity": "periodic"
    },
    {
        "equity_ticker": "POST",
        "geography": "US",
        "content_name": "POST Q1 2018 Press Release",
        "file_type": "pdf",
        "content_type": "earnings_press_release",
        "published_date": "2018-02-02",
        "fiscal_date": "2018-02-02",
        "fiscal_year": 2018,
        "fiscal_quarter": 1,
        "r2_url": "https://pub-2c783279b61043e19fbdadd1bee5153a.r2.dev/POST/2018-02-02/924a1-2024-04-16-02-12-37/924a1-2024-04-16-02-12-37.pdf/924a1-2024-04-16-02-12-37.pdf",
        "periodicity": "periodic"
    },
    {
        "equity_ticker": "POST",
        "geography": "US",
        "content_name": "POST Q4 2017 Transcript",
        "file_type": "pdf",
        "content_type": "earnings_transcript",
        "published_date": "2017-11-17",
        "fiscal_date": "2017-11-17",
        "fiscal_year": 2017,
        "fiscal_quarter": 4,
        "r2_url": "https://pub-2c783279b61043e19fbdadd1bee5153a.r2.dev/POST/2017-11-17/Post%20Holdings%2C%20Inc._2017-11-17_transcript/Post%20Holdings%2C%20Inc._2017-11-17_transcript.pdf/Post%20Holdings%2C%20Inc._2017-11-17_transcript.pdf",
        "periodicity": "periodic"
    },
    {
        "equity_ticker": "POST",
        "geography": "US",
        "content_name": "POST Q3 2017 Transcript",
        "file_type": "pdf",
        "content_type": "earnings_transcript",
        "published_date": "2017-08-04",
        "fiscal_date": "2017-08-04",
        "fiscal_year": 2017,
        "fiscal_quarter": 3,
        "r2_url": "https://pub-2c783279b61043e19fbdadd1bee5153a.r2.dev/POST/2017-08-04/Post%20Holdings%2C%20Inc._2017-08-04_transcript/Post%20Holdings%2C%20Inc._2017-08-04_transcript.pdf/Post%20Holdings%2C%20Inc._2017-08-04_transcript.pdf",
        "periodicity": "periodic"
    },
    {
        "equity_ticker": "POST",
        "geography": "US",
        "content_name": "POST Q2 2017 Transcript",
        "file_type": "pdf",
        "content_type": "earnings_transcript",
        "published_date": "2017-05-09",
        "fiscal_date": "2017-05-09",
        "fiscal_year": 2017,
        "fiscal_quarter": 2,
        "r2_url": "https://pub-2c783279b61043e19fbdadd1bee5153a.r2.dev/POST/2017-05-09/Post%20Holdings%2C%20Inc._2017-05-09_transcript/Post%20Holdings%2C%20Inc._2017-05-09_transcript.pdf/Post%20Holdings%2C%20Inc._2017-05-09_transcript.pdf",
        "periodicity": "periodic"
    },
    {
        "equity_ticker": "POST",
        "geography": "US",
        "content_name": "POST Q1 2017 Transcript",
        "file_type": "pdf",
        "content_type": "earnings_transcript",
        "published_date": "2017-02-03",
        "fiscal_date": "2017-02-03",
        "fiscal_year": 2017,
        "fiscal_quarter": 1,
        "r2_url": "https://pub-2c783279b61043e19fbdadd1bee5153a.r2.dev/POST/2017-02-03/Post%20Holdings%2C%20Inc._2017-02-03_transcript/Post%20Holdings%2C%20Inc._2017-02-03_transcript.pdf/Post%20Holdings%2C%20Inc._2017-02-03_transcript.pdf",
        "periodicity": "periodic"
    },
    {
        "equity_ticker": "POST",
        "geography": "US",
        "content_name": "POST Q4 2016 Transcript",
        "file_type": "pdf",
        "content_type": "earnings_transcript",
        "published_date": "2016-11-18",
        "fiscal_date": "2016-11-18",
        "fiscal_year": 2016,
        "fiscal_quarter": 4,
        "r2_url": "https://pub-2c783279b61043e19fbdadd1bee5153a.r2.dev/POST/2016-11-18/Post%20Holdings%2C%20Inc._2016-11-18_transcript/Post%20Holdings%2C%20Inc._2016-11-18_transcript.pdf/Post%20Holdings%2C%20Inc._2016-11-18_transcript.pdf",
        "periodicity": "periodic"
    },
    {
        "equity_ticker": "POST",
        "geography": "US",
        "content_name": "POST Q3 2016 Transcript",
        "file_type": "pdf",
        "content_type": "earnings_transcript",
        "published_date": "2016-08-05",
        "fiscal_date": "2016-08-05",
        "fiscal_year": 2016,
        "fiscal_quarter": 3,
        "r2_url": "https://pub-2c783279b61043e19fbdadd1bee5153a.r2.dev/POST/2016-08-05/Post%20Holdings%2C%20Inc._2016-08-05_transcript/Post%20Holdings%2C%20Inc._2016-08-05_transcript.pdf/Post%20Holdings%2C%20Inc._2016-08-05_transcript.pdf",
        "periodicity": "periodic"
    },
    {
        "equity_ticker": "POST",
        "geography": "US",
        "content_name": "POST Q2 2016 Transcript",
        "file_type": "pdf",
        "content_type": "earnings_transcript",
        "published_date": "2016-05-06",
        "fiscal_date": "2016-05-06",
        "fiscal_year": 2016,
        "fiscal_quarter": 2,
        "r2_url": "https://pub-2c783279b61043e19fbdadd1bee5153a.r2.dev/POST/2016-05-06/Post%20Holdings%2C%20Inc._2016-05-06_transcript/Post%20Holdings%2C%20Inc._2016-05-06_transcript.pdf/Post%20Holdings%2C%20Inc._2016-05-06_transcript.pdf",
        "periodicity": "periodic"
    },
    {
        "equity_ticker": "POST",
        "geography": "US",
        "content_name": "POST Q1 2016 Transcript",
        "file_type": "pdf",
        "content_type": "earnings_transcript",
        "published_date": "2016-02-05",
        "fiscal_date": "2016-02-05",
        "fiscal_year": 2016,
        "fiscal_quarter": 1,
        "r2_url": "https://pub-2c783279b61043e19fbdadd1bee5153a.r2.dev/POST/2016-02-05/Post%20Holdings%2C%20Inc._2016-02-05_transcript/Post%20Holdings%2C%20Inc._2016-02-05_transcript.pdf/Post%20Holdings%2C%20Inc._2016-02-05_transcript.pdf",
        "periodicity": "periodic"
    },
    {
        "equity_ticker": "POST",
        "geography": "US",
        "content_name": "POST Q4 2015 Transcript",
        "file_type": "pdf",
        "content_type": "earnings_transcript",
        "published_date": "2015-11-24",
        "fiscal_date": "2015-11-24",
        "fiscal_year": 2015,
        "fiscal_quarter": 4,
        "r2_url": "https://pub-2c783279b61043e19fbdadd1bee5153a.r2.dev/POST/2015-11-24/Post%20Holdings%2C%20Inc._2015-11-24_transcript/Post%20Holdings%2C%20Inc._2015-11-24_transcript.pdf/Post%20Holdings%2C%20Inc._2015-11-24_transcript.pdf",
        "periodicity": "periodic"
    },
    {
        "equity_ticker": "POST",
        "geography": "US",
        "content_name": "POST Q3 2015 Transcript",
        "file_type": "pdf",
        "content_type": "earnings_transcript",
        "published_date": "2015-08-07",
        "fiscal_date": "2015-08-07",
        "fiscal_year": 2015,
        "fiscal_quarter": 3,
        "r2_url": "https://pub-2c783279b61043e19fbdadd1bee5153a.r2.dev/POST/2015-08-07/Post%20Holdings%2C%20Inc._2015-08-07_transcript/Post%20Holdings%2C%20Inc._2015-08-07_transcript.pdf/Post%20Holdings%2C%20Inc._2015-08-07_transcript.pdf",
        "periodicity": "periodic"
    },
    {
        "equity_ticker": "POST",
        "geography": "US",
        "content_name": "POST Q2 2015 Transcript",
        "file_type": "pdf",
        "content_type": "earnings_transcript",
        "published_date": "2015-05-08",
        "fiscal_date": "2015-05-08",
        "fiscal_year": 2015,
        "fiscal_quarter": 2,
        "r2_url": "https://pub-2c783279b61043e19fbdadd1bee5153a.r2.dev/POST/2015-05-08/Post%20Holdings%2C%20Inc._2015-05-08_transcript/Post%20Holdings%2C%20Inc._2015-05-08_transcript.pdf/Post%20Holdings%2C%20Inc._2015-05-08_transcript.pdf",
        "periodicity": "periodic"
    },
    {
        "equity_ticker": "POST",
        "geography": "US",
        "content_name": "POST Q1 2015 Transcript",
        "file_type": "pdf",
        "content_type": "earnings_transcript",
        "published_date": "2015-02-06",
        "fiscal_date": "2015-02-06",
        "fiscal_year": 2015,
        "fiscal_quarter": 1,
        "r2_url": "https://pub-2c783279b61043e19fbdadd1bee5153a.r2.dev/POST/2015-02-06/Post%20Holdings%2C%20Inc._2015-02-06_transcript/Post%20Holdings%2C%20Inc._2015-02-06_transcript.pdf/Post%20Holdings%2C%20Inc._2015-02-06_transcript.pdf",
        "periodicity": "periodic"
    },
    {
        "equity_ticker": "POST",
        "geography": "US",
        "content_name": "POST Q4 2014 Transcript",
        "file_type": "pdf",
        "content_type": "earnings_transcript",
        "published_date": "2014-11-25",
        "fiscal_date": "2014-11-25",
        "fiscal_year": 2014,
        "fiscal_quarter": 4,
        "r2_url": "https://pub-2c783279b61043e19fbdadd1bee5153a.r2.dev/POST/2014-11-25/Post%20Holdings%2C%20Inc._2014-11-25_transcript/Post%20Holdings%2C%20Inc._2014-11-25_transcript.pdf/Post%20Holdings%2C%20Inc._2014-11-25_transcript.pdf",
        "periodicity": "periodic"
    },
    {
        "equity_ticker": "POST",
        "geography": "US",
        "content_name": "POST Q3 2014 Transcript",
        "file_type": "pdf",
        "content_type": "earnings_transcript",
        "published_date": "2014-08-08",
        "fiscal_date": "2014-08-08",
        "fiscal_year": 2014,
        "fiscal_quarter": 3,
        "r2_url": "https://pub-2c783279b61043e19fbdadd1bee5153a.r2.dev/POST/2014-08-08/Post%20Holdings%2C%20Inc._2014-08-08_transcript/Post%20Holdings%2C%20Inc._2014-08-08_transcript.pdf/Post%20Holdings%2C%20Inc._2014-08-08_transcript.pdf",
        "periodicity": "periodic"
    },
    {
        "equity_ticker": "POST",
        "geography": "US",
        "content_name": "POST Q2 2014 Transcript",
        "file_type": "pdf",
        "content_type": "earnings_transcript",
        "published_date": "2014-05-09",
        "fiscal_date": "2014-05-09",
        "fiscal_year": 2014,
        "fiscal_quarter": 2,
        "r2_url": "https://pub-2c783279b61043e19fbdadd1bee5153a.r2.dev/POST/2014-05-09/Post%20Holdings%2C%20Inc._2014-05-09_transcript/Post%20Holdings%2C%20Inc._2014-05-09_transcript.pdf/Post%20Holdings%2C%20Inc._2014-05-09_transcript.pdf",
        "periodicity": "periodic"
    },
    {
        "equity_ticker": "POST",
        "geography": "US",
        "content_name": "POST Q1 2014 Transcript",
        "file_type": "pdf",
        "content_type": "earnings_transcript",
        "published_date": "2014-02-07",
        "fiscal_date": "2014-02-07",
        "fiscal_year": 2014,
        "fiscal_quarter": 1,
        "r2_url": "https://pub-2c783279b61043e19fbdadd1bee5153a.r2.dev/POST/2014-02-07/Post%20Holdings%2C%20Inc._2014-02-07_transcript/Post%20Holdings%2C%20Inc._2014-02-07_transcript.pdf/Post%20Holdings%2C%20Inc._2014-02-07_transcript.pdf",
        "periodicity": "periodic"
    },
    {
        "equity_ticker": "POST",
        "geography": "US",
        "content_name": "POST Q4 2013 Transcript",
        "file_type": "pdf",
        "content_type": "earnings_transcript",
        "published_date": "2013-11-21",
        "fiscal_date": "2013-11-21",
        "fiscal_year": 2013,
        "fiscal_quarter": 4,
        "r2_url": "https://pub-2c783279b61043e19fbdadd1bee5153a.r2.dev/POST/2013-11-21/Post%20Holdings%2C%20Inc._2013-11-21_transcript/Post%20Holdings%2C%20Inc._2013-11-21_transcript.pdf/Post%20Holdings%2C%20Inc._2013-11-21_transcript.pdf",
        "periodicity": "periodic"
    },
    {
        "equity_ticker": "POST",
        "geography": "US",
        "content_name": "POST Q3 2013 Transcript",
        "file_type": "pdf",
        "content_type": "earnings_transcript",
        "published_date": "2013-08-08",
        "fiscal_date": "2013-08-08",
        "fiscal_year": 2013,
        "fiscal_quarter": 3,
        "r2_url": "https://pub-2c783279b61043e19fbdadd1bee5153a.r2.dev/POST/2013-08-08/Post%20Holdings%2C%20Inc._2013-08-08_transcript/Post%20Holdings%2C%20Inc._2013-08-08_transcript.pdf/Post%20Holdings%2C%20Inc._2013-08-08_transcript.pdf",
        "periodicity": "periodic"
    },
    {
        "equity_ticker": "POST",
        "geography": "US",
        "content_name": "POST Q2 2013 Transcript",
        "file_type": "pdf",
        "content_type": "earnings_transcript",
        "published_date": "2013-05-13",
        "fiscal_date": "2013-05-13",
        "fiscal_year": 2013,
        "fiscal_quarter": 2,
        "r2_url": "https://pub-2c783279b61043e19fbdadd1bee5153a.r2.dev/POST/2013-05-13/Post%20Holdings%2C%20Inc._2013-05-13_transcript/Post%20Holdings%2C%20Inc._2013-05-13_transcript.pdf/Post%20Holdings%2C%20Inc._2013-05-13_transcript.pdf",
        "periodicity": "periodic"
    },
    {
        "equity_ticker": "POST",
        "geography": "US",
        "content_name": "POST Q1 2013 Transcript",
        "file_type": "pdf",
        "content_type": "earnings_transcript",
        "published_date": "2013-02-07",
        "fiscal_date": "2013-02-07",
        "fiscal_year": 2013,
        "fiscal_quarter": 1,
        "r2_url": "https://pub-2c783279b61043e19fbdadd1bee5153a.r2.dev/POST/2013-02-07/Post%20Holdings%2C%20Inc._2013-02-07_transcript/Post%20Holdings%2C%20Inc._2013-02-07_transcript.pdf/Post%20Holdings%2C%20Inc._2013-02-07_transcript.pdf",
        "periodicity": "periodic"
    }
]