[
  {
    "equity_ticker": "QCOM",
    "geography": "US",
    "content_name": "QCOM Q1 2025 10-Q",
    "file_type": "pdf",
    "content_type": "quarterly_report",
    "published_date": "2025-02-05",
    "fiscal_date": "2024-12-29",
    "fiscal_year": 2025,
    "fiscal_quarter": 1,
    "r2_url": "https://pub-2c783279b61043e19fbdadd1bee5153a.r2.dev/QCOM/2025-02-05/qcom-20241229.htm/qcom-20241229.pdf",
    "periodicity": "periodic"
  },
  {
    "equity_ticker": "QCOM",
    "geography": "US",
    "content_name": "QCOM Q4 2024 10-K",
    "file_type": "pdf",
    "content_type": "annual_report",
    "published_date": "2024-11-06",
    "fiscal_date": "2024-09-29",
    "fiscal_year": 2024,
    "fiscal_quarter": 4,
    "r2_url": "https://pub-2c783279b61043e19fbdadd1bee5153a.r2.dev/QCOM/2024-11-06/qcom-20240929.htm/qcom-20240929.pdf",
    "periodicity": "periodic"
  },
  {
    "equity_ticker": "QCOM",
    "geography": "US",
    "content_name": "QCOM Q3 2024 10-Q",
    "file_type": "pdf",
    "content_type": "quarterly_report",
    "published_date": "2024-07-31",
    "fiscal_date": "2024-06-23",
    "fiscal_year": 2024,
    "fiscal_quarter": 3,
    "r2_url": "https://pub-2c783279b61043e19fbdadd1bee5153a.r2.dev/QCOM/2024-07-31/qcom-20240623.htm/qcom-20240623.pdf",
    "periodicity": "periodic"
  },
  {
    "equity_ticker": "QCOM",
    "geography": "US",
    "content_name": "QCOM Q2 2024 10-Q",
    "file_type": "pdf",
    "content_type": "quarterly_report",
    "published_date": "2024-05-01",
    "fiscal_date": "2024-03-24",
    "fiscal_year": 2024,
    "fiscal_quarter": 2,
    "r2_url": "https://pub-2c783279b61043e19fbdadd1bee5153a.r2.dev/QCOM/2024-05-01/qcom-20240324.htm/qcom-20240324.pdf",
    "periodicity": "periodic"
  },
  {
    "equity_ticker": "QCOM",
    "geography": "US",
    "content_name": "QCOM Q1 2024 10-Q",
    "file_type": "pdf",
    "content_type": "quarterly_report",
    "published_date": "2024-01-31",
    "fiscal_date": "2023-12-24",
    "fiscal_year": 2024,
    "fiscal_quarter": 1,
    "r2_url": "https://pub-2c783279b61043e19fbdadd1bee5153a.r2.dev/QCOM/2024-01-31/qcom-20231224.htm/qcom-20231224.pdf",
    "periodicity": "periodic"
  },
  {
    "equity_ticker": "QCOM",
    "geography": "US",
    "content_name": "QCOM Q4 2023 10-K",
    "file_type": "pdf",
    "content_type": "annual_report",
    "published_date": "2023-11-01",
    "fiscal_date": "2023-09-24",
    "fiscal_year": 2023,
    "fiscal_quarter": 4,
    "r2_url": "https://pub-2c783279b61043e19fbdadd1bee5153a.r2.dev/QCOM/2023-11-01/qcom-20230924.htm/qcom-20230924.pdf",
    "periodicity": "periodic"
  },
  {
    "equity_ticker": "QCOM",
    "geography": "US",
    "content_name": "QCOM Q3 2023 10-Q",
    "file_type": "pdf",
    "content_type": "quarterly_report",
    "published_date": "2023-08-02",
    "fiscal_date": "2023-06-25",
    "fiscal_year": 2023,
    "fiscal_quarter": 3,
    "r2_url": "https://pub-2c783279b61043e19fbdadd1bee5153a.r2.dev/QCOM/2023-08-02/qcom-20230625.htm/qcom-20230625.pdf",
    "periodicity": "periodic"
  },
  {
    "equity_ticker": "QCOM",
    "geography": "US",
    "content_name": "QCOM Q2 2023 10-Q",
    "file_type": "pdf",
    "content_type": "quarterly_report",
    "published_date": "2023-05-03",
    "fiscal_date": "2023-03-26",
    "fiscal_year": 2023,
    "fiscal_quarter": 2,
    "r2_url": "https://pub-2c783279b61043e19fbdadd1bee5153a.r2.dev/QCOM/2023-05-03/qcom-20230326.htm/qcom-20230326.pdf",
    "periodicity": "periodic"
  },
  {
    "equity_ticker": "QCOM",
    "geography": "US",
    "content_name": "QCOM Q1 2023 10-Q",
    "file_type": "pdf",
    "content_type": "quarterly_report",
    "published_date": "2023-02-02",
    "fiscal_date": "2022-12-25",
    "fiscal_year": 2023,
    "fiscal_quarter": 1,
    "r2_url": "https://pub-2c783279b61043e19fbdadd1bee5153a.r2.dev/QCOM/2023-02-02/qcom-20221225.htm/qcom-20221225.pdf",
    "periodicity": "periodic"
  },
  {
    "equity_ticker": "QCOM",
    "geography": "US",
    "content_name": "QCOM Q4 2022 10-K",
    "file_type": "pdf",
    "content_type": "annual_report",
    "published_date": "2022-11-02",
    "fiscal_date": "2022-09-25",
    "fiscal_year": 2022,
    "fiscal_quarter": 4,
    "r2_url": "https://pub-2c783279b61043e19fbdadd1bee5153a.r2.dev/QCOM/2022-11-02/qcom-20220925.htm/qcom-20220925.pdf",
    "periodicity": "periodic"
  },
  {
    "equity_ticker": "QCOM",
    "geography": "US",
    "content_name": "QCOM Q3 2022 10-Q",
    "file_type": "pdf",
    "content_type": "quarterly_report",
    "published_date": "2022-07-27",
    "fiscal_date": "2022-06-26",
    "fiscal_year": 2022,
    "fiscal_quarter": 3,
    "r2_url": "https://pub-2c783279b61043e19fbdadd1bee5153a.r2.dev/QCOM/2022-07-27/qcom-20220626.htm/qcom-20220626.pdf",
    "periodicity": "periodic"
  },
  {
    "equity_ticker": "QCOM",
    "geography": "US",
    "content_name": "QCOM Q2 2022 10-Q",
    "file_type": "pdf",
    "content_type": "quarterly_report",
    "published_date": "2022-04-27",
    "fiscal_date": "2022-03-27",
    "fiscal_year": 2022,
    "fiscal_quarter": 2,
    "r2_url": "https://pub-2c783279b61043e19fbdadd1bee5153a.r2.dev/QCOM/2022-04-27/qcom-20220327.htm/qcom-20220327.pdf",
    "periodicity": "periodic"
  },
  {
    "equity_ticker": "QCOM",
    "geography": "US",
    "content_name": "QCOM Q1 2022 10-Q",
    "file_type": "pdf",
    "content_type": "quarterly_report",
    "published_date": "2022-02-02",
    "fiscal_date": "2021-12-26",
    "fiscal_year": 2022,
    "fiscal_quarter": 1,
    "r2_url": "https://pub-2c783279b61043e19fbdadd1bee5153a.r2.dev/QCOM/2022-02-02/qcom-20211226.htm/qcom-20211226.pdf",
    "periodicity": "periodic"
  },
  {
    "equity_ticker": "QCOM",
    "geography": "US",
    "content_name": "QCOM Q4 2021 10-K",
    "file_type": "pdf",
    "content_type": "annual_report",
    "published_date": "2021-11-03",
    "fiscal_date": "2021-09-26",
    "fiscal_year": 2021,
    "fiscal_quarter": 4,
    "r2_url": "https://pub-2c783279b61043e19fbdadd1bee5153a.r2.dev/QCOM/2021-11-03/qcom-20210926.htm/qcom-20210926.pdf",
    "periodicity": "periodic"
  },
  {
    "equity_ticker": "QCOM",
    "geography": "US",
    "content_name": "QCOM Q3 2021 10-Q",
    "file_type": "pdf",
    "content_type": "quarterly_report",
    "published_date": "2021-07-28",
    "fiscal_date": "2021-06-27",
    "fiscal_year": 2021,
    "fiscal_quarter": 3,
    "r2_url": "https://pub-2c783279b61043e19fbdadd1bee5153a.r2.dev/QCOM/2021-07-28/qcom-20210627.htm/qcom-20210627.pdf",
    "periodicity": "periodic"
  },
  {
    "equity_ticker": "QCOM",
    "geography": "US",
    "content_name": "QCOM Q2 2021 10-Q",
    "file_type": "pdf",
    "content_type": "quarterly_report",
    "published_date": "2021-04-28",
    "fiscal_date": "2021-03-28",
    "fiscal_year": 2021,
    "fiscal_quarter": 2,
    "r2_url": "https://pub-2c783279b61043e19fbdadd1bee5153a.r2.dev/QCOM/2021-04-28/qcom-20210328.htm/qcom-20210328.pdf",
    "periodicity": "periodic"
  },
  {
    "equity_ticker": "QCOM",
    "geography": "US",
    "content_name": "QCOM Q1 2021 10-Q",
    "file_type": "pdf",
    "content_type": "quarterly_report",
    "published_date": "2021-02-03",
    "fiscal_date": "2020-12-27",
    "fiscal_year": 2021,
    "fiscal_quarter": 1,
    "r2_url": "https://pub-2c783279b61043e19fbdadd1bee5153a.r2.dev/QCOM/2021-02-03/qcom-20201227.htm/qcom-20201227.pdf",
    "periodicity": "periodic"
  },
  {
    "equity_ticker": "QCOM",
    "geography": "US",
    "content_name": "QCOM Q4 2020 10-K",
    "file_type": "pdf",
    "content_type": "annual_report",
    "published_date": "2020-11-04",
    "fiscal_date": "2020-09-27",
    "fiscal_year": 2020,
    "fiscal_quarter": 4,
    "r2_url": "https://pub-2c783279b61043e19fbdadd1bee5153a.r2.dev/QCOM/2020-11-04/qcom-20200927.htm/qcom-20200927.pdf",
    "periodicity": "periodic"
  },
  {
    "equity_ticker": "QCOM",
    "geography": "US",
    "content_name": "QCOM Q3 2020 10-Q",
    "file_type": "pdf",
    "content_type": "quarterly_report",
    "published_date": "2020-07-29",
    "fiscal_date": "2020-06-28",
    "fiscal_year": 2020,
    "fiscal_quarter": 3,
    "r2_url": "https://pub-2c783279b61043e19fbdadd1bee5153a.r2.dev/QCOM/2020-07-29/qcom-20200628.htm/ix.pdf",
    "periodicity": "periodic"
  },
  {
    "equity_ticker": "QCOM",
    "geography": "US",
    "content_name": "QCOM Q2 2020 10-Q",
    "file_type": "pdf",
    "content_type": "quarterly_report",
    "published_date": "2020-04-29",
    "fiscal_date": "2020-03-29",
    "fiscal_year": 2020,
    "fiscal_quarter": 2,
    "r2_url": "https://pub-2c783279b61043e19fbdadd1bee5153a.r2.dev/QCOM/2020-04-29/qcom-20200329.htm/ix.pdf",
    "periodicity": "periodic"
  },
  {
    "equity_ticker": "QCOM",
    "geography": "US",
    "content_name": "QCOM Q1 2020 10-Q",
    "file_type": "pdf",
    "content_type": "quarterly_report",
    "published_date": "2020-02-05",
    "fiscal_date": "2019-12-29",
    "fiscal_year": 2020,
    "fiscal_quarter": 1,
    "r2_url": "https://pub-2c783279b61043e19fbdadd1bee5153a.r2.dev/QCOM/2020-02-05/qcom12291910-q.htm/ix.pdf",
    "periodicity": "periodic"
  },
  {
    "equity_ticker": "QCOM",
    "geography": "US",
    "content_name": "QCOM Q4 2019 10-K",
    "file_type": "pdf",
    "content_type": "annual_report",
    "published_date": "2019-11-06",
    "fiscal_date": "2019-09-29",
    "fiscal_year": 2019,
    "fiscal_quarter": 4,
    "r2_url": "https://pub-2c783279b61043e19fbdadd1bee5153a.r2.dev/QCOM/2019-11-06/qcom10-k2019.htm/ix.pdf",
    "periodicity": "periodic"
  },
  {
    "equity_ticker": "QCOM",
    "geography": "US",
    "content_name": "QCOM Q3 2019 10-Q",
    "file_type": "pdf",
    "content_type": "quarterly_report",
    "published_date": "2019-07-31",
    "fiscal_date": "2019-06-30",
    "fiscal_year": 2019,
    "fiscal_quarter": 3,
    "r2_url": "https://pub-2c783279b61043e19fbdadd1bee5153a.r2.dev/QCOM/2019-07-31/qcom06301910-q.htm/ix.pdf",
    "periodicity": "periodic"
  },
  {
    "equity_ticker": "QCOM",
    "geography": "US",
    "content_name": "QCOM Q2 2019 10-Q",
    "file_type": "pdf",
    "content_type": "quarterly_report",
    "published_date": "2019-05-01",
    "fiscal_date": "2019-03-31",
    "fiscal_year": 2019,
    "fiscal_quarter": 2,
    "r2_url": "https://pub-2c783279b61043e19fbdadd1bee5153a.r2.dev/QCOM/2019-05-01/qcom03311910-q.htm/qcom03311910-q.pdf",
    "periodicity": "periodic"
  },
  {
    "equity_ticker": "QCOM",
    "geography": "US",
    "content_name": "QCOM Q1 2019 10-Q",
    "file_type": "pdf",
    "content_type": "quarterly_report",
    "published_date": "2019-01-30",
    "fiscal_date": "2018-12-30",
    "fiscal_year": 2019,
    "fiscal_quarter": 1,
    "r2_url": "https://pub-2c783279b61043e19fbdadd1bee5153a.r2.dev/QCOM/2019-01-30/qcom12301810-q.htm/qcom12301810-q.pdf",
    "periodicity": "periodic"
  },
  {
    "equity_ticker": "QCOM",
    "geography": "US",
    "content_name": "QCOM Q4 2018 10-K",
    "file_type": "pdf",
    "content_type": "annual_report",
    "published_date": "2018-11-07",
    "fiscal_date": "2018-09-30",
    "fiscal_year": 2018,
    "fiscal_quarter": 4,
    "r2_url": "https://pub-2c783279b61043e19fbdadd1bee5153a.r2.dev/QCOM/2018-11-07/qcom10-k2018.htm/qcom10-k2018.pdf",
    "periodicity": "periodic"
  },
  {
    "equity_ticker": "QCOM",
    "geography": "US",
    "content_name": "QCOM Q3 2018 10-Q",
    "file_type": "pdf",
    "content_type": "quarterly_report",
    "published_date": "2018-07-25",
    "fiscal_date": "2018-06-24",
    "fiscal_year": 2018,
    "fiscal_quarter": 3,
    "r2_url": "https://pub-2c783279b61043e19fbdadd1bee5153a.r2.dev/QCOM/2018-07-25/qcom06241810-q.htm/qcom06241810-q.pdf",
    "periodicity": "periodic"
  },
  {
    "equity_ticker": "QCOM",
    "geography": "US",
    "content_name": "QCOM Q2 2018 10-Q",
    "file_type": "pdf",
    "content_type": "quarterly_report",
    "published_date": "2018-04-25",
    "fiscal_date": "2018-03-25",
    "fiscal_year": 2018,
    "fiscal_quarter": 2,
    "r2_url": "https://pub-2c783279b61043e19fbdadd1bee5153a.r2.dev/QCOM/2018-04-25/qcom03251810-q.htm/qcom03251810-q.pdf",
    "periodicity": "periodic"
  },
  {
    "equity_ticker": "QCOM",
    "geography": "US",
    "content_name": "QCOM Q1 2018 10-Q",
    "file_type": "pdf",
    "content_type": "quarterly_report",
    "published_date": "2018-01-31",
    "fiscal_date": "2017-12-24",
    "fiscal_year": 2018,
    "fiscal_quarter": 1,
    "r2_url": "https://pub-2c783279b61043e19fbdadd1bee5153a.r2.dev/QCOM/2018-01-31/qcom12241710-q.htm/qcom12241710-q.pdf",
    "periodicity": "periodic"
  },
  {
    "equity_ticker": "QCOM",
    "geography": "US",
    "content_name": "QCOM Q4 2017 10-K",
    "file_type": "pdf",
    "content_type": "annual_report",
    "published_date": "2017-11-01",
    "fiscal_date": "2017-09-24",
    "fiscal_year": 2017,
    "fiscal_quarter": 4,
    "r2_url": "https://pub-2c783279b61043e19fbdadd1bee5153a.r2.dev/QCOM/2017-11-01/qcom10-k2017.htm/qcom10-k2017.pdf",
    "periodicity": "periodic"
  },
  {
    "equity_ticker": "QCOM",
    "geography": "US",
    "content_name": "QCOM Q3 2017 10-Q",
    "file_type": "pdf",
    "content_type": "quarterly_report",
    "published_date": "2017-07-19",
    "fiscal_date": "2017-06-25",
    "fiscal_year": 2017,
    "fiscal_quarter": 3,
    "r2_url": "https://pub-2c783279b61043e19fbdadd1bee5153a.r2.dev/QCOM/2017-07-19/qcom06251710-q.htm/qcom06251710-q.pdf",
    "periodicity": "periodic"
  },
  {
    "equity_ticker": "QCOM",
    "geography": "US",
    "content_name": "QCOM Q2 2017 10-Q",
    "file_type": "pdf",
    "content_type": "quarterly_report",
    "published_date": "2017-04-19",
    "fiscal_date": "2017-03-26",
    "fiscal_year": 2017,
    "fiscal_quarter": 2,
    "r2_url": "https://pub-2c783279b61043e19fbdadd1bee5153a.r2.dev/QCOM/2017-04-19/qcom03261710-q.htm/qcom03261710-q.pdf",
    "periodicity": "periodic"
  },
  {
    "equity_ticker": "QCOM",
    "geography": "US",
    "content_name": "QCOM Q1 2017 10-Q",
    "file_type": "pdf",
    "content_type": "quarterly_report",
    "published_date": "2017-01-25",
    "fiscal_date": "2016-12-25",
    "fiscal_year": 2017,
    "fiscal_quarter": 1,
    "r2_url": "https://pub-2c783279b61043e19fbdadd1bee5153a.r2.dev/QCOM/2017-01-25/qcom12251610-q.htm/qcom12251610-q.pdf",
    "periodicity": "periodic"
  },
  {
    "equity_ticker": "QCOM",
    "geography": "US",
    "content_name": "QCOM Q4 2016 10-K",
    "file_type": "pdf",
    "content_type": "annual_report",
    "published_date": "2016-11-02",
    "fiscal_date": "2016-09-25",
    "fiscal_year": 2016,
    "fiscal_quarter": 4,
    "r2_url": "https://pub-2c783279b61043e19fbdadd1bee5153a.r2.dev/QCOM/2016-11-02/qcom10-k2016.htm/qcom10-k2016.pdf",
    "periodicity": "periodic"
  },
  {
    "equity_ticker": "QCOM",
    "geography": "US",
    "content_name": "QCOM Q3 2016 10-Q",
    "file_type": "pdf",
    "content_type": "quarterly_report",
    "published_date": "2016-07-20",
    "fiscal_date": "2016-06-26",
    "fiscal_year": 2016,
    "fiscal_quarter": 3,
    "r2_url": "https://pub-2c783279b61043e19fbdadd1bee5153a.r2.dev/QCOM/2016-07-20/qcom6261610-q.htm/qcom6261610-q.pdf",
    "periodicity": "periodic"
  },
  {
    "equity_ticker": "QCOM",
    "geography": "US",
    "content_name": "QCOM Q2 2016 10-Q",
    "file_type": "pdf",
    "content_type": "quarterly_report",
    "published_date": "2016-04-20",
    "fiscal_date": "2016-03-27",
    "fiscal_year": 2016,
    "fiscal_quarter": 2,
    "r2_url": "https://pub-2c783279b61043e19fbdadd1bee5153a.r2.dev/QCOM/2016-04-20/qcom3271610-q.htm/qcom3271610-q.pdf",
    "periodicity": "periodic"
  },
  {
    "equity_ticker": "QCOM",
    "geography": "US",
    "content_name": "QCOM Q1 2016 10-Q",
    "file_type": "pdf",
    "content_type": "quarterly_report",
    "published_date": "2016-01-27",
    "fiscal_date": "2015-12-27",
    "fiscal_year": 2016,
    "fiscal_quarter": 1,
    "r2_url": "https://pub-2c783279b61043e19fbdadd1bee5153a.r2.dev/QCOM/2016-01-27/qcom12271510-q.htm/qcom12271510-q.pdf",
    "periodicity": "periodic"
  },
  {
    "equity_ticker": "QCOM",
    "geography": "US",
    "content_name": "QCOM Q4 2015 10-K",
    "file_type": "pdf",
    "content_type": "annual_report",
    "published_date": "2015-11-04",
    "fiscal_date": "2015-09-27",
    "fiscal_year": 2015,
    "fiscal_quarter": 4,
    "r2_url": "https://pub-2c783279b61043e19fbdadd1bee5153a.r2.dev/QCOM/2015-11-04/qcom10-k2015.htm/qcom10-k2015.pdf",
    "periodicity": "periodic"
  },
  {
    "equity_ticker": "QCOM",
    "geography": "US",
    "content_name": "QCOM Q3 2015 10-Q",
    "file_type": "pdf",
    "content_type": "quarterly_report",
    "published_date": "2015-07-22",
    "fiscal_date": "2015-06-28",
    "fiscal_year": 2015,
    "fiscal_quarter": 3,
    "r2_url": "https://pub-2c783279b61043e19fbdadd1bee5153a.r2.dev/QCOM/2015-07-22/qcom6281510-q.htm/qcom6281510-q.pdf",
    "periodicity": "periodic"
  },
  {
    "equity_ticker": "QCOM",
    "geography": "US",
    "content_name": "QCOM Q2 2015 10-Q",
    "file_type": "pdf",
    "content_type": "quarterly_report",
    "published_date": "2015-04-22",
    "fiscal_date": "2015-03-29",
    "fiscal_year": 2015,
    "fiscal_quarter": 2,
    "r2_url": "https://pub-2c783279b61043e19fbdadd1bee5153a.r2.dev/QCOM/2015-04-22/qcom3291510-q.htm/qcom3291510-q.pdf",
    "periodicity": "periodic"
  },
  {
    "equity_ticker": "QCOM",
    "geography": "US",
    "content_name": "QCOM Q1 2015 10-Q",
    "file_type": "pdf",
    "content_type": "quarterly_report",
    "published_date": "2015-01-28",
    "fiscal_date": "2014-12-28",
    "fiscal_year": 2015,
    "fiscal_quarter": 1,
    "r2_url": "https://pub-2c783279b61043e19fbdadd1bee5153a.r2.dev/QCOM/2015-01-28/qcom12281410-q.htm/qcom12281410-q.pdf",
    "periodicity": "periodic"
  },
  {
    "equity_ticker": "QCOM",
    "geography": "US",
    "content_name": "QCOM Q4 2014 10-K",
    "file_type": "pdf",
    "content_type": "annual_report",
    "published_date": "2014-11-05",
    "fiscal_date": "2014-09-28",
    "fiscal_year": 2014,
    "fiscal_quarter": 4,
    "r2_url": "https://pub-2c783279b61043e19fbdadd1bee5153a.r2.dev/QCOM/2014-11-05/qcom10-k2014.htm/qcom10-k2014.pdf",
    "periodicity": "periodic"
  },
  {
    "equity_ticker": "QCOM",
    "geography": "US",
    "content_name": "QCOM Q3 2014 10-Q",
    "file_type": "pdf",
    "content_type": "quarterly_report",
    "published_date": "2014-07-23",
    "fiscal_date": "2014-06-29",
    "fiscal_year": 2014,
    "fiscal_quarter": 3,
    "r2_url": "https://pub-2c783279b61043e19fbdadd1bee5153a.r2.dev/QCOM/2014-07-23/qcom06291410-q.htm/qcom06291410-q.pdf",
    "periodicity": "periodic"
  },
  {
    "equity_ticker": "QCOM",
    "geography": "US",
    "content_name": "QCOM Q2 2014 10-Q",
    "file_type": "pdf",
    "content_type": "quarterly_report",
    "published_date": "2014-04-23",
    "fiscal_date": "2014-03-30",
    "fiscal_year": 2014,
    "fiscal_quarter": 2,
    "r2_url": "https://pub-2c783279b61043e19fbdadd1bee5153a.r2.dev/QCOM/2014-04-23/qcom03301410-q.htm/qcom03301410-q.pdf",
    "periodicity": "periodic"
  },
  {
    "equity_ticker": "QCOM",
    "geography": "US",
    "content_name": "QCOM Q1 2014 10-Q",
    "file_type": "pdf",
    "content_type": "quarterly_report",
    "published_date": "2014-01-29",
    "fiscal_date": "2013-12-29",
    "fiscal_year": 2014,
    "fiscal_quarter": 1,
    "r2_url": "https://pub-2c783279b61043e19fbdadd1bee5153a.r2.dev/QCOM/2014-01-29/qcom12291310-q.htm/qcom12291310-q.pdf",
    "periodicity": "periodic"
  },
  {
    "equity_ticker": "QCOM",
    "geography": "US",
    "content_name": "QCOM Q4 2013 10-K",
    "file_type": "pdf",
    "content_type": "annual_report",
    "published_date": "2013-11-06",
    "fiscal_date": "2013-09-29",
    "fiscal_year": 2013,
    "fiscal_quarter": 4,
    "r2_url": "https://pub-2c783279b61043e19fbdadd1bee5153a.r2.dev/QCOM/2013-11-06/qcom10-k2013.htm/qcom10-k2013.pdf",
    "periodicity": "periodic"
  },
  {
    "equity_ticker": "QCOM",
    "geography": "US",
    "content_name": "QCOM Q3 2013 10-Q",
    "file_type": "pdf",
    "content_type": "quarterly_report",
    "published_date": "2013-07-24",
    "fiscal_date": "2013-06-30",
    "fiscal_year": 2013,
    "fiscal_quarter": 3,
    "r2_url": "https://pub-2c783279b61043e19fbdadd1bee5153a.r2.dev/QCOM/2013-07-24/qcom6301310-q.htm/qcom6301310-q.pdf",
    "periodicity": "periodic"
  },
  {
    "equity_ticker": "QCOM",
    "geography": "US",
    "content_name": "QCOM Q2 2013 10-Q",
    "file_type": "pdf",
    "content_type": "quarterly_report",
    "published_date": "2013-04-24",
    "fiscal_date": "2013-03-31",
    "fiscal_year": 2013,
    "fiscal_quarter": 2,
    "r2_url": "https://pub-2c783279b61043e19fbdadd1bee5153a.r2.dev/QCOM/2013-04-24/qcom3311310-q.htm/qcom3311310-q.pdf",
    "periodicity": "periodic"
  },
  {
    "equity_ticker": "QCOM",
    "geography": "US",
    "content_name": "QCOM Q1 2013 10-Q",
    "file_type": "pdf",
    "content_type": "quarterly_report",
    "published_date": "2013-01-30",
    "fiscal_date": "2012-12-30",
    "fiscal_year": 2013,
    "fiscal_quarter": 1,
    "r2_url": "https://pub-2c783279b61043e19fbdadd1bee5153a.r2.dev/QCOM/2013-01-30/qcom12301210-q.htm/qcom12301210-q.pdf",
    "periodicity": "periodic"
  },
  {
    "equity_ticker": "QCOM",
    "geography": "US",
    "content_name": "QCOM Q4 2012 10-K",
    "file_type": "pdf",
    "content_type": "annual_report",
    "published_date": "2012-11-07",
    "fiscal_date": "2012-09-30",
    "fiscal_year": 2012,
    "fiscal_quarter": 4,
    "r2_url": "https://pub-2c783279b61043e19fbdadd1bee5153a.r2.dev/QCOM/2012-11-07/qcom10-k2012.htm/qcom10-k2012.pdf",
    "periodicity": "periodic"
  },
  {
    "equity_ticker": "QCOM",
    "geography": "US",
    "content_name": "QCOM Q3 2012 10-Q",
    "file_type": "pdf",
    "content_type": "quarterly_report",
    "published_date": "2012-07-18",
    "fiscal_date": "2012-06-24",
    "fiscal_year": 2012,
    "fiscal_quarter": 3,
    "r2_url": "https://pub-2c783279b61043e19fbdadd1bee5153a.r2.dev/QCOM/2012-07-18/qcom6241210q.htm/qcom6241210q.pdf",
    "periodicity": "periodic"
  },
  {
    "equity_ticker": "QCOM",
    "geography": "US",
    "content_name": "QCOM Q2 2012 10-Q",
    "file_type": "pdf",
    "content_type": "quarterly_report",
    "published_date": "2012-04-18",
    "fiscal_date": "2012-03-25",
    "fiscal_year": 2012,
    "fiscal_quarter": 2,
    "r2_url": "https://pub-2c783279b61043e19fbdadd1bee5153a.r2.dev/QCOM/2012-04-18/qcom3251210q.htm/qcom3251210q.pdf",
    "periodicity": "periodic"
  },
  {
    "equity_ticker": "QCOM",
    "geography": "US",
    "content_name": "QCOM Q1 2012 10-Q",
    "file_type": "pdf",
    "content_type": "quarterly_report",
    "published_date": "2012-02-01",
    "fiscal_date": "2011-12-25",
    "fiscal_year": 2012,
    "fiscal_quarter": 1,
    "r2_url": "https://pub-2c783279b61043e19fbdadd1bee5153a.r2.dev/QCOM/2012-02-01/qcom12251110q.htm/qcom12251110q.pdf",
    "periodicity": "periodic"
  },
  {
    "equity_ticker": "QCOM",
    "geography": "US",
    "content_name": "QCOM Q4 2011 10-K",
    "file_type": "pdf",
    "content_type": "annual_report",
    "published_date": "2011-11-02",
    "fiscal_date": "2011-09-25",
    "fiscal_year": 2011,
    "fiscal_quarter": 4,
    "r2_url": "https://pub-2c783279b61043e19fbdadd1bee5153a.r2.dev/QCOM/2011-11-02/qcom10-k2011.htm/qcom10-k2011.pdf",
    "periodicity": "periodic"
  },
  {
    "equity_ticker": "QCOM",
    "geography": "US",
    "content_name": "QCOM Q3 2011 10-Q",
    "file_type": "pdf",
    "content_type": "quarterly_report",
    "published_date": "2011-07-20",
    "fiscal_date": "2011-06-26",
    "fiscal_year": 2011,
    "fiscal_quarter": 3,
    "r2_url": "https://pub-2c783279b61043e19fbdadd1bee5153a.r2.dev/QCOM/2011-07-20/qcom6261110q.htm/qcom6261110q.pdf",
    "periodicity": "periodic"
  },
  {
    "equity_ticker": "QCOM",
    "geography": "US",
    "content_name": "QCOM Q2 2011 10-Q",
    "file_type": "pdf",
    "content_type": "quarterly_report",
    "published_date": "2011-04-20",
    "fiscal_date": "2011-03-27",
    "fiscal_year": 2011,
    "fiscal_quarter": 2,
    "r2_url": "https://pub-2c783279b61043e19fbdadd1bee5153a.r2.dev/QCOM/2011-04-20/qcom3271110q.htm/qcom3271110q.pdf",
    "periodicity": "periodic"
  },
  {
    "equity_ticker": "QCOM",
    "geography": "US",
    "content_name": "QCOM Q1 2011 10-Q",
    "file_type": "pdf",
    "content_type": "quarterly_report",
    "published_date": "2011-01-26",
    "fiscal_date": "2010-12-26",
    "fiscal_year": 2011,
    "fiscal_quarter": 1,
    "r2_url": "https://pub-2c783279b61043e19fbdadd1bee5153a.r2.dev/QCOM/2011-01-26/a58430e10vq.htm/a58430e10vq.pdf",
    "periodicity": "periodic"
  },
  {
    "equity_ticker": "QCOM",
    "geography": "US",
    "content_name": "QCOM Q4 2010 10-K",
    "file_type": "pdf",
    "content_type": "annual_report",
    "published_date": "2010-11-03",
    "fiscal_date": "2010-09-26",
    "fiscal_year": 2010,
    "fiscal_quarter": 4,
    "r2_url": "https://pub-2c783279b61043e19fbdadd1bee5153a.r2.dev/QCOM/2010-11-03/a57478e10vk.htm/a57478e10vk.pdf",
    "periodicity": "periodic"
  },
  {
    "equity_ticker": "QCOM",
    "geography": "US",
    "content_name": "QCOM Q3 2010 10-Q",
    "file_type": "pdf",
    "content_type": "quarterly_report",
    "published_date": "2010-07-21",
    "fiscal_date": "2010-06-27",
    "fiscal_year": 2010,
    "fiscal_quarter": 3,
    "r2_url": "https://pub-2c783279b61043e19fbdadd1bee5153a.r2.dev/QCOM/2010-07-21/a56728e10vq.htm/a56728e10vq.pdf",
    "periodicity": "periodic"
  },
  {
    "equity_ticker": "QCOM",
    "geography": "US",
    "content_name": "QCOM Q2 2010 10-Q",
    "file_type": "pdf",
    "content_type": "quarterly_report",
    "published_date": "2010-04-21",
    "fiscal_date": "2010-03-28",
    "fiscal_year": 2010,
    "fiscal_quarter": 2,
    "r2_url": "https://pub-2c783279b61043e19fbdadd1bee5153a.r2.dev/QCOM/2010-04-21/a55833e10vq.htm/a55833e10vq.pdf",
    "periodicity": "periodic"
  },
  {
    "equity_ticker": "QCOM",
    "geography": "US",
    "content_name": "QCOM Q1 2010 10-Q",
    "file_type": "pdf",
    "content_type": "quarterly_report",
    "published_date": "2010-01-27",
    "fiscal_date": "2009-12-27",
    "fiscal_year": 2010,
    "fiscal_quarter": 1,
    "r2_url": "https://pub-2c783279b61043e19fbdadd1bee5153a.r2.dev/QCOM/2010-01-27/a54942e10vq.htm/a54942e10vq.pdf",
    "periodicity": "periodic"
  },
  {
    "equity_ticker": "QCOM",
    "geography": "US",
    "content_name": "QCOM Q4 2009 10-K",
    "file_type": "pdf",
    "content_type": "annual_report",
    "published_date": "2009-11-04",
    "fiscal_date": "2009-09-27",
    "fiscal_year": 2009,
    "fiscal_quarter": 4,
    "r2_url": "https://pub-2c783279b61043e19fbdadd1bee5153a.r2.dev/QCOM/2009-11-04/a54086e10vk.htm/a54086e10vk.pdf",
    "periodicity": "periodic"
  },
  {
    "equity_ticker": "QCOM",
    "geography": "US",
    "content_name": "QCOM Q3 2009 10-Q",
    "file_type": "pdf",
    "content_type": "quarterly_report",
    "published_date": "2009-07-22",
    "fiscal_date": "2009-06-28",
    "fiscal_year": 2009,
    "fiscal_quarter": 3,
    "r2_url": "https://pub-2c783279b61043e19fbdadd1bee5153a.r2.dev/QCOM/2009-07-22/a53206e10vq.htm/a53206e10vq.pdf",
    "periodicity": "periodic"
  },
  {
    "equity_ticker": "QCOM",
    "geography": "US",
    "content_name": "QCOM Q2 2009 10-Q",
    "file_type": "pdf",
    "content_type": "quarterly_report",
    "published_date": "2009-04-29",
    "fiscal_date": "2009-03-29",
    "fiscal_year": 2009,
    "fiscal_quarter": 2,
    "r2_url": "https://pub-2c783279b61043e19fbdadd1bee5153a.r2.dev/QCOM/2009-04-29/a52247e10vq.htm/a52247e10vq.pdf",
    "periodicity": "periodic"
  },
  {
    "equity_ticker": "QCOM",
    "geography": "US",
    "content_name": "QCOM Q1 2009 10-Q",
    "file_type": "pdf",
    "content_type": "quarterly_report",
    "published_date": "2009-01-28",
    "fiscal_date": "2008-12-28",
    "fiscal_year": 2009,
    "fiscal_quarter": 1,
    "r2_url": "https://pub-2c783279b61043e19fbdadd1bee5153a.r2.dev/QCOM/2009-01-28/a51184e10vq.htm/a51184e10vq.pdf",
    "periodicity": "periodic"
  },
  {
    "equity_ticker": "QCOM",
    "geography": "US",
    "content_name": "QCOM Q4 2008 10-K",
    "file_type": "pdf",
    "content_type": "annual_report",
    "published_date": "2008-11-06",
    "fiscal_date": "2008-09-28",
    "fiscal_year": 2008,
    "fiscal_quarter": 4,
    "r2_url": "https://pub-2c783279b61043e19fbdadd1bee5153a.r2.dev/QCOM/2008-11-06/a50397e10vk.htm/a50397e10vk.pdf",
    "periodicity": "periodic"
  },
  {
    "equity_ticker": "QCOM",
    "geography": "US",
    "content_name": "QCOM Q3 2008 10-Q",
    "file_type": "pdf",
    "content_type": "quarterly_report",
    "published_date": "2008-07-24",
    "fiscal_date": "2008-06-29",
    "fiscal_year": 2008,
    "fiscal_quarter": 3,
    "r2_url": "https://pub-2c783279b61043e19fbdadd1bee5153a.r2.dev/QCOM/2008-07-24/a42335e10vq.htm/a42335e10vq.pdf",
    "periodicity": "periodic"
  },
  {
    "equity_ticker": "QCOM",
    "geography": "US",
    "content_name": "QCOM Q2 2008 10-Q",
    "file_type": "pdf",
    "content_type": "quarterly_report",
    "published_date": "2008-04-23",
    "fiscal_date": "2008-03-30",
    "fiscal_year": 2008,
    "fiscal_quarter": 2,
    "r2_url": "https://pub-2c783279b61043e19fbdadd1bee5153a.r2.dev/QCOM/2008-04-23/a40068e10vq.htm/a40068e10vq.pdf",
    "periodicity": "periodic"
  },
  {
    "equity_ticker": "QCOM",
    "geography": "US",
    "content_name": "QCOM Q1 2008 10-Q",
    "file_type": "pdf",
    "content_type": "quarterly_report",
    "published_date": "2008-01-23",
    "fiscal_date": "2007-12-30",
    "fiscal_year": 2008,
    "fiscal_quarter": 1,
    "r2_url": "https://pub-2c783279b61043e19fbdadd1bee5153a.r2.dev/QCOM/2008-01-23/a37255e10vq.htm/a37255e10vq.pdf",
    "periodicity": "periodic"
  },
  {
    "equity_ticker": "QCOM",
    "geography": "US",
    "content_name": "QCOM Q4 2007 10-K",
    "file_type": "pdf",
    "content_type": "annual_report",
    "published_date": "2007-11-08",
    "fiscal_date": "2007-09-30",
    "fiscal_year": 2007,
    "fiscal_quarter": 4,
    "r2_url": "https://pub-2c783279b61043e19fbdadd1bee5153a.r2.dev/QCOM/2007-11-08/a35354e10vk.htm/a35354e10vk.pdf",
    "periodicity": "periodic"
  },
  {
    "equity_ticker": "QCOM",
    "geography": "US",
    "content_name": "QCOM Q3 2007 10-Q",
    "file_type": "pdf",
    "content_type": "quarterly_report",
    "published_date": "2007-07-25",
    "fiscal_date": "2007-07-01",
    "fiscal_year": 2007,
    "fiscal_quarter": 3,
    "r2_url": "https://pub-2c783279b61043e19fbdadd1bee5153a.r2.dev/QCOM/2007-07-25/a32135e10vq.htm/a32135e10vq.pdf",
    "periodicity": "periodic"
  },
  {
    "equity_ticker": "QCOM",
    "geography": "US",
    "content_name": "QCOM Q2 2007 10-Q",
    "file_type": "pdf",
    "content_type": "quarterly_report",
    "published_date": "2007-04-25",
    "fiscal_date": "2007-04-01",
    "fiscal_year": 2007,
    "fiscal_quarter": 2,
    "r2_url": "https://pub-2c783279b61043e19fbdadd1bee5153a.r2.dev/QCOM/2007-04-25/a29474e10vq.htm/a29474e10vq.pdf",
    "periodicity": "periodic"
  },
  {
    "equity_ticker": "QCOM",
    "geography": "US",
    "content_name": "QCOM Q1 2007 10-Q",
    "file_type": "pdf",
    "content_type": "quarterly_report",
    "published_date": "2007-01-24",
    "fiscal_date": "2006-12-31",
    "fiscal_year": 2007,
    "fiscal_quarter": 1,
    "r2_url": "https://pub-2c783279b61043e19fbdadd1bee5153a.r2.dev/QCOM/2007-01-24/a26643e10vq.htm/a26643e10vq.pdf",
    "periodicity": "periodic"
  },
  {
    "equity_ticker": "QCOM",
    "geography": "US",
    "content_name": "QCOM Q4 2006 10-K",
    "file_type": "pdf",
    "content_type": "annual_report",
    "published_date": "2006-11-02",
    "fiscal_date": "2006-09-24",
    "fiscal_year": 2006,
    "fiscal_quarter": 4,
    "r2_url": "https://pub-2c783279b61043e19fbdadd1bee5153a.r2.dev/QCOM/2006-11-02/a24679e10vk.htm/a24679e10vk.pdf",
    "periodicity": "periodic"
  },
  {
    "equity_ticker": "QCOM",
    "geography": "US",
    "content_name": "QCOM Q3 2006 10-Q",
    "file_type": "pdf",
    "content_type": "quarterly_report",
    "published_date": "2006-07-19",
    "fiscal_date": "2006-06-25",
    "fiscal_year": 2006,
    "fiscal_quarter": 3,
    "r2_url": "https://pub-2c783279b61043e19fbdadd1bee5153a.r2.dev/QCOM/2006-07-19/a22159e10vq.htm/a22159e10vq.pdf",
    "periodicity": "periodic"
  },
  {
    "equity_ticker": "QCOM",
    "geography": "US",
    "content_name": "QCOM Q2 2006 10-Q",
    "file_type": "pdf",
    "content_type": "quarterly_report",
    "published_date": "2006-04-19",
    "fiscal_date": "2006-03-26",
    "fiscal_year": 2006,
    "fiscal_quarter": 2,
    "r2_url": "https://pub-2c783279b61043e19fbdadd1bee5153a.r2.dev/QCOM/2006-04-19/a19688e10vq.htm/a19688e10vq.pdf",
    "periodicity": "periodic"
  },
  {
    "equity_ticker": "QCOM",
    "geography": "US",
    "content_name": "QCOM Q1 2006 10-Q",
    "file_type": "pdf",
    "content_type": "quarterly_report",
    "published_date": "2006-01-25",
    "fiscal_date": "2005-12-25",
    "fiscal_year": 2006,
    "fiscal_quarter": 1,
    "r2_url": "https://pub-2c783279b61043e19fbdadd1bee5153a.r2.dev/QCOM/2006-01-25/a16462e10vq.htm/a16462e10vq.pdf",
    "periodicity": "periodic"
  },
  {
    "equity_ticker": "QCOM",
    "geography": "US",
    "content_name": "QCOM Q4 2005 10-K",
    "file_type": "pdf",
    "content_type": "annual_report",
    "published_date": "2005-11-02",
    "fiscal_date": "2005-09-25",
    "fiscal_year": 2005,
    "fiscal_quarter": 4,
    "r2_url": "https://pub-2c783279b61043e19fbdadd1bee5153a.r2.dev/QCOM/2005-11-02/a14009e10vk.htm/a14009e10vk.pdf",
    "periodicity": "periodic"
  },
  {
    "equity_ticker": "QCOM",
    "geography": "US",
    "content_name": "QCOM Q3 2005 10-Q",
    "file_type": "pdf",
    "content_type": "quarterly_report",
    "published_date": "2005-07-20",
    "fiscal_date": "2005-06-26",
    "fiscal_year": 2005,
    "fiscal_quarter": 3,
    "r2_url": "https://pub-2c783279b61043e19fbdadd1bee5153a.r2.dev/QCOM/2005-07-20/a10805e10vq.htm/a10805e10vq.pdf",
    "periodicity": "periodic"
  },
  {
    "equity_ticker": "QCOM",
    "geography": "US",
    "content_name": "QCOM Q2 2005 10-Q",
    "file_type": "pdf",
    "content_type": "quarterly_report",
    "published_date": "2005-04-20",
    "fiscal_date": "2005-03-27",
    "fiscal_year": 2005,
    "fiscal_quarter": 2,
    "r2_url": "https://pub-2c783279b61043e19fbdadd1bee5153a.r2.dev/QCOM/2005-04-20/a08084e10vq.htm/a08084e10vq.pdf",
    "periodicity": "periodic"
  },
  {
    "equity_ticker": "QCOM",
    "geography": "US",
    "content_name": "QCOM Q1 2005 10-Q",
    "file_type": "pdf",
    "content_type": "quarterly_report",
    "published_date": "2005-01-19",
    "fiscal_date": "2004-12-26",
    "fiscal_year": 2005,
    "fiscal_quarter": 1,
    "r2_url": "https://pub-2c783279b61043e19fbdadd1bee5153a.r2.dev/QCOM/2005-01-19/a04746e10vq.htm/a04746e10vq.pdf",
    "periodicity": "periodic"
  },
  {
    "equity_ticker": "QCOM",
    "geography": "US",
    "content_name": "QCOM Q4 2004 10-K",
    "file_type": "pdf",
    "content_type": "annual_report",
    "published_date": "2004-11-03",
    "fiscal_date": "2004-09-26",
    "fiscal_year": 2004,
    "fiscal_quarter": 4,
    "r2_url": "https://pub-2c783279b61043e19fbdadd1bee5153a.r2.dev/QCOM/2004-11-03/a02900e10vk.htm/a02900e10vk.pdf",
    "periodicity": "periodic"
  },
  {
    "equity_ticker": "QCOM",
    "geography": "US",
    "content_name": "QCOM Q3 2004 10-Q",
    "file_type": "pdf",
    "content_type": "quarterly_report",
    "published_date": "2004-07-21",
    "fiscal_date": "2004-06-27",
    "fiscal_year": 2004,
    "fiscal_quarter": 3,
    "r2_url": "https://pub-2c783279b61043e19fbdadd1bee5153a.r2.dev/QCOM/2004-07-21/a00338e10vq.htm/a00338e10vq.pdf",
    "periodicity": "periodic"
  },
  {
    "equity_ticker": "QCOM",
    "geography": "US",
    "content_name": "QCOM Q2 2004 10-Q",
    "file_type": "pdf",
    "content_type": "quarterly_report",
    "published_date": "2004-04-21",
    "fiscal_date": "2004-03-28",
    "fiscal_year": 2004,
    "fiscal_quarter": 2,
    "r2_url": "https://pub-2c783279b61043e19fbdadd1bee5153a.r2.dev/QCOM/2004-04-21/a98252e10vq.htm/a98252e10vq.pdf",
    "periodicity": "periodic"
  },
  {
    "equity_ticker": "QCOM",
    "geography": "US",
    "content_name": "QCOM Q1 2004 10-Q",
    "file_type": "pdf",
    "content_type": "quarterly_report",
    "published_date": "2004-01-21",
    "fiscal_date": "2003-12-28",
    "fiscal_year": 2004,
    "fiscal_quarter": 1,
    "r2_url": "https://pub-2c783279b61043e19fbdadd1bee5153a.r2.dev/QCOM/2004-01-21/a95740e10vq.htm/a95740e10vq.pdf",
    "periodicity": "periodic"
  },
  {
    "equity_ticker": "QCOM",
    "geography": "US",
    "content_name": "QCOM Q4 2003 10-K",
    "file_type": "pdf",
    "content_type": "annual_report",
    "published_date": "2003-11-05",
    "fiscal_date": "2003-09-28",
    "fiscal_year": 2003,
    "fiscal_quarter": 4,
    "r2_url": "https://pub-2c783279b61043e19fbdadd1bee5153a.r2.dev/QCOM/2003-11-05/a94029e10vk.htm/a94029e10vk.pdf",
    "periodicity": "periodic"
  },
  {
    "equity_ticker": "QCOM",
    "geography": "US",
    "content_name": "QCOM Q3 2003 10-Q",
    "file_type": "pdf",
    "content_type": "quarterly_report",
    "published_date": "2003-07-23",
    "fiscal_date": "2003-06-29",
    "fiscal_year": 2003,
    "fiscal_quarter": 3,
    "r2_url": "https://pub-2c783279b61043e19fbdadd1bee5153a.r2.dev/QCOM/2003-07-23/a91623e10vq.htm/a91623e10vq.pdf",
    "periodicity": "periodic"
  },
  {
    "equity_ticker": "QCOM",
    "geography": "US",
    "content_name": "QCOM Q2 2003 10-Q",
    "file_type": "pdf",
    "content_type": "quarterly_report",
    "published_date": "2003-04-23",
    "fiscal_date": "2003-03-30",
    "fiscal_year": 2003,
    "fiscal_quarter": 2,
    "r2_url": "https://pub-2c783279b61043e19fbdadd1bee5153a.r2.dev/QCOM/2003-04-23/a89297e10vq.htm/a89297e10vq.pdf",
    "periodicity": "periodic"
  },
  {
    "equity_ticker": "QCOM",
    "geography": "US",
    "content_name": "QCOM Q1 2003 10-Q",
    "file_type": "pdf",
    "content_type": "quarterly_report",
    "published_date": "2003-01-22",
    "fiscal_date": "2002-12-29",
    "fiscal_year": 2003,
    "fiscal_quarter": 1,
    "r2_url": "https://pub-2c783279b61043e19fbdadd1bee5153a.r2.dev/QCOM/2003-01-22/a87070e10vq.htm/a87070e10vq.pdf",
    "periodicity": "periodic"
  },
  {
    "equity_ticker": "QCOM",
    "geography": "US",
    "content_name": "QCOM Q4 2002 10-K",
    "file_type": "pdf",
    "content_type": "annual_report",
    "published_date": "2002-11-26",
    "fiscal_date": "2002-09-29",
    "fiscal_year": 2002,
    "fiscal_quarter": 4,
    "r2_url": "https://pub-2c783279b61043e19fbdadd1bee5153a.r2.dev/QCOM/2002-11-26/a85543e10vk.htm/a85543e10vk.pdf",
    "periodicity": "periodic"
  },
  {
    "equity_ticker": "QCOM",
    "geography": "US",
    "content_name": "QCOM Q3 2002 10-Q",
    "file_type": "pdf",
    "content_type": "quarterly_report",
    "published_date": "2002-07-25",
    "fiscal_date": "2002-06-30",
    "fiscal_year": 2002,
    "fiscal_quarter": 3,
    "r2_url": "https://pub-2c783279b61043e19fbdadd1bee5153a.r2.dev/QCOM/2002-07-25/a83070e10vq.htm/a83070e10vq.pdf",
    "periodicity": "periodic"
  },
  {
    "equity_ticker": "QCOM",
    "geography": "US",
    "content_name": "QCOM Q2 2002 10-Q",
    "file_type": "pdf",
    "content_type": "quarterly_report",
    "published_date": "2002-04-24",
    "fiscal_date": "2002-03-31",
    "fiscal_year": 2002,
    "fiscal_quarter": 2,
    "r2_url": "https://pub-2c783279b61043e19fbdadd1bee5153a.r2.dev/QCOM/2002-04-24/a81020e10-q.htm/a81020e10-q.pdf",
    "periodicity": "periodic"
  },
  {
    "equity_ticker": "QCOM",
    "geography": "US",
    "content_name": "QCOM Q1 2002 10-Q",
    "file_type": "pdf",
    "content_type": "quarterly_report",
    "published_date": "2002-01-25",
    "fiscal_date": "2001-12-30",
    "fiscal_year": 2002,
    "fiscal_quarter": 1,
    "r2_url": "https://pub-2c783279b61043e19fbdadd1bee5153a.r2.dev/QCOM/2002-01-25/a78634e10-q.htm/a78634e10-q.pdf",
    "periodicity": "periodic"
  },
  {
    "equity_ticker": "QCOM",
    "geography": "US",
    "content_name": "QCOM Q4 2001 10-K",
    "file_type": "pdf",
    "content_type": "annual_report",
    "published_date": "2001-11-09",
    "fiscal_date": "2001-09-30",
    "fiscal_year": 2001,
    "fiscal_quarter": 4,
    "r2_url": "https://pub-2c783279b61043e19fbdadd1bee5153a.r2.dev/QCOM/2001-11-09/a76829e10-k.htm/a76829e10-k.pdf",
    "periodicity": "periodic"
  },
  {
    "equity_ticker": "QCOM",
    "geography": "US",
    "content_name": "QCOM Q3 2001 10-Q",
    "file_type": "pdf",
    "content_type": "quarterly_report",
    "published_date": "2001-07-27",
    "fiscal_date": "2001-07-01",
    "fiscal_year": 2001,
    "fiscal_quarter": 3,
    "r2_url": "https://pub-2c783279b61043e19fbdadd1bee5153a.r2.dev/QCOM/2001-07-27/a74431e10-q.htm/a74431e10-q.pdf",
    "periodicity": "periodic"
  },
  {
    "equity_ticker": "QCOM",
    "geography": "US",
    "content_name": "QCOM Q2 2001 10-Q",
    "file_type": "pdf",
    "content_type": "quarterly_report",
    "published_date": "2001-04-26",
    "fiscal_date": "2001-04-01",
    "fiscal_year": 2001,
    "fiscal_quarter": 2,
    "r2_url": "https://pub-2c783279b61043e19fbdadd1bee5153a.r2.dev/QCOM/2001-04-26/a71824e10-q.htm/a71824e10-q.pdf",
    "periodicity": "periodic"
  },
  {
    "equity_ticker": "QCOM",
    "geography": "US",
    "content_name": "QCOM Q1 2001 10-Q",
    "file_type": "pdf",
    "content_type": "quarterly_report",
    "published_date": "2001-01-26",
    "fiscal_date": "2000-12-31",
    "fiscal_year": 2001,
    "fiscal_quarter": 1,
    "r2_url": "https://pub-2c783279b61043e19fbdadd1bee5153a.r2.dev/QCOM/2001-01-26/a2036376z10-q.txt/a2036376z10-q.pdf",
    "periodicity": "periodic"
  },
  {
    "equity_ticker": "QCOM",
    "geography": "US",
    "content_name": "QCOM Q4 2000 10-K",
    "file_type": "pdf",
    "content_type": "annual_report",
    "published_date": "2000-11-03",
    "fiscal_date": "2000-09-24",
    "fiscal_year": 2000,
    "fiscal_quarter": 4,
    "r2_url": "https://pub-2c783279b61043e19fbdadd1bee5153a.r2.dev/QCOM/2000-11-03/a2029329z10-k.txt/a2029329z10-k.pdf",
    "periodicity": "periodic"
  },
  {
    "equity_ticker": "QCOM",
    "geography": "US",
    "content_name": "QCOM Q3 2000 10-Q",
    "file_type": "pdf",
    "content_type": "quarterly_report",
    "published_date": "2000-07-25",
    "fiscal_date": "2000-06-25",
    "fiscal_year": 2000,
    "fiscal_quarter": 3,
    "r2_url": "https://pub-2c783279b61043e19fbdadd1bee5153a.r2.dev/QCOM/2000-07-25/a10-q.txt/a10-q.pdf",
    "periodicity": "periodic"
  },
  {
    "equity_ticker": "QCOM",
    "geography": "US",
    "content_name": "QCOM Q2 2000 10-Q",
    "file_type": "pdf",
    "content_type": "quarterly_report",
    "published_date": "2000-04-26",
    "fiscal_date": "2000-03-26",
    "fiscal_year": 2000,
    "fiscal_quarter": 2,
    "r2_url": "https://pub-2c783279b61043e19fbdadd1bee5153a.r2.dev/QCOM/2000-04-26/.pdf",
    "periodicity": "periodic"
  },
  {
    "equity_ticker": "QCOM",
    "geography": "US",
    "content_name": "QCOM Q1 2000 10-Q",
    "file_type": "pdf",
    "content_type": "quarterly_report",
    "published_date": "2000-01-28",
    "fiscal_date": "1999-12-26",
    "fiscal_year": 2000,
    "fiscal_quarter": 1,
    "r2_url": "https://pub-2c783279b61043e19fbdadd1bee5153a.r2.dev/QCOM/2000-01-28/.pdf",
    "periodicity": "periodic"
  },
  {
    "equity_ticker": "QCOM",
    "geography": "US",
    "content_name": "QCOM Q3 1999 10-Q",
    "file_type": "pdf",
    "content_type": "quarterly_report",
    "published_date": "1999-05-11",
    "fiscal_date": "1999-03-28",
    "fiscal_year": 1999,
    "fiscal_quarter": 3,
    "r2_url": "https://pub-2c783279b61043e19fbdadd1bee5153a.r2.dev/QCOM/1999-05-11/.pdf",
    "periodicity": "periodic"
  },
  {
    "equity_ticker": "QCOM",
    "geography": "US",
    "content_name": "QCOM Q2 1999 10-Q",
    "file_type": "pdf",
    "content_type": "quarterly_report",
    "published_date": "1999-01-26",
    "fiscal_date": "1998-12-27",
    "fiscal_year": 1999,
    "fiscal_quarter": 2,
    "r2_url": "https://pub-2c783279b61043e19fbdadd1bee5153a.r2.dev/QCOM/1999-01-26/.pdf",
    "periodicity": "periodic"
  },
  {
    "equity_ticker": "QCOM",
    "geography": "US",
    "content_name": "QCOM Q1 1999 10-K",
    "file_type": "pdf",
    "content_type": "annual_report",
    "published_date": "1998-11-23",
    "fiscal_date": "1998-09-27",
    "fiscal_year": 1999,
    "fiscal_quarter": 1,
    "r2_url": "https://pub-2c783279b61043e19fbdadd1bee5153a.r2.dev/QCOM/1998-11-23/.pdf",
    "periodicity": "periodic"
  },
  {
    "equity_ticker": "QCOM",
    "geography": "US",
    "content_name": "QCOM Q4 1998 10-Q",
    "file_type": "pdf",
    "content_type": "quarterly_report",
    "published_date": "1998-07-27",
    "fiscal_date": "1998-06-28",
    "fiscal_year": 1998,
    "fiscal_quarter": 4,
    "r2_url": "https://pub-2c783279b61043e19fbdadd1bee5153a.r2.dev/QCOM/1998-07-27/.pdf",
    "periodicity": "periodic"
  },
  {
    "equity_ticker": "QCOM",
    "geography": "US",
    "content_name": "QCOM Q3 1998 10-Q",
    "file_type": "pdf",
    "content_type": "quarterly_report",
    "published_date": "1998-04-24",
    "fiscal_date": "1998-03-29",
    "fiscal_year": 1998,
    "fiscal_quarter": 3,
    "r2_url": "https://pub-2c783279b61043e19fbdadd1bee5153a.r2.dev/QCOM/1998-04-24/.pdf",
    "periodicity": "periodic"
  },
  {
    "equity_ticker": "QCOM",
    "geography": "US",
    "content_name": "QCOM Q2 1998 10-Q",
    "file_type": "pdf",
    "content_type": "quarterly_report",
    "published_date": "1998-02-11",
    "fiscal_date": "1997-12-28",
    "fiscal_year": 1998,
    "fiscal_quarter": 2,
    "r2_url": "https://pub-2c783279b61043e19fbdadd1bee5153a.r2.dev/QCOM/1998-02-11/.pdf",
    "periodicity": "periodic"
  },
  {
    "equity_ticker": "QCOM",
    "geography": "US",
    "content_name": "QCOM Q1 1998 10-Q",
    "file_type": "pdf",
    "content_type": "quarterly_report",
    "published_date": "1997-08-06",
    "fiscal_date": "1997-06-29",
    "fiscal_year": 1998,
    "fiscal_quarter": 1,
    "r2_url": "https://pub-2c783279b61043e19fbdadd1bee5153a.r2.dev/QCOM/1997-08-06/.pdf",
    "periodicity": "periodic"
  },
  {
    "equity_ticker": "QCOM",
    "geography": "US",
    "content_name": "QCOM Q4 1997 10-Q",
    "file_type": "pdf",
    "content_type": "quarterly_report",
    "published_date": "1997-05-07",
    "fiscal_date": "1997-03-30",
    "fiscal_year": 1997,
    "fiscal_quarter": 4,
    "r2_url": "https://pub-2c783279b61043e19fbdadd1bee5153a.r2.dev/QCOM/1997-05-07/.pdf",
    "periodicity": "periodic"
  },
  {
    "equity_ticker": "QCOM",
    "geography": "US",
    "content_name": "QCOM Q3 1997 10-Q",
    "file_type": "pdf",
    "content_type": "quarterly_report",
    "published_date": "1997-02-10",
    "fiscal_date": "1996-12-31",
    "fiscal_year": 1997,
    "fiscal_quarter": 3,
    "r2_url": "https://pub-2c783279b61043e19fbdadd1bee5153a.r2.dev/QCOM/1997-02-10/.pdf",
    "periodicity": "periodic"
  },
  {
    "equity_ticker": "QCOM",
    "geography": "US",
    "content_name": "QCOM Q2 1997 10-K",
    "file_type": "pdf",
    "content_type": "annual_report",
    "published_date": "1996-12-03",
    "fiscal_date": "1996-09-29",
    "fiscal_year": 1997,
    "fiscal_quarter": 2,
    "r2_url": "https://pub-2c783279b61043e19fbdadd1bee5153a.r2.dev/QCOM/1996-12-03/.pdf",
    "periodicity": "periodic"
  },
  {
    "equity_ticker": "QCOM",
    "geography": "US",
    "content_name": "QCOM Q1 1997 10-Q",
    "file_type": "pdf",
    "content_type": "quarterly_report",
    "published_date": "1996-08-08",
    "fiscal_date": "1996-06-30",
    "fiscal_year": 1997,
    "fiscal_quarter": 1,
    "r2_url": "https://pub-2c783279b61043e19fbdadd1bee5153a.r2.dev/QCOM/1996-08-08/.pdf",
    "periodicity": "periodic"
  },
  {
    "equity_ticker": "QCOM",
    "geography": "US",
    "content_name": "QCOM Q4 1996 10-Q",
    "file_type": "pdf",
    "content_type": "quarterly_report",
    "published_date": "1996-05-13",
    "fiscal_date": "1996-03-31",
    "fiscal_year": 1996,
    "fiscal_quarter": 4,
    "r2_url": "https://pub-2c783279b61043e19fbdadd1bee5153a.r2.dev/QCOM/1996-05-13/.pdf",
    "periodicity": "periodic"
  }
]