[
  {
    "equity_ticker": "SAM",
    "geography": "US",
    "content_name": "SAM Q4 2024 10-K",
    "file_type": "pdf",
    "content_type": "annual_report",
    "published_date": "2025-02-25",
    "fiscal_date": "2024-12-28",
    "fiscal_year": 2024,
    "fiscal_quarter": 4,
    "r2_url": "https://pub-2c783279b61043e19fbdadd1bee5153a.r2.dev/SAM/2025-02-25/sam-20241228.htm/sam-20241228.pdf",
    "periodicity": "periodic"
  },
  {
    "equity_ticker": "SAM",
    "geography": "US",
    "content_name": "SAM Q3 2024 10-Q",
    "file_type": "pdf",
    "content_type": "quarterly_report",
    "published_date": "2024-10-24",
    "fiscal_date": "2024-09-28",
    "fiscal_year": 2024,
    "fiscal_quarter": 3,
    "r2_url": "https://pub-2c783279b61043e19fbdadd1bee5153a.r2.dev/SAM/2024-10-24/sam-20240928.htm/sam-20240928.pdf",
    "periodicity": "periodic"
  },
  {
    "equity_ticker": "SAM",
    "geography": "US",
    "content_name": "SAM Q2 2024 10-Q",
    "file_type": "pdf",
    "content_type": "quarterly_report",
    "published_date": "2024-07-25",
    "fiscal_date": "2024-06-29",
    "fiscal_year": 2024,
    "fiscal_quarter": 2,
    "r2_url": "https://pub-2c783279b61043e19fbdadd1bee5153a.r2.dev/SAM/2024-07-25/sam-20240629.htm/sam-20240629.pdf",
    "periodicity": "periodic"
  },
  {
    "equity_ticker": "SAM",
    "geography": "US",
    "content_name": "SAM Q1 2024 10-Q",
    "file_type": "pdf",
    "content_type": "quarterly_report",
    "published_date": "2024-04-25",
    "fiscal_date": "2024-03-30",
    "fiscal_year": 2024,
    "fiscal_quarter": 1,
    "r2_url": "https://pub-2c783279b61043e19fbdadd1bee5153a.r2.dev/SAM/2024-04-25/sam-20240330.htm/sam-20240330.pdf",
    "periodicity": "periodic"
  },
  {
    "equity_ticker": "SAM",
    "geography": "US",
    "content_name": "SAM Q4 2023 10-K",
    "file_type": "pdf",
    "content_type": "annual_report",
    "published_date": "2024-02-27",
    "fiscal_date": "2023-12-30",
    "fiscal_year": 2023,
    "fiscal_quarter": 4,
    "r2_url": "https://pub-2c783279b61043e19fbdadd1bee5153a.r2.dev/SAM/2024-02-27/sam-20231230.htm/sam-20231230.pdf",
    "periodicity": "periodic"
  },
  {
    "equity_ticker": "SAM",
    "geography": "US",
    "content_name": "SAM Q3 2023 10-Q",
    "file_type": "pdf",
    "content_type": "quarterly_report",
    "published_date": "2023-10-26",
    "fiscal_date": "2023-09-30",
    "fiscal_year": 2023,
    "fiscal_quarter": 3,
    "r2_url": "https://pub-2c783279b61043e19fbdadd1bee5153a.r2.dev/SAM/2023-10-26/sam-20230930.htm/sam-20230930.pdf",
    "periodicity": "periodic"
  },
  {
    "equity_ticker": "SAM",
    "geography": "US",
    "content_name": "SAM Q2 2023 10-Q",
    "file_type": "pdf",
    "content_type": "quarterly_report",
    "published_date": "2023-07-27",
    "fiscal_date": "2023-07-01",
    "fiscal_year": 2023,
    "fiscal_quarter": 2,
    "r2_url": "https://pub-2c783279b61043e19fbdadd1bee5153a.r2.dev/SAM/2023-07-27/sam-20230701.htm/sam-20230701.pdf",
    "periodicity": "periodic"
  },
  {
    "equity_ticker": "SAM",
    "geography": "US",
    "content_name": "SAM Q1 2023 10-Q",
    "file_type": "pdf",
    "content_type": "quarterly_report",
    "published_date": "2023-04-27",
    "fiscal_date": "2023-04-01",
    "fiscal_year": 2023,
    "fiscal_quarter": 1,
    "r2_url": "https://pub-2c783279b61043e19fbdadd1bee5153a.r2.dev/SAM/2023-04-27/sam-20230401.htm/sam-20230401.pdf",
    "periodicity": "periodic"
  },
  {
    "equity_ticker": "SAM",
    "geography": "US",
    "content_name": "SAM Q4 2022 10-K",
    "file_type": "pdf",
    "content_type": "annual_report",
    "published_date": "2023-02-22",
    "fiscal_date": "2022-12-31",
    "fiscal_year": 2022,
    "fiscal_quarter": 4,
    "r2_url": "https://pub-2c783279b61043e19fbdadd1bee5153a.r2.dev/SAM/2023-02-22/sam-20221231.htm/sam-20221231.pdf",
    "periodicity": "periodic"
  },
  {
    "equity_ticker": "SAM",
    "geography": "US",
    "content_name": "SAM Q3 2022 10-Q",
    "file_type": "pdf",
    "content_type": "quarterly_report",
    "published_date": "2022-10-20",
    "fiscal_date": "2022-09-24",
    "fiscal_year": 2022,
    "fiscal_quarter": 3,
    "r2_url": "https://pub-2c783279b61043e19fbdadd1bee5153a.r2.dev/SAM/2022-10-20/sam-20220924.htm/sam-20220924.pdf",
    "periodicity": "periodic"
  },
  {
    "equity_ticker": "SAM",
    "geography": "US",
    "content_name": "SAM Q2 2022 10-Q",
    "file_type": "pdf",
    "content_type": "quarterly_report",
    "published_date": "2022-07-21",
    "fiscal_date": "2022-06-25",
    "fiscal_year": 2022,
    "fiscal_quarter": 2,
    "r2_url": "https://pub-2c783279b61043e19fbdadd1bee5153a.r2.dev/SAM/2022-07-21/sam-20220625.htm/sam-20220625.pdf",
    "periodicity": "periodic"
  },
  {
    "equity_ticker": "SAM",
    "geography": "US",
    "content_name": "SAM Q1 2022 10-Q",
    "file_type": "pdf",
    "content_type": "quarterly_report",
    "published_date": "2022-04-21",
    "fiscal_date": "2022-03-26",
    "fiscal_year": 2022,
    "fiscal_quarter": 1,
    "r2_url": "https://pub-2c783279b61043e19fbdadd1bee5153a.r2.dev/SAM/2022-04-21/sam-20220326.htm/sam-20220326.pdf",
    "periodicity": "periodic"
  },
  {
    "equity_ticker": "SAM",
    "geography": "US",
    "content_name": "SAM Q4 2021 10-K",
    "file_type": "pdf",
    "content_type": "annual_report",
    "published_date": "2022-02-22",
    "fiscal_date": "2021-12-25",
    "fiscal_year": 2021,
    "fiscal_quarter": 4,
    "r2_url": "https://pub-2c783279b61043e19fbdadd1bee5153a.r2.dev/SAM/2022-02-22/sam-20211225.htm/sam-20211225.pdf",
    "periodicity": "periodic"
  },
  {
    "equity_ticker": "SAM",
    "geography": "US",
    "content_name": "SAM Q3 2021 10-Q",
    "file_type": "pdf",
    "content_type": "quarterly_report",
    "published_date": "2021-10-21",
    "fiscal_date": "2021-09-25",
    "fiscal_year": 2021,
    "fiscal_quarter": 3,
    "r2_url": "https://pub-2c783279b61043e19fbdadd1bee5153a.r2.dev/SAM/2021-10-21/sam-20210925.htm/sam-20210925.pdf",
    "periodicity": "periodic"
  },
  {
    "equity_ticker": "SAM",
    "geography": "US",
    "content_name": "SAM Q2 2021 10-Q",
    "file_type": "pdf",
    "content_type": "quarterly_report",
    "published_date": "2021-07-22",
    "fiscal_date": "2021-06-26",
    "fiscal_year": 2021,
    "fiscal_quarter": 2,
    "r2_url": "https://pub-2c783279b61043e19fbdadd1bee5153a.r2.dev/SAM/2021-07-22/sam-10q_20210626.htm/sam-10q_20210626.pdf",
    "periodicity": "periodic"
  },
  {
    "equity_ticker": "SAM",
    "geography": "US",
    "content_name": "SAM Q1 2021 10-Q",
    "file_type": "pdf",
    "content_type": "quarterly_report",
    "published_date": "2021-04-22",
    "fiscal_date": "2021-03-27",
    "fiscal_year": 2021,
    "fiscal_quarter": 1,
    "r2_url": "https://pub-2c783279b61043e19fbdadd1bee5153a.r2.dev/SAM/2021-04-22/sam-10q_20210327.htm/sam-10q_20210327.pdf",
    "periodicity": "periodic"
  },
  {
    "equity_ticker": "SAM",
    "geography": "US",
    "content_name": "SAM Q4 2020 10-K",
    "file_type": "pdf",
    "content_type": "annual_report",
    "published_date": "2021-02-17",
    "fiscal_date": "2020-12-26",
    "fiscal_year": 2020,
    "fiscal_quarter": 4,
    "r2_url": "https://pub-2c783279b61043e19fbdadd1bee5153a.r2.dev/SAM/2021-02-17/sam-10k_20201226.htm/sam-10k_20201226.pdf",
    "periodicity": "periodic"
  },
  {
    "equity_ticker": "SAM",
    "geography": "US",
    "content_name": "SAM Q3 2020 10-Q",
    "file_type": "pdf",
    "content_type": "quarterly_report",
    "published_date": "2020-10-22",
    "fiscal_date": "2020-09-26",
    "fiscal_year": 2020,
    "fiscal_quarter": 3,
    "r2_url": "https://pub-2c783279b61043e19fbdadd1bee5153a.r2.dev/SAM/2020-10-22/d79798d10q.htm/d79798d10q.pdf",
    "periodicity": "periodic"
  },
  {
    "equity_ticker": "SAM",
    "geography": "US",
    "content_name": "SAM Q2 2020 10-Q",
    "file_type": "pdf",
    "content_type": "quarterly_report",
    "published_date": "2020-07-23",
    "fiscal_date": "2020-06-27",
    "fiscal_year": 2020,
    "fiscal_quarter": 2,
    "r2_url": "https://pub-2c783279b61043e19fbdadd1bee5153a.r2.dev/SAM/2020-07-23/d31492d10q.htm/ix.pdf",
    "periodicity": "periodic"
  },
  {
    "equity_ticker": "SAM",
    "geography": "US",
    "content_name": "SAM Q1 2020 10-Q",
    "file_type": "pdf",
    "content_type": "quarterly_report",
    "published_date": "2020-04-22",
    "fiscal_date": "2020-03-28",
    "fiscal_year": 2020,
    "fiscal_quarter": 1,
    "r2_url": "https://pub-2c783279b61043e19fbdadd1bee5153a.r2.dev/SAM/2020-04-22/d900743d10q.htm/ix.pdf",
    "periodicity": "periodic"
  },
  {
    "equity_ticker": "SAM",
    "geography": "US",
    "content_name": "SAM Q4 2019 10-K",
    "file_type": "pdf",
    "content_type": "annual_report",
    "published_date": "2020-02-19",
    "fiscal_date": "2019-12-28",
    "fiscal_year": 2019,
    "fiscal_quarter": 4,
    "r2_url": "https://pub-2c783279b61043e19fbdadd1bee5153a.r2.dev/SAM/2020-02-19/d860744d10k.htm/ix.pdf",
    "periodicity": "periodic"
  },
  {
    "equity_ticker": "SAM",
    "geography": "US",
    "content_name": "SAM Q3 2019 10-Q",
    "file_type": "pdf",
    "content_type": "quarterly_report",
    "published_date": "2019-10-29",
    "fiscal_date": "2019-09-28",
    "fiscal_year": 2019,
    "fiscal_quarter": 3,
    "r2_url": "https://pub-2c783279b61043e19fbdadd1bee5153a.r2.dev/SAM/2019-10-29/d796885d10q.htm/ix.pdf",
    "periodicity": "periodic"
  },
  {
    "equity_ticker": "SAM",
    "geography": "US",
    "content_name": "SAM Q2 2019 10-Q",
    "file_type": "pdf",
    "content_type": "quarterly_report",
    "published_date": "2019-07-25",
    "fiscal_date": "2019-06-29",
    "fiscal_year": 2019,
    "fiscal_quarter": 2,
    "r2_url": "https://pub-2c783279b61043e19fbdadd1bee5153a.r2.dev/SAM/2019-07-25/sam-20190629.htm/ix.pdf",
    "periodicity": "periodic"
  },
  {
    "equity_ticker": "SAM",
    "geography": "US",
    "content_name": "SAM Q1 2019 10-Q",
    "file_type": "pdf",
    "content_type": "quarterly_report",
    "published_date": "2019-04-24",
    "fiscal_date": "2019-03-30",
    "fiscal_year": 2019,
    "fiscal_quarter": 1,
    "r2_url": "https://pub-2c783279b61043e19fbdadd1bee5153a.r2.dev/SAM/2019-04-24/d699592d10q.htm/d699592d10q.pdf",
    "periodicity": "periodic"
  },
  {
    "equity_ticker": "SAM",
    "geography": "US",
    "content_name": "SAM Q4 2018 10-K",
    "file_type": "pdf",
    "content_type": "annual_report",
    "published_date": "2019-02-20",
    "fiscal_date": "2018-12-29",
    "fiscal_year": 2018,
    "fiscal_quarter": 4,
    "r2_url": "https://pub-2c783279b61043e19fbdadd1bee5153a.r2.dev/SAM/2019-02-20/d681882d10k.htm/d681882d10k.pdf",
    "periodicity": "periodic"
  },
  {
    "equity_ticker": "SAM",
    "geography": "US",
    "content_name": "SAM Q3 2018 10-Q",
    "file_type": "pdf",
    "content_type": "quarterly_report",
    "published_date": "2018-10-25",
    "fiscal_date": "2018-09-29",
    "fiscal_year": 2018,
    "fiscal_quarter": 3,
    "r2_url": "https://pub-2c783279b61043e19fbdadd1bee5153a.r2.dev/SAM/2018-10-25/d637897d10q.htm/d637897d10q.pdf",
    "periodicity": "periodic"
  },
  {
    "equity_ticker": "SAM",
    "geography": "US",
    "content_name": "SAM Q2 2018 10-Q",
    "file_type": "pdf",
    "content_type": "quarterly_report",
    "published_date": "2018-07-26",
    "fiscal_date": "2018-06-30",
    "fiscal_year": 2018,
    "fiscal_quarter": 2,
    "r2_url": "https://pub-2c783279b61043e19fbdadd1bee5153a.r2.dev/SAM/2018-07-26/d474143d10q.htm/d474143d10q.pdf",
    "periodicity": "periodic"
  },
  {
    "equity_ticker": "SAM",
    "geography": "US",
    "content_name": "SAM Q1 2018 10-Q",
    "file_type": "pdf",
    "content_type": "quarterly_report",
    "published_date": "2018-04-25",
    "fiscal_date": "2018-03-31",
    "fiscal_year": 2018,
    "fiscal_quarter": 1,
    "r2_url": "https://pub-2c783279b61043e19fbdadd1bee5153a.r2.dev/SAM/2018-04-25/d557767d10q.htm/d557767d10q.pdf",
    "periodicity": "periodic"
  },
  {
    "equity_ticker": "SAM",
    "geography": "US",
    "content_name": "SAM Q4 2017 10-K",
    "file_type": "pdf",
    "content_type": "annual_report",
    "published_date": "2018-02-21",
    "fiscal_date": "2017-12-30",
    "fiscal_year": 2017,
    "fiscal_quarter": 4,
    "r2_url": "https://pub-2c783279b61043e19fbdadd1bee5153a.r2.dev/SAM/2018-02-21/d518850d10k.htm/d518850d10k.pdf",
    "periodicity": "periodic"
  },
  {
    "equity_ticker": "SAM",
    "geography": "US",
    "content_name": "SAM Q3 2017 10-Q",
    "file_type": "pdf",
    "content_type": "quarterly_report",
    "published_date": "2017-10-26",
    "fiscal_date": "2017-09-30",
    "fiscal_year": 2017,
    "fiscal_quarter": 3,
    "r2_url": "https://pub-2c783279b61043e19fbdadd1bee5153a.r2.dev/SAM/2017-10-26/d419739d10q.htm/d419739d10q.pdf",
    "periodicity": "periodic"
  },
  {
    "equity_ticker": "SAM",
    "geography": "US",
    "content_name": "SAM Q2 2017 10-Q",
    "file_type": "pdf",
    "content_type": "quarterly_report",
    "published_date": "2017-07-27",
    "fiscal_date": "2017-07-01",
    "fiscal_year": 2017,
    "fiscal_quarter": 2,
    "r2_url": "https://pub-2c783279b61043e19fbdadd1bee5153a.r2.dev/SAM/2017-07-27/d425326d10q.htm/d425326d10q.pdf",
    "periodicity": "periodic"
  },
  {
    "equity_ticker": "SAM",
    "geography": "US",
    "content_name": "SAM Q1 2017 10-Q",
    "file_type": "pdf",
    "content_type": "quarterly_report",
    "published_date": "2017-04-26",
    "fiscal_date": "2017-04-01",
    "fiscal_year": 2017,
    "fiscal_quarter": 1,
    "r2_url": "https://pub-2c783279b61043e19fbdadd1bee5153a.r2.dev/SAM/2017-04-26/d368947d10q.htm/d368947d10q.pdf",
    "periodicity": "periodic"
  },
  {
    "equity_ticker": "SAM",
    "geography": "US",
    "content_name": "SAM Q4 2016 10-K",
    "file_type": "pdf",
    "content_type": "annual_report",
    "published_date": "2017-02-22",
    "fiscal_date": "2016-12-31",
    "fiscal_year": 2016,
    "fiscal_quarter": 4,
    "r2_url": "https://pub-2c783279b61043e19fbdadd1bee5153a.r2.dev/SAM/2017-02-22/d301299d10k.htm/d301299d10k.pdf",
    "periodicity": "periodic"
  },
  {
    "equity_ticker": "SAM",
    "geography": "US",
    "content_name": "SAM Q3 2016 10-Q",
    "file_type": "pdf",
    "content_type": "quarterly_report",
    "published_date": "2016-10-20",
    "fiscal_date": "2016-09-24",
    "fiscal_year": 2016,
    "fiscal_quarter": 3,
    "r2_url": "https://pub-2c783279b61043e19fbdadd1bee5153a.r2.dev/SAM/2016-10-20/d191935d10q.htm/d191935d10q.pdf",
    "periodicity": "periodic"
  },
  {
    "equity_ticker": "SAM",
    "geography": "US",
    "content_name": "SAM Q2 2016 10-Q",
    "file_type": "pdf",
    "content_type": "quarterly_report",
    "published_date": "2016-07-21",
    "fiscal_date": "2016-06-25",
    "fiscal_year": 2016,
    "fiscal_quarter": 2,
    "r2_url": "https://pub-2c783279b61043e19fbdadd1bee5153a.r2.dev/SAM/2016-07-21/d221116d10q.htm/d221116d10q.pdf",
    "periodicity": "periodic"
  },
  {
    "equity_ticker": "SAM",
    "geography": "US",
    "content_name": "SAM Q1 2016 10-Q",
    "file_type": "pdf",
    "content_type": "quarterly_report",
    "published_date": "2016-04-21",
    "fiscal_date": "2016-03-26",
    "fiscal_year": 2016,
    "fiscal_quarter": 1,
    "r2_url": "https://pub-2c783279b61043e19fbdadd1bee5153a.r2.dev/SAM/2016-04-21/d174022d10q.htm/d174022d10q.pdf",
    "periodicity": "periodic"
  },
  {
    "equity_ticker": "SAM",
    "geography": "US",
    "content_name": "SAM Q4 2015 10-K",
    "file_type": "pdf",
    "content_type": "annual_report",
    "published_date": "2016-02-18",
    "fiscal_date": "2015-12-26",
    "fiscal_year": 2015,
    "fiscal_quarter": 4,
    "r2_url": "https://pub-2c783279b61043e19fbdadd1bee5153a.r2.dev/SAM/2016-02-18/d101022d10k.htm/d101022d10k.pdf",
    "periodicity": "periodic"
  },
  {
    "equity_ticker": "SAM",
    "geography": "US",
    "content_name": "SAM Q3 2015 10-Q",
    "file_type": "pdf",
    "content_type": "quarterly_report",
    "published_date": "2015-10-29",
    "fiscal_date": "2015-09-26",
    "fiscal_year": 2015,
    "fiscal_quarter": 3,
    "r2_url": "https://pub-2c783279b61043e19fbdadd1bee5153a.r2.dev/SAM/2015-10-29/d77035d10q.htm/d77035d10q.pdf",
    "periodicity": "periodic"
  },
  {
    "equity_ticker": "SAM",
    "geography": "US",
    "content_name": "SAM Q2 2015 10-Q",
    "file_type": "pdf",
    "content_type": "quarterly_report",
    "published_date": "2015-07-30",
    "fiscal_date": "2015-06-27",
    "fiscal_year": 2015,
    "fiscal_quarter": 2,
    "r2_url": "https://pub-2c783279b61043e19fbdadd1bee5153a.r2.dev/SAM/2015-07-30/d93071d10q.htm/d93071d10q.pdf",
    "periodicity": "periodic"
  },
  {
    "equity_ticker": "SAM",
    "geography": "US",
    "content_name": "SAM Q1 2015 10-Q",
    "file_type": "pdf",
    "content_type": "quarterly_report",
    "published_date": "2015-04-29",
    "fiscal_date": "2015-03-28",
    "fiscal_year": 2015,
    "fiscal_quarter": 1,
    "r2_url": "https://pub-2c783279b61043e19fbdadd1bee5153a.r2.dev/SAM/2015-04-29/d912260d10q.htm/d912260d10q.pdf",
    "periodicity": "periodic"
  },
  {
    "equity_ticker": "SAM",
    "geography": "US",
    "content_name": "SAM Q4 2014 10-K",
    "file_type": "pdf",
    "content_type": "annual_report",
    "published_date": "2015-02-24",
    "fiscal_date": "2014-12-27",
    "fiscal_year": 2014,
    "fiscal_quarter": 4,
    "r2_url": "https://pub-2c783279b61043e19fbdadd1bee5153a.r2.dev/SAM/2015-02-24/d851668d10k.htm/d851668d10k.pdf",
    "periodicity": "periodic"
  },
  {
    "equity_ticker": "SAM",
    "geography": "US",
    "content_name": "SAM Q3 2014 10-Q",
    "file_type": "pdf",
    "content_type": "quarterly_report",
    "published_date": "2014-10-30",
    "fiscal_date": "2014-09-27",
    "fiscal_year": 2014,
    "fiscal_quarter": 3,
    "r2_url": "https://pub-2c783279b61043e19fbdadd1bee5153a.r2.dev/SAM/2014-10-30/d793237d10q.htm/d793237d10q.pdf",
    "periodicity": "periodic"
  },
  {
    "equity_ticker": "SAM",
    "geography": "US",
    "content_name": "SAM Q2 2014 10-Q",
    "file_type": "pdf",
    "content_type": "quarterly_report",
    "published_date": "2014-07-30",
    "fiscal_date": "2014-06-28",
    "fiscal_year": 2014,
    "fiscal_quarter": 2,
    "r2_url": "https://pub-2c783279b61043e19fbdadd1bee5153a.r2.dev/SAM/2014-07-30/d758399d10q.htm/d758399d10q.pdf",
    "periodicity": "periodic"
  },
  {
    "equity_ticker": "SAM",
    "geography": "US",
    "content_name": "SAM Q1 2014 10-Q",
    "file_type": "pdf",
    "content_type": "quarterly_report",
    "published_date": "2014-04-30",
    "fiscal_date": "2014-03-29",
    "fiscal_year": 2014,
    "fiscal_quarter": 1,
    "r2_url": "https://pub-2c783279b61043e19fbdadd1bee5153a.r2.dev/SAM/2014-04-30/d709213d10q.htm/d709213d10q.pdf",
    "periodicity": "periodic"
  },
  {
    "equity_ticker": "SAM",
    "geography": "US",
    "content_name": "SAM Q4 2013 10-K",
    "file_type": "pdf",
    "content_type": "annual_report",
    "published_date": "2014-02-25",
    "fiscal_date": "2013-12-28",
    "fiscal_year": 2013,
    "fiscal_quarter": 4,
    "r2_url": "https://pub-2c783279b61043e19fbdadd1bee5153a.r2.dev/SAM/2014-02-25/d645258d10k.htm/d645258d10k.pdf",
    "periodicity": "periodic"
  },
  {
    "equity_ticker": "SAM",
    "geography": "US",
    "content_name": "SAM Q3 2013 10-Q",
    "file_type": "pdf",
    "content_type": "quarterly_report",
    "published_date": "2013-10-30",
    "fiscal_date": "2013-09-28",
    "fiscal_year": 2013,
    "fiscal_quarter": 3,
    "r2_url": "https://pub-2c783279b61043e19fbdadd1bee5153a.r2.dev/SAM/2013-10-30/d599290d10q.htm/d599290d10q.pdf",
    "periodicity": "periodic"
  },
  {
    "equity_ticker": "SAM",
    "geography": "US",
    "content_name": "SAM Q2 2013 10-Q",
    "file_type": "pdf",
    "content_type": "quarterly_report",
    "published_date": "2013-07-31",
    "fiscal_date": "2013-06-29",
    "fiscal_year": 2013,
    "fiscal_quarter": 2,
    "r2_url": "https://pub-2c783279b61043e19fbdadd1bee5153a.r2.dev/SAM/2013-07-31/d555740d10q.htm/d555740d10q.pdf",
    "periodicity": "periodic"
  },
  {
    "equity_ticker": "SAM",
    "geography": "US",
    "content_name": "SAM Q1 2013 10-Q",
    "file_type": "pdf",
    "content_type": "quarterly_report",
    "published_date": "2013-05-01",
    "fiscal_date": "2013-03-30",
    "fiscal_year": 2013,
    "fiscal_quarter": 1,
    "r2_url": "https://pub-2c783279b61043e19fbdadd1bee5153a.r2.dev/SAM/2013-05-01/d504016d10q.htm/d504016d10q.pdf",
    "periodicity": "periodic"
  },
  {
    "equity_ticker": "SAM",
    "geography": "US",
    "content_name": "SAM Q4 2012 10-K",
    "file_type": "pdf",
    "content_type": "annual_report",
    "published_date": "2013-02-20",
    "fiscal_date": "2012-12-29",
    "fiscal_year": 2012,
    "fiscal_quarter": 4,
    "r2_url": "https://pub-2c783279b61043e19fbdadd1bee5153a.r2.dev/SAM/2013-02-20/d441934d10k.htm/d441934d10k.pdf",
    "periodicity": "periodic"
  },
  {
    "equity_ticker": "SAM",
    "geography": "US",
    "content_name": "SAM Q3 2012 10-Q",
    "file_type": "pdf",
    "content_type": "quarterly_report",
    "published_date": "2012-11-01",
    "fiscal_date": "2012-09-29",
    "fiscal_year": 2012,
    "fiscal_quarter": 3,
    "r2_url": "https://pub-2c783279b61043e19fbdadd1bee5153a.r2.dev/SAM/2012-11-01/d419279d10q.htm/d419279d10q.pdf",
    "periodicity": "periodic"
  },
  {
    "equity_ticker": "SAM",
    "geography": "US",
    "content_name": "SAM Q2 2012 10-Q",
    "file_type": "pdf",
    "content_type": "quarterly_report",
    "published_date": "2012-08-01",
    "fiscal_date": "2012-06-30",
    "fiscal_year": 2012,
    "fiscal_quarter": 2,
    "r2_url": "https://pub-2c783279b61043e19fbdadd1bee5153a.r2.dev/SAM/2012-08-01/d359918d10q.htm/d359918d10q.pdf",
    "periodicity": "periodic"
  },
  {
    "equity_ticker": "SAM",
    "geography": "US",
    "content_name": "SAM Q1 2012 10-Q",
    "file_type": "pdf",
    "content_type": "quarterly_report",
    "published_date": "2012-05-02",
    "fiscal_date": "2012-03-31",
    "fiscal_year": 2012,
    "fiscal_quarter": 1,
    "r2_url": "https://pub-2c783279b61043e19fbdadd1bee5153a.r2.dev/SAM/2012-05-02/d320619d10q.htm/d320619d10q.pdf",
    "periodicity": "periodic"
  },
  {
    "equity_ticker": "SAM",
    "geography": "US",
    "content_name": "SAM Q4 2011 10-K",
    "file_type": "pdf",
    "content_type": "annual_report",
    "published_date": "2012-02-22",
    "fiscal_date": "2011-12-31",
    "fiscal_year": 2011,
    "fiscal_quarter": 4,
    "r2_url": "https://pub-2c783279b61043e19fbdadd1bee5153a.r2.dev/SAM/2012-02-22/d299620d10k.htm/d299620d10k.pdf",
    "periodicity": "periodic"
  },
  {
    "equity_ticker": "SAM",
    "geography": "US",
    "content_name": "SAM Q3 2011 10-Q",
    "file_type": "pdf",
    "content_type": "quarterly_report",
    "published_date": "2011-11-01",
    "fiscal_date": "2011-09-24",
    "fiscal_year": 2011,
    "fiscal_quarter": 3,
    "r2_url": "https://pub-2c783279b61043e19fbdadd1bee5153a.r2.dev/SAM/2011-11-01/c23887e10vq.htm/c23887e10vq.pdf",
    "periodicity": "periodic"
  },
  {
    "equity_ticker": "SAM",
    "geography": "US",
    "content_name": "SAM Q2 2011 10-Q",
    "file_type": "pdf",
    "content_type": "quarterly_report",
    "published_date": "2011-08-02",
    "fiscal_date": "2011-06-25",
    "fiscal_year": 2011,
    "fiscal_quarter": 2,
    "r2_url": "https://pub-2c783279b61043e19fbdadd1bee5153a.r2.dev/SAM/2011-08-02/c19054e10vq.htm/c19054e10vq.pdf",
    "periodicity": "periodic"
  },
  {
    "equity_ticker": "SAM",
    "geography": "US",
    "content_name": "SAM Q1 2011 10-Q",
    "file_type": "pdf",
    "content_type": "quarterly_report",
    "published_date": "2011-05-04",
    "fiscal_date": "2011-03-26",
    "fiscal_year": 2011,
    "fiscal_quarter": 1,
    "r2_url": "https://pub-2c783279b61043e19fbdadd1bee5153a.r2.dev/SAM/2011-05-04/c16388e10vq.htm/c16388e10vq.pdf",
    "periodicity": "periodic"
  },
  {
    "equity_ticker": "SAM",
    "geography": "US",
    "content_name": "SAM Q4 2010 10-K",
    "file_type": "pdf",
    "content_type": "annual_report",
    "published_date": "2011-03-08",
    "fiscal_date": "2010-12-25",
    "fiscal_year": 2010,
    "fiscal_quarter": 4,
    "r2_url": "https://pub-2c783279b61043e19fbdadd1bee5153a.r2.dev/SAM/2011-03-08/b84494e10vk.htm/b84494e10vk.pdf",
    "periodicity": "periodic"
  },
  {
    "equity_ticker": "SAM",
    "geography": "US",
    "content_name": "SAM Q3 2010 10-Q",
    "file_type": "pdf",
    "content_type": "quarterly_report",
    "published_date": "2010-11-04",
    "fiscal_date": "2010-09-25",
    "fiscal_year": 2010,
    "fiscal_quarter": 3,
    "r2_url": "https://pub-2c783279b61043e19fbdadd1bee5153a.r2.dev/SAM/2010-11-04/c07463e10vq.htm/c07463e10vq.pdf",
    "periodicity": "periodic"
  },
  {
    "equity_ticker": "SAM",
    "geography": "US",
    "content_name": "SAM Q2 2010 10-Q",
    "file_type": "pdf",
    "content_type": "quarterly_report",
    "published_date": "2010-08-03",
    "fiscal_date": "2010-06-26",
    "fiscal_year": 2010,
    "fiscal_quarter": 2,
    "r2_url": "https://pub-2c783279b61043e19fbdadd1bee5153a.r2.dev/SAM/2010-08-03/c03997e10vq.htm/c03997e10vq.pdf",
    "periodicity": "periodic"
  },
  {
    "equity_ticker": "SAM",
    "geography": "US",
    "content_name": "SAM Q1 2010 10-Q",
    "file_type": "pdf",
    "content_type": "quarterly_report",
    "published_date": "2010-05-05",
    "fiscal_date": "2010-03-27",
    "fiscal_year": 2010,
    "fiscal_quarter": 1,
    "r2_url": "https://pub-2c783279b61043e19fbdadd1bee5153a.r2.dev/SAM/2010-05-05/c99925e10vq.htm/c99925e10vq.pdf",
    "periodicity": "periodic"
  },
  {
    "equity_ticker": "SAM",
    "geography": "US",
    "content_name": "SAM Q4 2009 10-K",
    "file_type": "pdf",
    "content_type": "annual_report",
    "published_date": "2010-03-09",
    "fiscal_date": "2009-12-26",
    "fiscal_year": 2009,
    "fiscal_quarter": 4,
    "r2_url": "https://pub-2c783279b61043e19fbdadd1bee5153a.r2.dev/SAM/2010-03-09/b78710e10vk.htm/b78710e10vk.pdf",
    "periodicity": "periodic"
  },
  {
    "equity_ticker": "SAM",
    "geography": "US",
    "content_name": "SAM Q3 2009 10-Q",
    "file_type": "pdf",
    "content_type": "quarterly_report",
    "published_date": "2009-11-05",
    "fiscal_date": "2009-09-26",
    "fiscal_year": 2009,
    "fiscal_quarter": 3,
    "r2_url": "https://pub-2c783279b61043e19fbdadd1bee5153a.r2.dev/SAM/2009-11-05/c91927e10vq.htm/c91927e10vq.pdf",
    "periodicity": "periodic"
  },
  {
    "equity_ticker": "SAM",
    "geography": "US",
    "content_name": "SAM Q2 2009 10-Q",
    "file_type": "pdf",
    "content_type": "quarterly_report",
    "published_date": "2009-08-04",
    "fiscal_date": "2009-06-27",
    "fiscal_year": 2009,
    "fiscal_quarter": 2,
    "r2_url": "https://pub-2c783279b61043e19fbdadd1bee5153a.r2.dev/SAM/2009-08-04/c88675e10vq.htm/c88675e10vq.pdf",
    "periodicity": "periodic"
  },
  {
    "equity_ticker": "SAM",
    "geography": "US",
    "content_name": "SAM Q1 2009 10-Q",
    "file_type": "pdf",
    "content_type": "quarterly_report",
    "published_date": "2009-05-06",
    "fiscal_date": "2009-03-28",
    "fiscal_year": 2009,
    "fiscal_quarter": 1,
    "r2_url": "https://pub-2c783279b61043e19fbdadd1bee5153a.r2.dev/SAM/2009-05-06/c84550e10vq.htm/c84550e10vq.pdf",
    "periodicity": "periodic"
  },
  {
    "equity_ticker": "SAM",
    "geography": "US",
    "content_name": "SAM Q4 2008 10-K",
    "file_type": "pdf",
    "content_type": "annual_report",
    "published_date": "2009-03-10",
    "fiscal_date": "2008-12-27",
    "fiscal_year": 2008,
    "fiscal_quarter": 4,
    "r2_url": "https://pub-2c783279b61043e19fbdadd1bee5153a.r2.dev/SAM/2009-03-10/b73467bbe10vk.htm/b73467bbe10vk.pdf",
    "periodicity": "periodic"
  },
  {
    "equity_ticker": "SAM",
    "geography": "US",
    "content_name": "SAM Q3 2008 10-Q",
    "file_type": "pdf",
    "content_type": "quarterly_report",
    "published_date": "2008-11-04",
    "fiscal_date": "2008-09-27",
    "fiscal_year": 2008,
    "fiscal_quarter": 3,
    "r2_url": "https://pub-2c783279b61043e19fbdadd1bee5153a.r2.dev/SAM/2008-11-04/c76601e10vq.htm/c76601e10vq.pdf",
    "periodicity": "periodic"
  },
  {
    "equity_ticker": "SAM",
    "geography": "US",
    "content_name": "SAM Q2 2008 10-Q",
    "file_type": "pdf",
    "content_type": "quarterly_report",
    "published_date": "2008-08-05",
    "fiscal_date": "2008-06-28",
    "fiscal_year": 2008,
    "fiscal_quarter": 2,
    "r2_url": "https://pub-2c783279b61043e19fbdadd1bee5153a.r2.dev/SAM/2008-08-05/c74202e10vq.htm/c74202e10vq.pdf",
    "periodicity": "periodic"
  },
  {
    "equity_ticker": "SAM",
    "geography": "US",
    "content_name": "SAM Q1 2008 10-Q",
    "file_type": "pdf",
    "content_type": "quarterly_report",
    "published_date": "2008-05-06",
    "fiscal_date": "2008-03-29",
    "fiscal_year": 2008,
    "fiscal_quarter": 1,
    "r2_url": "https://pub-2c783279b61043e19fbdadd1bee5153a.r2.dev/SAM/2008-05-06/c73121e10vq.htm/c73121e10vq.pdf",
    "periodicity": "periodic"
  },
  {
    "equity_ticker": "SAM",
    "geography": "US",
    "content_name": "SAM Q4 2007 10-K",
    "file_type": "pdf",
    "content_type": "annual_report",
    "published_date": "2008-03-13",
    "fiscal_date": "2007-12-29",
    "fiscal_year": 2007,
    "fiscal_quarter": 4,
    "r2_url": "https://pub-2c783279b61043e19fbdadd1bee5153a.r2.dev/SAM/2008-03-13/b68447bbe10vk.htm/b68447bbe10vk.pdf",
    "periodicity": "periodic"
  },
  {
    "equity_ticker": "SAM",
    "geography": "US",
    "content_name": "SAM Q3 2007 10-Q",
    "file_type": "pdf",
    "content_type": "quarterly_report",
    "published_date": "2007-11-06",
    "fiscal_date": "2007-09-29",
    "fiscal_year": 2007,
    "fiscal_quarter": 3,
    "r2_url": "https://pub-2c783279b61043e19fbdadd1bee5153a.r2.dev/SAM/2007-11-06/c71421e10vq.htm/c71421e10vq.pdf",
    "periodicity": "periodic"
  },
  {
    "equity_ticker": "SAM",
    "geography": "US",
    "content_name": "SAM Q2 2007 10-Q",
    "file_type": "pdf",
    "content_type": "quarterly_report",
    "published_date": "2007-08-09",
    "fiscal_date": "2007-06-30",
    "fiscal_year": 2007,
    "fiscal_quarter": 2,
    "r2_url": "https://pub-2c783279b61043e19fbdadd1bee5153a.r2.dev/SAM/2007-08-09/b66150bbe10vq.htm/b66150bbe10vq.pdf",
    "periodicity": "periodic"
  },
  {
    "equity_ticker": "SAM",
    "geography": "US",
    "content_name": "SAM Q1 2007 10-Q",
    "file_type": "pdf",
    "content_type": "quarterly_report",
    "published_date": "2007-05-10",
    "fiscal_date": "2007-03-31",
    "fiscal_year": 2007,
    "fiscal_quarter": 1,
    "r2_url": "https://pub-2c783279b61043e19fbdadd1bee5153a.r2.dev/SAM/2007-05-10/b65196bbe10vq.htm/b65196bbe10vq.pdf",
    "periodicity": "periodic"
  },
  {
    "equity_ticker": "SAM",
    "geography": "US",
    "content_name": "SAM Q4 2006 10-K",
    "file_type": "pdf",
    "content_type": "annual_report",
    "published_date": "2007-03-15",
    "fiscal_date": "2006-12-30",
    "fiscal_year": 2006,
    "fiscal_quarter": 4,
    "r2_url": "https://pub-2c783279b61043e19fbdadd1bee5153a.r2.dev/SAM/2007-03-15/b63648bbe10vk.htm/b63648bbe10vk.pdf",
    "periodicity": "periodic"
  },
  {
    "equity_ticker": "SAM",
    "geography": "US",
    "content_name": "SAM Q3 2006 10-Q",
    "file_type": "pdf",
    "content_type": "quarterly_report",
    "published_date": "2006-11-09",
    "fiscal_date": "2006-09-30",
    "fiscal_year": 2006,
    "fiscal_quarter": 3,
    "r2_url": "https://pub-2c783279b61043e19fbdadd1bee5153a.r2.dev/SAM/2006-11-09/b62635bbe10vq.htm/b62635bbe10vq.pdf",
    "periodicity": "periodic"
  },
  {
    "equity_ticker": "SAM",
    "geography": "US",
    "content_name": "SAM Q2 2006 10-Q",
    "file_type": "pdf",
    "content_type": "quarterly_report",
    "published_date": "2006-08-10",
    "fiscal_date": "2006-07-01",
    "fiscal_year": 2006,
    "fiscal_quarter": 2,
    "r2_url": "https://pub-2c783279b61043e19fbdadd1bee5153a.r2.dev/SAM/2006-08-10/b61563bbe10vq.htm/b61563bbe10vq.pdf",
    "periodicity": "periodic"
  },
  {
    "equity_ticker": "SAM",
    "geography": "US",
    "content_name": "SAM Q1 2006 10-Q",
    "file_type": "pdf",
    "content_type": "quarterly_report",
    "published_date": "2006-05-11",
    "fiscal_date": "2006-04-01",
    "fiscal_year": 2006,
    "fiscal_quarter": 1,
    "r2_url": "https://pub-2c783279b61043e19fbdadd1bee5153a.r2.dev/SAM/2006-05-11/b60650bbe10vq.htm/b60650bbe10vq.pdf",
    "periodicity": "periodic"
  },
  {
    "equity_ticker": "SAM",
    "geography": "US",
    "content_name": "SAM Q4 2005 10-K",
    "file_type": "pdf",
    "content_type": "annual_report",
    "published_date": "2006-03-15",
    "fiscal_date": "2005-12-31",
    "fiscal_year": 2005,
    "fiscal_quarter": 4,
    "r2_url": "https://pub-2c783279b61043e19fbdadd1bee5153a.r2.dev/SAM/2006-03-15/b58477bbe10vk.htm/b58477bbe10vk.pdf",
    "periodicity": "periodic"
  },
  {
    "equity_ticker": "SAM",
    "geography": "US",
    "content_name": "SAM Q3 2005 10-Q",
    "file_type": "pdf",
    "content_type": "quarterly_report",
    "published_date": "2005-11-03",
    "fiscal_date": "2005-09-24",
    "fiscal_year": 2005,
    "fiscal_quarter": 3,
    "r2_url": "https://pub-2c783279b61043e19fbdadd1bee5153a.r2.dev/SAM/2005-11-03/b57153bbe10vq.htm/b57153bbe10vq.pdf",
    "periodicity": "periodic"
  },
  {
    "equity_ticker": "SAM",
    "geography": "US",
    "content_name": "SAM Q2 2005 10-Q",
    "file_type": "pdf",
    "content_type": "quarterly_report",
    "published_date": "2005-08-04",
    "fiscal_date": "2005-06-25",
    "fiscal_year": 2005,
    "fiscal_quarter": 2,
    "r2_url": "https://pub-2c783279b61043e19fbdadd1bee5153a.r2.dev/SAM/2005-08-04/b55546bbe10vq.htm/b55546bbe10vq.pdf",
    "periodicity": "periodic"
  },
  {
    "equity_ticker": "SAM",
    "geography": "US",
    "content_name": "SAM Q1 2005 10-Q",
    "file_type": "pdf",
    "content_type": "quarterly_report",
    "published_date": "2005-05-05",
    "fiscal_date": "2005-03-26",
    "fiscal_year": 2005,
    "fiscal_quarter": 1,
    "r2_url": "https://pub-2c783279b61043e19fbdadd1bee5153a.r2.dev/SAM/2005-05-05/b54791bbe10vq.htm/b54791bbe10vq.pdf",
    "periodicity": "periodic"
  },
  {
    "equity_ticker": "SAM",
    "geography": "US",
    "content_name": "SAM Q4 2004 10-K",
    "file_type": "pdf",
    "content_type": "annual_report",
    "published_date": "2005-03-11",
    "fiscal_date": "2004-12-25",
    "fiscal_year": 2004,
    "fiscal_quarter": 4,
    "r2_url": "https://pub-2c783279b61043e19fbdadd1bee5153a.r2.dev/SAM/2005-03-11/b53276bbe10vk.htm/b53276bbe10vk.pdf",
    "periodicity": "periodic"
  },
  {
    "equity_ticker": "SAM",
    "geography": "US",
    "content_name": "SAM Q3 2004 10-Q",
    "file_type": "pdf",
    "content_type": "quarterly_report",
    "published_date": "2004-11-04",
    "fiscal_date": "2004-09-25",
    "fiscal_year": 2004,
    "fiscal_quarter": 3,
    "r2_url": "https://pub-2c783279b61043e19fbdadd1bee5153a.r2.dev/SAM/2004-11-04/b52065bbe10vq.htm/b52065bbe10vq.pdf",
    "periodicity": "periodic"
  },
  {
    "equity_ticker": "SAM",
    "geography": "US",
    "content_name": "SAM Q2 2004 10-Q",
    "file_type": "pdf",
    "content_type": "quarterly_report",
    "published_date": "2004-08-05",
    "fiscal_date": "2004-06-26",
    "fiscal_year": 2004,
    "fiscal_quarter": 2,
    "r2_url": "https://pub-2c783279b61043e19fbdadd1bee5153a.r2.dev/SAM/2004-08-05/b51133bbe10vq.htm/b51133bbe10vq.pdf",
    "periodicity": "periodic"
  },
  {
    "equity_ticker": "SAM",
    "geography": "US",
    "content_name": "SAM Q1 2004 10-Q",
    "file_type": "pdf",
    "content_type": "quarterly_report",
    "published_date": "2004-05-06",
    "fiscal_date": "2004-03-27",
    "fiscal_year": 2004,
    "fiscal_quarter": 1,
    "r2_url": "https://pub-2c783279b61043e19fbdadd1bee5153a.r2.dev/SAM/2004-05-06/b50314bbe10vq.htm/b50314bbe10vq.pdf",
    "periodicity": "periodic"
  },
  {
    "equity_ticker": "SAM",
    "geography": "US",
    "content_name": "SAM Q4 2003 10-K",
    "file_type": "pdf",
    "content_type": "annual_report",
    "published_date": "2004-03-11",
    "fiscal_date": "2003-12-27",
    "fiscal_year": 2003,
    "fiscal_quarter": 4,
    "r2_url": "https://pub-2c783279b61043e19fbdadd1bee5153a.r2.dev/SAM/2004-03-11/b48989bbe10vk.htm/b48989bbe10vk.pdf",
    "periodicity": "periodic"
  },
  {
    "equity_ticker": "SAM",
    "geography": "US",
    "content_name": "SAM Q3 2003 10-Q",
    "file_type": "pdf",
    "content_type": "quarterly_report",
    "published_date": "2003-10-28",
    "fiscal_date": "2003-09-27",
    "fiscal_year": 2003,
    "fiscal_quarter": 3,
    "r2_url": "https://pub-2c783279b61043e19fbdadd1bee5153a.r2.dev/SAM/2003-10-28/b48039bbe10vq.htm/b48039bbe10vq.pdf",
    "periodicity": "periodic"
  },
  {
    "equity_ticker": "SAM",
    "geography": "US",
    "content_name": "SAM Q2 2003 10-Q",
    "file_type": "pdf",
    "content_type": "quarterly_report",
    "published_date": "2003-07-29",
    "fiscal_date": "2003-06-28",
    "fiscal_year": 2003,
    "fiscal_quarter": 2,
    "r2_url": "https://pub-2c783279b61043e19fbdadd1bee5153a.r2.dev/SAM/2003-07-29/b47153bbe10vq.htm/b47153bbe10vq.pdf",
    "periodicity": "periodic"
  },
  {
    "equity_ticker": "SAM",
    "geography": "US",
    "content_name": "SAM Q1 2003 10-Q",
    "file_type": "pdf",
    "content_type": "quarterly_report",
    "published_date": "2003-05-13",
    "fiscal_date": "2003-03-29",
    "fiscal_year": 2003,
    "fiscal_quarter": 1,
    "r2_url": "https://pub-2c783279b61043e19fbdadd1bee5153a.r2.dev/SAM/2003-05-13/b46503bbe10vq.htm/b46503bbe10vq.pdf",
    "periodicity": "periodic"
  },
  {
    "equity_ticker": "SAM",
    "geography": "US",
    "content_name": "SAM Q4 2002 10-K",
    "file_type": "pdf",
    "content_type": "annual_report",
    "published_date": "2003-03-27",
    "fiscal_date": "2002-12-28",
    "fiscal_year": 2002,
    "fiscal_quarter": 4,
    "r2_url": "https://pub-2c783279b61043e19fbdadd1bee5153a.r2.dev/SAM/2003-03-27/b45654bbe10vk.htm/b45654bbe10vk.pdf",
    "periodicity": "periodic"
  },
  {
    "equity_ticker": "SAM",
    "geography": "US",
    "content_name": "SAM Q3 2002 10-Q",
    "file_type": "pdf",
    "content_type": "quarterly_report",
    "published_date": "2002-11-12",
    "fiscal_date": "2002-09-28",
    "fiscal_year": 2002,
    "fiscal_quarter": 3,
    "r2_url": "https://pub-2c783279b61043e19fbdadd1bee5153a.r2.dev/SAM/2002-11-12/b44485bbe10vq.htm/b44485bbe10vq.pdf",
    "periodicity": "periodic"
  },
  {
    "equity_ticker": "SAM",
    "geography": "US",
    "content_name": "SAM Q2 2002 10-Q",
    "file_type": "pdf",
    "content_type": "quarterly_report",
    "published_date": "2002-08-13",
    "fiscal_date": "2002-06-29",
    "fiscal_year": 2002,
    "fiscal_quarter": 2,
    "r2_url": "https://pub-2c783279b61043e19fbdadd1bee5153a.r2.dev/SAM/2002-08-13/b43669bbe10vq.htm/b43669bbe10vq.pdf",
    "periodicity": "periodic"
  },
  {
    "equity_ticker": "SAM",
    "geography": "US",
    "content_name": "SAM Q1 2002 10-Q",
    "file_type": "pdf",
    "content_type": "quarterly_report",
    "published_date": "2002-05-14",
    "fiscal_date": "2002-03-30",
    "fiscal_year": 2002,
    "fiscal_quarter": 1,
    "r2_url": "https://pub-2c783279b61043e19fbdadd1bee5153a.r2.dev/SAM/2002-05-14/b43000bbe10-q.htm/b43000bbe10-q.pdf",
    "periodicity": "periodic"
  },
  {
    "equity_ticker": "SAM",
    "geography": "US",
    "content_name": "SAM Q4 2001 10-Q",
    "file_type": "pdf",
    "content_type": "quarterly_report",
    "published_date": "2001-11-13",
    "fiscal_date": "2001-09-29",
    "fiscal_year": 2001,
    "fiscal_quarter": 4,
    "r2_url": "https://pub-2c783279b61043e19fbdadd1bee5153a.r2.dev/SAM/2001-11-13/b40838bbe10-q.txt/b40838bbe10-q.pdf",
    "periodicity": "periodic"
  },
  {
    "equity_ticker": "SAM",
    "geography": "US",
    "content_name": "SAM Q3 2001 10-Q",
    "file_type": "pdf",
    "content_type": "quarterly_report",
    "published_date": "2001-08-10",
    "fiscal_date": "2001-06-30",
    "fiscal_year": 2001,
    "fiscal_quarter": 3,
    "r2_url": "https://pub-2c783279b61043e19fbdadd1bee5153a.r2.dev/SAM/2001-08-10/d10q.txt/d10q.pdf",
    "periodicity": "periodic"
  },
  {
    "equity_ticker": "SAM",
    "geography": "US",
    "content_name": "SAM Q2 2001 10-Q",
    "file_type": "pdf",
    "content_type": "quarterly_report",
    "published_date": "2001-05-14",
    "fiscal_date": "2001-03-31",
    "fiscal_year": 2001,
    "fiscal_quarter": 2,
    "r2_url": "https://pub-2c783279b61043e19fbdadd1bee5153a.r2.dev/SAM/2001-05-14/d10q.txt/d10q.pdf",
    "periodicity": "periodic"
  },
  {
    "equity_ticker": "SAM",
    "geography": "US",
    "content_name": "SAM Q1 2001 10-Q",
    "file_type": "pdf",
    "content_type": "quarterly_report",
    "published_date": "2000-11-06",
    "fiscal_date": "2000-09-23",
    "fiscal_year": 2001,
    "fiscal_quarter": 1,
    "r2_url": "https://pub-2c783279b61043e19fbdadd1bee5153a.r2.dev/SAM/2000-11-06/0000927016-00-003729-0001.htm/0000927016-00-003729-0001.pdf",
    "periodicity": "periodic"
  },
  {
    "equity_ticker": "SAM",
    "geography": "US",
    "content_name": "SAM Q4 2000 10-Q",
    "file_type": "pdf",
    "content_type": "quarterly_report",
    "published_date": "2000-08-08",
    "fiscal_date": "2000-06-24",
    "fiscal_year": 2000,
    "fiscal_quarter": 4,
    "r2_url": "https://pub-2c783279b61043e19fbdadd1bee5153a.r2.dev/SAM/2000-08-08/0000927016-00-002763-0001.htm/0000927016-00-002763-0001.pdf",
    "periodicity": "periodic"
  },
  {
    "equity_ticker": "SAM",
    "geography": "US",
    "content_name": "SAM Q3 2000 10-Q",
    "file_type": "pdf",
    "content_type": "quarterly_report",
    "published_date": "2000-05-09",
    "fiscal_date": "2000-03-25",
    "fiscal_year": 2000,
    "fiscal_quarter": 3,
    "r2_url": "https://pub-2c783279b61043e19fbdadd1bee5153a.r2.dev/SAM/2000-05-09/0000927016-00-001686-d1.html/0000927016-00-001686-d1.pdf",
    "periodicity": "periodic"
  },
  {
    "equity_ticker": "SAM",
    "geography": "US",
    "content_name": "SAM Q2 2000 10-K",
    "file_type": "pdf",
    "content_type": "annual_report",
    "published_date": "2000-03-24",
    "fiscal_date": "1999-12-25",
    "fiscal_year": 2000,
    "fiscal_quarter": 2,
    "r2_url": "https://pub-2c783279b61043e19fbdadd1bee5153a.r2.dev/SAM/2000-03-24/0000927016-00-000987-d1.html/0000927016-00-000987-d1.pdf",
    "periodicity": "periodic"
  },
  {
    "equity_ticker": "SAM",
    "geography": "US",
    "content_name": "SAM Q1 2000 10-Q",
    "file_type": "pdf",
    "content_type": "quarterly_report",
    "published_date": "1999-11-08",
    "fiscal_date": "1999-09-25",
    "fiscal_year": 2000,
    "fiscal_quarter": 1,
    "r2_url": "https://pub-2c783279b61043e19fbdadd1bee5153a.r2.dev/SAM/1999-11-08/.pdf",
    "periodicity": "periodic"
  },
  {
    "equity_ticker": "SAM",
    "geography": "US",
    "content_name": "SAM Q4 1999 10-Q",
    "file_type": "pdf",
    "content_type": "quarterly_report",
    "published_date": "1999-08-10",
    "fiscal_date": "1999-06-26",
    "fiscal_year": 1999,
    "fiscal_quarter": 4,
    "r2_url": "https://pub-2c783279b61043e19fbdadd1bee5153a.r2.dev/SAM/1999-08-10/.pdf",
    "periodicity": "periodic"
  },
  {
    "equity_ticker": "SAM",
    "geography": "US",
    "content_name": "SAM Q3 1999 10-Q",
    "file_type": "pdf",
    "content_type": "quarterly_report",
    "published_date": "1999-05-10",
    "fiscal_date": "1999-03-27",
    "fiscal_year": 1999,
    "fiscal_quarter": 3,
    "r2_url": "https://pub-2c783279b61043e19fbdadd1bee5153a.r2.dev/SAM/1999-05-10/.pdf",
    "periodicity": "periodic"
  },
  {
    "equity_ticker": "SAM",
    "geography": "US",
    "content_name": "SAM Q2 1999 10-K",
    "file_type": "pdf",
    "content_type": "annual_report",
    "published_date": "1999-03-25",
    "fiscal_date": "1998-12-26",
    "fiscal_year": 1999,
    "fiscal_quarter": 2,
    "r2_url": "https://pub-2c783279b61043e19fbdadd1bee5153a.r2.dev/SAM/1999-03-25/.pdf",
    "periodicity": "periodic"
  },
  {
    "equity_ticker": "SAM",
    "geography": "US",
    "content_name": "SAM Q1 1999 10-Q",
    "file_type": "pdf",
    "content_type": "quarterly_report",
    "published_date": "1998-11-04",
    "fiscal_date": "1998-09-26",
    "fiscal_year": 1999,
    "fiscal_quarter": 1,
    "r2_url": "https://pub-2c783279b61043e19fbdadd1bee5153a.r2.dev/SAM/1998-11-04/.pdf",
    "periodicity": "periodic"
  },
  {
    "equity_ticker": "SAM",
    "geography": "US",
    "content_name": "SAM Q4 1998 10-Q",
    "file_type": "pdf",
    "content_type": "quarterly_report",
    "published_date": "1998-08-10",
    "fiscal_date": "1998-06-27",
    "fiscal_year": 1998,
    "fiscal_quarter": 4,
    "r2_url": "https://pub-2c783279b61043e19fbdadd1bee5153a.r2.dev/SAM/1998-08-10/.pdf",
    "periodicity": "periodic"
  },
  {
    "equity_ticker": "SAM",
    "geography": "US",
    "content_name": "SAM Q3 1998 10-Q",
    "file_type": "pdf",
    "content_type": "quarterly_report",
    "published_date": "1998-05-08",
    "fiscal_date": "1998-03-28",
    "fiscal_year": 1998,
    "fiscal_quarter": 3,
    "r2_url": "https://pub-2c783279b61043e19fbdadd1bee5153a.r2.dev/SAM/1998-05-08/.pdf",
    "periodicity": "periodic"
  },
  {
    "equity_ticker": "SAM",
    "geography": "US",
    "content_name": "SAM Q2 1998 10-K",
    "file_type": "pdf",
    "content_type": "annual_report",
    "published_date": "1998-03-26",
    "fiscal_date": "1997-12-27",
    "fiscal_year": 1998,
    "fiscal_quarter": 2,
    "r2_url": "https://pub-2c783279b61043e19fbdadd1bee5153a.r2.dev/SAM/1998-03-26/.pdf",
    "periodicity": "periodic"
  },
  {
    "equity_ticker": "SAM",
    "geography": "US",
    "content_name": "SAM Q1 1998 10-Q",
    "file_type": "pdf",
    "content_type": "quarterly_report",
    "published_date": "1997-11-10",
    "fiscal_date": "1997-09-27",
    "fiscal_year": 1998,
    "fiscal_quarter": 1,
    "r2_url": "https://pub-2c783279b61043e19fbdadd1bee5153a.r2.dev/SAM/1997-11-10/.pdf",
    "periodicity": "periodic"
  },
  {
    "equity_ticker": "SAM",
    "geography": "US",
    "content_name": "SAM Q4 1997 10-Q",
    "file_type": "pdf",
    "content_type": "quarterly_report",
    "published_date": "1997-08-11",
    "fiscal_date": "1997-06-28",
    "fiscal_year": 1997,
    "fiscal_quarter": 4,
    "r2_url": "https://pub-2c783279b61043e19fbdadd1bee5153a.r2.dev/SAM/1997-08-11/.pdf",
    "periodicity": "periodic"
  },
  {
    "equity_ticker": "SAM",
    "geography": "US",
    "content_name": "SAM Q3 1997 10-Q",
    "file_type": "pdf",
    "content_type": "quarterly_report",
    "published_date": "1997-05-12",
    "fiscal_date": "1997-03-29",
    "fiscal_year": 1997,
    "fiscal_quarter": 3,
    "r2_url": "https://pub-2c783279b61043e19fbdadd1bee5153a.r2.dev/SAM/1997-05-12/.pdf",
    "periodicity": "periodic"
  },
  {
    "equity_ticker": "SAM",
    "geography": "US",
    "content_name": "SAM Q2 1997 10-K",
    "file_type": "pdf",
    "content_type": "annual_report",
    "published_date": "1997-03-31",
    "fiscal_date": "1996-12-28",
    "fiscal_year": 1997,
    "fiscal_quarter": 2,
    "r2_url": "https://pub-2c783279b61043e19fbdadd1bee5153a.r2.dev/SAM/1997-03-31/.pdf",
    "periodicity": "periodic"
  },
  {
    "equity_ticker": "SAM",
    "geography": "US",
    "content_name": "SAM Q1 1997 10-Q",
    "file_type": "pdf",
    "content_type": "quarterly_report",
    "published_date": "1996-11-15",
    "fiscal_date": "1996-09-28",
    "fiscal_year": 1997,
    "fiscal_quarter": 1,
    "r2_url": "https://pub-2c783279b61043e19fbdadd1bee5153a.r2.dev/SAM/1996-11-15/.pdf",
    "periodicity": "periodic"
  },
  {
    "equity_ticker": "SAM",
    "geography": "US",
    "content_name": "SAM Q4 2024 Transcript",
    "file_type": "pdf",
    "content_type": "earnings_transcript",
    "published_date": "2025-02-25",
    "fiscal_date": "2025-02-25",
    "fiscal_year": 2024,
    "fiscal_quarter": 4,
    "r2_url": "https://pub-2c783279b61043e19fbdadd1bee5153a.r2.dev/SAM/2025-02-25/The%20Boston%20Beer%20Company%2C%20Inc._2025-02-25_transcript/The%20Boston%20Beer%20Company%2C%20Inc._2025-02-25_transcript.pdf/The%20Boston%20Beer%20Company%2C%20Inc._2025-02-25_transcript.pdf",
    "periodicity": "periodic"
  },
  {
    "equity_ticker": "SAM",
    "geography": "US",
    "content_name": "SAM Q4 2024 Press Release",
    "file_type": "pdf",
    "content_type": "earnings_press_release",
    "published_date": "2025-02-25",
    "fiscal_date": "2025-02-25",
    "fiscal_year": 2024,
    "fiscal_quarter": 4,
    "r2_url": "https://pub-2c783279b61043e19fbdadd1bee5153a.r2.dev/SAM/2025-02-25/c88c3-2025-02-25-09-59-24/c88c3-2025-02-25-09-59-24.pdf/c88c3-2025-02-25-09-59-24.pdf",
    "periodicity": "periodic"
  },
  {
    "equity_ticker": "SAM",
    "geography": "US",
    "content_name": "SAM Q3 2024 Transcript",
    "file_type": "pdf",
    "content_type": "earnings_transcript",
    "published_date": "2024-10-24",
    "fiscal_date": "2024-10-24",
    "fiscal_year": 2024,
    "fiscal_quarter": 3,
    "r2_url": "https://pub-2c783279b61043e19fbdadd1bee5153a.r2.dev/SAM/2024-10-24/The%20Boston%20Beer%20Company%2C%20Inc._2024-10-24_transcript/The%20Boston%20Beer%20Company%2C%20Inc._2024-10-24_transcript.pdf/The%20Boston%20Beer%20Company%2C%20Inc._2024-10-24_transcript.pdf",
    "periodicity": "periodic"
  },
  {
    "equity_ticker": "SAM",
    "geography": "US",
    "content_name": "SAM Q3 2024 Press Release",
    "file_type": "pdf",
    "content_type": "earnings_press_release",
    "published_date": "2024-10-24",
    "fiscal_date": "2024-10-24",
    "fiscal_year": 2024,
    "fiscal_quarter": 3,
    "r2_url": "https://pub-2c783279b61043e19fbdadd1bee5153a.r2.dev/SAM/2024-10-24/1e868-2024-10-24-08-44-29/1e868-2024-10-24-08-44-29.pdf/1e868-2024-10-24-08-44-29.pdf",
    "periodicity": "periodic"
  },
  {
    "equity_ticker": "SAM",
    "geography": "US",
    "content_name": "Barclays 17th Annual Global Consumer Staples Conference - September 5, 2024",
    "file_type": "pdf",
    "content_type": "sellside_conference_transcript",
    "published_date": "2024-09-05",
    "fiscal_date": "2024-09-05",
    "fiscal_year": null,
    "fiscal_quarter": null,
    "r2_url": "https://pub-2c783279b61043e19fbdadd1bee5153a.r2.dev/SAM/2024-09-05/The%20Boston%20Beer%20Company%2C%20Inc._2024-09-05_transcript/The%20Boston%20Beer%20Company%2C%20Inc._2024-09-05_transcript.pdf/The%20Boston%20Beer%20Company%2C%20Inc._2024-09-05_transcript.pdf",
    "periodicity": "non_periodic"
  },
  {
    "equity_ticker": "SAM",
    "geography": "US",
    "content_name": "SAM Q2 2024 Transcript",
    "file_type": "pdf",
    "content_type": "earnings_transcript",
    "published_date": "2024-07-25",
    "fiscal_date": "2024-07-25",
    "fiscal_year": 2024,
    "fiscal_quarter": 2,
    "r2_url": "https://pub-2c783279b61043e19fbdadd1bee5153a.r2.dev/SAM/2024-07-25/The%20Boston%20Beer%20Company%2C%20Inc._2024-07-25_transcript/The%20Boston%20Beer%20Company%2C%20Inc._2024-07-25_transcript.pdf/The%20Boston%20Beer%20Company%2C%20Inc._2024-07-25_transcript.pdf",
    "periodicity": "periodic"
  },
  {
    "equity_ticker": "SAM",
    "geography": "US",
    "content_name": "SAM Q2 2024 Press Release",
    "file_type": "pdf",
    "content_type": "earnings_press_release",
    "published_date": "2024-07-25",
    "fiscal_date": "2024-07-25",
    "fiscal_year": 2024,
    "fiscal_quarter": 2,
    "r2_url": "https://pub-2c783279b61043e19fbdadd1bee5153a.r2.dev/SAM/2024-07-25/e815d-2024-07-25-08-02-26/e815d-2024-07-25-08-02-26.pdf/e815d-2024-07-25-08-02-26.pdf",
    "periodicity": "periodic"
  },
  {
    "equity_ticker": "SAM",
    "geography": "US",
    "content_name": "Goldman Sachs Global Staples Forum - May 14, 2024",
    "file_type": "pdf",
    "content_type": "company_conference_transcript",
    "published_date": "2024-05-14",
    "fiscal_date": "2024-05-14",
    "fiscal_year": null,
    "fiscal_quarter": null,
    "r2_url": "https://pub-2c783279b61043e19fbdadd1bee5153a.r2.dev/SAM/2024-05-14/The%20Boston%20Beer%20Company%2C%20Inc._2024-05-14_transcript/The%20Boston%20Beer%20Company%2C%20Inc._2024-05-14_transcript.pdf/The%20Boston%20Beer%20Company%2C%20Inc._2024-05-14_transcript.pdf",
    "periodicity": "non_periodic"
  },
  {
    "equity_ticker": "SAM",
    "geography": "US",
    "content_name": "SAM Q1 2024 Transcript",
    "file_type": "pdf",
    "content_type": "earnings_transcript",
    "published_date": "2024-04-25",
    "fiscal_date": "2024-04-25",
    "fiscal_year": 2024,
    "fiscal_quarter": 1,
    "r2_url": "https://pub-2c783279b61043e19fbdadd1bee5153a.r2.dev/SAM/2024-04-25/The%20Boston%20Beer%20Company%2C%20Inc._2024-04-25_transcript/The%20Boston%20Beer%20Company%2C%20Inc._2024-04-25_transcript.pdf/The%20Boston%20Beer%20Company%2C%20Inc._2024-04-25_transcript.pdf",
    "periodicity": "periodic"
  },
  {
    "equity_ticker": "SAM",
    "geography": "US",
    "content_name": "SAM Q1 2024 Press Release",
    "file_type": "pdf",
    "content_type": "earnings_press_release",
    "published_date": "2024-04-25",
    "fiscal_date": "2024-04-25",
    "fiscal_year": 2024,
    "fiscal_quarter": 1,
    "r2_url": "https://pub-2c783279b61043e19fbdadd1bee5153a.r2.dev/SAM/2024-04-25/aab8d-2024-04-25-08-18-18/aab8d-2024-04-25-08-18-18.pdf/aab8d-2024-04-25-08-18-18.pdf",
    "periodicity": "periodic"
  },
  {
    "equity_ticker": "SAM",
    "geography": "US",
    "content_name": "SAM Q4 2023 Transcript",
    "file_type": "pdf",
    "content_type": "earnings_transcript",
    "published_date": "2024-02-27",
    "fiscal_date": "2024-02-27",
    "fiscal_year": 2023,
    "fiscal_quarter": 4,
    "r2_url": "https://pub-2c783279b61043e19fbdadd1bee5153a.r2.dev/SAM/2024-02-27/The%20Boston%20Beer%20Company%2C%20Inc._2024-02-27_transcript/The%20Boston%20Beer%20Company%2C%20Inc._2024-02-27_transcript.pdf/The%20Boston%20Beer%20Company%2C%20Inc._2024-02-27_transcript.pdf",
    "periodicity": "periodic"
  },
  {
    "equity_ticker": "SAM",
    "geography": "US",
    "content_name": "SAM Q4 2023 Press Release",
    "file_type": "pdf",
    "content_type": "earnings_press_release",
    "published_date": "2024-02-27",
    "fiscal_date": "2024-02-27",
    "fiscal_year": 2023,
    "fiscal_quarter": 4,
    "r2_url": "https://pub-2c783279b61043e19fbdadd1bee5153a.r2.dev/SAM/2024-02-27/f9e01-2024-02-27-09-42-18/f9e01-2024-02-27-09-42-18.pdf/f9e01-2024-02-27-09-42-18.pdf",
    "periodicity": "periodic"
  },
  {
    "equity_ticker": "SAM",
    "geography": "US",
    "content_name": "SAM Q3 2023 Transcript",
    "file_type": "pdf",
    "content_type": "earnings_transcript",
    "published_date": "2023-10-26",
    "fiscal_date": "2023-10-26",
    "fiscal_year": 2023,
    "fiscal_quarter": 3,
    "r2_url": "https://pub-2c783279b61043e19fbdadd1bee5153a.r2.dev/SAM/2023-10-26/The%20Boston%20Beer%20Company%2C%20Inc._2023-10-26_transcript/The%20Boston%20Beer%20Company%2C%20Inc._2023-10-26_transcript.pdf/The%20Boston%20Beer%20Company%2C%20Inc._2023-10-26_transcript.pdf",
    "periodicity": "periodic"
  },
  {
    "equity_ticker": "SAM",
    "geography": "US",
    "content_name": "SAM Q3 2023 Press Release",
    "file_type": "pdf",
    "content_type": "earnings_press_release",
    "published_date": "2023-10-26",
    "fiscal_date": "2023-10-26",
    "fiscal_year": 2023,
    "fiscal_quarter": 3,
    "r2_url": "https://pub-2c783279b61043e19fbdadd1bee5153a.r2.dev/SAM/2023-10-26/0c708-2023-10-26-08-29-23/0c708-2023-10-26-08-29-23.pdf/0c708-2023-10-26-08-29-23.pdf",
    "periodicity": "periodic"
  },
  {
    "equity_ticker": "SAM",
    "geography": "US",
    "content_name": "SAM Q2 2023 Transcript",
    "file_type": "pdf",
    "content_type": "earnings_transcript",
    "published_date": "2023-07-27",
    "fiscal_date": "2023-07-27",
    "fiscal_year": 2023,
    "fiscal_quarter": 2,
    "r2_url": "https://pub-2c783279b61043e19fbdadd1bee5153a.r2.dev/SAM/2023-07-27/The%20Boston%20Beer%20Company%2C%20Inc._2023-07-27_transcript/The%20Boston%20Beer%20Company%2C%20Inc._2023-07-27_transcript.pdf/The%20Boston%20Beer%20Company%2C%20Inc._2023-07-27_transcript.pdf",
    "periodicity": "periodic"
  },
  {
    "equity_ticker": "SAM",
    "geography": "US",
    "content_name": "SAM Q2 2023 Press Release",
    "file_type": "pdf",
    "content_type": "earnings_press_release",
    "published_date": "2023-07-27",
    "fiscal_date": "2023-07-27",
    "fiscal_year": 2023,
    "fiscal_quarter": 2,
    "r2_url": "https://pub-2c783279b61043e19fbdadd1bee5153a.r2.dev/SAM/2023-07-27/ade4b-2023-07-27-08-18-19/ade4b-2023-07-27-08-18-19.pdf/ade4b-2023-07-27-08-18-19.pdf",
    "periodicity": "periodic"
  },
  {
    "equity_ticker": "SAM",
    "geography": "US",
    "content_name": "SAM Q1 2023 Transcript",
    "file_type": "pdf",
    "content_type": "earnings_transcript",
    "published_date": "2023-04-27",
    "fiscal_date": "2023-04-27",
    "fiscal_year": 2023,
    "fiscal_quarter": 1,
    "r2_url": "https://pub-2c783279b61043e19fbdadd1bee5153a.r2.dev/SAM/2023-04-27/The%20Boston%20Beer%20Company%2C%20Inc._2023-04-27_transcript/The%20Boston%20Beer%20Company%2C%20Inc._2023-04-27_transcript.pdf/The%20Boston%20Beer%20Company%2C%20Inc._2023-04-27_transcript.pdf",
    "periodicity": "periodic"
  },
  {
    "equity_ticker": "SAM",
    "geography": "US",
    "content_name": "SAM Q1 2023 Press Release",
    "file_type": "pdf",
    "content_type": "earnings_press_release",
    "published_date": "2023-04-27",
    "fiscal_date": "2023-04-27",
    "fiscal_year": 2023,
    "fiscal_quarter": 1,
    "r2_url": "https://pub-2c783279b61043e19fbdadd1bee5153a.r2.dev/SAM/2023-04-27/37cef-2023-04-27-08-04-25/37cef-2023-04-27-08-04-25.pdf/37cef-2023-04-27-08-04-25.pdf",
    "periodicity": "periodic"
  },
  {
    "equity_ticker": "SAM",
    "geography": "US",
    "content_name": "SAM Q4 2022 Transcript",
    "file_type": "pdf",
    "content_type": "earnings_transcript",
    "published_date": "2023-02-15",
    "fiscal_date": "2023-02-15",
    "fiscal_year": 2022,
    "fiscal_quarter": 4,
    "r2_url": "https://pub-2c783279b61043e19fbdadd1bee5153a.r2.dev/SAM/2023-02-15/The%20Boston%20Beer%20Company%2C%20Inc._2023-02-15_transcript/The%20Boston%20Beer%20Company%2C%20Inc._2023-02-15_transcript.pdf/The%20Boston%20Beer%20Company%2C%20Inc._2023-02-15_transcript.pdf",
    "periodicity": "periodic"
  },
  {
    "equity_ticker": "SAM",
    "geography": "US",
    "content_name": "SAM Q4 2022 Press Release",
    "file_type": "pdf",
    "content_type": "earnings_press_release",
    "published_date": "2023-02-15",
    "fiscal_date": "2023-02-15",
    "fiscal_year": 2022,
    "fiscal_quarter": 4,
    "r2_url": "https://pub-2c783279b61043e19fbdadd1bee5153a.r2.dev/SAM/2023-02-15/bee79-2024-08-05-07-20-15/bee79-2024-08-05-07-20-15.pdf/bee79-2024-08-05-07-20-15.pdf",
    "periodicity": "periodic"
  },
  {
    "equity_ticker": "SAM",
    "geography": "US",
    "content_name": "SAM Q3 2022 Transcript",
    "file_type": "pdf",
    "content_type": "earnings_transcript",
    "published_date": "2022-10-20",
    "fiscal_date": "2022-10-20",
    "fiscal_year": 2022,
    "fiscal_quarter": 3,
    "r2_url": "https://pub-2c783279b61043e19fbdadd1bee5153a.r2.dev/SAM/2022-10-20/The%20Boston%20Beer%20Company%2C%20Inc._2022-10-20_transcript/The%20Boston%20Beer%20Company%2C%20Inc._2022-10-20_transcript.pdf/The%20Boston%20Beer%20Company%2C%20Inc._2022-10-20_transcript.pdf",
    "periodicity": "periodic"
  },
  {
    "equity_ticker": "SAM",
    "geography": "US",
    "content_name": "SAM Q3 2022 Press Release",
    "file_type": "pdf",
    "content_type": "earnings_press_release",
    "published_date": "2022-10-20",
    "fiscal_date": "2022-10-20",
    "fiscal_year": 2022,
    "fiscal_quarter": 3,
    "r2_url": "https://pub-2c783279b61043e19fbdadd1bee5153a.r2.dev/SAM/2022-10-20/26e6a-2024-08-05-07-02-16/26e6a-2024-08-05-07-02-16.pdf/26e6a-2024-08-05-07-02-16.pdf",
    "periodicity": "periodic"
  },
  {
    "equity_ticker": "SAM",
    "geography": "US",
    "content_name": "SAM Q2 2022 Transcript",
    "file_type": "pdf",
    "content_type": "earnings_transcript",
    "published_date": "2022-07-21",
    "fiscal_date": "2022-07-21",
    "fiscal_year": 2022,
    "fiscal_quarter": 2,
    "r2_url": "https://pub-2c783279b61043e19fbdadd1bee5153a.r2.dev/SAM/2022-07-21/The%20Boston%20Beer%20Company%2C%20Inc._2022-07-21_transcript/The%20Boston%20Beer%20Company%2C%20Inc._2022-07-21_transcript.pdf/The%20Boston%20Beer%20Company%2C%20Inc._2022-07-21_transcript.pdf",
    "periodicity": "periodic"
  },
  {
    "equity_ticker": "SAM",
    "geography": "US",
    "content_name": "SAM Q2 2022 Press Release",
    "file_type": "pdf",
    "content_type": "earnings_press_release",
    "published_date": "2022-07-21",
    "fiscal_date": "2022-07-21",
    "fiscal_year": 2022,
    "fiscal_quarter": 2,
    "r2_url": "https://pub-2c783279b61043e19fbdadd1bee5153a.r2.dev/SAM/2022-07-21/8f1f5-2024-08-05-07-06-17/8f1f5-2024-08-05-07-06-17.pdf/8f1f5-2024-08-05-07-06-17.pdf",
    "periodicity": "periodic"
  },
  {
    "equity_ticker": "SAM",
    "geography": "US",
    "content_name": "SAM Q1 2022 Transcript",
    "file_type": "pdf",
    "content_type": "earnings_transcript",
    "published_date": "2022-04-21",
    "fiscal_date": "2022-04-21",
    "fiscal_year": 2022,
    "fiscal_quarter": 1,
    "r2_url": "https://pub-2c783279b61043e19fbdadd1bee5153a.r2.dev/SAM/2022-04-21/The%20Boston%20Beer%20Company%2C%20Inc._2022-04-21_transcript/The%20Boston%20Beer%20Company%2C%20Inc._2022-04-21_transcript.pdf/The%20Boston%20Beer%20Company%2C%20Inc._2022-04-21_transcript.pdf",
    "periodicity": "periodic"
  },
  {
    "equity_ticker": "SAM",
    "geography": "US",
    "content_name": "SAM Q1 2022 Press Release",
    "file_type": "pdf",
    "content_type": "earnings_press_release",
    "published_date": "2022-04-21",
    "fiscal_date": "2022-04-21",
    "fiscal_year": 2022,
    "fiscal_quarter": 1,
    "r2_url": "https://pub-2c783279b61043e19fbdadd1bee5153a.r2.dev/SAM/2022-04-21/3e204-2024-08-05-07-37-17/3e204-2024-08-05-07-37-17.pdf/3e204-2024-08-05-07-37-17.pdf",
    "periodicity": "periodic"
  },
  {
    "equity_ticker": "SAM",
    "geography": "US",
    "content_name": "SAM Q4 2021 Transcript",
    "file_type": "pdf",
    "content_type": "earnings_transcript",
    "published_date": "2022-02-16",
    "fiscal_date": "2022-02-16",
    "fiscal_year": 2021,
    "fiscal_quarter": 4,
    "r2_url": "https://pub-2c783279b61043e19fbdadd1bee5153a.r2.dev/SAM/2022-02-16/The%20Boston%20Beer%20Company%2C%20Inc._2022-02-16_transcript/The%20Boston%20Beer%20Company%2C%20Inc._2022-02-16_transcript.pdf/The%20Boston%20Beer%20Company%2C%20Inc._2022-02-16_transcript.pdf",
    "periodicity": "periodic"
  },
  {
    "equity_ticker": "SAM",
    "geography": "US",
    "content_name": "SAM Q4 2021 Press Release",
    "file_type": "pdf",
    "content_type": "earnings_press_release",
    "published_date": "2022-02-16",
    "fiscal_date": "2022-02-16",
    "fiscal_year": 2021,
    "fiscal_quarter": 4,
    "r2_url": "https://pub-2c783279b61043e19fbdadd1bee5153a.r2.dev/SAM/2022-02-16/a0c24-2024-08-05-07-07-18/a0c24-2024-08-05-07-07-18.pdf/a0c24-2024-08-05-07-07-18.pdf",
    "periodicity": "periodic"
  },
  {
    "equity_ticker": "SAM",
    "geography": "US",
    "content_name": "SAM Q3 2021 Transcript",
    "file_type": "pdf",
    "content_type": "earnings_transcript",
    "published_date": "2021-10-21",
    "fiscal_date": "2021-10-21",
    "fiscal_year": 2021,
    "fiscal_quarter": 3,
    "r2_url": "https://pub-2c783279b61043e19fbdadd1bee5153a.r2.dev/SAM/2021-10-21/The%20Boston%20Beer%20Company%2C%20Inc._2021-10-21_transcript/The%20Boston%20Beer%20Company%2C%20Inc._2021-10-21_transcript.pdf/The%20Boston%20Beer%20Company%2C%20Inc._2021-10-21_transcript.pdf",
    "periodicity": "periodic"
  },
  {
    "equity_ticker": "SAM",
    "geography": "US",
    "content_name": "SAM Q3 2021 Press Release",
    "file_type": "pdf",
    "content_type": "earnings_press_release",
    "published_date": "2021-10-21",
    "fiscal_date": "2021-10-21",
    "fiscal_year": 2021,
    "fiscal_quarter": 3,
    "r2_url": "https://pub-2c783279b61043e19fbdadd1bee5153a.r2.dev/SAM/2021-10-21/fbef5-2024-08-05-07-40-18/fbef5-2024-08-05-07-40-18.pdf/fbef5-2024-08-05-07-40-18.pdf",
    "periodicity": "periodic"
  },
  {
    "equity_ticker": "SAM",
    "geography": "US",
    "content_name": "SAM Q2 2021 Transcript",
    "file_type": "pdf",
    "content_type": "earnings_transcript",
    "published_date": "2021-07-22",
    "fiscal_date": "2021-07-22",
    "fiscal_year": 2021,
    "fiscal_quarter": 2,
    "r2_url": "https://pub-2c783279b61043e19fbdadd1bee5153a.r2.dev/SAM/2021-07-22/The%20Boston%20Beer%20Company%2C%20Inc._2021-07-22_transcript/The%20Boston%20Beer%20Company%2C%20Inc._2021-07-22_transcript.pdf/The%20Boston%20Beer%20Company%2C%20Inc._2021-07-22_transcript.pdf",
    "periodicity": "periodic"
  },
  {
    "equity_ticker": "SAM",
    "geography": "US",
    "content_name": "SAM Q2 2021 Press Release",
    "file_type": "pdf",
    "content_type": "quarterly_report",
    "published_date": "2021-07-22",
    "fiscal_date": "2021-07-22",
    "fiscal_year": 2021,
    "fiscal_quarter": 2,
    "r2_url": "https://pub-2c783279b61043e19fbdadd1bee5153a.r2.dev/SAM/2021-07-22/9853e-2024-08-29-10-04-40/9853e-2024-08-29-10-04-40.pdf/9853e-2024-08-29-10-04-40.pdf",
    "periodicity": "periodic"
  },
  {
    "equity_ticker": "SAM",
    "geography": "US",
    "content_name": "SAM Q1 2021 Transcript",
    "file_type": "pdf",
    "content_type": "earnings_transcript",
    "published_date": "2021-04-23",
    "fiscal_date": "2021-04-23",
    "fiscal_year": 2021,
    "fiscal_quarter": 1,
    "r2_url": "https://pub-2c783279b61043e19fbdadd1bee5153a.r2.dev/SAM/2021-04-23/The%20Boston%20Beer%20Company%2C%20Inc._2021-04-23_transcript/The%20Boston%20Beer%20Company%2C%20Inc._2021-04-23_transcript.pdf/The%20Boston%20Beer%20Company%2C%20Inc._2021-04-23_transcript.pdf",
    "periodicity": "periodic"
  },
  {
    "equity_ticker": "SAM",
    "geography": "US",
    "content_name": "SAM Q4 2020 Transcript",
    "file_type": "pdf",
    "content_type": "earnings_transcript",
    "published_date": "2021-02-17",
    "fiscal_date": "2021-02-17",
    "fiscal_year": 2020,
    "fiscal_quarter": 4,
    "r2_url": "https://pub-2c783279b61043e19fbdadd1bee5153a.r2.dev/SAM/2021-02-17/The%20Boston%20Beer%20Company%2C%20Inc._2021-02-17_transcript/The%20Boston%20Beer%20Company%2C%20Inc._2021-02-17_transcript.pdf/The%20Boston%20Beer%20Company%2C%20Inc._2021-02-17_transcript.pdf",
    "periodicity": "periodic"
  },
  {
    "equity_ticker": "SAM",
    "geography": "US",
    "content_name": "SAM Q4 2020 Press Release",
    "file_type": "pdf",
    "content_type": "annual_report",
    "published_date": "2021-02-17",
    "fiscal_date": "2021-02-17",
    "fiscal_year": 2020,
    "fiscal_quarter": 4,
    "r2_url": "https://pub-2c783279b61043e19fbdadd1bee5153a.r2.dev/SAM/2021-02-17/a1179-2023-09-05-01-43-54/a1179-2023-09-05-01-43-54.pdf/a1179-2023-09-05-01-43-54.pdf",
    "periodicity": "periodic"
  },
  {
    "equity_ticker": "SAM",
    "geography": "US",
    "content_name": "SAM Q3 2020 Transcript",
    "file_type": "pdf",
    "content_type": "earnings_transcript",
    "published_date": "2020-10-23",
    "fiscal_date": "2020-10-23",
    "fiscal_year": 2020,
    "fiscal_quarter": 3,
    "r2_url": "https://pub-2c783279b61043e19fbdadd1bee5153a.r2.dev/SAM/2020-10-23/The%20Boston%20Beer%20Company%2C%20Inc._2020-10-23_transcript/The%20Boston%20Beer%20Company%2C%20Inc._2020-10-23_transcript.pdf/The%20Boston%20Beer%20Company%2C%20Inc._2020-10-23_transcript.pdf",
    "periodicity": "periodic"
  },
  {
    "equity_ticker": "SAM",
    "geography": "US",
    "content_name": "SAM Q2 2020 Transcript",
    "file_type": "pdf",
    "content_type": "earnings_transcript",
    "published_date": "2020-07-23",
    "fiscal_date": "2020-07-23",
    "fiscal_year": 2020,
    "fiscal_quarter": 2,
    "r2_url": "https://pub-2c783279b61043e19fbdadd1bee5153a.r2.dev/SAM/2020-07-23/The%20Boston%20Beer%20Company%2C%20Inc._2020-07-23_transcript/The%20Boston%20Beer%20Company%2C%20Inc._2020-07-23_transcript.pdf/The%20Boston%20Beer%20Company%2C%20Inc._2020-07-23_transcript.pdf",
    "periodicity": "periodic"
  },
  {
    "equity_ticker": "SAM",
    "geography": "US",
    "content_name": "SAM Q1 2020 Transcript",
    "file_type": "pdf",
    "content_type": "earnings_transcript",
    "published_date": "2020-04-23",
    "fiscal_date": "2020-04-23",
    "fiscal_year": 2020,
    "fiscal_quarter": 1,
    "r2_url": "https://pub-2c783279b61043e19fbdadd1bee5153a.r2.dev/SAM/2020-04-23/The%20Boston%20Beer%20Company%2C%20Inc._2020-04-23_transcript/The%20Boston%20Beer%20Company%2C%20Inc._2020-04-23_transcript.pdf/The%20Boston%20Beer%20Company%2C%20Inc._2020-04-23_transcript.pdf",
    "periodicity": "periodic"
  },
  {
    "equity_ticker": "SAM",
    "geography": "US",
    "content_name": "SAM Q4 2019 Transcript",
    "file_type": "pdf",
    "content_type": "earnings_transcript",
    "published_date": "2020-02-19",
    "fiscal_date": "2020-02-19",
    "fiscal_year": 2019,
    "fiscal_quarter": 4,
    "r2_url": "https://pub-2c783279b61043e19fbdadd1bee5153a.r2.dev/SAM/2020-02-19/The%20Boston%20Beer%20Company%2C%20Inc._2020-02-19_transcript/The%20Boston%20Beer%20Company%2C%20Inc._2020-02-19_transcript.pdf/The%20Boston%20Beer%20Company%2C%20Inc._2020-02-19_transcript.pdf",
    "periodicity": "periodic"
  },
  {
    "equity_ticker": "SAM",
    "geography": "US",
    "content_name": "SAM Q4 2019 Press Release",
    "file_type": "pdf",
    "content_type": "annual_report",
    "published_date": "2020-02-19",
    "fiscal_date": "2020-02-19",
    "fiscal_year": 2019,
    "fiscal_quarter": 4,
    "r2_url": "https://pub-2c783279b61043e19fbdadd1bee5153a.r2.dev/SAM/2020-02-19/63da0-2023-09-05-01-59-54/63da0-2023-09-05-01-59-54.pdf/63da0-2023-09-05-01-59-54.pdf",
    "periodicity": "periodic"
  },
  {
    "equity_ticker": "SAM",
    "geography": "US",
    "content_name": "SAM Q3 2019 Transcript",
    "file_type": "pdf",
    "content_type": "earnings_transcript",
    "published_date": "2019-10-29",
    "fiscal_date": "2019-10-29",
    "fiscal_year": 2019,
    "fiscal_quarter": 3,
    "r2_url": "https://pub-2c783279b61043e19fbdadd1bee5153a.r2.dev/SAM/2019-10-29/The%20Boston%20Beer%20Company%2C%20Inc._2019-10-29_transcript/The%20Boston%20Beer%20Company%2C%20Inc._2019-10-29_transcript.pdf/The%20Boston%20Beer%20Company%2C%20Inc._2019-10-29_transcript.pdf",
    "periodicity": "periodic"
  },
  {
    "equity_ticker": "SAM",
    "geography": "US",
    "content_name": "SAM Q2 2019 Transcript",
    "file_type": "pdf",
    "content_type": "earnings_transcript",
    "published_date": "2019-07-25",
    "fiscal_date": "2019-07-25",
    "fiscal_year": 2019,
    "fiscal_quarter": 2,
    "r2_url": "https://pub-2c783279b61043e19fbdadd1bee5153a.r2.dev/SAM/2019-07-25/The%20Boston%20Beer%20Company%2C%20Inc._2019-07-25_transcript/The%20Boston%20Beer%20Company%2C%20Inc._2019-07-25_transcript.pdf/The%20Boston%20Beer%20Company%2C%20Inc._2019-07-25_transcript.pdf",
    "periodicity": "periodic"
  },
  {
    "equity_ticker": "SAM",
    "geography": "US",
    "content_name": "SAM Q1 2019 Transcript",
    "file_type": "pdf",
    "content_type": "earnings_transcript",
    "published_date": "2019-04-24",
    "fiscal_date": "2019-04-24",
    "fiscal_year": 2019,
    "fiscal_quarter": 1,
    "r2_url": "https://pub-2c783279b61043e19fbdadd1bee5153a.r2.dev/SAM/2019-04-24/The%20Boston%20Beer%20Company%2C%20Inc._2019-04-24_transcript/The%20Boston%20Beer%20Company%2C%20Inc._2019-04-24_transcript.pdf/The%20Boston%20Beer%20Company%2C%20Inc._2019-04-24_transcript.pdf",
    "periodicity": "periodic"
  },
  {
    "equity_ticker": "SAM",
    "geography": "US",
    "content_name": "SAM Q4 2018 Transcript",
    "file_type": "pdf",
    "content_type": "earnings_transcript",
    "published_date": "2019-02-20",
    "fiscal_date": "2019-02-20",
    "fiscal_year": 2018,
    "fiscal_quarter": 4,
    "r2_url": "https://pub-2c783279b61043e19fbdadd1bee5153a.r2.dev/SAM/2019-02-20/The%20Boston%20Beer%20Company%2C%20Inc._2019-02-20_transcript/The%20Boston%20Beer%20Company%2C%20Inc._2019-02-20_transcript.pdf/The%20Boston%20Beer%20Company%2C%20Inc._2019-02-20_transcript.pdf",
    "periodicity": "periodic"
  },
  {
    "equity_ticker": "SAM",
    "geography": "US",
    "content_name": "SAM Q4 2018 Press Release",
    "file_type": "pdf",
    "content_type": "annual_report",
    "published_date": "2019-02-20",
    "fiscal_date": "2019-02-20",
    "fiscal_year": 2018,
    "fiscal_quarter": 4,
    "r2_url": "https://pub-2c783279b61043e19fbdadd1bee5153a.r2.dev/SAM/2019-02-20/24784-2023-09-05-01-14-55/24784-2023-09-05-01-14-55.pdf/24784-2023-09-05-01-14-55.pdf",
    "periodicity": "periodic"
  },
  {
    "equity_ticker": "SAM",
    "geography": "US",
    "content_name": "SAM Q3 2018 Transcript",
    "file_type": "pdf",
    "content_type": "earnings_transcript",
    "published_date": "2018-10-25",
    "fiscal_date": "2018-10-25",
    "fiscal_year": 2018,
    "fiscal_quarter": 3,
    "r2_url": "https://pub-2c783279b61043e19fbdadd1bee5153a.r2.dev/SAM/2018-10-25/The%20Boston%20Beer%20Company%2C%20Inc._2018-10-25_transcript/The%20Boston%20Beer%20Company%2C%20Inc._2018-10-25_transcript.pdf/The%20Boston%20Beer%20Company%2C%20Inc._2018-10-25_transcript.pdf",
    "periodicity": "periodic"
  },
  {
    "equity_ticker": "SAM",
    "geography": "US",
    "content_name": "SAM Q2 2018 Transcript",
    "file_type": "pdf",
    "content_type": "earnings_transcript",
    "published_date": "2018-07-26",
    "fiscal_date": "2018-07-26",
    "fiscal_year": 2018,
    "fiscal_quarter": 2,
    "r2_url": "https://pub-2c783279b61043e19fbdadd1bee5153a.r2.dev/SAM/2018-07-26/The%20Boston%20Beer%20Company%2C%20Inc._2018-07-26_transcript/The%20Boston%20Beer%20Company%2C%20Inc._2018-07-26_transcript.pdf/The%20Boston%20Beer%20Company%2C%20Inc._2018-07-26_transcript.pdf",
    "periodicity": "periodic"
  },
  {
    "equity_ticker": "SAM",
    "geography": "US",
    "content_name": "SAM Q1 2018 Transcript",
    "file_type": "pdf",
    "content_type": "earnings_transcript",
    "published_date": "2018-04-25",
    "fiscal_date": "2018-04-25",
    "fiscal_year": 2018,
    "fiscal_quarter": 1,
    "r2_url": "https://pub-2c783279b61043e19fbdadd1bee5153a.r2.dev/SAM/2018-04-25/The%20Boston%20Beer%20Company%2C%20Inc._2018-04-25_transcript/The%20Boston%20Beer%20Company%2C%20Inc._2018-04-25_transcript.pdf/The%20Boston%20Beer%20Company%2C%20Inc._2018-04-25_transcript.pdf",
    "periodicity": "periodic"
  },
  {
    "equity_ticker": "SAM",
    "geography": "US",
    "content_name": "SAM Q4 2017 Transcript",
    "file_type": "pdf",
    "content_type": "earnings_transcript",
    "published_date": "2018-02-21",
    "fiscal_date": "2018-02-21",
    "fiscal_year": 2017,
    "fiscal_quarter": 4,
    "r2_url": "https://pub-2c783279b61043e19fbdadd1bee5153a.r2.dev/SAM/2018-02-21/The%20Boston%20Beer%20Company%2C%20Inc._2018-02-21_transcript/The%20Boston%20Beer%20Company%2C%20Inc._2018-02-21_transcript.pdf/The%20Boston%20Beer%20Company%2C%20Inc._2018-02-21_transcript.pdf",
    "periodicity": "periodic"
  },
  {
    "equity_ticker": "SAM",
    "geography": "US",
    "content_name": "SAM Q4 2017 Press Release",
    "file_type": "pdf",
    "content_type": "annual_report",
    "published_date": "2018-02-21",
    "fiscal_date": "2018-02-21",
    "fiscal_year": 2017,
    "fiscal_quarter": 4,
    "r2_url": "https://pub-2c783279b61043e19fbdadd1bee5153a.r2.dev/SAM/2018-02-21/01f91-2023-09-05-01-27-55/01f91-2023-09-05-01-27-55.pdf/01f91-2023-09-05-01-27-55.pdf",
    "periodicity": "periodic"
  },
  {
    "equity_ticker": "SAM",
    "geography": "US",
    "content_name": "SAM Q3 2017 Transcript",
    "file_type": "pdf",
    "content_type": "earnings_transcript",
    "published_date": "2017-10-26",
    "fiscal_date": "2017-10-26",
    "fiscal_year": 2017,
    "fiscal_quarter": 3,
    "r2_url": "https://pub-2c783279b61043e19fbdadd1bee5153a.r2.dev/SAM/2017-10-26/The%20Boston%20Beer%20Company%2C%20Inc._2017-10-26_transcript/The%20Boston%20Beer%20Company%2C%20Inc._2017-10-26_transcript.pdf/The%20Boston%20Beer%20Company%2C%20Inc._2017-10-26_transcript.pdf",
    "periodicity": "periodic"
  },
  {
    "equity_ticker": "SAM",
    "geography": "US",
    "content_name": "SAM Q2 2017 Transcript",
    "file_type": "pdf",
    "content_type": "earnings_transcript",
    "published_date": "2017-07-27",
    "fiscal_date": "2017-07-27",
    "fiscal_year": 2017,
    "fiscal_quarter": 2,
    "r2_url": "https://pub-2c783279b61043e19fbdadd1bee5153a.r2.dev/SAM/2017-07-27/The%20Boston%20Beer%20Company%2C%20Inc._2017-07-27_transcript/The%20Boston%20Beer%20Company%2C%20Inc._2017-07-27_transcript.pdf/The%20Boston%20Beer%20Company%2C%20Inc._2017-07-27_transcript.pdf",
    "periodicity": "periodic"
  },
  {
    "equity_ticker": "SAM",
    "geography": "US",
    "content_name": "SAM Q1 2017 Transcript",
    "file_type": "pdf",
    "content_type": "earnings_transcript",
    "published_date": "2017-04-26",
    "fiscal_date": "2017-04-26",
    "fiscal_year": 2017,
    "fiscal_quarter": 1,
    "r2_url": "https://pub-2c783279b61043e19fbdadd1bee5153a.r2.dev/SAM/2017-04-26/The%20Boston%20Beer%20Company%2C%20Inc._2017-04-26_transcript/The%20Boston%20Beer%20Company%2C%20Inc._2017-04-26_transcript.pdf/The%20Boston%20Beer%20Company%2C%20Inc._2017-04-26_transcript.pdf",
    "periodicity": "periodic"
  },
  {
    "equity_ticker": "SAM",
    "geography": "US",
    "content_name": "SAM Q4 2016 Transcript",
    "file_type": "pdf",
    "content_type": "earnings_transcript",
    "published_date": "2017-02-22",
    "fiscal_date": "2017-02-22",
    "fiscal_year": 2016,
    "fiscal_quarter": 4,
    "r2_url": "https://pub-2c783279b61043e19fbdadd1bee5153a.r2.dev/SAM/2017-02-22/The%20Boston%20Beer%20Company%2C%20Inc._2017-02-22_transcript/The%20Boston%20Beer%20Company%2C%20Inc._2017-02-22_transcript.pdf/The%20Boston%20Beer%20Company%2C%20Inc._2017-02-22_transcript.pdf",
    "periodicity": "periodic"
  },
  {
    "equity_ticker": "SAM",
    "geography": "US",
    "content_name": "SAM Q4 2016 Press Release",
    "file_type": "pdf",
    "content_type": "annual_report",
    "published_date": "2017-02-22",
    "fiscal_date": "2017-02-22",
    "fiscal_year": 2016,
    "fiscal_quarter": 4,
    "r2_url": "https://pub-2c783279b61043e19fbdadd1bee5153a.r2.dev/SAM/2017-02-22/d84ab-2023-09-05-01-44-55/d84ab-2023-09-05-01-44-55.pdf/d84ab-2023-09-05-01-44-55.pdf",
    "periodicity": "periodic"
  },
  {
    "equity_ticker": "SAM",
    "geography": "US",
    "content_name": "SAM Q3 2016 Transcript",
    "file_type": "pdf",
    "content_type": "earnings_transcript",
    "published_date": "2016-10-20",
    "fiscal_date": "2016-10-20",
    "fiscal_year": 2016,
    "fiscal_quarter": 3,
    "r2_url": "https://pub-2c783279b61043e19fbdadd1bee5153a.r2.dev/SAM/2016-10-20/The%20Boston%20Beer%20Company%2C%20Inc._2016-10-20_transcript/The%20Boston%20Beer%20Company%2C%20Inc._2016-10-20_transcript.pdf/The%20Boston%20Beer%20Company%2C%20Inc._2016-10-20_transcript.pdf",
    "periodicity": "periodic"
  },
  {
    "equity_ticker": "SAM",
    "geography": "US",
    "content_name": "SAM Q2 2016 Transcript",
    "file_type": "pdf",
    "content_type": "earnings_transcript",
    "published_date": "2016-07-21",
    "fiscal_date": "2016-07-21",
    "fiscal_year": 2016,
    "fiscal_quarter": 2,
    "r2_url": "https://pub-2c783279b61043e19fbdadd1bee5153a.r2.dev/SAM/2016-07-21/The%20Boston%20Beer%20Company%2C%20Inc._2016-07-21_transcript/The%20Boston%20Beer%20Company%2C%20Inc._2016-07-21_transcript.pdf/The%20Boston%20Beer%20Company%2C%20Inc._2016-07-21_transcript.pdf",
    "periodicity": "periodic"
  },
  {
    "equity_ticker": "SAM",
    "geography": "US",
    "content_name": "SAM Q1 2016 Transcript",
    "file_type": "pdf",
    "content_type": "earnings_transcript",
    "published_date": "2016-04-21",
    "fiscal_date": "2016-04-21",
    "fiscal_year": 2016,
    "fiscal_quarter": 1,
    "r2_url": "https://pub-2c783279b61043e19fbdadd1bee5153a.r2.dev/SAM/2016-04-21/The%20Boston%20Beer%20Company%2C%20Inc._2016-04-21_transcript/The%20Boston%20Beer%20Company%2C%20Inc._2016-04-21_transcript.pdf/The%20Boston%20Beer%20Company%2C%20Inc._2016-04-21_transcript.pdf",
    "periodicity": "periodic"
  },
  {
    "equity_ticker": "SAM",
    "geography": "US",
    "content_name": "SAM Q4 2015 Transcript",
    "file_type": "pdf",
    "content_type": "earnings_transcript",
    "published_date": "2016-02-18",
    "fiscal_date": "2016-02-18",
    "fiscal_year": 2015,
    "fiscal_quarter": 4,
    "r2_url": "https://pub-2c783279b61043e19fbdadd1bee5153a.r2.dev/SAM/2016-02-18/The%20Boston%20Beer%20Company%2C%20Inc._2016-02-18_transcript/The%20Boston%20Beer%20Company%2C%20Inc._2016-02-18_transcript.pdf/The%20Boston%20Beer%20Company%2C%20Inc._2016-02-18_transcript.pdf",
    "periodicity": "periodic"
  },
  {
    "equity_ticker": "SAM",
    "geography": "US",
    "content_name": "SAM Q4 2015 Press Release",
    "file_type": "pdf",
    "content_type": "annual_report",
    "published_date": "2016-02-18",
    "fiscal_date": "2016-02-18",
    "fiscal_year": 2015,
    "fiscal_quarter": 4,
    "r2_url": "https://pub-2c783279b61043e19fbdadd1bee5153a.r2.dev/SAM/2016-02-18/f7f9b-2023-09-05-01-59-55/f7f9b-2023-09-05-01-59-55.pdf/f7f9b-2023-09-05-01-59-55.pdf",
    "periodicity": "periodic"
  },
  {
    "equity_ticker": "SAM",
    "geography": "US",
    "content_name": "SAM Q3 2015 Transcript",
    "file_type": "pdf",
    "content_type": "earnings_transcript",
    "published_date": "2015-10-31",
    "fiscal_date": "2015-10-31",
    "fiscal_year": 2015,
    "fiscal_quarter": 3,
    "r2_url": "https://pub-2c783279b61043e19fbdadd1bee5153a.r2.dev/SAM/2015-10-31/The%20Boston%20Beer%20Company%2C%20Inc._2015-10-31_transcript/The%20Boston%20Beer%20Company%2C%20Inc._2015-10-31_transcript.pdf/The%20Boston%20Beer%20Company%2C%20Inc._2015-10-31_transcript.pdf",
    "periodicity": "periodic"
  },
  {
    "equity_ticker": "SAM",
    "geography": "US",
    "content_name": "SAM Q2 2015 Transcript",
    "file_type": "pdf",
    "content_type": "earnings_transcript",
    "published_date": "2015-07-30",
    "fiscal_date": "2015-07-30",
    "fiscal_year": 2015,
    "fiscal_quarter": 2,
    "r2_url": "https://pub-2c783279b61043e19fbdadd1bee5153a.r2.dev/SAM/2015-07-30/The%20Boston%20Beer%20Company%2C%20Inc._2015-07-30_transcript/The%20Boston%20Beer%20Company%2C%20Inc._2015-07-30_transcript.pdf/The%20Boston%20Beer%20Company%2C%20Inc._2015-07-30_transcript.pdf",
    "periodicity": "periodic"
  },
  {
    "equity_ticker": "SAM",
    "geography": "US",
    "content_name": "SAM Q1 2015 Transcript",
    "file_type": "pdf",
    "content_type": "earnings_transcript",
    "published_date": "2015-04-29",
    "fiscal_date": "2015-04-29",
    "fiscal_year": 2015,
    "fiscal_quarter": 1,
    "r2_url": "https://pub-2c783279b61043e19fbdadd1bee5153a.r2.dev/SAM/2015-04-29/The%20Boston%20Beer%20Company%2C%20Inc._2015-04-29_transcript/The%20Boston%20Beer%20Company%2C%20Inc._2015-04-29_transcript.pdf/The%20Boston%20Beer%20Company%2C%20Inc._2015-04-29_transcript.pdf",
    "periodicity": "periodic"
  },
  {
    "equity_ticker": "SAM",
    "geography": "US",
    "content_name": "SAM Q4 2014 Transcript",
    "file_type": "pdf",
    "content_type": "earnings_transcript",
    "published_date": "2015-02-24",
    "fiscal_date": "2015-02-24",
    "fiscal_year": 2014,
    "fiscal_quarter": 4,
    "r2_url": "https://pub-2c783279b61043e19fbdadd1bee5153a.r2.dev/SAM/2015-02-24/The%20Boston%20Beer%20Company%2C%20Inc._2015-02-24_transcript/The%20Boston%20Beer%20Company%2C%20Inc._2015-02-24_transcript.pdf/The%20Boston%20Beer%20Company%2C%20Inc._2015-02-24_transcript.pdf",
    "periodicity": "periodic"
  },
  {
    "equity_ticker": "SAM",
    "geography": "US",
    "content_name": "SAM Q3 2014 Transcript",
    "file_type": "pdf",
    "content_type": "earnings_transcript",
    "published_date": "2014-10-30",
    "fiscal_date": "2014-10-30",
    "fiscal_year": 2014,
    "fiscal_quarter": 3,
    "r2_url": "https://pub-2c783279b61043e19fbdadd1bee5153a.r2.dev/SAM/2014-10-30/The%20Boston%20Beer%20Company%2C%20Inc._2014-10-30_transcript/The%20Boston%20Beer%20Company%2C%20Inc._2014-10-30_transcript.pdf/The%20Boston%20Beer%20Company%2C%20Inc._2014-10-30_transcript.pdf",
    "periodicity": "periodic"
  },
  {
    "equity_ticker": "SAM",
    "geography": "US",
    "content_name": "SAM Q2 2014 Transcript",
    "file_type": "pdf",
    "content_type": "earnings_transcript",
    "published_date": "2014-07-30",
    "fiscal_date": "2014-07-30",
    "fiscal_year": 2014,
    "fiscal_quarter": 2,
    "r2_url": "https://pub-2c783279b61043e19fbdadd1bee5153a.r2.dev/SAM/2014-07-30/The%20Boston%20Beer%20Company%2C%20Inc._2014-07-30_transcript/The%20Boston%20Beer%20Company%2C%20Inc._2014-07-30_transcript.pdf/The%20Boston%20Beer%20Company%2C%20Inc._2014-07-30_transcript.pdf",
    "periodicity": "periodic"
  },
  {
    "equity_ticker": "SAM",
    "geography": "US",
    "content_name": "SAM Q1 2014 Transcript",
    "file_type": "pdf",
    "content_type": "earnings_transcript",
    "published_date": "2014-04-30",
    "fiscal_date": "2014-04-30",
    "fiscal_year": 2014,
    "fiscal_quarter": 1,
    "r2_url": "https://pub-2c783279b61043e19fbdadd1bee5153a.r2.dev/SAM/2014-04-30/The%20Boston%20Beer%20Company%2C%20Inc._2014-04-30_transcript/The%20Boston%20Beer%20Company%2C%20Inc._2014-04-30_transcript.pdf/The%20Boston%20Beer%20Company%2C%20Inc._2014-04-30_transcript.pdf",
    "periodicity": "periodic"
  },
  {
    "equity_ticker": "SAM",
    "geography": "US",
    "content_name": "SAM Q4 2013 Transcript",
    "file_type": "pdf",
    "content_type": "earnings_transcript",
    "published_date": "2014-02-25",
    "fiscal_date": "2014-02-25",
    "fiscal_year": 2013,
    "fiscal_quarter": 4,
    "r2_url": "https://pub-2c783279b61043e19fbdadd1bee5153a.r2.dev/SAM/2014-02-25/The%20Boston%20Beer%20Company%2C%20Inc._2014-02-25_transcript/The%20Boston%20Beer%20Company%2C%20Inc._2014-02-25_transcript.pdf/The%20Boston%20Beer%20Company%2C%20Inc._2014-02-25_transcript.pdf",
    "periodicity": "periodic"
  },
  {
    "equity_ticker": "SAM",
    "geography": "US",
    "content_name": "SAM Q3 2013 Transcript",
    "file_type": "pdf",
    "content_type": "earnings_transcript",
    "published_date": "2013-10-30",
    "fiscal_date": "2013-10-30",
    "fiscal_year": 2013,
    "fiscal_quarter": 3,
    "r2_url": "https://pub-2c783279b61043e19fbdadd1bee5153a.r2.dev/SAM/2013-10-30/The%20Boston%20Beer%20Company%2C%20Inc._2013-10-30_transcript/The%20Boston%20Beer%20Company%2C%20Inc._2013-10-30_transcript.pdf/The%20Boston%20Beer%20Company%2C%20Inc._2013-10-30_transcript.pdf",
    "periodicity": "periodic"
  },
  {
    "equity_ticker": "SAM",
    "geography": "US",
    "content_name": "SAM Q2 2013 Transcript",
    "file_type": "pdf",
    "content_type": "earnings_transcript",
    "published_date": "2013-07-31",
    "fiscal_date": "2013-07-31",
    "fiscal_year": 2013,
    "fiscal_quarter": 2,
    "r2_url": "https://pub-2c783279b61043e19fbdadd1bee5153a.r2.dev/SAM/2013-07-31/The%20Boston%20Beer%20Company%2C%20Inc._2013-07-31_transcript/The%20Boston%20Beer%20Company%2C%20Inc._2013-07-31_transcript.pdf/The%20Boston%20Beer%20Company%2C%20Inc._2013-07-31_transcript.pdf",
    "periodicity": "periodic"
  },
  {
    "equity_ticker": "SAM",
    "geography": "US",
    "content_name": "SAM Q1 2013 Transcript",
    "file_type": "pdf",
    "content_type": "earnings_transcript",
    "published_date": "2013-05-01",
    "fiscal_date": "2013-05-01",
    "fiscal_year": 2013,
    "fiscal_quarter": 1,
    "r2_url": "https://pub-2c783279b61043e19fbdadd1bee5153a.r2.dev/SAM/2013-05-01/The%20Boston%20Beer%20Company%2C%20Inc._2013-05-01_transcript/The%20Boston%20Beer%20Company%2C%20Inc._2013-05-01_transcript.pdf/The%20Boston%20Beer%20Company%2C%20Inc._2013-05-01_transcript.pdf",
    "periodicity": "periodic"
  },
  {
    "equity_ticker": "SAM",
    "geography": "US",
    "content_name": "SAM Q4 2012 Transcript",
    "file_type": "pdf",
    "content_type": "earnings_transcript",
    "published_date": "2013-02-20",
    "fiscal_date": "2013-02-20",
    "fiscal_year": 2012,
    "fiscal_quarter": 4,
    "r2_url": "https://pub-2c783279b61043e19fbdadd1bee5153a.r2.dev/SAM/2013-02-20/The%20Boston%20Beer%20Company%2C%20Inc._2013-02-20_transcript/The%20Boston%20Beer%20Company%2C%20Inc._2013-02-20_transcript.pdf/The%20Boston%20Beer%20Company%2C%20Inc._2013-02-20_transcript.pdf",
    "periodicity": "periodic"
  },
  {
    "equity_ticker": "SAM",
    "geography": "US",
    "content_name": "SAM Q3 2012 Transcript",
    "file_type": "pdf",
    "content_type": "earnings_transcript",
    "published_date": "2012-11-01",
    "fiscal_date": "2012-11-01",
    "fiscal_year": 2012,
    "fiscal_quarter": 3,
    "r2_url": "https://pub-2c783279b61043e19fbdadd1bee5153a.r2.dev/SAM/2012-11-01/The%20Boston%20Beer%20Company%2C%20Inc._2012-11-01_transcript/The%20Boston%20Beer%20Company%2C%20Inc._2012-11-01_transcript.pdf/The%20Boston%20Beer%20Company%2C%20Inc._2012-11-01_transcript.pdf",
    "periodicity": "periodic"
  },
  {
    "equity_ticker": "SAM",
    "geography": "US",
    "content_name": "SAM Q2 2012 Transcript",
    "file_type": "pdf",
    "content_type": "earnings_transcript",
    "published_date": "2012-08-01",
    "fiscal_date": "2012-08-01",
    "fiscal_year": 2012,
    "fiscal_quarter": 2,
    "r2_url": "https://pub-2c783279b61043e19fbdadd1bee5153a.r2.dev/SAM/2012-08-01/The%20Boston%20Beer%20Company%2C%20Inc._2012-08-01_transcript/The%20Boston%20Beer%20Company%2C%20Inc._2012-08-01_transcript.pdf/The%20Boston%20Beer%20Company%2C%20Inc._2012-08-01_transcript.pdf",
    "periodicity": "periodic"
  },
  {
    "equity_ticker": "SAM",
    "geography": "US",
    "content_name": "SAM Q1 2012 Transcript",
    "file_type": "pdf",
    "content_type": "earnings_transcript",
    "published_date": "2012-05-02",
    "fiscal_date": "2012-05-02",
    "fiscal_year": 2012,
    "fiscal_quarter": 1,
    "r2_url": "https://pub-2c783279b61043e19fbdadd1bee5153a.r2.dev/SAM/2012-05-02/The%20Boston%20Beer%20Company%2C%20Inc._2012-05-02_transcript/The%20Boston%20Beer%20Company%2C%20Inc._2012-05-02_transcript.pdf/The%20Boston%20Beer%20Company%2C%20Inc._2012-05-02_transcript.pdf",
    "periodicity": "periodic"
  },
  {
    "equity_ticker": "SAM",
    "geography": "US",
    "content_name": "SAM Q4 2011 Transcript",
    "file_type": "pdf",
    "content_type": "earnings_transcript",
    "published_date": "2012-02-22",
    "fiscal_date": "2012-02-22",
    "fiscal_year": 2011,
    "fiscal_quarter": 4,
    "r2_url": "https://pub-2c783279b61043e19fbdadd1bee5153a.r2.dev/SAM/2012-02-22/The%20Boston%20Beer%20Company%2C%20Inc._2012-02-22_transcript/The%20Boston%20Beer%20Company%2C%20Inc._2012-02-22_transcript.pdf/The%20Boston%20Beer%20Company%2C%20Inc._2012-02-22_transcript.pdf",
    "periodicity": "periodic"
  },
  {
    "equity_ticker": "SAM",
    "geography": "US",
    "content_name": "SAM Q2 2010 Transcript",
    "file_type": "pdf",
    "content_type": "earnings_transcript",
    "published_date": "2010-08-03",
    "fiscal_date": "2010-08-03",
    "fiscal_year": 2010,
    "fiscal_quarter": 2,
    "r2_url": "https://pub-2c783279b61043e19fbdadd1bee5153a.r2.dev/SAM/2010-08-03/The%20Boston%20Beer%20Company%2C%20Inc._2010-08-03_transcript/The%20Boston%20Beer%20Company%2C%20Inc._2010-08-03_transcript.pdf/The%20Boston%20Beer%20Company%2C%20Inc._2010-08-03_transcript.pdf",
    "periodicity": "periodic"
  },
  {
    "equity_ticker": "SAM",
    "geography": "US",
    "content_name": "SAM Q1 2010 Transcript",
    "file_type": "pdf",
    "content_type": "earnings_transcript",
    "published_date": "2010-05-05",
    "fiscal_date": "2010-05-05",
    "fiscal_year": 2010,
    "fiscal_quarter": 1,
    "r2_url": "https://pub-2c783279b61043e19fbdadd1bee5153a.r2.dev/SAM/2010-05-05/The%20Boston%20Beer%20Company%2C%20Inc._2010-05-05_transcript/The%20Boston%20Beer%20Company%2C%20Inc._2010-05-05_transcript.pdf/The%20Boston%20Beer%20Company%2C%20Inc._2010-05-05_transcript.pdf",
    "periodicity": "periodic"
  },
  {
    "equity_ticker": "SAM",
    "geography": "US",
    "content_name": "SAM Q4 2008 Transcript",
    "file_type": "pdf",
    "content_type": "earnings_transcript",
    "published_date": "2009-03-10",
    "fiscal_date": "2009-03-10",
    "fiscal_year": 2008,
    "fiscal_quarter": 4,
    "r2_url": "https://pub-2c783279b61043e19fbdadd1bee5153a.r2.dev/SAM/2009-03-10/The%20Boston%20Beer%20Company%2C%20Inc._2009-03-10_transcript/The%20Boston%20Beer%20Company%2C%20Inc._2009-03-10_transcript.pdf/The%20Boston%20Beer%20Company%2C%20Inc._2009-03-10_transcript.pdf",
    "periodicity": "periodic"
  },
  {
    "equity_ticker": "SAM",
    "geography": "US",
    "content_name": "SAM Q2 2008 Transcript",
    "file_type": "pdf",
    "content_type": "earnings_transcript",
    "published_date": "2008-08-31",
    "fiscal_date": "2008-08-31",
    "fiscal_year": 2008,
    "fiscal_quarter": 2,
    "r2_url": "https://pub-2c783279b61043e19fbdadd1bee5153a.r2.dev/SAM/2008-08-31/The%20Boston%20Beer%20Company%2C%20Inc._2008-08-31_transcript/The%20Boston%20Beer%20Company%2C%20Inc._2008-08-31_transcript.pdf/The%20Boston%20Beer%20Company%2C%20Inc._2008-08-31_transcript.pdf",
    "periodicity": "periodic"
  },
  {
    "equity_ticker": "SAM",
    "geography": "US",
    "content_name": "SAM Q1 2008 Transcript",
    "file_type": "pdf",
    "content_type": "earnings_transcript",
    "published_date": "2008-05-23",
    "fiscal_date": "2008-05-23",
    "fiscal_year": 2008,
    "fiscal_quarter": 1,
    "r2_url": "https://pub-2c783279b61043e19fbdadd1bee5153a.r2.dev/SAM/2008-05-23/The%20Boston%20Beer%20Company%2C%20Inc._2008-05-23_transcript/The%20Boston%20Beer%20Company%2C%20Inc._2008-05-23_transcript.pdf/The%20Boston%20Beer%20Company%2C%20Inc._2008-05-23_transcript.pdf",
    "periodicity": "periodic"
  },
  {
    "equity_ticker": "SAM",
    "geography": "US",
    "content_name": "SAM Q4 2007 Transcript",
    "file_type": "pdf",
    "content_type": "earnings_transcript",
    "published_date": "2008-03-11",
    "fiscal_date": "2008-03-11",
    "fiscal_year": 2007,
    "fiscal_quarter": 4,
    "r2_url": "https://pub-2c783279b61043e19fbdadd1bee5153a.r2.dev/SAM/2008-03-11/The%20Boston%20Beer%20Company%2C%20Inc._2008-03-11_transcript/The%20Boston%20Beer%20Company%2C%20Inc._2008-03-11_transcript.pdf/The%20Boston%20Beer%20Company%2C%20Inc._2008-03-11_transcript.pdf",
    "periodicity": "periodic"
  },
  {
    "equity_ticker": "SAM",
    "geography": "US",
    "content_name": "SAM Q3 2007 Transcript",
    "file_type": "pdf",
    "content_type": "earnings_transcript",
    "published_date": "2007-11-06",
    "fiscal_date": "2007-11-06",
    "fiscal_year": 2007,
    "fiscal_quarter": 3,
    "r2_url": "https://pub-2c783279b61043e19fbdadd1bee5153a.r2.dev/SAM/2007-11-06/The%20Boston%20Beer%20Company%2C%20Inc._2007-11-06_transcript/The%20Boston%20Beer%20Company%2C%20Inc._2007-11-06_transcript.pdf/The%20Boston%20Beer%20Company%2C%20Inc._2007-11-06_transcript.pdf",
    "periodicity": "periodic"
  }
]