[
  {
    "equity_ticker": "TXN",
    "geography": "US",
    "content_name": "TXN Q4 2024 10-K",
    "file_type": "pdf",
    "content_type": "annual_report",
    "published_date": "2025-02-14",
    "fiscal_date": "2024-12-31",
    "fiscal_year": 2024,
    "fiscal_quarter": 4,
    "r2_url": "https://pub-2c783279b61043e19fbdadd1bee5153a.r2.dev/TXN/2025-02-14/txn-20241231.htm/txn-20241231.pdf",
    "periodicity": "periodic"
  },
  {
    "equity_ticker": "TXN",
    "geography": "US",
    "content_name": "TXN Q3 2024 10-Q",
    "file_type": "pdf",
    "content_type": "quarterly_report",
    "published_date": "2024-10-23",
    "fiscal_date": "2024-09-30",
    "fiscal_year": 2024,
    "fiscal_quarter": 3,
    "r2_url": "https://pub-2c783279b61043e19fbdadd1bee5153a.r2.dev/TXN/2024-10-23/txn-20240930.htm/txn-20240930.pdf",
    "periodicity": "periodic"
  },
  {
    "equity_ticker": "TXN",
    "geography": "US",
    "content_name": "TXN Q2 2024 10-Q",
    "file_type": "pdf",
    "content_type": "quarterly_report",
    "published_date": "2024-07-24",
    "fiscal_date": "2024-06-30",
    "fiscal_year": 2024,
    "fiscal_quarter": 2,
    "r2_url": "https://pub-2c783279b61043e19fbdadd1bee5153a.r2.dev/TXN/2024-07-24/txn-20240630.htm/txn-20240630.pdf",
    "periodicity": "periodic"
  },
  {
    "equity_ticker": "TXN",
    "geography": "US",
    "content_name": "TXN Q1 2024 10-Q",
    "file_type": "pdf",
    "content_type": "quarterly_report",
    "published_date": "2024-04-24",
    "fiscal_date": "2024-03-31",
    "fiscal_year": 2024,
    "fiscal_quarter": 1,
    "r2_url": "https://pub-2c783279b61043e19fbdadd1bee5153a.r2.dev/TXN/2024-04-24/txn-20240331.htm/txn-20240331.pdf",
    "periodicity": "periodic"
  },
  {
    "equity_ticker": "TXN",
    "geography": "US",
    "content_name": "TXN Q4 2023 10-K",
    "file_type": "pdf",
    "content_type": "annual_report",
    "published_date": "2024-02-02",
    "fiscal_date": "2023-12-31",
    "fiscal_year": 2023,
    "fiscal_quarter": 4,
    "r2_url": "https://pub-2c783279b61043e19fbdadd1bee5153a.r2.dev/TXN/2024-02-02/txn-20231231.htm/txn-20231231.pdf",
    "periodicity": "periodic"
  },
  {
    "equity_ticker": "TXN",
    "geography": "US",
    "content_name": "TXN Q3 2023 10-Q",
    "file_type": "pdf",
    "content_type": "quarterly_report",
    "published_date": "2023-10-25",
    "fiscal_date": "2023-09-30",
    "fiscal_year": 2023,
    "fiscal_quarter": 3,
    "r2_url": "https://pub-2c783279b61043e19fbdadd1bee5153a.r2.dev/TXN/2023-10-25/txn-20230930.htm/txn-20230930.pdf",
    "periodicity": "periodic"
  },
  {
    "equity_ticker": "TXN",
    "geography": "US",
    "content_name": "TXN Q2 2023 10-Q",
    "file_type": "pdf",
    "content_type": "quarterly_report",
    "published_date": "2023-07-26",
    "fiscal_date": "2023-06-30",
    "fiscal_year": 2023,
    "fiscal_quarter": 2,
    "r2_url": "https://pub-2c783279b61043e19fbdadd1bee5153a.r2.dev/TXN/2023-07-26/txn-20230630.htm/txn-20230630.pdf",
    "periodicity": "periodic"
  },
  {
    "equity_ticker": "TXN",
    "geography": "US",
    "content_name": "TXN Q1 2023 10-Q",
    "file_type": "pdf",
    "content_type": "quarterly_report",
    "published_date": "2023-04-26",
    "fiscal_date": "2023-03-31",
    "fiscal_year": 2023,
    "fiscal_quarter": 1,
    "r2_url": "https://pub-2c783279b61043e19fbdadd1bee5153a.r2.dev/TXN/2023-04-26/txn-20230331.htm/txn-20230331.pdf",
    "periodicity": "periodic"
  },
  {
    "equity_ticker": "TXN",
    "geography": "US",
    "content_name": "TXN Q4 2022 10-K",
    "file_type": "pdf",
    "content_type": "annual_report",
    "published_date": "2023-02-03",
    "fiscal_date": "2022-12-31",
    "fiscal_year": 2022,
    "fiscal_quarter": 4,
    "r2_url": "https://pub-2c783279b61043e19fbdadd1bee5153a.r2.dev/TXN/2023-02-03/txn-20221231.htm/txn-20221231.pdf",
    "periodicity": "periodic"
  },
  {
    "equity_ticker": "TXN",
    "geography": "US",
    "content_name": "TXN Q3 2022 10-Q",
    "file_type": "pdf",
    "content_type": "quarterly_report",
    "published_date": "2022-10-26",
    "fiscal_date": "2022-09-30",
    "fiscal_year": 2022,
    "fiscal_quarter": 3,
    "r2_url": "https://pub-2c783279b61043e19fbdadd1bee5153a.r2.dev/TXN/2022-10-26/txn-20220930.htm/txn-20220930.pdf",
    "periodicity": "periodic"
  },
  {
    "equity_ticker": "TXN",
    "geography": "US",
    "content_name": "TXN Q2 2022 10-Q",
    "file_type": "pdf",
    "content_type": "quarterly_report",
    "published_date": "2022-07-27",
    "fiscal_date": "2022-06-30",
    "fiscal_year": 2022,
    "fiscal_quarter": 2,
    "r2_url": "https://pub-2c783279b61043e19fbdadd1bee5153a.r2.dev/TXN/2022-07-27/txn-20220630.htm/txn-20220630.pdf",
    "periodicity": "periodic"
  },
  {
    "equity_ticker": "TXN",
    "geography": "US",
    "content_name": "TXN Q1 2022 10-Q",
    "file_type": "pdf",
    "content_type": "quarterly_report",
    "published_date": "2022-04-27",
    "fiscal_date": "2022-03-31",
    "fiscal_year": 2022,
    "fiscal_quarter": 1,
    "r2_url": "https://pub-2c783279b61043e19fbdadd1bee5153a.r2.dev/TXN/2022-04-27/txn-20220331.htm/txn-20220331.pdf",
    "periodicity": "periodic"
  },
  {
    "equity_ticker": "TXN",
    "geography": "US",
    "content_name": "TXN Q4 2021 10-K",
    "file_type": "pdf",
    "content_type": "annual_report",
    "published_date": "2022-02-04",
    "fiscal_date": "2021-12-31",
    "fiscal_year": 2021,
    "fiscal_quarter": 4,
    "r2_url": "https://pub-2c783279b61043e19fbdadd1bee5153a.r2.dev/TXN/2022-02-04/txn-20211231.htm/txn-20211231.pdf",
    "periodicity": "periodic"
  },
  {
    "equity_ticker": "TXN",
    "geography": "US",
    "content_name": "TXN Q3 2021 10-Q",
    "file_type": "pdf",
    "content_type": "quarterly_report",
    "published_date": "2021-10-27",
    "fiscal_date": "2021-09-30",
    "fiscal_year": 2021,
    "fiscal_quarter": 3,
    "r2_url": "https://pub-2c783279b61043e19fbdadd1bee5153a.r2.dev/TXN/2021-10-27/txn-20210930.htm/txn-20210930.pdf",
    "periodicity": "periodic"
  },
  {
    "equity_ticker": "TXN",
    "geography": "US",
    "content_name": "TXN Q2 2021 10-Q",
    "file_type": "pdf",
    "content_type": "quarterly_report",
    "published_date": "2021-07-22",
    "fiscal_date": "2021-06-30",
    "fiscal_year": 2021,
    "fiscal_quarter": 2,
    "r2_url": "https://pub-2c783279b61043e19fbdadd1bee5153a.r2.dev/TXN/2021-07-22/txn-20210630.htm/txn-20210630.pdf",
    "periodicity": "periodic"
  },
  {
    "equity_ticker": "TXN",
    "geography": "US",
    "content_name": "TXN Q1 2021 10-Q",
    "file_type": "pdf",
    "content_type": "quarterly_report",
    "published_date": "2021-04-28",
    "fiscal_date": "2021-03-31",
    "fiscal_year": 2021,
    "fiscal_quarter": 1,
    "r2_url": "https://pub-2c783279b61043e19fbdadd1bee5153a.r2.dev/TXN/2021-04-28/txn-20210331.htm/txn-20210331.pdf",
    "periodicity": "periodic"
  },
  {
    "equity_ticker": "TXN",
    "geography": "US",
    "content_name": "TXN Q4 2020 10-K",
    "file_type": "pdf",
    "content_type": "annual_report",
    "published_date": "2021-02-05",
    "fiscal_date": "2020-12-31",
    "fiscal_year": 2020,
    "fiscal_quarter": 4,
    "r2_url": "https://pub-2c783279b61043e19fbdadd1bee5153a.r2.dev/TXN/2021-02-05/txn-20201231.htm/txn-20201231.pdf",
    "periodicity": "periodic"
  },
  {
    "equity_ticker": "TXN",
    "geography": "US",
    "content_name": "TXN Q3 2020 10-Q",
    "file_type": "pdf",
    "content_type": "quarterly_report",
    "published_date": "2020-10-21",
    "fiscal_date": "2020-09-30",
    "fiscal_year": 2020,
    "fiscal_quarter": 3,
    "r2_url": "https://pub-2c783279b61043e19fbdadd1bee5153a.r2.dev/TXN/2020-10-21/txn-20200930.htm/txn-20200930.pdf",
    "periodicity": "periodic"
  },
  {
    "equity_ticker": "TXN",
    "geography": "US",
    "content_name": "TXN Q2 2020 10-Q",
    "file_type": "pdf",
    "content_type": "quarterly_report",
    "published_date": "2020-07-22",
    "fiscal_date": "2020-06-30",
    "fiscal_year": 2020,
    "fiscal_quarter": 2,
    "r2_url": "https://pub-2c783279b61043e19fbdadd1bee5153a.r2.dev/TXN/2020-07-22/txn-20200630.htm/ix.pdf",
    "periodicity": "periodic"
  },
  {
    "equity_ticker": "TXN",
    "geography": "US",
    "content_name": "TXN Q1 2020 10-Q",
    "file_type": "pdf",
    "content_type": "quarterly_report",
    "published_date": "2020-04-22",
    "fiscal_date": "2020-03-31",
    "fiscal_year": 2020,
    "fiscal_quarter": 1,
    "r2_url": "https://pub-2c783279b61043e19fbdadd1bee5153a.r2.dev/TXN/2020-04-22/txn-20200331.htm/ix.pdf",
    "periodicity": "periodic"
  },
  {
    "equity_ticker": "TXN",
    "geography": "US",
    "content_name": "TXN Q4 2019 10-K",
    "file_type": "pdf",
    "content_type": "annual_report",
    "published_date": "2020-02-20",
    "fiscal_date": "2019-12-31",
    "fiscal_year": 2019,
    "fiscal_quarter": 4,
    "r2_url": "https://pub-2c783279b61043e19fbdadd1bee5153a.r2.dev/TXN/2020-02-20/txn-20191231.htm/ix.pdf",
    "periodicity": "periodic"
  },
  {
    "equity_ticker": "TXN",
    "geography": "US",
    "content_name": "TXN Q3 2019 10-Q",
    "file_type": "pdf",
    "content_type": "quarterly_report",
    "published_date": "2019-10-31",
    "fiscal_date": "2019-09-30",
    "fiscal_year": 2019,
    "fiscal_quarter": 3,
    "r2_url": "https://pub-2c783279b61043e19fbdadd1bee5153a.r2.dev/TXN/2019-10-31/txn-20190930.htm/ix.pdf",
    "periodicity": "periodic"
  },
  {
    "equity_ticker": "TXN",
    "geography": "US",
    "content_name": "TXN Q2 2019 10-Q",
    "file_type": "pdf",
    "content_type": "quarterly_report",
    "published_date": "2019-07-31",
    "fiscal_date": "2019-06-30",
    "fiscal_year": 2019,
    "fiscal_quarter": 2,
    "r2_url": "https://pub-2c783279b61043e19fbdadd1bee5153a.r2.dev/TXN/2019-07-31/txn-10q_20190630.htm/ix.pdf",
    "periodicity": "periodic"
  },
  {
    "equity_ticker": "TXN",
    "geography": "US",
    "content_name": "TXN Q1 2019 10-Q",
    "file_type": "pdf",
    "content_type": "quarterly_report",
    "published_date": "2019-04-30",
    "fiscal_date": "2019-03-31",
    "fiscal_year": 2019,
    "fiscal_quarter": 1,
    "r2_url": "https://pub-2c783279b61043e19fbdadd1bee5153a.r2.dev/TXN/2019-04-30/txn-10q_20190331.htm/txn-10q_20190331.pdf",
    "periodicity": "periodic"
  },
  {
    "equity_ticker": "TXN",
    "geography": "US",
    "content_name": "TXN Q4 2018 10-K",
    "file_type": "pdf",
    "content_type": "annual_report",
    "published_date": "2019-02-22",
    "fiscal_date": "2018-12-31",
    "fiscal_year": 2018,
    "fiscal_quarter": 4,
    "r2_url": "https://pub-2c783279b61043e19fbdadd1bee5153a.r2.dev/TXN/2019-02-22/txn-10k_20181231.htm/txn-10k_20181231.pdf",
    "periodicity": "periodic"
  },
  {
    "equity_ticker": "TXN",
    "geography": "US",
    "content_name": "TXN Q3 2018 10-Q",
    "file_type": "pdf",
    "content_type": "quarterly_report",
    "published_date": "2018-11-02",
    "fiscal_date": "2018-09-30",
    "fiscal_year": 2018,
    "fiscal_quarter": 3,
    "r2_url": "https://pub-2c783279b61043e19fbdadd1bee5153a.r2.dev/TXN/2018-11-02/txn-10q_20180930.htm/txn-10q_20180930.pdf",
    "periodicity": "periodic"
  },
  {
    "equity_ticker": "TXN",
    "geography": "US",
    "content_name": "TXN Q2 2018 10-Q",
    "file_type": "pdf",
    "content_type": "quarterly_report",
    "published_date": "2018-08-02",
    "fiscal_date": "2018-06-30",
    "fiscal_year": 2018,
    "fiscal_quarter": 2,
    "r2_url": "https://pub-2c783279b61043e19fbdadd1bee5153a.r2.dev/TXN/2018-08-02/txn-10q_20180630.htm/txn-10q_20180630.pdf",
    "periodicity": "periodic"
  },
  {
    "equity_ticker": "TXN",
    "geography": "US",
    "content_name": "TXN Q1 2018 10-Q",
    "file_type": "pdf",
    "content_type": "quarterly_report",
    "published_date": "2018-05-03",
    "fiscal_date": "2018-03-31",
    "fiscal_year": 2018,
    "fiscal_quarter": 1,
    "r2_url": "https://pub-2c783279b61043e19fbdadd1bee5153a.r2.dev/TXN/2018-05-03/txn-10q_20180331.htm/txn-10q_20180331.pdf",
    "periodicity": "periodic"
  },
  {
    "equity_ticker": "TXN",
    "geography": "US",
    "content_name": "TXN Q4 2017 10-K",
    "file_type": "pdf",
    "content_type": "annual_report",
    "published_date": "2018-02-22",
    "fiscal_date": "2017-12-31",
    "fiscal_year": 2017,
    "fiscal_quarter": 4,
    "r2_url": "https://pub-2c783279b61043e19fbdadd1bee5153a.r2.dev/TXN/2018-02-22/txn-10k_20171231.htm/txn-10k_20171231.pdf",
    "periodicity": "periodic"
  },
  {
    "equity_ticker": "TXN",
    "geography": "US",
    "content_name": "TXN Q3 2017 10-Q",
    "file_type": "pdf",
    "content_type": "quarterly_report",
    "published_date": "2017-11-02",
    "fiscal_date": "2017-09-30",
    "fiscal_year": 2017,
    "fiscal_quarter": 3,
    "r2_url": "https://pub-2c783279b61043e19fbdadd1bee5153a.r2.dev/TXN/2017-11-02/txn-10q_20170930.htm/txn-10q_20170930.pdf",
    "periodicity": "periodic"
  },
  {
    "equity_ticker": "TXN",
    "geography": "US",
    "content_name": "TXN Q2 2017 10-Q",
    "file_type": "pdf",
    "content_type": "quarterly_report",
    "published_date": "2017-08-03",
    "fiscal_date": "2017-06-30",
    "fiscal_year": 2017,
    "fiscal_quarter": 2,
    "r2_url": "https://pub-2c783279b61043e19fbdadd1bee5153a.r2.dev/TXN/2017-08-03/txn-10q_20170630.htm/txn-10q_20170630.pdf",
    "periodicity": "periodic"
  },
  {
    "equity_ticker": "TXN",
    "geography": "US",
    "content_name": "TXN Q1 2017 10-Q",
    "file_type": "pdf",
    "content_type": "quarterly_report",
    "published_date": "2017-05-03",
    "fiscal_date": "2017-03-31",
    "fiscal_year": 2017,
    "fiscal_quarter": 1,
    "r2_url": "https://pub-2c783279b61043e19fbdadd1bee5153a.r2.dev/TXN/2017-05-03/txn-10q_20170331.htm/txn-10q_20170331.pdf",
    "periodicity": "periodic"
  },
  {
    "equity_ticker": "TXN",
    "geography": "US",
    "content_name": "TXN Q4 2016 10-K",
    "file_type": "pdf",
    "content_type": "annual_report",
    "published_date": "2017-02-23",
    "fiscal_date": "2016-12-31",
    "fiscal_year": 2016,
    "fiscal_quarter": 4,
    "r2_url": "https://pub-2c783279b61043e19fbdadd1bee5153a.r2.dev/TXN/2017-02-23/txn-10k_20161231.htm/txn-10k_20161231.pdf",
    "periodicity": "periodic"
  },
  {
    "equity_ticker": "TXN",
    "geography": "US",
    "content_name": "TXN Q3 2016 10-Q",
    "file_type": "pdf",
    "content_type": "quarterly_report",
    "published_date": "2016-11-02",
    "fiscal_date": "2016-09-30",
    "fiscal_year": 2016,
    "fiscal_quarter": 3,
    "r2_url": "https://pub-2c783279b61043e19fbdadd1bee5153a.r2.dev/TXN/2016-11-02/txn-10q_20160930.htm/txn-10q_20160930.pdf",
    "periodicity": "periodic"
  },
  {
    "equity_ticker": "TXN",
    "geography": "US",
    "content_name": "TXN Q2 2016 10-Q",
    "file_type": "pdf",
    "content_type": "quarterly_report",
    "published_date": "2016-08-04",
    "fiscal_date": "2016-06-30",
    "fiscal_year": 2016,
    "fiscal_quarter": 2,
    "r2_url": "https://pub-2c783279b61043e19fbdadd1bee5153a.r2.dev/TXN/2016-08-04/txn-10q_20160630.htm/txn-10q_20160630.pdf",
    "periodicity": "periodic"
  },
  {
    "equity_ticker": "TXN",
    "geography": "US",
    "content_name": "TXN Q1 2016 10-Q",
    "file_type": "pdf",
    "content_type": "quarterly_report",
    "published_date": "2016-05-04",
    "fiscal_date": "2016-03-31",
    "fiscal_year": 2016,
    "fiscal_quarter": 1,
    "r2_url": "https://pub-2c783279b61043e19fbdadd1bee5153a.r2.dev/TXN/2016-05-04/txn-10q_20160331.htm/txn-10q_20160331.pdf",
    "periodicity": "periodic"
  },
  {
    "equity_ticker": "TXN",
    "geography": "US",
    "content_name": "TXN Q4 2015 10-K",
    "file_type": "pdf",
    "content_type": "annual_report",
    "published_date": "2016-02-24",
    "fiscal_date": "2015-12-31",
    "fiscal_year": 2015,
    "fiscal_quarter": 4,
    "r2_url": "https://pub-2c783279b61043e19fbdadd1bee5153a.r2.dev/TXN/2016-02-24/txn-10k_20151231.htm/txn-10k_20151231.pdf",
    "periodicity": "periodic"
  },
  {
    "equity_ticker": "TXN",
    "geography": "US",
    "content_name": "TXN Q3 2015 10-Q",
    "file_type": "pdf",
    "content_type": "quarterly_report",
    "published_date": "2015-11-05",
    "fiscal_date": "2015-09-30",
    "fiscal_year": 2015,
    "fiscal_quarter": 3,
    "r2_url": "https://pub-2c783279b61043e19fbdadd1bee5153a.r2.dev/TXN/2015-11-05/txn-10q_20150930.htm/txn-10q_20150930.pdf",
    "periodicity": "periodic"
  },
  {
    "equity_ticker": "TXN",
    "geography": "US",
    "content_name": "TXN Q2 2015 10-Q",
    "file_type": "pdf",
    "content_type": "quarterly_report",
    "published_date": "2015-08-04",
    "fiscal_date": "2015-06-30",
    "fiscal_year": 2015,
    "fiscal_quarter": 2,
    "r2_url": "https://pub-2c783279b61043e19fbdadd1bee5153a.r2.dev/TXN/2015-08-04/txn-10q_20150630.htm/txn-10q_20150630.pdf",
    "periodicity": "periodic"
  },
  {
    "equity_ticker": "TXN",
    "geography": "US",
    "content_name": "TXN Q1 2015 10-Q",
    "file_type": "pdf",
    "content_type": "quarterly_report",
    "published_date": "2015-05-05",
    "fiscal_date": "2015-03-31",
    "fiscal_year": 2015,
    "fiscal_quarter": 1,
    "r2_url": "https://pub-2c783279b61043e19fbdadd1bee5153a.r2.dev/TXN/2015-05-05/txn-10q_20150331.htm/txn-10q_20150331.pdf",
    "periodicity": "periodic"
  },
  {
    "equity_ticker": "TXN",
    "geography": "US",
    "content_name": "TXN Q4 2014 10-K",
    "file_type": "pdf",
    "content_type": "annual_report",
    "published_date": "2015-02-24",
    "fiscal_date": "2014-12-31",
    "fiscal_year": 2014,
    "fiscal_quarter": 4,
    "r2_url": "https://pub-2c783279b61043e19fbdadd1bee5153a.r2.dev/TXN/2015-02-24/txn-12312014x10xk.htm/txn-12312014x10xk.pdf",
    "periodicity": "periodic"
  },
  {
    "equity_ticker": "TXN",
    "geography": "US",
    "content_name": "TXN Q3 2014 10-Q",
    "file_type": "pdf",
    "content_type": "quarterly_report",
    "published_date": "2014-10-31",
    "fiscal_date": "2014-09-30",
    "fiscal_year": 2014,
    "fiscal_quarter": 3,
    "r2_url": "https://pub-2c783279b61043e19fbdadd1bee5153a.r2.dev/TXN/2014-10-31/txn-2014930x10xq.htm/txn-2014930x10xq.pdf",
    "periodicity": "periodic"
  },
  {
    "equity_ticker": "TXN",
    "geography": "US",
    "content_name": "TXN Q2 2014 10-Q",
    "file_type": "pdf",
    "content_type": "quarterly_report",
    "published_date": "2014-07-31",
    "fiscal_date": "2014-06-30",
    "fiscal_year": 2014,
    "fiscal_quarter": 2,
    "r2_url": "https://pub-2c783279b61043e19fbdadd1bee5153a.r2.dev/TXN/2014-07-31/txn-2014630x10q.htm/txn-2014630x10q.pdf",
    "periodicity": "periodic"
  },
  {
    "equity_ticker": "TXN",
    "geography": "US",
    "content_name": "TXN Q1 2014 10-Q",
    "file_type": "pdf",
    "content_type": "quarterly_report",
    "published_date": "2014-05-02",
    "fiscal_date": "2014-03-31",
    "fiscal_year": 2014,
    "fiscal_quarter": 1,
    "r2_url": "https://pub-2c783279b61043e19fbdadd1bee5153a.r2.dev/TXN/2014-05-02/txn-2014331x10q.htm/txn-2014331x10q.pdf",
    "periodicity": "periodic"
  },
  {
    "equity_ticker": "TXN",
    "geography": "US",
    "content_name": "TXN Q4 2013 10-K",
    "file_type": "pdf",
    "content_type": "annual_report",
    "published_date": "2014-02-24",
    "fiscal_date": "2013-12-31",
    "fiscal_year": 2013,
    "fiscal_quarter": 4,
    "r2_url": "https://pub-2c783279b61043e19fbdadd1bee5153a.r2.dev/TXN/2014-02-24/txn-12312013x10xk.htm/txn-12312013x10xk.pdf",
    "periodicity": "periodic"
  },
  {
    "equity_ticker": "TXN",
    "geography": "US",
    "content_name": "TXN Q3 2013 10-Q",
    "file_type": "pdf",
    "content_type": "quarterly_report",
    "published_date": "2013-11-01",
    "fiscal_date": "2013-09-30",
    "fiscal_year": 2013,
    "fiscal_quarter": 3,
    "r2_url": "https://pub-2c783279b61043e19fbdadd1bee5153a.r2.dev/TXN/2013-11-01/txn-2013930x10q.htm/txn-2013930x10q.pdf",
    "periodicity": "periodic"
  },
  {
    "equity_ticker": "TXN",
    "geography": "US",
    "content_name": "TXN Q2 2013 10-Q",
    "file_type": "pdf",
    "content_type": "quarterly_report",
    "published_date": "2013-08-02",
    "fiscal_date": "2013-06-30",
    "fiscal_year": 2013,
    "fiscal_quarter": 2,
    "r2_url": "https://pub-2c783279b61043e19fbdadd1bee5153a.r2.dev/TXN/2013-08-02/txn-2013630x10q.htm/txn-2013630x10q.pdf",
    "periodicity": "periodic"
  },
  {
    "equity_ticker": "TXN",
    "geography": "US",
    "content_name": "TXN Q1 2013 10-Q",
    "file_type": "pdf",
    "content_type": "quarterly_report",
    "published_date": "2013-05-03",
    "fiscal_date": "2013-03-31",
    "fiscal_year": 2013,
    "fiscal_quarter": 1,
    "r2_url": "https://pub-2c783279b61043e19fbdadd1bee5153a.r2.dev/TXN/2013-05-03/txn-2013331x10q.htm/txn-2013331x10q.pdf",
    "periodicity": "periodic"
  },
  {
    "equity_ticker": "TXN",
    "geography": "US",
    "content_name": "TXN Q4 2012 10-K",
    "file_type": "pdf",
    "content_type": "annual_report",
    "published_date": "2013-02-22",
    "fiscal_date": "2012-12-31",
    "fiscal_year": 2012,
    "fiscal_quarter": 4,
    "r2_url": "https://pub-2c783279b61043e19fbdadd1bee5153a.r2.dev/TXN/2013-02-22/txn-12312012x10xk.htm/txn-12312012x10xk.pdf",
    "periodicity": "periodic"
  },
  {
    "equity_ticker": "TXN",
    "geography": "US",
    "content_name": "TXN Q3 2012 10-Q",
    "file_type": "pdf",
    "content_type": "quarterly_report",
    "published_date": "2012-11-02",
    "fiscal_date": "2012-09-30",
    "fiscal_year": 2012,
    "fiscal_quarter": 3,
    "r2_url": "https://pub-2c783279b61043e19fbdadd1bee5153a.r2.dev/TXN/2012-11-02/txn-2012930x10q.htm/txn-2012930x10q.pdf",
    "periodicity": "periodic"
  },
  {
    "equity_ticker": "TXN",
    "geography": "US",
    "content_name": "TXN Q2 2012 10-Q",
    "file_type": "pdf",
    "content_type": "quarterly_report",
    "published_date": "2012-08-03",
    "fiscal_date": "2012-06-30",
    "fiscal_year": 2012,
    "fiscal_quarter": 2,
    "r2_url": "https://pub-2c783279b61043e19fbdadd1bee5153a.r2.dev/TXN/2012-08-03/txn-2012630x10q.htm/txn-2012630x10q.pdf",
    "periodicity": "periodic"
  },
  {
    "equity_ticker": "TXN",
    "geography": "US",
    "content_name": "TXN Q1 2012 10-Q",
    "file_type": "pdf",
    "content_type": "quarterly_report",
    "published_date": "2012-05-04",
    "fiscal_date": "2012-03-31",
    "fiscal_year": 2012,
    "fiscal_quarter": 1,
    "r2_url": "https://pub-2c783279b61043e19fbdadd1bee5153a.r2.dev/TXN/2012-05-04/txn-2012331x10q.htm/txn-2012331x10q.pdf",
    "periodicity": "periodic"
  },
  {
    "equity_ticker": "TXN",
    "geography": "US",
    "content_name": "TXN Q4 2011 10-K",
    "file_type": "pdf",
    "content_type": "annual_report",
    "published_date": "2012-02-24",
    "fiscal_date": "2011-12-31",
    "fiscal_year": 2011,
    "fiscal_quarter": 4,
    "r2_url": "https://pub-2c783279b61043e19fbdadd1bee5153a.r2.dev/TXN/2012-02-24/txn-12312011x10xk.htm/txn-12312011x10xk.pdf",
    "periodicity": "periodic"
  },
  {
    "equity_ticker": "TXN",
    "geography": "US",
    "content_name": "TXN Q3 2011 10-Q",
    "file_type": "pdf",
    "content_type": "quarterly_report",
    "published_date": "2011-11-04",
    "fiscal_date": "2011-09-30",
    "fiscal_year": 2011,
    "fiscal_quarter": 3,
    "r2_url": "https://pub-2c783279b61043e19fbdadd1bee5153a.r2.dev/TXN/2011-11-04/txn-2011930x10q.htm/txn-2011930x10q.pdf",
    "periodicity": "periodic"
  },
  {
    "equity_ticker": "TXN",
    "geography": "US",
    "content_name": "TXN Q2 2011 10-Q",
    "file_type": "pdf",
    "content_type": "quarterly_report",
    "published_date": "2011-08-05",
    "fiscal_date": "2011-06-30",
    "fiscal_year": 2011,
    "fiscal_quarter": 2,
    "r2_url": "https://pub-2c783279b61043e19fbdadd1bee5153a.r2.dev/TXN/2011-08-05/txn-2011630x10q.htm/txn-2011630x10q.pdf",
    "periodicity": "periodic"
  },
  {
    "equity_ticker": "TXN",
    "geography": "US",
    "content_name": "TXN Q1 2011 10-Q",
    "file_type": "pdf",
    "content_type": "quarterly_report",
    "published_date": "2011-05-05",
    "fiscal_date": "2011-03-31",
    "fiscal_year": 2011,
    "fiscal_quarter": 1,
    "r2_url": "https://pub-2c783279b61043e19fbdadd1bee5153a.r2.dev/TXN/2011-05-05/form10q.htm/form10q.pdf",
    "periodicity": "periodic"
  },
  {
    "equity_ticker": "TXN",
    "geography": "US",
    "content_name": "TXN Q4 2010 10-K",
    "file_type": "pdf",
    "content_type": "annual_report",
    "published_date": "2011-02-25",
    "fiscal_date": "2010-12-31",
    "fiscal_year": 2010,
    "fiscal_quarter": 4,
    "r2_url": "https://pub-2c783279b61043e19fbdadd1bee5153a.r2.dev/TXN/2011-02-25/form10-k.htm/form10-k.pdf",
    "periodicity": "periodic"
  },
  {
    "equity_ticker": "TXN",
    "geography": "US",
    "content_name": "TXN Q3 2010 10-Q",
    "file_type": "pdf",
    "content_type": "quarterly_report",
    "published_date": "2010-11-04",
    "fiscal_date": "2010-09-30",
    "fiscal_year": 2010,
    "fiscal_quarter": 3,
    "r2_url": "https://pub-2c783279b61043e19fbdadd1bee5153a.r2.dev/TXN/2010-11-04/form10q.htm/form10q.pdf",
    "periodicity": "periodic"
  },
  {
    "equity_ticker": "TXN",
    "geography": "US",
    "content_name": "TXN Q2 2010 10-Q",
    "file_type": "pdf",
    "content_type": "quarterly_report",
    "published_date": "2010-07-22",
    "fiscal_date": "2010-06-30",
    "fiscal_year": 2010,
    "fiscal_quarter": 2,
    "r2_url": "https://pub-2c783279b61043e19fbdadd1bee5153a.r2.dev/TXN/2010-07-22/form10q.htm/form10q.pdf",
    "periodicity": "periodic"
  },
  {
    "equity_ticker": "TXN",
    "geography": "US",
    "content_name": "TXN Q1 2010 10-Q",
    "file_type": "pdf",
    "content_type": "quarterly_report",
    "published_date": "2010-07-21",
    "fiscal_date": "2010-06-30",
    "fiscal_year": 2010,
    "fiscal_quarter": 1,
    "r2_url": "https://pub-2c783279b61043e19fbdadd1bee5153a.r2.dev/TXN/2010-07-21/form10q.htm/form10q.pdf",
    "periodicity": "periodic"
  },
  {
    "equity_ticker": "TXN",
    "geography": "US",
    "content_name": "TXN Q4 2010 10-Q",
    "file_type": "pdf",
    "content_type": "quarterly_report",
    "published_date": "2010-04-30",
    "fiscal_date": "2010-03-31",
    "fiscal_year": 2010,
    "fiscal_quarter": 4,
    "r2_url": "https://pub-2c783279b61043e19fbdadd1bee5153a.r2.dev/TXN/2010-04-30/form10-q.htm/form10-q.pdf",
    "periodicity": "periodic"
  },
  {
    "equity_ticker": "TXN",
    "geography": "US",
    "content_name": "TXN Q3 2010 10-K",
    "file_type": "pdf",
    "content_type": "annual_report",
    "published_date": "2010-02-23",
    "fiscal_date": "2009-12-31",
    "fiscal_year": 2010,
    "fiscal_quarter": 3,
    "r2_url": "https://pub-2c783279b61043e19fbdadd1bee5153a.r2.dev/TXN/2010-02-23/form10k.htm/form10k.pdf",
    "periodicity": "periodic"
  },
  {
    "equity_ticker": "TXN",
    "geography": "US",
    "content_name": "TXN Q2 2010 10-Q",
    "file_type": "pdf",
    "content_type": "quarterly_report",
    "published_date": "2009-10-30",
    "fiscal_date": "2009-09-30",
    "fiscal_year": 2010,
    "fiscal_quarter": 2,
    "r2_url": "https://pub-2c783279b61043e19fbdadd1bee5153a.r2.dev/TXN/2009-10-30/d10q.htm/d10q.pdf",
    "periodicity": "periodic"
  },
  {
    "equity_ticker": "TXN",
    "geography": "US",
    "content_name": "TXN Q1 2010 10-Q",
    "file_type": "pdf",
    "content_type": "quarterly_report",
    "published_date": "2009-07-29",
    "fiscal_date": "2009-06-30",
    "fiscal_year": 2010,
    "fiscal_quarter": 1,
    "r2_url": "https://pub-2c783279b61043e19fbdadd1bee5153a.r2.dev/TXN/2009-07-29/form10q.htm/form10q.pdf",
    "periodicity": "periodic"
  },
  {
    "equity_ticker": "TXN",
    "geography": "US",
    "content_name": "TXN Q4 2009 10-Q",
    "file_type": "pdf",
    "content_type": "quarterly_report",
    "published_date": "2009-04-29",
    "fiscal_date": "2009-03-31",
    "fiscal_year": 2009,
    "fiscal_quarter": 4,
    "r2_url": "https://pub-2c783279b61043e19fbdadd1bee5153a.r2.dev/TXN/2009-04-29/d10q.htm/d10q.pdf",
    "periodicity": "periodic"
  },
  {
    "equity_ticker": "TXN",
    "geography": "US",
    "content_name": "TXN Q3 2009 10-K",
    "file_type": "pdf",
    "content_type": "annual_report",
    "published_date": "2009-02-24",
    "fiscal_date": "2008-12-31",
    "fiscal_year": 2009,
    "fiscal_quarter": 3,
    "r2_url": "https://pub-2c783279b61043e19fbdadd1bee5153a.r2.dev/TXN/2009-02-24/texas_10k.htm/texas_10k.pdf",
    "periodicity": "periodic"
  },
  {
    "equity_ticker": "TXN",
    "geography": "US",
    "content_name": "TXN Q2 2009 10-Q",
    "file_type": "pdf",
    "content_type": "quarterly_report",
    "published_date": "2008-10-30",
    "fiscal_date": "2008-09-30",
    "fiscal_year": 2009,
    "fiscal_quarter": 2,
    "r2_url": "https://pub-2c783279b61043e19fbdadd1bee5153a.r2.dev/TXN/2008-10-30/d10q.htm/d10q.pdf",
    "periodicity": "periodic"
  },
  {
    "equity_ticker": "TXN",
    "geography": "US",
    "content_name": "TXN Q1 2009 10-Q",
    "file_type": "pdf",
    "content_type": "quarterly_report",
    "published_date": "2008-07-31",
    "fiscal_date": "2008-06-30",
    "fiscal_year": 2009,
    "fiscal_quarter": 1,
    "r2_url": "https://pub-2c783279b61043e19fbdadd1bee5153a.r2.dev/TXN/2008-07-31/d10q.htm/d10q.pdf",
    "periodicity": "periodic"
  },
  {
    "equity_ticker": "TXN",
    "geography": "US",
    "content_name": "TXN Q4 2008 10-Q",
    "file_type": "pdf",
    "content_type": "quarterly_report",
    "published_date": "2008-04-30",
    "fiscal_date": "2008-03-31",
    "fiscal_year": 2008,
    "fiscal_quarter": 4,
    "r2_url": "https://pub-2c783279b61043e19fbdadd1bee5153a.r2.dev/TXN/2008-04-30/d10q.htm/d10q.pdf",
    "periodicity": "periodic"
  },
  {
    "equity_ticker": "TXN",
    "geography": "US",
    "content_name": "TXN Q3 2008 10-K",
    "file_type": "pdf",
    "content_type": "annual_report",
    "published_date": "2008-02-26",
    "fiscal_date": "2007-12-31",
    "fiscal_year": 2008,
    "fiscal_quarter": 3,
    "r2_url": "https://pub-2c783279b61043e19fbdadd1bee5153a.r2.dev/TXN/2008-02-26/d10k.htm/d10k.pdf",
    "periodicity": "periodic"
  },
  {
    "equity_ticker": "TXN",
    "geography": "US",
    "content_name": "TXN Q2 2008 10-Q",
    "file_type": "pdf",
    "content_type": "quarterly_report",
    "published_date": "2007-11-01",
    "fiscal_date": "2007-09-30",
    "fiscal_year": 2008,
    "fiscal_quarter": 2,
    "r2_url": "https://pub-2c783279b61043e19fbdadd1bee5153a.r2.dev/TXN/2007-11-01/d10q.htm/d10q.pdf",
    "periodicity": "periodic"
  },
  {
    "equity_ticker": "TXN",
    "geography": "US",
    "content_name": "TXN Q1 2008 10-Q",
    "file_type": "pdf",
    "content_type": "quarterly_report",
    "published_date": "2007-08-01",
    "fiscal_date": "2007-06-30",
    "fiscal_year": 2008,
    "fiscal_quarter": 1,
    "r2_url": "https://pub-2c783279b61043e19fbdadd1bee5153a.r2.dev/TXN/2007-08-01/d10q.htm/d10q.pdf",
    "periodicity": "periodic"
  },
  {
    "equity_ticker": "TXN",
    "geography": "US",
    "content_name": "TXN Q4 2007 10-Q",
    "file_type": "pdf",
    "content_type": "quarterly_report",
    "published_date": "2007-05-03",
    "fiscal_date": "2007-03-31",
    "fiscal_year": 2007,
    "fiscal_quarter": 4,
    "r2_url": "https://pub-2c783279b61043e19fbdadd1bee5153a.r2.dev/TXN/2007-05-03/d10q.htm/d10q.pdf",
    "periodicity": "periodic"
  },
  {
    "equity_ticker": "TXN",
    "geography": "US",
    "content_name": "TXN Q3 2007 10-K",
    "file_type": "pdf",
    "content_type": "annual_report",
    "published_date": "2007-02-28",
    "fiscal_date": "2006-12-31",
    "fiscal_year": 2007,
    "fiscal_quarter": 3,
    "r2_url": "https://pub-2c783279b61043e19fbdadd1bee5153a.r2.dev/TXN/2007-02-28/d10k.htm/d10k.pdf",
    "periodicity": "periodic"
  },
  {
    "equity_ticker": "TXN",
    "geography": "US",
    "content_name": "TXN Q2 2007 10-Q",
    "file_type": "pdf",
    "content_type": "quarterly_report",
    "published_date": "2006-10-30",
    "fiscal_date": "2006-09-30",
    "fiscal_year": 2007,
    "fiscal_quarter": 2,
    "r2_url": "https://pub-2c783279b61043e19fbdadd1bee5153a.r2.dev/TXN/2006-10-30/d10q.htm/d10q.pdf",
    "periodicity": "periodic"
  },
  {
    "equity_ticker": "TXN",
    "geography": "US",
    "content_name": "TXN Q1 2007 10-Q",
    "file_type": "pdf",
    "content_type": "quarterly_report",
    "published_date": "2006-08-02",
    "fiscal_date": "2006-06-30",
    "fiscal_year": 2007,
    "fiscal_quarter": 1,
    "r2_url": "https://pub-2c783279b61043e19fbdadd1bee5153a.r2.dev/TXN/2006-08-02/d10q.htm/d10q.pdf",
    "periodicity": "periodic"
  },
  {
    "equity_ticker": "TXN",
    "geography": "US",
    "content_name": "TXN Q4 2006 10-Q",
    "file_type": "pdf",
    "content_type": "quarterly_report",
    "published_date": "2006-05-02",
    "fiscal_date": "2006-03-31",
    "fiscal_year": 2006,
    "fiscal_quarter": 4,
    "r2_url": "https://pub-2c783279b61043e19fbdadd1bee5153a.r2.dev/TXN/2006-05-02/d10q.htm/d10q.pdf",
    "periodicity": "periodic"
  },
  {
    "equity_ticker": "TXN",
    "geography": "US",
    "content_name": "TXN Q3 2006 10-K",
    "file_type": "pdf",
    "content_type": "annual_report",
    "published_date": "2006-02-28",
    "fiscal_date": "2005-12-31",
    "fiscal_year": 2006,
    "fiscal_quarter": 3,
    "r2_url": "https://pub-2c783279b61043e19fbdadd1bee5153a.r2.dev/TXN/2006-02-28/d10k.htm/d10k.pdf",
    "periodicity": "periodic"
  },
  {
    "equity_ticker": "TXN",
    "geography": "US",
    "content_name": "TXN Q2 2006 10-Q",
    "file_type": "pdf",
    "content_type": "quarterly_report",
    "published_date": "2005-11-03",
    "fiscal_date": "2005-09-30",
    "fiscal_year": 2006,
    "fiscal_quarter": 2,
    "r2_url": "https://pub-2c783279b61043e19fbdadd1bee5153a.r2.dev/TXN/2005-11-03/d10q.htm/d10q.pdf",
    "periodicity": "periodic"
  },
  {
    "equity_ticker": "TXN",
    "geography": "US",
    "content_name": "TXN Q1 2006 10-Q",
    "file_type": "pdf",
    "content_type": "quarterly_report",
    "published_date": "2005-08-04",
    "fiscal_date": "2005-06-30",
    "fiscal_year": 2006,
    "fiscal_quarter": 1,
    "r2_url": "https://pub-2c783279b61043e19fbdadd1bee5153a.r2.dev/TXN/2005-08-04/d10q.htm/d10q.pdf",
    "periodicity": "periodic"
  },
  {
    "equity_ticker": "TXN",
    "geography": "US",
    "content_name": "TXN Q4 2005 10-Q",
    "file_type": "pdf",
    "content_type": "quarterly_report",
    "published_date": "2005-05-05",
    "fiscal_date": "2005-03-31",
    "fiscal_year": 2005,
    "fiscal_quarter": 4,
    "r2_url": "https://pub-2c783279b61043e19fbdadd1bee5153a.r2.dev/TXN/2005-05-05/d10q.htm/d10q.pdf",
    "periodicity": "periodic"
  },
  {
    "equity_ticker": "TXN",
    "geography": "US",
    "content_name": "TXN Q3 2005 10-K",
    "file_type": "pdf",
    "content_type": "annual_report",
    "published_date": "2005-02-28",
    "fiscal_date": "2004-12-31",
    "fiscal_year": 2005,
    "fiscal_quarter": 3,
    "r2_url": "https://pub-2c783279b61043e19fbdadd1bee5153a.r2.dev/TXN/2005-02-28/d10k.htm/d10k.pdf",
    "periodicity": "periodic"
  },
  {
    "equity_ticker": "TXN",
    "geography": "US",
    "content_name": "TXN Q2 2005 10-Q",
    "file_type": "pdf",
    "content_type": "quarterly_report",
    "published_date": "2004-11-04",
    "fiscal_date": "2004-09-30",
    "fiscal_year": 2005,
    "fiscal_quarter": 2,
    "r2_url": "https://pub-2c783279b61043e19fbdadd1bee5153a.r2.dev/TXN/2004-11-04/d10q.htm/d10q.pdf",
    "periodicity": "periodic"
  },
  {
    "equity_ticker": "TXN",
    "geography": "US",
    "content_name": "TXN Q1 2005 10-Q",
    "file_type": "pdf",
    "content_type": "quarterly_report",
    "published_date": "2004-07-30",
    "fiscal_date": "2004-06-30",
    "fiscal_year": 2005,
    "fiscal_quarter": 1,
    "r2_url": "https://pub-2c783279b61043e19fbdadd1bee5153a.r2.dev/TXN/2004-07-30/d10q.htm/d10q.pdf",
    "periodicity": "periodic"
  },
  {
    "equity_ticker": "TXN",
    "geography": "US",
    "content_name": "TXN Q4 2004 10-Q",
    "file_type": "pdf",
    "content_type": "quarterly_report",
    "published_date": "2004-04-28",
    "fiscal_date": "2004-03-31",
    "fiscal_year": 2004,
    "fiscal_quarter": 4,
    "r2_url": "https://pub-2c783279b61043e19fbdadd1bee5153a.r2.dev/TXN/2004-04-28/d10q.htm/d10q.pdf",
    "periodicity": "periodic"
  },
  {
    "equity_ticker": "TXN",
    "geography": "US",
    "content_name": "TXN Q3 2004 10-K",
    "file_type": "pdf",
    "content_type": "annual_report",
    "published_date": "2004-02-27",
    "fiscal_date": "2003-12-31",
    "fiscal_year": 2004,
    "fiscal_quarter": 3,
    "r2_url": "https://pub-2c783279b61043e19fbdadd1bee5153a.r2.dev/TXN/2004-02-27/d10k.htm/d10k.pdf",
    "periodicity": "periodic"
  },
  {
    "equity_ticker": "TXN",
    "geography": "US",
    "content_name": "TXN Q2 2004 10-Q",
    "file_type": "pdf",
    "content_type": "quarterly_report",
    "published_date": "2003-10-27",
    "fiscal_date": "2003-09-30",
    "fiscal_year": 2004,
    "fiscal_quarter": 2,
    "r2_url": "https://pub-2c783279b61043e19fbdadd1bee5153a.r2.dev/TXN/2003-10-27/d10q.htm/d10q.pdf",
    "periodicity": "periodic"
  },
  {
    "equity_ticker": "TXN",
    "geography": "US",
    "content_name": "TXN Q1 2004 10-Q",
    "file_type": "pdf",
    "content_type": "quarterly_report",
    "published_date": "2003-07-28",
    "fiscal_date": "2003-06-30",
    "fiscal_year": 2004,
    "fiscal_quarter": 1,
    "r2_url": "https://pub-2c783279b61043e19fbdadd1bee5153a.r2.dev/TXN/2003-07-28/d10q.htm/d10q.pdf",
    "periodicity": "periodic"
  },
  {
    "equity_ticker": "TXN",
    "geography": "US",
    "content_name": "TXN Q4 2003 10-Q",
    "file_type": "pdf",
    "content_type": "quarterly_report",
    "published_date": "2003-04-25",
    "fiscal_date": "2003-03-31",
    "fiscal_year": 2003,
    "fiscal_quarter": 4,
    "r2_url": "https://pub-2c783279b61043e19fbdadd1bee5153a.r2.dev/TXN/2003-04-25/d10q.htm/d10q.pdf",
    "periodicity": "periodic"
  },
  {
    "equity_ticker": "TXN",
    "geography": "US",
    "content_name": "TXN Q3 2003 10-K",
    "file_type": "pdf",
    "content_type": "annual_report",
    "published_date": "2003-03-03",
    "fiscal_date": "2002-12-31",
    "fiscal_year": 2003,
    "fiscal_quarter": 3,
    "r2_url": "https://pub-2c783279b61043e19fbdadd1bee5153a.r2.dev/TXN/2003-03-03/d10k.htm/d10k.pdf",
    "periodicity": "periodic"
  },
  {
    "equity_ticker": "TXN",
    "geography": "US",
    "content_name": "TXN Q2 2003 10-Q",
    "file_type": "pdf",
    "content_type": "quarterly_report",
    "published_date": "2002-11-12",
    "fiscal_date": "2002-09-30",
    "fiscal_year": 2003,
    "fiscal_quarter": 2,
    "r2_url": "https://pub-2c783279b61043e19fbdadd1bee5153a.r2.dev/TXN/2002-11-12/d10q.htm/d10q.pdf",
    "periodicity": "periodic"
  },
  {
    "equity_ticker": "TXN",
    "geography": "US",
    "content_name": "TXN Q1 2003 10-Q",
    "file_type": "pdf",
    "content_type": "quarterly_report",
    "published_date": "2002-07-29",
    "fiscal_date": "2002-06-30",
    "fiscal_year": 2003,
    "fiscal_quarter": 1,
    "r2_url": "https://pub-2c783279b61043e19fbdadd1bee5153a.r2.dev/TXN/2002-07-29/doc1.txt/doc1.pdf",
    "periodicity": "periodic"
  },
  {
    "equity_ticker": "TXN",
    "geography": "US",
    "content_name": "TXN Q4 2002 10-Q",
    "file_type": "pdf",
    "content_type": "quarterly_report",
    "published_date": "2002-04-26",
    "fiscal_date": "2002-03-31",
    "fiscal_year": 2002,
    "fiscal_quarter": 4,
    "r2_url": "https://pub-2c783279b61043e19fbdadd1bee5153a.r2.dev/TXN/2002-04-26/doc1.txt/doc1.pdf",
    "periodicity": "periodic"
  },
  {
    "equity_ticker": "TXN",
    "geography": "US",
    "content_name": "TXN Q3 2002 10-Q",
    "file_type": "pdf",
    "content_type": "quarterly_report",
    "published_date": "2001-10-24",
    "fiscal_date": "2001-09-30",
    "fiscal_year": 2002,
    "fiscal_quarter": 3,
    "r2_url": "https://pub-2c783279b61043e19fbdadd1bee5153a.r2.dev/TXN/2001-10-24/doc1.txt/doc1.pdf",
    "periodicity": "periodic"
  },
  {
    "equity_ticker": "TXN",
    "geography": "US",
    "content_name": "TXN Q2 2002 10-Q",
    "file_type": "pdf",
    "content_type": "quarterly_report",
    "published_date": "2001-07-27",
    "fiscal_date": "2001-06-30",
    "fiscal_year": 2002,
    "fiscal_quarter": 2,
    "r2_url": "https://pub-2c783279b61043e19fbdadd1bee5153a.r2.dev/TXN/2001-07-27/doc1.txt/doc1.pdf",
    "periodicity": "periodic"
  },
  {
    "equity_ticker": "TXN",
    "geography": "US",
    "content_name": "TXN Q1 2002 10-Q",
    "file_type": "pdf",
    "content_type": "quarterly_report",
    "published_date": "2001-04-27",
    "fiscal_date": "2001-03-31",
    "fiscal_year": 2002,
    "fiscal_quarter": 1,
    "r2_url": "https://pub-2c783279b61043e19fbdadd1bee5153a.r2.dev/TXN/2001-04-27/doc1.txt/doc1.pdf",
    "periodicity": "periodic"
  },
  {
    "equity_ticker": "TXN",
    "geography": "US",
    "content_name": "TXN Q4 2000 10-Q",
    "file_type": "pdf",
    "content_type": "quarterly_report",
    "published_date": "2000-10-24",
    "fiscal_date": "2000-09-30",
    "fiscal_year": 2000,
    "fiscal_quarter": 4,
    "r2_url": "https://pub-2c783279b61043e19fbdadd1bee5153a.r2.dev/TXN/2000-10-24/a2028439z10-q.txt/a2028439z10-q.pdf",
    "periodicity": "periodic"
  },
  {
    "equity_ticker": "TXN",
    "geography": "US",
    "content_name": "TXN Q3 2000 10-Q",
    "file_type": "pdf",
    "content_type": "quarterly_report",
    "published_date": "2000-07-27",
    "fiscal_date": "2000-06-30",
    "fiscal_year": 2000,
    "fiscal_quarter": 3,
    "r2_url": "https://pub-2c783279b61043e19fbdadd1bee5153a.r2.dev/TXN/2000-07-27/a10-q.txt/a10-q.pdf",
    "periodicity": "periodic"
  },
  {
    "equity_ticker": "TXN",
    "geography": "US",
    "content_name": "TXN Q2 2000 10-Q",
    "file_type": "pdf",
    "content_type": "quarterly_report",
    "published_date": "2000-04-21",
    "fiscal_date": "2000-03-31",
    "fiscal_year": 2000,
    "fiscal_quarter": 2,
    "r2_url": "https://pub-2c783279b61043e19fbdadd1bee5153a.r2.dev/TXN/2000-04-21/.pdf",
    "periodicity": "periodic"
  },
  {
    "equity_ticker": "TXN",
    "geography": "US",
    "content_name": "TXN Q1 2000 10-Q",
    "file_type": "pdf",
    "content_type": "quarterly_report",
    "published_date": "1999-11-08",
    "fiscal_date": "1999-09-30",
    "fiscal_year": 2000,
    "fiscal_quarter": 1,
    "r2_url": "https://pub-2c783279b61043e19fbdadd1bee5153a.r2.dev/TXN/1999-11-08/.pdf",
    "periodicity": "periodic"
  },
  {
    "equity_ticker": "TXN",
    "geography": "US",
    "content_name": "TXN Q4 1999 10-Q",
    "file_type": "pdf",
    "content_type": "quarterly_report",
    "published_date": "1999-08-13",
    "fiscal_date": "1999-06-30",
    "fiscal_year": 1999,
    "fiscal_quarter": 4,
    "r2_url": "https://pub-2c783279b61043e19fbdadd1bee5153a.r2.dev/TXN/1999-08-13/.pdf",
    "periodicity": "periodic"
  },
  {
    "equity_ticker": "TXN",
    "geography": "US",
    "content_name": "TXN Q3 1999 10-Q",
    "file_type": "pdf",
    "content_type": "quarterly_report",
    "published_date": "1999-04-23",
    "fiscal_date": "1999-03-31",
    "fiscal_year": 1999,
    "fiscal_quarter": 3,
    "r2_url": "https://pub-2c783279b61043e19fbdadd1bee5153a.r2.dev/TXN/1999-04-23/.pdf",
    "periodicity": "periodic"
  },
  {
    "equity_ticker": "TXN",
    "geography": "US",
    "content_name": "TXN Q2 1999 10-Q",
    "file_type": "pdf",
    "content_type": "quarterly_report",
    "published_date": "1998-10-22",
    "fiscal_date": "1998-09-30",
    "fiscal_year": 1999,
    "fiscal_quarter": 2,
    "r2_url": "https://pub-2c783279b61043e19fbdadd1bee5153a.r2.dev/TXN/1998-10-22/.pdf",
    "periodicity": "periodic"
  },
  {
    "equity_ticker": "TXN",
    "geography": "US",
    "content_name": "TXN Q1 1999 10-Q",
    "file_type": "pdf",
    "content_type": "quarterly_report",
    "published_date": "1998-07-23",
    "fiscal_date": "1998-06-30",
    "fiscal_year": 1999,
    "fiscal_quarter": 1,
    "r2_url": "https://pub-2c783279b61043e19fbdadd1bee5153a.r2.dev/TXN/1998-07-23/.pdf",
    "periodicity": "periodic"
  },
  {
    "equity_ticker": "TXN",
    "geography": "US",
    "content_name": "TXN Q4 1998 10-Q",
    "file_type": "pdf",
    "content_type": "quarterly_report",
    "published_date": "1998-04-17",
    "fiscal_date": "1998-03-31",
    "fiscal_year": 1998,
    "fiscal_quarter": 4,
    "r2_url": "https://pub-2c783279b61043e19fbdadd1bee5153a.r2.dev/TXN/1998-04-17/.pdf",
    "periodicity": "periodic"
  },
  {
    "equity_ticker": "TXN",
    "geography": "US",
    "content_name": "TXN Q3 1998 10-K",
    "file_type": "pdf",
    "content_type": "annual_report",
    "published_date": "1998-02-23",
    "fiscal_date": "1997-12-31",
    "fiscal_year": 1998,
    "fiscal_quarter": 3,
    "r2_url": "https://pub-2c783279b61043e19fbdadd1bee5153a.r2.dev/TXN/1998-02-23/.pdf",
    "periodicity": "periodic"
  },
  {
    "equity_ticker": "TXN",
    "geography": "US",
    "content_name": "TXN Q2 1998 10-Q",
    "file_type": "pdf",
    "content_type": "quarterly_report",
    "published_date": "1997-10-17",
    "fiscal_date": "1997-09-30",
    "fiscal_year": 1998,
    "fiscal_quarter": 2,
    "r2_url": "https://pub-2c783279b61043e19fbdadd1bee5153a.r2.dev/TXN/1997-10-17/.pdf",
    "periodicity": "periodic"
  },
  {
    "equity_ticker": "TXN",
    "geography": "US",
    "content_name": "TXN Q1 1998 10-Q",
    "file_type": "pdf",
    "content_type": "quarterly_report",
    "published_date": "1997-07-18",
    "fiscal_date": "1997-06-30",
    "fiscal_year": 1998,
    "fiscal_quarter": 1,
    "r2_url": "https://pub-2c783279b61043e19fbdadd1bee5153a.r2.dev/TXN/1997-07-18/.pdf",
    "periodicity": "periodic"
  },
  {
    "equity_ticker": "TXN",
    "geography": "US",
    "content_name": "TXN Q4 1997 10-Q",
    "file_type": "pdf",
    "content_type": "quarterly_report",
    "published_date": "1997-04-18",
    "fiscal_date": "1997-03-31",
    "fiscal_year": 1997,
    "fiscal_quarter": 4,
    "r2_url": "https://pub-2c783279b61043e19fbdadd1bee5153a.r2.dev/TXN/1997-04-18/.pdf",
    "periodicity": "periodic"
  },
  {
    "equity_ticker": "TXN",
    "geography": "US",
    "content_name": "TXN Q3 1997 10-K",
    "file_type": "pdf",
    "content_type": "annual_report",
    "published_date": "1997-02-25",
    "fiscal_date": "1996-12-31",
    "fiscal_year": 1997,
    "fiscal_quarter": 3,
    "r2_url": "https://pub-2c783279b61043e19fbdadd1bee5153a.r2.dev/TXN/1997-02-25/.pdf",
    "periodicity": "periodic"
  },
  {
    "equity_ticker": "TXN",
    "geography": "US",
    "content_name": "TXN Q2 1997 10-Q",
    "file_type": "pdf",
    "content_type": "quarterly_report",
    "published_date": "1996-10-18",
    "fiscal_date": "1996-09-30",
    "fiscal_year": 1997,
    "fiscal_quarter": 2,
    "r2_url": "https://pub-2c783279b61043e19fbdadd1bee5153a.r2.dev/TXN/1996-10-18/.pdf",
    "periodicity": "periodic"
  },
  {
    "equity_ticker": "TXN",
    "geography": "US",
    "content_name": "TXN Q1 1997 10-Q",
    "file_type": "pdf",
    "content_type": "quarterly_report",
    "published_date": "1996-07-19",
    "fiscal_date": "1996-06-30",
    "fiscal_year": 1997,
    "fiscal_quarter": 1,
    "r2_url": "https://pub-2c783279b61043e19fbdadd1bee5153a.r2.dev/TXN/1996-07-19/.pdf",
    "periodicity": "periodic"
  },
  {
    "equity_ticker": "TXN",
    "geography": "US",
    "content_name": "TXN Q4 1996 10-Q",
    "file_type": "pdf",
    "content_type": "quarterly_report",
    "published_date": "1996-04-19",
    "fiscal_date": "1996-03-31",
    "fiscal_year": 1996,
    "fiscal_quarter": 4,
    "r2_url": "https://pub-2c783279b61043e19fbdadd1bee5153a.r2.dev/TXN/1996-04-19/.pdf",
    "periodicity": "periodic"
  },
  {
    "equity_ticker": "TXN",
    "geography": "US",
    "content_name": "TXN Q3 1996 10-K",
    "file_type": "pdf",
    "content_type": "annual_report",
    "published_date": "1996-02-23",
    "fiscal_date": "1995-12-31",
    "fiscal_year": 1996,
    "fiscal_quarter": 3,
    "r2_url": "https://pub-2c783279b61043e19fbdadd1bee5153a.r2.dev/TXN/1996-02-23/.pdf",
    "periodicity": "periodic"
  },
  {
    "equity_ticker": "TXN",
    "geography": "US",
    "content_name": "TXN Q2 1996 10-Q",
    "file_type": "pdf",
    "content_type": "quarterly_report",
    "published_date": "1995-10-20",
    "fiscal_date": "1995-09-30",
    "fiscal_year": 1996,
    "fiscal_quarter": 2,
    "r2_url": "https://pub-2c783279b61043e19fbdadd1bee5153a.r2.dev/TXN/1995-10-20/.pdf",
    "periodicity": "periodic"
  },
  {
    "equity_ticker": "TXN",
    "geography": "US",
    "content_name": "TXN Q1 1996 10-Q",
    "file_type": "pdf",
    "content_type": "quarterly_report",
    "published_date": "1995-07-21",
    "fiscal_date": "1995-06-30",
    "fiscal_year": 1996,
    "fiscal_quarter": 1,
    "r2_url": "https://pub-2c783279b61043e19fbdadd1bee5153a.r2.dev/TXN/1995-07-21/.pdf",
    "periodicity": "periodic"
  },
  {
    "equity_ticker": "TXN",
    "geography": "US",
    "content_name": "TXN Q4 1995 10-Q",
    "file_type": "pdf",
    "content_type": "quarterly_report",
    "published_date": "1995-04-21",
    "fiscal_date": "1995-03-31",
    "fiscal_year": 1995,
    "fiscal_quarter": 4,
    "r2_url": "https://pub-2c783279b61043e19fbdadd1bee5153a.r2.dev/TXN/1995-04-21/.pdf",
    "periodicity": "periodic"
  },
  {
    "equity_ticker": "TXN",
    "geography": "US",
    "content_name": "TXN Q3 1995 10-Q",
    "file_type": "pdf",
    "content_type": "quarterly_report",
    "published_date": "1994-10-17",
    "fiscal_date": "1994-09-30",
    "fiscal_year": 1995,
    "fiscal_quarter": 3,
    "r2_url": "https://pub-2c783279b61043e19fbdadd1bee5153a.r2.dev/TXN/1994-10-17/.pdf",
    "periodicity": "periodic"
  },
  {
    "equity_ticker": "TXN",
    "geography": "US",
    "content_name": "TXN Q2 1995 10-Q",
    "file_type": "pdf",
    "content_type": "quarterly_report",
    "published_date": "1994-07-15",
    "fiscal_date": "1994-06-30",
    "fiscal_year": 1995,
    "fiscal_quarter": 2,
    "r2_url": "https://pub-2c783279b61043e19fbdadd1bee5153a.r2.dev/TXN/1994-07-15/.pdf",
    "periodicity": "periodic"
  },
  {
    "equity_ticker": "TXN",
    "geography": "US",
    "content_name": "TXN Q1 1995 10-Q",
    "file_type": "pdf",
    "content_type": "quarterly_report",
    "published_date": "1994-04-22",
    "fiscal_date": "1994-03-31",
    "fiscal_year": 1995,
    "fiscal_quarter": 1,
    "r2_url": "https://pub-2c783279b61043e19fbdadd1bee5153a.r2.dev/TXN/1994-04-22/.pdf",
    "periodicity": "periodic"
  },
  {
    "equity_ticker": "TXN",
    "geography": "US",
    "content_name": "TXN Q4 1993 10-K",
    "file_type": "pdf",
    "content_type": "annual_report",
    "published_date": "1994-03-21",
    "fiscal_date": "1993-12-31",
    "fiscal_year": 1993,
    "fiscal_quarter": 4,
    "r2_url": "https://pub-2c783279b61043e19fbdadd1bee5153a.r2.dev/TXN/1994-03-21/.pdf",
    "periodicity": "periodic"
  }
]