[
  {
    "equity_ticker": "USFD",
    "geography": "US",
    "content_name": "USFD Q4 2024 10-K",
    "file_type": "pdf",
    "content_type": "annual_report",
    "published_date": "2025-02-13",
    "fiscal_date": "2024-12-28",
    "fiscal_year": 2024,
    "fiscal_quarter": 4,
    "r2_url": "https://pub-2c783279b61043e19fbdadd1bee5153a.r2.dev/USFD/2025-02-13/usfd-20241228.htm/usfd-20241228.pdf",
    "periodicity": "periodic"
  },
  {
    "equity_ticker": "USFD",
    "geography": "US",
    "content_name": "USFD Q3 2024 10-Q",
    "file_type": "pdf",
    "content_type": "quarterly_report",
    "published_date": "2024-11-07",
    "fiscal_date": "2024-09-28",
    "fiscal_year": 2024,
    "fiscal_quarter": 3,
    "r2_url": "https://pub-2c783279b61043e19fbdadd1bee5153a.r2.dev/USFD/2024-11-07/usfd-20240928.htm/usfd-20240928.pdf",
    "periodicity": "periodic"
  },
  {
    "equity_ticker": "USFD",
    "geography": "US",
    "content_name": "USFD Q2 2024 10-Q",
    "file_type": "pdf",
    "content_type": "quarterly_report",
    "published_date": "2024-08-08",
    "fiscal_date": "2024-06-29",
    "fiscal_year": 2024,
    "fiscal_quarter": 2,
    "r2_url": "https://pub-2c783279b61043e19fbdadd1bee5153a.r2.dev/USFD/2024-08-08/usfd-20240629.htm/usfd-20240629.pdf",
    "periodicity": "periodic"
  },
  {
    "equity_ticker": "USFD",
    "geography": "US",
    "content_name": "USFD Q1 2024 10-Q",
    "file_type": "pdf",
    "content_type": "quarterly_report",
    "published_date": "2024-05-09",
    "fiscal_date": "2024-03-30",
    "fiscal_year": 2024,
    "fiscal_quarter": 1,
    "r2_url": "https://pub-2c783279b61043e19fbdadd1bee5153a.r2.dev/USFD/2024-05-09/usfd-20240330.htm/usfd-20240330.pdf",
    "periodicity": "periodic"
  },
  {
    "equity_ticker": "USFD",
    "geography": "US",
    "content_name": "USFD Q4 2023 10-K",
    "file_type": "pdf",
    "content_type": "annual_report",
    "published_date": "2024-02-15",
    "fiscal_date": "2023-12-30",
    "fiscal_year": 2023,
    "fiscal_quarter": 4,
    "r2_url": "https://pub-2c783279b61043e19fbdadd1bee5153a.r2.dev/USFD/2024-02-15/usfd-20231230.htm/usfd-20231230.pdf",
    "periodicity": "periodic"
  },
  {
    "equity_ticker": "USFD",
    "geography": "US",
    "content_name": "USFD Q3 2023 10-Q",
    "file_type": "pdf",
    "content_type": "quarterly_report",
    "published_date": "2023-11-09",
    "fiscal_date": "2023-09-30",
    "fiscal_year": 2023,
    "fiscal_quarter": 3,
    "r2_url": "https://pub-2c783279b61043e19fbdadd1bee5153a.r2.dev/USFD/2023-11-09/usfd-20230930.htm/usfd-20230930.pdf",
    "periodicity": "periodic"
  },
  {
    "equity_ticker": "USFD",
    "geography": "US",
    "content_name": "USFD Q2 2023 10-Q",
    "file_type": "pdf",
    "content_type": "quarterly_report",
    "published_date": "2023-08-10",
    "fiscal_date": "2023-07-01",
    "fiscal_year": 2023,
    "fiscal_quarter": 2,
    "r2_url": "https://pub-2c783279b61043e19fbdadd1bee5153a.r2.dev/USFD/2023-08-10/usfd-20230701.htm/usfd-20230701.pdf",
    "periodicity": "periodic"
  },
  {
    "equity_ticker": "USFD",
    "geography": "US",
    "content_name": "USFD Q1 2023 10-Q",
    "file_type": "pdf",
    "content_type": "quarterly_report",
    "published_date": "2023-05-11",
    "fiscal_date": "2023-04-01",
    "fiscal_year": 2023,
    "fiscal_quarter": 1,
    "r2_url": "https://pub-2c783279b61043e19fbdadd1bee5153a.r2.dev/USFD/2023-05-11/usfd-20230401.htm/usfd-20230401.pdf",
    "periodicity": "periodic"
  },
  {
    "equity_ticker": "USFD",
    "geography": "US",
    "content_name": "USFD Q4 2022 10-K",
    "file_type": "pdf",
    "content_type": "annual_report",
    "published_date": "2023-02-16",
    "fiscal_date": "2022-12-31",
    "fiscal_year": 2022,
    "fiscal_quarter": 4,
    "r2_url": "https://pub-2c783279b61043e19fbdadd1bee5153a.r2.dev/USFD/2023-02-16/usfd-20221231.htm/usfd-20221231.pdf",
    "periodicity": "periodic"
  },
  {
    "equity_ticker": "USFD",
    "geography": "US",
    "content_name": "USFD Q3 2022 10-Q",
    "file_type": "pdf",
    "content_type": "quarterly_report",
    "published_date": "2022-11-10",
    "fiscal_date": "2022-10-01",
    "fiscal_year": 2022,
    "fiscal_quarter": 3,
    "r2_url": "https://pub-2c783279b61043e19fbdadd1bee5153a.r2.dev/USFD/2022-11-10/usfd-20221001.htm/usfd-20221001.pdf",
    "periodicity": "periodic"
  },
  {
    "equity_ticker": "USFD",
    "geography": "US",
    "content_name": "USFD Q2 2022 10-Q",
    "file_type": "pdf",
    "content_type": "quarterly_report",
    "published_date": "2022-08-11",
    "fiscal_date": "2022-07-02",
    "fiscal_year": 2022,
    "fiscal_quarter": 2,
    "r2_url": "https://pub-2c783279b61043e19fbdadd1bee5153a.r2.dev/USFD/2022-08-11/usfd-20220702.htm/usfd-20220702.pdf",
    "periodicity": "periodic"
  },
  {
    "equity_ticker": "USFD",
    "geography": "US",
    "content_name": "USFD Q1 2022 10-Q",
    "file_type": "pdf",
    "content_type": "quarterly_report",
    "published_date": "2022-05-12",
    "fiscal_date": "2022-04-02",
    "fiscal_year": 2022,
    "fiscal_quarter": 1,
    "r2_url": "https://pub-2c783279b61043e19fbdadd1bee5153a.r2.dev/USFD/2022-05-12/usfd-20220402.htm/usfd-20220402.pdf",
    "periodicity": "periodic"
  },
  {
    "equity_ticker": "USFD",
    "geography": "US",
    "content_name": "USFD Q4 2022 10-K",
    "file_type": "pdf",
    "content_type": "annual_report",
    "published_date": "2022-02-17",
    "fiscal_date": "2022-01-01",
    "fiscal_year": 2022,
    "fiscal_quarter": 4,
    "r2_url": "https://pub-2c783279b61043e19fbdadd1bee5153a.r2.dev/USFD/2022-02-17/usfd-20220101.htm/usfd-20220101.pdf",
    "periodicity": "periodic"
  },
  {
    "equity_ticker": "USFD",
    "geography": "US",
    "content_name": "USFD Q3 2022 10-Q",
    "file_type": "pdf",
    "content_type": "quarterly_report",
    "published_date": "2021-11-08",
    "fiscal_date": "2021-10-02",
    "fiscal_year": 2022,
    "fiscal_quarter": 3,
    "r2_url": "https://pub-2c783279b61043e19fbdadd1bee5153a.r2.dev/USFD/2021-11-08/usfd-20211002.htm/usfd-20211002.pdf",
    "periodicity": "periodic"
  },
  {
    "equity_ticker": "USFD",
    "geography": "US",
    "content_name": "USFD Q2 2022 10-Q",
    "file_type": "pdf",
    "content_type": "quarterly_report",
    "published_date": "2021-08-09",
    "fiscal_date": "2021-07-03",
    "fiscal_year": 2022,
    "fiscal_quarter": 2,
    "r2_url": "https://pub-2c783279b61043e19fbdadd1bee5153a.r2.dev/USFD/2021-08-09/usfd-20210703.htm/usfd-20210703.pdf",
    "periodicity": "periodic"
  },
  {
    "equity_ticker": "USFD",
    "geography": "US",
    "content_name": "USFD Q1 2022 10-Q",
    "file_type": "pdf",
    "content_type": "quarterly_report",
    "published_date": "2021-05-10",
    "fiscal_date": "2021-04-03",
    "fiscal_year": 2022,
    "fiscal_quarter": 1,
    "r2_url": "https://pub-2c783279b61043e19fbdadd1bee5153a.r2.dev/USFD/2021-05-10/usfd-20210403.htm/usfd-20210403.pdf",
    "periodicity": "periodic"
  },
  {
    "equity_ticker": "USFD",
    "geography": "US",
    "content_name": "USFD Q4 2021 10-K",
    "file_type": "pdf",
    "content_type": "annual_report",
    "published_date": "2021-02-16",
    "fiscal_date": "2021-01-02",
    "fiscal_year": 2021,
    "fiscal_quarter": 4,
    "r2_url": "https://pub-2c783279b61043e19fbdadd1bee5153a.r2.dev/USFD/2021-02-16/usfd-20210102.htm/usfd-20210102.pdf",
    "periodicity": "periodic"
  },
  {
    "equity_ticker": "USFD",
    "geography": "US",
    "content_name": "USFD Q3 2021 10-Q",
    "file_type": "pdf",
    "content_type": "quarterly_report",
    "published_date": "2020-11-02",
    "fiscal_date": "2020-09-26",
    "fiscal_year": 2021,
    "fiscal_quarter": 3,
    "r2_url": "https://pub-2c783279b61043e19fbdadd1bee5153a.r2.dev/USFD/2020-11-02/usfd-20200926.htm/usfd-20200926.pdf",
    "periodicity": "periodic"
  },
  {
    "equity_ticker": "USFD",
    "geography": "US",
    "content_name": "USFD Q2 2021 10-Q",
    "file_type": "pdf",
    "content_type": "quarterly_report",
    "published_date": "2020-08-04",
    "fiscal_date": "2020-06-27",
    "fiscal_year": 2021,
    "fiscal_quarter": 2,
    "r2_url": "https://pub-2c783279b61043e19fbdadd1bee5153a.r2.dev/USFD/2020-08-04/usfd6272010q.htm/ix.pdf",
    "periodicity": "periodic"
  },
  {
    "equity_ticker": "USFD",
    "geography": "US",
    "content_name": "USFD Q1 2021 10-Q",
    "file_type": "pdf",
    "content_type": "quarterly_report",
    "published_date": "2020-05-05",
    "fiscal_date": "2020-03-28",
    "fiscal_year": 2021,
    "fiscal_quarter": 1,
    "r2_url": "https://pub-2c783279b61043e19fbdadd1bee5153a.r2.dev/USFD/2020-05-05/usfd3282010q.htm/ix.pdf",
    "periodicity": "periodic"
  },
  {
    "equity_ticker": "USFD",
    "geography": "US",
    "content_name": "USFD Q4 2019 10-K",
    "file_type": "pdf",
    "content_type": "annual_report",
    "published_date": "2020-02-13",
    "fiscal_date": "2019-12-28",
    "fiscal_year": 2019,
    "fiscal_quarter": 4,
    "r2_url": "https://pub-2c783279b61043e19fbdadd1bee5153a.r2.dev/USFD/2020-02-13/usfd12281910k.htm/ix.pdf",
    "periodicity": "periodic"
  },
  {
    "equity_ticker": "USFD",
    "geography": "US",
    "content_name": "USFD Q3 2019 10-Q",
    "file_type": "pdf",
    "content_type": "quarterly_report",
    "published_date": "2019-11-05",
    "fiscal_date": "2019-09-28",
    "fiscal_year": 2019,
    "fiscal_quarter": 3,
    "r2_url": "https://pub-2c783279b61043e19fbdadd1bee5153a.r2.dev/USFD/2019-11-05/usfd9281910q.htm/ix.pdf",
    "periodicity": "periodic"
  },
  {
    "equity_ticker": "USFD",
    "geography": "US",
    "content_name": "USFD Q2 2019 10-Q",
    "file_type": "pdf",
    "content_type": "quarterly_report",
    "published_date": "2019-08-06",
    "fiscal_date": "2019-06-29",
    "fiscal_year": 2019,
    "fiscal_quarter": 2,
    "r2_url": "https://pub-2c783279b61043e19fbdadd1bee5153a.r2.dev/USFD/2019-08-06/usfd6291910q.htm/ix.pdf",
    "periodicity": "periodic"
  },
  {
    "equity_ticker": "USFD",
    "geography": "US",
    "content_name": "USFD Q1 2019 10-Q",
    "file_type": "pdf",
    "content_type": "quarterly_report",
    "published_date": "2019-05-07",
    "fiscal_date": "2019-03-30",
    "fiscal_year": 2019,
    "fiscal_quarter": 1,
    "r2_url": "https://pub-2c783279b61043e19fbdadd1bee5153a.r2.dev/USFD/2019-05-07/usfd3301910q.htm/ix.pdf",
    "periodicity": "periodic"
  },
  {
    "equity_ticker": "USFD",
    "geography": "US",
    "content_name": "USFD Q4 2018 10-K",
    "file_type": "pdf",
    "content_type": "annual_report",
    "published_date": "2019-02-14",
    "fiscal_date": "2018-12-29",
    "fiscal_year": 2018,
    "fiscal_quarter": 4,
    "r2_url": "https://pub-2c783279b61043e19fbdadd1bee5153a.r2.dev/USFD/2019-02-14/usfd12291810k.htm/usfd12291810k.pdf",
    "periodicity": "periodic"
  },
  {
    "equity_ticker": "USFD",
    "geography": "US",
    "content_name": "USFD Q3 2018 10-Q",
    "file_type": "pdf",
    "content_type": "quarterly_report",
    "published_date": "2018-11-06",
    "fiscal_date": "2018-09-29",
    "fiscal_year": 2018,
    "fiscal_quarter": 3,
    "r2_url": "https://pub-2c783279b61043e19fbdadd1bee5153a.r2.dev/USFD/2018-11-06/usfd9291810q.htm/usfd9291810q.pdf",
    "periodicity": "periodic"
  },
  {
    "equity_ticker": "USFD",
    "geography": "US",
    "content_name": "USFD Q2 2018 10-Q",
    "file_type": "pdf",
    "content_type": "quarterly_report",
    "published_date": "2018-08-01",
    "fiscal_date": "2018-06-30",
    "fiscal_year": 2018,
    "fiscal_quarter": 2,
    "r2_url": "https://pub-2c783279b61043e19fbdadd1bee5153a.r2.dev/USFD/2018-08-01/usfd6301810q.htm/usfd6301810q.pdf",
    "periodicity": "periodic"
  },
  {
    "equity_ticker": "USFD",
    "geography": "US",
    "content_name": "USFD Q1 2018 10-Q",
    "file_type": "pdf",
    "content_type": "quarterly_report",
    "published_date": "2018-05-08",
    "fiscal_date": "2018-03-31",
    "fiscal_year": 2018,
    "fiscal_quarter": 1,
    "r2_url": "https://pub-2c783279b61043e19fbdadd1bee5153a.r2.dev/USFD/2018-05-08/usfd-10q_20180331.htm/usfd-10q_20180331.pdf",
    "periodicity": "periodic"
  },
  {
    "equity_ticker": "USFD",
    "geography": "US",
    "content_name": "USFD Q4 2017 10-K",
    "file_type": "pdf",
    "content_type": "annual_report",
    "published_date": "2018-02-27",
    "fiscal_date": "2017-12-30",
    "fiscal_year": 2017,
    "fiscal_quarter": 4,
    "r2_url": "https://pub-2c783279b61043e19fbdadd1bee5153a.r2.dev/USFD/2018-02-27/usfd-10k_20171230.htm/usfd-10k_20171230.pdf",
    "periodicity": "periodic"
  },
  {
    "equity_ticker": "USFD",
    "geography": "US",
    "content_name": "USFD Q3 2017 10-Q",
    "file_type": "pdf",
    "content_type": "quarterly_report",
    "published_date": "2017-11-07",
    "fiscal_date": "2017-09-30",
    "fiscal_year": 2017,
    "fiscal_quarter": 3,
    "r2_url": "https://pub-2c783279b61043e19fbdadd1bee5153a.r2.dev/USFD/2017-11-07/usfd-10q_20170930.htm/usfd-10q_20170930.pdf",
    "periodicity": "periodic"
  },
  {
    "equity_ticker": "USFD",
    "geography": "US",
    "content_name": "USFD Q2 2017 10-Q",
    "file_type": "pdf",
    "content_type": "quarterly_report",
    "published_date": "2017-08-09",
    "fiscal_date": "2017-07-01",
    "fiscal_year": 2017,
    "fiscal_quarter": 2,
    "r2_url": "https://pub-2c783279b61043e19fbdadd1bee5153a.r2.dev/USFD/2017-08-09/usfd-10q_20170701.htm/usfd-10q_20170701.pdf",
    "periodicity": "periodic"
  },
  {
    "equity_ticker": "USFD",
    "geography": "US",
    "content_name": "USFD Q1 2017 10-Q",
    "file_type": "pdf",
    "content_type": "quarterly_report",
    "published_date": "2017-05-09",
    "fiscal_date": "2017-04-01",
    "fiscal_year": 2017,
    "fiscal_quarter": 1,
    "r2_url": "https://pub-2c783279b61043e19fbdadd1bee5153a.r2.dev/USFD/2017-05-09/usfd-10q_20170401.htm/usfd-10q_20170401.pdf",
    "periodicity": "periodic"
  },
  {
    "equity_ticker": "USFD",
    "geography": "US",
    "content_name": "USFD Q4 2016 10-K",
    "file_type": "pdf",
    "content_type": "annual_report",
    "published_date": "2017-02-27",
    "fiscal_date": "2016-12-31",
    "fiscal_year": 2016,
    "fiscal_quarter": 4,
    "r2_url": "https://pub-2c783279b61043e19fbdadd1bee5153a.r2.dev/USFD/2017-02-27/usfd-10k_20161231.htm/usfd-10k_20161231.pdf",
    "periodicity": "periodic"
  },
  {
    "equity_ticker": "USFD",
    "geography": "US",
    "content_name": "USFD Q3 2016 10-Q",
    "file_type": "pdf",
    "content_type": "quarterly_report",
    "published_date": "2016-11-08",
    "fiscal_date": "2016-10-01",
    "fiscal_year": 2016,
    "fiscal_quarter": 3,
    "r2_url": "https://pub-2c783279b61043e19fbdadd1bee5153a.r2.dev/USFD/2016-11-08/d233034d10q.htm/d233034d10q.pdf",
    "periodicity": "periodic"
  },
  {
    "equity_ticker": "USFD",
    "geography": "US",
    "content_name": "USFD Q2 2016 10-Q",
    "file_type": "pdf",
    "content_type": "quarterly_report",
    "published_date": "2016-08-09",
    "fiscal_date": "2016-07-02",
    "fiscal_year": 2016,
    "fiscal_quarter": 2,
    "r2_url": "https://pub-2c783279b61043e19fbdadd1bee5153a.r2.dev/USFD/2016-08-09/d226780d10q.htm/d226780d10q.pdf",
    "periodicity": "periodic"
  },
  {
    "equity_ticker": "USFD",
    "geography": "US",
    "content_name": "Consumer Analyst Group of New York Conference 2025 - February 20, 2025",
    "file_type": "pdf",
    "content_type": "industry_conference_transcript",
    "published_date": "2025-02-20",
    "fiscal_date": "2025-02-20",
    "fiscal_year": null,
    "fiscal_quarter": null,
    "r2_url": "https://pub-2c783279b61043e19fbdadd1bee5153a.r2.dev/USFD/2025-02-20/US%20Foods%20Holding%20Corp._2025-02-20_transcript/US%20Foods%20Holding%20Corp._2025-02-20_transcript.pdf/US%20Foods%20Holding%20Corp._2025-02-20_transcript.pdf",
    "periodicity": "non_periodic"
  },
  {
    "equity_ticker": "USFD",
    "geography": "US",
    "content_name": "USFD Q4 2024 Transcript",
    "file_type": "pdf",
    "content_type": "earnings_transcript",
    "published_date": "2025-02-13",
    "fiscal_date": "2025-02-13",
    "fiscal_year": 2024,
    "fiscal_quarter": 4,
    "r2_url": "https://pub-2c783279b61043e19fbdadd1bee5153a.r2.dev/USFD/2025-02-13/US%20Foods%20Holding%20Corp._2025-02-13_transcript/US%20Foods%20Holding%20Corp._2025-02-13_transcript.pdf/US%20Foods%20Holding%20Corp._2025-02-13_transcript.pdf",
    "periodicity": "periodic"
  },
  {
    "equity_ticker": "USFD",
    "geography": "US",
    "content_name": "USFD Q4 2024 Press Release",
    "file_type": "pdf",
    "content_type": "earnings_press_release",
    "published_date": "2025-02-13",
    "fiscal_date": "2025-02-13",
    "fiscal_year": 2024,
    "fiscal_quarter": 4,
    "r2_url": "https://pub-2c783279b61043e19fbdadd1bee5153a.r2.dev/USFD/2025-02-13/b787c-2025-02-13-11-31-49/b787c-2025-02-13-11-31-49.pdf/b787c-2025-02-13-11-31-49.pdf",
    "periodicity": "periodic"
  },
  {
    "equity_ticker": "USFD",
    "geography": "US",
    "content_name": "USFD Q4 2024 Presentation",
    "file_type": "pdf",
    "content_type": "earnings_presentation",
    "published_date": "2025-02-13",
    "fiscal_date": "2025-02-13",
    "fiscal_year": 2024,
    "fiscal_quarter": 4,
    "r2_url": "https://pub-2c783279b61043e19fbdadd1bee5153a.r2.dev/USFD/2025-02-13/4385d-2025-02-13-12-08-03/4385d-2025-02-13-12-08-03.pdf/4385d-2025-02-13-12-08-03.pdf",
    "periodicity": "periodic"
  },
  {
    "equity_ticker": "USFD",
    "geography": "US",
    "content_name": "27th Annual ICR Conference 2025 - January 14, 2025",
    "file_type": "pdf",
    "content_type": "company_conference_transcript",
    "published_date": "2025-01-14",
    "fiscal_date": "2025-01-14",
    "fiscal_year": null,
    "fiscal_quarter": null,
    "r2_url": "https://pub-2c783279b61043e19fbdadd1bee5153a.r2.dev/USFD/2025-01-14/US%20Foods%20Holding%20Corp._2025-01-14_transcript/US%20Foods%20Holding%20Corp._2025-01-14_transcript.pdf/US%20Foods%20Holding%20Corp._2025-01-14_transcript.pdf",
    "periodicity": "non_periodic"
  },
  {
    "equity_ticker": "USFD",
    "geography": "US",
    "content_name": "Morgan Stanley Global Consumer & Retail Conference - December 3, 2024",
    "file_type": "pdf",
    "content_type": "sellside_conference_transcript",
    "published_date": "2024-12-03",
    "fiscal_date": "2024-12-03",
    "fiscal_year": null,
    "fiscal_quarter": null,
    "r2_url": "https://pub-2c783279b61043e19fbdadd1bee5153a.r2.dev/USFD/2024-12-03/US%20Foods%20Holding%20Corp._2024-12-03_transcript/US%20Foods%20Holding%20Corp._2024-12-03_transcript.pdf/US%20Foods%20Holding%20Corp._2024-12-03_transcript.pdf",
    "periodicity": "non_periodic"
  },
  {
    "equity_ticker": "USFD",
    "geography": "US",
    "content_name": "USFD Q3 2024 Transcript",
    "file_type": "pdf",
    "content_type": "earnings_transcript",
    "published_date": "2024-11-07",
    "fiscal_date": "2024-11-07",
    "fiscal_year": 2024,
    "fiscal_quarter": 3,
    "r2_url": "https://pub-2c783279b61043e19fbdadd1bee5153a.r2.dev/USFD/2024-11-07/US%20Foods%20Holding%20Corp._2024-11-07_transcript/US%20Foods%20Holding%20Corp._2024-11-07_transcript.pdf/US%20Foods%20Holding%20Corp._2024-11-07_transcript.pdf",
    "periodicity": "periodic"
  },
  {
    "equity_ticker": "USFD",
    "geography": "US",
    "content_name": "USFD Q3 2024 Press Release",
    "file_type": "pdf",
    "content_type": "earnings_press_release",
    "published_date": "2024-11-07",
    "fiscal_date": "2024-11-07",
    "fiscal_year": 2024,
    "fiscal_quarter": 3,
    "r2_url": "https://pub-2c783279b61043e19fbdadd1bee5153a.r2.dev/USFD/2024-11-07/53bd2-2024-11-07-11-20-59/53bd2-2024-11-07-11-20-59.pdf/53bd2-2024-11-07-11-20-59.pdf",
    "periodicity": "periodic"
  },
  {
    "equity_ticker": "USFD",
    "geography": "US",
    "content_name": "USFD Q3 2024 Presentation",
    "file_type": "pdf",
    "content_type": "earnings_presentation",
    "published_date": "2024-11-07",
    "fiscal_date": "2024-11-07",
    "fiscal_year": 2024,
    "fiscal_quarter": 3,
    "r2_url": "https://pub-2c783279b61043e19fbdadd1bee5153a.r2.dev/USFD/2024-11-07/ff227-2024-11-07-12-22-10/ff227-2024-11-07-12-22-10.pdf/ff227-2024-11-07-12-22-10.pdf",
    "periodicity": "periodic"
  },
  {
    "equity_ticker": "USFD",
    "geography": "US",
    "content_name": "Piper Sandler Growth Frontiers Conference - September 11, 2024",
    "file_type": "pdf",
    "content_type": "company_conference_transcript",
    "published_date": "2024-09-11",
    "fiscal_date": "2024-09-11",
    "fiscal_year": null,
    "fiscal_quarter": null,
    "r2_url": "https://pub-2c783279b61043e19fbdadd1bee5153a.r2.dev/USFD/2024-09-11/US%20Foods%20Holding%20Corp._2024-09-11_transcript/US%20Foods%20Holding%20Corp._2024-09-11_transcript.pdf/US%20Foods%20Holding%20Corp._2024-09-11_transcript.pdf",
    "periodicity": "non_periodic"
  },
  {
    "equity_ticker": "USFD",
    "geography": "US",
    "content_name": "USFD Q2 2024 Transcript",
    "file_type": "pdf",
    "content_type": "earnings_transcript",
    "published_date": "2024-08-08",
    "fiscal_date": "2024-08-08",
    "fiscal_year": 2024,
    "fiscal_quarter": 2,
    "r2_url": "https://pub-2c783279b61043e19fbdadd1bee5153a.r2.dev/USFD/2024-08-08/US%20Foods%20Holding%20Corp._2024-08-08_transcript/US%20Foods%20Holding%20Corp._2024-08-08_transcript.pdf/US%20Foods%20Holding%20Corp._2024-08-08_transcript.pdf",
    "periodicity": "periodic"
  },
  {
    "equity_ticker": "USFD",
    "geography": "US",
    "content_name": "USFD Q2 2024 Press Release",
    "file_type": "pdf",
    "content_type": "earnings_press_release",
    "published_date": "2024-08-08",
    "fiscal_date": "2024-08-08",
    "fiscal_year": 2024,
    "fiscal_quarter": 2,
    "r2_url": "https://pub-2c783279b61043e19fbdadd1bee5153a.r2.dev/USFD/2024-08-08/96627-2024-08-08-10-50-50/96627-2024-08-08-10-50-50.pdf/96627-2024-08-08-10-50-50.pdf",
    "periodicity": "periodic"
  },
  {
    "equity_ticker": "USFD",
    "geography": "US",
    "content_name": "USFD Q2 2024 Presentation",
    "file_type": "pdf",
    "content_type": "earnings_presentation",
    "published_date": "2024-08-08",
    "fiscal_date": "2024-08-08",
    "fiscal_year": 2024,
    "fiscal_quarter": 2,
    "r2_url": "https://pub-2c783279b61043e19fbdadd1bee5153a.r2.dev/USFD/2024-08-08/2c24a-2024-08-08-11-35-31/2c24a-2024-08-08-11-35-31.pdf/2c24a-2024-08-08-11-35-31.pdf",
    "periodicity": "periodic"
  },
  {
    "equity_ticker": "USFD",
    "geography": "US",
    "content_name": "Investor Day 2024 - June 5, 2024",
    "file_type": "pdf",
    "content_type": "company_conference_transcript",
    "published_date": "2024-06-05",
    "fiscal_date": "2024-06-05",
    "fiscal_year": null,
    "fiscal_quarter": null,
    "r2_url": "https://pub-2c783279b61043e19fbdadd1bee5153a.r2.dev/USFD/2024-06-05/US%20Foods%20Holding%20Corp._2024-06-05_transcript/US%20Foods%20Holding%20Corp._2024-06-05_transcript.pdf/US%20Foods%20Holding%20Corp._2024-06-05_transcript.pdf",
    "periodicity": "non_periodic"
  },
  {
    "equity_ticker": "USFD",
    "geography": "US",
    "content_name": "Investor Day 2024 - June 5, 2024",
    "file_type": "pdf",
    "content_type": "company_conference_presentation",
    "published_date": "2024-06-05",
    "fiscal_date": "2024-06-05",
    "fiscal_year": null,
    "fiscal_quarter": null,
    "r2_url": "https://pub-2c783279b61043e19fbdadd1bee5153a.r2.dev/USFD/2024-06-05/f72d8-2024-06-06-08-17-54/f72d8-2024-06-06-08-17-54.pdf/f72d8-2024-06-06-08-17-54.pdf",
    "periodicity": "non_periodic"
  },
  {
    "equity_ticker": "USFD",
    "geography": "US",
    "content_name": "USFD Q1 2024 Transcript",
    "file_type": "pdf",
    "content_type": "earnings_transcript",
    "published_date": "2024-05-09",
    "fiscal_date": "2024-05-09",
    "fiscal_year": 2024,
    "fiscal_quarter": 1,
    "r2_url": "https://pub-2c783279b61043e19fbdadd1bee5153a.r2.dev/USFD/2024-05-09/US%20Foods%20Holding%20Corp._2024-05-09_transcript/US%20Foods%20Holding%20Corp._2024-05-09_transcript.pdf/US%20Foods%20Holding%20Corp._2024-05-09_transcript.pdf",
    "periodicity": "periodic"
  },
  {
    "equity_ticker": "USFD",
    "geography": "US",
    "content_name": "USFD Q1 2024 Press Release",
    "file_type": "pdf",
    "content_type": "earnings_press_release",
    "published_date": "2024-05-09",
    "fiscal_date": "2024-05-09",
    "fiscal_year": 2024,
    "fiscal_quarter": 1,
    "r2_url": "https://pub-2c783279b61043e19fbdadd1bee5153a.r2.dev/USFD/2024-05-09/6744a-2024-05-09-10-31-50/6744a-2024-05-09-10-31-50.pdf/6744a-2024-05-09-10-31-50.pdf",
    "periodicity": "periodic"
  },
  {
    "equity_ticker": "USFD",
    "geography": "US",
    "content_name": "USFD Q1 2024 Presentation",
    "file_type": "pdf",
    "content_type": "earnings_presentation",
    "published_date": "2024-05-09",
    "fiscal_date": "2024-05-09",
    "fiscal_year": 2024,
    "fiscal_quarter": 1,
    "r2_url": "https://pub-2c783279b61043e19fbdadd1bee5153a.r2.dev/USFD/2024-05-09/8cd73-2024-05-09-10-36-51/8cd73-2024-05-09-10-36-51.pdf/8cd73-2024-05-09-10-36-51.pdf",
    "periodicity": "periodic"
  },
  {
    "equity_ticker": "USFD",
    "geography": "US",
    "content_name": "USFD Q4 2023 Transcript",
    "file_type": "pdf",
    "content_type": "earnings_transcript",
    "published_date": "2024-02-15",
    "fiscal_date": "2024-02-15",
    "fiscal_year": 2023,
    "fiscal_quarter": 4,
    "r2_url": "https://pub-2c783279b61043e19fbdadd1bee5153a.r2.dev/USFD/2024-02-15/US%20Foods%20Holding%20Corp._2024-02-15_transcript/US%20Foods%20Holding%20Corp._2024-02-15_transcript.pdf/US%20Foods%20Holding%20Corp._2024-02-15_transcript.pdf",
    "periodicity": "periodic"
  },
  {
    "equity_ticker": "USFD",
    "geography": "US",
    "content_name": "USFD Q4 2023 Press Release",
    "file_type": "pdf",
    "content_type": "earnings_press_release",
    "published_date": "2024-02-15",
    "fiscal_date": "2024-02-15",
    "fiscal_year": 2023,
    "fiscal_quarter": 4,
    "r2_url": "https://pub-2c783279b61043e19fbdadd1bee5153a.r2.dev/USFD/2024-02-15/43f32-2024-02-15-11-07-50/43f32-2024-02-15-11-07-50.pdf/43f32-2024-02-15-11-07-50.pdf",
    "periodicity": "periodic"
  },
  {
    "equity_ticker": "USFD",
    "geography": "US",
    "content_name": "USFD Q4 2023 Presentation",
    "file_type": "pdf",
    "content_type": "earnings_presentation",
    "published_date": "2024-02-15",
    "fiscal_date": "2024-02-15",
    "fiscal_year": 2023,
    "fiscal_quarter": 4,
    "r2_url": "https://pub-2c783279b61043e19fbdadd1bee5153a.r2.dev/USFD/2024-02-15/8f67c-2024-02-15-11-16-51/8f67c-2024-02-15-11-16-51.pdf/8f67c-2024-02-15-11-16-51.pdf",
    "periodicity": "periodic"
  },
  {
    "equity_ticker": "USFD",
    "geography": "US",
    "content_name": "ICR Conference 2024 - January 8, 2024",
    "file_type": "pdf",
    "content_type": "company_conference_transcript",
    "published_date": "2024-01-08",
    "fiscal_date": "2024-01-08",
    "fiscal_year": null,
    "fiscal_quarter": null,
    "r2_url": "https://pub-2c783279b61043e19fbdadd1bee5153a.r2.dev/USFD/2024-01-08/US%20Foods%20Holding%20Corp._2024-01-08_transcript/US%20Foods%20Holding%20Corp._2024-01-08_transcript.pdf/US%20Foods%20Holding%20Corp._2024-01-08_transcript.pdf",
    "periodicity": "non_periodic"
  },
  {
    "equity_ticker": "USFD",
    "geography": "US",
    "content_name": "26th Annual ICR Conference - January 8, 2024",
    "file_type": "pdf",
    "content_type": "company_conference_transcript",
    "published_date": "2024-01-08",
    "fiscal_date": "2024-01-08",
    "fiscal_year": null,
    "fiscal_quarter": null,
    "r2_url": "https://pub-2c783279b61043e19fbdadd1bee5153a.r2.dev/USFD/2024-01-08/US%20Foods%20Holding%20Corp._2024-01-08_transcript/US%20Foods%20Holding%20Corp._2024-01-08_transcript.pdf/US%20Foods%20Holding%20Corp._2024-01-08_transcript.pdf",
    "periodicity": "non_periodic"
  },
  {
    "equity_ticker": "USFD",
    "geography": "US",
    "content_name": "26th Annual ICR Conference - January 8, 2024",
    "file_type": "pdf",
    "content_type": "company_conference_presentation",
    "published_date": "2024-01-08",
    "fiscal_date": "2024-01-08",
    "fiscal_year": null,
    "fiscal_quarter": null,
    "r2_url": "https://pub-2c783279b61043e19fbdadd1bee5153a.r2.dev/USFD/2024-01-08/56d5e-2025-04-08-07-31-01/56d5e-2025-04-08-07-31-01.pdf/56d5e-2025-04-08-07-31-01.pdf",
    "periodicity": "non_periodic"
  },
  {
    "equity_ticker": "USFD",
    "geography": "US",
    "content_name": "2023 Barclays Eat, Sleep, Play Conference - November 29, 2023",
    "file_type": "pdf",
    "content_type": "sellside_conference_transcript",
    "published_date": "2023-11-29",
    "fiscal_date": "2023-11-29",
    "fiscal_year": null,
    "fiscal_quarter": null,
    "r2_url": "https://pub-2c783279b61043e19fbdadd1bee5153a.r2.dev/USFD/2023-11-29/US%20Foods%20Holding%20Corp._2023-11-29_transcript/US%20Foods%20Holding%20Corp._2023-11-29_transcript.pdf/US%20Foods%20Holding%20Corp._2023-11-29_transcript.pdf",
    "periodicity": "non_periodic"
  },
  {
    "equity_ticker": "USFD",
    "geography": "US",
    "content_name": "USFD Q3 2023 Transcript",
    "file_type": "pdf",
    "content_type": "earnings_transcript",
    "published_date": "2023-11-09",
    "fiscal_date": "2023-11-09",
    "fiscal_year": 2023,
    "fiscal_quarter": 3,
    "r2_url": "https://pub-2c783279b61043e19fbdadd1bee5153a.r2.dev/USFD/2023-11-09/US%20Foods%20Holding%20Corp._2023-11-09_transcript/US%20Foods%20Holding%20Corp._2023-11-09_transcript.pdf/US%20Foods%20Holding%20Corp._2023-11-09_transcript.pdf",
    "periodicity": "periodic"
  },
  {
    "equity_ticker": "USFD",
    "geography": "US",
    "content_name": "USFD Q3 2023 Press Release",
    "file_type": "pdf",
    "content_type": "earnings_press_release",
    "published_date": "2023-11-09",
    "fiscal_date": "2023-11-09",
    "fiscal_year": 2023,
    "fiscal_quarter": 3,
    "r2_url": "https://pub-2c783279b61043e19fbdadd1bee5153a.r2.dev/USFD/2023-11-09/3a6f9-2023-11-09-11-17-53/3a6f9-2023-11-09-11-17-53.pdf/3a6f9-2023-11-09-11-17-53.pdf",
    "periodicity": "periodic"
  },
  {
    "equity_ticker": "USFD",
    "geography": "US",
    "content_name": "USFD Q3 2023 Presentation",
    "file_type": "pdf",
    "content_type": "earnings_presentation",
    "published_date": "2023-11-09",
    "fiscal_date": "2023-11-09",
    "fiscal_year": 2023,
    "fiscal_quarter": 3,
    "r2_url": "https://pub-2c783279b61043e19fbdadd1bee5153a.r2.dev/USFD/2023-11-09/ec57d-2023-11-09-12-58-09/ec57d-2023-11-09-12-58-09.pdf/ec57d-2023-11-09-12-58-09.pdf",
    "periodicity": "periodic"
  },
  {
    "equity_ticker": "USFD",
    "geography": "US",
    "content_name": "USFD Q2 2023 Transcript",
    "file_type": "pdf",
    "content_type": "earnings_transcript",
    "published_date": "2023-08-10",
    "fiscal_date": "2023-08-10",
    "fiscal_year": 2023,
    "fiscal_quarter": 2,
    "r2_url": "https://pub-2c783279b61043e19fbdadd1bee5153a.r2.dev/USFD/2023-08-10/US%20Foods%20Holding%20Corp._2023-08-10_transcript/US%20Foods%20Holding%20Corp._2023-08-10_transcript.pdf/US%20Foods%20Holding%20Corp._2023-08-10_transcript.pdf",
    "periodicity": "periodic"
  },
  {
    "equity_ticker": "USFD",
    "geography": "US",
    "content_name": "USFD Q2 2023 Press Release",
    "file_type": "pdf",
    "content_type": "earnings_press_release",
    "published_date": "2023-08-10",
    "fiscal_date": "2023-08-10",
    "fiscal_year": 2023,
    "fiscal_quarter": 2,
    "r2_url": "https://pub-2c783279b61043e19fbdadd1bee5153a.r2.dev/USFD/2023-08-10/8e0ea-2023-08-10-10-35-50/8e0ea-2023-08-10-10-35-50.pdf/8e0ea-2023-08-10-10-35-50.pdf",
    "periodicity": "periodic"
  },
  {
    "equity_ticker": "USFD",
    "geography": "US",
    "content_name": "USFD Q2 2023 Presentation",
    "file_type": "pdf",
    "content_type": "earnings_presentation",
    "published_date": "2023-08-10",
    "fiscal_date": "2023-08-10",
    "fiscal_year": 2023,
    "fiscal_quarter": 2,
    "r2_url": "https://pub-2c783279b61043e19fbdadd1bee5153a.r2.dev/USFD/2023-08-10/25626-2023-08-10-01-46-47/25626-2023-08-10-01-46-47.pdf/25626-2023-08-10-01-46-47.pdf",
    "periodicity": "periodic"
  },
  {
    "equity_ticker": "USFD",
    "geography": "US",
    "content_name": "USFD Q1 2023 Transcript",
    "file_type": "pdf",
    "content_type": "earnings_transcript",
    "published_date": "2023-05-11",
    "fiscal_date": "2023-05-11",
    "fiscal_year": 2023,
    "fiscal_quarter": 1,
    "r2_url": "https://pub-2c783279b61043e19fbdadd1bee5153a.r2.dev/USFD/2023-05-11/US%20Foods%20Holding%20Corp._2023-05-11_transcript/US%20Foods%20Holding%20Corp._2023-05-11_transcript.pdf/US%20Foods%20Holding%20Corp._2023-05-11_transcript.pdf",
    "periodicity": "periodic"
  },
  {
    "equity_ticker": "USFD",
    "geography": "US",
    "content_name": "USFD Q1 2023 Press Release",
    "file_type": "pdf",
    "content_type": "earnings_press_release",
    "published_date": "2023-05-11",
    "fiscal_date": "2023-05-11",
    "fiscal_year": 2023,
    "fiscal_quarter": 1,
    "r2_url": "https://pub-2c783279b61043e19fbdadd1bee5153a.r2.dev/USFD/2023-05-11/9da80-2023-05-11-10-01-51/9da80-2023-05-11-10-01-51.pdf/9da80-2023-05-11-10-01-51.pdf",
    "periodicity": "periodic"
  },
  {
    "equity_ticker": "USFD",
    "geography": "US",
    "content_name": "USFD Q1 2023 Presentation",
    "file_type": "pdf",
    "content_type": "earnings_presentation",
    "published_date": "2023-05-11",
    "fiscal_date": "2023-05-11",
    "fiscal_year": 2023,
    "fiscal_quarter": 1,
    "r2_url": "https://pub-2c783279b61043e19fbdadd1bee5153a.r2.dev/USFD/2023-05-11/c8d9c-2023-05-11-09-20-56/c8d9c-2023-05-11-09-20-56.pdf/c8d9c-2023-05-11-09-20-56.pdf",
    "periodicity": "periodic"
  },
  {
    "equity_ticker": "USFD",
    "geography": "US",
    "content_name": "JPMorgan Gaming, Lodging, Restaurant and Leisure Management Access Forum - March 14, 2023",
    "file_type": "pdf",
    "content_type": "company_conference_transcript",
    "published_date": "2023-03-14",
    "fiscal_date": "2023-03-14",
    "fiscal_year": null,
    "fiscal_quarter": null,
    "r2_url": "https://pub-2c783279b61043e19fbdadd1bee5153a.r2.dev/USFD/2023-03-14/US%20Foods%20Holding%20Corp._2023-03-14_transcript/US%20Foods%20Holding%20Corp._2023-03-14_transcript.pdf/US%20Foods%20Holding%20Corp._2023-03-14_transcript.pdf",
    "periodicity": "non_periodic"
  },
  {
    "equity_ticker": "USFD",
    "geography": "US",
    "content_name": "USFD Q4 2022 Transcript",
    "file_type": "pdf",
    "content_type": "earnings_transcript",
    "published_date": "2023-02-16",
    "fiscal_date": "2023-02-16",
    "fiscal_year": 2022,
    "fiscal_quarter": 4,
    "r2_url": "https://pub-2c783279b61043e19fbdadd1bee5153a.r2.dev/USFD/2023-02-16/US%20Foods%20Holding%20Corp._2023-02-16_transcript/US%20Foods%20Holding%20Corp._2023-02-16_transcript.pdf/US%20Foods%20Holding%20Corp._2023-02-16_transcript.pdf",
    "periodicity": "periodic"
  },
  {
    "equity_ticker": "USFD",
    "geography": "US",
    "content_name": "USFD Q4 2022 Press Release",
    "file_type": "pdf",
    "content_type": "earnings_press_release",
    "published_date": "2023-02-16",
    "fiscal_date": "2023-02-16",
    "fiscal_year": 2022,
    "fiscal_quarter": 4,
    "r2_url": "https://pub-2c783279b61043e19fbdadd1bee5153a.r2.dev/USFD/2023-02-16/1d2eb-2023-03-30-10-55-24/1d2eb-2023-03-30-10-55-24.pdf/1d2eb-2023-03-30-10-55-24.pdf",
    "periodicity": "periodic"
  },
  {
    "equity_ticker": "USFD",
    "geography": "US",
    "content_name": "USFD Q4 2022 Presentation",
    "file_type": "pdf",
    "content_type": "earnings_presentation",
    "published_date": "2023-02-16",
    "fiscal_date": "2023-02-16",
    "fiscal_year": 2022,
    "fiscal_quarter": 4,
    "r2_url": "https://pub-2c783279b61043e19fbdadd1bee5153a.r2.dev/USFD/2023-02-16/951ed-2023-02-16-03-10-24/951ed-2023-02-16-03-10-24.pdf/951ed-2023-02-16-03-10-24.pdf",
    "periodicity": "periodic"
  },
  {
    "equity_ticker": "USFD",
    "geography": "US",
    "content_name": "USFD Q3 2022 Transcript",
    "file_type": "pdf",
    "content_type": "earnings_transcript",
    "published_date": "2022-11-10",
    "fiscal_date": "2022-11-10",
    "fiscal_year": 2022,
    "fiscal_quarter": 3,
    "r2_url": "https://pub-2c783279b61043e19fbdadd1bee5153a.r2.dev/USFD/2022-11-10/US%20Foods%20Holding%20Corp._2022-11-10_transcript/US%20Foods%20Holding%20Corp._2022-11-10_transcript.pdf/US%20Foods%20Holding%20Corp._2022-11-10_transcript.pdf",
    "periodicity": "periodic"
  },
  {
    "equity_ticker": "USFD",
    "geography": "US",
    "content_name": "USFD Q3 2022 Press Release",
    "file_type": "pdf",
    "content_type": "quarterly_report",
    "published_date": "2022-11-10",
    "fiscal_date": "2022-11-10",
    "fiscal_year": 2022,
    "fiscal_quarter": 3,
    "r2_url": "https://pub-2c783279b61043e19fbdadd1bee5153a.r2.dev/USFD/2022-11-10/3ce18-2024-08-29-11-27-44/3ce18-2024-08-29-11-27-44.pdf/3ce18-2024-08-29-11-27-44.pdf",
    "periodicity": "periodic"
  },
  {
    "equity_ticker": "USFD",
    "geography": "US",
    "content_name": "USFD Q3 2022 Presentation",
    "file_type": "pdf",
    "content_type": "earnings_presentation",
    "published_date": "2022-11-10",
    "fiscal_date": "2022-11-10",
    "fiscal_year": 2022,
    "fiscal_quarter": 3,
    "r2_url": "https://pub-2c783279b61043e19fbdadd1bee5153a.r2.dev/USFD/2022-11-10/82615-2022-11-10-02-47-59/82615-2022-11-10-02-47-59.pdf/82615-2022-11-10-02-47-59.pdf",
    "periodicity": "periodic"
  },
  {
    "equity_ticker": "USFD",
    "geography": "US",
    "content_name": "USFD Q2 2022 Transcript",
    "file_type": "pdf",
    "content_type": "earnings_transcript",
    "published_date": "2022-08-11",
    "fiscal_date": "2022-08-11",
    "fiscal_year": 2022,
    "fiscal_quarter": 2,
    "r2_url": "https://pub-2c783279b61043e19fbdadd1bee5153a.r2.dev/USFD/2022-08-11/US%20Foods%20Holding%20Corp._2022-08-11_transcript/US%20Foods%20Holding%20Corp._2022-08-11_transcript.pdf/US%20Foods%20Holding%20Corp._2022-08-11_transcript.pdf",
    "periodicity": "periodic"
  },
  {
    "equity_ticker": "USFD",
    "geography": "US",
    "content_name": "USFD Q2 2022 Press Release",
    "file_type": "pdf",
    "content_type": "quarterly_report",
    "published_date": "2022-08-11",
    "fiscal_date": "2022-08-11",
    "fiscal_year": 2022,
    "fiscal_quarter": 2,
    "r2_url": "https://pub-2c783279b61043e19fbdadd1bee5153a.r2.dev/USFD/2022-08-11/3d63f-2024-08-29-11-33-44/3d63f-2024-08-29-11-33-44.pdf/3d63f-2024-08-29-11-33-44.pdf",
    "periodicity": "periodic"
  },
  {
    "equity_ticker": "USFD",
    "geography": "US",
    "content_name": "USFD Q2 2022 Presentation",
    "file_type": "pdf",
    "content_type": "earnings_presentation",
    "published_date": "2022-08-11",
    "fiscal_date": "2022-08-11",
    "fiscal_year": 2022,
    "fiscal_quarter": 2,
    "r2_url": "https://pub-2c783279b61043e19fbdadd1bee5153a.r2.dev/USFD/2022-08-11/567f8-2022-08-11-02-04-07/567f8-2022-08-11-02-04-07.pdf/567f8-2022-08-11-02-04-07.pdf",
    "periodicity": "periodic"
  },
  {
    "equity_ticker": "USFD",
    "geography": "US",
    "content_name": "USFD Q1 2022 Transcript",
    "file_type": "pdf",
    "content_type": "earnings_transcript",
    "published_date": "2022-05-12",
    "fiscal_date": "2022-05-12",
    "fiscal_year": 2022,
    "fiscal_quarter": 1,
    "r2_url": "https://pub-2c783279b61043e19fbdadd1bee5153a.r2.dev/USFD/2022-05-12/US%20Foods%20Holding%20Corp._2022-05-12_transcript/US%20Foods%20Holding%20Corp._2022-05-12_transcript.pdf/US%20Foods%20Holding%20Corp._2022-05-12_transcript.pdf",
    "periodicity": "periodic"
  },
  {
    "equity_ticker": "USFD",
    "geography": "US",
    "content_name": "USFD Q1 2022 Press Release",
    "file_type": "pdf",
    "content_type": "quarterly_report",
    "published_date": "2022-05-12",
    "fiscal_date": "2022-05-12",
    "fiscal_year": 2022,
    "fiscal_quarter": 1,
    "r2_url": "https://pub-2c783279b61043e19fbdadd1bee5153a.r2.dev/USFD/2022-05-12/04ea7-2024-08-29-11-33-44/04ea7-2024-08-29-11-33-44.pdf/04ea7-2024-08-29-11-33-44.pdf",
    "periodicity": "periodic"
  },
  {
    "equity_ticker": "USFD",
    "geography": "US",
    "content_name": "USFD Q1 2022 Presentation",
    "file_type": "pdf",
    "content_type": "earnings_presentation",
    "published_date": "2022-05-12",
    "fiscal_date": "2022-05-12",
    "fiscal_year": 2022,
    "fiscal_quarter": 1,
    "r2_url": "https://pub-2c783279b61043e19fbdadd1bee5153a.r2.dev/USFD/2022-05-12/312ab-2022-05-12-09-12-48-migrated/312ab-2022-05-12-09-12-48-migrated.pdf/312ab-2022-05-12-09-12-48-migrated.pdf",
    "periodicity": "periodic"
  },
  {
    "equity_ticker": "USFD",
    "geography": "US",
    "content_name": "USFD Q4 2021 Transcript",
    "file_type": "pdf",
    "content_type": "earnings_transcript",
    "published_date": "2022-02-17",
    "fiscal_date": "2022-02-17",
    "fiscal_year": 2021,
    "fiscal_quarter": 4,
    "r2_url": "https://pub-2c783279b61043e19fbdadd1bee5153a.r2.dev/USFD/2022-02-17/US%20Foods%20Holding%20Corp._2022-02-17_transcript/US%20Foods%20Holding%20Corp._2022-02-17_transcript.pdf/US%20Foods%20Holding%20Corp._2022-02-17_transcript.pdf",
    "periodicity": "periodic"
  },
  {
    "equity_ticker": "USFD",
    "geography": "US",
    "content_name": "USFD Q4 2021 Press Release",
    "file_type": "pdf",
    "content_type": "earnings_press_release",
    "published_date": "2022-02-17",
    "fiscal_date": "2022-02-17",
    "fiscal_year": 2021,
    "fiscal_quarter": 4,
    "r2_url": "https://pub-2c783279b61043e19fbdadd1bee5153a.r2.dev/USFD/2022-02-17/84d5e-2025-04-08-09-03-21/84d5e-2025-04-08-09-03-21.pdf/84d5e-2025-04-08-09-03-21.pdf",
    "periodicity": "periodic"
  },
  {
    "equity_ticker": "USFD",
    "geography": "US",
    "content_name": "USFD Q4 2021 Presentation",
    "file_type": "pdf",
    "content_type": "earnings_presentation",
    "published_date": "2022-02-17",
    "fiscal_date": "2022-02-17",
    "fiscal_year": 2021,
    "fiscal_quarter": 4,
    "r2_url": "https://pub-2c783279b61043e19fbdadd1bee5153a.r2.dev/USFD/2022-02-17/40b0a-2022-02-17-03-55-51-migrated/40b0a-2022-02-17-03-55-51-migrated.pdf/40b0a-2022-02-17-03-55-51-migrated.pdf",
    "periodicity": "periodic"
  },
  {
    "equity_ticker": "USFD",
    "geography": "US",
    "content_name": "USFD Q3 2021 Transcript",
    "file_type": "pdf",
    "content_type": "earnings_transcript",
    "published_date": "2021-11-08",
    "fiscal_date": "2021-11-08",
    "fiscal_year": 2021,
    "fiscal_quarter": 3,
    "r2_url": "https://pub-2c783279b61043e19fbdadd1bee5153a.r2.dev/USFD/2021-11-08/US%20Foods%20Holding%20Corp._2021-11-08_transcript/US%20Foods%20Holding%20Corp._2021-11-08_transcript.pdf/US%20Foods%20Holding%20Corp._2021-11-08_transcript.pdf",
    "periodicity": "periodic"
  },
  {
    "equity_ticker": "USFD",
    "geography": "US",
    "content_name": "USFD Q3 2021 Press Release",
    "file_type": "pdf",
    "content_type": "quarterly_report",
    "published_date": "2021-11-08",
    "fiscal_date": "2021-11-08",
    "fiscal_year": 2021,
    "fiscal_quarter": 3,
    "r2_url": "https://pub-2c783279b61043e19fbdadd1bee5153a.r2.dev/USFD/2021-11-08/7159f-2024-08-29-11-49-44/7159f-2024-08-29-11-49-44.pdf/7159f-2024-08-29-11-49-44.pdf",
    "periodicity": "periodic"
  },
  {
    "equity_ticker": "USFD",
    "geography": "US",
    "content_name": "USFD Q2 2021 Transcript",
    "file_type": "pdf",
    "content_type": "earnings_transcript",
    "published_date": "2021-08-09",
    "fiscal_date": "2021-08-09",
    "fiscal_year": 2021,
    "fiscal_quarter": 2,
    "r2_url": "https://pub-2c783279b61043e19fbdadd1bee5153a.r2.dev/USFD/2021-08-09/US%20Foods%20Holding%20Corp._2021-08-09_transcript/US%20Foods%20Holding%20Corp._2021-08-09_transcript.pdf/US%20Foods%20Holding%20Corp._2021-08-09_transcript.pdf",
    "periodicity": "periodic"
  },
  {
    "equity_ticker": "USFD",
    "geography": "US",
    "content_name": "USFD Q2 2021 Press Release",
    "file_type": "pdf",
    "content_type": "earnings_press_release",
    "published_date": "2021-08-09",
    "fiscal_date": "2021-08-09",
    "fiscal_year": 2021,
    "fiscal_quarter": 2,
    "r2_url": "https://pub-2c783279b61043e19fbdadd1bee5153a.r2.dev/USFD/2021-08-09/d9c32-2023-07-12-01-03-20/d9c32-2023-07-12-01-03-20.pdf/d9c32-2023-07-12-01-03-20.pdf",
    "periodicity": "periodic"
  },
  {
    "equity_ticker": "USFD",
    "geography": "US",
    "content_name": "USFD Q1 2021 Transcript",
    "file_type": "pdf",
    "content_type": "earnings_transcript",
    "published_date": "2021-05-09",
    "fiscal_date": "2021-05-09",
    "fiscal_year": 2021,
    "fiscal_quarter": 1,
    "r2_url": "https://pub-2c783279b61043e19fbdadd1bee5153a.r2.dev/USFD/2021-05-09/US%20Foods%20Holding%20Corp._2021-05-09_transcript/US%20Foods%20Holding%20Corp._2021-05-09_transcript.pdf/US%20Foods%20Holding%20Corp._2021-05-09_transcript.pdf",
    "periodicity": "periodic"
  },
  {
    "equity_ticker": "USFD",
    "geography": "US",
    "content_name": "USFD Q1 2021 Press Release",
    "file_type": "pdf",
    "content_type": "earnings_press_release",
    "published_date": "2021-05-09",
    "fiscal_date": "2021-05-09",
    "fiscal_year": 2021,
    "fiscal_quarter": 1,
    "r2_url": "https://pub-2c783279b61043e19fbdadd1bee5153a.r2.dev/USFD/2021-05-09/20553-2023-01-25-10-43-04/20553-2023-01-25-10-43-04.pdf/20553-2023-01-25-10-43-04.pdf",
    "periodicity": "periodic"
  },
  {
    "equity_ticker": "USFD",
    "geography": "US",
    "content_name": "USFD Q1 2021 Presentation",
    "file_type": "pdf",
    "content_type": "earnings_presentation",
    "published_date": "2021-05-09",
    "fiscal_date": "2021-05-09",
    "fiscal_year": 2021,
    "fiscal_quarter": 1,
    "r2_url": "https://pub-2c783279b61043e19fbdadd1bee5153a.r2.dev/USFD/2021-05-09/df808-2021-05-09-11-00-15-migrated/df808-2021-05-09-11-00-15-migrated.pdf/df808-2021-05-09-11-00-15-migrated.pdf",
    "periodicity": "periodic"
  },
  {
    "equity_ticker": "USFD",
    "geography": "US",
    "content_name": "USFD Q4 2020 Transcript",
    "file_type": "pdf",
    "content_type": "earnings_transcript",
    "published_date": "2021-02-16",
    "fiscal_date": "2021-02-16",
    "fiscal_year": 2020,
    "fiscal_quarter": 4,
    "r2_url": "https://pub-2c783279b61043e19fbdadd1bee5153a.r2.dev/USFD/2021-02-16/US%20Foods%20Holding%20Corp._2021-02-16_transcript/US%20Foods%20Holding%20Corp._2021-02-16_transcript.pdf/US%20Foods%20Holding%20Corp._2021-02-16_transcript.pdf",
    "periodicity": "periodic"
  },
  {
    "equity_ticker": "USFD",
    "geography": "US",
    "content_name": "USFD Q4 2020 Press Release",
    "file_type": "pdf",
    "content_type": "annual_report",
    "published_date": "2021-02-16",
    "fiscal_date": "2021-02-16",
    "fiscal_year": 2020,
    "fiscal_quarter": 4,
    "r2_url": "https://pub-2c783279b61043e19fbdadd1bee5153a.r2.dev/USFD/2021-02-16/9e9ab-2023-09-05-04-10-46/9e9ab-2023-09-05-04-10-46.pdf/9e9ab-2023-09-05-04-10-46.pdf",
    "periodicity": "periodic"
  },
  {
    "equity_ticker": "USFD",
    "geography": "US",
    "content_name": "USFD Q3 2020 Transcript",
    "file_type": "pdf",
    "content_type": "earnings_transcript",
    "published_date": "2020-11-02",
    "fiscal_date": "2020-11-02",
    "fiscal_year": 2020,
    "fiscal_quarter": 3,
    "r2_url": "https://pub-2c783279b61043e19fbdadd1bee5153a.r2.dev/USFD/2020-11-02/US%20Foods%20Holding%20Corp._2020-11-02_transcript/US%20Foods%20Holding%20Corp._2020-11-02_transcript.pdf/US%20Foods%20Holding%20Corp._2020-11-02_transcript.pdf",
    "periodicity": "periodic"
  },
  {
    "equity_ticker": "USFD",
    "geography": "US",
    "content_name": "USFD Q2 2020 Transcript",
    "file_type": "pdf",
    "content_type": "earnings_transcript",
    "published_date": "2020-08-04",
    "fiscal_date": "2020-08-04",
    "fiscal_year": 2020,
    "fiscal_quarter": 2,
    "r2_url": "https://pub-2c783279b61043e19fbdadd1bee5153a.r2.dev/USFD/2020-08-04/US%20Foods%20Holding%20Corp._2020-08-04_transcript/US%20Foods%20Holding%20Corp._2020-08-04_transcript.pdf/US%20Foods%20Holding%20Corp._2020-08-04_transcript.pdf",
    "periodicity": "periodic"
  },
  {
    "equity_ticker": "USFD",
    "geography": "US",
    "content_name": "USFD Q1 2020 Transcript",
    "file_type": "pdf",
    "content_type": "earnings_transcript",
    "published_date": "2020-05-05",
    "fiscal_date": "2020-05-05",
    "fiscal_year": 2020,
    "fiscal_quarter": 1,
    "r2_url": "https://pub-2c783279b61043e19fbdadd1bee5153a.r2.dev/USFD/2020-05-05/US%20Foods%20Holding%20Corp._2020-05-05_transcript/US%20Foods%20Holding%20Corp._2020-05-05_transcript.pdf/US%20Foods%20Holding%20Corp._2020-05-05_transcript.pdf",
    "periodicity": "periodic"
  },
  {
    "equity_ticker": "USFD",
    "geography": "US",
    "content_name": "USFD Q4 2019 Transcript",
    "file_type": "pdf",
    "content_type": "earnings_transcript",
    "published_date": "2020-02-13",
    "fiscal_date": "2020-02-13",
    "fiscal_year": 2019,
    "fiscal_quarter": 4,
    "r2_url": "https://pub-2c783279b61043e19fbdadd1bee5153a.r2.dev/USFD/2020-02-13/US%20Foods%20Holding%20Corp._2020-02-13_transcript/US%20Foods%20Holding%20Corp._2020-02-13_transcript.pdf/US%20Foods%20Holding%20Corp._2020-02-13_transcript.pdf",
    "periodicity": "periodic"
  },
  {
    "equity_ticker": "USFD",
    "geography": "US",
    "content_name": "USFD Q4 2019 Press Release",
    "file_type": "pdf",
    "content_type": "annual_report",
    "published_date": "2020-02-13",
    "fiscal_date": "2020-02-13",
    "fiscal_year": 2019,
    "fiscal_quarter": 4,
    "r2_url": "https://pub-2c783279b61043e19fbdadd1bee5153a.r2.dev/USFD/2020-02-13/64f9e-2023-09-05-04-25-46/64f9e-2023-09-05-04-25-46.pdf/64f9e-2023-09-05-04-25-46.pdf",
    "periodicity": "periodic"
  },
  {
    "equity_ticker": "USFD",
    "geography": "US",
    "content_name": "USFD Q3 2019 Transcript",
    "file_type": "pdf",
    "content_type": "earnings_transcript",
    "published_date": "2019-11-05",
    "fiscal_date": "2019-11-05",
    "fiscal_year": 2019,
    "fiscal_quarter": 3,
    "r2_url": "https://pub-2c783279b61043e19fbdadd1bee5153a.r2.dev/USFD/2019-11-05/US%20Foods%20Holding%20Corp._2019-11-05_transcript/US%20Foods%20Holding%20Corp._2019-11-05_transcript.pdf/US%20Foods%20Holding%20Corp._2019-11-05_transcript.pdf",
    "periodicity": "periodic"
  },
  {
    "equity_ticker": "USFD",
    "geography": "US",
    "content_name": "USFD Q2 2019 Transcript",
    "file_type": "pdf",
    "content_type": "earnings_transcript",
    "published_date": "2019-08-06",
    "fiscal_date": "2019-08-06",
    "fiscal_year": 2019,
    "fiscal_quarter": 2,
    "r2_url": "https://pub-2c783279b61043e19fbdadd1bee5153a.r2.dev/USFD/2019-08-06/US%20Foods%20Holding%20Corp._2019-08-06_transcript/US%20Foods%20Holding%20Corp._2019-08-06_transcript.pdf/US%20Foods%20Holding%20Corp._2019-08-06_transcript.pdf",
    "periodicity": "periodic"
  },
  {
    "equity_ticker": "USFD",
    "geography": "US",
    "content_name": "USFD Q1 2019 Transcript",
    "file_type": "pdf",
    "content_type": "earnings_transcript",
    "published_date": "2019-05-07",
    "fiscal_date": "2019-05-07",
    "fiscal_year": 2019,
    "fiscal_quarter": 1,
    "r2_url": "https://pub-2c783279b61043e19fbdadd1bee5153a.r2.dev/USFD/2019-05-07/US%20Foods%20Holding%20Corp._2019-05-07_transcript/US%20Foods%20Holding%20Corp._2019-05-07_transcript.pdf/US%20Foods%20Holding%20Corp._2019-05-07_transcript.pdf",
    "periodicity": "periodic"
  },
  {
    "equity_ticker": "USFD",
    "geography": "US",
    "content_name": "USFD Q4 2018 Transcript",
    "file_type": "pdf",
    "content_type": "earnings_transcript",
    "published_date": "2019-02-14",
    "fiscal_date": "2019-02-14",
    "fiscal_year": 2018,
    "fiscal_quarter": 4,
    "r2_url": "https://pub-2c783279b61043e19fbdadd1bee5153a.r2.dev/USFD/2019-02-14/US%20Foods%20Holding%20Corp._2019-02-14_transcript/US%20Foods%20Holding%20Corp._2019-02-14_transcript.pdf/US%20Foods%20Holding%20Corp._2019-02-14_transcript.pdf",
    "periodicity": "periodic"
  },
  {
    "equity_ticker": "USFD",
    "geography": "US",
    "content_name": "USFD Q4 2018 Press Release",
    "file_type": "pdf",
    "content_type": "annual_report",
    "published_date": "2019-02-14",
    "fiscal_date": "2019-02-14",
    "fiscal_year": 2018,
    "fiscal_quarter": 4,
    "r2_url": "https://pub-2c783279b61043e19fbdadd1bee5153a.r2.dev/USFD/2019-02-14/33fdf-2023-09-05-04-43-46/33fdf-2023-09-05-04-43-46.pdf/33fdf-2023-09-05-04-43-46.pdf",
    "periodicity": "periodic"
  },
  {
    "equity_ticker": "USFD",
    "geography": "US",
    "content_name": "USFD Q3 2018 Transcript",
    "file_type": "pdf",
    "content_type": "earnings_transcript",
    "published_date": "2018-11-07",
    "fiscal_date": "2018-11-07",
    "fiscal_year": 2018,
    "fiscal_quarter": 3,
    "r2_url": "https://pub-2c783279b61043e19fbdadd1bee5153a.r2.dev/USFD/2018-11-07/US%20Foods%20Holding%20Corp._2018-11-07_transcript/US%20Foods%20Holding%20Corp._2018-11-07_transcript.pdf/US%20Foods%20Holding%20Corp._2018-11-07_transcript.pdf",
    "periodicity": "periodic"
  },
  {
    "equity_ticker": "USFD",
    "geography": "US",
    "content_name": "USFD Q2 2018 Transcript",
    "file_type": "pdf",
    "content_type": "earnings_transcript",
    "published_date": "2018-07-30",
    "fiscal_date": "2018-07-30",
    "fiscal_year": 2018,
    "fiscal_quarter": 2,
    "r2_url": "https://pub-2c783279b61043e19fbdadd1bee5153a.r2.dev/USFD/2018-07-30/US%20Foods%20Holding%20Corp._2018-07-30_transcript/US%20Foods%20Holding%20Corp._2018-07-30_transcript.pdf/US%20Foods%20Holding%20Corp._2018-07-30_transcript.pdf",
    "periodicity": "periodic"
  },
  {
    "equity_ticker": "USFD",
    "geography": "US",
    "content_name": "USFD Q1 2018 Transcript",
    "file_type": "pdf",
    "content_type": "earnings_transcript",
    "published_date": "2018-05-12",
    "fiscal_date": "2018-05-12",
    "fiscal_year": 2018,
    "fiscal_quarter": 1,
    "r2_url": "https://pub-2c783279b61043e19fbdadd1bee5153a.r2.dev/USFD/2018-05-12/US%20Foods%20Holding%20Corp._2018-05-12_transcript/US%20Foods%20Holding%20Corp._2018-05-12_transcript.pdf/US%20Foods%20Holding%20Corp._2018-05-12_transcript.pdf",
    "periodicity": "periodic"
  },
  {
    "equity_ticker": "USFD",
    "geography": "US",
    "content_name": "USFD Q4 2017 Transcript",
    "file_type": "pdf",
    "content_type": "earnings_transcript",
    "published_date": "2018-02-27",
    "fiscal_date": "2018-02-27",
    "fiscal_year": 2017,
    "fiscal_quarter": 4,
    "r2_url": "https://pub-2c783279b61043e19fbdadd1bee5153a.r2.dev/USFD/2018-02-27/US%20Foods%20Holding%20Corp._2018-02-27_transcript/US%20Foods%20Holding%20Corp._2018-02-27_transcript.pdf/US%20Foods%20Holding%20Corp._2018-02-27_transcript.pdf",
    "periodicity": "periodic"
  },
  {
    "equity_ticker": "USFD",
    "geography": "US",
    "content_name": "USFD Q4 2017 Press Release",
    "file_type": "pdf",
    "content_type": "annual_report",
    "published_date": "2018-02-27",
    "fiscal_date": "2018-02-27",
    "fiscal_year": 2017,
    "fiscal_quarter": 4,
    "r2_url": "https://pub-2c783279b61043e19fbdadd1bee5153a.r2.dev/USFD/2018-02-27/87770-2023-09-05-04-59-46/87770-2023-09-05-04-59-46.pdf/87770-2023-09-05-04-59-46.pdf",
    "periodicity": "periodic"
  },
  {
    "equity_ticker": "USFD",
    "geography": "US",
    "content_name": "USFD Q3 2017 Transcript",
    "file_type": "pdf",
    "content_type": "earnings_transcript",
    "published_date": "2017-11-11",
    "fiscal_date": "2017-11-11",
    "fiscal_year": 2017,
    "fiscal_quarter": 3,
    "r2_url": "https://pub-2c783279b61043e19fbdadd1bee5153a.r2.dev/USFD/2017-11-11/US%20Foods%20Holding%20Corp._2017-11-11_transcript/US%20Foods%20Holding%20Corp._2017-11-11_transcript.pdf/US%20Foods%20Holding%20Corp._2017-11-11_transcript.pdf",
    "periodicity": "periodic"
  },
  {
    "equity_ticker": "USFD",
    "geography": "US",
    "content_name": "USFD Q2 2017 Transcript",
    "file_type": "pdf",
    "content_type": "earnings_transcript",
    "published_date": "2017-08-11",
    "fiscal_date": "2017-08-11",
    "fiscal_year": 2017,
    "fiscal_quarter": 2,
    "r2_url": "https://pub-2c783279b61043e19fbdadd1bee5153a.r2.dev/USFD/2017-08-11/US%20Foods%20Holding%20Corp._2017-08-11_transcript/US%20Foods%20Holding%20Corp._2017-08-11_transcript.pdf/US%20Foods%20Holding%20Corp._2017-08-11_transcript.pdf",
    "periodicity": "periodic"
  },
  {
    "equity_ticker": "USFD",
    "geography": "US",
    "content_name": "USFD Q1 2017 Transcript",
    "file_type": "pdf",
    "content_type": "earnings_transcript",
    "published_date": "2017-05-13",
    "fiscal_date": "2017-05-13",
    "fiscal_year": 2017,
    "fiscal_quarter": 1,
    "r2_url": "https://pub-2c783279b61043e19fbdadd1bee5153a.r2.dev/USFD/2017-05-13/US%20Foods%20Holding%20Corp._2017-05-13_transcript/US%20Foods%20Holding%20Corp._2017-05-13_transcript.pdf/US%20Foods%20Holding%20Corp._2017-05-13_transcript.pdf",
    "periodicity": "periodic"
  },
  {
    "equity_ticker": "USFD",
    "geography": "US",
    "content_name": "USFD Q4 2016 Transcript",
    "file_type": "pdf",
    "content_type": "earnings_transcript",
    "published_date": "2017-02-28",
    "fiscal_date": "2017-02-28",
    "fiscal_year": 2016,
    "fiscal_quarter": 4,
    "r2_url": "https://pub-2c783279b61043e19fbdadd1bee5153a.r2.dev/USFD/2017-02-28/US%20Foods%20Holding%20Corp._2017-02-28_transcript/US%20Foods%20Holding%20Corp._2017-02-28_transcript.pdf/US%20Foods%20Holding%20Corp._2017-02-28_transcript.pdf",
    "periodicity": "periodic"
  },
  {
    "equity_ticker": "USFD",
    "geography": "US",
    "content_name": "USFD Q4 2016 Press Release",
    "file_type": "pdf",
    "content_type": "annual_report",
    "published_date": "2017-02-28",
    "fiscal_date": "2017-02-28",
    "fiscal_year": 2016,
    "fiscal_quarter": 4,
    "r2_url": "https://pub-2c783279b61043e19fbdadd1bee5153a.r2.dev/USFD/2017-02-28/9ecc7-2023-09-05-04-11-47/9ecc7-2023-09-05-04-11-47.pdf/9ecc7-2023-09-05-04-11-47.pdf",
    "periodicity": "periodic"
  },
  {
    "equity_ticker": "USFD",
    "geography": "US",
    "content_name": "USFD Q3 2016 Transcript",
    "file_type": "pdf",
    "content_type": "earnings_transcript",
    "published_date": "2015-11-24",
    "fiscal_date": "2015-11-24",
    "fiscal_year": 2016,
    "fiscal_quarter": 3,
    "r2_url": "https://pub-2c783279b61043e19fbdadd1bee5153a.r2.dev/USFD/2015-11-24/US%20Foods%20Holding%20Corp._2015-11-24_transcript/US%20Foods%20Holding%20Corp._2015-11-24_transcript.pdf/US%20Foods%20Holding%20Corp._2015-11-24_transcript.pdf",
    "periodicity": "periodic"
  },
  {
    "equity_ticker": "USFD",
    "geography": "US",
    "content_name": "USFD Q2 2016 Transcript",
    "file_type": "pdf",
    "content_type": "earnings_transcript",
    "published_date": "2015-08-20",
    "fiscal_date": "2015-08-20",
    "fiscal_year": 2016,
    "fiscal_quarter": 2,
    "r2_url": "https://pub-2c783279b61043e19fbdadd1bee5153a.r2.dev/USFD/2015-08-20/US%20Foods%20Holding%20Corp._2015-08-20_transcript/US%20Foods%20Holding%20Corp._2015-08-20_transcript.pdf/US%20Foods%20Holding%20Corp._2015-08-20_transcript.pdf",
    "periodicity": "periodic"
  },
  {
    "equity_ticker": "USFD",
    "geography": "US",
    "content_name": "USFD Q1 2016 Transcript",
    "file_type": "pdf",
    "content_type": "earnings_transcript",
    "published_date": "2015-05-28",
    "fiscal_date": "2015-05-28",
    "fiscal_year": 2016,
    "fiscal_quarter": 1,
    "r2_url": "https://pub-2c783279b61043e19fbdadd1bee5153a.r2.dev/USFD/2015-05-28/US%20Foods%20Holding%20Corp._2015-05-28_transcript/US%20Foods%20Holding%20Corp._2015-05-28_transcript.pdf/US%20Foods%20Holding%20Corp._2015-05-28_transcript.pdf",
    "periodicity": "periodic"
  }
]