[
  {
    "equity_ticker": "WBA",
    "geography": "US",
    "content_name": "WBA QNone None Press Release",
    "file_type": "pdf",
    "content_type": "earnings_press_release",
    "published_date": "2025-04-01",
    "fiscal_date": "2025-04-01",
    "fiscal_year": null,
    "fiscal_quarter": null,
    "r2_url": "https://pub-2c783279b61043e19fbdadd1bee5153a.r2.dev/WBA/2025-04-01/c9370-2025-04-08-11-18-19/c9370-2025-04-08-11-18-19.pdf/c9370-2025-04-08-11-18-19.pdf",
    "periodicity": "periodic"
  },
  {
    "equity_ticker": "WBA",
    "geography": "US",
    "content_name": "WBA Q1 2025 Transcript",
    "file_type": "pdf",
    "content_type": "earnings_transcript",
    "published_date": "2025-01-10",
    "fiscal_date": "2025-01-10",
    "fiscal_year": 2025,
    "fiscal_quarter": 1,
    "r2_url": "https://pub-2c783279b61043e19fbdadd1bee5153a.r2.dev/WBA/2025-01-10/Walgreens%20Boots%20Alliance%2C%20Inc._2025-01-10_transcript/Walgreens%20Boots%20Alliance%2C%20Inc._2025-01-10_transcript.pdf/Walgreens%20Boots%20Alliance%2C%20Inc._2025-01-10_transcript.pdf",
    "periodicity": "periodic"
  },
  {
    "equity_ticker": "WBA",
    "geography": "US",
    "content_name": "WBA Q1 2025 Press Release",
    "file_type": "pdf",
    "content_type": "earnings_press_release",
    "published_date": "2025-01-10",
    "fiscal_date": "2025-01-10",
    "fiscal_year": 2025,
    "fiscal_quarter": 1,
    "r2_url": "https://pub-2c783279b61043e19fbdadd1bee5153a.r2.dev/WBA/2025-01-10/c4f86-2025-01-10-12-13-03/c4f86-2025-01-10-12-13-03.pdf/c4f86-2025-01-10-12-13-03.pdf",
    "periodicity": "periodic"
  },
  {
    "equity_ticker": "WBA",
    "geography": "US",
    "content_name": "WBA Q1 2025 Presentation",
    "file_type": "pdf",
    "content_type": "earnings_presentation",
    "published_date": "2025-01-10",
    "fiscal_date": "2025-01-10",
    "fiscal_year": 2025,
    "fiscal_quarter": 1,
    "r2_url": "https://pub-2c783279b61043e19fbdadd1bee5153a.r2.dev/WBA/2025-01-10/eed86-2025-01-10-01-23-13/eed86-2025-01-10-01-23-13.pdf/eed86-2025-01-10-01-23-13.pdf",
    "periodicity": "periodic"
  },
  {
    "equity_ticker": "WBA",
    "geography": "US",
    "content_name": "WBA Q4 2024 Transcript",
    "file_type": "pdf",
    "content_type": "earnings_transcript",
    "published_date": "2024-10-15",
    "fiscal_date": "2024-10-15",
    "fiscal_year": 2024,
    "fiscal_quarter": 4,
    "r2_url": "https://pub-2c783279b61043e19fbdadd1bee5153a.r2.dev/WBA/2024-10-15/Walgreens%20Boots%20Alliance%2C%20Inc._2024-10-15_transcript/Walgreens%20Boots%20Alliance%2C%20Inc._2024-10-15_transcript.pdf/Walgreens%20Boots%20Alliance%2C%20Inc._2024-10-15_transcript.pdf",
    "periodicity": "periodic"
  },
  {
    "equity_ticker": "WBA",
    "geography": "US",
    "content_name": "WBA Q4 2024 Press Release",
    "file_type": "pdf",
    "content_type": "earnings_press_release",
    "published_date": "2024-10-15",
    "fiscal_date": "2024-10-15",
    "fiscal_year": 2024,
    "fiscal_quarter": 4,
    "r2_url": "https://pub-2c783279b61043e19fbdadd1bee5153a.r2.dev/WBA/2024-10-15/b2d0a-2024-10-15-11-01-04/b2d0a-2024-10-15-11-01-04.pdf/b2d0a-2024-10-15-11-01-04.pdf",
    "periodicity": "periodic"
  },
  {
    "equity_ticker": "WBA",
    "geography": "US",
    "content_name": "WBA Q4 2024 Presentation",
    "file_type": "pdf",
    "content_type": "earnings_presentation",
    "published_date": "2024-10-15",
    "fiscal_date": "2024-10-15",
    "fiscal_year": 2024,
    "fiscal_quarter": 4,
    "r2_url": "https://pub-2c783279b61043e19fbdadd1bee5153a.r2.dev/WBA/2024-10-15/10355-2024-10-15-12-08-07/10355-2024-10-15-12-08-07.pdf/10355-2024-10-15-12-08-07.pdf",
    "periodicity": "periodic"
  },
  {
    "equity_ticker": "WBA",
    "geography": "US",
    "content_name": "WBA Q3 2024 Transcript",
    "file_type": "pdf",
    "content_type": "earnings_transcript",
    "published_date": "2024-06-27",
    "fiscal_date": "2024-06-27",
    "fiscal_year": 2024,
    "fiscal_quarter": 3,
    "r2_url": "https://pub-2c783279b61043e19fbdadd1bee5153a.r2.dev/WBA/2024-06-27/Walgreens%20Boots%20Alliance%2C%20Inc._2024-06-27_transcript/Walgreens%20Boots%20Alliance%2C%20Inc._2024-06-27_transcript.pdf/Walgreens%20Boots%20Alliance%2C%20Inc._2024-06-27_transcript.pdf",
    "periodicity": "periodic"
  },
  {
    "equity_ticker": "WBA",
    "geography": "US",
    "content_name": "WBA Q3 2024 Press Release",
    "file_type": "pdf",
    "content_type": "earnings_press_release",
    "published_date": "2024-06-27",
    "fiscal_date": "2024-06-27",
    "fiscal_year": 2024,
    "fiscal_quarter": 3,
    "r2_url": "https://pub-2c783279b61043e19fbdadd1bee5153a.r2.dev/WBA/2024-06-27/b81e1-2024-06-27-11-22-07/b81e1-2024-06-27-11-22-07.pdf/b81e1-2024-06-27-11-22-07.pdf",
    "periodicity": "periodic"
  },
  {
    "equity_ticker": "WBA",
    "geography": "US",
    "content_name": "WBA Q3 2024 Presentation",
    "file_type": "pdf",
    "content_type": "earnings_presentation",
    "published_date": "2024-06-27",
    "fiscal_date": "2024-06-27",
    "fiscal_year": 2024,
    "fiscal_quarter": 3,
    "r2_url": "https://pub-2c783279b61043e19fbdadd1bee5153a.r2.dev/WBA/2024-06-27/2ded9-2024-06-27-11-08-14/2ded9-2024-06-27-11-08-14.pdf/2ded9-2024-06-27-11-08-14.pdf",
    "periodicity": "periodic"
  },
  {
    "equity_ticker": "WBA",
    "geography": "US",
    "content_name": "WBA Q2 2024 Transcript",
    "file_type": "pdf",
    "content_type": "earnings_transcript",
    "published_date": "2024-03-28",
    "fiscal_date": "2024-03-28",
    "fiscal_year": 2024,
    "fiscal_quarter": 2,
    "r2_url": "https://pub-2c783279b61043e19fbdadd1bee5153a.r2.dev/WBA/2024-03-28/Walgreens%20Boots%20Alliance%2C%20Inc._2024-03-28_transcript/Walgreens%20Boots%20Alliance%2C%20Inc._2024-03-28_transcript.pdf/Walgreens%20Boots%20Alliance%2C%20Inc._2024-03-28_transcript.pdf",
    "periodicity": "periodic"
  },
  {
    "equity_ticker": "WBA",
    "geography": "US",
    "content_name": "WBA Q2 2024 Press Release",
    "file_type": "pdf",
    "content_type": "earnings_press_release",
    "published_date": "2024-03-28",
    "fiscal_date": "2024-03-28",
    "fiscal_year": 2024,
    "fiscal_quarter": 2,
    "r2_url": "https://pub-2c783279b61043e19fbdadd1bee5153a.r2.dev/WBA/2024-03-28/75d0f-2024-03-28-11-23-02/75d0f-2024-03-28-11-23-02.pdf/75d0f-2024-03-28-11-23-02.pdf",
    "periodicity": "periodic"
  },
  {
    "equity_ticker": "WBA",
    "geography": "US",
    "content_name": "WBA Q2 2024 Presentation",
    "file_type": "pdf",
    "content_type": "earnings_presentation",
    "published_date": "2024-03-28",
    "fiscal_date": "2024-03-28",
    "fiscal_year": 2024,
    "fiscal_quarter": 2,
    "r2_url": "https://pub-2c783279b61043e19fbdadd1bee5153a.r2.dev/WBA/2024-03-28/8e00d-2025-01-11-07-12-16/8e00d-2025-01-11-07-12-16.pdf/8e00d-2025-01-11-07-12-16.pdf",
    "periodicity": "periodic"
  },
  {
    "equity_ticker": "WBA",
    "geography": "US",
    "content_name": "J.P. Morgan 42nd Annual Healthcare Conference 2024 - January 8, 2024",
    "file_type": "pdf",
    "content_type": "sellside_conference_transcript",
    "published_date": "2024-01-08",
    "fiscal_date": "2024-01-08",
    "fiscal_year": null,
    "fiscal_quarter": null,
    "r2_url": "https://pub-2c783279b61043e19fbdadd1bee5153a.r2.dev/WBA/2024-01-08/Walgreens%20Boots%20Alliance%2C%20Inc._2024-01-08_transcript/Walgreens%20Boots%20Alliance%2C%20Inc._2024-01-08_transcript.pdf/Walgreens%20Boots%20Alliance%2C%20Inc._2024-01-08_transcript.pdf",
    "periodicity": "non_periodic"
  },
  {
    "equity_ticker": "WBA",
    "geography": "US",
    "content_name": "WBA Q1 2024 Transcript",
    "file_type": "pdf",
    "content_type": "earnings_transcript",
    "published_date": "2024-01-04",
    "fiscal_date": "2024-01-04",
    "fiscal_year": 2024,
    "fiscal_quarter": 1,
    "r2_url": "https://pub-2c783279b61043e19fbdadd1bee5153a.r2.dev/WBA/2024-01-04/Walgreens%20Boots%20Alliance%2C%20Inc._2024-01-04_transcript/Walgreens%20Boots%20Alliance%2C%20Inc._2024-01-04_transcript.pdf/Walgreens%20Boots%20Alliance%2C%20Inc._2024-01-04_transcript.pdf",
    "periodicity": "periodic"
  },
  {
    "equity_ticker": "WBA",
    "geography": "US",
    "content_name": "WBA Q1 2024 Press Release",
    "file_type": "pdf",
    "content_type": "earnings_press_release",
    "published_date": "2024-01-04",
    "fiscal_date": "2024-01-04",
    "fiscal_year": 2024,
    "fiscal_quarter": 1,
    "r2_url": "https://pub-2c783279b61043e19fbdadd1bee5153a.r2.dev/WBA/2024-01-04/92eae-2024-01-04-12-02-04/92eae-2024-01-04-12-02-04.pdf/92eae-2024-01-04-12-02-04.pdf",
    "periodicity": "periodic"
  },
  {
    "equity_ticker": "WBA",
    "geography": "US",
    "content_name": "WBA Q1 2024 Presentation",
    "file_type": "pdf",
    "content_type": "earnings_presentation",
    "published_date": "2024-01-04",
    "fiscal_date": "2024-01-04",
    "fiscal_year": 2024,
    "fiscal_quarter": 1,
    "r2_url": "https://pub-2c783279b61043e19fbdadd1bee5153a.r2.dev/WBA/2024-01-04/292a0-2024-01-04-01-33-52/292a0-2024-01-04-01-33-52.pdf/292a0-2024-01-04-01-33-52.pdf",
    "periodicity": "periodic"
  },
  {
    "equity_ticker": "WBA",
    "geography": "US",
    "content_name": "WBA Q4 2023 Transcript",
    "file_type": "pdf",
    "content_type": "earnings_transcript",
    "published_date": "2023-10-12",
    "fiscal_date": "2023-10-12",
    "fiscal_year": 2023,
    "fiscal_quarter": 4,
    "r2_url": "https://pub-2c783279b61043e19fbdadd1bee5153a.r2.dev/WBA/2023-10-12/Walgreens%20Boots%20Alliance%2C%20Inc._2023-10-12_transcript/Walgreens%20Boots%20Alliance%2C%20Inc._2023-10-12_transcript.pdf/Walgreens%20Boots%20Alliance%2C%20Inc._2023-10-12_transcript.pdf",
    "periodicity": "periodic"
  },
  {
    "equity_ticker": "WBA",
    "geography": "US",
    "content_name": "WBA Q4 2023 Press Release",
    "file_type": "pdf",
    "content_type": "earnings_press_release",
    "published_date": "2023-10-12",
    "fiscal_date": "2023-10-12",
    "fiscal_year": 2023,
    "fiscal_quarter": 4,
    "r2_url": "https://pub-2c783279b61043e19fbdadd1bee5153a.r2.dev/WBA/2023-10-12/40da0-2023-10-12-11-45-01/40da0-2023-10-12-11-45-01.pdf/40da0-2023-10-12-11-45-01.pdf",
    "periodicity": "periodic"
  },
  {
    "equity_ticker": "WBA",
    "geography": "US",
    "content_name": "WBA Q4 2023 Presentation",
    "file_type": "pdf",
    "content_type": "earnings_presentation",
    "published_date": "2023-10-12",
    "fiscal_date": "2023-10-12",
    "fiscal_year": 2023,
    "fiscal_quarter": 4,
    "r2_url": "https://pub-2c783279b61043e19fbdadd1bee5153a.r2.dev/WBA/2023-10-12/fd847-2023-10-12-12-20-46/fd847-2023-10-12-12-20-46.pdf/fd847-2023-10-12-12-20-46.pdf",
    "periodicity": "periodic"
  },
  {
    "equity_ticker": "WBA",
    "geography": "US",
    "content_name": "WBA Q3 2023 Transcript",
    "file_type": "pdf",
    "content_type": "earnings_transcript",
    "published_date": "2023-06-27",
    "fiscal_date": "2023-06-27",
    "fiscal_year": 2023,
    "fiscal_quarter": 3,
    "r2_url": "https://pub-2c783279b61043e19fbdadd1bee5153a.r2.dev/WBA/2023-06-27/Walgreens%20Boots%20Alliance%2C%20Inc._2023-06-27_transcript/Walgreens%20Boots%20Alliance%2C%20Inc._2023-06-27_transcript.pdf/Walgreens%20Boots%20Alliance%2C%20Inc._2023-06-27_transcript.pdf",
    "periodicity": "periodic"
  },
  {
    "equity_ticker": "WBA",
    "geography": "US",
    "content_name": "WBA Q3 2023 Press Release",
    "file_type": "pdf",
    "content_type": "earnings_press_release",
    "published_date": "2023-06-27",
    "fiscal_date": "2023-06-27",
    "fiscal_year": 2023,
    "fiscal_quarter": 3,
    "r2_url": "https://pub-2c783279b61043e19fbdadd1bee5153a.r2.dev/WBA/2023-06-27/7a471-2023-06-27-11-35-03/7a471-2023-06-27-11-35-03.pdf/7a471-2023-06-27-11-35-03.pdf",
    "periodicity": "periodic"
  },
  {
    "equity_ticker": "WBA",
    "geography": "US",
    "content_name": "WBA Q3 2023 Presentation",
    "file_type": "pdf",
    "content_type": "earnings_presentation",
    "published_date": "2023-06-27",
    "fiscal_date": "2023-06-27",
    "fiscal_year": 2023,
    "fiscal_quarter": 3,
    "r2_url": "https://pub-2c783279b61043e19fbdadd1bee5153a.r2.dev/WBA/2023-06-27/d5ed3-2023-06-27-01-00-01/d5ed3-2023-06-27-01-00-01.pdf/d5ed3-2023-06-27-01-00-01.pdf",
    "periodicity": "periodic"
  },
  {
    "equity_ticker": "WBA",
    "geography": "US",
    "content_name": "WBA Q2 2023 Transcript",
    "file_type": "pdf",
    "content_type": "earnings_transcript",
    "published_date": "2023-03-28",
    "fiscal_date": "2023-03-28",
    "fiscal_year": 2023,
    "fiscal_quarter": 2,
    "r2_url": "https://pub-2c783279b61043e19fbdadd1bee5153a.r2.dev/WBA/2023-03-28/Walgreens%20Boots%20Alliance%2C%20Inc._2023-03-28_transcript/Walgreens%20Boots%20Alliance%2C%20Inc._2023-03-28_transcript.pdf/Walgreens%20Boots%20Alliance%2C%20Inc._2023-03-28_transcript.pdf",
    "periodicity": "periodic"
  },
  {
    "equity_ticker": "WBA",
    "geography": "US",
    "content_name": "WBA Q2 2023 Press Release",
    "file_type": "pdf",
    "content_type": "earnings_press_release",
    "published_date": "2023-03-28",
    "fiscal_date": "2023-03-28",
    "fiscal_year": 2023,
    "fiscal_quarter": 2,
    "r2_url": "https://pub-2c783279b61043e19fbdadd1bee5153a.r2.dev/WBA/2023-03-28/3c1f2-2023-03-28-11-39-06/3c1f2-2023-03-28-11-39-06.pdf/3c1f2-2023-03-28-11-39-06.pdf",
    "periodicity": "periodic"
  },
  {
    "equity_ticker": "WBA",
    "geography": "US",
    "content_name": "WBA Q2 2023 Presentation",
    "file_type": "pdf",
    "content_type": "earnings_presentation",
    "published_date": "2023-03-28",
    "fiscal_date": "2023-03-28",
    "fiscal_year": 2023,
    "fiscal_quarter": 2,
    "r2_url": "https://pub-2c783279b61043e19fbdadd1bee5153a.r2.dev/WBA/2023-03-28/40a8d-2023-03-28-05-52-05/40a8d-2023-03-28-05-52-05.pdf/40a8d-2023-03-28-05-52-05.pdf",
    "periodicity": "periodic"
  },
  {
    "equity_ticker": "WBA",
    "geography": "US",
    "content_name": "JPMorgan Healthcare Conference - January 10, 2023",
    "file_type": "pdf",
    "content_type": "sellside_conference_transcript",
    "published_date": "2023-01-10",
    "fiscal_date": "2023-01-10",
    "fiscal_year": null,
    "fiscal_quarter": null,
    "r2_url": "https://pub-2c783279b61043e19fbdadd1bee5153a.r2.dev/WBA/2023-01-10/Walgreens%20Boots%20Alliance%2C%20Inc._2023-01-10_transcript/Walgreens%20Boots%20Alliance%2C%20Inc._2023-01-10_transcript.pdf/Walgreens%20Boots%20Alliance%2C%20Inc._2023-01-10_transcript.pdf",
    "periodicity": "non_periodic"
  },
  {
    "equity_ticker": "WBA",
    "geography": "US",
    "content_name": "JPMorgan Healthcare Conference - January 10, 2023",
    "file_type": "pdf",
    "content_type": "sellside_conference_presentation",
    "published_date": "2023-01-10",
    "fiscal_date": "2023-01-10",
    "fiscal_year": null,
    "fiscal_quarter": null,
    "r2_url": "https://pub-2c783279b61043e19fbdadd1bee5153a.r2.dev/WBA/2023-01-10/f3dec-2023-01-26-09-20-35/f3dec-2023-01-26-09-20-35.pdf/f3dec-2023-01-26-09-20-35.pdf",
    "periodicity": "non_periodic"
  },
  {
    "equity_ticker": "WBA",
    "geography": "US",
    "content_name": "WBA Q1 2023 Transcript",
    "file_type": "pdf",
    "content_type": "earnings_transcript",
    "published_date": "2023-01-05",
    "fiscal_date": "2023-01-05",
    "fiscal_year": 2023,
    "fiscal_quarter": 1,
    "r2_url": "https://pub-2c783279b61043e19fbdadd1bee5153a.r2.dev/WBA/2023-01-05/Walgreens%20Boots%20Alliance%2C%20Inc._2023-01-05_transcript/Walgreens%20Boots%20Alliance%2C%20Inc._2023-01-05_transcript.pdf/Walgreens%20Boots%20Alliance%2C%20Inc._2023-01-05_transcript.pdf",
    "periodicity": "periodic"
  },
  {
    "equity_ticker": "WBA",
    "geography": "US",
    "content_name": "WBA Q1 2023 Press Release",
    "file_type": "pdf",
    "content_type": "quarterly_report",
    "published_date": "2023-01-05",
    "fiscal_date": "2023-01-05",
    "fiscal_year": 2023,
    "fiscal_quarter": 1,
    "r2_url": "https://pub-2c783279b61043e19fbdadd1bee5153a.r2.dev/WBA/2023-01-05/d2a38-2024-08-30-06-50-05/d2a38-2024-08-30-06-50-05.pdf/d2a38-2024-08-30-06-50-05.pdf",
    "periodicity": "periodic"
  },
  {
    "equity_ticker": "WBA",
    "geography": "US",
    "content_name": "WBA Q1 2023 Presentation",
    "file_type": "pdf",
    "content_type": "earnings_presentation",
    "published_date": "2023-01-05",
    "fiscal_date": "2023-01-05",
    "fiscal_year": 2023,
    "fiscal_quarter": 1,
    "r2_url": "https://pub-2c783279b61043e19fbdadd1bee5153a.r2.dev/WBA/2023-01-05/30820-2023-02-25-01-47-40/30820-2023-02-25-01-47-40.pdf/30820-2023-02-25-01-47-40.pdf",
    "periodicity": "periodic"
  },
  {
    "equity_ticker": "WBA",
    "geography": "US",
    "content_name": "WBA Q4 2022 Transcript",
    "file_type": "pdf",
    "content_type": "earnings_transcript",
    "published_date": "2022-10-13",
    "fiscal_date": "2022-10-13",
    "fiscal_year": 2022,
    "fiscal_quarter": 4,
    "r2_url": "https://pub-2c783279b61043e19fbdadd1bee5153a.r2.dev/WBA/2022-10-13/Walgreens%20Boots%20Alliance%2C%20Inc._2022-10-13_transcript/Walgreens%20Boots%20Alliance%2C%20Inc._2022-10-13_transcript.pdf/Walgreens%20Boots%20Alliance%2C%20Inc._2022-10-13_transcript.pdf",
    "periodicity": "periodic"
  },
  {
    "equity_ticker": "WBA",
    "geography": "US",
    "content_name": "WBA Q4 2022 Press Release",
    "file_type": "pdf",
    "content_type": "earnings_press_release",
    "published_date": "2022-10-13",
    "fiscal_date": "2022-10-13",
    "fiscal_year": 2022,
    "fiscal_quarter": 4,
    "r2_url": "https://pub-2c783279b61043e19fbdadd1bee5153a.r2.dev/WBA/2022-10-13/622d3-2022-10-13-11-00-09/622d3-2022-10-13-11-00-09.pdf/622d3-2022-10-13-11-00-09.pdf",
    "periodicity": "periodic"
  },
  {
    "equity_ticker": "WBA",
    "geography": "US",
    "content_name": "WBA Q4 2022 Presentation",
    "file_type": "pdf",
    "content_type": "earnings_presentation",
    "published_date": "2022-10-13",
    "fiscal_date": "2022-10-13",
    "fiscal_year": 2022,
    "fiscal_quarter": 4,
    "r2_url": "https://pub-2c783279b61043e19fbdadd1bee5153a.r2.dev/WBA/2022-10-13/99535-2022-10-13-01-51-42/99535-2022-10-13-01-51-42.pdf/99535-2022-10-13-01-51-42.pdf",
    "periodicity": "periodic"
  },
  {
    "equity_ticker": "WBA",
    "geography": "US",
    "content_name": "WBA Q3 2022 Transcript",
    "file_type": "pdf",
    "content_type": "earnings_transcript",
    "published_date": "2022-06-30",
    "fiscal_date": "2022-06-30",
    "fiscal_year": 2022,
    "fiscal_quarter": 3,
    "r2_url": "https://pub-2c783279b61043e19fbdadd1bee5153a.r2.dev/WBA/2022-06-30/Walgreens%20Boots%20Alliance%2C%20Inc._2022-06-30_transcript/Walgreens%20Boots%20Alliance%2C%20Inc._2022-06-30_transcript.pdf/Walgreens%20Boots%20Alliance%2C%20Inc._2022-06-30_transcript.pdf",
    "periodicity": "periodic"
  },
  {
    "equity_ticker": "WBA",
    "geography": "US",
    "content_name": "WBA Q3 2022 Press Release",
    "file_type": "pdf",
    "content_type": "earnings_press_release",
    "published_date": "2022-06-30",
    "fiscal_date": "2022-06-30",
    "fiscal_year": 2022,
    "fiscal_quarter": 3,
    "r2_url": "https://pub-2c783279b61043e19fbdadd1bee5153a.r2.dev/WBA/2022-06-30/a362f-2022-06-30-11-19-57/a362f-2022-06-30-11-19-57.pdf/a362f-2022-06-30-11-19-57.pdf",
    "periodicity": "periodic"
  },
  {
    "equity_ticker": "WBA",
    "geography": "US",
    "content_name": "WBA Q3 2022 Presentation",
    "file_type": "pdf",
    "content_type": "earnings_presentation",
    "published_date": "2022-06-30",
    "fiscal_date": "2022-06-30",
    "fiscal_year": 2022,
    "fiscal_quarter": 3,
    "r2_url": "https://pub-2c783279b61043e19fbdadd1bee5153a.r2.dev/WBA/2022-06-30/78560-2022-10-23-01-51-34/78560-2022-10-23-01-51-34.pdf/78560-2022-10-23-01-51-34.pdf",
    "periodicity": "periodic"
  },
  {
    "equity_ticker": "WBA",
    "geography": "US",
    "content_name": "WBA Q2 2022 Transcript",
    "file_type": "pdf",
    "content_type": "earnings_transcript",
    "published_date": "2022-03-31",
    "fiscal_date": "2022-03-31",
    "fiscal_year": 2022,
    "fiscal_quarter": 2,
    "r2_url": "https://pub-2c783279b61043e19fbdadd1bee5153a.r2.dev/WBA/2022-03-31/Walgreens%20Boots%20Alliance%2C%20Inc._2022-03-31_transcript/Walgreens%20Boots%20Alliance%2C%20Inc._2022-03-31_transcript.pdf/Walgreens%20Boots%20Alliance%2C%20Inc._2022-03-31_transcript.pdf",
    "periodicity": "periodic"
  },
  {
    "equity_ticker": "WBA",
    "geography": "US",
    "content_name": "WBA Q2 2022 Press Release",
    "file_type": "pdf",
    "content_type": "earnings_press_release",
    "published_date": "2022-03-31",
    "fiscal_date": "2022-03-31",
    "fiscal_year": 2022,
    "fiscal_quarter": 2,
    "r2_url": "https://pub-2c783279b61043e19fbdadd1bee5153a.r2.dev/WBA/2022-03-31/0207b-2023-01-25-12-06-54/0207b-2023-01-25-12-06-54.pdf/0207b-2023-01-25-12-06-54.pdf",
    "periodicity": "periodic"
  },
  {
    "equity_ticker": "WBA",
    "geography": "US",
    "content_name": "WBA Q2 2022 Presentation",
    "file_type": "pdf",
    "content_type": "earnings_presentation",
    "published_date": "2022-03-31",
    "fiscal_date": "2022-03-31",
    "fiscal_year": 2022,
    "fiscal_quarter": 2,
    "r2_url": "https://pub-2c783279b61043e19fbdadd1bee5153a.r2.dev/WBA/2022-03-31/1bed5-2022-03-31-11-01-04-migrated/1bed5-2022-03-31-11-01-04-migrated.pdf/1bed5-2022-03-31-11-01-04-migrated.pdf",
    "periodicity": "periodic"
  },
  {
    "equity_ticker": "WBA",
    "geography": "US",
    "content_name": "WBA Q1 2022 Transcript",
    "file_type": "pdf",
    "content_type": "earnings_transcript",
    "published_date": "2022-01-06",
    "fiscal_date": "2022-01-06",
    "fiscal_year": 2022,
    "fiscal_quarter": 1,
    "r2_url": "https://pub-2c783279b61043e19fbdadd1bee5153a.r2.dev/WBA/2022-01-06/Walgreens%20Boots%20Alliance%2C%20Inc._2022-01-06_transcript/Walgreens%20Boots%20Alliance%2C%20Inc._2022-01-06_transcript.pdf/Walgreens%20Boots%20Alliance%2C%20Inc._2022-01-06_transcript.pdf",
    "periodicity": "periodic"
  },
  {
    "equity_ticker": "WBA",
    "geography": "US",
    "content_name": "WBA Q1 2022 Press Release",
    "file_type": "pdf",
    "content_type": "earnings_press_release",
    "published_date": "2022-01-06",
    "fiscal_date": "2022-01-06",
    "fiscal_year": 2022,
    "fiscal_quarter": 1,
    "r2_url": "https://pub-2c783279b61043e19fbdadd1bee5153a.r2.dev/WBA/2022-01-06/415fc-2023-01-25-12-09-10/415fc-2023-01-25-12-09-10.pdf/415fc-2023-01-25-12-09-10.pdf",
    "periodicity": "periodic"
  },
  {
    "equity_ticker": "WBA",
    "geography": "US",
    "content_name": "WBA Q1 2022 Presentation",
    "file_type": "pdf",
    "content_type": "earnings_presentation",
    "published_date": "2022-01-06",
    "fiscal_date": "2022-01-06",
    "fiscal_year": 2022,
    "fiscal_quarter": 1,
    "r2_url": "https://pub-2c783279b61043e19fbdadd1bee5153a.r2.dev/WBA/2022-01-06/8465a-2022-01-06-12-00-00-migrated/8465a-2022-01-06-12-00-00-migrated.pdf/8465a-2022-01-06-12-00-00-migrated.pdf",
    "periodicity": "periodic"
  },
  {
    "equity_ticker": "WBA",
    "geography": "US",
    "content_name": "WBA Q4 2021 Transcript",
    "file_type": "pdf",
    "content_type": "earnings_transcript",
    "published_date": "2021-10-14",
    "fiscal_date": "2021-10-14",
    "fiscal_year": 2021,
    "fiscal_quarter": 4,
    "r2_url": "https://pub-2c783279b61043e19fbdadd1bee5153a.r2.dev/WBA/2021-10-14/Walgreens%20Boots%20Alliance%2C%20Inc._2021-10-14_transcript/Walgreens%20Boots%20Alliance%2C%20Inc._2021-10-14_transcript.pdf/Walgreens%20Boots%20Alliance%2C%20Inc._2021-10-14_transcript.pdf",
    "periodicity": "periodic"
  },
  {
    "equity_ticker": "WBA",
    "geography": "US",
    "content_name": "WBA Q4 2021 Press Release",
    "file_type": "pdf",
    "content_type": "earnings_press_release",
    "published_date": "2021-10-14",
    "fiscal_date": "2021-10-14",
    "fiscal_year": 2021,
    "fiscal_quarter": 4,
    "r2_url": "https://pub-2c783279b61043e19fbdadd1bee5153a.r2.dev/WBA/2021-10-14/cc9b1-2023-01-25-09-30-50/cc9b1-2023-01-25-09-30-50.pdf/cc9b1-2023-01-25-09-30-50.pdf",
    "periodicity": "periodic"
  },
  {
    "equity_ticker": "WBA",
    "geography": "US",
    "content_name": "WBA Q3 2021 Transcript",
    "file_type": "pdf",
    "content_type": "earnings_transcript",
    "published_date": "2021-07-01",
    "fiscal_date": "2021-07-01",
    "fiscal_year": 2021,
    "fiscal_quarter": 3,
    "r2_url": "https://pub-2c783279b61043e19fbdadd1bee5153a.r2.dev/WBA/2021-07-01/Walgreens%20Boots%20Alliance%2C%20Inc._2021-07-01_transcript/Walgreens%20Boots%20Alliance%2C%20Inc._2021-07-01_transcript.pdf/Walgreens%20Boots%20Alliance%2C%20Inc._2021-07-01_transcript.pdf",
    "periodicity": "periodic"
  },
  {
    "equity_ticker": "WBA",
    "geography": "US",
    "content_name": "WBA Q3 2021 Press Release",
    "file_type": "pdf",
    "content_type": "earnings_press_release",
    "published_date": "2021-07-01",
    "fiscal_date": "2021-07-01",
    "fiscal_year": 2021,
    "fiscal_quarter": 3,
    "r2_url": "https://pub-2c783279b61043e19fbdadd1bee5153a.r2.dev/WBA/2021-07-01/2b1de-2023-01-25-10-12-09/2b1de-2023-01-25-10-12-09.pdf/2b1de-2023-01-25-10-12-09.pdf",
    "periodicity": "periodic"
  },
  {
    "equity_ticker": "WBA",
    "geography": "US",
    "content_name": "WBA Q2 2021 Transcript",
    "file_type": "pdf",
    "content_type": "earnings_transcript",
    "published_date": "2021-03-31",
    "fiscal_date": "2021-03-31",
    "fiscal_year": 2021,
    "fiscal_quarter": 2,
    "r2_url": "https://pub-2c783279b61043e19fbdadd1bee5153a.r2.dev/WBA/2021-03-31/Walgreens%20Boots%20Alliance%2C%20Inc._2021-03-31_transcript/Walgreens%20Boots%20Alliance%2C%20Inc._2021-03-31_transcript.pdf/Walgreens%20Boots%20Alliance%2C%20Inc._2021-03-31_transcript.pdf",
    "periodicity": "periodic"
  },
  {
    "equity_ticker": "WBA",
    "geography": "US",
    "content_name": "WBA Q2 2021 Press Release",
    "file_type": "pdf",
    "content_type": "quarterly_report",
    "published_date": "2021-03-31",
    "fiscal_date": "2021-03-31",
    "fiscal_year": 2021,
    "fiscal_quarter": 2,
    "r2_url": "https://pub-2c783279b61043e19fbdadd1bee5153a.r2.dev/WBA/2021-03-31/03015-2024-08-30-06-20-06/03015-2024-08-30-06-20-06.pdf/03015-2024-08-30-06-20-06.pdf",
    "periodicity": "periodic"
  },
  {
    "equity_ticker": "WBA",
    "geography": "US",
    "content_name": "WBA Q2 2021 Presentation",
    "file_type": "pdf",
    "content_type": "earnings_presentation",
    "published_date": "2021-03-31",
    "fiscal_date": "2021-03-31",
    "fiscal_year": 2021,
    "fiscal_quarter": 2,
    "r2_url": "https://pub-2c783279b61043e19fbdadd1bee5153a.r2.dev/WBA/2021-03-31/6ff23-2021-03-31-08-00-30-migrated/6ff23-2021-03-31-08-00-30-migrated.pdf/6ff23-2021-03-31-08-00-30-migrated.pdf",
    "periodicity": "periodic"
  },
  {
    "equity_ticker": "WBA",
    "geography": "US",
    "content_name": "WBA Q1 2021 Transcript",
    "file_type": "pdf",
    "content_type": "earnings_transcript",
    "published_date": "2021-01-07",
    "fiscal_date": "2021-01-07",
    "fiscal_year": 2021,
    "fiscal_quarter": 1,
    "r2_url": "https://pub-2c783279b61043e19fbdadd1bee5153a.r2.dev/WBA/2021-01-07/Walgreens%20Boots%20Alliance%2C%20Inc._2021-01-07_transcript/Walgreens%20Boots%20Alliance%2C%20Inc._2021-01-07_transcript.pdf/Walgreens%20Boots%20Alliance%2C%20Inc._2021-01-07_transcript.pdf",
    "periodicity": "periodic"
  },
  {
    "equity_ticker": "WBA",
    "geography": "US",
    "content_name": "WBA Q1 2021 Press Release",
    "file_type": "pdf",
    "content_type": "earnings_press_release",
    "published_date": "2021-01-07",
    "fiscal_date": "2021-01-07",
    "fiscal_year": 2021,
    "fiscal_quarter": 1,
    "r2_url": "https://pub-2c783279b61043e19fbdadd1bee5153a.r2.dev/WBA/2021-01-07/617d1-2022-10-05-07-18-09/617d1-2022-10-05-07-18-09.pdf/617d1-2022-10-05-07-18-09.pdf",
    "periodicity": "periodic"
  },
  {
    "equity_ticker": "WBA",
    "geography": "US",
    "content_name": "WBA Q1 2021 Presentation",
    "file_type": "pdf",
    "content_type": "earnings_presentation",
    "published_date": "2021-01-07",
    "fiscal_date": "2021-01-07",
    "fiscal_year": 2021,
    "fiscal_quarter": 1,
    "r2_url": "https://pub-2c783279b61043e19fbdadd1bee5153a.r2.dev/WBA/2021-01-07/bf50b-2022-10-05-07-18-09/bf50b-2022-10-05-07-18-09.pdf/bf50b-2022-10-05-07-18-09.pdf",
    "periodicity": "periodic"
  },
  {
    "equity_ticker": "WBA",
    "geography": "US",
    "content_name": "WBA Q4 2020 Transcript",
    "file_type": "pdf",
    "content_type": "earnings_transcript",
    "published_date": "2020-10-15",
    "fiscal_date": "2020-10-15",
    "fiscal_year": 2020,
    "fiscal_quarter": 4,
    "r2_url": "https://pub-2c783279b61043e19fbdadd1bee5153a.r2.dev/WBA/2020-10-15/Walgreens%20Boots%20Alliance%2C%20Inc._2020-10-15_transcript/Walgreens%20Boots%20Alliance%2C%20Inc._2020-10-15_transcript.pdf/Walgreens%20Boots%20Alliance%2C%20Inc._2020-10-15_transcript.pdf",
    "periodicity": "periodic"
  },
  {
    "equity_ticker": "WBA",
    "geography": "US",
    "content_name": "WBA Q4 2020 Press Release",
    "file_type": "pdf",
    "content_type": "earnings_press_release",
    "published_date": "2020-10-15",
    "fiscal_date": "2020-10-15",
    "fiscal_year": 2020,
    "fiscal_quarter": 4,
    "r2_url": "https://pub-2c783279b61043e19fbdadd1bee5153a.r2.dev/WBA/2020-10-15/310b7-2022-10-05-07-02-41/310b7-2022-10-05-07-02-41.pdf/310b7-2022-10-05-07-02-41.pdf",
    "periodicity": "periodic"
  },
  {
    "equity_ticker": "WBA",
    "geography": "US",
    "content_name": "WBA Q4 2020 Presentation",
    "file_type": "pdf",
    "content_type": "earnings_presentation",
    "published_date": "2020-10-15",
    "fiscal_date": "2020-10-15",
    "fiscal_year": 2020,
    "fiscal_quarter": 4,
    "r2_url": "https://pub-2c783279b61043e19fbdadd1bee5153a.r2.dev/WBA/2020-10-15/01a24-2022-10-05-07-02-41/01a24-2022-10-05-07-02-41.pdf/01a24-2022-10-05-07-02-41.pdf",
    "periodicity": "periodic"
  },
  {
    "equity_ticker": "WBA",
    "geography": "US",
    "content_name": "WBA Q3 2020 Transcript",
    "file_type": "pdf",
    "content_type": "earnings_transcript",
    "published_date": "2020-07-09",
    "fiscal_date": "2020-07-09",
    "fiscal_year": 2020,
    "fiscal_quarter": 3,
    "r2_url": "https://pub-2c783279b61043e19fbdadd1bee5153a.r2.dev/WBA/2020-07-09/Walgreens%20Boots%20Alliance%2C%20Inc._2020-07-09_transcript/Walgreens%20Boots%20Alliance%2C%20Inc._2020-07-09_transcript.pdf/Walgreens%20Boots%20Alliance%2C%20Inc._2020-07-09_transcript.pdf",
    "periodicity": "periodic"
  },
  {
    "equity_ticker": "WBA",
    "geography": "US",
    "content_name": "WBA Q3 2020 Press Release",
    "file_type": "pdf",
    "content_type": "earnings_press_release",
    "published_date": "2020-07-09",
    "fiscal_date": "2020-07-09",
    "fiscal_year": 2020,
    "fiscal_quarter": 3,
    "r2_url": "https://pub-2c783279b61043e19fbdadd1bee5153a.r2.dev/WBA/2020-07-09/8f243-2022-10-05-07-55-48/8f243-2022-10-05-07-55-48.pdf/8f243-2022-10-05-07-55-48.pdf",
    "periodicity": "periodic"
  },
  {
    "equity_ticker": "WBA",
    "geography": "US",
    "content_name": "WBA Q3 2020 Presentation",
    "file_type": "pdf",
    "content_type": "earnings_presentation",
    "published_date": "2020-07-09",
    "fiscal_date": "2020-07-09",
    "fiscal_year": 2020,
    "fiscal_quarter": 3,
    "r2_url": "https://pub-2c783279b61043e19fbdadd1bee5153a.r2.dev/WBA/2020-07-09/dea09-2023-02-25-01-47-41/dea09-2023-02-25-01-47-41.pdf/dea09-2023-02-25-01-47-41.pdf",
    "periodicity": "periodic"
  },
  {
    "equity_ticker": "WBA",
    "geography": "US",
    "content_name": "WBA Q2 2020 Transcript",
    "file_type": "pdf",
    "content_type": "earnings_transcript",
    "published_date": "2020-04-02",
    "fiscal_date": "2020-04-02",
    "fiscal_year": 2020,
    "fiscal_quarter": 2,
    "r2_url": "https://pub-2c783279b61043e19fbdadd1bee5153a.r2.dev/WBA/2020-04-02/Walgreens%20Boots%20Alliance%2C%20Inc._2020-04-02_transcript/Walgreens%20Boots%20Alliance%2C%20Inc._2020-04-02_transcript.pdf/Walgreens%20Boots%20Alliance%2C%20Inc._2020-04-02_transcript.pdf",
    "periodicity": "periodic"
  },
  {
    "equity_ticker": "WBA",
    "geography": "US",
    "content_name": "WBA Q2 2020 Press Release",
    "file_type": "pdf",
    "content_type": "earnings_press_release",
    "published_date": "2020-04-02",
    "fiscal_date": "2020-04-02",
    "fiscal_year": 2020,
    "fiscal_quarter": 2,
    "r2_url": "https://pub-2c783279b61043e19fbdadd1bee5153a.r2.dev/WBA/2020-04-02/e3183-2022-10-05-08-17-49/e3183-2022-10-05-08-17-49.pdf/e3183-2022-10-05-08-17-49.pdf",
    "periodicity": "periodic"
  },
  {
    "equity_ticker": "WBA",
    "geography": "US",
    "content_name": "WBA Q2 2020 Presentation",
    "file_type": "pdf",
    "content_type": "earnings_presentation",
    "published_date": "2020-04-02",
    "fiscal_date": "2020-04-02",
    "fiscal_year": 2020,
    "fiscal_quarter": 2,
    "r2_url": "https://pub-2c783279b61043e19fbdadd1bee5153a.r2.dev/WBA/2020-04-02/3a268-2022-10-05-08-17-49/3a268-2022-10-05-08-17-49.pdf/3a268-2022-10-05-08-17-49.pdf",
    "periodicity": "periodic"
  },
  {
    "equity_ticker": "WBA",
    "geography": "US",
    "content_name": "WBA Q1 2020 Transcript",
    "file_type": "pdf",
    "content_type": "earnings_transcript",
    "published_date": "2020-01-08",
    "fiscal_date": "2020-01-08",
    "fiscal_year": 2020,
    "fiscal_quarter": 1,
    "r2_url": "https://pub-2c783279b61043e19fbdadd1bee5153a.r2.dev/WBA/2020-01-08/Walgreens%20Boots%20Alliance%2C%20Inc._2020-01-08_transcript/Walgreens%20Boots%20Alliance%2C%20Inc._2020-01-08_transcript.pdf/Walgreens%20Boots%20Alliance%2C%20Inc._2020-01-08_transcript.pdf",
    "periodicity": "periodic"
  },
  {
    "equity_ticker": "WBA",
    "geography": "US",
    "content_name": "WBA Q1 2020 Press Release",
    "file_type": "pdf",
    "content_type": "earnings_press_release",
    "published_date": "2020-01-08",
    "fiscal_date": "2020-01-08",
    "fiscal_year": 2020,
    "fiscal_quarter": 1,
    "r2_url": "https://pub-2c783279b61043e19fbdadd1bee5153a.r2.dev/WBA/2020-01-08/9cca7-2022-10-05-09-33-25/9cca7-2022-10-05-09-33-25.pdf/9cca7-2022-10-05-09-33-25.pdf",
    "periodicity": "periodic"
  },
  {
    "equity_ticker": "WBA",
    "geography": "US",
    "content_name": "WBA Q1 2020 Presentation",
    "file_type": "pdf",
    "content_type": "earnings_presentation",
    "published_date": "2020-01-08",
    "fiscal_date": "2020-01-08",
    "fiscal_year": 2020,
    "fiscal_quarter": 1,
    "r2_url": "https://pub-2c783279b61043e19fbdadd1bee5153a.r2.dev/WBA/2020-01-08/17d0f-2022-10-05-09-33-25/17d0f-2022-10-05-09-33-25.pdf/17d0f-2022-10-05-09-33-25.pdf",
    "periodicity": "periodic"
  },
  {
    "equity_ticker": "WBA",
    "geography": "US",
    "content_name": "WBA Q4 2019 Transcript",
    "file_type": "pdf",
    "content_type": "earnings_transcript",
    "published_date": "2019-10-28",
    "fiscal_date": "2019-10-28",
    "fiscal_year": 2019,
    "fiscal_quarter": 4,
    "r2_url": "https://pub-2c783279b61043e19fbdadd1bee5153a.r2.dev/WBA/2019-10-28/Walgreens%20Boots%20Alliance%2C%20Inc._2019-10-28_transcript/Walgreens%20Boots%20Alliance%2C%20Inc._2019-10-28_transcript.pdf/Walgreens%20Boots%20Alliance%2C%20Inc._2019-10-28_transcript.pdf",
    "periodicity": "periodic"
  },
  {
    "equity_ticker": "WBA",
    "geography": "US",
    "content_name": "WBA Q4 2019 Press Release",
    "file_type": "pdf",
    "content_type": "earnings_press_release",
    "published_date": "2019-10-28",
    "fiscal_date": "2019-10-28",
    "fiscal_year": 2019,
    "fiscal_quarter": 4,
    "r2_url": "https://pub-2c783279b61043e19fbdadd1bee5153a.r2.dev/WBA/2019-10-28/83bae-2022-10-05-09-50-38/83bae-2022-10-05-09-50-38.pdf/83bae-2022-10-05-09-50-38.pdf",
    "periodicity": "periodic"
  },
  {
    "equity_ticker": "WBA",
    "geography": "US",
    "content_name": "WBA Q4 2019 Presentation",
    "file_type": "pdf",
    "content_type": "earnings_presentation",
    "published_date": "2019-10-28",
    "fiscal_date": "2019-10-28",
    "fiscal_year": 2019,
    "fiscal_quarter": 4,
    "r2_url": "https://pub-2c783279b61043e19fbdadd1bee5153a.r2.dev/WBA/2019-10-28/eed3f-2022-10-05-09-50-38/eed3f-2022-10-05-09-50-38.pdf/eed3f-2022-10-05-09-50-38.pdf",
    "periodicity": "periodic"
  },
  {
    "equity_ticker": "WBA",
    "geography": "US",
    "content_name": "WBA Q2 2019 Transcript",
    "file_type": "pdf",
    "content_type": "earnings_transcript",
    "published_date": "2019-04-02",
    "fiscal_date": "2019-04-02",
    "fiscal_year": 2019,
    "fiscal_quarter": 2,
    "r2_url": "https://pub-2c783279b61043e19fbdadd1bee5153a.r2.dev/WBA/2019-04-02/Walgreens%20Boots%20Alliance%2C%20Inc._2019-04-02_transcript/Walgreens%20Boots%20Alliance%2C%20Inc._2019-04-02_transcript.pdf/Walgreens%20Boots%20Alliance%2C%20Inc._2019-04-02_transcript.pdf",
    "periodicity": "periodic"
  },
  {
    "equity_ticker": "WBA",
    "geography": "US",
    "content_name": "WBA Q2 2019 Press Release",
    "file_type": "pdf",
    "content_type": "earnings_press_release",
    "published_date": "2019-04-02",
    "fiscal_date": "2019-04-02",
    "fiscal_year": 2019,
    "fiscal_quarter": 2,
    "r2_url": "https://pub-2c783279b61043e19fbdadd1bee5153a.r2.dev/WBA/2019-04-02/63ee6-2022-10-05-09-02-56/63ee6-2022-10-05-09-02-56.pdf/63ee6-2022-10-05-09-02-56.pdf",
    "periodicity": "periodic"
  },
  {
    "equity_ticker": "WBA",
    "geography": "US",
    "content_name": "WBA Q2 2019 Presentation",
    "file_type": "pdf",
    "content_type": "earnings_presentation",
    "published_date": "2019-04-02",
    "fiscal_date": "2019-04-02",
    "fiscal_year": 2019,
    "fiscal_quarter": 2,
    "r2_url": "https://pub-2c783279b61043e19fbdadd1bee5153a.r2.dev/WBA/2019-04-02/95109-2022-10-05-09-02-56/95109-2022-10-05-09-02-56.pdf/95109-2022-10-05-09-02-56.pdf",
    "periodicity": "periodic"
  },
  {
    "equity_ticker": "WBA",
    "geography": "US",
    "content_name": "WBA Q1 2019 Transcript",
    "file_type": "pdf",
    "content_type": "earnings_transcript",
    "published_date": "2018-12-20",
    "fiscal_date": "2018-12-20",
    "fiscal_year": 2019,
    "fiscal_quarter": 1,
    "r2_url": "https://pub-2c783279b61043e19fbdadd1bee5153a.r2.dev/WBA/2018-12-20/Walgreens%20Boots%20Alliance%2C%20Inc._2018-12-20_transcript/Walgreens%20Boots%20Alliance%2C%20Inc._2018-12-20_transcript.pdf/Walgreens%20Boots%20Alliance%2C%20Inc._2018-12-20_transcript.pdf",
    "periodicity": "periodic"
  },
  {
    "equity_ticker": "WBA",
    "geography": "US",
    "content_name": "WBA Q1 2019 Press Release",
    "file_type": "pdf",
    "content_type": "earnings_press_release",
    "published_date": "2018-12-20",
    "fiscal_date": "2018-12-20",
    "fiscal_year": 2019,
    "fiscal_quarter": 1,
    "r2_url": "https://pub-2c783279b61043e19fbdadd1bee5153a.r2.dev/WBA/2018-12-20/7e8d1-2022-10-05-10-48-01/7e8d1-2022-10-05-10-48-01.pdf/7e8d1-2022-10-05-10-48-01.pdf",
    "periodicity": "periodic"
  },
  {
    "equity_ticker": "WBA",
    "geography": "US",
    "content_name": "WBA Q1 2019 Presentation",
    "file_type": "pdf",
    "content_type": "earnings_presentation",
    "published_date": "2018-12-20",
    "fiscal_date": "2018-12-20",
    "fiscal_year": 2019,
    "fiscal_quarter": 1,
    "r2_url": "https://pub-2c783279b61043e19fbdadd1bee5153a.r2.dev/WBA/2018-12-20/35e73-2022-10-05-10-48-01/35e73-2022-10-05-10-48-01.pdf/35e73-2022-10-05-10-48-01.pdf",
    "periodicity": "periodic"
  },
  {
    "equity_ticker": "WBA",
    "geography": "US",
    "content_name": "WBA Q4 2018 Transcript",
    "file_type": "pdf",
    "content_type": "earnings_transcript",
    "published_date": "2018-10-11",
    "fiscal_date": "2018-10-11",
    "fiscal_year": 2018,
    "fiscal_quarter": 4,
    "r2_url": "https://pub-2c783279b61043e19fbdadd1bee5153a.r2.dev/WBA/2018-10-11/Walgreens%20Boots%20Alliance%2C%20Inc._2018-10-11_transcript/Walgreens%20Boots%20Alliance%2C%20Inc._2018-10-11_transcript.pdf/Walgreens%20Boots%20Alliance%2C%20Inc._2018-10-11_transcript.pdf",
    "periodicity": "periodic"
  },
  {
    "equity_ticker": "WBA",
    "geography": "US",
    "content_name": "WBA Q4 2018 Press Release",
    "file_type": "pdf",
    "content_type": "earnings_press_release",
    "published_date": "2018-10-11",
    "fiscal_date": "2018-10-11",
    "fiscal_year": 2018,
    "fiscal_quarter": 4,
    "r2_url": "https://pub-2c783279b61043e19fbdadd1bee5153a.r2.dev/WBA/2018-10-11/5a3e0-2024-04-10-08-12-27/5a3e0-2024-04-10-08-12-27.pdf/5a3e0-2024-04-10-08-12-27.pdf",
    "periodicity": "periodic"
  },
  {
    "equity_ticker": "WBA",
    "geography": "US",
    "content_name": "WBA Q4 2018 Presentation",
    "file_type": "pdf",
    "content_type": "earnings_presentation",
    "published_date": "2018-10-11",
    "fiscal_date": "2018-10-11",
    "fiscal_year": 2018,
    "fiscal_quarter": 4,
    "r2_url": "https://pub-2c783279b61043e19fbdadd1bee5153a.r2.dev/WBA/2018-10-11/c359a-2024-04-10-08-12-27/c359a-2024-04-10-08-12-27.pdf/c359a-2024-04-10-08-12-27.pdf",
    "periodicity": "periodic"
  },
  {
    "equity_ticker": "WBA",
    "geography": "US",
    "content_name": "WBA Q3 2018 Transcript",
    "file_type": "pdf",
    "content_type": "earnings_transcript",
    "published_date": "2018-06-28",
    "fiscal_date": "2018-06-28",
    "fiscal_year": 2018,
    "fiscal_quarter": 3,
    "r2_url": "https://pub-2c783279b61043e19fbdadd1bee5153a.r2.dev/WBA/2018-06-28/Walgreens%20Boots%20Alliance%2C%20Inc._2018-06-28_transcript/Walgreens%20Boots%20Alliance%2C%20Inc._2018-06-28_transcript.pdf/Walgreens%20Boots%20Alliance%2C%20Inc._2018-06-28_transcript.pdf",
    "periodicity": "periodic"
  },
  {
    "equity_ticker": "WBA",
    "geography": "US",
    "content_name": "WBA Q3 2018 Press Release",
    "file_type": "pdf",
    "content_type": "earnings_press_release",
    "published_date": "2018-06-28",
    "fiscal_date": "2018-06-28",
    "fiscal_year": 2018,
    "fiscal_quarter": 3,
    "r2_url": "https://pub-2c783279b61043e19fbdadd1bee5153a.r2.dev/WBA/2018-06-28/d782a-2024-04-10-08-50-30/d782a-2024-04-10-08-50-30.pdf/d782a-2024-04-10-08-50-30.pdf",
    "periodicity": "periodic"
  },
  {
    "equity_ticker": "WBA",
    "geography": "US",
    "content_name": "WBA Q3 2018 Presentation",
    "file_type": "pdf",
    "content_type": "earnings_presentation",
    "published_date": "2018-06-28",
    "fiscal_date": "2018-06-28",
    "fiscal_year": 2018,
    "fiscal_quarter": 3,
    "r2_url": "https://pub-2c783279b61043e19fbdadd1bee5153a.r2.dev/WBA/2018-06-28/4337d-2024-04-10-08-50-30/4337d-2024-04-10-08-50-30.pdf/4337d-2024-04-10-08-50-30.pdf",
    "periodicity": "periodic"
  },
  {
    "equity_ticker": "WBA",
    "geography": "US",
    "content_name": "WBA Q2 2018 Transcript",
    "file_type": "pdf",
    "content_type": "earnings_transcript",
    "published_date": "2018-03-28",
    "fiscal_date": "2018-03-28",
    "fiscal_year": 2018,
    "fiscal_quarter": 2,
    "r2_url": "https://pub-2c783279b61043e19fbdadd1bee5153a.r2.dev/WBA/2018-03-28/Walgreens%20Boots%20Alliance%2C%20Inc._2018-03-28_transcript/Walgreens%20Boots%20Alliance%2C%20Inc._2018-03-28_transcript.pdf/Walgreens%20Boots%20Alliance%2C%20Inc._2018-03-28_transcript.pdf",
    "periodicity": "periodic"
  },
  {
    "equity_ticker": "WBA",
    "geography": "US",
    "content_name": "WBA Q2 2018 Press Release",
    "file_type": "pdf",
    "content_type": "earnings_press_release",
    "published_date": "2018-03-28",
    "fiscal_date": "2018-03-28",
    "fiscal_year": 2018,
    "fiscal_quarter": 2,
    "r2_url": "https://pub-2c783279b61043e19fbdadd1bee5153a.r2.dev/WBA/2018-03-28/e939a-2024-04-10-08-13-35/e939a-2024-04-10-08-13-35.pdf/e939a-2024-04-10-08-13-35.pdf",
    "periodicity": "periodic"
  },
  {
    "equity_ticker": "WBA",
    "geography": "US",
    "content_name": "WBA Q2 2018 Presentation",
    "file_type": "pdf",
    "content_type": "earnings_presentation",
    "published_date": "2018-03-28",
    "fiscal_date": "2018-03-28",
    "fiscal_year": 2018,
    "fiscal_quarter": 2,
    "r2_url": "https://pub-2c783279b61043e19fbdadd1bee5153a.r2.dev/WBA/2018-03-28/dcb79-2024-04-10-08-13-35/dcb79-2024-04-10-08-13-35.pdf/dcb79-2024-04-10-08-13-35.pdf",
    "periodicity": "periodic"
  },
  {
    "equity_ticker": "WBA",
    "geography": "US",
    "content_name": "WBA Q1 2018 Transcript",
    "file_type": "pdf",
    "content_type": "earnings_transcript",
    "published_date": "2018-01-04",
    "fiscal_date": "2018-01-04",
    "fiscal_year": 2018,
    "fiscal_quarter": 1,
    "r2_url": "https://pub-2c783279b61043e19fbdadd1bee5153a.r2.dev/WBA/2018-01-04/Walgreens%20Boots%20Alliance%2C%20Inc._2018-01-04_transcript/Walgreens%20Boots%20Alliance%2C%20Inc._2018-01-04_transcript.pdf/Walgreens%20Boots%20Alliance%2C%20Inc._2018-01-04_transcript.pdf",
    "periodicity": "periodic"
  },
  {
    "equity_ticker": "WBA",
    "geography": "US",
    "content_name": "WBA Q1 2018 Press Release",
    "file_type": "pdf",
    "content_type": "earnings_press_release",
    "published_date": "2018-01-04",
    "fiscal_date": "2018-01-04",
    "fiscal_year": 2018,
    "fiscal_quarter": 1,
    "r2_url": "https://pub-2c783279b61043e19fbdadd1bee5153a.r2.dev/WBA/2018-01-04/c33d6-2024-04-10-08-56-37/c33d6-2024-04-10-08-56-37.pdf/c33d6-2024-04-10-08-56-37.pdf",
    "periodicity": "periodic"
  },
  {
    "equity_ticker": "WBA",
    "geography": "US",
    "content_name": "WBA Q1 2018 Presentation",
    "file_type": "pdf",
    "content_type": "earnings_presentation",
    "published_date": "2018-01-04",
    "fiscal_date": "2018-01-04",
    "fiscal_year": 2018,
    "fiscal_quarter": 1,
    "r2_url": "https://pub-2c783279b61043e19fbdadd1bee5153a.r2.dev/WBA/2018-01-04/b1b80-2024-04-10-08-56-37/b1b80-2024-04-10-08-56-37.pdf/b1b80-2024-04-10-08-56-37.pdf",
    "periodicity": "periodic"
  },
  {
    "equity_ticker": "WBA",
    "geography": "US",
    "content_name": "WBA Q4 2017 Transcript",
    "file_type": "pdf",
    "content_type": "earnings_transcript",
    "published_date": "2017-10-25",
    "fiscal_date": "2017-10-25",
    "fiscal_year": 2017,
    "fiscal_quarter": 4,
    "r2_url": "https://pub-2c783279b61043e19fbdadd1bee5153a.r2.dev/WBA/2017-10-25/Walgreens%20Boots%20Alliance%2C%20Inc._2017-10-25_transcript/Walgreens%20Boots%20Alliance%2C%20Inc._2017-10-25_transcript.pdf/Walgreens%20Boots%20Alliance%2C%20Inc._2017-10-25_transcript.pdf",
    "periodicity": "periodic"
  },
  {
    "equity_ticker": "WBA",
    "geography": "US",
    "content_name": "WBA Q4 2017 Press Release",
    "file_type": "pdf",
    "content_type": "annual_report",
    "published_date": "2017-10-25",
    "fiscal_date": "2017-10-25",
    "fiscal_year": 2017,
    "fiscal_quarter": 4,
    "r2_url": "https://pub-2c783279b61043e19fbdadd1bee5153a.r2.dev/WBA/2017-10-25/67a32-2023-09-06-01-30-56/67a32-2023-09-06-01-30-56.pdf/67a32-2023-09-06-01-30-56.pdf",
    "periodicity": "periodic"
  },
  {
    "equity_ticker": "WBA",
    "geography": "US",
    "content_name": "WBA Q3 2017 Transcript",
    "file_type": "pdf",
    "content_type": "earnings_transcript",
    "published_date": "2017-06-29",
    "fiscal_date": "2017-06-29",
    "fiscal_year": 2017,
    "fiscal_quarter": 3,
    "r2_url": "https://pub-2c783279b61043e19fbdadd1bee5153a.r2.dev/WBA/2017-06-29/Walgreens%20Boots%20Alliance%2C%20Inc._2017-06-29_transcript/Walgreens%20Boots%20Alliance%2C%20Inc._2017-06-29_transcript.pdf/Walgreens%20Boots%20Alliance%2C%20Inc._2017-06-29_transcript.pdf",
    "periodicity": "periodic"
  },
  {
    "equity_ticker": "WBA",
    "geography": "US",
    "content_name": "WBA Q2 2017 Transcript",
    "file_type": "pdf",
    "content_type": "earnings_transcript",
    "published_date": "2017-04-05",
    "fiscal_date": "2017-04-05",
    "fiscal_year": 2017,
    "fiscal_quarter": 2,
    "r2_url": "https://pub-2c783279b61043e19fbdadd1bee5153a.r2.dev/WBA/2017-04-05/Walgreens%20Boots%20Alliance%2C%20Inc._2017-04-05_transcript/Walgreens%20Boots%20Alliance%2C%20Inc._2017-04-05_transcript.pdf/Walgreens%20Boots%20Alliance%2C%20Inc._2017-04-05_transcript.pdf",
    "periodicity": "periodic"
  },
  {
    "equity_ticker": "WBA",
    "geography": "US",
    "content_name": "WBA Q1 2017 Transcript",
    "file_type": "pdf",
    "content_type": "earnings_transcript",
    "published_date": "2017-01-05",
    "fiscal_date": "2017-01-05",
    "fiscal_year": 2017,
    "fiscal_quarter": 1,
    "r2_url": "https://pub-2c783279b61043e19fbdadd1bee5153a.r2.dev/WBA/2017-01-05/Walgreens%20Boots%20Alliance%2C%20Inc._2017-01-05_transcript/Walgreens%20Boots%20Alliance%2C%20Inc._2017-01-05_transcript.pdf/Walgreens%20Boots%20Alliance%2C%20Inc._2017-01-05_transcript.pdf",
    "periodicity": "periodic"
  },
  {
    "equity_ticker": "WBA",
    "geography": "US",
    "content_name": "WBA Q4 2016 Transcript",
    "file_type": "pdf",
    "content_type": "earnings_transcript",
    "published_date": "2016-10-20",
    "fiscal_date": "2016-10-20",
    "fiscal_year": 2016,
    "fiscal_quarter": 4,
    "r2_url": "https://pub-2c783279b61043e19fbdadd1bee5153a.r2.dev/WBA/2016-10-20/Walgreens%20Boots%20Alliance%2C%20Inc._2016-10-20_transcript/Walgreens%20Boots%20Alliance%2C%20Inc._2016-10-20_transcript.pdf/Walgreens%20Boots%20Alliance%2C%20Inc._2016-10-20_transcript.pdf",
    "periodicity": "periodic"
  },
  {
    "equity_ticker": "WBA",
    "geography": "US",
    "content_name": "WBA Q4 2016 Press Release",
    "file_type": "pdf",
    "content_type": "annual_report",
    "published_date": "2016-10-20",
    "fiscal_date": "2016-10-20",
    "fiscal_year": 2016,
    "fiscal_quarter": 4,
    "r2_url": "https://pub-2c783279b61043e19fbdadd1bee5153a.r2.dev/WBA/2016-10-20/6b301-2023-09-06-01-46-56/6b301-2023-09-06-01-46-56.pdf/6b301-2023-09-06-01-46-56.pdf",
    "periodicity": "periodic"
  },
  {
    "equity_ticker": "WBA",
    "geography": "US",
    "content_name": "WBA Q3 2016 Transcript",
    "file_type": "pdf",
    "content_type": "earnings_transcript",
    "published_date": "2016-07-06",
    "fiscal_date": "2016-07-06",
    "fiscal_year": 2016,
    "fiscal_quarter": 3,
    "r2_url": "https://pub-2c783279b61043e19fbdadd1bee5153a.r2.dev/WBA/2016-07-06/Walgreens%20Boots%20Alliance%2C%20Inc._2016-07-06_transcript/Walgreens%20Boots%20Alliance%2C%20Inc._2016-07-06_transcript.pdf/Walgreens%20Boots%20Alliance%2C%20Inc._2016-07-06_transcript.pdf",
    "periodicity": "periodic"
  },
  {
    "equity_ticker": "WBA",
    "geography": "US",
    "content_name": "WBA Q2 2016 Transcript",
    "file_type": "pdf",
    "content_type": "earnings_transcript",
    "published_date": "2016-04-05",
    "fiscal_date": "2016-04-05",
    "fiscal_year": 2016,
    "fiscal_quarter": 2,
    "r2_url": "https://pub-2c783279b61043e19fbdadd1bee5153a.r2.dev/WBA/2016-04-05/Walgreens%20Boots%20Alliance%2C%20Inc._2016-04-05_transcript/Walgreens%20Boots%20Alliance%2C%20Inc._2016-04-05_transcript.pdf/Walgreens%20Boots%20Alliance%2C%20Inc._2016-04-05_transcript.pdf",
    "periodicity": "periodic"
  },
  {
    "equity_ticker": "WBA",
    "geography": "US",
    "content_name": "WBA Q1 2016 Transcript",
    "file_type": "pdf",
    "content_type": "earnings_transcript",
    "published_date": "2016-01-08",
    "fiscal_date": "2016-01-08",
    "fiscal_year": 2016,
    "fiscal_quarter": 1,
    "r2_url": "https://pub-2c783279b61043e19fbdadd1bee5153a.r2.dev/WBA/2016-01-08/Walgreens%20Boots%20Alliance%2C%20Inc._2016-01-08_transcript/Walgreens%20Boots%20Alliance%2C%20Inc._2016-01-08_transcript.pdf/Walgreens%20Boots%20Alliance%2C%20Inc._2016-01-08_transcript.pdf",
    "periodicity": "periodic"
  },
  {
    "equity_ticker": "WBA",
    "geography": "US",
    "content_name": "WBA Q4 2015 Transcript",
    "file_type": "pdf",
    "content_type": "earnings_transcript",
    "published_date": "2015-10-28",
    "fiscal_date": "2015-10-28",
    "fiscal_year": 2015,
    "fiscal_quarter": 4,
    "r2_url": "https://pub-2c783279b61043e19fbdadd1bee5153a.r2.dev/WBA/2015-10-28/Walgreens%20Boots%20Alliance%2C%20Inc._2015-10-28_transcript/Walgreens%20Boots%20Alliance%2C%20Inc._2015-10-28_transcript.pdf/Walgreens%20Boots%20Alliance%2C%20Inc._2015-10-28_transcript.pdf",
    "periodicity": "periodic"
  },
  {
    "equity_ticker": "WBA",
    "geography": "US",
    "content_name": "WBA Q4 2015 Press Release",
    "file_type": "pdf",
    "content_type": "annual_report",
    "published_date": "2015-10-28",
    "fiscal_date": "2015-10-28",
    "fiscal_year": 2015,
    "fiscal_quarter": 4,
    "r2_url": "https://pub-2c783279b61043e19fbdadd1bee5153a.r2.dev/WBA/2015-10-28/4405a-2023-09-06-01-01-57/4405a-2023-09-06-01-01-57.pdf/4405a-2023-09-06-01-01-57.pdf",
    "periodicity": "periodic"
  },
  {
    "equity_ticker": "WBA",
    "geography": "US",
    "content_name": "WBA Q3 2015 Transcript",
    "file_type": "pdf",
    "content_type": "earnings_transcript",
    "published_date": "2015-07-09",
    "fiscal_date": "2015-07-09",
    "fiscal_year": 2015,
    "fiscal_quarter": 3,
    "r2_url": "https://pub-2c783279b61043e19fbdadd1bee5153a.r2.dev/WBA/2015-07-09/Walgreens%20Boots%20Alliance%2C%20Inc._2015-07-09_transcript/Walgreens%20Boots%20Alliance%2C%20Inc._2015-07-09_transcript.pdf/Walgreens%20Boots%20Alliance%2C%20Inc._2015-07-09_transcript.pdf",
    "periodicity": "periodic"
  },
  {
    "equity_ticker": "WBA",
    "geography": "US",
    "content_name": "WBA Q2 2015 Transcript",
    "file_type": "pdf",
    "content_type": "earnings_transcript",
    "published_date": "2015-04-09",
    "fiscal_date": "2015-04-09",
    "fiscal_year": 2015,
    "fiscal_quarter": 2,
    "r2_url": "https://pub-2c783279b61043e19fbdadd1bee5153a.r2.dev/WBA/2015-04-09/Walgreens%20Boots%20Alliance%2C%20Inc._2015-04-09_transcript/Walgreens%20Boots%20Alliance%2C%20Inc._2015-04-09_transcript.pdf/Walgreens%20Boots%20Alliance%2C%20Inc._2015-04-09_transcript.pdf",
    "periodicity": "periodic"
  },
  {
    "equity_ticker": "WBA",
    "geography": "US",
    "content_name": "WBA Q1 2015 Transcript",
    "file_type": "pdf",
    "content_type": "earnings_transcript",
    "published_date": "2014-12-23",
    "fiscal_date": "2014-12-23",
    "fiscal_year": 2015,
    "fiscal_quarter": 1,
    "r2_url": "https://pub-2c783279b61043e19fbdadd1bee5153a.r2.dev/WBA/2014-12-23/Walgreens%20Boots%20Alliance%2C%20Inc._2014-12-23_transcript/Walgreens%20Boots%20Alliance%2C%20Inc._2014-12-23_transcript.pdf/Walgreens%20Boots%20Alliance%2C%20Inc._2014-12-23_transcript.pdf",
    "periodicity": "periodic"
  },
  {
    "equity_ticker": "WBA",
    "geography": "US",
    "content_name": "WBA Q4 2014 Transcript",
    "file_type": "pdf",
    "content_type": "earnings_transcript",
    "published_date": "2014-09-30",
    "fiscal_date": "2014-09-30",
    "fiscal_year": 2014,
    "fiscal_quarter": 4,
    "r2_url": "https://pub-2c783279b61043e19fbdadd1bee5153a.r2.dev/WBA/2014-09-30/Walgreens%20Boots%20Alliance%2C%20Inc._2014-09-30_transcript/Walgreens%20Boots%20Alliance%2C%20Inc._2014-09-30_transcript.pdf/Walgreens%20Boots%20Alliance%2C%20Inc._2014-09-30_transcript.pdf",
    "periodicity": "periodic"
  },
  {
    "equity_ticker": "WBA",
    "geography": "US",
    "content_name": "WBA Q3 2014 Transcript",
    "file_type": "pdf",
    "content_type": "earnings_transcript",
    "published_date": "2014-06-24",
    "fiscal_date": "2014-06-24",
    "fiscal_year": 2014,
    "fiscal_quarter": 3,
    "r2_url": "https://pub-2c783279b61043e19fbdadd1bee5153a.r2.dev/WBA/2014-06-24/Walgreens%20Boots%20Alliance%2C%20Inc._2014-06-24_transcript/Walgreens%20Boots%20Alliance%2C%20Inc._2014-06-24_transcript.pdf/Walgreens%20Boots%20Alliance%2C%20Inc._2014-06-24_transcript.pdf",
    "periodicity": "periodic"
  },
  {
    "equity_ticker": "WBA",
    "geography": "US",
    "content_name": "WBA Q2 2014 Transcript",
    "file_type": "pdf",
    "content_type": "earnings_transcript",
    "published_date": "2014-03-25",
    "fiscal_date": "2014-03-25",
    "fiscal_year": 2014,
    "fiscal_quarter": 2,
    "r2_url": "https://pub-2c783279b61043e19fbdadd1bee5153a.r2.dev/WBA/2014-03-25/Walgreens%20Boots%20Alliance%2C%20Inc._2014-03-25_transcript/Walgreens%20Boots%20Alliance%2C%20Inc._2014-03-25_transcript.pdf/Walgreens%20Boots%20Alliance%2C%20Inc._2014-03-25_transcript.pdf",
    "periodicity": "periodic"
  },
  {
    "equity_ticker": "WBA",
    "geography": "US",
    "content_name": "WBA Q1 2014 Transcript",
    "file_type": "pdf",
    "content_type": "earnings_transcript",
    "published_date": "2013-12-20",
    "fiscal_date": "2013-12-20",
    "fiscal_year": 2014,
    "fiscal_quarter": 1,
    "r2_url": "https://pub-2c783279b61043e19fbdadd1bee5153a.r2.dev/WBA/2013-12-20/Walgreens%20Boots%20Alliance%2C%20Inc._2013-12-20_transcript/Walgreens%20Boots%20Alliance%2C%20Inc._2013-12-20_transcript.pdf/Walgreens%20Boots%20Alliance%2C%20Inc._2013-12-20_transcript.pdf",
    "periodicity": "periodic"
  },
  {
    "equity_ticker": "WBA",
    "geography": "US",
    "content_name": "WBA Q4 2013 Transcript",
    "file_type": "pdf",
    "content_type": "earnings_transcript",
    "published_date": "2013-10-01",
    "fiscal_date": "2013-10-01",
    "fiscal_year": 2013,
    "fiscal_quarter": 4,
    "r2_url": "https://pub-2c783279b61043e19fbdadd1bee5153a.r2.dev/WBA/2013-10-01/Walgreens%20Boots%20Alliance%2C%20Inc._2013-10-01_transcript/Walgreens%20Boots%20Alliance%2C%20Inc._2013-10-01_transcript.pdf/Walgreens%20Boots%20Alliance%2C%20Inc._2013-10-01_transcript.pdf",
    "periodicity": "periodic"
  },
  {
    "equity_ticker": "WBA",
    "geography": "US",
    "content_name": "WBA Q3 2013 Transcript",
    "file_type": "pdf",
    "content_type": "earnings_transcript",
    "published_date": "2013-06-25",
    "fiscal_date": "2013-06-25",
    "fiscal_year": 2013,
    "fiscal_quarter": 3,
    "r2_url": "https://pub-2c783279b61043e19fbdadd1bee5153a.r2.dev/WBA/2013-06-25/Walgreens%20Boots%20Alliance%2C%20Inc._2013-06-25_transcript/Walgreens%20Boots%20Alliance%2C%20Inc._2013-06-25_transcript.pdf/Walgreens%20Boots%20Alliance%2C%20Inc._2013-06-25_transcript.pdf",
    "periodicity": "periodic"
  },
  {
    "equity_ticker": "WBA",
    "geography": "US",
    "content_name": "WBA Q2 2013 Transcript",
    "file_type": "pdf",
    "content_type": "earnings_transcript",
    "published_date": "2013-03-19",
    "fiscal_date": "2013-03-19",
    "fiscal_year": 2013,
    "fiscal_quarter": 2,
    "r2_url": "https://pub-2c783279b61043e19fbdadd1bee5153a.r2.dev/WBA/2013-03-19/Walgreens%20Boots%20Alliance%2C%20Inc._2013-03-19_transcript/Walgreens%20Boots%20Alliance%2C%20Inc._2013-03-19_transcript.pdf/Walgreens%20Boots%20Alliance%2C%20Inc._2013-03-19_transcript.pdf",
    "periodicity": "periodic"
  },
  {
    "equity_ticker": "WBA",
    "geography": "US",
    "content_name": "WBA Q1 2013 Transcript",
    "file_type": "pdf",
    "content_type": "earnings_transcript",
    "published_date": "2012-12-21",
    "fiscal_date": "2012-12-21",
    "fiscal_year": 2013,
    "fiscal_quarter": 1,
    "r2_url": "https://pub-2c783279b61043e19fbdadd1bee5153a.r2.dev/WBA/2012-12-21/Walgreens%20Boots%20Alliance%2C%20Inc._2012-12-21_transcript/Walgreens%20Boots%20Alliance%2C%20Inc._2012-12-21_transcript.pdf/Walgreens%20Boots%20Alliance%2C%20Inc._2012-12-21_transcript.pdf",
    "periodicity": "periodic"
  },
  {
    "equity_ticker": "WBA",
    "geography": "US",
    "content_name": "WBA Q4 2012 Transcript",
    "file_type": "pdf",
    "content_type": "earnings_transcript",
    "published_date": "2012-09-28",
    "fiscal_date": "2012-09-28",
    "fiscal_year": 2012,
    "fiscal_quarter": 4,
    "r2_url": "https://pub-2c783279b61043e19fbdadd1bee5153a.r2.dev/WBA/2012-09-28/Walgreens%20Boots%20Alliance%2C%20Inc._2012-09-28_transcript/Walgreens%20Boots%20Alliance%2C%20Inc._2012-09-28_transcript.pdf/Walgreens%20Boots%20Alliance%2C%20Inc._2012-09-28_transcript.pdf",
    "periodicity": "periodic"
  },
  {
    "equity_ticker": "WBA",
    "geography": "US",
    "content_name": "WBA Q3 2012 Transcript",
    "file_type": "pdf",
    "content_type": "earnings_transcript",
    "published_date": "2012-06-19",
    "fiscal_date": "2012-06-19",
    "fiscal_year": 2012,
    "fiscal_quarter": 3,
    "r2_url": "https://pub-2c783279b61043e19fbdadd1bee5153a.r2.dev/WBA/2012-06-19/Walgreens%20Boots%20Alliance%2C%20Inc._2012-06-19_transcript/Walgreens%20Boots%20Alliance%2C%20Inc._2012-06-19_transcript.pdf/Walgreens%20Boots%20Alliance%2C%20Inc._2012-06-19_transcript.pdf",
    "periodicity": "periodic"
  },
  {
    "equity_ticker": "WBA",
    "geography": "US",
    "content_name": "WBA Q2 2012 Transcript",
    "file_type": "pdf",
    "content_type": "earnings_transcript",
    "published_date": "2012-03-27",
    "fiscal_date": "2012-03-27",
    "fiscal_year": 2012,
    "fiscal_quarter": 2,
    "r2_url": "https://pub-2c783279b61043e19fbdadd1bee5153a.r2.dev/WBA/2012-03-27/Walgreens%20Boots%20Alliance%2C%20Inc._2012-03-27_transcript/Walgreens%20Boots%20Alliance%2C%20Inc._2012-03-27_transcript.pdf/Walgreens%20Boots%20Alliance%2C%20Inc._2012-03-27_transcript.pdf",
    "periodicity": "periodic"
  },
  {
    "equity_ticker": "WBA",
    "geography": "US",
    "content_name": "WBA Q1 2012 Transcript",
    "file_type": "pdf",
    "content_type": "earnings_transcript",
    "published_date": "2011-12-21",
    "fiscal_date": "2011-12-21",
    "fiscal_year": 2012,
    "fiscal_quarter": 1,
    "r2_url": "https://pub-2c783279b61043e19fbdadd1bee5153a.r2.dev/WBA/2011-12-21/Walgreens%20Boots%20Alliance%2C%20Inc._2011-12-21_transcript/Walgreens%20Boots%20Alliance%2C%20Inc._2011-12-21_transcript.pdf/Walgreens%20Boots%20Alliance%2C%20Inc._2011-12-21_transcript.pdf",
    "periodicity": "periodic"
  },
  {
    "equity_ticker": "WBA",
    "geography": "US",
    "content_name": "WBA Q4 2011 Transcript",
    "file_type": "pdf",
    "content_type": "earnings_transcript",
    "published_date": "2011-09-27",
    "fiscal_date": "2011-09-27",
    "fiscal_year": 2011,
    "fiscal_quarter": 4,
    "r2_url": "https://pub-2c783279b61043e19fbdadd1bee5153a.r2.dev/WBA/2011-09-27/Walgreens%20Boots%20Alliance%2C%20Inc._2011-09-27_transcript/Walgreens%20Boots%20Alliance%2C%20Inc._2011-09-27_transcript.pdf/Walgreens%20Boots%20Alliance%2C%20Inc._2011-09-27_transcript.pdf",
    "periodicity": "periodic"
  },
  {
    "equity_ticker": "WBA",
    "geography": "US",
    "content_name": "WBA Q3 2011 Transcript",
    "file_type": "pdf",
    "content_type": "earnings_transcript",
    "published_date": "2011-06-21",
    "fiscal_date": "2011-06-21",
    "fiscal_year": 2011,
    "fiscal_quarter": 3,
    "r2_url": "https://pub-2c783279b61043e19fbdadd1bee5153a.r2.dev/WBA/2011-06-21/Walgreens%20Boots%20Alliance%2C%20Inc._2011-06-21_transcript/Walgreens%20Boots%20Alliance%2C%20Inc._2011-06-21_transcript.pdf/Walgreens%20Boots%20Alliance%2C%20Inc._2011-06-21_transcript.pdf",
    "periodicity": "periodic"
  },
  {
    "equity_ticker": "WBA",
    "geography": "US",
    "content_name": "WBA Q2 2011 Transcript",
    "file_type": "pdf",
    "content_type": "earnings_transcript",
    "published_date": "2011-03-22",
    "fiscal_date": "2011-03-22",
    "fiscal_year": 2011,
    "fiscal_quarter": 2,
    "r2_url": "https://pub-2c783279b61043e19fbdadd1bee5153a.r2.dev/WBA/2011-03-22/Walgreens%20Boots%20Alliance%2C%20Inc._2011-03-22_transcript/Walgreens%20Boots%20Alliance%2C%20Inc._2011-03-22_transcript.pdf/Walgreens%20Boots%20Alliance%2C%20Inc._2011-03-22_transcript.pdf",
    "periodicity": "periodic"
  },
  {
    "equity_ticker": "WBA",
    "geography": "US",
    "content_name": "WBA Q1 2011 Transcript",
    "file_type": "pdf",
    "content_type": "earnings_transcript",
    "published_date": "2010-12-22",
    "fiscal_date": "2010-12-22",
    "fiscal_year": 2011,
    "fiscal_quarter": 1,
    "r2_url": "https://pub-2c783279b61043e19fbdadd1bee5153a.r2.dev/WBA/2010-12-22/Walgreens%20Boots%20Alliance%2C%20Inc._2010-12-22_transcript/Walgreens%20Boots%20Alliance%2C%20Inc._2010-12-22_transcript.pdf/Walgreens%20Boots%20Alliance%2C%20Inc._2010-12-22_transcript.pdf",
    "periodicity": "periodic"
  },
  {
    "equity_ticker": "WBA",
    "geography": "US",
    "content_name": "WBA Q4 2010 Transcript",
    "file_type": "pdf",
    "content_type": "earnings_transcript",
    "published_date": "2010-09-28",
    "fiscal_date": "2010-09-28",
    "fiscal_year": 2010,
    "fiscal_quarter": 4,
    "r2_url": "https://pub-2c783279b61043e19fbdadd1bee5153a.r2.dev/WBA/2010-09-28/Walgreens%20Boots%20Alliance%2C%20Inc._2010-09-28_transcript/Walgreens%20Boots%20Alliance%2C%20Inc._2010-09-28_transcript.pdf/Walgreens%20Boots%20Alliance%2C%20Inc._2010-09-28_transcript.pdf",
    "periodicity": "periodic"
  },
  {
    "equity_ticker": "WBA",
    "geography": "US",
    "content_name": "WBA Q3 2010 Transcript",
    "file_type": "pdf",
    "content_type": "earnings_transcript",
    "published_date": "2010-06-22",
    "fiscal_date": "2010-06-22",
    "fiscal_year": 2010,
    "fiscal_quarter": 3,
    "r2_url": "https://pub-2c783279b61043e19fbdadd1bee5153a.r2.dev/WBA/2010-06-22/Walgreens%20Boots%20Alliance%2C%20Inc._2010-06-22_transcript/Walgreens%20Boots%20Alliance%2C%20Inc._2010-06-22_transcript.pdf/Walgreens%20Boots%20Alliance%2C%20Inc._2010-06-22_transcript.pdf",
    "periodicity": "periodic"
  },
  {
    "equity_ticker": "WBA",
    "geography": "US",
    "content_name": "WBA Q2 2010 Transcript",
    "file_type": "pdf",
    "content_type": "earnings_transcript",
    "published_date": "2010-03-23",
    "fiscal_date": "2010-03-23",
    "fiscal_year": 2010,
    "fiscal_quarter": 2,
    "r2_url": "https://pub-2c783279b61043e19fbdadd1bee5153a.r2.dev/WBA/2010-03-23/Walgreens%20Boots%20Alliance%2C%20Inc._2010-03-23_transcript/Walgreens%20Boots%20Alliance%2C%20Inc._2010-03-23_transcript.pdf/Walgreens%20Boots%20Alliance%2C%20Inc._2010-03-23_transcript.pdf",
    "periodicity": "periodic"
  },
  {
    "equity_ticker": "WBA",
    "geography": "US",
    "content_name": "WBA Q1 2010 Transcript",
    "file_type": "pdf",
    "content_type": "earnings_transcript",
    "published_date": "2009-12-21",
    "fiscal_date": "2009-12-21",
    "fiscal_year": 2010,
    "fiscal_quarter": 1,
    "r2_url": "https://pub-2c783279b61043e19fbdadd1bee5153a.r2.dev/WBA/2009-12-21/Walgreens%20Boots%20Alliance%2C%20Inc._2009-12-21_transcript/Walgreens%20Boots%20Alliance%2C%20Inc._2009-12-21_transcript.pdf/Walgreens%20Boots%20Alliance%2C%20Inc._2009-12-21_transcript.pdf",
    "periodicity": "periodic"
  },
  {
    "equity_ticker": "WBA",
    "geography": "US",
    "content_name": "WBA Q4 2009 Transcript",
    "file_type": "pdf",
    "content_type": "earnings_transcript",
    "published_date": "2009-09-30",
    "fiscal_date": "2009-09-30",
    "fiscal_year": 2009,
    "fiscal_quarter": 4,
    "r2_url": "https://pub-2c783279b61043e19fbdadd1bee5153a.r2.dev/WBA/2009-09-30/Walgreens%20Boots%20Alliance%2C%20Inc._2009-09-30_transcript/Walgreens%20Boots%20Alliance%2C%20Inc._2009-09-30_transcript.pdf/Walgreens%20Boots%20Alliance%2C%20Inc._2009-09-30_transcript.pdf",
    "periodicity": "periodic"
  },
  {
    "equity_ticker": "WBA",
    "geography": "US",
    "content_name": "WBA Q3 2009 Transcript",
    "file_type": "pdf",
    "content_type": "earnings_transcript",
    "published_date": "2009-06-22",
    "fiscal_date": "2009-06-22",
    "fiscal_year": 2009,
    "fiscal_quarter": 3,
    "r2_url": "https://pub-2c783279b61043e19fbdadd1bee5153a.r2.dev/WBA/2009-06-22/Walgreens%20Boots%20Alliance%2C%20Inc._2009-06-22_transcript/Walgreens%20Boots%20Alliance%2C%20Inc._2009-06-22_transcript.pdf/Walgreens%20Boots%20Alliance%2C%20Inc._2009-06-22_transcript.pdf",
    "periodicity": "periodic"
  },
  {
    "equity_ticker": "WBA",
    "geography": "US",
    "content_name": "WBA Q2 2009 Transcript",
    "file_type": "pdf",
    "content_type": "earnings_transcript",
    "published_date": "2009-03-23",
    "fiscal_date": "2009-03-23",
    "fiscal_year": 2009,
    "fiscal_quarter": 2,
    "r2_url": "https://pub-2c783279b61043e19fbdadd1bee5153a.r2.dev/WBA/2009-03-23/Walgreens%20Boots%20Alliance%2C%20Inc._2009-03-23_transcript/Walgreens%20Boots%20Alliance%2C%20Inc._2009-03-23_transcript.pdf/Walgreens%20Boots%20Alliance%2C%20Inc._2009-03-23_transcript.pdf",
    "periodicity": "periodic"
  },
  {
    "equity_ticker": "WBA",
    "geography": "US",
    "content_name": "WBA Q1 2009 Transcript",
    "file_type": "pdf",
    "content_type": "earnings_transcript",
    "published_date": "2008-12-23",
    "fiscal_date": "2008-12-23",
    "fiscal_year": 2009,
    "fiscal_quarter": 1,
    "r2_url": "https://pub-2c783279b61043e19fbdadd1bee5153a.r2.dev/WBA/2008-12-23/Walgreens%20Boots%20Alliance%2C%20Inc._2008-12-23_transcript/Walgreens%20Boots%20Alliance%2C%20Inc._2008-12-23_transcript.pdf/Walgreens%20Boots%20Alliance%2C%20Inc._2008-12-23_transcript.pdf",
    "periodicity": "periodic"
  },
  {
    "equity_ticker": "WBA",
    "geography": "US",
    "content_name": "WBA Q4 2008 Transcript",
    "file_type": "pdf",
    "content_type": "earnings_transcript",
    "published_date": "2008-09-30",
    "fiscal_date": "2008-09-30",
    "fiscal_year": 2008,
    "fiscal_quarter": 4,
    "r2_url": "https://pub-2c783279b61043e19fbdadd1bee5153a.r2.dev/WBA/2008-09-30/Walgreens%20Boots%20Alliance%2C%20Inc._2008-09-30_transcript/Walgreens%20Boots%20Alliance%2C%20Inc._2008-09-30_transcript.pdf/Walgreens%20Boots%20Alliance%2C%20Inc._2008-09-30_transcript.pdf",
    "periodicity": "periodic"
  },
  {
    "equity_ticker": "WBA",
    "geography": "US",
    "content_name": "WBA Q3 2008 Transcript",
    "file_type": "pdf",
    "content_type": "earnings_transcript",
    "published_date": "2008-06-23",
    "fiscal_date": "2008-06-23",
    "fiscal_year": 2008,
    "fiscal_quarter": 3,
    "r2_url": "https://pub-2c783279b61043e19fbdadd1bee5153a.r2.dev/WBA/2008-06-23/Walgreens%20Boots%20Alliance%2C%20Inc._2008-06-23_transcript/Walgreens%20Boots%20Alliance%2C%20Inc._2008-06-23_transcript.pdf/Walgreens%20Boots%20Alliance%2C%20Inc._2008-06-23_transcript.pdf",
    "periodicity": "periodic"
  },
  {
    "equity_ticker": "WBA",
    "geography": "US",
    "content_name": "WBA Q2 2008 Transcript",
    "file_type": "pdf",
    "content_type": "earnings_transcript",
    "published_date": "2008-03-24",
    "fiscal_date": "2008-03-24",
    "fiscal_year": 2008,
    "fiscal_quarter": 2,
    "r2_url": "https://pub-2c783279b61043e19fbdadd1bee5153a.r2.dev/WBA/2008-03-24/Walgreens%20Boots%20Alliance%2C%20Inc._2008-03-24_transcript/Walgreens%20Boots%20Alliance%2C%20Inc._2008-03-24_transcript.pdf/Walgreens%20Boots%20Alliance%2C%20Inc._2008-03-24_transcript.pdf",
    "periodicity": "periodic"
  },
  {
    "equity_ticker": "WBA",
    "geography": "US",
    "content_name": "WBA Q1 2008 Transcript",
    "file_type": "pdf",
    "content_type": "earnings_transcript",
    "published_date": "2007-12-21",
    "fiscal_date": "2007-12-21",
    "fiscal_year": 2008,
    "fiscal_quarter": 1,
    "r2_url": "https://pub-2c783279b61043e19fbdadd1bee5153a.r2.dev/WBA/2007-12-21/Walgreens%20Boots%20Alliance%2C%20Inc._2007-12-21_transcript/Walgreens%20Boots%20Alliance%2C%20Inc._2007-12-21_transcript.pdf/Walgreens%20Boots%20Alliance%2C%20Inc._2007-12-21_transcript.pdf",
    "periodicity": "periodic"
  },
  {
    "equity_ticker": "WBA",
    "geography": "US",
    "content_name": "WBA Q4 2007 Transcript",
    "file_type": "pdf",
    "content_type": "earnings_transcript",
    "published_date": "2007-10-01",
    "fiscal_date": "2007-10-01",
    "fiscal_year": 2007,
    "fiscal_quarter": 4,
    "r2_url": "https://pub-2c783279b61043e19fbdadd1bee5153a.r2.dev/WBA/2007-10-01/Walgreens%20Boots%20Alliance%2C%20Inc._2007-10-01_transcript/Walgreens%20Boots%20Alliance%2C%20Inc._2007-10-01_transcript.pdf/Walgreens%20Boots%20Alliance%2C%20Inc._2007-10-01_transcript.pdf",
    "periodicity": "periodic"
  },
  {
    "equity_ticker": "WBA",
    "geography": "US",
    "content_name": "WBA Q3 2007 Transcript",
    "file_type": "pdf",
    "content_type": "earnings_transcript",
    "published_date": "2007-06-25",
    "fiscal_date": "2007-06-25",
    "fiscal_year": 2007,
    "fiscal_quarter": 3,
    "r2_url": "https://pub-2c783279b61043e19fbdadd1bee5153a.r2.dev/WBA/2007-06-25/Walgreens%20Boots%20Alliance%2C%20Inc._2007-06-25_transcript/Walgreens%20Boots%20Alliance%2C%20Inc._2007-06-25_transcript.pdf/Walgreens%20Boots%20Alliance%2C%20Inc._2007-06-25_transcript.pdf",
    "periodicity": "periodic"
  },
  {
    "equity_ticker": "WBA",
    "geography": "US",
    "content_name": "WBA Q2 2007 Transcript",
    "file_type": "pdf",
    "content_type": "earnings_transcript",
    "published_date": "2007-03-26",
    "fiscal_date": "2007-03-26",
    "fiscal_year": 2007,
    "fiscal_quarter": 2,
    "r2_url": "https://pub-2c783279b61043e19fbdadd1bee5153a.r2.dev/WBA/2007-03-26/Walgreens%20Boots%20Alliance%2C%20Inc._2007-03-26_transcript/Walgreens%20Boots%20Alliance%2C%20Inc._2007-03-26_transcript.pdf/Walgreens%20Boots%20Alliance%2C%20Inc._2007-03-26_transcript.pdf",
    "periodicity": "periodic"
  },
  {
    "equity_ticker": "WBA",
    "geography": "US",
    "content_name": "WBA Q1 2007 Transcript",
    "file_type": "pdf",
    "content_type": "earnings_transcript",
    "published_date": "2006-12-22",
    "fiscal_date": "2006-12-22",
    "fiscal_year": 2007,
    "fiscal_quarter": 1,
    "r2_url": "https://pub-2c783279b61043e19fbdadd1bee5153a.r2.dev/WBA/2006-12-22/Walgreens%20Boots%20Alliance%2C%20Inc._2006-12-22_transcript/Walgreens%20Boots%20Alliance%2C%20Inc._2006-12-22_transcript.pdf/Walgreens%20Boots%20Alliance%2C%20Inc._2006-12-22_transcript.pdf",
    "periodicity": "periodic"
  },
  {
    "equity_ticker": "WBA",
    "geography": "US",
    "content_name": "WBA Q4 2006 Transcript",
    "file_type": "pdf",
    "content_type": "earnings_transcript",
    "published_date": "2006-09-25",
    "fiscal_date": "2006-09-25",
    "fiscal_year": 2006,
    "fiscal_quarter": 4,
    "r2_url": "https://pub-2c783279b61043e19fbdadd1bee5153a.r2.dev/WBA/2006-09-25/Walgreens%20Boots%20Alliance%2C%20Inc._2006-09-25_transcript/Walgreens%20Boots%20Alliance%2C%20Inc._2006-09-25_transcript.pdf/Walgreens%20Boots%20Alliance%2C%20Inc._2006-09-25_transcript.pdf",
    "periodicity": "periodic"
  },
  {
    "equity_ticker": "WBA",
    "geography": "US",
    "content_name": "WBA Q2 2025 10-Q",
    "file_type": "pdf",
    "content_type": "quarterly_report",
    "published_date": "2025-04-08",
    "fiscal_date": "2025-02-28",
    "fiscal_year": 2025,
    "fiscal_quarter": 2,
    "r2_url": "https://pub-2c783279b61043e19fbdadd1bee5153a.r2.dev/WBA/2025-04-08/wba-20250228.htm/wba-20250228.pdf",
    "periodicity": "periodic"
  },
  {
    "equity_ticker": "WBA",
    "geography": "US",
    "content_name": "WBA Q1 2025 10-Q",
    "file_type": "pdf",
    "content_type": "quarterly_report",
    "published_date": "2025-01-10",
    "fiscal_date": "2024-11-30",
    "fiscal_year": 2025,
    "fiscal_quarter": 1,
    "r2_url": "https://pub-2c783279b61043e19fbdadd1bee5153a.r2.dev/WBA/2025-01-10/wba-20241130.htm/wba-20241130.pdf",
    "periodicity": "periodic"
  },
  {
    "equity_ticker": "WBA",
    "geography": "US",
    "content_name": "WBA Q4 2024 10-K",
    "file_type": "pdf",
    "content_type": "annual_report",
    "published_date": "2024-10-15",
    "fiscal_date": "2024-08-31",
    "fiscal_year": 2024,
    "fiscal_quarter": 4,
    "r2_url": "https://pub-2c783279b61043e19fbdadd1bee5153a.r2.dev/WBA/2024-10-15/wba-20240831.htm/wba-20240831.pdf",
    "periodicity": "periodic"
  },
  {
    "equity_ticker": "WBA",
    "geography": "US",
    "content_name": "WBA Q3 2024 10-Q",
    "file_type": "pdf",
    "content_type": "quarterly_report",
    "published_date": "2024-06-27",
    "fiscal_date": "2024-05-31",
    "fiscal_year": 2024,
    "fiscal_quarter": 3,
    "r2_url": "https://pub-2c783279b61043e19fbdadd1bee5153a.r2.dev/WBA/2024-06-27/wba-20240531.htm/wba-20240531.pdf",
    "periodicity": "periodic"
  },
  {
    "equity_ticker": "WBA",
    "geography": "US",
    "content_name": "WBA Q2 2024 10-Q",
    "file_type": "pdf",
    "content_type": "quarterly_report",
    "published_date": "2024-03-28",
    "fiscal_date": "2024-02-29",
    "fiscal_year": 2024,
    "fiscal_quarter": 2,
    "r2_url": "https://pub-2c783279b61043e19fbdadd1bee5153a.r2.dev/WBA/2024-03-28/wba-20240229.htm/wba-20240229.pdf",
    "periodicity": "periodic"
  },
  {
    "equity_ticker": "WBA",
    "geography": "US",
    "content_name": "WBA Q1 2024 10-Q",
    "file_type": "pdf",
    "content_type": "quarterly_report",
    "published_date": "2024-01-04",
    "fiscal_date": "2023-11-30",
    "fiscal_year": 2024,
    "fiscal_quarter": 1,
    "r2_url": "https://pub-2c783279b61043e19fbdadd1bee5153a.r2.dev/WBA/2024-01-04/wba-20231130.htm/wba-20231130.pdf",
    "periodicity": "periodic"
  },
  {
    "equity_ticker": "WBA",
    "geography": "US",
    "content_name": "WBA Q4 2023 10-K",
    "file_type": "pdf",
    "content_type": "annual_report",
    "published_date": "2023-10-12",
    "fiscal_date": "2023-08-31",
    "fiscal_year": 2023,
    "fiscal_quarter": 4,
    "r2_url": "https://pub-2c783279b61043e19fbdadd1bee5153a.r2.dev/WBA/2023-10-12/wba-20230831.htm/wba-20230831.pdf",
    "periodicity": "periodic"
  },
  {
    "equity_ticker": "WBA",
    "geography": "US",
    "content_name": "WBA Q3 2023 10-Q",
    "file_type": "pdf",
    "content_type": "quarterly_report",
    "published_date": "2023-06-27",
    "fiscal_date": "2023-05-31",
    "fiscal_year": 2023,
    "fiscal_quarter": 3,
    "r2_url": "https://pub-2c783279b61043e19fbdadd1bee5153a.r2.dev/WBA/2023-06-27/wba-20230531.htm/wba-20230531.pdf",
    "periodicity": "periodic"
  },
  {
    "equity_ticker": "WBA",
    "geography": "US",
    "content_name": "WBA Q2 2023 10-Q",
    "file_type": "pdf",
    "content_type": "quarterly_report",
    "published_date": "2023-03-28",
    "fiscal_date": "2023-02-28",
    "fiscal_year": 2023,
    "fiscal_quarter": 2,
    "r2_url": "https://pub-2c783279b61043e19fbdadd1bee5153a.r2.dev/WBA/2023-03-28/wba-20230228.htm/wba-20230228.pdf",
    "periodicity": "periodic"
  },
  {
    "equity_ticker": "WBA",
    "geography": "US",
    "content_name": "WBA Q1 2023 10-Q",
    "file_type": "pdf",
    "content_type": "quarterly_report",
    "published_date": "2023-01-05",
    "fiscal_date": "2022-11-30",
    "fiscal_year": 2023,
    "fiscal_quarter": 1,
    "r2_url": "https://pub-2c783279b61043e19fbdadd1bee5153a.r2.dev/WBA/2023-01-05/wba-20221130.htm/wba-20221130.pdf",
    "periodicity": "periodic"
  },
  {
    "equity_ticker": "WBA",
    "geography": "US",
    "content_name": "WBA Q4 2022 10-K",
    "file_type": "pdf",
    "content_type": "annual_report",
    "published_date": "2022-10-13",
    "fiscal_date": "2022-08-31",
    "fiscal_year": 2022,
    "fiscal_quarter": 4,
    "r2_url": "https://pub-2c783279b61043e19fbdadd1bee5153a.r2.dev/WBA/2022-10-13/wba-20220831.htm/wba-20220831.pdf",
    "periodicity": "periodic"
  },
  {
    "equity_ticker": "WBA",
    "geography": "US",
    "content_name": "WBA Q3 2022 10-Q",
    "file_type": "pdf",
    "content_type": "quarterly_report",
    "published_date": "2022-06-30",
    "fiscal_date": "2022-05-31",
    "fiscal_year": 2022,
    "fiscal_quarter": 3,
    "r2_url": "https://pub-2c783279b61043e19fbdadd1bee5153a.r2.dev/WBA/2022-06-30/wba-20220531.htm/wba-20220531.pdf",
    "periodicity": "periodic"
  },
  {
    "equity_ticker": "WBA",
    "geography": "US",
    "content_name": "WBA Q2 2022 10-Q",
    "file_type": "pdf",
    "content_type": "quarterly_report",
    "published_date": "2022-03-31",
    "fiscal_date": "2022-02-28",
    "fiscal_year": 2022,
    "fiscal_quarter": 2,
    "r2_url": "https://pub-2c783279b61043e19fbdadd1bee5153a.r2.dev/WBA/2022-03-31/wba-20220228.htm/wba-20220228.pdf",
    "periodicity": "periodic"
  },
  {
    "equity_ticker": "WBA",
    "geography": "US",
    "content_name": "WBA Q1 2022 10-Q",
    "file_type": "pdf",
    "content_type": "quarterly_report",
    "published_date": "2022-01-06",
    "fiscal_date": "2021-11-30",
    "fiscal_year": 2022,
    "fiscal_quarter": 1,
    "r2_url": "https://pub-2c783279b61043e19fbdadd1bee5153a.r2.dev/WBA/2022-01-06/wba-20211130.htm/wba-20211130.pdf",
    "periodicity": "periodic"
  },
  {
    "equity_ticker": "WBA",
    "geography": "US",
    "content_name": "WBA Q4 2021 10-K",
    "file_type": "pdf",
    "content_type": "annual_report",
    "published_date": "2021-10-14",
    "fiscal_date": "2021-08-31",
    "fiscal_year": 2021,
    "fiscal_quarter": 4,
    "r2_url": "https://pub-2c783279b61043e19fbdadd1bee5153a.r2.dev/WBA/2021-10-14/wba-20210831.htm/wba-20210831.pdf",
    "periodicity": "periodic"
  },
  {
    "equity_ticker": "WBA",
    "geography": "US",
    "content_name": "WBA Q3 2021 10-Q",
    "file_type": "pdf",
    "content_type": "quarterly_report",
    "published_date": "2021-07-01",
    "fiscal_date": "2021-05-31",
    "fiscal_year": 2021,
    "fiscal_quarter": 3,
    "r2_url": "https://pub-2c783279b61043e19fbdadd1bee5153a.r2.dev/WBA/2021-07-01/wba-20210531.htm/wba-20210531.pdf",
    "periodicity": "periodic"
  },
  {
    "equity_ticker": "WBA",
    "geography": "US",
    "content_name": "WBA Q2 2021 10-Q",
    "file_type": "pdf",
    "content_type": "quarterly_report",
    "published_date": "2021-03-31",
    "fiscal_date": "2021-02-28",
    "fiscal_year": 2021,
    "fiscal_quarter": 2,
    "r2_url": "https://pub-2c783279b61043e19fbdadd1bee5153a.r2.dev/WBA/2021-03-31/wba-20210228.htm/wba-20210228.pdf",
    "periodicity": "periodic"
  },
  {
    "equity_ticker": "WBA",
    "geography": "US",
    "content_name": "WBA Q1 2021 10-Q",
    "file_type": "pdf",
    "content_type": "quarterly_report",
    "published_date": "2021-01-07",
    "fiscal_date": "2020-11-30",
    "fiscal_year": 2021,
    "fiscal_quarter": 1,
    "r2_url": "https://pub-2c783279b61043e19fbdadd1bee5153a.r2.dev/WBA/2021-01-07/wba-20201130.htm/wba-20201130.pdf",
    "periodicity": "periodic"
  },
  {
    "equity_ticker": "WBA",
    "geography": "US",
    "content_name": "WBA Q4 2020 10-K",
    "file_type": "pdf",
    "content_type": "annual_report",
    "published_date": "2020-10-15",
    "fiscal_date": "2020-08-31",
    "fiscal_year": 2020,
    "fiscal_quarter": 4,
    "r2_url": "https://pub-2c783279b61043e19fbdadd1bee5153a.r2.dev/WBA/2020-10-15/wba-20200831.htm/ix.pdf",
    "periodicity": "periodic"
  },
  {
    "equity_ticker": "WBA",
    "geography": "US",
    "content_name": "WBA Q3 2020 10-Q",
    "file_type": "pdf",
    "content_type": "quarterly_report",
    "published_date": "2020-07-09",
    "fiscal_date": "2020-05-31",
    "fiscal_year": 2020,
    "fiscal_quarter": 3,
    "r2_url": "https://pub-2c783279b61043e19fbdadd1bee5153a.r2.dev/WBA/2020-07-09/wba-20200531.htm/ix.pdf",
    "periodicity": "periodic"
  },
  {
    "equity_ticker": "WBA",
    "geography": "US",
    "content_name": "WBA Q2 2020 10-Q",
    "file_type": "pdf",
    "content_type": "quarterly_report",
    "published_date": "2020-04-02",
    "fiscal_date": "2020-02-29",
    "fiscal_year": 2020,
    "fiscal_quarter": 2,
    "r2_url": "https://pub-2c783279b61043e19fbdadd1bee5153a.r2.dev/WBA/2020-04-02/wba-20200229.htm/ix.pdf",
    "periodicity": "periodic"
  },
  {
    "equity_ticker": "WBA",
    "geography": "US",
    "content_name": "WBA Q1 2020 10-Q",
    "file_type": "pdf",
    "content_type": "quarterly_report",
    "published_date": "2020-01-08",
    "fiscal_date": "2019-11-30",
    "fiscal_year": 2020,
    "fiscal_quarter": 1,
    "r2_url": "https://pub-2c783279b61043e19fbdadd1bee5153a.r2.dev/WBA/2020-01-08/wba-20191130.htm/ix.pdf",
    "periodicity": "periodic"
  },
  {
    "equity_ticker": "WBA",
    "geography": "US",
    "content_name": "WBA Q4 2019 10-K",
    "file_type": "pdf",
    "content_type": "annual_report",
    "published_date": "2019-10-28",
    "fiscal_date": "2019-08-31",
    "fiscal_year": 2019,
    "fiscal_quarter": 4,
    "r2_url": "https://pub-2c783279b61043e19fbdadd1bee5153a.r2.dev/WBA/2019-10-28/wba-2019831x10k.htm/wba-2019831x10k.pdf",
    "periodicity": "periodic"
  },
  {
    "equity_ticker": "WBA",
    "geography": "US",
    "content_name": "WBA Q3 2019 10-Q",
    "file_type": "pdf",
    "content_type": "quarterly_report",
    "published_date": "2019-06-27",
    "fiscal_date": "2019-05-31",
    "fiscal_year": 2019,
    "fiscal_quarter": 3,
    "r2_url": "https://pub-2c783279b61043e19fbdadd1bee5153a.r2.dev/WBA/2019-06-27/wba-2019531x10q.htm/wba-2019531x10q.pdf",
    "periodicity": "periodic"
  },
  {
    "equity_ticker": "WBA",
    "geography": "US",
    "content_name": "WBA Q2 2019 10-Q",
    "file_type": "pdf",
    "content_type": "quarterly_report",
    "published_date": "2019-04-02",
    "fiscal_date": "2019-02-28",
    "fiscal_year": 2019,
    "fiscal_quarter": 2,
    "r2_url": "https://pub-2c783279b61043e19fbdadd1bee5153a.r2.dev/WBA/2019-04-02/wba-2019228x10q.htm/wba-2019228x10q.pdf",
    "periodicity": "periodic"
  },
  {
    "equity_ticker": "WBA",
    "geography": "US",
    "content_name": "WBA Q1 2019 10-Q",
    "file_type": "pdf",
    "content_type": "quarterly_report",
    "published_date": "2018-12-20",
    "fiscal_date": "2018-11-30",
    "fiscal_year": 2019,
    "fiscal_quarter": 1,
    "r2_url": "https://pub-2c783279b61043e19fbdadd1bee5153a.r2.dev/WBA/2018-12-20/wba-20181130x10q.htm/wba-20181130x10q.pdf",
    "periodicity": "periodic"
  },
  {
    "equity_ticker": "WBA",
    "geography": "US",
    "content_name": "WBA Q4 2018 10-K",
    "file_type": "pdf",
    "content_type": "annual_report",
    "published_date": "2018-10-11",
    "fiscal_date": "2018-08-31",
    "fiscal_year": 2018,
    "fiscal_quarter": 4,
    "r2_url": "https://pub-2c783279b61043e19fbdadd1bee5153a.r2.dev/WBA/2018-10-11/wba-2018831x10k.htm/wba-2018831x10k.pdf",
    "periodicity": "periodic"
  },
  {
    "equity_ticker": "WBA",
    "geography": "US",
    "content_name": "WBA Q3 2018 10-Q",
    "file_type": "pdf",
    "content_type": "quarterly_report",
    "published_date": "2018-06-28",
    "fiscal_date": "2018-05-31",
    "fiscal_year": 2018,
    "fiscal_quarter": 3,
    "r2_url": "https://pub-2c783279b61043e19fbdadd1bee5153a.r2.dev/WBA/2018-06-28/wba-2018531x10q.htm/wba-2018531x10q.pdf",
    "periodicity": "periodic"
  },
  {
    "equity_ticker": "WBA",
    "geography": "US",
    "content_name": "WBA Q2 2018 10-Q",
    "file_type": "pdf",
    "content_type": "quarterly_report",
    "published_date": "2018-03-28",
    "fiscal_date": "2018-02-28",
    "fiscal_year": 2018,
    "fiscal_quarter": 2,
    "r2_url": "https://pub-2c783279b61043e19fbdadd1bee5153a.r2.dev/WBA/2018-03-28/wba-2018228x10q.htm/wba-2018228x10q.pdf",
    "periodicity": "periodic"
  },
  {
    "equity_ticker": "WBA",
    "geography": "US",
    "content_name": "WBA Q1 2018 10-Q",
    "file_type": "pdf",
    "content_type": "quarterly_report",
    "published_date": "2018-01-04",
    "fiscal_date": "2017-11-30",
    "fiscal_year": 2018,
    "fiscal_quarter": 1,
    "r2_url": "https://pub-2c783279b61043e19fbdadd1bee5153a.r2.dev/WBA/2018-01-04/wba-20171130x10q.htm/wba-20171130x10q.pdf",
    "periodicity": "periodic"
  },
  {
    "equity_ticker": "WBA",
    "geography": "US",
    "content_name": "WBA Q4 2017 10-K",
    "file_type": "pdf",
    "content_type": "annual_report",
    "published_date": "2017-10-25",
    "fiscal_date": "2017-08-31",
    "fiscal_year": 2017,
    "fiscal_quarter": 4,
    "r2_url": "https://pub-2c783279b61043e19fbdadd1bee5153a.r2.dev/WBA/2017-10-25/wba-2017831x10k.htm/wba-2017831x10k.pdf",
    "periodicity": "periodic"
  },
  {
    "equity_ticker": "WBA",
    "geography": "US",
    "content_name": "WBA Q3 2017 10-Q",
    "file_type": "pdf",
    "content_type": "quarterly_report",
    "published_date": "2017-06-29",
    "fiscal_date": "2017-05-31",
    "fiscal_year": 2017,
    "fiscal_quarter": 3,
    "r2_url": "https://pub-2c783279b61043e19fbdadd1bee5153a.r2.dev/WBA/2017-06-29/wba-2017531x10q.htm/wba-2017531x10q.pdf",
    "periodicity": "periodic"
  },
  {
    "equity_ticker": "WBA",
    "geography": "US",
    "content_name": "WBA Q2 2017 10-Q",
    "file_type": "pdf",
    "content_type": "quarterly_report",
    "published_date": "2017-04-05",
    "fiscal_date": "2017-02-28",
    "fiscal_year": 2017,
    "fiscal_quarter": 2,
    "r2_url": "https://pub-2c783279b61043e19fbdadd1bee5153a.r2.dev/WBA/2017-04-05/wba-2017228x10q.htm/wba-2017228x10q.pdf",
    "periodicity": "periodic"
  },
  {
    "equity_ticker": "WBA",
    "geography": "US",
    "content_name": "WBA Q1 2017 10-Q",
    "file_type": "pdf",
    "content_type": "quarterly_report",
    "published_date": "2017-01-05",
    "fiscal_date": "2016-11-30",
    "fiscal_year": 2017,
    "fiscal_quarter": 1,
    "r2_url": "https://pub-2c783279b61043e19fbdadd1bee5153a.r2.dev/WBA/2017-01-05/form10q.htm/form10q.pdf",
    "periodicity": "periodic"
  },
  {
    "equity_ticker": "WBA",
    "geography": "US",
    "content_name": "WBA Q4 2016 10-K",
    "file_type": "pdf",
    "content_type": "annual_report",
    "published_date": "2016-10-20",
    "fiscal_date": "2016-08-31",
    "fiscal_year": 2016,
    "fiscal_quarter": 4,
    "r2_url": "https://pub-2c783279b61043e19fbdadd1bee5153a.r2.dev/WBA/2016-10-20/form10k.htm/form10k.pdf",
    "periodicity": "periodic"
  },
  {
    "equity_ticker": "WBA",
    "geography": "US",
    "content_name": "WBA Q3 2016 10-Q",
    "file_type": "pdf",
    "content_type": "quarterly_report",
    "published_date": "2016-07-06",
    "fiscal_date": "2016-05-31",
    "fiscal_year": 2016,
    "fiscal_quarter": 3,
    "r2_url": "https://pub-2c783279b61043e19fbdadd1bee5153a.r2.dev/WBA/2016-07-06/form10q.htm/form10q.pdf",
    "periodicity": "periodic"
  },
  {
    "equity_ticker": "WBA",
    "geography": "US",
    "content_name": "WBA Q2 2016 10-Q",
    "file_type": "pdf",
    "content_type": "quarterly_report",
    "published_date": "2016-04-05",
    "fiscal_date": "2016-02-29",
    "fiscal_year": 2016,
    "fiscal_quarter": 2,
    "r2_url": "https://pub-2c783279b61043e19fbdadd1bee5153a.r2.dev/WBA/2016-04-05/form10q.htm/form10q.pdf",
    "periodicity": "periodic"
  },
  {
    "equity_ticker": "WBA",
    "geography": "US",
    "content_name": "WBA Q1 2016 10-Q",
    "file_type": "pdf",
    "content_type": "quarterly_report",
    "published_date": "2016-01-07",
    "fiscal_date": "2015-11-30",
    "fiscal_year": 2016,
    "fiscal_quarter": 1,
    "r2_url": "https://pub-2c783279b61043e19fbdadd1bee5153a.r2.dev/WBA/2016-01-07/h10033874x1_10q.htm/h10033874x1_10q.pdf",
    "periodicity": "periodic"
  },
  {
    "equity_ticker": "WBA",
    "geography": "US",
    "content_name": "WBA Q4 2015 10-K",
    "file_type": "pdf",
    "content_type": "annual_report",
    "published_date": "2015-10-28",
    "fiscal_date": "2015-08-31",
    "fiscal_year": 2015,
    "fiscal_quarter": 4,
    "r2_url": "https://pub-2c783279b61043e19fbdadd1bee5153a.r2.dev/WBA/2015-10-28/form10k.htm/form10k.pdf",
    "periodicity": "periodic"
  },
  {
    "equity_ticker": "WBA",
    "geography": "US",
    "content_name": "WBA Q3 2015 10-Q",
    "file_type": "pdf",
    "content_type": "quarterly_report",
    "published_date": "2015-07-09",
    "fiscal_date": "2015-05-31",
    "fiscal_year": 2015,
    "fiscal_quarter": 3,
    "r2_url": "https://pub-2c783279b61043e19fbdadd1bee5153a.r2.dev/WBA/2015-07-09/form10q.htm/form10q.pdf",
    "periodicity": "periodic"
  },
  {
    "equity_ticker": "WBA",
    "geography": "US",
    "content_name": "WBA Q2 2015 10-Q",
    "file_type": "pdf",
    "content_type": "quarterly_report",
    "published_date": "2015-04-09",
    "fiscal_date": "2015-02-28",
    "fiscal_year": 2015,
    "fiscal_quarter": 2,
    "r2_url": "https://pub-2c783279b61043e19fbdadd1bee5153a.r2.dev/WBA/2015-04-09/form10q.htm/form10q.pdf",
    "periodicity": "periodic"
  },
  {
    "equity_ticker": "WBA",
    "geography": "US",
    "content_name": "WBA Q1 2015 10-Q",
    "file_type": "pdf",
    "content_type": "quarterly_report",
    "published_date": "2014-12-29",
    "fiscal_date": "2014-11-30",
    "fiscal_year": 2015,
    "fiscal_quarter": 1,
    "r2_url": "https://pub-2c783279b61043e19fbdadd1bee5153a.r2.dev/WBA/2014-12-29/form10q.htm/form10q.pdf",
    "periodicity": "periodic"
  }
]